lang,sentence_id,token_idx,expert_id
eng_Latn,0,0,60
eng_Latn,0,1,18
eng_Latn,0,2,14
eng_Latn,0,3,49
eng_Latn,0,4,49
eng_Latn,0,5,12
eng_Latn,0,6,61
spa_Latn,1,0,60
spa_Latn,1,1,19
spa_Latn,1,2,8
spa_Latn,1,3,10
spa_Latn,1,4,17
spa_Latn,1,5,19
spa_Latn,1,6,39
spa_Latn,1,7,39
spa_Latn,1,8,61
spa_Latn,1,9,8
spa_Latn,1,10,8
spa_Latn,1,11,19
spa_Latn,1,12,8
eng_Latn,2,0,60
eng_Latn,2,1,48
eng_Latn,2,2,18
eng_Latn,2,3,18
eng_Latn,2,4,63
eng_Latn,2,5,30
eng_Latn,2,6,30
eng_Latn,2,7,33
spa_Latn,3,0,60
spa_Latn,3,1,19
spa_Latn,3,2,17
spa_Latn,3,3,8
spa_Latn,3,4,8
spa_Latn,3,5,19
spa_Latn,3,6,34
spa_Latn,3,7,8
spa_Latn,3,8,49
eng_Latn,4,0,60
eng_Latn,4,1,51
eng_Latn,4,2,34
eng_Latn,4,3,54
eng_Latn,4,4,9
eng_Latn,4,5,17
eng_Latn,4,6,20
eng_Latn,4,7,62
eng_Latn,4,8,34
spa_Latn,5,0,60
spa_Latn,5,1,8
spa_Latn,5,2,8
spa_Latn,5,3,8
spa_Latn,5,4,47
spa_Latn,5,5,1
spa_Latn,5,6,19
spa_Latn,5,7,39
spa_Latn,5,8,10
spa_Latn,6,0,60
spa_Latn,6,1,8
spa_Latn,6,2,8
spa_Latn,6,3,8
spa_Latn,6,4,47
spa_Latn,6,5,19
spa_Latn,6,6,8
spa_Latn,7,0,60
spa_Latn,7,1,61
spa_Latn,7,2,26
spa_Latn,7,3,49
spa_Latn,7,4,39
spa_Latn,7,5,8
spa_Latn,7,6,19
spa_Latn,7,7,8
spa_Latn,7,8,8
spa_Latn,7,9,19
spa_Latn,7,10,8
spa_Latn,7,11,19
spa_Latn,7,12,1
spa_Latn,7,13,1
spa_Latn,8,0,60
spa_Latn,8,1,40
spa_Latn,8,2,8
spa_Latn,8,3,47
spa_Latn,8,4,7
spa_Latn,8,5,6
spa_Latn,8,6,6
spa_Latn,8,7,19
spa_Latn,8,8,47
spa_Latn,8,9,8
spa_Latn,9,0,60
spa_Latn,9,1,39
spa_Latn,9,2,34
spa_Latn,9,3,8
spa_Latn,9,4,8
spa_Latn,9,5,34
spa_Latn,9,6,34
spa_Latn,9,7,8
spa_Latn,9,8,35
spa_Latn,9,9,52
spa_Latn,9,10,7
spa_Latn,9,11,39
spa_Latn,9,12,34
spa_Latn,10,0,60
spa_Latn,10,1,60
spa_Latn,10,2,60
spa_Latn,10,3,47
spa_Latn,10,4,19
spa_Latn,10,5,16
spa_Latn,10,6,8
spa_Latn,10,7,16
spa_Latn,11,0,60
spa_Latn,11,1,8
spa_Latn,11,2,12
spa_Latn,11,3,19
spa_Latn,11,4,26
spa_Latn,11,5,49
spa_Latn,11,6,12
spa_Latn,11,7,49
spa_Latn,12,0,60
spa_Latn,12,1,47
spa_Latn,12,2,34
spa_Latn,12,3,29
spa_Latn,12,4,47
spa_Latn,12,5,8
spa_Latn,12,6,8
spa_Latn,12,7,19
spa_Latn,12,8,8
eng_Latn,13,0,60
eng_Latn,13,1,51
eng_Latn,13,2,26
eng_Latn,13,3,61
eng_Latn,13,4,49
spa_Latn,14,0,60
spa_Latn,14,1,8
spa_Latn,14,2,8
spa_Latn,14,3,34
spa_Latn,14,4,19
spa_Latn,14,5,8
spa_Latn,14,6,8
spa_Latn,14,7,28
spa_Latn,14,8,47
spa_Latn,14,9,47
spa_Latn,14,10,28
spa_Latn,14,11,28
spa_Latn,14,12,40
spa_Latn,14,13,11
spa_Latn,14,14,39
spa_Latn,15,0,60
spa_Latn,15,1,19
spa_Latn,15,2,57
spa_Latn,15,3,8
spa_Latn,15,4,47
spa_Latn,15,5,8
eng_Latn,16,0,60
eng_Latn,16,1,38
eng_Latn,16,2,15
eng_Latn,16,3,20
eng_Latn,16,4,38
eng_Latn,16,5,56
eng_Latn,16,6,61
eng_Latn,16,7,19
eng_Latn,16,8,51
spa_Latn,17,0,60
spa_Latn,17,1,47
spa_Latn,17,2,19
spa_Latn,17,3,37
spa_Latn,17,4,37
spa_Latn,17,5,22
spa_Latn,18,0,60
spa_Latn,18,1,17
spa_Latn,18,2,22
spa_Latn,18,3,19
spa_Latn,18,4,27
spa_Latn,18,5,16
spa_Latn,18,6,8
spa_Latn,18,7,28
spa_Latn,18,8,1
spa_Latn,18,9,19
spa_Latn,18,10,28
spa_Latn,18,11,52
spa_Latn,19,0,60
spa_Latn,19,1,8
spa_Latn,19,2,54
spa_Latn,19,3,37
spa_Latn,19,4,52
spa_Latn,20,0,60
spa_Latn,20,1,19
spa_Latn,20,2,26
spa_Latn,20,3,49
spa_Latn,20,4,8
spa_Latn,21,0,60
spa_Latn,21,1,57
spa_Latn,21,2,22
spa_Latn,21,3,19
spa_Latn,21,4,37
spa_Latn,21,5,40
spa_Latn,21,6,40
spa_Latn,21,7,49
spa_Latn,21,8,12
spa_Latn,21,9,19
spa_Latn,21,10,8
spa_Latn,21,11,11
spa_Latn,21,12,8
spa_Latn,21,13,8
spa_Latn,21,14,19
spa_Latn,21,15,8
spa_Latn,22,0,60
spa_Latn,22,1,33
spa_Latn,22,2,6
spa_Latn,22,3,19
spa_Latn,22,4,19
spa_Latn,22,5,8
spa_Latn,22,6,47
spa_Latn,22,7,47
spa_Latn,22,8,8
spa_Latn,22,9,1
spa_Latn,22,10,47
spa_Latn,22,11,46
spa_Latn,22,12,8
eng_Latn,23,0,60
eng_Latn,23,1,13
eng_Latn,23,2,13
eng_Latn,23,3,5
eng_Latn,23,4,7
eng_Latn,24,0,60
eng_Latn,24,1,56
eng_Latn,24,2,56
eng_Latn,24,3,16
eng_Latn,24,4,53
eng_Latn,24,5,34
eng_Latn,24,6,57
eng_Latn,24,7,51
spa_Latn,25,0,60
spa_Latn,25,1,40
spa_Latn,25,2,49
spa_Latn,25,3,12
spa_Latn,25,4,46
spa_Latn,25,5,8
spa_Latn,25,6,52
spa_Latn,25,7,1
spa_Latn,25,8,52
spa_Latn,25,9,1
spa_Latn,25,10,1
spa_Latn,25,11,19
spa_Latn,25,12,1
spa_Latn,26,0,60
spa_Latn,26,1,8
spa_Latn,26,2,8
spa_Latn,26,3,10
spa_Latn,26,4,8
spa_Latn,26,5,8
spa_Latn,26,6,8
spa_Latn,26,7,24
spa_Latn,26,8,19
spa_Latn,26,9,51
spa_Latn,26,10,8
spa_Latn,26,11,8
spa_Latn,26,12,15
spa_Latn,27,0,60
spa_Latn,27,1,8
spa_Latn,27,2,39
spa_Latn,27,3,8
spa_Latn,27,4,8
spa_Latn,28,0,60
spa_Latn,28,1,27
spa_Latn,28,2,8
spa_Latn,28,3,8
spa_Latn,28,4,24
spa_Latn,28,5,47
spa_Latn,28,6,47
spa_Latn,28,7,7
spa_Latn,28,8,8
spa_Latn,28,9,39
spa_Latn,28,10,8
spa_Latn,28,11,61
spa_Latn,28,12,34
spa_Latn,28,13,8
spa_Latn,28,14,47
spa_Latn,28,15,6
eng_Latn,29,0,60
eng_Latn,29,1,39
eng_Latn,29,2,24
eng_Latn,29,3,19
eng_Latn,29,4,19
eng_Latn,29,5,48
eng_Latn,29,6,56
eng_Latn,29,7,59
eng_Latn,29,8,40
eng_Latn,29,9,15
spa_Latn,30,0,60
spa_Latn,30,1,19
spa_Latn,30,2,39
spa_Latn,30,3,35
spa_Latn,30,4,8
spa_Latn,30,5,16
spa_Latn,30,6,19
spa_Latn,30,7,7
spa_Latn,30,8,8
spa_Latn,31,0,60
spa_Latn,31,1,22
spa_Latn,31,2,8
spa_Latn,31,3,12
spa_Latn,31,4,22
spa_Latn,31,5,61
spa_Latn,31,6,19
spa_Latn,31,7,8
spa_Latn,31,8,8
spa_Latn,31,9,19
spa_Latn,31,10,19
spa_Latn,31,11,8
spa_Latn,31,12,8
spa_Latn,31,13,10
spa_Latn,32,0,60
spa_Latn,32,1,8
spa_Latn,32,2,12
spa_Latn,32,3,19
spa_Latn,32,4,13
spa_Latn,33,0,60
spa_Latn,33,1,46
spa_Latn,33,2,8
spa_Latn,33,3,52
spa_Latn,33,4,8
spa_Latn,34,0,60
spa_Latn,34,1,13
spa_Latn,34,2,47
spa_Latn,34,3,39
spa_Latn,34,4,47
spa_Latn,34,5,13
spa_Latn,34,6,60
spa_Latn,34,7,8
spa_Latn,34,8,8
spa_Latn,34,9,8
spa_Latn,34,10,19
spa_Latn,34,11,8
spa_Latn,35,0,60
spa_Latn,35,1,1
spa_Latn,35,2,19
spa_Latn,35,3,49
spa_Latn,35,4,35
spa_Latn,35,5,7
spa_Latn,35,6,8
spa_Latn,35,7,24
spa_Latn,35,8,47
spa_Latn,35,9,19
spa_Latn,35,10,8
spa_Latn,35,11,8
spa_Latn,35,12,53
spa_Latn,35,13,3
spa_Latn,35,14,19
eng_Latn,36,0,60
eng_Latn,36,1,52
eng_Latn,36,2,57
eng_Latn,36,3,57
eng_Latn,36,4,12
eng_Latn,36,5,1
eng_Latn,36,6,19
eng_Latn,36,7,15
eng_Latn,36,8,56
eng_Latn,36,9,19
eng_Latn,36,10,52
eng_Latn,36,11,3
eng_Latn,36,12,3
eng_Latn,36,13,57
eng_Latn,36,14,46
spa_Latn,37,0,60
spa_Latn,37,1,8
spa_Latn,37,2,54
spa_Latn,37,3,19
spa_Latn,37,4,39
spa_Latn,37,5,8
spa_Latn,37,6,8
spa_Latn,37,7,19
spa_Latn,37,8,19
spa_Latn,37,9,8
spa_Latn,37,10,10
spa_Latn,37,11,39
spa_Latn,37,12,8
spa_Latn,37,13,8
spa_Latn,37,14,19
spa_Latn,37,15,19
spa_Latn,37,16,8
spa_Latn,38,0,60
spa_Latn,38,1,8
spa_Latn,38,2,19
spa_Latn,38,3,8
spa_Latn,38,4,8
spa_Latn,38,5,19
spa_Latn,38,6,8
spa_Latn,38,7,8
spa_Latn,38,8,8
spa_Latn,38,9,19
spa_Latn,38,10,19
spa_Latn,38,11,8
eng_Latn,39,0,60
eng_Latn,39,1,52
eng_Latn,39,2,48
eng_Latn,39,3,56
eng_Latn,39,4,14
eng_Latn,39,5,55
eng_Latn,39,6,19
eng_Latn,39,7,19
eng_Latn,39,8,63
spa_Latn,40,0,60
spa_Latn,40,1,27
spa_Latn,40,2,39
spa_Latn,40,3,8
spa_Latn,40,4,7
spa_Latn,41,0,60
spa_Latn,41,1,61
spa_Latn,41,2,8
spa_Latn,41,3,47
spa_Latn,41,4,8
spa_Latn,41,5,8
spa_Latn,41,6,8
spa_Latn,41,7,8
spa_Latn,41,8,8
spa_Latn,41,9,47
spa_Latn,41,10,8
spa_Latn,42,0,60
spa_Latn,42,1,8
spa_Latn,42,2,19
spa_Latn,42,3,8
spa_Latn,42,4,19
spa_Latn,42,5,8
spa_Latn,42,6,8
spa_Latn,42,7,61
spa_Latn,42,8,7
spa_Latn,42,9,8
spa_Latn,42,10,8
spa_Latn,42,11,8
spa_Latn,42,12,8
spa_Latn,42,13,8
eng_Latn,43,0,60
eng_Latn,43,1,54
eng_Latn,43,2,54
eng_Latn,43,3,54
eng_Latn,43,4,50
eng_Latn,43,5,16
eng_Latn,43,6,38
eng_Latn,43,7,4
eng_Latn,43,8,5
eng_Latn,43,9,18
eng_Latn,43,10,51
eng_Latn,43,11,42
eng_Latn,43,12,24
eng_Latn,43,13,29
eng_Latn,43,14,54
spa_Latn,44,0,60
spa_Latn,44,1,60
spa_Latn,44,2,27
spa_Latn,44,3,39
spa_Latn,44,4,8
spa_Latn,44,5,19
spa_Latn,44,6,8
spa_Latn,45,0,60
spa_Latn,45,1,8
spa_Latn,45,2,8
spa_Latn,45,3,39
spa_Latn,45,4,8
spa_Latn,45,5,8
spa_Latn,45,6,15
spa_Latn,45,7,19
spa_Latn,45,8,8
spa_Latn,45,9,8
spa_Latn,45,10,8
spa_Latn,45,11,57
eng_Latn,46,0,60
eng_Latn,46,1,9
eng_Latn,46,2,56
eng_Latn,46,3,41
eng_Latn,46,4,17
eng_Latn,46,5,20
eng_Latn,46,6,57
eng_Latn,46,7,15
eng_Latn,46,8,16
eng_Latn,46,9,8
eng_Latn,46,10,8
eng_Latn,46,11,15
eng_Latn,47,0,60
eng_Latn,47,1,40
eng_Latn,47,2,40
eng_Latn,47,3,59
eng_Latn,47,4,19
eng_Latn,47,5,48
eng_Latn,47,6,62
eng_Latn,47,7,46
eng_Latn,47,8,57
eng_Latn,47,9,62
spa_Latn,48,0,60
spa_Latn,48,1,19
spa_Latn,48,2,8
spa_Latn,48,3,8
spa_Latn,48,4,58
spa_Latn,48,5,12
spa_Latn,48,6,40
spa_Latn,48,7,1
spa_Latn,48,8,39
spa_Latn,48,9,39
spa_Latn,49,0,60
spa_Latn,49,1,47
spa_Latn,49,2,47
spa_Latn,49,3,27
spa_Latn,49,4,8
spa_Latn,49,5,8
spa_Latn,49,6,8
spa_Latn,49,7,8
spa_Latn,49,8,8
spa_Latn,49,9,8
spa_Latn,49,10,19
spa_Latn,49,11,8
spa_Latn,49,12,35
spa_Latn,49,13,19
spa_Latn,49,14,57
spa_Latn,49,15,19
spa_Latn,49,16,8
eng_Latn,50,0,60
eng_Latn,50,1,6
eng_Latn,50,2,48
eng_Latn,50,3,18
eng_Latn,50,4,63
spa_Latn,51,0,60
spa_Latn,51,1,16
spa_Latn,51,2,10
spa_Latn,51,3,8
spa_Latn,51,4,39
spa_Latn,51,5,34
spa_Latn,52,0,60
spa_Latn,52,1,40
spa_Latn,52,2,19
spa_Latn,52,3,39
spa_Latn,52,4,7
spa_Latn,53,0,60
spa_Latn,53,1,19
spa_Latn,53,2,13
spa_Latn,53,3,13
spa_Latn,53,4,13
spa_Latn,53,5,19
spa_Latn,53,6,19
spa_Latn,53,7,1
spa_Latn,53,8,19
spa_Latn,53,9,47
spa_Latn,53,10,13
spa_Latn,53,11,61
spa_Latn,53,12,19
spa_Latn,53,13,13
spa_Latn,53,14,8
spa_Latn,53,15,13
spa_Latn,53,16,47
spa_Latn,54,0,60
spa_Latn,54,1,40
spa_Latn,54,2,19
spa_Latn,54,3,8
spa_Latn,54,4,39
spa_Latn,54,5,63
spa_Latn,54,6,8
spa_Latn,54,7,13
spa_Latn,55,0,60
spa_Latn,55,1,6
spa_Latn,55,2,33
spa_Latn,55,3,22
spa_Latn,55,4,22
spa_Latn,55,5,22
spa_Latn,56,0,60
spa_Latn,56,1,19
spa_Latn,56,2,8
spa_Latn,56,3,19
spa_Latn,56,4,15
spa_Latn,56,5,8
spa_Latn,56,6,19
spa_Latn,56,7,8
spa_Latn,57,0,60
spa_Latn,57,1,8
spa_Latn,57,2,19
spa_Latn,57,3,8
spa_Latn,57,4,8
spa_Latn,57,5,8
spa_Latn,57,6,34
spa_Latn,57,7,8
spa_Latn,57,8,8
spa_Latn,57,9,8
spa_Latn,57,10,8
spa_Latn,57,11,19
spa_Latn,57,12,8
spa_Latn,57,13,8
eng_Latn,58,0,60
eng_Latn,58,1,19
eng_Latn,58,2,19
eng_Latn,58,3,15
eng_Latn,58,4,16
eng_Latn,58,5,33
eng_Latn,58,6,33
eng_Latn,58,7,33
eng_Latn,59,0,60
eng_Latn,59,1,9
eng_Latn,59,2,22
eng_Latn,59,3,11
eng_Latn,59,4,61
eng_Latn,59,5,47
eng_Latn,59,6,40
eng_Latn,59,7,5
eng_Latn,59,8,40
eng_Latn,59,9,30
eng_Latn,59,10,49
eng_Latn,60,0,60
eng_Latn,60,1,56
eng_Latn,60,2,51
eng_Latn,60,3,53
eng_Latn,60,4,57
eng_Latn,60,5,56
eng_Latn,60,6,19
eng_Latn,60,7,34
eng_Latn,60,8,20
eng_Latn,60,9,37
eng_Latn,60,10,41
eng_Latn,60,11,34
spa_Latn,61,0,60
spa_Latn,61,1,49
spa_Latn,61,2,61
spa_Latn,61,3,8
spa_Latn,61,4,8
spa_Latn,61,5,52
spa_Latn,61,6,19
spa_Latn,61,7,39
spa_Latn,61,8,8
spa_Latn,62,0,60
spa_Latn,62,1,8
spa_Latn,62,2,12
spa_Latn,62,3,22
spa_Latn,62,4,40
spa_Latn,62,5,47
spa_Latn,62,6,49
spa_Latn,62,7,19
spa_Latn,62,8,39
spa_Latn,62,9,49
spa_Latn,62,10,42
spa_Latn,62,11,9
spa_Latn,62,12,58
spa_Latn,62,13,39
spa_Latn,62,14,61
eng_Latn,63,0,60
eng_Latn,63,1,29
eng_Latn,63,2,34
eng_Latn,63,3,35
eng_Latn,63,4,34
spa_Latn,64,0,60
spa_Latn,64,1,47
spa_Latn,64,2,34
spa_Latn,64,3,29
spa_Latn,64,4,19
spa_Latn,64,5,19
spa_Latn,64,6,34
spa_Latn,64,7,11
spa_Latn,64,8,47
spa_Latn,65,0,60
spa_Latn,65,1,8
spa_Latn,65,2,8
spa_Latn,65,3,10
spa_Latn,65,4,56
spa_Latn,65,5,35
spa_Latn,65,6,47
spa_Latn,65,7,28
spa_Latn,65,8,19
spa_Latn,65,9,8
spa_Latn,65,10,63
spa_Latn,66,0,60
spa_Latn,66,1,27
spa_Latn,66,2,8
spa_Latn,66,3,8
spa_Latn,66,4,7
spa_Latn,66,5,8
spa_Latn,66,6,3
spa_Latn,66,7,47
spa_Latn,67,0,60
spa_Latn,67,1,19
spa_Latn,67,2,51
spa_Latn,67,3,39
spa_Latn,67,4,16
spa_Latn,67,5,8
spa_Latn,67,6,8
spa_Latn,67,7,8
spa_Latn,67,8,61
spa_Latn,67,9,8
spa_Latn,67,10,8
spa_Latn,67,11,61
spa_Latn,67,12,8
spa_Latn,67,13,8
spa_Latn,67,14,8
spa_Latn,67,15,8
spa_Latn,67,16,8
spa_Latn,68,0,60
spa_Latn,68,1,8
spa_Latn,68,2,8
spa_Latn,68,3,36
spa_Latn,68,4,39
spa_Latn,68,5,36
spa_Latn,68,6,36
spa_Latn,69,0,60
spa_Latn,69,1,19
spa_Latn,69,2,8
spa_Latn,69,3,8
spa_Latn,69,4,23
spa_Latn,69,5,8
spa_Latn,69,6,52
spa_Latn,70,0,60
spa_Latn,70,1,46
spa_Latn,70,2,8
spa_Latn,70,3,56
spa_Latn,70,4,19
spa_Latn,70,5,46
spa_Latn,70,6,63
spa_Latn,70,7,8
spa_Latn,70,8,19
spa_Latn,70,9,39
spa_Latn,70,10,63
spa_Latn,70,11,8
spa_Latn,70,12,8
spa_Latn,70,13,47
spa_Latn,70,14,63
spa_Latn,71,0,60
spa_Latn,71,1,22
spa_Latn,71,2,19
spa_Latn,71,3,8
spa_Latn,71,4,8
spa_Latn,71,5,8
spa_Latn,71,6,6
spa_Latn,71,7,39
spa_Latn,71,8,8
eng_Latn,72,0,60
eng_Latn,72,1,52
eng_Latn,72,2,31
eng_Latn,72,3,52
spa_Latn,73,0,60
spa_Latn,73,1,19
spa_Latn,73,2,8
spa_Latn,73,3,8
spa_Latn,73,4,8
spa_Latn,73,5,47
spa_Latn,73,6,8
spa_Latn,74,0,60
spa_Latn,74,1,49
spa_Latn,74,2,26
spa_Latn,74,3,49
spa_Latn,74,4,12
spa_Latn,74,5,26
spa_Latn,74,6,19
spa_Latn,74,7,40
spa_Latn,74,8,26
spa_Latn,74,9,49
spa_Latn,74,10,5
spa_Latn,75,0,60
spa_Latn,75,1,40
spa_Latn,75,2,7
spa_Latn,75,3,8
spa_Latn,75,4,24
spa_Latn,75,5,40
spa_Latn,75,6,40
spa_Latn,75,7,61
spa_Latn,76,0,60
spa_Latn,76,1,19
spa_Latn,76,2,8
spa_Latn,76,3,19
spa_Latn,76,4,8
spa_Latn,76,5,5
spa_Latn,76,6,27
spa_Latn,76,7,47
spa_Latn,76,8,8
spa_Latn,76,9,5
spa_Latn,76,10,3
spa_Latn,76,11,19
spa_Latn,77,0,60
spa_Latn,77,1,7
spa_Latn,77,2,19
spa_Latn,77,3,26
spa_Latn,77,4,61
spa_Latn,77,5,26
spa_Latn,77,6,49
spa_Latn,77,7,26
spa_Latn,77,8,49
spa_Latn,77,9,12
spa_Latn,77,10,40
spa_Latn,77,11,40
spa_Latn,77,12,7
spa_Latn,77,13,60
eng_Latn,78,0,60
eng_Latn,78,1,56
eng_Latn,78,2,35
eng_Latn,78,3,57
eng_Latn,78,4,20
eng_Latn,78,5,59
eng_Latn,78,6,57
eng_Latn,78,7,57
eng_Latn,78,8,59
eng_Latn,78,9,47
eng_Latn,78,10,15
spa_Latn,79,0,60
spa_Latn,79,1,19
spa_Latn,79,2,19
spa_Latn,79,3,10
spa_Latn,79,4,61
spa_Latn,79,5,19
spa_Latn,79,6,8
spa_Latn,79,7,52
spa_Latn,79,8,52
spa_Latn,79,9,19
spa_Latn,79,10,8
spa_Latn,79,11,19
spa_Latn,79,12,8
spa_Latn,79,13,8
spa_Latn,79,14,20
spa_Latn,79,15,8
spa_Latn,79,16,8
spa_Latn,79,17,24
spa_Latn,80,0,60
spa_Latn,80,1,40
spa_Latn,80,2,61
spa_Latn,80,3,26
spa_Latn,80,4,49
spa_Latn,81,0,60
spa_Latn,81,1,19
spa_Latn,81,2,39
spa_Latn,81,3,47
spa_Latn,81,4,8
spa_Latn,82,0,60
spa_Latn,82,1,15
spa_Latn,83,0,60
spa_Latn,83,1,9
spa_Latn,83,2,26
spa_Latn,83,3,19
spa_Latn,83,4,49
spa_Latn,83,5,26
spa_Latn,83,6,26
spa_Latn,83,7,49
spa_Latn,83,8,8
spa_Latn,83,9,12
spa_Latn,83,10,61
spa_Latn,83,11,39
spa_Latn,83,12,8
spa_Latn,83,13,40
spa_Latn,83,14,49
spa_Latn,84,0,60
spa_Latn,84,1,22
spa_Latn,84,2,11
spa_Latn,84,3,58
spa_Latn,84,4,61
spa_Latn,85,0,60
spa_Latn,85,1,19
spa_Latn,85,2,8
spa_Latn,85,3,8
spa_Latn,85,4,8
spa_Latn,85,5,47
spa_Latn,85,6,63
spa_Latn,85,7,8
spa_Latn,86,0,60
spa_Latn,86,1,19
spa_Latn,86,2,19
spa_Latn,86,3,8
spa_Latn,86,4,8
spa_Latn,86,5,9
spa_Latn,86,6,8
spa_Latn,86,7,52
spa_Latn,86,8,61
eng_Latn,87,0,60
eng_Latn,87,1,29
eng_Latn,87,2,18
eng_Latn,87,3,5
eng_Latn,87,4,18
eng_Latn,87,5,18
eng_Latn,87,6,16
eng_Latn,87,7,18
eng_Latn,87,8,56
eng_Latn,87,9,57
spa_Latn,88,0,60
spa_Latn,88,1,8
spa_Latn,88,2,61
spa_Latn,88,3,7
spa_Latn,88,4,8
spa_Latn,88,5,19
spa_Latn,88,6,8
spa_Latn,88,7,8
spa_Latn,88,8,8
spa_Latn,88,9,8
spa_Latn,88,10,8
spa_Latn,88,11,19
spa_Latn,88,12,8
spa_Latn,88,13,8
spa_Latn,89,0,60
spa_Latn,89,1,47
spa_Latn,89,2,47
spa_Latn,89,3,8
spa_Latn,89,4,8
spa_Latn,89,5,19
spa_Latn,89,6,39
spa_Latn,89,7,39
spa_Latn,89,8,30
spa_Latn,89,9,10
spa_Latn,89,10,1
spa_Latn,89,11,8
spa_Latn,89,12,8
spa_Latn,89,13,8
spa_Latn,89,14,52
spa_Latn,90,0,60
spa_Latn,90,1,8
spa_Latn,90,2,8
spa_Latn,90,3,1
spa_Latn,90,4,8
spa_Latn,90,5,56
spa_Latn,90,6,8
spa_Latn,90,7,8
spa_Latn,90,8,57
spa_Latn,90,9,7
spa_Latn,90,10,8
spa_Latn,90,11,8
spa_Latn,90,12,8
spa_Latn,90,13,24
spa_Latn,91,0,60
spa_Latn,91,1,57
spa_Latn,91,2,22
spa_Latn,91,3,22
spa_Latn,91,4,47
spa_Latn,91,5,49
spa_Latn,91,6,47
spa_Latn,91,7,13
spa_Latn,91,8,19
spa_Latn,91,9,8
spa_Latn,91,10,8
spa_Latn,91,11,8
spa_Latn,91,12,40
spa_Latn,91,13,8
spa_Latn,91,14,19
spa_Latn,91,15,8
spa_Latn,91,16,8
spa_Latn,92,0,60
spa_Latn,92,1,26
spa_Latn,92,2,19
spa_Latn,92,3,8
spa_Latn,92,4,8
spa_Latn,92,5,19
spa_Latn,92,6,19
spa_Latn,92,7,47
spa_Latn,92,8,39
spa_Latn,92,9,8
spa_Latn,92,10,8
spa_Latn,92,11,29
spa_Latn,92,12,8
spa_Latn,93,0,60
spa_Latn,93,1,19
spa_Latn,93,2,19
spa_Latn,93,3,8
spa_Latn,93,4,8
spa_Latn,93,5,47
spa_Latn,93,6,19
spa_Latn,93,7,39
spa_Latn,93,8,8
spa_Latn,94,0,60
spa_Latn,94,1,19
spa_Latn,94,2,8
spa_Latn,94,3,8
spa_Latn,94,4,29
spa_Latn,94,5,8
spa_Latn,94,6,39
spa_Latn,94,7,40
spa_Latn,94,8,26
spa_Latn,94,9,19
spa_Latn,94,10,19
spa_Latn,94,11,8
spa_Latn,95,0,60
spa_Latn,95,1,42
spa_Latn,95,2,22
spa_Latn,95,3,22
spa_Latn,95,4,22
spa_Latn,96,0,60
spa_Latn,96,1,46
spa_Latn,96,2,8
spa_Latn,96,3,8
spa_Latn,96,4,8
spa_Latn,96,5,19
spa_Latn,96,6,8
spa_Latn,97,0,60
spa_Latn,97,1,13
spa_Latn,97,2,39
spa_Latn,97,3,61
spa_Latn,97,4,8
spa_Latn,97,5,34
eng_Latn,98,0,60
eng_Latn,98,1,22
eng_Latn,98,2,41
eng_Latn,98,3,34
spa_Latn,99,0,60
spa_Latn,99,1,8
spa_Latn,99,2,19
spa_Latn,99,3,39
spa_Latn,99,4,8
spa_Latn,100,0,60
spa_Latn,100,1,61
spa_Latn,100,2,17
spa_Latn,100,3,31
spa_Latn,100,4,47
spa_Latn,100,5,19
spa_Latn,100,6,16
spa_Latn,100,7,34
spa_Latn,101,0,60
spa_Latn,101,1,40
spa_Latn,101,2,5
spa_Latn,101,3,7
spa_Latn,101,4,8
spa_Latn,101,5,61
spa_Latn,101,6,8
spa_Latn,101,7,8
spa_Latn,101,8,8
spa_Latn,101,9,8
spa_Latn,101,10,19
spa_Latn,101,11,8
spa_Latn,101,12,8
spa_Latn,101,13,8
spa_Latn,101,14,8
spa_Latn,102,0,60
spa_Latn,102,1,8
spa_Latn,102,2,19
spa_Latn,102,3,8
spa_Latn,102,4,8
spa_Latn,102,5,8
spa_Latn,102,6,8
spa_Latn,102,7,8
spa_Latn,102,8,46
spa_Latn,102,9,8
spa_Latn,103,0,60
spa_Latn,103,1,49
spa_Latn,103,2,54
spa_Latn,103,3,8
spa_Latn,104,0,60
spa_Latn,104,1,8
spa_Latn,104,2,47
spa_Latn,104,3,8
spa_Latn,104,4,10
spa_Latn,104,5,8
spa_Latn,104,6,8
spa_Latn,104,7,39
spa_Latn,104,8,16
spa_Latn,104,9,8
spa_Latn,104,10,19
spa_Latn,104,11,39
spa_Latn,104,12,8
spa_Latn,104,13,20
spa_Latn,105,0,60
spa_Latn,105,1,49
spa_Latn,105,2,8
spa_Latn,105,3,8
spa_Latn,105,4,8
spa_Latn,105,5,19
spa_Latn,105,6,8
spa_Latn,105,7,8
spa_Latn,105,8,8
spa_Latn,105,9,17
spa_Latn,105,10,39
spa_Latn,105,11,16
spa_Latn,105,12,8
spa_Latn,105,13,8
spa_Latn,105,14,8
spa_Latn,106,0,60
spa_Latn,106,1,19
spa_Latn,106,2,61
spa_Latn,106,3,19
spa_Latn,106,4,8
spa_Latn,106,5,8
spa_Latn,107,0,60
spa_Latn,107,1,19
spa_Latn,107,2,8
spa_Latn,107,3,8
spa_Latn,107,4,47
spa_Latn,107,5,8
spa_Latn,107,6,8
spa_Latn,107,7,19
spa_Latn,107,8,47
spa_Latn,107,9,8
spa_Latn,107,10,50
spa_Latn,107,11,47
spa_Latn,107,12,8
spa_Latn,107,13,8
spa_Latn,107,14,8
spa_Latn,107,15,8
eng_Latn,108,0,60
eng_Latn,108,1,38
eng_Latn,108,2,18
eng_Latn,108,3,41
eng_Latn,108,4,44
eng_Latn,108,5,44
eng_Latn,108,6,46
eng_Latn,109,0,60
eng_Latn,109,1,12
eng_Latn,109,2,42
eng_Latn,109,3,19
eng_Latn,109,4,22
eng_Latn,109,5,49
eng_Latn,109,6,9
eng_Latn,109,7,19
eng_Latn,109,8,8
spa_Latn,110,0,60
spa_Latn,110,1,19
spa_Latn,110,2,8
spa_Latn,110,3,8
spa_Latn,110,4,54
spa_Latn,110,5,8
spa_Latn,110,6,8
spa_Latn,110,7,8
spa_Latn,110,8,19
spa_Latn,110,9,8
spa_Latn,110,10,19
spa_Latn,110,11,8
spa_Latn,110,12,19
spa_Latn,110,13,8
spa_Latn,111,0,60
spa_Latn,111,1,39
spa_Latn,111,2,8
spa_Latn,111,3,19
spa_Latn,111,4,8
spa_Latn,111,5,56
spa_Latn,111,6,19
spa_Latn,111,7,8
spa_Latn,111,8,31
spa_Latn,111,9,8
spa_Latn,111,10,8
spa_Latn,112,0,60
spa_Latn,112,1,39
spa_Latn,112,2,51
spa_Latn,112,3,8
spa_Latn,112,4,39
spa_Latn,112,5,8
spa_Latn,112,6,8
spa_Latn,112,7,8
spa_Latn,113,0,60
spa_Latn,113,1,58
spa_Latn,113,2,19
spa_Latn,113,3,40
spa_Latn,113,4,1
spa_Latn,113,5,13
spa_Latn,114,0,60
spa_Latn,114,1,1
spa_Latn,114,2,19
spa_Latn,114,3,47
spa_Latn,114,4,39
spa_Latn,114,5,40
spa_Latn,115,0,60
spa_Latn,115,1,19
spa_Latn,115,2,19
spa_Latn,115,3,34
spa_Latn,115,4,29
spa_Latn,115,5,39
spa_Latn,115,6,34
spa_Latn,116,0,60
spa_Latn,116,1,22
spa_Latn,116,2,34
spa_Latn,116,3,22
spa_Latn,116,4,60
spa_Latn,116,5,58
spa_Latn,116,6,42
spa_Latn,116,7,61
spa_Latn,117,0,60
spa_Latn,117,1,1
spa_Latn,117,2,39
spa_Latn,117,3,19
spa_Latn,117,4,47
spa_Latn,117,5,8
spa_Latn,117,6,19
spa_Latn,117,7,8
spa_Latn,117,8,19
spa_Latn,117,9,8
spa_Latn,117,10,23
spa_Latn,117,11,8
spa_Latn,117,12,10
spa_Latn,117,13,8
spa_Latn,117,14,8
spa_Latn,118,0,60
spa_Latn,118,1,7
spa_Latn,118,2,19
spa_Latn,118,3,8
spa_Latn,118,4,8
spa_Latn,119,0,60
spa_Latn,119,1,8
spa_Latn,119,2,8
spa_Latn,119,3,19
spa_Latn,119,4,47
spa_Latn,119,5,8
spa_Latn,119,6,8
spa_Latn,119,7,8
spa_Latn,119,8,47
spa_Latn,119,9,8
spa_Latn,120,0,60
spa_Latn,120,1,27
spa_Latn,120,2,49
spa_Latn,120,3,5
spa_Latn,120,4,40
spa_Latn,120,5,61
spa_Latn,120,6,26
spa_Latn,120,7,26
spa_Latn,120,8,49
spa_Latn,121,0,60
spa_Latn,121,1,7
spa_Latn,121,2,8
spa_Latn,121,3,19
spa_Latn,121,4,36
spa_Latn,121,5,36
spa_Latn,121,6,19
spa_Latn,121,7,28
spa_Latn,121,8,6
spa_Latn,121,9,6
spa_Latn,122,0,60
spa_Latn,122,1,47
spa_Latn,122,2,8
spa_Latn,122,3,19
spa_Latn,122,4,39
spa_Latn,122,5,8
spa_Latn,123,0,60
spa_Latn,123,1,47
spa_Latn,123,2,49
spa_Latn,123,3,26
spa_Latn,123,4,26
spa_Latn,123,5,49
spa_Latn,123,6,26
spa_Latn,124,0,60
spa_Latn,124,1,47
spa_Latn,124,2,39
spa_Latn,124,3,8
eng_Latn,125,0,60
eng_Latn,125,1,18
eng_Latn,125,2,18
eng_Latn,125,3,20
eng_Latn,125,4,28
eng_Latn,125,5,34
eng_Latn,125,6,34
spa_Latn,126,0,60
spa_Latn,126,1,40
spa_Latn,126,2,26
spa_Latn,126,3,26
spa_Latn,126,4,49
spa_Latn,126,5,12
spa_Latn,126,6,7
spa_Latn,126,7,14
spa_Latn,126,8,8
spa_Latn,126,9,13
spa_Latn,126,10,49
spa_Latn,127,0,60
spa_Latn,127,1,13
spa_Latn,127,2,1
spa_Latn,127,3,1
spa_Latn,127,4,52
spa_Latn,128,0,60
spa_Latn,128,1,22
spa_Latn,128,2,22
spa_Latn,128,3,22
spa_Latn,128,4,12
spa_Latn,128,5,40
spa_Latn,129,0,60
spa_Latn,129,1,26
spa_Latn,129,2,39
spa_Latn,129,3,49
spa_Latn,129,4,8
spa_Latn,129,5,19
spa_Latn,129,6,39
spa_Latn,129,7,63
spa_Latn,129,8,37
spa_Latn,129,9,19
spa_Latn,129,10,8
spa_Latn,129,11,8
spa_Latn,129,12,8
spa_Latn,129,13,1
spa_Latn,129,14,52
spa_Latn,130,0,60
spa_Latn,130,1,26
spa_Latn,130,2,1
spa_Latn,130,3,19
spa_Latn,130,4,39
spa_Latn,130,5,8
spa_Latn,130,6,8
spa_Latn,130,7,37
spa_Latn,130,8,3
spa_Latn,130,9,19
spa_Latn,130,10,39
spa_Latn,130,11,7
spa_Latn,130,12,19
spa_Latn,130,13,47
spa_Latn,130,14,47
spa_Latn,130,15,8
eng_Latn,131,0,60
eng_Latn,131,1,19
eng_Latn,131,2,40
eng_Latn,131,3,49
eng_Latn,132,0,60
eng_Latn,132,1,40
eng_Latn,132,2,63
eng_Latn,133,0,60
eng_Latn,133,1,35
eng_Latn,133,2,17
spa_Latn,134,0,60
spa_Latn,134,1,54
spa_Latn,134,2,8
spa_Latn,134,3,8
spa_Latn,134,4,8
spa_Latn,134,5,8
spa_Latn,134,6,8
spa_Latn,134,7,8
spa_Latn,134,8,8
spa_Latn,134,9,16
spa_Latn,134,10,8
spa_Latn,134,11,8
spa_Latn,134,12,8
spa_Latn,134,13,9
spa_Latn,134,14,8
spa_Latn,135,0,60
spa_Latn,135,1,47
spa_Latn,135,2,40
spa_Latn,135,3,39
spa_Latn,135,4,52
spa_Latn,135,5,57
spa_Latn,135,6,37
spa_Latn,135,7,61
spa_Latn,135,8,8
spa_Latn,135,9,51
spa_Latn,135,10,8
spa_Latn,135,11,8
spa_Latn,135,12,8
spa_Latn,135,13,47
spa_Latn,135,14,47
spa_Latn,135,15,8
spa_Latn,136,0,60
spa_Latn,136,1,26
spa_Latn,136,2,8
spa_Latn,136,3,1
spa_Latn,136,4,8
spa_Latn,136,5,8
spa_Latn,136,6,8
spa_Latn,136,7,19
spa_Latn,136,8,8
spa_Latn,136,9,8
spa_Latn,136,10,19
spa_Latn,136,11,39
spa_Latn,136,12,8
eng_Latn,137,0,60
eng_Latn,137,1,9
eng_Latn,137,2,29
eng_Latn,137,3,54
eng_Latn,137,4,18
eng_Latn,137,5,48
eng_Latn,137,6,18
eng_Latn,137,7,34
spa_Latn,138,0,60
spa_Latn,138,1,9
spa_Latn,138,2,19
spa_Latn,138,3,8
spa_Latn,138,4,8
spa_Latn,138,5,8
spa_Latn,138,6,39
spa_Latn,139,0,60
spa_Latn,139,1,52
spa_Latn,139,2,47
spa_Latn,139,3,58
spa_Latn,139,4,47
spa_Latn,139,5,19
spa_Latn,139,6,6
spa_Latn,139,7,46
spa_Latn,139,8,39
spa_Latn,139,9,8
spa_Latn,139,10,8
spa_Latn,139,11,23
spa_Latn,140,0,60
spa_Latn,140,1,47
spa_Latn,140,2,8
spa_Latn,140,3,31
spa_Latn,140,4,8
spa_Latn,140,5,8
spa_Latn,140,6,39
spa_Latn,140,7,8
spa_Latn,140,8,19
spa_Latn,140,9,8
spa_Latn,140,10,23
spa_Latn,140,11,8
spa_Latn,140,12,8
spa_Latn,141,0,60
spa_Latn,141,1,19
spa_Latn,141,2,8
spa_Latn,141,3,8
spa_Latn,141,4,47
spa_Latn,141,5,19
spa_Latn,141,6,10
spa_Latn,141,7,8
spa_Latn,141,8,8
spa_Latn,141,9,8
spa_Latn,141,10,8
spa_Latn,141,11,8
spa_Latn,141,12,19
spa_Latn,141,13,39
spa_Latn,141,14,8
spa_Latn,141,15,8
spa_Latn,142,0,60
spa_Latn,142,1,19
spa_Latn,142,2,8
spa_Latn,142,3,8
spa_Latn,142,4,19
spa_Latn,142,5,19
spa_Latn,142,6,8
spa_Latn,142,7,8
spa_Latn,142,8,8
spa_Latn,142,9,47
spa_Latn,142,10,8
spa_Latn,143,0,60
spa_Latn,143,1,8
spa_Latn,143,2,1
spa_Latn,143,3,52
spa_Latn,144,0,60
spa_Latn,144,1,19
spa_Latn,144,2,19
spa_Latn,144,3,8
spa_Latn,144,4,47
spa_Latn,144,5,19
spa_Latn,144,6,8
spa_Latn,144,7,53
spa_Latn,144,8,26
spa_Latn,145,0,60
spa_Latn,145,1,39
spa_Latn,145,2,8
spa_Latn,145,3,8
spa_Latn,145,4,8
spa_Latn,145,5,47
spa_Latn,145,6,8
spa_Latn,145,7,8
spa_Latn,145,8,19
spa_Latn,145,9,19
spa_Latn,145,10,8
eng_Latn,146,0,60
eng_Latn,146,1,45
eng_Latn,146,2,20
eng_Latn,146,3,0
eng_Latn,146,4,53
eng_Latn,146,5,41
eng_Latn,146,6,21
eng_Latn,146,7,51
spa_Latn,147,0,60
spa_Latn,147,1,42
spa_Latn,147,2,22
spa_Latn,147,3,22
spa_Latn,148,0,60
spa_Latn,148,1,46
spa_Latn,148,2,22
spa_Latn,148,3,46
spa_Latn,148,4,35
spa_Latn,148,5,47
spa_Latn,148,6,8
spa_Latn,149,0,60
spa_Latn,149,1,8
spa_Latn,149,2,22
spa_Latn,149,3,22
spa_Latn,149,4,47
spa_Latn,149,5,19
spa_Latn,149,6,8
spa_Latn,149,7,8
spa_Latn,149,8,19
spa_Latn,149,9,8
spa_Latn,149,10,8
spa_Latn,149,11,52
spa_Latn,150,0,60
spa_Latn,150,1,19
spa_Latn,150,2,8
spa_Latn,150,3,8
spa_Latn,150,4,7
spa_Latn,150,5,8
spa_Latn,150,6,8
spa_Latn,150,7,61
spa_Latn,150,8,8
spa_Latn,150,9,8
spa_Latn,150,10,8
eng_Latn,151,0,60
eng_Latn,151,1,29
eng_Latn,151,2,34
spa_Latn,152,0,60
spa_Latn,152,1,61
spa_Latn,152,2,49
spa_Latn,152,3,8
spa_Latn,152,4,19
spa_Latn,152,5,8
spa_Latn,152,6,11
spa_Latn,152,7,22
spa_Latn,152,8,37
spa_Latn,152,9,52
spa_Latn,152,10,22
spa_Latn,152,11,22
spa_Latn,152,12,12
spa_Latn,152,13,8
spa_Latn,152,14,61
spa_Latn,152,15,8
spa_Latn,153,0,60
spa_Latn,153,1,26
spa_Latn,153,2,19
spa_Latn,153,3,8
spa_Latn,153,4,8
spa_Latn,153,5,8
spa_Latn,153,6,19
spa_Latn,153,7,8
spa_Latn,153,8,8
eng_Latn,154,0,60
eng_Latn,154,1,37
eng_Latn,154,2,12
eng_Latn,154,3,2
eng_Latn,154,4,47
spa_Latn,155,0,60
spa_Latn,155,1,52
spa_Latn,155,2,11
spa_Latn,155,3,36
spa_Latn,155,4,19
spa_Latn,155,5,8
spa_Latn,155,6,8
spa_Latn,155,7,37
spa_Latn,155,8,37
spa_Latn,155,9,1
spa_Latn,155,10,52
spa_Latn,155,11,1
spa_Latn,155,12,52
spa_Latn,155,13,12
spa_Latn,155,14,47
spa_Latn,155,15,52
spa_Latn,155,16,11
spa_Latn,155,17,52
spa_Latn,156,0,60
spa_Latn,156,1,52
spa_Latn,156,2,52
spa_Latn,156,3,52
spa_Latn,156,4,63
spa_Latn,157,0,60
spa_Latn,157,1,1
spa_Latn,157,2,8
spa_Latn,157,3,8
spa_Latn,157,4,8
spa_Latn,157,5,47
spa_Latn,157,6,19
spa_Latn,157,7,19
spa_Latn,157,8,30
eng_Latn,158,0,60
eng_Latn,158,1,20
eng_Latn,158,2,37
eng_Latn,158,3,40
eng_Latn,158,4,59
spa_Latn,159,0,60
spa_Latn,159,1,47
spa_Latn,159,2,22
spa_Latn,159,3,12
spa_Latn,159,4,22
spa_Latn,159,5,11
spa_Latn,159,6,22
spa_Latn,159,7,47
spa_Latn,159,8,63
spa_Latn,159,9,46
spa_Latn,159,10,63
eng_Latn,160,0,60
eng_Latn,160,1,1
eng_Latn,160,2,53
eng_Latn,160,3,52
eng_Latn,160,4,1
eng_Latn,160,5,52
eng_Latn,160,6,47
eng_Latn,161,0,60
eng_Latn,161,1,20
eng_Latn,161,2,37
eng_Latn,161,3,57
eng_Latn,161,4,52
eng_Latn,161,5,52
eng_Latn,161,6,1
eng_Latn,161,7,52
eng_Latn,161,8,52
eng_Latn,161,9,11
spa_Latn,162,0,60
spa_Latn,162,1,8
spa_Latn,162,2,8
spa_Latn,162,3,8
spa_Latn,163,0,60
spa_Latn,163,1,61
spa_Latn,163,2,8
spa_Latn,163,3,19
spa_Latn,163,4,8
spa_Latn,163,5,8
spa_Latn,163,6,47
eng_Latn,164,0,60
eng_Latn,164,1,54
eng_Latn,164,2,15
eng_Latn,164,3,53
eng_Latn,164,4,41
eng_Latn,164,5,17
spa_Latn,165,0,60
spa_Latn,165,1,47
spa_Latn,165,2,8
spa_Latn,165,3,19
spa_Latn,165,4,8
spa_Latn,165,5,8
spa_Latn,165,6,8
spa_Latn,165,7,19
spa_Latn,165,8,8
spa_Latn,166,0,60
spa_Latn,166,1,8
spa_Latn,166,2,49
spa_Latn,166,3,61
spa_Latn,166,4,8
spa_Latn,166,5,8
spa_Latn,166,6,51
spa_Latn,166,7,57
spa_Latn,166,8,39
spa_Latn,166,9,19
spa_Latn,166,10,8
spa_Latn,166,11,29
spa_Latn,166,12,16
spa_Latn,167,0,60
spa_Latn,167,1,49
spa_Latn,167,2,49
spa_Latn,168,0,60
spa_Latn,168,1,52
spa_Latn,168,2,19
spa_Latn,168,3,52
spa_Latn,169,0,60
spa_Latn,169,1,40
spa_Latn,169,2,19
spa_Latn,169,3,8
spa_Latn,169,4,40
spa_Latn,169,5,40
spa_Latn,169,6,8
spa_Latn,169,7,12
spa_Latn,169,8,52
spa_Latn,170,0,60
spa_Latn,170,1,14
spa_Latn,170,2,19
spa_Latn,170,3,40
spa_Latn,170,4,19
spa_Latn,170,5,49
eng_Latn,171,0,60
eng_Latn,171,1,9
eng_Latn,171,2,56
eng_Latn,171,3,35
eng_Latn,171,4,35
eng_Latn,171,5,57
eng_Latn,171,6,23
eng_Latn,171,7,46
spa_Latn,172,0,60
spa_Latn,172,1,19
spa_Latn,172,2,8
spa_Latn,172,3,8
spa_Latn,172,4,10
spa_Latn,172,5,39
spa_Latn,172,6,8
spa_Latn,172,7,8
spa_Latn,172,8,8
spa_Latn,172,9,19
spa_Latn,172,10,8
spa_Latn,173,0,60
spa_Latn,173,1,7
spa_Latn,173,2,8
spa_Latn,173,3,8
spa_Latn,173,4,47
spa_Latn,173,5,19
spa_Latn,173,6,40
spa_Latn,173,7,19
spa_Latn,173,8,40
spa_Latn,173,9,8
spa_Latn,173,10,47
spa_Latn,173,11,49
spa_Latn,173,12,12
spa_Latn,173,13,52
spa_Latn,173,14,52
spa_Latn,173,15,52
spa_Latn,173,16,37
spa_Latn,173,17,12
eng_Latn,174,0,60
eng_Latn,174,1,19
eng_Latn,174,2,40
eng_Latn,174,3,18
eng_Latn,174,4,14
eng_Latn,174,5,38
eng_Latn,174,6,40
eng_Latn,174,7,46
eng_Latn,174,8,47
eng_Latn,174,9,15
eng_Latn,174,10,12
eng_Latn,174,11,11
eng_Latn,174,12,19
eng_Latn,174,13,22
spa_Latn,175,0,60
spa_Latn,175,1,19
spa_Latn,175,2,39
spa_Latn,175,3,39
spa_Latn,175,4,8
spa_Latn,175,5,8
spa_Latn,175,6,8
spa_Latn,175,7,52
spa_Latn,175,8,7
spa_Latn,175,9,39
spa_Latn,175,10,8
spa_Latn,175,11,8
spa_Latn,175,12,8
spa_Latn,175,13,8
spa_Latn,175,14,8
spa_Latn,175,15,19
spa_Latn,175,16,8
spa_Latn,175,17,8
spa_Latn,176,0,60
spa_Latn,176,1,30
spa_Latn,176,2,33
spa_Latn,177,0,60
spa_Latn,177,1,52
spa_Latn,177,2,8
spa_Latn,177,3,53
spa_Latn,177,4,8
spa_Latn,177,5,7
spa_Latn,177,6,7
spa_Latn,177,7,8
spa_Latn,177,8,8
spa_Latn,177,9,8
spa_Latn,177,10,47
spa_Latn,177,11,8
spa_Latn,177,12,52
spa_Latn,178,0,60
spa_Latn,178,1,8
spa_Latn,178,2,12
spa_Latn,178,3,47
spa_Latn,178,4,22
spa_Latn,179,0,60
spa_Latn,179,1,61
spa_Latn,179,2,19
spa_Latn,179,3,7
spa_Latn,179,4,7
spa_Latn,179,5,27
spa_Latn,179,6,47
spa_Latn,179,7,7
spa_Latn,179,8,8
spa_Latn,179,9,12
spa_Latn,179,10,27
spa_Latn,179,11,47
spa_Latn,179,12,49
spa_Latn,179,13,5
spa_Latn,179,14,26
spa_Latn,179,15,27
spa_Latn,179,16,49
spa_Latn,179,17,12
spa_Latn,180,0,60
spa_Latn,180,1,57
spa_Latn,180,2,19
spa_Latn,180,3,47
spa_Latn,180,4,8
spa_Latn,181,0,60
spa_Latn,181,1,40
spa_Latn,181,2,19
spa_Latn,181,3,49
spa_Latn,181,4,12
spa_Latn,181,5,40
spa_Latn,181,6,40
spa_Latn,181,7,47
spa_Latn,181,8,19
spa_Latn,181,9,39
spa_Latn,181,10,16
spa_Latn,181,11,8
spa_Latn,181,12,61
spa_Latn,181,13,19
spa_Latn,181,14,8
spa_Latn,182,0,60
spa_Latn,182,1,8
spa_Latn,182,2,8
spa_Latn,182,3,19
spa_Latn,182,4,34
spa_Latn,182,5,8
spa_Latn,182,6,16
eng_Latn,183,0,60
eng_Latn,183,1,52
eng_Latn,183,2,57
eng_Latn,183,3,3
eng_Latn,183,4,3
eng_Latn,183,5,3
eng_Latn,183,6,19
eng_Latn,183,7,3
spa_Latn,184,0,60
spa_Latn,184,1,22
spa_Latn,184,2,52
spa_Latn,184,3,1
spa_Latn,184,4,52
spa_Latn,184,5,27
spa_Latn,184,6,52
spa_Latn,184,7,13
spa_Latn,184,8,8
spa_Latn,184,9,1
spa_Latn,184,10,8
spa_Latn,184,11,8
spa_Latn,184,12,47
spa_Latn,184,13,62
spa_Latn,185,0,60
spa_Latn,185,1,19
spa_Latn,185,2,8
spa_Latn,185,3,8
spa_Latn,185,4,1
spa_Latn,185,5,39
spa_Latn,185,6,8
spa_Latn,185,7,8
spa_Latn,185,8,19
spa_Latn,185,9,39
spa_Latn,185,10,8
eng_Latn,186,0,60
eng_Latn,186,1,49
eng_Latn,186,2,12
eng_Latn,186,3,39
spa_Latn,187,0,60
spa_Latn,187,1,8
spa_Latn,187,2,8
spa_Latn,187,3,39
spa_Latn,187,4,8
spa_Latn,187,5,8
spa_Latn,187,6,61
spa_Latn,187,7,39
spa_Latn,187,8,28
spa_Latn,187,9,52
eng_Latn,188,0,60
eng_Latn,188,1,22
eng_Latn,188,2,22
eng_Latn,188,3,22
eng_Latn,188,4,42
eng_Latn,188,5,29
eng_Latn,188,6,34
eng_Latn,188,7,9
eng_Latn,188,8,22
eng_Latn,188,9,51
spa_Latn,189,0,60
spa_Latn,189,1,57
spa_Latn,189,2,19
spa_Latn,189,3,19
spa_Latn,189,4,7
spa_Latn,189,5,22
spa_Latn,189,6,47
spa_Latn,189,7,22
spa_Latn,189,8,8
spa_Latn,190,0,60
spa_Latn,190,1,42
spa_Latn,190,2,22
spa_Latn,190,3,40
spa_Latn,190,4,40
spa_Latn,190,5,22
spa_Latn,190,6,22
spa_Latn,190,7,40
spa_Latn,190,8,34
spa_Latn,190,9,39
spa_Latn,191,0,60
spa_Latn,191,1,61
spa_Latn,191,2,8
spa_Latn,191,3,8
spa_Latn,191,4,52
spa_Latn,191,5,1
spa_Latn,191,6,52
spa_Latn,191,7,34
spa_Latn,192,0,60
spa_Latn,192,1,61
spa_Latn,192,2,17
spa_Latn,192,3,17
spa_Latn,192,4,39
spa_Latn,192,5,8
spa_Latn,192,6,8
spa_Latn,192,7,8
spa_Latn,192,8,8
spa_Latn,193,0,60
spa_Latn,193,1,61
spa_Latn,193,2,27
spa_Latn,193,3,49
spa_Latn,193,4,8
spa_Latn,193,5,8
spa_Latn,193,6,61
spa_Latn,193,7,19
spa_Latn,193,8,8
eng_Latn,194,0,60
eng_Latn,194,1,22
eng_Latn,194,2,53
eng_Latn,194,3,46
eng_Latn,194,4,15
spa_Latn,195,0,60
spa_Latn,195,1,19
spa_Latn,195,2,47
spa_Latn,195,3,40
spa_Latn,195,4,8
spa_Latn,195,5,19
spa_Latn,195,6,39
spa_Latn,196,0,60
spa_Latn,196,1,8
spa_Latn,196,2,1
spa_Latn,196,3,17
spa_Latn,196,4,8
spa_Latn,196,5,39
spa_Latn,196,6,8
spa_Latn,196,7,39
spa_Latn,196,8,8
spa_Latn,197,0,60
spa_Latn,197,1,27
spa_Latn,197,2,61
spa_Latn,197,3,8
spa_Latn,197,4,8
spa_Latn,197,5,8
spa_Latn,197,6,63
spa_Latn,197,7,20
spa_Latn,197,8,35
spa_Latn,197,9,1
spa_Latn,197,10,8
eng_Latn,198,0,60
eng_Latn,198,1,14
eng_Latn,198,2,19
eng_Latn,198,3,40
eng_Latn,198,4,18
spa_Latn,199,0,60
spa_Latn,199,1,19
spa_Latn,199,2,8
spa_Latn,199,3,8
spa_Latn,199,4,8
spa_Latn,199,5,19
spa_Latn,199,6,47
spa_Latn,199,7,8
eng_Latn,200,0,60
eng_Latn,200,1,22
eng_Latn,200,2,61
eng_Latn,200,3,19
eng_Latn,200,4,40
eng_Latn,200,5,53
eng_Latn,200,6,3
eng_Latn,200,7,63
spa_Latn,201,0,60
spa_Latn,201,1,47
spa_Latn,201,2,8
spa_Latn,201,3,8
spa_Latn,201,4,8
spa_Latn,201,5,9
spa_Latn,202,0,60
spa_Latn,202,1,8
spa_Latn,202,2,61
spa_Latn,202,3,34
spa_Latn,202,4,34
spa_Latn,202,5,8
spa_Latn,202,6,19
spa_Latn,202,7,29
spa_Latn,203,0,60
spa_Latn,203,1,61
spa_Latn,203,2,52
spa_Latn,203,3,8
spa_Latn,203,4,8
spa_Latn,203,5,47
spa_Latn,203,6,19
spa_Latn,203,7,8
eng_Latn,204,0,60
eng_Latn,204,1,4
eng_Latn,204,2,56
eng_Latn,204,3,29
eng_Latn,204,4,51
eng_Latn,205,0,60
eng_Latn,205,1,50
eng_Latn,205,2,16
eng_Latn,206,0,60
eng_Latn,206,1,4
eng_Latn,206,2,54
eng_Latn,206,3,48
eng_Latn,206,4,9
eng_Latn,206,5,56
eng_Latn,206,6,35
eng_Latn,206,7,35
eng_Latn,206,8,57
eng_Latn,206,9,2
eng_Latn,206,10,27
eng_Latn,206,11,26
eng_Latn,206,12,50
eng_Latn,206,13,16
spa_Latn,207,0,60
spa_Latn,207,1,8
spa_Latn,207,2,19
spa_Latn,207,3,8
spa_Latn,207,4,8
spa_Latn,207,5,54
spa_Latn,207,6,8
spa_Latn,207,7,8
spa_Latn,207,8,8
spa_Latn,207,9,61
spa_Latn,207,10,8
spa_Latn,207,11,8
spa_Latn,207,12,8
spa_Latn,207,13,52
spa_Latn,208,0,60
spa_Latn,208,1,22
spa_Latn,208,2,22
spa_Latn,208,3,22
spa_Latn,208,4,22
spa_Latn,208,5,19
spa_Latn,208,6,40
spa_Latn,208,7,5
spa_Latn,208,8,49
spa_Latn,208,9,34
spa_Latn,209,0,60
spa_Latn,209,1,7
spa_Latn,209,2,12
spa_Latn,209,3,47
spa_Latn,209,4,8
spa_Latn,209,5,43
spa_Latn,209,6,19
spa_Latn,209,7,8
spa_Latn,209,8,42
spa_Latn,209,9,61
spa_Latn,209,10,43
spa_Latn,209,11,27
spa_Latn,209,12,47
spa_Latn,209,13,47
spa_Latn,209,14,7
spa_Latn,209,15,12
spa_Latn,209,16,52
spa_Latn,209,17,19
spa_Latn,209,18,8
spa_Latn,210,0,60
spa_Latn,210,1,40
spa_Latn,210,2,40
spa_Latn,210,3,22
spa_Latn,210,4,60
spa_Latn,210,5,12
spa_Latn,210,6,47
spa_Latn,210,7,60
spa_Latn,211,0,60
spa_Latn,211,1,8
spa_Latn,211,2,8
spa_Latn,211,3,8
spa_Latn,211,4,8
spa_Latn,211,5,10
eng_Latn,212,0,60
eng_Latn,212,1,9
eng_Latn,212,2,9
eng_Latn,212,3,31
eng_Latn,212,4,51
eng_Latn,212,5,54
eng_Latn,212,6,18
eng_Latn,212,7,4
eng_Latn,212,8,61
eng_Latn,212,9,47
eng_Latn,212,10,34
eng_Latn,212,11,53
eng_Latn,212,12,34
spa_Latn,213,0,60
spa_Latn,213,1,39
spa_Latn,213,2,8
spa_Latn,213,3,8
spa_Latn,213,4,39
spa_Latn,213,5,8
spa_Latn,213,6,19
spa_Latn,213,7,39
spa_Latn,213,8,8
eng_Latn,214,0,60
eng_Latn,214,1,22
eng_Latn,214,2,15
eng_Latn,214,3,11
eng_Latn,214,4,52
eng_Latn,214,5,3
eng_Latn,214,6,48
spa_Latn,215,0,60
spa_Latn,215,1,19
spa_Latn,215,2,19
spa_Latn,215,3,34
spa_Latn,215,4,39
spa_Latn,215,5,8
spa_Latn,215,6,8
spa_Latn,216,0,60
spa_Latn,216,1,61
spa_Latn,216,2,19
spa_Latn,216,3,8
spa_Latn,216,4,8
spa_Latn,216,5,52
spa_Latn,217,0,60
spa_Latn,217,1,47
spa_Latn,217,2,8
spa_Latn,217,3,13
spa_Latn,218,0,60
spa_Latn,218,1,58
spa_Latn,218,2,13
spa_Latn,218,3,47
spa_Latn,218,4,13
spa_Latn,218,5,39
spa_Latn,218,6,8
spa_Latn,218,7,1
spa_Latn,218,8,19
spa_Latn,218,9,8
spa_Latn,218,10,1
spa_Latn,218,11,52
eng_Latn,219,0,60
eng_Latn,219,1,19
eng_Latn,219,2,40
eng_Latn,219,3,18
eng_Latn,219,4,2
eng_Latn,219,5,37
eng_Latn,219,6,38
eng_Latn,219,7,46
eng_Latn,219,8,12
eng_Latn,219,9,40
eng_Latn,219,10,7
spa_Latn,220,0,60
spa_Latn,220,1,47
spa_Latn,220,2,13
spa_Latn,220,3,54
spa_Latn,220,4,8
spa_Latn,220,5,8
spa_Latn,221,0,60
spa_Latn,221,1,19
spa_Latn,221,2,34
spa_Latn,221,3,27
spa_Latn,221,4,40
spa_Latn,222,0,60
spa_Latn,222,1,13
spa_Latn,222,2,13
spa_Latn,222,3,13
spa_Latn,222,4,19
spa_Latn,222,5,52
spa_Latn,223,0,60
spa_Latn,223,1,61
spa_Latn,223,2,8
spa_Latn,223,3,8
spa_Latn,223,4,19
spa_Latn,223,5,39
spa_Latn,223,6,34
spa_Latn,223,7,8
spa_Latn,223,8,1
spa_Latn,223,9,8
spa_Latn,223,10,34
spa_Latn,224,0,60
spa_Latn,224,1,8
spa_Latn,224,2,8
spa_Latn,224,3,19
spa_Latn,224,4,19
spa_Latn,224,5,8
spa_Latn,224,6,9
spa_Latn,224,7,8
spa_Latn,224,8,19
spa_Latn,224,9,19
spa_Latn,224,10,8
spa_Latn,224,11,8
spa_Latn,225,0,60
spa_Latn,225,1,19
spa_Latn,225,2,39
spa_Latn,225,3,8
spa_Latn,225,4,8
spa_Latn,225,5,8
eng_Latn,226,0,60
eng_Latn,226,1,4
eng_Latn,226,2,9
eng_Latn,226,3,56
eng_Latn,226,4,54
eng_Latn,226,5,41
eng_Latn,226,6,19
eng_Latn,226,7,4
eng_Latn,226,8,53
eng_Latn,226,9,35
eng_Latn,226,10,8
eng_Latn,226,11,4
spa_Latn,227,0,60
spa_Latn,227,1,8
spa_Latn,227,2,8
spa_Latn,227,3,19
spa_Latn,227,4,47
spa_Latn,227,5,8
spa_Latn,227,6,8
spa_Latn,227,7,19
spa_Latn,227,8,8
spa_Latn,227,9,8
spa_Latn,228,0,60
spa_Latn,228,1,19
spa_Latn,228,2,49
spa_Latn,228,3,49
spa_Latn,228,4,22
spa_Latn,228,5,59
spa_Latn,228,6,19
spa_Latn,228,7,19
spa_Latn,228,8,49
eng_Latn,229,0,60
eng_Latn,229,1,45
eng_Latn,229,2,63
spa_Latn,230,0,60
spa_Latn,230,1,19
spa_Latn,230,2,8
spa_Latn,230,3,8
spa_Latn,230,4,8
spa_Latn,230,5,24
spa_Latn,231,0,60
spa_Latn,231,1,40
spa_Latn,231,2,63
spa_Latn,231,3,8
spa_Latn,231,4,1
spa_Latn,231,5,8
spa_Latn,231,6,8
spa_Latn,231,7,61
spa_Latn,231,8,8
spa_Latn,232,0,60
spa_Latn,232,1,26
spa_Latn,232,2,47
spa_Latn,232,3,13
spa_Latn,232,4,13
spa_Latn,232,5,47
spa_Latn,232,6,19
spa_Latn,232,7,47
spa_Latn,232,8,39
spa_Latn,232,9,8
spa_Latn,232,10,47
spa_Latn,232,11,61
spa_Latn,232,12,39
spa_Latn,232,13,39
spa_Latn,232,14,13
spa_Latn,233,0,60
spa_Latn,233,1,47
spa_Latn,233,2,47
spa_Latn,233,3,39
spa_Latn,233,4,58
spa_Latn,233,5,58
spa_Latn,233,6,60
spa_Latn,233,7,1
spa_Latn,233,8,47
spa_Latn,233,9,8
spa_Latn,233,10,7
spa_Latn,233,11,8
spa_Latn,234,0,60
spa_Latn,234,1,8
spa_Latn,234,2,47
spa_Latn,234,3,47
spa_Latn,234,4,54
spa_Latn,234,5,8
spa_Latn,234,6,19
spa_Latn,234,7,39
spa_Latn,234,8,8
spa_Latn,234,9,53
spa_Latn,234,10,8
spa_Latn,234,11,57
spa_Latn,234,12,8
spa_Latn,235,0,60
spa_Latn,235,1,40
spa_Latn,235,2,52
spa_Latn,235,3,1
spa_Latn,235,4,52
spa_Latn,236,0,60
spa_Latn,236,1,52
spa_Latn,236,2,19
spa_Latn,236,3,19
spa_Latn,236,4,8
spa_Latn,236,5,8
spa_Latn,236,6,43
spa_Latn,236,7,52
spa_Latn,236,8,8
spa_Latn,236,9,8
spa_Latn,236,10,1
spa_Latn,236,11,52
spa_Latn,237,0,60
spa_Latn,237,1,47
spa_Latn,237,2,39
spa_Latn,237,3,8
spa_Latn,237,4,56
spa_Latn,237,5,8
spa_Latn,237,6,8
spa_Latn,237,7,8
spa_Latn,237,8,19
spa_Latn,237,9,8
spa_Latn,238,0,60
spa_Latn,238,1,40
spa_Latn,238,2,26
spa_Latn,238,3,47
spa_Latn,238,4,19
spa_Latn,238,5,34
spa_Latn,238,6,8
spa_Latn,239,0,60
spa_Latn,239,1,54
spa_Latn,239,2,8
spa_Latn,239,3,19
spa_Latn,239,4,8
spa_Latn,239,5,52
spa_Latn,240,0,60
spa_Latn,240,1,19
spa_Latn,240,2,8
spa_Latn,240,3,8
spa_Latn,240,4,10
spa_Latn,240,5,19
spa_Latn,240,6,39
spa_Latn,240,7,8
spa_Latn,240,8,20
spa_Latn,240,9,8
spa_Latn,240,10,19
spa_Latn,240,11,8
spa_Latn,240,12,8
spa_Latn,240,13,61
spa_Latn,240,14,8
spa_Latn,240,15,39
eng_Latn,241,0,60
eng_Latn,241,1,20
eng_Latn,241,2,41
eng_Latn,241,3,57
eng_Latn,241,4,45
eng_Latn,241,5,18
eng_Latn,241,6,23
eng_Latn,241,7,43
eng_Latn,241,8,20
eng_Latn,241,9,33
eng_Latn,241,10,24
eng_Latn,241,11,33
eng_Latn,241,12,33
spa_Latn,242,0,60
spa_Latn,242,1,26
spa_Latn,242,2,47
spa_Latn,242,3,27
spa_Latn,242,4,61
spa_Latn,242,5,8
eng_Latn,243,0,60
eng_Latn,243,1,9
eng_Latn,243,2,56
eng_Latn,243,3,54
eng_Latn,243,4,50
eng_Latn,243,5,20
eng_Latn,243,6,57
eng_Latn,243,7,41
spa_Latn,244,0,60
spa_Latn,244,1,26
spa_Latn,244,2,8
spa_Latn,244,3,24
spa_Latn,244,4,8
spa_Latn,244,5,8
spa_Latn,244,6,8
spa_Latn,244,7,52
spa_Latn,245,0,60
spa_Latn,245,1,47
spa_Latn,245,2,19
spa_Latn,245,3,40
spa_Latn,245,4,27
spa_Latn,245,5,47
spa_Latn,245,6,49
spa_Latn,245,7,12
spa_Latn,245,8,19
spa_Latn,245,9,47
spa_Latn,245,10,49
eng_Latn,246,0,60
eng_Latn,246,1,37
eng_Latn,246,2,37
eng_Latn,246,3,52
eng_Latn,246,4,37
spa_Latn,247,0,60
spa_Latn,247,1,8
spa_Latn,247,2,12
spa_Latn,247,3,58
spa_Latn,247,4,12
spa_Latn,247,5,61
spa_Latn,248,0,60
spa_Latn,248,1,9
spa_Latn,248,2,17
spa_Latn,248,3,39
spa_Latn,248,4,34
eng_Latn,249,0,60
eng_Latn,249,1,39
eng_Latn,249,2,47
eng_Latn,249,3,34
spa_Latn,250,0,60
spa_Latn,250,1,19
spa_Latn,250,2,8
spa_Latn,250,3,19
spa_Latn,250,4,8
spa_Latn,250,5,63
spa_Latn,250,6,37
spa_Latn,251,0,60
spa_Latn,251,1,8
spa_Latn,251,2,12
spa_Latn,251,3,40
spa_Latn,251,4,47
spa_Latn,251,5,47
spa_Latn,251,6,47
spa_Latn,251,7,49
spa_Latn,252,0,60
spa_Latn,252,1,19
spa_Latn,252,2,8
spa_Latn,252,3,8
spa_Latn,252,4,8
spa_Latn,253,0,60
spa_Latn,253,1,19
spa_Latn,253,2,39
spa_Latn,253,3,39
spa_Latn,253,4,34
spa_Latn,253,5,42
spa_Latn,253,6,19
spa_Latn,253,7,39
spa_Latn,253,8,8
spa_Latn,253,9,19
spa_Latn,254,0,60
spa_Latn,254,1,27
spa_Latn,254,2,52
spa_Latn,254,3,8
spa_Latn,254,4,8
spa_Latn,254,5,8
spa_Latn,254,6,8
spa_Latn,254,7,19
spa_Latn,254,8,37
spa_Latn,255,0,60
spa_Latn,255,1,13
spa_Latn,255,2,13
spa_Latn,255,3,12
spa_Latn,255,4,19
spa_Latn,255,5,22
spa_Latn,255,6,22
spa_Latn,255,7,8
spa_Latn,255,8,19
spa_Latn,255,9,34
spa_Latn,255,10,8
spa_Latn,255,11,8
spa_Latn,255,12,19
spa_Latn,255,13,19
spa_Latn,255,14,39
spa_Latn,255,15,34
spa_Latn,256,0,60
spa_Latn,256,1,19
spa_Latn,256,2,8
spa_Latn,256,3,16
spa_Latn,256,4,51
spa_Latn,256,5,19
spa_Latn,256,6,8
spa_Latn,256,7,54
spa_Latn,256,8,8
spa_Latn,257,0,60
spa_Latn,257,1,8
spa_Latn,257,2,8
spa_Latn,257,3,19
spa_Latn,257,4,39
spa_Latn,257,5,8
spa_Latn,258,0,60
spa_Latn,258,1,16
spa_Latn,258,2,10
spa_Latn,258,3,8
spa_Latn,258,4,29
spa_Latn,258,5,47
spa_Latn,258,6,8
spa_Latn,258,7,8
spa_Latn,258,8,19
spa_Latn,258,9,19
spa_Latn,258,10,8
spa_Latn,259,0,60
spa_Latn,259,1,6
spa_Latn,259,2,34
spa_Latn,259,3,8
spa_Latn,259,4,19
spa_Latn,259,5,8
spa_Latn,259,6,16
eng_Latn,260,0,60
eng_Latn,260,1,52
eng_Latn,260,2,53
eng_Latn,260,3,38
eng_Latn,260,4,52
eng_Latn,260,5,34
eng_Latn,260,6,61
eng_Latn,260,7,16
eng_Latn,260,8,35
eng_Latn,260,9,19
eng_Latn,260,10,15
eng_Latn,261,0,60
eng_Latn,261,1,22
eng_Latn,261,2,34
eng_Latn,261,3,20
eng_Latn,261,4,34
eng_Latn,261,5,34
eng_Latn,261,6,11
spa_Latn,262,0,60
spa_Latn,262,1,8
spa_Latn,262,2,7
spa_Latn,262,3,19
spa_Latn,262,4,47
spa_Latn,262,5,19
spa_Latn,262,6,7
eng_Latn,263,0,60
eng_Latn,263,1,18
eng_Latn,263,2,16
eng_Latn,263,3,38
eng_Latn,263,4,46
eng_Latn,263,5,20
eng_Latn,263,6,38
eng_Latn,263,7,15
eng_Latn,264,0,60
eng_Latn,264,1,40
eng_Latn,264,2,19
eng_Latn,264,3,7
eng_Latn,264,4,52
eng_Latn,264,5,1
eng_Latn,264,6,52
eng_Latn,264,7,37
eng_Latn,264,8,1
eng_Latn,264,9,9
eng_Latn,264,10,1
spa_Latn,265,0,60
spa_Latn,265,1,8
spa_Latn,265,2,47
spa_Latn,265,3,8
spa_Latn,265,4,19
spa_Latn,265,5,47
spa_Latn,265,6,19
spa_Latn,265,7,19
spa_Latn,265,8,8
eng_Latn,266,0,60
eng_Latn,266,1,38
eng_Latn,266,2,38
eng_Latn,266,3,20
eng_Latn,266,4,40
eng_Latn,266,5,16
eng_Latn,266,6,57
eng_Latn,266,7,57
spa_Latn,267,0,60
spa_Latn,267,1,8
spa_Latn,267,2,8
spa_Latn,267,3,39
spa_Latn,267,4,16
spa_Latn,267,5,8
spa_Latn,267,6,19
spa_Latn,267,7,8
spa_Latn,267,8,8
spa_Latn,268,0,60
spa_Latn,268,1,19
spa_Latn,268,2,22
spa_Latn,268,3,22
spa_Latn,268,4,47
spa_Latn,268,5,40
spa_Latn,268,6,19
spa_Latn,268,7,49
spa_Latn,268,8,8
spa_Latn,268,9,8
spa_Latn,268,10,19
spa_Latn,268,11,49
spa_Latn,268,12,19
spa_Latn,268,13,49
spa_Latn,268,14,37
spa_Latn,268,15,27
spa_Latn,269,0,60
spa_Latn,269,1,22
spa_Latn,269,2,19
spa_Latn,269,3,22
spa_Latn,269,4,12
spa_Latn,269,5,19
spa_Latn,269,6,8
spa_Latn,269,7,52
spa_Latn,269,8,19
spa_Latn,269,9,30
spa_Latn,269,10,30
spa_Latn,269,11,19
spa_Latn,269,12,7
spa_Latn,269,13,19
spa_Latn,269,14,39
spa_Latn,270,0,60
spa_Latn,270,1,47
spa_Latn,270,2,8
spa_Latn,270,3,8
spa_Latn,271,0,60
spa_Latn,271,1,61
spa_Latn,271,2,17
spa_Latn,271,3,39
spa_Latn,271,4,39
spa_Latn,271,5,8
spa_Latn,271,6,8
spa_Latn,271,7,8
spa_Latn,271,8,8
spa_Latn,271,9,39
spa_Latn,271,10,8
spa_Latn,271,11,8
spa_Latn,271,12,19
spa_Latn,271,13,8
spa_Latn,271,14,8
spa_Latn,272,0,60
spa_Latn,272,1,40
spa_Latn,272,2,47
spa_Latn,272,3,7
spa_Latn,273,0,60
spa_Latn,273,1,8
spa_Latn,273,2,8
spa_Latn,273,3,8
spa_Latn,273,4,8
spa_Latn,273,5,8
spa_Latn,273,6,8
spa_Latn,273,7,6
spa_Latn,273,8,6
spa_Latn,273,9,6
spa_Latn,274,0,60
spa_Latn,274,1,19
spa_Latn,274,2,39
spa_Latn,274,3,7
spa_Latn,274,4,12
spa_Latn,274,5,47
spa_Latn,274,6,8
spa_Latn,274,7,8
spa_Latn,275,0,60
spa_Latn,275,1,61
spa_Latn,275,2,8
spa_Latn,275,3,8
spa_Latn,275,4,8
spa_Latn,275,5,8
spa_Latn,275,6,15
spa_Latn,275,7,8
spa_Latn,275,8,47
spa_Latn,275,9,19
spa_Latn,275,10,8
spa_Latn,275,11,47
spa_Latn,275,12,47
spa_Latn,275,13,19
spa_Latn,275,14,8
spa_Latn,276,0,60
spa_Latn,276,1,8
spa_Latn,276,2,8
spa_Latn,276,3,19
spa_Latn,276,4,8
spa_Latn,276,5,8
spa_Latn,276,6,1
spa_Latn,276,7,8
spa_Latn,277,0,60
spa_Latn,277,1,39
spa_Latn,277,2,19
spa_Latn,277,3,8
spa_Latn,277,4,19
spa_Latn,277,5,8
spa_Latn,277,6,8
spa_Latn,277,7,8
spa_Latn,277,8,8
spa_Latn,277,9,19
spa_Latn,277,10,19
spa_Latn,277,11,8
spa_Latn,278,0,60
spa_Latn,278,1,8
spa_Latn,278,2,29
spa_Latn,278,3,8
spa_Latn,278,4,8
spa_Latn,278,5,8
spa_Latn,278,6,61
spa_Latn,278,7,39
spa_Latn,278,8,34
spa_Latn,278,9,19
spa_Latn,278,10,39
spa_Latn,278,11,47
spa_Latn,278,12,1
spa_Latn,278,13,52
spa_Latn,278,14,52
spa_Latn,278,15,19
spa_Latn,278,16,63
spa_Latn,279,0,60
spa_Latn,279,1,8
spa_Latn,279,2,12
spa_Latn,279,3,19
spa_Latn,279,4,14
spa_Latn,279,5,19
spa_Latn,279,6,47
spa_Latn,279,7,49
spa_Latn,280,0,60
spa_Latn,280,1,19
spa_Latn,280,2,8
spa_Latn,280,3,19
spa_Latn,280,4,8
spa_Latn,280,5,54
spa_Latn,280,6,47
spa_Latn,280,7,8
spa_Latn,280,8,14
spa_Latn,280,9,29
spa_Latn,280,10,47
spa_Latn,280,11,8
spa_Latn,281,0,60
spa_Latn,281,1,39
spa_Latn,281,2,27
spa_Latn,281,3,11
spa_Latn,281,4,19
spa_Latn,281,5,40
spa_Latn,281,6,40
eng_Latn,282,0,60
eng_Latn,282,1,19
eng_Latn,282,2,40
eng_Latn,282,3,17
eng_Latn,282,4,16
eng_Latn,282,5,31
eng_Latn,282,6,53
eng_Latn,282,7,34
spa_Latn,283,0,60
spa_Latn,283,1,19
spa_Latn,283,2,13
spa_Latn,283,3,13
spa_Latn,283,4,13
spa_Latn,283,5,1
spa_Latn,283,6,19
spa_Latn,283,7,19
spa_Latn,283,8,19
spa_Latn,283,9,13
spa_Latn,283,10,13
spa_Latn,283,11,8
spa_Latn,283,12,61
spa_Latn,283,13,17
spa_Latn,283,14,47
spa_Latn,283,15,13
spa_Latn,283,16,8
spa_Latn,283,17,8
spa_Latn,284,0,60
spa_Latn,284,1,26
spa_Latn,284,2,61
spa_Latn,284,3,47
spa_Latn,284,4,8
spa_Latn,284,5,8
spa_Latn,284,6,19
spa_Latn,284,7,19
spa_Latn,284,8,8
spa_Latn,284,9,8
spa_Latn,284,10,39
spa_Latn,284,11,8
spa_Latn,285,0,60
spa_Latn,285,1,12
spa_Latn,285,2,19
spa_Latn,285,3,19
spa_Latn,285,4,8
spa_Latn,285,5,8
spa_Latn,285,6,19
spa_Latn,285,7,8
spa_Latn,285,8,8
spa_Latn,285,9,19
spa_Latn,285,10,19
spa_Latn,285,11,19
spa_Latn,285,12,8
spa_Latn,285,13,8
spa_Latn,285,14,8
spa_Latn,285,15,62
spa_Latn,286,0,60
spa_Latn,286,1,8
spa_Latn,286,2,19
spa_Latn,286,3,8
spa_Latn,286,4,39
spa_Latn,286,5,19
spa_Latn,286,6,8
spa_Latn,286,7,8
spa_Latn,286,8,8
spa_Latn,286,9,19
spa_Latn,286,10,19
spa_Latn,286,11,8
spa_Latn,287,0,60
spa_Latn,287,1,27
spa_Latn,287,2,8
spa_Latn,287,3,8
spa_Latn,287,4,19
spa_Latn,287,5,8
spa_Latn,287,6,37
spa_Latn,287,7,47
spa_Latn,287,8,46
spa_Latn,287,9,8
eng_Latn,288,0,60
eng_Latn,288,1,38
eng_Latn,288,2,38
eng_Latn,288,3,56
eng_Latn,288,4,47
eng_Latn,288,5,14
eng_Latn,288,6,14
eng_Latn,288,7,21
eng_Latn,288,8,14
eng_Latn,288,9,49
spa_Latn,289,0,60
spa_Latn,289,1,8
spa_Latn,289,2,8
spa_Latn,289,3,8
spa_Latn,289,4,14
eng_Latn,290,0,60
eng_Latn,290,1,35
eng_Latn,290,2,4
eng_Latn,290,3,18
eng_Latn,290,4,63
eng_Latn,290,5,56
eng_Latn,290,6,52
eng_Latn,290,7,52
eng_Latn,290,8,21
eng_Latn,290,9,21
eng_Latn,290,10,4
spa_Latn,291,0,60
spa_Latn,291,1,19
spa_Latn,291,2,8
spa_Latn,291,3,19
spa_Latn,291,4,8
spa_Latn,291,5,8
spa_Latn,291,6,8
spa_Latn,291,7,8
spa_Latn,291,8,19
spa_Latn,291,9,8
spa_Latn,291,10,8
spa_Latn,291,11,8
spa_Latn,291,12,8
spa_Latn,292,0,60
spa_Latn,292,1,47
spa_Latn,292,2,19
spa_Latn,292,3,49
spa_Latn,292,4,27
spa_Latn,292,5,49
spa_Latn,292,6,12
spa_Latn,292,7,12
spa_Latn,292,8,47
spa_Latn,292,9,40
spa_Latn,292,10,49
spa_Latn,292,11,27
spa_Latn,292,12,49
spa_Latn,292,13,1
spa_Latn,292,14,39
spa_Latn,292,15,7
spa_Latn,292,16,50
spa_Latn,292,17,52
spa_Latn,292,18,52
spa_Latn,292,19,52
spa_Latn,292,20,13
spa_Latn,292,21,52
spa_Latn,293,0,60
spa_Latn,293,1,22
spa_Latn,293,2,52
spa_Latn,293,3,47
spa_Latn,294,0,60
spa_Latn,294,1,22
spa_Latn,294,2,22
spa_Latn,294,3,8
spa_Latn,294,4,19
spa_Latn,294,5,34
spa_Latn,295,0,60
spa_Latn,295,1,8
spa_Latn,295,2,16
spa_Latn,295,3,61
spa_Latn,295,4,8
spa_Latn,295,5,8
spa_Latn,295,6,19
spa_Latn,295,7,19
spa_Latn,295,8,47
spa_Latn,295,9,51
spa_Latn,296,0,60
spa_Latn,296,1,40
spa_Latn,296,2,39
spa_Latn,296,3,8
spa_Latn,296,4,19
spa_Latn,296,5,47
spa_Latn,296,6,8
spa_Latn,296,7,8
spa_Latn,296,8,8
spa_Latn,296,9,7
spa_Latn,297,0,60
spa_Latn,297,1,19
spa_Latn,297,2,61
spa_Latn,297,3,19
spa_Latn,297,4,8
spa_Latn,297,5,10
spa_Latn,297,6,8
spa_Latn,297,7,8
spa_Latn,297,8,8
spa_Latn,298,0,60
spa_Latn,298,1,19
spa_Latn,298,2,8
spa_Latn,298,3,19
spa_Latn,298,4,8
spa_Latn,298,5,8
spa_Latn,298,6,8
spa_Latn,298,7,39
spa_Latn,298,8,34
spa_Latn,299,0,60
spa_Latn,299,1,15
spa_Latn,299,2,8
spa_Latn,299,3,19
spa_Latn,299,4,19
spa_Latn,299,5,39
spa_Latn,299,6,16
spa_Latn,299,7,8
spa_Latn,299,8,56
spa_Latn,299,9,8
spa_Latn,299,10,10
spa_Latn,299,11,8
spa_Latn,299,12,8
spa_Latn,300,0,60
spa_Latn,300,1,13
spa_Latn,300,2,22
spa_Latn,300,3,11
spa_Latn,300,4,26
spa_Latn,301,0,60
spa_Latn,301,1,8
spa_Latn,301,2,19
spa_Latn,301,3,39
spa_Latn,301,4,34
spa_Latn,301,5,20
spa_Latn,301,6,47
spa_Latn,301,7,47
spa_Latn,301,8,52
spa_Latn,301,9,19
spa_Latn,301,10,8
spa_Latn,301,11,34
spa_Latn,302,0,60
spa_Latn,302,1,7
spa_Latn,302,2,8
spa_Latn,302,3,8
spa_Latn,302,4,8
spa_Latn,303,0,60
spa_Latn,303,1,54
spa_Latn,303,2,47
spa_Latn,303,3,8
spa_Latn,303,4,39
spa_Latn,303,5,8
spa_Latn,303,6,40
spa_Latn,303,7,61
spa_Latn,303,8,8
spa_Latn,304,0,60
spa_Latn,304,1,39
spa_Latn,304,2,7
spa_Latn,304,3,8
spa_Latn,304,4,8
spa_Latn,304,5,19
spa_Latn,304,6,8
spa_Latn,305,0,60
spa_Latn,305,1,8
spa_Latn,305,2,19
spa_Latn,305,3,40
spa_Latn,305,4,8
spa_Latn,305,5,8
spa_Latn,305,6,8
spa_Latn,305,7,8
spa_Latn,305,8,26
spa_Latn,305,9,26
spa_Latn,305,10,26
spa_Latn,305,11,8
spa_Latn,305,12,19
spa_Latn,305,13,39
spa_Latn,305,14,8
spa_Latn,306,0,60
spa_Latn,306,1,22
spa_Latn,306,2,60
spa_Latn,307,0,60
spa_Latn,307,1,39
spa_Latn,307,2,36
spa_Latn,307,3,6
spa_Latn,307,4,19
spa_Latn,307,5,39
spa_Latn,307,6,36
spa_Latn,307,7,6
spa_Latn,307,8,40
spa_Latn,307,9,36
spa_Latn,307,10,36
spa_Latn,307,11,47
spa_Latn,308,0,60
spa_Latn,308,1,11
spa_Latn,308,2,47
spa_Latn,308,3,19
spa_Latn,308,4,8
spa_Latn,308,5,51
spa_Latn,308,6,49
spa_Latn,309,0,60
spa_Latn,309,1,57
spa_Latn,309,2,8
spa_Latn,309,3,8
spa_Latn,309,4,39
spa_Latn,309,5,8
spa_Latn,309,6,1
spa_Latn,309,7,37
spa_Latn,309,8,52
spa_Latn,309,9,1
spa_Latn,309,10,52
spa_Latn,309,11,52
spa_Latn,310,0,60
spa_Latn,310,1,42
spa_Latn,310,2,27
spa_Latn,310,3,19
spa_Latn,310,4,49
spa_Latn,310,5,43
spa_Latn,310,6,40
spa_Latn,310,7,40
spa_Latn,310,8,39
spa_Latn,310,9,8
spa_Latn,310,10,61
spa_Latn,310,11,49
spa_Latn,311,0,60
spa_Latn,311,1,39
spa_Latn,311,2,8
spa_Latn,311,3,47
spa_Latn,311,4,47
spa_Latn,311,5,8
spa_Latn,311,6,61
spa_Latn,311,7,8
eng_Latn,312,0,60
eng_Latn,312,1,19
eng_Latn,312,2,56
eng_Latn,312,3,57
spa_Latn,313,0,60
spa_Latn,313,1,49
spa_Latn,313,2,19
spa_Latn,313,3,40
spa_Latn,313,4,61
spa_Latn,313,5,1
spa_Latn,313,6,28
spa_Latn,313,7,47
spa_Latn,313,8,52
spa_Latn,314,0,60
spa_Latn,314,1,8
spa_Latn,314,2,8
spa_Latn,314,3,19
spa_Latn,314,4,8
spa_Latn,314,5,8
spa_Latn,314,6,8
spa_Latn,315,0,60
spa_Latn,315,1,61
spa_Latn,315,2,8
spa_Latn,315,3,1
spa_Latn,315,4,39
spa_Latn,315,5,8
spa_Latn,315,6,8
spa_Latn,315,7,10
spa_Latn,315,8,19
spa_Latn,315,9,8
spa_Latn,315,10,19
spa_Latn,315,11,8
spa_Latn,315,12,8
spa_Latn,315,13,8
spa_Latn,316,0,60
spa_Latn,316,1,47
spa_Latn,316,2,8
spa_Latn,316,3,8
spa_Latn,316,4,1
spa_Latn,316,5,39
spa_Latn,316,6,8
spa_Latn,316,7,8
spa_Latn,316,8,19
spa_Latn,316,9,8
spa_Latn,316,10,8
spa_Latn,317,0,60
spa_Latn,317,1,19
spa_Latn,317,2,8
spa_Latn,317,3,1
spa_Latn,317,4,39
spa_Latn,317,5,8
spa_Latn,317,6,27
spa_Latn,317,7,47
spa_Latn,317,8,7
spa_Latn,317,9,60
spa_Latn,317,10,52
eng_Latn,318,0,60
eng_Latn,318,1,57
eng_Latn,318,2,57
eng_Latn,318,3,20
eng_Latn,318,4,56
eng_Latn,318,5,16
eng_Latn,318,6,14
eng_Latn,318,7,35
eng_Latn,318,8,63
spa_Latn,319,0,60
spa_Latn,319,1,17
spa_Latn,319,2,19
spa_Latn,319,3,8
spa_Latn,319,4,8
spa_Latn,320,0,60
spa_Latn,320,1,54
spa_Latn,320,2,8
spa_Latn,320,3,19
spa_Latn,320,4,46
spa_Latn,320,5,8
spa_Latn,320,6,8
spa_Latn,320,7,19
spa_Latn,320,8,8
spa_Latn,320,9,23
spa_Latn,320,10,8
spa_Latn,320,11,8
spa_Latn,320,12,19
spa_Latn,320,13,8
spa_Latn,320,14,52
spa_Latn,321,0,60
spa_Latn,321,1,19
spa_Latn,321,2,30
spa_Latn,321,3,30
spa_Latn,321,4,30
spa_Latn,321,5,19
spa_Latn,321,6,19
spa_Latn,321,7,30
spa_Latn,321,8,8
spa_Latn,321,9,19
spa_Latn,321,10,30
spa_Latn,321,11,8
spa_Latn,321,12,33
spa_Latn,321,13,33
spa_Latn,321,14,19
spa_Latn,321,15,30
spa_Latn,322,0,60
spa_Latn,322,1,57
spa_Latn,322,2,39
spa_Latn,322,3,8
spa_Latn,322,4,31
spa_Latn,322,5,8
spa_Latn,322,6,35
spa_Latn,322,7,7
spa_Latn,322,8,63
spa_Latn,322,9,20
spa_Latn,322,10,8
spa_Latn,322,11,47
spa_Latn,322,12,14
spa_Latn,322,13,40
spa_Latn,323,0,60
spa_Latn,323,1,19
spa_Latn,323,2,19
spa_Latn,323,3,40
spa_Latn,323,4,7
spa_Latn,324,0,60
spa_Latn,324,1,19
spa_Latn,324,2,8
spa_Latn,324,3,10
spa_Latn,324,4,8
spa_Latn,324,5,8
spa_Latn,324,6,39
spa_Latn,324,7,16
spa_Latn,324,8,8
spa_Latn,324,9,19
spa_Latn,324,10,8
spa_Latn,325,0,60
spa_Latn,325,1,52
spa_Latn,325,2,52
spa_Latn,325,3,52
spa_Latn,325,4,63
spa_Latn,326,0,60
spa_Latn,326,1,8
spa_Latn,326,2,34
spa_Latn,326,3,8
spa_Latn,326,4,19
spa_Latn,326,5,8
spa_Latn,326,6,46
spa_Latn,326,7,34
eng_Latn,327,0,60
eng_Latn,327,1,31
eng_Latn,327,2,9
eng_Latn,327,3,18
eng_Latn,327,4,34
eng_Latn,327,5,18
eng_Latn,327,6,20
eng_Latn,327,7,41
eng_Latn,327,8,34
eng_Latn,327,9,18
eng_Latn,327,10,34
spa_Latn,328,0,60
spa_Latn,328,1,39
spa_Latn,328,2,39
spa_Latn,328,3,34
spa_Latn,329,0,60
spa_Latn,329,1,6
spa_Latn,329,2,7
spa_Latn,329,3,8
spa_Latn,329,4,8
spa_Latn,329,5,8
spa_Latn,329,6,27
spa_Latn,329,7,19
spa_Latn,329,8,8
spa_Latn,329,9,8
spa_Latn,329,10,19
spa_Latn,329,11,52
spa_Latn,330,0,60
spa_Latn,330,1,19
spa_Latn,330,2,40
spa_Latn,330,3,42
spa_Latn,330,4,19
spa_Latn,330,5,35
spa_Latn,330,6,61
spa_Latn,330,7,19
spa_Latn,330,8,8
spa_Latn,330,9,24
spa_Latn,330,10,8
spa_Latn,330,11,8
spa_Latn,330,12,8
spa_Latn,330,13,8
spa_Latn,330,14,19
spa_Latn,330,15,8
spa_Latn,331,0,60
spa_Latn,331,1,19
spa_Latn,331,2,8
spa_Latn,331,3,6
spa_Latn,331,4,19
spa_Latn,331,5,8
spa_Latn,331,6,6
spa_Latn,331,7,6
spa_Latn,331,8,8
spa_Latn,331,9,19
spa_Latn,331,10,47
spa_Latn,331,11,19
spa_Latn,331,12,8
eng_Latn,332,0,60
eng_Latn,332,1,15
eng_Latn,332,2,56
eng_Latn,332,3,63
eng_Latn,332,4,37
eng_Latn,333,0,60
eng_Latn,333,1,56
eng_Latn,333,2,54
eng_Latn,333,3,18
eng_Latn,333,4,21
eng_Latn,333,5,9
eng_Latn,333,6,18
eng_Latn,333,7,30
eng_Latn,333,8,30
eng_Latn,333,9,35
eng_Latn,333,10,34
spa_Latn,334,0,60
spa_Latn,334,1,7
spa_Latn,334,2,12
spa_Latn,334,3,47
spa_Latn,334,4,8
spa_Latn,334,5,43
spa_Latn,334,6,19
spa_Latn,334,7,8
spa_Latn,334,8,42
spa_Latn,334,9,61
spa_Latn,334,10,43
spa_Latn,334,11,27
spa_Latn,334,12,47
spa_Latn,334,13,8
spa_Latn,334,14,12
spa_Latn,334,15,52
spa_Latn,334,16,19
spa_Latn,334,17,8
spa_Latn,335,0,60
spa_Latn,335,1,19
spa_Latn,335,2,39
spa_Latn,335,3,8
spa_Latn,335,4,8
eng_Latn,336,0,60
eng_Latn,336,1,23
eng_Latn,336,2,8
eng_Latn,336,3,15
spa_Latn,337,0,60
spa_Latn,337,1,8
spa_Latn,337,2,40
spa_Latn,337,3,8
spa_Latn,338,0,60
spa_Latn,338,1,54
spa_Latn,338,2,19
spa_Latn,338,3,8
spa_Latn,338,4,8
spa_Latn,338,5,8
spa_Latn,338,6,37
spa_Latn,338,7,8
spa_Latn,338,8,61
spa_Latn,338,9,52
spa_Latn,338,10,47
spa_Latn,338,11,8
spa_Latn,338,12,8
eng_Latn,339,0,60
eng_Latn,339,1,35
eng_Latn,339,2,50
eng_Latn,339,3,4
eng_Latn,339,4,4
eng_Latn,339,5,51
spa_Latn,340,0,60
spa_Latn,340,1,22
spa_Latn,340,2,22
spa_Latn,341,0,60
spa_Latn,341,1,8
spa_Latn,341,2,8
spa_Latn,341,3,8
spa_Latn,341,4,39
spa_Latn,341,5,8
spa_Latn,341,6,19
spa_Latn,341,7,16
spa_Latn,341,8,8
spa_Latn,341,9,19
spa_Latn,341,10,44
spa_Latn,342,0,60
spa_Latn,342,1,8
spa_Latn,342,2,8
spa_Latn,342,3,8
spa_Latn,342,4,35
spa_Latn,342,5,8
spa_Latn,342,6,8
spa_Latn,342,7,61
spa_Latn,342,8,42
spa_Latn,343,0,60
spa_Latn,343,1,8
spa_Latn,343,2,39
spa_Latn,343,3,8
spa_Latn,343,4,19
spa_Latn,343,5,16
spa_Latn,343,6,8
spa_Latn,343,7,8
spa_Latn,343,8,8
eng_Latn,344,0,60
eng_Latn,344,1,37
eng_Latn,344,2,34
eng_Latn,344,3,42
eng_Latn,344,4,22
eng_Latn,344,5,19
eng_Latn,344,6,63
eng_Latn,344,7,5
eng_Latn,344,8,47
spa_Latn,345,0,60
spa_Latn,345,1,47
spa_Latn,345,2,39
spa_Latn,345,3,11
spa_Latn,345,4,36
spa_Latn,346,0,60
spa_Latn,346,1,8
spa_Latn,346,2,8
spa_Latn,346,3,8
spa_Latn,346,4,47
spa_Latn,346,5,8
spa_Latn,346,6,8
spa_Latn,346,7,19
spa_Latn,346,8,8
spa_Latn,346,9,8
spa_Latn,346,10,8
spa_Latn,346,11,8
spa_Latn,346,12,7
spa_Latn,346,13,8
spa_Latn,347,0,60
spa_Latn,347,1,9
spa_Latn,347,2,39
spa_Latn,347,3,8
spa_Latn,347,4,39
spa_Latn,347,5,34
spa_Latn,348,0,60
spa_Latn,348,1,40
spa_Latn,348,2,26
spa_Latn,348,3,26
spa_Latn,348,4,27
spa_Latn,348,5,49
spa_Latn,349,0,60
spa_Latn,349,1,22
spa_Latn,349,2,60
spa_Latn,349,3,47
spa_Latn,349,4,19
spa_Latn,350,0,60
spa_Latn,350,1,19
spa_Latn,350,2,19
spa_Latn,350,3,40
spa_Latn,351,0,60
spa_Latn,351,1,61
spa_Latn,351,2,16
spa_Latn,351,3,8
spa_Latn,351,4,8
spa_Latn,351,5,47
spa_Latn,351,6,19
spa_Latn,351,7,8
spa_Latn,351,8,46
spa_Latn,351,9,63
spa_Latn,351,10,8
spa_Latn,351,11,52
eng_Latn,352,0,60
eng_Latn,352,1,57
eng_Latn,352,2,56
eng_Latn,352,3,63
eng_Latn,352,4,19
eng_Latn,353,0,60
eng_Latn,353,1,22
eng_Latn,353,2,22
eng_Latn,353,3,34
eng_Latn,353,4,34
spa_Latn,354,0,60
spa_Latn,354,1,27
spa_Latn,354,2,39
spa_Latn,354,3,8
spa_Latn,354,4,39
spa_Latn,354,5,8
spa_Latn,354,6,19
spa_Latn,354,7,8
spa_Latn,354,8,8
spa_Latn,354,9,29
spa_Latn,354,10,40
spa_Latn,354,11,52
eng_Latn,355,0,60
eng_Latn,355,1,10
eng_Latn,355,2,56
eng_Latn,355,3,54
eng_Latn,355,4,41
eng_Latn,355,5,46
spa_Latn,356,0,60
spa_Latn,356,1,8
spa_Latn,356,2,8
spa_Latn,356,3,19
spa_Latn,356,4,14
spa_Latn,356,5,8
spa_Latn,356,6,47
spa_Latn,356,7,19
spa_Latn,356,8,14
spa_Latn,356,9,7
spa_Latn,356,10,7
eng_Latn,357,0,60
eng_Latn,357,1,39
eng_Latn,357,2,52
eng_Latn,357,3,52
eng_Latn,357,4,13
eng_Latn,357,5,52
eng_Latn,357,6,13
spa_Latn,358,0,60
spa_Latn,358,1,8
spa_Latn,358,2,19
spa_Latn,358,3,39
spa_Latn,359,0,60
spa_Latn,359,1,8
spa_Latn,359,2,31
spa_Latn,359,3,1
spa_Latn,359,4,8
spa_Latn,359,5,8
spa_Latn,359,6,39
spa_Latn,359,7,8
spa_Latn,359,8,35
spa_Latn,359,9,8
spa_Latn,359,10,8
spa_Latn,359,11,52
spa_Latn,360,0,60
spa_Latn,360,1,10
spa_Latn,360,2,19
spa_Latn,360,3,10
spa_Latn,360,4,47
spa_Latn,360,5,56
spa_Latn,360,6,19
spa_Latn,360,7,8
spa_Latn,360,8,8
spa_Latn,360,9,19
spa_Latn,360,10,8
spa_Latn,360,11,8
spa_Latn,360,12,8
spa_Latn,360,13,61
spa_Latn,360,14,47
spa_Latn,360,15,8
spa_Latn,361,0,60
spa_Latn,361,1,8
spa_Latn,361,2,52
spa_Latn,361,3,8
spa_Latn,361,4,50
spa_Latn,361,5,8
spa_Latn,361,6,19
spa_Latn,361,7,8
spa_Latn,361,8,8
spa_Latn,361,9,8
spa_Latn,361,10,47
spa_Latn,361,11,19
spa_Latn,361,12,8
spa_Latn,362,0,60
spa_Latn,362,1,12
spa_Latn,362,2,39
spa_Latn,362,3,13
spa_Latn,362,4,9
spa_Latn,363,0,60
spa_Latn,363,1,8
spa_Latn,363,2,47
spa_Latn,363,3,47
spa_Latn,363,4,8
spa_Latn,363,5,8
spa_Latn,363,6,19
spa_Latn,363,7,8
spa_Latn,363,8,8
spa_Latn,363,9,8
spa_Latn,363,10,8
spa_Latn,363,11,19
spa_Latn,363,12,8
spa_Latn,364,0,60
spa_Latn,364,1,39
spa_Latn,364,2,17
spa_Latn,364,3,19
spa_Latn,364,4,16
spa_Latn,364,5,8
spa_Latn,364,6,1
spa_Latn,364,7,8
spa_Latn,364,8,8
spa_Latn,365,0,60
spa_Latn,365,1,19
spa_Latn,365,2,8
spa_Latn,365,3,50
spa_Latn,365,4,54
spa_Latn,365,5,8
spa_Latn,365,6,19
spa_Latn,365,7,8
spa_Latn,365,8,8
spa_Latn,365,9,39
spa_Latn,365,10,8
spa_Latn,365,11,8
spa_Latn,365,12,19
spa_Latn,365,13,8
spa_Latn,365,14,8
spa_Latn,366,0,60
spa_Latn,366,1,40
spa_Latn,366,2,11
spa_Latn,366,3,40
spa_Latn,366,4,61
spa_Latn,366,5,8
spa_Latn,367,0,60
spa_Latn,367,1,33
spa_Latn,367,2,8
spa_Latn,367,3,19
spa_Latn,367,4,8
spa_Latn,367,5,19
spa_Latn,367,6,8
spa_Latn,367,7,8
spa_Latn,367,8,19
spa_Latn,367,9,8
spa_Latn,367,10,1
spa_Latn,367,11,8
spa_Latn,367,12,8
spa_Latn,367,13,8
spa_Latn,368,0,60
spa_Latn,368,1,8
spa_Latn,368,2,19
spa_Latn,368,3,63
spa_Latn,368,4,8
spa_Latn,368,5,19
spa_Latn,368,6,63
spa_Latn,369,0,60
spa_Latn,369,1,13
spa_Latn,369,2,8
spa_Latn,369,3,8
spa_Latn,369,4,8
spa_Latn,369,5,19
spa_Latn,369,6,39
spa_Latn,369,7,34
spa_Latn,369,8,19
spa_Latn,369,9,34
spa_Latn,369,10,34
spa_Latn,370,0,60
spa_Latn,370,1,58
spa_Latn,370,2,6
spa_Latn,370,3,61
spa_Latn,370,4,40
spa_Latn,370,5,36
spa_Latn,371,0,60
spa_Latn,371,1,19
spa_Latn,371,2,47
spa_Latn,371,3,8
spa_Latn,371,4,61
spa_Latn,371,5,8
spa_Latn,371,6,34
spa_Latn,371,7,24
spa_Latn,372,0,60
spa_Latn,372,1,47
spa_Latn,372,2,8
spa_Latn,372,3,17
spa_Latn,372,4,8
spa_Latn,372,5,8
spa_Latn,372,6,19
spa_Latn,372,7,19
spa_Latn,372,8,47
spa_Latn,372,9,19
spa_Latn,372,10,8
spa_Latn,373,0,60
spa_Latn,373,1,61
spa_Latn,373,2,8
spa_Latn,373,3,47
spa_Latn,373,4,19
spa_Latn,373,5,39
spa_Latn,373,6,8
spa_Latn,373,7,53
spa_Latn,373,8,8
spa_Latn,373,9,8
spa_Latn,373,10,19
spa_Latn,373,11,47
spa_Latn,373,12,8
eng_Latn,374,0,60
eng_Latn,374,1,56
eng_Latn,374,2,56
eng_Latn,374,3,52
eng_Latn,374,4,57
eng_Latn,374,5,52
eng_Latn,374,6,52
eng_Latn,374,7,57
eng_Latn,374,8,23
eng_Latn,374,9,4
spa_Latn,375,0,60
spa_Latn,375,1,19
spa_Latn,375,2,47
spa_Latn,375,3,8
spa_Latn,376,0,60
spa_Latn,376,1,19
spa_Latn,376,2,39
spa_Latn,376,3,39
spa_Latn,376,4,8
spa_Latn,376,5,19
spa_Latn,376,6,16
spa_Latn,376,7,8
spa_Latn,376,8,47
spa_Latn,376,9,19
spa_Latn,376,10,8
spa_Latn,376,11,8
spa_Latn,376,12,19
spa_Latn,376,13,52
spa_Latn,376,14,19
spa_Latn,376,15,8
spa_Latn,377,0,60
spa_Latn,377,1,8
spa_Latn,377,2,52
spa_Latn,377,3,52
spa_Latn,377,4,19
spa_Latn,377,5,19
spa_Latn,377,6,37
spa_Latn,377,7,37
spa_Latn,377,8,22
spa_Latn,377,9,47
spa_Latn,377,10,47
spa_Latn,377,11,49
spa_Latn,378,0,60
spa_Latn,378,1,27
spa_Latn,378,2,27
spa_Latn,378,3,8
spa_Latn,378,4,8
spa_Latn,378,5,19
spa_Latn,378,6,8
spa_Latn,378,7,3
spa_Latn,378,8,19
spa_Latn,378,9,14
spa_Latn,379,0,60
spa_Latn,379,1,7
spa_Latn,379,2,40
spa_Latn,379,3,7
spa_Latn,379,4,8
spa_Latn,379,5,9
spa_Latn,379,6,19
spa_Latn,379,7,39
spa_Latn,379,8,8
spa_Latn,379,9,61
spa_Latn,379,10,8
spa_Latn,379,11,8
spa_Latn,379,12,9
spa_Latn,379,13,12
spa_Latn,379,14,52
spa_Latn,380,0,60
spa_Latn,380,1,26
spa_Latn,380,2,61
spa_Latn,380,3,9
spa_Latn,380,4,7
spa_Latn,380,5,19
spa_Latn,380,6,47
spa_Latn,380,7,39
spa_Latn,381,0,60
spa_Latn,381,1,13
spa_Latn,381,2,13
spa_Latn,381,3,13
spa_Latn,381,4,19
spa_Latn,381,5,13
spa_Latn,381,6,1
spa_Latn,381,7,61
spa_Latn,381,8,47
spa_Latn,381,9,8
spa_Latn,381,10,61
spa_Latn,381,11,19
spa_Latn,381,12,13
spa_Latn,381,13,58
spa_Latn,381,14,12
spa_Latn,381,15,61
eng_Latn,382,0,60
eng_Latn,382,1,7
eng_Latn,382,2,11
eng_Latn,382,3,53
eng_Latn,382,4,16
eng_Latn,382,5,6
eng_Latn,382,6,15
eng_Latn,382,7,45
eng_Latn,382,8,63
spa_Latn,383,0,60
spa_Latn,383,1,47
spa_Latn,383,2,19
spa_Latn,383,3,63
spa_Latn,383,4,12
spa_Latn,383,5,35
spa_Latn,383,6,19
spa_Latn,383,7,8
spa_Latn,383,8,24
spa_Latn,383,9,29
spa_Latn,383,10,8
spa_Latn,383,11,8
spa_Latn,383,12,39
spa_Latn,383,13,47
spa_Latn,383,14,8
spa_Latn,383,15,8
spa_Latn,384,0,60
spa_Latn,384,1,19
spa_Latn,384,2,8
spa_Latn,384,3,8
spa_Latn,384,4,8
spa_Latn,384,5,8
spa_Latn,384,6,15
spa_Latn,384,7,8
spa_Latn,384,8,19
spa_Latn,384,9,47
spa_Latn,384,10,8
spa_Latn,384,11,44
spa_Latn,384,12,24
spa_Latn,384,13,61
spa_Latn,384,14,23
spa_Latn,384,15,8
spa_Latn,385,0,60
spa_Latn,385,1,19
spa_Latn,385,2,27
spa_Latn,385,3,47
spa_Latn,385,4,8
spa_Latn,385,5,37
spa_Latn,385,6,47
spa_Latn,385,7,47
spa_Latn,385,8,37
spa_Latn,385,9,61
spa_Latn,385,10,8
spa_Latn,385,11,8
spa_Latn,385,12,8
spa_Latn,385,13,19
spa_Latn,385,14,8
spa_Latn,385,15,8
spa_Latn,386,0,60
spa_Latn,386,1,13
spa_Latn,386,2,47
spa_Latn,386,3,8
spa_Latn,386,4,8
spa_Latn,386,5,8
spa_Latn,386,6,8
spa_Latn,386,7,30
spa_Latn,386,8,61
spa_Latn,386,9,8
spa_Latn,386,10,52
spa_Latn,387,0,60
spa_Latn,387,1,39
spa_Latn,387,2,27
spa_Latn,387,3,15
spa_Latn,387,4,8
spa_Latn,387,5,23
spa_Latn,387,6,8
spa_Latn,387,7,8
spa_Latn,388,0,60
spa_Latn,388,1,11
spa_Latn,388,2,42
spa_Latn,388,3,47
spa_Latn,388,4,27
spa_Latn,388,5,40
eng_Latn,389,0,60
eng_Latn,389,1,35
eng_Latn,389,2,56
eng_Latn,389,3,16
eng_Latn,389,4,16
eng_Latn,389,5,54
eng_Latn,389,6,38
eng_Latn,389,7,50
eng_Latn,389,8,63
spa_Latn,390,0,60
spa_Latn,390,1,60
spa_Latn,390,2,13
spa_Latn,390,3,27
spa_Latn,390,4,1
spa_Latn,390,5,13
eng_Latn,391,0,60
eng_Latn,391,1,4
eng_Latn,391,2,56
eng_Latn,391,3,21
eng_Latn,391,4,16
eng_Latn,391,5,20
eng_Latn,391,6,8
spa_Latn,392,0,60
spa_Latn,392,1,19
spa_Latn,392,2,8
spa_Latn,392,3,47
spa_Latn,392,4,8
spa_Latn,392,5,53
spa_Latn,392,6,19
spa_Latn,392,7,39
spa_Latn,393,0,60
spa_Latn,393,1,8
spa_Latn,393,2,42
spa_Latn,393,3,61
spa_Latn,394,0,60
spa_Latn,394,1,35
spa_Latn,394,2,61
spa_Latn,394,3,19
spa_Latn,394,4,8
spa_Latn,394,5,8
spa_Latn,394,6,19
spa_Latn,394,7,39
spa_Latn,394,8,8
spa_Latn,394,9,8
spa_Latn,394,10,19
spa_Latn,394,11,8
spa_Latn,394,12,8
spa_Latn,394,13,61
spa_Latn,394,14,39
spa_Latn,394,15,46
spa_Latn,394,16,8
eng_Latn,395,0,60
eng_Latn,395,1,22
eng_Latn,395,2,45
eng_Latn,395,3,50
eng_Latn,395,4,18
eng_Latn,395,5,16
eng_Latn,395,6,11
eng_Latn,395,7,54
spa_Latn,396,0,60
spa_Latn,396,1,8
spa_Latn,396,2,8
spa_Latn,396,3,8
spa_Latn,396,4,17
spa_Latn,396,5,47
spa_Latn,396,6,47
spa_Latn,396,7,8
spa_Latn,396,8,53
spa_Latn,396,9,52
spa_Latn,396,10,52
spa_Latn,396,11,1
spa_Latn,396,12,52
spa_Latn,396,13,8
spa_Latn,397,0,60
spa_Latn,397,1,39
spa_Latn,397,2,39
spa_Latn,397,3,8
spa_Latn,397,4,8
spa_Latn,397,5,8
spa_Latn,397,6,8
spa_Latn,397,7,8
spa_Latn,397,8,47
spa_Latn,397,9,8
spa_Latn,397,10,8
spa_Latn,397,11,47
spa_Latn,397,12,8
spa_Latn,397,13,19
spa_Latn,398,0,60
spa_Latn,398,1,61
spa_Latn,398,2,17
spa_Latn,398,3,8
spa_Latn,398,4,39
spa_Latn,398,5,8
spa_Latn,398,6,53
spa_Latn,398,7,19
spa_Latn,398,8,26
spa_Latn,398,9,34
eng_Latn,399,0,60
eng_Latn,399,1,15
eng_Latn,399,2,56
eng_Latn,399,3,63
eng_Latn,399,4,60
eng_Latn,399,5,30
eng_Latn,399,6,37
spa_Latn,400,0,60
spa_Latn,400,1,19
spa_Latn,400,2,6
spa_Latn,400,3,11
spa_Latn,400,4,11
spa_Latn,400,5,47
spa_Latn,400,6,19
spa_Latn,400,7,13
spa_Latn,400,8,26
spa_Latn,400,9,26
spa_Latn,400,10,51
spa_Latn,400,11,39
spa_Latn,400,12,8
spa_Latn,400,13,39
spa_Latn,400,14,39
spa_Latn,400,15,47
spa_Latn,400,16,13
spa_Latn,401,0,60
spa_Latn,401,1,26
spa_Latn,401,2,19
spa_Latn,401,3,8
spa_Latn,401,4,8
spa_Latn,401,5,17
spa_Latn,401,6,8
spa_Latn,401,7,19
spa_Latn,401,8,39
spa_Latn,401,9,34
spa_Latn,402,0,60
spa_Latn,402,1,1
spa_Latn,402,2,8
spa_Latn,402,3,19
spa_Latn,402,4,19
spa_Latn,402,5,47
spa_Latn,402,6,8
spa_Latn,402,7,42
spa_Latn,402,8,19
spa_Latn,402,9,47
spa_Latn,402,10,8
spa_Latn,402,11,13
spa_Latn,402,12,8
spa_Latn,402,13,19
spa_Latn,402,14,47
spa_Latn,402,15,13
spa_Latn,402,16,13
spa_Latn,402,17,5
spa_Latn,402,18,8
spa_Latn,402,19,13
eng_Latn,403,0,60
eng_Latn,403,1,57
eng_Latn,403,2,35
eng_Latn,403,3,48
eng_Latn,403,4,53
eng_Latn,403,5,43
eng_Latn,403,6,57
eng_Latn,403,7,59
eng_Latn,403,8,15
eng_Latn,403,9,59
eng_Latn,403,10,19
eng_Latn,403,11,48
spa_Latn,404,0,60
spa_Latn,404,1,19
spa_Latn,404,2,8
spa_Latn,404,3,8
spa_Latn,404,4,8
spa_Latn,404,5,8
spa_Latn,404,6,47
spa_Latn,405,0,60
spa_Latn,405,1,47
spa_Latn,405,2,8
spa_Latn,405,3,35
spa_Latn,405,4,19
spa_Latn,405,5,8
spa_Latn,405,6,19
spa_Latn,405,7,19
spa_Latn,405,8,8
spa_Latn,405,9,8
spa_Latn,405,10,8
spa_Latn,405,11,19
spa_Latn,405,12,15
spa_Latn,405,13,16
spa_Latn,405,14,39
spa_Latn,405,15,8
eng_Latn,406,0,60
eng_Latn,406,1,49
eng_Latn,406,2,39
spa_Latn,407,0,60
spa_Latn,407,1,8
spa_Latn,407,2,34
spa_Latn,407,3,8
spa_Latn,407,4,34
spa_Latn,408,0,60
spa_Latn,408,1,47
spa_Latn,408,2,8
spa_Latn,408,3,19
spa_Latn,408,4,39
spa_Latn,408,5,8
spa_Latn,408,6,8
spa_Latn,408,7,61
spa_Latn,408,8,8
spa_Latn,408,9,8
spa_Latn,408,10,1
spa_Latn,408,11,39
spa_Latn,408,12,8
spa_Latn,408,13,8
spa_Latn,408,14,8
spa_Latn,409,0,60
spa_Latn,409,1,47
spa_Latn,409,2,8
spa_Latn,409,3,17
spa_Latn,409,4,39
spa_Latn,409,5,8
spa_Latn,409,6,8
spa_Latn,409,7,8
spa_Latn,409,8,52
spa_Latn,409,9,1
spa_Latn,409,10,47
spa_Latn,409,11,15
spa_Latn,410,0,60
spa_Latn,410,1,47
spa_Latn,410,2,8
spa_Latn,410,3,24
spa_Latn,410,4,1
spa_Latn,410,5,8
spa_Latn,410,6,8
spa_Latn,410,7,8
spa_Latn,410,8,8
spa_Latn,410,9,8
spa_Latn,410,10,8
spa_Latn,410,11,19
spa_Latn,410,12,8
spa_Latn,411,0,60
spa_Latn,411,1,7
spa_Latn,411,2,8
spa_Latn,411,3,39
spa_Latn,411,4,19
spa_Latn,411,5,10
spa_Latn,411,6,10
spa_Latn,411,7,17
spa_Latn,411,8,8
spa_Latn,411,9,19
spa_Latn,411,10,39
spa_Latn,411,11,34
eng_Latn,412,0,60
eng_Latn,412,1,19
eng_Latn,412,2,19
eng_Latn,412,3,33
eng_Latn,412,4,56
eng_Latn,412,5,33
spa_Latn,413,0,60
spa_Latn,413,1,35
spa_Latn,413,2,8
spa_Latn,413,3,8
spa_Latn,413,4,34
spa_Latn,413,5,10
spa_Latn,413,6,8
spa_Latn,413,7,47
spa_Latn,413,8,19
spa_Latn,413,9,8
spa_Latn,414,0,60
spa_Latn,414,1,19
spa_Latn,414,2,8
spa_Latn,414,3,29
spa_Latn,414,4,7
spa_Latn,415,0,60
spa_Latn,415,1,24
spa_Latn,415,2,39
spa_Latn,415,3,19
spa_Latn,415,4,19
spa_Latn,415,5,8
spa_Latn,415,6,19
spa_Latn,415,7,8
spa_Latn,415,8,39
spa_Latn,415,9,8
spa_Latn,415,10,8
spa_Latn,415,11,47
spa_Latn,415,12,47
spa_Latn,415,13,8
spa_Latn,416,0,60
spa_Latn,416,1,39
spa_Latn,416,2,8
spa_Latn,416,3,8
spa_Latn,416,4,8
spa_Latn,417,0,60
spa_Latn,417,1,19
spa_Latn,417,2,39
spa_Latn,417,3,15
spa_Latn,417,4,8
spa_Latn,417,5,29
spa_Latn,417,6,40
spa_Latn,417,7,7
spa_Latn,417,8,14
spa_Latn,417,9,40
spa_Latn,417,10,40
spa_Latn,417,11,60
eng_Latn,418,0,60
eng_Latn,418,1,20
eng_Latn,418,2,62
eng_Latn,418,3,46
spa_Latn,419,0,60
spa_Latn,419,1,13
spa_Latn,419,2,52
spa_Latn,419,3,52
spa_Latn,419,4,13
spa_Latn,419,5,13
spa_Latn,419,6,42
spa_Latn,419,7,19
spa_Latn,419,8,26
spa_Latn,419,9,47
spa_Latn,419,10,19
spa_Latn,419,11,1
spa_Latn,419,12,37
spa_Latn,419,13,26
spa_Latn,419,14,47
spa_Latn,419,15,19
spa_Latn,419,16,49
spa_Latn,420,0,60
spa_Latn,420,1,7
spa_Latn,420,2,61
spa_Latn,420,3,13
spa_Latn,420,4,13
spa_Latn,420,5,13
spa_Latn,420,6,37
spa_Latn,420,7,19
spa_Latn,420,8,47
spa_Latn,420,9,39
spa_Latn,420,10,9
spa_Latn,420,11,13
spa_Latn,420,12,13
spa_Latn,420,13,5
spa_Latn,420,14,19
spa_Latn,420,15,27
spa_Latn,420,16,47
spa_Latn,420,17,13
spa_Latn,420,18,13
spa_Latn,420,19,13
spa_Latn,420,20,8
spa_Latn,420,21,19
spa_Latn,420,22,13
spa_Latn,420,23,13
spa_Latn,420,24,13
spa_Latn,420,25,39
spa_Latn,420,26,13
spa_Latn,421,0,60
spa_Latn,421,1,27
spa_Latn,421,2,8
spa_Latn,421,3,8
spa_Latn,421,4,39
spa_Latn,421,5,39
spa_Latn,421,6,47
spa_Latn,421,7,63
spa_Latn,421,8,8
spa_Latn,421,9,11
spa_Latn,421,10,47
spa_Latn,421,11,49
spa_Latn,421,12,26
spa_Latn,422,0,60
spa_Latn,422,1,8
spa_Latn,422,2,47
spa_Latn,422,3,34
spa_Latn,423,0,60
spa_Latn,423,1,8
spa_Latn,423,2,8
spa_Latn,423,3,19
spa_Latn,423,4,8
spa_Latn,423,5,60
spa_Latn,424,0,60
spa_Latn,424,1,8
spa_Latn,424,2,12
spa_Latn,424,3,19
spa_Latn,424,4,22
spa_Latn,424,5,12
spa_Latn,424,6,22
spa_Latn,424,7,22
spa_Latn,424,8,22
spa_Latn,424,9,61
spa_Latn,424,10,34
spa_Latn,424,11,12
spa_Latn,424,12,47
spa_Latn,424,13,39
spa_Latn,425,0,60
spa_Latn,425,1,19
spa_Latn,425,2,34
spa_Latn,425,3,11
spa_Latn,425,4,8
spa_Latn,425,5,39
spa_Latn,425,6,8
spa_Latn,425,7,47
spa_Latn,425,8,8
spa_Latn,425,9,19
spa_Latn,425,10,8
spa_Latn,425,11,42
spa_Latn,426,0,60
spa_Latn,426,1,8
spa_Latn,426,2,8
spa_Latn,426,3,8
spa_Latn,426,4,8
spa_Latn,426,5,19
spa_Latn,426,6,8
spa_Latn,427,0,60
spa_Latn,427,1,61
spa_Latn,427,2,8
spa_Latn,427,3,19
spa_Latn,427,4,8
spa_Latn,427,5,8
spa_Latn,427,6,19
spa_Latn,427,7,19
spa_Latn,427,8,19
spa_Latn,427,9,8
spa_Latn,427,10,12
spa_Latn,427,11,47
spa_Latn,427,12,47
spa_Latn,427,13,37
spa_Latn,427,14,52
spa_Latn,427,15,52
spa_Latn,427,16,52
spa_Latn,427,17,37
spa_Latn,427,18,12
spa_Latn,428,0,60
spa_Latn,428,1,60
spa_Latn,428,2,60
spa_Latn,428,3,26
spa_Latn,428,4,13
spa_Latn,428,5,13
spa_Latn,428,6,13
spa_Latn,428,7,47
eng_Latn,429,0,60
eng_Latn,429,1,22
eng_Latn,429,2,52
eng_Latn,429,3,37
eng_Latn,429,4,22
spa_Latn,430,0,60
spa_Latn,430,1,19
spa_Latn,430,2,8
spa_Latn,430,3,8
spa_Latn,430,4,8
spa_Latn,430,5,8
spa_Latn,430,6,53
spa_Latn,430,7,19
spa_Latn,430,8,39
spa_Latn,430,9,34
spa_Latn,430,10,8
spa_Latn,430,11,61
spa_Latn,430,12,47
spa_Latn,430,13,43
spa_Latn,430,14,34
eng_Latn,431,0,60
eng_Latn,431,1,23
eng_Latn,431,2,56
eng_Latn,431,3,57
eng_Latn,431,4,54
eng_Latn,431,5,35
eng_Latn,431,6,38
eng_Latn,431,7,57
spa_Latn,432,0,60
spa_Latn,432,1,47
spa_Latn,432,2,8
spa_Latn,432,3,61
spa_Latn,432,4,8
spa_Latn,432,5,19
spa_Latn,432,6,19
spa_Latn,432,7,16
spa_Latn,432,8,8
spa_Latn,432,9,19
spa_Latn,432,10,8
spa_Latn,432,11,15
spa_Latn,432,12,17
spa_Latn,432,13,10
spa_Latn,432,14,8
spa_Latn,432,15,8
spa_Latn,433,0,60
spa_Latn,433,1,19
spa_Latn,433,2,8
spa_Latn,433,3,8
spa_Latn,433,4,19
spa_Latn,433,5,39
spa_Latn,433,6,8
spa_Latn,433,7,19
spa_Latn,433,8,33
eng_Latn,434,0,60
eng_Latn,434,1,50
eng_Latn,434,2,56
eng_Latn,434,3,16
eng_Latn,434,4,62
eng_Latn,434,5,62
eng_Latn,434,6,52
spa_Latn,435,0,60
spa_Latn,435,1,27
spa_Latn,435,2,8
spa_Latn,435,3,8
spa_Latn,435,4,8
spa_Latn,435,5,1
spa_Latn,435,6,19
spa_Latn,435,7,22
spa_Latn,435,8,8
spa_Latn,436,0,60
spa_Latn,436,1,6
spa_Latn,436,2,11
spa_Latn,436,3,47
spa_Latn,436,4,19
spa_Latn,436,5,8
spa_Latn,436,6,8
spa_Latn,436,7,39
spa_Latn,436,8,8
spa_Latn,436,9,8
spa_Latn,436,10,40
spa_Latn,437,0,60
spa_Latn,437,1,39
spa_Latn,437,2,8
spa_Latn,437,3,19
spa_Latn,437,4,39
spa_Latn,437,5,8
spa_Latn,437,6,56
spa_Latn,437,7,46
spa_Latn,437,8,8
spa_Latn,438,0,60
spa_Latn,438,1,27
spa_Latn,438,2,19
spa_Latn,438,3,34
spa_Latn,438,4,39
spa_Latn,438,5,8
spa_Latn,438,6,8
spa_Latn,438,7,8
spa_Latn,438,8,19
spa_Latn,438,9,8
spa_Latn,438,10,8
spa_Latn,438,11,8
spa_Latn,438,12,19
spa_Latn,438,13,30
eng_Latn,439,0,60
eng_Latn,439,1,19
eng_Latn,439,2,13
eng_Latn,439,3,54
eng_Latn,439,4,19
eng_Latn,439,5,13
spa_Latn,440,0,60
spa_Latn,440,1,19
spa_Latn,440,2,8
spa_Latn,440,3,8
spa_Latn,440,4,47
spa_Latn,440,5,8
spa_Latn,441,0,60
spa_Latn,441,1,19
spa_Latn,441,2,63
spa_Latn,441,3,46
spa_Latn,441,4,8
spa_Latn,441,5,8
spa_Latn,441,6,23
spa_Latn,441,7,8
spa_Latn,441,8,8
spa_Latn,441,9,52
spa_Latn,442,0,60
spa_Latn,442,1,19
spa_Latn,442,2,8
spa_Latn,442,3,8
spa_Latn,442,4,19
spa_Latn,442,5,8
spa_Latn,442,6,8
spa_Latn,442,7,8
eng_Latn,443,0,60
eng_Latn,443,1,61
eng_Latn,443,2,46
eng_Latn,443,3,48
eng_Latn,443,4,31
eng_Latn,443,5,52
eng_Latn,443,6,52
eng_Latn,443,7,19
eng_Latn,443,8,19
eng_Latn,443,9,3
eng_Latn,443,10,3
eng_Latn,443,11,57
eng_Latn,443,12,37
eng_Latn,443,13,52
spa_Latn,444,0,60
spa_Latn,444,1,47
spa_Latn,444,2,15
spa_Latn,444,3,10
spa_Latn,445,0,60
spa_Latn,445,1,52
spa_Latn,445,2,52
spa_Latn,445,3,52
spa_Latn,445,4,63
spa_Latn,446,0,60
spa_Latn,446,1,19
spa_Latn,446,2,47
spa_Latn,446,3,47
spa_Latn,446,4,13
spa_Latn,446,5,13
spa_Latn,446,6,61
spa_Latn,446,7,19
spa_Latn,446,8,13
spa_Latn,446,9,13
spa_Latn,447,0,60
spa_Latn,447,1,8
spa_Latn,447,2,8
spa_Latn,447,3,19
spa_Latn,447,4,8
spa_Latn,447,5,47
spa_Latn,447,6,19
spa_Latn,447,7,8
spa_Latn,448,0,60
spa_Latn,448,1,61
spa_Latn,448,2,17
spa_Latn,448,3,17
spa_Latn,448,4,19
spa_Latn,448,5,34
spa_Latn,449,0,60
spa_Latn,449,1,19
spa_Latn,449,2,8
spa_Latn,449,3,7
spa_Latn,450,0,60
spa_Latn,450,1,23
spa_Latn,450,2,8
spa_Latn,450,3,8
spa_Latn,450,4,46
spa_Latn,450,5,8
spa_Latn,450,6,8
spa_Latn,450,7,19
spa_Latn,450,8,8
spa_Latn,450,9,19
spa_Latn,450,10,8
spa_Latn,451,0,60
spa_Latn,451,1,19
spa_Latn,451,2,8
spa_Latn,451,3,8
spa_Latn,451,4,8
spa_Latn,451,5,8
spa_Latn,452,0,60
spa_Latn,452,1,47
spa_Latn,452,2,19
spa_Latn,452,3,8
spa_Latn,452,4,11
spa_Latn,452,5,8
spa_Latn,452,6,19
spa_Latn,452,7,12
eng_Latn,453,0,60
eng_Latn,453,1,4
eng_Latn,453,2,4
eng_Latn,453,3,20
eng_Latn,453,4,35
eng_Latn,453,5,57
eng_Latn,453,6,15
eng_Latn,453,7,1
eng_Latn,453,8,52
spa_Latn,454,0,60
spa_Latn,454,1,12
spa_Latn,454,2,19
spa_Latn,454,3,4
spa_Latn,454,4,39
spa_Latn,454,5,19
spa_Latn,454,6,34
spa_Latn,455,0,60
spa_Latn,455,1,8
spa_Latn,455,2,8
spa_Latn,455,3,8
spa_Latn,455,4,8
spa_Latn,455,5,8
spa_Latn,455,6,7
spa_Latn,455,7,8
spa_Latn,455,8,19
spa_Latn,455,9,19
spa_Latn,455,10,47
spa_Latn,455,11,10
spa_Latn,455,12,8
spa_Latn,455,13,19
spa_Latn,455,14,39
spa_Latn,455,15,8
spa_Latn,456,0,60
spa_Latn,456,1,22
spa_Latn,456,2,8
spa_Latn,456,3,46
spa_Latn,456,4,63
spa_Latn,456,5,8
spa_Latn,456,6,47
spa_Latn,456,7,63
eng_Latn,457,0,60
eng_Latn,457,1,22
eng_Latn,457,2,9
eng_Latn,457,3,9
eng_Latn,457,4,40
eng_Latn,457,5,51
eng_Latn,457,6,9
eng_Latn,457,7,9
eng_Latn,457,8,22
eng_Latn,457,9,9
eng_Latn,457,10,61
eng_Latn,457,11,22
eng_Latn,457,12,41
eng_Latn,457,13,34
spa_Latn,458,0,60
spa_Latn,458,1,22
spa_Latn,458,2,22
spa_Latn,458,3,22
spa_Latn,458,4,12
spa_Latn,458,5,22
spa_Latn,459,0,60
spa_Latn,459,1,47
spa_Latn,459,2,49
spa_Latn,459,3,24
spa_Latn,459,4,1
spa_Latn,459,5,49
spa_Latn,459,6,24
spa_Latn,459,7,27
spa_Latn,459,8,58
spa_Latn,459,9,58
spa_Latn,459,10,9
spa_Latn,459,11,19
spa_Latn,459,12,11
spa_Latn,459,13,40
spa_Latn,459,14,26
spa_Latn,459,15,26
spa_Latn,459,16,26
spa_Latn,459,17,49
spa_Latn,460,0,60
spa_Latn,460,1,54
spa_Latn,460,2,8
spa_Latn,460,3,8
spa_Latn,460,4,17
spa_Latn,460,5,8
spa_Latn,460,6,10
spa_Latn,460,7,39
spa_Latn,460,8,8
spa_Latn,460,9,8
spa_Latn,460,10,8
spa_Latn,460,11,8
spa_Latn,461,0,60
spa_Latn,461,1,47
spa_Latn,461,2,19
spa_Latn,461,3,8
spa_Latn,461,4,61
spa_Latn,461,5,19
spa_Latn,461,6,19
spa_Latn,461,7,10
spa_Latn,461,8,56
spa_Latn,461,9,8
spa_Latn,461,10,8
spa_Latn,462,0,60
spa_Latn,462,1,13
spa_Latn,462,2,19
spa_Latn,462,3,26
spa_Latn,462,4,26
spa_Latn,462,5,47
spa_Latn,462,6,19
spa_Latn,462,7,8
spa_Latn,462,8,47
spa_Latn,462,9,19
spa_Latn,462,10,8
spa_Latn,462,11,13
spa_Latn,462,12,8
spa_Latn,462,13,61
spa_Latn,462,14,19
spa_Latn,462,15,13
spa_Latn,462,16,8
spa_Latn,462,17,61
spa_Latn,462,18,19
spa_Latn,462,19,47
spa_Latn,462,20,19
spa_Latn,462,21,8
spa_Latn,463,0,60
spa_Latn,463,1,8
spa_Latn,463,2,8
spa_Latn,463,3,19
spa_Latn,463,4,15
spa_Latn,463,5,19
spa_Latn,463,6,16
spa_Latn,463,7,8
spa_Latn,463,8,8
spa_Latn,463,9,19
spa_Latn,463,10,36
spa_Latn,463,11,19
spa_Latn,464,0,60
spa_Latn,464,1,19
spa_Latn,464,2,19
spa_Latn,464,3,8
spa_Latn,464,4,56
spa_Latn,464,5,8
spa_Latn,464,6,52
spa_Latn,464,7,19
spa_Latn,464,8,57
spa_Latn,464,9,1
spa_Latn,464,10,52
spa_Latn,465,0,60
spa_Latn,465,1,22
spa_Latn,465,2,40
spa_Latn,465,3,28
spa_Latn,465,4,52
spa_Latn,465,5,47
spa_Latn,465,6,52
eng_Latn,466,0,60
eng_Latn,466,1,61
eng_Latn,466,2,21
eng_Latn,466,3,56
eng_Latn,466,4,51
eng_Latn,466,5,56
eng_Latn,466,6,46
eng_Latn,466,7,21
spa_Latn,467,0,60
spa_Latn,467,1,19
spa_Latn,467,2,39
spa_Latn,467,3,34
spa_Latn,467,4,8
spa_Latn,467,5,8
spa_Latn,467,6,8
spa_Latn,467,7,8
spa_Latn,467,8,8
spa_Latn,467,9,34
eng_Latn,468,0,60
eng_Latn,468,1,9
eng_Latn,468,2,22
eng_Latn,468,3,11
eng_Latn,468,4,40
spa_Latn,469,0,60
spa_Latn,469,1,19
spa_Latn,469,2,19
spa_Latn,469,3,8
spa_Latn,469,4,19
spa_Latn,469,5,19
spa_Latn,469,6,8
spa_Latn,469,7,8
spa_Latn,469,8,19
spa_Latn,469,9,49
spa_Latn,469,10,26
spa_Latn,469,11,7
spa_Latn,470,0,60
spa_Latn,470,1,47
spa_Latn,470,2,19
spa_Latn,470,3,49
spa_Latn,470,4,8
spa_Latn,470,5,47
spa_Latn,470,6,19
spa_Latn,470,7,8
spa_Latn,470,8,24
spa_Latn,470,9,19
spa_Latn,470,10,8
spa_Latn,470,11,19
spa_Latn,470,12,8
spa_Latn,470,13,47
spa_Latn,470,14,8
spa_Latn,470,15,47
spa_Latn,470,16,39
spa_Latn,470,17,8
spa_Latn,470,18,8
spa_Latn,471,0,60
spa_Latn,471,1,47
spa_Latn,471,2,19
spa_Latn,471,3,13
spa_Latn,471,4,19
spa_Latn,471,5,13
spa_Latn,471,6,13
spa_Latn,471,7,13
spa_Latn,471,8,47
spa_Latn,471,9,19
spa_Latn,471,10,13
spa_Latn,472,0,60
spa_Latn,472,1,9
spa_Latn,472,2,19
spa_Latn,472,3,52
spa_Latn,472,4,7
spa_Latn,472,5,8
spa_Latn,472,6,47
spa_Latn,472,7,13
spa_Latn,472,8,52
spa_Latn,472,9,52
spa_Latn,473,0,60
spa_Latn,473,1,61
spa_Latn,473,2,17
spa_Latn,473,3,47
spa_Latn,473,4,39
spa_Latn,473,5,8
spa_Latn,473,6,8
spa_Latn,473,7,61
spa_Latn,473,8,8
eng_Latn,474,0,60
eng_Latn,474,1,15
eng_Latn,474,2,63
eng_Latn,474,3,30
eng_Latn,474,4,63
eng_Latn,474,5,63
eng_Latn,474,6,14
eng_Latn,474,7,14
eng_Latn,474,8,47
spa_Latn,475,0,60
spa_Latn,475,1,8
spa_Latn,475,2,8
spa_Latn,475,3,10
spa_Latn,475,4,61
spa_Latn,475,5,8
spa_Latn,475,6,10
spa_Latn,475,7,10
spa_Latn,475,8,39
spa_Latn,475,9,8
spa_Latn,476,0,60
spa_Latn,476,1,8
spa_Latn,476,2,49
spa_Latn,476,3,5
spa_Latn,476,4,52
spa_Latn,476,5,39
spa_Latn,476,6,12
spa_Latn,476,7,27
spa_Latn,476,8,13
spa_Latn,476,9,9
spa_Latn,477,0,60
spa_Latn,477,1,19
spa_Latn,477,2,39
spa_Latn,477,3,8
spa_Latn,477,4,8
spa_Latn,477,5,47
spa_Latn,477,6,8
spa_Latn,477,7,8
spa_Latn,477,8,8
spa_Latn,477,9,19
spa_Latn,477,10,8
eng_Latn,478,0,60
eng_Latn,478,1,54
eng_Latn,478,2,56
eng_Latn,478,3,56
eng_Latn,478,4,19
eng_Latn,478,5,19
eng_Latn,478,6,16
spa_Latn,479,0,60
spa_Latn,479,1,12
spa_Latn,479,2,19
spa_Latn,479,3,47
spa_Latn,479,4,49
spa_Latn,479,5,5
spa_Latn,479,6,19
spa_Latn,479,7,49
spa_Latn,479,8,12
spa_Latn,479,9,13
spa_Latn,479,10,47
spa_Latn,479,11,13
spa_Latn,479,12,12
spa_Latn,479,13,19
spa_Latn,479,14,13
spa_Latn,479,15,13
spa_Latn,479,16,11
spa_Latn,479,17,13
spa_Latn,479,18,13
spa_Latn,480,0,60
spa_Latn,480,1,19
spa_Latn,480,2,8
spa_Latn,480,3,8
spa_Latn,480,4,13
spa_Latn,480,5,7
spa_Latn,480,6,47
spa_Latn,480,7,8
spa_Latn,480,8,47
spa_Latn,480,9,47
spa_Latn,480,10,8
spa_Latn,480,11,1
spa_Latn,480,12,52
spa_Latn,480,13,19
spa_Latn,480,14,57
spa_Latn,481,0,60
spa_Latn,481,1,19
spa_Latn,481,2,8
spa_Latn,481,3,8
spa_Latn,481,4,61
spa_Latn,481,5,16
spa_Latn,481,6,8
spa_Latn,481,7,8
spa_Latn,481,8,47
spa_Latn,481,9,8
spa_Latn,481,10,8
spa_Latn,481,11,8
spa_Latn,481,12,19
spa_Latn,481,13,14
spa_Latn,482,0,60
spa_Latn,482,1,8
spa_Latn,482,2,47
spa_Latn,482,3,8
spa_Latn,482,4,8
spa_Latn,482,5,8
spa_Latn,482,6,57
spa_Latn,482,7,10
spa_Latn,483,0,60
spa_Latn,483,1,19
spa_Latn,483,2,8
spa_Latn,483,3,19
spa_Latn,483,4,8
spa_Latn,483,5,19
spa_Latn,483,6,8
spa_Latn,483,7,11
spa_Latn,483,8,19
spa_Latn,483,9,8
spa_Latn,483,10,19
spa_Latn,483,11,8
spa_Latn,483,12,8
spa_Latn,484,0,60
spa_Latn,484,1,19
spa_Latn,484,2,19
spa_Latn,484,3,19
spa_Latn,484,4,8
spa_Latn,485,0,60
spa_Latn,485,1,52
spa_Latn,485,2,52
spa_Latn,485,3,52
spa_Latn,485,4,63
spa_Latn,485,5,8
spa_Latn,486,0,60
spa_Latn,486,1,19
spa_Latn,486,2,8
spa_Latn,486,3,8
spa_Latn,487,0,60
spa_Latn,487,1,40
spa_Latn,487,2,8
spa_Latn,487,3,19
spa_Latn,487,4,7
spa_Latn,487,5,60
spa_Latn,487,6,11
spa_Latn,487,7,36
spa_Latn,487,8,52
eng_Latn,488,0,60
eng_Latn,488,1,41
eng_Latn,488,2,15
eng_Latn,488,3,48
eng_Latn,488,4,56
eng_Latn,488,5,57
eng_Latn,488,6,24
eng_Latn,488,7,37
eng_Latn,488,8,37
eng_Latn,488,9,3
spa_Latn,489,0,60
spa_Latn,489,1,11
spa_Latn,489,2,22
spa_Latn,489,3,52
spa_Latn,489,4,37
spa_Latn,489,5,22
spa_Latn,489,6,12
spa_Latn,489,7,47
spa_Latn,489,8,47
spa_Latn,490,0,60
spa_Latn,490,1,19
spa_Latn,490,2,8
spa_Latn,490,3,8
eng_Latn,491,0,60
eng_Latn,491,1,33
eng_Latn,491,2,33
eng_Latn,491,3,33
eng_Latn,491,4,33
eng_Latn,491,5,33
eng_Latn,491,6,63
spa_Latn,492,0,60
spa_Latn,492,1,47
spa_Latn,492,2,19
spa_Latn,492,3,46
spa_Latn,492,4,7
spa_Latn,492,5,47
spa_Latn,492,6,8
spa_Latn,492,7,8
spa_Latn,492,8,8
spa_Latn,492,9,19
spa_Latn,492,10,8
spa_Latn,492,11,8
spa_Latn,492,12,30
spa_Latn,492,13,19
spa_Latn,492,14,8
spa_Latn,492,15,8
spa_Latn,493,0,60
spa_Latn,493,1,19
spa_Latn,493,2,52
spa_Latn,493,3,52
spa_Latn,493,4,52
spa_Latn,493,5,1
spa_Latn,493,6,22
spa_Latn,493,7,52
spa_Latn,493,8,13
spa_Latn,493,9,52
spa_Latn,493,10,9
spa_Latn,493,11,27
spa_Latn,493,12,49
spa_Latn,493,13,5
spa_Latn,493,14,52
spa_Latn,493,15,19
spa_Latn,493,16,12
spa_Latn,493,17,27
spa_Latn,493,18,13
spa_Latn,493,19,9
eng_Latn,494,0,60
eng_Latn,494,1,50
eng_Latn,494,2,39
eng_Latn,494,3,19
eng_Latn,494,4,33
eng_Latn,494,5,46
eng_Latn,494,6,48
eng_Latn,494,7,14
eng_Latn,494,8,27
eng_Latn,494,9,47
eng_Latn,494,10,49
spa_Latn,495,0,60
spa_Latn,495,1,63
spa_Latn,495,2,61
spa_Latn,495,3,19
spa_Latn,496,0,60
spa_Latn,496,1,22
spa_Latn,496,2,47
spa_Latn,496,3,34
spa_Latn,496,4,22
spa_Latn,496,5,35
spa_Latn,496,6,47
spa_Latn,496,7,34
spa_Latn,496,8,8
spa_Latn,496,9,28
spa_Latn,496,10,19
spa_Latn,496,11,34
spa_Latn,496,12,8
eng_Latn,497,0,60
eng_Latn,497,1,29
eng_Latn,497,2,57
eng_Latn,497,3,31
eng_Latn,497,4,59
eng_Latn,497,5,46
eng_Latn,497,6,51
eng_Latn,497,7,16
eng_Latn,497,8,45
eng_Latn,497,9,45
eng_Latn,497,10,34
eng_Latn,498,0,60
eng_Latn,498,1,52
eng_Latn,498,2,18
eng_Latn,498,3,16
eng_Latn,498,4,18
eng_Latn,498,5,16
eng_Latn,498,6,34
eng_Latn,498,7,56
eng_Latn,498,8,33
eng_Latn,498,9,26
eng_Latn,498,10,40
eng_Latn,498,11,13
spa_Latn,499,0,60
spa_Latn,499,1,7
spa_Latn,499,2,7
spa_Latn,499,3,8
spa_Latn,499,4,8
spa_Latn,499,5,8
spa_Latn,499,6,8
spa_Latn,499,7,8
spa_Latn,499,8,8
spa_Latn,499,9,19
spa_Latn,499,10,8
spa_Latn,500,0,60
spa_Latn,500,1,47
spa_Latn,500,2,8
spa_Latn,500,3,5
spa_Latn,500,4,26
spa_Latn,500,5,40
spa_Latn,500,6,49
spa_Latn,500,7,12
spa_Latn,500,8,49
spa_Latn,501,0,60
spa_Latn,501,1,47
spa_Latn,501,2,26
spa_Latn,501,3,49
spa_Latn,501,4,19
spa_Latn,501,5,37
spa_Latn,501,6,37
spa_Latn,501,7,52
spa_Latn,501,8,52
eng_Latn,502,0,60
eng_Latn,502,1,47
eng_Latn,502,2,7
eng_Latn,502,3,49
eng_Latn,502,4,22
eng_Latn,502,5,42
eng_Latn,502,6,19
eng_Latn,502,7,19
eng_Latn,502,8,26
eng_Latn,502,9,60
spa_Latn,503,0,60
spa_Latn,503,1,8
spa_Latn,503,2,19
spa_Latn,503,3,8
spa_Latn,504,0,60
spa_Latn,504,1,27
spa_Latn,504,2,19
spa_Latn,504,3,8
spa_Latn,504,4,8
spa_Latn,504,5,8
spa_Latn,504,6,8
spa_Latn,504,7,19
spa_Latn,504,8,19
spa_Latn,504,9,10
spa_Latn,504,10,47
spa_Latn,504,11,47
spa_Latn,505,0,60
spa_Latn,505,1,19
spa_Latn,505,2,16
spa_Latn,505,3,8
spa_Latn,505,4,10
spa_Latn,505,5,10
spa_Latn,505,6,39
spa_Latn,505,7,8
spa_Latn,505,8,19
spa_Latn,505,9,8
spa_Latn,505,10,53
spa_Latn,505,11,8
spa_Latn,505,12,61
spa_Latn,505,13,34
spa_Latn,506,0,60
spa_Latn,506,1,54
spa_Latn,506,2,39
spa_Latn,506,3,31
spa_Latn,506,4,8
spa_Latn,506,5,1
spa_Latn,506,6,19
spa_Latn,506,7,8
spa_Latn,506,8,8
spa_Latn,506,9,8
spa_Latn,506,10,10
spa_Latn,506,11,8
spa_Latn,506,12,39
spa_Latn,506,13,8
spa_Latn,506,14,39
spa_Latn,506,15,8
spa_Latn,507,0,60
spa_Latn,507,1,8
spa_Latn,507,2,12
spa_Latn,507,3,19
spa_Latn,507,4,19
spa_Latn,507,5,49
spa_Latn,507,6,5
spa_Latn,507,7,26
spa_Latn,507,8,19
spa_Latn,507,9,49
spa_Latn,508,0,60
spa_Latn,508,1,52
spa_Latn,508,2,8
spa_Latn,508,3,8
spa_Latn,508,4,52
spa_Latn,509,0,60
spa_Latn,509,1,19
spa_Latn,509,2,49
spa_Latn,509,3,19
spa_Latn,509,4,8
spa_Latn,509,5,8
spa_Latn,509,6,8
spa_Latn,509,7,8
spa_Latn,510,0,60
spa_Latn,510,1,39
spa_Latn,510,2,16
spa_Latn,510,3,8
spa_Latn,510,4,8
spa_Latn,510,5,8
spa_Latn,510,6,8
spa_Latn,510,7,17
spa_Latn,510,8,19
spa_Latn,510,9,8
spa_Latn,511,0,60
spa_Latn,511,1,13
spa_Latn,511,2,49
spa_Latn,512,0,60
spa_Latn,512,1,5
spa_Latn,512,2,57
spa_Latn,512,3,8
spa_Latn,512,4,17
spa_Latn,512,5,10
spa_Latn,512,6,8
spa_Latn,512,7,8
spa_Latn,512,8,34
spa_Latn,512,9,53
spa_Latn,512,10,8
spa_Latn,512,11,8
spa_Latn,513,0,60
spa_Latn,513,1,9
spa_Latn,513,2,19
spa_Latn,513,3,7
spa_Latn,513,4,52
spa_Latn,513,5,42
spa_Latn,513,6,42
spa_Latn,513,7,19
spa_Latn,513,8,39
spa_Latn,513,9,8
spa_Latn,513,10,39
spa_Latn,513,11,8
spa_Latn,513,12,8
spa_Latn,513,13,39
spa_Latn,513,14,16
spa_Latn,514,0,60
spa_Latn,514,1,19
spa_Latn,514,2,19
spa_Latn,514,3,16
spa_Latn,514,4,8
spa_Latn,514,5,8
spa_Latn,514,6,8
spa_Latn,514,7,8
eng_Latn,515,0,60
eng_Latn,515,1,36
eng_Latn,515,2,56
eng_Latn,515,3,36
eng_Latn,515,4,36
eng_Latn,515,5,63
spa_Latn,516,0,60
spa_Latn,516,1,16
spa_Latn,516,2,17
spa_Latn,516,3,8
spa_Latn,517,0,60
spa_Latn,517,1,9
spa_Latn,517,2,47
spa_Latn,517,3,19
spa_Latn,517,4,6
spa_Latn,517,5,8
spa_Latn,517,6,19
spa_Latn,517,7,15
spa_Latn,517,8,45
spa_Latn,517,9,46
spa_Latn,517,10,15
eng_Latn,518,0,60
eng_Latn,518,1,9
eng_Latn,518,2,38
eng_Latn,518,3,15
eng_Latn,518,4,56
eng_Latn,518,5,63
eng_Latn,518,6,57
eng_Latn,518,7,30
eng_Latn,518,8,52
eng_Latn,518,9,63
spa_Latn,519,0,60
spa_Latn,519,1,8
spa_Latn,519,2,51
spa_Latn,519,3,24
spa_Latn,519,4,61
spa_Latn,519,5,8
spa_Latn,519,6,8
spa_Latn,519,7,8
spa_Latn,519,8,8
spa_Latn,519,9,52
spa_Latn,519,10,52
spa_Latn,519,11,19
spa_Latn,519,12,15
spa_Latn,520,0,60
spa_Latn,520,1,7
spa_Latn,520,2,19
spa_Latn,520,3,8
spa_Latn,520,4,47
spa_Latn,520,5,7
spa_Latn,520,6,8
spa_Latn,520,7,19
spa_Latn,520,8,19
spa_Latn,520,9,8
spa_Latn,520,10,8
spa_Latn,520,11,36
spa_Latn,520,12,28
spa_Latn,520,13,19
spa_Latn,520,14,8
spa_Latn,521,0,60
spa_Latn,521,1,47
spa_Latn,521,2,13
spa_Latn,521,3,54
spa_Latn,521,4,8
spa_Latn,521,5,47
spa_Latn,521,6,8
spa_Latn,521,7,8
spa_Latn,521,8,8
spa_Latn,521,9,39
spa_Latn,521,10,8
spa_Latn,521,11,8
spa_Latn,521,12,8
spa_Latn,522,0,60
spa_Latn,522,1,9
spa_Latn,522,2,22
spa_Latn,522,3,34
spa_Latn,523,0,60
spa_Latn,523,1,17
spa_Latn,523,2,8
spa_Latn,523,3,8
spa_Latn,523,4,19
spa_Latn,523,5,47
spa_Latn,523,6,19
spa_Latn,523,7,8
spa_Latn,523,8,10
spa_Latn,523,9,8
spa_Latn,523,10,19
spa_Latn,523,11,8
spa_Latn,524,0,60
spa_Latn,524,1,9
spa_Latn,524,2,19
spa_Latn,524,3,19
spa_Latn,524,4,8
spa_Latn,524,5,8
spa_Latn,524,6,8
spa_Latn,524,7,19
spa_Latn,524,8,16
spa_Latn,524,9,8
spa_Latn,524,10,19
spa_Latn,524,11,8
spa_Latn,524,12,20
spa_Latn,524,13,40
spa_Latn,524,14,52
eng_Latn,525,0,60
eng_Latn,525,1,47
eng_Latn,525,2,8
eng_Latn,525,3,33
eng_Latn,525,4,33
eng_Latn,525,5,63
eng_Latn,525,6,12
eng_Latn,525,7,61
eng_Latn,525,8,26
eng_Latn,525,9,26
eng_Latn,525,10,26
eng_Latn,525,11,60
spa_Latn,526,0,60
spa_Latn,526,1,49
spa_Latn,526,2,5
spa_Latn,526,3,61
spa_Latn,526,4,47
spa_Latn,526,5,49
spa_Latn,526,6,61
spa_Latn,526,7,50
spa_Latn,526,8,61
spa_Latn,526,9,8
spa_Latn,526,10,52
spa_Latn,527,0,60
spa_Latn,527,1,47
spa_Latn,527,2,8
spa_Latn,527,3,8
spa_Latn,527,4,39
spa_Latn,527,5,8
spa_Latn,527,6,8
spa_Latn,527,7,19
spa_Latn,527,8,37
spa_Latn,527,9,47
spa_Latn,527,10,37
spa_Latn,527,11,8
spa_Latn,527,12,8
spa_Latn,527,13,8
spa_Latn,527,14,8
spa_Latn,527,15,8
eng_Latn,528,0,60
eng_Latn,528,1,53
eng_Latn,528,2,19
eng_Latn,528,3,39
eng_Latn,528,4,9
eng_Latn,528,5,3
eng_Latn,528,6,18
spa_Latn,529,0,60
spa_Latn,529,1,40
spa_Latn,529,2,8
spa_Latn,529,3,8
spa_Latn,529,4,37
spa_Latn,529,5,19
spa_Latn,529,6,49
spa_Latn,529,7,37
spa_Latn,529,8,8
spa_Latn,530,0,60
spa_Latn,530,1,12
spa_Latn,530,2,40
spa_Latn,530,3,60
spa_Latn,530,4,12
spa_Latn,530,5,47
spa_Latn,530,6,47
spa_Latn,530,7,8
spa_Latn,530,8,57
spa_Latn,530,9,49
eng_Latn,531,0,60
eng_Latn,531,1,17
eng_Latn,531,2,17
eng_Latn,531,3,20
eng_Latn,531,4,15
eng_Latn,531,5,48
eng_Latn,532,0,60
eng_Latn,532,1,9
eng_Latn,532,2,9
eng_Latn,532,3,56
eng_Latn,532,4,38
eng_Latn,532,5,35
eng_Latn,532,6,46
spa_Latn,533,0,60
spa_Latn,533,1,4
spa_Latn,533,2,19
spa_Latn,533,3,19
spa_Latn,533,4,39
spa_Latn,533,5,16
spa_Latn,533,6,23
spa_Latn,533,7,8
spa_Latn,533,8,8
spa_Latn,533,9,54
spa_Latn,533,10,8
spa_Latn,533,11,8
spa_Latn,533,12,61
spa_Latn,533,13,8
spa_Latn,534,0,60
spa_Latn,534,1,47
spa_Latn,534,2,7
spa_Latn,534,3,8
spa_Latn,534,4,20
spa_Latn,534,5,35
spa_Latn,534,6,52
spa_Latn,534,7,52
spa_Latn,534,8,47
spa_Latn,534,9,19
spa_Latn,534,10,39
spa_Latn,534,11,8
spa_Latn,534,12,1
spa_Latn,534,13,19
spa_Latn,534,14,52
spa_Latn,534,15,52
spa_Latn,534,16,1
spa_Latn,534,17,37
spa_Latn,535,0,60
spa_Latn,535,1,47
spa_Latn,535,2,39
spa_Latn,535,3,47
spa_Latn,535,4,8
spa_Latn,535,5,58
spa_Latn,536,0,60
spa_Latn,536,1,60
spa_Latn,536,2,60
spa_Latn,536,3,52
spa_Latn,536,4,39
spa_Latn,536,5,39
spa_Latn,536,6,7
spa_Latn,536,7,8
spa_Latn,536,8,19
spa_Latn,536,9,19
spa_Latn,536,10,8
spa_Latn,537,0,60
spa_Latn,537,1,19
spa_Latn,537,2,8
spa_Latn,537,3,19
spa_Latn,537,4,16
spa_Latn,537,5,8
spa_Latn,537,6,47
spa_Latn,537,7,19
spa_Latn,537,8,8
spa_Latn,538,0,60
spa_Latn,538,1,27
spa_Latn,538,2,61
spa_Latn,538,3,8
spa_Latn,538,4,19
spa_Latn,538,5,47
spa_Latn,538,6,47
spa_Latn,538,7,16
spa_Latn,538,8,8
spa_Latn,538,9,16
spa_Latn,538,10,42
spa_Latn,538,11,42
spa_Latn,538,12,24
spa_Latn,538,13,61
spa_Latn,538,14,17
spa_Latn,538,15,8
eng_Latn,539,0,60
eng_Latn,539,1,8
eng_Latn,539,2,8
eng_Latn,539,3,34
eng_Latn,539,4,42
eng_Latn,539,5,18
eng_Latn,539,6,16
spa_Latn,540,0,60
spa_Latn,540,1,19
spa_Latn,540,2,8
spa_Latn,540,3,8
spa_Latn,540,4,8
spa_Latn,540,5,8
spa_Latn,540,6,8
spa_Latn,540,7,35
spa_Latn,540,8,8
spa_Latn,540,9,8
spa_Latn,540,10,8
spa_Latn,540,11,52
spa_Latn,540,12,57
spa_Latn,540,13,8
spa_Latn,541,0,60
spa_Latn,541,1,8
spa_Latn,541,2,42
spa_Latn,541,3,49
spa_Latn,541,4,26
spa_Latn,542,0,60
spa_Latn,542,1,34
spa_Latn,542,2,8
spa_Latn,542,3,8
spa_Latn,542,4,8
spa_Latn,543,0,60
spa_Latn,543,1,19
spa_Latn,543,2,8
spa_Latn,543,3,8
spa_Latn,543,4,52
spa_Latn,543,5,52
spa_Latn,543,6,8
eng_Latn,544,0,60
eng_Latn,544,1,37
eng_Latn,544,2,53
eng_Latn,544,3,34
eng_Latn,545,0,60
eng_Latn,545,1,35
eng_Latn,545,2,17
eng_Latn,545,3,35
eng_Latn,545,4,52
eng_Latn,545,5,52
eng_Latn,545,6,57
eng_Latn,545,7,17
eng_Latn,545,8,51
spa_Latn,546,0,60
spa_Latn,546,1,8
spa_Latn,546,2,19
spa_Latn,546,3,8
spa_Latn,546,4,19
spa_Latn,546,5,39
spa_Latn,547,0,60
spa_Latn,547,1,47
spa_Latn,547,2,47
spa_Latn,547,3,47
spa_Latn,547,4,8
spa_Latn,547,5,8
spa_Latn,547,6,26
spa_Latn,547,7,19
spa_Latn,547,8,49
spa_Latn,548,0,60
spa_Latn,548,1,47
spa_Latn,548,2,49
spa_Latn,548,3,5
spa_Latn,548,4,52
spa_Latn,548,5,39
spa_Latn,548,6,12
spa_Latn,548,7,27
spa_Latn,548,8,13
spa_Latn,548,9,9
spa_Latn,549,0,60
spa_Latn,549,1,8
spa_Latn,549,2,8
spa_Latn,549,3,8
spa_Latn,549,4,8
spa_Latn,549,5,8
spa_Latn,549,6,52
spa_Latn,550,0,60
spa_Latn,550,1,47
spa_Latn,550,2,22
spa_Latn,550,3,19
spa_Latn,550,4,46
spa_Latn,550,5,22
spa_Latn,550,6,11
eng_Latn,551,0,60
eng_Latn,551,1,37
eng_Latn,551,2,52
eng_Latn,551,3,57
eng_Latn,551,4,59
eng_Latn,551,5,50
eng_Latn,551,6,56
eng_Latn,551,7,35
eng_Latn,551,8,35
eng_Latn,551,9,8
eng_Latn,551,10,8
eng_Latn,551,11,48
spa_Latn,552,0,60
spa_Latn,552,1,8
spa_Latn,552,2,34
spa_Latn,552,3,8
spa_Latn,552,4,19
spa_Latn,552,5,34
spa_Latn,553,0,60
spa_Latn,553,1,49
spa_Latn,553,2,8
spa_Latn,553,3,19
spa_Latn,553,4,7
spa_Latn,553,5,8
spa_Latn,553,6,3
spa_Latn,553,7,3
spa_Latn,553,8,19
spa_Latn,553,9,8
spa_Latn,553,10,24
spa_Latn,553,11,52
spa_Latn,553,12,52
spa_Latn,553,13,7
spa_Latn,553,14,44
spa_Latn,554,0,60
spa_Latn,554,1,52
spa_Latn,554,2,52
spa_Latn,554,3,52
spa_Latn,554,4,63
spa_Latn,555,0,60
spa_Latn,555,1,59
spa_Latn,555,2,8
spa_Latn,555,3,19
spa_Latn,555,4,52
spa_Latn,556,0,60
spa_Latn,556,1,19
spa_Latn,556,2,8
spa_Latn,556,3,1
spa_Latn,556,4,19
spa_Latn,556,5,8
spa_Latn,556,6,8
spa_Latn,556,7,19
spa_Latn,556,8,8
spa_Latn,556,9,8
spa_Latn,556,10,8
spa_Latn,556,11,8
spa_Latn,556,12,19
spa_Latn,556,13,8
spa_Latn,556,14,8
spa_Latn,557,0,60
spa_Latn,557,1,47
spa_Latn,557,2,39
spa_Latn,557,3,34
spa_Latn,557,4,8
spa_Latn,557,5,47
spa_Latn,557,6,47
spa_Latn,557,7,8
spa_Latn,558,0,60
spa_Latn,558,1,27
spa_Latn,558,2,49
spa_Latn,558,3,18
spa_Latn,558,4,43
spa_Latn,558,5,61
spa_Latn,558,6,52
spa_Latn,558,7,43
spa_Latn,558,8,27
spa_Latn,558,9,43
spa_Latn,558,10,19
spa_Latn,558,11,47
spa_Latn,558,12,7
spa_Latn,558,13,9
eng_Latn,559,0,60
eng_Latn,559,1,17
eng_Latn,559,2,9
eng_Latn,559,3,56
eng_Latn,559,4,17
eng_Latn,559,5,52
eng_Latn,559,6,17
eng_Latn,559,7,41
eng_Latn,559,8,17
spa_Latn,560,0,60
spa_Latn,560,1,46
spa_Latn,560,2,8
spa_Latn,560,3,19
spa_Latn,560,4,8
spa_Latn,560,5,8
spa_Latn,560,6,17
spa_Latn,560,7,10
spa_Latn,560,8,8
spa_Latn,560,9,47
spa_Latn,560,10,51
spa_Latn,561,0,60
spa_Latn,561,1,22
spa_Latn,561,2,34
spa_Latn,561,3,12
spa_Latn,561,4,22
spa_Latn,561,5,40
spa_Latn,561,6,52
spa_Latn,561,7,24
spa_Latn,561,8,52
spa_Latn,561,9,37
spa_Latn,561,10,12
spa_Latn,561,11,12
spa_Latn,561,12,35
spa_Latn,561,13,47
spa_Latn,561,14,49
spa_Latn,561,15,26
spa_Latn,562,0,60
spa_Latn,562,1,8
spa_Latn,562,2,61
spa_Latn,562,3,57
spa_Latn,562,4,8
spa_Latn,562,5,47
spa_Latn,562,6,8
spa_Latn,562,7,39
spa_Latn,562,8,8
spa_Latn,563,0,60
spa_Latn,563,1,19
spa_Latn,563,2,8
spa_Latn,563,3,47
spa_Latn,564,0,60
spa_Latn,564,1,8
spa_Latn,564,2,8
spa_Latn,564,3,10
spa_Latn,564,4,10
spa_Latn,564,5,19
spa_Latn,564,6,47
spa_Latn,564,7,8
spa_Latn,564,8,8
spa_Latn,564,9,8
spa_Latn,564,10,52
spa_Latn,564,11,52
spa_Latn,564,12,52
spa_Latn,564,13,8
spa_Latn,565,0,60
spa_Latn,565,1,6
spa_Latn,566,0,60
spa_Latn,566,1,22
spa_Latn,566,2,8
spa_Latn,566,3,8
spa_Latn,566,4,12
spa_Latn,566,5,22
eng_Latn,567,0,60
eng_Latn,567,1,16
eng_Latn,567,2,59
eng_Latn,567,3,19
eng_Latn,567,4,17
eng_Latn,567,5,53
eng_Latn,567,6,46
eng_Latn,568,0,60
eng_Latn,568,1,52
eng_Latn,568,2,57
eng_Latn,568,3,33
eng_Latn,569,0,60
eng_Latn,569,1,12
eng_Latn,569,2,42
eng_Latn,569,3,22
eng_Latn,569,4,27
eng_Latn,569,5,49
eng_Latn,569,6,9
eng_Latn,569,7,29
eng_Latn,569,8,22
spa_Latn,570,0,60
spa_Latn,570,1,22
spa_Latn,570,2,47
spa_Latn,570,3,19
spa_Latn,570,4,37
spa_Latn,570,5,52
spa_Latn,570,6,37
spa_Latn,570,7,22
spa_Latn,571,0,60
spa_Latn,571,1,19
spa_Latn,571,2,8
spa_Latn,571,3,1
spa_Latn,571,4,39
spa_Latn,571,5,8
spa_Latn,571,6,8
spa_Latn,571,7,61
spa_Latn,571,8,8
spa_Latn,571,9,19
spa_Latn,571,10,8
spa_Latn,571,11,8
spa_Latn,571,12,8
spa_Latn,571,13,39
spa_Latn,571,14,8
spa_Latn,571,15,8
eng_Latn,572,0,60
eng_Latn,572,1,9
eng_Latn,572,2,22
eng_Latn,572,3,12
eng_Latn,572,4,40
eng_Latn,572,5,47
eng_Latn,572,6,9
eng_Latn,572,7,60
eng_Latn,572,8,12
eng_Latn,572,9,9
eng_Latn,572,10,60
eng_Latn,573,0,60
eng_Latn,573,1,16
eng_Latn,573,2,54
eng_Latn,573,3,46
eng_Latn,573,4,5
eng_Latn,573,5,18
eng_Latn,573,6,56
eng_Latn,573,7,46
eng_Latn,573,8,5
eng_Latn,573,9,16
eng_Latn,573,10,56
eng_Latn,573,11,1
spa_Latn,574,0,60
spa_Latn,574,1,58
spa_Latn,574,2,40
spa_Latn,574,3,49
spa_Latn,574,4,49
spa_Latn,574,5,24
spa_Latn,574,6,52
spa_Latn,574,7,1
spa_Latn,574,8,52
spa_Latn,574,9,50
spa_Latn,574,10,61
spa_Latn,574,11,49
spa_Latn,574,12,26
spa_Latn,574,13,49
spa_Latn,574,14,1
spa_Latn,574,15,52
spa_Latn,575,0,60
spa_Latn,575,1,19
spa_Latn,575,2,37
spa_Latn,575,3,12
spa_Latn,575,4,12
spa_Latn,575,5,26
spa_Latn,575,6,19
spa_Latn,575,7,8
spa_Latn,575,8,19
spa_Latn,575,9,8
eng_Latn,576,0,60
eng_Latn,576,1,18
eng_Latn,576,2,56
eng_Latn,576,3,21
eng_Latn,576,4,51
eng_Latn,576,5,20
eng_Latn,576,6,27
spa_Latn,577,0,60
spa_Latn,577,1,19
spa_Latn,577,2,39
spa_Latn,577,3,8
spa_Latn,577,4,8
spa_Latn,577,5,10
spa_Latn,577,6,8
spa_Latn,577,7,8
spa_Latn,577,8,8
spa_Latn,577,9,8
spa_Latn,577,10,9
spa_Latn,577,11,8
spa_Latn,577,12,19
spa_Latn,577,13,34
spa_Latn,578,0,60
spa_Latn,578,1,40
spa_Latn,578,2,8
spa_Latn,578,3,8
spa_Latn,578,4,19
spa_Latn,578,5,19
spa_Latn,578,6,8
spa_Latn,578,7,8
spa_Latn,578,8,8
spa_Latn,578,9,19
spa_Latn,578,10,19
spa_Latn,578,11,8
eng_Latn,579,0,60
eng_Latn,579,1,19
eng_Latn,579,2,18
eng_Latn,579,3,39
spa_Latn,580,0,60
spa_Latn,580,1,52
spa_Latn,580,2,52
spa_Latn,580,3,39
spa_Latn,580,4,8
spa_Latn,580,5,8
spa_Latn,580,6,8
spa_Latn,580,7,8
spa_Latn,580,8,20
spa_Latn,580,9,8
spa_Latn,580,10,19
spa_Latn,580,11,8
spa_Latn,581,0,60
spa_Latn,581,1,7
spa_Latn,581,2,16
spa_Latn,581,3,35
spa_Latn,581,4,19
spa_Latn,581,5,8
spa_Latn,581,6,8
spa_Latn,581,7,31
spa_Latn,581,8,1
spa_Latn,581,9,19
spa_Latn,581,10,8
eng_Latn,582,0,60
eng_Latn,582,1,9
eng_Latn,582,2,40
eng_Latn,582,3,61
eng_Latn,582,4,33
eng_Latn,582,5,15
eng_Latn,582,6,26
eng_Latn,582,7,61
eng_Latn,582,8,1
eng_Latn,582,9,47
eng_Latn,582,10,33
eng_Latn,582,11,61
spa_Latn,583,0,60
spa_Latn,583,1,8
spa_Latn,583,2,8
spa_Latn,583,3,8
spa_Latn,583,4,8
spa_Latn,583,5,1
spa_Latn,583,6,52
eng_Latn,584,0,60
eng_Latn,584,1,53
eng_Latn,584,2,49
spa_Latn,585,0,60
spa_Latn,585,1,8
spa_Latn,585,2,51
spa_Latn,585,3,8
spa_Latn,585,4,17
spa_Latn,585,5,8
spa_Latn,585,6,8
spa_Latn,586,0,60
spa_Latn,586,1,19
spa_Latn,586,2,8
spa_Latn,586,3,8
spa_Latn,586,4,10
spa_Latn,586,5,47
spa_Latn,586,6,8
spa_Latn,586,7,8
spa_Latn,586,8,8
eng_Latn,587,0,60
eng_Latn,587,1,56
eng_Latn,587,2,51
eng_Latn,587,3,46
eng_Latn,587,4,51
eng_Latn,587,5,54
eng_Latn,587,6,2
eng_Latn,587,7,49
eng_Latn,587,8,19
eng_Latn,587,9,47
eng_Latn,587,10,21
spa_Latn,588,0,60
spa_Latn,588,1,12
spa_Latn,588,2,13
spa_Latn,588,3,1
spa_Latn,588,4,19
spa_Latn,589,0,60
spa_Latn,589,1,39
spa_Latn,589,2,8
spa_Latn,589,3,8
spa_Latn,589,4,39
spa_Latn,589,5,47
spa_Latn,589,6,19
spa_Latn,589,7,8
spa_Latn,589,8,8
spa_Latn,589,9,8
spa_Latn,589,10,8
spa_Latn,589,11,8
spa_Latn,589,12,7
spa_Latn,590,0,60
spa_Latn,590,1,39
spa_Latn,590,2,29
spa_Latn,590,3,8
spa_Latn,590,4,8
spa_Latn,590,5,23
spa_Latn,590,6,8
spa_Latn,590,7,8
spa_Latn,590,8,49
spa_Latn,590,9,26
spa_Latn,590,10,19
spa_Latn,590,11,8
spa_Latn,591,0,60
spa_Latn,591,1,9
spa_Latn,591,2,11
spa_Latn,591,3,27
spa_Latn,591,4,26
spa_Latn,591,5,26
spa_Latn,591,6,26
spa_Latn,591,7,61
spa_Latn,591,8,19
spa_Latn,592,0,60
spa_Latn,592,1,17
spa_Latn,592,2,10
spa_Latn,592,3,39
spa_Latn,592,4,34
spa_Latn,593,0,60
spa_Latn,593,1,39
spa_Latn,593,2,39
spa_Latn,593,3,34
spa_Latn,593,4,19
spa_Latn,593,5,34
spa_Latn,594,0,60
spa_Latn,594,1,61
spa_Latn,594,2,8
spa_Latn,594,3,8
spa_Latn,594,4,8
spa_Latn,594,5,24
spa_Latn,595,0,60
spa_Latn,595,1,8
spa_Latn,595,2,8
spa_Latn,595,3,8
spa_Latn,595,4,34
spa_Latn,596,0,60
spa_Latn,596,1,58
spa_Latn,596,2,19
spa_Latn,596,3,8
spa_Latn,596,4,6
spa_Latn,596,5,6
spa_Latn,596,6,47
spa_Latn,596,7,6
spa_Latn,597,0,60
spa_Latn,597,1,13
spa_Latn,597,2,61
spa_Latn,597,3,19
spa_Latn,597,4,19
spa_Latn,597,5,13
spa_Latn,597,6,13
spa_Latn,597,7,60
spa_Latn,597,8,58
spa_Latn,597,9,7
spa_Latn,597,10,22
spa_Latn,597,11,12
spa_Latn,598,0,60
spa_Latn,598,1,8
spa_Latn,598,2,51
spa_Latn,598,3,1
spa_Latn,598,4,8
spa_Latn,598,5,61
spa_Latn,598,6,15
spa_Latn,598,7,8
spa_Latn,598,8,8
spa_Latn,598,9,61
spa_Latn,598,10,19
spa_Latn,598,11,8
spa_Latn,598,12,8
spa_Latn,598,13,8
spa_Latn,598,14,61
spa_Latn,598,15,8
spa_Latn,599,0,60
spa_Latn,599,1,35
spa_Latn,599,2,19
spa_Latn,599,3,8
spa_Latn,599,4,8
spa_Latn,599,5,28
spa_Latn,599,6,28
spa_Latn,599,7,8
spa_Latn,599,8,8
spa_Latn,600,0,60
spa_Latn,600,1,19
spa_Latn,600,2,27
spa_Latn,600,3,27
spa_Latn,600,4,8
spa_Latn,600,5,19
spa_Latn,600,6,8
spa_Latn,600,7,61
spa_Latn,600,8,19
spa_Latn,600,9,8
spa_Latn,600,10,47
spa_Latn,600,11,8
spa_Latn,600,12,53
spa_Latn,600,13,8
spa_Latn,600,14,57
spa_Latn,600,15,8
eng_Latn,601,0,60
eng_Latn,601,1,57
eng_Latn,601,2,41
eng_Latn,601,3,17
eng_Latn,601,4,17
eng_Latn,601,5,16
eng_Latn,601,6,20
eng_Latn,601,7,54
eng_Latn,601,8,38
eng_Latn,601,9,15
spa_Latn,602,0,60
spa_Latn,602,1,19
spa_Latn,602,2,52
spa_Latn,602,3,1
spa_Latn,602,4,52
spa_Latn,602,5,22
spa_Latn,602,6,24
spa_Latn,602,7,19
spa_Latn,602,8,1
spa_Latn,602,9,8
spa_Latn,602,10,56
spa_Latn,602,11,8
spa_Latn,602,12,8
spa_Latn,602,13,1
spa_Latn,602,14,19
spa_Latn,602,15,22
spa_Latn,602,16,52
spa_Latn,603,0,60
spa_Latn,603,1,8
spa_Latn,603,2,19
spa_Latn,603,3,8
spa_Latn,603,4,8
spa_Latn,603,5,61
spa_Latn,603,6,47
spa_Latn,603,7,8
spa_Latn,603,8,8
spa_Latn,603,9,8
spa_Latn,603,10,57
spa_Latn,603,11,39
spa_Latn,603,12,39
spa_Latn,603,13,8
spa_Latn,603,14,8
spa_Latn,603,15,8
spa_Latn,603,16,8
spa_Latn,604,0,60
spa_Latn,604,1,8
spa_Latn,604,2,19
spa_Latn,604,3,8
spa_Latn,604,4,19
spa_Latn,604,5,8
spa_Latn,604,6,8
spa_Latn,604,7,8
spa_Latn,604,8,19
spa_Latn,604,9,8
spa_Latn,604,10,19
spa_Latn,604,11,19
spa_Latn,604,12,8
eng_Latn,605,0,60
eng_Latn,605,1,49
eng_Latn,605,2,18
eng_Latn,605,3,35
eng_Latn,605,4,57
eng_Latn,605,5,53
eng_Latn,605,6,38
eng_Latn,605,7,51
eng_Latn,605,8,57
eng_Latn,605,9,51
eng_Latn,606,0,60
eng_Latn,606,1,12
eng_Latn,606,2,42
eng_Latn,606,3,22
eng_Latn,606,4,27
eng_Latn,606,5,49
eng_Latn,606,6,12
eng_Latn,606,7,22
eng_Latn,606,8,22
spa_Latn,607,0,60
spa_Latn,607,1,8
spa_Latn,607,2,42
spa_Latn,607,3,8
spa_Latn,607,4,47
spa_Latn,607,5,8
spa_Latn,607,6,8
spa_Latn,607,7,37
spa_Latn,607,8,47
spa_Latn,607,9,34
spa_Latn,608,0,60
spa_Latn,608,1,19
spa_Latn,608,2,8
spa_Latn,608,3,8
spa_Latn,608,4,29
spa_Latn,608,5,8
spa_Latn,608,6,52
spa_Latn,609,0,60
spa_Latn,609,1,8
spa_Latn,609,2,8
spa_Latn,609,3,19
spa_Latn,609,4,19
spa_Latn,609,5,8
spa_Latn,610,0,60
spa_Latn,610,1,47
spa_Latn,610,2,49
spa_Latn,610,3,5
spa_Latn,610,4,24
spa_Latn,610,5,26
spa_Latn,610,6,19
spa_Latn,610,7,49
spa_Latn,610,8,24
spa_Latn,610,9,26
spa_Latn,610,10,19
spa_Latn,610,11,7
spa_Latn,610,12,8
spa_Latn,610,13,9
spa_Latn,610,14,39
spa_Latn,610,15,39
spa_Latn,610,16,49
spa_Latn,610,17,27
spa_Latn,610,18,49
spa_Latn,610,19,27
spa_Latn,610,20,26
spa_Latn,610,21,49
spa_Latn,611,0,60
spa_Latn,611,1,19
spa_Latn,611,2,8
spa_Latn,611,3,8
spa_Latn,611,4,19
spa_Latn,611,5,19
spa_Latn,611,6,15
spa_Latn,611,7,26
spa_Latn,611,8,8
spa_Latn,611,9,8
spa_Latn,611,10,1
spa_Latn,611,11,8
eng_Latn,612,0,60
eng_Latn,612,1,9
eng_Latn,612,2,38
eng_Latn,612,3,15
eng_Latn,612,4,56
eng_Latn,612,5,63
eng_Latn,612,6,14
eng_Latn,612,7,14
eng_Latn,612,8,40
eng_Latn,612,9,1
spa_Latn,613,0,60
spa_Latn,613,1,19
spa_Latn,613,2,47
spa_Latn,613,3,19
spa_Latn,613,4,8
spa_Latn,613,5,47
spa_Latn,613,6,34
spa_Latn,614,0,60
spa_Latn,614,1,19
spa_Latn,614,2,8
spa_Latn,614,3,8
spa_Latn,614,4,19
spa_Latn,614,5,19
spa_Latn,614,6,8
spa_Latn,614,7,8
spa_Latn,614,8,8
spa_Latn,614,9,47
spa_Latn,614,10,19
spa_Latn,614,11,8
spa_Latn,614,12,8
spa_Latn,615,0,60
spa_Latn,615,1,19
spa_Latn,615,2,7
spa_Latn,615,3,11
spa_Latn,615,4,9
spa_Latn,615,5,47
spa_Latn,615,6,13
spa_Latn,615,7,13
spa_Latn,615,8,13
spa_Latn,616,0,60
spa_Latn,616,1,49
spa_Latn,616,2,7
spa_Latn,616,3,53
spa_Latn,616,4,8
spa_Latn,616,5,37
spa_Latn,616,6,8
spa_Latn,617,0,60
spa_Latn,617,1,19
spa_Latn,617,2,19
spa_Latn,617,3,39
spa_Latn,617,4,8
spa_Latn,617,5,8
spa_Latn,617,6,40
spa_Latn,617,7,8
spa_Latn,617,8,8
spa_Latn,617,9,8
spa_Latn,617,10,52
spa_Latn,618,0,60
spa_Latn,618,1,8
spa_Latn,618,2,52
spa_Latn,618,3,8
spa_Latn,618,4,8
spa_Latn,618,5,34
eng_Latn,619,0,60
eng_Latn,619,1,47
eng_Latn,619,2,47
eng_Latn,619,3,40
eng_Latn,619,4,56
eng_Latn,619,5,46
eng_Latn,619,6,59
eng_Latn,619,7,59
eng_Latn,619,8,7
eng_Latn,619,9,33
spa_Latn,620,0,60
spa_Latn,620,1,47
spa_Latn,620,2,19
spa_Latn,620,3,8
spa_Latn,620,4,19
spa_Latn,620,5,8
spa_Latn,620,6,26
spa_Latn,620,7,39
spa_Latn,620,8,8
spa_Latn,621,0,60
spa_Latn,621,1,19
spa_Latn,621,2,8
spa_Latn,621,3,8
spa_Latn,621,4,8
spa_Latn,621,5,8
spa_Latn,621,6,7
spa_Latn,621,7,19
spa_Latn,621,8,10
spa_Latn,621,9,10
spa_Latn,621,10,61
spa_Latn,621,11,8
spa_Latn,621,12,19
spa_Latn,621,13,8
spa_Latn,622,0,60
spa_Latn,622,1,8
spa_Latn,622,2,8
spa_Latn,622,3,8
spa_Latn,622,4,7
spa_Latn,622,5,8
spa_Latn,622,6,8
spa_Latn,622,7,34
spa_Latn,623,0,60
spa_Latn,623,1,1
spa_Latn,623,2,8
spa_Latn,623,3,22
spa_Latn,623,4,9
spa_Latn,623,5,9
spa_Latn,623,6,61
spa_Latn,623,7,8
spa_Latn,623,8,37
spa_Latn,623,9,47
spa_Latn,623,10,34
spa_Latn,624,0,60
spa_Latn,624,1,19
spa_Latn,624,2,8
spa_Latn,624,3,8
spa_Latn,624,4,8
spa_Latn,624,5,26
spa_Latn,624,6,47
spa_Latn,624,7,8
spa_Latn,624,8,40
spa_Latn,624,9,26
spa_Latn,625,0,60
spa_Latn,625,1,11
spa_Latn,625,2,8
spa_Latn,625,3,47
spa_Latn,625,4,19
spa_Latn,625,5,17
spa_Latn,625,6,19
spa_Latn,625,7,8
spa_Latn,626,0,60
spa_Latn,626,1,19
spa_Latn,626,2,52
spa_Latn,626,3,19
spa_Latn,626,4,57
spa_Latn,626,5,8
spa_Latn,626,6,54
spa_Latn,626,7,8
spa_Latn,626,8,1
spa_Latn,626,9,8
spa_Latn,626,10,2
spa_Latn,627,0,60
spa_Latn,627,1,19
spa_Latn,627,2,8
spa_Latn,627,3,8
spa_Latn,627,4,8
spa_Latn,627,5,8
spa_Latn,627,6,8
spa_Latn,627,7,8
spa_Latn,627,8,19
spa_Latn,627,9,39
spa_Latn,627,10,16
spa_Latn,627,11,8
spa_Latn,627,12,39
spa_Latn,627,13,15
spa_Latn,628,0,60
spa_Latn,628,1,19
spa_Latn,628,2,19
spa_Latn,628,3,8
spa_Latn,628,4,19
spa_Latn,628,5,19
spa_Latn,628,6,15
spa_Latn,628,7,28
spa_Latn,628,8,19
spa_Latn,628,9,43
spa_Latn,628,10,19
spa_Latn,628,11,19
spa_Latn,628,12,19
spa_Latn,628,13,8
spa_Latn,628,14,20
spa_Latn,628,15,52
spa_Latn,629,0,60
spa_Latn,629,1,19
spa_Latn,629,2,8
spa_Latn,629,3,19
spa_Latn,629,4,19
spa_Latn,629,5,8
spa_Latn,629,6,8
spa_Latn,629,7,52
spa_Latn,630,0,60
spa_Latn,630,1,19
spa_Latn,630,2,8
spa_Latn,630,3,8
spa_Latn,630,4,8
spa_Latn,630,5,47
spa_Latn,630,6,47
spa_Latn,630,7,10
spa_Latn,630,8,61
spa_Latn,630,9,39
spa_Latn,630,10,8
spa_Latn,630,11,8
spa_Latn,630,12,8
spa_Latn,630,13,8
spa_Latn,630,14,19
spa_Latn,630,15,8
spa_Latn,631,0,60
spa_Latn,631,1,19
spa_Latn,631,2,47
spa_Latn,631,3,8
spa_Latn,631,4,19
spa_Latn,631,5,39
spa_Latn,631,6,8
spa_Latn,631,7,19
spa_Latn,631,8,39
spa_Latn,632,0,60
spa_Latn,632,1,8
spa_Latn,632,2,8
spa_Latn,632,3,8
spa_Latn,632,4,47
spa_Latn,632,5,47
spa_Latn,632,6,10
spa_Latn,632,7,8
spa_Latn,632,8,19
spa_Latn,632,9,39
spa_Latn,632,10,16
eng_Latn,633,0,60
eng_Latn,633,1,57
eng_Latn,633,2,46
eng_Latn,633,3,15
eng_Latn,633,4,63
eng_Latn,633,5,62
eng_Latn,633,6,52
eng_Latn,633,7,8
eng_Latn,633,8,46
eng_Latn,633,9,48
spa_Latn,634,0,60
spa_Latn,634,1,19
spa_Latn,634,2,8
spa_Latn,634,3,8
spa_Latn,634,4,39
spa_Latn,634,5,8
spa_Latn,634,6,46
spa_Latn,634,7,63
spa_Latn,634,8,37
spa_Latn,634,9,61
spa_Latn,634,10,52
spa_Latn,634,11,19
spa_Latn,634,12,8
eng_Latn,635,0,60
eng_Latn,635,1,14
eng_Latn,635,2,48
eng_Latn,635,3,37
eng_Latn,636,0,60
eng_Latn,636,1,19
eng_Latn,636,2,13
eng_Latn,636,3,5
eng_Latn,636,4,47
spa_Latn,637,0,60
spa_Latn,637,1,19
spa_Latn,637,2,8
spa_Latn,637,3,19
spa_Latn,637,4,19
spa_Latn,637,5,47
spa_Latn,637,6,8
spa_Latn,637,7,19
spa_Latn,637,8,39
spa_Latn,637,9,16
spa_Latn,637,10,8
spa_Latn,637,11,20
spa_Latn,637,12,7
eng_Latn,638,0,60
eng_Latn,638,1,9
eng_Latn,638,2,11
eng_Latn,638,3,27
eng_Latn,638,4,27
eng_Latn,638,5,27
eng_Latn,638,6,39
eng_Latn,638,7,11
eng_Latn,638,8,19
eng_Latn,638,9,27
eng_Latn,638,10,26
eng_Latn,638,11,39
eng_Latn,638,12,1
eng_Latn,638,13,9
eng_Latn,638,14,60
spa_Latn,639,0,60
spa_Latn,639,1,29
spa_Latn,639,2,8
spa_Latn,639,3,8
spa_Latn,639,4,47
spa_Latn,639,5,34
spa_Latn,639,6,29
spa_Latn,639,7,8
spa_Latn,639,8,19
spa_Latn,639,9,8
spa_Latn,639,10,10
spa_Latn,639,11,10
spa_Latn,639,12,8
spa_Latn,639,13,10
spa_Latn,639,14,8
eng_Latn,640,0,60
eng_Latn,640,1,17
eng_Latn,640,2,17
eng_Latn,640,3,5
eng_Latn,640,4,5
eng_Latn,640,5,49
spa_Latn,641,0,60
spa_Latn,641,1,47
spa_Latn,641,2,34
spa_Latn,641,3,8
spa_Latn,641,4,39
spa_Latn,641,5,8
spa_Latn,641,6,8
spa_Latn,641,7,37
spa_Latn,641,8,47
spa_Latn,641,9,8
spa_Latn,642,0,60
spa_Latn,642,1,49
spa_Latn,642,2,19
spa_Latn,642,3,19
spa_Latn,642,4,8
spa_Latn,642,5,8
spa_Latn,642,6,8
spa_Latn,642,7,63
spa_Latn,642,8,63
spa_Latn,642,9,8
spa_Latn,642,10,37
spa_Latn,642,11,39
spa_Latn,642,12,8
spa_Latn,643,0,60
spa_Latn,643,1,8
spa_Latn,643,2,8
spa_Latn,643,3,8
spa_Latn,643,4,8
spa_Latn,643,5,20
spa_Latn,643,6,19
spa_Latn,643,7,19
spa_Latn,643,8,34
spa_Latn,643,9,8
spa_Latn,643,10,8
spa_Latn,643,11,19
spa_Latn,643,12,8
spa_Latn,644,0,60
spa_Latn,644,1,8
spa_Latn,644,2,8
spa_Latn,644,3,39
spa_Latn,644,4,7
spa_Latn,644,5,12
spa_Latn,644,6,61
spa_Latn,644,7,39
spa_Latn,644,8,49
spa_Latn,644,9,12
spa_Latn,644,10,52
spa_Latn,644,11,39
spa_Latn,645,0,60
spa_Latn,645,1,19
spa_Latn,645,2,29
spa_Latn,645,3,34
spa_Latn,645,4,42
spa_Latn,645,5,19
spa_Latn,645,6,19
spa_Latn,645,7,39
spa_Latn,645,8,34
spa_Latn,646,0,60
spa_Latn,646,1,19
spa_Latn,646,2,8
spa_Latn,646,3,19
spa_Latn,646,4,8
spa_Latn,646,5,52
eng_Latn,647,0,60
eng_Latn,647,1,39
eng_Latn,647,2,40
eng_Latn,647,3,18
eng_Latn,647,4,51
eng_Latn,647,5,18
eng_Latn,647,6,53
eng_Latn,647,7,16
spa_Latn,648,0,60
spa_Latn,648,1,19
spa_Latn,648,2,8
spa_Latn,648,3,8
spa_Latn,648,4,8
spa_Latn,648,5,8
spa_Latn,648,6,47
spa_Latn,648,7,8
spa_Latn,648,8,47
spa_Latn,648,9,47
spa_Latn,648,10,8
spa_Latn,648,11,1
spa_Latn,648,12,19
spa_Latn,648,13,8
spa_Latn,648,14,8
spa_Latn,648,15,3
spa_Latn,648,16,1
spa_Latn,649,0,60
spa_Latn,649,1,52
spa_Latn,649,2,8
spa_Latn,649,3,8
spa_Latn,649,4,8
spa_Latn,649,5,19
spa_Latn,649,6,10
spa_Latn,649,7,10
spa_Latn,649,8,8
spa_Latn,649,9,8
spa_Latn,649,10,19
spa_Latn,649,11,19
spa_Latn,649,12,39
spa_Latn,649,13,16
spa_Latn,650,0,60
spa_Latn,650,1,8
spa_Latn,650,2,39
spa_Latn,650,3,39
spa_Latn,650,4,8
spa_Latn,651,0,60
spa_Latn,651,1,61
spa_Latn,651,2,8
spa_Latn,651,3,8
spa_Latn,652,0,60
spa_Latn,652,1,47
spa_Latn,652,2,46
spa_Latn,652,3,29
spa_Latn,652,4,19
spa_Latn,652,5,8
spa_Latn,652,6,8
spa_Latn,652,7,19
spa_Latn,652,8,19
spa_Latn,652,9,8
spa_Latn,652,10,53
spa_Latn,652,11,61
spa_Latn,652,12,8
spa_Latn,652,13,47
spa_Latn,652,14,19
spa_Latn,652,15,8
spa_Latn,652,16,8
spa_Latn,653,0,60
spa_Latn,653,1,19
spa_Latn,653,2,8
spa_Latn,653,3,19
spa_Latn,653,4,10
spa_Latn,653,5,8
spa_Latn,653,6,8
spa_Latn,653,7,39
spa_Latn,653,8,8
spa_Latn,653,9,20
spa_Latn,653,10,8
spa_Latn,653,11,47
spa_Latn,653,12,47
spa_Latn,653,13,8
spa_Latn,654,0,60
spa_Latn,654,1,37
spa_Latn,654,2,52
spa_Latn,654,3,19
spa_Latn,654,4,37
spa_Latn,654,5,22
spa_Latn,654,6,22
spa_Latn,654,7,52
spa_Latn,654,8,13
spa_Latn,654,9,52
spa_Latn,654,10,8
spa_Latn,654,11,42
spa_Latn,654,12,22
spa_Latn,655,0,60
spa_Latn,655,1,47
spa_Latn,655,2,8
spa_Latn,655,3,8
spa_Latn,655,4,8
spa_Latn,655,5,8
spa_Latn,655,6,19
spa_Latn,655,7,14
spa_Latn,655,8,14
spa_Latn,655,9,5
spa_Latn,655,10,27
spa_Latn,655,11,49
spa_Latn,655,12,61
spa_Latn,656,0,60
spa_Latn,656,1,39
spa_Latn,656,2,28
spa_Latn,656,3,46
spa_Latn,656,4,52
spa_Latn,657,0,60
spa_Latn,657,1,6
spa_Latn,657,2,10
spa_Latn,657,3,8
spa_Latn,657,4,8
spa_Latn,657,5,10
spa_Latn,657,6,8
spa_Latn,657,7,8
spa_Latn,657,8,8
spa_Latn,657,9,19
spa_Latn,657,10,19
spa_Latn,657,11,63
spa_Latn,657,12,22
spa_Latn,658,0,60
spa_Latn,658,1,58
spa_Latn,658,2,58
spa_Latn,658,3,58
spa_Latn,658,4,1
spa_Latn,658,5,58
spa_Latn,658,6,9
spa_Latn,659,0,60
spa_Latn,659,1,22
spa_Latn,659,2,22
spa_Latn,659,3,19
spa_Latn,659,4,63
spa_Latn,659,5,19
spa_Latn,659,6,47
spa_Latn,659,7,63
spa_Latn,659,8,8
spa_Latn,659,9,39
spa_Latn,659,10,8
spa_Latn,659,11,8
spa_Latn,659,12,19
spa_Latn,659,13,8
spa_Latn,660,0,60
spa_Latn,660,1,57
spa_Latn,660,2,1
spa_Latn,660,3,8
spa_Latn,660,4,20
spa_Latn,660,5,1
spa_Latn,660,6,52
spa_Latn,660,7,8
spa_Latn,661,0,60
spa_Latn,661,1,19
spa_Latn,661,2,8
spa_Latn,661,3,37
spa_Latn,661,4,19
spa_Latn,661,5,8
spa_Latn,661,6,56
spa_Latn,661,7,61
spa_Latn,661,8,19
spa_Latn,661,9,19
spa_Latn,662,0,60
spa_Latn,662,1,8
spa_Latn,662,2,8
spa_Latn,663,0,60
spa_Latn,663,1,8
spa_Latn,663,2,15
spa_Latn,663,3,19
spa_Latn,663,4,47
spa_Latn,663,5,39
spa_Latn,663,6,10
spa_Latn,663,7,8
spa_Latn,663,8,19
spa_Latn,663,9,47
spa_Latn,663,10,8
spa_Latn,663,11,8
spa_Latn,663,12,10
spa_Latn,664,0,60
spa_Latn,664,1,40
spa_Latn,664,2,1
spa_Latn,664,3,8
spa_Latn,664,4,8
spa_Latn,664,5,19
spa_Latn,664,6,47
spa_Latn,664,7,19
spa_Latn,664,8,8
spa_Latn,664,9,8
spa_Latn,664,10,19
spa_Latn,664,11,8
spa_Latn,664,12,8
spa_Latn,664,13,19
spa_Latn,664,14,8
eng_Latn,665,0,60
eng_Latn,665,1,46
eng_Latn,665,2,5
eng_Latn,665,3,54
eng_Latn,665,4,48
eng_Latn,665,5,8
eng_Latn,665,6,15
eng_Latn,665,7,48
eng_Latn,665,8,56
eng_Latn,665,9,34
eng_Latn,665,10,34
spa_Latn,666,0,60
spa_Latn,666,1,6
spa_Latn,666,2,27
spa_Latn,666,3,8
spa_Latn,666,4,8
spa_Latn,666,5,8
spa_Latn,666,6,19
spa_Latn,666,7,15
eng_Latn,667,0,60
eng_Latn,667,1,56
eng_Latn,667,2,24
eng_Latn,667,3,19
eng_Latn,667,4,40
eng_Latn,667,5,49
eng_Latn,667,6,12
eng_Latn,667,7,22
eng_Latn,667,8,40
eng_Latn,667,9,15
eng_Latn,667,10,48
eng_Latn,667,11,59
eng_Latn,667,12,51
spa_Latn,668,0,60
spa_Latn,668,1,7
spa_Latn,668,2,8
spa_Latn,668,3,8
spa_Latn,668,4,24
spa_Latn,668,5,10
spa_Latn,668,6,10
spa_Latn,668,7,8
spa_Latn,669,0,60
spa_Latn,669,1,39
spa_Latn,669,2,19
spa_Latn,669,3,8
spa_Latn,669,4,19
spa_Latn,669,5,19
spa_Latn,669,6,8
spa_Latn,669,7,8
spa_Latn,669,8,8
spa_Latn,669,9,1
spa_Latn,669,10,39
spa_Latn,669,11,8
spa_Latn,669,12,8
spa_Latn,669,13,47
spa_Latn,669,14,19
spa_Latn,669,15,8
spa_Latn,670,0,60
spa_Latn,670,1,47
spa_Latn,670,2,8
spa_Latn,670,3,10
spa_Latn,671,0,60
spa_Latn,671,1,47
spa_Latn,671,2,8
spa_Latn,671,3,8
spa_Latn,671,4,8
spa_Latn,671,5,5
spa_Latn,671,6,52
spa_Latn,671,7,19
spa_Latn,671,8,37
spa_Latn,671,9,12
spa_Latn,671,10,27
spa_Latn,671,11,7
spa_Latn,671,12,9
spa_Latn,672,0,60
spa_Latn,672,1,16
spa_Latn,672,2,8
spa_Latn,672,3,8
eng_Latn,673,0,60
eng_Latn,673,1,51
eng_Latn,673,2,18
eng_Latn,673,3,18
eng_Latn,673,4,21
eng_Latn,673,5,16
eng_Latn,673,6,54
eng_Latn,673,7,52
eng_Latn,673,8,52
eng_Latn,673,9,52
eng_Latn,673,10,37
eng_Latn,673,11,49
spa_Latn,674,0,60
spa_Latn,674,1,12
spa_Latn,674,2,19
spa_Latn,674,3,47
spa_Latn,674,4,49
spa_Latn,674,5,5
spa_Latn,674,6,19
spa_Latn,674,7,49
spa_Latn,674,8,12
spa_Latn,674,9,13
spa_Latn,674,10,47
spa_Latn,674,11,13
spa_Latn,674,12,12
spa_Latn,674,13,19
spa_Latn,674,14,13
spa_Latn,674,15,13
spa_Latn,674,16,11
spa_Latn,674,17,13
spa_Latn,674,18,13
spa_Latn,675,0,60
spa_Latn,675,1,19
spa_Latn,675,2,39
spa_Latn,675,3,39
spa_Latn,675,4,7
spa_Latn,675,5,34
spa_Latn,675,6,34
spa_Latn,675,7,8
spa_Latn,675,8,19
spa_Latn,675,9,19
spa_Latn,675,10,39
spa_Latn,675,11,16
spa_Latn,675,12,19
spa_Latn,675,13,8
spa_Latn,675,14,8
spa_Latn,675,15,9
spa_Latn,676,0,60
spa_Latn,676,1,19
spa_Latn,676,2,19
spa_Latn,676,3,8
spa_Latn,677,0,60
spa_Latn,677,1,19
spa_Latn,677,2,8
spa_Latn,677,3,8
spa_Latn,677,4,20
spa_Latn,677,5,52
spa_Latn,677,6,63
spa_Latn,677,7,52
spa_Latn,677,8,47
spa_Latn,677,9,8
spa_Latn,677,10,52
spa_Latn,677,11,28
spa_Latn,677,12,28
spa_Latn,677,13,28
spa_Latn,678,0,60
spa_Latn,678,1,19
spa_Latn,678,2,19
spa_Latn,678,3,16
eng_Latn,679,0,60
eng_Latn,679,1,33
eng_Latn,679,2,1
eng_Latn,679,3,52
eng_Latn,679,4,37
eng_Latn,679,5,52
eng_Latn,679,6,1
eng_Latn,679,7,1
eng_Latn,679,8,13
eng_Latn,679,9,13
spa_Latn,680,0,60
spa_Latn,680,1,19
spa_Latn,680,2,19
spa_Latn,680,3,19
spa_Latn,680,4,16
spa_Latn,681,0,60
spa_Latn,681,1,19
spa_Latn,681,2,7
spa_Latn,681,3,7
spa_Latn,681,4,27
spa_Latn,681,5,9
spa_Latn,681,6,47
spa_Latn,681,7,47
spa_Latn,681,8,8
spa_Latn,682,0,60
spa_Latn,682,1,8
spa_Latn,682,2,39
spa_Latn,682,3,47
spa_Latn,682,4,39
spa_Latn,682,5,8
eng_Latn,683,0,60
eng_Latn,683,1,1
eng_Latn,683,2,37
eng_Latn,683,3,37
eng_Latn,683,4,37
eng_Latn,683,5,49
spa_Latn,684,0,60
spa_Latn,684,1,61
spa_Latn,684,2,8
spa_Latn,684,3,8
spa_Latn,684,4,8
spa_Latn,685,0,60
spa_Latn,685,1,19
spa_Latn,685,2,19
spa_Latn,685,3,8
spa_Latn,686,0,60
spa_Latn,686,1,19
spa_Latn,686,2,19
spa_Latn,686,3,13
spa_Latn,686,4,39
spa_Latn,686,5,47
spa_Latn,686,6,19
spa_Latn,686,7,13
spa_Latn,686,8,26
spa_Latn,686,9,19
spa_Latn,686,10,39
spa_Latn,687,0,60
spa_Latn,687,1,25
spa_Latn,687,2,8
spa_Latn,687,3,51
spa_Latn,687,4,47
spa_Latn,687,5,16
spa_Latn,688,0,60
spa_Latn,688,1,54
spa_Latn,688,2,52
spa_Latn,688,3,47
spa_Latn,688,4,8
spa_Latn,688,5,46
spa_Latn,688,6,8
spa_Latn,688,7,20
spa_Latn,688,8,27
spa_Latn,688,9,47
spa_Latn,688,10,10
spa_Latn,688,11,5
spa_Latn,688,12,52
spa_Latn,689,0,60
spa_Latn,689,1,57
spa_Latn,689,2,8
spa_Latn,689,3,8
spa_Latn,689,4,39
spa_Latn,689,5,16
spa_Latn,689,6,8
spa_Latn,689,7,19
spa_Latn,689,8,49
spa_Latn,690,0,60
spa_Latn,690,1,8
spa_Latn,690,2,8
spa_Latn,690,3,19
spa_Latn,690,4,8
spa_Latn,690,5,35
spa_Latn,690,6,10
spa_Latn,690,7,10
spa_Latn,690,8,8
spa_Latn,690,9,19
spa_Latn,690,10,19
spa_Latn,690,11,8
spa_Latn,691,0,60
spa_Latn,691,1,49
spa_Latn,691,2,39
spa_Latn,691,3,13
spa_Latn,691,4,26
spa_Latn,692,0,60
spa_Latn,692,1,19
spa_Latn,692,2,8
spa_Latn,692,3,31
spa_Latn,692,4,19
spa_Latn,692,5,16
eng_Latn,693,0,60
eng_Latn,693,1,40
eng_Latn,693,2,14
spa_Latn,694,0,60
spa_Latn,694,1,19
spa_Latn,694,2,8
spa_Latn,694,3,8
spa_Latn,694,4,47
spa_Latn,694,5,8
spa_Latn,694,6,23
spa_Latn,694,7,8
spa_Latn,694,8,8
spa_Latn,694,9,19
spa_Latn,694,10,47
spa_Latn,694,11,8
spa_Latn,694,12,8
spa_Latn,694,13,52
spa_Latn,695,0,60
spa_Latn,695,1,27
spa_Latn,695,2,27
spa_Latn,695,3,29
spa_Latn,695,4,27
spa_Latn,696,0,60
spa_Latn,696,1,40
spa_Latn,696,2,22
spa_Latn,696,3,22
spa_Latn,697,0,60
spa_Latn,697,1,19
spa_Latn,697,2,8
spa_Latn,697,3,16
spa_Latn,697,4,8
spa_Latn,697,5,8
spa_Latn,698,0,60
spa_Latn,698,1,19
spa_Latn,698,2,40
spa_Latn,698,3,19
spa_Latn,698,4,19
spa_Latn,698,5,8
spa_Latn,698,6,19
spa_Latn,698,7,8
spa_Latn,698,8,8
spa_Latn,698,9,19
spa_Latn,698,10,8
spa_Latn,699,0,60
spa_Latn,699,1,19
spa_Latn,699,2,39
spa_Latn,699,3,8
spa_Latn,699,4,8
spa_Latn,699,5,8
spa_Latn,699,6,39
spa_Latn,699,7,8
spa_Latn,699,8,19
spa_Latn,699,9,8
spa_Latn,699,10,8
spa_Latn,699,11,3
spa_Latn,699,12,47
spa_Latn,700,0,60
spa_Latn,700,1,19
spa_Latn,700,2,15
spa_Latn,700,3,8
spa_Latn,700,4,47
spa_Latn,700,5,47
spa_Latn,700,6,34
spa_Latn,700,7,8
spa_Latn,700,8,8
spa_Latn,700,9,1
spa_Latn,700,10,52
spa_Latn,700,11,47
spa_Latn,700,12,19
spa_Latn,700,13,39
spa_Latn,700,14,8
spa_Latn,701,0,60
spa_Latn,701,1,19
spa_Latn,701,2,8
spa_Latn,701,3,8
spa_Latn,701,4,8
spa_Latn,701,5,8
spa_Latn,701,6,8
spa_Latn,701,7,19
spa_Latn,701,8,47
spa_Latn,701,9,16
spa_Latn,701,10,20
spa_Latn,701,11,26
spa_Latn,702,0,60
spa_Latn,702,1,12
spa_Latn,702,2,52
spa_Latn,702,3,60
spa_Latn,702,4,1
spa_Latn,702,5,52
spa_Latn,702,6,60
spa_Latn,702,7,12
spa_Latn,702,8,1
spa_Latn,702,9,13
spa_Latn,703,0,60
spa_Latn,703,1,39
spa_Latn,703,2,47
spa_Latn,703,3,8
spa_Latn,704,0,60
spa_Latn,704,1,54
spa_Latn,704,2,8
spa_Latn,704,3,19
spa_Latn,704,4,8
spa_Latn,704,5,27
spa_Latn,704,6,40
spa_Latn,704,7,49
spa_Latn,704,8,8
spa_Latn,704,9,9
spa_Latn,704,10,11
spa_Latn,704,11,47
spa_Latn,704,12,47
spa_Latn,704,13,8
spa_Latn,705,0,60
spa_Latn,705,1,19
spa_Latn,705,2,39
spa_Latn,705,3,8
spa_Latn,705,4,8
spa_Latn,705,5,17
spa_Latn,705,6,8
spa_Latn,705,7,17
spa_Latn,705,8,47
spa_Latn,705,9,8
spa_Latn,705,10,8
spa_Latn,706,0,60
spa_Latn,706,1,15
spa_Latn,706,2,56
spa_Latn,706,3,8
spa_Latn,706,4,19
spa_Latn,706,5,8
spa_Latn,707,0,60
spa_Latn,707,1,8
spa_Latn,707,2,8
spa_Latn,707,3,19
spa_Latn,707,4,8
spa_Latn,707,5,61
spa_Latn,707,6,8
spa_Latn,707,7,8
spa_Latn,707,8,8
spa_Latn,707,9,29
spa_Latn,707,10,8
spa_Latn,707,11,52
spa_Latn,707,12,47
spa_Latn,707,13,8
spa_Latn,707,14,47
spa_Latn,707,15,63
spa_Latn,708,0,60
spa_Latn,708,1,19
spa_Latn,708,2,1
spa_Latn,708,3,8
spa_Latn,708,4,19
spa_Latn,708,5,10
spa_Latn,708,6,8
spa_Latn,708,7,8
spa_Latn,708,8,8
spa_Latn,708,9,19
spa_Latn,708,10,8
eng_Latn,709,0,60
eng_Latn,709,1,22
eng_Latn,709,2,52
eng_Latn,709,3,46
eng_Latn,709,4,3
eng_Latn,709,5,57
eng_Latn,709,6,49
spa_Latn,710,0,60
spa_Latn,710,1,47
spa_Latn,710,2,47
spa_Latn,710,3,8
spa_Latn,710,4,8
spa_Latn,710,5,1
spa_Latn,710,6,8
spa_Latn,710,7,1
spa_Latn,710,8,19
spa_Latn,710,9,8
spa_Latn,710,10,8
spa_Latn,711,0,60
spa_Latn,711,1,22
spa_Latn,711,2,9
spa_Latn,711,3,9
spa_Latn,711,4,22
spa_Latn,711,5,34
spa_Latn,711,6,42
spa_Latn,711,7,22
spa_Latn,711,8,26
spa_Latn,711,9,26
spa_Latn,711,10,61
spa_Latn,711,11,26
spa_Latn,711,12,39
spa_Latn,711,13,24
spa_Latn,711,14,39
spa_Latn,711,15,47
spa_Latn,712,0,60
spa_Latn,712,1,61
spa_Latn,712,2,19
spa_Latn,712,3,8
spa_Latn,712,4,23
spa_Latn,712,5,8
spa_Latn,712,6,8
spa_Latn,712,7,17
spa_Latn,712,8,47
spa_Latn,712,9,8
eng_Latn,713,0,60
eng_Latn,713,1,57
eng_Latn,713,2,45
eng_Latn,713,3,46
eng_Latn,713,4,17
eng_Latn,713,5,56
eng_Latn,713,6,35
eng_Latn,713,7,35
eng_Latn,713,8,34
spa_Latn,714,0,60
spa_Latn,714,1,6
spa_Latn,714,2,39
spa_Latn,714,3,46
spa_Latn,714,4,62
spa_Latn,714,5,61
spa_Latn,714,6,19
spa_Latn,714,7,8
spa_Latn,714,8,19
spa_Latn,714,9,19
spa_Latn,714,10,8
spa_Latn,714,11,8
spa_Latn,714,12,47
spa_Latn,714,13,19
spa_Latn,714,14,62
eng_Latn,715,0,60
eng_Latn,715,1,22
eng_Latn,715,2,22
eng_Latn,715,3,34
eng_Latn,715,4,29
eng_Latn,715,5,34
eng_Latn,715,6,34
spa_Latn,716,0,60
spa_Latn,716,1,26
spa_Latn,716,2,8
spa_Latn,716,3,8
spa_Latn,716,4,47
spa_Latn,716,5,34
spa_Latn,717,0,60
spa_Latn,717,1,57
spa_Latn,717,2,52
spa_Latn,717,3,8
spa_Latn,717,4,8
spa_Latn,718,0,60
spa_Latn,718,1,22
spa_Latn,718,2,8
spa_Latn,718,3,47
spa_Latn,718,4,8
spa_Latn,718,5,53
spa_Latn,718,6,19
spa_Latn,718,7,49
spa_Latn,718,8,5
spa_Latn,718,9,8
spa_Latn,719,0,60
spa_Latn,719,1,8
spa_Latn,719,2,31
spa_Latn,719,3,8
spa_Latn,719,4,34
spa_Latn,719,5,53
spa_Latn,719,6,8
spa_Latn,719,7,7
spa_Latn,719,8,34
spa_Latn,719,9,28
spa_Latn,719,10,39
spa_Latn,719,11,8
spa_Latn,719,12,8
spa_Latn,720,0,60
spa_Latn,720,1,8
spa_Latn,720,2,42
spa_Latn,720,3,4
spa_Latn,720,4,34
spa_Latn,721,0,60
spa_Latn,721,1,8
spa_Latn,721,2,8
spa_Latn,721,3,51
spa_Latn,721,4,8
spa_Latn,721,5,19
spa_Latn,721,6,10
spa_Latn,721,7,8
spa_Latn,721,8,8
spa_Latn,721,9,19
spa_Latn,721,10,8
spa_Latn,722,0,60
spa_Latn,722,1,8
spa_Latn,722,2,8
spa_Latn,722,3,8
spa_Latn,722,4,19
spa_Latn,722,5,8
spa_Latn,722,6,8
spa_Latn,722,7,47
spa_Latn,722,8,8
spa_Latn,722,9,8
spa_Latn,722,10,19
spa_Latn,722,11,8
spa_Latn,722,12,8
spa_Latn,722,13,19
spa_Latn,722,14,19
spa_Latn,722,15,8
spa_Latn,723,0,60
spa_Latn,723,1,19
spa_Latn,723,2,10
spa_Latn,723,3,56
spa_Latn,723,4,8
spa_Latn,723,5,16
spa_Latn,723,6,8
spa_Latn,723,7,8
spa_Latn,723,8,37
spa_Latn,723,9,61
spa_Latn,723,10,52
spa_Latn,723,11,8
spa_Latn,723,12,57
spa_Latn,723,13,8
spa_Latn,723,14,8
spa_Latn,723,15,7
eng_Latn,724,0,60
eng_Latn,724,1,56
eng_Latn,724,2,48
eng_Latn,724,3,56
eng_Latn,724,4,46
spa_Latn,725,0,60
spa_Latn,725,1,19
spa_Latn,725,2,61
spa_Latn,725,3,33
spa_Latn,725,4,12
spa_Latn,725,5,47
spa_Latn,725,6,1
spa_Latn,725,7,1
spa_Latn,725,8,47
spa_Latn,725,9,11
spa_Latn,725,10,26
spa_Latn,725,11,26
spa_Latn,725,12,39
spa_Latn,725,13,26
spa_Latn,725,14,42
spa_Latn,725,15,26
spa_Latn,725,16,39
spa_Latn,725,17,39
spa_Latn,726,0,60
spa_Latn,726,1,61
spa_Latn,726,2,17
spa_Latn,726,3,17
spa_Latn,726,4,1
spa_Latn,726,5,19
spa_Latn,726,6,39
spa_Latn,726,7,8
spa_Latn,727,0,60
spa_Latn,727,1,8
spa_Latn,727,2,8
spa_Latn,727,3,61
spa_Latn,727,4,8
spa_Latn,727,5,8
spa_Latn,727,6,19
spa_Latn,727,7,8
spa_Latn,727,8,8
spa_Latn,727,9,8
spa_Latn,727,10,8
spa_Latn,727,11,47
spa_Latn,727,12,8
spa_Latn,728,0,60
spa_Latn,728,1,12
spa_Latn,728,2,19
spa_Latn,728,3,7
spa_Latn,728,4,63
spa_Latn,728,5,53
spa_Latn,728,6,24
spa_Latn,728,7,19
spa_Latn,728,8,60
spa_Latn,728,9,19
spa_Latn,728,10,8
spa_Latn,728,11,19
spa_Latn,728,12,8
spa_Latn,729,0,60
spa_Latn,729,1,12
spa_Latn,729,2,13
spa_Latn,729,3,1
spa_Latn,729,4,52
spa_Latn,729,5,37
spa_Latn,729,6,60
spa_Latn,729,7,11
spa_Latn,729,8,39
spa_Latn,730,0,60
spa_Latn,730,1,49
spa_Latn,730,2,5
spa_Latn,730,3,52
spa_Latn,730,4,19
spa_Latn,730,5,7
spa_Latn,730,6,12
spa_Latn,730,7,27
spa_Latn,730,8,13
spa_Latn,730,9,9
eng_Latn,731,0,60
eng_Latn,731,1,18
eng_Latn,731,2,18
eng_Latn,731,3,34
eng_Latn,731,4,48
eng_Latn,731,5,56
eng_Latn,731,6,37
eng_Latn,731,7,16
eng_Latn,731,8,51
spa_Latn,732,0,60
spa_Latn,732,1,47
spa_Latn,732,2,22
spa_Latn,732,3,42
spa_Latn,732,4,39
spa_Latn,732,5,47
spa_Latn,732,6,27
spa_Latn,732,7,39
spa_Latn,733,0,60
spa_Latn,733,1,8
spa_Latn,733,2,13
spa_Latn,733,3,11
spa_Latn,733,4,61
spa_Latn,733,5,19
spa_Latn,733,6,19
spa_Latn,733,7,19
spa_Latn,733,8,13
spa_Latn,734,0,60
spa_Latn,734,1,24
spa_Latn,734,2,61
spa_Latn,734,3,7
spa_Latn,734,4,19
spa_Latn,734,5,61
spa_Latn,734,6,52
spa_Latn,734,7,8
spa_Latn,734,8,61
spa_Latn,734,9,8
spa_Latn,734,10,8
spa_Latn,734,11,61
spa_Latn,734,12,10
spa_Latn,734,13,39
spa_Latn,734,14,8
spa_Latn,734,15,8
spa_Latn,734,16,47
spa_Latn,734,17,8
spa_Latn,734,18,8
spa_Latn,735,0,60
spa_Latn,735,1,61
spa_Latn,735,2,8
spa_Latn,735,3,8
spa_Latn,735,4,8
spa_Latn,735,5,19
spa_Latn,735,6,47
spa_Latn,735,7,8
spa_Latn,735,8,8
spa_Latn,735,9,19
spa_Latn,735,10,47
spa_Latn,735,11,63
spa_Latn,736,0,60
spa_Latn,736,1,49
spa_Latn,736,2,5
spa_Latn,736,3,52
spa_Latn,736,4,39
spa_Latn,736,5,12
spa_Latn,736,6,27
spa_Latn,736,7,13
spa_Latn,736,8,9
spa_Latn,737,0,60
spa_Latn,737,1,19
spa_Latn,737,2,39
spa_Latn,737,3,8
spa_Latn,738,0,60
spa_Latn,738,1,8
spa_Latn,738,2,19
spa_Latn,738,3,8
spa_Latn,738,4,8
spa_Latn,738,5,19
spa_Latn,738,6,8
eng_Latn,739,0,60
eng_Latn,739,1,45
eng_Latn,739,2,18
eng_Latn,739,3,53
eng_Latn,739,4,16
eng_Latn,739,5,30
eng_Latn,739,6,46
eng_Latn,739,7,15
eng_Latn,740,0,60
eng_Latn,740,1,13
eng_Latn,740,2,6
eng_Latn,740,3,9
eng_Latn,740,4,39
eng_Latn,740,5,40
eng_Latn,740,6,43
eng_Latn,740,7,37
eng_Latn,740,8,57
eng_Latn,740,9,52
eng_Latn,740,10,37
eng_Latn,740,11,52
spa_Latn,741,0,60
spa_Latn,741,1,8
spa_Latn,741,2,10
spa_Latn,741,3,8
spa_Latn,741,4,8
spa_Latn,741,5,47
spa_Latn,741,6,8
spa_Latn,741,7,8
spa_Latn,741,8,19
spa_Latn,741,9,8
spa_Latn,742,0,60
spa_Latn,742,1,19
spa_Latn,742,2,39
spa_Latn,742,3,16
spa_Latn,742,4,8
spa_Latn,742,5,1
spa_Latn,742,6,39
spa_Latn,742,7,8
eng_Latn,743,0,60
eng_Latn,743,1,26
eng_Latn,743,2,30
eng_Latn,743,3,46
eng_Latn,743,4,15
spa_Latn,744,0,60
spa_Latn,744,1,19
spa_Latn,744,2,22
spa_Latn,744,3,8
spa_Latn,744,4,8
spa_Latn,744,5,39
spa_Latn,744,6,8
spa_Latn,744,7,8
spa_Latn,744,8,8
spa_Latn,744,9,37
spa_Latn,745,0,60
spa_Latn,745,1,46
spa_Latn,745,2,8
spa_Latn,745,3,19
spa_Latn,745,4,46
spa_Latn,745,5,63
spa_Latn,746,0,60
spa_Latn,746,1,39
spa_Latn,746,2,47
spa_Latn,746,3,8
spa_Latn,746,4,39
spa_Latn,746,5,8
spa_Latn,747,0,60
spa_Latn,747,1,8
spa_Latn,747,2,8
spa_Latn,747,3,39
spa_Latn,747,4,19
spa_Latn,747,5,39
spa_Latn,747,6,16
spa_Latn,747,7,8
spa_Latn,747,8,39
spa_Latn,747,9,16
spa_Latn,747,10,8
spa_Latn,747,11,8
spa_Latn,747,12,47
spa_Latn,747,13,8
spa_Latn,748,0,60
spa_Latn,748,1,19
spa_Latn,748,2,8
spa_Latn,748,3,8
spa_Latn,748,4,19
spa_Latn,748,5,19
spa_Latn,748,6,8
spa_Latn,748,7,8
spa_Latn,748,8,8
spa_Latn,748,9,1
spa_Latn,748,10,40
spa_Latn,748,11,10
spa_Latn,748,12,8
spa_Latn,748,13,8
spa_Latn,748,14,40
spa_Latn,749,0,60
spa_Latn,749,1,47
spa_Latn,749,2,16
spa_Latn,749,3,8
spa_Latn,749,4,39
spa_Latn,749,5,47
spa_Latn,749,6,8
eng_Latn,750,0,60
eng_Latn,750,1,61
eng_Latn,750,2,1
eng_Latn,750,3,33
eng_Latn,750,4,24
eng_Latn,750,5,15
eng_Latn,750,6,16
spa_Latn,751,0,60
spa_Latn,751,1,19
spa_Latn,751,2,8
spa_Latn,751,3,47
spa_Latn,751,4,39
spa_Latn,751,5,63
spa_Latn,751,6,1
spa_Latn,751,7,8
spa_Latn,751,8,8
spa_Latn,751,9,47
spa_Latn,751,10,47
spa_Latn,751,11,23
spa_Latn,752,0,60
spa_Latn,752,1,39
spa_Latn,752,2,8
spa_Latn,752,3,8
spa_Latn,752,4,8
spa_Latn,752,5,61
spa_Latn,752,6,39
spa_Latn,752,7,8
spa_Latn,752,8,36
spa_Latn,752,9,52
spa_Latn,752,10,1
spa_Latn,752,11,52
spa_Latn,752,12,8
spa_Latn,753,0,60
spa_Latn,753,1,12
spa_Latn,753,2,61
spa_Latn,753,3,22
spa_Latn,753,4,35
spa_Latn,753,5,8
spa_Latn,753,6,8
spa_Latn,753,7,17
spa_Latn,753,8,8
spa_Latn,753,9,8
spa_Latn,753,10,19
spa_Latn,753,11,8
spa_Latn,754,0,60
spa_Latn,754,1,47
spa_Latn,754,2,8
spa_Latn,754,3,8
spa_Latn,754,4,8
spa_Latn,754,5,19
spa_Latn,754,6,8
spa_Latn,754,7,8
spa_Latn,754,8,61
spa_Latn,754,9,8
spa_Latn,754,10,46
spa_Latn,754,11,8
spa_Latn,754,12,15
spa_Latn,755,0,60
spa_Latn,755,1,19
spa_Latn,755,2,8
spa_Latn,755,3,19
spa_Latn,755,4,8
spa_Latn,756,0,60
spa_Latn,756,1,54
spa_Latn,756,2,8
spa_Latn,756,3,53
spa_Latn,756,4,8
spa_Latn,757,0,60
spa_Latn,757,1,47
spa_Latn,757,2,8
spa_Latn,757,3,61
spa_Latn,757,4,19
spa_Latn,757,5,19
spa_Latn,757,6,8
spa_Latn,757,7,8
spa_Latn,757,8,42
spa_Latn,757,9,19
spa_Latn,757,10,8
spa_Latn,757,11,8
spa_Latn,757,12,8
spa_Latn,757,13,8
spa_Latn,757,14,47
spa_Latn,757,15,8
spa_Latn,758,0,60
spa_Latn,758,1,19
spa_Latn,758,2,6
spa_Latn,758,3,11
spa_Latn,758,4,40
spa_Latn,758,5,40
spa_Latn,758,6,43
spa_Latn,758,7,19
spa_Latn,758,8,40
spa_Latn,758,9,7
spa_Latn,758,10,9
spa_Latn,759,0,60
spa_Latn,759,1,39
spa_Latn,759,2,8
spa_Latn,759,3,8
spa_Latn,759,4,8
spa_Latn,759,5,8
spa_Latn,759,6,19
spa_Latn,759,7,47
spa_Latn,759,8,8
spa_Latn,760,0,60
spa_Latn,760,1,12
spa_Latn,760,2,27
spa_Latn,760,3,8
spa_Latn,760,4,11
spa_Latn,760,5,19
spa_Latn,760,6,8
spa_Latn,760,7,8
spa_Latn,760,8,12
spa_Latn,760,9,19
spa_Latn,760,10,22
spa_Latn,760,11,60
spa_Latn,760,12,19
spa_Latn,760,13,8
spa_Latn,761,0,60
spa_Latn,761,1,47
spa_Latn,761,2,8
spa_Latn,761,3,8
spa_Latn,761,4,19
spa_Latn,761,5,8
spa_Latn,761,6,56
spa_Latn,761,7,8
spa_Latn,761,8,19
spa_Latn,761,9,8
spa_Latn,762,0,60
spa_Latn,762,1,58
spa_Latn,762,2,36
spa_Latn,762,3,12
spa_Latn,762,4,36
spa_Latn,762,5,58
spa_Latn,762,6,36
spa_Latn,762,7,36
spa_Latn,762,8,36
spa_Latn,762,9,36
spa_Latn,762,10,36
spa_Latn,762,11,36
spa_Latn,762,12,36
spa_Latn,762,13,36
spa_Latn,762,14,42
spa_Latn,762,15,52
spa_Latn,763,0,60
spa_Latn,763,1,19
spa_Latn,763,2,19
spa_Latn,763,3,8
spa_Latn,763,4,8
spa_Latn,763,5,47
spa_Latn,764,0,60
spa_Latn,764,1,19
spa_Latn,764,2,43
spa_Latn,764,3,57
spa_Latn,764,4,8
spa_Latn,764,5,8
spa_Latn,764,6,19
spa_Latn,764,7,19
spa_Latn,764,8,8
spa_Latn,765,0,60
spa_Latn,765,1,61
spa_Latn,765,2,17
spa_Latn,765,3,8
spa_Latn,765,4,8
spa_Latn,765,5,17
spa_Latn,765,6,8
spa_Latn,765,7,19
spa_Latn,765,8,39
spa_Latn,765,9,8
spa_Latn,765,10,8
spa_Latn,765,11,47
spa_Latn,765,12,44
eng_Latn,766,0,60
eng_Latn,766,1,56
eng_Latn,766,2,56
eng_Latn,766,3,38
eng_Latn,766,4,57
eng_Latn,766,5,20
eng_Latn,766,6,46
eng_Latn,766,7,15
eng_Latn,767,0,60
eng_Latn,767,1,18
eng_Latn,767,2,14
spa_Latn,768,0,60
spa_Latn,768,1,19
spa_Latn,768,2,19
spa_Latn,768,3,8
spa_Latn,768,4,8
spa_Latn,768,5,19
spa_Latn,768,6,39
spa_Latn,768,7,8
spa_Latn,768,8,1
spa_Latn,768,9,37
spa_Latn,768,10,52
spa_Latn,769,0,60
spa_Latn,769,1,8
spa_Latn,769,2,19
spa_Latn,769,3,34
spa_Latn,769,4,8
spa_Latn,769,5,8
spa_Latn,769,6,8
spa_Latn,769,7,1
spa_Latn,769,8,19
spa_Latn,769,9,39
spa_Latn,769,10,8
spa_Latn,770,0,60
spa_Latn,770,1,40
spa_Latn,770,2,11
spa_Latn,770,3,27
spa_Latn,770,4,47
spa_Latn,770,5,22
spa_Latn,771,0,60
spa_Latn,771,1,8
spa_Latn,771,2,10
spa_Latn,771,3,1
spa_Latn,771,4,19
spa_Latn,771,5,39
spa_Latn,771,6,8
spa_Latn,771,7,8
spa_Latn,771,8,19
spa_Latn,771,9,47
spa_Latn,771,10,8
spa_Latn,771,11,23
spa_Latn,771,12,19
spa_Latn,771,13,47
spa_Latn,771,14,8
spa_Latn,771,15,8
spa_Latn,771,16,8
spa_Latn,772,0,60
spa_Latn,772,1,58
spa_Latn,772,2,52
spa_Latn,772,3,12
spa_Latn,772,4,12
spa_Latn,772,5,40
spa_Latn,772,6,47
spa_Latn,772,7,62
spa_Latn,772,8,47
spa_Latn,773,0,60
spa_Latn,773,1,61
spa_Latn,773,2,26
spa_Latn,773,3,26
spa_Latn,773,4,39
eng_Latn,774,0,60
eng_Latn,774,1,52
eng_Latn,774,2,1
eng_Latn,774,3,52
eng_Latn,774,4,52
eng_Latn,774,5,47
eng_Latn,774,6,19
eng_Latn,774,7,63
spa_Latn,775,0,60
spa_Latn,775,1,12
spa_Latn,775,2,39
spa_Latn,775,3,13
spa_Latn,775,4,9
spa_Latn,776,0,60
spa_Latn,776,1,19
spa_Latn,776,2,47
spa_Latn,776,3,8
spa_Latn,776,4,8
spa_Latn,776,5,19
spa_Latn,776,6,8
spa_Latn,776,7,52
spa_Latn,776,8,52
spa_Latn,776,9,52
spa_Latn,776,10,19
spa_Latn,776,11,8
spa_Latn,777,0,60
spa_Latn,777,1,19
spa_Latn,777,2,47
spa_Latn,777,3,8
spa_Latn,778,0,60
spa_Latn,778,1,47
spa_Latn,778,2,19
spa_Latn,778,3,8
spa_Latn,778,4,19
spa_Latn,778,5,39
spa_Latn,778,6,39
spa_Latn,778,7,8
spa_Latn,778,8,39
spa_Latn,778,9,19
spa_Latn,778,10,39
spa_Latn,778,11,8
spa_Latn,778,12,51
spa_Latn,778,13,17
spa_Latn,778,14,17
spa_Latn,778,15,1
spa_Latn,778,16,19
spa_Latn,778,17,4
spa_Latn,779,0,60
spa_Latn,779,1,19
spa_Latn,779,2,8
spa_Latn,779,3,19
spa_Latn,779,4,8
spa_Latn,779,5,39
spa_Latn,779,6,16
spa_Latn,779,7,8
spa_Latn,779,8,8
spa_Latn,779,9,52
spa_Latn,780,0,60
spa_Latn,780,1,47
spa_Latn,780,2,47
spa_Latn,780,3,52
spa_Latn,780,4,8
spa_Latn,780,5,8
spa_Latn,780,6,53
spa_Latn,780,7,19
spa_Latn,780,8,47
spa_Latn,780,9,8
spa_Latn,780,10,8
spa_Latn,780,11,7
spa_Latn,780,12,8
eng_Latn,781,0,60
eng_Latn,781,1,47
eng_Latn,781,2,19
eng_Latn,781,3,46
eng_Latn,781,4,5
eng_Latn,781,5,35
eng_Latn,781,6,46
eng_Latn,781,7,42
eng_Latn,781,8,47
eng_Latn,781,9,61
eng_Latn,781,10,61
eng_Latn,781,11,49
eng_Latn,781,12,22
eng_Latn,781,13,47
eng_Latn,781,14,60
spa_Latn,782,0,60
spa_Latn,782,1,19
spa_Latn,782,2,8
spa_Latn,782,3,23
spa_Latn,782,4,54
spa_Latn,782,5,8
spa_Latn,782,6,19
spa_Latn,782,7,8
spa_Latn,783,0,60
spa_Latn,783,1,49
spa_Latn,783,2,47
spa_Latn,783,3,49
eng_Latn,784,0,60
eng_Latn,784,1,17
eng_Latn,784,2,9
eng_Latn,784,3,56
eng_Latn,784,4,54
eng_Latn,784,5,38
eng_Latn,784,6,46
eng_Latn,784,7,56
eng_Latn,784,8,56
eng_Latn,784,9,4
eng_Latn,784,10,18
eng_Latn,784,11,50
eng_Latn,784,12,16
spa_Latn,785,0,60
spa_Latn,785,1,19
spa_Latn,785,2,49
spa_Latn,785,3,5
spa_Latn,785,4,37
spa_Latn,785,5,52
spa_Latn,785,6,37
spa_Latn,785,7,12
spa_Latn,786,0,60
spa_Latn,786,1,22
spa_Latn,786,2,22
spa_Latn,786,3,19
spa_Latn,786,4,34
spa_Latn,786,5,8
spa_Latn,786,6,39
spa_Latn,786,7,34
spa_Latn,786,8,8
spa_Latn,786,9,39
spa_Latn,787,0,60
spa_Latn,787,1,46
spa_Latn,787,2,8
eng_Latn,788,0,60
eng_Latn,788,1,12
eng_Latn,788,2,42
eng_Latn,788,3,22
eng_Latn,788,4,27
eng_Latn,788,5,49
eng_Latn,788,6,9
eng_Latn,788,7,40
spa_Latn,789,0,60
spa_Latn,789,1,8
spa_Latn,789,2,61
spa_Latn,789,3,34
spa_Latn,789,4,8
spa_Latn,789,5,1
spa_Latn,789,6,7
spa_Latn,789,7,34
spa_Latn,789,8,51
spa_Latn,789,9,8
spa_Latn,789,10,4
spa_Latn,789,11,8
spa_Latn,790,0,60
spa_Latn,790,1,39
spa_Latn,790,2,19
spa_Latn,790,3,8
spa_Latn,790,4,8
spa_Latn,791,0,60
spa_Latn,791,1,49
spa_Latn,791,2,5
spa_Latn,791,3,7
spa_Latn,791,4,49
spa_Latn,791,5,19
spa_Latn,791,6,7
spa_Latn,791,7,2
spa_Latn,791,8,9
spa_Latn,791,9,49
spa_Latn,792,0,60
spa_Latn,792,1,19
spa_Latn,792,2,54
spa_Latn,792,3,61
spa_Latn,792,4,19
spa_Latn,792,5,8
spa_Latn,792,6,10
spa_Latn,792,7,10
spa_Latn,792,8,19
spa_Latn,792,9,8
spa_Latn,792,10,8
spa_Latn,793,0,60
spa_Latn,793,1,8
spa_Latn,793,2,51
spa_Latn,793,3,61
spa_Latn,793,4,19
spa_Latn,793,5,8
spa_Latn,793,6,8
spa_Latn,793,7,56
spa_Latn,793,8,19
spa_Latn,793,9,8
spa_Latn,793,10,19
spa_Latn,793,11,19
spa_Latn,793,12,16
spa_Latn,793,13,8
spa_Latn,793,14,8
spa_Latn,794,0,60
spa_Latn,794,1,19
spa_Latn,794,2,22
spa_Latn,794,3,8
spa_Latn,794,4,47
spa_Latn,794,5,47
spa_Latn,794,6,8
spa_Latn,794,7,19
spa_Latn,794,8,47
spa_Latn,794,9,15
spa_Latn,794,10,8
spa_Latn,795,0,60
spa_Latn,795,1,16
spa_Latn,795,2,8
spa_Latn,795,3,8
spa_Latn,795,4,34
spa_Latn,795,5,51
spa_Latn,795,6,40
spa_Latn,795,7,8
spa_Latn,795,8,8
spa_Latn,795,9,8
spa_Latn,795,10,8
spa_Latn,795,11,8
spa_Latn,795,12,19
spa_Latn,795,13,8
eng_Latn,796,0,60
eng_Latn,796,1,58
eng_Latn,796,2,52
eng_Latn,796,3,52
eng_Latn,796,4,1
eng_Latn,796,5,57
eng_Latn,796,6,31
eng_Latn,796,7,16
eng_Latn,796,8,16
eng_Latn,796,9,16
eng_Latn,797,0,60
eng_Latn,797,1,39
eng_Latn,797,2,5
eng_Latn,797,3,35
eng_Latn,797,4,18
eng_Latn,797,5,14
eng_Latn,797,6,18
eng_Latn,797,7,14
eng_Latn,797,8,14
eng_Latn,797,9,47
spa_Latn,798,0,60
spa_Latn,798,1,19
spa_Latn,798,2,51
spa_Latn,798,3,8
spa_Latn,798,4,8
spa_Latn,798,5,8
spa_Latn,798,6,8
spa_Latn,798,7,8
spa_Latn,798,8,8
eng_Latn,799,0,60
eng_Latn,799,1,52
eng_Latn,799,2,1
eng_Latn,799,3,22
eng_Latn,799,4,12
eng_Latn,799,5,54
eng_Latn,799,6,24
eng_Latn,799,7,46
eng_Latn,799,8,46
eng_Latn,799,9,7
eng_Latn,799,10,48
eng_Latn,799,11,16
spa_Latn,800,0,60
spa_Latn,800,1,8
spa_Latn,800,2,8
spa_Latn,800,3,8
spa_Latn,800,4,39
spa_Latn,800,5,8
spa_Latn,800,6,8
spa_Latn,800,7,1
spa_Latn,800,8,8
spa_Latn,801,0,60
spa_Latn,801,1,47
spa_Latn,801,2,39
spa_Latn,801,3,61
spa_Latn,801,4,47
spa_Latn,801,5,19
spa_Latn,801,6,8
spa_Latn,801,7,8
spa_Latn,801,8,23
spa_Latn,801,9,8
spa_Latn,801,10,52
spa_Latn,801,11,8
eng_Latn,802,0,60
eng_Latn,802,1,40
eng_Latn,802,2,26
eng_Latn,802,3,47
eng_Latn,802,4,49
eng_Latn,802,5,5
eng_Latn,802,6,5
eng_Latn,802,7,40
eng_Latn,802,8,26
spa_Latn,803,0,60
spa_Latn,803,1,52
spa_Latn,803,2,19
spa_Latn,803,3,19
spa_Latn,803,4,47
spa_Latn,803,5,13
spa_Latn,803,6,19
spa_Latn,803,7,13
spa_Latn,803,8,13
spa_Latn,803,9,13
spa_Latn,803,10,13
spa_Latn,803,11,8
spa_Latn,803,12,39
spa_Latn,803,13,47
spa_Latn,803,14,13
spa_Latn,803,15,13
spa_Latn,804,0,60
spa_Latn,804,1,39
spa_Latn,804,2,39
spa_Latn,804,3,34
spa_Latn,804,4,8
spa_Latn,804,5,19
spa_Latn,804,6,19
spa_Latn,804,7,8
spa_Latn,804,8,49
spa_Latn,804,9,27
spa_Latn,804,10,49
spa_Latn,804,11,27
spa_Latn,804,12,49
eng_Latn,805,0,60
eng_Latn,805,1,34
eng_Latn,805,2,29
eng_Latn,805,3,34
eng_Latn,805,4,20
eng_Latn,805,5,49
eng_Latn,805,6,5
eng_Latn,805,7,49
spa_Latn,806,0,60
spa_Latn,806,1,19
spa_Latn,806,2,19
spa_Latn,806,3,52
spa_Latn,806,4,52
spa_Latn,806,5,8
spa_Latn,806,6,8
spa_Latn,806,7,8
spa_Latn,806,8,19
spa_Latn,806,9,19
spa_Latn,806,10,47
spa_Latn,806,11,8
spa_Latn,806,12,19
spa_Latn,806,13,49
spa_Latn,806,14,26
spa_Latn,806,15,19
spa_Latn,806,16,49
spa_Latn,806,17,61
spa_Latn,806,18,26
spa_Latn,806,19,18
spa_Latn,806,20,8
spa_Latn,807,0,60
spa_Latn,807,1,8
spa_Latn,807,2,12
spa_Latn,807,3,22
spa_Latn,808,0,60
spa_Latn,808,1,19
spa_Latn,808,2,8
spa_Latn,808,3,19
spa_Latn,808,4,16
spa_Latn,808,5,34
spa_Latn,808,6,34
spa_Latn,808,7,51
spa_Latn,808,8,56
spa_Latn,808,9,8
spa_Latn,808,10,19
spa_Latn,808,11,19
spa_Latn,808,12,34
spa_Latn,809,0,60
spa_Latn,809,1,47
spa_Latn,809,2,7
spa_Latn,809,3,19
spa_Latn,809,4,19
spa_Latn,809,5,8
spa_Latn,810,0,60
spa_Latn,810,1,19
spa_Latn,810,2,8
spa_Latn,810,3,8
spa_Latn,810,4,47
spa_Latn,810,5,8
spa_Latn,810,6,8
spa_Latn,810,7,39
spa_Latn,810,8,8
spa_Latn,810,9,39
spa_Latn,810,10,53
spa_Latn,810,11,16
spa_Latn,810,12,8
spa_Latn,811,0,60
spa_Latn,811,1,8
spa_Latn,811,2,8
spa_Latn,811,3,8
spa_Latn,811,4,19
spa_Latn,811,5,19
spa_Latn,811,6,8
spa_Latn,811,7,30
spa_Latn,811,8,19
spa_Latn,811,9,8
spa_Latn,811,10,8
spa_Latn,811,11,1
spa_Latn,811,12,8
spa_Latn,811,13,8
eng_Latn,812,0,60
eng_Latn,812,1,22
eng_Latn,812,2,60
eng_Latn,812,3,47
spa_Latn,813,0,60
spa_Latn,813,1,19
spa_Latn,813,2,19
spa_Latn,813,3,39
spa_Latn,813,4,31
spa_Latn,813,5,19
spa_Latn,813,6,8
spa_Latn,813,7,16
spa_Latn,814,0,60
spa_Latn,814,1,27
spa_Latn,814,2,34
spa_Latn,814,3,22
spa_Latn,814,4,1
spa_Latn,814,5,19
spa_Latn,814,6,39
spa_Latn,814,7,22
spa_Latn,814,8,22
spa_Latn,814,9,19
spa_Latn,814,10,22
spa_Latn,814,11,19
spa_Latn,814,12,34
spa_Latn,814,13,8
spa_Latn,814,14,8
spa_Latn,814,15,34
spa_Latn,815,0,60
spa_Latn,815,1,8
spa_Latn,815,2,16
spa_Latn,815,3,8
spa_Latn,815,4,39
spa_Latn,815,5,8
spa_Latn,815,6,19
spa_Latn,815,7,8
eng_Latn,816,0,60
eng_Latn,816,1,45
eng_Latn,816,2,35
eng_Latn,816,3,18
eng_Latn,816,4,56
eng_Latn,816,5,38
eng_Latn,816,6,24
eng_Latn,816,7,55
eng_Latn,816,8,41
eng_Latn,816,9,43
eng_Latn,816,10,48
spa_Latn,817,0,60
spa_Latn,817,1,61
spa_Latn,817,2,17
spa_Latn,817,3,17
spa_Latn,817,4,61
spa_Latn,817,5,39
spa_Latn,817,6,16
spa_Latn,817,7,8
spa_Latn,817,8,19
spa_Latn,817,9,39
spa_Latn,817,10,8
spa_Latn,817,11,8
spa_Latn,817,12,8
spa_Latn,817,13,8
spa_Latn,817,14,8
spa_Latn,818,0,60
spa_Latn,818,1,27
spa_Latn,818,2,61
spa_Latn,818,3,26
spa_Latn,818,4,13
spa_Latn,818,5,12
spa_Latn,818,6,22
spa_Latn,818,7,17
spa_Latn,818,8,61
spa_Latn,818,9,4
spa_Latn,818,10,35
spa_Latn,818,11,49
spa_Latn,818,12,12
spa_Latn,818,13,12
spa_Latn,819,0,60
spa_Latn,819,1,19
spa_Latn,819,2,13
spa_Latn,819,3,13
spa_Latn,819,4,12
spa_Latn,819,5,57
spa_Latn,819,6,8
spa_Latn,819,7,37
spa_Latn,819,8,12
spa_Latn,819,9,19
spa_Latn,819,10,19
spa_Latn,819,11,37
spa_Latn,819,12,8
spa_Latn,819,13,19
spa_Latn,819,14,19
spa_Latn,819,15,8
spa_Latn,820,0,60
spa_Latn,820,1,54
spa_Latn,820,2,8
spa_Latn,820,3,8
spa_Latn,820,4,19
spa_Latn,820,5,19
spa_Latn,820,6,34
spa_Latn,820,7,8
spa_Latn,820,8,8
spa_Latn,820,9,19
spa_Latn,820,10,8
spa_Latn,820,11,19
spa_Latn,820,12,19
spa_Latn,820,13,8
spa_Latn,820,14,8
spa_Latn,820,15,19
spa_Latn,820,16,19
spa_Latn,820,17,8
spa_Latn,821,0,60
spa_Latn,821,1,8
spa_Latn,821,2,8
spa_Latn,821,3,8
spa_Latn,821,4,8
spa_Latn,821,5,8
spa_Latn,821,6,8
spa_Latn,821,7,8
spa_Latn,821,8,37
spa_Latn,821,9,19
spa_Latn,821,10,47
spa_Latn,821,11,8
spa_Latn,822,0,60
spa_Latn,822,1,17
spa_Latn,822,2,8
spa_Latn,822,3,47
spa_Latn,822,4,8
spa_Latn,823,0,60
spa_Latn,823,1,19
spa_Latn,823,2,47
spa_Latn,823,3,8
spa_Latn,823,4,58
spa_Latn,823,5,47
spa_Latn,823,6,47
spa_Latn,823,7,8
spa_Latn,824,0,60
spa_Latn,824,1,19
spa_Latn,824,2,40
spa_Latn,824,3,8
spa_Latn,824,4,61
spa_Latn,824,5,8
spa_Latn,824,6,8
spa_Latn,824,7,40
spa_Latn,825,0,60
spa_Latn,825,1,19
spa_Latn,825,2,39
spa_Latn,825,3,47
spa_Latn,825,4,7
spa_Latn,825,5,47
spa_Latn,825,6,26
spa_Latn,825,7,39
spa_Latn,825,8,5
spa_Latn,825,9,22
spa_Latn,825,10,11
spa_Latn,825,11,1
spa_Latn,825,12,40
spa_Latn,825,13,11
spa_Latn,825,14,19
spa_Latn,825,15,49
spa_Latn,825,16,26
spa_Latn,825,17,26
spa_Latn,825,18,12
spa_Latn,826,0,60
spa_Latn,826,1,12
spa_Latn,826,2,47
spa_Latn,826,3,1
spa_Latn,826,4,8
spa_Latn,826,5,8
spa_Latn,826,6,8
spa_Latn,826,7,61
spa_Latn,826,8,8
spa_Latn,826,9,8
spa_Latn,826,10,40
spa_Latn,826,11,8
spa_Latn,826,12,28
spa_Latn,826,13,47
spa_Latn,826,14,11
spa_Latn,826,15,52
eng_Latn,827,0,60
eng_Latn,827,1,9
eng_Latn,827,2,19
eng_Latn,827,3,22
eng_Latn,827,4,22
eng_Latn,827,5,58
eng_Latn,827,6,12
eng_Latn,827,7,47
spa_Latn,828,0,60
spa_Latn,828,1,49
spa_Latn,828,2,5
spa_Latn,828,3,27
spa_Latn,828,4,39
spa_Latn,828,5,61
spa_Latn,828,6,26
spa_Latn,828,7,19
spa_Latn,828,8,47
spa_Latn,828,9,49
spa_Latn,828,10,19
spa_Latn,828,11,8
spa_Latn,829,0,60
spa_Latn,829,1,10
spa_Latn,829,2,8
spa_Latn,829,3,23
spa_Latn,829,4,8
spa_Latn,829,5,52
spa_Latn,830,0,60
spa_Latn,830,1,39
spa_Latn,830,2,19
spa_Latn,830,3,8
spa_Latn,830,4,8
spa_Latn,830,5,8
spa_Latn,830,6,8
spa_Latn,830,7,8
spa_Latn,830,8,61
spa_Latn,830,9,19
spa_Latn,830,10,8
spa_Latn,830,11,8
spa_Latn,830,12,19
spa_Latn,830,13,8
spa_Latn,830,14,52
spa_Latn,830,15,19
spa_Latn,830,16,63
eng_Latn,831,0,60
eng_Latn,831,1,45
eng_Latn,831,2,45
eng_Latn,831,3,40
eng_Latn,831,4,40
eng_Latn,831,5,61
eng_Latn,831,6,49
eng_Latn,831,7,56
eng_Latn,831,8,31
spa_Latn,832,0,60
spa_Latn,832,1,19
spa_Latn,832,2,8
spa_Latn,832,3,8
spa_Latn,832,4,47
spa_Latn,832,5,47
spa_Latn,832,6,8
spa_Latn,832,7,8
spa_Latn,832,8,8
spa_Latn,832,9,2
spa_Latn,832,10,8
spa_Latn,832,11,37
spa_Latn,832,12,27
spa_Latn,832,13,40
spa_Latn,832,14,40
spa_Latn,833,0,60
spa_Latn,833,1,27
spa_Latn,833,2,47
spa_Latn,833,3,39
spa_Latn,833,4,8
spa_Latn,833,5,8
spa_Latn,833,6,8
spa_Latn,833,7,8
spa_Latn,833,8,29
spa_Latn,833,9,8
eng_Latn,834,0,60
eng_Latn,834,1,56
eng_Latn,834,2,4
eng_Latn,835,0,60
eng_Latn,835,1,9
eng_Latn,835,2,27
eng_Latn,835,3,9
eng_Latn,835,4,56
eng_Latn,835,5,35
eng_Latn,835,6,17
eng_Latn,835,7,51
spa_Latn,836,0,60
spa_Latn,836,1,54
spa_Latn,836,2,8
spa_Latn,836,3,8
spa_Latn,836,4,8
spa_Latn,836,5,8
spa_Latn,836,6,8
spa_Latn,836,7,31
spa_Latn,836,8,19
spa_Latn,836,9,39
spa_Latn,836,10,8
spa_Latn,837,0,60
spa_Latn,837,1,39
spa_Latn,837,2,39
spa_Latn,837,3,47
spa_Latn,837,4,8
spa_Latn,837,5,19
spa_Latn,837,6,39
eng_Latn,838,0,60
eng_Latn,838,1,47
eng_Latn,838,2,49
eng_Latn,838,3,5
eng_Latn,838,4,49
eng_Latn,839,0,60
eng_Latn,839,1,22
eng_Latn,839,2,9
eng_Latn,839,3,22
eng_Latn,839,4,63
eng_Latn,839,5,56
eng_Latn,839,6,57
eng_Latn,839,7,25
eng_Latn,839,8,8
spa_Latn,840,0,60
spa_Latn,840,1,19
spa_Latn,840,2,49
spa_Latn,840,3,12
spa_Latn,840,4,47
spa_Latn,840,5,8
spa_Latn,840,6,19
spa_Latn,840,7,8
spa_Latn,840,8,8
spa_Latn,840,9,8
spa_Latn,840,10,19
spa_Latn,840,11,8
spa_Latn,840,12,8
spa_Latn,841,0,60
spa_Latn,841,1,47
spa_Latn,841,2,34
spa_Latn,841,3,8
spa_Latn,841,4,8
spa_Latn,841,5,19
spa_Latn,841,6,19
spa_Latn,841,7,8
spa_Latn,841,8,19
spa_Latn,841,9,8
spa_Latn,841,10,8
spa_Latn,841,11,19
spa_Latn,841,12,19
spa_Latn,841,13,8
spa_Latn,842,0,60
spa_Latn,842,1,47
spa_Latn,842,2,52
spa_Latn,842,3,52
spa_Latn,842,4,52
spa_Latn,842,5,52
spa_Latn,842,6,51
spa_Latn,842,7,37
spa_Latn,842,8,47
spa_Latn,842,9,52
spa_Latn,842,10,47
spa_Latn,842,11,8
spa_Latn,842,12,8
spa_Latn,842,13,61
spa_Latn,842,14,8
spa_Latn,843,0,60
spa_Latn,843,1,46
spa_Latn,843,2,8
spa_Latn,843,3,10
spa_Latn,843,4,19
spa_Latn,843,5,19
spa_Latn,843,6,8
spa_Latn,843,7,8
spa_Latn,843,8,61
spa_Latn,843,9,28
spa_Latn,843,10,40
spa_Latn,843,11,28
eng_Latn,844,0,60
eng_Latn,844,1,12
eng_Latn,844,2,1
eng_Latn,844,3,13
eng_Latn,844,4,7
eng_Latn,844,5,33
eng_Latn,844,6,33
eng_Latn,844,7,33
eng_Latn,844,8,47
eng_Latn,844,9,19
eng_Latn,844,10,33
eng_Latn,844,11,33
eng_Latn,844,12,1
eng_Latn,845,0,60
eng_Latn,845,1,13
eng_Latn,845,2,49
eng_Latn,845,3,18
eng_Latn,845,4,18
eng_Latn,845,5,3
eng_Latn,845,6,57
eng_Latn,845,7,24
eng_Latn,845,8,3
eng_Latn,845,9,3
eng_Latn,845,10,3
spa_Latn,846,0,60
spa_Latn,846,1,19
spa_Latn,846,2,8
spa_Latn,846,3,8
spa_Latn,846,4,19
spa_Latn,846,5,39
spa_Latn,846,6,8
spa_Latn,847,0,60
spa_Latn,847,1,47
spa_Latn,847,2,19
spa_Latn,847,3,40
spa_Latn,847,4,8
spa_Latn,848,0,60
spa_Latn,848,1,8
spa_Latn,848,2,42
spa_Latn,848,3,49
spa_Latn,848,4,26
spa_Latn,848,5,49
spa_Latn,848,6,12
spa_Latn,848,7,61
spa_Latn,848,8,39
spa_Latn,848,9,39
spa_Latn,848,10,12
spa_Latn,848,11,47
spa_Latn,848,12,39
spa_Latn,848,13,39
spa_Latn,849,0,60
spa_Latn,849,1,8
spa_Latn,849,2,19
spa_Latn,849,3,8
spa_Latn,849,4,19
spa_Latn,849,5,8
spa_Latn,849,6,8
spa_Latn,849,7,8
spa_Latn,849,8,52
spa_Latn,849,9,35
spa_Latn,849,10,8
spa_Latn,849,11,8
spa_Latn,850,0,60
spa_Latn,850,1,47
spa_Latn,850,2,19
spa_Latn,850,3,22
spa_Latn,850,4,22
spa_Latn,850,5,26
spa_Latn,850,6,40
spa_Latn,850,7,26
spa_Latn,850,8,49
spa_Latn,850,9,8
spa_Latn,850,10,42
spa_Latn,850,11,58
spa_Latn,850,12,12
spa_Latn,850,13,61
spa_Latn,851,0,60
spa_Latn,851,1,39
spa_Latn,851,2,8
spa_Latn,851,3,8
spa_Latn,851,4,39
spa_Latn,851,5,19
spa_Latn,851,6,47
spa_Latn,851,7,33
spa_Latn,851,8,61
spa_Latn,851,9,47
spa_Latn,851,10,7
spa_Latn,851,11,7
spa_Latn,851,12,19
spa_Latn,851,13,19
spa_Latn,851,14,26
spa_Latn,851,15,52
spa_Latn,851,16,49
spa_Latn,851,17,12
spa_Latn,851,18,26
spa_Latn,852,0,60
spa_Latn,852,1,19
spa_Latn,852,2,8
spa_Latn,852,3,24
spa_Latn,852,4,7
spa_Latn,852,5,47
spa_Latn,852,6,13
spa_Latn,852,7,19
spa_Latn,852,8,47
spa_Latn,852,9,7
spa_Latn,852,10,13
spa_Latn,852,11,13
spa_Latn,852,12,52
spa_Latn,852,13,52
spa_Latn,852,14,37
spa_Latn,852,15,37
spa_Latn,853,0,60
spa_Latn,853,1,47
spa_Latn,853,2,39
spa_Latn,853,3,39
spa_Latn,853,4,13
spa_Latn,853,5,47
spa_Latn,853,6,47
spa_Latn,853,7,27
spa_Latn,853,8,26
spa_Latn,853,9,7
spa_Latn,853,10,58
spa_Latn,854,0,60
spa_Latn,854,1,22
spa_Latn,854,2,60
spa_Latn,854,3,52
spa_Latn,854,4,8
spa_Latn,855,0,60
spa_Latn,855,1,8
spa_Latn,855,2,8
spa_Latn,855,3,8
spa_Latn,855,4,1
spa_Latn,855,5,8
spa_Latn,855,6,8
spa_Latn,855,7,53
spa_Latn,855,8,8
spa_Latn,855,9,19
spa_Latn,855,10,8
spa_Latn,855,11,19
spa_Latn,855,12,8
spa_Latn,856,0,60
spa_Latn,856,1,19
spa_Latn,856,2,8
spa_Latn,856,3,17
spa_Latn,856,4,8
spa_Latn,856,5,19
spa_Latn,856,6,8
spa_Latn,856,7,8
spa_Latn,856,8,8
spa_Latn,856,9,16
spa_Latn,857,0,60
spa_Latn,857,1,19
spa_Latn,857,2,34
spa_Latn,857,3,42
spa_Latn,857,4,27
spa_Latn,857,5,27
spa_Latn,857,6,51
spa_Latn,857,7,8
spa_Latn,857,8,19
spa_Latn,857,9,34
spa_Latn,857,10,8
spa_Latn,857,11,8
spa_Latn,857,12,47
spa_Latn,857,13,34
eng_Latn,858,0,60
eng_Latn,858,1,41
eng_Latn,858,2,49
eng_Latn,858,3,37
eng_Latn,858,4,20
eng_Latn,858,5,44
spa_Latn,859,0,60
spa_Latn,859,1,31
spa_Latn,859,2,19
spa_Latn,859,3,39
spa_Latn,859,4,34
spa_Latn,859,5,53
spa_Latn,859,6,8
spa_Latn,859,7,61
spa_Latn,859,8,47
spa_Latn,859,9,19
spa_Latn,859,10,8
spa_Latn,859,11,8
spa_Latn,859,12,8
spa_Latn,859,13,19
spa_Latn,859,14,8
eng_Latn,860,0,60
eng_Latn,860,1,9
eng_Latn,860,2,56
eng_Latn,860,3,56
eng_Latn,860,4,51
eng_Latn,860,5,54
eng_Latn,860,6,18
eng_Latn,860,7,16
eng_Latn,860,8,20
eng_Latn,860,9,16
eng_Latn,861,0,60
eng_Latn,861,1,47
eng_Latn,861,2,33
spa_Latn,862,0,60
spa_Latn,862,1,8
spa_Latn,862,2,19
spa_Latn,862,3,15
spa_Latn,862,4,8
spa_Latn,862,5,8
spa_Latn,862,6,40
spa_Latn,862,7,52
spa_Latn,863,0,60
spa_Latn,863,1,57
spa_Latn,863,2,19
spa_Latn,863,3,40
spa_Latn,863,4,19
spa_Latn,863,5,19
spa_Latn,863,6,19
spa_Latn,863,7,19
spa_Latn,863,8,8
spa_Latn,863,9,51
spa_Latn,863,10,56
spa_Latn,863,11,8
spa_Latn,863,12,8
spa_Latn,863,13,19
spa_Latn,863,14,8
spa_Latn,864,0,60
spa_Latn,864,1,40
spa_Latn,864,2,16
spa_Latn,864,3,8
spa_Latn,864,4,47
spa_Latn,864,5,8
spa_Latn,865,0,60
spa_Latn,865,1,61
spa_Latn,865,2,40
spa_Latn,865,3,26
spa_Latn,865,4,49
spa_Latn,866,0,60
spa_Latn,866,1,19
spa_Latn,866,2,8
spa_Latn,866,3,61
spa_Latn,866,4,8
spa_Latn,866,5,8
spa_Latn,866,6,8
spa_Latn,866,7,8
spa_Latn,866,8,39
spa_Latn,866,9,10
spa_Latn,866,10,47
spa_Latn,866,11,47
spa_Latn,866,12,8
spa_Latn,866,13,8
spa_Latn,867,0,60
spa_Latn,867,1,47
spa_Latn,867,2,16
spa_Latn,867,3,47
spa_Latn,867,4,19
spa_Latn,867,5,8
spa_Latn,867,6,34
spa_Latn,867,7,8
spa_Latn,867,8,8
spa_Latn,867,9,8
spa_Latn,867,10,8
spa_Latn,868,0,60
spa_Latn,868,1,47
spa_Latn,868,2,39
spa_Latn,868,3,7
spa_Latn,868,4,8
spa_Latn,868,5,19
spa_Latn,868,6,47
spa_Latn,868,7,8
spa_Latn,869,0,60
spa_Latn,869,1,19
spa_Latn,869,2,8
spa_Latn,869,3,34
spa_Latn,869,4,8
spa_Latn,869,5,22
spa_Latn,869,6,19
spa_Latn,869,7,47
spa_Latn,869,8,22
spa_Latn,869,9,19
spa_Latn,869,10,22
spa_Latn,869,11,63
spa_Latn,869,12,12
spa_Latn,869,13,39
spa_Latn,869,14,22
spa_Latn,869,15,12
spa_Latn,870,0,60
spa_Latn,870,1,13
spa_Latn,870,2,13
spa_Latn,870,3,13
spa_Latn,870,4,39
spa_Latn,870,5,39
spa_Latn,870,6,13
spa_Latn,870,7,39
spa_Latn,870,8,13
spa_Latn,870,9,13
spa_Latn,870,10,13
spa_Latn,870,11,13
spa_Latn,870,12,27
spa_Latn,870,13,13
spa_Latn,870,14,13
spa_Latn,870,15,19
spa_Latn,870,16,27
spa_Latn,870,17,8
spa_Latn,870,18,47
spa_Latn,870,19,27
spa_Latn,870,20,27
spa_Latn,870,21,7
spa_Latn,871,0,60
spa_Latn,871,1,8
spa_Latn,871,2,19
spa_Latn,871,3,8
spa_Latn,871,4,52
spa_Latn,871,5,9
spa_Latn,871,6,8
spa_Latn,871,7,10
spa_Latn,871,8,8
spa_Latn,871,9,8
spa_Latn,871,10,19
spa_Latn,871,11,19
spa_Latn,871,12,62
spa_Latn,871,13,8
spa_Latn,871,14,61
spa_Latn,871,15,19
spa_Latn,871,16,8
spa_Latn,872,0,60
spa_Latn,872,1,19
spa_Latn,872,2,19
spa_Latn,872,3,47
spa_Latn,872,4,8
spa_Latn,872,5,8
spa_Latn,872,6,61
spa_Latn,872,7,8
spa_Latn,873,0,60
spa_Latn,873,1,54
spa_Latn,873,2,8
spa_Latn,873,3,51
spa_Latn,873,4,47
spa_Latn,873,5,16
spa_Latn,873,6,8
spa_Latn,873,7,8
spa_Latn,874,0,60
spa_Latn,874,1,19
spa_Latn,874,2,49
spa_Latn,874,3,8
spa_Latn,875,0,60
spa_Latn,875,1,1
spa_Latn,875,2,22
spa_Latn,875,3,22
spa_Latn,875,4,12
spa_Latn,875,5,47
spa_Latn,875,6,22
spa_Latn,875,7,22
spa_Latn,875,8,19
spa_Latn,875,9,34
spa_Latn,875,10,22
spa_Latn,875,11,1
spa_Latn,875,12,22
spa_Latn,875,13,34
spa_Latn,875,14,8
spa_Latn,875,15,29
spa_Latn,875,16,34
spa_Latn,876,0,60
spa_Latn,876,1,61
spa_Latn,876,2,8
spa_Latn,876,3,61
spa_Latn,876,4,8
spa_Latn,876,5,19
spa_Latn,876,6,8
spa_Latn,876,7,8
spa_Latn,876,8,8
spa_Latn,876,9,19
spa_Latn,876,10,8
spa_Latn,876,11,8
eng_Latn,877,0,60
eng_Latn,877,1,22
eng_Latn,877,2,9
eng_Latn,877,3,9
eng_Latn,877,4,54
eng_Latn,877,5,61
spa_Latn,878,0,60
spa_Latn,878,1,47
spa_Latn,878,2,13
spa_Latn,878,3,54
spa_Latn,878,4,8
spa_Latn,878,5,8
spa_Latn,878,6,47
spa_Latn,878,7,8
spa_Latn,879,0,60
spa_Latn,879,1,1
spa_Latn,879,2,19
spa_Latn,879,3,8
spa_Latn,879,4,8
spa_Latn,879,5,8
spa_Latn,879,6,19
spa_Latn,879,7,8
spa_Latn,879,8,8
spa_Latn,879,9,8
spa_Latn,880,0,60
spa_Latn,880,1,47
spa_Latn,880,2,13
spa_Latn,880,3,54
spa_Latn,880,4,19
spa_Latn,880,5,8
spa_Latn,880,6,19
spa_Latn,880,7,8
spa_Latn,880,8,8
spa_Latn,880,9,39
spa_Latn,880,10,8
spa_Latn,881,0,60
spa_Latn,881,1,47
spa_Latn,881,2,47
spa_Latn,881,3,7
spa_Latn,881,4,52
spa_Latn,881,5,19
spa_Latn,881,6,8
spa_Latn,881,7,8
spa_Latn,881,8,19
spa_Latn,881,9,16
spa_Latn,882,0,60
spa_Latn,882,1,12
spa_Latn,882,2,39
spa_Latn,882,3,8
spa_Latn,882,4,8
spa_Latn,882,5,8
spa_Latn,882,6,19
eng_Latn,883,0,60
eng_Latn,883,1,9
eng_Latn,883,2,19
eng_Latn,883,3,22
eng_Latn,883,4,22
spa_Latn,884,0,60
spa_Latn,884,1,10
spa_Latn,884,2,19
spa_Latn,884,3,39
spa_Latn,884,4,16
spa_Latn,884,5,1
spa_Latn,884,6,19
spa_Latn,884,7,8
spa_Latn,884,8,47
spa_Latn,884,9,8
spa_Latn,885,0,60
spa_Latn,885,1,19
spa_Latn,885,2,47
spa_Latn,885,3,47
spa_Latn,885,4,8
spa_Latn,886,0,60
spa_Latn,886,1,12
spa_Latn,886,2,52
spa_Latn,886,3,52
spa_Latn,886,4,52
spa_Latn,886,5,24
spa_Latn,886,6,22
spa_Latn,886,7,61
spa_Latn,886,8,22
spa_Latn,886,9,8
spa_Latn,886,10,1
spa_Latn,886,11,8
spa_Latn,886,12,22
eng_Latn,887,0,60
eng_Latn,887,1,1
eng_Latn,887,2,9
eng_Latn,887,3,12
eng_Latn,887,4,63
eng_Latn,887,5,60
eng_Latn,887,6,49
spa_Latn,888,0,60
spa_Latn,888,1,19
spa_Latn,888,2,13
spa_Latn,888,3,30
spa_Latn,888,4,30
spa_Latn,888,5,8
spa_Latn,888,6,8
spa_Latn,889,0,60
spa_Latn,889,1,19
spa_Latn,889,2,8
spa_Latn,889,3,7
spa_Latn,889,4,10
spa_Latn,889,5,8
spa_Latn,889,6,61
spa_Latn,889,7,8
spa_Latn,889,8,61
spa_Latn,889,9,19
spa_Latn,889,10,19
spa_Latn,889,11,8
spa_Latn,890,0,60
spa_Latn,890,1,19
spa_Latn,890,2,8
spa_Latn,890,3,19
spa_Latn,890,4,39
spa_Latn,890,5,19
spa_Latn,890,6,8
spa_Latn,890,7,33
spa_Latn,890,8,1
spa_Latn,890,9,8
spa_Latn,890,10,8
spa_Latn,890,11,8
spa_Latn,890,12,40
spa_Latn,890,13,62
spa_Latn,891,0,60
spa_Latn,891,1,19
spa_Latn,891,2,47
spa_Latn,891,3,47
spa_Latn,891,4,8
spa_Latn,891,5,8
spa_Latn,891,6,39
spa_Latn,891,7,46
spa_Latn,891,8,39
spa_Latn,891,9,8
spa_Latn,891,10,8
spa_Latn,891,11,19
spa_Latn,891,12,8
spa_Latn,892,0,60
spa_Latn,892,1,40
spa_Latn,892,2,26
spa_Latn,892,3,49
spa_Latn,892,4,12
spa_Latn,892,5,42
spa_Latn,892,6,19
spa_Latn,892,7,46
spa_Latn,892,8,19
spa_Latn,892,9,26
spa_Latn,892,10,49
spa_Latn,892,11,11
spa_Latn,893,0,60
spa_Latn,893,1,47
spa_Latn,893,2,19
spa_Latn,893,3,8
spa_Latn,893,4,8
spa_Latn,893,5,52
spa_Latn,894,0,60
spa_Latn,894,1,47
spa_Latn,894,2,8
spa_Latn,894,3,35
spa_Latn,894,4,8
spa_Latn,894,5,8
spa_Latn,894,6,53
spa_Latn,894,7,8
spa_Latn,894,8,19
spa_Latn,894,9,8
spa_Latn,894,10,8
spa_Latn,894,11,19
spa_Latn,894,12,39
spa_Latn,894,13,51
spa_Latn,894,14,9
spa_Latn,895,0,60
spa_Latn,895,1,61
spa_Latn,895,2,47
spa_Latn,895,3,8
spa_Latn,895,4,8
spa_Latn,895,5,8
spa_Latn,895,6,19
spa_Latn,896,0,60
spa_Latn,896,1,15
spa_Latn,896,2,19
spa_Latn,896,3,29
spa_Latn,896,4,8
spa_Latn,896,5,8
spa_Latn,896,6,8
eng_Latn,897,0,60
eng_Latn,897,1,22
eng_Latn,897,2,22
eng_Latn,897,3,12
eng_Latn,897,4,29
eng_Latn,897,5,22
spa_Latn,898,0,60
spa_Latn,898,1,39
spa_Latn,898,2,47
spa_Latn,898,3,47
spa_Latn,898,4,7
spa_Latn,898,5,61
spa_Latn,898,6,19
spa_Latn,898,7,8
spa_Latn,899,0,60
spa_Latn,899,1,8
spa_Latn,899,2,22
spa_Latn,899,3,12
spa_Latn,899,4,19
spa_Latn,899,5,8
spa_Latn,899,6,47
spa_Latn,899,7,8
spa_Latn,899,8,8
spa_Latn,899,9,8
spa_Latn,899,10,62
spa_Latn,899,11,8
spa_Latn,899,12,8
spa_Latn,900,0,60
spa_Latn,900,1,19
spa_Latn,900,2,8
spa_Latn,900,3,8
spa_Latn,900,4,7
spa_Latn,901,0,60
spa_Latn,901,1,13
spa_Latn,901,2,1
spa_Latn,901,3,19
spa_Latn,901,4,26
spa_Latn,902,0,60
spa_Latn,902,1,8
spa_Latn,902,2,51
spa_Latn,902,3,24
spa_Latn,902,4,61
spa_Latn,902,5,8
spa_Latn,902,6,8
spa_Latn,902,7,8
spa_Latn,902,8,8
spa_Latn,902,9,8
spa_Latn,902,10,8
spa_Latn,902,11,19
spa_Latn,902,12,19
spa_Latn,902,13,19
spa_Latn,902,14,8
spa_Latn,903,0,60
spa_Latn,903,1,8
spa_Latn,903,2,12
spa_Latn,903,3,58
spa_Latn,903,4,12
spa_Latn,903,5,29
spa_Latn,903,6,47
spa_Latn,903,7,40
eng_Latn,904,0,60
eng_Latn,904,1,9
eng_Latn,904,2,56
eng_Latn,904,3,38
eng_Latn,904,4,8
spa_Latn,905,0,60
spa_Latn,905,1,8
eng_Latn,906,0,60
eng_Latn,906,1,9
eng_Latn,906,2,38
eng_Latn,906,3,15
eng_Latn,906,4,56
eng_Latn,906,5,63
eng_Latn,906,6,60
eng_Latn,906,7,40
eng_Latn,906,8,63
spa_Latn,907,0,60
spa_Latn,907,1,61
spa_Latn,907,2,17
spa_Latn,907,3,17
spa_Latn,907,4,39
spa_Latn,907,5,39
spa_Latn,907,6,8
spa_Latn,908,0,60
spa_Latn,908,1,40
spa_Latn,908,2,8
spa_Latn,908,3,35
spa_Latn,908,4,19
spa_Latn,908,5,19
spa_Latn,908,6,8
spa_Latn,909,0,60
spa_Latn,909,1,8
spa_Latn,909,2,8
spa_Latn,909,3,8
spa_Latn,909,4,8
spa_Latn,909,5,8
spa_Latn,909,6,8
spa_Latn,909,7,8
spa_Latn,909,8,8
spa_Latn,910,0,60
spa_Latn,910,1,8
spa_Latn,910,2,8
spa_Latn,910,3,8
spa_Latn,910,4,8
spa_Latn,910,5,19
spa_Latn,910,6,8
spa_Latn,910,7,8
spa_Latn,910,8,8
spa_Latn,910,9,19
spa_Latn,910,10,8
spa_Latn,910,11,8
spa_Latn,910,12,8
spa_Latn,910,13,47
spa_Latn,910,14,8
spa_Latn,911,0,60
spa_Latn,911,1,19
spa_Latn,911,2,8
spa_Latn,911,3,8
spa_Latn,911,4,53
spa_Latn,911,5,8
spa_Latn,911,6,8
spa_Latn,911,7,19
spa_Latn,911,8,8
spa_Latn,911,9,1
spa_Latn,911,10,19
spa_Latn,911,11,8
spa_Latn,912,0,60
spa_Latn,912,1,47
spa_Latn,912,2,8
spa_Latn,912,3,61
spa_Latn,912,4,8
spa_Latn,912,5,8
spa_Latn,912,6,8
spa_Latn,912,7,8
spa_Latn,912,8,8
spa_Latn,912,9,19
spa_Latn,912,10,19
spa_Latn,912,11,8
spa_Latn,912,12,19
spa_Latn,912,13,8
spa_Latn,912,14,19
spa_Latn,912,15,8
spa_Latn,912,16,8
spa_Latn,913,0,60
spa_Latn,913,1,47
spa_Latn,913,2,40
spa_Latn,913,3,8
spa_Latn,913,4,47
spa_Latn,913,5,19
spa_Latn,913,6,14
spa_Latn,913,7,47
spa_Latn,913,8,8
spa_Latn,913,9,19
spa_Latn,913,10,14
spa_Latn,914,0,60
spa_Latn,914,1,19
spa_Latn,914,2,22
spa_Latn,914,3,24
spa_Latn,914,4,22
spa_Latn,914,5,19
spa_Latn,914,6,7
spa_Latn,914,7,19
spa_Latn,914,8,19
spa_Latn,914,9,7
spa_Latn,914,10,8
spa_Latn,915,0,60
spa_Latn,915,1,6
spa_Latn,915,2,19
spa_Latn,915,3,19
spa_Latn,915,4,6
spa_Latn,915,5,11
spa_Latn,915,6,19
spa_Latn,915,7,39
spa_Latn,915,8,8
spa_Latn,915,9,8
spa_Latn,915,10,46
spa_Latn,915,11,8
spa_Latn,916,0,60
spa_Latn,916,1,8
spa_Latn,916,2,51
spa_Latn,916,3,8
spa_Latn,916,4,8
spa_Latn,917,0,60
spa_Latn,917,1,61
spa_Latn,917,2,19
spa_Latn,917,3,8
spa_Latn,917,4,54
spa_Latn,917,5,19
spa_Latn,917,6,52
spa_Latn,917,7,8
spa_Latn,918,0,60
spa_Latn,918,1,12
spa_Latn,918,2,61
spa_Latn,918,3,13
spa_Latn,918,4,1
spa_Latn,918,5,1
spa_Latn,918,6,52
spa_Latn,918,7,13
spa_Latn,918,8,13
spa_Latn,918,9,13
spa_Latn,919,0,60
spa_Latn,919,1,40
spa_Latn,919,2,12
spa_Latn,919,3,47
spa_Latn,919,4,47
spa_Latn,919,5,8
spa_Latn,919,6,8
spa_Latn,919,7,8
spa_Latn,919,8,8
spa_Latn,919,9,19
spa_Latn,919,10,19
spa_Latn,919,11,8
spa_Latn,919,12,8
spa_Latn,920,0,60
spa_Latn,920,1,17
spa_Latn,920,2,19
spa_Latn,920,3,8
spa_Latn,920,4,61
spa_Latn,920,5,8
spa_Latn,920,6,8
spa_Latn,920,7,19
spa_Latn,920,8,39
spa_Latn,920,9,8
spa_Latn,921,0,60
spa_Latn,921,1,19
spa_Latn,921,2,19
spa_Latn,921,3,8
spa_Latn,921,4,47
spa_Latn,921,5,47
spa_Latn,921,6,61
spa_Latn,921,7,10
spa_Latn,921,8,56
spa_Latn,921,9,8
spa_Latn,921,10,8
spa_Latn,921,11,8
spa_Latn,921,12,47
spa_Latn,921,13,8
spa_Latn,922,0,60
spa_Latn,922,1,39
spa_Latn,922,2,47
spa_Latn,922,3,39
spa_Latn,922,4,8
spa_Latn,922,5,8
eng_Latn,923,0,60
eng_Latn,923,1,12
eng_Latn,923,2,42
eng_Latn,923,3,22
eng_Latn,923,4,27
eng_Latn,923,5,49
eng_Latn,923,6,9
eng_Latn,923,7,40
spa_Latn,924,0,60
spa_Latn,924,1,8
spa_Latn,924,2,19
spa_Latn,924,3,8
spa_Latn,924,4,8
eng_Latn,925,0,60
eng_Latn,925,1,22
eng_Latn,925,2,53
eng_Latn,925,3,46
spa_Latn,926,0,60
spa_Latn,926,1,16
spa_Latn,926,2,8
spa_Latn,926,3,8
spa_Latn,926,4,19
spa_Latn,926,5,8
spa_Latn,926,6,8
spa_Latn,926,7,19
spa_Latn,926,8,19
spa_Latn,926,9,8
spa_Latn,926,10,61
spa_Latn,926,11,8
spa_Latn,926,12,8
spa_Latn,926,13,1
spa_Latn,926,14,39
spa_Latn,926,15,8
eng_Latn,927,0,60
eng_Latn,927,1,22
eng_Latn,927,2,47
eng_Latn,927,3,40
eng_Latn,927,4,49
spa_Latn,928,0,60
spa_Latn,928,1,9
spa_Latn,928,2,19
spa_Latn,928,3,40
spa_Latn,928,4,19
spa_Latn,928,5,7
spa_Latn,928,6,8
spa_Latn,928,7,8
spa_Latn,928,8,8
spa_Latn,928,9,8
spa_Latn,928,10,8
eng_Latn,929,0,60
eng_Latn,929,1,50
eng_Latn,929,2,16
eng_Latn,930,0,60
eng_Latn,930,1,54
eng_Latn,930,2,38
eng_Latn,930,3,19
eng_Latn,930,4,46
eng_Latn,930,5,21
eng_Latn,930,6,16
eng_Latn,930,7,57
spa_Latn,931,0,60
spa_Latn,931,1,19
spa_Latn,931,2,8
spa_Latn,931,3,11
spa_Latn,931,4,22
spa_Latn,931,5,60
spa_Latn,931,6,9
spa_Latn,931,7,12
spa_Latn,931,8,26
spa_Latn,931,9,22
spa_Latn,932,0,60
spa_Latn,932,1,8
spa_Latn,932,2,19
spa_Latn,932,3,8
spa_Latn,932,4,53
spa_Latn,932,5,27
spa_Latn,932,6,23
spa_Latn,932,7,19
spa_Latn,932,8,47
spa_Latn,932,9,63
eng_Latn,933,0,60
eng_Latn,933,1,57
eng_Latn,933,2,45
eng_Latn,933,3,15
eng_Latn,933,4,10
eng_Latn,933,5,18
eng_Latn,933,6,16
eng_Latn,933,7,56
eng_Latn,933,8,57
eng_Latn,934,0,60
eng_Latn,934,1,15
eng_Latn,934,2,16
eng_Latn,934,3,43
eng_Latn,934,4,46
eng_Latn,934,5,63
eng_Latn,934,6,43
eng_Latn,934,7,49
spa_Latn,935,0,60
spa_Latn,935,1,47
spa_Latn,935,2,19
spa_Latn,935,3,8
spa_Latn,935,4,19
spa_Latn,935,5,8
spa_Latn,935,6,8
spa_Latn,935,7,27
spa_Latn,935,8,8
spa_Latn,935,9,8
spa_Latn,936,0,60
spa_Latn,936,1,39
spa_Latn,936,2,19
spa_Latn,936,3,47
spa_Latn,936,4,22
spa_Latn,936,5,61
spa_Latn,936,6,19
spa_Latn,936,7,60
eng_Latn,937,0,60
eng_Latn,937,1,38
eng_Latn,937,2,46
eng_Latn,937,3,47
eng_Latn,937,4,40
eng_Latn,937,5,29
eng_Latn,937,6,33
eng_Latn,938,0,60
eng_Latn,938,1,22
eng_Latn,938,2,42
eng_Latn,938,3,38
eng_Latn,938,4,19
eng_Latn,938,5,8
eng_Latn,938,6,19
eng_Latn,938,7,8
eng_Latn,938,8,5
eng_Latn,938,9,51
eng_Latn,938,10,8
eng_Latn,938,11,8
eng_Latn,938,12,15
spa_Latn,939,0,60
spa_Latn,939,1,19
spa_Latn,939,2,40
spa_Latn,939,3,39
spa_Latn,939,4,19
spa_Latn,939,5,8
spa_Latn,939,6,8
spa_Latn,939,7,54
spa_Latn,939,8,8
spa_Latn,939,9,8
spa_Latn,939,10,62
spa_Latn,939,11,19
spa_Latn,939,12,8
spa_Latn,940,0,60
spa_Latn,940,1,19
spa_Latn,940,2,22
spa_Latn,940,3,52
spa_Latn,940,4,8
spa_Latn,940,5,52
spa_Latn,941,0,60
spa_Latn,941,1,8
spa_Latn,941,2,8
spa_Latn,941,3,8
spa_Latn,941,4,8
spa_Latn,941,5,8
spa_Latn,941,6,39
spa_Latn,941,7,34
eng_Latn,942,0,60
eng_Latn,942,1,18
eng_Latn,942,2,18
eng_Latn,942,3,29
eng_Latn,942,4,51
eng_Latn,942,5,52
eng_Latn,942,6,49
spa_Latn,943,0,60
spa_Latn,943,1,39
spa_Latn,943,2,8
spa_Latn,943,3,61
spa_Latn,943,4,14
spa_Latn,943,5,47
spa_Latn,943,6,19
spa_Latn,943,7,15
spa_Latn,943,8,8
spa_Latn,943,9,40
spa_Latn,943,10,8
spa_Latn,943,11,19
spa_Latn,943,12,19
spa_Latn,943,13,39
spa_Latn,943,14,8
spa_Latn,943,15,29
spa_Latn,943,16,8
spa_Latn,944,0,60
spa_Latn,944,1,19
spa_Latn,944,2,24
spa_Latn,944,3,39
spa_Latn,944,4,8
spa_Latn,944,5,8
spa_Latn,944,6,8
spa_Latn,944,7,19
spa_Latn,944,8,19
spa_Latn,944,9,8
spa_Latn,944,10,1
spa_Latn,944,11,8
spa_Latn,944,12,8
spa_Latn,944,13,8
spa_Latn,945,0,60
spa_Latn,945,1,47
spa_Latn,945,2,39
spa_Latn,945,3,8
spa_Latn,945,4,8
spa_Latn,945,5,26
spa_Latn,945,6,26
spa_Latn,945,7,49
spa_Latn,946,0,60
spa_Latn,946,1,19
spa_Latn,946,2,56
spa_Latn,946,3,24
spa_Latn,946,4,24
spa_Latn,946,5,39
spa_Latn,946,6,19
spa_Latn,946,7,8
eng_Latn,947,0,60
eng_Latn,947,1,40
eng_Latn,947,2,18
eng_Latn,947,3,18
eng_Latn,947,4,56
eng_Latn,947,5,16
eng_Latn,947,6,59
eng_Latn,947,7,46
spa_Latn,948,0,60
spa_Latn,948,1,1
spa_Latn,948,2,17
spa_Latn,948,3,8
spa_Latn,948,4,8
spa_Latn,948,5,8
spa_Latn,948,6,19
spa_Latn,948,7,8
spa_Latn,949,0,60
spa_Latn,949,1,39
spa_Latn,949,2,19
spa_Latn,949,3,17
spa_Latn,949,4,39
spa_Latn,949,5,8
spa_Latn,949,6,34
spa_Latn,950,0,60
spa_Latn,950,1,40
spa_Latn,950,2,49
spa_Latn,951,0,60
spa_Latn,951,1,8
spa_Latn,951,2,8
spa_Latn,951,3,8
spa_Latn,951,4,8
spa_Latn,952,0,60
spa_Latn,952,1,19
spa_Latn,952,2,19
spa_Latn,952,3,16
spa_Latn,952,4,8
spa_Latn,952,5,19
spa_Latn,952,6,8
spa_Latn,952,7,8
spa_Latn,952,8,8
spa_Latn,952,9,47
spa_Latn,952,10,19
spa_Latn,952,11,30
spa_Latn,953,0,60
spa_Latn,953,1,46
spa_Latn,953,2,8
spa_Latn,953,3,8
spa_Latn,953,4,8
spa_Latn,953,5,19
spa_Latn,953,6,34
spa_Latn,953,7,6
spa_Latn,953,8,61
spa_Latn,953,9,39
spa_Latn,953,10,15
spa_Latn,953,11,8
spa_Latn,953,12,8
spa_Latn,954,0,60
spa_Latn,954,1,61
spa_Latn,954,2,49
spa_Latn,954,3,5
spa_Latn,954,4,22
spa_Latn,955,0,60
spa_Latn,955,1,19
spa_Latn,955,2,8
spa_Latn,955,3,10
spa_Latn,955,4,39
spa_Latn,955,5,19
spa_Latn,955,6,8
spa_Latn,955,7,19
spa_Latn,955,8,39
spa_Latn,955,9,8
spa_Latn,955,10,8
spa_Latn,956,0,60
spa_Latn,956,1,22
spa_Latn,956,2,9
spa_Latn,956,3,9
spa_Latn,956,4,8
spa_Latn,956,5,47
spa_Latn,956,6,19
spa_Latn,956,7,8
spa_Latn,956,8,8
spa_Latn,956,9,40
spa_Latn,957,0,60
spa_Latn,957,1,19
spa_Latn,957,2,8
spa_Latn,957,3,61
spa_Latn,957,4,19
spa_Latn,957,5,62
spa_Latn,957,6,47
spa_Latn,957,7,61
spa_Latn,957,8,62
spa_Latn,957,9,52
spa_Latn,958,0,60
spa_Latn,958,1,19
spa_Latn,958,2,22
spa_Latn,958,3,52
spa_Latn,958,4,1
spa_Latn,958,5,46
spa_Latn,958,6,8
spa_Latn,958,7,52
spa_Latn,959,0,60
spa_Latn,959,1,15
spa_Latn,959,2,8
spa_Latn,959,3,8
spa_Latn,959,4,19
spa_Latn,959,5,8
spa_Latn,959,6,8
spa_Latn,959,7,56
spa_Latn,959,8,8
spa_Latn,959,9,39
spa_Latn,959,10,8
spa_Latn,960,0,60
spa_Latn,960,1,61
spa_Latn,960,2,19
spa_Latn,960,3,49
spa_Latn,960,4,47
spa_Latn,960,5,4
spa_Latn,960,6,51
spa_Latn,960,7,47
spa_Latn,960,8,4
spa_Latn,960,9,51
spa_Latn,960,10,8
spa_Latn,960,11,61
spa_Latn,960,12,19
spa_Latn,960,13,8
spa_Latn,960,14,45
spa_Latn,960,15,8
spa_Latn,960,16,27
spa_Latn,960,17,4
spa_Latn,960,18,19
spa_Latn,960,19,8
spa_Latn,960,20,8
spa_Latn,961,0,60
spa_Latn,961,1,36
spa_Latn,961,2,13
spa_Latn,962,0,60
spa_Latn,962,1,47
spa_Latn,962,2,47
spa_Latn,962,3,16
spa_Latn,962,4,52
spa_Latn,962,5,47
spa_Latn,962,6,8
spa_Latn,962,7,8
spa_Latn,962,8,8
spa_Latn,962,9,19
spa_Latn,962,10,8
spa_Latn,962,11,8
spa_Latn,962,12,61
spa_Latn,962,13,8
eng_Latn,963,0,60
eng_Latn,963,1,42
eng_Latn,963,2,38
eng_Latn,963,3,18
eng_Latn,963,4,16
eng_Latn,963,5,33
eng_Latn,963,6,33
spa_Latn,964,0,60
spa_Latn,964,1,39
spa_Latn,964,2,61
spa_Latn,964,3,1
spa_Latn,964,4,8
spa_Latn,964,5,34
spa_Latn,965,0,60
spa_Latn,965,1,19
spa_Latn,965,2,8
spa_Latn,965,3,20
spa_Latn,965,4,19
spa_Latn,965,5,19
spa_Latn,965,6,29
spa_Latn,965,7,8
spa_Latn,965,8,42
spa_Latn,965,9,19
spa_Latn,965,10,34
spa_Latn,965,11,8
spa_Latn,965,12,8
spa_Latn,965,13,60
spa_Latn,965,14,9
eng_Latn,966,0,60
eng_Latn,966,1,24
eng_Latn,966,2,22
eng_Latn,966,3,45
eng_Latn,966,4,37
eng_Latn,966,5,18
eng_Latn,966,6,16
eng_Latn,966,7,49
eng_Latn,966,8,53
eng_Latn,966,9,37
eng_Latn,966,10,46
spa_Latn,967,0,60
spa_Latn,967,1,7
spa_Latn,967,2,7
spa_Latn,967,3,63
spa_Latn,967,4,11
spa_Latn,967,5,11
spa_Latn,967,6,11
spa_Latn,967,7,47
spa_Latn,967,8,39
spa_Latn,967,9,19
spa_Latn,967,10,8
spa_Latn,967,11,8
spa_Latn,967,12,19
spa_Latn,967,13,8
spa_Latn,968,0,60
spa_Latn,968,1,6
spa_Latn,968,2,19
spa_Latn,968,3,8
spa_Latn,968,4,52
spa_Latn,968,5,8
spa_Latn,968,6,39
spa_Latn,968,7,8
spa_Latn,968,8,47
spa_Latn,968,9,49
spa_Latn,968,10,8
spa_Latn,968,11,47
spa_Latn,968,12,7
spa_Latn,968,13,8
spa_Latn,968,14,12
spa_Latn,968,15,52
spa_Latn,969,0,60
spa_Latn,969,1,19
spa_Latn,969,2,49
spa_Latn,969,3,19
spa_Latn,969,4,26
spa_Latn,969,5,60
spa_Latn,969,6,12
spa_Latn,969,7,19
spa_Latn,969,8,19
spa_Latn,969,9,40
spa_Latn,969,10,8
spa_Latn,969,11,8
spa_Latn,969,12,27
spa_Latn,969,13,8
eng_Latn,970,0,60
eng_Latn,970,1,49
eng_Latn,970,2,45
eng_Latn,970,3,18
eng_Latn,970,4,9
eng_Latn,970,5,9
eng_Latn,970,6,18
eng_Latn,970,7,53
eng_Latn,970,8,8
eng_Latn,970,9,47
eng_Latn,970,10,21
eng_Latn,970,11,21
spa_Latn,971,0,60
spa_Latn,971,1,61
spa_Latn,971,2,19
spa_Latn,971,3,63
spa_Latn,971,4,52
spa_Latn,971,5,1
spa_Latn,971,6,52
spa_Latn,971,7,13
spa_Latn,971,8,1
spa_Latn,971,9,13
spa_Latn,971,10,60
spa_Latn,971,11,60
spa_Latn,972,0,60
spa_Latn,972,1,22
spa_Latn,972,2,61
spa_Latn,972,3,6
spa_Latn,972,4,7
spa_Latn,972,5,19
spa_Latn,972,6,47
spa_Latn,972,7,19
spa_Latn,972,8,8
spa_Latn,972,9,8
spa_Latn,972,10,11
spa_Latn,972,11,19
spa_Latn,972,12,19
spa_Latn,972,13,8
spa_Latn,972,14,1
spa_Latn,972,15,12
spa_Latn,972,16,19
spa_Latn,972,17,22
spa_Latn,972,18,60
spa_Latn,973,0,60
spa_Latn,973,1,39
spa_Latn,973,2,7
spa_Latn,973,3,8
spa_Latn,973,4,8
spa_Latn,973,5,47
spa_Latn,973,6,19
spa_Latn,973,7,8
spa_Latn,973,8,8
spa_Latn,973,9,19
spa_Latn,973,10,63
eng_Latn,974,0,60
eng_Latn,974,1,62
eng_Latn,974,2,12
eng_Latn,974,3,35
eng_Latn,974,4,57
eng_Latn,974,5,8
eng_Latn,974,6,15
eng_Latn,974,7,63
eng_Latn,974,8,5
eng_Latn,974,9,49
spa_Latn,975,0,60
spa_Latn,975,1,47
spa_Latn,975,2,42
spa_Latn,975,3,11
spa_Latn,975,4,52
spa_Latn,975,5,52
spa_Latn,975,6,58
spa_Latn,975,7,13
spa_Latn,975,8,13
spa_Latn,975,9,13
spa_Latn,975,10,13
spa_Latn,975,11,47
spa_Latn,975,12,27
eng_Latn,976,0,60
eng_Latn,976,1,40
eng_Latn,976,2,40
eng_Latn,976,3,10
eng_Latn,976,4,56
eng_Latn,976,5,35
eng_Latn,976,6,56
eng_Latn,976,7,54
eng_Latn,976,8,19
eng_Latn,976,9,44
spa_Latn,977,0,60
spa_Latn,977,1,39
spa_Latn,977,2,8
spa_Latn,977,3,8
spa_Latn,977,4,8
spa_Latn,977,5,47
spa_Latn,977,6,47
spa_Latn,977,7,8
spa_Latn,978,0,60
spa_Latn,978,1,17
spa_Latn,978,2,8
spa_Latn,978,3,8
spa_Latn,978,4,17
spa_Latn,978,5,39
spa_Latn,978,6,8
spa_Latn,979,0,60
spa_Latn,979,1,24
spa_Latn,979,2,61
spa_Latn,979,3,47
spa_Latn,979,4,10
spa_Latn,979,5,10
spa_Latn,979,6,47
spa_Latn,979,7,8
spa_Latn,979,8,51
spa_Latn,979,9,19
spa_Latn,979,10,47
spa_Latn,979,11,8
spa_Latn,979,12,51
spa_Latn,979,13,19
spa_Latn,979,14,8
spa_Latn,979,15,8
spa_Latn,979,16,8
spa_Latn,979,17,19
spa_Latn,979,18,16
eng_Latn,980,0,60
eng_Latn,980,1,46
eng_Latn,980,2,51
eng_Latn,980,3,63
eng_Latn,980,4,14
eng_Latn,980,5,49
eng_Latn,980,6,9
eng_Latn,980,7,14
eng_Latn,980,8,1
eng_Latn,980,9,52
spa_Latn,981,0,60
spa_Latn,981,1,27
spa_Latn,981,2,8
spa_Latn,981,3,8
spa_Latn,981,4,57
spa_Latn,981,5,8
eng_Latn,982,0,60
eng_Latn,982,1,5
eng_Latn,982,2,20
eng_Latn,982,3,52
eng_Latn,982,4,57
eng_Latn,982,5,23
eng_Latn,982,6,23
eng_Latn,982,7,61
eng_Latn,982,8,15
eng_Latn,982,9,16
eng_Latn,982,10,20
eng_Latn,982,11,63
spa_Latn,983,0,60
spa_Latn,983,1,22
spa_Latn,983,2,24
spa_Latn,983,3,1
spa_Latn,983,4,62
spa_Latn,983,5,5
spa_Latn,983,6,47
spa_Latn,983,7,1
spa_Latn,983,8,52
spa_Latn,984,0,60
spa_Latn,984,1,22
spa_Latn,984,2,9
spa_Latn,984,3,9
spa_Latn,984,4,39
spa_Latn,984,5,8
spa_Latn,984,6,19
spa_Latn,984,7,8
spa_Latn,984,8,8
spa_Latn,984,9,19
spa_Latn,984,10,19
spa_Latn,984,11,34
spa_Latn,984,12,20
spa_Latn,984,13,34
spa_Latn,985,0,60
spa_Latn,985,1,8
spa_Latn,985,2,8
spa_Latn,985,3,10
spa_Latn,985,4,8
spa_Latn,985,5,19
spa_Latn,985,6,47
spa_Latn,985,7,1
spa_Latn,985,8,52
spa_Latn,986,0,60
spa_Latn,986,1,8
spa_Latn,986,2,47
spa_Latn,986,3,8
spa_Latn,986,4,8
spa_Latn,986,5,8
spa_Latn,987,0,60
spa_Latn,987,1,46
spa_Latn,987,2,15
spa_Latn,987,3,8
spa_Latn,987,4,61
spa_Latn,987,5,39
spa_Latn,987,6,8
spa_Latn,987,7,56
spa_Latn,987,8,8
spa_Latn,987,9,19
spa_Latn,987,10,8
spa_Latn,988,0,60
spa_Latn,988,1,19
spa_Latn,988,2,8
spa_Latn,988,3,28
spa_Latn,988,4,61
spa_Latn,988,5,47
spa_Latn,988,6,8
spa_Latn,989,0,60
spa_Latn,989,1,8
spa_Latn,989,2,54
spa_Latn,989,3,54
spa_Latn,989,4,8
spa_Latn,989,5,29
spa_Latn,989,6,8
spa_Latn,989,7,61
spa_Latn,989,8,47
spa_Latn,989,9,7
spa_Latn,989,10,8
eng_Latn,990,0,60
eng_Latn,990,1,22
eng_Latn,990,2,45
eng_Latn,990,3,22
eng_Latn,990,4,16
eng_Latn,990,5,59
eng_Latn,990,6,34
eng_Latn,990,7,20
eng_Latn,990,8,19
eng_Latn,990,9,19
eng_Latn,990,10,34
spa_Latn,991,0,60
spa_Latn,991,1,8
spa_Latn,991,2,8
spa_Latn,991,3,8
spa_Latn,991,4,10
spa_Latn,991,5,8
spa_Latn,991,6,61
spa_Latn,991,7,8
spa_Latn,991,8,8
spa_Latn,991,9,19
spa_Latn,991,10,19
spa_Latn,991,11,8
spa_Latn,992,0,60
spa_Latn,992,1,61
spa_Latn,992,2,16
spa_Latn,992,3,8
spa_Latn,992,4,8
spa_Latn,992,5,8
spa_Latn,992,6,19
spa_Latn,992,7,7
spa_Latn,992,8,15
spa_Latn,992,9,19
spa_Latn,992,10,8
spa_Latn,992,11,19
spa_Latn,992,12,8
spa_Latn,992,13,8
spa_Latn,992,14,8
spa_Latn,992,15,29
spa_Latn,992,16,1
spa_Latn,992,17,52
spa_Latn,993,0,60
spa_Latn,993,1,27
spa_Latn,993,2,8
spa_Latn,993,3,6
spa_Latn,993,4,6
spa_Latn,993,5,8
spa_Latn,993,6,36
spa_Latn,993,7,10
spa_Latn,993,8,10
spa_Latn,993,9,8
spa_Latn,993,10,8
spa_Latn,993,11,11
spa_Latn,993,12,9
spa_Latn,993,13,19
spa_Latn,993,14,47
spa_Latn,993,15,36
spa_Latn,993,16,36
spa_Latn,993,17,52
spa_Latn,994,0,60
spa_Latn,994,1,52
spa_Latn,994,2,52
spa_Latn,994,3,39
spa_Latn,994,4,22
spa_Latn,994,5,37
spa_Latn,994,6,22
spa_Latn,994,7,9
spa_Latn,995,0,60
spa_Latn,995,1,19
spa_Latn,995,2,8
spa_Latn,995,3,8
spa_Latn,995,4,29
spa_Latn,995,5,8
spa_Latn,995,6,63
spa_Latn,995,7,34
spa_Latn,996,0,60
spa_Latn,996,1,8
spa_Latn,996,2,19
spa_Latn,996,3,47
spa_Latn,996,4,34
spa_Latn,996,5,51
spa_Latn,996,6,8
spa_Latn,996,7,8
spa_Latn,996,8,8
eng_Latn,997,0,60
eng_Latn,997,1,22
eng_Latn,997,2,42
eng_Latn,997,3,26
eng_Latn,997,4,14
eng_Latn,997,5,40
eng_Latn,997,6,33
eng_Latn,997,7,40
eng_Latn,997,8,33
spa_Latn,998,0,60
spa_Latn,998,1,19
spa_Latn,998,2,19
spa_Latn,998,3,34
spa_Latn,998,4,8
spa_Latn,998,5,8
spa_Latn,998,6,19
spa_Latn,998,7,34
spa_Latn,999,0,60
spa_Latn,999,1,19
spa_Latn,999,2,47
spa_Latn,999,3,47
spa_Latn,999,4,47
spa_Latn,999,5,8
spa_Latn,999,6,8
spa_Latn,999,7,8
spa_Latn,999,8,8
spa_Latn,999,9,52
