lang,sentence_id,token_idx,expert_id
bul_Cyrl,0,0,60
bul_Cyrl,0,1,13
bul_Cyrl,0,2,13
bul_Cyrl,0,3,13
bul_Cyrl,0,4,13
bul_Cyrl,0,5,13
bul_Cyrl,0,6,13
bul_Cyrl,0,7,13
bul_Cyrl,0,8,13
bul_Cyrl,0,9,13
bul_Cyrl,0,10,13
bul_Cyrl,0,11,13
bul_Cyrl,0,12,13
bul_Cyrl,0,13,13
bul_Cyrl,0,14,13
bul_Cyrl,0,15,13
bul_Cyrl,0,16,13
bul_Cyrl,0,17,13
bul_Cyrl,1,0,60
bul_Cyrl,1,1,13
bul_Cyrl,1,2,13
bul_Cyrl,1,3,13
bul_Cyrl,1,4,13
bul_Cyrl,1,5,13
bul_Cyrl,1,6,13
bul_Cyrl,1,7,13
bul_Cyrl,1,8,13
bul_Cyrl,1,9,13
bul_Cyrl,1,10,13
bul_Cyrl,1,11,13
eng_Latn,2,0,60
eng_Latn,2,1,62
eng_Latn,2,2,12
eng_Latn,2,3,35
eng_Latn,2,4,57
eng_Latn,2,5,8
eng_Latn,2,6,15
eng_Latn,2,7,63
eng_Latn,2,8,5
eng_Latn,2,9,49
bul_Cyrl,3,0,60
bul_Cyrl,3,1,13
bul_Cyrl,3,2,13
bul_Cyrl,3,3,13
bul_Cyrl,3,4,13
bul_Cyrl,3,5,13
bul_Cyrl,3,6,13
bul_Cyrl,3,7,13
bul_Cyrl,3,8,13
bul_Cyrl,3,9,13
bul_Cyrl,3,10,13
bul_Cyrl,3,11,13
bul_Cyrl,3,12,13
bul_Cyrl,3,13,13
bul_Cyrl,3,14,13
bul_Cyrl,3,15,13
bul_Cyrl,3,16,13
bul_Cyrl,3,17,13
bul_Cyrl,3,18,13
bul_Cyrl,3,19,13
bul_Cyrl,3,20,13
bul_Cyrl,3,21,13
bul_Cyrl,3,22,13
bul_Cyrl,3,23,13
bul_Cyrl,4,0,60
bul_Cyrl,4,1,13
bul_Cyrl,4,2,13
bul_Cyrl,4,3,13
bul_Cyrl,4,4,13
bul_Cyrl,4,5,13
bul_Cyrl,4,6,61
bul_Cyrl,4,7,13
bul_Cyrl,4,8,13
bul_Cyrl,4,9,13
bul_Cyrl,4,10,13
bul_Cyrl,4,11,13
bul_Cyrl,4,12,13
bul_Cyrl,4,13,13
bul_Cyrl,4,14,13
bul_Cyrl,4,15,13
bul_Cyrl,4,16,13
bul_Cyrl,4,17,13
bul_Cyrl,4,18,13
bul_Cyrl,4,19,13
bul_Cyrl,4,20,13
bul_Cyrl,4,21,13
bul_Cyrl,4,22,13
bul_Cyrl,4,23,13
bul_Cyrl,4,24,13
bul_Cyrl,4,25,13
bul_Cyrl,4,26,13
bul_Cyrl,5,0,60
bul_Cyrl,5,1,13
bul_Cyrl,5,2,13
bul_Cyrl,5,3,13
bul_Cyrl,5,4,13
bul_Cyrl,5,5,13
bul_Cyrl,5,6,13
bul_Cyrl,5,7,13
bul_Cyrl,5,8,13
bul_Cyrl,5,9,13
bul_Cyrl,5,10,13
bul_Cyrl,5,11,13
bul_Cyrl,5,12,13
bul_Cyrl,5,13,13
bul_Cyrl,5,14,13
bul_Cyrl,5,15,13
bul_Cyrl,5,16,13
bul_Cyrl,5,17,13
bul_Cyrl,5,18,13
bul_Cyrl,5,19,13
bul_Cyrl,5,20,13
bul_Cyrl,5,21,13
bul_Cyrl,5,22,52
bul_Cyrl,5,23,13
eng_Latn,6,0,60
eng_Latn,6,1,4
eng_Latn,6,2,4
eng_Latn,6,3,20
eng_Latn,6,4,35
eng_Latn,6,5,57
eng_Latn,6,6,15
eng_Latn,6,7,1
eng_Latn,6,8,52
bul_Cyrl,7,0,60
bul_Cyrl,7,1,13
bul_Cyrl,7,2,13
bul_Cyrl,7,3,13
bul_Cyrl,7,4,13
bul_Cyrl,7,5,13
bul_Cyrl,7,6,13
bul_Cyrl,7,7,13
bul_Cyrl,7,8,13
bul_Cyrl,7,9,13
bul_Cyrl,7,10,13
bul_Cyrl,7,11,13
bul_Cyrl,7,12,13
bul_Cyrl,7,13,13
bul_Cyrl,7,14,13
bul_Cyrl,7,15,13
bul_Cyrl,7,16,13
bul_Cyrl,7,17,47
bul_Cyrl,7,18,13
bul_Cyrl,7,19,13
bul_Cyrl,8,0,60
bul_Cyrl,8,1,13
bul_Cyrl,8,2,13
bul_Cyrl,8,3,13
bul_Cyrl,8,4,13
bul_Cyrl,8,5,13
bul_Cyrl,8,6,13
bul_Cyrl,8,7,13
bul_Cyrl,8,8,13
bul_Cyrl,8,9,13
bul_Cyrl,8,10,13
bul_Cyrl,8,11,13
bul_Cyrl,8,12,13
bul_Cyrl,8,13,13
bul_Cyrl,8,14,13
bul_Cyrl,8,15,13
bul_Cyrl,8,16,13
bul_Cyrl,8,17,13
bul_Cyrl,8,18,13
bul_Cyrl,8,19,13
bul_Cyrl,8,20,13
bul_Cyrl,8,21,13
bul_Cyrl,8,22,13
bul_Cyrl,8,23,13
bul_Cyrl,8,24,13
bul_Cyrl,8,25,13
bul_Cyrl,8,26,13
bul_Cyrl,9,0,60
bul_Cyrl,9,1,19
bul_Cyrl,9,2,13
bul_Cyrl,9,3,13
bul_Cyrl,9,4,13
bul_Cyrl,9,5,47
bul_Cyrl,9,6,13
bul_Cyrl,9,7,13
bul_Cyrl,10,0,60
bul_Cyrl,10,1,13
bul_Cyrl,10,2,13
bul_Cyrl,10,3,13
bul_Cyrl,10,4,13
bul_Cyrl,10,5,13
bul_Cyrl,10,6,13
bul_Cyrl,10,7,13
bul_Cyrl,10,8,13
bul_Cyrl,10,9,13
bul_Cyrl,10,10,13
bul_Cyrl,10,11,13
bul_Cyrl,10,12,13
bul_Cyrl,10,13,13
bul_Cyrl,10,14,13
bul_Cyrl,10,15,13
bul_Cyrl,10,16,13
bul_Cyrl,10,17,13
bul_Cyrl,10,18,13
bul_Cyrl,10,19,13
bul_Cyrl,10,20,13
bul_Cyrl,10,21,13
bul_Cyrl,10,22,13
bul_Cyrl,10,23,13
bul_Cyrl,10,24,13
bul_Cyrl,11,0,60
bul_Cyrl,11,1,13
bul_Cyrl,11,2,13
bul_Cyrl,11,3,13
bul_Cyrl,11,4,13
bul_Cyrl,11,5,13
bul_Cyrl,11,6,13
bul_Cyrl,11,7,13
bul_Cyrl,11,8,13
bul_Cyrl,11,9,13
bul_Cyrl,11,10,13
bul_Cyrl,11,11,13
bul_Cyrl,11,12,13
bul_Cyrl,11,13,13
bul_Cyrl,11,14,52
bul_Cyrl,12,0,60
bul_Cyrl,12,1,13
bul_Cyrl,12,2,13
bul_Cyrl,12,3,13
bul_Cyrl,12,4,13
bul_Cyrl,12,5,13
bul_Cyrl,12,6,13
bul_Cyrl,12,7,13
bul_Cyrl,12,8,13
bul_Cyrl,12,9,13
bul_Cyrl,12,10,52
bul_Cyrl,12,11,13
bul_Cyrl,12,12,13
bul_Cyrl,13,0,60
bul_Cyrl,13,1,13
bul_Cyrl,13,2,13
bul_Cyrl,13,3,13
bul_Cyrl,13,4,13
bul_Cyrl,13,5,13
bul_Cyrl,13,6,13
bul_Cyrl,13,7,13
bul_Cyrl,13,8,13
bul_Cyrl,13,9,13
bul_Cyrl,13,10,13
bul_Cyrl,13,11,13
bul_Cyrl,13,12,13
bul_Cyrl,13,13,13
bul_Cyrl,13,14,13
bul_Cyrl,13,15,13
bul_Cyrl,13,16,13
bul_Cyrl,13,17,13
bul_Cyrl,13,18,13
bul_Cyrl,13,19,13
bul_Cyrl,13,20,13
bul_Cyrl,13,21,13
bul_Cyrl,14,0,60
bul_Cyrl,14,1,13
bul_Cyrl,14,2,13
bul_Cyrl,14,3,13
bul_Cyrl,14,4,13
bul_Cyrl,14,5,13
bul_Cyrl,14,6,13
bul_Cyrl,14,7,13
bul_Cyrl,14,8,13
bul_Cyrl,14,9,19
bul_Cyrl,14,10,13
bul_Cyrl,14,11,13
bul_Cyrl,14,12,13
bul_Cyrl,14,13,13
eng_Latn,15,0,60
eng_Latn,15,1,9
eng_Latn,15,2,27
eng_Latn,15,3,9
eng_Latn,15,4,56
eng_Latn,15,5,35
eng_Latn,15,6,17
eng_Latn,15,7,51
bul_Cyrl,16,0,60
bul_Cyrl,16,1,13
bul_Cyrl,16,2,13
bul_Cyrl,16,3,13
bul_Cyrl,16,4,13
bul_Cyrl,16,5,12
bul_Cyrl,16,6,13
bul_Cyrl,16,7,13
bul_Cyrl,16,8,13
bul_Cyrl,16,9,13
bul_Cyrl,16,10,13
bul_Cyrl,16,11,52
bul_Cyrl,17,0,60
bul_Cyrl,17,1,13
bul_Cyrl,17,2,13
bul_Cyrl,17,3,13
bul_Cyrl,17,4,13
bul_Cyrl,17,5,13
bul_Cyrl,17,6,13
bul_Cyrl,17,7,13
bul_Cyrl,17,8,13
bul_Cyrl,17,9,19
bul_Cyrl,17,10,19
bul_Cyrl,17,11,13
bul_Cyrl,17,12,13
bul_Cyrl,17,13,13
bul_Cyrl,17,14,13
bul_Cyrl,17,15,13
bul_Cyrl,17,16,13
bul_Cyrl,17,17,13
bul_Cyrl,17,18,13
bul_Cyrl,18,0,60
bul_Cyrl,18,1,13
bul_Cyrl,18,2,13
bul_Cyrl,18,3,13
bul_Cyrl,18,4,13
bul_Cyrl,18,5,13
bul_Cyrl,18,6,13
bul_Cyrl,18,7,13
bul_Cyrl,18,8,13
bul_Cyrl,18,9,13
bul_Cyrl,18,10,13
bul_Cyrl,18,11,13
bul_Cyrl,18,12,13
bul_Cyrl,18,13,13
bul_Cyrl,18,14,13
bul_Cyrl,18,15,13
bul_Cyrl,18,16,13
bul_Cyrl,18,17,13
bul_Cyrl,18,18,13
bul_Cyrl,18,19,13
bul_Cyrl,18,20,13
bul_Cyrl,18,21,13
bul_Cyrl,18,22,13
bul_Cyrl,18,23,13
bul_Cyrl,18,24,13
bul_Cyrl,18,25,13
bul_Cyrl,18,26,13
bul_Cyrl,18,27,13
bul_Cyrl,18,28,13
bul_Cyrl,18,29,13
bul_Cyrl,19,0,60
bul_Cyrl,19,1,19
bul_Cyrl,19,2,12
bul_Cyrl,19,3,13
bul_Cyrl,19,4,13
bul_Cyrl,19,5,13
bul_Cyrl,19,6,13
bul_Cyrl,19,7,13
bul_Cyrl,19,8,13
bul_Cyrl,19,9,13
bul_Cyrl,19,10,13
bul_Cyrl,19,11,13
bul_Cyrl,20,0,60
bul_Cyrl,20,1,13
bul_Cyrl,20,2,13
bul_Cyrl,20,3,52
bul_Cyrl,20,4,13
bul_Cyrl,20,5,13
bul_Cyrl,20,6,13
bul_Cyrl,20,7,13
bul_Cyrl,20,8,13
bul_Cyrl,20,9,13
bul_Cyrl,20,10,13
bul_Cyrl,20,11,22
bul_Cyrl,20,12,13
bul_Cyrl,20,13,13
bul_Cyrl,21,0,60
bul_Cyrl,21,1,13
bul_Cyrl,21,2,13
bul_Cyrl,21,3,26
bul_Cyrl,21,4,26
bul_Cyrl,21,5,13
bul_Cyrl,21,6,13
bul_Cyrl,21,7,12
bul_Cyrl,21,8,13
bul_Cyrl,21,9,13
bul_Cyrl,21,10,13
bul_Cyrl,21,11,13
bul_Cyrl,21,12,13
bul_Cyrl,21,13,13
bul_Cyrl,21,14,13
bul_Cyrl,21,15,13
bul_Cyrl,21,16,13
bul_Cyrl,21,17,13
bul_Cyrl,21,18,13
bul_Cyrl,21,19,13
bul_Cyrl,21,20,13
bul_Cyrl,21,21,13
bul_Cyrl,21,22,13
bul_Cyrl,21,23,13
eng_Latn,22,0,60
eng_Latn,22,1,37
eng_Latn,22,2,52
eng_Latn,22,3,57
eng_Latn,22,4,59
eng_Latn,22,5,50
eng_Latn,22,6,56
eng_Latn,22,7,35
eng_Latn,22,8,35
eng_Latn,22,9,8
eng_Latn,22,10,8
eng_Latn,22,11,48
eng_Latn,23,0,60
eng_Latn,23,1,9
eng_Latn,23,2,9
eng_Latn,23,3,31
eng_Latn,23,4,51
eng_Latn,23,5,54
eng_Latn,23,6,18
eng_Latn,23,7,4
eng_Latn,23,8,61
eng_Latn,23,9,47
eng_Latn,23,10,34
eng_Latn,23,11,53
eng_Latn,23,12,34
bul_Cyrl,24,0,60
bul_Cyrl,24,1,13
bul_Cyrl,24,2,13
bul_Cyrl,24,3,13
bul_Cyrl,24,4,13
bul_Cyrl,24,5,13
bul_Cyrl,24,6,13
bul_Cyrl,24,7,13
bul_Cyrl,24,8,13
bul_Cyrl,24,9,13
bul_Cyrl,24,10,13
bul_Cyrl,24,11,13
bul_Cyrl,24,12,13
bul_Cyrl,24,13,13
bul_Cyrl,24,14,13
bul_Cyrl,24,15,13
bul_Cyrl,24,16,13
bul_Cyrl,24,17,13
bul_Cyrl,24,18,13
bul_Cyrl,25,0,60
bul_Cyrl,25,1,13
bul_Cyrl,25,2,13
bul_Cyrl,25,3,13
bul_Cyrl,25,4,13
bul_Cyrl,25,5,13
bul_Cyrl,25,6,13
bul_Cyrl,25,7,13
bul_Cyrl,25,8,13
bul_Cyrl,25,9,13
bul_Cyrl,25,10,13
bul_Cyrl,25,11,13
bul_Cyrl,25,12,47
bul_Cyrl,25,13,13
bul_Cyrl,25,14,13
bul_Cyrl,26,0,60
bul_Cyrl,26,1,13
bul_Cyrl,26,2,13
bul_Cyrl,26,3,13
bul_Cyrl,26,4,1
bul_Cyrl,26,5,61
bul_Cyrl,26,6,13
bul_Cyrl,26,7,13
bul_Cyrl,26,8,13
bul_Cyrl,26,9,13
bul_Cyrl,26,10,13
bul_Cyrl,26,11,13
bul_Cyrl,26,12,13
bul_Cyrl,26,13,13
bul_Cyrl,26,14,13
bul_Cyrl,26,15,13
bul_Cyrl,26,16,13
bul_Cyrl,27,0,60
bul_Cyrl,27,1,13
bul_Cyrl,27,2,13
bul_Cyrl,27,3,13
bul_Cyrl,27,4,13
bul_Cyrl,27,5,13
bul_Cyrl,27,6,13
bul_Cyrl,27,7,13
bul_Cyrl,27,8,13
bul_Cyrl,27,9,13
bul_Cyrl,27,10,13
bul_Cyrl,27,11,13
bul_Cyrl,27,12,13
bul_Cyrl,27,13,13
bul_Cyrl,27,14,13
bul_Cyrl,27,15,13
eng_Latn,28,0,60
eng_Latn,28,1,7
eng_Latn,28,2,11
eng_Latn,28,3,53
eng_Latn,28,4,16
eng_Latn,28,5,6
eng_Latn,28,6,15
eng_Latn,28,7,45
eng_Latn,28,8,63
bul_Cyrl,29,0,60
bul_Cyrl,29,1,13
bul_Cyrl,29,2,13
bul_Cyrl,29,3,13
bul_Cyrl,29,4,13
bul_Cyrl,29,5,13
bul_Cyrl,29,6,13
bul_Cyrl,29,7,13
bul_Cyrl,29,8,13
bul_Cyrl,29,9,13
bul_Cyrl,29,10,13
bul_Cyrl,29,11,13
bul_Cyrl,29,12,13
bul_Cyrl,29,13,13
bul_Cyrl,30,0,60
bul_Cyrl,30,1,13
bul_Cyrl,30,2,13
bul_Cyrl,30,3,13
bul_Cyrl,30,4,13
bul_Cyrl,30,5,13
bul_Cyrl,30,6,13
bul_Cyrl,30,7,13
bul_Cyrl,30,8,13
bul_Cyrl,30,9,13
bul_Cyrl,30,10,13
bul_Cyrl,30,11,13
bul_Cyrl,30,12,13
bul_Cyrl,30,13,13
bul_Cyrl,30,14,13
bul_Cyrl,30,15,52
bul_Cyrl,30,16,52
bul_Cyrl,30,17,13
bul_Cyrl,30,18,13
bul_Cyrl,31,0,60
bul_Cyrl,31,1,13
bul_Cyrl,31,2,13
bul_Cyrl,31,3,13
bul_Cyrl,31,4,13
bul_Cyrl,31,5,13
bul_Cyrl,31,6,13
bul_Cyrl,31,7,13
bul_Cyrl,31,8,13
bul_Cyrl,31,9,13
bul_Cyrl,31,10,13
bul_Cyrl,31,11,13
bul_Cyrl,31,12,13
bul_Cyrl,31,13,13
bul_Cyrl,31,14,13
bul_Cyrl,31,15,13
bul_Cyrl,31,16,13
bul_Cyrl,31,17,13
bul_Cyrl,31,18,13
bul_Cyrl,31,19,13
bul_Cyrl,31,20,13
bul_Cyrl,31,21,13
bul_Cyrl,31,22,13
bul_Cyrl,31,23,13
bul_Cyrl,31,24,13
bul_Cyrl,31,25,13
bul_Cyrl,31,26,19
eng_Latn,32,0,60
eng_Latn,32,1,52
eng_Latn,32,2,57
eng_Latn,32,3,57
eng_Latn,32,4,12
eng_Latn,32,5,1
eng_Latn,32,6,19
eng_Latn,32,7,15
eng_Latn,32,8,56
eng_Latn,32,9,19
eng_Latn,32,10,52
eng_Latn,32,11,3
eng_Latn,32,12,3
eng_Latn,32,13,57
eng_Latn,32,14,46
bul_Cyrl,33,0,60
bul_Cyrl,33,1,58
bul_Cyrl,33,2,13
bul_Cyrl,33,3,13
bul_Cyrl,33,4,13
bul_Cyrl,33,5,13
bul_Cyrl,33,6,13
bul_Cyrl,33,7,13
bul_Cyrl,33,8,13
bul_Cyrl,33,9,13
bul_Cyrl,33,10,13
bul_Cyrl,33,11,13
bul_Cyrl,33,12,13
bul_Cyrl,33,13,13
bul_Cyrl,33,14,13
bul_Cyrl,33,15,12
bul_Cyrl,33,16,13
bul_Cyrl,34,0,60
bul_Cyrl,34,1,13
bul_Cyrl,34,2,13
bul_Cyrl,34,3,13
bul_Cyrl,34,4,13
bul_Cyrl,34,5,13
bul_Cyrl,34,6,13
bul_Cyrl,34,7,13
bul_Cyrl,34,8,13
eng_Latn,35,0,60
eng_Latn,35,1,56
eng_Latn,35,2,24
eng_Latn,35,3,19
eng_Latn,35,4,40
eng_Latn,35,5,49
eng_Latn,35,6,12
eng_Latn,35,7,22
eng_Latn,35,8,40
eng_Latn,35,9,15
eng_Latn,35,10,48
eng_Latn,35,11,59
eng_Latn,35,12,51
eng_Latn,36,0,60
eng_Latn,36,1,22
eng_Latn,36,2,52
eng_Latn,36,3,37
eng_Latn,36,4,22
bul_Cyrl,37,0,60
bul_Cyrl,37,1,13
bul_Cyrl,37,2,13
bul_Cyrl,37,3,13
bul_Cyrl,37,4,13
bul_Cyrl,37,5,13
bul_Cyrl,37,6,13
bul_Cyrl,37,7,13
bul_Cyrl,37,8,13
bul_Cyrl,37,9,13
bul_Cyrl,37,10,13
bul_Cyrl,37,11,13
bul_Cyrl,37,12,13
bul_Cyrl,37,13,13
eng_Latn,38,0,60
eng_Latn,38,1,38
eng_Latn,38,2,15
eng_Latn,38,3,20
eng_Latn,38,4,38
eng_Latn,38,5,56
eng_Latn,38,6,61
eng_Latn,38,7,19
eng_Latn,38,8,51
bul_Cyrl,39,0,60
bul_Cyrl,39,1,13
bul_Cyrl,39,2,13
bul_Cyrl,39,3,13
bul_Cyrl,39,4,13
bul_Cyrl,39,5,13
bul_Cyrl,39,6,13
bul_Cyrl,39,7,13
bul_Cyrl,39,8,13
bul_Cyrl,39,9,13
bul_Cyrl,39,10,13
bul_Cyrl,39,11,13
bul_Cyrl,39,12,13
bul_Cyrl,39,13,13
bul_Cyrl,39,14,13
bul_Cyrl,39,15,13
bul_Cyrl,39,16,13
bul_Cyrl,39,17,13
bul_Cyrl,39,18,13
bul_Cyrl,40,0,60
bul_Cyrl,40,1,13
bul_Cyrl,40,2,13
bul_Cyrl,40,3,13
bul_Cyrl,40,4,13
bul_Cyrl,40,5,13
bul_Cyrl,40,6,13
bul_Cyrl,40,7,13
bul_Cyrl,40,8,13
bul_Cyrl,40,9,13
bul_Cyrl,40,10,13
bul_Cyrl,40,11,13
bul_Cyrl,40,12,13
bul_Cyrl,40,13,13
bul_Cyrl,40,14,13
bul_Cyrl,40,15,13
bul_Cyrl,40,16,13
bul_Cyrl,40,17,13
bul_Cyrl,40,18,13
bul_Cyrl,40,19,13
bul_Cyrl,40,20,13
bul_Cyrl,41,0,60
bul_Cyrl,41,1,13
bul_Cyrl,41,2,13
bul_Cyrl,41,3,13
bul_Cyrl,41,4,13
eng_Latn,42,0,60
eng_Latn,42,1,22
eng_Latn,42,2,53
eng_Latn,42,3,46
bul_Cyrl,43,0,60
bul_Cyrl,43,1,13
bul_Cyrl,43,2,13
bul_Cyrl,43,3,13
bul_Cyrl,43,4,13
bul_Cyrl,43,5,13
bul_Cyrl,43,6,13
bul_Cyrl,43,7,13
bul_Cyrl,43,8,13
bul_Cyrl,43,9,13
bul_Cyrl,43,10,13
eng_Latn,44,0,60
eng_Latn,44,1,57
eng_Latn,44,2,45
eng_Latn,44,3,15
eng_Latn,44,4,10
eng_Latn,44,5,18
eng_Latn,44,6,16
eng_Latn,44,7,56
eng_Latn,44,8,57
bul_Cyrl,45,0,60
bul_Cyrl,45,1,13
bul_Cyrl,45,2,13
bul_Cyrl,45,3,13
bul_Cyrl,45,4,13
bul_Cyrl,45,5,52
bul_Cyrl,45,6,13
bul_Cyrl,45,7,13
bul_Cyrl,45,8,13
bul_Cyrl,45,9,61
bul_Cyrl,45,10,13
bul_Cyrl,45,11,13
bul_Cyrl,45,12,13
bul_Cyrl,45,13,13
bul_Cyrl,46,0,60
bul_Cyrl,46,1,13
bul_Cyrl,46,2,13
bul_Cyrl,46,3,13
bul_Cyrl,46,4,13
bul_Cyrl,46,5,13
bul_Cyrl,46,6,13
bul_Cyrl,46,7,13
bul_Cyrl,46,8,13
bul_Cyrl,46,9,13
bul_Cyrl,46,10,13
bul_Cyrl,46,11,13
bul_Cyrl,46,12,13
bul_Cyrl,46,13,13
bul_Cyrl,46,14,13
bul_Cyrl,46,15,13
bul_Cyrl,46,16,13
bul_Cyrl,46,17,13
bul_Cyrl,46,18,13
bul_Cyrl,46,19,13
bul_Cyrl,47,0,60
bul_Cyrl,47,1,13
bul_Cyrl,47,2,13
bul_Cyrl,47,3,13
bul_Cyrl,47,4,13
bul_Cyrl,47,5,13
bul_Cyrl,47,6,13
bul_Cyrl,47,7,13
eng_Latn,48,0,60
eng_Latn,48,1,22
eng_Latn,48,2,9
eng_Latn,48,3,9
eng_Latn,48,4,54
eng_Latn,48,5,61
eng_Latn,49,0,60
eng_Latn,49,1,61
eng_Latn,49,2,1
eng_Latn,49,3,33
eng_Latn,49,4,24
eng_Latn,49,5,15
eng_Latn,49,6,16
bul_Cyrl,50,0,60
bul_Cyrl,50,1,13
bul_Cyrl,50,2,13
bul_Cyrl,50,3,13
bul_Cyrl,50,4,13
bul_Cyrl,50,5,13
bul_Cyrl,50,6,13
bul_Cyrl,50,7,13
bul_Cyrl,50,8,13
bul_Cyrl,50,9,13
bul_Cyrl,50,10,13
bul_Cyrl,50,11,40
bul_Cyrl,50,12,40
bul_Cyrl,51,0,60
bul_Cyrl,51,1,13
bul_Cyrl,51,2,13
bul_Cyrl,51,3,13
bul_Cyrl,51,4,13
bul_Cyrl,51,5,13
bul_Cyrl,52,0,60
bul_Cyrl,52,1,58
bul_Cyrl,52,2,13
bul_Cyrl,52,3,12
bul_Cyrl,52,4,11
bul_Cyrl,52,5,13
bul_Cyrl,52,6,13
bul_Cyrl,52,7,13
bul_Cyrl,52,8,13
bul_Cyrl,52,9,13
bul_Cyrl,52,10,13
bul_Cyrl,52,11,26
bul_Cyrl,52,12,27
bul_Cyrl,52,13,13
bul_Cyrl,52,14,13
bul_Cyrl,52,15,13
bul_Cyrl,52,16,13
bul_Cyrl,52,17,13
bul_Cyrl,52,18,13
bul_Cyrl,52,19,13
bul_Cyrl,52,20,13
bul_Cyrl,52,21,13
bul_Cyrl,53,0,60
bul_Cyrl,53,1,9
bul_Cyrl,53,2,13
bul_Cyrl,53,3,13
bul_Cyrl,53,4,13
bul_Cyrl,53,5,13
bul_Cyrl,53,6,13
bul_Cyrl,53,7,13
bul_Cyrl,53,8,13
bul_Cyrl,53,9,52
eng_Latn,54,0,60
eng_Latn,54,1,15
eng_Latn,54,2,56
eng_Latn,54,3,63
eng_Latn,54,4,60
eng_Latn,54,5,30
eng_Latn,54,6,37
bul_Cyrl,55,0,60
bul_Cyrl,55,1,13
bul_Cyrl,55,2,13
bul_Cyrl,55,3,13
bul_Cyrl,55,4,13
bul_Cyrl,55,5,13
bul_Cyrl,55,6,13
bul_Cyrl,55,7,13
bul_Cyrl,55,8,13
bul_Cyrl,55,9,13
bul_Cyrl,55,10,13
bul_Cyrl,55,11,13
bul_Cyrl,55,12,13
bul_Cyrl,55,13,13
bul_Cyrl,55,14,13
bul_Cyrl,55,15,13
bul_Cyrl,55,16,13
bul_Cyrl,55,17,13
bul_Cyrl,56,0,60
bul_Cyrl,56,1,13
bul_Cyrl,56,2,13
bul_Cyrl,56,3,13
bul_Cyrl,56,4,13
bul_Cyrl,56,5,13
bul_Cyrl,56,6,13
bul_Cyrl,56,7,13
bul_Cyrl,56,8,13
bul_Cyrl,56,9,13
bul_Cyrl,56,10,13
bul_Cyrl,56,11,13
bul_Cyrl,56,12,13
bul_Cyrl,56,13,13
bul_Cyrl,56,14,13
bul_Cyrl,57,0,60
bul_Cyrl,57,1,13
bul_Cyrl,57,2,13
bul_Cyrl,57,3,13
bul_Cyrl,58,0,60
bul_Cyrl,58,1,13
bul_Cyrl,58,2,13
bul_Cyrl,58,3,13
bul_Cyrl,58,4,13
bul_Cyrl,58,5,13
bul_Cyrl,58,6,13
bul_Cyrl,58,7,13
bul_Cyrl,58,8,13
bul_Cyrl,58,9,13
bul_Cyrl,59,0,60
bul_Cyrl,59,1,13
bul_Cyrl,59,2,13
bul_Cyrl,59,3,13
bul_Cyrl,59,4,13
bul_Cyrl,59,5,13
bul_Cyrl,59,6,13
bul_Cyrl,59,7,13
bul_Cyrl,59,8,13
bul_Cyrl,59,9,13
bul_Cyrl,59,10,13
bul_Cyrl,59,11,13
bul_Cyrl,59,12,13
bul_Cyrl,59,13,13
bul_Cyrl,59,14,13
bul_Cyrl,59,15,13
bul_Cyrl,59,16,13
bul_Cyrl,59,17,13
bul_Cyrl,60,0,60
bul_Cyrl,60,1,13
bul_Cyrl,60,2,13
bul_Cyrl,60,3,13
bul_Cyrl,60,4,13
bul_Cyrl,60,5,13
bul_Cyrl,60,6,13
bul_Cyrl,60,7,13
bul_Cyrl,60,8,13
bul_Cyrl,60,9,13
bul_Cyrl,60,10,47
bul_Cyrl,60,11,13
bul_Cyrl,60,12,13
bul_Cyrl,60,13,13
bul_Cyrl,60,14,13
bul_Cyrl,60,15,19
bul_Cyrl,60,16,19
bul_Cyrl,60,17,13
bul_Cyrl,60,18,13
bul_Cyrl,60,19,13
bul_Cyrl,61,0,60
bul_Cyrl,61,1,13
bul_Cyrl,61,2,13
bul_Cyrl,61,3,13
bul_Cyrl,61,4,13
bul_Cyrl,61,5,13
bul_Cyrl,61,6,13
bul_Cyrl,61,7,24
bul_Cyrl,61,8,52
bul_Cyrl,61,9,13
eng_Latn,62,0,60
eng_Latn,62,1,18
eng_Latn,62,2,18
eng_Latn,62,3,20
eng_Latn,62,4,28
eng_Latn,62,5,34
eng_Latn,62,6,34
bul_Cyrl,63,0,60
bul_Cyrl,63,1,12
bul_Cyrl,63,2,22
bul_Cyrl,63,3,42
bul_Cyrl,63,4,61
bul_Cyrl,63,5,27
bul_Cyrl,63,6,26
bul_Cyrl,63,7,13
bul_Cyrl,63,8,12
bul_Cyrl,63,9,19
bul_Cyrl,63,10,47
bul_Cyrl,64,0,60
bul_Cyrl,64,1,13
bul_Cyrl,64,2,13
bul_Cyrl,64,3,13
bul_Cyrl,64,4,13
bul_Cyrl,64,5,13
bul_Cyrl,64,6,13
bul_Cyrl,64,7,13
bul_Cyrl,64,8,13
bul_Cyrl,64,9,13
bul_Cyrl,64,10,13
bul_Cyrl,64,11,13
bul_Cyrl,64,12,13
bul_Cyrl,64,13,13
bul_Cyrl,64,14,13
bul_Cyrl,65,0,60
bul_Cyrl,65,1,13
bul_Cyrl,65,2,13
bul_Cyrl,65,3,13
bul_Cyrl,65,4,52
bul_Cyrl,65,5,13
bul_Cyrl,66,0,60
bul_Cyrl,66,1,36
bul_Cyrl,66,2,36
bul_Cyrl,66,3,47
bul_Cyrl,66,4,36
bul_Cyrl,66,5,36
bul_Cyrl,66,6,52
eng_Latn,67,0,60
eng_Latn,67,1,15
eng_Latn,67,2,63
eng_Latn,67,3,30
eng_Latn,67,4,63
eng_Latn,67,5,63
eng_Latn,67,6,14
eng_Latn,67,7,14
eng_Latn,67,8,47
bul_Cyrl,68,0,60
bul_Cyrl,68,1,13
bul_Cyrl,68,2,13
bul_Cyrl,68,3,13
bul_Cyrl,68,4,13
bul_Cyrl,68,5,13
bul_Cyrl,68,6,13
bul_Cyrl,68,7,13
bul_Cyrl,68,8,13
bul_Cyrl,68,9,13
bul_Cyrl,68,10,13
bul_Cyrl,68,11,13
bul_Cyrl,68,12,13
bul_Cyrl,68,13,13
bul_Cyrl,69,0,60
bul_Cyrl,69,1,13
bul_Cyrl,69,2,13
bul_Cyrl,69,3,13
bul_Cyrl,69,4,13
bul_Cyrl,69,5,13
bul_Cyrl,69,6,13
bul_Cyrl,69,7,13
bul_Cyrl,69,8,13
bul_Cyrl,69,9,13
bul_Cyrl,69,10,13
bul_Cyrl,69,11,13
bul_Cyrl,70,0,60
bul_Cyrl,70,1,13
bul_Cyrl,70,2,13
bul_Cyrl,70,3,13
bul_Cyrl,70,4,13
bul_Cyrl,70,5,13
bul_Cyrl,70,6,13
bul_Cyrl,70,7,13
bul_Cyrl,70,8,13
bul_Cyrl,70,9,13
bul_Cyrl,70,10,13
bul_Cyrl,70,11,47
bul_Cyrl,70,12,13
bul_Cyrl,70,13,8
bul_Cyrl,70,14,52
bul_Cyrl,70,15,47
bul_Cyrl,70,16,13
bul_Cyrl,70,17,13
bul_Cyrl,70,18,1
bul_Cyrl,70,19,52
bul_Cyrl,71,0,60
bul_Cyrl,71,1,13
bul_Cyrl,71,2,13
bul_Cyrl,71,3,13
bul_Cyrl,71,4,13
bul_Cyrl,71,5,13
bul_Cyrl,71,6,13
bul_Cyrl,71,7,13
bul_Cyrl,71,8,13
bul_Cyrl,71,9,13
bul_Cyrl,71,10,13
bul_Cyrl,71,11,13
bul_Cyrl,71,12,13
bul_Cyrl,71,13,13
bul_Cyrl,72,0,60
bul_Cyrl,72,1,13
bul_Cyrl,72,2,13
bul_Cyrl,72,3,13
bul_Cyrl,72,4,13
bul_Cyrl,72,5,13
bul_Cyrl,72,6,13
bul_Cyrl,72,7,13
bul_Cyrl,72,8,13
bul_Cyrl,72,9,13
bul_Cyrl,72,10,13
bul_Cyrl,72,11,13
bul_Cyrl,72,12,13
bul_Cyrl,72,13,13
bul_Cyrl,72,14,13
bul_Cyrl,72,15,13
bul_Cyrl,72,16,13
bul_Cyrl,72,17,13
bul_Cyrl,72,18,13
bul_Cyrl,72,19,19
bul_Cyrl,72,20,40
eng_Latn,73,0,60
eng_Latn,73,1,54
eng_Latn,73,2,56
eng_Latn,73,3,56
eng_Latn,73,4,19
eng_Latn,73,5,19
eng_Latn,73,6,16
bul_Cyrl,74,0,60
bul_Cyrl,74,1,13
bul_Cyrl,74,2,13
bul_Cyrl,74,3,13
bul_Cyrl,74,4,13
bul_Cyrl,74,5,13
bul_Cyrl,74,6,13
bul_Cyrl,74,7,13
bul_Cyrl,74,8,13
bul_Cyrl,74,9,13
bul_Cyrl,74,10,13
bul_Cyrl,74,11,13
bul_Cyrl,74,12,13
bul_Cyrl,74,13,13
bul_Cyrl,74,14,13
bul_Cyrl,74,15,13
bul_Cyrl,74,16,13
bul_Cyrl,74,17,13
bul_Cyrl,74,18,13
bul_Cyrl,74,19,13
bul_Cyrl,74,20,13
bul_Cyrl,74,21,13
bul_Cyrl,74,22,13
bul_Cyrl,74,23,13
bul_Cyrl,74,24,13
bul_Cyrl,75,0,60
bul_Cyrl,75,1,13
bul_Cyrl,75,2,13
bul_Cyrl,75,3,13
bul_Cyrl,75,4,13
bul_Cyrl,75,5,13
bul_Cyrl,75,6,13
bul_Cyrl,75,7,19
bul_Cyrl,75,8,13
bul_Cyrl,75,9,13
bul_Cyrl,75,10,13
bul_Cyrl,75,11,13
bul_Cyrl,75,12,13
bul_Cyrl,75,13,13
bul_Cyrl,75,14,13
bul_Cyrl,75,15,13
bul_Cyrl,75,16,13
bul_Cyrl,75,17,13
bul_Cyrl,75,18,47
bul_Cyrl,75,19,13
bul_Cyrl,76,0,60
bul_Cyrl,76,1,13
bul_Cyrl,76,2,13
bul_Cyrl,76,3,13
bul_Cyrl,76,4,13
bul_Cyrl,76,5,13
bul_Cyrl,76,6,13
bul_Cyrl,76,7,13
bul_Cyrl,76,8,13
bul_Cyrl,76,9,13
bul_Cyrl,76,10,13
bul_Cyrl,76,11,13
bul_Cyrl,76,12,13
bul_Cyrl,76,13,13
bul_Cyrl,76,14,13
bul_Cyrl,76,15,13
bul_Cyrl,76,16,13
bul_Cyrl,77,0,60
bul_Cyrl,77,1,13
bul_Cyrl,77,2,13
bul_Cyrl,77,3,13
bul_Cyrl,77,4,13
bul_Cyrl,77,5,13
bul_Cyrl,77,6,13
bul_Cyrl,77,7,13
bul_Cyrl,77,8,19
bul_Cyrl,77,9,13
bul_Cyrl,77,10,13
bul_Cyrl,77,11,13
bul_Cyrl,77,12,13
bul_Cyrl,77,13,47
bul_Cyrl,77,14,13
bul_Cyrl,77,15,13
bul_Cyrl,77,16,13
bul_Cyrl,77,17,13
bul_Cyrl,77,18,52
bul_Cyrl,77,19,13
bul_Cyrl,77,20,13
bul_Cyrl,77,21,13
bul_Cyrl,78,0,60
bul_Cyrl,78,1,13
bul_Cyrl,78,2,13
bul_Cyrl,78,3,13
bul_Cyrl,78,4,13
bul_Cyrl,78,5,13
bul_Cyrl,78,6,13
bul_Cyrl,78,7,61
bul_Cyrl,78,8,13
bul_Cyrl,78,9,13
bul_Cyrl,78,10,13
bul_Cyrl,78,11,13
bul_Cyrl,78,12,13
bul_Cyrl,78,13,13
bul_Cyrl,78,14,13
bul_Cyrl,79,0,60
bul_Cyrl,79,1,13
bul_Cyrl,79,2,13
bul_Cyrl,79,3,13
bul_Cyrl,79,4,13
bul_Cyrl,79,5,13
bul_Cyrl,79,6,13
bul_Cyrl,79,7,13
bul_Cyrl,79,8,13
bul_Cyrl,79,9,13
bul_Cyrl,79,10,13
bul_Cyrl,79,11,13
bul_Cyrl,79,12,13
bul_Cyrl,79,13,13
bul_Cyrl,79,14,13
bul_Cyrl,79,15,13
bul_Cyrl,79,16,61
bul_Cyrl,79,17,13
bul_Cyrl,79,18,13
bul_Cyrl,79,19,13
bul_Cyrl,79,20,13
bul_Cyrl,79,21,13
bul_Cyrl,79,22,47
bul_Cyrl,79,23,13
bul_Cyrl,79,24,13
bul_Cyrl,79,25,13
bul_Cyrl,80,0,60
bul_Cyrl,80,1,13
bul_Cyrl,80,2,13
bul_Cyrl,80,3,13
bul_Cyrl,80,4,13
bul_Cyrl,80,5,13
bul_Cyrl,80,6,13
bul_Cyrl,80,7,13
bul_Cyrl,80,8,13
bul_Cyrl,80,9,52
bul_Cyrl,80,10,52
bul_Cyrl,80,11,13
eng_Latn,81,0,60
eng_Latn,81,1,8
eng_Latn,81,2,8
eng_Latn,81,3,34
eng_Latn,81,4,42
eng_Latn,81,5,18
eng_Latn,81,6,16
bul_Cyrl,82,0,60
bul_Cyrl,82,1,13
bul_Cyrl,82,2,13
bul_Cyrl,82,3,13
bul_Cyrl,82,4,13
bul_Cyrl,82,5,13
bul_Cyrl,82,6,13
bul_Cyrl,82,7,13
bul_Cyrl,82,8,13
bul_Cyrl,82,9,13
bul_Cyrl,82,10,13
bul_Cyrl,82,11,13
bul_Cyrl,82,12,13
bul_Cyrl,82,13,13
bul_Cyrl,82,14,13
bul_Cyrl,82,15,13
bul_Cyrl,82,16,13
bul_Cyrl,82,17,13
bul_Cyrl,82,18,13
bul_Cyrl,82,19,13
bul_Cyrl,83,0,60
bul_Cyrl,83,1,13
bul_Cyrl,83,2,13
bul_Cyrl,83,3,13
bul_Cyrl,83,4,13
bul_Cyrl,83,5,13
bul_Cyrl,83,6,13
bul_Cyrl,83,7,13
bul_Cyrl,83,8,13
bul_Cyrl,83,9,13
bul_Cyrl,83,10,13
bul_Cyrl,83,11,13
bul_Cyrl,83,12,13
bul_Cyrl,83,13,13
bul_Cyrl,83,14,13
bul_Cyrl,83,15,13
bul_Cyrl,83,16,52
bul_Cyrl,83,17,13
bul_Cyrl,83,18,13
bul_Cyrl,83,19,13
bul_Cyrl,84,0,60
bul_Cyrl,84,1,13
bul_Cyrl,84,2,13
bul_Cyrl,84,3,9
bul_Cyrl,84,4,13
bul_Cyrl,84,5,13
bul_Cyrl,84,6,13
bul_Cyrl,84,7,13
bul_Cyrl,84,8,13
bul_Cyrl,84,9,13
bul_Cyrl,84,10,13
bul_Cyrl,84,11,13
bul_Cyrl,84,12,13
bul_Cyrl,84,13,13
bul_Cyrl,84,14,13
bul_Cyrl,84,15,13
bul_Cyrl,84,16,52
bul_Cyrl,84,17,13
bul_Cyrl,84,18,13
bul_Cyrl,84,19,13
bul_Cyrl,84,20,13
bul_Cyrl,84,21,13
bul_Cyrl,84,22,13
bul_Cyrl,84,23,13
bul_Cyrl,84,24,13
bul_Cyrl,84,25,13
bul_Cyrl,84,26,52
bul_Cyrl,84,27,13
bul_Cyrl,85,0,60
bul_Cyrl,85,1,13
bul_Cyrl,85,2,13
bul_Cyrl,85,3,13
bul_Cyrl,85,4,13
bul_Cyrl,85,5,13
bul_Cyrl,85,6,13
bul_Cyrl,85,7,13
bul_Cyrl,85,8,13
bul_Cyrl,85,9,13
bul_Cyrl,85,10,13
bul_Cyrl,85,11,13
bul_Cyrl,85,12,13
bul_Cyrl,85,13,13
bul_Cyrl,85,14,13
bul_Cyrl,85,15,13
bul_Cyrl,85,16,13
bul_Cyrl,85,17,13
bul_Cyrl,85,18,13
bul_Cyrl,85,19,13
bul_Cyrl,85,20,13
bul_Cyrl,85,21,13
bul_Cyrl,85,22,13
bul_Cyrl,86,0,60
bul_Cyrl,86,1,13
bul_Cyrl,86,2,13
bul_Cyrl,86,3,13
bul_Cyrl,86,4,13
bul_Cyrl,86,5,13
bul_Cyrl,86,6,13
bul_Cyrl,86,7,13
bul_Cyrl,86,8,13
bul_Cyrl,86,9,13
bul_Cyrl,86,10,13
bul_Cyrl,86,11,13
bul_Cyrl,86,12,13
bul_Cyrl,86,13,13
bul_Cyrl,86,14,13
bul_Cyrl,86,15,13
bul_Cyrl,86,16,13
bul_Cyrl,86,17,13
bul_Cyrl,86,18,13
bul_Cyrl,86,19,13
bul_Cyrl,86,20,13
bul_Cyrl,86,21,13
bul_Cyrl,86,22,1
bul_Cyrl,86,23,13
bul_Cyrl,86,24,13
bul_Cyrl,86,25,13
bul_Cyrl,86,26,13
bul_Cyrl,86,27,13
eng_Latn,87,0,60
eng_Latn,87,1,40
eng_Latn,87,2,40
eng_Latn,87,3,59
eng_Latn,87,4,19
eng_Latn,87,5,48
eng_Latn,87,6,62
eng_Latn,87,7,46
eng_Latn,87,8,57
eng_Latn,87,9,62
eng_Latn,88,0,60
eng_Latn,88,1,9
eng_Latn,88,2,38
eng_Latn,88,3,15
eng_Latn,88,4,56
eng_Latn,88,5,63
eng_Latn,88,6,60
eng_Latn,88,7,40
eng_Latn,88,8,63
bul_Cyrl,89,0,60
bul_Cyrl,89,1,13
bul_Cyrl,89,2,13
bul_Cyrl,89,3,13
bul_Cyrl,89,4,13
bul_Cyrl,89,5,13
bul_Cyrl,89,6,13
bul_Cyrl,89,7,13
bul_Cyrl,89,8,52
eng_Latn,90,0,60
eng_Latn,90,1,15
eng_Latn,90,2,16
eng_Latn,90,3,43
eng_Latn,90,4,46
eng_Latn,90,5,63
eng_Latn,90,6,43
eng_Latn,90,7,49
bul_Cyrl,91,0,60
bul_Cyrl,91,1,13
bul_Cyrl,91,2,13
bul_Cyrl,91,3,13
bul_Cyrl,91,4,13
bul_Cyrl,91,5,13
bul_Cyrl,91,6,13
bul_Cyrl,91,7,13
bul_Cyrl,91,8,13
bul_Cyrl,91,9,13
bul_Cyrl,91,10,13
bul_Cyrl,91,11,13
bul_Cyrl,91,12,13
bul_Cyrl,91,13,13
bul_Cyrl,91,14,13
bul_Cyrl,92,0,60
bul_Cyrl,92,1,13
bul_Cyrl,92,2,13
bul_Cyrl,92,3,13
bul_Cyrl,92,4,13
bul_Cyrl,92,5,13
bul_Cyrl,92,6,13
bul_Cyrl,92,7,13
bul_Cyrl,92,8,13
bul_Cyrl,92,9,13
bul_Cyrl,92,10,13
bul_Cyrl,92,11,13
bul_Cyrl,92,12,13
bul_Cyrl,92,13,13
bul_Cyrl,92,14,13
bul_Cyrl,92,15,13
bul_Cyrl,92,16,13
bul_Cyrl,92,17,13
bul_Cyrl,92,18,13
bul_Cyrl,92,19,13
bul_Cyrl,92,20,13
bul_Cyrl,92,21,61
bul_Cyrl,92,22,13
bul_Cyrl,92,23,13
bul_Cyrl,92,24,13
bul_Cyrl,93,0,60
bul_Cyrl,93,1,13
bul_Cyrl,93,2,13
bul_Cyrl,93,3,13
bul_Cyrl,93,4,13
bul_Cyrl,93,5,13
bul_Cyrl,93,6,13
bul_Cyrl,93,7,13
bul_Cyrl,93,8,13
bul_Cyrl,93,9,13
eng_Latn,94,0,60
eng_Latn,94,1,50
eng_Latn,94,2,16
bul_Cyrl,95,0,60
bul_Cyrl,95,1,13
bul_Cyrl,95,2,13
bul_Cyrl,95,3,13
bul_Cyrl,95,4,13
bul_Cyrl,95,5,13
bul_Cyrl,95,6,13
bul_Cyrl,95,7,13
bul_Cyrl,95,8,13
bul_Cyrl,95,9,13
bul_Cyrl,95,10,13
bul_Cyrl,95,11,13
bul_Cyrl,95,12,13
bul_Cyrl,95,13,13
bul_Cyrl,95,14,13
bul_Cyrl,95,15,13
bul_Cyrl,95,16,13
bul_Cyrl,96,0,60
bul_Cyrl,96,1,52
bul_Cyrl,96,2,1
bul_Cyrl,96,3,13
bul_Cyrl,96,4,13
bul_Cyrl,96,5,13
bul_Cyrl,96,6,13
bul_Cyrl,96,7,13
bul_Cyrl,96,8,13
bul_Cyrl,96,9,13
bul_Cyrl,96,10,13
bul_Cyrl,96,11,13
bul_Cyrl,96,12,13
bul_Cyrl,96,13,13
bul_Cyrl,96,14,13
bul_Cyrl,96,15,13
bul_Cyrl,96,16,13
bul_Cyrl,96,17,13
bul_Cyrl,96,18,13
bul_Cyrl,96,19,13
bul_Cyrl,96,20,13
bul_Cyrl,97,0,60
bul_Cyrl,97,1,8
bul_Cyrl,97,2,8
bul_Cyrl,97,3,12
bul_Cyrl,97,4,42
bul_Cyrl,97,5,13
bul_Cyrl,97,6,13
bul_Cyrl,97,7,13
bul_Cyrl,97,8,13
bul_Cyrl,97,9,13
bul_Cyrl,97,10,13
bul_Cyrl,97,11,13
bul_Cyrl,97,12,13
bul_Cyrl,97,13,13
bul_Cyrl,97,14,13
bul_Cyrl,97,15,13
bul_Cyrl,97,16,13
bul_Cyrl,97,17,13
bul_Cyrl,97,18,13
bul_Cyrl,97,19,13
bul_Cyrl,97,20,13
bul_Cyrl,97,21,13
bul_Cyrl,98,0,60
bul_Cyrl,98,1,9
bul_Cyrl,98,2,13
bul_Cyrl,98,3,29
bul_Cyrl,98,4,13
bul_Cyrl,98,5,13
bul_Cyrl,98,6,13
bul_Cyrl,98,7,13
bul_Cyrl,98,8,13
bul_Cyrl,98,9,13
bul_Cyrl,98,10,13
bul_Cyrl,98,11,13
bul_Cyrl,99,0,60
bul_Cyrl,99,1,13
bul_Cyrl,99,2,13
bul_Cyrl,99,3,13
bul_Cyrl,99,4,13
bul_Cyrl,99,5,13
bul_Cyrl,99,6,13
bul_Cyrl,99,7,13
bul_Cyrl,99,8,13
bul_Cyrl,99,9,13
bul_Cyrl,99,10,13
bul_Cyrl,99,11,13
bul_Cyrl,99,12,19
bul_Cyrl,99,13,13
bul_Cyrl,99,14,13
bul_Cyrl,99,15,13
bul_Cyrl,99,16,13
bul_Cyrl,99,17,47
bul_Cyrl,99,18,13
bul_Cyrl,100,0,60
bul_Cyrl,100,1,9
bul_Cyrl,100,2,58
bul_Cyrl,100,3,13
bul_Cyrl,100,4,13
bul_Cyrl,100,5,13
bul_Cyrl,100,6,52
bul_Cyrl,101,0,60
bul_Cyrl,101,1,27
bul_Cyrl,101,2,49
bul_Cyrl,101,3,5
bul_Cyrl,101,4,13
bul_Cyrl,101,5,13
bul_Cyrl,101,6,13
bul_Cyrl,101,7,13
bul_Cyrl,101,8,13
bul_Cyrl,101,9,13
bul_Cyrl,101,10,13
bul_Cyrl,101,11,13
bul_Cyrl,101,12,13
bul_Cyrl,101,13,13
bul_Cyrl,101,14,13
bul_Cyrl,101,15,13
bul_Cyrl,101,16,13
bul_Cyrl,101,17,13
bul_Cyrl,101,18,13
bul_Cyrl,101,19,13
bul_Cyrl,101,20,13
bul_Cyrl,101,21,13
bul_Cyrl,101,22,13
bul_Cyrl,101,23,13
bul_Cyrl,101,24,13
bul_Cyrl,101,25,13
bul_Cyrl,101,26,13
bul_Cyrl,101,27,13
bul_Cyrl,101,28,13
bul_Cyrl,101,29,13
eng_Latn,102,0,60
eng_Latn,102,1,49
eng_Latn,102,2,12
eng_Latn,102,3,39
bul_Cyrl,103,0,60
bul_Cyrl,103,1,13
bul_Cyrl,103,2,13
bul_Cyrl,103,3,13
bul_Cyrl,103,4,13
bul_Cyrl,103,5,13
bul_Cyrl,103,6,13
bul_Cyrl,103,7,13
bul_Cyrl,103,8,13
bul_Cyrl,103,9,13
bul_Cyrl,103,10,13
bul_Cyrl,103,11,13
bul_Cyrl,103,12,13
bul_Cyrl,103,13,13
bul_Cyrl,103,14,13
bul_Cyrl,103,15,13
bul_Cyrl,103,16,13
bul_Cyrl,103,17,13
bul_Cyrl,103,18,13
bul_Cyrl,103,19,13
bul_Cyrl,103,20,13
bul_Cyrl,103,21,13
bul_Cyrl,103,22,13
bul_Cyrl,103,23,13
bul_Cyrl,103,24,13
bul_Cyrl,103,25,13
bul_Cyrl,104,0,60
bul_Cyrl,104,1,13
bul_Cyrl,104,2,13
bul_Cyrl,104,3,13
bul_Cyrl,104,4,13
bul_Cyrl,104,5,13
bul_Cyrl,104,6,13
bul_Cyrl,104,7,13
bul_Cyrl,104,8,13
bul_Cyrl,104,9,13
bul_Cyrl,104,10,13
bul_Cyrl,104,11,13
bul_Cyrl,104,12,13
bul_Cyrl,104,13,13
bul_Cyrl,104,14,13
bul_Cyrl,104,15,13
bul_Cyrl,104,16,13
bul_Cyrl,104,17,13
bul_Cyrl,104,18,13
bul_Cyrl,104,19,52
bul_Cyrl,104,20,13
bul_Cyrl,104,21,13
bul_Cyrl,104,22,13
eng_Latn,105,0,60
eng_Latn,105,1,61
eng_Latn,105,2,46
eng_Latn,105,3,48
eng_Latn,105,4,31
eng_Latn,105,5,52
eng_Latn,105,6,52
eng_Latn,105,7,19
eng_Latn,105,8,19
eng_Latn,105,9,3
eng_Latn,105,10,3
eng_Latn,105,11,57
eng_Latn,105,12,37
eng_Latn,105,13,52
bul_Cyrl,106,0,60
bul_Cyrl,106,1,13
bul_Cyrl,106,2,13
bul_Cyrl,106,3,13
bul_Cyrl,106,4,13
bul_Cyrl,106,5,13
bul_Cyrl,106,6,13
bul_Cyrl,106,7,13
bul_Cyrl,106,8,13
bul_Cyrl,106,9,13
bul_Cyrl,106,10,13
bul_Cyrl,106,11,13
bul_Cyrl,106,12,13
bul_Cyrl,106,13,13
bul_Cyrl,106,14,13
bul_Cyrl,106,15,13
bul_Cyrl,106,16,13
bul_Cyrl,106,17,13
bul_Cyrl,106,18,13
bul_Cyrl,106,19,13
bul_Cyrl,106,20,13
bul_Cyrl,107,0,60
bul_Cyrl,107,1,13
bul_Cyrl,107,2,1
bul_Cyrl,107,3,47
bul_Cyrl,107,4,13
bul_Cyrl,107,5,13
bul_Cyrl,107,6,13
bul_Cyrl,107,7,13
bul_Cyrl,107,8,13
bul_Cyrl,107,9,13
bul_Cyrl,107,10,13
bul_Cyrl,107,11,13
bul_Cyrl,107,12,13
bul_Cyrl,107,13,13
bul_Cyrl,107,14,13
bul_Cyrl,107,15,13
bul_Cyrl,107,16,13
bul_Cyrl,107,17,13
bul_Cyrl,107,18,13
bul_Cyrl,107,19,13
bul_Cyrl,107,20,13
bul_Cyrl,107,21,13
bul_Cyrl,107,22,13
bul_Cyrl,107,23,13
bul_Cyrl,108,0,60
bul_Cyrl,108,1,12
bul_Cyrl,108,2,11
bul_Cyrl,108,3,19
bul_Cyrl,108,4,22
bul_Cyrl,108,5,13
bul_Cyrl,108,6,13
bul_Cyrl,108,7,13
bul_Cyrl,108,8,13
bul_Cyrl,108,9,13
bul_Cyrl,108,10,47
bul_Cyrl,108,11,13
bul_Cyrl,108,12,13
bul_Cyrl,108,13,13
bul_Cyrl,108,14,13
bul_Cyrl,108,15,13
bul_Cyrl,108,16,13
bul_Cyrl,109,0,60
bul_Cyrl,109,1,13
bul_Cyrl,109,2,13
bul_Cyrl,109,3,13
bul_Cyrl,109,4,13
bul_Cyrl,109,5,13
bul_Cyrl,109,6,13
bul_Cyrl,109,7,13
bul_Cyrl,109,8,13
bul_Cyrl,109,9,13
bul_Cyrl,109,10,13
bul_Cyrl,109,11,13
bul_Cyrl,109,12,13
bul_Cyrl,109,13,13
bul_Cyrl,109,14,13
bul_Cyrl,109,15,13
bul_Cyrl,109,16,13
bul_Cyrl,109,17,13
bul_Cyrl,109,18,13
bul_Cyrl,109,19,13
bul_Cyrl,110,0,60
bul_Cyrl,110,1,13
bul_Cyrl,110,2,13
bul_Cyrl,110,3,13
bul_Cyrl,110,4,13
bul_Cyrl,110,5,13
bul_Cyrl,110,6,13
bul_Cyrl,110,7,13
bul_Cyrl,110,8,13
bul_Cyrl,110,9,13
bul_Cyrl,110,10,13
bul_Cyrl,110,11,13
bul_Cyrl,111,0,60
bul_Cyrl,111,1,13
bul_Cyrl,111,2,13
bul_Cyrl,111,3,13
bul_Cyrl,111,4,13
bul_Cyrl,111,5,13
bul_Cyrl,111,6,13
bul_Cyrl,111,7,13
bul_Cyrl,111,8,13
bul_Cyrl,111,9,13
bul_Cyrl,112,0,60
bul_Cyrl,112,1,13
bul_Cyrl,112,2,13
bul_Cyrl,112,3,13
bul_Cyrl,112,4,13
bul_Cyrl,112,5,13
bul_Cyrl,112,6,26
bul_Cyrl,112,7,13
bul_Cyrl,112,8,26
bul_Cyrl,112,9,13
bul_Cyrl,113,0,60
bul_Cyrl,113,1,13
bul_Cyrl,113,2,13
bul_Cyrl,113,3,13
bul_Cyrl,113,4,13
bul_Cyrl,113,5,13
bul_Cyrl,113,6,13
bul_Cyrl,113,7,13
bul_Cyrl,113,8,13
bul_Cyrl,113,9,13
bul_Cyrl,113,10,13
bul_Cyrl,113,11,13
bul_Cyrl,113,12,13
bul_Cyrl,113,13,13
bul_Cyrl,113,14,13
bul_Cyrl,113,15,13
bul_Cyrl,113,16,13
bul_Cyrl,113,17,13
bul_Cyrl,113,18,13
bul_Cyrl,113,19,13
bul_Cyrl,113,20,47
bul_Cyrl,113,21,13
bul_Cyrl,113,22,13
bul_Cyrl,113,23,47
bul_Cyrl,113,24,13
bul_Cyrl,113,25,13
bul_Cyrl,113,26,13
bul_Cyrl,114,0,60
bul_Cyrl,114,1,13
bul_Cyrl,114,2,13
bul_Cyrl,114,3,13
bul_Cyrl,114,4,13
bul_Cyrl,114,5,13
bul_Cyrl,114,6,13
bul_Cyrl,114,7,13
bul_Cyrl,114,8,13
bul_Cyrl,114,9,13
bul_Cyrl,114,10,13
bul_Cyrl,114,11,13
bul_Cyrl,114,12,13
bul_Cyrl,114,13,13
bul_Cyrl,114,14,13
bul_Cyrl,114,15,13
bul_Cyrl,114,16,13
bul_Cyrl,114,17,13
bul_Cyrl,114,18,13
bul_Cyrl,114,19,13
bul_Cyrl,114,20,13
bul_Cyrl,114,21,13
bul_Cyrl,114,22,13
bul_Cyrl,115,0,60
bul_Cyrl,115,1,13
bul_Cyrl,115,2,13
bul_Cyrl,115,3,13
bul_Cyrl,115,4,13
bul_Cyrl,115,5,47
bul_Cyrl,115,6,13
bul_Cyrl,115,7,13
bul_Cyrl,115,8,13
bul_Cyrl,115,9,13
bul_Cyrl,115,10,13
bul_Cyrl,115,11,13
bul_Cyrl,115,12,13
bul_Cyrl,115,13,13
bul_Cyrl,115,14,13
bul_Cyrl,115,15,13
bul_Cyrl,115,16,13
bul_Cyrl,115,17,13
bul_Cyrl,115,18,13
bul_Cyrl,115,19,13
bul_Cyrl,115,20,13
bul_Cyrl,115,21,13
bul_Cyrl,115,22,13
bul_Cyrl,115,23,52
bul_Cyrl,115,24,47
bul_Cyrl,115,25,13
bul_Cyrl,115,26,13
bul_Cyrl,115,27,13
eng_Latn,116,0,60
eng_Latn,116,1,19
eng_Latn,116,2,18
eng_Latn,116,3,39
bul_Cyrl,117,0,60
bul_Cyrl,117,1,9
bul_Cyrl,117,2,13
bul_Cyrl,117,3,13
bul_Cyrl,117,4,13
bul_Cyrl,117,5,13
bul_Cyrl,117,6,13
bul_Cyrl,117,7,13
bul_Cyrl,117,8,13
bul_Cyrl,117,9,13
bul_Cyrl,117,10,13
bul_Cyrl,117,11,13
bul_Cyrl,117,12,52
bul_Cyrl,118,0,60
bul_Cyrl,118,1,13
bul_Cyrl,118,2,13
bul_Cyrl,118,3,13
bul_Cyrl,118,4,13
bul_Cyrl,118,5,13
bul_Cyrl,118,6,13
bul_Cyrl,119,0,60
bul_Cyrl,119,1,13
bul_Cyrl,119,2,13
bul_Cyrl,119,3,13
bul_Cyrl,119,4,13
bul_Cyrl,119,5,13
bul_Cyrl,119,6,13
bul_Cyrl,119,7,13
bul_Cyrl,119,8,13
bul_Cyrl,119,9,13
bul_Cyrl,119,10,52
bul_Cyrl,120,0,60
bul_Cyrl,120,1,13
bul_Cyrl,120,2,13
bul_Cyrl,120,3,13
bul_Cyrl,120,4,13
bul_Cyrl,120,5,13
bul_Cyrl,120,6,13
bul_Cyrl,120,7,13
bul_Cyrl,120,8,13
bul_Cyrl,120,9,13
bul_Cyrl,120,10,13
bul_Cyrl,120,11,13
bul_Cyrl,120,12,13
bul_Cyrl,120,13,13
bul_Cyrl,120,14,13
bul_Cyrl,120,15,13
bul_Cyrl,120,16,13
bul_Cyrl,120,17,13
bul_Cyrl,120,18,13
bul_Cyrl,120,19,13
bul_Cyrl,120,20,13
bul_Cyrl,120,21,13
bul_Cyrl,121,0,60
bul_Cyrl,121,1,13
bul_Cyrl,121,2,13
bul_Cyrl,121,3,13
bul_Cyrl,121,4,13
bul_Cyrl,121,5,13
bul_Cyrl,121,6,13
bul_Cyrl,121,7,13
bul_Cyrl,121,8,13
bul_Cyrl,121,9,52
bul_Cyrl,121,10,52
bul_Cyrl,121,11,13
bul_Cyrl,121,12,13
bul_Cyrl,121,13,12
bul_Cyrl,121,14,13
bul_Cyrl,121,15,13
bul_Cyrl,121,16,13
bul_Cyrl,121,17,13
bul_Cyrl,121,18,1
bul_Cyrl,121,19,52
bul_Cyrl,122,0,60
bul_Cyrl,122,1,13
bul_Cyrl,122,2,13
bul_Cyrl,122,3,13
bul_Cyrl,122,4,13
bul_Cyrl,122,5,13
bul_Cyrl,122,6,13
bul_Cyrl,122,7,13
bul_Cyrl,122,8,13
bul_Cyrl,122,9,13
bul_Cyrl,122,10,1
bul_Cyrl,122,11,13
bul_Cyrl,122,12,19
bul_Cyrl,122,13,13
bul_Cyrl,122,14,13
bul_Cyrl,122,15,13
bul_Cyrl,122,16,13
bul_Cyrl,122,17,13
bul_Cyrl,122,18,13
bul_Cyrl,122,19,13
bul_Cyrl,122,20,13
bul_Cyrl,122,21,19
bul_Cyrl,122,22,13
bul_Cyrl,122,23,13
bul_Cyrl,123,0,60
bul_Cyrl,123,1,13
bul_Cyrl,123,2,13
bul_Cyrl,123,3,13
bul_Cyrl,123,4,13
bul_Cyrl,123,5,13
bul_Cyrl,123,6,13
bul_Cyrl,123,7,13
bul_Cyrl,123,8,13
bul_Cyrl,123,9,13
bul_Cyrl,123,10,13
bul_Cyrl,123,11,13
bul_Cyrl,123,12,13
bul_Cyrl,123,13,58
bul_Cyrl,123,14,12
bul_Cyrl,123,15,61
bul_Cyrl,124,0,60
bul_Cyrl,124,1,13
bul_Cyrl,124,2,13
bul_Cyrl,124,3,13
bul_Cyrl,124,4,13
bul_Cyrl,125,0,60
bul_Cyrl,125,1,8
bul_Cyrl,125,2,19
bul_Cyrl,125,3,33
bul_Cyrl,125,4,12
bul_Cyrl,125,5,8
bul_Cyrl,125,6,61
bul_Cyrl,125,7,19
bul_Cyrl,125,8,13
bul_Cyrl,125,9,13
bul_Cyrl,125,10,13
bul_Cyrl,125,11,13
bul_Cyrl,125,12,13
bul_Cyrl,125,13,13
bul_Cyrl,125,14,13
bul_Cyrl,125,15,13
bul_Cyrl,125,16,13
bul_Cyrl,125,17,13
bul_Cyrl,125,18,13
bul_Cyrl,125,19,13
bul_Cyrl,126,0,60
bul_Cyrl,126,1,22
bul_Cyrl,126,2,13
bul_Cyrl,126,3,13
bul_Cyrl,126,4,13
bul_Cyrl,126,5,13
bul_Cyrl,126,6,13
bul_Cyrl,126,7,60
bul_Cyrl,126,8,13
bul_Cyrl,127,0,60
bul_Cyrl,127,1,13
bul_Cyrl,127,2,13
bul_Cyrl,127,3,13
bul_Cyrl,127,4,61
bul_Cyrl,127,5,27
bul_Cyrl,127,6,13
bul_Cyrl,127,7,13
bul_Cyrl,127,8,13
bul_Cyrl,127,9,13
bul_Cyrl,127,10,13
bul_Cyrl,127,11,13
bul_Cyrl,127,12,13
bul_Cyrl,127,13,13
bul_Cyrl,127,14,13
bul_Cyrl,127,15,13
bul_Cyrl,127,16,13
bul_Cyrl,127,17,13
bul_Cyrl,127,18,13
bul_Cyrl,127,19,13
bul_Cyrl,127,20,13
bul_Cyrl,127,21,13
bul_Cyrl,127,22,13
eng_Latn,128,0,60
eng_Latn,128,1,20
eng_Latn,128,2,37
eng_Latn,128,3,40
eng_Latn,128,4,59
bul_Cyrl,129,0,60
bul_Cyrl,129,1,13
bul_Cyrl,129,2,13
bul_Cyrl,129,3,13
bul_Cyrl,129,4,13
bul_Cyrl,129,5,13
bul_Cyrl,129,6,13
bul_Cyrl,129,7,13
bul_Cyrl,129,8,13
bul_Cyrl,129,9,13
bul_Cyrl,129,10,13
bul_Cyrl,129,11,13
bul_Cyrl,129,12,13
bul_Cyrl,129,13,13
bul_Cyrl,129,14,13
bul_Cyrl,129,15,13
bul_Cyrl,129,16,13
bul_Cyrl,129,17,13
bul_Cyrl,129,18,13
bul_Cyrl,129,19,13
bul_Cyrl,129,20,13
bul_Cyrl,129,21,13
bul_Cyrl,129,22,13
bul_Cyrl,129,23,13
bul_Cyrl,129,24,13
bul_Cyrl,129,25,13
bul_Cyrl,130,0,60
bul_Cyrl,130,1,13
bul_Cyrl,130,2,13
bul_Cyrl,130,3,13
bul_Cyrl,130,4,13
bul_Cyrl,130,5,13
bul_Cyrl,130,6,13
bul_Cyrl,130,7,13
bul_Cyrl,130,8,13
bul_Cyrl,130,9,13
bul_Cyrl,130,10,13
bul_Cyrl,130,11,13
bul_Cyrl,130,12,13
bul_Cyrl,130,13,13
bul_Cyrl,130,14,13
bul_Cyrl,130,15,13
bul_Cyrl,130,16,13
bul_Cyrl,130,17,13
bul_Cyrl,130,18,13
bul_Cyrl,130,19,13
bul_Cyrl,130,20,13
bul_Cyrl,130,21,13
bul_Cyrl,130,22,13
bul_Cyrl,130,23,13
bul_Cyrl,130,24,13
bul_Cyrl,130,25,13
bul_Cyrl,131,0,60
bul_Cyrl,131,1,26
bul_Cyrl,131,2,22
bul_Cyrl,131,3,57
bul_Cyrl,131,4,8
bul_Cyrl,131,5,24
bul_Cyrl,131,6,40
bul_Cyrl,131,7,60
bul_Cyrl,131,8,24
bul_Cyrl,131,9,13
bul_Cyrl,131,10,13
bul_Cyrl,131,11,13
bul_Cyrl,131,12,13
bul_Cyrl,131,13,13
bul_Cyrl,131,14,13
bul_Cyrl,131,15,13
bul_Cyrl,131,16,13
bul_Cyrl,131,17,13
bul_Cyrl,132,0,60
bul_Cyrl,132,1,13
bul_Cyrl,132,2,13
bul_Cyrl,132,3,13
bul_Cyrl,132,4,13
bul_Cyrl,132,5,13
bul_Cyrl,132,6,13
bul_Cyrl,132,7,13
bul_Cyrl,132,8,47
bul_Cyrl,132,9,13
bul_Cyrl,132,10,13
bul_Cyrl,132,11,13
bul_Cyrl,132,12,13
bul_Cyrl,132,13,13
bul_Cyrl,132,14,13
bul_Cyrl,133,0,60
bul_Cyrl,133,1,13
bul_Cyrl,133,2,13
bul_Cyrl,133,3,13
bul_Cyrl,133,4,13
bul_Cyrl,133,5,13
bul_Cyrl,133,6,13
bul_Cyrl,133,7,13
bul_Cyrl,133,8,13
bul_Cyrl,133,9,13
bul_Cyrl,133,10,13
bul_Cyrl,133,11,13
bul_Cyrl,133,12,52
bul_Cyrl,133,13,13
bul_Cyrl,133,14,13
bul_Cyrl,133,15,13
bul_Cyrl,134,0,60
bul_Cyrl,134,1,13
bul_Cyrl,134,2,13
bul_Cyrl,134,3,13
bul_Cyrl,134,4,13
bul_Cyrl,134,5,13
bul_Cyrl,134,6,13
bul_Cyrl,134,7,13
bul_Cyrl,134,8,13
bul_Cyrl,134,9,13
bul_Cyrl,134,10,13
bul_Cyrl,134,11,13
bul_Cyrl,134,12,13
bul_Cyrl,134,13,13
bul_Cyrl,134,14,13
bul_Cyrl,134,15,13
bul_Cyrl,134,16,13
bul_Cyrl,135,0,60
bul_Cyrl,135,1,13
bul_Cyrl,135,2,13
bul_Cyrl,135,3,13
bul_Cyrl,135,4,13
bul_Cyrl,135,5,13
bul_Cyrl,135,6,13
bul_Cyrl,135,7,13
bul_Cyrl,135,8,13
bul_Cyrl,135,9,13
bul_Cyrl,135,10,13
bul_Cyrl,135,11,13
bul_Cyrl,135,12,13
bul_Cyrl,135,13,13
bul_Cyrl,135,14,13
bul_Cyrl,135,15,13
bul_Cyrl,135,16,13
bul_Cyrl,135,17,13
bul_Cyrl,135,18,13
bul_Cyrl,135,19,13
bul_Cyrl,135,20,13
bul_Cyrl,135,21,13
bul_Cyrl,135,22,13
bul_Cyrl,135,23,13
bul_Cyrl,135,24,13
bul_Cyrl,135,25,13
bul_Cyrl,135,26,13
bul_Cyrl,135,27,13
bul_Cyrl,135,28,13
bul_Cyrl,135,29,13
bul_Cyrl,136,0,60
bul_Cyrl,136,1,13
bul_Cyrl,136,2,13
bul_Cyrl,136,3,13
bul_Cyrl,136,4,13
bul_Cyrl,136,5,13
bul_Cyrl,136,6,13
bul_Cyrl,136,7,13
bul_Cyrl,136,8,13
bul_Cyrl,136,9,13
bul_Cyrl,136,10,13
bul_Cyrl,137,0,60
bul_Cyrl,137,1,13
bul_Cyrl,137,2,13
bul_Cyrl,137,3,13
bul_Cyrl,137,4,13
bul_Cyrl,137,5,13
bul_Cyrl,137,6,13
bul_Cyrl,137,7,13
bul_Cyrl,137,8,13
bul_Cyrl,137,9,13
bul_Cyrl,137,10,13
bul_Cyrl,137,11,13
bul_Cyrl,137,12,13
bul_Cyrl,137,13,13
bul_Cyrl,137,14,13
bul_Cyrl,137,15,13
bul_Cyrl,137,16,13
bul_Cyrl,137,17,13
bul_Cyrl,137,18,13
bul_Cyrl,137,19,13
bul_Cyrl,137,20,13
bul_Cyrl,137,21,13
bul_Cyrl,137,22,13
bul_Cyrl,137,23,13
bul_Cyrl,137,24,13
bul_Cyrl,138,0,60
bul_Cyrl,138,1,13
bul_Cyrl,138,2,13
bul_Cyrl,138,3,13
bul_Cyrl,138,4,13
bul_Cyrl,138,5,13
bul_Cyrl,138,6,13
bul_Cyrl,138,7,47
bul_Cyrl,138,8,13
bul_Cyrl,138,9,13
bul_Cyrl,138,10,13
bul_Cyrl,138,11,13
bul_Cyrl,138,12,13
bul_Cyrl,138,13,13
bul_Cyrl,138,14,13
bul_Cyrl,139,0,60
bul_Cyrl,139,1,13
bul_Cyrl,139,2,13
bul_Cyrl,139,3,13
bul_Cyrl,139,4,13
bul_Cyrl,139,5,13
bul_Cyrl,139,6,13
bul_Cyrl,139,7,13
bul_Cyrl,139,8,13
bul_Cyrl,139,9,13
bul_Cyrl,139,10,13
bul_Cyrl,139,11,13
bul_Cyrl,139,12,13
bul_Cyrl,139,13,13
bul_Cyrl,139,14,13
bul_Cyrl,139,15,13
bul_Cyrl,139,16,13
bul_Cyrl,139,17,13
bul_Cyrl,140,0,60
bul_Cyrl,140,1,19
bul_Cyrl,140,2,40
bul_Cyrl,140,3,8
bul_Cyrl,140,4,61
bul_Cyrl,140,5,1
bul_Cyrl,140,6,1
bul_Cyrl,140,7,33
bul_Cyrl,140,8,47
bul_Cyrl,140,9,1
bul_Cyrl,140,10,47
bul_Cyrl,140,11,1
bul_Cyrl,140,12,33
bul_Cyrl,140,13,13
bul_Cyrl,140,14,13
bul_Cyrl,140,15,60
bul_Cyrl,141,0,60
bul_Cyrl,141,1,13
bul_Cyrl,141,2,13
bul_Cyrl,141,3,13
bul_Cyrl,141,4,13
bul_Cyrl,141,5,13
bul_Cyrl,141,6,13
bul_Cyrl,141,7,13
bul_Cyrl,141,8,13
bul_Cyrl,141,9,13
bul_Cyrl,141,10,13
bul_Cyrl,141,11,13
bul_Cyrl,141,12,13
bul_Cyrl,141,13,13
bul_Cyrl,141,14,13
bul_Cyrl,141,15,13
bul_Cyrl,141,16,13
bul_Cyrl,141,17,13
bul_Cyrl,141,18,13
bul_Cyrl,141,19,13
bul_Cyrl,141,20,13
bul_Cyrl,142,0,60
bul_Cyrl,142,1,13
bul_Cyrl,142,2,13
bul_Cyrl,142,3,13
bul_Cyrl,142,4,13
bul_Cyrl,142,5,58
bul_Cyrl,142,6,13
bul_Cyrl,142,7,13
bul_Cyrl,142,8,13
bul_Cyrl,142,9,13
bul_Cyrl,142,10,13
bul_Cyrl,142,11,13
bul_Cyrl,142,12,13
bul_Cyrl,142,13,13
bul_Cyrl,142,14,13
bul_Cyrl,142,15,27
bul_Cyrl,142,16,13
bul_Cyrl,142,17,13
bul_Cyrl,142,18,61
bul_Cyrl,142,19,13
bul_Cyrl,142,20,13
bul_Cyrl,142,21,13
bul_Cyrl,142,22,13
bul_Cyrl,142,23,13
bul_Cyrl,142,24,13
bul_Cyrl,142,25,13
bul_Cyrl,143,0,60
bul_Cyrl,143,1,13
bul_Cyrl,143,2,47
bul_Cyrl,143,3,13
bul_Cyrl,143,4,13
bul_Cyrl,143,5,52
bul_Cyrl,143,6,13
bul_Cyrl,143,7,1
bul_Cyrl,143,8,52
bul_Cyrl,143,9,52
bul_Cyrl,143,10,13
bul_Cyrl,143,11,13
bul_Cyrl,143,12,13
bul_Cyrl,143,13,13
bul_Cyrl,143,14,13
bul_Cyrl,143,15,13
bul_Cyrl,143,16,13
bul_Cyrl,143,17,13
eng_Latn,144,0,60
eng_Latn,144,1,16
eng_Latn,144,2,59
eng_Latn,144,3,19
eng_Latn,144,4,17
eng_Latn,144,5,53
eng_Latn,144,6,46
bul_Cyrl,145,0,60
bul_Cyrl,145,1,13
bul_Cyrl,145,2,13
bul_Cyrl,145,3,13
bul_Cyrl,145,4,13
bul_Cyrl,145,5,13
bul_Cyrl,145,6,13
bul_Cyrl,145,7,13
bul_Cyrl,145,8,13
bul_Cyrl,145,9,13
bul_Cyrl,145,10,61
bul_Cyrl,145,11,13
bul_Cyrl,145,12,13
bul_Cyrl,145,13,13
bul_Cyrl,145,14,13
bul_Cyrl,145,15,13
bul_Cyrl,145,16,13
bul_Cyrl,146,0,60
bul_Cyrl,146,1,13
bul_Cyrl,146,2,13
bul_Cyrl,146,3,13
bul_Cyrl,146,4,13
bul_Cyrl,146,5,13
bul_Cyrl,146,6,13
bul_Cyrl,146,7,13
bul_Cyrl,146,8,13
bul_Cyrl,146,9,13
bul_Cyrl,146,10,13
bul_Cyrl,146,11,13
bul_Cyrl,146,12,47
bul_Cyrl,146,13,13
bul_Cyrl,146,14,13
bul_Cyrl,146,15,13
bul_Cyrl,146,16,13
bul_Cyrl,146,17,47
bul_Cyrl,146,18,13
bul_Cyrl,146,19,13
bul_Cyrl,146,20,13
eng_Latn,147,0,60
eng_Latn,147,1,56
eng_Latn,147,2,56
eng_Latn,147,3,52
eng_Latn,147,4,57
eng_Latn,147,5,52
eng_Latn,147,6,52
eng_Latn,147,7,57
eng_Latn,147,8,23
eng_Latn,147,9,4
eng_Latn,148,0,60
eng_Latn,148,1,22
eng_Latn,148,2,9
eng_Latn,148,3,22
eng_Latn,148,4,63
eng_Latn,148,5,56
eng_Latn,148,6,57
eng_Latn,148,7,25
eng_Latn,148,8,8
bul_Cyrl,149,0,60
bul_Cyrl,149,1,13
bul_Cyrl,149,2,13
bul_Cyrl,149,3,13
bul_Cyrl,149,4,13
bul_Cyrl,149,5,13
bul_Cyrl,149,6,13
bul_Cyrl,149,7,13
bul_Cyrl,149,8,13
bul_Cyrl,149,9,13
bul_Cyrl,149,10,13
bul_Cyrl,149,11,13
bul_Cyrl,149,12,13
bul_Cyrl,149,13,13
bul_Cyrl,149,14,13
bul_Cyrl,149,15,13
bul_Cyrl,149,16,13
bul_Cyrl,149,17,13
bul_Cyrl,149,18,13
bul_Cyrl,149,19,13
bul_Cyrl,149,20,13
bul_Cyrl,149,21,13
bul_Cyrl,149,22,13
bul_Cyrl,149,23,52
bul_Cyrl,150,0,60
bul_Cyrl,150,1,13
bul_Cyrl,150,2,13
bul_Cyrl,150,3,13
bul_Cyrl,150,4,13
bul_Cyrl,150,5,13
bul_Cyrl,150,6,52
bul_Cyrl,150,7,13
bul_Cyrl,150,8,13
bul_Cyrl,150,9,13
bul_Cyrl,150,10,13
bul_Cyrl,150,11,52
bul_Cyrl,150,12,13
bul_Cyrl,150,13,13
bul_Cyrl,150,14,13
bul_Cyrl,150,15,52
bul_Cyrl,150,16,13
bul_Cyrl,150,17,13
bul_Cyrl,150,18,13
bul_Cyrl,150,19,13
bul_Cyrl,150,20,13
bul_Cyrl,150,21,13
bul_Cyrl,150,22,52
bul_Cyrl,150,23,13
bul_Cyrl,150,24,13
bul_Cyrl,150,25,13
bul_Cyrl,150,26,13
bul_Cyrl,150,27,13
bul_Cyrl,151,0,60
bul_Cyrl,151,1,13
bul_Cyrl,151,2,13
bul_Cyrl,151,3,13
bul_Cyrl,151,4,13
bul_Cyrl,151,5,13
bul_Cyrl,151,6,52
bul_Cyrl,151,7,13
bul_Cyrl,151,8,47
bul_Cyrl,151,9,13
bul_Cyrl,151,10,13
bul_Cyrl,151,11,13
bul_Cyrl,151,12,13
bul_Cyrl,151,13,13
bul_Cyrl,151,14,52
bul_Cyrl,151,15,13
bul_Cyrl,151,16,13
bul_Cyrl,151,17,13
bul_Cyrl,151,18,40
eng_Latn,152,0,60
eng_Latn,152,1,33
eng_Latn,152,2,33
eng_Latn,152,3,33
eng_Latn,152,4,33
eng_Latn,152,5,33
eng_Latn,152,6,63
bul_Cyrl,153,0,60
bul_Cyrl,153,1,13
bul_Cyrl,153,2,13
bul_Cyrl,153,3,47
bul_Cyrl,153,4,13
bul_Cyrl,153,5,13
bul_Cyrl,153,6,13
bul_Cyrl,153,7,13
bul_Cyrl,153,8,13
bul_Cyrl,153,9,13
bul_Cyrl,153,10,13
bul_Cyrl,153,11,13
bul_Cyrl,153,12,13
bul_Cyrl,153,13,13
bul_Cyrl,153,14,13
bul_Cyrl,153,15,13
bul_Cyrl,154,0,60
bul_Cyrl,154,1,13
bul_Cyrl,154,2,13
bul_Cyrl,154,3,13
bul_Cyrl,154,4,13
bul_Cyrl,154,5,13
bul_Cyrl,154,6,13
bul_Cyrl,154,7,13
bul_Cyrl,154,8,13
bul_Cyrl,154,9,13
bul_Cyrl,154,10,13
bul_Cyrl,154,11,13
bul_Cyrl,154,12,13
bul_Cyrl,154,13,13
bul_Cyrl,154,14,13
bul_Cyrl,154,15,13
bul_Cyrl,154,16,13
bul_Cyrl,154,17,13
bul_Cyrl,154,18,13
bul_Cyrl,154,19,13
bul_Cyrl,154,20,13
bul_Cyrl,154,21,13
bul_Cyrl,154,22,13
bul_Cyrl,154,23,13
bul_Cyrl,154,24,13
bul_Cyrl,154,25,13
bul_Cyrl,154,26,13
bul_Cyrl,154,27,13
bul_Cyrl,155,0,60
bul_Cyrl,155,1,52
bul_Cyrl,155,2,13
bul_Cyrl,155,3,13
bul_Cyrl,155,4,13
bul_Cyrl,155,5,13
bul_Cyrl,155,6,13
bul_Cyrl,155,7,13
bul_Cyrl,155,8,13
eng_Latn,156,0,60
eng_Latn,156,1,52
eng_Latn,156,2,31
eng_Latn,156,3,52
bul_Cyrl,157,0,60
bul_Cyrl,157,1,58
bul_Cyrl,157,2,13
bul_Cyrl,157,3,13
bul_Cyrl,157,4,13
bul_Cyrl,157,5,13
bul_Cyrl,157,6,13
bul_Cyrl,157,7,13
bul_Cyrl,157,8,13
bul_Cyrl,157,9,13
bul_Cyrl,157,10,13
bul_Cyrl,157,11,13
bul_Cyrl,157,12,13
bul_Cyrl,158,0,60
bul_Cyrl,158,1,13
bul_Cyrl,158,2,13
bul_Cyrl,158,3,13
bul_Cyrl,158,4,13
bul_Cyrl,158,5,13
bul_Cyrl,158,6,13
bul_Cyrl,158,7,13
bul_Cyrl,158,8,13
bul_Cyrl,158,9,13
bul_Cyrl,158,10,13
bul_Cyrl,158,11,13
bul_Cyrl,158,12,13
bul_Cyrl,158,13,13
bul_Cyrl,158,14,13
bul_Cyrl,158,15,13
bul_Cyrl,158,16,13
bul_Cyrl,158,17,13
bul_Cyrl,158,18,13
bul_Cyrl,159,0,60
bul_Cyrl,159,1,13
bul_Cyrl,159,2,13
bul_Cyrl,159,3,13
bul_Cyrl,159,4,13
bul_Cyrl,159,5,13
bul_Cyrl,159,6,13
bul_Cyrl,159,7,13
bul_Cyrl,159,8,13
bul_Cyrl,159,9,13
bul_Cyrl,159,10,13
bul_Cyrl,159,11,13
bul_Cyrl,159,12,13
bul_Cyrl,159,13,13
bul_Cyrl,159,14,13
bul_Cyrl,159,15,13
bul_Cyrl,159,16,13
bul_Cyrl,159,17,13
bul_Cyrl,159,18,13
bul_Cyrl,159,19,13
bul_Cyrl,159,20,13
bul_Cyrl,160,0,60
bul_Cyrl,160,1,13
bul_Cyrl,160,2,13
bul_Cyrl,160,3,13
bul_Cyrl,160,4,13
bul_Cyrl,160,5,13
bul_Cyrl,160,6,13
bul_Cyrl,160,7,13
bul_Cyrl,160,8,13
bul_Cyrl,160,9,13
bul_Cyrl,160,10,13
bul_Cyrl,160,11,13
bul_Cyrl,160,12,13
bul_Cyrl,160,13,13
bul_Cyrl,160,14,13
bul_Cyrl,160,15,13
bul_Cyrl,160,16,13
bul_Cyrl,160,17,13
bul_Cyrl,160,18,13
bul_Cyrl,161,0,60
bul_Cyrl,161,1,13
bul_Cyrl,161,2,13
bul_Cyrl,161,3,13
bul_Cyrl,161,4,13
bul_Cyrl,161,5,13
bul_Cyrl,161,6,13
bul_Cyrl,161,7,13
bul_Cyrl,161,8,13
bul_Cyrl,161,9,13
bul_Cyrl,161,10,13
bul_Cyrl,161,11,47
bul_Cyrl,161,12,13
bul_Cyrl,161,13,13
bul_Cyrl,161,14,13
bul_Cyrl,161,15,13
bul_Cyrl,161,16,13
bul_Cyrl,161,17,13
bul_Cyrl,161,18,13
bul_Cyrl,161,19,13
bul_Cyrl,161,20,13
bul_Cyrl,161,21,13
bul_Cyrl,161,22,13
bul_Cyrl,161,23,13
bul_Cyrl,161,24,13
bul_Cyrl,161,25,13
bul_Cyrl,161,26,13
bul_Cyrl,162,0,60
bul_Cyrl,162,1,13
bul_Cyrl,162,2,13
bul_Cyrl,162,3,13
bul_Cyrl,162,4,13
bul_Cyrl,162,5,13
bul_Cyrl,162,6,52
bul_Cyrl,163,0,60
bul_Cyrl,163,1,13
bul_Cyrl,163,2,61
bul_Cyrl,163,3,13
bul_Cyrl,163,4,13
bul_Cyrl,163,5,13
bul_Cyrl,163,6,13
bul_Cyrl,163,7,13
bul_Cyrl,163,8,13
bul_Cyrl,163,9,13
bul_Cyrl,163,10,13
bul_Cyrl,163,11,13
bul_Cyrl,163,12,13
bul_Cyrl,163,13,13
bul_Cyrl,163,14,47
bul_Cyrl,163,15,13
bul_Cyrl,163,16,13
bul_Cyrl,164,0,60
bul_Cyrl,164,1,13
bul_Cyrl,164,2,13
bul_Cyrl,164,3,13
bul_Cyrl,164,4,13
bul_Cyrl,164,5,13
bul_Cyrl,164,6,13
bul_Cyrl,164,7,52
bul_Cyrl,164,8,13
bul_Cyrl,164,9,52
bul_Cyrl,164,10,13
bul_Cyrl,164,11,13
bul_Cyrl,164,12,13
bul_Cyrl,164,13,13
bul_Cyrl,164,14,13
bul_Cyrl,164,15,13
bul_Cyrl,164,16,13
bul_Cyrl,164,17,13
bul_Cyrl,164,18,13
bul_Cyrl,164,19,13
bul_Cyrl,164,20,13
bul_Cyrl,164,21,13
bul_Cyrl,164,22,13
eng_Latn,165,0,60
eng_Latn,165,1,20
eng_Latn,165,2,41
eng_Latn,165,3,57
eng_Latn,165,4,45
eng_Latn,165,5,18
eng_Latn,165,6,23
eng_Latn,165,7,43
eng_Latn,165,8,20
eng_Latn,165,9,33
eng_Latn,165,10,24
eng_Latn,165,11,33
eng_Latn,165,12,33
bul_Cyrl,166,0,60
bul_Cyrl,166,1,57
bul_Cyrl,166,2,13
bul_Cyrl,166,3,13
bul_Cyrl,166,4,13
bul_Cyrl,166,5,13
bul_Cyrl,166,6,13
bul_Cyrl,166,7,12
bul_Cyrl,166,8,13
bul_Cyrl,166,9,13
bul_Cyrl,166,10,13
bul_Cyrl,166,11,13
bul_Cyrl,166,12,13
bul_Cyrl,167,0,60
bul_Cyrl,167,1,13
bul_Cyrl,167,2,13
bul_Cyrl,167,3,13
bul_Cyrl,167,4,13
bul_Cyrl,167,5,13
bul_Cyrl,167,6,13
bul_Cyrl,167,7,13
bul_Cyrl,167,8,13
bul_Cyrl,167,9,47
bul_Cyrl,167,10,13
bul_Cyrl,167,11,13
bul_Cyrl,167,12,12
bul_Cyrl,167,13,13
bul_Cyrl,167,14,13
bul_Cyrl,167,15,13
bul_Cyrl,167,16,13
bul_Cyrl,167,17,13
bul_Cyrl,167,18,13
bul_Cyrl,167,19,13
bul_Cyrl,167,20,13
bul_Cyrl,167,21,13
bul_Cyrl,167,22,13
bul_Cyrl,167,23,13
bul_Cyrl,167,24,13
bul_Cyrl,167,25,13
bul_Cyrl,167,26,13
bul_Cyrl,167,27,13
bul_Cyrl,168,0,60
bul_Cyrl,168,1,13
bul_Cyrl,168,2,13
bul_Cyrl,168,3,13
bul_Cyrl,168,4,13
bul_Cyrl,168,5,13
bul_Cyrl,168,6,13
bul_Cyrl,168,7,13
bul_Cyrl,168,8,13
bul_Cyrl,168,9,13
bul_Cyrl,168,10,13
bul_Cyrl,168,11,13
bul_Cyrl,168,12,13
bul_Cyrl,168,13,13
bul_Cyrl,168,14,13
bul_Cyrl,168,15,13
bul_Cyrl,168,16,13
bul_Cyrl,168,17,13
bul_Cyrl,168,18,13
bul_Cyrl,168,19,13
bul_Cyrl,168,20,13
bul_Cyrl,168,21,13
bul_Cyrl,169,0,60
bul_Cyrl,169,1,13
bul_Cyrl,169,2,13
bul_Cyrl,169,3,13
bul_Cyrl,169,4,13
bul_Cyrl,169,5,1
eng_Latn,170,0,60
eng_Latn,170,1,56
eng_Latn,170,2,48
eng_Latn,170,3,56
eng_Latn,170,4,46
eng_Latn,171,0,60
eng_Latn,171,1,56
eng_Latn,171,2,4
bul_Cyrl,172,0,60
bul_Cyrl,172,1,13
bul_Cyrl,172,2,13
bul_Cyrl,172,3,13
bul_Cyrl,172,4,13
bul_Cyrl,172,5,13
bul_Cyrl,172,6,13
bul_Cyrl,172,7,13
bul_Cyrl,172,8,13
bul_Cyrl,172,9,13
bul_Cyrl,172,10,13
bul_Cyrl,172,11,13
bul_Cyrl,172,12,13
bul_Cyrl,172,13,13
bul_Cyrl,172,14,1
bul_Cyrl,172,15,61
bul_Cyrl,172,16,47
bul_Cyrl,172,17,13
bul_Cyrl,172,18,13
bul_Cyrl,173,0,60
bul_Cyrl,173,1,13
bul_Cyrl,173,2,13
bul_Cyrl,173,3,13
bul_Cyrl,173,4,13
bul_Cyrl,173,5,13
bul_Cyrl,173,6,13
bul_Cyrl,173,7,13
bul_Cyrl,173,8,13
bul_Cyrl,173,9,13
bul_Cyrl,173,10,13
bul_Cyrl,173,11,13
bul_Cyrl,173,12,13
bul_Cyrl,173,13,13
bul_Cyrl,173,14,13
eng_Latn,174,0,60
eng_Latn,174,1,57
eng_Latn,174,2,35
eng_Latn,174,3,48
eng_Latn,174,4,53
eng_Latn,174,5,43
eng_Latn,174,6,57
eng_Latn,174,7,59
eng_Latn,174,8,15
eng_Latn,174,9,59
eng_Latn,174,10,19
eng_Latn,174,11,48
bul_Cyrl,175,0,60
bul_Cyrl,175,1,13
bul_Cyrl,175,2,13
bul_Cyrl,175,3,13
bul_Cyrl,175,4,13
bul_Cyrl,175,5,13
bul_Cyrl,175,6,13
bul_Cyrl,175,7,13
bul_Cyrl,175,8,13
bul_Cyrl,175,9,1
bul_Cyrl,175,10,1
bul_Cyrl,175,11,13
bul_Cyrl,175,12,39
bul_Cyrl,175,13,13
bul_Cyrl,175,14,13
bul_Cyrl,175,15,13
bul_Cyrl,175,16,13
bul_Cyrl,175,17,13
bul_Cyrl,175,18,13
bul_Cyrl,175,19,13
bul_Cyrl,175,20,13
bul_Cyrl,175,21,13
bul_Cyrl,175,22,13
bul_Cyrl,175,23,13
bul_Cyrl,176,0,60
bul_Cyrl,176,1,13
bul_Cyrl,176,2,13
bul_Cyrl,176,3,13
bul_Cyrl,176,4,13
bul_Cyrl,176,5,13
bul_Cyrl,176,6,13
bul_Cyrl,176,7,13
bul_Cyrl,176,8,1
bul_Cyrl,176,9,13
bul_Cyrl,176,10,52
bul_Cyrl,176,11,13
bul_Cyrl,176,12,52
bul_Cyrl,176,13,13
bul_Cyrl,176,14,52
bul_Cyrl,176,15,13
bul_Cyrl,176,16,13
bul_Cyrl,176,17,13
bul_Cyrl,176,18,12
bul_Cyrl,176,19,13
bul_Cyrl,176,20,13
bul_Cyrl,176,21,13
bul_Cyrl,176,22,1
bul_Cyrl,176,23,52
bul_Cyrl,177,0,60
bul_Cyrl,177,1,13
bul_Cyrl,177,2,13
bul_Cyrl,177,3,13
bul_Cyrl,177,4,13
bul_Cyrl,177,5,13
bul_Cyrl,177,6,13
bul_Cyrl,177,7,13
bul_Cyrl,177,8,12
bul_Cyrl,177,9,58
bul_Cyrl,177,10,58
bul_Cyrl,177,11,13
bul_Cyrl,177,12,13
bul_Cyrl,177,13,13
bul_Cyrl,177,14,13
bul_Cyrl,177,15,13
bul_Cyrl,177,16,13
bul_Cyrl,177,17,13
bul_Cyrl,177,18,13
bul_Cyrl,177,19,13
bul_Cyrl,177,20,13
bul_Cyrl,177,21,13
bul_Cyrl,177,22,13
bul_Cyrl,177,23,13
bul_Cyrl,178,0,60
bul_Cyrl,178,1,13
bul_Cyrl,178,2,13
bul_Cyrl,178,3,13
bul_Cyrl,178,4,13
bul_Cyrl,178,5,13
bul_Cyrl,178,6,13
bul_Cyrl,178,7,13
bul_Cyrl,178,8,13
bul_Cyrl,178,9,13
bul_Cyrl,178,10,47
bul_Cyrl,178,11,13
bul_Cyrl,178,12,13
bul_Cyrl,178,13,13
bul_Cyrl,178,14,13
bul_Cyrl,178,15,13
bul_Cyrl,178,16,27
bul_Cyrl,178,17,13
bul_Cyrl,178,18,9
bul_Cyrl,178,19,52
bul_Cyrl,179,0,60
bul_Cyrl,179,1,13
bul_Cyrl,179,2,13
bul_Cyrl,179,3,13
bul_Cyrl,179,4,13
bul_Cyrl,179,5,13
bul_Cyrl,179,6,19
bul_Cyrl,179,7,13
bul_Cyrl,179,8,13
bul_Cyrl,179,9,13
bul_Cyrl,179,10,13
bul_Cyrl,179,11,13
bul_Cyrl,179,12,13
bul_Cyrl,179,13,13
bul_Cyrl,179,14,13
bul_Cyrl,179,15,13
bul_Cyrl,179,16,13
bul_Cyrl,179,17,13
bul_Cyrl,179,18,13
bul_Cyrl,179,19,13
bul_Cyrl,179,20,13
bul_Cyrl,179,21,13
bul_Cyrl,179,22,13
bul_Cyrl,179,23,52
bul_Cyrl,180,0,60
bul_Cyrl,180,1,13
bul_Cyrl,180,2,13
bul_Cyrl,180,3,13
bul_Cyrl,180,4,13
bul_Cyrl,180,5,11
bul_Cyrl,180,6,9
bul_Cyrl,180,7,13
bul_Cyrl,180,8,13
bul_Cyrl,180,9,13
bul_Cyrl,180,10,13
bul_Cyrl,180,11,47
bul_Cyrl,180,12,19
bul_Cyrl,180,13,13
bul_Cyrl,180,14,47
bul_Cyrl,180,15,13
bul_Cyrl,180,16,12
bul_Cyrl,180,17,58
bul_Cyrl,180,18,12
bul_Cyrl,180,19,19
bul_Cyrl,180,20,19
bul_Cyrl,180,21,61
bul_Cyrl,180,22,27
bul_Cyrl,180,23,39
bul_Cyrl,181,0,60
bul_Cyrl,181,1,13
bul_Cyrl,181,2,13
bul_Cyrl,181,3,13
bul_Cyrl,181,4,13
bul_Cyrl,181,5,13
bul_Cyrl,181,6,13
bul_Cyrl,182,0,60
bul_Cyrl,182,1,13
bul_Cyrl,182,2,13
bul_Cyrl,182,3,13
bul_Cyrl,182,4,13
bul_Cyrl,182,5,13
bul_Cyrl,182,6,13
bul_Cyrl,182,7,13
bul_Cyrl,183,0,60
bul_Cyrl,183,1,13
bul_Cyrl,183,2,13
bul_Cyrl,183,3,13
bul_Cyrl,183,4,13
bul_Cyrl,183,5,13
bul_Cyrl,183,6,13
bul_Cyrl,183,7,13
bul_Cyrl,183,8,13
bul_Cyrl,183,9,13
bul_Cyrl,183,10,13
bul_Cyrl,183,11,13
bul_Cyrl,183,12,13
bul_Cyrl,183,13,13
bul_Cyrl,183,14,13
bul_Cyrl,183,15,13
bul_Cyrl,183,16,13
bul_Cyrl,184,0,60
bul_Cyrl,184,1,13
bul_Cyrl,184,2,13
bul_Cyrl,184,3,13
bul_Cyrl,184,4,13
bul_Cyrl,184,5,61
bul_Cyrl,184,6,19
bul_Cyrl,184,7,47
bul_Cyrl,184,8,62
bul_Cyrl,184,9,62
bul_Cyrl,185,0,60
bul_Cyrl,185,1,13
bul_Cyrl,185,2,13
bul_Cyrl,185,3,13
bul_Cyrl,185,4,52
bul_Cyrl,185,5,13
bul_Cyrl,185,6,13
bul_Cyrl,185,7,9
bul_Cyrl,185,8,9
bul_Cyrl,185,9,52
bul_Cyrl,185,10,9
bul_Cyrl,185,11,13
bul_Cyrl,185,12,13
bul_Cyrl,185,13,13
bul_Cyrl,185,14,13
bul_Cyrl,185,15,13
bul_Cyrl,185,16,52
bul_Cyrl,185,17,1
bul_Cyrl,185,18,13
bul_Cyrl,185,19,13
bul_Cyrl,185,20,13
bul_Cyrl,185,21,13
bul_Cyrl,185,22,13
bul_Cyrl,185,23,13
bul_Cyrl,185,24,13
bul_Cyrl,185,25,52
bul_Cyrl,185,26,1
bul_Cyrl,185,27,52
eng_Latn,186,0,60
eng_Latn,186,1,51
eng_Latn,186,2,26
eng_Latn,186,3,61
eng_Latn,186,4,49
bul_Cyrl,187,0,60
bul_Cyrl,187,1,13
bul_Cyrl,187,2,13
bul_Cyrl,187,3,13
bul_Cyrl,187,4,13
bul_Cyrl,187,5,13
bul_Cyrl,187,6,13
bul_Cyrl,187,7,13
bul_Cyrl,187,8,13
bul_Cyrl,187,9,13
bul_Cyrl,187,10,13
bul_Cyrl,187,11,13
bul_Cyrl,187,12,13
bul_Cyrl,187,13,13
bul_Cyrl,187,14,13
bul_Cyrl,187,15,13
bul_Cyrl,187,16,13
bul_Cyrl,187,17,13
bul_Cyrl,187,18,13
bul_Cyrl,187,19,13
bul_Cyrl,188,0,60
bul_Cyrl,188,1,13
bul_Cyrl,188,2,13
bul_Cyrl,188,3,13
bul_Cyrl,188,4,13
bul_Cyrl,188,5,13
bul_Cyrl,188,6,13
bul_Cyrl,188,7,13
bul_Cyrl,188,8,13
bul_Cyrl,188,9,13
bul_Cyrl,188,10,13
bul_Cyrl,188,11,13
bul_Cyrl,188,12,13
bul_Cyrl,188,13,13
bul_Cyrl,188,14,13
bul_Cyrl,188,15,13
bul_Cyrl,188,16,13
bul_Cyrl,188,17,13
bul_Cyrl,189,0,60
bul_Cyrl,189,1,13
bul_Cyrl,189,2,13
bul_Cyrl,189,3,13
bul_Cyrl,189,4,13
bul_Cyrl,189,5,13
bul_Cyrl,189,6,13
bul_Cyrl,189,7,13
bul_Cyrl,189,8,13
bul_Cyrl,189,9,13
bul_Cyrl,190,0,60
bul_Cyrl,190,1,13
bul_Cyrl,190,2,13
bul_Cyrl,190,3,13
bul_Cyrl,190,4,13
bul_Cyrl,190,5,19
bul_Cyrl,190,6,13
bul_Cyrl,190,7,13
bul_Cyrl,190,8,13
bul_Cyrl,190,9,13
bul_Cyrl,190,10,13
bul_Cyrl,190,11,19
bul_Cyrl,190,12,13
bul_Cyrl,190,13,13
bul_Cyrl,190,14,13
bul_Cyrl,190,15,12
bul_Cyrl,190,16,13
bul_Cyrl,190,17,13
bul_Cyrl,190,18,13
bul_Cyrl,190,19,13
bul_Cyrl,191,0,60
bul_Cyrl,191,1,22
bul_Cyrl,191,2,13
bul_Cyrl,191,3,61
bul_Cyrl,191,4,27
bul_Cyrl,191,5,13
bul_Cyrl,191,6,13
bul_Cyrl,191,7,19
bul_Cyrl,191,8,40
bul_Cyrl,191,9,40
bul_Cyrl,191,10,12
bul_Cyrl,191,11,19
bul_Cyrl,191,12,13
bul_Cyrl,191,13,13
bul_Cyrl,191,14,47
bul_Cyrl,191,15,13
bul_Cyrl,192,0,60
bul_Cyrl,192,1,13
bul_Cyrl,192,2,13
bul_Cyrl,192,3,13
bul_Cyrl,192,4,13
bul_Cyrl,192,5,13
bul_Cyrl,192,6,13
bul_Cyrl,192,7,13
bul_Cyrl,192,8,13
bul_Cyrl,192,9,13
bul_Cyrl,193,0,60
bul_Cyrl,193,1,13
bul_Cyrl,193,2,13
bul_Cyrl,193,3,13
bul_Cyrl,193,4,13
bul_Cyrl,193,5,13
bul_Cyrl,193,6,13
bul_Cyrl,193,7,13
bul_Cyrl,193,8,13
bul_Cyrl,193,9,13
bul_Cyrl,193,10,13
bul_Cyrl,193,11,13
bul_Cyrl,193,12,13
bul_Cyrl,193,13,13
bul_Cyrl,193,14,13
bul_Cyrl,193,15,13
bul_Cyrl,193,16,13
bul_Cyrl,193,17,13
bul_Cyrl,193,18,19
bul_Cyrl,193,19,13
bul_Cyrl,193,20,13
bul_Cyrl,193,21,9
bul_Cyrl,193,22,52
bul_Cyrl,194,0,60
bul_Cyrl,194,1,13
bul_Cyrl,194,2,13
bul_Cyrl,194,3,13
bul_Cyrl,194,4,13
bul_Cyrl,194,5,13
bul_Cyrl,194,6,13
bul_Cyrl,194,7,13
bul_Cyrl,194,8,13
bul_Cyrl,194,9,12
bul_Cyrl,194,10,13
bul_Cyrl,194,11,13
bul_Cyrl,194,12,13
bul_Cyrl,194,13,13
bul_Cyrl,194,14,13
bul_Cyrl,194,15,12
bul_Cyrl,194,16,22
bul_Cyrl,194,17,52
bul_Cyrl,195,0,60
bul_Cyrl,195,1,13
bul_Cyrl,195,2,13
bul_Cyrl,195,3,13
bul_Cyrl,195,4,13
bul_Cyrl,195,5,13
bul_Cyrl,195,6,13
bul_Cyrl,195,7,13
bul_Cyrl,195,8,13
bul_Cyrl,195,9,13
bul_Cyrl,195,10,13
bul_Cyrl,195,11,39
bul_Cyrl,195,12,13
bul_Cyrl,196,0,60
bul_Cyrl,196,1,13
bul_Cyrl,196,2,13
bul_Cyrl,196,3,13
bul_Cyrl,196,4,13
bul_Cyrl,196,5,13
bul_Cyrl,196,6,13
bul_Cyrl,196,7,13
bul_Cyrl,196,8,13
bul_Cyrl,196,9,13
bul_Cyrl,196,10,13
bul_Cyrl,196,11,13
bul_Cyrl,196,12,13
bul_Cyrl,196,13,13
bul_Cyrl,196,14,13
bul_Cyrl,196,15,13
bul_Cyrl,196,16,13
bul_Cyrl,196,17,13
bul_Cyrl,196,18,13
bul_Cyrl,196,19,13
bul_Cyrl,196,20,13
bul_Cyrl,196,21,13
bul_Cyrl,196,22,13
bul_Cyrl,196,23,13
bul_Cyrl,197,0,60
bul_Cyrl,197,1,9
bul_Cyrl,197,2,13
bul_Cyrl,197,3,13
bul_Cyrl,197,4,13
bul_Cyrl,197,5,13
bul_Cyrl,197,6,13
bul_Cyrl,197,7,13
bul_Cyrl,197,8,13
bul_Cyrl,197,9,13
bul_Cyrl,197,10,13
bul_Cyrl,197,11,13
bul_Cyrl,197,12,13
bul_Cyrl,197,13,13
bul_Cyrl,197,14,13
bul_Cyrl,197,15,13
bul_Cyrl,197,16,13
bul_Cyrl,197,17,13
bul_Cyrl,197,18,13
bul_Cyrl,197,19,13
bul_Cyrl,197,20,13
bul_Cyrl,197,21,27
bul_Cyrl,197,22,13
bul_Cyrl,198,0,60
bul_Cyrl,198,1,13
bul_Cyrl,198,2,13
bul_Cyrl,198,3,13
bul_Cyrl,198,4,9
bul_Cyrl,198,5,13
bul_Cyrl,198,6,13
bul_Cyrl,198,7,13
bul_Cyrl,198,8,13
bul_Cyrl,198,9,13
bul_Cyrl,198,10,13
bul_Cyrl,198,11,13
bul_Cyrl,198,12,13
bul_Cyrl,198,13,13
bul_Cyrl,198,14,13
bul_Cyrl,198,15,13
bul_Cyrl,198,16,13
bul_Cyrl,198,17,13
bul_Cyrl,198,18,27
bul_Cyrl,198,19,13
bul_Cyrl,199,0,60
bul_Cyrl,199,1,13
bul_Cyrl,199,2,13
bul_Cyrl,199,3,13
bul_Cyrl,199,4,13
bul_Cyrl,199,5,13
bul_Cyrl,199,6,13
bul_Cyrl,199,7,47
bul_Cyrl,199,8,13
bul_Cyrl,199,9,13
bul_Cyrl,199,10,13
bul_Cyrl,199,11,13
bul_Cyrl,199,12,13
bul_Cyrl,199,13,13
bul_Cyrl,199,14,47
bul_Cyrl,199,15,13
bul_Cyrl,199,16,13
bul_Cyrl,199,17,13
bul_Cyrl,199,18,13
bul_Cyrl,199,19,13
bul_Cyrl,199,20,13
bul_Cyrl,199,21,27
bul_Cyrl,199,22,47
bul_Cyrl,199,23,13
bul_Cyrl,199,24,13
bul_Cyrl,200,0,60
bul_Cyrl,200,1,13
bul_Cyrl,200,2,13
bul_Cyrl,200,3,13
bul_Cyrl,200,4,13
bul_Cyrl,200,5,13
bul_Cyrl,200,6,13
bul_Cyrl,200,7,13
bul_Cyrl,200,8,13
bul_Cyrl,200,9,13
bul_Cyrl,200,10,13
bul_Cyrl,200,11,13
bul_Cyrl,200,12,13
bul_Cyrl,200,13,13
bul_Cyrl,200,14,13
bul_Cyrl,200,15,13
bul_Cyrl,200,16,13
bul_Cyrl,200,17,13
bul_Cyrl,200,18,13
bul_Cyrl,201,0,60
bul_Cyrl,201,1,13
bul_Cyrl,201,2,13
bul_Cyrl,201,3,13
bul_Cyrl,201,4,13
bul_Cyrl,201,5,13
bul_Cyrl,201,6,13
bul_Cyrl,201,7,13
bul_Cyrl,201,8,13
bul_Cyrl,201,9,13
bul_Cyrl,201,10,13
bul_Cyrl,201,11,13
bul_Cyrl,201,12,13
bul_Cyrl,201,13,13
bul_Cyrl,201,14,13
bul_Cyrl,201,15,13
bul_Cyrl,201,16,13
bul_Cyrl,201,17,9
bul_Cyrl,201,18,13
bul_Cyrl,201,19,13
bul_Cyrl,201,20,13
bul_Cyrl,201,21,13
bul_Cyrl,201,22,13
bul_Cyrl,201,23,13
bul_Cyrl,201,24,13
bul_Cyrl,201,25,13
bul_Cyrl,201,26,13
bul_Cyrl,201,27,13
bul_Cyrl,202,0,60
bul_Cyrl,202,1,13
bul_Cyrl,202,2,13
bul_Cyrl,202,3,13
bul_Cyrl,202,4,13
bul_Cyrl,202,5,13
bul_Cyrl,202,6,13
bul_Cyrl,202,7,13
bul_Cyrl,202,8,13
bul_Cyrl,202,9,13
bul_Cyrl,202,10,13
bul_Cyrl,202,11,13
bul_Cyrl,202,12,13
bul_Cyrl,202,13,13
bul_Cyrl,202,14,13
bul_Cyrl,202,15,13
bul_Cyrl,202,16,13
bul_Cyrl,202,17,13
bul_Cyrl,202,18,13
bul_Cyrl,202,19,13
bul_Cyrl,202,20,36
bul_Cyrl,202,21,36
bul_Cyrl,202,22,13
bul_Cyrl,203,0,60
bul_Cyrl,203,1,13
bul_Cyrl,203,2,13
bul_Cyrl,203,3,13
bul_Cyrl,203,4,13
bul_Cyrl,203,5,13
bul_Cyrl,203,6,13
bul_Cyrl,203,7,13
bul_Cyrl,203,8,13
bul_Cyrl,203,9,13
bul_Cyrl,203,10,13
bul_Cyrl,203,11,13
bul_Cyrl,203,12,13
bul_Cyrl,203,13,13
bul_Cyrl,203,14,13
bul_Cyrl,203,15,13
bul_Cyrl,204,0,60
bul_Cyrl,204,1,13
bul_Cyrl,204,2,13
bul_Cyrl,204,3,13
bul_Cyrl,204,4,13
bul_Cyrl,204,5,13
bul_Cyrl,204,6,13
bul_Cyrl,204,7,13
bul_Cyrl,204,8,13
bul_Cyrl,204,9,13
bul_Cyrl,204,10,13
bul_Cyrl,204,11,13
bul_Cyrl,204,12,13
bul_Cyrl,204,13,52
bul_Cyrl,204,14,52
bul_Cyrl,205,0,60
bul_Cyrl,205,1,13
bul_Cyrl,205,2,13
bul_Cyrl,205,3,13
bul_Cyrl,205,4,13
bul_Cyrl,205,5,9
bul_Cyrl,205,6,13
bul_Cyrl,205,7,13
bul_Cyrl,205,8,13
bul_Cyrl,205,9,13
bul_Cyrl,205,10,13
bul_Cyrl,205,11,13
bul_Cyrl,205,12,13
bul_Cyrl,205,13,13
bul_Cyrl,205,14,13
bul_Cyrl,205,15,13
bul_Cyrl,205,16,13
bul_Cyrl,205,17,13
bul_Cyrl,205,18,13
bul_Cyrl,205,19,13
bul_Cyrl,205,20,13
bul_Cyrl,205,21,13
bul_Cyrl,205,22,13
bul_Cyrl,205,23,13
bul_Cyrl,205,24,13
bul_Cyrl,205,25,13
bul_Cyrl,205,26,13
bul_Cyrl,205,27,13
bul_Cyrl,205,28,13
bul_Cyrl,205,29,13
eng_Latn,206,0,60
eng_Latn,206,1,17
eng_Latn,206,2,9
eng_Latn,206,3,56
eng_Latn,206,4,54
eng_Latn,206,5,38
eng_Latn,206,6,46
eng_Latn,206,7,56
eng_Latn,206,8,56
eng_Latn,206,9,4
eng_Latn,206,10,18
eng_Latn,206,11,50
eng_Latn,206,12,16
eng_Latn,207,0,60
eng_Latn,207,1,17
eng_Latn,207,2,9
eng_Latn,207,3,56
eng_Latn,207,4,17
eng_Latn,207,5,52
eng_Latn,207,6,17
eng_Latn,207,7,41
eng_Latn,207,8,17
bul_Cyrl,208,0,60
bul_Cyrl,208,1,13
bul_Cyrl,208,2,13
bul_Cyrl,208,3,13
bul_Cyrl,208,4,13
bul_Cyrl,208,5,13
bul_Cyrl,208,6,13
bul_Cyrl,208,7,13
bul_Cyrl,208,8,13
bul_Cyrl,208,9,13
bul_Cyrl,208,10,13
bul_Cyrl,208,11,13
bul_Cyrl,208,12,13
bul_Cyrl,208,13,13
bul_Cyrl,208,14,13
bul_Cyrl,208,15,13
bul_Cyrl,208,16,13
bul_Cyrl,208,17,13
bul_Cyrl,208,18,13
bul_Cyrl,208,19,13
bul_Cyrl,208,20,13
bul_Cyrl,208,21,13
bul_Cyrl,208,22,13
bul_Cyrl,208,23,13
bul_Cyrl,208,24,13
bul_Cyrl,208,25,13
bul_Cyrl,208,26,13
bul_Cyrl,208,27,13
eng_Latn,209,0,60
eng_Latn,209,1,9
eng_Latn,209,2,22
eng_Latn,209,3,11
eng_Latn,209,4,61
eng_Latn,209,5,47
eng_Latn,209,6,40
eng_Latn,209,7,5
eng_Latn,209,8,40
eng_Latn,209,9,30
eng_Latn,209,10,49
eng_Latn,210,0,60
eng_Latn,210,1,38
eng_Latn,210,2,38
eng_Latn,210,3,20
eng_Latn,210,4,40
eng_Latn,210,5,16
eng_Latn,210,6,57
eng_Latn,210,7,57
bul_Cyrl,211,0,60
bul_Cyrl,211,1,13
bul_Cyrl,211,2,13
bul_Cyrl,211,3,13
bul_Cyrl,211,4,13
bul_Cyrl,211,5,13
bul_Cyrl,211,6,13
bul_Cyrl,211,7,13
bul_Cyrl,211,8,13
bul_Cyrl,211,9,13
bul_Cyrl,211,10,13
bul_Cyrl,211,11,13
bul_Cyrl,211,12,13
bul_Cyrl,211,13,13
bul_Cyrl,211,14,13
bul_Cyrl,211,15,13
bul_Cyrl,211,16,13
bul_Cyrl,211,17,13
bul_Cyrl,212,0,60
bul_Cyrl,212,1,52
bul_Cyrl,212,2,12
bul_Cyrl,212,3,13
bul_Cyrl,212,4,13
bul_Cyrl,212,5,13
bul_Cyrl,212,6,13
bul_Cyrl,212,7,13
bul_Cyrl,212,8,13
bul_Cyrl,212,9,13
bul_Cyrl,212,10,13
bul_Cyrl,212,11,13
bul_Cyrl,212,12,13
bul_Cyrl,212,13,13
bul_Cyrl,212,14,13
bul_Cyrl,212,15,13
bul_Cyrl,212,16,52
bul_Cyrl,212,17,47
bul_Cyrl,212,18,13
bul_Cyrl,212,19,52
bul_Cyrl,213,0,60
bul_Cyrl,213,1,13
bul_Cyrl,213,2,13
bul_Cyrl,213,3,13
bul_Cyrl,213,4,13
bul_Cyrl,213,5,13
bul_Cyrl,213,6,13
bul_Cyrl,213,7,13
bul_Cyrl,213,8,13
bul_Cyrl,213,9,13
bul_Cyrl,213,10,13
bul_Cyrl,213,11,13
bul_Cyrl,213,12,13
bul_Cyrl,213,13,13
bul_Cyrl,213,14,13
bul_Cyrl,213,15,13
bul_Cyrl,213,16,13
bul_Cyrl,213,17,13
bul_Cyrl,213,18,13
bul_Cyrl,213,19,13
bul_Cyrl,213,20,13
bul_Cyrl,213,21,47
bul_Cyrl,213,22,13
bul_Cyrl,213,23,13
bul_Cyrl,214,0,60
bul_Cyrl,214,1,13
bul_Cyrl,214,2,13
bul_Cyrl,214,3,13
bul_Cyrl,214,4,13
bul_Cyrl,214,5,13
bul_Cyrl,214,6,13
bul_Cyrl,214,7,13
bul_Cyrl,214,8,13
bul_Cyrl,214,9,47
bul_Cyrl,214,10,47
bul_Cyrl,214,11,13
bul_Cyrl,214,12,39
bul_Cyrl,214,13,13
bul_Cyrl,214,14,13
bul_Cyrl,214,15,52
bul_Cyrl,214,16,13
bul_Cyrl,214,17,13
bul_Cyrl,215,0,60
bul_Cyrl,215,1,13
bul_Cyrl,215,2,13
bul_Cyrl,215,3,13
bul_Cyrl,215,4,13
bul_Cyrl,215,5,13
bul_Cyrl,215,6,13
bul_Cyrl,215,7,13
bul_Cyrl,215,8,13
bul_Cyrl,215,9,13
eng_Latn,216,0,60
eng_Latn,216,1,17
eng_Latn,216,2,17
eng_Latn,216,3,5
eng_Latn,216,4,5
eng_Latn,216,5,49
bul_Cyrl,217,0,60
bul_Cyrl,217,1,13
bul_Cyrl,217,2,13
bul_Cyrl,217,3,13
bul_Cyrl,217,4,13
bul_Cyrl,217,5,13
bul_Cyrl,217,6,13
bul_Cyrl,217,7,13
bul_Cyrl,217,8,13
bul_Cyrl,217,9,13
bul_Cyrl,217,10,13
bul_Cyrl,217,11,13
bul_Cyrl,217,12,13
bul_Cyrl,217,13,13
bul_Cyrl,217,14,13
bul_Cyrl,217,15,13
bul_Cyrl,217,16,13
bul_Cyrl,217,17,13
bul_Cyrl,217,18,13
bul_Cyrl,217,19,1
bul_Cyrl,217,20,13
eng_Latn,218,0,60
eng_Latn,218,1,19
eng_Latn,218,2,40
eng_Latn,218,3,49
eng_Latn,219,0,60
eng_Latn,219,1,40
eng_Latn,219,2,18
eng_Latn,219,3,18
eng_Latn,219,4,56
eng_Latn,219,5,16
eng_Latn,219,6,59
eng_Latn,219,7,46
bul_Cyrl,220,0,60
bul_Cyrl,220,1,13
bul_Cyrl,220,2,13
bul_Cyrl,220,3,13
bul_Cyrl,220,4,13
bul_Cyrl,220,5,11
bul_Cyrl,220,6,22
bul_Cyrl,220,7,24
bul_Cyrl,220,8,7
bul_Cyrl,221,0,60
bul_Cyrl,221,1,13
bul_Cyrl,221,2,13
bul_Cyrl,221,3,13
bul_Cyrl,221,4,13
bul_Cyrl,221,5,13
bul_Cyrl,221,6,13
bul_Cyrl,221,7,13
bul_Cyrl,221,8,13
bul_Cyrl,221,9,13
bul_Cyrl,221,10,13
bul_Cyrl,221,11,13
bul_Cyrl,221,12,13
bul_Cyrl,221,13,13
bul_Cyrl,221,14,13
bul_Cyrl,221,15,13
bul_Cyrl,221,16,13
bul_Cyrl,221,17,13
bul_Cyrl,221,18,13
bul_Cyrl,221,19,52
bul_Cyrl,221,20,13
bul_Cyrl,221,21,13
bul_Cyrl,221,22,13
bul_Cyrl,221,23,13
bul_Cyrl,221,24,13
bul_Cyrl,221,25,13
bul_Cyrl,221,26,13
bul_Cyrl,222,0,60
bul_Cyrl,222,1,13
bul_Cyrl,222,2,13
bul_Cyrl,222,3,52
bul_Cyrl,222,4,13
bul_Cyrl,222,5,13
bul_Cyrl,222,6,13
bul_Cyrl,222,7,13
bul_Cyrl,222,8,13
bul_Cyrl,222,9,13
bul_Cyrl,222,10,13
bul_Cyrl,223,0,60
bul_Cyrl,223,1,13
bul_Cyrl,223,2,13
bul_Cyrl,223,3,13
bul_Cyrl,223,4,13
bul_Cyrl,223,5,13
bul_Cyrl,223,6,13
bul_Cyrl,223,7,13
bul_Cyrl,223,8,13
bul_Cyrl,223,9,13
bul_Cyrl,223,10,13
bul_Cyrl,223,11,13
bul_Cyrl,223,12,13
bul_Cyrl,223,13,13
bul_Cyrl,223,14,13
eng_Latn,224,0,60
eng_Latn,224,1,19
eng_Latn,224,2,19
eng_Latn,224,3,15
eng_Latn,224,4,16
eng_Latn,224,5,33
eng_Latn,224,6,33
eng_Latn,224,7,33
bul_Cyrl,225,0,60
bul_Cyrl,225,1,13
bul_Cyrl,225,2,13
bul_Cyrl,225,3,13
bul_Cyrl,225,4,13
bul_Cyrl,225,5,13
bul_Cyrl,225,6,13
bul_Cyrl,225,7,13
bul_Cyrl,225,8,13
bul_Cyrl,225,9,13
bul_Cyrl,225,10,13
bul_Cyrl,225,11,13
bul_Cyrl,225,12,13
bul_Cyrl,225,13,13
bul_Cyrl,225,14,13
bul_Cyrl,225,15,13
bul_Cyrl,226,0,60
bul_Cyrl,226,1,13
bul_Cyrl,226,2,13
bul_Cyrl,226,3,13
bul_Cyrl,226,4,13
bul_Cyrl,226,5,13
bul_Cyrl,226,6,13
bul_Cyrl,226,7,13
bul_Cyrl,226,8,13
bul_Cyrl,226,9,52
bul_Cyrl,226,10,13
bul_Cyrl,226,11,13
bul_Cyrl,226,12,13
bul_Cyrl,226,13,13
bul_Cyrl,226,14,13
bul_Cyrl,226,15,13
bul_Cyrl,226,16,13
bul_Cyrl,227,0,60
bul_Cyrl,227,1,13
bul_Cyrl,227,2,13
bul_Cyrl,227,3,13
bul_Cyrl,227,4,13
bul_Cyrl,227,5,13
bul_Cyrl,227,6,13
bul_Cyrl,227,7,13
bul_Cyrl,227,8,13
bul_Cyrl,227,9,13
bul_Cyrl,227,10,13
bul_Cyrl,227,11,13
bul_Cyrl,227,12,13
bul_Cyrl,227,13,13
bul_Cyrl,227,14,13
bul_Cyrl,227,15,13
bul_Cyrl,227,16,13
bul_Cyrl,227,17,13
bul_Cyrl,228,0,60
bul_Cyrl,228,1,13
bul_Cyrl,228,2,13
bul_Cyrl,228,3,13
bul_Cyrl,228,4,13
bul_Cyrl,228,5,13
bul_Cyrl,228,6,13
bul_Cyrl,228,7,13
bul_Cyrl,228,8,13
bul_Cyrl,228,9,13
bul_Cyrl,228,10,13
bul_Cyrl,228,11,13
bul_Cyrl,228,12,13
bul_Cyrl,228,13,13
bul_Cyrl,228,14,13
bul_Cyrl,228,15,13
bul_Cyrl,228,16,13
bul_Cyrl,228,17,13
bul_Cyrl,228,18,13
bul_Cyrl,228,19,13
bul_Cyrl,228,20,9
bul_Cyrl,228,21,52
bul_Cyrl,229,0,60
bul_Cyrl,229,1,13
bul_Cyrl,229,2,13
bul_Cyrl,229,3,13
bul_Cyrl,229,4,13
bul_Cyrl,229,5,13
bul_Cyrl,229,6,13
bul_Cyrl,229,7,13
bul_Cyrl,229,8,13
bul_Cyrl,229,9,13
bul_Cyrl,229,10,13
bul_Cyrl,229,11,13
bul_Cyrl,229,12,13
bul_Cyrl,229,13,13
bul_Cyrl,229,14,13
bul_Cyrl,229,15,13
bul_Cyrl,229,16,13
bul_Cyrl,229,17,13
bul_Cyrl,229,18,13
bul_Cyrl,229,19,13
bul_Cyrl,229,20,13
bul_Cyrl,229,21,13
bul_Cyrl,229,22,13
bul_Cyrl,229,23,13
bul_Cyrl,229,24,13
bul_Cyrl,229,25,13
bul_Cyrl,229,26,13
eng_Latn,230,0,60
eng_Latn,230,1,29
eng_Latn,230,2,34
eng_Latn,230,3,35
eng_Latn,230,4,34
bul_Cyrl,231,0,60
bul_Cyrl,231,1,13
bul_Cyrl,231,2,13
bul_Cyrl,231,3,13
bul_Cyrl,231,4,13
bul_Cyrl,231,5,13
bul_Cyrl,231,6,13
bul_Cyrl,231,7,13
bul_Cyrl,231,8,13
bul_Cyrl,231,9,13
bul_Cyrl,231,10,13
bul_Cyrl,231,11,13
bul_Cyrl,231,12,13
bul_Cyrl,231,13,13
bul_Cyrl,231,14,13
bul_Cyrl,231,15,13
bul_Cyrl,232,0,60
bul_Cyrl,232,1,13
bul_Cyrl,232,2,13
bul_Cyrl,232,3,13
bul_Cyrl,232,4,13
bul_Cyrl,232,5,13
bul_Cyrl,232,6,13
bul_Cyrl,232,7,13
bul_Cyrl,232,8,13
bul_Cyrl,232,9,13
bul_Cyrl,232,10,13
bul_Cyrl,232,11,13
bul_Cyrl,232,12,13
bul_Cyrl,232,13,13
bul_Cyrl,232,14,13
bul_Cyrl,232,15,13
bul_Cyrl,232,16,13
bul_Cyrl,232,17,13
eng_Latn,233,0,60
eng_Latn,233,1,10
eng_Latn,233,2,56
eng_Latn,233,3,54
eng_Latn,233,4,41
eng_Latn,233,5,46
bul_Cyrl,234,0,60
bul_Cyrl,234,1,52
bul_Cyrl,234,2,13
bul_Cyrl,234,3,13
bul_Cyrl,234,4,13
bul_Cyrl,234,5,13
bul_Cyrl,234,6,13
bul_Cyrl,234,7,13
bul_Cyrl,234,8,13
bul_Cyrl,234,9,13
bul_Cyrl,234,10,13
bul_Cyrl,234,11,13
bul_Cyrl,234,12,13
bul_Cyrl,234,13,13
bul_Cyrl,234,14,13
bul_Cyrl,234,15,13
eng_Latn,235,0,60
eng_Latn,235,1,39
eng_Latn,235,2,24
eng_Latn,235,3,19
eng_Latn,235,4,19
eng_Latn,235,5,48
eng_Latn,235,6,56
eng_Latn,235,7,59
eng_Latn,235,8,40
eng_Latn,235,9,15
eng_Latn,236,0,60
eng_Latn,236,1,22
eng_Latn,236,2,22
eng_Latn,236,3,34
eng_Latn,236,4,29
eng_Latn,236,5,34
eng_Latn,236,6,34
eng_Latn,237,0,60
eng_Latn,237,1,19
eng_Latn,237,2,40
eng_Latn,237,3,17
eng_Latn,237,4,16
eng_Latn,237,5,31
eng_Latn,237,6,53
eng_Latn,237,7,34
eng_Latn,238,0,60
eng_Latn,238,1,1
eng_Latn,238,2,53
eng_Latn,238,3,52
eng_Latn,238,4,1
eng_Latn,238,5,52
eng_Latn,238,6,47
eng_Latn,239,0,60
eng_Latn,239,1,22
eng_Latn,239,2,53
eng_Latn,239,3,46
eng_Latn,239,4,15
bul_Cyrl,240,0,60
bul_Cyrl,240,1,13
bul_Cyrl,240,2,13
bul_Cyrl,240,3,13
bul_Cyrl,240,4,13
bul_Cyrl,240,5,13
bul_Cyrl,240,6,13
bul_Cyrl,240,7,13
bul_Cyrl,240,8,13
bul_Cyrl,240,9,13
bul_Cyrl,240,10,52
bul_Cyrl,241,0,60
bul_Cyrl,241,1,13
bul_Cyrl,241,2,13
bul_Cyrl,241,3,13
bul_Cyrl,241,4,13
bul_Cyrl,241,5,13
bul_Cyrl,241,6,47
bul_Cyrl,241,7,13
bul_Cyrl,241,8,13
bul_Cyrl,241,9,13
bul_Cyrl,241,10,13
bul_Cyrl,241,11,13
bul_Cyrl,241,12,13
bul_Cyrl,241,13,13
bul_Cyrl,241,14,13
bul_Cyrl,241,15,13
bul_Cyrl,242,0,60
bul_Cyrl,242,1,13
bul_Cyrl,242,2,13
bul_Cyrl,242,3,13
bul_Cyrl,242,4,13
bul_Cyrl,242,5,13
bul_Cyrl,242,6,13
bul_Cyrl,242,7,13
bul_Cyrl,242,8,13
bul_Cyrl,242,9,13
bul_Cyrl,242,10,13
bul_Cyrl,242,11,13
bul_Cyrl,242,12,13
bul_Cyrl,242,13,13
bul_Cyrl,242,14,1
bul_Cyrl,242,15,13
bul_Cyrl,242,16,19
bul_Cyrl,242,17,13
bul_Cyrl,242,18,13
bul_Cyrl,242,19,13
bul_Cyrl,242,20,13
bul_Cyrl,243,0,60
bul_Cyrl,243,1,13
bul_Cyrl,243,2,13
bul_Cyrl,243,3,13
bul_Cyrl,243,4,13
bul_Cyrl,243,5,13
bul_Cyrl,243,6,13
bul_Cyrl,243,7,13
bul_Cyrl,243,8,13
bul_Cyrl,243,9,13
bul_Cyrl,243,10,13
bul_Cyrl,243,11,13
bul_Cyrl,243,12,13
bul_Cyrl,243,13,13
bul_Cyrl,243,14,13
bul_Cyrl,243,15,13
bul_Cyrl,243,16,13
bul_Cyrl,243,17,13
bul_Cyrl,243,18,13
bul_Cyrl,243,19,13
bul_Cyrl,243,20,13
bul_Cyrl,243,21,13
bul_Cyrl,243,22,13
bul_Cyrl,243,23,13
bul_Cyrl,243,24,13
bul_Cyrl,243,25,13
bul_Cyrl,244,0,60
bul_Cyrl,244,1,13
bul_Cyrl,244,2,13
bul_Cyrl,244,3,13
bul_Cyrl,244,4,13
bul_Cyrl,244,5,13
bul_Cyrl,244,6,13
bul_Cyrl,244,7,13
bul_Cyrl,244,8,1
bul_Cyrl,244,9,13
bul_Cyrl,244,10,13
bul_Cyrl,244,11,13
bul_Cyrl,244,12,13
bul_Cyrl,244,13,13
bul_Cyrl,244,14,13
bul_Cyrl,244,15,13
bul_Cyrl,244,16,13
bul_Cyrl,244,17,61
bul_Cyrl,244,18,13
bul_Cyrl,244,19,13
bul_Cyrl,245,0,60
bul_Cyrl,245,1,13
bul_Cyrl,245,2,13
bul_Cyrl,245,3,13
bul_Cyrl,245,4,13
bul_Cyrl,245,5,13
bul_Cyrl,245,6,13
bul_Cyrl,245,7,13
bul_Cyrl,246,0,60
bul_Cyrl,246,1,13
bul_Cyrl,246,2,13
bul_Cyrl,246,3,13
bul_Cyrl,246,4,13
bul_Cyrl,246,5,13
bul_Cyrl,246,6,13
bul_Cyrl,246,7,13
bul_Cyrl,246,8,13
bul_Cyrl,246,9,13
bul_Cyrl,246,10,13
bul_Cyrl,246,11,13
bul_Cyrl,246,12,13
bul_Cyrl,246,13,61
bul_Cyrl,246,14,13
bul_Cyrl,246,15,13
bul_Cyrl,246,16,13
bul_Cyrl,246,17,13
bul_Cyrl,246,18,13
bul_Cyrl,246,19,13
bul_Cyrl,247,0,60
bul_Cyrl,247,1,13
bul_Cyrl,247,2,13
bul_Cyrl,247,3,13
bul_Cyrl,247,4,13
bul_Cyrl,247,5,13
bul_Cyrl,247,6,13
bul_Cyrl,247,7,13
bul_Cyrl,247,8,13
bul_Cyrl,247,9,13
bul_Cyrl,247,10,13
bul_Cyrl,247,11,13
bul_Cyrl,247,12,52
bul_Cyrl,248,0,60
bul_Cyrl,248,1,13
bul_Cyrl,248,2,13
bul_Cyrl,248,3,13
bul_Cyrl,248,4,13
bul_Cyrl,248,5,13
bul_Cyrl,248,6,13
bul_Cyrl,248,7,13
bul_Cyrl,248,8,13
bul_Cyrl,248,9,13
bul_Cyrl,248,10,13
bul_Cyrl,248,11,13
bul_Cyrl,248,12,13
bul_Cyrl,248,13,13
bul_Cyrl,248,14,13
bul_Cyrl,248,15,13
bul_Cyrl,248,16,13
bul_Cyrl,248,17,13
bul_Cyrl,248,18,13
bul_Cyrl,248,19,13
bul_Cyrl,248,20,13
bul_Cyrl,248,21,13
bul_Cyrl,249,0,60
bul_Cyrl,249,1,13
bul_Cyrl,249,2,13
bul_Cyrl,249,3,13
bul_Cyrl,249,4,13
bul_Cyrl,249,5,13
bul_Cyrl,249,6,13
bul_Cyrl,249,7,13
bul_Cyrl,249,8,13
bul_Cyrl,249,9,13
bul_Cyrl,249,10,13
bul_Cyrl,249,11,13
bul_Cyrl,249,12,13
bul_Cyrl,249,13,13
bul_Cyrl,249,14,13
bul_Cyrl,249,15,13
bul_Cyrl,249,16,13
bul_Cyrl,249,17,13
bul_Cyrl,249,18,13
bul_Cyrl,249,19,13
bul_Cyrl,249,20,13
bul_Cyrl,249,21,13
bul_Cyrl,249,22,13
bul_Cyrl,249,23,13
bul_Cyrl,249,24,13
bul_Cyrl,249,25,13
eng_Latn,250,0,60
eng_Latn,250,1,19
eng_Latn,250,2,19
eng_Latn,250,3,33
eng_Latn,250,4,56
eng_Latn,250,5,33
bul_Cyrl,251,0,60
bul_Cyrl,251,1,13
bul_Cyrl,251,2,13
bul_Cyrl,251,3,13
bul_Cyrl,251,4,13
bul_Cyrl,251,5,13
bul_Cyrl,251,6,13
bul_Cyrl,251,7,13
bul_Cyrl,251,8,13
bul_Cyrl,251,9,9
bul_Cyrl,251,10,13
bul_Cyrl,251,11,52
bul_Cyrl,251,12,13
bul_Cyrl,251,13,13
bul_Cyrl,251,14,13
bul_Cyrl,251,15,13
bul_Cyrl,251,16,13
bul_Cyrl,251,17,13
bul_Cyrl,251,18,13
bul_Cyrl,251,19,13
bul_Cyrl,251,20,13
bul_Cyrl,251,21,39
bul_Cyrl,251,22,13
bul_Cyrl,251,23,13
bul_Cyrl,251,24,13
bul_Cyrl,251,25,13
bul_Cyrl,251,26,13
bul_Cyrl,251,27,13
bul_Cyrl,252,0,60
bul_Cyrl,252,1,13
bul_Cyrl,252,2,13
bul_Cyrl,252,3,13
bul_Cyrl,252,4,13
bul_Cyrl,252,5,13
bul_Cyrl,252,6,13
bul_Cyrl,252,7,13
bul_Cyrl,252,8,13
bul_Cyrl,252,9,52
bul_Cyrl,252,10,13
bul_Cyrl,252,11,13
bul_Cyrl,252,12,13
bul_Cyrl,253,0,60
bul_Cyrl,253,1,13
bul_Cyrl,253,2,13
bul_Cyrl,253,3,13
bul_Cyrl,253,4,13
bul_Cyrl,253,5,13
bul_Cyrl,253,6,13
bul_Cyrl,253,7,13
bul_Cyrl,253,8,13
bul_Cyrl,253,9,13
bul_Cyrl,253,10,13
bul_Cyrl,253,11,27
bul_Cyrl,253,12,26
bul_Cyrl,253,13,13
bul_Cyrl,254,0,60
bul_Cyrl,254,1,13
bul_Cyrl,254,2,13
bul_Cyrl,254,3,13
bul_Cyrl,254,4,13
bul_Cyrl,254,5,13
bul_Cyrl,254,6,13
bul_Cyrl,254,7,13
bul_Cyrl,254,8,13
bul_Cyrl,254,9,13
bul_Cyrl,254,10,13
bul_Cyrl,254,11,13
bul_Cyrl,254,12,13
bul_Cyrl,254,13,13
bul_Cyrl,254,14,13
bul_Cyrl,254,15,13
bul_Cyrl,254,16,47
bul_Cyrl,254,17,13
bul_Cyrl,254,18,13
bul_Cyrl,254,19,13
bul_Cyrl,255,0,60
bul_Cyrl,255,1,40
bul_Cyrl,255,2,13
bul_Cyrl,255,3,13
bul_Cyrl,255,4,13
bul_Cyrl,255,5,13
bul_Cyrl,255,6,13
bul_Cyrl,255,7,13
eng_Latn,256,0,60
eng_Latn,256,1,9
eng_Latn,256,2,56
eng_Latn,256,3,38
eng_Latn,256,4,8
eng_Latn,257,0,60
eng_Latn,257,1,17
eng_Latn,257,2,17
eng_Latn,257,3,20
eng_Latn,257,4,15
eng_Latn,257,5,48
bul_Cyrl,258,0,60
bul_Cyrl,258,1,13
bul_Cyrl,258,2,13
bul_Cyrl,258,3,13
bul_Cyrl,258,4,13
bul_Cyrl,258,5,13
bul_Cyrl,258,6,13
bul_Cyrl,258,7,13
bul_Cyrl,258,8,13
bul_Cyrl,258,9,13
bul_Cyrl,258,10,13
bul_Cyrl,258,11,13
bul_Cyrl,258,12,13
bul_Cyrl,258,13,13
bul_Cyrl,258,14,13
bul_Cyrl,258,15,13
bul_Cyrl,258,16,13
bul_Cyrl,258,17,13
bul_Cyrl,258,18,13
bul_Cyrl,258,19,13
bul_Cyrl,258,20,13
bul_Cyrl,258,21,13
bul_Cyrl,258,22,13
bul_Cyrl,258,23,13
bul_Cyrl,258,24,13
bul_Cyrl,259,0,60
bul_Cyrl,259,1,13
bul_Cyrl,259,2,13
bul_Cyrl,259,3,13
bul_Cyrl,259,4,13
bul_Cyrl,259,5,13
bul_Cyrl,259,6,13
bul_Cyrl,259,7,13
bul_Cyrl,259,8,13
bul_Cyrl,259,9,13
bul_Cyrl,259,10,13
bul_Cyrl,260,0,60
bul_Cyrl,260,1,13
bul_Cyrl,260,2,13
bul_Cyrl,260,3,13
bul_Cyrl,260,4,13
bul_Cyrl,260,5,13
bul_Cyrl,260,6,13
bul_Cyrl,260,7,13
bul_Cyrl,260,8,13
bul_Cyrl,260,9,13
bul_Cyrl,260,10,13
bul_Cyrl,260,11,13
bul_Cyrl,260,12,61
bul_Cyrl,260,13,13
bul_Cyrl,260,14,13
bul_Cyrl,260,15,61
bul_Cyrl,260,16,13
bul_Cyrl,260,17,13
bul_Cyrl,260,18,13
bul_Cyrl,260,19,13
bul_Cyrl,260,20,13
bul_Cyrl,260,21,13
bul_Cyrl,260,22,13
bul_Cyrl,261,0,60
bul_Cyrl,261,1,13
bul_Cyrl,261,2,13
bul_Cyrl,261,3,13
bul_Cyrl,261,4,13
bul_Cyrl,261,5,13
bul_Cyrl,261,6,13
bul_Cyrl,261,7,13
bul_Cyrl,261,8,13
bul_Cyrl,261,9,13
bul_Cyrl,261,10,13
bul_Cyrl,261,11,13
bul_Cyrl,261,12,13
bul_Cyrl,261,13,13
bul_Cyrl,261,14,13
bul_Cyrl,261,15,13
bul_Cyrl,261,16,52
bul_Cyrl,262,0,60
bul_Cyrl,262,1,13
bul_Cyrl,262,2,13
bul_Cyrl,262,3,13
bul_Cyrl,262,4,13
bul_Cyrl,262,5,13
bul_Cyrl,262,6,13
bul_Cyrl,262,7,13
bul_Cyrl,262,8,13
bul_Cyrl,262,9,13
bul_Cyrl,262,10,13
bul_Cyrl,262,11,13
bul_Cyrl,262,12,13
bul_Cyrl,262,13,13
bul_Cyrl,262,14,13
bul_Cyrl,262,15,13
bul_Cyrl,262,16,13
bul_Cyrl,262,17,13
bul_Cyrl,262,18,13
bul_Cyrl,262,19,13
bul_Cyrl,262,20,13
bul_Cyrl,262,21,13
bul_Cyrl,262,22,13
bul_Cyrl,263,0,60
bul_Cyrl,263,1,13
bul_Cyrl,263,2,12
bul_Cyrl,263,3,58
bul_Cyrl,263,4,13
bul_Cyrl,263,5,13
bul_Cyrl,263,6,13
bul_Cyrl,263,7,13
bul_Cyrl,263,8,13
bul_Cyrl,263,9,13
bul_Cyrl,263,10,13
bul_Cyrl,263,11,13
bul_Cyrl,263,12,13
bul_Cyrl,263,13,13
bul_Cyrl,263,14,13
bul_Cyrl,263,15,47
bul_Cyrl,263,16,13
bul_Cyrl,263,17,13
bul_Cyrl,263,18,1
bul_Cyrl,263,19,13
bul_Cyrl,263,20,13
bul_Cyrl,263,21,13
bul_Cyrl,263,22,13
bul_Cyrl,264,0,60
bul_Cyrl,264,1,19
bul_Cyrl,264,2,52
bul_Cyrl,264,3,13
bul_Cyrl,264,4,13
bul_Cyrl,264,5,13
bul_Cyrl,264,6,13
bul_Cyrl,264,7,13
bul_Cyrl,265,0,60
bul_Cyrl,265,1,49
bul_Cyrl,265,2,11
bul_Cyrl,265,3,13
bul_Cyrl,265,4,27
bul_Cyrl,265,5,13
bul_Cyrl,265,6,13
bul_Cyrl,265,7,13
bul_Cyrl,265,8,12
bul_Cyrl,265,9,1
bul_Cyrl,265,10,13
bul_Cyrl,265,11,19
bul_Cyrl,265,12,13
bul_Cyrl,265,13,13
bul_Cyrl,265,14,13
bul_Cyrl,265,15,13
bul_Cyrl,265,16,13
bul_Cyrl,265,17,13
bul_Cyrl,266,0,60
bul_Cyrl,266,1,13
bul_Cyrl,266,2,13
bul_Cyrl,266,3,13
bul_Cyrl,266,4,13
bul_Cyrl,266,5,13
bul_Cyrl,266,6,13
bul_Cyrl,266,7,13
bul_Cyrl,266,8,13
bul_Cyrl,266,9,13
bul_Cyrl,266,10,13
bul_Cyrl,266,11,13
bul_Cyrl,266,12,61
bul_Cyrl,266,13,13
bul_Cyrl,267,0,60
bul_Cyrl,267,1,13
bul_Cyrl,267,2,13
bul_Cyrl,267,3,13
bul_Cyrl,267,4,13
bul_Cyrl,267,5,13
bul_Cyrl,267,6,13
bul_Cyrl,267,7,13
bul_Cyrl,267,8,13
bul_Cyrl,267,9,52
bul_Cyrl,268,0,60
bul_Cyrl,268,1,13
bul_Cyrl,268,2,13
bul_Cyrl,268,3,13
bul_Cyrl,268,4,13
bul_Cyrl,268,5,13
bul_Cyrl,268,6,13
bul_Cyrl,268,7,13
bul_Cyrl,268,8,13
bul_Cyrl,268,9,13
bul_Cyrl,268,10,13
bul_Cyrl,268,11,61
bul_Cyrl,268,12,13
bul_Cyrl,268,13,13
bul_Cyrl,268,14,13
bul_Cyrl,268,15,13
bul_Cyrl,268,16,13
bul_Cyrl,268,17,13
bul_Cyrl,269,0,60
bul_Cyrl,269,1,13
bul_Cyrl,269,2,13
bul_Cyrl,269,3,13
bul_Cyrl,269,4,13
bul_Cyrl,269,5,13
bul_Cyrl,269,6,13
bul_Cyrl,269,7,13
bul_Cyrl,269,8,13
bul_Cyrl,269,9,13
bul_Cyrl,269,10,13
bul_Cyrl,269,11,13
bul_Cyrl,269,12,13
bul_Cyrl,269,13,13
bul_Cyrl,269,14,13
bul_Cyrl,269,15,13
bul_Cyrl,269,16,13
bul_Cyrl,269,17,13
bul_Cyrl,269,18,13
bul_Cyrl,269,19,13
bul_Cyrl,270,0,60
bul_Cyrl,270,1,13
bul_Cyrl,270,2,13
bul_Cyrl,270,3,13
bul_Cyrl,270,4,13
bul_Cyrl,270,5,13
bul_Cyrl,270,6,13
bul_Cyrl,270,7,13
bul_Cyrl,270,8,13
bul_Cyrl,270,9,13
bul_Cyrl,270,10,13
bul_Cyrl,270,11,13
bul_Cyrl,270,12,47
bul_Cyrl,270,13,27
bul_Cyrl,270,14,13
bul_Cyrl,270,15,13
bul_Cyrl,271,0,60
bul_Cyrl,271,1,27
bul_Cyrl,271,2,13
bul_Cyrl,271,3,13
bul_Cyrl,271,4,13
bul_Cyrl,271,5,47
bul_Cyrl,271,6,13
bul_Cyrl,271,7,13
bul_Cyrl,271,8,13
bul_Cyrl,271,9,13
bul_Cyrl,271,10,13
bul_Cyrl,271,11,13
bul_Cyrl,271,12,13
bul_Cyrl,271,13,13
bul_Cyrl,271,14,13
bul_Cyrl,271,15,13
bul_Cyrl,271,16,13
bul_Cyrl,271,17,13
bul_Cyrl,271,18,13
bul_Cyrl,271,19,13
bul_Cyrl,271,20,13
bul_Cyrl,271,21,13
bul_Cyrl,271,22,13
bul_Cyrl,271,23,13
bul_Cyrl,271,24,13
bul_Cyrl,272,0,60
bul_Cyrl,272,1,13
bul_Cyrl,272,2,13
bul_Cyrl,272,3,13
bul_Cyrl,272,4,13
bul_Cyrl,272,5,13
bul_Cyrl,272,6,13
bul_Cyrl,272,7,13
bul_Cyrl,272,8,13
bul_Cyrl,272,9,13
bul_Cyrl,272,10,13
bul_Cyrl,272,11,13
bul_Cyrl,272,12,13
bul_Cyrl,272,13,13
bul_Cyrl,272,14,13
bul_Cyrl,272,15,13
bul_Cyrl,272,16,13
bul_Cyrl,272,17,13
bul_Cyrl,272,18,13
bul_Cyrl,272,19,13
bul_Cyrl,272,20,13
bul_Cyrl,272,21,13
bul_Cyrl,272,22,13
bul_Cyrl,272,23,13
eng_Latn,273,0,60
eng_Latn,273,1,52
eng_Latn,273,2,57
eng_Latn,273,3,3
eng_Latn,273,4,3
eng_Latn,273,5,3
eng_Latn,273,6,19
eng_Latn,273,7,3
eng_Latn,274,0,60
eng_Latn,274,1,33
eng_Latn,274,2,1
eng_Latn,274,3,52
eng_Latn,274,4,37
eng_Latn,274,5,52
eng_Latn,274,6,1
eng_Latn,274,7,1
eng_Latn,274,8,13
eng_Latn,274,9,13
bul_Cyrl,275,0,60
bul_Cyrl,275,1,13
bul_Cyrl,275,2,13
bul_Cyrl,275,3,13
bul_Cyrl,275,4,13
bul_Cyrl,275,5,13
bul_Cyrl,275,6,13
bul_Cyrl,275,7,13
bul_Cyrl,275,8,13
bul_Cyrl,275,9,61
bul_Cyrl,275,10,13
bul_Cyrl,275,11,13
bul_Cyrl,276,0,60
bul_Cyrl,276,1,9
bul_Cyrl,276,2,9
bul_Cyrl,276,3,9
bul_Cyrl,276,4,13
bul_Cyrl,276,5,13
bul_Cyrl,276,6,13
bul_Cyrl,277,0,60
bul_Cyrl,277,1,13
bul_Cyrl,277,2,13
bul_Cyrl,277,3,13
bul_Cyrl,277,4,13
bul_Cyrl,277,5,13
bul_Cyrl,277,6,13
bul_Cyrl,277,7,13
bul_Cyrl,277,8,13
bul_Cyrl,277,9,13
bul_Cyrl,277,10,13
bul_Cyrl,277,11,13
bul_Cyrl,277,12,13
bul_Cyrl,278,0,60
bul_Cyrl,278,1,13
bul_Cyrl,278,2,13
bul_Cyrl,278,3,13
bul_Cyrl,278,4,13
bul_Cyrl,278,5,13
bul_Cyrl,278,6,13
bul_Cyrl,279,0,60
bul_Cyrl,279,1,13
bul_Cyrl,279,2,13
bul_Cyrl,279,3,13
bul_Cyrl,279,4,13
bul_Cyrl,279,5,47
bul_Cyrl,279,6,13
bul_Cyrl,279,7,13
bul_Cyrl,279,8,13
bul_Cyrl,279,9,52
bul_Cyrl,279,10,52
bul_Cyrl,279,11,13
bul_Cyrl,280,0,60
bul_Cyrl,280,1,13
bul_Cyrl,280,2,13
bul_Cyrl,280,3,13
bul_Cyrl,280,4,12
bul_Cyrl,280,5,13
bul_Cyrl,280,6,13
bul_Cyrl,280,7,13
bul_Cyrl,280,8,13
bul_Cyrl,280,9,13
bul_Cyrl,280,10,1
bul_Cyrl,280,11,52
bul_Cyrl,281,0,60
bul_Cyrl,281,1,13
bul_Cyrl,281,2,13
bul_Cyrl,281,3,13
bul_Cyrl,281,4,13
bul_Cyrl,281,5,13
bul_Cyrl,281,6,13
bul_Cyrl,281,7,13
bul_Cyrl,281,8,13
bul_Cyrl,281,9,13
bul_Cyrl,281,10,13
bul_Cyrl,281,11,13
bul_Cyrl,281,12,13
bul_Cyrl,281,13,13
bul_Cyrl,281,14,13
bul_Cyrl,281,15,13
bul_Cyrl,281,16,61
bul_Cyrl,281,17,13
bul_Cyrl,281,18,13
eng_Latn,282,0,60
eng_Latn,282,1,9
eng_Latn,282,2,22
eng_Latn,282,3,12
eng_Latn,282,4,40
eng_Latn,282,5,47
eng_Latn,282,6,9
eng_Latn,282,7,60
eng_Latn,282,8,12
eng_Latn,282,9,9
eng_Latn,282,10,60
bul_Cyrl,283,0,60
bul_Cyrl,283,1,13
bul_Cyrl,283,2,13
bul_Cyrl,283,3,13
bul_Cyrl,283,4,13
bul_Cyrl,283,5,13
bul_Cyrl,283,6,13
bul_Cyrl,283,7,13
bul_Cyrl,283,8,13
bul_Cyrl,283,9,13
bul_Cyrl,283,10,58
bul_Cyrl,283,11,12
bul_Cyrl,283,12,39
bul_Cyrl,283,13,24
bul_Cyrl,283,14,19
bul_Cyrl,283,15,39
bul_Cyrl,284,0,60
bul_Cyrl,284,1,13
bul_Cyrl,284,2,13
bul_Cyrl,284,3,13
bul_Cyrl,284,4,12
bul_Cyrl,284,5,13
bul_Cyrl,284,6,13
bul_Cyrl,284,7,13
bul_Cyrl,284,8,13
bul_Cyrl,284,9,13
bul_Cyrl,284,10,13
bul_Cyrl,285,0,60
bul_Cyrl,285,1,13
bul_Cyrl,285,2,13
bul_Cyrl,285,3,13
bul_Cyrl,285,4,13
bul_Cyrl,285,5,13
bul_Cyrl,285,6,13
bul_Cyrl,285,7,13
eng_Latn,286,0,60
eng_Latn,286,1,38
eng_Latn,286,2,18
eng_Latn,286,3,41
eng_Latn,286,4,44
eng_Latn,286,5,44
eng_Latn,286,6,46
bul_Cyrl,287,0,60
bul_Cyrl,287,1,13
bul_Cyrl,287,2,13
bul_Cyrl,287,3,13
bul_Cyrl,287,4,61
bul_Cyrl,287,5,13
bul_Cyrl,287,6,13
bul_Cyrl,287,7,13
bul_Cyrl,288,0,60
bul_Cyrl,288,1,13
bul_Cyrl,288,2,13
bul_Cyrl,288,3,13
bul_Cyrl,288,4,13
bul_Cyrl,288,5,13
bul_Cyrl,288,6,13
bul_Cyrl,288,7,13
bul_Cyrl,288,8,13
bul_Cyrl,288,9,13
bul_Cyrl,288,10,13
bul_Cyrl,288,11,13
bul_Cyrl,288,12,13
bul_Cyrl,288,13,13
bul_Cyrl,288,14,47
bul_Cyrl,288,15,13
bul_Cyrl,288,16,19
bul_Cyrl,288,17,13
bul_Cyrl,289,0,60
bul_Cyrl,289,1,13
bul_Cyrl,289,2,13
bul_Cyrl,289,3,13
bul_Cyrl,289,4,13
bul_Cyrl,290,0,60
bul_Cyrl,290,1,13
bul_Cyrl,290,2,13
bul_Cyrl,290,3,13
bul_Cyrl,290,4,13
bul_Cyrl,290,5,13
bul_Cyrl,290,6,13
bul_Cyrl,290,7,13
bul_Cyrl,290,8,13
bul_Cyrl,290,9,13
bul_Cyrl,290,10,13
bul_Cyrl,290,11,13
bul_Cyrl,290,12,13
bul_Cyrl,290,13,13
bul_Cyrl,290,14,13
bul_Cyrl,290,15,13
bul_Cyrl,290,16,13
bul_Cyrl,290,17,13
bul_Cyrl,290,18,13
bul_Cyrl,290,19,13
bul_Cyrl,290,20,13
bul_Cyrl,290,21,13
bul_Cyrl,291,0,60
bul_Cyrl,291,1,58
bul_Cyrl,291,2,22
bul_Cyrl,291,3,12
bul_Cyrl,291,4,22
bul_Cyrl,291,5,13
bul_Cyrl,291,6,13
bul_Cyrl,291,7,13
bul_Cyrl,291,8,13
bul_Cyrl,291,9,13
bul_Cyrl,291,10,1
bul_Cyrl,291,11,13
bul_Cyrl,291,12,12
bul_Cyrl,291,13,22
bul_Cyrl,291,14,12
bul_Cyrl,291,15,58
bul_Cyrl,291,16,12
bul_Cyrl,291,17,22
bul_Cyrl,291,18,58
bul_Cyrl,291,19,22
eng_Latn,292,0,60
eng_Latn,292,1,41
eng_Latn,292,2,15
eng_Latn,292,3,48
eng_Latn,292,4,56
eng_Latn,292,5,57
eng_Latn,292,6,24
eng_Latn,292,7,37
eng_Latn,292,8,37
eng_Latn,292,9,3
bul_Cyrl,293,0,60
bul_Cyrl,293,1,13
bul_Cyrl,293,2,13
bul_Cyrl,293,3,13
bul_Cyrl,293,4,13
bul_Cyrl,293,5,13
bul_Cyrl,293,6,13
bul_Cyrl,293,7,13
bul_Cyrl,293,8,13
bul_Cyrl,293,9,52
bul_Cyrl,293,10,13
bul_Cyrl,293,11,13
bul_Cyrl,293,12,13
bul_Cyrl,293,13,13
bul_Cyrl,293,14,13
bul_Cyrl,293,15,13
bul_Cyrl,293,16,13
bul_Cyrl,293,17,13
bul_Cyrl,294,0,60
bul_Cyrl,294,1,13
bul_Cyrl,294,2,13
bul_Cyrl,294,3,13
bul_Cyrl,294,4,13
bul_Cyrl,294,5,13
bul_Cyrl,294,6,13
bul_Cyrl,294,7,13
bul_Cyrl,294,8,13
bul_Cyrl,294,9,13
bul_Cyrl,294,10,13
bul_Cyrl,294,11,13
bul_Cyrl,294,12,13
bul_Cyrl,294,13,13
bul_Cyrl,294,14,13
bul_Cyrl,294,15,13
bul_Cyrl,294,16,13
bul_Cyrl,294,17,13
bul_Cyrl,294,18,13
bul_Cyrl,294,19,13
bul_Cyrl,294,20,13
bul_Cyrl,294,21,13
bul_Cyrl,294,22,13
bul_Cyrl,295,0,60
bul_Cyrl,295,1,13
bul_Cyrl,295,2,13
bul_Cyrl,295,3,13
bul_Cyrl,295,4,13
bul_Cyrl,295,5,13
bul_Cyrl,295,6,13
bul_Cyrl,295,7,13
bul_Cyrl,295,8,47
bul_Cyrl,295,9,13
bul_Cyrl,295,10,13
bul_Cyrl,295,11,13
bul_Cyrl,295,12,13
bul_Cyrl,295,13,13
bul_Cyrl,295,14,13
bul_Cyrl,295,15,13
bul_Cyrl,295,16,13
bul_Cyrl,295,17,13
bul_Cyrl,295,18,13
bul_Cyrl,295,19,13
bul_Cyrl,295,20,13
bul_Cyrl,295,21,13
bul_Cyrl,295,22,13
bul_Cyrl,296,0,60
bul_Cyrl,296,1,13
bul_Cyrl,296,2,13
bul_Cyrl,296,3,12
bul_Cyrl,296,4,13
bul_Cyrl,296,5,13
bul_Cyrl,296,6,13
bul_Cyrl,296,7,13
bul_Cyrl,296,8,13
bul_Cyrl,296,9,13
bul_Cyrl,297,0,60
bul_Cyrl,297,1,13
bul_Cyrl,297,2,13
bul_Cyrl,297,3,13
bul_Cyrl,297,4,13
bul_Cyrl,297,5,13
bul_Cyrl,297,6,13
bul_Cyrl,297,7,13
bul_Cyrl,297,8,13
bul_Cyrl,297,9,13
bul_Cyrl,297,10,13
bul_Cyrl,297,11,13
bul_Cyrl,297,12,13
bul_Cyrl,297,13,13
bul_Cyrl,297,14,13
bul_Cyrl,297,15,13
bul_Cyrl,297,16,13
bul_Cyrl,297,17,13
bul_Cyrl,297,18,13
bul_Cyrl,297,19,19
bul_Cyrl,297,20,13
bul_Cyrl,297,21,13
bul_Cyrl,297,22,13
bul_Cyrl,298,0,60
bul_Cyrl,298,1,13
bul_Cyrl,298,2,13
bul_Cyrl,298,3,13
bul_Cyrl,298,4,13
bul_Cyrl,298,5,13
bul_Cyrl,298,6,52
bul_Cyrl,298,7,13
bul_Cyrl,298,8,52
bul_Cyrl,298,9,13
bul_Cyrl,298,10,13
bul_Cyrl,299,0,60
bul_Cyrl,299,1,13
bul_Cyrl,299,2,13
bul_Cyrl,299,3,13
bul_Cyrl,299,4,13
bul_Cyrl,299,5,13
bul_Cyrl,299,6,13
bul_Cyrl,299,7,13
bul_Cyrl,299,8,26
bul_Cyrl,299,9,13
bul_Cyrl,299,10,13
bul_Cyrl,299,11,13
bul_Cyrl,299,12,9
bul_Cyrl,299,13,13
bul_Cyrl,299,14,13
bul_Cyrl,299,15,13
bul_Cyrl,299,16,13
bul_Cyrl,299,17,13
bul_Cyrl,299,18,13
bul_Cyrl,299,19,27
bul_Cyrl,299,20,13
bul_Cyrl,299,21,13
bul_Cyrl,300,0,60
bul_Cyrl,300,1,13
bul_Cyrl,300,2,19
bul_Cyrl,300,3,13
bul_Cyrl,300,4,13
bul_Cyrl,300,5,13
bul_Cyrl,300,6,13
bul_Cyrl,300,7,13
bul_Cyrl,300,8,13
bul_Cyrl,300,9,13
bul_Cyrl,300,10,13
bul_Cyrl,300,11,13
bul_Cyrl,300,12,13
bul_Cyrl,300,13,13
bul_Cyrl,300,14,13
bul_Cyrl,300,15,13
bul_Cyrl,300,16,13
bul_Cyrl,300,17,13
bul_Cyrl,300,18,13
bul_Cyrl,300,19,13
bul_Cyrl,300,20,13
bul_Cyrl,300,21,13
bul_Cyrl,300,22,13
bul_Cyrl,300,23,13
bul_Cyrl,300,24,52
eng_Latn,301,0,60
eng_Latn,301,1,35
eng_Latn,301,2,50
eng_Latn,301,3,4
eng_Latn,301,4,4
eng_Latn,301,5,51
bul_Cyrl,302,0,60
bul_Cyrl,302,1,13
bul_Cyrl,302,2,13
bul_Cyrl,302,3,13
bul_Cyrl,302,4,13
bul_Cyrl,302,5,52
bul_Cyrl,302,6,13
bul_Cyrl,303,0,60
bul_Cyrl,303,1,13
bul_Cyrl,303,2,13
bul_Cyrl,303,3,13
bul_Cyrl,303,4,13
bul_Cyrl,303,5,13
bul_Cyrl,303,6,13
bul_Cyrl,303,7,13
bul_Cyrl,303,8,13
bul_Cyrl,303,9,13
bul_Cyrl,303,10,13
bul_Cyrl,303,11,13
bul_Cyrl,303,12,13
bul_Cyrl,303,13,13
bul_Cyrl,303,14,13
bul_Cyrl,303,15,13
bul_Cyrl,303,16,13
bul_Cyrl,303,17,13
bul_Cyrl,303,18,13
bul_Cyrl,303,19,13
bul_Cyrl,303,20,13
bul_Cyrl,304,0,60
bul_Cyrl,304,1,13
bul_Cyrl,304,2,13
bul_Cyrl,304,3,13
bul_Cyrl,304,4,13
bul_Cyrl,304,5,13
bul_Cyrl,304,6,13
bul_Cyrl,304,7,13
bul_Cyrl,304,8,13
bul_Cyrl,304,9,47
bul_Cyrl,304,10,13
bul_Cyrl,304,11,13
bul_Cyrl,304,12,13
bul_Cyrl,304,13,13
bul_Cyrl,305,0,60
bul_Cyrl,305,1,22
bul_Cyrl,305,2,9
bul_Cyrl,305,3,22
bul_Cyrl,305,4,13
bul_Cyrl,305,5,13
bul_Cyrl,305,6,13
bul_Cyrl,305,7,13
bul_Cyrl,305,8,13
bul_Cyrl,305,9,13
bul_Cyrl,305,10,13
bul_Cyrl,305,11,13
bul_Cyrl,305,12,13
bul_Cyrl,305,13,13
bul_Cyrl,305,14,13
bul_Cyrl,305,15,13
bul_Cyrl,305,16,13
bul_Cyrl,305,17,13
bul_Cyrl,305,18,13
bul_Cyrl,306,0,60
bul_Cyrl,306,1,52
bul_Cyrl,306,2,13
bul_Cyrl,306,3,52
bul_Cyrl,306,4,12
bul_Cyrl,306,5,13
bul_Cyrl,306,6,13
bul_Cyrl,306,7,13
bul_Cyrl,306,8,13
bul_Cyrl,306,9,1
bul_Cyrl,306,10,13
bul_Cyrl,306,11,13
bul_Cyrl,306,12,42
bul_Cyrl,306,13,13
bul_Cyrl,306,14,19
bul_Cyrl,307,0,60
bul_Cyrl,307,1,13
bul_Cyrl,307,2,13
bul_Cyrl,307,3,13
bul_Cyrl,307,4,13
bul_Cyrl,307,5,13
bul_Cyrl,307,6,13
bul_Cyrl,307,7,13
bul_Cyrl,307,8,13
bul_Cyrl,307,9,13
bul_Cyrl,307,10,13
bul_Cyrl,307,11,39
bul_Cyrl,307,12,39
bul_Cyrl,307,13,13
bul_Cyrl,307,14,13
bul_Cyrl,307,15,13
bul_Cyrl,307,16,13
bul_Cyrl,307,17,13
bul_Cyrl,307,18,13
bul_Cyrl,307,19,13
bul_Cyrl,307,20,13
bul_Cyrl,307,21,13
bul_Cyrl,307,22,47
bul_Cyrl,307,23,19
bul_Cyrl,307,24,13
bul_Cyrl,307,25,13
bul_Cyrl,307,26,13
bul_Cyrl,307,27,13
bul_Cyrl,307,28,13
bul_Cyrl,307,29,13
bul_Cyrl,307,30,13
bul_Cyrl,307,31,13
bul_Cyrl,307,32,13
bul_Cyrl,307,33,13
bul_Cyrl,307,34,13
bul_Cyrl,307,35,13
bul_Cyrl,307,36,13
bul_Cyrl,307,37,13
bul_Cyrl,307,38,13
bul_Cyrl,307,39,13
bul_Cyrl,307,40,13
bul_Cyrl,308,0,60
bul_Cyrl,308,1,13
bul_Cyrl,308,2,13
bul_Cyrl,308,3,13
bul_Cyrl,308,4,13
bul_Cyrl,308,5,13
eng_Latn,309,0,60
eng_Latn,309,1,5
eng_Latn,309,2,20
eng_Latn,309,3,52
eng_Latn,309,4,57
eng_Latn,309,5,23
eng_Latn,309,6,23
eng_Latn,309,7,61
eng_Latn,309,8,15
eng_Latn,309,9,16
eng_Latn,309,10,20
eng_Latn,309,11,63
bul_Cyrl,310,0,60
bul_Cyrl,310,1,13
bul_Cyrl,310,2,13
bul_Cyrl,310,3,13
bul_Cyrl,310,4,13
bul_Cyrl,310,5,13
bul_Cyrl,310,6,13
bul_Cyrl,310,7,19
bul_Cyrl,310,8,13
bul_Cyrl,310,9,13
bul_Cyrl,310,10,13
bul_Cyrl,310,11,13
bul_Cyrl,310,12,13
bul_Cyrl,310,13,39
bul_Cyrl,310,14,13
bul_Cyrl,310,15,1
bul_Cyrl,310,16,13
bul_Cyrl,310,17,13
bul_Cyrl,310,18,13
bul_Cyrl,310,19,13
bul_Cyrl,310,20,13
bul_Cyrl,310,21,13
bul_Cyrl,310,22,13
bul_Cyrl,310,23,13
bul_Cyrl,310,24,13
bul_Cyrl,310,25,13
bul_Cyrl,311,0,60
bul_Cyrl,311,1,13
bul_Cyrl,311,2,13
bul_Cyrl,311,3,13
bul_Cyrl,311,4,13
bul_Cyrl,311,5,13
bul_Cyrl,311,6,13
bul_Cyrl,311,7,13
bul_Cyrl,311,8,13
bul_Cyrl,311,9,52
bul_Cyrl,311,10,13
bul_Cyrl,312,0,60
bul_Cyrl,312,1,13
bul_Cyrl,312,2,13
bul_Cyrl,312,3,13
bul_Cyrl,312,4,13
bul_Cyrl,312,5,13
bul_Cyrl,312,6,13
bul_Cyrl,312,7,13
bul_Cyrl,312,8,13
bul_Cyrl,312,9,13
bul_Cyrl,312,10,13
bul_Cyrl,312,11,13
bul_Cyrl,312,12,13
bul_Cyrl,312,13,13
bul_Cyrl,312,14,42
bul_Cyrl,312,15,52
bul_Cyrl,312,16,13
bul_Cyrl,312,17,13
bul_Cyrl,312,18,13
bul_Cyrl,312,19,13
bul_Cyrl,312,20,13
bul_Cyrl,312,21,13
bul_Cyrl,312,22,13
bul_Cyrl,312,23,13
bul_Cyrl,312,24,13
bul_Cyrl,312,25,13
bul_Cyrl,312,26,13
bul_Cyrl,313,0,60
bul_Cyrl,313,1,13
bul_Cyrl,313,2,13
bul_Cyrl,313,3,13
bul_Cyrl,313,4,13
bul_Cyrl,313,5,13
bul_Cyrl,313,6,13
bul_Cyrl,313,7,13
bul_Cyrl,313,8,13
bul_Cyrl,313,9,1
bul_Cyrl,313,10,13
bul_Cyrl,313,11,13
bul_Cyrl,313,12,13
bul_Cyrl,314,0,60
bul_Cyrl,314,1,13
bul_Cyrl,314,2,13
bul_Cyrl,314,3,13
bul_Cyrl,314,4,13
bul_Cyrl,314,5,11
bul_Cyrl,314,6,13
bul_Cyrl,314,7,13
bul_Cyrl,314,8,13
bul_Cyrl,314,9,12
bul_Cyrl,314,10,13
bul_Cyrl,314,11,13
bul_Cyrl,314,12,13
bul_Cyrl,314,13,13
bul_Cyrl,314,14,13
bul_Cyrl,314,15,13
bul_Cyrl,314,16,13
bul_Cyrl,314,17,13
bul_Cyrl,314,18,13
bul_Cyrl,314,19,47
bul_Cyrl,314,20,13
bul_Cyrl,314,21,13
eng_Latn,315,0,60
eng_Latn,315,1,14
eng_Latn,315,2,48
eng_Latn,315,3,37
bul_Cyrl,316,0,60
bul_Cyrl,316,1,13
bul_Cyrl,316,2,13
bul_Cyrl,316,3,13
bul_Cyrl,316,4,9
bul_Cyrl,316,5,13
bul_Cyrl,316,6,13
bul_Cyrl,316,7,13
bul_Cyrl,316,8,13
bul_Cyrl,316,9,13
eng_Latn,317,0,60
eng_Latn,317,1,29
eng_Latn,317,2,34
eng_Latn,318,0,60
eng_Latn,318,1,46
eng_Latn,318,2,5
eng_Latn,318,3,54
eng_Latn,318,4,48
eng_Latn,318,5,8
eng_Latn,318,6,15
eng_Latn,318,7,48
eng_Latn,318,8,56
eng_Latn,318,9,34
eng_Latn,318,10,34
bul_Cyrl,319,0,60
bul_Cyrl,319,1,13
bul_Cyrl,319,2,13
bul_Cyrl,319,3,13
bul_Cyrl,319,4,13
bul_Cyrl,319,5,13
bul_Cyrl,319,6,13
bul_Cyrl,319,7,26
bul_Cyrl,319,8,13
bul_Cyrl,319,9,13
bul_Cyrl,319,10,13
bul_Cyrl,319,11,13
bul_Cyrl,319,12,13
bul_Cyrl,319,13,13
bul_Cyrl,319,14,13
bul_Cyrl,319,15,13
bul_Cyrl,319,16,13
bul_Cyrl,319,17,13
bul_Cyrl,319,18,13
bul_Cyrl,319,19,13
bul_Cyrl,319,20,13
bul_Cyrl,320,0,60
bul_Cyrl,320,1,13
bul_Cyrl,320,2,13
bul_Cyrl,320,3,13
bul_Cyrl,320,4,13
bul_Cyrl,320,5,13
bul_Cyrl,320,6,13
bul_Cyrl,320,7,13
bul_Cyrl,320,8,13
bul_Cyrl,320,9,13
bul_Cyrl,320,10,13
bul_Cyrl,320,11,13
bul_Cyrl,320,12,13
bul_Cyrl,320,13,13
bul_Cyrl,320,14,52
bul_Cyrl,320,15,13
bul_Cyrl,320,16,13
bul_Cyrl,320,17,52
bul_Cyrl,321,0,60
bul_Cyrl,321,1,13
bul_Cyrl,321,2,13
bul_Cyrl,321,3,13
bul_Cyrl,321,4,13
bul_Cyrl,321,5,13
bul_Cyrl,321,6,13
bul_Cyrl,321,7,13
bul_Cyrl,321,8,13
bul_Cyrl,321,9,13
bul_Cyrl,321,10,13
bul_Cyrl,321,11,13
bul_Cyrl,321,12,13
bul_Cyrl,321,13,13
bul_Cyrl,321,14,13
bul_Cyrl,321,15,13
bul_Cyrl,321,16,13
bul_Cyrl,321,17,13
bul_Cyrl,321,18,19
bul_Cyrl,321,19,19
bul_Cyrl,321,20,19
bul_Cyrl,321,21,13
bul_Cyrl,321,22,13
bul_Cyrl,321,23,13
bul_Cyrl,321,24,1
bul_Cyrl,321,25,40
bul_Cyrl,322,0,60
bul_Cyrl,322,1,13
bul_Cyrl,322,2,13
bul_Cyrl,322,3,13
bul_Cyrl,322,4,13
bul_Cyrl,322,5,13
bul_Cyrl,322,6,13
bul_Cyrl,322,7,13
bul_Cyrl,322,8,13
bul_Cyrl,322,9,13
bul_Cyrl,322,10,13
bul_Cyrl,322,11,13
bul_Cyrl,323,0,60
bul_Cyrl,323,1,13
bul_Cyrl,323,2,13
bul_Cyrl,323,3,13
bul_Cyrl,323,4,19
bul_Cyrl,323,5,13
bul_Cyrl,324,0,60
bul_Cyrl,324,1,13
bul_Cyrl,324,2,13
bul_Cyrl,324,3,13
bul_Cyrl,324,4,13
bul_Cyrl,324,5,13
bul_Cyrl,324,6,13
bul_Cyrl,324,7,13
bul_Cyrl,324,8,13
bul_Cyrl,324,9,13
bul_Cyrl,325,0,60
bul_Cyrl,325,1,13
bul_Cyrl,325,2,13
bul_Cyrl,325,3,61
bul_Cyrl,325,4,13
bul_Cyrl,325,5,13
bul_Cyrl,325,6,13
bul_Cyrl,325,7,13
bul_Cyrl,325,8,13
bul_Cyrl,325,9,13
bul_Cyrl,325,10,13
bul_Cyrl,325,11,13
bul_Cyrl,326,0,60
bul_Cyrl,326,1,13
bul_Cyrl,326,2,13
bul_Cyrl,326,3,13
bul_Cyrl,326,4,13
bul_Cyrl,326,5,13
bul_Cyrl,326,6,13
bul_Cyrl,326,7,13
bul_Cyrl,326,8,13
bul_Cyrl,326,9,13
bul_Cyrl,326,10,47
bul_Cyrl,326,11,13
bul_Cyrl,326,12,13
bul_Cyrl,326,13,13
bul_Cyrl,326,14,13
bul_Cyrl,326,15,13
bul_Cyrl,326,16,13
bul_Cyrl,326,17,13
bul_Cyrl,326,18,13
bul_Cyrl,326,19,13
bul_Cyrl,326,20,13
bul_Cyrl,326,21,13
bul_Cyrl,326,22,13
bul_Cyrl,326,23,13
bul_Cyrl,326,24,13
bul_Cyrl,326,25,13
bul_Cyrl,327,0,60
bul_Cyrl,327,1,13
bul_Cyrl,327,2,13
bul_Cyrl,327,3,13
bul_Cyrl,327,4,13
bul_Cyrl,327,5,13
bul_Cyrl,327,6,13
bul_Cyrl,327,7,13
bul_Cyrl,327,8,13
bul_Cyrl,327,9,13
bul_Cyrl,327,10,13
eng_Latn,328,0,60
eng_Latn,328,1,45
eng_Latn,328,2,45
eng_Latn,328,3,40
eng_Latn,328,4,40
eng_Latn,328,5,61
eng_Latn,328,6,49
eng_Latn,328,7,56
eng_Latn,328,8,31
eng_Latn,329,0,60
eng_Latn,329,1,56
eng_Latn,329,2,56
eng_Latn,329,3,16
eng_Latn,329,4,53
eng_Latn,329,5,34
eng_Latn,329,6,57
eng_Latn,329,7,51
bul_Cyrl,330,0,60
bul_Cyrl,330,1,13
bul_Cyrl,330,2,13
bul_Cyrl,330,3,13
bul_Cyrl,330,4,13
bul_Cyrl,330,5,13
bul_Cyrl,330,6,13
bul_Cyrl,330,7,13
bul_Cyrl,330,8,13
bul_Cyrl,330,9,13
bul_Cyrl,330,10,13
bul_Cyrl,330,11,13
bul_Cyrl,330,12,13
bul_Cyrl,330,13,47
bul_Cyrl,330,14,47
bul_Cyrl,330,15,24
bul_Cyrl,330,16,13
bul_Cyrl,330,17,13
bul_Cyrl,330,18,13
bul_Cyrl,330,19,13
bul_Cyrl,330,20,13
bul_Cyrl,330,21,13
bul_Cyrl,330,22,52
bul_Cyrl,331,0,60
bul_Cyrl,331,1,13
bul_Cyrl,331,2,13
bul_Cyrl,331,3,26
bul_Cyrl,331,4,13
bul_Cyrl,331,5,13
bul_Cyrl,331,6,13
bul_Cyrl,331,7,13
bul_Cyrl,331,8,13
bul_Cyrl,331,9,13
bul_Cyrl,331,10,13
bul_Cyrl,331,11,61
bul_Cyrl,331,12,13
bul_Cyrl,331,13,13
bul_Cyrl,331,14,13
bul_Cyrl,331,15,13
bul_Cyrl,331,16,13
bul_Cyrl,331,17,13
bul_Cyrl,331,18,13
bul_Cyrl,331,19,13
bul_Cyrl,331,20,27
bul_Cyrl,331,21,13
bul_Cyrl,331,22,13
bul_Cyrl,332,0,60
bul_Cyrl,332,1,13
bul_Cyrl,332,2,13
bul_Cyrl,332,3,13
bul_Cyrl,332,4,13
bul_Cyrl,332,5,13
bul_Cyrl,332,6,13
bul_Cyrl,332,7,13
bul_Cyrl,332,8,13
bul_Cyrl,332,9,13
bul_Cyrl,332,10,13
bul_Cyrl,332,11,13
bul_Cyrl,332,12,27
bul_Cyrl,332,13,61
bul_Cyrl,332,14,13
bul_Cyrl,332,15,13
bul_Cyrl,332,16,13
bul_Cyrl,332,17,13
bul_Cyrl,332,18,13
bul_Cyrl,332,19,13
bul_Cyrl,332,20,13
bul_Cyrl,332,21,1
bul_Cyrl,332,22,19
bul_Cyrl,332,23,13
bul_Cyrl,332,24,61
bul_Cyrl,332,25,13
bul_Cyrl,332,26,13
bul_Cyrl,332,27,13
eng_Latn,333,0,60
eng_Latn,333,1,22
eng_Latn,333,2,22
eng_Latn,333,3,22
eng_Latn,333,4,42
eng_Latn,333,5,29
eng_Latn,333,6,34
eng_Latn,333,7,9
eng_Latn,333,8,22
eng_Latn,333,9,51
bul_Cyrl,334,0,60
bul_Cyrl,334,1,13
bul_Cyrl,334,2,13
bul_Cyrl,334,3,13
bul_Cyrl,334,4,13
bul_Cyrl,334,5,13
bul_Cyrl,334,6,13
bul_Cyrl,334,7,13
bul_Cyrl,334,8,52
bul_Cyrl,335,0,60
bul_Cyrl,335,1,13
bul_Cyrl,335,2,13
bul_Cyrl,335,3,13
bul_Cyrl,335,4,13
bul_Cyrl,335,5,13
bul_Cyrl,335,6,19
bul_Cyrl,335,7,13
bul_Cyrl,335,8,13
bul_Cyrl,335,9,13
bul_Cyrl,335,10,13
bul_Cyrl,335,11,13
bul_Cyrl,335,12,1
bul_Cyrl,335,13,13
bul_Cyrl,335,14,13
bul_Cyrl,335,15,13
bul_Cyrl,335,16,13
bul_Cyrl,335,17,13
bul_Cyrl,335,18,19
bul_Cyrl,336,0,60
bul_Cyrl,336,1,13
bul_Cyrl,336,2,13
bul_Cyrl,336,3,13
bul_Cyrl,336,4,13
bul_Cyrl,336,5,13
bul_Cyrl,336,6,13
bul_Cyrl,336,7,13
bul_Cyrl,336,8,13
bul_Cyrl,336,9,13
bul_Cyrl,336,10,13
bul_Cyrl,336,11,13
bul_Cyrl,336,12,13
bul_Cyrl,336,13,13
bul_Cyrl,336,14,13
bul_Cyrl,336,15,13
bul_Cyrl,336,16,13
bul_Cyrl,336,17,13
bul_Cyrl,336,18,13
bul_Cyrl,336,19,13
bul_Cyrl,336,20,13
bul_Cyrl,336,21,13
bul_Cyrl,336,22,13
bul_Cyrl,336,23,13
bul_Cyrl,336,24,13
bul_Cyrl,336,25,13
bul_Cyrl,336,26,13
bul_Cyrl,337,0,60
bul_Cyrl,337,1,13
bul_Cyrl,337,2,13
bul_Cyrl,337,3,13
bul_Cyrl,337,4,13
bul_Cyrl,337,5,13
bul_Cyrl,337,6,13
bul_Cyrl,337,7,13
bul_Cyrl,337,8,13
bul_Cyrl,337,9,13
bul_Cyrl,337,10,13
bul_Cyrl,337,11,13
bul_Cyrl,337,12,13
bul_Cyrl,337,13,13
bul_Cyrl,337,14,13
bul_Cyrl,337,15,13
bul_Cyrl,337,16,13
bul_Cyrl,337,17,13
bul_Cyrl,337,18,13
bul_Cyrl,337,19,13
bul_Cyrl,337,20,13
bul_Cyrl,337,21,13
bul_Cyrl,337,22,13
bul_Cyrl,338,0,60
bul_Cyrl,338,1,13
bul_Cyrl,338,2,13
bul_Cyrl,338,3,13
bul_Cyrl,338,4,13
bul_Cyrl,338,5,13
bul_Cyrl,338,6,13
bul_Cyrl,338,7,13
bul_Cyrl,338,8,13
bul_Cyrl,338,9,13
bul_Cyrl,338,10,13
bul_Cyrl,338,11,13
bul_Cyrl,338,12,13
bul_Cyrl,338,13,13
bul_Cyrl,338,14,13
bul_Cyrl,338,15,13
bul_Cyrl,338,16,13
bul_Cyrl,339,0,60
bul_Cyrl,339,1,13
bul_Cyrl,339,2,13
bul_Cyrl,339,3,13
bul_Cyrl,339,4,13
bul_Cyrl,339,5,13
bul_Cyrl,339,6,13
bul_Cyrl,339,7,13
bul_Cyrl,339,8,13
bul_Cyrl,339,9,13
bul_Cyrl,339,10,13
bul_Cyrl,339,11,52
eng_Latn,340,0,60
eng_Latn,340,1,49
eng_Latn,340,2,45
eng_Latn,340,3,18
eng_Latn,340,4,9
eng_Latn,340,5,9
eng_Latn,340,6,18
eng_Latn,340,7,53
eng_Latn,340,8,8
eng_Latn,340,9,47
eng_Latn,340,10,21
eng_Latn,340,11,21
bul_Cyrl,341,0,60
bul_Cyrl,341,1,13
bul_Cyrl,341,2,13
bul_Cyrl,341,3,13
bul_Cyrl,341,4,13
bul_Cyrl,341,5,13
bul_Cyrl,341,6,13
bul_Cyrl,341,7,13
bul_Cyrl,341,8,13
bul_Cyrl,341,9,1
bul_Cyrl,341,10,47
bul_Cyrl,341,11,13
bul_Cyrl,341,12,13
bul_Cyrl,341,13,47
bul_Cyrl,341,14,13
bul_Cyrl,341,15,13
bul_Cyrl,341,16,13
bul_Cyrl,341,17,13
bul_Cyrl,341,18,13
bul_Cyrl,341,19,13
bul_Cyrl,341,20,13
eng_Latn,342,0,60
eng_Latn,342,1,22
eng_Latn,342,2,52
eng_Latn,342,3,46
eng_Latn,342,4,3
eng_Latn,342,5,57
eng_Latn,342,6,49
bul_Cyrl,343,0,60
bul_Cyrl,343,1,13
bul_Cyrl,343,2,13
bul_Cyrl,343,3,13
bul_Cyrl,343,4,13
bul_Cyrl,343,5,13
bul_Cyrl,343,6,13
bul_Cyrl,343,7,13
bul_Cyrl,343,8,13
bul_Cyrl,343,9,13
bul_Cyrl,343,10,13
bul_Cyrl,343,11,13
bul_Cyrl,343,12,13
bul_Cyrl,343,13,13
bul_Cyrl,344,0,60
bul_Cyrl,344,1,13
bul_Cyrl,344,2,13
bul_Cyrl,344,3,13
bul_Cyrl,344,4,13
bul_Cyrl,344,5,13
bul_Cyrl,344,6,13
bul_Cyrl,344,7,13
bul_Cyrl,344,8,13
bul_Cyrl,344,9,13
bul_Cyrl,344,10,13
bul_Cyrl,344,11,13
bul_Cyrl,344,12,13
bul_Cyrl,344,13,13
bul_Cyrl,344,14,13
bul_Cyrl,344,15,13
bul_Cyrl,344,16,13
bul_Cyrl,344,17,13
bul_Cyrl,344,18,13
bul_Cyrl,344,19,13
bul_Cyrl,344,20,13
bul_Cyrl,344,21,13
bul_Cyrl,344,22,13
bul_Cyrl,345,0,60
bul_Cyrl,345,1,13
bul_Cyrl,345,2,13
bul_Cyrl,345,3,13
bul_Cyrl,345,4,13
bul_Cyrl,345,5,13
bul_Cyrl,345,6,13
bul_Cyrl,345,7,13
bul_Cyrl,345,8,13
bul_Cyrl,345,9,13
bul_Cyrl,345,10,13
bul_Cyrl,345,11,13
bul_Cyrl,345,12,13
bul_Cyrl,345,13,13
bul_Cyrl,345,14,13
bul_Cyrl,345,15,13
bul_Cyrl,345,16,22
bul_Cyrl,345,17,19
bul_Cyrl,345,18,13
eng_Latn,346,0,60
eng_Latn,346,1,4
eng_Latn,346,2,9
eng_Latn,346,3,56
eng_Latn,346,4,54
eng_Latn,346,5,41
eng_Latn,346,6,19
eng_Latn,346,7,4
eng_Latn,346,8,53
eng_Latn,346,9,35
eng_Latn,346,10,8
eng_Latn,346,11,4
bul_Cyrl,347,0,60
bul_Cyrl,347,1,13
bul_Cyrl,347,2,13
bul_Cyrl,347,3,13
bul_Cyrl,347,4,13
bul_Cyrl,347,5,13
bul_Cyrl,347,6,13
bul_Cyrl,347,7,13
bul_Cyrl,347,8,13
bul_Cyrl,347,9,13
bul_Cyrl,347,10,13
bul_Cyrl,347,11,13
bul_Cyrl,347,12,13
bul_Cyrl,348,0,60
bul_Cyrl,348,1,13
bul_Cyrl,348,2,13
bul_Cyrl,348,3,13
bul_Cyrl,348,4,13
bul_Cyrl,348,5,13
bul_Cyrl,348,6,13
bul_Cyrl,348,7,13
bul_Cyrl,348,8,61
bul_Cyrl,348,9,13
bul_Cyrl,348,10,13
bul_Cyrl,348,11,13
bul_Cyrl,348,12,13
bul_Cyrl,348,13,13
bul_Cyrl,348,14,13
bul_Cyrl,348,15,26
bul_Cyrl,348,16,27
bul_Cyrl,348,17,26
bul_Cyrl,348,18,13
bul_Cyrl,349,0,60
bul_Cyrl,349,1,13
bul_Cyrl,349,2,13
bul_Cyrl,349,3,13
bul_Cyrl,349,4,13
bul_Cyrl,349,5,13
bul_Cyrl,349,6,13
bul_Cyrl,349,7,13
bul_Cyrl,349,8,13
bul_Cyrl,349,9,13
bul_Cyrl,349,10,26
bul_Cyrl,349,11,27
bul_Cyrl,349,12,13
bul_Cyrl,349,13,13
bul_Cyrl,349,14,13
bul_Cyrl,349,15,13
bul_Cyrl,349,16,13
bul_Cyrl,349,17,13
bul_Cyrl,349,18,13
bul_Cyrl,349,19,13
bul_Cyrl,349,20,13
bul_Cyrl,349,21,13
bul_Cyrl,349,22,13
bul_Cyrl,349,23,52
bul_Cyrl,349,24,13
bul_Cyrl,349,25,13
bul_Cyrl,349,26,13
bul_Cyrl,349,27,13
bul_Cyrl,349,28,13
bul_Cyrl,350,0,60
bul_Cyrl,350,1,13
bul_Cyrl,350,2,19
bul_Cyrl,350,3,13
bul_Cyrl,350,4,13
bul_Cyrl,350,5,13
bul_Cyrl,350,6,13
bul_Cyrl,350,7,13
bul_Cyrl,350,8,13
bul_Cyrl,350,9,13
bul_Cyrl,350,10,13
bul_Cyrl,350,11,13
bul_Cyrl,350,12,13
bul_Cyrl,350,13,13
bul_Cyrl,350,14,13
bul_Cyrl,350,15,13
bul_Cyrl,350,16,13
bul_Cyrl,350,17,13
bul_Cyrl,350,18,13
bul_Cyrl,351,0,60
bul_Cyrl,351,1,13
bul_Cyrl,351,2,13
bul_Cyrl,351,3,13
bul_Cyrl,351,4,13
bul_Cyrl,351,5,13
bul_Cyrl,351,6,13
bul_Cyrl,351,7,13
bul_Cyrl,351,8,29
bul_Cyrl,351,9,39
bul_Cyrl,351,10,13
bul_Cyrl,351,11,13
bul_Cyrl,351,12,13
bul_Cyrl,351,13,13
bul_Cyrl,351,14,13
bul_Cyrl,351,15,13
bul_Cyrl,351,16,13
bul_Cyrl,351,17,13
bul_Cyrl,351,18,13
bul_Cyrl,351,19,13
bul_Cyrl,351,20,13
bul_Cyrl,351,21,1
bul_Cyrl,351,22,1
bul_Cyrl,351,23,13
eng_Latn,352,0,60
eng_Latn,352,1,56
eng_Latn,352,2,56
eng_Latn,352,3,38
eng_Latn,352,4,57
eng_Latn,352,5,20
eng_Latn,352,6,46
eng_Latn,352,7,15
bul_Cyrl,353,0,60
bul_Cyrl,353,1,13
bul_Cyrl,353,2,13
bul_Cyrl,353,3,13
bul_Cyrl,353,4,13
bul_Cyrl,353,5,13
bul_Cyrl,353,6,13
bul_Cyrl,353,7,13
bul_Cyrl,353,8,13
bul_Cyrl,353,9,13
bul_Cyrl,353,10,13
bul_Cyrl,353,11,13
bul_Cyrl,353,12,13
bul_Cyrl,353,13,13
bul_Cyrl,353,14,13
bul_Cyrl,353,15,13
bul_Cyrl,353,16,13
eng_Latn,354,0,60
eng_Latn,354,1,4
eng_Latn,354,2,56
eng_Latn,354,3,21
eng_Latn,354,4,16
eng_Latn,354,5,20
eng_Latn,354,6,8
bul_Cyrl,355,0,60
bul_Cyrl,355,1,13
bul_Cyrl,355,2,13
bul_Cyrl,355,3,13
bul_Cyrl,355,4,13
bul_Cyrl,355,5,13
bul_Cyrl,355,6,13
bul_Cyrl,355,7,13
bul_Cyrl,355,8,13
bul_Cyrl,356,0,60
bul_Cyrl,356,1,13
bul_Cyrl,356,2,13
bul_Cyrl,356,3,13
bul_Cyrl,356,4,13
bul_Cyrl,356,5,13
bul_Cyrl,356,6,13
bul_Cyrl,356,7,13
bul_Cyrl,356,8,13
bul_Cyrl,356,9,13
bul_Cyrl,356,10,13
bul_Cyrl,356,11,13
bul_Cyrl,356,12,13
bul_Cyrl,356,13,13
bul_Cyrl,356,14,13
bul_Cyrl,356,15,13
bul_Cyrl,356,16,13
bul_Cyrl,357,0,60
bul_Cyrl,357,1,13
bul_Cyrl,357,2,13
bul_Cyrl,357,3,13
bul_Cyrl,357,4,13
bul_Cyrl,357,5,13
bul_Cyrl,357,6,13
bul_Cyrl,357,7,13
bul_Cyrl,357,8,13
bul_Cyrl,357,9,13
bul_Cyrl,357,10,13
bul_Cyrl,357,11,13
bul_Cyrl,357,12,47
bul_Cyrl,357,13,13
bul_Cyrl,357,14,13
bul_Cyrl,357,15,13
bul_Cyrl,357,16,13
bul_Cyrl,357,17,13
bul_Cyrl,357,18,13
bul_Cyrl,357,19,13
bul_Cyrl,357,20,13
bul_Cyrl,357,21,13
bul_Cyrl,357,22,13
bul_Cyrl,357,23,1
bul_Cyrl,357,24,19
bul_Cyrl,357,25,19
bul_Cyrl,357,26,13
bul_Cyrl,357,27,13
bul_Cyrl,358,0,60
bul_Cyrl,358,1,12
bul_Cyrl,358,2,52
bul_Cyrl,358,3,13
bul_Cyrl,358,4,52
bul_Cyrl,358,5,12
bul_Cyrl,358,6,13
bul_Cyrl,358,7,13
bul_Cyrl,358,8,13
bul_Cyrl,358,9,13
bul_Cyrl,358,10,13
bul_Cyrl,358,11,13
bul_Cyrl,358,12,13
bul_Cyrl,358,13,13
eng_Latn,359,0,60
eng_Latn,359,1,13
eng_Latn,359,2,49
eng_Latn,359,3,18
eng_Latn,359,4,18
eng_Latn,359,5,3
eng_Latn,359,6,57
eng_Latn,359,7,24
eng_Latn,359,8,3
eng_Latn,359,9,3
eng_Latn,359,10,3
eng_Latn,360,0,60
eng_Latn,360,1,9
eng_Latn,360,2,38
eng_Latn,360,3,15
eng_Latn,360,4,56
eng_Latn,360,5,63
eng_Latn,360,6,14
eng_Latn,360,7,14
eng_Latn,360,8,40
eng_Latn,360,9,1
bul_Cyrl,361,0,60
bul_Cyrl,361,1,13
bul_Cyrl,361,2,13
bul_Cyrl,361,3,13
bul_Cyrl,361,4,13
bul_Cyrl,361,5,13
bul_Cyrl,361,6,13
bul_Cyrl,361,7,13
bul_Cyrl,361,8,13
bul_Cyrl,361,9,13
bul_Cyrl,361,10,13
bul_Cyrl,361,11,13
eng_Latn,362,0,60
eng_Latn,362,1,34
eng_Latn,362,2,29
eng_Latn,362,3,34
eng_Latn,362,4,20
eng_Latn,362,5,49
eng_Latn,362,6,5
eng_Latn,362,7,49
bul_Cyrl,363,0,60
bul_Cyrl,363,1,13
bul_Cyrl,363,2,13
bul_Cyrl,363,3,47
bul_Cyrl,363,4,13
bul_Cyrl,363,5,13
bul_Cyrl,363,6,13
bul_Cyrl,363,7,13
bul_Cyrl,363,8,13
bul_Cyrl,363,9,13
bul_Cyrl,363,10,13
bul_Cyrl,363,11,13
bul_Cyrl,363,12,13
bul_Cyrl,363,13,13
bul_Cyrl,363,14,13
bul_Cyrl,363,15,13
bul_Cyrl,363,16,13
bul_Cyrl,363,17,47
bul_Cyrl,363,18,13
bul_Cyrl,363,19,13
bul_Cyrl,364,0,60
bul_Cyrl,364,1,13
bul_Cyrl,364,2,13
bul_Cyrl,364,3,13
bul_Cyrl,364,4,13
bul_Cyrl,364,5,13
bul_Cyrl,364,6,13
bul_Cyrl,364,7,13
eng_Latn,365,0,60
eng_Latn,365,1,19
eng_Latn,365,2,56
eng_Latn,365,3,57
bul_Cyrl,366,0,60
bul_Cyrl,366,1,13
bul_Cyrl,366,2,13
bul_Cyrl,366,3,13
bul_Cyrl,366,4,13
bul_Cyrl,366,5,13
bul_Cyrl,366,6,13
bul_Cyrl,366,7,13
bul_Cyrl,366,8,13
bul_Cyrl,366,9,13
bul_Cyrl,366,10,13
bul_Cyrl,366,11,13
bul_Cyrl,366,12,12
bul_Cyrl,366,13,13
bul_Cyrl,366,14,13
bul_Cyrl,366,15,13
bul_Cyrl,366,16,13
bul_Cyrl,366,17,13
bul_Cyrl,366,18,13
bul_Cyrl,366,19,13
bul_Cyrl,366,20,13
bul_Cyrl,366,21,13
bul_Cyrl,366,22,13
bul_Cyrl,366,23,13
bul_Cyrl,366,24,13
bul_Cyrl,366,25,13
bul_Cyrl,366,26,39
bul_Cyrl,366,27,13
bul_Cyrl,366,28,13
bul_Cyrl,366,29,13
bul_Cyrl,366,30,13
bul_Cyrl,366,31,13
bul_Cyrl,366,32,13
bul_Cyrl,366,33,13
bul_Cyrl,366,34,13
bul_Cyrl,366,35,13
bul_Cyrl,366,36,13
bul_Cyrl,366,37,13
bul_Cyrl,366,38,13
bul_Cyrl,366,39,13
bul_Cyrl,366,40,13
bul_Cyrl,366,41,13
bul_Cyrl,367,0,60
bul_Cyrl,367,1,13
bul_Cyrl,367,2,13
bul_Cyrl,367,3,61
bul_Cyrl,367,4,13
bul_Cyrl,367,5,13
bul_Cyrl,367,6,13
bul_Cyrl,367,7,13
bul_Cyrl,367,8,13
bul_Cyrl,367,9,13
bul_Cyrl,367,10,13
bul_Cyrl,367,11,13
bul_Cyrl,367,12,13
bul_Cyrl,368,0,60
bul_Cyrl,368,1,13
bul_Cyrl,368,2,13
bul_Cyrl,368,3,13
bul_Cyrl,368,4,13
bul_Cyrl,368,5,13
bul_Cyrl,368,6,13
bul_Cyrl,368,7,13
bul_Cyrl,368,8,13
bul_Cyrl,368,9,13
bul_Cyrl,368,10,13
bul_Cyrl,368,11,13
bul_Cyrl,369,0,60
bul_Cyrl,369,1,13
bul_Cyrl,369,2,13
bul_Cyrl,369,3,13
bul_Cyrl,369,4,13
bul_Cyrl,369,5,13
bul_Cyrl,369,6,13
bul_Cyrl,369,7,13
bul_Cyrl,369,8,13
bul_Cyrl,369,9,13
bul_Cyrl,369,10,13
bul_Cyrl,369,11,13
bul_Cyrl,369,12,13
bul_Cyrl,369,13,13
bul_Cyrl,369,14,61
bul_Cyrl,369,15,13
bul_Cyrl,369,16,13
bul_Cyrl,369,17,13
bul_Cyrl,369,18,13
bul_Cyrl,369,19,13
bul_Cyrl,369,20,13
bul_Cyrl,369,21,13
bul_Cyrl,369,22,13
bul_Cyrl,369,23,13
bul_Cyrl,369,24,52
bul_Cyrl,370,0,60
bul_Cyrl,370,1,13
bul_Cyrl,370,2,13
bul_Cyrl,370,3,13
bul_Cyrl,370,4,13
bul_Cyrl,370,5,13
bul_Cyrl,370,6,13
bul_Cyrl,370,7,13
bul_Cyrl,370,8,13
bul_Cyrl,370,9,13
bul_Cyrl,370,10,13
bul_Cyrl,370,11,13
bul_Cyrl,370,12,13
bul_Cyrl,370,13,13
bul_Cyrl,370,14,13
bul_Cyrl,370,15,13
bul_Cyrl,370,16,13
bul_Cyrl,370,17,13
bul_Cyrl,371,0,60
bul_Cyrl,371,1,13
bul_Cyrl,371,2,13
bul_Cyrl,371,3,13
bul_Cyrl,371,4,13
bul_Cyrl,371,5,13
bul_Cyrl,371,6,13
bul_Cyrl,371,7,13
bul_Cyrl,371,8,13
bul_Cyrl,371,9,13
bul_Cyrl,371,10,13
bul_Cyrl,371,11,13
bul_Cyrl,371,12,13
bul_Cyrl,371,13,13
bul_Cyrl,371,14,13
bul_Cyrl,371,15,13
bul_Cyrl,371,16,1
bul_Cyrl,371,17,13
bul_Cyrl,371,18,13
bul_Cyrl,371,19,13
bul_Cyrl,371,20,13
bul_Cyrl,371,21,19
bul_Cyrl,371,22,39
bul_Cyrl,371,23,47
bul_Cyrl,371,24,7
bul_Cyrl,371,25,13
bul_Cyrl,372,0,60
bul_Cyrl,372,1,13
bul_Cyrl,372,2,13
bul_Cyrl,372,3,13
bul_Cyrl,372,4,13
bul_Cyrl,372,5,13
bul_Cyrl,372,6,13
eng_Latn,373,0,60
eng_Latn,373,1,37
eng_Latn,373,2,53
eng_Latn,373,3,34
bul_Cyrl,374,0,60
bul_Cyrl,374,1,13
bul_Cyrl,374,2,13
bul_Cyrl,374,3,13
bul_Cyrl,374,4,13
bul_Cyrl,374,5,13
bul_Cyrl,374,6,13
bul_Cyrl,374,7,19
bul_Cyrl,374,8,13
bul_Cyrl,374,9,13
bul_Cyrl,374,10,13
bul_Cyrl,374,11,13
bul_Cyrl,374,12,13
bul_Cyrl,374,13,13
bul_Cyrl,374,14,13
bul_Cyrl,374,15,13
bul_Cyrl,375,0,60
bul_Cyrl,375,1,13
bul_Cyrl,375,2,13
bul_Cyrl,375,3,13
bul_Cyrl,375,4,13
bul_Cyrl,375,5,13
bul_Cyrl,375,6,13
bul_Cyrl,375,7,13
bul_Cyrl,375,8,13
bul_Cyrl,375,9,13
bul_Cyrl,375,10,13
bul_Cyrl,375,11,13
bul_Cyrl,375,12,13
bul_Cyrl,375,13,13
bul_Cyrl,375,14,13
bul_Cyrl,375,15,13
bul_Cyrl,375,16,13
bul_Cyrl,375,17,13
bul_Cyrl,375,18,13
bul_Cyrl,375,19,13
bul_Cyrl,375,20,13
eng_Latn,376,0,60
eng_Latn,376,1,35
eng_Latn,376,2,17
eng_Latn,376,3,35
eng_Latn,376,4,52
eng_Latn,376,5,52
eng_Latn,376,6,57
eng_Latn,376,7,17
eng_Latn,376,8,51
eng_Latn,377,0,60
eng_Latn,377,1,45
eng_Latn,377,2,20
eng_Latn,377,3,0
eng_Latn,377,4,53
eng_Latn,377,5,41
eng_Latn,377,6,21
eng_Latn,377,7,51
eng_Latn,378,0,60
eng_Latn,378,1,37
eng_Latn,378,2,34
eng_Latn,378,3,42
eng_Latn,378,4,22
eng_Latn,378,5,19
eng_Latn,378,6,63
eng_Latn,378,7,5
eng_Latn,378,8,47
bul_Cyrl,379,0,60
bul_Cyrl,379,1,13
bul_Cyrl,379,2,13
bul_Cyrl,379,3,13
bul_Cyrl,379,4,13
bul_Cyrl,379,5,13
bul_Cyrl,379,6,13
bul_Cyrl,379,7,13
bul_Cyrl,379,8,13
bul_Cyrl,379,9,13
bul_Cyrl,379,10,13
bul_Cyrl,379,11,13
bul_Cyrl,379,12,13
bul_Cyrl,379,13,13
bul_Cyrl,379,14,13
bul_Cyrl,379,15,13
bul_Cyrl,379,16,13
bul_Cyrl,379,17,13
bul_Cyrl,380,0,60
bul_Cyrl,380,1,13
bul_Cyrl,380,2,13
bul_Cyrl,380,3,13
bul_Cyrl,380,4,13
bul_Cyrl,380,5,13
bul_Cyrl,380,6,13
bul_Cyrl,380,7,13
bul_Cyrl,381,0,60
bul_Cyrl,381,1,13
bul_Cyrl,381,2,13
bul_Cyrl,381,3,13
bul_Cyrl,381,4,13
bul_Cyrl,381,5,13
bul_Cyrl,381,6,13
bul_Cyrl,381,7,13
bul_Cyrl,381,8,13
bul_Cyrl,381,9,13
bul_Cyrl,381,10,13
bul_Cyrl,381,11,13
bul_Cyrl,381,12,13
bul_Cyrl,381,13,13
bul_Cyrl,381,14,13
bul_Cyrl,381,15,13
bul_Cyrl,381,16,13
bul_Cyrl,381,17,13
bul_Cyrl,381,18,13
bul_Cyrl,381,19,13
bul_Cyrl,382,0,60
bul_Cyrl,382,1,13
bul_Cyrl,382,2,13
bul_Cyrl,382,3,13
bul_Cyrl,382,4,13
bul_Cyrl,382,5,13
bul_Cyrl,382,6,13
bul_Cyrl,382,7,13
bul_Cyrl,382,8,13
bul_Cyrl,382,9,13
bul_Cyrl,382,10,13
eng_Latn,383,0,60
eng_Latn,383,1,22
eng_Latn,383,2,42
eng_Latn,383,3,26
eng_Latn,383,4,14
eng_Latn,383,5,40
eng_Latn,383,6,33
eng_Latn,383,7,40
eng_Latn,383,8,33
bul_Cyrl,384,0,60
bul_Cyrl,384,1,13
bul_Cyrl,384,2,13
bul_Cyrl,384,3,13
bul_Cyrl,384,4,13
bul_Cyrl,384,5,13
bul_Cyrl,384,6,13
bul_Cyrl,384,7,13
bul_Cyrl,384,8,13
bul_Cyrl,384,9,52
bul_Cyrl,384,10,13
bul_Cyrl,384,11,13
bul_Cyrl,385,0,60
bul_Cyrl,385,1,13
bul_Cyrl,385,2,13
bul_Cyrl,385,3,13
bul_Cyrl,385,4,13
bul_Cyrl,385,5,13
bul_Cyrl,385,6,13
bul_Cyrl,385,7,13
bul_Cyrl,385,8,13
bul_Cyrl,385,9,13
bul_Cyrl,385,10,19
bul_Cyrl,385,11,13
bul_Cyrl,385,12,13
bul_Cyrl,385,13,13
bul_Cyrl,385,14,13
bul_Cyrl,385,15,13
bul_Cyrl,385,16,13
bul_Cyrl,385,17,13
bul_Cyrl,385,18,13
bul_Cyrl,386,0,60
bul_Cyrl,386,1,13
bul_Cyrl,386,2,13
bul_Cyrl,386,3,13
bul_Cyrl,386,4,13
bul_Cyrl,386,5,13
bul_Cyrl,386,6,13
bul_Cyrl,386,7,13
bul_Cyrl,386,8,13
bul_Cyrl,387,0,60
bul_Cyrl,387,1,13
bul_Cyrl,387,2,13
bul_Cyrl,387,3,13
bul_Cyrl,387,4,13
bul_Cyrl,387,5,13
bul_Cyrl,387,6,13
bul_Cyrl,387,7,19
bul_Cyrl,387,8,13
bul_Cyrl,387,9,13
bul_Cyrl,387,10,13
bul_Cyrl,387,11,13
bul_Cyrl,387,12,13
bul_Cyrl,387,13,13
bul_Cyrl,387,14,13
bul_Cyrl,387,15,13
bul_Cyrl,387,16,13
bul_Cyrl,387,17,13
bul_Cyrl,387,18,13
bul_Cyrl,387,19,13
bul_Cyrl,387,20,13
bul_Cyrl,387,21,13
bul_Cyrl,387,22,13
bul_Cyrl,387,23,13
bul_Cyrl,387,24,13
bul_Cyrl,388,0,60
bul_Cyrl,388,1,13
bul_Cyrl,388,2,13
bul_Cyrl,388,3,13
bul_Cyrl,388,4,13
bul_Cyrl,388,5,13
bul_Cyrl,388,6,13
bul_Cyrl,388,7,13
bul_Cyrl,388,8,13
bul_Cyrl,388,9,13
bul_Cyrl,388,10,13
bul_Cyrl,388,11,13
bul_Cyrl,388,12,13
bul_Cyrl,388,13,13
bul_Cyrl,388,14,13
bul_Cyrl,388,15,13
bul_Cyrl,388,16,13
bul_Cyrl,388,17,13
bul_Cyrl,388,18,13
bul_Cyrl,388,19,13
bul_Cyrl,388,20,13
bul_Cyrl,388,21,13
bul_Cyrl,388,22,13
bul_Cyrl,388,23,13
bul_Cyrl,388,24,13
bul_Cyrl,388,25,13
bul_Cyrl,388,26,13
bul_Cyrl,388,27,13
bul_Cyrl,388,28,13
eng_Latn,389,0,60
eng_Latn,389,1,47
eng_Latn,389,2,8
eng_Latn,389,3,33
eng_Latn,389,4,33
eng_Latn,389,5,63
eng_Latn,389,6,12
eng_Latn,389,7,61
eng_Latn,389,8,26
eng_Latn,389,9,26
eng_Latn,389,10,26
eng_Latn,389,11,60
bul_Cyrl,390,0,60
bul_Cyrl,390,1,13
bul_Cyrl,390,2,13
bul_Cyrl,390,3,13
bul_Cyrl,390,4,13
bul_Cyrl,390,5,13
bul_Cyrl,390,6,13
bul_Cyrl,390,7,13
bul_Cyrl,390,8,47
bul_Cyrl,390,9,13
bul_Cyrl,390,10,13
bul_Cyrl,390,11,13
bul_Cyrl,390,12,13
bul_Cyrl,390,13,13
bul_Cyrl,390,14,13
bul_Cyrl,390,15,13
bul_Cyrl,390,16,13
bul_Cyrl,390,17,13
bul_Cyrl,390,18,13
bul_Cyrl,390,19,13
bul_Cyrl,390,20,13
bul_Cyrl,390,21,52
bul_Cyrl,390,22,13
bul_Cyrl,391,0,60
bul_Cyrl,391,1,13
bul_Cyrl,391,2,13
bul_Cyrl,391,3,13
bul_Cyrl,391,4,13
bul_Cyrl,391,5,13
bul_Cyrl,391,6,13
bul_Cyrl,391,7,13
bul_Cyrl,391,8,13
bul_Cyrl,391,9,13
bul_Cyrl,391,10,13
bul_Cyrl,391,11,13
bul_Cyrl,391,12,13
bul_Cyrl,391,13,13
bul_Cyrl,391,14,13
bul_Cyrl,391,15,52
bul_Cyrl,391,16,47
bul_Cyrl,391,17,13
bul_Cyrl,391,18,13
bul_Cyrl,391,19,13
bul_Cyrl,392,0,60
bul_Cyrl,392,1,13
bul_Cyrl,392,2,13
bul_Cyrl,392,3,13
bul_Cyrl,392,4,13
bul_Cyrl,392,5,13
bul_Cyrl,392,6,13
bul_Cyrl,392,7,13
bul_Cyrl,392,8,13
bul_Cyrl,392,9,13
bul_Cyrl,392,10,13
bul_Cyrl,392,11,13
bul_Cyrl,392,12,13
bul_Cyrl,392,13,13
bul_Cyrl,392,14,13
bul_Cyrl,392,15,13
bul_Cyrl,392,16,13
bul_Cyrl,393,0,60
bul_Cyrl,393,1,13
bul_Cyrl,393,2,13
bul_Cyrl,393,3,13
bul_Cyrl,393,4,13
eng_Latn,394,0,60
eng_Latn,394,1,9
eng_Latn,394,2,9
eng_Latn,394,3,56
eng_Latn,394,4,38
eng_Latn,394,5,35
eng_Latn,394,6,46
bul_Cyrl,395,0,60
bul_Cyrl,395,1,13
bul_Cyrl,395,2,13
bul_Cyrl,395,3,13
bul_Cyrl,395,4,13
bul_Cyrl,395,5,13
bul_Cyrl,395,6,13
bul_Cyrl,395,7,13
bul_Cyrl,395,8,13
bul_Cyrl,395,9,13
bul_Cyrl,395,10,13
bul_Cyrl,395,11,13
bul_Cyrl,395,12,13
bul_Cyrl,395,13,13
bul_Cyrl,395,14,13
bul_Cyrl,395,15,13
bul_Cyrl,395,16,13
bul_Cyrl,395,17,13
bul_Cyrl,395,18,13
bul_Cyrl,395,19,47
bul_Cyrl,395,20,13
bul_Cyrl,395,21,52
bul_Cyrl,395,22,13
bul_Cyrl,395,23,13
bul_Cyrl,395,24,52
bul_Cyrl,395,25,47
bul_Cyrl,395,26,13
eng_Latn,396,0,60
eng_Latn,396,1,53
eng_Latn,396,2,49
bul_Cyrl,397,0,60
bul_Cyrl,397,1,13
bul_Cyrl,397,2,13
bul_Cyrl,397,3,13
bul_Cyrl,397,4,13
bul_Cyrl,397,5,13
bul_Cyrl,397,6,13
bul_Cyrl,397,7,13
bul_Cyrl,397,8,13
bul_Cyrl,397,9,13
bul_Cyrl,397,10,13
bul_Cyrl,397,11,13
bul_Cyrl,397,12,13
bul_Cyrl,397,13,13
bul_Cyrl,397,14,13
bul_Cyrl,397,15,13
bul_Cyrl,397,16,13
bul_Cyrl,397,17,13
bul_Cyrl,397,18,13
bul_Cyrl,398,0,60
bul_Cyrl,398,1,13
bul_Cyrl,398,2,13
bul_Cyrl,398,3,13
bul_Cyrl,398,4,13
bul_Cyrl,398,5,13
bul_Cyrl,398,6,13
bul_Cyrl,398,7,13
bul_Cyrl,398,8,13
bul_Cyrl,398,9,13
bul_Cyrl,398,10,13
bul_Cyrl,398,11,13
bul_Cyrl,398,12,13
bul_Cyrl,398,13,13
bul_Cyrl,398,14,13
bul_Cyrl,398,15,13
bul_Cyrl,398,16,13
bul_Cyrl,398,17,13
bul_Cyrl,398,18,13
bul_Cyrl,398,19,13
bul_Cyrl,398,20,13
bul_Cyrl,398,21,13
bul_Cyrl,398,22,13
bul_Cyrl,398,23,13
bul_Cyrl,398,24,13
bul_Cyrl,398,25,13
bul_Cyrl,398,26,13
bul_Cyrl,398,27,13
eng_Latn,399,0,60
eng_Latn,399,1,9
eng_Latn,399,2,29
eng_Latn,399,3,54
eng_Latn,399,4,18
eng_Latn,399,5,48
eng_Latn,399,6,18
eng_Latn,399,7,34
bul_Cyrl,400,0,60
bul_Cyrl,400,1,13
bul_Cyrl,400,2,13
bul_Cyrl,400,3,13
bul_Cyrl,400,4,13
bul_Cyrl,400,5,13
bul_Cyrl,400,6,13
bul_Cyrl,400,7,13
bul_Cyrl,400,8,13
bul_Cyrl,400,9,13
bul_Cyrl,400,10,13
bul_Cyrl,400,11,13
bul_Cyrl,400,12,13
bul_Cyrl,400,13,13
bul_Cyrl,400,14,13
bul_Cyrl,400,15,13
bul_Cyrl,400,16,13
bul_Cyrl,400,17,13
bul_Cyrl,400,18,13
bul_Cyrl,400,19,13
bul_Cyrl,400,20,13
bul_Cyrl,400,21,19
bul_Cyrl,400,22,13
bul_Cyrl,400,23,13
bul_Cyrl,400,24,13
eng_Latn,401,0,60
eng_Latn,401,1,22
eng_Latn,401,2,22
eng_Latn,401,3,12
eng_Latn,401,4,29
eng_Latn,401,5,22
bul_Cyrl,402,0,60
bul_Cyrl,402,1,13
bul_Cyrl,402,2,13
bul_Cyrl,402,3,13
bul_Cyrl,402,4,13
bul_Cyrl,402,5,13
bul_Cyrl,402,6,13
bul_Cyrl,402,7,13
bul_Cyrl,402,8,27
bul_Cyrl,402,9,39
bul_Cyrl,402,10,11
bul_Cyrl,402,11,27
bul_Cyrl,402,12,39
bul_Cyrl,402,13,11
bul_Cyrl,402,14,26
bul_Cyrl,402,15,26
bul_Cyrl,402,16,11
bul_Cyrl,402,17,26
bul_Cyrl,403,0,60
bul_Cyrl,403,1,13
bul_Cyrl,403,2,13
bul_Cyrl,403,3,13
bul_Cyrl,403,4,13
bul_Cyrl,403,5,13
bul_Cyrl,403,6,13
bul_Cyrl,403,7,13
bul_Cyrl,403,8,13
bul_Cyrl,403,9,13
bul_Cyrl,403,10,13
bul_Cyrl,404,0,60
bul_Cyrl,404,1,13
bul_Cyrl,404,2,13
bul_Cyrl,404,3,13
bul_Cyrl,404,4,13
bul_Cyrl,404,5,52
bul_Cyrl,404,6,13
bul_Cyrl,404,7,13
bul_Cyrl,404,8,13
bul_Cyrl,404,9,13
bul_Cyrl,404,10,47
bul_Cyrl,404,11,13
bul_Cyrl,404,12,1
bul_Cyrl,404,13,13
bul_Cyrl,404,14,13
bul_Cyrl,404,15,13
bul_Cyrl,404,16,13
bul_Cyrl,404,17,13
bul_Cyrl,404,18,13
bul_Cyrl,404,19,13
bul_Cyrl,405,0,60
bul_Cyrl,405,1,13
bul_Cyrl,405,2,19
bul_Cyrl,405,3,13
bul_Cyrl,405,4,13
bul_Cyrl,405,5,13
bul_Cyrl,405,6,13
bul_Cyrl,405,7,13
bul_Cyrl,405,8,13
bul_Cyrl,405,9,13
bul_Cyrl,405,10,13
bul_Cyrl,405,11,13
bul_Cyrl,405,12,13
bul_Cyrl,405,13,13
bul_Cyrl,405,14,13
bul_Cyrl,406,0,60
bul_Cyrl,406,1,19
bul_Cyrl,406,2,9
bul_Cyrl,406,3,13
bul_Cyrl,406,4,13
bul_Cyrl,406,5,13
bul_Cyrl,406,6,13
bul_Cyrl,406,7,13
bul_Cyrl,406,8,13
bul_Cyrl,406,9,13
bul_Cyrl,406,10,13
bul_Cyrl,406,11,13
bul_Cyrl,406,12,13
bul_Cyrl,406,13,13
bul_Cyrl,406,14,13
bul_Cyrl,406,15,13
bul_Cyrl,406,16,13
bul_Cyrl,406,17,13
bul_Cyrl,406,18,13
bul_Cyrl,406,19,52
bul_Cyrl,406,20,9
bul_Cyrl,406,21,13
bul_Cyrl,406,22,13
bul_Cyrl,406,23,13
bul_Cyrl,406,24,13
bul_Cyrl,406,25,13
bul_Cyrl,406,26,13
bul_Cyrl,406,27,13
bul_Cyrl,406,28,13
bul_Cyrl,406,29,13
bul_Cyrl,406,30,13
bul_Cyrl,406,31,13
bul_Cyrl,406,32,13
bul_Cyrl,406,33,13
bul_Cyrl,406,34,13
bul_Cyrl,406,35,13
bul_Cyrl,406,36,13
bul_Cyrl,407,0,60
bul_Cyrl,407,1,13
bul_Cyrl,407,2,13
bul_Cyrl,407,3,13
bul_Cyrl,407,4,13
bul_Cyrl,407,5,13
bul_Cyrl,407,6,13
bul_Cyrl,407,7,13
bul_Cyrl,407,8,13
bul_Cyrl,407,9,13
bul_Cyrl,407,10,13
bul_Cyrl,407,11,13
bul_Cyrl,407,12,39
bul_Cyrl,407,13,13
bul_Cyrl,407,14,13
bul_Cyrl,407,15,13
bul_Cyrl,407,16,13
bul_Cyrl,407,17,13
bul_Cyrl,407,18,13
bul_Cyrl,407,19,13
bul_Cyrl,407,20,13
bul_Cyrl,407,21,13
bul_Cyrl,407,22,47
bul_Cyrl,407,23,13
bul_Cyrl,407,24,13
bul_Cyrl,407,25,13
bul_Cyrl,407,26,13
bul_Cyrl,407,27,13
bul_Cyrl,407,28,13
bul_Cyrl,408,0,60
bul_Cyrl,408,1,13
bul_Cyrl,408,2,13
bul_Cyrl,408,3,13
bul_Cyrl,408,4,13
bul_Cyrl,408,5,13
bul_Cyrl,408,6,13
bul_Cyrl,408,7,13
bul_Cyrl,408,8,13
bul_Cyrl,408,9,13
bul_Cyrl,408,10,13
bul_Cyrl,408,11,13
bul_Cyrl,408,12,13
bul_Cyrl,408,13,13
bul_Cyrl,408,14,13
bul_Cyrl,408,15,13
bul_Cyrl,408,16,13
bul_Cyrl,408,17,13
bul_Cyrl,408,18,13
bul_Cyrl,408,19,13
bul_Cyrl,408,20,13
bul_Cyrl,408,21,13
bul_Cyrl,408,22,13
bul_Cyrl,408,23,13
bul_Cyrl,408,24,13
bul_Cyrl,409,0,60
bul_Cyrl,409,1,49
bul_Cyrl,409,2,49
bul_Cyrl,409,3,40
bul_Cyrl,409,4,49
bul_Cyrl,410,0,60
bul_Cyrl,410,1,13
bul_Cyrl,410,2,13
bul_Cyrl,410,3,13
bul_Cyrl,410,4,13
bul_Cyrl,410,5,13
bul_Cyrl,410,6,13
bul_Cyrl,410,7,13
bul_Cyrl,410,8,13
bul_Cyrl,410,9,13
bul_Cyrl,410,10,13
bul_Cyrl,410,11,13
bul_Cyrl,410,12,13
bul_Cyrl,410,13,13
bul_Cyrl,410,14,13
bul_Cyrl,410,15,13
bul_Cyrl,410,16,13
bul_Cyrl,410,17,13
bul_Cyrl,410,18,13
bul_Cyrl,410,19,52
bul_Cyrl,410,20,52
bul_Cyrl,410,21,13
bul_Cyrl,411,0,60
bul_Cyrl,411,1,13
bul_Cyrl,411,2,13
bul_Cyrl,411,3,13
bul_Cyrl,411,4,13
bul_Cyrl,411,5,13
bul_Cyrl,411,6,13
bul_Cyrl,411,7,13
bul_Cyrl,411,8,13
bul_Cyrl,411,9,13
bul_Cyrl,411,10,13
bul_Cyrl,411,11,13
bul_Cyrl,411,12,13
bul_Cyrl,411,13,13
bul_Cyrl,411,14,13
bul_Cyrl,411,15,13
bul_Cyrl,412,0,60
bul_Cyrl,412,1,13
bul_Cyrl,412,2,13
bul_Cyrl,412,3,13
bul_Cyrl,412,4,13
bul_Cyrl,412,5,13
bul_Cyrl,413,0,60
bul_Cyrl,413,1,13
bul_Cyrl,413,2,13
bul_Cyrl,413,3,13
bul_Cyrl,413,4,13
bul_Cyrl,413,5,13
bul_Cyrl,414,0,60
bul_Cyrl,414,1,13
bul_Cyrl,414,2,13
bul_Cyrl,414,3,13
bul_Cyrl,414,4,13
bul_Cyrl,414,5,13
bul_Cyrl,414,6,13
bul_Cyrl,414,7,13
bul_Cyrl,414,8,13
bul_Cyrl,414,9,26
bul_Cyrl,414,10,27
bul_Cyrl,414,11,13
bul_Cyrl,414,12,26
bul_Cyrl,414,13,13
bul_Cyrl,414,14,13
bul_Cyrl,414,15,13
bul_Cyrl,414,16,13
bul_Cyrl,414,17,13
bul_Cyrl,414,18,13
bul_Cyrl,414,19,13
bul_Cyrl,414,20,13
bul_Cyrl,414,21,13
bul_Cyrl,414,22,13
bul_Cyrl,414,23,13
bul_Cyrl,414,24,52
bul_Cyrl,414,25,52
bul_Cyrl,414,26,13
bul_Cyrl,414,27,13
bul_Cyrl,415,0,60
bul_Cyrl,415,1,13
bul_Cyrl,415,2,13
bul_Cyrl,415,3,13
bul_Cyrl,415,4,13
bul_Cyrl,415,5,13
bul_Cyrl,415,6,13
bul_Cyrl,415,7,52
bul_Cyrl,415,8,52
bul_Cyrl,415,9,13
bul_Cyrl,415,10,13
bul_Cyrl,416,0,60
bul_Cyrl,416,1,13
bul_Cyrl,416,2,13
bul_Cyrl,416,3,13
bul_Cyrl,416,4,13
bul_Cyrl,416,5,13
bul_Cyrl,416,6,13
bul_Cyrl,416,7,13
bul_Cyrl,416,8,12
bul_Cyrl,416,9,13
bul_Cyrl,416,10,13
bul_Cyrl,416,11,13
bul_Cyrl,416,12,13
bul_Cyrl,416,13,12
bul_Cyrl,416,14,13
bul_Cyrl,416,15,13
bul_Cyrl,416,16,13
bul_Cyrl,416,17,13
bul_Cyrl,416,18,27
bul_Cyrl,416,19,19
bul_Cyrl,416,20,13
bul_Cyrl,416,21,13
bul_Cyrl,416,22,13
bul_Cyrl,416,23,13
bul_Cyrl,416,24,13
bul_Cyrl,417,0,60
bul_Cyrl,417,1,13
bul_Cyrl,417,2,13
bul_Cyrl,417,3,13
bul_Cyrl,417,4,13
bul_Cyrl,417,5,13
bul_Cyrl,417,6,13
bul_Cyrl,417,7,13
bul_Cyrl,417,8,13
bul_Cyrl,417,9,13
bul_Cyrl,417,10,13
bul_Cyrl,417,11,13
bul_Cyrl,417,12,13
bul_Cyrl,417,13,13
bul_Cyrl,417,14,13
bul_Cyrl,417,15,13
bul_Cyrl,418,0,60
bul_Cyrl,418,1,13
bul_Cyrl,418,2,13
bul_Cyrl,418,3,13
bul_Cyrl,418,4,13
bul_Cyrl,418,5,13
bul_Cyrl,418,6,13
bul_Cyrl,418,7,47
bul_Cyrl,418,8,13
bul_Cyrl,418,9,13
bul_Cyrl,418,10,13
bul_Cyrl,418,11,13
bul_Cyrl,418,12,13
bul_Cyrl,418,13,13
bul_Cyrl,418,14,13
bul_Cyrl,418,15,13
bul_Cyrl,418,16,13
bul_Cyrl,418,17,13
bul_Cyrl,418,18,13
bul_Cyrl,418,19,13
bul_Cyrl,418,20,13
bul_Cyrl,418,21,13
bul_Cyrl,418,22,13
eng_Latn,419,0,60
eng_Latn,419,1,57
eng_Latn,419,2,57
eng_Latn,419,3,20
eng_Latn,419,4,56
eng_Latn,419,5,16
eng_Latn,419,6,14
eng_Latn,419,7,35
eng_Latn,419,8,63
bul_Cyrl,420,0,60
bul_Cyrl,420,1,9
bul_Cyrl,420,2,13
bul_Cyrl,420,3,13
bul_Cyrl,420,4,13
bul_Cyrl,420,5,13
bul_Cyrl,420,6,13
bul_Cyrl,420,7,13
bul_Cyrl,420,8,13
bul_Cyrl,420,9,13
bul_Cyrl,420,10,13
bul_Cyrl,420,11,13
bul_Cyrl,420,12,13
bul_Cyrl,420,13,13
bul_Cyrl,420,14,13
bul_Cyrl,420,15,13
bul_Cyrl,420,16,13
bul_Cyrl,420,17,13
bul_Cyrl,420,18,13
bul_Cyrl,420,19,13
bul_Cyrl,420,20,13
bul_Cyrl,420,21,13
bul_Cyrl,420,22,13
bul_Cyrl,420,23,9
bul_Cyrl,420,24,13
bul_Cyrl,420,25,13
bul_Cyrl,420,26,13
bul_Cyrl,421,0,60
bul_Cyrl,421,1,13
bul_Cyrl,421,2,13
bul_Cyrl,421,3,13
bul_Cyrl,421,4,13
bul_Cyrl,421,5,13
bul_Cyrl,421,6,13
bul_Cyrl,421,7,13
bul_Cyrl,421,8,13
bul_Cyrl,421,9,13
bul_Cyrl,421,10,13
bul_Cyrl,421,11,13
bul_Cyrl,421,12,13
bul_Cyrl,421,13,13
bul_Cyrl,421,14,13
bul_Cyrl,421,15,13
bul_Cyrl,421,16,13
bul_Cyrl,421,17,13
bul_Cyrl,421,18,13
bul_Cyrl,421,19,13
bul_Cyrl,421,20,13
bul_Cyrl,421,21,13
bul_Cyrl,421,22,13
bul_Cyrl,421,23,13
bul_Cyrl,421,24,13
bul_Cyrl,421,25,13
bul_Cyrl,421,26,13
bul_Cyrl,421,27,13
bul_Cyrl,422,0,60
bul_Cyrl,422,1,12
bul_Cyrl,422,2,13
bul_Cyrl,422,3,13
bul_Cyrl,422,4,13
bul_Cyrl,422,5,13
bul_Cyrl,422,6,13
bul_Cyrl,422,7,13
bul_Cyrl,422,8,13
bul_Cyrl,422,9,13
bul_Cyrl,422,10,13
bul_Cyrl,422,11,13
bul_Cyrl,422,12,13
bul_Cyrl,422,13,13
bul_Cyrl,422,14,13
eng_Latn,423,0,60
eng_Latn,423,1,56
eng_Latn,423,2,51
eng_Latn,423,3,46
eng_Latn,423,4,51
eng_Latn,423,5,54
eng_Latn,423,6,2
eng_Latn,423,7,49
eng_Latn,423,8,19
eng_Latn,423,9,47
eng_Latn,423,10,21
bul_Cyrl,424,0,60
bul_Cyrl,424,1,13
bul_Cyrl,424,2,13
bul_Cyrl,424,3,13
bul_Cyrl,424,4,13
bul_Cyrl,424,5,13
bul_Cyrl,424,6,13
bul_Cyrl,424,7,13
bul_Cyrl,424,8,13
bul_Cyrl,424,9,13
bul_Cyrl,424,10,13
bul_Cyrl,424,11,13
bul_Cyrl,424,12,13
bul_Cyrl,424,13,13
bul_Cyrl,424,14,13
bul_Cyrl,424,15,13
bul_Cyrl,424,16,47
bul_Cyrl,424,17,13
bul_Cyrl,424,18,13
bul_Cyrl,424,19,13
bul_Cyrl,425,0,60
bul_Cyrl,425,1,13
bul_Cyrl,425,2,13
bul_Cyrl,425,3,13
bul_Cyrl,425,4,13
bul_Cyrl,425,5,13
bul_Cyrl,425,6,13
bul_Cyrl,425,7,13
bul_Cyrl,425,8,13
bul_Cyrl,425,9,13
bul_Cyrl,425,10,13
bul_Cyrl,425,11,13
bul_Cyrl,425,12,13
bul_Cyrl,425,13,13
bul_Cyrl,425,14,13
bul_Cyrl,425,15,13
bul_Cyrl,425,16,13
bul_Cyrl,425,17,13
bul_Cyrl,425,18,13
bul_Cyrl,425,19,13
bul_Cyrl,425,20,13
bul_Cyrl,425,21,13
bul_Cyrl,425,22,13
bul_Cyrl,425,23,13
bul_Cyrl,426,0,60
bul_Cyrl,426,1,13
bul_Cyrl,426,2,13
bul_Cyrl,426,3,13
bul_Cyrl,426,4,13
bul_Cyrl,426,5,13
bul_Cyrl,426,6,13
bul_Cyrl,426,7,13
bul_Cyrl,426,8,13
bul_Cyrl,426,9,13
bul_Cyrl,426,10,13
bul_Cyrl,426,11,13
bul_Cyrl,426,12,13
bul_Cyrl,426,13,13
bul_Cyrl,426,14,13
bul_Cyrl,426,15,13
bul_Cyrl,426,16,13
bul_Cyrl,426,17,13
bul_Cyrl,426,18,13
bul_Cyrl,426,19,13
bul_Cyrl,426,20,13
bul_Cyrl,426,21,13
bul_Cyrl,426,22,13
bul_Cyrl,426,23,13
bul_Cyrl,426,24,13
bul_Cyrl,426,25,26
bul_Cyrl,426,26,13
bul_Cyrl,427,0,60
bul_Cyrl,427,1,13
bul_Cyrl,427,2,13
bul_Cyrl,427,3,13
bul_Cyrl,427,4,13
bul_Cyrl,427,5,13
bul_Cyrl,427,6,13
bul_Cyrl,427,7,47
bul_Cyrl,427,8,13
bul_Cyrl,427,9,13
bul_Cyrl,427,10,13
bul_Cyrl,427,11,13
bul_Cyrl,427,12,13
bul_Cyrl,427,13,13
bul_Cyrl,427,14,13
bul_Cyrl,427,15,13
bul_Cyrl,427,16,13
bul_Cyrl,427,17,13
bul_Cyrl,427,18,19
bul_Cyrl,427,19,19
bul_Cyrl,427,20,13
bul_Cyrl,427,21,13
bul_Cyrl,427,22,13
bul_Cyrl,427,23,13
bul_Cyrl,427,24,13
bul_Cyrl,427,25,13
eng_Latn,428,0,60
eng_Latn,428,1,9
eng_Latn,428,2,19
eng_Latn,428,3,22
eng_Latn,428,4,22
bul_Cyrl,429,0,60
bul_Cyrl,429,1,13
bul_Cyrl,429,2,13
bul_Cyrl,429,3,13
bul_Cyrl,429,4,13
bul_Cyrl,429,5,13
bul_Cyrl,429,6,13
bul_Cyrl,429,7,13
bul_Cyrl,429,8,13
bul_Cyrl,429,9,13
bul_Cyrl,429,10,13
bul_Cyrl,429,11,13
bul_Cyrl,429,12,13
bul_Cyrl,429,13,13
bul_Cyrl,429,14,13
bul_Cyrl,429,15,13
bul_Cyrl,429,16,13
bul_Cyrl,429,17,13
bul_Cyrl,429,18,13
bul_Cyrl,429,19,13
bul_Cyrl,429,20,13
bul_Cyrl,429,21,13
bul_Cyrl,429,22,13
bul_Cyrl,429,23,13
bul_Cyrl,429,24,13
bul_Cyrl,430,0,60
bul_Cyrl,430,1,13
bul_Cyrl,430,2,13
bul_Cyrl,430,3,13
bul_Cyrl,430,4,13
bul_Cyrl,430,5,13
bul_Cyrl,430,6,13
bul_Cyrl,430,7,13
bul_Cyrl,430,8,13
bul_Cyrl,430,9,13
bul_Cyrl,430,10,13
bul_Cyrl,430,11,13
bul_Cyrl,430,12,13
bul_Cyrl,430,13,13
bul_Cyrl,430,14,13
bul_Cyrl,430,15,13
bul_Cyrl,430,16,13
bul_Cyrl,430,17,13
bul_Cyrl,430,18,13
bul_Cyrl,430,19,13
bul_Cyrl,430,20,13
bul_Cyrl,430,21,13
bul_Cyrl,430,22,34
bul_Cyrl,431,0,60
bul_Cyrl,431,1,52
bul_Cyrl,431,2,52
bul_Cyrl,431,3,13
bul_Cyrl,431,4,13
bul_Cyrl,431,5,13
bul_Cyrl,431,6,13
bul_Cyrl,431,7,13
bul_Cyrl,431,8,13
bul_Cyrl,431,9,13
bul_Cyrl,431,10,13
bul_Cyrl,431,11,13
bul_Cyrl,431,12,13
bul_Cyrl,431,13,13
bul_Cyrl,431,14,52
bul_Cyrl,431,15,13
bul_Cyrl,431,16,13
bul_Cyrl,431,17,13
bul_Cyrl,431,18,13
bul_Cyrl,431,19,13
bul_Cyrl,431,20,13
bul_Cyrl,431,21,13
bul_Cyrl,431,22,13
bul_Cyrl,431,23,13
bul_Cyrl,431,24,13
bul_Cyrl,431,25,13
bul_Cyrl,431,26,13
bul_Cyrl,431,27,13
bul_Cyrl,431,28,13
eng_Latn,432,0,60
eng_Latn,432,1,41
eng_Latn,432,2,49
eng_Latn,432,3,37
eng_Latn,432,4,20
eng_Latn,432,5,44
bul_Cyrl,433,0,60
bul_Cyrl,433,1,13
bul_Cyrl,433,2,13
bul_Cyrl,433,3,13
bul_Cyrl,433,4,13
bul_Cyrl,433,5,13
bul_Cyrl,433,6,13
bul_Cyrl,433,7,13
bul_Cyrl,433,8,13
bul_Cyrl,433,9,13
bul_Cyrl,433,10,13
bul_Cyrl,433,11,13
bul_Cyrl,433,12,13
bul_Cyrl,433,13,13
bul_Cyrl,433,14,13
bul_Cyrl,433,15,13
bul_Cyrl,433,16,13
bul_Cyrl,433,17,13
bul_Cyrl,433,18,13
bul_Cyrl,433,19,13
eng_Latn,434,0,60
eng_Latn,434,1,40
eng_Latn,434,2,19
eng_Latn,434,3,7
eng_Latn,434,4,52
eng_Latn,434,5,1
eng_Latn,434,6,52
eng_Latn,434,7,37
eng_Latn,434,8,1
eng_Latn,434,9,9
eng_Latn,434,10,1
bul_Cyrl,435,0,60
bul_Cyrl,435,1,13
bul_Cyrl,435,2,13
bul_Cyrl,435,3,13
bul_Cyrl,435,4,52
bul_Cyrl,435,5,13
bul_Cyrl,435,6,13
bul_Cyrl,436,0,60
bul_Cyrl,436,1,13
bul_Cyrl,436,2,13
bul_Cyrl,436,3,13
bul_Cyrl,436,4,13
bul_Cyrl,436,5,13
bul_Cyrl,436,6,13
bul_Cyrl,436,7,13
bul_Cyrl,436,8,13
bul_Cyrl,436,9,13
bul_Cyrl,436,10,13
bul_Cyrl,436,11,13
bul_Cyrl,436,12,13
bul_Cyrl,436,13,13
bul_Cyrl,436,14,13
bul_Cyrl,437,0,60
bul_Cyrl,437,1,13
bul_Cyrl,437,2,13
bul_Cyrl,437,3,13
bul_Cyrl,437,4,13
bul_Cyrl,437,5,13
bul_Cyrl,437,6,61
bul_Cyrl,437,7,13
bul_Cyrl,437,8,13
bul_Cyrl,437,9,13
bul_Cyrl,437,10,13
bul_Cyrl,437,11,52
bul_Cyrl,437,12,1
bul_Cyrl,437,13,13
bul_Cyrl,437,14,13
bul_Cyrl,437,15,13
bul_Cyrl,437,16,13
bul_Cyrl,437,17,13
bul_Cyrl,437,18,13
bul_Cyrl,437,19,13
bul_Cyrl,437,20,13
bul_Cyrl,437,21,13
bul_Cyrl,437,22,13
bul_Cyrl,437,23,13
bul_Cyrl,438,0,60
bul_Cyrl,438,1,13
bul_Cyrl,438,2,13
bul_Cyrl,438,3,13
bul_Cyrl,438,4,13
bul_Cyrl,438,5,13
bul_Cyrl,438,6,13
bul_Cyrl,438,7,13
bul_Cyrl,438,8,13
bul_Cyrl,438,9,13
bul_Cyrl,438,10,13
bul_Cyrl,438,11,13
bul_Cyrl,438,12,13
bul_Cyrl,438,13,13
bul_Cyrl,438,14,13
bul_Cyrl,438,15,13
bul_Cyrl,438,16,13
bul_Cyrl,438,17,26
bul_Cyrl,438,18,13
bul_Cyrl,438,19,13
bul_Cyrl,438,20,13
bul_Cyrl,438,21,13
bul_Cyrl,438,22,13
bul_Cyrl,438,23,13
bul_Cyrl,438,24,13
bul_Cyrl,438,25,13
bul_Cyrl,438,26,13
bul_Cyrl,438,27,13
bul_Cyrl,438,28,13
bul_Cyrl,439,0,60
bul_Cyrl,439,1,13
bul_Cyrl,439,2,13
bul_Cyrl,439,3,13
bul_Cyrl,439,4,52
bul_Cyrl,439,5,13
bul_Cyrl,439,6,13
bul_Cyrl,439,7,13
bul_Cyrl,439,8,13
bul_Cyrl,439,9,13
bul_Cyrl,439,10,13
bul_Cyrl,439,11,13
bul_Cyrl,439,12,13
bul_Cyrl,439,13,13
bul_Cyrl,439,14,13
bul_Cyrl,439,15,13
bul_Cyrl,439,16,13
bul_Cyrl,439,17,13
bul_Cyrl,439,18,13
bul_Cyrl,439,19,13
bul_Cyrl,439,20,47
bul_Cyrl,439,21,13
bul_Cyrl,439,22,13
bul_Cyrl,440,0,60
bul_Cyrl,440,1,47
bul_Cyrl,440,2,46
bul_Cyrl,440,3,60
bul_Cyrl,440,4,13
bul_Cyrl,440,5,13
bul_Cyrl,440,6,13
bul_Cyrl,440,7,13
bul_Cyrl,440,8,13
bul_Cyrl,440,9,47
bul_Cyrl,440,10,13
bul_Cyrl,440,11,13
bul_Cyrl,440,12,13
bul_Cyrl,440,13,13
bul_Cyrl,440,14,13
bul_Cyrl,440,15,13
bul_Cyrl,440,16,13
bul_Cyrl,440,17,13
bul_Cyrl,440,18,13
bul_Cyrl,440,19,13
bul_Cyrl,440,20,13
bul_Cyrl,440,21,52
bul_Cyrl,441,0,60
bul_Cyrl,441,1,13
bul_Cyrl,441,2,47
bul_Cyrl,441,3,13
bul_Cyrl,441,4,12
bul_Cyrl,441,5,52
bul_Cyrl,442,0,60
bul_Cyrl,442,1,13
bul_Cyrl,442,2,13
bul_Cyrl,442,3,13
bul_Cyrl,442,4,13
bul_Cyrl,442,5,13
bul_Cyrl,442,6,13
bul_Cyrl,442,7,13
bul_Cyrl,442,8,13
bul_Cyrl,442,9,13
bul_Cyrl,442,10,13
bul_Cyrl,442,11,13
bul_Cyrl,442,12,13
bul_Cyrl,442,13,13
bul_Cyrl,442,14,13
bul_Cyrl,442,15,13
bul_Cyrl,442,16,13
bul_Cyrl,442,17,13
bul_Cyrl,443,0,60
bul_Cyrl,443,1,13
bul_Cyrl,443,2,13
bul_Cyrl,443,3,13
bul_Cyrl,443,4,13
bul_Cyrl,443,5,13
bul_Cyrl,443,6,13
bul_Cyrl,443,7,13
bul_Cyrl,443,8,13
bul_Cyrl,443,9,13
bul_Cyrl,443,10,13
bul_Cyrl,443,11,13
bul_Cyrl,443,12,13
bul_Cyrl,443,13,13
bul_Cyrl,443,14,13
bul_Cyrl,443,15,13
bul_Cyrl,443,16,13
bul_Cyrl,443,17,13
eng_Latn,444,0,60
eng_Latn,444,1,45
eng_Latn,444,2,63
eng_Latn,445,0,60
eng_Latn,445,1,39
eng_Latn,445,2,52
eng_Latn,445,3,52
eng_Latn,445,4,13
eng_Latn,445,5,52
eng_Latn,445,6,13
eng_Latn,446,0,60
eng_Latn,446,1,6
eng_Latn,446,2,48
eng_Latn,446,3,18
eng_Latn,446,4,63
bul_Cyrl,447,0,60
bul_Cyrl,447,1,13
bul_Cyrl,447,2,13
bul_Cyrl,447,3,13
bul_Cyrl,447,4,13
bul_Cyrl,447,5,47
bul_Cyrl,447,6,13
bul_Cyrl,447,7,13
bul_Cyrl,447,8,13
bul_Cyrl,447,9,13
bul_Cyrl,447,10,13
bul_Cyrl,447,11,13
bul_Cyrl,447,12,13
bul_Cyrl,447,13,13
bul_Cyrl,447,14,52
bul_Cyrl,447,15,52
bul_Cyrl,447,16,13
bul_Cyrl,447,17,13
bul_Cyrl,447,18,13
bul_Cyrl,447,19,13
eng_Latn,448,0,60
eng_Latn,448,1,46
eng_Latn,448,2,51
eng_Latn,448,3,63
eng_Latn,448,4,14
eng_Latn,448,5,49
eng_Latn,448,6,9
eng_Latn,448,7,14
eng_Latn,448,8,1
eng_Latn,448,9,52
eng_Latn,449,0,60
eng_Latn,449,1,13
eng_Latn,449,2,6
eng_Latn,449,3,9
eng_Latn,449,4,39
eng_Latn,449,5,40
eng_Latn,449,6,43
eng_Latn,449,7,37
eng_Latn,449,8,57
eng_Latn,449,9,52
eng_Latn,449,10,37
eng_Latn,449,11,52
bul_Cyrl,450,0,60
bul_Cyrl,450,1,13
bul_Cyrl,450,2,13
bul_Cyrl,450,3,52
bul_Cyrl,450,4,13
bul_Cyrl,450,5,13
bul_Cyrl,451,0,60
bul_Cyrl,451,1,19
bul_Cyrl,451,2,13
bul_Cyrl,451,3,13
bul_Cyrl,451,4,13
bul_Cyrl,451,5,13
bul_Cyrl,451,6,13
bul_Cyrl,451,7,13
bul_Cyrl,451,8,13
bul_Cyrl,451,9,13
bul_Cyrl,451,10,13
bul_Cyrl,452,0,60
bul_Cyrl,452,1,13
bul_Cyrl,452,2,13
bul_Cyrl,452,3,13
bul_Cyrl,452,4,13
bul_Cyrl,452,5,13
bul_Cyrl,452,6,13
bul_Cyrl,452,7,13
bul_Cyrl,452,8,13
bul_Cyrl,452,9,13
bul_Cyrl,452,10,13
bul_Cyrl,452,11,13
bul_Cyrl,452,12,13
bul_Cyrl,452,13,13
bul_Cyrl,452,14,13
bul_Cyrl,452,15,13
bul_Cyrl,452,16,13
bul_Cyrl,452,17,13
bul_Cyrl,452,18,13
bul_Cyrl,452,19,13
bul_Cyrl,452,20,13
eng_Latn,453,0,60
eng_Latn,453,1,50
eng_Latn,453,2,56
eng_Latn,453,3,16
eng_Latn,453,4,62
eng_Latn,453,5,62
eng_Latn,453,6,52
bul_Cyrl,454,0,60
bul_Cyrl,454,1,13
bul_Cyrl,454,2,13
bul_Cyrl,454,3,13
bul_Cyrl,454,4,13
bul_Cyrl,454,5,13
bul_Cyrl,454,6,13
bul_Cyrl,454,7,13
bul_Cyrl,454,8,13
bul_Cyrl,454,9,13
bul_Cyrl,454,10,13
bul_Cyrl,454,11,13
bul_Cyrl,454,12,13
bul_Cyrl,454,13,27
bul_Cyrl,454,14,13
bul_Cyrl,454,15,13
bul_Cyrl,454,16,13
bul_Cyrl,454,17,13
eng_Latn,455,0,60
eng_Latn,455,1,40
eng_Latn,455,2,63
bul_Cyrl,456,0,60
bul_Cyrl,456,1,13
bul_Cyrl,456,2,13
bul_Cyrl,456,3,13
bul_Cyrl,456,4,13
bul_Cyrl,456,5,13
bul_Cyrl,456,6,13
bul_Cyrl,456,7,13
bul_Cyrl,456,8,13
bul_Cyrl,456,9,13
bul_Cyrl,456,10,13
bul_Cyrl,456,11,13
bul_Cyrl,456,12,47
bul_Cyrl,456,13,13
bul_Cyrl,456,14,13
bul_Cyrl,456,15,13
bul_Cyrl,456,16,13
bul_Cyrl,456,17,13
bul_Cyrl,456,18,13
bul_Cyrl,456,19,13
bul_Cyrl,456,20,13
bul_Cyrl,456,21,13
bul_Cyrl,456,22,13
bul_Cyrl,456,23,13
bul_Cyrl,456,24,13
bul_Cyrl,456,25,13
bul_Cyrl,456,26,13
bul_Cyrl,457,0,60
bul_Cyrl,457,1,13
bul_Cyrl,457,2,12
bul_Cyrl,457,3,52
bul_Cyrl,457,4,13
bul_Cyrl,457,5,47
bul_Cyrl,457,6,13
bul_Cyrl,457,7,13
bul_Cyrl,457,8,52
bul_Cyrl,457,9,47
bul_Cyrl,458,0,60
bul_Cyrl,458,1,13
bul_Cyrl,458,2,13
bul_Cyrl,458,3,13
bul_Cyrl,458,4,13
bul_Cyrl,458,5,13
bul_Cyrl,458,6,13
bul_Cyrl,458,7,13
bul_Cyrl,458,8,13
bul_Cyrl,458,9,13
bul_Cyrl,458,10,13
bul_Cyrl,458,11,26
bul_Cyrl,458,12,13
bul_Cyrl,458,13,26
bul_Cyrl,458,14,13
bul_Cyrl,458,15,13
bul_Cyrl,458,16,52
bul_Cyrl,458,17,13
bul_Cyrl,458,18,13
bul_Cyrl,458,19,13
bul_Cyrl,458,20,13
bul_Cyrl,459,0,60
bul_Cyrl,459,1,13
bul_Cyrl,459,2,13
bul_Cyrl,459,3,13
bul_Cyrl,459,4,13
bul_Cyrl,459,5,13
bul_Cyrl,459,6,13
bul_Cyrl,459,7,13
bul_Cyrl,459,8,13
bul_Cyrl,459,9,13
bul_Cyrl,459,10,13
bul_Cyrl,459,11,13
bul_Cyrl,459,12,13
bul_Cyrl,459,13,13
bul_Cyrl,459,14,13
bul_Cyrl,459,15,13
bul_Cyrl,459,16,13
bul_Cyrl,459,17,13
bul_Cyrl,459,18,13
bul_Cyrl,459,19,13
bul_Cyrl,459,20,13
bul_Cyrl,459,21,13
bul_Cyrl,459,22,13
bul_Cyrl,460,0,60
bul_Cyrl,460,1,13
bul_Cyrl,460,2,13
bul_Cyrl,460,3,13
bul_Cyrl,460,4,13
bul_Cyrl,460,5,13
bul_Cyrl,460,6,13
bul_Cyrl,460,7,13
bul_Cyrl,460,8,13
bul_Cyrl,460,9,13
bul_Cyrl,460,10,13
bul_Cyrl,460,11,13
bul_Cyrl,460,12,13
bul_Cyrl,460,13,13
bul_Cyrl,460,14,13
bul_Cyrl,460,15,13
bul_Cyrl,460,16,13
bul_Cyrl,460,17,13
bul_Cyrl,460,18,13
bul_Cyrl,460,19,13
bul_Cyrl,460,20,13
bul_Cyrl,460,21,13
eng_Latn,461,0,60
eng_Latn,461,1,29
eng_Latn,461,2,57
eng_Latn,461,3,31
eng_Latn,461,4,59
eng_Latn,461,5,46
eng_Latn,461,6,51
eng_Latn,461,7,16
eng_Latn,461,8,45
eng_Latn,461,9,45
eng_Latn,461,10,34
bul_Cyrl,462,0,60
bul_Cyrl,462,1,13
bul_Cyrl,462,2,13
bul_Cyrl,462,3,13
bul_Cyrl,462,4,13
bul_Cyrl,462,5,13
bul_Cyrl,462,6,13
bul_Cyrl,462,7,13
bul_Cyrl,462,8,13
bul_Cyrl,462,9,13
bul_Cyrl,462,10,13
bul_Cyrl,462,11,13
bul_Cyrl,462,12,13
bul_Cyrl,462,13,13
bul_Cyrl,462,14,13
bul_Cyrl,462,15,13
bul_Cyrl,462,16,13
bul_Cyrl,462,17,13
bul_Cyrl,462,18,13
bul_Cyrl,462,19,13
bul_Cyrl,462,20,13
bul_Cyrl,462,21,13
bul_Cyrl,462,22,13
bul_Cyrl,463,0,60
bul_Cyrl,463,1,13
bul_Cyrl,463,2,13
bul_Cyrl,463,3,13
bul_Cyrl,463,4,13
bul_Cyrl,463,5,13
bul_Cyrl,463,6,13
bul_Cyrl,463,7,13
bul_Cyrl,463,8,13
bul_Cyrl,463,9,13
bul_Cyrl,463,10,13
bul_Cyrl,463,11,13
bul_Cyrl,463,12,13
bul_Cyrl,463,13,13
bul_Cyrl,463,14,13
bul_Cyrl,463,15,13
bul_Cyrl,463,16,13
bul_Cyrl,463,17,13
bul_Cyrl,464,0,60
bul_Cyrl,464,1,13
bul_Cyrl,464,2,13
bul_Cyrl,464,3,13
bul_Cyrl,464,4,13
bul_Cyrl,464,5,13
bul_Cyrl,464,6,13
bul_Cyrl,464,7,13
bul_Cyrl,464,8,13
bul_Cyrl,464,9,13
bul_Cyrl,464,10,13
bul_Cyrl,464,11,13
bul_Cyrl,464,12,47
bul_Cyrl,464,13,13
bul_Cyrl,464,14,13
bul_Cyrl,464,15,13
bul_Cyrl,464,16,13
bul_Cyrl,464,17,13
bul_Cyrl,464,18,13
bul_Cyrl,464,19,13
bul_Cyrl,465,0,60
bul_Cyrl,465,1,13
bul_Cyrl,465,2,13
bul_Cyrl,465,3,13
bul_Cyrl,465,4,13
bul_Cyrl,465,5,13
bul_Cyrl,465,6,13
bul_Cyrl,465,7,13
bul_Cyrl,465,8,13
bul_Cyrl,465,9,13
bul_Cyrl,465,10,13
bul_Cyrl,465,11,13
bul_Cyrl,465,12,13
bul_Cyrl,465,13,13
bul_Cyrl,465,14,13
bul_Cyrl,465,15,13
bul_Cyrl,465,16,13
bul_Cyrl,465,17,13
bul_Cyrl,465,18,13
bul_Cyrl,465,19,13
bul_Cyrl,465,20,13
bul_Cyrl,465,21,13
bul_Cyrl,465,22,13
bul_Cyrl,465,23,13
bul_Cyrl,465,24,13
bul_Cyrl,465,25,27
bul_Cyrl,465,26,27
bul_Cyrl,465,27,27
bul_Cyrl,465,28,13
bul_Cyrl,466,0,60
bul_Cyrl,466,1,13
bul_Cyrl,466,2,13
bul_Cyrl,466,3,13
bul_Cyrl,466,4,13
bul_Cyrl,466,5,13
bul_Cyrl,466,6,13
bul_Cyrl,466,7,13
bul_Cyrl,466,8,13
bul_Cyrl,466,9,13
bul_Cyrl,466,10,13
bul_Cyrl,466,11,13
bul_Cyrl,466,12,13
bul_Cyrl,466,13,13
bul_Cyrl,466,14,13
bul_Cyrl,466,15,13
bul_Cyrl,466,16,13
bul_Cyrl,467,0,60
bul_Cyrl,467,1,13
bul_Cyrl,467,2,13
bul_Cyrl,467,3,13
bul_Cyrl,467,4,13
bul_Cyrl,467,5,1
bul_Cyrl,467,6,13
bul_Cyrl,467,7,13
bul_Cyrl,467,8,13
bul_Cyrl,467,9,13
bul_Cyrl,467,10,13
bul_Cyrl,467,11,13
bul_Cyrl,467,12,13
bul_Cyrl,467,13,13
bul_Cyrl,467,14,13
bul_Cyrl,467,15,13
bul_Cyrl,467,16,13
bul_Cyrl,467,17,13
bul_Cyrl,467,18,13
bul_Cyrl,467,19,13
bul_Cyrl,467,20,1
bul_Cyrl,467,21,13
bul_Cyrl,467,22,13
bul_Cyrl,467,23,13
bul_Cyrl,467,24,13
bul_Cyrl,468,0,60
bul_Cyrl,468,1,13
bul_Cyrl,468,2,13
bul_Cyrl,468,3,13
bul_Cyrl,468,4,13
bul_Cyrl,468,5,13
bul_Cyrl,468,6,13
bul_Cyrl,468,7,1
bul_Cyrl,468,8,19
bul_Cyrl,468,9,13
bul_Cyrl,468,10,13
bul_Cyrl,468,11,13
bul_Cyrl,468,12,13
bul_Cyrl,469,0,60
bul_Cyrl,469,1,13
bul_Cyrl,469,2,13
bul_Cyrl,469,3,13
bul_Cyrl,469,4,13
bul_Cyrl,469,5,13
bul_Cyrl,469,6,13
bul_Cyrl,469,7,13
bul_Cyrl,469,8,13
bul_Cyrl,469,9,13
bul_Cyrl,469,10,13
bul_Cyrl,469,11,13
bul_Cyrl,469,12,13
bul_Cyrl,469,13,13
bul_Cyrl,469,14,13
bul_Cyrl,469,15,19
bul_Cyrl,469,16,13
bul_Cyrl,469,17,13
bul_Cyrl,469,18,13
bul_Cyrl,470,0,60
bul_Cyrl,470,1,13
bul_Cyrl,470,2,13
bul_Cyrl,470,3,13
bul_Cyrl,470,4,13
bul_Cyrl,470,5,13
bul_Cyrl,470,6,13
bul_Cyrl,470,7,13
bul_Cyrl,470,8,13
bul_Cyrl,470,9,13
bul_Cyrl,470,10,13
bul_Cyrl,470,11,13
bul_Cyrl,470,12,13
bul_Cyrl,470,13,13
bul_Cyrl,470,14,13
bul_Cyrl,470,15,47
bul_Cyrl,470,16,13
bul_Cyrl,470,17,13
bul_Cyrl,470,18,13
bul_Cyrl,470,19,13
bul_Cyrl,470,20,13
bul_Cyrl,470,21,13
eng_Latn,471,0,60
eng_Latn,471,1,9
eng_Latn,471,2,38
eng_Latn,471,3,15
eng_Latn,471,4,56
eng_Latn,471,5,63
eng_Latn,471,6,57
eng_Latn,471,7,30
eng_Latn,471,8,52
eng_Latn,471,9,63
eng_Latn,472,0,60
eng_Latn,472,1,39
eng_Latn,472,2,5
eng_Latn,472,3,35
eng_Latn,472,4,18
eng_Latn,472,5,14
eng_Latn,472,6,18
eng_Latn,472,7,14
eng_Latn,472,8,14
eng_Latn,472,9,47
bul_Cyrl,473,0,60
bul_Cyrl,473,1,13
bul_Cyrl,473,2,13
bul_Cyrl,473,3,13
bul_Cyrl,473,4,13
bul_Cyrl,473,5,13
bul_Cyrl,473,6,13
bul_Cyrl,473,7,13
bul_Cyrl,473,8,13
bul_Cyrl,473,9,13
bul_Cyrl,473,10,13
bul_Cyrl,473,11,13
bul_Cyrl,473,12,47
bul_Cyrl,473,13,13
bul_Cyrl,473,14,13
bul_Cyrl,473,15,47
bul_Cyrl,473,16,13
bul_Cyrl,473,17,13
bul_Cyrl,473,18,13
bul_Cyrl,474,0,60
bul_Cyrl,474,1,13
bul_Cyrl,474,2,13
bul_Cyrl,474,3,13
bul_Cyrl,474,4,13
bul_Cyrl,474,5,13
bul_Cyrl,474,6,13
bul_Cyrl,474,7,13
bul_Cyrl,474,8,13
bul_Cyrl,474,9,13
bul_Cyrl,474,10,13
bul_Cyrl,474,11,39
bul_Cyrl,474,12,39
bul_Cyrl,474,13,9
bul_Cyrl,474,14,13
bul_Cyrl,474,15,13
bul_Cyrl,474,16,13
bul_Cyrl,475,0,60
bul_Cyrl,475,1,13
bul_Cyrl,475,2,13
bul_Cyrl,475,3,13
bul_Cyrl,475,4,13
bul_Cyrl,475,5,13
bul_Cyrl,475,6,13
bul_Cyrl,475,7,13
bul_Cyrl,476,0,60
bul_Cyrl,476,1,13
bul_Cyrl,476,2,13
bul_Cyrl,476,3,13
bul_Cyrl,476,4,13
bul_Cyrl,476,5,13
bul_Cyrl,476,6,13
bul_Cyrl,476,7,13
bul_Cyrl,476,8,13
bul_Cyrl,476,9,13
bul_Cyrl,476,10,13
bul_Cyrl,476,11,13
bul_Cyrl,476,12,13
bul_Cyrl,476,13,13
bul_Cyrl,476,14,47
bul_Cyrl,476,15,13
bul_Cyrl,476,16,13
bul_Cyrl,476,17,13
bul_Cyrl,476,18,13
bul_Cyrl,477,0,60
bul_Cyrl,477,1,13
bul_Cyrl,477,2,13
bul_Cyrl,477,3,13
bul_Cyrl,477,4,13
bul_Cyrl,477,5,13
bul_Cyrl,477,6,13
bul_Cyrl,477,7,13
bul_Cyrl,477,8,13
bul_Cyrl,477,9,13
bul_Cyrl,477,10,13
bul_Cyrl,477,11,13
bul_Cyrl,477,12,13
bul_Cyrl,477,13,13
bul_Cyrl,477,14,13
bul_Cyrl,477,15,13
bul_Cyrl,478,0,60
bul_Cyrl,478,1,13
bul_Cyrl,478,2,13
bul_Cyrl,478,3,13
bul_Cyrl,478,4,13
bul_Cyrl,478,5,13
bul_Cyrl,478,6,13
bul_Cyrl,478,7,13
bul_Cyrl,478,8,13
bul_Cyrl,478,9,13
bul_Cyrl,478,10,13
bul_Cyrl,478,11,13
bul_Cyrl,478,12,13
bul_Cyrl,478,13,13
bul_Cyrl,478,14,13
bul_Cyrl,478,15,13
bul_Cyrl,478,16,13
bul_Cyrl,478,17,13
eng_Latn,479,0,60
eng_Latn,479,1,22
eng_Latn,479,2,9
eng_Latn,479,3,9
eng_Latn,479,4,40
eng_Latn,479,5,51
eng_Latn,479,6,9
eng_Latn,479,7,9
eng_Latn,479,8,22
eng_Latn,479,9,9
eng_Latn,479,10,61
eng_Latn,479,11,22
eng_Latn,479,12,41
eng_Latn,479,13,34
eng_Latn,480,0,60
eng_Latn,480,1,53
eng_Latn,480,2,19
eng_Latn,480,3,39
eng_Latn,480,4,9
eng_Latn,480,5,3
eng_Latn,480,6,18
eng_Latn,481,0,60
eng_Latn,481,1,12
eng_Latn,481,2,42
eng_Latn,481,3,22
eng_Latn,481,4,27
eng_Latn,481,5,49
eng_Latn,481,6,9
eng_Latn,481,7,40
bul_Cyrl,482,0,60
bul_Cyrl,482,1,13
bul_Cyrl,482,2,13
bul_Cyrl,482,3,13
bul_Cyrl,482,4,13
bul_Cyrl,482,5,13
bul_Cyrl,482,6,13
bul_Cyrl,482,7,13
bul_Cyrl,482,8,13
bul_Cyrl,482,9,13
bul_Cyrl,482,10,13
bul_Cyrl,482,11,13
bul_Cyrl,482,12,13
bul_Cyrl,482,13,1
bul_Cyrl,482,14,13
bul_Cyrl,482,15,13
bul_Cyrl,483,0,60
bul_Cyrl,483,1,13
bul_Cyrl,483,2,19
bul_Cyrl,483,3,13
bul_Cyrl,483,4,13
bul_Cyrl,483,5,13
bul_Cyrl,483,6,13
bul_Cyrl,483,7,13
bul_Cyrl,483,8,13
bul_Cyrl,483,9,13
bul_Cyrl,483,10,13
bul_Cyrl,483,11,13
bul_Cyrl,483,12,13
bul_Cyrl,483,13,13
bul_Cyrl,483,14,13
bul_Cyrl,484,0,60
bul_Cyrl,484,1,13
bul_Cyrl,484,2,13
bul_Cyrl,484,3,13
bul_Cyrl,484,4,13
bul_Cyrl,484,5,13
bul_Cyrl,484,6,13
bul_Cyrl,484,7,13
bul_Cyrl,484,8,13
bul_Cyrl,484,9,13
bul_Cyrl,484,10,13
eng_Latn,485,0,60
eng_Latn,485,1,57
eng_Latn,485,2,46
eng_Latn,485,3,15
eng_Latn,485,4,63
eng_Latn,485,5,62
eng_Latn,485,6,52
eng_Latn,485,7,8
eng_Latn,485,8,46
eng_Latn,485,9,48
bul_Cyrl,486,0,60
bul_Cyrl,486,1,13
bul_Cyrl,486,2,52
bul_Cyrl,486,3,13
bul_Cyrl,486,4,13
bul_Cyrl,486,5,13
bul_Cyrl,486,6,13
bul_Cyrl,486,7,13
bul_Cyrl,486,8,13
bul_Cyrl,486,9,13
bul_Cyrl,486,10,13
bul_Cyrl,486,11,13
bul_Cyrl,486,12,13
bul_Cyrl,486,13,13
bul_Cyrl,486,14,13
bul_Cyrl,486,15,13
bul_Cyrl,486,16,13
bul_Cyrl,486,17,13
bul_Cyrl,486,18,13
bul_Cyrl,486,19,13
bul_Cyrl,486,20,13
bul_Cyrl,486,21,13
bul_Cyrl,487,0,60
bul_Cyrl,487,1,13
bul_Cyrl,487,2,13
bul_Cyrl,487,3,13
bul_Cyrl,487,4,13
bul_Cyrl,487,5,13
bul_Cyrl,487,6,13
bul_Cyrl,487,7,13
bul_Cyrl,487,8,13
bul_Cyrl,487,9,13
bul_Cyrl,487,10,13
bul_Cyrl,487,11,13
bul_Cyrl,487,12,13
bul_Cyrl,487,13,13
bul_Cyrl,488,0,60
bul_Cyrl,488,1,13
bul_Cyrl,488,2,13
bul_Cyrl,488,3,13
bul_Cyrl,488,4,13
bul_Cyrl,488,5,13
bul_Cyrl,488,6,13
bul_Cyrl,488,7,13
bul_Cyrl,488,8,13
bul_Cyrl,488,9,13
bul_Cyrl,488,10,13
bul_Cyrl,488,11,47
bul_Cyrl,488,12,13
bul_Cyrl,488,13,13
bul_Cyrl,488,14,13
bul_Cyrl,488,15,13
bul_Cyrl,488,16,13
bul_Cyrl,488,17,13
bul_Cyrl,488,18,52
bul_Cyrl,489,0,60
bul_Cyrl,489,1,13
bul_Cyrl,489,2,13
bul_Cyrl,489,3,13
bul_Cyrl,489,4,13
bul_Cyrl,489,5,13
bul_Cyrl,489,6,13
bul_Cyrl,489,7,13
bul_Cyrl,489,8,13
bul_Cyrl,489,9,13
bul_Cyrl,489,10,13
bul_Cyrl,489,11,1
bul_Cyrl,489,12,13
bul_Cyrl,489,13,13
bul_Cyrl,489,14,13
bul_Cyrl,490,0,60
bul_Cyrl,490,1,13
bul_Cyrl,490,2,13
bul_Cyrl,490,3,13
bul_Cyrl,490,4,13
bul_Cyrl,490,5,13
bul_Cyrl,490,6,13
bul_Cyrl,490,7,13
bul_Cyrl,490,8,13
bul_Cyrl,490,9,13
bul_Cyrl,490,10,13
bul_Cyrl,490,11,13
bul_Cyrl,490,12,13
bul_Cyrl,490,13,13
bul_Cyrl,490,14,13
bul_Cyrl,490,15,13
bul_Cyrl,490,16,13
bul_Cyrl,490,17,13
bul_Cyrl,490,18,13
bul_Cyrl,490,19,13
bul_Cyrl,490,20,13
bul_Cyrl,490,21,13
bul_Cyrl,490,22,13
eng_Latn,491,0,60
eng_Latn,491,1,22
eng_Latn,491,2,42
eng_Latn,491,3,38
eng_Latn,491,4,19
eng_Latn,491,5,8
eng_Latn,491,6,19
eng_Latn,491,7,8
eng_Latn,491,8,5
eng_Latn,491,9,51
eng_Latn,491,10,8
eng_Latn,491,11,8
eng_Latn,491,12,15
bul_Cyrl,492,0,60
bul_Cyrl,492,1,13
bul_Cyrl,492,2,13
bul_Cyrl,492,3,13
bul_Cyrl,492,4,13
bul_Cyrl,492,5,13
bul_Cyrl,492,6,13
bul_Cyrl,492,7,13
bul_Cyrl,492,8,13
bul_Cyrl,492,9,13
bul_Cyrl,492,10,13
bul_Cyrl,492,11,13
bul_Cyrl,492,12,13
bul_Cyrl,492,13,13
bul_Cyrl,492,14,13
bul_Cyrl,492,15,13
bul_Cyrl,493,0,60
bul_Cyrl,493,1,13
bul_Cyrl,493,2,13
bul_Cyrl,493,3,13
bul_Cyrl,493,4,13
bul_Cyrl,493,5,13
bul_Cyrl,493,6,13
bul_Cyrl,493,7,13
bul_Cyrl,493,8,13
bul_Cyrl,493,9,13
bul_Cyrl,493,10,13
bul_Cyrl,494,0,60
bul_Cyrl,494,1,13
bul_Cyrl,494,2,13
bul_Cyrl,494,3,13
bul_Cyrl,494,4,13
bul_Cyrl,494,5,13
bul_Cyrl,494,6,13
bul_Cyrl,494,7,13
bul_Cyrl,494,8,13
bul_Cyrl,494,9,13
bul_Cyrl,494,10,13
bul_Cyrl,494,11,13
bul_Cyrl,494,12,13
bul_Cyrl,494,13,13
bul_Cyrl,494,14,13
bul_Cyrl,494,15,13
bul_Cyrl,494,16,13
bul_Cyrl,494,17,13
bul_Cyrl,494,18,13
bul_Cyrl,494,19,13
bul_Cyrl,495,0,60
bul_Cyrl,495,1,13
bul_Cyrl,495,2,13
bul_Cyrl,495,3,13
bul_Cyrl,495,4,13
bul_Cyrl,495,5,13
bul_Cyrl,495,6,47
bul_Cyrl,495,7,13
bul_Cyrl,495,8,13
bul_Cyrl,495,9,13
bul_Cyrl,495,10,13
bul_Cyrl,495,11,13
bul_Cyrl,495,12,13
bul_Cyrl,495,13,13
bul_Cyrl,495,14,13
bul_Cyrl,495,15,13
bul_Cyrl,495,16,13
bul_Cyrl,495,17,13
bul_Cyrl,495,18,13
bul_Cyrl,495,19,13
bul_Cyrl,495,20,13
bul_Cyrl,495,21,13
bul_Cyrl,495,22,13
bul_Cyrl,495,23,13
bul_Cyrl,495,24,13
bul_Cyrl,496,0,60
bul_Cyrl,496,1,13
bul_Cyrl,496,2,13
bul_Cyrl,496,3,13
bul_Cyrl,496,4,13
bul_Cyrl,496,5,13
bul_Cyrl,496,6,13
bul_Cyrl,496,7,13
bul_Cyrl,496,8,13
bul_Cyrl,496,9,13
bul_Cyrl,496,10,13
bul_Cyrl,496,11,13
bul_Cyrl,496,12,13
bul_Cyrl,496,13,13
bul_Cyrl,496,14,13
bul_Cyrl,496,15,13
bul_Cyrl,496,16,13
bul_Cyrl,496,17,13
bul_Cyrl,496,18,13
bul_Cyrl,496,19,13
bul_Cyrl,496,20,13
bul_Cyrl,497,0,60
bul_Cyrl,497,1,13
bul_Cyrl,497,2,13
bul_Cyrl,497,3,13
bul_Cyrl,497,4,13
bul_Cyrl,497,5,13
bul_Cyrl,497,6,13
bul_Cyrl,497,7,13
bul_Cyrl,497,8,13
bul_Cyrl,497,9,13
bul_Cyrl,497,10,13
bul_Cyrl,497,11,13
bul_Cyrl,497,12,13
bul_Cyrl,497,13,13
bul_Cyrl,497,14,13
bul_Cyrl,497,15,13
bul_Cyrl,497,16,13
bul_Cyrl,497,17,19
bul_Cyrl,497,18,13
bul_Cyrl,497,19,13
bul_Cyrl,497,20,13
bul_Cyrl,497,21,13
bul_Cyrl,497,22,13
bul_Cyrl,497,23,13
bul_Cyrl,497,24,13
bul_Cyrl,498,0,60
bul_Cyrl,498,1,13
bul_Cyrl,498,2,13
bul_Cyrl,498,3,13
bul_Cyrl,498,4,13
bul_Cyrl,498,5,13
bul_Cyrl,498,6,13
bul_Cyrl,498,7,13
bul_Cyrl,498,8,13
bul_Cyrl,498,9,13
bul_Cyrl,498,10,13
bul_Cyrl,498,11,13
bul_Cyrl,498,12,13
bul_Cyrl,498,13,13
bul_Cyrl,498,14,13
bul_Cyrl,498,15,13
bul_Cyrl,498,16,13
bul_Cyrl,498,17,13
bul_Cyrl,498,18,13
bul_Cyrl,498,19,13
bul_Cyrl,498,20,13
bul_Cyrl,498,21,19
bul_Cyrl,498,22,13
bul_Cyrl,498,23,13
bul_Cyrl,498,24,13
bul_Cyrl,499,0,60
bul_Cyrl,499,1,13
bul_Cyrl,499,2,13
bul_Cyrl,499,3,13
bul_Cyrl,499,4,13
bul_Cyrl,499,5,13
bul_Cyrl,499,6,13
bul_Cyrl,499,7,13
bul_Cyrl,499,8,13
bul_Cyrl,499,9,13
bul_Cyrl,499,10,39
bul_Cyrl,499,11,13
bul_Cyrl,499,12,13
bul_Cyrl,499,13,13
bul_Cyrl,499,14,13
bul_Cyrl,499,15,13
bul_Cyrl,499,16,13
bul_Cyrl,499,17,13
bul_Cyrl,499,18,1
bul_Cyrl,499,19,1
bul_Cyrl,499,20,13
bul_Cyrl,499,21,47
bul_Cyrl,499,22,13
bul_Cyrl,499,23,47
bul_Cyrl,499,24,13
bul_Cyrl,499,25,1
bul_Cyrl,499,26,13
bul_Cyrl,499,27,13
bul_Cyrl,499,28,52
bul_Cyrl,499,29,13
bul_Cyrl,499,30,13
bul_Cyrl,500,0,60
bul_Cyrl,500,1,13
bul_Cyrl,500,2,13
bul_Cyrl,500,3,13
bul_Cyrl,500,4,13
bul_Cyrl,500,5,13
bul_Cyrl,500,6,13
bul_Cyrl,500,7,13
bul_Cyrl,500,8,13
bul_Cyrl,500,9,13
bul_Cyrl,500,10,13
bul_Cyrl,500,11,13
bul_Cyrl,500,12,13
bul_Cyrl,500,13,13
bul_Cyrl,500,14,13
bul_Cyrl,500,15,13
bul_Cyrl,500,16,13
bul_Cyrl,500,17,13
bul_Cyrl,500,18,13
bul_Cyrl,500,19,13
bul_Cyrl,501,0,60
bul_Cyrl,501,1,13
bul_Cyrl,501,2,13
bul_Cyrl,501,3,13
bul_Cyrl,501,4,13
bul_Cyrl,501,5,13
bul_Cyrl,501,6,13
bul_Cyrl,501,7,13
bul_Cyrl,501,8,13
bul_Cyrl,501,9,52
bul_Cyrl,501,10,13
bul_Cyrl,501,11,13
bul_Cyrl,502,0,60
bul_Cyrl,502,1,13
bul_Cyrl,502,2,13
bul_Cyrl,502,3,13
bul_Cyrl,502,4,13
bul_Cyrl,502,5,13
bul_Cyrl,502,6,13
bul_Cyrl,502,7,13
bul_Cyrl,502,8,13
bul_Cyrl,502,9,13
bul_Cyrl,502,10,13
bul_Cyrl,502,11,13
bul_Cyrl,502,12,13
bul_Cyrl,502,13,13
bul_Cyrl,502,14,13
bul_Cyrl,502,15,13
bul_Cyrl,502,16,13
bul_Cyrl,502,17,13
bul_Cyrl,502,18,13
bul_Cyrl,502,19,13
bul_Cyrl,502,20,13
bul_Cyrl,502,21,13
bul_Cyrl,502,22,13
bul_Cyrl,502,23,13
bul_Cyrl,502,24,13
bul_Cyrl,502,25,13
bul_Cyrl,502,26,13
bul_Cyrl,503,0,60
bul_Cyrl,503,1,13
bul_Cyrl,503,2,13
bul_Cyrl,503,3,13
bul_Cyrl,503,4,13
bul_Cyrl,503,5,13
bul_Cyrl,503,6,13
bul_Cyrl,503,7,13
bul_Cyrl,503,8,13
bul_Cyrl,503,9,13
bul_Cyrl,503,10,13
bul_Cyrl,503,11,13
bul_Cyrl,503,12,13
bul_Cyrl,503,13,13
bul_Cyrl,503,14,13
bul_Cyrl,503,15,13
bul_Cyrl,503,16,13
bul_Cyrl,503,17,13
bul_Cyrl,503,18,13
bul_Cyrl,503,19,13
bul_Cyrl,503,20,13
bul_Cyrl,503,21,13
bul_Cyrl,503,22,13
bul_Cyrl,504,0,60
bul_Cyrl,504,1,9
bul_Cyrl,504,2,13
bul_Cyrl,504,3,13
bul_Cyrl,504,4,13
bul_Cyrl,504,5,13
bul_Cyrl,504,6,13
bul_Cyrl,504,7,13
bul_Cyrl,504,8,13
bul_Cyrl,504,9,13
bul_Cyrl,504,10,13
bul_Cyrl,504,11,13
bul_Cyrl,504,12,13
bul_Cyrl,504,13,13
bul_Cyrl,504,14,13
bul_Cyrl,504,15,13
bul_Cyrl,504,16,13
bul_Cyrl,505,0,60
bul_Cyrl,505,1,40
bul_Cyrl,505,2,8
bul_Cyrl,505,3,8
bul_Cyrl,505,4,8
bul_Cyrl,505,5,12
bul_Cyrl,505,6,11
bul_Cyrl,505,7,13
bul_Cyrl,505,8,19
bul_Cyrl,505,9,13
bul_Cyrl,505,10,13
bul_Cyrl,505,11,13
bul_Cyrl,505,12,13
bul_Cyrl,505,13,13
bul_Cyrl,505,14,13
bul_Cyrl,505,15,13
bul_Cyrl,505,16,13
bul_Cyrl,505,17,13
bul_Cyrl,505,18,13
bul_Cyrl,505,19,13
bul_Cyrl,505,20,13
bul_Cyrl,506,0,60
bul_Cyrl,506,1,13
bul_Cyrl,506,2,13
bul_Cyrl,506,3,13
bul_Cyrl,506,4,13
bul_Cyrl,506,5,47
bul_Cyrl,506,6,13
bul_Cyrl,506,7,13
bul_Cyrl,506,8,13
bul_Cyrl,506,9,13
bul_Cyrl,506,10,13
bul_Cyrl,506,11,13
bul_Cyrl,506,12,13
bul_Cyrl,506,13,13
bul_Cyrl,506,14,13
bul_Cyrl,506,15,13
bul_Cyrl,506,16,13
bul_Cyrl,506,17,13
bul_Cyrl,506,18,13
bul_Cyrl,506,19,13
bul_Cyrl,506,20,13
bul_Cyrl,507,0,60
bul_Cyrl,507,1,13
bul_Cyrl,507,2,13
bul_Cyrl,507,3,40
bul_Cyrl,507,4,13
bul_Cyrl,508,0,60
bul_Cyrl,508,1,13
bul_Cyrl,508,2,13
bul_Cyrl,508,3,13
bul_Cyrl,508,4,13
bul_Cyrl,508,5,13
bul_Cyrl,508,6,13
bul_Cyrl,508,7,13
bul_Cyrl,508,8,13
bul_Cyrl,508,9,13
bul_Cyrl,509,0,60
bul_Cyrl,509,1,13
bul_Cyrl,509,2,13
bul_Cyrl,509,3,13
bul_Cyrl,509,4,13
bul_Cyrl,509,5,13
bul_Cyrl,509,6,13
bul_Cyrl,509,7,13
bul_Cyrl,509,8,13
bul_Cyrl,509,9,13
bul_Cyrl,509,10,13
bul_Cyrl,509,11,13
bul_Cyrl,509,12,13
bul_Cyrl,509,13,27
bul_Cyrl,509,14,13
bul_Cyrl,509,15,13
bul_Cyrl,509,16,13
bul_Cyrl,509,17,13
bul_Cyrl,509,18,13
bul_Cyrl,509,19,13
bul_Cyrl,509,20,13
bul_Cyrl,509,21,13
bul_Cyrl,509,22,13
bul_Cyrl,509,23,13
bul_Cyrl,509,24,13
bul_Cyrl,510,0,60
bul_Cyrl,510,1,24
bul_Cyrl,510,2,61
bul_Cyrl,510,3,40
bul_Cyrl,510,4,7
bul_Cyrl,510,5,36
bul_Cyrl,511,0,60
bul_Cyrl,511,1,13
bul_Cyrl,511,2,13
bul_Cyrl,511,3,13
bul_Cyrl,511,4,13
bul_Cyrl,511,5,13
bul_Cyrl,511,6,13
bul_Cyrl,511,7,13
bul_Cyrl,511,8,13
bul_Cyrl,511,9,13
bul_Cyrl,511,10,13
bul_Cyrl,511,11,13
bul_Cyrl,511,12,60
bul_Cyrl,511,13,52
bul_Cyrl,511,14,13
bul_Cyrl,511,15,13
bul_Cyrl,511,16,13
bul_Cyrl,511,17,13
bul_Cyrl,511,18,13
bul_Cyrl,511,19,13
bul_Cyrl,511,20,52
bul_Cyrl,511,21,13
bul_Cyrl,511,22,13
bul_Cyrl,511,23,13
bul_Cyrl,511,24,13
bul_Cyrl,511,25,13
bul_Cyrl,511,26,13
bul_Cyrl,512,0,60
bul_Cyrl,512,1,13
bul_Cyrl,512,2,13
bul_Cyrl,512,3,13
bul_Cyrl,512,4,13
bul_Cyrl,512,5,13
bul_Cyrl,512,6,13
bul_Cyrl,512,7,13
bul_Cyrl,512,8,13
bul_Cyrl,512,9,13
bul_Cyrl,512,10,13
bul_Cyrl,512,11,13
bul_Cyrl,512,12,13
bul_Cyrl,512,13,13
bul_Cyrl,512,14,13
bul_Cyrl,512,15,13
bul_Cyrl,512,16,13
bul_Cyrl,512,17,13
bul_Cyrl,512,18,13
bul_Cyrl,512,19,13
bul_Cyrl,512,20,13
bul_Cyrl,512,21,13
bul_Cyrl,512,22,13
eng_Latn,513,0,60
eng_Latn,513,1,13
eng_Latn,513,2,13
eng_Latn,513,3,5
eng_Latn,513,4,7
eng_Latn,514,0,60
eng_Latn,514,1,47
eng_Latn,514,2,47
eng_Latn,514,3,40
eng_Latn,514,4,56
eng_Latn,514,5,46
eng_Latn,514,6,59
eng_Latn,514,7,59
eng_Latn,514,8,7
eng_Latn,514,9,33
eng_Latn,515,0,60
eng_Latn,515,1,20
eng_Latn,515,2,62
eng_Latn,515,3,46
eng_Latn,516,0,60
eng_Latn,516,1,9
eng_Latn,516,2,22
eng_Latn,516,3,11
eng_Latn,516,4,40
bul_Cyrl,517,0,60
bul_Cyrl,517,1,13
bul_Cyrl,517,2,13
bul_Cyrl,517,3,13
bul_Cyrl,517,4,13
bul_Cyrl,517,5,13
bul_Cyrl,517,6,13
bul_Cyrl,517,7,13
bul_Cyrl,517,8,13
bul_Cyrl,517,9,13
bul_Cyrl,517,10,13
bul_Cyrl,517,11,13
bul_Cyrl,517,12,13
bul_Cyrl,517,13,13
bul_Cyrl,517,14,13
bul_Cyrl,517,15,13
bul_Cyrl,517,16,47
bul_Cyrl,517,17,27
bul_Cyrl,517,18,13
bul_Cyrl,517,19,13
bul_Cyrl,517,20,13
bul_Cyrl,517,21,13
bul_Cyrl,518,0,60
bul_Cyrl,518,1,13
bul_Cyrl,518,2,13
bul_Cyrl,518,3,13
bul_Cyrl,518,4,9
bul_Cyrl,518,5,13
bul_Cyrl,518,6,13
bul_Cyrl,518,7,13
bul_Cyrl,518,8,13
bul_Cyrl,518,9,13
bul_Cyrl,518,10,13
bul_Cyrl,518,11,13
bul_Cyrl,518,12,13
bul_Cyrl,518,13,52
bul_Cyrl,519,0,60
bul_Cyrl,519,1,19
bul_Cyrl,519,2,26
eng_Latn,520,0,60
eng_Latn,520,1,35
eng_Latn,520,2,56
eng_Latn,520,3,16
eng_Latn,520,4,16
eng_Latn,520,5,54
eng_Latn,520,6,38
eng_Latn,520,7,50
eng_Latn,520,8,63
bul_Cyrl,521,0,60
bul_Cyrl,521,1,13
bul_Cyrl,521,2,13
bul_Cyrl,521,3,13
bul_Cyrl,521,4,13
bul_Cyrl,521,5,13
bul_Cyrl,521,6,13
bul_Cyrl,521,7,13
bul_Cyrl,521,8,13
bul_Cyrl,521,9,13
bul_Cyrl,521,10,12
bul_Cyrl,521,11,13
bul_Cyrl,521,12,13
bul_Cyrl,521,13,13
bul_Cyrl,521,14,13
bul_Cyrl,521,15,13
bul_Cyrl,521,16,13
bul_Cyrl,521,17,19
bul_Cyrl,521,18,13
bul_Cyrl,521,19,13
bul_Cyrl,521,20,13
bul_Cyrl,521,21,1
bul_Cyrl,521,22,13
bul_Cyrl,521,23,13
bul_Cyrl,521,24,13
bul_Cyrl,521,25,13
bul_Cyrl,521,26,13
bul_Cyrl,521,27,13
bul_Cyrl,522,0,60
bul_Cyrl,522,1,13
bul_Cyrl,522,2,13
bul_Cyrl,522,3,13
bul_Cyrl,522,4,13
bul_Cyrl,522,5,13
bul_Cyrl,522,6,13
bul_Cyrl,522,7,1
bul_Cyrl,522,8,13
bul_Cyrl,522,9,13
bul_Cyrl,522,10,13
bul_Cyrl,522,11,13
bul_Cyrl,522,12,13
bul_Cyrl,522,13,13
bul_Cyrl,522,14,52
bul_Cyrl,522,15,52
bul_Cyrl,522,16,13
bul_Cyrl,522,17,13
bul_Cyrl,522,18,13
bul_Cyrl,523,0,60
bul_Cyrl,523,1,13
bul_Cyrl,523,2,13
bul_Cyrl,523,3,13
bul_Cyrl,523,4,13
bul_Cyrl,523,5,13
bul_Cyrl,523,6,13
bul_Cyrl,523,7,13
bul_Cyrl,523,8,13
bul_Cyrl,523,9,13
bul_Cyrl,523,10,13
bul_Cyrl,523,11,13
bul_Cyrl,523,12,13
bul_Cyrl,523,13,13
bul_Cyrl,523,14,13
bul_Cyrl,523,15,13
bul_Cyrl,523,16,13
bul_Cyrl,523,17,13
bul_Cyrl,523,18,13
bul_Cyrl,523,19,13
bul_Cyrl,523,20,13
bul_Cyrl,524,0,60
bul_Cyrl,524,1,13
bul_Cyrl,524,2,13
bul_Cyrl,524,3,13
bul_Cyrl,524,4,9
bul_Cyrl,524,5,13
bul_Cyrl,524,6,13
bul_Cyrl,524,7,13
bul_Cyrl,524,8,13
bul_Cyrl,524,9,13
bul_Cyrl,524,10,13
bul_Cyrl,524,11,13
bul_Cyrl,524,12,13
bul_Cyrl,524,13,13
bul_Cyrl,524,14,13
bul_Cyrl,524,15,34
bul_Cyrl,524,16,13
bul_Cyrl,524,17,13
bul_Cyrl,524,18,13
bul_Cyrl,524,19,13
bul_Cyrl,524,20,13
bul_Cyrl,524,21,13
bul_Cyrl,525,0,60
bul_Cyrl,525,1,13
bul_Cyrl,525,2,13
bul_Cyrl,525,3,13
bul_Cyrl,525,4,13
bul_Cyrl,525,5,13
bul_Cyrl,525,6,13
bul_Cyrl,525,7,13
bul_Cyrl,525,8,13
bul_Cyrl,525,9,13
bul_Cyrl,525,10,13
bul_Cyrl,525,11,13
bul_Cyrl,525,12,47
bul_Cyrl,525,13,13
bul_Cyrl,525,14,13
bul_Cyrl,525,15,13
bul_Cyrl,525,16,13
bul_Cyrl,525,17,13
bul_Cyrl,525,18,13
bul_Cyrl,525,19,13
bul_Cyrl,525,20,13
bul_Cyrl,525,21,13
bul_Cyrl,525,22,13
bul_Cyrl,525,23,13
bul_Cyrl,526,0,60
bul_Cyrl,526,1,13
bul_Cyrl,526,2,13
bul_Cyrl,526,3,13
bul_Cyrl,526,4,13
bul_Cyrl,526,5,13
bul_Cyrl,526,6,13
bul_Cyrl,526,7,24
bul_Cyrl,526,8,7
bul_Cyrl,526,9,13
bul_Cyrl,526,10,13
bul_Cyrl,526,11,13
bul_Cyrl,526,12,13
bul_Cyrl,526,13,13
bul_Cyrl,526,14,13
bul_Cyrl,526,15,13
bul_Cyrl,526,16,13
bul_Cyrl,526,17,13
bul_Cyrl,526,18,12
bul_Cyrl,526,19,39
bul_Cyrl,526,20,13
bul_Cyrl,526,21,12
bul_Cyrl,526,22,13
bul_Cyrl,526,23,13
bul_Cyrl,527,0,60
bul_Cyrl,527,1,13
bul_Cyrl,527,2,12
bul_Cyrl,527,3,13
bul_Cyrl,527,4,13
bul_Cyrl,527,5,13
bul_Cyrl,527,6,13
bul_Cyrl,527,7,13
bul_Cyrl,527,8,13
bul_Cyrl,527,9,13
bul_Cyrl,527,10,13
bul_Cyrl,527,11,52
bul_Cyrl,527,12,13
bul_Cyrl,527,13,13
bul_Cyrl,527,14,13
bul_Cyrl,528,0,60
bul_Cyrl,528,1,13
bul_Cyrl,528,2,13
bul_Cyrl,528,3,13
bul_Cyrl,528,4,13
bul_Cyrl,528,5,13
bul_Cyrl,528,6,13
bul_Cyrl,528,7,13
bul_Cyrl,528,8,13
bul_Cyrl,528,9,13
eng_Latn,529,0,60
eng_Latn,529,1,9
eng_Latn,529,2,56
eng_Latn,529,3,54
eng_Latn,529,4,50
eng_Latn,529,5,20
eng_Latn,529,6,57
eng_Latn,529,7,41
bul_Cyrl,530,0,60
bul_Cyrl,530,1,13
bul_Cyrl,530,2,13
bul_Cyrl,530,3,13
bul_Cyrl,530,4,13
bul_Cyrl,530,5,13
bul_Cyrl,530,6,13
bul_Cyrl,530,7,13
bul_Cyrl,530,8,13
bul_Cyrl,530,9,13
bul_Cyrl,530,10,13
bul_Cyrl,530,11,13
bul_Cyrl,530,12,13
bul_Cyrl,530,13,13
bul_Cyrl,530,14,13
bul_Cyrl,530,15,13
bul_Cyrl,530,16,13
bul_Cyrl,530,17,13
bul_Cyrl,530,18,13
bul_Cyrl,530,19,13
bul_Cyrl,530,20,13
bul_Cyrl,530,21,40
bul_Cyrl,530,22,47
bul_Cyrl,530,23,13
bul_Cyrl,531,0,60
bul_Cyrl,531,1,13
bul_Cyrl,531,2,13
bul_Cyrl,531,3,13
bul_Cyrl,531,4,13
bul_Cyrl,531,5,13
bul_Cyrl,531,6,13
bul_Cyrl,531,7,13
bul_Cyrl,531,8,13
bul_Cyrl,531,9,13
bul_Cyrl,531,10,13
bul_Cyrl,531,11,13
bul_Cyrl,531,12,13
bul_Cyrl,531,13,13
bul_Cyrl,531,14,13
bul_Cyrl,531,15,13
bul_Cyrl,531,16,13
bul_Cyrl,531,17,19
bul_Cyrl,531,18,40
bul_Cyrl,531,19,13
bul_Cyrl,532,0,60
bul_Cyrl,532,1,13
bul_Cyrl,532,2,13
bul_Cyrl,532,3,13
bul_Cyrl,532,4,13
bul_Cyrl,532,5,13
bul_Cyrl,532,6,13
bul_Cyrl,532,7,13
bul_Cyrl,532,8,13
bul_Cyrl,532,9,13
bul_Cyrl,532,10,13
bul_Cyrl,532,11,13
bul_Cyrl,533,0,60
bul_Cyrl,533,1,13
bul_Cyrl,533,2,13
bul_Cyrl,533,3,13
bul_Cyrl,533,4,13
bul_Cyrl,533,5,13
bul_Cyrl,533,6,13
bul_Cyrl,533,7,13
bul_Cyrl,533,8,13
bul_Cyrl,533,9,19
bul_Cyrl,533,10,13
bul_Cyrl,533,11,13
bul_Cyrl,533,12,61
bul_Cyrl,533,13,13
bul_Cyrl,533,14,13
bul_Cyrl,533,15,13
bul_Cyrl,533,16,13
bul_Cyrl,533,17,19
bul_Cyrl,534,0,60
bul_Cyrl,534,1,13
bul_Cyrl,534,2,13
bul_Cyrl,534,3,13
bul_Cyrl,534,4,13
bul_Cyrl,534,5,13
bul_Cyrl,534,6,13
bul_Cyrl,534,7,13
bul_Cyrl,534,8,13
bul_Cyrl,534,9,26
bul_Cyrl,534,10,13
bul_Cyrl,534,11,13
bul_Cyrl,534,12,13
bul_Cyrl,534,13,13
bul_Cyrl,534,14,13
bul_Cyrl,534,15,13
bul_Cyrl,534,16,13
bul_Cyrl,534,17,13
bul_Cyrl,534,18,13
bul_Cyrl,534,19,13
bul_Cyrl,534,20,13
bul_Cyrl,534,21,13
bul_Cyrl,534,22,13
bul_Cyrl,534,23,13
bul_Cyrl,534,24,13
bul_Cyrl,534,25,13
bul_Cyrl,534,26,13
bul_Cyrl,534,27,13
bul_Cyrl,534,28,13
bul_Cyrl,535,0,60
bul_Cyrl,535,1,13
bul_Cyrl,535,2,13
bul_Cyrl,535,3,13
bul_Cyrl,535,4,13
bul_Cyrl,535,5,13
bul_Cyrl,535,6,13
bul_Cyrl,535,7,19
bul_Cyrl,535,8,13
bul_Cyrl,535,9,13
bul_Cyrl,535,10,13
bul_Cyrl,535,11,13
bul_Cyrl,535,12,13
bul_Cyrl,535,13,13
bul_Cyrl,535,14,13
bul_Cyrl,535,15,13
bul_Cyrl,535,16,13
bul_Cyrl,535,17,13
bul_Cyrl,536,0,60
bul_Cyrl,536,1,13
bul_Cyrl,536,2,19
bul_Cyrl,536,3,13
bul_Cyrl,536,4,13
bul_Cyrl,536,5,13
bul_Cyrl,536,6,13
bul_Cyrl,536,7,13
bul_Cyrl,536,8,13
bul_Cyrl,536,9,13
bul_Cyrl,536,10,13
bul_Cyrl,536,11,13
bul_Cyrl,536,12,13
bul_Cyrl,536,13,13
bul_Cyrl,536,14,13
bul_Cyrl,536,15,13
bul_Cyrl,536,16,13
bul_Cyrl,536,17,13
bul_Cyrl,536,18,13
bul_Cyrl,536,19,13
bul_Cyrl,536,20,13
bul_Cyrl,536,21,19
bul_Cyrl,536,22,13
bul_Cyrl,536,23,13
bul_Cyrl,536,24,13
bul_Cyrl,536,25,13
bul_Cyrl,536,26,13
bul_Cyrl,536,27,13
bul_Cyrl,536,28,13
bul_Cyrl,536,29,13
bul_Cyrl,537,0,60
bul_Cyrl,537,1,13
bul_Cyrl,537,2,13
bul_Cyrl,537,3,13
bul_Cyrl,537,4,13
bul_Cyrl,537,5,13
bul_Cyrl,537,6,13
bul_Cyrl,537,7,13
bul_Cyrl,537,8,7
bul_Cyrl,538,0,60
bul_Cyrl,538,1,13
bul_Cyrl,538,2,52
bul_Cyrl,538,3,13
bul_Cyrl,538,4,13
bul_Cyrl,538,5,13
bul_Cyrl,538,6,13
bul_Cyrl,538,7,13
bul_Cyrl,538,8,13
bul_Cyrl,538,9,13
bul_Cyrl,538,10,13
bul_Cyrl,538,11,13
bul_Cyrl,538,12,13
bul_Cyrl,538,13,13
bul_Cyrl,538,14,13
bul_Cyrl,538,15,13
bul_Cyrl,538,16,13
bul_Cyrl,538,17,13
bul_Cyrl,538,18,13
bul_Cyrl,538,19,13
bul_Cyrl,538,20,13
eng_Latn,539,0,60
eng_Latn,539,1,54
eng_Latn,539,2,15
eng_Latn,539,3,53
eng_Latn,539,4,41
eng_Latn,539,5,17
bul_Cyrl,540,0,60
bul_Cyrl,540,1,13
bul_Cyrl,540,2,13
bul_Cyrl,540,3,13
bul_Cyrl,540,4,13
bul_Cyrl,540,5,13
bul_Cyrl,540,6,13
bul_Cyrl,540,7,13
bul_Cyrl,540,8,13
bul_Cyrl,540,9,13
bul_Cyrl,540,10,13
bul_Cyrl,540,11,13
bul_Cyrl,540,12,13
bul_Cyrl,540,13,13
bul_Cyrl,540,14,13
bul_Cyrl,540,15,13
bul_Cyrl,540,16,13
bul_Cyrl,540,17,52
bul_Cyrl,540,18,13
bul_Cyrl,540,19,13
bul_Cyrl,540,20,13
bul_Cyrl,540,21,13
eng_Latn,541,0,60
eng_Latn,541,1,12
eng_Latn,541,2,42
eng_Latn,541,3,22
eng_Latn,541,4,27
eng_Latn,541,5,49
eng_Latn,541,6,12
eng_Latn,541,7,22
eng_Latn,541,8,22
eng_Latn,542,0,60
eng_Latn,542,1,52
eng_Latn,542,2,1
eng_Latn,542,3,22
eng_Latn,542,4,12
eng_Latn,542,5,54
eng_Latn,542,6,24
eng_Latn,542,7,46
eng_Latn,542,8,46
eng_Latn,542,9,7
eng_Latn,542,10,48
eng_Latn,542,11,16
bul_Cyrl,543,0,60
bul_Cyrl,543,1,13
bul_Cyrl,543,2,13
bul_Cyrl,543,3,13
bul_Cyrl,543,4,13
bul_Cyrl,543,5,13
bul_Cyrl,543,6,13
bul_Cyrl,543,7,52
bul_Cyrl,543,8,13
bul_Cyrl,543,9,13
bul_Cyrl,543,10,13
bul_Cyrl,543,11,13
bul_Cyrl,543,12,13
bul_Cyrl,543,13,13
bul_Cyrl,543,14,13
bul_Cyrl,543,15,13
bul_Cyrl,543,16,13
bul_Cyrl,543,17,13
bul_Cyrl,543,18,13
bul_Cyrl,544,0,60
bul_Cyrl,544,1,13
bul_Cyrl,544,2,13
bul_Cyrl,544,3,13
bul_Cyrl,544,4,13
bul_Cyrl,544,5,13
bul_Cyrl,544,6,13
bul_Cyrl,544,7,13
bul_Cyrl,544,8,13
bul_Cyrl,544,9,13
bul_Cyrl,544,10,13
bul_Cyrl,544,11,13
bul_Cyrl,544,12,13
bul_Cyrl,544,13,13
bul_Cyrl,544,14,13
bul_Cyrl,544,15,13
bul_Cyrl,544,16,13
bul_Cyrl,544,17,13
bul_Cyrl,544,18,13
bul_Cyrl,544,19,13
bul_Cyrl,545,0,60
bul_Cyrl,545,1,13
bul_Cyrl,545,2,13
bul_Cyrl,545,3,13
bul_Cyrl,545,4,13
bul_Cyrl,545,5,13
bul_Cyrl,545,6,13
bul_Cyrl,545,7,13
bul_Cyrl,545,8,13
bul_Cyrl,545,9,13
bul_Cyrl,545,10,13
bul_Cyrl,545,11,13
bul_Cyrl,545,12,19
bul_Cyrl,545,13,13
bul_Cyrl,545,14,26
bul_Cyrl,545,15,26
bul_Cyrl,545,16,13
bul_Cyrl,545,17,26
bul_Cyrl,545,18,13
bul_Cyrl,546,0,60
bul_Cyrl,546,1,13
bul_Cyrl,546,2,13
bul_Cyrl,546,3,13
bul_Cyrl,546,4,13
bul_Cyrl,546,5,13
bul_Cyrl,546,6,13
bul_Cyrl,547,0,60
bul_Cyrl,547,1,13
bul_Cyrl,547,2,13
bul_Cyrl,547,3,13
bul_Cyrl,547,4,13
bul_Cyrl,547,5,13
bul_Cyrl,547,6,13
bul_Cyrl,547,7,13
bul_Cyrl,547,8,13
bul_Cyrl,547,9,13
bul_Cyrl,547,10,13
bul_Cyrl,547,11,13
bul_Cyrl,547,12,13
bul_Cyrl,547,13,13
bul_Cyrl,547,14,13
bul_Cyrl,547,15,13
bul_Cyrl,547,16,13
bul_Cyrl,547,17,13
bul_Cyrl,547,18,13
eng_Latn,548,0,60
eng_Latn,548,1,23
eng_Latn,548,2,8
eng_Latn,548,3,15
bul_Cyrl,549,0,60
bul_Cyrl,549,1,9
bul_Cyrl,549,2,13
bul_Cyrl,549,3,13
bul_Cyrl,549,4,52
bul_Cyrl,549,5,52
bul_Cyrl,549,6,13
bul_Cyrl,550,0,60
bul_Cyrl,550,1,19
bul_Cyrl,550,2,47
bul_Cyrl,550,3,15
bul_Cyrl,550,4,12
bul_Cyrl,550,5,13
bul_Cyrl,550,6,13
bul_Cyrl,550,7,13
bul_Cyrl,550,8,13
bul_Cyrl,550,9,13
bul_Cyrl,550,10,60
bul_Cyrl,550,11,22
bul_Cyrl,550,12,58
bul_Cyrl,550,13,13
bul_Cyrl,550,14,13
bul_Cyrl,550,15,13
bul_Cyrl,550,16,13
bul_Cyrl,551,0,60
bul_Cyrl,551,1,11
bul_Cyrl,551,2,58
bul_Cyrl,551,3,12
bul_Cyrl,551,4,39
bul_Cyrl,552,0,60
bul_Cyrl,552,1,13
bul_Cyrl,552,2,13
bul_Cyrl,552,3,13
bul_Cyrl,552,4,13
bul_Cyrl,552,5,13
bul_Cyrl,552,6,13
bul_Cyrl,552,7,13
bul_Cyrl,552,8,13
bul_Cyrl,552,9,13
bul_Cyrl,552,10,13
bul_Cyrl,552,11,13
bul_Cyrl,552,12,13
bul_Cyrl,552,13,13
bul_Cyrl,552,14,13
bul_Cyrl,552,15,13
bul_Cyrl,552,16,13
bul_Cyrl,552,17,13
bul_Cyrl,552,18,13
bul_Cyrl,552,19,13
bul_Cyrl,552,20,19
bul_Cyrl,552,21,13
bul_Cyrl,552,22,13
bul_Cyrl,553,0,60
bul_Cyrl,553,1,13
bul_Cyrl,553,2,13
bul_Cyrl,553,3,13
bul_Cyrl,553,4,13
bul_Cyrl,553,5,13
bul_Cyrl,553,6,13
bul_Cyrl,553,7,27
bul_Cyrl,553,8,27
bul_Cyrl,553,9,13
bul_Cyrl,553,10,13
bul_Cyrl,553,11,13
bul_Cyrl,553,12,52
bul_Cyrl,553,13,13
bul_Cyrl,553,14,24
bul_Cyrl,553,15,13
bul_Cyrl,553,16,13
bul_Cyrl,553,17,13
bul_Cyrl,553,18,13
bul_Cyrl,553,19,13
bul_Cyrl,554,0,60
bul_Cyrl,554,1,13
bul_Cyrl,554,2,13
bul_Cyrl,554,3,13
bul_Cyrl,554,4,13
bul_Cyrl,554,5,13
bul_Cyrl,554,6,13
bul_Cyrl,554,7,13
bul_Cyrl,554,8,13
bul_Cyrl,554,9,13
bul_Cyrl,554,10,13
bul_Cyrl,554,11,13
bul_Cyrl,554,12,47
bul_Cyrl,554,13,13
bul_Cyrl,554,14,13
bul_Cyrl,554,15,13
bul_Cyrl,554,16,13
bul_Cyrl,554,17,13
bul_Cyrl,554,18,13
bul_Cyrl,554,19,13
bul_Cyrl,555,0,60
bul_Cyrl,555,1,13
bul_Cyrl,555,2,13
bul_Cyrl,555,3,13
bul_Cyrl,555,4,13
bul_Cyrl,555,5,13
bul_Cyrl,555,6,13
bul_Cyrl,555,7,13
bul_Cyrl,555,8,13
bul_Cyrl,555,9,13
bul_Cyrl,555,10,13
bul_Cyrl,555,11,13
bul_Cyrl,555,12,13
bul_Cyrl,555,13,13
bul_Cyrl,555,14,13
bul_Cyrl,555,15,13
bul_Cyrl,555,16,13
bul_Cyrl,555,17,13
bul_Cyrl,555,18,13
bul_Cyrl,555,19,13
bul_Cyrl,556,0,60
bul_Cyrl,556,1,13
bul_Cyrl,556,2,13
bul_Cyrl,556,3,13
bul_Cyrl,556,4,47
bul_Cyrl,556,5,13
bul_Cyrl,556,6,13
bul_Cyrl,556,7,13
bul_Cyrl,556,8,13
bul_Cyrl,556,9,13
bul_Cyrl,556,10,13
bul_Cyrl,556,11,13
bul_Cyrl,556,12,13
bul_Cyrl,556,13,13
bul_Cyrl,556,14,13
bul_Cyrl,556,15,13
bul_Cyrl,556,16,13
bul_Cyrl,556,17,13
bul_Cyrl,556,18,13
eng_Latn,557,0,60
eng_Latn,557,1,18
eng_Latn,557,2,18
eng_Latn,557,3,29
eng_Latn,557,4,51
eng_Latn,557,5,52
eng_Latn,557,6,49
bul_Cyrl,558,0,60
bul_Cyrl,558,1,19
bul_Cyrl,558,2,47
bul_Cyrl,558,3,19
bul_Cyrl,558,4,39
bul_Cyrl,558,5,13
bul_Cyrl,558,6,13
bul_Cyrl,558,7,13
bul_Cyrl,558,8,13
bul_Cyrl,558,9,13
bul_Cyrl,558,10,13
bul_Cyrl,558,11,13
bul_Cyrl,558,12,13
bul_Cyrl,558,13,13
bul_Cyrl,558,14,13
bul_Cyrl,558,15,13
bul_Cyrl,558,16,13
bul_Cyrl,558,17,1
bul_Cyrl,558,18,13
bul_Cyrl,558,19,13
bul_Cyrl,559,0,60
bul_Cyrl,559,1,13
bul_Cyrl,559,2,13
bul_Cyrl,559,3,13
bul_Cyrl,559,4,13
bul_Cyrl,559,5,13
bul_Cyrl,559,6,13
bul_Cyrl,559,7,13
bul_Cyrl,559,8,13
bul_Cyrl,559,9,13
bul_Cyrl,559,10,13
bul_Cyrl,559,11,13
bul_Cyrl,559,12,13
bul_Cyrl,559,13,52
bul_Cyrl,560,0,60
bul_Cyrl,560,1,13
bul_Cyrl,560,2,13
bul_Cyrl,560,3,13
bul_Cyrl,560,4,13
bul_Cyrl,560,5,13
bul_Cyrl,560,6,13
eng_Latn,561,0,60
eng_Latn,561,1,39
eng_Latn,561,2,40
eng_Latn,561,3,18
eng_Latn,561,4,51
eng_Latn,561,5,18
eng_Latn,561,6,53
eng_Latn,561,7,16
bul_Cyrl,562,0,60
bul_Cyrl,562,1,13
bul_Cyrl,562,2,13
bul_Cyrl,562,3,13
bul_Cyrl,562,4,13
bul_Cyrl,562,5,13
bul_Cyrl,562,6,13
bul_Cyrl,562,7,13
bul_Cyrl,562,8,13
bul_Cyrl,562,9,13
bul_Cyrl,562,10,13
bul_Cyrl,562,11,13
bul_Cyrl,562,12,13
bul_Cyrl,562,13,13
bul_Cyrl,562,14,13
bul_Cyrl,562,15,13
bul_Cyrl,562,16,13
bul_Cyrl,562,17,13
bul_Cyrl,562,18,13
bul_Cyrl,562,19,13
bul_Cyrl,562,20,13
bul_Cyrl,562,21,13
bul_Cyrl,563,0,60
bul_Cyrl,563,1,13
bul_Cyrl,563,2,13
bul_Cyrl,563,3,13
bul_Cyrl,563,4,13
bul_Cyrl,563,5,13
bul_Cyrl,563,6,13
bul_Cyrl,563,7,13
bul_Cyrl,563,8,13
bul_Cyrl,563,9,13
bul_Cyrl,563,10,13
bul_Cyrl,563,11,13
bul_Cyrl,563,12,13
bul_Cyrl,563,13,13
eng_Latn,564,0,60
eng_Latn,564,1,49
eng_Latn,564,2,18
eng_Latn,564,3,35
eng_Latn,564,4,57
eng_Latn,564,5,53
eng_Latn,564,6,38
eng_Latn,564,7,51
eng_Latn,564,8,57
eng_Latn,564,9,51
bul_Cyrl,565,0,60
bul_Cyrl,565,1,24
bul_Cyrl,565,2,52
bul_Cyrl,565,3,58
bul_Cyrl,565,4,24
bul_Cyrl,565,5,52
bul_Cyrl,565,6,58
bul_Cyrl,565,7,12
bul_Cyrl,565,8,52
bul_Cyrl,566,0,60
bul_Cyrl,566,1,19
bul_Cyrl,566,2,40
bul_Cyrl,566,3,1
bul_Cyrl,566,4,62
bul_Cyrl,566,5,24
bul_Cyrl,566,6,52
bul_Cyrl,566,7,12
bul_Cyrl,566,8,11
bul_Cyrl,566,9,13
bul_Cyrl,566,10,13
bul_Cyrl,566,11,13
bul_Cyrl,566,12,13
bul_Cyrl,566,13,13
bul_Cyrl,566,14,13
bul_Cyrl,566,15,13
bul_Cyrl,566,16,13
bul_Cyrl,566,17,13
bul_Cyrl,566,18,13
bul_Cyrl,566,19,13
bul_Cyrl,566,20,13
bul_Cyrl,566,21,13
bul_Cyrl,566,22,13
bul_Cyrl,567,0,60
bul_Cyrl,567,1,13
bul_Cyrl,567,2,13
bul_Cyrl,567,3,13
bul_Cyrl,567,4,13
bul_Cyrl,567,5,13
bul_Cyrl,567,6,13
bul_Cyrl,567,7,13
bul_Cyrl,567,8,13
bul_Cyrl,567,9,13
bul_Cyrl,567,10,13
bul_Cyrl,567,11,13
bul_Cyrl,567,12,13
bul_Cyrl,567,13,13
bul_Cyrl,567,14,13
bul_Cyrl,567,15,13
bul_Cyrl,567,16,13
bul_Cyrl,567,17,13
bul_Cyrl,568,0,60
bul_Cyrl,568,1,13
bul_Cyrl,568,2,13
bul_Cyrl,568,3,13
bul_Cyrl,568,4,13
bul_Cyrl,568,5,13
bul_Cyrl,568,6,13
bul_Cyrl,568,7,13
bul_Cyrl,568,8,13
bul_Cyrl,568,9,9
bul_Cyrl,568,10,13
bul_Cyrl,568,11,13
bul_Cyrl,568,12,13
bul_Cyrl,569,0,60
bul_Cyrl,569,1,13
bul_Cyrl,569,2,13
bul_Cyrl,569,3,13
bul_Cyrl,569,4,13
bul_Cyrl,569,5,13
bul_Cyrl,569,6,13
bul_Cyrl,569,7,13
bul_Cyrl,569,8,13
bul_Cyrl,569,9,13
bul_Cyrl,569,10,13
bul_Cyrl,569,11,13
bul_Cyrl,569,12,13
bul_Cyrl,569,13,19
bul_Cyrl,569,14,13
bul_Cyrl,569,15,13
bul_Cyrl,569,16,13
bul_Cyrl,569,17,13
bul_Cyrl,569,18,61
bul_Cyrl,569,19,13
bul_Cyrl,569,20,13
bul_Cyrl,569,21,13
bul_Cyrl,569,22,13
bul_Cyrl,569,23,13
bul_Cyrl,569,24,13
bul_Cyrl,569,25,13
bul_Cyrl,570,0,60
bul_Cyrl,570,1,13
bul_Cyrl,570,2,13
bul_Cyrl,570,3,13
bul_Cyrl,570,4,13
bul_Cyrl,570,5,13
bul_Cyrl,570,6,13
bul_Cyrl,570,7,13
bul_Cyrl,570,8,13
bul_Cyrl,570,9,13
bul_Cyrl,570,10,13
bul_Cyrl,570,11,13
bul_Cyrl,570,12,13
bul_Cyrl,570,13,13
bul_Cyrl,570,14,13
bul_Cyrl,570,15,13
bul_Cyrl,570,16,13
bul_Cyrl,570,17,13
bul_Cyrl,570,18,13
bul_Cyrl,571,0,60
bul_Cyrl,571,1,13
bul_Cyrl,571,2,13
bul_Cyrl,571,3,13
bul_Cyrl,571,4,13
bul_Cyrl,571,5,13
bul_Cyrl,571,6,13
bul_Cyrl,571,7,12
bul_Cyrl,571,8,13
bul_Cyrl,571,9,13
bul_Cyrl,572,0,60
bul_Cyrl,572,1,5
bul_Cyrl,572,2,52
bul_Cyrl,572,3,13
bul_Cyrl,572,4,52
bul_Cyrl,572,5,52
bul_Cyrl,572,6,52
bul_Cyrl,572,7,13
bul_Cyrl,573,0,60
bul_Cyrl,573,1,13
bul_Cyrl,573,2,13
bul_Cyrl,573,3,13
bul_Cyrl,573,4,13
bul_Cyrl,573,5,13
bul_Cyrl,573,6,13
bul_Cyrl,573,7,13
bul_Cyrl,573,8,13
bul_Cyrl,573,9,13
bul_Cyrl,573,10,13
bul_Cyrl,573,11,13
bul_Cyrl,574,0,60
bul_Cyrl,574,1,13
bul_Cyrl,574,2,13
bul_Cyrl,574,3,13
bul_Cyrl,574,4,13
bul_Cyrl,574,5,13
bul_Cyrl,574,6,13
bul_Cyrl,574,7,13
bul_Cyrl,574,8,13
bul_Cyrl,574,9,13
bul_Cyrl,574,10,13
bul_Cyrl,574,11,13
bul_Cyrl,574,12,13
bul_Cyrl,574,13,13
bul_Cyrl,574,14,13
bul_Cyrl,574,15,13
bul_Cyrl,574,16,13
bul_Cyrl,574,17,13
bul_Cyrl,574,18,13
bul_Cyrl,574,19,13
bul_Cyrl,574,20,13
bul_Cyrl,574,21,13
bul_Cyrl,574,22,13
bul_Cyrl,574,23,13
eng_Latn,575,0,60
eng_Latn,575,1,52
eng_Latn,575,2,53
eng_Latn,575,3,38
eng_Latn,575,4,52
eng_Latn,575,5,34
eng_Latn,575,6,61
eng_Latn,575,7,16
eng_Latn,575,8,35
eng_Latn,575,9,19
eng_Latn,575,10,15
bul_Cyrl,576,0,60
bul_Cyrl,576,1,19
bul_Cyrl,576,2,39
bul_Cyrl,577,0,60
bul_Cyrl,577,1,13
bul_Cyrl,577,2,13
bul_Cyrl,577,3,47
bul_Cyrl,577,4,13
bul_Cyrl,577,5,13
bul_Cyrl,577,6,13
bul_Cyrl,577,7,13
bul_Cyrl,577,8,13
bul_Cyrl,577,9,13
eng_Latn,578,0,60
eng_Latn,578,1,47
eng_Latn,578,2,33
eng_Latn,579,0,60
eng_Latn,579,1,45
eng_Latn,579,2,35
eng_Latn,579,3,18
eng_Latn,579,4,56
eng_Latn,579,5,38
eng_Latn,579,6,24
eng_Latn,579,7,55
eng_Latn,579,8,41
eng_Latn,579,9,43
eng_Latn,579,10,48
bul_Cyrl,580,0,60
bul_Cyrl,580,1,13
bul_Cyrl,580,2,13
bul_Cyrl,580,3,13
bul_Cyrl,580,4,13
bul_Cyrl,580,5,13
bul_Cyrl,580,6,47
bul_Cyrl,580,7,13
bul_Cyrl,580,8,1
bul_Cyrl,580,9,61
bul_Cyrl,580,10,13
bul_Cyrl,580,11,13
bul_Cyrl,580,12,13
bul_Cyrl,580,13,13
bul_Cyrl,580,14,13
bul_Cyrl,580,15,13
bul_Cyrl,580,16,13
bul_Cyrl,580,17,13
bul_Cyrl,580,18,13
bul_Cyrl,580,19,13
bul_Cyrl,580,20,19
bul_Cyrl,580,21,40
bul_Cyrl,581,0,60
bul_Cyrl,581,1,13
bul_Cyrl,581,2,13
bul_Cyrl,581,3,13
bul_Cyrl,581,4,13
bul_Cyrl,581,5,13
bul_Cyrl,581,6,13
bul_Cyrl,581,7,13
bul_Cyrl,581,8,13
bul_Cyrl,581,9,13
bul_Cyrl,581,10,13
bul_Cyrl,581,11,13
bul_Cyrl,581,12,13
bul_Cyrl,581,13,13
bul_Cyrl,581,14,19
bul_Cyrl,581,15,13
bul_Cyrl,581,16,13
bul_Cyrl,581,17,13
bul_Cyrl,581,18,13
bul_Cyrl,581,19,13
bul_Cyrl,581,20,13
bul_Cyrl,581,21,13
bul_Cyrl,581,22,13
bul_Cyrl,581,23,13
bul_Cyrl,582,0,60
bul_Cyrl,582,1,13
bul_Cyrl,582,2,13
bul_Cyrl,582,3,13
bul_Cyrl,582,4,13
bul_Cyrl,582,5,13
bul_Cyrl,582,6,13
bul_Cyrl,582,7,13
bul_Cyrl,582,8,13
bul_Cyrl,582,9,13
bul_Cyrl,582,10,13
bul_Cyrl,582,11,13
bul_Cyrl,582,12,13
bul_Cyrl,582,13,13
bul_Cyrl,582,14,13
bul_Cyrl,582,15,13
bul_Cyrl,582,16,13
bul_Cyrl,582,17,13
bul_Cyrl,582,18,13
bul_Cyrl,582,19,13
bul_Cyrl,582,20,13
bul_Cyrl,582,21,13
bul_Cyrl,582,22,13
bul_Cyrl,582,23,13
bul_Cyrl,582,24,13
eng_Latn,583,0,60
eng_Latn,583,1,9
eng_Latn,583,2,56
eng_Latn,583,3,56
eng_Latn,583,4,51
eng_Latn,583,5,54
eng_Latn,583,6,18
eng_Latn,583,7,16
eng_Latn,583,8,20
eng_Latn,583,9,16
bul_Cyrl,584,0,60
bul_Cyrl,584,1,13
bul_Cyrl,584,2,13
bul_Cyrl,584,3,13
bul_Cyrl,584,4,13
bul_Cyrl,584,5,13
bul_Cyrl,584,6,13
bul_Cyrl,584,7,13
bul_Cyrl,584,8,13
bul_Cyrl,584,9,13
bul_Cyrl,584,10,13
bul_Cyrl,584,11,13
bul_Cyrl,584,12,13
bul_Cyrl,584,13,13
bul_Cyrl,584,14,13
bul_Cyrl,584,15,13
bul_Cyrl,584,16,13
bul_Cyrl,584,17,13
bul_Cyrl,584,18,13
bul_Cyrl,584,19,13
bul_Cyrl,584,20,13
bul_Cyrl,584,21,13
bul_Cyrl,584,22,13
bul_Cyrl,584,23,13
bul_Cyrl,584,24,13
bul_Cyrl,584,25,13
bul_Cyrl,584,26,13
bul_Cyrl,585,0,60
bul_Cyrl,585,1,13
bul_Cyrl,585,2,13
bul_Cyrl,585,3,13
bul_Cyrl,585,4,12
bul_Cyrl,585,5,13
bul_Cyrl,585,6,13
bul_Cyrl,585,7,13
bul_Cyrl,585,8,13
bul_Cyrl,585,9,13
bul_Cyrl,585,10,13
bul_Cyrl,585,11,13
bul_Cyrl,585,12,13
bul_Cyrl,585,13,52
bul_Cyrl,585,14,13
bul_Cyrl,585,15,13
bul_Cyrl,585,16,13
bul_Cyrl,585,17,13
bul_Cyrl,585,18,13
bul_Cyrl,585,19,13
bul_Cyrl,585,20,13
bul_Cyrl,585,21,13
bul_Cyrl,585,22,13
bul_Cyrl,585,23,13
bul_Cyrl,585,24,13
bul_Cyrl,585,25,13
bul_Cyrl,585,26,13
bul_Cyrl,585,27,13
bul_Cyrl,585,28,52
bul_Cyrl,586,0,60
bul_Cyrl,586,1,13
bul_Cyrl,586,2,13
bul_Cyrl,586,3,13
bul_Cyrl,586,4,13
bul_Cyrl,586,5,13
bul_Cyrl,586,6,13
bul_Cyrl,586,7,13
bul_Cyrl,586,8,13
bul_Cyrl,587,0,60
bul_Cyrl,587,1,13
bul_Cyrl,587,2,13
bul_Cyrl,587,3,13
bul_Cyrl,587,4,13
bul_Cyrl,587,5,13
bul_Cyrl,587,6,13
bul_Cyrl,587,7,13
bul_Cyrl,587,8,13
bul_Cyrl,587,9,13
bul_Cyrl,587,10,13
bul_Cyrl,587,11,13
bul_Cyrl,587,12,13
bul_Cyrl,587,13,13
bul_Cyrl,587,14,13
bul_Cyrl,587,15,13
bul_Cyrl,587,16,13
bul_Cyrl,587,17,13
bul_Cyrl,587,18,13
bul_Cyrl,587,19,13
bul_Cyrl,587,20,13
bul_Cyrl,587,21,13
bul_Cyrl,587,22,13
bul_Cyrl,587,23,13
bul_Cyrl,587,24,13
bul_Cyrl,588,0,60
bul_Cyrl,588,1,13
bul_Cyrl,588,2,13
bul_Cyrl,588,3,13
bul_Cyrl,588,4,13
bul_Cyrl,588,5,13
bul_Cyrl,588,6,13
bul_Cyrl,588,7,13
bul_Cyrl,588,8,12
bul_Cyrl,588,9,13
bul_Cyrl,588,10,13
bul_Cyrl,588,11,27
bul_Cyrl,588,12,47
bul_Cyrl,588,13,26
bul_Cyrl,588,14,13
bul_Cyrl,589,0,60
bul_Cyrl,589,1,13
bul_Cyrl,589,2,12
bul_Cyrl,589,3,13
bul_Cyrl,589,4,13
bul_Cyrl,589,5,13
bul_Cyrl,589,6,13
bul_Cyrl,589,7,13
eng_Latn,590,0,60
eng_Latn,590,1,22
eng_Latn,590,2,34
eng_Latn,590,3,20
eng_Latn,590,4,34
eng_Latn,590,5,34
eng_Latn,590,6,11
bul_Cyrl,591,0,60
bul_Cyrl,591,1,13
bul_Cyrl,591,2,61
bul_Cyrl,591,3,13
bul_Cyrl,591,4,13
bul_Cyrl,591,5,13
bul_Cyrl,591,6,13
bul_Cyrl,591,7,13
bul_Cyrl,591,8,13
bul_Cyrl,592,0,60
bul_Cyrl,592,1,13
bul_Cyrl,592,2,13
bul_Cyrl,592,3,13
bul_Cyrl,592,4,13
bul_Cyrl,592,5,13
bul_Cyrl,592,6,13
bul_Cyrl,592,7,13
bul_Cyrl,592,8,13
bul_Cyrl,592,9,13
bul_Cyrl,592,10,1
bul_Cyrl,592,11,13
bul_Cyrl,592,12,13
bul_Cyrl,592,13,13
bul_Cyrl,592,14,13
bul_Cyrl,592,15,13
bul_Cyrl,592,16,61
bul_Cyrl,592,17,13
bul_Cyrl,592,18,13
bul_Cyrl,592,19,13
bul_Cyrl,593,0,60
bul_Cyrl,593,1,13
bul_Cyrl,593,2,13
bul_Cyrl,593,3,13
bul_Cyrl,593,4,13
bul_Cyrl,593,5,13
bul_Cyrl,593,6,13
bul_Cyrl,593,7,13
bul_Cyrl,593,8,13
bul_Cyrl,593,9,13
bul_Cyrl,593,10,13
bul_Cyrl,593,11,13
bul_Cyrl,593,12,13
bul_Cyrl,593,13,13
bul_Cyrl,593,14,1
bul_Cyrl,593,15,13
bul_Cyrl,593,16,13
bul_Cyrl,593,17,61
bul_Cyrl,593,18,13
bul_Cyrl,593,19,13
bul_Cyrl,593,20,13
bul_Cyrl,594,0,60
bul_Cyrl,594,1,13
bul_Cyrl,594,2,13
bul_Cyrl,594,3,13
bul_Cyrl,594,4,13
bul_Cyrl,594,5,9
bul_Cyrl,594,6,13
bul_Cyrl,594,7,13
bul_Cyrl,594,8,13
bul_Cyrl,594,9,13
bul_Cyrl,594,10,13
bul_Cyrl,594,11,13
bul_Cyrl,594,12,13
bul_Cyrl,594,13,13
bul_Cyrl,594,14,13
bul_Cyrl,594,15,13
bul_Cyrl,595,0,60
bul_Cyrl,595,1,13
bul_Cyrl,595,2,13
bul_Cyrl,595,3,13
bul_Cyrl,595,4,13
bul_Cyrl,595,5,13
bul_Cyrl,595,6,13
bul_Cyrl,595,7,13
bul_Cyrl,595,8,13
bul_Cyrl,595,9,13
bul_Cyrl,595,10,13
bul_Cyrl,595,11,13
bul_Cyrl,595,12,13
bul_Cyrl,595,13,58
bul_Cyrl,595,14,13
bul_Cyrl,595,15,13
bul_Cyrl,595,16,13
bul_Cyrl,595,17,13
bul_Cyrl,595,18,13
bul_Cyrl,595,19,13
eng_Latn,596,0,60
eng_Latn,596,1,18
eng_Latn,596,2,14
eng_Latn,596,3,49
eng_Latn,596,4,49
eng_Latn,596,5,12
eng_Latn,596,6,61
bul_Cyrl,597,0,60
bul_Cyrl,597,1,13
bul_Cyrl,597,2,13
bul_Cyrl,597,3,13
bul_Cyrl,597,4,13
bul_Cyrl,597,5,13
bul_Cyrl,597,6,13
bul_Cyrl,597,7,13
bul_Cyrl,597,8,13
bul_Cyrl,597,9,27
bul_Cyrl,597,10,13
bul_Cyrl,597,11,13
bul_Cyrl,597,12,13
bul_Cyrl,597,13,13
bul_Cyrl,597,14,13
eng_Latn,598,0,60
eng_Latn,598,1,47
eng_Latn,598,2,19
eng_Latn,598,3,46
eng_Latn,598,4,5
eng_Latn,598,5,35
eng_Latn,598,6,46
eng_Latn,598,7,42
eng_Latn,598,8,47
eng_Latn,598,9,61
eng_Latn,598,10,61
eng_Latn,598,11,49
eng_Latn,598,12,22
eng_Latn,598,13,47
eng_Latn,598,14,60
bul_Cyrl,599,0,60
bul_Cyrl,599,1,46
bul_Cyrl,599,2,19
bul_Cyrl,599,3,46
bul_Cyrl,599,4,24
bul_Cyrl,599,5,13
bul_Cyrl,599,6,13
bul_Cyrl,599,7,13
bul_Cyrl,599,8,13
bul_Cyrl,599,9,13
bul_Cyrl,599,10,13
bul_Cyrl,599,11,52
bul_Cyrl,599,12,1
bul_Cyrl,599,13,13
bul_Cyrl,599,14,13
bul_Cyrl,599,15,13
bul_Cyrl,599,16,47
bul_Cyrl,599,17,13
bul_Cyrl,599,18,6
bul_Cyrl,600,0,60
bul_Cyrl,600,1,58
bul_Cyrl,600,2,13
bul_Cyrl,600,3,13
bul_Cyrl,600,4,13
bul_Cyrl,600,5,13
bul_Cyrl,600,6,13
bul_Cyrl,600,7,13
bul_Cyrl,600,8,13
bul_Cyrl,600,9,13
bul_Cyrl,600,10,13
bul_Cyrl,600,11,13
bul_Cyrl,600,12,13
bul_Cyrl,600,13,13
bul_Cyrl,600,14,13
bul_Cyrl,600,15,13
bul_Cyrl,600,16,13
bul_Cyrl,600,17,13
bul_Cyrl,600,18,13
eng_Latn,601,0,60
eng_Latn,601,1,9
eng_Latn,601,2,11
eng_Latn,601,3,27
eng_Latn,601,4,27
eng_Latn,601,5,27
eng_Latn,601,6,39
eng_Latn,601,7,11
eng_Latn,601,8,19
eng_Latn,601,9,27
eng_Latn,601,10,26
eng_Latn,601,11,39
eng_Latn,601,12,1
eng_Latn,601,13,9
eng_Latn,601,14,60
bul_Cyrl,602,0,60
bul_Cyrl,602,1,13
bul_Cyrl,602,2,13
bul_Cyrl,602,3,13
bul_Cyrl,602,4,13
bul_Cyrl,602,5,13
bul_Cyrl,602,6,13
bul_Cyrl,602,7,13
bul_Cyrl,602,8,13
bul_Cyrl,602,9,13
bul_Cyrl,602,10,13
bul_Cyrl,602,11,13
bul_Cyrl,602,12,13
bul_Cyrl,602,13,52
bul_Cyrl,602,14,52
bul_Cyrl,602,15,13
bul_Cyrl,602,16,13
eng_Latn,603,0,60
eng_Latn,603,1,49
eng_Latn,603,2,39
eng_Latn,604,0,60
eng_Latn,604,1,54
eng_Latn,604,2,54
eng_Latn,604,3,54
eng_Latn,604,4,50
eng_Latn,604,5,16
eng_Latn,604,6,38
eng_Latn,604,7,4
eng_Latn,604,8,5
eng_Latn,604,9,18
eng_Latn,604,10,51
eng_Latn,604,11,42
eng_Latn,604,12,24
eng_Latn,604,13,29
eng_Latn,604,14,54
eng_Latn,605,0,60
eng_Latn,605,1,40
eng_Latn,605,2,40
eng_Latn,605,3,10
eng_Latn,605,4,56
eng_Latn,605,5,35
eng_Latn,605,6,56
eng_Latn,605,7,54
eng_Latn,605,8,19
eng_Latn,605,9,44
bul_Cyrl,606,0,60
bul_Cyrl,606,1,13
bul_Cyrl,606,2,13
bul_Cyrl,606,3,13
bul_Cyrl,606,4,13
bul_Cyrl,606,5,13
bul_Cyrl,606,6,13
bul_Cyrl,606,7,13
bul_Cyrl,606,8,13
bul_Cyrl,606,9,13
bul_Cyrl,606,10,13
bul_Cyrl,606,11,13
bul_Cyrl,607,0,60
bul_Cyrl,607,1,13
bul_Cyrl,607,2,13
bul_Cyrl,607,3,13
bul_Cyrl,607,4,13
bul_Cyrl,607,5,13
bul_Cyrl,607,6,13
bul_Cyrl,607,7,13
bul_Cyrl,607,8,13
bul_Cyrl,607,9,13
bul_Cyrl,607,10,13
bul_Cyrl,607,11,13
bul_Cyrl,607,12,13
bul_Cyrl,607,13,13
bul_Cyrl,607,14,13
bul_Cyrl,607,15,13
bul_Cyrl,607,16,13
bul_Cyrl,607,17,13
bul_Cyrl,607,18,13
bul_Cyrl,607,19,37
bul_Cyrl,607,20,7
bul_Cyrl,607,21,13
bul_Cyrl,607,22,13
bul_Cyrl,607,23,13
bul_Cyrl,607,24,13
bul_Cyrl,607,25,13
bul_Cyrl,607,26,13
bul_Cyrl,608,0,60
bul_Cyrl,608,1,13
bul_Cyrl,608,2,13
bul_Cyrl,608,3,47
bul_Cyrl,608,4,13
bul_Cyrl,608,5,13
bul_Cyrl,608,6,13
bul_Cyrl,608,7,13
bul_Cyrl,608,8,13
bul_Cyrl,608,9,13
bul_Cyrl,608,10,13
bul_Cyrl,608,11,13
bul_Cyrl,608,12,47
bul_Cyrl,608,13,13
bul_Cyrl,608,14,19
bul_Cyrl,608,15,27
bul_Cyrl,608,16,27
bul_Cyrl,608,17,27
bul_Cyrl,608,18,27
bul_Cyrl,608,19,7
bul_Cyrl,608,20,13
bul_Cyrl,608,21,52
bul_Cyrl,609,0,60
bul_Cyrl,609,1,13
bul_Cyrl,609,2,13
bul_Cyrl,609,3,13
bul_Cyrl,609,4,13
bul_Cyrl,609,5,13
bul_Cyrl,609,6,13
bul_Cyrl,609,7,13
bul_Cyrl,609,8,13
bul_Cyrl,609,9,13
bul_Cyrl,609,10,13
bul_Cyrl,609,11,13
bul_Cyrl,609,12,13
bul_Cyrl,609,13,13
bul_Cyrl,609,14,13
bul_Cyrl,609,15,13
bul_Cyrl,609,16,13
bul_Cyrl,610,0,60
bul_Cyrl,610,1,9
bul_Cyrl,610,2,13
bul_Cyrl,610,3,13
bul_Cyrl,610,4,13
bul_Cyrl,610,5,13
bul_Cyrl,610,6,13
bul_Cyrl,610,7,13
bul_Cyrl,610,8,13
bul_Cyrl,610,9,13
bul_Cyrl,610,10,13
bul_Cyrl,610,11,13
bul_Cyrl,610,12,13
bul_Cyrl,610,13,13
bul_Cyrl,610,14,13
bul_Cyrl,610,15,13
bul_Cyrl,610,16,13
bul_Cyrl,610,17,13
bul_Cyrl,610,18,13
bul_Cyrl,611,0,60
bul_Cyrl,611,1,13
bul_Cyrl,611,2,13
bul_Cyrl,611,3,13
bul_Cyrl,611,4,13
bul_Cyrl,611,5,13
bul_Cyrl,611,6,13
bul_Cyrl,611,7,13
bul_Cyrl,611,8,13
bul_Cyrl,611,9,13
bul_Cyrl,611,10,13
bul_Cyrl,611,11,13
bul_Cyrl,611,12,13
bul_Cyrl,611,13,29
bul_Cyrl,611,14,13
bul_Cyrl,611,15,47
bul_Cyrl,611,16,13
bul_Cyrl,611,17,13
bul_Cyrl,611,18,13
bul_Cyrl,611,19,13
bul_Cyrl,611,20,13
bul_Cyrl,611,21,13
bul_Cyrl,611,22,13
bul_Cyrl,611,23,13
bul_Cyrl,611,24,13
bul_Cyrl,611,25,13
bul_Cyrl,612,0,60
bul_Cyrl,612,1,13
bul_Cyrl,612,2,13
bul_Cyrl,612,3,13
bul_Cyrl,612,4,13
bul_Cyrl,612,5,13
bul_Cyrl,612,6,13
bul_Cyrl,612,7,13
bul_Cyrl,613,0,60
bul_Cyrl,613,1,13
bul_Cyrl,613,2,13
bul_Cyrl,613,3,13
bul_Cyrl,613,4,13
bul_Cyrl,613,5,13
bul_Cyrl,613,6,13
bul_Cyrl,613,7,1
bul_Cyrl,613,8,13
bul_Cyrl,613,9,13
bul_Cyrl,613,10,13
bul_Cyrl,613,11,13
bul_Cyrl,613,12,13
bul_Cyrl,613,13,47
bul_Cyrl,613,14,13
bul_Cyrl,613,15,13
bul_Cyrl,613,16,13
bul_Cyrl,613,17,13
bul_Cyrl,614,0,60
bul_Cyrl,614,1,13
bul_Cyrl,614,2,13
bul_Cyrl,614,3,13
bul_Cyrl,614,4,13
bul_Cyrl,614,5,13
bul_Cyrl,614,6,13
bul_Cyrl,614,7,13
bul_Cyrl,614,8,13
bul_Cyrl,614,9,13
bul_Cyrl,614,10,13
bul_Cyrl,614,11,13
bul_Cyrl,614,12,13
bul_Cyrl,614,13,13
bul_Cyrl,614,14,13
bul_Cyrl,614,15,13
bul_Cyrl,614,16,13
bul_Cyrl,614,17,13
bul_Cyrl,614,18,13
bul_Cyrl,614,19,13
bul_Cyrl,614,20,13
bul_Cyrl,614,21,13
bul_Cyrl,614,22,13
bul_Cyrl,614,23,13
bul_Cyrl,614,24,13
bul_Cyrl,614,25,13
bul_Cyrl,614,26,13
bul_Cyrl,614,27,13
bul_Cyrl,615,0,60
bul_Cyrl,615,1,13
bul_Cyrl,615,2,13
bul_Cyrl,615,3,13
bul_Cyrl,615,4,13
bul_Cyrl,615,5,13
bul_Cyrl,615,6,13
bul_Cyrl,615,7,13
bul_Cyrl,615,8,13
bul_Cyrl,615,9,12
bul_Cyrl,615,10,52
bul_Cyrl,616,0,60
bul_Cyrl,616,1,13
bul_Cyrl,616,2,13
bul_Cyrl,616,3,13
bul_Cyrl,616,4,13
bul_Cyrl,616,5,13
bul_Cyrl,616,6,13
bul_Cyrl,616,7,52
bul_Cyrl,616,8,13
bul_Cyrl,616,9,13
bul_Cyrl,616,10,13
bul_Cyrl,616,11,13
bul_Cyrl,616,12,13
bul_Cyrl,616,13,13
bul_Cyrl,616,14,13
bul_Cyrl,617,0,60
bul_Cyrl,617,1,13
bul_Cyrl,617,2,13
bul_Cyrl,617,3,13
bul_Cyrl,617,4,13
bul_Cyrl,617,5,13
bul_Cyrl,617,6,13
bul_Cyrl,617,7,13
bul_Cyrl,617,8,13
bul_Cyrl,617,9,13
bul_Cyrl,617,10,13
bul_Cyrl,617,11,9
bul_Cyrl,617,12,13
bul_Cyrl,617,13,13
bul_Cyrl,617,14,13
bul_Cyrl,617,15,13
bul_Cyrl,617,16,13
bul_Cyrl,617,17,13
bul_Cyrl,617,18,13
bul_Cyrl,618,0,60
bul_Cyrl,618,1,13
bul_Cyrl,618,2,13
bul_Cyrl,618,3,13
bul_Cyrl,618,4,13
bul_Cyrl,618,5,13
bul_Cyrl,618,6,13
bul_Cyrl,618,7,13
bul_Cyrl,618,8,13
bul_Cyrl,618,9,13
bul_Cyrl,618,10,13
bul_Cyrl,618,11,13
bul_Cyrl,618,12,13
bul_Cyrl,618,13,13
bul_Cyrl,618,14,26
bul_Cyrl,618,15,13
bul_Cyrl,618,16,19
bul_Cyrl,618,17,13
bul_Cyrl,618,18,13
bul_Cyrl,619,0,60
bul_Cyrl,619,1,13
bul_Cyrl,619,2,13
bul_Cyrl,619,3,13
bul_Cyrl,619,4,13
bul_Cyrl,619,5,13
bul_Cyrl,619,6,13
bul_Cyrl,619,7,13
bul_Cyrl,619,8,13
bul_Cyrl,619,9,52
bul_Cyrl,619,10,13
bul_Cyrl,619,11,13
bul_Cyrl,619,12,13
bul_Cyrl,619,13,13
bul_Cyrl,619,14,13
bul_Cyrl,619,15,1
bul_Cyrl,619,16,13
bul_Cyrl,619,17,13
bul_Cyrl,620,0,60
bul_Cyrl,620,1,13
bul_Cyrl,620,2,13
bul_Cyrl,620,3,13
bul_Cyrl,620,4,13
bul_Cyrl,620,5,13
bul_Cyrl,620,6,13
bul_Cyrl,620,7,19
bul_Cyrl,620,8,13
bul_Cyrl,620,9,13
bul_Cyrl,620,10,13
bul_Cyrl,620,11,13
bul_Cyrl,620,12,13
bul_Cyrl,620,13,13
bul_Cyrl,620,14,13
bul_Cyrl,620,15,13
bul_Cyrl,620,16,13
bul_Cyrl,621,0,60
bul_Cyrl,621,1,13
bul_Cyrl,621,2,13
bul_Cyrl,621,3,13
bul_Cyrl,621,4,13
bul_Cyrl,621,5,13
bul_Cyrl,621,6,13
bul_Cyrl,621,7,13
bul_Cyrl,621,8,13
bul_Cyrl,621,9,13
bul_Cyrl,621,10,13
bul_Cyrl,621,11,13
bul_Cyrl,621,12,13
bul_Cyrl,621,13,13
bul_Cyrl,621,14,13
bul_Cyrl,621,15,13
bul_Cyrl,621,16,13
bul_Cyrl,621,17,13
bul_Cyrl,621,18,13
bul_Cyrl,622,0,60
bul_Cyrl,622,1,9
bul_Cyrl,622,2,9
bul_Cyrl,622,3,13
bul_Cyrl,622,4,13
bul_Cyrl,622,5,13
bul_Cyrl,622,6,13
bul_Cyrl,622,7,13
bul_Cyrl,622,8,13
bul_Cyrl,622,9,13
bul_Cyrl,622,10,13
bul_Cyrl,622,11,13
bul_Cyrl,622,12,13
bul_Cyrl,622,13,52
bul_Cyrl,622,14,9
bul_Cyrl,622,15,13
bul_Cyrl,622,16,13
bul_Cyrl,622,17,13
bul_Cyrl,622,18,52
bul_Cyrl,622,19,1
bul_Cyrl,622,20,13
bul_Cyrl,622,21,13
bul_Cyrl,623,0,60
bul_Cyrl,623,1,13
bul_Cyrl,623,2,13
bul_Cyrl,623,3,13
bul_Cyrl,623,4,13
bul_Cyrl,623,5,13
bul_Cyrl,623,6,13
bul_Cyrl,623,7,9
bul_Cyrl,623,8,13
bul_Cyrl,623,9,13
bul_Cyrl,623,10,13
bul_Cyrl,623,11,13
bul_Cyrl,623,12,52
bul_Cyrl,623,13,13
bul_Cyrl,623,14,13
bul_Cyrl,623,15,13
bul_Cyrl,623,16,13
bul_Cyrl,623,17,13
bul_Cyrl,623,18,13
eng_Latn,624,0,60
eng_Latn,624,1,4
eng_Latn,624,2,56
eng_Latn,624,3,29
eng_Latn,624,4,51
eng_Latn,625,0,60
eng_Latn,625,1,57
eng_Latn,625,2,41
eng_Latn,625,3,17
eng_Latn,625,4,17
eng_Latn,625,5,16
eng_Latn,625,6,20
eng_Latn,625,7,54
eng_Latn,625,8,38
eng_Latn,625,9,15
bul_Cyrl,626,0,60
bul_Cyrl,626,1,13
bul_Cyrl,626,2,13
bul_Cyrl,626,3,13
bul_Cyrl,626,4,13
bul_Cyrl,626,5,13
bul_Cyrl,626,6,13
bul_Cyrl,626,7,13
bul_Cyrl,626,8,9
bul_Cyrl,626,9,13
bul_Cyrl,626,10,13
bul_Cyrl,626,11,13
bul_Cyrl,626,12,13
bul_Cyrl,626,13,13
bul_Cyrl,627,0,60
bul_Cyrl,627,1,13
bul_Cyrl,627,2,13
bul_Cyrl,627,3,13
bul_Cyrl,627,4,13
bul_Cyrl,627,5,13
bul_Cyrl,627,6,13
bul_Cyrl,627,7,13
bul_Cyrl,627,8,13
bul_Cyrl,627,9,13
bul_Cyrl,627,10,13
bul_Cyrl,627,11,13
bul_Cyrl,627,12,13
bul_Cyrl,627,13,13
bul_Cyrl,627,14,13
bul_Cyrl,627,15,52
bul_Cyrl,627,16,13
bul_Cyrl,627,17,13
eng_Latn,628,0,60
eng_Latn,628,1,52
eng_Latn,628,2,48
eng_Latn,628,3,56
eng_Latn,628,4,14
eng_Latn,628,5,55
eng_Latn,628,6,19
eng_Latn,628,7,19
eng_Latn,628,8,63
bul_Cyrl,629,0,60
bul_Cyrl,629,1,13
bul_Cyrl,629,2,13
bul_Cyrl,629,3,13
bul_Cyrl,629,4,13
bul_Cyrl,629,5,27
bul_Cyrl,629,6,13
eng_Latn,630,0,60
eng_Latn,630,1,50
eng_Latn,630,2,16
bul_Cyrl,631,0,60
bul_Cyrl,631,1,13
bul_Cyrl,631,2,13
bul_Cyrl,631,3,13
bul_Cyrl,631,4,13
bul_Cyrl,631,5,1
bul_Cyrl,631,6,13
bul_Cyrl,631,7,13
bul_Cyrl,631,8,13
bul_Cyrl,631,9,13
bul_Cyrl,631,10,13
bul_Cyrl,631,11,13
bul_Cyrl,631,12,13
bul_Cyrl,631,13,13
bul_Cyrl,631,14,13
bul_Cyrl,631,15,13
bul_Cyrl,631,16,13
bul_Cyrl,631,17,13
bul_Cyrl,631,18,13
bul_Cyrl,631,19,13
bul_Cyrl,631,20,13
bul_Cyrl,631,21,13
bul_Cyrl,631,22,13
bul_Cyrl,631,23,13
bul_Cyrl,632,0,60
bul_Cyrl,632,1,13
bul_Cyrl,632,2,13
bul_Cyrl,632,3,13
bul_Cyrl,632,4,13
bul_Cyrl,632,5,13
bul_Cyrl,632,6,13
bul_Cyrl,632,7,13
bul_Cyrl,632,8,13
bul_Cyrl,632,9,13
bul_Cyrl,632,10,13
bul_Cyrl,632,11,13
bul_Cyrl,633,0,60
bul_Cyrl,633,1,13
bul_Cyrl,633,2,13
bul_Cyrl,633,3,13
bul_Cyrl,633,4,13
bul_Cyrl,633,5,13
bul_Cyrl,633,6,13
bul_Cyrl,633,7,13
bul_Cyrl,633,8,13
bul_Cyrl,633,9,13
bul_Cyrl,634,0,60
bul_Cyrl,634,1,13
bul_Cyrl,634,2,13
bul_Cyrl,634,3,13
bul_Cyrl,634,4,13
bul_Cyrl,634,5,13
bul_Cyrl,634,6,13
bul_Cyrl,634,7,37
eng_Latn,635,0,60
eng_Latn,635,1,22
eng_Latn,635,2,45
eng_Latn,635,3,22
eng_Latn,635,4,16
eng_Latn,635,5,59
eng_Latn,635,6,34
eng_Latn,635,7,20
eng_Latn,635,8,19
eng_Latn,635,9,19
eng_Latn,635,10,34
bul_Cyrl,636,0,60
bul_Cyrl,636,1,13
bul_Cyrl,636,2,13
bul_Cyrl,636,3,13
bul_Cyrl,636,4,13
bul_Cyrl,636,5,13
bul_Cyrl,636,6,13
bul_Cyrl,636,7,13
bul_Cyrl,636,8,13
bul_Cyrl,636,9,13
bul_Cyrl,636,10,13
bul_Cyrl,636,11,13
bul_Cyrl,636,12,13
bul_Cyrl,636,13,13
bul_Cyrl,636,14,13
bul_Cyrl,636,15,13
bul_Cyrl,636,16,13
bul_Cyrl,636,17,13
bul_Cyrl,636,18,13
bul_Cyrl,636,19,13
bul_Cyrl,636,20,13
bul_Cyrl,636,21,13
bul_Cyrl,636,22,13
bul_Cyrl,636,23,13
bul_Cyrl,636,24,13
bul_Cyrl,636,25,13
bul_Cyrl,636,26,13
bul_Cyrl,637,0,60
bul_Cyrl,637,1,13
bul_Cyrl,637,2,13
bul_Cyrl,637,3,13
bul_Cyrl,637,4,13
bul_Cyrl,637,5,13
bul_Cyrl,637,6,13
bul_Cyrl,637,7,13
bul_Cyrl,637,8,13
bul_Cyrl,637,9,13
bul_Cyrl,637,10,13
bul_Cyrl,637,11,13
bul_Cyrl,637,12,13
bul_Cyrl,637,13,13
bul_Cyrl,637,14,13
bul_Cyrl,637,15,13
bul_Cyrl,637,16,13
bul_Cyrl,637,17,13
bul_Cyrl,637,18,13
bul_Cyrl,637,19,13
bul_Cyrl,637,20,13
bul_Cyrl,638,0,60
bul_Cyrl,638,1,13
bul_Cyrl,638,2,13
bul_Cyrl,638,3,13
bul_Cyrl,638,4,13
bul_Cyrl,638,5,13
bul_Cyrl,638,6,13
bul_Cyrl,638,7,13
bul_Cyrl,638,8,13
bul_Cyrl,638,9,13
bul_Cyrl,638,10,13
bul_Cyrl,638,11,13
bul_Cyrl,638,12,13
bul_Cyrl,638,13,9
bul_Cyrl,638,14,13
bul_Cyrl,638,15,13
bul_Cyrl,638,16,13
bul_Cyrl,638,17,13
bul_Cyrl,638,18,13
bul_Cyrl,638,19,13
bul_Cyrl,638,20,13
bul_Cyrl,638,21,13
bul_Cyrl,638,22,13
bul_Cyrl,638,23,13
bul_Cyrl,638,24,13
bul_Cyrl,638,25,13
bul_Cyrl,638,26,52
bul_Cyrl,638,27,13
bul_Cyrl,638,28,52
bul_Cyrl,638,29,13
bul_Cyrl,638,30,52
bul_Cyrl,638,31,13
bul_Cyrl,639,0,60
bul_Cyrl,639,1,13
bul_Cyrl,639,2,13
bul_Cyrl,639,3,13
bul_Cyrl,639,4,13
bul_Cyrl,639,5,13
bul_Cyrl,639,6,13
bul_Cyrl,639,7,13
bul_Cyrl,639,8,13
eng_Latn,640,0,60
eng_Latn,640,1,52
eng_Latn,640,2,57
eng_Latn,640,3,33
bul_Cyrl,641,0,60
bul_Cyrl,641,1,13
bul_Cyrl,641,2,13
bul_Cyrl,641,3,13
bul_Cyrl,641,4,13
bul_Cyrl,641,5,13
bul_Cyrl,641,6,52
bul_Cyrl,641,7,13
bul_Cyrl,642,0,60
bul_Cyrl,642,1,13
bul_Cyrl,642,2,13
bul_Cyrl,642,3,13
bul_Cyrl,642,4,13
bul_Cyrl,642,5,13
bul_Cyrl,642,6,13
bul_Cyrl,642,7,13
bul_Cyrl,642,8,13
bul_Cyrl,642,9,13
bul_Cyrl,642,10,13
bul_Cyrl,642,11,13
bul_Cyrl,642,12,13
bul_Cyrl,642,13,13
bul_Cyrl,642,14,13
bul_Cyrl,642,15,13
bul_Cyrl,642,16,13
bul_Cyrl,642,17,13
bul_Cyrl,642,18,19
bul_Cyrl,642,19,13
eng_Latn,643,0,60
eng_Latn,643,1,57
eng_Latn,643,2,45
eng_Latn,643,3,46
eng_Latn,643,4,17
eng_Latn,643,5,56
eng_Latn,643,6,35
eng_Latn,643,7,35
eng_Latn,643,8,34
eng_Latn,644,0,60
eng_Latn,644,1,12
eng_Latn,644,2,42
eng_Latn,644,3,22
eng_Latn,644,4,27
eng_Latn,644,5,49
eng_Latn,644,6,9
eng_Latn,644,7,40
bul_Cyrl,645,0,60
bul_Cyrl,645,1,9
bul_Cyrl,645,2,13
bul_Cyrl,645,3,13
bul_Cyrl,645,4,13
bul_Cyrl,645,5,13
bul_Cyrl,645,6,13
bul_Cyrl,645,7,13
bul_Cyrl,645,8,13
bul_Cyrl,645,9,27
bul_Cyrl,645,10,19
bul_Cyrl,645,11,13
bul_Cyrl,645,12,13
bul_Cyrl,645,13,13
bul_Cyrl,645,14,13
bul_Cyrl,645,15,13
bul_Cyrl,645,16,13
bul_Cyrl,645,17,13
bul_Cyrl,645,18,13
bul_Cyrl,645,19,13
bul_Cyrl,645,20,13
bul_Cyrl,645,21,13
bul_Cyrl,646,0,60
bul_Cyrl,646,1,13
bul_Cyrl,646,2,13
bul_Cyrl,646,3,13
bul_Cyrl,646,4,13
bul_Cyrl,646,5,13
bul_Cyrl,646,6,13
bul_Cyrl,646,7,13
bul_Cyrl,646,8,13
bul_Cyrl,646,9,13
bul_Cyrl,646,10,13
bul_Cyrl,646,11,13
bul_Cyrl,646,12,13
bul_Cyrl,646,13,13
bul_Cyrl,646,14,13
bul_Cyrl,646,15,13
bul_Cyrl,646,16,13
bul_Cyrl,646,17,13
bul_Cyrl,646,18,13
bul_Cyrl,646,19,13
bul_Cyrl,646,20,13
bul_Cyrl,646,21,13
bul_Cyrl,646,22,13
bul_Cyrl,646,23,19
bul_Cyrl,646,24,19
bul_Cyrl,646,25,13
bul_Cyrl,647,0,60
bul_Cyrl,647,1,13
bul_Cyrl,647,2,13
bul_Cyrl,647,3,13
bul_Cyrl,647,4,13
bul_Cyrl,647,5,13
bul_Cyrl,647,6,13
bul_Cyrl,647,7,13
bul_Cyrl,647,8,13
bul_Cyrl,647,9,13
bul_Cyrl,647,10,13
bul_Cyrl,647,11,13
bul_Cyrl,647,12,13
bul_Cyrl,647,13,13
bul_Cyrl,647,14,13
bul_Cyrl,647,15,13
bul_Cyrl,647,16,52
eng_Latn,648,0,60
eng_Latn,648,1,18
eng_Latn,648,2,56
eng_Latn,648,3,21
eng_Latn,648,4,51
eng_Latn,648,5,20
eng_Latn,648,6,27
bul_Cyrl,649,0,60
bul_Cyrl,649,1,13
bul_Cyrl,649,2,13
bul_Cyrl,649,3,13
bul_Cyrl,649,4,13
bul_Cyrl,649,5,61
bul_Cyrl,649,6,47
bul_Cyrl,649,7,27
bul_Cyrl,650,0,60
bul_Cyrl,650,1,13
bul_Cyrl,650,2,19
bul_Cyrl,650,3,13
bul_Cyrl,650,4,13
bul_Cyrl,650,5,13
bul_Cyrl,650,6,13
bul_Cyrl,650,7,13
bul_Cyrl,650,8,13
bul_Cyrl,650,9,13
bul_Cyrl,650,10,13
bul_Cyrl,650,11,13
bul_Cyrl,650,12,13
bul_Cyrl,650,13,13
bul_Cyrl,650,14,13
bul_Cyrl,650,15,13
bul_Cyrl,650,16,13
bul_Cyrl,651,0,60
bul_Cyrl,651,1,13
bul_Cyrl,651,2,13
bul_Cyrl,651,3,13
bul_Cyrl,651,4,13
bul_Cyrl,651,5,13
bul_Cyrl,651,6,13
bul_Cyrl,651,7,13
bul_Cyrl,651,8,52
eng_Latn,652,0,60
eng_Latn,652,1,52
eng_Latn,652,2,18
eng_Latn,652,3,16
eng_Latn,652,4,18
eng_Latn,652,5,16
eng_Latn,652,6,34
eng_Latn,652,7,56
eng_Latn,652,8,33
eng_Latn,652,9,26
eng_Latn,652,10,40
eng_Latn,652,11,13
eng_Latn,653,0,60
eng_Latn,653,1,35
eng_Latn,653,2,4
eng_Latn,653,3,18
eng_Latn,653,4,63
eng_Latn,653,5,56
eng_Latn,653,6,52
eng_Latn,653,7,52
eng_Latn,653,8,21
eng_Latn,653,9,21
eng_Latn,653,10,4
bul_Cyrl,654,0,60
bul_Cyrl,654,1,13
bul_Cyrl,654,2,13
bul_Cyrl,654,3,13
bul_Cyrl,654,4,13
bul_Cyrl,654,5,13
bul_Cyrl,654,6,13
bul_Cyrl,654,7,13
bul_Cyrl,654,8,13
bul_Cyrl,654,9,13
bul_Cyrl,654,10,13
bul_Cyrl,654,11,13
bul_Cyrl,654,12,13
bul_Cyrl,654,13,13
bul_Cyrl,654,14,13
bul_Cyrl,654,15,13
bul_Cyrl,654,16,47
bul_Cyrl,654,17,13
bul_Cyrl,654,18,13
bul_Cyrl,654,19,13
bul_Cyrl,654,20,13
bul_Cyrl,654,21,13
bul_Cyrl,655,0,60
bul_Cyrl,655,1,13
bul_Cyrl,655,2,13
bul_Cyrl,655,3,13
bul_Cyrl,655,4,13
bul_Cyrl,655,5,13
bul_Cyrl,655,6,13
bul_Cyrl,655,7,13
bul_Cyrl,655,8,13
bul_Cyrl,655,9,13
bul_Cyrl,655,10,13
bul_Cyrl,655,11,13
bul_Cyrl,655,12,13
bul_Cyrl,655,13,13
bul_Cyrl,655,14,13
bul_Cyrl,655,15,13
bul_Cyrl,655,16,13
bul_Cyrl,656,0,60
bul_Cyrl,656,1,13
bul_Cyrl,656,2,13
bul_Cyrl,656,3,13
bul_Cyrl,656,4,13
bul_Cyrl,656,5,13
bul_Cyrl,656,6,13
bul_Cyrl,656,7,13
bul_Cyrl,656,8,13
bul_Cyrl,656,9,13
bul_Cyrl,656,10,13
eng_Latn,657,0,60
eng_Latn,657,1,18
eng_Latn,657,2,16
eng_Latn,657,3,38
eng_Latn,657,4,46
eng_Latn,657,5,20
eng_Latn,657,6,38
eng_Latn,657,7,15
bul_Cyrl,658,0,60
bul_Cyrl,658,1,13
bul_Cyrl,658,2,13
bul_Cyrl,658,3,13
bul_Cyrl,658,4,13
bul_Cyrl,658,5,13
bul_Cyrl,658,6,13
bul_Cyrl,658,7,13
bul_Cyrl,658,8,13
bul_Cyrl,658,9,13
bul_Cyrl,658,10,13
bul_Cyrl,659,0,60
bul_Cyrl,659,1,13
bul_Cyrl,659,2,13
bul_Cyrl,659,3,13
bul_Cyrl,659,4,13
bul_Cyrl,659,5,13
bul_Cyrl,659,6,13
bul_Cyrl,659,7,13
bul_Cyrl,659,8,13
bul_Cyrl,659,9,13
bul_Cyrl,659,10,13
bul_Cyrl,660,0,60
bul_Cyrl,660,1,13
bul_Cyrl,660,2,13
bul_Cyrl,660,3,13
bul_Cyrl,660,4,13
bul_Cyrl,660,5,13
bul_Cyrl,660,6,13
bul_Cyrl,660,7,13
bul_Cyrl,660,8,13
bul_Cyrl,660,9,13
bul_Cyrl,660,10,13
bul_Cyrl,660,11,13
bul_Cyrl,660,12,13
bul_Cyrl,660,13,13
bul_Cyrl,660,14,13
bul_Cyrl,660,15,13
bul_Cyrl,661,0,60
bul_Cyrl,661,1,13
bul_Cyrl,661,2,13
bul_Cyrl,661,3,13
bul_Cyrl,661,4,13
bul_Cyrl,661,5,13
bul_Cyrl,661,6,13
bul_Cyrl,661,7,13
bul_Cyrl,661,8,13
bul_Cyrl,661,9,13
bul_Cyrl,661,10,13
bul_Cyrl,661,11,13
bul_Cyrl,661,12,13
bul_Cyrl,661,13,13
bul_Cyrl,661,14,13
bul_Cyrl,661,15,13
bul_Cyrl,661,16,13
bul_Cyrl,661,17,13
bul_Cyrl,661,18,13
bul_Cyrl,661,19,13
bul_Cyrl,661,20,13
bul_Cyrl,661,21,19
bul_Cyrl,661,22,13
bul_Cyrl,662,0,60
bul_Cyrl,662,1,46
bul_Cyrl,662,2,47
bul_Cyrl,662,3,22
bul_Cyrl,662,4,9
bul_Cyrl,662,5,9
bul_Cyrl,662,6,13
bul_Cyrl,662,7,13
bul_Cyrl,662,8,13
bul_Cyrl,662,9,13
bul_Cyrl,662,10,13
eng_Latn,663,0,60
eng_Latn,663,1,52
eng_Latn,663,2,1
eng_Latn,663,3,52
eng_Latn,663,4,52
eng_Latn,663,5,47
eng_Latn,663,6,19
eng_Latn,663,7,63
bul_Cyrl,664,0,60
bul_Cyrl,664,1,13
bul_Cyrl,664,2,13
bul_Cyrl,664,3,13
bul_Cyrl,664,4,13
bul_Cyrl,664,5,13
bul_Cyrl,664,6,13
bul_Cyrl,664,7,13
bul_Cyrl,664,8,13
bul_Cyrl,664,9,13
bul_Cyrl,664,10,1
bul_Cyrl,664,11,13
bul_Cyrl,664,12,13
bul_Cyrl,664,13,13
bul_Cyrl,664,14,13
bul_Cyrl,664,15,52
bul_Cyrl,664,16,13
bul_Cyrl,665,0,60
bul_Cyrl,665,1,13
bul_Cyrl,665,2,13
bul_Cyrl,665,3,13
bul_Cyrl,665,4,13
bul_Cyrl,665,5,13
bul_Cyrl,665,6,13
bul_Cyrl,665,7,13
bul_Cyrl,665,8,13
bul_Cyrl,665,9,13
bul_Cyrl,665,10,13
bul_Cyrl,665,11,13
bul_Cyrl,665,12,13
bul_Cyrl,665,13,13
bul_Cyrl,665,14,13
bul_Cyrl,665,15,13
bul_Cyrl,665,16,13
bul_Cyrl,665,17,13
bul_Cyrl,666,0,60
bul_Cyrl,666,1,13
bul_Cyrl,666,2,13
bul_Cyrl,666,3,13
bul_Cyrl,666,4,13
bul_Cyrl,666,5,13
bul_Cyrl,666,6,13
bul_Cyrl,666,7,13
bul_Cyrl,666,8,13
bul_Cyrl,666,9,13
bul_Cyrl,666,10,13
bul_Cyrl,666,11,13
bul_Cyrl,666,12,13
eng_Latn,667,0,60
eng_Latn,667,1,56
eng_Latn,667,2,35
eng_Latn,667,3,57
eng_Latn,667,4,20
eng_Latn,667,5,59
eng_Latn,667,6,57
eng_Latn,667,7,57
eng_Latn,667,8,59
eng_Latn,667,9,47
eng_Latn,667,10,15
bul_Cyrl,668,0,60
bul_Cyrl,668,1,13
bul_Cyrl,668,2,13
bul_Cyrl,668,3,13
bul_Cyrl,668,4,13
bul_Cyrl,668,5,13
bul_Cyrl,668,6,13
bul_Cyrl,668,7,13
bul_Cyrl,668,8,13
bul_Cyrl,668,9,13
bul_Cyrl,668,10,13
bul_Cyrl,668,11,12
bul_Cyrl,668,12,13
bul_Cyrl,668,13,13
bul_Cyrl,668,14,13
bul_Cyrl,668,15,13
bul_Cyrl,668,16,13
bul_Cyrl,669,0,60
bul_Cyrl,669,1,13
bul_Cyrl,669,2,13
bul_Cyrl,669,3,13
bul_Cyrl,669,4,13
bul_Cyrl,669,5,13
bul_Cyrl,669,6,13
bul_Cyrl,669,7,13
bul_Cyrl,669,8,13
bul_Cyrl,669,9,13
bul_Cyrl,669,10,13
bul_Cyrl,669,11,13
bul_Cyrl,669,12,13
bul_Cyrl,669,13,13
bul_Cyrl,669,14,13
bul_Cyrl,669,15,13
bul_Cyrl,669,16,36
bul_Cyrl,669,17,13
bul_Cyrl,669,18,13
bul_Cyrl,669,19,13
bul_Cyrl,669,20,13
bul_Cyrl,669,21,13
bul_Cyrl,669,22,13
bul_Cyrl,669,23,13
bul_Cyrl,669,24,13
bul_Cyrl,669,25,13
bul_Cyrl,670,0,60
bul_Cyrl,670,1,13
bul_Cyrl,670,2,13
bul_Cyrl,670,3,13
bul_Cyrl,670,4,19
bul_Cyrl,670,5,13
bul_Cyrl,671,0,60
bul_Cyrl,671,1,13
bul_Cyrl,671,2,13
bul_Cyrl,671,3,13
bul_Cyrl,671,4,13
bul_Cyrl,671,5,1
bul_Cyrl,671,6,13
bul_Cyrl,671,7,61
bul_Cyrl,671,8,13
bul_Cyrl,671,9,39
bul_Cyrl,671,10,39
bul_Cyrl,671,11,13
bul_Cyrl,671,12,13
bul_Cyrl,671,13,39
bul_Cyrl,671,14,13
bul_Cyrl,671,15,39
bul_Cyrl,671,16,13
bul_Cyrl,671,17,26
bul_Cyrl,671,18,27
bul_Cyrl,671,19,27
bul_Cyrl,671,20,39
bul_Cyrl,671,21,26
bul_Cyrl,671,22,47
bul_Cyrl,671,23,39
bul_Cyrl,671,24,13
bul_Cyrl,671,25,13
bul_Cyrl,671,26,13
bul_Cyrl,671,27,52
bul_Cyrl,671,28,13
bul_Cyrl,671,29,13
bul_Cyrl,671,30,19
bul_Cyrl,672,0,60
bul_Cyrl,672,1,13
bul_Cyrl,672,2,13
bul_Cyrl,672,3,13
bul_Cyrl,672,4,13
bul_Cyrl,672,5,13
bul_Cyrl,672,6,13
bul_Cyrl,672,7,13
bul_Cyrl,672,8,13
bul_Cyrl,672,9,13
bul_Cyrl,672,10,13
bul_Cyrl,672,11,13
bul_Cyrl,672,12,13
bul_Cyrl,672,13,13
bul_Cyrl,672,14,13
bul_Cyrl,672,15,13
bul_Cyrl,672,16,13
bul_Cyrl,672,17,13
bul_Cyrl,672,18,13
bul_Cyrl,672,19,13
bul_Cyrl,672,20,13
bul_Cyrl,672,21,13
bul_Cyrl,672,22,13
bul_Cyrl,672,23,13
bul_Cyrl,672,24,13
bul_Cyrl,672,25,13
bul_Cyrl,672,26,13
bul_Cyrl,673,0,60
bul_Cyrl,673,1,13
bul_Cyrl,673,2,13
bul_Cyrl,673,3,13
bul_Cyrl,673,4,12
bul_Cyrl,673,5,52
bul_Cyrl,674,0,60
bul_Cyrl,674,1,13
bul_Cyrl,674,2,13
bul_Cyrl,674,3,13
bul_Cyrl,674,4,13
bul_Cyrl,674,5,13
bul_Cyrl,674,6,13
bul_Cyrl,674,7,13
bul_Cyrl,674,8,13
bul_Cyrl,674,9,13
bul_Cyrl,674,10,13
bul_Cyrl,674,11,47
bul_Cyrl,674,12,13
bul_Cyrl,674,13,13
bul_Cyrl,674,14,9
bul_Cyrl,674,15,52
eng_Latn,675,0,60
eng_Latn,675,1,38
eng_Latn,675,2,38
eng_Latn,675,3,56
eng_Latn,675,4,47
eng_Latn,675,5,14
eng_Latn,675,6,14
eng_Latn,675,7,21
eng_Latn,675,8,14
eng_Latn,675,9,49
bul_Cyrl,676,0,60
bul_Cyrl,676,1,13
bul_Cyrl,676,2,13
bul_Cyrl,676,3,13
bul_Cyrl,676,4,13
bul_Cyrl,676,5,13
bul_Cyrl,676,6,13
bul_Cyrl,676,7,13
bul_Cyrl,676,8,13
bul_Cyrl,676,9,13
bul_Cyrl,676,10,13
bul_Cyrl,676,11,13
bul_Cyrl,676,12,13
bul_Cyrl,676,13,13
bul_Cyrl,676,14,13
bul_Cyrl,676,15,13
bul_Cyrl,676,16,13
bul_Cyrl,676,17,13
eng_Latn,677,0,60
eng_Latn,677,1,24
eng_Latn,677,2,22
eng_Latn,677,3,45
eng_Latn,677,4,37
eng_Latn,677,5,18
eng_Latn,677,6,16
eng_Latn,677,7,49
eng_Latn,677,8,53
eng_Latn,677,9,37
eng_Latn,677,10,46
bul_Cyrl,678,0,60
bul_Cyrl,678,1,13
bul_Cyrl,678,2,13
bul_Cyrl,678,3,13
bul_Cyrl,678,4,13
bul_Cyrl,678,5,13
bul_Cyrl,678,6,13
bul_Cyrl,678,7,13
bul_Cyrl,678,8,13
bul_Cyrl,678,9,13
bul_Cyrl,678,10,13
bul_Cyrl,678,11,13
bul_Cyrl,678,12,13
bul_Cyrl,678,13,13
bul_Cyrl,679,0,60
bul_Cyrl,679,1,13
bul_Cyrl,679,2,13
bul_Cyrl,679,3,13
bul_Cyrl,679,4,13
bul_Cyrl,679,5,13
bul_Cyrl,679,6,13
bul_Cyrl,679,7,13
bul_Cyrl,679,8,13
bul_Cyrl,679,9,13
bul_Cyrl,679,10,13
bul_Cyrl,679,11,13
bul_Cyrl,679,12,13
bul_Cyrl,679,13,13
bul_Cyrl,679,14,13
bul_Cyrl,679,15,13
bul_Cyrl,679,16,13
bul_Cyrl,679,17,13
bul_Cyrl,679,18,13
bul_Cyrl,679,19,13
eng_Latn,680,0,60
eng_Latn,680,1,40
eng_Latn,680,2,14
bul_Cyrl,681,0,60
bul_Cyrl,681,1,13
bul_Cyrl,681,2,13
bul_Cyrl,681,3,13
bul_Cyrl,681,4,13
bul_Cyrl,681,5,47
bul_Cyrl,681,6,13
bul_Cyrl,681,7,13
bul_Cyrl,681,8,13
bul_Cyrl,681,9,13
bul_Cyrl,681,10,13
bul_Cyrl,681,11,13
bul_Cyrl,681,12,13
bul_Cyrl,681,13,13
bul_Cyrl,681,14,13
bul_Cyrl,681,15,13
bul_Cyrl,681,16,13
bul_Cyrl,681,17,13
bul_Cyrl,681,18,13
bul_Cyrl,681,19,13
bul_Cyrl,681,20,13
bul_Cyrl,681,21,13
bul_Cyrl,681,22,13
bul_Cyrl,681,23,13
bul_Cyrl,681,24,13
bul_Cyrl,681,25,13
bul_Cyrl,681,26,13
bul_Cyrl,681,27,13
bul_Cyrl,682,0,60
bul_Cyrl,682,1,13
bul_Cyrl,682,2,13
bul_Cyrl,682,3,13
bul_Cyrl,682,4,13
bul_Cyrl,682,5,13
bul_Cyrl,682,6,13
bul_Cyrl,682,7,13
bul_Cyrl,682,8,13
bul_Cyrl,682,9,13
bul_Cyrl,682,10,13
bul_Cyrl,682,11,13
bul_Cyrl,682,12,13
bul_Cyrl,682,13,13
bul_Cyrl,682,14,13
bul_Cyrl,682,15,13
bul_Cyrl,682,16,13
bul_Cyrl,682,17,13
bul_Cyrl,682,18,13
bul_Cyrl,682,19,13
bul_Cyrl,682,20,24
bul_Cyrl,682,21,13
bul_Cyrl,682,22,27
bul_Cyrl,682,23,13
bul_Cyrl,682,24,13
bul_Cyrl,682,25,13
bul_Cyrl,683,0,60
bul_Cyrl,683,1,13
bul_Cyrl,683,2,13
bul_Cyrl,683,3,13
bul_Cyrl,683,4,13
bul_Cyrl,683,5,13
bul_Cyrl,683,6,13
bul_Cyrl,683,7,13
bul_Cyrl,683,8,19
bul_Cyrl,683,9,13
bul_Cyrl,683,10,13
bul_Cyrl,683,11,13
bul_Cyrl,683,12,13
bul_Cyrl,683,13,13
bul_Cyrl,683,14,13
bul_Cyrl,683,15,13
bul_Cyrl,683,16,13
bul_Cyrl,683,17,13
bul_Cyrl,683,18,13
bul_Cyrl,683,19,13
bul_Cyrl,684,0,60
bul_Cyrl,684,1,13
bul_Cyrl,684,2,13
bul_Cyrl,684,3,13
bul_Cyrl,684,4,13
bul_Cyrl,684,5,13
bul_Cyrl,684,6,13
bul_Cyrl,684,7,13
bul_Cyrl,684,8,13
bul_Cyrl,684,9,13
bul_Cyrl,684,10,13
bul_Cyrl,684,11,13
bul_Cyrl,684,12,13
bul_Cyrl,684,13,13
bul_Cyrl,684,14,13
bul_Cyrl,684,15,13
bul_Cyrl,684,16,13
bul_Cyrl,684,17,13
bul_Cyrl,684,18,52
eng_Latn,685,0,60
eng_Latn,685,1,18
eng_Latn,685,2,18
eng_Latn,685,3,34
eng_Latn,685,4,48
eng_Latn,685,5,56
eng_Latn,685,6,37
eng_Latn,685,7,16
eng_Latn,685,8,51
eng_Latn,686,0,60
eng_Latn,686,1,56
eng_Latn,686,2,54
eng_Latn,686,3,18
eng_Latn,686,4,21
eng_Latn,686,5,9
eng_Latn,686,6,18
eng_Latn,686,7,30
eng_Latn,686,8,30
eng_Latn,686,9,35
eng_Latn,686,10,34
bul_Cyrl,687,0,60
bul_Cyrl,687,1,13
bul_Cyrl,687,2,13
bul_Cyrl,687,3,13
bul_Cyrl,687,4,13
bul_Cyrl,687,5,13
bul_Cyrl,687,6,13
bul_Cyrl,687,7,13
bul_Cyrl,687,8,13
bul_Cyrl,687,9,13
bul_Cyrl,688,0,60
bul_Cyrl,688,1,57
bul_Cyrl,688,2,13
bul_Cyrl,688,3,13
bul_Cyrl,688,4,13
bul_Cyrl,688,5,13
bul_Cyrl,688,6,13
bul_Cyrl,688,7,13
bul_Cyrl,688,8,13
bul_Cyrl,688,9,13
bul_Cyrl,688,10,13
bul_Cyrl,688,11,13
bul_Cyrl,688,12,13
bul_Cyrl,688,13,13
bul_Cyrl,688,14,13
bul_Cyrl,688,15,13
bul_Cyrl,688,16,13
bul_Cyrl,688,17,13
bul_Cyrl,688,18,13
bul_Cyrl,688,19,13
bul_Cyrl,688,20,13
bul_Cyrl,688,21,13
bul_Cyrl,688,22,13
bul_Cyrl,689,0,60
bul_Cyrl,689,1,13
bul_Cyrl,689,2,13
bul_Cyrl,689,3,13
bul_Cyrl,689,4,13
bul_Cyrl,689,5,13
bul_Cyrl,689,6,13
bul_Cyrl,689,7,13
bul_Cyrl,689,8,13
bul_Cyrl,689,9,13
bul_Cyrl,689,10,13
bul_Cyrl,689,11,13
bul_Cyrl,689,12,52
bul_Cyrl,689,13,52
bul_Cyrl,689,14,13
bul_Cyrl,689,15,13
bul_Cyrl,689,16,47
bul_Cyrl,689,17,13
bul_Cyrl,689,18,13
bul_Cyrl,689,19,52
bul_Cyrl,689,20,13
bul_Cyrl,689,21,13
bul_Cyrl,689,22,13
bul_Cyrl,689,23,52
bul_Cyrl,689,24,13
bul_Cyrl,689,25,13
bul_Cyrl,690,0,60
bul_Cyrl,690,1,13
bul_Cyrl,690,2,13
bul_Cyrl,690,3,13
bul_Cyrl,690,4,13
bul_Cyrl,690,5,13
bul_Cyrl,690,6,13
bul_Cyrl,690,7,13
bul_Cyrl,690,8,13
bul_Cyrl,690,9,13
bul_Cyrl,690,10,13
bul_Cyrl,690,11,13
bul_Cyrl,690,12,13
bul_Cyrl,690,13,13
bul_Cyrl,690,14,13
bul_Cyrl,690,15,13
bul_Cyrl,690,16,13
bul_Cyrl,690,17,13
bul_Cyrl,691,0,60
bul_Cyrl,691,1,13
bul_Cyrl,691,2,13
bul_Cyrl,691,3,13
bul_Cyrl,691,4,13
bul_Cyrl,691,5,13
bul_Cyrl,691,6,13
bul_Cyrl,691,7,13
bul_Cyrl,691,8,13
eng_Latn,692,0,60
eng_Latn,692,1,56
eng_Latn,692,2,51
eng_Latn,692,3,53
eng_Latn,692,4,57
eng_Latn,692,5,56
eng_Latn,692,6,19
eng_Latn,692,7,34
eng_Latn,692,8,20
eng_Latn,692,9,37
eng_Latn,692,10,41
eng_Latn,692,11,34
bul_Cyrl,693,0,60
bul_Cyrl,693,1,13
bul_Cyrl,693,2,13
bul_Cyrl,693,3,13
bul_Cyrl,693,4,13
bul_Cyrl,693,5,13
bul_Cyrl,693,6,13
bul_Cyrl,693,7,13
bul_Cyrl,693,8,13
bul_Cyrl,693,9,13
bul_Cyrl,693,10,13
bul_Cyrl,693,11,13
bul_Cyrl,693,12,13
bul_Cyrl,694,0,60
bul_Cyrl,694,1,13
bul_Cyrl,694,2,13
bul_Cyrl,694,3,13
bul_Cyrl,694,4,13
bul_Cyrl,694,5,13
bul_Cyrl,694,6,13
bul_Cyrl,694,7,13
bul_Cyrl,694,8,13
bul_Cyrl,694,9,13
bul_Cyrl,694,10,13
bul_Cyrl,694,11,26
bul_Cyrl,694,12,13
bul_Cyrl,694,13,13
bul_Cyrl,694,14,13
bul_Cyrl,694,15,13
bul_Cyrl,694,16,24
bul_Cyrl,694,17,52
bul_Cyrl,695,0,60
bul_Cyrl,695,1,13
bul_Cyrl,695,2,1
bul_Cyrl,695,3,11
bul_Cyrl,695,4,52
bul_Cyrl,695,5,1
bul_Cyrl,695,6,13
bul_Cyrl,695,7,13
bul_Cyrl,695,8,13
bul_Cyrl,695,9,13
bul_Cyrl,695,10,13
bul_Cyrl,695,11,12
bul_Cyrl,695,12,13
bul_Cyrl,695,13,13
bul_Cyrl,695,14,13
bul_Cyrl,695,15,47
bul_Cyrl,695,16,13
bul_Cyrl,695,17,13
bul_Cyrl,695,18,13
bul_Cyrl,695,19,13
bul_Cyrl,696,0,60
bul_Cyrl,696,1,57
bul_Cyrl,696,2,13
bul_Cyrl,696,3,13
bul_Cyrl,696,4,13
bul_Cyrl,696,5,13
bul_Cyrl,696,6,13
bul_Cyrl,696,7,13
bul_Cyrl,696,8,13
bul_Cyrl,696,9,13
bul_Cyrl,696,10,13
bul_Cyrl,696,11,13
bul_Cyrl,696,12,13
bul_Cyrl,696,13,13
bul_Cyrl,696,14,13
bul_Cyrl,696,15,13
bul_Cyrl,696,16,13
bul_Cyrl,696,17,13
bul_Cyrl,696,18,13
bul_Cyrl,697,0,60
bul_Cyrl,697,1,13
bul_Cyrl,697,2,13
bul_Cyrl,697,3,13
bul_Cyrl,697,4,13
bul_Cyrl,697,5,13
bul_Cyrl,697,6,13
bul_Cyrl,697,7,13
bul_Cyrl,697,8,13
bul_Cyrl,697,9,13
bul_Cyrl,697,10,13
bul_Cyrl,697,11,13
bul_Cyrl,697,12,13
bul_Cyrl,697,13,13
bul_Cyrl,697,14,13
bul_Cyrl,698,0,60
bul_Cyrl,698,1,13
bul_Cyrl,698,2,13
bul_Cyrl,698,3,13
bul_Cyrl,698,4,13
bul_Cyrl,698,5,13
bul_Cyrl,699,0,60
bul_Cyrl,699,1,13
bul_Cyrl,699,2,13
bul_Cyrl,699,3,13
bul_Cyrl,699,4,13
bul_Cyrl,699,5,13
bul_Cyrl,699,6,13
bul_Cyrl,699,7,13
bul_Cyrl,699,8,13
bul_Cyrl,699,9,13
bul_Cyrl,699,10,13
bul_Cyrl,699,11,13
bul_Cyrl,699,12,13
bul_Cyrl,699,13,13
bul_Cyrl,699,14,13
bul_Cyrl,700,0,60
bul_Cyrl,700,1,13
bul_Cyrl,700,2,13
bul_Cyrl,700,3,52
bul_Cyrl,700,4,13
bul_Cyrl,700,5,13
bul_Cyrl,700,6,13
bul_Cyrl,700,7,13
bul_Cyrl,700,8,13
bul_Cyrl,700,9,13
bul_Cyrl,700,10,13
bul_Cyrl,700,11,13
bul_Cyrl,700,12,13
bul_Cyrl,701,0,60
bul_Cyrl,701,1,13
bul_Cyrl,701,2,13
bul_Cyrl,701,3,13
bul_Cyrl,701,4,13
bul_Cyrl,701,5,13
bul_Cyrl,701,6,13
bul_Cyrl,701,7,13
bul_Cyrl,701,8,13
bul_Cyrl,701,9,13
bul_Cyrl,701,10,13
bul_Cyrl,701,11,13
bul_Cyrl,701,12,13
bul_Cyrl,701,13,13
bul_Cyrl,701,14,13
bul_Cyrl,701,15,13
bul_Cyrl,701,16,61
bul_Cyrl,701,17,13
bul_Cyrl,701,18,13
bul_Cyrl,701,19,13
bul_Cyrl,701,20,19
bul_Cyrl,701,21,13
bul_Cyrl,701,22,13
bul_Cyrl,701,23,13
bul_Cyrl,701,24,13
bul_Cyrl,701,25,13
bul_Cyrl,701,26,13
bul_Cyrl,702,0,60
bul_Cyrl,702,1,13
bul_Cyrl,702,2,13
bul_Cyrl,702,3,13
bul_Cyrl,702,4,13
bul_Cyrl,702,5,13
bul_Cyrl,702,6,13
bul_Cyrl,702,7,13
bul_Cyrl,702,8,13
bul_Cyrl,702,9,13
bul_Cyrl,702,10,13
bul_Cyrl,702,11,13
bul_Cyrl,702,12,52
bul_Cyrl,702,13,13
bul_Cyrl,702,14,13
bul_Cyrl,702,15,13
bul_Cyrl,703,0,60
bul_Cyrl,703,1,13
bul_Cyrl,703,2,13
bul_Cyrl,703,3,13
bul_Cyrl,703,4,13
bul_Cyrl,703,5,13
bul_Cyrl,703,6,19
bul_Cyrl,703,7,13
bul_Cyrl,703,8,13
bul_Cyrl,703,9,13
bul_Cyrl,703,10,13
bul_Cyrl,703,11,13
bul_Cyrl,703,12,13
bul_Cyrl,703,13,13
bul_Cyrl,703,14,13
bul_Cyrl,703,15,13
bul_Cyrl,703,16,13
bul_Cyrl,704,0,60
bul_Cyrl,704,1,13
bul_Cyrl,704,2,13
bul_Cyrl,704,3,13
bul_Cyrl,704,4,13
bul_Cyrl,704,5,13
bul_Cyrl,704,6,13
bul_Cyrl,704,7,13
bul_Cyrl,704,8,13
bul_Cyrl,704,9,13
bul_Cyrl,704,10,13
bul_Cyrl,704,11,13
bul_Cyrl,704,12,13
bul_Cyrl,704,13,13
bul_Cyrl,704,14,13
bul_Cyrl,704,15,13
bul_Cyrl,704,16,13
bul_Cyrl,704,17,13
bul_Cyrl,704,18,1
bul_Cyrl,704,19,13
bul_Cyrl,704,20,13
bul_Cyrl,704,21,13
bul_Cyrl,704,22,13
bul_Cyrl,705,0,60
bul_Cyrl,705,1,13
bul_Cyrl,705,2,13
bul_Cyrl,705,3,13
bul_Cyrl,705,4,13
bul_Cyrl,705,5,13
bul_Cyrl,705,6,13
bul_Cyrl,705,7,13
bul_Cyrl,705,8,13
bul_Cyrl,705,9,13
bul_Cyrl,705,10,13
bul_Cyrl,706,0,60
bul_Cyrl,706,1,13
bul_Cyrl,706,2,13
bul_Cyrl,706,3,13
bul_Cyrl,706,4,13
bul_Cyrl,706,5,13
bul_Cyrl,706,6,13
bul_Cyrl,706,7,13
bul_Cyrl,706,8,13
bul_Cyrl,706,9,13
bul_Cyrl,706,10,13
bul_Cyrl,706,11,13
bul_Cyrl,706,12,13
bul_Cyrl,706,13,13
bul_Cyrl,706,14,13
bul_Cyrl,706,15,13
bul_Cyrl,706,16,13
bul_Cyrl,706,17,13
bul_Cyrl,706,18,13
bul_Cyrl,706,19,13
bul_Cyrl,706,20,13
bul_Cyrl,706,21,13
bul_Cyrl,706,22,13
bul_Cyrl,706,23,13
bul_Cyrl,706,24,13
bul_Cyrl,707,0,60
bul_Cyrl,707,1,13
bul_Cyrl,707,2,13
bul_Cyrl,707,3,13
bul_Cyrl,707,4,13
bul_Cyrl,708,0,60
bul_Cyrl,708,1,12
bul_Cyrl,708,2,13
bul_Cyrl,708,3,13
bul_Cyrl,708,4,13
bul_Cyrl,708,5,13
bul_Cyrl,708,6,13
bul_Cyrl,708,7,13
bul_Cyrl,708,8,13
bul_Cyrl,708,9,13
bul_Cyrl,709,0,60
bul_Cyrl,709,1,13
bul_Cyrl,709,2,13
bul_Cyrl,709,3,13
bul_Cyrl,709,4,13
bul_Cyrl,709,5,13
bul_Cyrl,709,6,13
bul_Cyrl,709,7,13
bul_Cyrl,709,8,13
bul_Cyrl,709,9,13
bul_Cyrl,709,10,13
bul_Cyrl,709,11,13
bul_Cyrl,709,12,13
bul_Cyrl,709,13,13
bul_Cyrl,709,14,13
bul_Cyrl,709,15,13
bul_Cyrl,709,16,13
bul_Cyrl,709,17,1
bul_Cyrl,709,18,19
bul_Cyrl,709,19,19
bul_Cyrl,709,20,13
bul_Cyrl,709,21,13
bul_Cyrl,709,22,13
bul_Cyrl,709,23,13
bul_Cyrl,709,24,27
bul_Cyrl,709,25,13
bul_Cyrl,709,26,13
bul_Cyrl,709,27,13
bul_Cyrl,710,0,60
bul_Cyrl,710,1,13
bul_Cyrl,710,2,13
bul_Cyrl,710,3,13
bul_Cyrl,710,4,13
bul_Cyrl,710,5,13
bul_Cyrl,710,6,13
bul_Cyrl,710,7,13
bul_Cyrl,710,8,13
bul_Cyrl,710,9,13
bul_Cyrl,710,10,13
bul_Cyrl,710,11,13
bul_Cyrl,710,12,13
bul_Cyrl,710,13,13
bul_Cyrl,710,14,13
bul_Cyrl,710,15,13
bul_Cyrl,710,16,13
bul_Cyrl,710,17,13
bul_Cyrl,710,18,13
bul_Cyrl,710,19,13
bul_Cyrl,710,20,13
bul_Cyrl,710,21,13
bul_Cyrl,710,22,13
bul_Cyrl,711,0,60
bul_Cyrl,711,1,13
bul_Cyrl,711,2,13
bul_Cyrl,711,3,13
bul_Cyrl,711,4,13
bul_Cyrl,711,5,13
bul_Cyrl,711,6,13
bul_Cyrl,711,7,13
bul_Cyrl,711,8,13
bul_Cyrl,711,9,13
bul_Cyrl,711,10,13
bul_Cyrl,711,11,13
bul_Cyrl,711,12,13
bul_Cyrl,711,13,13
bul_Cyrl,711,14,13
bul_Cyrl,711,15,13
bul_Cyrl,711,16,13
bul_Cyrl,711,17,13
bul_Cyrl,711,18,13
bul_Cyrl,711,19,13
bul_Cyrl,711,20,13
bul_Cyrl,711,21,13
bul_Cyrl,711,22,13
bul_Cyrl,711,23,13
bul_Cyrl,711,24,13
bul_Cyrl,711,25,13
bul_Cyrl,711,26,13
bul_Cyrl,712,0,60
bul_Cyrl,712,1,13
bul_Cyrl,712,2,13
bul_Cyrl,712,3,47
bul_Cyrl,712,4,13
bul_Cyrl,712,5,13
bul_Cyrl,712,6,19
bul_Cyrl,713,0,60
bul_Cyrl,713,1,13
bul_Cyrl,713,2,13
bul_Cyrl,713,3,13
bul_Cyrl,713,4,13
bul_Cyrl,713,5,61
bul_Cyrl,713,6,13
bul_Cyrl,713,7,13
bul_Cyrl,713,8,47
bul_Cyrl,713,9,13
bul_Cyrl,713,10,13
bul_Cyrl,713,11,13
bul_Cyrl,714,0,60
bul_Cyrl,715,0,60
bul_Cyrl,715,1,13
bul_Cyrl,715,2,13
bul_Cyrl,715,3,13
bul_Cyrl,715,4,13
bul_Cyrl,715,5,13
bul_Cyrl,715,6,47
bul_Cyrl,715,7,13
bul_Cyrl,715,8,13
bul_Cyrl,715,9,13
bul_Cyrl,715,10,13
bul_Cyrl,715,11,13
bul_Cyrl,715,12,13
bul_Cyrl,715,13,13
bul_Cyrl,715,14,47
bul_Cyrl,715,15,13
bul_Cyrl,715,16,13
bul_Cyrl,715,17,13
bul_Cyrl,716,0,60
bul_Cyrl,716,1,13
bul_Cyrl,716,2,13
bul_Cyrl,716,3,13
bul_Cyrl,716,4,13
bul_Cyrl,716,5,13
bul_Cyrl,716,6,13
bul_Cyrl,716,7,13
bul_Cyrl,716,8,13
bul_Cyrl,716,9,13
bul_Cyrl,716,10,13
bul_Cyrl,716,11,13
bul_Cyrl,716,12,13
bul_Cyrl,716,13,13
bul_Cyrl,716,14,13
bul_Cyrl,716,15,13
bul_Cyrl,716,16,13
bul_Cyrl,716,17,13
bul_Cyrl,717,0,60
bul_Cyrl,717,1,13
bul_Cyrl,717,2,13
bul_Cyrl,717,3,13
bul_Cyrl,717,4,13
bul_Cyrl,717,5,13
bul_Cyrl,717,6,9
bul_Cyrl,717,7,13
bul_Cyrl,717,8,13
bul_Cyrl,717,9,13
bul_Cyrl,717,10,13
bul_Cyrl,717,11,13
bul_Cyrl,717,12,13
bul_Cyrl,717,13,9
bul_Cyrl,717,14,13
bul_Cyrl,717,15,13
bul_Cyrl,717,16,13
bul_Cyrl,717,17,13
bul_Cyrl,717,18,13
bul_Cyrl,717,19,13
bul_Cyrl,717,20,9
bul_Cyrl,717,21,13
bul_Cyrl,717,22,52
bul_Cyrl,717,23,52
bul_Cyrl,717,24,52
bul_Cyrl,717,25,47
bul_Cyrl,717,26,13
eng_Latn,718,0,60
eng_Latn,718,1,45
eng_Latn,718,2,18
eng_Latn,718,3,53
eng_Latn,718,4,16
eng_Latn,718,5,30
eng_Latn,718,6,46
eng_Latn,718,7,15
bul_Cyrl,719,0,60
bul_Cyrl,719,1,60
bul_Cyrl,719,2,12
bul_Cyrl,719,3,11
bul_Cyrl,719,4,13
bul_Cyrl,719,5,13
bul_Cyrl,719,6,13
bul_Cyrl,719,7,13
bul_Cyrl,719,8,13
bul_Cyrl,719,9,26
bul_Cyrl,719,10,49
bul_Cyrl,719,11,47
bul_Cyrl,719,12,24
bul_Cyrl,719,13,13
bul_Cyrl,720,0,60
bul_Cyrl,720,1,13
bul_Cyrl,720,2,13
bul_Cyrl,720,3,13
bul_Cyrl,720,4,13
bul_Cyrl,720,5,13
bul_Cyrl,720,6,13
bul_Cyrl,720,7,13
bul_Cyrl,720,8,13
bul_Cyrl,720,9,47
bul_Cyrl,720,10,13
bul_Cyrl,720,11,13
bul_Cyrl,720,12,13
bul_Cyrl,720,13,13
bul_Cyrl,720,14,52
bul_Cyrl,720,15,13
bul_Cyrl,720,16,13
bul_Cyrl,720,17,13
bul_Cyrl,720,18,13
bul_Cyrl,720,19,52
bul_Cyrl,720,20,13
bul_Cyrl,720,21,52
bul_Cyrl,720,22,13
bul_Cyrl,721,0,60
bul_Cyrl,721,1,13
bul_Cyrl,721,2,13
bul_Cyrl,721,3,13
bul_Cyrl,721,4,13
bul_Cyrl,721,5,13
bul_Cyrl,721,6,13
bul_Cyrl,721,7,19
bul_Cyrl,721,8,13
bul_Cyrl,721,9,13
bul_Cyrl,721,10,13
bul_Cyrl,721,11,13
bul_Cyrl,721,12,13
bul_Cyrl,721,13,13
bul_Cyrl,721,14,13
bul_Cyrl,721,15,13
bul_Cyrl,721,16,13
bul_Cyrl,721,17,13
bul_Cyrl,721,18,13
bul_Cyrl,721,19,13
bul_Cyrl,722,0,60
bul_Cyrl,722,1,13
bul_Cyrl,722,2,13
bul_Cyrl,722,3,13
bul_Cyrl,722,4,13
bul_Cyrl,722,5,13
bul_Cyrl,722,6,13
bul_Cyrl,722,7,13
bul_Cyrl,722,8,13
bul_Cyrl,722,9,47
bul_Cyrl,722,10,13
bul_Cyrl,722,11,13
bul_Cyrl,722,12,19
bul_Cyrl,722,13,13
bul_Cyrl,722,14,13
bul_Cyrl,722,15,39
bul_Cyrl,722,16,13
bul_Cyrl,722,17,13
bul_Cyrl,722,18,13
bul_Cyrl,722,19,13
bul_Cyrl,722,20,13
bul_Cyrl,722,21,13
bul_Cyrl,722,22,13
bul_Cyrl,722,23,27
bul_Cyrl,722,24,13
bul_Cyrl,722,25,13
bul_Cyrl,722,26,13
bul_Cyrl,722,27,27
bul_Cyrl,722,28,13
bul_Cyrl,722,29,13
bul_Cyrl,722,30,13
bul_Cyrl,722,31,13
bul_Cyrl,722,32,13
bul_Cyrl,723,0,60
bul_Cyrl,723,1,13
bul_Cyrl,723,2,13
bul_Cyrl,723,3,13
bul_Cyrl,723,4,13
bul_Cyrl,723,5,13
bul_Cyrl,723,6,13
bul_Cyrl,723,7,13
bul_Cyrl,723,8,13
bul_Cyrl,723,9,13
bul_Cyrl,723,10,13
bul_Cyrl,723,11,13
bul_Cyrl,723,12,13
bul_Cyrl,723,13,47
bul_Cyrl,723,14,13
bul_Cyrl,723,15,13
bul_Cyrl,723,16,39
bul_Cyrl,723,17,39
bul_Cyrl,723,18,13
bul_Cyrl,724,0,60
bul_Cyrl,724,1,13
bul_Cyrl,724,2,13
bul_Cyrl,724,3,13
bul_Cyrl,724,4,13
bul_Cyrl,724,5,13
bul_Cyrl,724,6,13
bul_Cyrl,724,7,13
bul_Cyrl,724,8,13
bul_Cyrl,724,9,13
bul_Cyrl,724,10,13
bul_Cyrl,724,11,13
bul_Cyrl,724,12,13
bul_Cyrl,724,13,13
bul_Cyrl,724,14,13
bul_Cyrl,724,15,13
bul_Cyrl,724,16,13
bul_Cyrl,724,17,13
bul_Cyrl,724,18,13
bul_Cyrl,724,19,13
bul_Cyrl,725,0,60
bul_Cyrl,725,1,13
bul_Cyrl,725,2,13
bul_Cyrl,725,3,13
bul_Cyrl,725,4,13
bul_Cyrl,725,5,13
bul_Cyrl,725,6,13
bul_Cyrl,725,7,1
bul_Cyrl,725,8,19
bul_Cyrl,725,9,19
bul_Cyrl,725,10,13
bul_Cyrl,725,11,13
bul_Cyrl,725,12,13
bul_Cyrl,725,13,13
bul_Cyrl,725,14,13
bul_Cyrl,725,15,13
bul_Cyrl,725,16,13
bul_Cyrl,725,17,13
bul_Cyrl,725,18,13
bul_Cyrl,725,19,13
bul_Cyrl,725,20,13
bul_Cyrl,725,21,13
bul_Cyrl,725,22,13
bul_Cyrl,725,23,13
bul_Cyrl,725,24,13
bul_Cyrl,725,25,13
bul_Cyrl,726,0,60
bul_Cyrl,726,1,13
bul_Cyrl,726,2,13
bul_Cyrl,726,3,13
bul_Cyrl,726,4,13
bul_Cyrl,726,5,13
bul_Cyrl,726,6,13
bul_Cyrl,726,7,13
bul_Cyrl,726,8,13
bul_Cyrl,726,9,13
bul_Cyrl,726,10,13
bul_Cyrl,726,11,13
bul_Cyrl,726,12,13
bul_Cyrl,727,0,60
bul_Cyrl,727,1,13
bul_Cyrl,727,2,13
bul_Cyrl,727,3,13
bul_Cyrl,727,4,13
bul_Cyrl,727,5,13
bul_Cyrl,727,6,13
bul_Cyrl,727,7,13
bul_Cyrl,727,8,13
bul_Cyrl,727,9,13
bul_Cyrl,727,10,13
bul_Cyrl,727,11,13
bul_Cyrl,727,12,13
bul_Cyrl,727,13,27
bul_Cyrl,727,14,27
bul_Cyrl,727,15,13
bul_Cyrl,727,16,13
bul_Cyrl,727,17,52
bul_Cyrl,728,0,60
bul_Cyrl,728,1,62
bul_Cyrl,728,2,46
bul_Cyrl,728,3,52
bul_Cyrl,728,4,13
bul_Cyrl,728,5,13
bul_Cyrl,729,0,60
bul_Cyrl,729,1,13
bul_Cyrl,729,2,13
bul_Cyrl,729,3,13
bul_Cyrl,729,4,13
bul_Cyrl,729,5,13
bul_Cyrl,729,6,13
bul_Cyrl,729,7,13
bul_Cyrl,729,8,13
bul_Cyrl,729,9,13
bul_Cyrl,729,10,13
bul_Cyrl,729,11,13
bul_Cyrl,729,12,13
eng_Latn,730,0,60
eng_Latn,730,1,50
eng_Latn,730,2,39
eng_Latn,730,3,19
eng_Latn,730,4,33
eng_Latn,730,5,46
eng_Latn,730,6,48
eng_Latn,730,7,14
eng_Latn,730,8,27
eng_Latn,730,9,47
eng_Latn,730,10,49
bul_Cyrl,731,0,60
bul_Cyrl,731,1,13
bul_Cyrl,731,2,47
bul_Cyrl,731,3,13
bul_Cyrl,731,4,13
bul_Cyrl,731,5,13
bul_Cyrl,731,6,13
bul_Cyrl,731,7,13
bul_Cyrl,731,8,13
bul_Cyrl,731,9,13
bul_Cyrl,731,10,13
bul_Cyrl,731,11,13
bul_Cyrl,731,12,13
bul_Cyrl,731,13,13
bul_Cyrl,731,14,13
bul_Cyrl,731,15,13
bul_Cyrl,731,16,13
bul_Cyrl,732,0,60
bul_Cyrl,732,1,13
bul_Cyrl,732,2,13
bul_Cyrl,732,3,13
bul_Cyrl,732,4,13
bul_Cyrl,732,5,13
bul_Cyrl,732,6,13
bul_Cyrl,732,7,13
bul_Cyrl,732,8,13
bul_Cyrl,732,9,13
bul_Cyrl,733,0,60
bul_Cyrl,733,1,13
bul_Cyrl,733,2,13
bul_Cyrl,733,3,13
bul_Cyrl,733,4,13
bul_Cyrl,733,5,13
bul_Cyrl,733,6,13
bul_Cyrl,733,7,13
bul_Cyrl,733,8,27
bul_Cyrl,733,9,13
bul_Cyrl,733,10,13
bul_Cyrl,733,11,13
bul_Cyrl,733,12,13
bul_Cyrl,733,13,13
bul_Cyrl,733,14,13
bul_Cyrl,733,15,61
bul_Cyrl,733,16,13
bul_Cyrl,733,17,13
bul_Cyrl,733,18,27
bul_Cyrl,733,19,13
bul_Cyrl,733,20,13
bul_Cyrl,733,21,13
bul_Cyrl,733,22,13
bul_Cyrl,733,23,13
bul_Cyrl,733,24,13
bul_Cyrl,734,0,60
bul_Cyrl,734,1,13
bul_Cyrl,734,2,13
bul_Cyrl,734,3,13
bul_Cyrl,734,4,13
bul_Cyrl,734,5,13
bul_Cyrl,734,6,13
bul_Cyrl,734,7,13
bul_Cyrl,734,8,13
bul_Cyrl,734,9,13
bul_Cyrl,734,10,13
bul_Cyrl,734,11,13
bul_Cyrl,734,12,13
bul_Cyrl,734,13,13
bul_Cyrl,734,14,13
bul_Cyrl,734,15,24
bul_Cyrl,734,16,52
bul_Cyrl,734,17,13
bul_Cyrl,734,18,13
bul_Cyrl,734,19,13
bul_Cyrl,734,20,13
bul_Cyrl,734,21,13
bul_Cyrl,734,22,13
bul_Cyrl,735,0,60
bul_Cyrl,735,1,13
bul_Cyrl,735,2,13
bul_Cyrl,735,3,13
bul_Cyrl,735,4,13
bul_Cyrl,735,5,13
bul_Cyrl,735,6,13
bul_Cyrl,735,7,13
bul_Cyrl,735,8,13
bul_Cyrl,735,9,13
bul_Cyrl,735,10,13
bul_Cyrl,735,11,13
bul_Cyrl,735,12,13
bul_Cyrl,735,13,13
bul_Cyrl,735,14,13
bul_Cyrl,735,15,13
bul_Cyrl,735,16,13
bul_Cyrl,735,17,13
bul_Cyrl,735,18,13
bul_Cyrl,735,19,13
bul_Cyrl,735,20,13
bul_Cyrl,735,21,13
bul_Cyrl,735,22,13
bul_Cyrl,735,23,13
bul_Cyrl,735,24,13
bul_Cyrl,736,0,60
bul_Cyrl,736,1,13
bul_Cyrl,736,2,13
bul_Cyrl,736,3,13
bul_Cyrl,736,4,13
bul_Cyrl,736,5,13
bul_Cyrl,736,6,13
bul_Cyrl,736,7,13
bul_Cyrl,736,8,13
bul_Cyrl,736,9,13
bul_Cyrl,736,10,13
bul_Cyrl,736,11,13
bul_Cyrl,736,12,13
bul_Cyrl,736,13,13
bul_Cyrl,736,14,13
bul_Cyrl,736,15,19
bul_Cyrl,736,16,13
bul_Cyrl,736,17,13
bul_Cyrl,736,18,61
bul_Cyrl,736,19,13
bul_Cyrl,736,20,13
bul_Cyrl,736,21,13
bul_Cyrl,736,22,13
bul_Cyrl,736,23,13
bul_Cyrl,736,24,13
bul_Cyrl,736,25,13
bul_Cyrl,736,26,13
bul_Cyrl,736,27,13
bul_Cyrl,736,28,13
bul_Cyrl,737,0,60
bul_Cyrl,737,1,24
bul_Cyrl,737,2,19
bul_Cyrl,737,3,27
bul_Cyrl,737,4,39
bul_Cyrl,738,0,60
bul_Cyrl,738,1,47
bul_Cyrl,738,2,47
bul_Cyrl,738,3,19
bul_Cyrl,738,4,7
bul_Cyrl,739,0,60
bul_Cyrl,739,1,13
bul_Cyrl,739,2,13
bul_Cyrl,739,3,13
bul_Cyrl,739,4,19
bul_Cyrl,739,5,13
bul_Cyrl,739,6,13
bul_Cyrl,739,7,13
bul_Cyrl,739,8,26
bul_Cyrl,739,9,13
bul_Cyrl,739,10,13
bul_Cyrl,739,11,13
bul_Cyrl,739,12,13
bul_Cyrl,740,0,60
bul_Cyrl,740,1,13
bul_Cyrl,740,2,13
bul_Cyrl,740,3,13
bul_Cyrl,740,4,13
bul_Cyrl,740,5,13
bul_Cyrl,740,6,13
bul_Cyrl,740,7,13
bul_Cyrl,740,8,13
bul_Cyrl,740,9,13
bul_Cyrl,740,10,13
bul_Cyrl,740,11,13
bul_Cyrl,740,12,13
bul_Cyrl,740,13,13
bul_Cyrl,740,14,13
eng_Latn,741,0,60
eng_Latn,741,1,54
eng_Latn,741,2,38
eng_Latn,741,3,19
eng_Latn,741,4,46
eng_Latn,741,5,21
eng_Latn,741,6,16
eng_Latn,741,7,57
eng_Latn,742,0,60
eng_Latn,742,1,61
eng_Latn,742,2,21
eng_Latn,742,3,56
eng_Latn,742,4,51
eng_Latn,742,5,56
eng_Latn,742,6,46
eng_Latn,742,7,21
bul_Cyrl,743,0,60
bul_Cyrl,743,1,13
bul_Cyrl,743,2,13
bul_Cyrl,743,3,13
bul_Cyrl,743,4,13
bul_Cyrl,743,5,13
bul_Cyrl,743,6,13
bul_Cyrl,743,7,13
bul_Cyrl,743,8,47
bul_Cyrl,743,9,1
bul_Cyrl,743,10,13
bul_Cyrl,743,11,13
bul_Cyrl,744,0,60
bul_Cyrl,744,1,13
bul_Cyrl,744,2,13
bul_Cyrl,744,3,13
bul_Cyrl,744,4,13
bul_Cyrl,744,5,13
bul_Cyrl,744,6,13
bul_Cyrl,744,7,13
bul_Cyrl,744,8,13
bul_Cyrl,744,9,13
bul_Cyrl,744,10,13
bul_Cyrl,744,11,13
bul_Cyrl,744,12,13
bul_Cyrl,744,13,13
bul_Cyrl,744,14,13
bul_Cyrl,744,15,13
bul_Cyrl,744,16,13
bul_Cyrl,744,17,13
bul_Cyrl,744,18,13
bul_Cyrl,744,19,13
bul_Cyrl,744,20,13
bul_Cyrl,744,21,19
bul_Cyrl,744,22,47
bul_Cyrl,744,23,13
bul_Cyrl,744,24,13
bul_Cyrl,745,0,60
bul_Cyrl,745,1,13
bul_Cyrl,745,2,13
bul_Cyrl,745,3,13
bul_Cyrl,745,4,13
bul_Cyrl,745,5,13
bul_Cyrl,745,6,13
bul_Cyrl,745,7,13
bul_Cyrl,745,8,13
bul_Cyrl,745,9,47
bul_Cyrl,745,10,13
bul_Cyrl,745,11,19
bul_Cyrl,746,0,60
bul_Cyrl,746,1,9
bul_Cyrl,746,2,13
bul_Cyrl,746,3,13
bul_Cyrl,746,4,13
bul_Cyrl,746,5,13
bul_Cyrl,746,6,13
bul_Cyrl,746,7,13
bul_Cyrl,746,8,13
bul_Cyrl,746,9,13
bul_Cyrl,746,10,13
bul_Cyrl,746,11,13
bul_Cyrl,746,12,13
bul_Cyrl,747,0,60
bul_Cyrl,747,1,58
bul_Cyrl,747,2,52
bul_Cyrl,747,3,13
bul_Cyrl,747,4,13
bul_Cyrl,747,5,13
bul_Cyrl,747,6,13
bul_Cyrl,747,7,13
bul_Cyrl,747,8,13
bul_Cyrl,747,9,13
bul_Cyrl,747,10,13
bul_Cyrl,748,0,60
bul_Cyrl,748,1,12
bul_Cyrl,748,2,13
bul_Cyrl,748,3,13
bul_Cyrl,748,4,13
bul_Cyrl,748,5,13
bul_Cyrl,748,6,13
bul_Cyrl,748,7,13
bul_Cyrl,748,8,13
bul_Cyrl,748,9,13
bul_Cyrl,748,10,13
bul_Cyrl,748,11,13
bul_Cyrl,748,12,13
bul_Cyrl,748,13,13
bul_Cyrl,748,14,13
bul_Cyrl,748,15,13
bul_Cyrl,748,16,13
bul_Cyrl,748,17,13
bul_Cyrl,749,0,60
bul_Cyrl,749,1,13
bul_Cyrl,749,2,19
bul_Cyrl,749,3,13
bul_Cyrl,749,4,13
bul_Cyrl,749,5,13
bul_Cyrl,749,6,13
bul_Cyrl,749,7,13
bul_Cyrl,750,0,60
bul_Cyrl,750,1,13
bul_Cyrl,750,2,13
bul_Cyrl,750,3,13
bul_Cyrl,750,4,13
bul_Cyrl,750,5,13
bul_Cyrl,750,6,13
bul_Cyrl,750,7,13
bul_Cyrl,750,8,13
bul_Cyrl,750,9,13
bul_Cyrl,750,10,13
bul_Cyrl,750,11,13
bul_Cyrl,750,12,13
bul_Cyrl,750,13,26
bul_Cyrl,750,14,13
bul_Cyrl,750,15,13
bul_Cyrl,750,16,13
bul_Cyrl,750,17,13
bul_Cyrl,751,0,60
bul_Cyrl,751,1,13
bul_Cyrl,751,2,13
bul_Cyrl,751,3,13
bul_Cyrl,751,4,13
bul_Cyrl,751,5,13
bul_Cyrl,751,6,13
bul_Cyrl,751,7,13
bul_Cyrl,751,8,13
bul_Cyrl,751,9,13
bul_Cyrl,751,10,13
bul_Cyrl,751,11,13
bul_Cyrl,751,12,13
bul_Cyrl,751,13,13
bul_Cyrl,751,14,13
bul_Cyrl,751,15,13
bul_Cyrl,751,16,13
bul_Cyrl,751,17,13
bul_Cyrl,752,0,60
bul_Cyrl,752,1,13
bul_Cyrl,752,2,13
bul_Cyrl,752,3,13
bul_Cyrl,752,4,13
bul_Cyrl,752,5,11
bul_Cyrl,752,6,47
bul_Cyrl,752,7,40
bul_Cyrl,753,0,60
bul_Cyrl,753,1,13
bul_Cyrl,753,2,13
bul_Cyrl,753,3,13
bul_Cyrl,753,4,13
bul_Cyrl,753,5,13
bul_Cyrl,753,6,13
bul_Cyrl,753,7,13
bul_Cyrl,753,8,13
bul_Cyrl,753,9,13
bul_Cyrl,753,10,13
bul_Cyrl,753,11,13
bul_Cyrl,753,12,13
bul_Cyrl,753,13,13
bul_Cyrl,753,14,13
bul_Cyrl,753,15,13
bul_Cyrl,753,16,13
bul_Cyrl,754,0,60
bul_Cyrl,754,1,9
bul_Cyrl,754,2,13
bul_Cyrl,754,3,13
bul_Cyrl,754,4,13
bul_Cyrl,754,5,13
bul_Cyrl,754,6,13
bul_Cyrl,754,7,13
bul_Cyrl,754,8,13
bul_Cyrl,754,9,13
bul_Cyrl,754,10,13
bul_Cyrl,754,11,13
bul_Cyrl,754,12,13
bul_Cyrl,754,13,13
bul_Cyrl,754,14,13
bul_Cyrl,754,15,13
bul_Cyrl,754,16,13
bul_Cyrl,754,17,13
bul_Cyrl,754,18,13
bul_Cyrl,754,19,13
bul_Cyrl,754,20,13
bul_Cyrl,754,21,13
bul_Cyrl,754,22,13
bul_Cyrl,754,23,13
bul_Cyrl,754,24,13
bul_Cyrl,754,25,13
bul_Cyrl,754,26,13
bul_Cyrl,754,27,13
bul_Cyrl,755,0,60
bul_Cyrl,755,1,9
bul_Cyrl,755,2,13
bul_Cyrl,755,3,13
bul_Cyrl,755,4,13
bul_Cyrl,755,5,13
bul_Cyrl,755,6,13
bul_Cyrl,755,7,13
bul_Cyrl,755,8,13
bul_Cyrl,755,9,13
bul_Cyrl,755,10,13
bul_Cyrl,755,11,13
bul_Cyrl,755,12,13
bul_Cyrl,755,13,13
bul_Cyrl,755,14,1
bul_Cyrl,755,15,1
bul_Cyrl,755,16,13
bul_Cyrl,755,17,13
bul_Cyrl,756,0,60
bul_Cyrl,756,1,13
bul_Cyrl,756,2,13
bul_Cyrl,756,3,13
bul_Cyrl,756,4,13
bul_Cyrl,756,5,13
bul_Cyrl,756,6,13
bul_Cyrl,756,7,13
bul_Cyrl,756,8,13
bul_Cyrl,756,9,13
bul_Cyrl,756,10,13
bul_Cyrl,756,11,13
bul_Cyrl,756,12,13
bul_Cyrl,756,13,13
bul_Cyrl,756,14,13
bul_Cyrl,756,15,13
bul_Cyrl,757,0,60
bul_Cyrl,757,1,13
bul_Cyrl,757,2,13
bul_Cyrl,757,3,13
bul_Cyrl,757,4,13
bul_Cyrl,757,5,13
bul_Cyrl,757,6,13
bul_Cyrl,757,7,13
bul_Cyrl,757,8,13
bul_Cyrl,758,0,60
bul_Cyrl,758,1,13
bul_Cyrl,758,2,13
bul_Cyrl,758,3,13
bul_Cyrl,758,4,13
bul_Cyrl,758,5,13
bul_Cyrl,758,6,13
bul_Cyrl,758,7,13
bul_Cyrl,759,0,60
bul_Cyrl,759,1,13
bul_Cyrl,759,2,13
bul_Cyrl,759,3,13
bul_Cyrl,759,4,13
bul_Cyrl,759,5,13
bul_Cyrl,759,6,13
bul_Cyrl,759,7,13
bul_Cyrl,759,8,13
bul_Cyrl,759,9,13
bul_Cyrl,759,10,13
bul_Cyrl,759,11,13
bul_Cyrl,759,12,13
bul_Cyrl,759,13,13
bul_Cyrl,759,14,13
eng_Latn,760,0,60
eng_Latn,760,1,29
eng_Latn,760,2,18
eng_Latn,760,3,5
eng_Latn,760,4,18
eng_Latn,760,5,18
eng_Latn,760,6,16
eng_Latn,760,7,18
eng_Latn,760,8,56
eng_Latn,760,9,57
bul_Cyrl,761,0,60
bul_Cyrl,761,1,13
bul_Cyrl,761,2,13
bul_Cyrl,761,3,13
bul_Cyrl,761,4,13
bul_Cyrl,761,5,13
bul_Cyrl,761,6,13
bul_Cyrl,761,7,13
bul_Cyrl,761,8,13
bul_Cyrl,761,9,13
bul_Cyrl,761,10,52
bul_Cyrl,761,11,52
bul_Cyrl,761,12,13
bul_Cyrl,761,13,13
bul_Cyrl,761,14,13
bul_Cyrl,761,15,13
bul_Cyrl,761,16,13
bul_Cyrl,761,17,13
bul_Cyrl,761,18,19
bul_Cyrl,761,19,13
bul_Cyrl,761,20,13
bul_Cyrl,761,21,13
bul_Cyrl,761,22,34
bul_Cyrl,761,23,13
bul_Cyrl,761,24,13
bul_Cyrl,761,25,13
bul_Cyrl,761,26,13
bul_Cyrl,761,27,13
bul_Cyrl,761,28,13
bul_Cyrl,762,0,60
bul_Cyrl,762,1,13
bul_Cyrl,762,2,13
bul_Cyrl,762,3,13
bul_Cyrl,762,4,13
bul_Cyrl,762,5,13
bul_Cyrl,762,6,52
bul_Cyrl,762,7,47
bul_Cyrl,762,8,13
bul_Cyrl,762,9,13
bul_Cyrl,762,10,13
bul_Cyrl,762,11,13
bul_Cyrl,762,12,13
bul_Cyrl,762,13,13
bul_Cyrl,762,14,13
bul_Cyrl,763,0,60
bul_Cyrl,763,1,13
bul_Cyrl,763,2,13
bul_Cyrl,763,3,13
bul_Cyrl,763,4,13
bul_Cyrl,763,5,13
bul_Cyrl,763,6,13
bul_Cyrl,764,0,60
bul_Cyrl,764,1,13
bul_Cyrl,764,2,13
bul_Cyrl,764,3,13
bul_Cyrl,764,4,13
bul_Cyrl,764,5,13
bul_Cyrl,764,6,13
bul_Cyrl,764,7,12
bul_Cyrl,764,8,61
bul_Cyrl,764,9,40
bul_Cyrl,764,10,12
bul_Cyrl,764,11,13
bul_Cyrl,764,12,13
bul_Cyrl,764,13,13
bul_Cyrl,764,14,13
bul_Cyrl,764,15,13
bul_Cyrl,764,16,13
bul_Cyrl,765,0,60
bul_Cyrl,765,1,13
bul_Cyrl,765,2,1
bul_Cyrl,765,3,13
bul_Cyrl,765,4,13
bul_Cyrl,765,5,13
bul_Cyrl,765,6,13
bul_Cyrl,765,7,1
bul_Cyrl,765,8,13
bul_Cyrl,765,9,13
bul_Cyrl,765,10,13
bul_Cyrl,765,11,13
bul_Cyrl,765,12,13
bul_Cyrl,765,13,13
bul_Cyrl,765,14,13
bul_Cyrl,765,15,47
bul_Cyrl,765,16,13
bul_Cyrl,765,17,13
bul_Cyrl,765,18,13
bul_Cyrl,765,19,13
bul_Cyrl,765,20,13
bul_Cyrl,765,21,13
bul_Cyrl,765,22,13
bul_Cyrl,765,23,13
eng_Latn,766,0,60
eng_Latn,766,1,22
eng_Latn,766,2,22
eng_Latn,766,3,34
eng_Latn,766,4,34
eng_Latn,767,0,60
eng_Latn,767,1,38
eng_Latn,767,2,46
eng_Latn,767,3,47
eng_Latn,767,4,40
eng_Latn,767,5,29
eng_Latn,767,6,33
bul_Cyrl,768,0,60
bul_Cyrl,768,1,13
bul_Cyrl,768,2,13
bul_Cyrl,768,3,13
bul_Cyrl,768,4,13
bul_Cyrl,768,5,13
bul_Cyrl,768,6,13
bul_Cyrl,768,7,13
bul_Cyrl,768,8,13
bul_Cyrl,768,9,13
bul_Cyrl,768,10,13
bul_Cyrl,768,11,13
bul_Cyrl,768,12,13
bul_Cyrl,768,13,13
bul_Cyrl,768,14,13
bul_Cyrl,769,0,60
bul_Cyrl,769,1,13
bul_Cyrl,769,2,13
bul_Cyrl,769,3,13
bul_Cyrl,769,4,13
bul_Cyrl,769,5,13
bul_Cyrl,769,6,13
bul_Cyrl,769,7,13
bul_Cyrl,769,8,13
bul_Cyrl,769,9,13
bul_Cyrl,769,10,13
bul_Cyrl,769,11,13
bul_Cyrl,769,12,13
bul_Cyrl,769,13,13
bul_Cyrl,769,14,13
bul_Cyrl,770,0,60
bul_Cyrl,770,1,13
bul_Cyrl,770,2,13
bul_Cyrl,770,3,13
bul_Cyrl,770,4,13
bul_Cyrl,770,5,13
bul_Cyrl,770,6,13
bul_Cyrl,770,7,13
bul_Cyrl,770,8,13
bul_Cyrl,770,9,13
bul_Cyrl,770,10,13
bul_Cyrl,770,11,13
bul_Cyrl,770,12,13
bul_Cyrl,770,13,13
bul_Cyrl,770,14,13
bul_Cyrl,770,15,13
bul_Cyrl,770,16,13
bul_Cyrl,770,17,13
bul_Cyrl,770,18,13
bul_Cyrl,770,19,13
bul_Cyrl,770,20,13
bul_Cyrl,770,21,13
bul_Cyrl,770,22,13
bul_Cyrl,770,23,13
bul_Cyrl,770,24,13
bul_Cyrl,771,0,60
bul_Cyrl,771,1,13
bul_Cyrl,771,2,13
bul_Cyrl,771,3,13
bul_Cyrl,771,4,13
bul_Cyrl,771,5,13
bul_Cyrl,771,6,13
bul_Cyrl,771,7,13
bul_Cyrl,771,8,13
bul_Cyrl,771,9,13
bul_Cyrl,771,10,13
bul_Cyrl,771,11,13
bul_Cyrl,771,12,52
bul_Cyrl,771,13,52
bul_Cyrl,771,14,13
bul_Cyrl,771,15,13
bul_Cyrl,771,16,13
bul_Cyrl,771,17,13
bul_Cyrl,772,0,60
bul_Cyrl,772,1,13
bul_Cyrl,772,2,13
bul_Cyrl,772,3,13
bul_Cyrl,772,4,13
bul_Cyrl,772,5,13
bul_Cyrl,772,6,13
bul_Cyrl,772,7,13
bul_Cyrl,772,8,13
bul_Cyrl,772,9,13
bul_Cyrl,772,10,13
bul_Cyrl,773,0,60
bul_Cyrl,773,1,13
bul_Cyrl,773,2,13
bul_Cyrl,773,3,13
bul_Cyrl,773,4,13
bul_Cyrl,773,5,13
bul_Cyrl,773,6,13
bul_Cyrl,773,7,13
bul_Cyrl,773,8,13
bul_Cyrl,773,9,13
bul_Cyrl,773,10,13
bul_Cyrl,773,11,13
bul_Cyrl,773,12,13
bul_Cyrl,773,13,13
bul_Cyrl,773,14,13
bul_Cyrl,773,15,13
bul_Cyrl,773,16,13
bul_Cyrl,773,17,13
bul_Cyrl,773,18,47
bul_Cyrl,773,19,13
bul_Cyrl,773,20,13
bul_Cyrl,773,21,13
bul_Cyrl,773,22,13
bul_Cyrl,773,23,13
bul_Cyrl,773,24,13
bul_Cyrl,773,25,13
bul_Cyrl,773,26,13
bul_Cyrl,773,27,13
eng_Latn,774,0,60
eng_Latn,774,1,19
eng_Latn,774,2,40
eng_Latn,774,3,18
eng_Latn,774,4,2
eng_Latn,774,5,37
eng_Latn,774,6,38
eng_Latn,774,7,46
eng_Latn,774,8,12
eng_Latn,774,9,40
eng_Latn,774,10,7
bul_Cyrl,775,0,60
bul_Cyrl,775,1,13
bul_Cyrl,775,2,13
bul_Cyrl,775,3,13
bul_Cyrl,775,4,13
bul_Cyrl,775,5,13
bul_Cyrl,775,6,13
bul_Cyrl,775,7,52
bul_Cyrl,775,8,13
bul_Cyrl,775,9,13
bul_Cyrl,775,10,13
bul_Cyrl,775,11,13
bul_Cyrl,775,12,13
bul_Cyrl,775,13,13
bul_Cyrl,775,14,13
bul_Cyrl,775,15,13
bul_Cyrl,775,16,13
bul_Cyrl,775,17,13
bul_Cyrl,775,18,13
bul_Cyrl,775,19,13
bul_Cyrl,775,20,13
bul_Cyrl,775,21,13
bul_Cyrl,775,22,13
bul_Cyrl,776,0,60
bul_Cyrl,776,1,40
bul_Cyrl,776,2,19
bul_Cyrl,776,3,40
bul_Cyrl,776,4,52
bul_Cyrl,777,0,60
bul_Cyrl,777,1,13
bul_Cyrl,777,2,13
bul_Cyrl,777,3,13
bul_Cyrl,777,4,13
bul_Cyrl,777,5,13
bul_Cyrl,777,6,13
bul_Cyrl,777,7,13
eng_Latn,778,0,60
eng_Latn,778,1,20
eng_Latn,778,2,37
eng_Latn,778,3,57
eng_Latn,778,4,52
eng_Latn,778,5,52
eng_Latn,778,6,1
eng_Latn,778,7,52
eng_Latn,778,8,52
eng_Latn,778,9,11
bul_Cyrl,779,0,60
bul_Cyrl,779,1,13
bul_Cyrl,779,2,13
bul_Cyrl,779,3,13
bul_Cyrl,779,4,13
bul_Cyrl,779,5,13
bul_Cyrl,779,6,13
bul_Cyrl,779,7,13
bul_Cyrl,779,8,13
bul_Cyrl,779,9,13
bul_Cyrl,779,10,13
bul_Cyrl,779,11,13
bul_Cyrl,779,12,13
bul_Cyrl,779,13,1
bul_Cyrl,779,14,13
bul_Cyrl,779,15,13
bul_Cyrl,779,16,13
bul_Cyrl,779,17,13
bul_Cyrl,779,18,13
bul_Cyrl,779,19,13
bul_Cyrl,779,20,13
bul_Cyrl,779,21,61
bul_Cyrl,780,0,60
bul_Cyrl,780,1,13
bul_Cyrl,780,2,13
bul_Cyrl,780,3,13
bul_Cyrl,780,4,13
bul_Cyrl,780,5,13
bul_Cyrl,780,6,13
bul_Cyrl,780,7,13
bul_Cyrl,780,8,13
bul_Cyrl,780,9,13
bul_Cyrl,780,10,47
bul_Cyrl,780,11,13
bul_Cyrl,780,12,13
bul_Cyrl,780,13,13
bul_Cyrl,780,14,13
bul_Cyrl,780,15,13
bul_Cyrl,780,16,13
bul_Cyrl,780,17,13
bul_Cyrl,780,18,13
bul_Cyrl,780,19,13
bul_Cyrl,780,20,13
bul_Cyrl,780,21,13
bul_Cyrl,780,22,13
bul_Cyrl,780,23,13
bul_Cyrl,780,24,13
bul_Cyrl,780,25,13
bul_Cyrl,781,0,60
bul_Cyrl,781,1,13
bul_Cyrl,781,2,13
bul_Cyrl,781,3,13
bul_Cyrl,781,4,13
bul_Cyrl,781,5,13
bul_Cyrl,781,6,13
bul_Cyrl,781,7,13
bul_Cyrl,781,8,13
bul_Cyrl,781,9,13
bul_Cyrl,781,10,13
bul_Cyrl,781,11,13
bul_Cyrl,781,12,13
bul_Cyrl,781,13,13
bul_Cyrl,781,14,13
bul_Cyrl,781,15,13
bul_Cyrl,781,16,13
bul_Cyrl,782,0,60
bul_Cyrl,782,1,13
bul_Cyrl,782,2,13
bul_Cyrl,782,3,13
bul_Cyrl,782,4,13
bul_Cyrl,782,5,13
bul_Cyrl,782,6,13
bul_Cyrl,782,7,13
bul_Cyrl,782,8,13
bul_Cyrl,782,9,13
bul_Cyrl,782,10,13
bul_Cyrl,782,11,13
bul_Cyrl,782,12,13
bul_Cyrl,782,13,13
bul_Cyrl,782,14,13
bul_Cyrl,782,15,13
bul_Cyrl,782,16,13
bul_Cyrl,782,17,13
bul_Cyrl,782,18,13
bul_Cyrl,782,19,13
bul_Cyrl,782,20,13
bul_Cyrl,782,21,13
bul_Cyrl,783,0,60
bul_Cyrl,783,1,13
bul_Cyrl,783,2,13
bul_Cyrl,783,3,13
bul_Cyrl,783,4,13
bul_Cyrl,783,5,13
bul_Cyrl,783,6,13
bul_Cyrl,783,7,13
bul_Cyrl,783,8,13
bul_Cyrl,783,9,13
bul_Cyrl,783,10,13
bul_Cyrl,783,11,13
bul_Cyrl,783,12,13
bul_Cyrl,783,13,13
bul_Cyrl,783,14,13
bul_Cyrl,783,15,13
bul_Cyrl,783,16,13
bul_Cyrl,783,17,13
bul_Cyrl,783,18,13
bul_Cyrl,783,19,13
bul_Cyrl,783,20,13
bul_Cyrl,783,21,13
bul_Cyrl,783,22,13
bul_Cyrl,783,23,13
bul_Cyrl,783,24,13
bul_Cyrl,783,25,13
bul_Cyrl,783,26,13
bul_Cyrl,783,27,39
bul_Cyrl,783,28,13
bul_Cyrl,783,29,13
bul_Cyrl,783,30,13
bul_Cyrl,784,0,60
bul_Cyrl,784,1,13
bul_Cyrl,784,2,13
bul_Cyrl,784,3,13
bul_Cyrl,784,4,13
bul_Cyrl,784,5,13
bul_Cyrl,784,6,13
bul_Cyrl,784,7,13
bul_Cyrl,784,8,13
bul_Cyrl,784,9,13
bul_Cyrl,784,10,13
bul_Cyrl,784,11,13
bul_Cyrl,784,12,13
bul_Cyrl,784,13,13
bul_Cyrl,784,14,13
bul_Cyrl,784,15,13
bul_Cyrl,784,16,13
bul_Cyrl,784,17,13
bul_Cyrl,784,18,13
bul_Cyrl,784,19,13
bul_Cyrl,785,0,60
bul_Cyrl,785,1,13
bul_Cyrl,785,2,1
bul_Cyrl,785,3,13
bul_Cyrl,785,4,13
bul_Cyrl,785,5,13
bul_Cyrl,785,6,13
bul_Cyrl,785,7,13
bul_Cyrl,785,8,13
bul_Cyrl,785,9,13
bul_Cyrl,785,10,13
bul_Cyrl,786,0,60
bul_Cyrl,786,1,13
bul_Cyrl,786,2,13
bul_Cyrl,786,3,13
bul_Cyrl,786,4,13
bul_Cyrl,786,5,13
bul_Cyrl,786,6,13
bul_Cyrl,786,7,13
bul_Cyrl,786,8,13
bul_Cyrl,786,9,13
bul_Cyrl,786,10,13
bul_Cyrl,786,11,13
bul_Cyrl,786,12,13
bul_Cyrl,786,13,13
bul_Cyrl,786,14,13
bul_Cyrl,786,15,13
bul_Cyrl,787,0,60
bul_Cyrl,787,1,13
bul_Cyrl,787,2,13
bul_Cyrl,787,3,12
bul_Cyrl,787,4,13
bul_Cyrl,787,5,13
bul_Cyrl,787,6,13
bul_Cyrl,787,7,13
bul_Cyrl,788,0,60
bul_Cyrl,788,1,13
bul_Cyrl,788,2,13
bul_Cyrl,788,3,13
bul_Cyrl,788,4,13
bul_Cyrl,788,5,13
bul_Cyrl,788,6,13
bul_Cyrl,788,7,13
bul_Cyrl,788,8,13
bul_Cyrl,788,9,13
bul_Cyrl,788,10,13
bul_Cyrl,788,11,1
bul_Cyrl,788,12,13
bul_Cyrl,788,13,13
bul_Cyrl,788,14,13
bul_Cyrl,788,15,13
bul_Cyrl,788,16,13
eng_Latn,789,0,60
eng_Latn,789,1,1
eng_Latn,789,2,9
eng_Latn,789,3,12
eng_Latn,789,4,63
eng_Latn,789,5,60
eng_Latn,789,6,49
bul_Cyrl,790,0,60
bul_Cyrl,790,1,13
bul_Cyrl,790,2,13
bul_Cyrl,790,3,13
bul_Cyrl,790,4,13
bul_Cyrl,790,5,13
bul_Cyrl,790,6,13
bul_Cyrl,790,7,13
bul_Cyrl,790,8,12
bul_Cyrl,790,9,22
bul_Cyrl,790,10,22
bul_Cyrl,791,0,60
bul_Cyrl,791,1,13
bul_Cyrl,791,2,13
bul_Cyrl,791,3,13
bul_Cyrl,791,4,13
bul_Cyrl,791,5,13
bul_Cyrl,791,6,13
bul_Cyrl,791,7,13
bul_Cyrl,791,8,13
bul_Cyrl,791,9,52
bul_Cyrl,791,10,13
bul_Cyrl,791,11,13
bul_Cyrl,792,0,60
bul_Cyrl,792,1,13
bul_Cyrl,792,2,13
bul_Cyrl,792,3,13
bul_Cyrl,792,4,13
bul_Cyrl,792,5,13
bul_Cyrl,792,6,13
bul_Cyrl,792,7,13
bul_Cyrl,792,8,13
bul_Cyrl,792,9,13
bul_Cyrl,792,10,13
bul_Cyrl,792,11,13
bul_Cyrl,792,12,13
bul_Cyrl,792,13,13
bul_Cyrl,792,14,13
bul_Cyrl,792,15,13
bul_Cyrl,792,16,13
bul_Cyrl,792,17,13
bul_Cyrl,792,18,13
bul_Cyrl,792,19,13
bul_Cyrl,792,20,13
bul_Cyrl,792,21,13
bul_Cyrl,792,22,13
bul_Cyrl,792,23,13
bul_Cyrl,792,24,34
eng_Latn,793,0,60
eng_Latn,793,1,51
eng_Latn,793,2,34
eng_Latn,793,3,54
eng_Latn,793,4,9
eng_Latn,793,5,17
eng_Latn,793,6,20
eng_Latn,793,7,62
eng_Latn,793,8,34
bul_Cyrl,794,0,60
bul_Cyrl,794,1,13
bul_Cyrl,794,2,13
bul_Cyrl,794,3,13
bul_Cyrl,794,4,13
bul_Cyrl,794,5,13
bul_Cyrl,794,6,13
bul_Cyrl,794,7,13
bul_Cyrl,795,0,60
bul_Cyrl,795,1,39
bul_Cyrl,795,2,8
bul_Cyrl,795,3,11
bul_Cyrl,795,4,13
bul_Cyrl,795,5,13
bul_Cyrl,795,6,13
bul_Cyrl,795,7,13
bul_Cyrl,795,8,13
bul_Cyrl,795,9,13
bul_Cyrl,795,10,13
bul_Cyrl,795,11,13
bul_Cyrl,795,12,13
bul_Cyrl,795,13,13
bul_Cyrl,795,14,13
bul_Cyrl,795,15,13
bul_Cyrl,795,16,13
bul_Cyrl,795,17,13
bul_Cyrl,795,18,12
bul_Cyrl,795,19,13
bul_Cyrl,795,20,13
bul_Cyrl,795,21,13
bul_Cyrl,795,22,13
bul_Cyrl,795,23,13
bul_Cyrl,795,24,13
bul_Cyrl,795,25,13
bul_Cyrl,796,0,60
bul_Cyrl,796,1,13
bul_Cyrl,796,2,13
bul_Cyrl,796,3,13
bul_Cyrl,796,4,13
bul_Cyrl,796,5,13
bul_Cyrl,796,6,13
bul_Cyrl,796,7,13
bul_Cyrl,796,8,13
bul_Cyrl,796,9,13
bul_Cyrl,796,10,13
bul_Cyrl,796,11,13
bul_Cyrl,796,12,13
bul_Cyrl,796,13,13
bul_Cyrl,796,14,13
bul_Cyrl,796,15,13
bul_Cyrl,796,16,13
bul_Cyrl,796,17,13
bul_Cyrl,796,18,13
bul_Cyrl,796,19,47
bul_Cyrl,796,20,13
bul_Cyrl,796,21,13
bul_Cyrl,797,0,60
bul_Cyrl,797,1,13
bul_Cyrl,797,2,13
bul_Cyrl,797,3,13
bul_Cyrl,797,4,13
bul_Cyrl,797,5,13
bul_Cyrl,797,6,13
bul_Cyrl,797,7,13
bul_Cyrl,797,8,13
bul_Cyrl,797,9,13
bul_Cyrl,797,10,13
bul_Cyrl,797,11,13
bul_Cyrl,797,12,13
bul_Cyrl,797,13,13
bul_Cyrl,797,14,13
bul_Cyrl,797,15,13
bul_Cyrl,797,16,13
bul_Cyrl,798,0,60
bul_Cyrl,798,1,13
bul_Cyrl,798,2,13
bul_Cyrl,798,3,61
bul_Cyrl,798,4,13
bul_Cyrl,798,5,13
bul_Cyrl,798,6,13
bul_Cyrl,798,7,13
bul_Cyrl,798,8,13
bul_Cyrl,798,9,13
bul_Cyrl,798,10,13
bul_Cyrl,798,11,13
bul_Cyrl,798,12,13
bul_Cyrl,798,13,13
bul_Cyrl,799,0,60
bul_Cyrl,799,1,13
bul_Cyrl,799,2,13
bul_Cyrl,799,3,13
bul_Cyrl,799,4,13
bul_Cyrl,799,5,13
bul_Cyrl,799,6,13
bul_Cyrl,799,7,13
bul_Cyrl,799,8,13
bul_Cyrl,799,9,13
bul_Cyrl,799,10,13
bul_Cyrl,799,11,13
bul_Cyrl,799,12,13
bul_Cyrl,799,13,13
bul_Cyrl,799,14,13
bul_Cyrl,799,15,13
bul_Cyrl,800,0,60
bul_Cyrl,800,1,13
bul_Cyrl,800,2,13
bul_Cyrl,800,3,13
bul_Cyrl,800,4,13
bul_Cyrl,800,5,13
bul_Cyrl,800,6,13
bul_Cyrl,800,7,13
bul_Cyrl,800,8,13
bul_Cyrl,800,9,13
bul_Cyrl,800,10,13
bul_Cyrl,800,11,13
bul_Cyrl,800,12,13
bul_Cyrl,800,13,13
bul_Cyrl,800,14,13
bul_Cyrl,800,15,13
bul_Cyrl,800,16,13
bul_Cyrl,800,17,52
bul_Cyrl,800,18,13
bul_Cyrl,800,19,13
bul_Cyrl,800,20,13
bul_Cyrl,800,21,13
bul_Cyrl,800,22,13
bul_Cyrl,800,23,13
bul_Cyrl,800,24,13
bul_Cyrl,800,25,13
bul_Cyrl,801,0,60
bul_Cyrl,801,1,13
bul_Cyrl,801,2,13
bul_Cyrl,801,3,13
bul_Cyrl,801,4,13
bul_Cyrl,801,5,13
bul_Cyrl,801,6,13
bul_Cyrl,801,7,13
bul_Cyrl,801,8,13
bul_Cyrl,801,9,13
bul_Cyrl,801,10,13
bul_Cyrl,801,11,13
bul_Cyrl,801,12,13
bul_Cyrl,801,13,13
bul_Cyrl,801,14,13
bul_Cyrl,801,15,52
bul_Cyrl,801,16,13
bul_Cyrl,801,17,13
bul_Cyrl,802,0,60
bul_Cyrl,802,1,13
bul_Cyrl,802,2,13
bul_Cyrl,802,3,13
bul_Cyrl,802,4,13
bul_Cyrl,802,5,13
bul_Cyrl,802,6,13
bul_Cyrl,802,7,13
bul_Cyrl,802,8,13
bul_Cyrl,802,9,13
bul_Cyrl,802,10,13
bul_Cyrl,802,11,13
bul_Cyrl,802,12,13
bul_Cyrl,802,13,13
bul_Cyrl,802,14,13
bul_Cyrl,802,15,52
eng_Latn,803,0,60
eng_Latn,803,1,51
eng_Latn,803,2,18
eng_Latn,803,3,18
eng_Latn,803,4,21
eng_Latn,803,5,16
eng_Latn,803,6,54
eng_Latn,803,7,52
eng_Latn,803,8,52
eng_Latn,803,9,52
eng_Latn,803,10,37
eng_Latn,803,11,49
bul_Cyrl,804,0,60
bul_Cyrl,804,1,1
bul_Cyrl,804,2,13
bul_Cyrl,804,3,13
bul_Cyrl,804,4,13
bul_Cyrl,804,5,13
bul_Cyrl,804,6,13
bul_Cyrl,804,7,13
bul_Cyrl,804,8,13
bul_Cyrl,804,9,13
bul_Cyrl,804,10,13
bul_Cyrl,804,11,13
bul_Cyrl,804,12,13
bul_Cyrl,804,13,13
bul_Cyrl,804,14,13
bul_Cyrl,804,15,13
bul_Cyrl,804,16,13
bul_Cyrl,804,17,13
bul_Cyrl,804,18,13
bul_Cyrl,804,19,13
bul_Cyrl,804,20,13
bul_Cyrl,804,21,13
bul_Cyrl,804,22,13
bul_Cyrl,804,23,13
bul_Cyrl,804,24,13
bul_Cyrl,804,25,13
bul_Cyrl,805,0,60
bul_Cyrl,805,1,13
bul_Cyrl,805,2,13
bul_Cyrl,805,3,13
bul_Cyrl,805,4,13
bul_Cyrl,805,5,13
bul_Cyrl,805,6,13
bul_Cyrl,805,7,13
bul_Cyrl,805,8,13
bul_Cyrl,805,9,13
bul_Cyrl,805,10,13
bul_Cyrl,805,11,13
bul_Cyrl,805,12,13
bul_Cyrl,805,13,13
bul_Cyrl,805,14,13
bul_Cyrl,805,15,13
bul_Cyrl,805,16,13
bul_Cyrl,805,17,13
bul_Cyrl,805,18,13
bul_Cyrl,805,19,13
bul_Cyrl,805,20,13
bul_Cyrl,805,21,13
bul_Cyrl,805,22,13
bul_Cyrl,805,23,13
bul_Cyrl,805,24,13
bul_Cyrl,805,25,13
bul_Cyrl,805,26,13
bul_Cyrl,805,27,13
bul_Cyrl,805,28,13
bul_Cyrl,806,0,60
bul_Cyrl,806,1,13
bul_Cyrl,806,2,13
bul_Cyrl,806,3,13
bul_Cyrl,806,4,13
bul_Cyrl,806,5,13
bul_Cyrl,806,6,13
bul_Cyrl,806,7,13
bul_Cyrl,806,8,13
bul_Cyrl,806,9,13
bul_Cyrl,806,10,13
bul_Cyrl,806,11,13
bul_Cyrl,806,12,13
bul_Cyrl,806,13,13
bul_Cyrl,806,14,13
bul_Cyrl,806,15,13
bul_Cyrl,806,16,13
bul_Cyrl,806,17,13
bul_Cyrl,806,18,47
bul_Cyrl,806,19,13
bul_Cyrl,806,20,13
bul_Cyrl,806,21,13
bul_Cyrl,806,22,13
bul_Cyrl,806,23,13
bul_Cyrl,806,24,13
bul_Cyrl,807,0,60
bul_Cyrl,807,1,13
bul_Cyrl,807,2,13
bul_Cyrl,807,3,13
bul_Cyrl,807,4,13
bul_Cyrl,807,5,13
bul_Cyrl,807,6,13
bul_Cyrl,807,7,13
bul_Cyrl,807,8,13
bul_Cyrl,807,9,13
bul_Cyrl,807,10,13
bul_Cyrl,807,11,13
bul_Cyrl,807,12,13
bul_Cyrl,807,13,52
bul_Cyrl,807,14,52
bul_Cyrl,807,15,13
bul_Cyrl,808,0,60
bul_Cyrl,808,1,13
bul_Cyrl,808,2,13
bul_Cyrl,808,3,13
bul_Cyrl,808,4,1
bul_Cyrl,808,5,13
bul_Cyrl,808,6,13
bul_Cyrl,808,7,13
bul_Cyrl,808,8,13
eng_Latn,809,0,60
eng_Latn,809,1,58
eng_Latn,809,2,52
eng_Latn,809,3,52
eng_Latn,809,4,1
eng_Latn,809,5,57
eng_Latn,809,6,31
eng_Latn,809,7,16
eng_Latn,809,8,16
eng_Latn,809,9,16
bul_Cyrl,810,0,60
bul_Cyrl,810,1,13
bul_Cyrl,810,2,13
bul_Cyrl,810,3,13
bul_Cyrl,810,4,13
bul_Cyrl,810,5,13
bul_Cyrl,810,6,13
bul_Cyrl,810,7,13
bul_Cyrl,810,8,13
bul_Cyrl,810,9,13
bul_Cyrl,810,10,13
bul_Cyrl,810,11,13
bul_Cyrl,810,12,13
bul_Cyrl,810,13,13
bul_Cyrl,810,14,13
bul_Cyrl,810,15,13
bul_Cyrl,810,16,13
bul_Cyrl,810,17,13
bul_Cyrl,810,18,19
bul_Cyrl,810,19,13
bul_Cyrl,810,20,13
bul_Cyrl,810,21,13
bul_Cyrl,810,22,13
bul_Cyrl,810,23,13
bul_Cyrl,810,24,13
bul_Cyrl,810,25,13
bul_Cyrl,810,26,13
bul_Cyrl,811,0,60
bul_Cyrl,811,1,13
bul_Cyrl,811,2,13
bul_Cyrl,811,3,13
bul_Cyrl,811,4,13
bul_Cyrl,811,5,13
bul_Cyrl,811,6,13
bul_Cyrl,811,7,13
bul_Cyrl,811,8,13
bul_Cyrl,811,9,13
bul_Cyrl,811,10,13
bul_Cyrl,811,11,13
bul_Cyrl,811,12,13
bul_Cyrl,811,13,13
bul_Cyrl,811,14,13
bul_Cyrl,811,15,13
bul_Cyrl,811,16,13
bul_Cyrl,811,17,13
bul_Cyrl,811,18,13
bul_Cyrl,811,19,13
bul_Cyrl,811,20,24
bul_Cyrl,811,21,13
bul_Cyrl,811,22,27
bul_Cyrl,811,23,13
bul_Cyrl,811,24,13
bul_Cyrl,811,25,13
bul_Cyrl,811,26,13
bul_Cyrl,812,0,60
bul_Cyrl,812,1,13
bul_Cyrl,812,2,13
bul_Cyrl,812,3,13
bul_Cyrl,812,4,12
bul_Cyrl,812,5,13
bul_Cyrl,812,6,13
bul_Cyrl,813,0,60
bul_Cyrl,813,1,13
bul_Cyrl,813,2,13
bul_Cyrl,813,3,13
bul_Cyrl,813,4,13
bul_Cyrl,813,5,13
bul_Cyrl,813,6,13
bul_Cyrl,813,7,13
bul_Cyrl,813,8,13
bul_Cyrl,813,9,13
bul_Cyrl,813,10,13
bul_Cyrl,813,11,13
bul_Cyrl,813,12,13
bul_Cyrl,813,13,13
bul_Cyrl,813,14,13
bul_Cyrl,813,15,13
bul_Cyrl,813,16,13
bul_Cyrl,814,0,60
bul_Cyrl,814,1,13
bul_Cyrl,814,2,13
bul_Cyrl,814,3,13
bul_Cyrl,814,4,13
bul_Cyrl,814,5,13
bul_Cyrl,814,6,13
bul_Cyrl,814,7,13
bul_Cyrl,814,8,13
bul_Cyrl,814,9,13
bul_Cyrl,814,10,13
bul_Cyrl,814,11,13
bul_Cyrl,814,12,13
bul_Cyrl,814,13,13
bul_Cyrl,814,14,13
bul_Cyrl,814,15,13
bul_Cyrl,814,16,13
bul_Cyrl,814,17,13
bul_Cyrl,814,18,13
bul_Cyrl,814,19,13
bul_Cyrl,814,20,13
bul_Cyrl,814,21,47
bul_Cyrl,814,22,13
bul_Cyrl,814,23,13
bul_Cyrl,815,0,60
bul_Cyrl,815,1,13
bul_Cyrl,815,2,13
bul_Cyrl,815,3,13
bul_Cyrl,815,4,13
bul_Cyrl,815,5,13
bul_Cyrl,815,6,13
bul_Cyrl,815,7,13
bul_Cyrl,815,8,12
bul_Cyrl,815,9,13
bul_Cyrl,815,10,13
bul_Cyrl,815,11,13
bul_Cyrl,815,12,13
bul_Cyrl,815,13,13
bul_Cyrl,815,14,13
bul_Cyrl,815,15,13
bul_Cyrl,815,16,13
bul_Cyrl,815,17,13
bul_Cyrl,815,18,13
bul_Cyrl,815,19,13
bul_Cyrl,815,20,13
bul_Cyrl,815,21,13
bul_Cyrl,815,22,19
bul_Cyrl,815,23,13
bul_Cyrl,815,24,13
bul_Cyrl,816,0,60
bul_Cyrl,816,1,13
bul_Cyrl,816,2,13
bul_Cyrl,816,3,13
bul_Cyrl,816,4,13
bul_Cyrl,816,5,13
bul_Cyrl,816,6,13
bul_Cyrl,816,7,13
bul_Cyrl,816,8,13
bul_Cyrl,816,9,13
bul_Cyrl,816,10,13
bul_Cyrl,816,11,13
bul_Cyrl,816,12,13
bul_Cyrl,816,13,13
bul_Cyrl,816,14,13
bul_Cyrl,816,15,13
bul_Cyrl,816,16,13
bul_Cyrl,816,17,13
bul_Cyrl,816,18,13
bul_Cyrl,816,19,13
bul_Cyrl,816,20,13
bul_Cyrl,816,21,13
bul_Cyrl,817,0,60
bul_Cyrl,817,1,40
bul_Cyrl,817,2,8
bul_Cyrl,817,3,12
bul_Cyrl,817,4,1
bul_Cyrl,817,5,1
bul_Cyrl,817,6,1
bul_Cyrl,817,7,52
bul_Cyrl,817,8,60
bul_Cyrl,818,0,60
bul_Cyrl,818,1,13
bul_Cyrl,818,2,13
bul_Cyrl,818,3,13
bul_Cyrl,818,4,13
bul_Cyrl,818,5,13
bul_Cyrl,818,6,13
bul_Cyrl,818,7,13
bul_Cyrl,818,8,13
bul_Cyrl,818,9,13
bul_Cyrl,818,10,13
bul_Cyrl,818,11,13
bul_Cyrl,818,12,13
bul_Cyrl,818,13,13
bul_Cyrl,818,14,13
bul_Cyrl,818,15,13
bul_Cyrl,818,16,13
bul_Cyrl,818,17,13
bul_Cyrl,818,18,13
bul_Cyrl,818,19,13
bul_Cyrl,818,20,13
bul_Cyrl,818,21,13
bul_Cyrl,818,22,13
bul_Cyrl,818,23,13
bul_Cyrl,818,24,13
bul_Cyrl,818,25,13
bul_Cyrl,819,0,60
bul_Cyrl,819,1,13
bul_Cyrl,819,2,13
bul_Cyrl,819,3,13
bul_Cyrl,819,4,13
bul_Cyrl,819,5,13
bul_Cyrl,819,6,13
bul_Cyrl,819,7,13
bul_Cyrl,819,8,13
bul_Cyrl,819,9,13
bul_Cyrl,819,10,13
bul_Cyrl,819,11,13
bul_Cyrl,819,12,13
bul_Cyrl,819,13,13
bul_Cyrl,819,14,13
bul_Cyrl,820,0,60
bul_Cyrl,820,1,13
bul_Cyrl,820,2,13
bul_Cyrl,820,3,13
bul_Cyrl,820,4,13
bul_Cyrl,820,5,13
bul_Cyrl,820,6,13
bul_Cyrl,820,7,13
bul_Cyrl,820,8,13
bul_Cyrl,820,9,13
bul_Cyrl,820,10,13
bul_Cyrl,820,11,13
bul_Cyrl,820,12,13
bul_Cyrl,820,13,13
bul_Cyrl,820,14,13
bul_Cyrl,820,15,13
bul_Cyrl,820,16,13
bul_Cyrl,820,17,13
bul_Cyrl,820,18,13
bul_Cyrl,820,19,13
bul_Cyrl,820,20,13
bul_Cyrl,820,21,13
bul_Cyrl,820,22,13
eng_Latn,821,0,60
eng_Latn,821,1,35
eng_Latn,821,2,17
eng_Latn,822,0,60
eng_Latn,822,1,31
eng_Latn,822,2,9
eng_Latn,822,3,18
eng_Latn,822,4,34
eng_Latn,822,5,18
eng_Latn,822,6,20
eng_Latn,822,7,41
eng_Latn,822,8,34
eng_Latn,822,9,18
eng_Latn,822,10,34
bul_Cyrl,823,0,60
bul_Cyrl,823,1,13
bul_Cyrl,823,2,13
bul_Cyrl,823,3,13
bul_Cyrl,823,4,13
bul_Cyrl,823,5,13
bul_Cyrl,823,6,13
bul_Cyrl,823,7,13
bul_Cyrl,824,0,60
bul_Cyrl,824,1,13
bul_Cyrl,824,2,13
bul_Cyrl,824,3,13
bul_Cyrl,824,4,13
bul_Cyrl,824,5,13
bul_Cyrl,825,0,60
bul_Cyrl,825,1,13
bul_Cyrl,825,2,13
bul_Cyrl,825,3,13
bul_Cyrl,825,4,13
bul_Cyrl,825,5,13
bul_Cyrl,826,0,60
bul_Cyrl,826,1,13
bul_Cyrl,826,2,13
bul_Cyrl,826,3,13
bul_Cyrl,826,4,13
bul_Cyrl,826,5,13
bul_Cyrl,826,6,13
bul_Cyrl,826,7,13
bul_Cyrl,826,8,13
bul_Cyrl,826,9,13
bul_Cyrl,826,10,13
bul_Cyrl,826,11,13
bul_Cyrl,826,12,13
bul_Cyrl,826,13,13
bul_Cyrl,826,14,13
bul_Cyrl,826,15,13
bul_Cyrl,826,16,13
bul_Cyrl,826,17,13
bul_Cyrl,826,18,13
bul_Cyrl,827,0,60
bul_Cyrl,827,1,13
bul_Cyrl,827,2,13
bul_Cyrl,827,3,13
bul_Cyrl,827,4,13
bul_Cyrl,827,5,13
bul_Cyrl,827,6,13
bul_Cyrl,827,7,13
bul_Cyrl,827,8,13
bul_Cyrl,827,9,13
bul_Cyrl,827,10,13
bul_Cyrl,827,11,13
bul_Cyrl,827,12,13
bul_Cyrl,827,13,13
bul_Cyrl,827,14,13
bul_Cyrl,827,15,13
bul_Cyrl,827,16,13
bul_Cyrl,827,17,13
bul_Cyrl,827,18,13
bul_Cyrl,827,19,13
bul_Cyrl,827,20,13
bul_Cyrl,827,21,47
bul_Cyrl,827,22,13
bul_Cyrl,827,23,13
bul_Cyrl,828,0,60
bul_Cyrl,828,1,13
bul_Cyrl,828,2,13
bul_Cyrl,828,3,13
bul_Cyrl,828,4,13
bul_Cyrl,828,5,13
bul_Cyrl,828,6,13
bul_Cyrl,828,7,13
bul_Cyrl,828,8,13
bul_Cyrl,828,9,13
bul_Cyrl,828,10,13
bul_Cyrl,828,11,13
bul_Cyrl,828,12,13
bul_Cyrl,828,13,13
bul_Cyrl,828,14,13
bul_Cyrl,828,15,13
bul_Cyrl,828,16,13
bul_Cyrl,828,17,13
bul_Cyrl,828,18,13
bul_Cyrl,828,19,13
bul_Cyrl,829,0,60
bul_Cyrl,829,1,13
bul_Cyrl,829,2,13
bul_Cyrl,829,3,13
bul_Cyrl,829,4,13
bul_Cyrl,829,5,13
eng_Latn,830,0,60
eng_Latn,830,1,19
eng_Latn,830,2,40
eng_Latn,830,3,18
eng_Latn,830,4,14
eng_Latn,830,5,38
eng_Latn,830,6,40
eng_Latn,830,7,46
eng_Latn,830,8,47
eng_Latn,830,9,15
eng_Latn,830,10,12
eng_Latn,830,11,11
eng_Latn,830,12,19
eng_Latn,830,13,22
bul_Cyrl,831,0,60
bul_Cyrl,831,1,13
bul_Cyrl,831,2,13
bul_Cyrl,831,3,13
bul_Cyrl,831,4,13
bul_Cyrl,831,5,13
bul_Cyrl,831,6,13
bul_Cyrl,831,7,13
bul_Cyrl,831,8,19
bul_Cyrl,831,9,13
bul_Cyrl,831,10,13
bul_Cyrl,831,11,13
bul_Cyrl,831,12,13
bul_Cyrl,831,13,13
bul_Cyrl,831,14,19
bul_Cyrl,831,15,13
bul_Cyrl,831,16,47
bul_Cyrl,831,17,13
bul_Cyrl,831,18,13
bul_Cyrl,831,19,13
bul_Cyrl,831,20,13
bul_Cyrl,831,21,13
bul_Cyrl,831,22,13
bul_Cyrl,831,23,13
bul_Cyrl,831,24,13
bul_Cyrl,831,25,1
bul_Cyrl,831,26,13
bul_Cyrl,831,27,13
bul_Cyrl,831,28,13
bul_Cyrl,831,29,13
bul_Cyrl,832,0,60
bul_Cyrl,832,1,13
bul_Cyrl,832,2,13
bul_Cyrl,832,3,13
bul_Cyrl,832,4,13
bul_Cyrl,832,5,13
bul_Cyrl,832,6,13
bul_Cyrl,832,7,13
bul_Cyrl,832,8,13
bul_Cyrl,832,9,1
bul_Cyrl,832,10,52
eng_Latn,833,0,60
eng_Latn,833,1,47
eng_Latn,833,2,7
eng_Latn,833,3,49
eng_Latn,833,4,22
eng_Latn,833,5,42
eng_Latn,833,6,19
eng_Latn,833,7,19
eng_Latn,833,8,26
eng_Latn,833,9,60
bul_Cyrl,834,0,60
bul_Cyrl,834,1,13
bul_Cyrl,834,2,13
bul_Cyrl,834,3,13
bul_Cyrl,834,4,13
bul_Cyrl,834,5,13
bul_Cyrl,834,6,52
bul_Cyrl,834,7,52
bul_Cyrl,834,8,52
bul_Cyrl,834,9,13
bul_Cyrl,834,10,13
bul_Cyrl,834,11,13
bul_Cyrl,834,12,13
bul_Cyrl,834,13,13
bul_Cyrl,834,14,13
bul_Cyrl,834,15,13
bul_Cyrl,834,16,13
bul_Cyrl,834,17,1
bul_Cyrl,834,18,13
bul_Cyrl,834,19,13
bul_Cyrl,834,20,13
bul_Cyrl,834,21,13
bul_Cyrl,834,22,13
bul_Cyrl,834,23,13
bul_Cyrl,834,24,13
bul_Cyrl,834,25,13
bul_Cyrl,835,0,60
bul_Cyrl,835,1,9
bul_Cyrl,835,2,13
bul_Cyrl,835,3,13
bul_Cyrl,835,4,13
bul_Cyrl,835,5,13
bul_Cyrl,835,6,13
bul_Cyrl,835,7,13
bul_Cyrl,835,8,13
bul_Cyrl,835,9,13
bul_Cyrl,835,10,13
bul_Cyrl,835,11,13
bul_Cyrl,835,12,26
bul_Cyrl,835,13,13
bul_Cyrl,835,14,13
bul_Cyrl,835,15,13
bul_Cyrl,835,16,26
bul_Cyrl,835,17,26
bul_Cyrl,835,18,26
bul_Cyrl,835,19,13
bul_Cyrl,835,20,13
bul_Cyrl,836,0,60
bul_Cyrl,836,1,13
bul_Cyrl,836,2,13
bul_Cyrl,836,3,13
bul_Cyrl,836,4,13
bul_Cyrl,836,5,52
bul_Cyrl,836,6,13
bul_Cyrl,837,0,60
bul_Cyrl,837,1,13
bul_Cyrl,837,2,13
bul_Cyrl,837,3,13
bul_Cyrl,837,4,13
bul_Cyrl,837,5,13
bul_Cyrl,837,6,13
bul_Cyrl,838,0,60
bul_Cyrl,838,1,13
bul_Cyrl,838,2,13
bul_Cyrl,838,3,13
bul_Cyrl,838,4,13
bul_Cyrl,838,5,13
bul_Cyrl,838,6,13
bul_Cyrl,838,7,1
bul_Cyrl,838,8,13
bul_Cyrl,838,9,13
bul_Cyrl,838,10,13
bul_Cyrl,838,11,13
bul_Cyrl,838,12,13
bul_Cyrl,838,13,13
bul_Cyrl,838,14,13
bul_Cyrl,838,15,13
bul_Cyrl,838,16,52
bul_Cyrl,838,17,13
bul_Cyrl,838,18,13
bul_Cyrl,838,19,13
bul_Cyrl,838,20,13
bul_Cyrl,838,21,13
bul_Cyrl,838,22,13
bul_Cyrl,839,0,60
bul_Cyrl,839,1,13
bul_Cyrl,839,2,13
bul_Cyrl,839,3,13
bul_Cyrl,839,4,13
bul_Cyrl,839,5,13
bul_Cyrl,839,6,13
bul_Cyrl,839,7,13
bul_Cyrl,839,8,13
bul_Cyrl,839,9,13
bul_Cyrl,839,10,13
bul_Cyrl,839,11,13
bul_Cyrl,840,0,60
bul_Cyrl,840,1,13
bul_Cyrl,840,2,13
bul_Cyrl,840,3,13
bul_Cyrl,840,4,13
bul_Cyrl,840,5,13
bul_Cyrl,840,6,13
bul_Cyrl,840,7,13
bul_Cyrl,840,8,13
bul_Cyrl,840,9,13
bul_Cyrl,840,10,13
bul_Cyrl,840,11,13
bul_Cyrl,840,12,52
bul_Cyrl,840,13,13
bul_Cyrl,841,0,60
bul_Cyrl,841,1,42
eng_Latn,842,0,60
eng_Latn,842,1,19
eng_Latn,842,2,13
eng_Latn,842,3,5
eng_Latn,842,4,47
bul_Cyrl,843,0,60
bul_Cyrl,843,1,13
bul_Cyrl,843,2,13
bul_Cyrl,843,3,61
bul_Cyrl,843,4,13
bul_Cyrl,843,5,13
bul_Cyrl,843,6,13
bul_Cyrl,843,7,13
bul_Cyrl,843,8,13
bul_Cyrl,843,9,13
bul_Cyrl,843,10,19
bul_Cyrl,843,11,13
bul_Cyrl,843,12,13
bul_Cyrl,843,13,13
bul_Cyrl,843,14,13
bul_Cyrl,843,15,13
bul_Cyrl,843,16,13
bul_Cyrl,844,0,60
bul_Cyrl,844,1,13
bul_Cyrl,844,2,13
bul_Cyrl,844,3,13
bul_Cyrl,844,4,13
bul_Cyrl,844,5,13
bul_Cyrl,844,6,13
bul_Cyrl,844,7,1
bul_Cyrl,844,8,61
bul_Cyrl,844,9,13
bul_Cyrl,844,10,13
bul_Cyrl,844,11,13
bul_Cyrl,844,12,13
bul_Cyrl,844,13,27
bul_Cyrl,844,14,52
bul_Cyrl,844,15,26
bul_Cyrl,844,16,27
bul_Cyrl,844,17,13
bul_Cyrl,844,18,13
bul_Cyrl,844,19,13
bul_Cyrl,844,20,13
bul_Cyrl,845,0,60
bul_Cyrl,845,1,13
bul_Cyrl,845,2,13
bul_Cyrl,845,3,13
bul_Cyrl,845,4,13
bul_Cyrl,845,5,13
bul_Cyrl,845,6,13
bul_Cyrl,845,7,13
bul_Cyrl,845,8,13
bul_Cyrl,845,9,13
bul_Cyrl,845,10,13
bul_Cyrl,845,11,13
bul_Cyrl,845,12,34
bul_Cyrl,846,0,60
bul_Cyrl,846,1,13
bul_Cyrl,846,2,13
bul_Cyrl,846,3,13
bul_Cyrl,846,4,13
bul_Cyrl,846,5,13
bul_Cyrl,846,6,13
bul_Cyrl,846,7,13
bul_Cyrl,846,8,13
bul_Cyrl,846,9,13
bul_Cyrl,846,10,13
bul_Cyrl,846,11,13
bul_Cyrl,846,12,13
bul_Cyrl,846,13,13
bul_Cyrl,846,14,13
bul_Cyrl,846,15,13
bul_Cyrl,846,16,13
bul_Cyrl,846,17,13
bul_Cyrl,846,18,13
bul_Cyrl,846,19,13
bul_Cyrl,846,20,13
bul_Cyrl,846,21,13
bul_Cyrl,846,22,13
bul_Cyrl,846,23,13
bul_Cyrl,846,24,13
bul_Cyrl,846,25,13
bul_Cyrl,846,26,13
bul_Cyrl,847,0,60
bul_Cyrl,847,1,13
bul_Cyrl,847,2,13
bul_Cyrl,847,3,13
bul_Cyrl,847,4,13
bul_Cyrl,847,5,13
bul_Cyrl,847,6,47
bul_Cyrl,847,7,13
bul_Cyrl,847,8,13
bul_Cyrl,847,9,13
bul_Cyrl,847,10,47
bul_Cyrl,847,11,13
bul_Cyrl,847,12,13
bul_Cyrl,847,13,13
bul_Cyrl,847,14,13
bul_Cyrl,847,15,13
bul_Cyrl,847,16,13
bul_Cyrl,847,17,13
bul_Cyrl,847,18,13
bul_Cyrl,847,19,13
bul_Cyrl,847,20,13
bul_Cyrl,847,21,13
bul_Cyrl,847,22,13
bul_Cyrl,847,23,13
bul_Cyrl,847,24,13
bul_Cyrl,847,25,13
bul_Cyrl,847,26,13
bul_Cyrl,848,0,60
bul_Cyrl,848,1,13
bul_Cyrl,848,2,13
bul_Cyrl,848,3,13
bul_Cyrl,848,4,13
bul_Cyrl,848,5,13
bul_Cyrl,848,6,13
bul_Cyrl,848,7,13
bul_Cyrl,848,8,13
bul_Cyrl,848,9,13
bul_Cyrl,848,10,13
bul_Cyrl,848,11,13
bul_Cyrl,848,12,13
bul_Cyrl,848,13,13
bul_Cyrl,848,14,13
bul_Cyrl,848,15,13
bul_Cyrl,848,16,13
bul_Cyrl,849,0,60
bul_Cyrl,849,1,13
bul_Cyrl,849,2,13
bul_Cyrl,849,3,13
bul_Cyrl,849,4,47
bul_Cyrl,849,5,13
bul_Cyrl,849,6,13
bul_Cyrl,849,7,51
bul_Cyrl,849,8,13
bul_Cyrl,849,9,13
bul_Cyrl,849,10,13
bul_Cyrl,849,11,13
bul_Cyrl,849,12,13
bul_Cyrl,849,13,13
bul_Cyrl,849,14,13
bul_Cyrl,849,15,13
bul_Cyrl,849,16,13
bul_Cyrl,849,17,13
bul_Cyrl,849,18,13
bul_Cyrl,849,19,13
bul_Cyrl,849,20,13
bul_Cyrl,849,21,13
bul_Cyrl,849,22,13
bul_Cyrl,849,23,13
bul_Cyrl,849,24,13
bul_Cyrl,849,25,13
bul_Cyrl,850,0,60
bul_Cyrl,850,1,13
bul_Cyrl,850,2,13
bul_Cyrl,850,3,13
bul_Cyrl,850,4,13
bul_Cyrl,850,5,13
bul_Cyrl,850,6,13
bul_Cyrl,850,7,13
bul_Cyrl,850,8,13
bul_Cyrl,850,9,13
bul_Cyrl,850,10,13
bul_Cyrl,850,11,13
bul_Cyrl,850,12,13
bul_Cyrl,850,13,13
bul_Cyrl,850,14,13
bul_Cyrl,850,15,13
bul_Cyrl,850,16,13
bul_Cyrl,850,17,13
bul_Cyrl,850,18,13
bul_Cyrl,850,19,13
bul_Cyrl,850,20,13
bul_Cyrl,850,21,13
bul_Cyrl,850,22,13
bul_Cyrl,850,23,13
bul_Cyrl,850,24,13
bul_Cyrl,850,25,13
bul_Cyrl,850,26,13
bul_Cyrl,851,0,60
bul_Cyrl,851,1,13
bul_Cyrl,851,2,13
bul_Cyrl,851,3,13
bul_Cyrl,851,4,13
bul_Cyrl,851,5,13
bul_Cyrl,851,6,13
bul_Cyrl,851,7,13
bul_Cyrl,851,8,13
bul_Cyrl,851,9,13
bul_Cyrl,851,10,13
bul_Cyrl,852,0,60
bul_Cyrl,852,1,57
bul_Cyrl,852,2,13
bul_Cyrl,852,3,13
bul_Cyrl,852,4,13
bul_Cyrl,852,5,52
bul_Cyrl,852,6,13
bul_Cyrl,852,7,13
bul_Cyrl,852,8,13
bul_Cyrl,852,9,13
bul_Cyrl,852,10,13
bul_Cyrl,852,11,13
bul_Cyrl,853,0,60
bul_Cyrl,853,1,9
bul_Cyrl,853,2,13
bul_Cyrl,853,3,13
bul_Cyrl,853,4,13
bul_Cyrl,853,5,13
bul_Cyrl,853,6,13
bul_Cyrl,853,7,13
bul_Cyrl,853,8,13
bul_Cyrl,853,9,13
bul_Cyrl,853,10,13
bul_Cyrl,853,11,13
bul_Cyrl,853,12,13
bul_Cyrl,853,13,13
bul_Cyrl,853,14,13
bul_Cyrl,853,15,13
bul_Cyrl,853,16,13
bul_Cyrl,853,17,13
bul_Cyrl,853,18,13
bul_Cyrl,853,19,13
bul_Cyrl,853,20,13
bul_Cyrl,853,21,13
bul_Cyrl,853,22,13
bul_Cyrl,853,23,13
bul_Cyrl,853,24,13
bul_Cyrl,854,0,60
bul_Cyrl,854,1,13
bul_Cyrl,854,2,13
bul_Cyrl,854,3,13
bul_Cyrl,854,4,13
bul_Cyrl,854,5,13
bul_Cyrl,854,6,13
bul_Cyrl,854,7,13
bul_Cyrl,854,8,13
bul_Cyrl,855,0,60
bul_Cyrl,855,1,13
bul_Cyrl,855,2,13
bul_Cyrl,855,3,13
bul_Cyrl,855,4,13
bul_Cyrl,855,5,13
bul_Cyrl,855,6,13
bul_Cyrl,855,7,13
bul_Cyrl,855,8,13
bul_Cyrl,855,9,13
bul_Cyrl,855,10,13
bul_Cyrl,855,11,13
bul_Cyrl,855,12,13
bul_Cyrl,855,13,13
bul_Cyrl,855,14,13
bul_Cyrl,855,15,13
bul_Cyrl,855,16,13
bul_Cyrl,855,17,13
bul_Cyrl,855,18,13
bul_Cyrl,855,19,13
bul_Cyrl,855,20,13
bul_Cyrl,856,0,60
bul_Cyrl,856,1,13
bul_Cyrl,856,2,13
bul_Cyrl,856,3,13
bul_Cyrl,856,4,13
bul_Cyrl,856,5,13
bul_Cyrl,856,6,13
bul_Cyrl,856,7,13
bul_Cyrl,856,8,13
bul_Cyrl,856,9,13
bul_Cyrl,856,10,13
bul_Cyrl,856,11,13
bul_Cyrl,856,12,13
bul_Cyrl,856,13,13
bul_Cyrl,856,14,13
bul_Cyrl,856,15,13
bul_Cyrl,856,16,13
bul_Cyrl,856,17,13
bul_Cyrl,856,18,13
bul_Cyrl,856,19,52
eng_Latn,857,0,60
eng_Latn,857,1,22
eng_Latn,857,2,45
eng_Latn,857,3,50
eng_Latn,857,4,18
eng_Latn,857,5,16
eng_Latn,857,6,11
eng_Latn,857,7,54
bul_Cyrl,858,0,60
bul_Cyrl,858,1,13
bul_Cyrl,858,2,13
bul_Cyrl,858,3,13
bul_Cyrl,858,4,13
bul_Cyrl,858,5,13
bul_Cyrl,858,6,13
bul_Cyrl,859,0,60
bul_Cyrl,859,1,13
bul_Cyrl,859,2,13
bul_Cyrl,859,3,13
bul_Cyrl,859,4,13
bul_Cyrl,859,5,13
bul_Cyrl,859,6,13
bul_Cyrl,859,7,13
bul_Cyrl,859,8,13
bul_Cyrl,859,9,13
bul_Cyrl,859,10,13
bul_Cyrl,859,11,13
bul_Cyrl,859,12,13
bul_Cyrl,859,13,13
bul_Cyrl,859,14,13
bul_Cyrl,859,15,13
bul_Cyrl,860,0,60
bul_Cyrl,860,1,13
bul_Cyrl,860,2,13
bul_Cyrl,860,3,13
bul_Cyrl,860,4,13
bul_Cyrl,860,5,13
bul_Cyrl,860,6,13
bul_Cyrl,860,7,13
bul_Cyrl,860,8,13
bul_Cyrl,860,9,13
bul_Cyrl,860,10,13
bul_Cyrl,860,11,13
bul_Cyrl,860,12,13
bul_Cyrl,860,13,13
bul_Cyrl,860,14,13
bul_Cyrl,860,15,13
bul_Cyrl,860,16,13
bul_Cyrl,860,17,13
bul_Cyrl,860,18,13
bul_Cyrl,860,19,13
bul_Cyrl,860,20,13
bul_Cyrl,861,0,60
bul_Cyrl,861,1,52
bul_Cyrl,861,2,9
bul_Cyrl,861,3,13
bul_Cyrl,861,4,13
bul_Cyrl,861,5,13
bul_Cyrl,861,6,13
bul_Cyrl,861,7,13
bul_Cyrl,861,8,13
bul_Cyrl,861,9,13
bul_Cyrl,861,10,13
bul_Cyrl,861,11,13
bul_Cyrl,861,12,13
bul_Cyrl,861,13,13
bul_Cyrl,861,14,13
bul_Cyrl,861,15,26
bul_Cyrl,861,16,13
bul_Cyrl,861,17,13
bul_Cyrl,861,18,13
bul_Cyrl,861,19,13
bul_Cyrl,861,20,13
bul_Cyrl,861,21,13
bul_Cyrl,861,22,13
bul_Cyrl,861,23,13
bul_Cyrl,862,0,60
bul_Cyrl,862,1,13
bul_Cyrl,862,2,13
bul_Cyrl,862,3,13
bul_Cyrl,862,4,13
bul_Cyrl,862,5,13
bul_Cyrl,862,6,13
bul_Cyrl,862,7,13
bul_Cyrl,862,8,13
bul_Cyrl,862,9,13
bul_Cyrl,862,10,13
bul_Cyrl,862,11,13
bul_Cyrl,863,0,60
bul_Cyrl,863,1,9
bul_Cyrl,863,2,13
bul_Cyrl,863,3,13
bul_Cyrl,863,4,13
bul_Cyrl,863,5,13
bul_Cyrl,863,6,13
bul_Cyrl,863,7,13
bul_Cyrl,863,8,13
bul_Cyrl,863,9,13
bul_Cyrl,863,10,13
bul_Cyrl,863,11,13
bul_Cyrl,863,12,13
bul_Cyrl,863,13,13
bul_Cyrl,863,14,13
bul_Cyrl,863,15,13
bul_Cyrl,863,16,13
bul_Cyrl,864,0,60
bul_Cyrl,864,1,13
bul_Cyrl,864,2,13
bul_Cyrl,864,3,13
bul_Cyrl,864,4,13
bul_Cyrl,864,5,13
bul_Cyrl,864,6,13
bul_Cyrl,864,7,13
bul_Cyrl,864,8,52
bul_Cyrl,864,9,13
bul_Cyrl,864,10,52
bul_Cyrl,864,11,13
bul_Cyrl,864,12,13
bul_Cyrl,864,13,13
bul_Cyrl,864,14,13
bul_Cyrl,864,15,13
bul_Cyrl,864,16,13
bul_Cyrl,864,17,13
bul_Cyrl,864,18,13
bul_Cyrl,865,0,60
bul_Cyrl,865,1,13
bul_Cyrl,865,2,13
bul_Cyrl,865,3,13
bul_Cyrl,865,4,13
bul_Cyrl,865,5,13
bul_Cyrl,865,6,13
bul_Cyrl,865,7,13
bul_Cyrl,865,8,13
bul_Cyrl,865,9,13
bul_Cyrl,865,10,13
bul_Cyrl,865,11,13
bul_Cyrl,865,12,13
bul_Cyrl,865,13,13
bul_Cyrl,865,14,13
bul_Cyrl,865,15,13
bul_Cyrl,865,16,13
bul_Cyrl,865,17,13
bul_Cyrl,865,18,13
bul_Cyrl,865,19,13
bul_Cyrl,865,20,52
bul_Cyrl,866,0,60
bul_Cyrl,866,1,13
bul_Cyrl,866,2,13
bul_Cyrl,866,3,13
bul_Cyrl,866,4,13
bul_Cyrl,866,5,13
bul_Cyrl,866,6,13
bul_Cyrl,866,7,13
bul_Cyrl,866,8,13
bul_Cyrl,866,9,13
bul_Cyrl,866,10,13
bul_Cyrl,866,11,13
bul_Cyrl,866,12,13
bul_Cyrl,866,13,13
bul_Cyrl,866,14,13
bul_Cyrl,866,15,13
bul_Cyrl,866,16,13
bul_Cyrl,866,17,13
bul_Cyrl,866,18,47
bul_Cyrl,866,19,13
bul_Cyrl,866,20,13
bul_Cyrl,866,21,13
bul_Cyrl,867,0,60
bul_Cyrl,867,1,13
bul_Cyrl,867,2,13
bul_Cyrl,867,3,13
bul_Cyrl,867,4,13
bul_Cyrl,867,5,13
bul_Cyrl,867,6,13
bul_Cyrl,867,7,13
bul_Cyrl,867,8,13
bul_Cyrl,867,9,13
bul_Cyrl,867,10,13
bul_Cyrl,867,11,13
bul_Cyrl,867,12,13
bul_Cyrl,867,13,13
bul_Cyrl,867,14,13
bul_Cyrl,867,15,13
bul_Cyrl,867,16,13
bul_Cyrl,867,17,13
bul_Cyrl,867,18,13
bul_Cyrl,867,19,13
bul_Cyrl,867,20,13
bul_Cyrl,867,21,13
bul_Cyrl,867,22,13
bul_Cyrl,867,23,13
bul_Cyrl,867,24,13
bul_Cyrl,867,25,13
bul_Cyrl,868,0,60
bul_Cyrl,868,1,12
bul_Cyrl,868,2,13
bul_Cyrl,868,3,13
bul_Cyrl,868,4,13
bul_Cyrl,868,5,13
bul_Cyrl,868,6,13
bul_Cyrl,868,7,13
bul_Cyrl,868,8,13
bul_Cyrl,868,9,13
bul_Cyrl,868,10,13
bul_Cyrl,868,11,13
bul_Cyrl,868,12,13
bul_Cyrl,868,13,13
bul_Cyrl,868,14,13
bul_Cyrl,868,15,13
bul_Cyrl,868,16,13
bul_Cyrl,868,17,13
bul_Cyrl,868,18,13
bul_Cyrl,868,19,13
bul_Cyrl,868,20,13
bul_Cyrl,868,21,13
bul_Cyrl,868,22,13
bul_Cyrl,868,23,13
bul_Cyrl,868,24,13
bul_Cyrl,868,25,13
bul_Cyrl,868,26,13
bul_Cyrl,869,0,60
bul_Cyrl,869,1,13
bul_Cyrl,869,2,13
bul_Cyrl,869,3,13
bul_Cyrl,869,4,13
bul_Cyrl,869,5,13
bul_Cyrl,869,6,13
bul_Cyrl,870,0,60
bul_Cyrl,870,1,13
bul_Cyrl,870,2,13
bul_Cyrl,870,3,13
bul_Cyrl,870,4,13
bul_Cyrl,870,5,13
bul_Cyrl,870,6,13
bul_Cyrl,870,7,13
bul_Cyrl,870,8,13
bul_Cyrl,870,9,13
bul_Cyrl,870,10,13
bul_Cyrl,870,11,13
bul_Cyrl,870,12,52
bul_Cyrl,870,13,13
bul_Cyrl,870,14,13
bul_Cyrl,871,0,60
bul_Cyrl,871,1,13
bul_Cyrl,871,2,13
bul_Cyrl,871,3,13
bul_Cyrl,871,4,13
bul_Cyrl,871,5,13
bul_Cyrl,871,6,13
bul_Cyrl,871,7,13
bul_Cyrl,871,8,13
bul_Cyrl,871,9,13
bul_Cyrl,871,10,13
bul_Cyrl,871,11,13
bul_Cyrl,871,12,13
bul_Cyrl,871,13,13
bul_Cyrl,871,14,13
bul_Cyrl,871,15,13
bul_Cyrl,871,16,13
bul_Cyrl,872,0,60
bul_Cyrl,872,1,13
bul_Cyrl,872,2,13
bul_Cyrl,872,3,13
bul_Cyrl,872,4,13
bul_Cyrl,872,5,13
bul_Cyrl,872,6,13
bul_Cyrl,872,7,13
bul_Cyrl,872,8,13
bul_Cyrl,872,9,13
bul_Cyrl,872,10,13
bul_Cyrl,872,11,13
bul_Cyrl,872,12,13
bul_Cyrl,872,13,13
bul_Cyrl,872,14,13
bul_Cyrl,872,15,13
bul_Cyrl,872,16,13
bul_Cyrl,872,17,13
bul_Cyrl,872,18,13
bul_Cyrl,872,19,13
bul_Cyrl,872,20,13
bul_Cyrl,872,21,13
bul_Cyrl,872,22,13
bul_Cyrl,872,23,13
bul_Cyrl,872,24,13
bul_Cyrl,872,25,13
bul_Cyrl,873,0,60
bul_Cyrl,873,1,13
bul_Cyrl,873,2,13
bul_Cyrl,873,3,13
bul_Cyrl,873,4,13
bul_Cyrl,873,5,13
bul_Cyrl,873,6,13
bul_Cyrl,873,7,13
bul_Cyrl,873,8,13
bul_Cyrl,873,9,13
bul_Cyrl,873,10,13
bul_Cyrl,873,11,13
bul_Cyrl,873,12,13
bul_Cyrl,873,13,13
bul_Cyrl,873,14,13
bul_Cyrl,873,15,13
bul_Cyrl,873,16,13
bul_Cyrl,874,0,60
bul_Cyrl,874,1,13
bul_Cyrl,874,2,47
bul_Cyrl,874,3,13
bul_Cyrl,874,4,13
bul_Cyrl,874,5,13
bul_Cyrl,874,6,13
bul_Cyrl,874,7,13
bul_Cyrl,874,8,13
bul_Cyrl,874,9,13
bul_Cyrl,874,10,13
bul_Cyrl,874,11,13
bul_Cyrl,874,12,13
bul_Cyrl,874,13,13
bul_Cyrl,874,14,13
bul_Cyrl,874,15,13
bul_Cyrl,874,16,13
bul_Cyrl,874,17,13
bul_Cyrl,874,18,13
bul_Cyrl,874,19,13
bul_Cyrl,874,20,13
bul_Cyrl,874,21,13
bul_Cyrl,874,22,13
bul_Cyrl,874,23,13
bul_Cyrl,875,0,60
bul_Cyrl,875,1,13
bul_Cyrl,875,2,13
bul_Cyrl,875,3,13
bul_Cyrl,875,4,13
bul_Cyrl,875,5,13
bul_Cyrl,875,6,13
bul_Cyrl,875,7,13
bul_Cyrl,875,8,13
bul_Cyrl,875,9,13
bul_Cyrl,875,10,13
bul_Cyrl,875,11,52
bul_Cyrl,875,12,13
bul_Cyrl,875,13,13
bul_Cyrl,875,14,13
bul_Cyrl,875,15,13
bul_Cyrl,876,0,60
bul_Cyrl,876,1,13
bul_Cyrl,876,2,13
bul_Cyrl,876,3,13
bul_Cyrl,876,4,13
bul_Cyrl,876,5,13
bul_Cyrl,876,6,13
bul_Cyrl,876,7,13
bul_Cyrl,876,8,13
bul_Cyrl,876,9,13
bul_Cyrl,876,10,13
bul_Cyrl,876,11,13
bul_Cyrl,876,12,13
bul_Cyrl,876,13,13
bul_Cyrl,876,14,13
bul_Cyrl,876,15,13
bul_Cyrl,876,16,13
bul_Cyrl,876,17,13
bul_Cyrl,876,18,13
bul_Cyrl,876,19,13
bul_Cyrl,876,20,13
eng_Latn,877,0,60
eng_Latn,877,1,9
eng_Latn,877,2,19
eng_Latn,877,3,22
eng_Latn,877,4,22
eng_Latn,877,5,58
eng_Latn,877,6,12
eng_Latn,877,7,47
bul_Cyrl,878,0,60
bul_Cyrl,878,1,13
bul_Cyrl,878,2,13
bul_Cyrl,878,3,13
bul_Cyrl,878,4,13
bul_Cyrl,878,5,13
bul_Cyrl,878,6,13
bul_Cyrl,878,7,52
bul_Cyrl,878,8,13
bul_Cyrl,878,9,13
bul_Cyrl,878,10,13
bul_Cyrl,878,11,13
bul_Cyrl,878,12,13
bul_Cyrl,878,13,13
bul_Cyrl,878,14,13
bul_Cyrl,878,15,13
bul_Cyrl,878,16,13
bul_Cyrl,878,17,13
bul_Cyrl,878,18,13
bul_Cyrl,878,19,13
bul_Cyrl,878,20,13
bul_Cyrl,878,21,13
bul_Cyrl,878,22,13
eng_Latn,879,0,60
eng_Latn,879,1,12
eng_Latn,879,2,42
eng_Latn,879,3,19
eng_Latn,879,4,22
eng_Latn,879,5,49
eng_Latn,879,6,9
eng_Latn,879,7,19
eng_Latn,879,8,8
bul_Cyrl,880,0,60
bul_Cyrl,880,1,13
bul_Cyrl,880,2,13
bul_Cyrl,880,3,13
bul_Cyrl,880,4,13
bul_Cyrl,880,5,13
bul_Cyrl,880,6,13
bul_Cyrl,880,7,13
bul_Cyrl,880,8,13
bul_Cyrl,880,9,13
bul_Cyrl,880,10,13
bul_Cyrl,880,11,13
bul_Cyrl,880,12,13
bul_Cyrl,880,13,13
bul_Cyrl,880,14,13
bul_Cyrl,880,15,13
bul_Cyrl,880,16,13
bul_Cyrl,880,17,13
bul_Cyrl,880,18,13
bul_Cyrl,880,19,13
bul_Cyrl,880,20,13
bul_Cyrl,880,21,13
bul_Cyrl,880,22,13
bul_Cyrl,880,23,13
bul_Cyrl,880,24,13
bul_Cyrl,880,25,13
bul_Cyrl,881,0,60
bul_Cyrl,881,1,13
bul_Cyrl,881,2,13
bul_Cyrl,881,3,47
bul_Cyrl,881,4,13
bul_Cyrl,881,5,13
bul_Cyrl,881,6,1
bul_Cyrl,881,7,13
bul_Cyrl,881,8,19
bul_Cyrl,881,9,13
bul_Cyrl,881,10,13
bul_Cyrl,881,11,13
bul_Cyrl,881,12,13
bul_Cyrl,881,13,13
bul_Cyrl,881,14,13
bul_Cyrl,881,15,13
bul_Cyrl,881,16,13
bul_Cyrl,881,17,13
bul_Cyrl,881,18,13
bul_Cyrl,881,19,13
bul_Cyrl,881,20,13
bul_Cyrl,881,21,13
bul_Cyrl,881,22,13
bul_Cyrl,881,23,52
bul_Cyrl,881,24,13
bul_Cyrl,881,25,13
bul_Cyrl,882,0,60
bul_Cyrl,882,1,13
bul_Cyrl,882,2,13
bul_Cyrl,882,3,13
bul_Cyrl,882,4,13
bul_Cyrl,882,5,13
bul_Cyrl,882,6,13
bul_Cyrl,882,7,13
bul_Cyrl,882,8,13
bul_Cyrl,882,9,13
bul_Cyrl,883,0,60
bul_Cyrl,883,1,13
bul_Cyrl,883,2,13
bul_Cyrl,883,3,13
bul_Cyrl,883,4,13
bul_Cyrl,883,5,13
bul_Cyrl,883,6,13
bul_Cyrl,883,7,13
bul_Cyrl,883,8,13
bul_Cyrl,883,9,13
bul_Cyrl,883,10,13
bul_Cyrl,883,11,13
bul_Cyrl,883,12,13
bul_Cyrl,883,13,13
bul_Cyrl,883,14,13
eng_Latn,884,0,60
eng_Latn,884,1,48
eng_Latn,884,2,18
eng_Latn,884,3,18
eng_Latn,884,4,63
eng_Latn,884,5,30
eng_Latn,884,6,30
eng_Latn,884,7,33
eng_Latn,885,0,60
eng_Latn,885,1,23
eng_Latn,885,2,56
eng_Latn,885,3,57
eng_Latn,885,4,54
eng_Latn,885,5,35
eng_Latn,885,6,38
eng_Latn,885,7,57
bul_Cyrl,886,0,60
bul_Cyrl,886,1,13
bul_Cyrl,886,2,13
bul_Cyrl,886,3,13
bul_Cyrl,886,4,13
bul_Cyrl,886,5,13
bul_Cyrl,886,6,13
bul_Cyrl,886,7,13
bul_Cyrl,886,8,47
bul_Cyrl,886,9,13
bul_Cyrl,886,10,19
bul_Cyrl,886,11,61
bul_Cyrl,886,12,13
bul_Cyrl,886,13,13
bul_Cyrl,886,14,13
bul_Cyrl,886,15,52
bul_Cyrl,887,0,60
bul_Cyrl,887,1,13
bul_Cyrl,887,2,13
bul_Cyrl,887,3,13
bul_Cyrl,887,4,13
bul_Cyrl,887,5,13
bul_Cyrl,887,6,13
bul_Cyrl,887,7,13
bul_Cyrl,887,8,13
bul_Cyrl,887,9,13
bul_Cyrl,887,10,13
bul_Cyrl,887,11,13
bul_Cyrl,887,12,13
bul_Cyrl,887,13,13
bul_Cyrl,887,14,13
bul_Cyrl,887,15,13
bul_Cyrl,887,16,13
bul_Cyrl,887,17,13
bul_Cyrl,887,18,13
bul_Cyrl,887,19,13
bul_Cyrl,887,20,13
bul_Cyrl,887,21,13
bul_Cyrl,888,0,60
bul_Cyrl,888,1,13
bul_Cyrl,888,2,13
bul_Cyrl,888,3,13
bul_Cyrl,888,4,13
bul_Cyrl,888,5,13
bul_Cyrl,888,6,13
bul_Cyrl,888,7,13
bul_Cyrl,888,8,13
bul_Cyrl,888,9,1
bul_Cyrl,888,10,52
bul_Cyrl,889,0,60
bul_Cyrl,889,1,13
bul_Cyrl,889,2,13
bul_Cyrl,889,3,13
bul_Cyrl,889,4,13
bul_Cyrl,889,5,13
bul_Cyrl,889,6,13
bul_Cyrl,889,7,13
bul_Cyrl,889,8,13
bul_Cyrl,889,9,9
bul_Cyrl,889,10,61
bul_Cyrl,890,0,60
bul_Cyrl,890,1,13
bul_Cyrl,890,2,13
bul_Cyrl,890,3,13
bul_Cyrl,890,4,47
bul_Cyrl,890,5,13
bul_Cyrl,890,6,13
bul_Cyrl,890,7,13
bul_Cyrl,890,8,13
bul_Cyrl,890,9,13
bul_Cyrl,890,10,13
bul_Cyrl,890,11,13
bul_Cyrl,890,12,13
bul_Cyrl,890,13,13
bul_Cyrl,890,14,13
bul_Cyrl,890,15,13
bul_Cyrl,890,16,13
bul_Cyrl,890,17,13
bul_Cyrl,890,18,13
bul_Cyrl,891,0,60
bul_Cyrl,891,1,13
bul_Cyrl,891,2,13
bul_Cyrl,891,3,13
bul_Cyrl,891,4,13
bul_Cyrl,891,5,22
bul_Cyrl,891,6,52
bul_Cyrl,891,7,13
bul_Cyrl,891,8,13
bul_Cyrl,891,9,13
bul_Cyrl,891,10,13
bul_Cyrl,891,11,13
bul_Cyrl,891,12,13
bul_Cyrl,891,13,13
bul_Cyrl,891,14,13
bul_Cyrl,891,15,13
bul_Cyrl,891,16,13
bul_Cyrl,892,0,60
bul_Cyrl,892,1,13
bul_Cyrl,892,2,13
bul_Cyrl,892,3,13
bul_Cyrl,892,4,13
bul_Cyrl,892,5,13
bul_Cyrl,893,0,60
bul_Cyrl,893,1,13
bul_Cyrl,893,2,13
bul_Cyrl,893,3,13
bul_Cyrl,893,4,13
bul_Cyrl,893,5,13
bul_Cyrl,893,6,13
bul_Cyrl,893,7,13
bul_Cyrl,893,8,13
bul_Cyrl,893,9,13
bul_Cyrl,893,10,13
bul_Cyrl,893,11,13
bul_Cyrl,894,0,60
bul_Cyrl,894,1,24
bul_Cyrl,894,2,52
bul_Cyrl,894,3,58
bul_Cyrl,894,4,11
bul_Cyrl,894,5,52
bul_Cyrl,894,6,58
bul_Cyrl,894,7,12
bul_Cyrl,894,8,11
bul_Cyrl,894,9,19
bul_Cyrl,894,10,39
bul_Cyrl,894,11,7
bul_Cyrl,895,0,60
bul_Cyrl,895,1,13
bul_Cyrl,895,2,13
bul_Cyrl,895,3,13
bul_Cyrl,895,4,13
bul_Cyrl,895,5,13
bul_Cyrl,895,6,13
bul_Cyrl,895,7,13
bul_Cyrl,895,8,13
bul_Cyrl,895,9,52
bul_Cyrl,895,10,13
bul_Cyrl,895,11,13
bul_Cyrl,895,12,13
bul_Cyrl,895,13,12
bul_Cyrl,895,14,52
bul_Cyrl,896,0,60
bul_Cyrl,896,1,13
bul_Cyrl,896,2,13
bul_Cyrl,896,3,13
bul_Cyrl,896,4,13
bul_Cyrl,896,5,13
bul_Cyrl,896,6,13
bul_Cyrl,896,7,13
bul_Cyrl,896,8,13
bul_Cyrl,896,9,13
bul_Cyrl,896,10,13
bul_Cyrl,896,11,12
bul_Cyrl,896,12,13
bul_Cyrl,896,13,13
bul_Cyrl,896,14,13
bul_Cyrl,896,15,13
bul_Cyrl,896,16,13
bul_Cyrl,896,17,13
bul_Cyrl,896,18,61
bul_Cyrl,896,19,13
bul_Cyrl,896,20,1
bul_Cyrl,896,21,52
bul_Cyrl,896,22,13
bul_Cyrl,896,23,13
bul_Cyrl,896,24,47
bul_Cyrl,896,25,13
bul_Cyrl,897,0,60
bul_Cyrl,897,1,13
bul_Cyrl,897,2,13
bul_Cyrl,897,3,13
bul_Cyrl,897,4,13
bul_Cyrl,897,5,13
bul_Cyrl,897,6,13
bul_Cyrl,897,7,13
bul_Cyrl,897,8,13
bul_Cyrl,897,9,47
bul_Cyrl,897,10,13
bul_Cyrl,898,0,60
bul_Cyrl,898,1,13
bul_Cyrl,898,2,13
bul_Cyrl,898,3,13
bul_Cyrl,898,4,13
bul_Cyrl,898,5,13
bul_Cyrl,898,6,13
bul_Cyrl,898,7,13
bul_Cyrl,898,8,13
bul_Cyrl,898,9,13
bul_Cyrl,898,10,13
bul_Cyrl,898,11,52
bul_Cyrl,898,12,13
bul_Cyrl,898,13,13
bul_Cyrl,898,14,52
bul_Cyrl,898,15,13
bul_Cyrl,898,16,1
bul_Cyrl,898,17,52
bul_Cyrl,898,18,13
bul_Cyrl,898,19,13
bul_Cyrl,898,20,52
bul_Cyrl,898,21,13
bul_Cyrl,899,0,60
bul_Cyrl,899,1,13
bul_Cyrl,899,2,13
bul_Cyrl,899,3,13
bul_Cyrl,899,4,13
bul_Cyrl,899,5,13
bul_Cyrl,899,6,13
bul_Cyrl,899,7,13
bul_Cyrl,899,8,13
bul_Cyrl,899,9,13
bul_Cyrl,899,10,13
bul_Cyrl,899,11,13
bul_Cyrl,899,12,13
bul_Cyrl,899,13,13
bul_Cyrl,899,14,13
bul_Cyrl,899,15,13
bul_Cyrl,899,16,13
bul_Cyrl,900,0,60
bul_Cyrl,900,1,13
bul_Cyrl,900,2,13
bul_Cyrl,900,3,13
bul_Cyrl,900,4,13
bul_Cyrl,900,5,13
bul_Cyrl,900,6,13
bul_Cyrl,900,7,13
bul_Cyrl,900,8,13
bul_Cyrl,900,9,13
bul_Cyrl,900,10,52
bul_Cyrl,900,11,13
bul_Cyrl,900,12,13
bul_Cyrl,901,0,60
bul_Cyrl,901,1,13
bul_Cyrl,901,2,13
bul_Cyrl,901,3,13
bul_Cyrl,901,4,13
bul_Cyrl,901,5,13
bul_Cyrl,901,6,13
bul_Cyrl,901,7,13
bul_Cyrl,901,8,13
bul_Cyrl,901,9,13
bul_Cyrl,901,10,13
bul_Cyrl,901,11,13
bul_Cyrl,901,12,13
bul_Cyrl,901,13,13
bul_Cyrl,901,14,13
bul_Cyrl,901,15,13
bul_Cyrl,901,16,13
bul_Cyrl,902,0,60
bul_Cyrl,902,1,13
bul_Cyrl,902,2,13
bul_Cyrl,902,3,13
bul_Cyrl,902,4,13
bul_Cyrl,902,5,47
bul_Cyrl,902,6,13
bul_Cyrl,902,7,13
bul_Cyrl,902,8,13
bul_Cyrl,902,9,13
bul_Cyrl,902,10,13
bul_Cyrl,902,11,19
bul_Cyrl,902,12,13
bul_Cyrl,902,13,19
bul_Cyrl,902,14,13
bul_Cyrl,902,15,13
eng_Latn,903,0,60
eng_Latn,903,1,14
eng_Latn,903,2,19
eng_Latn,903,3,40
eng_Latn,903,4,18
bul_Cyrl,904,0,60
bul_Cyrl,904,1,13
bul_Cyrl,904,2,13
bul_Cyrl,904,3,13
bul_Cyrl,904,4,13
bul_Cyrl,904,5,13
bul_Cyrl,904,6,13
bul_Cyrl,904,7,13
bul_Cyrl,904,8,13
bul_Cyrl,904,9,13
bul_Cyrl,904,10,13
bul_Cyrl,904,11,13
bul_Cyrl,904,12,13
bul_Cyrl,904,13,13
bul_Cyrl,905,0,60
bul_Cyrl,905,1,13
bul_Cyrl,905,2,13
bul_Cyrl,905,3,13
bul_Cyrl,905,4,13
bul_Cyrl,905,5,13
bul_Cyrl,905,6,13
bul_Cyrl,905,7,13
bul_Cyrl,905,8,13
bul_Cyrl,905,9,13
eng_Latn,906,0,60
eng_Latn,906,1,36
eng_Latn,906,2,56
eng_Latn,906,3,36
eng_Latn,906,4,36
eng_Latn,906,5,63
eng_Latn,907,0,60
eng_Latn,907,1,42
eng_Latn,907,2,38
eng_Latn,907,3,18
eng_Latn,907,4,16
eng_Latn,907,5,33
eng_Latn,907,6,33
bul_Cyrl,908,0,60
bul_Cyrl,908,1,13
bul_Cyrl,908,2,13
bul_Cyrl,908,3,13
bul_Cyrl,908,4,13
bul_Cyrl,908,5,13
bul_Cyrl,908,6,13
bul_Cyrl,908,7,13
bul_Cyrl,908,8,13
bul_Cyrl,908,9,13
bul_Cyrl,908,10,13
bul_Cyrl,908,11,13
bul_Cyrl,908,12,13
bul_Cyrl,908,13,13
bul_Cyrl,908,14,13
bul_Cyrl,908,15,13
eng_Latn,909,0,60
eng_Latn,909,1,15
eng_Latn,909,2,56
eng_Latn,909,3,63
eng_Latn,909,4,37
eng_Latn,910,0,60
eng_Latn,910,1,22
eng_Latn,910,2,41
eng_Latn,910,3,34
bul_Cyrl,911,0,60
bul_Cyrl,911,1,13
bul_Cyrl,911,2,13
bul_Cyrl,911,3,13
bul_Cyrl,911,4,13
bul_Cyrl,911,5,13
bul_Cyrl,911,6,13
bul_Cyrl,911,7,13
bul_Cyrl,911,8,13
bul_Cyrl,911,9,13
bul_Cyrl,911,10,13
bul_Cyrl,911,11,13
bul_Cyrl,911,12,13
bul_Cyrl,912,0,60
bul_Cyrl,912,1,13
bul_Cyrl,912,2,13
bul_Cyrl,912,3,13
bul_Cyrl,912,4,61
bul_Cyrl,912,5,13
bul_Cyrl,912,6,13
bul_Cyrl,912,7,13
bul_Cyrl,912,8,13
bul_Cyrl,912,9,13
bul_Cyrl,912,10,13
bul_Cyrl,912,11,13
bul_Cyrl,912,12,13
bul_Cyrl,912,13,13
bul_Cyrl,912,14,13
bul_Cyrl,912,15,13
bul_Cyrl,912,16,13
bul_Cyrl,912,17,13
bul_Cyrl,912,18,13
bul_Cyrl,912,19,13
bul_Cyrl,912,20,13
bul_Cyrl,913,0,60
bul_Cyrl,913,1,13
bul_Cyrl,913,2,13
bul_Cyrl,913,3,13
bul_Cyrl,913,4,13
bul_Cyrl,913,5,13
bul_Cyrl,913,6,13
bul_Cyrl,913,7,13
bul_Cyrl,913,8,13
bul_Cyrl,913,9,13
bul_Cyrl,913,10,13
bul_Cyrl,913,11,13
bul_Cyrl,913,12,13
bul_Cyrl,913,13,13
bul_Cyrl,913,14,13
bul_Cyrl,913,15,47
eng_Latn,914,0,60
eng_Latn,914,1,40
eng_Latn,914,2,26
eng_Latn,914,3,47
eng_Latn,914,4,49
eng_Latn,914,5,5
eng_Latn,914,6,5
eng_Latn,914,7,40
eng_Latn,914,8,26
bul_Cyrl,915,0,60
bul_Cyrl,915,1,13
bul_Cyrl,915,2,13
bul_Cyrl,915,3,13
bul_Cyrl,915,4,13
bul_Cyrl,915,5,13
bul_Cyrl,915,6,13
bul_Cyrl,915,7,13
bul_Cyrl,915,8,13
bul_Cyrl,915,9,13
bul_Cyrl,915,10,13
bul_Cyrl,915,11,13
bul_Cyrl,915,12,13
bul_Cyrl,915,13,13
bul_Cyrl,915,14,13
bul_Cyrl,915,15,13
bul_Cyrl,915,16,12
bul_Cyrl,915,17,52
bul_Cyrl,916,0,60
bul_Cyrl,916,1,13
bul_Cyrl,916,2,13
bul_Cyrl,916,3,13
bul_Cyrl,916,4,13
bul_Cyrl,916,5,13
bul_Cyrl,916,6,26
bul_Cyrl,916,7,13
bul_Cyrl,916,8,13
bul_Cyrl,916,9,47
bul_Cyrl,916,10,13
bul_Cyrl,916,11,13
bul_Cyrl,916,12,13
bul_Cyrl,916,13,13
bul_Cyrl,917,0,60
bul_Cyrl,917,1,13
bul_Cyrl,917,2,13
bul_Cyrl,917,3,13
bul_Cyrl,917,4,13
bul_Cyrl,917,5,13
bul_Cyrl,917,6,13
bul_Cyrl,917,7,13
bul_Cyrl,917,8,13
bul_Cyrl,917,9,13
bul_Cyrl,917,10,13
bul_Cyrl,917,11,13
bul_Cyrl,917,12,13
bul_Cyrl,917,13,13
bul_Cyrl,917,14,13
bul_Cyrl,917,15,13
bul_Cyrl,917,16,13
bul_Cyrl,918,0,60
bul_Cyrl,918,1,13
bul_Cyrl,918,2,13
bul_Cyrl,918,3,13
bul_Cyrl,918,4,13
bul_Cyrl,918,5,13
bul_Cyrl,918,6,13
bul_Cyrl,918,7,13
bul_Cyrl,918,8,13
bul_Cyrl,918,9,13
bul_Cyrl,918,10,60
bul_Cyrl,918,11,52
bul_Cyrl,919,0,60
bul_Cyrl,919,1,13
bul_Cyrl,919,2,13
bul_Cyrl,919,3,13
bul_Cyrl,919,4,13
bul_Cyrl,919,5,13
bul_Cyrl,919,6,13
bul_Cyrl,919,7,13
bul_Cyrl,919,8,1
bul_Cyrl,919,9,61
bul_Cyrl,919,10,13
bul_Cyrl,919,11,13
bul_Cyrl,919,12,13
bul_Cyrl,919,13,13
bul_Cyrl,919,14,13
bul_Cyrl,919,15,47
bul_Cyrl,919,16,13
bul_Cyrl,919,17,13
bul_Cyrl,919,18,13
bul_Cyrl,919,19,13
bul_Cyrl,919,20,13
bul_Cyrl,919,21,13
bul_Cyrl,919,22,13
bul_Cyrl,920,0,60
bul_Cyrl,920,1,13
bul_Cyrl,920,2,13
bul_Cyrl,920,3,13
bul_Cyrl,920,4,13
bul_Cyrl,920,5,13
bul_Cyrl,920,6,13
bul_Cyrl,920,7,13
bul_Cyrl,920,8,13
bul_Cyrl,920,9,13
bul_Cyrl,920,10,13
bul_Cyrl,920,11,13
bul_Cyrl,920,12,13
bul_Cyrl,920,13,13
bul_Cyrl,921,0,60
bul_Cyrl,921,1,13
bul_Cyrl,921,2,13
bul_Cyrl,921,3,13
bul_Cyrl,921,4,13
bul_Cyrl,921,5,13
bul_Cyrl,921,6,13
bul_Cyrl,921,7,13
bul_Cyrl,921,8,13
bul_Cyrl,921,9,13
bul_Cyrl,921,10,13
bul_Cyrl,921,11,13
bul_Cyrl,921,12,13
bul_Cyrl,921,13,13
bul_Cyrl,921,14,13
bul_Cyrl,921,15,13
bul_Cyrl,921,16,13
eng_Latn,922,0,60
eng_Latn,922,1,18
eng_Latn,922,2,14
bul_Cyrl,923,0,60
bul_Cyrl,923,1,13
bul_Cyrl,923,2,13
bul_Cyrl,923,3,13
bul_Cyrl,923,4,13
bul_Cyrl,923,5,13
bul_Cyrl,923,6,13
bul_Cyrl,923,7,13
bul_Cyrl,923,8,13
bul_Cyrl,923,9,13
bul_Cyrl,923,10,13
bul_Cyrl,923,11,13
bul_Cyrl,923,12,13
bul_Cyrl,923,13,13
bul_Cyrl,923,14,13
eng_Latn,924,0,60
eng_Latn,924,1,47
eng_Latn,924,2,49
eng_Latn,924,3,5
eng_Latn,924,4,49
bul_Cyrl,925,0,60
bul_Cyrl,925,1,13
bul_Cyrl,925,2,52
bul_Cyrl,925,3,13
bul_Cyrl,925,4,13
bul_Cyrl,925,5,13
bul_Cyrl,925,6,13
bul_Cyrl,925,7,13
bul_Cyrl,925,8,13
bul_Cyrl,925,9,13
bul_Cyrl,925,10,13
bul_Cyrl,925,11,13
bul_Cyrl,925,12,13
eng_Latn,926,0,60
eng_Latn,926,1,39
eng_Latn,926,2,47
eng_Latn,926,3,34
bul_Cyrl,927,0,60
bul_Cyrl,927,1,13
bul_Cyrl,927,2,13
bul_Cyrl,927,3,13
bul_Cyrl,927,4,13
bul_Cyrl,927,5,13
bul_Cyrl,927,6,13
bul_Cyrl,927,7,13
bul_Cyrl,927,8,13
bul_Cyrl,927,9,13
bul_Cyrl,927,10,13
bul_Cyrl,927,11,13
bul_Cyrl,927,12,13
bul_Cyrl,927,13,13
bul_Cyrl,927,14,13
bul_Cyrl,927,15,13
bul_Cyrl,927,16,13
bul_Cyrl,927,17,13
bul_Cyrl,927,18,61
bul_Cyrl,927,19,13
bul_Cyrl,927,20,13
bul_Cyrl,927,21,13
bul_Cyrl,927,22,13
bul_Cyrl,927,23,13
bul_Cyrl,927,24,13
bul_Cyrl,928,0,60
bul_Cyrl,928,1,13
bul_Cyrl,928,2,13
bul_Cyrl,928,3,13
bul_Cyrl,928,4,13
bul_Cyrl,928,5,13
bul_Cyrl,928,6,13
bul_Cyrl,928,7,13
bul_Cyrl,928,8,13
bul_Cyrl,928,9,13
bul_Cyrl,928,10,13
bul_Cyrl,928,11,13
bul_Cyrl,928,12,13
bul_Cyrl,928,13,13
bul_Cyrl,928,14,13
bul_Cyrl,928,15,13
bul_Cyrl,928,16,13
bul_Cyrl,928,17,13
bul_Cyrl,928,18,13
bul_Cyrl,928,19,13
bul_Cyrl,928,20,13
bul_Cyrl,928,21,13
bul_Cyrl,928,22,13
bul_Cyrl,928,23,13
bul_Cyrl,928,24,13
bul_Cyrl,928,25,13
eng_Latn,929,0,60
eng_Latn,929,1,26
eng_Latn,929,2,30
eng_Latn,929,3,46
eng_Latn,929,4,15
bul_Cyrl,930,0,60
bul_Cyrl,930,1,13
bul_Cyrl,930,2,13
bul_Cyrl,930,3,13
bul_Cyrl,930,4,13
bul_Cyrl,930,5,13
bul_Cyrl,930,6,13
bul_Cyrl,930,7,13
bul_Cyrl,930,8,13
bul_Cyrl,930,9,13
bul_Cyrl,930,10,13
bul_Cyrl,930,11,13
bul_Cyrl,930,12,13
bul_Cyrl,930,13,13
bul_Cyrl,930,14,13
bul_Cyrl,930,15,13
bul_Cyrl,930,16,13
bul_Cyrl,930,17,13
bul_Cyrl,930,18,13
bul_Cyrl,930,19,13
bul_Cyrl,930,20,13
bul_Cyrl,930,21,13
bul_Cyrl,931,0,60
bul_Cyrl,931,1,61
bul_Cyrl,931,2,52
bul_Cyrl,931,3,52
bul_Cyrl,931,4,13
bul_Cyrl,931,5,13
bul_Cyrl,931,6,13
bul_Cyrl,931,7,52
bul_Cyrl,931,8,52
bul_Cyrl,931,9,52
bul_Cyrl,931,10,7
bul_Cyrl,931,11,13
bul_Cyrl,932,0,60
bul_Cyrl,932,1,9
bul_Cyrl,932,2,13
bul_Cyrl,932,3,13
bul_Cyrl,932,4,13
bul_Cyrl,932,5,13
bul_Cyrl,932,6,13
bul_Cyrl,932,7,13
bul_Cyrl,932,8,13
bul_Cyrl,932,9,13
bul_Cyrl,932,10,13
bul_Cyrl,932,11,13
bul_Cyrl,932,12,13
bul_Cyrl,932,13,13
bul_Cyrl,932,14,13
bul_Cyrl,932,15,52
bul_Cyrl,932,16,13
bul_Cyrl,932,17,13
bul_Cyrl,933,0,60
bul_Cyrl,933,1,13
bul_Cyrl,933,2,13
bul_Cyrl,933,3,13
bul_Cyrl,933,4,13
bul_Cyrl,933,5,13
bul_Cyrl,933,6,13
bul_Cyrl,933,7,13
bul_Cyrl,933,8,13
bul_Cyrl,933,9,13
bul_Cyrl,933,10,13
bul_Cyrl,933,11,13
bul_Cyrl,933,12,13
bul_Cyrl,933,13,13
bul_Cyrl,933,14,13
bul_Cyrl,933,15,13
bul_Cyrl,933,16,13
bul_Cyrl,934,0,60
bul_Cyrl,934,1,13
bul_Cyrl,934,2,13
bul_Cyrl,934,3,13
bul_Cyrl,934,4,13
bul_Cyrl,934,5,13
bul_Cyrl,934,6,13
bul_Cyrl,934,7,13
bul_Cyrl,934,8,13
bul_Cyrl,934,9,13
bul_Cyrl,934,10,13
bul_Cyrl,934,11,13
bul_Cyrl,934,12,13
bul_Cyrl,934,13,13
bul_Cyrl,934,14,13
bul_Cyrl,934,15,13
bul_Cyrl,934,16,12
bul_Cyrl,934,17,13
bul_Cyrl,934,18,13
bul_Cyrl,934,19,13
bul_Cyrl,934,20,13
bul_Cyrl,934,21,13
bul_Cyrl,934,22,13
bul_Cyrl,934,23,13
bul_Cyrl,934,24,60
bul_Cyrl,935,0,60
bul_Cyrl,935,1,13
bul_Cyrl,935,2,13
bul_Cyrl,935,3,13
bul_Cyrl,935,4,13
bul_Cyrl,935,5,13
bul_Cyrl,935,6,13
bul_Cyrl,935,7,13
bul_Cyrl,935,8,13
bul_Cyrl,935,9,13
bul_Cyrl,935,10,13
bul_Cyrl,935,11,13
bul_Cyrl,935,12,13
bul_Cyrl,935,13,13
bul_Cyrl,935,14,13
bul_Cyrl,935,15,13
bul_Cyrl,935,16,13
eng_Latn,936,0,60
eng_Latn,936,1,12
eng_Latn,936,2,42
eng_Latn,936,3,22
eng_Latn,936,4,27
eng_Latn,936,5,49
eng_Latn,936,6,9
eng_Latn,936,7,29
eng_Latn,936,8,22
bul_Cyrl,937,0,60
bul_Cyrl,937,1,13
bul_Cyrl,937,2,13
bul_Cyrl,937,3,13
bul_Cyrl,937,4,13
bul_Cyrl,937,5,13
bul_Cyrl,937,6,13
bul_Cyrl,937,7,13
bul_Cyrl,937,8,13
bul_Cyrl,937,9,13
bul_Cyrl,937,10,13
bul_Cyrl,937,11,52
bul_Cyrl,937,12,13
bul_Cyrl,937,13,13
bul_Cyrl,937,14,13
bul_Cyrl,937,15,13
bul_Cyrl,937,16,22
bul_Cyrl,937,17,12
bul_Cyrl,937,18,13
bul_Cyrl,937,19,13
bul_Cyrl,937,20,13
bul_Cyrl,937,21,13
bul_Cyrl,937,22,13
bul_Cyrl,938,0,60
bul_Cyrl,938,1,13
bul_Cyrl,938,2,13
bul_Cyrl,938,3,13
bul_Cyrl,938,4,13
bul_Cyrl,938,5,13
bul_Cyrl,938,6,13
bul_Cyrl,938,7,13
bul_Cyrl,938,8,13
bul_Cyrl,938,9,19
bul_Cyrl,938,10,13
bul_Cyrl,938,11,13
bul_Cyrl,938,12,13
bul_Cyrl,938,13,13
bul_Cyrl,939,0,60
bul_Cyrl,939,1,12
bul_Cyrl,939,2,13
bul_Cyrl,939,3,13
bul_Cyrl,939,4,13
bul_Cyrl,939,5,13
bul_Cyrl,939,6,13
bul_Cyrl,939,7,13
bul_Cyrl,939,8,13
bul_Cyrl,939,9,13
bul_Cyrl,939,10,13
bul_Cyrl,939,11,19
bul_Cyrl,939,12,13
bul_Cyrl,939,13,13
bul_Cyrl,939,14,13
bul_Cyrl,939,15,13
bul_Cyrl,939,16,13
bul_Cyrl,939,17,13
bul_Cyrl,939,18,13
bul_Cyrl,939,19,13
bul_Cyrl,939,20,13
bul_Cyrl,939,21,13
bul_Cyrl,940,0,60
bul_Cyrl,940,1,13
bul_Cyrl,940,2,13
bul_Cyrl,940,3,13
bul_Cyrl,940,4,13
bul_Cyrl,940,5,13
bul_Cyrl,940,6,13
bul_Cyrl,940,7,13
bul_Cyrl,940,8,24
bul_Cyrl,940,9,13
bul_Cyrl,940,10,9
bul_Cyrl,940,11,13
bul_Cyrl,940,12,13
bul_Cyrl,940,13,13
bul_Cyrl,940,14,13
eng_Latn,941,0,60
eng_Latn,941,1,22
eng_Latn,941,2,60
eng_Latn,941,3,47
eng_Latn,942,0,60
eng_Latn,942,1,19
eng_Latn,942,2,13
eng_Latn,942,3,54
eng_Latn,942,4,19
eng_Latn,942,5,13
bul_Cyrl,943,0,60
bul_Cyrl,943,1,13
bul_Cyrl,943,2,13
bul_Cyrl,943,3,13
bul_Cyrl,943,4,13
bul_Cyrl,943,5,58
bul_Cyrl,943,6,13
bul_Cyrl,943,7,13
bul_Cyrl,943,8,13
bul_Cyrl,943,9,13
bul_Cyrl,943,10,13
bul_Cyrl,943,11,13
bul_Cyrl,943,12,13
bul_Cyrl,943,13,13
bul_Cyrl,943,14,13
bul_Cyrl,943,15,47
bul_Cyrl,943,16,13
bul_Cyrl,943,17,13
bul_Cyrl,943,18,13
bul_Cyrl,943,19,13
bul_Cyrl,943,20,13
bul_Cyrl,943,21,26
bul_Cyrl,943,22,26
bul_Cyrl,943,23,26
bul_Cyrl,943,24,13
eng_Latn,944,0,60
eng_Latn,944,1,57
eng_Latn,944,2,56
eng_Latn,944,3,63
eng_Latn,944,4,19
bul_Cyrl,945,0,60
bul_Cyrl,945,1,13
bul_Cyrl,945,2,13
bul_Cyrl,945,3,13
bul_Cyrl,945,4,13
bul_Cyrl,945,5,13
bul_Cyrl,945,6,13
bul_Cyrl,945,7,13
bul_Cyrl,946,0,60
bul_Cyrl,946,1,13
bul_Cyrl,946,2,13
bul_Cyrl,946,3,13
bul_Cyrl,946,4,13
bul_Cyrl,946,5,13
bul_Cyrl,946,6,13
bul_Cyrl,946,7,13
bul_Cyrl,946,8,13
bul_Cyrl,946,9,13
bul_Cyrl,946,10,13
bul_Cyrl,946,11,13
bul_Cyrl,946,12,13
bul_Cyrl,946,13,13
bul_Cyrl,946,14,13
bul_Cyrl,946,15,13
bul_Cyrl,946,16,13
bul_Cyrl,946,17,13
eng_Latn,947,0,60
eng_Latn,947,1,22
eng_Latn,947,2,61
eng_Latn,947,3,19
eng_Latn,947,4,40
eng_Latn,947,5,53
eng_Latn,947,6,3
eng_Latn,947,7,63
bul_Cyrl,948,0,60
bul_Cyrl,948,1,13
bul_Cyrl,948,2,13
bul_Cyrl,948,3,13
bul_Cyrl,948,4,13
bul_Cyrl,949,0,60
bul_Cyrl,949,1,13
bul_Cyrl,949,2,13
bul_Cyrl,949,3,13
bul_Cyrl,949,4,13
bul_Cyrl,949,5,13
bul_Cyrl,949,6,13
bul_Cyrl,949,7,13
bul_Cyrl,949,8,13
bul_Cyrl,949,9,13
bul_Cyrl,949,10,13
bul_Cyrl,949,11,13
bul_Cyrl,949,12,13
bul_Cyrl,949,13,13
bul_Cyrl,949,14,13
bul_Cyrl,949,15,13
bul_Cyrl,949,16,13
bul_Cyrl,949,17,13
bul_Cyrl,949,18,13
bul_Cyrl,949,19,13
bul_Cyrl,949,20,13
bul_Cyrl,949,21,13
bul_Cyrl,949,22,22
bul_Cyrl,950,0,60
bul_Cyrl,950,1,13
bul_Cyrl,950,2,19
bul_Cyrl,950,3,13
bul_Cyrl,950,4,13
bul_Cyrl,950,5,52
bul_Cyrl,950,6,13
bul_Cyrl,950,7,13
bul_Cyrl,950,8,13
bul_Cyrl,950,9,13
bul_Cyrl,950,10,13
bul_Cyrl,951,0,60
bul_Cyrl,951,1,13
bul_Cyrl,951,2,13
bul_Cyrl,951,3,13
bul_Cyrl,951,4,13
bul_Cyrl,951,5,13
bul_Cyrl,951,6,13
bul_Cyrl,951,7,13
bul_Cyrl,951,8,13
bul_Cyrl,951,9,13
bul_Cyrl,951,10,13
bul_Cyrl,951,11,13
bul_Cyrl,951,12,13
bul_Cyrl,951,13,13
bul_Cyrl,951,14,13
bul_Cyrl,951,15,13
bul_Cyrl,951,16,13
bul_Cyrl,951,17,13
bul_Cyrl,951,18,13
bul_Cyrl,951,19,13
bul_Cyrl,952,0,60
bul_Cyrl,952,1,13
bul_Cyrl,952,2,13
bul_Cyrl,952,3,13
bul_Cyrl,952,4,13
bul_Cyrl,952,5,13
bul_Cyrl,952,6,13
bul_Cyrl,952,7,13
bul_Cyrl,952,8,13
bul_Cyrl,952,9,13
bul_Cyrl,952,10,13
bul_Cyrl,952,11,13
bul_Cyrl,952,12,13
bul_Cyrl,952,13,19
bul_Cyrl,952,14,13
bul_Cyrl,952,15,13
bul_Cyrl,952,16,13
eng_Latn,953,0,60
eng_Latn,953,1,22
eng_Latn,953,2,15
eng_Latn,953,3,11
eng_Latn,953,4,52
eng_Latn,953,5,3
eng_Latn,953,6,48
bul_Cyrl,954,0,60
bul_Cyrl,954,1,13
bul_Cyrl,954,2,13
bul_Cyrl,954,3,26
bul_Cyrl,954,4,13
bul_Cyrl,954,5,13
bul_Cyrl,954,6,13
bul_Cyrl,954,7,13
bul_Cyrl,954,8,13
bul_Cyrl,954,9,13
bul_Cyrl,954,10,13
bul_Cyrl,954,11,13
bul_Cyrl,954,12,13
bul_Cyrl,954,13,13
bul_Cyrl,954,14,13
bul_Cyrl,954,15,13
bul_Cyrl,954,16,13
bul_Cyrl,954,17,13
bul_Cyrl,954,18,13
bul_Cyrl,954,19,13
bul_Cyrl,954,20,13
bul_Cyrl,955,0,60
bul_Cyrl,955,1,13
bul_Cyrl,955,2,13
bul_Cyrl,955,3,13
bul_Cyrl,955,4,13
bul_Cyrl,955,5,13
bul_Cyrl,955,6,13
bul_Cyrl,955,7,13
bul_Cyrl,955,8,13
bul_Cyrl,955,9,1
bul_Cyrl,955,10,52
bul_Cyrl,956,0,60
bul_Cyrl,956,1,13
bul_Cyrl,956,2,13
bul_Cyrl,956,3,13
bul_Cyrl,956,4,13
bul_Cyrl,956,5,13
bul_Cyrl,956,6,13
bul_Cyrl,956,7,61
bul_Cyrl,956,8,13
bul_Cyrl,956,9,13
bul_Cyrl,956,10,13
bul_Cyrl,956,11,13
bul_Cyrl,956,12,13
bul_Cyrl,956,13,13
bul_Cyrl,956,14,13
bul_Cyrl,956,15,13
bul_Cyrl,956,16,13
bul_Cyrl,956,17,13
bul_Cyrl,956,18,13
bul_Cyrl,956,19,13
bul_Cyrl,956,20,13
bul_Cyrl,956,21,13
bul_Cyrl,957,0,60
bul_Cyrl,957,1,13
bul_Cyrl,957,2,13
bul_Cyrl,957,3,13
bul_Cyrl,957,4,13
bul_Cyrl,957,5,61
bul_Cyrl,957,6,13
bul_Cyrl,958,0,60
bul_Cyrl,958,1,13
bul_Cyrl,958,2,13
bul_Cyrl,958,3,13
bul_Cyrl,958,4,13
bul_Cyrl,958,5,13
bul_Cyrl,958,6,13
bul_Cyrl,958,7,13
bul_Cyrl,958,8,13
bul_Cyrl,958,9,52
bul_Cyrl,958,10,13
bul_Cyrl,958,11,13
bul_Cyrl,958,12,13
eng_Latn,959,0,60
eng_Latn,959,1,37
eng_Latn,959,2,12
eng_Latn,959,3,2
eng_Latn,959,4,47
eng_Latn,960,0,60
eng_Latn,960,1,4
eng_Latn,960,2,54
eng_Latn,960,3,48
eng_Latn,960,4,9
eng_Latn,960,5,56
eng_Latn,960,6,35
eng_Latn,960,7,35
eng_Latn,960,8,57
eng_Latn,960,9,2
eng_Latn,960,10,27
eng_Latn,960,11,26
eng_Latn,960,12,50
eng_Latn,960,13,16
eng_Latn,961,0,60
eng_Latn,961,1,37
eng_Latn,961,2,37
eng_Latn,961,3,52
eng_Latn,961,4,37
bul_Cyrl,962,0,60
bul_Cyrl,962,1,13
bul_Cyrl,962,2,13
bul_Cyrl,962,3,13
bul_Cyrl,962,4,13
bul_Cyrl,962,5,13
bul_Cyrl,962,6,13
bul_Cyrl,962,7,13
bul_Cyrl,962,8,13
bul_Cyrl,962,9,13
bul_Cyrl,963,0,60
bul_Cyrl,963,1,13
bul_Cyrl,963,2,13
bul_Cyrl,963,3,13
bul_Cyrl,963,4,13
bul_Cyrl,963,5,13
bul_Cyrl,963,6,13
bul_Cyrl,963,7,13
bul_Cyrl,963,8,13
bul_Cyrl,963,9,13
bul_Cyrl,963,10,13
bul_Cyrl,963,11,13
bul_Cyrl,963,12,13
bul_Cyrl,963,13,13
bul_Cyrl,963,14,13
bul_Cyrl,963,15,13
bul_Cyrl,963,16,13
bul_Cyrl,963,17,13
bul_Cyrl,964,0,60
bul_Cyrl,964,1,13
bul_Cyrl,964,2,13
bul_Cyrl,964,3,13
bul_Cyrl,964,4,13
bul_Cyrl,964,5,13
bul_Cyrl,964,6,13
bul_Cyrl,964,7,13
bul_Cyrl,964,8,13
bul_Cyrl,964,9,13
bul_Cyrl,964,10,13
bul_Cyrl,964,11,13
bul_Cyrl,964,12,13
bul_Cyrl,964,13,13
bul_Cyrl,964,14,13
bul_Cyrl,964,15,13
bul_Cyrl,964,16,13
bul_Cyrl,964,17,26
bul_Cyrl,964,18,13
bul_Cyrl,964,19,13
bul_Cyrl,964,20,13
bul_Cyrl,964,21,13
bul_Cyrl,964,22,13
bul_Cyrl,964,23,13
bul_Cyrl,964,24,13
bul_Cyrl,964,25,13
bul_Cyrl,965,0,60
bul_Cyrl,965,1,13
bul_Cyrl,965,2,13
bul_Cyrl,965,3,13
bul_Cyrl,965,4,13
bul_Cyrl,965,5,13
bul_Cyrl,965,6,13
bul_Cyrl,965,7,13
bul_Cyrl,965,8,13
bul_Cyrl,965,9,13
bul_Cyrl,965,10,13
bul_Cyrl,965,11,13
bul_Cyrl,965,12,13
bul_Cyrl,965,13,19
bul_Cyrl,965,14,13
bul_Cyrl,966,0,60
bul_Cyrl,966,1,13
bul_Cyrl,966,2,13
bul_Cyrl,966,3,13
bul_Cyrl,966,4,13
bul_Cyrl,966,5,13
bul_Cyrl,966,6,13
bul_Cyrl,966,7,13
bul_Cyrl,966,8,13
bul_Cyrl,966,9,13
bul_Cyrl,966,10,13
bul_Cyrl,966,11,13
bul_Cyrl,966,12,13
bul_Cyrl,966,13,13
bul_Cyrl,967,0,60
bul_Cyrl,967,1,13
bul_Cyrl,967,2,13
bul_Cyrl,967,3,13
bul_Cyrl,967,4,13
bul_Cyrl,967,5,13
bul_Cyrl,967,6,13
bul_Cyrl,967,7,13
bul_Cyrl,967,8,13
bul_Cyrl,967,9,13
bul_Cyrl,967,10,13
bul_Cyrl,967,11,13
bul_Cyrl,967,12,13
bul_Cyrl,967,13,13
bul_Cyrl,967,14,13
bul_Cyrl,967,15,13
bul_Cyrl,967,16,26
bul_Cyrl,967,17,27
bul_Cyrl,967,18,26
bul_Cyrl,967,19,13
bul_Cyrl,968,0,60
bul_Cyrl,968,1,13
bul_Cyrl,968,2,13
bul_Cyrl,968,3,13
bul_Cyrl,968,4,13
bul_Cyrl,968,5,13
bul_Cyrl,968,6,13
bul_Cyrl,968,7,13
bul_Cyrl,968,8,13
bul_Cyrl,968,9,13
bul_Cyrl,968,10,13
bul_Cyrl,968,11,13
bul_Cyrl,968,12,13
bul_Cyrl,968,13,13
bul_Cyrl,968,14,13
bul_Cyrl,968,15,13
bul_Cyrl,968,16,13
bul_Cyrl,968,17,13
bul_Cyrl,968,18,13
bul_Cyrl,969,0,60
bul_Cyrl,969,1,13
bul_Cyrl,969,2,13
bul_Cyrl,969,3,13
bul_Cyrl,969,4,13
bul_Cyrl,969,5,13
bul_Cyrl,969,6,13
bul_Cyrl,969,7,13
bul_Cyrl,969,8,13
bul_Cyrl,969,9,13
bul_Cyrl,970,0,60
bul_Cyrl,970,1,13
bul_Cyrl,970,2,13
bul_Cyrl,970,3,13
bul_Cyrl,970,4,13
bul_Cyrl,970,5,13
bul_Cyrl,970,6,13
bul_Cyrl,970,7,13
bul_Cyrl,970,8,13
bul_Cyrl,970,9,13
bul_Cyrl,970,10,13
bul_Cyrl,970,11,13
bul_Cyrl,970,12,13
bul_Cyrl,970,13,13
bul_Cyrl,970,14,13
bul_Cyrl,970,15,13
bul_Cyrl,970,16,13
bul_Cyrl,970,17,13
bul_Cyrl,970,18,13
bul_Cyrl,970,19,13
bul_Cyrl,970,20,13
bul_Cyrl,970,21,13
bul_Cyrl,971,0,60
bul_Cyrl,971,1,13
bul_Cyrl,971,2,13
bul_Cyrl,971,3,13
bul_Cyrl,971,4,13
bul_Cyrl,971,5,13
bul_Cyrl,971,6,13
bul_Cyrl,971,7,13
bul_Cyrl,971,8,27
bul_Cyrl,971,9,13
bul_Cyrl,971,10,13
bul_Cyrl,971,11,26
bul_Cyrl,971,12,13
bul_Cyrl,971,13,13
bul_Cyrl,972,0,60
bul_Cyrl,972,1,13
bul_Cyrl,972,2,13
bul_Cyrl,972,3,13
bul_Cyrl,972,4,13
bul_Cyrl,972,5,13
bul_Cyrl,972,6,13
bul_Cyrl,972,7,13
bul_Cyrl,972,8,19
bul_Cyrl,972,9,13
bul_Cyrl,972,10,13
bul_Cyrl,972,11,13
bul_Cyrl,972,12,13
bul_Cyrl,972,13,13
bul_Cyrl,972,14,13
bul_Cyrl,973,0,60
bul_Cyrl,973,1,13
bul_Cyrl,973,2,1
bul_Cyrl,973,3,19
bul_Cyrl,973,4,62
bul_Cyrl,973,5,15
bul_Cyrl,974,0,60
bul_Cyrl,974,1,13
bul_Cyrl,974,2,13
bul_Cyrl,974,3,13
bul_Cyrl,974,4,13
bul_Cyrl,974,5,13
bul_Cyrl,974,6,13
bul_Cyrl,974,7,13
bul_Cyrl,974,8,13
bul_Cyrl,974,9,13
bul_Cyrl,974,10,13
bul_Cyrl,974,11,13
bul_Cyrl,974,12,52
bul_Cyrl,974,13,13
bul_Cyrl,974,14,47
bul_Cyrl,974,15,13
bul_Cyrl,974,16,13
bul_Cyrl,974,17,13
bul_Cyrl,974,18,13
bul_Cyrl,974,19,13
bul_Cyrl,974,20,13
bul_Cyrl,974,21,13
bul_Cyrl,974,22,13
bul_Cyrl,975,0,60
bul_Cyrl,975,1,18
bul_Cyrl,975,2,13
bul_Cyrl,975,3,40
bul_Cyrl,975,4,42
bul_Cyrl,975,5,13
bul_Cyrl,975,6,49
eng_Latn,976,0,60
eng_Latn,976,1,9
eng_Latn,976,2,40
eng_Latn,976,3,61
eng_Latn,976,4,33
eng_Latn,976,5,15
eng_Latn,976,6,26
eng_Latn,976,7,61
eng_Latn,976,8,1
eng_Latn,976,9,47
eng_Latn,976,10,33
eng_Latn,976,11,61
bul_Cyrl,977,0,60
bul_Cyrl,977,1,13
bul_Cyrl,977,2,13
bul_Cyrl,977,3,13
bul_Cyrl,977,4,19
bul_Cyrl,977,5,26
bul_Cyrl,977,6,13
bul_Cyrl,977,7,13
bul_Cyrl,977,8,13
bul_Cyrl,977,9,13
bul_Cyrl,977,10,13
bul_Cyrl,977,11,13
bul_Cyrl,977,12,40
bul_Cyrl,977,13,52
bul_Cyrl,977,14,13
bul_Cyrl,977,15,52
bul_Cyrl,977,16,52
bul_Cyrl,977,17,52
bul_Cyrl,978,0,60
bul_Cyrl,978,1,13
bul_Cyrl,978,2,13
bul_Cyrl,978,3,13
bul_Cyrl,978,4,13
bul_Cyrl,978,5,13
bul_Cyrl,978,6,13
bul_Cyrl,978,7,13
bul_Cyrl,978,8,13
bul_Cyrl,978,9,13
bul_Cyrl,979,0,60
bul_Cyrl,979,1,13
bul_Cyrl,979,2,13
bul_Cyrl,979,3,13
bul_Cyrl,979,4,13
bul_Cyrl,979,5,11
bul_Cyrl,979,6,39
bul_Cyrl,979,7,39
bul_Cyrl,980,0,60
bul_Cyrl,980,1,13
bul_Cyrl,980,2,13
bul_Cyrl,980,3,13
bul_Cyrl,980,4,13
bul_Cyrl,980,5,13
bul_Cyrl,980,6,13
bul_Cyrl,980,7,13
bul_Cyrl,980,8,13
bul_Cyrl,980,9,13
bul_Cyrl,980,10,13
bul_Cyrl,980,11,13
bul_Cyrl,980,12,13
bul_Cyrl,980,13,13
bul_Cyrl,980,14,13
bul_Cyrl,980,15,13
bul_Cyrl,981,0,60
bul_Cyrl,981,1,13
bul_Cyrl,981,2,13
bul_Cyrl,981,3,13
bul_Cyrl,981,4,13
bul_Cyrl,981,5,13
bul_Cyrl,981,6,13
bul_Cyrl,981,7,13
bul_Cyrl,981,8,13
bul_Cyrl,981,9,13
bul_Cyrl,981,10,13
bul_Cyrl,981,11,13
bul_Cyrl,981,12,13
bul_Cyrl,981,13,13
bul_Cyrl,981,14,52
bul_Cyrl,982,0,60
bul_Cyrl,982,1,13
bul_Cyrl,982,2,13
bul_Cyrl,982,3,13
bul_Cyrl,982,4,13
bul_Cyrl,982,5,13
bul_Cyrl,982,6,13
bul_Cyrl,982,7,13
bul_Cyrl,982,8,13
bul_Cyrl,982,9,13
bul_Cyrl,982,10,13
bul_Cyrl,982,11,13
bul_Cyrl,982,12,13
bul_Cyrl,982,13,13
bul_Cyrl,982,14,13
bul_Cyrl,982,15,13
bul_Cyrl,982,16,13
bul_Cyrl,982,17,13
bul_Cyrl,982,18,13
bul_Cyrl,982,19,13
bul_Cyrl,982,20,13
bul_Cyrl,982,21,13
bul_Cyrl,982,22,13
bul_Cyrl,982,23,13
bul_Cyrl,982,24,13
bul_Cyrl,982,25,13
eng_Latn,983,0,60
eng_Latn,983,1,12
eng_Latn,983,2,1
eng_Latn,983,3,13
eng_Latn,983,4,7
eng_Latn,983,5,33
eng_Latn,983,6,33
eng_Latn,983,7,33
eng_Latn,983,8,47
eng_Latn,983,9,19
eng_Latn,983,10,33
eng_Latn,983,11,33
eng_Latn,983,12,1
bul_Cyrl,984,0,60
bul_Cyrl,984,1,13
bul_Cyrl,984,2,13
bul_Cyrl,984,3,13
bul_Cyrl,984,4,13
bul_Cyrl,984,5,13
bul_Cyrl,984,6,13
bul_Cyrl,984,7,13
bul_Cyrl,984,8,13
bul_Cyrl,984,9,13
bul_Cyrl,984,10,13
bul_Cyrl,984,11,13
bul_Cyrl,984,12,13
bul_Cyrl,984,13,13
bul_Cyrl,984,14,13
bul_Cyrl,984,15,13
bul_Cyrl,984,16,13
bul_Cyrl,984,17,13
bul_Cyrl,984,18,13
bul_Cyrl,984,19,13
bul_Cyrl,984,20,13
bul_Cyrl,984,21,47
bul_Cyrl,984,22,13
bul_Cyrl,984,23,13
bul_Cyrl,985,0,60
bul_Cyrl,985,1,13
bul_Cyrl,985,2,13
bul_Cyrl,985,3,13
bul_Cyrl,985,4,13
bul_Cyrl,985,5,13
bul_Cyrl,985,6,13
bul_Cyrl,985,7,13
bul_Cyrl,985,8,13
bul_Cyrl,985,9,13
bul_Cyrl,985,10,13
bul_Cyrl,985,11,13
bul_Cyrl,985,12,13
bul_Cyrl,985,13,13
bul_Cyrl,985,14,13
bul_Cyrl,985,15,13
bul_Cyrl,985,16,13
bul_Cyrl,985,17,13
bul_Cyrl,985,18,13
bul_Cyrl,985,19,13
bul_Cyrl,985,20,13
bul_Cyrl,986,0,60
bul_Cyrl,986,1,13
bul_Cyrl,986,2,13
bul_Cyrl,986,3,13
bul_Cyrl,986,4,13
bul_Cyrl,986,5,13
bul_Cyrl,986,6,13
bul_Cyrl,986,7,13
bul_Cyrl,986,8,13
bul_Cyrl,986,9,13
bul_Cyrl,987,0,60
bul_Cyrl,987,1,13
bul_Cyrl,987,2,13
bul_Cyrl,987,3,19
bul_Cyrl,987,4,13
bul_Cyrl,987,5,13
bul_Cyrl,987,6,13
bul_Cyrl,987,7,13
bul_Cyrl,987,8,13
bul_Cyrl,987,9,13
bul_Cyrl,987,10,13
bul_Cyrl,987,11,13
bul_Cyrl,987,12,13
bul_Cyrl,987,13,13
bul_Cyrl,987,14,13
bul_Cyrl,987,15,13
bul_Cyrl,987,16,13
bul_Cyrl,987,17,13
bul_Cyrl,987,18,13
bul_Cyrl,987,19,13
bul_Cyrl,987,20,13
bul_Cyrl,987,21,13
bul_Cyrl,987,22,13
bul_Cyrl,987,23,13
bul_Cyrl,987,24,13
bul_Cyrl,988,0,60
bul_Cyrl,988,1,12
bul_Cyrl,988,2,13
bul_Cyrl,988,3,13
bul_Cyrl,988,4,13
bul_Cyrl,988,5,13
bul_Cyrl,988,6,13
bul_Cyrl,988,7,13
bul_Cyrl,988,8,13
bul_Cyrl,988,9,13
bul_Cyrl,988,10,13
bul_Cyrl,988,11,13
bul_Cyrl,988,12,13
bul_Cyrl,988,13,13
bul_Cyrl,988,14,13
bul_Cyrl,988,15,13
bul_Cyrl,988,16,13
bul_Cyrl,988,17,13
bul_Cyrl,988,18,13
bul_Cyrl,988,19,34
eng_Latn,989,0,60
eng_Latn,989,1,16
eng_Latn,989,2,54
eng_Latn,989,3,46
eng_Latn,989,4,5
eng_Latn,989,5,18
eng_Latn,989,6,56
eng_Latn,989,7,46
eng_Latn,989,8,5
eng_Latn,989,9,16
eng_Latn,989,10,56
eng_Latn,989,11,1
bul_Cyrl,990,0,60
bul_Cyrl,990,1,13
bul_Cyrl,990,2,13
bul_Cyrl,990,3,13
bul_Cyrl,990,4,13
bul_Cyrl,990,5,13
bul_Cyrl,990,6,13
bul_Cyrl,990,7,13
bul_Cyrl,990,8,13
bul_Cyrl,990,9,13
bul_Cyrl,990,10,13
bul_Cyrl,990,11,13
bul_Cyrl,990,12,13
bul_Cyrl,990,13,13
bul_Cyrl,990,14,13
bul_Cyrl,990,15,13
bul_Cyrl,990,16,13
bul_Cyrl,990,17,13
bul_Cyrl,990,18,13
bul_Cyrl,991,0,60
bul_Cyrl,991,1,13
bul_Cyrl,991,2,13
bul_Cyrl,991,3,13
bul_Cyrl,991,4,13
bul_Cyrl,991,5,13
bul_Cyrl,991,6,13
bul_Cyrl,991,7,13
bul_Cyrl,991,8,13
bul_Cyrl,991,9,13
bul_Cyrl,991,10,13
bul_Cyrl,991,11,13
bul_Cyrl,991,12,13
bul_Cyrl,991,13,13
bul_Cyrl,991,14,13
bul_Cyrl,991,15,13
bul_Cyrl,991,16,13
bul_Cyrl,991,17,13
bul_Cyrl,991,18,13
bul_Cyrl,991,19,13
bul_Cyrl,991,20,13
bul_Cyrl,991,21,13
bul_Cyrl,991,22,13
bul_Cyrl,991,23,13
bul_Cyrl,991,24,13
bul_Cyrl,991,25,13
bul_Cyrl,991,26,13
eng_Latn,992,0,60
eng_Latn,992,1,9
eng_Latn,992,2,56
eng_Latn,992,3,35
eng_Latn,992,4,35
eng_Latn,992,5,57
eng_Latn,992,6,23
eng_Latn,992,7,46
eng_Latn,993,0,60
eng_Latn,993,1,9
eng_Latn,993,2,56
eng_Latn,993,3,41
eng_Latn,993,4,17
eng_Latn,993,5,20
eng_Latn,993,6,57
eng_Latn,993,7,15
eng_Latn,993,8,16
eng_Latn,993,9,8
eng_Latn,993,10,8
eng_Latn,993,11,15
bul_Cyrl,994,0,60
bul_Cyrl,994,1,13
bul_Cyrl,994,2,13
bul_Cyrl,994,3,13
bul_Cyrl,994,4,13
bul_Cyrl,994,5,13
bul_Cyrl,994,6,13
bul_Cyrl,994,7,13
bul_Cyrl,994,8,13
bul_Cyrl,994,9,13
bul_Cyrl,994,10,13
bul_Cyrl,994,11,61
bul_Cyrl,994,12,13
bul_Cyrl,994,13,13
bul_Cyrl,994,14,13
bul_Cyrl,994,15,13
bul_Cyrl,994,16,13
bul_Cyrl,994,17,13
bul_Cyrl,994,18,13
bul_Cyrl,994,19,13
bul_Cyrl,994,20,13
bul_Cyrl,994,21,13
bul_Cyrl,994,22,13
bul_Cyrl,995,0,60
bul_Cyrl,995,1,13
bul_Cyrl,995,2,47
bul_Cyrl,995,3,13
bul_Cyrl,995,4,13
bul_Cyrl,995,5,13
bul_Cyrl,995,6,13
bul_Cyrl,995,7,13
bul_Cyrl,995,8,13
bul_Cyrl,995,9,13
bul_Cyrl,995,10,13
bul_Cyrl,995,11,13
bul_Cyrl,995,12,13
bul_Cyrl,995,13,13
bul_Cyrl,995,14,13
bul_Cyrl,995,15,13
bul_Cyrl,995,16,13
bul_Cyrl,995,17,13
bul_Cyrl,995,18,13
bul_Cyrl,996,0,60
bul_Cyrl,996,1,13
bul_Cyrl,996,2,13
bul_Cyrl,996,3,26
bul_Cyrl,996,4,27
bul_Cyrl,996,5,26
bul_Cyrl,996,6,13
bul_Cyrl,996,7,13
bul_Cyrl,996,8,13
bul_Cyrl,997,0,60
bul_Cyrl,997,1,13
bul_Cyrl,997,2,13
bul_Cyrl,997,3,13
bul_Cyrl,997,4,13
bul_Cyrl,997,5,13
bul_Cyrl,997,6,13
bul_Cyrl,997,7,13
bul_Cyrl,997,8,13
bul_Cyrl,997,9,13
bul_Cyrl,997,10,13
bul_Cyrl,997,11,13
bul_Cyrl,997,12,13
bul_Cyrl,997,13,13
bul_Cyrl,997,14,13
bul_Cyrl,997,15,13
bul_Cyrl,997,16,52
bul_Cyrl,997,17,13
bul_Cyrl,997,18,13
bul_Cyrl,997,19,13
bul_Cyrl,997,20,13
bul_Cyrl,997,21,13
bul_Cyrl,997,22,13
bul_Cyrl,997,23,13
eng_Latn,998,0,60
eng_Latn,998,1,1
eng_Latn,998,2,37
eng_Latn,998,3,37
eng_Latn,998,4,37
eng_Latn,998,5,49
eng_Latn,999,0,60
eng_Latn,999,1,22
eng_Latn,999,2,47
eng_Latn,999,3,40
eng_Latn,999,4,49
