lang,sentence_id,token_idx,expert_id
jpn_Jpan,0,0,60
jpn_Jpan,0,1,52
jpn_Jpan,0,2,52
jpn_Jpan,0,3,9
jpn_Jpan,0,4,47
jpn_Jpan,0,5,19
jpn_Jpan,0,6,19
jpn_Jpan,0,7,13
jpn_Jpan,0,8,13
jpn_Jpan,0,9,24
jpn_Jpan,0,10,13
jpn_Jpan,0,11,39
jpn_Jpan,0,12,61
jpn_Jpan,0,13,19
jpn_Jpan,0,14,13
jpn_Jpan,0,15,61
jpn_Jpan,0,16,13
jpn_Jpan,0,17,19
jpn_Jpan,0,18,13
jpn_Jpan,0,19,13
jpn_Jpan,0,20,13
jpn_Jpan,0,21,13
jpn_Jpan,0,22,13
jpn_Jpan,0,23,19
jpn_Jpan,0,24,34
jpn_Jpan,1,0,60
jpn_Jpan,1,1,13
jpn_Jpan,1,2,52
jpn_Jpan,1,3,52
jpn_Jpan,1,4,52
jpn_Jpan,1,5,13
jpn_Jpan,1,6,13
jpn_Jpan,1,7,7
jpn_Jpan,1,8,9
jpn_Jpan,1,9,11
jpn_Jpan,1,10,13
jpn_Jpan,1,11,52
jpn_Jpan,1,12,13
jpn_Jpan,1,13,61
jpn_Jpan,1,14,13
jpn_Jpan,1,15,24
jpn_Jpan,1,16,52
jpn_Jpan,1,17,1
jpn_Jpan,1,18,52
jpn_Jpan,1,19,13
jpn_Jpan,1,20,24
jpn_Jpan,1,21,13
jpn_Jpan,1,22,1
jpn_Jpan,1,23,13
jpn_Jpan,1,24,12
jpn_Jpan,1,25,13
jpn_Jpan,1,26,13
jpn_Jpan,1,27,13
jpn_Jpan,1,28,13
jpn_Jpan,1,29,19
jpn_Jpan,1,30,13
jpn_Jpan,1,31,24
jpn_Jpan,1,32,13
jpn_Jpan,1,33,19
jpn_Jpan,1,34,13
jpn_Jpan,1,35,34
jpn_Jpan,2,0,60
jpn_Jpan,2,1,28
jpn_Jpan,2,2,24
jpn_Jpan,2,3,47
jpn_Jpan,2,4,19
jpn_Jpan,2,5,19
jpn_Jpan,2,6,39
jpn_Jpan,2,7,39
jpn_Jpan,2,8,13
jpn_Jpan,2,9,24
jpn_Jpan,2,10,34
jpn_Jpan,3,0,60
jpn_Jpan,3,1,28
jpn_Jpan,3,2,24
jpn_Jpan,3,3,19
jpn_Jpan,3,4,13
jpn_Jpan,3,5,19
jpn_Jpan,3,6,13
jpn_Jpan,3,7,24
jpn_Jpan,3,8,36
jpn_Jpan,3,9,24
jpn_Jpan,3,10,13
jpn_Jpan,3,11,19
jpn_Jpan,3,12,36
jpn_Jpan,3,13,24
jpn_Jpan,3,14,24
jpn_Jpan,3,15,52
jpn_Jpan,3,16,19
jpn_Jpan,3,17,37
jpn_Jpan,3,18,24
jpn_Jpan,3,19,47
jpn_Jpan,3,20,13
jpn_Jpan,3,21,34
jpn_Jpan,3,22,13
jpn_Jpan,3,23,34
jpn_Jpan,3,24,24
jpn_Jpan,3,25,40
jpn_Jpan,3,26,36
jpn_Jpan,3,27,52
jpn_Jpan,3,28,36
jpn_Jpan,3,29,28
jpn_Jpan,3,30,34
jpn_Jpan,3,31,13
jpn_Jpan,3,32,34
jpn_Jpan,3,33,13
jpn_Jpan,3,34,47
jpn_Jpan,3,35,13
jpn_Jpan,3,36,34
jpn_Jpan,3,37,34
jpn_Jpan,4,0,60
jpn_Jpan,4,1,9
jpn_Jpan,4,2,19
jpn_Jpan,4,3,19
jpn_Jpan,4,4,7
jpn_Jpan,4,5,36
jpn_Jpan,4,6,19
jpn_Jpan,4,7,19
jpn_Jpan,4,8,13
jpn_Jpan,4,9,47
jpn_Jpan,4,10,36
jpn_Jpan,4,11,24
jpn_Jpan,4,12,36
jpn_Jpan,4,13,24
jpn_Jpan,4,14,24
jpn_Jpan,4,15,34
jpn_Jpan,5,0,60
jpn_Jpan,5,1,61
jpn_Jpan,5,2,19
jpn_Jpan,5,3,13
jpn_Jpan,5,4,19
jpn_Jpan,5,5,13
jpn_Jpan,5,6,13
jpn_Jpan,5,7,13
jpn_Jpan,5,8,13
jpn_Jpan,5,9,39
jpn_Jpan,5,10,13
jpn_Jpan,5,11,12
jpn_Jpan,5,12,58
jpn_Jpan,5,13,12
jpn_Jpan,5,14,61
jpn_Jpan,6,0,60
jpn_Jpan,6,1,13
jpn_Jpan,6,2,13
jpn_Jpan,6,3,13
jpn_Jpan,6,4,24
jpn_Jpan,6,5,47
jpn_Jpan,6,6,13
jpn_Jpan,6,7,47
jpn_Jpan,6,8,34
jpn_Jpan,6,9,13
jpn_Jpan,6,10,13
jpn_Jpan,6,11,34
jpn_Jpan,6,12,24
jpn_Jpan,6,13,13
jpn_Jpan,6,14,13
jpn_Jpan,6,15,13
jpn_Jpan,6,16,13
jpn_Jpan,6,17,13
jpn_Jpan,6,18,13
jpn_Jpan,6,19,39
jpn_Jpan,6,20,13
jpn_Jpan,6,21,13
jpn_Jpan,6,22,13
jpn_Jpan,6,23,47
jpn_Jpan,6,24,13
jpn_Jpan,6,25,34
jpn_Jpan,6,26,19
jpn_Jpan,6,27,13
jpn_Jpan,6,28,34
eng_Latn,7,0,60
eng_Latn,7,1,40
eng_Latn,7,2,40
eng_Latn,7,3,59
eng_Latn,7,4,19
eng_Latn,7,5,48
eng_Latn,7,6,62
eng_Latn,7,7,46
eng_Latn,7,8,57
eng_Latn,7,9,62
jpn_Jpan,8,0,60
jpn_Jpan,8,1,24
jpn_Jpan,8,2,52
jpn_Jpan,8,3,24
jpn_Jpan,8,4,52
jpn_Jpan,8,5,52
jpn_Jpan,8,6,13
jpn_Jpan,8,7,52
jpn_Jpan,8,8,13
jpn_Jpan,8,9,52
jpn_Jpan,8,10,12
jpn_Jpan,8,11,13
jpn_Jpan,8,12,52
jpn_Jpan,8,13,13
jpn_Jpan,8,14,11
jpn_Jpan,8,15,52
jpn_Jpan,8,16,36
jpn_Jpan,8,17,36
jpn_Jpan,8,18,24
jpn_Jpan,8,19,19
jpn_Jpan,8,20,13
jpn_Jpan,8,21,36
jpn_Jpan,8,22,24
jpn_Jpan,8,23,39
jpn_Jpan,8,24,47
jpn_Jpan,8,25,13
jpn_Jpan,8,26,1
jpn_Jpan,8,27,11
jpn_Jpan,8,28,61
jpn_Jpan,8,29,61
jpn_Jpan,8,30,61
jpn_Jpan,8,31,13
jpn_Jpan,8,32,13
jpn_Jpan,8,33,13
jpn_Jpan,8,34,13
jpn_Jpan,8,35,34
jpn_Jpan,9,0,60
jpn_Jpan,9,1,39
jpn_Jpan,9,2,49
jpn_Jpan,9,3,57
jpn_Jpan,9,4,49
eng_Latn,10,0,60
eng_Latn,10,1,22
eng_Latn,10,2,51
eng_Latn,10,3,46
eng_Latn,10,4,45
eng_Latn,10,5,46
eng_Latn,10,6,45
eng_Latn,10,7,51
jpn_Jpan,11,0,60
jpn_Jpan,11,1,19
jpn_Jpan,11,2,13
jpn_Jpan,11,3,47
jpn_Jpan,11,4,13
jpn_Jpan,11,5,13
jpn_Jpan,11,6,26
jpn_Jpan,11,7,47
jpn_Jpan,11,8,8
jpn_Jpan,11,9,19
jpn_Jpan,11,10,39
jpn_Jpan,11,11,19
jpn_Jpan,11,12,13
jpn_Jpan,11,13,19
jpn_Jpan,11,14,13
jpn_Jpan,11,15,11
jpn_Jpan,11,16,9
jpn_Jpan,11,17,24
jpn_Jpan,11,18,13
jpn_Jpan,11,19,13
jpn_Jpan,11,20,19
jpn_Jpan,11,21,13
jpn_Jpan,11,22,39
jpn_Jpan,11,23,13
jpn_Jpan,11,24,13
jpn_Jpan,11,25,26
jpn_Jpan,11,26,19
jpn_Jpan,11,27,13
jpn_Jpan,11,28,19
jpn_Jpan,11,29,13
jpn_Jpan,11,30,9
jpn_Jpan,11,31,8
jpn_Jpan,11,32,12
jpn_Jpan,11,33,58
jpn_Jpan,11,34,12
jpn_Jpan,11,35,60
eng_Latn,12,0,60
eng_Latn,12,1,19
eng_Latn,12,2,40
eng_Latn,12,3,18
eng_Latn,12,4,14
eng_Latn,12,5,38
eng_Latn,12,6,40
eng_Latn,12,7,46
eng_Latn,12,8,47
eng_Latn,12,9,15
eng_Latn,12,10,12
eng_Latn,12,11,11
eng_Latn,12,12,19
eng_Latn,12,13,22
eng_Latn,13,0,60
eng_Latn,13,1,23
eng_Latn,13,2,56
eng_Latn,13,3,57
eng_Latn,13,4,54
eng_Latn,13,5,35
eng_Latn,13,6,38
eng_Latn,13,7,57
jpn_Jpan,14,0,60
jpn_Jpan,14,1,13
jpn_Jpan,14,2,24
jpn_Jpan,14,3,1
jpn_Jpan,14,4,13
jpn_Jpan,14,5,39
jpn_Jpan,14,6,13
jpn_Jpan,14,7,24
jpn_Jpan,14,8,26
jpn_Jpan,14,9,47
jpn_Jpan,14,10,13
jpn_Jpan,14,11,13
jpn_Jpan,14,12,24
jpn_Jpan,14,13,19
jpn_Jpan,14,14,13
jpn_Jpan,14,15,61
jpn_Jpan,14,16,13
jpn_Jpan,14,17,19
jpn_Jpan,14,18,13
jpn_Jpan,14,19,24
jpn_Jpan,14,20,13
jpn_Jpan,14,21,19
jpn_Jpan,14,22,13
jpn_Jpan,14,23,24
jpn_Jpan,14,24,13
jpn_Jpan,14,25,36
jpn_Jpan,14,26,34
jpn_Jpan,15,0,60
jpn_Jpan,15,1,1
jpn_Jpan,15,2,29
jpn_Jpan,15,3,36
jpn_Jpan,15,4,24
jpn_Jpan,15,5,19
jpn_Jpan,15,6,13
jpn_Jpan,15,7,13
jpn_Jpan,15,8,47
jpn_Jpan,15,9,19
jpn_Jpan,15,10,13
jpn_Jpan,15,11,24
jpn_Jpan,15,12,13
jpn_Jpan,15,13,34
jpn_Jpan,15,14,13
jpn_Jpan,15,15,24
jpn_Jpan,15,16,13
jpn_Jpan,15,17,36
jpn_Jpan,15,18,24
jpn_Jpan,15,19,52
eng_Latn,16,0,60
eng_Latn,16,1,22
eng_Latn,16,2,41
eng_Latn,16,3,34
jpn_Jpan,17,0,60
jpn_Jpan,17,1,24
jpn_Jpan,17,2,13
jpn_Jpan,17,3,13
jpn_Jpan,17,4,36
jpn_Jpan,17,5,13
jpn_Jpan,17,6,36
jpn_Jpan,17,7,13
jpn_Jpan,17,8,13
jpn_Jpan,17,9,19
jpn_Jpan,17,10,36
jpn_Jpan,17,11,40
jpn_Jpan,17,12,7
jpn_Jpan,17,13,36
jpn_Jpan,17,14,24
jpn_Jpan,17,15,13
jpn_Jpan,17,16,19
jpn_Jpan,17,17,36
jpn_Jpan,17,18,47
jpn_Jpan,17,19,19
jpn_Jpan,17,20,13
jpn_Jpan,17,21,19
jpn_Jpan,17,22,13
jpn_Jpan,17,23,13
jpn_Jpan,17,24,24
jpn_Jpan,18,0,60
jpn_Jpan,18,1,60
jpn_Jpan,18,2,7
jpn_Jpan,18,3,13
jpn_Jpan,18,4,36
jpn_Jpan,18,5,1
jpn_Jpan,18,6,33
jpn_Jpan,18,7,1
jpn_Jpan,18,8,36
jpn_Jpan,18,9,24
jpn_Jpan,18,10,52
jpn_Jpan,18,11,36
jpn_Jpan,18,12,36
jpn_Jpan,18,13,1
jpn_Jpan,18,14,33
jpn_Jpan,18,15,1
jpn_Jpan,18,16,36
jpn_Jpan,18,17,24
jpn_Jpan,18,18,52
jpn_Jpan,18,19,36
jpn_Jpan,18,20,24
jpn_Jpan,18,21,47
jpn_Jpan,18,22,13
jpn_Jpan,18,23,1
jpn_Jpan,18,24,19
jpn_Jpan,18,25,13
jpn_Jpan,18,26,34
jpn_Jpan,19,0,60
jpn_Jpan,19,1,13
jpn_Jpan,19,2,39
jpn_Jpan,19,3,13
jpn_Jpan,19,4,39
jpn_Jpan,19,5,13
jpn_Jpan,19,6,24
jpn_Jpan,19,7,13
jpn_Jpan,19,8,47
jpn_Jpan,19,9,47
jpn_Jpan,19,10,47
jpn_Jpan,19,11,13
jpn_Jpan,19,12,13
jpn_Jpan,19,13,19
jpn_Jpan,19,14,13
jpn_Jpan,19,15,61
jpn_Jpan,19,16,19
jpn_Jpan,19,17,7
jpn_Jpan,19,18,24
jpn_Jpan,19,19,13
jpn_Jpan,19,20,13
jpn_Jpan,19,21,19
jpn_Jpan,19,22,13
jpn_Jpan,19,23,24
jpn_Jpan,19,24,24
jpn_Jpan,19,25,13
jpn_Jpan,19,26,47
jpn_Jpan,19,27,19
jpn_Jpan,19,28,13
jpn_Jpan,19,29,61
jpn_Jpan,19,30,13
jpn_Jpan,19,31,24
jpn_Jpan,19,32,13
jpn_Jpan,19,33,24
jpn_Jpan,19,34,19
jpn_Jpan,19,35,13
jpn_Jpan,19,36,24
jpn_Jpan,19,37,47
jpn_Jpan,19,38,19
jpn_Jpan,19,39,13
jpn_Jpan,19,40,13
jpn_Jpan,19,41,13
jpn_Jpan,19,42,13
jpn_Jpan,19,43,61
jpn_Jpan,19,44,13
jpn_Jpan,19,45,19
jpn_Jpan,19,46,13
eng_Latn,20,0,60
eng_Latn,20,1,48
eng_Latn,20,2,18
eng_Latn,20,3,18
eng_Latn,20,4,63
eng_Latn,20,5,30
eng_Latn,20,6,30
eng_Latn,20,7,33
jpn_Jpan,21,0,60
jpn_Jpan,21,1,19
jpn_Jpan,21,2,36
jpn_Jpan,21,3,1
jpn_Jpan,21,4,36
jpn_Jpan,21,5,13
jpn_Jpan,21,6,13
jpn_Jpan,21,7,24
jpn_Jpan,21,8,13
jpn_Jpan,21,9,13
jpn_Jpan,21,10,61
jpn_Jpan,21,11,13
jpn_Jpan,21,12,13
jpn_Jpan,21,13,13
jpn_Jpan,21,14,39
jpn_Jpan,21,15,19
jpn_Jpan,21,16,13
jpn_Jpan,21,17,24
jpn_Jpan,21,18,61
jpn_Jpan,21,19,13
jpn_Jpan,21,20,13
jpn_Jpan,21,21,13
jpn_Jpan,21,22,13
jpn_Jpan,21,23,24
jpn_Jpan,21,24,13
jpn_Jpan,21,25,13
jpn_Jpan,21,26,47
jpn_Jpan,21,27,19
jpn_Jpan,21,28,13
jpn_Jpan,21,29,24
jpn_Jpan,21,30,47
jpn_Jpan,21,31,36
jpn_Jpan,21,32,19
jpn_Jpan,21,33,34
jpn_Jpan,21,34,13
jpn_Jpan,22,0,60
jpn_Jpan,22,1,47
jpn_Jpan,22,2,39
jpn_Jpan,22,3,13
jpn_Jpan,22,4,47
jpn_Jpan,22,5,13
jpn_Jpan,22,6,24
jpn_Jpan,22,7,19
jpn_Jpan,22,8,13
jpn_Jpan,22,9,13
jpn_Jpan,22,10,13
jpn_Jpan,22,11,47
jpn_Jpan,22,12,13
jpn_Jpan,22,13,24
jpn_Jpan,22,14,13
jpn_Jpan,22,15,13
jpn_Jpan,22,16,13
jpn_Jpan,22,17,24
jpn_Jpan,22,18,13
jpn_Jpan,22,19,13
jpn_Jpan,22,20,47
jpn_Jpan,22,21,13
jpn_Jpan,22,22,34
jpn_Jpan,22,23,24
jpn_Jpan,22,24,24
jpn_Jpan,22,25,13
jpn_Jpan,22,26,19
jpn_Jpan,22,27,13
jpn_Jpan,22,28,13
jpn_Jpan,22,29,47
jpn_Jpan,22,30,13
jpn_Jpan,22,31,24
jpn_Jpan,22,32,47
jpn_Jpan,22,33,13
jpn_Jpan,22,34,13
jpn_Jpan,22,35,24
jpn_Jpan,22,36,13
jpn_Jpan,22,37,24
jpn_Jpan,22,38,13
jpn_Jpan,22,39,34
jpn_Jpan,23,0,60
jpn_Jpan,23,1,13
jpn_Jpan,23,2,47
jpn_Jpan,23,3,39
jpn_Jpan,23,4,13
jpn_Jpan,23,5,13
jpn_Jpan,23,6,13
jpn_Jpan,23,7,13
jpn_Jpan,23,8,13
jpn_Jpan,23,9,9
jpn_Jpan,23,10,24
jpn_Jpan,23,11,13
jpn_Jpan,23,12,13
jpn_Jpan,23,13,13
jpn_Jpan,23,14,13
jpn_Jpan,24,0,60
jpn_Jpan,24,1,13
jpn_Jpan,24,2,36
jpn_Jpan,24,3,47
jpn_Jpan,24,4,13
jpn_Jpan,24,5,24
jpn_Jpan,24,6,61
jpn_Jpan,24,7,13
jpn_Jpan,24,8,24
jpn_Jpan,24,9,47
jpn_Jpan,24,10,36
jpn_Jpan,24,11,24
jpn_Jpan,24,12,47
jpn_Jpan,24,13,13
jpn_Jpan,24,14,24
jpn_Jpan,24,15,52
jpn_Jpan,24,16,52
jpn_Jpan,24,17,47
jpn_Jpan,24,18,13
jpn_Jpan,24,19,19
jpn_Jpan,24,20,13
jpn_Jpan,24,21,13
jpn_Jpan,24,22,24
jpn_Jpan,24,23,24
jpn_Jpan,24,24,52
jpn_Jpan,24,25,13
jpn_Jpan,24,26,24
jpn_Jpan,24,27,19
jpn_Jpan,24,28,13
jpn_Jpan,24,29,39
jpn_Jpan,24,30,24
jpn_Jpan,24,31,13
jpn_Jpan,24,32,13
jpn_Jpan,24,33,13
jpn_Jpan,24,34,24
jpn_Jpan,24,35,61
jpn_Jpan,24,36,13
jpn_Jpan,24,37,61
jpn_Jpan,24,38,13
jpn_Jpan,24,39,24
jpn_Jpan,24,40,61
jpn_Jpan,24,41,13
jpn_Jpan,24,42,24
jpn_Jpan,24,43,13
jpn_Jpan,24,44,34
jpn_Jpan,24,45,4
jpn_Jpan,24,46,34
jpn_Jpan,25,0,60
jpn_Jpan,25,1,13
jpn_Jpan,25,2,13
jpn_Jpan,25,3,13
jpn_Jpan,25,4,13
jpn_Jpan,25,5,47
jpn_Jpan,25,6,13
jpn_Jpan,25,7,13
jpn_Jpan,25,8,19
jpn_Jpan,25,9,34
jpn_Jpan,25,10,13
jpn_Jpan,25,11,13
jpn_Jpan,25,12,61
jpn_Jpan,25,13,13
jpn_Jpan,25,14,13
jpn_Jpan,25,15,24
jpn_Jpan,25,16,24
jpn_Jpan,25,17,47
jpn_Jpan,25,18,13
jpn_Jpan,25,19,13
jpn_Jpan,25,20,13
jpn_Jpan,25,21,19
jpn_Jpan,25,22,13
jpn_Jpan,25,23,19
jpn_Jpan,25,24,13
jpn_Jpan,25,25,13
jpn_Jpan,25,26,1
jpn_Jpan,25,27,52
jpn_Jpan,25,28,52
jpn_Jpan,25,29,52
jpn_Jpan,25,30,19
jpn_Jpan,25,31,13
jpn_Jpan,25,32,13
jpn_Jpan,25,33,13
eng_Latn,26,0,60
eng_Latn,26,1,51
eng_Latn,26,2,18
eng_Latn,26,3,18
eng_Latn,26,4,21
eng_Latn,26,5,16
eng_Latn,26,6,54
eng_Latn,26,7,52
eng_Latn,26,8,52
eng_Latn,26,9,52
eng_Latn,26,10,37
eng_Latn,26,11,49
jpn_Jpan,27,0,60
jpn_Jpan,27,1,36
jpn_Jpan,27,2,19
jpn_Jpan,27,3,13
jpn_Jpan,27,4,47
jpn_Jpan,27,5,24
jpn_Jpan,27,6,13
jpn_Jpan,27,7,36
jpn_Jpan,27,8,24
jpn_Jpan,27,9,52
jpn_Jpan,27,10,19
jpn_Jpan,27,11,13
jpn_Jpan,27,12,24
jpn_Jpan,27,13,13
jpn_Jpan,27,14,13
jpn_Jpan,27,15,19
jpn_Jpan,27,16,13
jpn_Jpan,27,17,47
jpn_Jpan,27,18,36
jpn_Jpan,27,19,24
jpn_Jpan,27,20,52
jpn_Jpan,27,21,19
jpn_Jpan,27,22,13
jpn_Jpan,27,23,24
jpn_Jpan,27,24,61
jpn_Jpan,27,25,13
jpn_Jpan,27,26,19
jpn_Jpan,27,27,34
jpn_Jpan,27,28,13
jpn_Jpan,27,29,24
jpn_Jpan,27,30,24
jpn_Jpan,27,31,24
jpn_Jpan,27,32,24
jpn_Jpan,27,33,19
jpn_Jpan,27,34,13
jpn_Jpan,27,35,19
jpn_Jpan,27,36,24
jpn_Jpan,27,37,24
jpn_Jpan,27,38,13
jpn_Jpan,27,39,39
jpn_Jpan,27,40,47
jpn_Jpan,27,41,34
jpn_Jpan,27,42,13
jpn_Jpan,27,43,34
jpn_Jpan,28,0,60
jpn_Jpan,28,1,13
jpn_Jpan,28,2,13
jpn_Jpan,28,3,13
jpn_Jpan,28,4,24
jpn_Jpan,28,5,13
jpn_Jpan,28,6,13
jpn_Jpan,28,7,36
jpn_Jpan,28,8,13
jpn_Jpan,28,9,36
jpn_Jpan,28,10,47
jpn_Jpan,28,11,19
jpn_Jpan,28,12,47
jpn_Jpan,28,13,19
jpn_Jpan,28,14,39
jpn_Jpan,28,15,39
jpn_Jpan,28,16,13
jpn_Jpan,28,17,1
jpn_Jpan,28,18,7
jpn_Jpan,28,19,36
jpn_Jpan,28,20,13
jpn_Jpan,28,21,24
eng_Latn,29,0,60
eng_Latn,29,1,37
eng_Latn,29,2,52
eng_Latn,29,3,57
eng_Latn,29,4,59
eng_Latn,29,5,50
eng_Latn,29,6,56
eng_Latn,29,7,35
eng_Latn,29,8,35
eng_Latn,29,9,8
eng_Latn,29,10,8
eng_Latn,29,11,48
eng_Latn,30,0,60
eng_Latn,30,1,40
eng_Latn,30,2,26
eng_Latn,30,3,47
eng_Latn,30,4,49
eng_Latn,30,5,5
eng_Latn,30,6,5
eng_Latn,30,7,40
eng_Latn,30,8,26
eng_Latn,31,0,60
eng_Latn,31,1,9
eng_Latn,31,2,27
eng_Latn,31,3,9
eng_Latn,31,4,56
eng_Latn,31,5,35
eng_Latn,31,6,17
eng_Latn,31,7,51
jpn_Jpan,32,0,60
jpn_Jpan,32,1,13
jpn_Jpan,32,2,24
jpn_Jpan,32,3,47
jpn_Jpan,32,4,19
jpn_Jpan,32,5,13
jpn_Jpan,32,6,39
jpn_Jpan,32,7,47
jpn_Jpan,32,8,39
jpn_Jpan,32,9,13
jpn_Jpan,32,10,24
jpn_Jpan,32,11,13
jpn_Jpan,32,12,34
jpn_Jpan,32,13,34
jpn_Jpan,33,0,60
jpn_Jpan,33,1,61
jpn_Jpan,33,2,13
jpn_Jpan,33,3,13
jpn_Jpan,33,4,13
jpn_Jpan,33,5,13
jpn_Jpan,33,6,61
jpn_Jpan,33,7,13
jpn_Jpan,33,8,13
jpn_Jpan,33,9,39
jpn_Jpan,33,10,24
jpn_Jpan,33,11,13
jpn_Jpan,33,12,36
jpn_Jpan,33,13,24
jpn_Jpan,33,14,24
jpn_Jpan,33,15,47
jpn_Jpan,33,16,19
jpn_Jpan,33,17,13
jpn_Jpan,33,18,24
jpn_Jpan,33,19,19
jpn_Jpan,33,20,36
jpn_Jpan,33,21,13
jpn_Jpan,33,22,13
jpn_Jpan,33,23,13
jpn_Jpan,33,24,36
jpn_Jpan,33,25,24
jpn_Jpan,33,26,13
jpn_Jpan,33,27,19
jpn_Jpan,33,28,13
jpn_Jpan,33,29,36
jpn_Jpan,33,30,19
jpn_Jpan,33,31,13
jpn_Jpan,33,32,13
jpn_Jpan,33,33,61
jpn_Jpan,33,34,13
jpn_Jpan,33,35,34
jpn_Jpan,33,36,13
jpn_Jpan,33,37,34
jpn_Jpan,33,38,61
jpn_Jpan,33,39,13
jpn_Jpan,33,40,13
jpn_Jpan,34,0,60
jpn_Jpan,34,1,36
jpn_Jpan,34,2,24
jpn_Jpan,34,3,24
jpn_Jpan,34,4,13
jpn_Jpan,34,5,24
jpn_Jpan,34,6,19
jpn_Jpan,34,7,13
jpn_Jpan,34,8,24
jpn_Jpan,34,9,19
jpn_Jpan,34,10,13
jpn_Jpan,34,11,19
jpn_Jpan,34,12,19
jpn_Jpan,34,13,36
jpn_Jpan,34,14,24
jpn_Jpan,34,15,47
jpn_Jpan,34,16,47
jpn_Jpan,34,17,13
jpn_Jpan,34,18,34
jpn_Jpan,34,19,13
jpn_Jpan,34,20,13
jpn_Jpan,34,21,13
jpn_Jpan,34,22,34
jpn_Jpan,34,23,61
jpn_Jpan,34,24,13
jpn_Jpan,34,25,51
jpn_Jpan,35,0,60
jpn_Jpan,35,1,52
jpn_Jpan,35,2,19
jpn_Jpan,35,3,24
jpn_Jpan,35,4,47
jpn_Jpan,35,5,47
jpn_Jpan,35,6,13
jpn_Jpan,35,7,13
jpn_Jpan,35,8,1
jpn_Jpan,35,9,52
jpn_Jpan,35,10,19
jpn_Jpan,35,11,13
jpn_Jpan,35,12,24
jpn_Jpan,35,13,24
jpn_Jpan,35,14,1
jpn_Jpan,35,15,13
jpn_Jpan,35,16,47
jpn_Jpan,35,17,13
jpn_Jpan,35,18,19
jpn_Jpan,35,19,13
jpn_Jpan,35,20,13
jpn_Jpan,35,21,13
jpn_Jpan,35,22,24
jpn_Jpan,35,23,19
jpn_Jpan,35,24,13
jpn_Jpan,35,25,34
eng_Latn,36,0,60
eng_Latn,36,1,22
eng_Latn,36,2,22
eng_Latn,36,3,22
eng_Latn,36,4,42
eng_Latn,36,5,29
eng_Latn,36,6,34
eng_Latn,36,7,9
eng_Latn,36,8,22
eng_Latn,36,9,51
jpn_Jpan,37,0,60
jpn_Jpan,37,1,19
jpn_Jpan,37,2,13
jpn_Jpan,37,3,47
jpn_Jpan,37,4,36
jpn_Jpan,37,5,47
jpn_Jpan,37,6,61
jpn_Jpan,37,7,36
jpn_Jpan,37,8,36
jpn_Jpan,37,9,36
jpn_Jpan,37,10,13
jpn_Jpan,37,11,47
jpn_Jpan,37,12,19
jpn_Jpan,37,13,13
jpn_Jpan,37,14,24
jpn_Jpan,37,15,13
jpn_Jpan,37,16,13
jpn_Jpan,37,17,61
jpn_Jpan,37,18,36
jpn_Jpan,37,19,13
jpn_Jpan,37,20,13
jpn_Jpan,37,21,13
jpn_Jpan,37,22,13
jpn_Jpan,37,23,13
jpn_Jpan,37,24,34
jpn_Jpan,37,25,13
eng_Latn,38,0,60
eng_Latn,38,1,9
eng_Latn,38,2,29
eng_Latn,38,3,54
eng_Latn,38,4,38
eng_Latn,38,5,46
eng_Latn,38,6,17
eng_Latn,38,7,17
eng_Latn,38,8,16
eng_Latn,38,9,16
eng_Latn,38,10,57
eng_Latn,38,11,34
jpn_Jpan,39,0,60
jpn_Jpan,39,1,13
jpn_Jpan,39,2,13
jpn_Jpan,39,3,13
jpn_Jpan,39,4,13
jpn_Jpan,39,5,47
jpn_Jpan,39,6,36
jpn_Jpan,39,7,13
jpn_Jpan,39,8,19
jpn_Jpan,39,9,13
jpn_Jpan,39,10,13
jpn_Jpan,39,11,13
jpn_Jpan,39,12,13
jpn_Jpan,39,13,13
jpn_Jpan,39,14,13
jpn_Jpan,39,15,13
jpn_Jpan,39,16,13
jpn_Jpan,39,17,13
jpn_Jpan,39,18,36
jpn_Jpan,39,19,13
jpn_Jpan,39,20,47
jpn_Jpan,39,21,13
jpn_Jpan,39,22,13
jpn_Jpan,39,23,24
jpn_Jpan,39,24,13
jpn_Jpan,39,25,13
jpn_Jpan,39,26,13
jpn_Jpan,39,27,24
jpn_Jpan,39,28,13
jpn_Jpan,39,29,34
jpn_Jpan,39,30,13
jpn_Jpan,39,31,24
jpn_Jpan,39,32,13
jpn_Jpan,39,33,34
jpn_Jpan,40,0,60
jpn_Jpan,40,1,13
jpn_Jpan,40,2,13
jpn_Jpan,40,3,51
jpn_Jpan,40,4,24
jpn_Jpan,40,5,1
jpn_Jpan,40,6,13
jpn_Jpan,40,7,19
jpn_Jpan,40,8,13
jpn_Jpan,40,9,47
jpn_Jpan,40,10,13
jpn_Jpan,40,11,13
jpn_Jpan,40,12,24
jpn_Jpan,40,13,24
jpn_Jpan,40,14,47
jpn_Jpan,40,15,13
jpn_Jpan,40,16,19
jpn_Jpan,40,17,13
jpn_Jpan,40,18,13
jpn_Jpan,40,19,13
jpn_Jpan,40,20,51
jpn_Jpan,40,21,51
jpn_Jpan,40,22,42
jpn_Jpan,41,0,60
jpn_Jpan,41,1,13
jpn_Jpan,41,2,19
jpn_Jpan,41,3,36
jpn_Jpan,41,4,36
jpn_Jpan,41,5,24
jpn_Jpan,41,6,61
jpn_Jpan,41,7,19
jpn_Jpan,41,8,13
jpn_Jpan,41,9,13
jpn_Jpan,41,10,34
jpn_Jpan,41,11,13
jpn_Jpan,41,12,13
jpn_Jpan,41,13,13
jpn_Jpan,41,14,13
jpn_Jpan,41,15,34
eng_Latn,42,0,60
eng_Latn,42,1,49
eng_Latn,42,2,39
jpn_Jpan,43,0,60
jpn_Jpan,43,1,13
jpn_Jpan,43,2,13
jpn_Jpan,43,3,19
jpn_Jpan,43,4,13
jpn_Jpan,43,5,61
jpn_Jpan,43,6,13
jpn_Jpan,43,7,47
jpn_Jpan,43,8,19
jpn_Jpan,43,9,13
jpn_Jpan,43,10,19
jpn_Jpan,43,11,24
jpn_Jpan,43,12,19
jpn_Jpan,43,13,13
jpn_Jpan,43,14,19
jpn_Jpan,43,15,13
jpn_Jpan,43,16,1
jpn_Jpan,43,17,13
jpn_Jpan,43,18,24
jpn_Jpan,43,19,13
jpn_Jpan,43,20,13
jpn_Jpan,43,21,19
jpn_Jpan,43,22,13
jpn_Jpan,43,23,39
jpn_Jpan,43,24,13
jpn_Jpan,43,25,13
jpn_Jpan,43,26,24
jpn_Jpan,43,27,13
jpn_Jpan,43,28,13
jpn_Jpan,43,29,24
jpn_Jpan,43,30,13
jpn_Jpan,43,31,34
jpn_Jpan,44,0,60
jpn_Jpan,44,1,47
jpn_Jpan,44,2,19
jpn_Jpan,44,3,13
jpn_Jpan,44,4,61
jpn_Jpan,44,5,13
jpn_Jpan,44,6,19
jpn_Jpan,44,7,13
jpn_Jpan,44,8,24
jpn_Jpan,44,9,52
jpn_Jpan,44,10,13
jpn_Jpan,44,11,24
jpn_Jpan,44,12,13
jpn_Jpan,44,13,13
jpn_Jpan,44,14,19
jpn_Jpan,44,15,13
jpn_Jpan,44,16,13
jpn_Jpan,44,17,13
jpn_Jpan,44,18,24
jpn_Jpan,44,19,13
jpn_Jpan,44,20,13
jpn_Jpan,44,21,19
jpn_Jpan,44,22,36
jpn_Jpan,44,23,19
jpn_Jpan,44,24,13
jpn_Jpan,44,25,13
jpn_Jpan,44,26,13
jpn_Jpan,44,27,34
jpn_Jpan,44,28,24
jpn_Jpan,44,29,24
jpn_Jpan,44,30,13
jpn_Jpan,44,31,24
jpn_Jpan,44,32,24
jpn_Jpan,44,33,13
jpn_Jpan,44,34,13
jpn_Jpan,44,35,24
jpn_Jpan,44,36,13
jpn_Jpan,44,37,13
jpn_Jpan,44,38,39
jpn_Jpan,44,39,13
jpn_Jpan,44,40,34
jpn_Jpan,44,41,13
jpn_Jpan,44,42,19
jpn_Jpan,44,43,13
jpn_Jpan,44,44,13
jpn_Jpan,44,45,34
jpn_Jpan,44,46,13
jpn_Jpan,44,47,13
jpn_Jpan,44,48,13
jpn_Jpan,44,49,13
jpn_Jpan,44,50,34
jpn_Jpan,45,0,60
jpn_Jpan,45,1,13
jpn_Jpan,45,2,13
jpn_Jpan,45,3,39
jpn_Jpan,45,4,61
jpn_Jpan,45,5,19
jpn_Jpan,45,6,61
jpn_Jpan,45,7,39
jpn_Jpan,45,8,61
jpn_Jpan,45,9,13
jpn_Jpan,45,10,24
jpn_Jpan,45,11,47
jpn_Jpan,45,12,47
jpn_Jpan,45,13,19
jpn_Jpan,45,14,39
jpn_Jpan,45,15,13
jpn_Jpan,45,16,7
jpn_Jpan,45,17,13
jpn_Jpan,45,18,47
jpn_Jpan,45,19,47
jpn_Jpan,45,20,24
jpn_Jpan,45,21,13
jpn_Jpan,45,22,19
jpn_Jpan,45,23,39
jpn_Jpan,45,24,13
jpn_Jpan,45,25,24
jpn_Jpan,45,26,47
jpn_Jpan,45,27,13
jpn_Jpan,45,28,19
jpn_Jpan,45,29,39
jpn_Jpan,45,30,13
jpn_Jpan,45,31,24
jpn_Jpan,45,32,19
jpn_Jpan,45,33,19
jpn_Jpan,45,34,13
jpn_Jpan,45,35,13
jpn_Jpan,45,36,13
jpn_Jpan,45,37,24
jpn_Jpan,45,38,13
jpn_Jpan,45,39,13
jpn_Jpan,45,40,19
jpn_Jpan,45,41,13
jpn_Jpan,45,42,13
jpn_Jpan,46,0,60
jpn_Jpan,46,1,24
jpn_Jpan,46,2,13
jpn_Jpan,46,3,13
jpn_Jpan,46,4,13
jpn_Jpan,46,5,36
jpn_Jpan,46,6,1
jpn_Jpan,46,7,19
jpn_Jpan,46,8,13
jpn_Jpan,46,9,24
jpn_Jpan,46,10,52
jpn_Jpan,46,11,52
jpn_Jpan,46,12,52
jpn_Jpan,46,13,13
jpn_Jpan,46,14,34
jpn_Jpan,46,15,24
jpn_Jpan,46,16,24
jpn_Jpan,46,17,13
jpn_Jpan,46,18,19
jpn_Jpan,46,19,19
jpn_Jpan,46,20,13
jpn_Jpan,46,21,13
jpn_Jpan,46,22,19
jpn_Jpan,46,23,13
jpn_Jpan,46,24,24
jpn_Jpan,46,25,47
jpn_Jpan,46,26,47
jpn_Jpan,46,27,61
jpn_Jpan,46,28,13
jpn_Jpan,46,29,24
jpn_Jpan,46,30,52
jpn_Jpan,46,31,19
jpn_Jpan,46,32,13
jpn_Jpan,46,33,13
jpn_Jpan,46,34,61
jpn_Jpan,46,35,13
jpn_Jpan,46,36,34
jpn_Jpan,46,37,13
jpn_Jpan,46,38,13
jpn_Jpan,46,39,34
jpn_Jpan,47,0,60
jpn_Jpan,47,1,13
jpn_Jpan,47,2,13
jpn_Jpan,47,3,13
jpn_Jpan,47,4,12
jpn_Jpan,47,5,9
jpn_Jpan,47,6,52
jpn_Jpan,47,7,7
jpn_Jpan,47,8,24
jpn_Jpan,47,9,13
jpn_Jpan,47,10,1
jpn_Jpan,47,11,13
jpn_Jpan,47,12,13
jpn_Jpan,47,13,12
jpn_Jpan,47,14,19
jpn_Jpan,47,15,19
jpn_Jpan,47,16,13
jpn_Jpan,47,17,19
jpn_Jpan,47,18,39
jpn_Jpan,47,19,13
jpn_Jpan,47,20,13
jpn_Jpan,47,21,52
jpn_Jpan,47,22,19
jpn_Jpan,47,23,13
jpn_Jpan,47,24,24
jpn_Jpan,47,25,13
jpn_Jpan,47,26,24
jpn_Jpan,47,27,13
jpn_Jpan,47,28,13
jpn_Jpan,48,0,60
jpn_Jpan,48,1,13
jpn_Jpan,48,2,13
jpn_Jpan,48,3,40
jpn_Jpan,48,4,39
jpn_Jpan,48,5,7
jpn_Jpan,48,6,24
jpn_Jpan,48,7,61
jpn_Jpan,48,8,13
jpn_Jpan,48,9,24
jpn_Jpan,48,10,61
jpn_Jpan,48,11,13
jpn_Jpan,48,12,61
jpn_Jpan,48,13,13
jpn_Jpan,48,14,13
jpn_Jpan,48,15,24
jpn_Jpan,48,16,47
jpn_Jpan,48,17,61
jpn_Jpan,48,18,13
jpn_Jpan,48,19,13
jpn_Jpan,48,20,24
jpn_Jpan,48,21,13
jpn_Jpan,48,22,19
jpn_Jpan,48,23,13
jpn_Jpan,48,24,28
jpn_Jpan,48,25,13
jpn_Jpan,48,26,47
jpn_Jpan,48,27,47
jpn_Jpan,48,28,13
jpn_Jpan,48,29,47
jpn_Jpan,48,30,39
jpn_Jpan,48,31,13
jpn_Jpan,48,32,13
jpn_Jpan,48,33,39
jpn_Jpan,48,34,24
jpn_Jpan,48,35,19
jpn_Jpan,48,36,13
jpn_Jpan,48,37,13
jpn_Jpan,48,38,61
jpn_Jpan,48,39,13
jpn_Jpan,48,40,13
jpn_Jpan,48,41,34
jpn_Jpan,48,42,24
jpn_Jpan,48,43,13
jpn_Jpan,48,44,34
jpn_Jpan,48,45,13
jpn_Jpan,48,46,34
jpn_Jpan,49,0,60
jpn_Jpan,49,1,13
jpn_Jpan,49,2,13
jpn_Jpan,49,3,24
jpn_Jpan,49,4,36
jpn_Jpan,49,5,24
jpn_Jpan,49,6,61
jpn_Jpan,49,7,61
jpn_Jpan,49,8,13
jpn_Jpan,49,9,47
jpn_Jpan,49,10,47
jpn_Jpan,49,11,13
jpn_Jpan,49,12,36
jpn_Jpan,49,13,24
jpn_Jpan,49,14,13
jpn_Jpan,49,15,19
jpn_Jpan,49,16,24
jpn_Jpan,49,17,19
jpn_Jpan,49,18,13
jpn_Jpan,49,19,36
jpn_Jpan,49,20,47
jpn_Jpan,49,21,13
jpn_Jpan,49,22,24
jpn_Jpan,49,23,19
jpn_Jpan,49,24,13
jpn_Jpan,49,25,13
jpn_Jpan,49,26,13
jpn_Jpan,49,27,34
jpn_Jpan,49,28,34
jpn_Jpan,49,29,34
jpn_Jpan,50,0,60
jpn_Jpan,50,1,36
jpn_Jpan,50,2,13
jpn_Jpan,50,3,24
jpn_Jpan,50,4,13
jpn_Jpan,50,5,13
jpn_Jpan,50,6,24
jpn_Jpan,50,7,13
jpn_Jpan,50,8,47
jpn_Jpan,50,9,19
jpn_Jpan,50,10,13
jpn_Jpan,50,11,24
jpn_Jpan,50,12,19
jpn_Jpan,50,13,13
jpn_Jpan,50,14,13
jpn_Jpan,50,15,13
jpn_Jpan,50,16,13
jpn_Jpan,50,17,24
jpn_Jpan,50,18,13
jpn_Jpan,50,19,13
jpn_Jpan,50,20,13
jpn_Jpan,50,21,24
jpn_Jpan,50,22,19
jpn_Jpan,50,23,13
jpn_Jpan,50,24,13
jpn_Jpan,50,25,24
jpn_Jpan,50,26,13
jpn_Jpan,50,27,13
jpn_Jpan,50,28,24
jpn_Jpan,50,29,13
jpn_Jpan,50,30,13
jpn_Jpan,50,31,13
jpn_Jpan,50,32,13
jpn_Jpan,50,33,34
jpn_Jpan,50,34,13
jpn_Jpan,50,35,13
jpn_Jpan,50,36,13
jpn_Jpan,50,37,51
jpn_Jpan,51,0,60
jpn_Jpan,51,1,13
jpn_Jpan,51,2,13
jpn_Jpan,51,3,13
jpn_Jpan,51,4,13
jpn_Jpan,51,5,24
jpn_Jpan,51,6,24
jpn_Jpan,51,7,13
jpn_Jpan,51,8,13
jpn_Jpan,51,9,39
jpn_Jpan,51,10,39
jpn_Jpan,51,11,13
jpn_Jpan,51,12,13
jpn_Jpan,51,13,13
jpn_Jpan,51,14,13
jpn_Jpan,51,15,13
jpn_Jpan,51,16,34
jpn_Jpan,51,17,13
jpn_Jpan,51,18,24
jpn_Jpan,51,19,1
jpn_Jpan,51,20,13
jpn_Jpan,51,21,13
jpn_Jpan,51,22,51
jpn_Jpan,51,23,51
jpn_Jpan,52,0,60
jpn_Jpan,52,1,13
jpn_Jpan,52,2,9
jpn_Jpan,52,3,13
jpn_Jpan,52,4,47
jpn_Jpan,52,5,13
jpn_Jpan,52,6,7
jpn_Jpan,52,7,9
jpn_Jpan,52,8,9
jpn_Jpan,52,9,47
jpn_Jpan,52,10,13
jpn_Jpan,52,11,13
jpn_Jpan,52,12,47
jpn_Jpan,52,13,13
jpn_Jpan,52,14,12
jpn_Jpan,52,15,19
jpn_Jpan,52,16,39
jpn_Jpan,52,17,47
jpn_Jpan,52,18,39
jpn_Jpan,52,19,13
jpn_Jpan,52,20,24
jpn_Jpan,52,21,47
jpn_Jpan,52,22,47
jpn_Jpan,52,23,13
jpn_Jpan,52,24,13
jpn_Jpan,52,25,13
jpn_Jpan,52,26,13
jpn_Jpan,52,27,19
jpn_Jpan,52,28,34
eng_Latn,53,0,60
eng_Latn,53,1,56
eng_Latn,53,2,4
eng_Latn,54,0,60
eng_Latn,54,1,13
eng_Latn,54,2,6
eng_Latn,54,3,9
eng_Latn,54,4,39
eng_Latn,54,5,40
eng_Latn,54,6,43
eng_Latn,54,7,37
eng_Latn,54,8,57
eng_Latn,54,9,52
eng_Latn,54,10,37
eng_Latn,54,11,52
eng_Latn,55,0,60
eng_Latn,55,1,9
eng_Latn,55,2,29
eng_Latn,55,3,52
eng_Latn,55,4,29
eng_Latn,55,5,34
eng_Latn,56,0,60
eng_Latn,56,1,18
eng_Latn,56,2,0
jpn_Jpan,57,0,60
jpn_Jpan,57,1,47
jpn_Jpan,57,2,13
jpn_Jpan,57,3,13
jpn_Jpan,57,4,13
jpn_Jpan,57,5,36
jpn_Jpan,57,6,13
jpn_Jpan,57,7,13
jpn_Jpan,57,8,13
jpn_Jpan,57,9,36
jpn_Jpan,57,10,52
jpn_Jpan,57,11,52
jpn_Jpan,57,12,52
jpn_Jpan,57,13,13
jpn_Jpan,57,14,9
jpn_Jpan,57,15,13
jpn_Jpan,57,16,24
jpn_Jpan,57,17,52
jpn_Jpan,57,18,52
jpn_Jpan,57,19,52
jpn_Jpan,57,20,36
jpn_Jpan,57,21,47
jpn_Jpan,57,22,19
jpn_Jpan,57,23,13
jpn_Jpan,57,24,47
jpn_Jpan,57,25,13
jpn_Jpan,57,26,13
jpn_Jpan,57,27,19
jpn_Jpan,57,28,24
jpn_Jpan,57,29,47
jpn_Jpan,57,30,47
jpn_Jpan,57,31,19
jpn_Jpan,57,32,19
jpn_Jpan,57,33,39
jpn_Jpan,57,34,7
jpn_Jpan,57,35,24
jpn_Jpan,57,36,13
jpn_Jpan,57,37,13
jpn_Jpan,57,38,13
jpn_Jpan,57,39,34
jpn_Jpan,58,0,60
jpn_Jpan,58,1,13
jpn_Jpan,58,2,24
jpn_Jpan,58,3,61
jpn_Jpan,58,4,19
jpn_Jpan,58,5,19
jpn_Jpan,58,6,13
jpn_Jpan,58,7,19
jpn_Jpan,58,8,13
jpn_Jpan,58,9,61
jpn_Jpan,58,10,13
jpn_Jpan,58,11,19
jpn_Jpan,58,12,13
jpn_Jpan,58,13,24
jpn_Jpan,58,14,13
jpn_Jpan,58,15,13
jpn_Jpan,58,16,36
jpn_Jpan,58,17,52
jpn_Jpan,58,18,61
jpn_Jpan,58,19,13
jpn_Jpan,58,20,24
jpn_Jpan,58,21,19
jpn_Jpan,58,22,19
jpn_Jpan,58,23,19
jpn_Jpan,58,24,13
jpn_Jpan,58,25,24
jpn_Jpan,58,26,19
jpn_Jpan,58,27,13
jpn_Jpan,58,28,24
jpn_Jpan,58,29,13
jpn_Jpan,58,30,24
jpn_Jpan,58,31,13
jpn_Jpan,58,32,24
jpn_Jpan,58,33,19
jpn_Jpan,58,34,13
jpn_Jpan,58,35,19
jpn_Jpan,58,36,13
jpn_Jpan,58,37,24
jpn_Jpan,58,38,13
jpn_Jpan,58,39,13
jpn_Jpan,58,40,13
jpn_Jpan,58,41,13
jpn_Jpan,58,42,13
jpn_Jpan,58,43,13
jpn_Jpan,58,44,19
jpn_Jpan,58,45,13
jpn_Jpan,59,0,60
jpn_Jpan,59,1,13
jpn_Jpan,59,2,24
jpn_Jpan,59,3,24
jpn_Jpan,59,4,13
jpn_Jpan,59,5,13
jpn_Jpan,59,6,13
jpn_Jpan,59,7,13
jpn_Jpan,59,8,7
jpn_Jpan,59,9,13
jpn_Jpan,59,10,13
jpn_Jpan,59,11,13
jpn_Jpan,59,12,13
jpn_Jpan,59,13,13
eng_Latn,60,0,60
eng_Latn,60,1,4
eng_Latn,60,2,9
eng_Latn,60,3,56
eng_Latn,60,4,54
eng_Latn,60,5,41
eng_Latn,60,6,19
eng_Latn,60,7,4
eng_Latn,60,8,53
eng_Latn,60,9,35
eng_Latn,60,10,8
eng_Latn,60,11,4
jpn_Jpan,61,0,60
jpn_Jpan,61,1,13
jpn_Jpan,61,2,13
jpn_Jpan,61,3,13
jpn_Jpan,61,4,13
jpn_Jpan,61,5,13
jpn_Jpan,61,6,19
jpn_Jpan,61,7,13
jpn_Jpan,61,8,13
jpn_Jpan,61,9,19
jpn_Jpan,61,10,13
jpn_Jpan,61,11,19
jpn_Jpan,61,12,13
jpn_Jpan,61,13,51
jpn_Jpan,61,14,34
jpn_Jpan,61,15,51
jpn_Jpan,61,16,47
jpn_Jpan,61,17,51
jpn_Jpan,61,18,51
jpn_Jpan,62,0,60
jpn_Jpan,62,1,36
jpn_Jpan,62,2,24
jpn_Jpan,62,3,19
jpn_Jpan,62,4,13
jpn_Jpan,62,5,34
jpn_Jpan,62,6,36
jpn_Jpan,62,7,47
jpn_Jpan,62,8,13
jpn_Jpan,62,9,47
jpn_Jpan,62,10,36
jpn_Jpan,62,11,13
jpn_Jpan,62,12,34
jpn_Jpan,62,13,24
jpn_Jpan,62,14,24
jpn_Jpan,62,15,13
jpn_Jpan,62,16,19
jpn_Jpan,62,17,19
jpn_Jpan,62,18,13
jpn_Jpan,62,19,13
jpn_Jpan,62,20,13
jpn_Jpan,62,21,13
jpn_Jpan,62,22,13
jpn_Jpan,62,23,36
jpn_Jpan,62,24,19
jpn_Jpan,62,25,13
jpn_Jpan,62,26,13
jpn_Jpan,62,27,36
jpn_Jpan,62,28,13
jpn_Jpan,62,29,19
jpn_Jpan,62,30,34
jpn_Jpan,62,31,13
jpn_Jpan,62,32,34
eng_Latn,63,0,60
eng_Latn,63,1,22
eng_Latn,63,2,30
eng_Latn,63,3,24
eng_Latn,63,4,30
eng_Latn,63,5,30
eng_Latn,63,6,54
eng_Latn,63,7,48
eng_Latn,63,8,56
eng_Latn,63,9,63
eng_Latn,63,10,30
eng_Latn,63,11,63
eng_Latn,64,0,60
eng_Latn,64,1,41
eng_Latn,64,2,49
eng_Latn,64,3,37
eng_Latn,64,4,20
eng_Latn,64,5,44
jpn_Jpan,65,0,60
jpn_Jpan,65,1,36
jpn_Jpan,65,2,24
jpn_Jpan,65,3,13
jpn_Jpan,65,4,36
jpn_Jpan,65,5,19
jpn_Jpan,65,6,13
jpn_Jpan,65,7,24
jpn_Jpan,65,8,19
jpn_Jpan,65,9,13
jpn_Jpan,65,10,13
jpn_Jpan,65,11,34
jpn_Jpan,66,0,60
jpn_Jpan,66,1,34
jpn_Jpan,66,2,13
jpn_Jpan,66,3,13
jpn_Jpan,66,4,36
jpn_Jpan,66,5,19
jpn_Jpan,66,6,13
jpn_Jpan,66,7,24
jpn_Jpan,66,8,19
jpn_Jpan,66,9,13
jpn_Jpan,66,10,13
jpn_Jpan,66,11,24
jpn_Jpan,66,12,13
jpn_Jpan,66,13,13
jpn_Jpan,66,14,13
jpn_Jpan,66,15,13
jpn_Jpan,66,16,34
jpn_Jpan,66,17,13
jpn_Jpan,66,18,13
jpn_Jpan,66,19,13
jpn_Jpan,66,20,19
jpn_Jpan,66,21,47
jpn_Jpan,66,22,13
jpn_Jpan,66,23,1
jpn_Jpan,66,24,47
jpn_Jpan,66,25,13
jpn_Jpan,66,26,52
jpn_Jpan,66,27,61
jpn_Jpan,66,28,13
jpn_Jpan,66,29,24
jpn_Jpan,66,30,1
jpn_Jpan,66,31,52
jpn_Jpan,66,32,7
jpn_Jpan,66,33,9
jpn_Jpan,66,34,13
jpn_Jpan,66,35,13
jpn_Jpan,66,36,13
jpn_Jpan,66,37,61
jpn_Jpan,66,38,13
jpn_Jpan,66,39,13
jpn_Jpan,66,40,34
jpn_Jpan,67,0,60
jpn_Jpan,67,1,13
jpn_Jpan,67,2,13
jpn_Jpan,67,3,13
jpn_Jpan,67,4,12
jpn_Jpan,67,5,13
jpn_Jpan,67,6,13
jpn_Jpan,67,7,13
jpn_Jpan,67,8,13
jpn_Jpan,67,9,13
jpn_Jpan,67,10,39
jpn_Jpan,67,11,13
jpn_Jpan,67,12,24
jpn_Jpan,67,13,52
jpn_Jpan,67,14,1
jpn_Jpan,67,15,24
jpn_Jpan,67,16,61
jpn_Jpan,67,17,13
jpn_Jpan,67,18,13
jpn_Jpan,67,19,13
jpn_Jpan,67,20,24
jpn_Jpan,67,21,13
jpn_Jpan,67,22,13
jpn_Jpan,68,0,60
jpn_Jpan,68,1,13
jpn_Jpan,68,2,13
jpn_Jpan,68,3,24
jpn_Jpan,68,4,13
jpn_Jpan,68,5,61
jpn_Jpan,68,6,13
jpn_Jpan,68,7,24
jpn_Jpan,68,8,24
jpn_Jpan,68,9,13
jpn_Jpan,68,10,13
jpn_Jpan,68,11,39
jpn_Jpan,68,12,13
jpn_Jpan,69,0,60
jpn_Jpan,69,1,52
jpn_Jpan,69,2,47
jpn_Jpan,69,3,36
jpn_Jpan,69,4,24
jpn_Jpan,69,5,52
jpn_Jpan,69,6,13
jpn_Jpan,69,7,36
jpn_Jpan,69,8,24
jpn_Jpan,69,9,52
jpn_Jpan,69,10,1
jpn_Jpan,69,11,52
jpn_Jpan,69,12,7
jpn_Jpan,69,13,24
jpn_Jpan,69,14,39
jpn_Jpan,69,15,39
jpn_Jpan,69,16,39
jpn_Jpan,69,17,34
jpn_Jpan,69,18,34
jpn_Jpan,70,0,60
jpn_Jpan,70,1,13
jpn_Jpan,70,2,13
jpn_Jpan,70,3,24
jpn_Jpan,70,4,47
jpn_Jpan,70,5,13
jpn_Jpan,70,6,13
jpn_Jpan,70,7,13
jpn_Jpan,70,8,13
jpn_Jpan,70,9,34
jpn_Jpan,70,10,34
jpn_Jpan,70,11,11
jpn_Jpan,71,0,60
jpn_Jpan,71,1,13
jpn_Jpan,71,2,24
jpn_Jpan,71,3,13
jpn_Jpan,71,4,19
jpn_Jpan,71,5,13
jpn_Jpan,71,6,24
jpn_Jpan,71,7,13
jpn_Jpan,71,8,39
jpn_Jpan,71,9,13
jpn_Jpan,71,10,13
jpn_Jpan,71,11,13
jpn_Jpan,71,12,13
jpn_Jpan,71,13,24
jpn_Jpan,71,14,61
jpn_Jpan,71,15,13
jpn_Jpan,71,16,13
jpn_Jpan,71,17,47
jpn_Jpan,71,18,47
jpn_Jpan,71,19,13
jpn_Jpan,71,20,13
jpn_Jpan,71,21,13
jpn_Jpan,71,22,24
jpn_Jpan,71,23,13
jpn_Jpan,71,24,47
jpn_Jpan,71,25,13
jpn_Jpan,71,26,13
jpn_Jpan,71,27,13
jpn_Jpan,71,28,13
jpn_Jpan,71,29,13
jpn_Jpan,71,30,19
jpn_Jpan,71,31,13
jpn_Jpan,71,32,13
jpn_Jpan,71,33,24
jpn_Jpan,71,34,13
jpn_Jpan,71,35,13
jpn_Jpan,71,36,34
jpn_Jpan,71,37,9
jpn_Jpan,71,38,13
jpn_Jpan,71,39,13
jpn_Jpan,72,0,60
jpn_Jpan,72,1,19
jpn_Jpan,72,2,13
jpn_Jpan,72,3,39
jpn_Jpan,72,4,13
jpn_Jpan,72,5,24
jpn_Jpan,72,6,13
jpn_Jpan,72,7,19
jpn_Jpan,72,8,13
jpn_Jpan,72,9,24
jpn_Jpan,72,10,19
jpn_Jpan,72,11,13
jpn_Jpan,72,12,24
jpn_Jpan,72,13,13
jpn_Jpan,72,14,61
jpn_Jpan,72,15,39
jpn_Jpan,72,16,24
jpn_Jpan,72,17,13
jpn_Jpan,72,18,13
jpn_Jpan,72,19,13
jpn_Jpan,72,20,36
jpn_Jpan,72,21,1
jpn_Jpan,72,22,7
jpn_Jpan,72,23,13
jpn_Jpan,72,24,24
jpn_Jpan,72,25,13
jpn_Jpan,72,26,36
jpn_Jpan,72,27,24
jpn_Jpan,72,28,13
jpn_Jpan,72,29,13
jpn_Jpan,72,30,13
jpn_Jpan,72,31,39
jpn_Jpan,72,32,39
jpn_Jpan,72,33,39
jpn_Jpan,72,34,39
jpn_Jpan,72,35,13
jpn_Jpan,72,36,61
jpn_Jpan,72,37,13
jpn_Jpan,72,38,13
jpn_Jpan,72,39,24
jpn_Jpan,72,40,52
jpn_Jpan,72,41,13
jpn_Jpan,72,42,24
jpn_Jpan,72,43,52
jpn_Jpan,72,44,13
jpn_Jpan,72,45,19
jpn_Jpan,72,46,13
jpn_Jpan,72,47,13
eng_Latn,73,0,60
eng_Latn,73,1,54
eng_Latn,73,2,56
eng_Latn,73,3,56
eng_Latn,73,4,19
eng_Latn,73,5,19
eng_Latn,73,6,16
jpn_Jpan,74,0,60
jpn_Jpan,74,1,13
jpn_Jpan,74,2,13
jpn_Jpan,74,3,19
jpn_Jpan,74,4,13
jpn_Jpan,74,5,13
jpn_Jpan,74,6,13
jpn_Jpan,74,7,13
jpn_Jpan,74,8,39
jpn_Jpan,74,9,13
jpn_Jpan,74,10,13
jpn_Jpan,74,11,13
jpn_Jpan,74,12,24
jpn_Jpan,74,13,24
jpn_Jpan,74,14,13
jpn_Jpan,74,15,24
jpn_Jpan,74,16,13
jpn_Jpan,74,17,24
jpn_Jpan,74,18,47
jpn_Jpan,74,19,13
jpn_Jpan,74,20,24
jpn_Jpan,74,21,52
jpn_Jpan,74,22,19
jpn_Jpan,74,23,13
jpn_Jpan,74,24,24
jpn_Jpan,74,25,13
jpn_Jpan,74,26,13
jpn_Jpan,74,27,24
jpn_Jpan,74,28,13
jpn_Jpan,74,29,34
jpn_Jpan,74,30,34
jpn_Jpan,75,0,60
jpn_Jpan,75,1,13
jpn_Jpan,75,2,47
jpn_Jpan,75,3,19
jpn_Jpan,75,4,7
jpn_Jpan,75,5,13
jpn_Jpan,75,6,24
jpn_Jpan,75,7,61
jpn_Jpan,75,8,13
jpn_Jpan,75,9,13
jpn_Jpan,75,10,13
jpn_Jpan,75,11,13
jpn_Jpan,75,12,13
jpn_Jpan,75,13,24
jpn_Jpan,75,14,13
jpn_Jpan,75,15,13
jpn_Jpan,75,16,13
jpn_Jpan,75,17,52
jpn_Jpan,75,18,19
jpn_Jpan,75,19,13
jpn_Jpan,75,20,19
jpn_Jpan,75,21,13
jpn_Jpan,75,22,13
jpn_Jpan,75,23,13
jpn_Jpan,75,24,13
jpn_Jpan,75,25,19
jpn_Jpan,75,26,34
jpn_Jpan,76,0,60
jpn_Jpan,76,1,47
jpn_Jpan,76,2,47
jpn_Jpan,76,3,13
jpn_Jpan,76,4,39
jpn_Jpan,76,5,13
jpn_Jpan,76,6,24
jpn_Jpan,76,7,13
jpn_Jpan,76,8,47
jpn_Jpan,76,9,13
jpn_Jpan,76,10,39
jpn_Jpan,76,11,24
jpn_Jpan,76,12,13
jpn_Jpan,76,13,13
jpn_Jpan,76,14,24
jpn_Jpan,76,15,13
jpn_Jpan,76,16,34
jpn_Jpan,76,17,34
jpn_Jpan,77,0,60
jpn_Jpan,77,1,13
jpn_Jpan,77,2,13
jpn_Jpan,77,3,19
jpn_Jpan,77,4,47
jpn_Jpan,77,5,13
jpn_Jpan,77,6,24
jpn_Jpan,77,7,19
jpn_Jpan,77,8,19
jpn_Jpan,77,9,39
jpn_Jpan,77,10,13
jpn_Jpan,77,11,11
jpn_Jpan,78,0,60
jpn_Jpan,78,1,13
jpn_Jpan,78,2,19
jpn_Jpan,78,3,13
jpn_Jpan,78,4,7
jpn_Jpan,78,5,13
jpn_Jpan,78,6,61
jpn_Jpan,78,7,13
jpn_Jpan,78,8,36
jpn_Jpan,78,9,24
jpn_Jpan,78,10,24
jpn_Jpan,78,11,19
jpn_Jpan,78,12,13
jpn_Jpan,78,13,13
jpn_Jpan,78,14,13
jpn_Jpan,78,15,47
jpn_Jpan,78,16,39
jpn_Jpan,78,17,13
jpn_Jpan,78,18,24
jpn_Jpan,78,19,24
jpn_Jpan,78,20,19
jpn_Jpan,78,21,39
jpn_Jpan,78,22,19
jpn_Jpan,78,23,13
jpn_Jpan,78,24,47
jpn_Jpan,78,25,13
jpn_Jpan,78,26,13
jpn_Jpan,78,27,24
jpn_Jpan,78,28,24
jpn_Jpan,78,29,19
jpn_Jpan,78,30,13
jpn_Jpan,78,31,13
jpn_Jpan,78,32,13
jpn_Jpan,78,33,24
jpn_Jpan,78,34,13
jpn_Jpan,78,35,39
jpn_Jpan,78,36,39
jpn_Jpan,78,37,34
jpn_Jpan,78,38,24
jpn_Jpan,78,39,24
jpn_Jpan,78,40,19
jpn_Jpan,78,41,13
jpn_Jpan,78,42,61
jpn_Jpan,78,43,13
jpn_Jpan,78,44,61
jpn_Jpan,78,45,19
jpn_Jpan,78,46,39
jpn_Jpan,78,47,61
jpn_Jpan,78,48,13
jpn_Jpan,78,49,13
jpn_Jpan,79,0,60
jpn_Jpan,79,1,36
jpn_Jpan,79,2,24
jpn_Jpan,79,3,13
jpn_Jpan,79,4,36
jpn_Jpan,79,5,52
jpn_Jpan,79,6,47
jpn_Jpan,79,7,13
jpn_Jpan,79,8,24
jpn_Jpan,79,9,47
jpn_Jpan,79,10,13
jpn_Jpan,79,11,61
jpn_Jpan,79,12,13
jpn_Jpan,79,13,13
jpn_Jpan,79,14,24
jpn_Jpan,79,15,13
jpn_Jpan,79,16,24
jpn_Jpan,79,17,24
jpn_Jpan,79,18,13
jpn_Jpan,79,19,13
jpn_Jpan,79,20,24
jpn_Jpan,79,21,13
jpn_Jpan,79,22,13
jpn_Jpan,79,23,24
jpn_Jpan,79,24,19
jpn_Jpan,79,25,13
jpn_Jpan,79,26,13
jpn_Jpan,79,27,24
jpn_Jpan,79,28,19
jpn_Jpan,79,29,13
jpn_Jpan,79,30,19
jpn_Jpan,79,31,13
jpn_Jpan,79,32,24
jpn_Jpan,79,33,13
jpn_Jpan,79,34,13
jpn_Jpan,79,35,13
jpn_Jpan,79,36,34
jpn_Jpan,79,37,34
jpn_Jpan,80,0,60
jpn_Jpan,80,1,13
jpn_Jpan,80,2,19
jpn_Jpan,80,3,13
jpn_Jpan,80,4,24
jpn_Jpan,80,5,19
jpn_Jpan,80,6,13
jpn_Jpan,80,7,13
jpn_Jpan,80,8,36
jpn_Jpan,80,9,24
jpn_Jpan,80,10,19
jpn_Jpan,80,11,36
jpn_Jpan,80,12,19
jpn_Jpan,80,13,19
jpn_Jpan,80,14,13
jpn_Jpan,80,15,36
jpn_Jpan,80,16,36
jpn_Jpan,80,17,19
jpn_Jpan,80,18,13
jpn_Jpan,80,19,19
jpn_Jpan,80,20,13
jpn_Jpan,80,21,13
jpn_Jpan,80,22,13
jpn_Jpan,80,23,13
jpn_Jpan,80,24,13
jpn_Jpan,80,25,24
jpn_Jpan,80,26,47
jpn_Jpan,80,27,13
jpn_Jpan,80,28,19
jpn_Jpan,80,29,13
jpn_Jpan,80,30,24
jpn_Jpan,80,31,13
jpn_Jpan,80,32,13
jpn_Jpan,80,33,13
jpn_Jpan,80,34,13
jpn_Jpan,80,35,13
jpn_Jpan,80,36,13
jpn_Jpan,80,37,34
jpn_Jpan,81,0,60
jpn_Jpan,81,1,13
jpn_Jpan,81,2,7
jpn_Jpan,81,3,24
jpn_Jpan,81,4,19
jpn_Jpan,81,5,13
jpn_Jpan,81,6,19
jpn_Jpan,81,7,13
jpn_Jpan,81,8,24
jpn_Jpan,81,9,13
jpn_Jpan,81,10,13
jpn_Jpan,81,11,24
jpn_Jpan,81,12,24
jpn_Jpan,81,13,13
jpn_Jpan,81,14,19
jpn_Jpan,81,15,34
jpn_Jpan,81,16,11
jpn_Jpan,81,17,13
jpn_Jpan,81,18,13
jpn_Jpan,81,19,24
jpn_Jpan,81,20,13
jpn_Jpan,81,21,24
jpn_Jpan,81,22,13
jpn_Jpan,81,23,24
jpn_Jpan,81,24,19
jpn_Jpan,81,25,13
jpn_Jpan,81,26,39
jpn_Jpan,81,27,13
jpn_Jpan,81,28,24
jpn_Jpan,81,29,19
jpn_Jpan,81,30,13
jpn_Jpan,81,31,19
jpn_Jpan,81,32,13
jpn_Jpan,81,33,13
jpn_Jpan,81,34,13
jpn_Jpan,81,35,47
jpn_Jpan,81,36,19
jpn_Jpan,81,37,13
jpn_Jpan,81,38,13
jpn_Jpan,81,39,13
jpn_Jpan,81,40,13
jpn_Jpan,81,41,13
jpn_Jpan,81,42,47
jpn_Jpan,81,43,19
jpn_Jpan,81,44,13
jpn_Jpan,82,0,60
jpn_Jpan,82,1,13
jpn_Jpan,82,2,13
jpn_Jpan,82,3,36
jpn_Jpan,82,4,36
jpn_Jpan,82,5,52
jpn_Jpan,82,6,36
jpn_Jpan,82,7,36
jpn_Jpan,82,8,13
jpn_Jpan,82,9,34
jpn_Jpan,82,10,36
jpn_Jpan,82,11,34
jpn_Jpan,82,12,13
jpn_Jpan,82,13,47
jpn_Jpan,82,14,13
jpn_Jpan,82,15,34
jpn_Jpan,82,16,34
eng_Latn,83,0,60
eng_Latn,83,1,15
eng_Latn,83,2,16
eng_Latn,83,3,43
eng_Latn,83,4,46
eng_Latn,83,5,63
eng_Latn,83,6,43
eng_Latn,83,7,49
jpn_Jpan,84,0,60
jpn_Jpan,84,1,19
jpn_Jpan,84,2,39
jpn_Jpan,84,3,13
jpn_Jpan,84,4,39
jpn_Jpan,84,5,13
jpn_Jpan,84,6,13
jpn_Jpan,84,7,24
jpn_Jpan,84,8,19
jpn_Jpan,84,9,13
jpn_Jpan,84,10,13
jpn_Jpan,84,11,13
jpn_Jpan,84,12,39
jpn_Jpan,84,13,13
jpn_Jpan,84,14,24
jpn_Jpan,84,15,13
jpn_Jpan,84,16,34
jpn_Jpan,85,0,60
jpn_Jpan,85,1,60
jpn_Jpan,85,2,13
jpn_Jpan,85,3,13
jpn_Jpan,85,4,24
jpn_Jpan,85,5,36
jpn_Jpan,85,6,47
jpn_Jpan,85,7,13
jpn_Jpan,85,8,24
jpn_Jpan,85,9,36
jpn_Jpan,85,10,47
jpn_Jpan,85,11,13
jpn_Jpan,85,12,13
jpn_Jpan,85,13,36
jpn_Jpan,85,14,52
jpn_Jpan,85,15,1
jpn_Jpan,85,16,52
jpn_Jpan,85,17,19
jpn_Jpan,85,18,7
jpn_Jpan,85,19,24
jpn_Jpan,85,20,47
jpn_Jpan,85,21,24
jpn_Jpan,85,22,34
eng_Latn,86,0,60
eng_Latn,86,1,22
eng_Latn,86,2,9
eng_Latn,86,3,9
eng_Latn,86,4,40
eng_Latn,86,5,51
eng_Latn,86,6,9
eng_Latn,86,7,9
eng_Latn,86,8,22
eng_Latn,86,9,9
eng_Latn,86,10,61
eng_Latn,86,11,22
eng_Latn,86,12,41
eng_Latn,86,13,34
jpn_Jpan,87,0,60
jpn_Jpan,87,1,1
jpn_Jpan,87,2,24
jpn_Jpan,87,3,24
jpn_Jpan,87,4,1
jpn_Jpan,87,5,52
jpn_Jpan,87,6,19
jpn_Jpan,87,7,13
jpn_Jpan,87,8,19
jpn_Jpan,87,9,13
jpn_Jpan,87,10,13
jpn_Jpan,87,11,24
jpn_Jpan,87,12,24
jpn_Jpan,87,13,61
jpn_Jpan,87,14,13
jpn_Jpan,87,15,24
jpn_Jpan,87,16,24
jpn_Jpan,87,17,47
jpn_Jpan,87,18,13
jpn_Jpan,87,19,47
jpn_Jpan,87,20,19
jpn_Jpan,87,21,13
jpn_Jpan,87,22,24
jpn_Jpan,87,23,13
jpn_Jpan,87,24,13
jpn_Jpan,87,25,13
jpn_Jpan,87,26,13
jpn_Jpan,87,27,13
jpn_Jpan,87,28,61
jpn_Jpan,87,29,8
jpn_Jpan,87,30,24
jpn_Jpan,87,31,13
jpn_Jpan,87,32,47
jpn_Jpan,87,33,13
jpn_Jpan,87,34,13
jpn_Jpan,87,35,13
jpn_Jpan,87,36,13
jpn_Jpan,87,37,13
jpn_Jpan,87,38,13
jpn_Jpan,87,39,24
jpn_Jpan,87,40,13
jpn_Jpan,87,41,19
jpn_Jpan,87,42,34
jpn_Jpan,88,0,60
jpn_Jpan,88,1,19
jpn_Jpan,88,2,13
jpn_Jpan,88,3,13
jpn_Jpan,88,4,13
jpn_Jpan,88,5,13
jpn_Jpan,88,6,61
jpn_Jpan,88,7,13
jpn_Jpan,88,8,13
jpn_Jpan,88,9,36
jpn_Jpan,88,10,19
jpn_Jpan,88,11,13
jpn_Jpan,88,12,36
jpn_Jpan,88,13,24
jpn_Jpan,88,14,13
jpn_Jpan,88,15,13
jpn_Jpan,88,16,24
jpn_Jpan,88,17,19
jpn_Jpan,88,18,13
jpn_Jpan,88,19,34
jpn_Jpan,88,20,36
jpn_Jpan,88,21,13
jpn_Jpan,88,22,13
jpn_Jpan,88,23,13
jpn_Jpan,88,24,13
jpn_Jpan,88,25,13
jpn_Jpan,88,26,13
jpn_Jpan,89,0,60
jpn_Jpan,89,1,36
jpn_Jpan,89,2,19
jpn_Jpan,89,3,13
jpn_Jpan,89,4,36
jpn_Jpan,89,5,13
jpn_Jpan,89,6,13
jpn_Jpan,89,7,19
jpn_Jpan,89,8,19
jpn_Jpan,89,9,13
jpn_Jpan,89,10,47
jpn_Jpan,89,11,13
jpn_Jpan,89,12,61
jpn_Jpan,89,13,19
jpn_Jpan,89,14,19
jpn_Jpan,89,15,13
jpn_Jpan,89,16,13
jpn_Jpan,89,17,12
jpn_Jpan,89,18,61
jpn_Jpan,89,19,13
jpn_Jpan,89,20,13
jpn_Jpan,89,21,24
jpn_Jpan,89,22,13
jpn_Jpan,89,23,24
jpn_Jpan,89,24,36
jpn_Jpan,89,25,28
jpn_Jpan,89,26,13
jpn_Jpan,89,27,13
jpn_Jpan,89,28,9
jpn_Jpan,89,29,47
jpn_Jpan,89,30,61
jpn_Jpan,89,31,47
jpn_Jpan,89,32,13
jpn_Jpan,89,33,24
jpn_Jpan,89,34,13
jpn_Jpan,89,35,24
jpn_Jpan,89,36,19
jpn_Jpan,89,37,13
jpn_Jpan,89,38,13
jpn_Jpan,89,39,13
jpn_Jpan,89,40,34
jpn_Jpan,90,0,60
jpn_Jpan,90,1,13
jpn_Jpan,90,2,13
jpn_Jpan,90,3,36
jpn_Jpan,90,4,24
jpn_Jpan,90,5,47
jpn_Jpan,90,6,13
jpn_Jpan,90,7,39
jpn_Jpan,90,8,39
jpn_Jpan,90,9,39
jpn_Jpan,90,10,13
jpn_Jpan,90,11,24
jpn_Jpan,90,12,19
jpn_Jpan,90,13,36
jpn_Jpan,90,14,19
jpn_Jpan,90,15,13
jpn_Jpan,90,16,19
jpn_Jpan,90,17,13
jpn_Jpan,90,18,24
jpn_Jpan,90,19,52
jpn_Jpan,90,20,24
jpn_Jpan,90,21,13
jpn_Jpan,90,22,24
jpn_Jpan,90,23,13
jpn_Jpan,90,24,13
jpn_Jpan,90,25,47
jpn_Jpan,90,26,19
jpn_Jpan,90,27,13
jpn_Jpan,90,28,13
jpn_Jpan,90,29,13
jpn_Jpan,90,30,34
jpn_Jpan,91,0,60
jpn_Jpan,91,1,13
jpn_Jpan,91,2,13
jpn_Jpan,91,3,13
jpn_Jpan,91,4,13
jpn_Jpan,91,5,24
jpn_Jpan,91,6,19
jpn_Jpan,91,7,13
jpn_Jpan,91,8,19
jpn_Jpan,91,9,13
jpn_Jpan,91,10,24
jpn_Jpan,91,11,13
jpn_Jpan,91,12,34
eng_Latn,92,0,60
eng_Latn,92,1,46
eng_Latn,92,2,51
eng_Latn,92,3,63
eng_Latn,92,4,14
eng_Latn,92,5,49
eng_Latn,92,6,9
eng_Latn,92,7,14
eng_Latn,92,8,1
eng_Latn,92,9,52
jpn_Jpan,93,0,60
jpn_Jpan,93,1,24
jpn_Jpan,93,2,19
jpn_Jpan,93,3,13
jpn_Jpan,93,4,13
jpn_Jpan,93,5,13
jpn_Jpan,93,6,24
jpn_Jpan,93,7,13
jpn_Jpan,93,8,13
jpn_Jpan,93,9,13
jpn_Jpan,93,10,13
jpn_Jpan,93,11,51
jpn_Jpan,93,12,51
eng_Latn,94,0,60
eng_Latn,94,1,37
eng_Latn,94,2,12
eng_Latn,94,3,2
eng_Latn,94,4,47
eng_Latn,95,0,60
eng_Latn,95,1,22
eng_Latn,95,2,61
eng_Latn,95,3,19
eng_Latn,95,4,40
eng_Latn,95,5,53
eng_Latn,95,6,3
eng_Latn,95,7,63
jpn_Jpan,96,0,60
jpn_Jpan,96,1,13
jpn_Jpan,96,2,9
jpn_Jpan,96,3,13
jpn_Jpan,96,4,24
jpn_Jpan,96,5,19
jpn_Jpan,96,6,13
jpn_Jpan,96,7,13
jpn_Jpan,96,8,24
jpn_Jpan,96,9,61
jpn_Jpan,96,10,13
jpn_Jpan,96,11,13
jpn_Jpan,96,12,24
jpn_Jpan,96,13,19
jpn_Jpan,96,14,13
jpn_Jpan,96,15,34
jpn_Jpan,96,16,34
jpn_Jpan,96,17,13
jpn_Jpan,96,18,34
jpn_Jpan,96,19,42
jpn_Jpan,96,20,9
jpn_Jpan,96,21,13
jpn_Jpan,96,22,24
jpn_Jpan,96,23,24
jpn_Jpan,96,24,61
jpn_Jpan,96,25,13
jpn_Jpan,96,26,34
jpn_Jpan,96,27,24
jpn_Jpan,96,28,13
jpn_Jpan,96,29,19
jpn_Jpan,96,30,39
jpn_Jpan,96,31,47
jpn_Jpan,96,32,34
eng_Latn,97,0,60
eng_Latn,97,1,18
eng_Latn,97,2,14
jpn_Jpan,98,0,60
jpn_Jpan,98,1,13
jpn_Jpan,98,2,13
jpn_Jpan,98,3,39
jpn_Jpan,98,4,47
jpn_Jpan,98,5,13
jpn_Jpan,98,6,39
jpn_Jpan,98,7,13
jpn_Jpan,98,8,61
jpn_Jpan,98,9,61
jpn_Jpan,98,10,61
jpn_Jpan,98,11,13
jpn_Jpan,98,12,39
jpn_Jpan,98,13,61
jpn_Jpan,98,14,39
jpn_Jpan,98,15,13
jpn_Jpan,98,16,19
jpn_Jpan,98,17,13
jpn_Jpan,98,18,19
jpn_Jpan,98,19,13
jpn_Jpan,98,20,24
jpn_Jpan,98,21,1
jpn_Jpan,98,22,13
jpn_Jpan,98,23,61
jpn_Jpan,98,24,26
jpn_Jpan,98,25,36
jpn_Jpan,98,26,26
jpn_Jpan,98,27,47
jpn_Jpan,98,28,13
jpn_Jpan,98,29,24
jpn_Jpan,98,30,61
jpn_Jpan,98,31,36
jpn_Jpan,99,0,60
jpn_Jpan,99,1,13
jpn_Jpan,99,2,47
jpn_Jpan,99,3,13
jpn_Jpan,99,4,24
jpn_Jpan,99,5,13
jpn_Jpan,99,6,24
jpn_Jpan,99,7,24
jpn_Jpan,99,8,52
jpn_Jpan,99,9,47
jpn_Jpan,99,10,13
jpn_Jpan,100,0,60
jpn_Jpan,100,1,19
jpn_Jpan,100,2,36
jpn_Jpan,100,3,36
jpn_Jpan,100,4,19
jpn_Jpan,100,5,19
jpn_Jpan,100,6,36
jpn_Jpan,101,0,60
jpn_Jpan,101,1,13
jpn_Jpan,101,2,13
jpn_Jpan,101,3,24
jpn_Jpan,101,4,52
jpn_Jpan,101,5,52
jpn_Jpan,101,6,52
jpn_Jpan,101,7,52
jpn_Jpan,101,8,19
jpn_Jpan,101,9,34
jpn_Jpan,101,10,24
jpn_Jpan,101,11,19
jpn_Jpan,101,12,13
jpn_Jpan,101,13,13
jpn_Jpan,101,14,24
jpn_Jpan,101,15,19
jpn_Jpan,101,16,13
jpn_Jpan,101,17,34
jpn_Jpan,102,0,60
jpn_Jpan,102,1,19
jpn_Jpan,102,2,13
jpn_Jpan,102,3,13
jpn_Jpan,102,4,13
jpn_Jpan,102,5,24
jpn_Jpan,102,6,13
jpn_Jpan,102,7,37
jpn_Jpan,102,8,36
jpn_Jpan,102,9,24
jpn_Jpan,102,10,24
jpn_Jpan,102,11,19
jpn_Jpan,102,12,13
jpn_Jpan,102,13,34
jpn_Jpan,102,14,24
jpn_Jpan,102,15,19
jpn_Jpan,102,16,13
jpn_Jpan,102,17,13
jpn_Jpan,102,18,34
jpn_Jpan,102,19,13
jpn_Jpan,102,20,47
jpn_Jpan,102,21,13
jpn_Jpan,102,22,34
jpn_Jpan,102,23,24
jpn_Jpan,102,24,24
jpn_Jpan,102,25,13
jpn_Jpan,102,26,13
jpn_Jpan,102,27,24
jpn_Jpan,102,28,24
jpn_Jpan,102,29,36
jpn_Jpan,102,30,24
jpn_Jpan,102,31,13
jpn_Jpan,102,32,19
jpn_Jpan,102,33,13
jpn_Jpan,102,34,19
jpn_Jpan,102,35,13
jpn_Jpan,102,36,24
jpn_Jpan,102,37,13
jpn_Jpan,102,38,34
jpn_Jpan,102,39,13
jpn_Jpan,102,40,13
jpn_Jpan,102,41,34
jpn_Jpan,102,42,47
jpn_Jpan,102,43,13
jpn_Jpan,102,44,34
eng_Latn,103,0,60
eng_Latn,103,1,41
jpn_Jpan,104,0,60
jpn_Jpan,104,1,54
jpn_Jpan,104,2,40
jpn_Jpan,104,3,1
jpn_Jpan,104,4,52
jpn_Jpan,104,5,7
jpn_Jpan,104,6,47
jpn_Jpan,104,7,1
jpn_Jpan,104,8,52
jpn_Jpan,105,0,60
jpn_Jpan,105,1,7
jpn_Jpan,106,0,60
jpn_Jpan,106,1,13
jpn_Jpan,106,2,13
jpn_Jpan,106,3,19
jpn_Jpan,106,4,13
jpn_Jpan,106,5,13
jpn_Jpan,106,6,13
jpn_Jpan,106,7,36
jpn_Jpan,106,8,61
jpn_Jpan,106,9,13
jpn_Jpan,106,10,61
jpn_Jpan,106,11,13
jpn_Jpan,106,12,13
jpn_Jpan,106,13,36
eng_Latn,107,0,60
eng_Latn,107,1,16
eng_Latn,107,2,37
eng_Latn,107,3,52
eng_Latn,107,4,16
eng_Latn,107,5,52
eng_Latn,107,6,9
eng_Latn,107,7,4
eng_Latn,107,8,1
eng_Latn,107,9,19
eng_Latn,107,10,4
jpn_Jpan,108,0,60
jpn_Jpan,108,1,13
jpn_Jpan,108,2,13
jpn_Jpan,108,3,24
jpn_Jpan,108,4,13
jpn_Jpan,108,5,47
jpn_Jpan,108,6,13
jpn_Jpan,108,7,13
jpn_Jpan,108,8,19
jpn_Jpan,108,9,13
jpn_Jpan,108,10,13
jpn_Jpan,108,11,13
jpn_Jpan,108,12,24
jpn_Jpan,108,13,47
jpn_Jpan,108,14,13
jpn_Jpan,108,15,7
jpn_Jpan,108,16,13
jpn_Jpan,108,17,13
jpn_Jpan,108,18,24
jpn_Jpan,108,19,24
jpn_Jpan,108,20,13
jpn_Jpan,108,21,13
jpn_Jpan,108,22,19
jpn_Jpan,108,23,13
jpn_Jpan,108,24,19
jpn_Jpan,108,25,13
jpn_Jpan,108,26,13
jpn_Jpan,108,27,13
jpn_Jpan,108,28,61
jpn_Jpan,108,29,61
jpn_Jpan,108,30,13
jpn_Jpan,108,31,13
eng_Latn,109,0,60
eng_Latn,109,1,22
eng_Latn,109,2,52
eng_Latn,109,3,37
eng_Latn,109,4,22
jpn_Jpan,110,0,60
jpn_Jpan,110,1,12
jpn_Jpan,110,2,7
jpn_Jpan,110,3,12
jpn_Jpan,110,4,7
jpn_Jpan,110,5,12
jpn_Jpan,110,6,58
jpn_Jpan,111,0,60
jpn_Jpan,111,1,11
jpn_Jpan,111,2,19
jpn_Jpan,111,3,13
jpn_Jpan,111,4,13
jpn_Jpan,111,5,13
jpn_Jpan,111,6,24
jpn_Jpan,111,7,47
jpn_Jpan,111,8,19
jpn_Jpan,111,9,13
jpn_Jpan,111,10,13
jpn_Jpan,111,11,19
jpn_Jpan,111,12,13
jpn_Jpan,111,13,19
jpn_Jpan,111,14,34
jpn_Jpan,111,15,12
jpn_Jpan,111,16,19
jpn_Jpan,111,17,36
jpn_Jpan,111,18,51
jpn_Jpan,111,19,24
jpn_Jpan,111,20,19
jpn_Jpan,111,21,13
jpn_Jpan,111,22,13
jpn_Jpan,111,23,24
jpn_Jpan,111,24,47
jpn_Jpan,111,25,13
jpn_Jpan,111,26,24
jpn_Jpan,111,27,13
jpn_Jpan,111,28,19
jpn_Jpan,111,29,13
jpn_Jpan,111,30,24
jpn_Jpan,111,31,13
jpn_Jpan,111,32,13
jpn_Jpan,111,33,7
jpn_Jpan,111,34,24
jpn_Jpan,111,35,13
jpn_Jpan,111,36,13
jpn_Jpan,111,37,13
jpn_Jpan,111,38,13
jpn_Jpan,111,39,13
jpn_Jpan,111,40,34
jpn_Jpan,111,41,39
jpn_Jpan,111,42,13
jpn_Jpan,111,43,13
jpn_Jpan,111,44,51
jpn_Jpan,111,45,51
jpn_Jpan,112,0,60
jpn_Jpan,112,1,9
jpn_Jpan,112,2,39
jpn_Jpan,112,3,39
jpn_Jpan,112,4,7
jpn_Jpan,112,5,13
jpn_Jpan,112,6,12
jpn_Jpan,112,7,13
jpn_Jpan,112,8,19
jpn_Jpan,112,9,13
jpn_Jpan,112,10,37
jpn_Jpan,112,11,52
jpn_Jpan,112,12,52
jpn_Jpan,112,13,13
jpn_Jpan,112,14,13
jpn_Jpan,112,15,13
jpn_Jpan,112,16,13
jpn_Jpan,112,17,13
jpn_Jpan,112,18,13
jpn_Jpan,112,19,13
jpn_Jpan,112,20,61
jpn_Jpan,112,21,13
jpn_Jpan,112,22,61
jpn_Jpan,112,23,13
jpn_Jpan,112,24,39
jpn_Jpan,112,25,24
jpn_Jpan,112,26,24
jpn_Jpan,112,27,13
jpn_Jpan,112,28,13
jpn_Jpan,112,29,13
jpn_Jpan,112,30,19
jpn_Jpan,112,31,13
jpn_Jpan,112,32,13
jpn_Jpan,112,33,47
jpn_Jpan,112,34,1
jpn_Jpan,112,35,19
jpn_Jpan,112,36,13
jpn_Jpan,113,0,60
jpn_Jpan,113,1,11
jpn_Jpan,113,2,13
jpn_Jpan,113,3,13
jpn_Jpan,113,4,13
jpn_Jpan,113,5,24
jpn_Jpan,113,6,24
jpn_Jpan,113,7,52
jpn_Jpan,113,8,1
jpn_Jpan,113,9,24
jpn_Jpan,113,10,13
jpn_Jpan,113,11,61
jpn_Jpan,113,12,13
jpn_Jpan,113,13,24
jpn_Jpan,113,14,19
jpn_Jpan,113,15,13
jpn_Jpan,113,16,13
jpn_Jpan,113,17,19
jpn_Jpan,113,18,13
jpn_Jpan,113,19,24
jpn_Jpan,113,20,13
jpn_Jpan,113,21,13
jpn_Jpan,113,22,13
jpn_Jpan,113,23,13
jpn_Jpan,113,24,36
jpn_Jpan,113,25,34
jpn_Jpan,114,0,60
jpn_Jpan,114,1,13
jpn_Jpan,114,2,24
jpn_Jpan,114,3,39
jpn_Jpan,114,4,7
jpn_Jpan,114,5,24
jpn_Jpan,114,6,13
jpn_Jpan,114,7,19
jpn_Jpan,114,8,34
jpn_Jpan,114,9,13
jpn_Jpan,114,10,34
jpn_Jpan,114,11,24
jpn_Jpan,114,12,24
jpn_Jpan,114,13,36
jpn_Jpan,114,14,13
jpn_Jpan,114,15,47
jpn_Jpan,114,16,13
jpn_Jpan,114,17,13
jpn_Jpan,114,18,34
jpn_Jpan,114,19,34
jpn_Jpan,115,0,60
jpn_Jpan,115,1,13
jpn_Jpan,115,2,19
jpn_Jpan,115,3,36
jpn_Jpan,115,4,19
jpn_Jpan,115,5,36
jpn_Jpan,115,6,61
jpn_Jpan,115,7,13
jpn_Jpan,115,8,24
jpn_Jpan,115,9,61
jpn_Jpan,115,10,13
jpn_Jpan,115,11,19
jpn_Jpan,115,12,13
jpn_Jpan,115,13,24
jpn_Jpan,115,14,61
jpn_Jpan,115,15,61
jpn_Jpan,115,16,19
jpn_Jpan,115,17,13
jpn_Jpan,115,18,19
jpn_Jpan,115,19,13
jpn_Jpan,115,20,19
jpn_Jpan,115,21,13
jpn_Jpan,115,22,47
jpn_Jpan,115,23,19
jpn_Jpan,115,24,13
jpn_Jpan,115,25,36
jpn_Jpan,115,26,24
jpn_Jpan,115,27,47
jpn_Jpan,115,28,47
jpn_Jpan,115,29,7
jpn_Jpan,115,30,13
jpn_Jpan,115,31,24
jpn_Jpan,115,32,47
jpn_Jpan,115,33,13
jpn_Jpan,115,34,19
jpn_Jpan,115,35,13
jpn_Jpan,115,36,13
jpn_Jpan,115,37,24
jpn_Jpan,115,38,13
jpn_Jpan,115,39,34
jpn_Jpan,115,40,34
jpn_Jpan,116,0,60
jpn_Jpan,116,1,36
jpn_Jpan,116,2,13
jpn_Jpan,116,3,24
jpn_Jpan,116,4,19
jpn_Jpan,116,5,13
jpn_Jpan,116,6,13
jpn_Jpan,116,7,24
jpn_Jpan,116,8,13
jpn_Jpan,116,9,24
jpn_Jpan,116,10,13
jpn_Jpan,116,11,13
jpn_Jpan,116,12,13
jpn_Jpan,116,13,34
jpn_Jpan,116,14,4
jpn_Jpan,116,15,51
jpn_Jpan,117,0,60
jpn_Jpan,117,1,13
jpn_Jpan,117,2,13
jpn_Jpan,117,3,24
jpn_Jpan,117,4,52
jpn_Jpan,117,5,36
jpn_Jpan,117,6,52
jpn_Jpan,117,7,19
jpn_Jpan,117,8,13
jpn_Jpan,117,9,24
jpn_Jpan,117,10,19
jpn_Jpan,117,11,13
jpn_Jpan,117,12,47
jpn_Jpan,117,13,7
jpn_Jpan,117,14,34
jpn_Jpan,118,0,60
jpn_Jpan,118,1,13
jpn_Jpan,118,2,19
jpn_Jpan,118,3,19
jpn_Jpan,118,4,13
jpn_Jpan,118,5,13
jpn_Jpan,118,6,47
jpn_Jpan,118,7,13
jpn_Jpan,118,8,39
jpn_Jpan,118,9,13
jpn_Jpan,118,10,24
jpn_Jpan,118,11,52
jpn_Jpan,118,12,52
jpn_Jpan,118,13,13
jpn_Jpan,118,14,13
jpn_Jpan,118,15,13
jpn_Jpan,118,16,13
jpn_Jpan,118,17,34
jpn_Jpan,118,18,52
jpn_Jpan,118,19,13
jpn_Jpan,118,20,24
jpn_Jpan,118,21,47
jpn_Jpan,118,22,47
jpn_Jpan,118,23,13
jpn_Jpan,118,24,24
jpn_Jpan,118,25,52
jpn_Jpan,118,26,24
jpn_Jpan,118,27,13
jpn_Jpan,118,28,13
jpn_Jpan,118,29,13
jpn_Jpan,118,30,24
jpn_Jpan,118,31,13
jpn_Jpan,118,32,34
jpn_Jpan,118,33,51
jpn_Jpan,118,34,51
eng_Latn,119,0,60
eng_Latn,119,1,38
eng_Latn,119,2,48
eng_Latn,119,3,41
eng_Latn,119,4,46
eng_Latn,119,5,56
eng_Latn,119,6,53
eng_Latn,119,7,35
eng_Latn,119,8,63
jpn_Jpan,120,0,60
jpn_Jpan,120,1,39
jpn_Jpan,120,2,24
jpn_Jpan,120,3,13
jpn_Jpan,120,4,13
jpn_Jpan,120,5,24
jpn_Jpan,120,6,19
jpn_Jpan,120,7,36
jpn_Jpan,120,8,13
jpn_Jpan,120,9,13
jpn_Jpan,120,10,13
jpn_Jpan,120,11,34
jpn_Jpan,120,12,24
jpn_Jpan,120,13,24
jpn_Jpan,120,14,13
jpn_Jpan,120,15,24
jpn_Jpan,120,16,24
jpn_Jpan,120,17,19
jpn_Jpan,120,18,13
jpn_Jpan,120,19,13
jpn_Jpan,120,20,19
jpn_Jpan,120,21,13
jpn_Jpan,120,22,13
jpn_Jpan,120,23,13
jpn_Jpan,120,24,13
jpn_Jpan,120,25,19
jpn_Jpan,120,26,13
jpn_Jpan,120,27,34
jpn_Jpan,120,28,51
jpn_Jpan,121,0,60
jpn_Jpan,121,1,13
jpn_Jpan,121,2,13
jpn_Jpan,121,3,24
jpn_Jpan,121,4,13
jpn_Jpan,121,5,24
jpn_Jpan,121,6,40
jpn_Jpan,121,7,7
jpn_Jpan,121,8,61
jpn_Jpan,121,9,7
jpn_Jpan,121,10,61
jpn_Jpan,121,11,51
jpn_Jpan,122,0,60
jpn_Jpan,122,1,19
jpn_Jpan,122,2,61
jpn_Jpan,122,3,1
jpn_Jpan,123,0,60
jpn_Jpan,123,1,13
jpn_Jpan,123,2,13
jpn_Jpan,123,3,24
jpn_Jpan,123,4,13
jpn_Jpan,123,5,24
jpn_Jpan,123,6,24
jpn_Jpan,123,7,24
jpn_Jpan,123,8,13
jpn_Jpan,123,9,13
jpn_Jpan,123,10,61
jpn_Jpan,123,11,13
jpn_Jpan,123,12,13
jpn_Jpan,123,13,13
jpn_Jpan,123,14,13
jpn_Jpan,123,15,19
jpn_Jpan,123,16,13
jpn_Jpan,123,17,19
jpn_Jpan,123,18,24
jpn_Jpan,123,19,24
jpn_Jpan,123,20,19
jpn_Jpan,123,21,13
jpn_Jpan,123,22,19
jpn_Jpan,123,23,24
jpn_Jpan,123,24,24
jpn_Jpan,123,25,13
jpn_Jpan,123,26,13
jpn_Jpan,123,27,13
jpn_Jpan,123,28,13
jpn_Jpan,123,29,13
jpn_Jpan,123,30,13
jpn_Jpan,123,31,13
jpn_Jpan,123,32,13
jpn_Jpan,123,33,24
jpn_Jpan,123,34,13
jpn_Jpan,123,35,13
jpn_Jpan,123,36,34
eng_Latn,124,0,60
eng_Latn,124,1,18
eng_Latn,124,2,18
eng_Latn,124,3,20
eng_Latn,124,4,28
eng_Latn,124,5,34
eng_Latn,124,6,34
jpn_Jpan,125,0,60
jpn_Jpan,125,1,19
jpn_Jpan,125,2,13
jpn_Jpan,125,3,13
jpn_Jpan,125,4,24
jpn_Jpan,125,5,24
jpn_Jpan,125,6,19
jpn_Jpan,125,7,13
jpn_Jpan,125,8,7
jpn_Jpan,125,9,13
jpn_Jpan,125,10,34
jpn_Jpan,125,11,9
jpn_Jpan,125,12,52
jpn_Jpan,125,13,61
jpn_Jpan,125,14,13
jpn_Jpan,125,15,13
jpn_Jpan,125,16,24
jpn_Jpan,125,17,13
jpn_Jpan,125,18,47
jpn_Jpan,125,19,1
jpn_Jpan,125,20,52
jpn_Jpan,125,21,47
jpn_Jpan,125,22,39
jpn_Jpan,125,23,24
jpn_Jpan,125,24,19
jpn_Jpan,125,25,19
jpn_Jpan,125,26,13
jpn_Jpan,125,27,47
jpn_Jpan,125,28,13
jpn_Jpan,125,29,19
jpn_Jpan,125,30,13
jpn_Jpan,125,31,24
jpn_Jpan,125,32,13
jpn_Jpan,125,33,13
jpn_Jpan,125,34,47
jpn_Jpan,125,35,47
jpn_Jpan,125,36,13
jpn_Jpan,125,37,24
jpn_Jpan,125,38,19
jpn_Jpan,125,39,13
jpn_Jpan,125,40,19
jpn_Jpan,125,41,34
jpn_Jpan,125,42,42
jpn_Jpan,125,43,19
jpn_Jpan,125,44,36
jpn_Jpan,125,45,47
jpn_Jpan,125,46,13
jpn_Jpan,125,47,9
jpn_Jpan,125,48,58
jpn_Jpan,125,49,12
jpn_Jpan,125,50,9
eng_Latn,126,0,60
eng_Latn,126,1,9
eng_Latn,126,2,38
eng_Latn,126,3,15
eng_Latn,126,4,56
eng_Latn,126,5,63
eng_Latn,126,6,63
eng_Latn,126,7,37
eng_Latn,126,8,49
eng_Latn,126,9,63
eng_Latn,126,10,37
jpn_Jpan,127,0,60
jpn_Jpan,127,1,13
jpn_Jpan,127,2,1
jpn_Jpan,127,3,13
jpn_Jpan,127,4,13
jpn_Jpan,127,5,12
jpn_Jpan,127,6,26
jpn_Jpan,127,7,13
jpn_Jpan,127,8,24
jpn_Jpan,127,9,24
jpn_Jpan,127,10,19
jpn_Jpan,127,11,13
jpn_Jpan,127,12,47
jpn_Jpan,127,13,24
jpn_Jpan,127,14,24
jpn_Jpan,127,15,19
jpn_Jpan,127,16,13
jpn_Jpan,127,17,47
jpn_Jpan,127,18,13
jpn_Jpan,127,19,24
jpn_Jpan,127,20,47
jpn_Jpan,127,21,39
jpn_Jpan,127,22,13
jpn_Jpan,127,23,13
jpn_Jpan,128,0,60
jpn_Jpan,128,1,19
jpn_Jpan,128,2,13
jpn_Jpan,128,3,52
jpn_Jpan,128,4,47
jpn_Jpan,128,5,13
jpn_Jpan,128,6,24
jpn_Jpan,128,7,47
jpn_Jpan,128,8,13
jpn_Jpan,128,9,13
jpn_Jpan,128,10,13
jpn_Jpan,128,11,19
jpn_Jpan,128,12,13
jpn_Jpan,128,13,24
jpn_Jpan,128,14,13
jpn_Jpan,128,15,19
jpn_Jpan,128,16,13
jpn_Jpan,128,17,13
jpn_Jpan,128,18,24
jpn_Jpan,128,19,19
jpn_Jpan,128,20,13
jpn_Jpan,128,21,34
jpn_Jpan,128,22,24
jpn_Jpan,128,23,13
jpn_Jpan,128,24,34
jpn_Jpan,129,0,60
jpn_Jpan,129,1,13
jpn_Jpan,129,2,19
jpn_Jpan,129,3,13
jpn_Jpan,129,4,13
jpn_Jpan,129,5,7
jpn_Jpan,129,6,24
jpn_Jpan,129,7,13
jpn_Jpan,129,8,39
jpn_Jpan,129,9,13
jpn_Jpan,129,10,11
jpn_Jpan,129,11,13
jpn_Jpan,129,12,19
jpn_Jpan,129,13,39
jpn_Jpan,129,14,13
jpn_Jpan,129,15,34
jpn_Jpan,129,16,13
jpn_Jpan,129,17,34
eng_Latn,130,0,60
eng_Latn,130,1,9
eng_Latn,130,2,19
eng_Latn,130,3,22
eng_Latn,130,4,22
eng_Latn,130,5,58
eng_Latn,130,6,12
eng_Latn,130,7,47
eng_Latn,131,0,60
eng_Latn,131,1,54
eng_Latn,131,2,9
eng_Latn,131,3,9
eng_Latn,131,4,54
eng_Latn,131,5,56
eng_Latn,131,6,8
eng_Latn,131,7,16
jpn_Jpan,132,0,60
jpn_Jpan,132,1,13
jpn_Jpan,132,2,24
jpn_Jpan,132,3,24
jpn_Jpan,132,4,52
jpn_Jpan,132,5,13
jpn_Jpan,132,6,24
jpn_Jpan,132,7,13
jpn_Jpan,132,8,39
jpn_Jpan,132,9,52
jpn_Jpan,132,10,47
jpn_Jpan,132,11,19
jpn_Jpan,132,12,13
jpn_Jpan,132,13,24
jpn_Jpan,132,14,24
jpn_Jpan,132,15,61
jpn_Jpan,132,16,13
jpn_Jpan,132,17,13
jpn_Jpan,132,18,24
jpn_Jpan,132,19,13
jpn_Jpan,132,20,47
jpn_Jpan,132,21,19
jpn_Jpan,132,22,61
jpn_Jpan,132,23,13
jpn_Jpan,132,24,7
jpn_Jpan,132,25,13
jpn_Jpan,132,26,24
jpn_Jpan,132,27,47
jpn_Jpan,132,28,13
jpn_Jpan,132,29,13
jpn_Jpan,132,30,13
jpn_Jpan,132,31,13
jpn_Jpan,132,32,34
jpn_Jpan,132,33,61
jpn_Jpan,132,34,19
jpn_Jpan,132,35,19
jpn_Jpan,132,36,34
jpn_Jpan,132,37,13
jpn_Jpan,132,38,34
jpn_Jpan,132,39,24
jpn_Jpan,132,40,13
eng_Latn,133,0,60
eng_Latn,133,1,35
eng_Latn,133,2,9
eng_Latn,133,3,56
eng_Latn,133,4,41
eng_Latn,133,5,4
eng_Latn,133,6,4
eng_Latn,133,7,14
eng_Latn,133,8,5
eng_Latn,133,9,26
eng_Latn,133,10,26
jpn_Jpan,134,0,60
jpn_Jpan,134,1,13
jpn_Jpan,134,2,13
jpn_Jpan,134,3,24
jpn_Jpan,134,4,13
jpn_Jpan,134,5,13
jpn_Jpan,134,6,13
jpn_Jpan,134,7,24
jpn_Jpan,134,8,24
jpn_Jpan,134,9,61
jpn_Jpan,134,10,19
jpn_Jpan,134,11,13
jpn_Jpan,134,12,24
jpn_Jpan,134,13,24
jpn_Jpan,134,14,13
jpn_Jpan,134,15,13
jpn_Jpan,134,16,36
jpn_Jpan,134,17,19
jpn_Jpan,134,18,13
jpn_Jpan,134,19,13
jpn_Jpan,134,20,13
jpn_Jpan,134,21,13
jpn_Jpan,134,22,13
jpn_Jpan,134,23,24
jpn_Jpan,134,24,13
jpn_Jpan,134,25,19
jpn_Jpan,134,26,36
jpn_Jpan,134,27,13
jpn_Jpan,134,28,61
jpn_Jpan,134,29,34
jpn_Jpan,134,30,47
jpn_Jpan,134,31,47
jpn_Jpan,134,32,34
jpn_Jpan,134,33,24
jpn_Jpan,134,34,13
jpn_Jpan,134,35,13
jpn_Jpan,134,36,34
jpn_Jpan,134,37,34
eng_Latn,135,0,60
eng_Latn,135,1,22
eng_Latn,135,2,42
eng_Latn,135,3,38
eng_Latn,135,4,19
eng_Latn,135,5,8
eng_Latn,135,6,19
eng_Latn,135,7,8
eng_Latn,135,8,5
eng_Latn,135,9,51
eng_Latn,135,10,8
eng_Latn,135,11,8
eng_Latn,135,12,15
jpn_Jpan,136,0,60
jpn_Jpan,136,1,24
jpn_Jpan,136,2,39
jpn_Jpan,136,3,39
jpn_Jpan,136,4,39
jpn_Jpan,136,5,47
jpn_Jpan,136,6,39
jpn_Jpan,136,7,12
jpn_Jpan,136,8,22
jpn_Jpan,137,0,60
jpn_Jpan,137,1,13
jpn_Jpan,137,2,19
jpn_Jpan,137,3,13
jpn_Jpan,137,4,19
jpn_Jpan,137,5,13
jpn_Jpan,137,6,24
jpn_Jpan,137,7,13
jpn_Jpan,137,8,24
jpn_Jpan,137,9,47
jpn_Jpan,137,10,13
jpn_Jpan,137,11,13
jpn_Jpan,137,12,13
jpn_Jpan,137,13,24
jpn_Jpan,137,14,47
jpn_Jpan,137,15,13
jpn_Jpan,137,16,47
jpn_Jpan,137,17,19
jpn_Jpan,137,18,34
jpn_Jpan,137,19,13
jpn_Jpan,137,20,13
jpn_Jpan,137,21,13
jpn_Jpan,137,22,24
jpn_Jpan,137,23,13
jpn_Jpan,137,24,13
jpn_Jpan,137,25,34
jpn_Jpan,137,26,34
jpn_Jpan,137,27,9
jpn_Jpan,138,0,60
jpn_Jpan,138,1,13
jpn_Jpan,138,2,36
jpn_Jpan,138,3,24
jpn_Jpan,138,4,47
jpn_Jpan,138,5,40
jpn_Jpan,138,6,36
jpn_Jpan,138,7,24
jpn_Jpan,138,8,47
jpn_Jpan,138,9,52
jpn_Jpan,138,10,13
jpn_Jpan,138,11,13
jpn_Jpan,138,12,19
jpn_Jpan,138,13,13
jpn_Jpan,138,14,13
jpn_Jpan,138,15,34
jpn_Jpan,138,16,13
jpn_Jpan,138,17,13
jpn_Jpan,138,18,36
jpn_Jpan,138,19,13
jpn_Jpan,138,20,36
jpn_Jpan,138,21,11
jpn_Jpan,138,22,24
jpn_Jpan,138,23,47
jpn_Jpan,138,24,7
jpn_Jpan,138,25,36
jpn_Jpan,138,26,24
jpn_Jpan,138,27,13
jpn_Jpan,138,28,19
jpn_Jpan,138,29,13
jpn_Jpan,138,30,13
jpn_Jpan,138,31,13
jpn_Jpan,138,32,19
jpn_Jpan,138,33,13
jpn_Jpan,138,34,13
jpn_Jpan,138,35,13
jpn_Jpan,138,36,13
jpn_Jpan,138,37,36
jpn_Jpan,138,38,13
jpn_Jpan,138,39,34
eng_Latn,139,0,60
eng_Latn,139,1,57
eng_Latn,139,2,45
eng_Latn,139,3,15
eng_Latn,139,4,10
eng_Latn,139,5,18
eng_Latn,139,6,16
eng_Latn,139,7,56
eng_Latn,139,8,57
eng_Latn,140,0,60
eng_Latn,140,1,18
eng_Latn,140,2,18
eng_Latn,140,3,29
eng_Latn,140,4,51
eng_Latn,140,5,52
eng_Latn,140,6,49
eng_Latn,141,0,60
eng_Latn,141,1,12
eng_Latn,141,2,42
eng_Latn,141,3,22
eng_Latn,141,4,27
eng_Latn,141,5,49
eng_Latn,141,6,9
eng_Latn,141,7,40
jpn_Jpan,142,0,60
jpn_Jpan,142,1,13
jpn_Jpan,142,2,19
jpn_Jpan,142,3,13
jpn_Jpan,142,4,7
jpn_Jpan,142,5,9
jpn_Jpan,142,6,9
jpn_Jpan,142,7,1
jpn_Jpan,142,8,13
jpn_Jpan,142,9,13
jpn_Jpan,142,10,13
jpn_Jpan,142,11,13
jpn_Jpan,142,12,19
jpn_Jpan,142,13,36
jpn_Jpan,142,14,47
jpn_Jpan,142,15,19
jpn_Jpan,142,16,36
jpn_Jpan,142,17,24
jpn_Jpan,142,18,61
jpn_Jpan,142,19,13
jpn_Jpan,142,20,24
jpn_Jpan,142,21,24
jpn_Jpan,142,22,13
jpn_Jpan,142,23,13
jpn_Jpan,142,24,61
jpn_Jpan,142,25,61
jpn_Jpan,142,26,13
jpn_Jpan,143,0,60
jpn_Jpan,143,1,13
jpn_Jpan,143,2,24
jpn_Jpan,143,3,13
jpn_Jpan,143,4,13
jpn_Jpan,143,5,36
jpn_Jpan,143,6,19
jpn_Jpan,143,7,13
jpn_Jpan,143,8,19
jpn_Jpan,143,9,36
jpn_Jpan,143,10,13
jpn_Jpan,143,11,47
jpn_Jpan,143,12,19
jpn_Jpan,143,13,13
jpn_Jpan,143,14,24
jpn_Jpan,143,15,13
jpn_Jpan,143,16,13
jpn_Jpan,143,17,13
jpn_Jpan,143,18,13
jpn_Jpan,143,19,24
jpn_Jpan,143,20,13
jpn_Jpan,143,21,13
jpn_Jpan,143,22,24
jpn_Jpan,143,23,61
jpn_Jpan,143,24,13
jpn_Jpan,143,25,13
jpn_Jpan,143,26,24
jpn_Jpan,143,27,13
jpn_Jpan,143,28,34
jpn_Jpan,143,29,24
jpn_Jpan,143,30,34
jpn_Jpan,143,31,34
eng_Latn,144,0,60
eng_Latn,144,1,9
eng_Latn,144,2,40
eng_Latn,144,3,61
eng_Latn,144,4,33
eng_Latn,144,5,15
eng_Latn,144,6,26
eng_Latn,144,7,61
eng_Latn,144,8,1
eng_Latn,144,9,47
eng_Latn,144,10,33
eng_Latn,144,11,61
eng_Latn,145,0,60
eng_Latn,145,1,35
eng_Latn,145,2,54
eng_Latn,145,3,0
eng_Latn,145,4,9
eng_Latn,145,5,56
eng_Latn,145,6,38
eng_Latn,145,7,57
jpn_Jpan,146,0,60
jpn_Jpan,146,1,13
jpn_Jpan,146,2,19
jpn_Jpan,146,3,13
jpn_Jpan,146,4,13
jpn_Jpan,146,5,47
jpn_Jpan,146,6,19
jpn_Jpan,146,7,47
jpn_Jpan,146,8,7
jpn_Jpan,146,9,13
jpn_Jpan,146,10,1
jpn_Jpan,146,11,13
jpn_Jpan,146,12,13
jpn_Jpan,146,13,13
jpn_Jpan,146,14,13
jpn_Jpan,146,15,39
jpn_Jpan,146,16,13
jpn_Jpan,146,17,13
jpn_Jpan,146,18,47
jpn_Jpan,146,19,13
jpn_Jpan,146,20,19
jpn_Jpan,146,21,13
jpn_Jpan,146,22,19
jpn_Jpan,146,23,13
jpn_Jpan,146,24,13
jpn_Jpan,146,25,13
jpn_Jpan,146,26,24
jpn_Jpan,146,27,13
jpn_Jpan,146,28,34
jpn_Jpan,147,0,60
jpn_Jpan,147,1,12
jpn_Jpan,147,2,12
jpn_Jpan,147,3,61
jpn_Jpan,147,4,13
jpn_Jpan,147,5,19
jpn_Jpan,147,6,36
jpn_Jpan,147,7,47
jpn_Jpan,147,8,47
jpn_Jpan,147,9,19
jpn_Jpan,147,10,13
jpn_Jpan,147,11,13
jpn_Jpan,147,12,13
jpn_Jpan,147,13,13
jpn_Jpan,147,14,19
jpn_Jpan,147,15,13
jpn_Jpan,147,16,13
jpn_Jpan,147,17,24
jpn_Jpan,147,18,47
jpn_Jpan,147,19,13
jpn_Jpan,147,20,24
jpn_Jpan,147,21,19
jpn_Jpan,147,22,13
jpn_Jpan,147,23,19
jpn_Jpan,147,24,34
jpn_Jpan,147,25,13
jpn_Jpan,147,26,13
jpn_Jpan,147,27,19
jpn_Jpan,147,28,13
jpn_Jpan,147,29,34
jpn_Jpan,147,30,24
jpn_Jpan,147,31,13
jpn_Jpan,147,32,13
jpn_Jpan,147,33,13
jpn_Jpan,147,34,13
jpn_Jpan,147,35,34
jpn_Jpan,148,0,60
jpn_Jpan,148,1,13
jpn_Jpan,148,2,24
jpn_Jpan,148,3,61
jpn_Jpan,148,4,13
jpn_Jpan,148,5,7
jpn_Jpan,148,6,24
jpn_Jpan,148,7,1
jpn_Jpan,148,8,13
jpn_Jpan,148,9,24
jpn_Jpan,148,10,13
jpn_Jpan,148,11,19
jpn_Jpan,148,12,34
jpn_Jpan,148,13,24
jpn_Jpan,148,14,24
jpn_Jpan,148,15,19
jpn_Jpan,148,16,13
jpn_Jpan,148,17,24
jpn_Jpan,148,18,13
jpn_Jpan,148,19,19
jpn_Jpan,148,20,13
jpn_Jpan,148,21,24
jpn_Jpan,148,22,47
jpn_Jpan,148,23,13
jpn_Jpan,148,24,13
jpn_Jpan,148,25,24
jpn_Jpan,148,26,13
jpn_Jpan,148,27,13
jpn_Jpan,148,28,13
jpn_Jpan,148,29,24
jpn_Jpan,148,30,19
jpn_Jpan,148,31,13
jpn_Jpan,148,32,13
jpn_Jpan,148,33,34
eng_Latn,149,0,60
eng_Latn,149,1,19
eng_Latn,149,2,53
eng_Latn,149,3,38
eng_Latn,149,4,46
eng_Latn,149,5,23
eng_Latn,150,0,60
eng_Latn,150,1,14
eng_Latn,150,2,48
eng_Latn,150,3,37
jpn_Jpan,151,0,60
jpn_Jpan,151,1,60
jpn_Jpan,151,2,13
jpn_Jpan,151,3,13
jpn_Jpan,151,4,60
jpn_Jpan,151,5,13
jpn_Jpan,151,6,24
jpn_Jpan,151,7,13
jpn_Jpan,151,8,19
jpn_Jpan,151,9,13
jpn_Jpan,151,10,24
jpn_Jpan,151,11,13
jpn_Jpan,151,12,13
jpn_Jpan,151,13,24
jpn_Jpan,151,14,13
jpn_Jpan,151,15,24
jpn_Jpan,151,16,19
jpn_Jpan,151,17,13
jpn_Jpan,151,18,13
jpn_Jpan,151,19,13
jpn_Jpan,151,20,24
jpn_Jpan,151,21,34
jpn_Jpan,152,0,60
jpn_Jpan,152,1,33
jpn_Jpan,152,2,40
jpn_Jpan,152,3,42
jpn_Jpan,152,4,22
jpn_Jpan,152,5,12
jpn_Jpan,152,6,58
jpn_Jpan,152,7,12
jpn_Jpan,152,8,61
jpn_Jpan,153,0,60
jpn_Jpan,153,1,13
jpn_Jpan,153,2,13
jpn_Jpan,153,3,61
jpn_Jpan,153,4,19
jpn_Jpan,153,5,13
jpn_Jpan,153,6,24
jpn_Jpan,153,7,13
jpn_Jpan,153,8,19
jpn_Jpan,153,9,39
jpn_Jpan,153,10,13
jpn_Jpan,153,11,13
jpn_Jpan,153,12,13
jpn_Jpan,153,13,13
jpn_Jpan,153,14,13
jpn_Jpan,153,15,13
jpn_Jpan,153,16,13
jpn_Jpan,153,17,13
jpn_Jpan,153,18,1
jpn_Jpan,153,19,52
jpn_Jpan,153,20,13
jpn_Jpan,153,21,24
jpn_Jpan,153,22,13
jpn_Jpan,153,23,13
jpn_Jpan,154,0,60
jpn_Jpan,154,1,13
jpn_Jpan,154,2,19
jpn_Jpan,154,3,13
jpn_Jpan,154,4,24
jpn_Jpan,154,5,47
jpn_Jpan,154,6,13
jpn_Jpan,154,7,19
jpn_Jpan,154,8,7
jpn_Jpan,154,9,39
jpn_Jpan,154,10,13
jpn_Jpan,154,11,13
jpn_Jpan,154,12,19
jpn_Jpan,154,13,13
jpn_Jpan,154,14,13
jpn_Jpan,154,15,13
jpn_Jpan,154,16,24
jpn_Jpan,154,17,47
jpn_Jpan,154,18,13
jpn_Jpan,154,19,61
jpn_Jpan,154,20,13
jpn_Jpan,154,21,24
jpn_Jpan,154,22,24
jpn_Jpan,154,23,24
jpn_Jpan,154,24,19
jpn_Jpan,154,25,13
jpn_Jpan,154,26,13
jpn_Jpan,155,0,60
jpn_Jpan,155,1,19
jpn_Jpan,155,2,13
jpn_Jpan,155,3,13
jpn_Jpan,155,4,24
jpn_Jpan,155,5,13
jpn_Jpan,155,6,34
jpn_Jpan,155,7,24
jpn_Jpan,155,8,13
jpn_Jpan,155,9,13
jpn_Jpan,155,10,13
jpn_Jpan,155,11,13
jpn_Jpan,155,12,34
jpn_Jpan,155,13,13
jpn_Jpan,155,14,34
eng_Latn,156,0,60
eng_Latn,156,1,61
eng_Latn,156,2,9
eng_Latn,156,3,4
eng_Latn,156,4,51
eng_Latn,156,5,35
eng_Latn,156,6,9
eng_Latn,156,7,37
eng_Latn,156,8,46
jpn_Jpan,157,0,60
jpn_Jpan,157,1,13
jpn_Jpan,157,2,47
jpn_Jpan,157,3,19
jpn_Jpan,157,4,39
jpn_Jpan,157,5,13
jpn_Jpan,157,6,13
jpn_Jpan,157,7,13
jpn_Jpan,157,8,24
jpn_Jpan,157,9,13
jpn_Jpan,157,10,13
jpn_Jpan,157,11,4
jpn_Jpan,157,12,51
jpn_Jpan,157,13,13
jpn_Jpan,157,14,13
jpn_Jpan,157,15,51
jpn_Jpan,157,16,51
jpn_Jpan,158,0,60
jpn_Jpan,158,1,40
jpn_Jpan,158,2,9
jpn_Jpan,158,3,19
jpn_Jpan,158,4,13
jpn_Jpan,158,5,13
jpn_Jpan,158,6,12
jpn_Jpan,158,7,13
jpn_Jpan,158,8,19
jpn_Jpan,158,9,12
jpn_Jpan,158,10,12
jpn_Jpan,158,11,1
jpn_Jpan,158,12,13
jpn_Jpan,158,13,24
jpn_Jpan,158,14,61
jpn_Jpan,158,15,13
jpn_Jpan,158,16,13
jpn_Jpan,158,17,36
jpn_Jpan,158,18,13
jpn_Jpan,158,19,13
jpn_Jpan,158,20,13
jpn_Jpan,158,21,13
jpn_Jpan,158,22,24
jpn_Jpan,158,23,24
jpn_Jpan,158,24,13
jpn_Jpan,158,25,19
jpn_Jpan,158,26,34
jpn_Jpan,158,27,24
jpn_Jpan,158,28,52
jpn_Jpan,158,29,52
jpn_Jpan,158,30,24
jpn_Jpan,158,31,19
jpn_Jpan,158,32,13
jpn_Jpan,158,33,24
jpn_Jpan,158,34,19
jpn_Jpan,158,35,13
jpn_Jpan,158,36,9
jpn_Jpan,158,37,13
jpn_Jpan,158,38,24
jpn_Jpan,158,39,19
jpn_Jpan,158,40,13
jpn_Jpan,158,41,13
jpn_Jpan,158,42,47
jpn_Jpan,158,43,13
jpn_Jpan,158,44,13
jpn_Jpan,158,45,34
jpn_Jpan,158,46,61
jpn_Jpan,158,47,19
jpn_Jpan,158,48,19
jpn_Jpan,158,49,13
jpn_Jpan,159,0,60
jpn_Jpan,159,1,13
jpn_Jpan,159,2,24
jpn_Jpan,159,3,29
jpn_Jpan,159,4,19
jpn_Jpan,159,5,13
jpn_Jpan,159,6,24
jpn_Jpan,159,7,13
jpn_Jpan,159,8,13
jpn_Jpan,159,9,24
jpn_Jpan,159,10,13
jpn_Jpan,159,11,13
jpn_Jpan,159,12,24
jpn_Jpan,159,13,13
jpn_Jpan,159,14,13
jpn_Jpan,159,15,24
jpn_Jpan,159,16,19
jpn_Jpan,159,17,13
jpn_Jpan,159,18,39
jpn_Jpan,159,19,19
jpn_Jpan,159,20,13
jpn_Jpan,159,21,13
jpn_Jpan,159,22,19
jpn_Jpan,159,23,13
jpn_Jpan,159,24,13
jpn_Jpan,159,25,51
jpn_Jpan,160,0,60
jpn_Jpan,160,1,24
jpn_Jpan,160,2,13
jpn_Jpan,160,3,13
jpn_Jpan,160,4,19
jpn_Jpan,160,5,19
jpn_Jpan,160,6,39
jpn_Jpan,160,7,7
jpn_Jpan,160,8,13
jpn_Jpan,160,9,13
jpn_Jpan,160,10,19
jpn_Jpan,160,11,19
jpn_Jpan,160,12,36
jpn_Jpan,160,13,24
jpn_Jpan,160,14,36
jpn_Jpan,160,15,36
jpn_Jpan,160,16,36
jpn_Jpan,160,17,13
jpn_Jpan,160,18,36
jpn_Jpan,160,19,13
jpn_Jpan,160,20,13
jpn_Jpan,160,21,34
jpn_Jpan,161,0,60
jpn_Jpan,161,1,13
jpn_Jpan,161,2,13
jpn_Jpan,161,3,13
jpn_Jpan,161,4,36
jpn_Jpan,161,5,24
jpn_Jpan,161,6,19
jpn_Jpan,161,7,13
jpn_Jpan,161,8,47
jpn_Jpan,161,9,13
jpn_Jpan,161,10,13
jpn_Jpan,161,11,24
jpn_Jpan,161,12,52
jpn_Jpan,161,13,47
jpn_Jpan,161,14,13
jpn_Jpan,161,15,13
jpn_Jpan,161,16,24
jpn_Jpan,161,17,47
jpn_Jpan,161,18,13
jpn_Jpan,161,19,13
jpn_Jpan,161,20,24
jpn_Jpan,161,21,13
jpn_Jpan,161,22,34
jpn_Jpan,161,23,13
jpn_Jpan,161,24,13
jpn_Jpan,161,25,24
jpn_Jpan,161,26,13
jpn_Jpan,161,27,34
jpn_Jpan,161,28,24
jpn_Jpan,161,29,24
jpn_Jpan,161,30,52
jpn_Jpan,161,31,24
jpn_Jpan,161,32,13
jpn_Jpan,161,33,13
jpn_Jpan,161,34,13
jpn_Jpan,161,35,13
jpn_Jpan,161,36,13
jpn_Jpan,161,37,13
jpn_Jpan,161,38,51
jpn_Jpan,161,39,24
jpn_Jpan,161,40,19
jpn_Jpan,161,41,13
jpn_Jpan,161,42,47
jpn_Jpan,161,43,13
jpn_Jpan,161,44,13
jpn_Jpan,161,45,13
jpn_Jpan,161,46,34
eng_Latn,162,0,60
eng_Latn,162,1,26
eng_Latn,162,2,26
eng_Latn,162,3,39
eng_Latn,162,4,5
eng_Latn,162,5,18
eng_Latn,162,6,53
eng_Latn,162,7,14
eng_Latn,162,8,63
eng_Latn,163,0,60
eng_Latn,163,1,13
eng_Latn,163,2,49
eng_Latn,163,3,18
eng_Latn,163,4,18
eng_Latn,163,5,3
eng_Latn,163,6,57
eng_Latn,163,7,24
eng_Latn,163,8,3
eng_Latn,163,9,3
eng_Latn,163,10,3
jpn_Jpan,164,0,60
jpn_Jpan,164,1,13
jpn_Jpan,164,2,13
jpn_Jpan,164,3,24
jpn_Jpan,164,4,47
jpn_Jpan,164,5,47
jpn_Jpan,164,6,24
jpn_Jpan,164,7,1
jpn_Jpan,164,8,13
jpn_Jpan,164,9,24
jpn_Jpan,164,10,13
jpn_Jpan,164,11,24
jpn_Jpan,164,12,13
jpn_Jpan,164,13,13
jpn_Jpan,164,14,13
jpn_Jpan,164,15,34
eng_Latn,165,0,60
eng_Latn,165,1,47
eng_Latn,165,2,47
eng_Latn,165,3,40
eng_Latn,165,4,56
eng_Latn,165,5,46
eng_Latn,165,6,59
eng_Latn,165,7,59
eng_Latn,165,8,7
eng_Latn,165,9,33
jpn_Jpan,166,0,60
jpn_Jpan,166,1,13
jpn_Jpan,166,2,47
jpn_Jpan,166,3,19
jpn_Jpan,166,4,13
jpn_Jpan,166,5,19
jpn_Jpan,166,6,34
jpn_Jpan,166,7,47
jpn_Jpan,166,8,13
jpn_Jpan,166,9,36
jpn_Jpan,166,10,61
jpn_Jpan,166,11,19
jpn_Jpan,166,12,19
jpn_Jpan,166,13,13
jpn_Jpan,166,14,36
jpn_Jpan,166,15,36
jpn_Jpan,166,16,47
jpn_Jpan,166,17,39
jpn_Jpan,166,18,36
jpn_Jpan,166,19,36
jpn_Jpan,166,20,61
jpn_Jpan,166,21,13
jpn_Jpan,166,22,19
jpn_Jpan,166,23,34
eng_Latn,167,0,60
eng_Latn,167,1,31
eng_Latn,167,2,9
eng_Latn,167,3,18
eng_Latn,167,4,34
eng_Latn,167,5,18
eng_Latn,167,6,20
eng_Latn,167,7,41
eng_Latn,167,8,34
eng_Latn,167,9,18
eng_Latn,167,10,34
jpn_Jpan,168,0,60
jpn_Jpan,168,1,46
eng_Latn,169,0,60
eng_Latn,169,1,40
eng_Latn,169,2,46
eng_Latn,169,3,18
jpn_Jpan,170,0,60
jpn_Jpan,170,1,60
jpn_Jpan,170,2,60
jpn_Jpan,170,3,24
jpn_Jpan,170,4,13
jpn_Jpan,170,5,13
jpn_Jpan,170,6,19
jpn_Jpan,170,7,39
jpn_Jpan,170,8,13
jpn_Jpan,170,9,24
jpn_Jpan,170,10,13
jpn_Jpan,170,11,19
jpn_Jpan,170,12,13
jpn_Jpan,170,13,13
jpn_Jpan,170,14,13
jpn_Jpan,170,15,13
jpn_Jpan,170,16,13
jpn_Jpan,170,17,13
jpn_Jpan,171,0,60
jpn_Jpan,171,1,36
jpn_Jpan,171,2,24
jpn_Jpan,171,3,13
jpn_Jpan,171,4,19
jpn_Jpan,171,5,36
jpn_Jpan,171,6,19
jpn_Jpan,171,7,13
jpn_Jpan,171,8,19
jpn_Jpan,171,9,13
jpn_Jpan,171,10,24
jpn_Jpan,171,11,13
jpn_Jpan,171,12,36
jpn_Jpan,171,13,13
jpn_Jpan,171,14,36
jpn_Jpan,171,15,24
jpn_Jpan,171,16,19
jpn_Jpan,171,17,13
jpn_Jpan,171,18,47
jpn_Jpan,171,19,13
jpn_Jpan,171,20,24
jpn_Jpan,171,21,19
jpn_Jpan,171,22,13
jpn_Jpan,171,23,34
jpn_Jpan,171,24,34
jpn_Jpan,171,25,24
jpn_Jpan,171,26,13
jpn_Jpan,171,27,19
jpn_Jpan,171,28,34
jpn_Jpan,171,29,34
jpn_Jpan,171,30,13
jpn_Jpan,171,31,34
jpn_Jpan,172,0,60
jpn_Jpan,172,1,42
jpn_Jpan,172,2,61
jpn_Jpan,172,3,26
jpn_Jpan,172,4,61
jpn_Jpan,172,5,60
jpn_Jpan,172,6,24
jpn_Jpan,172,7,47
jpn_Jpan,172,8,19
jpn_Jpan,172,9,13
jpn_Jpan,172,10,47
jpn_Jpan,172,11,47
jpn_Jpan,172,12,7
jpn_Jpan,172,13,24
jpn_Jpan,172,14,47
jpn_Jpan,172,15,13
jpn_Jpan,172,16,13
jpn_Jpan,172,17,24
jpn_Jpan,172,18,24
jpn_Jpan,172,19,13
jpn_Jpan,172,20,13
jpn_Jpan,172,21,13
jpn_Jpan,172,22,13
jpn_Jpan,172,23,13
jpn_Jpan,172,24,34
jpn_Jpan,172,25,13
jpn_Jpan,172,26,34
jpn_Jpan,173,0,60
jpn_Jpan,173,1,13
jpn_Jpan,173,2,47
jpn_Jpan,173,3,13
jpn_Jpan,173,4,13
jpn_Jpan,173,5,13
jpn_Jpan,173,6,24
jpn_Jpan,173,7,47
jpn_Jpan,173,8,13
jpn_Jpan,173,9,13
jpn_Jpan,173,10,13
jpn_Jpan,173,11,47
jpn_Jpan,173,12,13
jpn_Jpan,173,13,13
jpn_Jpan,173,14,13
jpn_Jpan,173,15,24
jpn_Jpan,173,16,19
jpn_Jpan,173,17,13
jpn_Jpan,173,18,61
jpn_Jpan,173,19,19
jpn_Jpan,173,20,13
jpn_Jpan,173,21,13
jpn_Jpan,173,22,13
jpn_Jpan,173,23,26
jpn_Jpan,173,24,47
jpn_Jpan,173,25,13
jpn_Jpan,173,26,13
jpn_Jpan,173,27,13
jpn_Jpan,173,28,19
jpn_Jpan,173,29,13
jpn_Jpan,173,30,13
jpn_Jpan,173,31,13
jpn_Jpan,174,0,60
jpn_Jpan,174,1,13
jpn_Jpan,174,2,19
jpn_Jpan,174,3,36
jpn_Jpan,174,4,24
jpn_Jpan,174,5,24
jpn_Jpan,174,6,52
jpn_Jpan,174,7,37
jpn_Jpan,174,8,52
jpn_Jpan,174,9,1
jpn_Jpan,174,10,52
jpn_Jpan,174,11,13
jpn_Jpan,174,12,13
jpn_Jpan,174,13,19
jpn_Jpan,174,14,34
jpn_Jpan,174,15,19
jpn_Jpan,174,16,13
jpn_Jpan,174,17,34
eng_Latn,175,0,60
eng_Latn,175,1,38
eng_Latn,175,2,38
eng_Latn,175,3,20
eng_Latn,175,4,40
eng_Latn,175,5,16
eng_Latn,175,6,57
eng_Latn,175,7,57
jpn_Jpan,176,0,60
jpn_Jpan,176,1,39
jpn_Jpan,176,2,13
jpn_Jpan,176,3,13
jpn_Jpan,176,4,13
jpn_Jpan,176,5,34
jpn_Jpan,176,6,13
jpn_Jpan,176,7,19
jpn_Jpan,176,8,13
jpn_Jpan,176,9,47
jpn_Jpan,176,10,13
jpn_Jpan,176,11,19
jpn_Jpan,176,12,36
jpn_Jpan,176,13,24
jpn_Jpan,176,14,13
jpn_Jpan,176,15,39
jpn_Jpan,176,16,47
jpn_Jpan,176,17,47
jpn_Jpan,176,18,47
jpn_Jpan,176,19,39
jpn_Jpan,176,20,39
jpn_Jpan,176,21,13
jpn_Jpan,176,22,13
jpn_Jpan,176,23,34
jpn_Jpan,176,24,24
jpn_Jpan,176,25,19
jpn_Jpan,176,26,13
jpn_Jpan,176,27,13
jpn_Jpan,176,28,13
jpn_Jpan,176,29,13
jpn_Jpan,176,30,13
jpn_Jpan,176,31,24
jpn_Jpan,176,32,19
jpn_Jpan,176,33,13
jpn_Jpan,176,34,19
jpn_Jpan,176,35,13
jpn_Jpan,176,36,13
jpn_Jpan,176,37,24
jpn_Jpan,176,38,47
jpn_Jpan,176,39,13
jpn_Jpan,176,40,13
jpn_Jpan,176,41,24
jpn_Jpan,176,42,39
jpn_Jpan,176,43,34
jpn_Jpan,176,44,13
jpn_Jpan,176,45,51
jpn_Jpan,177,0,60
jpn_Jpan,177,1,19
jpn_Jpan,177,2,39
jpn_Jpan,177,3,13
jpn_Jpan,177,4,24
jpn_Jpan,177,5,47
jpn_Jpan,177,6,13
jpn_Jpan,177,7,34
jpn_Jpan,177,8,36
jpn_Jpan,177,9,24
jpn_Jpan,177,10,24
jpn_Jpan,177,11,7
jpn_Jpan,177,12,13
jpn_Jpan,177,13,13
jpn_Jpan,177,14,34
jpn_Jpan,177,15,24
jpn_Jpan,177,16,47
jpn_Jpan,177,17,13
jpn_Jpan,177,18,13
jpn_Jpan,177,19,36
jpn_Jpan,177,20,24
jpn_Jpan,177,21,24
jpn_Jpan,177,22,47
jpn_Jpan,177,23,47
jpn_Jpan,177,24,7
jpn_Jpan,177,25,34
eng_Latn,178,0,60
eng_Latn,178,1,22
eng_Latn,178,2,16
eng_Latn,178,3,20
eng_Latn,178,4,41
eng_Latn,178,5,34
eng_Latn,178,6,34
eng_Latn,179,0,60
eng_Latn,179,1,19
eng_Latn,179,2,13
eng_Latn,179,3,5
eng_Latn,179,4,47
jpn_Jpan,180,0,60
jpn_Jpan,180,1,13
jpn_Jpan,180,2,61
jpn_Jpan,180,3,13
jpn_Jpan,180,4,13
jpn_Jpan,180,5,61
jpn_Jpan,180,6,61
jpn_Jpan,180,7,13
jpn_Jpan,180,8,13
jpn_Jpan,180,9,13
jpn_Jpan,180,10,39
jpn_Jpan,180,11,13
jpn_Jpan,180,12,13
jpn_Jpan,180,13,7
jpn_Jpan,180,14,24
jpn_Jpan,180,15,1
jpn_Jpan,180,16,52
jpn_Jpan,180,17,13
jpn_Jpan,180,18,12
jpn_Jpan,180,19,13
jpn_Jpan,180,20,13
jpn_Jpan,180,21,24
jpn_Jpan,180,22,13
jpn_Jpan,180,23,19
jpn_Jpan,180,24,47
jpn_Jpan,180,25,39
jpn_Jpan,180,26,13
jpn_Jpan,180,27,13
jpn_Jpan,180,28,24
jpn_Jpan,180,29,61
jpn_Jpan,180,30,13
jpn_Jpan,180,31,13
jpn_Jpan,180,32,13
jpn_Jpan,180,33,13
jpn_Jpan,181,0,60
jpn_Jpan,181,1,24
jpn_Jpan,181,2,19
jpn_Jpan,181,3,40
jpn_Jpan,181,4,24
jpn_Jpan,181,5,22
jpn_Jpan,181,6,24
jpn_Jpan,181,7,13
jpn_Jpan,181,8,24
jpn_Jpan,181,9,13
jpn_Jpan,181,10,13
jpn_Jpan,181,11,13
jpn_Jpan,181,12,24
jpn_Jpan,181,13,13
jpn_Jpan,181,14,24
jpn_Jpan,181,15,39
jpn_Jpan,182,0,60
jpn_Jpan,182,1,13
jpn_Jpan,182,2,19
jpn_Jpan,182,3,13
jpn_Jpan,182,4,19
jpn_Jpan,182,5,13
jpn_Jpan,182,6,24
jpn_Jpan,182,7,13
jpn_Jpan,182,8,24
jpn_Jpan,182,9,19
jpn_Jpan,182,10,13
jpn_Jpan,182,11,47
jpn_Jpan,182,12,13
jpn_Jpan,182,13,1
jpn_Jpan,182,14,13
jpn_Jpan,182,15,24
jpn_Jpan,182,16,13
jpn_Jpan,182,17,39
jpn_Jpan,182,18,13
jpn_Jpan,182,19,13
jpn_Jpan,182,20,13
jpn_Jpan,182,21,13
jpn_Jpan,182,22,34
jpn_Jpan,182,23,51
jpn_Jpan,183,0,60
jpn_Jpan,183,1,12
jpn_Jpan,183,2,58
jpn_Jpan,183,3,12
jpn_Jpan,183,4,61
jpn_Jpan,184,0,60
jpn_Jpan,184,1,13
jpn_Jpan,184,2,13
jpn_Jpan,184,3,19
jpn_Jpan,184,4,13
jpn_Jpan,184,5,13
jpn_Jpan,184,6,13
jpn_Jpan,184,7,36
jpn_Jpan,184,8,24
jpn_Jpan,184,9,47
jpn_Jpan,184,10,52
jpn_Jpan,184,11,36
jpn_Jpan,184,12,13
jpn_Jpan,184,13,34
jpn_Jpan,184,14,13
jpn_Jpan,184,15,34
jpn_Jpan,184,16,34
jpn_Jpan,184,17,24
jpn_Jpan,184,18,24
jpn_Jpan,184,19,47
jpn_Jpan,184,20,13
jpn_Jpan,184,21,19
jpn_Jpan,184,22,13
jpn_Jpan,184,23,61
jpn_Jpan,184,24,13
jpn_Jpan,184,25,13
jpn_Jpan,184,26,24
jpn_Jpan,184,27,24
jpn_Jpan,184,28,24
jpn_Jpan,184,29,24
jpn_Jpan,184,30,19
jpn_Jpan,184,31,13
jpn_Jpan,184,32,13
jpn_Jpan,184,33,19
jpn_Jpan,184,34,13
jpn_Jpan,184,35,13
jpn_Jpan,184,36,24
jpn_Jpan,184,37,19
jpn_Jpan,184,38,13
jpn_Jpan,184,39,24
jpn_Jpan,184,40,19
jpn_Jpan,184,41,13
jpn_Jpan,184,42,13
jpn_Jpan,184,43,13
jpn_Jpan,184,44,34
jpn_Jpan,184,45,13
jpn_Jpan,184,46,24
jpn_Jpan,184,47,13
jpn_Jpan,184,48,19
jpn_Jpan,184,49,24
jpn_Jpan,184,50,34
jpn_Jpan,185,0,60
jpn_Jpan,185,1,13
jpn_Jpan,185,2,47
jpn_Jpan,185,3,13
jpn_Jpan,185,4,36
jpn_Jpan,185,5,13
jpn_Jpan,185,6,9
jpn_Jpan,185,7,13
jpn_Jpan,185,8,13
jpn_Jpan,185,9,13
jpn_Jpan,185,10,39
jpn_Jpan,185,11,39
jpn_Jpan,185,12,47
jpn_Jpan,185,13,19
jpn_Jpan,185,14,13
jpn_Jpan,185,15,13
jpn_Jpan,185,16,61
jpn_Jpan,185,17,24
jpn_Jpan,185,18,19
jpn_Jpan,185,19,13
jpn_Jpan,185,20,34
jpn_Jpan,185,21,24
jpn_Jpan,185,22,13
jpn_Jpan,185,23,34
jpn_Jpan,186,0,60
jpn_Jpan,186,1,19
jpn_Jpan,186,2,61
jpn_Jpan,186,3,47
jpn_Jpan,186,4,19
jpn_Jpan,186,5,13
jpn_Jpan,186,6,19
jpn_Jpan,186,7,29
jpn_Jpan,186,8,47
jpn_Jpan,186,9,13
jpn_Jpan,186,10,13
jpn_Jpan,186,11,13
jpn_Jpan,186,12,36
jpn_Jpan,186,13,19
jpn_Jpan,186,14,13
jpn_Jpan,186,15,19
jpn_Jpan,186,16,13
jpn_Jpan,186,17,13
jpn_Jpan,186,18,13
jpn_Jpan,186,19,13
jpn_Jpan,186,20,13
jpn_Jpan,186,21,13
jpn_Jpan,186,22,22
jpn_Jpan,186,23,52
jpn_Jpan,186,24,12
jpn_Jpan,186,25,9
jpn_Jpan,186,26,11
jpn_Jpan,186,27,61
jpn_Jpan,186,28,13
jpn_Jpan,186,29,34
jpn_Jpan,186,30,13
jpn_Jpan,186,31,47
jpn_Jpan,186,32,13
jpn_Jpan,186,33,61
jpn_Jpan,186,34,13
jpn_Jpan,186,35,19
jpn_Jpan,186,36,13
jpn_Jpan,186,37,24
jpn_Jpan,186,38,13
jpn_Jpan,186,39,34
jpn_Jpan,186,40,13
jpn_Jpan,186,41,13
jpn_Jpan,186,42,13
jpn_Jpan,186,43,34
jpn_Jpan,186,44,34
jpn_Jpan,187,0,60
jpn_Jpan,187,1,13
jpn_Jpan,187,2,47
jpn_Jpan,187,3,19
jpn_Jpan,187,4,13
jpn_Jpan,187,5,19
jpn_Jpan,187,6,13
jpn_Jpan,187,7,19
jpn_Jpan,187,8,13
jpn_Jpan,187,9,24
jpn_Jpan,187,10,19
jpn_Jpan,187,11,13
jpn_Jpan,187,12,13
jpn_Jpan,187,13,24
jpn_Jpan,187,14,47
jpn_Jpan,187,15,13
jpn_Jpan,187,16,13
jpn_Jpan,187,17,13
jpn_Jpan,187,18,13
jpn_Jpan,187,19,61
jpn_Jpan,187,20,19
jpn_Jpan,187,21,19
jpn_Jpan,187,22,39
jpn_Jpan,187,23,13
jpn_Jpan,187,24,13
jpn_Jpan,187,25,47
jpn_Jpan,187,26,61
jpn_Jpan,187,27,13
jpn_Jpan,187,28,13
jpn_Jpan,187,29,13
jpn_Jpan,187,30,24
jpn_Jpan,187,31,13
jpn_Jpan,187,32,47
jpn_Jpan,187,33,13
jpn_Jpan,187,34,13
jpn_Jpan,187,35,13
jpn_Jpan,187,36,13
jpn_Jpan,187,37,13
jpn_Jpan,187,38,13
eng_Latn,188,0,60
eng_Latn,188,1,20
eng_Latn,188,2,62
eng_Latn,188,3,46
jpn_Jpan,189,0,60
jpn_Jpan,189,1,19
jpn_Jpan,189,2,13
jpn_Jpan,189,3,24
jpn_Jpan,189,4,61
jpn_Jpan,189,5,13
jpn_Jpan,189,6,19
jpn_Jpan,189,7,19
jpn_Jpan,189,8,13
jpn_Jpan,189,9,19
jpn_Jpan,189,10,13
jpn_Jpan,189,11,34
jpn_Jpan,189,12,24
jpn_Jpan,189,13,47
jpn_Jpan,189,14,19
jpn_Jpan,189,15,13
jpn_Jpan,189,16,13
jpn_Jpan,189,17,47
jpn_Jpan,189,18,13
jpn_Jpan,189,19,61
jpn_Jpan,189,20,13
jpn_Jpan,189,21,24
jpn_Jpan,189,22,13
jpn_Jpan,189,23,24
jpn_Jpan,189,24,13
jpn_Jpan,189,25,13
jpn_Jpan,189,26,24
jpn_Jpan,189,27,61
jpn_Jpan,189,28,19
jpn_Jpan,189,29,13
jpn_Jpan,189,30,13
jpn_Jpan,189,31,19
jpn_Jpan,189,32,13
jpn_Jpan,189,33,13
jpn_Jpan,189,34,19
jpn_Jpan,189,35,13
jpn_Jpan,189,36,13
jpn_Jpan,189,37,9
jpn_Jpan,189,38,22
jpn_Jpan,189,39,37
jpn_Jpan,189,40,52
jpn_Jpan,190,0,60
jpn_Jpan,190,1,36
jpn_Jpan,190,2,47
jpn_Jpan,190,3,13
jpn_Jpan,190,4,24
jpn_Jpan,190,5,19
jpn_Jpan,190,6,13
jpn_Jpan,190,7,1
jpn_Jpan,190,8,13
jpn_Jpan,190,9,47
jpn_Jpan,190,10,7
jpn_Jpan,190,11,13
jpn_Jpan,190,12,24
jpn_Jpan,190,13,13
jpn_Jpan,190,14,13
jpn_Jpan,190,15,13
jpn_Jpan,190,16,13
jpn_Jpan,190,17,13
jpn_Jpan,190,18,34
jpn_Jpan,191,0,60
jpn_Jpan,191,1,47
jpn_Jpan,191,2,47
jpn_Jpan,191,3,19
jpn_Jpan,191,4,13
jpn_Jpan,191,5,47
jpn_Jpan,191,6,47
jpn_Jpan,191,7,39
jpn_Jpan,191,8,39
jpn_Jpan,191,9,13
jpn_Jpan,191,10,13
jpn_Jpan,191,11,61
jpn_Jpan,191,12,13
jpn_Jpan,191,13,61
jpn_Jpan,191,14,13
jpn_Jpan,191,15,24
jpn_Jpan,191,16,24
jpn_Jpan,191,17,19
jpn_Jpan,191,18,13
jpn_Jpan,191,19,61
jpn_Jpan,191,20,36
jpn_Jpan,191,21,52
jpn_Jpan,191,22,12
jpn_Jpan,191,23,52
jpn_Jpan,191,24,47
jpn_Jpan,191,25,13
jpn_Jpan,191,26,13
jpn_Jpan,191,27,61
jpn_Jpan,191,28,13
jpn_Jpan,191,29,34
jpn_Jpan,192,0,60
jpn_Jpan,192,1,13
jpn_Jpan,192,2,19
jpn_Jpan,192,3,13
jpn_Jpan,192,4,13
jpn_Jpan,192,5,13
jpn_Jpan,192,6,13
jpn_Jpan,192,7,24
jpn_Jpan,192,8,13
jpn_Jpan,192,9,13
jpn_Jpan,192,10,13
jpn_Jpan,192,11,13
jpn_Jpan,192,12,13
jpn_Jpan,192,13,13
jpn_Jpan,192,14,34
jpn_Jpan,192,15,24
jpn_Jpan,192,16,47
jpn_Jpan,192,17,13
jpn_Jpan,192,18,19
jpn_Jpan,192,19,13
jpn_Jpan,192,20,24
jpn_Jpan,192,21,19
jpn_Jpan,192,22,13
jpn_Jpan,192,23,13
jpn_Jpan,192,24,61
jpn_Jpan,192,25,13
jpn_Jpan,192,26,19
jpn_Jpan,192,27,13
jpn_Jpan,192,28,13
jpn_Jpan,192,29,13
jpn_Jpan,192,30,24
jpn_Jpan,192,31,13
jpn_Jpan,192,32,26
jpn_Jpan,192,33,13
jpn_Jpan,192,34,13
jpn_Jpan,192,35,61
jpn_Jpan,192,36,47
jpn_Jpan,192,37,61
jpn_Jpan,192,38,13
jpn_Jpan,192,39,13
jpn_Jpan,192,40,61
jpn_Jpan,192,41,47
jpn_Jpan,192,42,19
jpn_Jpan,192,43,13
jpn_Jpan,192,44,13
jpn_Jpan,192,45,13
jpn_Jpan,193,0,60
jpn_Jpan,193,1,13
jpn_Jpan,193,2,13
jpn_Jpan,193,3,24
jpn_Jpan,193,4,13
jpn_Jpan,193,5,13
jpn_Jpan,193,6,24
jpn_Jpan,193,7,13
jpn_Jpan,193,8,13
jpn_Jpan,193,9,19
jpn_Jpan,193,10,13
jpn_Jpan,193,11,36
jpn_Jpan,193,12,36
jpn_Jpan,193,13,24
jpn_Jpan,193,14,24
jpn_Jpan,193,15,13
jpn_Jpan,193,16,13
jpn_Jpan,193,17,24
jpn_Jpan,193,18,24
jpn_Jpan,193,19,13
jpn_Jpan,193,20,13
jpn_Jpan,193,21,19
jpn_Jpan,193,22,13
jpn_Jpan,193,23,13
jpn_Jpan,193,24,13
jpn_Jpan,193,25,19
jpn_Jpan,193,26,13
jpn_Jpan,193,27,13
jpn_Jpan,193,28,61
jpn_Jpan,193,29,13
jpn_Jpan,193,30,13
jpn_Jpan,193,31,19
jpn_Jpan,193,32,13
jpn_Jpan,193,33,13
jpn_Jpan,193,34,13
jpn_Jpan,193,35,24
jpn_Jpan,193,36,13
jpn_Jpan,193,37,13
jpn_Jpan,193,38,34
jpn_Jpan,194,0,60
jpn_Jpan,194,1,60
jpn_Jpan,194,2,36
jpn_Jpan,194,3,13
jpn_Jpan,194,4,36
jpn_Jpan,194,5,51
jpn_Jpan,194,6,24
jpn_Jpan,194,7,19
jpn_Jpan,194,8,13
jpn_Jpan,194,9,13
jpn_Jpan,194,10,34
jpn_Jpan,194,11,13
jpn_Jpan,194,12,19
jpn_Jpan,194,13,13
jpn_Jpan,194,14,52
jpn_Jpan,194,15,52
jpn_Jpan,194,16,52
jpn_Jpan,194,17,19
jpn_Jpan,194,18,13
jpn_Jpan,194,19,24
jpn_Jpan,194,20,13
jpn_Jpan,194,21,24
jpn_Jpan,194,22,24
jpn_Jpan,194,23,52
jpn_Jpan,194,24,13
jpn_Jpan,194,25,52
jpn_Jpan,194,26,19
jpn_Jpan,194,27,13
jpn_Jpan,194,28,19
jpn_Jpan,194,29,13
jpn_Jpan,194,30,24
jpn_Jpan,194,31,13
jpn_Jpan,194,32,34
jpn_Jpan,194,33,13
jpn_Jpan,194,34,24
jpn_Jpan,194,35,13
jpn_Jpan,195,0,60
jpn_Jpan,195,1,13
jpn_Jpan,195,2,13
jpn_Jpan,195,3,24
jpn_Jpan,195,4,47
jpn_Jpan,195,5,7
jpn_Jpan,195,6,19
jpn_Jpan,195,7,19
jpn_Jpan,195,8,13
jpn_Jpan,195,9,24
jpn_Jpan,195,10,52
jpn_Jpan,195,11,52
jpn_Jpan,195,12,52
jpn_Jpan,195,13,52
jpn_Jpan,195,14,52
jpn_Jpan,195,15,19
jpn_Jpan,195,16,13
jpn_Jpan,195,17,24
jpn_Jpan,195,18,52
jpn_Jpan,195,19,52
jpn_Jpan,195,20,7
jpn_Jpan,195,21,1
jpn_Jpan,195,22,19
jpn_Jpan,195,23,19
jpn_Jpan,195,24,13
jpn_Jpan,195,25,1
jpn_Jpan,195,26,52
jpn_Jpan,195,27,52
jpn_Jpan,195,28,52
jpn_Jpan,195,29,52
jpn_Jpan,195,30,52
jpn_Jpan,195,31,19
jpn_Jpan,195,32,34
jpn_Jpan,196,0,60
jpn_Jpan,196,1,13
jpn_Jpan,196,2,39
jpn_Jpan,196,3,19
jpn_Jpan,196,4,19
jpn_Jpan,196,5,13
jpn_Jpan,196,6,24
jpn_Jpan,196,7,13
jpn_Jpan,196,8,13
jpn_Jpan,196,9,13
jpn_Jpan,196,10,13
jpn_Jpan,196,11,13
jpn_Jpan,196,12,13
jpn_Jpan,196,13,24
jpn_Jpan,197,0,60
jpn_Jpan,197,1,9
jpn_Jpan,197,2,24
jpn_Jpan,197,3,61
jpn_Jpan,197,4,61
jpn_Jpan,197,5,13
jpn_Jpan,197,6,47
jpn_Jpan,197,7,13
jpn_Jpan,197,8,13
jpn_Jpan,197,9,13
jpn_Jpan,197,10,24
jpn_Jpan,197,11,24
jpn_Jpan,197,12,19
jpn_Jpan,197,13,39
jpn_Jpan,197,14,36
jpn_Jpan,197,15,13
jpn_Jpan,197,16,61
jpn_Jpan,197,17,19
jpn_Jpan,197,18,19
jpn_Jpan,197,19,13
jpn_Jpan,197,20,13
jpn_Jpan,197,21,19
jpn_Jpan,197,22,19
jpn_Jpan,197,23,13
jpn_Jpan,197,24,24
jpn_Jpan,197,25,13
jpn_Jpan,197,26,34
jpn_Jpan,197,27,13
jpn_Jpan,197,28,24
jpn_Jpan,197,29,13
jpn_Jpan,197,30,47
jpn_Jpan,197,31,13
jpn_Jpan,197,32,24
jpn_Jpan,197,33,13
jpn_Jpan,197,34,13
jpn_Jpan,197,35,13
jpn_Jpan,197,36,34
jpn_Jpan,198,0,60
jpn_Jpan,198,1,46
jpn_Jpan,198,2,24
jpn_Jpan,198,3,13
jpn_Jpan,198,4,47
jpn_Jpan,198,5,13
jpn_Jpan,198,6,13
jpn_Jpan,198,7,13
jpn_Jpan,198,8,39
jpn_Jpan,198,9,13
jpn_Jpan,198,10,24
jpn_Jpan,198,11,47
jpn_Jpan,198,12,13
jpn_Jpan,198,13,13
jpn_Jpan,198,14,13
jpn_Jpan,198,15,13
jpn_Jpan,198,16,13
jpn_Jpan,198,17,24
jpn_Jpan,198,18,61
jpn_Jpan,198,19,13
jpn_Jpan,198,20,13
jpn_Jpan,198,21,24
jpn_Jpan,198,22,47
jpn_Jpan,198,23,19
jpn_Jpan,198,24,13
jpn_Jpan,198,25,13
jpn_Jpan,198,26,13
jpn_Jpan,198,27,13
jpn_Jpan,198,28,24
jpn_Jpan,198,29,13
jpn_Jpan,198,30,24
jpn_Jpan,199,0,60
jpn_Jpan,199,1,36
jpn_Jpan,199,2,24
jpn_Jpan,199,3,61
jpn_Jpan,199,4,36
jpn_Jpan,199,5,47
jpn_Jpan,199,6,47
jpn_Jpan,199,7,7
jpn_Jpan,199,8,36
jpn_Jpan,199,9,13
jpn_Jpan,199,10,13
jpn_Jpan,199,11,13
jpn_Jpan,199,12,34
jpn_Jpan,199,13,13
jpn_Jpan,199,14,13
jpn_Jpan,199,15,47
jpn_Jpan,199,16,13
jpn_Jpan,199,17,7
jpn_Jpan,199,18,34
jpn_Jpan,199,19,24
jpn_Jpan,199,20,24
jpn_Jpan,199,21,13
jpn_Jpan,199,22,13
jpn_Jpan,199,23,52
jpn_Jpan,199,24,13
jpn_Jpan,199,25,13
jpn_Jpan,199,26,13
jpn_Jpan,199,27,13
jpn_Jpan,199,28,34
jpn_Jpan,199,29,24
jpn_Jpan,199,30,13
jpn_Jpan,199,31,47
jpn_Jpan,199,32,34
jpn_Jpan,199,33,34
jpn_Jpan,199,34,13
jpn_Jpan,199,35,13
jpn_Jpan,200,0,60
jpn_Jpan,200,1,61
jpn_Jpan,200,2,24
jpn_Jpan,200,3,13
jpn_Jpan,200,4,13
jpn_Jpan,200,5,13
jpn_Jpan,200,6,34
jpn_Jpan,200,7,13
jpn_Jpan,200,8,24
jpn_Jpan,200,9,47
jpn_Jpan,200,10,19
jpn_Jpan,200,11,13
jpn_Jpan,200,12,24
jpn_Jpan,200,13,13
jpn_Jpan,200,14,13
jpn_Jpan,200,15,24
jpn_Jpan,200,16,47
jpn_Jpan,200,17,19
jpn_Jpan,200,18,13
jpn_Jpan,200,19,61
jpn_Jpan,200,20,13
jpn_Jpan,200,21,13
jpn_Jpan,200,22,13
jpn_Jpan,200,23,34
eng_Latn,201,0,60
eng_Latn,201,1,7
eng_Latn,201,2,19
eng_Latn,201,3,34
eng_Latn,201,4,9
eng_Latn,201,5,22
eng_Latn,201,6,42
eng_Latn,201,7,27
eng_Latn,201,8,13
eng_Latn,201,9,27
eng_Latn,201,10,7
eng_Latn,201,11,49
jpn_Jpan,202,0,60
jpn_Jpan,202,1,24
jpn_Jpan,202,2,19
jpn_Jpan,202,3,13
jpn_Jpan,202,4,34
jpn_Jpan,202,5,13
jpn_Jpan,202,6,13
jpn_Jpan,202,7,24
jpn_Jpan,202,8,13
jpn_Jpan,202,9,13
jpn_Jpan,202,10,39
jpn_Jpan,202,11,19
jpn_Jpan,202,12,13
jpn_Jpan,202,13,13
jpn_Jpan,202,14,24
jpn_Jpan,202,15,13
jpn_Jpan,202,16,13
jpn_Jpan,202,17,34
jpn_Jpan,202,18,13
jpn_Jpan,202,19,13
jpn_Jpan,202,20,36
jpn_Jpan,202,21,24
jpn_Jpan,202,22,13
jpn_Jpan,202,23,13
jpn_Jpan,202,24,13
jpn_Jpan,202,25,13
jpn_Jpan,202,26,47
jpn_Jpan,202,27,19
jpn_Jpan,202,28,13
jpn_Jpan,202,29,13
jpn_Jpan,202,30,13
jpn_Jpan,202,31,13
jpn_Jpan,202,32,34
jpn_Jpan,202,33,13
jpn_Jpan,202,34,47
jpn_Jpan,202,35,13
jpn_Jpan,202,36,34
jpn_Jpan,202,37,34
eng_Latn,203,0,60
eng_Latn,203,1,35
eng_Latn,203,2,56
eng_Latn,203,3,56
eng_Latn,203,4,51
eng_Latn,203,5,56
eng_Latn,203,6,51
eng_Latn,204,0,60
eng_Latn,204,1,57
eng_Latn,204,2,35
eng_Latn,204,3,48
eng_Latn,204,4,53
eng_Latn,204,5,43
eng_Latn,204,6,57
eng_Latn,204,7,59
eng_Latn,204,8,15
eng_Latn,204,9,59
eng_Latn,204,10,19
eng_Latn,204,11,48
jpn_Jpan,205,0,60
jpn_Jpan,205,1,36
jpn_Jpan,205,2,36
jpn_Jpan,205,3,13
jpn_Jpan,205,4,58
jpn_Jpan,205,5,58
jpn_Jpan,205,6,11
jpn_Jpan,205,7,9
jpn_Jpan,205,8,19
jpn_Jpan,205,9,36
jpn_Jpan,205,10,36
jpn_Jpan,205,11,61
jpn_Jpan,205,12,36
jpn_Jpan,205,13,52
jpn_Jpan,205,14,12
jpn_Jpan,205,15,36
jpn_Jpan,205,16,19
jpn_Jpan,205,17,36
jpn_Jpan,205,18,52
jpn_Jpan,205,19,19
jpn_Jpan,205,20,7
jpn_Jpan,205,21,24
jpn_Jpan,205,22,61
jpn_Jpan,205,23,61
jpn_Jpan,205,24,13
jpn_Jpan,205,25,13
jpn_Jpan,205,26,47
jpn_Jpan,205,27,19
jpn_Jpan,205,28,13
jpn_Jpan,205,29,13
jpn_Jpan,205,30,39
jpn_Jpan,205,31,12
jpn_Jpan,206,0,60
jpn_Jpan,206,1,47
jpn_Jpan,206,2,24
jpn_Jpan,206,3,13
jpn_Jpan,206,4,13
jpn_Jpan,206,5,26
jpn_Jpan,206,6,47
jpn_Jpan,206,7,13
jpn_Jpan,206,8,13
jpn_Jpan,206,9,24
jpn_Jpan,206,10,19
jpn_Jpan,206,11,13
jpn_Jpan,206,12,19
jpn_Jpan,206,13,34
jpn_Jpan,207,0,60
jpn_Jpan,207,1,40
jpn_Jpan,207,2,24
jpn_Jpan,207,3,13
jpn_Jpan,207,4,61
jpn_Jpan,207,5,34
jpn_Jpan,207,6,13
jpn_Jpan,207,7,13
jpn_Jpan,207,8,24
jpn_Jpan,207,9,19
jpn_Jpan,207,10,40
jpn_Jpan,207,11,24
jpn_Jpan,207,12,13
jpn_Jpan,207,13,34
jpn_Jpan,207,14,13
jpn_Jpan,207,15,13
jpn_Jpan,207,16,13
jpn_Jpan,207,17,13
jpn_Jpan,207,18,34
jpn_Jpan,208,0,60
jpn_Jpan,208,1,12
jpn_Jpan,208,2,19
jpn_Jpan,208,3,40
jpn_Jpan,208,4,46
jpn_Jpan,208,5,24
jpn_Jpan,208,6,47
jpn_Jpan,208,7,19
jpn_Jpan,208,8,13
jpn_Jpan,208,9,13
jpn_Jpan,208,10,24
jpn_Jpan,208,11,47
jpn_Jpan,208,12,13
jpn_Jpan,208,13,47
jpn_Jpan,208,14,47
jpn_Jpan,208,15,13
jpn_Jpan,208,16,13
jpn_Jpan,208,17,19
jpn_Jpan,208,18,13
jpn_Jpan,208,19,34
jpn_Jpan,208,20,24
jpn_Jpan,208,21,29
jpn_Jpan,208,22,34
jpn_Jpan,208,23,24
jpn_Jpan,208,24,13
jpn_Jpan,208,25,13
jpn_Jpan,208,26,13
jpn_Jpan,208,27,34
jpn_Jpan,208,28,24
jpn_Jpan,208,29,13
jpn_Jpan,208,30,34
jpn_Jpan,208,31,13
jpn_Jpan,208,32,34
jpn_Jpan,208,33,34
jpn_Jpan,209,0,60
jpn_Jpan,209,1,36
jpn_Jpan,209,2,19
jpn_Jpan,209,3,13
jpn_Jpan,209,4,19
jpn_Jpan,209,5,36
jpn_Jpan,209,6,24
jpn_Jpan,209,7,47
jpn_Jpan,209,8,13
jpn_Jpan,209,9,19
jpn_Jpan,209,10,34
jpn_Jpan,209,11,36
jpn_Jpan,209,12,13
jpn_Jpan,209,13,39
jpn_Jpan,209,14,52
jpn_Jpan,209,15,61
jpn_Jpan,209,16,39
jpn_Jpan,209,17,13
jpn_Jpan,209,18,7
jpn_Jpan,209,19,13
jpn_Jpan,209,20,24
jpn_Jpan,209,21,19
jpn_Jpan,209,22,13
jpn_Jpan,209,23,19
jpn_Jpan,209,24,36
jpn_Jpan,209,25,24
jpn_Jpan,209,26,13
jpn_Jpan,209,27,13
jpn_Jpan,209,28,40
jpn_Jpan,209,29,13
jpn_Jpan,209,30,47
jpn_Jpan,209,31,13
jpn_Jpan,209,32,24
jpn_Jpan,209,33,22
jpn_Jpan,209,34,6
jpn_Jpan,209,35,24
jpn_Jpan,209,36,47
jpn_Jpan,209,37,13
jpn_Jpan,209,38,36
jpn_Jpan,209,39,13
jpn_Jpan,209,40,13
jpn_Jpan,210,0,60
jpn_Jpan,210,1,19
jpn_Jpan,210,2,13
jpn_Jpan,210,3,19
jpn_Jpan,210,4,36
jpn_Jpan,210,5,19
jpn_Jpan,210,6,13
jpn_Jpan,210,7,24
jpn_Jpan,210,8,19
jpn_Jpan,210,9,13
jpn_Jpan,210,10,13
jpn_Jpan,210,11,47
jpn_Jpan,210,12,47
jpn_Jpan,210,13,13
jpn_Jpan,210,14,24
jpn_Jpan,210,15,47
jpn_Jpan,210,16,13
jpn_Jpan,210,17,19
jpn_Jpan,210,18,13
jpn_Jpan,210,19,47
jpn_Jpan,210,20,13
jpn_Jpan,210,21,24
jpn_Jpan,210,22,19
jpn_Jpan,210,23,13
jpn_Jpan,210,24,19
jpn_Jpan,210,25,13
jpn_Jpan,210,26,24
jpn_Jpan,210,27,9
jpn_Jpan,210,28,11
jpn_Jpan,210,29,19
jpn_Jpan,210,30,47
jpn_Jpan,210,31,13
jpn_Jpan,210,32,13
jpn_Jpan,210,33,13
jpn_Jpan,210,34,13
jpn_Jpan,210,35,19
jpn_Jpan,210,36,13
jpn_Jpan,210,37,13
jpn_Jpan,210,38,24
jpn_Jpan,210,39,13
jpn_Jpan,210,40,13
jpn_Jpan,210,41,13
jpn_Jpan,210,42,24
jpn_Jpan,210,43,19
jpn_Jpan,210,44,13
jpn_Jpan,210,45,13
jpn_Jpan,210,46,47
jpn_Jpan,210,47,13
jpn_Jpan,210,48,13
jpn_Jpan,210,49,24
jpn_Jpan,210,50,13
jpn_Jpan,210,51,51
jpn_Jpan,210,52,51
jpn_Jpan,210,53,13
jpn_Jpan,210,54,51
jpn_Jpan,210,55,24
jpn_Jpan,210,56,13
jpn_Jpan,210,57,13
jpn_Jpan,211,0,60
jpn_Jpan,211,1,39
jpn_Jpan,211,2,13
jpn_Jpan,211,3,13
jpn_Jpan,211,4,13
jpn_Jpan,211,5,13
jpn_Jpan,211,6,13
jpn_Jpan,211,7,19
jpn_Jpan,211,8,13
jpn_Jpan,211,9,13
jpn_Jpan,211,10,61
jpn_Jpan,211,11,19
jpn_Jpan,211,12,7
jpn_Jpan,211,13,61
jpn_Jpan,211,14,13
jpn_Jpan,211,15,12
jpn_Jpan,211,16,13
jpn_Jpan,211,17,47
jpn_Jpan,211,18,39
jpn_Jpan,211,19,39
jpn_Jpan,211,20,13
jpn_Jpan,211,21,13
jpn_Jpan,211,22,42
jpn_Jpan,211,23,47
jpn_Jpan,211,24,13
jpn_Jpan,211,25,19
jpn_Jpan,211,26,13
jpn_Jpan,211,27,19
jpn_Jpan,211,28,13
jpn_Jpan,211,29,24
jpn_Jpan,211,30,24
jpn_Jpan,211,31,61
jpn_Jpan,211,32,13
jpn_Jpan,211,33,13
jpn_Jpan,211,34,24
jpn_Jpan,211,35,24
jpn_Jpan,211,36,19
jpn_Jpan,211,37,7
jpn_Jpan,211,38,47
jpn_Jpan,211,39,19
jpn_Jpan,211,40,36
jpn_Jpan,211,41,13
jpn_Jpan,211,42,24
jpn_Jpan,211,43,13
jpn_Jpan,211,44,13
jpn_Jpan,211,45,13
jpn_Jpan,211,46,13
jpn_Jpan,211,47,13
jpn_Jpan,212,0,60
jpn_Jpan,212,1,49
jpn_Jpan,212,2,49
jpn_Jpan,212,3,24
jpn_Jpan,212,4,13
jpn_Jpan,212,5,34
jpn_Jpan,212,6,6
jpn_Jpan,212,7,40
jpn_Jpan,212,8,28
jpn_Jpan,212,9,24
jpn_Jpan,212,10,13
jpn_Jpan,212,11,47
jpn_Jpan,212,12,13
jpn_Jpan,212,13,13
jpn_Jpan,212,14,39
jpn_Jpan,212,15,36
jpn_Jpan,212,16,36
jpn_Jpan,212,17,37
jpn_Jpan,212,18,37
jpn_Jpan,212,19,36
jpn_Jpan,212,20,37
jpn_Jpan,212,21,19
jpn_Jpan,212,22,47
jpn_Jpan,212,23,36
jpn_Jpan,212,24,36
jpn_Jpan,213,0,60
jpn_Jpan,213,1,13
jpn_Jpan,213,2,36
jpn_Jpan,213,3,13
jpn_Jpan,213,4,13
jpn_Jpan,213,5,13
jpn_Jpan,213,6,19
jpn_Jpan,213,7,13
jpn_Jpan,213,8,24
jpn_Jpan,213,9,24
jpn_Jpan,213,10,51
jpn_Jpan,213,11,13
jpn_Jpan,214,0,60
jpn_Jpan,214,1,1
jpn_Jpan,214,2,19
jpn_Jpan,214,3,61
jpn_Jpan,214,4,27
jpn_Jpan,214,5,49
jpn_Jpan,214,6,12
jpn_Jpan,214,7,22
jpn_Jpan,214,8,9
jpn_Jpan,214,9,58
jpn_Jpan,214,10,12
jpn_Jpan,214,11,61
jpn_Jpan,215,0,60
jpn_Jpan,215,1,36
jpn_Jpan,215,2,13
jpn_Jpan,215,3,36
jpn_Jpan,215,4,24
jpn_Jpan,215,5,24
jpn_Jpan,215,6,47
jpn_Jpan,215,7,13
jpn_Jpan,215,8,13
jpn_Jpan,215,9,13
jpn_Jpan,215,10,13
jpn_Jpan,215,11,13
jpn_Jpan,215,12,13
jpn_Jpan,215,13,39
jpn_Jpan,215,14,13
jpn_Jpan,215,15,47
jpn_Jpan,215,16,47
jpn_Jpan,215,17,19
jpn_Jpan,215,18,19
jpn_Jpan,215,19,13
jpn_Jpan,215,20,13
jpn_Jpan,215,21,19
jpn_Jpan,215,22,13
jpn_Jpan,215,23,34
jpn_Jpan,215,24,24
jpn_Jpan,215,25,24
jpn_Jpan,215,26,61
jpn_Jpan,215,27,13
jpn_Jpan,215,28,13
jpn_Jpan,215,29,47
jpn_Jpan,215,30,13
jpn_Jpan,215,31,7
jpn_Jpan,216,0,60
jpn_Jpan,216,1,47
jpn_Jpan,216,2,19
jpn_Jpan,216,3,47
jpn_Jpan,216,4,47
jpn_Jpan,216,5,47
jpn_Jpan,216,6,39
jpn_Jpan,216,7,13
jpn_Jpan,216,8,13
jpn_Jpan,216,9,52
jpn_Jpan,216,10,19
jpn_Jpan,216,11,13
jpn_Jpan,216,12,24
jpn_Jpan,216,13,47
jpn_Jpan,216,14,13
jpn_Jpan,216,15,34
jpn_Jpan,217,0,60
jpn_Jpan,217,1,19
jpn_Jpan,217,2,24
jpn_Jpan,217,3,19
jpn_Jpan,217,4,13
jpn_Jpan,217,5,24
jpn_Jpan,217,6,61
jpn_Jpan,217,7,19
jpn_Jpan,217,8,39
jpn_Jpan,217,9,13
jpn_Jpan,217,10,24
jpn_Jpan,217,11,1
jpn_Jpan,217,12,13
jpn_Jpan,217,13,13
jpn_Jpan,217,14,39
jpn_Jpan,217,15,61
jpn_Jpan,217,16,13
jpn_Jpan,217,17,13
jpn_Jpan,217,18,13
jpn_Jpan,217,19,13
jpn_Jpan,217,20,24
jpn_Jpan,217,21,52
jpn_Jpan,217,22,19
jpn_Jpan,217,23,13
jpn_Jpan,217,24,24
jpn_Jpan,217,25,13
jpn_Jpan,217,26,13
jpn_Jpan,217,27,13
jpn_Jpan,217,28,24
jpn_Jpan,217,29,13
jpn_Jpan,217,30,34
jpn_Jpan,217,31,40
jpn_Jpan,217,32,39
jpn_Jpan,218,0,60
jpn_Jpan,218,1,13
jpn_Jpan,218,2,13
jpn_Jpan,218,3,52
jpn_Jpan,218,4,19
jpn_Jpan,218,5,13
jpn_Jpan,218,6,12
jpn_Jpan,218,7,24
jpn_Jpan,218,8,13
jpn_Jpan,218,9,13
jpn_Jpan,218,10,24
jpn_Jpan,218,11,19
jpn_Jpan,218,12,13
jpn_Jpan,218,13,13
jpn_Jpan,218,14,24
jpn_Jpan,218,15,13
jpn_Jpan,218,16,13
jpn_Jpan,218,17,24
jpn_Jpan,218,18,19
jpn_Jpan,218,19,13
jpn_Jpan,218,20,34
jpn_Jpan,218,21,13
eng_Latn,219,0,60
eng_Latn,219,1,52
eng_Latn,219,2,53
eng_Latn,219,3,38
eng_Latn,219,4,52
eng_Latn,219,5,34
eng_Latn,219,6,61
eng_Latn,219,7,16
eng_Latn,219,8,35
eng_Latn,219,9,19
eng_Latn,219,10,15
eng_Latn,220,0,60
eng_Latn,220,1,17
eng_Latn,220,2,9
eng_Latn,220,3,56
eng_Latn,220,4,17
eng_Latn,220,5,52
eng_Latn,220,6,17
eng_Latn,220,7,41
eng_Latn,220,8,17
jpn_Jpan,221,0,60
jpn_Jpan,221,1,47
jpn_Jpan,221,2,47
jpn_Jpan,221,3,13
jpn_Jpan,221,4,19
jpn_Jpan,221,5,13
jpn_Jpan,221,6,13
jpn_Jpan,221,7,61
jpn_Jpan,221,8,61
jpn_Jpan,221,9,19
jpn_Jpan,221,10,13
jpn_Jpan,221,11,47
jpn_Jpan,221,12,39
jpn_Jpan,221,13,7
jpn_Jpan,221,14,39
jpn_Jpan,221,15,47
jpn_Jpan,221,16,7
jpn_Jpan,221,17,12
jpn_Jpan,221,18,58
jpn_Jpan,221,19,12
jpn_Jpan,221,20,61
jpn_Jpan,222,0,60
jpn_Jpan,222,1,13
jpn_Jpan,222,2,24
jpn_Jpan,222,3,24
jpn_Jpan,222,4,13
jpn_Jpan,222,5,13
jpn_Jpan,222,6,13
jpn_Jpan,222,7,47
jpn_Jpan,222,8,13
jpn_Jpan,222,9,13
jpn_Jpan,222,10,24
jpn_Jpan,222,11,13
jpn_Jpan,222,12,19
jpn_Jpan,222,13,13
jpn_Jpan,222,14,13
jpn_Jpan,222,15,34
jpn_Jpan,223,0,60
jpn_Jpan,223,1,13
jpn_Jpan,223,2,13
jpn_Jpan,223,3,24
jpn_Jpan,223,4,47
jpn_Jpan,223,5,13
jpn_Jpan,223,6,19
jpn_Jpan,223,7,13
jpn_Jpan,223,8,52
jpn_Jpan,223,9,19
jpn_Jpan,223,10,13
jpn_Jpan,223,11,13
jpn_Jpan,223,12,36
jpn_Jpan,223,13,24
jpn_Jpan,223,14,52
jpn_Jpan,223,15,13
jpn_Jpan,223,16,24
jpn_Jpan,223,17,47
jpn_Jpan,223,18,13
jpn_Jpan,223,19,13
jpn_Jpan,223,20,13
jpn_Jpan,223,21,47
jpn_Jpan,223,22,13
jpn_Jpan,223,23,13
jpn_Jpan,223,24,13
jpn_Jpan,223,25,13
jpn_Jpan,223,26,24
jpn_Jpan,223,27,47
jpn_Jpan,223,28,24
jpn_Jpan,223,29,19
jpn_Jpan,223,30,1
jpn_Jpan,223,31,13
jpn_Jpan,223,32,19
jpn_Jpan,223,33,13
jpn_Jpan,223,34,13
jpn_Jpan,223,35,24
jpn_Jpan,223,36,47
jpn_Jpan,223,37,13
jpn_Jpan,223,38,34
jpn_Jpan,223,39,13
jpn_Jpan,223,40,34
eng_Latn,224,0,60
eng_Latn,224,1,33
eng_Latn,224,2,1
eng_Latn,224,3,52
eng_Latn,224,4,37
eng_Latn,224,5,52
eng_Latn,224,6,1
eng_Latn,224,7,1
eng_Latn,224,8,13
eng_Latn,224,9,13
eng_Latn,225,0,60
eng_Latn,225,1,38
eng_Latn,225,2,15
eng_Latn,225,3,29
eng_Latn,225,4,35
eng_Latn,225,5,57
eng_Latn,225,6,57
jpn_Jpan,226,0,60
jpn_Jpan,226,1,47
jpn_Jpan,226,2,13
jpn_Jpan,226,3,24
jpn_Jpan,226,4,19
jpn_Jpan,226,5,13
jpn_Jpan,226,6,19
jpn_Jpan,226,7,7
jpn_Jpan,226,8,24
jpn_Jpan,226,9,13
jpn_Jpan,226,10,24
jpn_Jpan,226,11,13
jpn_Jpan,226,12,13
jpn_Jpan,227,0,60
jpn_Jpan,227,1,13
jpn_Jpan,227,2,13
jpn_Jpan,227,3,24
jpn_Jpan,227,4,13
jpn_Jpan,227,5,19
jpn_Jpan,227,6,39
jpn_Jpan,227,7,13
jpn_Jpan,227,8,13
jpn_Jpan,227,9,24
jpn_Jpan,227,10,24
jpn_Jpan,227,11,13
jpn_Jpan,227,12,13
jpn_Jpan,227,13,19
jpn_Jpan,227,14,13
jpn_Jpan,227,15,19
jpn_Jpan,227,16,13
jpn_Jpan,227,17,13
jpn_Jpan,227,18,13
jpn_Jpan,227,19,19
jpn_Jpan,227,20,24
jpn_Jpan,227,21,47
jpn_Jpan,227,22,19
jpn_Jpan,227,23,13
jpn_Jpan,227,24,19
jpn_Jpan,227,25,13
jpn_Jpan,228,0,60
jpn_Jpan,228,1,19
jpn_Jpan,228,2,24
jpn_Jpan,228,3,13
jpn_Jpan,228,4,13
jpn_Jpan,228,5,13
jpn_Jpan,228,6,11
jpn_Jpan,228,7,13
jpn_Jpan,228,8,47
jpn_Jpan,228,9,39
jpn_Jpan,228,10,13
jpn_Jpan,228,11,39
jpn_Jpan,228,12,61
jpn_Jpan,228,13,39
jpn_Jpan,228,14,61
jpn_Jpan,228,15,19
jpn_Jpan,228,16,13
jpn_Jpan,228,17,39
jpn_Jpan,228,18,13
jpn_Jpan,228,19,24
jpn_Jpan,228,20,19
jpn_Jpan,228,21,13
jpn_Jpan,228,22,13
jpn_Jpan,228,23,47
jpn_Jpan,228,24,19
jpn_Jpan,228,25,19
jpn_Jpan,228,26,13
jpn_Jpan,228,27,24
jpn_Jpan,228,28,19
jpn_Jpan,228,29,13
jpn_Jpan,228,30,34
jpn_Jpan,228,31,51
jpn_Jpan,228,32,13
jpn_Jpan,228,33,36
jpn_Jpan,228,34,9
jpn_Jpan,228,35,52
jpn_Jpan,228,36,1
jpn_Jpan,228,37,52
jpn_Jpan,228,38,13
jpn_Jpan,228,39,13
jpn_Jpan,228,40,24
jpn_Jpan,228,41,24
jpn_Jpan,228,42,47
jpn_Jpan,228,43,34
jpn_Jpan,228,44,34
jpn_Jpan,229,0,60
jpn_Jpan,229,1,13
jpn_Jpan,229,2,13
jpn_Jpan,229,3,13
jpn_Jpan,229,4,24
jpn_Jpan,229,5,11
jpn_Jpan,229,6,13
jpn_Jpan,229,7,24
jpn_Jpan,229,8,13
jpn_Jpan,229,9,13
jpn_Jpan,229,10,36
jpn_Jpan,229,11,1
jpn_Jpan,229,12,19
jpn_Jpan,229,13,39
jpn_Jpan,229,14,13
jpn_Jpan,229,15,13
jpn_Jpan,229,16,24
jpn_Jpan,229,17,24
jpn_Jpan,229,18,9
jpn_Jpan,229,19,19
jpn_Jpan,229,20,13
jpn_Jpan,229,21,19
jpn_Jpan,229,22,13
jpn_Jpan,229,23,24
jpn_Jpan,229,24,13
jpn_Jpan,229,25,39
jpn_Jpan,229,26,39
jpn_Jpan,229,27,13
jpn_Jpan,229,28,61
jpn_Jpan,229,29,24
jpn_Jpan,229,30,19
jpn_Jpan,229,31,13
jpn_Jpan,229,32,13
jpn_Jpan,229,33,13
jpn_Jpan,229,34,34
jpn_Jpan,229,35,13
jpn_Jpan,229,36,24
jpn_Jpan,229,37,13
jpn_Jpan,229,38,13
jpn_Jpan,229,39,24
jpn_Jpan,229,40,13
jpn_Jpan,229,41,13
jpn_Jpan,229,42,34
jpn_Jpan,230,0,60
jpn_Jpan,230,1,13
jpn_Jpan,230,2,13
jpn_Jpan,230,3,13
jpn_Jpan,230,4,39
jpn_Jpan,230,5,47
jpn_Jpan,230,6,13
jpn_Jpan,230,7,7
jpn_Jpan,230,8,47
jpn_Jpan,230,9,19
jpn_Jpan,230,10,7
jpn_Jpan,230,11,61
jpn_Jpan,230,12,7
jpn_Jpan,230,13,9
jpn_Jpan,230,14,19
jpn_Jpan,230,15,13
jpn_Jpan,230,16,36
jpn_Jpan,230,17,19
jpn_Jpan,230,18,7
jpn_Jpan,230,19,9
jpn_Jpan,230,20,13
jpn_Jpan,230,21,24
jpn_Jpan,230,22,47
jpn_Jpan,230,23,13
jpn_Jpan,230,24,13
jpn_Jpan,230,25,39
jpn_Jpan,230,26,13
jpn_Jpan,230,27,13
jpn_Jpan,230,28,24
jpn_Jpan,230,29,47
jpn_Jpan,230,30,47
jpn_Jpan,230,31,13
jpn_Jpan,230,32,13
jpn_Jpan,230,33,61
jpn_Jpan,230,34,13
jpn_Jpan,230,35,13
jpn_Jpan,231,0,60
jpn_Jpan,231,1,13
jpn_Jpan,231,2,60
jpn_Jpan,231,3,13
jpn_Jpan,231,4,9
jpn_Jpan,231,5,47
jpn_Jpan,231,6,36
jpn_Jpan,231,7,19
jpn_Jpan,231,8,13
jpn_Jpan,231,9,12
jpn_Jpan,231,10,19
jpn_Jpan,231,11,36
jpn_Jpan,231,12,47
jpn_Jpan,231,13,7
jpn_Jpan,231,14,24
jpn_Jpan,231,15,47
jpn_Jpan,231,16,19
jpn_Jpan,231,17,36
jpn_Jpan,231,18,13
jpn_Jpan,231,19,19
jpn_Jpan,231,20,13
jpn_Jpan,231,21,19
jpn_Jpan,231,22,36
jpn_Jpan,231,23,61
jpn_Jpan,231,24,13
jpn_Jpan,231,25,24
jpn_Jpan,231,26,19
jpn_Jpan,231,27,13
jpn_Jpan,231,28,13
jpn_Jpan,231,29,24
jpn_Jpan,231,30,52
jpn_Jpan,231,31,13
jpn_Jpan,231,32,24
jpn_Jpan,231,33,24
jpn_Jpan,231,34,19
jpn_Jpan,231,35,13
jpn_Jpan,231,36,19
jpn_Jpan,231,37,13
jpn_Jpan,231,38,9
jpn_Jpan,231,39,58
jpn_Jpan,231,40,11
jpn_Jpan,231,41,40
jpn_Jpan,232,0,60
jpn_Jpan,232,1,19
jpn_Jpan,232,2,13
jpn_Jpan,232,3,36
jpn_Jpan,232,4,24
jpn_Jpan,232,5,47
jpn_Jpan,232,6,13
jpn_Jpan,232,7,36
jpn_Jpan,232,8,19
jpn_Jpan,232,9,24
jpn_Jpan,232,10,24
jpn_Jpan,232,11,47
jpn_Jpan,232,12,19
jpn_Jpan,232,13,19
jpn_Jpan,232,14,13
jpn_Jpan,232,15,34
jpn_Jpan,232,16,47
jpn_Jpan,232,17,61
jpn_Jpan,232,18,13
jpn_Jpan,232,19,13
jpn_Jpan,232,20,13
jpn_Jpan,232,21,61
jpn_Jpan,232,22,24
jpn_Jpan,232,23,9
jpn_Jpan,232,24,11
jpn_Jpan,232,25,36
jpn_Jpan,232,26,24
jpn_Jpan,232,27,24
jpn_Jpan,232,28,36
jpn_Jpan,232,29,19
jpn_Jpan,232,30,13
jpn_Jpan,232,31,13
jpn_Jpan,232,32,47
jpn_Jpan,232,33,13
jpn_Jpan,232,34,24
jpn_Jpan,232,35,19
jpn_Jpan,232,36,13
jpn_Jpan,232,37,19
jpn_Jpan,232,38,24
jpn_Jpan,232,39,13
jpn_Jpan,232,40,19
jpn_Jpan,232,41,36
jpn_Jpan,232,42,24
jpn_Jpan,232,43,13
jpn_Jpan,232,44,39
jpn_Jpan,232,45,47
jpn_Jpan,232,46,7
jpn_Jpan,232,47,13
jpn_Jpan,232,48,47
jpn_Jpan,232,49,36
jpn_Jpan,232,50,24
jpn_Jpan,232,51,13
jpn_Jpan,232,52,13
jpn_Jpan,232,53,24
jpn_Jpan,232,54,19
jpn_Jpan,232,55,13
jpn_Jpan,232,56,13
jpn_Jpan,232,57,13
jpn_Jpan,232,58,34
jpn_Jpan,233,0,60
jpn_Jpan,233,1,36
jpn_Jpan,233,2,13
jpn_Jpan,233,3,24
jpn_Jpan,233,4,13
jpn_Jpan,233,5,13
jpn_Jpan,233,6,24
jpn_Jpan,233,7,61
jpn_Jpan,233,8,13
jpn_Jpan,233,9,24
jpn_Jpan,233,10,19
jpn_Jpan,233,11,13
jpn_Jpan,233,12,13
jpn_Jpan,233,13,13
jpn_Jpan,233,14,13
jpn_Jpan,233,15,13
jpn_Jpan,233,16,13
jpn_Jpan,233,17,13
jpn_Jpan,233,18,19
jpn_Jpan,233,19,13
jpn_Jpan,233,20,19
jpn_Jpan,233,21,13
jpn_Jpan,233,22,24
jpn_Jpan,233,23,47
jpn_Jpan,233,24,13
jpn_Jpan,233,25,13
jpn_Jpan,233,26,34
jpn_Jpan,233,27,51
eng_Latn,234,0,60
eng_Latn,234,1,18
eng_Latn,234,2,56
eng_Latn,234,3,21
eng_Latn,234,4,51
eng_Latn,234,5,20
eng_Latn,234,6,27
jpn_Jpan,235,0,60
jpn_Jpan,235,1,24
jpn_Jpan,235,2,47
jpn_Jpan,235,3,13
jpn_Jpan,235,4,52
jpn_Jpan,235,5,52
jpn_Jpan,235,6,52
jpn_Jpan,235,7,52
jpn_Jpan,235,8,13
jpn_Jpan,235,9,24
jpn_Jpan,235,10,61
jpn_Jpan,235,11,29
jpn_Jpan,235,12,47
jpn_Jpan,235,13,13
jpn_Jpan,235,14,47
jpn_Jpan,235,15,13
jpn_Jpan,235,16,13
jpn_Jpan,235,17,61
jpn_Jpan,235,18,13
jpn_Jpan,235,19,13
jpn_Jpan,235,20,13
jpn_Jpan,235,21,24
jpn_Jpan,235,22,13
jpn_Jpan,235,23,47
jpn_Jpan,235,24,19
jpn_Jpan,235,25,13
jpn_Jpan,235,26,13
jpn_Jpan,235,27,34
jpn_Jpan,235,28,13
jpn_Jpan,236,0,60
jpn_Jpan,236,1,1
jpn_Jpan,236,2,19
jpn_Jpan,236,3,13
jpn_Jpan,236,4,24
jpn_Jpan,236,5,61
jpn_Jpan,236,6,13
jpn_Jpan,236,7,24
jpn_Jpan,236,8,47
jpn_Jpan,236,9,13
jpn_Jpan,236,10,13
jpn_Jpan,236,11,13
jpn_Jpan,236,12,13
jpn_Jpan,236,13,34
jpn_Jpan,236,14,47
jpn_Jpan,236,15,13
jpn_Jpan,236,16,34
jpn_Jpan,237,0,60
jpn_Jpan,237,1,13
jpn_Jpan,237,2,13
jpn_Jpan,237,3,47
jpn_Jpan,237,4,13
jpn_Jpan,237,5,36
jpn_Jpan,237,6,61
jpn_Jpan,237,7,13
jpn_Jpan,237,8,24
jpn_Jpan,237,9,24
jpn_Jpan,237,10,13
jpn_Jpan,237,11,19
jpn_Jpan,237,12,13
jpn_Jpan,237,13,13
jpn_Jpan,237,14,34
jpn_Jpan,237,15,24
jpn_Jpan,237,16,13
jpn_Jpan,237,17,19
jpn_Jpan,237,18,13
jpn_Jpan,237,19,24
jpn_Jpan,237,20,19
jpn_Jpan,237,21,13
jpn_Jpan,237,22,13
jpn_Jpan,237,23,34
jpn_Jpan,237,24,24
jpn_Jpan,237,25,13
jpn_Jpan,237,26,34
jpn_Jpan,237,27,13
jpn_Jpan,237,28,51
jpn_Jpan,237,29,39
jpn_Jpan,237,30,13
jpn_Jpan,237,31,34
eng_Latn,238,0,60
eng_Latn,238,1,50
eng_Latn,238,2,16
eng_Latn,239,0,60
eng_Latn,239,1,18
eng_Latn,239,2,18
eng_Latn,239,3,34
eng_Latn,239,4,48
eng_Latn,239,5,56
eng_Latn,239,6,37
eng_Latn,239,7,16
eng_Latn,239,8,51
jpn_Jpan,240,0,60
jpn_Jpan,240,1,24
jpn_Jpan,240,2,19
jpn_Jpan,240,3,13
jpn_Jpan,240,4,24
jpn_Jpan,240,5,13
jpn_Jpan,240,6,13
jpn_Jpan,240,7,24
jpn_Jpan,240,8,19
jpn_Jpan,240,9,13
jpn_Jpan,240,10,34
jpn_Jpan,240,11,13
jpn_Jpan,240,12,13
jpn_Jpan,240,13,13
jpn_Jpan,240,14,24
jpn_Jpan,240,15,13
jpn_Jpan,240,16,13
jpn_Jpan,240,17,34
jpn_Jpan,241,0,60
jpn_Jpan,241,1,13
jpn_Jpan,241,2,13
jpn_Jpan,241,3,13
jpn_Jpan,241,4,13
jpn_Jpan,241,5,13
jpn_Jpan,241,6,24
jpn_Jpan,241,7,19
jpn_Jpan,241,8,13
jpn_Jpan,241,9,13
jpn_Jpan,241,10,24
jpn_Jpan,241,11,34
jpn_Jpan,241,12,24
jpn_Jpan,241,13,13
jpn_Jpan,241,14,13
jpn_Jpan,241,15,19
jpn_Jpan,241,16,19
jpn_Jpan,241,17,39
jpn_Jpan,241,18,24
jpn_Jpan,241,19,13
jpn_Jpan,241,20,13
jpn_Jpan,241,21,47
jpn_Jpan,241,22,24
jpn_Jpan,241,23,13
jpn_Jpan,241,24,19
jpn_Jpan,241,25,13
jpn_Jpan,241,26,47
jpn_Jpan,241,27,47
jpn_Jpan,241,28,47
jpn_Jpan,241,29,19
jpn_Jpan,241,30,39
jpn_Jpan,241,31,24
jpn_Jpan,241,32,47
jpn_Jpan,241,33,13
jpn_Jpan,241,34,13
jpn_Jpan,241,35,24
jpn_Jpan,241,36,13
jpn_Jpan,241,37,13
jpn_Jpan,241,38,13
jpn_Jpan,241,39,34
jpn_Jpan,242,0,60
jpn_Jpan,242,1,13
jpn_Jpan,242,2,13
jpn_Jpan,242,3,13
jpn_Jpan,242,4,13
jpn_Jpan,242,5,24
jpn_Jpan,242,6,47
jpn_Jpan,242,7,13
jpn_Jpan,242,8,19
jpn_Jpan,242,9,13
jpn_Jpan,242,10,19
jpn_Jpan,242,11,13
jpn_Jpan,242,12,24
jpn_Jpan,242,13,24
jpn_Jpan,242,14,13
jpn_Jpan,242,15,47
jpn_Jpan,242,16,39
jpn_Jpan,242,17,24
jpn_Jpan,242,18,47
jpn_Jpan,242,19,39
jpn_Jpan,242,20,13
jpn_Jpan,242,21,13
jpn_Jpan,243,0,60
jpn_Jpan,243,1,13
jpn_Jpan,243,2,13
jpn_Jpan,243,3,7
jpn_Jpan,243,4,9
jpn_Jpan,243,5,9
jpn_Jpan,243,6,24
jpn_Jpan,243,7,61
jpn_Jpan,243,8,47
jpn_Jpan,243,9,13
jpn_Jpan,243,10,13
jpn_Jpan,243,11,24
jpn_Jpan,243,12,26
jpn_Jpan,243,13,19
jpn_Jpan,243,14,13
jpn_Jpan,243,15,19
jpn_Jpan,243,16,13
jpn_Jpan,243,17,11
jpn_Jpan,243,18,1
jpn_Jpan,243,19,47
jpn_Jpan,243,20,52
jpn_Jpan,243,21,19
jpn_Jpan,243,22,36
jpn_Jpan,243,23,19
jpn_Jpan,243,24,36
jpn_Jpan,243,25,19
jpn_Jpan,243,26,13
jpn_Jpan,243,27,19
jpn_Jpan,243,28,36
jpn_Jpan,243,29,13
jpn_Jpan,243,30,13
jpn_Jpan,243,31,47
jpn_Jpan,243,32,39
jpn_Jpan,243,33,61
jpn_Jpan,243,34,39
jpn_Jpan,243,35,13
jpn_Jpan,243,36,24
jpn_Jpan,243,37,13
jpn_Jpan,243,38,39
jpn_Jpan,243,39,34
jpn_Jpan,244,0,60
jpn_Jpan,244,1,13
jpn_Jpan,244,2,36
jpn_Jpan,244,3,24
jpn_Jpan,244,4,19
jpn_Jpan,244,5,13
jpn_Jpan,244,6,61
jpn_Jpan,244,7,13
jpn_Jpan,244,8,13
jpn_Jpan,244,9,24
jpn_Jpan,244,10,1
jpn_Jpan,244,11,13
jpn_Jpan,244,12,13
jpn_Jpan,244,13,13
jpn_Jpan,244,14,61
jpn_Jpan,244,15,13
jpn_Jpan,244,16,19
jpn_Jpan,244,17,13
jpn_Jpan,244,18,24
jpn_Jpan,244,19,24
jpn_Jpan,244,20,19
jpn_Jpan,244,21,13
jpn_Jpan,244,22,13
jpn_Jpan,244,23,24
jpn_Jpan,244,24,52
jpn_Jpan,244,25,52
jpn_Jpan,244,26,52
jpn_Jpan,244,27,47
jpn_Jpan,244,28,13
jpn_Jpan,244,29,1
jpn_Jpan,244,30,19
jpn_Jpan,244,31,1
jpn_Jpan,244,32,52
jpn_Jpan,244,33,52
jpn_Jpan,244,34,52
jpn_Jpan,244,35,19
jpn_Jpan,244,36,13
jpn_Jpan,244,37,13
jpn_Jpan,244,38,13
jpn_Jpan,244,39,13
jpn_Jpan,244,40,13
jpn_Jpan,244,41,34
eng_Latn,245,0,60
eng_Latn,245,1,9
eng_Latn,245,2,56
eng_Latn,245,3,38
eng_Latn,245,4,8
jpn_Jpan,246,0,60
jpn_Jpan,246,1,47
jpn_Jpan,246,2,19
jpn_Jpan,246,3,39
jpn_Jpan,246,4,19
jpn_Jpan,246,5,39
jpn_Jpan,246,6,13
jpn_Jpan,246,7,13
jpn_Jpan,246,8,24
jpn_Jpan,246,9,13
jpn_Jpan,246,10,13
jpn_Jpan,246,11,13
jpn_Jpan,246,12,13
jpn_Jpan,246,13,13
jpn_Jpan,246,14,13
jpn_Jpan,246,15,61
jpn_Jpan,246,16,19
jpn_Jpan,246,17,19
jpn_Jpan,246,18,13
jpn_Jpan,246,19,24
jpn_Jpan,246,20,19
jpn_Jpan,246,21,13
jpn_Jpan,246,22,13
jpn_Jpan,246,23,13
jpn_Jpan,246,24,24
jpn_Jpan,246,25,61
jpn_Jpan,246,26,13
jpn_Jpan,246,27,13
jpn_Jpan,246,28,24
jpn_Jpan,246,29,13
jpn_Jpan,246,30,34
jpn_Jpan,246,31,39
jpn_Jpan,246,32,24
jpn_Jpan,246,33,13
jpn_Jpan,246,34,24
jpn_Jpan,246,35,61
jpn_Jpan,246,36,13
jpn_Jpan,246,37,36
jpn_Jpan,246,38,13
jpn_Jpan,246,39,24
jpn_Jpan,246,40,34
jpn_Jpan,246,41,34
jpn_Jpan,247,0,60
jpn_Jpan,247,1,13
jpn_Jpan,247,2,36
jpn_Jpan,247,3,24
jpn_Jpan,247,4,13
jpn_Jpan,247,5,61
jpn_Jpan,247,6,13
jpn_Jpan,247,7,24
jpn_Jpan,247,8,61
jpn_Jpan,247,9,19
jpn_Jpan,247,10,13
jpn_Jpan,247,11,24
jpn_Jpan,247,12,19
jpn_Jpan,247,13,13
jpn_Jpan,247,14,34
jpn_Jpan,247,15,13
jpn_Jpan,247,16,13
jpn_Jpan,247,17,24
jpn_Jpan,247,18,34
jpn_Jpan,247,19,24
jpn_Jpan,247,20,13
jpn_Jpan,247,21,13
jpn_Jpan,247,22,13
jpn_Jpan,247,23,24
jpn_Jpan,247,24,13
jpn_Jpan,247,25,34
jpn_Jpan,248,0,60
jpn_Jpan,248,1,13
jpn_Jpan,248,2,47
jpn_Jpan,248,3,13
jpn_Jpan,248,4,13
jpn_Jpan,248,5,13
jpn_Jpan,248,6,13
jpn_Jpan,248,7,34
jpn_Jpan,248,8,13
jpn_Jpan,248,9,24
jpn_Jpan,248,10,52
jpn_Jpan,248,11,1
jpn_Jpan,248,12,52
jpn_Jpan,248,13,13
jpn_Jpan,248,14,24
jpn_Jpan,248,15,61
jpn_Jpan,248,16,13
jpn_Jpan,248,17,24
jpn_Jpan,248,18,52
jpn_Jpan,248,19,1
jpn_Jpan,248,20,13
jpn_Jpan,248,21,47
jpn_Jpan,248,22,13
jpn_Jpan,249,0,60
jpn_Jpan,249,1,24
jpn_Jpan,249,2,24
jpn_Jpan,249,3,61
jpn_Jpan,249,4,19
jpn_Jpan,249,5,28
jpn_Jpan,249,6,13
jpn_Jpan,249,7,24
jpn_Jpan,249,8,61
jpn_Jpan,249,9,19
jpn_Jpan,249,10,7
jpn_Jpan,249,11,24
jpn_Jpan,249,12,13
jpn_Jpan,249,13,47
jpn_Jpan,249,14,13
jpn_Jpan,249,15,13
jpn_Jpan,249,16,24
jpn_Jpan,249,17,13
jpn_Jpan,249,18,13
jpn_Jpan,249,19,13
jpn_Jpan,249,20,13
jpn_Jpan,249,21,24
jpn_Jpan,249,22,24
jpn_Jpan,249,23,24
jpn_Jpan,249,24,19
jpn_Jpan,249,25,13
jpn_Jpan,249,26,24
jpn_Jpan,249,27,13
jpn_Jpan,249,28,13
jpn_Jpan,249,29,13
jpn_Jpan,249,30,13
jpn_Jpan,249,31,13
jpn_Jpan,249,32,24
jpn_Jpan,249,33,34
jpn_Jpan,250,0,60
jpn_Jpan,250,1,13
jpn_Jpan,250,2,1
jpn_Jpan,250,3,52
jpn_Jpan,250,4,37
jpn_Jpan,250,5,58
jpn_Jpan,250,6,12
jpn_Jpan,250,7,13
jpn_Jpan,250,8,19
jpn_Jpan,250,9,13
jpn_Jpan,250,10,24
jpn_Jpan,250,11,24
jpn_Jpan,250,12,13
jpn_Jpan,250,13,24
jpn_Jpan,250,14,19
jpn_Jpan,250,15,13
jpn_Jpan,250,16,26
jpn_Jpan,250,17,47
jpn_Jpan,250,18,13
jpn_Jpan,250,19,24
jpn_Jpan,250,20,19
jpn_Jpan,250,21,13
jpn_Jpan,250,22,26
jpn_Jpan,250,23,47
jpn_Jpan,250,24,36
jpn_Jpan,250,25,13
jpn_Jpan,250,26,34
jpn_Jpan,250,27,12
jpn_Jpan,250,28,52
jpn_Jpan,250,29,52
jpn_Jpan,250,30,24
jpn_Jpan,250,31,52
jpn_Jpan,250,32,13
jpn_Jpan,250,33,12
jpn_Jpan,250,34,12
jpn_Jpan,250,35,13
jpn_Jpan,250,36,13
jpn_Jpan,250,37,13
jpn_Jpan,250,38,13
jpn_Jpan,250,39,13
jpn_Jpan,250,40,13
jpn_Jpan,250,41,39
jpn_Jpan,250,42,13
jpn_Jpan,250,43,13
jpn_Jpan,250,44,13
jpn_Jpan,250,45,61
jpn_Jpan,250,46,13
jpn_Jpan,250,47,13
jpn_Jpan,250,48,13
jpn_Jpan,250,49,24
jpn_Jpan,250,50,13
jpn_Jpan,250,51,13
jpn_Jpan,251,0,60
jpn_Jpan,251,1,36
jpn_Jpan,251,2,36
jpn_Jpan,251,3,13
jpn_Jpan,251,4,36
jpn_Jpan,251,5,13
jpn_Jpan,251,6,13
jpn_Jpan,251,7,19
jpn_Jpan,251,8,13
jpn_Jpan,251,9,19
jpn_Jpan,251,10,58
jpn_Jpan,251,11,58
jpn_Jpan,251,12,12
jpn_Jpan,251,13,52
jpn_Jpan,251,14,52
jpn_Jpan,251,15,52
jpn_Jpan,251,16,37
jpn_Jpan,251,17,52
jpn_Jpan,251,18,13
jpn_Jpan,251,19,12
jpn_Jpan,251,20,11
jpn_Jpan,251,21,13
jpn_Jpan,251,22,47
jpn_Jpan,251,23,13
jpn_Jpan,251,24,13
jpn_Jpan,251,25,36
jpn_Jpan,251,26,61
jpn_Jpan,251,27,13
jpn_Jpan,251,28,13
jpn_Jpan,251,29,13
jpn_Jpan,251,30,24
jpn_Jpan,251,31,19
jpn_Jpan,251,32,13
jpn_Jpan,251,33,13
jpn_Jpan,251,34,13
jpn_Jpan,251,35,34
jpn_Jpan,251,36,1
jpn_Jpan,251,37,39
jpn_Jpan,251,38,61
jpn_Jpan,251,39,19
jpn_Jpan,251,40,39
jpn_Jpan,251,41,13
jpn_Jpan,251,42,13
jpn_Jpan,251,43,13
jpn_Jpan,251,44,24
jpn_Jpan,251,45,13
jpn_Jpan,251,46,13
jpn_Jpan,251,47,13
jpn_Jpan,251,48,13
jpn_Jpan,252,0,60
jpn_Jpan,252,1,52
jpn_Jpan,252,2,36
jpn_Jpan,252,3,24
jpn_Jpan,252,4,47
jpn_Jpan,252,5,13
jpn_Jpan,252,6,47
jpn_Jpan,252,7,13
jpn_Jpan,252,8,61
jpn_Jpan,252,9,13
jpn_Jpan,252,10,24
jpn_Jpan,252,11,61
jpn_Jpan,252,12,39
jpn_Jpan,252,13,19
jpn_Jpan,252,14,13
jpn_Jpan,252,15,24
jpn_Jpan,252,16,47
jpn_Jpan,252,17,13
jpn_Jpan,252,18,34
jpn_Jpan,252,19,13
jpn_Jpan,252,20,1
jpn_Jpan,252,21,13
eng_Latn,253,0,60
eng_Latn,253,1,37
eng_Latn,253,2,52
eng_Latn,253,3,26
eng_Latn,253,4,39
eng_Latn,253,5,19
eng_Latn,253,6,19
eng_Latn,253,7,49
eng_Latn,253,8,12
eng_Latn,253,9,26
eng_Latn,253,10,61
eng_Latn,253,11,7
jpn_Jpan,254,0,60
jpn_Jpan,254,1,13
jpn_Jpan,254,2,13
jpn_Jpan,254,3,29
jpn_Jpan,254,4,47
eng_Latn,255,0,60
eng_Latn,255,1,37
eng_Latn,255,2,37
eng_Latn,255,3,52
eng_Latn,255,4,37
jpn_Jpan,256,0,60
jpn_Jpan,256,1,13
jpn_Jpan,256,2,24
jpn_Jpan,256,3,13
jpn_Jpan,256,4,24
jpn_Jpan,256,5,13
jpn_Jpan,256,6,13
jpn_Jpan,256,7,13
jpn_Jpan,256,8,13
jpn_Jpan,256,9,13
jpn_Jpan,256,10,34
jpn_Jpan,256,11,24
jpn_Jpan,256,12,24
jpn_Jpan,256,13,19
jpn_Jpan,256,14,13
jpn_Jpan,256,15,13
jpn_Jpan,256,16,13
jpn_Jpan,256,17,13
jpn_Jpan,256,18,13
jpn_Jpan,256,19,24
jpn_Jpan,256,20,13
jpn_Jpan,256,21,24
jpn_Jpan,256,22,13
jpn_Jpan,256,23,13
jpn_Jpan,256,24,19
jpn_Jpan,256,25,13
jpn_Jpan,256,26,13
jpn_Jpan,256,27,51
jpn_Jpan,256,28,13
jpn_Jpan,256,29,51
jpn_Jpan,257,0,60
jpn_Jpan,257,1,22
jpn_Jpan,257,2,36
jpn_Jpan,257,3,13
jpn_Jpan,257,4,13
jpn_Jpan,257,5,36
jpn_Jpan,257,6,13
jpn_Jpan,257,7,13
jpn_Jpan,257,8,13
jpn_Jpan,257,9,7
jpn_Jpan,257,10,36
jpn_Jpan,257,11,36
jpn_Jpan,257,12,36
jpn_Jpan,257,13,52
eng_Latn,258,0,60
eng_Latn,258,1,19
eng_Latn,258,2,40
eng_Latn,258,3,17
eng_Latn,258,4,16
eng_Latn,258,5,31
eng_Latn,258,6,53
eng_Latn,258,7,34
eng_Latn,259,0,60
eng_Latn,259,1,9
eng_Latn,259,2,56
eng_Latn,259,3,41
eng_Latn,259,4,24
eng_Latn,259,5,52
eng_Latn,259,6,52
eng_Latn,259,7,52
eng_Latn,259,8,57
eng_Latn,259,9,41
eng_Latn,259,10,2
eng_Latn,259,11,18
eng_Latn,259,12,48
eng_Latn,259,13,18
eng_Latn,259,14,16
jpn_Jpan,260,0,60
jpn_Jpan,260,1,13
jpn_Jpan,260,2,13
jpn_Jpan,260,3,13
jpn_Jpan,260,4,12
jpn_Jpan,260,5,13
jpn_Jpan,260,6,19
jpn_Jpan,260,7,13
jpn_Jpan,260,8,47
jpn_Jpan,260,9,13
jpn_Jpan,260,10,24
jpn_Jpan,260,11,47
jpn_Jpan,260,12,13
jpn_Jpan,260,13,19
jpn_Jpan,260,14,13
jpn_Jpan,260,15,13
jpn_Jpan,260,16,13
jpn_Jpan,260,17,24
jpn_Jpan,260,18,47
jpn_Jpan,260,19,13
jpn_Jpan,260,20,13
jpn_Jpan,260,21,19
jpn_Jpan,260,22,13
jpn_Jpan,260,23,19
jpn_Jpan,260,24,7
jpn_Jpan,260,25,13
jpn_Jpan,260,26,52
jpn_Jpan,260,27,1
jpn_Jpan,260,28,13
jpn_Jpan,260,29,13
jpn_Jpan,261,0,60
jpn_Jpan,261,1,13
jpn_Jpan,261,2,24
jpn_Jpan,261,3,13
jpn_Jpan,261,4,47
jpn_Jpan,261,5,47
jpn_Jpan,261,6,13
jpn_Jpan,261,7,24
jpn_Jpan,261,8,13
jpn_Jpan,261,9,47
jpn_Jpan,261,10,34
jpn_Jpan,261,11,61
jpn_Jpan,261,12,13
jpn_Jpan,261,13,34
jpn_Jpan,261,14,13
jpn_Jpan,261,15,39
jpn_Jpan,261,16,13
jpn_Jpan,261,17,34
jpn_Jpan,261,18,13
jpn_Jpan,261,19,19
jpn_Jpan,261,20,13
jpn_Jpan,261,21,13
jpn_Jpan,261,22,34
eng_Latn,262,0,60
eng_Latn,262,1,22
eng_Latn,262,2,22
eng_Latn,262,3,49
eng_Latn,262,4,34
jpn_Jpan,263,0,60
jpn_Jpan,263,1,13
jpn_Jpan,263,2,36
jpn_Jpan,263,3,24
jpn_Jpan,263,4,13
jpn_Jpan,263,5,19
jpn_Jpan,263,6,13
jpn_Jpan,263,7,13
jpn_Jpan,263,8,24
jpn_Jpan,263,9,13
jpn_Jpan,263,10,19
jpn_Jpan,263,11,47
jpn_Jpan,263,12,13
jpn_Jpan,263,13,24
jpn_Jpan,263,14,1
jpn_Jpan,263,15,40
jpn_Jpan,263,16,13
jpn_Jpan,263,17,24
jpn_Jpan,263,18,13
jpn_Jpan,263,19,19
jpn_Jpan,263,20,13
jpn_Jpan,263,21,34
jpn_Jpan,264,0,60
jpn_Jpan,264,1,47
jpn_Jpan,264,2,13
jpn_Jpan,264,3,13
jpn_Jpan,264,4,34
jpn_Jpan,264,5,11
jpn_Jpan,264,6,9
jpn_Jpan,264,7,9
jpn_Jpan,264,8,9
jpn_Jpan,264,9,11
jpn_Jpan,264,10,24
jpn_Jpan,264,11,1
jpn_Jpan,264,12,40
jpn_Jpan,264,13,24
jpn_Jpan,264,14,7
jpn_Jpan,264,15,24
jpn_Jpan,264,16,13
jpn_Jpan,264,17,13
jpn_Jpan,264,18,39
jpn_Jpan,264,19,13
jpn_Jpan,264,20,47
jpn_Jpan,264,21,47
jpn_Jpan,264,22,47
jpn_Jpan,264,23,24
jpn_Jpan,264,24,24
jpn_Jpan,264,25,52
jpn_Jpan,264,26,52
jpn_Jpan,264,27,37
jpn_Jpan,264,28,13
jpn_Jpan,264,29,13
jpn_Jpan,264,30,19
jpn_Jpan,264,31,13
jpn_Jpan,264,32,19
jpn_Jpan,264,33,13
jpn_Jpan,265,0,60
jpn_Jpan,265,1,60
jpn_Jpan,265,2,13
jpn_Jpan,265,3,19
jpn_Jpan,265,4,13
jpn_Jpan,265,5,52
jpn_Jpan,265,6,19
jpn_Jpan,265,7,13
jpn_Jpan,265,8,12
jpn_Jpan,265,9,24
jpn_Jpan,265,10,13
jpn_Jpan,265,11,24
jpn_Jpan,265,12,19
jpn_Jpan,265,13,13
jpn_Jpan,265,14,19
jpn_Jpan,265,15,13
jpn_Jpan,265,16,24
jpn_Jpan,265,17,13
jpn_Jpan,265,18,19
jpn_Jpan,265,19,13
jpn_Jpan,265,20,13
jpn_Jpan,265,21,13
jpn_Jpan,265,22,24
jpn_Jpan,265,23,24
jpn_Jpan,265,24,36
jpn_Jpan,265,25,7
jpn_Jpan,265,26,26
jpn_Jpan,265,27,47
jpn_Jpan,265,28,13
jpn_Jpan,265,29,19
jpn_Jpan,265,30,19
jpn_Jpan,265,31,7
jpn_Jpan,265,32,19
jpn_Jpan,265,33,13
jpn_Jpan,265,34,13
eng_Latn,266,0,60
eng_Latn,266,1,1
eng_Latn,266,2,37
eng_Latn,266,3,37
eng_Latn,266,4,37
eng_Latn,266,5,49
jpn_Jpan,267,0,60
jpn_Jpan,267,1,47
jpn_Jpan,267,2,13
jpn_Jpan,267,3,13
jpn_Jpan,267,4,61
jpn_Jpan,267,5,47
jpn_Jpan,267,6,61
jpn_Jpan,267,7,13
jpn_Jpan,267,8,7
jpn_Jpan,267,9,24
jpn_Jpan,267,10,47
jpn_Jpan,267,11,13
jpn_Jpan,267,12,13
jpn_Jpan,267,13,24
jpn_Jpan,267,14,47
jpn_Jpan,267,15,13
jpn_Jpan,267,16,47
jpn_Jpan,267,17,19
jpn_Jpan,267,18,7
jpn_Jpan,267,19,13
jpn_Jpan,267,20,24
jpn_Jpan,267,21,13
jpn_Jpan,267,22,13
jpn_Jpan,267,23,13
jpn_Jpan,267,24,19
jpn_Jpan,267,25,13
jpn_Jpan,267,26,24
jpn_Jpan,267,27,1
jpn_Jpan,267,28,13
jpn_Jpan,267,29,24
jpn_Jpan,267,30,19
jpn_Jpan,267,31,13
jpn_Jpan,267,32,19
jpn_Jpan,267,33,13
jpn_Jpan,267,34,24
jpn_Jpan,267,35,22
jpn_Jpan,267,36,7
jpn_Jpan,267,37,24
jpn_Jpan,267,38,13
jpn_Jpan,267,39,34
eng_Latn,268,0,60
eng_Latn,268,1,22
eng_Latn,268,2,34
eng_Latn,268,3,34
jpn_Jpan,269,0,60
jpn_Jpan,269,1,24
jpn_Jpan,269,2,61
jpn_Jpan,269,3,13
jpn_Jpan,269,4,34
jpn_Jpan,269,5,34
jpn_Jpan,269,6,24
jpn_Jpan,269,7,13
jpn_Jpan,269,8,36
jpn_Jpan,269,9,24
jpn_Jpan,269,10,61
jpn_Jpan,269,11,13
jpn_Jpan,269,12,36
jpn_Jpan,269,13,36
jpn_Jpan,269,14,13
jpn_Jpan,269,15,19
jpn_Jpan,269,16,13
jpn_Jpan,269,17,36
jpn_Jpan,269,18,34
jpn_Jpan,270,0,60
jpn_Jpan,270,1,13
jpn_Jpan,270,2,13
jpn_Jpan,270,3,13
jpn_Jpan,270,4,13
jpn_Jpan,270,5,39
jpn_Jpan,270,6,61
jpn_Jpan,270,7,47
jpn_Jpan,270,8,24
jpn_Jpan,270,9,26
jpn_Jpan,270,10,47
jpn_Jpan,270,11,47
jpn_Jpan,270,12,39
jpn_Jpan,270,13,49
jpn_Jpan,270,14,34
jpn_Jpan,271,0,60
jpn_Jpan,271,1,13
jpn_Jpan,271,2,39
jpn_Jpan,271,3,39
jpn_Jpan,271,4,34
jpn_Jpan,271,5,42
jpn_Jpan,271,6,27
jpn_Jpan,271,7,39
jpn_Jpan,271,8,24
jpn_Jpan,271,9,34
jpn_Jpan,272,0,60
jpn_Jpan,272,1,13
jpn_Jpan,272,2,24
jpn_Jpan,272,3,47
jpn_Jpan,272,4,61
jpn_Jpan,272,5,13
jpn_Jpan,272,6,13
jpn_Jpan,272,7,13
jpn_Jpan,272,8,13
jpn_Jpan,272,9,13
jpn_Jpan,272,10,26
jpn_Jpan,272,11,47
jpn_Jpan,272,12,13
jpn_Jpan,272,13,19
jpn_Jpan,272,14,13
jpn_Jpan,272,15,24
jpn_Jpan,272,16,19
jpn_Jpan,272,17,13
jpn_Jpan,272,18,19
jpn_Jpan,272,19,36
jpn_Jpan,272,20,24
jpn_Jpan,272,21,13
jpn_Jpan,272,22,19
jpn_Jpan,272,23,13
jpn_Jpan,272,24,24
jpn_Jpan,272,25,13
jpn_Jpan,272,26,19
jpn_Jpan,272,27,34
jpn_Jpan,272,28,13
jpn_Jpan,272,29,24
jpn_Jpan,272,30,13
jpn_Jpan,272,31,13
jpn_Jpan,272,32,13
jpn_Jpan,272,33,34
jpn_Jpan,273,0,60
jpn_Jpan,273,1,54
jpn_Jpan,273,2,15
jpn_Jpan,273,3,30
jpn_Jpan,273,4,30
jpn_Jpan,273,5,16
eng_Latn,274,0,60
eng_Latn,274,1,22
eng_Latn,274,2,60
eng_Latn,274,3,9
eng_Latn,274,4,27
eng_Latn,274,5,49
eng_Latn,274,6,26
eng_Latn,274,7,27
eng_Latn,274,8,40
eng_Latn,274,9,61
jpn_Jpan,275,0,60
jpn_Jpan,275,1,13
jpn_Jpan,275,2,47
jpn_Jpan,275,3,19
jpn_Jpan,275,4,13
jpn_Jpan,275,5,13
jpn_Jpan,275,6,24
jpn_Jpan,275,7,47
jpn_Jpan,275,8,13
jpn_Jpan,275,9,13
jpn_Jpan,275,10,13
jpn_Jpan,275,11,61
jpn_Jpan,275,12,13
jpn_Jpan,275,13,13
jpn_Jpan,275,14,13
jpn_Jpan,275,15,24
jpn_Jpan,275,16,13
jpn_Jpan,275,17,13
jpn_Jpan,275,18,61
jpn_Jpan,275,19,13
jpn_Jpan,275,20,13
jpn_Jpan,275,21,13
jpn_Jpan,275,22,13
jpn_Jpan,275,23,24
jpn_Jpan,275,24,24
jpn_Jpan,275,25,13
jpn_Jpan,275,26,13
jpn_Jpan,275,27,24
jpn_Jpan,275,28,47
jpn_Jpan,275,29,19
jpn_Jpan,275,30,13
jpn_Jpan,275,31,24
jpn_Jpan,275,32,47
jpn_Jpan,275,33,13
jpn_Jpan,275,34,13
jpn_Jpan,275,35,13
jpn_Jpan,275,36,13
jpn_Jpan,275,37,13
jpn_Jpan,275,38,13
jpn_Jpan,275,39,34
jpn_Jpan,276,0,60
jpn_Jpan,276,1,9
jpn_Jpan,276,2,24
jpn_Jpan,276,3,52
jpn_Jpan,276,4,11
jpn_Jpan,276,5,19
jpn_Jpan,276,6,36
jpn_Jpan,276,7,24
jpn_Jpan,276,8,13
jpn_Jpan,276,9,13
jpn_Jpan,276,10,13
jpn_Jpan,276,11,12
jpn_Jpan,276,12,61
jpn_Jpan,276,13,13
jpn_Jpan,276,14,19
jpn_Jpan,276,15,13
jpn_Jpan,276,16,24
jpn_Jpan,276,17,13
jpn_Jpan,276,18,24
jpn_Jpan,276,19,13
jpn_Jpan,276,20,24
jpn_Jpan,276,21,13
jpn_Jpan,276,22,13
jpn_Jpan,276,23,24
jpn_Jpan,276,24,13
jpn_Jpan,276,25,13
jpn_Jpan,276,26,13
jpn_Jpan,276,27,24
jpn_Jpan,276,28,13
jpn_Jpan,276,29,29
jpn_Jpan,276,30,13
jpn_Jpan,277,0,60
jpn_Jpan,277,1,13
jpn_Jpan,277,2,19
jpn_Jpan,277,3,13
jpn_Jpan,277,4,36
jpn_Jpan,277,5,36
jpn_Jpan,277,6,52
jpn_Jpan,277,7,61
jpn_Jpan,277,8,13
jpn_Jpan,277,9,13
jpn_Jpan,277,10,13
jpn_Jpan,277,11,24
jpn_Jpan,277,12,13
jpn_Jpan,277,13,19
jpn_Jpan,277,14,13
jpn_Jpan,277,15,13
jpn_Jpan,277,16,13
jpn_Jpan,277,17,13
jpn_Jpan,277,18,36
jpn_Jpan,277,19,19
jpn_Jpan,277,20,36
jpn_Jpan,277,21,19
jpn_Jpan,277,22,13
jpn_Jpan,277,23,39
jpn_Jpan,277,24,13
jpn_Jpan,277,25,13
jpn_Jpan,277,26,13
jpn_Jpan,277,27,24
jpn_Jpan,277,28,19
jpn_Jpan,277,29,13
jpn_Jpan,277,30,34
eng_Latn,278,0,60
eng_Latn,278,1,47
eng_Latn,278,2,19
eng_Latn,278,3,46
eng_Latn,278,4,5
eng_Latn,278,5,35
eng_Latn,278,6,46
eng_Latn,278,7,42
eng_Latn,278,8,47
eng_Latn,278,9,61
eng_Latn,278,10,61
eng_Latn,278,11,49
eng_Latn,278,12,22
eng_Latn,278,13,47
eng_Latn,278,14,60
jpn_Jpan,279,0,60
jpn_Jpan,279,1,13
jpn_Jpan,279,2,13
jpn_Jpan,279,3,24
jpn_Jpan,279,4,13
jpn_Jpan,279,5,13
jpn_Jpan,279,6,24
jpn_Jpan,279,7,24
jpn_Jpan,279,8,13
jpn_Jpan,279,9,24
jpn_Jpan,279,10,13
jpn_Jpan,279,11,13
jpn_Jpan,279,12,24
jpn_Jpan,279,13,13
jpn_Jpan,279,14,24
jpn_Jpan,279,15,19
jpn_Jpan,279,16,13
jpn_Jpan,279,17,13
jpn_Jpan,279,18,13
jpn_Jpan,279,19,19
jpn_Jpan,279,20,13
jpn_Jpan,279,21,13
jpn_Jpan,279,22,24
jpn_Jpan,279,23,13
jpn_Jpan,279,24,13
jpn_Jpan,279,25,13
jpn_Jpan,279,26,13
jpn_Jpan,279,27,34
jpn_Jpan,280,0,60
jpn_Jpan,280,1,19
jpn_Jpan,280,2,13
jpn_Jpan,280,3,24
jpn_Jpan,280,4,13
jpn_Jpan,280,5,36
jpn_Jpan,280,6,34
jpn_Jpan,280,7,13
jpn_Jpan,280,8,24
jpn_Jpan,280,9,24
jpn_Jpan,280,10,13
jpn_Jpan,280,11,47
jpn_Jpan,280,12,13
jpn_Jpan,280,13,13
jpn_Jpan,280,14,39
jpn_Jpan,280,15,61
jpn_Jpan,280,16,13
jpn_Jpan,280,17,24
jpn_Jpan,280,18,19
jpn_Jpan,280,19,13
jpn_Jpan,280,20,13
jpn_Jpan,280,21,13
jpn_Jpan,280,22,13
jpn_Jpan,281,0,60
jpn_Jpan,281,1,1
jpn_Jpan,281,2,52
jpn_Jpan,281,3,13
jpn_Jpan,281,4,24
jpn_Jpan,281,5,13
jpn_Jpan,281,6,13
jpn_Jpan,281,7,24
jpn_Jpan,281,8,52
jpn_Jpan,281,9,13
jpn_Jpan,281,10,13
jpn_Jpan,281,11,13
jpn_Jpan,281,12,24
jpn_Jpan,281,13,19
jpn_Jpan,281,14,13
jpn_Jpan,281,15,19
jpn_Jpan,281,16,13
jpn_Jpan,281,17,13
jpn_Jpan,281,18,13
jpn_Jpan,281,19,24
jpn_Jpan,281,20,19
jpn_Jpan,281,21,13
jpn_Jpan,281,22,19
jpn_Jpan,281,23,13
jpn_Jpan,281,24,34
jpn_Jpan,281,25,24
jpn_Jpan,282,0,60
jpn_Jpan,282,1,13
jpn_Jpan,282,2,19
jpn_Jpan,282,3,13
jpn_Jpan,282,4,13
jpn_Jpan,282,5,47
jpn_Jpan,282,6,51
jpn_Jpan,282,7,47
jpn_Jpan,282,8,13
jpn_Jpan,282,9,24
jpn_Jpan,282,10,61
jpn_Jpan,282,11,19
jpn_Jpan,282,12,13
jpn_Jpan,282,13,34
jpn_Jpan,283,0,60
jpn_Jpan,283,1,13
jpn_Jpan,283,2,13
jpn_Jpan,283,3,13
jpn_Jpan,283,4,12
jpn_Jpan,283,5,61
jpn_Jpan,283,6,13
jpn_Jpan,283,7,13
jpn_Jpan,283,8,24
jpn_Jpan,283,9,13
jpn_Jpan,283,10,13
jpn_Jpan,283,11,13
jpn_Jpan,283,12,24
jpn_Jpan,283,13,19
jpn_Jpan,283,14,13
jpn_Jpan,283,15,13
jpn_Jpan,283,16,13
jpn_Jpan,283,17,13
jpn_Jpan,283,18,13
jpn_Jpan,283,19,51
jpn_Jpan,283,20,51
jpn_Jpan,283,21,51
jpn_Jpan,284,0,60
jpn_Jpan,284,1,12
jpn_Jpan,284,2,9
jpn_Jpan,284,3,11
jpn_Jpan,284,4,13
jpn_Jpan,284,5,1
jpn_Jpan,284,6,52
jpn_Jpan,284,7,1
jpn_Jpan,284,8,52
jpn_Jpan,284,9,36
jpn_Jpan,284,10,13
jpn_Jpan,284,11,13
jpn_Jpan,284,12,36
jpn_Jpan,284,13,61
jpn_Jpan,284,14,19
jpn_Jpan,284,15,36
jpn_Jpan,284,16,13
jpn_Jpan,284,17,36
jpn_Jpan,284,18,24
jpn_Jpan,284,19,19
jpn_Jpan,284,20,13
jpn_Jpan,284,21,19
jpn_Jpan,284,22,13
jpn_Jpan,284,23,24
jpn_Jpan,284,24,13
jpn_Jpan,284,25,19
jpn_Jpan,284,26,13
jpn_Jpan,284,27,36
jpn_Jpan,284,28,19
jpn_Jpan,284,29,13
jpn_Jpan,284,30,34
jpn_Jpan,284,31,13
jpn_Jpan,284,32,13
jpn_Jpan,284,33,13
jpn_Jpan,284,34,34
jpn_Jpan,285,0,60
jpn_Jpan,285,1,47
jpn_Jpan,285,2,13
jpn_Jpan,285,3,11
jpn_Jpan,285,4,52
jpn_Jpan,285,5,19
jpn_Jpan,285,6,13
jpn_Jpan,285,7,7
jpn_Jpan,285,8,19
jpn_Jpan,285,9,13
jpn_Jpan,285,10,13
jpn_Jpan,285,11,24
jpn_Jpan,285,12,52
jpn_Jpan,285,13,1
jpn_Jpan,285,14,52
jpn_Jpan,285,15,13
jpn_Jpan,285,16,52
jpn_Jpan,285,17,1
jpn_Jpan,285,18,52
jpn_Jpan,285,19,13
jpn_Jpan,285,20,24
jpn_Jpan,285,21,52
jpn_Jpan,285,22,19
jpn_Jpan,285,23,13
jpn_Jpan,285,24,1
jpn_Jpan,285,25,52
jpn_Jpan,286,0,60
jpn_Jpan,286,1,22
jpn_Jpan,286,2,39
jpn_Jpan,286,3,22
jpn_Jpan,286,4,9
jpn_Jpan,286,5,24
jpn_Jpan,286,6,13
jpn_Jpan,286,7,24
jpn_Jpan,286,8,52
jpn_Jpan,287,0,60
jpn_Jpan,287,1,22
jpn_Jpan,287,2,22
jpn_Jpan,287,3,46
jpn_Jpan,287,4,46
jpn_Jpan,287,5,46
jpn_Jpan,287,6,63
jpn_Jpan,287,7,36
jpn_Jpan,287,8,36
jpn_Jpan,287,9,40
jpn_Jpan,287,10,15
jpn_Jpan,288,0,60
jpn_Jpan,288,1,36
jpn_Jpan,288,2,24
jpn_Jpan,288,3,52
jpn_Jpan,288,4,19
jpn_Jpan,288,5,13
jpn_Jpan,288,6,19
jpn_Jpan,288,7,13
jpn_Jpan,288,8,13
jpn_Jpan,288,9,19
jpn_Jpan,288,10,19
jpn_Jpan,288,11,19
jpn_Jpan,288,12,13
jpn_Jpan,288,13,24
jpn_Jpan,288,14,13
jpn_Jpan,288,15,19
jpn_Jpan,288,16,13
jpn_Jpan,288,17,13
jpn_Jpan,288,18,34
jpn_Jpan,288,19,1
jpn_Jpan,288,20,13
jpn_Jpan,288,21,36
jpn_Jpan,288,22,13
jpn_Jpan,288,23,13
jpn_Jpan,288,24,13
jpn_Jpan,288,25,24
jpn_Jpan,288,26,19
jpn_Jpan,288,27,13
jpn_Jpan,288,28,7
jpn_Jpan,288,29,24
jpn_Jpan,288,30,13
jpn_Jpan,288,31,13
jpn_Jpan,288,32,13
jpn_Jpan,288,33,47
jpn_Jpan,288,34,19
jpn_Jpan,288,35,13
jpn_Jpan,288,36,13
jpn_Jpan,288,37,34
jpn_Jpan,288,38,24
jpn_Jpan,288,39,19
jpn_Jpan,288,40,13
jpn_Jpan,288,41,19
jpn_Jpan,288,42,13
jpn_Jpan,288,43,24
jpn_Jpan,288,44,19
jpn_Jpan,288,45,13
jpn_Jpan,288,46,19
jpn_Jpan,288,47,13
jpn_Jpan,288,48,13
jpn_Jpan,288,49,34
jpn_Jpan,288,50,13
jpn_Jpan,288,51,19
jpn_Jpan,288,52,13
jpn_Jpan,288,53,34
jpn_Jpan,289,0,60
jpn_Jpan,289,1,1
jpn_Jpan,289,2,52
jpn_Jpan,289,3,1
jpn_Jpan,289,4,52
jpn_Jpan,289,5,13
jpn_Jpan,289,6,24
jpn_Jpan,289,7,19
jpn_Jpan,289,8,13
jpn_Jpan,289,9,19
jpn_Jpan,289,10,13
jpn_Jpan,289,11,13
jpn_Jpan,289,12,52
jpn_Jpan,289,13,13
jpn_Jpan,289,14,13
jpn_Jpan,289,15,19
jpn_Jpan,289,16,13
jpn_Jpan,289,17,47
jpn_Jpan,289,18,13
jpn_Jpan,289,19,13
jpn_Jpan,289,20,24
jpn_Jpan,289,21,13
jpn_Jpan,289,22,24
jpn_Jpan,289,23,19
jpn_Jpan,289,24,13
jpn_Jpan,289,25,61
jpn_Jpan,289,26,19
jpn_Jpan,289,27,13
jpn_Jpan,289,28,19
jpn_Jpan,289,29,13
eng_Latn,290,0,60
eng_Latn,290,1,9
eng_Latn,290,2,22
eng_Latn,290,3,18
eng_Latn,290,4,20
eng_Latn,290,5,21
eng_Latn,290,6,57
eng_Latn,290,7,53
eng_Latn,290,8,37
eng_Latn,290,9,4
jpn_Jpan,291,0,60
jpn_Jpan,291,1,13
jpn_Jpan,291,2,24
jpn_Jpan,291,3,52
jpn_Jpan,291,4,13
jpn_Jpan,291,5,13
jpn_Jpan,291,6,36
jpn_Jpan,291,7,24
jpn_Jpan,291,8,52
jpn_Jpan,291,9,13
jpn_Jpan,291,10,13
jpn_Jpan,291,11,24
jpn_Jpan,291,12,13
jpn_Jpan,291,13,19
jpn_Jpan,291,14,34
jpn_Jpan,291,15,13
jpn_Jpan,291,16,47
jpn_Jpan,291,17,47
jpn_Jpan,291,18,13
jpn_Jpan,291,19,13
jpn_Jpan,291,20,19
jpn_Jpan,291,21,13
jpn_Jpan,291,22,13
jpn_Jpan,291,23,61
jpn_Jpan,291,24,13
jpn_Jpan,291,25,39
jpn_Jpan,291,26,13
jpn_Jpan,291,27,24
jpn_Jpan,291,28,47
jpn_Jpan,291,29,13
jpn_Jpan,291,30,13
jpn_Jpan,291,31,19
jpn_Jpan,291,32,13
jpn_Jpan,291,33,13
jpn_Jpan,291,34,24
jpn_Jpan,291,35,19
jpn_Jpan,291,36,13
jpn_Jpan,291,37,47
jpn_Jpan,291,38,34
jpn_Jpan,291,39,13
jpn_Jpan,291,40,34
jpn_Jpan,292,0,60
jpn_Jpan,292,1,19
jpn_Jpan,292,2,13
jpn_Jpan,292,3,13
jpn_Jpan,292,4,13
jpn_Jpan,292,5,13
jpn_Jpan,292,6,24
jpn_Jpan,292,7,19
jpn_Jpan,292,8,13
jpn_Jpan,292,9,52
jpn_Jpan,292,10,13
jpn_Jpan,292,11,24
jpn_Jpan,292,12,24
jpn_Jpan,292,13,13
jpn_Jpan,292,14,13
jpn_Jpan,292,15,19
jpn_Jpan,292,16,13
jpn_Jpan,292,17,24
jpn_Jpan,292,18,13
jpn_Jpan,292,19,13
jpn_Jpan,292,20,13
jpn_Jpan,292,21,24
jpn_Jpan,292,22,47
jpn_Jpan,292,23,13
jpn_Jpan,292,24,13
jpn_Jpan,292,25,13
jpn_Jpan,292,26,24
jpn_Jpan,292,27,24
jpn_Jpan,292,28,13
jpn_Jpan,292,29,13
jpn_Jpan,292,30,24
jpn_Jpan,292,31,19
jpn_Jpan,292,32,19
jpn_Jpan,292,33,13
jpn_Jpan,292,34,34
jpn_Jpan,292,35,24
jpn_Jpan,292,36,13
jpn_Jpan,292,37,13
jpn_Jpan,292,38,34
eng_Latn,293,0,60
eng_Latn,293,1,46
eng_Latn,293,2,5
eng_Latn,293,3,54
eng_Latn,293,4,48
eng_Latn,293,5,8
eng_Latn,293,6,15
eng_Latn,293,7,48
eng_Latn,293,8,56
eng_Latn,293,9,34
eng_Latn,293,10,34
jpn_Jpan,294,0,60
jpn_Jpan,294,1,36
jpn_Jpan,294,2,13
jpn_Jpan,294,3,13
jpn_Jpan,294,4,36
jpn_Jpan,294,5,36
jpn_Jpan,294,6,36
jpn_Jpan,294,7,13
jpn_Jpan,294,8,24
jpn_Jpan,294,9,13
jpn_Jpan,294,10,39
jpn_Jpan,294,11,24
jpn_Jpan,294,12,61
jpn_Jpan,294,13,19
jpn_Jpan,294,14,19
jpn_Jpan,294,15,13
jpn_Jpan,294,16,13
jpn_Jpan,294,17,34
jpn_Jpan,294,18,13
jpn_Jpan,294,19,36
jpn_Jpan,294,20,13
jpn_Jpan,294,21,28
jpn_Jpan,294,22,47
jpn_Jpan,294,23,47
jpn_Jpan,294,24,13
jpn_Jpan,294,25,19
jpn_Jpan,294,26,13
jpn_Jpan,294,27,61
jpn_Jpan,294,28,19
jpn_Jpan,294,29,34
jpn_Jpan,294,30,36
jpn_Jpan,294,31,13
jpn_Jpan,294,32,34
jpn_Jpan,294,33,34
jpn_Jpan,295,0,60
jpn_Jpan,295,1,13
jpn_Jpan,295,2,13
jpn_Jpan,295,3,13
jpn_Jpan,295,4,19
jpn_Jpan,295,5,13
jpn_Jpan,295,6,36
jpn_Jpan,295,7,36
jpn_Jpan,295,8,19
jpn_Jpan,295,9,13
jpn_Jpan,295,10,36
jpn_Jpan,295,11,36
jpn_Jpan,295,12,13
jpn_Jpan,295,13,36
jpn_Jpan,295,14,52
jpn_Jpan,295,15,19
jpn_Jpan,295,16,36
jpn_Jpan,295,17,24
jpn_Jpan,295,18,36
jpn_Jpan,295,19,24
jpn_Jpan,295,20,13
jpn_Jpan,295,21,13
jpn_Jpan,295,22,24
jpn_Jpan,295,23,47
jpn_Jpan,295,24,13
jpn_Jpan,295,25,13
jpn_Jpan,295,26,24
jpn_Jpan,295,27,13
jpn_Jpan,295,28,13
jpn_Jpan,295,29,19
jpn_Jpan,295,30,13
jpn_Jpan,295,31,13
jpn_Jpan,295,32,34
jpn_Jpan,296,0,60
jpn_Jpan,296,1,13
jpn_Jpan,296,2,13
jpn_Jpan,296,3,19
jpn_Jpan,296,4,39
jpn_Jpan,296,5,13
jpn_Jpan,296,6,19
jpn_Jpan,296,7,19
jpn_Jpan,296,8,19
jpn_Jpan,296,9,39
jpn_Jpan,296,10,13
jpn_Jpan,296,11,24
jpn_Jpan,296,12,19
jpn_Jpan,296,13,13
jpn_Jpan,296,14,24
jpn_Jpan,296,15,24
jpn_Jpan,296,16,13
jpn_Jpan,296,17,13
jpn_Jpan,296,18,13
jpn_Jpan,296,19,13
jpn_Jpan,296,20,19
jpn_Jpan,296,21,13
jpn_Jpan,296,22,13
jpn_Jpan,296,23,13
jpn_Jpan,296,24,13
jpn_Jpan,296,25,19
jpn_Jpan,296,26,13
jpn_Jpan,296,27,19
jpn_Jpan,296,28,13
jpn_Jpan,296,29,13
jpn_Jpan,296,30,19
jpn_Jpan,296,31,13
jpn_Jpan,296,32,24
jpn_Jpan,296,33,13
jpn_Jpan,296,34,13
jpn_Jpan,296,35,13
jpn_Jpan,296,36,51
jpn_Jpan,297,0,60
jpn_Jpan,297,1,13
jpn_Jpan,297,2,13
jpn_Jpan,297,3,34
jpn_Jpan,297,4,13
jpn_Jpan,297,5,24
jpn_Jpan,297,6,24
jpn_Jpan,297,7,36
jpn_Jpan,297,8,13
jpn_Jpan,297,9,47
jpn_Jpan,297,10,13
jpn_Jpan,297,11,13
jpn_Jpan,297,12,13
jpn_Jpan,297,13,13
jpn_Jpan,297,14,24
jpn_Jpan,297,15,47
jpn_Jpan,297,16,13
jpn_Jpan,297,17,13
jpn_Jpan,297,18,13
jpn_Jpan,297,19,13
jpn_Jpan,297,20,24
jpn_Jpan,297,21,13
jpn_Jpan,297,22,24
jpn_Jpan,297,23,61
jpn_Jpan,297,24,13
jpn_Jpan,297,25,47
jpn_Jpan,297,26,13
jpn_Jpan,298,0,60
jpn_Jpan,298,1,49
jpn_Jpan,298,2,24
jpn_Jpan,298,3,19
jpn_Jpan,298,4,5
jpn_Jpan,298,5,5
jpn_Jpan,298,6,39
jpn_Jpan,298,7,7
jpn_Jpan,298,8,61
jpn_Jpan,298,9,13
jpn_Jpan,298,10,13
jpn_Jpan,298,11,13
jpn_Jpan,298,12,24
jpn_Jpan,298,13,13
jpn_Jpan,298,14,19
jpn_Jpan,298,15,19
jpn_Jpan,298,16,7
jpn_Jpan,298,17,13
jpn_Jpan,298,18,13
jpn_Jpan,298,19,19
jpn_Jpan,298,20,13
eng_Latn,299,0,60
eng_Latn,299,1,12
eng_Latn,299,2,42
eng_Latn,299,3,22
eng_Latn,299,4,27
eng_Latn,299,5,49
eng_Latn,299,6,9
eng_Latn,299,7,40
eng_Latn,300,0,60
eng_Latn,300,1,9
eng_Latn,300,2,9
eng_Latn,300,3,56
eng_Latn,300,4,38
eng_Latn,300,5,35
eng_Latn,300,6,46
jpn_Jpan,301,0,60
jpn_Jpan,301,1,24
jpn_Jpan,301,2,13
jpn_Jpan,301,3,24
jpn_Jpan,301,4,13
jpn_Jpan,301,5,13
jpn_Jpan,301,6,19
jpn_Jpan,301,7,13
jpn_Jpan,301,8,24
jpn_Jpan,301,9,13
jpn_Jpan,301,10,13
jpn_Jpan,301,11,13
jpn_Jpan,301,12,34
jpn_Jpan,302,0,60
jpn_Jpan,302,1,12
jpn_Jpan,302,2,47
jpn_Jpan,302,3,61
jpn_Jpan,302,4,1
jpn_Jpan,302,5,24
eng_Latn,303,0,60
eng_Latn,303,1,22
eng_Latn,303,2,53
eng_Latn,303,3,46
eng_Latn,304,0,60
eng_Latn,304,1,53
eng_Latn,304,2,49
eng_Latn,305,0,60
eng_Latn,305,1,54
eng_Latn,305,2,38
eng_Latn,305,3,19
eng_Latn,305,4,46
eng_Latn,305,5,21
eng_Latn,305,6,16
eng_Latn,305,7,57
eng_Latn,306,0,60
eng_Latn,306,1,56
eng_Latn,306,2,56
eng_Latn,306,3,16
eng_Latn,306,4,53
eng_Latn,306,5,34
eng_Latn,306,6,57
eng_Latn,306,7,51
jpn_Jpan,307,0,60
jpn_Jpan,307,1,13
jpn_Jpan,307,2,24
jpn_Jpan,307,3,19
jpn_Jpan,307,4,13
jpn_Jpan,307,5,13
jpn_Jpan,307,6,24
jpn_Jpan,307,7,52
jpn_Jpan,307,8,37
jpn_Jpan,307,9,52
jpn_Jpan,307,10,1
jpn_Jpan,307,11,24
jpn_Jpan,307,12,24
jpn_Jpan,307,13,13
jpn_Jpan,307,14,13
jpn_Jpan,307,15,13
jpn_Jpan,307,16,13
jpn_Jpan,307,17,13
jpn_Jpan,307,18,19
jpn_Jpan,307,19,13
jpn_Jpan,307,20,13
jpn_Jpan,307,21,34
jpn_Jpan,307,22,34
jpn_Jpan,307,23,24
jpn_Jpan,307,24,13
jpn_Jpan,307,25,13
jpn_Jpan,307,26,34
jpn_Jpan,307,27,13
jpn_Jpan,307,28,13
jpn_Jpan,307,29,34
jpn_Jpan,308,0,60
jpn_Jpan,308,1,13
jpn_Jpan,308,2,19
jpn_Jpan,308,3,36
jpn_Jpan,308,4,34
jpn_Jpan,308,5,13
jpn_Jpan,308,6,19
jpn_Jpan,308,7,13
jpn_Jpan,308,8,13
jpn_Jpan,308,9,24
jpn_Jpan,308,10,13
jpn_Jpan,308,11,13
jpn_Jpan,308,12,13
jpn_Jpan,308,13,24
jpn_Jpan,308,14,47
jpn_Jpan,308,15,13
jpn_Jpan,308,16,13
jpn_Jpan,308,17,13
jpn_Jpan,308,18,13
jpn_Jpan,308,19,19
jpn_Jpan,308,20,13
jpn_Jpan,308,21,24
jpn_Jpan,308,22,13
jpn_Jpan,308,23,24
jpn_Jpan,308,24,52
jpn_Jpan,308,25,19
jpn_Jpan,308,26,13
jpn_Jpan,308,27,13
jpn_Jpan,308,28,13
jpn_Jpan,308,29,13
jpn_Jpan,308,30,13
jpn_Jpan,308,31,47
jpn_Jpan,308,32,13
jpn_Jpan,308,33,13
jpn_Jpan,308,34,34
jpn_Jpan,309,0,60
jpn_Jpan,309,1,19
jpn_Jpan,309,2,13
jpn_Jpan,309,3,24
jpn_Jpan,309,4,13
jpn_Jpan,309,5,19
jpn_Jpan,309,6,34
jpn_Jpan,309,7,34
jpn_Jpan,309,8,24
jpn_Jpan,309,9,24
jpn_Jpan,309,10,13
jpn_Jpan,309,11,47
jpn_Jpan,309,12,36
jpn_Jpan,309,13,13
jpn_Jpan,309,14,13
jpn_Jpan,309,15,13
jpn_Jpan,309,16,36
jpn_Jpan,309,17,24
jpn_Jpan,309,18,24
jpn_Jpan,309,19,13
jpn_Jpan,309,20,13
jpn_Jpan,309,21,24
jpn_Jpan,309,22,13
jpn_Jpan,309,23,13
jpn_Jpan,309,24,51
jpn_Jpan,310,0,60
jpn_Jpan,310,1,13
jpn_Jpan,310,2,13
jpn_Jpan,310,3,39
jpn_Jpan,310,4,13
jpn_Jpan,310,5,61
jpn_Jpan,310,6,13
jpn_Jpan,310,7,19
jpn_Jpan,310,8,13
jpn_Jpan,310,9,13
jpn_Jpan,310,10,12
jpn_Jpan,310,11,11
jpn_Jpan,310,12,19
jpn_Jpan,310,13,39
jpn_Jpan,310,14,24
jpn_Jpan,310,15,24
jpn_Jpan,310,16,19
jpn_Jpan,310,17,13
jpn_Jpan,310,18,19
jpn_Jpan,310,19,34
jpn_Jpan,310,20,24
jpn_Jpan,310,21,24
jpn_Jpan,310,22,47
jpn_Jpan,310,23,61
eng_Latn,311,0,60
eng_Latn,311,1,9
eng_Latn,311,2,56
eng_Latn,311,3,41
eng_Latn,311,4,17
eng_Latn,311,5,20
eng_Latn,311,6,57
eng_Latn,311,7,15
eng_Latn,311,8,16
eng_Latn,311,9,8
eng_Latn,311,10,8
eng_Latn,311,11,15
jpn_Jpan,312,0,60
jpn_Jpan,312,1,19
jpn_Jpan,312,2,22
jpn_Jpan,313,0,60
jpn_Jpan,313,1,13
jpn_Jpan,313,2,61
jpn_Jpan,313,3,13
jpn_Jpan,313,4,52
jpn_Jpan,313,5,24
jpn_Jpan,313,6,13
jpn_Jpan,313,7,19
jpn_Jpan,313,8,13
jpn_Jpan,313,9,13
jpn_Jpan,314,0,60
jpn_Jpan,314,1,13
jpn_Jpan,314,2,19
jpn_Jpan,314,3,36
jpn_Jpan,314,4,24
jpn_Jpan,314,5,24
jpn_Jpan,314,6,19
jpn_Jpan,314,7,13
jpn_Jpan,314,8,47
jpn_Jpan,314,9,36
jpn_Jpan,314,10,19
jpn_Jpan,314,11,13
jpn_Jpan,314,12,24
jpn_Jpan,314,13,13
jpn_Jpan,314,14,36
jpn_Jpan,314,15,13
jpn_Jpan,314,16,24
jpn_Jpan,314,17,40
jpn_Jpan,314,18,36
jpn_Jpan,314,19,36
jpn_Jpan,314,20,61
jpn_Jpan,314,21,13
jpn_Jpan,314,22,13
jpn_Jpan,314,23,24
jpn_Jpan,314,24,47
jpn_Jpan,314,25,1
jpn_Jpan,314,26,52
jpn_Jpan,314,27,13
jpn_Jpan,314,28,36
jpn_Jpan,314,29,47
jpn_Jpan,314,30,13
jpn_Jpan,314,31,36
jpn_Jpan,314,32,19
jpn_Jpan,314,33,47
jpn_Jpan,314,34,36
jpn_Jpan,314,35,24
jpn_Jpan,314,36,47
jpn_Jpan,314,37,1
jpn_Jpan,314,38,52
eng_Latn,315,0,60
eng_Latn,315,1,38
eng_Latn,315,2,15
eng_Latn,315,3,56
eng_Latn,315,4,32
eng_Latn,315,5,4
eng_Latn,315,6,18
eng_Latn,315,7,50
eng_Latn,315,8,49
eng_Latn,316,0,60
eng_Latn,316,1,47
eng_Latn,316,2,8
eng_Latn,316,3,33
eng_Latn,316,4,33
eng_Latn,316,5,63
eng_Latn,316,6,12
eng_Latn,316,7,61
eng_Latn,316,8,26
eng_Latn,316,9,26
eng_Latn,316,10,26
eng_Latn,316,11,60
eng_Latn,317,0,60
eng_Latn,317,1,22
eng_Latn,317,2,45
eng_Latn,317,3,50
eng_Latn,317,4,18
eng_Latn,317,5,16
eng_Latn,317,6,11
eng_Latn,317,7,54
jpn_Jpan,318,0,60
jpn_Jpan,318,1,60
jpn_Jpan,318,2,47
jpn_Jpan,318,3,47
jpn_Jpan,318,4,13
jpn_Jpan,318,5,13
jpn_Jpan,318,6,13
jpn_Jpan,318,7,47
jpn_Jpan,318,8,13
jpn_Jpan,318,9,13
jpn_Jpan,318,10,12
jpn_Jpan,318,11,13
jpn_Jpan,318,12,24
jpn_Jpan,318,13,13
jpn_Jpan,318,14,13
jpn_Jpan,318,15,24
jpn_Jpan,318,16,61
jpn_Jpan,318,17,13
jpn_Jpan,318,18,13
jpn_Jpan,318,19,39
jpn_Jpan,318,20,19
jpn_Jpan,318,21,13
jpn_Jpan,318,22,47
jpn_Jpan,318,23,47
jpn_Jpan,318,24,13
jpn_Jpan,318,25,24
jpn_Jpan,318,26,24
jpn_Jpan,318,27,13
jpn_Jpan,318,28,13
jpn_Jpan,318,29,24
jpn_Jpan,318,30,19
jpn_Jpan,318,31,13
jpn_Jpan,318,32,13
jpn_Jpan,318,33,13
jpn_Jpan,318,34,24
jpn_Jpan,319,0,60
jpn_Jpan,319,1,60
jpn_Jpan,319,2,13
jpn_Jpan,319,3,24
jpn_Jpan,319,4,13
jpn_Jpan,319,5,19
jpn_Jpan,319,6,13
jpn_Jpan,319,7,24
jpn_Jpan,319,8,13
jpn_Jpan,319,9,19
jpn_Jpan,319,10,13
jpn_Jpan,319,11,36
jpn_Jpan,319,12,36
jpn_Jpan,319,13,24
jpn_Jpan,319,14,40
jpn_Jpan,319,15,7
jpn_Jpan,319,16,36
jpn_Jpan,319,17,36
jpn_Jpan,319,18,13
jpn_Jpan,319,19,34
jpn_Jpan,319,20,24
jpn_Jpan,319,21,34
jpn_Jpan,319,22,34
jpn_Jpan,319,23,24
jpn_Jpan,319,24,24
jpn_Jpan,319,25,47
jpn_Jpan,319,26,13
jpn_Jpan,319,27,34
jpn_Jpan,319,28,13
jpn_Jpan,319,29,34
eng_Latn,320,0,60
eng_Latn,320,1,52
eng_Latn,320,2,57
eng_Latn,320,3,3
eng_Latn,320,4,3
eng_Latn,320,5,3
eng_Latn,320,6,19
eng_Latn,320,7,3
eng_Latn,321,0,60
eng_Latn,321,1,23
eng_Latn,321,2,8
eng_Latn,321,3,15
jpn_Jpan,322,0,60
jpn_Jpan,322,1,24
jpn_Jpan,322,2,13
jpn_Jpan,322,3,13
jpn_Jpan,322,4,13
jpn_Jpan,322,5,13
jpn_Jpan,322,6,24
jpn_Jpan,322,7,61
jpn_Jpan,322,8,19
jpn_Jpan,322,9,19
jpn_Jpan,322,10,13
jpn_Jpan,322,11,24
jpn_Jpan,322,12,24
jpn_Jpan,322,13,13
jpn_Jpan,322,14,13
jpn_Jpan,322,15,13
jpn_Jpan,322,16,39
jpn_Jpan,322,17,13
jpn_Jpan,322,18,19
jpn_Jpan,322,19,47
jpn_Jpan,322,20,19
jpn_Jpan,322,21,13
jpn_Jpan,322,22,13
jpn_Jpan,322,23,13
jpn_Jpan,322,24,13
jpn_Jpan,322,25,13
jpn_Jpan,322,26,13
jpn_Jpan,322,27,34
jpn_Jpan,323,0,60
jpn_Jpan,323,1,13
jpn_Jpan,323,2,39
jpn_Jpan,323,3,39
jpn_Jpan,323,4,34
jpn_Jpan,323,5,24
jpn_Jpan,323,6,13
jpn_Jpan,323,7,13
jpn_Jpan,323,8,39
jpn_Jpan,323,9,13
jpn_Jpan,323,10,13
jpn_Jpan,323,11,19
jpn_Jpan,323,12,13
jpn_Jpan,323,13,19
jpn_Jpan,323,14,13
jpn_Jpan,323,15,13
jpn_Jpan,323,16,13
jpn_Jpan,323,17,13
jpn_Jpan,323,18,13
jpn_Jpan,323,19,13
jpn_Jpan,323,20,13
jpn_Jpan,323,21,34
eng_Latn,324,0,60
eng_Latn,324,1,52
eng_Latn,324,2,57
eng_Latn,324,3,57
eng_Latn,324,4,12
eng_Latn,324,5,1
eng_Latn,324,6,19
eng_Latn,324,7,15
eng_Latn,324,8,56
eng_Latn,324,9,19
eng_Latn,324,10,52
eng_Latn,324,11,3
eng_Latn,324,12,3
eng_Latn,324,13,57
eng_Latn,324,14,46
jpn_Jpan,325,0,60
jpn_Jpan,325,1,36
jpn_Jpan,325,2,24
jpn_Jpan,325,3,62
jpn_Jpan,325,4,13
jpn_Jpan,325,5,1
jpn_Jpan,325,6,13
jpn_Jpan,325,7,19
jpn_Jpan,325,8,13
jpn_Jpan,325,9,13
jpn_Jpan,325,10,13
jpn_Jpan,325,11,13
jpn_Jpan,325,12,13
jpn_Jpan,325,13,13
jpn_Jpan,325,14,19
jpn_Jpan,325,15,13
jpn_Jpan,325,16,47
jpn_Jpan,325,17,13
jpn_Jpan,325,18,39
jpn_Jpan,325,19,19
jpn_Jpan,325,20,13
jpn_Jpan,325,21,11
jpn_Jpan,325,22,40
jpn_Jpan,325,23,13
jpn_Jpan,325,24,47
jpn_Jpan,325,25,13
jpn_Jpan,325,26,19
jpn_Jpan,325,27,36
jpn_Jpan,325,28,12
jpn_Jpan,325,29,58
jpn_Jpan,325,30,12
jpn_Jpan,325,31,60
jpn_Jpan,326,0,60
jpn_Jpan,326,1,13
jpn_Jpan,326,2,13
jpn_Jpan,326,3,47
jpn_Jpan,326,4,13
jpn_Jpan,326,5,24
jpn_Jpan,326,6,13
jpn_Jpan,326,7,13
jpn_Jpan,326,8,13
jpn_Jpan,326,9,13
jpn_Jpan,326,10,13
jpn_Jpan,326,11,61
jpn_Jpan,326,12,19
jpn_Jpan,326,13,13
jpn_Jpan,326,14,13
jpn_Jpan,326,15,24
jpn_Jpan,326,16,13
jpn_Jpan,326,17,13
jpn_Jpan,326,18,24
jpn_Jpan,326,19,13
jpn_Jpan,326,20,13
jpn_Jpan,326,21,24
jpn_Jpan,326,22,13
jpn_Jpan,326,23,19
jpn_Jpan,326,24,13
jpn_Jpan,326,25,13
jpn_Jpan,326,26,47
jpn_Jpan,326,27,13
jpn_Jpan,326,28,13
jpn_Jpan,326,29,13
jpn_Jpan,326,30,19
jpn_Jpan,326,31,13
jpn_Jpan,326,32,13
jpn_Jpan,326,33,24
jpn_Jpan,326,34,24
jpn_Jpan,326,35,13
jpn_Jpan,326,36,13
jpn_Jpan,326,37,24
jpn_Jpan,326,38,19
jpn_Jpan,326,39,19
jpn_Jpan,326,40,47
jpn_Jpan,326,41,39
jpn_Jpan,326,42,13
jpn_Jpan,326,43,13
jpn_Jpan,326,44,24
jpn_Jpan,326,45,19
jpn_Jpan,326,46,13
jpn_Jpan,326,47,34
jpn_Jpan,327,0,60
jpn_Jpan,327,1,13
jpn_Jpan,327,2,13
jpn_Jpan,327,3,24
jpn_Jpan,327,4,19
jpn_Jpan,327,5,13
jpn_Jpan,327,6,61
jpn_Jpan,327,7,13
jpn_Jpan,327,8,24
jpn_Jpan,327,9,13
jpn_Jpan,327,10,19
jpn_Jpan,327,11,13
jpn_Jpan,327,12,13
jpn_Jpan,327,13,51
eng_Latn,328,0,60
eng_Latn,328,1,38
eng_Latn,328,2,38
eng_Latn,328,3,56
eng_Latn,328,4,47
eng_Latn,328,5,14
eng_Latn,328,6,14
eng_Latn,328,7,21
eng_Latn,328,8,14
eng_Latn,328,9,49
eng_Latn,329,0,60
eng_Latn,329,1,22
eng_Latn,329,2,12
eng_Latn,329,3,22
eng_Latn,329,4,63
jpn_Jpan,330,0,60
jpn_Jpan,330,1,6
jpn_Jpan,330,2,24
jpn_Jpan,330,3,13
jpn_Jpan,330,4,36
jpn_Jpan,330,5,13
jpn_Jpan,330,6,24
jpn_Jpan,330,7,13
jpn_Jpan,330,8,13
jpn_Jpan,330,9,36
jpn_Jpan,330,10,13
jpn_Jpan,330,11,34
jpn_Jpan,331,0,60
jpn_Jpan,331,1,13
jpn_Jpan,331,2,13
jpn_Jpan,331,3,19
jpn_Jpan,331,4,13
jpn_Jpan,331,5,13
jpn_Jpan,331,6,13
jpn_Jpan,331,7,7
jpn_Jpan,331,8,47
jpn_Jpan,331,9,61
jpn_Jpan,331,10,13
jpn_Jpan,331,11,7
jpn_Jpan,331,12,13
jpn_Jpan,331,13,1
jpn_Jpan,331,14,52
jpn_Jpan,331,15,13
jpn_Jpan,331,16,12
jpn_Jpan,331,17,52
jpn_Jpan,331,18,1
jpn_Jpan,331,19,52
jpn_Jpan,331,20,13
jpn_Jpan,331,21,1
jpn_Jpan,331,22,13
jpn_Jpan,331,23,47
jpn_Jpan,331,24,34
jpn_Jpan,332,0,60
jpn_Jpan,332,1,13
jpn_Jpan,332,2,24
jpn_Jpan,332,3,19
jpn_Jpan,332,4,13
jpn_Jpan,332,5,24
jpn_Jpan,332,6,34
jpn_Jpan,332,7,13
jpn_Jpan,332,8,47
jpn_Jpan,332,9,19
jpn_Jpan,332,10,13
jpn_Jpan,332,11,13
jpn_Jpan,332,12,19
jpn_Jpan,332,13,13
jpn_Jpan,332,14,24
jpn_Jpan,332,15,19
jpn_Jpan,332,16,13
jpn_Jpan,332,17,13
jpn_Jpan,332,18,24
jpn_Jpan,332,19,13
jpn_Jpan,332,20,34
jpn_Jpan,333,0,60
jpn_Jpan,333,1,19
jpn_Jpan,333,2,13
jpn_Jpan,333,3,13
jpn_Jpan,333,4,61
jpn_Jpan,333,5,13
jpn_Jpan,333,6,13
jpn_Jpan,333,7,36
jpn_Jpan,333,8,24
jpn_Jpan,333,9,52
jpn_Jpan,333,10,1
jpn_Jpan,333,11,52
jpn_Jpan,333,12,13
jpn_Jpan,333,13,52
jpn_Jpan,333,14,1
jpn_Jpan,333,15,13
jpn_Jpan,333,16,36
jpn_Jpan,334,0,60
jpn_Jpan,334,1,36
jpn_Jpan,334,2,13
jpn_Jpan,334,3,24
jpn_Jpan,334,4,13
jpn_Jpan,334,5,13
jpn_Jpan,334,6,13
jpn_Jpan,334,7,13
jpn_Jpan,334,8,34
jpn_Jpan,334,9,24
jpn_Jpan,334,10,13
jpn_Jpan,334,11,13
jpn_Jpan,334,12,13
jpn_Jpan,334,13,51
eng_Latn,335,0,60
eng_Latn,335,1,39
eng_Latn,335,2,47
eng_Latn,335,3,34
eng_Latn,336,0,60
eng_Latn,336,1,12
eng_Latn,336,2,42
eng_Latn,336,3,19
eng_Latn,336,4,22
eng_Latn,336,5,49
eng_Latn,336,6,9
eng_Latn,336,7,19
eng_Latn,336,8,8
jpn_Jpan,337,0,60
jpn_Jpan,337,1,13
jpn_Jpan,337,2,24
jpn_Jpan,337,3,24
jpn_Jpan,337,4,40
jpn_Jpan,337,5,7
jpn_Jpan,337,6,7
jpn_Jpan,337,7,13
jpn_Jpan,337,8,13
jpn_Jpan,337,9,61
jpn_Jpan,337,10,61
jpn_Jpan,337,11,13
jpn_Jpan,337,12,13
jpn_Jpan,337,13,47
jpn_Jpan,337,14,13
jpn_Jpan,337,15,24
jpn_Jpan,337,16,13
jpn_Jpan,337,17,24
jpn_Jpan,337,18,47
jpn_Jpan,337,19,13
jpn_Jpan,337,20,13
jpn_Jpan,337,21,34
eng_Latn,338,0,60
eng_Latn,338,1,51
eng_Latn,338,2,26
eng_Latn,338,3,61
eng_Latn,338,4,49
eng_Latn,339,0,60
eng_Latn,339,1,52
eng_Latn,339,2,57
eng_Latn,339,3,48
eng_Latn,339,4,2
eng_Latn,339,5,19
eng_Latn,339,6,31
eng_Latn,339,7,53
eng_Latn,339,8,3
eng_Latn,339,9,31
jpn_Jpan,340,0,60
jpn_Jpan,340,1,24
jpn_Jpan,340,2,61
jpn_Jpan,340,3,13
jpn_Jpan,340,4,13
jpn_Jpan,340,5,13
jpn_Jpan,340,6,19
jpn_Jpan,340,7,19
jpn_Jpan,340,8,13
jpn_Jpan,340,9,61
jpn_Jpan,340,10,19
jpn_Jpan,340,11,13
jpn_Jpan,340,12,13
jpn_Jpan,340,13,24
jpn_Jpan,340,14,47
jpn_Jpan,340,15,13
jpn_Jpan,340,16,19
jpn_Jpan,340,17,13
jpn_Jpan,340,18,13
jpn_Jpan,340,19,13
jpn_Jpan,340,20,13
jpn_Jpan,340,21,13
jpn_Jpan,340,22,47
jpn_Jpan,340,23,13
jpn_Jpan,340,24,13
jpn_Jpan,340,25,24
jpn_Jpan,340,26,24
jpn_Jpan,340,27,1
jpn_Jpan,340,28,47
jpn_Jpan,340,29,26
jpn_Jpan,340,30,61
jpn_Jpan,340,31,13
jpn_Jpan,340,32,13
jpn_Jpan,340,33,13
jpn_Jpan,340,34,24
jpn_Jpan,340,35,61
jpn_Jpan,340,36,13
jpn_Jpan,340,37,24
jpn_Jpan,340,38,13
jpn_Jpan,340,39,13
jpn_Jpan,340,40,13
jpn_Jpan,340,41,34
jpn_Jpan,341,0,60
jpn_Jpan,341,1,1
jpn_Jpan,341,2,36
jpn_Jpan,341,3,24
jpn_Jpan,341,4,13
jpn_Jpan,341,5,24
jpn_Jpan,341,6,24
jpn_Jpan,341,7,19
jpn_Jpan,341,8,13
jpn_Jpan,341,9,19
jpn_Jpan,341,10,13
jpn_Jpan,341,11,13
jpn_Jpan,341,12,24
jpn_Jpan,341,13,24
jpn_Jpan,341,14,19
jpn_Jpan,341,15,13
jpn_Jpan,341,16,19
jpn_Jpan,341,17,8
jpn_Jpan,341,18,61
jpn_Jpan,341,19,29
jpn_Jpan,341,20,19
jpn_Jpan,341,21,13
jpn_Jpan,341,22,13
jpn_Jpan,341,23,13
jpn_Jpan,341,24,13
jpn_Jpan,341,25,13
jpn_Jpan,341,26,13
jpn_Jpan,341,27,13
jpn_Jpan,341,28,47
jpn_Jpan,341,29,13
jpn_Jpan,341,30,34
jpn_Jpan,341,31,13
jpn_Jpan,341,32,19
jpn_Jpan,341,33,13
jpn_Jpan,341,34,24
jpn_Jpan,342,0,60
jpn_Jpan,342,1,13
jpn_Jpan,342,2,19
jpn_Jpan,342,3,19
jpn_Jpan,342,4,61
jpn_Jpan,342,5,13
jpn_Jpan,342,6,13
jpn_Jpan,342,7,47
jpn_Jpan,342,8,19
jpn_Jpan,342,9,13
jpn_Jpan,342,10,24
jpn_Jpan,342,11,13
jpn_Jpan,342,12,34
eng_Latn,343,0,60
eng_Latn,343,1,9
eng_Latn,343,2,9
eng_Latn,343,3,18
eng_Latn,343,4,16
eng_Latn,343,5,20
eng_Latn,343,6,3
eng_Latn,343,7,3
eng_Latn,343,8,49
jpn_Jpan,344,0,60
jpn_Jpan,344,1,24
jpn_Jpan,344,2,52
jpn_Jpan,344,3,1
jpn_Jpan,344,4,13
jpn_Jpan,344,5,36
jpn_Jpan,344,6,13
jpn_Jpan,344,7,19
jpn_Jpan,344,8,34
jpn_Jpan,344,9,36
jpn_Jpan,344,10,24
jpn_Jpan,344,11,12
jpn_Jpan,344,12,13
jpn_Jpan,344,13,13
jpn_Jpan,344,14,61
jpn_Jpan,344,15,61
jpn_Jpan,344,16,13
jpn_Jpan,345,0,60
jpn_Jpan,345,1,13
jpn_Jpan,345,2,19
jpn_Jpan,345,3,13
jpn_Jpan,345,4,24
jpn_Jpan,345,5,13
jpn_Jpan,345,6,13
jpn_Jpan,345,7,47
jpn_Jpan,345,8,13
jpn_Jpan,345,9,24
jpn_Jpan,345,10,13
jpn_Jpan,345,11,13
jpn_Jpan,345,12,13
jpn_Jpan,345,13,13
jpn_Jpan,345,14,13
jpn_Jpan,345,15,34
jpn_Jpan,345,16,13
jpn_Jpan,345,17,13
jpn_Jpan,345,18,13
jpn_Jpan,345,19,13
jpn_Jpan,345,20,24
jpn_Jpan,345,21,19
jpn_Jpan,345,22,13
jpn_Jpan,345,23,13
jpn_Jpan,345,24,13
jpn_Jpan,345,25,24
jpn_Jpan,345,26,13
jpn_Jpan,345,27,13
jpn_Jpan,345,28,19
jpn_Jpan,345,29,39
eng_Latn,346,0,60
eng_Latn,346,1,45
eng_Latn,346,2,20
eng_Latn,346,3,0
eng_Latn,346,4,53
eng_Latn,346,5,41
eng_Latn,346,6,21
eng_Latn,346,7,51
eng_Latn,347,0,60
eng_Latn,347,1,49
eng_Latn,347,2,5
eng_Latn,347,3,26
jpn_Jpan,348,0,60
jpn_Jpan,348,1,13
jpn_Jpan,348,2,47
jpn_Jpan,348,3,39
jpn_Jpan,348,4,61
jpn_Jpan,348,5,13
jpn_Jpan,348,6,24
jpn_Jpan,348,7,13
jpn_Jpan,348,8,19
jpn_Jpan,348,9,13
jpn_Jpan,348,10,61
jpn_Jpan,348,11,13
jpn_Jpan,348,12,19
jpn_Jpan,348,13,13
jpn_Jpan,348,14,13
jpn_Jpan,348,15,19
jpn_Jpan,348,16,13
jpn_Jpan,348,17,13
jpn_Jpan,348,18,13
jpn_Jpan,348,19,13
jpn_Jpan,348,20,47
jpn_Jpan,348,21,19
jpn_Jpan,348,22,13
jpn_Jpan,348,23,13
jpn_Jpan,348,24,24
jpn_Jpan,348,25,13
jpn_Jpan,348,26,19
jpn_Jpan,348,27,13
jpn_Jpan,348,28,13
jpn_Jpan,348,29,13
jpn_Jpan,348,30,13
jpn_Jpan,348,31,12
jpn_Jpan,348,32,13
jpn_Jpan,348,33,13
jpn_Jpan,348,34,51
jpn_Jpan,348,35,24
jpn_Jpan,348,36,13
jpn_Jpan,348,37,13
jpn_Jpan,348,38,13
jpn_Jpan,348,39,39
jpn_Jpan,348,40,34
jpn_Jpan,349,0,60
jpn_Jpan,349,1,61
jpn_Jpan,349,2,13
jpn_Jpan,349,3,39
jpn_Jpan,349,4,13
jpn_Jpan,349,5,13
jpn_Jpan,349,6,13
jpn_Jpan,349,7,13
jpn_Jpan,349,8,24
jpn_Jpan,349,9,13
jpn_Jpan,349,10,13
jpn_Jpan,349,11,13
jpn_Jpan,349,12,13
jpn_Jpan,350,0,60
jpn_Jpan,350,1,13
jpn_Jpan,350,2,19
jpn_Jpan,350,3,19
jpn_Jpan,350,4,39
jpn_Jpan,350,5,13
jpn_Jpan,350,6,47
jpn_Jpan,350,7,13
jpn_Jpan,350,8,1
jpn_Jpan,350,9,19
jpn_Jpan,350,10,13
jpn_Jpan,350,11,36
jpn_Jpan,350,12,13
jpn_Jpan,350,13,13
jpn_Jpan,350,14,13
jpn_Jpan,350,15,24
jpn_Jpan,350,16,61
jpn_Jpan,350,17,13
jpn_Jpan,350,18,13
jpn_Jpan,350,19,13
jpn_Jpan,350,20,34
jpn_Jpan,350,21,13
jpn_Jpan,350,22,24
jpn_Jpan,350,23,26
jpn_Jpan,350,24,47
jpn_Jpan,350,25,13
jpn_Jpan,350,26,34
jpn_Jpan,350,27,34
eng_Latn,351,0,60
eng_Latn,351,1,52
eng_Latn,351,2,48
eng_Latn,351,3,56
eng_Latn,351,4,14
eng_Latn,351,5,55
eng_Latn,351,6,19
eng_Latn,351,7,19
eng_Latn,351,8,63
jpn_Jpan,352,0,60
jpn_Jpan,352,1,13
jpn_Jpan,352,2,61
jpn_Jpan,352,3,13
jpn_Jpan,352,4,24
jpn_Jpan,352,5,19
jpn_Jpan,352,6,13
jpn_Jpan,352,7,24
jpn_Jpan,352,8,13
jpn_Jpan,352,9,24
jpn_Jpan,352,10,13
jpn_Jpan,352,11,13
jpn_Jpan,352,12,13
jpn_Jpan,352,13,24
jpn_Jpan,352,14,13
jpn_Jpan,352,15,13
jpn_Jpan,352,16,13
jpn_Jpan,352,17,36
jpn_Jpan,352,18,24
jpn_Jpan,352,19,13
jpn_Jpan,352,20,19
jpn_Jpan,352,21,36
jpn_Jpan,352,22,34
jpn_Jpan,352,23,13
jpn_Jpan,352,24,13
jpn_Jpan,352,25,24
jpn_Jpan,352,26,24
jpn_Jpan,352,27,13
jpn_Jpan,352,28,13
jpn_Jpan,352,29,13
jpn_Jpan,352,30,13
jpn_Jpan,352,31,13
jpn_Jpan,352,32,34
jpn_Jpan,353,0,60
jpn_Jpan,353,1,13
jpn_Jpan,353,2,47
jpn_Jpan,353,3,19
jpn_Jpan,353,4,13
jpn_Jpan,353,5,19
jpn_Jpan,353,6,13
jpn_Jpan,353,7,13
jpn_Jpan,353,8,13
jpn_Jpan,353,9,24
jpn_Jpan,353,10,13
jpn_Jpan,353,11,39
jpn_Jpan,353,12,13
jpn_Jpan,353,13,19
jpn_Jpan,353,14,36
jpn_Jpan,353,15,13
jpn_Jpan,353,16,24
jpn_Jpan,353,17,13
jpn_Jpan,353,18,13
jpn_Jpan,353,19,34
jpn_Jpan,353,20,24
jpn_Jpan,353,21,24
jpn_Jpan,353,22,13
jpn_Jpan,353,23,13
jpn_Jpan,353,24,13
jpn_Jpan,353,25,13
jpn_Jpan,353,26,13
jpn_Jpan,353,27,13
jpn_Jpan,353,28,13
jpn_Jpan,353,29,24
jpn_Jpan,353,30,19
jpn_Jpan,353,31,13
jpn_Jpan,353,32,13
jpn_Jpan,353,33,47
jpn_Jpan,353,34,13
jpn_Jpan,354,0,60
jpn_Jpan,354,1,13
jpn_Jpan,354,2,47
jpn_Jpan,354,3,7
jpn_Jpan,354,4,12
jpn_Jpan,354,5,13
jpn_Jpan,354,6,19
jpn_Jpan,354,7,13
jpn_Jpan,354,8,19
jpn_Jpan,354,9,13
jpn_Jpan,354,10,1
jpn_Jpan,354,11,52
jpn_Jpan,354,12,24
jpn_Jpan,354,13,24
jpn_Jpan,354,14,13
jpn_Jpan,354,15,13
jpn_Jpan,354,16,24
jpn_Jpan,354,17,13
jpn_Jpan,354,18,24
jpn_Jpan,354,19,13
jpn_Jpan,354,20,19
jpn_Jpan,354,21,39
jpn_Jpan,354,22,13
jpn_Jpan,354,23,13
jpn_Jpan,354,24,13
jpn_Jpan,354,25,13
jpn_Jpan,354,26,24
jpn_Jpan,354,27,13
jpn_Jpan,354,28,13
jpn_Jpan,354,29,13
jpn_Jpan,354,30,1
jpn_Jpan,354,31,19
jpn_Jpan,354,32,19
jpn_Jpan,354,33,39
jpn_Jpan,354,34,13
jpn_Jpan,354,35,24
jpn_Jpan,354,36,13
jpn_Jpan,354,37,19
jpn_Jpan,354,38,34
jpn_Jpan,354,39,13
jpn_Jpan,354,40,34
jpn_Jpan,354,41,12
jpn_Jpan,354,42,47
jpn_Jpan,354,43,13
jpn_Jpan,354,44,47
jpn_Jpan,354,45,13
eng_Latn,355,0,60
eng_Latn,355,1,47
eng_Latn,355,2,33
jpn_Jpan,356,0,60
jpn_Jpan,356,1,36
jpn_Jpan,356,2,36
jpn_Jpan,356,3,13
jpn_Jpan,356,4,39
jpn_Jpan,356,5,39
jpn_Jpan,356,6,24
jpn_Jpan,356,7,13
jpn_Jpan,356,8,47
jpn_Jpan,356,9,13
jpn_Jpan,356,10,13
jpn_Jpan,356,11,13
jpn_Jpan,356,12,24
jpn_Jpan,356,13,13
jpn_Jpan,356,14,19
jpn_Jpan,356,15,13
jpn_Jpan,356,16,36
jpn_Jpan,356,17,24
jpn_Jpan,356,18,19
jpn_Jpan,356,19,13
jpn_Jpan,356,20,13
jpn_Jpan,356,21,24
jpn_Jpan,356,22,13
jpn_Jpan,356,23,34
jpn_Jpan,357,0,60
jpn_Jpan,357,1,19
jpn_Jpan,357,2,13
jpn_Jpan,357,3,26
jpn_Jpan,357,4,19
jpn_Jpan,357,5,13
jpn_Jpan,357,6,24
jpn_Jpan,357,7,61
jpn_Jpan,357,8,13
jpn_Jpan,357,9,7
jpn_Jpan,357,10,7
jpn_Jpan,357,11,24
jpn_Jpan,357,12,61
jpn_Jpan,357,13,39
jpn_Jpan,357,14,39
jpn_Jpan,357,15,13
jpn_Jpan,357,16,47
jpn_Jpan,357,17,19
jpn_Jpan,357,18,13
jpn_Jpan,357,19,13
jpn_Jpan,358,0,60
jpn_Jpan,358,1,11
jpn_Jpan,358,2,13
jpn_Jpan,358,3,13
jpn_Jpan,358,4,19
jpn_Jpan,358,5,7
jpn_Jpan,358,6,24
jpn_Jpan,358,7,24
jpn_Jpan,358,8,19
jpn_Jpan,358,9,47
jpn_Jpan,358,10,13
jpn_Jpan,358,11,13
jpn_Jpan,358,12,13
jpn_Jpan,358,13,13
jpn_Jpan,358,14,24
jpn_Jpan,358,15,19
jpn_Jpan,358,16,37
jpn_Jpan,358,17,52
jpn_Jpan,358,18,34
jpn_Jpan,358,19,34
jpn_Jpan,358,20,34
eng_Latn,359,0,60
eng_Latn,359,1,29
eng_Latn,359,2,22
eng_Latn,359,3,34
eng_Latn,359,4,34
eng_Latn,359,5,12
eng_Latn,359,6,58
eng_Latn,359,7,24
eng_Latn,359,8,61
jpn_Jpan,360,0,60
jpn_Jpan,360,1,13
jpn_Jpan,360,2,13
jpn_Jpan,360,3,61
jpn_Jpan,360,4,13
jpn_Jpan,360,5,12
jpn_Jpan,360,6,58
jpn_Jpan,360,7,12
jpn_Jpan,360,8,61
jpn_Jpan,361,0,60
jpn_Jpan,361,1,34
jpn_Jpan,361,2,13
jpn_Jpan,361,3,24
jpn_Jpan,361,4,47
jpn_Jpan,361,5,13
jpn_Jpan,361,6,13
jpn_Jpan,361,7,19
jpn_Jpan,361,8,13
jpn_Jpan,361,9,34
jpn_Jpan,362,0,60
jpn_Jpan,362,1,47
jpn_Jpan,362,2,13
jpn_Jpan,362,3,7
jpn_Jpan,362,4,11
jpn_Jpan,362,5,24
jpn_Jpan,362,6,40
jpn_Jpan,362,7,7
jpn_Jpan,362,8,24
jpn_Jpan,362,9,13
jpn_Jpan,362,10,13
jpn_Jpan,363,0,60
jpn_Jpan,363,1,13
jpn_Jpan,363,2,24
jpn_Jpan,363,3,13
jpn_Jpan,363,4,13
jpn_Jpan,363,5,51
jpn_Jpan,363,6,51
jpn_Jpan,363,7,13
jpn_Jpan,363,8,13
jpn_Jpan,363,9,13
jpn_Jpan,363,10,51
jpn_Jpan,363,11,13
jpn_Jpan,363,12,13
jpn_Jpan,363,13,13
jpn_Jpan,363,14,34
jpn_Jpan,363,15,51
jpn_Jpan,363,16,51
jpn_Jpan,363,17,51
eng_Latn,364,0,60
eng_Latn,364,1,45
eng_Latn,364,2,18
eng_Latn,364,3,16
eng_Latn,364,4,38
eng_Latn,364,5,15
eng_Latn,364,6,2
eng_Latn,364,7,59
eng_Latn,364,8,34
jpn_Jpan,365,0,60
jpn_Jpan,365,1,13
jpn_Jpan,365,2,24
jpn_Jpan,365,3,13
jpn_Jpan,365,4,13
jpn_Jpan,365,5,13
jpn_Jpan,365,6,13
jpn_Jpan,365,7,13
jpn_Jpan,365,8,19
jpn_Jpan,365,9,34
jpn_Jpan,365,10,36
jpn_Jpan,365,11,19
jpn_Jpan,365,12,13
jpn_Jpan,365,13,19
jpn_Jpan,365,14,36
jpn_Jpan,365,15,13
jpn_Jpan,365,16,13
jpn_Jpan,365,17,24
jpn_Jpan,365,18,24
jpn_Jpan,365,19,19
jpn_Jpan,365,20,13
jpn_Jpan,365,21,61
jpn_Jpan,365,22,13
jpn_Jpan,365,23,13
jpn_Jpan,365,24,34
eng_Latn,366,0,60
eng_Latn,366,1,40
eng_Latn,366,2,56
eng_Latn,366,3,56
eng_Latn,366,4,53
eng_Latn,366,5,57
eng_Latn,366,6,51
jpn_Jpan,367,0,60
jpn_Jpan,367,1,19
jpn_Jpan,367,2,19
jpn_Jpan,367,3,13
jpn_Jpan,367,4,47
jpn_Jpan,367,5,13
jpn_Jpan,367,6,39
jpn_Jpan,367,7,13
jpn_Jpan,367,8,12
jpn_Jpan,367,9,58
jpn_Jpan,367,10,12
jpn_Jpan,367,11,39
jpn_Jpan,367,12,19
eng_Latn,368,0,60
eng_Latn,368,1,20
eng_Latn,368,2,35
eng_Latn,368,3,63
eng_Latn,368,4,53
eng_Latn,368,5,35
eng_Latn,368,6,15
jpn_Jpan,369,0,60
jpn_Jpan,369,1,13
jpn_Jpan,369,2,39
jpn_Jpan,369,3,13
jpn_Jpan,369,4,47
jpn_Jpan,369,5,39
jpn_Jpan,369,6,61
jpn_Jpan,369,7,7
jpn_Jpan,369,8,24
jpn_Jpan,369,9,19
jpn_Jpan,369,10,13
jpn_Jpan,369,11,24
jpn_Jpan,369,12,47
jpn_Jpan,369,13,61
jpn_Jpan,369,14,34
jpn_Jpan,370,0,60
jpn_Jpan,370,1,24
jpn_Jpan,370,2,24
jpn_Jpan,370,3,36
jpn_Jpan,370,4,19
jpn_Jpan,370,5,13
jpn_Jpan,370,6,36
jpn_Jpan,370,7,19
jpn_Jpan,370,8,13
jpn_Jpan,370,9,13
jpn_Jpan,370,10,24
jpn_Jpan,370,11,19
jpn_Jpan,370,12,36
jpn_Jpan,370,13,36
jpn_Jpan,370,14,61
jpn_Jpan,370,15,36
jpn_Jpan,370,16,26
jpn_Jpan,370,17,26
jpn_Jpan,370,18,13
jpn_Jpan,370,19,13
jpn_Jpan,370,20,24
jpn_Jpan,370,21,47
jpn_Jpan,370,22,36
jpn_Jpan,370,23,19
jpn_Jpan,370,24,36
jpn_Jpan,370,25,19
jpn_Jpan,370,26,36
jpn_Jpan,370,27,61
jpn_Jpan,370,28,13
jpn_Jpan,370,29,13
jpn_Jpan,370,30,24
jpn_Jpan,370,31,13
jpn_Jpan,370,32,19
jpn_Jpan,370,33,34
jpn_Jpan,370,34,13
jpn_Jpan,370,35,13
jpn_Jpan,370,36,47
jpn_Jpan,370,37,13
jpn_Jpan,370,38,13
jpn_Jpan,370,39,36
jpn_Jpan,370,40,13
jpn_Jpan,370,41,13
jpn_Jpan,370,42,19
jpn_Jpan,370,43,13
jpn_Jpan,370,44,24
jpn_Jpan,370,45,52
jpn_Jpan,370,46,1
jpn_Jpan,370,47,52
jpn_Jpan,370,48,13
jpn_Jpan,370,49,24
jpn_Jpan,370,50,13
jpn_Jpan,370,51,61
jpn_Jpan,370,52,34
jpn_Jpan,370,53,19
jpn_Jpan,370,54,13
jpn_Jpan,370,55,34
jpn_Jpan,370,56,34
jpn_Jpan,371,0,60
jpn_Jpan,371,1,24
jpn_Jpan,371,2,13
jpn_Jpan,371,3,24
jpn_Jpan,371,4,13
jpn_Jpan,371,5,13
jpn_Jpan,371,6,61
jpn_Jpan,371,7,13
jpn_Jpan,371,8,13
jpn_Jpan,371,9,24
jpn_Jpan,371,10,47
jpn_Jpan,371,11,13
jpn_Jpan,371,12,13
jpn_Jpan,371,13,47
jpn_Jpan,371,14,13
jpn_Jpan,371,15,24
jpn_Jpan,371,16,13
jpn_Jpan,371,17,24
jpn_Jpan,371,18,13
jpn_Jpan,371,19,47
jpn_Jpan,371,20,13
jpn_Jpan,371,21,24
jpn_Jpan,371,22,47
jpn_Jpan,371,23,19
jpn_Jpan,371,24,13
jpn_Jpan,371,25,19
jpn_Jpan,371,26,13
jpn_Jpan,371,27,13
jpn_Jpan,371,28,13
jpn_Jpan,371,29,13
jpn_Jpan,371,30,13
jpn_Jpan,371,31,51
jpn_Jpan,372,0,60
jpn_Jpan,372,1,13
jpn_Jpan,372,2,13
jpn_Jpan,372,3,13
jpn_Jpan,372,4,36
jpn_Jpan,372,5,24
jpn_Jpan,372,6,1
jpn_Jpan,372,7,13
jpn_Jpan,372,8,13
jpn_Jpan,372,9,24
jpn_Jpan,372,10,13
jpn_Jpan,372,11,34
jpn_Jpan,372,12,13
jpn_Jpan,372,13,24
jpn_Jpan,372,14,19
jpn_Jpan,372,15,13
jpn_Jpan,372,16,24
jpn_Jpan,372,17,13
jpn_Jpan,373,0,60
jpn_Jpan,373,1,13
jpn_Jpan,373,2,13
jpn_Jpan,373,3,13
jpn_Jpan,373,4,13
jpn_Jpan,373,5,36
jpn_Jpan,373,6,36
jpn_Jpan,373,7,36
jpn_Jpan,373,8,47
jpn_Jpan,373,9,19
jpn_Jpan,373,10,13
jpn_Jpan,373,11,61
jpn_Jpan,373,12,13
jpn_Jpan,373,13,13
jpn_Jpan,373,14,13
jpn_Jpan,373,15,13
jpn_Jpan,373,16,13
jpn_Jpan,373,17,52
jpn_Jpan,373,18,13
jpn_Jpan,373,19,34
jpn_Jpan,374,0,60
jpn_Jpan,374,1,13
jpn_Jpan,374,2,9
jpn_Jpan,374,3,13
jpn_Jpan,374,4,61
jpn_Jpan,374,5,11
jpn_Jpan,374,6,57
jpn_Jpan,374,7,62
eng_Latn,375,0,60
eng_Latn,375,1,54
eng_Latn,375,2,18
eng_Latn,375,3,18
eng_Latn,375,4,18
eng_Latn,375,5,62
eng_Latn,375,6,62
eng_Latn,375,7,57
eng_Latn,375,8,19
eng_Latn,375,9,34
jpn_Jpan,376,0,60
jpn_Jpan,376,1,13
jpn_Jpan,376,2,13
jpn_Jpan,376,3,19
jpn_Jpan,376,4,13
jpn_Jpan,376,5,13
jpn_Jpan,376,6,19
jpn_Jpan,376,7,13
jpn_Jpan,376,8,13
jpn_Jpan,376,9,24
jpn_Jpan,376,10,19
jpn_Jpan,376,11,13
jpn_Jpan,376,12,13
jpn_Jpan,376,13,34
jpn_Jpan,376,14,13
jpn_Jpan,376,15,13
jpn_Jpan,376,16,39
jpn_Jpan,376,17,13
jpn_Jpan,376,18,24
jpn_Jpan,376,19,13
jpn_Jpan,376,20,47
jpn_Jpan,376,21,39
jpn_Jpan,376,22,47
jpn_Jpan,376,23,34
jpn_Jpan,377,0,60
jpn_Jpan,377,1,47
jpn_Jpan,377,2,52
jpn_Jpan,377,3,47
jpn_Jpan,377,4,47
jpn_Jpan,377,5,39
jpn_Jpan,377,6,24
jpn_Jpan,377,7,24
jpn_Jpan,377,8,1
jpn_Jpan,377,9,13
jpn_Jpan,377,10,39
jpn_Jpan,377,11,47
jpn_Jpan,377,12,47
jpn_Jpan,377,13,13
jpn_Jpan,377,14,39
jpn_Jpan,377,15,39
jpn_Jpan,377,16,13
jpn_Jpan,377,17,24
jpn_Jpan,377,18,19
jpn_Jpan,377,19,13
jpn_Jpan,377,20,34
jpn_Jpan,378,0,60
jpn_Jpan,378,1,24
jpn_Jpan,378,2,40
jpn_Jpan,378,3,24
jpn_Jpan,378,4,7
jpn_Jpan,378,5,24
jpn_Jpan,378,6,22
jpn_Jpan,378,7,52
jpn_Jpan,378,8,13
jpn_Jpan,378,9,13
jpn_Jpan,378,10,26
jpn_Jpan,378,11,47
jpn_Jpan,379,0,60
jpn_Jpan,379,1,13
jpn_Jpan,379,2,19
jpn_Jpan,379,3,13
jpn_Jpan,379,4,61
jpn_Jpan,379,5,13
jpn_Jpan,379,6,24
jpn_Jpan,379,7,47
jpn_Jpan,379,8,47
jpn_Jpan,379,9,13
jpn_Jpan,379,10,12
jpn_Jpan,379,11,47
jpn_Jpan,379,12,13
jpn_Jpan,379,13,24
jpn_Jpan,379,14,13
jpn_Jpan,379,15,19
jpn_Jpan,379,16,13
jpn_Jpan,379,17,61
jpn_Jpan,379,18,12
jpn_Jpan,379,19,36
jpn_Jpan,379,20,24
jpn_Jpan,379,21,24
jpn_Jpan,379,22,47
jpn_Jpan,379,23,13
jpn_Jpan,379,24,19
jpn_Jpan,379,25,13
jpn_Jpan,379,26,61
jpn_Jpan,379,27,36
jpn_Jpan,379,28,24
jpn_Jpan,379,29,13
jpn_Jpan,379,30,34
jpn_Jpan,379,31,36
jpn_Jpan,379,32,24
jpn_Jpan,379,33,47
jpn_Jpan,379,34,47
jpn_Jpan,379,35,13
jpn_Jpan,379,36,24
jpn_Jpan,379,37,13
jpn_Jpan,379,38,24
jpn_Jpan,379,39,52
jpn_Jpan,379,40,13
jpn_Jpan,379,41,24
jpn_Jpan,379,42,13
jpn_Jpan,379,43,19
jpn_Jpan,379,44,13
jpn_Jpan,379,45,13
jpn_Jpan,379,46,24
jpn_Jpan,379,47,24
jpn_Jpan,379,48,24
jpn_Jpan,379,49,13
jpn_Jpan,379,50,13
jpn_Jpan,379,51,34
jpn_Jpan,380,0,60
jpn_Jpan,380,1,61
jpn_Jpan,380,2,13
jpn_Jpan,380,3,36
jpn_Jpan,380,4,47
jpn_Jpan,380,5,13
jpn_Jpan,380,6,13
jpn_Jpan,380,7,13
jpn_Jpan,380,8,24
jpn_Jpan,380,9,19
jpn_Jpan,380,10,13
jpn_Jpan,380,11,13
jpn_Jpan,380,12,13
jpn_Jpan,380,13,13
jpn_Jpan,380,14,13
jpn_Jpan,380,15,13
jpn_Jpan,380,16,13
jpn_Jpan,380,17,13
jpn_Jpan,380,18,19
jpn_Jpan,380,19,13
jpn_Jpan,380,20,47
jpn_Jpan,380,21,47
jpn_Jpan,380,22,19
jpn_Jpan,380,23,19
jpn_Jpan,380,24,13
jpn_Jpan,380,25,24
jpn_Jpan,380,26,13
jpn_Jpan,380,27,13
jpn_Jpan,380,28,13
jpn_Jpan,380,29,13
jpn_Jpan,380,30,9
jpn_Jpan,380,31,19
jpn_Jpan,380,32,7
jpn_Jpan,380,33,19
jpn_Jpan,380,34,24
jpn_Jpan,380,35,13
jpn_Jpan,380,36,13
jpn_Jpan,380,37,13
jpn_Jpan,380,38,39
jpn_Jpan,380,39,13
jpn_Jpan,380,40,24
jpn_Jpan,380,41,19
jpn_Jpan,380,42,13
jpn_Jpan,380,43,13
jpn_Jpan,380,44,13
jpn_Jpan,380,45,13
jpn_Jpan,380,46,24
jpn_Jpan,380,47,19
jpn_Jpan,380,48,13
jpn_Jpan,380,49,13
jpn_Jpan,380,50,24
jpn_Jpan,380,51,19
jpn_Jpan,380,52,13
jpn_Jpan,380,53,13
jpn_Jpan,381,0,60
jpn_Jpan,381,1,13
jpn_Jpan,381,2,13
jpn_Jpan,381,3,52
jpn_Jpan,381,4,24
jpn_Jpan,381,5,13
jpn_Jpan,381,6,24
jpn_Jpan,381,7,52
jpn_Jpan,381,8,47
jpn_Jpan,381,9,13
jpn_Jpan,381,10,13
jpn_Jpan,381,11,13
jpn_Jpan,381,12,13
jpn_Jpan,381,13,19
jpn_Jpan,381,14,13
jpn_Jpan,381,15,24
jpn_Jpan,381,16,47
jpn_Jpan,381,17,13
jpn_Jpan,381,18,13
jpn_Jpan,381,19,24
jpn_Jpan,381,20,19
jpn_Jpan,381,21,13
jpn_Jpan,381,22,34
jpn_Jpan,381,23,51
jpn_Jpan,382,0,60
jpn_Jpan,382,1,13
jpn_Jpan,382,2,39
jpn_Jpan,382,3,7
jpn_Jpan,382,4,9
jpn_Jpan,382,5,13
jpn_Jpan,382,6,13
jpn_Jpan,382,7,13
jpn_Jpan,382,8,19
jpn_Jpan,382,9,13
jpn_Jpan,382,10,13
jpn_Jpan,382,11,39
jpn_Jpan,382,12,13
jpn_Jpan,382,13,13
jpn_Jpan,382,14,19
jpn_Jpan,382,15,13
jpn_Jpan,382,16,24
jpn_Jpan,382,17,13
jpn_Jpan,382,18,13
jpn_Jpan,382,19,39
jpn_Jpan,382,20,13
jpn_Jpan,382,21,58
jpn_Jpan,382,22,12
jpn_Jpan,382,23,61
jpn_Jpan,383,0,60
jpn_Jpan,383,1,24
jpn_Jpan,383,2,52
jpn_Jpan,383,3,24
jpn_Jpan,383,4,13
jpn_Jpan,383,5,12
jpn_Jpan,383,6,24
jpn_Jpan,383,7,24
jpn_Jpan,383,8,61
jpn_Jpan,383,9,13
jpn_Jpan,383,10,19
jpn_Jpan,383,11,13
jpn_Jpan,383,12,24
jpn_Jpan,383,13,24
jpn_Jpan,383,14,19
jpn_Jpan,383,15,13
jpn_Jpan,383,16,19
jpn_Jpan,383,17,13
jpn_Jpan,383,18,7
jpn_Jpan,383,19,34
jpn_Jpan,384,0,60
jpn_Jpan,384,1,13
jpn_Jpan,384,2,39
jpn_Jpan,384,3,13
jpn_Jpan,384,4,13
jpn_Jpan,384,5,13
jpn_Jpan,384,6,24
jpn_Jpan,384,7,61
jpn_Jpan,384,8,13
jpn_Jpan,384,9,39
jpn_Jpan,384,10,39
jpn_Jpan,384,11,12
jpn_Jpan,384,12,52
eng_Latn,385,0,60
eng_Latn,385,1,18
eng_Latn,385,2,4
eng_Latn,385,3,18
eng_Latn,385,4,34
eng_Latn,385,5,31
eng_Latn,385,6,20
eng_Latn,385,7,16
jpn_Jpan,386,0,60
jpn_Jpan,386,1,19
jpn_Jpan,386,2,36
jpn_Jpan,386,3,19
jpn_Jpan,386,4,36
jpn_Jpan,386,5,27
jpn_Jpan,386,6,36
jpn_Jpan,386,7,61
jpn_Jpan,386,8,52
jpn_Jpan,386,9,19
jpn_Jpan,386,10,36
jpn_Jpan,386,11,24
jpn_Jpan,386,12,40
jpn_Jpan,386,13,61
jpn_Jpan,386,14,7
jpn_Jpan,386,15,12
jpn_Jpan,386,16,13
jpn_Jpan,386,17,13
jpn_Jpan,386,18,24
jpn_Jpan,386,19,39
jpn_Jpan,386,20,24
jpn_Jpan,386,21,47
jpn_Jpan,386,22,19
jpn_Jpan,386,23,13
jpn_Jpan,386,24,13
jpn_Jpan,386,25,24
jpn_Jpan,386,26,24
jpn_Jpan,386,27,26
jpn_Jpan,386,28,40
jpn_Jpan,386,29,61
jpn_Jpan,386,30,7
jpn_Jpan,386,31,24
eng_Latn,387,0,60
eng_Latn,387,1,22
eng_Latn,387,2,9
eng_Latn,387,3,9
eng_Latn,387,4,54
eng_Latn,387,5,61
jpn_Jpan,388,0,60
jpn_Jpan,388,1,12
jpn_Jpan,388,2,36
jpn_Jpan,388,3,19
jpn_Jpan,388,4,13
jpn_Jpan,388,5,24
jpn_Jpan,388,6,19
jpn_Jpan,388,7,13
jpn_Jpan,388,8,13
jpn_Jpan,388,9,24
jpn_Jpan,388,10,19
jpn_Jpan,388,11,13
jpn_Jpan,388,12,19
jpn_Jpan,388,13,13
jpn_Jpan,388,14,13
jpn_Jpan,388,15,13
jpn_Jpan,388,16,13
jpn_Jpan,388,17,34
jpn_Jpan,389,0,60
jpn_Jpan,389,1,24
jpn_Jpan,389,2,13
jpn_Jpan,389,3,36
jpn_Jpan,389,4,47
jpn_Jpan,389,5,57
jpn_Jpan,389,6,28
jpn_Jpan,389,7,24
jpn_Jpan,389,8,26
jpn_Jpan,389,9,47
jpn_Jpan,389,10,13
jpn_Jpan,389,11,13
jpn_Jpan,389,12,13
jpn_Jpan,389,13,24
jpn_Jpan,389,14,24
jpn_Jpan,389,15,52
jpn_Jpan,389,16,52
jpn_Jpan,389,17,52
jpn_Jpan,389,18,19
jpn_Jpan,389,19,13
jpn_Jpan,389,20,13
jpn_Jpan,389,21,13
jpn_Jpan,389,22,24
jpn_Jpan,389,23,13
jpn_Jpan,389,24,13
jpn_Jpan,389,25,24
jpn_Jpan,389,26,13
jpn_Jpan,389,27,24
jpn_Jpan,389,28,13
jpn_Jpan,389,29,13
jpn_Jpan,389,30,13
jpn_Jpan,389,31,13
jpn_Jpan,389,32,24
jpn_Jpan,389,33,13
jpn_Jpan,389,34,34
jpn_Jpan,390,0,60
jpn_Jpan,390,1,47
jpn_Jpan,390,2,13
jpn_Jpan,390,3,1
jpn_Jpan,390,4,13
jpn_Jpan,390,5,1
jpn_Jpan,390,6,13
jpn_Jpan,390,7,34
jpn_Jpan,391,0,60
jpn_Jpan,391,1,13
jpn_Jpan,391,2,13
jpn_Jpan,391,3,24
jpn_Jpan,391,4,13
jpn_Jpan,391,5,13
jpn_Jpan,391,6,34
jpn_Jpan,391,7,13
jpn_Jpan,391,8,13
jpn_Jpan,391,9,13
jpn_Jpan,391,10,24
jpn_Jpan,391,11,13
jpn_Jpan,391,12,47
jpn_Jpan,391,13,13
jpn_Jpan,391,14,13
jpn_Jpan,391,15,13
jpn_Jpan,391,16,34
jpn_Jpan,391,17,9
jpn_Jpan,391,18,11
jpn_Jpan,391,19,24
jpn_Jpan,391,20,47
jpn_Jpan,391,21,13
jpn_Jpan,391,22,13
jpn_Jpan,391,23,13
jpn_Jpan,391,24,13
jpn_Jpan,391,25,13
jpn_Jpan,391,26,13
jpn_Jpan,392,0,60
jpn_Jpan,392,1,24
jpn_Jpan,392,2,13
jpn_Jpan,392,3,9
jpn_Jpan,392,4,13
jpn_Jpan,392,5,24
jpn_Jpan,392,6,24
jpn_Jpan,392,7,19
jpn_Jpan,392,8,13
jpn_Jpan,392,9,24
jpn_Jpan,392,10,61
jpn_Jpan,392,11,13
jpn_Jpan,392,12,19
jpn_Jpan,392,13,13
jpn_Jpan,392,14,9
jpn_Jpan,392,15,24
jpn_Jpan,392,16,61
jpn_Jpan,392,17,13
jpn_Jpan,392,18,13
jpn_Jpan,392,19,7
jpn_Jpan,392,20,9
jpn_Jpan,392,21,13
jpn_Jpan,392,22,24
jpn_Jpan,392,23,34
jpn_Jpan,393,0,60
jpn_Jpan,393,1,13
jpn_Jpan,393,2,24
jpn_Jpan,393,3,19
jpn_Jpan,393,4,13
jpn_Jpan,393,5,13
jpn_Jpan,393,6,24
jpn_Jpan,393,7,47
jpn_Jpan,393,8,47
jpn_Jpan,393,9,13
jpn_Jpan,393,10,19
jpn_Jpan,393,11,13
jpn_Jpan,393,12,13
jpn_Jpan,393,13,61
jpn_Jpan,393,14,13
jpn_Jpan,393,15,34
jpn_Jpan,393,16,51
jpn_Jpan,393,17,51
jpn_Jpan,394,0,60
jpn_Jpan,394,1,13
jpn_Jpan,394,2,13
jpn_Jpan,394,3,47
jpn_Jpan,394,4,47
jpn_Jpan,394,5,13
jpn_Jpan,394,6,24
jpn_Jpan,394,7,47
jpn_Jpan,394,8,13
jpn_Jpan,394,9,19
jpn_Jpan,394,10,13
jpn_Jpan,394,11,13
jpn_Jpan,394,12,34
jpn_Jpan,394,13,13
jpn_Jpan,394,14,36
jpn_Jpan,394,15,36
jpn_Jpan,394,16,24
jpn_Jpan,394,17,61
jpn_Jpan,394,18,40
jpn_Jpan,394,19,7
jpn_Jpan,394,20,13
jpn_Jpan,394,21,47
jpn_Jpan,394,22,34
jpn_Jpan,394,23,13
jpn_Jpan,394,24,13
jpn_Jpan,394,25,47
jpn_Jpan,394,26,13
jpn_Jpan,394,27,13
jpn_Jpan,394,28,19
jpn_Jpan,394,29,34
jpn_Jpan,394,30,13
jpn_Jpan,394,31,36
jpn_Jpan,394,32,24
jpn_Jpan,394,33,13
jpn_Jpan,394,34,13
jpn_Jpan,394,35,34
jpn_Jpan,394,36,36
jpn_Jpan,394,37,13
jpn_Jpan,394,38,47
jpn_Jpan,394,39,34
jpn_Jpan,394,40,13
jpn_Jpan,394,41,13
jpn_Jpan,394,42,13
jpn_Jpan,394,43,34
eng_Latn,395,0,60
eng_Latn,395,1,29
eng_Latn,395,2,57
eng_Latn,395,3,31
eng_Latn,395,4,59
eng_Latn,395,5,46
eng_Latn,395,6,51
eng_Latn,395,7,16
eng_Latn,395,8,45
eng_Latn,395,9,45
eng_Latn,395,10,34
jpn_Jpan,396,0,60
jpn_Jpan,396,1,13
jpn_Jpan,396,2,13
jpn_Jpan,396,3,13
jpn_Jpan,396,4,24
jpn_Jpan,396,5,47
jpn_Jpan,396,6,13
jpn_Jpan,396,7,13
jpn_Jpan,396,8,13
jpn_Jpan,396,9,7
jpn_Jpan,396,10,19
jpn_Jpan,396,11,13
jpn_Jpan,396,12,13
jpn_Jpan,396,13,24
jpn_Jpan,396,14,47
jpn_Jpan,396,15,13
jpn_Jpan,396,16,13
jpn_Jpan,396,17,34
eng_Latn,397,0,60
eng_Latn,397,1,35
eng_Latn,397,2,56
eng_Latn,397,3,16
eng_Latn,397,4,16
eng_Latn,397,5,54
eng_Latn,397,6,38
eng_Latn,397,7,50
eng_Latn,397,8,63
jpn_Jpan,398,0,60
jpn_Jpan,398,1,13
jpn_Jpan,398,2,52
jpn_Jpan,398,3,1
jpn_Jpan,398,4,52
jpn_Jpan,398,5,13
jpn_Jpan,398,6,12
jpn_Jpan,398,7,19
jpn_Jpan,398,8,52
jpn_Jpan,398,9,13
jpn_Jpan,398,10,13
jpn_Jpan,398,11,58
jpn_Jpan,398,12,24
jpn_Jpan,398,13,13
jpn_Jpan,398,14,13
jpn_Jpan,398,15,24
jpn_Jpan,398,16,13
jpn_Jpan,398,17,19
jpn_Jpan,398,18,13
jpn_Jpan,398,19,13
jpn_Jpan,398,20,47
jpn_Jpan,398,21,19
jpn_Jpan,398,22,13
jpn_Jpan,398,23,13
jpn_Jpan,398,24,13
jpn_Jpan,398,25,19
jpn_Jpan,398,26,13
jpn_Jpan,398,27,13
jpn_Jpan,398,28,13
jpn_Jpan,398,29,1
jpn_Jpan,398,30,13
jpn_Jpan,398,31,13
jpn_Jpan,398,32,13
jpn_Jpan,398,33,19
jpn_Jpan,398,34,13
jpn_Jpan,398,35,24
jpn_Jpan,398,36,13
jpn_Jpan,398,37,19
jpn_Jpan,398,38,34
jpn_Jpan,398,39,13
jpn_Jpan,398,40,34
jpn_Jpan,399,0,60
jpn_Jpan,399,1,13
jpn_Jpan,399,2,13
jpn_Jpan,399,3,19
jpn_Jpan,399,4,13
jpn_Jpan,399,5,13
jpn_Jpan,399,6,24
jpn_Jpan,399,7,47
jpn_Jpan,399,8,19
jpn_Jpan,399,9,13
jpn_Jpan,399,10,24
jpn_Jpan,399,11,19
jpn_Jpan,399,12,13
jpn_Jpan,399,13,13
jpn_Jpan,399,14,47
jpn_Jpan,399,15,13
jpn_Jpan,399,16,13
jpn_Jpan,399,17,24
jpn_Jpan,399,18,24
jpn_Jpan,399,19,47
jpn_Jpan,399,20,47
jpn_Jpan,399,21,19
jpn_Jpan,399,22,13
jpn_Jpan,399,23,13
jpn_Jpan,399,24,13
jpn_Jpan,399,25,13
jpn_Jpan,399,26,13
jpn_Jpan,399,27,13
jpn_Jpan,399,28,24
jpn_Jpan,399,29,13
jpn_Jpan,399,30,13
jpn_Jpan,399,31,34
jpn_Jpan,399,32,13
jpn_Jpan,399,33,24
jpn_Jpan,399,34,13
jpn_Jpan,399,35,13
jpn_Jpan,399,36,13
jpn_Jpan,399,37,13
jpn_Jpan,399,38,51
jpn_Jpan,400,0,60
jpn_Jpan,400,1,19
jpn_Jpan,400,2,40
jpn_Jpan,400,3,61
jpn_Jpan,400,4,63
jpn_Jpan,400,5,19
jpn_Jpan,400,6,63
jpn_Jpan,400,7,42
jpn_Jpan,400,8,22
jpn_Jpan,400,9,9
jpn_Jpan,400,10,24
jpn_Jpan,400,11,13
jpn_Jpan,400,12,19
jpn_Jpan,400,13,13
jpn_Jpan,400,14,24
jpn_Jpan,400,15,13
jpn_Jpan,400,16,34
jpn_Jpan,400,17,34
jpn_Jpan,401,0,60
jpn_Jpan,401,1,9
jpn_Jpan,401,2,13
jpn_Jpan,401,3,13
jpn_Jpan,401,4,11
jpn_Jpan,401,5,1
jpn_Jpan,401,6,13
jpn_Jpan,401,7,19
jpn_Jpan,401,8,13
jpn_Jpan,401,9,19
jpn_Jpan,401,10,13
jpn_Jpan,401,11,19
jpn_Jpan,401,12,13
jpn_Jpan,401,13,26
jpn_Jpan,401,14,19
jpn_Jpan,401,15,13
jpn_Jpan,401,16,9
jpn_Jpan,401,17,24
jpn_Jpan,401,18,13
jpn_Jpan,401,19,27
jpn_Jpan,401,20,13
jpn_Jpan,401,21,13
jpn_Jpan,401,22,24
jpn_Jpan,401,23,13
jpn_Jpan,401,24,19
jpn_Jpan,401,25,13
jpn_Jpan,401,26,19
jpn_Jpan,401,27,13
jpn_Jpan,401,28,13
jpn_Jpan,401,29,12
jpn_Jpan,401,30,11
jpn_Jpan,401,31,12
jpn_Jpan,401,32,1
jpn_Jpan,401,33,13
jpn_Jpan,401,34,19
jpn_Jpan,401,35,13
jpn_Jpan,401,36,19
jpn_Jpan,401,37,13
jpn_Jpan,401,38,19
jpn_Jpan,401,39,13
jpn_Jpan,401,40,47
jpn_Jpan,401,41,19
jpn_Jpan,401,42,13
jpn_Jpan,401,43,9
jpn_Jpan,401,44,12
jpn_Jpan,401,45,13
jpn_Jpan,401,46,24
jpn_Jpan,401,47,13
jpn_Jpan,401,48,24
jpn_Jpan,402,0,60
jpn_Jpan,402,1,19
jpn_Jpan,402,2,13
jpn_Jpan,402,3,13
jpn_Jpan,402,4,47
jpn_Jpan,402,5,39
jpn_Jpan,402,6,24
jpn_Jpan,402,7,61
jpn_Jpan,402,8,7
jpn_Jpan,402,9,7
jpn_Jpan,402,10,24
jpn_Jpan,402,11,24
jpn_Jpan,402,12,52
jpn_Jpan,402,13,37
jpn_Jpan,402,14,13
jpn_Jpan,402,15,13
jpn_Jpan,402,16,13
jpn_Jpan,402,17,39
jpn_Jpan,402,18,13
jpn_Jpan,402,19,61
jpn_Jpan,402,20,13
jpn_Jpan,402,21,13
jpn_Jpan,402,22,13
jpn_Jpan,402,23,24
jpn_Jpan,402,24,13
jpn_Jpan,402,25,19
jpn_Jpan,402,26,34
jpn_Jpan,402,27,47
jpn_Jpan,402,28,13
jpn_Jpan,402,29,34
jpn_Jpan,402,30,13
jpn_Jpan,402,31,24
jpn_Jpan,402,32,34
jpn_Jpan,402,33,51
eng_Latn,403,0,60
eng_Latn,403,1,18
eng_Latn,403,2,21
eng_Latn,403,3,25
eng_Latn,403,4,25
eng_Latn,403,5,25
eng_Latn,403,6,25
eng_Latn,403,7,52
eng_Latn,403,8,57
jpn_Jpan,404,0,60
jpn_Jpan,404,1,49
jpn_Jpan,404,2,61
jpn_Jpan,404,3,7
jpn_Jpan,404,4,22
jpn_Jpan,404,5,12
jpn_Jpan,404,6,58
jpn_Jpan,404,7,12
jpn_Jpan,404,8,61
eng_Latn,405,0,60
eng_Latn,405,1,35
eng_Latn,405,2,17
eng_Latn,405,3,35
eng_Latn,405,4,52
eng_Latn,405,5,52
eng_Latn,405,6,57
eng_Latn,405,7,17
eng_Latn,405,8,51
eng_Latn,406,0,60
eng_Latn,406,1,17
eng_Latn,406,2,22
eng_Latn,406,3,57
eng_Latn,406,4,16
eng_Latn,406,5,34
eng_Latn,407,0,60
eng_Latn,407,1,4
eng_Latn,407,2,54
eng_Latn,407,3,48
eng_Latn,407,4,9
eng_Latn,407,5,56
eng_Latn,407,6,35
eng_Latn,407,7,35
eng_Latn,407,8,57
eng_Latn,407,9,2
eng_Latn,407,10,27
eng_Latn,407,11,26
eng_Latn,407,12,50
eng_Latn,407,13,16
jpn_Jpan,408,0,60
jpn_Jpan,408,1,13
jpn_Jpan,408,2,13
jpn_Jpan,408,3,24
jpn_Jpan,408,4,13
jpn_Jpan,408,5,13
jpn_Jpan,408,6,13
jpn_Jpan,408,7,13
jpn_Jpan,408,8,13
jpn_Jpan,408,9,9
jpn_Jpan,408,10,19
jpn_Jpan,408,11,7
jpn_Jpan,408,12,24
jpn_Jpan,408,13,1
jpn_Jpan,408,14,19
jpn_Jpan,408,15,39
jpn_Jpan,408,16,13
jpn_Jpan,408,17,24
jpn_Jpan,408,18,13
jpn_Jpan,408,19,13
jpn_Jpan,408,20,51
jpn_Jpan,408,21,51
jpn_Jpan,408,22,51
jpn_Jpan,409,0,60
jpn_Jpan,409,1,13
jpn_Jpan,409,2,24
jpn_Jpan,409,3,13
jpn_Jpan,409,4,19
jpn_Jpan,409,5,13
jpn_Jpan,409,6,13
jpn_Jpan,409,7,13
jpn_Jpan,409,8,13
jpn_Jpan,409,9,13
jpn_Jpan,409,10,51
jpn_Jpan,409,11,13
jpn_Jpan,409,12,51
jpn_Jpan,409,13,13
jpn_Jpan,409,14,13
jpn_Jpan,409,15,34
jpn_Jpan,409,16,13
jpn_Jpan,409,17,24
jpn_Jpan,409,18,24
jpn_Jpan,409,19,13
jpn_Jpan,409,20,13
jpn_Jpan,409,21,13
jpn_Jpan,409,22,24
jpn_Jpan,409,23,19
jpn_Jpan,409,24,19
jpn_Jpan,409,25,13
jpn_Jpan,409,26,13
jpn_Jpan,409,27,47
jpn_Jpan,409,28,13
jpn_Jpan,409,29,51
jpn_Jpan,409,30,13
jpn_Jpan,409,31,13
jpn_Jpan,409,32,13
jpn_Jpan,409,33,13
jpn_Jpan,409,34,13
jpn_Jpan,409,35,13
jpn_Jpan,409,36,34
jpn_Jpan,410,0,60
jpn_Jpan,410,1,29
jpn_Jpan,410,2,13
jpn_Jpan,410,3,13
jpn_Jpan,410,4,19
jpn_Jpan,410,5,36
jpn_Jpan,410,6,13
jpn_Jpan,410,7,13
jpn_Jpan,410,8,24
jpn_Jpan,410,9,13
jpn_Jpan,410,10,47
jpn_Jpan,410,11,24
jpn_Jpan,410,12,19
jpn_Jpan,410,13,13
jpn_Jpan,410,14,19
jpn_Jpan,410,15,13
jpn_Jpan,410,16,24
jpn_Jpan,410,17,19
jpn_Jpan,410,18,13
jpn_Jpan,410,19,19
jpn_Jpan,410,20,19
jpn_Jpan,410,21,13
jpn_Jpan,410,22,19
jpn_Jpan,410,23,13
jpn_Jpan,410,24,61
jpn_Jpan,410,25,19
jpn_Jpan,410,26,13
jpn_Jpan,410,27,24
jpn_Jpan,410,28,13
jpn_Jpan,410,29,24
jpn_Jpan,410,30,19
jpn_Jpan,410,31,13
jpn_Jpan,410,32,19
jpn_Jpan,410,33,13
jpn_Jpan,410,34,13
jpn_Jpan,410,35,51
jpn_Jpan,410,36,26
jpn_Jpan,410,37,13
jpn_Jpan,410,38,24
jpn_Jpan,410,39,24
jpn_Jpan,410,40,19
jpn_Jpan,410,41,13
jpn_Jpan,410,42,24
jpn_Jpan,410,43,13
jpn_Jpan,410,44,13
jpn_Jpan,410,45,13
jpn_Jpan,410,46,13
jpn_Jpan,410,47,13
jpn_Jpan,410,48,51
jpn_Jpan,410,49,51
eng_Latn,411,0,60
eng_Latn,411,1,52
eng_Latn,411,2,31
eng_Latn,411,3,52
jpn_Jpan,412,0,60
jpn_Jpan,412,1,13
jpn_Jpan,412,2,24
jpn_Jpan,412,3,52
jpn_Jpan,412,4,36
jpn_Jpan,412,5,24
jpn_Jpan,412,6,13
jpn_Jpan,412,7,24
jpn_Jpan,412,8,47
jpn_Jpan,412,9,13
jpn_Jpan,412,10,13
jpn_Jpan,412,11,13
jpn_Jpan,412,12,13
jpn_Jpan,412,13,34
jpn_Jpan,412,14,52
jpn_Jpan,413,0,60
jpn_Jpan,413,1,36
jpn_Jpan,413,2,36
jpn_Jpan,413,3,13
jpn_Jpan,413,4,13
jpn_Jpan,413,5,36
jpn_Jpan,413,6,36
jpn_Jpan,413,7,13
jpn_Jpan,413,8,13
jpn_Jpan,413,9,36
jpn_Jpan,413,10,13
jpn_Jpan,413,11,34
jpn_Jpan,413,12,13
jpn_Jpan,413,13,13
jpn_Jpan,413,14,36
jpn_Jpan,413,15,24
jpn_Jpan,413,16,39
jpn_Jpan,413,17,36
jpn_Jpan,413,18,13
jpn_Jpan,413,19,47
jpn_Jpan,413,20,19
jpn_Jpan,413,21,36
jpn_Jpan,413,22,36
jpn_Jpan,413,23,13
jpn_Jpan,413,24,36
jpn_Jpan,413,25,24
jpn_Jpan,413,26,19
jpn_Jpan,413,27,13
jpn_Jpan,413,28,13
jpn_Jpan,413,29,34
jpn_Jpan,413,30,24
jpn_Jpan,413,31,19
jpn_Jpan,413,32,13
jpn_Jpan,413,33,13
jpn_Jpan,413,34,24
jpn_Jpan,413,35,13
jpn_Jpan,413,36,34
jpn_Jpan,413,37,34
jpn_Jpan,413,38,34
eng_Latn,414,0,60
eng_Latn,414,1,28
eng_Latn,414,2,28
eng_Latn,414,3,38
eng_Latn,414,4,19
eng_Latn,414,5,47
eng_Latn,415,0,60
eng_Latn,415,1,12
eng_Latn,415,2,1
eng_Latn,415,3,13
eng_Latn,415,4,7
eng_Latn,415,5,33
eng_Latn,415,6,33
eng_Latn,415,7,33
eng_Latn,415,8,47
eng_Latn,415,9,19
eng_Latn,415,10,33
eng_Latn,415,11,33
eng_Latn,415,12,1
jpn_Jpan,416,0,60
jpn_Jpan,416,1,13
jpn_Jpan,416,2,13
jpn_Jpan,416,3,13
jpn_Jpan,416,4,12
jpn_Jpan,416,5,13
jpn_Jpan,416,6,13
jpn_Jpan,416,7,13
jpn_Jpan,416,8,39
jpn_Jpan,416,9,19
jpn_Jpan,416,10,13
jpn_Jpan,416,11,13
jpn_Jpan,416,12,13
jpn_Jpan,417,0,60
jpn_Jpan,417,1,40
jpn_Jpan,417,2,12
jpn_Jpan,417,3,27
jpn_Jpan,417,4,47
jpn_Jpan,417,5,40
jpn_Jpan,417,6,12
jpn_Jpan,417,7,58
jpn_Jpan,417,8,12
jpn_Jpan,417,9,9
eng_Latn,418,0,60
eng_Latn,418,1,22
eng_Latn,418,2,53
eng_Latn,418,3,46
eng_Latn,418,4,15
jpn_Jpan,419,0,60
jpn_Jpan,419,1,13
jpn_Jpan,419,2,61
jpn_Jpan,419,3,13
jpn_Jpan,419,4,13
jpn_Jpan,419,5,24
jpn_Jpan,419,6,24
jpn_Jpan,419,7,13
jpn_Jpan,419,8,13
jpn_Jpan,419,9,13
jpn_Jpan,419,10,24
jpn_Jpan,419,11,19
jpn_Jpan,419,12,13
jpn_Jpan,419,13,19
jpn_Jpan,419,14,13
jpn_Jpan,419,15,24
jpn_Jpan,419,16,13
jpn_Jpan,419,17,13
jpn_Jpan,419,18,51
jpn_Jpan,420,0,60
jpn_Jpan,420,1,1
jpn_Jpan,420,2,52
jpn_Jpan,420,3,13
jpn_Jpan,420,4,13
jpn_Jpan,420,5,36
jpn_Jpan,420,6,24
jpn_Jpan,420,7,52
jpn_Jpan,420,8,52
jpn_Jpan,420,9,52
jpn_Jpan,420,10,52
jpn_Jpan,420,11,52
jpn_Jpan,420,12,52
jpn_Jpan,420,13,47
jpn_Jpan,420,14,13
jpn_Jpan,420,15,24
jpn_Jpan,420,16,61
jpn_Jpan,420,17,13
jpn_Jpan,420,18,13
jpn_Jpan,420,19,24
jpn_Jpan,420,20,13
jpn_Jpan,420,21,13
jpn_Jpan,420,22,34
eng_Latn,421,0,60
eng_Latn,421,1,56
eng_Latn,421,2,34
eng_Latn,421,3,31
eng_Latn,421,4,20
eng_Latn,421,5,63
jpn_Jpan,422,0,60
jpn_Jpan,422,1,19
jpn_Jpan,422,2,13
jpn_Jpan,422,3,13
jpn_Jpan,422,4,24
jpn_Jpan,422,5,52
jpn_Jpan,422,6,47
jpn_Jpan,422,7,13
jpn_Jpan,422,8,13
jpn_Jpan,422,9,13
jpn_Jpan,422,10,13
jpn_Jpan,422,11,13
jpn_Jpan,422,12,24
jpn_Jpan,422,13,24
jpn_Jpan,422,14,47
jpn_Jpan,422,15,52
jpn_Jpan,422,16,36
jpn_Jpan,422,17,13
jpn_Jpan,422,18,13
jpn_Jpan,422,19,13
jpn_Jpan,422,20,24
jpn_Jpan,422,21,13
jpn_Jpan,422,22,13
jpn_Jpan,422,23,1
jpn_Jpan,422,24,13
jpn_Jpan,422,25,24
jpn_Jpan,422,26,13
jpn_Jpan,422,27,13
jpn_Jpan,422,28,13
jpn_Jpan,422,29,13
jpn_Jpan,422,30,19
jpn_Jpan,422,31,13
jpn_Jpan,422,32,13
jpn_Jpan,422,33,47
jpn_Jpan,422,34,13
jpn_Jpan,422,35,13
jpn_Jpan,422,36,34
jpn_Jpan,423,0,60
jpn_Jpan,423,1,13
jpn_Jpan,423,2,36
jpn_Jpan,423,3,24
jpn_Jpan,423,4,13
jpn_Jpan,423,5,13
jpn_Jpan,423,6,13
jpn_Jpan,423,7,13
jpn_Jpan,423,8,19
jpn_Jpan,423,9,13
jpn_Jpan,423,10,24
jpn_Jpan,423,11,13
jpn_Jpan,423,12,13
jpn_Jpan,423,13,24
jpn_Jpan,423,14,61
jpn_Jpan,423,15,13
jpn_Jpan,423,16,13
jpn_Jpan,423,17,13
jpn_Jpan,423,18,13
jpn_Jpan,423,19,13
jpn_Jpan,423,20,13
jpn_Jpan,423,21,61
jpn_Jpan,423,22,13
jpn_Jpan,423,23,34
jpn_Jpan,424,0,60
jpn_Jpan,424,1,11
jpn_Jpan,424,2,13
jpn_Jpan,424,3,19
jpn_Jpan,424,4,13
jpn_Jpan,424,5,24
jpn_Jpan,424,6,19
jpn_Jpan,424,7,13
jpn_Jpan,424,8,24
jpn_Jpan,424,9,13
jpn_Jpan,424,10,26
jpn_Jpan,424,11,47
jpn_Jpan,424,12,13
jpn_Jpan,424,13,13
jpn_Jpan,424,14,13
jpn_Jpan,424,15,24
jpn_Jpan,424,16,19
jpn_Jpan,424,17,13
jpn_Jpan,424,18,19
jpn_Jpan,424,19,34
jpn_Jpan,424,20,24
jpn_Jpan,424,21,19
jpn_Jpan,424,22,13
jpn_Jpan,424,23,47
jpn_Jpan,424,24,34
jpn_Jpan,424,25,13
jpn_Jpan,424,26,34
jpn_Jpan,425,0,60
jpn_Jpan,425,1,47
jpn_Jpan,425,2,13
jpn_Jpan,425,3,47
jpn_Jpan,425,4,13
jpn_Jpan,425,5,13
jpn_Jpan,425,6,13
jpn_Jpan,425,7,19
jpn_Jpan,425,8,13
jpn_Jpan,425,9,13
jpn_Jpan,425,10,34
jpn_Jpan,426,0,60
jpn_Jpan,426,1,19
jpn_Jpan,426,2,13
jpn_Jpan,426,3,24
jpn_Jpan,426,4,13
jpn_Jpan,426,5,34
jpn_Jpan,426,6,24
jpn_Jpan,426,7,47
jpn_Jpan,426,8,39
jpn_Jpan,426,9,47
jpn_Jpan,426,10,34
jpn_Jpan,426,11,34
jpn_Jpan,426,12,36
jpn_Jpan,426,13,36
jpn_Jpan,426,14,19
jpn_Jpan,426,15,13
jpn_Jpan,426,16,13
jpn_Jpan,426,17,24
jpn_Jpan,426,18,47
jpn_Jpan,426,19,13
jpn_Jpan,426,20,13
jpn_Jpan,426,21,13
jpn_Jpan,426,22,13
jpn_Jpan,426,23,34
jpn_Jpan,426,24,36
jpn_Jpan,426,25,24
jpn_Jpan,426,26,19
jpn_Jpan,426,27,13
jpn_Jpan,426,28,13
jpn_Jpan,426,29,24
jpn_Jpan,426,30,13
jpn_Jpan,426,31,13
jpn_Jpan,426,32,34
jpn_Jpan,426,33,34
jpn_Jpan,426,34,13
jpn_Jpan,426,35,34
jpn_Jpan,427,0,60
jpn_Jpan,427,1,24
jpn_Jpan,427,2,13
jpn_Jpan,427,3,47
jpn_Jpan,427,4,19
jpn_Jpan,427,5,13
jpn_Jpan,427,6,24
jpn_Jpan,427,7,19
jpn_Jpan,427,8,13
jpn_Jpan,427,9,13
jpn_Jpan,427,10,13
jpn_Jpan,427,11,13
jpn_Jpan,427,12,34
jpn_Jpan,428,0,60
jpn_Jpan,428,1,1
jpn_Jpan,428,2,12
jpn_Jpan,428,3,1
jpn_Jpan,428,4,12
jpn_Jpan,428,5,58
jpn_Jpan,428,6,12
jpn_Jpan,428,7,19
jpn_Jpan,428,8,22
jpn_Jpan,429,0,60
jpn_Jpan,429,1,13
jpn_Jpan,429,2,13
jpn_Jpan,429,3,24
jpn_Jpan,429,4,52
jpn_Jpan,429,5,47
jpn_Jpan,429,6,36
jpn_Jpan,429,7,24
jpn_Jpan,429,8,52
jpn_Jpan,429,9,47
jpn_Jpan,429,10,13
jpn_Jpan,429,11,24
jpn_Jpan,429,12,52
jpn_Jpan,429,13,52
jpn_Jpan,429,14,1
jpn_Jpan,429,15,1
jpn_Jpan,429,16,52
jpn_Jpan,429,17,47
jpn_Jpan,429,18,34
jpn_Jpan,429,19,24
jpn_Jpan,429,20,19
jpn_Jpan,429,21,13
jpn_Jpan,429,22,34
jpn_Jpan,429,23,13
jpn_Jpan,429,24,24
jpn_Jpan,429,25,47
jpn_Jpan,429,26,19
jpn_Jpan,429,27,13
jpn_Jpan,429,28,1
jpn_Jpan,429,29,13
jpn_Jpan,429,30,24
jpn_Jpan,429,31,13
jpn_Jpan,429,32,13
jpn_Jpan,429,33,13
jpn_Jpan,429,34,36
jpn_Jpan,429,35,47
jpn_Jpan,429,36,13
jpn_Jpan,429,37,24
jpn_Jpan,429,38,19
jpn_Jpan,429,39,13
jpn_Jpan,429,40,39
jpn_Jpan,429,41,19
jpn_Jpan,429,42,13
jpn_Jpan,429,43,24
jpn_Jpan,429,44,19
jpn_Jpan,429,45,13
jpn_Jpan,429,46,34
jpn_Jpan,429,47,13
jpn_Jpan,429,48,34
jpn_Jpan,430,0,60
jpn_Jpan,430,1,13
jpn_Jpan,430,2,52
jpn_Jpan,430,3,13
jpn_Jpan,430,4,24
jpn_Jpan,430,5,47
jpn_Jpan,430,6,13
jpn_Jpan,430,7,47
jpn_Jpan,430,8,19
jpn_Jpan,430,9,13
jpn_Jpan,430,10,24
jpn_Jpan,430,11,1
jpn_Jpan,430,12,13
jpn_Jpan,430,13,13
jpn_Jpan,430,14,13
jpn_Jpan,430,15,13
jpn_Jpan,430,16,24
jpn_Jpan,430,17,13
jpn_Jpan,430,18,13
jpn_Jpan,430,19,13
jpn_Jpan,430,20,34
jpn_Jpan,430,21,19
jpn_Jpan,430,22,13
jpn_Jpan,430,23,47
jpn_Jpan,430,24,19
jpn_Jpan,430,25,13
jpn_Jpan,430,26,61
jpn_Jpan,430,27,61
jpn_Jpan,430,28,19
jpn_Jpan,430,29,13
jpn_Jpan,430,30,24
jpn_Jpan,430,31,13
jpn_Jpan,430,32,13
jpn_Jpan,430,33,13
jpn_Jpan,430,34,34
eng_Latn,431,0,60
eng_Latn,431,1,54
eng_Latn,431,2,18
eng_Latn,431,3,18
eng_Latn,431,4,18
eng_Latn,431,5,16
eng_Latn,431,6,16
eng_Latn,431,7,34
jpn_Jpan,432,0,60
jpn_Jpan,432,1,47
jpn_Jpan,432,2,47
jpn_Jpan,432,3,19
jpn_Jpan,432,4,13
jpn_Jpan,432,5,13
jpn_Jpan,432,6,39
jpn_Jpan,432,7,19
jpn_Jpan,432,8,13
jpn_Jpan,432,9,24
jpn_Jpan,432,10,19
jpn_Jpan,432,11,13
jpn_Jpan,432,12,19
jpn_Jpan,432,13,13
jpn_Jpan,432,14,24
jpn_Jpan,432,15,13
jpn_Jpan,432,16,47
jpn_Jpan,432,17,13
jpn_Jpan,432,18,13
jpn_Jpan,432,19,13
jpn_Jpan,432,20,24
jpn_Jpan,432,21,24
jpn_Jpan,432,22,47
jpn_Jpan,432,23,19
jpn_Jpan,432,24,13
jpn_Jpan,432,25,39
jpn_Jpan,432,26,7
jpn_Jpan,432,27,24
jpn_Jpan,432,28,19
jpn_Jpan,432,29,13
jpn_Jpan,432,30,19
jpn_Jpan,432,31,19
jpn_Jpan,432,32,13
jpn_Jpan,432,33,39
jpn_Jpan,432,34,13
eng_Latn,433,0,60
eng_Latn,433,1,8
eng_Latn,433,2,8
eng_Latn,433,3,24
eng_Latn,433,4,47
eng_Latn,433,5,19
eng_Latn,433,6,37
eng_Latn,433,7,8
eng_Latn,433,8,19
eng_Latn,433,9,19
eng_Latn,433,10,8
eng_Latn,433,11,8
eng_Latn,433,12,54
eng_Latn,433,13,35
eng_Latn,433,14,46
eng_Latn,434,0,60
eng_Latn,434,1,45
eng_Latn,434,2,35
eng_Latn,434,3,18
eng_Latn,434,4,56
eng_Latn,434,5,38
eng_Latn,434,6,24
eng_Latn,434,7,55
eng_Latn,434,8,41
eng_Latn,434,9,43
eng_Latn,434,10,48
jpn_Jpan,435,0,60
jpn_Jpan,435,1,47
jpn_Jpan,435,2,13
jpn_Jpan,435,3,13
jpn_Jpan,435,4,24
jpn_Jpan,435,5,24
jpn_Jpan,435,6,13
jpn_Jpan,435,7,51
jpn_Jpan,435,8,13
jpn_Jpan,435,9,13
jpn_Jpan,435,10,19
jpn_Jpan,435,11,13
jpn_Jpan,435,12,24
jpn_Jpan,435,13,13
jpn_Jpan,435,14,13
jpn_Jpan,435,15,13
jpn_Jpan,435,16,9
jpn_Jpan,435,17,51
jpn_Jpan,435,18,9
jpn_Jpan,435,19,51
jpn_Jpan,435,20,9
jpn_Jpan,435,21,51
jpn_Jpan,435,22,9
jpn_Jpan,435,23,51
jpn_Jpan,435,24,9
jpn_Jpan,435,25,51
jpn_Jpan,435,26,9
jpn_Jpan,435,27,36
jpn_Jpan,435,28,9
jpn_Jpan,435,29,36
jpn_Jpan,435,30,9
jpn_Jpan,435,31,36
jpn_Jpan,435,32,9
jpn_Jpan,435,33,36
jpn_Jpan,435,34,9
jpn_Jpan,435,35,36
jpn_Jpan,436,0,60
jpn_Jpan,436,1,60
jpn_Jpan,436,2,36
jpn_Jpan,436,3,24
jpn_Jpan,436,4,47
jpn_Jpan,436,5,19
jpn_Jpan,436,6,13
jpn_Jpan,436,7,13
jpn_Jpan,436,8,39
jpn_Jpan,436,9,39
jpn_Jpan,436,10,47
jpn_Jpan,436,11,13
jpn_Jpan,436,12,13
jpn_Jpan,436,13,36
jpn_Jpan,436,14,19
jpn_Jpan,436,15,13
jpn_Jpan,436,16,19
jpn_Jpan,436,17,13
jpn_Jpan,436,18,36
jpn_Jpan,436,19,13
jpn_Jpan,436,20,13
jpn_Jpan,436,21,13
jpn_Jpan,436,22,13
jpn_Jpan,436,23,13
jpn_Jpan,436,24,61
jpn_Jpan,436,25,34
jpn_Jpan,436,26,13
jpn_Jpan,436,27,34
jpn_Jpan,436,28,13
jpn_Jpan,436,29,24
jpn_Jpan,436,30,13
jpn_Jpan,436,31,13
jpn_Jpan,436,32,34
jpn_Jpan,436,33,34
jpn_Jpan,436,34,24
jpn_Jpan,436,35,47
jpn_Jpan,436,36,13
jpn_Jpan,436,37,13
jpn_Jpan,436,38,34
eng_Latn,437,0,60
eng_Latn,437,1,45
eng_Latn,437,2,63
jpn_Jpan,438,0,60
jpn_Jpan,438,1,13
jpn_Jpan,438,2,13
jpn_Jpan,438,3,13
jpn_Jpan,438,4,52
jpn_Jpan,438,5,13
jpn_Jpan,438,6,12
jpn_Jpan,438,7,52
jpn_Jpan,438,8,47
jpn_Jpan,438,9,36
jpn_Jpan,438,10,24
jpn_Jpan,438,11,47
jpn_Jpan,438,12,13
jpn_Jpan,438,13,34
jpn_Jpan,438,14,13
jpn_Jpan,438,15,13
jpn_Jpan,438,16,36
jpn_Jpan,438,17,13
jpn_Jpan,438,18,13
jpn_Jpan,439,0,60
jpn_Jpan,439,1,13
jpn_Jpan,439,2,47
jpn_Jpan,439,3,39
jpn_Jpan,439,4,58
jpn_Jpan,439,5,9
jpn_Jpan,439,6,58
jpn_Jpan,439,7,9
jpn_Jpan,439,8,9
jpn_Jpan,439,9,61
jpn_Jpan,439,10,13
jpn_Jpan,439,11,13
jpn_Jpan,439,12,24
jpn_Jpan,439,13,24
jpn_Jpan,439,14,19
jpn_Jpan,439,15,13
jpn_Jpan,439,16,19
jpn_Jpan,439,17,13
jpn_Jpan,439,18,24
jpn_Jpan,439,19,19
jpn_Jpan,439,20,13
jpn_Jpan,439,21,24
jpn_Jpan,439,22,13
jpn_Jpan,439,23,13
jpn_Jpan,439,24,13
jpn_Jpan,439,25,51
eng_Latn,440,0,60
eng_Latn,440,1,52
eng_Latn,440,2,57
eng_Latn,440,3,33
jpn_Jpan,441,0,60
jpn_Jpan,441,1,27
jpn_Jpan,441,2,50
jpn_Jpan,441,3,24
jpn_Jpan,441,4,52
jpn_Jpan,441,5,24
jpn_Jpan,441,6,24
jpn_Jpan,441,7,19
jpn_Jpan,441,8,13
jpn_Jpan,441,9,19
jpn_Jpan,441,10,34
jpn_Jpan,441,11,24
jpn_Jpan,441,12,24
jpn_Jpan,441,13,47
jpn_Jpan,441,14,61
jpn_Jpan,442,0,60
jpn_Jpan,442,1,36
jpn_Jpan,442,2,19
jpn_Jpan,442,3,36
jpn_Jpan,442,4,13
jpn_Jpan,442,5,24
jpn_Jpan,442,6,19
jpn_Jpan,442,7,13
jpn_Jpan,442,8,19
jpn_Jpan,442,9,24
jpn_Jpan,442,10,26
jpn_Jpan,442,11,19
jpn_Jpan,442,12,13
jpn_Jpan,442,13,47
jpn_Jpan,442,14,36
jpn_Jpan,442,15,19
jpn_Jpan,442,16,13
jpn_Jpan,442,17,13
jpn_Jpan,442,18,36
jpn_Jpan,442,19,26
jpn_Jpan,442,20,49
jpn_Jpan,442,21,2
jpn_Jpan,442,22,26
jpn_Jpan,442,23,40
jpn_Jpan,442,24,9
jpn_Jpan,442,25,16
jpn_Jpan,442,26,12
jpn_Jpan,442,27,27
jpn_Jpan,442,28,49
jpn_Jpan,442,29,12
jpn_Jpan,442,30,47
jpn_Jpan,443,0,60
jpn_Jpan,443,1,24
jpn_Jpan,443,2,19
jpn_Jpan,443,3,13
jpn_Jpan,443,4,19
jpn_Jpan,443,5,13
jpn_Jpan,443,6,24
jpn_Jpan,443,7,19
jpn_Jpan,443,8,13
jpn_Jpan,443,9,47
jpn_Jpan,443,10,19
jpn_Jpan,443,11,13
jpn_Jpan,443,12,13
jpn_Jpan,443,13,24
jpn_Jpan,443,14,24
jpn_Jpan,443,15,19
jpn_Jpan,443,16,13
jpn_Jpan,443,17,13
jpn_Jpan,443,18,24
jpn_Jpan,443,19,13
jpn_Jpan,443,20,13
jpn_Jpan,443,21,36
jpn_Jpan,443,22,19
jpn_Jpan,443,23,47
jpn_Jpan,443,24,39
jpn_Jpan,443,25,39
jpn_Jpan,443,26,13
jpn_Jpan,443,27,13
jpn_Jpan,443,28,47
jpn_Jpan,443,29,19
jpn_Jpan,443,30,39
jpn_Jpan,443,31,13
jpn_Jpan,443,32,24
jpn_Jpan,443,33,13
jpn_Jpan,443,34,13
jpn_Jpan,443,35,13
jpn_Jpan,443,36,13
jpn_Jpan,443,37,13
jpn_Jpan,443,38,19
jpn_Jpan,443,39,13
jpn_Jpan,443,40,13
jpn_Jpan,443,41,13
jpn_Jpan,444,0,60
jpn_Jpan,444,1,13
jpn_Jpan,444,2,13
jpn_Jpan,444,3,24
jpn_Jpan,444,4,13
jpn_Jpan,444,5,13
jpn_Jpan,444,6,47
jpn_Jpan,444,7,13
jpn_Jpan,444,8,13
jpn_Jpan,444,9,13
jpn_Jpan,444,10,36
jpn_Jpan,444,11,36
jpn_Jpan,444,12,13
jpn_Jpan,444,13,36
jpn_Jpan,444,14,24
jpn_Jpan,444,15,40
jpn_Jpan,444,16,7
jpn_Jpan,444,17,24
jpn_Jpan,444,18,19
jpn_Jpan,444,19,13
jpn_Jpan,444,20,13
jpn_Jpan,444,21,13
jpn_Jpan,444,22,61
jpn_Jpan,444,23,13
jpn_Jpan,444,24,24
jpn_Jpan,444,25,13
jpn_Jpan,444,26,36
jpn_Jpan,444,27,24
jpn_Jpan,444,28,19
jpn_Jpan,444,29,13
jpn_Jpan,444,30,36
jpn_Jpan,444,31,13
jpn_Jpan,444,32,61
jpn_Jpan,444,33,36
jpn_Jpan,444,34,24
jpn_Jpan,444,35,13
jpn_Jpan,444,36,13
jpn_Jpan,444,37,13
jpn_Jpan,444,38,19
jpn_Jpan,444,39,13
jpn_Jpan,444,40,13
jpn_Jpan,444,41,36
jpn_Jpan,444,42,13
jpn_Jpan,444,43,34
jpn_Jpan,445,0,60
jpn_Jpan,445,1,24
jpn_Jpan,445,2,13
jpn_Jpan,445,3,13
jpn_Jpan,445,4,13
jpn_Jpan,445,5,13
jpn_Jpan,445,6,13
jpn_Jpan,445,7,36
jpn_Jpan,445,8,13
jpn_Jpan,445,9,36
jpn_Jpan,445,10,39
jpn_Jpan,445,11,61
jpn_Jpan,445,12,61
jpn_Jpan,445,13,61
jpn_Jpan,445,14,61
jpn_Jpan,445,15,13
jpn_Jpan,445,16,13
jpn_Jpan,445,17,13
jpn_Jpan,445,18,11
jpn_Jpan,445,19,58
jpn_Jpan,445,20,12
jpn_Jpan,445,21,40
jpn_Jpan,446,0,60
jpn_Jpan,446,1,47
jpn_Jpan,446,2,13
jpn_Jpan,446,3,13
jpn_Jpan,446,4,13
jpn_Jpan,446,5,24
jpn_Jpan,446,6,47
jpn_Jpan,446,7,13
jpn_Jpan,446,8,13
jpn_Jpan,446,9,47
jpn_Jpan,446,10,7
jpn_Jpan,446,11,24
jpn_Jpan,446,12,47
jpn_Jpan,446,13,19
jpn_Jpan,446,14,13
jpn_Jpan,446,15,13
jpn_Jpan,446,16,47
jpn_Jpan,446,17,13
jpn_Jpan,446,18,9
jpn_Jpan,446,19,52
jpn_Jpan,446,20,52
jpn_Jpan,446,21,52
jpn_Jpan,446,22,12
jpn_Jpan,446,23,47
jpn_Jpan,446,24,13
jpn_Jpan,446,25,9
jpn_Jpan,446,26,24
jpn_Jpan,446,27,24
jpn_Jpan,446,28,13
jpn_Jpan,446,29,47
jpn_Jpan,446,30,13
jpn_Jpan,446,31,34
jpn_Jpan,446,32,47
jpn_Jpan,446,33,13
jpn_Jpan,446,34,13
jpn_Jpan,446,35,13
jpn_Jpan,446,36,47
jpn_Jpan,446,37,13
jpn_Jpan,447,0,60
jpn_Jpan,447,1,13
jpn_Jpan,447,2,61
jpn_Jpan,447,3,13
jpn_Jpan,447,4,13
jpn_Jpan,447,5,24
jpn_Jpan,447,6,47
jpn_Jpan,447,7,39
jpn_Jpan,447,8,13
jpn_Jpan,447,9,47
jpn_Jpan,447,10,7
jpn_Jpan,447,11,13
jpn_Jpan,447,12,24
jpn_Jpan,447,13,13
jpn_Jpan,447,14,39
jpn_Jpan,447,15,39
jpn_Jpan,447,16,34
jpn_Jpan,447,17,24
jpn_Jpan,447,18,61
jpn_Jpan,447,19,13
jpn_Jpan,447,20,19
jpn_Jpan,447,21,24
jpn_Jpan,447,22,13
jpn_Jpan,447,23,13
jpn_Jpan,447,24,24
jpn_Jpan,447,25,19
jpn_Jpan,447,26,13
jpn_Jpan,447,27,19
jpn_Jpan,447,28,13
jpn_Jpan,447,29,36
jpn_Jpan,447,30,47
jpn_Jpan,447,31,13
jpn_Jpan,447,32,61
jpn_Jpan,447,33,36
jpn_Jpan,447,34,13
jpn_Jpan,447,35,13
jpn_Jpan,447,36,19
jpn_Jpan,447,37,19
jpn_Jpan,447,38,13
jpn_Jpan,447,39,1
jpn_Jpan,447,40,19
jpn_Jpan,447,41,13
jpn_Jpan,447,42,19
jpn_Jpan,447,43,47
jpn_Jpan,447,44,39
jpn_Jpan,447,45,39
jpn_Jpan,447,46,19
jpn_Jpan,447,47,13
jpn_Jpan,447,48,24
jpn_Jpan,447,49,47
jpn_Jpan,447,50,7
jpn_Jpan,447,51,13
eng_Latn,448,0,60
eng_Latn,448,1,15
eng_Latn,448,2,16
jpn_Jpan,449,0,60
jpn_Jpan,449,1,19
jpn_Jpan,449,2,40
jpn_Jpan,449,3,47
jpn_Jpan,449,4,62
jpn_Jpan,449,5,62
jpn_Jpan,449,6,22
jpn_Jpan,449,7,42
jpn_Jpan,449,8,13
jpn_Jpan,449,9,24
jpn_Jpan,449,10,24
jpn_Jpan,449,11,40
jpn_Jpan,449,12,24
jpn_Jpan,450,0,60
jpn_Jpan,450,1,19
jpn_Jpan,450,2,8
jpn_Jpan,450,3,19
jpn_Jpan,450,4,26
jpn_Jpan,450,5,49
jpn_Jpan,450,6,12
jpn_Jpan,450,7,58
jpn_Jpan,450,8,12
jpn_Jpan,450,9,61
jpn_Jpan,451,0,60
jpn_Jpan,451,1,13
jpn_Jpan,451,2,13
jpn_Jpan,451,3,47
jpn_Jpan,451,4,39
jpn_Jpan,451,5,19
jpn_Jpan,451,6,34
jpn_Jpan,451,7,34
jpn_Jpan,451,8,13
jpn_Jpan,451,9,24
jpn_Jpan,451,10,24
jpn_Jpan,451,11,13
jpn_Jpan,451,12,13
jpn_Jpan,451,13,19
jpn_Jpan,451,14,36
jpn_Jpan,451,15,24
jpn_Jpan,451,16,13
jpn_Jpan,451,17,39
jpn_Jpan,451,18,24
jpn_Jpan,451,19,13
jpn_Jpan,451,20,19
jpn_Jpan,451,21,34
jpn_Jpan,451,22,13
jpn_Jpan,451,23,24
jpn_Jpan,451,24,12
jpn_Jpan,451,25,19
jpn_Jpan,451,26,13
jpn_Jpan,451,27,58
jpn_Jpan,451,28,52
jpn_Jpan,451,29,52
jpn_Jpan,451,30,13
jpn_Jpan,451,31,52
jpn_Jpan,451,32,34
jpn_Jpan,451,33,24
jpn_Jpan,451,34,61
jpn_Jpan,451,35,19
jpn_Jpan,451,36,19
jpn_Jpan,451,37,13
jpn_Jpan,452,0,60
jpn_Jpan,452,1,36
jpn_Jpan,452,2,24
jpn_Jpan,452,3,36
jpn_Jpan,452,4,13
jpn_Jpan,452,5,36
jpn_Jpan,452,6,24
jpn_Jpan,452,7,47
jpn_Jpan,452,8,13
jpn_Jpan,452,9,39
jpn_Jpan,452,10,13
jpn_Jpan,452,11,36
jpn_Jpan,452,12,52
jpn_Jpan,452,13,13
jpn_Jpan,452,14,36
jpn_Jpan,452,15,24
jpn_Jpan,452,16,34
jpn_Jpan,452,17,13
jpn_Jpan,452,18,13
jpn_Jpan,452,19,61
jpn_Jpan,452,20,13
jpn_Jpan,452,21,36
jpn_Jpan,452,22,51
jpn_Jpan,453,0,60
jpn_Jpan,453,1,24
jpn_Jpan,453,2,19
jpn_Jpan,453,3,40
jpn_Jpan,453,4,24
jpn_Jpan,453,5,40
jpn_Jpan,453,6,30
jpn_Jpan,453,7,58
jpn_Jpan,453,8,24
jpn_Jpan,453,9,58
eng_Latn,454,0,60
eng_Latn,454,1,22
eng_Latn,454,2,54
eng_Latn,454,3,54
eng_Latn,454,4,10
eng_Latn,454,5,16
jpn_Jpan,455,0,60
jpn_Jpan,455,1,13
jpn_Jpan,455,2,19
jpn_Jpan,455,3,19
jpn_Jpan,455,4,39
jpn_Jpan,455,5,13
jpn_Jpan,455,6,13
jpn_Jpan,455,7,24
jpn_Jpan,455,8,13
jpn_Jpan,455,9,13
jpn_Jpan,455,10,19
jpn_Jpan,455,11,36
jpn_Jpan,455,12,13
jpn_Jpan,455,13,24
jpn_Jpan,455,14,24
jpn_Jpan,455,15,13
jpn_Jpan,455,16,24
jpn_Jpan,455,17,19
jpn_Jpan,455,18,13
jpn_Jpan,455,19,24
jpn_Jpan,455,20,61
jpn_Jpan,455,21,13
jpn_Jpan,455,22,13
jpn_Jpan,455,23,24
jpn_Jpan,455,24,13
jpn_Jpan,455,25,24
jpn_Jpan,455,26,24
jpn_Jpan,455,27,13
jpn_Jpan,455,28,13
jpn_Jpan,455,29,47
jpn_Jpan,455,30,39
jpn_Jpan,455,31,13
jpn_Jpan,456,0,60
jpn_Jpan,456,1,13
jpn_Jpan,456,2,13
jpn_Jpan,456,3,24
jpn_Jpan,456,4,36
jpn_Jpan,456,5,19
jpn_Jpan,456,6,13
jpn_Jpan,456,7,34
jpn_Jpan,456,8,13
jpn_Jpan,456,9,13
jpn_Jpan,456,10,36
jpn_Jpan,456,11,24
jpn_Jpan,456,12,13
jpn_Jpan,456,13,13
jpn_Jpan,456,14,13
jpn_Jpan,456,15,61
jpn_Jpan,456,16,34
jpn_Jpan,456,17,13
jpn_Jpan,456,18,24
jpn_Jpan,456,19,52
jpn_Jpan,456,20,19
jpn_Jpan,456,21,13
jpn_Jpan,456,22,13
jpn_Jpan,456,23,13
jpn_Jpan,456,24,19
jpn_Jpan,456,25,13
jpn_Jpan,456,26,13
jpn_Jpan,456,27,24
jpn_Jpan,456,28,24
jpn_Jpan,456,29,24
jpn_Jpan,456,30,13
jpn_Jpan,456,31,61
jpn_Jpan,456,32,13
jpn_Jpan,456,33,34
jpn_Jpan,456,34,13
jpn_Jpan,456,35,13
jpn_Jpan,456,36,36
jpn_Jpan,456,37,34
jpn_Jpan,457,0,60
jpn_Jpan,457,1,13
jpn_Jpan,457,2,47
jpn_Jpan,457,3,47
jpn_Jpan,457,4,47
jpn_Jpan,457,5,47
jpn_Jpan,457,6,39
jpn_Jpan,457,7,47
jpn_Jpan,457,8,19
jpn_Jpan,457,9,13
jpn_Jpan,457,10,39
jpn_Jpan,457,11,13
jpn_Jpan,457,12,24
jpn_Jpan,457,13,47
jpn_Jpan,457,14,13
jpn_Jpan,457,15,47
jpn_Jpan,457,16,13
jpn_Jpan,457,17,13
jpn_Jpan,457,18,13
jpn_Jpan,457,19,13
jpn_Jpan,457,20,24
jpn_Jpan,457,21,61
jpn_Jpan,457,22,13
jpn_Jpan,457,23,61
jpn_Jpan,457,24,13
jpn_Jpan,457,25,61
jpn_Jpan,457,26,13
jpn_Jpan,457,27,19
jpn_Jpan,457,28,13
jpn_Jpan,457,29,24
jpn_Jpan,457,30,13
jpn_Jpan,457,31,13
jpn_Jpan,457,32,13
jpn_Jpan,457,33,24
jpn_Jpan,457,34,19
jpn_Jpan,457,35,13
jpn_Jpan,457,36,19
jpn_Jpan,457,37,13
jpn_Jpan,457,38,13
jpn_Jpan,458,0,60
jpn_Jpan,458,1,13
jpn_Jpan,458,2,24
jpn_Jpan,458,3,24
jpn_Jpan,458,4,13
jpn_Jpan,458,5,13
jpn_Jpan,458,6,13
jpn_Jpan,458,7,61
jpn_Jpan,458,8,19
jpn_Jpan,458,9,13
jpn_Jpan,458,10,61
jpn_Jpan,458,11,19
jpn_Jpan,458,12,13
jpn_Jpan,458,13,24
jpn_Jpan,458,14,13
jpn_Jpan,458,15,13
jpn_Jpan,458,16,24
jpn_Jpan,458,17,13
jpn_Jpan,458,18,13
jpn_Jpan,458,19,24
jpn_Jpan,458,20,13
jpn_Jpan,458,21,24
jpn_Jpan,458,22,24
jpn_Jpan,458,23,19
jpn_Jpan,458,24,13
jpn_Jpan,458,25,13
jpn_Jpan,458,26,24
jpn_Jpan,458,27,13
jpn_Jpan,458,28,24
jpn_Jpan,458,29,13
jpn_Jpan,458,30,13
jpn_Jpan,458,31,19
jpn_Jpan,458,32,13
jpn_Jpan,458,33,13
jpn_Jpan,458,34,13
jpn_Jpan,458,35,13
jpn_Jpan,458,36,24
jpn_Jpan,458,37,13
jpn_Jpan,458,38,13
jpn_Jpan,458,39,19
jpn_Jpan,458,40,13
jpn_Jpan,458,41,24
jpn_Jpan,458,42,13
jpn_Jpan,458,43,13
jpn_Jpan,458,44,39
jpn_Jpan,458,45,13
jpn_Jpan,458,46,24
jpn_Jpan,458,47,19
jpn_Jpan,458,48,13
jpn_Jpan,458,49,13
jpn_Jpan,458,50,13
jpn_Jpan,458,51,13
jpn_Jpan,458,52,34
eng_Latn,459,0,60
eng_Latn,459,1,39
eng_Latn,459,2,40
eng_Latn,459,3,18
eng_Latn,459,4,51
eng_Latn,459,5,18
eng_Latn,459,6,53
eng_Latn,459,7,16
eng_Latn,460,0,60
eng_Latn,460,1,54
eng_Latn,460,2,54
eng_Latn,460,3,54
eng_Latn,460,4,50
eng_Latn,460,5,16
eng_Latn,460,6,38
eng_Latn,460,7,4
eng_Latn,460,8,5
eng_Latn,460,9,18
eng_Latn,460,10,51
eng_Latn,460,11,42
eng_Latn,460,12,24
eng_Latn,460,13,29
eng_Latn,460,14,54
jpn_Jpan,461,0,60
jpn_Jpan,461,1,13
jpn_Jpan,461,2,13
jpn_Jpan,461,3,36
jpn_Jpan,461,4,36
jpn_Jpan,461,5,36
jpn_Jpan,461,6,36
jpn_Jpan,461,7,19
jpn_Jpan,461,8,13
jpn_Jpan,461,9,13
jpn_Jpan,461,10,13
jpn_Jpan,461,11,24
jpn_Jpan,461,12,13
jpn_Jpan,461,13,19
jpn_Jpan,461,14,13
jpn_Jpan,461,15,13
jpn_Jpan,461,16,13
jpn_Jpan,461,17,13
jpn_Jpan,461,18,34
jpn_Jpan,461,19,13
jpn_Jpan,461,20,34
jpn_Jpan,462,0,60
jpn_Jpan,462,1,13
jpn_Jpan,462,2,13
jpn_Jpan,462,3,39
jpn_Jpan,462,4,39
jpn_Jpan,462,5,7
jpn_Jpan,462,6,13
jpn_Jpan,462,7,19
jpn_Jpan,462,8,36
jpn_Jpan,462,9,13
jpn_Jpan,462,10,19
jpn_Jpan,462,11,13
jpn_Jpan,462,12,13
jpn_Jpan,462,13,13
jpn_Jpan,462,14,19
jpn_Jpan,462,15,24
jpn_Jpan,462,16,61
jpn_Jpan,462,17,47
jpn_Jpan,462,18,7
jpn_Jpan,462,19,19
jpn_Jpan,462,20,13
jpn_Jpan,462,21,19
jpn_Jpan,462,22,13
jpn_Jpan,463,0,60
jpn_Jpan,463,1,13
jpn_Jpan,463,2,47
jpn_Jpan,463,3,36
jpn_Jpan,463,4,61
jpn_Jpan,463,5,36
jpn_Jpan,463,6,13
jpn_Jpan,463,7,9
jpn_Jpan,463,8,26
jpn_Jpan,463,9,19
jpn_Jpan,463,10,36
jpn_Jpan,463,11,19
jpn_Jpan,463,12,36
jpn_Jpan,463,13,26
jpn_Jpan,463,14,36
jpn_Jpan,463,15,19
jpn_Jpan,463,16,13
jpn_Jpan,463,17,24
jpn_Jpan,463,18,24
jpn_Jpan,463,19,19
jpn_Jpan,463,20,13
jpn_Jpan,463,21,13
jpn_Jpan,463,22,19
jpn_Jpan,463,23,13
jpn_Jpan,463,24,13
jpn_Jpan,463,25,24
jpn_Jpan,463,26,13
jpn_Jpan,463,27,13
jpn_Jpan,463,28,36
jpn_Jpan,463,29,24
jpn_Jpan,463,30,61
jpn_Jpan,463,31,13
jpn_Jpan,463,32,47
jpn_Jpan,463,33,13
jpn_Jpan,463,34,24
jpn_Jpan,464,0,60
jpn_Jpan,464,1,51
jpn_Jpan,464,2,24
jpn_Jpan,464,3,13
jpn_Jpan,464,4,36
jpn_Jpan,464,5,24
jpn_Jpan,464,6,13
jpn_Jpan,464,7,13
jpn_Jpan,464,8,19
jpn_Jpan,464,9,13
jpn_Jpan,464,10,24
jpn_Jpan,464,11,12
jpn_Jpan,464,12,47
jpn_Jpan,464,13,47
jpn_Jpan,464,14,13
jpn_Jpan,464,15,13
jpn_Jpan,464,16,19
jpn_Jpan,464,17,13
jpn_Jpan,464,18,13
jpn_Jpan,464,19,19
jpn_Jpan,464,20,19
jpn_Jpan,464,21,13
jpn_Jpan,464,22,13
jpn_Jpan,464,23,13
jpn_Jpan,464,24,24
jpn_Jpan,464,25,13
jpn_Jpan,464,26,19
jpn_Jpan,464,27,39
jpn_Jpan,464,28,47
jpn_Jpan,464,29,34
eng_Latn,465,0,60
eng_Latn,465,1,35
eng_Latn,465,2,63
eng_Latn,465,3,63
eng_Latn,465,4,63
eng_Latn,465,5,24
eng_Latn,465,6,37
jpn_Jpan,466,0,60
jpn_Jpan,466,1,13
jpn_Jpan,466,2,13
jpn_Jpan,466,3,12
jpn_Jpan,466,4,36
jpn_Jpan,466,5,36
jpn_Jpan,466,6,24
jpn_Jpan,466,7,13
jpn_Jpan,466,8,61
jpn_Jpan,466,9,13
jpn_Jpan,466,10,13
jpn_Jpan,466,11,24
jpn_Jpan,466,12,24
jpn_Jpan,466,13,13
jpn_Jpan,466,14,13
jpn_Jpan,466,15,24
jpn_Jpan,466,16,13
jpn_Jpan,466,17,19
jpn_Jpan,466,18,13
jpn_Jpan,466,19,34
jpn_Jpan,466,20,34
jpn_Jpan,466,21,19
jpn_Jpan,466,22,13
jpn_Jpan,466,23,24
jpn_Jpan,466,24,61
jpn_Jpan,466,25,13
jpn_Jpan,466,26,39
jpn_Jpan,466,27,13
jpn_Jpan,466,28,9
jpn_Jpan,466,29,47
jpn_Jpan,466,30,39
jpn_Jpan,466,31,13
jpn_Jpan,467,0,60
jpn_Jpan,467,1,13
jpn_Jpan,467,2,12
jpn_Jpan,467,3,40
jpn_Jpan,467,4,24
jpn_Jpan,467,5,1
jpn_Jpan,467,6,13
jpn_Jpan,467,7,19
jpn_Jpan,467,8,39
jpn_Jpan,467,9,13
jpn_Jpan,467,10,13
jpn_Jpan,467,11,36
jpn_Jpan,467,12,24
jpn_Jpan,467,13,13
jpn_Jpan,467,14,36
jpn_Jpan,467,15,36
jpn_Jpan,467,16,37
jpn_Jpan,467,17,36
jpn_Jpan,467,18,52
jpn_Jpan,467,19,13
jpn_Jpan,467,20,24
jpn_Jpan,467,21,13
jpn_Jpan,467,22,34
jpn_Jpan,467,23,13
jpn_Jpan,467,24,24
jpn_Jpan,467,25,52
jpn_Jpan,467,26,1
jpn_Jpan,467,27,24
jpn_Jpan,467,28,19
jpn_Jpan,467,29,13
jpn_Jpan,467,30,13
jpn_Jpan,467,31,13
jpn_Jpan,467,32,47
jpn_Jpan,467,33,34
jpn_Jpan,467,34,34
jpn_Jpan,468,0,60
jpn_Jpan,468,1,61
jpn_Jpan,468,2,24
jpn_Jpan,468,3,24
jpn_Jpan,468,4,24
jpn_Jpan,468,5,24
jpn_Jpan,468,6,13
jpn_Jpan,468,7,13
jpn_Jpan,468,8,13
jpn_Jpan,468,9,13
jpn_Jpan,468,10,13
jpn_Jpan,468,11,47
jpn_Jpan,468,12,13
jpn_Jpan,468,13,13
jpn_Jpan,468,14,34
jpn_Jpan,468,15,51
jpn_Jpan,468,16,24
jpn_Jpan,468,17,24
jpn_Jpan,468,18,24
jpn_Jpan,468,19,13
jpn_Jpan,468,20,19
jpn_Jpan,468,21,13
jpn_Jpan,468,22,24
jpn_Jpan,468,23,24
jpn_Jpan,468,24,13
jpn_Jpan,468,25,13
jpn_Jpan,468,26,47
jpn_Jpan,468,27,13
jpn_Jpan,468,28,13
jpn_Jpan,468,29,13
jpn_Jpan,469,0,60
jpn_Jpan,469,1,19
jpn_Jpan,469,2,39
jpn_Jpan,469,3,19
jpn_Jpan,469,4,7
jpn_Jpan,469,5,47
jpn_Jpan,469,6,13
jpn_Jpan,469,7,13
jpn_Jpan,469,8,36
jpn_Jpan,469,9,24
jpn_Jpan,469,10,36
jpn_Jpan,469,11,13
jpn_Jpan,469,12,47
jpn_Jpan,469,13,61
jpn_Jpan,469,14,13
jpn_Jpan,469,15,13
jpn_Jpan,469,16,12
jpn_Jpan,469,17,19
jpn_Jpan,469,18,40
jpn_Jpan,469,19,13
jpn_Jpan,469,20,24
jpn_Jpan,469,21,24
jpn_Jpan,469,22,13
jpn_Jpan,469,23,47
jpn_Jpan,469,24,13
jpn_Jpan,469,25,13
jpn_Jpan,469,26,13
jpn_Jpan,469,27,13
jpn_Jpan,469,28,13
jpn_Jpan,469,29,13
jpn_Jpan,469,30,13
jpn_Jpan,469,31,13
jpn_Jpan,469,32,13
jpn_Jpan,469,33,13
jpn_Jpan,469,34,13
jpn_Jpan,469,35,13
jpn_Jpan,469,36,13
jpn_Jpan,469,37,24
jpn_Jpan,469,38,13
jpn_Jpan,469,39,19
jpn_Jpan,469,40,34
jpn_Jpan,469,41,13
jpn_Jpan,469,42,34
jpn_Jpan,470,0,60
jpn_Jpan,470,1,13
jpn_Jpan,470,2,12
jpn_Jpan,470,3,13
jpn_Jpan,470,4,19
jpn_Jpan,470,5,13
jpn_Jpan,470,6,13
jpn_Jpan,470,7,13
jpn_Jpan,470,8,61
jpn_Jpan,470,9,13
jpn_Jpan,470,10,13
jpn_Jpan,470,11,13
jpn_Jpan,470,12,12
jpn_Jpan,470,13,4
jpn_Jpan,470,14,13
jpn_Jpan,470,15,47
jpn_Jpan,470,16,13
jpn_Jpan,470,17,13
jpn_Jpan,470,18,24
jpn_Jpan,470,19,61
jpn_Jpan,470,20,61
jpn_Jpan,470,21,19
jpn_Jpan,470,22,13
jpn_Jpan,470,23,24
jpn_Jpan,470,24,13
jpn_Jpan,470,25,13
jpn_Jpan,470,26,13
jpn_Jpan,470,27,13
jpn_Jpan,470,28,24
jpn_Jpan,470,29,19
jpn_Jpan,470,30,13
jpn_Jpan,470,31,13
jpn_Jpan,470,32,47
jpn_Jpan,470,33,13
jpn_Jpan,470,34,13
jpn_Jpan,470,35,13
jpn_Jpan,470,36,13
jpn_Jpan,470,37,13
jpn_Jpan,470,38,19
jpn_Jpan,470,39,13
eng_Latn,471,0,60
eng_Latn,471,1,22
eng_Latn,471,2,52
eng_Latn,471,3,46
eng_Latn,471,4,3
eng_Latn,471,5,57
eng_Latn,471,6,49
jpn_Jpan,472,0,60
jpn_Jpan,472,1,13
jpn_Jpan,472,2,19
jpn_Jpan,472,3,13
jpn_Jpan,472,4,47
jpn_Jpan,472,5,13
jpn_Jpan,472,6,13
jpn_Jpan,472,7,13
jpn_Jpan,472,8,19
jpn_Jpan,472,9,13
jpn_Jpan,472,10,34
jpn_Jpan,472,11,51
eng_Latn,473,0,60
eng_Latn,473,1,9
eng_Latn,473,2,9
eng_Latn,473,3,31
eng_Latn,473,4,51
eng_Latn,473,5,54
eng_Latn,473,6,18
eng_Latn,473,7,4
eng_Latn,473,8,61
eng_Latn,473,9,47
eng_Latn,473,10,34
eng_Latn,473,11,53
eng_Latn,473,12,34
eng_Latn,474,0,60
eng_Latn,474,1,46
eng_Latn,474,2,61
eng_Latn,474,3,15
eng_Latn,474,4,15
eng_Latn,474,5,56
eng_Latn,474,6,21
eng_Latn,474,7,39
eng_Latn,474,8,63
eng_Latn,475,0,60
eng_Latn,475,1,29
eng_Latn,475,2,34
jpn_Jpan,476,0,60
jpn_Jpan,476,1,36
jpn_Jpan,476,2,24
jpn_Jpan,476,3,13
jpn_Jpan,476,4,13
jpn_Jpan,476,5,47
jpn_Jpan,476,6,47
jpn_Jpan,476,7,13
jpn_Jpan,476,8,13
jpn_Jpan,476,9,13
jpn_Jpan,476,10,61
jpn_Jpan,476,11,13
jpn_Jpan,476,12,34
jpn_Jpan,476,13,24
jpn_Jpan,476,14,24
jpn_Jpan,476,15,47
jpn_Jpan,476,16,13
jpn_Jpan,476,17,19
jpn_Jpan,476,18,34
jpn_Jpan,476,19,13
jpn_Jpan,476,20,47
jpn_Jpan,476,21,34
jpn_Jpan,476,22,34
jpn_Jpan,476,23,13
jpn_Jpan,476,24,24
jpn_Jpan,476,25,19
jpn_Jpan,476,26,13
jpn_Jpan,476,27,13
jpn_Jpan,476,28,24
jpn_Jpan,476,29,52
jpn_Jpan,476,30,52
jpn_Jpan,476,31,52
jpn_Jpan,476,32,19
jpn_Jpan,476,33,34
jpn_Jpan,476,34,24
jpn_Jpan,476,35,19
jpn_Jpan,476,36,13
jpn_Jpan,476,37,19
jpn_Jpan,476,38,36
jpn_Jpan,476,39,13
jpn_Jpan,477,0,60
jpn_Jpan,477,1,61
jpn_Jpan,477,2,13
jpn_Jpan,477,3,13
jpn_Jpan,477,4,34
jpn_Jpan,477,5,34
jpn_Jpan,477,6,24
jpn_Jpan,477,7,24
jpn_Jpan,477,8,19
jpn_Jpan,477,9,13
jpn_Jpan,477,10,19
jpn_Jpan,477,11,13
jpn_Jpan,477,12,34
jpn_Jpan,477,13,13
jpn_Jpan,477,14,24
jpn_Jpan,477,15,61
jpn_Jpan,477,16,13
jpn_Jpan,477,17,34
jpn_Jpan,477,18,13
jpn_Jpan,477,19,19
jpn_Jpan,477,20,34
jpn_Jpan,477,21,24
jpn_Jpan,477,22,61
jpn_Jpan,477,23,13
jpn_Jpan,477,24,19
jpn_Jpan,477,25,13
jpn_Jpan,478,0,60
jpn_Jpan,478,1,47
jpn_Jpan,478,2,13
jpn_Jpan,478,3,13
jpn_Jpan,478,4,1
jpn_Jpan,478,5,19
jpn_Jpan,478,6,13
jpn_Jpan,478,7,24
jpn_Jpan,478,8,13
jpn_Jpan,478,9,36
jpn_Jpan,478,10,42
jpn_Jpan,478,11,47
jpn_Jpan,478,12,19
jpn_Jpan,478,13,40
jpn_Jpan,478,14,13
jpn_Jpan,478,15,36
jpn_Jpan,478,16,47
jpn_Jpan,478,17,36
jpn_Jpan,478,18,36
jpn_Jpan,478,19,19
jpn_Jpan,478,20,52
jpn_Jpan,479,0,60
jpn_Jpan,479,1,24
jpn_Jpan,479,2,19
jpn_Jpan,479,3,13
jpn_Jpan,479,4,36
jpn_Jpan,479,5,61
jpn_Jpan,479,6,13
jpn_Jpan,479,7,34
jpn_Jpan,479,8,13
jpn_Jpan,479,9,13
jpn_Jpan,479,10,13
eng_Latn,480,0,60
eng_Latn,480,1,29
eng_Latn,480,2,34
eng_Latn,480,3,35
eng_Latn,480,4,34
jpn_Jpan,481,0,60
jpn_Jpan,481,1,13
jpn_Jpan,481,2,12
jpn_Jpan,481,3,36
jpn_Jpan,481,4,1
jpn_Jpan,481,5,24
jpn_Jpan,481,6,13
jpn_Jpan,481,7,36
jpn_Jpan,481,8,24
jpn_Jpan,481,9,19
jpn_Jpan,481,10,13
jpn_Jpan,481,11,13
jpn_Jpan,481,12,36
jpn_Jpan,481,13,24
jpn_Jpan,481,14,13
jpn_Jpan,481,15,39
jpn_Jpan,481,16,24
jpn_Jpan,481,17,36
jpn_Jpan,481,18,36
jpn_Jpan,481,19,24
jpn_Jpan,481,20,13
jpn_Jpan,481,21,13
jpn_Jpan,481,22,13
jpn_Jpan,481,23,34
jpn_Jpan,481,24,36
jpn_Jpan,481,25,13
jpn_Jpan,481,26,34
jpn_Jpan,482,0,60
jpn_Jpan,482,1,13
jpn_Jpan,482,2,13
jpn_Jpan,482,3,47
jpn_Jpan,482,4,13
jpn_Jpan,482,5,39
jpn_Jpan,482,6,13
jpn_Jpan,482,7,19
jpn_Jpan,482,8,13
jpn_Jpan,482,9,13
jpn_Jpan,482,10,24
jpn_Jpan,482,11,19
jpn_Jpan,482,12,19
jpn_Jpan,482,13,24
jpn_Jpan,482,14,19
jpn_Jpan,482,15,13
jpn_Jpan,482,16,12
jpn_Jpan,482,17,58
jpn_Jpan,482,18,12
jpn_Jpan,482,19,19
jpn_Jpan,482,20,47
jpn_Jpan,482,21,39
eng_Latn,483,0,60
eng_Latn,483,1,22
eng_Latn,483,2,22
eng_Latn,483,3,12
eng_Latn,483,4,29
eng_Latn,483,5,22
jpn_Jpan,484,0,60
jpn_Jpan,484,1,19
jpn_Jpan,484,2,13
jpn_Jpan,484,3,36
jpn_Jpan,484,4,24
jpn_Jpan,484,5,47
jpn_Jpan,484,6,47
jpn_Jpan,484,7,36
jpn_Jpan,484,8,47
jpn_Jpan,484,9,36
jpn_Jpan,484,10,36
jpn_Jpan,484,11,36
jpn_Jpan,484,12,13
jpn_Jpan,484,13,13
jpn_Jpan,484,14,13
jpn_Jpan,484,15,36
jpn_Jpan,484,16,47
jpn_Jpan,484,17,19
jpn_Jpan,484,18,13
jpn_Jpan,484,19,61
jpn_Jpan,484,20,7
jpn_Jpan,484,21,36
jpn_Jpan,484,22,19
jpn_Jpan,484,23,13
jpn_Jpan,484,24,34
jpn_Jpan,484,25,34
jpn_Jpan,484,26,36
jpn_Jpan,484,27,34
jpn_Jpan,484,28,13
jpn_Jpan,484,29,36
jpn_Jpan,484,30,24
jpn_Jpan,484,31,19
jpn_Jpan,484,32,13
jpn_Jpan,484,33,19
jpn_Jpan,484,34,24
jpn_Jpan,484,35,24
jpn_Jpan,484,36,13
jpn_Jpan,484,37,13
jpn_Jpan,484,38,24
jpn_Jpan,484,39,34
jpn_Jpan,484,40,13
jpn_Jpan,484,41,34
jpn_Jpan,485,0,60
jpn_Jpan,485,1,13
jpn_Jpan,485,2,13
jpn_Jpan,485,3,47
jpn_Jpan,485,4,47
jpn_Jpan,485,5,7
jpn_Jpan,485,6,13
jpn_Jpan,485,7,24
jpn_Jpan,485,8,24
jpn_Jpan,485,9,47
jpn_Jpan,485,10,13
jpn_Jpan,485,11,13
jpn_Jpan,485,12,13
jpn_Jpan,485,13,19
jpn_Jpan,485,14,13
jpn_Jpan,485,15,13
jpn_Jpan,485,16,37
jpn_Jpan,485,17,12
jpn_Jpan,485,18,13
jpn_Jpan,485,19,13
jpn_Jpan,485,20,13
jpn_Jpan,485,21,47
jpn_Jpan,485,22,7
jpn_Jpan,485,23,34
jpn_Jpan,485,24,13
jpn_Jpan,485,25,61
jpn_Jpan,485,26,34
jpn_Jpan,485,27,19
jpn_Jpan,485,28,13
jpn_Jpan,485,29,34
eng_Latn,486,0,60
eng_Latn,486,1,56
eng_Latn,486,2,56
eng_Latn,486,3,38
eng_Latn,486,4,57
eng_Latn,486,5,20
eng_Latn,486,6,46
eng_Latn,486,7,15
jpn_Jpan,487,0,60
jpn_Jpan,487,1,19
jpn_Jpan,487,2,13
jpn_Jpan,487,3,13
jpn_Jpan,487,4,19
jpn_Jpan,487,5,13
jpn_Jpan,487,6,24
jpn_Jpan,487,7,19
jpn_Jpan,487,8,13
jpn_Jpan,487,9,47
jpn_Jpan,487,10,19
jpn_Jpan,487,11,13
jpn_Jpan,487,12,24
jpn_Jpan,487,13,24
jpn_Jpan,487,14,19
jpn_Jpan,487,15,13
jpn_Jpan,487,16,47
jpn_Jpan,487,17,13
jpn_Jpan,487,18,24
jpn_Jpan,487,19,47
jpn_Jpan,487,20,19
jpn_Jpan,487,21,13
jpn_Jpan,487,22,61
jpn_Jpan,487,23,13
jpn_Jpan,487,24,13
jpn_Jpan,487,25,24
jpn_Jpan,487,26,13
jpn_Jpan,487,27,19
jpn_Jpan,487,28,13
jpn_Jpan,487,29,24
jpn_Jpan,487,30,13
jpn_Jpan,487,31,19
jpn_Jpan,487,32,13
jpn_Jpan,487,33,24
jpn_Jpan,487,34,13
jpn_Jpan,487,35,19
jpn_Jpan,487,36,34
jpn_Jpan,487,37,13
jpn_Jpan,487,38,34
eng_Latn,488,0,60
eng_Latn,488,1,9
eng_Latn,488,2,56
eng_Latn,488,3,54
eng_Latn,488,4,50
eng_Latn,488,5,20
eng_Latn,488,6,57
eng_Latn,488,7,41
jpn_Jpan,489,0,60
jpn_Jpan,489,1,39
jpn_Jpan,489,2,13
jpn_Jpan,489,3,7
jpn_Jpan,489,4,13
jpn_Jpan,489,5,19
jpn_Jpan,489,6,13
jpn_Jpan,489,7,13
jpn_Jpan,489,8,51
jpn_Jpan,490,0,60
jpn_Jpan,490,1,13
jpn_Jpan,490,2,13
jpn_Jpan,490,3,39
jpn_Jpan,490,4,7
jpn_Jpan,490,5,24
jpn_Jpan,490,6,24
jpn_Jpan,490,7,19
jpn_Jpan,490,8,13
jpn_Jpan,490,9,9
jpn_Jpan,490,10,11
jpn_Jpan,490,11,39
jpn_Jpan,490,12,13
jpn_Jpan,490,13,39
jpn_Jpan,490,14,47
jpn_Jpan,490,15,47
jpn_Jpan,490,16,13
jpn_Jpan,490,17,24
jpn_Jpan,490,18,26
jpn_Jpan,490,19,47
jpn_Jpan,490,20,13
jpn_Jpan,490,21,13
jpn_Jpan,490,22,47
jpn_Jpan,490,23,19
jpn_Jpan,490,24,19
jpn_Jpan,490,25,19
jpn_Jpan,490,26,13
jpn_Jpan,490,27,24
jpn_Jpan,490,28,13
jpn_Jpan,490,29,24
jpn_Jpan,490,30,47
jpn_Jpan,490,31,13
jpn_Jpan,490,32,19
jpn_Jpan,490,33,34
jpn_Jpan,491,0,60
jpn_Jpan,491,1,19
jpn_Jpan,491,2,13
jpn_Jpan,491,3,13
jpn_Jpan,491,4,13
jpn_Jpan,491,5,13
jpn_Jpan,491,6,11
jpn_Jpan,491,7,61
jpn_Jpan,491,8,13
jpn_Jpan,491,9,13
jpn_Jpan,491,10,13
jpn_Jpan,491,11,13
jpn_Jpan,491,12,61
jpn_Jpan,491,13,13
jpn_Jpan,491,14,13
jpn_Jpan,491,15,47
jpn_Jpan,491,16,24
jpn_Jpan,491,17,13
jpn_Jpan,491,18,19
jpn_Jpan,491,19,13
jpn_Jpan,491,20,19
jpn_Jpan,491,21,13
jpn_Jpan,491,22,13
jpn_Jpan,491,23,1
jpn_Jpan,491,24,52
jpn_Jpan,491,25,1
jpn_Jpan,491,26,52
jpn_Jpan,491,27,24
jpn_Jpan,491,28,19
jpn_Jpan,491,29,13
jpn_Jpan,491,30,47
jpn_Jpan,491,31,13
jpn_Jpan,491,32,11
jpn_Jpan,491,33,24
jpn_Jpan,491,34,24
jpn_Jpan,491,35,13
jpn_Jpan,491,36,13
jpn_Jpan,491,37,34
jpn_Jpan,491,38,13
jpn_Jpan,491,39,13
jpn_Jpan,491,40,13
jpn_Jpan,491,41,13
jpn_Jpan,491,42,34
jpn_Jpan,492,0,60
jpn_Jpan,492,1,19
jpn_Jpan,492,2,13
jpn_Jpan,492,3,19
jpn_Jpan,492,4,13
jpn_Jpan,492,5,13
jpn_Jpan,492,6,13
jpn_Jpan,492,7,47
jpn_Jpan,492,8,7
jpn_Jpan,492,9,13
jpn_Jpan,492,10,13
jpn_Jpan,492,11,19
jpn_Jpan,492,12,13
jpn_Jpan,492,13,13
jpn_Jpan,492,14,47
jpn_Jpan,492,15,13
jpn_Jpan,492,16,13
jpn_Jpan,492,17,24
jpn_Jpan,492,18,47
jpn_Jpan,492,19,19
jpn_Jpan,492,20,13
jpn_Jpan,492,21,13
jpn_Jpan,492,22,13
jpn_Jpan,492,23,47
jpn_Jpan,492,24,19
jpn_Jpan,492,25,13
jpn_Jpan,492,26,13
jpn_Jpan,492,27,24
jpn_Jpan,492,28,39
jpn_Jpan,492,29,24
jpn_Jpan,492,30,13
jpn_Jpan,492,31,13
jpn_Jpan,492,32,13
jpn_Jpan,493,0,60
jpn_Jpan,493,1,19
jpn_Jpan,493,2,13
jpn_Jpan,493,3,13
jpn_Jpan,493,4,36
jpn_Jpan,493,5,24
jpn_Jpan,493,6,52
jpn_Jpan,493,7,1
jpn_Jpan,493,8,52
jpn_Jpan,493,9,1
jpn_Jpan,493,10,13
jpn_Jpan,493,11,13
jpn_Jpan,493,12,34
eng_Latn,494,0,60
eng_Latn,494,1,18
eng_Latn,494,2,14
eng_Latn,494,3,49
eng_Latn,494,4,49
eng_Latn,494,5,12
eng_Latn,494,6,61
jpn_Jpan,495,0,60
jpn_Jpan,495,1,58
jpn_Jpan,495,2,13
jpn_Jpan,495,3,19
jpn_Jpan,495,4,13
jpn_Jpan,495,5,13
jpn_Jpan,495,6,13
jpn_Jpan,495,7,24
jpn_Jpan,495,8,47
jpn_Jpan,495,9,19
jpn_Jpan,495,10,19
jpn_Jpan,495,11,13
eng_Latn,496,0,60
eng_Latn,496,1,39
eng_Latn,496,2,24
eng_Latn,496,3,19
eng_Latn,496,4,19
eng_Latn,496,5,48
eng_Latn,496,6,56
eng_Latn,496,7,59
eng_Latn,496,8,40
eng_Latn,496,9,15
jpn_Jpan,497,0,60
jpn_Jpan,497,1,19
jpn_Jpan,497,2,13
jpn_Jpan,497,3,13
jpn_Jpan,497,4,13
jpn_Jpan,497,5,34
jpn_Jpan,497,6,36
jpn_Jpan,497,7,36
jpn_Jpan,497,8,13
jpn_Jpan,497,9,36
jpn_Jpan,497,10,7
jpn_Jpan,497,11,24
jpn_Jpan,497,12,52
jpn_Jpan,497,13,52
jpn_Jpan,497,14,13
jpn_Jpan,497,15,13
jpn_Jpan,497,16,24
jpn_Jpan,497,17,13
jpn_Jpan,498,0,60
jpn_Jpan,498,1,12
jpn_Jpan,498,2,58
jpn_Jpan,498,3,11
jpn_Jpan,498,4,52
jpn_Jpan,499,0,60
jpn_Jpan,499,1,13
jpn_Jpan,499,2,52
jpn_Jpan,499,3,1
jpn_Jpan,499,4,52
jpn_Jpan,499,5,13
jpn_Jpan,499,6,9
jpn_Jpan,499,7,13
jpn_Jpan,499,8,61
jpn_Jpan,499,9,19
jpn_Jpan,499,10,19
jpn_Jpan,499,11,22
jpn_Jpan,499,12,13
jpn_Jpan,499,13,19
jpn_Jpan,499,14,13
jpn_Jpan,499,15,19
jpn_Jpan,499,16,13
jpn_Jpan,499,17,12
jpn_Jpan,499,18,19
jpn_Jpan,499,19,13
jpn_Jpan,499,20,39
jpn_Jpan,499,21,61
jpn_Jpan,499,22,42
jpn_Jpan,499,23,26
jpn_Jpan,499,24,19
jpn_Jpan,499,25,61
jpn_Jpan,499,26,13
jpn_Jpan,499,27,11
jpn_Jpan,499,28,19
jpn_Jpan,499,29,13
jpn_Jpan,499,30,19
jpn_Jpan,499,31,13
jpn_Jpan,499,32,52
jpn_Jpan,499,33,19
jpn_Jpan,499,34,13
jpn_Jpan,500,0,60
jpn_Jpan,500,1,13
jpn_Jpan,500,2,24
jpn_Jpan,500,3,61
jpn_Jpan,500,4,36
jpn_Jpan,500,5,47
jpn_Jpan,500,6,13
jpn_Jpan,500,7,24
jpn_Jpan,500,8,13
jpn_Jpan,500,9,19
jpn_Jpan,500,10,13
jpn_Jpan,500,11,19
jpn_Jpan,500,12,13
jpn_Jpan,500,13,13
jpn_Jpan,500,14,24
eng_Latn,501,0,60
eng_Latn,501,1,33
eng_Latn,501,2,33
eng_Latn,501,3,33
eng_Latn,501,4,33
eng_Latn,501,5,33
eng_Latn,501,6,33
eng_Latn,501,7,33
eng_Latn,501,8,33
jpn_Jpan,502,0,60
jpn_Jpan,502,1,13
jpn_Jpan,502,2,39
jpn_Jpan,502,3,13
jpn_Jpan,502,4,13
jpn_Jpan,502,5,19
jpn_Jpan,502,6,13
jpn_Jpan,502,7,13
jpn_Jpan,502,8,11
jpn_Jpan,502,9,24
jpn_Jpan,502,10,19
jpn_Jpan,502,11,13
jpn_Jpan,502,12,39
jpn_Jpan,502,13,13
jpn_Jpan,502,14,24
jpn_Jpan,502,15,19
jpn_Jpan,502,16,13
jpn_Jpan,502,17,13
jpn_Jpan,502,18,13
jpn_Jpan,502,19,13
jpn_Jpan,502,20,24
jpn_Jpan,502,21,19
jpn_Jpan,502,22,19
jpn_Jpan,502,23,13
jpn_Jpan,502,24,19
jpn_Jpan,502,25,34
jpn_Jpan,502,26,12
jpn_Jpan,502,27,58
jpn_Jpan,502,28,12
jpn_Jpan,502,29,61
jpn_Jpan,502,30,7
eng_Latn,503,0,60
eng_Latn,503,1,35
eng_Latn,503,2,17
jpn_Jpan,504,0,60
jpn_Jpan,504,1,19
jpn_Jpan,504,2,13
jpn_Jpan,504,3,24
jpn_Jpan,504,4,19
jpn_Jpan,504,5,13
jpn_Jpan,504,6,13
jpn_Jpan,504,7,13
jpn_Jpan,504,8,19
jpn_Jpan,504,9,13
jpn_Jpan,504,10,7
jpn_Jpan,504,11,13
jpn_Jpan,504,12,13
jpn_Jpan,504,13,13
jpn_Jpan,504,14,13
jpn_Jpan,504,15,13
jpn_Jpan,504,16,24
jpn_Jpan,504,17,24
jpn_Jpan,504,18,13
jpn_Jpan,504,19,47
jpn_Jpan,504,20,19
jpn_Jpan,504,21,39
jpn_Jpan,504,22,19
jpn_Jpan,504,23,39
jpn_Jpan,504,24,26
jpn_Jpan,504,25,47
jpn_Jpan,504,26,13
jpn_Jpan,504,27,13
jpn_Jpan,504,28,24
jpn_Jpan,504,29,52
jpn_Jpan,504,30,24
jpn_Jpan,504,31,13
jpn_Jpan,504,32,13
jpn_Jpan,504,33,24
jpn_Jpan,504,34,47
jpn_Jpan,504,35,13
jpn_Jpan,504,36,13
jpn_Jpan,504,37,13
jpn_Jpan,504,38,13
jpn_Jpan,504,39,13
jpn_Jpan,504,40,51
jpn_Jpan,505,0,60
jpn_Jpan,505,1,13
jpn_Jpan,505,2,13
jpn_Jpan,505,3,24
jpn_Jpan,505,4,47
jpn_Jpan,505,5,13
jpn_Jpan,505,6,19
jpn_Jpan,505,7,13
jpn_Jpan,505,8,13
jpn_Jpan,505,9,19
jpn_Jpan,505,10,13
jpn_Jpan,505,11,7
jpn_Jpan,505,12,19
jpn_Jpan,505,13,40
jpn_Jpan,505,14,13
jpn_Jpan,505,15,61
jpn_Jpan,505,16,19
jpn_Jpan,505,17,13
jpn_Jpan,505,18,13
jpn_Jpan,505,19,24
jpn_Jpan,505,20,13
jpn_Jpan,505,21,13
jpn_Jpan,505,22,47
jpn_Jpan,505,23,13
jpn_Jpan,505,24,19
jpn_Jpan,505,25,13
jpn_Jpan,505,26,19
jpn_Jpan,505,27,13
jpn_Jpan,505,28,19
jpn_Jpan,505,29,13
jpn_Jpan,505,30,13
jpn_Jpan,505,31,24
jpn_Jpan,505,32,13
jpn_Jpan,505,33,34
jpn_Jpan,505,34,13
jpn_Jpan,505,35,34
jpn_Jpan,506,0,60
jpn_Jpan,506,1,13
jpn_Jpan,506,2,13
jpn_Jpan,506,3,13
jpn_Jpan,506,4,12
jpn_Jpan,506,5,47
jpn_Jpan,506,6,36
jpn_Jpan,506,7,13
jpn_Jpan,506,8,13
jpn_Jpan,506,9,13
jpn_Jpan,506,10,13
jpn_Jpan,506,11,61
jpn_Jpan,506,12,13
jpn_Jpan,506,13,61
jpn_Jpan,506,14,19
jpn_Jpan,506,15,19
jpn_Jpan,506,16,13
jpn_Jpan,506,17,12
jpn_Jpan,506,18,47
jpn_Jpan,506,19,47
jpn_Jpan,506,20,47
jpn_Jpan,506,21,39
jpn_Jpan,506,22,39
jpn_Jpan,506,23,13
jpn_Jpan,506,24,13
jpn_Jpan,506,25,19
jpn_Jpan,506,26,19
jpn_Jpan,506,27,13
jpn_Jpan,506,28,13
jpn_Jpan,506,29,24
jpn_Jpan,506,30,13
jpn_Jpan,506,31,61
jpn_Jpan,506,32,19
jpn_Jpan,506,33,13
jpn_Jpan,506,34,13
jpn_Jpan,506,35,47
jpn_Jpan,506,36,47
jpn_Jpan,506,37,13
jpn_Jpan,506,38,24
jpn_Jpan,506,39,13
jpn_Jpan,506,40,34
jpn_Jpan,507,0,60
jpn_Jpan,507,1,13
jpn_Jpan,507,2,13
jpn_Jpan,507,3,61
jpn_Jpan,507,4,19
jpn_Jpan,507,5,13
jpn_Jpan,507,6,13
jpn_Jpan,507,7,24
jpn_Jpan,507,8,19
jpn_Jpan,507,9,13
jpn_Jpan,507,10,61
jpn_Jpan,507,11,19
jpn_Jpan,507,12,36
jpn_Jpan,507,13,19
jpn_Jpan,507,14,36
jpn_Jpan,507,15,19
jpn_Jpan,507,16,13
jpn_Jpan,507,17,24
jpn_Jpan,507,18,19
jpn_Jpan,507,19,36
jpn_Jpan,507,20,19
jpn_Jpan,507,21,36
jpn_Jpan,507,22,26
jpn_Jpan,507,23,36
jpn_Jpan,507,24,19
jpn_Jpan,507,25,13
jpn_Jpan,507,26,24
jpn_Jpan,507,27,19
jpn_Jpan,507,28,36
jpn_Jpan,507,29,26
jpn_Jpan,507,30,19
jpn_Jpan,507,31,36
jpn_Jpan,507,32,19
jpn_Jpan,507,33,13
jpn_Jpan,507,34,39
jpn_Jpan,507,35,24
jpn_Jpan,507,36,26
jpn_Jpan,507,37,36
jpn_Jpan,507,38,26
jpn_Jpan,507,39,19
jpn_Jpan,507,40,36
jpn_Jpan,507,41,61
jpn_Jpan,507,42,36
jpn_Jpan,507,43,36
jpn_Jpan,507,44,26
jpn_Jpan,507,45,19
jpn_Jpan,507,46,36
jpn_Jpan,507,47,24
jpn_Jpan,507,48,26
jpn_Jpan,507,49,36
jpn_Jpan,507,50,19
jpn_Jpan,507,51,36
jpn_Jpan,507,52,13
jpn_Jpan,507,53,39
jpn_Jpan,507,54,13
jpn_Jpan,507,55,24
jpn_Jpan,507,56,19
jpn_Jpan,507,57,13
jpn_Jpan,507,58,61
jpn_Jpan,507,59,13
jpn_Jpan,507,60,61
jpn_Jpan,507,61,13
jpn_Jpan,507,62,24
jpn_Jpan,507,63,19
jpn_Jpan,507,64,36
jpn_Jpan,507,65,34
jpn_Jpan,508,0,60
jpn_Jpan,508,1,13
jpn_Jpan,508,2,13
jpn_Jpan,508,3,7
jpn_Jpan,508,4,13
jpn_Jpan,508,5,36
jpn_Jpan,508,6,24
jpn_Jpan,508,7,13
jpn_Jpan,508,8,13
jpn_Jpan,508,9,13
jpn_Jpan,508,10,13
jpn_Jpan,508,11,13
jpn_Jpan,508,12,36
jpn_Jpan,508,13,13
jpn_Jpan,508,14,13
jpn_Jpan,508,15,36
jpn_Jpan,508,16,52
jpn_Jpan,508,17,36
jpn_Jpan,508,18,24
jpn_Jpan,508,19,61
jpn_Jpan,508,20,13
jpn_Jpan,508,21,34
jpn_Jpan,508,22,13
jpn_Jpan,508,23,36
jpn_Jpan,508,24,36
jpn_Jpan,509,0,60
jpn_Jpan,509,1,13
jpn_Jpan,509,2,13
jpn_Jpan,509,3,13
jpn_Jpan,509,4,12
jpn_Jpan,509,5,13
jpn_Jpan,509,6,13
jpn_Jpan,509,7,24
jpn_Jpan,509,8,47
jpn_Jpan,509,9,13
jpn_Jpan,509,10,26
jpn_Jpan,509,11,13
jpn_Jpan,509,12,47
jpn_Jpan,509,13,13
jpn_Jpan,509,14,19
jpn_Jpan,509,15,36
eng_Latn,510,0,60
eng_Latn,510,1,40
eng_Latn,510,2,14
jpn_Jpan,511,0,60
jpn_Jpan,511,1,13
jpn_Jpan,511,2,13
jpn_Jpan,511,3,19
jpn_Jpan,511,4,7
jpn_Jpan,511,5,24
jpn_Jpan,511,6,19
jpn_Jpan,511,7,36
jpn_Jpan,511,8,19
jpn_Jpan,511,9,19
jpn_Jpan,511,10,13
jpn_Jpan,511,11,13
jpn_Jpan,511,12,24
jpn_Jpan,511,13,13
jpn_Jpan,511,14,13
jpn_Jpan,511,15,13
jpn_Jpan,511,16,19
jpn_Jpan,511,17,19
jpn_Jpan,511,18,39
jpn_Jpan,511,19,13
jpn_Jpan,512,0,60
jpn_Jpan,512,1,52
jpn_Jpan,512,2,36
jpn_Jpan,512,3,19
jpn_Jpan,512,4,36
jpn_Jpan,512,5,52
jpn_Jpan,512,6,24
jpn_Jpan,512,7,24
jpn_Jpan,512,8,61
jpn_Jpan,512,9,13
jpn_Jpan,512,10,39
jpn_Jpan,512,11,13
jpn_Jpan,512,12,13
jpn_Jpan,512,13,61
jpn_Jpan,512,14,61
jpn_Jpan,512,15,13
jpn_Jpan,512,16,13
jpn_Jpan,512,17,47
eng_Latn,513,0,60
eng_Latn,513,1,47
eng_Latn,513,2,22
eng_Latn,513,3,11
jpn_Jpan,514,0,60
jpn_Jpan,514,1,36
jpn_Jpan,514,2,24
jpn_Jpan,514,3,61
jpn_Jpan,514,4,13
jpn_Jpan,514,5,24
jpn_Jpan,514,6,13
jpn_Jpan,514,7,36
jpn_Jpan,514,8,24
jpn_Jpan,514,9,24
jpn_Jpan,514,10,13
jpn_Jpan,514,11,36
jpn_Jpan,514,12,13
jpn_Jpan,514,13,13
jpn_Jpan,514,14,19
jpn_Jpan,514,15,13
jpn_Jpan,514,16,24
jpn_Jpan,514,17,19
jpn_Jpan,514,18,13
jpn_Jpan,514,19,13
jpn_Jpan,514,20,47
jpn_Jpan,514,21,13
jpn_Jpan,514,22,13
jpn_Jpan,514,23,24
jpn_Jpan,514,24,19
jpn_Jpan,514,25,13
jpn_Jpan,514,26,13
jpn_Jpan,514,27,13
jpn_Jpan,514,28,13
jpn_Jpan,514,29,54
jpn_Jpan,514,30,13
jpn_Jpan,514,31,24
jpn_Jpan,514,32,13
jpn_Jpan,514,33,13
jpn_Jpan,514,34,24
jpn_Jpan,514,35,61
jpn_Jpan,514,36,13
jpn_Jpan,514,37,34
jpn_Jpan,514,38,13
jpn_Jpan,514,39,34
jpn_Jpan,515,0,60
jpn_Jpan,515,1,24
jpn_Jpan,515,2,13
jpn_Jpan,515,3,24
jpn_Jpan,515,4,19
jpn_Jpan,515,5,13
jpn_Jpan,515,6,13
jpn_Jpan,515,7,13
jpn_Jpan,515,8,13
jpn_Jpan,515,9,24
jpn_Jpan,515,10,19
jpn_Jpan,515,11,13
jpn_Jpan,515,12,13
jpn_Jpan,515,13,13
jpn_Jpan,515,14,13
jpn_Jpan,515,15,7
jpn_Jpan,515,16,13
jpn_Jpan,515,17,24
jpn_Jpan,515,18,34
jpn_Jpan,516,0,60
jpn_Jpan,516,1,13
jpn_Jpan,516,2,19
jpn_Jpan,516,3,13
jpn_Jpan,516,4,19
jpn_Jpan,516,5,19
jpn_Jpan,516,6,13
jpn_Jpan,516,7,13
jpn_Jpan,516,8,24
jpn_Jpan,516,9,24
jpn_Jpan,516,10,19
jpn_Jpan,516,11,13
jpn_Jpan,516,12,24
jpn_Jpan,516,13,47
jpn_Jpan,516,14,19
jpn_Jpan,516,15,13
jpn_Jpan,516,16,13
jpn_Jpan,516,17,13
jpn_Jpan,516,18,13
jpn_Jpan,516,19,13
jpn_Jpan,516,20,47
jpn_Jpan,516,21,13
jpn_Jpan,516,22,61
jpn_Jpan,516,23,13
jpn_Jpan,516,24,24
jpn_Jpan,516,25,47
jpn_Jpan,516,26,13
jpn_Jpan,516,27,13
jpn_Jpan,516,28,61
jpn_Jpan,516,29,61
jpn_Jpan,516,30,19
jpn_Jpan,516,31,13
jpn_Jpan,516,32,24
jpn_Jpan,516,33,47
jpn_Jpan,516,34,13
eng_Latn,517,0,60
eng_Latn,517,1,53
eng_Latn,517,2,19
eng_Latn,517,3,39
eng_Latn,517,4,9
eng_Latn,517,5,3
eng_Latn,517,6,18
eng_Latn,518,0,60
eng_Latn,518,1,46
eng_Latn,518,2,15
eng_Latn,518,3,14
eng_Latn,518,4,23
eng_Latn,518,5,13
eng_Latn,518,6,19
eng_Latn,518,7,63
jpn_Jpan,519,0,60
jpn_Jpan,519,1,39
jpn_Jpan,519,2,13
jpn_Jpan,519,3,13
jpn_Jpan,519,4,24
jpn_Jpan,519,5,13
jpn_Jpan,519,6,13
jpn_Jpan,519,7,61
jpn_Jpan,519,8,13
jpn_Jpan,519,9,13
jpn_Jpan,519,10,13
jpn_Jpan,519,11,13
jpn_Jpan,519,12,13
jpn_Jpan,519,13,24
jpn_Jpan,519,14,24
jpn_Jpan,519,15,19
jpn_Jpan,519,16,36
jpn_Jpan,519,17,13
jpn_Jpan,519,18,24
jpn_Jpan,519,19,13
jpn_Jpan,519,20,13
jpn_Jpan,519,21,24
jpn_Jpan,519,22,13
jpn_Jpan,519,23,13
jpn_Jpan,519,24,13
jpn_Jpan,519,25,24
jpn_Jpan,519,26,19
jpn_Jpan,519,27,13
jpn_Jpan,519,28,19
jpn_Jpan,519,29,13
jpn_Jpan,519,30,13
jpn_Jpan,519,31,9
jpn_Jpan,519,32,52
jpn_Jpan,519,33,52
jpn_Jpan,519,34,52
jpn_Jpan,519,35,61
jpn_Jpan,519,36,27
jpn_Jpan,519,37,26
jpn_Jpan,519,38,13
jpn_Jpan,520,0,60
jpn_Jpan,520,1,24
jpn_Jpan,520,2,13
jpn_Jpan,520,3,24
jpn_Jpan,520,4,19
jpn_Jpan,520,5,13
jpn_Jpan,520,6,24
jpn_Jpan,520,7,13
jpn_Jpan,520,8,13
jpn_Jpan,520,9,34
eng_Latn,521,0,60
eng_Latn,521,1,56
eng_Latn,521,2,37
eng_Latn,521,3,57
eng_Latn,521,4,35
eng_Latn,521,5,57
eng_Latn,521,6,25
eng_Latn,521,7,35
eng_Latn,521,8,57
eng_Latn,521,9,49
eng_Latn,522,0,60
eng_Latn,522,1,22
eng_Latn,522,2,47
eng_Latn,522,3,40
eng_Latn,522,4,49
jpn_Jpan,523,0,60
jpn_Jpan,523,1,13
jpn_Jpan,523,2,19
jpn_Jpan,523,3,13
jpn_Jpan,523,4,19
jpn_Jpan,523,5,13
jpn_Jpan,523,6,47
jpn_Jpan,523,7,47
jpn_Jpan,523,8,39
jpn_Jpan,523,9,24
jpn_Jpan,523,10,19
jpn_Jpan,523,11,13
jpn_Jpan,523,12,34
jpn_Jpan,523,13,34
jpn_Jpan,523,14,36
jpn_Jpan,523,15,7
jpn_Jpan,523,16,34
jpn_Jpan,523,17,24
jpn_Jpan,523,18,24
jpn_Jpan,523,19,13
jpn_Jpan,523,20,24
jpn_Jpan,523,21,13
jpn_Jpan,523,22,24
jpn_Jpan,523,23,13
jpn_Jpan,523,24,19
jpn_Jpan,523,25,13
jpn_Jpan,523,26,47
jpn_Jpan,523,27,13
jpn_Jpan,523,28,1
jpn_Jpan,523,29,19
jpn_Jpan,523,30,13
jpn_Jpan,523,31,24
jpn_Jpan,523,32,47
jpn_Jpan,523,33,13
jpn_Jpan,523,34,36
jpn_Jpan,523,35,51
jpn_Jpan,524,0,60
jpn_Jpan,524,1,13
jpn_Jpan,524,2,24
jpn_Jpan,524,3,24
jpn_Jpan,524,4,47
jpn_Jpan,524,5,47
jpn_Jpan,524,6,19
jpn_Jpan,524,7,13
jpn_Jpan,524,8,19
jpn_Jpan,524,9,39
jpn_Jpan,524,10,13
jpn_Jpan,524,11,13
jpn_Jpan,524,12,13
jpn_Jpan,524,13,34
jpn_Jpan,525,0,60
jpn_Jpan,525,1,61
jpn_Jpan,525,2,13
jpn_Jpan,525,3,13
jpn_Jpan,525,4,39
jpn_Jpan,525,5,39
jpn_Jpan,525,6,36
jpn_Jpan,525,7,47
jpn_Jpan,525,8,19
jpn_Jpan,525,9,13
jpn_Jpan,525,10,13
jpn_Jpan,525,11,13
jpn_Jpan,525,12,24
jpn_Jpan,525,13,19
jpn_Jpan,525,14,13
jpn_Jpan,525,15,13
jpn_Jpan,525,16,13
jpn_Jpan,525,17,13
jpn_Jpan,525,18,19
jpn_Jpan,525,19,34
jpn_Jpan,525,20,13
jpn_Jpan,525,21,13
jpn_Jpan,525,22,13
jpn_Jpan,525,23,34
jpn_Jpan,526,0,60
jpn_Jpan,526,1,13
jpn_Jpan,526,2,39
jpn_Jpan,526,3,13
jpn_Jpan,526,4,51
jpn_Jpan,526,5,24
jpn_Jpan,526,6,61
jpn_Jpan,526,7,13
jpn_Jpan,526,8,19
jpn_Jpan,526,9,13
jpn_Jpan,526,10,13
jpn_Jpan,526,11,13
jpn_Jpan,526,12,47
jpn_Jpan,526,13,13
jpn_Jpan,526,14,13
jpn_Jpan,526,15,19
jpn_Jpan,526,16,13
jpn_Jpan,526,17,13
jpn_Jpan,526,18,34
jpn_Jpan,527,0,60
jpn_Jpan,527,1,13
jpn_Jpan,527,2,13
jpn_Jpan,527,3,24
jpn_Jpan,527,4,19
jpn_Jpan,527,5,13
jpn_Jpan,527,6,13
jpn_Jpan,527,7,34
jpn_Jpan,527,8,13
jpn_Jpan,527,9,36
jpn_Jpan,527,10,24
jpn_Jpan,527,11,24
jpn_Jpan,527,12,13
jpn_Jpan,527,13,13
jpn_Jpan,527,14,13
jpn_Jpan,527,15,47
jpn_Jpan,527,16,47
jpn_Jpan,527,17,47
jpn_Jpan,527,18,39
jpn_Jpan,527,19,39
jpn_Jpan,527,20,13
jpn_Jpan,527,21,24
jpn_Jpan,527,22,52
jpn_Jpan,527,23,13
jpn_Jpan,527,24,47
jpn_Jpan,527,25,19
jpn_Jpan,527,26,19
jpn_Jpan,527,27,19
jpn_Jpan,527,28,34
jpn_Jpan,527,29,11
jpn_Jpan,527,30,24
jpn_Jpan,528,0,60
jpn_Jpan,528,1,13
jpn_Jpan,528,2,13
jpn_Jpan,528,3,13
jpn_Jpan,528,4,13
jpn_Jpan,528,5,24
jpn_Jpan,528,6,19
jpn_Jpan,528,7,13
jpn_Jpan,528,8,13
jpn_Jpan,528,9,61
jpn_Jpan,528,10,13
jpn_Jpan,528,11,19
jpn_Jpan,528,12,13
jpn_Jpan,528,13,13
jpn_Jpan,528,14,13
jpn_Jpan,528,15,24
jpn_Jpan,528,16,13
jpn_Jpan,528,17,13
eng_Latn,529,0,60
eng_Latn,529,1,8
eng_Latn,529,2,8
eng_Latn,529,3,34
eng_Latn,529,4,42
eng_Latn,529,5,18
eng_Latn,529,6,16
jpn_Jpan,530,0,60
jpn_Jpan,530,1,24
jpn_Jpan,530,2,24
jpn_Jpan,530,3,13
jpn_Jpan,530,4,13
jpn_Jpan,530,5,24
jpn_Jpan,530,6,13
jpn_Jpan,530,7,13
jpn_Jpan,530,8,24
jpn_Jpan,530,9,19
jpn_Jpan,530,10,13
jpn_Jpan,530,11,13
jpn_Jpan,530,12,36
jpn_Jpan,530,13,40
jpn_Jpan,530,14,40
jpn_Jpan,530,15,19
jpn_Jpan,530,16,26
jpn_Jpan,530,17,7
jpn_Jpan,530,18,13
jpn_Jpan,530,19,19
jpn_Jpan,530,20,13
jpn_Jpan,530,21,24
jpn_Jpan,530,22,22
jpn_Jpan,530,23,40
jpn_Jpan,531,0,60
jpn_Jpan,531,1,13
jpn_Jpan,531,2,13
jpn_Jpan,531,3,24
jpn_Jpan,531,4,26
jpn_Jpan,531,5,47
jpn_Jpan,531,6,13
jpn_Jpan,531,7,13
jpn_Jpan,531,8,24
jpn_Jpan,531,9,24
jpn_Jpan,531,10,13
jpn_Jpan,531,11,13
jpn_Jpan,531,12,13
jpn_Jpan,531,13,13
jpn_Jpan,531,14,13
jpn_Jpan,531,15,13
jpn_Jpan,531,16,24
jpn_Jpan,531,17,47
jpn_Jpan,531,18,47
jpn_Jpan,531,19,13
jpn_Jpan,531,20,19
jpn_Jpan,531,21,39
jpn_Jpan,531,22,13
jpn_Jpan,531,23,13
jpn_Jpan,532,0,60
jpn_Jpan,532,1,24
jpn_Jpan,532,2,13
jpn_Jpan,532,3,13
jpn_Jpan,532,4,36
jpn_Jpan,532,5,13
jpn_Jpan,532,6,19
jpn_Jpan,532,7,19
jpn_Jpan,532,8,13
jpn_Jpan,532,9,13
jpn_Jpan,532,10,13
jpn_Jpan,532,11,24
jpn_Jpan,532,12,24
jpn_Jpan,532,13,19
jpn_Jpan,532,14,36
jpn_Jpan,532,15,47
jpn_Jpan,532,16,13
jpn_Jpan,532,17,19
jpn_Jpan,532,18,13
jpn_Jpan,532,19,24
jpn_Jpan,532,20,24
jpn_Jpan,532,21,24
jpn_Jpan,532,22,47
jpn_Jpan,532,23,47
jpn_Jpan,532,24,36
jpn_Jpan,532,25,61
jpn_Jpan,532,26,13
jpn_Jpan,532,27,61
jpn_Jpan,532,28,13
jpn_Jpan,532,29,19
jpn_Jpan,532,30,13
jpn_Jpan,532,31,13
jpn_Jpan,532,32,13
jpn_Jpan,533,0,60
jpn_Jpan,533,1,13
jpn_Jpan,533,2,13
jpn_Jpan,533,3,13
jpn_Jpan,533,4,12
jpn_Jpan,533,5,13
jpn_Jpan,533,6,13
jpn_Jpan,533,7,13
jpn_Jpan,533,8,61
jpn_Jpan,533,9,61
jpn_Jpan,533,10,19
jpn_Jpan,533,11,13
jpn_Jpan,533,12,13
jpn_Jpan,533,13,19
jpn_Jpan,533,14,47
jpn_Jpan,533,15,13
jpn_Jpan,533,16,13
jpn_Jpan,533,17,39
jpn_Jpan,533,18,61
jpn_Jpan,533,19,13
jpn_Jpan,533,20,13
jpn_Jpan,534,0,60
jpn_Jpan,534,1,13
jpn_Jpan,534,2,47
jpn_Jpan,534,3,24
jpn_Jpan,534,4,36
jpn_Jpan,534,5,24
jpn_Jpan,534,6,61
jpn_Jpan,534,7,19
jpn_Jpan,534,8,39
jpn_Jpan,534,9,13
jpn_Jpan,534,10,24
jpn_Jpan,534,11,13
jpn_Jpan,534,12,13
jpn_Jpan,534,13,19
jpn_Jpan,534,14,36
jpn_Jpan,534,15,24
jpn_Jpan,534,16,19
jpn_Jpan,534,17,19
jpn_Jpan,534,18,13
jpn_Jpan,534,19,47
jpn_Jpan,534,20,34
jpn_Jpan,534,21,24
jpn_Jpan,534,22,13
jpn_Jpan,534,23,39
jpn_Jpan,534,24,24
jpn_Jpan,534,25,24
jpn_Jpan,534,26,61
jpn_Jpan,534,27,19
jpn_Jpan,534,28,13
jpn_Jpan,534,29,13
jpn_Jpan,534,30,39
jpn_Jpan,534,31,47
jpn_Jpan,534,32,13
jpn_Jpan,534,33,13
jpn_Jpan,534,34,13
jpn_Jpan,534,35,19
jpn_Jpan,534,36,13
jpn_Jpan,534,37,13
jpn_Jpan,534,38,19
jpn_Jpan,534,39,13
jpn_Jpan,534,40,13
jpn_Jpan,534,41,24
jpn_Jpan,534,42,13
jpn_Jpan,534,43,19
jpn_Jpan,534,44,13
jpn_Jpan,534,45,13
jpn_Jpan,534,46,13
eng_Latn,535,0,60
eng_Latn,535,1,58
eng_Latn,535,2,52
eng_Latn,535,3,52
eng_Latn,535,4,1
eng_Latn,535,5,57
eng_Latn,535,6,31
eng_Latn,535,7,16
eng_Latn,535,8,16
eng_Latn,535,9,16
eng_Latn,536,0,60
eng_Latn,536,1,36
eng_Latn,536,2,56
eng_Latn,536,3,36
eng_Latn,536,4,36
eng_Latn,536,5,63
eng_Latn,537,0,60
eng_Latn,537,1,46
eng_Latn,537,2,56
eng_Latn,537,3,16
eng_Latn,537,4,20
eng_Latn,537,5,14
eng_Latn,537,6,47
jpn_Jpan,538,0,60
jpn_Jpan,538,1,47
jpn_Jpan,538,2,13
jpn_Jpan,538,3,47
jpn_Jpan,538,4,13
jpn_Jpan,538,5,19
jpn_Jpan,538,6,12
jpn_Jpan,538,7,13
jpn_Jpan,538,8,24
jpn_Jpan,538,9,13
jpn_Jpan,538,10,13
jpn_Jpan,538,11,24
jpn_Jpan,538,12,61
jpn_Jpan,538,13,13
jpn_Jpan,538,14,24
jpn_Jpan,538,15,47
jpn_Jpan,538,16,19
jpn_Jpan,538,17,13
jpn_Jpan,538,18,13
jpn_Jpan,538,19,13
jpn_Jpan,538,20,24
jpn_Jpan,538,21,24
jpn_Jpan,538,22,19
jpn_Jpan,538,23,13
jpn_Jpan,538,24,24
jpn_Jpan,538,25,19
jpn_Jpan,538,26,13
jpn_Jpan,538,27,13
jpn_Jpan,538,28,13
jpn_Jpan,538,29,13
jpn_Jpan,538,30,24
jpn_Jpan,538,31,52
jpn_Jpan,538,32,13
jpn_Jpan,538,33,19
jpn_Jpan,538,34,13
jpn_Jpan,538,35,24
jpn_Jpan,538,36,13
jpn_Jpan,538,37,13
jpn_Jpan,538,38,13
jpn_Jpan,538,39,13
jpn_Jpan,538,40,24
jpn_Jpan,538,41,13
jpn_Jpan,538,42,13
jpn_Jpan,538,43,13
jpn_Jpan,538,44,61
jpn_Jpan,538,45,13
jpn_Jpan,538,46,13
jpn_Jpan,538,47,34
jpn_Jpan,539,0,60
jpn_Jpan,539,1,47
jpn_Jpan,539,2,13
jpn_Jpan,539,3,13
jpn_Jpan,539,4,13
jpn_Jpan,539,5,24
jpn_Jpan,539,6,24
jpn_Jpan,539,7,52
jpn_Jpan,539,8,1
jpn_Jpan,539,9,52
jpn_Jpan,539,10,13
jpn_Jpan,539,11,13
jpn_Jpan,539,12,24
jpn_Jpan,539,13,24
jpn_Jpan,539,14,13
jpn_Jpan,539,15,13
jpn_Jpan,539,16,13
jpn_Jpan,539,17,13
jpn_Jpan,539,18,13
jpn_Jpan,539,19,13
jpn_Jpan,539,20,39
jpn_Jpan,539,21,13
jpn_Jpan,539,22,24
jpn_Jpan,539,23,47
jpn_Jpan,539,24,19
jpn_Jpan,539,25,13
jpn_Jpan,539,26,13
jpn_Jpan,539,27,24
jpn_Jpan,539,28,13
jpn_Jpan,539,29,19
jpn_Jpan,539,30,34
jpn_Jpan,539,31,34
jpn_Jpan,540,0,60
jpn_Jpan,540,1,13
jpn_Jpan,540,2,34
jpn_Jpan,540,3,13
jpn_Jpan,540,4,13
jpn_Jpan,540,5,13
jpn_Jpan,540,6,36
jpn_Jpan,540,7,7
jpn_Jpan,540,8,24
jpn_Jpan,540,9,57
jpn_Jpan,540,10,13
jpn_Jpan,540,11,13
jpn_Jpan,540,12,13
jpn_Jpan,540,13,19
jpn_Jpan,540,14,13
jpn_Jpan,540,15,13
jpn_Jpan,540,16,24
jpn_Jpan,540,17,24
jpn_Jpan,540,18,19
jpn_Jpan,540,19,19
jpn_Jpan,540,20,13
jpn_Jpan,540,21,13
jpn_Jpan,540,22,13
jpn_Jpan,540,23,1
jpn_Jpan,540,24,19
jpn_Jpan,540,25,13
jpn_Jpan,540,26,13
jpn_Jpan,540,27,34
eng_Latn,541,0,60
eng_Latn,541,1,50
eng_Latn,541,2,56
eng_Latn,541,3,16
eng_Latn,541,4,62
eng_Latn,541,5,62
eng_Latn,541,6,52
jpn_Jpan,542,0,60
jpn_Jpan,542,1,13
jpn_Jpan,542,2,36
jpn_Jpan,542,3,24
jpn_Jpan,542,4,24
jpn_Jpan,542,5,19
jpn_Jpan,542,6,13
jpn_Jpan,542,7,26
jpn_Jpan,542,8,47
jpn_Jpan,542,9,13
jpn_Jpan,542,10,13
jpn_Jpan,542,11,13
jpn_Jpan,542,12,24
jpn_Jpan,542,13,13
jpn_Jpan,542,14,13
jpn_Jpan,542,15,34
jpn_Jpan,542,16,19
jpn_Jpan,542,17,51
jpn_Jpan,542,18,13
jpn_Jpan,543,0,60
jpn_Jpan,543,1,13
jpn_Jpan,543,2,19
jpn_Jpan,543,3,13
jpn_Jpan,543,4,13
jpn_Jpan,543,5,19
jpn_Jpan,543,6,36
jpn_Jpan,543,7,24
jpn_Jpan,543,8,13
jpn_Jpan,543,9,13
jpn_Jpan,543,10,13
jpn_Jpan,543,11,24
jpn_Jpan,543,12,19
jpn_Jpan,543,13,13
jpn_Jpan,543,14,13
jpn_Jpan,543,15,13
jpn_Jpan,543,16,24
jpn_Jpan,543,17,13
jpn_Jpan,543,18,13
jpn_Jpan,543,19,47
jpn_Jpan,543,20,47
jpn_Jpan,543,21,13
jpn_Jpan,543,22,13
jpn_Jpan,543,23,24
jpn_Jpan,543,24,13
jpn_Jpan,543,25,13
jpn_Jpan,543,26,13
jpn_Jpan,543,27,47
jpn_Jpan,543,28,47
jpn_Jpan,543,29,47
jpn_Jpan,543,30,39
jpn_Jpan,543,31,39
jpn_Jpan,543,32,13
jpn_Jpan,543,33,24
jpn_Jpan,543,34,13
jpn_Jpan,543,35,1
jpn_Jpan,543,36,13
jpn_Jpan,543,37,13
jpn_Jpan,543,38,24
jpn_Jpan,543,39,13
jpn_Jpan,543,40,13
jpn_Jpan,543,41,13
jpn_Jpan,543,42,34
jpn_Jpan,544,0,60
jpn_Jpan,544,1,13
jpn_Jpan,544,2,13
jpn_Jpan,544,3,24
jpn_Jpan,544,4,13
jpn_Jpan,544,5,13
jpn_Jpan,544,6,13
jpn_Jpan,544,7,13
jpn_Jpan,544,8,51
eng_Latn,545,0,60
eng_Latn,545,1,15
eng_Latn,545,2,63
eng_Latn,545,3,30
eng_Latn,545,4,63
eng_Latn,545,5,63
eng_Latn,545,6,14
eng_Latn,545,7,14
eng_Latn,545,8,47
jpn_Jpan,546,0,60
jpn_Jpan,546,1,13
jpn_Jpan,546,2,13
jpn_Jpan,546,3,39
jpn_Jpan,546,4,13
jpn_Jpan,546,5,19
jpn_Jpan,546,6,13
jpn_Jpan,546,7,24
jpn_Jpan,546,8,61
jpn_Jpan,546,9,61
jpn_Jpan,546,10,19
jpn_Jpan,546,11,39
jpn_Jpan,546,12,13
jpn_Jpan,546,13,13
jpn_Jpan,546,14,47
jpn_Jpan,546,15,19
jpn_Jpan,546,16,24
jpn_Jpan,546,17,47
jpn_Jpan,546,18,39
jpn_Jpan,546,19,47
jpn_Jpan,546,20,34
jpn_Jpan,546,21,13
jpn_Jpan,546,22,13
jpn_Jpan,546,23,13
jpn_Jpan,546,24,61
jpn_Jpan,546,25,13
jpn_Jpan,546,26,13
jpn_Jpan,546,27,34
eng_Latn,547,0,60
eng_Latn,547,1,20
eng_Latn,547,2,37
eng_Latn,547,3,57
eng_Latn,547,4,52
eng_Latn,547,5,52
eng_Latn,547,6,1
eng_Latn,547,7,52
eng_Latn,547,8,52
eng_Latn,547,9,11
jpn_Jpan,548,0,60
jpn_Jpan,548,1,13
jpn_Jpan,548,2,13
jpn_Jpan,548,3,13
jpn_Jpan,548,4,13
jpn_Jpan,548,5,13
jpn_Jpan,548,6,24
jpn_Jpan,548,7,47
jpn_Jpan,548,8,13
jpn_Jpan,548,9,13
jpn_Jpan,548,10,24
jpn_Jpan,548,11,13
jpn_Jpan,548,12,13
jpn_Jpan,548,13,13
jpn_Jpan,548,14,19
jpn_Jpan,548,15,13
jpn_Jpan,548,16,13
jpn_Jpan,548,17,19
jpn_Jpan,548,18,13
jpn_Jpan,548,19,13
jpn_Jpan,548,20,34
eng_Latn,549,0,60
eng_Latn,549,1,19
eng_Latn,549,2,49
eng_Latn,549,3,53
eng_Latn,549,4,53
eng_Latn,549,5,1
eng_Latn,549,6,1
eng_Latn,549,7,52
eng_Latn,550,0,60
eng_Latn,550,1,26
eng_Latn,550,2,30
eng_Latn,550,3,46
eng_Latn,550,4,15
jpn_Jpan,551,0,60
jpn_Jpan,551,1,19
jpn_Jpan,551,2,36
jpn_Jpan,551,3,1
jpn_Jpan,551,4,36
jpn_Jpan,551,5,13
jpn_Jpan,551,6,24
jpn_Jpan,551,7,13
jpn_Jpan,551,8,13
jpn_Jpan,551,9,13
jpn_Jpan,551,10,47
jpn_Jpan,551,11,19
jpn_Jpan,551,12,19
jpn_Jpan,551,13,36
jpn_Jpan,551,14,47
jpn_Jpan,551,15,13
jpn_Jpan,551,16,13
jpn_Jpan,551,17,13
jpn_Jpan,551,18,13
jpn_Jpan,551,19,24
jpn_Jpan,551,20,9
jpn_Jpan,551,21,58
jpn_Jpan,551,22,12
jpn_Jpan,551,23,22
jpn_Jpan,551,24,40
jpn_Jpan,552,0,60
jpn_Jpan,552,1,13
jpn_Jpan,552,2,13
jpn_Jpan,552,3,13
jpn_Jpan,552,4,24
jpn_Jpan,552,5,47
jpn_Jpan,552,6,13
jpn_Jpan,552,7,13
jpn_Jpan,552,8,13
jpn_Jpan,552,9,47
jpn_Jpan,552,10,19
jpn_Jpan,552,11,13
jpn_Jpan,552,12,13
jpn_Jpan,552,13,13
jpn_Jpan,552,14,13
jpn_Jpan,552,15,13
jpn_Jpan,552,16,19
jpn_Jpan,552,17,36
jpn_Jpan,552,18,47
jpn_Jpan,552,19,13
jpn_Jpan,553,0,60
jpn_Jpan,553,1,24
jpn_Jpan,553,2,52
jpn_Jpan,553,3,37
jpn_Jpan,553,4,58
jpn_Jpan,553,5,52
jpn_Jpan,553,6,13
jpn_Jpan,553,7,52
jpn_Jpan,553,8,13
jpn_Jpan,553,9,52
jpn_Jpan,553,10,9
jpn_Jpan,553,11,19
jpn_Jpan,553,12,13
jpn_Jpan,553,13,24
jpn_Jpan,553,14,13
jpn_Jpan,553,15,13
jpn_Jpan,553,16,13
jpn_Jpan,553,17,13
jpn_Jpan,553,18,24
jpn_Jpan,553,19,47
jpn_Jpan,553,20,13
jpn_Jpan,553,21,13
jpn_Jpan,553,22,13
jpn_Jpan,553,23,34
jpn_Jpan,554,0,60
jpn_Jpan,554,1,13
jpn_Jpan,554,2,47
jpn_Jpan,554,3,13
jpn_Jpan,554,4,47
jpn_Jpan,554,5,13
jpn_Jpan,554,6,39
jpn_Jpan,554,7,47
jpn_Jpan,554,8,47
jpn_Jpan,554,9,13
jpn_Jpan,554,10,13
jpn_Jpan,554,11,47
jpn_Jpan,554,12,47
jpn_Jpan,554,13,13
jpn_Jpan,554,14,13
jpn_Jpan,554,15,19
jpn_Jpan,554,16,13
jpn_Jpan,554,17,61
jpn_Jpan,554,18,13
jpn_Jpan,555,0,60
jpn_Jpan,555,1,13
jpn_Jpan,555,2,39
jpn_Jpan,555,3,39
jpn_Jpan,555,4,34
jpn_Jpan,555,5,24
jpn_Jpan,555,6,13
jpn_Jpan,555,7,13
jpn_Jpan,555,8,36
jpn_Jpan,555,9,61
jpn_Jpan,555,10,47
jpn_Jpan,555,11,39
jpn_Jpan,555,12,13
jpn_Jpan,555,13,24
jpn_Jpan,555,14,26
jpn_Jpan,555,15,19
jpn_Jpan,555,16,13
jpn_Jpan,555,17,19
jpn_Jpan,555,18,13
jpn_Jpan,555,19,24
jpn_Jpan,555,20,13
jpn_Jpan,555,21,19
jpn_Jpan,555,22,13
jpn_Jpan,555,23,34
jpn_Jpan,555,24,13
jpn_Jpan,555,25,39
jpn_Jpan,555,26,19
jpn_Jpan,555,27,39
jpn_Jpan,555,28,13
jpn_Jpan,555,29,34
jpn_Jpan,556,0,60
jpn_Jpan,556,1,13
jpn_Jpan,556,2,47
jpn_Jpan,556,3,39
jpn_Jpan,556,4,61
jpn_Jpan,556,5,8
jpn_Jpan,556,6,26
jpn_Jpan,556,7,19
jpn_Jpan,556,8,39
jpn_Jpan,556,9,24
jpn_Jpan,556,10,61
jpn_Jpan,556,11,13
jpn_Jpan,556,12,61
jpn_Jpan,556,13,13
jpn_Jpan,556,14,13
jpn_Jpan,556,15,13
jpn_Jpan,556,16,13
jpn_Jpan,556,17,13
jpn_Jpan,556,18,13
jpn_Jpan,556,19,47
jpn_Jpan,556,20,19
jpn_Jpan,556,21,39
jpn_Jpan,556,22,13
jpn_Jpan,556,23,13
jpn_Jpan,556,24,24
jpn_Jpan,556,25,19
jpn_Jpan,556,26,13
jpn_Jpan,556,27,34
jpn_Jpan,556,28,24
jpn_Jpan,556,29,24
jpn_Jpan,556,30,13
jpn_Jpan,556,31,13
jpn_Jpan,556,32,47
jpn_Jpan,556,33,47
jpn_Jpan,556,34,13
jpn_Jpan,556,35,13
jpn_Jpan,556,36,13
jpn_Jpan,556,37,13
jpn_Jpan,556,38,13
jpn_Jpan,556,39,13
jpn_Jpan,556,40,51
eng_Latn,557,0,60
eng_Latn,557,1,9
eng_Latn,557,2,19
eng_Latn,557,3,22
eng_Latn,557,4,22
jpn_Jpan,558,0,60
jpn_Jpan,558,1,13
jpn_Jpan,558,2,19
jpn_Jpan,558,3,13
jpn_Jpan,558,4,19
jpn_Jpan,558,5,13
jpn_Jpan,558,6,61
jpn_Jpan,558,7,13
jpn_Jpan,558,8,24
jpn_Jpan,558,9,52
jpn_Jpan,558,10,13
jpn_Jpan,558,11,24
jpn_Jpan,558,12,52
jpn_Jpan,558,13,13
jpn_Jpan,558,14,24
jpn_Jpan,558,15,24
jpn_Jpan,558,16,13
jpn_Jpan,558,17,19
jpn_Jpan,558,18,13
jpn_Jpan,558,19,39
jpn_Jpan,558,20,39
jpn_Jpan,558,21,13
jpn_Jpan,558,22,24
jpn_Jpan,558,23,13
jpn_Jpan,558,24,19
jpn_Jpan,558,25,24
jpn_Jpan,558,26,7
jpn_Jpan,558,27,19
jpn_Jpan,558,28,13
jpn_Jpan,559,0,60
jpn_Jpan,559,1,13
jpn_Jpan,559,2,13
jpn_Jpan,559,3,24
jpn_Jpan,559,4,52
jpn_Jpan,559,5,52
jpn_Jpan,559,6,19
jpn_Jpan,559,7,34
jpn_Jpan,559,8,24
jpn_Jpan,559,9,19
jpn_Jpan,559,10,13
jpn_Jpan,559,11,47
jpn_Jpan,559,12,7
jpn_Jpan,559,13,34
eng_Latn,560,0,60
eng_Latn,560,1,50
eng_Latn,560,2,16
jpn_Jpan,561,0,60
jpn_Jpan,561,1,13
jpn_Jpan,561,2,52
jpn_Jpan,561,3,19
jpn_Jpan,561,4,36
jpn_Jpan,561,5,19
jpn_Jpan,561,6,36
jpn_Jpan,561,7,13
jpn_Jpan,561,8,36
jpn_Jpan,561,9,24
jpn_Jpan,561,10,13
jpn_Jpan,561,11,19
jpn_Jpan,561,12,36
jpn_Jpan,561,13,24
jpn_Jpan,561,14,24
jpn_Jpan,561,15,19
jpn_Jpan,561,16,13
jpn_Jpan,561,17,13
jpn_Jpan,561,18,19
jpn_Jpan,561,19,13
jpn_Jpan,561,20,24
jpn_Jpan,561,21,13
jpn_Jpan,561,22,24
jpn_Jpan,561,23,19
jpn_Jpan,561,24,13
jpn_Jpan,561,25,36
jpn_Jpan,561,26,13
jpn_Jpan,561,27,13
jpn_Jpan,561,28,34
jpn_Jpan,562,0,60
jpn_Jpan,562,1,40
jpn_Jpan,562,2,24
jpn_Jpan,562,3,22
jpn_Jpan,562,4,36
jpn_Jpan,562,5,24
jpn_Jpan,562,6,13
jpn_Jpan,562,7,19
jpn_Jpan,562,8,13
jpn_Jpan,562,9,13
jpn_Jpan,562,10,13
jpn_Jpan,562,11,24
jpn_Jpan,562,12,13
jpn_Jpan,562,13,13
jpn_Jpan,562,14,13
jpn_Jpan,562,15,13
jpn_Jpan,562,16,24
jpn_Jpan,562,17,26
jpn_Jpan,562,18,13
jpn_Jpan,562,19,1
jpn_Jpan,562,20,13
jpn_Jpan,562,21,19
jpn_Jpan,562,22,13
jpn_Jpan,562,23,24
jpn_Jpan,562,24,13
jpn_Jpan,562,25,13
jpn_Jpan,562,26,13
jpn_Jpan,562,27,24
jpn_Jpan,562,28,61
jpn_Jpan,562,29,52
jpn_Jpan,562,30,19
jpn_Jpan,562,31,13
jpn_Jpan,562,32,19
jpn_Jpan,562,33,13
jpn_Jpan,562,34,24
jpn_Jpan,562,35,13
jpn_Jpan,562,36,19
jpn_Jpan,562,37,13
jpn_Jpan,562,38,24
jpn_Jpan,562,39,19
jpn_Jpan,562,40,13
jpn_Jpan,562,41,13
jpn_Jpan,562,42,13
jpn_Jpan,562,43,34
eng_Latn,563,0,60
eng_Latn,563,1,27
eng_Latn,563,2,27
eng_Latn,563,3,5
eng_Latn,563,4,27
eng_Latn,563,5,26
eng_Latn,563,6,26
eng_Latn,564,0,60
eng_Latn,564,1,9
eng_Latn,564,2,22
eng_Latn,564,3,35
eng_Latn,564,4,15
eng_Latn,564,5,33
eng_Latn,564,6,33
eng_Latn,564,7,57
jpn_Jpan,565,0,60
jpn_Jpan,565,1,40
jpn_Jpan,565,2,8
jpn_Jpan,565,3,12
jpn_Jpan,565,4,58
jpn_Jpan,565,5,12
jpn_Jpan,565,6,40
jpn_Jpan,565,7,47
jpn_Jpan,565,8,39
jpn_Jpan,566,0,60
jpn_Jpan,566,1,52
jpn_Jpan,566,2,47
jpn_Jpan,566,3,19
jpn_Jpan,566,4,39
jpn_Jpan,566,5,24
jpn_Jpan,566,6,47
jpn_Jpan,566,7,13
jpn_Jpan,566,8,52
jpn_Jpan,566,9,19
jpn_Jpan,566,10,7
jpn_Jpan,566,11,36
jpn_Jpan,566,12,24
jpn_Jpan,566,13,13
jpn_Jpan,566,14,13
jpn_Jpan,566,15,24
jpn_Jpan,566,16,13
jpn_Jpan,566,17,24
jpn_Jpan,566,18,24
jpn_Jpan,566,19,52
eng_Latn,567,0,60
eng_Latn,567,1,52
eng_Latn,567,2,18
eng_Latn,567,3,16
eng_Latn,567,4,18
eng_Latn,567,5,16
eng_Latn,567,6,34
eng_Latn,567,7,56
eng_Latn,567,8,33
eng_Latn,567,9,26
eng_Latn,567,10,40
eng_Latn,567,11,13
eng_Latn,568,0,60
eng_Latn,568,1,9
eng_Latn,568,2,56
eng_Latn,568,3,35
eng_Latn,568,4,35
eng_Latn,568,5,57
eng_Latn,568,6,23
eng_Latn,568,7,46
jpn_Jpan,569,0,60
jpn_Jpan,569,1,13
jpn_Jpan,569,2,34
jpn_Jpan,569,3,34
jpn_Jpan,569,4,24
jpn_Jpan,569,5,24
jpn_Jpan,569,6,29
jpn_Jpan,569,7,34
jpn_Jpan,569,8,36
jpn_Jpan,569,9,13
jpn_Jpan,569,10,34
jpn_Jpan,569,11,24
jpn_Jpan,569,12,13
jpn_Jpan,569,13,34
jpn_Jpan,569,14,13
jpn_Jpan,569,15,13
jpn_Jpan,569,16,13
jpn_Jpan,569,17,34
jpn_Jpan,569,18,34
jpn_Jpan,569,19,36
jpn_Jpan,569,20,36
jpn_Jpan,569,21,13
jpn_Jpan,569,22,13
jpn_Jpan,569,23,34
jpn_Jpan,569,24,13
jpn_Jpan,569,25,19
jpn_Jpan,569,26,13
jpn_Jpan,569,27,34
jpn_Jpan,569,28,13
jpn_Jpan,569,29,13
jpn_Jpan,569,30,34
jpn_Jpan,570,0,60
jpn_Jpan,570,1,36
jpn_Jpan,570,2,36
jpn_Jpan,570,3,13
jpn_Jpan,570,4,19
jpn_Jpan,570,5,13
jpn_Jpan,570,6,13
jpn_Jpan,570,7,19
jpn_Jpan,570,8,13
jpn_Jpan,570,9,13
jpn_Jpan,570,10,19
jpn_Jpan,570,11,13
jpn_Jpan,570,12,13
jpn_Jpan,570,13,13
jpn_Jpan,570,14,52
jpn_Jpan,570,15,1
jpn_Jpan,570,16,52
jpn_Jpan,570,17,13
jpn_Jpan,570,18,13
jpn_Jpan,570,19,47
jpn_Jpan,570,20,34
jpn_Jpan,570,21,24
jpn_Jpan,570,22,13
jpn_Jpan,570,23,13
jpn_Jpan,570,24,13
jpn_Jpan,570,25,13
jpn_Jpan,570,26,13
jpn_Jpan,570,27,19
jpn_Jpan,570,28,13
jpn_Jpan,570,29,13
jpn_Jpan,570,30,13
jpn_Jpan,570,31,24
jpn_Jpan,570,32,19
jpn_Jpan,570,33,13
jpn_Jpan,570,34,34
jpn_Jpan,570,35,9
jpn_Jpan,570,36,13
jpn_Jpan,570,37,13
jpn_Jpan,570,38,39
jpn_Jpan,570,39,13
jpn_Jpan,570,40,47
jpn_Jpan,570,41,13
jpn_Jpan,571,0,60
jpn_Jpan,571,1,62
jpn_Jpan,571,2,24
jpn_Jpan,571,3,13
jpn_Jpan,571,4,13
jpn_Jpan,571,5,13
jpn_Jpan,571,6,39
jpn_Jpan,571,7,47
jpn_Jpan,571,8,13
jpn_Jpan,571,9,34
jpn_Jpan,572,0,60
jpn_Jpan,572,1,52
jpn_Jpan,572,2,13
jpn_Jpan,572,3,24
jpn_Jpan,572,4,13
jpn_Jpan,572,5,13
jpn_Jpan,572,6,24
jpn_Jpan,572,7,7
jpn_Jpan,572,8,36
jpn_Jpan,572,9,24
jpn_Jpan,572,10,52
jpn_Jpan,572,11,13
jpn_Jpan,572,12,24
jpn_Jpan,572,13,13
jpn_Jpan,572,14,13
jpn_Jpan,572,15,19
jpn_Jpan,572,16,13
jpn_Jpan,572,17,24
jpn_Jpan,572,18,47
jpn_Jpan,572,19,13
jpn_Jpan,572,20,24
jpn_Jpan,572,21,24
jpn_Jpan,572,22,13
jpn_Jpan,572,23,13
jpn_Jpan,572,24,34
jpn_Jpan,572,25,24
jpn_Jpan,572,26,13
jpn_Jpan,572,27,13
jpn_Jpan,572,28,13
jpn_Jpan,572,29,13
jpn_Jpan,572,30,34
jpn_Jpan,573,0,60
jpn_Jpan,573,1,1
jpn_Jpan,573,2,24
jpn_Jpan,573,3,13
jpn_Jpan,573,4,19
jpn_Jpan,573,5,13
jpn_Jpan,573,6,47
jpn_Jpan,573,7,13
jpn_Jpan,573,8,39
jpn_Jpan,573,9,13
jpn_Jpan,573,10,24
jpn_Jpan,573,11,13
jpn_Jpan,573,12,47
jpn_Jpan,573,13,13
jpn_Jpan,573,14,24
jpn_Jpan,573,15,13
jpn_Jpan,573,16,13
jpn_Jpan,573,17,34
jpn_Jpan,573,18,24
jpn_Jpan,573,19,47
jpn_Jpan,573,20,19
jpn_Jpan,573,21,13
jpn_Jpan,573,22,19
jpn_Jpan,573,23,13
jpn_Jpan,573,24,19
jpn_Jpan,573,25,24
jpn_Jpan,573,26,36
jpn_Jpan,573,27,61
jpn_Jpan,573,28,13
jpn_Jpan,573,29,19
jpn_Jpan,573,30,13
jpn_Jpan,573,31,24
jpn_Jpan,573,32,61
jpn_Jpan,573,33,13
jpn_Jpan,573,34,19
jpn_Jpan,573,35,13
jpn_Jpan,573,36,13
jpn_Jpan,573,37,13
jpn_Jpan,573,38,1
jpn_Jpan,573,39,13
jpn_Jpan,573,40,13
jpn_Jpan,573,41,12
jpn_Jpan,573,42,13
jpn_Jpan,573,43,13
jpn_Jpan,573,44,13
jpn_Jpan,573,45,13
jpn_Jpan,573,46,13
jpn_Jpan,573,47,47
jpn_Jpan,573,48,19
jpn_Jpan,573,49,39
jpn_Jpan,573,50,47
jpn_Jpan,573,51,13
jpn_Jpan,573,52,13
jpn_Jpan,573,53,13
jpn_Jpan,574,0,60
jpn_Jpan,574,1,13
jpn_Jpan,574,2,24
jpn_Jpan,574,3,19
jpn_Jpan,574,4,13
jpn_Jpan,574,5,19
jpn_Jpan,574,6,24
jpn_Jpan,574,7,13
jpn_Jpan,574,8,13
jpn_Jpan,574,9,47
jpn_Jpan,574,10,13
jpn_Jpan,574,11,13
jpn_Jpan,574,12,47
jpn_Jpan,574,13,19
jpn_Jpan,574,14,13
jpn_Jpan,574,15,47
jpn_Jpan,574,16,13
jpn_Jpan,574,17,24
jpn_Jpan,574,18,13
jpn_Jpan,574,19,13
jpn_Jpan,574,20,51
jpn_Jpan,574,21,51
jpn_Jpan,574,22,51
jpn_Jpan,575,0,60
jpn_Jpan,575,1,47
jpn_Jpan,575,2,39
jpn_Jpan,575,3,47
jpn_Jpan,575,4,19
jpn_Jpan,575,5,61
jpn_Jpan,575,6,61
jpn_Jpan,575,7,13
jpn_Jpan,575,8,13
jpn_Jpan,575,9,24
jpn_Jpan,575,10,13
jpn_Jpan,575,11,13
jpn_Jpan,575,12,13
jpn_Jpan,575,13,13
jpn_Jpan,575,14,13
jpn_Jpan,575,15,36
jpn_Jpan,575,16,19
jpn_Jpan,575,17,13
jpn_Jpan,575,18,13
jpn_Jpan,575,19,34
jpn_Jpan,575,20,19
jpn_Jpan,575,21,13
jpn_Jpan,575,22,24
jpn_Jpan,575,23,19
jpn_Jpan,575,24,13
jpn_Jpan,575,25,13
jpn_Jpan,575,26,24
jpn_Jpan,575,27,13
jpn_Jpan,575,28,19
jpn_Jpan,575,29,36
jpn_Jpan,575,30,1
jpn_Jpan,576,0,60
jpn_Jpan,576,1,13
jpn_Jpan,576,2,47
jpn_Jpan,576,3,13
jpn_Jpan,576,4,19
jpn_Jpan,576,5,13
jpn_Jpan,576,6,24
jpn_Jpan,576,7,13
jpn_Jpan,576,8,13
jpn_Jpan,576,9,13
jpn_Jpan,576,10,13
jpn_Jpan,576,11,19
jpn_Jpan,576,12,13
jpn_Jpan,576,13,13
jpn_Jpan,576,14,13
jpn_Jpan,576,15,19
jpn_Jpan,576,16,13
jpn_Jpan,576,17,13
jpn_Jpan,576,18,13
jpn_Jpan,576,19,1
jpn_Jpan,576,20,19
jpn_Jpan,576,21,13
jpn_Jpan,576,22,13
jpn_Jpan,576,23,24
jpn_Jpan,576,24,13
jpn_Jpan,576,25,13
jpn_Jpan,576,26,11
jpn_Jpan,576,27,47
jpn_Jpan,576,28,13
jpn_Jpan,576,29,13
jpn_Jpan,576,30,34
jpn_Jpan,576,31,11
jpn_Jpan,576,32,58
jpn_Jpan,576,33,12
jpn_Jpan,576,34,40
jpn_Jpan,577,0,60
jpn_Jpan,577,1,24
jpn_Jpan,577,2,13
jpn_Jpan,577,3,36
jpn_Jpan,577,4,11
jpn_Jpan,577,5,52
jpn_Jpan,577,6,1
jpn_Jpan,577,7,12
jpn_Jpan,577,8,47
jpn_Jpan,577,9,19
jpn_Jpan,577,10,19
jpn_Jpan,577,11,39
jpn_Jpan,577,12,13
jpn_Jpan,577,13,22
jpn_Jpan,577,14,11
jpn_Jpan,577,15,47
jpn_Jpan,577,16,1
jpn_Jpan,577,17,24
jpn_Jpan,577,18,13
jpn_Jpan,577,19,47
jpn_Jpan,577,20,13
jpn_Jpan,577,21,24
jpn_Jpan,577,22,13
jpn_Jpan,577,23,19
jpn_Jpan,577,24,13
jpn_Jpan,577,25,13
jpn_Jpan,577,26,12
jpn_Jpan,577,27,47
jpn_Jpan,577,28,47
jpn_Jpan,577,29,13
jpn_Jpan,577,30,13
jpn_Jpan,577,31,13
jpn_Jpan,577,32,13
jpn_Jpan,577,33,24
jpn_Jpan,577,34,47
jpn_Jpan,577,35,13
jpn_Jpan,577,36,47
jpn_Jpan,577,37,19
jpn_Jpan,577,38,13
jpn_Jpan,577,39,61
jpn_Jpan,577,40,19
jpn_Jpan,577,41,13
jpn_Jpan,578,0,60
jpn_Jpan,578,1,13
jpn_Jpan,578,2,13
jpn_Jpan,578,3,24
jpn_Jpan,578,4,52
jpn_Jpan,578,5,52
jpn_Jpan,578,6,19
jpn_Jpan,578,7,34
jpn_Jpan,578,8,11
jpn_Jpan,578,9,19
jpn_Jpan,578,10,13
jpn_Jpan,578,11,47
jpn_Jpan,578,12,7
jpn_Jpan,578,13,11
jpn_Jpan,578,14,13
jpn_Jpan,578,15,13
jpn_Jpan,578,16,19
jpn_Jpan,578,17,34
jpn_Jpan,578,18,47
jpn_Jpan,578,19,13
jpn_Jpan,578,20,12
jpn_Jpan,578,21,13
jpn_Jpan,578,22,52
jpn_Jpan,578,23,19
jpn_Jpan,578,24,13
jpn_Jpan,578,25,19
jpn_Jpan,578,26,7
jpn_Jpan,578,27,13
jpn_Jpan,578,28,36
jpn_Jpan,578,29,34
eng_Latn,579,0,60
eng_Latn,579,1,56
eng_Latn,579,2,51
eng_Latn,579,3,46
eng_Latn,579,4,51
eng_Latn,579,5,54
eng_Latn,579,6,2
eng_Latn,579,7,49
eng_Latn,579,8,19
eng_Latn,579,9,47
eng_Latn,579,10,21
eng_Latn,580,0,60
eng_Latn,580,1,48
eng_Latn,580,2,56
eng_Latn,580,3,63
eng_Latn,580,4,58
eng_Latn,580,5,58
eng_Latn,580,6,58
eng_Latn,580,7,6
jpn_Jpan,581,0,60
jpn_Jpan,581,1,13
jpn_Jpan,581,2,13
jpn_Jpan,581,3,13
jpn_Jpan,581,4,13
jpn_Jpan,581,5,13
jpn_Jpan,581,6,13
jpn_Jpan,581,7,13
jpn_Jpan,581,8,19
jpn_Jpan,581,9,13
jpn_Jpan,581,10,13
jpn_Jpan,581,11,13
jpn_Jpan,581,12,34
jpn_Jpan,581,13,24
jpn_Jpan,581,14,24
jpn_Jpan,581,15,13
jpn_Jpan,581,16,47
jpn_Jpan,581,17,36
jpn_Jpan,581,18,24
jpn_Jpan,581,19,47
jpn_Jpan,581,20,13
jpn_Jpan,581,21,34
jpn_Jpan,581,22,24
jpn_Jpan,581,23,13
jpn_Jpan,581,24,13
jpn_Jpan,581,25,24
jpn_Jpan,581,26,34
jpn_Jpan,581,27,13
jpn_Jpan,581,28,34
jpn_Jpan,581,29,13
jpn_Jpan,581,30,19
jpn_Jpan,581,31,13
jpn_Jpan,581,32,13
jpn_Jpan,581,33,13
jpn_Jpan,581,34,13
jpn_Jpan,581,35,13
jpn_Jpan,581,36,34
jpn_Jpan,582,0,60
jpn_Jpan,582,1,19
jpn_Jpan,582,2,36
jpn_Jpan,582,3,19
jpn_Jpan,582,4,13
jpn_Jpan,582,5,19
jpn_Jpan,582,6,36
jpn_Jpan,582,7,26
jpn_Jpan,582,8,39
jpn_Jpan,582,9,36
jpn_Jpan,582,10,13
jpn_Jpan,582,11,13
jpn_Jpan,582,12,47
jpn_Jpan,582,13,13
jpn_Jpan,582,14,13
jpn_Jpan,582,15,13
jpn_Jpan,582,16,61
jpn_Jpan,582,17,19
jpn_Jpan,582,18,13
jpn_Jpan,582,19,7
jpn_Jpan,582,20,24
jpn_Jpan,582,21,24
jpn_Jpan,582,22,13
jpn_Jpan,582,23,13
jpn_Jpan,582,24,19
jpn_Jpan,582,25,13
jpn_Jpan,582,26,13
jpn_Jpan,582,27,24
jpn_Jpan,582,28,13
jpn_Jpan,582,29,13
jpn_Jpan,582,30,34
jpn_Jpan,582,31,34
jpn_Jpan,582,32,51
jpn_Jpan,583,0,60
jpn_Jpan,583,1,13
jpn_Jpan,583,2,13
jpn_Jpan,583,3,39
jpn_Jpan,583,4,39
jpn_Jpan,583,5,13
jpn_Jpan,583,6,13
jpn_Jpan,583,7,13
jpn_Jpan,583,8,13
jpn_Jpan,583,9,24
jpn_Jpan,583,10,47
jpn_Jpan,583,11,13
jpn_Jpan,583,12,13
jpn_Jpan,583,13,13
jpn_Jpan,583,14,34
jpn_Jpan,584,0,60
jpn_Jpan,584,1,47
jpn_Jpan,584,2,13
jpn_Jpan,584,3,13
jpn_Jpan,584,4,13
jpn_Jpan,584,5,36
jpn_Jpan,584,6,13
jpn_Jpan,584,7,13
jpn_Jpan,584,8,47
jpn_Jpan,584,9,36
jpn_Jpan,584,10,24
jpn_Jpan,584,11,61
jpn_Jpan,584,12,7
jpn_Jpan,584,13,13
jpn_Jpan,584,14,24
jpn_Jpan,584,15,24
jpn_Jpan,584,16,47
jpn_Jpan,584,17,13
jpn_Jpan,584,18,19
jpn_Jpan,584,19,36
jpn_Jpan,584,20,13
jpn_Jpan,584,21,13
jpn_Jpan,584,22,19
jpn_Jpan,584,23,19
jpn_Jpan,584,24,13
jpn_Jpan,584,25,19
jpn_Jpan,584,26,36
jpn_Jpan,585,0,60
jpn_Jpan,585,1,13
jpn_Jpan,585,2,1
jpn_Jpan,585,3,13
jpn_Jpan,585,4,36
jpn_Jpan,585,5,13
jpn_Jpan,585,6,19
jpn_Jpan,585,7,13
jpn_Jpan,585,8,13
jpn_Jpan,585,9,13
jpn_Jpan,585,10,13
jpn_Jpan,585,11,13
jpn_Jpan,585,12,13
jpn_Jpan,585,13,13
jpn_Jpan,585,14,13
jpn_Jpan,585,15,24
jpn_Jpan,585,16,19
jpn_Jpan,585,17,13
jpn_Jpan,585,18,19
jpn_Jpan,585,19,13
jpn_Jpan,585,20,34
jpn_Jpan,585,21,61
jpn_Jpan,585,22,13
jpn_Jpan,585,23,13
jpn_Jpan,585,24,13
eng_Latn,586,0,60
eng_Latn,586,1,29
eng_Latn,586,2,38
eng_Latn,586,3,34
eng_Latn,586,4,18
eng_Latn,586,5,20
eng_Latn,586,6,16
eng_Latn,586,7,20
eng_Latn,586,8,34
eng_Latn,587,0,60
eng_Latn,587,1,9
eng_Latn,587,2,11
eng_Latn,587,3,27
eng_Latn,587,4,27
eng_Latn,587,5,27
eng_Latn,587,6,39
eng_Latn,587,7,11
eng_Latn,587,8,19
eng_Latn,587,9,27
eng_Latn,587,10,26
eng_Latn,587,11,39
eng_Latn,587,12,1
eng_Latn,587,13,9
eng_Latn,587,14,60
eng_Latn,588,0,60
eng_Latn,588,1,49
eng_Latn,588,2,45
eng_Latn,588,3,18
eng_Latn,588,4,9
eng_Latn,588,5,9
eng_Latn,588,6,18
eng_Latn,588,7,53
eng_Latn,588,8,8
eng_Latn,588,9,47
eng_Latn,588,10,21
eng_Latn,588,11,21
jpn_Jpan,589,0,60
jpn_Jpan,589,1,36
jpn_Jpan,589,2,24
jpn_Jpan,589,3,24
jpn_Jpan,589,4,13
jpn_Jpan,589,5,13
jpn_Jpan,589,6,47
jpn_Jpan,589,7,13
jpn_Jpan,589,8,13
jpn_Jpan,589,9,19
jpn_Jpan,589,10,19
jpn_Jpan,589,11,47
jpn_Jpan,589,12,13
jpn_Jpan,589,13,13
jpn_Jpan,589,14,19
jpn_Jpan,589,15,13
jpn_Jpan,589,16,13
jpn_Jpan,589,17,39
jpn_Jpan,589,18,13
jpn_Jpan,589,19,13
jpn_Jpan,589,20,61
jpn_Jpan,589,21,39
jpn_Jpan,589,22,24
jpn_Jpan,589,23,13
jpn_Jpan,589,24,13
jpn_Jpan,589,25,24
jpn_Jpan,589,26,47
jpn_Jpan,589,27,13
jpn_Jpan,589,28,13
jpn_Jpan,589,29,13
jpn_Jpan,589,30,19
jpn_Jpan,589,31,13
jpn_Jpan,589,32,36
jpn_Jpan,589,33,13
jpn_Jpan,589,34,34
jpn_Jpan,590,0,60
jpn_Jpan,590,1,13
jpn_Jpan,590,2,29
jpn_Jpan,590,3,13
jpn_Jpan,590,4,61
jpn_Jpan,590,5,13
jpn_Jpan,590,6,13
jpn_Jpan,590,7,13
jpn_Jpan,590,8,13
jpn_Jpan,590,9,24
jpn_Jpan,590,10,28
jpn_Jpan,590,11,13
jpn_Jpan,590,12,24
jpn_Jpan,590,13,13
jpn_Jpan,590,14,19
jpn_Jpan,590,15,36
jpn_Jpan,590,16,24
jpn_Jpan,590,17,13
jpn_Jpan,590,18,39
jpn_Jpan,590,19,13
jpn_Jpan,590,20,13
jpn_Jpan,590,21,36
jpn_Jpan,590,22,24
jpn_Jpan,590,23,61
jpn_Jpan,590,24,13
jpn_Jpan,590,25,13
jpn_Jpan,590,26,13
jpn_Jpan,590,27,34
jpn_Jpan,590,28,13
jpn_Jpan,590,29,51
jpn_Jpan,590,30,13
jpn_Jpan,590,31,13
jpn_Jpan,590,32,34
jpn_Jpan,591,0,60
jpn_Jpan,591,1,19
jpn_Jpan,591,2,13
jpn_Jpan,591,3,24
jpn_Jpan,591,4,13
jpn_Jpan,591,5,24
jpn_Jpan,591,6,19
jpn_Jpan,591,7,13
jpn_Jpan,591,8,61
jpn_Jpan,591,9,13
jpn_Jpan,591,10,13
jpn_Jpan,591,11,24
jpn_Jpan,591,12,19
jpn_Jpan,591,13,13
jpn_Jpan,591,14,7
jpn_Jpan,591,15,19
jpn_Jpan,591,16,13
jpn_Jpan,591,17,19
jpn_Jpan,591,18,13
jpn_Jpan,591,19,24
jpn_Jpan,591,20,19
jpn_Jpan,591,21,13
jpn_Jpan,591,22,13
jpn_Jpan,591,23,34
jpn_Jpan,591,24,24
jpn_Jpan,591,25,24
jpn_Jpan,591,26,47
jpn_Jpan,591,27,13
jpn_Jpan,591,28,13
jpn_Jpan,591,29,47
jpn_Jpan,591,30,13
jpn_Jpan,591,31,13
jpn_Jpan,591,32,13
jpn_Jpan,591,33,24
jpn_Jpan,591,34,34
jpn_Jpan,592,0,60
jpn_Jpan,592,1,12
jpn_Jpan,592,2,22
jpn_Jpan,592,3,40
jpn_Jpan,593,0,60
jpn_Jpan,593,1,24
jpn_Jpan,593,2,24
jpn_Jpan,593,3,61
jpn_Jpan,593,4,19
jpn_Jpan,593,5,13
jpn_Jpan,593,6,13
jpn_Jpan,593,7,61
jpn_Jpan,593,8,13
jpn_Jpan,593,9,13
jpn_Jpan,593,10,34
jpn_Jpan,593,11,13
jpn_Jpan,593,12,24
jpn_Jpan,593,13,13
jpn_Jpan,593,14,34
jpn_Jpan,593,15,24
jpn_Jpan,593,16,34
jpn_Jpan,594,0,60
jpn_Jpan,594,1,13
jpn_Jpan,594,2,13
jpn_Jpan,594,3,13
jpn_Jpan,594,4,47
jpn_Jpan,594,5,39
jpn_Jpan,594,6,9
jpn_Jpan,594,7,39
jpn_Jpan,594,8,13
jpn_Jpan,594,9,13
jpn_Jpan,594,10,13
jpn_Jpan,594,11,11
jpn_Jpan,594,12,13
jpn_Jpan,594,13,13
jpn_Jpan,594,14,13
jpn_Jpan,594,15,13
jpn_Jpan,594,16,11
jpn_Jpan,594,17,61
jpn_Jpan,594,18,36
jpn_Jpan,594,19,19
jpn_Jpan,594,20,36
jpn_Jpan,594,21,47
jpn_Jpan,594,22,13
jpn_Jpan,594,23,13
jpn_Jpan,594,24,12
jpn_Jpan,594,25,58
jpn_Jpan,594,26,11
jpn_Jpan,594,27,61
jpn_Jpan,595,0,60
jpn_Jpan,595,1,39
jpn_Jpan,595,2,13
jpn_Jpan,595,3,13
jpn_Jpan,595,4,13
jpn_Jpan,595,5,13
jpn_Jpan,595,6,13
jpn_Jpan,595,7,19
jpn_Jpan,595,8,13
jpn_Jpan,595,9,24
jpn_Jpan,595,10,13
eng_Latn,596,0,60
eng_Latn,596,1,12
eng_Latn,596,2,42
eng_Latn,596,3,22
eng_Latn,596,4,27
eng_Latn,596,5,49
eng_Latn,596,6,9
eng_Latn,596,7,29
eng_Latn,596,8,22
jpn_Jpan,597,0,60
jpn_Jpan,597,1,13
jpn_Jpan,597,2,13
jpn_Jpan,597,3,13
jpn_Jpan,597,4,36
jpn_Jpan,597,5,24
jpn_Jpan,597,6,19
jpn_Jpan,597,7,13
jpn_Jpan,597,8,13
jpn_Jpan,597,9,36
jpn_Jpan,597,10,13
jpn_Jpan,597,11,13
jpn_Jpan,597,12,36
jpn_Jpan,597,13,47
jpn_Jpan,597,14,47
jpn_Jpan,597,15,19
jpn_Jpan,597,16,61
jpn_Jpan,597,17,13
jpn_Jpan,597,18,13
jpn_Jpan,597,19,24
jpn_Jpan,597,20,13
jpn_Jpan,597,21,13
jpn_Jpan,597,22,24
jpn_Jpan,597,23,19
jpn_Jpan,597,24,13
jpn_Jpan,597,25,34
jpn_Jpan,597,26,13
jpn_Jpan,597,27,24
jpn_Jpan,597,28,13
jpn_Jpan,597,29,24
jpn_Jpan,597,30,24
jpn_Jpan,597,31,19
jpn_Jpan,597,32,7
jpn_Jpan,597,33,13
jpn_Jpan,597,34,24
jpn_Jpan,597,35,36
jpn_Jpan,597,36,13
jpn_Jpan,597,37,13
jpn_Jpan,597,38,34
jpn_Jpan,597,39,13
jpn_Jpan,597,40,13
jpn_Jpan,597,41,34
jpn_Jpan,597,42,13
jpn_Jpan,597,43,13
jpn_Jpan,597,44,13
jpn_Jpan,597,45,51
jpn_Jpan,597,46,51
jpn_Jpan,598,0,60
jpn_Jpan,598,1,29
jpn_Jpan,598,2,24
jpn_Jpan,598,3,24
jpn_Jpan,598,4,13
jpn_Jpan,598,5,24
jpn_Jpan,598,6,13
jpn_Jpan,598,7,24
jpn_Jpan,598,8,13
jpn_Jpan,598,9,24
jpn_Jpan,598,10,13
jpn_Jpan,598,11,13
jpn_Jpan,598,12,13
jpn_Jpan,598,13,13
jpn_Jpan,598,14,39
jpn_Jpan,598,15,39
jpn_Jpan,598,16,61
jpn_Jpan,598,17,47
jpn_Jpan,598,18,19
jpn_Jpan,598,19,13
jpn_Jpan,598,20,13
jpn_Jpan,598,21,13
jpn_Jpan,598,22,13
jpn_Jpan,598,23,24
jpn_Jpan,598,24,19
jpn_Jpan,598,25,13
jpn_Jpan,598,26,24
jpn_Jpan,598,27,47
jpn_Jpan,598,28,19
jpn_Jpan,598,29,13
jpn_Jpan,598,30,24
jpn_Jpan,598,31,19
jpn_Jpan,598,32,13
jpn_Jpan,598,33,13
jpn_Jpan,598,34,34
jpn_Jpan,598,35,24
jpn_Jpan,598,36,34
jpn_Jpan,598,37,13
jpn_Jpan,598,38,13
jpn_Jpan,598,39,47
jpn_Jpan,598,40,13
jpn_Jpan,598,41,24
jpn_Jpan,598,42,13
jpn_Jpan,598,43,24
jpn_Jpan,598,44,19
jpn_Jpan,598,45,13
jpn_Jpan,598,46,13
jpn_Jpan,598,47,24
jpn_Jpan,599,0,60
jpn_Jpan,599,1,13
jpn_Jpan,599,2,36
jpn_Jpan,599,3,19
jpn_Jpan,599,4,13
jpn_Jpan,599,5,13
jpn_Jpan,599,6,24
jpn_Jpan,599,7,26
jpn_Jpan,599,8,47
jpn_Jpan,599,9,13
jpn_Jpan,599,10,13
jpn_Jpan,599,11,61
jpn_Jpan,599,12,13
jpn_Jpan,599,13,19
jpn_Jpan,599,14,36
jpn_Jpan,599,15,24
jpn_Jpan,599,16,13
jpn_Jpan,599,17,19
jpn_Jpan,599,18,13
jpn_Jpan,599,19,13
jpn_Jpan,599,20,13
jpn_Jpan,599,21,24
jpn_Jpan,599,22,19
jpn_Jpan,599,23,13
jpn_Jpan,599,24,19
jpn_Jpan,599,25,13
jpn_Jpan,599,26,13
jpn_Jpan,599,27,13
jpn_Jpan,599,28,13
jpn_Jpan,600,0,60
jpn_Jpan,600,1,13
jpn_Jpan,600,2,19
jpn_Jpan,600,3,13
jpn_Jpan,600,4,19
jpn_Jpan,600,5,34
jpn_Jpan,600,6,12
jpn_Jpan,600,7,19
jpn_Jpan,600,8,13
jpn_Jpan,600,9,19
jpn_Jpan,600,10,13
jpn_Jpan,600,11,13
jpn_Jpan,600,12,13
jpn_Jpan,600,13,13
jpn_Jpan,600,14,13
jpn_Jpan,600,15,13
jpn_Jpan,600,16,13
jpn_Jpan,600,17,13
jpn_Jpan,600,18,52
jpn_Jpan,600,19,52
jpn_Jpan,600,20,52
jpn_Jpan,600,21,13
jpn_Jpan,600,22,19
jpn_Jpan,600,23,13
jpn_Jpan,600,24,47
jpn_Jpan,600,25,13
jpn_Jpan,601,0,60
jpn_Jpan,601,1,13
jpn_Jpan,601,2,13
jpn_Jpan,601,3,61
jpn_Jpan,601,4,19
jpn_Jpan,601,5,13
jpn_Jpan,601,6,47
jpn_Jpan,601,7,47
jpn_Jpan,601,8,7
jpn_Jpan,601,9,47
jpn_Jpan,601,10,13
jpn_Jpan,601,11,24
jpn_Jpan,601,12,24
jpn_Jpan,601,13,19
jpn_Jpan,601,14,13
jpn_Jpan,601,15,13
jpn_Jpan,601,16,11
jpn_Jpan,601,17,24
jpn_Jpan,601,18,13
jpn_Jpan,601,19,13
jpn_Jpan,601,20,19
jpn_Jpan,601,21,13
jpn_Jpan,601,22,13
jpn_Jpan,601,23,19
jpn_Jpan,601,24,36
jpn_Jpan,601,25,13
jpn_Jpan,601,26,12
jpn_Jpan,601,27,19
jpn_Jpan,601,28,13
jpn_Jpan,601,29,47
jpn_Jpan,601,30,47
jpn_Jpan,601,31,13
jpn_Jpan,601,32,13
jpn_Jpan,601,33,13
jpn_Jpan,601,34,61
jpn_Jpan,601,35,13
jpn_Jpan,601,36,24
jpn_Jpan,601,37,13
jpn_Jpan,601,38,19
jpn_Jpan,601,39,13
jpn_Jpan,601,40,24
jpn_Jpan,601,41,19
jpn_Jpan,601,42,13
jpn_Jpan,601,43,19
jpn_Jpan,601,44,13
jpn_Jpan,602,0,60
jpn_Jpan,602,1,1
jpn_Jpan,602,2,39
jpn_Jpan,602,3,13
jpn_Jpan,602,4,13
jpn_Jpan,602,5,13
jpn_Jpan,602,6,24
jpn_Jpan,602,7,47
jpn_Jpan,602,8,13
jpn_Jpan,602,9,13
jpn_Jpan,603,0,60
jpn_Jpan,603,1,24
jpn_Jpan,603,2,24
jpn_Jpan,603,3,24
jpn_Jpan,603,4,19
jpn_Jpan,603,5,13
jpn_Jpan,603,6,13
jpn_Jpan,603,7,13
jpn_Jpan,603,8,34
jpn_Jpan,603,9,13
jpn_Jpan,603,10,13
jpn_Jpan,603,11,29
jpn_Jpan,603,12,13
jpn_Jpan,603,13,19
jpn_Jpan,603,14,13
jpn_Jpan,603,15,24
jpn_Jpan,603,16,13
jpn_Jpan,603,17,13
jpn_Jpan,603,18,34
jpn_Jpan,603,19,24
jpn_Jpan,603,20,13
jpn_Jpan,603,21,24
jpn_Jpan,603,22,47
jpn_Jpan,603,23,19
jpn_Jpan,603,24,13
jpn_Jpan,603,25,24
jpn_Jpan,603,26,61
jpn_Jpan,603,27,19
jpn_Jpan,603,28,13
jpn_Jpan,603,29,13
jpn_Jpan,603,30,24
jpn_Jpan,603,31,13
jpn_Jpan,603,32,13
jpn_Jpan,603,33,24
jpn_Jpan,603,34,13
jpn_Jpan,603,35,13
jpn_Jpan,603,36,24
jpn_Jpan,603,37,34
jpn_Jpan,603,38,13
jpn_Jpan,603,39,34
jpn_Jpan,603,40,51
eng_Latn,604,0,60
eng_Latn,604,1,47
eng_Latn,604,2,49
eng_Latn,604,3,5
eng_Latn,604,4,49
jpn_Jpan,605,0,60
jpn_Jpan,605,1,36
jpn_Jpan,605,2,24
jpn_Jpan,605,3,13
jpn_Jpan,605,4,36
jpn_Jpan,605,5,24
jpn_Jpan,605,6,19
jpn_Jpan,605,7,13
jpn_Jpan,605,8,19
jpn_Jpan,605,9,13
jpn_Jpan,605,10,11
jpn_Jpan,605,11,19
jpn_Jpan,605,12,36
jpn_Jpan,605,13,36
jpn_Jpan,605,14,26
jpn_Jpan,605,15,26
jpn_Jpan,605,16,36
jpn_Jpan,605,17,24
jpn_Jpan,605,18,13
jpn_Jpan,605,19,13
jpn_Jpan,605,20,39
jpn_Jpan,605,21,13
jpn_Jpan,605,22,13
jpn_Jpan,605,23,13
jpn_Jpan,605,24,24
jpn_Jpan,605,25,26
jpn_Jpan,605,26,19
jpn_Jpan,605,27,36
jpn_Jpan,605,28,36
jpn_Jpan,605,29,61
jpn_Jpan,605,30,36
jpn_Jpan,605,31,26
jpn_Jpan,605,32,19
jpn_Jpan,605,33,36
jpn_Jpan,605,34,13
jpn_Jpan,605,35,61
jpn_Jpan,605,36,13
jpn_Jpan,605,37,13
jpn_Jpan,605,38,13
jpn_Jpan,605,39,39
jpn_Jpan,605,40,13
jpn_Jpan,605,41,47
jpn_Jpan,605,42,13
jpn_Jpan,605,43,13
jpn_Jpan,605,44,13
jpn_Jpan,605,45,24
jpn_Jpan,605,46,13
jpn_Jpan,605,47,13
jpn_Jpan,605,48,19
jpn_Jpan,605,49,34
jpn_Jpan,605,50,13
jpn_Jpan,605,51,13
jpn_Jpan,605,52,13
jpn_Jpan,606,0,60
jpn_Jpan,606,1,19
jpn_Jpan,606,2,36
jpn_Jpan,606,3,13
jpn_Jpan,606,4,36
jpn_Jpan,606,5,24
jpn_Jpan,606,6,47
jpn_Jpan,606,7,13
jpn_Jpan,606,8,47
jpn_Jpan,606,9,19
jpn_Jpan,606,10,13
jpn_Jpan,606,11,13
jpn_Jpan,606,12,13
jpn_Jpan,606,13,36
jpn_Jpan,606,14,36
jpn_Jpan,606,15,47
jpn_Jpan,606,16,19
jpn_Jpan,606,17,13
jpn_Jpan,606,18,13
jpn_Jpan,606,19,19
jpn_Jpan,606,20,36
jpn_Jpan,606,21,24
jpn_Jpan,606,22,13
jpn_Jpan,606,23,19
jpn_Jpan,606,24,13
jpn_Jpan,606,25,24
jpn_Jpan,606,26,13
jpn_Jpan,606,27,34
jpn_Jpan,606,28,36
jpn_Jpan,606,29,24
jpn_Jpan,606,30,19
jpn_Jpan,606,31,13
jpn_Jpan,606,32,13
jpn_Jpan,606,33,36
jpn_Jpan,606,34,13
jpn_Jpan,606,35,19
jpn_Jpan,606,36,36
jpn_Jpan,606,37,24
jpn_Jpan,606,38,13
jpn_Jpan,606,39,13
jpn_Jpan,606,40,13
jpn_Jpan,606,41,36
jpn_Jpan,606,42,19
jpn_Jpan,606,43,13
jpn_Jpan,606,44,13
jpn_Jpan,606,45,19
jpn_Jpan,606,46,13
jpn_Jpan,606,47,13
jpn_Jpan,606,48,34
jpn_Jpan,607,0,60
jpn_Jpan,607,1,36
jpn_Jpan,607,2,13
jpn_Jpan,607,3,36
jpn_Jpan,607,4,24
jpn_Jpan,607,5,47
jpn_Jpan,607,6,13
jpn_Jpan,607,7,39
jpn_Jpan,607,8,19
jpn_Jpan,607,9,13
jpn_Jpan,607,10,36
jpn_Jpan,607,11,24
jpn_Jpan,607,12,13
jpn_Jpan,607,13,13
jpn_Jpan,607,14,13
jpn_Jpan,607,15,36
jpn_Jpan,607,16,36
jpn_Jpan,607,17,47
jpn_Jpan,607,18,36
jpn_Jpan,607,19,19
jpn_Jpan,607,20,36
jpn_Jpan,607,21,61
jpn_Jpan,607,22,13
jpn_Jpan,607,23,13
jpn_Jpan,607,24,24
jpn_Jpan,607,25,13
jpn_Jpan,607,26,13
jpn_Jpan,607,27,13
jpn_Jpan,607,28,36
jpn_Jpan,607,29,13
jpn_Jpan,607,30,34
jpn_Jpan,607,31,13
jpn_Jpan,607,32,34
jpn_Jpan,608,0,60
jpn_Jpan,608,1,36
jpn_Jpan,608,2,36
jpn_Jpan,608,3,36
jpn_Jpan,608,4,36
jpn_Jpan,608,5,24
jpn_Jpan,608,6,13
jpn_Jpan,608,7,13
jpn_Jpan,608,8,61
jpn_Jpan,608,9,36
jpn_Jpan,608,10,61
jpn_Jpan,608,11,19
jpn_Jpan,608,12,36
jpn_Jpan,608,13,24
jpn_Jpan,608,14,13
jpn_Jpan,608,15,13
jpn_Jpan,608,16,24
jpn_Jpan,608,17,13
jpn_Jpan,608,18,34
jpn_Jpan,608,19,34
jpn_Jpan,608,20,13
jpn_Jpan,608,21,19
jpn_Jpan,608,22,39
jpn_Jpan,608,23,13
jpn_Jpan,609,0,60
jpn_Jpan,609,1,13
jpn_Jpan,609,2,47
jpn_Jpan,609,3,24
jpn_Jpan,609,4,47
jpn_Jpan,609,5,61
jpn_Jpan,609,6,36
jpn_Jpan,609,7,24
jpn_Jpan,609,8,19
jpn_Jpan,609,9,13
jpn_Jpan,609,10,19
jpn_Jpan,609,11,36
jpn_Jpan,609,12,24
jpn_Jpan,609,13,36
jpn_Jpan,609,14,19
jpn_Jpan,609,15,7
jpn_Jpan,609,16,36
jpn_Jpan,609,17,9
jpn_Jpan,609,18,13
jpn_Jpan,609,19,24
jpn_Jpan,609,20,13
jpn_Jpan,609,21,13
jpn_Jpan,609,22,36
jpn_Jpan,609,23,19
jpn_Jpan,609,24,13
jpn_Jpan,609,25,19
jpn_Jpan,609,26,13
jpn_Jpan,609,27,24
jpn_Jpan,609,28,13
jpn_Jpan,609,29,13
jpn_Jpan,609,30,34
jpn_Jpan,610,0,60
jpn_Jpan,610,1,7
jpn_Jpan,610,2,7
jpn_Jpan,610,3,24
jpn_Jpan,610,4,1
jpn_Jpan,610,5,19
jpn_Jpan,610,6,13
jpn_Jpan,610,7,61
jpn_Jpan,610,8,19
jpn_Jpan,610,9,34
jpn_Jpan,610,10,13
jpn_Jpan,610,11,34
jpn_Jpan,610,12,34
eng_Latn,611,0,60
eng_Latn,611,1,29
eng_Latn,611,2,18
eng_Latn,611,3,5
eng_Latn,611,4,18
eng_Latn,611,5,18
eng_Latn,611,6,16
eng_Latn,611,7,18
eng_Latn,611,8,56
eng_Latn,611,9,57
jpn_Jpan,612,0,60
jpn_Jpan,612,1,13
jpn_Jpan,612,2,13
jpn_Jpan,612,3,13
jpn_Jpan,612,4,13
jpn_Jpan,612,5,24
jpn_Jpan,612,6,19
jpn_Jpan,612,7,13
jpn_Jpan,612,8,13
jpn_Jpan,612,9,13
jpn_Jpan,612,10,24
jpn_Jpan,612,11,52
jpn_Jpan,612,12,24
jpn_Jpan,612,13,19
jpn_Jpan,612,14,13
jpn_Jpan,612,15,47
jpn_Jpan,612,16,13
jpn_Jpan,612,17,24
jpn_Jpan,612,18,61
jpn_Jpan,612,19,13
jpn_Jpan,612,20,19
jpn_Jpan,612,21,34
jpn_Jpan,612,22,13
jpn_Jpan,612,23,36
jpn_Jpan,612,24,24
jpn_Jpan,612,25,19
jpn_Jpan,612,26,13
jpn_Jpan,612,27,24
jpn_Jpan,612,28,13
jpn_Jpan,612,29,24
jpn_Jpan,612,30,13
jpn_Jpan,612,31,13
jpn_Jpan,612,32,24
jpn_Jpan,612,33,24
jpn_Jpan,612,34,13
jpn_Jpan,612,35,24
jpn_Jpan,612,36,13
jpn_Jpan,612,37,34
jpn_Jpan,613,0,60
jpn_Jpan,613,1,13
jpn_Jpan,613,2,13
jpn_Jpan,613,3,13
jpn_Jpan,613,4,24
jpn_Jpan,613,5,61
jpn_Jpan,613,6,36
jpn_Jpan,613,7,47
jpn_Jpan,613,8,13
jpn_Jpan,613,9,24
jpn_Jpan,613,10,13
jpn_Jpan,613,11,19
jpn_Jpan,613,12,36
jpn_Jpan,613,13,26
jpn_Jpan,613,14,47
jpn_Jpan,613,15,13
jpn_Jpan,613,16,24
jpn_Jpan,613,17,19
jpn_Jpan,613,18,13
jpn_Jpan,613,19,19
jpn_Jpan,613,20,24
jpn_Jpan,613,21,52
jpn_Jpan,613,22,34
jpn_Jpan,613,23,13
jpn_Jpan,613,24,24
jpn_Jpan,613,25,24
jpn_Jpan,613,26,19
jpn_Jpan,613,27,13
jpn_Jpan,613,28,19
jpn_Jpan,613,29,36
jpn_Jpan,613,30,24
jpn_Jpan,613,31,34
jpn_Jpan,613,32,34
jpn_Jpan,614,0,60
jpn_Jpan,614,1,24
jpn_Jpan,614,2,62
jpn_Jpan,614,3,24
jpn_Jpan,614,4,19
jpn_Jpan,614,5,13
jpn_Jpan,614,6,13
jpn_Jpan,614,7,24
jpn_Jpan,614,8,7
jpn_Jpan,614,9,36
jpn_Jpan,614,10,13
jpn_Jpan,614,11,13
jpn_Jpan,614,12,36
jpn_Jpan,614,13,24
jpn_Jpan,614,14,19
jpn_Jpan,614,15,13
jpn_Jpan,614,16,19
jpn_Jpan,614,17,13
jpn_Jpan,614,18,13
jpn_Jpan,614,19,13
jpn_Jpan,614,20,24
jpn_Jpan,614,21,13
jpn_Jpan,614,22,13
jpn_Jpan,614,23,24
jpn_Jpan,614,24,13
jpn_Jpan,614,25,13
jpn_Jpan,614,26,24
jpn_Jpan,614,27,13
jpn_Jpan,614,28,13
jpn_Jpan,614,29,34
jpn_Jpan,614,30,24
jpn_Jpan,614,31,19
jpn_Jpan,614,32,13
jpn_Jpan,614,33,19
jpn_Jpan,614,34,36
jpn_Jpan,614,35,34
eng_Latn,615,0,60
eng_Latn,615,1,62
eng_Latn,615,2,12
eng_Latn,615,3,35
eng_Latn,615,4,57
eng_Latn,615,5,8
eng_Latn,615,6,15
eng_Latn,615,7,63
eng_Latn,615,8,5
eng_Latn,615,9,49
eng_Latn,616,0,60
eng_Latn,616,1,17
eng_Latn,616,2,9
eng_Latn,616,3,56
eng_Latn,616,4,54
eng_Latn,616,5,38
eng_Latn,616,6,46
eng_Latn,616,7,56
eng_Latn,616,8,56
eng_Latn,616,9,4
eng_Latn,616,10,18
eng_Latn,616,11,50
eng_Latn,616,12,16
jpn_Jpan,617,0,60
jpn_Jpan,617,1,52
jpn_Jpan,617,2,22
jpn_Jpan,617,3,12
jpn_Jpan,617,4,13
jpn_Jpan,617,5,47
jpn_Jpan,617,6,36
jpn_Jpan,617,7,19
jpn_Jpan,617,8,13
jpn_Jpan,617,9,24
jpn_Jpan,617,10,13
jpn_Jpan,617,11,13
jpn_Jpan,617,12,39
jpn_Jpan,617,13,13
jpn_Jpan,617,14,19
jpn_Jpan,617,15,39
jpn_Jpan,617,16,13
jpn_Jpan,617,17,13
jpn_Jpan,617,18,24
jpn_Jpan,617,19,24
jpn_Jpan,617,20,19
jpn_Jpan,617,21,36
jpn_Jpan,617,22,47
jpn_Jpan,617,23,24
jpn_Jpan,617,24,13
jpn_Jpan,617,25,47
jpn_Jpan,617,26,19
jpn_Jpan,617,27,13
jpn_Jpan,617,28,13
jpn_Jpan,617,29,13
jpn_Jpan,617,30,13
jpn_Jpan,617,31,24
jpn_Jpan,617,32,47
jpn_Jpan,617,33,13
jpn_Jpan,617,34,13
jpn_Jpan,617,35,24
jpn_Jpan,617,36,19
jpn_Jpan,617,37,13
jpn_Jpan,617,38,13
jpn_Jpan,617,39,34
eng_Latn,618,0,60
eng_Latn,618,1,19
eng_Latn,618,2,46
eng_Latn,618,3,15
eng_Latn,618,4,56
eng_Latn,618,5,48
eng_Latn,618,6,53
eng_Latn,618,7,53
jpn_Jpan,619,0,60
jpn_Jpan,619,1,13
jpn_Jpan,619,2,36
jpn_Jpan,619,3,24
jpn_Jpan,619,4,19
jpn_Jpan,619,5,36
jpn_Jpan,619,6,47
jpn_Jpan,619,7,61
jpn_Jpan,619,8,13
jpn_Jpan,619,9,39
jpn_Jpan,619,10,13
jpn_Jpan,619,11,19
jpn_Jpan,619,12,13
jpn_Jpan,619,13,13
jpn_Jpan,619,14,36
jpn_Jpan,619,15,29
jpn_Jpan,619,16,36
jpn_Jpan,619,17,36
jpn_Jpan,619,18,34
jpn_Jpan,619,19,36
jpn_Jpan,619,20,19
jpn_Jpan,619,21,13
jpn_Jpan,619,22,13
jpn_Jpan,619,23,34
jpn_Jpan,620,0,60
jpn_Jpan,620,1,13
jpn_Jpan,620,2,19
jpn_Jpan,620,3,13
jpn_Jpan,620,4,13
jpn_Jpan,620,5,54
jpn_Jpan,620,6,61
jpn_Jpan,620,7,13
jpn_Jpan,620,8,19
jpn_Jpan,620,9,13
jpn_Jpan,620,10,13
jpn_Jpan,620,11,13
jpn_Jpan,620,12,24
jpn_Jpan,620,13,13
jpn_Jpan,620,14,13
jpn_Jpan,620,15,13
jpn_Jpan,620,16,24
jpn_Jpan,620,17,24
jpn_Jpan,620,18,13
jpn_Jpan,620,19,13
jpn_Jpan,620,20,13
jpn_Jpan,620,21,13
jpn_Jpan,620,22,47
jpn_Jpan,620,23,13
jpn_Jpan,620,24,24
jpn_Jpan,620,25,47
jpn_Jpan,620,26,13
jpn_Jpan,620,27,19
jpn_Jpan,620,28,36
jpn_Jpan,620,29,19
jpn_Jpan,620,30,13
jpn_Jpan,620,31,19
jpn_Jpan,620,32,13
jpn_Jpan,620,33,26
jpn_Jpan,620,34,47
jpn_Jpan,620,35,13
jpn_Jpan,620,36,57
jpn_Jpan,620,37,22
jpn_Jpan,620,38,61
jpn_Jpan,620,39,7
jpn_Jpan,620,40,13
jpn_Jpan,620,41,24
jpn_Jpan,620,42,19
jpn_Jpan,620,43,40
jpn_Jpan,621,0,60
jpn_Jpan,621,1,39
jpn_Jpan,621,2,39
jpn_Jpan,621,3,19
jpn_Jpan,621,4,19
jpn_Jpan,621,5,13
jpn_Jpan,621,6,13
jpn_Jpan,621,7,13
jpn_Jpan,621,8,13
jpn_Jpan,621,9,13
jpn_Jpan,621,10,24
jpn_Jpan,621,11,24
jpn_Jpan,621,12,36
jpn_Jpan,621,13,13
jpn_Jpan,621,14,24
jpn_Jpan,621,15,19
jpn_Jpan,621,16,13
jpn_Jpan,621,17,13
jpn_Jpan,621,18,24
jpn_Jpan,621,19,19
jpn_Jpan,621,20,13
jpn_Jpan,621,21,47
jpn_Jpan,621,22,19
jpn_Jpan,621,23,13
jpn_Jpan,621,24,13
jpn_Jpan,621,25,13
jpn_Jpan,621,26,13
jpn_Jpan,621,27,47
jpn_Jpan,621,28,8
jpn_Jpan,621,29,47
jpn_Jpan,621,30,19
jpn_Jpan,621,31,8
jpn_Jpan,621,32,19
jpn_Jpan,621,33,36
jpn_Jpan,621,34,34
jpn_Jpan,622,0,60
jpn_Jpan,622,1,24
jpn_Jpan,622,2,19
jpn_Jpan,622,3,13
jpn_Jpan,622,4,36
jpn_Jpan,622,5,13
jpn_Jpan,622,6,36
jpn_Jpan,622,7,36
jpn_Jpan,622,8,19
jpn_Jpan,622,9,13
jpn_Jpan,622,10,13
jpn_Jpan,622,11,24
jpn_Jpan,622,12,13
jpn_Jpan,622,13,36
jpn_Jpan,622,14,36
jpn_Jpan,622,15,13
jpn_Jpan,622,16,34
jpn_Jpan,622,17,13
jpn_Jpan,622,18,24
jpn_Jpan,622,19,13
jpn_Jpan,622,20,13
jpn_Jpan,622,21,36
jpn_Jpan,623,0,60
jpn_Jpan,623,1,13
jpn_Jpan,623,2,13
jpn_Jpan,623,3,24
jpn_Jpan,623,4,13
jpn_Jpan,623,5,13
jpn_Jpan,623,6,13
jpn_Jpan,623,7,36
jpn_Jpan,623,8,61
jpn_Jpan,623,9,36
jpn_Jpan,623,10,19
jpn_Jpan,623,11,13
jpn_Jpan,623,12,52
jpn_Jpan,623,13,19
jpn_Jpan,623,14,13
jpn_Jpan,623,15,24
jpn_Jpan,623,16,13
jpn_Jpan,623,17,19
jpn_Jpan,623,18,1
jpn_Jpan,623,19,52
jpn_Jpan,623,20,19
jpn_Jpan,623,21,34
eng_Latn,624,0,60
eng_Latn,624,1,19
eng_Latn,624,2,40
eng_Latn,624,3,49
jpn_Jpan,625,0,60
jpn_Jpan,625,1,24
jpn_Jpan,625,2,58
jpn_Jpan,625,3,12
jpn_Jpan,625,4,13
jpn_Jpan,625,5,13
jpn_Jpan,625,6,24
jpn_Jpan,625,7,12
jpn_Jpan,625,8,13
jpn_Jpan,625,9,24
jpn_Jpan,625,10,13
jpn_Jpan,625,11,13
jpn_Jpan,625,12,13
jpn_Jpan,625,13,13
jpn_Jpan,625,14,47
jpn_Jpan,625,15,19
jpn_Jpan,625,16,34
jpn_Jpan,625,17,13
jpn_Jpan,625,18,47
jpn_Jpan,625,19,13
jpn_Jpan,625,20,13
jpn_Jpan,625,21,34
jpn_Jpan,626,0,60
jpn_Jpan,626,1,13
jpn_Jpan,626,2,24
jpn_Jpan,626,3,13
jpn_Jpan,626,4,36
jpn_Jpan,626,5,36
jpn_Jpan,626,6,19
jpn_Jpan,626,7,13
jpn_Jpan,626,8,19
jpn_Jpan,626,9,36
jpn_Jpan,626,10,19
jpn_Jpan,626,11,13
jpn_Jpan,626,12,39
jpn_Jpan,626,13,47
jpn_Jpan,626,14,61
jpn_Jpan,626,15,13
jpn_Jpan,626,16,61
jpn_Jpan,626,17,13
jpn_Jpan,626,18,47
jpn_Jpan,626,19,19
jpn_Jpan,626,20,13
jpn_Jpan,626,21,39
jpn_Jpan,626,22,13
jpn_Jpan,626,23,34
jpn_Jpan,627,0,60
jpn_Jpan,627,1,47
jpn_Jpan,627,2,13
jpn_Jpan,627,3,61
jpn_Jpan,627,4,61
jpn_Jpan,627,5,13
jpn_Jpan,627,6,47
jpn_Jpan,627,7,13
jpn_Jpan,627,8,13
jpn_Jpan,627,9,13
jpn_Jpan,627,10,24
jpn_Jpan,627,11,19
jpn_Jpan,627,12,13
jpn_Jpan,627,13,19
jpn_Jpan,627,14,13
jpn_Jpan,627,15,24
jpn_Jpan,627,16,47
jpn_Jpan,627,17,19
jpn_Jpan,627,18,13
jpn_Jpan,627,19,13
jpn_Jpan,627,20,39
jpn_Jpan,627,21,13
jpn_Jpan,627,22,13
jpn_Jpan,627,23,13
jpn_Jpan,627,24,13
jpn_Jpan,627,25,24
jpn_Jpan,627,26,13
jpn_Jpan,627,27,13
jpn_Jpan,627,28,34
jpn_Jpan,628,0,60
jpn_Jpan,628,1,13
jpn_Jpan,628,2,13
jpn_Jpan,628,3,13
jpn_Jpan,628,4,12
jpn_Jpan,628,5,24
jpn_Jpan,628,6,19
jpn_Jpan,628,7,40
jpn_Jpan,628,8,24
jpn_Jpan,628,9,13
jpn_Jpan,628,10,13
jpn_Jpan,628,11,13
jpn_Jpan,628,12,24
jpn_Jpan,628,13,13
jpn_Jpan,628,14,13
jpn_Jpan,628,15,13
jpn_Jpan,628,16,13
jpn_Jpan,628,17,13
jpn_Jpan,628,18,39
jpn_Jpan,628,19,13
jpn_Jpan,628,20,61
jpn_Jpan,628,21,13
jpn_Jpan,628,22,13
eng_Latn,629,0,60
eng_Latn,629,1,19
eng_Latn,629,2,22
eng_Latn,629,3,22
eng_Latn,629,4,34
eng_Latn,629,5,12
eng_Latn,629,6,22
eng_Latn,629,7,12
eng_Latn,629,8,22
eng_Latn,630,0,60
eng_Latn,630,1,5
eng_Latn,630,2,35
eng_Latn,630,3,46
eng_Latn,630,4,53
eng_Latn,630,5,48
eng_Latn,630,6,18
eng_Latn,630,7,23
eng_Latn,630,8,54
eng_Latn,630,9,52
jpn_Jpan,631,0,60
jpn_Jpan,631,1,36
jpn_Jpan,631,2,6
jpn_Jpan,631,3,36
jpn_Jpan,631,4,36
jpn_Jpan,631,5,52
jpn_Jpan,631,6,1
jpn_Jpan,631,7,52
jpn_Jpan,631,8,13
jpn_Jpan,631,9,24
jpn_Jpan,631,10,13
jpn_Jpan,631,11,34
jpn_Jpan,631,12,13
jpn_Jpan,631,13,24
jpn_Jpan,631,14,24
jpn_Jpan,631,15,19
jpn_Jpan,631,16,13
jpn_Jpan,631,17,19
jpn_Jpan,631,18,13
jpn_Jpan,631,19,13
jpn_Jpan,631,20,13
jpn_Jpan,631,21,47
jpn_Jpan,631,22,13
jpn_Jpan,631,23,12
jpn_Jpan,631,24,13
jpn_Jpan,631,25,19
jpn_Jpan,631,26,13
jpn_Jpan,631,27,13
jpn_Jpan,631,28,47
jpn_Jpan,631,29,13
jpn_Jpan,631,30,13
jpn_Jpan,631,31,13
jpn_Jpan,631,32,13
jpn_Jpan,631,33,47
jpn_Jpan,631,34,19
jpn_Jpan,631,35,19
jpn_Jpan,631,36,39
jpn_Jpan,631,37,61
jpn_Jpan,631,38,19
jpn_Jpan,631,39,8
jpn_Jpan,631,40,34
jpn_Jpan,632,0,60
jpn_Jpan,632,1,13
jpn_Jpan,632,2,13
jpn_Jpan,632,3,19
jpn_Jpan,632,4,39
jpn_Jpan,632,5,24
jpn_Jpan,632,6,19
jpn_Jpan,632,7,13
jpn_Jpan,632,8,24
jpn_Jpan,632,9,13
jpn_Jpan,632,10,13
jpn_Jpan,632,11,19
jpn_Jpan,632,12,13
jpn_Jpan,632,13,39
jpn_Jpan,632,14,13
jpn_Jpan,632,15,13
jpn_Jpan,632,16,24
jpn_Jpan,632,17,47
jpn_Jpan,632,18,13
jpn_Jpan,632,19,13
jpn_Jpan,632,20,13
jpn_Jpan,632,21,13
jpn_Jpan,632,22,34
jpn_Jpan,632,23,13
jpn_Jpan,632,24,61
jpn_Jpan,632,25,13
jpn_Jpan,632,26,13
jpn_Jpan,632,27,51
jpn_Jpan,632,28,13
jpn_Jpan,632,29,13
jpn_Jpan,632,30,34
jpn_Jpan,632,31,13
jpn_Jpan,632,32,51
eng_Latn,633,0,60
eng_Latn,633,1,22
eng_Latn,633,2,22
eng_Latn,633,3,34
eng_Latn,633,4,29
eng_Latn,633,5,34
eng_Latn,633,6,34
jpn_Jpan,634,0,60
jpn_Jpan,634,1,13
jpn_Jpan,634,2,13
jpn_Jpan,634,3,13
jpn_Jpan,634,4,24
jpn_Jpan,634,5,19
jpn_Jpan,634,6,13
jpn_Jpan,634,7,36
jpn_Jpan,634,8,61
jpn_Jpan,634,9,36
jpn_Jpan,634,10,24
jpn_Jpan,634,11,52
jpn_Jpan,634,12,24
jpn_Jpan,634,13,47
jpn_Jpan,634,14,13
jpn_Jpan,634,15,13
jpn_Jpan,634,16,24
jpn_Jpan,634,17,24
jpn_Jpan,634,18,19
jpn_Jpan,634,19,13
jpn_Jpan,634,20,36
jpn_Jpan,634,21,61
jpn_Jpan,634,22,19
jpn_Jpan,634,23,13
jpn_Jpan,634,24,13
jpn_Jpan,634,25,24
jpn_Jpan,634,26,19
jpn_Jpan,634,27,13
jpn_Jpan,634,28,13
jpn_Jpan,635,0,60
jpn_Jpan,635,1,24
jpn_Jpan,635,2,24
jpn_Jpan,635,3,52
jpn_Jpan,635,4,13
jpn_Jpan,635,5,24
jpn_Jpan,635,6,47
jpn_Jpan,635,7,19
jpn_Jpan,635,8,13
jpn_Jpan,635,9,13
jpn_Jpan,635,10,19
jpn_Jpan,635,11,13
jpn_Jpan,635,12,13
jpn_Jpan,635,13,24
jpn_Jpan,635,14,52
jpn_Jpan,635,15,19
jpn_Jpan,635,16,13
jpn_Jpan,635,17,13
eng_Latn,636,0,60
eng_Latn,636,1,56
eng_Latn,636,2,54
eng_Latn,636,3,18
eng_Latn,636,4,21
eng_Latn,636,5,9
eng_Latn,636,6,18
eng_Latn,636,7,30
eng_Latn,636,8,30
eng_Latn,636,9,35
eng_Latn,636,10,34
jpn_Jpan,637,0,60
jpn_Jpan,637,1,13
jpn_Jpan,637,2,13
jpn_Jpan,637,3,12
jpn_Jpan,637,4,13
jpn_Jpan,637,5,13
jpn_Jpan,637,6,13
jpn_Jpan,637,7,24
jpn_Jpan,637,8,47
jpn_Jpan,637,9,13
jpn_Jpan,637,10,47
jpn_Jpan,637,11,13
jpn_Jpan,637,12,13
jpn_Jpan,637,13,13
jpn_Jpan,637,14,24
jpn_Jpan,637,15,61
jpn_Jpan,637,16,13
jpn_Jpan,637,17,13
jpn_Jpan,637,18,24
jpn_Jpan,637,19,13
jpn_Jpan,637,20,13
jpn_Jpan,637,21,19
jpn_Jpan,637,22,13
jpn_Jpan,637,23,34
eng_Latn,638,0,60
eng_Latn,638,1,1
eng_Latn,638,2,9
eng_Latn,638,3,12
eng_Latn,638,4,63
eng_Latn,638,5,60
eng_Latn,638,6,49
eng_Latn,639,0,60
eng_Latn,639,1,33
eng_Latn,639,2,10
eng_Latn,639,3,56
eng_Latn,639,4,44
jpn_Jpan,640,0,60
jpn_Jpan,640,1,13
jpn_Jpan,640,2,13
jpn_Jpan,640,3,19
jpn_Jpan,640,4,13
jpn_Jpan,640,5,13
jpn_Jpan,640,6,19
jpn_Jpan,640,7,19
jpn_Jpan,640,8,39
jpn_Jpan,640,9,13
jpn_Jpan,640,10,24
jpn_Jpan,640,11,19
jpn_Jpan,640,12,13
jpn_Jpan,640,13,61
jpn_Jpan,640,14,13
jpn_Jpan,640,15,13
jpn_Jpan,640,16,19
jpn_Jpan,640,17,39
jpn_Jpan,640,18,24
jpn_Jpan,640,19,19
jpn_Jpan,640,20,36
jpn_Jpan,640,21,13
jpn_Jpan,640,22,24
jpn_Jpan,640,23,13
jpn_Jpan,640,24,13
jpn_Jpan,640,25,13
jpn_Jpan,640,26,13
jpn_Jpan,640,27,13
jpn_Jpan,640,28,13
jpn_Jpan,640,29,13
jpn_Jpan,640,30,13
jpn_Jpan,640,31,19
jpn_Jpan,640,32,13
jpn_Jpan,640,33,13
jpn_Jpan,640,34,34
jpn_Jpan,640,35,24
jpn_Jpan,640,36,24
jpn_Jpan,640,37,13
jpn_Jpan,640,38,47
jpn_Jpan,640,39,13
jpn_Jpan,640,40,13
jpn_Jpan,640,41,19
jpn_Jpan,640,42,13
jpn_Jpan,640,43,13
jpn_Jpan,640,44,61
jpn_Jpan,640,45,13
jpn_Jpan,640,46,13
jpn_Jpan,640,47,34
jpn_Jpan,640,48,24
jpn_Jpan,640,49,13
jpn_Jpan,640,50,34
jpn_Jpan,640,51,34
jpn_Jpan,641,0,60
jpn_Jpan,641,1,24
jpn_Jpan,641,2,13
jpn_Jpan,641,3,13
jpn_Jpan,641,4,39
jpn_Jpan,641,5,24
jpn_Jpan,641,6,13
jpn_Jpan,641,7,24
jpn_Jpan,641,8,47
jpn_Jpan,641,9,13
jpn_Jpan,641,10,19
jpn_Jpan,641,11,13
jpn_Jpan,641,12,13
jpn_Jpan,641,13,13
jpn_Jpan,641,14,39
jpn_Jpan,641,15,13
jpn_Jpan,641,16,24
jpn_Jpan,641,17,24
jpn_Jpan,641,18,26
jpn_Jpan,641,19,47
jpn_Jpan,641,20,13
jpn_Jpan,641,21,13
jpn_Jpan,641,22,13
jpn_Jpan,641,23,13
jpn_Jpan,641,24,13
jpn_Jpan,641,25,7
jpn_Jpan,641,26,13
jpn_Jpan,641,27,24
jpn_Jpan,641,28,13
jpn_Jpan,641,29,13
jpn_Jpan,641,30,13
jpn_Jpan,641,31,13
jpn_Jpan,641,32,13
jpn_Jpan,641,33,47
jpn_Jpan,641,34,13
jpn_Jpan,641,35,19
jpn_Jpan,641,36,13
jpn_Jpan,641,37,47
jpn_Jpan,641,38,19
jpn_Jpan,641,39,13
jpn_Jpan,641,40,24
jpn_Jpan,641,41,19
jpn_Jpan,641,42,36
jpn_Jpan,641,43,13
jpn_Jpan,641,44,13
jpn_Jpan,641,45,34
eng_Latn,642,0,60
eng_Latn,642,1,16
eng_Latn,642,2,59
eng_Latn,642,3,19
eng_Latn,642,4,17
eng_Latn,642,5,53
eng_Latn,642,6,46
eng_Latn,643,0,60
eng_Latn,643,1,42
eng_Latn,643,2,38
eng_Latn,643,3,18
eng_Latn,643,4,16
eng_Latn,643,5,33
eng_Latn,643,6,33
jpn_Jpan,644,0,60
jpn_Jpan,644,1,13
jpn_Jpan,644,2,19
jpn_Jpan,644,3,19
jpn_Jpan,644,4,24
jpn_Jpan,644,5,24
jpn_Jpan,644,6,24
jpn_Jpan,644,7,13
jpn_Jpan,644,8,24
jpn_Jpan,644,9,19
jpn_Jpan,644,10,13
jpn_Jpan,644,11,24
jpn_Jpan,644,12,13
jpn_Jpan,644,13,24
jpn_Jpan,644,14,24
jpn_Jpan,645,0,60
jpn_Jpan,645,1,13
jpn_Jpan,645,2,13
jpn_Jpan,645,3,34
jpn_Jpan,645,4,47
jpn_Jpan,645,5,47
jpn_Jpan,645,6,19
jpn_Jpan,645,7,19
jpn_Jpan,645,8,39
jpn_Jpan,645,9,13
jpn_Jpan,645,10,24
jpn_Jpan,645,11,24
jpn_Jpan,645,12,13
jpn_Jpan,645,13,19
jpn_Jpan,645,14,34
jpn_Jpan,645,15,34
jpn_Jpan,646,0,60
jpn_Jpan,646,1,13
jpn_Jpan,646,2,39
jpn_Jpan,646,3,39
jpn_Jpan,646,4,34
jpn_Jpan,646,5,24
jpn_Jpan,646,6,24
jpn_Jpan,646,7,19
jpn_Jpan,646,8,13
jpn_Jpan,646,9,19
jpn_Jpan,646,10,13
jpn_Jpan,646,11,13
jpn_Jpan,646,12,13
jpn_Jpan,646,13,52
jpn_Jpan,646,14,19
jpn_Jpan,646,15,13
jpn_Jpan,646,16,13
jpn_Jpan,646,17,19
jpn_Jpan,646,18,13
jpn_Jpan,646,19,47
jpn_Jpan,646,20,19
jpn_Jpan,646,21,36
jpn_Jpan,646,22,61
jpn_Jpan,646,23,36
jpn_Jpan,646,24,13
jpn_Jpan,646,25,42
jpn_Jpan,646,26,61
jpn_Jpan,646,27,61
jpn_Jpan,646,28,13
jpn_Jpan,646,29,13
jpn_Jpan,646,30,13
jpn_Jpan,646,31,13
jpn_Jpan,646,32,13
jpn_Jpan,646,33,13
jpn_Jpan,646,34,34
jpn_Jpan,647,0,60
jpn_Jpan,647,1,39
jpn_Jpan,647,2,39
jpn_Jpan,647,3,13
jpn_Jpan,647,4,39
jpn_Jpan,647,5,13
jpn_Jpan,647,6,36
jpn_Jpan,647,7,24
jpn_Jpan,647,8,36
jpn_Jpan,647,9,36
jpn_Jpan,647,10,24
jpn_Jpan,647,11,13
jpn_Jpan,647,12,47
jpn_Jpan,647,13,47
jpn_Jpan,647,14,19
jpn_Jpan,647,15,47
jpn_Jpan,647,16,13
jpn_Jpan,647,17,36
jpn_Jpan,647,18,47
jpn_Jpan,647,19,19
jpn_Jpan,647,20,19
jpn_Jpan,647,21,19
jpn_Jpan,647,22,13
jpn_Jpan,647,23,36
jpn_Jpan,647,24,36
jpn_Jpan,647,25,61
jpn_Jpan,647,26,19
jpn_Jpan,647,27,13
jpn_Jpan,647,28,19
jpn_Jpan,647,29,13
jpn_Jpan,647,30,13
jpn_Jpan,647,31,13
jpn_Jpan,647,32,36
jpn_Jpan,647,33,36
jpn_Jpan,647,34,19
jpn_Jpan,647,35,36
jpn_Jpan,647,36,13
jpn_Jpan,647,37,34
jpn_Jpan,647,38,9
jpn_Jpan,647,39,47
jpn_Jpan,647,40,13
jpn_Jpan,647,41,61
jpn_Jpan,647,42,36
jpn_Jpan,647,43,13
jpn_Jpan,647,44,13
jpn_Jpan,647,45,61
jpn_Jpan,647,46,61
jpn_Jpan,647,47,39
jpn_Jpan,647,48,13
jpn_Jpan,647,49,19
jpn_Jpan,647,50,13
jpn_Jpan,648,0,60
jpn_Jpan,648,1,13
jpn_Jpan,648,2,13
jpn_Jpan,648,3,24
jpn_Jpan,648,4,52
jpn_Jpan,648,5,13
jpn_Jpan,648,6,52
jpn_Jpan,648,7,19
jpn_Jpan,648,8,34
jpn_Jpan,648,9,24
jpn_Jpan,648,10,19
jpn_Jpan,648,11,13
jpn_Jpan,648,12,19
jpn_Jpan,648,13,36
jpn_Jpan,648,14,11
jpn_Jpan,648,15,24
jpn_Jpan,648,16,13
jpn_Jpan,648,17,13
jpn_Jpan,648,18,19
jpn_Jpan,648,19,13
jpn_Jpan,648,20,13
jpn_Jpan,648,21,19
jpn_Jpan,648,22,7
jpn_Jpan,648,23,34
eng_Latn,649,0,60
eng_Latn,649,1,57
eng_Latn,649,2,56
eng_Latn,649,3,63
eng_Latn,649,4,19
eng_Latn,650,0,60
eng_Latn,650,1,22
eng_Latn,650,2,42
eng_Latn,650,3,26
eng_Latn,650,4,14
eng_Latn,650,5,40
eng_Latn,650,6,33
eng_Latn,650,7,40
eng_Latn,650,8,33
eng_Latn,651,0,60
eng_Latn,651,1,9
eng_Latn,651,2,38
eng_Latn,651,3,15
eng_Latn,651,4,56
eng_Latn,651,5,63
eng_Latn,651,6,14
eng_Latn,651,7,14
eng_Latn,651,8,40
eng_Latn,651,9,1
eng_Latn,652,0,60
eng_Latn,652,1,24
eng_Latn,652,2,22
eng_Latn,652,3,45
eng_Latn,652,4,37
eng_Latn,652,5,18
eng_Latn,652,6,16
eng_Latn,652,7,49
eng_Latn,652,8,53
eng_Latn,652,9,37
eng_Latn,652,10,46
jpn_Jpan,653,0,60
jpn_Jpan,653,1,13
jpn_Jpan,653,2,13
jpn_Jpan,653,3,13
jpn_Jpan,653,4,36
jpn_Jpan,653,5,24
jpn_Jpan,653,6,13
jpn_Jpan,653,7,36
jpn_Jpan,653,8,19
jpn_Jpan,653,9,13
jpn_Jpan,653,10,19
jpn_Jpan,653,11,36
jpn_Jpan,653,12,13
jpn_Jpan,653,13,19
jpn_Jpan,653,14,36
jpn_Jpan,653,15,36
jpn_Jpan,653,16,13
jpn_Jpan,653,17,24
jpn_Jpan,653,18,13
jpn_Jpan,653,19,36
jpn_Jpan,653,20,24
jpn_Jpan,653,21,29
jpn_Jpan,653,22,34
jpn_Jpan,653,23,6
jpn_Jpan,653,24,36
jpn_Jpan,653,25,6
jpn_Jpan,653,26,13
jpn_Jpan,653,27,13
jpn_Jpan,653,28,36
jpn_Jpan,653,29,36
jpn_Jpan,653,30,34
jpn_Jpan,654,0,60
jpn_Jpan,654,1,13
jpn_Jpan,654,2,19
jpn_Jpan,654,3,13
jpn_Jpan,654,4,13
jpn_Jpan,654,5,13
jpn_Jpan,654,6,13
jpn_Jpan,654,7,13
jpn_Jpan,654,8,39
jpn_Jpan,654,9,19
jpn_Jpan,654,10,13
jpn_Jpan,654,11,11
jpn_Jpan,654,12,13
jpn_Jpan,654,13,13
jpn_Jpan,654,14,19
jpn_Jpan,654,15,13
jpn_Jpan,654,16,24
jpn_Jpan,654,17,1
jpn_Jpan,654,18,52
jpn_Jpan,654,19,13
jpn_Jpan,654,20,12
jpn_Jpan,654,21,19
jpn_Jpan,654,22,13
jpn_Jpan,654,23,19
jpn_Jpan,654,24,13
jpn_Jpan,654,25,24
jpn_Jpan,654,26,13
jpn_Jpan,654,27,19
jpn_Jpan,654,28,13
jpn_Jpan,654,29,13
jpn_Jpan,654,30,13
jpn_Jpan,654,31,13
jpn_Jpan,654,32,1
jpn_Jpan,654,33,47
jpn_Jpan,654,34,19
jpn_Jpan,654,35,39
jpn_Jpan,654,36,13
jpn_Jpan,654,37,47
jpn_Jpan,654,38,13
jpn_Jpan,654,39,24
jpn_Jpan,654,40,26
jpn_Jpan,654,41,13
jpn_Jpan,654,42,24
jpn_Jpan,654,43,1
jpn_Jpan,654,44,13
jpn_Jpan,654,45,13
jpn_Jpan,654,46,24
jpn_Jpan,654,47,19
jpn_Jpan,654,48,13
jpn_Jpan,654,49,34
jpn_Jpan,655,0,60
jpn_Jpan,655,1,13
jpn_Jpan,655,2,13
jpn_Jpan,655,3,24
jpn_Jpan,655,4,13
jpn_Jpan,655,5,24
jpn_Jpan,655,6,11
jpn_Jpan,655,7,13
jpn_Jpan,655,8,13
eng_Latn,656,0,60
eng_Latn,656,1,40
eng_Latn,656,2,63
jpn_Jpan,657,0,60
jpn_Jpan,657,1,13
jpn_Jpan,657,2,13
jpn_Jpan,657,3,19
jpn_Jpan,657,4,13
jpn_Jpan,657,5,13
jpn_Jpan,657,6,24
jpn_Jpan,657,7,36
jpn_Jpan,657,8,13
jpn_Jpan,657,9,13
jpn_Jpan,657,10,13
jpn_Jpan,657,11,13
jpn_Jpan,657,12,13
jpn_Jpan,657,13,13
jpn_Jpan,657,14,13
jpn_Jpan,657,15,51
jpn_Jpan,657,16,13
jpn_Jpan,657,17,13
jpn_Jpan,657,18,13
jpn_Jpan,657,19,13
jpn_Jpan,657,20,24
jpn_Jpan,657,21,24
jpn_Jpan,657,22,19
jpn_Jpan,657,23,13
jpn_Jpan,657,24,13
jpn_Jpan,657,25,24
jpn_Jpan,657,26,13
jpn_Jpan,657,27,34
jpn_Jpan,657,28,19
jpn_Jpan,657,29,13
jpn_Jpan,657,30,13
jpn_Jpan,657,31,13
jpn_Jpan,657,32,13
jpn_Jpan,657,33,13
jpn_Jpan,657,34,24
jpn_Jpan,657,35,47
jpn_Jpan,657,36,13
jpn_Jpan,657,37,13
jpn_Jpan,657,38,24
jpn_Jpan,657,39,13
jpn_Jpan,657,40,34
jpn_Jpan,657,41,13
jpn_Jpan,657,42,19
jpn_Jpan,657,43,39
jpn_Jpan,658,0,60
jpn_Jpan,658,1,19
jpn_Jpan,658,2,13
jpn_Jpan,658,3,61
jpn_Jpan,658,4,19
jpn_Jpan,658,5,39
jpn_Jpan,658,6,19
jpn_Jpan,658,7,13
jpn_Jpan,658,8,39
jpn_Jpan,658,9,13
jpn_Jpan,658,10,24
jpn_Jpan,658,11,52
jpn_Jpan,658,12,61
jpn_Jpan,658,13,13
jpn_Jpan,658,14,13
jpn_Jpan,658,15,24
jpn_Jpan,658,16,47
jpn_Jpan,658,17,13
jpn_Jpan,658,18,13
jpn_Jpan,658,19,13
jpn_Jpan,659,0,60
jpn_Jpan,659,1,60
jpn_Jpan,659,2,36
jpn_Jpan,659,3,1
jpn_Jpan,659,4,19
jpn_Jpan,659,5,47
jpn_Jpan,659,6,13
jpn_Jpan,659,7,61
jpn_Jpan,659,8,13
jpn_Jpan,659,9,36
jpn_Jpan,659,10,19
jpn_Jpan,659,11,13
jpn_Jpan,659,12,19
jpn_Jpan,659,13,34
jpn_Jpan,659,14,13
jpn_Jpan,659,15,34
jpn_Jpan,659,16,13
jpn_Jpan,659,17,13
jpn_Jpan,659,18,13
jpn_Jpan,659,19,19
jpn_Jpan,659,20,47
jpn_Jpan,659,21,36
jpn_Jpan,659,22,24
jpn_Jpan,659,23,19
jpn_Jpan,659,24,40
jpn_Jpan,659,25,19
jpn_Jpan,659,26,19
jpn_Jpan,659,27,13
jpn_Jpan,659,28,28
jpn_Jpan,659,29,13
jpn_Jpan,659,30,36
jpn_Jpan,659,31,34
jpn_Jpan,660,0,60
jpn_Jpan,660,1,13
jpn_Jpan,660,2,13
jpn_Jpan,660,3,13
jpn_Jpan,660,4,19
jpn_Jpan,660,5,13
jpn_Jpan,660,6,24
jpn_Jpan,660,7,13
jpn_Jpan,660,8,13
jpn_Jpan,660,9,13
jpn_Jpan,660,10,13
jpn_Jpan,660,11,19
jpn_Jpan,660,12,13
jpn_Jpan,660,13,13
jpn_Jpan,660,14,52
jpn_Jpan,660,15,52
jpn_Jpan,660,16,52
jpn_Jpan,660,17,47
jpn_Jpan,660,18,52
jpn_Jpan,660,19,52
jpn_Jpan,660,20,52
jpn_Jpan,660,21,13
jpn_Jpan,660,22,24
jpn_Jpan,660,23,13
jpn_Jpan,660,24,13
jpn_Jpan,660,25,13
jpn_Jpan,660,26,13
jpn_Jpan,660,27,19
jpn_Jpan,660,28,13
jpn_Jpan,660,29,24
jpn_Jpan,660,30,24
jpn_Jpan,660,31,61
jpn_Jpan,660,32,61
jpn_Jpan,660,33,39
jpn_Jpan,660,34,13
jpn_Jpan,660,35,13
jpn_Jpan,660,36,13
jpn_Jpan,660,37,24
jpn_Jpan,660,38,19
jpn_Jpan,660,39,36
jpn_Jpan,660,40,47
jpn_Jpan,660,41,36
jpn_Jpan,660,42,13
jpn_Jpan,660,43,13
jpn_Jpan,660,44,24
jpn_Jpan,661,0,60
jpn_Jpan,661,1,13
jpn_Jpan,661,2,13
jpn_Jpan,661,3,13
jpn_Jpan,661,4,13
jpn_Jpan,661,5,19
jpn_Jpan,661,6,13
jpn_Jpan,661,7,13
jpn_Jpan,661,8,47
jpn_Jpan,661,9,13
jpn_Jpan,661,10,13
jpn_Jpan,661,11,13
jpn_Jpan,661,12,39
jpn_Jpan,661,13,7
jpn_Jpan,661,14,12
jpn_Jpan,661,15,24
jpn_Jpan,661,16,24
jpn_Jpan,661,17,52
jpn_Jpan,661,18,37
jpn_Jpan,661,19,24
jpn_Jpan,661,20,47
jpn_Jpan,661,21,13
jpn_Jpan,661,22,34
jpn_Jpan,661,23,13
jpn_Jpan,661,24,24
jpn_Jpan,661,25,13
jpn_Jpan,661,26,13
jpn_Jpan,661,27,19
jpn_Jpan,661,28,13
jpn_Jpan,661,29,24
jpn_Jpan,661,30,13
jpn_Jpan,661,31,24
jpn_Jpan,661,32,52
jpn_Jpan,661,33,52
jpn_Jpan,661,34,13
jpn_Jpan,661,35,61
jpn_Jpan,661,36,13
jpn_Jpan,661,37,13
jpn_Jpan,661,38,19
jpn_Jpan,661,39,13
jpn_Jpan,661,40,13
jpn_Jpan,662,0,60
jpn_Jpan,662,1,13
jpn_Jpan,662,2,13
jpn_Jpan,662,3,39
jpn_Jpan,662,4,13
jpn_Jpan,662,5,61
jpn_Jpan,662,6,61
jpn_Jpan,662,7,13
jpn_Jpan,662,8,24
jpn_Jpan,662,9,19
jpn_Jpan,662,10,13
jpn_Jpan,662,11,19
jpn_Jpan,662,12,13
jpn_Jpan,662,13,24
jpn_Jpan,662,14,19
jpn_Jpan,662,15,19
jpn_Jpan,662,16,13
jpn_Jpan,662,17,19
jpn_Jpan,662,18,34
jpn_Jpan,662,19,36
jpn_Jpan,662,20,13
jpn_Jpan,662,21,13
jpn_Jpan,662,22,13
jpn_Jpan,662,23,39
jpn_Jpan,662,24,39
jpn_Jpan,662,25,13
jpn_Jpan,662,26,13
jpn_Jpan,662,27,13
jpn_Jpan,662,28,19
jpn_Jpan,662,29,13
jpn_Jpan,662,30,34
jpn_Jpan,662,31,19
jpn_Jpan,662,32,13
jpn_Jpan,662,33,13
jpn_Jpan,662,34,24
jpn_Jpan,662,35,36
jpn_Jpan,662,36,24
jpn_Jpan,662,37,13
jpn_Jpan,662,38,13
jpn_Jpan,662,39,28
jpn_Jpan,662,40,47
jpn_Jpan,662,41,19
jpn_Jpan,662,42,13
jpn_Jpan,662,43,13
jpn_Jpan,662,44,34
eng_Latn,663,0,60
eng_Latn,663,1,9
eng_Latn,663,2,22
eng_Latn,663,3,12
eng_Latn,663,4,40
eng_Latn,663,5,47
eng_Latn,663,6,9
eng_Latn,663,7,60
eng_Latn,663,8,12
eng_Latn,663,9,9
eng_Latn,663,10,60
jpn_Jpan,664,0,60
jpn_Jpan,664,1,13
jpn_Jpan,664,2,13
jpn_Jpan,664,3,13
jpn_Jpan,664,4,24
jpn_Jpan,664,5,13
jpn_Jpan,664,6,51
jpn_Jpan,664,7,13
jpn_Jpan,664,8,24
jpn_Jpan,664,9,13
jpn_Jpan,664,10,13
jpn_Jpan,664,11,24
jpn_Jpan,664,12,13
jpn_Jpan,664,13,13
jpn_Jpan,664,14,13
jpn_Jpan,664,15,13
jpn_Jpan,664,16,34
jpn_Jpan,664,17,13
jpn_Jpan,665,0,60
jpn_Jpan,665,1,13
jpn_Jpan,665,2,13
jpn_Jpan,665,3,47
jpn_Jpan,665,4,13
jpn_Jpan,665,5,19
jpn_Jpan,665,6,13
jpn_Jpan,665,7,24
jpn_Jpan,665,8,13
jpn_Jpan,665,9,34
jpn_Jpan,665,10,34
jpn_Jpan,665,11,36
jpn_Jpan,665,12,24
jpn_Jpan,665,13,13
jpn_Jpan,665,14,19
jpn_Jpan,665,15,13
jpn_Jpan,665,16,24
jpn_Jpan,665,17,13
jpn_Jpan,665,18,13
jpn_Jpan,665,19,19
jpn_Jpan,665,20,13
jpn_Jpan,665,21,13
jpn_Jpan,665,22,24
jpn_Jpan,665,23,13
jpn_Jpan,665,24,13
jpn_Jpan,665,25,19
jpn_Jpan,665,26,13
jpn_Jpan,665,27,13
jpn_Jpan,665,28,13
jpn_Jpan,665,29,13
jpn_Jpan,665,30,34
jpn_Jpan,666,0,60
jpn_Jpan,666,1,13
jpn_Jpan,666,2,7
jpn_Jpan,666,3,13
jpn_Jpan,666,4,13
jpn_Jpan,666,5,39
jpn_Jpan,666,6,13
jpn_Jpan,666,7,24
jpn_Jpan,666,8,13
jpn_Jpan,666,9,13
jpn_Jpan,666,10,9
jpn_Jpan,666,11,13
jpn_Jpan,666,12,9
jpn_Jpan,667,0,60
jpn_Jpan,667,1,13
jpn_Jpan,667,2,13
jpn_Jpan,667,3,7
jpn_Jpan,667,4,13
jpn_Jpan,667,5,61
jpn_Jpan,667,6,13
jpn_Jpan,667,7,13
jpn_Jpan,667,8,13
jpn_Jpan,667,9,19
jpn_Jpan,667,10,13
jpn_Jpan,667,11,13
jpn_Jpan,667,12,24
jpn_Jpan,667,13,19
jpn_Jpan,667,14,13
jpn_Jpan,667,15,24
jpn_Jpan,667,16,47
jpn_Jpan,667,17,19
jpn_Jpan,667,18,13
jpn_Jpan,667,19,13
jpn_Jpan,667,20,13
jpn_Jpan,667,21,34
jpn_Jpan,667,22,19
jpn_Jpan,667,23,13
jpn_Jpan,667,24,47
jpn_Jpan,667,25,47
jpn_Jpan,667,26,13
jpn_Jpan,668,0,60
jpn_Jpan,668,1,13
jpn_Jpan,668,2,47
jpn_Jpan,668,3,13
jpn_Jpan,668,4,47
jpn_Jpan,668,5,39
jpn_Jpan,668,6,7
jpn_Jpan,668,7,24
jpn_Jpan,668,8,13
jpn_Jpan,668,9,7
jpn_Jpan,668,10,13
jpn_Jpan,668,11,61
jpn_Jpan,668,12,19
jpn_Jpan,668,13,34
jpn_Jpan,668,14,24
jpn_Jpan,668,15,61
jpn_Jpan,668,16,61
jpn_Jpan,668,17,19
jpn_Jpan,668,18,13
jpn_Jpan,668,19,13
jpn_Jpan,668,20,24
jpn_Jpan,669,0,60
jpn_Jpan,669,1,36
jpn_Jpan,669,2,13
jpn_Jpan,669,3,24
jpn_Jpan,669,4,47
jpn_Jpan,669,5,13
jpn_Jpan,669,6,61
jpn_Jpan,669,7,34
jpn_Jpan,669,8,34
jpn_Jpan,669,9,13
jpn_Jpan,669,10,13
jpn_Jpan,669,11,13
jpn_Jpan,669,12,13
jpn_Jpan,669,13,24
jpn_Jpan,669,14,19
jpn_Jpan,669,15,13
jpn_Jpan,669,16,13
jpn_Jpan,669,17,24
jpn_Jpan,669,18,19
jpn_Jpan,669,19,13
jpn_Jpan,669,20,13
jpn_Jpan,669,21,24
jpn_Jpan,669,22,19
jpn_Jpan,669,23,13
jpn_Jpan,669,24,13
jpn_Jpan,669,25,24
jpn_Jpan,669,26,19
jpn_Jpan,669,27,13
jpn_Jpan,669,28,47
jpn_Jpan,669,29,13
jpn_Jpan,669,30,24
jpn_Jpan,669,31,13
jpn_Jpan,669,32,13
jpn_Jpan,669,33,24
jpn_Jpan,669,34,13
jpn_Jpan,669,35,13
jpn_Jpan,669,36,24
jpn_Jpan,669,37,13
jpn_Jpan,669,38,13
jpn_Jpan,669,39,13
jpn_Jpan,669,40,34
jpn_Jpan,670,0,60
jpn_Jpan,670,1,24
jpn_Jpan,670,2,47
jpn_Jpan,670,3,19
jpn_Jpan,670,4,13
jpn_Jpan,670,5,13
jpn_Jpan,670,6,19
jpn_Jpan,670,7,13
jpn_Jpan,670,8,24
jpn_Jpan,670,9,19
jpn_Jpan,670,10,13
jpn_Jpan,670,11,13
jpn_Jpan,670,12,13
jpn_Jpan,670,13,47
jpn_Jpan,670,14,13
jpn_Jpan,670,15,13
jpn_Jpan,670,16,13
jpn_Jpan,670,17,61
jpn_Jpan,670,18,13
jpn_Jpan,670,19,13
jpn_Jpan,670,20,13
jpn_Jpan,670,21,13
jpn_Jpan,670,22,47
jpn_Jpan,670,23,13
jpn_Jpan,670,24,13
jpn_Jpan,670,25,12
jpn_Jpan,670,26,40
jpn_Jpan,670,27,22
jpn_Jpan,670,28,61
jpn_Jpan,670,29,40
jpn_Jpan,670,30,61
jpn_Jpan,670,31,7
jpn_Jpan,670,32,13
jpn_Jpan,671,0,60
jpn_Jpan,671,1,22
jpn_Jpan,671,2,40
jpn_Jpan,671,3,39
jpn_Jpan,671,4,19
jpn_Jpan,671,5,63
jpn_Jpan,671,6,12
jpn_Jpan,671,7,58
jpn_Jpan,671,8,12
jpn_Jpan,671,9,61
jpn_Jpan,672,0,60
jpn_Jpan,672,1,47
jpn_Jpan,672,2,19
jpn_Jpan,672,3,13
jpn_Jpan,672,4,47
jpn_Jpan,672,5,47
jpn_Jpan,672,6,7
jpn_Jpan,672,7,24
jpn_Jpan,672,8,29
jpn_Jpan,672,9,19
jpn_Jpan,672,10,7
jpn_Jpan,672,11,13
jpn_Jpan,672,12,24
jpn_Jpan,672,13,19
jpn_Jpan,672,14,13
jpn_Jpan,672,15,13
jpn_Jpan,672,16,24
jpn_Jpan,672,17,24
jpn_Jpan,673,0,60
jpn_Jpan,673,1,36
jpn_Jpan,673,2,24
jpn_Jpan,673,3,52
jpn_Jpan,673,4,1
jpn_Jpan,673,5,52
jpn_Jpan,673,6,13
jpn_Jpan,673,7,24
jpn_Jpan,673,8,52
jpn_Jpan,673,9,34
jpn_Jpan,673,10,13
jpn_Jpan,673,11,36
jpn_Jpan,674,0,60
jpn_Jpan,674,1,52
jpn_Jpan,674,2,47
jpn_Jpan,674,3,47
jpn_Jpan,674,4,19
jpn_Jpan,674,5,13
jpn_Jpan,674,6,19
jpn_Jpan,674,7,39
jpn_Jpan,674,8,13
jpn_Jpan,674,9,13
jpn_Jpan,674,10,13
jpn_Jpan,674,11,24
jpn_Jpan,674,12,13
jpn_Jpan,674,13,13
jpn_Jpan,674,14,13
jpn_Jpan,674,15,47
jpn_Jpan,674,16,13
jpn_Jpan,674,17,34
jpn_Jpan,674,18,13
jpn_Jpan,674,19,24
jpn_Jpan,674,20,12
jpn_Jpan,674,21,13
jpn_Jpan,674,22,13
jpn_Jpan,674,23,19
jpn_Jpan,674,24,13
jpn_Jpan,674,25,19
jpn_Jpan,674,26,13
jpn_Jpan,674,27,13
jpn_Jpan,674,28,24
jpn_Jpan,674,29,19
jpn_Jpan,674,30,13
jpn_Jpan,674,31,19
jpn_Jpan,674,32,13
jpn_Jpan,674,33,61
jpn_Jpan,674,34,13
jpn_Jpan,674,35,24
jpn_Jpan,674,36,13
jpn_Jpan,674,37,13
jpn_Jpan,674,38,39
jpn_Jpan,674,39,24
jpn_Jpan,674,40,61
jpn_Jpan,674,41,13
jpn_Jpan,674,42,19
jpn_Jpan,674,43,13
jpn_Jpan,674,44,24
jpn_Jpan,674,45,13
jpn_Jpan,674,46,34
jpn_Jpan,674,47,34
jpn_Jpan,674,48,13
jpn_Jpan,674,49,34
jpn_Jpan,675,0,60
jpn_Jpan,675,1,24
jpn_Jpan,675,2,13
jpn_Jpan,675,3,19
jpn_Jpan,675,4,34
jpn_Jpan,675,5,13
jpn_Jpan,675,6,47
jpn_Jpan,675,7,34
jpn_Jpan,675,8,13
jpn_Jpan,675,9,13
jpn_Jpan,675,10,36
jpn_Jpan,675,11,24
jpn_Jpan,675,12,40
jpn_Jpan,675,13,40
jpn_Jpan,675,14,34
jpn_Jpan,675,15,36
jpn_Jpan,675,16,61
jpn_Jpan,675,17,61
jpn_Jpan,675,18,19
jpn_Jpan,675,19,61
jpn_Jpan,675,20,13
jpn_Jpan,675,21,61
jpn_Jpan,675,22,13
jpn_Jpan,675,23,36
jpn_Jpan,675,24,19
jpn_Jpan,675,25,13
jpn_Jpan,675,26,19
jpn_Jpan,675,27,19
jpn_Jpan,675,28,34
jpn_Jpan,675,29,13
jpn_Jpan,675,30,34
eng_Latn,676,0,60
eng_Latn,676,1,56
eng_Latn,676,2,35
eng_Latn,676,3,57
eng_Latn,676,4,20
eng_Latn,676,5,59
eng_Latn,676,6,57
eng_Latn,676,7,57
eng_Latn,676,8,59
eng_Latn,676,9,47
eng_Latn,676,10,15
jpn_Jpan,677,0,60
jpn_Jpan,677,1,13
jpn_Jpan,677,2,47
jpn_Jpan,677,3,39
jpn_Jpan,677,4,24
jpn_Jpan,677,5,47
jpn_Jpan,677,6,13
jpn_Jpan,677,7,13
jpn_Jpan,677,8,13
jpn_Jpan,677,9,13
jpn_Jpan,677,10,19
jpn_Jpan,677,11,13
jpn_Jpan,677,12,24
jpn_Jpan,677,13,19
jpn_Jpan,677,14,47
jpn_Jpan,677,15,39
jpn_Jpan,677,16,34
eng_Latn,678,0,60
eng_Latn,678,1,63
eng_Latn,678,2,18
eng_Latn,678,3,5
eng_Latn,678,4,16
eng_Latn,678,5,5
eng_Latn,678,6,14
eng_Latn,678,7,26
eng_Latn,679,0,60
eng_Latn,679,1,52
eng_Latn,679,2,1
eng_Latn,679,3,22
eng_Latn,679,4,12
eng_Latn,679,5,54
eng_Latn,679,6,24
eng_Latn,679,7,46
eng_Latn,679,8,46
eng_Latn,679,9,7
eng_Latn,679,10,48
eng_Latn,679,11,16
eng_Latn,680,0,60
eng_Latn,680,1,40
eng_Latn,680,2,43
eng_Latn,680,3,57
eng_Latn,680,4,61
eng_Latn,680,5,31
jpn_Jpan,681,0,60
jpn_Jpan,681,1,61
jpn_Jpan,681,2,13
jpn_Jpan,681,3,13
jpn_Jpan,681,4,36
jpn_Jpan,681,5,13
jpn_Jpan,681,6,13
jpn_Jpan,681,7,13
jpn_Jpan,681,8,13
jpn_Jpan,681,9,47
jpn_Jpan,681,10,13
jpn_Jpan,681,11,13
jpn_Jpan,681,12,13
jpn_Jpan,681,13,19
jpn_Jpan,681,14,13
jpn_Jpan,681,15,34
jpn_Jpan,681,16,13
jpn_Jpan,681,17,13
jpn_Jpan,681,18,34
jpn_Jpan,681,19,36
jpn_Jpan,681,20,13
jpn_Jpan,681,21,34
jpn_Jpan,681,22,13
jpn_Jpan,681,23,34
jpn_Jpan,682,0,60
jpn_Jpan,682,1,52
jpn_Jpan,682,2,19
jpn_Jpan,682,3,13
jpn_Jpan,682,4,19
jpn_Jpan,682,5,13
jpn_Jpan,682,6,52
jpn_Jpan,682,7,26
jpn_Jpan,682,8,19
jpn_Jpan,682,9,47
jpn_Jpan,682,10,13
jpn_Jpan,682,11,13
jpn_Jpan,682,12,13
jpn_Jpan,682,13,13
jpn_Jpan,682,14,13
jpn_Jpan,682,15,13
jpn_Jpan,682,16,24
jpn_Jpan,682,17,24
jpn_Jpan,682,18,12
jpn_Jpan,682,19,19
jpn_Jpan,682,20,36
jpn_Jpan,682,21,47
jpn_Jpan,682,22,19
jpn_Jpan,682,23,36
jpn_Jpan,682,24,47
jpn_Jpan,682,25,13
jpn_Jpan,682,26,13
jpn_Jpan,682,27,19
jpn_Jpan,682,28,13
jpn_Jpan,682,29,13
jpn_Jpan,682,30,24
jpn_Jpan,682,31,13
jpn_Jpan,682,32,13
jpn_Jpan,682,33,13
jpn_Jpan,682,34,24
jpn_Jpan,682,35,19
jpn_Jpan,682,36,13
jpn_Jpan,682,37,47
jpn_Jpan,682,38,19
jpn_Jpan,682,39,13
jpn_Jpan,682,40,61
jpn_Jpan,682,41,19
jpn_Jpan,682,42,13
jpn_Jpan,682,43,13
jpn_Jpan,682,44,13
jpn_Jpan,682,45,19
jpn_Jpan,682,46,19
jpn_Jpan,682,47,34
jpn_Jpan,682,48,13
jpn_Jpan,682,49,13
jpn_Jpan,683,0,60
jpn_Jpan,683,1,13
jpn_Jpan,683,2,36
jpn_Jpan,683,3,24
jpn_Jpan,683,4,13
jpn_Jpan,683,5,24
jpn_Jpan,683,6,24
jpn_Jpan,683,7,19
jpn_Jpan,683,8,13
jpn_Jpan,683,9,19
jpn_Jpan,683,10,13
jpn_Jpan,683,11,13
jpn_Jpan,683,12,24
jpn_Jpan,683,13,19
jpn_Jpan,683,14,13
jpn_Jpan,683,15,19
jpn_Jpan,683,16,13
jpn_Jpan,683,17,13
jpn_Jpan,683,18,24
jpn_Jpan,683,19,24
jpn_Jpan,683,20,13
jpn_Jpan,683,21,13
jpn_Jpan,683,22,24
jpn_Jpan,683,23,24
jpn_Jpan,683,24,19
jpn_Jpan,683,25,13
jpn_Jpan,683,26,13
jpn_Jpan,683,27,13
jpn_Jpan,683,28,13
jpn_Jpan,683,29,7
jpn_Jpan,683,30,13
jpn_Jpan,683,31,13
jpn_Jpan,683,32,13
jpn_Jpan,683,33,24
jpn_Jpan,683,34,13
jpn_Jpan,683,35,24
jpn_Jpan,683,36,24
jpn_Jpan,683,37,13
jpn_Jpan,683,38,34
jpn_Jpan,683,39,13
jpn_Jpan,683,40,51
jpn_Jpan,683,41,39
jpn_Jpan,683,42,13
jpn_Jpan,683,43,34
eng_Latn,684,0,60
eng_Latn,684,1,47
eng_Latn,684,2,1
eng_Latn,684,3,52
eng_Latn,684,4,52
eng_Latn,684,5,49
eng_Latn,684,6,49
eng_Latn,685,0,60
eng_Latn,685,1,9
eng_Latn,685,2,38
eng_Latn,685,3,15
eng_Latn,685,4,56
eng_Latn,685,5,63
eng_Latn,685,6,57
eng_Latn,685,7,30
eng_Latn,685,8,52
eng_Latn,685,9,63
jpn_Jpan,686,0,60
jpn_Jpan,686,1,19
jpn_Jpan,686,2,13
jpn_Jpan,686,3,19
jpn_Jpan,686,4,52
jpn_Jpan,686,5,24
jpn_Jpan,686,6,19
jpn_Jpan,686,7,13
jpn_Jpan,686,8,24
jpn_Jpan,686,9,52
jpn_Jpan,686,10,1
jpn_Jpan,686,11,13
jpn_Jpan,686,12,24
jpn_Jpan,686,13,24
jpn_Jpan,686,14,13
jpn_Jpan,686,15,19
jpn_Jpan,686,16,34
jpn_Jpan,686,17,13
jpn_Jpan,686,18,13
jpn_Jpan,686,19,13
jpn_Jpan,686,20,36
jpn_Jpan,686,21,24
jpn_Jpan,686,22,47
jpn_Jpan,686,23,13
jpn_Jpan,686,24,13
jpn_Jpan,686,25,13
jpn_Jpan,686,26,13
jpn_Jpan,686,27,13
jpn_Jpan,686,28,24
jpn_Jpan,686,29,52
jpn_Jpan,686,30,13
jpn_Jpan,686,31,24
jpn_Jpan,686,32,13
jpn_Jpan,686,33,13
jpn_Jpan,686,34,13
jpn_Jpan,686,35,13
jpn_Jpan,686,36,13
jpn_Jpan,686,37,13
eng_Latn,687,0,60
eng_Latn,687,1,57
eng_Latn,687,2,41
eng_Latn,687,3,17
eng_Latn,687,4,17
eng_Latn,687,5,16
eng_Latn,687,6,20
eng_Latn,687,7,54
eng_Latn,687,8,38
eng_Latn,687,9,15
jpn_Jpan,688,0,60
jpn_Jpan,688,1,36
jpn_Jpan,688,2,24
jpn_Jpan,688,3,13
jpn_Jpan,688,4,19
jpn_Jpan,688,5,13
jpn_Jpan,688,6,13
jpn_Jpan,688,7,13
jpn_Jpan,688,8,13
jpn_Jpan,688,9,34
jpn_Jpan,688,10,13
jpn_Jpan,688,11,24
jpn_Jpan,688,12,24
jpn_Jpan,688,13,13
jpn_Jpan,688,14,13
jpn_Jpan,688,15,52
jpn_Jpan,688,16,13
jpn_Jpan,688,17,13
jpn_Jpan,688,18,24
jpn_Jpan,688,19,13
jpn_Jpan,688,20,13
jpn_Jpan,688,21,13
jpn_Jpan,688,22,13
jpn_Jpan,688,23,13
jpn_Jpan,688,24,24
jpn_Jpan,688,25,24
jpn_Jpan,688,26,19
jpn_Jpan,688,27,13
jpn_Jpan,688,28,13
jpn_Jpan,688,29,24
jpn_Jpan,688,30,24
jpn_Jpan,688,31,47
jpn_Jpan,688,32,13
jpn_Jpan,688,33,19
jpn_Jpan,688,34,13
jpn_Jpan,688,35,24
jpn_Jpan,688,36,24
jpn_Jpan,688,37,13
jpn_Jpan,688,38,24
jpn_Jpan,688,39,13
jpn_Jpan,688,40,24
jpn_Jpan,688,41,19
jpn_Jpan,688,42,13
jpn_Jpan,688,43,19
jpn_Jpan,688,44,19
jpn_Jpan,688,45,13
jpn_Jpan,688,46,13
jpn_Jpan,688,47,24
eng_Latn,689,0,60
eng_Latn,689,1,38
eng_Latn,689,2,3
eng_Latn,689,3,19
eng_Latn,689,4,48
eng_Latn,689,5,57
eng_Latn,689,6,16
eng_Latn,689,7,37
eng_Latn,689,8,37
eng_Latn,689,9,15
jpn_Jpan,690,0,60
jpn_Jpan,690,1,24
jpn_Jpan,690,2,19
jpn_Jpan,690,3,13
jpn_Jpan,690,4,61
jpn_Jpan,690,5,13
jpn_Jpan,690,6,13
jpn_Jpan,690,7,24
jpn_Jpan,690,8,13
jpn_Jpan,690,9,13
jpn_Jpan,690,10,24
jpn_Jpan,690,11,19
jpn_Jpan,690,12,13
jpn_Jpan,690,13,24
jpn_Jpan,690,14,47
jpn_Jpan,690,15,13
eng_Latn,691,0,60
eng_Latn,691,1,13
eng_Latn,691,2,13
eng_Latn,691,3,5
eng_Latn,691,4,7
eng_Latn,692,0,60
eng_Latn,692,1,56
eng_Latn,692,2,48
eng_Latn,692,3,56
eng_Latn,692,4,46
jpn_Jpan,693,0,60
jpn_Jpan,693,1,13
jpn_Jpan,693,2,13
jpn_Jpan,693,3,36
jpn_Jpan,693,4,24
jpn_Jpan,693,5,7
jpn_Jpan,693,6,36
jpn_Jpan,693,7,13
jpn_Jpan,693,8,13
jpn_Jpan,693,9,13
jpn_Jpan,693,10,24
jpn_Jpan,693,11,13
jpn_Jpan,693,12,24
jpn_Jpan,693,13,13
jpn_Jpan,693,14,34
jpn_Jpan,693,15,24
jpn_Jpan,693,16,24
jpn_Jpan,693,17,19
jpn_Jpan,693,18,36
jpn_Jpan,693,19,13
jpn_Jpan,693,20,24
jpn_Jpan,693,21,13
jpn_Jpan,693,22,13
jpn_Jpan,693,23,13
jpn_Jpan,693,24,13
jpn_Jpan,693,25,13
jpn_Jpan,693,26,13
jpn_Jpan,693,27,13
jpn_Jpan,693,28,24
jpn_Jpan,693,29,13
jpn_Jpan,693,30,24
jpn_Jpan,693,31,24
jpn_Jpan,693,32,19
jpn_Jpan,693,33,13
jpn_Jpan,693,34,13
jpn_Jpan,693,35,13
jpn_Jpan,693,36,13
jpn_Jpan,693,37,13
jpn_Jpan,693,38,13
jpn_Jpan,693,39,13
jpn_Jpan,693,40,13
jpn_Jpan,693,41,51
jpn_Jpan,694,0,60
jpn_Jpan,694,1,52
jpn_Jpan,694,2,24
jpn_Jpan,694,3,61
jpn_Jpan,694,4,13
jpn_Jpan,694,5,19
jpn_Jpan,694,6,13
jpn_Jpan,694,7,34
jpn_Jpan,694,8,24
jpn_Jpan,694,9,52
jpn_Jpan,694,10,19
jpn_Jpan,694,11,13
jpn_Jpan,694,12,24
jpn_Jpan,694,13,13
jpn_Jpan,694,14,13
jpn_Jpan,694,15,13
jpn_Jpan,694,16,13
jpn_Jpan,694,17,13
jpn_Jpan,694,18,34
jpn_Jpan,694,19,13
jpn_Jpan,694,20,13
jpn_Jpan,694,21,13
jpn_Jpan,694,22,34
jpn_Jpan,695,0,60
jpn_Jpan,695,1,61
jpn_Jpan,695,2,13
jpn_Jpan,695,3,24
jpn_Jpan,695,4,61
jpn_Jpan,695,5,13
jpn_Jpan,695,6,13
jpn_Jpan,695,7,13
jpn_Jpan,695,8,47
jpn_Jpan,695,9,13
jpn_Jpan,695,10,19
jpn_Jpan,695,11,13
jpn_Jpan,695,12,13
jpn_Jpan,695,13,13
jpn_Jpan,695,14,13
jpn_Jpan,695,15,13
jpn_Jpan,695,16,13
jpn_Jpan,695,17,24
jpn_Jpan,695,18,19
jpn_Jpan,695,19,13
jpn_Jpan,695,20,19
jpn_Jpan,695,21,13
jpn_Jpan,695,22,13
jpn_Jpan,695,23,24
jpn_Jpan,695,24,58
jpn_Jpan,695,25,12
jpn_Jpan,695,26,47
jpn_Jpan,695,27,40
eng_Latn,696,0,60
eng_Latn,696,1,15
eng_Latn,696,2,23
eng_Latn,696,3,48
eng_Latn,696,4,56
eng_Latn,696,5,16
eng_Latn,696,6,54
eng_Latn,696,7,63
eng_Latn,697,0,60
eng_Latn,697,1,37
eng_Latn,697,2,62
eng_Latn,697,3,12
eng_Latn,697,4,35
eng_Latn,697,5,22
eng_Latn,697,6,16
eng_Latn,698,0,60
eng_Latn,698,1,49
eng_Latn,698,2,39
eng_Latn,698,3,11
eng_Latn,698,4,47
eng_Latn,698,5,47
jpn_Jpan,699,0,60
jpn_Jpan,699,1,13
jpn_Jpan,699,2,36
jpn_Jpan,699,3,24
jpn_Jpan,699,4,11
jpn_Jpan,699,5,13
jpn_Jpan,699,6,24
jpn_Jpan,699,7,7
jpn_Jpan,699,8,13
jpn_Jpan,699,9,24
jpn_Jpan,699,10,13
jpn_Jpan,699,11,13
jpn_Jpan,699,12,13
jpn_Jpan,699,13,13
jpn_Jpan,699,14,24
jpn_Jpan,699,15,19
jpn_Jpan,699,16,13
jpn_Jpan,699,17,13
jpn_Jpan,699,18,34
jpn_Jpan,699,19,24
jpn_Jpan,699,20,24
jpn_Jpan,699,21,36
jpn_Jpan,699,22,24
jpn_Jpan,699,23,13
jpn_Jpan,699,24,19
jpn_Jpan,699,25,13
jpn_Jpan,699,26,13
jpn_Jpan,699,27,13
jpn_Jpan,699,28,13
jpn_Jpan,699,29,34
jpn_Jpan,699,30,51
jpn_Jpan,699,31,34
jpn_Jpan,699,32,13
jpn_Jpan,699,33,13
jpn_Jpan,699,34,13
jpn_Jpan,699,35,19
jpn_Jpan,699,36,13
jpn_Jpan,699,37,24
jpn_Jpan,699,38,34
eng_Latn,700,0,60
eng_Latn,700,1,15
eng_Latn,700,2,56
eng_Latn,700,3,63
eng_Latn,700,4,37
jpn_Jpan,701,0,60
jpn_Jpan,701,1,13
jpn_Jpan,701,2,13
jpn_Jpan,701,3,13
jpn_Jpan,701,4,36
jpn_Jpan,701,5,24
jpn_Jpan,701,6,24
jpn_Jpan,701,7,13
jpn_Jpan,701,8,19
jpn_Jpan,701,9,39
jpn_Jpan,701,10,36
jpn_Jpan,701,11,13
jpn_Jpan,701,12,34
jpn_Jpan,701,13,13
jpn_Jpan,701,14,24
jpn_Jpan,701,15,13
jpn_Jpan,701,16,13
jpn_Jpan,701,17,13
jpn_Jpan,701,18,13
jpn_Jpan,701,19,34
eng_Latn,702,0,60
eng_Latn,702,1,45
eng_Latn,702,2,45
eng_Latn,702,3,35
eng_Latn,702,4,19
eng_Latn,702,5,20
eng_Latn,702,6,6
eng_Latn,702,7,45
eng_Latn,702,8,36
eng_Latn,702,9,16
eng_Latn,703,0,60
eng_Latn,703,1,39
eng_Latn,703,2,5
eng_Latn,703,3,35
eng_Latn,703,4,18
eng_Latn,703,5,14
eng_Latn,703,6,18
eng_Latn,703,7,14
eng_Latn,703,8,14
eng_Latn,703,9,47
jpn_Jpan,704,0,60
jpn_Jpan,704,1,47
jpn_Jpan,704,2,39
jpn_Jpan,704,3,13
jpn_Jpan,704,4,13
jpn_Jpan,704,5,24
jpn_Jpan,704,6,52
jpn_Jpan,704,7,19
jpn_Jpan,704,8,13
jpn_Jpan,704,9,24
jpn_Jpan,704,10,13
jpn_Jpan,704,11,26
jpn_Jpan,704,12,19
jpn_Jpan,704,13,13
jpn_Jpan,704,14,13
jpn_Jpan,704,15,24
eng_Latn,705,0,60
eng_Latn,705,1,19
eng_Latn,705,2,40
eng_Latn,705,3,18
eng_Latn,705,4,2
eng_Latn,705,5,37
eng_Latn,705,6,38
eng_Latn,705,7,46
eng_Latn,705,8,12
eng_Latn,705,9,40
eng_Latn,705,10,7
jpn_Jpan,706,0,60
jpn_Jpan,706,1,24
jpn_Jpan,706,2,19
jpn_Jpan,706,3,19
jpn_Jpan,706,4,39
jpn_Jpan,706,5,7
jpn_Jpan,706,6,49
jpn_Jpan,706,7,36
jpn_Jpan,706,8,13
jpn_Jpan,706,9,13
jpn_Jpan,706,10,34
jpn_Jpan,706,11,24
jpn_Jpan,706,12,19
jpn_Jpan,706,13,13
jpn_Jpan,706,14,13
jpn_Jpan,706,15,24
jpn_Jpan,706,16,29
jpn_Jpan,706,17,34
jpn_Jpan,706,18,24
jpn_Jpan,706,19,13
jpn_Jpan,706,20,24
jpn_Jpan,706,21,1
jpn_Jpan,706,22,19
jpn_Jpan,706,23,13
jpn_Jpan,706,24,19
jpn_Jpan,706,25,13
jpn_Jpan,706,26,13
jpn_Jpan,706,27,24
jpn_Jpan,706,28,13
jpn_Jpan,706,29,13
jpn_Jpan,706,30,24
jpn_Jpan,706,31,13
jpn_Jpan,706,32,19
jpn_Jpan,706,33,13
jpn_Jpan,706,34,13
jpn_Jpan,706,35,34
jpn_Jpan,707,0,60
jpn_Jpan,707,1,13
jpn_Jpan,707,2,13
jpn_Jpan,707,3,24
jpn_Jpan,707,4,13
jpn_Jpan,707,5,36
jpn_Jpan,707,6,24
jpn_Jpan,707,7,24
jpn_Jpan,707,8,13
jpn_Jpan,707,9,34
jpn_Jpan,707,10,19
jpn_Jpan,707,11,13
jpn_Jpan,707,12,36
jpn_Jpan,707,13,36
jpn_Jpan,707,14,13
jpn_Jpan,707,15,13
jpn_Jpan,707,16,13
jpn_Jpan,707,17,13
jpn_Jpan,707,18,36
jpn_Jpan,707,19,13
jpn_Jpan,707,20,24
jpn_Jpan,707,21,13
jpn_Jpan,707,22,13
jpn_Jpan,707,23,36
jpn_Jpan,707,24,19
jpn_Jpan,707,25,13
jpn_Jpan,707,26,34
jpn_Jpan,707,27,34
jpn_Jpan,707,28,13
jpn_Jpan,707,29,13
jpn_Jpan,707,30,13
jpn_Jpan,707,31,13
jpn_Jpan,707,32,13
jpn_Jpan,707,33,13
jpn_Jpan,707,34,13
jpn_Jpan,707,35,51
jpn_Jpan,708,0,60
jpn_Jpan,708,1,39
jpn_Jpan,708,2,13
jpn_Jpan,708,3,61
jpn_Jpan,708,4,19
jpn_Jpan,708,5,13
jpn_Jpan,708,6,13
jpn_Jpan,708,7,19
jpn_Jpan,708,8,13
jpn_Jpan,708,9,47
jpn_Jpan,708,10,13
jpn_Jpan,708,11,12
jpn_Jpan,708,12,27
jpn_Jpan,708,13,47
jpn_Jpan,708,14,13
jpn_Jpan,708,15,13
jpn_Jpan,708,16,24
jpn_Jpan,708,17,47
jpn_Jpan,708,18,13
jpn_Jpan,708,19,19
jpn_Jpan,708,20,13
jpn_Jpan,709,0,60
jpn_Jpan,709,1,47
jpn_Jpan,709,2,19
jpn_Jpan,709,3,47
jpn_Jpan,709,4,47
jpn_Jpan,709,5,47
jpn_Jpan,709,6,39
jpn_Jpan,709,7,13
jpn_Jpan,709,8,13
jpn_Jpan,709,9,36
jpn_Jpan,709,10,24
jpn_Jpan,709,11,19
jpn_Jpan,709,12,13
jpn_Jpan,709,13,13
jpn_Jpan,709,14,13
jpn_Jpan,709,15,24
jpn_Jpan,709,16,24
jpn_Jpan,709,17,19
jpn_Jpan,709,18,13
jpn_Jpan,709,19,47
jpn_Jpan,709,20,24
jpn_Jpan,709,21,24
jpn_Jpan,709,22,24
jpn_Jpan,709,23,13
jpn_Jpan,709,24,13
jpn_Jpan,709,25,24
jpn_Jpan,709,26,13
jpn_Jpan,709,27,13
jpn_Jpan,709,28,9
jpn_Jpan,709,29,9
jpn_Jpan,709,30,11
jpn_Jpan,709,31,24
jpn_Jpan,709,32,19
jpn_Jpan,709,33,13
jpn_Jpan,709,34,13
jpn_Jpan,710,0,60
jpn_Jpan,710,1,1
jpn_Jpan,710,2,13
jpn_Jpan,710,3,19
jpn_Jpan,710,4,24
jpn_Jpan,710,5,24
jpn_Jpan,710,6,52
jpn_Jpan,710,7,52
jpn_Jpan,710,8,52
jpn_Jpan,710,9,52
jpn_Jpan,710,10,47
jpn_Jpan,710,11,13
jpn_Jpan,710,12,24
jpn_Jpan,710,13,19
jpn_Jpan,710,14,13
jpn_Jpan,710,15,19
jpn_Jpan,710,16,13
jpn_Jpan,710,17,13
jpn_Jpan,710,18,19
jpn_Jpan,710,19,13
jpn_Jpan,710,20,13
jpn_Jpan,710,21,24
jpn_Jpan,710,22,13
jpn_Jpan,710,23,13
jpn_Jpan,710,24,24
jpn_Jpan,710,25,13
jpn_Jpan,710,26,47
jpn_Jpan,710,27,34
jpn_Jpan,710,28,13
jpn_Jpan,710,29,13
jpn_Jpan,710,30,34
jpn_Jpan,710,31,13
jpn_Jpan,710,32,19
jpn_Jpan,710,33,13
jpn_Jpan,710,34,13
jpn_Jpan,710,35,13
jpn_Jpan,710,36,13
jpn_Jpan,710,37,34
jpn_Jpan,711,0,60
jpn_Jpan,711,1,19
jpn_Jpan,711,2,36
jpn_Jpan,711,3,24
jpn_Jpan,711,4,13
jpn_Jpan,711,5,36
jpn_Jpan,711,6,13
jpn_Jpan,711,7,36
jpn_Jpan,711,8,36
jpn_Jpan,711,9,13
jpn_Jpan,711,10,13
jpn_Jpan,711,11,13
jpn_Jpan,711,12,13
jpn_Jpan,711,13,19
jpn_Jpan,711,14,13
jpn_Jpan,711,15,13
jpn_Jpan,711,16,39
jpn_Jpan,711,17,13
jpn_Jpan,711,18,13
jpn_Jpan,712,0,60
jpn_Jpan,712,1,13
jpn_Jpan,712,2,19
jpn_Jpan,712,3,13
jpn_Jpan,712,4,34
jpn_Jpan,712,5,24
jpn_Jpan,712,6,24
jpn_Jpan,712,7,13
jpn_Jpan,712,8,13
jpn_Jpan,712,9,39
jpn_Jpan,712,10,47
jpn_Jpan,712,11,61
jpn_Jpan,712,12,13
jpn_Jpan,712,13,13
jpn_Jpan,712,14,24
jpn_Jpan,712,15,13
jpn_Jpan,712,16,13
jpn_Jpan,712,17,24
jpn_Jpan,712,18,24
jpn_Jpan,712,19,61
jpn_Jpan,712,20,19
jpn_Jpan,712,21,61
jpn_Jpan,712,22,47
jpn_Jpan,712,23,13
jpn_Jpan,712,24,47
jpn_Jpan,712,25,47
jpn_Jpan,712,26,13
jpn_Jpan,712,27,13
jpn_Jpan,712,28,24
jpn_Jpan,712,29,19
jpn_Jpan,712,30,13
jpn_Jpan,712,31,13
jpn_Jpan,712,32,13
jpn_Jpan,712,33,13
jpn_Jpan,712,34,47
jpn_Jpan,712,35,13
jpn_Jpan,712,36,13
jpn_Jpan,712,37,34
jpn_Jpan,712,38,51
jpn_Jpan,712,39,34
jpn_Jpan,713,0,60
jpn_Jpan,713,1,13
jpn_Jpan,713,2,24
jpn_Jpan,713,3,24
jpn_Jpan,713,4,13
jpn_Jpan,713,5,24
jpn_Jpan,713,6,13
jpn_Jpan,713,7,19
jpn_Jpan,713,8,47
jpn_Jpan,713,9,13
jpn_Jpan,713,10,39
jpn_Jpan,713,11,61
jpn_Jpan,713,12,19
jpn_Jpan,713,13,36
jpn_Jpan,713,14,24
jpn_Jpan,713,15,19
jpn_Jpan,713,16,13
jpn_Jpan,713,17,13
jpn_Jpan,713,18,13
jpn_Jpan,713,19,36
jpn_Jpan,713,20,24
jpn_Jpan,713,21,34
jpn_Jpan,714,0,60
jpn_Jpan,714,1,13
jpn_Jpan,714,2,13
jpn_Jpan,714,3,13
jpn_Jpan,714,4,39
jpn_Jpan,714,5,13
jpn_Jpan,714,6,13
jpn_Jpan,714,7,39
jpn_Jpan,714,8,19
jpn_Jpan,714,9,19
jpn_Jpan,714,10,13
jpn_Jpan,714,11,13
jpn_Jpan,714,12,61
jpn_Jpan,714,13,13
jpn_Jpan,714,14,13
jpn_Jpan,714,15,61
jpn_Jpan,714,16,13
jpn_Jpan,714,17,61
jpn_Jpan,714,18,13
jpn_Jpan,714,19,11
jpn_Jpan,714,20,12
jpn_Jpan,714,21,13
jpn_Jpan,714,22,61
jpn_Jpan,714,23,13
jpn_Jpan,714,24,47
jpn_Jpan,714,25,13
jpn_Jpan,714,26,13
jpn_Jpan,714,27,61
jpn_Jpan,714,28,19
jpn_Jpan,714,29,19
jpn_Jpan,714,30,13
jpn_Jpan,714,31,12
jpn_Jpan,714,32,58
jpn_Jpan,714,33,12
jpn_Jpan,714,34,60
eng_Latn,715,0,60
eng_Latn,715,1,20
eng_Latn,715,2,34
eng_Latn,715,3,51
eng_Latn,716,0,60
eng_Latn,716,1,33
eng_Latn,716,2,29
eng_Latn,716,3,33
eng_Latn,716,4,33
eng_Latn,716,5,33
eng_Latn,716,6,33
eng_Latn,716,7,57
eng_Latn,716,8,33
eng_Latn,716,9,46
jpn_Jpan,717,0,60
jpn_Jpan,717,1,13
jpn_Jpan,717,2,13
jpn_Jpan,717,3,47
jpn_Jpan,717,4,13
jpn_Jpan,717,5,13
jpn_Jpan,717,6,13
jpn_Jpan,717,7,47
jpn_Jpan,717,8,13
jpn_Jpan,717,9,13
jpn_Jpan,717,10,13
jpn_Jpan,717,11,24
jpn_Jpan,717,12,9
jpn_Jpan,717,13,13
jpn_Jpan,717,14,24
jpn_Jpan,717,15,47
jpn_Jpan,717,16,47
jpn_Jpan,717,17,39
jpn_Jpan,717,18,24
jpn_Jpan,717,19,24
jpn_Jpan,717,20,19
jpn_Jpan,717,21,13
jpn_Jpan,717,22,19
jpn_Jpan,717,23,24
jpn_Jpan,717,24,19
jpn_Jpan,717,25,13
jpn_Jpan,717,26,13
jpn_Jpan,717,27,24
jpn_Jpan,717,28,13
jpn_Jpan,717,29,61
jpn_Jpan,717,30,13
jpn_Jpan,717,31,13
eng_Latn,718,0,60
eng_Latn,718,1,11
eng_Latn,718,2,22
eng_Latn,718,3,63
eng_Latn,718,4,60
eng_Latn,718,5,14
eng_Latn,718,6,40
eng_Latn,718,7,60
jpn_Jpan,719,0,60
jpn_Jpan,719,1,13
jpn_Jpan,719,2,13
jpn_Jpan,719,3,13
jpn_Jpan,719,4,13
jpn_Jpan,719,5,61
jpn_Jpan,719,6,39
jpn_Jpan,719,7,13
jpn_Jpan,719,8,24
jpn_Jpan,719,9,19
jpn_Jpan,719,10,13
jpn_Jpan,719,11,13
jpn_Jpan,719,12,13
jpn_Jpan,719,13,24
jpn_Jpan,719,14,24
jpn_Jpan,719,15,19
jpn_Jpan,719,16,13
jpn_Jpan,719,17,19
jpn_Jpan,719,18,13
jpn_Jpan,719,19,13
jpn_Jpan,719,20,13
jpn_Jpan,719,21,24
jpn_Jpan,719,22,47
jpn_Jpan,719,23,13
jpn_Jpan,719,24,19
jpn_Jpan,719,25,7
jpn_Jpan,719,26,13
jpn_Jpan,719,27,13
jpn_Jpan,719,28,34
jpn_Jpan,720,0,60
jpn_Jpan,720,1,36
jpn_Jpan,720,2,24
jpn_Jpan,720,3,13
jpn_Jpan,720,4,34
jpn_Jpan,720,5,24
jpn_Jpan,720,6,52
jpn_Jpan,720,7,34
jpn_Jpan,720,8,13
jpn_Jpan,720,9,24
jpn_Jpan,720,10,19
jpn_Jpan,720,11,13
jpn_Jpan,720,12,36
jpn_Jpan,720,13,52
jpn_Jpan,720,14,52
jpn_Jpan,720,15,52
jpn_Jpan,720,16,52
jpn_Jpan,720,17,47
jpn_Jpan,720,18,13
jpn_Jpan,720,19,19
jpn_Jpan,720,20,13
jpn_Jpan,720,21,24
jpn_Jpan,720,22,19
jpn_Jpan,720,23,13
jpn_Jpan,720,24,19
jpn_Jpan,720,25,47
jpn_Jpan,720,26,34
jpn_Jpan,720,27,13
jpn_Jpan,720,28,13
jpn_Jpan,720,29,36
jpn_Jpan,720,30,24
jpn_Jpan,720,31,19
jpn_Jpan,720,32,13
jpn_Jpan,720,33,24
jpn_Jpan,720,34,24
jpn_Jpan,720,35,52
jpn_Jpan,720,36,13
eng_Latn,721,0,60
eng_Latn,721,1,40
eng_Latn,721,2,19
eng_Latn,721,3,7
eng_Latn,721,4,52
eng_Latn,721,5,1
eng_Latn,721,6,52
eng_Latn,721,7,37
eng_Latn,721,8,1
eng_Latn,721,9,9
eng_Latn,721,10,1
jpn_Jpan,722,0,60
jpn_Jpan,722,1,13
jpn_Jpan,722,2,52
jpn_Jpan,722,3,1
jpn_Jpan,722,4,52
jpn_Jpan,722,5,13
jpn_Jpan,722,6,9
jpn_Jpan,722,7,13
jpn_Jpan,722,8,61
jpn_Jpan,722,9,19
jpn_Jpan,722,10,19
jpn_Jpan,722,11,22
jpn_Jpan,722,12,13
jpn_Jpan,722,13,19
jpn_Jpan,722,14,13
jpn_Jpan,722,15,19
jpn_Jpan,722,16,13
jpn_Jpan,722,17,11
jpn_Jpan,722,18,61
jpn_Jpan,722,19,22
jpn_Jpan,722,20,61
jpn_Jpan,722,21,13
jpn_Jpan,722,22,12
jpn_Jpan,722,23,61
jpn_Jpan,722,24,40
jpn_Jpan,722,25,61
jpn_Jpan,722,26,13
jpn_Jpan,722,27,42
jpn_Jpan,722,28,19
jpn_Jpan,722,29,13
jpn_Jpan,722,30,13
jpn_Jpan,723,0,60
jpn_Jpan,723,1,13
jpn_Jpan,723,2,13
jpn_Jpan,723,3,47
jpn_Jpan,723,4,13
jpn_Jpan,723,5,19
jpn_Jpan,723,6,47
jpn_Jpan,723,7,13
jpn_Jpan,723,8,47
jpn_Jpan,723,9,13
jpn_Jpan,723,10,24
jpn_Jpan,723,11,61
jpn_Jpan,723,12,13
jpn_Jpan,723,13,13
jpn_Jpan,723,14,13
jpn_Jpan,723,15,36
jpn_Jpan,723,16,13
jpn_Jpan,723,17,24
jpn_Jpan,723,18,13
jpn_Jpan,723,19,9
jpn_Jpan,723,20,9
jpn_Jpan,723,21,11
jpn_Jpan,723,22,13
jpn_Jpan,723,23,13
jpn_Jpan,723,24,13
jpn_Jpan,723,25,19
jpn_Jpan,723,26,13
jpn_Jpan,723,27,24
jpn_Jpan,723,28,13
jpn_Jpan,723,29,19
jpn_Jpan,723,30,24
jpn_Jpan,723,31,19
jpn_Jpan,723,32,47
jpn_Jpan,723,33,13
jpn_Jpan,723,34,13
jpn_Jpan,723,35,13
jpn_Jpan,723,36,13
jpn_Jpan,723,37,13
jpn_Jpan,724,0,60
jpn_Jpan,724,1,13
jpn_Jpan,724,2,52
jpn_Jpan,724,3,1
jpn_Jpan,724,4,52
jpn_Jpan,724,5,13
jpn_Jpan,724,6,12
jpn_Jpan,724,7,13
jpn_Jpan,724,8,61
jpn_Jpan,724,9,19
jpn_Jpan,724,10,19
jpn_Jpan,724,11,22
jpn_Jpan,724,12,13
jpn_Jpan,724,13,19
jpn_Jpan,724,14,13
jpn_Jpan,724,15,19
jpn_Jpan,724,16,13
jpn_Jpan,724,17,11
jpn_Jpan,724,18,26
jpn_Jpan,724,19,19
jpn_Jpan,724,20,36
jpn_Jpan,724,21,19
jpn_Jpan,724,22,13
jpn_Jpan,724,23,36
jpn_Jpan,724,24,19
jpn_Jpan,724,25,13
jpn_Jpan,724,26,11
jpn_Jpan,724,27,26
jpn_Jpan,724,28,27
jpn_Jpan,724,29,39
jpn_Jpan,724,30,19
jpn_Jpan,724,31,39
jpn_Jpan,724,32,42
jpn_Jpan,724,33,19
jpn_Jpan,724,34,13
jpn_Jpan,724,35,13
jpn_Jpan,725,0,60
jpn_Jpan,725,1,47
jpn_Jpan,725,2,13
jpn_Jpan,725,3,47
jpn_Jpan,725,4,19
jpn_Jpan,725,5,13
jpn_Jpan,725,6,24
jpn_Jpan,725,7,24
jpn_Jpan,725,8,61
jpn_Jpan,725,9,61
jpn_Jpan,725,10,13
jpn_Jpan,725,11,13
jpn_Jpan,725,12,13
jpn_Jpan,725,13,13
jpn_Jpan,725,14,24
jpn_Jpan,725,15,13
jpn_Jpan,725,16,13
jpn_Jpan,725,17,13
jpn_Jpan,725,18,19
jpn_Jpan,725,19,13
jpn_Jpan,725,20,24
jpn_Jpan,725,21,24
jpn_Jpan,725,22,13
jpn_Jpan,725,23,47
jpn_Jpan,725,24,13
jpn_Jpan,725,25,61
jpn_Jpan,725,26,13
jpn_Jpan,725,27,13
jpn_Jpan,725,28,61
jpn_Jpan,725,29,19
jpn_Jpan,725,30,13
jpn_Jpan,725,31,19
jpn_Jpan,725,32,13
jpn_Jpan,725,33,13
jpn_Jpan,725,34,13
jpn_Jpan,725,35,52
jpn_Jpan,725,36,24
jpn_Jpan,725,37,52
jpn_Jpan,725,38,24
jpn_Jpan,725,39,24
jpn_Jpan,725,40,13
jpn_Jpan,725,41,19
jpn_Jpan,725,42,13
jpn_Jpan,725,43,19
jpn_Jpan,725,44,13
jpn_Jpan,725,45,36
jpn_Jpan,725,46,24
jpn_Jpan,725,47,13
jpn_Jpan,725,48,13
jpn_Jpan,725,49,13
jpn_Jpan,725,50,34
eng_Latn,726,0,60
eng_Latn,726,1,17
eng_Latn,726,2,17
eng_Latn,726,3,20
eng_Latn,726,4,15
eng_Latn,726,5,48
jpn_Jpan,727,0,60
jpn_Jpan,727,1,47
jpn_Jpan,727,2,13
jpn_Jpan,727,3,13
jpn_Jpan,727,4,13
jpn_Jpan,727,5,1
jpn_Jpan,727,6,52
jpn_Jpan,727,7,13
jpn_Jpan,727,8,13
jpn_Jpan,727,9,47
eng_Latn,728,0,60
eng_Latn,728,1,4
eng_Latn,728,2,4
eng_Latn,728,3,20
eng_Latn,728,4,35
eng_Latn,728,5,57
eng_Latn,728,6,15
eng_Latn,728,7,1
eng_Latn,728,8,52
jpn_Jpan,729,0,60
jpn_Jpan,729,1,24
jpn_Jpan,729,2,19
jpn_Jpan,729,3,13
jpn_Jpan,729,4,19
jpn_Jpan,729,5,24
jpn_Jpan,729,6,19
jpn_Jpan,729,7,13
jpn_Jpan,729,8,19
jpn_Jpan,729,9,13
jpn_Jpan,729,10,24
jpn_Jpan,729,11,19
jpn_Jpan,729,12,13
jpn_Jpan,729,13,19
jpn_Jpan,729,14,13
jpn_Jpan,729,15,24
jpn_Jpan,729,16,47
jpn_Jpan,729,17,13
jpn_Jpan,729,18,19
jpn_Jpan,729,19,13
jpn_Jpan,729,20,13
jpn_Jpan,729,21,24
jpn_Jpan,729,22,61
jpn_Jpan,729,23,19
jpn_Jpan,729,24,13
jpn_Jpan,729,25,24
jpn_Jpan,729,26,47
jpn_Jpan,729,27,19
jpn_Jpan,729,28,13
jpn_Jpan,729,29,13
jpn_Jpan,729,30,13
jpn_Jpan,729,31,13
jpn_Jpan,729,32,34
jpn_Jpan,729,33,13
jpn_Jpan,729,34,24
jpn_Jpan,729,35,19
jpn_Jpan,729,36,13
jpn_Jpan,729,37,13
jpn_Jpan,729,38,24
jpn_Jpan,729,39,13
jpn_Jpan,729,40,19
jpn_Jpan,729,41,19
jpn_Jpan,729,42,13
eng_Latn,730,0,60
eng_Latn,730,1,10
eng_Latn,730,2,56
eng_Latn,730,3,54
eng_Latn,730,4,41
eng_Latn,730,5,46
jpn_Jpan,731,0,60
jpn_Jpan,731,1,60
jpn_Jpan,731,2,60
jpn_Jpan,731,3,13
jpn_Jpan,731,4,13
jpn_Jpan,731,5,39
jpn_Jpan,731,6,51
jpn_Jpan,731,7,13
jpn_Jpan,731,8,19
jpn_Jpan,731,9,13
jpn_Jpan,731,10,34
jpn_Jpan,731,11,51
jpn_Jpan,732,0,60
jpn_Jpan,732,1,13
jpn_Jpan,732,2,13
jpn_Jpan,732,3,13
jpn_Jpan,732,4,36
jpn_Jpan,732,5,61
jpn_Jpan,732,6,13
jpn_Jpan,732,7,13
jpn_Jpan,732,8,24
jpn_Jpan,732,9,19
jpn_Jpan,732,10,13
jpn_Jpan,732,11,13
jpn_Jpan,732,12,13
jpn_Jpan,732,13,13
jpn_Jpan,732,14,61
jpn_Jpan,732,15,39
jpn_Jpan,732,16,13
jpn_Jpan,732,17,13
jpn_Jpan,732,18,34
jpn_Jpan,733,0,60
jpn_Jpan,733,1,13
jpn_Jpan,733,2,36
jpn_Jpan,733,3,11
jpn_Jpan,733,4,13
jpn_Jpan,733,5,47
jpn_Jpan,733,6,36
jpn_Jpan,733,7,19
jpn_Jpan,733,8,36
jpn_Jpan,733,9,12
jpn_Jpan,733,10,19
jpn_Jpan,733,11,40
jpn_Jpan,733,12,24
jpn_Jpan,733,13,13
jpn_Jpan,733,14,13
jpn_Jpan,733,15,13
jpn_Jpan,733,16,24
jpn_Jpan,733,17,61
jpn_Jpan,733,18,19
jpn_Jpan,733,19,19
jpn_Jpan,733,20,13
jpn_Jpan,733,21,13
jpn_Jpan,733,22,13
jpn_Jpan,733,23,13
jpn_Jpan,733,24,24
jpn_Jpan,733,25,47
jpn_Jpan,733,26,13
jpn_Jpan,733,27,13
jpn_Jpan,733,28,13
jpn_Jpan,733,29,61
jpn_Jpan,733,30,19
jpn_Jpan,733,31,13
jpn_Jpan,733,32,13
jpn_Jpan,733,33,19
jpn_Jpan,733,34,13
jpn_Jpan,733,35,19
jpn_Jpan,733,36,34
jpn_Jpan,733,37,13
jpn_Jpan,733,38,34
jpn_Jpan,734,0,60
jpn_Jpan,734,1,47
jpn_Jpan,734,2,19
jpn_Jpan,734,3,39
jpn_Jpan,734,4,47
jpn_Jpan,734,5,13
jpn_Jpan,734,6,19
jpn_Jpan,734,7,13
jpn_Jpan,734,8,24
jpn_Jpan,734,9,47
jpn_Jpan,734,10,47
jpn_Jpan,734,11,39
jpn_Jpan,734,12,39
jpn_Jpan,734,13,13
jpn_Jpan,734,14,24
jpn_Jpan,734,15,13
jpn_Jpan,734,16,24
jpn_Jpan,734,17,47
jpn_Jpan,734,18,47
jpn_Jpan,734,19,39
jpn_Jpan,734,20,13
jpn_Jpan,734,21,1
jpn_Jpan,734,22,13
jpn_Jpan,734,23,47
jpn_Jpan,734,24,13
jpn_Jpan,734,25,24
jpn_Jpan,734,26,13
jpn_Jpan,734,27,29
jpn_Jpan,734,28,19
jpn_Jpan,734,29,13
jpn_Jpan,734,30,39
jpn_Jpan,734,31,13
jpn_Jpan,734,32,13
jpn_Jpan,734,33,24
jpn_Jpan,734,34,13
jpn_Jpan,734,35,19
jpn_Jpan,734,36,34
jpn_Jpan,734,37,13
jpn_Jpan,734,38,19
jpn_Jpan,734,39,34
jpn_Jpan,735,0,60
jpn_Jpan,735,1,47
jpn_Jpan,735,2,19
jpn_Jpan,735,3,13
jpn_Jpan,735,4,39
jpn_Jpan,735,5,13
jpn_Jpan,735,6,19
jpn_Jpan,735,7,47
jpn_Jpan,735,8,13
jpn_Jpan,735,9,24
jpn_Jpan,735,10,19
jpn_Jpan,735,11,36
jpn_Jpan,735,12,13
jpn_Jpan,735,13,24
jpn_Jpan,735,14,47
jpn_Jpan,735,15,13
jpn_Jpan,735,16,24
jpn_Jpan,735,17,13
jpn_Jpan,735,18,24
jpn_Jpan,735,19,13
jpn_Jpan,735,20,24
jpn_Jpan,735,21,36
jpn_Jpan,735,22,19
jpn_Jpan,735,23,36
jpn_Jpan,735,24,47
jpn_Jpan,735,25,34
jpn_Jpan,736,0,60
jpn_Jpan,736,1,13
jpn_Jpan,736,2,13
jpn_Jpan,736,3,13
jpn_Jpan,736,4,39
jpn_Jpan,736,5,13
jpn_Jpan,736,6,13
jpn_Jpan,736,7,24
jpn_Jpan,736,8,61
jpn_Jpan,736,9,13
jpn_Jpan,736,10,13
jpn_Jpan,736,11,36
jpn_Jpan,736,12,24
jpn_Jpan,736,13,61
jpn_Jpan,736,14,13
jpn_Jpan,736,15,13
jpn_Jpan,736,16,36
jpn_Jpan,736,17,24
jpn_Jpan,736,18,13
jpn_Jpan,736,19,34
jpn_Jpan,736,20,34
eng_Latn,737,0,60
eng_Latn,737,1,50
eng_Latn,737,2,39
eng_Latn,737,3,19
eng_Latn,737,4,33
eng_Latn,737,5,46
eng_Latn,737,6,48
eng_Latn,737,7,14
eng_Latn,737,8,27
eng_Latn,737,9,47
eng_Latn,737,10,49
jpn_Jpan,738,0,60
jpn_Jpan,738,1,13
jpn_Jpan,738,2,13
jpn_Jpan,738,3,24
jpn_Jpan,738,4,19
jpn_Jpan,738,5,36
jpn_Jpan,738,6,13
jpn_Jpan,738,7,24
jpn_Jpan,738,8,61
jpn_Jpan,738,9,61
jpn_Jpan,738,10,39
jpn_Jpan,738,11,13
jpn_Jpan,738,12,13
jpn_Jpan,738,13,47
jpn_Jpan,738,14,13
jpn_Jpan,738,15,13
jpn_Jpan,738,16,24
jpn_Jpan,738,17,13
jpn_Jpan,738,18,13
jpn_Jpan,738,19,13
jpn_Jpan,738,20,24
jpn_Jpan,738,21,19
jpn_Jpan,738,22,1
jpn_Jpan,738,23,52
jpn_Jpan,738,24,61
jpn_Jpan,738,25,13
jpn_Jpan,738,26,13
jpn_Jpan,738,27,13
jpn_Jpan,738,28,13
jpn_Jpan,738,29,13
jpn_Jpan,738,30,13
jpn_Jpan,738,31,24
jpn_Jpan,738,32,19
jpn_Jpan,738,33,13
jpn_Jpan,738,34,19
jpn_Jpan,738,35,19
jpn_Jpan,738,36,13
jpn_Jpan,738,37,24
jpn_Jpan,738,38,61
jpn_Jpan,738,39,13
jpn_Jpan,738,40,13
jpn_Jpan,738,41,13
jpn_Jpan,738,42,13
jpn_Jpan,738,43,34
jpn_Jpan,738,44,13
jpn_Jpan,738,45,34
jpn_Jpan,739,0,60
jpn_Jpan,739,1,13
jpn_Jpan,739,2,24
jpn_Jpan,739,3,13
jpn_Jpan,739,4,19
jpn_Jpan,739,5,36
jpn_Jpan,739,6,24
jpn_Jpan,739,7,24
jpn_Jpan,739,8,47
jpn_Jpan,739,9,19
jpn_Jpan,739,10,13
jpn_Jpan,739,11,24
jpn_Jpan,739,12,19
jpn_Jpan,739,13,13
jpn_Jpan,739,14,13
jpn_Jpan,739,15,13
jpn_Jpan,739,16,19
jpn_Jpan,739,17,13
jpn_Jpan,739,18,13
jpn_Jpan,739,19,34
jpn_Jpan,740,0,60
jpn_Jpan,740,1,36
jpn_Jpan,740,2,13
jpn_Jpan,740,3,36
jpn_Jpan,740,4,36
jpn_Jpan,740,5,13
jpn_Jpan,740,6,47
jpn_Jpan,740,7,19
jpn_Jpan,740,8,13
jpn_Jpan,740,9,36
jpn_Jpan,740,10,36
jpn_Jpan,740,11,13
jpn_Jpan,740,12,13
jpn_Jpan,740,13,47
jpn_Jpan,740,14,13
jpn_Jpan,740,15,13
jpn_Jpan,740,16,13
jpn_Jpan,740,17,13
jpn_Jpan,740,18,19
jpn_Jpan,740,19,47
jpn_Jpan,740,20,36
jpn_Jpan,740,21,36
jpn_Jpan,740,22,13
jpn_Jpan,740,23,13
jpn_Jpan,740,24,24
jpn_Jpan,740,25,13
jpn_Jpan,740,26,19
jpn_Jpan,740,27,13
jpn_Jpan,740,28,36
jpn_Jpan,740,29,36
jpn_Jpan,740,30,36
jpn_Jpan,740,31,36
jpn_Jpan,740,32,24
jpn_Jpan,740,33,13
jpn_Jpan,740,34,61
jpn_Jpan,740,35,61
jpn_Jpan,740,36,13
jpn_Jpan,740,37,39
jpn_Jpan,740,38,39
jpn_Jpan,740,39,36
jpn_Jpan,740,40,13
jpn_Jpan,740,41,47
jpn_Jpan,740,42,34
jpn_Jpan,741,0,60
jpn_Jpan,741,1,13
jpn_Jpan,741,2,13
jpn_Jpan,741,3,47
jpn_Jpan,741,4,13
jpn_Jpan,741,5,13
jpn_Jpan,741,6,13
jpn_Jpan,741,7,13
jpn_Jpan,741,8,34
jpn_Jpan,742,0,60
jpn_Jpan,742,1,13
jpn_Jpan,742,2,13
jpn_Jpan,742,3,24
jpn_Jpan,742,4,13
jpn_Jpan,742,5,13
jpn_Jpan,742,6,24
jpn_Jpan,742,7,24
jpn_Jpan,742,8,52
jpn_Jpan,742,9,52
jpn_Jpan,742,10,52
jpn_Jpan,742,11,24
jpn_Jpan,742,12,1
jpn_Jpan,742,13,36
jpn_Jpan,742,14,19
jpn_Jpan,742,15,13
jpn_Jpan,742,16,13
jpn_Jpan,742,17,19
jpn_Jpan,742,18,13
jpn_Jpan,742,19,24
jpn_Jpan,742,20,24
jpn_Jpan,742,21,13
jpn_Jpan,742,22,13
jpn_Jpan,742,23,13
jpn_Jpan,742,24,13
jpn_Jpan,742,25,13
jpn_Jpan,742,26,13
jpn_Jpan,742,27,61
jpn_Jpan,742,28,13
jpn_Jpan,742,29,13
jpn_Jpan,742,30,24
jpn_Jpan,742,31,47
jpn_Jpan,742,32,47
jpn_Jpan,742,33,13
jpn_Jpan,742,34,39
jpn_Jpan,742,35,19
jpn_Jpan,742,36,19
jpn_Jpan,742,37,34
jpn_Jpan,742,38,34
jpn_Jpan,743,0,60
jpn_Jpan,743,1,13
jpn_Jpan,743,2,19
jpn_Jpan,743,3,39
jpn_Jpan,743,4,13
jpn_Jpan,743,5,13
jpn_Jpan,743,6,19
jpn_Jpan,743,7,8
jpn_Jpan,743,8,1
jpn_Jpan,743,9,47
jpn_Jpan,743,10,13
jpn_Jpan,743,11,34
jpn_Jpan,743,12,24
jpn_Jpan,743,13,13
jpn_Jpan,743,14,19
jpn_Jpan,743,15,13
jpn_Jpan,743,16,13
jpn_Jpan,743,17,13
jpn_Jpan,743,18,24
jpn_Jpan,743,19,19
jpn_Jpan,743,20,13
jpn_Jpan,743,21,19
jpn_Jpan,743,22,34
jpn_Jpan,743,23,13
jpn_Jpan,743,24,13
jpn_Jpan,743,25,34
eng_Latn,744,0,60
eng_Latn,744,1,9
eng_Latn,744,2,22
eng_Latn,744,3,11
eng_Latn,744,4,61
eng_Latn,744,5,47
eng_Latn,744,6,40
eng_Latn,744,7,5
eng_Latn,744,8,40
eng_Latn,744,9,30
eng_Latn,744,10,49
eng_Latn,745,0,60
eng_Latn,745,1,14
eng_Latn,745,2,19
eng_Latn,745,3,40
eng_Latn,745,4,18
eng_Latn,746,0,60
eng_Latn,746,1,56
eng_Latn,746,2,56
eng_Latn,746,3,52
eng_Latn,746,4,57
eng_Latn,746,5,52
eng_Latn,746,6,52
eng_Latn,746,7,57
eng_Latn,746,8,23
eng_Latn,746,9,4
jpn_Jpan,747,0,60
jpn_Jpan,747,1,13
jpn_Jpan,747,2,24
jpn_Jpan,747,3,24
jpn_Jpan,747,4,13
jpn_Jpan,747,5,39
jpn_Jpan,747,6,13
jpn_Jpan,747,7,13
jpn_Jpan,747,8,13
jpn_Jpan,747,9,19
jpn_Jpan,747,10,13
jpn_Jpan,747,11,13
jpn_Jpan,747,12,13
jpn_Jpan,747,13,51
jpn_Jpan,747,14,51
jpn_Jpan,748,0,60
jpn_Jpan,748,1,47
jpn_Jpan,748,2,13
jpn_Jpan,748,3,13
jpn_Jpan,748,4,24
jpn_Jpan,748,5,13
jpn_Jpan,748,6,39
jpn_Jpan,748,7,13
jpn_Jpan,748,8,13
jpn_Jpan,748,9,24
jpn_Jpan,748,10,13
jpn_Jpan,748,11,13
jpn_Jpan,748,12,13
jpn_Jpan,748,13,13
jpn_Jpan,748,14,13
jpn_Jpan,748,15,47
jpn_Jpan,748,16,19
jpn_Jpan,748,17,13
jpn_Jpan,748,18,13
jpn_Jpan,748,19,13
jpn_Jpan,748,20,34
jpn_Jpan,749,0,60
jpn_Jpan,749,1,13
jpn_Jpan,749,2,13
jpn_Jpan,749,3,39
jpn_Jpan,749,4,24
jpn_Jpan,749,5,47
jpn_Jpan,749,6,13
jpn_Jpan,749,7,13
jpn_Jpan,749,8,24
jpn_Jpan,749,9,19
jpn_Jpan,749,10,13
jpn_Jpan,749,11,13
jpn_Jpan,749,12,13
jpn_Jpan,749,13,7
jpn_Jpan,750,0,60
jpn_Jpan,750,1,13
jpn_Jpan,750,2,36
jpn_Jpan,750,3,13
jpn_Jpan,750,4,13
jpn_Jpan,750,5,24
jpn_Jpan,750,6,24
jpn_Jpan,750,7,13
jpn_Jpan,750,8,13
jpn_Jpan,750,9,24
jpn_Jpan,750,10,24
jpn_Jpan,750,11,13
jpn_Jpan,750,12,13
jpn_Jpan,750,13,24
jpn_Jpan,750,14,61
jpn_Jpan,750,15,61
jpn_Jpan,750,16,61
jpn_Jpan,750,17,39
jpn_Jpan,750,18,19
jpn_Jpan,750,19,13
jpn_Jpan,750,20,24
jpn_Jpan,750,21,13
jpn_Jpan,750,22,13
jpn_Jpan,750,23,13
jpn_Jpan,750,24,61
jpn_Jpan,750,25,13
jpn_Jpan,750,26,36
jpn_Jpan,750,27,13
jpn_Jpan,750,28,13
jpn_Jpan,750,29,36
jpn_Jpan,750,30,24
jpn_Jpan,750,31,19
jpn_Jpan,750,32,13
jpn_Jpan,750,33,13
jpn_Jpan,750,34,13
jpn_Jpan,750,35,13
jpn_Jpan,750,36,13
jpn_Jpan,750,37,13
jpn_Jpan,750,38,34
jpn_Jpan,750,39,13
jpn_Jpan,750,40,13
jpn_Jpan,750,41,13
jpn_Jpan,750,42,34
eng_Latn,751,0,60
eng_Latn,751,1,34
eng_Latn,751,2,29
eng_Latn,751,3,34
eng_Latn,751,4,20
eng_Latn,751,5,49
eng_Latn,751,6,5
eng_Latn,751,7,49
jpn_Jpan,752,0,60
jpn_Jpan,752,1,13
jpn_Jpan,752,2,24
jpn_Jpan,752,3,13
jpn_Jpan,752,4,13
jpn_Jpan,752,5,13
jpn_Jpan,752,6,47
jpn_Jpan,752,7,19
jpn_Jpan,752,8,13
jpn_Jpan,752,9,19
jpn_Jpan,752,10,13
jpn_Jpan,752,11,51
eng_Latn,753,0,60
eng_Latn,753,1,38
eng_Latn,753,2,18
eng_Latn,753,3,41
eng_Latn,753,4,44
eng_Latn,753,5,44
eng_Latn,753,6,46
eng_Latn,754,0,60
eng_Latn,754,1,9
eng_Latn,754,2,29
eng_Latn,754,3,54
eng_Latn,754,4,18
eng_Latn,754,5,48
eng_Latn,754,6,18
eng_Latn,754,7,34
jpn_Jpan,755,0,60
jpn_Jpan,755,1,19
jpn_Jpan,755,2,13
jpn_Jpan,755,3,13
jpn_Jpan,755,4,13
jpn_Jpan,755,5,13
jpn_Jpan,755,6,13
jpn_Jpan,755,7,19
jpn_Jpan,755,8,19
jpn_Jpan,755,9,13
jpn_Jpan,755,10,13
jpn_Jpan,755,11,13
jpn_Jpan,755,12,19
jpn_Jpan,755,13,13
jpn_Jpan,755,14,19
jpn_Jpan,755,15,13
jpn_Jpan,755,16,13
jpn_Jpan,755,17,13
jpn_Jpan,755,18,13
jpn_Jpan,755,19,47
jpn_Jpan,755,20,47
jpn_Jpan,755,21,13
jpn_Jpan,755,22,24
jpn_Jpan,755,23,13
jpn_Jpan,755,24,13
jpn_Jpan,755,25,13
jpn_Jpan,755,26,24
jpn_Jpan,755,27,13
jpn_Jpan,755,28,13
jpn_Jpan,755,29,24
jpn_Jpan,755,30,47
jpn_Jpan,755,31,13
jpn_Jpan,755,32,47
jpn_Jpan,755,33,13
jpn_Jpan,755,34,19
jpn_Jpan,755,35,13
jpn_Jpan,755,36,47
jpn_Jpan,755,37,13
jpn_Jpan,755,38,13
jpn_Jpan,755,39,13
jpn_Jpan,755,40,19
jpn_Jpan,755,41,13
jpn_Jpan,755,42,24
jpn_Jpan,755,43,13
jpn_Jpan,755,44,34
eng_Latn,756,0,60
eng_Latn,756,1,41
eng_Latn,756,2,15
eng_Latn,756,3,48
eng_Latn,756,4,56
eng_Latn,756,5,57
eng_Latn,756,6,24
eng_Latn,756,7,37
eng_Latn,756,8,37
eng_Latn,756,9,3
jpn_Jpan,757,0,60
jpn_Jpan,757,1,13
jpn_Jpan,757,2,13
jpn_Jpan,757,3,13
jpn_Jpan,757,4,13
jpn_Jpan,757,5,47
jpn_Jpan,757,6,13
jpn_Jpan,757,7,13
jpn_Jpan,757,8,12
jpn_Jpan,757,9,13
jpn_Jpan,757,10,19
jpn_Jpan,757,11,19
jpn_Jpan,757,12,13
jpn_Jpan,757,13,13
jpn_Jpan,757,14,13
jpn_Jpan,757,15,39
jpn_Jpan,757,16,24
jpn_Jpan,757,17,13
jpn_Jpan,757,18,19
jpn_Jpan,757,19,39
jpn_Jpan,757,20,13
jpn_Jpan,757,21,7
jpn_Jpan,757,22,13
jpn_Jpan,757,23,24
jpn_Jpan,757,24,61
jpn_Jpan,757,25,13
jpn_Jpan,757,26,19
jpn_Jpan,757,27,13
jpn_Jpan,757,28,24
jpn_Jpan,757,29,13
jpn_Jpan,757,30,24
jpn_Jpan,757,31,47
jpn_Jpan,757,32,13
jpn_Jpan,757,33,24
jpn_Jpan,757,34,13
jpn_Jpan,757,35,13
jpn_Jpan,757,36,24
jpn_Jpan,757,37,24
jpn_Jpan,757,38,47
jpn_Jpan,757,39,13
jpn_Jpan,757,40,13
jpn_Jpan,757,41,61
jpn_Jpan,757,42,13
jpn_Jpan,757,43,13
jpn_Jpan,757,44,24
jpn_Jpan,757,45,34
jpn_Jpan,757,46,13
jpn_Jpan,757,47,34
jpn_Jpan,758,0,60
jpn_Jpan,758,1,36
jpn_Jpan,758,2,13
jpn_Jpan,758,3,36
jpn_Jpan,758,4,47
jpn_Jpan,758,5,19
jpn_Jpan,758,6,19
jpn_Jpan,758,7,13
jpn_Jpan,758,8,36
jpn_Jpan,758,9,24
jpn_Jpan,758,10,13
jpn_Jpan,758,11,34
jpn_Jpan,758,12,13
jpn_Jpan,758,13,34
jpn_Jpan,759,0,60
jpn_Jpan,759,1,47
jpn_Jpan,759,2,13
jpn_Jpan,759,3,39
jpn_Jpan,759,4,39
jpn_Jpan,759,5,7
jpn_Jpan,759,6,36
jpn_Jpan,759,7,24
jpn_Jpan,759,8,61
jpn_Jpan,759,9,61
jpn_Jpan,759,10,39
jpn_Jpan,759,11,39
jpn_Jpan,759,12,13
jpn_Jpan,759,13,24
jpn_Jpan,759,14,19
jpn_Jpan,759,15,13
jpn_Jpan,759,16,24
jpn_Jpan,759,17,24
jpn_Jpan,759,18,13
jpn_Jpan,759,19,13
jpn_Jpan,759,20,24
jpn_Jpan,759,21,19
jpn_Jpan,759,22,13
jpn_Jpan,759,23,13
jpn_Jpan,759,24,13
jpn_Jpan,759,25,13
jpn_Jpan,759,26,19
jpn_Jpan,759,27,13
jpn_Jpan,759,28,19
jpn_Jpan,759,29,13
jpn_Jpan,759,30,24
jpn_Jpan,759,31,13
jpn_Jpan,759,32,13
jpn_Jpan,759,33,13
jpn_Jpan,759,34,13
jpn_Jpan,759,35,36
jpn_Jpan,759,36,13
jpn_Jpan,759,37,13
jpn_Jpan,759,38,24
jpn_Jpan,759,39,47
jpn_Jpan,759,40,13
jpn_Jpan,759,41,39
jpn_Jpan,759,42,13
jpn_Jpan,759,43,34
eng_Latn,760,0,60
eng_Latn,760,1,4
eng_Latn,760,2,56
eng_Latn,760,3,21
eng_Latn,760,4,16
eng_Latn,760,5,20
eng_Latn,760,6,8
jpn_Jpan,761,0,60
jpn_Jpan,761,1,24
jpn_Jpan,761,2,19
jpn_Jpan,761,3,13
jpn_Jpan,761,4,39
jpn_Jpan,761,5,13
jpn_Jpan,761,6,36
jpn_Jpan,761,7,13
jpn_Jpan,761,8,36
jpn_Jpan,761,9,24
jpn_Jpan,761,10,13
jpn_Jpan,761,11,13
jpn_Jpan,761,12,34
jpn_Jpan,761,13,13
eng_Latn,762,0,60
eng_Latn,762,1,7
eng_Latn,762,2,11
eng_Latn,762,3,53
eng_Latn,762,4,16
eng_Latn,762,5,6
eng_Latn,762,6,15
eng_Latn,762,7,45
eng_Latn,762,8,63
jpn_Jpan,763,0,60
jpn_Jpan,763,1,13
jpn_Jpan,763,2,13
jpn_Jpan,763,3,13
jpn_Jpan,763,4,12
jpn_Jpan,763,5,13
jpn_Jpan,763,6,1
jpn_Jpan,763,7,24
jpn_Jpan,763,8,19
jpn_Jpan,763,9,13
jpn_Jpan,763,10,61
jpn_Jpan,763,11,13
jpn_Jpan,763,12,24
jpn_Jpan,763,13,13
jpn_Jpan,763,14,13
jpn_Jpan,763,15,13
jpn_Jpan,763,16,13
jpn_Jpan,763,17,13
jpn_Jpan,763,18,24
jpn_Jpan,763,19,24
jpn_Jpan,763,20,13
jpn_Jpan,763,21,13
jpn_Jpan,763,22,47
jpn_Jpan,763,23,7
jpn_Jpan,763,24,13
eng_Latn,764,0,60
eng_Latn,764,1,22
eng_Latn,764,2,60
eng_Latn,764,3,47
jpn_Jpan,765,0,60
jpn_Jpan,765,1,24
jpn_Jpan,765,2,24
jpn_Jpan,765,3,1
jpn_Jpan,765,4,52
jpn_Jpan,765,5,52
jpn_Jpan,765,6,13
jpn_Jpan,765,7,13
jpn_Jpan,765,8,13
jpn_Jpan,765,9,19
jpn_Jpan,765,10,13
jpn_Jpan,765,11,13
jpn_Jpan,765,12,13
jpn_Jpan,765,13,19
jpn_Jpan,765,14,13
jpn_Jpan,765,15,37
jpn_Jpan,765,16,61
jpn_Jpan,765,17,13
jpn_Jpan,765,18,52
jpn_Jpan,765,19,7
jpn_Jpan,766,0,60
jpn_Jpan,766,1,47
jpn_Jpan,766,2,39
jpn_Jpan,766,3,13
jpn_Jpan,766,4,24
jpn_Jpan,766,5,24
jpn_Jpan,766,6,13
jpn_Jpan,766,7,13
jpn_Jpan,766,8,13
jpn_Jpan,766,9,9
jpn_Jpan,766,10,26
jpn_Jpan,766,11,13
jpn_Jpan,766,12,36
jpn_Jpan,766,13,47
jpn_Jpan,766,14,36
jpn_Jpan,766,15,24
jpn_Jpan,766,16,47
jpn_Jpan,766,17,19
jpn_Jpan,766,18,34
jpn_Jpan,767,0,60
jpn_Jpan,767,1,13
jpn_Jpan,767,2,13
jpn_Jpan,767,3,36
jpn_Jpan,767,4,13
jpn_Jpan,767,5,13
jpn_Jpan,767,6,47
jpn_Jpan,767,7,13
jpn_Jpan,767,8,13
jpn_Jpan,767,9,13
jpn_Jpan,767,10,13
jpn_Jpan,767,11,61
jpn_Jpan,767,12,13
jpn_Jpan,767,13,24
jpn_Jpan,767,14,13
jpn_Jpan,767,15,19
jpn_Jpan,767,16,34
jpn_Jpan,767,17,13
jpn_Jpan,767,18,47
jpn_Jpan,767,19,13
jpn_Jpan,767,20,13
jpn_Jpan,767,21,13
jpn_Jpan,767,22,24
jpn_Jpan,767,23,19
jpn_Jpan,767,24,13
jpn_Jpan,767,25,13
jpn_Jpan,767,26,24
jpn_Jpan,767,27,19
jpn_Jpan,767,28,13
jpn_Jpan,767,29,13
jpn_Jpan,767,30,19
jpn_Jpan,767,31,13
jpn_Jpan,767,32,61
jpn_Jpan,767,33,13
jpn_Jpan,767,34,24
jpn_Jpan,767,35,13
jpn_Jpan,767,36,19
jpn_Jpan,767,37,13
jpn_Jpan,767,38,24
jpn_Jpan,767,39,24
jpn_Jpan,768,0,60
jpn_Jpan,768,1,13
jpn_Jpan,768,2,13
jpn_Jpan,768,3,39
jpn_Jpan,768,4,19
jpn_Jpan,768,5,13
jpn_Jpan,768,6,19
jpn_Jpan,768,7,13
jpn_Jpan,768,8,13
jpn_Jpan,768,9,39
jpn_Jpan,768,10,13
jpn_Jpan,768,11,24
jpn_Jpan,768,12,52
jpn_Jpan,768,13,52
jpn_Jpan,768,14,13
jpn_Jpan,768,15,52
jpn_Jpan,768,16,52
jpn_Jpan,768,17,37
jpn_Jpan,768,18,12
jpn_Jpan,768,19,47
jpn_Jpan,768,20,13
jpn_Jpan,768,21,24
jpn_Jpan,768,22,47
jpn_Jpan,768,23,13
jpn_Jpan,768,24,13
jpn_Jpan,768,25,13
eng_Latn,769,0,60
eng_Latn,769,1,51
eng_Latn,769,2,34
eng_Latn,769,3,54
eng_Latn,769,4,9
eng_Latn,769,5,17
eng_Latn,769,6,20
eng_Latn,769,7,62
eng_Latn,769,8,34
jpn_Jpan,770,0,60
jpn_Jpan,770,1,60
jpn_Jpan,770,2,13
jpn_Jpan,770,3,52
jpn_Jpan,770,4,52
jpn_Jpan,770,5,7
jpn_Jpan,770,6,24
jpn_Jpan,770,7,61
jpn_Jpan,770,8,19
jpn_Jpan,770,9,13
jpn_Jpan,770,10,13
jpn_Jpan,770,11,13
jpn_Jpan,770,12,13
jpn_Jpan,770,13,13
eng_Latn,771,0,60
eng_Latn,771,1,49
eng_Latn,771,2,18
eng_Latn,771,3,35
eng_Latn,771,4,57
eng_Latn,771,5,53
eng_Latn,771,6,38
eng_Latn,771,7,51
eng_Latn,771,8,57
eng_Latn,771,9,51
jpn_Jpan,772,0,60
jpn_Jpan,772,1,6
jpn_Jpan,772,2,13
jpn_Jpan,772,3,13
jpn_Jpan,772,4,36
jpn_Jpan,772,5,24
jpn_Jpan,772,6,61
jpn_Jpan,772,7,61
jpn_Jpan,772,8,19
jpn_Jpan,772,9,13
jpn_Jpan,772,10,36
jpn_Jpan,772,11,24
jpn_Jpan,772,12,13
jpn_Jpan,772,13,19
jpn_Jpan,772,14,28
jpn_Jpan,772,15,61
jpn_Jpan,772,16,19
jpn_Jpan,772,17,13
jpn_Jpan,772,18,13
jpn_Jpan,772,19,13
jpn_Jpan,772,20,13
jpn_Jpan,772,21,34
eng_Latn,773,0,60
eng_Latn,773,1,11
eng_Latn,773,2,12
eng_Latn,773,3,22
eng_Latn,773,4,46
eng_Latn,773,5,27
eng_Latn,773,6,26
eng_Latn,773,7,26
eng_Latn,773,8,26
eng_Latn,773,9,12
eng_Latn,773,10,26
eng_Latn,773,11,27
eng_Latn,773,12,39
jpn_Jpan,774,0,60
jpn_Jpan,774,1,13
jpn_Jpan,774,2,13
jpn_Jpan,774,3,13
jpn_Jpan,774,4,1
jpn_Jpan,774,5,13
jpn_Jpan,774,6,13
jpn_Jpan,774,7,13
jpn_Jpan,774,8,47
jpn_Jpan,774,9,39
jpn_Jpan,774,10,36
jpn_Jpan,774,11,24
jpn_Jpan,774,12,52
jpn_Jpan,774,13,47
jpn_Jpan,774,14,13
jpn_Jpan,774,15,61
jpn_Jpan,774,16,13
jpn_Jpan,774,17,24
jpn_Jpan,774,18,13
jpn_Jpan,774,19,61
jpn_Jpan,774,20,34
jpn_Jpan,774,21,13
jpn_Jpan,774,22,13
jpn_Jpan,774,23,52
jpn_Jpan,774,24,52
jpn_Jpan,774,25,52
jpn_Jpan,774,26,13
jpn_Jpan,774,27,24
jpn_Jpan,774,28,61
jpn_Jpan,774,29,13
jpn_Jpan,774,30,34
jpn_Jpan,774,31,13
jpn_Jpan,774,32,24
jpn_Jpan,774,33,13
jpn_Jpan,774,34,47
jpn_Jpan,774,35,19
jpn_Jpan,774,36,24
jpn_Jpan,774,37,19
jpn_Jpan,774,38,13
jpn_Jpan,774,39,47
jpn_Jpan,774,40,13
jpn_Jpan,774,41,13
jpn_Jpan,774,42,24
jpn_Jpan,774,43,13
jpn_Jpan,774,44,47
jpn_Jpan,774,45,13
jpn_Jpan,774,46,19
jpn_Jpan,774,47,13
jpn_Jpan,774,48,19
jpn_Jpan,774,49,13
jpn_Jpan,774,50,13
jpn_Jpan,775,0,60
jpn_Jpan,775,1,36
jpn_Jpan,775,2,54
jpn_Jpan,775,3,36
jpn_Jpan,775,4,13
jpn_Jpan,775,5,19
jpn_Jpan,775,6,13
jpn_Jpan,775,7,24
jpn_Jpan,775,8,13
jpn_Jpan,775,9,19
jpn_Jpan,775,10,36
jpn_Jpan,775,11,24
jpn_Jpan,775,12,19
jpn_Jpan,775,13,13
jpn_Jpan,775,14,24
jpn_Jpan,775,15,13
jpn_Jpan,775,16,34
jpn_Jpan,775,17,13
jpn_Jpan,775,18,24
jpn_Jpan,775,19,13
jpn_Jpan,775,20,24
jpn_Jpan,775,21,24
jpn_Jpan,775,22,36
jpn_Jpan,775,23,13
jpn_Jpan,775,24,13
jpn_Jpan,775,25,24
jpn_Jpan,775,26,19
jpn_Jpan,775,27,13
jpn_Jpan,775,28,13
jpn_Jpan,775,29,19
jpn_Jpan,775,30,39
jpn_Jpan,775,31,13
jpn_Jpan,775,32,13
jpn_Jpan,775,33,13
jpn_Jpan,775,34,13
jpn_Jpan,775,35,13
jpn_Jpan,776,0,60
jpn_Jpan,776,1,24
jpn_Jpan,776,2,13
jpn_Jpan,776,3,47
jpn_Jpan,776,4,13
jpn_Jpan,776,5,19
jpn_Jpan,776,6,36
jpn_Jpan,776,7,36
jpn_Jpan,776,8,36
jpn_Jpan,776,9,52
jpn_Jpan,776,10,36
jpn_Jpan,776,11,11
jpn_Jpan,776,12,47
jpn_Jpan,776,13,19
jpn_Jpan,776,14,13
jpn_Jpan,776,15,13
jpn_Jpan,776,16,24
jpn_Jpan,776,17,19
jpn_Jpan,776,18,13
jpn_Jpan,776,19,34
jpn_Jpan,776,20,34
jpn_Jpan,776,21,9
jpn_Jpan,776,22,13
jpn_Jpan,776,23,13
jpn_Jpan,776,24,39
jpn_Jpan,776,25,51
jpn_Jpan,776,26,24
jpn_Jpan,776,27,13
jpn_Jpan,776,28,13
jpn_Jpan,776,29,13
jpn_Jpan,776,30,39
jpn_Jpan,776,31,51
eng_Latn,777,0,60
eng_Latn,777,1,54
eng_Latn,777,2,18
eng_Latn,777,3,20
eng_Latn,777,4,41
eng_Latn,777,5,51
eng_Latn,777,6,24
eng_Latn,777,7,39
jpn_Jpan,778,0,60
jpn_Jpan,778,1,13
jpn_Jpan,778,2,13
jpn_Jpan,778,3,13
jpn_Jpan,778,4,13
jpn_Jpan,778,5,47
jpn_Jpan,778,6,47
jpn_Jpan,778,7,7
jpn_Jpan,778,8,24
jpn_Jpan,778,9,40
jpn_Jpan,778,10,13
jpn_Jpan,778,11,47
jpn_Jpan,778,12,13
jpn_Jpan,778,13,13
jpn_Jpan,778,14,24
jpn_Jpan,778,15,13
jpn_Jpan,778,16,13
jpn_Jpan,778,17,13
jpn_Jpan,778,18,13
jpn_Jpan,778,19,5
jpn_Jpan,778,20,61
jpn_Jpan,778,21,39
jpn_Jpan,778,22,13
jpn_Jpan,778,23,39
jpn_Jpan,778,24,13
jpn_Jpan,778,25,39
jpn_Jpan,778,26,19
jpn_Jpan,778,27,13
jpn_Jpan,778,28,5
jpn_Jpan,778,29,40
jpn_Jpan,779,0,60
jpn_Jpan,779,1,13
jpn_Jpan,779,2,13
jpn_Jpan,779,3,61
jpn_Jpan,779,4,13
jpn_Jpan,779,5,13
jpn_Jpan,779,6,47
jpn_Jpan,779,7,19
jpn_Jpan,779,8,7
jpn_Jpan,779,9,24
jpn_Jpan,779,10,13
jpn_Jpan,779,11,47
jpn_Jpan,779,12,7
jpn_Jpan,779,13,24
jpn_Jpan,779,14,13
jpn_Jpan,779,15,34
jpn_Jpan,779,16,13
jpn_Jpan,779,17,13
jpn_Jpan,779,18,13
jpn_Jpan,779,19,24
jpn_Jpan,779,20,13
jpn_Jpan,779,21,34
jpn_Jpan,779,22,34
jpn_Jpan,779,23,51
eng_Latn,780,0,60
eng_Latn,780,1,1
eng_Latn,780,2,53
eng_Latn,780,3,52
eng_Latn,780,4,1
eng_Latn,780,5,52
eng_Latn,780,6,47
jpn_Jpan,781,0,60
jpn_Jpan,781,1,47
jpn_Jpan,781,2,36
jpn_Jpan,781,3,24
jpn_Jpan,781,4,19
jpn_Jpan,781,5,19
jpn_Jpan,781,6,13
jpn_Jpan,781,7,6
jpn_Jpan,781,8,61
jpn_Jpan,781,9,36
jpn_Jpan,781,10,6
jpn_Jpan,781,11,24
jpn_Jpan,781,12,6
jpn_Jpan,781,13,24
jpn_Jpan,781,14,47
jpn_Jpan,781,15,13
jpn_Jpan,781,16,13
jpn_Jpan,781,17,13
jpn_Jpan,781,18,13
jpn_Jpan,781,19,34
jpn_Jpan,782,0,60
jpn_Jpan,782,1,13
jpn_Jpan,782,2,13
jpn_Jpan,782,3,39
jpn_Jpan,782,4,47
jpn_Jpan,782,5,13
jpn_Jpan,782,6,24
jpn_Jpan,782,7,47
jpn_Jpan,782,8,19
jpn_Jpan,782,9,19
jpn_Jpan,782,10,39
jpn_Jpan,782,11,47
jpn_Jpan,782,12,47
jpn_Jpan,782,13,13
jpn_Jpan,782,14,61
jpn_Jpan,782,15,19
jpn_Jpan,782,16,19
jpn_Jpan,782,17,39
jpn_Jpan,782,18,13
jpn_Jpan,782,19,19
jpn_Jpan,782,20,13
jpn_Jpan,782,21,42
jpn_Jpan,782,22,24
jpn_Jpan,782,23,13
jpn_Jpan,782,24,13
jpn_Jpan,782,25,13
jpn_Jpan,782,26,24
jpn_Jpan,782,27,13
jpn_Jpan,782,28,13
jpn_Jpan,782,29,34
jpn_Jpan,782,30,13
jpn_Jpan,782,31,51
jpn_Jpan,782,32,9
jpn_Jpan,782,33,13
jpn_Jpan,782,34,24
jpn_Jpan,782,35,9
jpn_Jpan,782,36,19
jpn_Jpan,782,37,13
jpn_Jpan,782,38,13
jpn_Jpan,782,39,13
jpn_Jpan,782,40,13
jpn_Jpan,782,41,13
jpn_Jpan,782,42,12
jpn_Jpan,782,43,13
jpn_Jpan,782,44,13
jpn_Jpan,782,45,61
jpn_Jpan,782,46,61
jpn_Jpan,782,47,13
eng_Latn,783,0,60
eng_Latn,783,1,52
eng_Latn,783,2,48
eng_Latn,783,3,56
eng_Latn,783,4,34
eng_Latn,783,5,34
jpn_Jpan,784,0,60
jpn_Jpan,784,1,13
jpn_Jpan,784,2,13
jpn_Jpan,784,3,13
jpn_Jpan,784,4,13
jpn_Jpan,784,5,13
jpn_Jpan,784,6,24
jpn_Jpan,784,7,13
jpn_Jpan,784,8,13
jpn_Jpan,784,9,13
jpn_Jpan,784,10,19
jpn_Jpan,784,11,13
jpn_Jpan,784,12,39
jpn_Jpan,784,13,7
jpn_Jpan,784,14,13
jpn_Jpan,784,15,19
jpn_Jpan,784,16,13
jpn_Jpan,784,17,52
jpn_Jpan,784,18,13
jpn_Jpan,784,19,24
jpn_Jpan,784,20,47
jpn_Jpan,784,21,13
jpn_Jpan,784,22,19
jpn_Jpan,784,23,34
jpn_Jpan,785,0,60
jpn_Jpan,785,1,13
jpn_Jpan,785,2,13
jpn_Jpan,785,3,13
jpn_Jpan,785,4,13
jpn_Jpan,785,5,39
jpn_Jpan,785,6,13
jpn_Jpan,785,7,24
jpn_Jpan,785,8,61
jpn_Jpan,785,9,13
jpn_Jpan,785,10,47
jpn_Jpan,785,11,13
jpn_Jpan,785,12,24
jpn_Jpan,785,13,47
jpn_Jpan,785,14,13
jpn_Jpan,785,15,13
jpn_Jpan,785,16,34
jpn_Jpan,785,17,13
jpn_Jpan,785,18,19
jpn_Jpan,785,19,13
jpn_Jpan,785,20,13
jpn_Jpan,785,21,24
jpn_Jpan,785,22,13
jpn_Jpan,785,23,19
jpn_Jpan,785,24,13
jpn_Jpan,785,25,24
jpn_Jpan,785,26,13
jpn_Jpan,785,27,34
jpn_Jpan,785,28,13
jpn_Jpan,785,29,24
jpn_Jpan,785,30,19
jpn_Jpan,785,31,52
jpn_Jpan,785,32,37
jpn_Jpan,785,33,13
jpn_Jpan,785,34,19
jpn_Jpan,785,35,13
jpn_Jpan,785,36,13
jpn_Jpan,785,37,24
jpn_Jpan,785,38,13
jpn_Jpan,785,39,13
jpn_Jpan,785,40,13
jpn_Jpan,785,41,13
jpn_Jpan,785,42,13
eng_Latn,786,0,60
eng_Latn,786,1,56
eng_Latn,786,2,24
eng_Latn,786,3,19
eng_Latn,786,4,40
eng_Latn,786,5,49
eng_Latn,786,6,12
eng_Latn,786,7,22
eng_Latn,786,8,40
eng_Latn,786,9,15
eng_Latn,786,10,48
eng_Latn,786,11,59
eng_Latn,786,12,51
eng_Latn,787,0,60
eng_Latn,787,1,38
eng_Latn,787,2,15
eng_Latn,787,3,20
eng_Latn,787,4,38
eng_Latn,787,5,56
eng_Latn,787,6,61
eng_Latn,787,7,19
eng_Latn,787,8,51
eng_Latn,788,0,60
eng_Latn,788,1,22
eng_Latn,788,2,15
eng_Latn,788,3,11
eng_Latn,788,4,52
eng_Latn,788,5,3
eng_Latn,788,6,48
jpn_Jpan,789,0,60
jpn_Jpan,789,1,13
jpn_Jpan,789,2,47
jpn_Jpan,789,3,47
jpn_Jpan,789,4,13
jpn_Jpan,789,5,39
jpn_Jpan,789,6,13
jpn_Jpan,789,7,24
jpn_Jpan,789,8,52
jpn_Jpan,789,9,1
jpn_Jpan,789,10,52
jpn_Jpan,789,11,7
jpn_Jpan,789,12,24
jpn_Jpan,789,13,24
jpn_Jpan,789,14,19
jpn_Jpan,789,15,13
jpn_Jpan,789,16,19
jpn_Jpan,789,17,24
jpn_Jpan,789,18,61
jpn_Jpan,789,19,47
jpn_Jpan,789,20,61
jpn_Jpan,789,21,19
jpn_Jpan,789,22,13
jpn_Jpan,789,23,13
jpn_Jpan,789,24,24
jpn_Jpan,789,25,24
jpn_Jpan,789,26,1
jpn_Jpan,789,27,13
jpn_Jpan,789,28,47
jpn_Jpan,789,29,13
jpn_Jpan,789,30,13
jpn_Jpan,790,0,60
jpn_Jpan,790,1,13
jpn_Jpan,790,2,13
jpn_Jpan,790,3,13
jpn_Jpan,790,4,13
jpn_Jpan,790,5,1
jpn_Jpan,790,6,13
jpn_Jpan,790,7,13
jpn_Jpan,790,8,13
jpn_Jpan,790,9,13
jpn_Jpan,790,10,13
jpn_Jpan,790,11,13
jpn_Jpan,790,12,13
jpn_Jpan,790,13,47
jpn_Jpan,790,14,19
jpn_Jpan,790,15,34
jpn_Jpan,790,16,24
jpn_Jpan,790,17,19
jpn_Jpan,790,18,13
jpn_Jpan,790,19,13
jpn_Jpan,790,20,51
jpn_Jpan,790,21,51
jpn_Jpan,790,22,51
jpn_Jpan,790,23,11
jpn_Jpan,790,24,13
jpn_Jpan,790,25,13
jpn_Jpan,790,26,39
jpn_Jpan,791,0,60
jpn_Jpan,791,1,1
jpn_Jpan,791,2,24
jpn_Jpan,791,3,13
jpn_Jpan,791,4,13
jpn_Jpan,791,5,24
jpn_Jpan,791,6,24
jpn_Jpan,791,7,13
jpn_Jpan,791,8,13
jpn_Jpan,791,9,24
jpn_Jpan,792,0,60
jpn_Jpan,792,1,7
jpn_Jpan,792,2,52
jpn_Jpan,792,3,7
jpn_Jpan,792,4,24
jpn_Jpan,792,5,24
jpn_Jpan,792,6,1
jpn_Jpan,792,7,13
jpn_Jpan,792,8,24
jpn_Jpan,792,9,52
jpn_Jpan,792,10,19
jpn_Jpan,792,11,13
jpn_Jpan,792,12,47
jpn_Jpan,792,13,19
jpn_Jpan,792,14,13
jpn_Jpan,792,15,24
jpn_Jpan,792,16,24
jpn_Jpan,792,17,19
jpn_Jpan,792,18,19
jpn_Jpan,792,19,13
jpn_Jpan,792,20,52
jpn_Jpan,792,21,61
jpn_Jpan,792,22,19
jpn_Jpan,792,23,13
jpn_Jpan,792,24,47
jpn_Jpan,792,25,19
jpn_Jpan,792,26,13
jpn_Jpan,792,27,13
jpn_Jpan,792,28,24
jpn_Jpan,792,29,19
jpn_Jpan,792,30,19
jpn_Jpan,792,31,13
jpn_Jpan,792,32,19
jpn_Jpan,792,33,34
jpn_Jpan,792,34,13
jpn_Jpan,792,35,9
jpn_Jpan,792,36,28
jpn_Jpan,792,37,24
jpn_Jpan,792,38,13
jpn_Jpan,792,39,24
jpn_Jpan,792,40,52
eng_Latn,793,0,60
eng_Latn,793,1,19
eng_Latn,793,2,18
eng_Latn,793,3,39
eng_Latn,794,0,60
eng_Latn,794,1,49
eng_Latn,794,2,40
eng_Latn,794,3,40
eng_Latn,794,4,49
eng_Latn,794,5,5
eng_Latn,794,6,49
jpn_Jpan,795,0,60
jpn_Jpan,795,1,13
jpn_Jpan,795,2,13
jpn_Jpan,795,3,13
jpn_Jpan,795,4,13
jpn_Jpan,795,5,19
jpn_Jpan,795,6,36
jpn_Jpan,795,7,24
jpn_Jpan,795,8,1
jpn_Jpan,795,9,13
jpn_Jpan,795,10,19
jpn_Jpan,795,11,39
jpn_Jpan,795,12,13
jpn_Jpan,795,13,24
jpn_Jpan,795,14,19
jpn_Jpan,795,15,13
jpn_Jpan,795,16,13
jpn_Jpan,795,17,19
jpn_Jpan,795,18,13
jpn_Jpan,795,19,24
jpn_Jpan,795,20,13
jpn_Jpan,795,21,13
jpn_Jpan,795,22,39
jpn_Jpan,795,23,47
jpn_Jpan,795,24,13
jpn_Jpan,795,25,24
jpn_Jpan,795,26,13
jpn_Jpan,795,27,34
jpn_Jpan,796,0,60
jpn_Jpan,796,1,13
jpn_Jpan,796,2,24
jpn_Jpan,796,3,24
jpn_Jpan,796,4,1
jpn_Jpan,796,5,52
jpn_Jpan,796,6,19
jpn_Jpan,796,7,13
jpn_Jpan,796,8,13
jpn_Jpan,796,9,19
jpn_Jpan,796,10,13
jpn_Jpan,796,11,34
jpn_Jpan,796,12,24
jpn_Jpan,796,13,13
jpn_Jpan,796,14,19
jpn_Jpan,796,15,39
jpn_Jpan,796,16,13
jpn_Jpan,796,17,13
jpn_Jpan,796,18,13
jpn_Jpan,796,19,24
jpn_Jpan,796,20,13
jpn_Jpan,796,21,13
jpn_Jpan,796,22,24
jpn_Jpan,796,23,24
jpn_Jpan,796,24,47
jpn_Jpan,796,25,19
jpn_Jpan,796,26,13
jpn_Jpan,796,27,26
jpn_Jpan,796,28,19
jpn_Jpan,796,29,24
jpn_Jpan,796,30,19
jpn_Jpan,796,31,13
jpn_Jpan,796,32,47
jpn_Jpan,796,33,47
jpn_Jpan,796,34,7
jpn_Jpan,796,35,19
jpn_Jpan,796,36,19
jpn_Jpan,796,37,39
jpn_Jpan,796,38,19
jpn_Jpan,796,39,13
jpn_Jpan,796,40,13
jpn_Jpan,796,41,13
jpn_Jpan,796,42,13
jpn_Jpan,796,43,13
jpn_Jpan,796,44,19
jpn_Jpan,796,45,13
jpn_Jpan,796,46,24
jpn_Jpan,796,47,13
jpn_Jpan,796,48,13
jpn_Jpan,796,49,19
jpn_Jpan,796,50,13
jpn_Jpan,796,51,13
jpn_Jpan,796,52,24
jpn_Jpan,796,53,13
jpn_Jpan,796,54,34
jpn_Jpan,797,0,60
jpn_Jpan,797,1,13
jpn_Jpan,797,2,28
jpn_Jpan,797,3,24
jpn_Jpan,797,4,13
jpn_Jpan,797,5,34
jpn_Jpan,797,6,24
jpn_Jpan,797,7,12
jpn_Jpan,797,8,40
jpn_Jpan,797,9,40
jpn_Jpan,797,10,24
jpn_Jpan,797,11,24
jpn_Jpan,797,12,13
jpn_Jpan,797,13,13
jpn_Jpan,797,14,13
jpn_Jpan,797,15,24
jpn_Jpan,797,16,13
jpn_Jpan,797,17,47
jpn_Jpan,797,18,34
jpn_Jpan,798,0,60
jpn_Jpan,798,1,36
jpn_Jpan,798,2,19
jpn_Jpan,798,3,13
jpn_Jpan,798,4,36
jpn_Jpan,798,5,24
jpn_Jpan,798,6,47
jpn_Jpan,798,7,13
jpn_Jpan,798,8,19
jpn_Jpan,798,9,13
jpn_Jpan,798,10,13
jpn_Jpan,798,11,47
jpn_Jpan,798,12,13
jpn_Jpan,798,13,24
jpn_Jpan,798,14,13
jpn_Jpan,798,15,37
jpn_Jpan,798,16,52
jpn_Jpan,798,17,1
jpn_Jpan,798,18,52
jpn_Jpan,798,19,13
jpn_Jpan,798,20,13
jpn_Jpan,798,21,36
jpn_Jpan,798,22,13
jpn_Jpan,798,23,34
jpn_Jpan,798,24,13
jpn_Jpan,798,25,34
jpn_Jpan,798,26,19
jpn_Jpan,798,27,13
eng_Latn,799,0,60
eng_Latn,799,1,37
eng_Latn,799,2,14
eng_Latn,799,3,19
eng_Latn,800,0,60
eng_Latn,800,1,19
eng_Latn,800,2,13
eng_Latn,800,3,54
eng_Latn,800,4,19
eng_Latn,800,5,13
eng_Latn,801,0,60
eng_Latn,801,1,22
eng_Latn,801,2,34
eng_Latn,801,3,22
eng_Latn,801,4,22
eng_Latn,801,5,37
eng_Latn,801,6,63
eng_Latn,801,7,34
eng_Latn,801,8,24
eng_Latn,801,9,7
eng_Latn,801,10,60
eng_Latn,802,0,60
eng_Latn,802,1,49
eng_Latn,802,2,61
eng_Latn,802,3,49
eng_Latn,802,4,9
eng_Latn,802,5,14
eng_Latn,802,6,18
jpn_Jpan,803,0,60
jpn_Jpan,803,1,13
jpn_Jpan,803,2,13
jpn_Jpan,803,3,13
jpn_Jpan,803,4,24
jpn_Jpan,803,5,52
jpn_Jpan,803,6,1
jpn_Jpan,803,7,13
jpn_Jpan,803,8,19
jpn_Jpan,803,9,13
jpn_Jpan,803,10,24
jpn_Jpan,803,11,13
jpn_Jpan,803,12,19
jpn_Jpan,803,13,13
jpn_Jpan,803,14,13
jpn_Jpan,803,15,47
jpn_Jpan,803,16,13
jpn_Jpan,803,17,19
jpn_Jpan,803,18,34
jpn_Jpan,803,19,13
jpn_Jpan,803,20,34
jpn_Jpan,804,0,60
jpn_Jpan,804,1,13
jpn_Jpan,804,2,13
jpn_Jpan,804,3,36
jpn_Jpan,804,4,36
jpn_Jpan,804,5,13
jpn_Jpan,804,6,13
jpn_Jpan,804,7,13
jpn_Jpan,804,8,13
jpn_Jpan,804,9,24
jpn_Jpan,804,10,19
jpn_Jpan,804,11,13
jpn_Jpan,804,12,13
jpn_Jpan,804,13,13
jpn_Jpan,804,14,13
jpn_Jpan,804,15,19
jpn_Jpan,804,16,13
jpn_Jpan,804,17,13
jpn_Jpan,804,18,24
jpn_Jpan,804,19,13
jpn_Jpan,804,20,13
jpn_Jpan,804,21,13
jpn_Jpan,804,22,13
jpn_Jpan,804,23,13
jpn_Jpan,804,24,34
jpn_Jpan,804,25,13
jpn_Jpan,804,26,13
jpn_Jpan,804,27,13
jpn_Jpan,804,28,34
eng_Latn,805,0,60
eng_Latn,805,1,6
eng_Latn,805,2,48
eng_Latn,805,3,18
eng_Latn,805,4,63
jpn_Jpan,806,0,60
jpn_Jpan,806,1,13
jpn_Jpan,806,2,24
jpn_Jpan,806,3,61
jpn_Jpan,806,4,61
jpn_Jpan,806,5,39
jpn_Jpan,806,6,13
jpn_Jpan,806,7,47
jpn_Jpan,806,8,19
jpn_Jpan,806,9,39
jpn_Jpan,806,10,13
jpn_Jpan,806,11,24
jpn_Jpan,806,12,13
jpn_Jpan,806,13,13
jpn_Jpan,806,14,24
jpn_Jpan,806,15,13
jpn_Jpan,806,16,19
jpn_Jpan,806,17,39
jpn_Jpan,806,18,13
jpn_Jpan,806,19,13
jpn_Jpan,806,20,39
jpn_Jpan,806,21,13
jpn_Jpan,806,22,13
jpn_Jpan,806,23,19
jpn_Jpan,806,24,13
jpn_Jpan,806,25,47
jpn_Jpan,806,26,13
jpn_Jpan,806,27,13
jpn_Jpan,806,28,13
jpn_Jpan,806,29,24
jpn_Jpan,806,30,13
jpn_Jpan,806,31,13
jpn_Jpan,806,32,13
jpn_Jpan,806,33,34
jpn_Jpan,807,0,60
jpn_Jpan,807,1,13
jpn_Jpan,807,2,61
jpn_Jpan,807,3,36
jpn_Jpan,807,4,13
jpn_Jpan,807,5,13
jpn_Jpan,807,6,24
jpn_Jpan,807,7,13
jpn_Jpan,807,8,47
jpn_Jpan,807,9,24
jpn_Jpan,807,10,13
jpn_Jpan,807,11,13
jpn_Jpan,807,12,24
jpn_Jpan,807,13,24
jpn_Jpan,807,14,13
jpn_Jpan,807,15,13
jpn_Jpan,807,16,24
jpn_Jpan,807,17,13
jpn_Jpan,807,18,19
jpn_Jpan,807,19,13
jpn_Jpan,807,20,24
jpn_Jpan,807,21,13
jpn_Jpan,807,22,13
jpn_Jpan,807,23,13
jpn_Jpan,807,24,13
jpn_Jpan,807,25,13
jpn_Jpan,807,26,13
jpn_Jpan,807,27,13
jpn_Jpan,807,28,24
jpn_Jpan,807,29,24
jpn_Jpan,807,30,13
jpn_Jpan,807,31,47
jpn_Jpan,807,32,13
jpn_Jpan,807,33,24
jpn_Jpan,807,34,13
jpn_Jpan,807,35,24
jpn_Jpan,807,36,13
jpn_Jpan,807,37,13
jpn_Jpan,807,38,13
jpn_Jpan,807,39,34
eng_Latn,808,0,60
eng_Latn,808,1,49
eng_Latn,808,2,12
eng_Latn,808,3,39
jpn_Jpan,809,0,60
jpn_Jpan,809,1,13
jpn_Jpan,809,2,52
jpn_Jpan,809,3,1
jpn_Jpan,809,4,52
jpn_Jpan,809,5,13
jpn_Jpan,809,6,52
jpn_Jpan,809,7,1
jpn_Jpan,809,8,52
jpn_Jpan,809,9,52
jpn_Jpan,809,10,13
jpn_Jpan,809,11,34
jpn_Jpan,809,12,12
jpn_Jpan,809,13,47
jpn_Jpan,809,14,19
jpn_Jpan,809,15,19
jpn_Jpan,809,16,19
jpn_Jpan,809,17,13
jpn_Jpan,809,18,13
jpn_Jpan,809,19,13
jpn_Jpan,809,20,13
jpn_Jpan,809,21,24
jpn_Jpan,809,22,13
jpn_Jpan,809,23,19
jpn_Jpan,809,24,13
jpn_Jpan,809,25,13
jpn_Jpan,809,26,24
jpn_Jpan,809,27,24
jpn_Jpan,809,28,13
jpn_Jpan,809,29,13
jpn_Jpan,809,30,13
jpn_Jpan,809,31,24
jpn_Jpan,809,32,13
jpn_Jpan,809,33,19
jpn_Jpan,809,34,13
jpn_Jpan,809,35,19
jpn_Jpan,809,36,24
jpn_Jpan,809,37,13
jpn_Jpan,809,38,19
jpn_Jpan,809,39,13
jpn_Jpan,810,0,60
jpn_Jpan,810,1,24
jpn_Jpan,810,2,24
jpn_Jpan,810,3,47
jpn_Jpan,810,4,13
jpn_Jpan,810,5,13
jpn_Jpan,810,6,13
jpn_Jpan,810,7,24
jpn_Jpan,810,8,13
jpn_Jpan,810,9,13
jpn_Jpan,810,10,13
jpn_Jpan,810,11,47
jpn_Jpan,810,12,13
jpn_Jpan,810,13,13
jpn_Jpan,810,14,47
jpn_Jpan,810,15,47
jpn_Jpan,810,16,47
jpn_Jpan,810,17,13
jpn_Jpan,810,18,39
jpn_Jpan,810,19,13
jpn_Jpan,810,20,24
jpn_Jpan,810,21,13
jpn_Jpan,810,22,39
jpn_Jpan,810,23,61
jpn_Jpan,810,24,39
jpn_Jpan,810,25,7
jpn_Jpan,810,26,24
jpn_Jpan,810,27,47
jpn_Jpan,810,28,13
jpn_Jpan,810,29,19
jpn_Jpan,810,30,39
jpn_Jpan,810,31,39
jpn_Jpan,810,32,13
jpn_Jpan,810,33,24
jpn_Jpan,810,34,13
jpn_Jpan,810,35,13
jpn_Jpan,810,36,19
jpn_Jpan,810,37,13
jpn_Jpan,810,38,13
jpn_Jpan,810,39,47
jpn_Jpan,810,40,47
jpn_Jpan,810,41,47
jpn_Jpan,810,42,13
jpn_Jpan,810,43,7
jpn_Jpan,810,44,13
eng_Latn,811,0,60
eng_Latn,811,1,9
eng_Latn,811,2,38
eng_Latn,811,3,15
eng_Latn,811,4,56
eng_Latn,811,5,63
eng_Latn,811,6,60
eng_Latn,811,7,40
eng_Latn,811,8,63
jpn_Jpan,812,0,60
jpn_Jpan,812,1,22
jpn_Jpan,812,2,60
jpn_Jpan,812,3,58
jpn_Jpan,812,4,12
jpn_Jpan,812,5,61
jpn_Jpan,813,0,60
jpn_Jpan,813,1,34
jpn_Jpan,813,2,36
jpn_Jpan,813,3,36
jpn_Jpan,813,4,13
jpn_Jpan,813,5,36
jpn_Jpan,813,6,13
jpn_Jpan,813,7,19
jpn_Jpan,813,8,19
jpn_Jpan,813,9,8
jpn_Jpan,813,10,19
jpn_Jpan,813,11,34
jpn_Jpan,813,12,13
jpn_Jpan,813,13,13
jpn_Jpan,813,14,19
jpn_Jpan,813,15,19
jpn_Jpan,813,16,19
jpn_Jpan,813,17,34
jpn_Jpan,814,0,60
jpn_Jpan,814,1,13
jpn_Jpan,814,2,13
jpn_Jpan,814,3,39
jpn_Jpan,814,4,13
jpn_Jpan,814,5,13
jpn_Jpan,814,6,39
jpn_Jpan,814,7,9
jpn_Jpan,814,8,13
jpn_Jpan,814,9,61
jpn_Jpan,814,10,13
jpn_Jpan,814,11,47
jpn_Jpan,814,12,13
jpn_Jpan,814,13,24
jpn_Jpan,814,14,13
jpn_Jpan,814,15,13
jpn_Jpan,814,16,13
jpn_Jpan,814,17,13
jpn_Jpan,814,18,19
jpn_Jpan,814,19,13
jpn_Jpan,814,20,47
jpn_Jpan,814,21,13
jpn_Jpan,814,22,24
jpn_Jpan,814,23,13
jpn_Jpan,814,24,24
jpn_Jpan,814,25,19
jpn_Jpan,814,26,13
jpn_Jpan,814,27,19
jpn_Jpan,814,28,34
jpn_Jpan,814,29,24
jpn_Jpan,814,30,13
jpn_Jpan,814,31,47
jpn_Jpan,814,32,13
jpn_Jpan,814,33,19
jpn_Jpan,814,34,13
jpn_Jpan,814,35,13
jpn_Jpan,814,36,13
jpn_Jpan,814,37,13
jpn_Jpan,814,38,13
eng_Latn,815,0,60
eng_Latn,815,1,52
eng_Latn,815,2,1
eng_Latn,815,3,52
eng_Latn,815,4,52
eng_Latn,815,5,47
eng_Latn,815,6,19
eng_Latn,815,7,63
eng_Latn,816,0,60
eng_Latn,816,1,54
eng_Latn,816,2,15
eng_Latn,816,3,53
eng_Latn,816,4,41
eng_Latn,816,5,17
jpn_Jpan,817,0,60
jpn_Jpan,817,1,13
jpn_Jpan,817,2,24
jpn_Jpan,817,3,61
jpn_Jpan,817,4,13
jpn_Jpan,817,5,34
jpn_Jpan,817,6,36
jpn_Jpan,817,7,24
jpn_Jpan,817,8,24
jpn_Jpan,817,9,13
jpn_Jpan,817,10,13
jpn_Jpan,817,11,13
jpn_Jpan,817,12,13
jpn_Jpan,817,13,13
jpn_Jpan,817,14,19
jpn_Jpan,817,15,13
jpn_Jpan,817,16,36
jpn_Jpan,817,17,24
jpn_Jpan,817,18,13
jpn_Jpan,817,19,13
jpn_Jpan,817,20,24
jpn_Jpan,817,21,19
jpn_Jpan,817,22,13
jpn_Jpan,817,23,9
jpn_Jpan,817,24,24
jpn_Jpan,817,25,24
jpn_Jpan,817,26,19
jpn_Jpan,817,27,13
jpn_Jpan,817,28,13
jpn_Jpan,817,29,24
jpn_Jpan,817,30,52
jpn_Jpan,817,31,13
jpn_Jpan,817,32,13
jpn_Jpan,817,33,34
jpn_Jpan,817,34,34
jpn_Jpan,817,35,24
jpn_Jpan,817,36,13
jpn_Jpan,817,37,13
jpn_Jpan,817,38,13
jpn_Jpan,817,39,13
jpn_Jpan,817,40,34
eng_Latn,818,0,60
eng_Latn,818,1,19
eng_Latn,818,2,56
eng_Latn,818,3,57
eng_Latn,819,0,60
eng_Latn,819,1,9
eng_Latn,819,2,56
eng_Latn,819,3,56
eng_Latn,819,4,51
eng_Latn,819,5,54
eng_Latn,819,6,18
eng_Latn,819,7,16
eng_Latn,819,8,20
eng_Latn,819,9,16
eng_Latn,820,0,60
eng_Latn,820,1,22
eng_Latn,820,2,9
eng_Latn,820,3,12
eng_Latn,820,4,19
eng_Latn,820,5,15
eng_Latn,820,6,9
eng_Latn,820,7,9
eng_Latn,820,8,22
eng_Latn,820,9,9
eng_Latn,820,10,29
eng_Latn,820,11,51
eng_Latn,820,12,24
eng_Latn,820,13,56
eng_Latn,820,14,47
eng_Latn,820,15,46
eng_Latn,820,16,51
jpn_Jpan,821,0,60
jpn_Jpan,821,1,22
jpn_Jpan,821,2,24
jpn_Jpan,821,3,24
jpn_Jpan,821,4,13
jpn_Jpan,821,5,13
jpn_Jpan,821,6,39
jpn_Jpan,821,7,34
jpn_Jpan,821,8,13
jpn_Jpan,821,9,24
jpn_Jpan,821,10,11
jpn_Jpan,821,11,58
jpn_Jpan,821,12,12
jpn_Jpan,821,13,39
jpn_Jpan,821,14,39
eng_Latn,822,0,60
eng_Latn,822,1,22
eng_Latn,822,2,5
eng_Latn,822,3,35
eng_Latn,822,4,63
eng_Latn,822,5,42
eng_Latn,822,6,47
eng_Latn,822,7,61
eng_Latn,822,8,61
eng_Latn,822,9,49
eng_Latn,822,10,22
eng_Latn,822,11,47
eng_Latn,822,12,22
jpn_Jpan,823,0,60
jpn_Jpan,823,1,52
jpn_Jpan,823,2,24
jpn_Jpan,823,3,24
jpn_Jpan,823,4,52
jpn_Jpan,823,5,13
jpn_Jpan,823,6,13
jpn_Jpan,823,7,24
jpn_Jpan,823,8,24
jpn_Jpan,823,9,13
jpn_Jpan,823,10,13
jpn_Jpan,823,11,13
jpn_Jpan,823,12,36
jpn_Jpan,823,13,13
eng_Latn,824,0,60
eng_Latn,824,1,4
eng_Latn,824,2,56
eng_Latn,824,3,29
eng_Latn,824,4,51
eng_Latn,825,0,60
eng_Latn,825,1,45
eng_Latn,825,2,45
eng_Latn,825,3,40
eng_Latn,825,4,40
eng_Latn,825,5,61
eng_Latn,825,6,49
eng_Latn,825,7,56
eng_Latn,825,8,31
eng_Latn,826,0,60
eng_Latn,826,1,57
eng_Latn,826,2,46
eng_Latn,826,3,15
eng_Latn,826,4,63
eng_Latn,826,5,62
eng_Latn,826,6,52
eng_Latn,826,7,8
eng_Latn,826,8,46
eng_Latn,826,9,48
jpn_Jpan,827,0,60
jpn_Jpan,827,1,13
jpn_Jpan,827,2,13
jpn_Jpan,827,3,24
jpn_Jpan,827,4,47
jpn_Jpan,827,5,19
jpn_Jpan,827,6,13
jpn_Jpan,827,7,13
jpn_Jpan,827,8,19
jpn_Jpan,827,9,13
jpn_Jpan,827,10,24
jpn_Jpan,827,11,47
jpn_Jpan,827,12,34
jpn_Jpan,827,13,13
jpn_Jpan,827,14,52
jpn_Jpan,827,15,52
jpn_Jpan,827,16,7
jpn_Jpan,827,17,24
jpn_Jpan,827,18,19
jpn_Jpan,827,19,13
jpn_Jpan,827,20,13
jpn_Jpan,827,21,62
jpn_Jpan,827,22,47
jpn_Jpan,827,23,19
jpn_Jpan,827,24,13
jpn_Jpan,827,25,24
jpn_Jpan,827,26,19
jpn_Jpan,827,27,13
jpn_Jpan,827,28,13
jpn_Jpan,827,29,24
jpn_Jpan,827,30,13
jpn_Jpan,827,31,13
jpn_Jpan,827,32,13
jpn_Jpan,828,0,60
jpn_Jpan,828,1,13
jpn_Jpan,828,2,24
jpn_Jpan,828,3,13
jpn_Jpan,828,4,13
jpn_Jpan,828,5,36
jpn_Jpan,828,6,36
jpn_Jpan,828,7,47
jpn_Jpan,828,8,19
jpn_Jpan,828,9,13
jpn_Jpan,828,10,24
jpn_Jpan,828,11,47
jpn_Jpan,828,12,36
jpn_Jpan,828,13,36
jpn_Jpan,828,14,1
jpn_Jpan,828,15,52
jpn_Jpan,828,16,36
jpn_Jpan,828,17,24
jpn_Jpan,828,18,13
jpn_Jpan,828,19,36
jpn_Jpan,828,20,52
jpn_Jpan,828,21,36
jpn_Jpan,828,22,24
jpn_Jpan,828,23,13
jpn_Jpan,828,24,19
jpn_Jpan,828,25,34
jpn_Jpan,828,26,34
eng_Latn,829,0,60
eng_Latn,829,1,22
jpn_Jpan,830,0,60
jpn_Jpan,830,1,24
jpn_Jpan,830,2,13
jpn_Jpan,830,3,13
jpn_Jpan,830,4,13
jpn_Jpan,830,5,13
jpn_Jpan,830,6,24
jpn_Jpan,830,7,13
jpn_Jpan,830,8,24
jpn_Jpan,830,9,24
jpn_Jpan,830,10,13
jpn_Jpan,830,11,19
jpn_Jpan,830,12,13
jpn_Jpan,830,13,51
jpn_Jpan,831,0,60
jpn_Jpan,831,1,40
jpn_Jpan,831,2,49
jpn_Jpan,831,3,24
jpn_Jpan,831,4,13
jpn_Jpan,831,5,19
jpn_Jpan,831,6,13
jpn_Jpan,831,7,24
jpn_Jpan,831,8,19
jpn_Jpan,831,9,13
jpn_Jpan,831,10,13
jpn_Jpan,831,11,34
jpn_Jpan,831,12,13
jpn_Jpan,831,13,24
jpn_Jpan,831,14,13
jpn_Jpan,831,15,13
jpn_Jpan,831,16,47
jpn_Jpan,831,17,39
jpn_Jpan,831,18,13
jpn_Jpan,831,19,39
jpn_Jpan,831,20,47
jpn_Jpan,831,21,13
jpn_Jpan,831,22,13
jpn_Jpan,831,23,39
jpn_Jpan,831,24,47
jpn_Jpan,831,25,47
jpn_Jpan,831,26,39
jpn_Jpan,831,27,13
jpn_Jpan,831,28,34
eng_Latn,832,0,60
eng_Latn,832,1,17
eng_Latn,832,2,17
eng_Latn,832,3,5
eng_Latn,832,4,5
eng_Latn,832,5,49
eng_Latn,833,0,60
eng_Latn,833,1,35
eng_Latn,833,2,4
eng_Latn,833,3,18
eng_Latn,833,4,63
eng_Latn,833,5,56
eng_Latn,833,6,52
eng_Latn,833,7,52
eng_Latn,833,8,21
eng_Latn,833,9,21
eng_Latn,833,10,4
jpn_Jpan,834,0,60
jpn_Jpan,834,1,47
jpn_Jpan,834,2,8
jpn_Jpan,834,3,39
jpn_Jpan,834,4,24
jpn_Jpan,834,5,47
jpn_Jpan,834,6,47
jpn_Jpan,834,7,36
jpn_Jpan,834,8,36
jpn_Jpan,834,9,19
jpn_Jpan,834,10,13
jpn_Jpan,834,11,19
jpn_Jpan,834,12,34
jpn_Jpan,834,13,24
jpn_Jpan,834,14,24
jpn_Jpan,834,15,47
jpn_Jpan,834,16,61
eng_Latn,835,0,60
eng_Latn,835,1,19
eng_Latn,835,2,19
eng_Latn,835,3,15
eng_Latn,835,4,16
eng_Latn,835,5,33
eng_Latn,835,6,33
eng_Latn,835,7,33
jpn_Jpan,836,0,60
jpn_Jpan,836,1,13
jpn_Jpan,836,2,13
jpn_Jpan,836,3,13
jpn_Jpan,836,4,13
jpn_Jpan,836,5,13
jpn_Jpan,836,6,13
jpn_Jpan,836,7,61
jpn_Jpan,836,8,61
jpn_Jpan,836,9,13
jpn_Jpan,836,10,13
jpn_Jpan,836,11,13
jpn_Jpan,836,12,19
jpn_Jpan,836,13,13
jpn_Jpan,836,14,13
jpn_Jpan,836,15,24
jpn_Jpan,836,16,52
jpn_Jpan,836,17,1
jpn_Jpan,836,18,52
jpn_Jpan,836,19,13
jpn_Jpan,836,20,13
jpn_Jpan,836,21,24
jpn_Jpan,836,22,24
jpn_Jpan,836,23,52
jpn_Jpan,836,24,1
jpn_Jpan,836,25,52
jpn_Jpan,836,26,1
jpn_Jpan,836,27,52
jpn_Jpan,836,28,13
jpn_Jpan,836,29,13
jpn_Jpan,836,30,24
jpn_Jpan,836,31,19
jpn_Jpan,836,32,13
jpn_Jpan,836,33,13
jpn_Jpan,836,34,47
jpn_Jpan,836,35,13
jpn_Jpan,836,36,13
jpn_Jpan,836,37,13
jpn_Jpan,836,38,13
jpn_Jpan,836,39,24
jpn_Jpan,836,40,13
jpn_Jpan,836,41,34
jpn_Jpan,836,42,13
jpn_Jpan,836,43,34
jpn_Jpan,836,44,12
jpn_Jpan,836,45,13
jpn_Jpan,836,46,13
jpn_Jpan,836,47,61
jpn_Jpan,836,48,61
jpn_Jpan,836,49,13
eng_Latn,837,0,60
eng_Latn,837,1,57
eng_Latn,837,2,57
eng_Latn,837,3,20
eng_Latn,837,4,56
eng_Latn,837,5,16
eng_Latn,837,6,14
eng_Latn,837,7,35
eng_Latn,837,8,63
eng_Latn,838,0,60
eng_Latn,838,1,12
eng_Latn,838,2,26
eng_Latn,838,3,19
eng_Latn,838,4,49
eng_Latn,838,5,1
eng_Latn,838,6,52
eng_Latn,838,7,62
jpn_Jpan,839,0,60
jpn_Jpan,839,1,13
jpn_Jpan,839,2,13
jpn_Jpan,839,3,19
jpn_Jpan,839,4,13
jpn_Jpan,839,5,24
jpn_Jpan,839,6,13
jpn_Jpan,839,7,19
jpn_Jpan,839,8,13
jpn_Jpan,839,9,24
jpn_Jpan,839,10,61
jpn_Jpan,839,11,13
jpn_Jpan,839,12,47
jpn_Jpan,839,13,13
jpn_Jpan,839,14,24
jpn_Jpan,839,15,19
jpn_Jpan,839,16,13
jpn_Jpan,839,17,19
jpn_Jpan,839,18,7
jpn_Jpan,839,19,13
jpn_Jpan,839,20,34
jpn_Jpan,839,21,47
jpn_Jpan,839,22,19
jpn_Jpan,839,23,13
jpn_Jpan,839,24,19
jpn_Jpan,839,25,13
jpn_Jpan,839,26,13
jpn_Jpan,839,27,13
jpn_Jpan,839,28,13
jpn_Jpan,839,29,24
jpn_Jpan,839,30,13
jpn_Jpan,839,31,19
jpn_Jpan,839,32,13
jpn_Jpan,839,33,13
jpn_Jpan,839,34,13
jpn_Jpan,839,35,13
jpn_Jpan,839,36,13
jpn_Jpan,839,37,24
jpn_Jpan,839,38,24
jpn_Jpan,839,39,39
jpn_Jpan,839,40,24
jpn_Jpan,839,41,19
jpn_Jpan,839,42,13
jpn_Jpan,839,43,61
jpn_Jpan,839,44,13
jpn_Jpan,839,45,24
jpn_Jpan,839,46,61
jpn_Jpan,839,47,13
jpn_Jpan,839,48,13
jpn_Jpan,839,49,13
jpn_Jpan,839,50,13
jpn_Jpan,839,51,34
jpn_Jpan,840,0,60
jpn_Jpan,840,1,19
jpn_Jpan,840,2,13
jpn_Jpan,840,3,39
jpn_Jpan,840,4,13
jpn_Jpan,840,5,39
jpn_Jpan,840,6,47
jpn_Jpan,840,7,13
jpn_Jpan,840,8,13
jpn_Jpan,840,9,13
jpn_Jpan,840,10,1
jpn_Jpan,840,11,13
jpn_Jpan,840,12,12
jpn_Jpan,840,13,22
jpn_Jpan,841,0,60
jpn_Jpan,841,1,36
jpn_Jpan,841,2,24
jpn_Jpan,841,3,47
jpn_Jpan,841,4,47
jpn_Jpan,841,5,36
jpn_Jpan,841,6,13
jpn_Jpan,841,7,13
jpn_Jpan,841,8,13
jpn_Jpan,841,9,13
jpn_Jpan,841,10,24
jpn_Jpan,841,11,61
jpn_Jpan,841,12,13
jpn_Jpan,841,13,47
jpn_Jpan,841,14,13
jpn_Jpan,841,15,24
jpn_Jpan,841,16,13
jpn_Jpan,841,17,13
jpn_Jpan,841,18,13
jpn_Jpan,841,19,19
jpn_Jpan,841,20,13
jpn_Jpan,841,21,13
jpn_Jpan,841,22,19
jpn_Jpan,841,23,13
jpn_Jpan,841,24,24
jpn_Jpan,841,25,19
jpn_Jpan,841,26,13
jpn_Jpan,841,27,24
jpn_Jpan,841,28,61
jpn_Jpan,841,29,13
jpn_Jpan,841,30,13
jpn_Jpan,841,31,13
jpn_Jpan,841,32,13
jpn_Jpan,841,33,13
jpn_Jpan,841,34,24
jpn_Jpan,841,35,19
jpn_Jpan,841,36,19
jpn_Jpan,841,37,39
jpn_Jpan,841,38,39
jpn_Jpan,841,39,39
jpn_Jpan,841,40,7
jpn_Jpan,842,0,60
jpn_Jpan,842,1,54
jpn_Jpan,842,2,36
jpn_Jpan,842,3,24
jpn_Jpan,842,4,47
jpn_Jpan,842,5,13
jpn_Jpan,842,6,39
jpn_Jpan,842,7,13
jpn_Jpan,842,8,36
jpn_Jpan,842,9,13
jpn_Jpan,842,10,24
jpn_Jpan,842,11,13
jpn_Jpan,842,12,13
jpn_Jpan,842,13,13
jpn_Jpan,842,14,36
jpn_Jpan,843,0,60
jpn_Jpan,843,1,13
jpn_Jpan,843,2,36
jpn_Jpan,843,3,6
jpn_Jpan,843,4,36
jpn_Jpan,843,5,36
jpn_Jpan,843,6,19
jpn_Jpan,843,7,13
jpn_Jpan,843,8,19
jpn_Jpan,843,9,36
jpn_Jpan,843,10,52
jpn_Jpan,844,0,60
jpn_Jpan,844,1,13
jpn_Jpan,844,2,13
jpn_Jpan,844,3,13
jpn_Jpan,844,4,13
jpn_Jpan,844,5,13
jpn_Jpan,844,6,24
jpn_Jpan,844,7,19
jpn_Jpan,844,8,19
jpn_Jpan,844,9,13
jpn_Jpan,844,10,13
jpn_Jpan,844,11,34
jpn_Jpan,844,12,13
jpn_Jpan,844,13,9
jpn_Jpan,844,14,13
jpn_Jpan,844,15,24
jpn_Jpan,844,16,47
jpn_Jpan,844,17,13
jpn_Jpan,844,18,34
jpn_Jpan,844,19,24
jpn_Jpan,844,20,19
jpn_Jpan,844,21,13
jpn_Jpan,844,22,13
jpn_Jpan,844,23,24
jpn_Jpan,844,24,13
jpn_Jpan,844,25,13
jpn_Jpan,844,26,36
jpn_Jpan,845,0,60
jpn_Jpan,845,1,13
jpn_Jpan,845,2,24
jpn_Jpan,845,3,13
jpn_Jpan,845,4,13
jpn_Jpan,845,5,34
jpn_Jpan,845,6,13
jpn_Jpan,845,7,13
jpn_Jpan,845,8,13
jpn_Jpan,845,9,61
jpn_Jpan,845,10,13
jpn_Jpan,845,11,13
jpn_Jpan,845,12,13
jpn_Jpan,845,13,39
jpn_Jpan,845,14,13
jpn_Jpan,845,15,13
jpn_Jpan,845,16,13
jpn_Jpan,845,17,13
jpn_Jpan,845,18,13
jpn_Jpan,845,19,24
jpn_Jpan,845,20,19
jpn_Jpan,845,21,40
jpn_Jpan,845,22,13
jpn_Jpan,845,23,13
jpn_Jpan,845,24,13
jpn_Jpan,845,25,13
jpn_Jpan,845,26,13
jpn_Jpan,845,27,13
jpn_Jpan,845,28,24
jpn_Jpan,845,29,13
jpn_Jpan,845,30,19
jpn_Jpan,845,31,34
jpn_Jpan,845,32,13
jpn_Jpan,845,33,34
jpn_Jpan,846,0,60
jpn_Jpan,846,1,13
jpn_Jpan,846,2,13
jpn_Jpan,846,3,13
jpn_Jpan,846,4,12
jpn_Jpan,846,5,47
jpn_Jpan,846,6,13
jpn_Jpan,846,7,12
jpn_Jpan,846,8,1
jpn_Jpan,846,9,13
jpn_Jpan,846,10,47
jpn_Jpan,846,11,12
jpn_Jpan,846,12,24
jpn_Jpan,846,13,61
jpn_Jpan,846,14,13
jpn_Jpan,846,15,39
jpn_Jpan,846,16,47
jpn_Jpan,846,17,19
jpn_Jpan,846,18,13
jpn_Jpan,846,19,24
jpn_Jpan,846,20,13
jpn_Jpan,846,21,61
jpn_Jpan,846,22,13
jpn_Jpan,846,23,13
jpn_Jpan,846,24,13
jpn_Jpan,846,25,13
jpn_Jpan,846,26,37
jpn_Jpan,846,27,52
jpn_Jpan,846,28,37
jpn_Jpan,846,29,19
jpn_Jpan,846,30,7
jpn_Jpan,846,31,13
jpn_Jpan,846,32,13
jpn_Jpan,846,33,19
jpn_Jpan,846,34,34
eng_Latn,847,0,60
eng_Latn,847,1,5
eng_Latn,847,2,20
eng_Latn,847,3,52
eng_Latn,847,4,57
eng_Latn,847,5,23
eng_Latn,847,6,23
eng_Latn,847,7,61
eng_Latn,847,8,15
eng_Latn,847,9,16
eng_Latn,847,10,20
eng_Latn,847,11,63
eng_Latn,848,0,60
eng_Latn,848,1,22
eng_Latn,848,2,26
eng_Latn,848,3,26
jpn_Jpan,849,0,60
jpn_Jpan,849,1,13
jpn_Jpan,849,2,13
jpn_Jpan,849,3,19
jpn_Jpan,849,4,13
jpn_Jpan,849,5,61
jpn_Jpan,849,6,13
jpn_Jpan,849,7,9
jpn_Jpan,849,8,9
jpn_Jpan,849,9,13
jpn_Jpan,849,10,19
jpn_Jpan,849,11,19
jpn_Jpan,849,12,13
jpn_Jpan,849,13,52
jpn_Jpan,849,14,13
jpn_Jpan,849,15,13
jpn_Jpan,849,16,24
jpn_Jpan,849,17,47
jpn_Jpan,849,18,13
jpn_Jpan,849,19,13
jpn_Jpan,849,20,13
jpn_Jpan,849,21,52
jpn_Jpan,849,22,19
jpn_Jpan,849,23,13
jpn_Jpan,849,24,13
jpn_Jpan,849,25,19
jpn_Jpan,849,26,19
jpn_Jpan,849,27,19
jpn_Jpan,849,28,13
jpn_Jpan,849,29,19
jpn_Jpan,849,30,13
jpn_Jpan,849,31,24
jpn_Jpan,849,32,19
jpn_Jpan,849,33,36
jpn_Jpan,849,34,61
jpn_Jpan,849,35,13
jpn_Jpan,849,36,19
jpn_Jpan,849,37,13
jpn_Jpan,849,38,13
jpn_Jpan,849,39,24
jpn_Jpan,849,40,47
jpn_Jpan,849,41,13
jpn_Jpan,849,42,34
jpn_Jpan,849,43,19
jpn_Jpan,849,44,13
jpn_Jpan,850,0,60
jpn_Jpan,850,1,9
jpn_Jpan,850,2,13
jpn_Jpan,850,3,36
jpn_Jpan,850,4,36
jpn_Jpan,850,5,47
jpn_Jpan,850,6,19
jpn_Jpan,850,7,19
jpn_Jpan,850,8,39
jpn_Jpan,850,9,39
jpn_Jpan,850,10,36
jpn_Jpan,850,11,47
jpn_Jpan,850,12,13
jpn_Jpan,850,13,13
jpn_Jpan,850,14,36
jpn_Jpan,850,15,36
jpn_Jpan,850,16,36
jpn_Jpan,850,17,36
jpn_Jpan,850,18,61
jpn_Jpan,850,19,36
jpn_Jpan,850,20,6
jpn_Jpan,850,21,47
jpn_Jpan,850,22,47
jpn_Jpan,850,23,47
jpn_Jpan,850,24,19
jpn_Jpan,850,25,39
jpn_Jpan,850,26,39
jpn_Jpan,850,27,13
jpn_Jpan,850,28,13
jpn_Jpan,850,29,13
jpn_Jpan,850,30,34
jpn_Jpan,850,31,36
jpn_Jpan,850,32,36
jpn_Jpan,850,33,52
jpn_Jpan,850,34,52
jpn_Jpan,850,35,6
jpn_Jpan,850,36,36
jpn_Jpan,850,37,47
jpn_Jpan,850,38,13
jpn_Jpan,850,39,19
jpn_Jpan,850,40,36
jpn_Jpan,851,0,60
jpn_Jpan,851,1,19
jpn_Jpan,851,2,19
jpn_Jpan,851,3,39
jpn_Jpan,851,4,13
jpn_Jpan,851,5,36
jpn_Jpan,851,6,52
jpn_Jpan,851,7,1
jpn_Jpan,851,8,24
jpn_Jpan,851,9,13
jpn_Jpan,851,10,19
jpn_Jpan,851,11,34
jpn_Jpan,851,12,52
jpn_Jpan,851,13,19
jpn_Jpan,851,14,13
jpn_Jpan,851,15,13
jpn_Jpan,851,16,13
jpn_Jpan,851,17,19
jpn_Jpan,851,18,13
jpn_Jpan,851,19,13
jpn_Jpan,851,20,34
jpn_Jpan,852,0,60
jpn_Jpan,852,1,61
jpn_Jpan,852,2,7
jpn_Jpan,852,3,9
jpn_Jpan,852,4,34
jpn_Jpan,853,0,60
jpn_Jpan,853,1,13
jpn_Jpan,853,2,13
jpn_Jpan,853,3,19
jpn_Jpan,853,4,39
jpn_Jpan,853,5,39
jpn_Jpan,853,6,13
jpn_Jpan,853,7,13
jpn_Jpan,853,8,13
jpn_Jpan,853,9,24
jpn_Jpan,853,10,13
jpn_Jpan,853,11,47
jpn_Jpan,853,12,13
jpn_Jpan,853,13,13
jpn_Jpan,853,14,13
jpn_Jpan,853,15,13
jpn_Jpan,853,16,13
jpn_Jpan,853,17,13
jpn_Jpan,853,18,13
jpn_Jpan,853,19,13
jpn_Jpan,853,20,13
jpn_Jpan,853,21,13
jpn_Jpan,853,22,11
jpn_Jpan,853,23,47
jpn_Jpan,853,24,13
jpn_Jpan,853,25,13
jpn_Jpan,853,26,13
jpn_Jpan,853,27,24
jpn_Jpan,853,28,13
jpn_Jpan,853,29,13
jpn_Jpan,853,30,13
jpn_Jpan,853,31,13
jpn_Jpan,853,32,13
jpn_Jpan,853,33,24
jpn_Jpan,853,34,61
jpn_Jpan,853,35,47
jpn_Jpan,853,36,13
jpn_Jpan,853,37,13
jpn_Jpan,853,38,47
jpn_Jpan,853,39,13
jpn_Jpan,853,40,51
jpn_Jpan,853,41,9
jpn_Jpan,853,42,13
jpn_Jpan,853,43,39
jpn_Jpan,853,44,24
jpn_Jpan,853,45,13
jpn_Jpan,853,46,13
jpn_Jpan,853,47,19
jpn_Jpan,853,48,13
jpn_Jpan,853,49,61
jpn_Jpan,853,50,13
jpn_Jpan,854,0,60
jpn_Jpan,854,1,24
jpn_Jpan,854,2,36
jpn_Jpan,854,3,24
jpn_Jpan,854,4,1
jpn_Jpan,854,5,13
jpn_Jpan,854,6,1
jpn_Jpan,854,7,13
jpn_Jpan,854,8,19
jpn_Jpan,854,9,13
jpn_Jpan,854,10,39
jpn_Jpan,854,11,19
jpn_Jpan,854,12,39
jpn_Jpan,854,13,47
jpn_Jpan,854,14,13
jpn_Jpan,854,15,24
jpn_Jpan,854,16,19
jpn_Jpan,854,17,36
jpn_Jpan,854,18,24
jpn_Jpan,854,19,24
jpn_Jpan,854,20,13
jpn_Jpan,854,21,13
jpn_Jpan,854,22,24
jpn_Jpan,854,23,13
jpn_Jpan,854,24,47
jpn_Jpan,854,25,13
jpn_Jpan,854,26,19
jpn_Jpan,854,27,13
jpn_Jpan,854,28,13
jpn_Jpan,854,29,13
jpn_Jpan,854,30,24
jpn_Jpan,854,31,13
jpn_Jpan,854,32,61
jpn_Jpan,854,33,13
jpn_Jpan,854,34,13
jpn_Jpan,854,35,24
jpn_Jpan,854,36,24
jpn_Jpan,854,37,1
jpn_Jpan,854,38,13
jpn_Jpan,854,39,1
jpn_Jpan,854,40,13
jpn_Jpan,854,41,24
jpn_Jpan,854,42,19
jpn_Jpan,854,43,13
jpn_Jpan,854,44,61
jpn_Jpan,854,45,13
jpn_Jpan,854,46,24
jpn_Jpan,854,47,13
jpn_Jpan,854,48,13
jpn_Jpan,854,49,13
jpn_Jpan,854,50,13
jpn_Jpan,854,51,24
jpn_Jpan,854,52,13
jpn_Jpan,854,53,13
jpn_Jpan,854,54,24
jpn_Jpan,854,55,13
jpn_Jpan,854,56,13
jpn_Jpan,854,57,34
jpn_Jpan,855,0,60
jpn_Jpan,855,1,24
jpn_Jpan,855,2,24
jpn_Jpan,855,3,13
jpn_Jpan,855,4,24
jpn_Jpan,855,5,61
jpn_Jpan,855,6,13
jpn_Jpan,855,7,24
jpn_Jpan,855,8,13
jpn_Jpan,855,9,24
jpn_Jpan,855,10,19
jpn_Jpan,855,11,13
jpn_Jpan,855,12,13
jpn_Jpan,855,13,13
jpn_Jpan,855,14,13
jpn_Jpan,855,15,4
jpn_Jpan,855,16,51
jpn_Jpan,856,0,60
jpn_Jpan,856,1,19
jpn_Jpan,856,2,13
jpn_Jpan,856,3,39
jpn_Jpan,856,4,13
jpn_Jpan,856,5,39
jpn_Jpan,856,6,47
jpn_Jpan,856,7,13
jpn_Jpan,856,8,13
jpn_Jpan,856,9,13
jpn_Jpan,856,10,24
jpn_Jpan,856,11,19
jpn_Jpan,856,12,13
jpn_Jpan,856,13,13
jpn_Jpan,856,14,24
jpn_Jpan,856,15,19
jpn_Jpan,856,16,13
jpn_Jpan,856,17,7
jpn_Jpan,856,18,9
jpn_Jpan,856,19,22
jpn_Jpan,857,0,60
jpn_Jpan,857,1,13
jpn_Jpan,857,2,13
jpn_Jpan,857,3,19
jpn_Jpan,857,4,13
jpn_Jpan,857,5,19
jpn_Jpan,857,6,13
jpn_Jpan,857,7,47
jpn_Jpan,857,8,47
jpn_Jpan,857,9,13
jpn_Jpan,857,10,19
jpn_Jpan,857,11,13
jpn_Jpan,857,12,1
jpn_Jpan,857,13,13
jpn_Jpan,857,14,24
jpn_Jpan,857,15,19
jpn_Jpan,857,16,52
jpn_Jpan,857,17,24
jpn_Jpan,857,18,24
jpn_Jpan,857,19,13
jpn_Jpan,857,20,13
jpn_Jpan,857,21,19
jpn_Jpan,857,22,13
jpn_Jpan,857,23,13
jpn_Jpan,857,24,13
jpn_Jpan,857,25,13
jpn_Jpan,857,26,13
jpn_Jpan,857,27,13
jpn_Jpan,857,28,39
jpn_Jpan,857,29,47
jpn_Jpan,857,30,47
jpn_Jpan,857,31,19
jpn_Jpan,857,32,13
jpn_Jpan,857,33,47
jpn_Jpan,857,34,19
jpn_Jpan,857,35,13
jpn_Jpan,857,36,24
jpn_Jpan,857,37,19
jpn_Jpan,857,38,13
jpn_Jpan,857,39,34
jpn_Jpan,857,40,9
jpn_Jpan,857,41,13
jpn_Jpan,857,42,51
jpn_Jpan,857,43,13
jpn_Jpan,857,44,24
jpn_Jpan,857,45,13
jpn_Jpan,857,46,13
jpn_Jpan,857,47,24
jpn_Jpan,857,48,24
jpn_Jpan,857,49,13
jpn_Jpan,857,50,13
jpn_Jpan,857,51,24
jpn_Jpan,857,52,24
jpn_Jpan,858,0,60
jpn_Jpan,858,1,13
jpn_Jpan,858,2,24
jpn_Jpan,858,3,13
jpn_Jpan,858,4,13
jpn_Jpan,858,5,13
jpn_Jpan,858,6,24
jpn_Jpan,858,7,24
jpn_Jpan,858,8,19
jpn_Jpan,858,9,13
jpn_Jpan,858,10,19
jpn_Jpan,858,11,13
jpn_Jpan,858,12,13
jpn_Jpan,858,13,13
jpn_Jpan,858,14,24
jpn_Jpan,858,15,19
jpn_Jpan,858,16,13
jpn_Jpan,858,17,24
jpn_Jpan,858,18,24
jpn_Jpan,858,19,47
jpn_Jpan,858,20,24
jpn_Jpan,858,21,19
jpn_Jpan,858,22,24
jpn_Jpan,858,23,47
jpn_Jpan,858,24,19
jpn_Jpan,858,25,13
jpn_Jpan,858,26,13
jpn_Jpan,858,27,47
jpn_Jpan,858,28,19
jpn_Jpan,858,29,13
jpn_Jpan,858,30,19
jpn_Jpan,858,31,13
jpn_Jpan,858,32,13
jpn_Jpan,858,33,52
jpn_Jpan,858,34,13
jpn_Jpan,858,35,24
jpn_Jpan,858,36,1
jpn_Jpan,858,37,24
jpn_Jpan,858,38,13
jpn_Jpan,858,39,47
jpn_Jpan,858,40,39
jpn_Jpan,858,41,19
jpn_Jpan,858,42,34
jpn_Jpan,858,43,34
jpn_Jpan,859,0,60
jpn_Jpan,859,1,24
jpn_Jpan,859,2,40
jpn_Jpan,859,3,24
jpn_Jpan,859,4,47
jpn_Jpan,859,5,47
jpn_Jpan,859,6,36
jpn_Jpan,859,7,36
jpn_Jpan,859,8,36
jpn_Jpan,859,9,36
jpn_Jpan,859,10,52
jpn_Jpan,859,11,36
jpn_Jpan,859,12,37
jpn_Jpan,859,13,36
jpn_Jpan,859,14,37
jpn_Jpan,859,15,52
jpn_Jpan,860,0,60
jpn_Jpan,860,1,36
jpn_Jpan,860,2,61
jpn_Jpan,860,3,13
jpn_Jpan,860,4,36
jpn_Jpan,860,5,24
jpn_Jpan,860,6,61
jpn_Jpan,860,7,13
jpn_Jpan,860,8,36
jpn_Jpan,860,9,13
jpn_Jpan,860,10,19
jpn_Jpan,860,11,34
jpn_Jpan,860,12,34
jpn_Jpan,860,13,13
jpn_Jpan,860,14,24
jpn_Jpan,860,15,24
jpn_Jpan,860,16,52
jpn_Jpan,860,17,13
jpn_Jpan,860,18,24
jpn_Jpan,860,19,13
jpn_Jpan,860,20,47
jpn_Jpan,860,21,19
jpn_Jpan,860,22,13
jpn_Jpan,860,23,24
jpn_Jpan,860,24,52
jpn_Jpan,860,25,52
jpn_Jpan,860,26,13
jpn_Jpan,860,27,19
jpn_Jpan,860,28,13
jpn_Jpan,860,29,13
jpn_Jpan,860,30,13
jpn_Jpan,860,31,13
jpn_Jpan,860,32,19
jpn_Jpan,860,33,13
jpn_Jpan,860,34,13
jpn_Jpan,860,35,19
jpn_Jpan,860,36,61
jpn_Jpan,860,37,13
jpn_Jpan,860,38,13
jpn_Jpan,860,39,47
jpn_Jpan,860,40,13
jpn_Jpan,860,41,13
jpn_Jpan,860,42,24
jpn_Jpan,860,43,24
jpn_Jpan,860,44,13
jpn_Jpan,860,45,19
jpn_Jpan,860,46,34
jpn_Jpan,861,0,60
jpn_Jpan,861,1,60
jpn_Jpan,861,2,13
jpn_Jpan,861,3,13
jpn_Jpan,861,4,24
jpn_Jpan,861,5,52
jpn_Jpan,861,6,13
jpn_Jpan,861,7,13
jpn_Jpan,861,8,13
jpn_Jpan,861,9,13
jpn_Jpan,861,10,36
jpn_Jpan,861,11,24
jpn_Jpan,861,12,13
jpn_Jpan,861,13,61
jpn_Jpan,861,14,61
jpn_Jpan,861,15,13
jpn_Jpan,861,16,13
jpn_Jpan,861,17,39
jpn_Jpan,861,18,36
jpn_Jpan,861,19,1
jpn_Jpan,861,20,13
jpn_Jpan,861,21,19
jpn_Jpan,861,22,13
jpn_Jpan,861,23,24
jpn_Jpan,861,24,13
jpn_Jpan,861,25,34
jpn_Jpan,861,26,13
jpn_Jpan,861,27,13
jpn_Jpan,861,28,13
jpn_Jpan,861,29,9
jpn_Jpan,861,30,11
jpn_Jpan,861,31,61
jpn_Jpan,862,0,60
jpn_Jpan,862,1,13
jpn_Jpan,862,2,13
jpn_Jpan,862,3,13
jpn_Jpan,862,4,24
jpn_Jpan,862,5,19
jpn_Jpan,862,6,13
jpn_Jpan,862,7,34
jpn_Jpan,862,8,13
jpn_Jpan,862,9,24
jpn_Jpan,862,10,13
jpn_Jpan,862,11,13
jpn_Jpan,862,12,13
jpn_Jpan,862,13,13
jpn_Jpan,862,14,13
jpn_Jpan,862,15,13
jpn_Jpan,862,16,13
jpn_Jpan,862,17,13
jpn_Jpan,862,18,24
jpn_Jpan,862,19,19
jpn_Jpan,862,20,13
jpn_Jpan,862,21,47
jpn_Jpan,862,22,24
jpn_Jpan,862,23,13
jpn_Jpan,862,24,24
jpn_Jpan,862,25,13
jpn_Jpan,862,26,19
jpn_Jpan,862,27,47
jpn_Jpan,862,28,39
jpn_Jpan,862,29,39
jpn_Jpan,862,30,13
jpn_Jpan,862,31,24
jpn_Jpan,862,32,19
jpn_Jpan,862,33,13
jpn_Jpan,862,34,19
jpn_Jpan,862,35,34
jpn_Jpan,862,36,13
jpn_Jpan,862,37,13
jpn_Jpan,862,38,13
jpn_Jpan,862,39,34
jpn_Jpan,862,40,19
jpn_Jpan,862,41,13
eng_Latn,863,0,60
eng_Latn,863,1,46
eng_Latn,863,2,56
eng_Latn,863,3,21
jpn_Jpan,864,0,60
jpn_Jpan,864,1,13
jpn_Jpan,864,2,13
jpn_Jpan,864,3,47
jpn_Jpan,864,4,13
jpn_Jpan,864,5,13
jpn_Jpan,864,6,1
jpn_Jpan,864,7,13
jpn_Jpan,864,8,13
jpn_Jpan,864,9,13
jpn_Jpan,864,10,13
jpn_Jpan,864,11,13
jpn_Jpan,864,12,13
jpn_Jpan,864,13,13
jpn_Jpan,864,14,61
jpn_Jpan,864,15,61
jpn_Jpan,864,16,13
jpn_Jpan,864,17,13
jpn_Jpan,864,18,24
jpn_Jpan,864,19,24
jpn_Jpan,864,20,13
jpn_Jpan,864,21,24
jpn_Jpan,864,22,24
jpn_Jpan,864,23,24
jpn_Jpan,864,24,36
jpn_Jpan,864,25,13
jpn_Jpan,864,26,19
jpn_Jpan,864,27,13
jpn_Jpan,864,28,13
jpn_Jpan,864,29,47
eng_Latn,865,0,60
eng_Latn,865,1,16
eng_Latn,865,2,54
eng_Latn,865,3,46
eng_Latn,865,4,5
eng_Latn,865,5,18
eng_Latn,865,6,56
eng_Latn,865,7,46
eng_Latn,865,8,5
eng_Latn,865,9,16
eng_Latn,865,10,56
eng_Latn,865,11,1
jpn_Jpan,866,0,60
jpn_Jpan,866,1,40
jpn_Jpan,866,2,28
jpn_Jpan,866,3,24
jpn_Jpan,866,4,13
jpn_Jpan,866,5,13
jpn_Jpan,866,6,39
jpn_Jpan,866,7,34
jpn_Jpan,866,8,24
jpn_Jpan,866,9,61
jpn_Jpan,866,10,40
jpn_Jpan,866,11,13
jpn_Jpan,866,12,61
jpn_Jpan,866,13,61
jpn_Jpan,866,14,13
jpn_Jpan,866,15,13
jpn_Jpan,866,16,24
jpn_Jpan,866,17,19
jpn_Jpan,866,18,36
jpn_Jpan,866,19,13
jpn_Jpan,866,20,13
jpn_Jpan,866,21,34
jpn_Jpan,866,22,13
jpn_Jpan,866,23,19
jpn_Jpan,866,24,13
jpn_Jpan,866,25,39
jpn_Jpan,866,26,13
jpn_Jpan,866,27,13
jpn_Jpan,866,28,13
jpn_Jpan,866,29,19
jpn_Jpan,866,30,13
jpn_Jpan,866,31,34
jpn_Jpan,866,32,34
jpn_Jpan,867,0,60
jpn_Jpan,867,1,13
jpn_Jpan,867,2,13
jpn_Jpan,867,3,39
jpn_Jpan,867,4,39
jpn_Jpan,867,5,24
jpn_Jpan,867,6,13
jpn_Jpan,867,7,24
jpn_Jpan,867,8,19
jpn_Jpan,867,9,39
jpn_Jpan,867,10,39
jpn_Jpan,868,0,60
jpn_Jpan,868,1,36
jpn_Jpan,868,2,9
jpn_Jpan,868,3,9
jpn_Jpan,868,4,11
jpn_Jpan,868,5,24
jpn_Jpan,868,6,19
jpn_Jpan,868,7,13
jpn_Jpan,868,8,26
jpn_Jpan,868,9,47
jpn_Jpan,868,10,13
jpn_Jpan,868,11,19
jpn_Jpan,868,12,13
jpn_Jpan,868,13,47
jpn_Jpan,868,14,19
jpn_Jpan,868,15,39
jpn_Jpan,868,16,47
jpn_Jpan,868,17,13
jpn_Jpan,868,18,24
jpn_Jpan,868,19,47
jpn_Jpan,868,20,52
jpn_Jpan,868,21,52
jpn_Jpan,868,22,52
jpn_Jpan,868,23,19
jpn_Jpan,868,24,36
jpn_Jpan,868,25,19
jpn_Jpan,868,26,36
jpn_Jpan,868,27,19
jpn_Jpan,868,28,13
jpn_Jpan,868,29,13
jpn_Jpan,868,30,13
jpn_Jpan,868,31,13
jpn_Jpan,868,32,13
jpn_Jpan,868,33,12
jpn_Jpan,868,34,40
jpn_Jpan,868,35,40
jpn_Jpan,868,36,24
jpn_Jpan,868,37,24
jpn_Jpan,868,38,61
jpn_Jpan,868,39,40
jpn_Jpan,868,40,13
jpn_Jpan,868,41,47
jpn_Jpan,868,42,13
jpn_Jpan,868,43,24
jpn_Jpan,868,44,61
jpn_Jpan,868,45,13
jpn_Jpan,868,46,13
jpn_Jpan,868,47,19
jpn_Jpan,868,48,13
jpn_Jpan,868,49,34
jpn_Jpan,869,0,60
jpn_Jpan,869,1,13
jpn_Jpan,869,2,13
jpn_Jpan,869,3,13
jpn_Jpan,869,4,12
jpn_Jpan,869,5,22
jpn_Jpan,869,6,36
jpn_Jpan,869,7,47
jpn_Jpan,869,8,19
jpn_Jpan,869,9,13
jpn_Jpan,869,10,13
jpn_Jpan,869,11,13
jpn_Jpan,869,12,13
jpn_Jpan,869,13,13
jpn_Jpan,869,14,24
jpn_Jpan,869,15,47
jpn_Jpan,869,16,40
jpn_Jpan,869,17,40
jpn_Jpan,869,18,1
jpn_Jpan,869,19,13
jpn_Jpan,869,20,24
jpn_Jpan,869,21,13
jpn_Jpan,869,22,19
jpn_Jpan,869,23,34
jpn_Jpan,869,24,12
jpn_Jpan,869,25,52
jpn_Jpan,869,26,13
jpn_Jpan,869,27,47
jpn_Jpan,869,28,19
jpn_Jpan,869,29,13
jpn_Jpan,869,30,13
jpn_Jpan,869,31,24
jpn_Jpan,869,32,52
jpn_Jpan,869,33,13
jpn_Jpan,869,34,13
jpn_Jpan,869,35,13
jpn_Jpan,869,36,47
jpn_Jpan,869,37,52
jpn_Jpan,870,0,60
jpn_Jpan,870,1,13
jpn_Jpan,870,2,19
jpn_Jpan,870,3,39
jpn_Jpan,870,4,61
jpn_Jpan,870,5,39
jpn_Jpan,870,6,47
jpn_Jpan,870,7,13
jpn_Jpan,870,8,12
jpn_Jpan,870,9,58
jpn_Jpan,870,10,12
jpn_Jpan,870,11,47
jpn_Jpan,870,12,26
jpn_Jpan,870,13,39
eng_Latn,871,0,60
eng_Latn,871,1,34
eng_Latn,871,2,63
eng_Latn,871,3,31
eng_Latn,871,4,53
eng_Latn,871,5,22
eng_Latn,871,6,12
eng_Latn,871,7,47
eng_Latn,871,8,40
eng_Latn,871,9,40
jpn_Jpan,872,0,60
jpn_Jpan,872,1,13
jpn_Jpan,872,2,13
jpn_Jpan,872,3,13
jpn_Jpan,872,4,47
jpn_Jpan,872,5,13
jpn_Jpan,872,6,7
jpn_Jpan,872,7,7
jpn_Jpan,872,8,13
jpn_Jpan,872,9,13
jpn_Jpan,872,10,19
jpn_Jpan,872,11,13
jpn_Jpan,872,12,36
jpn_Jpan,872,13,24
jpn_Jpan,872,14,13
jpn_Jpan,872,15,9
jpn_Jpan,872,16,7
jpn_Jpan,872,17,24
jpn_Jpan,872,18,47
jpn_Jpan,872,19,47
jpn_Jpan,872,20,13
jpn_Jpan,872,21,24
jpn_Jpan,872,22,13
jpn_Jpan,872,23,13
jpn_Jpan,872,24,13
jpn_Jpan,872,25,19
jpn_Jpan,872,26,13
jpn_Jpan,872,27,24
jpn_Jpan,872,28,24
jpn_Jpan,872,29,13
jpn_Jpan,872,30,24
jpn_Jpan,872,31,13
jpn_Jpan,872,32,13
jpn_Jpan,872,33,34
jpn_Jpan,873,0,60
jpn_Jpan,873,1,13
jpn_Jpan,873,2,24
jpn_Jpan,873,3,13
jpn_Jpan,873,4,47
jpn_Jpan,873,5,13
jpn_Jpan,873,6,24
jpn_Jpan,873,7,13
jpn_Jpan,873,8,19
jpn_Jpan,873,9,13
jpn_Jpan,873,10,13
jpn_Jpan,873,11,13
jpn_Jpan,873,12,24
jpn_Jpan,873,13,9
jpn_Jpan,873,14,22
jpn_Jpan,874,0,60
jpn_Jpan,874,1,61
jpn_Jpan,874,2,61
jpn_Jpan,874,3,39
jpn_Jpan,874,4,13
jpn_Jpan,874,5,13
jpn_Jpan,874,6,13
jpn_Jpan,874,7,13
jpn_Jpan,874,8,61
jpn_Jpan,874,9,39
jpn_Jpan,874,10,13
jpn_Jpan,874,11,13
jpn_Jpan,874,12,13
jpn_Jpan,874,13,13
jpn_Jpan,874,14,61
jpn_Jpan,874,15,13
jpn_Jpan,874,16,19
jpn_Jpan,874,17,13
jpn_Jpan,874,18,24
jpn_Jpan,874,19,19
jpn_Jpan,874,20,13
jpn_Jpan,874,21,13
jpn_Jpan,874,22,52
jpn_Jpan,874,23,13
jpn_Jpan,875,0,60
jpn_Jpan,875,1,24
jpn_Jpan,875,2,47
jpn_Jpan,875,3,39
jpn_Jpan,875,4,36
jpn_Jpan,875,5,36
jpn_Jpan,875,6,24
jpn_Jpan,875,7,29
jpn_Jpan,875,8,34
jpn_Jpan,875,9,24
jpn_Jpan,875,10,13
jpn_Jpan,875,11,13
jpn_Jpan,875,12,47
jpn_Jpan,875,13,19
jpn_Jpan,875,14,34
jpn_Jpan,875,15,13
jpn_Jpan,875,16,13
jpn_Jpan,875,17,13
jpn_Jpan,875,18,34
jpn_Jpan,876,0,60
jpn_Jpan,876,1,47
jpn_Jpan,876,2,19
jpn_Jpan,876,3,22
jpn_Jpan,876,4,9
jpn_Jpan,877,0,60
jpn_Jpan,877,1,13
jpn_Jpan,877,2,39
jpn_Jpan,877,3,13
jpn_Jpan,877,4,12
jpn_Jpan,877,5,13
jpn_Jpan,877,6,61
jpn_Jpan,877,7,13
jpn_Jpan,877,8,13
jpn_Jpan,877,9,47
jpn_Jpan,877,10,13
jpn_Jpan,877,11,24
jpn_Jpan,877,12,61
jpn_Jpan,877,13,13
jpn_Jpan,877,14,24
jpn_Jpan,877,15,13
jpn_Jpan,877,16,19
jpn_Jpan,877,17,13
jpn_Jpan,878,0,60
jpn_Jpan,878,1,19
jpn_Jpan,878,2,13
jpn_Jpan,878,3,13
jpn_Jpan,878,4,36
jpn_Jpan,878,5,24
jpn_Jpan,878,6,52
jpn_Jpan,878,7,1
jpn_Jpan,878,8,24
jpn_Jpan,878,9,47
jpn_Jpan,878,10,13
jpn_Jpan,878,11,34
jpn_Jpan,878,12,13
jpn_Jpan,878,13,24
jpn_Jpan,878,14,19
jpn_Jpan,878,15,13
jpn_Jpan,878,16,13
jpn_Jpan,878,17,24
jpn_Jpan,878,18,26
jpn_Jpan,878,19,47
jpn_Jpan,878,20,13
jpn_Jpan,878,21,34
jpn_Jpan,878,22,13
jpn_Jpan,878,23,52
eng_Latn,879,0,60
eng_Latn,879,1,61
eng_Latn,879,2,1
eng_Latn,879,3,33
eng_Latn,879,4,24
eng_Latn,879,5,15
eng_Latn,879,6,16
eng_Latn,880,0,60
eng_Latn,880,1,18
eng_Latn,880,2,16
eng_Latn,880,3,38
eng_Latn,880,4,46
eng_Latn,880,5,20
eng_Latn,880,6,38
eng_Latn,880,7,15
jpn_Jpan,881,0,60
jpn_Jpan,881,1,13
jpn_Jpan,881,2,19
jpn_Jpan,881,3,13
jpn_Jpan,881,4,13
jpn_Jpan,881,5,24
jpn_Jpan,881,6,19
jpn_Jpan,881,7,36
jpn_Jpan,881,8,47
jpn_Jpan,881,9,13
jpn_Jpan,881,10,19
jpn_Jpan,881,11,13
jpn_Jpan,881,12,61
jpn_Jpan,881,13,7
jpn_Jpan,881,14,13
jpn_Jpan,881,15,24
jpn_Jpan,881,16,52
jpn_Jpan,881,17,9
jpn_Jpan,881,18,24
jpn_Jpan,881,19,24
jpn_Jpan,881,20,61
jpn_Jpan,881,21,19
jpn_Jpan,881,22,47
jpn_Jpan,881,23,47
jpn_Jpan,881,24,24
jpn_Jpan,881,25,13
jpn_Jpan,881,26,34
jpn_Jpan,881,27,13
jpn_Jpan,881,28,34
jpn_Jpan,881,29,11
jpn_Jpan,881,30,61
jpn_Jpan,881,31,13
jpn_Jpan,881,32,13
jpn_Jpan,881,33,19
jpn_Jpan,881,34,13
jpn_Jpan,881,35,13
jpn_Jpan,881,36,34
jpn_Jpan,881,37,19
jpn_Jpan,881,38,13
jpn_Jpan,881,39,47
jpn_Jpan,881,40,39
jpn_Jpan,881,41,24
jpn_Jpan,881,42,24
jpn_Jpan,881,43,61
jpn_Jpan,881,44,13
jpn_Jpan,881,45,47
jpn_Jpan,881,46,13
jpn_Jpan,881,47,13
jpn_Jpan,882,0,60
jpn_Jpan,882,1,24
jpn_Jpan,882,2,13
jpn_Jpan,882,3,13
jpn_Jpan,882,4,13
jpn_Jpan,882,5,19
jpn_Jpan,882,6,13
jpn_Jpan,882,7,24
jpn_Jpan,882,8,19
jpn_Jpan,882,9,13
jpn_Jpan,882,10,13
jpn_Jpan,882,11,36
jpn_Jpan,882,12,24
jpn_Jpan,882,13,19
jpn_Jpan,882,14,39
jpn_Jpan,882,15,36
jpn_Jpan,882,16,13
jpn_Jpan,882,17,19
jpn_Jpan,882,18,19
jpn_Jpan,882,19,13
jpn_Jpan,882,20,13
jpn_Jpan,882,21,13
jpn_Jpan,882,22,19
jpn_Jpan,882,23,47
jpn_Jpan,882,24,13
jpn_Jpan,882,25,13
jpn_Jpan,882,26,13
jpn_Jpan,882,27,19
jpn_Jpan,882,28,13
jpn_Jpan,882,29,13
jpn_Jpan,883,0,60
jpn_Jpan,883,1,36
jpn_Jpan,883,2,24
jpn_Jpan,883,3,24
jpn_Jpan,883,4,52
jpn_Jpan,883,5,36
jpn_Jpan,883,6,61
jpn_Jpan,883,7,13
jpn_Jpan,883,8,24
jpn_Jpan,883,9,13
jpn_Jpan,883,10,13
jpn_Jpan,883,11,24
jpn_Jpan,883,12,47
jpn_Jpan,883,13,47
jpn_Jpan,883,14,13
jpn_Jpan,883,15,13
jpn_Jpan,883,16,13
jpn_Jpan,883,17,24
jpn_Jpan,883,18,13
jpn_Jpan,883,19,24
jpn_Jpan,883,20,13
jpn_Jpan,883,21,34
eng_Latn,884,0,60
eng_Latn,884,1,56
eng_Latn,884,2,54
eng_Latn,884,3,38
eng_Latn,884,4,57
eng_Latn,884,5,20
eng_Latn,884,6,59
eng_Latn,884,7,16
jpn_Jpan,885,0,60
jpn_Jpan,885,1,36
jpn_Jpan,885,2,13
jpn_Jpan,885,3,19
jpn_Jpan,885,4,36
jpn_Jpan,885,5,36
jpn_Jpan,885,6,13
jpn_Jpan,885,7,61
jpn_Jpan,885,8,13
jpn_Jpan,885,9,13
jpn_Jpan,885,10,39
jpn_Jpan,885,11,39
jpn_Jpan,885,12,36
jpn_Jpan,885,13,1
jpn_Jpan,885,14,13
jpn_Jpan,885,15,1
jpn_Jpan,885,16,47
jpn_Jpan,885,17,13
jpn_Jpan,885,18,13
jpn_Jpan,885,19,13
jpn_Jpan,885,20,19
jpn_Jpan,885,21,34
jpn_Jpan,885,22,19
jpn_Jpan,885,23,13
jpn_Jpan,885,24,34
jpn_Jpan,886,0,60
jpn_Jpan,886,1,1
jpn_Jpan,886,2,52
jpn_Jpan,886,3,13
jpn_Jpan,886,4,24
jpn_Jpan,886,5,13
jpn_Jpan,886,6,34
jpn_Jpan,886,7,13
jpn_Jpan,886,8,24
jpn_Jpan,886,9,13
jpn_Jpan,886,10,13
jpn_Jpan,886,11,13
jpn_Jpan,886,12,13
jpn_Jpan,886,13,61
jpn_Jpan,886,14,13
jpn_Jpan,886,15,13
jpn_Jpan,886,16,19
jpn_Jpan,886,17,13
jpn_Jpan,886,18,13
jpn_Jpan,886,19,12
jpn_Jpan,886,20,19
jpn_Jpan,886,21,13
jpn_Jpan,886,22,19
jpn_Jpan,886,23,13
jpn_Jpan,886,24,13
jpn_Jpan,886,25,13
jpn_Jpan,886,26,47
jpn_Jpan,886,27,13
jpn_Jpan,886,28,12
jpn_Jpan,886,29,13
jpn_Jpan,886,30,19
jpn_Jpan,886,31,13
jpn_Jpan,886,32,13
jpn_Jpan,886,33,47
jpn_Jpan,886,34,13
jpn_Jpan,886,35,13
jpn_Jpan,886,36,24
jpn_Jpan,886,37,13
jpn_Jpan,886,38,19
jpn_Jpan,886,39,13
jpn_Jpan,886,40,19
jpn_Jpan,886,41,13
jpn_Jpan,886,42,13
jpn_Jpan,886,43,24
jpn_Jpan,886,44,52
jpn_Jpan,886,45,13
jpn_Jpan,886,46,24
jpn_Jpan,886,47,13
jpn_Jpan,886,48,34
jpn_Jpan,886,49,34
jpn_Jpan,887,0,60
jpn_Jpan,887,1,13
jpn_Jpan,887,2,13
jpn_Jpan,887,3,13
jpn_Jpan,887,4,36
jpn_Jpan,887,5,19
jpn_Jpan,887,6,19
jpn_Jpan,887,7,13
jpn_Jpan,887,8,19
jpn_Jpan,887,9,34
jpn_Jpan,887,10,34
jpn_Jpan,887,11,24
jpn_Jpan,887,12,19
jpn_Jpan,887,13,13
jpn_Jpan,887,14,61
jpn_Jpan,887,15,36
jpn_Jpan,887,16,24
jpn_Jpan,887,17,36
jpn_Jpan,887,18,13
jpn_Jpan,887,19,36
jpn_Jpan,887,20,13
jpn_Jpan,887,21,36
jpn_Jpan,887,22,13
jpn_Jpan,887,23,13
jpn_Jpan,887,24,24
jpn_Jpan,887,25,13
jpn_Jpan,887,26,13
jpn_Jpan,887,27,19
jpn_Jpan,887,28,13
jpn_Jpan,887,29,36
jpn_Jpan,887,30,13
jpn_Jpan,887,31,36
jpn_Jpan,887,32,13
jpn_Jpan,887,33,13
jpn_Jpan,887,34,13
jpn_Jpan,887,35,34
eng_Latn,888,0,60
eng_Latn,888,1,57
eng_Latn,888,2,45
eng_Latn,888,3,46
eng_Latn,888,4,17
eng_Latn,888,5,56
eng_Latn,888,6,35
eng_Latn,888,7,35
eng_Latn,888,8,34
eng_Latn,889,0,60
eng_Latn,889,1,35
eng_Latn,889,2,61
eng_Latn,889,3,56
eng_Latn,889,4,52
eng_Latn,889,5,56
eng_Latn,889,6,35
eng_Latn,889,7,51
eng_Latn,889,8,1
eng_Latn,889,9,52
eng_Latn,889,10,52
eng_Latn,889,11,35
eng_Latn,889,12,47
eng_Latn,890,0,60
eng_Latn,890,1,52
eng_Latn,890,2,13
eng_Latn,890,3,39
eng_Latn,890,4,19
eng_Latn,890,5,38
eng_Latn,890,6,34
eng_Latn,890,7,45
eng_Latn,890,8,16
eng_Latn,890,9,34
jpn_Jpan,891,0,60
jpn_Jpan,891,1,13
jpn_Jpan,891,2,13
jpn_Jpan,891,3,19
jpn_Jpan,891,4,13
jpn_Jpan,891,5,24
jpn_Jpan,891,6,61
jpn_Jpan,891,7,13
jpn_Jpan,891,8,19
jpn_Jpan,891,9,39
jpn_Jpan,891,10,24
jpn_Jpan,891,11,13
jpn_Jpan,891,12,13
jpn_Jpan,891,13,19
jpn_Jpan,891,14,13
jpn_Jpan,891,15,13
jpn_Jpan,891,16,24
jpn_Jpan,891,17,61
jpn_Jpan,891,18,13
jpn_Jpan,891,19,19
jpn_Jpan,891,20,13
jpn_Jpan,891,21,24
jpn_Jpan,891,22,13
jpn_Jpan,891,23,61
jpn_Jpan,891,24,13
jpn_Jpan,891,25,13
jpn_Jpan,891,26,13
jpn_Jpan,891,27,47
jpn_Jpan,891,28,19
jpn_Jpan,891,29,47
jpn_Jpan,891,30,13
jpn_Jpan,891,31,13
jpn_Jpan,891,32,39
jpn_Jpan,891,33,13
jpn_Jpan,891,34,13
jpn_Jpan,891,35,11
jpn_Jpan,891,36,19
jpn_Jpan,891,37,13
jpn_Jpan,891,38,13
jpn_Jpan,891,39,13
jpn_Jpan,892,0,60
jpn_Jpan,892,1,13
jpn_Jpan,892,2,13
jpn_Jpan,892,3,24
jpn_Jpan,892,4,24
jpn_Jpan,892,5,13
jpn_Jpan,892,6,13
jpn_Jpan,892,7,19
jpn_Jpan,892,8,13
jpn_Jpan,892,9,13
jpn_Jpan,892,10,19
jpn_Jpan,892,11,13
jpn_Jpan,892,12,13
jpn_Jpan,892,13,13
jpn_Jpan,892,14,13
jpn_Jpan,893,0,60
jpn_Jpan,893,1,13
jpn_Jpan,893,2,13
jpn_Jpan,893,3,61
jpn_Jpan,893,4,19
jpn_Jpan,893,5,19
jpn_Jpan,893,6,13
jpn_Jpan,893,7,9
jpn_Jpan,893,8,52
jpn_Jpan,893,9,13
jpn_Jpan,893,10,6
jpn_Jpan,893,11,61
jpn_Jpan,893,12,13
jpn_Jpan,893,13,13
jpn_Jpan,893,14,11
jpn_Jpan,893,15,13
jpn_Jpan,893,16,13
jpn_Jpan,893,17,13
jpn_Jpan,893,18,24
jpn_Jpan,893,19,19
jpn_Jpan,893,20,13
jpn_Jpan,893,21,24
jpn_Jpan,893,22,19
jpn_Jpan,893,23,13
jpn_Jpan,893,24,34
jpn_Jpan,893,25,13
jpn_Jpan,893,26,13
eng_Latn,894,0,60
eng_Latn,894,1,57
eng_Latn,894,2,56
eng_Latn,894,3,53
eng_Latn,894,4,4
eng_Latn,894,5,34
jpn_Jpan,895,0,60
jpn_Jpan,895,1,13
jpn_Jpan,895,2,24
jpn_Jpan,895,3,13
jpn_Jpan,895,4,13
jpn_Jpan,895,5,36
jpn_Jpan,895,6,24
jpn_Jpan,895,7,13
jpn_Jpan,895,8,47
jpn_Jpan,895,9,47
jpn_Jpan,895,10,34
jpn_Jpan,895,11,13
jpn_Jpan,895,12,13
jpn_Jpan,895,13,13
jpn_Jpan,895,14,13
jpn_Jpan,895,15,13
jpn_Jpan,895,16,19
jpn_Jpan,895,17,13
jpn_Jpan,895,18,24
jpn_Jpan,895,19,19
jpn_Jpan,895,20,13
jpn_Jpan,895,21,13
jpn_Jpan,895,22,13
jpn_Jpan,895,23,34
jpn_Jpan,895,24,47
jpn_Jpan,895,25,13
jpn_Jpan,895,26,19
jpn_Jpan,895,27,13
jpn_Jpan,895,28,13
jpn_Jpan,895,29,24
jpn_Jpan,895,30,24
jpn_Jpan,895,31,13
jpn_Jpan,895,32,13
jpn_Jpan,895,33,13
jpn_Jpan,895,34,13
jpn_Jpan,895,35,34
jpn_Jpan,895,36,13
jpn_Jpan,895,37,34
jpn_Jpan,895,38,24
jpn_Jpan,895,39,13
jpn_Jpan,895,40,13
jpn_Jpan,895,41,13
jpn_Jpan,895,42,51
jpn_Jpan,896,0,60
jpn_Jpan,896,1,13
jpn_Jpan,896,2,13
jpn_Jpan,896,3,39
jpn_Jpan,896,4,39
jpn_Jpan,896,5,7
jpn_Jpan,896,6,13
jpn_Jpan,896,7,19
jpn_Jpan,896,8,13
jpn_Jpan,896,9,19
jpn_Jpan,896,10,13
jpn_Jpan,896,11,61
jpn_Jpan,896,12,13
jpn_Jpan,896,13,24
jpn_Jpan,896,14,47
jpn_Jpan,896,15,13
jpn_Jpan,896,16,19
jpn_Jpan,896,17,34
jpn_Jpan,896,18,13
jpn_Jpan,896,19,34
jpn_Jpan,897,0,60
jpn_Jpan,897,1,40
jpn_Jpan,897,2,7
jpn_Jpan,897,3,36
jpn_Jpan,897,4,1
jpn_Jpan,897,5,36
jpn_Jpan,897,6,24
jpn_Jpan,897,7,47
jpn_Jpan,897,8,47
jpn_Jpan,897,9,34
jpn_Jpan,897,10,36
jpn_Jpan,897,11,36
jpn_Jpan,897,12,19
jpn_Jpan,897,13,36
jpn_Jpan,897,14,36
jpn_Jpan,897,15,13
jpn_Jpan,897,16,47
jpn_Jpan,897,17,19
jpn_Jpan,897,18,13
jpn_Jpan,897,19,19
jpn_Jpan,897,20,34
jpn_Jpan,897,21,34
jpn_Jpan,897,22,34
jpn_Jpan,898,0,60
jpn_Jpan,898,1,19
jpn_Jpan,898,2,13
jpn_Jpan,898,3,13
jpn_Jpan,898,4,13
jpn_Jpan,898,5,19
jpn_Jpan,898,6,13
jpn_Jpan,898,7,47
jpn_Jpan,898,8,19
jpn_Jpan,898,9,13
jpn_Jpan,898,10,13
jpn_Jpan,898,11,24
jpn_Jpan,898,12,13
jpn_Jpan,898,13,13
jpn_Jpan,898,14,13
jpn_Jpan,898,15,13
jpn_Jpan,898,16,34
jpn_Jpan,898,17,13
jpn_Jpan,898,18,13
jpn_Jpan,898,19,13
jpn_Jpan,898,20,47
jpn_Jpan,898,21,13
jpn_Jpan,898,22,24
jpn_Jpan,898,23,13
jpn_Jpan,898,24,13
jpn_Jpan,899,0,60
jpn_Jpan,899,1,13
jpn_Jpan,899,2,13
jpn_Jpan,899,3,24
jpn_Jpan,899,4,47
jpn_Jpan,899,5,13
jpn_Jpan,899,6,13
jpn_Jpan,899,7,13
jpn_Jpan,899,8,24
jpn_Jpan,899,9,1
jpn_Jpan,899,10,13
jpn_Jpan,899,11,24
jpn_Jpan,899,12,61
jpn_Jpan,899,13,13
jpn_Jpan,899,14,34
jpn_Jpan,899,15,19
jpn_Jpan,899,16,36
jpn_Jpan,899,17,34
eng_Latn,900,0,60
eng_Latn,900,1,61
eng_Latn,900,2,21
eng_Latn,900,3,56
eng_Latn,900,4,51
eng_Latn,900,5,56
eng_Latn,900,6,46
eng_Latn,900,7,21
eng_Latn,901,0,60
eng_Latn,901,1,56
eng_Latn,901,2,51
eng_Latn,901,3,53
eng_Latn,901,4,57
eng_Latn,901,5,56
eng_Latn,901,6,19
eng_Latn,901,7,34
eng_Latn,901,8,20
eng_Latn,901,9,37
eng_Latn,901,10,41
eng_Latn,901,11,34
jpn_Jpan,902,0,60
jpn_Jpan,902,1,13
jpn_Jpan,902,2,13
jpn_Jpan,902,3,13
jpn_Jpan,902,4,13
jpn_Jpan,902,5,13
jpn_Jpan,902,6,36
jpn_Jpan,902,7,36
jpn_Jpan,902,8,36
jpn_Jpan,902,9,61
jpn_Jpan,902,10,19
jpn_Jpan,902,11,13
jpn_Jpan,902,12,54
jpn_Jpan,902,13,36
jpn_Jpan,902,14,36
jpn_Jpan,902,15,24
jpn_Jpan,902,16,24
jpn_Jpan,902,17,19
jpn_Jpan,902,18,13
jpn_Jpan,902,19,24
jpn_Jpan,902,20,19
jpn_Jpan,902,21,13
jpn_Jpan,902,22,24
jpn_Jpan,902,23,19
jpn_Jpan,902,24,47
jpn_Jpan,902,25,13
jpn_Jpan,902,26,13
jpn_Jpan,902,27,19
jpn_Jpan,902,28,13
jpn_Jpan,902,29,13
jpn_Jpan,902,30,24
jpn_Jpan,902,31,19
jpn_Jpan,902,32,13
jpn_Jpan,902,33,13
jpn_Jpan,902,34,13
jpn_Jpan,902,35,61
jpn_Jpan,902,36,19
jpn_Jpan,902,37,13
jpn_Jpan,902,38,13
jpn_Jpan,902,39,52
jpn_Jpan,902,40,19
jpn_Jpan,902,41,13
jpn_Jpan,902,42,19
jpn_Jpan,902,43,13
jpn_Jpan,902,44,13
jpn_Jpan,902,45,34
jpn_Jpan,902,46,13
jpn_Jpan,902,47,13
jpn_Jpan,902,48,39
jpn_Jpan,902,49,13
jpn_Jpan,902,50,13
jpn_Jpan,902,51,13
jpn_Jpan,902,52,47
jpn_Jpan,902,53,13
jpn_Jpan,902,54,34
jpn_Jpan,903,0,60
jpn_Jpan,903,1,13
jpn_Jpan,903,2,47
jpn_Jpan,903,3,13
jpn_Jpan,903,4,13
jpn_Jpan,903,5,61
jpn_Jpan,903,6,19
jpn_Jpan,903,7,13
jpn_Jpan,903,8,24
jpn_Jpan,903,9,61
jpn_Jpan,903,10,61
jpn_Jpan,903,11,13
jpn_Jpan,903,12,47
jpn_Jpan,903,13,13
jpn_Jpan,903,14,61
jpn_Jpan,903,15,13
jpn_Jpan,903,16,61
jpn_Jpan,903,17,13
jpn_Jpan,903,18,24
jpn_Jpan,904,0,60
jpn_Jpan,904,1,9
jpn_Jpan,904,2,13
jpn_Jpan,904,3,24
jpn_Jpan,904,4,13
jpn_Jpan,904,5,13
jpn_Jpan,904,6,24
jpn_Jpan,904,7,13
jpn_Jpan,904,8,13
jpn_Jpan,904,9,13
jpn_Jpan,904,10,36
jpn_Jpan,904,11,24
jpn_Jpan,904,12,13
jpn_Jpan,904,13,19
jpn_Jpan,904,14,34
jpn_Jpan,904,15,34
jpn_Jpan,904,16,13
jpn_Jpan,904,17,51
jpn_Jpan,904,18,24
jpn_Jpan,904,19,13
jpn_Jpan,904,20,24
jpn_Jpan,904,21,24
jpn_Jpan,904,22,13
jpn_Jpan,904,23,19
jpn_Jpan,904,24,13
jpn_Jpan,904,25,13
jpn_Jpan,904,26,13
jpn_Jpan,904,27,13
jpn_Jpan,904,28,13
jpn_Jpan,904,29,13
jpn_Jpan,904,30,19
jpn_Jpan,904,31,13
jpn_Jpan,904,32,13
jpn_Jpan,904,33,13
jpn_Jpan,904,34,13
jpn_Jpan,904,35,34
jpn_Jpan,904,36,13
jpn_Jpan,904,37,34
eng_Latn,905,0,60
eng_Latn,905,1,54
eng_Latn,905,2,46
eng_Latn,905,3,34
jpn_Jpan,906,0,60
jpn_Jpan,906,1,40
jpn_Jpan,906,2,40
jpn_Jpan,906,3,49
jpn_Jpan,906,4,49
jpn_Jpan,906,5,12
jpn_Jpan,906,6,58
jpn_Jpan,906,7,12
jpn_Jpan,906,8,19
jpn_Jpan,906,9,47
jpn_Jpan,906,10,47
jpn_Jpan,906,11,57
jpn_Jpan,906,12,24
jpn_Jpan,907,0,60
jpn_Jpan,907,1,13
jpn_Jpan,907,2,13
jpn_Jpan,907,3,24
jpn_Jpan,907,4,13
jpn_Jpan,907,5,13
jpn_Jpan,907,6,13
jpn_Jpan,907,7,39
jpn_Jpan,907,8,34
eng_Latn,908,0,60
eng_Latn,908,1,22
eng_Latn,908,2,9
eng_Latn,908,3,22
eng_Latn,908,4,63
eng_Latn,908,5,56
eng_Latn,908,6,57
eng_Latn,908,7,25
eng_Latn,908,8,8
jpn_Jpan,909,0,60
jpn_Jpan,909,1,13
jpn_Jpan,909,2,47
jpn_Jpan,909,3,13
jpn_Jpan,909,4,24
jpn_Jpan,909,5,61
jpn_Jpan,909,6,13
jpn_Jpan,909,7,19
jpn_Jpan,909,8,36
jpn_Jpan,909,9,13
jpn_Jpan,909,10,13
jpn_Jpan,909,11,34
jpn_Jpan,909,12,13
jpn_Jpan,909,13,24
jpn_Jpan,909,14,13
jpn_Jpan,909,15,13
jpn_Jpan,909,16,24
jpn_Jpan,909,17,24
jpn_Jpan,909,18,13
jpn_Jpan,909,19,47
jpn_Jpan,909,20,13
jpn_Jpan,909,21,24
jpn_Jpan,909,22,13
jpn_Jpan,909,23,13
jpn_Jpan,909,24,24
jpn_Jpan,909,25,61
jpn_Jpan,909,26,13
jpn_Jpan,909,27,13
jpn_Jpan,909,28,47
jpn_Jpan,909,29,47
jpn_Jpan,909,30,13
jpn_Jpan,909,31,19
jpn_Jpan,909,32,36
jpn_Jpan,909,33,13
jpn_Jpan,909,34,61
jpn_Jpan,909,35,13
jpn_Jpan,909,36,19
jpn_Jpan,909,37,36
jpn_Jpan,909,38,13
jpn_Jpan,909,39,13
jpn_Jpan,909,40,34
jpn_Jpan,909,41,13
jpn_Jpan,909,42,13
jpn_Jpan,909,43,24
jpn_Jpan,909,44,13
jpn_Jpan,909,45,34
jpn_Jpan,909,46,13
jpn_Jpan,909,47,13
jpn_Jpan,909,48,13
jpn_Jpan,909,49,34
jpn_Jpan,909,50,34
eng_Latn,910,0,60
eng_Latn,910,1,47
eng_Latn,910,2,1
eng_Latn,910,3,28
eng_Latn,910,4,13
eng_Latn,910,5,39
eng_Latn,910,6,13
eng_Latn,910,7,27
eng_Latn,910,8,61
eng_Latn,910,9,27
eng_Latn,910,10,27
eng_Latn,911,0,60
eng_Latn,911,1,15
eng_Latn,911,2,56
eng_Latn,911,3,63
eng_Latn,911,4,60
eng_Latn,911,5,30
eng_Latn,911,6,37
jpn_Jpan,912,0,60
jpn_Jpan,912,1,24
jpn_Jpan,912,2,13
jpn_Jpan,912,3,61
jpn_Jpan,912,4,34
jpn_Jpan,912,5,34
jpn_Jpan,912,6,28
jpn_Jpan,912,7,13
jpn_Jpan,912,8,13
jpn_Jpan,912,9,36
jpn_Jpan,912,10,13
jpn_Jpan,912,11,19
jpn_Jpan,912,12,13
jpn_Jpan,912,13,24
jpn_Jpan,912,14,40
jpn_Jpan,912,15,7
jpn_Jpan,912,16,7
jpn_Jpan,912,17,24
jpn_Jpan,912,18,24
jpn_Jpan,912,19,1
jpn_Jpan,912,20,24
jpn_Jpan,912,21,36
jpn_Jpan,912,22,47
jpn_Jpan,912,23,13
jpn_Jpan,912,24,13
jpn_Jpan,912,25,39
jpn_Jpan,912,26,36
jpn_Jpan,912,27,36
jpn_Jpan,912,28,13
jpn_Jpan,912,29,34
jpn_Jpan,912,30,13
jpn_Jpan,912,31,34
jpn_Jpan,913,0,60
jpn_Jpan,913,1,13
jpn_Jpan,913,2,26
jpn_Jpan,913,3,47
jpn_Jpan,913,4,13
jpn_Jpan,913,5,61
jpn_Jpan,913,6,7
jpn_Jpan,913,7,13
jpn_Jpan,913,8,19
jpn_Jpan,913,9,13
jpn_Jpan,913,10,19
jpn_Jpan,913,11,7
jpn_Jpan,913,12,9
jpn_Jpan,913,13,11
jpn_Jpan,913,14,13
jpn_Jpan,913,15,13
jpn_Jpan,913,16,19
jpn_Jpan,913,17,13
jpn_Jpan,913,18,26
jpn_Jpan,913,19,47
jpn_Jpan,913,20,13
jpn_Jpan,913,21,61
jpn_Jpan,913,22,13
jpn_Jpan,913,23,24
jpn_Jpan,913,24,13
jpn_Jpan,913,25,13
jpn_Jpan,913,26,13
jpn_Jpan,913,27,13
jpn_Jpan,913,28,13
jpn_Jpan,913,29,19
jpn_Jpan,913,30,34
jpn_Jpan,914,0,60
jpn_Jpan,914,1,19
jpn_Jpan,914,2,8
jpn_Jpan,914,3,24
jpn_Jpan,914,4,61
jpn_Jpan,914,5,47
jpn_Jpan,914,6,27
eng_Latn,915,0,60
eng_Latn,915,1,22
eng_Latn,915,2,34
eng_Latn,915,3,20
eng_Latn,915,4,34
eng_Latn,915,5,34
eng_Latn,915,6,11
eng_Latn,916,0,60
eng_Latn,916,1,12
eng_Latn,916,2,22
eng_Latn,916,3,24
eng_Latn,916,4,47
eng_Latn,916,5,52
eng_Latn,916,6,13
eng_Latn,916,7,13
eng_Latn,916,8,13
eng_Latn,916,9,1
eng_Latn,916,10,13
eng_Latn,916,11,52
eng_Latn,916,12,1
eng_Latn,916,13,58
eng_Latn,917,0,60
eng_Latn,917,1,37
eng_Latn,917,2,53
eng_Latn,917,3,34
jpn_Jpan,918,0,60
jpn_Jpan,918,1,24
jpn_Jpan,918,2,13
jpn_Jpan,918,3,39
jpn_Jpan,918,4,39
jpn_Jpan,918,5,11
jpn_Jpan,918,6,24
jpn_Jpan,918,7,61
jpn_Jpan,918,8,13
jpn_Jpan,918,9,13
jpn_Jpan,918,10,13
jpn_Jpan,918,11,39
jpn_Jpan,918,12,13
jpn_Jpan,918,13,47
jpn_Jpan,918,14,19
jpn_Jpan,918,15,13
jpn_Jpan,918,16,19
jpn_Jpan,918,17,13
jpn_Jpan,918,18,19
jpn_Jpan,918,19,13
jpn_Jpan,918,20,47
jpn_Jpan,918,21,13
jpn_Jpan,918,22,11
jpn_Jpan,918,23,58
jpn_Jpan,918,24,24
jpn_Jpan,918,25,39
jpn_Jpan,918,26,39
eng_Latn,919,0,60
eng_Latn,919,1,22
eng_Latn,919,2,22
eng_Latn,919,3,34
eng_Latn,919,4,34
eng_Latn,920,0,60
eng_Latn,920,1,37
eng_Latn,920,2,34
eng_Latn,920,3,42
eng_Latn,920,4,22
eng_Latn,920,5,19
eng_Latn,920,6,63
eng_Latn,920,7,5
eng_Latn,920,8,47
eng_Latn,921,0,60
eng_Latn,921,1,22
eng_Latn,921,2,45
eng_Latn,921,3,22
eng_Latn,921,4,16
eng_Latn,921,5,59
eng_Latn,921,6,34
eng_Latn,921,7,20
eng_Latn,921,8,19
eng_Latn,921,9,19
eng_Latn,921,10,34
jpn_Jpan,922,0,60
jpn_Jpan,922,1,36
jpn_Jpan,922,2,61
jpn_Jpan,922,3,13
jpn_Jpan,922,4,24
jpn_Jpan,922,5,19
jpn_Jpan,922,6,13
jpn_Jpan,922,7,24
jpn_Jpan,922,8,1
jpn_Jpan,922,9,13
jpn_Jpan,922,10,47
jpn_Jpan,922,11,13
jpn_Jpan,922,12,61
jpn_Jpan,922,13,13
jpn_Jpan,922,14,24
jpn_Jpan,922,15,47
jpn_Jpan,922,16,13
jpn_Jpan,922,17,26
jpn_Jpan,922,18,19
jpn_Jpan,922,19,13
jpn_Jpan,922,20,24
jpn_Jpan,922,21,13
jpn_Jpan,922,22,13
jpn_Jpan,922,23,13
jpn_Jpan,922,24,29
jpn_Jpan,922,25,13
jpn_Jpan,922,26,19
jpn_Jpan,922,27,13
jpn_Jpan,922,28,24
jpn_Jpan,922,29,13
eng_Latn,923,0,60
eng_Latn,923,1,20
eng_Latn,923,2,41
eng_Latn,923,3,57
eng_Latn,923,4,45
eng_Latn,923,5,18
eng_Latn,923,6,23
eng_Latn,923,7,43
eng_Latn,923,8,20
eng_Latn,923,9,33
eng_Latn,923,10,24
eng_Latn,923,11,33
eng_Latn,923,12,33
jpn_Jpan,924,0,60
jpn_Jpan,924,1,13
jpn_Jpan,924,2,61
jpn_Jpan,924,3,13
jpn_Jpan,924,4,24
jpn_Jpan,924,5,24
jpn_Jpan,924,6,13
jpn_Jpan,924,7,13
jpn_Jpan,924,8,47
jpn_Jpan,924,9,13
jpn_Jpan,924,10,13
jpn_Jpan,924,11,24
jpn_Jpan,924,12,24
jpn_Jpan,924,13,13
jpn_Jpan,924,14,19
jpn_Jpan,924,15,13
jpn_Jpan,924,16,13
jpn_Jpan,924,17,13
jpn_Jpan,924,18,47
jpn_Jpan,924,19,36
jpn_Jpan,924,20,13
jpn_Jpan,924,21,19
jpn_Jpan,924,22,13
jpn_Jpan,924,23,34
jpn_Jpan,924,24,19
jpn_Jpan,924,25,13
jpn_Jpan,924,26,24
jpn_Jpan,924,27,19
jpn_Jpan,924,28,13
jpn_Jpan,924,29,36
jpn_Jpan,924,30,34
jpn_Jpan,924,31,13
jpn_Jpan,924,32,13
jpn_Jpan,924,33,24
jpn_Jpan,924,34,36
jpn_Jpan,924,35,13
jpn_Jpan,924,36,19
jpn_Jpan,924,37,34
jpn_Jpan,924,38,13
jpn_Jpan,924,39,34
jpn_Jpan,925,0,60
jpn_Jpan,925,1,60
jpn_Jpan,925,2,24
jpn_Jpan,925,3,24
jpn_Jpan,925,4,13
jpn_Jpan,925,5,13
jpn_Jpan,925,6,39
jpn_Jpan,925,7,61
jpn_Jpan,925,8,13
jpn_Jpan,925,9,19
jpn_Jpan,925,10,13
jpn_Jpan,925,11,24
jpn_Jpan,925,12,47
jpn_Jpan,925,13,13
jpn_Jpan,925,14,13
jpn_Jpan,925,15,13
jpn_Jpan,925,16,51
jpn_Jpan,926,0,60
jpn_Jpan,926,1,13
jpn_Jpan,926,2,36
jpn_Jpan,926,3,24
jpn_Jpan,926,4,19
jpn_Jpan,926,5,19
jpn_Jpan,926,6,47
jpn_Jpan,926,7,36
jpn_Jpan,926,8,24
jpn_Jpan,926,9,19
jpn_Jpan,926,10,13
jpn_Jpan,926,11,61
jpn_Jpan,926,12,19
jpn_Jpan,926,13,39
jpn_Jpan,926,14,13
jpn_Jpan,926,15,24
jpn_Jpan,926,16,13
jpn_Jpan,926,17,13
jpn_Jpan,926,18,24
jpn_Jpan,926,19,13
jpn_Jpan,926,20,13
jpn_Jpan,926,21,13
jpn_Jpan,926,22,13
jpn_Jpan,926,23,24
jpn_Jpan,926,24,47
jpn_Jpan,926,25,36
jpn_Jpan,926,26,36
jpn_Jpan,926,27,24
jpn_Jpan,926,28,13
jpn_Jpan,926,29,13
jpn_Jpan,926,30,24
jpn_Jpan,926,31,13
jpn_Jpan,926,32,47
jpn_Jpan,926,33,47
jpn_Jpan,926,34,61
jpn_Jpan,926,35,19
jpn_Jpan,926,36,13
jpn_Jpan,926,37,13
jpn_Jpan,927,0,60
jpn_Jpan,927,1,24
jpn_Jpan,927,2,24
jpn_Jpan,927,3,13
jpn_Jpan,927,4,13
jpn_Jpan,927,5,13
jpn_Jpan,927,6,36
jpn_Jpan,927,7,36
jpn_Jpan,927,8,36
jpn_Jpan,927,9,36
jpn_Jpan,927,10,13
jpn_Jpan,927,11,24
jpn_Jpan,927,12,13
jpn_Jpan,927,13,36
jpn_Jpan,927,14,24
jpn_Jpan,927,15,36
jpn_Jpan,927,16,36
jpn_Jpan,927,17,36
jpn_Jpan,927,18,24
jpn_Jpan,927,19,13
jpn_Jpan,927,20,13
jpn_Jpan,927,21,36
jpn_Jpan,927,22,13
jpn_Jpan,927,23,19
jpn_Jpan,927,24,13
jpn_Jpan,927,25,13
jpn_Jpan,927,26,34
jpn_Jpan,927,27,36
jpn_Jpan,928,0,60
jpn_Jpan,928,1,47
jpn_Jpan,928,2,19
jpn_Jpan,928,3,47
jpn_Jpan,928,4,13
jpn_Jpan,928,5,29
jpn_Jpan,928,6,24
jpn_Jpan,928,7,24
jpn_Jpan,928,8,13
jpn_Jpan,928,9,13
jpn_Jpan,928,10,13
jpn_Jpan,928,11,47
jpn_Jpan,928,12,19
jpn_Jpan,928,13,19
jpn_Jpan,928,14,13
jpn_Jpan,928,15,36
jpn_Jpan,928,16,47
jpn_Jpan,928,17,13
jpn_Jpan,928,18,9
jpn_Jpan,928,19,24
jpn_Jpan,929,0,60
jpn_Jpan,929,1,29
jpn_Jpan,929,2,19
jpn_Jpan,929,3,13
jpn_Jpan,929,4,47
jpn_Jpan,929,5,13
jpn_Jpan,929,6,24
jpn_Jpan,929,7,52
jpn_Jpan,929,8,13
jpn_Jpan,929,9,13
jpn_Jpan,929,10,34
jpn_Jpan,929,11,47
jpn_Jpan,929,12,47
jpn_Jpan,929,13,13
jpn_Jpan,929,14,24
jpn_Jpan,929,15,24
jpn_Jpan,929,16,13
jpn_Jpan,929,17,13
jpn_Jpan,929,18,13
jpn_Jpan,929,19,24
jpn_Jpan,929,20,47
jpn_Jpan,929,21,13
jpn_Jpan,929,22,13
jpn_Jpan,929,23,13
jpn_Jpan,929,24,24
jpn_Jpan,929,25,13
jpn_Jpan,929,26,13
jpn_Jpan,929,27,61
jpn_Jpan,929,28,13
jpn_Jpan,929,29,19
jpn_Jpan,929,30,34
jpn_Jpan,929,31,13
jpn_Jpan,929,32,13
jpn_Jpan,929,33,34
jpn_Jpan,930,0,60
jpn_Jpan,930,1,19
jpn_Jpan,930,2,13
jpn_Jpan,930,3,36
jpn_Jpan,930,4,19
jpn_Jpan,930,5,13
jpn_Jpan,930,6,24
jpn_Jpan,930,7,47
jpn_Jpan,930,8,13
jpn_Jpan,930,9,24
jpn_Jpan,930,10,24
jpn_Jpan,930,11,13
jpn_Jpan,930,12,24
jpn_Jpan,930,13,24
jpn_Jpan,930,14,19
jpn_Jpan,930,15,13
jpn_Jpan,930,16,13
jpn_Jpan,930,17,39
jpn_Jpan,930,18,19
jpn_Jpan,930,19,13
jpn_Jpan,930,20,13
jpn_Jpan,930,21,24
jpn_Jpan,930,22,13
jpn_Jpan,930,23,13
jpn_Jpan,930,24,13
jpn_Jpan,930,25,13
jpn_Jpan,930,26,24
jpn_Jpan,930,27,13
jpn_Jpan,930,28,13
jpn_Jpan,930,29,34
jpn_Jpan,930,30,34
jpn_Jpan,930,31,51
jpn_Jpan,931,0,60
jpn_Jpan,931,1,39
jpn_Jpan,931,2,13
jpn_Jpan,931,3,24
jpn_Jpan,931,4,13
jpn_Jpan,931,5,24
jpn_Jpan,931,6,13
jpn_Jpan,931,7,19
jpn_Jpan,931,8,13
jpn_Jpan,931,9,13
jpn_Jpan,931,10,13
jpn_Jpan,931,11,47
jpn_Jpan,931,12,61
jpn_Jpan,931,13,13
jpn_Jpan,931,14,61
jpn_Jpan,931,15,61
jpn_Jpan,931,16,61
jpn_Jpan,931,17,19
jpn_Jpan,931,18,13
jpn_Jpan,931,19,24
jpn_Jpan,931,20,13
jpn_Jpan,931,21,34
jpn_Jpan,931,22,13
jpn_Jpan,931,23,24
jpn_Jpan,931,24,54
jpn_Jpan,931,25,13
jpn_Jpan,931,26,13
jpn_Jpan,931,27,34
eng_Latn,932,0,60
eng_Latn,932,1,38
eng_Latn,932,2,46
eng_Latn,932,3,47
eng_Latn,932,4,40
eng_Latn,932,5,29
eng_Latn,932,6,33
jpn_Jpan,933,0,60
jpn_Jpan,933,1,13
jpn_Jpan,933,2,52
jpn_Jpan,933,3,1
jpn_Jpan,933,4,52
jpn_Jpan,933,5,13
jpn_Jpan,933,6,24
jpn_Jpan,933,7,24
jpn_Jpan,933,8,13
jpn_Jpan,933,9,19
jpn_Jpan,933,10,36
jpn_Jpan,933,11,47
jpn_Jpan,933,12,19
jpn_Jpan,933,13,13
jpn_Jpan,933,14,13
jpn_Jpan,933,15,24
jpn_Jpan,933,16,24
jpn_Jpan,933,17,13
jpn_Jpan,934,0,60
jpn_Jpan,934,1,13
jpn_Jpan,934,2,24
jpn_Jpan,934,3,52
jpn_Jpan,934,4,1
jpn_Jpan,934,5,52
jpn_Jpan,934,6,13
jpn_Jpan,934,7,13
jpn_Jpan,934,8,36
jpn_Jpan,935,0,60
jpn_Jpan,935,1,24
jpn_Jpan,935,2,39
jpn_Jpan,935,3,26
jpn_Jpan,935,4,24
jpn_Jpan,935,5,58
jpn_Jpan,935,6,24
jpn_Jpan,935,7,52
jpn_Jpan,935,8,13
jpn_Jpan,935,9,13
jpn_Jpan,935,10,13
jpn_Jpan,935,11,13
jpn_Jpan,936,0,60
jpn_Jpan,936,1,24
jpn_Jpan,936,2,13
jpn_Jpan,936,3,39
jpn_Jpan,936,4,51
jpn_Jpan,936,5,34
jpn_Jpan,936,6,9
jpn_Jpan,936,7,58
jpn_Jpan,936,8,12
jpn_Jpan,936,9,22
jpn_Jpan,936,10,40
jpn_Jpan,937,0,60
jpn_Jpan,937,1,47
jpn_Jpan,937,2,7
jpn_Jpan,938,0,60
jpn_Jpan,938,1,39
jpn_Jpan,938,2,57
jpn_Jpan,938,3,39
jpn_Jpan,938,4,47
jpn_Jpan,938,5,19
jpn_Jpan,938,6,7
jpn_Jpan,939,0,60
jpn_Jpan,939,1,13
jpn_Jpan,939,2,47
jpn_Jpan,939,3,36
jpn_Jpan,939,4,36
jpn_Jpan,939,5,13
jpn_Jpan,939,6,13
jpn_Jpan,939,7,13
jpn_Jpan,939,8,52
jpn_Jpan,939,9,13
jpn_Jpan,939,10,13
jpn_Jpan,939,11,13
jpn_Jpan,939,12,13
jpn_Jpan,939,13,36
jpn_Jpan,939,14,13
jpn_Jpan,939,15,47
jpn_Jpan,939,16,19
jpn_Jpan,939,17,34
jpn_Jpan,939,18,19
jpn_Jpan,939,19,13
jpn_Jpan,939,20,34
eng_Latn,940,0,60
eng_Latn,940,1,18
eng_Latn,940,2,3
eng_Latn,940,3,47
eng_Latn,941,0,60
eng_Latn,941,1,19
eng_Latn,941,2,19
eng_Latn,941,3,33
eng_Latn,941,4,56
eng_Latn,941,5,33
jpn_Jpan,942,0,60
jpn_Jpan,942,1,7
jpn_Jpan,942,2,39
jpn_Jpan,942,3,39
jpn_Jpan,942,4,7
jpn_Jpan,942,5,47
jpn_Jpan,942,6,36
jpn_Jpan,942,7,13
jpn_Jpan,942,8,36
jpn_Jpan,942,9,24
jpn_Jpan,942,10,1
jpn_Jpan,942,11,36
jpn_Jpan,942,12,61
jpn_Jpan,942,13,19
jpn_Jpan,942,14,36
jpn_Jpan,942,15,24
jpn_Jpan,942,16,24
jpn_Jpan,942,17,19
jpn_Jpan,942,18,34
jpn_Jpan,942,19,19
jpn_Jpan,942,20,13
jpn_Jpan,942,21,34
jpn_Jpan,943,0,60
jpn_Jpan,943,1,13
jpn_Jpan,943,2,19
jpn_Jpan,943,3,36
jpn_Jpan,943,4,61
jpn_Jpan,943,5,13
jpn_Jpan,943,6,19
jpn_Jpan,943,7,13
jpn_Jpan,943,8,24
jpn_Jpan,943,9,47
jpn_Jpan,943,10,13
jpn_Jpan,943,11,19
jpn_Jpan,943,12,13
jpn_Jpan,943,13,47
jpn_Jpan,943,14,19
jpn_Jpan,943,15,13
jpn_Jpan,943,16,24
jpn_Jpan,943,17,47
jpn_Jpan,943,18,19
jpn_Jpan,943,19,13
jpn_Jpan,943,20,24
jpn_Jpan,943,21,52
jpn_Jpan,943,22,61
jpn_Jpan,943,23,13
jpn_Jpan,943,24,13
jpn_Jpan,943,25,24
jpn_Jpan,943,26,19
jpn_Jpan,943,27,13
jpn_Jpan,943,28,13
jpn_Jpan,943,29,24
jpn_Jpan,943,30,47
jpn_Jpan,943,31,13
jpn_Jpan,943,32,13
jpn_Jpan,943,33,13
jpn_Jpan,943,34,24
jpn_Jpan,943,35,9
jpn_Jpan,943,36,19
jpn_Jpan,943,37,13
jpn_Jpan,943,38,47
jpn_Jpan,943,39,19
jpn_Jpan,943,40,13
jpn_Jpan,943,41,24
jpn_Jpan,943,42,13
jpn_Jpan,943,43,13
jpn_Jpan,943,44,13
jpn_Jpan,943,45,24
jpn_Jpan,943,46,47
jpn_Jpan,943,47,13
jpn_Jpan,943,48,13
jpn_Jpan,943,49,13
jpn_Jpan,943,50,52
jpn_Jpan,943,51,13
jpn_Jpan,943,52,19
jpn_Jpan,943,53,13
jpn_Jpan,943,54,26
jpn_Jpan,943,55,36
jpn_Jpan,943,56,19
jpn_Jpan,943,57,24
eng_Latn,944,0,60
eng_Latn,944,1,20
eng_Latn,944,2,37
eng_Latn,944,3,40
eng_Latn,944,4,59
eng_Latn,945,0,60
eng_Latn,945,1,42
eng_Latn,945,2,19
eng_Latn,945,3,22
eng_Latn,946,0,60
eng_Latn,946,1,45
eng_Latn,946,2,18
eng_Latn,946,3,53
eng_Latn,946,4,16
eng_Latn,946,5,30
eng_Latn,946,6,46
eng_Latn,946,7,15
jpn_Jpan,947,0,60
jpn_Jpan,947,1,13
jpn_Jpan,947,2,13
jpn_Jpan,947,3,36
jpn_Jpan,947,4,47
jpn_Jpan,947,5,36
jpn_Jpan,947,6,36
jpn_Jpan,947,7,13
jpn_Jpan,947,8,47
jpn_Jpan,947,9,36
jpn_Jpan,947,10,19
jpn_Jpan,947,11,13
jpn_Jpan,947,12,34
jpn_Jpan,947,13,24
jpn_Jpan,947,14,1
jpn_Jpan,947,15,24
jpn_Jpan,947,16,13
jpn_Jpan,947,17,19
jpn_Jpan,947,18,13
jpn_Jpan,947,19,19
jpn_Jpan,947,20,29
jpn_Jpan,947,21,19
jpn_Jpan,947,22,13
jpn_Jpan,947,23,34
jpn_Jpan,947,24,24
jpn_Jpan,947,25,47
jpn_Jpan,947,26,19
jpn_Jpan,947,27,13
jpn_Jpan,947,28,13
jpn_Jpan,947,29,24
jpn_Jpan,947,30,13
jpn_Jpan,947,31,13
jpn_Jpan,947,32,13
jpn_Jpan,947,33,19
jpn_Jpan,947,34,34
eng_Latn,948,0,60
eng_Latn,948,1,35
eng_Latn,948,2,50
eng_Latn,948,3,4
eng_Latn,948,4,4
eng_Latn,948,5,51
eng_Latn,949,0,60
eng_Latn,949,1,19
eng_Latn,949,2,33
eng_Latn,949,3,19
eng_Latn,949,4,15
eng_Latn,949,5,33
eng_Latn,949,6,61
eng_Latn,949,7,20
eng_Latn,949,8,19
eng_Latn,949,9,15
jpn_Jpan,950,0,60
jpn_Jpan,950,1,13
jpn_Jpan,950,2,60
jpn_Jpan,950,3,13
jpn_Jpan,950,4,9
jpn_Jpan,950,5,61
jpn_Jpan,950,6,61
jpn_Jpan,950,7,24
jpn_Jpan,950,8,52
jpn_Jpan,950,9,52
jpn_Jpan,950,10,52
jpn_Jpan,950,11,19
jpn_Jpan,950,12,13
jpn_Jpan,950,13,24
jpn_Jpan,950,14,13
jpn_Jpan,950,15,13
jpn_Jpan,950,16,13
jpn_Jpan,950,17,1
jpn_Jpan,950,18,13
jpn_Jpan,950,19,13
jpn_Jpan,950,20,13
jpn_Jpan,950,21,24
jpn_Jpan,950,22,19
jpn_Jpan,950,23,13
jpn_Jpan,950,24,19
jpn_Jpan,950,25,13
jpn_Jpan,950,26,9
jpn_Jpan,950,27,58
jpn_Jpan,950,28,11
jpn_Jpan,950,29,22
jpn_Jpan,950,30,22
jpn_Jpan,951,0,60
jpn_Jpan,951,1,24
jpn_Jpan,951,2,24
jpn_Jpan,951,3,13
jpn_Jpan,951,4,47
jpn_Jpan,951,5,52
jpn_Jpan,951,6,13
jpn_Jpan,951,7,13
jpn_Jpan,951,8,13
jpn_Jpan,951,9,13
jpn_Jpan,951,10,13
jpn_Jpan,951,11,24
jpn_Jpan,951,12,47
jpn_Jpan,951,13,13
jpn_Jpan,951,14,13
jpn_Jpan,951,15,61
jpn_Jpan,951,16,61
jpn_Jpan,951,17,13
jpn_Jpan,951,18,24
jpn_Jpan,951,19,13
jpn_Jpan,951,20,24
jpn_Jpan,951,21,19
jpn_Jpan,951,22,13
jpn_Jpan,951,23,13
jpn_Jpan,951,24,13
jpn_Jpan,951,25,13
jpn_Jpan,951,26,13
jpn_Jpan,951,27,7
jpn_Jpan,951,28,13
jpn_Jpan,951,29,13
jpn_Jpan,951,30,34
jpn_Jpan,951,31,13
jpn_Jpan,951,32,13
jpn_Jpan,951,33,13
jpn_Jpan,951,34,13
jpn_Jpan,951,35,47
jpn_Jpan,951,36,47
jpn_Jpan,951,37,13
jpn_Jpan,951,38,13
jpn_Jpan,951,39,47
jpn_Jpan,951,40,19
jpn_Jpan,951,41,13
jpn_Jpan,951,42,13
jpn_Jpan,951,43,34
jpn_Jpan,952,0,60
jpn_Jpan,952,1,36
jpn_Jpan,952,2,24
jpn_Jpan,952,3,47
jpn_Jpan,952,4,13
jpn_Jpan,952,5,13
jpn_Jpan,952,6,13
jpn_Jpan,952,7,24
jpn_Jpan,952,8,13
jpn_Jpan,952,9,13
jpn_Jpan,952,10,19
jpn_Jpan,952,11,13
jpn_Jpan,952,12,24
jpn_Jpan,952,13,13
jpn_Jpan,952,14,24
jpn_Jpan,952,15,13
jpn_Jpan,952,16,13
jpn_Jpan,952,17,13
jpn_Jpan,952,18,13
jpn_Jpan,952,19,34
jpn_Jpan,952,20,13
jpn_Jpan,952,21,24
jpn_Jpan,952,22,24
jpn_Jpan,952,23,47
jpn_Jpan,952,24,13
jpn_Jpan,952,25,13
jpn_Jpan,952,26,13
jpn_Jpan,952,27,19
jpn_Jpan,952,28,13
jpn_Jpan,952,29,24
jpn_Jpan,952,30,61
jpn_Jpan,952,31,13
jpn_Jpan,952,32,19
jpn_Jpan,952,33,34
jpn_Jpan,952,34,24
jpn_Jpan,952,35,13
jpn_Jpan,952,36,34
jpn_Jpan,953,0,13
jpn_Jpan,953,1,60
jpn_Jpan,953,2,13
jpn_Jpan,953,3,19
jpn_Jpan,953,4,60
jpn_Jpan,953,5,60
jpn_Jpan,953,6,13
jpn_Jpan,953,7,1
jpn_Jpan,953,8,58
jpn_Jpan,953,9,13
jpn_Jpan,953,10,13
jpn_Jpan,953,11,13
jpn_Jpan,953,12,13
jpn_Jpan,953,13,47
jpn_Jpan,953,14,36
jpn_Jpan,953,15,60
jpn_Jpan,953,16,13
jpn_Jpan,953,17,61
jpn_Jpan,953,18,13
jpn_Jpan,953,19,13
jpn_Jpan,953,20,13
jpn_Jpan,954,0,60
jpn_Jpan,954,1,19
jpn_Jpan,954,2,13
jpn_Jpan,954,3,13
jpn_Jpan,954,4,13
jpn_Jpan,954,5,13
jpn_Jpan,954,6,36
jpn_Jpan,954,7,13
jpn_Jpan,954,8,13
jpn_Jpan,954,9,39
jpn_Jpan,954,10,36
jpn_Jpan,954,11,24
jpn_Jpan,954,12,39
jpn_Jpan,954,13,13
jpn_Jpan,954,14,13
jpn_Jpan,954,15,24
jpn_Jpan,954,16,24
jpn_Jpan,954,17,13
jpn_Jpan,954,18,13
jpn_Jpan,954,19,39
jpn_Jpan,954,20,13
jpn_Jpan,954,21,13
jpn_Jpan,954,22,13
jpn_Jpan,954,23,47
jpn_Jpan,954,24,47
jpn_Jpan,954,25,13
jpn_Jpan,954,26,13
jpn_Jpan,954,27,13
jpn_Jpan,954,28,13
jpn_Jpan,954,29,13
jpn_Jpan,955,0,60
jpn_Jpan,955,1,13
jpn_Jpan,955,2,13
jpn_Jpan,955,3,13
jpn_Jpan,955,4,47
jpn_Jpan,955,5,13
jpn_Jpan,955,6,13
jpn_Jpan,955,7,13
jpn_Jpan,955,8,24
jpn_Jpan,955,9,13
jpn_Jpan,955,10,51
jpn_Jpan,955,11,11
eng_Latn,956,0,60
eng_Latn,956,1,40
eng_Latn,956,2,18
eng_Latn,956,3,18
eng_Latn,956,4,56
eng_Latn,956,5,16
eng_Latn,956,6,59
eng_Latn,956,7,46
eng_Latn,957,0,60
eng_Latn,957,1,47
eng_Latn,957,2,7
eng_Latn,957,3,49
eng_Latn,957,4,22
eng_Latn,957,5,42
eng_Latn,957,6,19
eng_Latn,957,7,19
eng_Latn,957,8,26
eng_Latn,957,9,60
jpn_Jpan,958,0,60
jpn_Jpan,958,1,13
jpn_Jpan,958,2,13
jpn_Jpan,958,3,24
jpn_Jpan,958,4,13
jpn_Jpan,958,5,39
jpn_Jpan,958,6,13
jpn_Jpan,958,7,24
jpn_Jpan,958,8,13
jpn_Jpan,958,9,47
jpn_Jpan,958,10,47
jpn_Jpan,958,11,34
jpn_Jpan,958,12,34
jpn_Jpan,958,13,52
jpn_Jpan,958,14,13
jpn_Jpan,958,15,7
jpn_Jpan,958,16,24
jpn_Jpan,958,17,47
jpn_Jpan,958,18,19
jpn_Jpan,958,19,19
jpn_Jpan,958,20,19
jpn_Jpan,959,0,60
jpn_Jpan,959,1,19
jpn_Jpan,959,2,13
jpn_Jpan,959,3,36
jpn_Jpan,959,4,9
jpn_Jpan,959,5,24
jpn_Jpan,959,6,9
jpn_Jpan,959,7,9
jpn_Jpan,959,8,9
jpn_Jpan,959,9,9
jpn_Jpan,959,10,11
jpn_Jpan,959,11,13
jpn_Jpan,959,12,19
jpn_Jpan,959,13,13
jpn_Jpan,959,14,13
jpn_Jpan,959,15,11
jpn_Jpan,959,16,52
jpn_Jpan,959,17,1
jpn_Jpan,959,18,52
jpn_Jpan,959,19,24
jpn_Jpan,959,20,13
jpn_Jpan,959,21,19
jpn_Jpan,959,22,34
jpn_Jpan,959,23,24
jpn_Jpan,959,24,19
jpn_Jpan,959,25,13
jpn_Jpan,959,26,19
jpn_Jpan,959,27,24
jpn_Jpan,959,28,13
jpn_Jpan,959,29,19
jpn_Jpan,959,30,13
jpn_Jpan,959,31,13
jpn_Jpan,959,32,13
jpn_Jpan,959,33,13
jpn_Jpan,959,34,24
jpn_Jpan,959,35,24
jpn_Jpan,959,36,19
jpn_Jpan,959,37,13
jpn_Jpan,959,38,36
jpn_Jpan,959,39,13
jpn_Jpan,959,40,13
jpn_Jpan,959,41,36
jpn_Jpan,959,42,58
jpn_Jpan,959,43,12
jpn_Jpan,959,44,39
jpn_Jpan,959,45,39
jpn_Jpan,959,46,39
jpn_Jpan,960,0,60
jpn_Jpan,960,1,24
jpn_Jpan,960,2,47
jpn_Jpan,960,3,13
jpn_Jpan,960,4,24
jpn_Jpan,960,5,52
jpn_Jpan,960,6,19
jpn_Jpan,960,7,13
jpn_Jpan,960,8,13
jpn_Jpan,960,9,13
jpn_Jpan,960,10,51
jpn_Jpan,960,11,42
jpn_Jpan,960,12,52
jpn_Jpan,960,13,13
jpn_Jpan,960,14,13
jpn_Jpan,960,15,19
jpn_Jpan,960,16,13
jpn_Jpan,960,17,24
jpn_Jpan,960,18,47
jpn_Jpan,960,19,13
jpn_Jpan,960,20,24
jpn_Jpan,960,21,13
jpn_Jpan,960,22,24
jpn_Jpan,960,23,13
jpn_Jpan,960,24,61
jpn_Jpan,960,25,19
jpn_Jpan,960,26,13
jpn_Jpan,960,27,24
jpn_Jpan,960,28,24
jpn_Jpan,960,29,19
jpn_Jpan,960,30,13
jpn_Jpan,960,31,52
jpn_Jpan,960,32,19
jpn_Jpan,960,33,34
jpn_Jpan,960,34,24
jpn_Jpan,960,35,13
jpn_Jpan,960,36,24
jpn_Jpan,960,37,19
jpn_Jpan,960,38,13
jpn_Jpan,960,39,51
jpn_Jpan,961,0,60
jpn_Jpan,961,1,19
jpn_Jpan,961,2,13
jpn_Jpan,961,3,13
jpn_Jpan,961,4,24
jpn_Jpan,961,5,13
jpn_Jpan,961,6,19
jpn_Jpan,961,7,13
jpn_Jpan,961,8,36
jpn_Jpan,961,9,13
jpn_Jpan,961,10,13
jpn_Jpan,961,11,13
jpn_Jpan,961,12,13
jpn_Jpan,961,13,34
jpn_Jpan,961,14,13
jpn_Jpan,961,15,34
jpn_Jpan,962,0,60
jpn_Jpan,962,1,13
jpn_Jpan,962,2,13
jpn_Jpan,962,3,24
jpn_Jpan,962,4,13
jpn_Jpan,962,5,13
jpn_Jpan,962,6,24
jpn_Jpan,962,7,52
jpn_Jpan,962,8,19
jpn_Jpan,962,9,13
jpn_Jpan,962,10,24
jpn_Jpan,962,11,24
jpn_Jpan,962,12,13
jpn_Jpan,962,13,13
jpn_Jpan,962,14,13
jpn_Jpan,962,15,13
jpn_Jpan,962,16,13
jpn_Jpan,962,17,24
jpn_Jpan,962,18,47
jpn_Jpan,962,19,19
jpn_Jpan,962,20,13
jpn_Jpan,962,21,13
jpn_Jpan,962,22,24
jpn_Jpan,962,23,47
jpn_Jpan,962,24,13
jpn_Jpan,962,25,34
eng_Latn,963,0,60
eng_Latn,963,1,12
eng_Latn,963,2,42
eng_Latn,963,3,22
eng_Latn,963,4,27
eng_Latn,963,5,49
eng_Latn,963,6,12
eng_Latn,963,7,22
eng_Latn,963,8,22
eng_Latn,964,0,60
eng_Latn,964,1,61
eng_Latn,964,2,46
eng_Latn,964,3,48
eng_Latn,964,4,31
eng_Latn,964,5,52
eng_Latn,964,6,52
eng_Latn,964,7,19
eng_Latn,964,8,19
eng_Latn,964,9,3
eng_Latn,964,10,3
eng_Latn,964,11,57
eng_Latn,964,12,37
eng_Latn,964,13,52
jpn_Jpan,965,0,60
jpn_Jpan,965,1,13
jpn_Jpan,965,2,47
jpn_Jpan,965,3,47
jpn_Jpan,965,4,36
jpn_Jpan,965,5,24
jpn_Jpan,965,6,1
jpn_Jpan,965,7,36
jpn_Jpan,965,8,61
jpn_Jpan,965,9,36
jpn_Jpan,965,10,24
jpn_Jpan,965,11,19
jpn_Jpan,965,12,13
jpn_Jpan,965,13,13
jpn_Jpan,965,14,7
jpn_Jpan,965,15,36
jpn_Jpan,965,16,24
jpn_Jpan,965,17,19
jpn_Jpan,965,18,13
jpn_Jpan,965,19,24
jpn_Jpan,965,20,13
jpn_Jpan,965,21,13
jpn_Jpan,965,22,13
jpn_Jpan,965,23,24
jpn_Jpan,965,24,1
jpn_Jpan,965,25,13
jpn_Jpan,965,26,36
jpn_Jpan,965,27,24
jpn_Jpan,965,28,47
jpn_Jpan,965,29,13
jpn_Jpan,965,30,24
jpn_Jpan,965,31,19
jpn_Jpan,965,32,13
jpn_Jpan,965,33,13
jpn_Jpan,965,34,13
jpn_Jpan,965,35,13
jpn_Jpan,965,36,13
jpn_Jpan,965,37,13
jpn_Jpan,965,38,13
jpn_Jpan,965,39,36
jpn_Jpan,965,40,24
jpn_Jpan,965,41,61
jpn_Jpan,965,42,13
jpn_Jpan,965,43,24
jpn_Jpan,965,44,36
jpn_Jpan,965,45,36
jpn_Jpan,965,46,13
jpn_Jpan,965,47,13
jpn_Jpan,965,48,36
jpn_Jpan,965,49,11
eng_Latn,966,0,60
eng_Latn,966,1,33
eng_Latn,966,2,33
eng_Latn,966,3,33
eng_Latn,966,4,33
eng_Latn,966,5,33
eng_Latn,966,6,63
jpn_Jpan,967,0,60
jpn_Jpan,967,1,19
jpn_Jpan,967,2,13
jpn_Jpan,967,3,19
jpn_Jpan,967,4,13
jpn_Jpan,967,5,24
jpn_Jpan,967,6,47
jpn_Jpan,967,7,19
jpn_Jpan,967,8,13
jpn_Jpan,967,9,24
jpn_Jpan,967,10,47
jpn_Jpan,967,11,19
jpn_Jpan,967,12,13
jpn_Jpan,967,13,13
jpn_Jpan,967,14,24
jpn_Jpan,967,15,61
jpn_Jpan,967,16,13
jpn_Jpan,967,17,13
jpn_Jpan,967,18,13
jpn_Jpan,967,19,13
jpn_Jpan,967,20,61
jpn_Jpan,967,21,13
jpn_Jpan,967,22,13
jpn_Jpan,967,23,24
jpn_Jpan,967,24,19
jpn_Jpan,967,25,36
jpn_Jpan,967,26,47
jpn_Jpan,967,27,36
jpn_Jpan,967,28,19
jpn_Jpan,967,29,36
jpn_Jpan,967,30,13
jpn_Jpan,967,31,47
jpn_Jpan,967,32,36
jpn_Jpan,967,33,13
jpn_Jpan,967,34,24
jpn_Jpan,967,35,13
jpn_Jpan,967,36,13
jpn_Jpan,967,37,61
jpn_Jpan,967,38,13
jpn_Jpan,967,39,24
jpn_Jpan,967,40,19
jpn_Jpan,967,41,13
jpn_Jpan,967,42,7
jpn_Jpan,967,43,24
jpn_Jpan,967,44,19
jpn_Jpan,967,45,13
jpn_Jpan,967,46,13
jpn_Jpan,967,47,24
jpn_Jpan,967,48,19
jpn_Jpan,967,49,13
jpn_Jpan,967,50,47
jpn_Jpan,967,51,13
jpn_Jpan,967,52,24
jpn_Jpan,967,53,13
jpn_Jpan,967,54,13
jpn_Jpan,967,55,19
jpn_Jpan,967,56,13
jpn_Jpan,967,57,19
jpn_Jpan,967,58,13
jpn_Jpan,967,59,24
jpn_Jpan,967,60,19
jpn_Jpan,967,61,13
jpn_Jpan,967,62,19
jpn_Jpan,967,63,13
jpn_Jpan,967,64,13
jpn_Jpan,968,0,60
jpn_Jpan,968,1,13
jpn_Jpan,968,2,13
jpn_Jpan,968,3,13
jpn_Jpan,968,4,12
jpn_Jpan,968,5,19
jpn_Jpan,968,6,13
jpn_Jpan,968,7,47
jpn_Jpan,968,8,13
jpn_Jpan,968,9,13
jpn_Jpan,968,10,13
jpn_Jpan,968,11,19
jpn_Jpan,968,12,13
jpn_Jpan,968,13,13
jpn_Jpan,968,14,1
jpn_Jpan,968,15,13
jpn_Jpan,968,16,19
jpn_Jpan,968,17,47
jpn_Jpan,968,18,39
jpn_Jpan,968,19,13
jpn_Jpan,968,20,13
jpn_Jpan,968,21,13
jpn_Jpan,968,22,19
jpn_Jpan,968,23,13
jpn_Jpan,968,24,47
jpn_Jpan,968,25,13
jpn_Jpan,969,0,60
jpn_Jpan,969,1,13
jpn_Jpan,969,2,13
jpn_Jpan,969,3,39
jpn_Jpan,969,4,13
jpn_Jpan,969,5,39
jpn_Jpan,969,6,39
jpn_Jpan,969,7,39
jpn_Jpan,969,8,39
jpn_Jpan,969,9,47
jpn_Jpan,969,10,19
jpn_Jpan,969,11,13
jpn_Jpan,969,12,13
jpn_Jpan,969,13,13
jpn_Jpan,969,14,19
jpn_Jpan,969,15,13
jpn_Jpan,969,16,24
jpn_Jpan,969,17,13
jpn_Jpan,969,18,19
jpn_Jpan,969,19,13
jpn_Jpan,969,20,19
jpn_Jpan,969,21,13
jpn_Jpan,969,22,19
jpn_Jpan,969,23,13
jpn_Jpan,969,24,1
jpn_Jpan,969,25,52
jpn_Jpan,969,26,13
jpn_Jpan,969,27,24
jpn_Jpan,969,28,19
jpn_Jpan,969,29,13
jpn_Jpan,969,30,19
jpn_Jpan,969,31,13
eng_Latn,970,0,60
eng_Latn,970,1,22
eng_Latn,970,2,56
eng_Latn,970,3,35
eng_Latn,970,4,35
eng_Latn,970,5,51
jpn_Jpan,971,0,60
jpn_Jpan,971,1,13
jpn_Jpan,971,2,39
jpn_Jpan,971,3,13
jpn_Jpan,971,4,24
jpn_Jpan,971,5,1
jpn_Jpan,971,6,13
jpn_Jpan,971,7,39
jpn_Jpan,971,8,47
jpn_Jpan,971,9,19
jpn_Jpan,971,10,19
jpn_Jpan,971,11,13
jpn_Jpan,971,12,24
jpn_Jpan,971,13,61
jpn_Jpan,971,14,19
jpn_Jpan,971,15,19
jpn_Jpan,971,16,13
jpn_Jpan,971,17,13
jpn_Jpan,971,18,24
jpn_Jpan,971,19,24
jpn_Jpan,971,20,47
jpn_Jpan,971,21,47
jpn_Jpan,971,22,13
jpn_Jpan,971,23,13
jpn_Jpan,971,24,47
jpn_Jpan,971,25,19
jpn_Jpan,971,26,13
jpn_Jpan,971,27,13
jpn_Jpan,971,28,19
jpn_Jpan,971,29,13
jpn_Jpan,971,30,13
jpn_Jpan,971,31,19
jpn_Jpan,971,32,13
jpn_Jpan,971,33,13
jpn_Jpan,971,34,24
jpn_Jpan,971,35,47
jpn_Jpan,971,36,13
jpn_Jpan,971,37,13
jpn_Jpan,971,38,34
jpn_Jpan,971,39,13
jpn_Jpan,971,40,13
jpn_Jpan,971,41,34
jpn_Jpan,971,42,34
jpn_Jpan,972,0,60
jpn_Jpan,972,1,13
jpn_Jpan,972,2,24
jpn_Jpan,972,3,47
jpn_Jpan,972,4,1
jpn_Jpan,972,5,13
jpn_Jpan,972,6,13
jpn_Jpan,972,7,19
jpn_Jpan,972,8,13
jpn_Jpan,972,9,34
jpn_Jpan,972,10,13
jpn_Jpan,972,11,24
jpn_Jpan,972,12,13
jpn_Jpan,972,13,13
jpn_Jpan,972,14,13
jpn_Jpan,972,15,13
jpn_Jpan,972,16,13
jpn_Jpan,972,17,24
jpn_Jpan,972,18,13
jpn_Jpan,972,19,13
jpn_Jpan,972,20,13
jpn_Jpan,972,21,34
jpn_Jpan,972,22,19
jpn_Jpan,972,23,13
jpn_Jpan,972,24,13
jpn_Jpan,972,25,24
jpn_Jpan,972,26,13
jpn_Jpan,972,27,13
jpn_Jpan,972,28,24
jpn_Jpan,972,29,24
jpn_Jpan,972,30,1
jpn_Jpan,972,31,13
jpn_Jpan,972,32,13
jpn_Jpan,972,33,13
eng_Latn,973,0,60
eng_Latn,973,1,22
eng_Latn,973,2,57
eng_Latn,973,3,16
eng_Latn,973,4,53
eng_Latn,973,5,35
eng_Latn,973,6,46
eng_Latn,973,7,34
eng_Latn,974,0,60
eng_Latn,974,1,45
eng_Latn,974,2,45
eng_Latn,974,3,38
eng_Latn,974,4,18
eng_Latn,974,5,56
eng_Latn,974,6,53
eng_Latn,974,7,23
eng_Latn,974,8,34
jpn_Jpan,975,0,60
jpn_Jpan,975,1,52
jpn_Jpan,975,2,9
jpn_Jpan,975,3,13
jpn_Jpan,975,4,19
jpn_Jpan,975,5,13
jpn_Jpan,975,6,13
jpn_Jpan,975,7,13
jpn_Jpan,975,8,13
jpn_Jpan,975,9,13
jpn_Jpan,975,10,52
jpn_Jpan,975,11,52
jpn_Jpan,975,12,19
jpn_Jpan,975,13,13
jpn_Jpan,975,14,13
jpn_Jpan,975,15,13
jpn_Jpan,975,16,24
jpn_Jpan,975,17,13
jpn_Jpan,975,18,13
jpn_Jpan,975,19,9
jpn_Jpan,975,20,13
jpn_Jpan,975,21,9
jpn_Jpan,975,22,24
jpn_Jpan,975,23,13
jpn_Jpan,975,24,47
jpn_Jpan,975,25,13
jpn_Jpan,975,26,39
jpn_Jpan,975,27,13
jpn_Jpan,975,28,13
jpn_Jpan,975,29,34
jpn_Jpan,975,30,11
jpn_Jpan,975,31,13
jpn_Jpan,975,32,47
jpn_Jpan,975,33,39
jpn_Jpan,975,34,13
jpn_Jpan,975,35,13
jpn_Jpan,975,36,13
jpn_Jpan,975,37,1
jpn_Jpan,975,38,19
jpn_Jpan,975,39,13
jpn_Jpan,975,40,34
jpn_Jpan,975,41,51
jpn_Jpan,975,42,13
jpn_Jpan,975,43,13
jpn_Jpan,975,44,51
jpn_Jpan,975,45,51
jpn_Jpan,976,0,60
jpn_Jpan,976,1,13
jpn_Jpan,976,2,13
jpn_Jpan,976,3,13
jpn_Jpan,976,4,24
jpn_Jpan,976,5,13
jpn_Jpan,976,6,13
jpn_Jpan,976,7,13
jpn_Jpan,976,8,13
jpn_Jpan,976,9,47
jpn_Jpan,976,10,19
jpn_Jpan,976,11,13
jpn_Jpan,976,12,13
jpn_Jpan,976,13,24
jpn_Jpan,976,14,13
jpn_Jpan,976,15,24
jpn_Jpan,976,16,47
jpn_Jpan,976,17,47
jpn_Jpan,976,18,47
jpn_Jpan,976,19,13
jpn_Jpan,976,20,39
jpn_Jpan,976,21,61
jpn_Jpan,976,22,47
jpn_Jpan,976,23,61
jpn_Jpan,976,24,13
jpn_Jpan,977,0,60
jpn_Jpan,977,1,60
jpn_Jpan,977,2,36
jpn_Jpan,977,3,52
jpn_Jpan,977,4,1
jpn_Jpan,977,5,52
jpn_Jpan,977,6,13
jpn_Jpan,977,7,24
jpn_Jpan,977,8,52
jpn_Jpan,977,9,1
jpn_Jpan,977,10,52
jpn_Jpan,977,11,13
jpn_Jpan,977,12,13
jpn_Jpan,977,13,36
jpn_Jpan,978,0,60
jpn_Jpan,978,1,13
jpn_Jpan,978,2,47
jpn_Jpan,978,3,19
jpn_Jpan,978,4,13
jpn_Jpan,978,5,47
jpn_Jpan,978,6,13
jpn_Jpan,978,7,47
jpn_Jpan,978,8,47
jpn_Jpan,978,9,19
jpn_Jpan,978,10,13
jpn_Jpan,978,11,13
jpn_Jpan,978,12,13
jpn_Jpan,978,13,13
jpn_Jpan,978,14,19
jpn_Jpan,978,15,13
jpn_Jpan,978,16,24
jpn_Jpan,978,17,13
jpn_Jpan,978,18,13
jpn_Jpan,978,19,24
jpn_Jpan,978,20,13
jpn_Jpan,978,21,19
jpn_Jpan,978,22,39
jpn_Jpan,978,23,61
jpn_Jpan,978,24,13
jpn_Jpan,978,25,13
jpn_Jpan,978,26,24
jpn_Jpan,978,27,47
jpn_Jpan,978,28,13
jpn_Jpan,978,29,34
jpn_Jpan,978,30,34
jpn_Jpan,978,31,24
jpn_Jpan,978,32,13
jpn_Jpan,978,33,39
jpn_Jpan,978,34,34
jpn_Jpan,978,35,13
jpn_Jpan,978,36,13
jpn_Jpan,978,37,34
eng_Latn,979,0,60
eng_Latn,979,1,40
eng_Latn,979,2,40
eng_Latn,979,3,10
eng_Latn,979,4,56
eng_Latn,979,5,35
eng_Latn,979,6,56
eng_Latn,979,7,54
eng_Latn,979,8,19
eng_Latn,979,9,44
jpn_Jpan,980,0,60
jpn_Jpan,980,1,13
jpn_Jpan,980,2,47
jpn_Jpan,980,3,13
jpn_Jpan,980,4,19
jpn_Jpan,980,5,13
jpn_Jpan,980,6,13
jpn_Jpan,980,7,24
jpn_Jpan,980,8,19
jpn_Jpan,980,9,13
jpn_Jpan,980,10,13
jpn_Jpan,980,11,13
jpn_Jpan,980,12,13
jpn_Jpan,980,13,7
jpn_Jpan,980,14,24
jpn_Jpan,980,15,13
jpn_Jpan,980,16,13
jpn_Jpan,980,17,19
jpn_Jpan,980,18,39
jpn_Jpan,980,19,19
jpn_Jpan,980,20,13
jpn_Jpan,980,21,13
jpn_Jpan,980,22,9
jpn_Jpan,980,23,24
jpn_Jpan,980,24,13
jpn_Jpan,980,25,13
jpn_Jpan,980,26,19
jpn_Jpan,980,27,13
jpn_Jpan,980,28,19
jpn_Jpan,980,29,13
jpn_Jpan,980,30,13
jpn_Jpan,980,31,24
jpn_Jpan,980,32,19
jpn_Jpan,980,33,13
jpn_Jpan,980,34,19
jpn_Jpan,980,35,13
jpn_Jpan,980,36,34
jpn_Jpan,980,37,19
jpn_Jpan,980,38,13
jpn_Jpan,980,39,47
jpn_Jpan,980,40,19
jpn_Jpan,980,41,13
jpn_Jpan,980,42,13
jpn_Jpan,980,43,13
jpn_Jpan,980,44,34
jpn_Jpan,980,45,9
jpn_Jpan,980,46,42
jpn_Jpan,981,0,60
jpn_Jpan,981,1,13
jpn_Jpan,981,2,19
jpn_Jpan,981,3,13
jpn_Jpan,981,4,24
jpn_Jpan,981,5,13
jpn_Jpan,981,6,47
jpn_Jpan,981,7,19
jpn_Jpan,981,8,34
jpn_Jpan,981,9,9
jpn_Jpan,981,10,13
jpn_Jpan,981,11,13
jpn_Jpan,981,12,24
jpn_Jpan,981,13,19
jpn_Jpan,981,14,52
jpn_Jpan,981,15,52
jpn_Jpan,981,16,24
jpn_Jpan,981,17,61
jpn_Jpan,981,18,19
jpn_Jpan,981,19,13
jpn_Jpan,981,20,19
jpn_Jpan,981,21,13
jpn_Jpan,981,22,24
jpn_Jpan,981,23,13
jpn_Jpan,981,24,19
jpn_Jpan,981,25,13
jpn_Jpan,981,26,61
jpn_Jpan,981,27,19
jpn_Jpan,981,28,19
jpn_Jpan,981,29,13
jpn_Jpan,981,30,24
jpn_Jpan,981,31,13
jpn_Jpan,981,32,13
jpn_Jpan,981,33,24
jpn_Jpan,981,34,47
jpn_Jpan,981,35,19
jpn_Jpan,981,36,13
jpn_Jpan,981,37,13
jpn_Jpan,981,38,13
jpn_Jpan,981,39,13
jpn_Jpan,981,40,24
jpn_Jpan,981,41,52
jpn_Jpan,981,42,52
jpn_Jpan,981,43,52
jpn_Jpan,981,44,19
jpn_Jpan,981,45,13
jpn_Jpan,981,46,24
jpn_Jpan,981,47,19
jpn_Jpan,981,48,13
jpn_Jpan,981,49,13
jpn_Jpan,982,0,60
jpn_Jpan,982,1,13
jpn_Jpan,982,2,36
jpn_Jpan,982,3,13
jpn_Jpan,982,4,13
jpn_Jpan,982,5,36
jpn_Jpan,982,6,24
jpn_Jpan,982,7,19
jpn_Jpan,982,8,13
jpn_Jpan,982,9,13
jpn_Jpan,982,10,13
jpn_Jpan,982,11,13
jpn_Jpan,982,12,13
jpn_Jpan,982,13,34
jpn_Jpan,982,14,13
jpn_Jpan,982,15,13
jpn_Jpan,982,16,13
jpn_Jpan,982,17,34
jpn_Jpan,982,18,13
jpn_Jpan,982,19,47
jpn_Jpan,982,20,13
jpn_Jpan,982,21,34
jpn_Jpan,982,22,24
jpn_Jpan,982,23,13
jpn_Jpan,982,24,13
jpn_Jpan,982,25,36
jpn_Jpan,982,26,36
jpn_Jpan,982,27,13
jpn_Jpan,982,28,34
jpn_Jpan,983,0,60
jpn_Jpan,983,1,13
jpn_Jpan,983,2,19
jpn_Jpan,983,3,36
jpn_Jpan,983,4,36
jpn_Jpan,983,5,34
jpn_Jpan,983,6,13
jpn_Jpan,983,7,13
jpn_Jpan,983,8,24
jpn_Jpan,983,9,13
jpn_Jpan,983,10,13
jpn_Jpan,983,11,34
jpn_Jpan,983,12,13
jpn_Jpan,983,13,13
jpn_Jpan,983,14,34
jpn_Jpan,983,15,61
jpn_Jpan,983,16,13
jpn_Jpan,983,17,13
jpn_Jpan,983,18,13
jpn_Jpan,983,19,24
jpn_Jpan,983,20,19
jpn_Jpan,983,21,13
jpn_Jpan,983,22,19
jpn_Jpan,983,23,13
jpn_Jpan,983,24,24
jpn_Jpan,983,25,24
jpn_Jpan,983,26,61
jpn_Jpan,983,27,13
jpn_Jpan,983,28,24
jpn_Jpan,983,29,13
jpn_Jpan,983,30,13
jpn_Jpan,983,31,24
jpn_Jpan,983,32,47
jpn_Jpan,983,33,13
jpn_Jpan,983,34,24
jpn_Jpan,983,35,13
jpn_Jpan,983,36,19
jpn_Jpan,983,37,36
jpn_Jpan,983,38,24
jpn_Jpan,983,39,13
jpn_Jpan,983,40,24
jpn_Jpan,983,41,13
jpn_Jpan,983,42,13
jpn_Jpan,984,0,60
jpn_Jpan,984,1,36
jpn_Jpan,984,2,13
jpn_Jpan,984,3,13
jpn_Jpan,984,4,19
jpn_Jpan,984,5,13
jpn_Jpan,984,6,13
jpn_Jpan,984,7,13
jpn_Jpan,984,8,13
jpn_Jpan,984,9,24
jpn_Jpan,984,10,24
jpn_Jpan,984,11,47
jpn_Jpan,984,12,47
jpn_Jpan,984,13,13
jpn_Jpan,984,14,13
jpn_Jpan,984,15,24
jpn_Jpan,984,16,19
jpn_Jpan,984,17,13
jpn_Jpan,984,18,24
jpn_Jpan,984,19,47
jpn_Jpan,984,20,13
jpn_Jpan,984,21,47
jpn_Jpan,984,22,34
jpn_Jpan,984,23,13
jpn_Jpan,984,24,19
jpn_Jpan,984,25,13
jpn_Jpan,984,26,19
jpn_Jpan,984,27,13
jpn_Jpan,984,28,24
jpn_Jpan,984,29,19
jpn_Jpan,984,30,19
jpn_Jpan,984,31,19
jpn_Jpan,984,32,13
jpn_Jpan,984,33,13
jpn_Jpan,984,34,13
jpn_Jpan,984,35,13
jpn_Jpan,984,36,13
jpn_Jpan,984,37,13
jpn_Jpan,984,38,24
jpn_Jpan,984,39,13
jpn_Jpan,984,40,13
jpn_Jpan,984,41,24
jpn_Jpan,984,42,47
jpn_Jpan,984,43,19
jpn_Jpan,984,44,13
jpn_Jpan,984,45,34
jpn_Jpan,984,46,13
jpn_Jpan,984,47,34
jpn_Jpan,985,0,60
jpn_Jpan,985,1,13
jpn_Jpan,985,2,13
jpn_Jpan,985,3,13
jpn_Jpan,985,4,12
jpn_Jpan,985,5,13
jpn_Jpan,985,6,13
jpn_Jpan,985,7,13
jpn_Jpan,985,8,39
jpn_Jpan,985,9,51
jpn_Jpan,986,0,60
jpn_Jpan,986,1,19
jpn_Jpan,986,2,13
jpn_Jpan,986,3,24
jpn_Jpan,986,4,13
jpn_Jpan,986,5,34
jpn_Jpan,986,6,24
jpn_Jpan,986,7,13
jpn_Jpan,986,8,19
jpn_Jpan,986,9,13
jpn_Jpan,986,10,13
jpn_Jpan,986,11,13
jpn_Jpan,986,12,34
jpn_Jpan,986,13,34
jpn_Jpan,987,0,60
jpn_Jpan,987,1,13
jpn_Jpan,987,2,24
jpn_Jpan,987,3,13
jpn_Jpan,987,4,47
jpn_Jpan,987,5,19
jpn_Jpan,987,6,13
jpn_Jpan,987,7,19
jpn_Jpan,987,8,13
jpn_Jpan,987,9,24
jpn_Jpan,987,10,13
jpn_Jpan,987,11,13
jpn_Jpan,987,12,19
jpn_Jpan,987,13,39
jpn_Jpan,987,14,13
jpn_Jpan,987,15,13
jpn_Jpan,987,16,34
jpn_Jpan,987,17,24
jpn_Jpan,988,0,60
jpn_Jpan,988,1,13
jpn_Jpan,988,2,61
jpn_Jpan,988,3,19
jpn_Jpan,988,4,24
jpn_Jpan,988,5,24
jpn_Jpan,988,6,24
jpn_Jpan,988,7,13
jpn_Jpan,988,8,13
jpn_Jpan,988,9,13
jpn_Jpan,988,10,24
jpn_Jpan,988,11,19
jpn_Jpan,988,12,13
jpn_Jpan,988,13,24
jpn_Jpan,988,14,13
jpn_Jpan,988,15,13
jpn_Jpan,988,16,24
jpn_Jpan,988,17,13
jpn_Jpan,988,18,13
jpn_Jpan,988,19,13
jpn_Jpan,988,20,13
jpn_Jpan,988,21,13
jpn_Jpan,988,22,24
jpn_Jpan,988,23,24
jpn_Jpan,988,24,24
jpn_Jpan,988,25,13
jpn_Jpan,988,26,24
jpn_Jpan,988,27,13
jpn_Jpan,988,28,24
jpn_Jpan,988,29,13
jpn_Jpan,988,30,13
jpn_Jpan,988,31,24
jpn_Jpan,988,32,19
jpn_Jpan,988,33,13
jpn_Jpan,988,34,47
jpn_Jpan,988,35,13
jpn_Jpan,988,36,34
eng_Latn,989,0,60
eng_Latn,989,1,9
eng_Latn,989,2,22
eng_Latn,989,3,11
eng_Latn,989,4,40
eng_Latn,990,0,60
eng_Latn,990,1,45
eng_Latn,990,2,18
eng_Latn,990,3,9
eng_Latn,990,4,56
eng_Latn,990,5,57
eng_Latn,990,6,24
eng_Latn,990,7,57
jpn_Jpan,991,0,60
jpn_Jpan,991,1,13
jpn_Jpan,991,2,13
jpn_Jpan,991,3,39
jpn_Jpan,991,4,24
jpn_Jpan,991,5,19
jpn_Jpan,991,6,13
jpn_Jpan,991,7,34
jpn_Jpan,991,8,34
jpn_Jpan,991,9,1
jpn_Jpan,991,10,13
jpn_Jpan,991,11,19
jpn_Jpan,991,12,39
jpn_Jpan,991,13,13
jpn_Jpan,991,14,47
jpn_Jpan,991,15,47
jpn_Jpan,991,16,47
jpn_Jpan,991,17,39
jpn_Jpan,991,18,39
jpn_Jpan,991,19,13
jpn_Jpan,991,20,24
jpn_Jpan,991,21,47
eng_Latn,992,0,60
eng_Latn,992,1,39
eng_Latn,992,2,52
eng_Latn,992,3,52
eng_Latn,992,4,13
eng_Latn,992,5,52
eng_Latn,992,6,13
jpn_Jpan,993,0,60
jpn_Jpan,993,1,1
jpn_Jpan,993,2,52
jpn_Jpan,993,3,13
jpn_Jpan,993,4,24
jpn_Jpan,993,5,13
jpn_Jpan,993,6,39
jpn_Jpan,993,7,39
jpn_Jpan,993,8,34
jpn_Jpan,993,9,36
jpn_Jpan,993,10,13
jpn_Jpan,993,11,13
jpn_Jpan,993,12,13
jpn_Jpan,993,13,24
jpn_Jpan,993,14,13
jpn_Jpan,993,15,24
jpn_Jpan,993,16,13
jpn_Jpan,993,17,13
jpn_Jpan,993,18,34
jpn_Jpan,994,0,60
jpn_Jpan,994,1,7
jpn_Jpan,994,2,7
jpn_Jpan,994,3,61
jpn_Jpan,994,4,61
jpn_Jpan,995,0,60
jpn_Jpan,995,1,13
jpn_Jpan,995,2,13
jpn_Jpan,995,3,13
jpn_Jpan,995,4,13
jpn_Jpan,995,5,13
jpn_Jpan,995,6,24
jpn_Jpan,995,7,19
jpn_Jpan,995,8,52
jpn_Jpan,995,9,37
jpn_Jpan,995,10,24
jpn_Jpan,995,11,19
jpn_Jpan,995,12,13
jpn_Jpan,995,13,13
jpn_Jpan,995,14,13
jpn_Jpan,995,15,13
jpn_Jpan,995,16,19
jpn_Jpan,995,17,13
jpn_Jpan,995,18,24
jpn_Jpan,995,19,24
jpn_Jpan,995,20,13
jpn_Jpan,995,21,19
jpn_Jpan,995,22,13
jpn_Jpan,995,23,24
jpn_Jpan,995,24,19
jpn_Jpan,995,25,13
jpn_Jpan,995,26,13
jpn_Jpan,995,27,13
jpn_Jpan,995,28,13
jpn_Jpan,995,29,13
jpn_Jpan,995,30,13
jpn_Jpan,995,31,39
jpn_Jpan,995,32,13
jpn_Jpan,995,33,13
jpn_Jpan,995,34,13
jpn_Jpan,995,35,13
jpn_Jpan,995,36,13
jpn_Jpan,995,37,19
jpn_Jpan,995,38,13
jpn_Jpan,995,39,13
jpn_Jpan,995,40,61
jpn_Jpan,995,41,13
jpn_Jpan,995,42,39
jpn_Jpan,995,43,13
jpn_Jpan,995,44,24
jpn_Jpan,995,45,13
jpn_Jpan,995,46,13
jpn_Jpan,995,47,13
jpn_Jpan,995,48,34
jpn_Jpan,996,0,60
jpn_Jpan,996,1,13
jpn_Jpan,996,2,47
jpn_Jpan,996,3,19
jpn_Jpan,996,4,13
jpn_Jpan,996,5,47
jpn_Jpan,996,6,13
jpn_Jpan,996,7,24
jpn_Jpan,996,8,47
jpn_Jpan,996,9,13
jpn_Jpan,996,10,13
jpn_Jpan,996,11,13
jpn_Jpan,996,12,13
jpn_Jpan,996,13,13
jpn_Jpan,996,14,51
jpn_Jpan,997,0,60
jpn_Jpan,997,1,13
jpn_Jpan,997,2,13
jpn_Jpan,997,3,19
jpn_Jpan,997,4,13
jpn_Jpan,997,5,52
jpn_Jpan,997,6,24
jpn_Jpan,997,7,13
jpn_Jpan,997,8,24
jpn_Jpan,997,9,13
jpn_Jpan,997,10,13
jpn_Jpan,997,11,7
jpn_Jpan,997,12,13
jpn_Jpan,997,13,24
jpn_Jpan,997,14,47
jpn_Jpan,997,15,13
jpn_Jpan,997,16,19
jpn_Jpan,997,17,13
jpn_Jpan,997,18,7
jpn_Jpan,997,19,24
jpn_Jpan,997,20,19
jpn_Jpan,997,21,36
jpn_Jpan,997,22,19
jpn_Jpan,997,23,36
jpn_Jpan,997,24,13
jpn_Jpan,997,25,19
jpn_Jpan,997,26,13
jpn_Jpan,997,27,13
jpn_Jpan,997,28,13
jpn_Jpan,997,29,24
jpn_Jpan,997,30,47
jpn_Jpan,997,31,13
jpn_Jpan,997,32,47
jpn_Jpan,997,33,13
jpn_Jpan,997,34,13
jpn_Jpan,997,35,24
jpn_Jpan,997,36,13
jpn_Jpan,997,37,61
jpn_Jpan,997,38,19
jpn_Jpan,997,39,13
jpn_Jpan,997,40,24
jpn_Jpan,997,41,19
jpn_Jpan,997,42,13
jpn_Jpan,997,43,19
jpn_Jpan,997,44,34
jpn_Jpan,997,45,13
jpn_Jpan,997,46,13
jpn_Jpan,997,47,34
jpn_Jpan,998,0,60
jpn_Jpan,998,1,24
jpn_Jpan,998,2,24
jpn_Jpan,998,3,19
jpn_Jpan,998,4,13
jpn_Jpan,998,5,13
jpn_Jpan,998,6,13
jpn_Jpan,998,7,13
jpn_Jpan,998,8,13
jpn_Jpan,998,9,24
jpn_Jpan,998,10,13
jpn_Jpan,998,11,13
jpn_Jpan,998,12,13
jpn_Jpan,998,13,24
jpn_Jpan,998,14,19
jpn_Jpan,998,15,13
jpn_Jpan,998,16,13
jpn_Jpan,998,17,13
jpn_Jpan,998,18,13
jpn_Jpan,998,19,13
jpn_Jpan,998,20,34
jpn_Jpan,998,21,13
jpn_Jpan,998,22,13
jpn_Jpan,998,23,13
jpn_Jpan,998,24,13
jpn_Jpan,998,25,34
jpn_Jpan,998,26,47
jpn_Jpan,998,27,19
jpn_Jpan,998,28,47
jpn_Jpan,998,29,47
jpn_Jpan,998,30,13
jpn_Jpan,998,31,47
jpn_Jpan,998,32,47
jpn_Jpan,998,33,34
jpn_Jpan,999,0,60
jpn_Jpan,999,1,61
jpn_Jpan,999,2,13
jpn_Jpan,999,3,24
jpn_Jpan,999,4,47
jpn_Jpan,999,5,13
jpn_Jpan,999,6,13
jpn_Jpan,999,7,24
jpn_Jpan,999,8,13
jpn_Jpan,999,9,24
jpn_Jpan,999,10,13
jpn_Jpan,999,11,24
jpn_Jpan,999,12,24
jpn_Jpan,999,13,19
jpn_Jpan,999,14,13
jpn_Jpan,999,15,19
jpn_Jpan,999,16,13
jpn_Jpan,999,17,13
jpn_Jpan,999,18,34
jpn_Jpan,999,19,13
jpn_Jpan,999,20,24
jpn_Jpan,999,21,19
jpn_Jpan,999,22,47
jpn_Jpan,999,23,13
jpn_Jpan,999,24,13
jpn_Jpan,999,25,13
jpn_Jpan,999,26,19
jpn_Jpan,999,27,13
jpn_Jpan,999,28,13
jpn_Jpan,999,29,51
jpn_Jpan,999,30,51
jpn_Jpan,999,31,34
jpn_Jpan,999,32,51
jpn_Jpan,999,33,13
jpn_Jpan,999,34,51
