lang,sentence_id,token_idx,expert_id
eng_Latn,0,0,60
eng_Latn,0,1,9
eng_Latn,0,2,56
eng_Latn,0,3,35
eng_Latn,0,4,35
eng_Latn,0,5,57
eng_Latn,0,6,23
eng_Latn,0,7,46
eng_Latn,1,0,60
eng_Latn,1,1,37
eng_Latn,1,2,53
eng_Latn,1,3,34
kor_Hang,2,0,60
kor_Hang,2,1,19
kor_Hang,2,2,13
kor_Hang,2,3,47
kor_Hang,2,4,19
kor_Hang,2,5,13
kor_Hang,2,6,24
kor_Hang,2,7,13
kor_Hang,2,8,19
kor_Hang,2,9,13
kor_Hang,2,10,47
kor_Hang,2,11,19
kor_Hang,2,12,13
kor_Hang,2,13,13
kor_Hang,2,14,13
kor_Hang,2,15,13
kor_Hang,2,16,13
kor_Hang,2,17,13
kor_Hang,2,18,13
kor_Hang,2,19,13
kor_Hang,2,20,13
kor_Hang,2,21,13
kor_Hang,2,22,13
kor_Hang,2,23,13
kor_Hang,2,24,9
kor_Hang,2,25,52
kor_Hang,3,0,60
kor_Hang,3,1,12
kor_Hang,3,2,13
kor_Hang,3,3,13
kor_Hang,3,4,13
kor_Hang,3,5,13
kor_Hang,3,6,13
kor_Hang,3,7,13
kor_Hang,3,8,13
kor_Hang,3,9,13
kor_Hang,3,10,13
kor_Hang,3,11,13
kor_Hang,3,12,13
kor_Hang,3,13,47
kor_Hang,3,14,39
kor_Hang,3,15,13
kor_Hang,3,16,13
kor_Hang,3,17,13
kor_Hang,3,18,13
kor_Hang,3,19,13
kor_Hang,3,20,13
kor_Hang,3,21,13
kor_Hang,3,22,13
kor_Hang,3,23,13
kor_Hang,3,24,34
kor_Hang,3,25,13
kor_Hang,3,26,13
kor_Hang,3,27,13
kor_Hang,3,28,13
kor_Hang,3,29,13
kor_Hang,3,30,47
kor_Hang,3,31,19
kor_Hang,3,32,34
kor_Hang,3,33,13
kor_Hang,3,34,13
kor_Hang,3,35,34
kor_Hang,4,0,60
kor_Hang,4,1,40
kor_Hang,4,2,47
kor_Hang,4,3,36
kor_Hang,4,4,13
kor_Hang,4,5,47
kor_Hang,4,6,13
kor_Hang,5,0,60
kor_Hang,5,1,13
kor_Hang,5,2,13
kor_Hang,5,3,13
kor_Hang,5,4,13
kor_Hang,5,5,13
kor_Hang,5,6,47
kor_Hang,5,7,13
kor_Hang,5,8,13
kor_Hang,5,9,13
kor_Hang,5,10,13
kor_Hang,5,11,13
kor_Hang,5,12,13
kor_Hang,5,13,13
kor_Hang,5,14,52
kor_Hang,5,15,13
kor_Hang,5,16,13
kor_Hang,5,17,13
kor_Hang,5,18,37
kor_Hang,5,19,52
kor_Hang,5,20,13
kor_Hang,5,21,13
kor_Hang,5,22,13
kor_Hang,5,23,13
kor_Hang,5,24,13
kor_Hang,5,25,52
kor_Hang,5,26,13
kor_Hang,5,27,13
kor_Hang,5,28,47
kor_Hang,5,29,13
kor_Hang,5,30,13
kor_Hang,5,31,13
kor_Hang,5,32,47
kor_Hang,5,33,13
kor_Hang,5,34,13
kor_Hang,5,35,13
kor_Hang,5,36,13
kor_Hang,5,37,13
kor_Hang,5,38,13
kor_Hang,5,39,13
kor_Hang,5,40,13
kor_Hang,5,41,34
kor_Hang,6,0,60
kor_Hang,6,1,13
kor_Hang,6,2,13
kor_Hang,6,3,47
kor_Hang,6,4,13
kor_Hang,6,5,19
kor_Hang,6,6,13
kor_Hang,6,7,13
kor_Hang,6,8,13
kor_Hang,6,9,47
kor_Hang,6,10,13
kor_Hang,6,11,13
kor_Hang,6,12,13
kor_Hang,6,13,13
kor_Hang,6,14,13
kor_Hang,6,15,13
kor_Hang,6,16,19
kor_Hang,6,17,13
kor_Hang,6,18,13
kor_Hang,6,19,13
kor_Hang,6,20,13
kor_Hang,6,21,13
kor_Hang,6,22,19
kor_Hang,6,23,13
kor_Hang,6,24,13
kor_Hang,6,25,13
kor_Hang,6,26,47
kor_Hang,6,27,13
kor_Hang,6,28,19
kor_Hang,6,29,13
kor_Hang,6,30,13
kor_Hang,6,31,47
kor_Hang,6,32,13
kor_Hang,6,33,13
kor_Hang,6,34,13
kor_Hang,6,35,13
kor_Hang,6,36,13
kor_Hang,6,37,13
kor_Hang,6,38,13
kor_Hang,6,39,13
kor_Hang,6,40,13
kor_Hang,6,41,13
kor_Hang,6,42,13
kor_Hang,6,43,13
kor_Hang,6,44,13
kor_Hang,6,45,34
kor_Hang,6,46,13
kor_Hang,6,47,13
kor_Hang,6,48,34
kor_Hang,6,49,13
kor_Hang,6,50,13
kor_Hang,6,51,13
kor_Hang,6,52,13
kor_Hang,6,53,13
kor_Hang,6,54,13
kor_Hang,6,55,13
kor_Hang,6,56,19
kor_Hang,6,57,13
kor_Hang,6,58,13
kor_Hang,6,59,34
kor_Hang,7,0,60
kor_Hang,7,1,52
kor_Hang,7,2,13
kor_Hang,7,3,13
kor_Hang,7,4,47
kor_Hang,7,5,13
kor_Hang,7,6,13
kor_Hang,7,7,13
kor_Hang,7,8,13
kor_Hang,7,9,13
kor_Hang,7,10,13
kor_Hang,7,11,13
kor_Hang,7,12,13
kor_Hang,7,13,19
kor_Hang,7,14,13
kor_Hang,7,15,13
kor_Hang,7,16,13
kor_Hang,7,17,13
kor_Hang,7,18,13
kor_Hang,7,19,27
kor_Hang,7,20,39
kor_Hang,7,21,47
kor_Hang,7,22,13
kor_Hang,7,23,19
kor_Hang,7,24,39
kor_Hang,7,25,13
kor_Hang,7,26,13
kor_Hang,7,27,13
kor_Hang,7,28,13
kor_Hang,7,29,13
kor_Hang,7,30,13
kor_Hang,7,31,13
kor_Hang,7,32,13
kor_Hang,7,33,61
kor_Hang,7,34,13
kor_Hang,7,35,13
kor_Hang,7,36,13
kor_Hang,7,37,13
eng_Latn,8,0,60
eng_Latn,8,1,22
eng_Latn,8,2,60
eng_Latn,8,3,47
kor_Hang,9,0,60
kor_Hang,9,1,13
kor_Hang,9,2,13
kor_Hang,9,3,13
kor_Hang,9,4,11
kor_Hang,9,5,13
kor_Hang,9,6,47
kor_Hang,9,7,13
kor_Hang,9,8,13
kor_Hang,9,9,19
kor_Hang,9,10,13
kor_Hang,9,11,13
kor_Hang,9,12,19
kor_Hang,9,13,13
kor_Hang,9,14,61
kor_Hang,9,15,13
kor_Hang,9,16,13
kor_Hang,9,17,13
kor_Hang,9,18,13
kor_Hang,9,19,19
kor_Hang,9,20,13
kor_Hang,9,21,13
kor_Hang,9,22,13
kor_Hang,9,23,13
kor_Hang,9,24,13
kor_Hang,9,25,13
kor_Hang,9,26,19
kor_Hang,9,27,13
kor_Hang,9,28,61
kor_Hang,9,29,13
kor_Hang,9,30,13
kor_Hang,9,31,19
kor_Hang,9,32,13
kor_Hang,9,33,13
kor_Hang,9,34,13
kor_Hang,9,35,13
kor_Hang,9,36,13
kor_Hang,9,37,47
kor_Hang,9,38,13
kor_Hang,9,39,52
kor_Hang,9,40,13
kor_Hang,9,41,1
kor_Hang,9,42,13
kor_Hang,9,43,13
kor_Hang,9,44,13
kor_Hang,9,45,13
kor_Hang,10,0,60
kor_Hang,10,1,19
kor_Hang,10,2,13
kor_Hang,10,3,13
kor_Hang,10,4,13
kor_Hang,10,5,13
kor_Hang,10,6,13
kor_Hang,10,7,13
kor_Hang,10,8,13
kor_Hang,10,9,13
kor_Hang,10,10,13
kor_Hang,10,11,13
kor_Hang,10,12,13
kor_Hang,10,13,13
kor_Hang,10,14,13
kor_Hang,10,15,13
kor_Hang,10,16,13
kor_Hang,10,17,13
kor_Hang,10,18,13
kor_Hang,10,19,34
eng_Latn,11,0,60
eng_Latn,11,1,49
eng_Latn,11,2,39
kor_Hang,12,0,60
kor_Hang,12,1,13
kor_Hang,12,2,13
kor_Hang,12,3,13
kor_Hang,12,4,13
kor_Hang,12,5,52
kor_Hang,12,6,52
kor_Hang,12,7,13
kor_Hang,12,8,13
kor_Hang,12,9,13
kor_Hang,12,10,13
kor_Hang,12,11,13
kor_Hang,12,12,13
kor_Hang,12,13,13
kor_Hang,12,14,13
kor_Hang,12,15,13
kor_Hang,12,16,47
kor_Hang,12,17,13
kor_Hang,12,18,19
kor_Hang,12,19,13
kor_Hang,12,20,13
kor_Hang,12,21,13
kor_Hang,12,22,13
kor_Hang,12,23,13
kor_Hang,12,24,13
kor_Hang,12,25,13
kor_Hang,12,26,13
kor_Hang,12,27,13
kor_Hang,12,28,13
kor_Hang,12,29,47
kor_Hang,12,30,13
kor_Hang,12,31,13
kor_Hang,12,32,47
kor_Hang,12,33,47
kor_Hang,12,34,13
kor_Hang,12,35,13
kor_Hang,12,36,39
kor_Hang,12,37,19
kor_Hang,12,38,13
kor_Hang,12,39,13
kor_Hang,12,40,13
kor_Hang,12,41,13
kor_Hang,12,42,13
kor_Hang,12,43,13
kor_Hang,12,44,34
kor_Hang,12,45,13
kor_Hang,12,46,13
kor_Hang,12,47,13
kor_Hang,12,48,34
kor_Hang,13,0,60
kor_Hang,13,1,13
kor_Hang,13,2,13
kor_Hang,13,3,13
kor_Hang,13,4,13
kor_Hang,13,5,13
kor_Hang,13,6,13
kor_Hang,13,7,13
kor_Hang,13,8,13
kor_Hang,13,9,13
kor_Hang,13,10,13
kor_Hang,13,11,13
kor_Hang,13,12,13
kor_Hang,13,13,13
kor_Hang,13,14,13
kor_Hang,13,15,13
kor_Hang,13,16,13
kor_Hang,13,17,13
kor_Hang,13,18,19
kor_Hang,13,19,13
kor_Hang,13,20,13
kor_Hang,13,21,13
kor_Hang,13,22,13
kor_Hang,13,23,13
kor_Hang,13,24,13
kor_Hang,13,25,13
kor_Hang,13,26,13
kor_Hang,13,27,13
kor_Hang,13,28,13
kor_Hang,13,29,13
kor_Hang,13,30,13
kor_Hang,13,31,13
kor_Hang,13,32,13
kor_Hang,13,33,13
kor_Hang,13,34,13
kor_Hang,13,35,13
kor_Hang,13,36,13
kor_Hang,13,37,19
kor_Hang,13,38,13
kor_Hang,13,39,13
kor_Hang,13,40,13
kor_Hang,13,41,13
kor_Hang,13,42,13
kor_Hang,13,43,61
kor_Hang,13,44,13
kor_Hang,13,45,13
kor_Hang,13,46,61
kor_Hang,13,47,13
kor_Hang,13,48,13
kor_Hang,13,49,13
kor_Hang,13,50,19
kor_Hang,13,51,13
kor_Hang,13,52,19
kor_Hang,13,53,13
kor_Hang,13,54,19
kor_Hang,13,55,13
kor_Hang,13,56,13
kor_Hang,13,57,13
eng_Latn,14,0,60
eng_Latn,14,1,22
eng_Latn,14,2,9
eng_Latn,14,3,22
eng_Latn,14,4,63
eng_Latn,14,5,56
eng_Latn,14,6,57
eng_Latn,14,7,25
eng_Latn,14,8,8
kor_Hang,15,0,60
kor_Hang,15,1,13
kor_Hang,15,2,19
kor_Hang,15,3,13
kor_Hang,15,4,13
kor_Hang,15,5,13
kor_Hang,15,6,13
kor_Hang,15,7,13
kor_Hang,15,8,13
kor_Hang,15,9,13
kor_Hang,15,10,13
kor_Hang,15,11,13
kor_Hang,15,12,47
kor_Hang,15,13,13
kor_Hang,15,14,47
kor_Hang,15,15,19
kor_Hang,15,16,13
kor_Hang,15,17,13
kor_Hang,15,18,13
kor_Hang,15,19,13
kor_Hang,15,20,13
kor_Hang,15,21,13
kor_Hang,15,22,13
kor_Hang,15,23,13
kor_Hang,15,24,13
kor_Hang,15,25,13
kor_Hang,15,26,13
kor_Hang,15,27,13
kor_Hang,15,28,13
kor_Hang,15,29,13
kor_Hang,15,30,13
kor_Hang,15,31,13
kor_Hang,15,32,13
kor_Hang,15,33,19
kor_Hang,15,34,13
kor_Hang,15,35,13
kor_Hang,15,36,13
kor_Hang,15,37,13
kor_Hang,15,38,13
kor_Hang,15,39,13
kor_Hang,15,40,13
kor_Hang,15,41,19
kor_Hang,15,42,13
kor_Hang,15,43,13
kor_Hang,15,44,51
kor_Hang,15,45,34
kor_Hang,16,0,60
kor_Hang,16,1,11
kor_Hang,16,2,13
kor_Hang,16,3,19
kor_Hang,16,4,13
kor_Hang,16,5,47
kor_Hang,16,6,13
kor_Hang,16,7,13
kor_Hang,16,8,13
kor_Hang,16,9,13
kor_Hang,16,10,19
kor_Hang,16,11,13
kor_Hang,16,12,13
kor_Hang,16,13,13
kor_Hang,16,14,13
kor_Hang,16,15,13
kor_Hang,16,16,13
kor_Hang,16,17,13
kor_Hang,16,18,13
kor_Hang,16,19,13
kor_Hang,16,20,13
kor_Hang,16,21,13
kor_Hang,16,22,13
kor_Hang,16,23,13
kor_Hang,16,24,13
kor_Hang,16,25,13
kor_Hang,16,26,19
kor_Hang,16,27,13
kor_Hang,16,28,27
kor_Hang,16,29,13
kor_Hang,16,30,13
kor_Hang,16,31,19
kor_Hang,16,32,13
kor_Hang,16,33,13
kor_Hang,16,34,47
kor_Hang,16,35,13
kor_Hang,16,36,13
kor_Hang,16,37,13
kor_Hang,16,38,47
kor_Hang,16,39,47
kor_Hang,16,40,13
kor_Hang,16,41,13
kor_Hang,16,42,13
kor_Hang,16,43,13
kor_Hang,16,44,13
kor_Hang,16,45,13
kor_Hang,16,46,13
kor_Hang,16,47,13
kor_Hang,16,48,13
kor_Hang,16,49,13
kor_Hang,16,50,13
kor_Hang,16,51,34
kor_Hang,16,52,13
kor_Hang,16,53,13
kor_Hang,16,54,13
kor_Hang,16,55,13
kor_Hang,16,56,13
kor_Hang,16,57,13
kor_Hang,16,58,13
kor_Hang,16,59,19
kor_Hang,16,60,13
kor_Hang,16,61,13
kor_Hang,16,62,13
kor_Hang,16,63,34
kor_Hang,16,64,34
kor_Hang,17,0,60
kor_Hang,17,1,52
kor_Hang,17,2,13
kor_Hang,17,3,52
kor_Hang,17,4,13
kor_Hang,17,5,52
kor_Hang,17,6,12
kor_Hang,17,7,13
kor_Hang,17,8,13
kor_Hang,17,9,13
kor_Hang,17,10,13
kor_Hang,17,11,19
kor_Hang,17,12,13
kor_Hang,17,13,13
kor_Hang,17,14,47
kor_Hang,17,15,47
kor_Hang,17,16,13
kor_Hang,17,17,47
kor_Hang,17,18,13
kor_Hang,17,19,13
kor_Hang,17,20,13
kor_Hang,17,21,13
kor_Hang,17,22,13
kor_Hang,17,23,47
kor_Hang,17,24,39
kor_Hang,17,25,13
kor_Hang,17,26,13
kor_Hang,17,27,13
kor_Hang,17,28,13
kor_Hang,17,29,13
kor_Hang,17,30,47
kor_Hang,17,31,13
kor_Hang,17,32,13
kor_Hang,17,33,12
kor_Hang,17,34,39
kor_Hang,17,35,7
kor_Hang,18,0,60
kor_Hang,18,1,13
kor_Hang,18,2,47
kor_Hang,18,3,13
kor_Hang,18,4,13
kor_Hang,18,5,13
kor_Hang,18,6,13
kor_Hang,18,7,13
kor_Hang,18,8,39
kor_Hang,18,9,39
kor_Hang,18,10,13
kor_Hang,18,11,19
kor_Hang,18,12,13
kor_Hang,18,13,6
kor_Hang,18,14,13
kor_Hang,18,15,13
kor_Hang,18,16,13
kor_Hang,18,17,19
kor_Hang,18,18,13
kor_Hang,18,19,13
kor_Hang,18,20,13
kor_Hang,18,21,6
kor_Hang,18,22,13
kor_Hang,18,23,13
kor_Hang,18,24,13
kor_Hang,18,25,19
kor_Hang,18,26,13
kor_Hang,18,27,13
kor_Hang,19,0,60
kor_Hang,19,1,13
kor_Hang,19,2,13
kor_Hang,19,3,6
kor_Hang,19,4,13
kor_Hang,19,5,13
kor_Hang,19,6,13
kor_Hang,19,7,19
kor_Hang,19,8,13
kor_Hang,19,9,13
kor_Hang,19,10,13
kor_Hang,19,11,6
kor_Hang,19,12,13
kor_Hang,19,13,13
kor_Hang,19,14,13
kor_Hang,19,15,19
kor_Hang,19,16,13
kor_Hang,19,17,13
kor_Hang,19,18,13
kor_Hang,19,19,13
kor_Hang,19,20,19
kor_Hang,19,21,19
kor_Hang,19,22,13
kor_Hang,19,23,13
kor_Hang,19,24,19
kor_Hang,19,25,13
kor_Hang,19,26,13
kor_Hang,19,27,13
kor_Hang,19,28,39
kor_Hang,19,29,19
kor_Hang,19,30,39
kor_Hang,19,31,39
kor_Hang,19,32,13
kor_Hang,19,33,13
kor_Hang,19,34,47
kor_Hang,19,35,19
kor_Hang,19,36,13
kor_Hang,19,37,13
kor_Hang,19,38,13
kor_Hang,19,39,13
kor_Hang,19,40,13
kor_Hang,19,41,13
kor_Hang,19,42,13
kor_Hang,19,43,34
kor_Hang,19,44,13
kor_Hang,19,45,13
kor_Hang,19,46,34
kor_Hang,20,0,60
kor_Hang,20,1,22
kor_Hang,20,2,12
kor_Hang,20,3,13
kor_Hang,20,4,13
kor_Hang,20,5,13
kor_Hang,20,6,13
kor_Hang,20,7,13
kor_Hang,20,8,13
kor_Hang,20,9,13
kor_Hang,20,10,13
kor_Hang,20,11,19
kor_Hang,20,12,13
kor_Hang,20,13,13
kor_Hang,20,14,19
kor_Hang,20,15,13
kor_Hang,20,16,13
kor_Hang,20,17,13
kor_Hang,20,18,13
kor_Hang,20,19,13
kor_Hang,20,20,13
kor_Hang,20,21,13
kor_Hang,20,22,13
kor_Hang,20,23,13
kor_Hang,20,24,13
kor_Hang,20,25,13
kor_Hang,20,26,13
kor_Hang,20,27,19
kor_Hang,20,28,13
kor_Hang,20,29,13
kor_Hang,20,30,13
kor_Hang,20,31,13
kor_Hang,20,32,34
kor_Hang,20,33,13
kor_Hang,20,34,13
kor_Hang,20,35,9
kor_Hang,20,36,13
kor_Hang,20,37,13
kor_Hang,20,38,13
kor_Hang,20,39,13
kor_Hang,20,40,13
kor_Hang,20,41,13
kor_Hang,20,42,13
kor_Hang,20,43,34
kor_Hang,20,44,13
kor_Hang,20,45,13
kor_Hang,20,46,13
kor_Hang,20,47,13
kor_Hang,20,48,13
kor_Hang,20,49,13
kor_Hang,20,50,19
kor_Hang,20,51,13
kor_Hang,20,52,34
eng_Latn,21,0,60
eng_Latn,21,1,1
eng_Latn,21,2,53
eng_Latn,21,3,52
eng_Latn,21,4,1
eng_Latn,21,5,52
eng_Latn,21,6,47
eng_Latn,22,0,60
eng_Latn,22,1,54
eng_Latn,22,2,38
eng_Latn,22,3,19
eng_Latn,22,4,46
eng_Latn,22,5,21
eng_Latn,22,6,16
eng_Latn,22,7,57
kor_Hang,23,0,60
kor_Hang,23,1,13
kor_Hang,23,2,13
kor_Hang,23,3,13
kor_Hang,23,4,13
kor_Hang,23,5,13
kor_Hang,23,6,36
kor_Hang,23,7,13
kor_Hang,23,8,13
kor_Hang,23,9,13
kor_Hang,23,10,13
kor_Hang,23,11,13
kor_Hang,23,12,19
kor_Hang,23,13,13
kor_Hang,23,14,34
kor_Hang,24,0,60
kor_Hang,24,1,13
kor_Hang,24,2,13
kor_Hang,24,3,13
kor_Hang,24,4,13
kor_Hang,24,5,13
kor_Hang,24,6,13
kor_Hang,24,7,13
kor_Hang,24,8,13
kor_Hang,24,9,13
kor_Hang,24,10,13
kor_Hang,24,11,13
kor_Hang,24,12,13
kor_Hang,24,13,13
kor_Hang,24,14,13
kor_Hang,24,15,13
kor_Hang,24,16,13
kor_Hang,24,17,13
kor_Hang,24,18,13
kor_Hang,24,19,13
kor_Hang,24,20,13
kor_Hang,24,21,13
kor_Hang,24,22,13
kor_Hang,24,23,13
kor_Hang,24,24,13
kor_Hang,24,25,13
kor_Hang,24,26,13
kor_Hang,24,27,13
kor_Hang,24,28,13
kor_Hang,24,29,13
kor_Hang,24,30,13
kor_Hang,24,31,13
kor_Hang,24,32,13
kor_Hang,24,33,13
kor_Hang,24,34,47
kor_Hang,24,35,13
kor_Hang,24,36,13
kor_Hang,24,37,34
eng_Latn,25,0,60
eng_Latn,25,1,7
eng_Latn,25,2,11
eng_Latn,25,3,53
eng_Latn,25,4,16
eng_Latn,25,5,6
eng_Latn,25,6,15
eng_Latn,25,7,45
eng_Latn,25,8,63
kor_Hang,26,0,60
kor_Hang,26,1,13
kor_Hang,26,2,19
kor_Hang,26,3,13
kor_Hang,26,4,19
kor_Hang,26,5,19
kor_Hang,26,6,19
kor_Hang,26,7,13
kor_Hang,26,8,13
kor_Hang,26,9,13
kor_Hang,26,10,13
kor_Hang,26,11,13
kor_Hang,26,12,13
kor_Hang,26,13,13
kor_Hang,26,14,13
kor_Hang,26,15,13
kor_Hang,26,16,13
kor_Hang,26,17,13
kor_Hang,26,18,13
kor_Hang,26,19,13
kor_Hang,26,20,13
kor_Hang,26,21,13
kor_Hang,26,22,13
kor_Hang,26,23,13
kor_Hang,26,24,13
kor_Hang,26,25,13
kor_Hang,26,26,13
kor_Hang,26,27,1
kor_Hang,26,28,13
kor_Hang,26,29,52
kor_Hang,26,30,52
kor_Hang,26,31,52
kor_Hang,26,32,13
kor_Hang,26,33,47
kor_Hang,26,34,52
kor_Hang,26,35,13
kor_Hang,26,36,13
kor_Hang,26,37,13
kor_Hang,26,38,13
kor_Hang,26,39,13
kor_Hang,26,40,13
kor_Hang,26,41,13
kor_Hang,26,42,13
kor_Hang,26,43,13
kor_Hang,26,44,13
kor_Hang,26,45,13
kor_Hang,26,46,13
kor_Hang,26,47,13
kor_Hang,26,48,13
kor_Hang,26,49,47
kor_Hang,26,50,13
kor_Hang,26,51,13
kor_Hang,26,52,13
kor_Hang,26,53,13
kor_Hang,26,54,13
kor_Hang,26,55,13
kor_Hang,26,56,13
kor_Hang,26,57,19
kor_Hang,26,58,13
kor_Hang,26,59,13
kor_Hang,26,60,13
kor_Hang,26,61,13
kor_Hang,26,62,19
kor_Hang,26,63,13
kor_Hang,26,64,19
kor_Hang,26,65,13
kor_Hang,26,66,13
kor_Hang,26,67,34
kor_Hang,26,68,13
kor_Hang,26,69,13
kor_Hang,26,70,13
kor_Hang,26,71,19
kor_Hang,26,72,13
kor_Hang,26,73,34
kor_Hang,27,0,60
kor_Hang,27,1,1
kor_Hang,27,2,52
kor_Hang,27,3,9
kor_Hang,27,4,13
kor_Hang,27,5,47
kor_Hang,27,6,13
kor_Hang,27,7,13
kor_Hang,27,8,13
kor_Hang,27,9,13
kor_Hang,27,10,13
kor_Hang,27,11,13
kor_Hang,27,12,13
kor_Hang,27,13,19
kor_Hang,27,14,13
kor_Hang,27,15,13
kor_Hang,27,16,47
kor_Hang,27,17,13
kor_Hang,27,18,13
kor_Hang,27,19,47
kor_Hang,27,20,19
kor_Hang,27,21,13
kor_Hang,27,22,19
kor_Hang,27,23,13
kor_Hang,27,24,13
kor_Hang,27,25,13
kor_Hang,27,26,61
kor_Hang,27,27,19
kor_Hang,27,28,13
kor_Hang,27,29,13
kor_Hang,27,30,13
kor_Hang,27,31,13
kor_Hang,27,32,13
kor_Hang,27,33,19
kor_Hang,27,34,13
kor_Hang,27,35,13
kor_Hang,27,36,47
kor_Hang,27,37,13
kor_Hang,27,38,13
kor_Hang,27,39,34
kor_Hang,27,40,13
kor_Hang,27,41,13
kor_Hang,27,42,13
kor_Hang,27,43,13
kor_Hang,27,44,13
kor_Hang,27,45,13
kor_Hang,27,46,13
kor_Hang,27,47,13
kor_Hang,27,48,13
kor_Hang,27,49,13
kor_Hang,27,50,34
eng_Latn,28,0,60
eng_Latn,28,1,33
eng_Latn,28,2,33
eng_Latn,28,3,33
eng_Latn,28,4,33
eng_Latn,28,5,33
eng_Latn,28,6,63
kor_Hang,29,0,60
kor_Hang,29,1,13
kor_Hang,29,2,13
kor_Hang,29,3,13
kor_Hang,29,4,13
kor_Hang,29,5,13
kor_Hang,29,6,13
kor_Hang,29,7,13
kor_Hang,29,8,13
kor_Hang,29,9,13
kor_Hang,29,10,13
kor_Hang,29,11,13
kor_Hang,29,12,34
kor_Hang,29,13,13
kor_Hang,29,14,13
kor_Hang,29,15,47
kor_Hang,29,16,13
kor_Hang,29,17,13
kor_Hang,29,18,13
kor_Hang,29,19,13
kor_Hang,29,20,13
kor_Hang,29,21,47
kor_Hang,29,22,13
kor_Hang,29,23,13
kor_Hang,29,24,13
kor_Hang,29,25,13
kor_Hang,29,26,61
kor_Hang,29,27,13
kor_Hang,29,28,13
kor_Hang,29,29,13
kor_Hang,29,30,13
kor_Hang,29,31,13
kor_Hang,29,32,13
kor_Hang,29,33,13
kor_Hang,29,34,19
kor_Hang,29,35,13
kor_Hang,29,36,13
kor_Hang,29,37,19
kor_Hang,29,38,13
kor_Hang,29,39,19
kor_Hang,29,40,13
kor_Hang,29,41,13
kor_Hang,29,42,13
kor_Hang,29,43,19
kor_Hang,29,44,13
kor_Hang,29,45,13
kor_Hang,29,46,13
kor_Hang,29,47,52
kor_Hang,29,48,52
kor_Hang,29,49,52
kor_Hang,29,50,13
kor_Hang,29,51,52
kor_Hang,29,52,13
kor_Hang,29,53,13
kor_Hang,29,54,13
kor_Hang,29,55,13
kor_Hang,29,56,13
kor_Hang,29,57,19
kor_Hang,29,58,13
kor_Hang,29,59,13
kor_Hang,29,60,47
kor_Hang,29,61,13
kor_Hang,29,62,47
kor_Hang,29,63,13
kor_Hang,29,64,13
kor_Hang,29,65,13
kor_Hang,29,66,34
kor_Hang,29,67,13
kor_Hang,29,68,13
kor_Hang,29,69,13
kor_Hang,29,70,34
kor_Hang,30,0,60
kor_Hang,30,1,9
kor_Hang,30,2,13
kor_Hang,30,3,13
kor_Hang,30,4,13
kor_Hang,30,5,13
kor_Hang,30,6,13
kor_Hang,30,7,13
kor_Hang,30,8,13
kor_Hang,30,9,13
kor_Hang,30,10,13
kor_Hang,30,11,13
kor_Hang,30,12,19
kor_Hang,30,13,13
kor_Hang,30,14,13
kor_Hang,30,15,13
kor_Hang,30,16,13
kor_Hang,30,17,47
kor_Hang,30,18,19
kor_Hang,30,19,13
kor_Hang,30,20,13
kor_Hang,30,21,13
kor_Hang,30,22,13
kor_Hang,30,23,13
kor_Hang,30,24,13
kor_Hang,30,25,13
kor_Hang,30,26,13
kor_Hang,30,27,13
kor_Hang,30,28,13
kor_Hang,30,29,13
kor_Hang,30,30,13
kor_Hang,30,31,13
kor_Hang,30,32,13
kor_Hang,30,33,47
kor_Hang,30,34,13
kor_Hang,30,35,13
kor_Hang,30,36,13
kor_Hang,30,37,13
kor_Hang,30,38,13
kor_Hang,30,39,13
kor_Hang,30,40,19
kor_Hang,30,41,13
kor_Hang,30,42,13
kor_Hang,30,43,13
kor_Hang,30,44,13
kor_Hang,30,45,34
kor_Hang,30,46,13
kor_Hang,30,47,13
kor_Hang,30,48,13
kor_Hang,30,49,13
kor_Hang,30,50,13
kor_Hang,30,51,13
kor_Hang,30,52,13
kor_Hang,30,53,13
kor_Hang,30,54,13
kor_Hang,30,55,13
kor_Hang,30,56,13
kor_Hang,30,57,13
kor_Hang,30,58,13
kor_Hang,30,59,13
kor_Hang,30,60,13
kor_Hang,30,61,13
kor_Hang,30,62,13
kor_Hang,30,63,13
kor_Hang,30,64,13
kor_Hang,30,65,19
kor_Hang,30,66,13
kor_Hang,30,67,13
kor_Hang,30,68,13
kor_Hang,30,69,13
kor_Hang,30,70,13
kor_Hang,30,71,47
kor_Hang,30,72,13
kor_Hang,30,73,13
kor_Hang,30,74,13
kor_Hang,30,75,13
kor_Hang,31,0,60
kor_Hang,31,1,19
kor_Hang,31,2,13
kor_Hang,31,3,13
kor_Hang,31,4,47
kor_Hang,31,5,13
kor_Hang,31,6,52
kor_Hang,31,7,52
kor_Hang,31,8,52
kor_Hang,31,9,52
kor_Hang,31,10,13
kor_Hang,31,11,13
kor_Hang,31,12,13
kor_Hang,31,13,13
kor_Hang,31,14,13
kor_Hang,31,15,13
kor_Hang,31,16,13
kor_Hang,31,17,13
kor_Hang,31,18,51
kor_Hang,31,19,34
kor_Hang,32,0,60
kor_Hang,32,1,13
kor_Hang,32,2,13
kor_Hang,32,3,13
kor_Hang,32,4,13
kor_Hang,32,5,13
kor_Hang,32,6,13
kor_Hang,32,7,13
kor_Hang,32,8,13
kor_Hang,32,9,13
kor_Hang,32,10,26
kor_Hang,32,11,19
kor_Hang,32,12,13
kor_Hang,32,13,13
kor_Hang,32,14,13
kor_Hang,32,15,13
kor_Hang,32,16,39
kor_Hang,32,17,13
kor_Hang,32,18,19
kor_Hang,32,19,13
kor_Hang,32,20,13
kor_Hang,32,21,19
kor_Hang,32,22,13
kor_Hang,32,23,61
kor_Hang,32,24,19
kor_Hang,32,25,13
kor_Hang,32,26,13
kor_Hang,32,27,13
kor_Hang,32,28,13
kor_Hang,32,29,13
kor_Hang,32,30,47
kor_Hang,32,31,19
kor_Hang,32,32,13
kor_Hang,32,33,47
kor_Hang,32,34,47
kor_Hang,32,35,13
kor_Hang,32,36,13
kor_Hang,32,37,13
kor_Hang,32,38,13
kor_Hang,32,39,13
kor_Hang,32,40,61
kor_Hang,32,41,13
kor_Hang,32,42,13
kor_Hang,32,43,13
kor_Hang,32,44,13
kor_Hang,32,45,13
kor_Hang,32,46,13
kor_Hang,32,47,13
kor_Hang,32,48,1
kor_Hang,32,49,34
kor_Hang,32,50,13
kor_Hang,32,51,13
kor_Hang,32,52,13
kor_Hang,32,53,34
eng_Latn,33,0,60
eng_Latn,33,1,40
eng_Latn,33,2,40
eng_Latn,33,3,59
eng_Latn,33,4,19
eng_Latn,33,5,48
eng_Latn,33,6,62
eng_Latn,33,7,46
eng_Latn,33,8,57
eng_Latn,33,9,62
kor_Hang,34,0,60
kor_Hang,34,1,13
kor_Hang,34,2,13
kor_Hang,34,3,13
kor_Hang,34,4,11
kor_Hang,34,5,13
kor_Hang,34,6,52
kor_Hang,34,7,52
kor_Hang,34,8,1
kor_Hang,34,9,13
kor_Hang,34,10,12
kor_Hang,34,11,12
kor_Hang,34,12,13
kor_Hang,34,13,13
kor_Hang,34,14,19
kor_Hang,34,15,39
kor_Hang,34,16,13
kor_Hang,34,17,19
kor_Hang,34,18,39
kor_Hang,34,19,13
kor_Hang,34,20,19
kor_Hang,34,21,13
kor_Hang,34,22,13
kor_Hang,34,23,61
kor_Hang,34,24,19
kor_Hang,34,25,13
kor_Hang,34,26,47
kor_Hang,34,27,52
kor_Hang,35,0,60
kor_Hang,35,1,13
kor_Hang,35,2,19
kor_Hang,35,3,13
kor_Hang,35,4,47
kor_Hang,35,5,47
kor_Hang,35,6,13
kor_Hang,35,7,13
kor_Hang,35,8,13
kor_Hang,35,9,13
kor_Hang,35,10,13
kor_Hang,35,11,19
kor_Hang,35,12,13
kor_Hang,35,13,47
kor_Hang,35,14,47
kor_Hang,35,15,13
kor_Hang,35,16,13
kor_Hang,35,17,13
kor_Hang,35,18,13
kor_Hang,35,19,13
kor_Hang,35,20,61
kor_Hang,35,21,19
kor_Hang,35,22,13
kor_Hang,35,23,13
kor_Hang,35,24,13
kor_Hang,35,25,13
kor_Hang,35,26,19
kor_Hang,35,27,13
kor_Hang,35,28,13
kor_Hang,35,29,13
kor_Hang,35,30,13
kor_Hang,35,31,13
kor_Hang,35,32,47
kor_Hang,35,33,13
kor_Hang,35,34,13
kor_Hang,35,35,13
kor_Hang,35,36,13
kor_Hang,35,37,13
kor_Hang,35,38,13
kor_Hang,35,39,13
kor_Hang,35,40,13
kor_Hang,35,41,13
kor_Hang,35,42,13
kor_Hang,35,43,13
kor_Hang,35,44,13
kor_Hang,35,45,13
kor_Hang,35,46,19
kor_Hang,35,47,13
kor_Hang,35,48,47
kor_Hang,35,49,19
kor_Hang,35,50,13
kor_Hang,35,51,13
kor_Hang,35,52,13
kor_Hang,35,53,13
kor_Hang,35,54,13
kor_Hang,35,55,47
kor_Hang,35,56,13
kor_Hang,35,57,13
kor_Hang,35,58,13
kor_Hang,35,59,13
kor_Hang,35,60,47
kor_Hang,35,61,19
kor_Hang,35,62,13
kor_Hang,35,63,13
kor_Hang,35,64,13
kor_Hang,35,65,13
kor_Hang,35,66,13
kor_Hang,35,67,13
kor_Hang,35,68,13
kor_Hang,35,69,13
kor_Hang,35,70,13
kor_Hang,35,71,13
kor_Hang,35,72,13
kor_Hang,35,73,34
kor_Hang,35,74,13
kor_Hang,35,75,13
kor_Hang,35,76,13
kor_Hang,35,77,34
kor_Hang,36,0,60
kor_Hang,36,1,61
kor_Hang,36,2,13
kor_Hang,36,3,13
kor_Hang,36,4,13
kor_Hang,36,5,13
kor_Hang,36,6,13
kor_Hang,36,7,13
kor_Hang,36,8,19
kor_Hang,36,9,13
kor_Hang,36,10,13
kor_Hang,36,11,19
kor_Hang,36,12,13
kor_Hang,36,13,52
kor_Hang,36,14,13
kor_Hang,36,15,13
kor_Hang,36,16,52
kor_Hang,36,17,13
kor_Hang,36,18,13
kor_Hang,36,19,13
kor_Hang,36,20,19
kor_Hang,36,21,13
kor_Hang,36,22,27
kor_Hang,36,23,13
kor_Hang,36,24,13
kor_Hang,36,25,13
kor_Hang,36,26,13
kor_Hang,36,27,13
kor_Hang,36,28,13
kor_Hang,36,29,13
kor_Hang,36,30,13
kor_Hang,36,31,13
kor_Hang,37,0,60
kor_Hang,37,1,13
kor_Hang,37,2,13
kor_Hang,37,3,13
kor_Hang,37,4,13
kor_Hang,37,5,13
kor_Hang,37,6,13
kor_Hang,37,7,13
kor_Hang,37,8,47
kor_Hang,37,9,13
kor_Hang,37,10,13
kor_Hang,37,11,13
kor_Hang,37,12,47
kor_Hang,37,13,13
kor_Hang,37,14,13
kor_Hang,37,15,13
kor_Hang,37,16,13
kor_Hang,37,17,13
kor_Hang,37,18,47
kor_Hang,37,19,13
kor_Hang,37,20,13
kor_Hang,37,21,12
kor_Hang,37,22,13
kor_Hang,37,23,13
kor_Hang,37,24,19
kor_Hang,37,25,13
kor_Hang,37,26,13
kor_Hang,37,27,13
kor_Hang,37,28,13
kor_Hang,37,29,47
kor_Hang,37,30,19
kor_Hang,37,31,13
kor_Hang,37,32,12
kor_Hang,37,33,47
kor_Hang,37,34,61
kor_Hang,37,35,19
kor_Hang,37,36,13
kor_Hang,37,37,13
kor_Hang,37,38,27
kor_Hang,37,39,13
kor_Hang,37,40,13
kor_Hang,37,41,47
kor_Hang,37,42,19
kor_Hang,37,43,13
kor_Hang,37,44,13
kor_Hang,37,45,13
kor_Hang,37,46,13
kor_Hang,37,47,13
kor_Hang,37,48,13
kor_Hang,37,49,13
kor_Hang,37,50,13
kor_Hang,37,51,13
kor_Hang,37,52,13
kor_Hang,37,53,13
kor_Hang,37,54,13
kor_Hang,37,55,13
kor_Hang,37,56,13
kor_Hang,37,57,13
kor_Hang,37,58,47
kor_Hang,37,59,13
kor_Hang,37,60,13
kor_Hang,37,61,13
kor_Hang,37,62,19
kor_Hang,37,63,13
kor_Hang,37,64,13
kor_Hang,37,65,13
kor_Hang,37,66,13
kor_Hang,37,67,13
kor_Hang,37,68,34
kor_Hang,38,0,60
kor_Hang,38,1,13
kor_Hang,38,2,19
kor_Hang,38,3,13
kor_Hang,38,4,13
kor_Hang,38,5,13
kor_Hang,38,6,19
kor_Hang,38,7,13
kor_Hang,38,8,13
kor_Hang,38,9,13
kor_Hang,38,10,13
kor_Hang,38,11,47
kor_Hang,38,12,47
kor_Hang,38,13,13
kor_Hang,38,14,13
kor_Hang,38,15,13
kor_Hang,38,16,13
kor_Hang,38,17,13
kor_Hang,38,18,19
kor_Hang,38,19,13
kor_Hang,38,20,13
kor_Hang,38,21,22
kor_Hang,38,22,49
kor_Hang,38,23,13
kor_Hang,38,24,13
kor_Hang,38,25,13
kor_Hang,38,26,13
kor_Hang,38,27,13
kor_Hang,38,28,19
kor_Hang,38,29,13
kor_Hang,38,30,13
kor_Hang,38,31,13
kor_Hang,38,32,61
kor_Hang,38,33,19
kor_Hang,38,34,13
kor_Hang,38,35,13
kor_Hang,38,36,13
kor_Hang,38,37,13
kor_Hang,38,38,47
kor_Hang,38,39,13
kor_Hang,38,40,13
kor_Hang,38,41,13
kor_Hang,38,42,19
kor_Hang,38,43,19
kor_Hang,38,44,13
kor_Hang,38,45,9
kor_Hang,38,46,52
kor_Hang,38,47,52
kor_Hang,38,48,52
kor_Hang,38,49,13
kor_Hang,38,50,52
kor_Hang,38,51,13
kor_Hang,38,52,13
kor_Hang,38,53,1
kor_Hang,38,54,52
kor_Hang,38,55,52
kor_Hang,38,56,13
kor_Hang,38,57,42
kor_Hang,39,0,60
kor_Hang,39,1,13
kor_Hang,39,2,19
kor_Hang,39,3,13
kor_Hang,39,4,13
kor_Hang,39,5,47
kor_Hang,39,6,19
kor_Hang,39,7,47
kor_Hang,39,8,19
kor_Hang,39,9,13
kor_Hang,39,10,13
kor_Hang,39,11,47
kor_Hang,39,12,13
kor_Hang,39,13,13
kor_Hang,39,14,13
kor_Hang,39,15,13
kor_Hang,39,16,13
kor_Hang,39,17,13
kor_Hang,39,18,13
kor_Hang,39,19,13
kor_Hang,39,20,13
kor_Hang,39,21,13
kor_Hang,39,22,13
kor_Hang,39,23,13
kor_Hang,39,24,13
kor_Hang,39,25,52
kor_Hang,39,26,52
kor_Hang,39,27,52
kor_Hang,39,28,13
kor_Hang,39,29,13
kor_Hang,39,30,13
kor_Hang,39,31,13
kor_Hang,39,32,34
kor_Hang,39,33,13
kor_Hang,39,34,13
kor_Hang,39,35,13
kor_Hang,39,36,13
kor_Hang,39,37,13
kor_Hang,39,38,13
kor_Hang,39,39,13
kor_Hang,39,40,13
kor_Hang,39,41,13
kor_Hang,39,42,13
kor_Hang,39,43,13
kor_Hang,39,44,13
kor_Hang,39,45,34
kor_Hang,39,46,13
kor_Hang,39,47,13
kor_Hang,39,48,13
kor_Hang,39,49,13
kor_Hang,39,50,13
kor_Hang,39,51,13
kor_Hang,39,52,34
kor_Hang,39,53,19
kor_Hang,39,54,34
kor_Hang,39,55,34
kor_Hang,40,0,60
kor_Hang,40,1,60
kor_Hang,40,2,60
kor_Hang,40,3,47
kor_Hang,40,4,13
kor_Hang,40,5,13
kor_Hang,40,6,13
kor_Hang,40,7,13
kor_Hang,40,8,13
kor_Hang,40,9,24
kor_Hang,40,10,13
kor_Hang,40,11,13
kor_Hang,40,12,13
kor_Hang,40,13,13
kor_Hang,40,14,19
kor_Hang,40,15,13
kor_Hang,40,16,13
kor_Hang,40,17,13
kor_Hang,40,18,13
kor_Hang,40,19,9
kor_Hang,40,20,1
kor_Hang,40,21,13
kor_Hang,40,22,13
kor_Hang,40,23,13
kor_Hang,40,24,13
kor_Hang,40,25,13
kor_Hang,40,26,13
kor_Hang,40,27,13
kor_Hang,40,28,13
kor_Hang,40,29,13
kor_Hang,40,30,13
kor_Hang,40,31,13
kor_Hang,40,32,39
kor_Hang,40,33,13
kor_Hang,40,34,47
kor_Hang,40,35,13
kor_Hang,40,36,13
kor_Hang,40,37,13
kor_Hang,40,38,13
kor_Hang,40,39,13
kor_Hang,40,40,13
kor_Hang,40,41,13
kor_Hang,40,42,13
kor_Hang,40,43,13
kor_Hang,40,44,19
kor_Hang,40,45,13
kor_Hang,40,46,13
kor_Hang,40,47,47
kor_Hang,40,48,13
kor_Hang,40,49,19
kor_Hang,40,50,13
kor_Hang,40,51,34
eng_Latn,41,0,60
eng_Latn,41,1,57
eng_Latn,41,2,35
eng_Latn,41,3,48
eng_Latn,41,4,53
eng_Latn,41,5,43
eng_Latn,41,6,57
eng_Latn,41,7,59
eng_Latn,41,8,15
eng_Latn,41,9,59
eng_Latn,41,10,19
eng_Latn,41,11,48
kor_Hang,42,0,60
kor_Hang,42,1,9
kor_Hang,42,2,60
kor_Hang,42,3,13
kor_Hang,42,4,19
kor_Hang,42,5,13
kor_Hang,42,6,13
kor_Hang,42,7,13
kor_Hang,42,8,13
kor_Hang,42,9,13
kor_Hang,42,10,13
kor_Hang,42,11,13
kor_Hang,42,12,13
kor_Hang,42,13,13
kor_Hang,42,14,13
kor_Hang,42,15,13
kor_Hang,42,16,13
kor_Hang,42,17,13
kor_Hang,42,18,13
kor_Hang,42,19,13
kor_Hang,42,20,13
kor_Hang,42,21,13
kor_Hang,42,22,13
kor_Hang,42,23,19
kor_Hang,42,24,13
kor_Hang,42,25,13
kor_Hang,42,26,13
kor_Hang,42,27,13
kor_Hang,42,28,13
kor_Hang,42,29,13
kor_Hang,42,30,13
kor_Hang,42,31,13
kor_Hang,42,32,13
kor_Hang,42,33,13
kor_Hang,42,34,13
kor_Hang,42,35,13
kor_Hang,42,36,13
kor_Hang,42,37,13
kor_Hang,42,38,13
kor_Hang,42,39,13
kor_Hang,42,40,13
kor_Hang,42,41,13
kor_Hang,42,42,13
kor_Hang,42,43,13
kor_Hang,42,44,13
kor_Hang,42,45,13
kor_Hang,42,46,13
kor_Hang,42,47,34
kor_Hang,42,48,13
kor_Hang,42,49,13
kor_Hang,42,50,34
kor_Hang,43,0,60
kor_Hang,43,1,13
kor_Hang,43,2,13
kor_Hang,43,3,13
kor_Hang,43,4,13
kor_Hang,43,5,13
kor_Hang,43,6,47
kor_Hang,43,7,19
kor_Hang,43,8,13
kor_Hang,43,9,13
kor_Hang,43,10,19
kor_Hang,43,11,13
kor_Hang,43,12,13
kor_Hang,43,13,19
kor_Hang,43,14,39
kor_Hang,43,15,47
kor_Hang,43,16,19
kor_Hang,43,17,13
kor_Hang,43,18,19
kor_Hang,43,19,13
kor_Hang,43,20,12
kor_Hang,43,21,13
kor_Hang,43,22,13
kor_Hang,43,23,27
kor_Hang,43,24,13
kor_Hang,43,25,13
kor_Hang,43,26,13
kor_Hang,43,27,13
kor_Hang,43,28,13
kor_Hang,43,29,13
kor_Hang,43,30,13
kor_Hang,43,31,13
kor_Hang,43,32,13
kor_Hang,43,33,13
kor_Hang,43,34,47
kor_Hang,43,35,13
kor_Hang,43,36,13
kor_Hang,43,37,13
kor_Hang,43,38,13
kor_Hang,43,39,19
kor_Hang,43,40,13
kor_Hang,43,41,13
kor_Hang,43,42,13
kor_Hang,43,43,13
kor_Hang,43,44,13
kor_Hang,43,45,13
kor_Hang,43,46,13
kor_Hang,43,47,13
kor_Hang,43,48,19
kor_Hang,43,49,13
kor_Hang,43,50,34
kor_Hang,44,0,60
kor_Hang,44,1,14
kor_Hang,44,2,13
kor_Hang,44,3,13
kor_Hang,44,4,13
kor_Hang,44,5,19
kor_Hang,44,6,13
kor_Hang,44,7,13
kor_Hang,44,8,13
kor_Hang,44,9,13
kor_Hang,44,10,37
kor_Hang,44,11,52
kor_Hang,44,12,52
kor_Hang,44,13,61
kor_Hang,44,14,1
kor_Hang,44,15,52
kor_Hang,44,16,52
kor_Hang,44,17,13
kor_Hang,44,18,37
kor_Hang,44,19,13
kor_Hang,44,20,13
kor_Hang,44,21,13
kor_Hang,44,22,13
kor_Hang,44,23,13
kor_Hang,44,24,24
kor_Hang,44,25,13
kor_Hang,44,26,52
kor_Hang,44,27,13
kor_Hang,44,28,13
kor_Hang,44,29,13
kor_Hang,44,30,13
kor_Hang,44,31,13
kor_Hang,44,32,19
kor_Hang,44,33,13
kor_Hang,44,34,13
kor_Hang,44,35,13
kor_Hang,44,36,13
kor_Hang,44,37,13
kor_Hang,44,38,13
kor_Hang,44,39,13
kor_Hang,44,40,13
kor_Hang,44,41,13
kor_Hang,44,42,13
kor_Hang,44,43,13
kor_Hang,44,44,13
kor_Hang,44,45,13
kor_Hang,44,46,13
kor_Hang,44,47,13
kor_Hang,44,48,13
kor_Hang,44,49,13
kor_Hang,44,50,19
kor_Hang,44,51,13
kor_Hang,44,52,19
kor_Hang,44,53,13
kor_Hang,44,54,34
kor_Hang,45,0,60
kor_Hang,45,1,19
kor_Hang,45,2,13
kor_Hang,45,3,19
kor_Hang,45,4,13
kor_Hang,45,5,13
kor_Hang,45,6,47
kor_Hang,45,7,61
kor_Hang,45,8,13
kor_Hang,45,9,13
kor_Hang,45,10,13
kor_Hang,45,11,19
kor_Hang,45,12,47
kor_Hang,45,13,13
kor_Hang,45,14,47
kor_Hang,45,15,13
kor_Hang,45,16,13
kor_Hang,45,17,13
kor_Hang,45,18,13
kor_Hang,45,19,13
kor_Hang,45,20,13
kor_Hang,45,21,19
kor_Hang,45,22,13
kor_Hang,45,23,13
kor_Hang,45,24,13
kor_Hang,45,25,47
kor_Hang,45,26,19
kor_Hang,45,27,13
kor_Hang,45,28,13
kor_Hang,45,29,13
kor_Hang,45,30,13
kor_Hang,45,31,13
kor_Hang,45,32,13
kor_Hang,45,33,13
kor_Hang,45,34,13
kor_Hang,45,35,13
kor_Hang,45,36,19
kor_Hang,45,37,13
kor_Hang,45,38,47
kor_Hang,45,39,13
kor_Hang,45,40,47
kor_Hang,45,41,19
kor_Hang,45,42,13
kor_Hang,45,43,13
kor_Hang,45,44,13
kor_Hang,45,45,13
kor_Hang,45,46,13
kor_Hang,45,47,19
kor_Hang,45,48,13
kor_Hang,45,49,13
kor_Hang,45,50,19
kor_Hang,45,51,13
kor_Hang,45,52,13
kor_Hang,45,53,13
kor_Hang,45,54,9
kor_Hang,45,55,13
kor_Hang,45,56,13
kor_Hang,45,57,13
kor_Hang,45,58,19
kor_Hang,45,59,13
kor_Hang,45,60,13
kor_Hang,45,61,19
kor_Hang,45,62,13
kor_Hang,45,63,13
kor_Hang,45,64,13
kor_Hang,45,65,13
kor_Hang,45,66,47
kor_Hang,45,67,19
kor_Hang,45,68,13
kor_Hang,45,69,12
kor_Hang,45,70,11
kor_Hang,45,71,11
kor_Hang,45,72,11
kor_Hang,45,73,42
kor_Hang,45,74,13
kor_Hang,45,75,13
kor_Hang,45,76,13
kor_Hang,45,77,13
kor_Hang,45,78,13
kor_Hang,45,79,13
kor_Hang,45,80,13
kor_Hang,45,81,13
kor_Hang,45,82,52
eng_Latn,46,0,60
eng_Latn,46,1,35
eng_Latn,46,2,17
eng_Latn,47,0,60
eng_Latn,47,1,61
eng_Latn,47,2,46
eng_Latn,47,3,48
eng_Latn,47,4,31
eng_Latn,47,5,52
eng_Latn,47,6,52
eng_Latn,47,7,19
eng_Latn,47,8,19
eng_Latn,47,9,3
eng_Latn,47,10,3
eng_Latn,47,11,57
eng_Latn,47,12,37
eng_Latn,47,13,52
kor_Hang,48,0,60
kor_Hang,48,1,13
kor_Hang,48,2,13
kor_Hang,48,3,13
kor_Hang,48,4,13
kor_Hang,48,5,19
kor_Hang,48,6,13
kor_Hang,48,7,13
kor_Hang,48,8,13
kor_Hang,48,9,13
kor_Hang,48,10,13
kor_Hang,48,11,13
kor_Hang,48,12,13
kor_Hang,48,13,13
kor_Hang,48,14,13
kor_Hang,48,15,13
kor_Hang,48,16,13
kor_Hang,48,17,13
kor_Hang,48,18,13
kor_Hang,48,19,13
kor_Hang,48,20,13
kor_Hang,48,21,61
kor_Hang,48,22,13
kor_Hang,48,23,13
kor_Hang,48,24,13
kor_Hang,48,25,13
kor_Hang,48,26,26
kor_Hang,48,27,13
kor_Hang,48,28,13
kor_Hang,48,29,47
kor_Hang,48,30,13
kor_Hang,48,31,13
kor_Hang,48,32,13
kor_Hang,48,33,13
kor_Hang,48,34,13
kor_Hang,48,35,13
kor_Hang,48,36,13
kor_Hang,48,37,13
kor_Hang,48,38,13
kor_Hang,48,39,13
kor_Hang,48,40,13
kor_Hang,48,41,13
kor_Hang,48,42,13
kor_Hang,49,0,60
kor_Hang,49,1,13
kor_Hang,49,2,13
kor_Hang,49,3,13
kor_Hang,49,4,13
kor_Hang,49,5,13
kor_Hang,49,6,13
kor_Hang,49,7,13
kor_Hang,49,8,19
kor_Hang,49,9,13
kor_Hang,49,10,13
kor_Hang,49,11,13
kor_Hang,49,12,13
kor_Hang,49,13,13
kor_Hang,49,14,13
kor_Hang,49,15,13
kor_Hang,49,16,13
kor_Hang,49,17,13
kor_Hang,49,18,13
kor_Hang,49,19,13
kor_Hang,49,20,19
kor_Hang,49,21,13
kor_Hang,49,22,13
kor_Hang,49,23,13
kor_Hang,49,24,13
kor_Hang,49,25,13
kor_Hang,49,26,13
kor_Hang,49,27,13
kor_Hang,49,28,13
kor_Hang,49,29,13
kor_Hang,49,30,13
kor_Hang,49,31,47
kor_Hang,49,32,13
kor_Hang,49,33,13
kor_Hang,49,34,13
kor_Hang,49,35,13
kor_Hang,49,36,13
kor_Hang,49,37,13
kor_Hang,49,38,47
kor_Hang,49,39,13
kor_Hang,49,40,13
kor_Hang,49,41,13
kor_Hang,49,42,13
kor_Hang,49,43,13
kor_Hang,49,44,13
kor_Hang,49,45,13
kor_Hang,49,46,13
kor_Hang,49,47,13
kor_Hang,49,48,13
kor_Hang,49,49,13
kor_Hang,49,50,13
kor_Hang,49,51,13
kor_Hang,49,52,13
kor_Hang,49,53,19
kor_Hang,49,54,13
kor_Hang,49,55,13
kor_Hang,49,56,13
kor_Hang,49,57,13
kor_Hang,49,58,34
kor_Hang,49,59,13
kor_Hang,49,60,13
kor_Hang,49,61,13
kor_Hang,49,62,34
kor_Hang,49,63,13
kor_Hang,49,64,13
kor_Hang,49,65,34
kor_Hang,50,0,60
kor_Hang,50,1,13
kor_Hang,50,2,19
kor_Hang,50,3,13
kor_Hang,50,4,13
kor_Hang,50,5,13
kor_Hang,50,6,13
kor_Hang,50,7,19
kor_Hang,50,8,13
kor_Hang,50,9,13
kor_Hang,50,10,13
kor_Hang,50,11,13
kor_Hang,50,12,13
kor_Hang,50,13,13
kor_Hang,50,14,13
kor_Hang,50,15,19
kor_Hang,50,16,13
kor_Hang,50,17,13
kor_Hang,50,18,13
kor_Hang,50,19,13
kor_Hang,50,20,26
kor_Hang,50,21,13
kor_Hang,50,22,13
kor_Hang,50,23,13
kor_Hang,50,24,13
kor_Hang,50,25,13
kor_Hang,50,26,26
kor_Hang,50,27,13
kor_Hang,50,28,13
kor_Hang,50,29,13
kor_Hang,50,30,13
kor_Hang,50,31,13
kor_Hang,50,32,19
kor_Hang,50,33,13
kor_Hang,51,0,60
kor_Hang,51,1,13
kor_Hang,51,2,13
kor_Hang,51,3,19
kor_Hang,51,4,13
kor_Hang,51,5,7
kor_Hang,51,6,13
kor_Hang,51,7,13
kor_Hang,51,8,13
kor_Hang,51,9,13
kor_Hang,51,10,13
kor_Hang,51,11,13
kor_Hang,51,12,13
kor_Hang,51,13,47
kor_Hang,51,14,13
kor_Hang,51,15,13
kor_Hang,51,16,13
kor_Hang,51,17,13
kor_Hang,51,18,13
kor_Hang,51,19,19
kor_Hang,51,20,13
kor_Hang,51,21,24
kor_Hang,51,22,52
kor_Hang,51,23,47
kor_Hang,51,24,13
kor_Hang,51,25,13
kor_Hang,51,26,13
kor_Hang,51,27,19
kor_Hang,51,28,47
kor_Hang,51,29,13
kor_Hang,51,30,19
kor_Hang,51,31,13
kor_Hang,51,32,61
kor_Hang,51,33,13
kor_Hang,51,34,13
kor_Hang,51,35,13
kor_Hang,51,36,13
kor_Hang,51,37,9
kor_Hang,51,38,52
kor_Hang,52,0,60
kor_Hang,52,1,13
kor_Hang,52,2,13
kor_Hang,52,3,13
kor_Hang,52,4,13
kor_Hang,52,5,13
kor_Hang,52,6,13
kor_Hang,52,7,13
kor_Hang,52,8,13
kor_Hang,52,9,19
kor_Hang,52,10,13
kor_Hang,52,11,11
kor_Hang,52,12,13
kor_Hang,52,13,13
kor_Hang,52,14,13
kor_Hang,52,15,47
kor_Hang,52,16,13
kor_Hang,52,17,13
kor_Hang,52,18,13
kor_Hang,52,19,13
kor_Hang,52,20,19
kor_Hang,52,21,13
kor_Hang,52,22,9
kor_Hang,52,23,9
kor_Hang,52,24,11
kor_Hang,52,25,13
kor_Hang,52,26,13
kor_Hang,52,27,13
kor_Hang,52,28,13
kor_Hang,52,29,13
kor_Hang,52,30,13
kor_Hang,52,31,13
kor_Hang,52,32,61
kor_Hang,52,33,13
kor_Hang,52,34,13
kor_Hang,52,35,9
kor_Hang,52,36,11
kor_Hang,52,37,9
kor_Hang,52,38,11
kor_Hang,52,39,9
kor_Hang,52,40,13
kor_Hang,52,41,13
kor_Hang,52,42,39
kor_Hang,52,43,47
kor_Hang,52,44,26
kor_Hang,52,45,13
kor_Hang,52,46,13
kor_Hang,52,47,13
kor_Hang,52,48,13
kor_Hang,52,49,19
kor_Hang,52,50,13
kor_Hang,52,51,22
kor_Hang,52,52,12
kor_Hang,52,53,26
kor_Hang,52,54,39
eng_Latn,53,0,60
eng_Latn,53,1,19
eng_Latn,53,2,19
eng_Latn,53,3,15
eng_Latn,53,4,16
eng_Latn,53,5,33
eng_Latn,53,6,33
eng_Latn,53,7,33
kor_Hang,54,0,60
kor_Hang,54,1,47
kor_Hang,54,2,13
kor_Hang,54,3,13
kor_Hang,54,4,19
kor_Hang,54,5,13
kor_Hang,54,6,13
kor_Hang,54,7,61
kor_Hang,54,8,13
kor_Hang,55,0,60
kor_Hang,55,1,52
kor_Hang,55,2,52
kor_Hang,55,3,13
kor_Hang,55,4,52
kor_Hang,55,5,52
kor_Hang,55,6,52
kor_Hang,55,7,13
kor_Hang,55,8,13
kor_Hang,55,9,13
kor_Hang,55,10,52
kor_Hang,55,11,52
kor_Hang,55,12,52
kor_Hang,55,13,52
kor_Hang,55,14,37
kor_Hang,55,15,52
kor_Hang,55,16,52
kor_Hang,55,17,52
kor_Hang,55,18,52
kor_Hang,55,19,13
kor_Hang,55,20,13
kor_Hang,55,21,13
kor_Hang,55,22,13
kor_Hang,55,23,13
kor_Hang,55,24,13
kor_Hang,55,25,13
kor_Hang,55,26,13
kor_Hang,55,27,13
kor_Hang,55,28,13
kor_Hang,55,29,13
kor_Hang,55,30,19
kor_Hang,55,31,13
kor_Hang,55,32,13
kor_Hang,55,33,13
kor_Hang,55,34,61
kor_Hang,55,35,13
kor_Hang,55,36,13
kor_Hang,55,37,13
kor_Hang,55,38,13
kor_Hang,55,39,13
kor_Hang,55,40,13
kor_Hang,55,41,13
kor_Hang,55,42,13
kor_Hang,55,43,13
kor_Hang,55,44,13
kor_Hang,55,45,13
kor_Hang,55,46,13
kor_Hang,55,47,13
kor_Hang,55,48,13
kor_Hang,55,49,13
kor_Hang,55,50,34
eng_Latn,56,0,60
eng_Latn,56,1,40
eng_Latn,56,2,40
eng_Latn,56,3,10
eng_Latn,56,4,56
eng_Latn,56,5,35
eng_Latn,56,6,56
eng_Latn,56,7,54
eng_Latn,56,8,19
eng_Latn,56,9,44
kor_Hang,57,0,60
kor_Hang,57,1,47
kor_Hang,57,2,13
kor_Hang,57,3,47
kor_Hang,57,4,19
kor_Hang,57,5,19
kor_Hang,57,6,13
kor_Hang,57,7,13
kor_Hang,57,8,13
kor_Hang,57,9,13
kor_Hang,57,10,13
kor_Hang,57,11,19
kor_Hang,57,12,13
kor_Hang,57,13,13
kor_Hang,57,14,13
kor_Hang,57,15,13
kor_Hang,57,16,58
kor_Hang,57,17,12
kor_Hang,57,18,13
kor_Hang,57,19,13
kor_Hang,57,20,13
kor_Hang,57,21,19
kor_Hang,57,22,13
kor_Hang,57,23,13
kor_Hang,57,24,13
kor_Hang,57,25,13
kor_Hang,57,26,13
kor_Hang,57,27,13
kor_Hang,57,28,13
kor_Hang,57,29,13
kor_Hang,57,30,13
kor_Hang,57,31,13
kor_Hang,57,32,13
kor_Hang,57,33,13
kor_Hang,57,34,13
kor_Hang,57,35,13
kor_Hang,57,36,13
kor_Hang,57,37,13
kor_Hang,57,38,13
kor_Hang,57,39,13
kor_Hang,57,40,13
kor_Hang,57,41,13
kor_Hang,57,42,19
kor_Hang,57,43,13
kor_Hang,57,44,13
kor_Hang,57,45,13
kor_Hang,57,46,13
kor_Hang,57,47,13
kor_Hang,57,48,13
kor_Hang,57,49,13
kor_Hang,57,50,13
kor_Hang,57,51,13
kor_Hang,57,52,34
kor_Hang,57,53,13
kor_Hang,57,54,13
kor_Hang,57,55,13
kor_Hang,57,56,47
kor_Hang,57,57,13
kor_Hang,57,58,13
kor_Hang,57,59,13
kor_Hang,57,60,13
kor_Hang,57,61,13
kor_Hang,57,62,19
kor_Hang,57,63,13
kor_Hang,57,64,13
kor_Hang,57,65,13
kor_Hang,57,66,13
kor_Hang,57,67,34
kor_Hang,57,68,19
kor_Hang,57,69,13
kor_Hang,57,70,34
kor_Hang,58,0,60
kor_Hang,58,1,13
kor_Hang,58,2,13
kor_Hang,58,3,13
kor_Hang,58,4,13
kor_Hang,58,5,13
kor_Hang,58,6,36
kor_Hang,58,7,13
kor_Hang,58,8,19
kor_Hang,58,9,52
kor_Hang,58,10,52
kor_Hang,58,11,52
kor_Hang,58,12,13
kor_Hang,58,13,13
kor_Hang,58,14,13
kor_Hang,58,15,13
kor_Hang,58,16,13
kor_Hang,58,17,13
kor_Hang,58,18,13
kor_Hang,58,19,19
kor_Hang,58,20,13
kor_Hang,58,21,13
kor_Hang,58,22,27
kor_Hang,58,23,13
kor_Hang,58,24,13
kor_Hang,58,25,13
kor_Hang,58,26,13
kor_Hang,58,27,19
kor_Hang,58,28,13
kor_Hang,58,29,13
kor_Hang,58,30,19
kor_Hang,58,31,13
kor_Hang,58,32,13
kor_Hang,58,33,13
kor_Hang,58,34,13
kor_Hang,58,35,13
kor_Hang,58,36,13
kor_Hang,58,37,13
kor_Hang,58,38,13
kor_Hang,58,39,39
kor_Hang,58,40,13
kor_Hang,58,41,13
kor_Hang,58,42,13
kor_Hang,58,43,13
kor_Hang,58,44,34
kor_Hang,58,45,13
kor_Hang,58,46,13
kor_Hang,58,47,13
kor_Hang,58,48,13
kor_Hang,58,49,13
kor_Hang,58,50,13
kor_Hang,58,51,34
kor_Hang,59,0,60
kor_Hang,59,1,19
kor_Hang,59,2,13
kor_Hang,59,3,13
kor_Hang,59,4,13
kor_Hang,59,5,13
kor_Hang,59,6,13
kor_Hang,59,7,13
kor_Hang,59,8,13
kor_Hang,59,9,13
kor_Hang,59,10,13
kor_Hang,59,11,11
kor_Hang,59,12,13
kor_Hang,59,13,13
kor_Hang,59,14,13
kor_Hang,59,15,27
kor_Hang,59,16,52
kor_Hang,59,17,13
kor_Hang,59,18,13
kor_Hang,59,19,13
kor_Hang,59,20,13
kor_Hang,59,21,13
kor_Hang,59,22,13
kor_Hang,59,23,13
kor_Hang,59,24,13
kor_Hang,59,25,19
kor_Hang,59,26,13
kor_Hang,59,27,13
kor_Hang,59,28,13
kor_Hang,59,29,13
kor_Hang,59,30,13
kor_Hang,59,31,19
kor_Hang,59,32,13
kor_Hang,59,33,47
kor_Hang,59,34,19
kor_Hang,59,35,13
kor_Hang,59,36,13
kor_Hang,59,37,13
kor_Hang,59,38,51
kor_Hang,60,0,60
kor_Hang,60,1,13
kor_Hang,60,2,13
kor_Hang,60,3,13
kor_Hang,60,4,13
kor_Hang,60,5,13
kor_Hang,60,6,13
kor_Hang,60,7,47
kor_Hang,60,8,13
kor_Hang,60,9,13
kor_Hang,60,10,19
kor_Hang,60,11,13
kor_Hang,60,12,13
kor_Hang,60,13,13
kor_Hang,60,14,13
kor_Hang,60,15,13
kor_Hang,60,16,19
kor_Hang,60,17,13
kor_Hang,60,18,13
kor_Hang,60,19,13
kor_Hang,60,20,13
kor_Hang,60,21,13
kor_Hang,60,22,13
kor_Hang,60,23,13
kor_Hang,60,24,61
kor_Hang,60,25,13
kor_Hang,60,26,13
kor_Hang,60,27,13
kor_Hang,60,28,13
kor_Hang,60,29,19
kor_Hang,60,30,13
kor_Hang,60,31,13
kor_Hang,60,32,13
kor_Hang,60,33,13
kor_Hang,60,34,13
kor_Hang,60,35,13
kor_Hang,60,36,13
kor_Hang,60,37,13
kor_Hang,60,38,13
kor_Hang,60,39,13
kor_Hang,60,40,13
kor_Hang,60,41,13
kor_Hang,60,42,13
kor_Hang,60,43,13
kor_Hang,60,44,13
kor_Hang,60,45,47
kor_Hang,60,46,13
kor_Hang,60,47,13
kor_Hang,60,48,13
kor_Hang,60,49,13
kor_Hang,60,50,13
kor_Hang,60,51,13
kor_Hang,60,52,13
kor_Hang,60,53,13
kor_Hang,60,54,19
kor_Hang,60,55,13
kor_Hang,60,56,13
kor_Hang,60,57,13
kor_Hang,60,58,13
kor_Hang,60,59,13
kor_Hang,60,60,19
kor_Hang,60,61,13
kor_Hang,60,62,34
kor_Hang,61,0,60
kor_Hang,61,1,13
kor_Hang,61,2,13
kor_Hang,61,3,52
kor_Hang,61,4,52
kor_Hang,61,5,52
kor_Hang,61,6,13
kor_Hang,61,7,13
kor_Hang,61,8,13
kor_Hang,61,9,13
kor_Hang,61,10,13
kor_Hang,61,11,13
kor_Hang,61,12,13
kor_Hang,61,13,13
kor_Hang,61,14,13
kor_Hang,61,15,13
kor_Hang,61,16,13
kor_Hang,61,17,13
kor_Hang,61,18,13
kor_Hang,61,19,13
kor_Hang,61,20,13
kor_Hang,61,21,13
kor_Hang,61,22,19
kor_Hang,61,23,13
kor_Hang,61,24,13
kor_Hang,61,25,13
kor_Hang,61,26,13
kor_Hang,61,27,13
kor_Hang,61,28,13
kor_Hang,61,29,13
kor_Hang,61,30,13
kor_Hang,61,31,13
kor_Hang,61,32,13
kor_Hang,61,33,13
kor_Hang,61,34,13
kor_Hang,61,35,13
kor_Hang,61,36,34
kor_Hang,61,37,13
kor_Hang,61,38,13
kor_Hang,61,39,13
kor_Hang,61,40,13
kor_Hang,61,41,13
kor_Hang,61,42,19
kor_Hang,61,43,13
kor_Hang,61,44,34
kor_Hang,62,0,60
kor_Hang,62,1,19
kor_Hang,62,2,13
kor_Hang,62,3,13
kor_Hang,62,4,13
kor_Hang,62,5,13
kor_Hang,62,6,13
kor_Hang,62,7,13
kor_Hang,62,8,13
kor_Hang,62,9,13
kor_Hang,62,10,12
kor_Hang,62,11,52
kor_Hang,62,12,13
kor_Hang,62,13,52
kor_Hang,62,14,13
kor_Hang,62,15,13
kor_Hang,62,16,13
kor_Hang,62,17,47
kor_Hang,62,18,47
kor_Hang,62,19,13
kor_Hang,62,20,13
kor_Hang,62,21,13
kor_Hang,62,22,13
kor_Hang,62,23,13
kor_Hang,62,24,13
kor_Hang,62,25,13
kor_Hang,62,26,34
kor_Hang,62,27,13
kor_Hang,62,28,13
kor_Hang,62,29,13
kor_Hang,62,30,13
kor_Hang,62,31,13
kor_Hang,62,32,47
kor_Hang,62,33,13
kor_Hang,62,34,13
kor_Hang,62,35,13
kor_Hang,62,36,13
kor_Hang,62,37,13
kor_Hang,62,38,13
kor_Hang,62,39,13
kor_Hang,62,40,13
kor_Hang,62,41,13
kor_Hang,62,42,13
kor_Hang,62,43,13
kor_Hang,62,44,47
kor_Hang,62,45,13
kor_Hang,62,46,13
kor_Hang,62,47,13
kor_Hang,62,48,13
kor_Hang,62,49,13
kor_Hang,62,50,19
kor_Hang,62,51,13
kor_Hang,62,52,47
kor_Hang,62,53,19
kor_Hang,62,54,13
kor_Hang,62,55,19
kor_Hang,62,56,13
kor_Hang,62,57,13
kor_Hang,62,58,13
kor_Hang,62,59,13
kor_Hang,62,60,34
kor_Hang,63,0,60
kor_Hang,63,1,13
kor_Hang,63,2,13
kor_Hang,63,3,13
kor_Hang,63,4,13
kor_Hang,63,5,13
kor_Hang,63,6,13
kor_Hang,63,7,13
kor_Hang,63,8,13
kor_Hang,63,9,13
kor_Hang,63,10,19
kor_Hang,63,11,13
kor_Hang,63,12,13
kor_Hang,63,13,13
kor_Hang,63,14,13
kor_Hang,63,15,13
kor_Hang,63,16,13
kor_Hang,63,17,13
kor_Hang,63,18,13
kor_Hang,63,19,13
kor_Hang,63,20,13
kor_Hang,63,21,13
kor_Hang,63,22,13
kor_Hang,63,23,13
kor_Hang,63,24,13
kor_Hang,63,25,13
kor_Hang,63,26,13
kor_Hang,63,27,13
kor_Hang,63,28,13
kor_Hang,63,29,19
kor_Hang,63,30,13
kor_Hang,63,31,13
kor_Hang,63,32,13
kor_Hang,63,33,13
kor_Hang,63,34,13
kor_Hang,63,35,13
kor_Hang,63,36,13
kor_Hang,63,37,13
kor_Hang,63,38,13
kor_Hang,63,39,19
kor_Hang,63,40,13
kor_Hang,63,41,13
kor_Hang,63,42,47
kor_Hang,63,43,13
kor_Hang,63,44,13
kor_Hang,63,45,19
kor_Hang,63,46,13
kor_Hang,63,47,13
kor_Hang,63,48,13
kor_Hang,63,49,13
kor_Hang,63,50,13
kor_Hang,63,51,13
kor_Hang,63,52,13
kor_Hang,63,53,34
kor_Hang,63,54,19
kor_Hang,63,55,13
kor_Hang,63,56,34
eng_Latn,64,0,60
eng_Latn,64,1,56
eng_Latn,64,2,4
kor_Hang,65,0,60
kor_Hang,65,1,13
kor_Hang,65,2,13
kor_Hang,65,3,1
kor_Hang,65,4,1
kor_Hang,65,5,13
kor_Hang,65,6,13
kor_Hang,65,7,13
kor_Hang,65,8,47
kor_Hang,65,9,13
kor_Hang,65,10,13
kor_Hang,65,11,13
kor_Hang,65,12,13
kor_Hang,65,13,13
kor_Hang,65,14,13
kor_Hang,65,15,13
kor_Hang,65,16,13
kor_Hang,65,17,13
kor_Hang,65,18,13
kor_Hang,65,19,13
kor_Hang,65,20,13
kor_Hang,65,21,13
kor_Hang,65,22,19
kor_Hang,65,23,13
kor_Hang,65,24,13
kor_Hang,65,25,13
kor_Hang,65,26,13
kor_Hang,65,27,13
kor_Hang,65,28,13
kor_Hang,65,29,13
kor_Hang,65,30,13
kor_Hang,65,31,13
kor_Hang,65,32,13
kor_Hang,65,33,13
kor_Hang,65,34,13
kor_Hang,65,35,13
kor_Hang,65,36,13
kor_Hang,65,37,13
kor_Hang,65,38,13
kor_Hang,65,39,13
kor_Hang,65,40,51
kor_Hang,65,41,51
eng_Latn,66,0,60
eng_Latn,66,1,37
eng_Latn,66,2,12
eng_Latn,66,3,2
eng_Latn,66,4,47
eng_Latn,67,0,60
eng_Latn,67,1,56
eng_Latn,67,2,24
eng_Latn,67,3,19
eng_Latn,67,4,40
eng_Latn,67,5,49
eng_Latn,67,6,12
eng_Latn,67,7,22
eng_Latn,67,8,40
eng_Latn,67,9,15
eng_Latn,67,10,48
eng_Latn,67,11,59
eng_Latn,67,12,51
kor_Hang,68,0,60
kor_Hang,68,1,13
kor_Hang,68,2,13
kor_Hang,68,3,13
kor_Hang,68,4,13
kor_Hang,68,5,61
kor_Hang,68,6,19
kor_Hang,68,7,13
kor_Hang,68,8,13
kor_Hang,68,9,13
kor_Hang,68,10,13
kor_Hang,68,11,13
kor_Hang,68,12,13
kor_Hang,68,13,13
kor_Hang,68,14,13
kor_Hang,68,15,13
kor_Hang,68,16,13
kor_Hang,68,17,13
kor_Hang,68,18,13
kor_Hang,68,19,34
kor_Hang,68,20,13
kor_Hang,68,21,13
kor_Hang,68,22,13
kor_Hang,68,23,13
kor_Hang,68,24,34
kor_Hang,69,0,60
kor_Hang,69,1,19
kor_Hang,69,2,13
kor_Hang,69,3,52
kor_Hang,69,4,47
kor_Hang,69,5,13
kor_Hang,69,6,9
kor_Hang,69,7,13
kor_Hang,69,8,19
kor_Hang,69,9,13
kor_Hang,69,10,19
kor_Hang,69,11,13
kor_Hang,69,12,13
kor_Hang,69,13,47
kor_Hang,69,14,13
kor_Hang,69,15,13
kor_Hang,69,16,13
kor_Hang,69,17,19
kor_Hang,69,18,13
kor_Hang,69,19,13
kor_Hang,69,20,19
kor_Hang,69,21,13
kor_Hang,69,22,13
kor_Hang,69,23,13
kor_Hang,69,24,47
kor_Hang,69,25,13
kor_Hang,69,26,13
kor_Hang,69,27,13
kor_Hang,69,28,13
kor_Hang,69,29,13
kor_Hang,69,30,13
kor_Hang,69,31,13
kor_Hang,69,32,19
kor_Hang,69,33,13
eng_Latn,70,0,60
eng_Latn,70,1,52
eng_Latn,70,2,53
eng_Latn,70,3,38
eng_Latn,70,4,52
eng_Latn,70,5,34
eng_Latn,70,6,61
eng_Latn,70,7,16
eng_Latn,70,8,35
eng_Latn,70,9,19
eng_Latn,70,10,15
kor_Hang,71,0,60
kor_Hang,71,1,13
kor_Hang,71,2,13
kor_Hang,71,3,13
kor_Hang,71,4,19
kor_Hang,71,5,39
kor_Hang,71,6,13
kor_Hang,71,7,13
kor_Hang,71,8,13
kor_Hang,71,9,13
kor_Hang,71,10,13
kor_Hang,71,11,39
kor_Hang,71,12,39
kor_Hang,71,13,13
kor_Hang,71,14,19
kor_Hang,71,15,13
kor_Hang,71,16,13
kor_Hang,71,17,13
kor_Hang,71,18,39
kor_Hang,71,19,13
kor_Hang,71,20,13
kor_Hang,71,21,47
kor_Hang,71,22,13
kor_Hang,71,23,12
kor_Hang,71,24,13
kor_Hang,71,25,47
kor_Hang,71,26,13
kor_Hang,71,27,13
kor_Hang,71,28,19
kor_Hang,71,29,13
kor_Hang,71,30,13
kor_Hang,71,31,13
kor_Hang,71,32,13
kor_Hang,71,33,13
kor_Hang,71,34,13
kor_Hang,71,35,13
kor_Hang,71,36,19
kor_Hang,71,37,13
kor_Hang,71,38,13
kor_Hang,71,39,13
kor_Hang,71,40,13
kor_Hang,71,41,47
kor_Hang,71,42,13
kor_Hang,71,43,19
kor_Hang,71,44,13
kor_Hang,71,45,47
kor_Hang,71,46,19
kor_Hang,71,47,13
kor_Hang,71,48,13
kor_Hang,71,49,13
kor_Hang,71,50,13
kor_Hang,71,51,13
kor_Hang,71,52,19
kor_Hang,71,53,13
kor_Hang,71,54,19
kor_Hang,71,55,13
kor_Hang,71,56,13
kor_Hang,71,57,13
kor_Hang,71,58,13
kor_Hang,71,59,13
kor_Hang,71,60,47
kor_Hang,71,61,13
kor_Hang,71,62,13
kor_Hang,71,63,13
kor_Hang,71,64,13
kor_Hang,71,65,13
kor_Hang,71,66,13
kor_Hang,71,67,13
kor_Hang,71,68,34
kor_Hang,71,69,13
kor_Hang,71,70,13
kor_Hang,71,71,34
kor_Hang,71,72,34
eng_Latn,72,0,60
eng_Latn,72,1,53
eng_Latn,72,2,49
eng_Latn,73,0,60
eng_Latn,73,1,39
eng_Latn,73,2,24
eng_Latn,73,3,19
eng_Latn,73,4,19
eng_Latn,73,5,48
eng_Latn,73,6,56
eng_Latn,73,7,59
eng_Latn,73,8,40
eng_Latn,73,9,15
eng_Latn,74,0,60
eng_Latn,74,1,40
eng_Latn,74,2,63
kor_Hang,75,0,60
kor_Hang,75,1,61
kor_Hang,75,2,13
kor_Hang,75,3,13
kor_Hang,75,4,13
kor_Hang,75,5,34
kor_Hang,75,6,13
kor_Hang,75,7,19
kor_Hang,75,8,13
kor_Hang,75,9,34
kor_Hang,75,10,13
kor_Hang,75,11,13
kor_Hang,75,12,52
kor_Hang,75,13,52
kor_Hang,75,14,13
kor_Hang,75,15,13
kor_Hang,75,16,13
kor_Hang,75,17,13
kor_Hang,75,18,13
kor_Hang,75,19,19
kor_Hang,75,20,58
kor_Hang,75,21,13
kor_Hang,75,22,13
kor_Hang,75,23,13
kor_Hang,75,24,13
kor_Hang,75,25,13
kor_Hang,75,26,13
kor_Hang,75,27,19
kor_Hang,75,28,34
kor_Hang,75,29,13
kor_Hang,75,30,34
kor_Hang,75,31,13
kor_Hang,75,32,13
kor_Hang,75,33,34
kor_Hang,75,34,19
kor_Hang,75,35,34
kor_Hang,75,36,34
eng_Latn,76,0,60
eng_Latn,76,1,23
eng_Latn,76,2,56
eng_Latn,76,3,57
eng_Latn,76,4,54
eng_Latn,76,5,35
eng_Latn,76,6,38
eng_Latn,76,7,57
kor_Hang,77,0,60
kor_Hang,77,1,13
kor_Hang,77,2,13
kor_Hang,77,3,13
kor_Hang,77,4,13
kor_Hang,77,5,13
kor_Hang,77,6,13
kor_Hang,77,7,19
kor_Hang,77,8,13
kor_Hang,77,9,13
kor_Hang,77,10,13
kor_Hang,77,11,13
kor_Hang,77,12,47
kor_Hang,77,13,13
kor_Hang,77,14,13
kor_Hang,77,15,13
kor_Hang,77,16,13
kor_Hang,77,17,13
kor_Hang,77,18,13
kor_Hang,77,19,13
kor_Hang,77,20,13
kor_Hang,77,21,13
kor_Hang,77,22,13
kor_Hang,77,23,13
kor_Hang,77,24,19
kor_Hang,77,25,13
kor_Hang,77,26,13
kor_Hang,77,27,13
kor_Hang,77,28,13
kor_Hang,77,29,13
kor_Hang,77,30,13
kor_Hang,77,31,13
kor_Hang,77,32,13
kor_Hang,77,33,47
kor_Hang,77,34,13
kor_Hang,77,35,19
kor_Hang,77,36,47
kor_Hang,77,37,13
kor_Hang,77,38,13
kor_Hang,77,39,13
kor_Hang,77,40,13
kor_Hang,77,41,13
kor_Hang,77,42,13
kor_Hang,77,43,13
kor_Hang,77,44,13
kor_Hang,77,45,13
kor_Hang,77,46,61
kor_Hang,77,47,13
kor_Hang,77,48,13
kor_Hang,77,49,13
kor_Hang,77,50,61
kor_Hang,77,51,47
kor_Hang,77,52,13
kor_Hang,77,53,13
kor_Hang,77,54,13
kor_Hang,77,55,13
kor_Hang,77,56,13
kor_Hang,77,57,13
kor_Hang,77,58,19
kor_Hang,77,59,13
kor_Hang,77,60,13
kor_Hang,77,61,34
kor_Hang,77,62,13
kor_Hang,77,63,13
kor_Hang,77,64,13
kor_Hang,77,65,19
kor_Hang,77,66,13
kor_Hang,77,67,34
eng_Latn,78,0,60
eng_Latn,78,1,49
eng_Latn,78,2,45
eng_Latn,78,3,18
eng_Latn,78,4,9
eng_Latn,78,5,9
eng_Latn,78,6,18
eng_Latn,78,7,53
eng_Latn,78,8,8
eng_Latn,78,9,47
eng_Latn,78,10,21
eng_Latn,78,11,21
kor_Hang,79,0,60
kor_Hang,79,1,13
kor_Hang,79,2,19
kor_Hang,79,3,13
kor_Hang,79,4,13
kor_Hang,79,5,13
kor_Hang,79,6,13
kor_Hang,79,7,13
kor_Hang,79,8,13
kor_Hang,79,9,47
kor_Hang,79,10,47
kor_Hang,79,11,13
kor_Hang,79,12,19
kor_Hang,79,13,13
kor_Hang,79,14,13
kor_Hang,79,15,13
kor_Hang,79,16,13
kor_Hang,79,17,13
kor_Hang,79,18,13
kor_Hang,79,19,13
kor_Hang,79,20,13
kor_Hang,79,21,52
kor_Hang,79,22,13
kor_Hang,79,23,13
kor_Hang,79,24,13
kor_Hang,79,25,13
kor_Hang,79,26,13
kor_Hang,79,27,13
kor_Hang,79,28,13
kor_Hang,79,29,19
kor_Hang,79,30,13
kor_Hang,79,31,13
kor_Hang,79,32,13
kor_Hang,79,33,19
kor_Hang,79,34,13
kor_Hang,79,35,34
kor_Hang,80,0,60
kor_Hang,80,1,19
kor_Hang,80,2,13
kor_Hang,80,3,13
kor_Hang,80,4,19
kor_Hang,80,5,13
kor_Hang,80,6,52
kor_Hang,80,7,52
kor_Hang,80,8,52
kor_Hang,80,9,13
kor_Hang,80,10,13
kor_Hang,80,11,13
kor_Hang,80,12,19
kor_Hang,80,13,51
kor_Hang,80,14,51
kor_Hang,81,0,60
kor_Hang,81,1,52
kor_Hang,81,2,13
kor_Hang,81,3,19
kor_Hang,81,4,13
kor_Hang,81,5,13
kor_Hang,81,6,19
kor_Hang,81,7,13
kor_Hang,81,8,13
kor_Hang,81,9,47
kor_Hang,81,10,13
kor_Hang,81,11,39
kor_Hang,81,12,13
kor_Hang,81,13,19
kor_Hang,81,14,13
kor_Hang,81,15,13
kor_Hang,81,16,47
kor_Hang,81,17,47
kor_Hang,81,18,39
kor_Hang,81,19,13
kor_Hang,81,20,13
kor_Hang,81,21,13
kor_Hang,81,22,13
kor_Hang,81,23,39
kor_Hang,81,24,13
kor_Hang,81,25,19
kor_Hang,81,26,13
kor_Hang,81,27,19
kor_Hang,81,28,13
kor_Hang,81,29,13
kor_Hang,81,30,13
kor_Hang,81,31,13
kor_Hang,81,32,13
kor_Hang,81,33,19
kor_Hang,81,34,13
kor_Hang,81,35,13
kor_Hang,81,36,39
kor_Hang,81,37,13
kor_Hang,81,38,19
kor_Hang,81,39,13
kor_Hang,81,40,19
kor_Hang,81,41,19
kor_Hang,81,42,13
kor_Hang,81,43,19
kor_Hang,81,44,13
kor_Hang,81,45,13
kor_Hang,81,46,13
kor_Hang,81,47,13
kor_Hang,81,48,13
kor_Hang,81,49,52
kor_Hang,81,50,13
kor_Hang,81,51,52
kor_Hang,81,52,13
kor_Hang,81,53,13
kor_Hang,81,54,13
kor_Hang,81,55,13
kor_Hang,81,56,13
kor_Hang,81,57,13
kor_Hang,81,58,13
kor_Hang,81,59,13
kor_Hang,81,60,13
kor_Hang,81,61,19
kor_Hang,81,62,13
kor_Hang,81,63,13
kor_Hang,81,64,13
kor_Hang,81,65,13
kor_Hang,81,66,13
kor_Hang,81,67,13
kor_Hang,81,68,13
kor_Hang,81,69,13
kor_Hang,81,70,19
kor_Hang,81,71,13
kor_Hang,81,72,13
kor_Hang,81,73,13
kor_Hang,81,74,13
kor_Hang,81,75,34
kor_Hang,82,0,60
kor_Hang,82,1,13
kor_Hang,82,2,19
kor_Hang,82,3,13
kor_Hang,82,4,13
kor_Hang,82,5,13
kor_Hang,82,6,13
kor_Hang,82,7,13
kor_Hang,82,8,13
kor_Hang,82,9,13
kor_Hang,82,10,13
kor_Hang,82,11,13
kor_Hang,82,12,13
kor_Hang,82,13,13
kor_Hang,82,14,13
kor_Hang,82,15,13
kor_Hang,82,16,13
kor_Hang,82,17,13
kor_Hang,82,18,47
kor_Hang,82,19,13
kor_Hang,82,20,13
kor_Hang,82,21,13
kor_Hang,82,22,13
kor_Hang,82,23,13
kor_Hang,82,24,13
kor_Hang,82,25,13
kor_Hang,82,26,13
kor_Hang,82,27,19
kor_Hang,82,28,13
kor_Hang,82,29,13
kor_Hang,82,30,19
kor_Hang,82,31,13
kor_Hang,82,32,13
kor_Hang,82,33,13
kor_Hang,82,34,13
kor_Hang,82,35,13
kor_Hang,82,36,13
kor_Hang,82,37,13
kor_Hang,82,38,13
kor_Hang,82,39,13
kor_Hang,82,40,34
kor_Hang,82,41,13
kor_Hang,82,42,13
kor_Hang,82,43,19
kor_Hang,82,44,13
kor_Hang,82,45,13
kor_Hang,82,46,13
kor_Hang,82,47,34
kor_Hang,82,48,13
kor_Hang,82,49,13
kor_Hang,82,50,13
kor_Hang,82,51,13
kor_Hang,82,52,13
kor_Hang,82,53,13
kor_Hang,82,54,13
kor_Hang,82,55,13
kor_Hang,82,56,19
kor_Hang,82,57,13
kor_Hang,82,58,34
kor_Hang,83,0,60
kor_Hang,83,1,13
kor_Hang,83,2,13
kor_Hang,83,3,13
kor_Hang,83,4,13
kor_Hang,83,5,13
kor_Hang,83,6,13
kor_Hang,83,7,13
kor_Hang,83,8,13
kor_Hang,83,9,13
kor_Hang,83,10,13
kor_Hang,83,11,13
kor_Hang,83,12,13
kor_Hang,83,13,13
kor_Hang,83,14,47
kor_Hang,83,15,13
kor_Hang,83,16,13
kor_Hang,83,17,19
kor_Hang,83,18,13
kor_Hang,83,19,13
kor_Hang,83,20,13
kor_Hang,83,21,13
kor_Hang,83,22,13
kor_Hang,83,23,13
kor_Hang,83,24,13
kor_Hang,83,25,13
kor_Hang,83,26,19
kor_Hang,83,27,61
kor_Hang,83,28,19
kor_Hang,83,29,13
kor_Hang,83,30,13
kor_Hang,83,31,13
kor_Hang,83,32,13
kor_Hang,83,33,47
kor_Hang,83,34,47
kor_Hang,83,35,13
kor_Hang,83,36,13
kor_Hang,83,37,13
kor_Hang,83,38,13
kor_Hang,83,39,47
kor_Hang,83,40,13
kor_Hang,83,41,19
kor_Hang,83,42,13
kor_Hang,83,43,13
kor_Hang,83,44,13
kor_Hang,83,45,13
kor_Hang,83,46,13
kor_Hang,83,47,34
kor_Hang,83,48,13
kor_Hang,83,49,13
kor_Hang,83,50,13
kor_Hang,83,51,13
kor_Hang,83,52,13
kor_Hang,83,53,13
kor_Hang,83,54,13
kor_Hang,83,55,61
kor_Hang,83,56,13
kor_Hang,83,57,13
kor_Hang,83,58,13
kor_Hang,83,59,13
kor_Hang,83,60,47
kor_Hang,83,61,13
kor_Hang,83,62,13
kor_Hang,83,63,13
kor_Hang,83,64,13
kor_Hang,83,65,13
kor_Hang,83,66,13
kor_Hang,83,67,34
kor_Hang,83,68,13
kor_Hang,83,69,13
kor_Hang,83,70,34
eng_Latn,84,0,60
eng_Latn,84,1,29
eng_Latn,84,2,34
kor_Hang,85,0,60
kor_Hang,85,1,13
kor_Hang,85,2,13
kor_Hang,85,3,13
kor_Hang,85,4,13
kor_Hang,85,5,13
kor_Hang,85,6,47
kor_Hang,85,7,39
kor_Hang,85,8,13
kor_Hang,85,9,47
kor_Hang,85,10,39
kor_Hang,85,11,19
kor_Hang,85,12,39
kor_Hang,85,13,13
kor_Hang,85,14,13
kor_Hang,85,15,13
kor_Hang,85,16,12
kor_Hang,85,17,61
kor_Hang,85,18,27
kor_Hang,85,19,39
kor_Hang,85,20,19
kor_Hang,85,21,7
kor_Hang,86,0,60
kor_Hang,86,1,13
kor_Hang,86,2,13
kor_Hang,86,3,13
kor_Hang,86,4,47
kor_Hang,86,5,13
kor_Hang,86,6,19
kor_Hang,86,7,13
kor_Hang,86,8,13
kor_Hang,86,9,13
kor_Hang,86,10,13
kor_Hang,86,11,19
kor_Hang,86,12,13
kor_Hang,86,13,13
kor_Hang,86,14,13
kor_Hang,86,15,13
kor_Hang,86,16,13
kor_Hang,86,17,13
kor_Hang,86,18,13
kor_Hang,86,19,19
kor_Hang,86,20,13
kor_Hang,86,21,13
kor_Hang,86,22,13
kor_Hang,86,23,19
kor_Hang,86,24,13
kor_Hang,86,25,34
kor_Hang,87,0,60
kor_Hang,87,1,13
kor_Hang,87,2,13
kor_Hang,87,3,13
kor_Hang,87,4,13
kor_Hang,87,5,13
kor_Hang,87,6,13
kor_Hang,87,7,13
kor_Hang,87,8,13
kor_Hang,87,9,13
kor_Hang,87,10,19
kor_Hang,87,11,13
kor_Hang,87,12,13
kor_Hang,87,13,13
kor_Hang,87,14,13
kor_Hang,87,15,13
kor_Hang,87,16,13
kor_Hang,87,17,47
kor_Hang,87,18,13
kor_Hang,87,19,12
kor_Hang,87,20,13
kor_Hang,87,21,13
kor_Hang,87,22,13
kor_Hang,87,23,13
kor_Hang,87,24,61
kor_Hang,87,25,13
kor_Hang,87,26,13
kor_Hang,87,27,13
kor_Hang,87,28,13
kor_Hang,87,29,13
kor_Hang,87,30,13
kor_Hang,87,31,13
kor_Hang,87,32,13
kor_Hang,87,33,13
kor_Hang,87,34,13
kor_Hang,87,35,13
kor_Hang,87,36,13
kor_Hang,87,37,13
kor_Hang,87,38,13
kor_Hang,87,39,13
kor_Hang,87,40,13
kor_Hang,87,41,13
kor_Hang,87,42,13
kor_Hang,87,43,13
kor_Hang,87,44,13
kor_Hang,87,45,13
kor_Hang,87,46,47
kor_Hang,87,47,13
kor_Hang,87,48,13
kor_Hang,87,49,13
kor_Hang,87,50,13
kor_Hang,87,51,13
kor_Hang,87,52,13
kor_Hang,87,53,11
kor_Hang,87,54,13
kor_Hang,87,55,13
kor_Hang,87,56,13
kor_Hang,87,57,13
kor_Hang,87,58,19
kor_Hang,87,59,13
kor_Hang,87,60,13
kor_Hang,87,61,13
kor_Hang,87,62,13
kor_Hang,87,63,19
kor_Hang,87,64,34
kor_Hang,87,65,13
kor_Hang,87,66,13
kor_Hang,87,67,13
kor_Hang,87,68,19
kor_Hang,87,69,34
kor_Hang,87,70,34
kor_Hang,88,0,60
kor_Hang,88,1,13
kor_Hang,88,2,13
kor_Hang,88,3,19
kor_Hang,88,4,13
kor_Hang,88,5,13
kor_Hang,88,6,13
kor_Hang,88,7,13
kor_Hang,88,8,13
kor_Hang,88,9,13
kor_Hang,88,10,13
kor_Hang,88,11,13
kor_Hang,88,12,13
kor_Hang,88,13,13
kor_Hang,88,14,13
kor_Hang,88,15,13
kor_Hang,88,16,13
kor_Hang,88,17,13
kor_Hang,88,18,13
kor_Hang,88,19,13
kor_Hang,88,20,13
kor_Hang,88,21,13
kor_Hang,88,22,13
kor_Hang,88,23,13
kor_Hang,88,24,13
kor_Hang,88,25,47
kor_Hang,88,26,19
kor_Hang,88,27,13
kor_Hang,88,28,13
kor_Hang,88,29,13
kor_Hang,88,30,13
kor_Hang,88,31,13
kor_Hang,88,32,13
kor_Hang,88,33,13
kor_Hang,88,34,13
kor_Hang,88,35,47
kor_Hang,88,36,13
kor_Hang,88,37,19
kor_Hang,88,38,13
kor_Hang,88,39,13
kor_Hang,88,40,13
kor_Hang,88,41,13
kor_Hang,88,42,13
kor_Hang,88,43,19
kor_Hang,88,44,13
kor_Hang,88,45,13
kor_Hang,88,46,13
kor_Hang,88,47,13
kor_Hang,88,48,24
kor_Hang,88,49,13
kor_Hang,88,50,13
kor_Hang,88,51,13
kor_Hang,88,52,27
kor_Hang,88,53,52
kor_Hang,88,54,52
kor_Hang,88,55,13
kor_Hang,88,56,13
kor_Hang,88,57,13
kor_Hang,88,58,13
kor_Hang,88,59,13
kor_Hang,88,60,13
kor_Hang,88,61,19
kor_Hang,88,62,13
kor_Hang,88,63,13
kor_Hang,88,64,13
kor_Hang,88,65,13
kor_Hang,88,66,13
kor_Hang,88,67,13
kor_Hang,88,68,13
kor_Hang,88,69,13
kor_Hang,88,70,19
kor_Hang,88,71,13
kor_Hang,88,72,13
kor_Hang,88,73,13
kor_Hang,88,74,13
kor_Hang,88,75,13
kor_Hang,88,76,19
kor_Hang,88,77,13
kor_Hang,88,78,13
kor_Hang,88,79,13
kor_Hang,88,80,13
kor_Hang,88,81,19
kor_Hang,88,82,13
kor_Hang,88,83,34
eng_Latn,89,0,60
eng_Latn,89,1,56
eng_Latn,89,2,35
eng_Latn,89,3,57
eng_Latn,89,4,20
eng_Latn,89,5,59
eng_Latn,89,6,57
eng_Latn,89,7,57
eng_Latn,89,8,59
eng_Latn,89,9,47
eng_Latn,89,10,15
kor_Hang,90,0,60
kor_Hang,90,1,52
kor_Hang,90,2,13
kor_Hang,90,3,13
kor_Hang,90,4,47
kor_Hang,90,5,13
kor_Hang,90,6,13
kor_Hang,90,7,13
kor_Hang,90,8,13
kor_Hang,90,9,13
kor_Hang,90,10,13
kor_Hang,90,11,13
kor_Hang,90,12,13
kor_Hang,90,13,13
kor_Hang,90,14,13
kor_Hang,90,15,13
kor_Hang,90,16,13
kor_Hang,90,17,61
kor_Hang,90,18,13
kor_Hang,90,19,13
kor_Hang,90,20,13
kor_Hang,90,21,13
kor_Hang,90,22,19
kor_Hang,90,23,13
kor_Hang,90,24,19
kor_Hang,90,25,13
kor_Hang,90,26,13
kor_Hang,90,27,13
kor_Hang,90,28,34
kor_Hang,90,29,11
kor_Hang,90,30,13
kor_Hang,90,31,13
kor_Hang,90,32,13
kor_Hang,90,33,19
kor_Hang,90,34,13
kor_Hang,90,35,13
kor_Hang,90,36,19
kor_Hang,90,37,13
kor_Hang,90,38,13
kor_Hang,90,39,13
kor_Hang,90,40,34
kor_Hang,90,41,34
kor_Hang,90,42,9
kor_Hang,90,43,9
kor_Hang,90,44,9
kor_Hang,90,45,9
kor_Hang,90,46,9
kor_Hang,90,47,42
kor_Hang,90,48,9
kor_Hang,90,49,9
kor_Hang,90,50,52
kor_Hang,91,0,60
kor_Hang,91,1,13
kor_Hang,91,2,19
kor_Hang,91,3,52
kor_Hang,91,4,13
kor_Hang,91,5,13
kor_Hang,91,6,13
kor_Hang,91,7,13
kor_Hang,91,8,13
kor_Hang,91,9,13
kor_Hang,91,10,13
kor_Hang,91,11,13
kor_Hang,91,12,19
kor_Hang,91,13,13
kor_Hang,91,14,13
kor_Hang,91,15,13
kor_Hang,91,16,13
kor_Hang,91,17,13
kor_Hang,91,18,47
kor_Hang,91,19,19
kor_Hang,91,20,13
kor_Hang,91,21,47
kor_Hang,91,22,19
kor_Hang,91,23,13
kor_Hang,91,24,39
kor_Hang,91,25,13
kor_Hang,91,26,13
kor_Hang,91,27,13
kor_Hang,91,28,13
kor_Hang,91,29,13
kor_Hang,91,30,13
kor_Hang,91,31,13
kor_Hang,91,32,19
kor_Hang,91,33,13
kor_Hang,91,34,13
kor_Hang,91,35,13
kor_Hang,91,36,19
kor_Hang,91,37,13
kor_Hang,91,38,13
kor_Hang,91,39,13
kor_Hang,91,40,19
kor_Hang,91,41,13
kor_Hang,91,42,34
kor_Hang,92,0,60
kor_Hang,92,1,58
kor_Hang,92,2,13
kor_Hang,92,3,13
kor_Hang,92,4,13
kor_Hang,92,5,13
kor_Hang,92,6,13
kor_Hang,92,7,47
kor_Hang,92,8,13
kor_Hang,92,9,19
kor_Hang,92,10,13
kor_Hang,92,11,43
kor_Hang,92,12,13
kor_Hang,92,13,1
kor_Hang,92,14,13
kor_Hang,92,15,13
kor_Hang,92,16,13
kor_Hang,92,17,13
kor_Hang,92,18,13
kor_Hang,92,19,13
kor_Hang,92,20,13
kor_Hang,92,21,13
kor_Hang,92,22,47
kor_Hang,92,23,13
kor_Hang,92,24,11
kor_Hang,92,25,52
eng_Latn,93,0,60
eng_Latn,93,1,52
eng_Latn,93,2,31
eng_Latn,93,3,52
kor_Hang,94,0,60
kor_Hang,94,1,61
kor_Hang,94,2,7
kor_Hang,94,3,58
kor_Hang,94,4,9
kor_Hang,94,5,9
kor_Hang,94,6,13
kor_Hang,94,7,13
kor_Hang,94,8,13
kor_Hang,94,9,13
kor_Hang,94,10,13
kor_Hang,94,11,13
kor_Hang,94,12,13
kor_Hang,94,13,13
kor_Hang,94,14,13
kor_Hang,94,15,13
kor_Hang,94,16,19
kor_Hang,94,17,13
kor_Hang,94,18,19
kor_Hang,94,19,13
kor_Hang,94,20,13
kor_Hang,94,21,24
kor_Hang,94,22,19
kor_Hang,94,23,13
kor_Hang,94,24,47
kor_Hang,94,25,13
kor_Hang,94,26,13
kor_Hang,94,27,13
kor_Hang,94,28,13
kor_Hang,94,29,13
kor_Hang,94,30,13
kor_Hang,94,31,13
kor_Hang,94,32,47
kor_Hang,94,33,13
kor_Hang,94,34,13
kor_Hang,94,35,13
kor_Hang,94,36,34
kor_Hang,95,0,60
kor_Hang,95,1,19
kor_Hang,95,2,19
kor_Hang,95,3,36
kor_Hang,95,4,11
kor_Hang,95,5,61
kor_Hang,95,6,47
kor_Hang,95,7,36
kor_Hang,95,8,12
kor_Hang,95,9,13
kor_Hang,95,10,47
kor_Hang,95,11,19
kor_Hang,95,12,13
kor_Hang,95,13,47
kor_Hang,95,14,19
kor_Hang,95,15,13
kor_Hang,95,16,13
kor_Hang,95,17,13
kor_Hang,95,18,19
kor_Hang,95,19,13
kor_Hang,95,20,19
kor_Hang,95,21,13
kor_Hang,95,22,13
kor_Hang,95,23,13
kor_Hang,95,24,13
kor_Hang,95,25,34
kor_Hang,95,26,13
kor_Hang,95,27,6
kor_Hang,95,28,13
kor_Hang,95,29,13
kor_Hang,95,30,13
kor_Hang,95,31,13
kor_Hang,95,32,13
kor_Hang,95,33,13
kor_Hang,95,34,13
kor_Hang,95,35,13
kor_Hang,95,36,13
kor_Hang,95,37,13
kor_Hang,95,38,13
kor_Hang,95,39,13
kor_Hang,95,40,13
kor_Hang,95,41,13
kor_Hang,95,42,13
kor_Hang,95,43,13
kor_Hang,95,44,13
kor_Hang,95,45,13
kor_Hang,95,46,13
kor_Hang,95,47,13
kor_Hang,95,48,13
kor_Hang,95,49,19
kor_Hang,95,50,34
kor_Hang,95,51,13
kor_Hang,95,52,13
kor_Hang,95,53,13
kor_Hang,95,54,13
kor_Hang,95,55,13
kor_Hang,95,56,13
kor_Hang,95,57,13
kor_Hang,95,58,13
kor_Hang,95,59,34
kor_Hang,96,0,60
kor_Hang,96,1,13
kor_Hang,96,2,13
kor_Hang,96,3,19
kor_Hang,96,4,19
kor_Hang,96,5,13
kor_Hang,96,6,13
kor_Hang,96,7,13
kor_Hang,96,8,13
kor_Hang,96,9,13
kor_Hang,96,10,19
kor_Hang,96,11,19
kor_Hang,96,12,13
kor_Hang,96,13,13
kor_Hang,96,14,13
kor_Hang,96,15,13
kor_Hang,96,16,13
kor_Hang,96,17,13
kor_Hang,96,18,13
kor_Hang,96,19,13
kor_Hang,96,20,13
kor_Hang,96,21,13
kor_Hang,96,22,9
kor_Hang,96,23,13
kor_Hang,96,24,13
kor_Hang,96,25,19
kor_Hang,96,26,13
kor_Hang,96,27,52
kor_Hang,96,28,13
kor_Hang,96,29,13
kor_Hang,96,30,52
kor_Hang,96,31,52
kor_Hang,97,0,60
kor_Hang,97,1,13
kor_Hang,97,2,13
kor_Hang,97,3,13
kor_Hang,97,4,13
kor_Hang,97,5,13
kor_Hang,97,6,13
kor_Hang,97,7,13
kor_Hang,97,8,13
kor_Hang,97,9,13
kor_Hang,97,10,13
kor_Hang,97,11,47
kor_Hang,97,12,13
kor_Hang,97,13,13
kor_Hang,97,14,13
kor_Hang,97,15,13
kor_Hang,97,16,13
kor_Hang,97,17,13
kor_Hang,97,18,13
kor_Hang,97,19,13
kor_Hang,97,20,13
kor_Hang,97,21,13
kor_Hang,97,22,13
kor_Hang,97,23,19
kor_Hang,97,24,13
kor_Hang,97,25,13
kor_Hang,97,26,13
kor_Hang,97,27,47
kor_Hang,97,28,13
kor_Hang,97,29,13
kor_Hang,98,0,60
kor_Hang,98,1,19
kor_Hang,98,2,47
kor_Hang,98,3,13
kor_Hang,99,0,60
kor_Hang,99,1,13
kor_Hang,99,2,13
kor_Hang,99,3,19
kor_Hang,99,4,13
kor_Hang,99,5,13
kor_Hang,99,6,13
kor_Hang,99,7,13
kor_Hang,99,8,13
kor_Hang,99,9,13
kor_Hang,99,10,13
kor_Hang,99,11,13
kor_Hang,99,12,13
kor_Hang,99,13,13
kor_Hang,99,14,13
kor_Hang,99,15,13
kor_Hang,99,16,13
kor_Hang,99,17,13
kor_Hang,99,18,13
kor_Hang,99,19,19
kor_Hang,99,20,13
kor_Hang,99,21,13
kor_Hang,99,22,13
kor_Hang,99,23,13
kor_Hang,99,24,13
kor_Hang,99,25,13
kor_Hang,99,26,13
kor_Hang,99,27,13
kor_Hang,99,28,13
kor_Hang,99,29,13
kor_Hang,99,30,13
kor_Hang,99,31,13
kor_Hang,99,32,13
kor_Hang,99,33,13
kor_Hang,99,34,13
kor_Hang,99,35,13
kor_Hang,99,36,13
kor_Hang,99,37,13
kor_Hang,99,38,34
kor_Hang,100,0,60
kor_Hang,100,1,13
kor_Hang,100,2,13
kor_Hang,100,3,13
kor_Hang,100,4,13
kor_Hang,100,5,13
kor_Hang,100,6,19
kor_Hang,100,7,13
kor_Hang,100,8,13
kor_Hang,100,9,13
kor_Hang,100,10,19
kor_Hang,100,11,13
kor_Hang,100,12,13
kor_Hang,100,13,13
kor_Hang,100,14,13
kor_Hang,100,15,13
kor_Hang,100,16,34
kor_Hang,100,17,34
kor_Hang,101,0,60
kor_Hang,101,1,13
kor_Hang,101,2,13
kor_Hang,101,3,13
kor_Hang,101,4,13
kor_Hang,101,5,13
kor_Hang,101,6,13
kor_Hang,101,7,13
kor_Hang,101,8,13
kor_Hang,101,9,13
kor_Hang,101,10,13
kor_Hang,101,11,13
kor_Hang,101,12,13
kor_Hang,101,13,13
kor_Hang,101,14,13
kor_Hang,101,15,13
kor_Hang,101,16,13
kor_Hang,101,17,13
kor_Hang,101,18,13
kor_Hang,101,19,13
kor_Hang,101,20,13
kor_Hang,101,21,13
kor_Hang,101,22,19
kor_Hang,101,23,13
kor_Hang,101,24,13
kor_Hang,101,25,19
kor_Hang,101,26,13
kor_Hang,101,27,13
kor_Hang,101,28,13
kor_Hang,101,29,13
kor_Hang,101,30,1
kor_Hang,101,31,13
kor_Hang,101,32,13
kor_Hang,101,33,47
kor_Hang,101,34,13
kor_Hang,101,35,13
kor_Hang,101,36,13
kor_Hang,101,37,13
kor_Hang,101,38,13
kor_Hang,101,39,13
kor_Hang,101,40,13
kor_Hang,101,41,13
kor_Hang,101,42,13
kor_Hang,101,43,13
kor_Hang,101,44,13
kor_Hang,101,45,13
kor_Hang,101,46,13
kor_Hang,101,47,13
kor_Hang,101,48,13
kor_Hang,101,49,13
kor_Hang,101,50,13
kor_Hang,101,51,13
kor_Hang,101,52,13
kor_Hang,101,53,47
kor_Hang,101,54,13
kor_Hang,101,55,13
kor_Hang,101,56,13
kor_Hang,101,57,13
kor_Hang,101,58,13
kor_Hang,101,59,13
kor_Hang,101,60,13
kor_Hang,101,61,13
kor_Hang,101,62,13
kor_Hang,101,63,13
kor_Hang,101,64,13
kor_Hang,101,65,13
kor_Hang,101,66,13
kor_Hang,101,67,13
kor_Hang,101,68,13
kor_Hang,101,69,13
kor_Hang,101,70,13
kor_Hang,101,71,13
kor_Hang,101,72,13
kor_Hang,101,73,19
kor_Hang,101,74,13
kor_Hang,101,75,13
kor_Hang,101,76,13
kor_Hang,101,77,13
kor_Hang,101,78,13
kor_Hang,101,79,34
kor_Hang,102,0,60
kor_Hang,102,1,13
kor_Hang,102,2,13
kor_Hang,102,3,13
kor_Hang,102,4,13
kor_Hang,102,5,13
kor_Hang,102,6,13
kor_Hang,102,7,13
kor_Hang,102,8,13
kor_Hang,102,9,19
kor_Hang,102,10,13
kor_Hang,102,11,13
kor_Hang,102,12,13
kor_Hang,102,13,13
kor_Hang,102,14,13
kor_Hang,102,15,13
kor_Hang,102,16,13
kor_Hang,102,17,19
kor_Hang,102,18,13
kor_Hang,102,19,13
kor_Hang,102,20,13
kor_Hang,102,21,13
kor_Hang,102,22,19
kor_Hang,102,23,13
kor_Hang,102,24,13
kor_Hang,102,25,13
kor_Hang,102,26,13
kor_Hang,102,27,13
kor_Hang,102,28,13
kor_Hang,102,29,13
kor_Hang,102,30,47
kor_Hang,102,31,13
kor_Hang,102,32,13
kor_Hang,102,33,13
kor_Hang,102,34,19
kor_Hang,102,35,13
kor_Hang,102,36,13
kor_Hang,102,37,13
kor_Hang,102,38,13
kor_Hang,102,39,13
kor_Hang,102,40,13
kor_Hang,102,41,13
kor_Hang,102,42,13
kor_Hang,102,43,13
kor_Hang,102,44,13
kor_Hang,102,45,13
kor_Hang,102,46,13
kor_Hang,102,47,13
kor_Hang,102,48,47
kor_Hang,102,49,47
kor_Hang,102,50,13
kor_Hang,102,51,13
kor_Hang,102,52,13
kor_Hang,102,53,13
kor_Hang,102,54,34
kor_Hang,103,0,60
kor_Hang,103,1,13
kor_Hang,103,2,13
kor_Hang,103,3,13
kor_Hang,103,4,19
kor_Hang,103,5,13
kor_Hang,103,6,39
kor_Hang,103,7,47
kor_Hang,103,8,19
kor_Hang,103,9,39
kor_Hang,103,10,52
kor_Hang,103,11,52
kor_Hang,103,12,13
kor_Hang,103,13,13
kor_Hang,103,14,13
kor_Hang,103,15,13
kor_Hang,103,16,13
kor_Hang,103,17,13
kor_Hang,103,18,13
kor_Hang,103,19,13
kor_Hang,103,20,19
kor_Hang,103,21,13
kor_Hang,103,22,13
kor_Hang,103,23,47
kor_Hang,103,24,19
kor_Hang,103,25,13
kor_Hang,103,26,52
kor_Hang,103,27,52
kor_Hang,103,28,52
kor_Hang,103,29,13
eng_Latn,104,0,60
eng_Latn,104,1,52
eng_Latn,104,2,48
eng_Latn,104,3,56
eng_Latn,104,4,14
eng_Latn,104,5,55
eng_Latn,104,6,19
eng_Latn,104,7,19
eng_Latn,104,8,63
kor_Hang,105,0,60
kor_Hang,105,1,13
kor_Hang,105,2,13
kor_Hang,105,3,13
kor_Hang,105,4,13
kor_Hang,105,5,13
kor_Hang,105,6,24
kor_Hang,105,7,13
kor_Hang,105,8,13
kor_Hang,105,9,13
kor_Hang,105,10,13
kor_Hang,105,11,13
kor_Hang,105,12,13
kor_Hang,105,13,19
kor_Hang,105,14,13
kor_Hang,105,15,13
kor_Hang,105,16,13
kor_Hang,105,17,13
kor_Hang,105,18,13
kor_Hang,105,19,13
kor_Hang,105,20,13
kor_Hang,105,21,13
kor_Hang,105,22,13
kor_Hang,105,23,13
kor_Hang,105,24,13
kor_Hang,105,25,13
kor_Hang,105,26,61
kor_Hang,105,27,13
kor_Hang,105,28,13
kor_Hang,105,29,47
kor_Hang,105,30,13
kor_Hang,105,31,13
kor_Hang,105,32,13
kor_Hang,105,33,13
kor_Hang,105,34,19
kor_Hang,105,35,13
kor_Hang,105,36,13
kor_Hang,105,37,13
kor_Hang,105,38,13
kor_Hang,105,39,19
kor_Hang,105,40,13
kor_Hang,105,41,19
kor_Hang,105,42,13
kor_Hang,105,43,13
kor_Hang,105,44,13
kor_Hang,105,45,13
kor_Hang,105,46,13
kor_Hang,105,47,13
kor_Hang,105,48,13
kor_Hang,105,49,13
kor_Hang,105,50,13
kor_Hang,105,51,47
kor_Hang,105,52,19
kor_Hang,105,53,13
kor_Hang,105,54,13
kor_Hang,105,55,13
kor_Hang,105,56,13
kor_Hang,105,57,13
kor_Hang,105,58,13
kor_Hang,105,59,13
kor_Hang,105,60,13
kor_Hang,105,61,13
kor_Hang,105,62,13
kor_Hang,105,63,13
kor_Hang,105,64,13
kor_Hang,105,65,13
kor_Hang,105,66,13
kor_Hang,105,67,13
kor_Hang,105,68,13
kor_Hang,105,69,19
kor_Hang,105,70,13
kor_Hang,105,71,13
kor_Hang,105,72,13
kor_Hang,105,73,47
kor_Hang,105,74,13
kor_Hang,105,75,13
kor_Hang,105,76,34
kor_Hang,106,0,60
kor_Hang,106,1,19
kor_Hang,106,2,13
kor_Hang,106,3,13
kor_Hang,106,4,13
kor_Hang,106,5,13
kor_Hang,106,6,13
kor_Hang,106,7,13
kor_Hang,106,8,13
kor_Hang,106,9,13
kor_Hang,106,10,13
kor_Hang,106,11,13
kor_Hang,106,12,13
kor_Hang,106,13,13
kor_Hang,106,14,13
kor_Hang,106,15,13
kor_Hang,106,16,13
kor_Hang,106,17,47
kor_Hang,106,18,47
kor_Hang,106,19,13
kor_Hang,106,20,13
kor_Hang,106,21,13
kor_Hang,106,22,13
kor_Hang,106,23,13
kor_Hang,106,24,19
kor_Hang,106,25,13
kor_Hang,106,26,34
kor_Hang,107,0,60
kor_Hang,107,1,13
kor_Hang,107,2,47
kor_Hang,107,3,13
kor_Hang,107,4,13
kor_Hang,107,5,13
kor_Hang,107,6,13
kor_Hang,107,7,13
kor_Hang,107,8,13
kor_Hang,107,9,13
kor_Hang,107,10,13
kor_Hang,107,11,19
kor_Hang,107,12,13
kor_Hang,107,13,13
kor_Hang,107,14,13
kor_Hang,107,15,13
kor_Hang,107,16,13
kor_Hang,107,17,13
kor_Hang,107,18,13
kor_Hang,107,19,13
kor_Hang,107,20,39
kor_Hang,107,21,13
kor_Hang,107,22,13
kor_Hang,107,23,13
kor_Hang,107,24,13
kor_Hang,107,25,13
kor_Hang,107,26,13
kor_Hang,107,27,13
kor_Hang,107,28,19
kor_Hang,107,29,13
kor_Hang,107,30,47
kor_Hang,107,31,39
kor_Hang,107,32,13
kor_Hang,107,33,13
kor_Hang,107,34,13
kor_Hang,107,35,13
kor_Hang,107,36,13
kor_Hang,107,37,13
kor_Hang,107,38,13
kor_Hang,107,39,13
kor_Hang,107,40,34
kor_Hang,107,41,9
kor_Hang,107,42,19
kor_Hang,107,43,13
kor_Hang,107,44,13
kor_Hang,107,45,19
kor_Hang,107,46,19
kor_Hang,107,47,13
kor_Hang,107,48,19
kor_Hang,107,49,13
kor_Hang,107,50,13
kor_Hang,107,51,13
kor_Hang,107,52,13
kor_Hang,107,53,13
kor_Hang,107,54,13
kor_Hang,107,55,13
kor_Hang,107,56,13
kor_Hang,107,57,13
kor_Hang,107,58,47
kor_Hang,107,59,13
kor_Hang,107,60,13
kor_Hang,107,61,13
kor_Hang,107,62,13
kor_Hang,107,63,13
kor_Hang,107,64,13
kor_Hang,107,65,13
kor_Hang,107,66,13
kor_Hang,107,67,13
kor_Hang,107,68,13
kor_Hang,107,69,13
kor_Hang,107,70,13
kor_Hang,107,71,13
kor_Hang,107,72,13
kor_Hang,107,73,13
kor_Hang,107,74,13
kor_Hang,107,75,47
kor_Hang,107,76,47
kor_Hang,107,77,13
kor_Hang,107,78,13
kor_Hang,107,79,13
kor_Hang,108,0,60
kor_Hang,108,1,13
kor_Hang,108,2,13
kor_Hang,108,3,13
kor_Hang,108,4,13
kor_Hang,108,5,13
kor_Hang,108,6,13
kor_Hang,108,7,19
kor_Hang,108,8,13
kor_Hang,108,9,9
kor_Hang,108,10,13
kor_Hang,108,11,13
kor_Hang,108,12,13
kor_Hang,108,13,13
kor_Hang,108,14,13
kor_Hang,108,15,13
kor_Hang,108,16,13
kor_Hang,108,17,47
kor_Hang,108,18,13
kor_Hang,108,19,13
kor_Hang,108,20,13
kor_Hang,108,21,13
kor_Hang,108,22,13
kor_Hang,108,23,13
kor_Hang,108,24,19
kor_Hang,108,25,13
kor_Hang,108,26,9
kor_Hang,108,27,42
kor_Hang,108,28,52
kor_Hang,109,0,60
kor_Hang,109,1,13
kor_Hang,109,2,13
kor_Hang,109,3,19
kor_Hang,109,4,39
kor_Hang,109,5,47
kor_Hang,109,6,19
kor_Hang,109,7,13
kor_Hang,109,8,13
kor_Hang,109,9,19
kor_Hang,109,10,13
kor_Hang,109,11,52
kor_Hang,109,12,52
kor_Hang,109,13,19
kor_Hang,109,14,13
kor_Hang,109,15,24
kor_Hang,109,16,52
kor_Hang,109,17,13
kor_Hang,109,18,52
kor_Hang,109,19,13
kor_Hang,109,20,13
kor_Hang,109,21,13
kor_Hang,109,22,19
kor_Hang,109,23,13
kor_Hang,109,24,13
kor_Hang,109,25,19
kor_Hang,109,26,34
kor_Hang,109,27,13
kor_Hang,109,28,34
kor_Hang,109,29,13
kor_Hang,109,30,13
kor_Hang,109,31,34
kor_Hang,109,32,19
kor_Hang,109,33,13
kor_Hang,109,34,34
kor_Hang,110,0,60
kor_Hang,110,1,13
kor_Hang,110,2,13
kor_Hang,110,3,13
kor_Hang,110,4,13
kor_Hang,110,5,13
kor_Hang,110,6,13
kor_Hang,110,7,13
kor_Hang,110,8,13
kor_Hang,110,9,13
kor_Hang,110,10,19
kor_Hang,110,11,13
kor_Hang,110,12,13
kor_Hang,110,13,13
kor_Hang,110,14,13
kor_Hang,110,15,13
kor_Hang,110,16,13
kor_Hang,110,17,13
kor_Hang,110,18,13
kor_Hang,110,19,13
kor_Hang,110,20,47
kor_Hang,110,21,13
kor_Hang,110,22,12
kor_Hang,110,23,47
kor_Hang,110,24,13
kor_Hang,110,25,13
kor_Hang,110,26,1
kor_Hang,110,27,13
kor_Hang,110,28,47
kor_Hang,110,29,39
kor_Hang,110,30,13
kor_Hang,110,31,47
kor_Hang,110,32,39
kor_Hang,110,33,13
kor_Hang,110,34,19
kor_Hang,110,35,13
kor_Hang,110,36,13
kor_Hang,110,37,19
kor_Hang,110,38,13
kor_Hang,110,39,47
kor_Hang,110,40,47
kor_Hang,110,41,39
kor_Hang,110,42,47
kor_Hang,110,43,19
kor_Hang,110,44,13
kor_Hang,110,45,12
kor_Hang,110,46,13
kor_Hang,110,47,13
kor_Hang,110,48,13
kor_Hang,110,49,13
kor_Hang,110,50,13
kor_Hang,110,51,13
kor_Hang,110,52,13
kor_Hang,110,53,13
kor_Hang,110,54,13
kor_Hang,110,55,13
kor_Hang,110,56,19
kor_Hang,110,57,13
kor_Hang,110,58,13
kor_Hang,110,59,13
kor_Hang,110,60,13
kor_Hang,110,61,13
kor_Hang,110,62,13
kor_Hang,110,63,13
kor_Hang,110,64,13
kor_Hang,110,65,13
kor_Hang,110,66,47
kor_Hang,110,67,13
kor_Hang,110,68,12
kor_Hang,110,69,13
kor_Hang,110,70,13
kor_Hang,110,71,13
kor_Hang,110,72,13
kor_Hang,110,73,13
kor_Hang,110,74,13
kor_Hang,110,75,19
kor_Hang,110,76,13
kor_Hang,110,77,47
kor_Hang,110,78,13
kor_Hang,110,79,13
kor_Hang,110,80,13
kor_Hang,110,81,13
kor_Hang,110,82,13
kor_Hang,110,83,47
kor_Hang,110,84,19
kor_Hang,110,85,13
kor_Hang,110,86,13
kor_Hang,110,87,13
kor_Hang,110,88,13
kor_Hang,110,89,13
kor_Hang,110,90,13
kor_Hang,110,91,13
kor_Hang,110,92,13
kor_Hang,110,93,12
kor_Hang,110,94,52
kor_Hang,111,0,60
kor_Hang,111,1,13
kor_Hang,111,2,13
kor_Hang,111,3,19
kor_Hang,111,4,13
kor_Hang,111,5,13
kor_Hang,111,6,13
kor_Hang,111,7,13
kor_Hang,111,8,13
kor_Hang,111,9,13
kor_Hang,111,10,47
kor_Hang,111,11,13
kor_Hang,111,12,13
kor_Hang,111,13,13
kor_Hang,111,14,13
kor_Hang,111,15,13
kor_Hang,111,16,47
kor_Hang,111,17,13
kor_Hang,111,18,9
kor_Hang,111,19,13
kor_Hang,111,20,47
kor_Hang,111,21,13
kor_Hang,111,22,13
kor_Hang,111,23,27
kor_Hang,111,24,13
kor_Hang,111,25,12
kor_Hang,111,26,13
kor_Hang,111,27,13
kor_Hang,111,28,13
kor_Hang,111,29,19
kor_Hang,111,30,13
kor_Hang,111,31,13
kor_Hang,111,32,13
kor_Hang,111,33,19
kor_Hang,111,34,19
kor_Hang,111,35,19
kor_Hang,111,36,47
kor_Hang,111,37,13
kor_Hang,111,38,13
kor_Hang,111,39,13
kor_Hang,111,40,13
kor_Hang,111,41,13
kor_Hang,111,42,52
kor_Hang,111,43,13
kor_Hang,111,44,13
kor_Hang,111,45,13
kor_Hang,111,46,13
kor_Hang,111,47,13
kor_Hang,111,48,13
kor_Hang,111,49,47
kor_Hang,111,50,34
kor_Hang,111,51,13
kor_Hang,111,52,13
kor_Hang,111,53,13
kor_Hang,111,54,13
kor_Hang,111,55,13
kor_Hang,111,56,34
kor_Hang,111,57,52
kor_Hang,111,58,13
kor_Hang,111,59,34
kor_Hang,111,60,13
kor_Hang,111,61,13
kor_Hang,111,62,13
kor_Hang,111,63,13
kor_Hang,111,64,13
kor_Hang,111,65,13
kor_Hang,111,66,13
kor_Hang,111,67,13
kor_Hang,111,68,19
kor_Hang,111,69,34
kor_Hang,111,70,13
kor_Hang,111,71,13
kor_Hang,111,72,34
kor_Hang,112,0,60
kor_Hang,112,1,13
kor_Hang,112,2,13
kor_Hang,112,3,13
kor_Hang,112,4,19
kor_Hang,112,5,13
kor_Hang,112,6,19
kor_Hang,112,7,13
kor_Hang,112,8,1
kor_Hang,112,9,13
kor_Hang,112,10,19
kor_Hang,112,11,60
kor_Hang,112,12,13
kor_Hang,112,13,13
kor_Hang,112,14,19
kor_Hang,112,15,13
kor_Hang,112,16,13
kor_Hang,112,17,13
kor_Hang,112,18,13
kor_Hang,112,19,13
kor_Hang,112,20,19
kor_Hang,112,21,13
kor_Hang,112,22,13
kor_Hang,112,23,13
kor_Hang,112,24,13
kor_Hang,112,25,13
kor_Hang,112,26,13
kor_Hang,112,27,13
kor_Hang,112,28,13
kor_Hang,112,29,13
kor_Hang,112,30,13
kor_Hang,112,31,13
kor_Hang,112,32,13
kor_Hang,112,33,19
kor_Hang,112,34,13
kor_Hang,112,35,13
kor_Hang,112,36,13
kor_Hang,112,37,13
kor_Hang,112,38,13
kor_Hang,112,39,13
kor_Hang,112,40,13
kor_Hang,112,41,13
kor_Hang,112,42,19
kor_Hang,112,43,13
kor_Hang,112,44,13
kor_Hang,112,45,13
kor_Hang,112,46,13
kor_Hang,112,47,13
kor_Hang,112,48,13
kor_Hang,112,49,13
kor_Hang,112,50,13
kor_Hang,112,51,19
kor_Hang,112,52,13
kor_Hang,112,53,34
kor_Hang,113,0,60
kor_Hang,113,1,13
kor_Hang,113,2,13
kor_Hang,113,3,13
kor_Hang,113,4,13
kor_Hang,113,5,24
kor_Hang,113,6,19
kor_Hang,113,7,13
kor_Hang,113,8,13
kor_Hang,113,9,13
kor_Hang,113,10,13
kor_Hang,113,11,13
kor_Hang,113,12,13
kor_Hang,113,13,13
kor_Hang,113,14,13
kor_Hang,113,15,13
kor_Hang,113,16,13
kor_Hang,113,17,13
kor_Hang,113,18,13
kor_Hang,113,19,13
kor_Hang,113,20,13
kor_Hang,113,21,13
kor_Hang,113,22,13
kor_Hang,113,23,13
kor_Hang,113,24,13
kor_Hang,113,25,13
kor_Hang,113,26,13
kor_Hang,113,27,13
kor_Hang,113,28,13
kor_Hang,113,29,13
kor_Hang,113,30,13
kor_Hang,113,31,13
kor_Hang,113,32,13
kor_Hang,113,33,13
kor_Hang,113,34,13
kor_Hang,113,35,19
kor_Hang,113,36,52
kor_Hang,113,37,13
kor_Hang,113,38,19
kor_Hang,113,39,13
kor_Hang,113,40,13
kor_Hang,113,41,13
kor_Hang,113,42,13
kor_Hang,113,43,13
kor_Hang,113,44,13
kor_Hang,113,45,34
kor_Hang,113,46,13
kor_Hang,113,47,13
kor_Hang,113,48,13
kor_Hang,113,49,13
kor_Hang,113,50,13
kor_Hang,113,51,13
kor_Hang,113,52,13
kor_Hang,113,53,19
kor_Hang,113,54,13
kor_Hang,113,55,34
kor_Hang,114,0,60
kor_Hang,114,1,13
kor_Hang,114,2,13
kor_Hang,114,3,13
kor_Hang,114,4,13
kor_Hang,114,5,13
kor_Hang,114,6,19
kor_Hang,114,7,13
kor_Hang,114,8,13
kor_Hang,114,9,47
kor_Hang,114,10,13
kor_Hang,114,11,13
kor_Hang,114,12,47
kor_Hang,114,13,13
kor_Hang,114,14,13
kor_Hang,114,15,13
kor_Hang,114,16,13
kor_Hang,114,17,19
kor_Hang,114,18,13
kor_Hang,114,19,19
kor_Hang,114,20,13
kor_Hang,114,21,13
kor_Hang,114,22,47
kor_Hang,114,23,13
kor_Hang,114,24,13
kor_Hang,114,25,13
kor_Hang,114,26,13
kor_Hang,114,27,13
kor_Hang,114,28,13
kor_Hang,114,29,13
kor_Hang,114,30,19
kor_Hang,114,31,13
kor_Hang,114,32,13
kor_Hang,114,33,47
kor_Hang,114,34,13
kor_Hang,114,35,13
kor_Hang,114,36,13
kor_Hang,114,37,13
kor_Hang,114,38,13
kor_Hang,114,39,13
kor_Hang,114,40,13
kor_Hang,114,41,13
kor_Hang,114,42,34
kor_Hang,114,43,34
kor_Hang,115,0,60
kor_Hang,115,1,13
kor_Hang,115,2,13
kor_Hang,115,3,13
kor_Hang,115,4,13
kor_Hang,115,5,19
kor_Hang,115,6,13
kor_Hang,115,7,13
kor_Hang,115,8,13
kor_Hang,115,9,13
kor_Hang,115,10,13
kor_Hang,115,11,13
kor_Hang,115,12,19
kor_Hang,115,13,13
kor_Hang,115,14,13
kor_Hang,115,15,13
kor_Hang,115,16,13
kor_Hang,115,17,13
kor_Hang,115,18,13
kor_Hang,115,19,13
kor_Hang,115,20,13
kor_Hang,115,21,13
kor_Hang,115,22,19
kor_Hang,115,23,13
kor_Hang,115,24,13
kor_Hang,115,25,13
kor_Hang,115,26,13
kor_Hang,115,27,13
kor_Hang,115,28,13
kor_Hang,115,29,13
kor_Hang,115,30,13
kor_Hang,115,31,13
kor_Hang,115,32,13
kor_Hang,115,33,13
kor_Hang,115,34,13
kor_Hang,115,35,34
kor_Hang,115,36,13
kor_Hang,115,37,34
kor_Hang,116,0,60
kor_Hang,116,1,13
kor_Hang,116,2,19
kor_Hang,116,3,13
kor_Hang,116,4,34
kor_Hang,116,5,13
kor_Hang,116,6,13
kor_Hang,116,7,13
kor_Hang,116,8,13
kor_Hang,116,9,13
kor_Hang,116,10,13
kor_Hang,116,11,13
kor_Hang,116,12,13
kor_Hang,116,13,13
kor_Hang,116,14,13
kor_Hang,116,15,47
kor_Hang,116,16,13
kor_Hang,116,17,13
kor_Hang,116,18,13
kor_Hang,116,19,13
kor_Hang,116,20,13
kor_Hang,116,21,13
kor_Hang,116,22,13
kor_Hang,116,23,19
kor_Hang,116,24,13
kor_Hang,116,25,13
kor_Hang,116,26,13
kor_Hang,116,27,13
kor_Hang,116,28,13
kor_Hang,116,29,13
kor_Hang,116,30,13
kor_Hang,116,31,13
kor_Hang,116,32,13
kor_Hang,116,33,13
kor_Hang,116,34,13
kor_Hang,116,35,34
kor_Hang,116,36,13
kor_Hang,116,37,13
kor_Hang,116,38,13
kor_Hang,116,39,13
kor_Hang,116,40,34
eng_Latn,117,0,60
eng_Latn,117,1,57
eng_Latn,117,2,56
eng_Latn,117,3,63
eng_Latn,117,4,19
eng_Latn,118,0,60
eng_Latn,118,1,38
eng_Latn,118,2,18
eng_Latn,118,3,41
eng_Latn,118,4,44
eng_Latn,118,5,44
eng_Latn,118,6,46
kor_Hang,119,0,60
kor_Hang,119,1,19
kor_Hang,119,2,13
kor_Hang,119,3,52
kor_Hang,119,4,52
kor_Hang,119,5,52
kor_Hang,119,6,13
kor_Hang,119,7,13
kor_Hang,119,8,13
kor_Hang,119,9,13
kor_Hang,119,10,13
kor_Hang,119,11,13
kor_Hang,119,12,47
kor_Hang,119,13,13
kor_Hang,119,14,13
kor_Hang,119,15,13
kor_Hang,119,16,13
kor_Hang,119,17,13
kor_Hang,119,18,13
kor_Hang,119,19,13
kor_Hang,119,20,47
kor_Hang,119,21,13
kor_Hang,119,22,13
kor_Hang,119,23,13
kor_Hang,119,24,13
kor_Hang,119,25,13
kor_Hang,119,26,19
kor_Hang,119,27,13
kor_Hang,119,28,13
kor_Hang,119,29,34
kor_Hang,119,30,13
kor_Hang,119,31,34
kor_Hang,120,0,60
kor_Hang,120,1,13
kor_Hang,120,2,39
kor_Hang,120,3,19
kor_Hang,120,4,13
kor_Hang,120,5,13
kor_Hang,120,6,13
kor_Hang,120,7,13
kor_Hang,120,8,13
kor_Hang,120,9,13
kor_Hang,120,10,13
kor_Hang,120,11,13
kor_Hang,120,12,13
kor_Hang,120,13,13
kor_Hang,120,14,13
kor_Hang,120,15,13
kor_Hang,120,16,13
kor_Hang,120,17,13
kor_Hang,120,18,19
kor_Hang,120,19,13
kor_Hang,120,20,13
kor_Hang,120,21,19
kor_Hang,120,22,13
kor_Hang,120,23,13
kor_Hang,120,24,13
kor_Hang,120,25,13
kor_Hang,120,26,13
kor_Hang,120,27,13
kor_Hang,120,28,13
kor_Hang,120,29,47
kor_Hang,120,30,19
kor_Hang,120,31,13
kor_Hang,120,32,13
kor_Hang,120,33,13
kor_Hang,120,34,13
kor_Hang,120,35,13
kor_Hang,120,36,13
kor_Hang,120,37,13
kor_Hang,120,38,13
kor_Hang,120,39,13
kor_Hang,120,40,13
kor_Hang,120,41,19
kor_Hang,120,42,13
kor_Hang,120,43,13
kor_Hang,120,44,19
kor_Hang,120,45,39
kor_Hang,120,46,19
kor_Hang,120,47,13
kor_Hang,120,48,13
kor_Hang,120,49,13
kor_Hang,120,50,13
kor_Hang,120,51,13
kor_Hang,120,52,13
kor_Hang,120,53,13
kor_Hang,120,54,13
kor_Hang,120,55,13
kor_Hang,120,56,13
kor_Hang,120,57,13
kor_Hang,120,58,13
kor_Hang,120,59,34
kor_Hang,120,60,4
kor_Hang,120,61,13
kor_Hang,120,62,34
kor_Hang,121,0,60
kor_Hang,121,1,13
kor_Hang,121,2,13
kor_Hang,121,3,19
kor_Hang,121,4,13
kor_Hang,121,5,13
kor_Hang,121,6,13
kor_Hang,121,7,13
kor_Hang,121,8,13
kor_Hang,121,9,13
kor_Hang,121,10,13
kor_Hang,121,11,13
kor_Hang,121,12,13
kor_Hang,121,13,13
kor_Hang,121,14,13
kor_Hang,121,15,47
kor_Hang,121,16,47
kor_Hang,121,17,13
kor_Hang,121,18,19
kor_Hang,121,19,13
kor_Hang,121,20,13
kor_Hang,121,21,13
kor_Hang,121,22,13
kor_Hang,121,23,13
kor_Hang,121,24,13
kor_Hang,121,25,47
kor_Hang,121,26,13
kor_Hang,121,27,13
kor_Hang,121,28,13
kor_Hang,121,29,13
kor_Hang,121,30,13
kor_Hang,121,31,13
kor_Hang,121,32,13
kor_Hang,121,33,13
kor_Hang,121,34,13
kor_Hang,121,35,19
kor_Hang,121,36,13
kor_Hang,121,37,13
kor_Hang,121,38,13
kor_Hang,121,39,13
kor_Hang,121,40,13
kor_Hang,121,41,13
kor_Hang,121,42,13
kor_Hang,121,43,13
kor_Hang,121,44,13
kor_Hang,121,45,13
kor_Hang,121,46,13
kor_Hang,121,47,13
kor_Hang,121,48,13
kor_Hang,121,49,47
kor_Hang,121,50,19
kor_Hang,121,51,13
kor_Hang,121,52,13
kor_Hang,121,53,13
kor_Hang,121,54,13
kor_Hang,121,55,13
kor_Hang,121,56,13
kor_Hang,121,57,13
kor_Hang,121,58,13
kor_Hang,121,59,13
kor_Hang,122,0,60
kor_Hang,122,1,13
kor_Hang,122,2,47
kor_Hang,122,3,13
kor_Hang,122,4,13
kor_Hang,122,5,13
kor_Hang,122,6,13
kor_Hang,122,7,19
kor_Hang,122,8,13
kor_Hang,122,9,13
kor_Hang,122,10,61
kor_Hang,122,11,13
kor_Hang,122,12,13
kor_Hang,122,13,13
kor_Hang,122,14,13
kor_Hang,122,15,19
kor_Hang,122,16,13
kor_Hang,122,17,13
kor_Hang,122,18,13
kor_Hang,122,19,13
kor_Hang,122,20,13
kor_Hang,122,21,13
kor_Hang,122,22,13
kor_Hang,122,23,13
kor_Hang,122,24,13
kor_Hang,122,25,13
kor_Hang,122,26,13
kor_Hang,122,27,13
kor_Hang,122,28,13
kor_Hang,122,29,34
kor_Hang,122,30,13
kor_Hang,122,31,13
kor_Hang,122,32,13
kor_Hang,122,33,13
kor_Hang,122,34,34
kor_Hang,123,0,60
kor_Hang,123,1,60
kor_Hang,123,2,52
kor_Hang,123,3,60
kor_Hang,123,4,12
kor_Hang,123,5,13
kor_Hang,123,6,13
kor_Hang,123,7,13
kor_Hang,123,8,13
kor_Hang,123,9,13
kor_Hang,123,10,13
kor_Hang,123,11,13
kor_Hang,124,0,60
kor_Hang,124,1,13
kor_Hang,124,2,13
kor_Hang,124,3,19
kor_Hang,124,4,13
kor_Hang,124,5,13
kor_Hang,124,6,19
kor_Hang,124,7,13
kor_Hang,124,8,13
kor_Hang,124,9,13
kor_Hang,124,10,13
kor_Hang,124,11,13
kor_Hang,124,12,47
kor_Hang,124,13,13
kor_Hang,124,14,13
kor_Hang,124,15,13
kor_Hang,124,16,61
kor_Hang,124,17,19
kor_Hang,124,18,19
kor_Hang,124,19,13
kor_Hang,124,20,19
kor_Hang,124,21,13
kor_Hang,125,0,60
kor_Hang,125,1,13
kor_Hang,125,2,13
kor_Hang,125,3,13
kor_Hang,125,4,13
kor_Hang,125,5,13
kor_Hang,125,6,13
kor_Hang,125,7,13
kor_Hang,125,8,13
kor_Hang,125,9,13
kor_Hang,125,10,19
kor_Hang,125,11,13
kor_Hang,125,12,34
kor_Hang,125,13,13
kor_Hang,125,14,13
kor_Hang,125,15,13
kor_Hang,125,16,13
kor_Hang,125,17,13
kor_Hang,125,18,13
kor_Hang,125,19,13
kor_Hang,125,20,13
kor_Hang,125,21,19
kor_Hang,125,22,13
kor_Hang,125,23,19
kor_Hang,125,24,13
kor_Hang,125,25,13
kor_Hang,125,26,13
kor_Hang,125,27,13
kor_Hang,125,28,13
kor_Hang,125,29,13
kor_Hang,125,30,13
kor_Hang,125,31,13
kor_Hang,125,32,13
kor_Hang,125,33,19
kor_Hang,125,34,13
kor_Hang,125,35,13
kor_Hang,125,36,13
kor_Hang,125,37,13
kor_Hang,125,38,13
kor_Hang,125,39,13
kor_Hang,125,40,13
kor_Hang,125,41,13
kor_Hang,125,42,13
kor_Hang,125,43,13
kor_Hang,125,44,13
kor_Hang,125,45,13
kor_Hang,125,46,13
kor_Hang,125,47,13
kor_Hang,125,48,13
kor_Hang,125,49,13
kor_Hang,125,50,34
kor_Hang,125,51,19
kor_Hang,125,52,13
kor_Hang,125,53,34
kor_Hang,126,0,60
kor_Hang,126,1,47
kor_Hang,126,2,13
kor_Hang,126,3,19
kor_Hang,126,4,13
kor_Hang,126,5,19
kor_Hang,126,6,13
kor_Hang,126,7,13
kor_Hang,126,8,13
kor_Hang,126,9,13
kor_Hang,126,10,13
kor_Hang,126,11,13
kor_Hang,126,12,13
kor_Hang,126,13,13
kor_Hang,126,14,19
kor_Hang,126,15,19
kor_Hang,126,16,13
kor_Hang,126,17,13
kor_Hang,126,18,13
kor_Hang,126,19,13
kor_Hang,126,20,19
kor_Hang,126,21,13
kor_Hang,126,22,13
kor_Hang,126,23,19
kor_Hang,126,24,13
kor_Hang,126,25,13
kor_Hang,126,26,13
kor_Hang,126,27,13
kor_Hang,126,28,13
kor_Hang,126,29,13
kor_Hang,126,30,13
kor_Hang,126,31,13
kor_Hang,126,32,13
kor_Hang,126,33,13
kor_Hang,126,34,13
kor_Hang,126,35,13
kor_Hang,126,36,13
kor_Hang,126,37,13
kor_Hang,126,38,13
kor_Hang,126,39,13
kor_Hang,126,40,34
kor_Hang,126,41,13
kor_Hang,126,42,13
kor_Hang,126,43,13
kor_Hang,126,44,51
kor_Hang,127,0,60
kor_Hang,127,1,13
kor_Hang,127,2,13
kor_Hang,127,3,13
kor_Hang,127,4,13
kor_Hang,127,5,19
kor_Hang,127,6,19
kor_Hang,127,7,19
kor_Hang,127,8,13
kor_Hang,127,9,13
kor_Hang,127,10,13
kor_Hang,127,11,13
kor_Hang,127,12,47
kor_Hang,127,13,19
kor_Hang,127,14,13
kor_Hang,127,15,13
kor_Hang,127,16,13
kor_Hang,127,17,19
kor_Hang,127,18,13
kor_Hang,127,19,13
kor_Hang,127,20,13
kor_Hang,127,21,13
kor_Hang,127,22,13
kor_Hang,127,23,13
kor_Hang,127,24,13
kor_Hang,127,25,13
kor_Hang,127,26,13
kor_Hang,127,27,13
kor_Hang,127,28,13
kor_Hang,127,29,13
kor_Hang,127,30,13
kor_Hang,127,31,13
kor_Hang,127,32,13
kor_Hang,127,33,13
kor_Hang,127,34,13
kor_Hang,127,35,13
kor_Hang,127,36,19
kor_Hang,127,37,13
kor_Hang,127,38,34
kor_Hang,128,0,60
kor_Hang,128,1,13
kor_Hang,128,2,13
kor_Hang,128,3,13
kor_Hang,128,4,13
kor_Hang,128,5,19
kor_Hang,128,6,13
kor_Hang,128,7,13
kor_Hang,128,8,47
kor_Hang,128,9,13
kor_Hang,128,10,13
kor_Hang,128,11,13
kor_Hang,128,12,13
kor_Hang,128,13,19
kor_Hang,128,14,39
kor_Hang,128,15,13
kor_Hang,128,16,13
kor_Hang,128,17,13
kor_Hang,128,18,13
kor_Hang,128,19,13
kor_Hang,128,20,13
kor_Hang,128,21,13
kor_Hang,128,22,13
kor_Hang,128,23,13
kor_Hang,128,24,13
kor_Hang,128,25,19
kor_Hang,128,26,13
kor_Hang,128,27,13
kor_Hang,128,28,13
kor_Hang,128,29,13
kor_Hang,128,30,13
kor_Hang,128,31,13
kor_Hang,128,32,13
kor_Hang,128,33,13
kor_Hang,128,34,13
kor_Hang,128,35,13
kor_Hang,128,36,13
kor_Hang,128,37,13
kor_Hang,128,38,19
kor_Hang,128,39,13
kor_Hang,128,40,13
kor_Hang,128,41,13
kor_Hang,128,42,13
kor_Hang,128,43,13
kor_Hang,128,44,13
kor_Hang,128,45,13
kor_Hang,128,46,13
kor_Hang,128,47,13
kor_Hang,128,48,13
kor_Hang,128,49,13
kor_Hang,128,50,13
kor_Hang,128,51,13
kor_Hang,128,52,47
kor_Hang,128,53,47
kor_Hang,128,54,13
kor_Hang,128,55,13
kor_Hang,128,56,34
kor_Hang,129,0,60
kor_Hang,129,1,13
kor_Hang,129,2,13
kor_Hang,129,3,13
kor_Hang,129,4,19
kor_Hang,129,5,13
kor_Hang,129,6,61
kor_Hang,129,7,27
kor_Hang,129,8,13
kor_Hang,129,9,61
kor_Hang,129,10,19
kor_Hang,129,11,13
kor_Hang,129,12,24
kor_Hang,129,13,19
kor_Hang,129,14,13
kor_Hang,129,15,13
kor_Hang,129,16,13
kor_Hang,129,17,13
kor_Hang,129,18,13
kor_Hang,129,19,13
kor_Hang,129,20,13
kor_Hang,129,21,13
kor_Hang,129,22,13
kor_Hang,129,23,13
kor_Hang,129,24,13
kor_Hang,129,25,52
kor_Hang,129,26,13
kor_Hang,130,0,60
kor_Hang,130,1,47
kor_Hang,130,2,13
kor_Hang,130,3,13
kor_Hang,130,4,13
kor_Hang,130,5,13
kor_Hang,130,6,34
kor_Hang,130,7,12
kor_Hang,130,8,12
kor_Hang,130,9,13
kor_Hang,130,10,13
kor_Hang,130,11,47
kor_Hang,130,12,19
kor_Hang,130,13,13
kor_Hang,130,14,13
kor_Hang,130,15,13
kor_Hang,130,16,13
kor_Hang,130,17,47
kor_Hang,130,18,19
kor_Hang,130,19,13
kor_Hang,130,20,13
kor_Hang,130,21,13
kor_Hang,130,22,13
kor_Hang,130,23,13
kor_Hang,130,24,47
kor_Hang,130,25,47
kor_Hang,130,26,13
kor_Hang,130,27,13
kor_Hang,130,28,19
kor_Hang,130,29,19
kor_Hang,130,30,47
kor_Hang,130,31,13
kor_Hang,130,32,13
kor_Hang,130,33,13
kor_Hang,130,34,13
kor_Hang,130,35,13
kor_Hang,130,36,13
kor_Hang,130,37,13
kor_Hang,130,38,13
kor_Hang,130,39,13
kor_Hang,130,40,34
kor_Hang,130,41,34
kor_Hang,131,0,60
kor_Hang,131,1,13
kor_Hang,131,2,1
kor_Hang,131,3,13
kor_Hang,131,4,13
kor_Hang,131,5,19
kor_Hang,131,6,13
kor_Hang,131,7,19
kor_Hang,131,8,13
kor_Hang,131,9,19
kor_Hang,131,10,13
kor_Hang,131,11,13
kor_Hang,131,12,13
kor_Hang,131,13,13
kor_Hang,131,14,13
kor_Hang,131,15,13
kor_Hang,131,16,13
kor_Hang,131,17,13
kor_Hang,131,18,13
kor_Hang,131,19,13
kor_Hang,131,20,13
kor_Hang,131,21,13
kor_Hang,131,22,13
kor_Hang,131,23,19
kor_Hang,131,24,13
kor_Hang,131,25,19
kor_Hang,131,26,13
kor_Hang,131,27,13
kor_Hang,131,28,13
kor_Hang,131,29,13
kor_Hang,131,30,47
kor_Hang,131,31,13
kor_Hang,131,32,13
kor_Hang,131,33,13
kor_Hang,131,34,13
kor_Hang,131,35,13
kor_Hang,131,36,13
kor_Hang,131,37,13
kor_Hang,131,38,13
kor_Hang,131,39,13
kor_Hang,131,40,13
kor_Hang,131,41,13
kor_Hang,131,42,13
kor_Hang,131,43,13
kor_Hang,131,44,13
kor_Hang,131,45,13
kor_Hang,131,46,13
kor_Hang,131,47,13
kor_Hang,131,48,13
kor_Hang,131,49,34
kor_Hang,131,50,13
kor_Hang,131,51,13
kor_Hang,131,52,34
eng_Latn,132,0,60
eng_Latn,132,1,29
eng_Latn,132,2,34
eng_Latn,132,3,35
eng_Latn,132,4,34
kor_Hang,133,0,60
kor_Hang,133,1,52
kor_Hang,133,2,52
kor_Hang,133,3,13
kor_Hang,133,4,52
kor_Hang,133,5,13
kor_Hang,133,6,13
kor_Hang,133,7,13
kor_Hang,133,8,13
kor_Hang,133,9,13
kor_Hang,133,10,47
kor_Hang,133,11,13
kor_Hang,133,12,13
kor_Hang,133,13,13
kor_Hang,133,14,13
kor_Hang,133,15,13
kor_Hang,133,16,13
kor_Hang,133,17,47
kor_Hang,133,18,13
kor_Hang,133,19,13
kor_Hang,133,20,13
kor_Hang,133,21,19
kor_Hang,133,22,13
kor_Hang,133,23,13
kor_Hang,133,24,19
kor_Hang,133,25,34
kor_Hang,133,26,13
kor_Hang,133,27,13
kor_Hang,133,28,13
kor_Hang,133,29,13
kor_Hang,133,30,13
kor_Hang,133,31,34
kor_Hang,133,32,19
kor_Hang,133,33,34
kor_Hang,133,34,34
kor_Hang,134,0,60
kor_Hang,134,1,13
kor_Hang,134,2,13
kor_Hang,134,3,13
kor_Hang,134,4,37
kor_Hang,134,5,52
kor_Hang,134,6,52
kor_Hang,134,7,52
kor_Hang,134,8,1
kor_Hang,134,9,52
kor_Hang,134,10,52
kor_Hang,134,11,13
kor_Hang,134,12,11
kor_Hang,134,13,52
kor_Hang,134,14,52
kor_Hang,134,15,13
kor_Hang,134,16,52
kor_Hang,134,17,13
kor_Hang,134,18,13
kor_Hang,134,19,13
kor_Hang,134,20,13
kor_Hang,134,21,13
kor_Hang,134,22,13
kor_Hang,134,23,52
kor_Hang,134,24,13
kor_Hang,134,25,52
kor_Hang,134,26,13
kor_Hang,134,27,13
kor_Hang,134,28,13
kor_Hang,134,29,13
kor_Hang,134,30,13
kor_Hang,134,31,61
kor_Hang,134,32,13
kor_Hang,134,33,34
kor_Hang,134,34,13
kor_Hang,134,35,13
kor_Hang,134,36,13
kor_Hang,134,37,13
kor_Hang,134,38,13
kor_Hang,134,39,34
kor_Hang,134,40,13
kor_Hang,134,41,34
kor_Hang,134,42,13
kor_Hang,134,43,13
kor_Hang,134,44,47
kor_Hang,134,45,13
kor_Hang,134,46,34
kor_Hang,134,47,13
kor_Hang,134,48,13
kor_Hang,134,49,34
kor_Hang,134,50,19
kor_Hang,134,51,34
kor_Hang,134,52,34
eng_Latn,135,0,60
eng_Latn,135,1,19
eng_Latn,135,2,18
eng_Latn,135,3,39
kor_Hang,136,0,60
kor_Hang,136,1,19
kor_Hang,136,2,13
kor_Hang,136,3,13
kor_Hang,136,4,13
kor_Hang,136,5,13
kor_Hang,136,6,19
kor_Hang,136,7,13
kor_Hang,136,8,13
kor_Hang,136,9,19
kor_Hang,136,10,19
kor_Hang,136,11,13
kor_Hang,136,12,47
kor_Hang,136,13,13
kor_Hang,136,14,13
kor_Hang,136,15,13
kor_Hang,136,16,13
kor_Hang,136,17,13
kor_Hang,136,18,13
kor_Hang,136,19,47
kor_Hang,136,20,13
kor_Hang,136,21,13
kor_Hang,136,22,13
kor_Hang,136,23,47
kor_Hang,136,24,13
kor_Hang,136,25,24
kor_Hang,136,26,13
kor_Hang,136,27,19
kor_Hang,136,28,13
kor_Hang,136,29,13
kor_Hang,136,30,13
kor_Hang,136,31,13
kor_Hang,136,32,52
kor_Hang,136,33,52
kor_Hang,136,34,13
kor_Hang,136,35,13
kor_Hang,136,36,13
kor_Hang,136,37,9
kor_Hang,136,38,13
kor_Hang,136,39,13
kor_Hang,136,40,47
kor_Hang,136,41,27
kor_Hang,136,42,13
kor_Hang,136,43,13
kor_Hang,136,44,13
kor_Hang,136,45,13
kor_Hang,136,46,19
kor_Hang,136,47,13
kor_Hang,136,48,13
kor_Hang,136,49,19
kor_Hang,136,50,13
kor_Hang,136,51,13
kor_Hang,136,52,13
kor_Hang,136,53,13
kor_Hang,136,54,19
kor_Hang,136,55,47
kor_Hang,136,56,47
kor_Hang,136,57,19
kor_Hang,136,58,19
kor_Hang,136,59,13
kor_Hang,136,60,47
kor_Hang,136,61,13
kor_Hang,136,62,13
kor_Hang,136,63,13
kor_Hang,136,64,19
kor_Hang,136,65,13
kor_Hang,136,66,34
eng_Latn,137,0,60
eng_Latn,137,1,19
eng_Latn,137,2,40
eng_Latn,137,3,18
eng_Latn,137,4,14
eng_Latn,137,5,38
eng_Latn,137,6,40
eng_Latn,137,7,46
eng_Latn,137,8,47
eng_Latn,137,9,15
eng_Latn,137,10,12
eng_Latn,137,11,11
eng_Latn,137,12,19
eng_Latn,137,13,22
kor_Hang,138,0,60
kor_Hang,138,1,13
kor_Hang,138,2,13
kor_Hang,138,3,13
kor_Hang,138,4,13
kor_Hang,138,5,9
kor_Hang,138,6,11
kor_Hang,138,7,9
kor_Hang,138,8,11
kor_Hang,138,9,13
kor_Hang,138,10,13
kor_Hang,138,11,13
kor_Hang,138,12,13
kor_Hang,138,13,19
kor_Hang,138,14,13
kor_Hang,138,15,13
kor_Hang,138,16,13
kor_Hang,138,17,13
kor_Hang,138,18,13
kor_Hang,138,19,13
kor_Hang,138,20,13
kor_Hang,138,21,13
kor_Hang,138,22,13
kor_Hang,138,23,13
kor_Hang,138,24,13
kor_Hang,138,25,61
kor_Hang,138,26,19
kor_Hang,138,27,13
kor_Hang,138,28,19
kor_Hang,138,29,13
kor_Hang,138,30,19
kor_Hang,138,31,13
kor_Hang,139,0,60
kor_Hang,139,1,19
kor_Hang,139,2,13
kor_Hang,139,3,47
kor_Hang,139,4,19
kor_Hang,139,5,13
kor_Hang,139,6,13
kor_Hang,139,7,13
kor_Hang,139,8,13
kor_Hang,139,9,19
kor_Hang,139,10,13
kor_Hang,139,11,13
kor_Hang,139,12,13
kor_Hang,139,13,13
kor_Hang,139,14,34
kor_Hang,139,15,13
kor_Hang,139,16,61
kor_Hang,139,17,13
kor_Hang,139,18,13
kor_Hang,139,19,13
kor_Hang,139,20,13
kor_Hang,139,21,13
kor_Hang,139,22,13
kor_Hang,139,23,47
kor_Hang,139,24,19
kor_Hang,139,25,34
kor_Hang,139,26,13
kor_Hang,139,27,13
kor_Hang,139,28,13
kor_Hang,139,29,13
kor_Hang,139,30,13
kor_Hang,139,31,47
kor_Hang,139,32,34
kor_Hang,139,33,13
kor_Hang,139,34,13
kor_Hang,139,35,13
kor_Hang,139,36,34
kor_Hang,139,37,13
kor_Hang,139,38,34
kor_Hang,139,39,19
kor_Hang,139,40,34
kor_Hang,139,41,13
kor_Hang,139,42,19
kor_Hang,139,43,34
kor_Hang,140,0,60
kor_Hang,140,1,13
kor_Hang,140,2,13
kor_Hang,140,3,13
kor_Hang,140,4,13
kor_Hang,140,5,13
kor_Hang,140,6,13
kor_Hang,140,7,13
kor_Hang,140,8,47
kor_Hang,140,9,27
kor_Hang,140,10,13
kor_Hang,140,11,19
kor_Hang,140,12,13
kor_Hang,140,13,13
kor_Hang,140,14,13
kor_Hang,140,15,19
kor_Hang,140,16,13
kor_Hang,140,17,13
kor_Hang,140,18,13
kor_Hang,140,19,13
kor_Hang,140,20,13
kor_Hang,140,21,19
kor_Hang,140,22,13
kor_Hang,140,23,13
kor_Hang,140,24,13
kor_Hang,140,25,13
kor_Hang,140,26,13
kor_Hang,140,27,19
kor_Hang,140,28,13
kor_Hang,140,29,13
kor_Hang,140,30,13
kor_Hang,140,31,19
kor_Hang,140,32,13
kor_Hang,140,33,13
kor_Hang,140,34,13
kor_Hang,140,35,19
kor_Hang,140,36,13
kor_Hang,140,37,34
kor_Hang,141,0,60
kor_Hang,141,1,47
kor_Hang,141,2,61
kor_Hang,141,3,47
kor_Hang,141,4,13
kor_Hang,141,5,13
kor_Hang,141,6,1
kor_Hang,141,7,13
kor_Hang,141,8,1
kor_Hang,141,9,47
kor_Hang,141,10,49
kor_Hang,141,11,12
kor_Hang,141,12,9
kor_Hang,141,13,60
kor_Hang,141,14,13
kor_Hang,141,15,47
kor_Hang,141,16,13
kor_Hang,141,17,19
kor_Hang,141,18,13
kor_Hang,141,19,13
kor_Hang,141,20,61
kor_Hang,141,21,19
kor_Hang,141,22,13
kor_Hang,141,23,13
kor_Hang,141,24,13
kor_Hang,141,25,13
kor_Hang,141,26,13
kor_Hang,141,27,13
kor_Hang,141,28,19
kor_Hang,141,29,13
kor_Hang,141,30,13
kor_Hang,141,31,13
kor_Hang,141,32,47
kor_Hang,141,33,13
kor_Hang,141,34,13
kor_Hang,141,35,13
kor_Hang,141,36,11
kor_Hang,141,37,52
eng_Latn,142,0,60
eng_Latn,142,1,61
eng_Latn,142,2,1
eng_Latn,142,3,33
eng_Latn,142,4,24
eng_Latn,142,5,15
eng_Latn,142,6,16
kor_Hang,143,0,60
kor_Hang,143,1,47
kor_Hang,143,2,47
kor_Hang,143,3,39
kor_Hang,143,4,13
kor_Hang,143,5,13
kor_Hang,143,6,13
kor_Hang,143,7,13
kor_Hang,143,8,13
kor_Hang,143,9,13
kor_Hang,143,10,13
kor_Hang,143,11,19
kor_Hang,143,12,13
kor_Hang,143,13,19
kor_Hang,143,14,13
kor_Hang,143,15,13
kor_Hang,143,16,13
kor_Hang,143,17,13
kor_Hang,143,18,13
kor_Hang,143,19,47
kor_Hang,143,20,19
kor_Hang,143,21,13
kor_Hang,143,22,13
kor_Hang,143,23,13
kor_Hang,143,24,13
kor_Hang,143,25,13
kor_Hang,143,26,13
kor_Hang,143,27,19
kor_Hang,143,28,13
kor_Hang,143,29,13
kor_Hang,143,30,13
kor_Hang,143,31,13
kor_Hang,143,32,13
kor_Hang,143,33,13
kor_Hang,143,34,13
kor_Hang,143,35,13
kor_Hang,143,36,19
kor_Hang,143,37,13
kor_Hang,143,38,13
kor_Hang,143,39,13
kor_Hang,143,40,13
kor_Hang,143,41,13
kor_Hang,143,42,13
kor_Hang,143,43,19
kor_Hang,143,44,13
kor_Hang,143,45,13
kor_Hang,143,46,13
kor_Hang,143,47,19
kor_Hang,143,48,19
kor_Hang,143,49,13
kor_Hang,143,50,13
kor_Hang,143,51,52
kor_Hang,144,0,60
kor_Hang,144,1,13
kor_Hang,144,2,13
kor_Hang,144,3,13
kor_Hang,144,4,13
kor_Hang,144,5,47
kor_Hang,144,6,13
kor_Hang,144,7,13
kor_Hang,144,8,13
kor_Hang,144,9,13
kor_Hang,144,10,13
kor_Hang,144,11,13
kor_Hang,144,12,19
kor_Hang,144,13,13
kor_Hang,144,14,13
kor_Hang,144,15,13
kor_Hang,144,16,13
kor_Hang,144,17,13
kor_Hang,144,18,19
kor_Hang,144,19,13
kor_Hang,144,20,13
kor_Hang,144,21,13
kor_Hang,144,22,13
kor_Hang,144,23,47
kor_Hang,144,24,19
kor_Hang,144,25,13
kor_Hang,144,26,13
kor_Hang,144,27,13
kor_Hang,144,28,13
kor_Hang,144,29,13
kor_Hang,144,30,13
kor_Hang,144,31,19
kor_Hang,144,32,13
kor_Hang,144,33,13
kor_Hang,144,34,13
kor_Hang,144,35,13
kor_Hang,144,36,13
kor_Hang,144,37,13
kor_Hang,144,38,13
kor_Hang,144,39,13
kor_Hang,144,40,13
kor_Hang,144,41,13
kor_Hang,144,42,13
kor_Hang,144,43,19
kor_Hang,144,44,13
kor_Hang,144,45,13
kor_Hang,144,46,13
kor_Hang,144,47,13
kor_Hang,144,48,61
kor_Hang,144,49,13
kor_Hang,144,50,13
kor_Hang,144,51,13
kor_Hang,144,52,13
kor_Hang,144,53,13
kor_Hang,144,54,13
kor_Hang,144,55,13
kor_Hang,144,56,34
kor_Hang,144,57,13
kor_Hang,144,58,19
kor_Hang,144,59,13
kor_Hang,144,60,13
kor_Hang,144,61,13
kor_Hang,144,62,13
kor_Hang,144,63,13
kor_Hang,144,64,19
kor_Hang,144,65,13
kor_Hang,144,66,13
kor_Hang,144,67,13
kor_Hang,145,0,60
kor_Hang,145,1,13
kor_Hang,145,2,13
kor_Hang,145,3,13
kor_Hang,145,4,13
kor_Hang,145,5,13
kor_Hang,145,6,13
kor_Hang,145,7,13
kor_Hang,145,8,13
kor_Hang,145,9,13
kor_Hang,145,10,13
kor_Hang,145,11,61
kor_Hang,145,12,13
kor_Hang,145,13,12
kor_Hang,145,14,13
kor_Hang,145,15,13
kor_Hang,145,16,13
kor_Hang,145,17,13
kor_Hang,145,18,13
kor_Hang,145,19,13
kor_Hang,145,20,1
kor_Hang,145,21,19
kor_Hang,145,22,47
kor_Hang,145,23,47
kor_Hang,145,24,13
kor_Hang,145,25,19
kor_Hang,145,26,13
kor_Hang,145,27,13
kor_Hang,145,28,13
kor_Hang,145,29,13
kor_Hang,145,30,47
kor_Hang,145,31,13
kor_Hang,145,32,13
kor_Hang,145,33,61
kor_Hang,145,34,13
kor_Hang,145,35,13
kor_Hang,145,36,13
kor_Hang,145,37,34
kor_Hang,146,0,60
kor_Hang,146,1,13
kor_Hang,146,2,13
kor_Hang,146,3,13
kor_Hang,146,4,13
kor_Hang,146,5,13
kor_Hang,146,6,13
kor_Hang,146,7,47
kor_Hang,146,8,19
kor_Hang,146,9,13
kor_Hang,146,10,13
kor_Hang,146,11,27
kor_Hang,146,12,13
kor_Hang,146,13,13
kor_Hang,146,14,13
kor_Hang,146,15,13
kor_Hang,146,16,13
kor_Hang,146,17,13
kor_Hang,146,18,13
kor_Hang,146,19,13
kor_Hang,146,20,13
kor_Hang,146,21,1
kor_Hang,146,22,13
kor_Hang,146,23,13
kor_Hang,146,24,13
kor_Hang,146,25,13
kor_Hang,146,26,47
kor_Hang,146,27,47
kor_Hang,146,28,13
kor_Hang,146,29,13
kor_Hang,146,30,13
kor_Hang,146,31,13
kor_Hang,146,32,13
kor_Hang,146,33,13
kor_Hang,146,34,47
kor_Hang,146,35,13
kor_Hang,146,36,47
kor_Hang,146,37,19
kor_Hang,146,38,13
kor_Hang,146,39,13
kor_Hang,146,40,19
kor_Hang,146,41,13
kor_Hang,146,42,13
kor_Hang,146,43,19
kor_Hang,146,44,13
kor_Hang,146,45,13
kor_Hang,146,46,13
kor_Hang,146,47,13
kor_Hang,146,48,13
kor_Hang,146,49,13
kor_Hang,146,50,13
kor_Hang,146,51,13
kor_Hang,146,52,13
kor_Hang,146,53,13
kor_Hang,146,54,61
kor_Hang,146,55,13
kor_Hang,146,56,13
kor_Hang,146,57,13
kor_Hang,146,58,13
kor_Hang,146,59,13
kor_Hang,146,60,13
kor_Hang,146,61,19
kor_Hang,146,62,13
kor_Hang,146,63,13
kor_Hang,146,64,13
kor_Hang,146,65,13
kor_Hang,146,66,19
kor_Hang,146,67,13
kor_Hang,146,68,13
kor_Hang,146,69,19
kor_Hang,146,70,13
kor_Hang,146,71,13
kor_Hang,146,72,13
kor_Hang,146,73,13
kor_Hang,146,74,13
kor_Hang,146,75,19
kor_Hang,146,76,13
kor_Hang,146,77,34
kor_Hang,147,0,60
kor_Hang,147,1,58
kor_Hang,147,2,23
kor_Hang,147,3,27
kor_Hang,147,4,27
kor_Hang,147,5,27
kor_Hang,147,6,27
kor_Hang,147,7,27
kor_Hang,147,8,52
kor_Hang,147,9,13
kor_Hang,147,10,1
kor_Hang,147,11,13
kor_Hang,147,12,13
kor_Hang,147,13,27
kor_Hang,147,14,27
kor_Hang,147,15,27
kor_Hang,147,16,27
kor_Hang,147,17,19
kor_Hang,147,18,27
kor_Hang,148,0,60
kor_Hang,148,1,13
kor_Hang,148,2,13
kor_Hang,148,3,13
kor_Hang,148,4,13
kor_Hang,148,5,47
kor_Hang,148,6,13
kor_Hang,148,7,19
kor_Hang,148,8,13
kor_Hang,148,9,13
kor_Hang,148,10,13
kor_Hang,148,11,13
kor_Hang,148,12,13
kor_Hang,148,13,13
kor_Hang,148,14,13
kor_Hang,148,15,13
kor_Hang,148,16,13
kor_Hang,148,17,13
kor_Hang,148,18,13
kor_Hang,148,19,13
kor_Hang,148,20,13
kor_Hang,148,21,13
kor_Hang,148,22,13
kor_Hang,148,23,13
kor_Hang,148,24,13
kor_Hang,148,25,34
kor_Hang,149,0,60
kor_Hang,149,1,13
kor_Hang,149,2,13
kor_Hang,149,3,47
kor_Hang,149,4,13
kor_Hang,149,5,13
kor_Hang,149,6,13
kor_Hang,149,7,13
kor_Hang,149,8,13
kor_Hang,149,9,13
kor_Hang,149,10,13
kor_Hang,149,11,13
kor_Hang,149,12,13
kor_Hang,149,13,13
kor_Hang,149,14,13
kor_Hang,149,15,13
kor_Hang,149,16,47
kor_Hang,149,17,47
kor_Hang,149,18,19
kor_Hang,149,19,13
kor_Hang,149,20,13
kor_Hang,149,21,13
kor_Hang,149,22,13
kor_Hang,149,23,13
kor_Hang,149,24,47
kor_Hang,149,25,34
kor_Hang,149,26,13
kor_Hang,149,27,13
kor_Hang,149,28,47
kor_Hang,149,29,13
kor_Hang,149,30,47
kor_Hang,149,31,19
kor_Hang,149,32,13
kor_Hang,149,33,13
kor_Hang,149,34,61
kor_Hang,149,35,13
kor_Hang,149,36,13
kor_Hang,149,37,19
kor_Hang,149,38,13
kor_Hang,149,39,13
kor_Hang,149,40,13
kor_Hang,149,41,13
kor_Hang,149,42,13
kor_Hang,149,43,13
kor_Hang,149,44,13
kor_Hang,149,45,47
kor_Hang,149,46,13
kor_Hang,149,47,13
kor_Hang,149,48,13
kor_Hang,149,49,13
kor_Hang,149,50,19
kor_Hang,149,51,13
kor_Hang,149,52,13
kor_Hang,149,53,19
kor_Hang,149,54,13
kor_Hang,149,55,19
kor_Hang,149,56,13
kor_Hang,149,57,13
kor_Hang,149,58,19
kor_Hang,149,59,13
kor_Hang,149,60,47
kor_Hang,149,61,34
kor_Hang,149,62,13
kor_Hang,149,63,13
kor_Hang,149,64,13
kor_Hang,149,65,13
kor_Hang,149,66,19
kor_Hang,149,67,13
kor_Hang,149,68,34
kor_Hang,150,0,60
kor_Hang,150,1,13
kor_Hang,150,2,13
kor_Hang,150,3,36
kor_Hang,150,4,13
kor_Hang,150,5,13
kor_Hang,150,6,47
kor_Hang,150,7,47
kor_Hang,150,8,13
kor_Hang,150,9,13
kor_Hang,150,10,13
kor_Hang,150,11,13
kor_Hang,150,12,19
kor_Hang,150,13,13
kor_Hang,150,14,13
kor_Hang,150,15,13
kor_Hang,150,16,13
kor_Hang,150,17,47
kor_Hang,150,18,47
kor_Hang,150,19,47
kor_Hang,150,20,39
kor_Hang,150,21,19
kor_Hang,150,22,39
kor_Hang,150,23,47
kor_Hang,150,24,19
kor_Hang,150,25,39
kor_Hang,150,26,39
kor_Hang,150,27,13
kor_Hang,150,28,19
kor_Hang,150,29,13
kor_Hang,150,30,13
kor_Hang,150,31,13
kor_Hang,150,32,13
kor_Hang,150,33,13
kor_Hang,150,34,13
kor_Hang,150,35,13
kor_Hang,150,36,13
kor_Hang,150,37,13
kor_Hang,150,38,13
kor_Hang,150,39,19
kor_Hang,150,40,13
kor_Hang,150,41,13
kor_Hang,150,42,13
kor_Hang,150,43,13
kor_Hang,150,44,19
kor_Hang,150,45,13
kor_Hang,150,46,13
kor_Hang,150,47,13
kor_Hang,150,48,13
kor_Hang,150,49,13
kor_Hang,150,50,13
kor_Hang,150,51,13
kor_Hang,150,52,13
kor_Hang,150,53,13
kor_Hang,150,54,13
kor_Hang,150,55,13
kor_Hang,150,56,13
kor_Hang,150,57,13
kor_Hang,150,58,13
kor_Hang,150,59,13
kor_Hang,150,60,19
kor_Hang,150,61,13
kor_Hang,150,62,34
kor_Hang,150,63,13
kor_Hang,150,64,13
kor_Hang,150,65,34
kor_Hang,151,0,60
kor_Hang,151,1,13
kor_Hang,151,2,13
kor_Hang,151,3,13
kor_Hang,151,4,13
kor_Hang,151,5,13
kor_Hang,151,6,13
kor_Hang,151,7,13
kor_Hang,151,8,13
kor_Hang,151,9,19
kor_Hang,151,10,13
kor_Hang,151,11,13
kor_Hang,151,12,13
kor_Hang,151,13,13
kor_Hang,151,14,13
kor_Hang,151,15,13
kor_Hang,151,16,13
kor_Hang,151,17,13
kor_Hang,151,18,13
kor_Hang,151,19,13
kor_Hang,151,20,13
kor_Hang,151,21,47
kor_Hang,151,22,19
kor_Hang,151,23,13
kor_Hang,151,24,13
kor_Hang,151,25,13
kor_Hang,151,26,13
kor_Hang,151,27,13
kor_Hang,151,28,13
kor_Hang,151,29,47
kor_Hang,151,30,13
kor_Hang,151,31,19
kor_Hang,151,32,13
kor_Hang,151,33,19
kor_Hang,151,34,13
kor_Hang,151,35,13
kor_Hang,151,36,13
kor_Hang,151,37,13
kor_Hang,151,38,13
kor_Hang,151,39,13
kor_Hang,151,40,13
kor_Hang,151,41,13
kor_Hang,151,42,13
kor_Hang,151,43,13
kor_Hang,151,44,13
kor_Hang,151,45,47
kor_Hang,151,46,13
kor_Hang,151,47,13
kor_Hang,151,48,19
kor_Hang,151,49,13
kor_Hang,151,50,19
kor_Hang,151,51,13
kor_Hang,151,52,13
kor_Hang,151,53,13
kor_Hang,151,54,47
kor_Hang,151,55,13
kor_Hang,151,56,13
kor_Hang,151,57,13
kor_Hang,151,58,19
kor_Hang,151,59,13
kor_Hang,151,60,13
kor_Hang,151,61,13
kor_Hang,151,62,13
kor_Hang,151,63,13
kor_Hang,151,64,13
kor_Hang,151,65,13
kor_Hang,151,66,13
kor_Hang,151,67,13
kor_Hang,151,68,34
kor_Hang,152,0,60
kor_Hang,152,1,13
kor_Hang,152,2,1
kor_Hang,152,3,13
kor_Hang,152,4,13
kor_Hang,152,5,13
kor_Hang,152,6,13
kor_Hang,152,7,13
kor_Hang,152,8,13
kor_Hang,152,9,19
kor_Hang,152,10,13
kor_Hang,152,11,13
kor_Hang,152,12,13
kor_Hang,152,13,13
kor_Hang,152,14,47
kor_Hang,152,15,13
kor_Hang,152,16,13
kor_Hang,152,17,19
kor_Hang,152,18,13
kor_Hang,152,19,13
kor_Hang,152,20,13
kor_Hang,152,21,13
kor_Hang,152,22,13
kor_Hang,152,23,13
kor_Hang,152,24,13
kor_Hang,152,25,13
kor_Hang,152,26,13
kor_Hang,152,27,13
kor_Hang,152,28,13
kor_Hang,152,29,13
kor_Hang,152,30,13
kor_Hang,152,31,13
kor_Hang,152,32,13
kor_Hang,152,33,13
kor_Hang,152,34,13
kor_Hang,152,35,13
kor_Hang,152,36,13
kor_Hang,152,37,13
kor_Hang,152,38,13
kor_Hang,152,39,13
kor_Hang,152,40,13
kor_Hang,152,41,19
kor_Hang,152,42,13
kor_Hang,152,43,13
kor_Hang,152,44,13
kor_Hang,152,45,13
kor_Hang,152,46,13
kor_Hang,152,47,13
kor_Hang,152,48,13
kor_Hang,152,49,13
kor_Hang,152,50,13
eng_Latn,153,0,60
eng_Latn,153,1,57
eng_Latn,153,2,41
eng_Latn,153,3,17
eng_Latn,153,4,17
eng_Latn,153,5,16
eng_Latn,153,6,20
eng_Latn,153,7,54
eng_Latn,153,8,38
eng_Latn,153,9,15
kor_Hang,154,0,60
kor_Hang,154,1,13
kor_Hang,154,2,13
kor_Hang,154,3,13
kor_Hang,154,4,13
kor_Hang,154,5,13
kor_Hang,154,6,13
kor_Hang,154,7,13
kor_Hang,154,8,34
kor_Hang,154,9,13
kor_Hang,154,10,19
kor_Hang,154,11,13
kor_Hang,154,12,13
kor_Hang,154,13,13
kor_Hang,154,14,13
kor_Hang,154,15,13
kor_Hang,154,16,13
kor_Hang,154,17,19
kor_Hang,154,18,34
kor_Hang,154,19,34
kor_Hang,155,0,60
kor_Hang,155,1,13
kor_Hang,155,2,13
kor_Hang,155,3,13
kor_Hang,155,4,13
kor_Hang,155,5,13
kor_Hang,155,6,13
kor_Hang,155,7,19
kor_Hang,155,8,61
kor_Hang,155,9,13
kor_Hang,155,10,13
kor_Hang,155,11,13
kor_Hang,155,12,13
kor_Hang,155,13,13
kor_Hang,155,14,13
kor_Hang,155,15,13
kor_Hang,155,16,13
kor_Hang,155,17,13
kor_Hang,155,18,13
kor_Hang,155,19,13
kor_Hang,155,20,13
kor_Hang,155,21,13
kor_Hang,155,22,13
kor_Hang,155,23,13
kor_Hang,155,24,13
kor_Hang,155,25,13
kor_Hang,155,26,13
kor_Hang,155,27,52
kor_Hang,155,28,13
kor_Hang,155,29,13
kor_Hang,155,30,13
kor_Hang,155,31,13
kor_Hang,155,32,61
kor_Hang,155,33,13
kor_Hang,155,34,13
kor_Hang,155,35,13
kor_Hang,155,36,13
kor_Hang,155,37,13
kor_Hang,155,38,47
kor_Hang,155,39,13
kor_Hang,155,40,13
kor_Hang,155,41,13
kor_Hang,155,42,13
kor_Hang,155,43,13
kor_Hang,155,44,13
kor_Hang,155,45,13
kor_Hang,155,46,19
kor_Hang,155,47,13
kor_Hang,155,48,34
kor_Hang,156,0,60
kor_Hang,156,1,40
kor_Hang,156,2,49
kor_Hang,156,3,22
kor_Hang,156,4,12
kor_Hang,156,5,13
kor_Hang,156,6,13
kor_Hang,156,7,13
kor_Hang,156,8,47
kor_Hang,156,9,13
kor_Hang,156,10,13
kor_Hang,156,11,13
kor_Hang,156,12,13
kor_Hang,156,13,13
kor_Hang,156,14,13
kor_Hang,156,15,13
kor_Hang,156,16,13
kor_Hang,156,17,13
kor_Hang,156,18,13
kor_Hang,156,19,13
kor_Hang,156,20,13
kor_Hang,156,21,13
kor_Hang,156,22,1
kor_Hang,156,23,13
kor_Hang,156,24,13
kor_Hang,156,25,13
kor_Hang,156,26,13
kor_Hang,156,27,13
kor_Hang,156,28,13
kor_Hang,156,29,13
kor_Hang,156,30,19
kor_Hang,156,31,13
kor_Hang,156,32,13
kor_Hang,156,33,47
kor_Hang,156,34,13
kor_Hang,156,35,13
kor_Hang,156,36,13
kor_Hang,156,37,13
kor_Hang,156,38,13
kor_Hang,156,39,13
kor_Hang,156,40,13
kor_Hang,156,41,13
kor_Hang,157,0,60
kor_Hang,157,1,13
kor_Hang,157,2,13
kor_Hang,157,3,13
kor_Hang,157,4,19
kor_Hang,157,5,13
kor_Hang,157,6,13
kor_Hang,157,7,13
kor_Hang,157,8,19
kor_Hang,157,9,13
kor_Hang,157,10,13
kor_Hang,157,11,19
kor_Hang,157,12,34
kor_Hang,157,13,13
kor_Hang,157,14,13
kor_Hang,157,15,13
kor_Hang,157,16,13
kor_Hang,157,17,13
kor_Hang,157,18,13
kor_Hang,157,19,13
kor_Hang,157,20,13
kor_Hang,157,21,13
kor_Hang,157,22,13
kor_Hang,157,23,13
kor_Hang,157,24,13
kor_Hang,157,25,13
kor_Hang,157,26,13
kor_Hang,157,27,13
kor_Hang,157,28,13
kor_Hang,157,29,34
kor_Hang,157,30,19
kor_Hang,157,31,34
kor_Hang,157,32,13
kor_Hang,157,33,13
kor_Hang,157,34,13
kor_Hang,157,35,13
kor_Hang,157,36,13
kor_Hang,157,37,13
kor_Hang,157,38,34
kor_Hang,157,39,13
kor_Hang,157,40,13
kor_Hang,157,41,13
kor_Hang,157,42,13
kor_Hang,157,43,13
kor_Hang,157,44,13
kor_Hang,157,45,13
kor_Hang,157,46,19
kor_Hang,157,47,13
kor_Hang,157,48,13
kor_Hang,157,49,19
kor_Hang,157,50,34
kor_Hang,158,0,60
kor_Hang,158,1,13
kor_Hang,158,2,39
kor_Hang,158,3,13
kor_Hang,158,4,13
kor_Hang,158,5,13
kor_Hang,158,6,13
kor_Hang,158,7,13
kor_Hang,158,8,13
kor_Hang,158,9,13
kor_Hang,158,10,13
kor_Hang,158,11,19
kor_Hang,158,12,13
kor_Hang,158,13,13
kor_Hang,158,14,47
kor_Hang,158,15,13
kor_Hang,158,16,13
kor_Hang,158,17,13
kor_Hang,158,18,13
kor_Hang,158,19,47
kor_Hang,158,20,19
kor_Hang,158,21,13
kor_Hang,158,22,13
kor_Hang,158,23,13
kor_Hang,158,24,19
kor_Hang,158,25,13
kor_Hang,158,26,13
kor_Hang,158,27,13
kor_Hang,158,28,13
kor_Hang,158,29,19
kor_Hang,158,30,13
kor_Hang,158,31,13
kor_Hang,158,32,13
kor_Hang,158,33,34
eng_Latn,159,0,60
eng_Latn,159,1,57
eng_Latn,159,2,45
eng_Latn,159,3,46
eng_Latn,159,4,17
eng_Latn,159,5,56
eng_Latn,159,6,35
eng_Latn,159,7,35
eng_Latn,159,8,34
kor_Hang,160,0,60
kor_Hang,160,1,47
kor_Hang,160,2,13
kor_Hang,160,3,13
kor_Hang,160,4,47
kor_Hang,160,5,13
kor_Hang,160,6,13
kor_Hang,160,7,47
kor_Hang,160,8,47
kor_Hang,160,9,13
kor_Hang,160,10,13
kor_Hang,160,11,13
kor_Hang,160,12,13
kor_Hang,160,13,19
kor_Hang,160,14,13
kor_Hang,160,15,19
kor_Hang,160,16,13
kor_Hang,160,17,13
kor_Hang,160,18,13
kor_Hang,160,19,13
kor_Hang,160,20,13
kor_Hang,160,21,13
kor_Hang,160,22,13
kor_Hang,160,23,11
kor_Hang,160,24,13
kor_Hang,160,25,13
kor_Hang,160,26,19
kor_Hang,160,27,34
kor_Hang,160,28,13
kor_Hang,160,29,13
kor_Hang,160,30,13
kor_Hang,160,31,13
kor_Hang,160,32,13
kor_Hang,160,33,13
kor_Hang,160,34,13
kor_Hang,160,35,13
kor_Hang,160,36,13
kor_Hang,160,37,13
kor_Hang,160,38,13
kor_Hang,160,39,13
kor_Hang,160,40,13
kor_Hang,160,41,13
kor_Hang,160,42,13
kor_Hang,160,43,13
kor_Hang,160,44,13
kor_Hang,160,45,13
kor_Hang,160,46,13
kor_Hang,160,47,13
kor_Hang,160,48,19
kor_Hang,160,49,13
kor_Hang,160,50,13
kor_Hang,160,51,13
kor_Hang,160,52,13
kor_Hang,160,53,13
kor_Hang,160,54,13
kor_Hang,160,55,13
kor_Hang,160,56,13
kor_Hang,160,57,19
kor_Hang,160,58,34
kor_Hang,160,59,19
kor_Hang,160,60,34
kor_Hang,160,61,34
kor_Hang,161,0,60
kor_Hang,161,1,52
kor_Hang,161,2,52
kor_Hang,161,3,37
kor_Hang,161,4,13
kor_Hang,161,5,13
kor_Hang,161,6,13
kor_Hang,161,7,13
kor_Hang,161,8,13
kor_Hang,161,9,19
kor_Hang,161,10,13
kor_Hang,161,11,13
kor_Hang,161,12,13
kor_Hang,161,13,13
kor_Hang,161,14,13
kor_Hang,161,15,13
kor_Hang,161,16,13
kor_Hang,161,17,13
kor_Hang,161,18,13
kor_Hang,161,19,13
kor_Hang,161,20,13
kor_Hang,161,21,19
kor_Hang,161,22,13
kor_Hang,161,23,13
kor_Hang,161,24,19
kor_Hang,161,25,13
kor_Hang,161,26,13
kor_Hang,161,27,19
kor_Hang,161,28,19
kor_Hang,161,29,19
kor_Hang,161,30,19
kor_Hang,161,31,13
kor_Hang,161,32,47
kor_Hang,161,33,13
kor_Hang,161,34,13
kor_Hang,161,35,13
kor_Hang,161,36,13
kor_Hang,161,37,13
kor_Hang,161,38,13
kor_Hang,161,39,19
kor_Hang,161,40,13
kor_Hang,161,41,13
kor_Hang,161,42,13
kor_Hang,161,43,13
kor_Hang,161,44,13
kor_Hang,161,45,13
kor_Hang,161,46,47
kor_Hang,161,47,13
kor_Hang,161,48,13
kor_Hang,161,49,13
kor_Hang,161,50,13
kor_Hang,161,51,13
kor_Hang,161,52,13
kor_Hang,161,53,13
kor_Hang,161,54,13
kor_Hang,161,55,19
kor_Hang,161,56,34
kor_Hang,161,57,13
kor_Hang,161,58,13
kor_Hang,161,59,13
kor_Hang,161,60,13
kor_Hang,161,61,13
kor_Hang,161,62,47
kor_Hang,161,63,19
kor_Hang,161,64,13
kor_Hang,161,65,13
kor_Hang,161,66,47
kor_Hang,161,67,39
kor_Hang,161,68,13
kor_Hang,161,69,13
kor_Hang,161,70,13
kor_Hang,161,71,39
kor_Hang,161,72,13
kor_Hang,161,73,39
kor_Hang,161,74,13
kor_Hang,161,75,13
kor_Hang,161,76,19
kor_Hang,161,77,13
kor_Hang,161,78,34
kor_Hang,162,0,60
kor_Hang,162,1,13
kor_Hang,162,2,13
kor_Hang,162,3,13
kor_Hang,162,4,13
kor_Hang,162,5,13
kor_Hang,162,6,13
kor_Hang,162,7,13
kor_Hang,162,8,13
kor_Hang,162,9,34
kor_Hang,162,10,13
kor_Hang,162,11,13
kor_Hang,162,12,61
kor_Hang,162,13,13
kor_Hang,162,14,13
kor_Hang,162,15,13
kor_Hang,162,16,13
kor_Hang,162,17,13
kor_Hang,162,18,13
kor_Hang,162,19,13
kor_Hang,162,20,13
kor_Hang,162,21,13
kor_Hang,162,22,13
kor_Hang,162,23,13
kor_Hang,162,24,13
kor_Hang,162,25,13
kor_Hang,162,26,19
kor_Hang,162,27,13
kor_Hang,162,28,13
kor_Hang,162,29,13
kor_Hang,162,30,47
kor_Hang,162,31,13
kor_Hang,162,32,61
kor_Hang,162,33,19
kor_Hang,162,34,13
kor_Hang,162,35,13
kor_Hang,162,36,13
kor_Hang,162,37,19
kor_Hang,162,38,13
kor_Hang,162,39,13
kor_Hang,162,40,13
kor_Hang,162,41,13
kor_Hang,162,42,13
kor_Hang,162,43,13
kor_Hang,162,44,19
kor_Hang,162,45,13
kor_Hang,162,46,61
kor_Hang,162,47,13
kor_Hang,162,48,13
kor_Hang,162,49,13
kor_Hang,162,50,13
kor_Hang,162,51,13
kor_Hang,162,52,13
kor_Hang,162,53,13
kor_Hang,162,54,19
kor_Hang,162,55,13
kor_Hang,162,56,34
kor_Hang,163,0,60
kor_Hang,163,1,9
kor_Hang,163,2,13
kor_Hang,163,3,13
kor_Hang,163,4,19
kor_Hang,163,5,13
kor_Hang,163,6,61
kor_Hang,163,7,19
kor_Hang,163,8,13
kor_Hang,163,9,47
kor_Hang,163,10,13
kor_Hang,163,11,19
kor_Hang,163,12,13
kor_Hang,163,13,13
kor_Hang,163,14,27
kor_Hang,163,15,13
kor_Hang,163,16,13
kor_Hang,163,17,47
kor_Hang,163,18,13
kor_Hang,163,19,19
kor_Hang,163,20,13
kor_Hang,163,21,13
kor_Hang,163,22,13
kor_Hang,163,23,13
kor_Hang,163,24,47
kor_Hang,163,25,19
kor_Hang,163,26,13
kor_Hang,163,27,13
kor_Hang,163,28,13
kor_Hang,163,29,13
kor_Hang,163,30,13
kor_Hang,163,31,13
kor_Hang,163,32,19
kor_Hang,163,33,13
kor_Hang,163,34,13
kor_Hang,163,35,13
kor_Hang,163,36,13
kor_Hang,163,37,13
kor_Hang,163,38,19
kor_Hang,163,39,13
kor_Hang,163,40,13
kor_Hang,163,41,13
kor_Hang,163,42,13
kor_Hang,163,43,13
kor_Hang,163,44,13
kor_Hang,163,45,13
kor_Hang,163,46,13
kor_Hang,163,47,13
kor_Hang,163,48,47
kor_Hang,163,49,19
kor_Hang,163,50,13
kor_Hang,163,51,13
kor_Hang,163,52,13
kor_Hang,163,53,13
kor_Hang,163,54,13
kor_Hang,163,55,13
kor_Hang,163,56,13
kor_Hang,163,57,13
kor_Hang,163,58,47
kor_Hang,163,59,13
kor_Hang,163,60,13
kor_Hang,163,61,13
kor_Hang,163,62,13
kor_Hang,163,63,13
kor_Hang,163,64,19
kor_Hang,163,65,13
kor_Hang,163,66,13
kor_Hang,163,67,27
kor_Hang,163,68,13
kor_Hang,163,69,13
kor_Hang,163,70,13
kor_Hang,163,71,13
kor_Hang,163,72,13
kor_Hang,163,73,13
kor_Hang,163,74,52
kor_Hang,163,75,19
kor_Hang,163,76,13
kor_Hang,163,77,13
kor_Hang,163,78,34
eng_Latn,164,0,60
eng_Latn,164,1,39
eng_Latn,164,2,40
eng_Latn,164,3,18
eng_Latn,164,4,51
eng_Latn,164,5,18
eng_Latn,164,6,53
eng_Latn,164,7,16
kor_Hang,165,0,60
kor_Hang,165,1,13
kor_Hang,165,2,13
kor_Hang,165,3,13
kor_Hang,165,4,13
kor_Hang,165,5,13
kor_Hang,165,6,13
kor_Hang,165,7,13
kor_Hang,165,8,13
kor_Hang,165,9,61
kor_Hang,165,10,13
kor_Hang,165,11,13
kor_Hang,165,12,13
kor_Hang,165,13,13
kor_Hang,165,14,13
kor_Hang,165,15,13
kor_Hang,165,16,13
kor_Hang,165,17,13
kor_Hang,165,18,47
kor_Hang,165,19,19
kor_Hang,165,20,13
kor_Hang,165,21,13
kor_Hang,165,22,13
kor_Hang,165,23,13
kor_Hang,165,24,13
kor_Hang,165,25,13
kor_Hang,165,26,13
kor_Hang,165,27,13
kor_Hang,165,28,13
kor_Hang,165,29,13
kor_Hang,165,30,13
kor_Hang,165,31,19
kor_Hang,165,32,13
kor_Hang,165,33,13
kor_Hang,165,34,13
kor_Hang,165,35,13
kor_Hang,165,36,19
kor_Hang,165,37,13
kor_Hang,165,38,13
kor_Hang,165,39,13
kor_Hang,165,40,19
kor_Hang,165,41,13
kor_Hang,165,42,47
kor_Hang,165,43,19
kor_Hang,165,44,13
kor_Hang,165,45,13
kor_Hang,165,46,13
kor_Hang,165,47,13
kor_Hang,165,48,13
kor_Hang,165,49,13
kor_Hang,165,50,13
kor_Hang,165,51,13
kor_Hang,165,52,47
kor_Hang,165,53,13
kor_Hang,165,54,13
kor_Hang,165,55,13
kor_Hang,165,56,13
kor_Hang,165,57,13
kor_Hang,165,58,34
kor_Hang,166,0,60
kor_Hang,166,1,13
kor_Hang,166,2,13
kor_Hang,166,3,13
kor_Hang,166,4,13
kor_Hang,166,5,19
kor_Hang,166,6,13
kor_Hang,166,7,13
kor_Hang,166,8,13
kor_Hang,166,9,13
kor_Hang,166,10,13
kor_Hang,166,11,13
kor_Hang,166,12,12
kor_Hang,166,13,11
kor_Hang,166,14,13
kor_Hang,166,15,19
kor_Hang,166,16,19
kor_Hang,166,17,13
kor_Hang,166,18,39
kor_Hang,166,19,47
kor_Hang,166,20,13
kor_Hang,166,21,13
kor_Hang,166,22,13
kor_Hang,166,23,19
kor_Hang,166,24,13
kor_Hang,166,25,13
kor_Hang,166,26,13
kor_Hang,166,27,13
kor_Hang,166,28,34
kor_Hang,166,29,13
kor_Hang,166,30,13
kor_Hang,166,31,13
kor_Hang,166,32,13
kor_Hang,166,33,13
kor_Hang,166,34,13
kor_Hang,166,35,13
kor_Hang,166,36,19
kor_Hang,166,37,13
kor_Hang,166,38,13
kor_Hang,166,39,13
kor_Hang,166,40,13
kor_Hang,166,41,13
kor_Hang,166,42,13
kor_Hang,166,43,13
kor_Hang,166,44,61
kor_Hang,166,45,47
kor_Hang,166,46,13
kor_Hang,166,47,13
kor_Hang,166,48,13
kor_Hang,166,49,13
kor_Hang,166,50,13
kor_Hang,166,51,13
kor_Hang,166,52,13
kor_Hang,166,53,13
kor_Hang,166,54,13
kor_Hang,166,55,13
kor_Hang,166,56,13
kor_Hang,166,57,13
kor_Hang,166,58,13
kor_Hang,166,59,19
kor_Hang,166,60,13
kor_Hang,166,61,13
kor_Hang,166,62,13
kor_Hang,166,63,13
kor_Hang,166,64,13
kor_Hang,166,65,34
kor_Hang,166,66,34
kor_Hang,166,67,34
kor_Hang,166,68,34
eng_Latn,167,0,60
eng_Latn,167,1,38
eng_Latn,167,2,38
eng_Latn,167,3,56
eng_Latn,167,4,47
eng_Latn,167,5,14
eng_Latn,167,6,14
eng_Latn,167,7,21
eng_Latn,167,8,14
eng_Latn,167,9,49
kor_Hang,168,0,60
kor_Hang,168,1,19
kor_Hang,168,2,47
kor_Hang,168,3,19
kor_Hang,168,4,39
kor_Hang,168,5,19
kor_Hang,168,6,13
kor_Hang,168,7,13
kor_Hang,168,8,13
kor_Hang,168,9,13
kor_Hang,168,10,19
kor_Hang,168,11,13
kor_Hang,168,12,13
kor_Hang,168,13,13
kor_Hang,168,14,13
kor_Hang,168,15,13
kor_Hang,168,16,13
kor_Hang,168,17,13
kor_Hang,168,18,13
kor_Hang,168,19,13
kor_Hang,168,20,13
kor_Hang,168,21,13
kor_Hang,168,22,13
kor_Hang,168,23,13
kor_Hang,168,24,34
kor_Hang,168,25,19
kor_Hang,168,26,13
kor_Hang,168,27,13
kor_Hang,168,28,13
kor_Hang,168,29,13
kor_Hang,168,30,13
kor_Hang,168,31,13
kor_Hang,168,32,13
kor_Hang,168,33,13
kor_Hang,168,34,13
kor_Hang,168,35,34
kor_Hang,168,36,19
kor_Hang,168,37,13
kor_Hang,168,38,34
kor_Hang,169,0,60
kor_Hang,169,1,19
kor_Hang,169,2,13
kor_Hang,169,3,13
kor_Hang,169,4,13
kor_Hang,169,5,13
kor_Hang,169,6,47
kor_Hang,169,7,13
kor_Hang,169,8,13
kor_Hang,169,9,34
kor_Hang,169,10,13
kor_Hang,169,11,13
kor_Hang,169,12,13
kor_Hang,169,13,13
kor_Hang,169,14,19
kor_Hang,169,15,13
kor_Hang,169,16,13
kor_Hang,169,17,19
kor_Hang,169,18,13
kor_Hang,169,19,19
kor_Hang,169,20,39
kor_Hang,169,21,13
kor_Hang,169,22,13
kor_Hang,169,23,13
kor_Hang,169,24,13
kor_Hang,169,25,13
kor_Hang,169,26,13
kor_Hang,169,27,13
kor_Hang,169,28,13
kor_Hang,169,29,13
kor_Hang,169,30,13
kor_Hang,169,31,13
kor_Hang,169,32,13
kor_Hang,169,33,13
kor_Hang,169,34,13
kor_Hang,169,35,13
kor_Hang,169,36,13
kor_Hang,169,37,13
kor_Hang,169,38,13
kor_Hang,169,39,28
kor_Hang,169,40,13
kor_Hang,169,41,13
kor_Hang,169,42,13
kor_Hang,169,43,61
kor_Hang,169,44,47
kor_Hang,169,45,34
kor_Hang,169,46,13
kor_Hang,169,47,13
kor_Hang,169,48,13
kor_Hang,169,49,13
kor_Hang,169,50,13
kor_Hang,169,51,34
kor_Hang,169,52,13
kor_Hang,169,53,13
kor_Hang,169,54,34
kor_Hang,170,0,60
kor_Hang,170,1,13
kor_Hang,170,2,13
kor_Hang,170,3,13
kor_Hang,170,4,61
kor_Hang,170,5,13
kor_Hang,170,6,13
kor_Hang,170,7,13
kor_Hang,170,8,13
kor_Hang,170,9,13
kor_Hang,170,10,47
kor_Hang,170,11,13
kor_Hang,170,12,13
kor_Hang,170,13,13
kor_Hang,170,14,19
kor_Hang,170,15,13
kor_Hang,170,16,13
kor_Hang,170,17,13
kor_Hang,170,18,13
kor_Hang,170,19,13
kor_Hang,170,20,13
kor_Hang,170,21,13
kor_Hang,170,22,13
kor_Hang,170,23,61
kor_Hang,170,24,13
kor_Hang,170,25,13
kor_Hang,170,26,13
kor_Hang,170,27,13
kor_Hang,170,28,13
kor_Hang,170,29,13
kor_Hang,170,30,13
kor_Hang,170,31,13
kor_Hang,170,32,13
kor_Hang,170,33,13
kor_Hang,170,34,13
kor_Hang,170,35,47
kor_Hang,170,36,19
kor_Hang,170,37,13
kor_Hang,170,38,13
kor_Hang,170,39,13
kor_Hang,170,40,13
kor_Hang,170,41,13
kor_Hang,170,42,13
kor_Hang,170,43,13
kor_Hang,170,44,13
kor_Hang,170,45,47
kor_Hang,170,46,13
kor_Hang,170,47,13
kor_Hang,170,48,13
kor_Hang,170,49,13
kor_Hang,170,50,13
kor_Hang,170,51,19
kor_Hang,170,52,13
kor_Hang,170,53,13
kor_Hang,170,54,13
kor_Hang,170,55,13
kor_Hang,170,56,13
kor_Hang,170,57,13
kor_Hang,170,58,13
kor_Hang,170,59,13
kor_Hang,170,60,13
kor_Hang,170,61,13
kor_Hang,170,62,19
kor_Hang,170,63,13
kor_Hang,170,64,13
kor_Hang,170,65,13
kor_Hang,170,66,13
kor_Hang,170,67,13
kor_Hang,170,68,19
kor_Hang,170,69,13
kor_Hang,170,70,13
kor_Hang,170,71,13
kor_Hang,170,72,13
kor_Hang,170,73,13
kor_Hang,170,74,13
kor_Hang,170,75,13
kor_Hang,170,76,13
kor_Hang,171,0,60
kor_Hang,171,1,13
kor_Hang,171,2,13
kor_Hang,171,3,13
kor_Hang,171,4,13
kor_Hang,171,5,13
kor_Hang,171,6,13
kor_Hang,171,7,13
kor_Hang,171,8,47
kor_Hang,171,9,13
kor_Hang,171,10,13
kor_Hang,171,11,13
kor_Hang,171,12,13
kor_Hang,171,13,13
kor_Hang,171,14,19
kor_Hang,171,15,13
kor_Hang,171,16,19
kor_Hang,171,17,13
kor_Hang,171,18,13
kor_Hang,171,19,13
kor_Hang,171,20,13
kor_Hang,171,21,13
kor_Hang,171,22,13
kor_Hang,171,23,13
kor_Hang,171,24,51
kor_Hang,171,25,19
kor_Hang,171,26,13
kor_Hang,171,27,13
kor_Hang,171,28,47
kor_Hang,171,29,13
kor_Hang,171,30,13
kor_Hang,171,31,19
kor_Hang,171,32,13
kor_Hang,171,33,13
kor_Hang,171,34,13
kor_Hang,171,35,47
kor_Hang,171,36,19
kor_Hang,171,37,13
kor_Hang,171,38,13
kor_Hang,171,39,61
kor_Hang,171,40,61
kor_Hang,171,41,13
kor_Hang,171,42,13
kor_Hang,171,43,19
kor_Hang,171,44,13
kor_Hang,171,45,13
kor_Hang,171,46,13
kor_Hang,171,47,13
kor_Hang,171,48,13
kor_Hang,171,49,61
kor_Hang,171,50,13
kor_Hang,171,51,13
kor_Hang,171,52,19
kor_Hang,171,53,13
kor_Hang,171,54,13
kor_Hang,171,55,13
kor_Hang,171,56,13
kor_Hang,171,57,13
kor_Hang,171,58,13
kor_Hang,171,59,13
kor_Hang,171,60,13
kor_Hang,171,61,13
kor_Hang,171,62,13
kor_Hang,171,63,13
kor_Hang,171,64,34
kor_Hang,171,65,13
kor_Hang,171,66,13
eng_Latn,172,0,60
eng_Latn,172,1,12
eng_Latn,172,2,1
eng_Latn,172,3,13
eng_Latn,172,4,7
eng_Latn,172,5,33
eng_Latn,172,6,33
eng_Latn,172,7,33
eng_Latn,172,8,47
eng_Latn,172,9,19
eng_Latn,172,10,33
eng_Latn,172,11,33
eng_Latn,172,12,1
kor_Hang,173,0,60
kor_Hang,173,1,9
kor_Hang,173,2,13
kor_Hang,173,3,19
kor_Hang,173,4,13
kor_Hang,173,5,13
kor_Hang,173,6,39
kor_Hang,173,7,19
kor_Hang,173,8,13
kor_Hang,173,9,13
kor_Hang,173,10,13
kor_Hang,173,11,13
kor_Hang,173,12,13
kor_Hang,173,13,13
kor_Hang,173,14,13
kor_Hang,173,15,13
kor_Hang,173,16,13
kor_Hang,173,17,13
kor_Hang,173,18,13
kor_Hang,173,19,13
kor_Hang,173,20,13
kor_Hang,173,21,13
kor_Hang,173,22,19
kor_Hang,173,23,13
kor_Hang,173,24,34
kor_Hang,174,0,60
kor_Hang,174,1,19
kor_Hang,174,2,13
kor_Hang,174,3,13
kor_Hang,174,4,13
kor_Hang,174,5,13
kor_Hang,174,6,13
kor_Hang,174,7,13
kor_Hang,174,8,19
kor_Hang,174,9,13
kor_Hang,174,10,13
kor_Hang,174,11,13
kor_Hang,174,12,26
kor_Hang,174,13,13
kor_Hang,174,14,13
kor_Hang,174,15,13
kor_Hang,174,16,13
kor_Hang,174,17,13
kor_Hang,174,18,47
kor_Hang,174,19,19
kor_Hang,174,20,13
kor_Hang,174,21,13
kor_Hang,174,22,47
kor_Hang,174,23,47
kor_Hang,174,24,13
kor_Hang,174,25,19
kor_Hang,174,26,13
kor_Hang,174,27,13
kor_Hang,174,28,13
kor_Hang,174,29,13
kor_Hang,174,30,13
kor_Hang,174,31,13
kor_Hang,174,32,13
kor_Hang,174,33,13
kor_Hang,174,34,13
kor_Hang,174,35,13
kor_Hang,174,36,13
kor_Hang,174,37,13
kor_Hang,174,38,13
kor_Hang,174,39,13
kor_Hang,174,40,13
kor_Hang,174,41,13
kor_Hang,174,42,13
kor_Hang,174,43,13
kor_Hang,174,44,19
kor_Hang,174,45,13
kor_Hang,174,46,13
kor_Hang,174,47,13
kor_Hang,174,48,13
kor_Hang,174,49,13
kor_Hang,174,50,19
kor_Hang,174,51,13
kor_Hang,174,52,13
kor_Hang,174,53,13
kor_Hang,174,54,13
kor_Hang,174,55,47
kor_Hang,174,56,13
kor_Hang,174,57,13
kor_Hang,174,58,13
kor_Hang,174,59,13
kor_Hang,174,60,13
kor_Hang,174,61,13
kor_Hang,174,62,13
kor_Hang,174,63,13
kor_Hang,174,64,13
kor_Hang,174,65,13
kor_Hang,174,66,13
kor_Hang,174,67,13
kor_Hang,174,68,13
kor_Hang,174,69,13
kor_Hang,174,70,13
kor_Hang,174,71,13
kor_Hang,174,72,13
kor_Hang,174,73,34
kor_Hang,175,0,60
kor_Hang,175,1,13
kor_Hang,175,2,13
kor_Hang,175,3,24
kor_Hang,175,4,13
kor_Hang,175,5,13
kor_Hang,175,6,13
kor_Hang,175,7,19
kor_Hang,175,8,13
kor_Hang,175,9,13
kor_Hang,175,10,19
kor_Hang,175,11,13
kor_Hang,175,12,13
kor_Hang,175,13,13
kor_Hang,175,14,13
kor_Hang,175,15,13
kor_Hang,175,16,13
kor_Hang,175,17,19
kor_Hang,175,18,13
kor_Hang,175,19,13
kor_Hang,175,20,61
kor_Hang,175,21,13
kor_Hang,175,22,13
kor_Hang,175,23,13
kor_Hang,175,24,13
kor_Hang,175,25,13
kor_Hang,175,26,13
kor_Hang,175,27,13
kor_Hang,175,28,13
kor_Hang,175,29,13
kor_Hang,175,30,47
kor_Hang,175,31,47
kor_Hang,175,32,13
kor_Hang,175,33,13
kor_Hang,175,34,13
kor_Hang,175,35,19
kor_Hang,175,36,47
kor_Hang,175,37,13
kor_Hang,175,38,13
kor_Hang,175,39,13
kor_Hang,175,40,19
kor_Hang,175,41,13
kor_Hang,175,42,13
kor_Hang,175,43,13
kor_Hang,175,44,13
kor_Hang,175,45,19
kor_Hang,175,46,13
kor_Hang,175,47,13
kor_Hang,175,48,13
kor_Hang,175,49,13
kor_Hang,175,50,13
kor_Hang,175,51,13
kor_Hang,175,52,13
kor_Hang,175,53,13
kor_Hang,175,54,13
kor_Hang,175,55,13
kor_Hang,175,56,13
kor_Hang,175,57,13
kor_Hang,175,58,13
kor_Hang,175,59,13
kor_Hang,175,60,13
kor_Hang,175,61,34
kor_Hang,175,62,13
kor_Hang,175,63,13
kor_Hang,175,64,13
kor_Hang,175,65,13
kor_Hang,175,66,13
kor_Hang,175,67,19
kor_Hang,175,68,13
kor_Hang,175,69,34
kor_Hang,176,0,60
kor_Hang,176,1,13
kor_Hang,176,2,13
kor_Hang,176,3,13
kor_Hang,176,4,13
kor_Hang,176,5,13
kor_Hang,176,6,13
kor_Hang,176,7,13
kor_Hang,176,8,13
kor_Hang,176,9,13
kor_Hang,176,10,13
kor_Hang,176,11,13
kor_Hang,176,12,13
kor_Hang,176,13,19
kor_Hang,176,14,13
kor_Hang,176,15,13
kor_Hang,176,16,13
kor_Hang,176,17,13
kor_Hang,176,18,13
kor_Hang,176,19,13
kor_Hang,176,20,13
kor_Hang,176,21,13
kor_Hang,176,22,13
kor_Hang,176,23,19
kor_Hang,176,24,13
kor_Hang,176,25,19
kor_Hang,176,26,13
kor_Hang,176,27,13
kor_Hang,176,28,13
kor_Hang,176,29,13
kor_Hang,176,30,47
kor_Hang,176,31,13
kor_Hang,176,32,13
kor_Hang,176,33,52
kor_Hang,176,34,13
kor_Hang,176,35,13
kor_Hang,176,36,13
kor_Hang,176,37,34
kor_Hang,177,0,60
kor_Hang,177,1,13
kor_Hang,177,2,13
kor_Hang,177,3,13
kor_Hang,177,4,13
kor_Hang,177,5,13
kor_Hang,177,6,13
kor_Hang,177,7,13
kor_Hang,177,8,19
kor_Hang,177,9,13
kor_Hang,177,10,47
kor_Hang,177,11,19
kor_Hang,177,12,13
kor_Hang,177,13,13
kor_Hang,177,14,13
kor_Hang,177,15,13
kor_Hang,177,16,13
kor_Hang,177,17,13
kor_Hang,177,18,19
kor_Hang,177,19,13
kor_Hang,177,20,13
kor_Hang,177,21,13
kor_Hang,177,22,13
kor_Hang,177,23,13
kor_Hang,177,24,19
kor_Hang,177,25,13
kor_Hang,177,26,13
kor_Hang,177,27,19
kor_Hang,177,28,13
kor_Hang,177,29,13
kor_Hang,177,30,47
kor_Hang,177,31,13
kor_Hang,177,32,47
kor_Hang,177,33,34
kor_Hang,177,34,13
kor_Hang,177,35,9
kor_Hang,177,36,13
kor_Hang,177,37,13
kor_Hang,177,38,13
kor_Hang,177,39,13
kor_Hang,177,40,13
kor_Hang,177,41,13
kor_Hang,177,42,13
kor_Hang,177,43,13
kor_Hang,177,44,13
kor_Hang,177,45,13
kor_Hang,177,46,13
kor_Hang,177,47,13
kor_Hang,177,48,13
kor_Hang,177,49,13
kor_Hang,177,50,13
kor_Hang,177,51,13
kor_Hang,177,52,13
kor_Hang,177,53,34
kor_Hang,178,0,60
kor_Hang,178,1,13
kor_Hang,178,2,13
kor_Hang,178,3,13
kor_Hang,178,4,13
kor_Hang,178,5,13
kor_Hang,178,6,13
kor_Hang,178,7,13
kor_Hang,178,8,13
kor_Hang,178,9,13
kor_Hang,178,10,13
kor_Hang,178,11,13
kor_Hang,178,12,13
kor_Hang,178,13,13
kor_Hang,178,14,13
kor_Hang,178,15,13
kor_Hang,178,16,13
kor_Hang,178,17,13
kor_Hang,178,18,13
kor_Hang,178,19,13
kor_Hang,178,20,13
kor_Hang,178,21,13
kor_Hang,178,22,13
kor_Hang,178,23,13
kor_Hang,178,24,13
kor_Hang,178,25,13
kor_Hang,178,26,13
kor_Hang,178,27,47
kor_Hang,178,28,19
kor_Hang,178,29,13
kor_Hang,178,30,13
kor_Hang,178,31,13
kor_Hang,178,32,13
kor_Hang,178,33,13
kor_Hang,178,34,13
kor_Hang,178,35,13
kor_Hang,178,36,13
kor_Hang,178,37,47
kor_Hang,178,38,13
kor_Hang,178,39,13
kor_Hang,178,40,13
kor_Hang,178,41,13
kor_Hang,178,42,13
kor_Hang,178,43,19
kor_Hang,178,44,13
kor_Hang,178,45,13
kor_Hang,178,46,13
kor_Hang,178,47,19
kor_Hang,178,48,13
kor_Hang,178,49,34
kor_Hang,178,50,13
kor_Hang,178,51,13
kor_Hang,178,52,13
kor_Hang,178,53,47
kor_Hang,178,54,13
kor_Hang,178,55,13
kor_Hang,178,56,13
kor_Hang,178,57,13
kor_Hang,178,58,13
kor_Hang,178,59,13
kor_Hang,178,60,13
kor_Hang,178,61,13
kor_Hang,178,62,13
kor_Hang,178,63,13
kor_Hang,178,64,13
kor_Hang,178,65,13
kor_Hang,178,66,13
kor_Hang,178,67,13
kor_Hang,178,68,13
kor_Hang,178,69,13
kor_Hang,178,70,13
kor_Hang,178,71,19
kor_Hang,178,72,34
kor_Hang,178,73,13
kor_Hang,178,74,13
kor_Hang,178,75,13
kor_Hang,178,76,34
eng_Latn,179,0,60
eng_Latn,179,1,33
eng_Latn,179,2,1
eng_Latn,179,3,52
eng_Latn,179,4,37
eng_Latn,179,5,52
eng_Latn,179,6,1
eng_Latn,179,7,1
eng_Latn,179,8,13
eng_Latn,179,9,13
kor_Hang,180,0,60
kor_Hang,180,1,19
kor_Hang,180,2,13
kor_Hang,180,3,47
kor_Hang,180,4,19
kor_Hang,180,5,13
kor_Hang,180,6,24
kor_Hang,180,7,13
kor_Hang,180,8,19
kor_Hang,180,9,13
kor_Hang,180,10,47
kor_Hang,180,11,19
kor_Hang,180,12,13
kor_Hang,180,13,12
kor_Hang,180,14,13
kor_Hang,180,15,19
kor_Hang,180,16,13
kor_Hang,180,17,47
kor_Hang,180,18,19
kor_Hang,180,19,13
kor_Hang,180,20,13
kor_Hang,180,21,13
kor_Hang,180,22,13
kor_Hang,180,23,13
kor_Hang,180,24,12
kor_Hang,180,25,52
eng_Latn,181,0,60
eng_Latn,181,1,38
eng_Latn,181,2,46
eng_Latn,181,3,47
eng_Latn,181,4,40
eng_Latn,181,5,29
eng_Latn,181,6,33
kor_Hang,182,0,60
kor_Hang,182,1,22
kor_Hang,182,2,9
kor_Hang,182,3,13
kor_Hang,182,4,13
kor_Hang,182,5,13
kor_Hang,182,6,34
kor_Hang,182,7,12
kor_Hang,182,8,52
kor_Hang,182,9,52
kor_Hang,182,10,24
kor_Hang,182,11,52
kor_Hang,182,12,1
kor_Hang,182,13,13
kor_Hang,182,14,37
kor_Hang,182,15,52
kor_Hang,182,16,52
kor_Hang,182,17,52
kor_Hang,182,18,52
kor_Hang,182,19,13
kor_Hang,182,20,60
kor_Hang,182,21,12
kor_Hang,182,22,13
kor_Hang,182,23,47
kor_Hang,182,24,13
kor_Hang,182,25,19
kor_Hang,182,26,13
kor_Hang,182,27,13
kor_Hang,182,28,13
kor_Hang,182,29,19
kor_Hang,182,30,13
kor_Hang,182,31,19
kor_Hang,182,32,13
kor_Hang,182,33,13
kor_Hang,182,34,13
kor_Hang,182,35,13
kor_Hang,182,36,13
kor_Hang,182,37,13
kor_Hang,182,38,13
kor_Hang,182,39,13
kor_Hang,182,40,13
kor_Hang,182,41,47
kor_Hang,182,42,19
kor_Hang,182,43,34
kor_Hang,182,44,13
kor_Hang,182,45,13
kor_Hang,182,46,13
kor_Hang,182,47,13
kor_Hang,182,48,34
kor_Hang,182,49,13
kor_Hang,182,50,13
kor_Hang,182,51,13
kor_Hang,182,52,19
kor_Hang,182,53,34
kor_Hang,182,54,34
kor_Hang,183,0,60
kor_Hang,183,1,13
kor_Hang,183,2,13
kor_Hang,183,3,13
kor_Hang,183,4,47
kor_Hang,183,5,13
kor_Hang,183,6,13
kor_Hang,183,7,39
kor_Hang,183,8,39
kor_Hang,183,9,13
kor_Hang,183,10,13
kor_Hang,183,11,13
kor_Hang,183,12,13
kor_Hang,183,13,13
kor_Hang,183,14,13
kor_Hang,183,15,13
kor_Hang,183,16,13
kor_Hang,183,17,13
kor_Hang,183,18,19
kor_Hang,183,19,13
kor_Hang,183,20,13
kor_Hang,183,21,13
kor_Hang,183,22,13
kor_Hang,183,23,47
kor_Hang,183,24,13
kor_Hang,183,25,13
kor_Hang,183,26,13
kor_Hang,183,27,13
kor_Hang,183,28,13
kor_Hang,183,29,13
kor_Hang,183,30,13
kor_Hang,183,31,13
kor_Hang,183,32,47
kor_Hang,183,33,13
kor_Hang,183,34,13
kor_Hang,183,35,13
kor_Hang,183,36,13
kor_Hang,183,37,13
kor_Hang,183,38,34
kor_Hang,183,39,13
kor_Hang,183,40,13
kor_Hang,183,41,13
kor_Hang,183,42,34
kor_Hang,184,0,60
kor_Hang,184,1,13
kor_Hang,184,2,13
kor_Hang,184,3,13
kor_Hang,184,4,13
kor_Hang,184,5,13
kor_Hang,184,6,13
kor_Hang,184,7,13
kor_Hang,184,8,13
kor_Hang,184,9,19
kor_Hang,184,10,13
kor_Hang,184,11,19
kor_Hang,184,12,13
kor_Hang,184,13,13
kor_Hang,184,14,13
kor_Hang,184,15,47
kor_Hang,184,16,13
kor_Hang,184,17,13
kor_Hang,184,18,19
kor_Hang,184,19,13
kor_Hang,184,20,13
kor_Hang,184,21,13
kor_Hang,184,22,13
kor_Hang,184,23,13
kor_Hang,184,24,13
kor_Hang,184,25,13
kor_Hang,184,26,13
kor_Hang,184,27,47
kor_Hang,184,28,13
kor_Hang,184,29,13
kor_Hang,184,30,13
kor_Hang,184,31,13
kor_Hang,184,32,13
kor_Hang,184,33,13
kor_Hang,184,34,13
kor_Hang,184,35,13
kor_Hang,184,36,13
kor_Hang,184,37,13
kor_Hang,184,38,13
kor_Hang,184,39,13
kor_Hang,184,40,13
kor_Hang,184,41,34
kor_Hang,184,42,13
kor_Hang,184,43,51
kor_Hang,185,0,60
kor_Hang,185,1,13
kor_Hang,185,2,19
kor_Hang,185,3,13
kor_Hang,185,4,13
kor_Hang,185,5,61
kor_Hang,185,6,13
kor_Hang,185,7,19
kor_Hang,185,8,13
kor_Hang,185,9,13
kor_Hang,185,10,13
kor_Hang,185,11,13
kor_Hang,185,12,13
kor_Hang,185,13,13
kor_Hang,185,14,13
kor_Hang,185,15,13
kor_Hang,185,16,13
kor_Hang,185,17,13
kor_Hang,185,18,13
kor_Hang,185,19,13
kor_Hang,185,20,13
kor_Hang,185,21,13
kor_Hang,185,22,13
kor_Hang,185,23,13
kor_Hang,185,24,13
kor_Hang,185,25,13
kor_Hang,185,26,13
kor_Hang,185,27,34
kor_Hang,185,28,13
kor_Hang,185,29,13
kor_Hang,185,30,34
kor_Hang,186,0,60
kor_Hang,186,1,13
kor_Hang,186,2,19
kor_Hang,186,3,13
kor_Hang,186,4,13
kor_Hang,186,5,19
kor_Hang,186,6,13
kor_Hang,186,7,12
kor_Hang,186,8,13
kor_Hang,186,9,19
kor_Hang,186,10,13
kor_Hang,186,11,47
kor_Hang,186,12,13
kor_Hang,186,13,39
kor_Hang,186,14,47
kor_Hang,186,15,13
kor_Hang,186,16,13
kor_Hang,186,17,13
kor_Hang,186,18,13
kor_Hang,186,19,13
kor_Hang,186,20,13
kor_Hang,186,21,13
kor_Hang,186,22,13
kor_Hang,186,23,47
kor_Hang,186,24,47
kor_Hang,186,25,13
kor_Hang,186,26,47
kor_Hang,186,27,47
kor_Hang,186,28,13
kor_Hang,186,29,47
kor_Hang,186,30,13
kor_Hang,186,31,13
kor_Hang,186,32,13
kor_Hang,186,33,19
kor_Hang,186,34,13
kor_Hang,186,35,47
kor_Hang,186,36,13
kor_Hang,186,37,13
kor_Hang,186,38,13
kor_Hang,186,39,13
kor_Hang,186,40,13
kor_Hang,186,41,13
kor_Hang,186,42,13
kor_Hang,186,43,13
kor_Hang,186,44,13
kor_Hang,186,45,13
kor_Hang,186,46,13
kor_Hang,186,47,13
kor_Hang,186,48,13
kor_Hang,186,49,13
kor_Hang,186,50,13
kor_Hang,186,51,19
kor_Hang,186,52,13
kor_Hang,186,53,13
kor_Hang,186,54,13
kor_Hang,186,55,13
kor_Hang,186,56,13
kor_Hang,186,57,13
kor_Hang,186,58,13
kor_Hang,186,59,13
kor_Hang,186,60,13
kor_Hang,186,61,19
kor_Hang,186,62,13
kor_Hang,186,63,47
kor_Hang,186,64,13
kor_Hang,186,65,13
kor_Hang,186,66,13
kor_Hang,186,67,13
kor_Hang,187,0,60
kor_Hang,187,1,13
kor_Hang,187,2,52
kor_Hang,187,3,13
kor_Hang,187,4,13
kor_Hang,187,5,13
kor_Hang,187,6,13
kor_Hang,187,7,13
kor_Hang,187,8,13
kor_Hang,187,9,19
kor_Hang,187,10,13
kor_Hang,187,11,13
kor_Hang,187,12,47
kor_Hang,187,13,13
kor_Hang,187,14,13
kor_Hang,187,15,13
kor_Hang,187,16,13
kor_Hang,187,17,13
kor_Hang,187,18,13
kor_Hang,187,19,13
kor_Hang,187,20,13
kor_Hang,187,21,13
kor_Hang,188,0,60
kor_Hang,188,1,13
kor_Hang,188,2,13
kor_Hang,188,3,19
kor_Hang,188,4,13
kor_Hang,188,5,13
kor_Hang,188,6,13
kor_Hang,188,7,13
kor_Hang,188,8,13
kor_Hang,188,9,13
kor_Hang,188,10,13
kor_Hang,188,11,13
kor_Hang,188,12,13
kor_Hang,188,13,13
kor_Hang,188,14,13
kor_Hang,188,15,13
kor_Hang,188,16,13
kor_Hang,188,17,13
kor_Hang,188,18,13
kor_Hang,188,19,13
kor_Hang,188,20,13
kor_Hang,188,21,19
kor_Hang,188,22,13
kor_Hang,188,23,34
kor_Hang,189,0,60
kor_Hang,189,1,1
kor_Hang,189,2,52
kor_Hang,189,3,9
kor_Hang,189,4,13
kor_Hang,189,5,13
kor_Hang,189,6,13
kor_Hang,189,7,13
kor_Hang,189,8,47
kor_Hang,189,9,19
kor_Hang,189,10,13
kor_Hang,189,11,13
kor_Hang,189,12,19
kor_Hang,189,13,13
kor_Hang,189,14,13
kor_Hang,189,15,13
kor_Hang,189,16,13
kor_Hang,189,17,27
kor_Hang,189,18,13
kor_Hang,189,19,19
kor_Hang,189,20,13
kor_Hang,189,21,19
kor_Hang,189,22,13
kor_Hang,189,23,19
kor_Hang,189,24,13
kor_Hang,189,25,13
kor_Hang,189,26,13
kor_Hang,189,27,13
kor_Hang,189,28,13
kor_Hang,189,29,13
kor_Hang,189,30,19
kor_Hang,189,31,13
kor_Hang,189,32,52
kor_Hang,189,33,1
kor_Hang,189,34,13
kor_Hang,189,35,12
kor_Hang,189,36,13
kor_Hang,189,37,13
kor_Hang,189,38,13
kor_Hang,189,39,13
kor_Hang,189,40,19
kor_Hang,189,41,13
kor_Hang,189,42,13
kor_Hang,189,43,13
kor_Hang,189,44,13
kor_Hang,189,45,13
kor_Hang,189,46,13
kor_Hang,189,47,19
kor_Hang,189,48,13
kor_Hang,189,49,47
kor_Hang,189,50,13
kor_Hang,189,51,13
kor_Hang,189,52,47
kor_Hang,189,53,13
kor_Hang,190,0,60
kor_Hang,190,1,13
kor_Hang,190,2,13
kor_Hang,190,3,19
kor_Hang,190,4,13
kor_Hang,190,5,13
kor_Hang,190,6,13
kor_Hang,190,7,47
kor_Hang,190,8,13
kor_Hang,190,9,13
kor_Hang,190,10,19
kor_Hang,190,11,13
kor_Hang,190,12,13
kor_Hang,190,13,13
kor_Hang,190,14,13
kor_Hang,190,15,61
kor_Hang,190,16,19
kor_Hang,190,17,13
kor_Hang,190,18,13
kor_Hang,190,19,13
kor_Hang,190,20,13
kor_Hang,190,21,47
kor_Hang,190,22,13
kor_Hang,190,23,13
kor_Hang,190,24,13
kor_Hang,190,25,13
kor_Hang,190,26,13
kor_Hang,190,27,19
kor_Hang,190,28,13
kor_Hang,190,29,13
kor_Hang,190,30,13
kor_Hang,190,31,13
kor_Hang,190,32,13
kor_Hang,190,33,19
kor_Hang,190,34,13
kor_Hang,190,35,13
kor_Hang,190,36,13
kor_Hang,190,37,13
kor_Hang,190,38,13
kor_Hang,190,39,13
kor_Hang,190,40,52
kor_Hang,190,41,13
kor_Hang,191,0,60
kor_Hang,191,1,13
kor_Hang,191,2,13
kor_Hang,191,3,13
kor_Hang,191,4,13
kor_Hang,191,5,61
kor_Hang,191,6,13
kor_Hang,191,7,13
kor_Hang,191,8,13
kor_Hang,191,9,19
kor_Hang,191,10,13
kor_Hang,191,11,11
kor_Hang,191,12,39
eng_Latn,192,0,60
eng_Latn,192,1,52
eng_Latn,192,2,18
eng_Latn,192,3,16
eng_Latn,192,4,18
eng_Latn,192,5,16
eng_Latn,192,6,34
eng_Latn,192,7,56
eng_Latn,192,8,33
eng_Latn,192,9,26
eng_Latn,192,10,40
eng_Latn,192,11,13
eng_Latn,193,0,60
eng_Latn,193,1,56
eng_Latn,193,2,56
eng_Latn,193,3,16
eng_Latn,193,4,53
eng_Latn,193,5,34
eng_Latn,193,6,57
eng_Latn,193,7,51
kor_Hang,194,0,60
kor_Hang,194,1,13
kor_Hang,194,2,19
kor_Hang,194,3,13
kor_Hang,194,4,13
kor_Hang,194,5,13
kor_Hang,194,6,13
kor_Hang,194,7,13
kor_Hang,194,8,13
kor_Hang,194,9,13
kor_Hang,194,10,13
kor_Hang,194,11,13
kor_Hang,194,12,13
kor_Hang,194,13,13
kor_Hang,194,14,13
kor_Hang,194,15,13
kor_Hang,194,16,13
kor_Hang,194,17,13
kor_Hang,194,18,13
kor_Hang,194,19,61
kor_Hang,194,20,13
kor_Hang,194,21,19
kor_Hang,194,22,13
kor_Hang,194,23,13
kor_Hang,194,24,19
kor_Hang,194,25,13
kor_Hang,194,26,13
kor_Hang,194,27,19
kor_Hang,194,28,13
kor_Hang,194,29,13
kor_Hang,194,30,19
kor_Hang,194,31,13
kor_Hang,194,32,19
kor_Hang,194,33,13
kor_Hang,194,34,13
kor_Hang,194,35,13
kor_Hang,194,36,34
kor_Hang,194,37,13
kor_Hang,194,38,13
kor_Hang,194,39,34
kor_Hang,194,40,34
kor_Hang,194,41,13
kor_Hang,194,42,13
kor_Hang,194,43,13
kor_Hang,194,44,13
kor_Hang,194,45,13
kor_Hang,194,46,61
kor_Hang,194,47,47
kor_Hang,194,48,13
kor_Hang,194,49,13
kor_Hang,194,50,13
kor_Hang,194,51,13
kor_Hang,194,52,13
kor_Hang,194,53,13
kor_Hang,194,54,13
kor_Hang,194,55,19
kor_Hang,194,56,13
kor_Hang,194,57,34
kor_Hang,195,0,60
kor_Hang,195,1,22
kor_Hang,195,2,22
kor_Hang,195,3,22
kor_Hang,195,4,11
kor_Hang,195,5,13
kor_Hang,195,6,19
kor_Hang,195,7,39
kor_Hang,195,8,13
kor_Hang,195,9,19
kor_Hang,195,10,13
kor_Hang,195,11,13
kor_Hang,195,12,19
kor_Hang,195,13,13
kor_Hang,195,14,13
kor_Hang,195,15,13
kor_Hang,195,16,13
kor_Hang,195,17,13
kor_Hang,195,18,13
kor_Hang,195,19,13
kor_Hang,195,20,13
kor_Hang,195,21,13
kor_Hang,195,22,13
kor_Hang,195,23,13
kor_Hang,195,24,13
kor_Hang,195,25,19
kor_Hang,195,26,13
kor_Hang,195,27,13
kor_Hang,195,28,13
kor_Hang,195,29,34
kor_Hang,195,30,13
kor_Hang,195,31,13
kor_Hang,195,32,13
kor_Hang,195,33,34
kor_Hang,195,34,13
kor_Hang,195,35,34
kor_Hang,195,36,34
kor_Hang,196,0,60
kor_Hang,196,1,19
kor_Hang,196,2,13
kor_Hang,196,3,13
kor_Hang,196,4,13
kor_Hang,196,5,13
kor_Hang,196,6,47
kor_Hang,196,7,13
kor_Hang,196,8,13
kor_Hang,196,9,13
kor_Hang,196,10,13
kor_Hang,196,11,13
kor_Hang,196,12,13
kor_Hang,196,13,13
kor_Hang,196,14,13
kor_Hang,196,15,19
kor_Hang,196,16,13
kor_Hang,196,17,19
kor_Hang,196,18,13
kor_Hang,196,19,13
kor_Hang,196,20,19
kor_Hang,196,21,13
kor_Hang,196,22,13
kor_Hang,196,23,13
kor_Hang,196,24,13
kor_Hang,196,25,13
kor_Hang,196,26,13
kor_Hang,196,27,13
kor_Hang,196,28,13
kor_Hang,196,29,13
kor_Hang,196,30,13
kor_Hang,196,31,13
kor_Hang,196,32,19
kor_Hang,196,33,13
kor_Hang,196,34,13
kor_Hang,196,35,13
kor_Hang,196,36,34
kor_Hang,197,0,60
kor_Hang,197,1,13
kor_Hang,197,2,19
kor_Hang,197,3,13
kor_Hang,197,4,19
kor_Hang,197,5,13
kor_Hang,197,6,13
kor_Hang,197,7,19
kor_Hang,197,8,13
kor_Hang,197,9,13
kor_Hang,197,10,13
kor_Hang,197,11,47
kor_Hang,197,12,13
kor_Hang,197,13,47
kor_Hang,197,14,13
kor_Hang,197,15,13
kor_Hang,197,16,13
kor_Hang,197,17,13
kor_Hang,197,18,13
kor_Hang,197,19,19
kor_Hang,197,20,13
kor_Hang,197,21,13
kor_Hang,197,22,13
kor_Hang,197,23,13
kor_Hang,197,24,47
kor_Hang,197,25,13
kor_Hang,197,26,13
kor_Hang,197,27,19
kor_Hang,197,28,13
kor_Hang,197,29,13
kor_Hang,197,30,13
kor_Hang,197,31,13
kor_Hang,197,32,13
kor_Hang,197,33,13
kor_Hang,197,34,13
kor_Hang,197,35,13
kor_Hang,197,36,13
kor_Hang,197,37,61
kor_Hang,197,38,13
kor_Hang,197,39,13
kor_Hang,197,40,13
kor_Hang,197,41,13
kor_Hang,197,42,13
kor_Hang,197,43,19
kor_Hang,197,44,13
kor_Hang,197,45,13
kor_Hang,197,46,13
kor_Hang,197,47,13
kor_Hang,197,48,13
kor_Hang,197,49,13
kor_Hang,197,50,13
kor_Hang,197,51,13
kor_Hang,197,52,47
kor_Hang,197,53,47
kor_Hang,197,54,34
kor_Hang,197,55,13
kor_Hang,197,56,13
kor_Hang,197,57,13
kor_Hang,197,58,47
kor_Hang,197,59,13
kor_Hang,197,60,13
kor_Hang,197,61,19
kor_Hang,197,62,13
kor_Hang,197,63,13
kor_Hang,197,64,13
kor_Hang,197,65,34
kor_Hang,197,66,13
kor_Hang,197,67,13
kor_Hang,197,68,13
kor_Hang,197,69,13
kor_Hang,197,70,13
kor_Hang,197,71,13
kor_Hang,197,72,13
kor_Hang,197,73,13
kor_Hang,197,74,13
kor_Hang,197,75,13
kor_Hang,197,76,19
kor_Hang,197,77,19
kor_Hang,197,78,34
kor_Hang,197,79,13
kor_Hang,197,80,13
kor_Hang,197,81,13
kor_Hang,197,82,13
kor_Hang,197,83,13
kor_Hang,197,84,34
kor_Hang,197,85,34
kor_Hang,198,0,60
kor_Hang,198,1,47
kor_Hang,198,2,13
kor_Hang,198,3,13
kor_Hang,198,4,13
kor_Hang,198,5,42
kor_Hang,198,6,9
kor_Hang,198,7,11
kor_Hang,198,8,13
kor_Hang,198,9,13
kor_Hang,198,10,13
kor_Hang,198,11,13
kor_Hang,198,12,13
kor_Hang,198,13,19
kor_Hang,198,14,19
kor_Hang,198,15,13
kor_Hang,198,16,34
kor_Hang,198,17,13
kor_Hang,198,18,13
kor_Hang,198,19,13
kor_Hang,198,20,13
kor_Hang,198,21,13
kor_Hang,198,22,13
kor_Hang,198,23,47
kor_Hang,198,24,19
kor_Hang,198,25,13
kor_Hang,198,26,12
kor_Hang,198,27,12
kor_Hang,198,28,13
kor_Hang,198,29,13
kor_Hang,198,30,13
kor_Hang,198,31,13
kor_Hang,198,32,47
kor_Hang,198,33,34
kor_Hang,198,34,13
kor_Hang,198,35,13
kor_Hang,198,36,34
kor_Hang,199,0,60
kor_Hang,199,1,13
kor_Hang,199,2,52
kor_Hang,199,3,52
kor_Hang,199,4,19
kor_Hang,199,5,13
kor_Hang,199,6,24
kor_Hang,199,7,13
kor_Hang,199,8,13
kor_Hang,199,9,13
kor_Hang,199,10,13
kor_Hang,199,11,13
kor_Hang,199,12,13
kor_Hang,199,13,13
kor_Hang,199,14,13
kor_Hang,199,15,13
kor_Hang,199,16,13
kor_Hang,199,17,13
kor_Hang,199,18,19
kor_Hang,199,19,13
kor_Hang,199,20,13
kor_Hang,199,21,13
kor_Hang,199,22,13
kor_Hang,199,23,13
kor_Hang,199,24,13
kor_Hang,199,25,13
kor_Hang,199,26,13
kor_Hang,199,27,9
kor_Hang,199,28,47
kor_Hang,199,29,13
kor_Hang,199,30,13
kor_Hang,199,31,13
kor_Hang,199,32,13
kor_Hang,199,33,13
kor_Hang,199,34,13
kor_Hang,199,35,13
kor_Hang,199,36,13
kor_Hang,199,37,13
kor_Hang,199,38,13
kor_Hang,199,39,13
kor_Hang,199,40,13
kor_Hang,199,41,13
kor_Hang,199,42,13
kor_Hang,199,43,13
kor_Hang,199,44,13
kor_Hang,199,45,13
kor_Hang,199,46,13
kor_Hang,199,47,13
kor_Hang,199,48,13
kor_Hang,199,49,13
kor_Hang,199,50,19
kor_Hang,199,51,13
kor_Hang,199,52,13
kor_Hang,199,53,13
kor_Hang,199,54,13
kor_Hang,199,55,13
kor_Hang,199,56,13
kor_Hang,199,57,13
kor_Hang,199,58,13
kor_Hang,199,59,13
kor_Hang,199,60,13
kor_Hang,199,61,13
kor_Hang,199,62,13
kor_Hang,199,63,13
kor_Hang,199,64,13
kor_Hang,199,65,34
kor_Hang,199,66,13
kor_Hang,199,67,13
kor_Hang,199,68,34
eng_Latn,200,0,60
eng_Latn,200,1,22
eng_Latn,200,2,34
eng_Latn,200,3,20
eng_Latn,200,4,34
eng_Latn,200,5,34
eng_Latn,200,6,11
kor_Hang,201,0,60
kor_Hang,201,1,13
kor_Hang,201,2,13
kor_Hang,201,3,13
kor_Hang,201,4,13
kor_Hang,201,5,13
kor_Hang,201,6,19
kor_Hang,201,7,13
kor_Hang,201,8,58
kor_Hang,201,9,13
kor_Hang,201,10,47
kor_Hang,201,11,13
kor_Hang,201,12,47
kor_Hang,201,13,26
kor_Hang,201,14,39
kor_Hang,201,15,13
kor_Hang,201,16,11
kor_Hang,201,17,13
kor_Hang,201,18,13
kor_Hang,201,19,13
kor_Hang,201,20,13
kor_Hang,201,21,47
kor_Hang,201,22,13
kor_Hang,201,23,13
kor_Hang,201,24,13
kor_Hang,201,25,13
kor_Hang,201,26,13
kor_Hang,201,27,13
kor_Hang,201,28,47
kor_Hang,201,29,13
kor_Hang,201,30,13
kor_Hang,201,31,27
kor_Hang,201,32,39
kor_Hang,201,33,27
kor_Hang,201,34,13
kor_Hang,201,35,13
kor_Hang,201,36,19
kor_Hang,201,37,13
kor_Hang,201,38,47
kor_Hang,201,39,13
kor_Hang,201,40,13
kor_Hang,201,41,13
kor_Hang,201,42,13
kor_Hang,201,43,13
kor_Hang,201,44,13
kor_Hang,201,45,47
kor_Hang,201,46,13
kor_Hang,201,47,13
kor_Hang,201,48,13
kor_Hang,201,49,47
kor_Hang,201,50,19
kor_Hang,201,51,13
kor_Hang,201,52,13
kor_Hang,201,53,19
kor_Hang,201,54,13
kor_Hang,201,55,12
kor_Hang,201,56,13
kor_Hang,201,57,19
kor_Hang,201,58,13
kor_Hang,201,59,47
kor_Hang,201,60,13
kor_Hang,201,61,11
kor_Hang,201,62,13
kor_Hang,201,63,13
kor_Hang,201,64,13
kor_Hang,201,65,19
kor_Hang,201,66,13
kor_Hang,201,67,19
kor_Hang,201,68,13
kor_Hang,201,69,52
kor_Hang,201,70,52
kor_Hang,202,0,60
kor_Hang,202,1,13
kor_Hang,202,2,13
kor_Hang,202,3,13
kor_Hang,202,4,13
kor_Hang,202,5,19
kor_Hang,202,6,39
kor_Hang,202,7,47
kor_Hang,202,8,47
kor_Hang,202,9,47
kor_Hang,202,10,19
kor_Hang,202,11,13
kor_Hang,202,12,13
kor_Hang,202,13,13
kor_Hang,202,14,13
kor_Hang,202,15,13
kor_Hang,202,16,13
kor_Hang,202,17,13
kor_Hang,202,18,13
kor_Hang,202,19,13
kor_Hang,202,20,19
kor_Hang,202,21,13
kor_Hang,202,22,13
kor_Hang,202,23,13
kor_Hang,202,24,13
kor_Hang,202,25,13
kor_Hang,202,26,13
kor_Hang,202,27,13
kor_Hang,202,28,13
kor_Hang,202,29,13
kor_Hang,202,30,13
kor_Hang,202,31,19
kor_Hang,202,32,13
kor_Hang,202,33,13
kor_Hang,202,34,19
kor_Hang,202,35,13
kor_Hang,202,36,13
kor_Hang,202,37,47
kor_Hang,202,38,13
kor_Hang,202,39,13
kor_Hang,202,40,13
kor_Hang,202,41,13
kor_Hang,202,42,34
kor_Hang,203,0,60
kor_Hang,203,1,39
kor_Hang,203,2,13
kor_Hang,203,3,13
kor_Hang,203,4,13
kor_Hang,203,5,13
kor_Hang,203,6,19
kor_Hang,203,7,39
kor_Hang,203,8,19
kor_Hang,203,9,13
kor_Hang,203,10,13
kor_Hang,203,11,13
kor_Hang,203,12,13
kor_Hang,203,13,13
kor_Hang,203,14,13
kor_Hang,203,15,13
kor_Hang,203,16,13
kor_Hang,203,17,13
kor_Hang,203,18,13
kor_Hang,203,19,13
kor_Hang,203,20,13
kor_Hang,203,21,13
kor_Hang,203,22,13
kor_Hang,203,23,13
kor_Hang,203,24,13
kor_Hang,203,25,47
kor_Hang,203,26,19
kor_Hang,203,27,13
kor_Hang,203,28,13
kor_Hang,203,29,13
kor_Hang,203,30,13
kor_Hang,203,31,13
kor_Hang,203,32,13
kor_Hang,203,33,13
kor_Hang,203,34,13
kor_Hang,203,35,47
kor_Hang,203,36,47
kor_Hang,203,37,13
kor_Hang,203,38,13
kor_Hang,203,39,13
kor_Hang,203,40,13
kor_Hang,203,41,13
kor_Hang,203,42,13
kor_Hang,203,43,13
kor_Hang,203,44,13
kor_Hang,203,45,39
kor_Hang,203,46,13
kor_Hang,203,47,19
kor_Hang,203,48,13
kor_Hang,203,49,13
kor_Hang,203,50,13
kor_Hang,203,51,27
kor_Hang,203,52,13
kor_Hang,203,53,13
kor_Hang,203,54,13
kor_Hang,203,55,13
kor_Hang,203,56,13
kor_Hang,203,57,13
kor_Hang,203,58,13
kor_Hang,203,59,61
kor_Hang,203,60,19
kor_Hang,203,61,13
kor_Hang,203,62,13
kor_Hang,203,63,19
kor_Hang,203,64,13
kor_Hang,203,65,34
kor_Hang,204,0,60
kor_Hang,204,1,19
kor_Hang,204,2,13
kor_Hang,204,3,13
kor_Hang,204,4,19
kor_Hang,204,5,13
kor_Hang,204,6,13
kor_Hang,204,7,13
kor_Hang,204,8,13
kor_Hang,204,9,13
kor_Hang,204,10,13
kor_Hang,204,11,13
kor_Hang,204,12,13
kor_Hang,204,13,13
kor_Hang,204,14,13
kor_Hang,204,15,13
kor_Hang,204,16,12
kor_Hang,204,17,13
kor_Hang,204,18,13
kor_Hang,204,19,47
kor_Hang,204,20,19
kor_Hang,204,21,13
kor_Hang,204,22,13
kor_Hang,204,23,13
kor_Hang,204,24,19
kor_Hang,204,25,13
kor_Hang,204,26,13
kor_Hang,204,27,19
kor_Hang,204,28,13
kor_Hang,204,29,13
kor_Hang,204,30,13
kor_Hang,204,31,13
kor_Hang,204,32,13
kor_Hang,204,33,13
kor_Hang,204,34,13
kor_Hang,204,35,13
kor_Hang,204,36,13
kor_Hang,204,37,12
kor_Hang,204,38,13
kor_Hang,204,39,19
kor_Hang,204,40,13
kor_Hang,204,41,13
kor_Hang,204,42,19
kor_Hang,204,43,13
kor_Hang,204,44,13
kor_Hang,204,45,47
kor_Hang,204,46,47
kor_Hang,204,47,19
kor_Hang,204,48,39
kor_Hang,204,49,19
kor_Hang,204,50,13
kor_Hang,204,51,13
kor_Hang,204,52,13
kor_Hang,204,53,13
kor_Hang,204,54,13
kor_Hang,204,55,19
kor_Hang,204,56,19
kor_Hang,204,57,47
kor_Hang,204,58,19
kor_Hang,204,59,13
kor_Hang,204,60,13
kor_Hang,204,61,52
kor_Hang,204,62,13
kor_Hang,205,0,60
kor_Hang,205,1,47
kor_Hang,205,2,39
kor_Hang,205,3,47
kor_Hang,205,4,61
kor_Hang,205,5,58
kor_Hang,205,6,13
kor_Hang,205,7,13
kor_Hang,205,8,13
kor_Hang,205,9,13
kor_Hang,205,10,13
kor_Hang,205,11,13
kor_Hang,205,12,13
kor_Hang,205,13,13
kor_Hang,205,14,13
kor_Hang,205,15,13
kor_Hang,205,16,13
kor_Hang,205,17,13
kor_Hang,205,18,13
kor_Hang,205,19,47
kor_Hang,205,20,13
kor_Hang,205,21,13
kor_Hang,205,22,13
kor_Hang,205,23,13
kor_Hang,205,24,13
kor_Hang,205,25,13
kor_Hang,205,26,13
kor_Hang,205,27,13
kor_Hang,205,28,47
kor_Hang,205,29,13
kor_Hang,205,30,13
kor_Hang,205,31,19
kor_Hang,205,32,13
kor_Hang,205,33,13
kor_Hang,205,34,13
kor_Hang,205,35,13
kor_Hang,205,36,13
kor_Hang,205,37,13
kor_Hang,205,38,13
kor_Hang,205,39,13
kor_Hang,205,40,13
kor_Hang,205,41,47
kor_Hang,205,42,13
kor_Hang,205,43,47
kor_Hang,205,44,19
kor_Hang,205,45,13
kor_Hang,205,46,19
kor_Hang,205,47,13
kor_Hang,205,48,13
kor_Hang,205,49,13
kor_Hang,205,50,13
kor_Hang,205,51,13
kor_Hang,205,52,19
kor_Hang,205,53,13
kor_Hang,205,54,19
kor_Hang,205,55,13
kor_Hang,205,56,34
eng_Latn,206,0,60
eng_Latn,206,1,51
eng_Latn,206,2,18
eng_Latn,206,3,18
eng_Latn,206,4,21
eng_Latn,206,5,16
eng_Latn,206,6,54
eng_Latn,206,7,52
eng_Latn,206,8,52
eng_Latn,206,9,52
eng_Latn,206,10,37
eng_Latn,206,11,49
kor_Hang,207,0,60
kor_Hang,207,1,19
kor_Hang,207,2,13
kor_Hang,207,3,19
kor_Hang,207,4,13
kor_Hang,207,5,13
kor_Hang,207,6,13
kor_Hang,207,7,13
kor_Hang,207,8,13
kor_Hang,207,9,19
kor_Hang,207,10,13
kor_Hang,207,11,13
kor_Hang,207,12,13
kor_Hang,207,13,13
kor_Hang,207,14,13
kor_Hang,207,15,61
kor_Hang,207,16,19
kor_Hang,207,17,13
kor_Hang,207,18,13
kor_Hang,207,19,13
kor_Hang,207,20,13
kor_Hang,207,21,13
kor_Hang,207,22,13
kor_Hang,207,23,40
kor_Hang,207,24,6
kor_Hang,207,25,13
kor_Hang,207,26,47
kor_Hang,207,27,19
kor_Hang,207,28,47
kor_Hang,207,29,19
kor_Hang,207,30,13
kor_Hang,207,31,47
kor_Hang,207,32,29
kor_Hang,207,33,13
kor_Hang,207,34,13
kor_Hang,207,35,13
kor_Hang,207,36,19
kor_Hang,207,37,13
kor_Hang,207,38,34
kor_Hang,207,39,13
kor_Hang,207,40,13
kor_Hang,207,41,34
kor_Hang,207,42,19
kor_Hang,207,43,13
kor_Hang,207,44,34
eng_Latn,208,0,60
eng_Latn,208,1,45
eng_Latn,208,2,20
eng_Latn,208,3,0
eng_Latn,208,4,53
eng_Latn,208,5,41
eng_Latn,208,6,21
eng_Latn,208,7,51
kor_Hang,209,0,60
kor_Hang,209,1,13
kor_Hang,209,2,13
kor_Hang,209,3,13
kor_Hang,209,4,13
kor_Hang,209,5,13
kor_Hang,209,6,13
kor_Hang,209,7,13
kor_Hang,209,8,19
kor_Hang,209,9,13
kor_Hang,209,10,13
kor_Hang,209,11,13
kor_Hang,209,12,13
kor_Hang,209,13,13
kor_Hang,209,14,47
kor_Hang,209,15,13
kor_Hang,209,16,13
kor_Hang,209,17,26
kor_Hang,209,18,39
kor_Hang,209,19,27
kor_Hang,209,20,13
kor_Hang,209,21,19
kor_Hang,209,22,13
kor_Hang,209,23,13
kor_Hang,209,24,13
kor_Hang,209,25,13
kor_Hang,209,26,13
kor_Hang,209,27,13
kor_Hang,209,28,19
kor_Hang,209,29,13
kor_Hang,209,30,47
kor_Hang,209,31,19
kor_Hang,209,32,13
kor_Hang,209,33,13
kor_Hang,209,34,13
kor_Hang,209,35,13
kor_Hang,209,36,19
kor_Hang,209,37,13
kor_Hang,209,38,13
kor_Hang,209,39,13
kor_Hang,209,40,13
kor_Hang,209,41,13
kor_Hang,209,42,13
kor_Hang,209,43,13
kor_Hang,209,44,13
kor_Hang,209,45,34
eng_Latn,210,0,60
eng_Latn,210,1,19
eng_Latn,210,2,40
eng_Latn,210,3,18
eng_Latn,210,4,2
eng_Latn,210,5,37
eng_Latn,210,6,38
eng_Latn,210,7,46
eng_Latn,210,8,12
eng_Latn,210,9,40
eng_Latn,210,10,7
kor_Hang,211,0,60
kor_Hang,211,1,13
kor_Hang,211,2,19
kor_Hang,211,3,13
kor_Hang,211,4,13
kor_Hang,211,5,13
kor_Hang,211,6,13
kor_Hang,211,7,13
kor_Hang,211,8,13
kor_Hang,211,9,13
kor_Hang,211,10,19
kor_Hang,211,11,13
kor_Hang,211,12,13
kor_Hang,211,13,13
kor_Hang,211,14,13
kor_Hang,211,15,52
kor_Hang,211,16,47
kor_Hang,211,17,19
kor_Hang,211,18,13
kor_Hang,211,19,13
kor_Hang,211,20,19
kor_Hang,211,21,13
kor_Hang,211,22,19
kor_Hang,211,23,13
kor_Hang,211,24,13
kor_Hang,211,25,13
kor_Hang,211,26,13
kor_Hang,211,27,13
kor_Hang,211,28,13
kor_Hang,211,29,13
kor_Hang,211,30,13
kor_Hang,211,31,13
kor_Hang,211,32,13
kor_Hang,211,33,13
kor_Hang,211,34,13
kor_Hang,211,35,19
kor_Hang,211,36,13
kor_Hang,211,37,13
kor_Hang,211,38,13
kor_Hang,211,39,13
kor_Hang,211,40,13
kor_Hang,211,41,13
kor_Hang,211,42,34
eng_Latn,212,0,60
eng_Latn,212,1,37
eng_Latn,212,2,52
eng_Latn,212,3,57
eng_Latn,212,4,59
eng_Latn,212,5,50
eng_Latn,212,6,56
eng_Latn,212,7,35
eng_Latn,212,8,35
eng_Latn,212,9,8
eng_Latn,212,10,8
eng_Latn,212,11,48
kor_Hang,213,0,60
kor_Hang,213,1,19
kor_Hang,213,2,13
kor_Hang,213,3,13
kor_Hang,213,4,13
kor_Hang,213,5,13
kor_Hang,213,6,19
kor_Hang,213,7,13
kor_Hang,213,8,13
kor_Hang,213,9,47
kor_Hang,213,10,19
kor_Hang,213,11,61
kor_Hang,213,12,19
kor_Hang,213,13,34
kor_Hang,213,14,13
kor_Hang,213,15,13
kor_Hang,213,16,13
kor_Hang,213,17,13
kor_Hang,213,18,13
kor_Hang,213,19,13
kor_Hang,213,20,13
kor_Hang,213,21,13
kor_Hang,213,22,47
kor_Hang,213,23,13
kor_Hang,213,24,13
kor_Hang,213,25,13
kor_Hang,213,26,13
kor_Hang,213,27,13
kor_Hang,213,28,13
kor_Hang,213,29,13
kor_Hang,213,30,34
kor_Hang,213,31,13
kor_Hang,213,32,34
kor_Hang,213,33,34
kor_Hang,213,34,34
eng_Latn,214,0,60
eng_Latn,214,1,13
eng_Latn,214,2,6
eng_Latn,214,3,9
eng_Latn,214,4,39
eng_Latn,214,5,40
eng_Latn,214,6,43
eng_Latn,214,7,37
eng_Latn,214,8,57
eng_Latn,214,9,52
eng_Latn,214,10,37
eng_Latn,214,11,52
eng_Latn,215,0,60
eng_Latn,215,1,58
eng_Latn,215,2,52
eng_Latn,215,3,52
eng_Latn,215,4,1
eng_Latn,215,5,57
eng_Latn,215,6,31
eng_Latn,215,7,16
eng_Latn,215,8,16
eng_Latn,215,9,16
eng_Latn,216,0,60
eng_Latn,216,1,47
eng_Latn,216,2,47
eng_Latn,216,3,40
eng_Latn,216,4,56
eng_Latn,216,5,46
eng_Latn,216,6,59
eng_Latn,216,7,59
eng_Latn,216,8,7
eng_Latn,216,9,33
kor_Hang,217,0,60
kor_Hang,217,1,13
kor_Hang,217,2,13
kor_Hang,217,3,13
kor_Hang,217,4,13
kor_Hang,217,5,13
kor_Hang,217,6,13
kor_Hang,217,7,13
kor_Hang,217,8,19
kor_Hang,217,9,13
kor_Hang,217,10,13
kor_Hang,217,11,19
kor_Hang,217,12,13
kor_Hang,217,13,13
kor_Hang,217,14,13
kor_Hang,217,15,13
kor_Hang,217,16,13
kor_Hang,217,17,19
kor_Hang,217,18,13
kor_Hang,217,19,13
kor_Hang,217,20,34
kor_Hang,217,21,13
kor_Hang,217,22,13
kor_Hang,217,23,13
kor_Hang,217,24,13
kor_Hang,217,25,13
kor_Hang,217,26,13
kor_Hang,217,27,13
kor_Hang,217,28,13
kor_Hang,217,29,13
kor_Hang,217,30,13
kor_Hang,217,31,13
kor_Hang,217,32,13
kor_Hang,217,33,13
kor_Hang,217,34,19
kor_Hang,217,35,13
kor_Hang,217,36,13
kor_Hang,217,37,13
kor_Hang,217,38,13
kor_Hang,217,39,52
kor_Hang,217,40,13
kor_Hang,217,41,13
kor_Hang,217,42,13
kor_Hang,217,43,13
kor_Hang,217,44,13
kor_Hang,217,45,13
kor_Hang,217,46,19
kor_Hang,217,47,13
kor_Hang,217,48,13
kor_Hang,217,49,13
kor_Hang,217,50,13
kor_Hang,217,51,13
kor_Hang,217,52,13
kor_Hang,217,53,13
kor_Hang,217,54,13
kor_Hang,217,55,34
kor_Hang,218,0,60
kor_Hang,218,1,13
kor_Hang,218,2,13
kor_Hang,218,3,19
kor_Hang,218,4,13
kor_Hang,218,5,13
kor_Hang,218,6,13
kor_Hang,218,7,47
kor_Hang,218,8,13
kor_Hang,218,9,13
kor_Hang,218,10,47
kor_Hang,218,11,19
kor_Hang,218,12,13
kor_Hang,218,13,19
kor_Hang,218,14,13
kor_Hang,218,15,13
kor_Hang,218,16,13
kor_Hang,218,17,13
kor_Hang,218,18,13
kor_Hang,218,19,19
kor_Hang,218,20,13
kor_Hang,218,21,13
kor_Hang,218,22,13
kor_Hang,218,23,47
kor_Hang,218,24,47
kor_Hang,218,25,13
kor_Hang,218,26,13
kor_Hang,218,27,13
kor_Hang,218,28,13
kor_Hang,218,29,13
kor_Hang,218,30,13
kor_Hang,218,31,47
kor_Hang,218,32,13
kor_Hang,218,33,13
kor_Hang,218,34,13
kor_Hang,218,35,13
kor_Hang,218,36,13
kor_Hang,218,37,13
kor_Hang,218,38,13
kor_Hang,218,39,13
kor_Hang,218,40,13
kor_Hang,218,41,13
kor_Hang,218,42,47
kor_Hang,218,43,19
kor_Hang,218,44,34
kor_Hang,218,45,13
kor_Hang,218,46,13
kor_Hang,218,47,13
kor_Hang,218,48,13
kor_Hang,218,49,13
kor_Hang,218,50,13
kor_Hang,218,51,13
kor_Hang,218,52,13
kor_Hang,218,53,13
kor_Hang,218,54,13
kor_Hang,218,55,13
kor_Hang,218,56,13
kor_Hang,218,57,13
kor_Hang,218,58,13
kor_Hang,218,59,47
kor_Hang,218,60,19
kor_Hang,218,61,13
kor_Hang,218,62,13
kor_Hang,218,63,13
kor_Hang,218,64,13
kor_Hang,218,65,13
kor_Hang,218,66,47
kor_Hang,218,67,19
kor_Hang,218,68,13
kor_Hang,218,69,13
kor_Hang,218,70,13
kor_Hang,218,71,13
kor_Hang,218,72,13
kor_Hang,218,73,19
kor_Hang,218,74,13
kor_Hang,218,75,13
kor_Hang,218,76,13
kor_Hang,218,77,19
kor_Hang,218,78,13
kor_Hang,218,79,34
kor_Hang,219,0,60
kor_Hang,219,1,13
kor_Hang,219,2,13
kor_Hang,219,3,13
kor_Hang,219,4,47
kor_Hang,219,5,34
kor_Hang,219,6,13
kor_Hang,219,7,13
kor_Hang,219,8,13
kor_Hang,219,9,13
kor_Hang,219,10,13
kor_Hang,219,11,19
kor_Hang,219,12,1
kor_Hang,219,13,13
kor_Hang,219,14,19
kor_Hang,219,15,13
kor_Hang,219,16,13
kor_Hang,219,17,13
kor_Hang,219,18,13
kor_Hang,219,19,19
kor_Hang,219,20,13
kor_Hang,219,21,13
kor_Hang,219,22,13
kor_Hang,219,23,13
kor_Hang,219,24,13
kor_Hang,219,25,47
kor_Hang,219,26,13
kor_Hang,219,27,19
kor_Hang,219,28,13
kor_Hang,219,29,28
kor_Hang,219,30,13
kor_Hang,219,31,28
kor_Hang,219,32,24
kor_Hang,219,33,13
kor_Hang,219,34,13
kor_Hang,219,35,47
kor_Hang,219,36,13
kor_Hang,219,37,19
kor_Hang,219,38,13
kor_Hang,219,39,34
kor_Hang,219,40,13
kor_Hang,219,41,61
kor_Hang,219,42,34
kor_Hang,219,43,34
kor_Hang,219,44,13
kor_Hang,219,45,13
kor_Hang,219,46,34
kor_Hang,220,0,60
kor_Hang,220,1,13
kor_Hang,220,2,13
kor_Hang,220,3,13
kor_Hang,220,4,13
kor_Hang,220,5,13
kor_Hang,220,6,13
kor_Hang,220,7,47
kor_Hang,220,8,47
kor_Hang,220,9,58
kor_Hang,220,10,13
kor_Hang,220,11,13
kor_Hang,220,12,13
kor_Hang,220,13,13
kor_Hang,220,14,13
kor_Hang,220,15,13
kor_Hang,220,16,13
kor_Hang,220,17,13
kor_Hang,220,18,47
kor_Hang,220,19,13
kor_Hang,220,20,19
kor_Hang,220,21,13
kor_Hang,220,22,19
kor_Hang,220,23,13
kor_Hang,220,24,13
kor_Hang,220,25,13
kor_Hang,220,26,13
kor_Hang,220,27,13
kor_Hang,220,28,13
kor_Hang,220,29,34
kor_Hang,220,30,13
kor_Hang,220,31,13
kor_Hang,220,32,19
kor_Hang,220,33,13
kor_Hang,220,34,13
kor_Hang,220,35,47
kor_Hang,220,36,34
kor_Hang,220,37,13
kor_Hang,220,38,13
kor_Hang,220,39,13
kor_Hang,220,40,19
kor_Hang,220,41,34
kor_Hang,220,42,13
kor_Hang,220,43,13
kor_Hang,220,44,13
kor_Hang,220,45,61
kor_Hang,220,46,13
kor_Hang,220,47,13
kor_Hang,220,48,13
kor_Hang,220,49,13
kor_Hang,220,50,13
kor_Hang,220,51,13
kor_Hang,220,52,13
kor_Hang,220,53,34
kor_Hang,220,54,13
kor_Hang,220,55,13
kor_Hang,220,56,13
kor_Hang,220,57,13
kor_Hang,220,58,13
kor_Hang,220,59,34
kor_Hang,220,60,34
kor_Hang,220,61,34
kor_Hang,220,62,34
eng_Latn,221,0,60
eng_Latn,221,1,22
eng_Latn,221,2,41
eng_Latn,221,3,34
kor_Hang,222,0,60
kor_Hang,222,1,13
kor_Hang,222,2,47
kor_Hang,222,3,13
kor_Hang,222,4,13
kor_Hang,222,5,13
kor_Hang,222,6,13
kor_Hang,222,7,19
kor_Hang,222,8,13
kor_Hang,222,9,13
kor_Hang,222,10,13
kor_Hang,222,11,13
kor_Hang,222,12,13
kor_Hang,222,13,13
kor_Hang,222,14,13
kor_Hang,222,15,13
kor_Hang,222,16,13
kor_Hang,222,17,13
kor_Hang,222,18,13
kor_Hang,222,19,13
kor_Hang,222,20,13
kor_Hang,222,21,19
kor_Hang,222,22,13
kor_Hang,222,23,19
kor_Hang,222,24,13
kor_Hang,222,25,13
kor_Hang,222,26,47
kor_Hang,222,27,13
kor_Hang,222,28,13
kor_Hang,222,29,47
kor_Hang,222,30,13
kor_Hang,222,31,13
kor_Hang,222,32,19
kor_Hang,222,33,13
kor_Hang,222,34,13
kor_Hang,222,35,13
kor_Hang,222,36,13
kor_Hang,222,37,13
kor_Hang,222,38,19
kor_Hang,222,39,13
kor_Hang,222,40,13
kor_Hang,222,41,13
kor_Hang,222,42,13
kor_Hang,222,43,34
kor_Hang,222,44,13
kor_Hang,222,45,13
kor_Hang,222,46,19
kor_Hang,222,47,13
kor_Hang,222,48,1
kor_Hang,222,49,13
kor_Hang,222,50,47
kor_Hang,222,51,47
kor_Hang,222,52,13
kor_Hang,222,53,13
kor_Hang,222,54,47
kor_Hang,222,55,19
kor_Hang,222,56,13
kor_Hang,222,57,13
kor_Hang,222,58,13
kor_Hang,222,59,13
kor_Hang,222,60,13
kor_Hang,222,61,13
kor_Hang,222,62,13
kor_Hang,222,63,13
kor_Hang,222,64,13
kor_Hang,222,65,34
kor_Hang,223,0,60
kor_Hang,223,1,13
kor_Hang,223,2,13
kor_Hang,223,3,13
kor_Hang,223,4,13
kor_Hang,223,5,19
kor_Hang,223,6,13
kor_Hang,223,7,13
kor_Hang,223,8,13
kor_Hang,223,9,13
kor_Hang,223,10,13
kor_Hang,223,11,19
kor_Hang,223,12,13
kor_Hang,223,13,13
kor_Hang,223,14,13
kor_Hang,223,15,13
kor_Hang,223,16,13
kor_Hang,223,17,19
kor_Hang,223,18,13
kor_Hang,223,19,13
kor_Hang,223,20,13
kor_Hang,223,21,19
kor_Hang,223,22,13
kor_Hang,223,23,13
kor_Hang,223,24,13
kor_Hang,223,25,13
kor_Hang,223,26,13
kor_Hang,223,27,19
kor_Hang,223,28,13
kor_Hang,223,29,13
kor_Hang,223,30,13
kor_Hang,223,31,47
kor_Hang,223,32,13
kor_Hang,223,33,47
kor_Hang,223,34,19
kor_Hang,223,35,13
kor_Hang,223,36,13
kor_Hang,223,37,13
kor_Hang,223,38,13
kor_Hang,223,39,13
kor_Hang,223,40,13
kor_Hang,223,41,13
kor_Hang,223,42,19
kor_Hang,223,43,13
kor_Hang,223,44,13
kor_Hang,223,45,13
kor_Hang,223,46,13
kor_Hang,223,47,13
kor_Hang,223,48,13
kor_Hang,223,49,19
kor_Hang,223,50,13
kor_Hang,223,51,13
kor_Hang,223,52,13
kor_Hang,223,53,13
kor_Hang,223,54,13
kor_Hang,223,55,47
kor_Hang,223,56,13
kor_Hang,223,57,13
kor_Hang,223,58,13
kor_Hang,223,59,34
kor_Hang,223,60,13
kor_Hang,223,61,34
kor_Hang,223,62,34
eng_Latn,224,0,60
eng_Latn,224,1,9
eng_Latn,224,2,56
eng_Latn,224,3,38
eng_Latn,224,4,8
kor_Hang,225,0,60
kor_Hang,225,1,46
kor_Hang,225,2,7
kor_Hang,226,0,60
kor_Hang,226,1,19
kor_Hang,226,2,13
kor_Hang,226,3,13
kor_Hang,226,4,13
kor_Hang,226,5,13
kor_Hang,226,6,13
kor_Hang,226,7,13
kor_Hang,226,8,13
kor_Hang,226,9,13
kor_Hang,226,10,47
kor_Hang,226,11,13
kor_Hang,226,12,19
kor_Hang,226,13,13
kor_Hang,226,14,13
kor_Hang,226,15,13
kor_Hang,226,16,13
kor_Hang,226,17,13
kor_Hang,226,18,13
kor_Hang,226,19,13
kor_Hang,226,20,13
kor_Hang,226,21,13
kor_Hang,226,22,13
kor_Hang,226,23,19
kor_Hang,226,24,13
kor_Hang,226,25,13
kor_Hang,226,26,13
kor_Hang,226,27,13
kor_Hang,226,28,13
kor_Hang,226,29,13
kor_Hang,226,30,13
kor_Hang,226,31,13
kor_Hang,226,32,13
kor_Hang,226,33,13
kor_Hang,226,34,13
kor_Hang,226,35,13
kor_Hang,226,36,13
kor_Hang,226,37,13
kor_Hang,226,38,13
kor_Hang,226,39,13
kor_Hang,226,40,19
kor_Hang,226,41,34
kor_Hang,226,42,13
kor_Hang,226,43,13
kor_Hang,226,44,13
kor_Hang,226,45,13
kor_Hang,226,46,13
kor_Hang,226,47,13
kor_Hang,226,48,13
kor_Hang,226,49,13
kor_Hang,226,50,13
kor_Hang,226,51,13
kor_Hang,226,52,11
kor_Hang,226,53,11
kor_Hang,226,54,13
kor_Hang,226,55,13
kor_Hang,226,56,13
kor_Hang,227,0,60
kor_Hang,227,1,13
kor_Hang,227,2,19
kor_Hang,227,3,13
kor_Hang,227,4,11
kor_Hang,227,5,52
kor_Hang,227,6,52
kor_Hang,227,7,52
kor_Hang,227,8,13
kor_Hang,227,9,13
kor_Hang,227,10,19
kor_Hang,227,11,13
kor_Hang,227,12,13
kor_Hang,227,13,47
kor_Hang,227,14,19
kor_Hang,227,15,47
kor_Hang,227,16,19
kor_Hang,227,17,13
kor_Hang,227,18,13
kor_Hang,227,19,47
kor_Hang,227,20,13
kor_Hang,227,21,13
kor_Hang,227,22,19
kor_Hang,227,23,13
kor_Hang,227,24,13
kor_Hang,227,25,19
kor_Hang,227,26,13
kor_Hang,227,27,13
kor_Hang,227,28,13
kor_Hang,227,29,13
kor_Hang,227,30,19
kor_Hang,227,31,13
kor_Hang,227,32,13
kor_Hang,227,33,13
kor_Hang,227,34,13
kor_Hang,227,35,13
kor_Hang,227,36,61
kor_Hang,227,37,19
kor_Hang,227,38,13
kor_Hang,227,39,13
kor_Hang,227,40,13
kor_Hang,227,41,13
kor_Hang,227,42,13
kor_Hang,227,43,13
kor_Hang,227,44,13
kor_Hang,227,45,13
kor_Hang,227,46,12
kor_Hang,227,47,52
kor_Hang,228,0,60
kor_Hang,228,1,40
kor_Hang,228,2,49
kor_Hang,228,3,13
kor_Hang,228,4,34
kor_Hang,229,0,60
kor_Hang,229,1,13
kor_Hang,229,2,13
kor_Hang,229,3,19
kor_Hang,229,4,13
kor_Hang,229,5,13
kor_Hang,229,6,13
kor_Hang,229,7,1
kor_Hang,229,8,47
kor_Hang,229,9,19
kor_Hang,229,10,13
kor_Hang,229,11,13
kor_Hang,229,12,13
kor_Hang,229,13,13
kor_Hang,229,14,13
kor_Hang,229,15,13
kor_Hang,229,16,13
kor_Hang,229,17,13
kor_Hang,229,18,47
kor_Hang,229,19,13
kor_Hang,229,20,13
kor_Hang,229,21,13
kor_Hang,229,22,13
kor_Hang,229,23,13
kor_Hang,229,24,52
kor_Hang,229,25,52
kor_Hang,229,26,13
kor_Hang,229,27,13
kor_Hang,229,28,27
kor_Hang,229,29,13
kor_Hang,229,30,13
kor_Hang,229,31,19
kor_Hang,229,32,13
kor_Hang,229,33,13
kor_Hang,229,34,19
kor_Hang,229,35,13
kor_Hang,229,36,13
kor_Hang,229,37,13
kor_Hang,229,38,34
kor_Hang,229,39,13
kor_Hang,229,40,13
kor_Hang,229,41,13
kor_Hang,229,42,13
kor_Hang,229,43,19
kor_Hang,229,44,61
kor_Hang,229,45,19
kor_Hang,229,46,19
kor_Hang,229,47,7
kor_Hang,229,48,13
kor_Hang,229,49,19
kor_Hang,229,50,47
kor_Hang,229,51,13
kor_Hang,229,52,13
kor_Hang,229,53,13
kor_Hang,229,54,13
kor_Hang,229,55,13
kor_Hang,229,56,13
kor_Hang,229,57,13
kor_Hang,229,58,13
kor_Hang,229,59,13
kor_Hang,229,60,19
kor_Hang,229,61,13
kor_Hang,229,62,13
kor_Hang,229,63,13
kor_Hang,229,64,34
kor_Hang,230,0,60
kor_Hang,230,1,9
kor_Hang,230,2,11
kor_Hang,230,3,13
kor_Hang,230,4,13
kor_Hang,230,5,13
kor_Hang,230,6,19
kor_Hang,230,7,39
kor_Hang,230,8,13
kor_Hang,230,9,47
kor_Hang,230,10,13
kor_Hang,230,11,13
kor_Hang,230,12,13
kor_Hang,230,13,13
kor_Hang,230,14,47
kor_Hang,230,15,13
kor_Hang,230,16,13
kor_Hang,230,17,19
kor_Hang,230,18,13
kor_Hang,230,19,13
kor_Hang,230,20,19
kor_Hang,230,21,13
kor_Hang,230,22,9
kor_Hang,230,23,24
kor_Hang,230,24,13
kor_Hang,230,25,47
kor_Hang,230,26,13
kor_Hang,230,27,13
kor_Hang,230,28,13
kor_Hang,230,29,19
kor_Hang,230,30,13
kor_Hang,230,31,13
kor_Hang,230,32,13
kor_Hang,230,33,19
kor_Hang,230,34,52
kor_Hang,230,35,13
kor_Hang,230,36,52
kor_Hang,230,37,13
kor_Hang,230,38,13
kor_Hang,230,39,13
kor_Hang,230,40,47
kor_Hang,230,41,13
kor_Hang,230,42,13
kor_Hang,230,43,13
kor_Hang,230,44,13
kor_Hang,230,45,13
kor_Hang,230,46,13
kor_Hang,230,47,13
kor_Hang,230,48,13
kor_Hang,230,49,13
kor_Hang,230,50,13
kor_Hang,230,51,13
kor_Hang,230,52,13
kor_Hang,230,53,13
kor_Hang,230,54,13
kor_Hang,230,55,13
kor_Hang,230,56,13
kor_Hang,230,57,13
kor_Hang,230,58,19
kor_Hang,230,59,13
kor_Hang,230,60,19
kor_Hang,230,61,13
kor_Hang,230,62,13
kor_Hang,230,63,13
kor_Hang,230,64,13
kor_Hang,230,65,13
kor_Hang,230,66,13
kor_Hang,230,67,13
kor_Hang,230,68,13
kor_Hang,230,69,13
kor_Hang,230,70,13
kor_Hang,230,71,13
kor_Hang,230,72,13
kor_Hang,230,73,13
kor_Hang,230,74,51
kor_Hang,231,0,60
kor_Hang,231,1,13
kor_Hang,231,2,13
kor_Hang,231,3,13
kor_Hang,231,4,13
kor_Hang,231,5,13
kor_Hang,231,6,13
kor_Hang,231,7,13
kor_Hang,231,8,13
kor_Hang,231,9,19
kor_Hang,231,10,13
kor_Hang,231,11,13
kor_Hang,231,12,19
kor_Hang,231,13,13
kor_Hang,231,14,13
kor_Hang,231,15,19
kor_Hang,231,16,13
kor_Hang,231,17,13
kor_Hang,231,18,13
kor_Hang,231,19,13
kor_Hang,231,20,13
kor_Hang,231,21,13
kor_Hang,231,22,13
kor_Hang,231,23,13
kor_Hang,231,24,13
kor_Hang,231,25,13
kor_Hang,231,26,13
kor_Hang,231,27,13
kor_Hang,231,28,13
kor_Hang,231,29,13
kor_Hang,231,30,11
kor_Hang,231,31,13
kor_Hang,231,32,13
kor_Hang,231,33,13
kor_Hang,231,34,13
kor_Hang,231,35,13
kor_Hang,231,36,13
kor_Hang,231,37,13
kor_Hang,231,38,13
kor_Hang,231,39,13
kor_Hang,231,40,13
kor_Hang,231,41,34
kor_Hang,231,42,13
kor_Hang,231,43,13
kor_Hang,231,44,47
kor_Hang,231,45,13
kor_Hang,231,46,13
kor_Hang,231,47,13
kor_Hang,231,48,13
kor_Hang,231,49,13
kor_Hang,231,50,19
kor_Hang,231,51,13
kor_Hang,231,52,34
kor_Hang,232,0,60
kor_Hang,232,1,13
kor_Hang,232,2,13
kor_Hang,232,3,13
kor_Hang,232,4,13
kor_Hang,232,5,13
kor_Hang,232,6,13
kor_Hang,232,7,13
kor_Hang,232,8,13
kor_Hang,232,9,52
kor_Hang,232,10,13
kor_Hang,232,11,13
kor_Hang,232,12,13
kor_Hang,232,13,13
kor_Hang,232,14,13
kor_Hang,232,15,13
kor_Hang,232,16,27
kor_Hang,232,17,13
kor_Hang,232,18,13
kor_Hang,232,19,13
kor_Hang,232,20,13
kor_Hang,232,21,13
kor_Hang,232,22,13
kor_Hang,232,23,13
kor_Hang,232,24,52
kor_Hang,232,25,13
kor_Hang,232,26,19
kor_Hang,232,27,13
kor_Hang,232,28,1
kor_Hang,232,29,13
kor_Hang,232,30,13
kor_Hang,232,31,13
kor_Hang,232,32,13
kor_Hang,232,33,19
kor_Hang,232,34,13
kor_Hang,232,35,47
kor_Hang,232,36,19
kor_Hang,232,37,13
kor_Hang,232,38,13
kor_Hang,232,39,24
kor_Hang,232,40,52
kor_Hang,233,0,60
kor_Hang,233,1,13
kor_Hang,233,2,13
kor_Hang,233,3,13
kor_Hang,233,4,47
kor_Hang,233,5,19
kor_Hang,233,6,13
kor_Hang,233,7,13
kor_Hang,233,8,13
kor_Hang,233,9,13
kor_Hang,233,10,13
kor_Hang,233,11,13
kor_Hang,233,12,13
kor_Hang,233,13,13
kor_Hang,233,14,13
kor_Hang,233,15,24
kor_Hang,233,16,13
kor_Hang,233,17,47
kor_Hang,233,18,13
kor_Hang,233,19,13
kor_Hang,233,20,47
kor_Hang,233,21,47
kor_Hang,233,22,13
kor_Hang,233,23,13
kor_Hang,233,24,13
kor_Hang,233,25,13
kor_Hang,233,26,13
kor_Hang,233,27,13
kor_Hang,233,28,13
kor_Hang,233,29,19
kor_Hang,233,30,13
kor_Hang,233,31,13
kor_Hang,233,32,13
kor_Hang,233,33,13
kor_Hang,233,34,13
kor_Hang,233,35,13
kor_Hang,233,36,24
kor_Hang,233,37,13
kor_Hang,233,38,13
kor_Hang,233,39,13
kor_Hang,233,40,13
kor_Hang,233,41,13
kor_Hang,233,42,13
kor_Hang,233,43,13
kor_Hang,233,44,13
kor_Hang,233,45,19
kor_Hang,233,46,13
kor_Hang,233,47,13
kor_Hang,233,48,13
kor_Hang,233,49,13
kor_Hang,233,50,34
eng_Latn,234,0,60
eng_Latn,234,1,47
eng_Latn,234,2,19
eng_Latn,234,3,46
eng_Latn,234,4,5
eng_Latn,234,5,35
eng_Latn,234,6,46
eng_Latn,234,7,42
eng_Latn,234,8,47
eng_Latn,234,9,61
eng_Latn,234,10,61
eng_Latn,234,11,49
eng_Latn,234,12,22
eng_Latn,234,13,47
eng_Latn,234,14,60
kor_Hang,235,0,60
kor_Hang,235,1,19
kor_Hang,235,2,13
kor_Hang,235,3,13
kor_Hang,235,4,13
kor_Hang,235,5,13
kor_Hang,235,6,13
kor_Hang,235,7,13
kor_Hang,235,8,13
kor_Hang,235,9,13
kor_Hang,235,10,13
kor_Hang,235,11,47
kor_Hang,235,12,19
kor_Hang,235,13,13
kor_Hang,235,14,13
kor_Hang,235,15,13
kor_Hang,235,16,13
kor_Hang,235,17,13
kor_Hang,235,18,13
kor_Hang,235,19,13
kor_Hang,235,20,13
kor_Hang,235,21,13
kor_Hang,235,22,47
kor_Hang,235,23,13
kor_Hang,235,24,9
kor_Hang,235,25,58
kor_Hang,235,26,13
kor_Hang,235,27,13
kor_Hang,235,28,13
kor_Hang,235,29,13
kor_Hang,235,30,13
kor_Hang,235,31,13
kor_Hang,235,32,13
kor_Hang,235,33,13
kor_Hang,235,34,13
kor_Hang,235,35,13
kor_Hang,235,36,13
kor_Hang,235,37,6
kor_Hang,235,38,13
kor_Hang,235,39,13
kor_Hang,235,40,13
kor_Hang,235,41,13
kor_Hang,235,42,13
kor_Hang,235,43,9
kor_Hang,235,44,58
kor_Hang,235,45,13
kor_Hang,235,46,13
kor_Hang,235,47,13
kor_Hang,235,48,13
kor_Hang,235,49,13
kor_Hang,235,50,13
kor_Hang,235,51,13
kor_Hang,235,52,13
kor_Hang,235,53,13
kor_Hang,235,54,13
kor_Hang,235,55,13
kor_Hang,235,56,13
kor_Hang,235,57,13
kor_Hang,235,58,34
kor_Hang,236,0,60
kor_Hang,236,1,13
kor_Hang,236,2,13
kor_Hang,236,3,13
kor_Hang,236,4,13
kor_Hang,236,5,13
kor_Hang,236,6,47
kor_Hang,236,7,13
kor_Hang,236,8,13
kor_Hang,236,9,13
kor_Hang,236,10,13
kor_Hang,236,11,13
kor_Hang,236,12,13
kor_Hang,236,13,13
kor_Hang,236,14,13
kor_Hang,236,15,47
kor_Hang,236,16,13
kor_Hang,236,17,13
kor_Hang,236,18,13
kor_Hang,236,19,19
kor_Hang,236,20,13
kor_Hang,236,21,13
kor_Hang,236,22,13
kor_Hang,236,23,13
kor_Hang,236,24,13
kor_Hang,236,25,13
kor_Hang,236,26,13
kor_Hang,236,27,13
kor_Hang,236,28,13
kor_Hang,236,29,13
kor_Hang,236,30,13
kor_Hang,236,31,13
kor_Hang,236,32,13
kor_Hang,236,33,13
kor_Hang,236,34,19
kor_Hang,236,35,13
kor_Hang,236,36,19
kor_Hang,236,37,13
kor_Hang,236,38,13
kor_Hang,236,39,13
kor_Hang,236,40,34
kor_Hang,237,0,60
kor_Hang,237,1,13
kor_Hang,237,2,47
kor_Hang,237,3,19
kor_Hang,237,4,39
kor_Hang,237,5,19
kor_Hang,237,6,13
kor_Hang,237,7,13
kor_Hang,237,8,13
kor_Hang,237,9,13
kor_Hang,237,10,13
kor_Hang,237,11,13
kor_Hang,237,12,13
kor_Hang,237,13,19
kor_Hang,237,14,13
kor_Hang,237,15,13
kor_Hang,237,16,13
kor_Hang,237,17,47
kor_Hang,237,18,19
kor_Hang,237,19,13
kor_Hang,237,20,13
kor_Hang,237,21,13
kor_Hang,237,22,13
kor_Hang,237,23,13
kor_Hang,237,24,13
kor_Hang,237,25,13
kor_Hang,237,26,13
kor_Hang,237,27,13
kor_Hang,237,28,13
kor_Hang,237,29,13
kor_Hang,237,30,13
kor_Hang,237,31,13
kor_Hang,237,32,13
kor_Hang,237,33,13
kor_Hang,237,34,13
kor_Hang,237,35,24
kor_Hang,237,36,13
kor_Hang,237,37,13
kor_Hang,237,38,13
kor_Hang,237,39,13
kor_Hang,237,40,13
kor_Hang,237,41,19
kor_Hang,237,42,13
kor_Hang,237,43,19
kor_Hang,237,44,34
kor_Hang,237,45,13
kor_Hang,237,46,13
kor_Hang,237,47,13
kor_Hang,237,48,19
kor_Hang,237,49,13
kor_Hang,237,50,1
kor_Hang,237,51,13
kor_Hang,237,52,13
kor_Hang,237,53,13
kor_Hang,237,54,13
kor_Hang,237,55,13
kor_Hang,237,56,13
kor_Hang,237,57,13
kor_Hang,237,58,13
kor_Hang,237,59,13
kor_Hang,237,60,13
kor_Hang,237,61,13
kor_Hang,237,62,13
kor_Hang,237,63,13
kor_Hang,237,64,34
kor_Hang,237,65,13
kor_Hang,237,66,34
kor_Hang,237,67,34
eng_Latn,238,0,60
eng_Latn,238,1,18
eng_Latn,238,2,14
kor_Hang,239,0,60
kor_Hang,239,1,13
kor_Hang,239,2,13
kor_Hang,239,3,13
kor_Hang,239,4,13
kor_Hang,239,5,13
kor_Hang,239,6,13
kor_Hang,239,7,13
kor_Hang,239,8,13
kor_Hang,239,9,13
kor_Hang,239,10,13
kor_Hang,239,11,13
kor_Hang,239,12,13
kor_Hang,239,13,13
kor_Hang,239,14,13
kor_Hang,239,15,13
kor_Hang,239,16,13
kor_Hang,239,17,13
kor_Hang,239,18,47
kor_Hang,239,19,13
kor_Hang,239,20,13
kor_Hang,239,21,13
kor_Hang,239,22,19
kor_Hang,239,23,13
kor_Hang,239,24,13
kor_Hang,239,25,13
kor_Hang,239,26,61
kor_Hang,239,27,13
kor_Hang,239,28,13
kor_Hang,239,29,19
kor_Hang,239,30,13
kor_Hang,239,31,13
kor_Hang,239,32,13
kor_Hang,239,33,13
kor_Hang,239,34,13
kor_Hang,239,35,13
kor_Hang,239,36,34
kor_Hang,240,0,60
kor_Hang,240,1,13
kor_Hang,240,2,13
kor_Hang,240,3,19
kor_Hang,240,4,13
kor_Hang,240,5,13
kor_Hang,240,6,13
kor_Hang,240,7,13
kor_Hang,240,8,34
kor_Hang,240,9,13
kor_Hang,240,10,13
kor_Hang,240,11,13
kor_Hang,240,12,13
kor_Hang,240,13,13
kor_Hang,240,14,13
kor_Hang,240,15,13
kor_Hang,240,16,13
kor_Hang,240,17,19
kor_Hang,240,18,13
kor_Hang,240,19,47
kor_Hang,240,20,47
kor_Hang,240,21,13
kor_Hang,240,22,13
kor_Hang,240,23,19
kor_Hang,240,24,13
kor_Hang,240,25,13
kor_Hang,240,26,13
kor_Hang,240,27,13
kor_Hang,240,28,34
kor_Hang,240,29,19
kor_Hang,240,30,13
kor_Hang,240,31,34
kor_Hang,241,0,60
kor_Hang,241,1,13
kor_Hang,241,2,13
kor_Hang,241,3,13
kor_Hang,241,4,19
kor_Hang,241,5,13
kor_Hang,241,6,13
kor_Hang,241,7,13
kor_Hang,241,8,13
kor_Hang,241,9,19
kor_Hang,241,10,13
kor_Hang,241,11,13
kor_Hang,241,12,13
kor_Hang,241,13,13
kor_Hang,241,14,13
kor_Hang,241,15,13
kor_Hang,241,16,19
kor_Hang,241,17,13
kor_Hang,241,18,13
kor_Hang,241,19,47
kor_Hang,241,20,13
kor_Hang,241,21,13
kor_Hang,241,22,47
kor_Hang,241,23,13
kor_Hang,241,24,13
kor_Hang,241,25,19
kor_Hang,241,26,13
kor_Hang,241,27,19
kor_Hang,241,28,13
kor_Hang,241,29,19
kor_Hang,241,30,13
kor_Hang,241,31,13
kor_Hang,241,32,13
kor_Hang,241,33,13
kor_Hang,241,34,13
kor_Hang,241,35,13
kor_Hang,241,36,13
kor_Hang,241,37,13
kor_Hang,241,38,13
kor_Hang,241,39,13
kor_Hang,241,40,9
kor_Hang,241,41,13
kor_Hang,241,42,13
kor_Hang,241,43,47
kor_Hang,241,44,13
kor_Hang,241,45,13
kor_Hang,241,46,47
kor_Hang,241,47,13
kor_Hang,241,48,13
kor_Hang,241,49,19
kor_Hang,241,50,13
kor_Hang,241,51,13
kor_Hang,241,52,19
kor_Hang,241,53,13
kor_Hang,241,54,13
kor_Hang,241,55,13
kor_Hang,241,56,13
kor_Hang,241,57,19
kor_Hang,241,58,13
kor_Hang,241,59,13
kor_Hang,241,60,13
kor_Hang,241,61,13
kor_Hang,241,62,13
kor_Hang,241,63,47
kor_Hang,241,64,13
kor_Hang,241,65,13
kor_Hang,241,66,13
kor_Hang,241,67,13
kor_Hang,241,68,13
kor_Hang,241,69,13
kor_Hang,241,70,13
kor_Hang,241,71,13
kor_Hang,241,72,34
kor_Hang,242,0,60
kor_Hang,242,1,19
kor_Hang,242,2,19
kor_Hang,242,3,19
kor_Hang,242,4,13
kor_Hang,242,5,47
kor_Hang,242,6,39
kor_Hang,242,7,13
kor_Hang,242,8,19
kor_Hang,242,9,13
kor_Hang,242,10,12
kor_Hang,242,11,13
kor_Hang,242,12,13
kor_Hang,242,13,13
kor_Hang,242,14,19
kor_Hang,242,15,13
kor_Hang,242,16,13
kor_Hang,242,17,13
kor_Hang,242,18,47
kor_Hang,242,19,13
kor_Hang,242,20,12
kor_Hang,242,21,13
kor_Hang,242,22,13
kor_Hang,242,23,13
kor_Hang,242,24,13
kor_Hang,242,25,34
kor_Hang,242,26,13
kor_Hang,242,27,13
kor_Hang,242,28,47
kor_Hang,242,29,19
kor_Hang,242,30,13
kor_Hang,242,31,13
kor_Hang,242,32,47
kor_Hang,242,33,13
kor_Hang,242,34,13
kor_Hang,242,35,19
kor_Hang,242,36,13
kor_Hang,242,37,12
kor_Hang,242,38,22
kor_Hang,242,39,52
kor_Hang,243,0,60
kor_Hang,243,1,13
kor_Hang,243,2,13
kor_Hang,243,3,1
kor_Hang,243,4,13
kor_Hang,243,5,61
kor_Hang,243,6,13
kor_Hang,243,7,13
kor_Hang,243,8,12
kor_Hang,243,9,42
kor_Hang,243,10,13
kor_Hang,243,11,13
kor_Hang,243,12,52
kor_Hang,243,13,13
kor_Hang,243,14,13
kor_Hang,243,15,13
kor_Hang,243,16,13
kor_Hang,243,17,13
kor_Hang,243,18,13
kor_Hang,243,19,47
kor_Hang,243,20,13
kor_Hang,243,21,58
kor_Hang,243,22,11
kor_Hang,243,23,13
kor_Hang,243,24,13
kor_Hang,243,25,52
kor_Hang,243,26,52
kor_Hang,243,27,13
kor_Hang,243,28,13
kor_Hang,243,29,13
kor_Hang,243,30,13
kor_Hang,243,31,13
kor_Hang,243,32,13
kor_Hang,243,33,13
kor_Hang,243,34,11
kor_Hang,243,35,13
kor_Hang,243,36,13
kor_Hang,243,37,13
kor_Hang,243,38,13
kor_Hang,243,39,13
kor_Hang,243,40,13
kor_Hang,243,41,13
kor_Hang,243,42,13
kor_Hang,243,43,9
kor_Hang,243,44,9
kor_Hang,243,45,13
kor_Hang,243,46,13
kor_Hang,243,47,13
kor_Hang,243,48,19
kor_Hang,243,49,13
kor_Hang,243,50,13
kor_Hang,243,51,13
kor_Hang,243,52,47
kor_Hang,243,53,13
kor_Hang,243,54,13
kor_Hang,243,55,13
kor_Hang,243,56,13
kor_Hang,243,57,11
kor_Hang,243,58,13
kor_Hang,243,59,13
kor_Hang,243,60,13
kor_Hang,243,61,13
kor_Hang,243,62,13
kor_Hang,243,63,13
kor_Hang,243,64,13
kor_Hang,243,65,13
kor_Hang,243,66,34
kor_Hang,243,67,13
kor_Hang,243,68,61
kor_Hang,243,69,34
kor_Hang,243,70,34
kor_Hang,243,71,13
kor_Hang,243,72,13
kor_Hang,243,73,34
eng_Latn,244,0,60
eng_Latn,244,1,40
eng_Latn,244,2,19
eng_Latn,244,3,7
eng_Latn,244,4,52
eng_Latn,244,5,1
eng_Latn,244,6,52
eng_Latn,244,7,37
eng_Latn,244,8,1
eng_Latn,244,9,9
eng_Latn,244,10,1
eng_Latn,245,0,60
eng_Latn,245,1,56
eng_Latn,245,2,51
eng_Latn,245,3,46
eng_Latn,245,4,51
eng_Latn,245,5,54
eng_Latn,245,6,2
eng_Latn,245,7,49
eng_Latn,245,8,19
eng_Latn,245,9,47
eng_Latn,245,10,21
kor_Hang,246,0,60
kor_Hang,246,1,13
kor_Hang,246,2,13
kor_Hang,246,3,13
kor_Hang,246,4,13
kor_Hang,246,5,19
kor_Hang,246,6,61
kor_Hang,246,7,19
kor_Hang,246,8,13
kor_Hang,246,9,19
kor_Hang,246,10,19
kor_Hang,246,11,19
kor_Hang,246,12,13
kor_Hang,246,13,13
kor_Hang,246,14,13
kor_Hang,246,15,13
kor_Hang,246,16,13
kor_Hang,246,17,13
kor_Hang,246,18,47
kor_Hang,246,19,13
kor_Hang,247,0,60
kor_Hang,247,1,52
kor_Hang,247,2,13
kor_Hang,247,3,13
kor_Hang,247,4,52
kor_Hang,247,5,52
kor_Hang,247,6,13
kor_Hang,247,7,1
kor_Hang,247,8,52
kor_Hang,247,9,52
kor_Hang,247,10,62
kor_Hang,247,11,62
kor_Hang,248,0,60
kor_Hang,248,1,13
kor_Hang,248,2,13
kor_Hang,248,3,13
kor_Hang,248,4,19
kor_Hang,248,5,13
kor_Hang,248,6,13
kor_Hang,248,7,52
kor_Hang,248,8,13
kor_Hang,248,9,47
kor_Hang,248,10,13
kor_Hang,248,11,13
kor_Hang,248,12,13
kor_Hang,248,13,19
kor_Hang,248,14,13
kor_Hang,248,15,13
kor_Hang,248,16,13
kor_Hang,248,17,13
kor_Hang,248,18,13
kor_Hang,248,19,13
kor_Hang,248,20,1
kor_Hang,248,21,52
kor_Hang,249,0,60
kor_Hang,249,1,13
kor_Hang,249,2,13
kor_Hang,249,3,13
kor_Hang,249,4,13
kor_Hang,249,5,13
kor_Hang,249,6,13
kor_Hang,249,7,47
kor_Hang,249,8,13
kor_Hang,249,9,13
kor_Hang,249,10,19
kor_Hang,249,11,13
kor_Hang,249,12,13
kor_Hang,249,13,13
kor_Hang,249,14,13
kor_Hang,249,15,52
kor_Hang,249,16,13
kor_Hang,249,17,13
kor_Hang,249,18,13
kor_Hang,249,19,13
kor_Hang,249,20,13
kor_Hang,249,21,13
kor_Hang,249,22,13
kor_Hang,249,23,13
kor_Hang,249,24,13
kor_Hang,249,25,13
kor_Hang,249,26,13
kor_Hang,249,27,13
kor_Hang,249,28,13
kor_Hang,249,29,13
kor_Hang,249,30,19
kor_Hang,249,31,13
kor_Hang,249,32,13
kor_Hang,249,33,13
kor_Hang,249,34,13
kor_Hang,249,35,19
kor_Hang,249,36,13
kor_Hang,249,37,13
kor_Hang,249,38,13
kor_Hang,249,39,13
kor_Hang,249,40,13
kor_Hang,249,41,34
kor_Hang,249,42,13
kor_Hang,249,43,13
kor_Hang,249,44,13
kor_Hang,249,45,19
kor_Hang,249,46,13
kor_Hang,249,47,13
kor_Hang,249,48,13
kor_Hang,249,49,34
eng_Latn,250,0,60
eng_Latn,250,1,57
eng_Latn,250,2,45
eng_Latn,250,3,15
eng_Latn,250,4,10
eng_Latn,250,5,18
eng_Latn,250,6,16
eng_Latn,250,7,56
eng_Latn,250,8,57
kor_Hang,251,0,60
kor_Hang,251,1,47
kor_Hang,251,2,13
kor_Hang,251,3,13
kor_Hang,251,4,13
kor_Hang,251,5,61
kor_Hang,251,6,13
kor_Hang,251,7,19
kor_Hang,251,8,13
kor_Hang,251,9,13
kor_Hang,251,10,13
kor_Hang,251,11,13
kor_Hang,251,12,13
kor_Hang,251,13,13
kor_Hang,251,14,47
kor_Hang,251,15,13
kor_Hang,251,16,47
kor_Hang,251,17,47
kor_Hang,251,18,47
kor_Hang,251,19,13
kor_Hang,251,20,13
kor_Hang,251,21,13
kor_Hang,251,22,13
kor_Hang,251,23,1
kor_Hang,251,24,13
kor_Hang,251,25,19
kor_Hang,251,26,13
kor_Hang,251,27,47
kor_Hang,251,28,47
kor_Hang,251,29,47
kor_Hang,251,30,19
kor_Hang,251,31,13
kor_Hang,251,32,13
kor_Hang,251,33,13
kor_Hang,251,34,13
kor_Hang,251,35,47
kor_Hang,251,36,13
kor_Hang,251,37,52
kor_Hang,251,38,19
kor_Hang,251,39,13
kor_Hang,251,40,52
kor_Hang,252,0,60
kor_Hang,252,1,47
kor_Hang,252,2,13
kor_Hang,252,3,13
kor_Hang,252,4,13
kor_Hang,252,5,13
kor_Hang,252,6,13
kor_Hang,252,7,13
kor_Hang,252,8,13
kor_Hang,252,9,19
kor_Hang,252,10,13
kor_Hang,252,11,47
kor_Hang,252,12,47
kor_Hang,252,13,34
kor_Hang,252,14,13
kor_Hang,252,15,13
kor_Hang,252,16,13
kor_Hang,252,17,13
kor_Hang,252,18,13
kor_Hang,252,19,61
kor_Hang,252,20,19
kor_Hang,252,21,13
kor_Hang,252,22,13
kor_Hang,252,23,13
kor_Hang,252,24,13
kor_Hang,252,25,13
kor_Hang,252,26,34
eng_Latn,253,0,60
eng_Latn,253,1,50
eng_Latn,253,2,16
eng_Latn,254,0,60
eng_Latn,254,1,20
eng_Latn,254,2,62
eng_Latn,254,3,46
eng_Latn,255,0,60
eng_Latn,255,1,9
eng_Latn,255,2,22
eng_Latn,255,3,11
eng_Latn,255,4,61
eng_Latn,255,5,47
eng_Latn,255,6,40
eng_Latn,255,7,5
eng_Latn,255,8,40
eng_Latn,255,9,30
eng_Latn,255,10,49
kor_Hang,256,0,60
kor_Hang,256,1,19
kor_Hang,256,2,13
kor_Hang,256,3,13
kor_Hang,256,4,47
kor_Hang,256,5,13
kor_Hang,256,6,13
kor_Hang,256,7,13
kor_Hang,256,8,13
kor_Hang,256,9,13
kor_Hang,256,10,13
kor_Hang,256,11,19
kor_Hang,256,12,47
kor_Hang,256,13,13
kor_Hang,256,14,13
kor_Hang,256,15,13
kor_Hang,256,16,13
kor_Hang,256,17,13
kor_Hang,256,18,13
kor_Hang,256,19,13
kor_Hang,256,20,13
kor_Hang,256,21,13
kor_Hang,256,22,13
kor_Hang,256,23,13
kor_Hang,256,24,13
kor_Hang,256,25,13
kor_Hang,256,26,13
kor_Hang,256,27,13
kor_Hang,256,28,13
kor_Hang,256,29,13
kor_Hang,256,30,13
kor_Hang,256,31,13
kor_Hang,256,32,13
kor_Hang,256,33,34
kor_Hang,257,0,60
kor_Hang,257,1,13
kor_Hang,257,2,60
kor_Hang,257,3,13
kor_Hang,257,4,19
kor_Hang,257,5,13
kor_Hang,257,6,27
kor_Hang,257,7,13
kor_Hang,257,8,13
kor_Hang,257,9,13
kor_Hang,257,10,26
kor_Hang,257,11,13
kor_Hang,257,12,13
kor_Hang,257,13,26
kor_Hang,257,14,13
kor_Hang,257,15,13
kor_Hang,257,16,19
kor_Hang,257,17,13
kor_Hang,257,18,13
kor_Hang,257,19,13
kor_Hang,257,20,19
kor_Hang,257,21,13
kor_Hang,257,22,13
kor_Hang,257,23,19
kor_Hang,257,24,13
kor_Hang,257,25,13
kor_Hang,257,26,13
kor_Hang,257,27,13
kor_Hang,257,28,13
kor_Hang,257,29,13
kor_Hang,257,30,13
kor_Hang,257,31,47
kor_Hang,257,32,13
kor_Hang,257,33,13
kor_Hang,258,0,60
kor_Hang,258,1,13
kor_Hang,258,2,13
kor_Hang,258,3,12
kor_Hang,258,4,13
kor_Hang,258,5,13
kor_Hang,258,6,13
kor_Hang,258,7,13
kor_Hang,258,8,13
kor_Hang,258,9,13
kor_Hang,258,10,13
kor_Hang,258,11,13
kor_Hang,258,12,13
kor_Hang,258,13,13
kor_Hang,258,14,13
kor_Hang,258,15,13
kor_Hang,258,16,47
kor_Hang,258,17,13
kor_Hang,258,18,12
kor_Hang,258,19,13
kor_Hang,258,20,13
kor_Hang,258,21,13
kor_Hang,258,22,13
kor_Hang,258,23,47
kor_Hang,258,24,47
kor_Hang,258,25,47
kor_Hang,258,26,13
kor_Hang,258,27,13
kor_Hang,258,28,13
kor_Hang,258,29,13
kor_Hang,258,30,13
kor_Hang,258,31,13
kor_Hang,258,32,13
kor_Hang,258,33,13
kor_Hang,258,34,13
kor_Hang,258,35,13
kor_Hang,258,36,13
kor_Hang,258,37,13
kor_Hang,258,38,13
kor_Hang,258,39,13
kor_Hang,258,40,13
kor_Hang,258,41,13
kor_Hang,258,42,13
kor_Hang,258,43,13
kor_Hang,258,44,34
kor_Hang,258,45,13
kor_Hang,258,46,13
kor_Hang,258,47,13
kor_Hang,258,48,13
kor_Hang,258,49,47
kor_Hang,258,50,13
kor_Hang,258,51,13
kor_Hang,258,52,13
kor_Hang,258,53,13
kor_Hang,258,54,13
kor_Hang,258,55,13
kor_Hang,258,56,13
kor_Hang,258,57,13
kor_Hang,258,58,34
kor_Hang,259,0,60
kor_Hang,259,1,52
kor_Hang,259,2,19
kor_Hang,259,3,13
kor_Hang,259,4,13
kor_Hang,259,5,13
kor_Hang,259,6,13
kor_Hang,259,7,13
kor_Hang,259,8,13
kor_Hang,259,9,13
kor_Hang,259,10,61
kor_Hang,259,11,13
kor_Hang,259,12,13
kor_Hang,259,13,13
kor_Hang,259,14,13
kor_Hang,259,15,13
kor_Hang,259,16,13
kor_Hang,259,17,13
kor_Hang,259,18,13
kor_Hang,259,19,13
kor_Hang,259,20,13
kor_Hang,259,21,34
kor_Hang,259,22,13
kor_Hang,259,23,13
kor_Hang,259,24,13
kor_Hang,259,25,13
kor_Hang,259,26,13
kor_Hang,259,27,52
kor_Hang,259,28,52
kor_Hang,259,29,52
kor_Hang,259,30,52
kor_Hang,259,31,19
kor_Hang,259,32,13
kor_Hang,259,33,13
kor_Hang,259,34,13
kor_Hang,259,35,13
kor_Hang,259,36,13
kor_Hang,259,37,13
kor_Hang,259,38,13
kor_Hang,259,39,13
kor_Hang,259,40,13
kor_Hang,259,41,13
kor_Hang,259,42,13
kor_Hang,259,43,13
kor_Hang,259,44,13
kor_Hang,259,45,13
kor_Hang,259,46,13
kor_Hang,259,47,13
kor_Hang,259,48,13
kor_Hang,259,49,13
kor_Hang,259,50,13
kor_Hang,259,51,13
kor_Hang,259,52,52
kor_Hang,260,0,60
kor_Hang,260,1,13
kor_Hang,260,2,13
kor_Hang,260,3,13
kor_Hang,260,4,13
kor_Hang,260,5,47
kor_Hang,260,6,19
kor_Hang,260,7,13
kor_Hang,260,8,13
kor_Hang,260,9,13
kor_Hang,260,10,13
kor_Hang,260,11,13
kor_Hang,260,12,47
kor_Hang,260,13,13
kor_Hang,260,14,34
kor_Hang,260,15,13
kor_Hang,260,16,34
kor_Hang,260,17,13
kor_Hang,260,18,52
kor_Hang,260,19,13
kor_Hang,260,20,13
kor_Hang,260,21,13
kor_Hang,260,22,13
kor_Hang,260,23,13
kor_Hang,260,24,13
kor_Hang,260,25,13
kor_Hang,260,26,34
kor_Hang,261,0,60
kor_Hang,261,1,13
kor_Hang,261,2,47
kor_Hang,261,3,13
kor_Hang,261,4,13
kor_Hang,261,5,19
kor_Hang,261,6,13
kor_Hang,261,7,13
kor_Hang,261,8,13
kor_Hang,261,9,13
kor_Hang,261,10,13
kor_Hang,261,11,47
kor_Hang,261,12,13
kor_Hang,261,13,1
kor_Hang,261,14,13
kor_Hang,261,15,13
kor_Hang,261,16,13
kor_Hang,261,17,13
kor_Hang,261,18,13
kor_Hang,261,19,47
kor_Hang,261,20,13
kor_Hang,261,21,13
kor_Hang,261,22,13
kor_Hang,261,23,13
kor_Hang,261,24,13
kor_Hang,261,25,13
kor_Hang,261,26,13
kor_Hang,261,27,13
kor_Hang,261,28,13
kor_Hang,261,29,13
kor_Hang,261,30,13
kor_Hang,261,31,13
kor_Hang,261,32,13
kor_Hang,261,33,13
kor_Hang,261,34,13
kor_Hang,261,35,13
kor_Hang,261,36,13
kor_Hang,261,37,47
kor_Hang,261,38,13
kor_Hang,261,39,13
kor_Hang,261,40,13
kor_Hang,261,41,47
kor_Hang,261,42,13
kor_Hang,261,43,13
kor_Hang,261,44,13
kor_Hang,261,45,13
kor_Hang,261,46,13
kor_Hang,261,47,13
kor_Hang,262,0,60
kor_Hang,262,1,13
kor_Hang,262,2,13
kor_Hang,262,3,13
kor_Hang,262,4,13
kor_Hang,262,5,13
kor_Hang,262,6,13
kor_Hang,262,7,13
kor_Hang,262,8,13
kor_Hang,262,9,13
kor_Hang,262,10,13
kor_Hang,262,11,19
kor_Hang,262,12,13
kor_Hang,262,13,13
kor_Hang,262,14,13
kor_Hang,262,15,13
kor_Hang,262,16,13
kor_Hang,262,17,13
kor_Hang,262,18,13
kor_Hang,262,19,61
kor_Hang,262,20,13
kor_Hang,262,21,13
kor_Hang,262,22,13
kor_Hang,262,23,13
kor_Hang,262,24,13
kor_Hang,262,25,13
kor_Hang,262,26,13
kor_Hang,262,27,13
kor_Hang,262,28,13
kor_Hang,262,29,13
kor_Hang,262,30,13
kor_Hang,262,31,51
kor_Hang,262,32,19
kor_Hang,262,33,13
kor_Hang,262,34,61
kor_Hang,262,35,13
kor_Hang,262,36,13
kor_Hang,262,37,13
kor_Hang,262,38,13
kor_Hang,262,39,13
kor_Hang,262,40,13
kor_Hang,262,41,13
kor_Hang,262,42,13
kor_Hang,262,43,13
kor_Hang,262,44,13
kor_Hang,262,45,19
kor_Hang,262,46,13
kor_Hang,262,47,13
kor_Hang,262,48,13
kor_Hang,262,49,13
kor_Hang,262,50,13
kor_Hang,262,51,13
kor_Hang,262,52,13
kor_Hang,262,53,13
kor_Hang,262,54,13
kor_Hang,262,55,19
kor_Hang,262,56,13
kor_Hang,262,57,13
kor_Hang,262,58,13
kor_Hang,262,59,13
kor_Hang,262,60,51
kor_Hang,263,0,60
kor_Hang,263,1,13
kor_Hang,263,2,13
kor_Hang,263,3,13
kor_Hang,263,4,13
kor_Hang,263,5,13
kor_Hang,263,6,13
kor_Hang,263,7,13
kor_Hang,263,8,13
kor_Hang,263,9,19
kor_Hang,263,10,19
kor_Hang,263,11,47
kor_Hang,263,12,19
kor_Hang,263,13,13
kor_Hang,263,14,13
kor_Hang,263,15,47
kor_Hang,263,16,47
kor_Hang,263,17,13
kor_Hang,263,18,13
kor_Hang,263,19,13
kor_Hang,263,20,47
kor_Hang,263,21,13
kor_Hang,263,22,13
kor_Hang,263,23,52
kor_Hang,264,0,60
kor_Hang,264,1,52
kor_Hang,264,2,13
kor_Hang,264,3,13
kor_Hang,264,4,13
kor_Hang,264,5,13
kor_Hang,264,6,13
kor_Hang,264,7,13
kor_Hang,264,8,13
kor_Hang,264,9,13
kor_Hang,264,10,13
kor_Hang,264,11,61
kor_Hang,264,12,13
kor_Hang,264,13,13
kor_Hang,264,14,13
kor_Hang,264,15,13
kor_Hang,264,16,13
kor_Hang,264,17,19
kor_Hang,264,18,34
kor_Hang,264,19,13
kor_Hang,264,20,13
kor_Hang,264,21,34
kor_Hang,264,22,34
kor_Hang,264,23,13
kor_Hang,264,24,13
kor_Hang,264,25,34
kor_Hang,265,0,60
kor_Hang,265,1,13
kor_Hang,265,2,47
kor_Hang,265,3,13
kor_Hang,265,4,39
kor_Hang,265,5,13
kor_Hang,265,6,19
kor_Hang,265,7,13
kor_Hang,265,8,13
kor_Hang,265,9,13
kor_Hang,265,10,47
kor_Hang,265,11,39
kor_Hang,265,12,13
kor_Hang,265,13,47
kor_Hang,265,14,39
kor_Hang,265,15,19
kor_Hang,265,16,13
kor_Hang,265,17,13
kor_Hang,265,18,13
kor_Hang,265,19,19
kor_Hang,265,20,13
kor_Hang,265,21,19
kor_Hang,265,22,13
kor_Hang,265,23,13
kor_Hang,265,24,19
kor_Hang,265,25,13
kor_Hang,265,26,19
kor_Hang,265,27,34
kor_Hang,265,28,13
kor_Hang,265,29,34
kor_Hang,265,30,13
kor_Hang,265,31,13
kor_Hang,265,32,13
kor_Hang,265,33,13
kor_Hang,265,34,13
kor_Hang,265,35,13
kor_Hang,265,36,13
kor_Hang,265,37,19
kor_Hang,265,38,13
kor_Hang,265,39,13
kor_Hang,265,40,13
kor_Hang,265,41,13
kor_Hang,265,42,13
kor_Hang,265,43,13
kor_Hang,265,44,13
kor_Hang,265,45,34
kor_Hang,266,0,60
kor_Hang,266,1,12
kor_Hang,266,2,58
kor_Hang,266,3,12
kor_Hang,266,4,13
kor_Hang,266,5,13
kor_Hang,266,6,19
kor_Hang,266,7,13
kor_Hang,266,8,13
kor_Hang,266,9,13
kor_Hang,266,10,52
kor_Hang,266,11,52
kor_Hang,267,0,60
kor_Hang,267,1,19
kor_Hang,267,2,13
kor_Hang,267,3,13
kor_Hang,267,4,13
kor_Hang,267,5,19
kor_Hang,267,6,13
kor_Hang,267,7,19
kor_Hang,267,8,13
kor_Hang,267,9,47
kor_Hang,267,10,13
kor_Hang,267,11,47
kor_Hang,267,12,19
kor_Hang,267,13,13
kor_Hang,267,14,13
kor_Hang,267,15,13
kor_Hang,267,16,13
kor_Hang,267,17,13
kor_Hang,267,18,13
kor_Hang,267,19,47
kor_Hang,267,20,26
kor_Hang,267,21,13
kor_Hang,267,22,13
kor_Hang,267,23,13
kor_Hang,267,24,13
kor_Hang,267,25,13
kor_Hang,267,26,13
kor_Hang,267,27,9
kor_Hang,267,28,13
kor_Hang,267,29,13
kor_Hang,267,30,13
kor_Hang,267,31,13
kor_Hang,267,32,13
kor_Hang,267,33,19
kor_Hang,267,34,13
kor_Hang,267,35,13
kor_Hang,267,36,13
kor_Hang,267,37,13
kor_Hang,267,38,13
kor_Hang,268,0,60
kor_Hang,268,1,52
kor_Hang,268,2,12
kor_Hang,268,3,11
kor_Hang,268,4,57
kor_Hang,268,5,61
kor_Hang,268,6,19
kor_Hang,268,7,9
kor_Hang,268,8,12
kor_Hang,268,9,52
eng_Latn,269,0,60
eng_Latn,269,1,20
eng_Latn,269,2,37
eng_Latn,269,3,40
eng_Latn,269,4,59
kor_Hang,270,0,60
kor_Hang,270,1,58
kor_Hang,270,2,13
kor_Hang,270,3,13
kor_Hang,270,4,13
kor_Hang,270,5,13
kor_Hang,270,6,13
kor_Hang,270,7,52
kor_Hang,270,8,13
kor_Hang,270,9,52
kor_Hang,271,0,60
kor_Hang,271,1,13
kor_Hang,271,2,19
kor_Hang,271,3,13
kor_Hang,271,4,13
kor_Hang,271,5,13
kor_Hang,271,6,13
kor_Hang,271,7,13
kor_Hang,271,8,13
kor_Hang,271,9,13
kor_Hang,271,10,19
kor_Hang,271,11,13
kor_Hang,271,12,13
kor_Hang,271,13,13
kor_Hang,271,14,13
kor_Hang,271,15,47
kor_Hang,271,16,34
kor_Hang,271,17,13
kor_Hang,271,18,13
kor_Hang,271,19,19
kor_Hang,271,20,13
kor_Hang,271,21,13
kor_Hang,271,22,61
kor_Hang,271,23,13
kor_Hang,271,24,13
kor_Hang,271,25,13
kor_Hang,271,26,19
kor_Hang,271,27,13
kor_Hang,271,28,13
kor_Hang,271,29,13
kor_Hang,271,30,13
kor_Hang,271,31,34
kor_Hang,271,32,9
kor_Hang,271,33,13
kor_Hang,271,34,13
kor_Hang,271,35,13
kor_Hang,271,36,19
kor_Hang,271,37,13
kor_Hang,271,38,13
kor_Hang,271,39,13
kor_Hang,271,40,13
kor_Hang,271,41,13
kor_Hang,271,42,13
kor_Hang,271,43,13
kor_Hang,271,44,13
kor_Hang,271,45,13
kor_Hang,271,46,47
kor_Hang,271,47,13
kor_Hang,271,48,13
kor_Hang,271,49,13
kor_Hang,271,50,47
kor_Hang,271,51,13
kor_Hang,271,52,13
kor_Hang,271,53,13
kor_Hang,271,54,13
kor_Hang,271,55,13
kor_Hang,271,56,13
kor_Hang,271,57,19
kor_Hang,271,58,13
kor_Hang,271,59,34
kor_Hang,272,0,60
kor_Hang,272,1,13
kor_Hang,272,2,19
kor_Hang,272,3,13
kor_Hang,272,4,19
kor_Hang,272,5,13
kor_Hang,272,6,13
kor_Hang,272,7,13
kor_Hang,272,8,13
kor_Hang,272,9,13
kor_Hang,272,10,13
kor_Hang,272,11,47
kor_Hang,272,12,13
kor_Hang,272,13,13
kor_Hang,272,14,13
kor_Hang,272,15,19
kor_Hang,272,16,13
kor_Hang,272,17,19
kor_Hang,272,18,13
kor_Hang,272,19,13
kor_Hang,272,20,19
kor_Hang,272,21,13
kor_Hang,272,22,19
kor_Hang,272,23,13
kor_Hang,272,24,13
kor_Hang,272,25,13
kor_Hang,272,26,13
kor_Hang,272,27,13
kor_Hang,272,28,13
kor_Hang,272,29,13
kor_Hang,272,30,13
kor_Hang,272,31,13
kor_Hang,272,32,13
kor_Hang,272,33,13
kor_Hang,272,34,13
kor_Hang,272,35,13
kor_Hang,272,36,13
kor_Hang,272,37,13
kor_Hang,272,38,51
kor_Hang,273,0,60
kor_Hang,273,1,13
kor_Hang,273,2,13
kor_Hang,273,3,13
kor_Hang,273,4,13
kor_Hang,273,5,13
kor_Hang,273,6,13
kor_Hang,273,7,13
kor_Hang,273,8,47
kor_Hang,273,9,13
kor_Hang,273,10,19
kor_Hang,273,11,13
kor_Hang,273,12,13
kor_Hang,273,13,9
kor_Hang,273,14,13
kor_Hang,273,15,13
kor_Hang,273,16,52
kor_Hang,273,17,52
kor_Hang,273,18,52
kor_Hang,273,19,13
kor_Hang,273,20,13
kor_Hang,273,21,19
kor_Hang,273,22,13
kor_Hang,273,23,13
kor_Hang,273,24,13
kor_Hang,273,25,24
kor_Hang,273,26,13
kor_Hang,273,27,47
kor_Hang,273,28,13
kor_Hang,273,29,13
kor_Hang,273,30,13
kor_Hang,273,31,47
kor_Hang,273,32,47
kor_Hang,273,33,13
kor_Hang,273,34,13
kor_Hang,273,35,13
kor_Hang,273,36,13
kor_Hang,273,37,13
kor_Hang,273,38,47
kor_Hang,273,39,13
kor_Hang,274,0,60
kor_Hang,274,1,47
kor_Hang,274,2,13
kor_Hang,274,3,13
kor_Hang,274,4,13
kor_Hang,274,5,19
kor_Hang,274,6,13
kor_Hang,274,7,13
kor_Hang,274,8,19
kor_Hang,274,9,13
kor_Hang,274,10,47
kor_Hang,274,11,19
kor_Hang,274,12,13
kor_Hang,274,13,19
kor_Hang,274,14,19
kor_Hang,274,15,19
kor_Hang,274,16,13
kor_Hang,274,17,13
kor_Hang,274,18,13
kor_Hang,274,19,19
kor_Hang,274,20,13
kor_Hang,274,21,19
kor_Hang,274,22,13
kor_Hang,274,23,52
kor_Hang,274,24,13
kor_Hang,274,25,19
kor_Hang,274,26,13
kor_Hang,274,27,13
kor_Hang,274,28,13
kor_Hang,274,29,13
kor_Hang,274,30,13
kor_Hang,274,31,19
kor_Hang,274,32,19
kor_Hang,274,33,13
kor_Hang,274,34,13
kor_Hang,274,35,13
kor_Hang,274,36,13
kor_Hang,274,37,13
kor_Hang,274,38,13
kor_Hang,274,39,13
kor_Hang,274,40,13
kor_Hang,274,41,13
kor_Hang,274,42,13
kor_Hang,274,43,34
kor_Hang,275,0,60
kor_Hang,275,1,11
kor_Hang,275,2,13
kor_Hang,275,3,13
kor_Hang,275,4,13
kor_Hang,275,5,13
kor_Hang,275,6,19
kor_Hang,275,7,13
kor_Hang,275,8,13
kor_Hang,275,9,13
kor_Hang,275,10,13
kor_Hang,275,11,13
kor_Hang,275,12,12
kor_Hang,275,13,11
kor_Hang,275,14,13
kor_Hang,275,15,13
kor_Hang,275,16,13
kor_Hang,275,17,19
kor_Hang,275,18,13
kor_Hang,275,19,13
kor_Hang,275,20,47
kor_Hang,275,21,13
kor_Hang,275,22,11
kor_Hang,275,23,61
kor_Hang,275,24,13
kor_Hang,275,25,13
kor_Hang,275,26,13
kor_Hang,275,27,13
kor_Hang,275,28,13
kor_Hang,275,29,13
kor_Hang,275,30,13
kor_Hang,275,31,13
kor_Hang,275,32,13
kor_Hang,275,33,19
kor_Hang,275,34,13
kor_Hang,275,35,13
kor_Hang,275,36,47
kor_Hang,275,37,13
kor_Hang,275,38,13
kor_Hang,275,39,52
kor_Hang,275,40,52
kor_Hang,275,41,52
kor_Hang,275,42,52
kor_Hang,275,43,61
kor_Hang,275,44,34
kor_Hang,275,45,13
kor_Hang,275,46,13
kor_Hang,275,47,34
kor_Hang,276,0,60
kor_Hang,276,1,13
kor_Hang,276,2,13
kor_Hang,276,3,19
kor_Hang,276,4,13
kor_Hang,276,5,47
kor_Hang,276,6,13
kor_Hang,276,7,13
kor_Hang,276,8,19
kor_Hang,276,9,19
kor_Hang,276,10,13
kor_Hang,276,11,19
kor_Hang,276,12,19
kor_Hang,276,13,39
kor_Hang,276,14,13
kor_Hang,276,15,13
kor_Hang,276,16,6
kor_Hang,276,17,19
kor_Hang,276,18,13
kor_Hang,276,19,13
kor_Hang,276,20,13
kor_Hang,276,21,13
kor_Hang,276,22,19
kor_Hang,276,23,47
kor_Hang,276,24,13
kor_Hang,276,25,19
kor_Hang,276,26,39
kor_Hang,276,27,13
kor_Hang,276,28,19
kor_Hang,276,29,39
kor_Hang,276,30,13
kor_Hang,276,31,13
kor_Hang,276,32,13
kor_Hang,276,33,13
kor_Hang,276,34,13
kor_Hang,276,35,47
kor_Hang,276,36,13
kor_Hang,276,37,19
kor_Hang,276,38,13
kor_Hang,276,39,13
kor_Hang,276,40,13
kor_Hang,276,41,61
kor_Hang,276,42,47
kor_Hang,276,43,13
eng_Latn,277,0,60
eng_Latn,277,1,34
eng_Latn,277,2,29
eng_Latn,277,3,34
eng_Latn,277,4,20
eng_Latn,277,5,49
eng_Latn,277,6,5
eng_Latn,277,7,49
eng_Latn,278,0,60
eng_Latn,278,1,9
eng_Latn,278,2,27
eng_Latn,278,3,9
eng_Latn,278,4,56
eng_Latn,278,5,35
eng_Latn,278,6,17
eng_Latn,278,7,51
kor_Hang,279,0,60
kor_Hang,279,1,19
kor_Hang,279,2,13
kor_Hang,279,3,19
kor_Hang,279,4,13
kor_Hang,279,5,13
kor_Hang,279,6,19
kor_Hang,279,7,13
kor_Hang,279,8,13
kor_Hang,279,9,13
kor_Hang,279,10,13
kor_Hang,279,11,52
kor_Hang,279,12,52
kor_Hang,279,13,52
kor_Hang,279,14,1
kor_Hang,279,15,52
kor_Hang,279,16,52
kor_Hang,279,17,13
kor_Hang,279,18,13
kor_Hang,279,19,13
kor_Hang,279,20,13
kor_Hang,279,21,47
kor_Hang,279,22,19
kor_Hang,279,23,13
kor_Hang,279,24,13
kor_Hang,279,25,13
kor_Hang,279,26,13
kor_Hang,279,27,47
kor_Hang,279,28,13
kor_Hang,279,29,13
kor_Hang,279,30,19
kor_Hang,279,31,13
kor_Hang,279,32,13
kor_Hang,279,33,13
kor_Hang,279,34,47
kor_Hang,279,35,13
kor_Hang,279,36,19
kor_Hang,279,37,13
kor_Hang,279,38,13
kor_Hang,279,39,13
kor_Hang,279,40,13
kor_Hang,279,41,47
kor_Hang,279,42,47
kor_Hang,279,43,19
kor_Hang,279,44,47
kor_Hang,279,45,13
kor_Hang,279,46,13
kor_Hang,279,47,7
eng_Latn,280,0,60
eng_Latn,280,1,22
eng_Latn,280,2,53
eng_Latn,280,3,46
kor_Hang,281,0,60
kor_Hang,281,1,13
kor_Hang,281,2,19
kor_Hang,281,3,13
kor_Hang,281,4,13
kor_Hang,281,5,19
kor_Hang,281,6,13
kor_Hang,281,7,19
kor_Hang,281,8,13
kor_Hang,281,9,13
kor_Hang,281,10,19
kor_Hang,281,11,13
kor_Hang,281,12,47
kor_Hang,281,13,19
kor_Hang,281,14,13
kor_Hang,281,15,13
kor_Hang,281,16,13
kor_Hang,281,17,13
kor_Hang,281,18,13
kor_Hang,281,19,13
kor_Hang,281,20,13
kor_Hang,281,21,13
kor_Hang,281,22,13
kor_Hang,281,23,13
kor_Hang,281,24,13
kor_Hang,281,25,13
kor_Hang,281,26,19
kor_Hang,281,27,13
kor_Hang,281,28,19
kor_Hang,281,29,13
kor_Hang,281,30,19
kor_Hang,281,31,13
kor_Hang,281,32,13
kor_Hang,281,33,13
kor_Hang,281,34,13
kor_Hang,281,35,13
kor_Hang,281,36,19
kor_Hang,281,37,13
kor_Hang,281,38,19
kor_Hang,281,39,13
kor_Hang,281,40,13
kor_Hang,281,41,13
kor_Hang,281,42,19
kor_Hang,281,43,13
kor_Hang,281,44,13
kor_Hang,281,45,13
kor_Hang,281,46,19
kor_Hang,281,47,13
kor_Hang,281,48,13
kor_Hang,281,49,13
kor_Hang,281,50,13
kor_Hang,281,51,13
kor_Hang,281,52,19
kor_Hang,281,53,13
kor_Hang,281,54,13
kor_Hang,281,55,13
kor_Hang,281,56,13
kor_Hang,281,57,13
kor_Hang,281,58,13
kor_Hang,281,59,13
kor_Hang,281,60,13
kor_Hang,281,61,13
kor_Hang,281,62,13
kor_Hang,281,63,13
kor_Hang,281,64,13
kor_Hang,281,65,13
kor_Hang,281,66,13
kor_Hang,281,67,13
kor_Hang,281,68,13
kor_Hang,281,69,34
kor_Hang,281,70,4
kor_Hang,281,71,13
kor_Hang,281,72,34
kor_Hang,282,0,60
kor_Hang,282,1,13
kor_Hang,282,2,13
kor_Hang,282,3,13
kor_Hang,282,4,13
kor_Hang,282,5,13
kor_Hang,282,6,13
kor_Hang,282,7,13
kor_Hang,282,8,13
kor_Hang,282,9,13
kor_Hang,282,10,19
kor_Hang,282,11,13
kor_Hang,282,12,13
kor_Hang,282,13,19
kor_Hang,282,14,13
kor_Hang,282,15,13
kor_Hang,282,16,13
kor_Hang,282,17,13
kor_Hang,282,18,19
kor_Hang,282,19,13
kor_Hang,282,20,61
kor_Hang,282,21,27
kor_Hang,282,22,52
kor_Hang,282,23,12
kor_Hang,282,24,26
kor_Hang,282,25,47
kor_Hang,282,26,27
kor_Hang,282,27,40
kor_Hang,283,0,60
kor_Hang,283,1,13
kor_Hang,283,2,13
kor_Hang,283,3,13
kor_Hang,283,4,13
kor_Hang,283,5,13
kor_Hang,283,6,13
kor_Hang,283,7,13
kor_Hang,283,8,13
kor_Hang,283,9,13
kor_Hang,283,10,13
kor_Hang,283,11,13
kor_Hang,283,12,13
kor_Hang,283,13,13
kor_Hang,283,14,19
kor_Hang,283,15,34
kor_Hang,283,16,13
kor_Hang,283,17,13
kor_Hang,283,18,13
kor_Hang,283,19,52
kor_Hang,283,20,47
kor_Hang,283,21,13
kor_Hang,283,22,13
kor_Hang,283,23,13
kor_Hang,283,24,13
kor_Hang,283,25,13
kor_Hang,283,26,19
kor_Hang,283,27,34
kor_Hang,283,28,34
kor_Hang,283,29,13
kor_Hang,283,30,34
kor_Hang,283,31,19
kor_Hang,283,32,34
kor_Hang,283,33,34
kor_Hang,283,34,13
kor_Hang,283,35,13
kor_Hang,283,36,13
kor_Hang,283,37,13
kor_Hang,283,38,47
kor_Hang,283,39,13
kor_Hang,283,40,13
kor_Hang,283,41,13
kor_Hang,283,42,13
kor_Hang,283,43,19
kor_Hang,283,44,34
kor_Hang,283,45,47
kor_Hang,283,46,13
kor_Hang,283,47,13
kor_Hang,283,48,13
kor_Hang,283,49,13
kor_Hang,283,50,13
kor_Hang,283,51,13
kor_Hang,283,52,19
kor_Hang,283,53,34
kor_Hang,283,54,34
kor_Hang,283,55,13
kor_Hang,283,56,13
kor_Hang,283,57,13
kor_Hang,283,58,47
kor_Hang,283,59,19
kor_Hang,283,60,34
kor_Hang,283,61,13
kor_Hang,283,62,13
kor_Hang,283,63,13
kor_Hang,283,64,13
kor_Hang,283,65,34
kor_Hang,283,66,13
kor_Hang,283,67,13
kor_Hang,283,68,13
kor_Hang,283,69,34
kor_Hang,283,70,13
kor_Hang,283,71,13
kor_Hang,283,72,34
kor_Hang,283,73,34
kor_Hang,283,74,34
kor_Hang,284,0,60
kor_Hang,284,1,13
kor_Hang,284,2,34
kor_Hang,284,3,13
kor_Hang,284,4,19
kor_Hang,284,5,13
kor_Hang,284,6,13
kor_Hang,284,7,13
kor_Hang,284,8,13
kor_Hang,284,9,19
kor_Hang,284,10,13
kor_Hang,284,11,13
kor_Hang,284,12,13
kor_Hang,284,13,13
kor_Hang,284,14,13
kor_Hang,284,15,13
kor_Hang,284,16,51
kor_Hang,285,0,60
kor_Hang,285,1,13
kor_Hang,285,2,13
kor_Hang,285,3,13
kor_Hang,285,4,47
kor_Hang,285,5,13
kor_Hang,285,6,19
kor_Hang,285,7,13
kor_Hang,285,8,13
kor_Hang,285,9,13
kor_Hang,285,10,13
kor_Hang,285,11,19
kor_Hang,285,12,13
kor_Hang,285,13,11
kor_Hang,285,14,52
kor_Hang,285,15,52
kor_Hang,285,16,52
kor_Hang,285,17,13
kor_Hang,285,18,13
kor_Hang,285,19,13
kor_Hang,285,20,19
kor_Hang,285,21,13
kor_Hang,285,22,13
kor_Hang,285,23,13
kor_Hang,285,24,13
kor_Hang,285,25,13
kor_Hang,285,26,13
kor_Hang,285,27,13
kor_Hang,285,28,13
kor_Hang,285,29,13
kor_Hang,285,30,13
kor_Hang,285,31,13
kor_Hang,285,32,13
kor_Hang,285,33,13
kor_Hang,285,34,13
kor_Hang,285,35,13
kor_Hang,285,36,13
kor_Hang,285,37,47
kor_Hang,285,38,13
kor_Hang,285,39,13
kor_Hang,285,40,13
kor_Hang,285,41,13
kor_Hang,285,42,52
kor_Hang,286,0,60
kor_Hang,286,1,13
kor_Hang,286,2,13
kor_Hang,286,3,13
kor_Hang,286,4,13
kor_Hang,286,5,13
kor_Hang,286,6,13
kor_Hang,286,7,13
kor_Hang,286,8,13
kor_Hang,286,9,19
kor_Hang,286,10,13
kor_Hang,286,11,47
kor_Hang,286,12,13
kor_Hang,286,13,13
kor_Hang,286,14,13
kor_Hang,286,15,13
kor_Hang,286,16,13
kor_Hang,286,17,13
kor_Hang,286,18,13
kor_Hang,286,19,13
kor_Hang,286,20,61
kor_Hang,286,21,13
kor_Hang,286,22,13
kor_Hang,286,23,13
kor_Hang,286,24,13
kor_Hang,286,25,13
kor_Hang,286,26,13
kor_Hang,286,27,13
kor_Hang,286,28,13
kor_Hang,286,29,13
kor_Hang,286,30,13
kor_Hang,286,31,13
kor_Hang,286,32,13
kor_Hang,286,33,13
kor_Hang,286,34,13
kor_Hang,286,35,13
kor_Hang,286,36,13
kor_Hang,286,37,13
kor_Hang,286,38,13
kor_Hang,286,39,13
kor_Hang,286,40,13
kor_Hang,286,41,13
kor_Hang,286,42,13
kor_Hang,286,43,13
kor_Hang,286,44,19
kor_Hang,286,45,13
kor_Hang,286,46,13
kor_Hang,286,47,61
kor_Hang,286,48,13
kor_Hang,286,49,19
kor_Hang,286,50,13
kor_Hang,286,51,13
kor_Hang,286,52,13
kor_Hang,286,53,13
kor_Hang,286,54,13
kor_Hang,286,55,13
kor_Hang,286,56,13
kor_Hang,286,57,13
kor_Hang,286,58,27
kor_Hang,286,59,13
kor_Hang,286,60,13
kor_Hang,286,61,13
kor_Hang,286,62,13
kor_Hang,286,63,13
kor_Hang,286,64,13
kor_Hang,286,65,13
kor_Hang,286,66,51
kor_Hang,287,0,60
kor_Hang,287,1,13
kor_Hang,287,2,39
kor_Hang,287,3,19
kor_Hang,287,4,13
kor_Hang,287,5,13
kor_Hang,287,6,61
kor_Hang,287,7,13
kor_Hang,287,8,13
kor_Hang,287,9,13
kor_Hang,287,10,13
kor_Hang,287,11,13
kor_Hang,287,12,19
kor_Hang,287,13,6
kor_Hang,287,14,19
kor_Hang,287,15,47
kor_Hang,287,16,13
kor_Hang,287,17,19
kor_Hang,287,18,47
kor_Hang,287,19,19
kor_Hang,287,20,13
kor_Hang,287,21,13
kor_Hang,287,22,19
kor_Hang,287,23,13
kor_Hang,287,24,61
kor_Hang,287,25,36
kor_Hang,287,26,13
kor_Hang,287,27,13
kor_Hang,287,28,13
kor_Hang,287,29,13
kor_Hang,287,30,13
kor_Hang,287,31,13
kor_Hang,287,32,13
kor_Hang,287,33,13
kor_Hang,287,34,19
kor_Hang,287,35,13
kor_Hang,287,36,13
kor_Hang,287,37,61
kor_Hang,287,38,13
kor_Hang,287,39,13
kor_Hang,287,40,13
kor_Hang,287,41,9
kor_Hang,287,42,13
eng_Latn,288,0,60
eng_Latn,288,1,18
eng_Latn,288,2,56
eng_Latn,288,3,21
eng_Latn,288,4,51
eng_Latn,288,5,20
eng_Latn,288,6,27
kor_Hang,289,0,60
kor_Hang,289,1,13
kor_Hang,289,2,47
kor_Hang,289,3,47
kor_Hang,289,4,13
kor_Hang,289,5,13
kor_Hang,289,6,13
kor_Hang,289,7,13
kor_Hang,289,8,13
kor_Hang,289,9,13
kor_Hang,289,10,61
kor_Hang,289,11,13
kor_Hang,289,12,13
kor_Hang,289,13,13
kor_Hang,289,14,13
kor_Hang,289,15,13
kor_Hang,289,16,13
kor_Hang,289,17,13
kor_Hang,289,18,13
kor_Hang,289,19,13
kor_Hang,289,20,13
kor_Hang,289,21,39
kor_Hang,289,22,19
kor_Hang,289,23,13
kor_Hang,289,24,13
kor_Hang,289,25,13
kor_Hang,289,26,13
kor_Hang,289,27,13
kor_Hang,289,28,13
kor_Hang,289,29,13
kor_Hang,289,30,13
kor_Hang,289,31,13
kor_Hang,289,32,13
kor_Hang,289,33,19
kor_Hang,289,34,13
kor_Hang,289,35,13
kor_Hang,289,36,34
kor_Hang,289,37,13
kor_Hang,289,38,13
kor_Hang,289,39,34
kor_Hang,289,40,34
kor_Hang,290,0,60
kor_Hang,290,1,13
kor_Hang,290,2,13
kor_Hang,290,3,19
kor_Hang,290,4,13
kor_Hang,290,5,13
kor_Hang,290,6,13
kor_Hang,290,7,13
kor_Hang,290,8,24
kor_Hang,290,9,13
kor_Hang,290,10,13
kor_Hang,290,11,61
kor_Hang,290,12,19
kor_Hang,290,13,13
kor_Hang,290,14,13
kor_Hang,290,15,13
kor_Hang,290,16,13
kor_Hang,290,17,13
kor_Hang,290,18,19
kor_Hang,290,19,13
kor_Hang,290,20,19
kor_Hang,290,21,13
kor_Hang,290,22,13
kor_Hang,290,23,13
kor_Hang,290,24,13
kor_Hang,290,25,19
kor_Hang,290,26,39
kor_Hang,290,27,13
kor_Hang,290,28,13
kor_Hang,290,29,13
kor_Hang,290,30,13
kor_Hang,290,31,13
kor_Hang,290,32,13
kor_Hang,290,33,13
kor_Hang,290,34,13
kor_Hang,290,35,19
kor_Hang,290,36,13
kor_Hang,290,37,13
kor_Hang,290,38,19
kor_Hang,290,39,13
kor_Hang,290,40,19
kor_Hang,290,41,13
kor_Hang,290,42,13
kor_Hang,290,43,13
kor_Hang,290,44,13
kor_Hang,290,45,13
kor_Hang,290,46,13
kor_Hang,290,47,13
kor_Hang,290,48,13
kor_Hang,290,49,13
kor_Hang,290,50,13
kor_Hang,290,51,13
kor_Hang,290,52,13
kor_Hang,290,53,13
kor_Hang,290,54,13
kor_Hang,290,55,13
kor_Hang,290,56,13
kor_Hang,290,57,13
kor_Hang,290,58,13
kor_Hang,290,59,34
kor_Hang,291,0,60
kor_Hang,291,1,13
kor_Hang,291,2,13
kor_Hang,291,3,13
kor_Hang,291,4,27
kor_Hang,291,5,39
kor_Hang,291,6,61
kor_Hang,291,7,26
kor_Hang,291,8,13
kor_Hang,291,9,13
kor_Hang,291,10,13
kor_Hang,291,11,13
kor_Hang,291,12,47
kor_Hang,291,13,13
kor_Hang,291,14,13
kor_Hang,291,15,13
kor_Hang,291,16,13
kor_Hang,291,17,11
kor_Hang,291,18,13
kor_Hang,291,19,13
kor_Hang,291,20,13
kor_Hang,291,21,19
kor_Hang,291,22,13
kor_Hang,291,23,13
kor_Hang,291,24,13
kor_Hang,291,25,13
kor_Hang,291,26,13
kor_Hang,291,27,47
kor_Hang,291,28,13
kor_Hang,291,29,52
kor_Hang,292,0,60
kor_Hang,292,1,13
kor_Hang,292,2,13
kor_Hang,292,3,13
kor_Hang,292,4,13
kor_Hang,292,5,13
kor_Hang,292,6,13
kor_Hang,292,7,13
kor_Hang,292,8,13
kor_Hang,292,9,47
kor_Hang,292,10,19
kor_Hang,292,11,13
kor_Hang,292,12,13
kor_Hang,292,13,19
kor_Hang,292,14,13
kor_Hang,292,15,13
kor_Hang,292,16,19
kor_Hang,292,17,13
kor_Hang,292,18,13
kor_Hang,292,19,13
kor_Hang,292,20,19
kor_Hang,292,21,13
kor_Hang,292,22,47
kor_Hang,292,23,19
kor_Hang,292,24,13
kor_Hang,292,25,13
kor_Hang,292,26,27
kor_Hang,292,27,13
kor_Hang,292,28,13
kor_Hang,292,29,13
kor_Hang,292,30,34
kor_Hang,292,31,13
kor_Hang,292,32,13
kor_Hang,292,33,13
kor_Hang,292,34,13
kor_Hang,292,35,13
kor_Hang,292,36,13
kor_Hang,292,37,13
kor_Hang,292,38,13
kor_Hang,292,39,13
kor_Hang,292,40,13
kor_Hang,292,41,13
kor_Hang,292,42,13
kor_Hang,292,43,13
kor_Hang,292,44,34
kor_Hang,292,45,13
kor_Hang,292,46,13
kor_Hang,292,47,13
kor_Hang,292,48,13
kor_Hang,292,49,34
kor_Hang,293,0,60
kor_Hang,293,1,13
kor_Hang,293,2,13
kor_Hang,293,3,19
kor_Hang,293,4,13
kor_Hang,293,5,13
kor_Hang,293,6,13
kor_Hang,293,7,13
kor_Hang,293,8,13
kor_Hang,293,9,19
kor_Hang,293,10,19
kor_Hang,293,11,13
kor_Hang,293,12,13
kor_Hang,293,13,61
kor_Hang,293,14,61
kor_Hang,293,15,13
kor_Hang,293,16,19
kor_Hang,293,17,13
kor_Hang,293,18,12
kor_Hang,293,19,11
kor_Hang,293,20,9
kor_Hang,293,21,42
kor_Hang,293,22,13
kor_Hang,293,23,13
kor_Hang,293,24,13
kor_Hang,293,25,13
kor_Hang,293,26,13
kor_Hang,293,27,13
kor_Hang,293,28,13
kor_Hang,293,29,19
kor_Hang,293,30,13
kor_Hang,293,31,13
kor_Hang,293,32,13
kor_Hang,293,33,13
kor_Hang,293,34,13
kor_Hang,293,35,13
kor_Hang,293,36,19
kor_Hang,293,37,13
kor_Hang,293,38,13
kor_Hang,293,39,19
kor_Hang,293,40,13
kor_Hang,293,41,13
kor_Hang,293,42,13
kor_Hang,293,43,13
kor_Hang,293,44,13
kor_Hang,293,45,13
kor_Hang,293,46,13
kor_Hang,293,47,13
kor_Hang,293,48,13
kor_Hang,293,49,13
kor_Hang,293,50,19
kor_Hang,293,51,13
kor_Hang,293,52,13
kor_Hang,293,53,13
kor_Hang,293,54,34
kor_Hang,294,0,60
kor_Hang,294,1,13
kor_Hang,294,2,13
kor_Hang,294,3,13
kor_Hang,294,4,13
kor_Hang,294,5,13
kor_Hang,294,6,13
kor_Hang,294,7,13
kor_Hang,294,8,13
kor_Hang,294,9,13
kor_Hang,294,10,24
kor_Hang,294,11,13
kor_Hang,294,12,13
kor_Hang,294,13,13
kor_Hang,294,14,13
kor_Hang,294,15,13
kor_Hang,294,16,13
kor_Hang,294,17,13
kor_Hang,294,18,13
kor_Hang,294,19,13
kor_Hang,294,20,13
kor_Hang,294,21,13
kor_Hang,294,22,13
kor_Hang,294,23,13
kor_Hang,294,24,13
kor_Hang,294,25,13
kor_Hang,294,26,12
kor_Hang,294,27,13
kor_Hang,294,28,13
kor_Hang,294,29,13
kor_Hang,294,30,52
kor_Hang,294,31,52
kor_Hang,294,32,61
kor_Hang,294,33,13
kor_Hang,294,34,13
kor_Hang,294,35,13
kor_Hang,294,36,19
kor_Hang,294,37,13
kor_Hang,294,38,13
kor_Hang,294,39,47
kor_Hang,294,40,13
kor_Hang,294,41,13
kor_Hang,294,42,47
kor_Hang,294,43,13
kor_Hang,294,44,19
kor_Hang,294,45,13
kor_Hang,294,46,19
kor_Hang,294,47,13
kor_Hang,294,48,13
kor_Hang,294,49,47
kor_Hang,294,50,13
kor_Hang,294,51,13
kor_Hang,294,52,13
kor_Hang,294,53,13
kor_Hang,294,54,13
kor_Hang,294,55,19
kor_Hang,294,56,13
kor_Hang,294,57,13
kor_Hang,294,58,19
kor_Hang,294,59,13
kor_Hang,294,60,13
kor_Hang,294,61,13
kor_Hang,294,62,13
kor_Hang,294,63,13
kor_Hang,294,64,13
kor_Hang,294,65,13
kor_Hang,294,66,13
kor_Hang,294,67,47
kor_Hang,294,68,13
kor_Hang,294,69,13
kor_Hang,295,0,60
kor_Hang,295,1,13
kor_Hang,295,2,13
kor_Hang,295,3,13
kor_Hang,295,4,13
kor_Hang,295,5,47
kor_Hang,295,6,39
kor_Hang,295,7,52
kor_Hang,295,8,13
kor_Hang,295,9,13
kor_Hang,295,10,52
kor_Hang,295,11,52
kor_Hang,295,12,52
kor_Hang,295,13,13
kor_Hang,295,14,13
kor_Hang,295,15,13
kor_Hang,295,16,19
kor_Hang,295,17,13
kor_Hang,295,18,13
kor_Hang,295,19,13
kor_Hang,295,20,13
kor_Hang,295,21,12
kor_Hang,295,22,19
kor_Hang,295,23,13
kor_Hang,295,24,13
kor_Hang,295,25,13
kor_Hang,295,26,47
kor_Hang,295,27,13
kor_Hang,295,28,13
kor_Hang,295,29,13
kor_Hang,295,30,13
kor_Hang,295,31,13
kor_Hang,295,32,13
kor_Hang,295,33,13
kor_Hang,295,34,13
kor_Hang,295,35,13
kor_Hang,295,36,13
kor_Hang,295,37,13
kor_Hang,295,38,19
kor_Hang,295,39,13
kor_Hang,295,40,13
kor_Hang,295,41,13
kor_Hang,295,42,13
kor_Hang,295,43,34
kor_Hang,296,0,60
kor_Hang,296,1,13
kor_Hang,296,2,13
kor_Hang,296,3,13
kor_Hang,296,4,13
kor_Hang,296,5,13
kor_Hang,296,6,13
kor_Hang,296,7,13
kor_Hang,296,8,13
kor_Hang,296,9,13
kor_Hang,296,10,13
kor_Hang,296,11,19
kor_Hang,296,12,13
kor_Hang,296,13,19
kor_Hang,296,14,13
kor_Hang,296,15,13
kor_Hang,296,16,13
kor_Hang,296,17,13
kor_Hang,296,18,13
kor_Hang,296,19,13
kor_Hang,296,20,13
kor_Hang,296,21,13
kor_Hang,296,22,13
kor_Hang,296,23,13
kor_Hang,296,24,13
kor_Hang,296,25,9
kor_Hang,296,26,13
kor_Hang,296,27,13
kor_Hang,296,28,19
kor_Hang,296,29,13
kor_Hang,296,30,13
kor_Hang,296,31,13
kor_Hang,296,32,13
kor_Hang,296,33,13
kor_Hang,296,34,13
kor_Hang,296,35,13
kor_Hang,296,36,13
kor_Hang,296,37,13
kor_Hang,296,38,13
kor_Hang,296,39,13
kor_Hang,296,40,13
kor_Hang,296,41,13
kor_Hang,296,42,13
kor_Hang,296,43,13
kor_Hang,296,44,13
kor_Hang,296,45,13
kor_Hang,296,46,13
kor_Hang,296,47,61
kor_Hang,296,48,13
kor_Hang,296,49,13
kor_Hang,296,50,13
kor_Hang,296,51,13
kor_Hang,296,52,13
kor_Hang,296,53,47
kor_Hang,296,54,13
kor_Hang,296,55,13
kor_Hang,296,56,13
kor_Hang,296,57,13
kor_Hang,296,58,24
kor_Hang,297,0,60
kor_Hang,297,1,1
kor_Hang,297,2,16
kor_Hang,297,3,11
kor_Hang,297,4,22
kor_Hang,297,5,19
kor_Hang,297,6,47
kor_Hang,297,7,47
kor_Hang,297,8,49
kor_Hang,298,0,60
kor_Hang,298,1,19
kor_Hang,298,2,13
kor_Hang,298,3,13
kor_Hang,298,4,19
kor_Hang,298,5,13
kor_Hang,298,6,12
kor_Hang,298,7,13
kor_Hang,298,8,13
kor_Hang,298,9,47
kor_Hang,298,10,26
kor_Hang,298,11,13
kor_Hang,298,12,13
kor_Hang,298,13,13
kor_Hang,298,14,13
kor_Hang,298,15,47
kor_Hang,298,16,13
kor_Hang,298,17,13
kor_Hang,298,18,47
kor_Hang,298,19,19
kor_Hang,298,20,19
kor_Hang,298,21,24
kor_Hang,298,22,1
kor_Hang,298,23,13
kor_Hang,298,24,13
kor_Hang,298,25,13
kor_Hang,298,26,13
kor_Hang,298,27,13
kor_Hang,298,28,13
kor_Hang,298,29,19
kor_Hang,298,30,13
kor_Hang,298,31,13
kor_Hang,298,32,13
kor_Hang,298,33,13
kor_Hang,298,34,13
kor_Hang,298,35,13
kor_Hang,298,36,13
kor_Hang,298,37,13
kor_Hang,298,38,13
kor_Hang,298,39,13
kor_Hang,298,40,47
kor_Hang,298,41,13
kor_Hang,298,42,13
kor_Hang,298,43,13
kor_Hang,298,44,13
kor_Hang,298,45,13
kor_Hang,298,46,13
kor_Hang,298,47,19
kor_Hang,298,48,13
eng_Latn,299,0,60
eng_Latn,299,1,54
eng_Latn,299,2,54
eng_Latn,299,3,54
eng_Latn,299,4,50
eng_Latn,299,5,16
eng_Latn,299,6,38
eng_Latn,299,7,4
eng_Latn,299,8,5
eng_Latn,299,9,18
eng_Latn,299,10,51
eng_Latn,299,11,42
eng_Latn,299,12,24
eng_Latn,299,13,29
eng_Latn,299,14,54
kor_Hang,300,0,60
kor_Hang,300,1,13
kor_Hang,300,2,13
kor_Hang,300,3,27
kor_Hang,300,4,13
kor_Hang,300,5,13
kor_Hang,300,6,13
kor_Hang,300,7,13
kor_Hang,300,8,13
kor_Hang,300,9,13
kor_Hang,300,10,13
kor_Hang,300,11,13
kor_Hang,300,12,19
kor_Hang,300,13,13
kor_Hang,300,14,34
kor_Hang,301,0,60
kor_Hang,301,1,19
kor_Hang,301,2,13
kor_Hang,301,3,13
kor_Hang,301,4,13
kor_Hang,301,5,13
kor_Hang,301,6,13
kor_Hang,301,7,13
kor_Hang,301,8,13
kor_Hang,301,9,13
kor_Hang,301,10,19
kor_Hang,301,11,13
kor_Hang,301,12,19
kor_Hang,301,13,13
kor_Hang,301,14,13
kor_Hang,301,15,13
kor_Hang,301,16,13
kor_Hang,301,17,13
kor_Hang,301,18,12
kor_Hang,301,19,52
kor_Hang,301,20,52
kor_Hang,301,21,52
kor_Hang,301,22,13
kor_Hang,301,23,19
kor_Hang,301,24,13
kor_Hang,301,25,19
kor_Hang,301,26,39
kor_Hang,301,27,19
kor_Hang,301,28,13
kor_Hang,301,29,13
kor_Hang,301,30,13
kor_Hang,301,31,13
kor_Hang,301,32,19
kor_Hang,301,33,13
kor_Hang,301,34,13
kor_Hang,301,35,19
kor_Hang,301,36,13
kor_Hang,301,37,13
kor_Hang,301,38,13
kor_Hang,301,39,13
kor_Hang,301,40,13
kor_Hang,301,41,13
kor_Hang,301,42,13
kor_Hang,301,43,13
kor_Hang,301,44,13
kor_Hang,301,45,13
kor_Hang,301,46,13
kor_Hang,301,47,13
kor_Hang,301,48,13
kor_Hang,301,49,13
kor_Hang,301,50,13
kor_Hang,301,51,13
kor_Hang,301,52,13
kor_Hang,301,53,13
kor_Hang,301,54,19
kor_Hang,301,55,13
kor_Hang,301,56,13
kor_Hang,301,57,13
kor_Hang,301,58,13
kor_Hang,301,59,13
kor_Hang,301,60,19
kor_Hang,301,61,47
kor_Hang,301,62,19
kor_Hang,301,63,47
kor_Hang,301,64,19
kor_Hang,301,65,39
kor_Hang,301,66,13
kor_Hang,301,67,19
kor_Hang,301,68,13
kor_Hang,301,69,13
kor_Hang,301,70,13
kor_Hang,301,71,13
kor_Hang,301,72,47
kor_Hang,301,73,34
kor_Hang,301,74,34
kor_Hang,301,75,13
kor_Hang,301,76,34
kor_Hang,302,0,60
kor_Hang,302,1,13
kor_Hang,302,2,13
kor_Hang,302,3,34
kor_Hang,302,4,13
kor_Hang,302,5,13
kor_Hang,302,6,13
kor_Hang,302,7,19
kor_Hang,302,8,13
kor_Hang,302,9,47
kor_Hang,302,10,19
kor_Hang,302,11,13
kor_Hang,302,12,13
kor_Hang,302,13,13
kor_Hang,302,14,13
kor_Hang,302,15,13
kor_Hang,302,16,13
kor_Hang,302,17,13
kor_Hang,302,18,13
kor_Hang,302,19,13
kor_Hang,302,20,13
kor_Hang,302,21,13
kor_Hang,302,22,13
kor_Hang,302,23,13
kor_Hang,302,24,34
kor_Hang,302,25,13
kor_Hang,302,26,13
kor_Hang,302,27,13
kor_Hang,302,28,13
kor_Hang,302,29,13
kor_Hang,302,30,34
kor_Hang,302,31,13
kor_Hang,302,32,19
kor_Hang,302,33,13
kor_Hang,302,34,13
kor_Hang,302,35,34
kor_Hang,302,36,13
kor_Hang,302,37,19
kor_Hang,302,38,13
kor_Hang,302,39,13
kor_Hang,302,40,13
kor_Hang,302,41,13
kor_Hang,302,42,13
kor_Hang,302,43,13
kor_Hang,302,44,19
kor_Hang,302,45,34
kor_Hang,302,46,13
kor_Hang,302,47,19
kor_Hang,302,48,34
kor_Hang,303,0,60
kor_Hang,303,1,39
kor_Hang,303,2,13
kor_Hang,303,3,19
kor_Hang,303,4,13
kor_Hang,303,5,13
kor_Hang,303,6,13
kor_Hang,303,7,13
kor_Hang,303,8,13
kor_Hang,303,9,13
kor_Hang,303,10,13
kor_Hang,303,11,47
kor_Hang,303,12,13
kor_Hang,303,13,13
kor_Hang,303,14,13
kor_Hang,303,15,19
kor_Hang,303,16,13
kor_Hang,303,17,13
kor_Hang,303,18,61
kor_Hang,303,19,13
kor_Hang,303,20,13
kor_Hang,303,21,13
kor_Hang,303,22,13
kor_Hang,303,23,19
kor_Hang,303,24,13
kor_Hang,303,25,13
kor_Hang,303,26,13
kor_Hang,303,27,13
kor_Hang,303,28,13
kor_Hang,303,29,13
kor_Hang,303,30,13
kor_Hang,303,31,13
kor_Hang,303,32,13
kor_Hang,303,33,34
kor_Hang,303,34,13
kor_Hang,303,35,13
kor_Hang,303,36,19
kor_Hang,303,37,13
kor_Hang,303,38,13
kor_Hang,303,39,13
kor_Hang,303,40,13
kor_Hang,303,41,13
kor_Hang,303,42,13
kor_Hang,303,43,13
kor_Hang,303,44,13
kor_Hang,303,45,19
kor_Hang,303,46,13
kor_Hang,303,47,13
kor_Hang,303,48,13
kor_Hang,303,49,13
kor_Hang,303,50,13
kor_Hang,303,51,13
kor_Hang,303,52,13
kor_Hang,303,53,19
kor_Hang,303,54,13
kor_Hang,303,55,13
kor_Hang,303,56,13
kor_Hang,303,57,13
kor_Hang,303,58,13
kor_Hang,303,59,13
kor_Hang,303,60,13
kor_Hang,303,61,13
kor_Hang,303,62,13
kor_Hang,303,63,13
kor_Hang,303,64,13
kor_Hang,303,65,13
kor_Hang,303,66,34
kor_Hang,304,0,60
kor_Hang,304,1,52
kor_Hang,304,2,13
kor_Hang,304,3,13
kor_Hang,304,4,13
kor_Hang,304,5,47
kor_Hang,304,6,47
kor_Hang,304,7,13
kor_Hang,304,8,13
kor_Hang,304,9,13
kor_Hang,304,10,47
kor_Hang,304,11,13
kor_Hang,304,12,47
kor_Hang,304,13,13
kor_Hang,304,14,13
kor_Hang,304,15,13
kor_Hang,304,16,13
kor_Hang,304,17,13
kor_Hang,304,18,13
kor_Hang,304,19,13
kor_Hang,304,20,13
kor_Hang,304,21,13
kor_Hang,304,22,13
kor_Hang,304,23,52
kor_Hang,304,24,52
kor_Hang,304,25,52
kor_Hang,304,26,13
kor_Hang,304,27,13
kor_Hang,304,28,13
kor_Hang,304,29,13
kor_Hang,304,30,61
kor_Hang,304,31,19
kor_Hang,304,32,13
kor_Hang,304,33,13
kor_Hang,304,34,19
kor_Hang,304,35,13
kor_Hang,304,36,19
kor_Hang,304,37,13
kor_Hang,304,38,13
kor_Hang,304,39,13
kor_Hang,304,40,13
kor_Hang,304,41,13
kor_Hang,304,42,13
kor_Hang,304,43,13
kor_Hang,304,44,19
kor_Hang,304,45,13
kor_Hang,304,46,13
kor_Hang,304,47,47
kor_Hang,304,48,47
kor_Hang,304,49,47
kor_Hang,304,50,13
kor_Hang,304,51,13
kor_Hang,304,52,19
kor_Hang,304,53,47
kor_Hang,304,54,13
kor_Hang,304,55,52
kor_Hang,305,0,60
kor_Hang,305,1,13
kor_Hang,305,2,13
kor_Hang,305,3,19
kor_Hang,305,4,13
kor_Hang,305,5,13
kor_Hang,305,6,13
kor_Hang,305,7,13
kor_Hang,305,8,19
kor_Hang,305,9,13
kor_Hang,305,10,19
kor_Hang,305,11,13
kor_Hang,305,12,13
kor_Hang,305,13,13
kor_Hang,305,14,13
kor_Hang,305,15,19
kor_Hang,305,16,13
kor_Hang,305,17,12
kor_Hang,305,18,13
kor_Hang,305,19,13
kor_Hang,305,20,13
kor_Hang,305,21,13
kor_Hang,305,22,19
kor_Hang,305,23,13
kor_Hang,305,24,13
kor_Hang,305,25,13
kor_Hang,305,26,13
kor_Hang,305,27,19
kor_Hang,305,28,13
kor_Hang,305,29,19
kor_Hang,305,30,13
kor_Hang,305,31,13
kor_Hang,305,32,13
kor_Hang,305,33,61
kor_Hang,305,34,26
kor_Hang,305,35,27
kor_Hang,305,36,13
kor_Hang,305,37,19
kor_Hang,305,38,13
kor_Hang,305,39,13
kor_Hang,305,40,47
kor_Hang,305,41,29
kor_Hang,305,42,13
kor_Hang,305,43,13
kor_Hang,305,44,47
kor_Hang,305,45,47
kor_Hang,305,46,13
kor_Hang,306,0,60
kor_Hang,306,1,13
kor_Hang,306,2,13
kor_Hang,306,3,13
kor_Hang,306,4,13
kor_Hang,306,5,13
kor_Hang,306,6,13
kor_Hang,306,7,13
kor_Hang,306,8,13
kor_Hang,306,9,47
kor_Hang,306,10,13
kor_Hang,306,11,13
kor_Hang,306,12,13
kor_Hang,306,13,19
kor_Hang,306,14,13
kor_Hang,306,15,13
kor_Hang,306,16,13
kor_Hang,306,17,13
kor_Hang,306,18,13
kor_Hang,306,19,13
kor_Hang,306,20,13
kor_Hang,306,21,47
kor_Hang,306,22,19
kor_Hang,306,23,13
kor_Hang,306,24,19
kor_Hang,306,25,13
kor_Hang,306,26,13
kor_Hang,306,27,13
kor_Hang,306,28,13
kor_Hang,306,29,13
kor_Hang,306,30,19
kor_Hang,306,31,13
kor_Hang,306,32,13
kor_Hang,306,33,13
kor_Hang,306,34,13
kor_Hang,306,35,19
kor_Hang,306,36,13
kor_Hang,306,37,13
kor_Hang,306,38,13
kor_Hang,306,39,13
kor_Hang,306,40,13
kor_Hang,306,41,13
kor_Hang,306,42,13
kor_Hang,306,43,13
kor_Hang,306,44,13
kor_Hang,306,45,13
kor_Hang,306,46,13
kor_Hang,306,47,13
kor_Hang,306,48,13
kor_Hang,306,49,13
kor_Hang,306,50,13
kor_Hang,306,51,51
kor_Hang,306,52,13
kor_Hang,306,53,13
kor_Hang,306,54,13
kor_Hang,306,55,13
kor_Hang,306,56,13
kor_Hang,306,57,13
kor_Hang,306,58,19
kor_Hang,306,59,13
kor_Hang,306,60,13
kor_Hang,306,61,19
kor_Hang,306,62,13
kor_Hang,306,63,13
kor_Hang,306,64,13
kor_Hang,306,65,13
kor_Hang,307,0,60
kor_Hang,307,1,13
kor_Hang,307,2,13
kor_Hang,307,3,13
kor_Hang,307,4,19
kor_Hang,307,5,13
kor_Hang,307,6,13
kor_Hang,307,7,13
kor_Hang,307,8,13
kor_Hang,307,9,13
kor_Hang,307,10,61
kor_Hang,307,11,19
kor_Hang,307,12,13
kor_Hang,307,13,13
kor_Hang,307,14,13
kor_Hang,307,15,13
kor_Hang,307,16,13
kor_Hang,307,17,13
kor_Hang,307,18,13
kor_Hang,307,19,13
kor_Hang,307,20,13
kor_Hang,307,21,13
kor_Hang,307,22,13
kor_Hang,307,23,19
kor_Hang,307,24,13
kor_Hang,307,25,13
kor_Hang,307,26,13
kor_Hang,307,27,13
kor_Hang,307,28,13
kor_Hang,307,29,13
kor_Hang,307,30,13
kor_Hang,307,31,13
kor_Hang,307,32,13
kor_Hang,307,33,13
kor_Hang,307,34,13
kor_Hang,307,35,13
kor_Hang,307,36,13
kor_Hang,307,37,13
kor_Hang,307,38,13
kor_Hang,307,39,13
kor_Hang,307,40,13
kor_Hang,307,41,19
kor_Hang,307,42,13
kor_Hang,307,43,13
kor_Hang,307,44,13
kor_Hang,307,45,13
kor_Hang,307,46,19
kor_Hang,307,47,13
kor_Hang,307,48,13
kor_Hang,307,49,13
kor_Hang,307,50,13
kor_Hang,307,51,13
kor_Hang,307,52,13
kor_Hang,307,53,13
kor_Hang,307,54,13
kor_Hang,307,55,34
kor_Hang,308,0,60
kor_Hang,308,1,13
kor_Hang,308,2,13
kor_Hang,308,3,13
kor_Hang,308,4,13
kor_Hang,308,5,13
kor_Hang,308,6,13
kor_Hang,308,7,13
kor_Hang,308,8,19
kor_Hang,308,9,13
kor_Hang,308,10,13
kor_Hang,308,11,13
kor_Hang,308,12,13
kor_Hang,308,13,13
kor_Hang,308,14,9
kor_Hang,308,15,9
kor_Hang,308,16,13
kor_Hang,308,17,13
kor_Hang,308,18,13
kor_Hang,308,19,13
kor_Hang,308,20,47
kor_Hang,308,21,13
kor_Hang,308,22,13
kor_Hang,308,23,13
kor_Hang,308,24,13
kor_Hang,308,25,13
kor_Hang,308,26,13
kor_Hang,308,27,13
kor_Hang,308,28,13
kor_Hang,308,29,13
kor_Hang,308,30,13
kor_Hang,308,31,13
kor_Hang,308,32,13
kor_Hang,308,33,13
kor_Hang,308,34,13
kor_Hang,308,35,13
kor_Hang,308,36,13
kor_Hang,308,37,13
kor_Hang,308,38,13
kor_Hang,308,39,13
kor_Hang,308,40,13
kor_Hang,308,41,13
kor_Hang,308,42,19
kor_Hang,308,43,13
kor_Hang,308,44,13
kor_Hang,308,45,13
kor_Hang,308,46,13
kor_Hang,308,47,13
kor_Hang,308,48,13
kor_Hang,308,49,13
kor_Hang,308,50,13
kor_Hang,308,51,13
kor_Hang,308,52,13
kor_Hang,308,53,13
kor_Hang,308,54,13
kor_Hang,309,0,60
kor_Hang,309,1,13
kor_Hang,309,2,13
kor_Hang,309,3,13
kor_Hang,309,4,19
kor_Hang,309,5,13
kor_Hang,309,6,13
kor_Hang,309,7,13
kor_Hang,309,8,13
kor_Hang,309,9,13
kor_Hang,309,10,13
kor_Hang,309,11,13
kor_Hang,309,12,13
kor_Hang,309,13,13
kor_Hang,309,14,47
kor_Hang,309,15,13
kor_Hang,309,16,13
kor_Hang,309,17,13
kor_Hang,309,18,13
kor_Hang,309,19,13
kor_Hang,309,20,13
kor_Hang,309,21,13
kor_Hang,309,22,13
kor_Hang,309,23,13
kor_Hang,309,24,13
kor_Hang,309,25,13
kor_Hang,309,26,13
kor_Hang,309,27,34
kor_Hang,310,0,60
kor_Hang,310,1,13
kor_Hang,310,2,13
kor_Hang,310,3,39
kor_Hang,310,4,13
kor_Hang,310,5,13
kor_Hang,310,6,13
kor_Hang,310,7,19
kor_Hang,310,8,13
kor_Hang,310,9,13
kor_Hang,310,10,52
kor_Hang,310,11,52
kor_Hang,310,12,52
kor_Hang,310,13,13
kor_Hang,310,14,52
kor_Hang,310,15,52
kor_Hang,310,16,61
kor_Hang,310,17,1
kor_Hang,310,18,52
kor_Hang,310,19,52
kor_Hang,310,20,13
kor_Hang,310,21,13
kor_Hang,310,22,13
kor_Hang,310,23,13
kor_Hang,310,24,19
kor_Hang,310,25,13
kor_Hang,310,26,13
kor_Hang,310,27,19
kor_Hang,310,28,27
kor_Hang,310,29,39
kor_Hang,310,30,13
kor_Hang,310,31,13
kor_Hang,310,32,47
kor_Hang,310,33,13
kor_Hang,310,34,19
kor_Hang,310,35,13
kor_Hang,310,36,7
kor_Hang,310,37,13
kor_Hang,310,38,13
kor_Hang,310,39,47
kor_Hang,310,40,19
kor_Hang,310,41,13
kor_Hang,310,42,13
kor_Hang,310,43,13
kor_Hang,310,44,13
kor_Hang,310,45,13
kor_Hang,310,46,13
kor_Hang,310,47,13
kor_Hang,310,48,13
kor_Hang,310,49,13
kor_Hang,310,50,13
kor_Hang,310,51,13
kor_Hang,310,52,13
kor_Hang,310,53,13
kor_Hang,310,54,13
kor_Hang,310,55,34
kor_Hang,310,56,47
kor_Hang,310,57,13
kor_Hang,310,58,34
kor_Hang,310,59,34
eng_Latn,311,0,60
eng_Latn,311,1,8
eng_Latn,311,2,8
eng_Latn,311,3,34
eng_Latn,311,4,42
eng_Latn,311,5,18
eng_Latn,311,6,16
eng_Latn,312,0,60
eng_Latn,312,1,9
eng_Latn,312,2,9
eng_Latn,312,3,31
eng_Latn,312,4,51
eng_Latn,312,5,54
eng_Latn,312,6,18
eng_Latn,312,7,4
eng_Latn,312,8,61
eng_Latn,312,9,47
eng_Latn,312,10,34
eng_Latn,312,11,53
eng_Latn,312,12,34
kor_Hang,313,0,60
kor_Hang,313,1,13
kor_Hang,313,2,13
kor_Hang,313,3,13
kor_Hang,313,4,9
kor_Hang,313,5,9
kor_Hang,313,6,13
kor_Hang,313,7,13
kor_Hang,313,8,7
kor_Hang,313,9,13
kor_Hang,313,10,13
kor_Hang,313,11,13
kor_Hang,313,12,13
kor_Hang,313,13,13
kor_Hang,313,14,13
kor_Hang,313,15,13
kor_Hang,313,16,13
kor_Hang,313,17,13
kor_Hang,313,18,13
kor_Hang,313,19,13
kor_Hang,313,20,13
kor_Hang,313,21,47
kor_Hang,313,22,13
kor_Hang,313,23,13
kor_Hang,313,24,19
kor_Hang,313,25,13
kor_Hang,313,26,13
kor_Hang,313,27,13
kor_Hang,313,28,13
kor_Hang,313,29,13
kor_Hang,313,30,13
kor_Hang,313,31,13
kor_Hang,313,32,13
kor_Hang,313,33,13
kor_Hang,313,34,24
kor_Hang,313,35,13
kor_Hang,313,36,13
kor_Hang,313,37,13
kor_Hang,313,38,13
kor_Hang,313,39,13
kor_Hang,313,40,13
kor_Hang,313,41,13
kor_Hang,313,42,13
kor_Hang,313,43,13
kor_Hang,313,44,47
kor_Hang,313,45,52
kor_Hang,313,46,13
kor_Hang,313,47,13
kor_Hang,313,48,13
kor_Hang,313,49,13
kor_Hang,313,50,13
kor_Hang,313,51,13
kor_Hang,313,52,13
kor_Hang,313,53,13
kor_Hang,313,54,13
kor_Hang,313,55,13
kor_Hang,313,56,13
kor_Hang,313,57,13
kor_Hang,313,58,13
kor_Hang,313,59,13
kor_Hang,313,60,13
kor_Hang,313,61,13
kor_Hang,313,62,34
kor_Hang,314,0,60
kor_Hang,314,1,13
kor_Hang,314,2,19
kor_Hang,314,3,13
kor_Hang,314,4,13
kor_Hang,314,5,13
kor_Hang,314,6,13
kor_Hang,314,7,13
kor_Hang,314,8,19
kor_Hang,314,9,13
kor_Hang,314,10,52
kor_Hang,314,11,52
kor_Hang,314,12,13
kor_Hang,314,13,13
kor_Hang,314,14,13
kor_Hang,314,15,13
kor_Hang,314,16,52
kor_Hang,314,17,52
kor_Hang,314,18,13
kor_Hang,314,19,13
kor_Hang,314,20,47
kor_Hang,314,21,13
kor_Hang,314,22,1
kor_Hang,314,23,13
kor_Hang,314,24,13
kor_Hang,314,25,13
kor_Hang,314,26,13
kor_Hang,314,27,19
kor_Hang,314,28,13
kor_Hang,314,29,13
kor_Hang,314,30,13
kor_Hang,314,31,13
kor_Hang,314,32,13
kor_Hang,314,33,13
kor_Hang,314,34,13
kor_Hang,314,35,13
kor_Hang,314,36,13
kor_Hang,314,37,34
kor_Hang,315,0,60
kor_Hang,315,1,19
kor_Hang,315,2,13
kor_Hang,315,3,26
kor_Hang,315,4,13
kor_Hang,315,5,13
kor_Hang,315,6,13
kor_Hang,315,7,13
kor_Hang,315,8,13
kor_Hang,315,9,12
kor_Hang,315,10,11
kor_Hang,315,11,13
kor_Hang,315,12,13
kor_Hang,315,13,13
kor_Hang,315,14,13
kor_Hang,315,15,13
kor_Hang,315,16,13
kor_Hang,315,17,13
kor_Hang,315,18,19
kor_Hang,315,19,13
kor_Hang,315,20,13
kor_Hang,315,21,13
kor_Hang,315,22,19
kor_Hang,315,23,13
kor_Hang,315,24,13
kor_Hang,315,25,13
kor_Hang,315,26,13
kor_Hang,315,27,13
kor_Hang,315,28,13
kor_Hang,315,29,13
kor_Hang,315,30,13
kor_Hang,315,31,13
kor_Hang,315,32,13
kor_Hang,315,33,13
kor_Hang,315,34,61
kor_Hang,315,35,13
kor_Hang,315,36,13
kor_Hang,315,37,13
kor_Hang,315,38,13
kor_Hang,315,39,13
kor_Hang,315,40,13
kor_Hang,315,41,13
kor_Hang,315,42,13
kor_Hang,315,43,47
kor_Hang,315,44,13
kor_Hang,315,45,19
kor_Hang,315,46,34
kor_Hang,315,47,13
kor_Hang,315,48,13
kor_Hang,315,49,13
kor_Hang,315,50,13
kor_Hang,315,51,19
kor_Hang,315,52,34
kor_Hang,315,53,13
kor_Hang,315,54,13
kor_Hang,315,55,13
kor_Hang,315,56,19
kor_Hang,315,57,13
kor_Hang,315,58,13
kor_Hang,315,59,19
kor_Hang,315,60,34
kor_Hang,315,61,13
kor_Hang,315,62,34
kor_Hang,315,63,13
kor_Hang,315,64,13
kor_Hang,315,65,13
kor_Hang,315,66,13
kor_Hang,315,67,19
kor_Hang,315,68,13
kor_Hang,315,69,34
kor_Hang,316,0,60
kor_Hang,316,1,13
kor_Hang,316,2,47
kor_Hang,316,3,47
kor_Hang,316,4,39
kor_Hang,316,5,19
kor_Hang,316,6,39
kor_Hang,316,7,47
kor_Hang,316,8,19
kor_Hang,316,9,39
kor_Hang,316,10,13
kor_Hang,316,11,11
kor_Hang,316,12,40
kor_Hang,316,13,36
kor_Hang,316,14,13
kor_Hang,316,15,13
kor_Hang,316,16,13
kor_Hang,316,17,13
kor_Hang,316,18,13
kor_Hang,316,19,13
kor_Hang,316,20,19
kor_Hang,316,21,13
kor_Hang,316,22,13
kor_Hang,316,23,19
kor_Hang,316,24,13
kor_Hang,316,25,13
kor_Hang,316,26,13
kor_Hang,316,27,13
kor_Hang,316,28,13
kor_Hang,316,29,13
kor_Hang,316,30,13
kor_Hang,316,31,13
kor_Hang,316,32,22
kor_Hang,316,33,13
eng_Latn,317,0,60
eng_Latn,317,1,9
eng_Latn,317,2,56
eng_Latn,317,3,54
eng_Latn,317,4,50
eng_Latn,317,5,20
eng_Latn,317,6,57
eng_Latn,317,7,41
kor_Hang,318,0,60
kor_Hang,318,1,13
kor_Hang,318,2,13
kor_Hang,318,3,36
kor_Hang,318,4,13
kor_Hang,318,5,13
kor_Hang,318,6,13
kor_Hang,318,7,13
kor_Hang,318,8,13
kor_Hang,318,9,13
kor_Hang,318,10,13
kor_Hang,318,11,13
kor_Hang,318,12,13
kor_Hang,318,13,13
kor_Hang,318,14,13
kor_Hang,318,15,13
kor_Hang,318,16,13
kor_Hang,318,17,13
kor_Hang,318,18,19
kor_Hang,318,19,13
kor_Hang,318,20,13
kor_Hang,318,21,13
kor_Hang,318,22,13
kor_Hang,318,23,13
kor_Hang,318,24,13
kor_Hang,318,25,13
kor_Hang,318,26,13
kor_Hang,318,27,13
kor_Hang,318,28,13
kor_Hang,318,29,13
kor_Hang,318,30,13
kor_Hang,318,31,13
kor_Hang,318,32,13
kor_Hang,318,33,13
kor_Hang,318,34,19
kor_Hang,318,35,13
kor_Hang,318,36,13
kor_Hang,318,37,13
kor_Hang,318,38,13
kor_Hang,318,39,13
kor_Hang,318,40,13
kor_Hang,318,41,13
kor_Hang,318,42,13
kor_Hang,318,43,13
kor_Hang,318,44,52
kor_Hang,318,45,13
kor_Hang,318,46,52
kor_Hang,318,47,13
kor_Hang,318,48,13
kor_Hang,318,49,13
kor_Hang,318,50,13
kor_Hang,318,51,13
kor_Hang,318,52,13
kor_Hang,318,53,13
kor_Hang,318,54,13
kor_Hang,318,55,13
kor_Hang,318,56,47
kor_Hang,318,57,34
kor_Hang,318,58,13
kor_Hang,318,59,13
kor_Hang,318,60,34
kor_Hang,319,0,60
kor_Hang,319,1,13
kor_Hang,319,2,13
kor_Hang,319,3,13
kor_Hang,319,4,13
kor_Hang,319,5,13
kor_Hang,319,6,13
kor_Hang,319,7,13
kor_Hang,319,8,13
kor_Hang,319,9,47
kor_Hang,319,10,47
kor_Hang,319,11,13
kor_Hang,319,12,47
kor_Hang,319,13,13
kor_Hang,319,14,13
kor_Hang,319,15,13
kor_Hang,319,16,19
kor_Hang,319,17,13
kor_Hang,319,18,13
kor_Hang,319,19,13
kor_Hang,319,20,13
kor_Hang,319,21,13
kor_Hang,319,22,13
kor_Hang,319,23,13
kor_Hang,319,24,13
kor_Hang,319,25,13
kor_Hang,319,26,13
kor_Hang,319,27,13
kor_Hang,319,28,13
kor_Hang,319,29,13
kor_Hang,319,30,13
kor_Hang,319,31,13
kor_Hang,319,32,13
kor_Hang,319,33,13
kor_Hang,319,34,13
kor_Hang,319,35,13
kor_Hang,319,36,13
kor_Hang,319,37,13
kor_Hang,319,38,19
kor_Hang,319,39,13
kor_Hang,319,40,13
kor_Hang,319,41,13
kor_Hang,319,42,47
kor_Hang,319,43,13
kor_Hang,319,44,13
kor_Hang,319,45,13
kor_Hang,319,46,13
kor_Hang,319,47,13
kor_Hang,319,48,13
kor_Hang,319,49,13
kor_Hang,319,50,13
kor_Hang,319,51,13
kor_Hang,319,52,13
kor_Hang,319,53,13
kor_Hang,319,54,13
kor_Hang,319,55,13
kor_Hang,319,56,13
kor_Hang,319,57,13
kor_Hang,319,58,13
kor_Hang,319,59,19
kor_Hang,319,60,13
kor_Hang,319,61,13
kor_Hang,319,62,13
kor_Hang,319,63,13
kor_Hang,319,64,13
kor_Hang,319,65,13
kor_Hang,319,66,13
kor_Hang,319,67,13
kor_Hang,319,68,13
kor_Hang,319,69,13
kor_Hang,319,70,13
kor_Hang,319,71,13
kor_Hang,319,72,19
kor_Hang,319,73,13
kor_Hang,319,74,13
kor_Hang,319,75,13
kor_Hang,319,76,47
kor_Hang,319,77,13
kor_Hang,319,78,13
kor_Hang,319,79,47
kor_Hang,319,80,13
kor_Hang,319,81,13
kor_Hang,319,82,13
kor_Hang,319,83,13
kor_Hang,319,84,19
kor_Hang,319,85,13
kor_Hang,319,86,13
kor_Hang,320,0,60
kor_Hang,320,1,13
kor_Hang,320,2,40
kor_Hang,320,3,1
kor_Hang,320,4,52
kor_Hang,320,5,13
eng_Latn,321,0,60
eng_Latn,321,1,15
eng_Latn,321,2,63
eng_Latn,321,3,30
eng_Latn,321,4,63
eng_Latn,321,5,63
eng_Latn,321,6,14
eng_Latn,321,7,14
eng_Latn,321,8,47
kor_Hang,322,0,60
kor_Hang,322,1,13
kor_Hang,322,2,47
kor_Hang,322,3,13
kor_Hang,322,4,19
kor_Hang,322,5,13
kor_Hang,322,6,19
kor_Hang,322,7,13
kor_Hang,322,8,13
kor_Hang,322,9,13
kor_Hang,322,10,13
kor_Hang,322,11,19
kor_Hang,322,12,13
kor_Hang,322,13,19
kor_Hang,322,14,13
kor_Hang,322,15,9
kor_Hang,322,16,13
kor_Hang,322,17,19
kor_Hang,322,18,13
kor_Hang,322,19,47
kor_Hang,322,20,13
kor_Hang,322,21,13
kor_Hang,322,22,13
kor_Hang,322,23,13
kor_Hang,322,24,13
kor_Hang,322,25,19
kor_Hang,322,26,13
kor_Hang,322,27,13
kor_Hang,322,28,13
kor_Hang,322,29,19
kor_Hang,322,30,13
kor_Hang,322,31,13
kor_Hang,322,32,13
kor_Hang,322,33,13
kor_Hang,322,34,13
kor_Hang,322,35,19
kor_Hang,322,36,13
kor_Hang,322,37,13
kor_Hang,322,38,13
kor_Hang,322,39,13
kor_Hang,322,40,13
kor_Hang,322,41,47
kor_Hang,322,42,13
kor_Hang,322,43,34
kor_Hang,322,44,13
kor_Hang,322,45,13
kor_Hang,322,46,13
kor_Hang,322,47,24
kor_Hang,322,48,13
kor_Hang,322,49,47
kor_Hang,322,50,47
kor_Hang,322,51,13
kor_Hang,322,52,19
kor_Hang,322,53,13
kor_Hang,322,54,19
kor_Hang,322,55,13
kor_Hang,322,56,13
kor_Hang,322,57,13
kor_Hang,322,58,13
kor_Hang,322,59,19
kor_Hang,322,60,13
kor_Hang,322,61,19
kor_Hang,322,62,13
kor_Hang,322,63,13
kor_Hang,322,64,13
kor_Hang,322,65,13
kor_Hang,322,66,13
kor_Hang,322,67,39
kor_Hang,322,68,13
kor_Hang,322,69,13
kor_Hang,322,70,34
kor_Hang,322,71,34
eng_Latn,323,0,60
eng_Latn,323,1,22
eng_Latn,323,2,61
eng_Latn,323,3,19
eng_Latn,323,4,40
eng_Latn,323,5,53
eng_Latn,323,6,3
eng_Latn,323,7,63
kor_Hang,324,0,60
kor_Hang,324,1,13
kor_Hang,324,2,13
kor_Hang,324,3,13
kor_Hang,324,4,13
kor_Hang,324,5,13
kor_Hang,324,6,13
kor_Hang,324,7,13
kor_Hang,324,8,13
kor_Hang,324,9,19
kor_Hang,324,10,19
kor_Hang,324,11,13
kor_Hang,324,12,19
kor_Hang,324,13,13
kor_Hang,324,14,47
kor_Hang,324,15,13
kor_Hang,324,16,13
kor_Hang,324,17,13
kor_Hang,324,18,13
kor_Hang,324,19,13
kor_Hang,324,20,13
kor_Hang,324,21,13
kor_Hang,324,22,13
kor_Hang,324,23,47
kor_Hang,324,24,13
kor_Hang,324,25,13
eng_Latn,325,0,60
eng_Latn,325,1,35
eng_Latn,325,2,50
eng_Latn,325,3,4
eng_Latn,325,4,4
eng_Latn,325,5,51
kor_Hang,326,0,60
kor_Hang,326,1,13
kor_Hang,326,2,13
kor_Hang,326,3,19
kor_Hang,326,4,13
kor_Hang,326,5,13
kor_Hang,326,6,13
kor_Hang,326,7,13
kor_Hang,326,8,13
kor_Hang,326,9,13
kor_Hang,326,10,13
kor_Hang,326,11,13
kor_Hang,326,12,47
kor_Hang,326,13,13
kor_Hang,326,14,19
kor_Hang,326,15,13
kor_Hang,326,16,13
kor_Hang,326,17,13
kor_Hang,326,18,13
kor_Hang,326,19,13
kor_Hang,326,20,47
kor_Hang,326,21,47
kor_Hang,326,22,13
kor_Hang,326,23,13
kor_Hang,326,24,13
kor_Hang,326,25,13
kor_Hang,326,26,13
kor_Hang,326,27,13
kor_Hang,326,28,19
kor_Hang,326,29,13
kor_Hang,326,30,13
kor_Hang,326,31,19
kor_Hang,326,32,13
kor_Hang,326,33,13
kor_Hang,326,34,13
kor_Hang,326,35,13
kor_Hang,326,36,13
kor_Hang,326,37,13
kor_Hang,326,38,13
kor_Hang,326,39,13
kor_Hang,326,40,13
kor_Hang,326,41,13
kor_Hang,326,42,13
kor_Hang,326,43,13
kor_Hang,326,44,13
kor_Hang,326,45,13
kor_Hang,326,46,13
kor_Hang,326,47,13
kor_Hang,326,48,13
kor_Hang,326,49,13
kor_Hang,326,50,13
kor_Hang,326,51,13
kor_Hang,326,52,13
kor_Hang,326,53,13
kor_Hang,326,54,13
kor_Hang,326,55,13
kor_Hang,326,56,13
kor_Hang,326,57,13
kor_Hang,326,58,13
kor_Hang,326,59,13
kor_Hang,326,60,13
kor_Hang,326,61,13
kor_Hang,326,62,13
kor_Hang,326,63,13
kor_Hang,326,64,13
kor_Hang,326,65,19
kor_Hang,326,66,13
kor_Hang,326,67,13
kor_Hang,326,68,13
kor_Hang,326,69,13
kor_Hang,326,70,34
eng_Latn,327,0,60
eng_Latn,327,1,22
eng_Latn,327,2,9
eng_Latn,327,3,9
eng_Latn,327,4,54
eng_Latn,327,5,61
kor_Hang,328,0,60
kor_Hang,328,1,19
kor_Hang,328,2,13
kor_Hang,328,3,13
kor_Hang,328,4,13
kor_Hang,328,5,19
kor_Hang,328,6,13
kor_Hang,328,7,13
kor_Hang,328,8,61
kor_Hang,328,9,13
kor_Hang,328,10,47
kor_Hang,328,11,19
kor_Hang,328,12,13
kor_Hang,328,13,13
kor_Hang,328,14,19
kor_Hang,328,15,13
kor_Hang,328,16,13
kor_Hang,328,17,13
kor_Hang,328,18,13
kor_Hang,328,19,13
kor_Hang,328,20,13
kor_Hang,328,21,13
kor_Hang,328,22,13
kor_Hang,328,23,13
kor_Hang,328,24,19
kor_Hang,328,25,19
kor_Hang,328,26,13
kor_Hang,328,27,47
kor_Hang,328,28,13
kor_Hang,328,29,13
kor_Hang,328,30,13
kor_Hang,328,31,13
kor_Hang,328,32,13
kor_Hang,328,33,13
kor_Hang,328,34,13
kor_Hang,328,35,13
kor_Hang,328,36,19
kor_Hang,328,37,13
kor_Hang,328,38,13
kor_Hang,328,39,13
kor_Hang,328,40,19
kor_Hang,328,41,13
kor_Hang,328,42,13
kor_Hang,328,43,13
kor_Hang,328,44,1
kor_Hang,328,45,13
kor_Hang,328,46,13
kor_Hang,328,47,13
kor_Hang,328,48,13
kor_Hang,328,49,13
kor_Hang,328,50,13
kor_Hang,328,51,47
kor_Hang,328,52,13
kor_Hang,328,53,13
kor_Hang,328,54,13
kor_Hang,328,55,13
kor_Hang,328,56,13
kor_Hang,328,57,13
kor_Hang,328,58,13
kor_Hang,328,59,13
kor_Hang,328,60,13
kor_Hang,328,61,19
kor_Hang,328,62,13
kor_Hang,328,63,13
kor_Hang,328,64,13
kor_Hang,328,65,13
kor_Hang,328,66,13
kor_Hang,328,67,13
kor_Hang,328,68,47
kor_Hang,328,69,19
kor_Hang,328,70,13
kor_Hang,328,71,13
kor_Hang,328,72,13
kor_Hang,328,73,34
kor_Hang,328,74,34
kor_Hang,329,0,60
kor_Hang,329,1,19
kor_Hang,329,2,13
kor_Hang,329,3,13
kor_Hang,329,4,13
kor_Hang,329,5,52
kor_Hang,329,6,52
kor_Hang,329,7,52
kor_Hang,329,8,13
kor_Hang,329,9,13
kor_Hang,329,10,13
kor_Hang,329,11,13
kor_Hang,329,12,13
kor_Hang,329,13,19
kor_Hang,329,14,13
kor_Hang,329,15,34
kor_Hang,329,16,13
kor_Hang,329,17,13
kor_Hang,329,18,19
kor_Hang,329,19,13
kor_Hang,329,20,47
kor_Hang,329,21,13
kor_Hang,329,22,13
kor_Hang,329,23,47
kor_Hang,329,24,39
kor_Hang,329,25,47
kor_Hang,329,26,47
kor_Hang,329,27,39
kor_Hang,329,28,19
kor_Hang,329,29,39
kor_Hang,329,30,13
kor_Hang,329,31,13
kor_Hang,329,32,19
kor_Hang,329,33,13
kor_Hang,329,34,13
kor_Hang,329,35,13
kor_Hang,329,36,13
kor_Hang,329,37,13
kor_Hang,329,38,13
kor_Hang,329,39,13
kor_Hang,329,40,13
kor_Hang,329,41,13
kor_Hang,329,42,13
kor_Hang,329,43,13
kor_Hang,329,44,13
kor_Hang,329,45,13
kor_Hang,329,46,13
kor_Hang,329,47,13
kor_Hang,329,48,13
kor_Hang,329,49,13
kor_Hang,329,50,47
kor_Hang,329,51,13
kor_Hang,329,52,13
kor_Hang,329,53,13
kor_Hang,329,54,13
kor_Hang,329,55,34
kor_Hang,330,0,60
kor_Hang,330,1,19
kor_Hang,330,2,13
kor_Hang,330,3,13
kor_Hang,330,4,47
kor_Hang,330,5,13
kor_Hang,330,6,13
kor_Hang,330,7,13
kor_Hang,330,8,13
kor_Hang,330,9,13
kor_Hang,330,10,13
kor_Hang,330,11,13
kor_Hang,330,12,13
kor_Hang,330,13,47
kor_Hang,330,14,13
kor_Hang,330,15,13
kor_Hang,330,16,13
kor_Hang,330,17,13
kor_Hang,330,18,13
kor_Hang,330,19,13
kor_Hang,330,20,13
kor_Hang,330,21,13
kor_Hang,330,22,13
kor_Hang,330,23,13
kor_Hang,330,24,13
kor_Hang,330,25,13
kor_Hang,330,26,13
kor_Hang,330,27,13
kor_Hang,330,28,13
kor_Hang,330,29,13
kor_Hang,330,30,13
kor_Hang,330,31,13
kor_Hang,330,32,13
kor_Hang,330,33,13
kor_Hang,330,34,13
kor_Hang,330,35,13
kor_Hang,330,36,13
kor_Hang,330,37,13
kor_Hang,330,38,47
kor_Hang,330,39,13
kor_Hang,330,40,13
kor_Hang,330,41,13
kor_Hang,330,42,13
kor_Hang,330,43,13
kor_Hang,330,44,13
kor_Hang,330,45,13
kor_Hang,331,0,60
kor_Hang,331,1,47
kor_Hang,331,2,13
kor_Hang,331,3,13
kor_Hang,331,4,19
kor_Hang,331,5,13
kor_Hang,331,6,6
kor_Hang,331,7,6
kor_Hang,331,8,13
kor_Hang,331,9,13
kor_Hang,331,10,13
kor_Hang,331,11,13
kor_Hang,331,12,13
kor_Hang,331,13,13
kor_Hang,331,14,13
kor_Hang,331,15,9
kor_Hang,331,16,6
kor_Hang,331,17,13
kor_Hang,331,18,13
kor_Hang,331,19,13
kor_Hang,331,20,13
kor_Hang,331,21,13
kor_Hang,331,22,6
kor_Hang,331,23,13
kor_Hang,331,24,47
kor_Hang,331,25,13
kor_Hang,331,26,13
kor_Hang,331,27,19
kor_Hang,331,28,13
kor_Hang,331,29,13
kor_Hang,331,30,13
kor_Hang,331,31,13
kor_Hang,331,32,13
kor_Hang,331,33,47
kor_Hang,331,34,13
kor_Hang,331,35,13
kor_Hang,331,36,13
kor_Hang,331,37,13
kor_Hang,331,38,13
kor_Hang,331,39,13
kor_Hang,331,40,13
kor_Hang,331,41,13
kor_Hang,331,42,13
kor_Hang,331,43,13
kor_Hang,331,44,13
kor_Hang,331,45,13
kor_Hang,331,46,13
kor_Hang,331,47,19
kor_Hang,331,48,13
kor_Hang,331,49,13
kor_Hang,331,50,13
kor_Hang,331,51,13
kor_Hang,331,52,13
kor_Hang,331,53,13
kor_Hang,331,54,13
kor_Hang,331,55,19
kor_Hang,331,56,13
kor_Hang,331,57,34
eng_Latn,332,0,60
eng_Latn,332,1,20
eng_Latn,332,2,41
eng_Latn,332,3,57
eng_Latn,332,4,45
eng_Latn,332,5,18
eng_Latn,332,6,23
eng_Latn,332,7,43
eng_Latn,332,8,20
eng_Latn,332,9,33
eng_Latn,332,10,24
eng_Latn,332,11,33
eng_Latn,332,12,33
kor_Hang,333,0,60
kor_Hang,333,1,13
kor_Hang,333,2,13
kor_Hang,333,3,13
kor_Hang,333,4,13
kor_Hang,333,5,13
kor_Hang,333,6,13
kor_Hang,333,7,13
kor_Hang,333,8,13
kor_Hang,333,9,13
kor_Hang,333,10,13
kor_Hang,333,11,13
kor_Hang,333,12,13
kor_Hang,333,13,13
kor_Hang,333,14,13
kor_Hang,333,15,47
kor_Hang,333,16,13
kor_Hang,333,17,13
kor_Hang,333,18,19
kor_Hang,333,19,13
kor_Hang,333,20,13
kor_Hang,333,21,13
kor_Hang,333,22,13
kor_Hang,333,23,13
kor_Hang,333,24,13
kor_Hang,333,25,13
eng_Latn,334,0,60
eng_Latn,334,1,47
eng_Latn,334,2,7
eng_Latn,334,3,49
eng_Latn,334,4,22
eng_Latn,334,5,42
eng_Latn,334,6,19
eng_Latn,334,7,19
eng_Latn,334,8,26
eng_Latn,334,9,60
kor_Hang,335,0,60
kor_Hang,335,1,13
kor_Hang,335,2,13
kor_Hang,335,3,13
kor_Hang,335,4,13
kor_Hang,335,5,13
kor_Hang,335,6,13
kor_Hang,335,7,13
kor_Hang,335,8,19
kor_Hang,335,9,39
kor_Hang,335,10,13
kor_Hang,335,11,13
kor_Hang,335,12,19
kor_Hang,335,13,13
kor_Hang,335,14,13
kor_Hang,335,15,13
kor_Hang,335,16,13
kor_Hang,335,17,13
kor_Hang,335,18,13
kor_Hang,335,19,13
kor_Hang,335,20,13
kor_Hang,335,21,47
kor_Hang,335,22,13
kor_Hang,335,23,13
kor_Hang,335,24,13
kor_Hang,335,25,13
kor_Hang,335,26,13
kor_Hang,335,27,13
kor_Hang,335,28,19
kor_Hang,335,29,19
kor_Hang,335,30,13
kor_Hang,335,31,13
kor_Hang,335,32,13
kor_Hang,335,33,13
kor_Hang,335,34,13
kor_Hang,335,35,13
kor_Hang,335,36,13
kor_Hang,335,37,13
kor_Hang,335,38,13
kor_Hang,335,39,13
kor_Hang,335,40,13
kor_Hang,335,41,13
kor_Hang,335,42,13
kor_Hang,335,43,13
kor_Hang,335,44,13
kor_Hang,335,45,13
kor_Hang,335,46,13
kor_Hang,335,47,13
kor_Hang,335,48,13
kor_Hang,335,49,13
kor_Hang,335,50,13
kor_Hang,335,51,13
kor_Hang,335,52,13
kor_Hang,335,53,13
kor_Hang,335,54,13
kor_Hang,335,55,13
kor_Hang,335,56,13
kor_Hang,335,57,51
kor_Hang,335,58,4
kor_Hang,335,59,13
kor_Hang,335,60,51
eng_Latn,336,0,60
eng_Latn,336,1,12
eng_Latn,336,2,42
eng_Latn,336,3,22
eng_Latn,336,4,27
eng_Latn,336,5,49
eng_Latn,336,6,9
eng_Latn,336,7,40
kor_Hang,337,0,60
kor_Hang,337,1,13
kor_Hang,337,2,19
kor_Hang,337,3,13
kor_Hang,337,4,13
kor_Hang,337,5,13
kor_Hang,337,6,13
kor_Hang,337,7,13
kor_Hang,337,8,13
kor_Hang,337,9,13
kor_Hang,337,10,24
kor_Hang,337,11,13
kor_Hang,337,12,13
kor_Hang,337,13,19
kor_Hang,337,14,13
kor_Hang,337,15,13
kor_Hang,337,16,13
kor_Hang,337,17,13
kor_Hang,337,18,52
kor_Hang,337,19,52
kor_Hang,337,20,52
kor_Hang,337,21,13
kor_Hang,337,22,13
kor_Hang,337,23,13
kor_Hang,337,24,13
kor_Hang,337,25,13
kor_Hang,337,26,13
kor_Hang,337,27,13
kor_Hang,337,28,13
kor_Hang,337,29,13
kor_Hang,337,30,47
kor_Hang,337,31,13
kor_Hang,337,32,13
kor_Hang,337,33,13
kor_Hang,337,34,13
kor_Hang,337,35,19
kor_Hang,337,36,13
kor_Hang,337,37,13
kor_Hang,337,38,52
kor_Hang,337,39,13
kor_Hang,337,40,52
kor_Hang,337,41,13
kor_Hang,337,42,13
kor_Hang,337,43,13
kor_Hang,337,44,13
kor_Hang,337,45,13
kor_Hang,337,46,13
kor_Hang,337,47,13
kor_Hang,337,48,13
kor_Hang,337,49,13
kor_Hang,337,50,13
kor_Hang,337,51,19
kor_Hang,337,52,13
kor_Hang,337,53,13
kor_Hang,337,54,19
kor_Hang,337,55,13
kor_Hang,337,56,13
kor_Hang,337,57,13
kor_Hang,337,58,13
kor_Hang,337,59,13
kor_Hang,337,60,52
kor_Hang,338,0,60
kor_Hang,338,1,13
kor_Hang,338,2,13
kor_Hang,338,3,13
kor_Hang,338,4,19
kor_Hang,338,5,13
kor_Hang,338,6,9
kor_Hang,338,7,13
kor_Hang,338,8,13
kor_Hang,338,9,13
kor_Hang,338,10,13
kor_Hang,338,11,13
kor_Hang,338,12,13
kor_Hang,338,13,13
kor_Hang,338,14,13
kor_Hang,338,15,13
kor_Hang,338,16,13
kor_Hang,338,17,47
kor_Hang,338,18,34
eng_Latn,339,0,60
eng_Latn,339,1,22
eng_Latn,339,2,9
eng_Latn,339,3,9
eng_Latn,339,4,40
eng_Latn,339,5,51
eng_Latn,339,6,9
eng_Latn,339,7,9
eng_Latn,339,8,22
eng_Latn,339,9,9
eng_Latn,339,10,61
eng_Latn,339,11,22
eng_Latn,339,12,41
eng_Latn,339,13,34
kor_Hang,340,0,60
kor_Hang,340,1,34
kor_Hang,340,2,12
kor_Hang,340,3,22
kor_Hang,340,4,22
kor_Hang,340,5,56
kor_Hang,340,6,34
kor_Hang,341,0,60
kor_Hang,341,1,13
kor_Hang,341,2,13
kor_Hang,341,3,47
kor_Hang,341,4,13
kor_Hang,341,5,13
kor_Hang,341,6,13
kor_Hang,341,7,19
kor_Hang,341,8,39
kor_Hang,341,9,19
kor_Hang,341,10,13
kor_Hang,341,11,13
kor_Hang,341,12,13
kor_Hang,341,13,9
kor_Hang,341,14,13
kor_Hang,341,15,13
kor_Hang,341,16,13
kor_Hang,341,17,13
kor_Hang,341,18,13
kor_Hang,341,19,13
kor_Hang,341,20,13
kor_Hang,341,21,13
kor_Hang,341,22,13
kor_Hang,341,23,13
kor_Hang,341,24,13
kor_Hang,341,25,13
kor_Hang,341,26,13
kor_Hang,341,27,13
kor_Hang,341,28,19
kor_Hang,341,29,13
kor_Hang,341,30,13
kor_Hang,341,31,13
kor_Hang,341,32,13
kor_Hang,341,33,13
kor_Hang,341,34,13
kor_Hang,341,35,13
kor_Hang,341,36,13
kor_Hang,341,37,13
kor_Hang,341,38,13
kor_Hang,341,39,13
kor_Hang,341,40,13
kor_Hang,341,41,13
kor_Hang,341,42,13
kor_Hang,341,43,13
kor_Hang,341,44,47
kor_Hang,341,45,13
kor_Hang,341,46,47
kor_Hang,341,47,26
kor_Hang,341,48,39
kor_Hang,341,49,13
kor_Hang,341,50,13
kor_Hang,341,51,13
kor_Hang,341,52,13
kor_Hang,341,53,13
kor_Hang,341,54,19
kor_Hang,341,55,13
kor_Hang,341,56,13
kor_Hang,341,57,13
kor_Hang,341,58,13
kor_Hang,341,59,13
kor_Hang,341,60,13
kor_Hang,341,61,13
kor_Hang,341,62,47
kor_Hang,341,63,47
kor_Hang,341,64,13
kor_Hang,341,65,13
kor_Hang,341,66,13
kor_Hang,341,67,19
kor_Hang,341,68,19
kor_Hang,341,69,13
kor_Hang,341,70,13
kor_Hang,341,71,13
kor_Hang,341,72,34
kor_Hang,341,73,13
kor_Hang,341,74,13
kor_Hang,341,75,13
kor_Hang,341,76,34
kor_Hang,342,0,60
kor_Hang,342,1,57
kor_Hang,342,2,13
kor_Hang,342,3,19
kor_Hang,342,4,13
kor_Hang,342,5,13
kor_Hang,342,6,19
kor_Hang,342,7,13
kor_Hang,342,8,19
kor_Hang,342,9,13
kor_Hang,342,10,13
kor_Hang,342,11,13
kor_Hang,342,12,13
kor_Hang,342,13,13
kor_Hang,342,14,47
kor_Hang,342,15,13
kor_Hang,342,16,40
kor_Hang,342,17,62
kor_Hang,342,18,13
kor_Hang,342,19,13
kor_Hang,342,20,34
kor_Hang,343,0,60
kor_Hang,343,1,13
kor_Hang,343,2,13
kor_Hang,343,3,13
kor_Hang,343,4,13
kor_Hang,343,5,13
kor_Hang,343,6,19
kor_Hang,343,7,13
kor_Hang,343,8,13
kor_Hang,343,9,13
kor_Hang,343,10,13
kor_Hang,343,11,13
kor_Hang,343,12,13
kor_Hang,343,13,13
kor_Hang,343,14,13
kor_Hang,343,15,13
kor_Hang,343,16,19
kor_Hang,343,17,13
kor_Hang,343,18,13
kor_Hang,343,19,13
kor_Hang,343,20,13
kor_Hang,343,21,13
kor_Hang,343,22,13
kor_Hang,343,23,13
kor_Hang,343,24,19
kor_Hang,343,25,13
kor_Hang,343,26,13
kor_Hang,343,27,13
kor_Hang,343,28,13
kor_Hang,343,29,13
kor_Hang,343,30,13
kor_Hang,343,31,13
kor_Hang,343,32,13
kor_Hang,343,33,13
kor_Hang,343,34,13
kor_Hang,343,35,13
kor_Hang,343,36,13
kor_Hang,343,37,13
kor_Hang,343,38,13
kor_Hang,343,39,13
kor_Hang,343,40,13
kor_Hang,343,41,47
kor_Hang,343,42,13
kor_Hang,343,43,13
kor_Hang,343,44,13
kor_Hang,343,45,13
kor_Hang,343,46,13
kor_Hang,343,47,13
kor_Hang,343,48,13
kor_Hang,343,49,13
kor_Hang,343,50,13
kor_Hang,343,51,13
kor_Hang,343,52,19
kor_Hang,343,53,13
kor_Hang,343,54,13
kor_Hang,343,55,13
kor_Hang,343,56,13
kor_Hang,343,57,13
kor_Hang,343,58,13
kor_Hang,343,59,13
kor_Hang,343,60,19
kor_Hang,343,61,13
kor_Hang,343,62,13
kor_Hang,343,63,13
kor_Hang,343,64,13
kor_Hang,343,65,13
kor_Hang,343,66,13
kor_Hang,343,67,13
kor_Hang,343,68,34
eng_Latn,344,0,60
eng_Latn,344,1,18
eng_Latn,344,2,18
eng_Latn,344,3,20
eng_Latn,344,4,28
eng_Latn,344,5,34
eng_Latn,344,6,34
eng_Latn,345,0,60
eng_Latn,345,1,57
eng_Latn,345,2,57
eng_Latn,345,3,20
eng_Latn,345,4,56
eng_Latn,345,5,16
eng_Latn,345,6,14
eng_Latn,345,7,35
eng_Latn,345,8,63
eng_Latn,346,0,60
eng_Latn,346,1,18
eng_Latn,346,2,16
eng_Latn,346,3,38
eng_Latn,346,4,46
eng_Latn,346,5,20
eng_Latn,346,6,38
eng_Latn,346,7,15
kor_Hang,347,0,60
kor_Hang,347,1,13
kor_Hang,347,2,13
kor_Hang,347,3,13
kor_Hang,347,4,47
kor_Hang,347,5,13
kor_Hang,347,6,13
kor_Hang,347,7,13
kor_Hang,347,8,12
kor_Hang,347,9,13
kor_Hang,347,10,13
kor_Hang,347,11,13
kor_Hang,347,12,13
kor_Hang,347,13,19
kor_Hang,347,14,13
kor_Hang,347,15,13
kor_Hang,347,16,13
kor_Hang,347,17,13
kor_Hang,347,18,13
kor_Hang,347,19,13
kor_Hang,347,20,13
kor_Hang,347,21,13
kor_Hang,347,22,24
kor_Hang,347,23,13
kor_Hang,347,24,13
kor_Hang,347,25,13
kor_Hang,347,26,47
kor_Hang,347,27,47
kor_Hang,347,28,13
kor_Hang,347,29,13
kor_Hang,347,30,13
kor_Hang,347,31,13
kor_Hang,347,32,13
kor_Hang,347,33,52
kor_Hang,347,34,13
kor_Hang,347,35,47
kor_Hang,347,36,13
kor_Hang,347,37,13
kor_Hang,347,38,47
kor_Hang,347,39,13
kor_Hang,347,40,19
kor_Hang,347,41,13
kor_Hang,347,42,13
kor_Hang,347,43,13
kor_Hang,347,44,13
kor_Hang,347,45,47
kor_Hang,347,46,13
kor_Hang,347,47,19
kor_Hang,347,48,13
kor_Hang,347,49,13
kor_Hang,347,50,13
kor_Hang,347,51,13
kor_Hang,347,52,13
kor_Hang,347,53,13
kor_Hang,347,54,13
kor_Hang,347,55,13
kor_Hang,347,56,47
kor_Hang,347,57,47
kor_Hang,347,58,13
kor_Hang,347,59,13
kor_Hang,347,60,13
kor_Hang,347,61,13
kor_Hang,347,62,34
kor_Hang,348,0,60
kor_Hang,348,1,13
kor_Hang,348,2,13
kor_Hang,348,3,13
kor_Hang,348,4,19
kor_Hang,348,5,13
kor_Hang,348,6,13
kor_Hang,348,7,13
kor_Hang,348,8,13
kor_Hang,348,9,13
kor_Hang,348,10,13
kor_Hang,348,11,47
kor_Hang,348,12,13
kor_Hang,348,13,47
kor_Hang,348,14,13
kor_Hang,348,15,13
kor_Hang,348,16,13
kor_Hang,348,17,13
kor_Hang,348,18,19
kor_Hang,348,19,13
kor_Hang,348,20,13
kor_Hang,348,21,19
kor_Hang,348,22,13
kor_Hang,348,23,13
kor_Hang,348,24,13
kor_Hang,348,25,13
kor_Hang,348,26,13
kor_Hang,348,27,13
kor_Hang,348,28,61
kor_Hang,348,29,19
kor_Hang,348,30,13
kor_Hang,348,31,13
kor_Hang,348,32,13
kor_Hang,348,33,13
kor_Hang,348,34,19
kor_Hang,348,35,13
kor_Hang,348,36,19
kor_Hang,348,37,13
kor_Hang,348,38,13
kor_Hang,348,39,13
kor_Hang,348,40,13
kor_Hang,348,41,19
kor_Hang,348,42,13
kor_Hang,348,43,13
kor_Hang,348,44,19
kor_Hang,348,45,13
kor_Hang,348,46,13
kor_Hang,348,47,13
kor_Hang,348,48,13
kor_Hang,348,49,13
kor_Hang,348,50,13
kor_Hang,348,51,19
kor_Hang,348,52,19
kor_Hang,348,53,19
kor_Hang,348,54,19
kor_Hang,348,55,13
kor_Hang,348,56,13
kor_Hang,348,57,13
kor_Hang,348,58,13
kor_Hang,348,59,13
kor_Hang,348,60,13
kor_Hang,348,61,13
kor_Hang,348,62,19
kor_Hang,348,63,13
kor_Hang,348,64,12
kor_Hang,348,65,11
kor_Hang,348,66,19
kor_Hang,348,67,13
kor_Hang,348,68,13
kor_Hang,348,69,13
kor_Hang,348,70,13
kor_Hang,348,71,47
kor_Hang,348,72,13
kor_Hang,348,73,47
kor_Hang,348,74,47
kor_Hang,348,75,13
kor_Hang,348,76,13
kor_Hang,348,77,19
kor_Hang,348,78,13
kor_Hang,348,79,13
kor_Hang,348,80,13
kor_Hang,348,81,12
kor_Hang,348,82,13
kor_Hang,348,83,13
eng_Latn,349,0,60
eng_Latn,349,1,49
eng_Latn,349,2,12
eng_Latn,349,3,39
kor_Hang,350,0,60
kor_Hang,350,1,13
kor_Hang,350,2,13
kor_Hang,350,3,47
kor_Hang,350,4,19
kor_Hang,350,5,39
kor_Hang,350,6,19
kor_Hang,350,7,13
kor_Hang,350,8,13
kor_Hang,350,9,61
kor_Hang,350,10,19
kor_Hang,350,11,13
kor_Hang,350,12,47
kor_Hang,350,13,39
kor_Hang,350,14,52
kor_Hang,350,15,13
kor_Hang,350,16,13
kor_Hang,350,17,13
kor_Hang,350,18,13
kor_Hang,350,19,13
kor_Hang,350,20,13
kor_Hang,350,21,13
kor_Hang,350,22,13
kor_Hang,350,23,13
kor_Hang,350,24,13
kor_Hang,350,25,13
kor_Hang,350,26,13
kor_Hang,350,27,13
kor_Hang,350,28,19
kor_Hang,350,29,13
kor_Hang,350,30,13
kor_Hang,350,31,13
kor_Hang,350,32,13
kor_Hang,350,33,13
kor_Hang,350,34,13
kor_Hang,350,35,61
kor_Hang,350,36,13
kor_Hang,350,37,13
kor_Hang,350,38,13
kor_Hang,350,39,13
kor_Hang,350,40,13
kor_Hang,350,41,13
kor_Hang,350,42,13
kor_Hang,350,43,13
kor_Hang,350,44,13
kor_Hang,350,45,13
kor_Hang,350,46,13
kor_Hang,350,47,13
kor_Hang,350,48,47
kor_Hang,350,49,47
kor_Hang,350,50,34
kor_Hang,350,51,13
kor_Hang,350,52,24
kor_Hang,350,53,47
kor_Hang,350,54,47
kor_Hang,350,55,47
kor_Hang,350,56,13
kor_Hang,350,57,13
kor_Hang,350,58,13
kor_Hang,350,59,13
kor_Hang,350,60,13
kor_Hang,350,61,13
kor_Hang,350,62,13
kor_Hang,350,63,13
kor_Hang,350,64,13
kor_Hang,350,65,13
kor_Hang,350,66,13
kor_Hang,350,67,19
kor_Hang,350,68,13
kor_Hang,350,69,13
kor_Hang,350,70,13
kor_Hang,350,71,13
kor_Hang,350,72,34
kor_Hang,350,73,34
kor_Hang,351,0,60
kor_Hang,351,1,62
kor_Hang,351,2,58
kor_Hang,351,3,58
kor_Hang,351,4,13
kor_Hang,351,5,13
kor_Hang,351,6,13
kor_Hang,351,7,13
kor_Hang,351,8,13
kor_Hang,351,9,61
kor_Hang,351,10,19
kor_Hang,351,11,13
kor_Hang,351,12,47
kor_Hang,351,13,13
kor_Hang,351,14,13
kor_Hang,351,15,13
kor_Hang,351,16,13
kor_Hang,351,17,13
kor_Hang,351,18,19
kor_Hang,351,19,13
kor_Hang,351,20,19
kor_Hang,351,21,13
kor_Hang,351,22,12
kor_Hang,351,23,58
kor_Hang,351,24,13
kor_Hang,351,25,13
kor_Hang,351,26,13
kor_Hang,351,27,13
kor_Hang,351,28,13
kor_Hang,351,29,13
kor_Hang,351,30,19
kor_Hang,351,31,13
kor_Hang,351,32,52
kor_Hang,351,33,47
kor_Hang,351,34,13
kor_Hang,351,35,13
kor_Hang,351,36,13
kor_Hang,351,37,13
kor_Hang,351,38,19
kor_Hang,351,39,13
kor_Hang,351,40,11
kor_Hang,351,41,52
kor_Hang,351,42,13
kor_Hang,351,43,13
kor_Hang,351,44,19
kor_Hang,351,45,13
kor_Hang,351,46,13
kor_Hang,351,47,13
kor_Hang,351,48,13
kor_Hang,351,49,13
kor_Hang,351,50,13
kor_Hang,351,51,19
kor_Hang,351,52,13
kor_Hang,351,53,13
kor_Hang,351,54,19
kor_Hang,351,55,13
kor_Hang,351,56,47
kor_Hang,351,57,19
kor_Hang,351,58,13
kor_Hang,351,59,19
kor_Hang,351,60,13
kor_Hang,351,61,13
kor_Hang,351,62,19
kor_Hang,351,63,13
kor_Hang,351,64,13
kor_Hang,351,65,13
eng_Latn,352,0,60
eng_Latn,352,1,19
eng_Latn,352,2,19
eng_Latn,352,3,33
eng_Latn,352,4,56
eng_Latn,352,5,33
kor_Hang,353,0,60
kor_Hang,353,1,13
kor_Hang,353,2,13
kor_Hang,353,3,19
kor_Hang,353,4,13
kor_Hang,353,5,13
kor_Hang,353,6,13
kor_Hang,353,7,13
kor_Hang,353,8,13
kor_Hang,353,9,13
kor_Hang,353,10,13
kor_Hang,353,11,13
kor_Hang,353,12,13
kor_Hang,353,13,13
kor_Hang,353,14,47
kor_Hang,353,15,13
kor_Hang,353,16,13
kor_Hang,353,17,13
kor_Hang,353,18,13
kor_Hang,353,19,13
kor_Hang,353,20,13
kor_Hang,353,21,13
kor_Hang,353,22,13
kor_Hang,353,23,34
kor_Hang,353,24,19
kor_Hang,353,25,34
kor_Hang,353,26,19
kor_Hang,353,27,34
kor_Hang,353,28,34
kor_Hang,354,0,60
kor_Hang,354,1,47
kor_Hang,354,2,13
kor_Hang,354,3,13
kor_Hang,354,4,47
kor_Hang,354,5,39
kor_Hang,354,6,13
kor_Hang,354,7,19
kor_Hang,354,8,13
kor_Hang,354,9,13
kor_Hang,354,10,13
kor_Hang,354,11,13
kor_Hang,354,12,19
kor_Hang,354,13,13
kor_Hang,354,14,13
kor_Hang,354,15,19
kor_Hang,354,16,13
kor_Hang,354,17,19
kor_Hang,354,18,13
kor_Hang,354,19,13
kor_Hang,354,20,13
kor_Hang,354,21,13
kor_Hang,354,22,13
kor_Hang,354,23,13
kor_Hang,354,24,27
kor_Hang,354,25,13
kor_Hang,354,26,13
kor_Hang,354,27,13
kor_Hang,354,28,13
kor_Hang,354,29,13
kor_Hang,354,30,13
kor_Hang,354,31,13
kor_Hang,354,32,13
kor_Hang,354,33,13
kor_Hang,354,34,13
kor_Hang,354,35,13
kor_Hang,354,36,19
kor_Hang,354,37,13
kor_Hang,354,38,13
kor_Hang,354,39,51
kor_Hang,354,40,13
kor_Hang,354,41,13
kor_Hang,354,42,13
kor_Hang,354,43,13
kor_Hang,354,44,13
kor_Hang,354,45,13
kor_Hang,354,46,13
kor_Hang,354,47,13
kor_Hang,354,48,13
kor_Hang,354,49,13
kor_Hang,354,50,13
kor_Hang,354,51,13
kor_Hang,354,52,13
kor_Hang,354,53,13
kor_Hang,354,54,13
kor_Hang,354,55,13
kor_Hang,354,56,13
kor_Hang,354,57,19
kor_Hang,354,58,13
kor_Hang,354,59,13
kor_Hang,354,60,13
kor_Hang,354,61,13
kor_Hang,355,0,60
kor_Hang,355,1,52
kor_Hang,355,2,60
kor_Hang,355,3,22
kor_Hang,355,4,39
kor_Hang,355,5,22
kor_Hang,356,0,60
kor_Hang,356,1,13
kor_Hang,356,2,13
kor_Hang,356,3,13
kor_Hang,356,4,61
kor_Hang,356,5,19
kor_Hang,356,6,13
kor_Hang,356,7,11
kor_Hang,356,8,13
kor_Hang,356,9,13
kor_Hang,356,10,13
kor_Hang,356,11,13
kor_Hang,356,12,13
kor_Hang,356,13,13
kor_Hang,356,14,13
kor_Hang,356,15,13
kor_Hang,356,16,13
kor_Hang,356,17,13
kor_Hang,356,18,47
kor_Hang,356,19,13
kor_Hang,356,20,13
kor_Hang,356,21,13
kor_Hang,356,22,13
kor_Hang,356,23,13
kor_Hang,356,24,61
kor_Hang,356,25,47
kor_Hang,356,26,13
kor_Hang,356,27,13
kor_Hang,356,28,13
kor_Hang,356,29,13
kor_Hang,356,30,47
kor_Hang,356,31,19
kor_Hang,356,32,13
kor_Hang,356,33,13
kor_Hang,356,34,13
kor_Hang,356,35,13
kor_Hang,356,36,13
kor_Hang,356,37,13
kor_Hang,356,38,13
kor_Hang,356,39,11
kor_Hang,356,40,13
kor_Hang,356,41,13
kor_Hang,356,42,13
kor_Hang,356,43,13
kor_Hang,356,44,13
kor_Hang,356,45,13
kor_Hang,356,46,13
kor_Hang,356,47,19
kor_Hang,356,48,19
kor_Hang,356,49,13
kor_Hang,356,50,13
kor_Hang,356,51,13
kor_Hang,356,52,52
kor_Hang,357,0,60
kor_Hang,357,1,9
kor_Hang,357,2,13
kor_Hang,357,3,19
kor_Hang,357,4,13
kor_Hang,357,5,34
kor_Hang,357,6,11
kor_Hang,357,7,13
kor_Hang,357,8,13
kor_Hang,357,9,13
kor_Hang,357,10,27
kor_Hang,357,11,13
kor_Hang,357,12,19
kor_Hang,357,13,13
kor_Hang,357,14,13
kor_Hang,357,15,19
kor_Hang,357,16,34
kor_Hang,357,17,13
kor_Hang,357,18,13
kor_Hang,357,19,19
kor_Hang,357,20,61
kor_Hang,357,21,19
kor_Hang,357,22,34
kor_Hang,357,23,13
kor_Hang,357,24,13
kor_Hang,357,25,13
kor_Hang,357,26,13
kor_Hang,357,27,13
kor_Hang,357,28,13
kor_Hang,357,29,13
kor_Hang,357,30,13
kor_Hang,357,31,13
kor_Hang,357,32,13
kor_Hang,357,33,13
kor_Hang,357,34,13
kor_Hang,357,35,34
kor_Hang,357,36,19
kor_Hang,357,37,34
kor_Hang,357,38,34
kor_Hang,358,0,60
kor_Hang,358,1,47
kor_Hang,358,2,19
kor_Hang,358,3,13
kor_Hang,358,4,13
kor_Hang,358,5,13
kor_Hang,358,6,61
kor_Hang,358,7,13
kor_Hang,358,8,12
kor_Hang,358,9,52
kor_Hang,358,10,57
kor_Hang,358,11,13
kor_Hang,358,12,12
kor_Hang,358,13,13
kor_Hang,358,14,47
kor_Hang,358,15,61
kor_Hang,358,16,13
kor_Hang,358,17,13
kor_Hang,358,18,13
kor_Hang,358,19,61
kor_Hang,358,20,13
kor_Hang,358,21,1
kor_Hang,358,22,52
kor_Hang,359,0,60
kor_Hang,359,1,13
kor_Hang,359,2,13
kor_Hang,359,3,13
kor_Hang,359,4,19
kor_Hang,359,5,13
kor_Hang,359,6,13
kor_Hang,359,7,13
kor_Hang,359,8,47
kor_Hang,359,9,13
kor_Hang,359,10,13
kor_Hang,359,11,19
kor_Hang,359,12,13
kor_Hang,359,13,47
kor_Hang,359,14,19
kor_Hang,359,15,61
kor_Hang,359,16,13
kor_Hang,359,17,19
kor_Hang,359,18,13
kor_Hang,359,19,13
kor_Hang,359,20,13
kor_Hang,359,21,13
kor_Hang,359,22,13
kor_Hang,359,23,13
kor_Hang,359,24,13
kor_Hang,359,25,34
kor_Hang,359,26,13
kor_Hang,359,27,13
kor_Hang,359,28,13
kor_Hang,359,29,34
kor_Hang,359,30,13
kor_Hang,359,31,13
kor_Hang,359,32,34
kor_Hang,360,0,60
kor_Hang,360,1,19
kor_Hang,360,2,13
kor_Hang,360,3,19
kor_Hang,360,4,13
kor_Hang,360,5,13
kor_Hang,360,6,13
kor_Hang,360,7,13
kor_Hang,360,8,19
kor_Hang,360,9,13
kor_Hang,360,10,13
kor_Hang,360,11,13
kor_Hang,360,12,19
kor_Hang,360,13,13
kor_Hang,360,14,13
kor_Hang,360,15,13
kor_Hang,360,16,47
kor_Hang,360,17,13
kor_Hang,360,18,13
kor_Hang,360,19,13
kor_Hang,360,20,1
kor_Hang,360,21,13
kor_Hang,360,22,13
kor_Hang,360,23,13
kor_Hang,360,24,13
kor_Hang,360,25,13
kor_Hang,360,26,13
kor_Hang,360,27,13
kor_Hang,360,28,13
kor_Hang,360,29,13
kor_Hang,360,30,13
kor_Hang,360,31,19
kor_Hang,360,32,13
kor_Hang,360,33,13
kor_Hang,360,34,13
kor_Hang,360,35,13
kor_Hang,360,36,13
kor_Hang,360,37,13
kor_Hang,360,38,13
kor_Hang,360,39,47
kor_Hang,360,40,19
kor_Hang,360,41,13
kor_Hang,360,42,13
kor_Hang,360,43,13
kor_Hang,360,44,13
kor_Hang,360,45,13
kor_Hang,360,46,13
kor_Hang,360,47,13
kor_Hang,360,48,13
kor_Hang,360,49,13
kor_Hang,360,50,13
kor_Hang,360,51,13
kor_Hang,360,52,13
kor_Hang,360,53,13
kor_Hang,360,54,13
kor_Hang,360,55,13
kor_Hang,360,56,13
kor_Hang,360,57,34
kor_Hang,360,58,13
kor_Hang,360,59,19
kor_Hang,360,60,13
kor_Hang,360,61,13
kor_Hang,360,62,13
kor_Hang,360,63,13
kor_Hang,360,64,34
kor_Hang,361,0,60
kor_Hang,361,1,13
kor_Hang,361,2,13
kor_Hang,361,3,13
kor_Hang,361,4,13
kor_Hang,361,5,13
kor_Hang,361,6,13
kor_Hang,361,7,13
kor_Hang,361,8,13
kor_Hang,361,9,7
kor_Hang,361,10,9
kor_Hang,361,11,13
kor_Hang,361,12,19
kor_Hang,361,13,13
kor_Hang,361,14,19
kor_Hang,361,15,13
kor_Hang,361,16,13
kor_Hang,361,17,26
kor_Hang,361,18,13
kor_Hang,361,19,13
kor_Hang,361,20,13
kor_Hang,361,21,13
kor_Hang,361,22,13
kor_Hang,361,23,13
kor_Hang,361,24,13
kor_Hang,361,25,13
kor_Hang,361,26,19
kor_Hang,361,27,13
kor_Hang,361,28,13
kor_Hang,361,29,13
kor_Hang,361,30,13
kor_Hang,361,31,13
kor_Hang,361,32,13
kor_Hang,361,33,13
kor_Hang,361,34,13
kor_Hang,361,35,19
kor_Hang,361,36,13
kor_Hang,361,37,13
kor_Hang,361,38,13
kor_Hang,361,39,13
kor_Hang,361,40,13
kor_Hang,361,41,13
kor_Hang,361,42,13
kor_Hang,361,43,13
kor_Hang,361,44,34
kor_Hang,362,0,60
kor_Hang,362,1,13
kor_Hang,362,2,13
kor_Hang,362,3,13
kor_Hang,362,4,13
kor_Hang,362,5,13
kor_Hang,362,6,13
kor_Hang,362,7,13
kor_Hang,362,8,13
kor_Hang,362,9,13
kor_Hang,362,10,13
kor_Hang,362,11,13
kor_Hang,362,12,13
kor_Hang,362,13,47
kor_Hang,362,14,19
kor_Hang,362,15,13
kor_Hang,362,16,13
kor_Hang,362,17,13
kor_Hang,362,18,13
kor_Hang,362,19,13
kor_Hang,362,20,13
kor_Hang,362,21,13
kor_Hang,362,22,13
kor_Hang,362,23,13
kor_Hang,362,24,52
kor_Hang,362,25,13
kor_Hang,362,26,13
kor_Hang,362,27,13
kor_Hang,362,28,47
kor_Hang,362,29,13
kor_Hang,362,30,13
kor_Hang,362,31,13
kor_Hang,362,32,13
kor_Hang,362,33,47
kor_Hang,362,34,13
kor_Hang,362,35,13
kor_Hang,362,36,13
kor_Hang,362,37,13
kor_Hang,362,38,34
kor_Hang,362,39,13
kor_Hang,362,40,13
kor_Hang,362,41,13
kor_Hang,362,42,13
kor_Hang,362,43,13
kor_Hang,362,44,13
kor_Hang,362,45,13
kor_Hang,362,46,13
kor_Hang,362,47,13
kor_Hang,362,48,13
kor_Hang,362,49,13
kor_Hang,362,50,34
kor_Hang,363,0,60
kor_Hang,363,1,13
kor_Hang,363,2,13
kor_Hang,363,3,13
kor_Hang,363,4,13
kor_Hang,363,5,13
kor_Hang,363,6,19
kor_Hang,363,7,13
kor_Hang,363,8,13
kor_Hang,363,9,13
kor_Hang,363,10,13
kor_Hang,363,11,13
kor_Hang,363,12,13
kor_Hang,363,13,19
kor_Hang,363,14,13
kor_Hang,363,15,13
kor_Hang,363,16,13
kor_Hang,363,17,13
kor_Hang,363,18,13
kor_Hang,363,19,13
kor_Hang,363,20,13
kor_Hang,363,21,19
kor_Hang,363,22,34
kor_Hang,363,23,34
kor_Hang,363,24,13
kor_Hang,363,25,13
kor_Hang,363,26,24
kor_Hang,363,27,13
kor_Hang,363,28,34
kor_Hang,363,29,19
kor_Hang,363,30,34
kor_Hang,363,31,34
kor_Hang,364,0,60
kor_Hang,364,1,52
kor_Hang,364,2,52
kor_Hang,364,3,52
kor_Hang,364,4,52
kor_Hang,364,5,13
kor_Hang,364,6,13
kor_Hang,364,7,13
kor_Hang,364,8,13
kor_Hang,364,9,13
kor_Hang,364,10,13
kor_Hang,364,11,13
kor_Hang,364,12,13
kor_Hang,364,13,13
kor_Hang,364,14,47
kor_Hang,364,15,13
kor_Hang,364,16,13
kor_Hang,364,17,13
kor_Hang,364,18,13
kor_Hang,364,19,13
kor_Hang,364,20,19
kor_Hang,364,21,13
kor_Hang,364,22,13
kor_Hang,364,23,13
kor_Hang,364,24,13
kor_Hang,364,25,13
kor_Hang,364,26,13
kor_Hang,364,27,13
kor_Hang,364,28,13
kor_Hang,364,29,13
kor_Hang,364,30,13
kor_Hang,364,31,13
kor_Hang,364,32,13
kor_Hang,364,33,13
kor_Hang,364,34,13
kor_Hang,364,35,13
kor_Hang,364,36,13
kor_Hang,364,37,13
kor_Hang,364,38,19
kor_Hang,364,39,13
kor_Hang,364,40,13
kor_Hang,364,41,13
kor_Hang,364,42,13
kor_Hang,364,43,13
kor_Hang,364,44,19
kor_Hang,364,45,13
kor_Hang,364,46,13
kor_Hang,364,47,47
kor_Hang,364,48,13
kor_Hang,364,49,13
kor_Hang,364,50,13
kor_Hang,364,51,13
kor_Hang,364,52,13
kor_Hang,364,53,13
kor_Hang,364,54,13
kor_Hang,364,55,13
kor_Hang,364,56,13
kor_Hang,364,57,34
kor_Hang,364,58,13
kor_Hang,364,59,34
kor_Hang,365,0,60
kor_Hang,365,1,43
kor_Hang,365,2,60
kor_Hang,365,3,12
kor_Hang,365,4,13
kor_Hang,365,5,13
kor_Hang,365,6,13
kor_Hang,365,7,47
kor_Hang,365,8,47
kor_Hang,365,9,13
kor_Hang,365,10,13
kor_Hang,365,11,13
kor_Hang,365,12,13
kor_Hang,365,13,22
kor_Hang,365,14,13
kor_Hang,365,15,52
kor_Hang,365,16,52
kor_Hang,365,17,13
kor_Hang,365,18,13
kor_Hang,365,19,47
kor_Hang,365,20,13
kor_Hang,365,21,13
kor_Hang,365,22,13
kor_Hang,365,23,13
kor_Hang,365,24,13
kor_Hang,365,25,13
kor_Hang,365,26,19
kor_Hang,365,27,13
kor_Hang,365,28,13
kor_Hang,365,29,13
kor_Hang,365,30,13
kor_Hang,365,31,13
kor_Hang,365,32,13
kor_Hang,365,33,13
kor_Hang,365,34,19
kor_Hang,365,35,13
kor_Hang,365,36,13
kor_Hang,365,37,34
kor_Hang,365,38,13
kor_Hang,365,39,34
kor_Hang,365,40,13
kor_Hang,365,41,34
kor_Hang,366,0,60
kor_Hang,366,1,19
kor_Hang,366,2,13
kor_Hang,366,3,13
kor_Hang,366,4,19
kor_Hang,366,5,13
kor_Hang,366,6,47
kor_Hang,366,7,13
kor_Hang,366,8,13
kor_Hang,366,9,19
kor_Hang,366,10,13
kor_Hang,366,11,12
kor_Hang,366,12,13
kor_Hang,366,13,13
kor_Hang,366,14,13
kor_Hang,366,15,19
kor_Hang,366,16,58
kor_Hang,366,17,13
kor_Hang,366,18,19
kor_Hang,366,19,13
kor_Hang,366,20,13
kor_Hang,366,21,13
kor_Hang,366,22,13
kor_Hang,366,23,13
kor_Hang,366,24,13
kor_Hang,366,25,13
kor_Hang,366,26,13
kor_Hang,366,27,13
kor_Hang,366,28,13
kor_Hang,366,29,13
kor_Hang,366,30,13
kor_Hang,366,31,13
kor_Hang,366,32,13
kor_Hang,366,33,13
kor_Hang,366,34,19
kor_Hang,366,35,13
kor_Hang,367,0,60
kor_Hang,367,1,9
kor_Hang,367,2,11
kor_Hang,367,3,9
kor_Hang,367,4,13
kor_Hang,367,5,19
kor_Hang,367,6,13
kor_Hang,367,7,19
kor_Hang,367,8,13
kor_Hang,367,9,13
kor_Hang,367,10,47
kor_Hang,367,11,13
kor_Hang,367,12,42
kor_Hang,367,13,13
kor_Hang,367,14,13
kor_Hang,367,15,13
kor_Hang,367,16,19
kor_Hang,367,17,13
kor_Hang,367,18,13
kor_Hang,367,19,13
kor_Hang,367,20,19
kor_Hang,367,21,13
kor_Hang,367,22,13
kor_Hang,367,23,13
kor_Hang,367,24,13
kor_Hang,367,25,13
kor_Hang,367,26,13
kor_Hang,367,27,13
kor_Hang,367,28,13
kor_Hang,367,29,13
kor_Hang,367,30,19
kor_Hang,367,31,13
kor_Hang,367,32,13
kor_Hang,367,33,13
kor_Hang,367,34,13
kor_Hang,367,35,34
kor_Hang,368,0,60
kor_Hang,368,1,13
kor_Hang,368,2,13
kor_Hang,368,3,13
kor_Hang,368,4,13
kor_Hang,368,5,13
kor_Hang,368,6,13
kor_Hang,368,7,13
kor_Hang,368,8,13
kor_Hang,368,9,13
kor_Hang,368,10,19
kor_Hang,368,11,13
kor_Hang,368,12,47
kor_Hang,368,13,13
kor_Hang,368,14,13
kor_Hang,368,15,47
kor_Hang,368,16,47
kor_Hang,368,17,13
kor_Hang,368,18,47
kor_Hang,368,19,13
kor_Hang,368,20,13
kor_Hang,368,21,13
kor_Hang,368,22,13
kor_Hang,368,23,13
kor_Hang,368,24,47
kor_Hang,368,25,13
kor_Hang,368,26,19
kor_Hang,368,27,13
kor_Hang,368,28,13
kor_Hang,368,29,13
kor_Hang,368,30,61
kor_Hang,368,31,13
kor_Hang,368,32,13
kor_Hang,368,33,13
kor_Hang,368,34,13
kor_Hang,368,35,13
kor_Hang,368,36,13
kor_Hang,368,37,13
kor_Hang,368,38,13
kor_Hang,368,39,13
kor_Hang,368,40,13
kor_Hang,368,41,13
kor_Hang,368,42,13
kor_Hang,368,43,13
kor_Hang,368,44,13
kor_Hang,368,45,13
kor_Hang,368,46,13
kor_Hang,368,47,13
kor_Hang,368,48,13
kor_Hang,368,49,13
kor_Hang,368,50,13
kor_Hang,368,51,13
kor_Hang,368,52,13
kor_Hang,368,53,13
kor_Hang,368,54,13
kor_Hang,368,55,13
kor_Hang,368,56,19
kor_Hang,368,57,13
kor_Hang,368,58,13
kor_Hang,368,59,13
kor_Hang,368,60,13
kor_Hang,368,61,13
kor_Hang,368,62,34
kor_Hang,368,63,13
kor_Hang,368,64,13
kor_Hang,368,65,19
kor_Hang,368,66,34
kor_Hang,368,67,34
kor_Hang,368,68,34
kor_Hang,368,69,34
eng_Latn,369,0,60
eng_Latn,369,1,6
eng_Latn,369,2,48
eng_Latn,369,3,18
eng_Latn,369,4,63
kor_Hang,370,0,60
kor_Hang,370,1,13
kor_Hang,370,2,19
kor_Hang,370,3,13
kor_Hang,370,4,13
kor_Hang,370,5,13
kor_Hang,370,6,13
kor_Hang,370,7,13
kor_Hang,370,8,13
kor_Hang,370,9,13
kor_Hang,370,10,13
kor_Hang,370,11,13
kor_Hang,370,12,13
kor_Hang,370,13,13
kor_Hang,370,14,13
kor_Hang,370,15,13
kor_Hang,370,16,13
kor_Hang,370,17,13
kor_Hang,370,18,13
kor_Hang,370,19,13
kor_Hang,370,20,13
kor_Hang,370,21,13
kor_Hang,370,22,13
kor_Hang,370,23,13
kor_Hang,370,24,13
kor_Hang,370,25,13
kor_Hang,370,26,13
kor_Hang,370,27,13
kor_Hang,370,28,47
kor_Hang,370,29,19
kor_Hang,370,30,13
kor_Hang,370,31,19
kor_Hang,370,32,13
kor_Hang,370,33,13
kor_Hang,370,34,13
kor_Hang,370,35,13
kor_Hang,370,36,13
kor_Hang,370,37,13
kor_Hang,370,38,13
kor_Hang,370,39,19
kor_Hang,370,40,13
kor_Hang,370,41,13
kor_Hang,370,42,13
kor_Hang,370,43,19
kor_Hang,370,44,13
kor_Hang,370,45,61
kor_Hang,370,46,19
kor_Hang,370,47,13
kor_Hang,370,48,13
kor_Hang,370,49,13
kor_Hang,370,50,13
kor_Hang,370,51,13
kor_Hang,370,52,13
kor_Hang,370,53,34
kor_Hang,370,54,13
kor_Hang,370,55,34
kor_Hang,370,56,34
kor_Hang,370,57,34
kor_Hang,371,0,60
kor_Hang,371,1,13
kor_Hang,371,2,19
kor_Hang,371,3,13
kor_Hang,371,4,13
kor_Hang,371,5,13
kor_Hang,371,6,19
kor_Hang,371,7,9
kor_Hang,371,8,13
kor_Hang,371,9,13
kor_Hang,371,10,13
kor_Hang,371,11,52
kor_Hang,371,12,52
kor_Hang,371,13,13
kor_Hang,371,14,13
kor_Hang,371,15,19
kor_Hang,371,16,13
kor_Hang,371,17,13
kor_Hang,371,18,13
kor_Hang,371,19,13
kor_Hang,371,20,13
kor_Hang,371,21,13
kor_Hang,371,22,61
kor_Hang,371,23,19
kor_Hang,371,24,13
kor_Hang,371,25,13
kor_Hang,371,26,13
kor_Hang,371,27,13
kor_Hang,371,28,19
kor_Hang,371,29,13
kor_Hang,371,30,13
kor_Hang,371,31,13
kor_Hang,371,32,13
kor_Hang,371,33,13
kor_Hang,371,34,13
kor_Hang,371,35,13
kor_Hang,371,36,13
kor_Hang,371,37,34
kor_Hang,372,0,60
kor_Hang,372,1,47
kor_Hang,372,2,13
kor_Hang,372,3,13
kor_Hang,372,4,13
kor_Hang,372,5,13
kor_Hang,372,6,13
kor_Hang,372,7,13
kor_Hang,372,8,61
kor_Hang,372,9,13
kor_Hang,372,10,13
kor_Hang,372,11,12
kor_Hang,372,12,13
kor_Hang,372,13,19
kor_Hang,372,14,13
kor_Hang,372,15,13
kor_Hang,372,16,13
kor_Hang,372,17,13
kor_Hang,372,18,13
kor_Hang,372,19,13
kor_Hang,372,20,13
kor_Hang,372,21,13
kor_Hang,372,22,13
kor_Hang,372,23,13
kor_Hang,372,24,19
kor_Hang,372,25,13
kor_Hang,372,26,34
kor_Hang,372,27,42
kor_Hang,373,0,60
kor_Hang,373,1,13
kor_Hang,373,2,47
kor_Hang,373,3,47
kor_Hang,373,4,13
kor_Hang,373,5,13
kor_Hang,373,6,13
kor_Hang,373,7,13
kor_Hang,373,8,13
kor_Hang,373,9,19
kor_Hang,373,10,13
kor_Hang,373,11,13
kor_Hang,373,12,13
kor_Hang,373,13,13
kor_Hang,373,14,13
kor_Hang,373,15,13
kor_Hang,373,16,47
kor_Hang,373,17,13
kor_Hang,373,18,47
kor_Hang,373,19,13
kor_Hang,373,20,13
kor_Hang,373,21,13
kor_Hang,373,22,13
kor_Hang,373,23,19
kor_Hang,373,24,13
kor_Hang,373,25,13
kor_Hang,373,26,13
kor_Hang,373,27,13
kor_Hang,373,28,13
kor_Hang,373,29,19
kor_Hang,373,30,13
kor_Hang,373,31,13
kor_Hang,373,32,47
kor_Hang,373,33,13
kor_Hang,373,34,13
kor_Hang,373,35,13
kor_Hang,373,36,13
kor_Hang,373,37,13
kor_Hang,373,38,13
kor_Hang,373,39,13
kor_Hang,373,40,13
kor_Hang,373,41,13
kor_Hang,373,42,13
kor_Hang,373,43,13
kor_Hang,373,44,13
kor_Hang,373,45,13
kor_Hang,373,46,13
kor_Hang,373,47,13
kor_Hang,373,48,34
kor_Hang,373,49,34
kor_Hang,374,0,60
kor_Hang,374,1,13
kor_Hang,374,2,13
kor_Hang,374,3,13
kor_Hang,374,4,47
kor_Hang,374,5,19
kor_Hang,374,6,13
kor_Hang,374,7,13
kor_Hang,374,8,13
kor_Hang,374,9,47
kor_Hang,374,10,13
kor_Hang,374,11,47
kor_Hang,374,12,39
kor_Hang,374,13,13
kor_Hang,374,14,19
kor_Hang,374,15,13
kor_Hang,374,16,13
kor_Hang,374,17,19
kor_Hang,374,18,13
kor_Hang,374,19,39
kor_Hang,374,20,1
kor_Hang,374,21,39
kor_Hang,374,22,13
kor_Hang,374,23,47
kor_Hang,374,24,13
kor_Hang,374,25,47
kor_Hang,374,26,19
kor_Hang,374,27,13
kor_Hang,374,28,39
kor_Hang,374,29,19
kor_Hang,374,30,13
kor_Hang,374,31,19
kor_Hang,374,32,19
kor_Hang,374,33,13
kor_Hang,374,34,13
kor_Hang,374,35,61
kor_Hang,374,36,52
kor_Hang,374,37,13
kor_Hang,374,38,1
kor_Hang,374,39,52
kor_Hang,375,0,60
kor_Hang,375,1,13
kor_Hang,375,2,13
kor_Hang,375,3,13
kor_Hang,375,4,13
kor_Hang,375,5,19
kor_Hang,375,6,13
kor_Hang,375,7,13
kor_Hang,375,8,13
kor_Hang,375,9,47
kor_Hang,375,10,13
kor_Hang,375,11,47
kor_Hang,375,12,13
kor_Hang,375,13,13
kor_Hang,375,14,13
kor_Hang,375,15,13
kor_Hang,375,16,13
kor_Hang,375,17,13
kor_Hang,375,18,13
kor_Hang,375,19,47
kor_Hang,375,20,13
kor_Hang,375,21,13
kor_Hang,375,22,13
kor_Hang,375,23,13
kor_Hang,375,24,13
kor_Hang,375,25,13
kor_Hang,375,26,13
kor_Hang,375,27,13
kor_Hang,375,28,13
kor_Hang,375,29,13
kor_Hang,375,30,13
kor_Hang,375,31,13
kor_Hang,375,32,13
kor_Hang,375,33,13
kor_Hang,375,34,19
kor_Hang,375,35,13
kor_Hang,375,36,13
kor_Hang,375,37,13
kor_Hang,375,38,13
kor_Hang,375,39,13
kor_Hang,375,40,13
kor_Hang,375,41,13
kor_Hang,375,42,13
kor_Hang,375,43,13
kor_Hang,375,44,19
kor_Hang,375,45,34
kor_Hang,375,46,13
kor_Hang,375,47,13
kor_Hang,375,48,13
kor_Hang,375,49,13
kor_Hang,375,50,13
kor_Hang,375,51,13
kor_Hang,375,52,13
kor_Hang,375,53,13
kor_Hang,375,54,13
kor_Hang,375,55,61
kor_Hang,375,56,19
kor_Hang,375,57,13
kor_Hang,375,58,47
kor_Hang,375,59,19
kor_Hang,375,60,13
kor_Hang,375,61,13
kor_Hang,375,62,13
kor_Hang,375,63,19
kor_Hang,375,64,13
kor_Hang,375,65,47
kor_Hang,375,66,19
kor_Hang,375,67,13
kor_Hang,375,68,13
kor_Hang,375,69,13
kor_Hang,375,70,13
kor_Hang,375,71,13
kor_Hang,375,72,13
kor_Hang,375,73,19
kor_Hang,375,74,34
kor_Hang,375,75,34
kor_Hang,375,76,34
kor_Hang,375,77,34
kor_Hang,376,0,60
kor_Hang,376,1,13
kor_Hang,376,2,19
kor_Hang,376,3,13
kor_Hang,376,4,13
kor_Hang,376,5,13
kor_Hang,376,6,13
kor_Hang,376,7,13
kor_Hang,376,8,13
kor_Hang,376,9,19
kor_Hang,376,10,13
kor_Hang,376,11,13
kor_Hang,376,12,13
kor_Hang,376,13,13
kor_Hang,376,14,13
kor_Hang,376,15,13
kor_Hang,376,16,13
kor_Hang,376,17,13
kor_Hang,376,18,47
kor_Hang,376,19,13
kor_Hang,376,20,19
kor_Hang,376,21,34
kor_Hang,376,22,13
kor_Hang,376,23,13
kor_Hang,376,24,13
kor_Hang,376,25,13
kor_Hang,376,26,13
kor_Hang,376,27,13
kor_Hang,376,28,13
kor_Hang,376,29,13
kor_Hang,376,30,13
kor_Hang,376,31,19
kor_Hang,376,32,13
kor_Hang,376,33,13
kor_Hang,376,34,13
kor_Hang,376,35,13
kor_Hang,376,36,13
kor_Hang,376,37,47
kor_Hang,376,38,13
kor_Hang,376,39,19
kor_Hang,376,40,13
kor_Hang,376,41,13
kor_Hang,376,42,19
kor_Hang,376,43,13
kor_Hang,376,44,13
kor_Hang,376,45,13
kor_Hang,376,46,13
kor_Hang,376,47,13
kor_Hang,376,48,13
kor_Hang,376,49,61
kor_Hang,376,50,13
kor_Hang,376,51,13
kor_Hang,376,52,47
kor_Hang,376,53,19
kor_Hang,376,54,13
kor_Hang,376,55,13
kor_Hang,376,56,13
kor_Hang,376,57,34
kor_Hang,377,0,60
kor_Hang,377,1,13
kor_Hang,377,2,13
kor_Hang,377,3,13
kor_Hang,377,4,13
kor_Hang,377,5,13
kor_Hang,377,6,13
kor_Hang,377,7,47
kor_Hang,377,8,13
kor_Hang,377,9,13
kor_Hang,377,10,13
kor_Hang,377,11,47
kor_Hang,377,12,13
kor_Hang,377,13,13
kor_Hang,377,14,13
kor_Hang,377,15,13
kor_Hang,377,16,13
kor_Hang,377,17,13
kor_Hang,377,18,13
kor_Hang,377,19,13
kor_Hang,377,20,13
kor_Hang,377,21,13
kor_Hang,377,22,13
kor_Hang,377,23,13
kor_Hang,377,24,13
kor_Hang,377,25,13
kor_Hang,377,26,39
kor_Hang,377,27,47
kor_Hang,377,28,47
kor_Hang,377,29,47
kor_Hang,377,30,13
kor_Hang,377,31,13
kor_Hang,377,32,13
kor_Hang,377,33,13
kor_Hang,377,34,13
kor_Hang,377,35,19
kor_Hang,377,36,34
kor_Hang,377,37,13
kor_Hang,377,38,13
kor_Hang,377,39,13
kor_Hang,377,40,13
kor_Hang,377,41,13
kor_Hang,377,42,13
kor_Hang,377,43,13
kor_Hang,377,44,13
kor_Hang,377,45,51
kor_Hang,378,0,60
kor_Hang,378,1,47
kor_Hang,378,2,13
kor_Hang,378,3,13
kor_Hang,378,4,13
kor_Hang,378,5,13
kor_Hang,378,6,13
kor_Hang,378,7,13
kor_Hang,378,8,13
kor_Hang,378,9,19
kor_Hang,378,10,13
kor_Hang,378,11,47
kor_Hang,378,12,47
kor_Hang,378,13,39
kor_Hang,378,14,47
kor_Hang,378,15,13
kor_Hang,378,16,47
kor_Hang,378,17,13
kor_Hang,378,18,13
kor_Hang,378,19,47
kor_Hang,378,20,13
kor_Hang,378,21,19
kor_Hang,378,22,13
kor_Hang,378,23,13
kor_Hang,378,24,13
kor_Hang,378,25,12
kor_Hang,378,26,13
kor_Hang,378,27,13
kor_Hang,378,28,13
kor_Hang,378,29,13
kor_Hang,378,30,13
kor_Hang,378,31,13
kor_Hang,378,32,13
kor_Hang,378,33,13
kor_Hang,378,34,13
kor_Hang,378,35,13
kor_Hang,378,36,13
kor_Hang,378,37,13
kor_Hang,378,38,13
kor_Hang,378,39,19
kor_Hang,378,40,13
kor_Hang,378,41,47
kor_Hang,378,42,47
kor_Hang,378,43,13
kor_Hang,378,44,13
kor_Hang,378,45,34
kor_Hang,379,0,60
kor_Hang,379,1,13
kor_Hang,379,2,13
kor_Hang,379,3,13
kor_Hang,379,4,13
kor_Hang,379,5,19
kor_Hang,379,6,13
kor_Hang,379,7,13
kor_Hang,379,8,13
kor_Hang,379,9,13
kor_Hang,379,10,13
kor_Hang,379,11,61
kor_Hang,379,12,13
kor_Hang,379,13,19
kor_Hang,379,14,13
kor_Hang,379,15,13
kor_Hang,379,16,19
kor_Hang,379,17,13
kor_Hang,379,18,13
kor_Hang,379,19,13
kor_Hang,379,20,19
kor_Hang,379,21,13
kor_Hang,379,22,13
kor_Hang,379,23,19
kor_Hang,379,24,13
kor_Hang,379,25,13
kor_Hang,379,26,13
kor_Hang,379,27,13
kor_Hang,379,28,13
kor_Hang,379,29,13
kor_Hang,379,30,13
kor_Hang,379,31,13
kor_Hang,379,32,13
kor_Hang,379,33,47
kor_Hang,379,34,19
kor_Hang,379,35,13
kor_Hang,379,36,19
kor_Hang,379,37,13
kor_Hang,379,38,13
kor_Hang,379,39,13
kor_Hang,379,40,13
kor_Hang,379,41,13
kor_Hang,379,42,13
kor_Hang,379,43,13
kor_Hang,379,44,13
kor_Hang,379,45,47
kor_Hang,379,46,13
kor_Hang,379,47,19
kor_Hang,379,48,13
kor_Hang,379,49,13
kor_Hang,379,50,13
kor_Hang,379,51,13
kor_Hang,379,52,13
kor_Hang,379,53,13
kor_Hang,379,54,13
kor_Hang,379,55,47
kor_Hang,379,56,13
kor_Hang,379,57,13
kor_Hang,379,58,13
kor_Hang,379,59,13
kor_Hang,379,60,13
kor_Hang,379,61,13
kor_Hang,379,62,13
kor_Hang,379,63,13
kor_Hang,379,64,34
kor_Hang,379,65,19
kor_Hang,379,66,13
kor_Hang,379,67,34
kor_Hang,380,0,60
kor_Hang,380,1,13
kor_Hang,380,2,13
kor_Hang,380,3,19
kor_Hang,380,4,13
kor_Hang,380,5,13
kor_Hang,380,6,13
kor_Hang,380,7,13
kor_Hang,380,8,13
kor_Hang,380,9,13
kor_Hang,380,10,13
kor_Hang,380,11,13
kor_Hang,380,12,13
kor_Hang,380,13,47
kor_Hang,380,14,13
kor_Hang,380,15,1
kor_Hang,380,16,39
kor_Hang,380,17,61
kor_Hang,380,18,19
kor_Hang,380,19,13
kor_Hang,380,20,13
kor_Hang,380,21,19
kor_Hang,380,22,39
kor_Hang,380,23,19
kor_Hang,380,24,7
kor_Hang,380,25,13
kor_Hang,380,26,13
kor_Hang,380,27,13
kor_Hang,380,28,19
kor_Hang,380,29,13
kor_Hang,380,30,13
kor_Hang,380,31,13
kor_Hang,380,32,13
kor_Hang,380,33,13
kor_Hang,380,34,61
kor_Hang,380,35,27
kor_Hang,380,36,13
kor_Hang,380,37,13
kor_Hang,380,38,19
kor_Hang,380,39,13
kor_Hang,380,40,13
kor_Hang,380,41,13
kor_Hang,380,42,13
kor_Hang,380,43,13
kor_Hang,380,44,13
kor_Hang,380,45,13
kor_Hang,380,46,13
kor_Hang,380,47,13
kor_Hang,380,48,13
kor_Hang,380,49,13
kor_Hang,380,50,13
kor_Hang,380,51,13
kor_Hang,380,52,13
kor_Hang,380,53,13
kor_Hang,380,54,13
kor_Hang,380,55,13
kor_Hang,380,56,13
kor_Hang,380,57,13
kor_Hang,380,58,47
kor_Hang,380,59,13
kor_Hang,380,60,13
kor_Hang,381,0,60
kor_Hang,381,1,19
kor_Hang,381,2,13
kor_Hang,381,3,13
kor_Hang,381,4,19
kor_Hang,381,5,13
kor_Hang,381,6,19
kor_Hang,381,7,13
kor_Hang,381,8,13
kor_Hang,381,9,13
kor_Hang,381,10,13
kor_Hang,381,11,13
kor_Hang,381,12,13
kor_Hang,381,13,19
kor_Hang,381,14,13
kor_Hang,381,15,13
kor_Hang,381,16,13
kor_Hang,381,17,13
kor_Hang,381,18,13
kor_Hang,381,19,13
kor_Hang,381,20,34
kor_Hang,381,21,13
kor_Hang,381,22,13
kor_Hang,381,23,13
kor_Hang,381,24,51
kor_Hang,381,25,51
kor_Hang,382,0,60
kor_Hang,382,1,13
kor_Hang,382,2,13
kor_Hang,382,3,13
kor_Hang,382,4,47
kor_Hang,382,5,19
kor_Hang,382,6,39
kor_Hang,382,7,13
kor_Hang,382,8,19
kor_Hang,382,9,13
kor_Hang,382,10,13
kor_Hang,382,11,13
kor_Hang,382,12,13
kor_Hang,382,13,47
kor_Hang,382,14,13
kor_Hang,382,15,13
kor_Hang,382,16,13
kor_Hang,382,17,13
kor_Hang,382,18,61
kor_Hang,382,19,13
kor_Hang,382,20,13
kor_Hang,382,21,12
kor_Hang,382,22,13
kor_Hang,382,23,13
kor_Hang,382,24,13
kor_Hang,382,25,13
kor_Hang,382,26,13
kor_Hang,382,27,19
kor_Hang,382,28,19
kor_Hang,382,29,13
kor_Hang,382,30,47
kor_Hang,382,31,13
kor_Hang,382,32,47
kor_Hang,382,33,19
kor_Hang,382,34,13
kor_Hang,382,35,13
kor_Hang,382,36,19
kor_Hang,382,37,13
kor_Hang,382,38,13
kor_Hang,382,39,13
kor_Hang,382,40,13
kor_Hang,382,41,13
kor_Hang,382,42,47
kor_Hang,382,43,13
kor_Hang,382,44,13
kor_Hang,382,45,13
kor_Hang,382,46,13
kor_Hang,382,47,13
kor_Hang,382,48,13
kor_Hang,382,49,34
kor_Hang,382,50,13
kor_Hang,382,51,13
kor_Hang,382,52,34
kor_Hang,383,0,60
kor_Hang,383,1,47
kor_Hang,383,2,13
kor_Hang,383,3,39
kor_Hang,383,4,13
kor_Hang,383,5,13
kor_Hang,383,6,13
kor_Hang,383,7,13
kor_Hang,383,8,13
kor_Hang,383,9,13
kor_Hang,383,10,13
kor_Hang,383,11,13
kor_Hang,383,12,13
kor_Hang,383,13,13
kor_Hang,383,14,13
kor_Hang,383,15,13
kor_Hang,383,16,13
kor_Hang,383,17,13
kor_Hang,383,18,13
kor_Hang,383,19,13
kor_Hang,383,20,13
kor_Hang,383,21,13
kor_Hang,383,22,13
kor_Hang,383,23,19
kor_Hang,383,24,13
kor_Hang,383,25,13
kor_Hang,383,26,19
kor_Hang,383,27,13
kor_Hang,383,28,52
kor_Hang,383,29,52
kor_Hang,383,30,37
kor_Hang,383,31,24
kor_Hang,383,32,13
kor_Hang,383,33,13
kor_Hang,383,34,19
kor_Hang,383,35,13
kor_Hang,383,36,1
kor_Hang,383,37,13
kor_Hang,383,38,13
kor_Hang,383,39,13
kor_Hang,383,40,13
kor_Hang,383,41,13
kor_Hang,383,42,13
kor_Hang,383,43,13
kor_Hang,383,44,19
kor_Hang,383,45,13
kor_Hang,383,46,47
kor_Hang,383,47,19
kor_Hang,383,48,34
kor_Hang,383,49,13
kor_Hang,383,50,34
kor_Hang,383,51,13
kor_Hang,383,52,13
kor_Hang,383,53,19
kor_Hang,383,54,13
kor_Hang,383,55,13
kor_Hang,383,56,34
kor_Hang,383,57,13
kor_Hang,383,58,34
eng_Latn,384,0,60
eng_Latn,384,1,56
eng_Latn,384,2,56
eng_Latn,384,3,52
eng_Latn,384,4,57
eng_Latn,384,5,52
eng_Latn,384,6,52
eng_Latn,384,7,57
eng_Latn,384,8,23
eng_Latn,384,9,4
kor_Hang,385,0,60
kor_Hang,385,1,13
kor_Hang,385,2,13
kor_Hang,385,3,19
kor_Hang,385,4,13
kor_Hang,385,5,13
kor_Hang,385,6,13
kor_Hang,385,7,13
kor_Hang,385,8,47
kor_Hang,385,9,13
kor_Hang,385,10,13
kor_Hang,385,11,13
kor_Hang,385,12,13
kor_Hang,385,13,13
kor_Hang,385,14,13
kor_Hang,385,15,13
kor_Hang,385,16,13
kor_Hang,385,17,13
kor_Hang,385,18,13
kor_Hang,385,19,13
kor_Hang,385,20,52
eng_Latn,386,0,60
eng_Latn,386,1,4
eng_Latn,386,2,54
eng_Latn,386,3,48
eng_Latn,386,4,9
eng_Latn,386,5,56
eng_Latn,386,6,35
eng_Latn,386,7,35
eng_Latn,386,8,57
eng_Latn,386,9,2
eng_Latn,386,10,27
eng_Latn,386,11,26
eng_Latn,386,12,50
eng_Latn,386,13,16
kor_Hang,387,0,60
kor_Hang,387,1,13
kor_Hang,387,2,13
kor_Hang,387,3,13
kor_Hang,387,4,13
kor_Hang,387,5,13
kor_Hang,387,6,47
kor_Hang,387,7,19
kor_Hang,387,8,19
kor_Hang,387,9,13
kor_Hang,387,10,19
kor_Hang,387,11,13
kor_Hang,387,12,13
kor_Hang,387,13,13
kor_Hang,387,14,13
kor_Hang,387,15,13
kor_Hang,387,16,61
kor_Hang,387,17,19
kor_Hang,387,18,13
kor_Hang,387,19,19
kor_Hang,387,20,39
kor_Hang,387,21,39
kor_Hang,387,22,13
kor_Hang,387,23,13
kor_Hang,387,24,13
kor_Hang,387,25,19
kor_Hang,387,26,13
kor_Hang,387,27,13
kor_Hang,387,28,13
kor_Hang,387,29,19
kor_Hang,387,30,13
kor_Hang,387,31,19
kor_Hang,387,32,13
kor_Hang,387,33,13
kor_Hang,387,34,13
kor_Hang,387,35,13
kor_Hang,387,36,19
kor_Hang,387,37,13
kor_Hang,387,38,19
kor_Hang,387,39,13
kor_Hang,387,40,13
kor_Hang,387,41,19
kor_Hang,387,42,13
kor_Hang,387,43,13
kor_Hang,387,44,13
kor_Hang,387,45,13
kor_Hang,387,46,13
kor_Hang,387,47,26
kor_Hang,387,48,13
kor_Hang,387,49,13
kor_Hang,387,50,13
kor_Hang,387,51,13
kor_Hang,387,52,13
kor_Hang,387,53,13
kor_Hang,387,54,13
kor_Hang,387,55,47
kor_Hang,387,56,13
kor_Hang,387,57,13
kor_Hang,387,58,13
kor_Hang,388,0,60
kor_Hang,388,1,13
kor_Hang,388,2,13
kor_Hang,388,3,13
kor_Hang,388,4,13
kor_Hang,388,5,61
kor_Hang,388,6,13
kor_Hang,388,7,13
kor_Hang,388,8,13
kor_Hang,388,9,13
kor_Hang,388,10,13
kor_Hang,388,11,19
kor_Hang,388,12,13
kor_Hang,388,13,19
kor_Hang,388,14,34
kor_Hang,388,15,13
kor_Hang,388,16,13
kor_Hang,388,17,13
kor_Hang,388,18,19
kor_Hang,388,19,34
kor_Hang,388,20,13
kor_Hang,388,21,13
kor_Hang,388,22,13
kor_Hang,388,23,19
kor_Hang,388,24,34
kor_Hang,388,25,9
kor_Hang,388,26,52
kor_Hang,389,0,60
kor_Hang,389,1,13
kor_Hang,389,2,13
kor_Hang,389,3,13
kor_Hang,389,4,13
kor_Hang,389,5,13
kor_Hang,389,6,19
kor_Hang,389,7,13
kor_Hang,389,8,13
kor_Hang,389,9,13
kor_Hang,389,10,13
kor_Hang,389,11,47
kor_Hang,389,12,13
kor_Hang,389,13,19
kor_Hang,389,14,13
kor_Hang,389,15,13
kor_Hang,389,16,13
kor_Hang,389,17,13
kor_Hang,389,18,13
kor_Hang,389,19,61
kor_Hang,389,20,19
kor_Hang,389,21,13
kor_Hang,389,22,47
kor_Hang,389,23,19
kor_Hang,389,24,13
kor_Hang,389,25,19
kor_Hang,389,26,13
kor_Hang,389,27,13
kor_Hang,389,28,13
kor_Hang,389,29,13
kor_Hang,389,30,13
kor_Hang,389,31,13
kor_Hang,389,32,13
kor_Hang,389,33,13
kor_Hang,389,34,13
kor_Hang,389,35,13
kor_Hang,389,36,13
kor_Hang,389,37,19
kor_Hang,389,38,13
kor_Hang,389,39,13
kor_Hang,389,40,13
kor_Hang,389,41,13
kor_Hang,389,42,13
kor_Hang,389,43,13
kor_Hang,389,44,13
kor_Hang,389,45,13
kor_Hang,389,46,13
kor_Hang,389,47,61
kor_Hang,389,48,19
kor_Hang,389,49,13
kor_Hang,389,50,13
kor_Hang,389,51,13
kor_Hang,389,52,61
kor_Hang,389,53,13
kor_Hang,389,54,13
kor_Hang,389,55,13
kor_Hang,389,56,13
kor_Hang,389,57,13
kor_Hang,389,58,34
kor_Hang,389,59,13
kor_Hang,389,60,13
kor_Hang,389,61,13
kor_Hang,389,62,13
kor_Hang,389,63,13
kor_Hang,389,64,13
kor_Hang,389,65,13
kor_Hang,389,66,13
kor_Hang,389,67,13
kor_Hang,389,68,13
kor_Hang,389,69,13
kor_Hang,389,70,13
kor_Hang,389,71,13
kor_Hang,389,72,13
kor_Hang,389,73,47
kor_Hang,389,74,13
kor_Hang,389,75,13
kor_Hang,389,76,19
kor_Hang,389,77,13
kor_Hang,389,78,13
kor_Hang,389,79,34
kor_Hang,390,0,60
kor_Hang,390,1,19
kor_Hang,390,2,13
kor_Hang,390,3,13
kor_Hang,390,4,13
kor_Hang,390,5,13
kor_Hang,390,6,13
kor_Hang,390,7,19
kor_Hang,390,8,13
kor_Hang,390,9,13
kor_Hang,390,10,13
kor_Hang,390,11,13
kor_Hang,390,12,13
kor_Hang,390,13,13
kor_Hang,390,14,34
kor_Hang,390,15,13
kor_Hang,390,16,13
kor_Hang,390,17,13
kor_Hang,390,18,13
kor_Hang,390,19,13
kor_Hang,390,20,34
kor_Hang,391,0,60
kor_Hang,391,1,13
kor_Hang,391,2,13
kor_Hang,391,3,13
kor_Hang,391,4,13
kor_Hang,391,5,13
kor_Hang,391,6,13
kor_Hang,391,7,13
kor_Hang,391,8,13
kor_Hang,391,9,13
kor_Hang,391,10,13
kor_Hang,391,11,47
kor_Hang,391,12,13
kor_Hang,391,13,47
kor_Hang,391,14,13
kor_Hang,391,15,13
kor_Hang,391,16,47
kor_Hang,391,17,13
kor_Hang,391,18,13
kor_Hang,391,19,13
kor_Hang,391,20,19
kor_Hang,391,21,13
kor_Hang,391,22,13
kor_Hang,391,23,13
kor_Hang,391,24,47
kor_Hang,391,25,13
kor_Hang,391,26,19
kor_Hang,391,27,13
kor_Hang,391,28,34
kor_Hang,392,0,60
kor_Hang,392,1,19
kor_Hang,392,2,13
kor_Hang,392,3,13
kor_Hang,392,4,13
kor_Hang,392,5,13
kor_Hang,392,6,13
kor_Hang,392,7,47
kor_Hang,392,8,13
kor_Hang,392,9,13
kor_Hang,392,10,13
kor_Hang,392,11,13
kor_Hang,392,12,13
kor_Hang,392,13,13
kor_Hang,392,14,13
kor_Hang,392,15,13
kor_Hang,392,16,13
kor_Hang,392,17,13
kor_Hang,392,18,13
kor_Hang,392,19,13
kor_Hang,392,20,19
kor_Hang,392,21,13
kor_Hang,392,22,19
kor_Hang,392,23,13
kor_Hang,392,24,47
kor_Hang,392,25,13
kor_Hang,392,26,13
kor_Hang,392,27,13
kor_Hang,392,28,13
kor_Hang,392,29,13
kor_Hang,392,30,13
kor_Hang,392,31,47
kor_Hang,392,32,13
kor_Hang,392,33,13
kor_Hang,392,34,13
kor_Hang,392,35,13
kor_Hang,392,36,13
kor_Hang,392,37,19
kor_Hang,392,38,13
kor_Hang,392,39,13
kor_Hang,392,40,13
kor_Hang,392,41,19
kor_Hang,392,42,13
kor_Hang,392,43,13
kor_Hang,392,44,13
kor_Hang,392,45,13
kor_Hang,392,46,13
kor_Hang,393,0,60
kor_Hang,393,1,13
kor_Hang,393,2,13
kor_Hang,393,3,13
kor_Hang,393,4,13
kor_Hang,393,5,13
kor_Hang,393,6,13
kor_Hang,393,7,13
kor_Hang,393,8,13
kor_Hang,393,9,13
kor_Hang,393,10,13
kor_Hang,393,11,19
kor_Hang,393,12,13
kor_Hang,393,13,13
kor_Hang,393,14,47
kor_Hang,393,15,13
kor_Hang,393,16,13
kor_Hang,393,17,13
kor_Hang,393,18,13
kor_Hang,393,19,13
kor_Hang,393,20,13
kor_Hang,393,21,13
kor_Hang,393,22,13
kor_Hang,393,23,19
kor_Hang,393,24,39
kor_Hang,393,25,61
kor_Hang,393,26,19
kor_Hang,393,27,13
kor_Hang,393,28,47
kor_Hang,393,29,19
kor_Hang,393,30,61
kor_Hang,393,31,19
kor_Hang,393,32,13
kor_Hang,393,33,13
kor_Hang,393,34,13
kor_Hang,393,35,13
kor_Hang,393,36,13
kor_Hang,393,37,47
kor_Hang,393,38,13
kor_Hang,393,39,19
kor_Hang,393,40,13
kor_Hang,393,41,12
kor_Hang,393,42,13
kor_Hang,393,43,47
kor_Hang,393,44,13
kor_Hang,393,45,13
kor_Hang,393,46,19
kor_Hang,393,47,13
kor_Hang,393,48,13
kor_Hang,393,49,19
kor_Hang,393,50,13
kor_Hang,393,51,13
kor_Hang,393,52,19
kor_Hang,393,53,13
kor_Hang,393,54,13
kor_Hang,393,55,13
kor_Hang,393,56,19
kor_Hang,393,57,13
kor_Hang,393,58,13
kor_Hang,393,59,13
kor_Hang,393,60,13
kor_Hang,393,61,13
kor_Hang,393,62,13
kor_Hang,393,63,13
kor_Hang,393,64,13
kor_Hang,393,65,13
kor_Hang,393,66,13
kor_Hang,393,67,19
kor_Hang,393,68,34
kor_Hang,393,69,13
kor_Hang,393,70,13
kor_Hang,393,71,34
kor_Hang,393,72,19
kor_Hang,393,73,34
kor_Hang,393,74,34
kor_Hang,394,0,60
kor_Hang,394,1,47
kor_Hang,394,2,19
kor_Hang,394,3,13
kor_Hang,394,4,13
kor_Hang,394,5,13
kor_Hang,394,6,19
kor_Hang,394,7,13
kor_Hang,394,8,13
kor_Hang,394,9,13
kor_Hang,394,10,19
kor_Hang,394,11,13
kor_Hang,394,12,13
kor_Hang,394,13,13
kor_Hang,394,14,13
kor_Hang,394,15,13
kor_Hang,394,16,13
kor_Hang,394,17,13
kor_Hang,394,18,13
kor_Hang,394,19,13
kor_Hang,394,20,13
kor_Hang,394,21,13
kor_Hang,394,22,13
kor_Hang,394,23,13
kor_Hang,394,24,13
kor_Hang,394,25,13
kor_Hang,394,26,19
kor_Hang,394,27,19
kor_Hang,394,28,19
kor_Hang,394,29,13
kor_Hang,394,30,13
kor_Hang,394,31,13
kor_Hang,394,32,19
kor_Hang,394,33,19
kor_Hang,394,34,19
kor_Hang,394,35,13
kor_Hang,394,36,13
kor_Hang,394,37,61
kor_Hang,394,38,47
kor_Hang,394,39,13
kor_Hang,394,40,13
kor_Hang,394,41,13
kor_Hang,394,42,13
kor_Hang,394,43,13
kor_Hang,394,44,19
kor_Hang,394,45,13
kor_Hang,394,46,13
kor_Hang,394,47,13
kor_Hang,394,48,13
kor_Hang,394,49,13
kor_Hang,394,50,13
kor_Hang,394,51,13
kor_Hang,394,52,19
kor_Hang,394,53,13
kor_Hang,394,54,13
kor_Hang,394,55,13
kor_Hang,394,56,13
kor_Hang,394,57,13
kor_Hang,394,58,13
kor_Hang,394,59,13
kor_Hang,394,60,13
kor_Hang,394,61,13
kor_Hang,394,62,13
kor_Hang,394,63,47
kor_Hang,394,64,47
kor_Hang,394,65,39
kor_Hang,394,66,13
kor_Hang,394,67,19
kor_Hang,394,68,13
kor_Hang,394,69,13
kor_Hang,394,70,19
kor_Hang,394,71,19
kor_Hang,394,72,13
kor_Hang,394,73,13
kor_Hang,394,74,13
kor_Hang,394,75,34
kor_Hang,395,0,60
kor_Hang,395,1,52
kor_Hang,395,2,13
kor_Hang,395,3,61
kor_Hang,395,4,13
kor_Hang,395,5,13
kor_Hang,395,6,13
kor_Hang,395,7,52
kor_Hang,395,8,52
kor_Hang,395,9,39
kor_Hang,395,10,47
kor_Hang,395,11,19
kor_Hang,395,12,13
kor_Hang,395,13,13
kor_Hang,395,14,61
kor_Hang,395,15,13
kor_Hang,395,16,13
kor_Hang,395,17,13
kor_Hang,395,18,19
kor_Hang,395,19,13
kor_Hang,395,20,13
kor_Hang,395,21,19
kor_Hang,395,22,13
kor_Hang,395,23,13
kor_Hang,395,24,52
kor_Hang,395,25,13
kor_Hang,395,26,13
kor_Hang,395,27,13
kor_Hang,395,28,13
kor_Hang,395,29,13
kor_Hang,395,30,13
kor_Hang,395,31,13
kor_Hang,395,32,13
kor_Hang,395,33,34
kor_Hang,395,34,34
kor_Hang,396,0,60
kor_Hang,396,1,13
kor_Hang,396,2,52
kor_Hang,396,3,52
kor_Hang,396,4,19
kor_Hang,396,5,13
kor_Hang,396,6,11
kor_Hang,396,7,13
kor_Hang,396,8,13
kor_Hang,396,9,13
kor_Hang,396,10,19
kor_Hang,396,11,13
kor_Hang,396,12,13
kor_Hang,396,13,13
kor_Hang,396,14,13
kor_Hang,396,15,13
kor_Hang,396,16,13
kor_Hang,396,17,47
kor_Hang,396,18,13
kor_Hang,396,19,13
kor_Hang,396,20,13
kor_Hang,396,21,13
kor_Hang,396,22,13
kor_Hang,396,23,13
kor_Hang,396,24,13
kor_Hang,396,25,13
kor_Hang,396,26,13
kor_Hang,396,27,47
kor_Hang,396,28,13
kor_Hang,396,29,13
kor_Hang,396,30,13
kor_Hang,396,31,13
kor_Hang,396,32,13
kor_Hang,396,33,13
kor_Hang,396,34,13
kor_Hang,396,35,47
kor_Hang,396,36,13
kor_Hang,396,37,13
kor_Hang,396,38,13
kor_Hang,396,39,47
kor_Hang,396,40,13
kor_Hang,396,41,13
kor_Hang,396,42,13
kor_Hang,396,43,13
kor_Hang,396,44,13
kor_Hang,396,45,19
kor_Hang,396,46,13
kor_Hang,396,47,34
eng_Latn,397,0,60
eng_Latn,397,1,16
eng_Latn,397,2,59
eng_Latn,397,3,19
eng_Latn,397,4,17
eng_Latn,397,5,53
eng_Latn,397,6,46
kor_Hang,398,0,60
kor_Hang,398,1,13
kor_Hang,398,2,13
kor_Hang,398,3,13
kor_Hang,398,4,13
kor_Hang,398,5,13
kor_Hang,398,6,13
kor_Hang,398,7,13
kor_Hang,398,8,13
kor_Hang,398,9,13
kor_Hang,398,10,19
kor_Hang,398,11,13
kor_Hang,398,12,47
kor_Hang,398,13,13
kor_Hang,398,14,13
kor_Hang,398,15,13
kor_Hang,398,16,13
kor_Hang,398,17,34
kor_Hang,399,0,60
kor_Hang,399,1,13
kor_Hang,399,2,13
kor_Hang,399,3,13
kor_Hang,399,4,13
kor_Hang,399,5,13
kor_Hang,399,6,13
kor_Hang,399,7,19
kor_Hang,399,8,13
kor_Hang,399,9,13
kor_Hang,399,10,13
kor_Hang,399,11,13
kor_Hang,399,12,47
kor_Hang,399,13,13
kor_Hang,399,14,13
kor_Hang,399,15,9
kor_Hang,399,16,13
kor_Hang,399,17,13
kor_Hang,399,18,34
kor_Hang,399,19,13
kor_Hang,399,20,47
kor_Hang,399,21,13
kor_Hang,399,22,13
kor_Hang,399,23,34
kor_Hang,399,24,13
kor_Hang,399,25,13
kor_Hang,399,26,34
kor_Hang,400,0,60
kor_Hang,400,1,47
kor_Hang,400,2,27
kor_Hang,400,3,13
kor_Hang,400,4,47
kor_Hang,400,5,61
kor_Hang,400,6,13
kor_Hang,400,7,13
kor_Hang,400,8,13
kor_Hang,400,9,13
kor_Hang,400,10,19
kor_Hang,400,11,61
kor_Hang,400,12,39
kor_Hang,400,13,13
kor_Hang,400,14,47
kor_Hang,400,15,13
kor_Hang,400,16,13
kor_Hang,400,17,19
kor_Hang,400,18,13
kor_Hang,400,19,13
kor_Hang,400,20,13
kor_Hang,400,21,13
kor_Hang,400,22,39
kor_Hang,400,23,19
kor_Hang,400,24,47
kor_Hang,400,25,19
kor_Hang,400,26,39
kor_Hang,400,27,19
kor_Hang,400,28,39
kor_Hang,400,29,47
kor_Hang,400,30,7
kor_Hang,401,0,60
kor_Hang,401,1,13
kor_Hang,401,2,13
kor_Hang,401,3,19
kor_Hang,401,4,13
kor_Hang,401,5,12
kor_Hang,401,6,13
kor_Hang,401,7,47
kor_Hang,401,8,47
kor_Hang,401,9,13
kor_Hang,401,10,19
kor_Hang,401,11,13
kor_Hang,401,12,19
kor_Hang,401,13,13
kor_Hang,401,14,19
kor_Hang,401,15,13
kor_Hang,401,16,13
kor_Hang,401,17,19
kor_Hang,401,18,13
kor_Hang,401,19,13
kor_Hang,401,20,13
kor_Hang,401,21,19
kor_Hang,401,22,13
kor_Hang,401,23,13
kor_Hang,401,24,13
kor_Hang,401,25,13
kor_Hang,401,26,13
kor_Hang,401,27,13
kor_Hang,401,28,47
kor_Hang,401,29,13
kor_Hang,401,30,13
kor_Hang,401,31,13
kor_Hang,401,32,13
kor_Hang,401,33,13
kor_Hang,401,34,13
kor_Hang,401,35,13
kor_Hang,401,36,13
kor_Hang,401,37,13
kor_Hang,401,38,13
kor_Hang,401,39,13
kor_Hang,401,40,13
kor_Hang,401,41,13
kor_Hang,401,42,19
kor_Hang,401,43,34
kor_Hang,401,44,13
kor_Hang,401,45,13
kor_Hang,401,46,19
kor_Hang,401,47,13
kor_Hang,401,48,19
kor_Hang,401,49,13
kor_Hang,401,50,34
kor_Hang,402,0,60
kor_Hang,402,1,13
kor_Hang,402,2,13
kor_Hang,402,3,13
kor_Hang,402,4,13
kor_Hang,402,5,19
kor_Hang,402,6,13
kor_Hang,402,7,13
kor_Hang,402,8,19
kor_Hang,402,9,34
kor_Hang,402,10,13
kor_Hang,402,11,13
kor_Hang,402,12,13
kor_Hang,402,13,13
kor_Hang,402,14,13
kor_Hang,402,15,13
kor_Hang,402,16,13
kor_Hang,402,17,13
kor_Hang,402,18,19
kor_Hang,402,19,13
kor_Hang,402,20,13
kor_Hang,402,21,13
kor_Hang,402,22,13
kor_Hang,402,23,13
kor_Hang,402,24,13
kor_Hang,402,25,13
kor_Hang,402,26,13
kor_Hang,402,27,13
kor_Hang,402,28,19
kor_Hang,402,29,13
kor_Hang,402,30,13
kor_Hang,402,31,13
kor_Hang,402,32,13
kor_Hang,402,33,13
kor_Hang,402,34,13
kor_Hang,402,35,36
kor_Hang,402,36,36
kor_Hang,402,37,13
kor_Hang,402,38,34
kor_Hang,402,39,13
kor_Hang,402,40,13
kor_Hang,402,41,13
kor_Hang,402,42,13
kor_Hang,402,43,47
kor_Hang,402,44,19
kor_Hang,402,45,13
kor_Hang,402,46,13
kor_Hang,402,47,13
kor_Hang,402,48,13
kor_Hang,402,49,13
kor_Hang,402,50,13
kor_Hang,402,51,13
kor_Hang,402,52,13
kor_Hang,402,53,13
kor_Hang,402,54,13
kor_Hang,402,55,13
kor_Hang,402,56,13
kor_Hang,402,57,34
kor_Hang,402,58,34
kor_Hang,403,0,60
kor_Hang,403,1,13
kor_Hang,403,2,13
kor_Hang,403,3,13
kor_Hang,403,4,13
kor_Hang,403,5,13
kor_Hang,403,6,19
kor_Hang,403,7,19
kor_Hang,403,8,47
kor_Hang,403,9,19
kor_Hang,403,10,13
kor_Hang,403,11,13
kor_Hang,403,12,19
kor_Hang,403,13,19
kor_Hang,403,14,19
kor_Hang,403,15,13
kor_Hang,403,16,47
kor_Hang,403,17,19
kor_Hang,403,18,13
kor_Hang,403,19,13
kor_Hang,403,20,13
kor_Hang,403,21,13
kor_Hang,403,22,19
kor_Hang,403,23,13
kor_Hang,403,24,13
kor_Hang,403,25,52
kor_Hang,403,26,42
kor_Hang,403,27,13
kor_Hang,404,0,60
kor_Hang,404,1,13
kor_Hang,404,2,13
kor_Hang,404,3,13
kor_Hang,404,4,13
kor_Hang,404,5,13
kor_Hang,404,6,13
kor_Hang,404,7,13
kor_Hang,404,8,13
kor_Hang,404,9,13
kor_Hang,404,10,13
kor_Hang,404,11,13
kor_Hang,404,12,13
kor_Hang,404,13,47
kor_Hang,404,14,13
kor_Hang,404,15,13
kor_Hang,404,16,13
kor_Hang,404,17,13
kor_Hang,404,18,13
kor_Hang,404,19,13
kor_Hang,404,20,13
kor_Hang,404,21,13
kor_Hang,404,22,13
kor_Hang,404,23,13
kor_Hang,404,24,13
kor_Hang,404,25,13
kor_Hang,404,26,13
kor_Hang,404,27,13
kor_Hang,404,28,13
kor_Hang,404,29,13
kor_Hang,404,30,13
kor_Hang,404,31,13
kor_Hang,404,32,19
kor_Hang,404,33,13
kor_Hang,404,34,13
kor_Hang,404,35,13
kor_Hang,404,36,13
kor_Hang,404,37,13
kor_Hang,404,38,13
kor_Hang,404,39,13
kor_Hang,404,40,13
kor_Hang,404,41,13
kor_Hang,404,42,13
kor_Hang,404,43,13
kor_Hang,404,44,13
kor_Hang,404,45,13
kor_Hang,404,46,34
kor_Hang,404,47,19
kor_Hang,404,48,34
kor_Hang,404,49,34
kor_Hang,405,0,60
kor_Hang,405,1,13
kor_Hang,405,2,13
kor_Hang,405,3,13
kor_Hang,405,4,47
kor_Hang,405,5,13
kor_Hang,405,6,13
kor_Hang,405,7,13
kor_Hang,405,8,13
kor_Hang,405,9,13
kor_Hang,405,10,19
kor_Hang,405,11,34
kor_Hang,405,12,13
kor_Hang,405,13,13
kor_Hang,405,14,13
kor_Hang,405,15,13
kor_Hang,405,16,34
kor_Hang,405,17,34
kor_Hang,405,18,13
kor_Hang,405,19,13
kor_Hang,405,20,13
kor_Hang,405,21,13
kor_Hang,405,22,19
kor_Hang,405,23,13
kor_Hang,405,24,13
kor_Hang,405,25,34
kor_Hang,405,26,19
kor_Hang,405,27,13
kor_Hang,405,28,13
kor_Hang,405,29,19
kor_Hang,405,30,13
kor_Hang,405,31,13
kor_Hang,405,32,13
kor_Hang,405,33,34
kor_Hang,405,34,13
kor_Hang,405,35,13
kor_Hang,405,36,13
kor_Hang,405,37,13
kor_Hang,405,38,19
kor_Hang,405,39,13
kor_Hang,405,40,13
kor_Hang,405,41,47
kor_Hang,405,42,13
kor_Hang,405,43,13
kor_Hang,405,44,13
kor_Hang,405,45,13
kor_Hang,405,46,13
kor_Hang,405,47,13
kor_Hang,405,48,13
kor_Hang,405,49,13
kor_Hang,405,50,13
kor_Hang,405,51,13
kor_Hang,405,52,13
kor_Hang,405,53,13
kor_Hang,405,54,34
kor_Hang,405,55,13
kor_Hang,405,56,13
kor_Hang,405,57,13
kor_Hang,405,58,34
kor_Hang,405,59,61
kor_Hang,405,60,13
kor_Hang,405,61,13
kor_Hang,405,62,13
kor_Hang,405,63,13
kor_Hang,405,64,19
kor_Hang,405,65,34
kor_Hang,405,66,4
kor_Hang,405,67,51
kor_Hang,405,68,19
kor_Hang,405,69,13
kor_Hang,405,70,34
kor_Hang,406,0,60
kor_Hang,406,1,13
kor_Hang,406,2,13
kor_Hang,406,3,13
kor_Hang,406,4,13
kor_Hang,406,5,13
kor_Hang,406,6,13
kor_Hang,406,7,13
kor_Hang,406,8,13
kor_Hang,406,9,13
kor_Hang,406,10,34
kor_Hang,406,11,13
kor_Hang,406,12,13
kor_Hang,406,13,13
kor_Hang,406,14,13
kor_Hang,406,15,13
kor_Hang,406,16,13
kor_Hang,406,17,47
kor_Hang,406,18,13
kor_Hang,406,19,13
kor_Hang,406,20,19
kor_Hang,406,21,13
kor_Hang,406,22,13
kor_Hang,406,23,19
kor_Hang,406,24,19
kor_Hang,406,25,47
kor_Hang,406,26,19
kor_Hang,406,27,13
kor_Hang,406,28,13
kor_Hang,406,29,13
kor_Hang,406,30,26
kor_Hang,406,31,47
kor_Hang,406,32,13
kor_Hang,406,33,13
kor_Hang,406,34,13
kor_Hang,406,35,13
kor_Hang,406,36,13
kor_Hang,406,37,19
kor_Hang,406,38,13
kor_Hang,406,39,47
kor_Hang,406,40,13
kor_Hang,406,41,13
kor_Hang,406,42,13
kor_Hang,406,43,34
kor_Hang,406,44,13
kor_Hang,406,45,19
kor_Hang,406,46,13
kor_Hang,406,47,4
kor_Hang,406,48,13
kor_Hang,406,49,34
kor_Hang,407,0,60
kor_Hang,407,1,13
kor_Hang,407,2,13
kor_Hang,407,3,13
kor_Hang,407,4,61
kor_Hang,407,5,47
kor_Hang,407,6,13
kor_Hang,407,7,13
kor_Hang,407,8,13
kor_Hang,407,9,13
kor_Hang,407,10,13
kor_Hang,407,11,13
kor_Hang,407,12,13
kor_Hang,407,13,13
kor_Hang,407,14,13
kor_Hang,407,15,13
kor_Hang,407,16,13
kor_Hang,407,17,13
kor_Hang,407,18,13
kor_Hang,407,19,13
kor_Hang,407,20,13
kor_Hang,407,21,13
kor_Hang,407,22,13
kor_Hang,407,23,13
kor_Hang,407,24,13
kor_Hang,407,25,13
kor_Hang,407,26,19
kor_Hang,407,27,13
kor_Hang,407,28,13
kor_Hang,407,29,13
kor_Hang,407,30,13
kor_Hang,407,31,13
kor_Hang,407,32,13
kor_Hang,407,33,13
kor_Hang,407,34,13
kor_Hang,407,35,13
kor_Hang,407,36,13
kor_Hang,407,37,19
kor_Hang,407,38,13
kor_Hang,407,39,19
kor_Hang,407,40,34
kor_Hang,407,41,13
kor_Hang,407,42,13
kor_Hang,407,43,13
kor_Hang,407,44,34
kor_Hang,407,45,19
kor_Hang,407,46,13
kor_Hang,407,47,34
kor_Hang,408,0,60
kor_Hang,408,1,13
kor_Hang,408,2,13
kor_Hang,408,3,13
kor_Hang,408,4,13
kor_Hang,408,5,13
kor_Hang,408,6,13
kor_Hang,408,7,13
kor_Hang,408,8,13
kor_Hang,408,9,13
kor_Hang,408,10,13
kor_Hang,408,11,13
kor_Hang,408,12,13
kor_Hang,408,13,19
kor_Hang,408,14,13
kor_Hang,408,15,13
kor_Hang,408,16,13
kor_Hang,408,17,13
kor_Hang,408,18,19
kor_Hang,408,19,13
kor_Hang,408,20,13
kor_Hang,408,21,13
kor_Hang,408,22,13
kor_Hang,408,23,13
kor_Hang,408,24,47
kor_Hang,408,25,13
kor_Hang,408,26,13
kor_Hang,408,27,13
kor_Hang,408,28,13
kor_Hang,408,29,13
kor_Hang,408,30,13
kor_Hang,408,31,13
kor_Hang,408,32,13
kor_Hang,408,33,13
kor_Hang,408,34,19
kor_Hang,408,35,13
kor_Hang,408,36,13
kor_Hang,408,37,47
kor_Hang,408,38,13
kor_Hang,408,39,34
kor_Hang,408,40,13
kor_Hang,408,41,13
kor_Hang,408,42,13
kor_Hang,408,43,13
kor_Hang,408,44,13
kor_Hang,408,45,13
kor_Hang,408,46,13
kor_Hang,408,47,13
kor_Hang,408,48,13
kor_Hang,408,49,13
kor_Hang,408,50,34
kor_Hang,408,51,13
kor_Hang,408,52,13
kor_Hang,408,53,13
kor_Hang,408,54,13
kor_Hang,408,55,13
kor_Hang,408,56,13
kor_Hang,408,57,13
kor_Hang,408,58,13
kor_Hang,408,59,34
kor_Hang,408,60,47
kor_Hang,408,61,47
kor_Hang,408,62,34
kor_Hang,408,63,34
kor_Hang,409,0,60
kor_Hang,409,1,13
kor_Hang,409,2,13
kor_Hang,409,3,13
kor_Hang,409,4,13
kor_Hang,409,5,13
kor_Hang,409,6,13
kor_Hang,409,7,13
kor_Hang,409,8,13
kor_Hang,409,9,13
kor_Hang,409,10,13
kor_Hang,409,11,19
kor_Hang,409,12,19
kor_Hang,409,13,13
kor_Hang,409,14,13
kor_Hang,409,15,13
kor_Hang,409,16,13
kor_Hang,409,17,13
kor_Hang,409,18,13
kor_Hang,409,19,13
kor_Hang,409,20,13
kor_Hang,409,21,13
kor_Hang,409,22,13
kor_Hang,409,23,13
kor_Hang,409,24,13
kor_Hang,409,25,13
kor_Hang,409,26,13
kor_Hang,409,27,13
kor_Hang,409,28,19
kor_Hang,409,29,39
kor_Hang,409,30,47
kor_Hang,409,31,47
kor_Hang,409,32,39
kor_Hang,409,33,19
kor_Hang,409,34,19
kor_Hang,409,35,13
kor_Hang,409,36,13
kor_Hang,409,37,13
kor_Hang,409,38,13
kor_Hang,409,39,13
kor_Hang,409,40,13
kor_Hang,409,41,13
kor_Hang,409,42,13
kor_Hang,409,43,13
kor_Hang,409,44,13
kor_Hang,409,45,13
kor_Hang,409,46,34
kor_Hang,409,47,13
kor_Hang,409,48,34
kor_Hang,410,0,60
kor_Hang,410,1,19
kor_Hang,410,2,13
kor_Hang,410,3,13
kor_Hang,410,4,13
kor_Hang,410,5,13
kor_Hang,410,6,13
kor_Hang,410,7,13
kor_Hang,410,8,13
kor_Hang,410,9,19
kor_Hang,410,10,13
kor_Hang,410,11,13
kor_Hang,410,12,61
kor_Hang,410,13,13
kor_Hang,410,14,13
kor_Hang,410,15,13
kor_Hang,410,16,13
kor_Hang,410,17,13
kor_Hang,410,18,13
kor_Hang,410,19,13
kor_Hang,410,20,13
kor_Hang,410,21,13
kor_Hang,410,22,19
kor_Hang,410,23,34
kor_Hang,410,24,13
kor_Hang,410,25,13
kor_Hang,410,26,13
kor_Hang,410,27,13
kor_Hang,410,28,13
kor_Hang,410,29,13
kor_Hang,410,30,19
kor_Hang,410,31,13
kor_Hang,410,32,13
kor_Hang,410,33,34
kor_Hang,410,34,34
kor_Hang,411,0,60
kor_Hang,411,1,47
kor_Hang,411,2,13
kor_Hang,411,3,25
kor_Hang,411,4,13
kor_Hang,411,5,13
kor_Hang,411,6,52
kor_Hang,411,7,13
kor_Hang,411,8,52
kor_Hang,411,9,39
kor_Hang,411,10,13
kor_Hang,411,11,13
kor_Hang,411,12,13
kor_Hang,411,13,52
kor_Hang,411,14,47
kor_Hang,411,15,19
kor_Hang,411,16,13
kor_Hang,411,17,13
kor_Hang,411,18,19
kor_Hang,411,19,19
kor_Hang,411,20,13
kor_Hang,411,21,34
kor_Hang,411,22,13
kor_Hang,411,23,13
kor_Hang,411,24,13
kor_Hang,411,25,51
kor_Hang,411,26,13
kor_Hang,411,27,13
kor_Hang,411,28,34
kor_Hang,411,29,13
kor_Hang,411,30,13
kor_Hang,411,31,34
eng_Latn,412,0,60
eng_Latn,412,1,17
eng_Latn,412,2,17
eng_Latn,412,3,20
eng_Latn,412,4,15
eng_Latn,412,5,48
eng_Latn,413,0,60
eng_Latn,413,1,38
eng_Latn,413,2,38
eng_Latn,413,3,20
eng_Latn,413,4,40
eng_Latn,413,5,16
eng_Latn,413,6,57
eng_Latn,413,7,57
kor_Hang,414,0,60
kor_Hang,414,1,13
kor_Hang,414,2,13
kor_Hang,414,3,13
kor_Hang,414,4,13
kor_Hang,414,5,13
kor_Hang,414,6,13
kor_Hang,414,7,13
kor_Hang,414,8,13
kor_Hang,414,9,13
kor_Hang,414,10,13
kor_Hang,414,11,13
kor_Hang,414,12,13
kor_Hang,414,13,13
kor_Hang,414,14,13
kor_Hang,414,15,13
kor_Hang,414,16,13
kor_Hang,414,17,13
kor_Hang,414,18,13
kor_Hang,414,19,13
kor_Hang,414,20,13
kor_Hang,414,21,13
kor_Hang,414,22,13
kor_Hang,414,23,13
kor_Hang,414,24,13
kor_Hang,414,25,13
kor_Hang,414,26,13
kor_Hang,414,27,13
kor_Hang,414,28,13
kor_Hang,414,29,13
kor_Hang,414,30,13
kor_Hang,414,31,13
kor_Hang,414,32,13
kor_Hang,414,33,13
kor_Hang,414,34,13
kor_Hang,414,35,13
kor_Hang,414,36,13
kor_Hang,414,37,13
kor_Hang,414,38,13
kor_Hang,414,39,13
kor_Hang,414,40,13
kor_Hang,414,41,13
kor_Hang,414,42,47
kor_Hang,414,43,13
kor_Hang,414,44,13
kor_Hang,414,45,13
kor_Hang,414,46,13
kor_Hang,414,47,13
kor_Hang,414,48,13
kor_Hang,414,49,13
kor_Hang,414,50,13
kor_Hang,414,51,19
kor_Hang,414,52,13
kor_Hang,414,53,13
kor_Hang,414,54,13
kor_Hang,414,55,13
kor_Hang,414,56,13
kor_Hang,414,57,13
kor_Hang,414,58,13
kor_Hang,414,59,19
kor_Hang,414,60,13
kor_Hang,414,61,13
kor_Hang,414,62,13
kor_Hang,414,63,13
kor_Hang,414,64,61
kor_Hang,414,65,19
kor_Hang,414,66,13
kor_Hang,414,67,13
kor_Hang,414,68,13
kor_Hang,414,69,13
kor_Hang,414,70,13
kor_Hang,414,71,13
kor_Hang,414,72,34
kor_Hang,414,73,13
kor_Hang,414,74,13
kor_Hang,414,75,13
kor_Hang,414,76,19
kor_Hang,414,77,34
kor_Hang,414,78,34
kor_Hang,415,0,60
kor_Hang,415,1,13
kor_Hang,415,2,13
kor_Hang,415,3,47
kor_Hang,415,4,13
kor_Hang,415,5,13
kor_Hang,415,6,13
kor_Hang,415,7,19
kor_Hang,415,8,19
kor_Hang,415,9,13
kor_Hang,415,10,13
kor_Hang,415,11,13
kor_Hang,415,12,27
kor_Hang,415,13,13
kor_Hang,415,14,19
kor_Hang,415,15,34
kor_Hang,415,16,13
kor_Hang,415,17,13
kor_Hang,415,18,13
kor_Hang,415,19,13
kor_Hang,415,20,13
kor_Hang,415,21,13
kor_Hang,415,22,13
kor_Hang,415,23,13
kor_Hang,415,24,13
kor_Hang,415,25,13
kor_Hang,415,26,13
kor_Hang,415,27,13
kor_Hang,415,28,13
kor_Hang,415,29,19
kor_Hang,415,30,47
kor_Hang,415,31,19
kor_Hang,415,32,13
kor_Hang,415,33,13
kor_Hang,415,34,13
kor_Hang,415,35,13
kor_Hang,415,36,47
kor_Hang,415,37,47
kor_Hang,415,38,19
kor_Hang,415,39,47
kor_Hang,415,40,13
kor_Hang,415,41,42
kor_Hang,415,42,7
kor_Hang,416,0,60
kor_Hang,416,1,13
kor_Hang,416,2,19
kor_Hang,416,3,13
kor_Hang,416,4,13
kor_Hang,416,5,13
kor_Hang,416,6,13
kor_Hang,416,7,13
kor_Hang,416,8,13
kor_Hang,416,9,13
kor_Hang,416,10,13
kor_Hang,416,11,13
kor_Hang,416,12,13
kor_Hang,416,13,13
kor_Hang,416,14,12
kor_Hang,416,15,13
kor_Hang,416,16,13
kor_Hang,416,17,19
kor_Hang,416,18,13
kor_Hang,416,19,13
kor_Hang,416,20,13
kor_Hang,416,21,13
kor_Hang,416,22,13
kor_Hang,416,23,13
kor_Hang,416,24,13
kor_Hang,416,25,13
kor_Hang,416,26,13
kor_Hang,416,27,47
kor_Hang,416,28,13
kor_Hang,416,29,13
kor_Hang,416,30,13
kor_Hang,416,31,13
kor_Hang,416,32,13
kor_Hang,416,33,13
kor_Hang,416,34,19
kor_Hang,416,35,13
kor_Hang,416,36,26
kor_Hang,416,37,13
kor_Hang,416,38,13
kor_Hang,416,39,13
kor_Hang,416,40,24
kor_Hang,416,41,52
kor_Hang,416,42,52
kor_Hang,416,43,13
kor_Hang,416,44,13
kor_Hang,416,45,19
kor_Hang,416,46,13
kor_Hang,416,47,47
kor_Hang,416,48,13
kor_Hang,416,49,13
kor_Hang,416,50,13
kor_Hang,416,51,13
kor_Hang,416,52,13
kor_Hang,416,53,47
kor_Hang,416,54,13
kor_Hang,416,55,13
kor_Hang,416,56,19
kor_Hang,416,57,13
kor_Hang,416,58,13
kor_Hang,416,59,13
kor_Hang,416,60,47
kor_Hang,416,61,13
kor_Hang,416,62,13
kor_Hang,416,63,13
kor_Hang,416,64,13
kor_Hang,416,65,13
kor_Hang,416,66,47
kor_Hang,416,67,13
kor_Hang,416,68,13
kor_Hang,416,69,13
kor_Hang,416,70,19
kor_Hang,416,71,13
kor_Hang,416,72,13
kor_Hang,416,73,13
kor_Hang,416,74,13
kor_Hang,416,75,13
kor_Hang,416,76,13
kor_Hang,416,77,47
kor_Hang,416,78,13
kor_Hang,416,79,13
kor_Hang,416,80,19
kor_Hang,416,81,13
kor_Hang,416,82,47
kor_Hang,416,83,19
kor_Hang,416,84,34
kor_Hang,416,85,47
kor_Hang,416,86,13
kor_Hang,416,87,13
kor_Hang,416,88,34
kor_Hang,417,0,60
kor_Hang,417,1,13
kor_Hang,417,2,19
kor_Hang,417,3,13
kor_Hang,417,4,13
kor_Hang,417,5,13
kor_Hang,417,6,19
kor_Hang,417,7,13
kor_Hang,417,8,13
kor_Hang,417,9,19
kor_Hang,417,10,13
kor_Hang,417,11,13
kor_Hang,417,12,13
kor_Hang,417,13,13
kor_Hang,417,14,13
kor_Hang,417,15,13
kor_Hang,417,16,19
kor_Hang,417,17,13
kor_Hang,417,18,13
kor_Hang,417,19,13
kor_Hang,417,20,19
kor_Hang,417,21,13
kor_Hang,417,22,13
kor_Hang,417,23,19
kor_Hang,417,24,34
kor_Hang,417,25,13
kor_Hang,417,26,19
kor_Hang,417,27,13
kor_Hang,417,28,13
kor_Hang,417,29,19
kor_Hang,417,30,34
kor_Hang,417,31,13
kor_Hang,417,32,34
kor_Hang,417,33,34
kor_Hang,417,34,34
kor_Hang,418,0,60
kor_Hang,418,1,13
kor_Hang,418,2,13
kor_Hang,418,3,13
kor_Hang,418,4,13
kor_Hang,418,5,13
kor_Hang,418,6,13
kor_Hang,418,7,13
kor_Hang,418,8,9
kor_Hang,418,9,42
kor_Hang,418,10,13
kor_Hang,418,11,13
kor_Hang,418,12,13
kor_Hang,418,13,13
kor_Hang,418,14,13
kor_Hang,418,15,13
kor_Hang,418,16,13
kor_Hang,418,17,11
kor_Hang,418,18,58
kor_Hang,418,19,11
kor_Hang,418,20,13
kor_Hang,418,21,13
kor_Hang,418,22,13
kor_Hang,418,23,13
kor_Hang,418,24,13
kor_Hang,418,25,13
kor_Hang,418,26,13
kor_Hang,418,27,13
kor_Hang,418,28,13
kor_Hang,418,29,13
kor_Hang,418,30,13
kor_Hang,418,31,13
kor_Hang,418,32,19
kor_Hang,418,33,13
kor_Hang,418,34,13
kor_Hang,418,35,13
kor_Hang,418,36,13
kor_Hang,418,37,13
kor_Hang,418,38,13
kor_Hang,418,39,13
kor_Hang,418,40,13
kor_Hang,418,41,19
kor_Hang,418,42,13
kor_Hang,418,43,34
kor_Hang,419,0,60
kor_Hang,419,1,19
kor_Hang,419,2,13
kor_Hang,419,3,13
kor_Hang,419,4,13
kor_Hang,419,5,13
kor_Hang,419,6,12
kor_Hang,419,7,13
kor_Hang,419,8,19
kor_Hang,419,9,13
kor_Hang,419,10,13
kor_Hang,419,11,13
kor_Hang,419,12,13
kor_Hang,419,13,13
kor_Hang,419,14,47
kor_Hang,419,15,47
kor_Hang,419,16,13
kor_Hang,419,17,13
kor_Hang,419,18,13
kor_Hang,419,19,13
kor_Hang,419,20,13
kor_Hang,419,21,13
kor_Hang,419,22,13
kor_Hang,419,23,13
kor_Hang,419,24,13
kor_Hang,419,25,13
kor_Hang,419,26,13
kor_Hang,419,27,13
kor_Hang,419,28,13
kor_Hang,419,29,1
kor_Hang,419,30,52
kor_Hang,419,31,13
kor_Hang,419,32,13
kor_Hang,419,33,13
kor_Hang,419,34,13
kor_Hang,419,35,47
kor_Hang,419,36,13
kor_Hang,419,37,13
kor_Hang,419,38,19
kor_Hang,419,39,13
kor_Hang,419,40,13
kor_Hang,419,41,34
kor_Hang,419,42,13
kor_Hang,419,43,34
kor_Hang,419,44,13
kor_Hang,419,45,13
kor_Hang,419,46,13
kor_Hang,419,47,13
kor_Hang,419,48,13
kor_Hang,419,49,13
kor_Hang,419,50,13
kor_Hang,419,51,19
kor_Hang,419,52,13
kor_Hang,419,53,13
kor_Hang,419,54,13
kor_Hang,419,55,13
kor_Hang,419,56,13
kor_Hang,419,57,13
kor_Hang,419,58,13
kor_Hang,419,59,61
kor_Hang,419,60,13
kor_Hang,419,61,13
kor_Hang,419,62,13
kor_Hang,419,63,13
kor_Hang,419,64,13
kor_Hang,419,65,13
kor_Hang,419,66,13
kor_Hang,419,67,19
kor_Hang,419,68,34
kor_Hang,419,69,13
kor_Hang,419,70,34
kor_Hang,419,71,13
kor_Hang,419,72,34
eng_Latn,420,0,60
eng_Latn,420,1,14
eng_Latn,420,2,19
eng_Latn,420,3,40
eng_Latn,420,4,18
eng_Latn,421,0,60
eng_Latn,421,1,17
eng_Latn,421,2,17
eng_Latn,421,3,5
eng_Latn,421,4,5
eng_Latn,421,5,49
eng_Latn,422,0,60
eng_Latn,422,1,12
eng_Latn,422,2,42
eng_Latn,422,3,19
eng_Latn,422,4,22
eng_Latn,422,5,49
eng_Latn,422,6,9
eng_Latn,422,7,19
eng_Latn,422,8,8
kor_Hang,423,0,60
kor_Hang,423,1,47
kor_Hang,423,2,13
kor_Hang,423,3,13
kor_Hang,423,4,13
kor_Hang,423,5,19
kor_Hang,423,6,13
kor_Hang,423,7,12
kor_Hang,423,8,26
kor_Hang,423,9,39
kor_Hang,423,10,61
kor_Hang,423,11,7
kor_Hang,423,12,52
kor_Hang,423,13,13
kor_Hang,423,14,13
kor_Hang,423,15,12
kor_Hang,423,16,13
kor_Hang,423,17,13
kor_Hang,423,18,13
kor_Hang,423,19,47
kor_Hang,423,20,47
kor_Hang,423,21,13
kor_Hang,423,22,13
kor_Hang,423,23,47
kor_Hang,423,24,19
kor_Hang,423,25,13
kor_Hang,423,26,47
kor_Hang,423,27,13
kor_Hang,423,28,13
kor_Hang,423,29,13
kor_Hang,423,30,13
kor_Hang,423,31,13
kor_Hang,423,32,12
kor_Hang,423,33,13
kor_Hang,423,34,13
kor_Hang,423,35,13
kor_Hang,423,36,13
kor_Hang,423,37,19
kor_Hang,423,38,13
kor_Hang,423,39,52
kor_Hang,423,40,13
kor_Hang,423,41,13
kor_Hang,423,42,13
kor_Hang,423,43,13
kor_Hang,423,44,13
kor_Hang,423,45,13
kor_Hang,423,46,47
kor_Hang,423,47,47
kor_Hang,423,48,13
kor_Hang,423,49,47
kor_Hang,423,50,13
kor_Hang,423,51,13
kor_Hang,423,52,52
kor_Hang,423,53,52
kor_Hang,423,54,13
kor_Hang,423,55,13
kor_Hang,423,56,13
kor_Hang,423,57,13
kor_Hang,423,58,13
kor_Hang,423,59,13
kor_Hang,423,60,13
kor_Hang,423,61,19
kor_Hang,423,62,13
kor_Hang,423,63,13
kor_Hang,423,64,13
kor_Hang,424,0,60
kor_Hang,424,1,13
kor_Hang,424,2,13
kor_Hang,424,3,13
kor_Hang,424,4,19
kor_Hang,424,5,13
kor_Hang,424,6,13
kor_Hang,424,7,13
kor_Hang,424,8,13
kor_Hang,424,9,13
kor_Hang,424,10,13
kor_Hang,424,11,13
kor_Hang,424,12,39
kor_Hang,424,13,13
kor_Hang,424,14,58
kor_Hang,424,15,12
kor_Hang,424,16,13
kor_Hang,424,17,13
kor_Hang,424,18,13
kor_Hang,424,19,13
kor_Hang,424,20,13
kor_Hang,424,21,13
kor_Hang,424,22,13
kor_Hang,424,23,13
kor_Hang,424,24,13
kor_Hang,424,25,13
kor_Hang,424,26,13
kor_Hang,424,27,13
kor_Hang,424,28,13
kor_Hang,424,29,13
kor_Hang,424,30,13
kor_Hang,424,31,13
kor_Hang,424,32,13
kor_Hang,424,33,13
kor_Hang,424,34,13
kor_Hang,424,35,13
kor_Hang,424,36,13
kor_Hang,424,37,13
kor_Hang,424,38,13
kor_Hang,424,39,13
kor_Hang,424,40,19
kor_Hang,424,41,13
kor_Hang,424,42,13
kor_Hang,424,43,13
kor_Hang,424,44,13
kor_Hang,424,45,13
kor_Hang,424,46,13
kor_Hang,424,47,13
kor_Hang,424,48,13
kor_Hang,424,49,13
kor_Hang,424,50,34
kor_Hang,424,51,13
kor_Hang,424,52,13
kor_Hang,424,53,13
kor_Hang,424,54,47
kor_Hang,424,55,13
kor_Hang,424,56,13
kor_Hang,424,57,13
kor_Hang,424,58,19
kor_Hang,424,59,13
kor_Hang,424,60,19
kor_Hang,424,61,13
kor_Hang,424,62,13
kor_Hang,424,63,13
kor_Hang,424,64,13
kor_Hang,424,65,34
kor_Hang,424,66,19
kor_Hang,424,67,13
kor_Hang,424,68,34
eng_Latn,425,0,60
eng_Latn,425,1,14
eng_Latn,425,2,48
eng_Latn,425,3,37
kor_Hang,426,0,60
kor_Hang,426,1,13
kor_Hang,426,2,13
kor_Hang,426,3,13
kor_Hang,426,4,13
kor_Hang,426,5,13
kor_Hang,426,6,13
kor_Hang,426,7,13
kor_Hang,426,8,13
kor_Hang,426,9,13
kor_Hang,426,10,13
kor_Hang,426,11,13
kor_Hang,426,12,13
kor_Hang,426,13,13
kor_Hang,426,14,13
kor_Hang,426,15,13
kor_Hang,426,16,13
kor_Hang,426,17,13
kor_Hang,426,18,13
kor_Hang,426,19,13
kor_Hang,426,20,13
kor_Hang,426,21,13
kor_Hang,426,22,47
kor_Hang,426,23,13
kor_Hang,426,24,19
kor_Hang,426,25,13
kor_Hang,426,26,13
kor_Hang,426,27,13
kor_Hang,426,28,13
kor_Hang,426,29,13
kor_Hang,426,30,13
kor_Hang,426,31,13
kor_Hang,426,32,13
kor_Hang,426,33,13
kor_Hang,426,34,34
kor_Hang,426,35,13
kor_Hang,426,36,13
kor_Hang,426,37,13
kor_Hang,426,38,47
kor_Hang,426,39,13
kor_Hang,426,40,13
kor_Hang,426,41,13
kor_Hang,426,42,19
kor_Hang,426,43,13
kor_Hang,426,44,13
kor_Hang,426,45,13
kor_Hang,426,46,13
kor_Hang,426,47,13
kor_Hang,426,48,13
kor_Hang,426,49,34
kor_Hang,426,50,19
kor_Hang,426,51,13
kor_Hang,426,52,34
kor_Hang,427,0,60
kor_Hang,427,1,13
kor_Hang,427,2,13
kor_Hang,427,3,19
kor_Hang,427,4,13
kor_Hang,427,5,47
kor_Hang,427,6,7
kor_Hang,427,7,13
kor_Hang,427,8,13
kor_Hang,427,9,61
kor_Hang,427,10,13
kor_Hang,427,11,13
kor_Hang,427,12,13
kor_Hang,427,13,19
kor_Hang,427,14,39
kor_Hang,427,15,13
kor_Hang,427,16,19
kor_Hang,427,17,13
kor_Hang,427,18,13
kor_Hang,427,19,13
kor_Hang,427,20,13
kor_Hang,427,21,39
kor_Hang,427,22,13
kor_Hang,427,23,61
kor_Hang,427,24,13
kor_Hang,427,25,47
kor_Hang,427,26,47
kor_Hang,427,27,39
kor_Hang,427,28,19
kor_Hang,427,29,13
kor_Hang,427,30,19
kor_Hang,427,31,13
kor_Hang,427,32,34
kor_Hang,428,0,60
kor_Hang,428,1,13
kor_Hang,428,2,13
kor_Hang,428,3,13
kor_Hang,428,4,13
kor_Hang,428,5,19
kor_Hang,428,6,13
kor_Hang,428,7,39
kor_Hang,428,8,13
kor_Hang,428,9,13
kor_Hang,428,10,13
kor_Hang,428,11,13
kor_Hang,428,12,13
kor_Hang,428,13,13
kor_Hang,428,14,13
kor_Hang,428,15,13
kor_Hang,428,16,13
kor_Hang,428,17,13
kor_Hang,428,18,47
kor_Hang,428,19,13
kor_Hang,428,20,13
kor_Hang,428,21,13
kor_Hang,428,22,13
kor_Hang,428,23,13
kor_Hang,428,24,13
kor_Hang,428,25,13
kor_Hang,428,26,13
kor_Hang,428,27,13
kor_Hang,428,28,13
kor_Hang,428,29,13
kor_Hang,428,30,19
kor_Hang,428,31,19
kor_Hang,428,32,39
kor_Hang,428,33,19
kor_Hang,428,34,13
kor_Hang,428,35,13
kor_Hang,428,36,13
kor_Hang,428,37,13
kor_Hang,428,38,19
kor_Hang,428,39,13
kor_Hang,428,40,13
kor_Hang,428,41,13
kor_Hang,428,42,13
kor_Hang,428,43,13
kor_Hang,428,44,13
kor_Hang,428,45,13
kor_Hang,428,46,13
kor_Hang,428,47,13
kor_Hang,428,48,13
kor_Hang,428,49,19
kor_Hang,428,50,13
kor_Hang,428,51,13
kor_Hang,428,52,13
kor_Hang,428,53,13
kor_Hang,428,54,13
kor_Hang,428,55,13
kor_Hang,428,56,13
kor_Hang,428,57,47
kor_Hang,428,58,13
kor_Hang,428,59,13
kor_Hang,428,60,13
kor_Hang,428,61,13
kor_Hang,428,62,13
kor_Hang,428,63,13
kor_Hang,428,64,13
kor_Hang,428,65,47
kor_Hang,428,66,34
kor_Hang,429,0,60
kor_Hang,429,1,13
kor_Hang,429,2,13
kor_Hang,429,3,13
kor_Hang,429,4,13
kor_Hang,429,5,13
kor_Hang,429,6,13
kor_Hang,429,7,13
kor_Hang,429,8,13
kor_Hang,429,9,19
kor_Hang,429,10,13
kor_Hang,429,11,13
kor_Hang,429,12,13
kor_Hang,429,13,13
kor_Hang,429,14,13
kor_Hang,429,15,13
kor_Hang,429,16,47
kor_Hang,429,17,47
kor_Hang,429,18,13
kor_Hang,429,19,19
kor_Hang,429,20,13
kor_Hang,429,21,13
kor_Hang,429,22,13
kor_Hang,429,23,13
kor_Hang,429,24,13
kor_Hang,429,25,19
kor_Hang,429,26,13
kor_Hang,429,27,13
kor_Hang,429,28,13
kor_Hang,429,29,13
kor_Hang,429,30,13
kor_Hang,429,31,13
kor_Hang,429,32,13
kor_Hang,429,33,19
kor_Hang,429,34,13
kor_Hang,429,35,19
kor_Hang,429,36,13
kor_Hang,429,37,13
kor_Hang,429,38,19
kor_Hang,429,39,13
kor_Hang,429,40,13
kor_Hang,429,41,13
kor_Hang,429,42,13
kor_Hang,429,43,13
kor_Hang,429,44,13
kor_Hang,429,45,13
kor_Hang,429,46,19
kor_Hang,429,47,13
kor_Hang,429,48,13
kor_Hang,429,49,13
kor_Hang,429,50,13
kor_Hang,429,51,13
kor_Hang,429,52,13
kor_Hang,429,53,19
kor_Hang,429,54,13
kor_Hang,429,55,13
kor_Hang,429,56,13
kor_Hang,429,57,13
kor_Hang,429,58,13
kor_Hang,429,59,13
kor_Hang,429,60,19
kor_Hang,429,61,13
kor_Hang,429,62,13
kor_Hang,429,63,13
kor_Hang,429,64,13
kor_Hang,429,65,13
kor_Hang,429,66,13
kor_Hang,429,67,13
kor_Hang,429,68,47
kor_Hang,429,69,19
kor_Hang,429,70,34
kor_Hang,429,71,13
kor_Hang,429,72,13
kor_Hang,429,73,13
kor_Hang,429,74,34
eng_Latn,430,0,60
eng_Latn,430,1,52
eng_Latn,430,2,1
eng_Latn,430,3,22
eng_Latn,430,4,12
eng_Latn,430,5,54
eng_Latn,430,6,24
eng_Latn,430,7,46
eng_Latn,430,8,46
eng_Latn,430,9,7
eng_Latn,430,10,48
eng_Latn,430,11,16
kor_Hang,431,0,60
kor_Hang,431,1,13
kor_Hang,431,2,60
kor_Hang,431,3,13
kor_Hang,431,4,13
kor_Hang,431,5,13
kor_Hang,431,6,13
kor_Hang,431,7,47
kor_Hang,431,8,13
kor_Hang,431,9,6
kor_Hang,431,10,13
kor_Hang,431,11,13
kor_Hang,431,12,13
kor_Hang,431,13,13
kor_Hang,431,14,13
kor_Hang,431,15,47
kor_Hang,431,16,13
kor_Hang,431,17,13
kor_Hang,431,18,13
kor_Hang,431,19,13
kor_Hang,431,20,13
kor_Hang,431,21,13
kor_Hang,431,22,13
kor_Hang,431,23,13
kor_Hang,431,24,13
kor_Hang,431,25,13
kor_Hang,431,26,13
kor_Hang,431,27,13
kor_Hang,431,28,13
kor_Hang,431,29,13
kor_Hang,431,30,13
kor_Hang,431,31,13
kor_Hang,431,32,13
kor_Hang,431,33,13
kor_Hang,431,34,19
kor_Hang,431,35,13
kor_Hang,431,36,13
kor_Hang,431,37,13
kor_Hang,431,38,13
kor_Hang,431,39,13
kor_Hang,431,40,13
kor_Hang,431,41,13
kor_Hang,431,42,19
kor_Hang,431,43,13
kor_Hang,431,44,34
kor_Hang,432,0,60
kor_Hang,432,1,6
kor_Hang,432,2,13
kor_Hang,432,3,13
kor_Hang,432,4,13
kor_Hang,432,5,13
kor_Hang,432,6,47
kor_Hang,432,7,36
kor_Hang,432,8,36
kor_Hang,432,9,13
kor_Hang,432,10,13
kor_Hang,432,11,13
kor_Hang,432,12,47
kor_Hang,432,13,19
kor_Hang,432,14,6
kor_Hang,432,15,6
kor_Hang,432,16,13
kor_Hang,432,17,13
kor_Hang,432,18,13
kor_Hang,432,19,13
kor_Hang,432,20,13
kor_Hang,432,21,19
kor_Hang,432,22,13
kor_Hang,432,23,6
kor_Hang,432,24,13
kor_Hang,432,25,13
kor_Hang,432,26,13
kor_Hang,432,27,13
kor_Hang,432,28,47
kor_Hang,432,29,13
kor_Hang,432,30,19
kor_Hang,432,31,36
kor_Hang,432,32,13
kor_Hang,432,33,13
kor_Hang,432,34,13
kor_Hang,432,35,13
kor_Hang,432,36,19
kor_Hang,432,37,13
kor_Hang,432,38,13
kor_Hang,432,39,13
kor_Hang,432,40,13
kor_Hang,432,41,13
kor_Hang,432,42,13
kor_Hang,432,43,13
kor_Hang,432,44,13
kor_Hang,432,45,19
kor_Hang,432,46,13
kor_Hang,432,47,13
kor_Hang,432,48,19
kor_Hang,432,49,13
kor_Hang,432,50,13
kor_Hang,432,51,9
kor_Hang,432,52,52
kor_Hang,433,0,60
kor_Hang,433,1,47
kor_Hang,433,2,13
kor_Hang,433,3,13
kor_Hang,433,4,13
kor_Hang,433,5,13
kor_Hang,433,6,13
kor_Hang,433,7,19
kor_Hang,433,8,13
kor_Hang,433,9,13
kor_Hang,433,10,13
kor_Hang,433,11,13
kor_Hang,433,12,13
kor_Hang,433,13,13
kor_Hang,433,14,13
kor_Hang,433,15,13
kor_Hang,433,16,13
kor_Hang,433,17,13
kor_Hang,433,18,13
kor_Hang,433,19,19
kor_Hang,433,20,13
kor_Hang,433,21,13
kor_Hang,433,22,47
kor_Hang,433,23,13
kor_Hang,433,24,13
kor_Hang,433,25,13
kor_Hang,433,26,13
kor_Hang,433,27,13
kor_Hang,433,28,13
kor_Hang,433,29,9
kor_Hang,433,30,13
kor_Hang,433,31,13
kor_Hang,433,32,13
kor_Hang,433,33,47
kor_Hang,433,34,19
kor_Hang,433,35,34
kor_Hang,433,36,19
kor_Hang,433,37,13
kor_Hang,433,38,13
kor_Hang,433,39,13
kor_Hang,433,40,13
kor_Hang,433,41,47
kor_Hang,433,42,19
kor_Hang,433,43,13
kor_Hang,433,44,13
kor_Hang,433,45,13
kor_Hang,433,46,13
kor_Hang,433,47,13
kor_Hang,433,48,13
kor_Hang,433,49,13
kor_Hang,433,50,19
kor_Hang,433,51,39
kor_Hang,433,52,13
kor_Hang,433,53,13
kor_Hang,433,54,47
kor_Hang,433,55,13
kor_Hang,433,56,13
kor_Hang,433,57,13
kor_Hang,433,58,13
kor_Hang,433,59,19
kor_Hang,433,60,13
kor_Hang,433,61,19
kor_Hang,433,62,13
kor_Hang,433,63,19
kor_Hang,433,64,13
kor_Hang,433,65,47
kor_Hang,433,66,19
kor_Hang,433,67,13
kor_Hang,433,68,13
kor_Hang,433,69,13
kor_Hang,433,70,47
kor_Hang,433,71,13
kor_Hang,434,0,60
kor_Hang,434,1,13
kor_Hang,434,2,19
kor_Hang,434,3,13
kor_Hang,434,4,13
kor_Hang,434,5,13
kor_Hang,434,6,19
kor_Hang,434,7,19
kor_Hang,434,8,19
kor_Hang,434,9,13
kor_Hang,434,10,13
kor_Hang,434,11,13
kor_Hang,434,12,12
kor_Hang,434,13,19
kor_Hang,434,14,7
kor_Hang,434,15,53
kor_Hang,434,16,40
kor_Hang,434,17,40
kor_Hang,434,18,13
kor_Hang,434,19,13
kor_Hang,434,20,52
kor_Hang,434,21,19
kor_Hang,434,22,52
kor_Hang,434,23,13
kor_Hang,434,24,13
kor_Hang,434,25,13
kor_Hang,434,26,13
kor_Hang,434,27,13
kor_Hang,434,28,13
kor_Hang,434,29,13
kor_Hang,434,30,13
kor_Hang,434,31,13
kor_Hang,434,32,13
kor_Hang,434,33,19
kor_Hang,434,34,13
kor_Hang,434,35,13
kor_Hang,434,36,13
kor_Hang,434,37,13
kor_Hang,434,38,19
kor_Hang,434,39,13
kor_Hang,434,40,34
kor_Hang,435,0,60
kor_Hang,435,1,13
kor_Hang,435,2,19
kor_Hang,435,3,13
kor_Hang,435,4,13
kor_Hang,435,5,13
kor_Hang,435,6,13
kor_Hang,435,7,13
kor_Hang,435,8,13
kor_Hang,435,9,13
kor_Hang,435,10,19
kor_Hang,435,11,13
kor_Hang,435,12,27
kor_Hang,435,13,13
kor_Hang,435,14,13
kor_Hang,435,15,13
kor_Hang,435,16,13
kor_Hang,435,17,13
kor_Hang,435,18,13
kor_Hang,435,19,13
kor_Hang,435,20,13
kor_Hang,435,21,47
kor_Hang,435,22,13
kor_Hang,435,23,13
kor_Hang,435,24,13
kor_Hang,435,25,13
kor_Hang,435,26,47
kor_Hang,435,27,13
kor_Hang,435,28,13
kor_Hang,435,29,47
kor_Hang,435,30,13
kor_Hang,435,31,13
kor_Hang,435,32,13
kor_Hang,435,33,13
kor_Hang,435,34,13
kor_Hang,435,35,13
kor_Hang,435,36,13
kor_Hang,435,37,13
kor_Hang,435,38,13
kor_Hang,435,39,13
kor_Hang,435,40,13
kor_Hang,435,41,13
kor_Hang,435,42,13
kor_Hang,435,43,13
kor_Hang,435,44,13
kor_Hang,435,45,13
kor_Hang,435,46,13
kor_Hang,435,47,13
kor_Hang,435,48,13
kor_Hang,435,49,13
kor_Hang,435,50,13
kor_Hang,435,51,13
kor_Hang,435,52,13
kor_Hang,435,53,13
kor_Hang,435,54,13
kor_Hang,435,55,13
kor_Hang,435,56,13
kor_Hang,435,57,13
kor_Hang,435,58,13
kor_Hang,435,59,13
kor_Hang,435,60,19
kor_Hang,435,61,34
kor_Hang,435,62,13
kor_Hang,435,63,13
kor_Hang,435,64,13
kor_Hang,435,65,13
kor_Hang,435,66,19
kor_Hang,435,67,13
kor_Hang,435,68,13
kor_Hang,435,69,61
kor_Hang,435,70,13
kor_Hang,435,71,34
kor_Hang,436,0,60
kor_Hang,436,1,13
kor_Hang,436,2,13
kor_Hang,436,3,13
kor_Hang,436,4,13
kor_Hang,436,5,13
kor_Hang,436,6,13
kor_Hang,436,7,13
kor_Hang,436,8,13
kor_Hang,436,9,47
kor_Hang,436,10,13
kor_Hang,436,11,13
kor_Hang,436,12,13
kor_Hang,436,13,13
kor_Hang,436,14,19
kor_Hang,436,15,13
kor_Hang,436,16,47
kor_Hang,436,17,13
kor_Hang,436,18,13
kor_Hang,436,19,13
kor_Hang,436,20,13
kor_Hang,436,21,13
kor_Hang,436,22,13
kor_Hang,436,23,13
kor_Hang,436,24,13
kor_Hang,436,25,13
kor_Hang,436,26,13
kor_Hang,436,27,13
eng_Latn,437,0,60
eng_Latn,437,1,9
eng_Latn,437,2,56
eng_Latn,437,3,41
eng_Latn,437,4,17
eng_Latn,437,5,20
eng_Latn,437,6,57
eng_Latn,437,7,15
eng_Latn,437,8,16
eng_Latn,437,9,8
eng_Latn,437,10,8
eng_Latn,437,11,15
kor_Hang,438,0,60
kor_Hang,438,1,19
kor_Hang,438,2,13
kor_Hang,438,3,13
kor_Hang,438,4,13
kor_Hang,438,5,13
kor_Hang,438,6,13
kor_Hang,438,7,13
kor_Hang,438,8,13
kor_Hang,438,9,13
kor_Hang,438,10,13
kor_Hang,438,11,13
kor_Hang,438,12,13
kor_Hang,438,13,13
kor_Hang,438,14,13
kor_Hang,438,15,13
kor_Hang,438,16,13
kor_Hang,438,17,13
kor_Hang,438,18,47
kor_Hang,438,19,61
kor_Hang,438,20,19
kor_Hang,438,21,13
kor_Hang,438,22,34
kor_Hang,438,23,42
kor_Hang,438,24,13
kor_Hang,438,25,13
kor_Hang,438,26,13
kor_Hang,438,27,19
kor_Hang,438,28,13
kor_Hang,438,29,13
kor_Hang,438,30,13
kor_Hang,438,31,13
kor_Hang,438,32,54
kor_Hang,438,33,13
kor_Hang,438,34,13
kor_Hang,438,35,13
kor_Hang,438,36,13
kor_Hang,438,37,13
kor_Hang,438,38,60
kor_Hang,438,39,13
kor_Hang,438,40,1
kor_Hang,438,41,52
kor_Hang,438,42,37
kor_Hang,438,43,13
kor_Hang,438,44,52
kor_Hang,438,45,13
kor_Hang,438,46,52
kor_Hang,438,47,9
kor_Hang,438,48,42
kor_Hang,438,49,13
kor_Hang,438,50,19
kor_Hang,438,51,13
kor_Hang,439,0,60
kor_Hang,439,1,13
kor_Hang,439,2,13
kor_Hang,439,3,13
kor_Hang,439,4,13
kor_Hang,439,5,13
kor_Hang,439,6,13
kor_Hang,439,7,13
kor_Hang,439,8,52
kor_Hang,439,9,13
kor_Hang,439,10,13
kor_Hang,439,11,52
kor_Hang,439,12,52
kor_Hang,439,13,52
kor_Hang,439,14,13
kor_Hang,439,15,13
kor_Hang,439,16,13
kor_Hang,439,17,13
kor_Hang,439,18,19
kor_Hang,439,19,13
kor_Hang,439,20,13
kor_Hang,439,21,47
kor_Hang,439,22,13
kor_Hang,439,23,13
kor_Hang,439,24,13
kor_Hang,439,25,19
kor_Hang,439,26,13
kor_Hang,439,27,13
kor_Hang,439,28,13
kor_Hang,439,29,13
kor_Hang,439,30,13
kor_Hang,439,31,19
kor_Hang,439,32,13
kor_Hang,439,33,13
kor_Hang,439,34,13
kor_Hang,439,35,13
kor_Hang,439,36,47
kor_Hang,439,37,13
kor_Hang,439,38,47
kor_Hang,439,39,13
kor_Hang,439,40,39
kor_Hang,439,41,13
kor_Hang,439,42,47
kor_Hang,439,43,39
kor_Hang,439,44,13
kor_Hang,439,45,13
kor_Hang,439,46,12
kor_Hang,439,47,47
kor_Hang,439,48,13
kor_Hang,439,49,13
kor_Hang,439,50,13
kor_Hang,439,51,13
kor_Hang,439,52,13
kor_Hang,439,53,19
kor_Hang,439,54,13
kor_Hang,439,55,1
kor_Hang,439,56,52
kor_Hang,439,57,52
kor_Hang,439,58,1
kor_Hang,439,59,13
kor_Hang,439,60,13
kor_Hang,439,61,13
kor_Hang,439,62,13
kor_Hang,439,63,13
kor_Hang,439,64,13
kor_Hang,439,65,13
kor_Hang,439,66,13
kor_Hang,439,67,47
kor_Hang,439,68,13
kor_Hang,439,69,52
kor_Hang,440,0,60
kor_Hang,440,1,13
kor_Hang,440,2,13
kor_Hang,440,3,13
kor_Hang,440,4,13
kor_Hang,440,5,13
kor_Hang,440,6,13
kor_Hang,440,7,47
kor_Hang,440,8,13
kor_Hang,440,9,13
kor_Hang,440,10,13
kor_Hang,440,11,13
kor_Hang,440,12,13
kor_Hang,440,13,13
kor_Hang,440,14,13
kor_Hang,440,15,13
kor_Hang,440,16,13
kor_Hang,440,17,13
kor_Hang,440,18,19
kor_Hang,440,19,13
kor_Hang,440,20,34
kor_Hang,440,21,13
kor_Hang,440,22,13
kor_Hang,440,23,13
kor_Hang,440,24,19
kor_Hang,440,25,13
kor_Hang,440,26,13
kor_Hang,440,27,13
kor_Hang,440,28,13
kor_Hang,440,29,13
kor_Hang,440,30,13
kor_Hang,440,31,13
kor_Hang,440,32,13
kor_Hang,440,33,47
kor_Hang,440,34,13
kor_Hang,440,35,13
kor_Hang,440,36,13
kor_Hang,440,37,26
kor_Hang,440,38,13
kor_Hang,440,39,13
kor_Hang,440,40,13
kor_Hang,440,41,13
kor_Hang,440,42,13
kor_Hang,440,43,13
kor_Hang,440,44,19
kor_Hang,440,45,13
kor_Hang,440,46,13
kor_Hang,440,47,13
kor_Hang,440,48,13
kor_Hang,440,49,13
kor_Hang,440,50,26
kor_Hang,440,51,13
kor_Hang,440,52,13
kor_Hang,440,53,13
kor_Hang,440,54,13
kor_Hang,440,55,13
kor_Hang,440,56,13
kor_Hang,440,57,13
kor_Hang,440,58,13
kor_Hang,440,59,13
kor_Hang,440,60,13
kor_Hang,440,61,19
kor_Hang,440,62,13
kor_Hang,440,63,13
kor_Hang,440,64,13
kor_Hang,440,65,13
kor_Hang,440,66,13
kor_Hang,440,67,13
kor_Hang,440,68,13
kor_Hang,440,69,13
kor_Hang,440,70,47
kor_Hang,440,71,13
kor_Hang,440,72,13
kor_Hang,440,73,13
kor_Hang,440,74,13
kor_Hang,440,75,13
kor_Hang,440,76,19
kor_Hang,440,77,13
kor_Hang,440,78,13
kor_Hang,440,79,13
kor_Hang,440,80,13
kor_Hang,440,81,13
kor_Hang,440,82,13
kor_Hang,441,0,60
kor_Hang,441,1,13
kor_Hang,441,2,13
kor_Hang,441,3,13
kor_Hang,441,4,13
kor_Hang,441,5,13
kor_Hang,441,6,47
kor_Hang,441,7,13
kor_Hang,441,8,13
kor_Hang,441,9,34
kor_Hang,441,10,13
kor_Hang,441,11,13
kor_Hang,441,12,13
kor_Hang,441,13,47
kor_Hang,441,14,13
kor_Hang,441,15,13
kor_Hang,441,16,34
kor_Hang,442,0,60
kor_Hang,442,1,19
kor_Hang,442,2,13
kor_Hang,442,3,1
kor_Hang,442,4,13
kor_Hang,442,5,13
kor_Hang,442,6,13
kor_Hang,442,7,13
kor_Hang,442,8,13
kor_Hang,442,9,13
kor_Hang,442,10,61
kor_Hang,442,11,19
kor_Hang,442,12,13
kor_Hang,442,13,19
kor_Hang,442,14,13
kor_Hang,442,15,12
kor_Hang,442,16,19
kor_Hang,442,17,47
kor_Hang,442,18,13
kor_Hang,442,19,61
kor_Hang,442,20,13
kor_Hang,442,21,13
kor_Hang,442,22,47
kor_Hang,442,23,13
kor_Hang,442,24,13
kor_Hang,442,25,13
kor_Hang,442,26,13
kor_Hang,442,27,13
kor_Hang,442,28,27
kor_Hang,442,29,19
kor_Hang,442,30,13
kor_Hang,442,31,13
kor_Hang,442,32,19
kor_Hang,442,33,13
kor_Hang,442,34,13
kor_Hang,442,35,47
kor_Hang,442,36,19
kor_Hang,442,37,13
kor_Hang,442,38,19
kor_Hang,442,39,13
kor_Hang,442,40,13
kor_Hang,442,41,13
kor_Hang,442,42,19
kor_Hang,442,43,13
kor_Hang,442,44,13
kor_Hang,442,45,13
kor_Hang,442,46,13
kor_Hang,442,47,13
kor_Hang,442,48,39
kor_Hang,442,49,13
kor_Hang,443,0,60
kor_Hang,443,1,61
kor_Hang,443,2,13
kor_Hang,443,3,13
kor_Hang,443,4,13
kor_Hang,443,5,13
kor_Hang,443,6,47
kor_Hang,443,7,47
kor_Hang,443,8,13
kor_Hang,443,9,19
kor_Hang,443,10,13
kor_Hang,443,11,13
kor_Hang,443,12,13
kor_Hang,443,13,13
kor_Hang,443,14,47
kor_Hang,443,15,19
kor_Hang,443,16,24
kor_Hang,443,17,13
kor_Hang,443,18,13
kor_Hang,443,19,13
kor_Hang,443,20,13
kor_Hang,443,21,13
kor_Hang,443,22,13
kor_Hang,443,23,52
kor_Hang,443,24,13
kor_Hang,443,25,13
kor_Hang,443,26,52
kor_Hang,443,27,13
kor_Hang,443,28,13
kor_Hang,443,29,19
kor_Hang,443,30,13
kor_Hang,443,31,13
kor_Hang,443,32,19
kor_Hang,443,33,13
kor_Hang,443,34,13
kor_Hang,443,35,47
kor_Hang,443,36,34
kor_Hang,443,37,13
kor_Hang,443,38,13
kor_Hang,443,39,13
kor_Hang,443,40,34
kor_Hang,443,41,9
kor_Hang,443,42,52
kor_Hang,444,0,60
kor_Hang,444,1,12
kor_Hang,444,2,61
kor_Hang,444,3,40
kor_Hang,444,4,7
kor_Hang,445,0,60
kor_Hang,445,1,13
kor_Hang,445,2,47
kor_Hang,445,3,13
kor_Hang,445,4,13
kor_Hang,445,5,13
kor_Hang,445,6,13
kor_Hang,445,7,13
kor_Hang,445,8,19
kor_Hang,445,9,13
kor_Hang,445,10,6
kor_Hang,445,11,13
kor_Hang,445,12,19
kor_Hang,445,13,13
kor_Hang,445,14,13
kor_Hang,445,15,13
kor_Hang,445,16,13
kor_Hang,445,17,13
kor_Hang,445,18,13
kor_Hang,445,19,13
kor_Hang,445,20,47
kor_Hang,445,21,13
kor_Hang,445,22,13
kor_Hang,445,23,13
kor_Hang,445,24,13
kor_Hang,445,25,13
kor_Hang,445,26,13
kor_Hang,445,27,47
kor_Hang,445,28,34
kor_Hang,445,29,13
kor_Hang,445,30,13
kor_Hang,445,31,13
kor_Hang,445,32,34
kor_Hang,446,0,60
kor_Hang,446,1,47
kor_Hang,446,2,13
kor_Hang,446,3,13
kor_Hang,446,4,13
kor_Hang,446,5,13
kor_Hang,446,6,1
kor_Hang,446,7,13
kor_Hang,446,8,13
kor_Hang,446,9,13
kor_Hang,446,10,13
kor_Hang,446,11,13
kor_Hang,446,12,47
kor_Hang,446,13,19
kor_Hang,446,14,13
kor_Hang,446,15,13
kor_Hang,446,16,13
kor_Hang,446,17,19
kor_Hang,446,18,13
kor_Hang,446,19,19
kor_Hang,446,20,13
kor_Hang,446,21,13
kor_Hang,446,22,13
kor_Hang,446,23,13
kor_Hang,446,24,52
kor_Hang,446,25,52
kor_Hang,446,26,52
kor_Hang,446,27,13
kor_Hang,446,28,13
kor_Hang,446,29,13
kor_Hang,446,30,13
kor_Hang,446,31,47
kor_Hang,446,32,19
kor_Hang,446,33,13
kor_Hang,446,34,52
kor_Hang,446,35,52
kor_Hang,446,36,52
kor_Hang,446,37,13
kor_Hang,446,38,13
kor_Hang,446,39,13
kor_Hang,446,40,13
kor_Hang,446,41,13
kor_Hang,446,42,13
kor_Hang,446,43,13
kor_Hang,446,44,19
kor_Hang,446,45,13
kor_Hang,446,46,13
kor_Hang,446,47,13
kor_Hang,446,48,13
kor_Hang,446,49,13
kor_Hang,446,50,13
kor_Hang,446,51,13
kor_Hang,446,52,13
kor_Hang,446,53,13
kor_Hang,446,54,13
kor_Hang,446,55,47
kor_Hang,446,56,19
kor_Hang,446,57,34
kor_Hang,446,58,13
kor_Hang,446,59,13
kor_Hang,446,60,13
kor_Hang,446,61,34
kor_Hang,447,0,60
kor_Hang,447,1,13
kor_Hang,447,2,13
kor_Hang,447,3,13
kor_Hang,447,4,13
kor_Hang,447,5,13
kor_Hang,447,6,13
kor_Hang,447,7,47
kor_Hang,447,8,13
kor_Hang,447,9,13
kor_Hang,447,10,13
kor_Hang,447,11,27
kor_Hang,447,12,26
kor_Hang,447,13,13
kor_Hang,447,14,13
kor_Hang,447,15,13
kor_Hang,447,16,13
kor_Hang,447,17,13
kor_Hang,447,18,13
kor_Hang,447,19,61
kor_Hang,447,20,13
kor_Hang,447,21,13
kor_Hang,447,22,13
kor_Hang,447,23,47
kor_Hang,447,24,13
kor_Hang,447,25,13
kor_Hang,447,26,13
kor_Hang,447,27,13
kor_Hang,447,28,13
kor_Hang,447,29,13
kor_Hang,447,30,13
kor_Hang,447,31,19
kor_Hang,447,32,34
kor_Hang,447,33,13
kor_Hang,447,34,13
kor_Hang,447,35,13
kor_Hang,447,36,13
kor_Hang,447,37,13
kor_Hang,447,38,52
kor_Hang,447,39,13
kor_Hang,447,40,13
kor_Hang,447,41,13
kor_Hang,447,42,19
kor_Hang,447,43,13
kor_Hang,447,44,13
kor_Hang,447,45,13
kor_Hang,447,46,13
kor_Hang,447,47,13
kor_Hang,447,48,13
kor_Hang,447,49,13
kor_Hang,447,50,13
kor_Hang,447,51,13
kor_Hang,447,52,13
kor_Hang,447,53,13
kor_Hang,447,54,13
kor_Hang,447,55,34
kor_Hang,448,0,60
kor_Hang,448,1,13
kor_Hang,448,2,13
kor_Hang,448,3,13
kor_Hang,448,4,13
kor_Hang,448,5,13
kor_Hang,448,6,13
kor_Hang,448,7,13
kor_Hang,448,8,13
kor_Hang,448,9,13
kor_Hang,448,10,13
kor_Hang,448,11,13
kor_Hang,448,12,13
kor_Hang,448,13,47
kor_Hang,448,14,47
kor_Hang,448,15,47
kor_Hang,448,16,13
kor_Hang,448,17,61
kor_Hang,448,18,47
kor_Hang,448,19,13
kor_Hang,448,20,19
kor_Hang,448,21,13
kor_Hang,448,22,13
kor_Hang,448,23,13
kor_Hang,448,24,13
kor_Hang,448,25,13
kor_Hang,448,26,13
kor_Hang,448,27,13
kor_Hang,448,28,13
kor_Hang,448,29,13
kor_Hang,448,30,61
kor_Hang,448,31,13
kor_Hang,448,32,13
kor_Hang,448,33,13
kor_Hang,448,34,13
kor_Hang,448,35,13
kor_Hang,448,36,19
kor_Hang,448,37,13
kor_Hang,448,38,13
kor_Hang,448,39,13
kor_Hang,448,40,13
kor_Hang,448,41,13
kor_Hang,448,42,61
kor_Hang,448,43,13
kor_Hang,448,44,13
kor_Hang,448,45,13
kor_Hang,448,46,34
kor_Hang,449,0,60
kor_Hang,449,1,13
kor_Hang,449,2,13
kor_Hang,449,3,13
kor_Hang,449,4,13
kor_Hang,449,5,13
kor_Hang,449,6,47
kor_Hang,449,7,13
kor_Hang,449,8,19
kor_Hang,449,9,13
kor_Hang,449,10,13
kor_Hang,449,11,13
kor_Hang,449,12,13
kor_Hang,449,13,19
kor_Hang,449,14,13
kor_Hang,449,15,13
kor_Hang,449,16,13
kor_Hang,449,17,13
kor_Hang,449,18,13
kor_Hang,449,19,13
kor_Hang,449,20,13
kor_Hang,449,21,13
kor_Hang,449,22,13
kor_Hang,449,23,13
kor_Hang,449,24,13
kor_Hang,449,25,47
kor_Hang,449,26,13
kor_Hang,449,27,13
kor_Hang,449,28,13
kor_Hang,449,29,13
kor_Hang,449,30,19
kor_Hang,449,31,39
kor_Hang,449,32,47
kor_Hang,449,33,13
kor_Hang,449,34,39
kor_Hang,449,35,13
kor_Hang,449,36,19
kor_Hang,449,37,13
kor_Hang,449,38,47
kor_Hang,449,39,13
kor_Hang,449,40,13
kor_Hang,449,41,13
kor_Hang,449,42,13
kor_Hang,449,43,52
kor_Hang,449,44,13
kor_Hang,449,45,13
kor_Hang,449,46,19
kor_Hang,449,47,13
kor_Hang,449,48,13
kor_Hang,449,49,19
kor_Hang,449,50,13
kor_Hang,449,51,13
kor_Hang,449,52,13
kor_Hang,449,53,12
kor_Hang,449,54,13
kor_Hang,450,0,60
kor_Hang,450,1,13
kor_Hang,450,2,13
kor_Hang,450,3,13
kor_Hang,450,4,47
kor_Hang,450,5,13
kor_Hang,450,6,13
kor_Hang,450,7,47
kor_Hang,450,8,13
kor_Hang,450,9,13
kor_Hang,450,10,13
kor_Hang,450,11,19
kor_Hang,450,12,39
kor_Hang,450,13,19
kor_Hang,450,14,13
kor_Hang,450,15,13
kor_Hang,450,16,13
kor_Hang,450,17,13
kor_Hang,450,18,13
kor_Hang,450,19,13
kor_Hang,450,20,13
kor_Hang,450,21,13
kor_Hang,450,22,13
kor_Hang,450,23,13
kor_Hang,450,24,13
kor_Hang,450,25,19
kor_Hang,450,26,13
kor_Hang,450,27,47
kor_Hang,450,28,26
kor_Hang,450,29,13
kor_Hang,450,30,13
kor_Hang,450,31,13
kor_Hang,450,32,13
kor_Hang,450,33,13
kor_Hang,450,34,52
kor_Hang,450,35,52
kor_Hang,450,36,13
kor_Hang,450,37,13
kor_Hang,450,38,13
kor_Hang,450,39,13
kor_Hang,450,40,13
kor_Hang,450,41,13
kor_Hang,450,42,13
kor_Hang,450,43,12
kor_Hang,450,44,13
kor_Hang,450,45,13
kor_Hang,450,46,19
kor_Hang,450,47,13
kor_Hang,450,48,13
kor_Hang,450,49,13
kor_Hang,450,50,13
kor_Hang,450,51,13
kor_Hang,450,52,13
kor_Hang,450,53,13
kor_Hang,450,54,13
kor_Hang,450,55,13
kor_Hang,450,56,19
kor_Hang,450,57,13
kor_Hang,450,58,19
kor_Hang,450,59,34
kor_Hang,450,60,13
kor_Hang,450,61,34
kor_Hang,451,0,60
kor_Hang,451,1,13
kor_Hang,451,2,13
kor_Hang,451,3,13
kor_Hang,451,4,13
kor_Hang,451,5,13
kor_Hang,451,6,52
kor_Hang,451,7,52
kor_Hang,451,8,52
kor_Hang,451,9,52
kor_Hang,451,10,52
kor_Hang,451,11,61
kor_Hang,451,12,13
kor_Hang,451,13,13
kor_Hang,451,14,19
kor_Hang,451,15,13
kor_Hang,451,16,13
kor_Hang,451,17,13
kor_Hang,451,18,13
kor_Hang,451,19,13
kor_Hang,451,20,19
kor_Hang,451,21,13
kor_Hang,451,22,13
kor_Hang,451,23,13
kor_Hang,451,24,13
kor_Hang,451,25,13
kor_Hang,451,26,13
kor_Hang,451,27,13
kor_Hang,451,28,13
kor_Hang,451,29,13
kor_Hang,451,30,13
kor_Hang,451,31,13
kor_Hang,451,32,13
kor_Hang,451,33,13
kor_Hang,451,34,13
kor_Hang,451,35,13
kor_Hang,451,36,47
kor_Hang,451,37,13
kor_Hang,451,38,13
kor_Hang,451,39,13
kor_Hang,451,40,13
kor_Hang,451,41,13
kor_Hang,451,42,13
kor_Hang,451,43,13
kor_Hang,451,44,13
kor_Hang,451,45,19
kor_Hang,451,46,13
kor_Hang,451,47,13
kor_Hang,451,48,19
kor_Hang,451,49,13
kor_Hang,451,50,13
kor_Hang,451,51,13
kor_Hang,451,52,13
kor_Hang,451,53,13
kor_Hang,451,54,13
kor_Hang,451,55,13
kor_Hang,451,56,13
kor_Hang,451,57,13
kor_Hang,451,58,34
kor_Hang,451,59,13
kor_Hang,451,60,13
kor_Hang,451,61,19
kor_Hang,451,62,13
kor_Hang,451,63,13
kor_Hang,451,64,13
kor_Hang,451,65,34
kor_Hang,451,66,13
kor_Hang,451,67,13
kor_Hang,451,68,34
eng_Latn,452,0,60
eng_Latn,452,1,16
eng_Latn,452,2,54
eng_Latn,452,3,46
eng_Latn,452,4,5
eng_Latn,452,5,18
eng_Latn,452,6,56
eng_Latn,452,7,46
eng_Latn,452,8,5
eng_Latn,452,9,16
eng_Latn,452,10,56
eng_Latn,452,11,1
kor_Hang,453,0,60
kor_Hang,453,1,47
kor_Hang,453,2,39
kor_Hang,453,3,13
kor_Hang,453,4,47
kor_Hang,453,5,39
kor_Hang,453,6,47
kor_Hang,453,7,19
kor_Hang,453,8,39
kor_Hang,453,9,19
kor_Hang,453,10,13
kor_Hang,453,11,19
kor_Hang,453,12,13
kor_Hang,453,13,13
kor_Hang,453,14,19
kor_Hang,453,15,19
kor_Hang,453,16,13
kor_Hang,453,17,19
kor_Hang,453,18,13
kor_Hang,453,19,13
kor_Hang,453,20,13
kor_Hang,453,21,13
kor_Hang,453,22,13
kor_Hang,453,23,13
kor_Hang,453,24,13
kor_Hang,453,25,13
kor_Hang,453,26,13
kor_Hang,453,27,13
kor_Hang,453,28,13
kor_Hang,453,29,19
kor_Hang,453,30,13
kor_Hang,453,31,24
kor_Hang,453,32,52
kor_Hang,453,33,13
kor_Hang,453,34,12
kor_Hang,453,35,54
kor_Hang,454,0,60
kor_Hang,454,1,13
kor_Hang,454,2,13
kor_Hang,454,3,13
kor_Hang,454,4,13
kor_Hang,454,5,13
kor_Hang,454,6,13
kor_Hang,454,7,13
kor_Hang,454,8,19
kor_Hang,454,9,13
kor_Hang,454,10,47
kor_Hang,454,11,13
kor_Hang,454,12,19
kor_Hang,454,13,13
kor_Hang,454,14,13
kor_Hang,454,15,13
kor_Hang,454,16,13
kor_Hang,454,17,13
kor_Hang,454,18,13
kor_Hang,454,19,13
kor_Hang,454,20,13
kor_Hang,454,21,13
kor_Hang,454,22,13
kor_Hang,454,23,13
kor_Hang,454,24,19
kor_Hang,454,25,13
kor_Hang,454,26,13
kor_Hang,454,27,13
kor_Hang,454,28,13
kor_Hang,454,29,13
kor_Hang,454,30,13
kor_Hang,454,31,13
kor_Hang,454,32,13
kor_Hang,454,33,13
kor_Hang,454,34,13
kor_Hang,454,35,47
kor_Hang,454,36,34
kor_Hang,454,37,47
kor_Hang,454,38,13
kor_Hang,454,39,13
kor_Hang,454,40,34
kor_Hang,454,41,13
kor_Hang,454,42,52
kor_Hang,454,43,13
kor_Hang,454,44,13
kor_Hang,454,45,13
kor_Hang,454,46,13
kor_Hang,454,47,13
kor_Hang,454,48,13
kor_Hang,454,49,13
kor_Hang,454,50,13
kor_Hang,455,0,60
kor_Hang,455,1,13
kor_Hang,455,2,13
kor_Hang,455,3,13
kor_Hang,455,4,13
kor_Hang,455,5,13
kor_Hang,455,6,13
kor_Hang,455,7,13
kor_Hang,455,8,13
kor_Hang,455,9,13
kor_Hang,455,10,13
kor_Hang,455,11,19
kor_Hang,455,12,13
kor_Hang,455,13,13
kor_Hang,455,14,13
kor_Hang,455,15,13
kor_Hang,455,16,13
kor_Hang,455,17,13
kor_Hang,455,18,51
kor_Hang,455,19,13
kor_Hang,455,20,13
kor_Hang,455,21,13
kor_Hang,455,22,13
kor_Hang,455,23,13
kor_Hang,455,24,13
kor_Hang,455,25,13
kor_Hang,455,26,13
kor_Hang,455,27,34
kor_Hang,455,28,13
kor_Hang,455,29,13
kor_Hang,455,30,13
kor_Hang,455,31,13
kor_Hang,455,32,13
kor_Hang,455,33,13
kor_Hang,455,34,52
kor_Hang,455,35,52
kor_Hang,455,36,13
kor_Hang,455,37,13
kor_Hang,455,38,13
kor_Hang,455,39,13
kor_Hang,455,40,13
kor_Hang,455,41,13
kor_Hang,455,42,13
kor_Hang,455,43,13
kor_Hang,455,44,52
kor_Hang,455,45,19
kor_Hang,455,46,13
kor_Hang,455,47,13
kor_Hang,455,48,13
kor_Hang,455,49,13
kor_Hang,455,50,13
kor_Hang,455,51,13
kor_Hang,455,52,13
kor_Hang,455,53,13
kor_Hang,455,54,13
kor_Hang,455,55,13
kor_Hang,455,56,19
kor_Hang,455,57,13
kor_Hang,455,58,13
kor_Hang,455,59,13
kor_Hang,455,60,13
kor_Hang,455,61,13
kor_Hang,455,62,13
kor_Hang,455,63,13
kor_Hang,455,64,13
kor_Hang,455,65,34
eng_Latn,456,0,60
eng_Latn,456,1,62
eng_Latn,456,2,12
eng_Latn,456,3,35
eng_Latn,456,4,57
eng_Latn,456,5,8
eng_Latn,456,6,15
eng_Latn,456,7,63
eng_Latn,456,8,5
eng_Latn,456,9,49
kor_Hang,457,0,60
kor_Hang,457,1,47
kor_Hang,457,2,13
kor_Hang,457,3,13
kor_Hang,457,4,13
kor_Hang,457,5,24
kor_Hang,457,6,13
kor_Hang,457,7,1
kor_Hang,457,8,13
kor_Hang,457,9,47
kor_Hang,457,10,47
kor_Hang,457,11,47
kor_Hang,457,12,19
kor_Hang,457,13,13
kor_Hang,457,14,13
kor_Hang,457,15,13
kor_Hang,457,16,13
kor_Hang,457,17,13
kor_Hang,457,18,13
kor_Hang,457,19,13
kor_Hang,457,20,13
kor_Hang,457,21,13
kor_Hang,457,22,13
kor_Hang,457,23,13
kor_Hang,457,24,19
kor_Hang,457,25,13
kor_Hang,457,26,13
kor_Hang,457,27,13
kor_Hang,457,28,47
kor_Hang,457,29,39
kor_Hang,457,30,13
kor_Hang,457,31,13
kor_Hang,457,32,13
kor_Hang,457,33,13
kor_Hang,457,34,13
kor_Hang,457,35,13
kor_Hang,457,36,13
kor_Hang,457,37,13
kor_Hang,457,38,13
kor_Hang,457,39,13
kor_Hang,457,40,13
kor_Hang,457,41,13
kor_Hang,457,42,47
kor_Hang,457,43,13
kor_Hang,457,44,13
kor_Hang,457,45,13
kor_Hang,457,46,13
kor_Hang,457,47,13
kor_Hang,457,48,61
kor_Hang,457,49,19
kor_Hang,457,50,40
kor_Hang,457,51,19
kor_Hang,457,52,47
kor_Hang,457,53,13
kor_Hang,458,0,60
kor_Hang,458,1,13
kor_Hang,458,2,13
kor_Hang,458,3,13
kor_Hang,458,4,13
kor_Hang,458,5,13
kor_Hang,458,6,13
kor_Hang,458,7,13
kor_Hang,458,8,13
kor_Hang,458,9,13
kor_Hang,458,10,13
kor_Hang,458,11,13
kor_Hang,458,12,19
kor_Hang,458,13,13
kor_Hang,458,14,13
kor_Hang,458,15,13
kor_Hang,458,16,13
kor_Hang,458,17,13
kor_Hang,458,18,13
kor_Hang,458,19,13
kor_Hang,458,20,13
kor_Hang,458,21,13
kor_Hang,458,22,34
kor_Hang,458,23,13
kor_Hang,458,24,13
kor_Hang,458,25,13
kor_Hang,458,26,13
kor_Hang,458,27,13
kor_Hang,458,28,13
kor_Hang,458,29,13
kor_Hang,458,30,13
kor_Hang,458,31,13
kor_Hang,458,32,61
kor_Hang,458,33,47
kor_Hang,458,34,13
kor_Hang,458,35,13
kor_Hang,458,36,13
kor_Hang,458,37,13
kor_Hang,458,38,13
kor_Hang,458,39,39
kor_Hang,458,40,13
kor_Hang,458,41,13
kor_Hang,458,42,13
kor_Hang,458,43,13
kor_Hang,458,44,13
kor_Hang,458,45,13
kor_Hang,458,46,13
kor_Hang,458,47,13
kor_Hang,458,48,13
kor_Hang,458,49,13
kor_Hang,458,50,19
kor_Hang,458,51,13
kor_Hang,458,52,13
kor_Hang,458,53,13
kor_Hang,458,54,13
kor_Hang,458,55,13
kor_Hang,458,56,13
kor_Hang,458,57,13
kor_Hang,458,58,47
kor_Hang,458,59,13
kor_Hang,458,60,13
kor_Hang,458,61,13
kor_Hang,458,62,13
kor_Hang,458,63,13
kor_Hang,458,64,13
kor_Hang,458,65,13
kor_Hang,458,66,13
kor_Hang,458,67,13
kor_Hang,458,68,13
kor_Hang,458,69,13
kor_Hang,458,70,13
kor_Hang,458,71,34
kor_Hang,458,72,13
kor_Hang,458,73,13
kor_Hang,458,74,34
kor_Hang,459,0,60
kor_Hang,459,1,52
kor_Hang,459,2,52
kor_Hang,459,3,13
kor_Hang,459,4,13
kor_Hang,459,5,13
kor_Hang,459,6,13
kor_Hang,459,7,13
kor_Hang,459,8,13
kor_Hang,459,9,13
kor_Hang,459,10,13
kor_Hang,459,11,13
kor_Hang,459,12,13
kor_Hang,459,13,13
kor_Hang,459,14,61
kor_Hang,459,15,47
kor_Hang,459,16,13
kor_Hang,459,17,19
kor_Hang,459,18,13
kor_Hang,459,19,13
kor_Hang,459,20,13
kor_Hang,459,21,13
kor_Hang,459,22,13
kor_Hang,459,23,13
kor_Hang,459,24,13
kor_Hang,459,25,13
kor_Hang,459,26,13
kor_Hang,459,27,13
kor_Hang,459,28,13
kor_Hang,459,29,19
kor_Hang,459,30,13
kor_Hang,459,31,13
kor_Hang,459,32,13
kor_Hang,459,33,13
kor_Hang,459,34,13
kor_Hang,459,35,13
kor_Hang,459,36,19
kor_Hang,459,37,13
kor_Hang,459,38,47
kor_Hang,459,39,19
kor_Hang,459,40,13
kor_Hang,459,41,19
kor_Hang,459,42,13
kor_Hang,459,43,13
kor_Hang,459,44,47
kor_Hang,459,45,13
kor_Hang,459,46,13
kor_Hang,459,47,47
kor_Hang,459,48,19
kor_Hang,459,49,19
kor_Hang,459,50,39
kor_Hang,459,51,19
kor_Hang,459,52,13
kor_Hang,459,53,13
kor_Hang,459,54,52
kor_Hang,459,55,52
kor_Hang,459,56,52
kor_Hang,459,57,52
kor_Hang,459,58,52
kor_Hang,459,59,61
kor_Hang,459,60,13
kor_Hang,459,61,13
kor_Hang,459,62,13
kor_Hang,459,63,13
kor_Hang,459,64,13
kor_Hang,459,65,13
kor_Hang,459,66,13
kor_Hang,459,67,47
kor_Hang,459,68,13
kor_Hang,459,69,13
kor_Hang,459,70,13
kor_Hang,459,71,19
kor_Hang,459,72,13
kor_Hang,459,73,19
kor_Hang,459,74,13
kor_Hang,459,75,13
kor_Hang,459,76,13
kor_Hang,459,77,13
kor_Hang,459,78,34
kor_Hang,460,0,60
kor_Hang,460,1,13
kor_Hang,460,2,52
kor_Hang,460,3,52
kor_Hang,460,4,13
kor_Hang,460,5,13
kor_Hang,460,6,13
kor_Hang,460,7,13
kor_Hang,460,8,13
kor_Hang,460,9,19
kor_Hang,460,10,13
kor_Hang,460,11,13
kor_Hang,460,12,13
kor_Hang,460,13,13
kor_Hang,460,14,13
kor_Hang,460,15,13
kor_Hang,460,16,19
kor_Hang,460,17,13
kor_Hang,460,18,13
kor_Hang,460,19,13
kor_Hang,460,20,13
kor_Hang,460,21,13
kor_Hang,460,22,13
kor_Hang,460,23,19
kor_Hang,460,24,13
kor_Hang,460,25,13
kor_Hang,460,26,13
kor_Hang,460,27,13
kor_Hang,460,28,13
kor_Hang,460,29,13
kor_Hang,460,30,34
kor_Hang,461,0,60
kor_Hang,461,1,13
kor_Hang,461,2,13
kor_Hang,461,3,13
kor_Hang,461,4,47
kor_Hang,461,5,13
kor_Hang,461,6,13
kor_Hang,461,7,47
kor_Hang,461,8,13
kor_Hang,461,9,13
kor_Hang,461,10,13
kor_Hang,461,11,13
kor_Hang,461,12,13
kor_Hang,461,13,13
kor_Hang,461,14,13
kor_Hang,461,15,13
kor_Hang,461,16,13
kor_Hang,461,17,13
kor_Hang,461,18,13
kor_Hang,461,19,13
kor_Hang,461,20,13
kor_Hang,461,21,13
kor_Hang,461,22,13
kor_Hang,461,23,13
kor_Hang,461,24,13
kor_Hang,461,25,13
kor_Hang,461,26,47
kor_Hang,461,27,13
kor_Hang,461,28,13
kor_Hang,461,29,13
kor_Hang,461,30,13
kor_Hang,461,31,13
kor_Hang,461,32,13
kor_Hang,461,33,13
kor_Hang,461,34,13
kor_Hang,461,35,13
kor_Hang,461,36,13
kor_Hang,461,37,34
kor_Hang,462,0,60
kor_Hang,462,1,13
kor_Hang,462,2,13
kor_Hang,462,3,13
kor_Hang,462,4,13
kor_Hang,462,5,13
kor_Hang,462,6,13
kor_Hang,462,7,13
kor_Hang,462,8,13
kor_Hang,462,9,13
kor_Hang,462,10,13
kor_Hang,462,11,13
kor_Hang,462,12,13
kor_Hang,462,13,13
kor_Hang,462,14,13
kor_Hang,462,15,13
kor_Hang,462,16,13
kor_Hang,462,17,47
kor_Hang,462,18,13
kor_Hang,462,19,13
kor_Hang,462,20,19
kor_Hang,462,21,13
kor_Hang,462,22,13
kor_Hang,462,23,13
kor_Hang,462,24,13
kor_Hang,462,25,13
kor_Hang,462,26,13
kor_Hang,462,27,13
kor_Hang,462,28,13
kor_Hang,462,29,13
kor_Hang,462,30,34
kor_Hang,462,31,13
kor_Hang,462,32,13
kor_Hang,462,33,13
kor_Hang,462,34,13
kor_Hang,462,35,13
kor_Hang,462,36,13
kor_Hang,462,37,13
kor_Hang,462,38,13
kor_Hang,462,39,13
kor_Hang,462,40,13
kor_Hang,462,41,13
kor_Hang,462,42,13
kor_Hang,462,43,13
kor_Hang,462,44,13
kor_Hang,462,45,19
kor_Hang,462,46,19
kor_Hang,462,47,19
kor_Hang,462,48,13
kor_Hang,462,49,13
kor_Hang,462,50,13
kor_Hang,462,51,13
kor_Hang,462,52,34
kor_Hang,462,53,13
kor_Hang,462,54,13
kor_Hang,462,55,13
kor_Hang,462,56,13
kor_Hang,462,57,13
kor_Hang,462,58,13
kor_Hang,462,59,13
kor_Hang,462,60,34
kor_Hang,462,61,13
kor_Hang,462,62,13
kor_Hang,462,63,13
kor_Hang,462,64,13
kor_Hang,462,65,13
kor_Hang,462,66,13
kor_Hang,462,67,13
kor_Hang,462,68,13
kor_Hang,462,69,13
kor_Hang,462,70,34
kor_Hang,462,71,13
kor_Hang,462,72,19
kor_Hang,462,73,13
kor_Hang,462,74,13
kor_Hang,462,75,13
kor_Hang,462,76,13
kor_Hang,462,77,34
kor_Hang,463,0,60
kor_Hang,463,1,13
kor_Hang,463,2,13
kor_Hang,463,3,13
kor_Hang,463,4,24
kor_Hang,463,5,1
kor_Hang,463,6,1
kor_Hang,463,7,13
kor_Hang,463,8,19
kor_Hang,463,9,13
kor_Hang,463,10,13
kor_Hang,463,11,13
kor_Hang,463,12,19
kor_Hang,463,13,13
kor_Hang,463,14,13
kor_Hang,463,15,13
kor_Hang,463,16,13
kor_Hang,463,17,13
kor_Hang,463,18,13
kor_Hang,463,19,13
kor_Hang,463,20,13
kor_Hang,463,21,13
kor_Hang,463,22,13
kor_Hang,463,23,13
kor_Hang,463,24,13
kor_Hang,463,25,13
kor_Hang,463,26,13
kor_Hang,463,27,13
kor_Hang,463,28,19
kor_Hang,463,29,13
kor_Hang,463,30,19
kor_Hang,463,31,13
kor_Hang,463,32,13
kor_Hang,463,33,47
kor_Hang,463,34,13
kor_Hang,463,35,1
kor_Hang,463,36,13
kor_Hang,463,37,13
kor_Hang,463,38,19
kor_Hang,463,39,13
kor_Hang,463,40,13
kor_Hang,463,41,13
kor_Hang,463,42,13
kor_Hang,463,43,47
kor_Hang,463,44,13
kor_Hang,463,45,13
kor_Hang,463,46,19
kor_Hang,463,47,13
kor_Hang,463,48,13
kor_Hang,463,49,13
kor_Hang,463,50,13
kor_Hang,463,51,13
kor_Hang,463,52,1
kor_Hang,463,53,13
kor_Hang,463,54,13
kor_Hang,463,55,47
kor_Hang,463,56,13
kor_Hang,463,57,13
kor_Hang,463,58,47
kor_Hang,463,59,13
kor_Hang,463,60,13
kor_Hang,463,61,13
kor_Hang,463,62,13
kor_Hang,463,63,13
kor_Hang,463,64,13
kor_Hang,463,65,13
kor_Hang,463,66,13
kor_Hang,463,67,13
kor_Hang,463,68,13
kor_Hang,463,69,61
kor_Hang,463,70,13
kor_Hang,463,71,13
kor_Hang,463,72,13
kor_Hang,463,73,34
kor_Hang,464,0,60
kor_Hang,464,1,13
kor_Hang,464,2,19
kor_Hang,464,3,13
kor_Hang,464,4,13
kor_Hang,464,5,13
kor_Hang,464,6,13
kor_Hang,464,7,13
kor_Hang,464,8,13
kor_Hang,464,9,13
kor_Hang,464,10,13
kor_Hang,464,11,47
kor_Hang,464,12,13
kor_Hang,464,13,13
kor_Hang,464,14,13
kor_Hang,464,15,47
kor_Hang,464,16,47
kor_Hang,464,17,19
kor_Hang,464,18,13
kor_Hang,464,19,13
kor_Hang,464,20,13
kor_Hang,464,21,13
kor_Hang,464,22,47
kor_Hang,464,23,19
kor_Hang,464,24,13
kor_Hang,464,25,13
kor_Hang,464,26,47
kor_Hang,464,27,47
kor_Hang,464,28,39
kor_Hang,464,29,19
kor_Hang,464,30,19
kor_Hang,464,31,19
kor_Hang,464,32,13
kor_Hang,464,33,13
kor_Hang,464,34,13
kor_Hang,464,35,13
kor_Hang,464,36,13
kor_Hang,464,37,13
kor_Hang,464,38,13
kor_Hang,464,39,47
kor_Hang,464,40,13
kor_Hang,464,41,13
kor_Hang,464,42,13
kor_Hang,464,43,13
kor_Hang,464,44,19
kor_Hang,464,45,13
kor_Hang,464,46,13
kor_Hang,464,47,13
kor_Hang,464,48,13
kor_Hang,464,49,13
kor_Hang,464,50,13
kor_Hang,464,51,34
kor_Hang,464,52,13
kor_Hang,464,53,13
kor_Hang,464,54,13
kor_Hang,464,55,13
kor_Hang,464,56,34
kor_Hang,464,57,34
kor_Hang,465,0,60
kor_Hang,465,1,13
kor_Hang,465,2,13
kor_Hang,465,3,13
kor_Hang,465,4,13
kor_Hang,465,5,13
kor_Hang,465,6,13
kor_Hang,465,7,13
kor_Hang,465,8,13
kor_Hang,465,9,13
kor_Hang,465,10,13
kor_Hang,465,11,13
kor_Hang,465,12,13
kor_Hang,465,13,13
kor_Hang,465,14,13
kor_Hang,465,15,13
kor_Hang,465,16,13
kor_Hang,465,17,13
kor_Hang,465,18,13
kor_Hang,465,19,13
kor_Hang,465,20,13
kor_Hang,465,21,13
kor_Hang,465,22,13
kor_Hang,465,23,13
kor_Hang,465,24,13
kor_Hang,465,25,13
kor_Hang,465,26,13
kor_Hang,465,27,13
kor_Hang,465,28,47
kor_Hang,465,29,13
kor_Hang,465,30,13
kor_Hang,465,31,13
kor_Hang,465,32,13
kor_Hang,465,33,13
kor_Hang,465,34,34
kor_Hang,465,35,13
kor_Hang,465,36,13
kor_Hang,465,37,47
kor_Hang,465,38,13
kor_Hang,465,39,19
kor_Hang,465,40,13
kor_Hang,465,41,13
kor_Hang,465,42,13
kor_Hang,465,43,13
kor_Hang,465,44,34
eng_Latn,466,0,60
eng_Latn,466,1,39
eng_Latn,466,2,47
eng_Latn,466,3,34
kor_Hang,467,0,60
kor_Hang,467,1,39
kor_Hang,467,2,13
kor_Hang,467,3,47
kor_Hang,467,4,39
kor_Hang,467,5,19
kor_Hang,467,6,39
kor_Hang,467,7,13
kor_Hang,467,8,19
kor_Hang,467,9,13
kor_Hang,467,10,13
kor_Hang,467,11,13
kor_Hang,467,12,13
kor_Hang,467,13,13
kor_Hang,467,14,19
kor_Hang,467,15,13
kor_Hang,467,16,13
kor_Hang,467,17,13
kor_Hang,467,18,13
kor_Hang,467,19,13
kor_Hang,467,20,13
kor_Hang,467,21,19
kor_Hang,467,22,13
kor_Hang,467,23,13
kor_Hang,467,24,19
kor_Hang,467,25,13
kor_Hang,467,26,13
kor_Hang,467,27,13
kor_Hang,467,28,13
kor_Hang,467,29,19
kor_Hang,467,30,13
kor_Hang,467,31,13
kor_Hang,467,32,13
kor_Hang,467,33,13
kor_Hang,467,34,13
kor_Hang,467,35,13
kor_Hang,467,36,13
kor_Hang,467,37,13
kor_Hang,467,38,47
kor_Hang,467,39,13
kor_Hang,467,40,42
kor_Hang,467,41,24
kor_Hang,467,42,13
kor_Hang,467,43,47
kor_Hang,467,44,13
kor_Hang,467,45,13
kor_Hang,467,46,13
kor_Hang,467,47,13
kor_Hang,467,48,13
kor_Hang,467,49,13
kor_Hang,467,50,13
kor_Hang,467,51,13
kor_Hang,467,52,13
kor_Hang,467,53,13
kor_Hang,467,54,47
kor_Hang,467,55,13
kor_Hang,467,56,19
kor_Hang,467,57,19
kor_Hang,467,58,13
kor_Hang,467,59,19
kor_Hang,467,60,13
kor_Hang,467,61,13
kor_Hang,467,62,47
kor_Hang,467,63,13
kor_Hang,467,64,13
kor_Hang,467,65,13
kor_Hang,467,66,13
kor_Hang,467,67,13
kor_Hang,467,68,13
kor_Hang,467,69,13
kor_Hang,467,70,13
kor_Hang,467,71,13
kor_Hang,467,72,13
kor_Hang,467,73,13
kor_Hang,467,74,51
kor_Hang,467,75,51
eng_Latn,468,0,60
eng_Latn,468,1,12
eng_Latn,468,2,42
eng_Latn,468,3,22
eng_Latn,468,4,27
eng_Latn,468,5,49
eng_Latn,468,6,9
eng_Latn,468,7,40
kor_Hang,469,0,60
kor_Hang,469,1,13
kor_Hang,469,2,13
kor_Hang,469,3,13
kor_Hang,469,4,13
kor_Hang,469,5,13
kor_Hang,469,6,19
kor_Hang,469,7,13
kor_Hang,469,8,19
kor_Hang,469,9,13
kor_Hang,469,10,13
kor_Hang,469,11,47
kor_Hang,469,12,13
kor_Hang,469,13,13
kor_Hang,469,14,47
kor_Hang,469,15,13
kor_Hang,469,16,13
kor_Hang,469,17,13
kor_Hang,469,18,13
kor_Hang,469,19,13
kor_Hang,469,20,19
kor_Hang,469,21,13
kor_Hang,469,22,13
kor_Hang,469,23,13
kor_Hang,469,24,13
kor_Hang,469,25,47
kor_Hang,469,26,13
kor_Hang,469,27,13
kor_Hang,469,28,13
kor_Hang,469,29,13
kor_Hang,469,30,13
kor_Hang,469,31,13
kor_Hang,469,32,13
kor_Hang,469,33,13
kor_Hang,469,34,13
kor_Hang,469,35,13
kor_Hang,469,36,13
kor_Hang,469,37,13
kor_Hang,469,38,13
kor_Hang,469,39,13
kor_Hang,469,40,13
kor_Hang,469,41,13
kor_Hang,469,42,19
kor_Hang,469,43,13
kor_Hang,469,44,13
kor_Hang,469,45,13
kor_Hang,469,46,13
kor_Hang,469,47,47
kor_Hang,469,48,19
kor_Hang,469,49,13
kor_Hang,469,50,13
kor_Hang,469,51,13
kor_Hang,469,52,13
kor_Hang,469,53,13
kor_Hang,469,54,13
kor_Hang,469,55,13
kor_Hang,469,56,13
kor_Hang,469,57,13
kor_Hang,469,58,61
kor_Hang,469,59,13
kor_Hang,469,60,13
kor_Hang,469,61,13
kor_Hang,469,62,13
kor_Hang,469,63,13
kor_Hang,469,64,34
kor_Hang,469,65,13
kor_Hang,469,66,13
kor_Hang,469,67,19
kor_Hang,469,68,13
kor_Hang,469,69,13
kor_Hang,469,70,13
kor_Hang,469,71,13
kor_Hang,469,72,13
kor_Hang,469,73,13
kor_Hang,469,74,34
kor_Hang,470,0,60
kor_Hang,470,1,13
kor_Hang,470,2,13
kor_Hang,470,3,13
kor_Hang,470,4,13
kor_Hang,470,5,13
kor_Hang,470,6,24
kor_Hang,470,7,13
kor_Hang,470,8,13
kor_Hang,470,9,13
kor_Hang,470,10,13
kor_Hang,470,11,19
kor_Hang,470,12,13
kor_Hang,470,13,13
kor_Hang,470,14,13
kor_Hang,470,15,13
kor_Hang,470,16,13
kor_Hang,470,17,13
kor_Hang,470,18,19
kor_Hang,470,19,13
kor_Hang,470,20,13
kor_Hang,470,21,13
kor_Hang,470,22,13
kor_Hang,470,23,13
kor_Hang,470,24,13
kor_Hang,470,25,13
kor_Hang,470,26,13
kor_Hang,470,27,13
kor_Hang,470,28,13
kor_Hang,470,29,13
kor_Hang,470,30,13
kor_Hang,470,31,34
kor_Hang,471,0,60
kor_Hang,471,1,13
kor_Hang,471,2,13
kor_Hang,471,3,13
kor_Hang,471,4,13
kor_Hang,471,5,13
kor_Hang,471,6,52
kor_Hang,471,7,52
kor_Hang,471,8,52
kor_Hang,471,9,13
kor_Hang,471,10,52
kor_Hang,471,11,13
kor_Hang,471,12,13
kor_Hang,471,13,13
kor_Hang,471,14,13
kor_Hang,471,15,13
kor_Hang,471,16,13
kor_Hang,471,17,13
kor_Hang,471,18,13
kor_Hang,471,19,13
kor_Hang,471,20,19
kor_Hang,471,21,13
kor_Hang,471,22,13
kor_Hang,471,23,19
kor_Hang,471,24,13
kor_Hang,471,25,13
kor_Hang,471,26,13
kor_Hang,471,27,13
kor_Hang,471,28,13
kor_Hang,471,29,13
kor_Hang,471,30,13
kor_Hang,471,31,13
kor_Hang,471,32,13
kor_Hang,471,33,13
kor_Hang,471,34,13
kor_Hang,471,35,13
kor_Hang,471,36,13
kor_Hang,471,37,13
kor_Hang,471,38,13
kor_Hang,471,39,13
kor_Hang,471,40,13
kor_Hang,471,41,13
kor_Hang,471,42,13
kor_Hang,471,43,13
kor_Hang,471,44,13
kor_Hang,471,45,34
kor_Hang,471,46,13
kor_Hang,471,47,19
kor_Hang,471,48,13
kor_Hang,471,49,19
kor_Hang,471,50,34
kor_Hang,471,51,13
kor_Hang,471,52,13
kor_Hang,471,53,34
kor_Hang,471,54,34
kor_Hang,472,0,60
kor_Hang,472,1,13
kor_Hang,472,2,13
kor_Hang,472,3,47
kor_Hang,472,4,13
kor_Hang,472,5,13
kor_Hang,472,6,47
kor_Hang,472,7,19
kor_Hang,472,8,13
kor_Hang,472,9,13
kor_Hang,472,10,13
kor_Hang,472,11,13
kor_Hang,472,12,13
kor_Hang,472,13,36
kor_Hang,472,14,13
kor_Hang,472,15,13
kor_Hang,472,16,13
kor_Hang,472,17,13
kor_Hang,472,18,19
kor_Hang,472,19,13
kor_Hang,472,20,13
kor_Hang,472,21,13
kor_Hang,472,22,24
kor_Hang,472,23,13
kor_Hang,472,24,13
kor_Hang,472,25,13
kor_Hang,472,26,13
kor_Hang,472,27,13
kor_Hang,472,28,27
kor_Hang,472,29,13
kor_Hang,472,30,13
kor_Hang,472,31,19
kor_Hang,472,32,13
kor_Hang,472,33,13
kor_Hang,472,34,47
kor_Hang,472,35,13
kor_Hang,472,36,13
kor_Hang,472,37,13
kor_Hang,472,38,13
kor_Hang,472,39,13
kor_Hang,472,40,19
kor_Hang,472,41,13
kor_Hang,472,42,13
kor_Hang,472,43,13
kor_Hang,472,44,13
kor_Hang,472,45,13
kor_Hang,472,46,13
kor_Hang,472,47,13
kor_Hang,472,48,13
kor_Hang,472,49,19
kor_Hang,472,50,13
kor_Hang,472,51,13
kor_Hang,472,52,13
kor_Hang,472,53,34
kor_Hang,472,54,13
kor_Hang,472,55,9
kor_Hang,472,56,9
kor_Hang,472,57,52
kor_Hang,472,58,9
kor_Hang,472,59,52
kor_Hang,472,60,13
kor_Hang,472,61,47
kor_Hang,472,62,13
kor_Hang,472,63,47
kor_Hang,472,64,47
kor_Hang,472,65,13
kor_Hang,473,0,60
kor_Hang,473,1,13
kor_Hang,473,2,13
kor_Hang,473,3,19
kor_Hang,473,4,13
kor_Hang,473,5,13
kor_Hang,473,6,13
kor_Hang,473,7,13
kor_Hang,473,8,13
kor_Hang,473,9,13
kor_Hang,473,10,13
kor_Hang,473,11,13
kor_Hang,473,12,13
kor_Hang,473,13,13
kor_Hang,473,14,13
kor_Hang,473,15,13
kor_Hang,473,16,13
kor_Hang,473,17,13
kor_Hang,473,18,13
kor_Hang,473,19,61
kor_Hang,473,20,13
kor_Hang,473,21,13
kor_Hang,473,22,13
kor_Hang,473,23,39
kor_Hang,473,24,13
kor_Hang,473,25,19
kor_Hang,473,26,39
kor_Hang,473,27,13
kor_Hang,473,28,13
kor_Hang,473,29,19
kor_Hang,473,30,13
kor_Hang,473,31,13
kor_Hang,473,32,13
kor_Hang,473,33,13
kor_Hang,473,34,19
kor_Hang,473,35,13
kor_Hang,473,36,13
kor_Hang,473,37,13
kor_Hang,473,38,13
kor_Hang,473,39,13
kor_Hang,473,40,47
kor_Hang,473,41,13
kor_Hang,473,42,13
kor_Hang,473,43,13
kor_Hang,473,44,13
kor_Hang,473,45,13
kor_Hang,473,46,13
kor_Hang,473,47,13
kor_Hang,473,48,13
kor_Hang,473,49,13
kor_Hang,473,50,13
kor_Hang,473,51,13
kor_Hang,473,52,13
kor_Hang,473,53,13
kor_Hang,473,54,13
kor_Hang,473,55,13
kor_Hang,473,56,19
kor_Hang,473,57,13
kor_Hang,473,58,34
kor_Hang,474,0,60
kor_Hang,474,1,13
kor_Hang,474,2,13
kor_Hang,474,3,13
kor_Hang,474,4,13
kor_Hang,474,5,13
kor_Hang,474,6,13
kor_Hang,474,7,13
kor_Hang,474,8,19
kor_Hang,474,9,13
kor_Hang,474,10,13
kor_Hang,474,11,13
kor_Hang,474,12,13
kor_Hang,474,13,13
kor_Hang,474,14,19
kor_Hang,474,15,13
kor_Hang,474,16,13
kor_Hang,474,17,13
kor_Hang,474,18,47
kor_Hang,474,19,47
kor_Hang,474,20,13
kor_Hang,474,21,13
kor_Hang,474,22,13
kor_Hang,474,23,13
kor_Hang,474,24,13
kor_Hang,474,25,13
kor_Hang,474,26,19
kor_Hang,474,27,13
kor_Hang,474,28,13
kor_Hang,474,29,13
kor_Hang,474,30,13
kor_Hang,474,31,13
kor_Hang,474,32,47
kor_Hang,474,33,13
kor_Hang,474,34,13
kor_Hang,474,35,13
kor_Hang,474,36,13
kor_Hang,474,37,13
kor_Hang,474,38,13
kor_Hang,474,39,13
kor_Hang,474,40,13
kor_Hang,474,41,13
kor_Hang,474,42,13
kor_Hang,474,43,13
kor_Hang,474,44,34
kor_Hang,474,45,34
kor_Hang,475,0,60
kor_Hang,475,1,13
kor_Hang,475,2,13
kor_Hang,475,3,13
kor_Hang,475,4,13
kor_Hang,475,5,13
kor_Hang,475,6,47
kor_Hang,475,7,13
kor_Hang,475,8,13
kor_Hang,475,9,13
kor_Hang,475,10,13
kor_Hang,475,11,13
kor_Hang,475,12,13
kor_Hang,475,13,13
kor_Hang,475,14,13
kor_Hang,475,15,13
kor_Hang,475,16,13
kor_Hang,475,17,13
kor_Hang,475,18,47
kor_Hang,475,19,13
kor_Hang,475,20,13
kor_Hang,475,21,13
kor_Hang,475,22,13
kor_Hang,475,23,13
kor_Hang,475,24,13
kor_Hang,475,25,13
kor_Hang,475,26,13
kor_Hang,475,27,13
kor_Hang,475,28,19
kor_Hang,475,29,13
kor_Hang,475,30,19
kor_Hang,475,31,13
kor_Hang,475,32,13
kor_Hang,475,33,27
kor_Hang,475,34,13
kor_Hang,475,35,13
kor_Hang,475,36,13
kor_Hang,475,37,13
kor_Hang,475,38,13
kor_Hang,475,39,13
kor_Hang,475,40,13
kor_Hang,475,41,13
kor_Hang,475,42,13
kor_Hang,475,43,13
kor_Hang,475,44,13
kor_Hang,475,45,13
kor_Hang,475,46,13
kor_Hang,475,47,13
kor_Hang,475,48,34
eng_Latn,476,0,60
eng_Latn,476,1,22
eng_Latn,476,2,52
eng_Latn,476,3,46
eng_Latn,476,4,3
eng_Latn,476,5,57
eng_Latn,476,6,49
eng_Latn,477,0,60
eng_Latn,477,1,35
eng_Latn,477,2,56
eng_Latn,477,3,16
eng_Latn,477,4,16
eng_Latn,477,5,54
eng_Latn,477,6,38
eng_Latn,477,7,50
eng_Latn,477,8,63
kor_Hang,478,0,60
kor_Hang,478,1,19
kor_Hang,478,2,13
kor_Hang,478,3,13
kor_Hang,478,4,13
kor_Hang,478,5,13
kor_Hang,478,6,13
kor_Hang,478,7,13
kor_Hang,478,8,13
kor_Hang,478,9,13
kor_Hang,478,10,19
kor_Hang,478,11,13
kor_Hang,478,12,13
kor_Hang,478,13,13
kor_Hang,478,14,47
kor_Hang,478,15,13
kor_Hang,478,16,47
kor_Hang,478,17,13
kor_Hang,478,18,34
kor_Hang,478,19,13
kor_Hang,478,20,13
kor_Hang,478,21,13
kor_Hang,478,22,13
kor_Hang,478,23,13
kor_Hang,478,24,13
kor_Hang,478,25,13
kor_Hang,478,26,13
kor_Hang,478,27,13
kor_Hang,478,28,13
kor_Hang,478,29,13
kor_Hang,478,30,13
kor_Hang,478,31,13
kor_Hang,478,32,13
kor_Hang,478,33,13
kor_Hang,478,34,13
kor_Hang,478,35,13
kor_Hang,478,36,13
kor_Hang,478,37,13
kor_Hang,478,38,13
kor_Hang,478,39,13
kor_Hang,478,40,13
kor_Hang,478,41,13
kor_Hang,478,42,13
kor_Hang,478,43,19
kor_Hang,478,44,13
kor_Hang,478,45,13
kor_Hang,478,46,13
kor_Hang,478,47,13
kor_Hang,478,48,13
kor_Hang,478,49,13
kor_Hang,478,50,13
kor_Hang,478,51,19
kor_Hang,478,52,13
kor_Hang,478,53,13
kor_Hang,478,54,13
kor_Hang,478,55,13
kor_Hang,478,56,13
kor_Hang,478,57,13
kor_Hang,478,58,13
kor_Hang,478,59,13
kor_Hang,478,60,13
kor_Hang,478,61,13
kor_Hang,478,62,13
kor_Hang,478,63,13
kor_Hang,478,64,13
kor_Hang,478,65,13
kor_Hang,478,66,19
kor_Hang,478,67,13
kor_Hang,478,68,34
kor_Hang,479,0,60
kor_Hang,479,1,19
kor_Hang,479,2,13
kor_Hang,479,3,1
kor_Hang,479,4,13
kor_Hang,479,5,13
kor_Hang,479,6,19
kor_Hang,479,7,13
kor_Hang,479,8,13
kor_Hang,479,9,19
kor_Hang,479,10,13
kor_Hang,479,11,13
kor_Hang,479,12,13
kor_Hang,479,13,13
kor_Hang,479,14,19
kor_Hang,479,15,13
kor_Hang,479,16,61
kor_Hang,479,17,13
kor_Hang,479,18,13
kor_Hang,479,19,13
kor_Hang,479,20,13
kor_Hang,479,21,13
kor_Hang,479,22,13
kor_Hang,479,23,13
kor_Hang,479,24,13
kor_Hang,479,25,19
kor_Hang,479,26,13
kor_Hang,479,27,13
kor_Hang,479,28,13
kor_Hang,479,29,13
kor_Hang,479,30,47
kor_Hang,479,31,13
kor_Hang,479,32,13
kor_Hang,479,33,13
kor_Hang,479,34,13
kor_Hang,479,35,13
kor_Hang,479,36,47
kor_Hang,479,37,13
kor_Hang,479,38,13
kor_Hang,479,39,13
kor_Hang,479,40,19
kor_Hang,479,41,13
kor_Hang,479,42,13
kor_Hang,479,43,13
kor_Hang,479,44,52
kor_Hang,479,45,52
kor_Hang,479,46,52
kor_Hang,479,47,52
kor_Hang,479,48,13
kor_Hang,479,49,13
kor_Hang,479,50,13
kor_Hang,479,51,19
kor_Hang,479,52,13
kor_Hang,479,53,13
kor_Hang,479,54,19
kor_Hang,479,55,13
kor_Hang,479,56,13
kor_Hang,479,57,13
kor_Hang,479,58,13
kor_Hang,479,59,13
kor_Hang,479,60,13
kor_Hang,479,61,13
kor_Hang,479,62,13
kor_Hang,479,63,13
kor_Hang,479,64,13
kor_Hang,479,65,13
kor_Hang,479,66,13
kor_Hang,479,67,13
kor_Hang,479,68,13
kor_Hang,479,69,34
kor_Hang,479,70,19
kor_Hang,479,71,13
kor_Hang,479,72,19
kor_Hang,479,73,34
kor_Hang,479,74,34
kor_Hang,480,0,60
kor_Hang,480,1,13
kor_Hang,480,2,13
kor_Hang,480,3,19
kor_Hang,480,4,13
kor_Hang,480,5,13
kor_Hang,480,6,19
kor_Hang,480,7,13
kor_Hang,480,8,19
kor_Hang,480,9,13
kor_Hang,480,10,13
kor_Hang,480,11,13
kor_Hang,480,12,19
kor_Hang,480,13,13
kor_Hang,480,14,13
kor_Hang,480,15,47
kor_Hang,480,16,13
kor_Hang,480,17,13
kor_Hang,480,18,47
kor_Hang,480,19,13
kor_Hang,480,20,13
kor_Hang,480,21,13
kor_Hang,480,22,13
kor_Hang,480,23,13
kor_Hang,480,24,13
kor_Hang,480,25,13
kor_Hang,480,26,19
kor_Hang,480,27,13
kor_Hang,480,28,13
kor_Hang,480,29,13
kor_Hang,480,30,13
kor_Hang,480,31,47
kor_Hang,480,32,13
kor_Hang,480,33,13
kor_Hang,480,34,13
kor_Hang,480,35,13
kor_Hang,480,36,13
kor_Hang,480,37,13
kor_Hang,480,38,13
kor_Hang,480,39,13
kor_Hang,480,40,13
kor_Hang,480,41,13
kor_Hang,480,42,13
kor_Hang,480,43,13
kor_Hang,480,44,61
kor_Hang,480,45,13
kor_Hang,480,46,13
kor_Hang,480,47,13
kor_Hang,480,48,13
kor_Hang,480,49,13
kor_Hang,480,50,13
kor_Hang,480,51,13
kor_Hang,480,52,13
kor_Hang,480,53,13
kor_Hang,480,54,13
kor_Hang,480,55,13
kor_Hang,480,56,13
kor_Hang,480,57,13
kor_Hang,480,58,13
kor_Hang,480,59,13
kor_Hang,480,60,19
kor_Hang,480,61,13
kor_Hang,480,62,13
kor_Hang,481,0,60
kor_Hang,481,1,61
kor_Hang,481,2,13
kor_Hang,481,3,13
kor_Hang,481,4,13
kor_Hang,481,5,5
kor_Hang,481,6,13
kor_Hang,481,7,61
kor_Hang,481,8,13
kor_Hang,481,9,19
kor_Hang,481,10,13
kor_Hang,481,11,19
kor_Hang,481,12,13
kor_Hang,481,13,13
kor_Hang,481,14,13
kor_Hang,481,15,13
kor_Hang,481,16,1
kor_Hang,481,17,13
kor_Hang,481,18,13
kor_Hang,481,19,13
kor_Hang,481,20,13
kor_Hang,481,21,13
kor_Hang,481,22,13
kor_Hang,481,23,52
kor_Hang,481,24,13
kor_Hang,481,25,13
kor_Hang,481,26,13
kor_Hang,481,27,13
kor_Hang,481,28,13
kor_Hang,481,29,13
kor_Hang,481,30,13
kor_Hang,481,31,13
kor_Hang,481,32,13
kor_Hang,481,33,13
kor_Hang,481,34,13
kor_Hang,481,35,13
kor_Hang,481,36,13
kor_Hang,481,37,19
kor_Hang,481,38,13
kor_Hang,481,39,13
kor_Hang,481,40,13
kor_Hang,481,41,13
kor_Hang,481,42,13
kor_Hang,481,43,13
kor_Hang,481,44,34
kor_Hang,481,45,13
kor_Hang,481,46,13
kor_Hang,481,47,13
kor_Hang,481,48,19
kor_Hang,481,49,13
kor_Hang,481,50,13
kor_Hang,481,51,13
kor_Hang,481,52,13
kor_Hang,481,53,13
kor_Hang,481,54,13
kor_Hang,481,55,13
kor_Hang,481,56,13
kor_Hang,481,57,13
kor_Hang,481,58,19
kor_Hang,481,59,13
kor_Hang,481,60,34
kor_Hang,482,0,60
kor_Hang,482,1,13
kor_Hang,482,2,24
kor_Hang,482,3,13
kor_Hang,482,4,13
kor_Hang,482,5,13
kor_Hang,482,6,13
kor_Hang,482,7,13
kor_Hang,482,8,13
kor_Hang,482,9,13
kor_Hang,482,10,13
kor_Hang,482,11,47
kor_Hang,482,12,13
kor_Hang,482,13,13
kor_Hang,482,14,19
kor_Hang,482,15,13
kor_Hang,482,16,13
kor_Hang,482,17,13
kor_Hang,482,18,13
kor_Hang,482,19,13
kor_Hang,482,20,13
kor_Hang,482,21,13
kor_Hang,482,22,13
kor_Hang,482,23,13
kor_Hang,482,24,13
kor_Hang,482,25,9
kor_Hang,482,26,13
eng_Latn,483,0,60
eng_Latn,483,1,19
eng_Latn,483,2,40
eng_Latn,483,3,49
kor_Hang,484,0,60
kor_Hang,484,1,13
kor_Hang,484,2,13
kor_Hang,484,3,19
kor_Hang,484,4,13
kor_Hang,484,5,13
kor_Hang,484,6,19
kor_Hang,484,7,13
kor_Hang,484,8,13
kor_Hang,484,9,47
kor_Hang,484,10,13
kor_Hang,484,11,13
kor_Hang,484,12,13
kor_Hang,484,13,13
kor_Hang,484,14,13
kor_Hang,484,15,19
kor_Hang,484,16,13
kor_Hang,484,17,13
kor_Hang,484,18,13
kor_Hang,484,19,13
kor_Hang,484,20,13
kor_Hang,484,21,13
kor_Hang,484,22,13
kor_Hang,484,23,13
kor_Hang,484,24,13
kor_Hang,484,25,13
kor_Hang,484,26,13
kor_Hang,484,27,19
kor_Hang,484,28,39
kor_Hang,484,29,13
kor_Hang,484,30,19
kor_Hang,484,31,13
kor_Hang,484,32,39
kor_Hang,484,33,13
kor_Hang,484,34,13
kor_Hang,484,35,13
kor_Hang,484,36,13
kor_Hang,484,37,1
kor_Hang,484,38,13
kor_Hang,484,39,13
kor_Hang,484,40,9
kor_Hang,484,41,12
kor_Hang,484,42,47
kor_Hang,484,43,13
kor_Hang,484,44,13
kor_Hang,484,45,13
kor_Hang,484,46,13
kor_Hang,484,47,13
kor_Hang,484,48,13
kor_Hang,484,49,13
kor_Hang,484,50,13
kor_Hang,484,51,13
kor_Hang,484,52,13
kor_Hang,484,53,13
kor_Hang,484,54,26
kor_Hang,484,55,13
kor_Hang,484,56,13
kor_Hang,484,57,13
kor_Hang,484,58,13
kor_Hang,484,59,13
kor_Hang,484,60,52
kor_Hang,485,0,60
kor_Hang,485,1,60
kor_Hang,485,2,52
kor_Hang,485,3,13
kor_Hang,485,4,13
kor_Hang,485,5,13
kor_Hang,485,6,13
kor_Hang,485,7,13
kor_Hang,485,8,13
kor_Hang,485,9,13
kor_Hang,485,10,13
kor_Hang,485,11,13
kor_Hang,485,12,13
kor_Hang,485,13,13
kor_Hang,485,14,19
kor_Hang,485,15,13
kor_Hang,485,16,47
kor_Hang,485,17,19
kor_Hang,485,18,13
kor_Hang,485,19,13
kor_Hang,485,20,13
kor_Hang,485,21,13
kor_Hang,485,22,13
kor_Hang,485,23,13
kor_Hang,485,24,13
kor_Hang,485,25,13
kor_Hang,485,26,19
kor_Hang,485,27,13
kor_Hang,485,28,13
kor_Hang,485,29,13
kor_Hang,485,30,13
kor_Hang,485,31,13
kor_Hang,485,32,47
kor_Hang,485,33,19
kor_Hang,485,34,13
kor_Hang,485,35,57
kor_Hang,485,36,52
kor_Hang,486,0,60
kor_Hang,486,1,13
kor_Hang,486,2,13
kor_Hang,486,3,19
kor_Hang,486,4,13
kor_Hang,486,5,13
kor_Hang,486,6,47
kor_Hang,486,7,39
kor_Hang,486,8,47
kor_Hang,486,9,19
kor_Hang,486,10,13
kor_Hang,486,11,13
kor_Hang,486,12,13
kor_Hang,486,13,13
kor_Hang,486,14,13
kor_Hang,486,15,13
kor_Hang,486,16,13
kor_Hang,486,17,13
kor_Hang,486,18,13
kor_Hang,486,19,13
kor_Hang,486,20,19
kor_Hang,486,21,13
kor_Hang,486,22,13
kor_Hang,486,23,13
kor_Hang,486,24,13
kor_Hang,486,25,13
kor_Hang,486,26,13
kor_Hang,486,27,13
kor_Hang,486,28,13
kor_Hang,486,29,13
kor_Hang,486,30,19
kor_Hang,486,31,13
kor_Hang,486,32,13
kor_Hang,486,33,13
kor_Hang,486,34,19
kor_Hang,486,35,19
kor_Hang,486,36,19
kor_Hang,486,37,13
kor_Hang,486,38,13
kor_Hang,486,39,13
kor_Hang,486,40,13
kor_Hang,486,41,13
kor_Hang,486,42,13
kor_Hang,486,43,13
kor_Hang,486,44,34
kor_Hang,486,45,13
kor_Hang,486,46,19
kor_Hang,486,47,34
kor_Hang,486,48,13
kor_Hang,486,49,13
kor_Hang,486,50,13
kor_Hang,486,51,19
kor_Hang,486,52,13
kor_Hang,486,53,13
kor_Hang,486,54,13
kor_Hang,486,55,13
kor_Hang,486,56,13
kor_Hang,486,57,13
kor_Hang,486,58,19
kor_Hang,486,59,34
kor_Hang,486,60,13
kor_Hang,486,61,13
kor_Hang,486,62,13
kor_Hang,486,63,13
kor_Hang,486,64,13
kor_Hang,486,65,47
kor_Hang,486,66,13
kor_Hang,486,67,13
kor_Hang,486,68,13
kor_Hang,486,69,13
kor_Hang,486,70,13
kor_Hang,486,71,19
kor_Hang,486,72,13
kor_Hang,486,73,13
kor_Hang,486,74,19
kor_Hang,486,75,13
kor_Hang,486,76,13
kor_Hang,486,77,47
kor_Hang,486,78,13
kor_Hang,486,79,13
kor_Hang,486,80,34
kor_Hang,487,0,60
kor_Hang,487,1,13
kor_Hang,487,2,19
kor_Hang,487,3,13
kor_Hang,487,4,13
kor_Hang,487,5,13
kor_Hang,487,6,24
kor_Hang,487,7,13
kor_Hang,487,8,13
kor_Hang,487,9,13
kor_Hang,487,10,61
kor_Hang,487,11,47
kor_Hang,487,12,13
kor_Hang,487,13,13
kor_Hang,487,14,13
kor_Hang,487,15,13
kor_Hang,487,16,13
kor_Hang,487,17,13
kor_Hang,487,18,34
kor_Hang,487,19,13
kor_Hang,487,20,13
kor_Hang,487,21,13
kor_Hang,487,22,13
kor_Hang,487,23,34
kor_Hang,487,24,13
kor_Hang,487,25,34
kor_Hang,487,26,13
kor_Hang,487,27,13
kor_Hang,487,28,13
kor_Hang,487,29,13
kor_Hang,487,30,13
kor_Hang,487,31,13
kor_Hang,487,32,19
kor_Hang,487,33,13
kor_Hang,487,34,13
kor_Hang,487,35,13
kor_Hang,487,36,13
kor_Hang,487,37,13
kor_Hang,487,38,13
kor_Hang,487,39,13
kor_Hang,487,40,13
kor_Hang,487,41,13
kor_Hang,487,42,13
kor_Hang,487,43,13
kor_Hang,487,44,13
kor_Hang,487,45,13
kor_Hang,487,46,34
kor_Hang,487,47,13
kor_Hang,487,48,13
kor_Hang,487,49,47
kor_Hang,487,50,13
kor_Hang,487,51,13
kor_Hang,487,52,13
kor_Hang,487,53,13
kor_Hang,487,54,13
kor_Hang,487,55,13
kor_Hang,487,56,13
kor_Hang,487,57,19
kor_Hang,487,58,13
kor_Hang,487,59,34
kor_Hang,488,0,60
kor_Hang,488,1,13
kor_Hang,488,2,13
kor_Hang,488,3,19
kor_Hang,488,4,13
kor_Hang,488,5,13
kor_Hang,488,6,13
kor_Hang,488,7,13
kor_Hang,488,8,13
kor_Hang,488,9,13
kor_Hang,488,10,13
kor_Hang,488,11,19
kor_Hang,488,12,13
kor_Hang,488,13,13
kor_Hang,488,14,13
kor_Hang,488,15,13
kor_Hang,488,16,34
kor_Hang,488,17,13
kor_Hang,488,18,34
kor_Hang,488,19,9
kor_Hang,488,20,13
kor_Hang,488,21,13
kor_Hang,488,22,13
kor_Hang,488,23,13
kor_Hang,488,24,13
kor_Hang,488,25,13
kor_Hang,488,26,13
kor_Hang,488,27,13
kor_Hang,488,28,13
kor_Hang,488,29,13
kor_Hang,488,30,13
kor_Hang,488,31,13
kor_Hang,488,32,47
kor_Hang,488,33,13
kor_Hang,488,34,13
kor_Hang,488,35,13
kor_Hang,488,36,13
kor_Hang,488,37,13
kor_Hang,488,38,13
kor_Hang,488,39,13
kor_Hang,488,40,47
kor_Hang,488,41,13
kor_Hang,488,42,13
kor_Hang,488,43,13
kor_Hang,488,44,13
kor_Hang,488,45,13
kor_Hang,488,46,13
kor_Hang,488,47,13
kor_Hang,488,48,13
kor_Hang,488,49,13
kor_Hang,488,50,13
kor_Hang,488,51,13
kor_Hang,488,52,13
kor_Hang,488,53,47
kor_Hang,488,54,13
kor_Hang,488,55,13
kor_Hang,488,56,13
kor_Hang,488,57,13
kor_Hang,488,58,13
kor_Hang,488,59,13
kor_Hang,488,60,13
kor_Hang,488,61,13
kor_Hang,488,62,13
kor_Hang,488,63,19
kor_Hang,488,64,13
kor_Hang,488,65,13
kor_Hang,488,66,13
kor_Hang,488,67,13
kor_Hang,488,68,13
kor_Hang,488,69,13
kor_Hang,488,70,13
kor_Hang,488,71,13
kor_Hang,488,72,13
kor_Hang,488,73,19
kor_Hang,488,74,13
kor_Hang,488,75,13
kor_Hang,488,76,13
kor_Hang,488,77,34
eng_Latn,489,0,60
eng_Latn,489,1,10
eng_Latn,489,2,56
eng_Latn,489,3,54
eng_Latn,489,4,41
eng_Latn,489,5,46
kor_Hang,490,0,60
kor_Hang,490,1,19
kor_Hang,490,2,11
kor_Hang,490,3,11
kor_Hang,490,4,13
kor_Hang,490,5,13
kor_Hang,490,6,13
kor_Hang,490,7,19
kor_Hang,490,8,13
kor_Hang,490,9,9
kor_Hang,490,10,13
kor_Hang,490,11,19
kor_Hang,490,12,13
kor_Hang,490,13,19
kor_Hang,490,14,13
kor_Hang,490,15,13
kor_Hang,490,16,13
kor_Hang,490,17,13
kor_Hang,490,18,19
kor_Hang,490,19,13
kor_Hang,490,20,27
kor_Hang,490,21,13
kor_Hang,490,22,13
kor_Hang,490,23,13
kor_Hang,490,24,13
kor_Hang,490,25,9
kor_Hang,490,26,58
kor_Hang,490,27,13
kor_Hang,490,28,19
kor_Hang,490,29,13
kor_Hang,490,30,13
kor_Hang,490,31,27
kor_Hang,490,32,13
kor_Hang,490,33,13
kor_Hang,490,34,13
kor_Hang,490,35,19
kor_Hang,490,36,13
kor_Hang,490,37,19
kor_Hang,490,38,13
kor_Hang,490,39,13
kor_Hang,490,40,13
kor_Hang,490,41,13
kor_Hang,491,0,60
kor_Hang,491,1,47
kor_Hang,491,2,13
kor_Hang,491,3,13
kor_Hang,491,4,13
kor_Hang,491,5,19
kor_Hang,491,6,19
kor_Hang,491,7,13
kor_Hang,491,8,47
kor_Hang,491,9,13
kor_Hang,491,10,13
kor_Hang,491,11,47
kor_Hang,491,12,13
kor_Hang,491,13,13
kor_Hang,491,14,13
kor_Hang,491,15,19
kor_Hang,491,16,13
kor_Hang,491,17,13
kor_Hang,491,18,13
kor_Hang,491,19,13
kor_Hang,491,20,19
kor_Hang,491,21,13
kor_Hang,491,22,47
kor_Hang,491,23,19
kor_Hang,491,24,13
kor_Hang,491,25,13
kor_Hang,491,26,13
kor_Hang,491,27,13
kor_Hang,491,28,13
kor_Hang,491,29,13
kor_Hang,491,30,13
kor_Hang,491,31,12
kor_Hang,491,32,13
kor_Hang,491,33,13
kor_Hang,491,34,13
kor_Hang,491,35,13
kor_Hang,491,36,13
kor_Hang,491,37,13
kor_Hang,491,38,13
kor_Hang,491,39,13
kor_Hang,491,40,13
kor_Hang,491,41,13
kor_Hang,491,42,13
kor_Hang,491,43,13
kor_Hang,491,44,13
kor_Hang,491,45,58
kor_Hang,491,46,12
kor_Hang,491,47,60
kor_Hang,492,0,60
kor_Hang,492,1,13
kor_Hang,492,2,13
kor_Hang,492,3,13
kor_Hang,492,4,13
kor_Hang,492,5,13
kor_Hang,492,6,13
kor_Hang,492,7,13
kor_Hang,492,8,13
kor_Hang,492,9,13
kor_Hang,492,10,13
kor_Hang,492,11,13
kor_Hang,492,12,19
kor_Hang,492,13,13
kor_Hang,492,14,13
kor_Hang,492,15,13
kor_Hang,492,16,13
kor_Hang,492,17,13
kor_Hang,492,18,13
kor_Hang,492,19,13
kor_Hang,492,20,47
kor_Hang,492,21,19
kor_Hang,492,22,47
kor_Hang,492,23,19
kor_Hang,492,24,39
kor_Hang,492,25,13
kor_Hang,492,26,47
kor_Hang,492,27,13
kor_Hang,492,28,13
kor_Hang,492,29,13
kor_Hang,492,30,13
kor_Hang,492,31,13
kor_Hang,492,32,34
kor_Hang,492,33,34
kor_Hang,492,34,34
kor_Hang,492,35,34
eng_Latn,493,0,60
eng_Latn,493,1,51
eng_Latn,493,2,26
eng_Latn,493,3,61
eng_Latn,493,4,49
kor_Hang,494,0,60
kor_Hang,494,1,13
kor_Hang,494,2,13
kor_Hang,494,3,19
kor_Hang,494,4,13
kor_Hang,494,5,13
kor_Hang,494,6,13
kor_Hang,494,7,13
kor_Hang,494,8,13
kor_Hang,494,9,11
kor_Hang,494,10,13
kor_Hang,494,11,13
kor_Hang,494,12,13
kor_Hang,494,13,13
kor_Hang,494,14,13
kor_Hang,494,15,13
kor_Hang,494,16,13
kor_Hang,494,17,13
kor_Hang,494,18,13
kor_Hang,494,19,13
kor_Hang,494,20,34
kor_Hang,495,0,60
kor_Hang,495,1,19
kor_Hang,495,2,13
kor_Hang,495,3,13
kor_Hang,495,4,13
kor_Hang,495,5,13
kor_Hang,495,6,13
kor_Hang,495,7,13
kor_Hang,495,8,13
kor_Hang,495,9,13
kor_Hang,495,10,47
kor_Hang,495,11,47
kor_Hang,495,12,13
kor_Hang,495,13,13
kor_Hang,495,14,13
kor_Hang,495,15,13
kor_Hang,495,16,13
kor_Hang,495,17,13
kor_Hang,495,18,13
kor_Hang,495,19,13
kor_Hang,495,20,13
kor_Hang,495,21,13
kor_Hang,495,22,13
kor_Hang,495,23,13
kor_Hang,495,24,13
kor_Hang,495,25,34
kor_Hang,495,26,19
kor_Hang,495,27,13
kor_Hang,495,28,34
eng_Latn,496,0,60
eng_Latn,496,1,42
eng_Latn,496,2,38
eng_Latn,496,3,18
eng_Latn,496,4,16
eng_Latn,496,5,33
eng_Latn,496,6,33
kor_Hang,497,0,60
kor_Hang,497,1,13
kor_Hang,497,2,19
kor_Hang,497,3,13
kor_Hang,497,4,13
kor_Hang,497,5,19
kor_Hang,497,6,13
kor_Hang,497,7,13
kor_Hang,497,8,13
kor_Hang,497,9,13
kor_Hang,497,10,13
kor_Hang,497,11,13
kor_Hang,497,12,47
kor_Hang,497,13,13
kor_Hang,497,14,13
kor_Hang,497,15,13
kor_Hang,497,16,13
kor_Hang,497,17,13
kor_Hang,497,18,13
kor_Hang,497,19,13
kor_Hang,497,20,13
kor_Hang,497,21,13
kor_Hang,497,22,13
kor_Hang,497,23,13
kor_Hang,497,24,13
kor_Hang,497,25,13
kor_Hang,497,26,13
kor_Hang,497,27,13
kor_Hang,497,28,13
kor_Hang,497,29,13
kor_Hang,497,30,13
kor_Hang,497,31,13
kor_Hang,497,32,13
kor_Hang,497,33,47
kor_Hang,497,34,19
kor_Hang,497,35,47
kor_Hang,497,36,19
kor_Hang,497,37,19
kor_Hang,497,38,19
kor_Hang,497,39,13
kor_Hang,497,40,13
kor_Hang,497,41,47
kor_Hang,497,42,19
kor_Hang,497,43,47
kor_Hang,497,44,19
kor_Hang,497,45,13
kor_Hang,497,46,13
kor_Hang,497,47,13
kor_Hang,497,48,34
eng_Latn,498,0,60
eng_Latn,498,1,15
eng_Latn,498,2,56
eng_Latn,498,3,63
eng_Latn,498,4,60
eng_Latn,498,5,30
eng_Latn,498,6,37
kor_Hang,499,0,60
kor_Hang,499,1,13
kor_Hang,499,2,13
kor_Hang,499,3,13
kor_Hang,499,4,13
kor_Hang,499,5,13
kor_Hang,499,6,13
kor_Hang,499,7,13
kor_Hang,499,8,19
kor_Hang,499,9,13
kor_Hang,499,10,13
kor_Hang,499,11,13
kor_Hang,499,12,13
kor_Hang,499,13,13
kor_Hang,499,14,13
kor_Hang,499,15,13
kor_Hang,499,16,13
kor_Hang,499,17,13
kor_Hang,499,18,13
kor_Hang,499,19,13
kor_Hang,499,20,13
kor_Hang,499,21,13
kor_Hang,499,22,13
kor_Hang,499,23,13
kor_Hang,499,24,19
kor_Hang,499,25,13
kor_Hang,499,26,13
kor_Hang,499,27,13
kor_Hang,499,28,19
kor_Hang,499,29,13
kor_Hang,499,30,13
kor_Hang,499,31,47
kor_Hang,499,32,37
kor_Hang,499,33,13
kor_Hang,499,34,13
kor_Hang,499,35,19
kor_Hang,499,36,13
kor_Hang,499,37,13
kor_Hang,499,38,19
kor_Hang,499,39,13
kor_Hang,499,40,13
kor_Hang,499,41,13
kor_Hang,499,42,13
kor_Hang,499,43,13
kor_Hang,499,44,47
kor_Hang,499,45,13
kor_Hang,499,46,13
kor_Hang,499,47,13
kor_Hang,499,48,13
kor_Hang,499,49,13
kor_Hang,499,50,13
kor_Hang,499,51,13
kor_Hang,499,52,13
kor_Hang,499,53,13
kor_Hang,499,54,13
kor_Hang,499,55,47
kor_Hang,499,56,13
kor_Hang,499,57,47
kor_Hang,499,58,19
kor_Hang,499,59,13
kor_Hang,499,60,13
kor_Hang,499,61,52
kor_Hang,499,62,52
kor_Hang,499,63,13
kor_Hang,499,64,13
kor_Hang,499,65,13
kor_Hang,499,66,34
kor_Hang,499,67,13
kor_Hang,499,68,13
kor_Hang,499,69,34
kor_Hang,500,0,60
kor_Hang,500,1,13
kor_Hang,500,2,13
kor_Hang,500,3,13
kor_Hang,500,4,13
kor_Hang,500,5,13
kor_Hang,500,6,13
kor_Hang,500,7,13
kor_Hang,500,8,13
kor_Hang,500,9,13
kor_Hang,500,10,13
kor_Hang,500,11,13
kor_Hang,500,12,11
kor_Hang,500,13,13
kor_Hang,500,14,47
kor_Hang,500,15,13
kor_Hang,500,16,13
kor_Hang,500,17,13
kor_Hang,500,18,13
kor_Hang,500,19,13
kor_Hang,500,20,13
kor_Hang,500,21,13
kor_Hang,500,22,13
kor_Hang,500,23,13
kor_Hang,500,24,13
kor_Hang,500,25,47
kor_Hang,500,26,13
kor_Hang,500,27,13
kor_Hang,500,28,13
kor_Hang,500,29,13
kor_Hang,500,30,13
kor_Hang,500,31,13
kor_Hang,500,32,13
kor_Hang,500,33,13
kor_Hang,500,34,13
kor_Hang,500,35,13
kor_Hang,500,36,13
kor_Hang,500,37,13
kor_Hang,500,38,13
kor_Hang,500,39,13
kor_Hang,500,40,13
kor_Hang,500,41,13
kor_Hang,500,42,13
kor_Hang,500,43,13
kor_Hang,500,44,13
kor_Hang,500,45,13
kor_Hang,500,46,19
kor_Hang,500,47,34
kor_Hang,500,48,13
kor_Hang,500,49,19
kor_Hang,500,50,13
kor_Hang,500,51,34
kor_Hang,500,52,13
kor_Hang,500,53,13
kor_Hang,500,54,9
kor_Hang,500,55,13
kor_Hang,500,56,13
kor_Hang,500,57,13
kor_Hang,500,58,34
kor_Hang,500,59,13
kor_Hang,500,60,13
kor_Hang,500,61,34
kor_Hang,501,0,60
kor_Hang,501,1,19
kor_Hang,501,2,13
kor_Hang,501,3,13
kor_Hang,501,4,13
kor_Hang,501,5,13
kor_Hang,501,6,13
kor_Hang,501,7,27
kor_Hang,501,8,13
kor_Hang,501,9,13
kor_Hang,501,10,13
kor_Hang,501,11,13
kor_Hang,501,12,13
kor_Hang,501,13,13
kor_Hang,501,14,13
kor_Hang,501,15,6
kor_Hang,501,16,13
kor_Hang,501,17,13
kor_Hang,501,18,13
kor_Hang,501,19,13
kor_Hang,501,20,13
kor_Hang,501,21,6
kor_Hang,501,22,13
kor_Hang,501,23,24
kor_Hang,501,24,13
kor_Hang,501,25,13
kor_Hang,501,26,34
kor_Hang,502,0,60
kor_Hang,502,1,13
kor_Hang,502,2,13
kor_Hang,502,3,13
kor_Hang,502,4,19
kor_Hang,502,5,13
kor_Hang,502,6,47
kor_Hang,502,7,13
kor_Hang,502,8,13
kor_Hang,502,9,13
kor_Hang,502,10,13
kor_Hang,502,11,13
kor_Hang,502,12,13
kor_Hang,502,13,19
kor_Hang,502,14,13
kor_Hang,502,15,13
kor_Hang,502,16,13
kor_Hang,502,17,47
kor_Hang,502,18,13
kor_Hang,502,19,13
kor_Hang,502,20,13
kor_Hang,502,21,13
kor_Hang,502,22,13
kor_Hang,502,23,13
kor_Hang,502,24,13
kor_Hang,502,25,13
kor_Hang,502,26,13
kor_Hang,502,27,13
kor_Hang,502,28,13
kor_Hang,502,29,13
kor_Hang,502,30,13
kor_Hang,502,31,13
kor_Hang,502,32,13
kor_Hang,502,33,13
kor_Hang,502,34,13
kor_Hang,502,35,13
kor_Hang,502,36,13
kor_Hang,502,37,13
kor_Hang,502,38,13
kor_Hang,502,39,13
kor_Hang,502,40,13
kor_Hang,502,41,13
kor_Hang,502,42,13
kor_Hang,502,43,13
kor_Hang,502,44,13
kor_Hang,502,45,13
kor_Hang,502,46,34
kor_Hang,502,47,13
kor_Hang,502,48,13
kor_Hang,502,49,13
kor_Hang,502,50,13
kor_Hang,502,51,13
kor_Hang,502,52,13
kor_Hang,502,53,13
kor_Hang,502,54,13
kor_Hang,502,55,13
kor_Hang,502,56,13
kor_Hang,502,57,13
kor_Hang,502,58,13
kor_Hang,502,59,13
kor_Hang,502,60,13
kor_Hang,502,61,47
kor_Hang,502,62,13
kor_Hang,502,63,13
kor_Hang,502,64,13
kor_Hang,502,65,13
kor_Hang,502,66,19
kor_Hang,502,67,13
kor_Hang,502,68,13
kor_Hang,502,69,34
kor_Hang,502,70,13
kor_Hang,502,71,34
kor_Hang,503,0,60
kor_Hang,503,1,13
kor_Hang,503,2,13
kor_Hang,503,3,13
kor_Hang,503,4,52
kor_Hang,503,5,52
kor_Hang,503,6,52
kor_Hang,503,7,13
kor_Hang,503,8,52
kor_Hang,503,9,52
kor_Hang,503,10,52
kor_Hang,503,11,1
kor_Hang,503,12,13
kor_Hang,503,13,13
kor_Hang,503,14,13
kor_Hang,503,15,19
kor_Hang,503,16,13
kor_Hang,503,17,13
kor_Hang,503,18,13
kor_Hang,503,19,13
kor_Hang,503,20,13
kor_Hang,503,21,13
kor_Hang,503,22,13
kor_Hang,503,23,13
kor_Hang,503,24,47
kor_Hang,503,25,13
kor_Hang,503,26,13
kor_Hang,503,27,47
kor_Hang,503,28,19
kor_Hang,503,29,13
kor_Hang,503,30,13
kor_Hang,503,31,13
kor_Hang,503,32,13
kor_Hang,503,33,47
kor_Hang,503,34,13
kor_Hang,503,35,13
kor_Hang,503,36,19
kor_Hang,503,37,13
kor_Hang,503,38,13
kor_Hang,503,39,13
kor_Hang,503,40,13
kor_Hang,503,41,13
kor_Hang,503,42,13
kor_Hang,503,43,13
kor_Hang,503,44,13
kor_Hang,503,45,13
kor_Hang,503,46,34
kor_Hang,504,0,60
kor_Hang,504,1,12
kor_Hang,504,2,9
kor_Hang,504,3,13
kor_Hang,504,4,61
kor_Hang,504,5,13
kor_Hang,504,6,13
kor_Hang,504,7,13
kor_Hang,504,8,13
kor_Hang,504,9,13
kor_Hang,504,10,13
kor_Hang,504,11,13
kor_Hang,504,12,13
kor_Hang,504,13,19
kor_Hang,504,14,13
kor_Hang,504,15,11
kor_Hang,504,16,24
kor_Hang,504,17,13
kor_Hang,504,18,13
kor_Hang,504,19,47
kor_Hang,504,20,13
kor_Hang,504,21,19
kor_Hang,504,22,13
kor_Hang,504,23,13
kor_Hang,504,24,47
kor_Hang,504,25,13
kor_Hang,504,26,19
kor_Hang,504,27,39
kor_Hang,504,28,13
kor_Hang,504,29,13
kor_Hang,504,30,13
kor_Hang,504,31,13
kor_Hang,504,32,13
kor_Hang,504,33,19
kor_Hang,504,34,13
kor_Hang,504,35,24
kor_Hang,504,36,58
kor_Hang,504,37,12
kor_Hang,504,38,60
kor_Hang,505,0,60
kor_Hang,505,1,13
kor_Hang,505,2,13
kor_Hang,505,3,13
kor_Hang,505,4,13
kor_Hang,505,5,13
kor_Hang,505,6,13
kor_Hang,505,7,13
kor_Hang,505,8,13
kor_Hang,505,9,13
kor_Hang,505,10,13
kor_Hang,505,11,13
kor_Hang,505,12,19
kor_Hang,505,13,13
kor_Hang,505,14,13
kor_Hang,505,15,13
kor_Hang,505,16,13
kor_Hang,505,17,13
kor_Hang,505,18,13
kor_Hang,505,19,13
kor_Hang,505,20,19
kor_Hang,505,21,13
kor_Hang,505,22,34
kor_Hang,506,0,60
kor_Hang,506,1,13
kor_Hang,506,2,13
kor_Hang,506,3,19
kor_Hang,506,4,13
kor_Hang,506,5,13
kor_Hang,506,6,13
kor_Hang,506,7,47
kor_Hang,506,8,13
kor_Hang,506,9,47
kor_Hang,506,10,47
kor_Hang,506,11,13
kor_Hang,506,12,9
kor_Hang,506,13,42
kor_Hang,506,14,13
kor_Hang,506,15,13
kor_Hang,506,16,13
kor_Hang,506,17,47
kor_Hang,506,18,13
kor_Hang,506,19,13
kor_Hang,506,20,19
kor_Hang,506,21,13
kor_Hang,506,22,13
kor_Hang,506,23,19
kor_Hang,506,24,13
kor_Hang,506,25,12
kor_Hang,506,26,61
kor_Hang,506,27,19
kor_Hang,506,28,13
kor_Hang,506,29,47
kor_Hang,506,30,19
kor_Hang,506,31,13
kor_Hang,506,32,61
kor_Hang,506,33,19
kor_Hang,506,34,13
kor_Hang,506,35,47
kor_Hang,506,36,47
kor_Hang,506,37,13
kor_Hang,506,38,13
kor_Hang,506,39,13
kor_Hang,506,40,13
kor_Hang,506,41,9
kor_Hang,506,42,12
kor_Hang,506,43,13
kor_Hang,506,44,13
kor_Hang,506,45,13
kor_Hang,506,46,13
kor_Hang,506,47,13
kor_Hang,506,48,13
kor_Hang,506,49,52
kor_Hang,506,50,52
kor_Hang,507,0,60
kor_Hang,507,1,13
kor_Hang,507,2,13
kor_Hang,507,3,19
kor_Hang,507,4,13
kor_Hang,507,5,19
kor_Hang,507,6,39
kor_Hang,507,7,13
kor_Hang,507,8,13
kor_Hang,507,9,19
kor_Hang,507,10,39
kor_Hang,507,11,19
kor_Hang,507,12,13
kor_Hang,507,13,19
kor_Hang,507,14,13
kor_Hang,507,15,13
kor_Hang,507,16,47
kor_Hang,507,17,39
kor_Hang,507,18,13
kor_Hang,507,19,13
kor_Hang,507,20,13
kor_Hang,507,21,13
kor_Hang,507,22,19
kor_Hang,507,23,13
kor_Hang,507,24,13
kor_Hang,507,25,13
kor_Hang,507,26,13
kor_Hang,507,27,13
kor_Hang,507,28,13
kor_Hang,507,29,47
kor_Hang,507,30,19
kor_Hang,507,31,13
kor_Hang,507,32,13
kor_Hang,507,33,13
kor_Hang,507,34,13
kor_Hang,507,35,13
kor_Hang,507,36,13
kor_Hang,507,37,13
kor_Hang,507,38,13
kor_Hang,507,39,13
kor_Hang,507,40,13
kor_Hang,507,41,13
kor_Hang,507,42,13
kor_Hang,507,43,13
kor_Hang,507,44,47
kor_Hang,507,45,19
kor_Hang,507,46,13
kor_Hang,507,47,13
kor_Hang,507,48,19
kor_Hang,507,49,13
kor_Hang,507,50,13
kor_Hang,507,51,19
kor_Hang,507,52,13
kor_Hang,507,53,13
kor_Hang,507,54,19
kor_Hang,507,55,13
kor_Hang,507,56,13
kor_Hang,507,57,19
kor_Hang,507,58,13
kor_Hang,507,59,34
eng_Latn,508,0,60
eng_Latn,508,1,40
eng_Latn,508,2,18
eng_Latn,508,3,18
eng_Latn,508,4,56
eng_Latn,508,5,16
eng_Latn,508,6,59
eng_Latn,508,7,46
kor_Hang,509,0,60
kor_Hang,509,1,13
kor_Hang,509,2,13
kor_Hang,509,3,13
kor_Hang,509,4,13
kor_Hang,509,5,13
kor_Hang,509,6,19
kor_Hang,509,7,13
kor_Hang,509,8,13
kor_Hang,509,9,47
kor_Hang,509,10,13
kor_Hang,509,11,39
kor_Hang,509,12,13
kor_Hang,509,13,13
kor_Hang,509,14,13
kor_Hang,509,15,13
kor_Hang,509,16,13
kor_Hang,509,17,13
kor_Hang,509,18,13
kor_Hang,509,19,19
kor_Hang,509,20,13
kor_Hang,509,21,19
kor_Hang,509,22,13
kor_Hang,509,23,13
kor_Hang,509,24,13
kor_Hang,509,25,13
kor_Hang,509,26,13
kor_Hang,509,27,13
kor_Hang,509,28,19
kor_Hang,509,29,13
kor_Hang,509,30,30
kor_Hang,509,31,13
kor_Hang,509,32,47
kor_Hang,509,33,13
kor_Hang,509,34,13
kor_Hang,509,35,13
kor_Hang,509,36,13
kor_Hang,509,37,13
kor_Hang,509,38,13
kor_Hang,509,39,13
kor_Hang,509,40,13
kor_Hang,509,41,47
kor_Hang,509,42,13
kor_Hang,509,43,13
kor_Hang,509,44,13
kor_Hang,509,45,13
kor_Hang,509,46,13
kor_Hang,509,47,13
kor_Hang,509,48,47
kor_Hang,509,49,47
kor_Hang,509,50,13
kor_Hang,509,51,13
kor_Hang,509,52,13
kor_Hang,509,53,13
kor_Hang,509,54,19
kor_Hang,509,55,34
kor_Hang,509,56,13
kor_Hang,509,57,13
kor_Hang,509,58,13
kor_Hang,509,59,34
kor_Hang,510,0,60
kor_Hang,510,1,13
kor_Hang,510,2,13
kor_Hang,510,3,13
kor_Hang,510,4,13
kor_Hang,510,5,47
kor_Hang,510,6,47
kor_Hang,510,7,13
kor_Hang,510,8,13
kor_Hang,510,9,19
kor_Hang,510,10,13
kor_Hang,510,11,13
kor_Hang,510,12,13
kor_Hang,510,13,24
kor_Hang,510,14,13
kor_Hang,510,15,19
kor_Hang,510,16,19
kor_Hang,510,17,6
kor_Hang,510,18,13
kor_Hang,510,19,13
kor_Hang,510,20,47
kor_Hang,510,21,47
kor_Hang,510,22,61
kor_Hang,510,23,19
kor_Hang,510,24,34
kor_Hang,510,25,13
kor_Hang,510,26,13
kor_Hang,510,27,13
kor_Hang,510,28,13
kor_Hang,510,29,13
kor_Hang,510,30,13
kor_Hang,510,31,6
kor_Hang,510,32,13
kor_Hang,510,33,13
kor_Hang,510,34,13
kor_Hang,510,35,19
kor_Hang,510,36,1
kor_Hang,510,37,13
kor_Hang,510,38,19
kor_Hang,510,39,13
kor_Hang,510,40,24
kor_Hang,510,41,13
kor_Hang,510,42,13
kor_Hang,510,43,13
kor_Hang,510,44,19
kor_Hang,510,45,13
kor_Hang,510,46,34
kor_Hang,510,47,13
kor_Hang,510,48,13
kor_Hang,510,49,19
kor_Hang,510,50,13
kor_Hang,510,51,13
kor_Hang,510,52,13
kor_Hang,510,53,34
kor_Hang,510,54,34
kor_Hang,510,55,34
kor_Hang,510,56,34
kor_Hang,511,0,60
kor_Hang,511,1,13
kor_Hang,511,2,13
kor_Hang,511,3,13
kor_Hang,511,4,13
kor_Hang,511,5,13
kor_Hang,511,6,13
kor_Hang,511,7,52
kor_Hang,511,8,52
kor_Hang,511,9,13
kor_Hang,511,10,13
kor_Hang,511,11,13
kor_Hang,511,12,13
kor_Hang,511,13,13
kor_Hang,511,14,47
kor_Hang,511,15,47
kor_Hang,511,16,13
kor_Hang,511,17,19
kor_Hang,511,18,13
kor_Hang,511,19,13
kor_Hang,511,20,13
kor_Hang,511,21,13
kor_Hang,511,22,13
kor_Hang,511,23,13
kor_Hang,511,24,19
kor_Hang,511,25,34
kor_Hang,511,26,13
kor_Hang,511,27,13
kor_Hang,511,28,13
kor_Hang,511,29,34
kor_Hang,512,0,60
kor_Hang,512,1,13
kor_Hang,512,2,13
kor_Hang,512,3,13
kor_Hang,512,4,13
kor_Hang,512,5,13
kor_Hang,512,6,47
kor_Hang,512,7,13
kor_Hang,512,8,13
kor_Hang,512,9,19
kor_Hang,512,10,13
kor_Hang,512,11,27
kor_Hang,512,12,13
kor_Hang,512,13,1
kor_Hang,512,14,1
kor_Hang,512,15,47
kor_Hang,512,16,47
kor_Hang,512,17,39
kor_Hang,512,18,13
kor_Hang,512,19,13
kor_Hang,512,20,13
kor_Hang,512,21,13
kor_Hang,512,22,13
kor_Hang,512,23,13
kor_Hang,512,24,13
kor_Hang,512,25,19
kor_Hang,512,26,13
kor_Hang,512,27,61
kor_Hang,512,28,19
kor_Hang,512,29,13
kor_Hang,512,30,47
kor_Hang,512,31,13
kor_Hang,512,32,13
kor_Hang,512,33,24
kor_Hang,512,34,13
kor_Hang,512,35,13
kor_Hang,512,36,13
kor_Hang,512,37,19
kor_Hang,512,38,13
kor_Hang,512,39,47
kor_Hang,512,40,13
kor_Hang,512,41,19
kor_Hang,512,42,13
kor_Hang,512,43,13
kor_Hang,512,44,13
kor_Hang,512,45,13
kor_Hang,512,46,13
kor_Hang,512,47,47
kor_Hang,512,48,13
kor_Hang,512,49,47
kor_Hang,512,50,19
kor_Hang,512,51,13
kor_Hang,512,52,13
kor_Hang,512,53,13
kor_Hang,512,54,13
kor_Hang,512,55,13
kor_Hang,512,56,13
kor_Hang,512,57,47
kor_Hang,512,58,13
kor_Hang,512,59,27
kor_Hang,512,60,13
kor_Hang,512,61,13
kor_Hang,512,62,26
kor_Hang,512,63,13
kor_Hang,512,64,13
kor_Hang,512,65,47
kor_Hang,512,66,13
kor_Hang,512,67,13
kor_Hang,512,68,13
kor_Hang,512,69,13
kor_Hang,512,70,13
kor_Hang,512,71,34
eng_Latn,513,0,60
eng_Latn,513,1,22
eng_Latn,513,2,52
eng_Latn,513,3,37
eng_Latn,513,4,22
kor_Hang,514,0,60
kor_Hang,514,1,13
kor_Hang,514,2,13
kor_Hang,514,3,13
kor_Hang,514,4,13
kor_Hang,514,5,13
kor_Hang,514,6,13
kor_Hang,514,7,13
kor_Hang,514,8,13
kor_Hang,514,9,13
kor_Hang,514,10,13
kor_Hang,514,11,13
kor_Hang,514,12,13
kor_Hang,514,13,13
kor_Hang,514,14,13
kor_Hang,514,15,13
kor_Hang,514,16,13
kor_Hang,514,17,13
kor_Hang,514,18,13
kor_Hang,514,19,13
kor_Hang,514,20,13
kor_Hang,514,21,34
kor_Hang,514,22,13
kor_Hang,514,23,13
kor_Hang,514,24,13
kor_Hang,514,25,13
kor_Hang,514,26,13
kor_Hang,514,27,61
kor_Hang,514,28,47
kor_Hang,514,29,13
kor_Hang,514,30,13
kor_Hang,514,31,13
kor_Hang,514,32,13
kor_Hang,514,33,13
kor_Hang,514,34,13
kor_Hang,514,35,13
kor_Hang,514,36,13
kor_Hang,514,37,13
kor_Hang,514,38,13
kor_Hang,514,39,13
kor_Hang,514,40,13
kor_Hang,514,41,13
kor_Hang,514,42,13
kor_Hang,514,43,13
kor_Hang,514,44,13
kor_Hang,514,45,13
kor_Hang,514,46,13
kor_Hang,514,47,13
kor_Hang,514,48,13
kor_Hang,514,49,34
kor_Hang,514,50,13
kor_Hang,514,51,13
kor_Hang,514,52,13
kor_Hang,514,53,13
kor_Hang,514,54,34
eng_Latn,515,0,60
eng_Latn,515,1,52
eng_Latn,515,2,57
eng_Latn,515,3,33
kor_Hang,516,0,60
kor_Hang,516,1,13
kor_Hang,516,2,13
kor_Hang,516,3,13
kor_Hang,516,4,19
kor_Hang,516,5,13
kor_Hang,516,6,13
kor_Hang,516,7,19
kor_Hang,516,8,13
kor_Hang,516,9,19
kor_Hang,516,10,13
kor_Hang,516,11,13
kor_Hang,516,12,47
kor_Hang,516,13,13
kor_Hang,516,14,47
kor_Hang,516,15,19
kor_Hang,516,16,13
kor_Hang,516,17,13
kor_Hang,516,18,47
kor_Hang,516,19,13
kor_Hang,516,20,47
kor_Hang,516,21,13
kor_Hang,516,22,13
kor_Hang,517,0,60
kor_Hang,517,1,13
kor_Hang,517,2,13
kor_Hang,517,3,13
kor_Hang,517,4,13
kor_Hang,517,5,13
kor_Hang,517,6,13
kor_Hang,517,7,13
kor_Hang,517,8,13
kor_Hang,517,9,13
kor_Hang,517,10,13
kor_Hang,517,11,13
kor_Hang,517,12,13
kor_Hang,517,13,13
kor_Hang,517,14,13
kor_Hang,517,15,13
kor_Hang,517,16,61
kor_Hang,517,17,47
kor_Hang,517,18,13
kor_Hang,517,19,13
kor_Hang,517,20,13
kor_Hang,517,21,13
kor_Hang,517,22,13
kor_Hang,517,23,13
kor_Hang,517,24,47
kor_Hang,517,25,13
kor_Hang,517,26,13
kor_Hang,517,27,13
kor_Hang,517,28,13
kor_Hang,517,29,19
kor_Hang,517,30,13
kor_Hang,517,31,13
kor_Hang,517,32,27
kor_Hang,517,33,13
kor_Hang,517,34,13
kor_Hang,517,35,13
kor_Hang,517,36,13
kor_Hang,517,37,13
kor_Hang,517,38,52
kor_Hang,517,39,13
kor_Hang,517,40,13
kor_Hang,517,41,13
kor_Hang,517,42,13
kor_Hang,517,43,13
kor_Hang,517,44,13
kor_Hang,517,45,13
kor_Hang,517,46,13
kor_Hang,517,47,13
kor_Hang,517,48,19
kor_Hang,517,49,34
kor_Hang,517,50,9
kor_Hang,517,51,11
kor_Hang,517,52,13
kor_Hang,517,53,13
kor_Hang,517,54,13
kor_Hang,517,55,13
kor_Hang,517,56,13
kor_Hang,517,57,13
kor_Hang,517,58,13
kor_Hang,517,59,12
kor_Hang,517,60,11
kor_Hang,517,61,13
kor_Hang,517,62,13
kor_Hang,517,63,13
kor_Hang,517,64,13
kor_Hang,517,65,13
kor_Hang,517,66,13
kor_Hang,517,67,13
kor_Hang,517,68,13
kor_Hang,517,69,13
kor_Hang,517,70,19
kor_Hang,517,71,13
kor_Hang,517,72,11
kor_Hang,517,73,52
kor_Hang,518,0,60
kor_Hang,518,1,13
kor_Hang,518,2,13
kor_Hang,518,3,13
kor_Hang,518,4,13
kor_Hang,518,5,13
kor_Hang,518,6,61
kor_Hang,518,7,13
kor_Hang,518,8,13
kor_Hang,518,9,13
kor_Hang,518,10,13
kor_Hang,518,11,52
kor_Hang,518,12,13
kor_Hang,518,13,19
kor_Hang,518,14,13
kor_Hang,518,15,13
kor_Hang,518,16,47
kor_Hang,518,17,13
kor_Hang,518,18,13
kor_Hang,518,19,13
kor_Hang,518,20,13
kor_Hang,518,21,19
kor_Hang,518,22,34
kor_Hang,518,23,13
kor_Hang,518,24,19
kor_Hang,518,25,13
kor_Hang,518,26,13
kor_Hang,518,27,13
kor_Hang,518,28,13
kor_Hang,518,29,13
kor_Hang,518,30,13
kor_Hang,518,31,13
kor_Hang,518,32,6
kor_Hang,518,33,19
kor_Hang,518,34,13
kor_Hang,518,35,19
kor_Hang,518,36,13
kor_Hang,518,37,13
kor_Hang,518,38,13
kor_Hang,518,39,13
kor_Hang,518,40,13
kor_Hang,518,41,19
kor_Hang,518,42,13
kor_Hang,518,43,13
kor_Hang,518,44,13
kor_Hang,518,45,13
kor_Hang,518,46,52
kor_Hang,518,47,13
kor_Hang,518,48,13
kor_Hang,518,49,13
kor_Hang,518,50,13
kor_Hang,518,51,13
kor_Hang,518,52,19
kor_Hang,518,53,13
kor_Hang,518,54,19
kor_Hang,518,55,13
kor_Hang,518,56,13
kor_Hang,518,57,13
kor_Hang,518,58,19
kor_Hang,518,59,13
kor_Hang,518,60,34
kor_Hang,519,0,60
kor_Hang,519,1,13
kor_Hang,519,2,13
kor_Hang,519,3,19
kor_Hang,519,4,13
kor_Hang,519,5,13
kor_Hang,519,6,13
kor_Hang,519,7,13
kor_Hang,519,8,13
kor_Hang,519,9,13
kor_Hang,519,10,47
kor_Hang,519,11,19
kor_Hang,519,12,13
kor_Hang,519,13,13
kor_Hang,519,14,13
kor_Hang,519,15,13
kor_Hang,519,16,13
kor_Hang,519,17,13
kor_Hang,519,18,13
kor_Hang,519,19,13
kor_Hang,519,20,13
kor_Hang,519,21,13
kor_Hang,519,22,13
kor_Hang,519,23,19
kor_Hang,519,24,47
kor_Hang,519,25,47
kor_Hang,519,26,13
kor_Hang,519,27,13
kor_Hang,519,28,13
kor_Hang,519,29,13
kor_Hang,519,30,13
kor_Hang,519,31,13
kor_Hang,519,32,13
kor_Hang,519,33,13
kor_Hang,519,34,13
kor_Hang,519,35,13
kor_Hang,519,36,19
kor_Hang,519,37,13
kor_Hang,519,38,13
kor_Hang,519,39,13
kor_Hang,519,40,13
kor_Hang,519,41,13
kor_Hang,519,42,13
kor_Hang,519,43,34
kor_Hang,520,0,60
kor_Hang,520,1,13
kor_Hang,520,2,13
kor_Hang,520,3,13
kor_Hang,520,4,13
kor_Hang,520,5,13
kor_Hang,520,6,13
kor_Hang,520,7,13
kor_Hang,520,8,13
kor_Hang,520,9,34
kor_Hang,520,10,13
kor_Hang,520,11,13
kor_Hang,520,12,13
kor_Hang,520,13,13
kor_Hang,520,14,13
kor_Hang,520,15,34
kor_Hang,520,16,13
kor_Hang,520,17,13
kor_Hang,520,18,13
kor_Hang,520,19,13
kor_Hang,520,20,13
kor_Hang,520,21,13
kor_Hang,520,22,13
kor_Hang,520,23,13
kor_Hang,520,24,47
kor_Hang,520,25,19
kor_Hang,520,26,13
kor_Hang,520,27,13
kor_Hang,520,28,19
kor_Hang,520,29,13
kor_Hang,520,30,13
kor_Hang,520,31,13
kor_Hang,520,32,13
kor_Hang,520,33,13
kor_Hang,520,34,13
kor_Hang,520,35,13
kor_Hang,520,36,47
kor_Hang,520,37,39
kor_Hang,520,38,13
kor_Hang,520,39,19
kor_Hang,520,40,47
kor_Hang,520,41,13
kor_Hang,520,42,13
kor_Hang,520,43,13
kor_Hang,520,44,13
kor_Hang,520,45,13
kor_Hang,520,46,19
kor_Hang,520,47,13
kor_Hang,520,48,13
kor_Hang,520,49,13
kor_Hang,520,50,13
kor_Hang,520,51,19
kor_Hang,520,52,34
kor_Hang,520,53,13
kor_Hang,520,54,13
kor_Hang,520,55,34
kor_Hang,520,56,19
kor_Hang,520,57,13
kor_Hang,520,58,34
kor_Hang,521,0,60
kor_Hang,521,1,13
kor_Hang,521,2,19
kor_Hang,521,3,13
kor_Hang,521,4,13
kor_Hang,521,5,13
kor_Hang,521,6,13
kor_Hang,521,7,13
kor_Hang,521,8,13
kor_Hang,521,9,13
kor_Hang,521,10,13
kor_Hang,521,11,19
kor_Hang,521,12,13
kor_Hang,521,13,34
kor_Hang,521,14,12
kor_Hang,521,15,13
kor_Hang,521,16,13
kor_Hang,521,17,19
kor_Hang,521,18,13
kor_Hang,521,19,13
kor_Hang,521,20,13
kor_Hang,521,21,13
kor_Hang,521,22,13
kor_Hang,521,23,13
kor_Hang,521,24,13
kor_Hang,521,25,13
kor_Hang,521,26,19
kor_Hang,521,27,13
kor_Hang,521,28,13
kor_Hang,521,29,12
kor_Hang,521,30,13
kor_Hang,521,31,52
kor_Hang,521,32,47
kor_Hang,521,33,57
kor_Hang,521,34,47
kor_Hang,521,35,13
kor_Hang,521,36,13
kor_Hang,521,37,60
kor_Hang,521,38,52
kor_Hang,522,0,60
kor_Hang,522,1,52
kor_Hang,522,2,52
kor_Hang,522,3,13
kor_Hang,522,4,13
kor_Hang,522,5,47
kor_Hang,522,6,13
kor_Hang,522,7,13
kor_Hang,522,8,47
kor_Hang,522,9,19
kor_Hang,522,10,13
kor_Hang,522,11,13
kor_Hang,522,12,13
kor_Hang,522,13,13
kor_Hang,522,14,13
kor_Hang,522,15,13
kor_Hang,522,16,13
kor_Hang,522,17,13
kor_Hang,522,18,13
kor_Hang,522,19,13
kor_Hang,522,20,13
kor_Hang,522,21,13
kor_Hang,522,22,13
kor_Hang,522,23,13
kor_Hang,522,24,13
kor_Hang,522,25,13
kor_Hang,522,26,13
kor_Hang,522,27,47
kor_Hang,522,28,47
kor_Hang,522,29,13
kor_Hang,522,30,13
kor_Hang,522,31,13
kor_Hang,522,32,13
kor_Hang,522,33,13
kor_Hang,522,34,52
kor_Hang,522,35,13
kor_Hang,522,36,13
kor_Hang,522,37,13
kor_Hang,522,38,13
kor_Hang,522,39,13
kor_Hang,522,40,13
kor_Hang,522,41,13
kor_Hang,522,42,13
kor_Hang,522,43,13
kor_Hang,522,44,13
kor_Hang,522,45,13
kor_Hang,522,46,19
kor_Hang,522,47,13
kor_Hang,522,48,13
kor_Hang,522,49,13
kor_Hang,522,50,13
kor_Hang,522,51,34
kor_Hang,523,0,60
kor_Hang,523,1,13
kor_Hang,523,2,13
kor_Hang,523,3,47
kor_Hang,523,4,13
kor_Hang,523,5,13
kor_Hang,523,6,13
kor_Hang,523,7,13
kor_Hang,523,8,13
kor_Hang,523,9,13
kor_Hang,523,10,13
kor_Hang,523,11,13
kor_Hang,523,12,13
kor_Hang,523,13,13
kor_Hang,523,14,47
kor_Hang,523,15,13
kor_Hang,523,16,13
kor_Hang,523,17,13
kor_Hang,523,18,13
kor_Hang,523,19,13
kor_Hang,523,20,13
kor_Hang,523,21,13
kor_Hang,523,22,13
kor_Hang,523,23,19
kor_Hang,523,24,13
kor_Hang,523,25,13
kor_Hang,523,26,19
kor_Hang,523,27,13
kor_Hang,523,28,13
kor_Hang,523,29,13
kor_Hang,523,30,13
kor_Hang,523,31,13
kor_Hang,523,32,13
kor_Hang,523,33,13
kor_Hang,523,34,13
kor_Hang,523,35,13
kor_Hang,523,36,13
kor_Hang,523,37,13
kor_Hang,523,38,13
kor_Hang,523,39,13
kor_Hang,523,40,13
kor_Hang,523,41,13
kor_Hang,523,42,19
kor_Hang,523,43,13
kor_Hang,523,44,13
kor_Hang,523,45,13
kor_Hang,523,46,13
kor_Hang,523,47,13
kor_Hang,523,48,13
kor_Hang,523,49,13
kor_Hang,523,50,34
kor_Hang,523,51,13
kor_Hang,523,52,13
kor_Hang,523,53,13
kor_Hang,523,54,13
kor_Hang,523,55,13
kor_Hang,523,56,13
kor_Hang,523,57,13
kor_Hang,523,58,34
kor_Hang,523,59,13
kor_Hang,523,60,13
kor_Hang,523,61,13
kor_Hang,523,62,19
kor_Hang,523,63,13
kor_Hang,523,64,34
kor_Hang,524,0,60
kor_Hang,524,1,58
kor_Hang,524,2,12
kor_Hang,524,3,61
kor_Hang,525,0,60
kor_Hang,525,1,13
kor_Hang,525,2,13
kor_Hang,525,3,7
kor_Hang,525,4,1
kor_Hang,525,5,13
kor_Hang,525,6,13
kor_Hang,525,7,13
kor_Hang,525,8,13
kor_Hang,525,9,13
kor_Hang,525,10,47
kor_Hang,525,11,19
kor_Hang,525,12,13
kor_Hang,525,13,13
kor_Hang,525,14,13
kor_Hang,525,15,47
kor_Hang,525,16,19
kor_Hang,525,17,13
kor_Hang,525,18,13
kor_Hang,525,19,13
kor_Hang,525,20,13
kor_Hang,525,21,13
kor_Hang,525,22,13
kor_Hang,525,23,13
kor_Hang,525,24,13
kor_Hang,525,25,13
kor_Hang,525,26,13
kor_Hang,525,27,19
kor_Hang,525,28,13
kor_Hang,525,29,13
kor_Hang,525,30,47
kor_Hang,525,31,19
kor_Hang,525,32,13
kor_Hang,525,33,13
kor_Hang,525,34,13
kor_Hang,525,35,13
kor_Hang,525,36,13
kor_Hang,525,37,13
kor_Hang,525,38,13
kor_Hang,525,39,13
kor_Hang,525,40,13
kor_Hang,525,41,13
kor_Hang,525,42,51
kor_Hang,526,0,60
kor_Hang,526,1,13
kor_Hang,526,2,13
kor_Hang,526,3,13
kor_Hang,526,4,13
kor_Hang,526,5,13
kor_Hang,526,6,13
kor_Hang,526,7,13
kor_Hang,526,8,13
kor_Hang,526,9,13
kor_Hang,526,10,19
kor_Hang,526,11,13
kor_Hang,526,12,19
kor_Hang,526,13,13
kor_Hang,526,14,52
kor_Hang,526,15,52
kor_Hang,526,16,13
kor_Hang,526,17,52
kor_Hang,526,18,47
kor_Hang,526,19,13
kor_Hang,526,20,13
kor_Hang,526,21,19
kor_Hang,526,22,13
kor_Hang,526,23,13
kor_Hang,526,24,13
kor_Hang,526,25,13
kor_Hang,526,26,13
kor_Hang,526,27,13
kor_Hang,526,28,34
kor_Hang,527,0,60
kor_Hang,527,1,13
kor_Hang,527,2,13
kor_Hang,527,3,13
kor_Hang,527,4,13
kor_Hang,527,5,13
kor_Hang,527,6,13
kor_Hang,527,7,13
kor_Hang,527,8,13
kor_Hang,527,9,47
kor_Hang,527,10,19
kor_Hang,527,11,13
kor_Hang,527,12,13
kor_Hang,527,13,52
kor_Hang,527,14,52
kor_Hang,527,15,52
kor_Hang,527,16,13
kor_Hang,527,17,52
kor_Hang,527,18,52
kor_Hang,527,19,61
kor_Hang,527,20,1
kor_Hang,527,21,52
kor_Hang,527,22,52
kor_Hang,527,23,13
kor_Hang,527,24,13
kor_Hang,527,25,13
kor_Hang,527,26,13
kor_Hang,527,27,13
kor_Hang,527,28,13
kor_Hang,527,29,13
kor_Hang,527,30,13
kor_Hang,527,31,13
kor_Hang,527,32,13
kor_Hang,527,33,13
kor_Hang,527,34,34
kor_Hang,527,35,13
kor_Hang,527,36,13
kor_Hang,527,37,47
kor_Hang,527,38,34
kor_Hang,527,39,13
kor_Hang,527,40,47
kor_Hang,527,41,13
kor_Hang,527,42,13
kor_Hang,527,43,13
kor_Hang,527,44,13
kor_Hang,527,45,13
kor_Hang,527,46,13
kor_Hang,527,47,13
kor_Hang,527,48,34
kor_Hang,527,49,13
kor_Hang,527,50,13
kor_Hang,527,51,13
kor_Hang,527,52,13
kor_Hang,527,53,34
kor_Hang,527,54,13
kor_Hang,527,55,13
kor_Hang,527,56,19
kor_Hang,527,57,13
kor_Hang,527,58,13
kor_Hang,527,59,13
kor_Hang,527,60,13
kor_Hang,527,61,13
kor_Hang,527,62,34
kor_Hang,528,0,60
kor_Hang,528,1,47
kor_Hang,528,2,13
kor_Hang,528,3,13
kor_Hang,528,4,26
kor_Hang,528,5,13
kor_Hang,528,6,61
kor_Hang,528,7,26
kor_Hang,528,8,13
kor_Hang,528,9,12
kor_Hang,528,10,13
kor_Hang,528,11,13
kor_Hang,528,12,13
kor_Hang,528,13,47
kor_Hang,528,14,13
kor_Hang,528,15,13
kor_Hang,528,16,13
kor_Hang,528,17,13
kor_Hang,528,18,13
kor_Hang,528,19,19
kor_Hang,528,20,13
kor_Hang,528,21,13
kor_Hang,528,22,19
kor_Hang,528,23,13
kor_Hang,528,24,13
kor_Hang,528,25,13
kor_Hang,528,26,13
kor_Hang,528,27,13
kor_Hang,528,28,13
kor_Hang,528,29,13
kor_Hang,528,30,13
kor_Hang,528,31,13
kor_Hang,528,32,13
kor_Hang,528,33,13
kor_Hang,528,34,34
kor_Hang,529,0,60
kor_Hang,529,1,13
kor_Hang,529,2,13
kor_Hang,529,3,13
kor_Hang,529,4,19
kor_Hang,529,5,13
kor_Hang,529,6,13
kor_Hang,529,7,13
kor_Hang,529,8,13
kor_Hang,529,9,13
kor_Hang,529,10,13
kor_Hang,529,11,13
kor_Hang,529,12,19
kor_Hang,529,13,13
kor_Hang,529,14,13
kor_Hang,529,15,19
kor_Hang,529,16,34
kor_Hang,529,17,13
kor_Hang,529,18,34
kor_Hang,529,19,13
kor_Hang,529,20,6
kor_Hang,529,21,13
kor_Hang,529,22,13
kor_Hang,529,23,13
kor_Hang,529,24,47
kor_Hang,529,25,13
kor_Hang,529,26,13
kor_Hang,529,27,13
kor_Hang,529,28,13
kor_Hang,529,29,19
kor_Hang,529,30,13
kor_Hang,529,31,13
kor_Hang,529,32,13
kor_Hang,529,33,13
kor_Hang,529,34,13
kor_Hang,529,35,13
kor_Hang,529,36,13
kor_Hang,529,37,13
kor_Hang,529,38,19
kor_Hang,529,39,34
kor_Hang,529,40,34
kor_Hang,529,41,34
kor_Hang,529,42,34
eng_Latn,530,0,60
eng_Latn,530,1,40
eng_Latn,530,2,14
kor_Hang,531,0,60
kor_Hang,531,1,13
kor_Hang,531,2,13
kor_Hang,531,3,13
kor_Hang,531,4,13
kor_Hang,531,5,13
kor_Hang,531,6,52
kor_Hang,531,7,13
kor_Hang,531,8,52
kor_Hang,531,9,13
kor_Hang,531,10,13
kor_Hang,531,11,13
kor_Hang,531,12,13
kor_Hang,531,13,13
kor_Hang,531,14,13
kor_Hang,531,15,13
kor_Hang,531,16,13
kor_Hang,531,17,13
kor_Hang,531,18,13
kor_Hang,531,19,19
kor_Hang,531,20,13
kor_Hang,531,21,52
kor_Hang,532,0,60
kor_Hang,532,1,13
kor_Hang,532,2,13
kor_Hang,532,3,13
kor_Hang,532,4,13
kor_Hang,532,5,13
kor_Hang,532,6,13
kor_Hang,532,7,13
kor_Hang,532,8,13
kor_Hang,532,9,13
kor_Hang,532,10,19
kor_Hang,532,11,13
kor_Hang,532,12,13
kor_Hang,532,13,13
kor_Hang,532,14,13
kor_Hang,532,15,13
kor_Hang,532,16,13
kor_Hang,532,17,19
kor_Hang,532,18,34
kor_Hang,532,19,13
kor_Hang,532,20,13
kor_Hang,532,21,13
kor_Hang,532,22,13
kor_Hang,532,23,13
kor_Hang,532,24,34
kor_Hang,532,25,13
kor_Hang,532,26,13
kor_Hang,532,27,13
kor_Hang,532,28,13
kor_Hang,532,29,13
kor_Hang,532,30,13
kor_Hang,532,31,13
kor_Hang,532,32,34
kor_Hang,532,33,13
kor_Hang,532,34,13
kor_Hang,532,35,13
kor_Hang,532,36,34
kor_Hang,532,37,13
kor_Hang,532,38,34
kor_Hang,533,0,60
kor_Hang,533,1,19
kor_Hang,533,2,13
kor_Hang,533,3,13
kor_Hang,533,4,13
kor_Hang,533,5,13
kor_Hang,533,6,13
kor_Hang,533,7,13
kor_Hang,533,8,13
kor_Hang,533,9,13
kor_Hang,533,10,13
kor_Hang,533,11,13
kor_Hang,533,12,13
kor_Hang,533,13,13
kor_Hang,533,14,13
kor_Hang,533,15,47
kor_Hang,533,16,13
kor_Hang,533,17,13
kor_Hang,533,18,13
kor_Hang,533,19,13
kor_Hang,533,20,13
kor_Hang,533,21,13
kor_Hang,533,22,47
kor_Hang,533,23,13
kor_Hang,533,24,13
kor_Hang,533,25,13
kor_Hang,533,26,13
kor_Hang,533,27,13
kor_Hang,533,28,13
kor_Hang,533,29,13
kor_Hang,533,30,13
kor_Hang,533,31,13
kor_Hang,533,32,13
kor_Hang,533,33,13
kor_Hang,533,34,13
kor_Hang,533,35,13
kor_Hang,533,36,13
kor_Hang,533,37,13
kor_Hang,533,38,34
kor_Hang,533,39,19
kor_Hang,533,40,34
kor_Hang,533,41,34
kor_Hang,534,0,60
kor_Hang,534,1,19
kor_Hang,534,2,13
kor_Hang,534,3,13
kor_Hang,534,4,13
kor_Hang,534,5,13
kor_Hang,534,6,13
kor_Hang,534,7,13
kor_Hang,534,8,19
kor_Hang,534,9,13
kor_Hang,534,10,13
kor_Hang,534,11,47
kor_Hang,534,12,13
kor_Hang,534,13,19
kor_Hang,534,14,13
kor_Hang,534,15,13
kor_Hang,534,16,13
kor_Hang,534,17,13
kor_Hang,534,18,13
kor_Hang,534,19,13
kor_Hang,534,20,13
kor_Hang,534,21,13
kor_Hang,534,22,13
kor_Hang,534,23,47
kor_Hang,534,24,13
kor_Hang,534,25,13
kor_Hang,534,26,47
kor_Hang,534,27,47
kor_Hang,534,28,19
kor_Hang,534,29,47
kor_Hang,534,30,13
kor_Hang,534,31,13
kor_Hang,534,32,13
kor_Hang,534,33,13
kor_Hang,534,34,13
kor_Hang,534,35,13
kor_Hang,534,36,13
kor_Hang,534,37,13
kor_Hang,534,38,34
kor_Hang,534,39,34
kor_Hang,535,0,60
kor_Hang,535,1,13
kor_Hang,535,2,13
kor_Hang,535,3,13
kor_Hang,535,4,13
kor_Hang,535,5,13
kor_Hang,535,6,13
kor_Hang,535,7,13
kor_Hang,535,8,47
kor_Hang,535,9,13
kor_Hang,535,10,13
kor_Hang,535,11,13
kor_Hang,535,12,13
kor_Hang,535,13,13
kor_Hang,535,14,13
kor_Hang,535,15,13
kor_Hang,535,16,13
kor_Hang,535,17,13
kor_Hang,535,18,13
kor_Hang,535,19,13
kor_Hang,535,20,13
kor_Hang,535,21,13
kor_Hang,535,22,13
kor_Hang,535,23,13
kor_Hang,535,24,13
kor_Hang,535,25,13
kor_Hang,535,26,13
kor_Hang,535,27,13
kor_Hang,535,28,13
kor_Hang,535,29,13
kor_Hang,535,30,13
kor_Hang,535,31,13
kor_Hang,535,32,13
kor_Hang,535,33,13
kor_Hang,535,34,13
kor_Hang,535,35,34
kor_Hang,535,36,51
kor_Hang,536,0,60
kor_Hang,536,1,24
kor_Hang,536,2,13
kor_Hang,536,3,13
kor_Hang,536,4,13
kor_Hang,536,5,13
kor_Hang,536,6,13
kor_Hang,536,7,13
kor_Hang,536,8,13
kor_Hang,536,9,13
kor_Hang,536,10,13
kor_Hang,536,11,13
kor_Hang,536,12,27
kor_Hang,536,13,58
kor_Hang,536,14,12
kor_Hang,536,15,13
kor_Hang,536,16,13
kor_Hang,536,17,13
kor_Hang,536,18,13
kor_Hang,536,19,58
kor_Hang,536,20,13
kor_Hang,536,21,47
kor_Hang,536,22,19
kor_Hang,536,23,13
kor_Hang,536,24,58
kor_Hang,536,25,12
kor_Hang,536,26,11
kor_Hang,536,27,13
kor_Hang,536,28,13
kor_Hang,536,29,13
kor_Hang,536,30,13
kor_Hang,536,31,47
kor_Hang,536,32,13
kor_Hang,536,33,13
kor_Hang,536,34,13
kor_Hang,536,35,27
kor_Hang,536,36,27
kor_Hang,536,37,13
kor_Hang,536,38,27
kor_Hang,536,39,13
kor_Hang,536,40,13
kor_Hang,536,41,13
kor_Hang,536,42,13
kor_Hang,536,43,13
kor_Hang,536,44,13
kor_Hang,536,45,13
kor_Hang,536,46,13
kor_Hang,536,47,13
kor_Hang,536,48,13
kor_Hang,536,49,13
kor_Hang,536,50,13
kor_Hang,536,51,13
kor_Hang,536,52,34
kor_Hang,536,53,13
kor_Hang,536,54,13
kor_Hang,536,55,13
kor_Hang,536,56,13
kor_Hang,536,57,19
kor_Hang,536,58,13
kor_Hang,536,59,13
kor_Hang,536,60,13
kor_Hang,536,61,13
kor_Hang,536,62,13
kor_Hang,536,63,51
kor_Hang,536,64,19
kor_Hang,536,65,13
kor_Hang,537,0,60
kor_Hang,537,1,13
kor_Hang,537,2,13
kor_Hang,537,3,13
kor_Hang,537,4,13
kor_Hang,537,5,13
kor_Hang,537,6,13
kor_Hang,537,7,13
kor_Hang,537,8,13
kor_Hang,537,9,13
kor_Hang,537,10,13
kor_Hang,537,11,13
kor_Hang,537,12,47
kor_Hang,537,13,13
kor_Hang,537,14,19
kor_Hang,537,15,19
kor_Hang,537,16,13
kor_Hang,537,17,47
kor_Hang,537,18,13
kor_Hang,537,19,13
kor_Hang,537,20,19
kor_Hang,537,21,39
kor_Hang,537,22,13
kor_Hang,537,23,13
kor_Hang,537,24,13
kor_Hang,537,25,13
kor_Hang,537,26,13
kor_Hang,537,27,24
kor_Hang,537,28,47
kor_Hang,537,29,19
kor_Hang,537,30,40
kor_Hang,537,31,40
kor_Hang,537,32,13
kor_Hang,537,33,13
kor_Hang,537,34,13
kor_Hang,537,35,13
kor_Hang,537,36,13
kor_Hang,537,37,13
kor_Hang,537,38,13
kor_Hang,537,39,34
kor_Hang,538,0,60
kor_Hang,538,1,19
kor_Hang,538,2,13
kor_Hang,538,3,13
kor_Hang,538,4,13
kor_Hang,538,5,13
kor_Hang,538,6,13
kor_Hang,538,7,47
kor_Hang,538,8,13
kor_Hang,538,9,13
kor_Hang,538,10,19
kor_Hang,538,11,13
kor_Hang,538,12,19
kor_Hang,538,13,13
kor_Hang,538,14,13
kor_Hang,538,15,13
kor_Hang,538,16,13
kor_Hang,538,17,13
kor_Hang,538,18,19
kor_Hang,538,19,34
kor_Hang,538,20,13
kor_Hang,538,21,13
kor_Hang,538,22,13
kor_Hang,538,23,13
kor_Hang,538,24,13
kor_Hang,538,25,34
kor_Hang,539,0,60
kor_Hang,539,1,13
kor_Hang,539,2,13
kor_Hang,539,3,13
kor_Hang,539,4,47
kor_Hang,539,5,51
kor_Hang,539,6,51
kor_Hang,539,7,51
kor_Hang,539,8,13
kor_Hang,539,9,19
kor_Hang,539,10,13
kor_Hang,539,11,13
kor_Hang,539,12,13
kor_Hang,539,13,13
kor_Hang,539,14,13
kor_Hang,539,15,19
kor_Hang,539,16,13
kor_Hang,539,17,13
kor_Hang,539,18,13
kor_Hang,539,19,13
kor_Hang,540,0,60
kor_Hang,540,1,11
kor_Hang,540,2,13
kor_Hang,540,3,13
kor_Hang,540,4,13
kor_Hang,540,5,13
kor_Hang,540,6,13
kor_Hang,540,7,13
kor_Hang,540,8,11
kor_Hang,540,9,13
kor_Hang,540,10,13
kor_Hang,540,11,13
kor_Hang,540,12,13
kor_Hang,540,13,13
kor_Hang,540,14,13
kor_Hang,540,15,13
kor_Hang,540,16,47
kor_Hang,540,17,13
kor_Hang,540,18,22
kor_Hang,540,19,12
kor_Hang,540,20,22
kor_Hang,540,21,13
kor_Hang,540,22,13
kor_Hang,540,23,13
kor_Hang,540,24,47
kor_Hang,540,25,47
kor_Hang,540,26,13
kor_Hang,540,27,47
kor_Hang,540,28,47
kor_Hang,540,29,47
kor_Hang,540,30,13
kor_Hang,540,31,19
kor_Hang,540,32,13
kor_Hang,540,33,13
kor_Hang,540,34,13
kor_Hang,540,35,13
kor_Hang,540,36,13
kor_Hang,540,37,13
kor_Hang,540,38,13
kor_Hang,540,39,13
kor_Hang,540,40,24
kor_Hang,540,41,13
kor_Hang,540,42,19
kor_Hang,540,43,39
kor_Hang,540,44,13
kor_Hang,540,45,13
kor_Hang,540,46,13
kor_Hang,540,47,47
kor_Hang,540,48,19
kor_Hang,540,49,39
kor_Hang,540,50,19
kor_Hang,541,0,60
kor_Hang,541,1,19
kor_Hang,541,2,13
kor_Hang,541,3,13
kor_Hang,541,4,13
kor_Hang,541,5,13
kor_Hang,541,6,13
kor_Hang,541,7,13
kor_Hang,541,8,13
kor_Hang,541,9,13
kor_Hang,541,10,19
kor_Hang,541,11,13
kor_Hang,541,12,13
kor_Hang,541,13,13
kor_Hang,541,14,13
kor_Hang,541,15,13
kor_Hang,541,16,13
kor_Hang,541,17,13
kor_Hang,541,18,13
kor_Hang,541,19,13
kor_Hang,541,20,19
kor_Hang,541,21,13
kor_Hang,541,22,13
kor_Hang,541,23,13
kor_Hang,541,24,13
kor_Hang,541,25,13
kor_Hang,541,26,19
kor_Hang,541,27,13
kor_Hang,541,28,13
kor_Hang,541,29,13
kor_Hang,541,30,13
kor_Hang,541,31,13
kor_Hang,541,32,13
kor_Hang,541,33,19
kor_Hang,541,34,13
kor_Hang,541,35,34
kor_Hang,542,0,60
kor_Hang,542,1,13
kor_Hang,542,2,13
kor_Hang,542,3,13
kor_Hang,542,4,13
kor_Hang,542,5,13
kor_Hang,542,6,13
kor_Hang,542,7,13
kor_Hang,542,8,13
kor_Hang,542,9,19
kor_Hang,542,10,13
kor_Hang,542,11,13
kor_Hang,542,12,13
kor_Hang,542,13,13
kor_Hang,542,14,13
kor_Hang,542,15,13
kor_Hang,542,16,13
kor_Hang,542,17,13
kor_Hang,542,18,13
kor_Hang,542,19,47
kor_Hang,542,20,13
kor_Hang,542,21,13
kor_Hang,542,22,13
kor_Hang,542,23,13
kor_Hang,542,24,13
kor_Hang,542,25,13
kor_Hang,542,26,13
kor_Hang,542,27,13
kor_Hang,542,28,13
kor_Hang,542,29,13
kor_Hang,542,30,13
kor_Hang,542,31,13
kor_Hang,542,32,19
kor_Hang,542,33,13
kor_Hang,542,34,34
eng_Latn,543,0,60
eng_Latn,543,1,56
eng_Latn,543,2,56
eng_Latn,543,3,38
eng_Latn,543,4,57
eng_Latn,543,5,20
eng_Latn,543,6,46
eng_Latn,543,7,15
kor_Hang,544,0,60
kor_Hang,544,1,47
kor_Hang,544,2,19
kor_Hang,544,3,13
kor_Hang,544,4,13
kor_Hang,544,5,13
kor_Hang,544,6,13
kor_Hang,544,7,13
kor_Hang,544,8,13
kor_Hang,544,9,13
kor_Hang,544,10,13
kor_Hang,544,11,13
kor_Hang,544,12,34
kor_Hang,544,13,13
kor_Hang,544,14,13
kor_Hang,544,15,13
kor_Hang,544,16,13
kor_Hang,544,17,13
kor_Hang,544,18,13
kor_Hang,544,19,13
kor_Hang,544,20,13
kor_Hang,544,21,13
kor_Hang,544,22,13
kor_Hang,544,23,13
kor_Hang,544,24,19
kor_Hang,544,25,13
kor_Hang,544,26,13
kor_Hang,544,27,13
kor_Hang,544,28,13
kor_Hang,544,29,13
kor_Hang,544,30,13
kor_Hang,544,31,13
kor_Hang,544,32,13
kor_Hang,544,33,13
kor_Hang,544,34,13
kor_Hang,544,35,13
kor_Hang,544,36,27
kor_Hang,544,37,13
kor_Hang,544,38,13
kor_Hang,544,39,13
kor_Hang,544,40,13
kor_Hang,544,41,19
kor_Hang,544,42,13
kor_Hang,544,43,13
kor_Hang,544,44,13
kor_Hang,544,45,13
kor_Hang,544,46,13
kor_Hang,544,47,13
kor_Hang,544,48,13
kor_Hang,544,49,13
kor_Hang,544,50,13
kor_Hang,544,51,13
kor_Hang,544,52,13
kor_Hang,544,53,34
kor_Hang,544,54,13
kor_Hang,544,55,13
kor_Hang,544,56,13
kor_Hang,544,57,13
kor_Hang,544,58,19
kor_Hang,544,59,13
kor_Hang,544,60,13
kor_Hang,544,61,13
kor_Hang,544,62,13
kor_Hang,544,63,13
kor_Hang,544,64,47
kor_Hang,544,65,34
kor_Hang,544,66,13
kor_Hang,544,67,13
kor_Hang,544,68,13
kor_Hang,544,69,13
kor_Hang,544,70,13
kor_Hang,544,71,13
kor_Hang,544,72,19
kor_Hang,544,73,13
kor_Hang,544,74,34
kor_Hang,545,0,60
kor_Hang,545,1,13
kor_Hang,545,2,47
kor_Hang,545,3,13
kor_Hang,545,4,13
kor_Hang,545,5,39
kor_Hang,545,6,13
kor_Hang,545,7,19
kor_Hang,545,8,13
kor_Hang,545,9,13
kor_Hang,545,10,47
kor_Hang,545,11,13
kor_Hang,545,12,13
kor_Hang,545,13,13
kor_Hang,545,14,9
kor_Hang,545,15,22
kor_Hang,545,16,13
kor_Hang,545,17,47
kor_Hang,545,18,13
kor_Hang,545,19,19
kor_Hang,545,20,19
kor_Hang,545,21,13
kor_Hang,545,22,13
kor_Hang,545,23,13
kor_Hang,545,24,13
kor_Hang,545,25,19
kor_Hang,545,26,13
kor_Hang,545,27,13
kor_Hang,545,28,13
kor_Hang,545,29,13
kor_Hang,545,30,19
kor_Hang,545,31,13
kor_Hang,545,32,13
kor_Hang,545,33,13
kor_Hang,545,34,19
kor_Hang,545,35,13
kor_Hang,545,36,13
kor_Hang,545,37,13
kor_Hang,545,38,13
kor_Hang,545,39,13
kor_Hang,545,40,13
kor_Hang,545,41,13
kor_Hang,545,42,13
kor_Hang,545,43,13
kor_Hang,545,44,34
kor_Hang,546,0,60
kor_Hang,546,1,19
kor_Hang,546,2,13
kor_Hang,546,3,13
kor_Hang,546,4,13
kor_Hang,546,5,19
kor_Hang,546,6,39
kor_Hang,546,7,47
kor_Hang,546,8,13
kor_Hang,546,9,39
kor_Hang,546,10,19
kor_Hang,546,11,19
kor_Hang,546,12,13
kor_Hang,546,13,13
kor_Hang,546,14,13
kor_Hang,546,15,13
kor_Hang,546,16,39
kor_Hang,546,17,13
kor_Hang,546,18,39
kor_Hang,546,19,19
kor_Hang,546,20,13
kor_Hang,546,21,13
kor_Hang,546,22,13
kor_Hang,546,23,13
kor_Hang,546,24,13
kor_Hang,546,25,13
kor_Hang,546,26,13
kor_Hang,546,27,13
kor_Hang,546,28,19
kor_Hang,546,29,13
kor_Hang,546,30,13
kor_Hang,546,31,19
kor_Hang,546,32,13
kor_Hang,546,33,47
kor_Hang,546,34,19
kor_Hang,546,35,13
kor_Hang,546,36,13
kor_Hang,546,37,13
kor_Hang,546,38,13
kor_Hang,546,39,13
kor_Hang,546,40,19
kor_Hang,546,41,34
kor_Hang,546,42,13
kor_Hang,546,43,13
kor_Hang,546,44,34
kor_Hang,547,0,60
kor_Hang,547,1,19
kor_Hang,547,2,13
kor_Hang,547,3,13
kor_Hang,547,4,13
kor_Hang,547,5,13
kor_Hang,547,6,13
kor_Hang,547,7,19
kor_Hang,547,8,13
kor_Hang,547,9,19
kor_Hang,547,10,13
kor_Hang,547,11,13
kor_Hang,547,12,52
kor_Hang,547,13,52
kor_Hang,547,14,13
kor_Hang,547,15,13
kor_Hang,547,16,13
kor_Hang,547,17,13
kor_Hang,547,18,13
kor_Hang,547,19,13
kor_Hang,547,20,19
kor_Hang,547,21,13
kor_Hang,547,22,52
kor_Hang,547,23,52
kor_Hang,547,24,13
kor_Hang,547,25,13
kor_Hang,547,26,13
kor_Hang,547,27,13
kor_Hang,547,28,13
kor_Hang,547,29,13
kor_Hang,547,30,13
kor_Hang,547,31,47
kor_Hang,547,32,1
kor_Hang,547,33,52
kor_Hang,547,34,47
kor_Hang,547,35,52
kor_Hang,547,36,13
kor_Hang,547,37,13
kor_Hang,547,38,13
kor_Hang,547,39,13
kor_Hang,547,40,47
kor_Hang,547,41,34
kor_Hang,547,42,34
kor_Hang,548,0,60
kor_Hang,548,1,13
kor_Hang,548,2,19
kor_Hang,548,3,13
kor_Hang,548,4,13
kor_Hang,548,5,13
kor_Hang,548,6,13
kor_Hang,548,7,13
kor_Hang,548,8,13
kor_Hang,548,9,13
kor_Hang,548,10,13
kor_Hang,548,11,19
kor_Hang,548,12,13
kor_Hang,548,13,13
kor_Hang,548,14,13
kor_Hang,548,15,13
kor_Hang,548,16,13
kor_Hang,548,17,19
kor_Hang,548,18,13
kor_Hang,548,19,13
kor_Hang,548,20,13
kor_Hang,548,21,13
kor_Hang,548,22,13
kor_Hang,548,23,13
kor_Hang,548,24,61
kor_Hang,548,25,13
kor_Hang,548,26,13
kor_Hang,548,27,13
kor_Hang,548,28,13
kor_Hang,548,29,13
kor_Hang,548,30,13
kor_Hang,548,31,13
kor_Hang,548,32,13
kor_Hang,548,33,13
kor_Hang,548,34,13
kor_Hang,548,35,61
kor_Hang,548,36,13
kor_Hang,548,37,13
kor_Hang,548,38,13
kor_Hang,548,39,34
kor_Hang,549,0,60
kor_Hang,549,1,13
kor_Hang,549,2,13
kor_Hang,549,3,47
kor_Hang,549,4,13
kor_Hang,549,5,13
kor_Hang,549,6,13
kor_Hang,549,7,19
kor_Hang,549,8,39
kor_Hang,549,9,13
kor_Hang,549,10,13
kor_Hang,549,11,13
kor_Hang,549,12,13
kor_Hang,549,13,13
kor_Hang,549,14,13
kor_Hang,549,15,47
kor_Hang,549,16,19
kor_Hang,549,17,13
kor_Hang,549,18,13
kor_Hang,549,19,13
kor_Hang,549,20,13
kor_Hang,549,21,13
kor_Hang,549,22,13
kor_Hang,549,23,13
kor_Hang,549,24,39
kor_Hang,549,25,47
kor_Hang,549,26,19
kor_Hang,549,27,13
kor_Hang,549,28,47
kor_Hang,549,29,13
kor_Hang,549,30,19
kor_Hang,549,31,13
kor_Hang,549,32,19
kor_Hang,549,33,13
kor_Hang,549,34,19
kor_Hang,549,35,13
kor_Hang,549,36,13
kor_Hang,549,37,13
kor_Hang,549,38,13
kor_Hang,549,39,13
kor_Hang,549,40,13
kor_Hang,549,41,13
kor_Hang,549,42,13
kor_Hang,549,43,13
kor_Hang,549,44,13
kor_Hang,549,45,19
kor_Hang,549,46,13
kor_Hang,549,47,13
kor_Hang,549,48,13
kor_Hang,549,49,13
kor_Hang,549,50,13
kor_Hang,549,51,13
kor_Hang,549,52,19
kor_Hang,549,53,13
kor_Hang,549,54,19
kor_Hang,549,55,13
kor_Hang,549,56,19
kor_Hang,549,57,13
kor_Hang,549,58,13
kor_Hang,549,59,13
kor_Hang,549,60,13
kor_Hang,549,61,19
kor_Hang,549,62,13
kor_Hang,549,63,13
kor_Hang,549,64,13
kor_Hang,549,65,13
kor_Hang,549,66,13
kor_Hang,549,67,19
kor_Hang,549,68,13
kor_Hang,549,69,13
kor_Hang,549,70,13
kor_Hang,549,71,13
kor_Hang,549,72,13
kor_Hang,549,73,13
kor_Hang,549,74,13
kor_Hang,549,75,13
kor_Hang,549,76,13
kor_Hang,549,77,13
kor_Hang,549,78,34
kor_Hang,550,0,60
kor_Hang,550,1,13
kor_Hang,550,2,13
kor_Hang,550,3,13
kor_Hang,550,4,13
kor_Hang,550,5,13
kor_Hang,550,6,19
kor_Hang,550,7,13
kor_Hang,550,8,13
kor_Hang,550,9,13
kor_Hang,550,10,13
kor_Hang,550,11,13
kor_Hang,550,12,13
kor_Hang,550,13,13
kor_Hang,550,14,13
kor_Hang,550,15,13
kor_Hang,550,16,13
kor_Hang,550,17,13
kor_Hang,550,18,13
kor_Hang,550,19,13
kor_Hang,550,20,13
kor_Hang,550,21,13
kor_Hang,550,22,13
kor_Hang,550,23,13
kor_Hang,550,24,13
kor_Hang,550,25,13
kor_Hang,550,26,13
kor_Hang,550,27,13
kor_Hang,550,28,13
kor_Hang,550,29,13
kor_Hang,550,30,13
kor_Hang,550,31,47
kor_Hang,550,32,19
kor_Hang,550,33,13
kor_Hang,550,34,52
kor_Hang,550,35,52
kor_Hang,550,36,13
kor_Hang,550,37,13
kor_Hang,550,38,13
kor_Hang,550,39,13
kor_Hang,550,40,13
kor_Hang,550,41,19
kor_Hang,550,42,13
kor_Hang,550,43,19
kor_Hang,550,44,13
kor_Hang,550,45,13
kor_Hang,550,46,13
kor_Hang,550,47,13
kor_Hang,550,48,13
kor_Hang,550,49,19
kor_Hang,550,50,34
kor_Hang,550,51,13
kor_Hang,550,52,13
kor_Hang,550,53,13
kor_Hang,550,54,13
kor_Hang,550,55,13
kor_Hang,550,56,13
kor_Hang,550,57,34
kor_Hang,551,0,60
kor_Hang,551,1,19
kor_Hang,551,2,13
kor_Hang,551,3,13
kor_Hang,551,4,19
kor_Hang,551,5,13
kor_Hang,551,6,13
kor_Hang,551,7,13
kor_Hang,551,8,9
kor_Hang,551,9,13
kor_Hang,551,10,13
kor_Hang,551,11,13
kor_Hang,551,12,13
kor_Hang,551,13,13
kor_Hang,551,14,13
kor_Hang,551,15,13
kor_Hang,551,16,13
kor_Hang,551,17,26
kor_Hang,551,18,47
kor_Hang,551,19,13
kor_Hang,551,20,13
kor_Hang,551,21,13
kor_Hang,551,22,13
kor_Hang,551,23,19
kor_Hang,551,24,13
kor_Hang,551,25,13
kor_Hang,551,26,19
kor_Hang,551,27,13
kor_Hang,551,28,47
kor_Hang,551,29,19
kor_Hang,551,30,13
kor_Hang,551,31,13
kor_Hang,551,32,13
kor_Hang,551,33,13
kor_Hang,551,34,19
kor_Hang,551,35,13
kor_Hang,551,36,13
kor_Hang,551,37,19
kor_Hang,551,38,13
kor_Hang,551,39,13
kor_Hang,551,40,13
kor_Hang,551,41,13
kor_Hang,551,42,13
kor_Hang,551,43,13
kor_Hang,551,44,13
kor_Hang,551,45,13
kor_Hang,551,46,13
kor_Hang,551,47,13
kor_Hang,551,48,13
kor_Hang,551,49,13
kor_Hang,551,50,13
kor_Hang,551,51,13
kor_Hang,551,52,47
kor_Hang,551,53,13
kor_Hang,551,54,19
kor_Hang,551,55,13
kor_Hang,551,56,47
kor_Hang,551,57,13
kor_Hang,551,58,13
kor_Hang,551,59,13
kor_Hang,551,60,13
kor_Hang,551,61,13
eng_Latn,552,0,60
eng_Latn,552,1,52
eng_Latn,552,2,57
eng_Latn,552,3,57
eng_Latn,552,4,12
eng_Latn,552,5,1
eng_Latn,552,6,19
eng_Latn,552,7,15
eng_Latn,552,8,56
eng_Latn,552,9,19
eng_Latn,552,10,52
eng_Latn,552,11,3
eng_Latn,552,12,3
eng_Latn,552,13,57
eng_Latn,552,14,46
kor_Hang,553,0,60
kor_Hang,553,1,6
kor_Hang,553,2,13
kor_Hang,553,3,13
kor_Hang,553,4,13
kor_Hang,553,5,19
kor_Hang,553,6,19
kor_Hang,553,7,13
kor_Hang,553,8,13
kor_Hang,553,9,13
kor_Hang,553,10,13
kor_Hang,553,11,13
kor_Hang,553,12,13
kor_Hang,553,13,13
kor_Hang,553,14,34
kor_Hang,553,15,13
kor_Hang,553,16,13
kor_Hang,553,17,13
kor_Hang,553,18,61
kor_Hang,553,19,13
kor_Hang,554,0,60
kor_Hang,554,1,13
kor_Hang,554,2,13
kor_Hang,554,3,13
kor_Hang,554,4,13
kor_Hang,554,5,13
kor_Hang,554,6,13
kor_Hang,554,7,13
kor_Hang,554,8,47
kor_Hang,554,9,47
kor_Hang,554,10,13
kor_Hang,554,11,13
kor_Hang,554,12,13
kor_Hang,554,13,13
kor_Hang,554,14,13
kor_Hang,554,15,13
kor_Hang,554,16,13
kor_Hang,554,17,27
kor_Hang,554,18,13
kor_Hang,554,19,13
kor_Hang,554,20,13
kor_Hang,554,21,13
kor_Hang,554,22,13
kor_Hang,554,23,13
kor_Hang,554,24,13
kor_Hang,554,25,13
kor_Hang,554,26,13
kor_Hang,554,27,13
kor_Hang,554,28,13
kor_Hang,554,29,13
kor_Hang,554,30,13
kor_Hang,554,31,34
kor_Hang,555,0,60
kor_Hang,555,1,1
kor_Hang,555,2,52
kor_Hang,555,3,9
kor_Hang,555,4,13
kor_Hang,555,5,13
kor_Hang,555,6,13
kor_Hang,555,7,13
kor_Hang,555,8,13
kor_Hang,555,9,47
kor_Hang,555,10,47
kor_Hang,555,11,13
kor_Hang,555,12,13
kor_Hang,555,13,13
kor_Hang,555,14,13
kor_Hang,555,15,13
kor_Hang,555,16,34
kor_Hang,555,17,13
kor_Hang,555,18,13
kor_Hang,555,19,13
kor_Hang,555,20,13
kor_Hang,555,21,13
kor_Hang,555,22,13
kor_Hang,555,23,13
kor_Hang,555,24,19
kor_Hang,555,25,13
kor_Hang,555,26,19
kor_Hang,555,27,34
kor_Hang,555,28,13
kor_Hang,555,29,13
kor_Hang,555,30,19
kor_Hang,555,31,13
kor_Hang,555,32,13
kor_Hang,555,33,34
kor_Hang,555,34,13
kor_Hang,555,35,13
kor_Hang,555,36,13
kor_Hang,555,37,13
kor_Hang,555,38,47
kor_Hang,555,39,13
kor_Hang,555,40,13
kor_Hang,555,41,13
kor_Hang,555,42,13
kor_Hang,555,43,13
kor_Hang,555,44,47
kor_Hang,555,45,13
kor_Hang,555,46,13
kor_Hang,555,47,19
kor_Hang,555,48,13
kor_Hang,555,49,13
kor_Hang,555,50,13
kor_Hang,556,0,60
kor_Hang,556,1,13
kor_Hang,556,2,13
kor_Hang,556,3,13
kor_Hang,556,4,13
kor_Hang,556,5,13
kor_Hang,556,6,13
kor_Hang,556,7,13
kor_Hang,556,8,47
kor_Hang,556,9,13
kor_Hang,556,10,13
kor_Hang,556,11,13
kor_Hang,556,12,13
kor_Hang,556,13,13
kor_Hang,556,14,13
kor_Hang,556,15,13
kor_Hang,556,16,13
kor_Hang,556,17,13
kor_Hang,556,18,13
kor_Hang,556,19,13
kor_Hang,556,20,13
kor_Hang,556,21,13
kor_Hang,556,22,13
kor_Hang,556,23,13
kor_Hang,556,24,52
kor_Hang,556,25,52
kor_Hang,556,26,52
kor_Hang,556,27,13
kor_Hang,556,28,13
kor_Hang,556,29,13
kor_Hang,556,30,13
kor_Hang,556,31,13
kor_Hang,556,32,13
kor_Hang,556,33,13
kor_Hang,556,34,13
kor_Hang,556,35,13
kor_Hang,556,36,19
kor_Hang,556,37,13
kor_Hang,556,38,47
kor_Hang,556,39,47
kor_Hang,556,40,13
kor_Hang,556,41,13
kor_Hang,556,42,13
kor_Hang,556,43,19
kor_Hang,556,44,13
kor_Hang,556,45,13
kor_Hang,556,46,13
kor_Hang,556,47,13
kor_Hang,556,48,13
kor_Hang,556,49,19
kor_Hang,556,50,13
kor_Hang,556,51,13
kor_Hang,556,52,13
kor_Hang,556,53,19
kor_Hang,556,54,13
kor_Hang,556,55,13
kor_Hang,556,56,13
kor_Hang,556,57,13
kor_Hang,556,58,13
kor_Hang,556,59,13
kor_Hang,556,60,13
kor_Hang,556,61,13
kor_Hang,556,62,13
kor_Hang,556,63,13
kor_Hang,556,64,13
kor_Hang,556,65,13
kor_Hang,556,66,19
kor_Hang,556,67,13
kor_Hang,556,68,13
kor_Hang,556,69,19
kor_Hang,556,70,13
kor_Hang,556,71,13
kor_Hang,556,72,19
kor_Hang,556,73,13
kor_Hang,556,74,13
kor_Hang,556,75,19
kor_Hang,556,76,13
kor_Hang,556,77,13
kor_Hang,556,78,13
kor_Hang,556,79,19
kor_Hang,556,80,13
kor_Hang,556,81,19
kor_Hang,556,82,13
kor_Hang,556,83,13
kor_Hang,556,84,13
eng_Latn,557,0,60
eng_Latn,557,1,29
eng_Latn,557,2,18
eng_Latn,557,3,5
eng_Latn,557,4,18
eng_Latn,557,5,18
eng_Latn,557,6,16
eng_Latn,557,7,18
eng_Latn,557,8,56
eng_Latn,557,9,57
kor_Hang,558,0,60
kor_Hang,558,1,13
kor_Hang,558,2,13
kor_Hang,558,3,13
kor_Hang,558,4,47
kor_Hang,558,5,19
kor_Hang,558,6,13
kor_Hang,558,7,47
kor_Hang,558,8,47
kor_Hang,558,9,19
kor_Hang,558,10,13
kor_Hang,558,11,13
kor_Hang,558,12,47
kor_Hang,558,13,39
kor_Hang,558,14,19
kor_Hang,558,15,13
kor_Hang,558,16,11
kor_Hang,558,17,13
kor_Hang,558,18,47
kor_Hang,558,19,13
kor_Hang,558,20,26
kor_Hang,558,21,27
kor_Hang,558,22,13
kor_Hang,558,23,47
kor_Hang,558,24,26
kor_Hang,558,25,13
kor_Hang,558,26,13
kor_Hang,558,27,13
kor_Hang,558,28,13
kor_Hang,558,29,19
kor_Hang,558,30,13
kor_Hang,558,31,13
kor_Hang,558,32,13
kor_Hang,558,33,13
kor_Hang,559,0,60
kor_Hang,559,1,13
kor_Hang,559,2,13
kor_Hang,559,3,13
kor_Hang,559,4,13
kor_Hang,559,5,13
kor_Hang,559,6,19
kor_Hang,559,7,13
kor_Hang,559,8,13
kor_Hang,559,9,13
kor_Hang,559,10,13
kor_Hang,559,11,13
kor_Hang,559,12,19
kor_Hang,559,13,13
kor_Hang,559,14,13
kor_Hang,559,15,13
kor_Hang,559,16,19
kor_Hang,559,17,13
kor_Hang,559,18,13
kor_Hang,559,19,19
kor_Hang,559,20,13
kor_Hang,559,21,13
kor_Hang,559,22,13
kor_Hang,559,23,13
kor_Hang,559,24,13
kor_Hang,559,25,13
kor_Hang,559,26,13
kor_Hang,559,27,13
kor_Hang,559,28,47
kor_Hang,559,29,13
kor_Hang,559,30,13
kor_Hang,559,31,13
kor_Hang,559,32,19
kor_Hang,559,33,13
kor_Hang,559,34,13
kor_Hang,559,35,13
kor_Hang,559,36,13
kor_Hang,559,37,13
kor_Hang,559,38,61
kor_Hang,559,39,13
kor_Hang,559,40,13
kor_Hang,559,41,19
kor_Hang,559,42,19
kor_Hang,559,43,34
kor_Hang,559,44,13
kor_Hang,559,45,13
kor_Hang,559,46,13
kor_Hang,559,47,13
kor_Hang,559,48,19
kor_Hang,559,49,13
kor_Hang,559,50,13
kor_Hang,559,51,13
kor_Hang,559,52,34
kor_Hang,560,0,60
kor_Hang,560,1,22
kor_Hang,560,2,34
kor_Hang,560,3,9
kor_Hang,560,4,9
kor_Hang,560,5,13
kor_Hang,560,6,13
kor_Hang,560,7,13
kor_Hang,560,8,13
kor_Hang,560,9,13
kor_Hang,560,10,19
kor_Hang,560,11,13
kor_Hang,560,12,13
kor_Hang,560,13,13
kor_Hang,560,14,13
kor_Hang,560,15,13
kor_Hang,560,16,13
kor_Hang,560,17,13
kor_Hang,560,18,13
kor_Hang,560,19,13
kor_Hang,560,20,51
kor_Hang,560,21,51
kor_Hang,560,22,51
kor_Hang,561,0,60
kor_Hang,561,1,19
kor_Hang,561,2,13
kor_Hang,561,3,13
kor_Hang,561,4,13
kor_Hang,561,5,13
kor_Hang,561,6,13
kor_Hang,561,7,13
kor_Hang,561,8,19
kor_Hang,561,9,13
kor_Hang,561,10,13
kor_Hang,561,11,13
kor_Hang,561,12,13
kor_Hang,561,13,13
kor_Hang,561,14,13
kor_Hang,561,15,13
kor_Hang,561,16,19
kor_Hang,561,17,13
kor_Hang,561,18,13
kor_Hang,561,19,19
kor_Hang,561,20,13
kor_Hang,561,21,13
kor_Hang,561,22,13
kor_Hang,561,23,13
kor_Hang,561,24,13
kor_Hang,561,25,52
kor_Hang,561,26,13
kor_Hang,561,27,13
kor_Hang,561,28,13
kor_Hang,561,29,13
kor_Hang,561,30,13
kor_Hang,561,31,13
kor_Hang,561,32,13
kor_Hang,561,33,19
kor_Hang,561,34,13
kor_Hang,561,35,61
kor_Hang,561,36,13
kor_Hang,561,37,13
kor_Hang,561,38,13
kor_Hang,561,39,13
kor_Hang,561,40,13
kor_Hang,561,41,13
kor_Hang,561,42,13
kor_Hang,561,43,13
kor_Hang,561,44,13
kor_Hang,561,45,13
kor_Hang,561,46,47
kor_Hang,561,47,13
kor_Hang,561,48,13
kor_Hang,561,49,13
kor_Hang,561,50,34
kor_Hang,561,51,13
kor_Hang,561,52,13
kor_Hang,561,53,9
kor_Hang,561,54,13
kor_Hang,561,55,13
kor_Hang,561,56,13
kor_Hang,561,57,13
kor_Hang,561,58,13
kor_Hang,561,59,13
kor_Hang,561,60,13
kor_Hang,561,61,13
kor_Hang,561,62,13
kor_Hang,561,63,13
kor_Hang,561,64,13
kor_Hang,561,65,13
kor_Hang,561,66,13
kor_Hang,561,67,13
kor_Hang,561,68,13
kor_Hang,561,69,13
kor_Hang,561,70,13
kor_Hang,561,71,34
kor_Hang,562,0,60
kor_Hang,562,1,13
kor_Hang,562,2,13
kor_Hang,562,3,13
kor_Hang,562,4,13
kor_Hang,562,5,13
kor_Hang,562,6,13
kor_Hang,562,7,13
kor_Hang,562,8,13
kor_Hang,562,9,13
kor_Hang,562,10,13
kor_Hang,562,11,19
kor_Hang,562,12,13
kor_Hang,562,13,13
kor_Hang,562,14,19
kor_Hang,562,15,13
kor_Hang,562,16,13
kor_Hang,562,17,13
kor_Hang,562,18,13
kor_Hang,562,19,13
kor_Hang,562,20,13
kor_Hang,562,21,13
kor_Hang,562,22,13
kor_Hang,562,23,13
kor_Hang,562,24,61
kor_Hang,562,25,13
kor_Hang,562,26,13
kor_Hang,562,27,13
kor_Hang,562,28,47
kor_Hang,562,29,13
kor_Hang,562,30,13
kor_Hang,562,31,34
kor_Hang,562,32,13
kor_Hang,562,33,34
kor_Hang,562,34,34
kor_Hang,563,0,60
kor_Hang,563,1,13
kor_Hang,563,2,13
kor_Hang,563,3,12
kor_Hang,563,4,13
kor_Hang,563,5,13
kor_Hang,563,6,13
kor_Hang,563,7,47
kor_Hang,563,8,47
kor_Hang,563,9,13
kor_Hang,563,10,13
kor_Hang,563,11,19
kor_Hang,563,12,13
kor_Hang,563,13,47
kor_Hang,563,14,19
kor_Hang,563,15,13
kor_Hang,563,16,13
kor_Hang,563,17,13
kor_Hang,563,18,12
kor_Hang,563,19,13
kor_Hang,563,20,13
kor_Hang,563,21,13
kor_Hang,563,22,47
kor_Hang,563,23,13
kor_Hang,563,24,13
kor_Hang,563,25,13
kor_Hang,563,26,13
kor_Hang,563,27,61
kor_Hang,563,28,19
kor_Hang,563,29,13
kor_Hang,563,30,13
kor_Hang,563,31,13
kor_Hang,563,32,13
kor_Hang,563,33,13
kor_Hang,563,34,13
kor_Hang,563,35,34
kor_Hang,563,36,13
kor_Hang,563,37,13
kor_Hang,563,38,19
kor_Hang,563,39,13
kor_Hang,563,40,47
kor_Hang,563,41,47
kor_Hang,563,42,13
kor_Hang,563,43,13
kor_Hang,563,44,34
kor_Hang,563,45,13
kor_Hang,563,46,13
kor_Hang,563,47,13
kor_Hang,563,48,34
kor_Hang,564,0,60
kor_Hang,564,1,13
kor_Hang,564,2,13
kor_Hang,564,3,13
kor_Hang,564,4,13
kor_Hang,564,5,13
kor_Hang,564,6,13
kor_Hang,564,7,13
kor_Hang,564,8,13
kor_Hang,564,9,13
kor_Hang,564,10,47
kor_Hang,564,11,13
kor_Hang,564,12,13
kor_Hang,564,13,13
kor_Hang,564,14,13
kor_Hang,564,15,13
kor_Hang,564,16,13
kor_Hang,564,17,13
kor_Hang,564,18,13
kor_Hang,564,19,19
kor_Hang,564,20,13
kor_Hang,564,21,13
kor_Hang,564,22,13
kor_Hang,564,23,13
kor_Hang,564,24,19
kor_Hang,564,25,13
kor_Hang,564,26,13
kor_Hang,564,27,13
kor_Hang,564,28,13
kor_Hang,564,29,13
kor_Hang,564,30,19
kor_Hang,564,31,13
kor_Hang,564,32,13
kor_Hang,564,33,13
kor_Hang,564,34,13
kor_Hang,564,35,13
kor_Hang,564,36,13
kor_Hang,564,37,13
kor_Hang,564,38,13
kor_Hang,564,39,13
kor_Hang,564,40,47
kor_Hang,564,41,19
kor_Hang,564,42,13
kor_Hang,564,43,19
kor_Hang,564,44,13
kor_Hang,564,45,47
kor_Hang,564,46,19
kor_Hang,564,47,13
kor_Hang,564,48,13
kor_Hang,564,49,13
kor_Hang,564,50,13
kor_Hang,564,51,13
kor_Hang,564,52,19
kor_Hang,564,53,13
kor_Hang,564,54,47
kor_Hang,564,55,19
kor_Hang,564,56,34
kor_Hang,564,57,13
kor_Hang,564,58,13
kor_Hang,564,59,13
kor_Hang,564,60,13
kor_Hang,564,61,13
kor_Hang,564,62,34
kor_Hang,564,63,19
kor_Hang,564,64,34
kor_Hang,564,65,34
kor_Hang,565,0,60
kor_Hang,565,1,13
kor_Hang,565,2,13
kor_Hang,565,3,13
kor_Hang,565,4,13
kor_Hang,565,5,13
kor_Hang,565,6,13
kor_Hang,565,7,13
kor_Hang,565,8,13
kor_Hang,565,9,13
kor_Hang,565,10,13
kor_Hang,565,11,13
kor_Hang,565,12,34
kor_Hang,565,13,13
kor_Hang,565,14,13
kor_Hang,565,15,47
kor_Hang,565,16,13
kor_Hang,565,17,13
kor_Hang,565,18,13
kor_Hang,565,19,13
kor_Hang,565,20,13
kor_Hang,565,21,13
kor_Hang,565,22,13
kor_Hang,565,23,13
kor_Hang,565,24,13
kor_Hang,565,25,13
kor_Hang,565,26,19
kor_Hang,565,27,13
kor_Hang,565,28,13
kor_Hang,565,29,13
kor_Hang,565,30,13
kor_Hang,565,31,13
kor_Hang,565,32,13
kor_Hang,565,33,13
kor_Hang,565,34,61
kor_Hang,565,35,13
kor_Hang,565,36,13
kor_Hang,565,37,13
kor_Hang,565,38,13
kor_Hang,565,39,13
kor_Hang,565,40,61
kor_Hang,565,41,13
kor_Hang,565,42,13
kor_Hang,565,43,13
kor_Hang,565,44,13
kor_Hang,565,45,13
kor_Hang,565,46,13
kor_Hang,565,47,13
kor_Hang,565,48,13
kor_Hang,565,49,13
kor_Hang,565,50,19
kor_Hang,565,51,34
kor_Hang,565,52,13
kor_Hang,565,53,13
kor_Hang,565,54,13
kor_Hang,565,55,13
kor_Hang,565,56,34
kor_Hang,565,57,13
kor_Hang,565,58,13
kor_Hang,565,59,13
kor_Hang,565,60,13
kor_Hang,565,61,34
kor_Hang,565,62,34
kor_Hang,565,63,13
kor_Hang,565,64,13
kor_Hang,565,65,47
kor_Hang,565,66,47
kor_Hang,565,67,13
kor_Hang,565,68,34
kor_Hang,565,69,13
kor_Hang,565,70,13
kor_Hang,565,71,34
kor_Hang,565,72,34
kor_Hang,565,73,34
eng_Latn,566,0,60
eng_Latn,566,1,45
eng_Latn,566,2,45
eng_Latn,566,3,40
eng_Latn,566,4,40
eng_Latn,566,5,61
eng_Latn,566,6,49
eng_Latn,566,7,56
eng_Latn,566,8,31
eng_Latn,567,0,60
eng_Latn,567,1,9
eng_Latn,567,2,38
eng_Latn,567,3,15
eng_Latn,567,4,56
eng_Latn,567,5,63
eng_Latn,567,6,57
eng_Latn,567,7,30
eng_Latn,567,8,52
eng_Latn,567,9,63
kor_Hang,568,0,60
kor_Hang,568,1,13
kor_Hang,568,2,13
kor_Hang,568,3,47
kor_Hang,568,4,13
kor_Hang,568,5,13
kor_Hang,568,6,13
kor_Hang,568,7,13
kor_Hang,568,8,13
kor_Hang,568,9,13
kor_Hang,568,10,13
kor_Hang,568,11,13
kor_Hang,568,12,13
kor_Hang,568,13,19
kor_Hang,568,14,39
kor_Hang,568,15,13
kor_Hang,568,16,19
kor_Hang,568,17,13
kor_Hang,568,18,13
kor_Hang,568,19,19
kor_Hang,568,20,13
kor_Hang,568,21,13
kor_Hang,568,22,13
kor_Hang,568,23,13
kor_Hang,568,24,13
kor_Hang,568,25,13
kor_Hang,568,26,13
kor_Hang,568,27,13
kor_Hang,568,28,13
kor_Hang,568,29,13
kor_Hang,568,30,13
kor_Hang,568,31,13
kor_Hang,568,32,13
kor_Hang,568,33,52
kor_Hang,568,34,13
kor_Hang,568,35,13
kor_Hang,568,36,13
kor_Hang,568,37,13
kor_Hang,568,38,13
kor_Hang,568,39,13
kor_Hang,568,40,19
kor_Hang,568,41,13
kor_Hang,568,42,13
kor_Hang,568,43,13
kor_Hang,568,44,47
kor_Hang,568,45,13
kor_Hang,568,46,19
kor_Hang,568,47,13
kor_Hang,568,48,34
kor_Hang,569,0,60
kor_Hang,569,1,13
kor_Hang,569,2,13
kor_Hang,569,3,13
kor_Hang,569,4,13
kor_Hang,569,5,19
kor_Hang,569,6,13
kor_Hang,569,7,13
kor_Hang,569,8,13
kor_Hang,569,9,13
kor_Hang,569,10,19
kor_Hang,569,11,13
kor_Hang,569,12,13
kor_Hang,569,13,19
kor_Hang,569,14,13
kor_Hang,569,15,13
kor_Hang,569,16,24
kor_Hang,569,17,61
kor_Hang,569,18,61
kor_Hang,569,19,19
kor_Hang,569,20,13
kor_Hang,569,21,13
kor_Hang,569,22,13
kor_Hang,569,23,47
kor_Hang,569,24,39
kor_Hang,569,25,61
kor_Hang,569,26,19
kor_Hang,569,27,13
kor_Hang,569,28,19
kor_Hang,569,29,13
kor_Hang,569,30,13
kor_Hang,569,31,13
kor_Hang,569,32,13
kor_Hang,569,33,34
kor_Hang,569,34,13
kor_Hang,569,35,19
kor_Hang,569,36,13
kor_Hang,569,37,13
kor_Hang,569,38,13
kor_Hang,569,39,13
kor_Hang,569,40,13
kor_Hang,569,41,13
kor_Hang,569,42,13
kor_Hang,569,43,13
kor_Hang,569,44,13
kor_Hang,569,45,34
kor_Hang,569,46,34
kor_Hang,569,47,13
kor_Hang,569,48,13
kor_Hang,569,49,13
kor_Hang,569,50,13
kor_Hang,569,51,13
kor_Hang,569,52,13
kor_Hang,569,53,13
kor_Hang,569,54,13
kor_Hang,569,55,34
kor_Hang,569,56,34
kor_Hang,569,57,19
kor_Hang,569,58,13
kor_Hang,569,59,13
kor_Hang,569,60,13
kor_Hang,569,61,34
kor_Hang,569,62,13
kor_Hang,569,63,13
kor_Hang,569,64,13
kor_Hang,569,65,13
kor_Hang,569,66,13
kor_Hang,569,67,34
kor_Hang,569,68,19
kor_Hang,569,69,34
kor_Hang,569,70,34
kor_Hang,570,0,60
kor_Hang,570,1,13
kor_Hang,570,2,19
kor_Hang,570,3,13
kor_Hang,570,4,13
kor_Hang,570,5,13
kor_Hang,570,6,13
kor_Hang,570,7,13
kor_Hang,570,8,13
kor_Hang,570,9,13
kor_Hang,570,10,47
kor_Hang,570,11,13
kor_Hang,570,12,11
kor_Hang,570,13,58
kor_Hang,570,14,12
kor_Hang,570,15,39
kor_Hang,570,16,39
kor_Hang,571,0,60
kor_Hang,571,1,47
kor_Hang,571,2,47
kor_Hang,571,3,13
kor_Hang,571,4,13
kor_Hang,571,5,13
kor_Hang,571,6,13
kor_Hang,571,7,19
kor_Hang,571,8,13
kor_Hang,571,9,13
kor_Hang,571,10,13
kor_Hang,571,11,13
kor_Hang,571,12,13
kor_Hang,571,13,13
kor_Hang,571,14,13
kor_Hang,571,15,13
kor_Hang,571,16,13
kor_Hang,571,17,13
kor_Hang,571,18,13
kor_Hang,571,19,13
kor_Hang,571,20,13
kor_Hang,571,21,13
kor_Hang,571,22,13
kor_Hang,571,23,13
kor_Hang,571,24,13
kor_Hang,571,25,34
kor_Hang,571,26,19
kor_Hang,571,27,13
kor_Hang,571,28,34
kor_Hang,572,0,60
kor_Hang,572,1,13
kor_Hang,572,2,13
kor_Hang,572,3,19
kor_Hang,572,4,13
kor_Hang,572,5,13
kor_Hang,572,6,19
kor_Hang,572,7,13
kor_Hang,572,8,13
kor_Hang,572,9,19
kor_Hang,572,10,13
kor_Hang,572,11,13
kor_Hang,572,12,19
kor_Hang,572,13,13
kor_Hang,572,14,19
kor_Hang,572,15,13
kor_Hang,572,16,13
kor_Hang,572,17,13
kor_Hang,572,18,13
kor_Hang,572,19,19
kor_Hang,572,20,13
kor_Hang,572,21,13
kor_Hang,572,22,13
kor_Hang,572,23,13
kor_Hang,572,24,27
kor_Hang,572,25,47
kor_Hang,572,26,27
kor_Hang,572,27,13
kor_Hang,572,28,13
kor_Hang,572,29,13
kor_Hang,572,30,13
kor_Hang,572,31,13
kor_Hang,572,32,13
kor_Hang,572,33,11
kor_Hang,572,34,61
kor_Hang,572,35,61
kor_Hang,572,36,12
kor_Hang,572,37,47
kor_Hang,572,38,47
kor_Hang,572,39,39
eng_Latn,573,0,60
eng_Latn,573,1,56
eng_Latn,573,2,51
eng_Latn,573,3,53
eng_Latn,573,4,57
eng_Latn,573,5,56
eng_Latn,573,6,19
eng_Latn,573,7,34
eng_Latn,573,8,20
eng_Latn,573,9,37
eng_Latn,573,10,41
eng_Latn,573,11,34
kor_Hang,574,0,60
kor_Hang,574,1,13
kor_Hang,574,2,13
kor_Hang,574,3,13
kor_Hang,574,4,13
kor_Hang,574,5,19
kor_Hang,574,6,13
kor_Hang,574,7,13
kor_Hang,574,8,13
kor_Hang,574,9,13
kor_Hang,574,10,13
kor_Hang,574,11,13
kor_Hang,574,12,52
kor_Hang,574,13,52
kor_Hang,574,14,52
kor_Hang,574,15,13
kor_Hang,574,16,13
kor_Hang,574,17,13
kor_Hang,574,18,13
kor_Hang,574,19,47
kor_Hang,574,20,19
kor_Hang,574,21,13
kor_Hang,574,22,52
kor_Hang,574,23,52
kor_Hang,574,24,13
kor_Hang,574,25,13
kor_Hang,574,26,13
kor_Hang,574,27,13
kor_Hang,574,28,13
kor_Hang,574,29,13
kor_Hang,574,30,13
kor_Hang,574,31,13
kor_Hang,574,32,61
kor_Hang,574,33,13
kor_Hang,574,34,13
kor_Hang,574,35,13
kor_Hang,574,36,27
kor_Hang,574,37,27
kor_Hang,574,38,13
kor_Hang,574,39,27
kor_Hang,574,40,13
kor_Hang,574,41,61
kor_Hang,574,42,19
kor_Hang,574,43,13
kor_Hang,574,44,13
kor_Hang,574,45,13
kor_Hang,574,46,13
kor_Hang,574,47,13
kor_Hang,574,48,13
kor_Hang,574,49,13
kor_Hang,574,50,13
kor_Hang,574,51,13
kor_Hang,574,52,13
kor_Hang,574,53,13
kor_Hang,574,54,13
kor_Hang,574,55,13
kor_Hang,574,56,47
kor_Hang,574,57,47
kor_Hang,574,58,13
kor_Hang,574,59,19
kor_Hang,574,60,13
kor_Hang,574,61,13
kor_Hang,574,62,13
kor_Hang,574,63,13
kor_Hang,574,64,13
kor_Hang,574,65,13
kor_Hang,574,66,34
kor_Hang,574,67,13
kor_Hang,574,68,13
kor_Hang,574,69,13
kor_Hang,574,70,34
eng_Latn,575,0,60
eng_Latn,575,1,9
eng_Latn,575,2,19
eng_Latn,575,3,22
eng_Latn,575,4,22
eng_Latn,575,5,58
eng_Latn,575,6,12
eng_Latn,575,7,47
kor_Hang,576,0,60
kor_Hang,576,1,13
kor_Hang,576,2,13
kor_Hang,576,3,13
kor_Hang,576,4,13
kor_Hang,576,5,13
kor_Hang,576,6,13
kor_Hang,576,7,13
kor_Hang,576,8,47
kor_Hang,576,9,13
kor_Hang,576,10,13
kor_Hang,576,11,13
kor_Hang,576,12,13
kor_Hang,576,13,13
kor_Hang,576,14,47
kor_Hang,576,15,13
kor_Hang,576,16,13
kor_Hang,576,17,19
kor_Hang,576,18,13
kor_Hang,576,19,13
kor_Hang,576,20,13
kor_Hang,576,21,13
kor_Hang,576,22,13
kor_Hang,576,23,13
kor_Hang,576,24,13
kor_Hang,576,25,13
kor_Hang,576,26,13
kor_Hang,576,27,13
kor_Hang,576,28,13
kor_Hang,576,29,13
kor_Hang,576,30,13
kor_Hang,576,31,13
kor_Hang,576,32,13
kor_Hang,576,33,13
kor_Hang,576,34,13
kor_Hang,576,35,13
kor_Hang,576,36,13
kor_Hang,576,37,13
kor_Hang,576,38,13
kor_Hang,576,39,13
kor_Hang,576,40,13
kor_Hang,576,41,13
kor_Hang,576,42,13
kor_Hang,576,43,13
kor_Hang,576,44,13
kor_Hang,576,45,19
kor_Hang,576,46,34
kor_Hang,576,47,13
kor_Hang,576,48,13
kor_Hang,576,49,13
kor_Hang,576,50,13
kor_Hang,576,51,34
kor_Hang,576,52,19
kor_Hang,576,53,34
kor_Hang,576,54,34
kor_Hang,577,0,60
kor_Hang,577,1,13
kor_Hang,577,2,39
kor_Hang,577,3,13
kor_Hang,577,4,19
kor_Hang,577,5,13
kor_Hang,577,6,47
kor_Hang,577,7,13
kor_Hang,577,8,19
kor_Hang,577,9,13
kor_Hang,577,10,19
kor_Hang,577,11,13
kor_Hang,577,12,13
kor_Hang,577,13,19
kor_Hang,577,14,13
kor_Hang,577,15,13
kor_Hang,577,16,13
kor_Hang,577,17,13
kor_Hang,577,18,13
kor_Hang,577,19,13
kor_Hang,577,20,13
kor_Hang,577,21,13
kor_Hang,577,22,13
kor_Hang,577,23,13
kor_Hang,577,24,13
kor_Hang,577,25,19
kor_Hang,577,26,13
kor_Hang,577,27,13
kor_Hang,577,28,13
kor_Hang,577,29,13
kor_Hang,577,30,13
kor_Hang,577,31,13
kor_Hang,577,32,13
kor_Hang,577,33,13
kor_Hang,577,34,13
kor_Hang,577,35,13
kor_Hang,577,36,47
kor_Hang,577,37,13
kor_Hang,577,38,13
kor_Hang,577,39,13
kor_Hang,577,40,13
kor_Hang,577,41,34
kor_Hang,578,0,60
kor_Hang,578,1,13
kor_Hang,578,2,13
kor_Hang,578,3,13
kor_Hang,578,4,13
kor_Hang,578,5,13
kor_Hang,578,6,13
kor_Hang,578,7,13
kor_Hang,578,8,13
kor_Hang,578,9,13
kor_Hang,578,10,13
kor_Hang,578,11,13
kor_Hang,578,12,13
kor_Hang,578,13,19
kor_Hang,578,14,13
kor_Hang,578,15,13
kor_Hang,578,16,13
kor_Hang,578,17,13
kor_Hang,578,18,13
kor_Hang,578,19,13
kor_Hang,578,20,13
kor_Hang,578,21,13
kor_Hang,578,22,13
kor_Hang,578,23,13
kor_Hang,578,24,13
kor_Hang,578,25,13
kor_Hang,578,26,13
kor_Hang,578,27,13
kor_Hang,578,28,13
kor_Hang,578,29,13
kor_Hang,578,30,34
kor_Hang,578,31,13
kor_Hang,578,32,13
kor_Hang,578,33,13
kor_Hang,578,34,13
kor_Hang,578,35,13
kor_Hang,578,36,47
kor_Hang,578,37,13
kor_Hang,578,38,13
kor_Hang,578,39,13
kor_Hang,578,40,13
kor_Hang,578,41,13
kor_Hang,578,42,13
kor_Hang,578,43,13
kor_Hang,578,44,61
kor_Hang,578,45,19
kor_Hang,578,46,13
kor_Hang,578,47,13
kor_Hang,578,48,13
kor_Hang,578,49,13
kor_Hang,578,50,13
kor_Hang,578,51,13
kor_Hang,578,52,13
kor_Hang,578,53,13
kor_Hang,578,54,61
kor_Hang,578,55,19
kor_Hang,578,56,13
kor_Hang,578,57,13
kor_Hang,578,58,13
kor_Hang,578,59,13
kor_Hang,578,60,13
kor_Hang,578,61,19
kor_Hang,578,62,13
kor_Hang,578,63,13
kor_Hang,578,64,13
kor_Hang,578,65,13
kor_Hang,578,66,13
kor_Hang,578,67,13
kor_Hang,578,68,61
kor_Hang,578,69,13
kor_Hang,578,70,13
kor_Hang,578,71,19
kor_Hang,578,72,13
kor_Hang,578,73,13
kor_Hang,578,74,13
kor_Hang,578,75,34
kor_Hang,578,76,34
kor_Hang,579,0,60
kor_Hang,579,1,57
kor_Hang,579,2,13
kor_Hang,579,3,13
kor_Hang,579,4,13
kor_Hang,579,5,13
kor_Hang,579,6,13
kor_Hang,579,7,13
kor_Hang,579,8,13
kor_Hang,579,9,13
kor_Hang,579,10,13
kor_Hang,579,11,13
kor_Hang,579,12,13
kor_Hang,579,13,52
kor_Hang,580,0,60
kor_Hang,580,1,13
kor_Hang,580,2,47
kor_Hang,580,3,47
kor_Hang,580,4,13
kor_Hang,580,5,13
kor_Hang,580,6,19
kor_Hang,580,7,13
kor_Hang,580,8,13
kor_Hang,580,9,47
kor_Hang,580,10,13
kor_Hang,580,11,19
kor_Hang,580,12,13
kor_Hang,580,13,13
kor_Hang,580,14,13
kor_Hang,580,15,13
kor_Hang,580,16,13
kor_Hang,580,17,13
kor_Hang,580,18,13
kor_Hang,580,19,19
kor_Hang,580,20,34
kor_Hang,580,21,13
kor_Hang,580,22,34
kor_Hang,580,23,13
kor_Hang,580,24,13
kor_Hang,580,25,13
kor_Hang,580,26,13
kor_Hang,580,27,34
kor_Hang,580,28,52
kor_Hang,580,29,13
kor_Hang,580,30,13
kor_Hang,580,31,13
kor_Hang,580,32,12
kor_Hang,580,33,11
kor_Hang,580,34,52
kor_Hang,580,35,52
kor_Hang,581,0,60
kor_Hang,581,1,47
kor_Hang,581,2,13
kor_Hang,581,3,13
kor_Hang,581,4,19
kor_Hang,581,5,13
kor_Hang,581,6,13
kor_Hang,581,7,13
kor_Hang,581,8,19
kor_Hang,581,9,47
kor_Hang,581,10,13
kor_Hang,581,11,13
kor_Hang,581,12,47
kor_Hang,581,13,29
kor_Hang,581,14,13
kor_Hang,581,15,13
kor_Hang,581,16,13
kor_Hang,581,17,13
kor_Hang,581,18,13
kor_Hang,581,19,19
kor_Hang,581,20,13
kor_Hang,581,21,13
kor_Hang,581,22,13
kor_Hang,581,23,13
kor_Hang,581,24,13
kor_Hang,581,25,13
kor_Hang,581,26,13
kor_Hang,581,27,13
kor_Hang,581,28,13
kor_Hang,581,29,13
kor_Hang,581,30,13
kor_Hang,581,31,13
kor_Hang,581,32,13
kor_Hang,581,33,13
kor_Hang,581,34,13
kor_Hang,581,35,13
kor_Hang,581,36,13
kor_Hang,581,37,13
kor_Hang,581,38,13
kor_Hang,581,39,1
kor_Hang,581,40,13
kor_Hang,581,41,13
kor_Hang,581,42,13
kor_Hang,581,43,13
kor_Hang,581,44,13
kor_Hang,581,45,13
kor_Hang,581,46,13
kor_Hang,581,47,13
kor_Hang,581,48,13
kor_Hang,581,49,13
kor_Hang,581,50,19
kor_Hang,581,51,13
kor_Hang,581,52,13
kor_Hang,581,53,47
kor_Hang,581,54,13
kor_Hang,581,55,13
kor_Hang,581,56,19
kor_Hang,581,57,47
kor_Hang,581,58,13
kor_Hang,581,59,19
kor_Hang,581,60,19
kor_Hang,581,61,13
kor_Hang,581,62,13
kor_Hang,581,63,47
kor_Hang,581,64,13
kor_Hang,581,65,13
kor_Hang,581,66,47
kor_Hang,581,67,39
kor_Hang,581,68,13
kor_Hang,581,69,13
kor_Hang,581,70,13
kor_Hang,581,71,13
kor_Hang,581,72,13
kor_Hang,581,73,13
kor_Hang,581,74,13
kor_Hang,581,75,13
kor_Hang,581,76,34
kor_Hang,581,77,13
kor_Hang,581,78,13
kor_Hang,581,79,13
kor_Hang,581,80,13
kor_Hang,581,81,34
eng_Latn,582,0,60
eng_Latn,582,1,22
eng_Latn,582,2,42
eng_Latn,582,3,38
eng_Latn,582,4,19
eng_Latn,582,5,8
eng_Latn,582,6,19
eng_Latn,582,7,8
eng_Latn,582,8,5
eng_Latn,582,9,51
eng_Latn,582,10,8
eng_Latn,582,11,8
eng_Latn,582,12,15
kor_Hang,583,0,60
kor_Hang,583,1,52
kor_Hang,583,2,52
kor_Hang,583,3,13
kor_Hang,583,4,13
kor_Hang,583,5,13
kor_Hang,583,6,13
kor_Hang,583,7,13
kor_Hang,583,8,13
kor_Hang,583,9,13
kor_Hang,583,10,13
kor_Hang,583,11,13
kor_Hang,583,12,13
kor_Hang,583,13,13
kor_Hang,583,14,13
kor_Hang,583,15,13
kor_Hang,583,16,13
kor_Hang,583,17,19
kor_Hang,583,18,13
kor_Hang,583,19,47
kor_Hang,583,20,19
kor_Hang,583,21,34
kor_Hang,583,22,13
kor_Hang,583,23,13
kor_Hang,583,24,13
kor_Hang,583,25,13
kor_Hang,583,26,13
kor_Hang,583,27,47
kor_Hang,583,28,13
kor_Hang,583,29,61
kor_Hang,583,30,13
kor_Hang,583,31,13
kor_Hang,583,32,19
kor_Hang,583,33,13
kor_Hang,583,34,13
kor_Hang,583,35,11
kor_Hang,583,36,19
kor_Hang,583,37,19
kor_Hang,583,38,19
kor_Hang,583,39,13
kor_Hang,583,40,13
kor_Hang,583,41,13
kor_Hang,583,42,13
kor_Hang,583,43,13
kor_Hang,583,44,13
kor_Hang,583,45,13
kor_Hang,583,46,47
kor_Hang,583,47,13
kor_Hang,583,48,11
kor_Hang,583,49,58
kor_Hang,583,50,12
kor_Hang,583,51,22
kor_Hang,583,52,39
kor_Hang,584,0,60
kor_Hang,584,1,19
kor_Hang,584,2,13
kor_Hang,584,3,13
kor_Hang,584,4,19
kor_Hang,584,5,13
kor_Hang,584,6,13
kor_Hang,584,7,13
kor_Hang,584,8,13
kor_Hang,584,9,13
kor_Hang,584,10,13
kor_Hang,584,11,13
kor_Hang,584,12,13
kor_Hang,584,13,13
kor_Hang,584,14,13
kor_Hang,584,15,13
kor_Hang,584,16,13
kor_Hang,584,17,13
kor_Hang,584,18,13
kor_Hang,584,19,13
kor_Hang,584,20,13
kor_Hang,584,21,13
kor_Hang,584,22,13
kor_Hang,584,23,47
kor_Hang,584,24,13
kor_Hang,584,25,13
kor_Hang,584,26,13
kor_Hang,584,27,19
kor_Hang,584,28,13
kor_Hang,584,29,13
kor_Hang,584,30,19
kor_Hang,584,31,13
kor_Hang,584,32,13
kor_Hang,584,33,13
kor_Hang,584,34,13
kor_Hang,584,35,13
kor_Hang,584,36,13
kor_Hang,584,37,19
kor_Hang,584,38,13
kor_Hang,584,39,13
kor_Hang,584,40,19
kor_Hang,584,41,13
kor_Hang,584,42,47
kor_Hang,584,43,13
kor_Hang,584,44,13
kor_Hang,584,45,13
kor_Hang,584,46,13
kor_Hang,584,47,47
kor_Hang,584,48,47
kor_Hang,584,49,13
kor_Hang,584,50,13
kor_Hang,584,51,19
kor_Hang,584,52,13
kor_Hang,584,53,13
kor_Hang,584,54,19
kor_Hang,584,55,13
kor_Hang,584,56,13
kor_Hang,584,57,13
kor_Hang,584,58,13
kor_Hang,584,59,13
kor_Hang,584,60,19
kor_Hang,584,61,13
kor_Hang,584,62,13
kor_Hang,584,63,13
kor_Hang,584,64,13
kor_Hang,584,65,13
kor_Hang,584,66,13
kor_Hang,584,67,13
kor_Hang,584,68,13
kor_Hang,584,69,13
kor_Hang,584,70,13
kor_Hang,584,71,34
kor_Hang,584,72,13
kor_Hang,584,73,13
kor_Hang,584,74,13
kor_Hang,584,75,34
kor_Hang,585,0,60
kor_Hang,585,1,13
kor_Hang,585,2,27
kor_Hang,585,3,13
kor_Hang,585,4,13
kor_Hang,585,5,19
kor_Hang,585,6,13
kor_Hang,585,7,13
kor_Hang,585,8,13
kor_Hang,585,9,13
kor_Hang,585,10,13
kor_Hang,585,11,19
kor_Hang,585,12,13
kor_Hang,585,13,13
kor_Hang,585,14,13
kor_Hang,585,15,13
kor_Hang,585,16,13
kor_Hang,585,17,19
kor_Hang,585,18,13
kor_Hang,585,19,13
kor_Hang,585,20,47
kor_Hang,585,21,13
kor_Hang,585,22,13
kor_Hang,585,23,19
kor_Hang,585,24,13
kor_Hang,585,25,13
kor_Hang,585,26,13
kor_Hang,585,27,13
kor_Hang,585,28,19
kor_Hang,585,29,13
kor_Hang,585,30,13
kor_Hang,585,31,13
kor_Hang,585,32,34
kor_Hang,586,0,60
kor_Hang,586,1,13
kor_Hang,586,2,13
kor_Hang,586,3,19
kor_Hang,586,4,13
kor_Hang,586,5,13
kor_Hang,586,6,19
kor_Hang,586,7,13
kor_Hang,586,8,13
kor_Hang,586,9,13
kor_Hang,586,10,47
kor_Hang,586,11,19
kor_Hang,586,12,13
kor_Hang,586,13,19
kor_Hang,586,14,13
kor_Hang,586,15,13
kor_Hang,586,16,13
kor_Hang,586,17,13
kor_Hang,586,18,13
kor_Hang,586,19,13
kor_Hang,586,20,13
kor_Hang,586,21,34
kor_Hang,586,22,13
kor_Hang,586,23,13
kor_Hang,586,24,52
kor_Hang,586,25,13
kor_Hang,586,26,13
kor_Hang,586,27,9
kor_Hang,586,28,13
kor_Hang,586,29,13
kor_Hang,586,30,13
kor_Hang,586,31,19
kor_Hang,586,32,13
kor_Hang,586,33,13
kor_Hang,586,34,19
kor_Hang,586,35,13
kor_Hang,586,36,13
kor_Hang,586,37,13
kor_Hang,586,38,13
kor_Hang,586,39,19
kor_Hang,586,40,13
kor_Hang,586,41,19
kor_Hang,586,42,13
kor_Hang,586,43,13
kor_Hang,586,44,13
kor_Hang,586,45,13
kor_Hang,586,46,13
kor_Hang,586,47,13
kor_Hang,586,48,13
kor_Hang,586,49,13
kor_Hang,586,50,13
kor_Hang,586,51,34
kor_Hang,586,52,13
kor_Hang,586,53,13
kor_Hang,586,54,52
kor_Hang,586,55,13
kor_Hang,586,56,13
kor_Hang,586,57,9
kor_Hang,586,58,52
kor_Hang,587,0,60
kor_Hang,587,1,61
kor_Hang,587,2,13
kor_Hang,587,3,13
kor_Hang,587,4,13
kor_Hang,587,5,13
kor_Hang,587,6,13
kor_Hang,587,7,13
kor_Hang,587,8,13
kor_Hang,587,9,13
kor_Hang,587,10,19
kor_Hang,587,11,13
kor_Hang,587,12,13
kor_Hang,587,13,13
kor_Hang,587,14,13
kor_Hang,587,15,47
kor_Hang,587,16,19
kor_Hang,587,17,13
kor_Hang,587,18,19
kor_Hang,587,19,13
kor_Hang,587,20,47
kor_Hang,587,21,19
kor_Hang,587,22,13
kor_Hang,587,23,13
kor_Hang,587,24,13
kor_Hang,587,25,13
kor_Hang,587,26,13
kor_Hang,587,27,13
kor_Hang,587,28,19
kor_Hang,587,29,39
kor_Hang,587,30,47
kor_Hang,587,31,13
kor_Hang,587,32,13
kor_Hang,587,33,13
kor_Hang,587,34,47
kor_Hang,587,35,13
kor_Hang,587,36,13
kor_Hang,587,37,13
kor_Hang,587,38,13
kor_Hang,587,39,13
kor_Hang,587,40,19
kor_Hang,587,41,13
kor_Hang,587,42,13
kor_Hang,587,43,13
kor_Hang,587,44,13
kor_Hang,587,45,13
kor_Hang,587,46,13
kor_Hang,587,47,13
kor_Hang,587,48,34
kor_Hang,588,0,60
kor_Hang,588,1,13
kor_Hang,588,2,13
kor_Hang,588,3,13
kor_Hang,588,4,13
kor_Hang,588,5,13
kor_Hang,588,6,13
kor_Hang,588,7,13
kor_Hang,588,8,24
kor_Hang,588,9,13
kor_Hang,588,10,19
kor_Hang,588,11,13
kor_Hang,588,12,7
kor_Hang,588,13,13
kor_Hang,588,14,13
kor_Hang,588,15,13
kor_Hang,588,16,13
kor_Hang,588,17,13
kor_Hang,588,18,13
kor_Hang,588,19,13
kor_Hang,588,20,13
kor_Hang,588,21,13
kor_Hang,588,22,13
kor_Hang,588,23,13
kor_Hang,588,24,13
kor_Hang,588,25,13
kor_Hang,588,26,13
kor_Hang,588,27,13
kor_Hang,588,28,13
kor_Hang,588,29,13
kor_Hang,588,30,61
kor_Hang,588,31,19
kor_Hang,588,32,13
kor_Hang,588,33,13
kor_Hang,588,34,13
kor_Hang,588,35,13
kor_Hang,588,36,13
kor_Hang,588,37,13
kor_Hang,588,38,13
kor_Hang,588,39,13
kor_Hang,588,40,19
kor_Hang,588,41,13
kor_Hang,588,42,13
kor_Hang,588,43,13
kor_Hang,588,44,13
kor_Hang,588,45,13
kor_Hang,588,46,13
kor_Hang,588,47,13
kor_Hang,588,48,13
kor_Hang,588,49,13
kor_Hang,589,0,60
kor_Hang,589,1,13
kor_Hang,589,2,13
kor_Hang,589,3,13
kor_Hang,589,4,13
kor_Hang,589,5,13
kor_Hang,589,6,13
kor_Hang,589,7,61
kor_Hang,589,8,13
kor_Hang,589,9,13
kor_Hang,589,10,52
kor_Hang,589,11,52
kor_Hang,589,12,52
kor_Hang,589,13,13
kor_Hang,589,14,13
kor_Hang,589,15,13
kor_Hang,589,16,13
kor_Hang,589,17,13
kor_Hang,589,18,13
kor_Hang,589,19,13
kor_Hang,589,20,13
kor_Hang,589,21,13
kor_Hang,589,22,13
kor_Hang,589,23,13
kor_Hang,589,24,61
kor_Hang,589,25,13
kor_Hang,589,26,13
kor_Hang,589,27,13
kor_Hang,589,28,13
kor_Hang,589,29,13
kor_Hang,589,30,13
kor_Hang,589,31,13
kor_Hang,589,32,52
kor_Hang,589,33,13
kor_Hang,589,34,13
kor_Hang,589,35,13
kor_Hang,589,36,13
kor_Hang,589,37,13
kor_Hang,589,38,13
kor_Hang,589,39,13
kor_Hang,589,40,13
kor_Hang,589,41,13
kor_Hang,589,42,13
kor_Hang,589,43,13
kor_Hang,589,44,13
kor_Hang,589,45,13
kor_Hang,589,46,61
kor_Hang,589,47,13
kor_Hang,589,48,13
kor_Hang,589,49,13
kor_Hang,589,50,19
kor_Hang,589,51,13
kor_Hang,589,52,13
kor_Hang,589,53,13
kor_Hang,589,54,13
kor_Hang,589,55,19
kor_Hang,589,56,13
kor_Hang,589,57,13
kor_Hang,589,58,19
kor_Hang,589,59,13
kor_Hang,589,60,13
kor_Hang,589,61,13
kor_Hang,589,62,13
kor_Hang,589,63,13
kor_Hang,589,64,13
kor_Hang,589,65,13
kor_Hang,589,66,13
kor_Hang,589,67,13
kor_Hang,589,68,19
kor_Hang,589,69,13
kor_Hang,589,70,13
kor_Hang,589,71,19
kor_Hang,589,72,13
kor_Hang,589,73,13
kor_Hang,589,74,13
kor_Hang,589,75,34
kor_Hang,590,0,60
kor_Hang,590,1,13
kor_Hang,590,2,13
kor_Hang,590,3,19
kor_Hang,590,4,13
kor_Hang,590,5,13
kor_Hang,590,6,19
kor_Hang,590,7,13
kor_Hang,590,8,61
kor_Hang,590,9,13
kor_Hang,590,10,13
kor_Hang,590,11,24
kor_Hang,590,12,13
kor_Hang,590,13,47
kor_Hang,590,14,13
kor_Hang,590,15,39
kor_Hang,590,16,13
kor_Hang,590,17,13
kor_Hang,590,18,52
kor_Hang,590,19,13
kor_Hang,590,20,13
kor_Hang,590,21,13
kor_Hang,590,22,13
kor_Hang,590,23,13
kor_Hang,590,24,13
kor_Hang,590,25,13
kor_Hang,590,26,47
kor_Hang,590,27,47
kor_Hang,590,28,13
kor_Hang,590,29,13
kor_Hang,590,30,19
kor_Hang,590,31,13
kor_Hang,590,32,19
kor_Hang,590,33,13
kor_Hang,591,0,60
kor_Hang,591,1,13
kor_Hang,591,2,13
kor_Hang,591,3,13
kor_Hang,591,4,47
kor_Hang,591,5,61
kor_Hang,591,6,19
kor_Hang,591,7,6
kor_Hang,591,8,13
kor_Hang,591,9,19
kor_Hang,591,10,19
kor_Hang,591,11,13
kor_Hang,591,12,13
kor_Hang,591,13,13
kor_Hang,591,14,13
kor_Hang,591,15,13
kor_Hang,591,16,13
kor_Hang,591,17,47
kor_Hang,591,18,13
kor_Hang,591,19,13
kor_Hang,591,20,19
kor_Hang,591,21,13
kor_Hang,591,22,19
kor_Hang,591,23,13
kor_Hang,591,24,13
kor_Hang,591,25,13
kor_Hang,591,26,13
kor_Hang,591,27,13
kor_Hang,591,28,19
kor_Hang,591,29,34
kor_Hang,591,30,13
kor_Hang,591,31,13
kor_Hang,591,32,13
kor_Hang,591,33,13
kor_Hang,591,34,19
kor_Hang,591,35,13
kor_Hang,591,36,34
kor_Hang,592,0,60
kor_Hang,592,1,13
kor_Hang,592,2,47
kor_Hang,592,3,13
kor_Hang,592,4,13
kor_Hang,592,5,26
kor_Hang,592,6,13
kor_Hang,592,7,13
kor_Hang,592,8,13
kor_Hang,592,9,13
kor_Hang,592,10,13
kor_Hang,592,11,13
kor_Hang,592,12,13
kor_Hang,592,13,13
kor_Hang,592,14,13
kor_Hang,592,15,13
kor_Hang,592,16,47
kor_Hang,592,17,13
kor_Hang,592,18,52
kor_Hang,592,19,13
kor_Hang,592,20,13
kor_Hang,592,21,13
kor_Hang,592,22,13
kor_Hang,592,23,13
kor_Hang,592,24,13
kor_Hang,592,25,13
kor_Hang,592,26,13
kor_Hang,592,27,47
kor_Hang,592,28,13
kor_Hang,592,29,13
kor_Hang,592,30,13
kor_Hang,592,31,13
kor_Hang,592,32,13
kor_Hang,592,33,13
kor_Hang,592,34,13
kor_Hang,592,35,13
kor_Hang,592,36,13
kor_Hang,592,37,13
kor_Hang,592,38,13
kor_Hang,592,39,13
kor_Hang,592,40,52
kor_Hang,592,41,47
kor_Hang,592,42,1
kor_Hang,592,43,52
kor_Hang,592,44,52
kor_Hang,592,45,13
kor_Hang,592,46,13
kor_Hang,592,47,13
kor_Hang,592,48,13
kor_Hang,592,49,13
kor_Hang,592,50,13
kor_Hang,592,51,13
kor_Hang,592,52,13
kor_Hang,592,53,13
kor_Hang,592,54,13
kor_Hang,592,55,13
kor_Hang,592,56,13
kor_Hang,592,57,13
kor_Hang,592,58,19
kor_Hang,592,59,13
kor_Hang,592,60,58
kor_Hang,592,61,13
kor_Hang,592,62,13
kor_Hang,592,63,13
kor_Hang,592,64,47
kor_Hang,592,65,13
kor_Hang,592,66,13
kor_Hang,592,67,13
kor_Hang,592,68,13
kor_Hang,592,69,13
kor_Hang,592,70,13
kor_Hang,592,71,13
kor_Hang,592,72,34
kor_Hang,592,73,13
kor_Hang,592,74,13
kor_Hang,592,75,13
kor_Hang,592,76,34
kor_Hang,592,77,13
kor_Hang,592,78,13
kor_Hang,592,79,34
eng_Latn,593,0,60
eng_Latn,593,1,57
eng_Latn,593,2,46
eng_Latn,593,3,15
eng_Latn,593,4,63
eng_Latn,593,5,62
eng_Latn,593,6,52
eng_Latn,593,7,8
eng_Latn,593,8,46
eng_Latn,593,9,48
kor_Hang,594,0,60
kor_Hang,594,1,47
kor_Hang,594,2,13
kor_Hang,594,3,13
kor_Hang,594,4,13
kor_Hang,594,5,24
kor_Hang,594,6,13
kor_Hang,594,7,13
kor_Hang,594,8,13
kor_Hang,594,9,13
kor_Hang,594,10,47
kor_Hang,594,11,13
kor_Hang,594,12,13
kor_Hang,594,13,13
kor_Hang,594,14,13
kor_Hang,594,15,13
kor_Hang,594,16,13
kor_Hang,594,17,13
kor_Hang,594,18,13
kor_Hang,594,19,13
kor_Hang,594,20,13
kor_Hang,594,21,13
kor_Hang,594,22,13
kor_Hang,594,23,13
kor_Hang,594,24,13
kor_Hang,594,25,13
kor_Hang,594,26,13
kor_Hang,594,27,13
kor_Hang,594,28,13
kor_Hang,594,29,13
kor_Hang,594,30,13
kor_Hang,594,31,13
kor_Hang,594,32,13
kor_Hang,594,33,13
kor_Hang,595,0,60
kor_Hang,595,1,13
kor_Hang,595,2,13
kor_Hang,595,3,13
kor_Hang,595,4,13
kor_Hang,595,5,13
kor_Hang,595,6,34
kor_Hang,595,7,13
kor_Hang,595,8,13
kor_Hang,595,9,13
kor_Hang,595,10,13
kor_Hang,595,11,13
kor_Hang,595,12,13
kor_Hang,595,13,13
kor_Hang,595,14,13
kor_Hang,595,15,52
kor_Hang,595,16,13
kor_Hang,595,17,13
kor_Hang,595,18,19
kor_Hang,595,19,13
kor_Hang,595,20,9
kor_Hang,595,21,13
kor_Hang,595,22,13
kor_Hang,595,23,13
kor_Hang,595,24,13
kor_Hang,595,25,13
kor_Hang,595,26,13
kor_Hang,595,27,13
kor_Hang,595,28,13
kor_Hang,595,29,13
kor_Hang,595,30,39
kor_Hang,595,31,13
kor_Hang,595,32,47
kor_Hang,595,33,13
kor_Hang,595,34,13
kor_Hang,595,35,19
kor_Hang,595,36,13
kor_Hang,595,37,47
kor_Hang,595,38,13
kor_Hang,595,39,13
kor_Hang,595,40,13
kor_Hang,595,41,13
kor_Hang,595,42,19
kor_Hang,595,43,13
kor_Hang,595,44,13
kor_Hang,595,45,13
kor_Hang,595,46,13
kor_Hang,595,47,13
kor_Hang,595,48,13
kor_Hang,595,49,13
kor_Hang,595,50,13
kor_Hang,595,51,13
kor_Hang,595,52,13
kor_Hang,595,53,52
kor_Hang,596,0,60
kor_Hang,596,1,13
kor_Hang,596,2,13
kor_Hang,596,3,13
kor_Hang,596,4,13
kor_Hang,596,5,13
kor_Hang,596,6,47
kor_Hang,596,7,13
kor_Hang,596,8,13
kor_Hang,596,9,13
kor_Hang,596,10,19
kor_Hang,596,11,13
kor_Hang,596,12,47
kor_Hang,596,13,13
kor_Hang,596,14,13
kor_Hang,596,15,13
kor_Hang,596,16,13
kor_Hang,596,17,19
kor_Hang,596,18,13
kor_Hang,596,19,13
kor_Hang,596,20,13
kor_Hang,596,21,13
kor_Hang,596,22,13
kor_Hang,596,23,13
kor_Hang,596,24,13
kor_Hang,596,25,19
kor_Hang,596,26,13
kor_Hang,596,27,13
kor_Hang,596,28,13
kor_Hang,596,29,13
kor_Hang,596,30,13
kor_Hang,596,31,13
kor_Hang,596,32,13
kor_Hang,596,33,13
kor_Hang,596,34,13
kor_Hang,596,35,13
kor_Hang,596,36,9
kor_Hang,596,37,13
kor_Hang,596,38,13
kor_Hang,596,39,13
kor_Hang,596,40,13
kor_Hang,596,41,13
kor_Hang,596,42,13
kor_Hang,596,43,47
kor_Hang,596,44,13
kor_Hang,596,45,13
kor_Hang,596,46,61
kor_Hang,596,47,19
kor_Hang,596,48,13
kor_Hang,596,49,47
kor_Hang,596,50,19
kor_Hang,596,51,13
kor_Hang,596,52,13
kor_Hang,596,53,13
kor_Hang,596,54,19
kor_Hang,596,55,13
kor_Hang,596,56,13
kor_Hang,596,57,13
kor_Hang,596,58,13
kor_Hang,596,59,13
kor_Hang,596,60,13
kor_Hang,596,61,13
kor_Hang,596,62,19
kor_Hang,596,63,13
kor_Hang,596,64,13
kor_Hang,596,65,13
kor_Hang,596,66,13
kor_Hang,596,67,13
kor_Hang,596,68,13
kor_Hang,596,69,13
kor_Hang,596,70,19
kor_Hang,596,71,13
kor_Hang,596,72,13
kor_Hang,596,73,13
kor_Hang,596,74,13
kor_Hang,596,75,13
kor_Hang,596,76,19
kor_Hang,596,77,13
kor_Hang,596,78,13
kor_Hang,596,79,13
kor_Hang,596,80,13
kor_Hang,596,81,13
kor_Hang,596,82,13
kor_Hang,596,83,13
eng_Latn,597,0,60
eng_Latn,597,1,45
eng_Latn,597,2,35
eng_Latn,597,3,18
eng_Latn,597,4,56
eng_Latn,597,5,38
eng_Latn,597,6,24
eng_Latn,597,7,55
eng_Latn,597,8,41
eng_Latn,597,9,43
eng_Latn,597,10,48
eng_Latn,598,0,60
eng_Latn,598,1,31
eng_Latn,598,2,9
eng_Latn,598,3,18
eng_Latn,598,4,34
eng_Latn,598,5,18
eng_Latn,598,6,20
eng_Latn,598,7,41
eng_Latn,598,8,34
eng_Latn,598,9,18
eng_Latn,598,10,34
kor_Hang,599,0,60
kor_Hang,599,1,47
kor_Hang,599,2,13
kor_Hang,599,3,13
kor_Hang,599,4,19
kor_Hang,599,5,13
kor_Hang,599,6,13
kor_Hang,599,7,47
kor_Hang,599,8,13
kor_Hang,599,9,13
kor_Hang,599,10,13
kor_Hang,599,11,13
kor_Hang,599,12,13
kor_Hang,599,13,19
kor_Hang,599,14,13
kor_Hang,599,15,19
kor_Hang,599,16,13
kor_Hang,599,17,13
kor_Hang,599,18,13
kor_Hang,599,19,13
kor_Hang,599,20,13
kor_Hang,599,21,19
kor_Hang,599,22,13
kor_Hang,599,23,13
kor_Hang,599,24,13
kor_Hang,599,25,13
kor_Hang,599,26,13
kor_Hang,599,27,13
kor_Hang,599,28,13
kor_Hang,599,29,13
kor_Hang,599,30,13
kor_Hang,599,31,13
kor_Hang,599,32,13
kor_Hang,599,33,13
kor_Hang,599,34,13
kor_Hang,599,35,19
kor_Hang,599,36,13
kor_Hang,599,37,13
kor_Hang,599,38,13
kor_Hang,599,39,13
kor_Hang,599,40,13
kor_Hang,599,41,13
kor_Hang,599,42,13
kor_Hang,599,43,13
kor_Hang,599,44,13
kor_Hang,599,45,19
kor_Hang,599,46,13
kor_Hang,599,47,13
kor_Hang,599,48,13
kor_Hang,600,0,60
kor_Hang,600,1,13
kor_Hang,600,2,13
kor_Hang,600,3,19
kor_Hang,600,4,13
kor_Hang,600,5,13
kor_Hang,600,6,13
kor_Hang,600,7,13
kor_Hang,600,8,13
kor_Hang,600,9,13
kor_Hang,600,10,13
kor_Hang,600,11,47
kor_Hang,600,12,13
kor_Hang,600,13,19
kor_Hang,600,14,13
kor_Hang,600,15,13
kor_Hang,600,16,13
kor_Hang,600,17,13
kor_Hang,600,18,13
kor_Hang,600,19,34
kor_Hang,600,20,13
kor_Hang,600,21,13
kor_Hang,600,22,13
kor_Hang,600,23,39
kor_Hang,600,24,47
kor_Hang,600,25,13
kor_Hang,600,26,19
kor_Hang,600,27,13
kor_Hang,600,28,13
kor_Hang,600,29,47
kor_Hang,600,30,13
kor_Hang,600,31,13
kor_Hang,600,32,13
kor_Hang,600,33,61
kor_Hang,600,34,19
kor_Hang,600,35,13
kor_Hang,600,36,13
kor_Hang,600,37,13
kor_Hang,600,38,13
kor_Hang,600,39,13
kor_Hang,600,40,13
kor_Hang,600,41,13
kor_Hang,600,42,13
kor_Hang,600,43,13
kor_Hang,600,44,13
kor_Hang,600,45,13
kor_Hang,600,46,13
kor_Hang,600,47,13
kor_Hang,600,48,13
kor_Hang,600,49,13
kor_Hang,600,50,13
kor_Hang,600,51,13
kor_Hang,600,52,13
kor_Hang,600,53,13
kor_Hang,600,54,13
kor_Hang,600,55,13
kor_Hang,600,56,13
kor_Hang,600,57,13
kor_Hang,600,58,13
kor_Hang,600,59,13
kor_Hang,600,60,13
kor_Hang,600,61,13
kor_Hang,600,62,13
kor_Hang,600,63,19
kor_Hang,600,64,13
kor_Hang,600,65,13
kor_Hang,600,66,13
kor_Hang,600,67,13
kor_Hang,600,68,13
kor_Hang,600,69,13
kor_Hang,600,70,13
kor_Hang,600,71,34
eng_Latn,601,0,60
eng_Latn,601,1,4
eng_Latn,601,2,4
eng_Latn,601,3,20
eng_Latn,601,4,35
eng_Latn,601,5,57
eng_Latn,601,6,15
eng_Latn,601,7,1
eng_Latn,601,8,52
kor_Hang,602,0,60
kor_Hang,602,1,13
kor_Hang,602,2,13
kor_Hang,602,3,13
kor_Hang,602,4,19
kor_Hang,602,5,13
kor_Hang,602,6,13
kor_Hang,602,7,13
kor_Hang,602,8,13
kor_Hang,602,9,13
kor_Hang,602,10,13
kor_Hang,602,11,13
kor_Hang,602,12,13
kor_Hang,602,13,13
kor_Hang,602,14,13
kor_Hang,602,15,13
kor_Hang,602,16,13
kor_Hang,602,17,13
kor_Hang,602,18,47
kor_Hang,602,19,13
kor_Hang,602,20,13
kor_Hang,602,21,19
kor_Hang,602,22,13
kor_Hang,602,23,13
kor_Hang,602,24,13
kor_Hang,602,25,13
kor_Hang,602,26,13
kor_Hang,602,27,13
kor_Hang,602,28,13
kor_Hang,602,29,13
kor_Hang,602,30,13
kor_Hang,602,31,13
kor_Hang,602,32,13
kor_Hang,602,33,19
kor_Hang,602,34,13
kor_Hang,602,35,13
kor_Hang,602,36,13
kor_Hang,602,37,19
kor_Hang,602,38,13
kor_Hang,602,39,13
kor_Hang,602,40,13
kor_Hang,602,41,13
kor_Hang,602,42,19
kor_Hang,602,43,13
kor_Hang,602,44,13
kor_Hang,602,45,13
kor_Hang,602,46,13
kor_Hang,602,47,13
kor_Hang,602,48,13
kor_Hang,602,49,13
kor_Hang,602,50,13
kor_Hang,602,51,13
kor_Hang,602,52,13
kor_Hang,602,53,13
kor_Hang,602,54,13
kor_Hang,602,55,47
kor_Hang,602,56,19
kor_Hang,602,57,13
kor_Hang,602,58,13
kor_Hang,602,59,34
kor_Hang,602,60,13
kor_Hang,602,61,13
kor_Hang,602,62,13
kor_Hang,602,63,13
kor_Hang,602,64,13
kor_Hang,602,65,13
kor_Hang,602,66,13
kor_Hang,602,67,34
kor_Hang,603,0,60
kor_Hang,603,1,13
kor_Hang,603,2,13
kor_Hang,603,3,13
kor_Hang,603,4,13
kor_Hang,603,5,13
kor_Hang,603,6,47
kor_Hang,603,7,13
kor_Hang,603,8,13
kor_Hang,603,9,13
kor_Hang,603,10,13
kor_Hang,603,11,13
kor_Hang,603,12,13
kor_Hang,603,13,26
kor_Hang,603,14,27
kor_Hang,603,15,13
kor_Hang,603,16,13
kor_Hang,603,17,13
kor_Hang,603,18,13
kor_Hang,603,19,13
kor_Hang,603,20,13
kor_Hang,603,21,13
kor_Hang,603,22,13
kor_Hang,603,23,13
kor_Hang,603,24,13
kor_Hang,603,25,13
kor_Hang,603,26,13
kor_Hang,603,27,13
kor_Hang,603,28,13
kor_Hang,603,29,13
kor_Hang,603,30,13
kor_Hang,603,31,13
kor_Hang,603,32,13
kor_Hang,603,33,13
kor_Hang,603,34,13
kor_Hang,603,35,13
kor_Hang,603,36,13
kor_Hang,603,37,13
kor_Hang,603,38,13
kor_Hang,603,39,19
kor_Hang,603,40,19
kor_Hang,603,41,13
kor_Hang,604,0,60
kor_Hang,604,1,13
kor_Hang,604,2,19
kor_Hang,604,3,13
kor_Hang,604,4,13
kor_Hang,604,5,13
kor_Hang,604,6,13
kor_Hang,604,7,13
kor_Hang,604,8,19
kor_Hang,604,9,13
kor_Hang,604,10,13
kor_Hang,604,11,13
kor_Hang,604,12,13
kor_Hang,604,13,13
kor_Hang,604,14,47
kor_Hang,604,15,13
kor_Hang,604,16,13
kor_Hang,604,17,13
kor_Hang,604,18,13
kor_Hang,604,19,13
kor_Hang,604,20,19
kor_Hang,604,21,34
kor_Hang,604,22,13
kor_Hang,604,23,13
kor_Hang,604,24,13
kor_Hang,604,25,13
kor_Hang,604,26,13
kor_Hang,604,27,13
kor_Hang,604,28,13
kor_Hang,604,29,47
kor_Hang,604,30,13
kor_Hang,604,31,19
kor_Hang,604,32,13
kor_Hang,604,33,13
kor_Hang,604,34,13
kor_Hang,604,35,13
kor_Hang,604,36,13
kor_Hang,604,37,13
kor_Hang,604,38,13
kor_Hang,604,39,13
kor_Hang,604,40,13
kor_Hang,604,41,13
kor_Hang,604,42,13
kor_Hang,604,43,13
kor_Hang,604,44,13
kor_Hang,604,45,13
kor_Hang,604,46,13
kor_Hang,604,47,13
kor_Hang,604,48,13
kor_Hang,604,49,13
kor_Hang,604,50,13
kor_Hang,604,51,34
kor_Hang,604,52,13
kor_Hang,604,53,19
kor_Hang,604,54,19
kor_Hang,604,55,13
kor_Hang,604,56,13
kor_Hang,604,57,13
kor_Hang,604,58,13
kor_Hang,604,59,13
kor_Hang,604,60,13
kor_Hang,604,61,34
kor_Hang,604,62,34
kor_Hang,604,63,13
kor_Hang,604,64,13
kor_Hang,604,65,13
kor_Hang,604,66,34
kor_Hang,604,67,19
kor_Hang,604,68,34
kor_Hang,604,69,34
kor_Hang,605,0,60
kor_Hang,605,1,19
kor_Hang,605,2,13
kor_Hang,605,3,13
kor_Hang,605,4,61
kor_Hang,605,5,13
kor_Hang,605,6,13
kor_Hang,605,7,13
kor_Hang,605,8,13
kor_Hang,605,9,13
kor_Hang,605,10,13
kor_Hang,605,11,19
kor_Hang,605,12,13
kor_Hang,605,13,13
kor_Hang,605,14,13
kor_Hang,605,15,13
kor_Hang,605,16,13
kor_Hang,605,17,13
kor_Hang,605,18,13
kor_Hang,605,19,13
kor_Hang,605,20,13
kor_Hang,605,21,13
kor_Hang,605,22,13
kor_Hang,605,23,13
kor_Hang,605,24,47
kor_Hang,605,25,13
kor_Hang,605,26,19
kor_Hang,605,27,13
kor_Hang,605,28,13
kor_Hang,605,29,13
kor_Hang,605,30,13
kor_Hang,605,31,13
kor_Hang,605,32,13
kor_Hang,605,33,52
kor_Hang,606,0,60
kor_Hang,606,1,13
kor_Hang,606,2,1
kor_Hang,606,3,13
kor_Hang,606,4,13
kor_Hang,606,5,13
kor_Hang,606,6,13
kor_Hang,606,7,47
kor_Hang,606,8,47
kor_Hang,606,9,13
kor_Hang,606,10,42
kor_Hang,606,11,57
kor_Hang,606,12,40
kor_Hang,606,13,7
kor_Hang,606,14,37
kor_Hang,606,15,13
kor_Hang,606,16,13
kor_Hang,606,17,13
kor_Hang,606,18,13
kor_Hang,606,19,13
kor_Hang,606,20,47
kor_Hang,606,21,47
kor_Hang,606,22,13
kor_Hang,607,0,60
kor_Hang,607,1,13
kor_Hang,607,2,19
kor_Hang,607,3,13
kor_Hang,607,4,13
kor_Hang,607,5,13
kor_Hang,607,6,13
kor_Hang,607,7,13
kor_Hang,607,8,13
kor_Hang,607,9,13
kor_Hang,607,10,13
kor_Hang,607,11,13
kor_Hang,607,12,13
kor_Hang,607,13,6
kor_Hang,607,14,19
kor_Hang,607,15,13
kor_Hang,607,16,13
kor_Hang,607,17,13
kor_Hang,607,18,13
kor_Hang,607,19,13
kor_Hang,607,20,13
kor_Hang,607,21,13
kor_Hang,607,22,19
kor_Hang,607,23,13
kor_Hang,607,24,13
kor_Hang,607,25,47
kor_Hang,607,26,13
kor_Hang,607,27,13
kor_Hang,607,28,13
kor_Hang,607,29,13
kor_Hang,607,30,19
kor_Hang,607,31,13
kor_Hang,607,32,13
kor_Hang,607,33,13
kor_Hang,607,34,47
kor_Hang,607,35,13
kor_Hang,607,36,13
kor_Hang,608,0,60
kor_Hang,608,1,19
kor_Hang,608,2,13
kor_Hang,608,3,13
kor_Hang,608,4,13
kor_Hang,608,5,13
kor_Hang,608,6,13
kor_Hang,608,7,13
kor_Hang,608,8,13
kor_Hang,608,9,13
kor_Hang,608,10,13
kor_Hang,608,11,13
kor_Hang,608,12,34
kor_Hang,608,13,13
kor_Hang,608,14,13
kor_Hang,608,15,13
kor_Hang,608,16,19
kor_Hang,608,17,13
kor_Hang,608,18,13
kor_Hang,608,19,13
kor_Hang,608,20,13
kor_Hang,608,21,13
kor_Hang,608,22,13
kor_Hang,608,23,19
kor_Hang,608,24,13
kor_Hang,608,25,47
kor_Hang,608,26,13
kor_Hang,608,27,13
kor_Hang,608,28,13
kor_Hang,608,29,13
kor_Hang,608,30,13
kor_Hang,608,31,13
kor_Hang,608,32,47
kor_Hang,608,33,13
kor_Hang,608,34,13
kor_Hang,608,35,47
kor_Hang,608,36,13
kor_Hang,608,37,13
kor_Hang,608,38,13
kor_Hang,608,39,61
kor_Hang,608,40,13
kor_Hang,608,41,13
kor_Hang,608,42,13
kor_Hang,608,43,19
kor_Hang,608,44,13
kor_Hang,608,45,34
kor_Hang,608,46,47
kor_Hang,608,47,13
kor_Hang,608,48,13
kor_Hang,608,49,19
kor_Hang,608,50,13
kor_Hang,608,51,34
kor_Hang,609,0,60
kor_Hang,609,1,13
kor_Hang,609,2,19
kor_Hang,609,3,7
kor_Hang,609,4,12
kor_Hang,609,5,13
kor_Hang,609,6,13
kor_Hang,609,7,47
kor_Hang,609,8,13
kor_Hang,609,9,13
kor_Hang,609,10,13
kor_Hang,609,11,13
kor_Hang,609,12,19
kor_Hang,609,13,13
kor_Hang,609,14,9
kor_Hang,609,15,9
kor_Hang,609,16,13
kor_Hang,609,17,13
kor_Hang,609,18,13
kor_Hang,609,19,13
kor_Hang,609,20,13
kor_Hang,609,21,13
kor_Hang,609,22,13
kor_Hang,609,23,13
kor_Hang,609,24,13
kor_Hang,609,25,13
kor_Hang,609,26,13
kor_Hang,609,27,13
kor_Hang,609,28,13
kor_Hang,609,29,13
kor_Hang,609,30,13
kor_Hang,609,31,13
kor_Hang,609,32,13
kor_Hang,609,33,13
kor_Hang,609,34,13
kor_Hang,609,35,13
kor_Hang,609,36,13
kor_Hang,609,37,13
kor_Hang,609,38,13
kor_Hang,609,39,13
kor_Hang,609,40,13
kor_Hang,609,41,13
kor_Hang,609,42,13
kor_Hang,609,43,13
kor_Hang,609,44,13
kor_Hang,609,45,13
kor_Hang,609,46,13
kor_Hang,609,47,13
kor_Hang,609,48,13
kor_Hang,609,49,13
kor_Hang,609,50,13
kor_Hang,609,51,13
kor_Hang,609,52,47
kor_Hang,609,53,13
kor_Hang,609,54,13
kor_Hang,609,55,13
kor_Hang,609,56,13
kor_Hang,609,57,13
kor_Hang,609,58,13
kor_Hang,609,59,47
kor_Hang,609,60,13
kor_Hang,610,0,60
kor_Hang,610,1,13
kor_Hang,610,2,13
kor_Hang,610,3,13
kor_Hang,610,4,13
kor_Hang,610,5,13
kor_Hang,610,6,13
kor_Hang,610,7,13
kor_Hang,610,8,27
kor_Hang,610,9,13
kor_Hang,610,10,13
kor_Hang,610,11,13
kor_Hang,610,12,47
kor_Hang,610,13,19
kor_Hang,610,14,13
kor_Hang,610,15,13
kor_Hang,610,16,13
kor_Hang,610,17,13
kor_Hang,610,18,13
kor_Hang,610,19,13
kor_Hang,610,20,13
kor_Hang,610,21,13
kor_Hang,610,22,13
kor_Hang,610,23,13
kor_Hang,610,24,13
kor_Hang,610,25,19
kor_Hang,610,26,34
kor_Hang,610,27,13
kor_Hang,610,28,13
kor_Hang,610,29,13
kor_Hang,610,30,13
kor_Hang,610,31,13
kor_Hang,610,32,13
kor_Hang,610,33,13
kor_Hang,610,34,13
kor_Hang,610,35,13
kor_Hang,610,36,13
kor_Hang,610,37,13
kor_Hang,610,38,19
kor_Hang,610,39,13
kor_Hang,610,40,24
kor_Hang,610,41,19
kor_Hang,610,42,13
kor_Hang,610,43,19
kor_Hang,610,44,19
kor_Hang,610,45,13
kor_Hang,610,46,13
kor_Hang,610,47,19
kor_Hang,610,48,13
kor_Hang,610,49,13
kor_Hang,610,50,13
kor_Hang,610,51,13
kor_Hang,610,52,47
kor_Hang,610,53,13
kor_Hang,610,54,13
kor_Hang,610,55,13
kor_Hang,610,56,13
kor_Hang,610,57,13
kor_Hang,610,58,13
eng_Latn,611,0,60
eng_Latn,611,1,24
eng_Latn,611,2,22
eng_Latn,611,3,45
eng_Latn,611,4,37
eng_Latn,611,5,18
eng_Latn,611,6,16
eng_Latn,611,7,49
eng_Latn,611,8,53
eng_Latn,611,9,37
eng_Latn,611,10,46
kor_Hang,612,0,60
kor_Hang,612,1,13
kor_Hang,612,2,13
kor_Hang,612,3,13
kor_Hang,612,4,13
kor_Hang,612,5,13
kor_Hang,612,6,13
kor_Hang,612,7,13
kor_Hang,612,8,47
kor_Hang,612,9,47
kor_Hang,612,10,13
kor_Hang,612,11,13
kor_Hang,612,12,13
kor_Hang,612,13,13
kor_Hang,612,14,19
kor_Hang,612,15,13
kor_Hang,612,16,13
kor_Hang,612,17,13
kor_Hang,612,18,13
kor_Hang,612,19,19
kor_Hang,612,20,13
kor_Hang,612,21,12
kor_Hang,612,22,13
kor_Hang,612,23,13
kor_Hang,612,24,13
kor_Hang,612,25,61
kor_Hang,612,26,13
kor_Hang,612,27,13
kor_Hang,612,28,13
kor_Hang,612,29,13
kor_Hang,612,30,47
kor_Hang,612,31,47
kor_Hang,612,32,13
eng_Latn,613,0,60
eng_Latn,613,1,41
eng_Latn,613,2,15
eng_Latn,613,3,48
eng_Latn,613,4,56
eng_Latn,613,5,57
eng_Latn,613,6,24
eng_Latn,613,7,37
eng_Latn,613,8,37
eng_Latn,613,9,3
kor_Hang,614,0,60
kor_Hang,614,1,13
kor_Hang,614,2,52
kor_Hang,614,3,13
kor_Hang,614,4,13
kor_Hang,614,5,13
kor_Hang,614,6,13
kor_Hang,614,7,13
kor_Hang,614,8,13
kor_Hang,614,9,47
kor_Hang,614,10,13
kor_Hang,614,11,13
kor_Hang,614,12,13
kor_Hang,614,13,13
kor_Hang,614,14,13
kor_Hang,614,15,13
kor_Hang,614,16,19
kor_Hang,614,17,13
kor_Hang,614,18,13
kor_Hang,614,19,13
kor_Hang,614,20,13
kor_Hang,614,21,13
kor_Hang,614,22,13
kor_Hang,614,23,13
kor_Hang,614,24,13
kor_Hang,614,25,13
kor_Hang,614,26,13
kor_Hang,614,27,13
kor_Hang,614,28,19
kor_Hang,614,29,13
kor_Hang,614,30,13
kor_Hang,614,31,13
kor_Hang,614,32,13
kor_Hang,614,33,13
kor_Hang,614,34,13
kor_Hang,614,35,13
kor_Hang,614,36,13
kor_Hang,614,37,13
kor_Hang,614,38,19
kor_Hang,614,39,19
kor_Hang,614,40,13
kor_Hang,614,41,13
kor_Hang,614,42,19
kor_Hang,614,43,13
kor_Hang,614,44,13
kor_Hang,614,45,13
kor_Hang,614,46,13
kor_Hang,614,47,13
kor_Hang,614,48,13
kor_Hang,614,49,19
kor_Hang,614,50,13
kor_Hang,614,51,13
kor_Hang,614,52,13
kor_Hang,614,53,13
kor_Hang,614,54,13
kor_Hang,614,55,13
kor_Hang,614,56,34
kor_Hang,614,57,13
kor_Hang,614,58,13
kor_Hang,614,59,13
kor_Hang,614,60,13
kor_Hang,614,61,13
kor_Hang,614,62,19
kor_Hang,614,63,34
kor_Hang,614,64,13
kor_Hang,614,65,13
kor_Hang,614,66,13
kor_Hang,614,67,34
eng_Latn,615,0,60
eng_Latn,615,1,53
eng_Latn,615,2,19
eng_Latn,615,3,39
eng_Latn,615,4,9
eng_Latn,615,5,3
eng_Latn,615,6,18
kor_Hang,616,0,60
kor_Hang,616,1,52
kor_Hang,616,2,47
kor_Hang,616,3,13
kor_Hang,616,4,13
kor_Hang,616,5,47
kor_Hang,616,6,19
kor_Hang,616,7,13
kor_Hang,616,8,19
kor_Hang,616,9,13
kor_Hang,616,10,13
kor_Hang,616,11,13
kor_Hang,616,12,13
kor_Hang,616,13,19
kor_Hang,616,14,13
kor_Hang,616,15,9
kor_Hang,616,16,42
kor_Hang,616,17,13
kor_Hang,616,18,13
kor_Hang,616,19,13
kor_Hang,616,20,13
kor_Hang,616,21,13
kor_Hang,616,22,39
kor_Hang,616,23,19
kor_Hang,616,24,19
kor_Hang,616,25,13
kor_Hang,616,26,47
kor_Hang,617,0,60
kor_Hang,617,1,13
kor_Hang,617,2,13
kor_Hang,617,3,13
kor_Hang,617,4,13
kor_Hang,617,5,13
kor_Hang,617,6,13
kor_Hang,617,7,13
kor_Hang,617,8,13
kor_Hang,617,9,19
kor_Hang,617,10,13
kor_Hang,617,11,13
kor_Hang,617,12,13
kor_Hang,617,13,13
kor_Hang,617,14,13
kor_Hang,617,15,13
kor_Hang,617,16,13
kor_Hang,617,17,13
kor_Hang,617,18,13
kor_Hang,617,19,13
kor_Hang,617,20,13
kor_Hang,617,21,13
kor_Hang,617,22,13
kor_Hang,617,23,13
kor_Hang,617,24,13
kor_Hang,617,25,13
kor_Hang,617,26,13
kor_Hang,617,27,13
kor_Hang,617,28,47
kor_Hang,617,29,13
kor_Hang,617,30,13
kor_Hang,617,31,13
kor_Hang,617,32,13
kor_Hang,617,33,13
kor_Hang,617,34,34
kor_Hang,617,35,13
kor_Hang,617,36,13
kor_Hang,617,37,13
kor_Hang,617,38,19
kor_Hang,617,39,13
kor_Hang,617,40,13
kor_Hang,617,41,13
kor_Hang,617,42,13
kor_Hang,617,43,13
kor_Hang,617,44,13
kor_Hang,617,45,13
kor_Hang,617,46,13
kor_Hang,617,47,13
kor_Hang,617,48,13
kor_Hang,617,49,13
kor_Hang,617,50,13
kor_Hang,617,51,13
kor_Hang,617,52,13
kor_Hang,617,53,13
kor_Hang,617,54,13
kor_Hang,617,55,47
kor_Hang,617,56,47
kor_Hang,617,57,13
kor_Hang,617,58,13
kor_Hang,617,59,13
kor_Hang,617,60,13
kor_Hang,617,61,13
kor_Hang,617,62,13
kor_Hang,617,63,13
kor_Hang,617,64,13
kor_Hang,617,65,13
kor_Hang,617,66,19
kor_Hang,617,67,13
kor_Hang,617,68,34
kor_Hang,617,69,9
kor_Hang,617,70,13
kor_Hang,617,71,13
kor_Hang,617,72,13
kor_Hang,617,73,13
kor_Hang,617,74,13
kor_Hang,617,75,13
kor_Hang,617,76,13
kor_Hang,617,77,13
kor_Hang,617,78,47
kor_Hang,617,79,13
kor_Hang,617,80,13
eng_Latn,618,0,60
eng_Latn,618,1,49
eng_Latn,618,2,18
eng_Latn,618,3,35
eng_Latn,618,4,57
eng_Latn,618,5,53
eng_Latn,618,6,38
eng_Latn,618,7,51
eng_Latn,618,8,57
eng_Latn,618,9,51
kor_Hang,619,0,60
kor_Hang,619,1,19
kor_Hang,619,2,13
kor_Hang,619,3,13
kor_Hang,619,4,13
kor_Hang,619,5,13
kor_Hang,619,6,13
kor_Hang,619,7,13
kor_Hang,619,8,13
kor_Hang,619,9,13
kor_Hang,619,10,13
kor_Hang,619,11,13
kor_Hang,619,12,19
kor_Hang,619,13,34
kor_Hang,619,14,13
kor_Hang,619,15,13
kor_Hang,619,16,13
kor_Hang,619,17,19
kor_Hang,619,18,13
kor_Hang,619,19,13
kor_Hang,619,20,13
kor_Hang,619,21,13
kor_Hang,619,22,13
kor_Hang,619,23,13
kor_Hang,619,24,13
kor_Hang,619,25,13
kor_Hang,619,26,13
kor_Hang,619,27,13
kor_Hang,619,28,13
kor_Hang,619,29,19
kor_Hang,619,30,34
kor_Hang,619,31,13
kor_Hang,619,32,13
kor_Hang,619,33,13
kor_Hang,619,34,13
kor_Hang,619,35,34
kor_Hang,619,36,19
kor_Hang,619,37,34
kor_Hang,619,38,34
kor_Hang,620,0,60
kor_Hang,620,1,13
kor_Hang,620,2,13
kor_Hang,620,3,13
kor_Hang,620,4,19
kor_Hang,620,5,39
kor_Hang,620,6,13
kor_Hang,620,7,47
kor_Hang,620,8,13
kor_Hang,620,9,19
kor_Hang,620,10,47
kor_Hang,620,11,19
kor_Hang,620,12,19
kor_Hang,620,13,19
kor_Hang,620,14,13
kor_Hang,620,15,13
kor_Hang,620,16,13
kor_Hang,620,17,19
kor_Hang,620,18,13
kor_Hang,620,19,47
kor_Hang,620,20,19
kor_Hang,620,21,13
kor_Hang,620,22,13
kor_Hang,620,23,13
kor_Hang,620,24,13
kor_Hang,620,25,13
kor_Hang,620,26,13
kor_Hang,620,27,13
kor_Hang,620,28,13
kor_Hang,620,29,13
kor_Hang,620,30,13
kor_Hang,620,31,13
kor_Hang,620,32,13
kor_Hang,620,33,61
kor_Hang,620,34,13
kor_Hang,620,35,13
kor_Hang,620,36,13
kor_Hang,620,37,13
kor_Hang,620,38,13
kor_Hang,620,39,13
kor_Hang,620,40,13
kor_Hang,620,41,13
kor_Hang,620,42,13
kor_Hang,620,43,19
kor_Hang,620,44,13
kor_Hang,620,45,13
kor_Hang,620,46,13
kor_Hang,620,47,13
kor_Hang,620,48,13
kor_Hang,620,49,13
kor_Hang,620,50,47
kor_Hang,620,51,19
kor_Hang,620,52,47
kor_Hang,620,53,19
kor_Hang,620,54,13
kor_Hang,620,55,13
kor_Hang,620,56,47
kor_Hang,620,57,13
kor_Hang,620,58,13
kor_Hang,620,59,13
kor_Hang,620,60,52
kor_Hang,620,61,13
kor_Hang,620,62,47
kor_Hang,620,63,13
kor_Hang,620,64,13
kor_Hang,620,65,13
kor_Hang,620,66,13
kor_Hang,620,67,13
kor_Hang,620,68,13
kor_Hang,620,69,13
kor_Hang,620,70,13
kor_Hang,620,71,13
kor_Hang,620,72,34
kor_Hang,620,73,34
kor_Hang,620,74,13
kor_Hang,620,75,34
kor_Hang,621,0,60
kor_Hang,621,1,13
kor_Hang,621,2,13
kor_Hang,621,3,13
kor_Hang,621,4,13
kor_Hang,621,5,13
kor_Hang,621,6,34
kor_Hang,621,7,13
kor_Hang,621,8,13
kor_Hang,621,9,13
kor_Hang,621,10,52
kor_Hang,621,11,13
kor_Hang,621,12,13
kor_Hang,621,13,13
kor_Hang,621,14,13
kor_Hang,621,15,13
kor_Hang,621,16,13
kor_Hang,621,17,13
kor_Hang,621,18,13
kor_Hang,621,19,13
kor_Hang,621,20,13
kor_Hang,621,21,19
kor_Hang,621,22,13
kor_Hang,621,23,13
kor_Hang,621,24,13
kor_Hang,621,25,19
kor_Hang,621,26,13
kor_Hang,621,27,13
kor_Hang,621,28,13
kor_Hang,621,29,13
kor_Hang,621,30,13
kor_Hang,621,31,13
kor_Hang,621,32,13
kor_Hang,621,33,13
kor_Hang,621,34,13
kor_Hang,621,35,19
kor_Hang,621,36,13
kor_Hang,621,37,13
kor_Hang,621,38,13
kor_Hang,621,39,13
kor_Hang,621,40,47
kor_Hang,621,41,13
kor_Hang,621,42,13
kor_Hang,621,43,13
kor_Hang,621,44,13
kor_Hang,621,45,13
kor_Hang,621,46,19
kor_Hang,621,47,47
kor_Hang,621,48,13
kor_Hang,621,49,47
kor_Hang,621,50,13
kor_Hang,621,51,13
kor_Hang,621,52,13
kor_Hang,621,53,19
kor_Hang,621,54,13
kor_Hang,621,55,61
kor_Hang,621,56,19
kor_Hang,621,57,13
kor_Hang,621,58,13
kor_Hang,621,59,13
kor_Hang,621,60,13
kor_Hang,621,61,13
kor_Hang,621,62,19
kor_Hang,621,63,13
kor_Hang,621,64,13
kor_Hang,621,65,13
kor_Hang,621,66,19
kor_Hang,621,67,13
kor_Hang,621,68,13
kor_Hang,621,69,27
kor_Hang,621,70,13
kor_Hang,621,71,13
kor_Hang,621,72,19
kor_Hang,621,73,34
kor_Hang,621,74,34
kor_Hang,622,0,60
kor_Hang,622,1,12
kor_Hang,622,2,9
kor_Hang,622,3,9
kor_Hang,622,4,60
kor_Hang,622,5,13
kor_Hang,622,6,13
kor_Hang,622,7,13
kor_Hang,622,8,13
kor_Hang,622,9,19
kor_Hang,622,10,13
kor_Hang,622,11,42
kor_Hang,622,12,13
kor_Hang,622,13,13
kor_Hang,622,14,13
kor_Hang,622,15,13
kor_Hang,622,16,47
kor_Hang,622,17,19
kor_Hang,622,18,13
kor_Hang,622,19,13
kor_Hang,622,20,19
kor_Hang,622,21,13
kor_Hang,622,22,19
kor_Hang,622,23,13
kor_Hang,622,24,13
kor_Hang,622,25,13
kor_Hang,622,26,13
kor_Hang,622,27,13
kor_Hang,622,28,13
kor_Hang,622,29,12
kor_Hang,622,30,13
kor_Hang,622,31,13
kor_Hang,622,32,13
kor_Hang,622,33,13
kor_Hang,622,34,19
kor_Hang,622,35,13
kor_Hang,622,36,19
kor_Hang,622,37,13
kor_Hang,622,38,13
kor_Hang,622,39,13
kor_Hang,622,40,13
kor_Hang,622,41,13
kor_Hang,622,42,13
kor_Hang,622,43,13
kor_Hang,622,44,13
kor_Hang,622,45,13
kor_Hang,622,46,13
kor_Hang,622,47,61
kor_Hang,622,48,13
kor_Hang,622,49,13
kor_Hang,622,50,13
kor_Hang,622,51,52
kor_Hang,622,52,13
kor_Hang,622,53,13
kor_Hang,623,0,60
kor_Hang,623,1,13
kor_Hang,623,2,13
kor_Hang,623,3,13
kor_Hang,623,4,13
kor_Hang,623,5,13
kor_Hang,623,6,13
kor_Hang,623,7,13
kor_Hang,623,8,13
kor_Hang,623,9,13
kor_Hang,623,10,13
kor_Hang,623,11,47
kor_Hang,623,12,13
kor_Hang,623,13,13
kor_Hang,623,14,13
kor_Hang,623,15,13
kor_Hang,623,16,13
kor_Hang,623,17,13
kor_Hang,623,18,13
kor_Hang,623,19,13
kor_Hang,623,20,13
kor_Hang,623,21,13
kor_Hang,623,22,13
kor_Hang,623,23,13
kor_Hang,623,24,13
kor_Hang,623,25,13
kor_Hang,623,26,13
kor_Hang,623,27,13
kor_Hang,623,28,47
kor_Hang,623,29,13
kor_Hang,623,30,13
kor_Hang,623,31,13
kor_Hang,623,32,13
kor_Hang,623,33,19
kor_Hang,623,34,13
kor_Hang,623,35,13
kor_Hang,623,36,13
kor_Hang,623,37,13
kor_Hang,623,38,13
kor_Hang,623,39,13
kor_Hang,623,40,13
kor_Hang,623,41,13
kor_Hang,623,42,52
kor_Hang,623,43,52
kor_Hang,623,44,61
kor_Hang,623,45,13
kor_Hang,623,46,13
kor_Hang,623,47,13
kor_Hang,623,48,34
kor_Hang,624,0,60
kor_Hang,624,1,13
kor_Hang,624,2,47
kor_Hang,624,3,13
kor_Hang,624,4,13
kor_Hang,624,5,19
kor_Hang,624,6,13
kor_Hang,624,7,13
kor_Hang,624,8,13
kor_Hang,624,9,13
kor_Hang,624,10,13
kor_Hang,624,11,19
kor_Hang,624,12,19
kor_Hang,624,13,13
kor_Hang,624,14,13
kor_Hang,624,15,19
kor_Hang,624,16,13
kor_Hang,624,17,13
kor_Hang,624,18,47
kor_Hang,624,19,13
kor_Hang,624,20,13
kor_Hang,624,21,13
kor_Hang,624,22,13
kor_Hang,624,23,13
kor_Hang,624,24,13
kor_Hang,624,25,19
kor_Hang,624,26,13
kor_Hang,624,27,13
kor_Hang,624,28,13
kor_Hang,624,29,13
kor_Hang,624,30,13
kor_Hang,624,31,52
kor_Hang,624,32,13
kor_Hang,624,33,13
kor_Hang,624,34,13
kor_Hang,624,35,13
kor_Hang,624,36,13
kor_Hang,624,37,13
kor_Hang,624,38,13
kor_Hang,624,39,13
kor_Hang,624,40,13
kor_Hang,624,41,13
kor_Hang,624,42,19
kor_Hang,624,43,13
kor_Hang,624,44,13
kor_Hang,624,45,19
kor_Hang,624,46,13
kor_Hang,624,47,19
kor_Hang,624,48,34
kor_Hang,624,49,13
kor_Hang,624,50,13
kor_Hang,624,51,13
kor_Hang,624,52,34
kor_Hang,625,0,60
kor_Hang,625,1,13
kor_Hang,625,2,13
kor_Hang,625,3,13
kor_Hang,625,4,13
kor_Hang,625,5,13
kor_Hang,625,6,13
kor_Hang,625,7,13
kor_Hang,625,8,13
kor_Hang,625,9,13
kor_Hang,625,10,13
kor_Hang,625,11,13
kor_Hang,625,12,13
kor_Hang,625,13,13
kor_Hang,625,14,13
kor_Hang,625,15,19
kor_Hang,625,16,13
kor_Hang,625,17,13
kor_Hang,625,18,19
kor_Hang,625,19,13
kor_Hang,625,20,13
kor_Hang,625,21,13
kor_Hang,625,22,13
kor_Hang,625,23,13
kor_Hang,625,24,13
kor_Hang,625,25,47
kor_Hang,625,26,13
kor_Hang,625,27,19
kor_Hang,625,28,13
kor_Hang,625,29,13
kor_Hang,625,30,13
kor_Hang,625,31,47
kor_Hang,625,32,13
kor_Hang,625,33,13
kor_Hang,625,34,13
kor_Hang,625,35,34
kor_Hang,626,0,60
kor_Hang,626,1,19
kor_Hang,626,2,13
kor_Hang,626,3,13
kor_Hang,626,4,47
kor_Hang,626,5,13
kor_Hang,626,6,13
kor_Hang,626,7,13
kor_Hang,626,8,19
kor_Hang,626,9,13
kor_Hang,626,10,13
kor_Hang,626,11,19
kor_Hang,626,12,13
kor_Hang,626,13,13
kor_Hang,626,14,13
kor_Hang,626,15,52
kor_Hang,626,16,52
kor_Hang,626,17,13
kor_Hang,626,18,13
kor_Hang,626,19,13
kor_Hang,626,20,13
kor_Hang,626,21,39
kor_Hang,626,22,13
kor_Hang,626,23,47
kor_Hang,626,24,39
kor_Hang,626,25,13
kor_Hang,626,26,19
kor_Hang,626,27,13
kor_Hang,626,28,13
kor_Hang,626,29,13
kor_Hang,626,30,13
kor_Hang,626,31,24
kor_Hang,626,32,13
kor_Hang,626,33,13
kor_Hang,626,34,13
kor_Hang,626,35,13
kor_Hang,626,36,13
kor_Hang,626,37,13
kor_Hang,626,38,13
kor_Hang,626,39,13
kor_Hang,626,40,13
kor_Hang,626,41,13
kor_Hang,626,42,19
kor_Hang,626,43,13
kor_Hang,626,44,13
kor_Hang,626,45,13
kor_Hang,626,46,19
kor_Hang,626,47,13
kor_Hang,626,48,19
kor_Hang,626,49,13
kor_Hang,626,50,13
kor_Hang,626,51,13
kor_Hang,626,52,13
kor_Hang,626,53,34
kor_Hang,627,0,60
kor_Hang,627,1,13
kor_Hang,627,2,13
kor_Hang,627,3,13
kor_Hang,627,4,13
kor_Hang,627,5,13
kor_Hang,627,6,13
kor_Hang,627,7,13
kor_Hang,627,8,13
kor_Hang,627,9,13
kor_Hang,627,10,13
kor_Hang,627,11,13
kor_Hang,627,12,13
kor_Hang,627,13,13
kor_Hang,627,14,47
kor_Hang,627,15,13
kor_Hang,627,16,13
kor_Hang,627,17,13
kor_Hang,627,18,13
kor_Hang,627,19,19
kor_Hang,627,20,13
kor_Hang,627,21,13
kor_Hang,627,22,13
kor_Hang,627,23,13
kor_Hang,627,24,13
kor_Hang,627,25,19
kor_Hang,627,26,13
kor_Hang,627,27,13
kor_Hang,627,28,47
kor_Hang,627,29,13
kor_Hang,627,30,13
kor_Hang,627,31,13
kor_Hang,627,32,13
kor_Hang,627,33,13
kor_Hang,627,34,13
kor_Hang,627,35,13
kor_Hang,627,36,13
kor_Hang,627,37,13
kor_Hang,627,38,13
kor_Hang,627,39,34
eng_Latn,628,0,60
eng_Latn,628,1,22
eng_Latn,628,2,45
eng_Latn,628,3,22
eng_Latn,628,4,16
eng_Latn,628,5,59
eng_Latn,628,6,34
eng_Latn,628,7,20
eng_Latn,628,8,19
eng_Latn,628,9,19
eng_Latn,628,10,34
kor_Hang,629,0,60
kor_Hang,629,1,57
kor_Hang,629,2,13
kor_Hang,629,3,13
kor_Hang,629,4,13
kor_Hang,629,5,19
kor_Hang,629,6,13
kor_Hang,629,7,47
kor_Hang,629,8,19
kor_Hang,629,9,13
kor_Hang,629,10,47
kor_Hang,629,11,19
kor_Hang,629,12,13
kor_Hang,629,13,19
kor_Hang,629,14,13
kor_Hang,629,15,19
kor_Hang,629,16,13
kor_Hang,629,17,13
kor_Hang,629,18,13
kor_Hang,629,19,13
kor_Hang,629,20,13
kor_Hang,629,21,47
kor_Hang,629,22,47
kor_Hang,629,23,13
kor_Hang,629,24,47
kor_Hang,629,25,47
kor_Hang,629,26,47
kor_Hang,629,27,47
kor_Hang,629,28,13
kor_Hang,629,29,13
kor_Hang,629,30,1
kor_Hang,629,31,13
kor_Hang,629,32,13
kor_Hang,629,33,13
kor_Hang,629,34,13
kor_Hang,629,35,19
kor_Hang,629,36,34
kor_Hang,629,37,13
kor_Hang,629,38,13
kor_Hang,629,39,13
kor_Hang,629,40,34
kor_Hang,629,41,13
kor_Hang,629,42,19
kor_Hang,629,43,13
kor_Hang,629,44,13
kor_Hang,629,45,13
kor_Hang,629,46,13
kor_Hang,629,47,13
kor_Hang,629,48,19
kor_Hang,629,49,13
kor_Hang,629,50,34
kor_Hang,630,0,60
kor_Hang,630,1,13
kor_Hang,630,2,13
kor_Hang,630,3,13
kor_Hang,630,4,13
kor_Hang,630,5,13
kor_Hang,630,6,13
kor_Hang,630,7,13
kor_Hang,630,8,13
kor_Hang,630,9,13
kor_Hang,630,10,47
kor_Hang,630,11,39
kor_Hang,630,12,13
kor_Hang,630,13,13
kor_Hang,630,14,13
kor_Hang,630,15,13
kor_Hang,630,16,19
kor_Hang,630,17,39
kor_Hang,630,18,13
kor_Hang,630,19,19
kor_Hang,630,20,19
kor_Hang,630,21,13
kor_Hang,630,22,47
kor_Hang,630,23,13
kor_Hang,630,24,19
kor_Hang,630,25,13
kor_Hang,630,26,13
kor_Hang,630,27,13
kor_Hang,630,28,13
kor_Hang,630,29,13
kor_Hang,630,30,13
kor_Hang,630,31,19
kor_Hang,630,32,13
kor_Hang,630,33,13
kor_Hang,630,34,13
kor_Hang,630,35,13
kor_Hang,630,36,19
kor_Hang,630,37,13
kor_Hang,630,38,13
kor_Hang,630,39,13
kor_Hang,630,40,13
kor_Hang,630,41,13
kor_Hang,630,42,13
kor_Hang,630,43,13
kor_Hang,630,44,13
kor_Hang,630,45,13
kor_Hang,630,46,13
kor_Hang,630,47,13
kor_Hang,630,48,13
kor_Hang,630,49,61
kor_Hang,630,50,13
kor_Hang,630,51,13
kor_Hang,630,52,13
kor_Hang,630,53,47
kor_Hang,630,54,13
kor_Hang,630,55,13
kor_Hang,630,56,19
kor_Hang,630,57,13
kor_Hang,630,58,19
kor_Hang,630,59,13
kor_Hang,630,60,13
kor_Hang,630,61,13
kor_Hang,630,62,19
kor_Hang,630,63,13
kor_Hang,630,64,13
kor_Hang,630,65,13
kor_Hang,630,66,13
kor_Hang,630,67,13
kor_Hang,630,68,13
kor_Hang,630,69,13
kor_Hang,630,70,34
kor_Hang,630,71,13
kor_Hang,630,72,13
kor_Hang,630,73,13
kor_Hang,630,74,13
kor_Hang,630,75,34
eng_Latn,631,0,60
eng_Latn,631,1,52
eng_Latn,631,2,1
eng_Latn,631,3,52
eng_Latn,631,4,52
eng_Latn,631,5,47
eng_Latn,631,6,19
eng_Latn,631,7,63
kor_Hang,632,0,60
kor_Hang,632,1,13
kor_Hang,632,2,13
kor_Hang,632,3,13
kor_Hang,632,4,27
kor_Hang,632,5,13
kor_Hang,632,6,27
kor_Hang,632,7,13
kor_Hang,632,8,24
kor_Hang,632,9,13
kor_Hang,632,10,13
kor_Hang,632,11,13
kor_Hang,632,12,13
kor_Hang,632,13,19
kor_Hang,632,14,13
kor_Hang,632,15,13
kor_Hang,632,16,13
kor_Hang,632,17,26
kor_Hang,632,18,13
kor_Hang,632,19,13
kor_Hang,632,20,13
kor_Hang,632,21,13
kor_Hang,632,22,19
kor_Hang,632,23,13
kor_Hang,632,24,13
kor_Hang,632,25,19
kor_Hang,632,26,13
kor_Hang,632,27,13
kor_Hang,632,28,19
kor_Hang,632,29,13
kor_Hang,632,30,13
kor_Hang,632,31,13
kor_Hang,632,32,19
kor_Hang,632,33,13
kor_Hang,632,34,13
kor_Hang,632,35,13
kor_Hang,632,36,13
kor_Hang,632,37,13
kor_Hang,632,38,13
kor_Hang,632,39,13
kor_Hang,633,0,60
kor_Hang,633,1,13
kor_Hang,633,2,13
kor_Hang,633,3,19
kor_Hang,633,4,13
kor_Hang,633,5,19
kor_Hang,633,6,39
kor_Hang,633,7,13
kor_Hang,633,8,19
kor_Hang,633,9,13
kor_Hang,633,10,13
kor_Hang,633,11,19
kor_Hang,633,12,13
kor_Hang,633,13,52
kor_Hang,633,14,13
kor_Hang,633,15,13
kor_Hang,633,16,13
kor_Hang,633,17,61
kor_Hang,633,18,13
kor_Hang,633,19,13
kor_Hang,633,20,13
kor_Hang,633,21,13
kor_Hang,633,22,13
kor_Hang,633,23,13
kor_Hang,633,24,19
kor_Hang,633,25,34
kor_Hang,633,26,13
kor_Hang,633,27,34
kor_Hang,633,28,13
kor_Hang,633,29,34
kor_Hang,634,0,60
kor_Hang,634,1,19
kor_Hang,634,2,13
kor_Hang,634,3,13
kor_Hang,634,4,13
kor_Hang,634,5,13
kor_Hang,634,6,13
kor_Hang,634,7,13
kor_Hang,634,8,13
kor_Hang,634,9,13
kor_Hang,634,10,13
kor_Hang,634,11,13
kor_Hang,634,12,13
kor_Hang,634,13,13
kor_Hang,634,14,13
kor_Hang,634,15,52
kor_Hang,634,16,13
kor_Hang,634,17,52
kor_Hang,634,18,52
kor_Hang,634,19,61
kor_Hang,634,20,13
kor_Hang,634,21,13
kor_Hang,634,22,52
kor_Hang,634,23,13
kor_Hang,634,24,52
kor_Hang,634,25,52
kor_Hang,634,26,61
kor_Hang,634,27,13
kor_Hang,634,28,13
kor_Hang,634,29,13
kor_Hang,634,30,13
kor_Hang,634,31,13
kor_Hang,634,32,13
kor_Hang,634,33,13
kor_Hang,634,34,13
kor_Hang,634,35,19
kor_Hang,634,36,51
kor_Hang,634,37,34
eng_Latn,635,0,60
eng_Latn,635,1,19
eng_Latn,635,2,13
eng_Latn,635,3,5
eng_Latn,635,4,47
kor_Hang,636,0,60
kor_Hang,636,1,19
kor_Hang,636,2,13
kor_Hang,636,3,13
kor_Hang,636,4,52
kor_Hang,636,5,13
kor_Hang,636,6,13
kor_Hang,636,7,13
kor_Hang,636,8,46
kor_Hang,636,9,11
kor_Hang,636,10,47
kor_Hang,636,11,46
kor_Hang,636,12,7
kor_Hang,636,13,39
kor_Hang,636,14,12
kor_Hang,636,15,13
kor_Hang,637,0,60
kor_Hang,637,1,13
kor_Hang,637,2,13
kor_Hang,637,3,13
kor_Hang,637,4,19
kor_Hang,637,5,13
kor_Hang,637,6,13
kor_Hang,637,7,13
kor_Hang,637,8,13
kor_Hang,637,9,13
kor_Hang,637,10,13
kor_Hang,637,11,13
kor_Hang,637,12,13
kor_Hang,637,13,13
kor_Hang,637,14,19
kor_Hang,637,15,13
kor_Hang,637,16,13
kor_Hang,637,17,13
kor_Hang,637,18,13
kor_Hang,637,19,13
kor_Hang,637,20,13
kor_Hang,637,21,13
kor_Hang,637,22,13
kor_Hang,637,23,13
kor_Hang,637,24,13
kor_Hang,637,25,19
kor_Hang,637,26,13
kor_Hang,637,27,13
kor_Hang,637,28,13
kor_Hang,637,29,61
kor_Hang,637,30,13
kor_Hang,637,31,13
kor_Hang,637,32,13
kor_Hang,637,33,13
kor_Hang,637,34,13
kor_Hang,637,35,13
kor_Hang,637,36,13
kor_Hang,637,37,13
kor_Hang,637,38,19
kor_Hang,637,39,13
kor_Hang,637,40,13
kor_Hang,637,41,13
kor_Hang,637,42,13
kor_Hang,637,43,13
kor_Hang,637,44,19
kor_Hang,637,45,13
kor_Hang,637,46,13
kor_Hang,637,47,13
kor_Hang,637,48,19
kor_Hang,637,49,13
kor_Hang,637,50,34
kor_Hang,638,0,60
kor_Hang,638,1,13
kor_Hang,638,2,13
kor_Hang,638,3,47
kor_Hang,638,4,13
kor_Hang,638,5,13
kor_Hang,638,6,13
kor_Hang,638,7,13
kor_Hang,638,8,13
kor_Hang,638,9,13
kor_Hang,638,10,13
kor_Hang,638,11,13
kor_Hang,638,12,13
kor_Hang,638,13,13
kor_Hang,638,14,13
kor_Hang,638,15,13
kor_Hang,638,16,13
kor_Hang,638,17,13
kor_Hang,638,18,13
kor_Hang,638,19,13
kor_Hang,638,20,13
kor_Hang,638,21,13
kor_Hang,638,22,13
kor_Hang,638,23,13
kor_Hang,638,24,13
kor_Hang,638,25,19
kor_Hang,638,26,13
kor_Hang,638,27,13
kor_Hang,638,28,13
kor_Hang,638,29,13
kor_Hang,638,30,13
kor_Hang,638,31,13
kor_Hang,638,32,13
kor_Hang,638,33,13
kor_Hang,638,34,13
kor_Hang,638,35,19
kor_Hang,638,36,13
kor_Hang,638,37,13
kor_Hang,638,38,19
kor_Hang,638,39,13
kor_Hang,638,40,13
kor_Hang,638,41,13
kor_Hang,638,42,13
kor_Hang,638,43,13
kor_Hang,638,44,47
kor_Hang,638,45,13
kor_Hang,638,46,47
kor_Hang,638,47,13
kor_Hang,638,48,34
kor_Hang,638,49,13
kor_Hang,638,50,13
kor_Hang,638,51,13
kor_Hang,638,52,13
kor_Hang,638,53,13
kor_Hang,638,54,13
kor_Hang,638,55,19
kor_Hang,638,56,13
kor_Hang,638,57,13
kor_Hang,638,58,19
kor_Hang,638,59,13
kor_Hang,638,60,13
kor_Hang,638,61,19
kor_Hang,638,62,13
kor_Hang,638,63,13
kor_Hang,638,64,34
kor_Hang,639,0,60
kor_Hang,639,1,13
kor_Hang,639,2,13
kor_Hang,639,3,27
kor_Hang,639,4,13
kor_Hang,639,5,13
kor_Hang,639,6,13
kor_Hang,639,7,13
kor_Hang,639,8,19
kor_Hang,639,9,13
kor_Hang,639,10,13
kor_Hang,639,11,13
kor_Hang,639,12,13
kor_Hang,639,13,13
kor_Hang,639,14,13
kor_Hang,639,15,13
kor_Hang,639,16,13
kor_Hang,639,17,13
kor_Hang,639,18,13
kor_Hang,639,19,13
kor_Hang,639,20,13
kor_Hang,639,21,13
kor_Hang,639,22,19
kor_Hang,639,23,13
kor_Hang,639,24,13
kor_Hang,639,25,13
kor_Hang,639,26,13
kor_Hang,639,27,13
kor_Hang,639,28,13
kor_Hang,639,29,34
kor_Hang,640,0,60
kor_Hang,640,1,13
kor_Hang,640,2,13
kor_Hang,640,3,13
kor_Hang,640,4,13
kor_Hang,640,5,13
kor_Hang,640,6,13
kor_Hang,640,7,13
kor_Hang,640,8,13
kor_Hang,640,9,13
kor_Hang,640,10,13
kor_Hang,640,11,13
kor_Hang,640,12,13
kor_Hang,640,13,13
kor_Hang,640,14,13
kor_Hang,640,15,13
kor_Hang,640,16,13
kor_Hang,640,17,13
kor_Hang,640,18,13
kor_Hang,640,19,13
kor_Hang,640,20,13
kor_Hang,640,21,19
kor_Hang,640,22,13
kor_Hang,640,23,13
kor_Hang,640,24,13
kor_Hang,640,25,34
kor_Hang,641,0,60
kor_Hang,641,1,13
kor_Hang,641,2,13
kor_Hang,641,3,61
kor_Hang,641,4,19
kor_Hang,641,5,13
kor_Hang,641,6,13
kor_Hang,641,7,13
kor_Hang,641,8,13
kor_Hang,641,9,13
kor_Hang,641,10,47
kor_Hang,641,11,13
kor_Hang,641,12,13
kor_Hang,641,13,13
kor_Hang,641,14,47
kor_Hang,641,15,13
kor_Hang,641,16,13
kor_Hang,641,17,13
kor_Hang,641,18,13
kor_Hang,641,19,13
kor_Hang,641,20,13
kor_Hang,641,21,13
kor_Hang,641,22,13
kor_Hang,641,23,52
kor_Hang,641,24,52
kor_Hang,641,25,52
kor_Hang,641,26,13
kor_Hang,641,27,52
kor_Hang,641,28,13
kor_Hang,641,29,13
kor_Hang,641,30,13
kor_Hang,641,31,13
kor_Hang,641,32,13
kor_Hang,641,33,13
kor_Hang,641,34,13
kor_Hang,641,35,13
kor_Hang,641,36,13
kor_Hang,641,37,13
kor_Hang,641,38,13
kor_Hang,641,39,19
kor_Hang,641,40,13
kor_Hang,641,41,13
kor_Hang,641,42,19
kor_Hang,641,43,13
kor_Hang,641,44,47
kor_Hang,641,45,19
kor_Hang,641,46,13
kor_Hang,641,47,13
kor_Hang,641,48,19
kor_Hang,641,49,13
kor_Hang,641,50,13
kor_Hang,641,51,47
kor_Hang,641,52,13
kor_Hang,641,53,13
kor_Hang,641,54,13
kor_Hang,641,55,13
kor_Hang,641,56,19
kor_Hang,641,57,13
kor_Hang,642,0,60
kor_Hang,642,1,60
kor_Hang,642,2,13
kor_Hang,642,3,19
kor_Hang,642,4,13
kor_Hang,642,5,13
kor_Hang,642,6,47
kor_Hang,642,7,13
kor_Hang,642,8,13
kor_Hang,642,9,13
kor_Hang,642,10,12
kor_Hang,642,11,13
kor_Hang,642,12,19
kor_Hang,642,13,13
kor_Hang,642,14,12
kor_Hang,642,15,13
kor_Hang,642,16,19
kor_Hang,642,17,13
kor_Hang,642,18,13
kor_Hang,642,19,13
kor_Hang,642,20,13
kor_Hang,642,21,61
kor_Hang,642,22,13
kor_Hang,642,23,13
kor_Hang,642,24,13
kor_Hang,642,25,13
kor_Hang,642,26,13
kor_Hang,642,27,13
kor_Hang,642,28,13
kor_Hang,642,29,47
kor_Hang,642,30,13
kor_Hang,642,31,19
kor_Hang,642,32,13
kor_Hang,642,33,12
kor_Hang,642,34,13
kor_Hang,642,35,13
kor_Hang,642,36,13
kor_Hang,642,37,13
kor_Hang,642,38,13
kor_Hang,642,39,13
kor_Hang,642,40,13
kor_Hang,642,41,13
kor_Hang,642,42,19
kor_Hang,642,43,13
kor_Hang,642,44,13
kor_Hang,642,45,13
kor_Hang,642,46,13
kor_Hang,642,47,13
kor_Hang,642,48,12
kor_Hang,642,49,13
kor_Hang,642,50,13
kor_Hang,642,51,13
kor_Hang,642,52,13
kor_Hang,642,53,19
kor_Hang,642,54,13
kor_Hang,642,55,11
kor_Hang,642,56,13
kor_Hang,642,57,13
kor_Hang,642,58,13
kor_Hang,642,59,13
kor_Hang,642,60,13
kor_Hang,642,61,13
kor_Hang,642,62,13
kor_Hang,642,63,13
kor_Hang,642,64,19
kor_Hang,642,65,13
kor_Hang,642,66,12
kor_Hang,642,67,11
kor_Hang,642,68,12
kor_Hang,642,69,52
kor_Hang,643,0,60
kor_Hang,643,1,13
kor_Hang,643,2,13
kor_Hang,643,3,52
kor_Hang,643,4,13
kor_Hang,643,5,13
kor_Hang,643,6,13
kor_Hang,643,7,13
kor_Hang,643,8,13
kor_Hang,643,9,13
kor_Hang,643,10,13
kor_Hang,643,11,13
kor_Hang,643,12,13
kor_Hang,643,13,13
kor_Hang,643,14,13
kor_Hang,643,15,47
kor_Hang,643,16,47
kor_Hang,643,17,13
kor_Hang,643,18,12
kor_Hang,643,19,13
kor_Hang,643,20,47
kor_Hang,643,21,13
kor_Hang,643,22,13
kor_Hang,643,23,13
kor_Hang,643,24,19
kor_Hang,643,25,13
kor_Hang,643,26,13
kor_Hang,643,27,13
kor_Hang,643,28,13
kor_Hang,643,29,13
kor_Hang,643,30,47
kor_Hang,643,31,13
kor_Hang,643,32,13
kor_Hang,643,33,13
kor_Hang,643,34,13
kor_Hang,643,35,13
kor_Hang,643,36,13
kor_Hang,643,37,13
kor_Hang,643,38,13
kor_Hang,643,39,13
kor_Hang,643,40,13
kor_Hang,643,41,13
kor_Hang,643,42,34
kor_Hang,643,43,13
kor_Hang,643,44,13
kor_Hang,643,45,13
kor_Hang,643,46,13
kor_Hang,644,0,60
kor_Hang,644,1,13
kor_Hang,644,2,13
kor_Hang,644,3,13
kor_Hang,644,4,61
kor_Hang,644,5,13
kor_Hang,644,6,13
kor_Hang,644,7,13
kor_Hang,644,8,13
kor_Hang,644,9,13
kor_Hang,644,10,13
kor_Hang,644,11,13
kor_Hang,644,12,13
kor_Hang,644,13,13
kor_Hang,644,14,13
kor_Hang,644,15,13
kor_Hang,644,16,13
kor_Hang,644,17,13
kor_Hang,644,18,13
kor_Hang,644,19,13
kor_Hang,644,20,19
kor_Hang,644,21,13
kor_Hang,644,22,13
kor_Hang,644,23,13
kor_Hang,644,24,13
kor_Hang,644,25,13
kor_Hang,644,26,13
kor_Hang,644,27,13
kor_Hang,644,28,13
kor_Hang,644,29,47
kor_Hang,644,30,19
kor_Hang,644,31,13
kor_Hang,644,32,13
kor_Hang,644,33,13
kor_Hang,644,34,13
kor_Hang,644,35,13
kor_Hang,644,36,13
kor_Hang,644,37,13
kor_Hang,644,38,13
kor_Hang,644,39,13
kor_Hang,645,0,60
kor_Hang,645,1,13
kor_Hang,645,2,13
kor_Hang,645,3,13
kor_Hang,645,4,13
kor_Hang,645,5,52
kor_Hang,645,6,52
kor_Hang,645,7,13
kor_Hang,645,8,13
kor_Hang,645,9,19
kor_Hang,645,10,13
kor_Hang,645,11,52
kor_Hang,645,12,52
kor_Hang,645,13,52
kor_Hang,645,14,13
kor_Hang,645,15,13
kor_Hang,645,16,13
kor_Hang,645,17,13
kor_Hang,645,18,13
kor_Hang,645,19,13
kor_Hang,645,20,13
kor_Hang,645,21,47
kor_Hang,645,22,13
kor_Hang,645,23,13
kor_Hang,645,24,13
kor_Hang,645,25,13
kor_Hang,645,26,13
kor_Hang,645,27,47
kor_Hang,645,28,47
kor_Hang,645,29,13
kor_Hang,645,30,13
kor_Hang,645,31,13
kor_Hang,645,32,61
kor_Hang,645,33,13
kor_Hang,645,34,13
kor_Hang,645,35,13
kor_Hang,645,36,13
kor_Hang,645,37,13
kor_Hang,645,38,13
kor_Hang,645,39,13
kor_Hang,645,40,13
kor_Hang,645,41,13
kor_Hang,645,42,34
kor_Hang,645,43,13
kor_Hang,645,44,13
kor_Hang,645,45,13
kor_Hang,645,46,13
kor_Hang,645,47,13
kor_Hang,645,48,13
kor_Hang,645,49,13
kor_Hang,645,50,19
kor_Hang,645,51,13
kor_Hang,645,52,34
kor_Hang,646,0,60
kor_Hang,646,1,13
kor_Hang,646,2,19
kor_Hang,646,3,13
kor_Hang,646,4,13
kor_Hang,646,5,13
kor_Hang,646,6,13
kor_Hang,646,7,13
kor_Hang,646,8,13
kor_Hang,646,9,19
kor_Hang,646,10,13
kor_Hang,646,11,13
kor_Hang,646,12,13
kor_Hang,646,13,13
kor_Hang,646,14,13
kor_Hang,646,15,19
kor_Hang,646,16,13
kor_Hang,646,17,13
kor_Hang,646,18,13
kor_Hang,646,19,13
kor_Hang,646,20,13
kor_Hang,646,21,13
kor_Hang,646,22,13
kor_Hang,646,23,13
kor_Hang,646,24,61
kor_Hang,646,25,13
kor_Hang,646,26,13
kor_Hang,646,27,13
kor_Hang,646,28,13
kor_Hang,646,29,13
kor_Hang,646,30,13
kor_Hang,646,31,13
kor_Hang,646,32,13
kor_Hang,646,33,13
kor_Hang,646,34,13
kor_Hang,646,35,13
kor_Hang,646,36,19
kor_Hang,646,37,13
kor_Hang,646,38,13
kor_Hang,646,39,13
kor_Hang,646,40,13
kor_Hang,646,41,13
kor_Hang,646,42,13
kor_Hang,646,43,13
kor_Hang,646,44,47
kor_Hang,646,45,13
kor_Hang,646,46,13
kor_Hang,646,47,13
kor_Hang,646,48,13
kor_Hang,646,49,13
kor_Hang,646,50,13
kor_Hang,646,51,34
kor_Hang,647,0,60
kor_Hang,647,1,52
kor_Hang,647,2,13
kor_Hang,647,3,13
kor_Hang,647,4,13
kor_Hang,647,5,13
kor_Hang,647,6,13
kor_Hang,647,7,13
kor_Hang,647,8,13
kor_Hang,647,9,13
kor_Hang,647,10,19
kor_Hang,647,11,13
kor_Hang,647,12,13
kor_Hang,647,13,19
kor_Hang,647,14,13
kor_Hang,647,15,13
kor_Hang,647,16,19
kor_Hang,647,17,13
kor_Hang,647,18,13
kor_Hang,647,19,47
kor_Hang,647,20,39
kor_Hang,647,21,13
kor_Hang,647,22,13
kor_Hang,647,23,13
kor_Hang,647,24,13
kor_Hang,647,25,13
kor_Hang,647,26,19
kor_Hang,647,27,13
kor_Hang,647,28,34
eng_Latn,648,0,60
eng_Latn,648,1,4
eng_Latn,648,2,56
eng_Latn,648,3,29
eng_Latn,648,4,51
kor_Hang,649,0,60
kor_Hang,649,1,19
kor_Hang,649,2,13
kor_Hang,649,3,13
kor_Hang,649,4,13
kor_Hang,649,5,13
kor_Hang,649,6,13
kor_Hang,649,7,13
kor_Hang,649,8,13
kor_Hang,649,9,13
kor_Hang,649,10,13
kor_Hang,649,11,13
kor_Hang,649,12,13
kor_Hang,649,13,13
kor_Hang,649,14,13
kor_Hang,649,15,13
kor_Hang,649,16,13
kor_Hang,649,17,13
kor_Hang,649,18,13
kor_Hang,649,19,13
kor_Hang,649,20,13
kor_Hang,649,21,13
kor_Hang,649,22,34
kor_Hang,649,23,13
kor_Hang,649,24,13
kor_Hang,649,25,13
kor_Hang,649,26,13
kor_Hang,649,27,13
kor_Hang,649,28,13
kor_Hang,649,29,47
kor_Hang,649,30,13
kor_Hang,649,31,19
kor_Hang,649,32,19
kor_Hang,649,33,13
kor_Hang,649,34,47
kor_Hang,649,35,19
kor_Hang,649,36,47
kor_Hang,649,37,19
kor_Hang,649,38,13
kor_Hang,649,39,13
kor_Hang,649,40,13
kor_Hang,649,41,13
kor_Hang,649,42,13
kor_Hang,649,43,13
kor_Hang,649,44,13
kor_Hang,649,45,13
kor_Hang,649,46,13
kor_Hang,649,47,13
kor_Hang,649,48,19
kor_Hang,649,49,13
kor_Hang,649,50,13
kor_Hang,649,51,13
kor_Hang,649,52,13
kor_Hang,649,53,13
kor_Hang,649,54,34
kor_Hang,650,0,60
kor_Hang,650,1,13
kor_Hang,650,2,13
kor_Hang,650,3,13
kor_Hang,650,4,19
kor_Hang,650,5,13
kor_Hang,650,6,13
kor_Hang,650,7,13
kor_Hang,650,8,13
kor_Hang,650,9,36
kor_Hang,650,10,13
kor_Hang,650,11,13
kor_Hang,650,12,19
kor_Hang,650,13,39
kor_Hang,650,14,47
kor_Hang,650,15,13
kor_Hang,650,16,13
kor_Hang,650,17,13
kor_Hang,650,18,19
kor_Hang,650,19,47
kor_Hang,650,20,13
kor_Hang,650,21,13
kor_Hang,650,22,13
kor_Hang,650,23,19
kor_Hang,650,24,13
kor_Hang,650,25,13
kor_Hang,650,26,13
kor_Hang,650,27,13
kor_Hang,650,28,13
kor_Hang,650,29,19
kor_Hang,650,30,13
kor_Hang,650,31,13
kor_Hang,650,32,13
kor_Hang,650,33,13
kor_Hang,650,34,34
kor_Hang,650,35,13
kor_Hang,650,36,47
kor_Hang,650,37,19
kor_Hang,650,38,13
kor_Hang,650,39,47
kor_Hang,650,40,13
kor_Hang,650,41,47
kor_Hang,650,42,47
kor_Hang,650,43,13
kor_Hang,650,44,13
kor_Hang,650,45,13
kor_Hang,651,0,60
kor_Hang,651,1,19
kor_Hang,651,2,13
kor_Hang,651,3,13
kor_Hang,651,4,47
kor_Hang,651,5,13
kor_Hang,651,6,13
kor_Hang,651,7,13
kor_Hang,651,8,13
kor_Hang,651,9,13
kor_Hang,651,10,13
kor_Hang,651,11,19
kor_Hang,651,12,13
kor_Hang,651,13,13
kor_Hang,651,14,13
kor_Hang,651,15,13
kor_Hang,651,16,47
kor_Hang,651,17,13
kor_Hang,651,18,13
kor_Hang,651,19,13
kor_Hang,651,20,13
kor_Hang,651,21,13
kor_Hang,651,22,13
kor_Hang,651,23,13
kor_Hang,651,24,13
kor_Hang,651,25,47
kor_Hang,651,26,13
kor_Hang,651,27,13
kor_Hang,651,28,13
kor_Hang,651,29,13
kor_Hang,651,30,13
kor_Hang,651,31,34
kor_Hang,651,32,13
kor_Hang,651,33,13
kor_Hang,651,34,34
kor_Hang,651,35,13
kor_Hang,652,0,60
kor_Hang,652,1,46
kor_Hang,652,2,56
kor_Hang,652,3,6
kor_Hang,652,4,23
kor_Hang,652,5,6
kor_Hang,652,6,46
kor_Hang,652,7,15
kor_Hang,653,0,60
kor_Hang,653,1,52
kor_Hang,653,2,52
kor_Hang,653,3,13
kor_Hang,653,4,13
kor_Hang,653,5,13
kor_Hang,653,6,13
kor_Hang,653,7,1
kor_Hang,653,8,13
kor_Hang,653,9,13
kor_Hang,653,10,13
kor_Hang,653,11,13
kor_Hang,653,12,61
kor_Hang,653,13,47
kor_Hang,653,14,34
kor_Hang,653,15,13
kor_Hang,653,16,13
kor_Hang,653,17,19
kor_Hang,653,18,13
kor_Hang,653,19,13
kor_Hang,653,20,19
kor_Hang,653,21,13
kor_Hang,653,22,13
kor_Hang,653,23,13
kor_Hang,653,24,13
kor_Hang,653,25,13
kor_Hang,653,26,13
kor_Hang,653,27,13
kor_Hang,653,28,13
kor_Hang,653,29,4
kor_Hang,653,30,34
kor_Hang,653,31,13
kor_Hang,653,32,13
kor_Hang,653,33,61
kor_Hang,653,34,13
kor_Hang,653,35,47
kor_Hang,653,36,27
kor_Hang,653,37,13
kor_Hang,653,38,13
kor_Hang,653,39,24
kor_Hang,653,40,13
kor_Hang,653,41,13
kor_Hang,653,42,13
kor_Hang,653,43,13
kor_Hang,653,44,13
kor_Hang,653,45,13
kor_Hang,653,46,51
kor_Hang,654,0,60
kor_Hang,654,1,9
kor_Hang,654,2,13
kor_Hang,654,3,47
kor_Hang,654,4,19
kor_Hang,654,5,39
kor_Hang,654,6,47
kor_Hang,654,7,47
kor_Hang,654,8,39
kor_Hang,654,9,13
kor_Hang,654,10,19
kor_Hang,654,11,39
kor_Hang,654,12,13
kor_Hang,654,13,52
kor_Hang,654,14,52
kor_Hang,654,15,52
kor_Hang,654,16,1
kor_Hang,654,17,52
kor_Hang,654,18,52
kor_Hang,654,19,13
kor_Hang,654,20,13
kor_Hang,654,21,13
kor_Hang,654,22,13
kor_Hang,654,23,19
kor_Hang,654,24,13
kor_Hang,654,25,13
kor_Hang,654,26,13
kor_Hang,654,27,47
kor_Hang,654,28,19
kor_Hang,654,29,13
kor_Hang,654,30,47
kor_Hang,654,31,47
kor_Hang,654,32,13
kor_Hang,654,33,13
kor_Hang,654,34,19
kor_Hang,654,35,13
kor_Hang,654,36,13
kor_Hang,654,37,13
kor_Hang,654,38,13
kor_Hang,654,39,13
kor_Hang,654,40,13
kor_Hang,654,41,13
kor_Hang,654,42,13
kor_Hang,654,43,13
kor_Hang,654,44,13
kor_Hang,654,45,13
kor_Hang,654,46,19
kor_Hang,654,47,34
kor_Hang,654,48,13
kor_Hang,654,49,13
kor_Hang,654,50,13
kor_Hang,654,51,47
kor_Hang,654,52,19
kor_Hang,654,53,13
kor_Hang,654,54,13
kor_Hang,654,55,13
kor_Hang,654,56,13
kor_Hang,654,57,13
kor_Hang,654,58,19
kor_Hang,654,59,34
kor_Hang,654,60,47
kor_Hang,654,61,13
kor_Hang,654,62,13
kor_Hang,654,63,34
kor_Hang,654,64,13
kor_Hang,654,65,13
kor_Hang,654,66,13
kor_Hang,654,67,47
kor_Hang,654,68,13
kor_Hang,654,69,13
kor_Hang,654,70,34
kor_Hang,655,0,60
kor_Hang,655,1,33
kor_Hang,655,2,13
kor_Hang,655,3,13
kor_Hang,655,4,47
kor_Hang,655,5,19
kor_Hang,655,6,13
kor_Hang,655,7,13
kor_Hang,655,8,13
kor_Hang,655,9,13
kor_Hang,655,10,34
kor_Hang,655,11,13
kor_Hang,655,12,13
kor_Hang,655,13,13
kor_Hang,655,14,19
kor_Hang,655,15,13
kor_Hang,655,16,13
kor_Hang,655,17,13
kor_Hang,655,18,13
kor_Hang,655,19,13
kor_Hang,655,20,13
kor_Hang,655,21,13
kor_Hang,655,22,13
kor_Hang,655,23,34
kor_Hang,656,0,60
kor_Hang,656,1,13
kor_Hang,656,2,13
kor_Hang,656,3,13
kor_Hang,656,4,13
kor_Hang,656,5,13
kor_Hang,656,6,13
kor_Hang,656,7,13
kor_Hang,656,8,13
kor_Hang,656,9,13
kor_Hang,656,10,19
kor_Hang,656,11,13
kor_Hang,656,12,13
kor_Hang,656,13,13
kor_Hang,656,14,13
kor_Hang,656,15,13
kor_Hang,656,16,13
kor_Hang,656,17,47
kor_Hang,656,18,13
kor_Hang,656,19,12
kor_Hang,656,20,13
kor_Hang,656,21,13
kor_Hang,656,22,13
kor_Hang,656,23,13
kor_Hang,656,24,19
kor_Hang,656,25,58
kor_Hang,656,26,58
kor_Hang,656,27,52
kor_Hang,657,0,60
kor_Hang,657,1,13
kor_Hang,657,2,13
kor_Hang,657,3,13
kor_Hang,657,4,13
kor_Hang,657,5,13
kor_Hang,657,6,13
kor_Hang,657,7,13
kor_Hang,657,8,19
kor_Hang,657,9,13
kor_Hang,657,10,13
kor_Hang,657,11,47
kor_Hang,657,12,61
kor_Hang,657,13,19
kor_Hang,657,14,13
kor_Hang,657,15,13
kor_Hang,657,16,13
kor_Hang,657,17,13
kor_Hang,657,18,13
kor_Hang,657,19,13
kor_Hang,657,20,13
kor_Hang,657,21,13
kor_Hang,657,22,13
kor_Hang,657,23,47
kor_Hang,657,24,19
kor_Hang,657,25,13
kor_Hang,657,26,19
kor_Hang,657,27,13
kor_Hang,657,28,34
kor_Hang,658,0,60
kor_Hang,658,1,13
kor_Hang,658,2,13
kor_Hang,658,3,13
kor_Hang,658,4,19
kor_Hang,658,5,13
kor_Hang,658,6,13
kor_Hang,658,7,13
kor_Hang,658,8,47
kor_Hang,658,9,13
kor_Hang,658,10,13
kor_Hang,658,11,19
kor_Hang,658,12,13
kor_Hang,658,13,13
kor_Hang,658,14,13
kor_Hang,658,15,13
kor_Hang,658,16,13
kor_Hang,658,17,13
kor_Hang,658,18,13
kor_Hang,658,19,13
kor_Hang,658,20,13
kor_Hang,658,21,13
kor_Hang,658,22,1
kor_Hang,658,23,13
kor_Hang,658,24,13
kor_Hang,658,25,13
kor_Hang,658,26,13
kor_Hang,658,27,13
kor_Hang,658,28,13
kor_Hang,658,29,13
kor_Hang,658,30,13
kor_Hang,658,31,13
kor_Hang,658,32,13
kor_Hang,658,33,13
kor_Hang,658,34,13
kor_Hang,658,35,13
kor_Hang,658,36,13
kor_Hang,658,37,51
kor_Hang,658,38,13
kor_Hang,658,39,13
kor_Hang,658,40,13
kor_Hang,658,41,13
kor_Hang,658,42,13
kor_Hang,658,43,19
kor_Hang,658,44,13
kor_Hang,658,45,9
kor_Hang,658,46,11
kor_Hang,658,47,13
kor_Hang,658,48,19
kor_Hang,658,49,13
kor_Hang,658,50,13
kor_Hang,658,51,13
kor_Hang,658,52,13
kor_Hang,658,53,13
kor_Hang,658,54,13
kor_Hang,658,55,13
kor_Hang,658,56,13
kor_Hang,658,57,13
eng_Latn,659,0,60
eng_Latn,659,1,22
eng_Latn,659,2,53
eng_Latn,659,3,46
eng_Latn,659,4,15
eng_Latn,660,0,60
eng_Latn,660,1,4
eng_Latn,660,2,56
eng_Latn,660,3,21
eng_Latn,660,4,16
eng_Latn,660,5,20
eng_Latn,660,6,8
eng_Latn,661,0,60
eng_Latn,661,1,17
eng_Latn,661,2,9
eng_Latn,661,3,56
eng_Latn,661,4,54
eng_Latn,661,5,38
eng_Latn,661,6,46
eng_Latn,661,7,56
eng_Latn,661,8,56
eng_Latn,661,9,4
eng_Latn,661,10,18
eng_Latn,661,11,50
eng_Latn,661,12,16
kor_Hang,662,0,60
kor_Hang,662,1,9
kor_Hang,662,2,19
kor_Hang,662,3,13
kor_Hang,662,4,13
kor_Hang,662,5,13
kor_Hang,662,6,13
kor_Hang,662,7,13
kor_Hang,662,8,13
kor_Hang,662,9,13
kor_Hang,662,10,13
kor_Hang,662,11,13
kor_Hang,662,12,61
kor_Hang,662,13,13
kor_Hang,662,14,13
kor_Hang,662,15,13
kor_Hang,662,16,13
kor_Hang,662,17,13
kor_Hang,662,18,13
kor_Hang,662,19,13
kor_Hang,662,20,13
kor_Hang,662,21,47
kor_Hang,662,22,19
kor_Hang,662,23,13
kor_Hang,662,24,13
kor_Hang,662,25,13
kor_Hang,662,26,47
kor_Hang,662,27,13
kor_Hang,662,28,13
kor_Hang,662,29,13
kor_Hang,662,30,13
kor_Hang,662,31,13
kor_Hang,662,32,19
kor_Hang,662,33,34
kor_Hang,662,34,13
kor_Hang,662,35,13
kor_Hang,662,36,13
kor_Hang,662,37,13
kor_Hang,662,38,19
kor_Hang,662,39,13
kor_Hang,662,40,34
kor_Hang,663,0,60
kor_Hang,663,1,13
kor_Hang,663,2,13
kor_Hang,663,3,19
kor_Hang,663,4,39
kor_Hang,663,5,13
kor_Hang,663,6,13
kor_Hang,663,7,19
kor_Hang,663,8,47
kor_Hang,663,9,19
kor_Hang,663,10,39
kor_Hang,663,11,13
kor_Hang,663,12,47
kor_Hang,663,13,39
kor_Hang,663,14,52
kor_Hang,663,15,13
kor_Hang,663,16,13
kor_Hang,663,17,13
kor_Hang,663,18,13
kor_Hang,663,19,13
kor_Hang,663,20,13
kor_Hang,663,21,13
kor_Hang,663,22,13
kor_Hang,663,23,13
kor_Hang,663,24,13
kor_Hang,663,25,13
kor_Hang,663,26,13
kor_Hang,663,27,19
kor_Hang,663,28,13
kor_Hang,663,29,19
kor_Hang,663,30,13
kor_Hang,663,31,13
kor_Hang,663,32,13
kor_Hang,663,33,19
kor_Hang,663,34,13
kor_Hang,663,35,13
kor_Hang,663,36,13
kor_Hang,663,37,13
kor_Hang,663,38,9
kor_Hang,663,39,13
kor_Hang,663,40,19
kor_Hang,663,41,13
kor_Hang,663,42,13
kor_Hang,663,43,13
kor_Hang,663,44,13
kor_Hang,663,45,47
kor_Hang,663,46,13
kor_Hang,663,47,13
kor_Hang,663,48,13
kor_Hang,663,49,13
kor_Hang,663,50,13
kor_Hang,663,51,13
kor_Hang,663,52,13
kor_Hang,663,53,13
kor_Hang,663,54,13
kor_Hang,663,55,13
kor_Hang,663,56,13
kor_Hang,663,57,13
kor_Hang,663,58,13
kor_Hang,663,59,19
kor_Hang,663,60,13
kor_Hang,663,61,13
kor_Hang,663,62,13
kor_Hang,663,63,47
kor_Hang,663,64,13
kor_Hang,663,65,13
kor_Hang,663,66,13
kor_Hang,663,67,13
kor_Hang,663,68,13
kor_Hang,663,69,13
kor_Hang,663,70,34
kor_Hang,664,0,60
kor_Hang,664,1,52
kor_Hang,664,2,13
kor_Hang,664,3,52
kor_Hang,664,4,12
kor_Hang,664,5,13
kor_Hang,664,6,13
kor_Hang,664,7,13
kor_Hang,664,8,13
kor_Hang,664,9,52
kor_Hang,665,0,60
kor_Hang,665,1,47
kor_Hang,665,2,47
kor_Hang,665,3,13
kor_Hang,665,4,11
kor_Hang,665,5,13
kor_Hang,665,6,13
kor_Hang,665,7,13
kor_Hang,665,8,13
kor_Hang,665,9,19
kor_Hang,665,10,13
kor_Hang,665,11,47
kor_Hang,665,12,19
kor_Hang,665,13,13
kor_Hang,665,14,13
kor_Hang,665,15,13
kor_Hang,665,16,13
kor_Hang,665,17,13
kor_Hang,665,18,13
kor_Hang,665,19,24
kor_Hang,665,20,13
kor_Hang,665,21,13
kor_Hang,665,22,13
kor_Hang,665,23,13
kor_Hang,665,24,19
kor_Hang,665,25,13
kor_Hang,665,26,28
kor_Hang,665,27,52
eng_Latn,666,0,60
eng_Latn,666,1,19
eng_Latn,666,2,56
eng_Latn,666,3,57
kor_Hang,667,0,60
kor_Hang,667,1,13
kor_Hang,667,2,13
kor_Hang,667,3,47
kor_Hang,667,4,13
kor_Hang,667,5,12
kor_Hang,667,6,13
kor_Hang,667,7,13
kor_Hang,667,8,13
kor_Hang,667,9,13
kor_Hang,667,10,13
kor_Hang,667,11,13
kor_Hang,667,12,13
kor_Hang,667,13,13
kor_Hang,667,14,13
kor_Hang,667,15,61
kor_Hang,667,16,47
kor_Hang,667,17,13
kor_Hang,667,18,52
kor_Hang,667,19,47
kor_Hang,667,20,13
kor_Hang,667,21,12
kor_Hang,667,22,12
kor_Hang,667,23,47
kor_Hang,667,24,13
kor_Hang,667,25,47
kor_Hang,667,26,13
kor_Hang,667,27,47
kor_Hang,667,28,47
kor_Hang,667,29,13
kor_Hang,667,30,39
kor_Hang,667,31,13
kor_Hang,667,32,61
kor_Hang,667,33,19
kor_Hang,667,34,13
kor_Hang,667,35,13
kor_Hang,667,36,13
kor_Hang,667,37,13
kor_Hang,667,38,13
kor_Hang,667,39,13
kor_Hang,667,40,13
kor_Hang,667,41,13
kor_Hang,667,42,13
kor_Hang,667,43,13
kor_Hang,667,44,13
kor_Hang,667,45,13
kor_Hang,667,46,13
kor_Hang,667,47,12
kor_Hang,667,48,52
kor_Hang,668,0,60
kor_Hang,668,1,52
kor_Hang,668,2,52
kor_Hang,668,3,37
kor_Hang,668,4,13
kor_Hang,668,5,47
kor_Hang,668,6,19
kor_Hang,668,7,47
kor_Hang,668,8,13
kor_Hang,668,9,39
kor_Hang,668,10,19
kor_Hang,668,11,13
kor_Hang,668,12,13
kor_Hang,668,13,13
kor_Hang,668,14,19
kor_Hang,668,15,13
kor_Hang,668,16,13
kor_Hang,668,17,19
kor_Hang,668,18,39
kor_Hang,668,19,13
kor_Hang,668,20,19
kor_Hang,668,21,39
kor_Hang,668,22,13
kor_Hang,668,23,13
kor_Hang,668,24,13
kor_Hang,668,25,13
kor_Hang,668,26,13
kor_Hang,668,27,47
kor_Hang,668,28,47
kor_Hang,668,29,13
kor_Hang,668,30,13
kor_Hang,668,31,13
kor_Hang,668,32,13
kor_Hang,668,33,13
kor_Hang,668,34,13
kor_Hang,668,35,34
kor_Hang,669,0,60
kor_Hang,669,1,13
kor_Hang,669,2,13
kor_Hang,669,3,13
kor_Hang,669,4,13
kor_Hang,669,5,13
kor_Hang,669,6,13
kor_Hang,669,7,47
kor_Hang,669,8,39
kor_Hang,669,9,24
kor_Hang,669,10,13
kor_Hang,669,11,13
kor_Hang,669,12,13
kor_Hang,669,13,13
kor_Hang,669,14,13
kor_Hang,669,15,19
kor_Hang,669,16,13
kor_Hang,669,17,13
kor_Hang,669,18,13
kor_Hang,669,19,13
kor_Hang,669,20,47
kor_Hang,669,21,19
kor_Hang,669,22,19
kor_Hang,669,23,47
kor_Hang,669,24,19
kor_Hang,669,25,13
kor_Hang,669,26,13
kor_Hang,669,27,13
kor_Hang,669,28,13
kor_Hang,669,29,13
kor_Hang,669,30,13
kor_Hang,669,31,47
kor_Hang,669,32,34
kor_Hang,669,33,13
kor_Hang,669,34,13
kor_Hang,669,35,13
kor_Hang,669,36,34
kor_Hang,670,0,60
kor_Hang,670,1,13
kor_Hang,670,2,13
kor_Hang,670,3,47
kor_Hang,670,4,47
kor_Hang,670,5,13
kor_Hang,670,6,13
kor_Hang,670,7,13
kor_Hang,670,8,13
kor_Hang,670,9,13
kor_Hang,670,10,13
kor_Hang,670,11,19
kor_Hang,670,12,13
kor_Hang,670,13,19
kor_Hang,670,14,13
kor_Hang,670,15,13
kor_Hang,670,16,13
kor_Hang,670,17,13
kor_Hang,670,18,13
kor_Hang,670,19,13
kor_Hang,670,20,13
kor_Hang,670,21,13
kor_Hang,670,22,13
kor_Hang,670,23,13
kor_Hang,670,24,13
kor_Hang,670,25,13
kor_Hang,670,26,13
kor_Hang,670,27,13
kor_Hang,670,28,13
kor_Hang,670,29,13
kor_Hang,670,30,13
kor_Hang,670,31,13
kor_Hang,670,32,13
kor_Hang,670,33,13
kor_Hang,670,34,13
kor_Hang,670,35,13
kor_Hang,670,36,13
kor_Hang,670,37,19
kor_Hang,670,38,13
kor_Hang,670,39,13
kor_Hang,670,40,13
kor_Hang,670,41,13
kor_Hang,670,42,13
kor_Hang,670,43,13
kor_Hang,670,44,13
kor_Hang,670,45,13
kor_Hang,670,46,13
kor_Hang,670,47,13
kor_Hang,670,48,13
kor_Hang,670,49,13
kor_Hang,670,50,13
kor_Hang,670,51,19
kor_Hang,670,52,34
kor_Hang,670,53,13
kor_Hang,670,54,13
kor_Hang,670,55,13
kor_Hang,670,56,13
kor_Hang,670,57,13
kor_Hang,670,58,13
kor_Hang,670,59,39
kor_Hang,670,60,19
kor_Hang,670,61,13
kor_Hang,670,62,47
kor_Hang,670,63,19
kor_Hang,670,64,19
kor_Hang,670,65,13
kor_Hang,670,66,13
kor_Hang,670,67,13
kor_Hang,670,68,13
kor_Hang,670,69,13
kor_Hang,670,70,13
kor_Hang,670,71,13
kor_Hang,670,72,13
kor_Hang,670,73,34
kor_Hang,671,0,60
kor_Hang,671,1,19
kor_Hang,671,2,13
kor_Hang,671,3,47
kor_Hang,671,4,13
kor_Hang,671,5,13
kor_Hang,671,6,13
kor_Hang,671,7,13
kor_Hang,671,8,13
kor_Hang,671,9,19
kor_Hang,671,10,13
kor_Hang,671,11,13
kor_Hang,671,12,13
kor_Hang,671,13,13
kor_Hang,671,14,13
kor_Hang,671,15,13
kor_Hang,671,16,13
kor_Hang,671,17,13
kor_Hang,671,18,13
kor_Hang,671,19,13
kor_Hang,671,20,19
kor_Hang,671,21,13
kor_Hang,671,22,13
kor_Hang,671,23,42
kor_Hang,671,24,52
kor_Hang,671,25,9
kor_Hang,671,26,52
kor_Hang,671,27,13
kor_Hang,671,28,13
kor_Hang,671,29,19
kor_Hang,671,30,13
kor_Hang,671,31,47
kor_Hang,671,32,13
kor_Hang,671,33,13
kor_Hang,671,34,52
kor_Hang,671,35,52
kor_Hang,671,36,52
kor_Hang,671,37,13
kor_Hang,671,38,13
kor_Hang,671,39,13
kor_Hang,671,40,13
kor_Hang,671,41,13
kor_Hang,671,42,19
kor_Hang,671,43,13
kor_Hang,671,44,13
kor_Hang,671,45,13
kor_Hang,671,46,13
kor_Hang,671,47,13
kor_Hang,671,48,13
kor_Hang,671,49,13
kor_Hang,671,50,9
kor_Hang,671,51,12
kor_Hang,671,52,52
kor_Hang,672,0,60
kor_Hang,672,1,19
kor_Hang,672,2,13
kor_Hang,672,3,13
kor_Hang,672,4,13
kor_Hang,672,5,47
kor_Hang,672,6,47
kor_Hang,672,7,13
kor_Hang,672,8,13
kor_Hang,672,9,13
kor_Hang,672,10,13
kor_Hang,672,11,13
kor_Hang,672,12,13
kor_Hang,672,13,13
kor_Hang,672,14,13
kor_Hang,672,15,19
kor_Hang,672,16,13
kor_Hang,672,17,26
kor_Hang,672,18,13
kor_Hang,672,19,13
kor_Hang,672,20,19
kor_Hang,672,21,19
kor_Hang,672,22,13
kor_Hang,672,23,13
kor_Hang,672,24,13
kor_Hang,672,25,13
kor_Hang,672,26,13
kor_Hang,672,27,13
kor_Hang,672,28,13
kor_Hang,672,29,13
kor_Hang,672,30,13
kor_Hang,672,31,13
kor_Hang,672,32,13
kor_Hang,672,33,13
kor_Hang,672,34,13
kor_Hang,672,35,13
kor_Hang,672,36,13
kor_Hang,672,37,47
kor_Hang,672,38,13
kor_Hang,672,39,13
kor_Hang,672,40,13
kor_Hang,672,41,13
kor_Hang,672,42,13
kor_Hang,672,43,13
kor_Hang,672,44,13
kor_Hang,672,45,51
kor_Hang,672,46,51
eng_Latn,673,0,60
eng_Latn,673,1,47
eng_Latn,673,2,33
kor_Hang,674,0,60
kor_Hang,674,1,47
kor_Hang,674,2,13
kor_Hang,674,3,13
kor_Hang,674,4,13
kor_Hang,674,5,13
kor_Hang,674,6,13
kor_Hang,674,7,13
kor_Hang,674,8,13
kor_Hang,674,9,13
kor_Hang,674,10,13
kor_Hang,674,11,13
kor_Hang,674,12,13
kor_Hang,674,13,13
kor_Hang,674,14,13
kor_Hang,674,15,13
kor_Hang,674,16,13
kor_Hang,674,17,13
kor_Hang,674,18,13
kor_Hang,674,19,13
kor_Hang,674,20,13
kor_Hang,674,21,13
kor_Hang,674,22,19
kor_Hang,674,23,13
kor_Hang,674,24,47
kor_Hang,674,25,13
kor_Hang,674,26,13
kor_Hang,674,27,47
kor_Hang,674,28,13
kor_Hang,674,29,13
kor_Hang,674,30,13
kor_Hang,674,31,13
kor_Hang,674,32,13
kor_Hang,674,33,13
kor_Hang,674,34,13
kor_Hang,674,35,13
kor_Hang,674,36,13
kor_Hang,674,37,19
kor_Hang,674,38,13
kor_Hang,674,39,34
kor_Hang,674,40,13
kor_Hang,674,41,13
kor_Hang,674,42,13
kor_Hang,674,43,13
kor_Hang,674,44,13
kor_Hang,674,45,19
kor_Hang,674,46,13
kor_Hang,674,47,13
kor_Hang,674,48,13
kor_Hang,674,49,13
kor_Hang,674,50,13
kor_Hang,674,51,13
kor_Hang,674,52,19
kor_Hang,674,53,13
kor_Hang,674,54,19
kor_Hang,674,55,13
kor_Hang,674,56,34
eng_Latn,675,0,60
eng_Latn,675,1,15
eng_Latn,675,2,16
eng_Latn,675,3,43
eng_Latn,675,4,46
eng_Latn,675,5,63
eng_Latn,675,6,43
eng_Latn,675,7,49
kor_Hang,676,0,60
kor_Hang,676,1,13
kor_Hang,676,2,13
kor_Hang,676,3,13
kor_Hang,676,4,27
kor_Hang,676,5,13
kor_Hang,676,6,13
kor_Hang,676,7,13
kor_Hang,676,8,13
kor_Hang,676,9,19
kor_Hang,676,10,13
kor_Hang,676,11,13
kor_Hang,676,12,13
kor_Hang,676,13,13
kor_Hang,676,14,13
kor_Hang,676,15,13
kor_Hang,676,16,13
kor_Hang,676,17,47
kor_Hang,676,18,19
kor_Hang,676,19,13
kor_Hang,676,20,13
kor_Hang,676,21,13
kor_Hang,676,22,13
kor_Hang,676,23,13
kor_Hang,676,24,13
kor_Hang,676,25,13
kor_Hang,676,26,13
kor_Hang,676,27,13
kor_Hang,676,28,13
kor_Hang,676,29,13
kor_Hang,676,30,13
kor_Hang,676,31,13
kor_Hang,676,32,13
kor_Hang,676,33,19
kor_Hang,676,34,13
kor_Hang,676,35,13
kor_Hang,676,36,13
kor_Hang,676,37,13
kor_Hang,676,38,13
kor_Hang,676,39,13
kor_Hang,676,40,13
kor_Hang,676,41,24
kor_Hang,676,42,13
kor_Hang,676,43,19
kor_Hang,676,44,13
kor_Hang,676,45,13
kor_Hang,676,46,13
kor_Hang,676,47,13
kor_Hang,676,48,19
kor_Hang,676,49,13
kor_Hang,676,50,13
kor_Hang,676,51,13
kor_Hang,676,52,13
kor_Hang,676,53,13
kor_Hang,676,54,47
kor_Hang,676,55,13
kor_Hang,676,56,13
kor_Hang,676,57,13
kor_Hang,676,58,13
kor_Hang,676,59,13
kor_Hang,676,60,13
kor_Hang,676,61,13
kor_Hang,676,62,13
kor_Hang,676,63,13
kor_Hang,676,64,13
kor_Hang,676,65,13
kor_Hang,676,66,19
kor_Hang,676,67,13
kor_Hang,676,68,19
kor_Hang,676,69,13
kor_Hang,676,70,34
kor_Hang,677,0,60
kor_Hang,677,1,13
kor_Hang,677,2,13
kor_Hang,677,3,13
kor_Hang,677,4,13
kor_Hang,677,5,13
kor_Hang,677,6,13
kor_Hang,677,7,13
kor_Hang,677,8,13
kor_Hang,677,9,13
kor_Hang,677,10,11
kor_Hang,677,11,13
kor_Hang,677,12,26
kor_Hang,677,13,13
kor_Hang,677,14,19
kor_Hang,677,15,13
kor_Hang,677,16,13
kor_Hang,677,17,13
kor_Hang,677,18,13
kor_Hang,677,19,12
kor_Hang,677,20,13
kor_Hang,677,21,13
kor_Hang,677,22,13
kor_Hang,677,23,13
kor_Hang,677,24,13
kor_Hang,677,25,13
kor_Hang,677,26,19
kor_Hang,677,27,13
kor_Hang,677,28,26
kor_Hang,677,29,13
kor_Hang,677,30,13
kor_Hang,677,31,13
kor_Hang,677,32,13
kor_Hang,677,33,13
kor_Hang,677,34,13
kor_Hang,677,35,13
kor_Hang,677,36,13
kor_Hang,677,37,19
kor_Hang,677,38,13
kor_Hang,677,39,47
kor_Hang,677,40,13
kor_Hang,677,41,13
kor_Hang,677,42,19
kor_Hang,677,43,13
kor_Hang,677,44,13
kor_Hang,677,45,19
kor_Hang,677,46,13
kor_Hang,677,47,13
kor_Hang,677,48,13
kor_Hang,677,49,47
kor_Hang,677,50,13
kor_Hang,677,51,13
kor_Hang,677,52,47
kor_Hang,677,53,19
kor_Hang,677,54,13
kor_Hang,677,55,12
kor_Hang,677,56,13
kor_Hang,677,57,13
kor_Hang,678,0,60
kor_Hang,678,1,58
kor_Hang,678,2,52
kor_Hang,678,3,12
kor_Hang,678,4,13
kor_Hang,678,5,19
kor_Hang,678,6,13
kor_Hang,678,7,19
kor_Hang,678,8,13
kor_Hang,678,9,13
kor_Hang,678,10,13
kor_Hang,678,11,9
kor_Hang,678,12,13
kor_Hang,678,13,13
kor_Hang,678,14,13
kor_Hang,678,15,13
kor_Hang,678,16,13
kor_Hang,678,17,47
kor_Hang,678,18,13
kor_Hang,678,19,24
kor_Hang,678,20,13
kor_Hang,678,21,13
kor_Hang,678,22,13
kor_Hang,678,23,13
kor_Hang,678,24,19
kor_Hang,678,25,13
kor_Hang,678,26,13
kor_Hang,678,27,13
kor_Hang,678,28,13
kor_Hang,678,29,13
kor_Hang,678,30,47
kor_Hang,678,31,13
kor_Hang,678,32,13
kor_Hang,678,33,13
kor_Hang,678,34,13
kor_Hang,678,35,13
kor_Hang,678,36,13
kor_Hang,678,37,47
kor_Hang,678,38,19
kor_Hang,678,39,13
kor_Hang,678,40,13
kor_Hang,678,41,13
kor_Hang,678,42,13
kor_Hang,678,43,13
kor_Hang,678,44,13
kor_Hang,678,45,13
kor_Hang,678,46,13
kor_Hang,678,47,13
kor_Hang,678,48,13
kor_Hang,678,49,13
kor_Hang,678,50,19
kor_Hang,678,51,13
kor_Hang,678,52,13
kor_Hang,678,53,13
kor_Hang,678,54,13
kor_Hang,678,55,19
kor_Hang,678,56,13
kor_Hang,678,57,19
kor_Hang,678,58,13
kor_Hang,678,59,13
kor_Hang,678,60,13
kor_Hang,678,61,13
kor_Hang,678,62,13
kor_Hang,678,63,13
kor_Hang,678,64,13
kor_Hang,678,65,13
kor_Hang,678,66,34
kor_Hang,678,67,13
kor_Hang,678,68,13
kor_Hang,678,69,34
kor_Hang,679,0,60
kor_Hang,679,1,13
kor_Hang,679,2,13
kor_Hang,679,3,19
kor_Hang,679,4,13
kor_Hang,679,5,13
kor_Hang,679,6,19
kor_Hang,679,7,39
kor_Hang,679,8,13
kor_Hang,679,9,13
kor_Hang,679,10,47
kor_Hang,679,11,13
kor_Hang,679,12,58
kor_Hang,679,13,13
kor_Hang,679,14,13
kor_Hang,679,15,13
kor_Hang,679,16,19
kor_Hang,679,17,13
kor_Hang,679,18,13
kor_Hang,679,19,19
kor_Hang,679,20,13
kor_Hang,679,21,13
kor_Hang,679,22,19
kor_Hang,679,23,13
kor_Hang,679,24,13
kor_Hang,679,25,13
kor_Hang,679,26,13
kor_Hang,679,27,47
kor_Hang,679,28,47
kor_Hang,679,29,13
kor_Hang,679,30,13
kor_Hang,679,31,19
kor_Hang,679,32,19
kor_Hang,679,33,13
kor_Hang,679,34,13
kor_Hang,679,35,13
kor_Hang,679,36,13
kor_Hang,679,37,13
kor_Hang,679,38,13
kor_Hang,679,39,13
kor_Hang,679,40,19
kor_Hang,679,41,13
kor_Hang,679,42,13
kor_Hang,679,43,13
kor_Hang,679,44,13
kor_Hang,679,45,13
kor_Hang,679,46,13
kor_Hang,679,47,13
kor_Hang,679,48,13
kor_Hang,679,49,13
kor_Hang,679,50,34
kor_Hang,680,0,60
kor_Hang,680,1,19
kor_Hang,680,2,13
kor_Hang,680,3,13
kor_Hang,680,4,13
kor_Hang,680,5,13
kor_Hang,680,6,13
kor_Hang,680,7,13
kor_Hang,680,8,13
kor_Hang,680,9,19
kor_Hang,680,10,13
kor_Hang,680,11,13
kor_Hang,680,12,13
kor_Hang,680,13,13
kor_Hang,680,14,13
kor_Hang,680,15,12
kor_Hang,680,16,13
kor_Hang,680,17,13
kor_Hang,680,18,13
kor_Hang,680,19,13
kor_Hang,680,20,13
kor_Hang,680,21,13
kor_Hang,680,22,13
kor_Hang,680,23,13
kor_Hang,680,24,13
kor_Hang,680,25,13
kor_Hang,680,26,13
kor_Hang,680,27,13
kor_Hang,680,28,47
kor_Hang,680,29,19
kor_Hang,680,30,39
kor_Hang,680,31,13
kor_Hang,680,32,13
kor_Hang,680,33,13
kor_Hang,680,34,13
kor_Hang,680,35,13
kor_Hang,680,36,19
kor_Hang,680,37,13
kor_Hang,680,38,13
kor_Hang,680,39,19
kor_Hang,680,40,13
kor_Hang,680,41,13
kor_Hang,680,42,34
kor_Hang,680,43,34
kor_Hang,680,44,13
kor_Hang,680,45,13
kor_Hang,680,46,34
kor_Hang,681,0,60
kor_Hang,681,1,47
kor_Hang,681,2,13
kor_Hang,681,3,13
kor_Hang,681,4,6
kor_Hang,681,5,13
kor_Hang,681,6,13
kor_Hang,681,7,13
kor_Hang,681,8,13
kor_Hang,681,9,13
kor_Hang,681,10,19
kor_Hang,681,11,13
kor_Hang,681,12,13
kor_Hang,681,13,13
kor_Hang,681,14,13
kor_Hang,681,15,13
kor_Hang,681,16,13
kor_Hang,681,17,13
kor_Hang,681,18,13
kor_Hang,681,19,13
kor_Hang,681,20,13
kor_Hang,681,21,19
kor_Hang,681,22,13
kor_Hang,681,23,13
kor_Hang,681,24,13
kor_Hang,681,25,13
kor_Hang,681,26,13
kor_Hang,681,27,13
kor_Hang,681,28,13
kor_Hang,681,29,13
kor_Hang,681,30,13
kor_Hang,681,31,13
kor_Hang,681,32,13
kor_Hang,681,33,61
kor_Hang,681,34,13
kor_Hang,681,35,13
kor_Hang,681,36,13
kor_Hang,681,37,47
kor_Hang,681,38,13
kor_Hang,681,39,13
kor_Hang,681,40,47
kor_Hang,681,41,13
kor_Hang,681,42,19
kor_Hang,681,43,13
kor_Hang,681,44,13
kor_Hang,681,45,19
kor_Hang,681,46,13
kor_Hang,681,47,13
kor_Hang,681,48,13
kor_Hang,681,49,13
kor_Hang,681,50,47
kor_Hang,681,51,13
kor_Hang,681,52,13
kor_Hang,681,53,13
kor_Hang,681,54,13
kor_Hang,681,55,13
kor_Hang,681,56,13
kor_Hang,681,57,13
kor_Hang,681,58,13
kor_Hang,681,59,19
kor_Hang,681,60,13
kor_Hang,681,61,13
kor_Hang,681,62,13
kor_Hang,681,63,13
kor_Hang,681,64,13
kor_Hang,681,65,13
kor_Hang,681,66,47
kor_Hang,681,67,19
kor_Hang,681,68,13
kor_Hang,681,69,13
kor_Hang,681,70,47
kor_Hang,681,71,13
kor_Hang,681,72,13
kor_Hang,681,73,13
kor_Hang,681,74,13
kor_Hang,681,75,19
kor_Hang,681,76,13
kor_Hang,681,77,13
kor_Hang,681,78,13
kor_Hang,681,79,13
kor_Hang,681,80,47
kor_Hang,681,81,13
kor_Hang,681,82,13
kor_Hang,681,83,13
kor_Hang,681,84,34
eng_Latn,682,0,60
eng_Latn,682,1,22
eng_Latn,682,2,47
eng_Latn,682,3,40
eng_Latn,682,4,49
kor_Hang,683,0,60
kor_Hang,683,1,57
kor_Hang,683,2,13
kor_Hang,683,3,13
kor_Hang,683,4,13
kor_Hang,683,5,13
kor_Hang,683,6,13
kor_Hang,683,7,13
kor_Hang,683,8,13
kor_Hang,683,9,13
kor_Hang,683,10,13
kor_Hang,683,11,13
kor_Hang,683,12,13
kor_Hang,683,13,13
kor_Hang,683,14,13
kor_Hang,683,15,13
kor_Hang,683,16,13
kor_Hang,683,17,13
kor_Hang,683,18,47
kor_Hang,683,19,47
kor_Hang,683,20,34
kor_Hang,683,21,13
kor_Hang,683,22,13
kor_Hang,683,23,13
kor_Hang,683,24,13
kor_Hang,683,25,13
kor_Hang,683,26,13
kor_Hang,683,27,13
kor_Hang,683,28,13
kor_Hang,683,29,13
kor_Hang,683,30,47
kor_Hang,683,31,47
kor_Hang,683,32,13
kor_Hang,683,33,13
kor_Hang,683,34,47
kor_Hang,683,35,47
kor_Hang,683,36,13
kor_Hang,683,37,13
kor_Hang,683,38,47
kor_Hang,683,39,13
kor_Hang,683,40,19
kor_Hang,683,41,13
kor_Hang,683,42,13
kor_Hang,683,43,13
kor_Hang,683,44,13
kor_Hang,683,45,13
kor_Hang,683,46,13
kor_Hang,683,47,19
kor_Hang,683,48,34
kor_Hang,683,49,13
kor_Hang,683,50,34
kor_Hang,684,0,60
kor_Hang,684,1,13
kor_Hang,684,2,19
kor_Hang,684,3,13
kor_Hang,684,4,13
kor_Hang,684,5,47
kor_Hang,684,6,13
kor_Hang,684,7,13
kor_Hang,684,8,13
kor_Hang,684,9,13
kor_Hang,684,10,13
kor_Hang,684,11,13
kor_Hang,684,12,13
kor_Hang,684,13,13
kor_Hang,684,14,13
kor_Hang,684,15,13
kor_Hang,684,16,13
kor_Hang,684,17,13
kor_Hang,684,18,52
kor_Hang,684,19,52
kor_Hang,684,20,13
kor_Hang,684,21,34
kor_Hang,684,22,13
kor_Hang,684,23,13
kor_Hang,684,24,13
kor_Hang,684,25,13
kor_Hang,684,26,13
kor_Hang,684,27,13
kor_Hang,684,28,34
kor_Hang,684,29,13
kor_Hang,684,30,13
kor_Hang,684,31,19
kor_Hang,684,32,34
kor_Hang,684,33,34
eng_Latn,685,0,60
eng_Latn,685,1,19
eng_Latn,685,2,40
eng_Latn,685,3,17
eng_Latn,685,4,16
eng_Latn,685,5,31
eng_Latn,685,6,53
eng_Latn,685,7,34
kor_Hang,686,0,60
kor_Hang,686,1,13
kor_Hang,686,2,13
kor_Hang,686,3,13
kor_Hang,686,4,13
kor_Hang,686,5,13
kor_Hang,686,6,13
kor_Hang,686,7,47
kor_Hang,686,8,13
kor_Hang,686,9,13
kor_Hang,686,10,13
kor_Hang,686,11,13
kor_Hang,686,12,13
kor_Hang,686,13,13
kor_Hang,686,14,13
kor_Hang,686,15,13
kor_Hang,686,16,13
kor_Hang,686,17,13
kor_Hang,686,18,13
kor_Hang,686,19,13
kor_Hang,686,20,13
kor_Hang,686,21,13
kor_Hang,686,22,13
kor_Hang,686,23,13
kor_Hang,686,24,13
kor_Hang,686,25,13
kor_Hang,686,26,13
kor_Hang,686,27,13
kor_Hang,686,28,13
kor_Hang,686,29,13
kor_Hang,686,30,13
kor_Hang,686,31,19
kor_Hang,686,32,28
kor_Hang,686,33,13
kor_Hang,686,34,13
kor_Hang,686,35,13
kor_Hang,686,36,13
kor_Hang,686,37,13
kor_Hang,686,38,13
kor_Hang,686,39,13
kor_Hang,686,40,13
kor_Hang,686,41,13
kor_Hang,686,42,13
kor_Hang,686,43,24
kor_Hang,686,44,13
kor_Hang,686,45,13
kor_Hang,686,46,34
kor_Hang,686,47,13
kor_Hang,686,48,13
kor_Hang,686,49,34
kor_Hang,686,50,19
kor_Hang,686,51,34
kor_Hang,686,52,34
kor_Hang,687,0,60
kor_Hang,687,1,13
kor_Hang,687,2,39
kor_Hang,687,3,24
kor_Hang,687,4,13
kor_Hang,687,5,13
kor_Hang,687,6,13
kor_Hang,687,7,13
kor_Hang,687,8,13
kor_Hang,687,9,13
kor_Hang,687,10,13
kor_Hang,687,11,13
kor_Hang,687,12,13
kor_Hang,687,13,19
kor_Hang,687,14,13
kor_Hang,687,15,13
kor_Hang,687,16,13
kor_Hang,687,17,13
kor_Hang,687,18,13
kor_Hang,687,19,13
kor_Hang,687,20,47
kor_Hang,687,21,13
kor_Hang,687,22,13
kor_Hang,687,23,13
kor_Hang,687,24,13
kor_Hang,687,25,24
kor_Hang,687,26,24
kor_Hang,687,27,13
kor_Hang,687,28,19
kor_Hang,687,29,13
kor_Hang,688,0,60
kor_Hang,688,1,13
kor_Hang,688,2,13
kor_Hang,688,3,13
kor_Hang,688,4,13
kor_Hang,688,5,13
kor_Hang,688,6,13
kor_Hang,688,7,13
kor_Hang,688,8,13
kor_Hang,688,9,47
kor_Hang,688,10,13
kor_Hang,688,11,13
kor_Hang,688,12,13
kor_Hang,688,13,13
kor_Hang,688,14,47
kor_Hang,688,15,19
kor_Hang,688,16,13
kor_Hang,688,17,13
kor_Hang,688,18,26
kor_Hang,688,19,13
kor_Hang,688,20,13
kor_Hang,688,21,13
kor_Hang,688,22,39
kor_Hang,688,23,13
kor_Hang,688,24,13
kor_Hang,688,25,47
kor_Hang,688,26,19
kor_Hang,688,27,19
kor_Hang,688,28,39
kor_Hang,688,29,39
kor_Hang,688,30,13
kor_Hang,688,31,13
kor_Hang,688,32,47
kor_Hang,688,33,19
kor_Hang,688,34,39
kor_Hang,689,0,60
kor_Hang,689,1,13
kor_Hang,689,2,13
kor_Hang,689,3,13
kor_Hang,689,4,13
kor_Hang,689,5,13
kor_Hang,689,6,13
kor_Hang,689,7,13
kor_Hang,689,8,13
kor_Hang,689,9,13
kor_Hang,689,10,13
kor_Hang,689,11,13
kor_Hang,689,12,13
kor_Hang,689,13,13
kor_Hang,689,14,13
kor_Hang,689,15,13
kor_Hang,689,16,13
kor_Hang,689,17,13
kor_Hang,689,18,13
kor_Hang,689,19,13
kor_Hang,689,20,13
kor_Hang,689,21,13
kor_Hang,689,22,13
kor_Hang,689,23,13
kor_Hang,689,24,13
kor_Hang,689,25,13
kor_Hang,689,26,47
kor_Hang,689,27,19
kor_Hang,689,28,47
kor_Hang,689,29,19
kor_Hang,689,30,39
kor_Hang,689,31,13
kor_Hang,689,32,47
kor_Hang,689,33,13
kor_Hang,689,34,13
kor_Hang,689,35,13
kor_Hang,689,36,13
kor_Hang,689,37,19
kor_Hang,689,38,19
kor_Hang,689,39,19
kor_Hang,689,40,13
kor_Hang,689,41,13
kor_Hang,689,42,13
kor_Hang,689,43,13
kor_Hang,689,44,47
kor_Hang,689,45,19
kor_Hang,689,46,13
kor_Hang,689,47,13
kor_Hang,689,48,13
kor_Hang,689,49,13
kor_Hang,689,50,13
kor_Hang,689,51,13
kor_Hang,689,52,13
kor_Hang,689,53,13
kor_Hang,689,54,13
kor_Hang,689,55,13
kor_Hang,689,56,34
kor_Hang,690,0,60
kor_Hang,690,1,13
kor_Hang,690,2,13
kor_Hang,690,3,13
kor_Hang,690,4,47
kor_Hang,690,5,13
kor_Hang,690,6,13
kor_Hang,690,7,13
kor_Hang,690,8,13
kor_Hang,690,9,13
kor_Hang,690,10,13
kor_Hang,690,11,13
kor_Hang,690,12,13
kor_Hang,690,13,13
kor_Hang,690,14,19
kor_Hang,690,15,13
kor_Hang,690,16,13
kor_Hang,690,17,13
kor_Hang,690,18,13
kor_Hang,690,19,13
kor_Hang,690,20,13
kor_Hang,690,21,13
kor_Hang,690,22,13
kor_Hang,690,23,13
kor_Hang,690,24,19
kor_Hang,690,25,13
kor_Hang,690,26,13
kor_Hang,690,27,13
kor_Hang,690,28,13
kor_Hang,690,29,13
kor_Hang,690,30,19
kor_Hang,690,31,13
kor_Hang,690,32,13
kor_Hang,690,33,13
kor_Hang,690,34,13
kor_Hang,690,35,13
kor_Hang,690,36,13
kor_Hang,690,37,19
kor_Hang,690,38,13
kor_Hang,690,39,13
kor_Hang,690,40,13
kor_Hang,690,41,13
kor_Hang,690,42,61
kor_Hang,690,43,13
kor_Hang,690,44,13
kor_Hang,690,45,47
kor_Hang,690,46,13
kor_Hang,690,47,13
kor_Hang,690,48,47
kor_Hang,690,49,13
kor_Hang,690,50,13
kor_Hang,690,51,13
kor_Hang,690,52,13
kor_Hang,690,53,13
kor_Hang,690,54,13
kor_Hang,690,55,13
kor_Hang,690,56,34
kor_Hang,690,57,13
kor_Hang,690,58,13
kor_Hang,690,59,13
kor_Hang,690,60,13
kor_Hang,690,61,13
kor_Hang,690,62,13
kor_Hang,690,63,13
kor_Hang,690,64,19
kor_Hang,690,65,13
kor_Hang,690,66,34
kor_Hang,691,0,60
kor_Hang,691,1,19
kor_Hang,691,2,11
kor_Hang,691,3,13
kor_Hang,691,4,47
kor_Hang,691,5,13
kor_Hang,691,6,13
kor_Hang,691,7,13
kor_Hang,691,8,13
kor_Hang,691,9,13
kor_Hang,691,10,13
kor_Hang,691,11,13
kor_Hang,691,12,13
kor_Hang,691,13,13
kor_Hang,691,14,13
kor_Hang,691,15,13
kor_Hang,691,16,13
kor_Hang,691,17,13
kor_Hang,691,18,13
kor_Hang,691,19,13
kor_Hang,691,20,13
kor_Hang,691,21,13
kor_Hang,691,22,13
kor_Hang,691,23,13
kor_Hang,691,24,13
kor_Hang,692,0,60
kor_Hang,692,1,13
kor_Hang,692,2,13
kor_Hang,692,3,19
kor_Hang,692,4,13
kor_Hang,692,5,13
kor_Hang,692,6,19
kor_Hang,692,7,19
kor_Hang,692,8,13
kor_Hang,692,9,19
kor_Hang,692,10,13
kor_Hang,692,11,13
kor_Hang,692,12,13
kor_Hang,692,13,13
kor_Hang,692,14,13
kor_Hang,692,15,13
kor_Hang,692,16,13
kor_Hang,692,17,13
kor_Hang,692,18,13
kor_Hang,692,19,13
kor_Hang,692,20,13
kor_Hang,692,21,13
kor_Hang,692,22,13
kor_Hang,692,23,13
kor_Hang,692,24,13
kor_Hang,692,25,13
kor_Hang,692,26,13
kor_Hang,692,27,13
kor_Hang,692,28,36
kor_Hang,692,29,13
kor_Hang,692,30,13
kor_Hang,692,31,13
kor_Hang,692,32,47
kor_Hang,692,33,13
kor_Hang,692,34,13
kor_Hang,692,35,19
kor_Hang,692,36,13
kor_Hang,692,37,13
kor_Hang,692,38,19
kor_Hang,692,39,13
kor_Hang,692,40,13
kor_Hang,692,41,13
kor_Hang,692,42,13
kor_Hang,692,43,13
kor_Hang,692,44,13
kor_Hang,692,45,47
kor_Hang,692,46,13
kor_Hang,692,47,1
kor_Hang,692,48,13
kor_Hang,692,49,13
kor_Hang,692,50,13
kor_Hang,692,51,47
kor_Hang,692,52,13
kor_Hang,692,53,13
kor_Hang,692,54,19
kor_Hang,692,55,13
kor_Hang,692,56,13
kor_Hang,692,57,61
kor_Hang,692,58,13
kor_Hang,692,59,13
kor_Hang,692,60,13
kor_Hang,692,61,13
kor_Hang,692,62,34
kor_Hang,692,63,13
kor_Hang,692,64,13
kor_Hang,692,65,13
kor_Hang,692,66,13
kor_Hang,692,67,13
kor_Hang,692,68,13
kor_Hang,692,69,13
kor_Hang,692,70,34
kor_Hang,692,71,13
kor_Hang,692,72,19
kor_Hang,692,73,34
kor_Hang,693,0,60
kor_Hang,693,1,13
kor_Hang,693,2,13
kor_Hang,693,3,13
kor_Hang,693,4,19
kor_Hang,693,5,13
kor_Hang,693,6,13
kor_Hang,693,7,13
kor_Hang,693,8,13
kor_Hang,693,9,13
kor_Hang,693,10,13
kor_Hang,693,11,13
kor_Hang,693,12,13
kor_Hang,693,13,13
kor_Hang,693,14,61
kor_Hang,693,15,39
kor_Hang,693,16,27
kor_Hang,693,17,27
kor_Hang,693,18,52
kor_Hang,693,19,12
kor_Hang,693,20,27
kor_Hang,693,21,40
kor_Hang,694,0,60
kor_Hang,694,1,19
kor_Hang,694,2,13
kor_Hang,694,3,13
kor_Hang,694,4,13
kor_Hang,694,5,19
kor_Hang,694,6,13
kor_Hang,694,7,19
kor_Hang,694,8,13
kor_Hang,694,9,13
kor_Hang,694,10,13
kor_Hang,694,11,13
kor_Hang,694,12,13
kor_Hang,694,13,13
kor_Hang,694,14,13
kor_Hang,694,15,13
kor_Hang,694,16,52
kor_Hang,694,17,52
kor_Hang,694,18,13
kor_Hang,694,19,13
kor_Hang,694,20,13
kor_Hang,694,21,13
kor_Hang,694,22,13
kor_Hang,694,23,13
kor_Hang,694,24,13
kor_Hang,694,25,52
kor_Hang,694,26,13
kor_Hang,694,27,13
kor_Hang,694,28,47
kor_Hang,694,29,13
kor_Hang,694,30,13
kor_Hang,694,31,47
kor_Hang,694,32,13
kor_Hang,694,33,24
kor_Hang,694,34,58
kor_Hang,694,35,12
kor_Hang,694,36,27
kor_Hang,694,37,40
kor_Hang,695,0,60
kor_Hang,695,1,13
kor_Hang,695,2,13
kor_Hang,695,3,47
kor_Hang,695,4,13
kor_Hang,695,5,13
kor_Hang,695,6,61
kor_Hang,695,7,13
kor_Hang,695,8,13
kor_Hang,695,9,13
kor_Hang,695,10,13
kor_Hang,695,11,13
kor_Hang,695,12,13
kor_Hang,695,13,13
kor_Hang,695,14,13
kor_Hang,695,15,13
kor_Hang,695,16,13
kor_Hang,695,17,13
kor_Hang,695,18,13
kor_Hang,695,19,13
kor_Hang,695,20,13
kor_Hang,695,21,19
kor_Hang,695,22,13
kor_Hang,695,23,13
kor_Hang,695,24,13
kor_Hang,695,25,13
kor_Hang,695,26,19
kor_Hang,695,27,13
kor_Hang,695,28,13
kor_Hang,695,29,19
kor_Hang,695,30,13
kor_Hang,695,31,13
kor_Hang,695,32,13
kor_Hang,695,33,13
kor_Hang,695,34,13
kor_Hang,695,35,13
kor_Hang,695,36,13
kor_Hang,695,37,13
kor_Hang,695,38,13
kor_Hang,695,39,13
kor_Hang,695,40,13
kor_Hang,695,41,47
kor_Hang,695,42,13
kor_Hang,695,43,13
kor_Hang,695,44,13
kor_Hang,695,45,13
kor_Hang,695,46,13
kor_Hang,695,47,47
kor_Hang,695,48,13
kor_Hang,695,49,13
kor_Hang,695,50,13
kor_Hang,695,51,13
kor_Hang,695,52,13
kor_Hang,695,53,19
kor_Hang,695,54,13
kor_Hang,695,55,13
kor_Hang,695,56,13
kor_Hang,695,57,13
kor_Hang,695,58,19
kor_Hang,695,59,34
kor_Hang,695,60,13
kor_Hang,695,61,13
kor_Hang,695,62,13
kor_Hang,695,63,34
kor_Hang,696,0,60
kor_Hang,696,1,13
kor_Hang,696,2,13
kor_Hang,696,3,13
kor_Hang,696,4,13
kor_Hang,696,5,13
kor_Hang,696,6,13
kor_Hang,696,7,19
kor_Hang,696,8,13
kor_Hang,696,9,13
kor_Hang,696,10,13
kor_Hang,696,11,13
kor_Hang,696,12,13
kor_Hang,696,13,13
kor_Hang,696,14,13
kor_Hang,696,15,13
kor_Hang,696,16,13
kor_Hang,696,17,13
kor_Hang,696,18,13
kor_Hang,696,19,13
kor_Hang,696,20,13
kor_Hang,696,21,13
kor_Hang,696,22,13
kor_Hang,696,23,13
kor_Hang,696,24,47
kor_Hang,696,25,13
kor_Hang,696,26,13
kor_Hang,696,27,13
kor_Hang,696,28,19
kor_Hang,696,29,13
kor_Hang,696,30,13
kor_Hang,696,31,61
kor_Hang,696,32,13
kor_Hang,696,33,13
kor_Hang,696,34,13
kor_Hang,696,35,13
kor_Hang,696,36,13
kor_Hang,696,37,13
kor_Hang,696,38,19
kor_Hang,696,39,13
kor_Hang,696,40,47
kor_Hang,696,41,19
kor_Hang,696,42,13
kor_Hang,696,43,13
kor_Hang,696,44,19
kor_Hang,696,45,13
kor_Hang,696,46,19
kor_Hang,696,47,13
kor_Hang,696,48,13
kor_Hang,696,49,26
kor_Hang,696,50,13
kor_Hang,696,51,13
kor_Hang,696,52,13
kor_Hang,696,53,13
kor_Hang,696,54,13
kor_Hang,696,55,19
kor_Hang,696,56,34
kor_Hang,696,57,13
kor_Hang,696,58,19
kor_Hang,696,59,34
kor_Hang,696,60,13
kor_Hang,696,61,13
kor_Hang,696,62,13
kor_Hang,696,63,13
kor_Hang,696,64,34
kor_Hang,697,0,60
kor_Hang,697,1,13
kor_Hang,697,2,13
kor_Hang,697,3,13
kor_Hang,697,4,19
kor_Hang,697,5,13
kor_Hang,697,6,13
kor_Hang,697,7,13
kor_Hang,697,8,13
kor_Hang,697,9,13
kor_Hang,697,10,13
kor_Hang,697,11,13
kor_Hang,697,12,13
kor_Hang,697,13,13
kor_Hang,697,14,13
kor_Hang,697,15,13
kor_Hang,697,16,7
kor_Hang,697,17,13
kor_Hang,697,18,13
kor_Hang,697,19,13
kor_Hang,697,20,13
kor_Hang,697,21,13
kor_Hang,697,22,27
kor_Hang,697,23,13
kor_Hang,697,24,13
kor_Hang,697,25,13
kor_Hang,697,26,13
kor_Hang,697,27,47
kor_Hang,697,28,47
kor_Hang,697,29,13
kor_Hang,697,30,19
kor_Hang,697,31,13
kor_Hang,697,32,13
kor_Hang,697,33,13
kor_Hang,697,34,13
kor_Hang,697,35,13
kor_Hang,697,36,13
kor_Hang,697,37,19
kor_Hang,697,38,13
kor_Hang,697,39,19
kor_Hang,697,40,39
kor_Hang,697,41,1
kor_Hang,697,42,13
kor_Hang,697,43,13
kor_Hang,697,44,13
kor_Hang,697,45,13
kor_Hang,697,46,13
kor_Hang,697,47,19
kor_Hang,697,48,13
kor_Hang,697,49,13
kor_Hang,697,50,13
kor_Hang,697,51,47
kor_Hang,697,52,19
kor_Hang,697,53,13
kor_Hang,697,54,13
kor_Hang,697,55,61
kor_Hang,697,56,13
kor_Hang,697,57,13
kor_Hang,697,58,13
kor_Hang,697,59,13
kor_Hang,697,60,19
kor_Hang,697,61,13
kor_Hang,697,62,13
kor_Hang,697,63,13
kor_Hang,697,64,19
kor_Hang,697,65,13
kor_Hang,697,66,13
kor_Hang,697,67,13
kor_Hang,697,68,13
kor_Hang,697,69,13
kor_Hang,697,70,13
kor_Hang,697,71,13
kor_Hang,697,72,13
kor_Hang,697,73,19
kor_Hang,697,74,13
kor_Hang,697,75,34
kor_Hang,698,0,60
kor_Hang,698,1,13
kor_Hang,698,2,13
kor_Hang,698,3,13
kor_Hang,698,4,13
kor_Hang,698,5,13
kor_Hang,698,6,34
kor_Hang,698,7,13
kor_Hang,698,8,13
kor_Hang,698,9,13
kor_Hang,698,10,13
kor_Hang,698,11,13
kor_Hang,698,12,13
kor_Hang,698,13,19
kor_Hang,698,14,13
kor_Hang,698,15,13
kor_Hang,698,16,13
kor_Hang,698,17,13
kor_Hang,698,18,13
kor_Hang,698,19,13
kor_Hang,698,20,13
kor_Hang,698,21,13
kor_Hang,698,22,13
kor_Hang,698,23,13
kor_Hang,698,24,13
kor_Hang,698,25,13
kor_Hang,698,26,13
kor_Hang,698,27,13
kor_Hang,698,28,13
kor_Hang,698,29,13
kor_Hang,698,30,13
kor_Hang,698,31,19
kor_Hang,698,32,13
kor_Hang,698,33,13
kor_Hang,698,34,13
kor_Hang,698,35,13
kor_Hang,698,36,13
kor_Hang,698,37,13
kor_Hang,698,38,47
kor_Hang,698,39,19
kor_Hang,698,40,13
kor_Hang,698,41,13
kor_Hang,698,42,19
kor_Hang,698,43,13
kor_Hang,698,44,13
kor_Hang,698,45,19
kor_Hang,698,46,13
kor_Hang,698,47,13
kor_Hang,698,48,13
kor_Hang,698,49,13
kor_Hang,698,50,13
kor_Hang,698,51,13
kor_Hang,698,52,13
kor_Hang,698,53,13
kor_Hang,698,54,19
kor_Hang,698,55,34
kor_Hang,698,56,13
kor_Hang,698,57,13
kor_Hang,698,58,13
kor_Hang,698,59,13
kor_Hang,698,60,13
kor_Hang,698,61,13
kor_Hang,698,62,34
kor_Hang,698,63,13
kor_Hang,698,64,13
kor_Hang,698,65,34
eng_Latn,699,0,60
eng_Latn,699,1,51
eng_Latn,699,2,34
eng_Latn,699,3,54
eng_Latn,699,4,9
eng_Latn,699,5,17
eng_Latn,699,6,20
eng_Latn,699,7,62
eng_Latn,699,8,34
kor_Hang,700,0,60
kor_Hang,700,1,13
kor_Hang,700,2,13
kor_Hang,700,3,13
kor_Hang,700,4,47
kor_Hang,700,5,13
kor_Hang,700,6,13
kor_Hang,700,7,13
kor_Hang,700,8,19
kor_Hang,700,9,13
kor_Hang,700,10,47
kor_Hang,700,11,13
kor_Hang,700,12,13
kor_Hang,700,13,13
kor_Hang,700,14,13
kor_Hang,700,15,9
kor_Hang,700,16,11
kor_Hang,700,17,9
kor_Hang,700,18,13
kor_Hang,700,19,13
kor_Hang,700,20,47
kor_Hang,700,21,13
kor_Hang,700,22,19
kor_Hang,700,23,19
kor_Hang,700,24,19
kor_Hang,700,25,13
kor_Hang,700,26,13
kor_Hang,700,27,19
kor_Hang,700,28,13
kor_Hang,700,29,19
kor_Hang,700,30,13
kor_Hang,700,31,13
kor_Hang,700,32,13
kor_Hang,700,33,13
kor_Hang,700,34,12
kor_Hang,700,35,13
kor_Hang,700,36,13
kor_Hang,700,37,13
kor_Hang,700,38,13
kor_Hang,700,39,19
kor_Hang,700,40,13
kor_Hang,700,41,13
kor_Hang,700,42,61
kor_Hang,700,43,19
kor_Hang,700,44,13
kor_Hang,700,45,19
kor_Hang,700,46,13
kor_Hang,700,47,47
kor_Hang,700,48,19
kor_Hang,700,49,13
kor_Hang,700,50,13
kor_Hang,700,51,19
kor_Hang,700,52,13
kor_Hang,700,53,13
kor_Hang,700,54,13
kor_Hang,700,55,13
kor_Hang,700,56,13
kor_Hang,700,57,13
kor_Hang,700,58,13
kor_Hang,700,59,13
kor_Hang,700,60,13
kor_Hang,700,61,13
kor_Hang,700,62,13
kor_Hang,700,63,13
kor_Hang,700,64,13
kor_Hang,700,65,13
kor_Hang,700,66,13
kor_Hang,700,67,13
kor_Hang,700,68,13
kor_Hang,700,69,13
kor_Hang,700,70,13
kor_Hang,700,71,47
kor_Hang,700,72,13
kor_Hang,701,0,60
kor_Hang,701,1,13
kor_Hang,701,2,13
kor_Hang,701,3,13
kor_Hang,701,4,13
kor_Hang,701,5,13
kor_Hang,701,6,13
kor_Hang,701,7,13
kor_Hang,701,8,13
kor_Hang,701,9,19
kor_Hang,701,10,13
kor_Hang,701,11,13
kor_Hang,701,12,13
kor_Hang,701,13,47
kor_Hang,701,14,13
kor_Hang,701,15,47
kor_Hang,701,16,19
kor_Hang,701,17,13
kor_Hang,701,18,13
kor_Hang,701,19,13
kor_Hang,701,20,13
kor_Hang,701,21,13
kor_Hang,701,22,13
kor_Hang,701,23,13
kor_Hang,701,24,13
kor_Hang,701,25,13
kor_Hang,701,26,13
kor_Hang,701,27,13
kor_Hang,701,28,19
kor_Hang,701,29,13
kor_Hang,701,30,13
kor_Hang,701,31,13
kor_Hang,701,32,13
kor_Hang,701,33,13
kor_Hang,701,34,13
kor_Hang,701,35,58
kor_Hang,701,36,11
kor_Hang,701,37,9
kor_Hang,701,38,52
kor_Hang,702,0,60
kor_Hang,702,1,29
kor_Hang,702,2,34
kor_Hang,702,3,34
kor_Hang,703,0,60
kor_Hang,703,1,13
kor_Hang,703,2,47
kor_Hang,703,3,13
kor_Hang,703,4,13
kor_Hang,703,5,19
kor_Hang,703,6,13
kor_Hang,703,7,19
kor_Hang,703,8,13
kor_Hang,703,9,13
kor_Hang,703,10,13
kor_Hang,703,11,13
kor_Hang,703,12,19
kor_Hang,703,13,13
kor_Hang,703,14,13
kor_Hang,703,15,13
kor_Hang,703,16,13
kor_Hang,703,17,13
kor_Hang,703,18,13
kor_Hang,703,19,13
kor_Hang,703,20,13
kor_Hang,703,21,13
kor_Hang,703,22,13
kor_Hang,703,23,13
kor_Hang,703,24,19
kor_Hang,703,25,13
kor_Hang,703,26,13
kor_Hang,703,27,19
kor_Hang,703,28,13
kor_Hang,703,29,13
kor_Hang,703,30,34
kor_Hang,703,31,13
kor_Hang,703,32,13
kor_Hang,703,33,13
kor_Hang,703,34,13
kor_Hang,703,35,13
kor_Hang,703,36,34
kor_Hang,703,37,19
kor_Hang,703,38,13
kor_Hang,703,39,34
kor_Hang,704,0,60
kor_Hang,704,1,19
kor_Hang,704,2,13
kor_Hang,704,3,13
kor_Hang,704,4,61
kor_Hang,704,5,13
kor_Hang,704,6,13
kor_Hang,704,7,13
kor_Hang,704,8,13
kor_Hang,704,9,13
kor_Hang,704,10,13
kor_Hang,704,11,61
kor_Hang,704,12,13
kor_Hang,704,13,13
kor_Hang,704,14,12
kor_Hang,704,15,13
kor_Hang,704,16,19
kor_Hang,704,17,13
kor_Hang,704,18,13
kor_Hang,704,19,13
kor_Hang,704,20,13
kor_Hang,704,21,13
kor_Hang,704,22,13
kor_Hang,704,23,13
kor_Hang,704,24,13
kor_Hang,704,25,13
kor_Hang,704,26,13
kor_Hang,704,27,13
kor_Hang,704,28,13
kor_Hang,704,29,19
kor_Hang,704,30,13
kor_Hang,704,31,13
kor_Hang,704,32,61
kor_Hang,704,33,13
kor_Hang,704,34,13
kor_Hang,704,35,19
kor_Hang,704,36,13
kor_Hang,704,37,13
kor_Hang,704,38,13
kor_Hang,704,39,61
kor_Hang,704,40,13
kor_Hang,704,41,13
kor_Hang,704,42,13
kor_Hang,704,43,13
kor_Hang,704,44,34
eng_Latn,705,0,60
eng_Latn,705,1,29
eng_Latn,705,2,57
eng_Latn,705,3,31
eng_Latn,705,4,59
eng_Latn,705,5,46
eng_Latn,705,6,51
eng_Latn,705,7,16
eng_Latn,705,8,45
eng_Latn,705,9,45
eng_Latn,705,10,34
kor_Hang,706,0,60
kor_Hang,706,1,19
kor_Hang,706,2,13
kor_Hang,706,3,19
kor_Hang,706,4,13
kor_Hang,706,5,13
kor_Hang,706,6,13
kor_Hang,706,7,13
kor_Hang,706,8,13
kor_Hang,706,9,13
kor_Hang,706,10,13
kor_Hang,706,11,13
kor_Hang,706,12,47
kor_Hang,706,13,13
kor_Hang,706,14,13
kor_Hang,706,15,13
kor_Hang,706,16,13
kor_Hang,706,17,13
kor_Hang,706,18,19
kor_Hang,706,19,13
kor_Hang,706,20,13
kor_Hang,706,21,13
kor_Hang,706,22,13
kor_Hang,706,23,13
kor_Hang,706,24,13
kor_Hang,706,25,19
kor_Hang,706,26,13
kor_Hang,706,27,13
kor_Hang,706,28,13
kor_Hang,706,29,19
kor_Hang,706,30,13
kor_Hang,706,31,13
kor_Hang,706,32,13
kor_Hang,706,33,52
kor_Hang,706,34,52
kor_Hang,706,35,52
kor_Hang,706,36,13
kor_Hang,706,37,13
kor_Hang,706,38,13
kor_Hang,706,39,19
kor_Hang,706,40,13
kor_Hang,706,41,13
kor_Hang,707,0,60
kor_Hang,707,1,13
kor_Hang,707,2,13
kor_Hang,707,3,13
kor_Hang,707,4,13
kor_Hang,707,5,13
kor_Hang,707,6,47
kor_Hang,707,7,13
kor_Hang,707,8,19
kor_Hang,707,9,13
kor_Hang,707,10,47
kor_Hang,707,11,13
kor_Hang,707,12,13
kor_Hang,707,13,13
kor_Hang,707,14,47
kor_Hang,707,15,19
kor_Hang,707,16,39
kor_Hang,707,17,19
kor_Hang,707,18,34
eng_Latn,708,0,60
eng_Latn,708,1,9
eng_Latn,708,2,40
eng_Latn,708,3,61
eng_Latn,708,4,33
eng_Latn,708,5,15
eng_Latn,708,6,26
eng_Latn,708,7,61
eng_Latn,708,8,1
eng_Latn,708,9,47
eng_Latn,708,10,33
eng_Latn,708,11,61
kor_Hang,709,0,60
kor_Hang,709,1,13
kor_Hang,709,2,13
kor_Hang,709,3,13
kor_Hang,709,4,13
kor_Hang,709,5,13
kor_Hang,709,6,13
kor_Hang,709,7,13
kor_Hang,709,8,13
kor_Hang,709,9,13
kor_Hang,709,10,13
kor_Hang,709,11,13
kor_Hang,709,12,13
kor_Hang,709,13,13
kor_Hang,709,14,13
kor_Hang,709,15,13
kor_Hang,709,16,13
kor_Hang,709,17,13
kor_Hang,709,18,19
kor_Hang,709,19,13
kor_Hang,709,20,13
kor_Hang,709,21,13
kor_Hang,709,22,19
kor_Hang,709,23,13
kor_Hang,709,24,13
kor_Hang,709,25,13
kor_Hang,709,26,13
kor_Hang,709,27,13
kor_Hang,709,28,13
kor_Hang,709,29,13
kor_Hang,709,30,13
kor_Hang,709,31,13
kor_Hang,709,32,13
kor_Hang,709,33,13
kor_Hang,709,34,13
kor_Hang,709,35,13
kor_Hang,709,36,13
kor_Hang,709,37,13
kor_Hang,709,38,61
kor_Hang,709,39,13
kor_Hang,709,40,13
kor_Hang,709,41,13
kor_Hang,709,42,13
kor_Hang,709,43,19
kor_Hang,709,44,39
kor_Hang,709,45,1
kor_Hang,709,46,39
kor_Hang,709,47,47
kor_Hang,709,48,13
kor_Hang,709,49,13
kor_Hang,709,50,19
kor_Hang,709,51,13
kor_Hang,709,52,47
kor_Hang,709,53,13
kor_Hang,709,54,13
kor_Hang,709,55,13
kor_Hang,709,56,13
kor_Hang,709,57,13
kor_Hang,709,58,13
kor_Hang,709,59,13
kor_Hang,709,60,19
kor_Hang,709,61,13
kor_Hang,709,62,34
kor_Hang,710,0,60
kor_Hang,710,1,13
kor_Hang,710,2,13
kor_Hang,710,3,13
kor_Hang,710,4,13
kor_Hang,710,5,19
kor_Hang,710,6,13
kor_Hang,710,7,13
kor_Hang,710,8,13
kor_Hang,710,9,13
kor_Hang,710,10,13
kor_Hang,710,11,13
kor_Hang,710,12,13
kor_Hang,710,13,34
kor_Hang,710,14,13
kor_Hang,710,15,13
kor_Hang,710,16,13
kor_Hang,710,17,13
kor_Hang,710,18,13
kor_Hang,710,19,34
kor_Hang,710,20,13
kor_Hang,710,21,52
kor_Hang,710,22,13
kor_Hang,710,23,52
kor_Hang,710,24,52
kor_Hang,710,25,13
kor_Hang,710,26,13
kor_Hang,710,27,13
kor_Hang,710,28,13
kor_Hang,710,29,13
kor_Hang,710,30,34
kor_Hang,711,0,60
kor_Hang,711,1,13
kor_Hang,711,2,13
kor_Hang,711,3,13
kor_Hang,711,4,13
kor_Hang,711,5,13
kor_Hang,711,6,13
kor_Hang,711,7,13
kor_Hang,711,8,13
kor_Hang,711,9,13
kor_Hang,711,10,13
kor_Hang,711,11,13
kor_Hang,711,12,13
kor_Hang,711,13,13
kor_Hang,711,14,13
kor_Hang,711,15,13
kor_Hang,711,16,13
kor_Hang,711,17,13
kor_Hang,711,18,13
kor_Hang,711,19,13
kor_Hang,711,20,13
kor_Hang,711,21,13
kor_Hang,711,22,13
kor_Hang,711,23,13
kor_Hang,711,24,11
kor_Hang,711,25,13
kor_Hang,711,26,19
kor_Hang,711,27,13
kor_Hang,711,28,13
kor_Hang,711,29,13
kor_Hang,711,30,13
kor_Hang,711,31,13
kor_Hang,711,32,13
kor_Hang,711,33,13
kor_Hang,711,34,47
kor_Hang,711,35,13
kor_Hang,711,36,13
kor_Hang,711,37,13
kor_Hang,711,38,34
kor_Hang,711,39,13
kor_Hang,711,40,13
kor_Hang,711,41,34
kor_Hang,712,0,60
kor_Hang,712,1,13
kor_Hang,712,2,13
kor_Hang,712,3,13
kor_Hang,712,4,13
kor_Hang,712,5,13
kor_Hang,712,6,13
kor_Hang,712,7,13
kor_Hang,712,8,13
kor_Hang,712,9,13
kor_Hang,712,10,13
kor_Hang,712,11,13
kor_Hang,712,12,13
kor_Hang,712,13,13
kor_Hang,712,14,13
kor_Hang,712,15,13
kor_Hang,712,16,13
kor_Hang,712,17,13
kor_Hang,712,18,19
kor_Hang,712,19,13
kor_Hang,712,20,13
kor_Hang,712,21,19
kor_Hang,712,22,47
kor_Hang,712,23,13
kor_Hang,712,24,13
kor_Hang,712,25,19
kor_Hang,712,26,19
kor_Hang,712,27,19
kor_Hang,712,28,13
kor_Hang,712,29,47
kor_Hang,712,30,13
kor_Hang,712,31,13
kor_Hang,712,32,13
kor_Hang,712,33,13
kor_Hang,712,34,13
kor_Hang,712,35,13
kor_Hang,712,36,13
kor_Hang,712,37,13
kor_Hang,712,38,13
kor_Hang,712,39,13
kor_Hang,712,40,13
kor_Hang,712,41,13
kor_Hang,712,42,13
kor_Hang,712,43,13
kor_Hang,712,44,13
kor_Hang,712,45,13
kor_Hang,712,46,13
kor_Hang,712,47,13
kor_Hang,712,48,13
kor_Hang,712,49,13
kor_Hang,712,50,13
kor_Hang,712,51,13
kor_Hang,712,52,13
kor_Hang,712,53,13
kor_Hang,712,54,13
kor_Hang,712,55,13
kor_Hang,712,56,13
kor_Hang,712,57,13
kor_Hang,712,58,13
kor_Hang,712,59,13
kor_Hang,712,60,19
kor_Hang,712,61,13
kor_Hang,712,62,34
kor_Hang,713,0,60
kor_Hang,713,1,13
kor_Hang,713,2,13
kor_Hang,713,3,13
kor_Hang,713,4,47
kor_Hang,713,5,13
kor_Hang,713,6,13
kor_Hang,713,7,13
kor_Hang,713,8,13
kor_Hang,713,9,19
kor_Hang,713,10,13
kor_Hang,713,11,13
kor_Hang,713,12,61
kor_Hang,713,13,13
kor_Hang,713,14,24
kor_Hang,713,15,52
kor_Hang,713,16,13
kor_Hang,713,17,13
kor_Hang,713,18,13
kor_Hang,713,19,13
kor_Hang,713,20,13
kor_Hang,713,21,13
kor_Hang,713,22,13
kor_Hang,713,23,13
kor_Hang,713,24,13
kor_Hang,713,25,13
kor_Hang,713,26,13
kor_Hang,713,27,13
kor_Hang,713,28,13
kor_Hang,713,29,47
kor_Hang,713,30,19
kor_Hang,713,31,13
kor_Hang,713,32,13
kor_Hang,713,33,13
kor_Hang,713,34,13
kor_Hang,713,35,13
kor_Hang,713,36,13
kor_Hang,713,37,13
kor_Hang,713,38,13
kor_Hang,713,39,13
kor_Hang,713,40,13
kor_Hang,713,41,13
kor_Hang,713,42,13
kor_Hang,713,43,13
kor_Hang,713,44,13
kor_Hang,713,45,13
kor_Hang,713,46,13
kor_Hang,713,47,19
kor_Hang,713,48,13
kor_Hang,713,49,34
kor_Hang,714,0,60
kor_Hang,714,1,13
kor_Hang,714,2,13
kor_Hang,714,3,13
kor_Hang,714,4,13
kor_Hang,714,5,13
kor_Hang,714,6,13
kor_Hang,714,7,47
kor_Hang,714,8,13
kor_Hang,714,9,13
kor_Hang,714,10,13
kor_Hang,714,11,13
kor_Hang,714,12,19
kor_Hang,714,13,13
kor_Hang,714,14,13
kor_Hang,714,15,13
kor_Hang,714,16,13
kor_Hang,714,17,13
kor_Hang,714,18,13
kor_Hang,714,19,13
kor_Hang,714,20,13
kor_Hang,714,21,13
kor_Hang,714,22,13
kor_Hang,714,23,13
kor_Hang,714,24,19
kor_Hang,714,25,13
kor_Hang,714,26,9
kor_Hang,714,27,42
kor_Hang,714,28,47
kor_Hang,714,29,39
kor_Hang,714,30,7
kor_Hang,714,31,12
kor_Hang,714,32,47
kor_Hang,714,33,40
kor_Hang,714,34,39
eng_Latn,715,0,60
eng_Latn,715,1,35
eng_Latn,715,2,4
eng_Latn,715,3,18
eng_Latn,715,4,63
eng_Latn,715,5,56
eng_Latn,715,6,52
eng_Latn,715,7,52
eng_Latn,715,8,21
eng_Latn,715,9,21
eng_Latn,715,10,4
eng_Latn,716,0,60
eng_Latn,716,1,9
eng_Latn,716,2,11
eng_Latn,716,3,27
eng_Latn,716,4,27
eng_Latn,716,5,27
eng_Latn,716,6,39
eng_Latn,716,7,11
eng_Latn,716,8,19
eng_Latn,716,9,27
eng_Latn,716,10,26
eng_Latn,716,11,39
eng_Latn,716,12,1
eng_Latn,716,13,9
eng_Latn,716,14,60
kor_Hang,717,0,60
kor_Hang,717,1,61
kor_Hang,717,2,13
kor_Hang,717,3,13
kor_Hang,717,4,13
kor_Hang,717,5,13
kor_Hang,717,6,13
kor_Hang,717,7,13
kor_Hang,717,8,13
kor_Hang,717,9,13
kor_Hang,717,10,13
kor_Hang,717,11,9
kor_Hang,717,12,13
kor_Hang,717,13,13
kor_Hang,717,14,13
kor_Hang,717,15,19
kor_Hang,717,16,13
kor_Hang,717,17,47
kor_Hang,717,18,47
kor_Hang,717,19,13
kor_Hang,717,20,13
kor_Hang,717,21,13
kor_Hang,717,22,13
kor_Hang,717,23,19
kor_Hang,717,24,13
kor_Hang,717,25,13
kor_Hang,717,26,13
kor_Hang,717,27,13
kor_Hang,717,28,13
kor_Hang,717,29,13
kor_Hang,717,30,13
kor_Hang,717,31,13
kor_Hang,717,32,13
kor_Hang,717,33,13
kor_Hang,717,34,13
kor_Hang,717,35,13
kor_Hang,717,36,13
kor_Hang,717,37,19
kor_Hang,717,38,13
kor_Hang,717,39,13
kor_Hang,717,40,13
kor_Hang,717,41,61
kor_Hang,717,42,13
kor_Hang,717,43,13
kor_Hang,717,44,13
kor_Hang,717,45,13
kor_Hang,717,46,13
kor_Hang,717,47,13
kor_Hang,717,48,13
kor_Hang,717,49,13
kor_Hang,717,50,13
kor_Hang,717,51,13
kor_Hang,717,52,19
kor_Hang,717,53,34
kor_Hang,717,54,34
kor_Hang,718,0,60
kor_Hang,718,1,13
kor_Hang,718,2,13
kor_Hang,718,3,19
kor_Hang,718,4,13
kor_Hang,718,5,13
kor_Hang,718,6,13
kor_Hang,718,7,13
kor_Hang,718,8,24
kor_Hang,718,9,13
kor_Hang,718,10,13
kor_Hang,718,11,13
kor_Hang,718,12,19
kor_Hang,718,13,13
kor_Hang,718,14,12
kor_Hang,718,15,13
kor_Hang,718,16,13
kor_Hang,718,17,13
kor_Hang,718,18,11
kor_Hang,718,19,13
kor_Hang,718,20,13
kor_Hang,718,21,13
kor_Hang,718,22,13
kor_Hang,718,23,34
kor_Hang,718,24,13
kor_Hang,718,25,13
kor_Hang,718,26,13
kor_Hang,718,27,13
kor_Hang,718,28,13
kor_Hang,718,29,13
kor_Hang,718,30,13
kor_Hang,718,31,13
kor_Hang,718,32,13
kor_Hang,718,33,19
kor_Hang,718,34,34
kor_Hang,718,35,13
kor_Hang,718,36,13
kor_Hang,718,37,13
kor_Hang,718,38,19
kor_Hang,718,39,47
kor_Hang,718,40,34
kor_Hang,719,0,60
kor_Hang,719,1,13
kor_Hang,719,2,13
kor_Hang,719,3,19
kor_Hang,719,4,13
kor_Hang,719,5,13
kor_Hang,719,6,13
kor_Hang,719,7,13
kor_Hang,719,8,47
kor_Hang,719,9,13
kor_Hang,719,10,13
kor_Hang,719,11,13
kor_Hang,719,12,13
kor_Hang,719,13,13
kor_Hang,719,14,13
kor_Hang,719,15,47
kor_Hang,719,16,47
kor_Hang,719,17,13
kor_Hang,719,18,13
kor_Hang,719,19,13
kor_Hang,719,20,24
kor_Hang,719,21,52
eng_Latn,720,0,60
eng_Latn,720,1,18
eng_Latn,720,2,18
eng_Latn,720,3,34
eng_Latn,720,4,48
eng_Latn,720,5,56
eng_Latn,720,6,37
eng_Latn,720,7,16
eng_Latn,720,8,51
kor_Hang,721,0,60
kor_Hang,721,1,13
kor_Hang,721,2,13
kor_Hang,721,3,19
kor_Hang,721,4,13
kor_Hang,721,5,13
kor_Hang,721,6,13
kor_Hang,721,7,13
kor_Hang,721,8,13
kor_Hang,721,9,47
kor_Hang,721,10,13
kor_Hang,721,11,6
kor_Hang,721,12,13
kor_Hang,721,13,13
kor_Hang,721,14,13
kor_Hang,721,15,13
kor_Hang,721,16,13
kor_Hang,721,17,61
kor_Hang,721,18,26
kor_Hang,721,19,27
kor_Hang,721,20,13
kor_Hang,721,21,13
kor_Hang,721,22,61
kor_Hang,721,23,19
kor_Hang,721,24,13
kor_Hang,721,25,13
kor_Hang,721,26,26
kor_Hang,721,27,27
kor_Hang,721,28,13
kor_Hang,721,29,13
kor_Hang,721,30,13
kor_Hang,721,31,52
kor_Hang,721,32,13
kor_Hang,721,33,1
kor_Hang,721,34,52
kor_Hang,721,35,12
kor_Hang,721,36,13
kor_Hang,721,37,13
kor_Hang,721,38,13
kor_Hang,721,39,19
kor_Hang,721,40,13
kor_Hang,721,41,19
kor_Hang,721,42,13
kor_Hang,721,43,13
kor_Hang,721,44,12
kor_Hang,721,45,52
kor_Hang,722,0,60
kor_Hang,722,1,13
kor_Hang,722,2,13
kor_Hang,722,3,13
kor_Hang,722,4,47
kor_Hang,722,5,13
kor_Hang,722,6,13
kor_Hang,722,7,19
kor_Hang,722,8,13
kor_Hang,722,9,13
kor_Hang,722,10,13
kor_Hang,722,11,13
kor_Hang,722,12,11
kor_Hang,722,13,13
kor_Hang,722,14,13
kor_Hang,722,15,13
kor_Hang,722,16,13
kor_Hang,722,17,47
kor_Hang,722,18,13
kor_Hang,722,19,19
kor_Hang,722,20,19
kor_Hang,722,21,13
kor_Hang,722,22,19
kor_Hang,722,23,13
kor_Hang,722,24,40
kor_Hang,722,25,24
kor_Hang,722,26,52
eng_Latn,723,0,60
eng_Latn,723,1,22
eng_Latn,723,2,22
eng_Latn,723,3,34
eng_Latn,723,4,34
kor_Hang,724,0,60
kor_Hang,724,1,19
kor_Hang,724,2,13
kor_Hang,724,3,47
kor_Hang,724,4,19
kor_Hang,724,5,13
kor_Hang,724,6,13
kor_Hang,724,7,13
kor_Hang,724,8,13
kor_Hang,724,9,13
kor_Hang,724,10,13
kor_Hang,724,11,13
kor_Hang,724,12,13
kor_Hang,724,13,13
kor_Hang,724,14,13
kor_Hang,724,15,13
kor_Hang,724,16,13
kor_Hang,724,17,13
kor_Hang,724,18,13
kor_Hang,724,19,13
kor_Hang,724,20,13
kor_Hang,724,21,13
kor_Hang,724,22,19
kor_Hang,724,23,13
kor_Hang,724,24,13
kor_Hang,724,25,13
kor_Hang,724,26,47
kor_Hang,724,27,13
kor_Hang,724,28,13
kor_Hang,724,29,13
kor_Hang,724,30,13
kor_Hang,724,31,13
kor_Hang,724,32,19
kor_Hang,724,33,13
kor_Hang,724,34,47
kor_Hang,724,35,19
kor_Hang,724,36,13
kor_Hang,724,37,13
kor_Hang,724,38,13
kor_Hang,724,39,47
kor_Hang,724,40,13
kor_Hang,724,41,13
kor_Hang,724,42,13
kor_Hang,724,43,13
kor_Hang,724,44,13
kor_Hang,724,45,13
kor_Hang,724,46,13
kor_Hang,724,47,13
kor_Hang,724,48,13
kor_Hang,724,49,34
kor_Hang,724,50,13
kor_Hang,724,51,13
kor_Hang,724,52,34
kor_Hang,725,0,60
kor_Hang,725,1,13
kor_Hang,725,2,39
kor_Hang,725,3,13
kor_Hang,725,4,13
kor_Hang,725,5,19
kor_Hang,725,6,13
kor_Hang,725,7,19
kor_Hang,725,8,13
kor_Hang,725,9,13
kor_Hang,725,10,13
kor_Hang,725,11,13
kor_Hang,725,12,13
kor_Hang,725,13,13
kor_Hang,725,14,13
kor_Hang,725,15,13
kor_Hang,725,16,19
kor_Hang,725,17,13
kor_Hang,725,18,13
kor_Hang,725,19,13
kor_Hang,725,20,13
kor_Hang,725,21,13
kor_Hang,725,22,13
kor_Hang,725,23,13
kor_Hang,725,24,52
kor_Hang,725,25,13
kor_Hang,725,26,47
kor_Hang,725,27,39
kor_Hang,725,28,13
kor_Hang,725,29,13
kor_Hang,725,30,13
kor_Hang,725,31,13
kor_Hang,725,32,61
kor_Hang,725,33,47
kor_Hang,725,34,13
kor_Hang,725,35,13
kor_Hang,725,36,47
kor_Hang,725,37,13
kor_Hang,725,38,34
kor_Hang,726,0,60
kor_Hang,726,1,13
kor_Hang,726,2,13
kor_Hang,726,3,13
kor_Hang,726,4,39
kor_Hang,726,5,19
kor_Hang,726,6,19
kor_Hang,726,7,19
kor_Hang,726,8,13
kor_Hang,726,9,13
kor_Hang,726,10,47
kor_Hang,726,11,13
kor_Hang,726,12,12
kor_Hang,726,13,13
kor_Hang,726,14,13
kor_Hang,726,15,19
kor_Hang,726,16,13
kor_Hang,726,17,13
kor_Hang,726,18,13
kor_Hang,726,19,47
kor_Hang,726,20,47
kor_Hang,726,21,13
kor_Hang,726,22,47
kor_Hang,726,23,47
kor_Hang,726,24,19
kor_Hang,726,25,13
kor_Hang,726,26,13
kor_Hang,726,27,13
kor_Hang,726,28,13
kor_Hang,726,29,13
kor_Hang,726,30,13
kor_Hang,726,31,13
kor_Hang,726,32,13
kor_Hang,726,33,19
kor_Hang,726,34,13
kor_Hang,726,35,13
kor_Hang,726,36,13
kor_Hang,726,37,13
kor_Hang,726,38,13
kor_Hang,726,39,13
kor_Hang,726,40,13
kor_Hang,726,41,13
kor_Hang,726,42,13
kor_Hang,726,43,13
kor_Hang,726,44,19
kor_Hang,726,45,13
kor_Hang,726,46,13
kor_Hang,726,47,13
kor_Hang,726,48,13
kor_Hang,726,49,13
kor_Hang,726,50,24
kor_Hang,726,51,52
kor_Hang,727,0,60
kor_Hang,727,1,13
kor_Hang,727,2,13
kor_Hang,727,3,13
kor_Hang,727,4,13
kor_Hang,727,5,13
kor_Hang,727,6,13
kor_Hang,727,7,13
kor_Hang,727,8,13
kor_Hang,727,9,13
kor_Hang,727,10,13
kor_Hang,727,11,47
kor_Hang,727,12,61
kor_Hang,727,13,13
kor_Hang,727,14,13
kor_Hang,727,15,39
kor_Hang,727,16,13
kor_Hang,727,17,39
kor_Hang,727,18,13
kor_Hang,727,19,19
kor_Hang,727,20,13
kor_Hang,727,21,13
kor_Hang,727,22,13
kor_Hang,727,23,34
kor_Hang,728,0,60
kor_Hang,728,1,13
kor_Hang,728,2,19
kor_Hang,728,3,13
kor_Hang,728,4,13
kor_Hang,728,5,61
kor_Hang,728,6,13
kor_Hang,728,7,19
kor_Hang,728,8,13
kor_Hang,728,9,13
kor_Hang,728,10,13
kor_Hang,728,11,13
kor_Hang,728,12,19
kor_Hang,728,13,13
kor_Hang,728,14,47
kor_Hang,728,15,47
kor_Hang,728,16,13
kor_Hang,728,17,13
kor_Hang,728,18,13
kor_Hang,728,19,13
kor_Hang,728,20,13
kor_Hang,728,21,13
kor_Hang,728,22,13
kor_Hang,728,23,13
kor_Hang,728,24,13
kor_Hang,728,25,19
kor_Hang,728,26,13
kor_Hang,728,27,13
kor_Hang,728,28,47
kor_Hang,728,29,13
kor_Hang,728,30,13
kor_Hang,728,31,47
kor_Hang,728,32,19
kor_Hang,728,33,13
kor_Hang,728,34,19
kor_Hang,728,35,13
kor_Hang,728,36,13
kor_Hang,728,37,13
kor_Hang,728,38,13
kor_Hang,728,39,13
kor_Hang,728,40,13
kor_Hang,728,41,13
kor_Hang,728,42,13
kor_Hang,728,43,13
kor_Hang,728,44,13
kor_Hang,728,45,13
kor_Hang,729,0,60
kor_Hang,729,1,24
kor_Hang,729,2,19
kor_Hang,729,3,13
kor_Hang,729,4,13
kor_Hang,729,5,13
kor_Hang,729,6,13
kor_Hang,729,7,13
kor_Hang,729,8,13
kor_Hang,729,9,13
kor_Hang,729,10,13
kor_Hang,729,11,13
kor_Hang,729,12,13
kor_Hang,729,13,47
kor_Hang,729,14,19
kor_Hang,729,15,13
kor_Hang,729,16,9
kor_Hang,729,17,13
kor_Hang,729,18,19
kor_Hang,729,19,13
kor_Hang,729,20,13
kor_Hang,729,21,13
kor_Hang,729,22,13
kor_Hang,729,23,13
kor_Hang,729,24,13
kor_Hang,729,25,13
kor_Hang,729,26,13
kor_Hang,729,27,13
kor_Hang,729,28,13
kor_Hang,729,29,47
kor_Hang,729,30,13
kor_Hang,729,31,12
kor_Hang,729,32,52
kor_Hang,729,33,12
kor_Hang,729,34,13
kor_Hang,729,35,13
kor_Hang,729,36,13
kor_Hang,729,37,13
kor_Hang,729,38,27
kor_Hang,729,39,13
kor_Hang,729,40,13
kor_Hang,729,41,13
kor_Hang,729,42,13
kor_Hang,729,43,13
kor_Hang,729,44,47
kor_Hang,729,45,13
kor_Hang,729,46,13
kor_Hang,729,47,13
kor_Hang,729,48,13
kor_Hang,729,49,34
kor_Hang,729,50,12
kor_Hang,729,51,52
kor_Hang,729,52,13
kor_Hang,729,53,13
kor_Hang,729,54,13
kor_Hang,729,55,12
kor_Hang,729,56,13
kor_Hang,729,57,13
kor_Hang,729,58,13
kor_Hang,729,59,13
kor_Hang,729,60,47
kor_Hang,729,61,13
kor_Hang,729,62,13
kor_Hang,729,63,13
kor_Hang,729,64,12
kor_Hang,729,65,13
kor_Hang,729,66,13
kor_Hang,729,67,19
kor_Hang,729,68,13
kor_Hang,729,69,13
kor_Hang,729,70,13
kor_Hang,729,71,12
kor_Hang,729,72,52
kor_Hang,730,0,60
kor_Hang,730,1,61
kor_Hang,730,2,13
kor_Hang,730,3,47
kor_Hang,730,4,13
kor_Hang,730,5,13
kor_Hang,730,6,19
kor_Hang,730,7,13
kor_Hang,730,8,13
kor_Hang,730,9,13
kor_Hang,730,10,13
kor_Hang,730,11,13
kor_Hang,730,12,13
kor_Hang,730,13,19
kor_Hang,730,14,34
kor_Hang,730,15,13
kor_Hang,730,16,13
kor_Hang,730,17,13
kor_Hang,730,18,13
kor_Hang,730,19,19
kor_Hang,730,20,13
kor_Hang,730,21,13
kor_Hang,730,22,47
kor_Hang,730,23,13
kor_Hang,730,24,13
kor_Hang,730,25,19
kor_Hang,730,26,13
kor_Hang,730,27,47
kor_Hang,730,28,13
kor_Hang,730,29,13
kor_Hang,730,30,13
kor_Hang,730,31,13
kor_Hang,730,32,13
kor_Hang,730,33,13
kor_Hang,730,34,13
kor_Hang,730,35,1
kor_Hang,730,36,13
kor_Hang,730,37,13
kor_Hang,730,38,13
kor_Hang,730,39,19
kor_Hang,730,40,39
kor_Hang,730,41,13
kor_Hang,730,42,13
kor_Hang,730,43,13
kor_Hang,730,44,47
kor_Hang,730,45,13
kor_Hang,730,46,19
kor_Hang,730,47,13
kor_Hang,730,48,13
kor_Hang,730,49,19
kor_Hang,730,50,13
kor_Hang,730,51,19
kor_Hang,730,52,13
kor_Hang,730,53,13
kor_Hang,730,54,13
kor_Hang,730,55,13
kor_Hang,730,56,61
kor_Hang,730,57,13
kor_Hang,730,58,47
kor_Hang,730,59,13
kor_Hang,730,60,13
kor_Hang,730,61,13
kor_Hang,730,62,13
kor_Hang,730,63,34
kor_Hang,731,0,60
kor_Hang,731,1,13
kor_Hang,731,2,13
kor_Hang,731,3,13
kor_Hang,731,4,19
kor_Hang,731,5,13
kor_Hang,731,6,13
kor_Hang,731,7,47
kor_Hang,731,8,13
kor_Hang,731,9,11
kor_Hang,731,10,13
kor_Hang,731,11,13
kor_Hang,731,12,13
kor_Hang,731,13,13
kor_Hang,731,14,13
kor_Hang,731,15,13
kor_Hang,731,16,13
kor_Hang,731,17,13
kor_Hang,731,18,13
kor_Hang,731,19,13
kor_Hang,731,20,19
kor_Hang,731,21,13
kor_Hang,731,22,13
kor_Hang,731,23,47
kor_Hang,731,24,13
kor_Hang,731,25,13
kor_Hang,731,26,52
kor_Hang,731,27,52
kor_Hang,731,28,52
kor_Hang,731,29,52
kor_Hang,731,30,61
kor_Hang,731,31,34
kor_Hang,731,32,13
kor_Hang,731,33,13
kor_Hang,731,34,34
kor_Hang,732,0,60
kor_Hang,732,1,13
kor_Hang,732,2,13
kor_Hang,732,3,13
kor_Hang,732,4,13
kor_Hang,732,5,13
kor_Hang,732,6,47
kor_Hang,732,7,13
kor_Hang,732,8,13
kor_Hang,732,9,13
kor_Hang,732,10,13
kor_Hang,732,11,13
kor_Hang,732,12,13
kor_Hang,732,13,13
kor_Hang,732,14,13
kor_Hang,732,15,13
kor_Hang,732,16,13
kor_Hang,732,17,13
kor_Hang,732,18,13
kor_Hang,732,19,13
kor_Hang,732,20,13
kor_Hang,732,21,13
kor_Hang,732,22,13
kor_Hang,732,23,34
kor_Hang,732,24,13
kor_Hang,732,25,34
kor_Hang,732,26,13
kor_Hang,732,27,13
kor_Hang,732,28,13
kor_Hang,732,29,13
kor_Hang,732,30,13
kor_Hang,732,31,47
kor_Hang,732,32,13
kor_Hang,732,33,13
kor_Hang,732,34,19
kor_Hang,732,35,13
kor_Hang,732,36,13
kor_Hang,732,37,13
kor_Hang,732,38,19
kor_Hang,732,39,13
kor_Hang,732,40,13
kor_Hang,732,41,13
kor_Hang,732,42,13
kor_Hang,732,43,13
kor_Hang,732,44,13
kor_Hang,732,45,13
kor_Hang,732,46,13
kor_Hang,732,47,13
kor_Hang,732,48,13
kor_Hang,732,49,13
kor_Hang,732,50,13
kor_Hang,732,51,13
kor_Hang,732,52,13
kor_Hang,732,53,19
kor_Hang,732,54,13
kor_Hang,732,55,13
kor_Hang,732,56,34
kor_Hang,732,57,13
kor_Hang,732,58,34
kor_Hang,733,0,60
kor_Hang,733,1,13
kor_Hang,733,2,13
kor_Hang,733,3,19
kor_Hang,733,4,13
kor_Hang,733,5,13
kor_Hang,733,6,19
kor_Hang,733,7,39
kor_Hang,733,8,13
kor_Hang,733,9,13
kor_Hang,733,10,13
kor_Hang,733,11,13
kor_Hang,733,12,13
kor_Hang,733,13,13
kor_Hang,733,14,13
kor_Hang,733,15,13
kor_Hang,733,16,13
kor_Hang,733,17,13
kor_Hang,733,18,13
kor_Hang,733,19,47
kor_Hang,733,20,19
kor_Hang,733,21,13
kor_Hang,733,22,13
kor_Hang,733,23,13
kor_Hang,733,24,34
kor_Hang,733,25,24
kor_Hang,733,26,19
kor_Hang,733,27,13
kor_Hang,733,28,13
kor_Hang,733,29,13
kor_Hang,733,30,13
kor_Hang,733,31,13
kor_Hang,733,32,19
kor_Hang,733,33,13
kor_Hang,733,34,19
kor_Hang,733,35,13
kor_Hang,733,36,13
kor_Hang,733,37,19
kor_Hang,733,38,19
kor_Hang,733,39,13
kor_Hang,733,40,13
kor_Hang,733,41,19
kor_Hang,733,42,13
kor_Hang,733,43,13
kor_Hang,733,44,13
kor_Hang,733,45,13
kor_Hang,733,46,13
kor_Hang,733,47,13
kor_Hang,733,48,13
kor_Hang,734,0,60
kor_Hang,734,1,13
kor_Hang,734,2,47
kor_Hang,734,3,13
kor_Hang,734,4,13
kor_Hang,734,5,13
kor_Hang,734,6,13
kor_Hang,734,7,13
kor_Hang,734,8,13
kor_Hang,734,9,13
kor_Hang,734,10,19
kor_Hang,734,11,13
kor_Hang,734,12,13
kor_Hang,734,13,13
kor_Hang,734,14,13
kor_Hang,734,15,19
kor_Hang,734,16,13
kor_Hang,734,17,13
kor_Hang,734,18,13
kor_Hang,734,19,13
kor_Hang,734,20,13
kor_Hang,734,21,13
kor_Hang,734,22,13
kor_Hang,734,23,13
kor_Hang,734,24,47
kor_Hang,734,25,13
kor_Hang,734,26,13
kor_Hang,734,27,13
kor_Hang,734,28,13
kor_Hang,734,29,13
kor_Hang,734,30,13
kor_Hang,734,31,13
kor_Hang,734,32,19
kor_Hang,734,33,13
kor_Hang,734,34,13
kor_Hang,734,35,13
kor_Hang,734,36,34
kor_Hang,735,0,60
kor_Hang,735,1,13
kor_Hang,735,2,13
kor_Hang,735,3,13
kor_Hang,735,4,13
kor_Hang,735,5,19
kor_Hang,735,6,13
kor_Hang,735,7,6
kor_Hang,735,8,13
kor_Hang,735,9,47
kor_Hang,735,10,13
kor_Hang,735,11,13
kor_Hang,735,12,13
kor_Hang,735,13,13
kor_Hang,735,14,13
kor_Hang,735,15,13
kor_Hang,735,16,13
kor_Hang,735,17,13
kor_Hang,735,18,13
kor_Hang,735,19,13
kor_Hang,735,20,13
kor_Hang,735,21,13
kor_Hang,735,22,13
kor_Hang,735,23,13
kor_Hang,735,24,13
kor_Hang,735,25,13
kor_Hang,735,26,13
kor_Hang,735,27,47
kor_Hang,735,28,13
kor_Hang,735,29,13
kor_Hang,735,30,13
kor_Hang,735,31,13
kor_Hang,735,32,13
kor_Hang,735,33,13
kor_Hang,735,34,13
kor_Hang,735,35,13
kor_Hang,735,36,52
kor_Hang,735,37,52
kor_Hang,735,38,52
kor_Hang,735,39,13
kor_Hang,735,40,13
kor_Hang,735,41,13
kor_Hang,735,42,13
kor_Hang,735,43,13
kor_Hang,735,44,13
kor_Hang,735,45,13
kor_Hang,735,46,13
kor_Hang,735,47,13
kor_Hang,735,48,13
kor_Hang,735,49,19
kor_Hang,735,50,13
kor_Hang,735,51,13
kor_Hang,735,52,13
kor_Hang,735,53,13
kor_Hang,735,54,13
kor_Hang,735,55,13
kor_Hang,735,56,13
kor_Hang,735,57,13
kor_Hang,735,58,13
kor_Hang,735,59,13
kor_Hang,735,60,19
kor_Hang,735,61,13
kor_Hang,735,62,34
kor_Hang,736,0,60
kor_Hang,736,1,13
kor_Hang,736,2,19
kor_Hang,736,3,13
kor_Hang,736,4,13
kor_Hang,736,5,13
kor_Hang,736,6,13
kor_Hang,736,7,13
kor_Hang,736,8,13
kor_Hang,736,9,13
kor_Hang,736,10,13
kor_Hang,736,11,13
kor_Hang,736,12,13
kor_Hang,736,13,13
kor_Hang,736,14,13
kor_Hang,736,15,13
kor_Hang,736,16,13
kor_Hang,736,17,13
kor_Hang,736,18,13
kor_Hang,736,19,13
kor_Hang,736,20,13
kor_Hang,736,21,13
kor_Hang,736,22,13
kor_Hang,736,23,13
kor_Hang,736,24,13
kor_Hang,736,25,13
kor_Hang,736,26,13
kor_Hang,736,27,13
kor_Hang,736,28,13
kor_Hang,736,29,19
kor_Hang,736,30,13
kor_Hang,736,31,13
kor_Hang,736,32,13
kor_Hang,736,33,13
kor_Hang,736,34,34
kor_Hang,736,35,13
kor_Hang,736,36,13
kor_Hang,736,37,13
kor_Hang,736,38,13
kor_Hang,736,39,13
kor_Hang,736,40,13
kor_Hang,736,41,13
kor_Hang,736,42,13
kor_Hang,736,43,13
kor_Hang,736,44,13
kor_Hang,736,45,13
kor_Hang,736,46,13
kor_Hang,736,47,13
kor_Hang,736,48,13
kor_Hang,736,49,13
kor_Hang,736,50,13
kor_Hang,736,51,13
kor_Hang,736,52,13
kor_Hang,736,53,13
kor_Hang,736,54,13
kor_Hang,736,55,13
kor_Hang,736,56,13
kor_Hang,736,57,13
kor_Hang,736,58,13
kor_Hang,736,59,13
kor_Hang,736,60,13
kor_Hang,736,61,13
kor_Hang,736,62,13
kor_Hang,736,63,52
kor_Hang,736,64,13
kor_Hang,736,65,13
kor_Hang,736,66,27
kor_Hang,736,67,13
kor_Hang,736,68,13
kor_Hang,736,69,13
kor_Hang,736,70,34
kor_Hang,737,0,60
kor_Hang,737,1,13
kor_Hang,737,2,13
kor_Hang,737,3,13
kor_Hang,737,4,13
kor_Hang,737,5,13
kor_Hang,737,6,13
kor_Hang,737,7,13
kor_Hang,737,8,13
kor_Hang,737,9,13
kor_Hang,737,10,13
kor_Hang,737,11,13
kor_Hang,737,12,13
kor_Hang,737,13,13
kor_Hang,737,14,13
kor_Hang,737,15,13
kor_Hang,737,16,13
kor_Hang,737,17,13
kor_Hang,737,18,13
kor_Hang,737,19,13
kor_Hang,737,20,13
kor_Hang,737,21,13
kor_Hang,737,22,13
kor_Hang,737,23,13
kor_Hang,737,24,13
kor_Hang,737,25,13
kor_Hang,737,26,13
kor_Hang,737,27,13
kor_Hang,737,28,13
kor_Hang,737,29,47
kor_Hang,737,30,47
kor_Hang,737,31,13
kor_Hang,737,32,13
kor_Hang,737,33,13
kor_Hang,737,34,13
kor_Hang,737,35,13
kor_Hang,737,36,13
kor_Hang,737,37,51
kor_Hang,738,0,60
kor_Hang,738,1,13
kor_Hang,738,2,52
kor_Hang,738,3,52
kor_Hang,738,4,37
kor_Hang,738,5,52
kor_Hang,738,6,52
kor_Hang,738,7,52
kor_Hang,738,8,1
kor_Hang,738,9,52
kor_Hang,738,10,47
kor_Hang,738,11,13
kor_Hang,738,12,47
kor_Hang,738,13,19
kor_Hang,738,14,13
kor_Hang,738,15,13
kor_Hang,738,16,13
kor_Hang,738,17,13
kor_Hang,738,18,13
kor_Hang,738,19,13
kor_Hang,738,20,13
kor_Hang,738,21,13
kor_Hang,738,22,13
kor_Hang,738,23,13
kor_Hang,738,24,61
kor_Hang,738,25,47
kor_Hang,738,26,13
kor_Hang,738,27,13
kor_Hang,738,28,13
kor_Hang,738,29,13
kor_Hang,738,30,13
kor_Hang,738,31,13
kor_Hang,738,32,19
kor_Hang,738,33,13
kor_Hang,738,34,13
kor_Hang,738,35,13
kor_Hang,738,36,13
kor_Hang,738,37,13
kor_Hang,738,38,13
kor_Hang,738,39,13
kor_Hang,738,40,13
kor_Hang,738,41,13
kor_Hang,738,42,13
kor_Hang,738,43,13
kor_Hang,738,44,19
kor_Hang,738,45,13
kor_Hang,738,46,13
kor_Hang,738,47,13
kor_Hang,738,48,13
kor_Hang,738,49,19
kor_Hang,738,50,13
kor_Hang,738,51,13
kor_Hang,738,52,13
kor_Hang,738,53,39
kor_Hang,738,54,13
kor_Hang,738,55,19
kor_Hang,738,56,19
kor_Hang,738,57,13
kor_Hang,738,58,13
kor_Hang,738,59,13
kor_Hang,738,60,13
kor_Hang,738,61,13
kor_Hang,738,62,19
kor_Hang,738,63,34
kor_Hang,738,64,13
kor_Hang,738,65,13
kor_Hang,738,66,13
kor_Hang,738,67,13
kor_Hang,738,68,13
kor_Hang,738,69,13
kor_Hang,738,70,13
kor_Hang,738,71,13
kor_Hang,738,72,34
kor_Hang,738,73,13
kor_Hang,738,74,34
eng_Latn,739,0,60
eng_Latn,739,1,37
eng_Latn,739,2,37
eng_Latn,739,3,52
eng_Latn,739,4,37
kor_Hang,740,0,60
kor_Hang,740,1,13
kor_Hang,740,2,13
kor_Hang,740,3,19
kor_Hang,740,4,13
kor_Hang,740,5,13
kor_Hang,740,6,13
kor_Hang,740,7,13
kor_Hang,740,8,19
kor_Hang,740,9,13
kor_Hang,740,10,13
kor_Hang,740,11,19
kor_Hang,740,12,13
kor_Hang,740,13,13
kor_Hang,740,14,13
kor_Hang,740,15,39
eng_Latn,741,0,60
eng_Latn,741,1,12
eng_Latn,741,2,42
eng_Latn,741,3,22
eng_Latn,741,4,27
eng_Latn,741,5,49
eng_Latn,741,6,12
eng_Latn,741,7,22
eng_Latn,741,8,22
kor_Hang,742,0,60
kor_Hang,742,1,13
kor_Hang,742,2,13
kor_Hang,742,3,13
kor_Hang,742,4,52
kor_Hang,742,5,52
kor_Hang,742,6,52
kor_Hang,742,7,13
kor_Hang,742,8,13
kor_Hang,742,9,13
kor_Hang,742,10,13
kor_Hang,742,11,13
kor_Hang,742,12,13
kor_Hang,742,13,13
kor_Hang,742,14,13
kor_Hang,742,15,19
kor_Hang,742,16,13
kor_Hang,742,17,13
kor_Hang,742,18,19
kor_Hang,742,19,13
kor_Hang,742,20,13
kor_Hang,742,21,13
kor_Hang,742,22,13
kor_Hang,742,23,52
kor_Hang,742,24,13
kor_Hang,742,25,13
kor_Hang,742,26,52
kor_Hang,742,27,52
kor_Hang,742,28,13
kor_Hang,742,29,13
kor_Hang,742,30,13
kor_Hang,742,31,13
kor_Hang,742,32,19
kor_Hang,742,33,13
kor_Hang,742,34,13
kor_Hang,742,35,47
kor_Hang,742,36,13
kor_Hang,742,37,19
kor_Hang,742,38,13
kor_Hang,742,39,13
kor_Hang,742,40,13
kor_Hang,742,41,13
kor_Hang,742,42,13
kor_Hang,742,43,13
kor_Hang,742,44,47
kor_Hang,742,45,13
kor_Hang,742,46,13
kor_Hang,742,47,13
kor_Hang,742,48,19
kor_Hang,742,49,13
kor_Hang,742,50,13
kor_Hang,742,51,19
kor_Hang,742,52,13
kor_Hang,742,53,1
kor_Hang,742,54,13
kor_Hang,742,55,13
kor_Hang,742,56,13
kor_Hang,742,57,13
kor_Hang,742,58,13
kor_Hang,742,59,13
kor_Hang,742,60,34
kor_Hang,742,61,13
kor_Hang,742,62,34
kor_Hang,743,0,60
kor_Hang,743,1,13
kor_Hang,743,2,13
kor_Hang,743,3,13
kor_Hang,743,4,13
kor_Hang,743,5,13
kor_Hang,743,6,13
kor_Hang,743,7,13
kor_Hang,743,8,47
kor_Hang,743,9,13
kor_Hang,743,10,19
kor_Hang,743,11,13
kor_Hang,743,12,13
kor_Hang,743,13,47
kor_Hang,743,14,13
kor_Hang,743,15,24
kor_Hang,743,16,13
kor_Hang,743,17,47
kor_Hang,743,18,13
kor_Hang,743,19,47
kor_Hang,743,20,27
kor_Hang,743,21,39
kor_Hang,743,22,27
kor_Hang,743,23,13
kor_Hang,743,24,13
kor_Hang,743,25,13
kor_Hang,743,26,13
kor_Hang,743,27,19
kor_Hang,743,28,13
kor_Hang,743,29,9
kor_Hang,743,30,13
kor_Hang,743,31,13
kor_Hang,743,32,13
kor_Hang,743,33,13
kor_Hang,743,34,13
kor_Hang,743,35,13
kor_Hang,743,36,13
kor_Hang,743,37,52
kor_Hang,743,38,13
kor_Hang,743,39,13
kor_Hang,743,40,13
kor_Hang,743,41,13
kor_Hang,743,42,52
kor_Hang,743,43,52
kor_Hang,743,44,52
kor_Hang,743,45,13
kor_Hang,743,46,52
kor_Hang,743,47,52
kor_Hang,743,48,13
kor_Hang,743,49,13
kor_Hang,743,50,13
kor_Hang,743,51,13
kor_Hang,743,52,13
kor_Hang,743,53,13
kor_Hang,743,54,13
kor_Hang,743,55,13
kor_Hang,743,56,13
kor_Hang,743,57,13
kor_Hang,743,58,13
kor_Hang,743,59,13
kor_Hang,743,60,24
kor_Hang,743,61,13
kor_Hang,743,62,13
kor_Hang,743,63,13
kor_Hang,743,64,19
kor_Hang,743,65,13
kor_Hang,743,66,13
kor_Hang,743,67,13
kor_Hang,743,68,19
kor_Hang,743,69,13
kor_Hang,743,70,13
kor_Hang,743,71,13
kor_Hang,743,72,13
kor_Hang,743,73,13
kor_Hang,744,0,60
kor_Hang,744,1,13
kor_Hang,744,2,13
kor_Hang,744,3,13
kor_Hang,744,4,19
kor_Hang,744,5,13
kor_Hang,744,6,13
kor_Hang,744,7,13
kor_Hang,744,8,13
kor_Hang,744,9,13
kor_Hang,744,10,13
kor_Hang,744,11,13
kor_Hang,744,12,13
kor_Hang,744,13,13
kor_Hang,744,14,13
kor_Hang,744,15,13
kor_Hang,744,16,47
kor_Hang,744,17,13
kor_Hang,744,18,19
kor_Hang,744,19,13
kor_Hang,744,20,13
kor_Hang,744,21,13
kor_Hang,744,22,34
kor_Hang,745,0,60
kor_Hang,745,1,19
kor_Hang,745,2,13
kor_Hang,745,3,13
kor_Hang,745,4,19
kor_Hang,745,5,13
kor_Hang,745,6,13
kor_Hang,745,7,13
kor_Hang,745,8,13
kor_Hang,745,9,13
kor_Hang,745,10,47
kor_Hang,745,11,19
kor_Hang,745,12,13
kor_Hang,745,13,13
kor_Hang,745,14,13
kor_Hang,745,15,19
kor_Hang,745,16,13
kor_Hang,745,17,13
kor_Hang,745,18,13
kor_Hang,745,19,13
kor_Hang,745,20,13
kor_Hang,745,21,13
kor_Hang,745,22,13
kor_Hang,745,23,13
kor_Hang,745,24,13
kor_Hang,745,25,13
kor_Hang,745,26,13
kor_Hang,745,27,13
kor_Hang,745,28,13
kor_Hang,745,29,19
kor_Hang,745,30,13
kor_Hang,745,31,47
kor_Hang,745,32,19
kor_Hang,745,33,13
kor_Hang,745,34,19
kor_Hang,745,35,13
kor_Hang,745,36,13
kor_Hang,745,37,13
kor_Hang,745,38,13
kor_Hang,745,39,13
kor_Hang,745,40,13
kor_Hang,745,41,13
kor_Hang,745,42,34
kor_Hang,745,43,13
kor_Hang,745,44,13
kor_Hang,745,45,34
kor_Hang,745,46,13
kor_Hang,745,47,13
kor_Hang,745,48,34
kor_Hang,745,49,19
kor_Hang,745,50,13
kor_Hang,745,51,34
kor_Hang,746,0,60
kor_Hang,746,1,6
kor_Hang,746,2,11
kor_Hang,746,3,52
eng_Latn,747,0,60
eng_Latn,747,1,9
eng_Latn,747,2,22
eng_Latn,747,3,12
eng_Latn,747,4,40
eng_Latn,747,5,47
eng_Latn,747,6,9
eng_Latn,747,7,60
eng_Latn,747,8,12
eng_Latn,747,9,9
eng_Latn,747,10,60
kor_Hang,748,0,60
kor_Hang,748,1,19
kor_Hang,748,2,13
kor_Hang,748,3,13
kor_Hang,748,4,13
kor_Hang,748,5,13
kor_Hang,748,6,13
kor_Hang,748,7,13
kor_Hang,748,8,13
kor_Hang,748,9,13
kor_Hang,748,10,13
kor_Hang,748,11,13
kor_Hang,748,12,13
kor_Hang,748,13,19
kor_Hang,748,14,13
kor_Hang,748,15,47
kor_Hang,748,16,13
kor_Hang,748,17,13
kor_Hang,748,18,13
kor_Hang,748,19,13
kor_Hang,748,20,13
kor_Hang,748,21,13
kor_Hang,748,22,13
kor_Hang,748,23,13
kor_Hang,748,24,13
kor_Hang,748,25,19
kor_Hang,748,26,13
kor_Hang,748,27,13
kor_Hang,748,28,13
kor_Hang,748,29,13
kor_Hang,748,30,13
kor_Hang,748,31,13
kor_Hang,748,32,54
kor_Hang,748,33,13
kor_Hang,748,34,13
kor_Hang,748,35,13
kor_Hang,748,36,13
kor_Hang,748,37,13
kor_Hang,748,38,13
kor_Hang,748,39,13
kor_Hang,748,40,13
kor_Hang,748,41,13
kor_Hang,748,42,13
kor_Hang,748,43,13
kor_Hang,748,44,13
kor_Hang,748,45,13
kor_Hang,748,46,13
kor_Hang,748,47,13
kor_Hang,748,48,13
kor_Hang,748,49,13
kor_Hang,748,50,13
kor_Hang,748,51,34
kor_Hang,748,52,13
kor_Hang,748,53,13
kor_Hang,748,54,13
kor_Hang,748,55,13
kor_Hang,748,56,13
kor_Hang,748,57,13
kor_Hang,748,58,13
kor_Hang,748,59,13
kor_Hang,748,60,13
kor_Hang,748,61,13
kor_Hang,748,62,13
kor_Hang,748,63,34
kor_Hang,748,64,34
kor_Hang,749,0,60
kor_Hang,749,1,13
kor_Hang,749,2,13
kor_Hang,749,3,13
kor_Hang,749,4,13
kor_Hang,749,5,13
kor_Hang,749,6,19
kor_Hang,749,7,13
kor_Hang,749,8,13
kor_Hang,749,9,47
kor_Hang,749,10,13
kor_Hang,749,11,13
kor_Hang,749,12,19
kor_Hang,749,13,13
kor_Hang,749,14,13
kor_Hang,749,15,47
kor_Hang,749,16,13
kor_Hang,749,17,13
kor_Hang,749,18,13
kor_Hang,749,19,13
kor_Hang,749,20,13
kor_Hang,749,21,13
kor_Hang,749,22,13
kor_Hang,749,23,34
kor_Hang,750,0,60
kor_Hang,750,1,13
kor_Hang,750,2,13
kor_Hang,750,3,36
kor_Hang,750,4,13
kor_Hang,750,5,13
kor_Hang,750,6,13
kor_Hang,750,7,13
kor_Hang,750,8,47
kor_Hang,750,9,13
kor_Hang,750,10,13
kor_Hang,750,11,13
kor_Hang,750,12,13
kor_Hang,750,13,13
kor_Hang,750,14,52
kor_Hang,750,15,52
kor_Hang,750,16,13
kor_Hang,750,17,13
kor_Hang,750,18,13
kor_Hang,750,19,13
kor_Hang,750,20,47
kor_Hang,750,21,19
kor_Hang,750,22,13
kor_Hang,750,23,13
kor_Hang,750,24,19
kor_Hang,750,25,13
kor_Hang,750,26,13
kor_Hang,750,27,13
kor_Hang,750,28,13
kor_Hang,750,29,13
kor_Hang,750,30,13
kor_Hang,750,31,13
kor_Hang,750,32,13
kor_Hang,750,33,13
kor_Hang,750,34,13
kor_Hang,750,35,13
kor_Hang,750,36,13
kor_Hang,750,37,13
kor_Hang,750,38,13
kor_Hang,750,39,13
kor_Hang,750,40,13
kor_Hang,750,41,13
kor_Hang,750,42,13
kor_Hang,750,43,13
kor_Hang,750,44,13
kor_Hang,750,45,13
kor_Hang,750,46,13
kor_Hang,750,47,13
kor_Hang,750,48,13
kor_Hang,750,49,13
kor_Hang,750,50,13
kor_Hang,750,51,13
kor_Hang,750,52,13
kor_Hang,750,53,13
kor_Hang,750,54,13
kor_Hang,750,55,13
kor_Hang,750,56,13
kor_Hang,750,57,13
kor_Hang,750,58,13
kor_Hang,750,59,13
kor_Hang,750,60,13
kor_Hang,750,61,13
kor_Hang,750,62,13
kor_Hang,750,63,13
kor_Hang,750,64,13
kor_Hang,750,65,13
kor_Hang,750,66,13
kor_Hang,750,67,13
kor_Hang,750,68,13
kor_Hang,750,69,34
kor_Hang,750,70,34
eng_Latn,751,0,60
eng_Latn,751,1,22
eng_Latn,751,2,22
eng_Latn,751,3,12
eng_Latn,751,4,29
eng_Latn,751,5,22
kor_Hang,752,0,60
kor_Hang,752,1,13
kor_Hang,752,2,13
kor_Hang,752,3,13
kor_Hang,752,4,13
kor_Hang,752,5,13
kor_Hang,752,6,13
kor_Hang,752,7,13
kor_Hang,752,8,19
kor_Hang,752,9,13
kor_Hang,752,10,13
kor_Hang,752,11,13
kor_Hang,752,12,13
kor_Hang,752,13,13
kor_Hang,752,14,13
kor_Hang,752,15,13
kor_Hang,752,16,13
kor_Hang,752,17,13
kor_Hang,752,18,13
kor_Hang,752,19,13
kor_Hang,752,20,13
kor_Hang,752,21,13
kor_Hang,752,22,13
kor_Hang,752,23,13
kor_Hang,752,24,13
kor_Hang,752,25,13
kor_Hang,752,26,13
kor_Hang,752,27,13
kor_Hang,752,28,13
kor_Hang,752,29,13
kor_Hang,752,30,13
kor_Hang,752,31,13
kor_Hang,752,32,13
kor_Hang,752,33,13
kor_Hang,752,34,13
kor_Hang,752,35,51
kor_Hang,752,36,51
kor_Hang,752,37,13
kor_Hang,752,38,13
kor_Hang,752,39,13
kor_Hang,752,40,13
kor_Hang,752,41,19
kor_Hang,752,42,13
kor_Hang,752,43,13
kor_Hang,752,44,13
kor_Hang,753,0,60
kor_Hang,753,1,13
kor_Hang,753,2,13
kor_Hang,753,3,13
kor_Hang,753,4,13
kor_Hang,753,5,13
kor_Hang,753,6,13
kor_Hang,753,7,13
kor_Hang,753,8,13
kor_Hang,753,9,13
kor_Hang,753,10,13
kor_Hang,753,11,13
kor_Hang,753,12,13
kor_Hang,753,13,13
kor_Hang,753,14,13
kor_Hang,753,15,13
kor_Hang,753,16,13
kor_Hang,753,17,13
kor_Hang,753,18,13
kor_Hang,753,19,47
kor_Hang,753,20,13
kor_Hang,753,21,13
kor_Hang,753,22,13
kor_Hang,753,23,13
kor_Hang,753,24,19
kor_Hang,753,25,13
kor_Hang,753,26,47
kor_Hang,753,27,13
kor_Hang,753,28,13
kor_Hang,753,29,13
kor_Hang,753,30,13
kor_Hang,753,31,13
kor_Hang,753,32,13
kor_Hang,753,33,19
kor_Hang,753,34,13
kor_Hang,753,35,34
kor_Hang,754,0,60
kor_Hang,754,1,13
kor_Hang,754,2,47
kor_Hang,754,3,13
kor_Hang,754,4,13
kor_Hang,754,5,13
kor_Hang,754,6,13
kor_Hang,754,7,13
kor_Hang,754,8,61
kor_Hang,754,9,19
kor_Hang,754,10,13
kor_Hang,754,11,13
kor_Hang,754,12,47
kor_Hang,754,13,47
kor_Hang,754,14,13
kor_Hang,754,15,61
kor_Hang,754,16,13
kor_Hang,754,17,13
kor_Hang,754,18,13
kor_Hang,754,19,13
kor_Hang,754,20,19
kor_Hang,754,21,19
kor_Hang,754,22,19
kor_Hang,754,23,13
kor_Hang,754,24,13
kor_Hang,754,25,13
kor_Hang,754,26,13
kor_Hang,754,27,47
kor_Hang,754,28,13
kor_Hang,754,29,19
kor_Hang,754,30,13
kor_Hang,754,31,47
kor_Hang,754,32,47
kor_Hang,754,33,47
kor_Hang,754,34,13
kor_Hang,754,35,61
kor_Hang,754,36,13
kor_Hang,754,37,13
kor_Hang,754,38,13
kor_Hang,754,39,13
kor_Hang,754,40,13
kor_Hang,754,41,13
kor_Hang,754,42,13
kor_Hang,754,43,13
kor_Hang,754,44,13
kor_Hang,754,45,13
kor_Hang,754,46,47
kor_Hang,754,47,13
kor_Hang,754,48,39
kor_Hang,754,49,13
kor_Hang,754,50,19
kor_Hang,754,51,13
kor_Hang,754,52,13
kor_Hang,754,53,19
kor_Hang,754,54,19
kor_Hang,754,55,13
kor_Hang,754,56,13
kor_Hang,754,57,52
kor_Hang,754,58,19
kor_Hang,754,59,19
kor_Hang,754,60,13
kor_Hang,754,61,13
kor_Hang,754,62,19
kor_Hang,754,63,13
kor_Hang,754,64,47
kor_Hang,754,65,19
kor_Hang,754,66,13
kor_Hang,754,67,12
kor_Hang,754,68,52
kor_Hang,755,0,60
kor_Hang,755,1,19
kor_Hang,755,2,13
kor_Hang,755,3,13
kor_Hang,755,4,13
kor_Hang,755,5,13
kor_Hang,755,6,13
kor_Hang,755,7,13
kor_Hang,755,8,13
kor_Hang,755,9,47
kor_Hang,755,10,13
kor_Hang,755,11,13
kor_Hang,755,12,12
kor_Hang,755,13,12
kor_Hang,755,14,47
kor_Hang,755,15,13
kor_Hang,755,16,47
kor_Hang,755,17,13
kor_Hang,755,18,39
kor_Hang,755,19,13
kor_Hang,755,20,47
kor_Hang,755,21,39
kor_Hang,755,22,13
kor_Hang,755,23,9
kor_Hang,755,24,13
kor_Hang,755,25,13
kor_Hang,755,26,13
kor_Hang,755,27,13
kor_Hang,755,28,47
kor_Hang,755,29,19
kor_Hang,755,30,19
kor_Hang,755,31,47
kor_Hang,755,32,19
kor_Hang,755,33,13
kor_Hang,755,34,13
kor_Hang,755,35,19
kor_Hang,755,36,13
kor_Hang,755,37,13
kor_Hang,755,38,19
kor_Hang,755,39,13
kor_Hang,755,40,13
kor_Hang,755,41,19
kor_Hang,755,42,13
kor_Hang,755,43,13
kor_Hang,755,44,13
kor_Hang,755,45,13
kor_Hang,755,46,13
kor_Hang,755,47,19
kor_Hang,755,48,13
kor_Hang,755,49,47
kor_Hang,755,50,13
kor_Hang,755,51,13
kor_Hang,755,52,19
kor_Hang,755,53,19
kor_Hang,755,54,13
kor_Hang,755,55,47
kor_Hang,755,56,13
kor_Hang,755,57,13
kor_Hang,755,58,13
kor_Hang,755,59,13
kor_Hang,755,60,13
kor_Hang,755,61,47
kor_Hang,755,62,13
kor_Hang,755,63,12
kor_Hang,755,64,13
kor_Hang,755,65,13
kor_Hang,755,66,13
kor_Hang,755,67,27
kor_Hang,755,68,13
kor_Hang,755,69,13
kor_Hang,755,70,13
kor_Hang,755,71,13
kor_Hang,755,72,13
kor_Hang,755,73,13
kor_Hang,755,74,13
kor_Hang,755,75,13
kor_Hang,755,76,13
kor_Hang,755,77,13
kor_Hang,755,78,24
kor_Hang,755,79,13
kor_Hang,755,80,13
kor_Hang,755,81,13
kor_Hang,755,82,13
kor_Hang,755,83,13
kor_Hang,755,84,13
kor_Hang,755,85,13
kor_Hang,755,86,13
kor_Hang,755,87,19
kor_Hang,755,88,13
kor_Hang,755,89,22
kor_Hang,756,0,60
kor_Hang,756,1,13
kor_Hang,756,2,13
kor_Hang,756,3,19
kor_Hang,756,4,13
kor_Hang,756,5,58
kor_Hang,756,6,19
kor_Hang,756,7,13
kor_Hang,756,8,47
kor_Hang,756,9,13
kor_Hang,756,10,13
kor_Hang,756,11,13
kor_Hang,756,12,13
kor_Hang,756,13,13
kor_Hang,756,14,13
kor_Hang,756,15,52
kor_Hang,756,16,13
kor_Hang,756,17,52
kor_Hang,756,18,13
kor_Hang,756,19,13
kor_Hang,756,20,13
kor_Hang,756,21,13
kor_Hang,756,22,13
kor_Hang,756,23,13
kor_Hang,756,24,13
kor_Hang,756,25,13
kor_Hang,756,26,13
kor_Hang,756,27,34
kor_Hang,756,28,13
kor_Hang,756,29,13
kor_Hang,756,30,13
kor_Hang,756,31,19
kor_Hang,756,32,13
kor_Hang,756,33,34
kor_Hang,757,0,60
kor_Hang,757,1,13
kor_Hang,757,2,47
kor_Hang,757,3,13
kor_Hang,757,4,13
kor_Hang,757,5,13
kor_Hang,757,6,19
kor_Hang,757,7,13
kor_Hang,757,8,13
kor_Hang,757,9,13
kor_Hang,757,10,19
kor_Hang,757,11,13
kor_Hang,757,12,13
kor_Hang,757,13,13
kor_Hang,757,14,13
kor_Hang,757,15,13
kor_Hang,757,16,13
kor_Hang,757,17,13
kor_Hang,757,18,52
kor_Hang,757,19,52
kor_Hang,757,20,52
kor_Hang,757,21,13
kor_Hang,757,22,52
kor_Hang,757,23,52
kor_Hang,757,24,52
kor_Hang,757,25,13
kor_Hang,757,26,52
kor_Hang,757,27,52
kor_Hang,757,28,13
kor_Hang,757,29,13
kor_Hang,757,30,13
kor_Hang,757,31,13
kor_Hang,757,32,13
kor_Hang,757,33,13
kor_Hang,757,34,13
kor_Hang,757,35,47
kor_Hang,757,36,13
kor_Hang,757,37,13
kor_Hang,757,38,13
kor_Hang,757,39,13
kor_Hang,757,40,13
kor_Hang,757,41,13
kor_Hang,757,42,13
kor_Hang,757,43,13
kor_Hang,757,44,13
kor_Hang,757,45,11
kor_Hang,757,46,13
kor_Hang,757,47,13
kor_Hang,757,48,19
kor_Hang,757,49,13
kor_Hang,757,50,13
kor_Hang,757,51,13
kor_Hang,757,52,13
kor_Hang,757,53,13
kor_Hang,757,54,13
kor_Hang,757,55,13
kor_Hang,757,56,19
kor_Hang,757,57,13
kor_Hang,757,58,13
kor_Hang,757,59,13
kor_Hang,757,60,19
kor_Hang,757,61,34
kor_Hang,757,62,13
kor_Hang,757,63,34
kor_Hang,757,64,13
kor_Hang,757,65,19
kor_Hang,757,66,34
kor_Hang,757,67,19
kor_Hang,757,68,13
kor_Hang,757,69,34
kor_Hang,758,0,60
kor_Hang,758,1,13
kor_Hang,758,2,13
kor_Hang,758,3,13
kor_Hang,758,4,6
kor_Hang,758,5,13
kor_Hang,758,6,13
kor_Hang,758,7,13
kor_Hang,758,8,47
kor_Hang,758,9,13
kor_Hang,758,10,13
kor_Hang,758,11,47
kor_Hang,758,12,19
kor_Hang,758,13,24
kor_Hang,758,14,47
kor_Hang,758,15,13
kor_Hang,758,16,13
kor_Hang,758,17,13
kor_Hang,758,18,13
kor_Hang,758,19,13
kor_Hang,758,20,13
kor_Hang,758,21,13
kor_Hang,758,22,27
kor_Hang,758,23,13
kor_Hang,758,24,13
kor_Hang,758,25,19
kor_Hang,758,26,13
kor_Hang,758,27,19
kor_Hang,758,28,13
kor_Hang,758,29,13
kor_Hang,758,30,13
kor_Hang,758,31,13
kor_Hang,758,32,13
kor_Hang,758,33,13
kor_Hang,758,34,34
kor_Hang,758,35,13
kor_Hang,758,36,13
kor_Hang,758,37,13
kor_Hang,758,38,13
kor_Hang,758,39,13
kor_Hang,758,40,13
kor_Hang,758,41,13
kor_Hang,758,42,13
kor_Hang,758,43,13
kor_Hang,758,44,13
kor_Hang,758,45,27
kor_Hang,758,46,13
kor_Hang,758,47,13
kor_Hang,758,48,13
kor_Hang,758,49,13
kor_Hang,758,50,13
kor_Hang,758,51,13
kor_Hang,758,52,13
kor_Hang,758,53,13
kor_Hang,758,54,13
kor_Hang,758,55,13
kor_Hang,758,56,13
kor_Hang,758,57,13
kor_Hang,758,58,13
kor_Hang,758,59,13
kor_Hang,758,60,13
kor_Hang,758,61,13
kor_Hang,758,62,13
kor_Hang,758,63,13
kor_Hang,758,64,13
kor_Hang,758,65,13
kor_Hang,758,66,13
kor_Hang,758,67,13
kor_Hang,758,68,13
kor_Hang,758,69,13
kor_Hang,758,70,13
kor_Hang,758,71,13
kor_Hang,758,72,13
kor_Hang,758,73,13
kor_Hang,758,74,13
kor_Hang,758,75,13
kor_Hang,758,76,13
kor_Hang,758,77,13
kor_Hang,758,78,13
kor_Hang,758,79,13
kor_Hang,758,80,13
kor_Hang,758,81,13
kor_Hang,758,82,19
kor_Hang,758,83,13
kor_Hang,758,84,13
kor_Hang,758,85,51
kor_Hang,759,0,60
kor_Hang,759,1,52
kor_Hang,759,2,13
kor_Hang,759,3,52
kor_Hang,759,4,12
kor_Hang,759,5,13
kor_Hang,759,6,13
kor_Hang,759,7,13
kor_Hang,759,8,13
kor_Hang,759,9,51
kor_Hang,759,10,13
kor_Hang,759,11,13
kor_Hang,759,12,39
kor_Hang,759,13,13
kor_Hang,760,0,60
kor_Hang,760,1,9
kor_Hang,760,2,22
kor_Hang,760,3,12
kor_Hang,760,4,47
kor_Hang,760,5,39
kor_Hang,761,0,60
kor_Hang,761,1,13
kor_Hang,761,2,19
kor_Hang,761,3,13
kor_Hang,761,4,13
kor_Hang,761,5,13
kor_Hang,761,6,13
kor_Hang,761,7,13
kor_Hang,761,8,39
kor_Hang,761,9,24
kor_Hang,761,10,13
kor_Hang,761,11,13
kor_Hang,761,12,61
kor_Hang,761,13,19
kor_Hang,761,14,13
kor_Hang,761,15,13
kor_Hang,761,16,13
kor_Hang,761,17,13
kor_Hang,761,18,13
kor_Hang,761,19,13
kor_Hang,761,20,19
kor_Hang,761,21,13
kor_Hang,761,22,13
kor_Hang,761,23,13
kor_Hang,761,24,13
kor_Hang,761,25,13
kor_Hang,761,26,13
kor_Hang,761,27,52
kor_Hang,761,28,13
kor_Hang,761,29,52
kor_Hang,761,30,13
kor_Hang,761,31,52
kor_Hang,761,32,13
kor_Hang,761,33,13
kor_Hang,761,34,13
kor_Hang,761,35,13
kor_Hang,761,36,13
kor_Hang,761,37,19
kor_Hang,761,38,13
kor_Hang,761,39,39
kor_Hang,761,40,24
kor_Hang,761,41,47
kor_Hang,761,42,47
kor_Hang,761,43,61
kor_Hang,761,44,19
kor_Hang,761,45,13
kor_Hang,761,46,1
kor_Hang,761,47,13
kor_Hang,761,48,19
kor_Hang,761,49,13
kor_Hang,761,50,13
kor_Hang,761,51,19
kor_Hang,761,52,13
kor_Hang,761,53,13
kor_Hang,761,54,13
kor_Hang,761,55,19
kor_Hang,761,56,13
kor_Hang,761,57,13
kor_Hang,761,58,13
kor_Hang,761,59,13
kor_Hang,761,60,19
kor_Hang,761,61,13
kor_Hang,761,62,34
kor_Hang,762,0,60
kor_Hang,762,1,13
kor_Hang,762,2,13
kor_Hang,762,3,47
kor_Hang,762,4,13
kor_Hang,762,5,19
kor_Hang,762,6,13
kor_Hang,762,7,13
kor_Hang,762,8,19
kor_Hang,762,9,13
kor_Hang,762,10,13
kor_Hang,762,11,13
kor_Hang,762,12,19
kor_Hang,762,13,13
kor_Hang,762,14,13
kor_Hang,762,15,13
kor_Hang,762,16,13
kor_Hang,762,17,13
kor_Hang,762,18,19
kor_Hang,762,19,13
kor_Hang,762,20,13
kor_Hang,762,21,13
kor_Hang,762,22,13
kor_Hang,762,23,47
kor_Hang,762,24,19
kor_Hang,762,25,13
kor_Hang,762,26,9
kor_Hang,762,27,13
kor_Hang,762,28,13
kor_Hang,762,29,13
kor_Hang,762,30,19
kor_Hang,762,31,13
kor_Hang,762,32,13
kor_Hang,762,33,13
kor_Hang,762,34,52
kor_Hang,762,35,52
kor_Hang,762,36,13
kor_Hang,762,37,52
kor_Hang,762,38,52
kor_Hang,763,0,60
kor_Hang,763,1,13
kor_Hang,763,2,13
kor_Hang,763,3,13
kor_Hang,763,4,13
kor_Hang,763,5,13
kor_Hang,763,6,13
kor_Hang,763,7,13
kor_Hang,763,8,13
kor_Hang,763,9,13
kor_Hang,763,10,13
kor_Hang,763,11,13
kor_Hang,763,12,13
kor_Hang,763,13,13
kor_Hang,763,14,13
kor_Hang,763,15,13
kor_Hang,763,16,13
kor_Hang,763,17,13
kor_Hang,763,18,52
kor_Hang,763,19,13
kor_Hang,763,20,13
kor_Hang,763,21,13
kor_Hang,763,22,13
kor_Hang,763,23,27
kor_Hang,763,24,13
kor_Hang,763,25,13
kor_Hang,763,26,13
kor_Hang,763,27,13
kor_Hang,763,28,13
kor_Hang,763,29,19
kor_Hang,763,30,13
kor_Hang,763,31,13
kor_Hang,763,32,13
kor_Hang,763,33,13
kor_Hang,763,34,13
kor_Hang,763,35,13
kor_Hang,763,36,13
kor_Hang,763,37,13
kor_Hang,763,38,19
kor_Hang,763,39,13
kor_Hang,763,40,13
kor_Hang,763,41,13
kor_Hang,763,42,13
kor_Hang,763,43,13
kor_Hang,763,44,13
kor_Hang,763,45,52
kor_Hang,764,0,60
kor_Hang,764,1,13
kor_Hang,764,2,52
kor_Hang,764,3,52
kor_Hang,764,4,19
kor_Hang,764,5,13
kor_Hang,764,6,24
kor_Hang,764,7,13
kor_Hang,764,8,13
kor_Hang,764,9,13
kor_Hang,764,10,13
kor_Hang,764,11,9
kor_Hang,764,12,13
kor_Hang,764,13,13
kor_Hang,764,14,13
kor_Hang,764,15,61
kor_Hang,764,16,13
kor_Hang,764,17,13
kor_Hang,764,18,13
kor_Hang,764,19,13
kor_Hang,764,20,13
kor_Hang,764,21,13
kor_Hang,764,22,13
kor_Hang,764,23,13
kor_Hang,764,24,13
kor_Hang,764,25,13
kor_Hang,764,26,13
kor_Hang,764,27,13
kor_Hang,764,28,13
kor_Hang,764,29,13
kor_Hang,764,30,13
kor_Hang,764,31,13
kor_Hang,764,32,13
kor_Hang,764,33,34
kor_Hang,764,34,13
kor_Hang,764,35,13
kor_Hang,764,36,13
kor_Hang,764,37,13
kor_Hang,764,38,13
kor_Hang,764,39,13
kor_Hang,764,40,13
kor_Hang,764,41,13
kor_Hang,764,42,13
kor_Hang,764,43,34
kor_Hang,764,44,13
kor_Hang,764,45,13
kor_Hang,764,46,34
kor_Hang,765,0,60
kor_Hang,765,1,13
kor_Hang,765,2,13
kor_Hang,765,3,13
kor_Hang,765,4,13
kor_Hang,765,5,13
kor_Hang,765,6,13
kor_Hang,765,7,13
kor_Hang,765,8,13
kor_Hang,765,9,19
kor_Hang,765,10,34
kor_Hang,765,11,13
kor_Hang,765,12,19
kor_Hang,765,13,34
kor_Hang,765,14,13
kor_Hang,765,15,13
kor_Hang,765,16,13
kor_Hang,765,17,13
kor_Hang,765,18,13
kor_Hang,765,19,13
kor_Hang,765,20,13
kor_Hang,765,21,13
kor_Hang,765,22,13
kor_Hang,765,23,13
kor_Hang,765,24,19
kor_Hang,765,25,13
kor_Hang,765,26,13
kor_Hang,765,27,13
kor_Hang,765,28,13
kor_Hang,765,29,13
kor_Hang,765,30,34
kor_Hang,765,31,13
kor_Hang,765,32,13
kor_Hang,765,33,13
kor_Hang,765,34,19
kor_Hang,765,35,13
kor_Hang,765,36,13
kor_Hang,765,37,19
kor_Hang,765,38,34
kor_Hang,766,0,60
kor_Hang,766,1,19
kor_Hang,766,2,13
kor_Hang,766,3,13
kor_Hang,766,4,13
kor_Hang,766,5,47
kor_Hang,766,6,13
kor_Hang,766,7,13
kor_Hang,766,8,13
kor_Hang,766,9,13
kor_Hang,766,10,13
kor_Hang,766,11,13
kor_Hang,766,12,47
kor_Hang,766,13,13
kor_Hang,766,14,13
kor_Hang,766,15,13
kor_Hang,766,16,13
kor_Hang,766,17,19
kor_Hang,766,18,13
kor_Hang,766,19,13
kor_Hang,766,20,13
kor_Hang,766,21,13
kor_Hang,766,22,13
kor_Hang,766,23,13
kor_Hang,766,24,13
kor_Hang,766,25,34
kor_Hang,766,26,13
kor_Hang,766,27,13
kor_Hang,766,28,13
kor_Hang,766,29,34
kor_Hang,767,0,60
kor_Hang,767,1,13
kor_Hang,767,2,13
kor_Hang,767,3,13
kor_Hang,767,4,13
kor_Hang,767,5,13
kor_Hang,767,6,13
kor_Hang,767,7,13
kor_Hang,767,8,13
kor_Hang,767,9,19
kor_Hang,767,10,13
kor_Hang,767,11,13
kor_Hang,767,12,13
kor_Hang,767,13,19
kor_Hang,767,14,13
kor_Hang,767,15,13
kor_Hang,767,16,13
kor_Hang,767,17,13
kor_Hang,767,18,13
kor_Hang,767,19,47
kor_Hang,767,20,13
kor_Hang,767,21,1
kor_Hang,767,22,13
kor_Hang,767,23,13
kor_Hang,767,24,13
kor_Hang,767,25,13
kor_Hang,767,26,13
kor_Hang,767,27,13
kor_Hang,767,28,13
kor_Hang,767,29,47
kor_Hang,767,30,13
kor_Hang,767,31,13
kor_Hang,767,32,13
kor_Hang,767,33,19
kor_Hang,767,34,13
kor_Hang,767,35,13
kor_Hang,767,36,47
kor_Hang,767,37,34
kor_Hang,767,38,13
kor_Hang,767,39,13
kor_Hang,767,40,13
kor_Hang,767,41,13
kor_Hang,767,42,13
kor_Hang,767,43,13
kor_Hang,767,44,13
kor_Hang,767,45,13
kor_Hang,767,46,13
kor_Hang,767,47,19
kor_Hang,767,48,51
kor_Hang,767,49,51
kor_Hang,768,0,60
kor_Hang,768,1,13
kor_Hang,768,2,47
kor_Hang,768,3,13
kor_Hang,768,4,19
kor_Hang,768,5,13
kor_Hang,768,6,26
kor_Hang,768,7,13
kor_Hang,768,8,13
kor_Hang,768,9,26
kor_Hang,768,10,13
kor_Hang,768,11,13
kor_Hang,768,12,13
kor_Hang,768,13,61
kor_Hang,768,14,39
kor_Hang,768,15,12
kor_Hang,768,16,47
kor_Hang,768,17,40
kor_Hang,768,18,27
kor_Hang,768,19,39
kor_Hang,769,0,60
kor_Hang,769,1,13
kor_Hang,769,2,13
kor_Hang,769,3,13
kor_Hang,769,4,13
kor_Hang,769,5,13
kor_Hang,769,6,13
kor_Hang,769,7,13
kor_Hang,769,8,13
kor_Hang,769,9,19
kor_Hang,769,10,13
kor_Hang,769,11,13
kor_Hang,769,12,47
kor_Hang,769,13,13
kor_Hang,769,14,13
kor_Hang,769,15,13
kor_Hang,769,16,13
kor_Hang,769,17,13
kor_Hang,769,18,13
kor_Hang,769,19,13
kor_Hang,769,20,13
kor_Hang,769,21,13
kor_Hang,769,22,13
kor_Hang,769,23,13
kor_Hang,769,24,13
kor_Hang,769,25,13
kor_Hang,769,26,13
kor_Hang,769,27,19
kor_Hang,769,28,13
kor_Hang,769,29,13
kor_Hang,769,30,13
kor_Hang,769,31,13
kor_Hang,769,32,13
kor_Hang,769,33,13
kor_Hang,769,34,13
kor_Hang,769,35,19
kor_Hang,769,36,13
kor_Hang,769,37,61
kor_Hang,769,38,13
kor_Hang,769,39,13
kor_Hang,769,40,13
kor_Hang,769,41,13
kor_Hang,769,42,13
kor_Hang,769,43,13
kor_Hang,769,44,13
kor_Hang,769,45,13
kor_Hang,769,46,13
kor_Hang,769,47,19
kor_Hang,769,48,34
kor_Hang,769,49,13
kor_Hang,769,50,13
kor_Hang,769,51,13
kor_Hang,769,52,19
kor_Hang,769,53,13
kor_Hang,769,54,13
kor_Hang,769,55,13
kor_Hang,769,56,47
kor_Hang,769,57,13
kor_Hang,769,58,19
kor_Hang,769,59,13
kor_Hang,769,60,13
kor_Hang,769,61,13
kor_Hang,769,62,13
kor_Hang,769,63,19
kor_Hang,769,64,13
kor_Hang,769,65,34
kor_Hang,770,0,60
kor_Hang,770,1,13
kor_Hang,770,2,13
kor_Hang,770,3,13
kor_Hang,770,4,19
kor_Hang,770,5,13
kor_Hang,770,6,13
kor_Hang,770,7,19
kor_Hang,770,8,13
kor_Hang,770,9,19
kor_Hang,770,10,13
kor_Hang,770,11,13
kor_Hang,770,12,13
kor_Hang,770,13,13
kor_Hang,770,14,13
kor_Hang,770,15,13
kor_Hang,770,16,13
kor_Hang,770,17,13
kor_Hang,770,18,19
kor_Hang,770,19,13
kor_Hang,770,20,13
kor_Hang,770,21,19
kor_Hang,770,22,13
kor_Hang,770,23,13
kor_Hang,770,24,13
kor_Hang,770,25,19
kor_Hang,770,26,13
kor_Hang,770,27,13
kor_Hang,770,28,47
kor_Hang,770,29,13
kor_Hang,770,30,13
kor_Hang,770,31,13
kor_Hang,770,32,13
kor_Hang,770,33,13
kor_Hang,770,34,34
kor_Hang,770,35,13
kor_Hang,770,36,13
kor_Hang,770,37,13
kor_Hang,770,38,13
kor_Hang,770,39,13
kor_Hang,770,40,34
kor_Hang,770,41,13
kor_Hang,770,42,13
kor_Hang,770,43,13
kor_Hang,770,44,19
kor_Hang,770,45,13
kor_Hang,770,46,13
kor_Hang,770,47,13
kor_Hang,770,48,13
kor_Hang,770,49,13
kor_Hang,770,50,13
kor_Hang,770,51,13
kor_Hang,770,52,13
kor_Hang,770,53,13
kor_Hang,770,54,13
kor_Hang,770,55,13
kor_Hang,770,56,34
kor_Hang,770,57,34
kor_Hang,771,0,60
kor_Hang,771,1,13
kor_Hang,771,2,19
kor_Hang,771,3,13
kor_Hang,771,4,13
kor_Hang,771,5,39
kor_Hang,771,6,13
kor_Hang,771,7,47
kor_Hang,771,8,13
kor_Hang,771,9,13
kor_Hang,771,10,13
kor_Hang,771,11,13
kor_Hang,771,12,13
kor_Hang,771,13,13
kor_Hang,771,14,13
kor_Hang,771,15,13
kor_Hang,771,16,13
kor_Hang,771,17,13
kor_Hang,771,18,19
kor_Hang,771,19,13
kor_Hang,771,20,13
kor_Hang,771,21,13
kor_Hang,771,22,47
kor_Hang,771,23,13
kor_Hang,771,24,13
kor_Hang,771,25,13
kor_Hang,771,26,47
kor_Hang,771,27,13
kor_Hang,771,28,13
kor_Hang,771,29,13
kor_Hang,771,30,13
kor_Hang,771,31,19
kor_Hang,771,32,13
kor_Hang,771,33,13
kor_Hang,771,34,13
kor_Hang,771,35,13
kor_Hang,771,36,47
kor_Hang,771,37,19
kor_Hang,771,38,13
kor_Hang,771,39,13
kor_Hang,771,40,47
kor_Hang,771,41,13
kor_Hang,771,42,13
kor_Hang,771,43,13
kor_Hang,771,44,47
kor_Hang,771,45,13
kor_Hang,771,46,13
kor_Hang,771,47,13
kor_Hang,771,48,13
kor_Hang,771,49,13
kor_Hang,771,50,19
kor_Hang,771,51,13
kor_Hang,771,52,13
kor_Hang,771,53,13
kor_Hang,771,54,13
kor_Hang,771,55,13
kor_Hang,771,56,13
kor_Hang,771,57,13
kor_Hang,771,58,13
kor_Hang,771,59,13
kor_Hang,771,60,13
kor_Hang,771,61,13
kor_Hang,771,62,19
kor_Hang,771,63,13
kor_Hang,771,64,13
kor_Hang,771,65,13
kor_Hang,771,66,13
kor_Hang,771,67,13
kor_Hang,771,68,13
kor_Hang,771,69,13
kor_Hang,771,70,47
kor_Hang,771,71,13
kor_Hang,771,72,13
kor_Hang,771,73,13
kor_Hang,771,74,13
kor_Hang,771,75,13
kor_Hang,771,76,13
kor_Hang,771,77,13
kor_Hang,771,78,19
kor_Hang,771,79,34
kor_Hang,771,80,13
kor_Hang,771,81,34
kor_Hang,772,0,60
kor_Hang,772,1,36
kor_Hang,772,2,36
kor_Hang,772,3,36
kor_Hang,772,4,36
kor_Hang,772,5,52
kor_Hang,773,0,60
kor_Hang,773,1,6
kor_Hang,774,0,60
kor_Hang,774,1,13
kor_Hang,774,2,13
kor_Hang,774,3,13
kor_Hang,774,4,13
kor_Hang,774,5,13
kor_Hang,774,6,13
kor_Hang,774,7,13
kor_Hang,774,8,13
kor_Hang,774,9,19
kor_Hang,774,10,13
kor_Hang,774,11,13
kor_Hang,774,12,13
kor_Hang,774,13,13
kor_Hang,774,14,13
kor_Hang,774,15,13
kor_Hang,774,16,19
kor_Hang,774,17,13
kor_Hang,774,18,13
kor_Hang,775,0,60
kor_Hang,775,1,11
kor_Hang,775,2,13
kor_Hang,775,3,13
kor_Hang,775,4,13
kor_Hang,775,5,13
kor_Hang,775,6,13
kor_Hang,775,7,13
kor_Hang,775,8,13
kor_Hang,775,9,13
kor_Hang,775,10,13
kor_Hang,775,11,13
kor_Hang,775,12,13
kor_Hang,775,13,13
kor_Hang,775,14,13
kor_Hang,775,15,13
kor_Hang,775,16,13
kor_Hang,775,17,13
kor_Hang,775,18,61
kor_Hang,775,19,13
kor_Hang,775,20,13
kor_Hang,775,21,13
kor_Hang,775,22,19
kor_Hang,775,23,13
kor_Hang,775,24,13
kor_Hang,775,25,13
kor_Hang,775,26,13
kor_Hang,775,27,19
kor_Hang,775,28,19
kor_Hang,775,29,13
kor_Hang,775,30,13
kor_Hang,775,31,13
kor_Hang,775,32,13
kor_Hang,775,33,13
kor_Hang,775,34,13
kor_Hang,775,35,13
kor_Hang,775,36,13
kor_Hang,775,37,13
kor_Hang,775,38,19
kor_Hang,775,39,13
kor_Hang,775,40,13
kor_Hang,775,41,13
kor_Hang,775,42,13
kor_Hang,775,43,13
kor_Hang,775,44,34
kor_Hang,775,45,13
kor_Hang,775,46,13
kor_Hang,775,47,34
kor_Hang,776,0,60
kor_Hang,776,1,13
kor_Hang,776,2,13
kor_Hang,776,3,13
kor_Hang,776,4,52
kor_Hang,776,5,52
kor_Hang,776,6,52
kor_Hang,776,7,13
kor_Hang,776,8,13
kor_Hang,776,9,19
kor_Hang,776,10,13
kor_Hang,776,11,19
kor_Hang,776,12,13
kor_Hang,776,13,13
kor_Hang,776,14,13
kor_Hang,776,15,13
kor_Hang,776,16,13
kor_Hang,776,17,13
kor_Hang,776,18,13
kor_Hang,776,19,47
kor_Hang,776,20,47
kor_Hang,776,21,13
kor_Hang,776,22,13
kor_Hang,776,23,13
kor_Hang,776,24,13
kor_Hang,776,25,13
kor_Hang,776,26,13
kor_Hang,776,27,13
kor_Hang,776,28,13
kor_Hang,776,29,13
kor_Hang,776,30,13
kor_Hang,776,31,13
kor_Hang,776,32,13
kor_Hang,776,33,13
kor_Hang,776,34,13
kor_Hang,776,35,13
kor_Hang,776,36,13
kor_Hang,776,37,13
kor_Hang,776,38,13
kor_Hang,776,39,13
kor_Hang,776,40,13
kor_Hang,776,41,13
kor_Hang,776,42,13
kor_Hang,776,43,13
kor_Hang,776,44,13
kor_Hang,776,45,13
kor_Hang,776,46,13
kor_Hang,776,47,13
kor_Hang,776,48,13
kor_Hang,776,49,13
kor_Hang,776,50,13
kor_Hang,776,51,47
kor_Hang,776,52,13
kor_Hang,776,53,13
kor_Hang,776,54,13
kor_Hang,776,55,13
kor_Hang,776,56,13
kor_Hang,776,57,13
kor_Hang,776,58,13
kor_Hang,776,59,13
kor_Hang,776,60,52
kor_Hang,776,61,52
kor_Hang,776,62,19
kor_Hang,776,63,13
kor_Hang,776,64,13
kor_Hang,776,65,13
kor_Hang,776,66,47
kor_Hang,776,67,47
kor_Hang,776,68,34
kor_Hang,776,69,13
kor_Hang,776,70,13
kor_Hang,776,71,13
kor_Hang,776,72,34
kor_Hang,777,0,60
kor_Hang,777,1,13
kor_Hang,777,2,13
kor_Hang,777,3,13
kor_Hang,777,4,13
kor_Hang,777,5,13
kor_Hang,777,6,40
kor_Hang,777,7,24
kor_Hang,777,8,13
kor_Hang,777,9,47
kor_Hang,777,10,13
kor_Hang,777,11,13
kor_Hang,777,12,13
kor_Hang,777,13,13
kor_Hang,777,14,13
kor_Hang,777,15,13
kor_Hang,777,16,13
kor_Hang,777,17,13
kor_Hang,777,18,13
kor_Hang,777,19,13
kor_Hang,777,20,13
kor_Hang,777,21,34
kor_Hang,777,22,13
kor_Hang,777,23,34
kor_Hang,778,0,60
kor_Hang,778,1,13
kor_Hang,778,2,13
kor_Hang,778,3,13
kor_Hang,778,4,13
kor_Hang,778,5,13
kor_Hang,778,6,13
kor_Hang,778,7,13
kor_Hang,778,8,13
kor_Hang,778,9,13
kor_Hang,778,10,13
kor_Hang,778,11,13
kor_Hang,778,12,13
kor_Hang,778,13,13
kor_Hang,778,14,13
kor_Hang,778,15,13
kor_Hang,778,16,13
kor_Hang,778,17,13
kor_Hang,778,18,13
kor_Hang,778,19,13
kor_Hang,778,20,13
kor_Hang,778,21,13
kor_Hang,778,22,13
kor_Hang,778,23,13
kor_Hang,778,24,13
kor_Hang,778,25,13
kor_Hang,778,26,13
kor_Hang,778,27,13
kor_Hang,778,28,13
kor_Hang,778,29,13
kor_Hang,778,30,13
kor_Hang,778,31,19
kor_Hang,778,32,13
kor_Hang,778,33,13
kor_Hang,778,34,1
kor_Hang,778,35,52
kor_Hang,778,36,13
kor_Hang,778,37,19
kor_Hang,778,38,13
kor_Hang,778,39,52
kor_Hang,778,40,13
kor_Hang,778,41,13
kor_Hang,778,42,13
kor_Hang,778,43,9
kor_Hang,778,44,11
kor_Hang,778,45,9
kor_Hang,778,46,13
kor_Hang,778,47,13
kor_Hang,778,48,47
kor_Hang,778,49,13
kor_Hang,778,50,13
kor_Hang,778,51,13
kor_Hang,778,52,13
kor_Hang,778,53,13
kor_Hang,778,54,13
kor_Hang,778,55,13
kor_Hang,778,56,13
kor_Hang,778,57,13
kor_Hang,778,58,13
kor_Hang,778,59,13
kor_Hang,778,60,13
kor_Hang,779,0,60
kor_Hang,779,1,13
kor_Hang,779,2,52
kor_Hang,779,3,13
kor_Hang,779,4,13
kor_Hang,779,5,39
kor_Hang,779,6,13
kor_Hang,779,7,13
kor_Hang,779,8,13
kor_Hang,779,9,13
kor_Hang,779,10,19
kor_Hang,779,11,13
kor_Hang,779,12,47
kor_Hang,779,13,13
kor_Hang,779,14,13
kor_Hang,779,15,13
kor_Hang,779,16,13
kor_Hang,779,17,13
kor_Hang,779,18,13
kor_Hang,779,19,19
kor_Hang,779,20,13
kor_Hang,779,21,13
kor_Hang,779,22,13
kor_Hang,779,23,13
kor_Hang,779,24,13
kor_Hang,779,25,13
kor_Hang,779,26,13
kor_Hang,779,27,52
eng_Latn,780,0,60
eng_Latn,780,1,54
eng_Latn,780,2,15
eng_Latn,780,3,53
eng_Latn,780,4,41
eng_Latn,780,5,17
kor_Hang,781,0,60
kor_Hang,781,1,9
kor_Hang,781,2,13
kor_Hang,781,3,13
kor_Hang,781,4,61
kor_Hang,781,5,19
kor_Hang,781,6,6
kor_Hang,781,7,61
kor_Hang,781,8,13
kor_Hang,781,9,13
kor_Hang,781,10,13
kor_Hang,781,11,27
kor_Hang,781,12,13
kor_Hang,781,13,13
kor_Hang,781,14,13
kor_Hang,781,15,13
kor_Hang,781,16,13
kor_Hang,781,17,13
kor_Hang,781,18,13
kor_Hang,781,19,13
kor_Hang,781,20,13
kor_Hang,781,21,34
kor_Hang,781,22,13
kor_Hang,781,23,13
kor_Hang,781,24,13
kor_Hang,781,25,9
kor_Hang,781,26,11
kor_Hang,781,27,13
kor_Hang,781,28,13
kor_Hang,781,29,13
kor_Hang,781,30,13
kor_Hang,781,31,13
kor_Hang,781,32,13
kor_Hang,781,33,13
kor_Hang,781,34,13
kor_Hang,781,35,13
kor_Hang,781,36,13
kor_Hang,781,37,13
kor_Hang,781,38,13
kor_Hang,781,39,13
kor_Hang,781,40,13
kor_Hang,781,41,13
kor_Hang,781,42,13
kor_Hang,781,43,13
kor_Hang,781,44,13
kor_Hang,781,45,13
kor_Hang,781,46,13
kor_Hang,781,47,13
kor_Hang,781,48,13
kor_Hang,781,49,13
kor_Hang,781,50,13
kor_Hang,781,51,1
kor_Hang,781,52,52
kor_Hang,781,53,13
kor_Hang,781,54,13
kor_Hang,781,55,13
kor_Hang,781,56,13
kor_Hang,781,57,13
kor_Hang,781,58,47
kor_Hang,781,59,19
kor_Hang,781,60,13
kor_Hang,781,61,52
kor_Hang,781,62,52
kor_Hang,781,63,13
kor_Hang,781,64,52
kor_Hang,781,65,52
kor_Hang,781,66,52
kor_Hang,781,67,13
kor_Hang,781,68,13
kor_Hang,781,69,13
kor_Hang,781,70,13
kor_Hang,781,71,13
kor_Hang,781,72,13
kor_Hang,781,73,13
kor_Hang,781,74,13
kor_Hang,781,75,13
kor_Hang,781,76,34
eng_Latn,782,0,60
eng_Latn,782,1,9
eng_Latn,782,2,38
eng_Latn,782,3,15
eng_Latn,782,4,56
eng_Latn,782,5,63
eng_Latn,782,6,14
eng_Latn,782,7,14
eng_Latn,782,8,40
eng_Latn,782,9,1
eng_Latn,783,0,60
eng_Latn,783,1,9
eng_Latn,783,2,56
eng_Latn,783,3,56
eng_Latn,783,4,51
eng_Latn,783,5,54
eng_Latn,783,6,18
eng_Latn,783,7,16
eng_Latn,783,8,20
eng_Latn,783,9,16
eng_Latn,784,0,60
eng_Latn,784,1,1
eng_Latn,784,2,9
eng_Latn,784,3,12
eng_Latn,784,4,63
eng_Latn,784,5,60
eng_Latn,784,6,49
kor_Hang,785,0,60
kor_Hang,785,1,9
kor_Hang,785,2,13
kor_Hang,785,3,13
kor_Hang,785,4,13
kor_Hang,785,5,47
kor_Hang,785,6,13
kor_Hang,785,7,13
kor_Hang,785,8,13
kor_Hang,785,9,13
kor_Hang,785,10,61
kor_Hang,785,11,13
kor_Hang,785,12,13
kor_Hang,785,13,13
kor_Hang,785,14,13
kor_Hang,785,15,13
kor_Hang,785,16,13
kor_Hang,785,17,13
kor_Hang,785,18,13
kor_Hang,785,19,13
kor_Hang,785,20,13
kor_Hang,785,21,13
kor_Hang,785,22,13
kor_Hang,785,23,13
kor_Hang,785,24,13
kor_Hang,785,25,13
kor_Hang,785,26,13
kor_Hang,785,27,13
kor_Hang,785,28,13
kor_Hang,785,29,13
kor_Hang,785,30,13
kor_Hang,785,31,13
kor_Hang,785,32,13
kor_Hang,785,33,13
kor_Hang,785,34,13
kor_Hang,785,35,13
kor_Hang,785,36,13
kor_Hang,785,37,13
kor_Hang,785,38,13
kor_Hang,785,39,61
kor_Hang,785,40,19
kor_Hang,785,41,13
kor_Hang,785,42,13
kor_Hang,785,43,13
kor_Hang,785,44,13
kor_Hang,785,45,61
kor_Hang,785,46,13
kor_Hang,785,47,13
kor_Hang,785,48,61
kor_Hang,785,49,13
kor_Hang,785,50,13
kor_Hang,785,51,13
kor_Hang,785,52,13
kor_Hang,785,53,13
kor_Hang,785,54,13
kor_Hang,785,55,13
kor_Hang,785,56,19
kor_Hang,785,57,13
kor_Hang,785,58,13
kor_Hang,785,59,13
kor_Hang,785,60,13
kor_Hang,785,61,13
kor_Hang,785,62,13
kor_Hang,785,63,13
kor_Hang,785,64,13
kor_Hang,785,65,13
kor_Hang,785,66,13
kor_Hang,785,67,13
kor_Hang,785,68,13
kor_Hang,785,69,13
kor_Hang,785,70,47
kor_Hang,785,71,34
kor_Hang,785,72,13
kor_Hang,785,73,34
eng_Latn,786,0,60
eng_Latn,786,1,18
eng_Latn,786,2,14
eng_Latn,786,3,49
eng_Latn,786,4,49
eng_Latn,786,5,12
eng_Latn,786,6,61
kor_Hang,787,0,60
kor_Hang,787,1,19
kor_Hang,787,2,13
kor_Hang,787,3,13
kor_Hang,787,4,13
kor_Hang,787,5,13
kor_Hang,787,6,13
kor_Hang,787,7,13
kor_Hang,787,8,13
kor_Hang,787,9,19
kor_Hang,787,10,13
kor_Hang,787,11,39
kor_Hang,787,12,19
kor_Hang,787,13,13
kor_Hang,787,14,19
kor_Hang,787,15,13
kor_Hang,787,16,13
kor_Hang,787,17,13
kor_Hang,787,18,13
kor_Hang,787,19,13
kor_Hang,787,20,13
kor_Hang,787,21,13
kor_Hang,787,22,13
kor_Hang,787,23,13
kor_Hang,787,24,52
kor_Hang,787,25,52
kor_Hang,787,26,52
kor_Hang,787,27,13
kor_Hang,787,28,13
kor_Hang,787,29,13
kor_Hang,787,30,19
kor_Hang,787,31,13
kor_Hang,787,32,13
kor_Hang,787,33,34
kor_Hang,788,0,60
kor_Hang,788,1,13
kor_Hang,788,2,13
kor_Hang,788,3,13
kor_Hang,788,4,13
kor_Hang,788,5,19
kor_Hang,788,6,13
kor_Hang,788,7,13
kor_Hang,788,8,13
kor_Hang,788,9,13
kor_Hang,788,10,13
kor_Hang,788,11,19
kor_Hang,788,12,13
kor_Hang,788,13,13
kor_Hang,788,14,13
kor_Hang,788,15,13
kor_Hang,788,16,13
kor_Hang,788,17,13
kor_Hang,788,18,13
kor_Hang,788,19,19
kor_Hang,788,20,13
kor_Hang,788,21,13
kor_Hang,788,22,47
kor_Hang,788,23,13
kor_Hang,788,24,13
kor_Hang,788,25,19
kor_Hang,788,26,13
kor_Hang,788,27,13
kor_Hang,788,28,13
kor_Hang,788,29,13
kor_Hang,788,30,34
kor_Hang,788,31,13
kor_Hang,788,32,13
kor_Hang,788,33,13
kor_Hang,788,34,47
kor_Hang,788,35,19
kor_Hang,788,36,13
kor_Hang,788,37,13
kor_Hang,788,38,13
kor_Hang,788,39,13
kor_Hang,788,40,13
kor_Hang,788,41,13
kor_Hang,788,42,13
kor_Hang,788,43,13
kor_Hang,788,44,13
kor_Hang,788,45,13
kor_Hang,788,46,13
kor_Hang,788,47,47
kor_Hang,788,48,19
kor_Hang,788,49,13
kor_Hang,788,50,13
kor_Hang,788,51,13
kor_Hang,788,52,13
kor_Hang,788,53,19
kor_Hang,788,54,13
kor_Hang,788,55,13
kor_Hang,788,56,47
kor_Hang,788,57,13
kor_Hang,788,58,13
kor_Hang,788,59,13
kor_Hang,788,60,13
kor_Hang,788,61,13
kor_Hang,788,62,13
kor_Hang,788,63,47
kor_Hang,788,64,34
kor_Hang,788,65,13
kor_Hang,788,66,13
kor_Hang,788,67,34
kor_Hang,789,0,60
kor_Hang,789,1,13
kor_Hang,789,2,47
kor_Hang,789,3,61
kor_Hang,789,4,13
kor_Hang,789,5,13
kor_Hang,789,6,13
kor_Hang,789,7,1
kor_Hang,789,8,39
kor_Hang,789,9,13
kor_Hang,789,10,47
kor_Hang,789,11,39
kor_Hang,789,12,13
kor_Hang,789,13,13
kor_Hang,789,14,13
kor_Hang,789,15,13
kor_Hang,789,16,13
kor_Hang,789,17,19
kor_Hang,789,18,13
kor_Hang,789,19,13
kor_Hang,789,20,19
kor_Hang,789,21,19
kor_Hang,789,22,13
kor_Hang,789,23,19
kor_Hang,789,24,39
kor_Hang,789,25,13
kor_Hang,789,26,47
kor_Hang,789,27,13
kor_Hang,789,28,13
kor_Hang,789,29,13
kor_Hang,789,30,47
kor_Hang,789,31,13
kor_Hang,789,32,13
kor_Hang,789,33,13
kor_Hang,789,34,61
kor_Hang,789,35,47
kor_Hang,789,36,13
kor_Hang,789,37,13
kor_Hang,789,38,47
kor_Hang,789,39,13
kor_Hang,789,40,13
kor_Hang,789,41,19
kor_Hang,789,42,19
kor_Hang,789,43,19
kor_Hang,789,44,19
kor_Hang,789,45,19
kor_Hang,789,46,13
kor_Hang,790,0,60
kor_Hang,790,1,47
kor_Hang,790,2,47
kor_Hang,790,3,13
kor_Hang,790,4,61
kor_Hang,790,5,13
kor_Hang,790,6,13
kor_Hang,790,7,13
kor_Hang,790,8,13
kor_Hang,790,9,13
kor_Hang,790,10,13
kor_Hang,790,11,13
kor_Hang,790,12,13
kor_Hang,790,13,13
kor_Hang,790,14,13
kor_Hang,790,15,19
kor_Hang,790,16,13
kor_Hang,790,17,13
kor_Hang,790,18,19
kor_Hang,790,19,13
kor_Hang,790,20,19
kor_Hang,790,21,13
kor_Hang,790,22,13
kor_Hang,790,23,13
kor_Hang,790,24,13
kor_Hang,790,25,13
kor_Hang,790,26,13
kor_Hang,790,27,13
kor_Hang,790,28,13
kor_Hang,790,29,13
kor_Hang,790,30,13
kor_Hang,790,31,13
kor_Hang,790,32,13
kor_Hang,790,33,13
kor_Hang,790,34,13
kor_Hang,790,35,19
kor_Hang,790,36,13
kor_Hang,790,37,13
kor_Hang,790,38,19
kor_Hang,790,39,13
kor_Hang,790,40,13
kor_Hang,790,41,13
kor_Hang,790,42,13
kor_Hang,790,43,52
kor_Hang,790,44,52
kor_Hang,790,45,52
kor_Hang,790,46,52
kor_Hang,790,47,52
kor_Hang,790,48,52
kor_Hang,790,49,52
kor_Hang,790,50,52
kor_Hang,790,51,52
kor_Hang,790,52,52
kor_Hang,790,53,52
kor_Hang,790,54,13
kor_Hang,790,55,52
kor_Hang,790,56,47
kor_Hang,790,57,13
kor_Hang,790,58,1
kor_Hang,790,59,1
kor_Hang,790,60,1
kor_Hang,790,61,52
kor_Hang,790,62,52
kor_Hang,790,63,13
kor_Hang,790,64,52
kor_Hang,790,65,52
kor_Hang,790,66,52
kor_Hang,790,67,52
kor_Hang,790,68,52
kor_Hang,790,69,52
kor_Hang,790,70,61
kor_Hang,790,71,13
kor_Hang,790,72,13
kor_Hang,790,73,13
kor_Hang,790,74,13
kor_Hang,790,75,13
kor_Hang,790,76,13
kor_Hang,790,77,13
kor_Hang,790,78,13
kor_Hang,790,79,34
eng_Latn,791,0,60
eng_Latn,791,1,22
eng_Latn,791,2,42
eng_Latn,791,3,26
eng_Latn,791,4,14
eng_Latn,791,5,40
eng_Latn,791,6,33
eng_Latn,791,7,40
eng_Latn,791,8,33
eng_Latn,792,0,60
eng_Latn,792,1,56
eng_Latn,792,2,48
eng_Latn,792,3,56
eng_Latn,792,4,46
kor_Hang,793,0,60
kor_Hang,793,1,13
kor_Hang,793,2,13
kor_Hang,793,3,13
kor_Hang,793,4,13
kor_Hang,793,5,13
kor_Hang,793,6,13
kor_Hang,793,7,19
kor_Hang,793,8,13
kor_Hang,793,9,13
kor_Hang,793,10,13
kor_Hang,793,11,13
kor_Hang,793,12,19
kor_Hang,793,13,13
kor_Hang,793,14,13
kor_Hang,793,15,13
kor_Hang,793,16,13
kor_Hang,793,17,13
kor_Hang,793,18,13
kor_Hang,793,19,13
kor_Hang,793,20,19
kor_Hang,793,21,13
kor_Hang,793,22,13
kor_Hang,793,23,13
kor_Hang,793,24,13
kor_Hang,793,25,13
kor_Hang,793,26,19
kor_Hang,793,27,13
kor_Hang,793,28,13
kor_Hang,793,29,13
kor_Hang,793,30,13
kor_Hang,793,31,13
kor_Hang,793,32,13
kor_Hang,793,33,13
kor_Hang,793,34,13
kor_Hang,793,35,13
kor_Hang,793,36,13
kor_Hang,793,37,13
kor_Hang,793,38,13
kor_Hang,793,39,13
kor_Hang,793,40,13
kor_Hang,793,41,13
kor_Hang,793,42,13
kor_Hang,793,43,13
kor_Hang,793,44,13
kor_Hang,793,45,13
kor_Hang,793,46,13
kor_Hang,793,47,13
kor_Hang,793,48,13
kor_Hang,793,49,13
kor_Hang,793,50,13
kor_Hang,793,51,13
kor_Hang,793,52,13
kor_Hang,793,53,13
kor_Hang,793,54,13
kor_Hang,793,55,13
kor_Hang,793,56,13
kor_Hang,793,57,13
kor_Hang,793,58,47
kor_Hang,793,59,13
kor_Hang,793,60,13
kor_Hang,793,61,13
kor_Hang,793,62,13
kor_Hang,793,63,13
kor_Hang,793,64,13
kor_Hang,793,65,13
kor_Hang,793,66,13
kor_Hang,793,67,13
kor_Hang,793,68,19
kor_Hang,793,69,13
kor_Hang,793,70,13
kor_Hang,793,71,47
kor_Hang,793,72,13
kor_Hang,793,73,13
kor_Hang,793,74,13
kor_Hang,793,75,13
kor_Hang,793,76,13
kor_Hang,793,77,13
kor_Hang,793,78,13
kor_Hang,793,79,34
kor_Hang,794,0,60
kor_Hang,794,1,13
kor_Hang,794,2,13
kor_Hang,794,3,13
kor_Hang,794,4,19
kor_Hang,794,5,13
kor_Hang,794,6,13
kor_Hang,794,7,13
kor_Hang,794,8,13
kor_Hang,794,9,13
kor_Hang,794,10,13
kor_Hang,794,11,13
kor_Hang,794,12,13
kor_Hang,794,13,13
kor_Hang,794,14,13
kor_Hang,794,15,13
kor_Hang,794,16,52
kor_Hang,794,17,9
kor_Hang,794,18,13
kor_Hang,794,19,19
kor_Hang,794,20,13
kor_Hang,794,21,13
kor_Hang,794,22,13
kor_Hang,794,23,13
kor_Hang,794,24,13
kor_Hang,794,25,13
kor_Hang,794,26,47
kor_Hang,794,27,13
kor_Hang,794,28,13
kor_Hang,794,29,13
kor_Hang,794,30,13
kor_Hang,794,31,13
kor_Hang,794,32,47
kor_Hang,794,33,19
kor_Hang,794,34,13
kor_Hang,794,35,13
kor_Hang,794,36,13
kor_Hang,794,37,13
kor_Hang,794,38,13
kor_Hang,794,39,19
kor_Hang,794,40,13
kor_Hang,794,41,13
kor_Hang,794,42,13
kor_Hang,794,43,13
kor_Hang,794,44,13
kor_Hang,794,45,13
kor_Hang,794,46,19
kor_Hang,794,47,13
kor_Hang,794,48,13
kor_Hang,794,49,13
kor_Hang,794,50,13
kor_Hang,794,51,13
kor_Hang,794,52,13
kor_Hang,794,53,13
kor_Hang,795,0,60
kor_Hang,795,1,47
kor_Hang,795,2,13
kor_Hang,795,3,13
kor_Hang,795,4,19
kor_Hang,795,5,13
kor_Hang,795,6,47
kor_Hang,795,7,13
kor_Hang,795,8,13
kor_Hang,795,9,13
kor_Hang,795,10,13
kor_Hang,795,11,19
kor_Hang,795,12,13
kor_Hang,795,13,13
kor_Hang,795,14,13
kor_Hang,795,15,1
kor_Hang,795,16,1
kor_Hang,795,17,13
kor_Hang,795,18,47
kor_Hang,795,19,39
kor_Hang,795,20,13
kor_Hang,795,21,47
kor_Hang,795,22,39
kor_Hang,795,23,13
kor_Hang,795,24,19
kor_Hang,795,25,13
kor_Hang,795,26,13
kor_Hang,795,27,13
kor_Hang,795,28,13
kor_Hang,795,29,13
kor_Hang,795,30,13
kor_Hang,795,31,13
kor_Hang,795,32,13
kor_Hang,795,33,13
kor_Hang,795,34,52
kor_Hang,795,35,47
kor_Hang,795,36,13
kor_Hang,795,37,13
kor_Hang,795,38,13
kor_Hang,795,39,19
kor_Hang,795,40,13
kor_Hang,795,41,13
kor_Hang,795,42,13
kor_Hang,795,43,13
kor_Hang,795,44,13
kor_Hang,795,45,47
kor_Hang,795,46,19
kor_Hang,795,47,34
kor_Hang,795,48,13
kor_Hang,795,49,13
kor_Hang,795,50,52
kor_Hang,795,51,13
kor_Hang,795,52,52
kor_Hang,795,53,13
kor_Hang,795,54,13
kor_Hang,795,55,13
kor_Hang,795,56,13
kor_Hang,795,57,13
kor_Hang,795,58,13
kor_Hang,795,59,13
kor_Hang,795,60,13
kor_Hang,795,61,13
kor_Hang,795,62,13
kor_Hang,795,63,13
kor_Hang,795,64,13
kor_Hang,795,65,13
kor_Hang,795,66,19
kor_Hang,795,67,13
kor_Hang,795,68,13
kor_Hang,795,69,13
kor_Hang,795,70,13
kor_Hang,795,71,34
eng_Latn,796,0,60
eng_Latn,796,1,26
eng_Latn,796,2,30
eng_Latn,796,3,46
eng_Latn,796,4,15
kor_Hang,797,0,60
kor_Hang,797,1,13
kor_Hang,797,2,13
kor_Hang,797,3,13
kor_Hang,797,4,13
kor_Hang,797,5,13
kor_Hang,797,6,13
kor_Hang,797,7,13
kor_Hang,797,8,9
kor_Hang,797,9,13
kor_Hang,797,10,47
kor_Hang,797,11,13
kor_Hang,797,12,13
kor_Hang,797,13,13
kor_Hang,797,14,13
kor_Hang,797,15,61
kor_Hang,797,16,26
kor_Hang,797,17,13
kor_Hang,797,18,52
kor_Hang,797,19,12
kor_Hang,797,20,13
kor_Hang,797,21,12
kor_Hang,797,22,13
kor_Hang,797,23,13
kor_Hang,797,24,13
kor_Hang,797,25,13
kor_Hang,797,26,19
kor_Hang,797,27,13
kor_Hang,797,28,61
kor_Hang,797,29,13
kor_Hang,797,30,13
kor_Hang,797,31,13
kor_Hang,797,32,13
kor_Hang,797,33,13
kor_Hang,797,34,19
kor_Hang,797,35,1
kor_Hang,797,36,52
kor_Hang,797,37,13
kor_Hang,797,38,52
kor_Hang,797,39,52
kor_Hang,797,40,13
kor_Hang,797,41,13
kor_Hang,797,42,47
kor_Hang,797,43,47
kor_Hang,797,44,19
kor_Hang,797,45,13
kor_Hang,797,46,47
kor_Hang,797,47,13
kor_Hang,797,48,13
kor_Hang,797,49,47
kor_Hang,797,50,13
kor_Hang,797,51,13
kor_Hang,797,52,26
kor_Hang,797,53,13
kor_Hang,797,54,61
kor_Hang,797,55,26
kor_Hang,797,56,13
kor_Hang,797,57,13
kor_Hang,797,58,19
kor_Hang,797,59,13
kor_Hang,797,60,19
kor_Hang,797,61,34
kor_Hang,798,0,60
kor_Hang,798,1,13
kor_Hang,798,2,13
kor_Hang,798,3,52
kor_Hang,798,4,47
kor_Hang,798,5,52
kor_Hang,798,6,13
kor_Hang,798,7,13
kor_Hang,798,8,13
kor_Hang,798,9,13
kor_Hang,798,10,52
kor_Hang,798,11,13
kor_Hang,798,12,52
kor_Hang,798,13,52
kor_Hang,798,14,52
kor_Hang,798,15,13
kor_Hang,798,16,13
kor_Hang,798,17,13
kor_Hang,798,18,19
kor_Hang,798,19,13
kor_Hang,798,20,13
kor_Hang,798,21,34
kor_Hang,798,22,13
kor_Hang,798,23,13
kor_Hang,798,24,13
kor_Hang,798,25,13
kor_Hang,798,26,13
kor_Hang,798,27,13
kor_Hang,798,28,13
kor_Hang,798,29,13
kor_Hang,798,30,47
kor_Hang,798,31,19
kor_Hang,798,32,13
kor_Hang,798,33,13
kor_Hang,798,34,19
kor_Hang,798,35,13
kor_Hang,798,36,13
kor_Hang,798,37,13
kor_Hang,798,38,34
kor_Hang,798,39,13
kor_Hang,798,40,13
kor_Hang,798,41,13
kor_Hang,798,42,19
kor_Hang,798,43,34
kor_Hang,798,44,19
kor_Hang,798,45,13
kor_Hang,798,46,34
kor_Hang,799,0,60
kor_Hang,799,1,13
kor_Hang,799,2,13
kor_Hang,799,3,47
kor_Hang,799,4,19
kor_Hang,799,5,13
kor_Hang,799,6,13
kor_Hang,799,7,13
kor_Hang,799,8,19
kor_Hang,799,9,13
kor_Hang,799,10,13
kor_Hang,799,11,19
kor_Hang,799,12,19
kor_Hang,799,13,19
kor_Hang,799,14,13
kor_Hang,799,15,19
kor_Hang,799,16,13
kor_Hang,799,17,13
kor_Hang,799,18,13
kor_Hang,799,19,13
kor_Hang,799,20,13
kor_Hang,799,21,47
kor_Hang,799,22,13
kor_Hang,799,23,13
kor_Hang,799,24,13
kor_Hang,799,25,13
kor_Hang,799,26,13
kor_Hang,799,27,13
kor_Hang,799,28,13
kor_Hang,799,29,12
kor_Hang,799,30,11
kor_Hang,799,31,7
kor_Hang,799,32,47
kor_Hang,799,33,61
kor_Hang,799,34,62
kor_Hang,799,35,9
kor_Hang,799,36,62
kor_Hang,799,37,52
kor_Hang,800,0,60
kor_Hang,800,1,19
kor_Hang,800,2,13
kor_Hang,800,3,13
kor_Hang,800,4,47
kor_Hang,800,5,13
kor_Hang,800,6,13
kor_Hang,800,7,19
kor_Hang,800,8,13
kor_Hang,800,9,19
kor_Hang,800,10,13
kor_Hang,800,11,19
kor_Hang,800,12,13
kor_Hang,800,13,13
kor_Hang,800,14,13
kor_Hang,800,15,13
kor_Hang,800,16,47
kor_Hang,800,17,13
kor_Hang,800,18,13
kor_Hang,800,19,13
kor_Hang,800,20,13
kor_Hang,800,21,19
kor_Hang,800,22,13
kor_Hang,800,23,13
kor_Hang,800,24,13
kor_Hang,800,25,19
kor_Hang,800,26,13
kor_Hang,800,27,19
kor_Hang,800,28,13
kor_Hang,800,29,13
kor_Hang,800,30,13
kor_Hang,800,31,13
kor_Hang,800,32,13
kor_Hang,800,33,13
kor_Hang,800,34,13
kor_Hang,800,35,13
kor_Hang,800,36,13
kor_Hang,800,37,13
kor_Hang,800,38,19
kor_Hang,800,39,13
kor_Hang,800,40,34
kor_Hang,801,0,60
kor_Hang,801,1,13
kor_Hang,801,2,13
kor_Hang,801,3,47
kor_Hang,801,4,39
kor_Hang,801,5,13
kor_Hang,801,6,47
kor_Hang,801,7,13
kor_Hang,801,8,13
kor_Hang,801,9,13
kor_Hang,801,10,13
kor_Hang,801,11,13
kor_Hang,801,12,13
kor_Hang,801,13,13
kor_Hang,801,14,13
kor_Hang,801,15,13
kor_Hang,801,16,13
kor_Hang,801,17,13
kor_Hang,801,18,13
kor_Hang,801,19,13
kor_Hang,801,20,13
kor_Hang,801,21,13
kor_Hang,801,22,13
kor_Hang,801,23,13
kor_Hang,801,24,13
kor_Hang,801,25,39
kor_Hang,801,26,13
kor_Hang,801,27,47
kor_Hang,801,28,13
kor_Hang,801,29,13
kor_Hang,801,30,19
kor_Hang,801,31,19
kor_Hang,801,32,13
kor_Hang,801,33,13
kor_Hang,801,34,47
kor_Hang,801,35,13
kor_Hang,801,36,47
kor_Hang,801,37,13
kor_Hang,801,38,47
kor_Hang,801,39,47
kor_Hang,801,40,13
kor_Hang,801,41,13
kor_Hang,801,42,13
kor_Hang,801,43,61
kor_Hang,801,44,19
kor_Hang,801,45,13
kor_Hang,801,46,13
kor_Hang,801,47,13
kor_Hang,801,48,13
kor_Hang,801,49,13
kor_Hang,801,50,13
kor_Hang,801,51,13
kor_Hang,801,52,13
kor_Hang,801,53,13
kor_Hang,801,54,13
kor_Hang,801,55,34
kor_Hang,801,56,34
kor_Hang,802,0,60
kor_Hang,802,1,13
kor_Hang,802,2,13
kor_Hang,802,3,13
kor_Hang,802,4,13
kor_Hang,802,5,13
kor_Hang,802,6,13
kor_Hang,802,7,13
kor_Hang,802,8,13
kor_Hang,802,9,13
kor_Hang,802,10,13
kor_Hang,802,11,13
kor_Hang,802,12,13
kor_Hang,802,13,13
kor_Hang,802,14,13
kor_Hang,802,15,13
kor_Hang,802,16,19
kor_Hang,802,17,34
kor_Hang,802,18,13
kor_Hang,802,19,13
kor_Hang,802,20,13
kor_Hang,802,21,13
kor_Hang,802,22,47
kor_Hang,802,23,47
kor_Hang,802,24,13
kor_Hang,802,25,13
kor_Hang,802,26,13
kor_Hang,802,27,13
kor_Hang,802,28,13
kor_Hang,802,29,13
kor_Hang,802,30,13
kor_Hang,802,31,27
kor_Hang,802,32,13
kor_Hang,802,33,13
kor_Hang,802,34,13
kor_Hang,802,35,13
kor_Hang,802,36,13
kor_Hang,802,37,34
kor_Hang,802,38,19
kor_Hang,802,39,13
kor_Hang,802,40,34
kor_Hang,803,0,60
kor_Hang,803,1,13
kor_Hang,803,2,13
kor_Hang,803,3,19
kor_Hang,803,4,13
kor_Hang,803,5,19
kor_Hang,803,6,13
kor_Hang,803,7,13
kor_Hang,803,8,13
kor_Hang,803,9,19
kor_Hang,803,10,39
kor_Hang,803,11,19
kor_Hang,803,12,13
kor_Hang,803,13,13
kor_Hang,803,14,13
kor_Hang,803,15,13
kor_Hang,803,16,13
kor_Hang,803,17,13
kor_Hang,803,18,13
kor_Hang,803,19,47
kor_Hang,803,20,13
kor_Hang,804,0,60
kor_Hang,804,1,24
kor_Hang,804,2,13
kor_Hang,804,3,13
kor_Hang,804,4,13
kor_Hang,804,5,13
kor_Hang,804,6,13
kor_Hang,804,7,13
kor_Hang,804,8,13
kor_Hang,804,9,47
kor_Hang,804,10,19
kor_Hang,804,11,61
kor_Hang,804,12,19
kor_Hang,804,13,34
kor_Hang,804,14,13
kor_Hang,804,15,13
kor_Hang,804,16,13
kor_Hang,804,17,13
kor_Hang,804,18,13
kor_Hang,804,19,13
kor_Hang,804,20,13
kor_Hang,804,21,13
kor_Hang,804,22,13
kor_Hang,804,23,13
kor_Hang,804,24,19
kor_Hang,804,25,13
kor_Hang,804,26,13
kor_Hang,804,27,13
kor_Hang,804,28,13
kor_Hang,804,29,13
kor_Hang,804,30,19
kor_Hang,804,31,13
kor_Hang,804,32,13
kor_Hang,804,33,13
kor_Hang,804,34,13
kor_Hang,804,35,19
kor_Hang,804,36,13
kor_Hang,804,37,13
kor_Hang,804,38,13
kor_Hang,804,39,13
kor_Hang,804,40,34
kor_Hang,804,41,13
kor_Hang,804,42,13
kor_Hang,804,43,13
kor_Hang,804,44,19
kor_Hang,804,45,13
kor_Hang,804,46,13
kor_Hang,804,47,13
kor_Hang,804,48,13
kor_Hang,804,49,13
kor_Hang,804,50,19
kor_Hang,804,51,34
kor_Hang,804,52,13
kor_Hang,804,53,47
kor_Hang,804,54,13
kor_Hang,804,55,13
kor_Hang,804,56,19
kor_Hang,804,57,34
kor_Hang,804,58,34
kor_Hang,804,59,13
kor_Hang,804,60,13
kor_Hang,804,61,13
kor_Hang,804,62,34
kor_Hang,804,63,34
kor_Hang,804,64,19
kor_Hang,804,65,34
kor_Hang,804,66,34
kor_Hang,805,0,60
kor_Hang,805,1,13
kor_Hang,805,2,13
kor_Hang,805,3,13
kor_Hang,805,4,13
kor_Hang,805,5,13
kor_Hang,805,6,13
kor_Hang,805,7,13
kor_Hang,805,8,11
kor_Hang,805,9,13
kor_Hang,805,10,47
kor_Hang,805,11,13
kor_Hang,805,12,13
kor_Hang,805,13,13
kor_Hang,805,14,13
kor_Hang,805,15,13
kor_Hang,805,16,29
kor_Hang,805,17,13
kor_Hang,805,18,12
kor_Hang,805,19,13
kor_Hang,805,20,13
kor_Hang,805,21,13
kor_Hang,805,22,13
kor_Hang,805,23,13
kor_Hang,805,24,13
kor_Hang,805,25,13
kor_Hang,805,26,13
kor_Hang,805,27,47
kor_Hang,805,28,19
kor_Hang,805,29,13
kor_Hang,805,30,13
kor_Hang,805,31,19
kor_Hang,805,32,13
kor_Hang,805,33,13
kor_Hang,805,34,13
kor_Hang,805,35,13
kor_Hang,805,36,13
kor_Hang,805,37,13
kor_Hang,805,38,13
kor_Hang,805,39,47
kor_Hang,805,40,34
kor_Hang,805,41,13
kor_Hang,805,42,13
kor_Hang,805,43,13
kor_Hang,805,44,47
kor_Hang,805,45,13
kor_Hang,805,46,47
kor_Hang,805,47,13
kor_Hang,805,48,13
kor_Hang,805,49,13
kor_Hang,805,50,13
kor_Hang,805,51,13
kor_Hang,805,52,27
kor_Hang,805,53,13
kor_Hang,805,54,13
kor_Hang,805,55,13
kor_Hang,805,56,13
kor_Hang,805,57,13
kor_Hang,805,58,13
kor_Hang,805,59,13
kor_Hang,806,0,60
kor_Hang,806,1,12
kor_Hang,806,2,58
kor_Hang,806,3,11
kor_Hang,806,4,13
kor_Hang,806,5,13
kor_Hang,806,6,13
kor_Hang,806,7,13
kor_Hang,806,8,13
kor_Hang,806,9,13
kor_Hang,806,10,13
kor_Hang,806,11,13
kor_Hang,806,12,13
kor_Hang,806,13,13
kor_Hang,806,14,24
kor_Hang,806,15,13
kor_Hang,806,16,13
kor_Hang,806,17,27
kor_Hang,806,18,13
kor_Hang,806,19,13
kor_Hang,806,20,13
kor_Hang,806,21,13
kor_Hang,806,22,47
kor_Hang,806,23,13
kor_Hang,806,24,13
kor_Hang,806,25,13
kor_Hang,806,26,19
kor_Hang,806,27,13
kor_Hang,806,28,13
kor_Hang,806,29,13
kor_Hang,806,30,13
kor_Hang,806,31,13
kor_Hang,806,32,13
kor_Hang,806,33,13
kor_Hang,806,34,13
kor_Hang,806,35,13
kor_Hang,806,36,13
kor_Hang,806,37,13
kor_Hang,806,38,13
kor_Hang,806,39,13
kor_Hang,806,40,13
kor_Hang,806,41,13
kor_Hang,806,42,13
kor_Hang,806,43,13
kor_Hang,806,44,13
kor_Hang,806,45,13
kor_Hang,806,46,13
kor_Hang,806,47,13
kor_Hang,806,48,19
kor_Hang,806,49,13
kor_Hang,806,50,13
kor_Hang,806,51,13
kor_Hang,806,52,13
kor_Hang,806,53,13
kor_Hang,806,54,19
kor_Hang,806,55,13
kor_Hang,806,56,13
kor_Hang,806,57,24
kor_Hang,806,58,47
kor_Hang,806,59,19
kor_Hang,806,60,13
kor_Hang,806,61,7
kor_Hang,806,62,13
kor_Hang,806,63,1
kor_Hang,806,64,13
kor_Hang,806,65,13
kor_Hang,806,66,13
kor_Hang,806,67,52
kor_Hang,806,68,52
kor_Hang,807,0,60
kor_Hang,807,1,13
kor_Hang,807,2,13
kor_Hang,807,3,13
kor_Hang,807,4,13
kor_Hang,807,5,13
kor_Hang,807,6,47
kor_Hang,807,7,13
kor_Hang,807,8,13
kor_Hang,807,9,13
kor_Hang,807,10,13
kor_Hang,807,11,13
kor_Hang,807,12,13
kor_Hang,807,13,19
kor_Hang,807,14,13
kor_Hang,807,15,13
kor_Hang,807,16,61
kor_Hang,807,17,13
kor_Hang,807,18,19
kor_Hang,807,19,13
kor_Hang,807,20,13
kor_Hang,807,21,47
kor_Hang,807,22,19
kor_Hang,807,23,13
kor_Hang,807,24,39
kor_Hang,807,25,19
kor_Hang,807,26,39
kor_Hang,807,27,13
kor_Hang,807,28,13
kor_Hang,807,29,13
kor_Hang,807,30,13
kor_Hang,807,31,13
kor_Hang,807,32,13
kor_Hang,807,33,47
kor_Hang,807,34,26
kor_Hang,807,35,13
kor_Hang,807,36,13
kor_Hang,807,37,13
kor_Hang,807,38,13
kor_Hang,807,39,13
kor_Hang,807,40,13
kor_Hang,807,41,47
kor_Hang,807,42,19
kor_Hang,807,43,13
kor_Hang,807,44,13
kor_Hang,807,45,19
kor_Hang,807,46,13
kor_Hang,807,47,13
kor_Hang,807,48,13
kor_Hang,807,49,13
kor_Hang,807,50,13
kor_Hang,807,51,13
kor_Hang,807,52,13
kor_Hang,807,53,13
kor_Hang,807,54,13
kor_Hang,807,55,13
kor_Hang,807,56,19
kor_Hang,807,57,13
kor_Hang,807,58,13
kor_Hang,807,59,13
kor_Hang,807,60,13
kor_Hang,807,61,13
kor_Hang,807,62,47
kor_Hang,807,63,13
kor_Hang,807,64,13
kor_Hang,807,65,13
kor_Hang,807,66,13
kor_Hang,807,67,47
kor_Hang,807,68,19
kor_Hang,807,69,34
kor_Hang,807,70,13
kor_Hang,807,71,13
kor_Hang,807,72,13
kor_Hang,807,73,13
kor_Hang,807,74,13
kor_Hang,807,75,47
kor_Hang,807,76,13
kor_Hang,807,77,13
kor_Hang,807,78,34
eng_Latn,808,0,60
eng_Latn,808,1,1
eng_Latn,808,2,37
eng_Latn,808,3,37
eng_Latn,808,4,37
eng_Latn,808,5,49
kor_Hang,809,0,60
kor_Hang,809,1,12
kor_Hang,809,2,13
kor_Hang,809,3,13
kor_Hang,809,4,26
kor_Hang,809,5,13
kor_Hang,809,6,26
kor_Hang,809,7,13
kor_Hang,809,8,13
kor_Hang,809,9,19
kor_Hang,809,10,13
kor_Hang,809,11,47
kor_Hang,809,12,47
kor_Hang,809,13,13
kor_Hang,809,14,13
kor_Hang,809,15,47
kor_Hang,809,16,39
kor_Hang,809,17,13
kor_Hang,809,18,13
kor_Hang,809,19,13
kor_Hang,809,20,13
kor_Hang,809,21,19
kor_Hang,809,22,13
kor_Hang,809,23,13
kor_Hang,809,24,13
kor_Hang,809,25,19
kor_Hang,809,26,13
kor_Hang,809,27,13
kor_Hang,809,28,19
kor_Hang,809,29,13
kor_Hang,809,30,13
kor_Hang,809,31,13
kor_Hang,809,32,13
kor_Hang,809,33,13
kor_Hang,809,34,13
kor_Hang,809,35,13
kor_Hang,809,36,47
kor_Hang,809,37,13
kor_Hang,809,38,13
kor_Hang,809,39,13
kor_Hang,809,40,13
kor_Hang,809,41,13
kor_Hang,809,42,13
kor_Hang,809,43,13
kor_Hang,809,44,13
kor_Hang,809,45,19
kor_Hang,809,46,39
kor_Hang,809,47,61
kor_Hang,809,48,19
kor_Hang,809,49,13
kor_Hang,809,50,19
kor_Hang,809,51,13
kor_Hang,809,52,13
kor_Hang,809,53,13
kor_Hang,810,0,60
kor_Hang,810,1,13
kor_Hang,810,2,13
kor_Hang,810,3,47
kor_Hang,810,4,13
kor_Hang,810,5,13
kor_Hang,810,6,13
kor_Hang,810,7,13
kor_Hang,810,8,13
kor_Hang,810,9,13
kor_Hang,810,10,13
kor_Hang,810,11,13
kor_Hang,810,12,19
kor_Hang,810,13,13
kor_Hang,810,14,13
kor_Hang,810,15,19
kor_Hang,810,16,13
kor_Hang,810,17,39
kor_Hang,810,18,47
kor_Hang,810,19,13
kor_Hang,810,20,13
kor_Hang,810,21,13
kor_Hang,810,22,13
kor_Hang,810,23,13
kor_Hang,810,24,19
kor_Hang,810,25,13
kor_Hang,810,26,13
kor_Hang,810,27,19
kor_Hang,810,28,13
kor_Hang,810,29,13
kor_Hang,810,30,13
kor_Hang,810,31,13
kor_Hang,810,32,13
kor_Hang,810,33,47
kor_Hang,810,34,13
kor_Hang,810,35,39
kor_Hang,810,36,13
kor_Hang,810,37,13
kor_Hang,810,38,13
kor_Hang,810,39,13
kor_Hang,810,40,13
kor_Hang,810,41,13
kor_Hang,810,42,13
kor_Hang,810,43,12
kor_Hang,810,44,11
kor_Hang,810,45,13
kor_Hang,810,46,19
kor_Hang,810,47,13
kor_Hang,810,48,19
kor_Hang,810,49,13
kor_Hang,810,50,13
kor_Hang,810,51,13
kor_Hang,810,52,52
kor_Hang,811,0,60
kor_Hang,811,1,47
kor_Hang,811,2,47
kor_Hang,811,3,19
kor_Hang,811,4,19
kor_Hang,811,5,19
kor_Hang,811,6,13
kor_Hang,811,7,19
kor_Hang,811,8,13
kor_Hang,811,9,19
kor_Hang,811,10,13
kor_Hang,811,11,13
kor_Hang,811,12,13
kor_Hang,811,13,47
kor_Hang,811,14,13
kor_Hang,811,15,47
kor_Hang,811,16,47
kor_Hang,811,17,34
kor_Hang,811,18,13
kor_Hang,811,19,13
kor_Hang,811,20,13
kor_Hang,811,21,34
kor_Hang,812,0,60
kor_Hang,812,1,13
kor_Hang,812,2,19
kor_Hang,812,3,13
kor_Hang,812,4,13
kor_Hang,812,5,19
kor_Hang,812,6,13
kor_Hang,812,7,13
kor_Hang,812,8,47
kor_Hang,812,9,13
kor_Hang,812,10,13
kor_Hang,812,11,13
kor_Hang,812,12,13
kor_Hang,812,13,13
kor_Hang,812,14,13
kor_Hang,812,15,13
kor_Hang,812,16,13
kor_Hang,812,17,13
kor_Hang,812,18,13
kor_Hang,812,19,34
kor_Hang,813,0,60
kor_Hang,813,1,13
kor_Hang,813,2,13
kor_Hang,813,3,13
kor_Hang,813,4,13
kor_Hang,813,5,13
kor_Hang,813,6,13
kor_Hang,813,7,13
kor_Hang,813,8,13
kor_Hang,813,9,13
kor_Hang,813,10,13
kor_Hang,813,11,61
kor_Hang,813,12,13
kor_Hang,813,13,13
kor_Hang,813,14,13
kor_Hang,813,15,13
kor_Hang,813,16,47
kor_Hang,813,17,52
kor_Hang,813,18,13
kor_Hang,813,19,13
kor_Hang,813,20,34
kor_Hang,813,21,13
kor_Hang,813,22,42
kor_Hang,813,23,13
kor_Hang,813,24,13
kor_Hang,813,25,19
kor_Hang,813,26,13
kor_Hang,813,27,13
kor_Hang,813,28,52
kor_Hang,814,0,60
kor_Hang,814,1,13
kor_Hang,814,2,13
kor_Hang,814,3,13
kor_Hang,814,4,13
kor_Hang,814,5,13
kor_Hang,814,6,13
kor_Hang,814,7,13
kor_Hang,814,8,13
kor_Hang,814,9,13
kor_Hang,814,10,13
kor_Hang,814,11,47
kor_Hang,814,12,47
kor_Hang,814,13,13
kor_Hang,814,14,61
kor_Hang,814,15,13
kor_Hang,814,16,13
kor_Hang,814,17,47
kor_Hang,814,18,13
kor_Hang,814,19,13
kor_Hang,814,20,13
kor_Hang,814,21,13
kor_Hang,814,22,47
kor_Hang,814,23,13
kor_Hang,814,24,13
kor_Hang,814,25,13
kor_Hang,814,26,13
kor_Hang,814,27,13
kor_Hang,814,28,13
kor_Hang,814,29,13
kor_Hang,814,30,13
kor_Hang,814,31,13
kor_Hang,814,32,13
kor_Hang,814,33,13
kor_Hang,814,34,13
kor_Hang,814,35,13
kor_Hang,814,36,13
kor_Hang,814,37,13
kor_Hang,814,38,13
kor_Hang,814,39,13
kor_Hang,814,40,13
kor_Hang,814,41,13
kor_Hang,814,42,13
kor_Hang,814,43,13
kor_Hang,814,44,13
kor_Hang,814,45,13
kor_Hang,814,46,13
kor_Hang,814,47,34
kor_Hang,815,0,60
kor_Hang,815,1,47
kor_Hang,815,2,13
kor_Hang,815,3,13
kor_Hang,815,4,13
kor_Hang,815,5,13
kor_Hang,815,6,13
kor_Hang,815,7,47
kor_Hang,815,8,13
kor_Hang,815,9,13
kor_Hang,815,10,13
kor_Hang,815,11,13
kor_Hang,815,12,13
kor_Hang,815,13,19
kor_Hang,815,14,13
kor_Hang,815,15,13
kor_Hang,815,16,13
kor_Hang,815,17,13
kor_Hang,815,18,19
kor_Hang,815,19,13
kor_Hang,815,20,13
kor_Hang,815,21,19
kor_Hang,815,22,19
kor_Hang,815,23,13
kor_Hang,815,24,13
kor_Hang,815,25,13
kor_Hang,815,26,34
kor_Hang,815,27,13
kor_Hang,815,28,13
kor_Hang,815,29,13
kor_Hang,815,30,13
kor_Hang,815,31,13
kor_Hang,815,32,13
kor_Hang,815,33,13
kor_Hang,815,34,13
kor_Hang,815,35,13
kor_Hang,815,36,13
kor_Hang,815,37,13
kor_Hang,815,38,47
kor_Hang,815,39,13
kor_Hang,815,40,13
kor_Hang,815,41,13
kor_Hang,815,42,13
kor_Hang,815,43,19
kor_Hang,815,44,13
kor_Hang,815,45,61
kor_Hang,815,46,19
kor_Hang,815,47,34
kor_Hang,815,48,13
kor_Hang,815,49,13
kor_Hang,815,50,13
kor_Hang,815,51,13
kor_Hang,815,52,13
kor_Hang,815,53,13
kor_Hang,815,54,19
kor_Hang,815,55,13
kor_Hang,815,56,13
kor_Hang,815,57,13
kor_Hang,815,58,13
kor_Hang,815,59,13
kor_Hang,815,60,13
kor_Hang,815,61,34
kor_Hang,815,62,13
kor_Hang,815,63,13
kor_Hang,815,64,13
kor_Hang,815,65,13
kor_Hang,815,66,13
kor_Hang,815,67,13
kor_Hang,815,68,34
kor_Hang,815,69,13
kor_Hang,815,70,34
eng_Latn,816,0,60
eng_Latn,816,1,39
eng_Latn,816,2,5
eng_Latn,816,3,35
eng_Latn,816,4,18
eng_Latn,816,5,14
eng_Latn,816,6,18
eng_Latn,816,7,14
eng_Latn,816,8,14
eng_Latn,816,9,47
kor_Hang,817,0,60
kor_Hang,817,1,13
kor_Hang,817,2,13
kor_Hang,817,3,13
kor_Hang,817,4,13
kor_Hang,817,5,13
kor_Hang,817,6,13
kor_Hang,817,7,47
kor_Hang,817,8,19
kor_Hang,817,9,13
kor_Hang,817,10,19
kor_Hang,817,11,13
kor_Hang,817,12,13
kor_Hang,817,13,13
kor_Hang,817,14,13
kor_Hang,817,15,13
kor_Hang,817,16,19
kor_Hang,817,17,13
kor_Hang,817,18,13
kor_Hang,817,19,47
kor_Hang,817,20,13
kor_Hang,817,21,1
kor_Hang,818,0,60
kor_Hang,818,1,13
kor_Hang,818,2,13
kor_Hang,818,3,13
kor_Hang,818,4,13
kor_Hang,818,5,13
kor_Hang,818,6,13
kor_Hang,818,7,27
kor_Hang,818,8,13
kor_Hang,818,9,13
kor_Hang,818,10,13
kor_Hang,818,11,19
kor_Hang,818,12,13
kor_Hang,818,13,19
kor_Hang,818,14,13
kor_Hang,818,15,13
kor_Hang,818,16,52
kor_Hang,818,17,52
kor_Hang,818,18,52
kor_Hang,818,19,52
kor_Hang,818,20,52
kor_Hang,818,21,52
kor_Hang,818,22,13
kor_Hang,818,23,13
kor_Hang,818,24,13
kor_Hang,818,25,19
kor_Hang,818,26,13
kor_Hang,818,27,13
kor_Hang,818,28,13
kor_Hang,818,29,13
kor_Hang,818,30,34
kor_Hang,818,31,13
kor_Hang,818,32,13
kor_Hang,818,33,13
kor_Hang,818,34,13
kor_Hang,818,35,13
kor_Hang,818,36,13
kor_Hang,818,37,13
kor_Hang,818,38,13
kor_Hang,818,39,13
kor_Hang,818,40,13
kor_Hang,818,41,34
kor_Hang,818,42,34
kor_Hang,819,0,60
kor_Hang,819,1,47
kor_Hang,819,2,13
kor_Hang,819,3,13
kor_Hang,819,4,13
kor_Hang,819,5,13
kor_Hang,819,6,47
kor_Hang,819,7,13
kor_Hang,819,8,13
kor_Hang,819,9,13
kor_Hang,819,10,13
kor_Hang,819,11,34
kor_Hang,819,12,13
kor_Hang,819,13,13
kor_Hang,819,14,13
kor_Hang,819,15,13
kor_Hang,819,16,13
kor_Hang,819,17,19
kor_Hang,819,18,13
kor_Hang,819,19,13
kor_Hang,819,20,13
kor_Hang,819,21,6
kor_Hang,819,22,13
kor_Hang,819,23,13
kor_Hang,819,24,19
kor_Hang,819,25,13
kor_Hang,819,26,13
kor_Hang,819,27,13
kor_Hang,819,28,13
kor_Hang,819,29,13
kor_Hang,819,30,13
kor_Hang,819,31,13
kor_Hang,819,32,19
kor_Hang,819,33,13
kor_Hang,819,34,13
kor_Hang,819,35,13
kor_Hang,819,36,13
kor_Hang,819,37,47
kor_Hang,819,38,13
kor_Hang,819,39,13
kor_Hang,819,40,13
kor_Hang,819,41,13
kor_Hang,819,42,13
kor_Hang,819,43,13
kor_Hang,819,44,13
kor_Hang,819,45,13
kor_Hang,819,46,13
kor_Hang,819,47,19
kor_Hang,819,48,34
kor_Hang,819,49,34
kor_Hang,820,0,60
kor_Hang,820,1,13
kor_Hang,820,2,13
kor_Hang,820,3,13
kor_Hang,820,4,13
kor_Hang,820,5,47
kor_Hang,820,6,13
kor_Hang,820,7,13
kor_Hang,820,8,13
kor_Hang,820,9,19
kor_Hang,820,10,13
kor_Hang,820,11,19
kor_Hang,820,12,13
kor_Hang,820,13,13
kor_Hang,820,14,13
kor_Hang,820,15,13
kor_Hang,820,16,13
kor_Hang,820,17,19
kor_Hang,820,18,13
kor_Hang,820,19,13
kor_Hang,820,20,13
kor_Hang,820,21,13
kor_Hang,820,22,13
kor_Hang,820,23,13
kor_Hang,820,24,19
kor_Hang,820,25,13
kor_Hang,820,26,13
kor_Hang,820,27,13
kor_Hang,820,28,13
kor_Hang,820,29,13
kor_Hang,820,30,47
kor_Hang,820,31,19
kor_Hang,820,32,34
kor_Hang,820,33,13
kor_Hang,820,34,13
kor_Hang,820,35,13
kor_Hang,820,36,34
kor_Hang,821,0,60
kor_Hang,821,1,13
kor_Hang,821,2,13
kor_Hang,821,3,19
kor_Hang,821,4,13
kor_Hang,821,5,13
kor_Hang,821,6,13
kor_Hang,821,7,13
kor_Hang,821,8,13
kor_Hang,821,9,12
kor_Hang,821,10,13
kor_Hang,821,11,13
kor_Hang,821,12,13
kor_Hang,821,13,13
kor_Hang,821,14,13
kor_Hang,821,15,13
kor_Hang,821,16,13
kor_Hang,821,17,13
kor_Hang,821,18,13
kor_Hang,821,19,52
kor_Hang,821,20,52
kor_Hang,821,21,13
kor_Hang,821,22,52
kor_Hang,821,23,1
kor_Hang,821,24,52
kor_Hang,821,25,52
kor_Hang,821,26,52
kor_Hang,821,27,52
kor_Hang,821,28,52
kor_Hang,821,29,13
kor_Hang,821,30,13
kor_Hang,821,31,13
kor_Hang,821,32,34
kor_Hang,822,0,60
kor_Hang,822,1,13
kor_Hang,822,2,13
kor_Hang,822,3,13
kor_Hang,822,4,13
kor_Hang,822,5,13
kor_Hang,822,6,13
kor_Hang,822,7,13
kor_Hang,822,8,51
kor_Hang,822,9,13
kor_Hang,822,10,13
kor_Hang,822,11,13
kor_Hang,822,12,13
kor_Hang,822,13,61
kor_Hang,822,14,13
kor_Hang,822,15,13
kor_Hang,822,16,13
kor_Hang,822,17,13
kor_Hang,822,18,13
kor_Hang,822,19,13
kor_Hang,822,20,47
kor_Hang,822,21,47
kor_Hang,822,22,13
kor_Hang,822,23,19
kor_Hang,822,24,13
kor_Hang,822,25,19
kor_Hang,822,26,13
kor_Hang,822,27,13
kor_Hang,822,28,13
kor_Hang,822,29,13
kor_Hang,822,30,12
kor_Hang,822,31,13
kor_Hang,822,32,13
kor_Hang,822,33,47
kor_Hang,822,34,13
kor_Hang,822,35,13
kor_Hang,822,36,34
kor_Hang,822,37,13
kor_Hang,822,38,13
kor_Hang,822,39,13
kor_Hang,822,40,13
kor_Hang,822,41,13
kor_Hang,822,42,19
kor_Hang,822,43,13
kor_Hang,822,44,34
kor_Hang,822,45,13
kor_Hang,822,46,13
kor_Hang,822,47,13
kor_Hang,822,48,19
kor_Hang,822,49,13
kor_Hang,822,50,13
kor_Hang,823,0,60
kor_Hang,823,1,52
kor_Hang,823,2,13
kor_Hang,823,3,13
kor_Hang,823,4,13
kor_Hang,823,5,13
kor_Hang,823,6,13
kor_Hang,823,7,19
kor_Hang,823,8,13
kor_Hang,823,9,13
kor_Hang,823,10,13
kor_Hang,823,11,13
kor_Hang,823,12,19
kor_Hang,823,13,13
kor_Hang,823,14,13
kor_Hang,823,15,13
kor_Hang,823,16,13
kor_Hang,823,17,13
kor_Hang,823,18,13
kor_Hang,823,19,13
kor_Hang,823,20,13
kor_Hang,823,21,13
kor_Hang,823,22,13
kor_Hang,823,23,13
kor_Hang,823,24,13
kor_Hang,823,25,13
kor_Hang,823,26,13
kor_Hang,823,27,13
kor_Hang,823,28,13
kor_Hang,823,29,13
kor_Hang,823,30,13
kor_Hang,823,31,13
kor_Hang,823,32,24
kor_Hang,823,33,13
kor_Hang,823,34,13
kor_Hang,823,35,13
kor_Hang,823,36,19
kor_Hang,823,37,13
kor_Hang,823,38,13
kor_Hang,823,39,13
kor_Hang,823,40,13
kor_Hang,823,41,47
kor_Hang,823,42,13
kor_Hang,823,43,47
kor_Hang,823,44,13
kor_Hang,823,45,13
kor_Hang,823,46,13
kor_Hang,823,47,13
kor_Hang,823,48,13
kor_Hang,823,49,13
kor_Hang,823,50,13
kor_Hang,823,51,13
kor_Hang,823,52,13
kor_Hang,823,53,13
kor_Hang,823,54,19
kor_Hang,823,55,13
kor_Hang,823,56,13
kor_Hang,823,57,13
kor_Hang,823,58,13
kor_Hang,823,59,13
kor_Hang,823,60,13
kor_Hang,823,61,13
kor_Hang,823,62,47
kor_Hang,823,63,13
kor_Hang,823,64,13
kor_Hang,823,65,13
kor_Hang,823,66,13
kor_Hang,823,67,13
kor_Hang,823,68,13
kor_Hang,823,69,13
kor_Hang,823,70,13
kor_Hang,823,71,13
eng_Latn,824,0,60
eng_Latn,824,1,12
eng_Latn,824,2,42
eng_Latn,824,3,22
eng_Latn,824,4,27
eng_Latn,824,5,49
eng_Latn,824,6,9
eng_Latn,824,7,29
eng_Latn,824,8,22
kor_Hang,825,0,60
kor_Hang,825,1,13
kor_Hang,825,2,13
kor_Hang,825,3,13
kor_Hang,825,4,13
kor_Hang,825,5,13
kor_Hang,825,6,13
kor_Hang,825,7,13
kor_Hang,825,8,13
kor_Hang,825,9,13
kor_Hang,825,10,13
kor_Hang,825,11,13
kor_Hang,825,12,47
kor_Hang,825,13,13
kor_Hang,825,14,13
kor_Hang,825,15,13
kor_Hang,825,16,19
kor_Hang,825,17,13
kor_Hang,825,18,47
kor_Hang,825,19,13
kor_Hang,825,20,13
kor_Hang,825,21,13
kor_Hang,825,22,47
kor_Hang,825,23,13
kor_Hang,825,24,47
kor_Hang,825,25,47
kor_Hang,825,26,13
kor_Hang,825,27,47
kor_Hang,825,28,19
kor_Hang,825,29,13
kor_Hang,825,30,11
kor_Hang,825,31,39
kor_Hang,826,0,60
kor_Hang,826,1,13
kor_Hang,826,2,13
kor_Hang,826,3,13
kor_Hang,826,4,1
kor_Hang,826,5,13
kor_Hang,826,6,13
kor_Hang,826,7,13
kor_Hang,826,8,13
kor_Hang,826,9,13
kor_Hang,826,10,47
kor_Hang,826,11,13
kor_Hang,826,12,13
kor_Hang,826,13,13
kor_Hang,826,14,13
kor_Hang,826,15,13
kor_Hang,826,16,13
kor_Hang,826,17,13
kor_Hang,826,18,19
kor_Hang,826,19,13
kor_Hang,826,20,13
kor_Hang,826,21,13
kor_Hang,826,22,13
kor_Hang,826,23,47
kor_Hang,826,24,13
kor_Hang,826,25,13
kor_Hang,826,26,13
kor_Hang,826,27,13
kor_Hang,826,28,13
kor_Hang,826,29,27
kor_Hang,826,30,13
kor_Hang,826,31,13
kor_Hang,826,32,13
kor_Hang,826,33,47
kor_Hang,826,34,13
kor_Hang,826,35,47
kor_Hang,826,36,13
kor_Hang,826,37,13
kor_Hang,826,38,13
kor_Hang,826,39,13
kor_Hang,826,40,13
kor_Hang,826,41,19
kor_Hang,826,42,13
kor_Hang,826,43,13
kor_Hang,826,44,13
kor_Hang,826,45,47
kor_Hang,826,46,47
kor_Hang,826,47,13
kor_Hang,826,48,13
kor_Hang,826,49,13
kor_Hang,826,50,13
kor_Hang,826,51,19
kor_Hang,826,52,13
kor_Hang,826,53,13
kor_Hang,826,54,13
kor_Hang,826,55,13
kor_Hang,826,56,13
kor_Hang,826,57,13
kor_Hang,826,58,47
kor_Hang,826,59,13
kor_Hang,826,60,13
kor_Hang,826,61,13
kor_Hang,826,62,13
kor_Hang,826,63,13
kor_Hang,826,64,19
kor_Hang,826,65,13
kor_Hang,826,66,13
kor_Hang,826,67,13
kor_Hang,826,68,13
kor_Hang,826,69,13
kor_Hang,826,70,13
kor_Hang,826,71,13
kor_Hang,826,72,34
kor_Hang,826,73,13
kor_Hang,826,74,13
kor_Hang,826,75,13
kor_Hang,826,76,13
kor_Hang,826,77,13
kor_Hang,826,78,13
kor_Hang,826,79,34
kor_Hang,827,0,60
kor_Hang,827,1,13
kor_Hang,827,2,47
kor_Hang,827,3,13
kor_Hang,827,4,13
kor_Hang,827,5,19
kor_Hang,827,6,39
kor_Hang,827,7,13
kor_Hang,827,8,13
kor_Hang,827,9,19
kor_Hang,827,10,13
kor_Hang,827,11,42
kor_Hang,827,12,13
kor_Hang,827,13,19
kor_Hang,827,14,13
kor_Hang,827,15,13
kor_Hang,827,16,13
kor_Hang,827,17,13
kor_Hang,827,18,13
kor_Hang,827,19,19
kor_Hang,827,20,13
kor_Hang,827,21,19
kor_Hang,827,22,13
kor_Hang,827,23,13
kor_Hang,827,24,13
kor_Hang,827,25,19
kor_Hang,827,26,13
kor_Hang,827,27,61
kor_Hang,827,28,19
kor_Hang,827,29,13
kor_Hang,827,30,13
kor_Hang,827,31,13
kor_Hang,827,32,13
kor_Hang,827,33,13
kor_Hang,827,34,13
kor_Hang,827,35,34
kor_Hang,827,36,13
kor_Hang,827,37,13
kor_Hang,827,38,13
kor_Hang,827,39,13
kor_Hang,827,40,34
kor_Hang,828,0,60
kor_Hang,828,1,9
kor_Hang,828,2,58
kor_Hang,828,3,13
kor_Hang,828,4,13
kor_Hang,828,5,13
kor_Hang,828,6,13
kor_Hang,828,7,13
kor_Hang,828,8,13
kor_Hang,828,9,13
kor_Hang,828,10,13
kor_Hang,828,11,61
kor_Hang,828,12,13
kor_Hang,828,13,13
kor_Hang,828,14,19
kor_Hang,828,15,13
kor_Hang,828,16,13
kor_Hang,828,17,13
kor_Hang,828,18,13
kor_Hang,828,19,61
kor_Hang,828,20,13
kor_Hang,828,21,13
kor_Hang,828,22,19
kor_Hang,828,23,13
kor_Hang,828,24,13
kor_Hang,828,25,13
kor_Hang,828,26,13
kor_Hang,828,27,47
kor_Hang,828,28,19
kor_Hang,828,29,13
kor_Hang,828,30,13
kor_Hang,828,31,13
kor_Hang,828,32,13
kor_Hang,828,33,13
kor_Hang,828,34,13
kor_Hang,828,35,13
kor_Hang,828,36,47
kor_Hang,828,37,13
kor_Hang,828,38,19
kor_Hang,828,39,13
kor_Hang,828,40,13
kor_Hang,828,41,13
kor_Hang,828,42,13
kor_Hang,828,43,13
kor_Hang,828,44,13
kor_Hang,828,45,13
kor_Hang,828,46,19
kor_Hang,828,47,13
kor_Hang,828,48,13
kor_Hang,828,49,13
kor_Hang,828,50,13
kor_Hang,828,51,13
kor_Hang,828,52,13
kor_Hang,828,53,13
kor_Hang,828,54,13
kor_Hang,828,55,13
kor_Hang,828,56,13
kor_Hang,828,57,13
kor_Hang,828,58,34
kor_Hang,828,59,13
kor_Hang,828,60,13
kor_Hang,828,61,13
kor_Hang,828,62,13
kor_Hang,828,63,13
kor_Hang,828,64,13
kor_Hang,828,65,34
kor_Hang,828,66,13
kor_Hang,828,67,13
kor_Hang,828,68,34
kor_Hang,829,0,60
kor_Hang,829,1,13
kor_Hang,829,2,13
kor_Hang,829,3,13
kor_Hang,829,4,13
kor_Hang,829,5,13
kor_Hang,829,6,13
kor_Hang,829,7,13
kor_Hang,829,8,51
kor_Hang,829,9,13
kor_Hang,829,10,13
kor_Hang,829,11,13
kor_Hang,829,12,13
kor_Hang,829,13,13
kor_Hang,829,14,13
kor_Hang,829,15,13
kor_Hang,829,16,13
kor_Hang,829,17,13
kor_Hang,829,18,13
kor_Hang,829,19,13
kor_Hang,829,20,13
kor_Hang,829,21,47
kor_Hang,829,22,13
kor_Hang,829,23,13
kor_Hang,829,24,13
kor_Hang,829,25,13
kor_Hang,829,26,13
kor_Hang,829,27,13
kor_Hang,829,28,19
kor_Hang,829,29,13
kor_Hang,829,30,13
kor_Hang,829,31,13
kor_Hang,829,32,13
kor_Hang,829,33,13
kor_Hang,829,34,13
kor_Hang,829,35,13
kor_Hang,829,36,13
kor_Hang,829,37,13
kor_Hang,829,38,13
kor_Hang,829,39,13
kor_Hang,829,40,13
kor_Hang,829,41,13
kor_Hang,829,42,13
kor_Hang,829,43,13
kor_Hang,829,44,13
kor_Hang,829,45,13
kor_Hang,829,46,13
kor_Hang,829,47,13
kor_Hang,829,48,19
kor_Hang,829,49,13
kor_Hang,829,50,13
kor_Hang,829,51,13
kor_Hang,829,52,13
kor_Hang,829,53,13
kor_Hang,829,54,13
kor_Hang,829,55,13
kor_Hang,829,56,13
kor_Hang,829,57,13
kor_Hang,829,58,13
kor_Hang,829,59,13
kor_Hang,829,60,13
kor_Hang,829,61,13
kor_Hang,829,62,19
kor_Hang,829,63,13
kor_Hang,829,64,13
kor_Hang,829,65,13
kor_Hang,829,66,13
kor_Hang,829,67,13
kor_Hang,829,68,13
kor_Hang,829,69,13
kor_Hang,829,70,13
kor_Hang,829,71,13
kor_Hang,829,72,34
eng_Latn,830,0,60
eng_Latn,830,1,9
eng_Latn,830,2,9
eng_Latn,830,3,56
eng_Latn,830,4,38
eng_Latn,830,5,35
eng_Latn,830,6,46
kor_Hang,831,0,60
kor_Hang,831,1,13
kor_Hang,831,2,13
kor_Hang,831,3,13
kor_Hang,831,4,13
kor_Hang,831,5,13
kor_Hang,831,6,13
kor_Hang,831,7,13
kor_Hang,831,8,13
kor_Hang,831,9,13
kor_Hang,831,10,13
kor_Hang,831,11,13
kor_Hang,831,12,13
kor_Hang,831,13,13
kor_Hang,831,14,13
kor_Hang,831,15,51
kor_Hang,831,16,19
kor_Hang,831,17,13
kor_Hang,831,18,13
kor_Hang,831,19,13
kor_Hang,831,20,13
kor_Hang,831,21,13
kor_Hang,831,22,13
kor_Hang,831,23,13
kor_Hang,831,24,19
kor_Hang,831,25,13
kor_Hang,831,26,13
kor_Hang,831,27,47
kor_Hang,831,28,13
kor_Hang,831,29,39
kor_Hang,831,30,13
kor_Hang,831,31,13
kor_Hang,831,32,13
kor_Hang,831,33,13
kor_Hang,831,34,13
kor_Hang,831,35,13
kor_Hang,831,36,47
kor_Hang,831,37,47
kor_Hang,831,38,13
kor_Hang,831,39,13
kor_Hang,831,40,13
kor_Hang,831,41,19
kor_Hang,831,42,13
kor_Hang,831,43,51
kor_Hang,832,0,60
kor_Hang,832,1,13
kor_Hang,832,2,13
kor_Hang,832,3,13
kor_Hang,832,4,13
kor_Hang,832,5,13
kor_Hang,832,6,13
kor_Hang,832,7,13
kor_Hang,832,8,13
kor_Hang,832,9,19
kor_Hang,832,10,13
kor_Hang,832,11,34
kor_Hang,832,12,13
kor_Hang,832,13,13
kor_Hang,832,14,13
kor_Hang,832,15,13
kor_Hang,832,16,13
kor_Hang,832,17,13
kor_Hang,832,18,13
kor_Hang,832,19,13
kor_Hang,832,20,13
kor_Hang,832,21,13
kor_Hang,832,22,13
kor_Hang,832,23,13
kor_Hang,832,24,13
kor_Hang,832,25,13
kor_Hang,832,26,13
kor_Hang,832,27,13
kor_Hang,832,28,19
kor_Hang,832,29,13
kor_Hang,832,30,13
kor_Hang,832,31,13
kor_Hang,832,32,13
kor_Hang,832,33,13
kor_Hang,832,34,13
kor_Hang,832,35,19
kor_Hang,832,36,13
kor_Hang,832,37,13
kor_Hang,832,38,13
kor_Hang,832,39,13
kor_Hang,832,40,13
kor_Hang,832,41,13
kor_Hang,832,42,13
kor_Hang,832,43,13
kor_Hang,832,44,13
kor_Hang,832,45,13
kor_Hang,832,46,13
kor_Hang,832,47,13
kor_Hang,832,48,13
kor_Hang,832,49,13
kor_Hang,832,50,13
kor_Hang,832,51,13
kor_Hang,832,52,13
kor_Hang,832,53,13
kor_Hang,832,54,13
kor_Hang,832,55,13
kor_Hang,832,56,13
kor_Hang,832,57,13
kor_Hang,832,58,13
kor_Hang,832,59,13
kor_Hang,832,60,13
kor_Hang,832,61,13
kor_Hang,832,62,34
kor_Hang,832,63,13
kor_Hang,832,64,34
kor_Hang,833,0,60
kor_Hang,833,1,13
kor_Hang,833,2,13
kor_Hang,833,3,13
kor_Hang,833,4,47
kor_Hang,833,5,19
kor_Hang,833,6,13
kor_Hang,833,7,13
kor_Hang,833,8,13
kor_Hang,833,9,13
kor_Hang,833,10,13
kor_Hang,833,11,13
kor_Hang,833,12,47
kor_Hang,833,13,13
kor_Hang,833,14,13
kor_Hang,833,15,13
kor_Hang,833,16,13
kor_Hang,833,17,13
kor_Hang,833,18,13
kor_Hang,833,19,13
kor_Hang,833,20,13
kor_Hang,833,21,13
kor_Hang,833,22,13
kor_Hang,833,23,13
kor_Hang,833,24,13
kor_Hang,833,25,13
kor_Hang,834,0,60
kor_Hang,834,1,19
kor_Hang,834,2,52
kor_Hang,834,3,11
kor_Hang,834,4,9
kor_Hang,834,5,13
kor_Hang,834,6,19
kor_Hang,834,7,13
kor_Hang,834,8,61
kor_Hang,834,9,19
kor_Hang,834,10,13
kor_Hang,834,11,13
kor_Hang,834,12,13
kor_Hang,834,13,13
kor_Hang,834,14,13
kor_Hang,834,15,19
kor_Hang,834,16,13
kor_Hang,834,17,13
kor_Hang,834,18,13
kor_Hang,834,19,19
kor_Hang,834,20,13
kor_Hang,834,21,61
kor_Hang,834,22,19
kor_Hang,834,23,13
kor_Hang,834,24,24
kor_Hang,834,25,13
kor_Hang,834,26,13
kor_Hang,834,27,13
kor_Hang,834,28,13
kor_Hang,834,29,13
kor_Hang,834,30,13
kor_Hang,834,31,13
kor_Hang,834,32,13
kor_Hang,834,33,13
kor_Hang,834,34,13
kor_Hang,834,35,13
kor_Hang,834,36,13
kor_Hang,834,37,13
kor_Hang,834,38,13
kor_Hang,834,39,19
kor_Hang,834,40,19
kor_Hang,834,41,13
kor_Hang,834,42,47
kor_Hang,834,43,47
kor_Hang,834,44,13
kor_Hang,834,45,13
kor_Hang,834,46,19
kor_Hang,834,47,13
kor_Hang,834,48,13
kor_Hang,834,49,13
kor_Hang,834,50,13
kor_Hang,835,0,60
kor_Hang,835,1,19
kor_Hang,835,2,13
kor_Hang,835,3,13
kor_Hang,835,4,13
kor_Hang,835,5,13
kor_Hang,835,6,13
kor_Hang,835,7,13
kor_Hang,835,8,13
kor_Hang,835,9,24
kor_Hang,835,10,13
kor_Hang,835,11,47
kor_Hang,835,12,13
kor_Hang,835,13,13
kor_Hang,835,14,13
kor_Hang,835,15,13
kor_Hang,835,16,13
kor_Hang,835,17,13
kor_Hang,835,18,13
kor_Hang,835,19,13
kor_Hang,835,20,13
kor_Hang,835,21,13
kor_Hang,835,22,34
kor_Hang,835,23,13
kor_Hang,835,24,13
kor_Hang,835,25,13
kor_Hang,835,26,13
kor_Hang,835,27,13
kor_Hang,835,28,34
kor_Hang,835,29,13
kor_Hang,835,30,13
kor_Hang,835,31,19
kor_Hang,835,32,13
kor_Hang,835,33,13
kor_Hang,835,34,13
kor_Hang,835,35,13
kor_Hang,835,36,34
kor_Hang,836,0,60
kor_Hang,836,1,13
kor_Hang,836,2,19
kor_Hang,836,3,13
kor_Hang,836,4,47
kor_Hang,836,5,13
kor_Hang,836,6,13
kor_Hang,836,7,13
kor_Hang,836,8,61
kor_Hang,836,9,61
kor_Hang,836,10,13
kor_Hang,836,11,13
kor_Hang,836,12,13
kor_Hang,836,13,13
kor_Hang,836,14,13
kor_Hang,836,15,13
kor_Hang,836,16,13
kor_Hang,836,17,13
kor_Hang,836,18,13
kor_Hang,836,19,19
kor_Hang,836,20,13
kor_Hang,836,21,24
kor_Hang,836,22,47
kor_Hang,836,23,19
kor_Hang,836,24,13
kor_Hang,836,25,47
kor_Hang,836,26,13
kor_Hang,836,27,13
kor_Hang,836,28,13
kor_Hang,836,29,61
kor_Hang,836,30,13
kor_Hang,836,31,13
kor_Hang,836,32,13
kor_Hang,836,33,13
kor_Hang,836,34,13
kor_Hang,836,35,13
kor_Hang,836,36,13
kor_Hang,836,37,47
kor_Hang,836,38,13
kor_Hang,836,39,13
kor_Hang,836,40,13
kor_Hang,836,41,13
kor_Hang,836,42,13
kor_Hang,836,43,13
kor_Hang,836,44,13
kor_Hang,836,45,13
kor_Hang,836,46,13
kor_Hang,836,47,13
kor_Hang,836,48,13
kor_Hang,836,49,13
kor_Hang,836,50,47
kor_Hang,836,51,13
kor_Hang,836,52,34
kor_Hang,836,53,13
kor_Hang,836,54,13
kor_Hang,836,55,13
kor_Hang,836,56,13
kor_Hang,836,57,13
kor_Hang,836,58,13
kor_Hang,836,59,47
kor_Hang,836,60,13
kor_Hang,836,61,19
kor_Hang,836,62,47
kor_Hang,836,63,47
kor_Hang,836,64,19
kor_Hang,836,65,13
kor_Hang,836,66,34
kor_Hang,836,67,52
kor_Hang,837,0,60
kor_Hang,837,1,13
kor_Hang,837,2,13
kor_Hang,837,3,13
kor_Hang,837,4,13
kor_Hang,837,5,13
kor_Hang,837,6,13
kor_Hang,837,7,13
kor_Hang,837,8,13
kor_Hang,837,9,13
kor_Hang,837,10,13
kor_Hang,837,11,13
kor_Hang,837,12,13
kor_Hang,837,13,47
kor_Hang,837,14,13
kor_Hang,837,15,13
kor_Hang,837,16,13
kor_Hang,837,17,13
kor_Hang,837,18,13
kor_Hang,837,19,13
kor_Hang,837,20,27
kor_Hang,837,21,13
kor_Hang,837,22,13
kor_Hang,837,23,13
kor_Hang,837,24,13
kor_Hang,837,25,13
kor_Hang,837,26,13
kor_Hang,837,27,19
kor_Hang,837,28,13
kor_Hang,837,29,13
kor_Hang,837,30,19
kor_Hang,837,31,13
kor_Hang,837,32,19
kor_Hang,837,33,34
kor_Hang,837,34,13
kor_Hang,837,35,19
kor_Hang,837,36,13
kor_Hang,837,37,13
kor_Hang,837,38,13
kor_Hang,837,39,47
kor_Hang,837,40,13
kor_Hang,837,41,13
kor_Hang,837,42,47
kor_Hang,837,43,13
kor_Hang,837,44,13
kor_Hang,837,45,13
kor_Hang,837,46,13
kor_Hang,837,47,13
kor_Hang,837,48,47
kor_Hang,837,49,13
kor_Hang,837,50,47
kor_Hang,837,51,13
kor_Hang,837,52,13
kor_Hang,837,53,13
kor_Hang,837,54,13
kor_Hang,837,55,13
kor_Hang,837,56,13
kor_Hang,837,57,13
kor_Hang,837,58,13
eng_Latn,838,0,60
eng_Latn,838,1,50
eng_Latn,838,2,39
eng_Latn,838,3,19
eng_Latn,838,4,33
eng_Latn,838,5,46
eng_Latn,838,6,48
eng_Latn,838,7,14
eng_Latn,838,8,27
eng_Latn,838,9,47
eng_Latn,838,10,49
kor_Hang,839,0,60
kor_Hang,839,1,13
kor_Hang,839,2,13
kor_Hang,839,3,13
kor_Hang,839,4,13
kor_Hang,839,5,13
kor_Hang,839,6,13
kor_Hang,839,7,13
kor_Hang,839,8,13
kor_Hang,839,9,13
kor_Hang,839,10,13
kor_Hang,839,11,13
kor_Hang,839,12,13
kor_Hang,839,13,13
kor_Hang,839,14,13
kor_Hang,839,15,13
kor_Hang,839,16,51
kor_Hang,840,0,60
kor_Hang,840,1,13
kor_Hang,840,2,13
kor_Hang,840,3,13
kor_Hang,840,4,19
kor_Hang,840,5,13
kor_Hang,840,6,13
kor_Hang,840,7,13
kor_Hang,840,8,13
kor_Hang,840,9,13
kor_Hang,840,10,13
kor_Hang,840,11,52
kor_Hang,840,12,52
kor_Hang,840,13,52
kor_Hang,840,14,13
kor_Hang,840,15,19
kor_Hang,840,16,13
kor_Hang,840,17,27
kor_Hang,840,18,13
kor_Hang,840,19,13
kor_Hang,840,20,13
kor_Hang,840,21,13
kor_Hang,840,22,19
kor_Hang,840,23,13
kor_Hang,840,24,13
kor_Hang,840,25,13
kor_Hang,840,26,13
kor_Hang,840,27,13
kor_Hang,840,28,13
kor_Hang,840,29,13
kor_Hang,840,30,13
kor_Hang,840,31,19
kor_Hang,840,32,13
kor_Hang,840,33,13
kor_Hang,840,34,52
kor_Hang,840,35,52
kor_Hang,840,36,13
kor_Hang,840,37,13
kor_Hang,840,38,13
kor_Hang,840,39,13
kor_Hang,840,40,13
kor_Hang,840,41,13
kor_Hang,840,42,19
kor_Hang,840,43,13
kor_Hang,840,44,13
kor_Hang,840,45,13
kor_Hang,840,46,13
kor_Hang,840,47,13
kor_Hang,840,48,13
kor_Hang,840,49,13
kor_Hang,840,50,13
kor_Hang,840,51,13
kor_Hang,840,52,13
kor_Hang,840,53,13
kor_Hang,840,54,19
kor_Hang,840,55,13
kor_Hang,840,56,61
kor_Hang,840,57,13
kor_Hang,840,58,52
kor_Hang,840,59,13
kor_Hang,840,60,13
kor_Hang,840,61,13
kor_Hang,840,62,13
kor_Hang,840,63,19
kor_Hang,840,64,13
kor_Hang,840,65,27
kor_Hang,840,66,61
kor_Hang,840,67,13
kor_Hang,840,68,13
kor_Hang,840,69,13
kor_Hang,840,70,34
eng_Latn,841,0,60
eng_Latn,841,1,22
eng_Latn,841,2,22
eng_Latn,841,3,22
eng_Latn,841,4,42
eng_Latn,841,5,29
eng_Latn,841,6,34
eng_Latn,841,7,9
eng_Latn,841,8,22
eng_Latn,841,9,51
eng_Latn,842,0,60
eng_Latn,842,1,22
eng_Latn,842,2,15
eng_Latn,842,3,11
eng_Latn,842,4,52
eng_Latn,842,5,3
eng_Latn,842,6,48
eng_Latn,843,0,60
eng_Latn,843,1,56
eng_Latn,843,2,54
eng_Latn,843,3,18
eng_Latn,843,4,21
eng_Latn,843,5,9
eng_Latn,843,6,18
eng_Latn,843,7,30
eng_Latn,843,8,30
eng_Latn,843,9,35
eng_Latn,843,10,34
kor_Hang,844,0,60
kor_Hang,844,1,13
kor_Hang,844,2,13
kor_Hang,844,3,13
kor_Hang,844,4,13
kor_Hang,844,5,19
kor_Hang,844,6,13
kor_Hang,844,7,13
kor_Hang,844,8,13
kor_Hang,844,9,13
kor_Hang,844,10,13
kor_Hang,844,11,13
kor_Hang,844,12,13
kor_Hang,844,13,13
kor_Hang,844,14,19
kor_Hang,844,15,13
kor_Hang,844,16,13
kor_Hang,844,17,19
kor_Hang,844,18,34
kor_Hang,844,19,13
kor_Hang,844,20,13
kor_Hang,844,21,13
kor_Hang,844,22,13
kor_Hang,844,23,34
kor_Hang,844,24,13
kor_Hang,844,25,13
kor_Hang,844,26,13
kor_Hang,844,27,13
kor_Hang,844,28,47
kor_Hang,844,29,19
kor_Hang,844,30,34
kor_Hang,844,31,13
kor_Hang,844,32,13
kor_Hang,844,33,34
kor_Hang,844,34,12
kor_Hang,844,35,13
kor_Hang,844,36,13
kor_Hang,844,37,13
kor_Hang,844,38,47
kor_Hang,844,39,13
kor_Hang,844,40,13
kor_Hang,844,41,13
kor_Hang,844,42,13
kor_Hang,844,43,13
kor_Hang,844,44,13
kor_Hang,844,45,13
kor_Hang,844,46,34
kor_Hang,844,47,13
kor_Hang,844,48,13
kor_Hang,844,49,13
kor_Hang,844,50,34
kor_Hang,844,51,13
kor_Hang,844,52,34
kor_Hang,844,53,34
eng_Latn,845,0,60
eng_Latn,845,1,50
eng_Latn,845,2,56
eng_Latn,845,3,16
eng_Latn,845,4,62
eng_Latn,845,5,62
eng_Latn,845,6,52
kor_Hang,846,0,60
kor_Hang,846,1,52
kor_Hang,846,2,13
kor_Hang,846,3,52
kor_Hang,846,4,58
kor_Hang,846,5,13
kor_Hang,846,6,13
kor_Hang,846,7,13
kor_Hang,846,8,13
kor_Hang,846,9,13
kor_Hang,846,10,13
kor_Hang,846,11,13
kor_Hang,846,12,13
kor_Hang,846,13,13
kor_Hang,846,14,13
kor_Hang,846,15,34
kor_Hang,846,16,13
kor_Hang,846,17,13
kor_Hang,846,18,13
kor_Hang,846,19,13
kor_Hang,846,20,13
kor_Hang,846,21,13
kor_Hang,846,22,13
kor_Hang,846,23,13
kor_Hang,846,24,13
kor_Hang,846,25,13
kor_Hang,846,26,13
kor_Hang,846,27,13
kor_Hang,846,28,13
kor_Hang,846,29,13
kor_Hang,846,30,19
kor_Hang,846,31,13
kor_Hang,846,32,13
kor_Hang,846,33,13
kor_Hang,846,34,13
kor_Hang,846,35,13
kor_Hang,846,36,13
kor_Hang,846,37,13
kor_Hang,846,38,13
kor_Hang,846,39,13
kor_Hang,846,40,47
kor_Hang,846,41,13
kor_Hang,846,42,13
kor_Hang,846,43,13
kor_Hang,846,44,13
kor_Hang,846,45,13
kor_Hang,846,46,13
kor_Hang,846,47,13
kor_Hang,846,48,13
kor_Hang,846,49,19
kor_Hang,846,50,13
kor_Hang,846,51,13
kor_Hang,846,52,13
kor_Hang,846,53,13
kor_Hang,846,54,13
kor_Hang,846,55,13
kor_Hang,846,56,13
kor_Hang,846,57,13
kor_Hang,846,58,13
kor_Hang,846,59,13
kor_Hang,846,60,13
kor_Hang,846,61,13
kor_Hang,846,62,13
kor_Hang,846,63,13
kor_Hang,847,0,60
kor_Hang,847,1,13
kor_Hang,847,2,13
kor_Hang,847,3,13
kor_Hang,847,4,13
kor_Hang,847,5,13
kor_Hang,847,6,13
kor_Hang,847,7,13
kor_Hang,847,8,13
kor_Hang,847,9,13
kor_Hang,847,10,13
kor_Hang,847,11,13
kor_Hang,847,12,13
kor_Hang,847,13,13
kor_Hang,847,14,13
kor_Hang,847,15,13
kor_Hang,847,16,13
kor_Hang,847,17,13
kor_Hang,847,18,13
kor_Hang,847,19,13
kor_Hang,847,20,13
kor_Hang,847,21,13
kor_Hang,847,22,13
kor_Hang,847,23,13
kor_Hang,847,24,19
kor_Hang,847,25,13
kor_Hang,847,26,13
kor_Hang,847,27,13
kor_Hang,847,28,13
kor_Hang,847,29,13
kor_Hang,847,30,13
kor_Hang,847,31,13
kor_Hang,847,32,19
kor_Hang,847,33,13
kor_Hang,847,34,13
kor_Hang,847,35,13
kor_Hang,847,36,13
kor_Hang,847,37,13
kor_Hang,847,38,13
kor_Hang,847,39,13
kor_Hang,847,40,13
kor_Hang,847,41,13
kor_Hang,847,42,13
kor_Hang,847,43,13
kor_Hang,847,44,13
kor_Hang,847,45,13
kor_Hang,847,46,13
kor_Hang,847,47,19
kor_Hang,847,48,13
kor_Hang,847,49,13
kor_Hang,847,50,13
kor_Hang,847,51,13
kor_Hang,847,52,47
kor_Hang,847,53,13
kor_Hang,847,54,61
kor_Hang,847,55,19
kor_Hang,847,56,13
kor_Hang,847,57,19
kor_Hang,847,58,13
kor_Hang,847,59,13
kor_Hang,847,60,13
kor_Hang,847,61,13
kor_Hang,847,62,13
kor_Hang,847,63,13
kor_Hang,847,64,13
kor_Hang,847,65,13
kor_Hang,847,66,13
kor_Hang,847,67,13
kor_Hang,847,68,13
kor_Hang,847,69,34
kor_Hang,847,70,13
kor_Hang,847,71,13
kor_Hang,847,72,34
kor_Hang,848,0,60
kor_Hang,848,1,13
kor_Hang,848,2,13
kor_Hang,848,3,13
kor_Hang,848,4,13
kor_Hang,848,5,13
kor_Hang,848,6,13
kor_Hang,848,7,13
kor_Hang,848,8,19
kor_Hang,848,9,19
kor_Hang,848,10,39
kor_Hang,848,11,19
kor_Hang,848,12,13
kor_Hang,848,13,13
kor_Hang,848,14,13
kor_Hang,848,15,13
kor_Hang,848,16,19
kor_Hang,848,17,13
kor_Hang,848,18,13
kor_Hang,848,19,13
kor_Hang,848,20,13
kor_Hang,848,21,42
kor_Hang,848,22,52
kor_Hang,848,23,42
kor_Hang,848,24,13
kor_Hang,848,25,13
kor_Hang,848,26,13
kor_Hang,848,27,13
kor_Hang,848,28,19
kor_Hang,848,29,13
kor_Hang,848,30,13
kor_Hang,848,31,13
kor_Hang,848,32,13
kor_Hang,848,33,13
kor_Hang,848,34,13
kor_Hang,848,35,19
kor_Hang,848,36,13
kor_Hang,848,37,13
kor_Hang,848,38,13
kor_Hang,848,39,47
kor_Hang,848,40,47
kor_Hang,848,41,13
kor_Hang,848,42,9
kor_Hang,848,43,13
kor_Hang,848,44,13
kor_Hang,848,45,13
kor_Hang,848,46,13
kor_Hang,848,47,13
kor_Hang,848,48,13
kor_Hang,848,49,13
kor_Hang,848,50,13
kor_Hang,848,51,13
eng_Latn,849,0,60
eng_Latn,849,1,35
eng_Latn,849,2,17
eng_Latn,849,3,35
eng_Latn,849,4,52
eng_Latn,849,5,52
eng_Latn,849,6,57
eng_Latn,849,7,17
eng_Latn,849,8,51
eng_Latn,850,0,60
eng_Latn,850,1,41
eng_Latn,850,2,49
eng_Latn,850,3,37
eng_Latn,850,4,20
eng_Latn,850,5,44
eng_Latn,851,0,60
eng_Latn,851,1,18
eng_Latn,851,2,18
eng_Latn,851,3,29
eng_Latn,851,4,51
eng_Latn,851,5,52
eng_Latn,851,6,49
kor_Hang,852,0,60
kor_Hang,852,1,40
kor_Hang,852,2,13
kor_Hang,852,3,13
kor_Hang,852,4,13
kor_Hang,852,5,19
kor_Hang,852,6,13
kor_Hang,852,7,13
kor_Hang,852,8,13
kor_Hang,852,9,13
kor_Hang,852,10,13
kor_Hang,852,11,13
kor_Hang,852,12,13
kor_Hang,852,13,13
kor_Hang,852,14,13
kor_Hang,852,15,19
kor_Hang,852,16,13
kor_Hang,852,17,19
kor_Hang,852,18,13
kor_Hang,852,19,13
kor_Hang,852,20,61
kor_Hang,852,21,13
kor_Hang,852,22,13
kor_Hang,852,23,19
kor_Hang,852,24,13
kor_Hang,852,25,19
kor_Hang,852,26,13
kor_Hang,852,27,34
eng_Latn,853,0,60
eng_Latn,853,1,15
eng_Latn,853,2,56
eng_Latn,853,3,63
eng_Latn,853,4,37
kor_Hang,854,0,60
kor_Hang,854,1,13
kor_Hang,854,2,13
kor_Hang,854,3,13
kor_Hang,854,4,13
kor_Hang,854,5,19
kor_Hang,854,6,52
kor_Hang,854,7,13
kor_Hang,854,8,13
kor_Hang,854,9,13
kor_Hang,854,10,13
kor_Hang,854,11,13
kor_Hang,854,12,12
kor_Hang,854,13,11
kor_Hang,854,14,13
kor_Hang,854,15,13
kor_Hang,854,16,51
kor_Hang,854,17,13
kor_Hang,854,18,13
kor_Hang,854,19,13
kor_Hang,854,20,13
kor_Hang,854,21,13
kor_Hang,854,22,13
kor_Hang,854,23,13
kor_Hang,854,24,13
kor_Hang,854,25,13
kor_Hang,854,26,13
kor_Hang,854,27,19
kor_Hang,854,28,13
kor_Hang,854,29,47
kor_Hang,854,30,13
kor_Hang,854,31,13
kor_Hang,854,32,51
kor_Hang,854,33,13
kor_Hang,854,34,13
kor_Hang,855,0,60
kor_Hang,855,1,13
kor_Hang,855,2,13
kor_Hang,855,3,13
kor_Hang,855,4,13
kor_Hang,855,5,47
kor_Hang,855,6,47
kor_Hang,855,7,13
kor_Hang,855,8,13
kor_Hang,855,9,13
kor_Hang,855,10,13
kor_Hang,855,11,13
kor_Hang,855,12,13
kor_Hang,855,13,13
kor_Hang,855,14,13
kor_Hang,855,15,13
kor_Hang,855,16,19
kor_Hang,855,17,39
kor_Hang,855,18,13
kor_Hang,855,19,13
kor_Hang,855,20,39
kor_Hang,855,21,19
kor_Hang,855,22,13
kor_Hang,855,23,19
kor_Hang,855,24,19
kor_Hang,855,25,47
kor_Hang,855,26,19
kor_Hang,855,27,13
kor_Hang,855,28,47
kor_Hang,855,29,47
kor_Hang,855,30,13
kor_Hang,855,31,13
kor_Hang,855,32,13
kor_Hang,855,33,13
kor_Hang,855,34,13
kor_Hang,855,35,19
kor_Hang,855,36,13
kor_Hang,855,37,13
kor_Hang,855,38,47
kor_Hang,855,39,19
kor_Hang,855,40,19
kor_Hang,855,41,19
kor_Hang,855,42,47
kor_Hang,855,43,47
kor_Hang,855,44,39
kor_Hang,855,45,47
kor_Hang,855,46,19
kor_Hang,855,47,13
kor_Hang,855,48,13
kor_Hang,855,49,13
kor_Hang,855,50,13
kor_Hang,855,51,13
kor_Hang,855,52,13
kor_Hang,855,53,13
kor_Hang,855,54,13
kor_Hang,855,55,13
kor_Hang,855,56,13
kor_Hang,855,57,13
kor_Hang,855,58,13
kor_Hang,855,59,13
kor_Hang,855,60,13
kor_Hang,855,61,13
kor_Hang,855,62,13
kor_Hang,855,63,13
kor_Hang,855,64,13
kor_Hang,855,65,13
kor_Hang,855,66,13
kor_Hang,855,67,61
kor_Hang,855,68,19
kor_Hang,855,69,13
kor_Hang,855,70,13
kor_Hang,855,71,13
kor_Hang,855,72,34
kor_Hang,855,73,13
kor_Hang,855,74,19
kor_Hang,855,75,13
kor_Hang,855,76,13
kor_Hang,855,77,19
kor_Hang,855,78,13
kor_Hang,855,79,13
kor_Hang,855,80,13
kor_Hang,855,81,13
kor_Hang,855,82,13
kor_Hang,855,83,13
kor_Hang,855,84,47
kor_Hang,855,85,36
kor_Hang,855,86,13
kor_Hang,856,0,60
kor_Hang,856,1,13
kor_Hang,856,2,13
kor_Hang,856,3,47
kor_Hang,856,4,13
kor_Hang,856,5,11
kor_Hang,856,6,13
kor_Hang,856,7,13
kor_Hang,856,8,13
kor_Hang,856,9,13
kor_Hang,856,10,13
kor_Hang,856,11,13
kor_Hang,856,12,19
kor_Hang,856,13,19
kor_Hang,856,14,47
kor_Hang,856,15,47
kor_Hang,856,16,19
kor_Hang,856,17,19
kor_Hang,856,18,13
kor_Hang,856,19,13
kor_Hang,856,20,47
kor_Hang,856,21,13
kor_Hang,856,22,13
kor_Hang,856,23,13
kor_Hang,856,24,13
kor_Hang,856,25,13
kor_Hang,856,26,13
kor_Hang,856,27,61
kor_Hang,856,28,13
kor_Hang,856,29,13
kor_Hang,856,30,13
kor_Hang,856,31,61
kor_Hang,856,32,13
kor_Hang,856,33,13
kor_Hang,856,34,52
kor_Hang,856,35,52
kor_Hang,856,36,13
kor_Hang,856,37,13
kor_Hang,856,38,52
kor_Hang,856,39,47
kor_Hang,856,40,13
kor_Hang,856,41,13
kor_Hang,856,42,12
kor_Hang,856,43,13
kor_Hang,856,44,13
kor_Hang,857,0,60
kor_Hang,857,1,13
kor_Hang,857,2,13
kor_Hang,857,3,13
kor_Hang,857,4,13
kor_Hang,857,5,13
kor_Hang,857,6,13
kor_Hang,857,7,61
kor_Hang,857,8,13
kor_Hang,857,9,13
kor_Hang,857,10,19
kor_Hang,857,11,13
kor_Hang,857,12,13
kor_Hang,857,13,13
kor_Hang,857,14,13
kor_Hang,857,15,13
kor_Hang,857,16,47
kor_Hang,857,17,13
kor_Hang,857,18,13
kor_Hang,857,19,13
kor_Hang,857,20,13
kor_Hang,857,21,13
kor_Hang,857,22,13
kor_Hang,857,23,34
kor_Hang,857,24,13
kor_Hang,857,25,13
kor_Hang,857,26,13
kor_Hang,857,27,19
kor_Hang,857,28,13
kor_Hang,857,29,19
kor_Hang,857,30,13
kor_Hang,857,31,13
kor_Hang,857,32,13
kor_Hang,857,33,19
kor_Hang,857,34,13
kor_Hang,857,35,34
eng_Latn,858,0,60
eng_Latn,858,1,9
eng_Latn,858,2,22
eng_Latn,858,3,11
eng_Latn,858,4,40
eng_Latn,859,0,60
eng_Latn,859,1,37
eng_Latn,859,2,34
eng_Latn,859,3,42
eng_Latn,859,4,22
eng_Latn,859,5,19
eng_Latn,859,6,63
eng_Latn,859,7,5
eng_Latn,859,8,47
kor_Hang,860,0,60
kor_Hang,860,1,24
kor_Hang,860,2,47
kor_Hang,860,3,47
kor_Hang,860,4,11
kor_Hang,860,5,58
kor_Hang,860,6,24
kor_Hang,860,7,58
kor_Hang,861,0,60
kor_Hang,861,1,13
kor_Hang,861,2,13
kor_Hang,861,3,13
kor_Hang,861,4,13
kor_Hang,861,5,13
kor_Hang,861,6,47
kor_Hang,861,7,13
kor_Hang,861,8,13
kor_Hang,861,9,13
kor_Hang,861,10,13
kor_Hang,861,11,13
kor_Hang,861,12,19
kor_Hang,861,13,13
kor_Hang,861,14,13
kor_Hang,861,15,52
kor_Hang,861,16,52
kor_Hang,861,17,52
kor_Hang,861,18,13
kor_Hang,861,19,13
kor_Hang,861,20,13
kor_Hang,861,21,13
kor_Hang,861,22,34
kor_Hang,861,23,13
kor_Hang,861,24,13
kor_Hang,861,25,19
kor_Hang,861,26,13
kor_Hang,861,27,13
kor_Hang,861,28,13
kor_Hang,861,29,13
kor_Hang,861,30,13
kor_Hang,861,31,13
kor_Hang,861,32,13
eng_Latn,862,0,60
eng_Latn,862,1,52
eng_Latn,862,2,57
eng_Latn,862,3,3
eng_Latn,862,4,3
eng_Latn,862,5,3
eng_Latn,862,6,19
eng_Latn,862,7,3
kor_Hang,863,0,60
kor_Hang,863,1,13
kor_Hang,863,2,13
kor_Hang,863,3,13
kor_Hang,863,4,13
kor_Hang,863,5,13
kor_Hang,863,6,13
kor_Hang,863,7,13
kor_Hang,863,8,13
kor_Hang,863,9,13
kor_Hang,863,10,13
kor_Hang,863,11,13
kor_Hang,863,12,13
kor_Hang,863,13,13
kor_Hang,863,14,13
kor_Hang,863,15,13
kor_Hang,863,16,13
kor_Hang,863,17,13
kor_Hang,863,18,13
kor_Hang,863,19,19
kor_Hang,863,20,13
kor_Hang,863,21,13
kor_Hang,863,22,13
kor_Hang,863,23,19
kor_Hang,863,24,13
kor_Hang,863,25,13
kor_Hang,863,26,13
kor_Hang,863,27,13
kor_Hang,863,28,61
kor_Hang,863,29,19
kor_Hang,863,30,34
kor_Hang,863,31,13
kor_Hang,863,32,13
kor_Hang,863,33,13
kor_Hang,863,34,34
eng_Latn,864,0,60
eng_Latn,864,1,47
eng_Latn,864,2,8
eng_Latn,864,3,33
eng_Latn,864,4,33
eng_Latn,864,5,63
eng_Latn,864,6,12
eng_Latn,864,7,61
eng_Latn,864,8,26
eng_Latn,864,9,26
eng_Latn,864,10,26
eng_Latn,864,11,60
kor_Hang,865,0,60
kor_Hang,865,1,13
kor_Hang,865,2,13
kor_Hang,865,3,19
kor_Hang,865,4,13
kor_Hang,865,5,13
kor_Hang,865,6,13
kor_Hang,865,7,13
kor_Hang,865,8,13
kor_Hang,865,9,13
kor_Hang,865,10,19
kor_Hang,865,11,13
kor_Hang,865,12,13
kor_Hang,865,13,13
kor_Hang,865,14,13
kor_Hang,865,15,19
kor_Hang,865,16,13
kor_Hang,865,17,13
kor_Hang,865,18,13
kor_Hang,865,19,13
kor_Hang,865,20,13
kor_Hang,865,21,13
kor_Hang,865,22,13
kor_Hang,865,23,13
kor_Hang,865,24,47
kor_Hang,865,25,47
kor_Hang,865,26,13
kor_Hang,865,27,13
kor_Hang,865,28,19
kor_Hang,865,29,13
kor_Hang,865,30,47
kor_Hang,865,31,19
kor_Hang,865,32,13
kor_Hang,865,33,13
kor_Hang,865,34,13
kor_Hang,865,35,13
kor_Hang,865,36,13
kor_Hang,865,37,13
kor_Hang,865,38,13
kor_Hang,865,39,13
kor_Hang,865,40,19
kor_Hang,865,41,13
kor_Hang,865,42,13
kor_Hang,865,43,13
kor_Hang,865,44,13
kor_Hang,865,45,13
kor_Hang,865,46,13
kor_Hang,865,47,13
kor_Hang,865,48,13
kor_Hang,865,49,13
kor_Hang,865,50,13
kor_Hang,865,51,13
kor_Hang,865,52,13
kor_Hang,865,53,13
kor_Hang,865,54,13
kor_Hang,865,55,13
kor_Hang,865,56,13
kor_Hang,865,57,13
kor_Hang,865,58,13
kor_Hang,865,59,47
kor_Hang,865,60,13
kor_Hang,865,61,13
kor_Hang,865,62,13
kor_Hang,865,63,13
kor_Hang,865,64,13
kor_Hang,865,65,13
kor_Hang,865,66,13
kor_Hang,865,67,13
kor_Hang,865,68,13
kor_Hang,865,69,13
kor_Hang,865,70,19
kor_Hang,865,71,13
kor_Hang,865,72,13
kor_Hang,865,73,13
kor_Hang,865,74,13
kor_Hang,865,75,47
kor_Hang,865,76,13
kor_Hang,865,77,13
kor_Hang,865,78,34
kor_Hang,866,0,60
kor_Hang,866,1,13
kor_Hang,866,2,13
kor_Hang,866,3,13
kor_Hang,866,4,19
kor_Hang,866,5,13
kor_Hang,866,6,13
kor_Hang,866,7,13
kor_Hang,866,8,13
kor_Hang,866,9,13
kor_Hang,866,10,13
kor_Hang,866,11,13
kor_Hang,866,12,62
kor_Hang,866,13,24
kor_Hang,866,14,24
kor_Hang,866,15,62
kor_Hang,866,16,62
kor_Hang,866,17,62
kor_Hang,866,18,62
kor_Hang,866,19,13
eng_Latn,867,0,60
eng_Latn,867,1,46
eng_Latn,867,2,5
eng_Latn,867,3,54
eng_Latn,867,4,48
eng_Latn,867,5,8
eng_Latn,867,6,15
eng_Latn,867,7,48
eng_Latn,867,8,56
eng_Latn,867,9,34
eng_Latn,867,10,34
kor_Hang,868,0,60
kor_Hang,868,1,13
kor_Hang,868,2,13
kor_Hang,868,3,13
kor_Hang,868,4,13
kor_Hang,868,5,13
kor_Hang,868,6,13
kor_Hang,868,7,13
kor_Hang,868,8,13
kor_Hang,868,9,13
kor_Hang,868,10,13
kor_Hang,868,11,13
kor_Hang,868,12,19
kor_Hang,868,13,13
kor_Hang,868,14,19
kor_Hang,868,15,13
kor_Hang,868,16,13
kor_Hang,868,17,13
kor_Hang,868,18,13
kor_Hang,868,19,13
kor_Hang,868,20,13
kor_Hang,868,21,13
kor_Hang,868,22,13
kor_Hang,868,23,13
kor_Hang,868,24,13
kor_Hang,868,25,13
kor_Hang,868,26,13
kor_Hang,868,27,13
kor_Hang,868,28,13
kor_Hang,868,29,13
kor_Hang,868,30,13
kor_Hang,868,31,13
kor_Hang,868,32,13
kor_Hang,868,33,13
kor_Hang,868,34,13
kor_Hang,868,35,13
kor_Hang,868,36,13
kor_Hang,868,37,19
kor_Hang,868,38,13
kor_Hang,868,39,13
kor_Hang,868,40,13
kor_Hang,868,41,13
kor_Hang,868,42,13
kor_Hang,868,43,13
kor_Hang,868,44,19
kor_Hang,868,45,39
kor_Hang,868,46,13
kor_Hang,868,47,19
kor_Hang,868,48,39
kor_Hang,868,49,19
kor_Hang,868,50,13
kor_Hang,868,51,42
kor_Hang,868,52,19
kor_Hang,868,53,7
kor_Hang,868,54,22
kor_Hang,868,55,7
kor_Hang,869,0,60
kor_Hang,869,1,13
kor_Hang,869,2,13
kor_Hang,869,3,13
kor_Hang,869,4,13
kor_Hang,869,5,13
kor_Hang,869,6,13
kor_Hang,869,7,13
kor_Hang,869,8,13
kor_Hang,869,9,19
kor_Hang,869,10,13
kor_Hang,869,11,19
kor_Hang,869,12,13
kor_Hang,869,13,13
kor_Hang,869,14,24
kor_Hang,869,15,13
kor_Hang,869,16,19
kor_Hang,869,17,13
kor_Hang,869,18,61
kor_Hang,869,19,19
kor_Hang,869,20,13
kor_Hang,869,21,13
kor_Hang,869,22,13
kor_Hang,869,23,34
kor_Hang,869,24,13
kor_Hang,869,25,13
kor_Hang,869,26,13
kor_Hang,869,27,13
kor_Hang,869,28,13
kor_Hang,869,29,13
kor_Hang,869,30,13
kor_Hang,869,31,13
kor_Hang,869,32,13
kor_Hang,869,33,13
kor_Hang,869,34,13
kor_Hang,869,35,13
kor_Hang,869,36,19
kor_Hang,869,37,13
kor_Hang,869,38,13
kor_Hang,869,39,13
kor_Hang,869,40,13
kor_Hang,869,41,13
kor_Hang,869,42,47
kor_Hang,869,43,13
kor_Hang,869,44,19
kor_Hang,869,45,13
kor_Hang,869,46,13
kor_Hang,869,47,13
kor_Hang,869,48,13
kor_Hang,869,49,13
kor_Hang,869,50,13
kor_Hang,869,51,13
kor_Hang,869,52,13
kor_Hang,869,53,13
kor_Hang,869,54,13
kor_Hang,869,55,13
kor_Hang,869,56,13
kor_Hang,869,57,51
kor_Hang,870,0,60
kor_Hang,870,1,13
kor_Hang,870,2,13
kor_Hang,870,3,19
kor_Hang,870,4,13
kor_Hang,870,5,47
kor_Hang,870,6,47
kor_Hang,870,7,13
kor_Hang,870,8,13
kor_Hang,870,9,13
kor_Hang,870,10,13
kor_Hang,870,11,13
kor_Hang,870,12,19
kor_Hang,870,13,39
kor_Hang,870,14,47
kor_Hang,870,15,19
kor_Hang,870,16,19
kor_Hang,870,17,13
kor_Hang,870,18,19
kor_Hang,870,19,13
kor_Hang,870,20,13
kor_Hang,870,21,19
kor_Hang,870,22,47
kor_Hang,870,23,13
kor_Hang,870,24,13
kor_Hang,870,25,13
kor_Hang,870,26,47
kor_Hang,870,27,13
kor_Hang,870,28,13
kor_Hang,870,29,13
kor_Hang,870,30,13
kor_Hang,870,31,13
kor_Hang,870,32,13
kor_Hang,870,33,19
kor_Hang,870,34,13
kor_Hang,870,35,13
kor_Hang,870,36,19
kor_Hang,870,37,34
kor_Hang,870,38,13
kor_Hang,870,39,13
kor_Hang,870,40,13
kor_Hang,870,41,19
kor_Hang,870,42,13
kor_Hang,870,43,19
kor_Hang,870,44,19
kor_Hang,870,45,47
kor_Hang,870,46,13
kor_Hang,870,47,13
kor_Hang,870,48,19
kor_Hang,870,49,13
kor_Hang,870,50,13
kor_Hang,870,51,19
kor_Hang,870,52,13
kor_Hang,870,53,13
kor_Hang,870,54,47
kor_Hang,870,55,13
kor_Hang,870,56,13
kor_Hang,870,57,13
kor_Hang,870,58,13
kor_Hang,870,59,13
kor_Hang,870,60,47
kor_Hang,870,61,19
kor_Hang,870,62,13
kor_Hang,870,63,13
kor_Hang,870,64,19
kor_Hang,870,65,13
kor_Hang,870,66,13
kor_Hang,870,67,13
kor_Hang,870,68,13
kor_Hang,870,69,47
kor_Hang,870,70,19
kor_Hang,870,71,47
kor_Hang,870,72,19
kor_Hang,870,73,13
kor_Hang,870,74,13
kor_Hang,870,75,47
kor_Hang,870,76,13
kor_Hang,870,77,13
kor_Hang,870,78,47
kor_Hang,870,79,47
kor_Hang,870,80,13
kor_Hang,870,81,13
kor_Hang,870,82,13
kor_Hang,870,83,19
kor_Hang,870,84,13
kor_Hang,870,85,13
kor_Hang,871,0,60
kor_Hang,871,1,47
kor_Hang,871,2,47
kor_Hang,871,3,13
kor_Hang,871,4,47
kor_Hang,871,5,19
kor_Hang,871,6,13
kor_Hang,871,7,52
kor_Hang,871,8,12
kor_Hang,871,9,11
kor_Hang,871,10,42
kor_Hang,871,11,13
kor_Hang,871,12,47
kor_Hang,871,13,13
kor_Hang,871,14,13
kor_Hang,871,15,13
kor_Hang,871,16,19
kor_Hang,871,17,13
kor_Hang,871,18,13
kor_Hang,871,19,13
kor_Hang,871,20,13
kor_Hang,871,21,52
kor_Hang,871,22,13
kor_Hang,871,23,13
kor_Hang,871,24,13
kor_Hang,871,25,13
kor_Hang,871,26,13
kor_Hang,871,27,13
kor_Hang,871,28,19
kor_Hang,871,29,13
kor_Hang,871,30,13
kor_Hang,871,31,47
kor_Hang,871,32,13
kor_Hang,871,33,19
kor_Hang,871,34,13
kor_Hang,871,35,13
kor_Hang,871,36,13
kor_Hang,871,37,47
kor_Hang,871,38,47
kor_Hang,871,39,19
kor_Hang,871,40,19
kor_Hang,871,41,13
kor_Hang,871,42,47
kor_Hang,871,43,19
kor_Hang,871,44,39
kor_Hang,871,45,13
kor_Hang,871,46,13
kor_Hang,871,47,13
kor_Hang,871,48,13
kor_Hang,871,49,19
kor_Hang,871,50,13
kor_Hang,871,51,13
kor_Hang,871,52,13
kor_Hang,871,53,34
kor_Hang,871,54,13
kor_Hang,871,55,13
kor_Hang,872,0,60
kor_Hang,872,1,13
kor_Hang,872,2,13
kor_Hang,872,3,13
kor_Hang,872,4,13
kor_Hang,872,5,13
kor_Hang,872,6,13
kor_Hang,872,7,13
kor_Hang,872,8,13
kor_Hang,872,9,11
kor_Hang,872,10,12
kor_Hang,872,11,13
kor_Hang,872,12,13
kor_Hang,872,13,13
kor_Hang,872,14,13
kor_Hang,872,15,13
kor_Hang,872,16,47
kor_Hang,872,17,13
kor_Hang,872,18,13
kor_Hang,872,19,58
kor_Hang,872,20,12
kor_Hang,872,21,13
kor_Hang,872,22,47
kor_Hang,872,23,19
kor_Hang,872,24,13
kor_Hang,872,25,19
kor_Hang,872,26,39
kor_Hang,872,27,13
kor_Hang,872,28,47
kor_Hang,872,29,39
kor_Hang,872,30,19
kor_Hang,872,31,39
kor_Hang,872,32,24
kor_Hang,872,33,13
kor_Hang,872,34,13
kor_Hang,872,35,13
kor_Hang,872,36,13
kor_Hang,872,37,12
kor_Hang,872,38,52
kor_Hang,872,39,13
kor_Hang,872,40,52
kor_Hang,872,41,13
kor_Hang,872,42,13
kor_Hang,872,43,47
kor_Hang,872,44,47
kor_Hang,872,45,47
kor_Hang,872,46,13
kor_Hang,872,47,19
kor_Hang,872,48,13
kor_Hang,872,49,19
kor_Hang,872,50,13
kor_Hang,872,51,13
kor_Hang,872,52,13
kor_Hang,872,53,13
kor_Hang,872,54,19
kor_Hang,872,55,13
kor_Hang,872,56,13
kor_Hang,872,57,13
kor_Hang,872,58,13
kor_Hang,872,59,13
kor_Hang,872,60,13
kor_Hang,872,61,13
kor_Hang,872,62,19
kor_Hang,872,63,13
kor_Hang,872,64,13
kor_Hang,872,65,13
kor_Hang,872,66,13
kor_Hang,872,67,13
kor_Hang,872,68,13
kor_Hang,872,69,13
kor_Hang,872,70,19
kor_Hang,872,71,13
kor_Hang,872,72,13
kor_Hang,872,73,19
kor_Hang,872,74,34
kor_Hang,872,75,13
kor_Hang,872,76,13
kor_Hang,872,77,13
kor_Hang,872,78,13
kor_Hang,872,79,13
kor_Hang,873,0,60
kor_Hang,873,1,22
kor_Hang,873,2,13
kor_Hang,873,3,26
kor_Hang,873,4,39
kor_Hang,873,5,13
kor_Hang,873,6,13
kor_Hang,873,7,19
kor_Hang,873,8,13
kor_Hang,873,9,19
kor_Hang,873,10,13
kor_Hang,873,11,22
kor_Hang,873,12,12
kor_Hang,873,13,12
kor_Hang,873,14,12
kor_Hang,873,15,11
kor_Hang,873,16,12
kor_Hang,873,17,12
kor_Hang,873,18,13
kor_Hang,873,19,52
kor_Hang,873,20,52
kor_Hang,873,21,19
kor_Hang,873,22,13
kor_Hang,873,23,47
kor_Hang,873,24,13
kor_Hang,873,25,13
kor_Hang,873,26,13
kor_Hang,873,27,13
kor_Hang,873,28,13
kor_Hang,873,29,19
kor_Hang,873,30,13
kor_Hang,873,31,13
kor_Hang,873,32,47
kor_Hang,873,33,13
kor_Hang,873,34,13
kor_Hang,873,35,13
kor_Hang,873,36,61
kor_Hang,873,37,19
kor_Hang,873,38,13
kor_Hang,873,39,13
kor_Hang,873,40,13
kor_Hang,873,41,13
kor_Hang,873,42,19
kor_Hang,873,43,13
kor_Hang,873,44,13
kor_Hang,873,45,13
kor_Hang,873,46,13
kor_Hang,873,47,13
kor_Hang,873,48,13
kor_Hang,873,49,47
kor_Hang,873,50,13
kor_Hang,873,51,47
kor_Hang,873,52,47
kor_Hang,873,53,13
kor_Hang,873,54,13
kor_Hang,873,55,22
kor_Hang,873,56,52
kor_Hang,874,0,60
kor_Hang,874,1,13
kor_Hang,874,2,13
kor_Hang,874,3,13
kor_Hang,874,4,13
kor_Hang,874,5,51
kor_Hang,874,6,13
kor_Hang,874,7,13
kor_Hang,874,8,13
kor_Hang,874,9,13
kor_Hang,874,10,13
kor_Hang,874,11,13
kor_Hang,874,12,9
kor_Hang,874,13,13
kor_Hang,874,14,13
kor_Hang,874,15,13
kor_Hang,874,16,13
kor_Hang,874,17,13
kor_Hang,874,18,13
kor_Hang,874,19,13
kor_Hang,874,20,13
kor_Hang,874,21,47
kor_Hang,874,22,13
kor_Hang,874,23,13
kor_Hang,874,24,13
kor_Hang,874,25,13
kor_Hang,874,26,13
kor_Hang,874,27,13
kor_Hang,874,28,47
kor_Hang,874,29,13
kor_Hang,874,30,13
kor_Hang,874,31,13
kor_Hang,874,32,13
kor_Hang,874,33,13
kor_Hang,874,34,13
kor_Hang,874,35,13
kor_Hang,874,36,13
kor_Hang,874,37,13
kor_Hang,874,38,13
kor_Hang,874,39,13
kor_Hang,874,40,13
kor_Hang,874,41,13
kor_Hang,874,42,13
kor_Hang,874,43,13
kor_Hang,874,44,13
kor_Hang,874,45,13
kor_Hang,874,46,13
kor_Hang,874,47,13
kor_Hang,874,48,13
kor_Hang,874,49,13
kor_Hang,874,50,13
kor_Hang,874,51,13
kor_Hang,874,52,13
kor_Hang,874,53,19
kor_Hang,874,54,13
kor_Hang,874,55,13
kor_Hang,874,56,47
kor_Hang,874,57,13
kor_Hang,874,58,13
kor_Hang,874,59,13
kor_Hang,874,60,13
kor_Hang,874,61,13
kor_Hang,874,62,47
kor_Hang,874,63,13
kor_Hang,874,64,13
kor_Hang,874,65,19
kor_Hang,874,66,47
kor_Hang,874,67,19
kor_Hang,874,68,13
kor_Hang,874,69,19
kor_Hang,874,70,13
kor_Hang,874,71,47
eng_Latn,875,0,60
eng_Latn,875,1,39
eng_Latn,875,2,52
eng_Latn,875,3,52
eng_Latn,875,4,13
eng_Latn,875,5,52
eng_Latn,875,6,13
kor_Hang,876,0,60
kor_Hang,876,1,13
kor_Hang,876,2,13
kor_Hang,876,3,13
kor_Hang,876,4,47
kor_Hang,876,5,13
kor_Hang,876,6,19
kor_Hang,876,7,13
kor_Hang,876,8,13
kor_Hang,876,9,13
kor_Hang,876,10,13
kor_Hang,876,11,13
kor_Hang,876,12,13
kor_Hang,876,13,13
kor_Hang,876,14,13
kor_Hang,876,15,13
kor_Hang,876,16,13
kor_Hang,876,17,13
kor_Hang,876,18,47
kor_Hang,876,19,13
kor_Hang,876,20,13
kor_Hang,876,21,13
kor_Hang,876,22,13
kor_Hang,876,23,13
kor_Hang,876,24,13
kor_Hang,876,25,13
kor_Hang,876,26,13
kor_Hang,876,27,13
kor_Hang,876,28,19
kor_Hang,876,29,13
kor_Hang,876,30,13
kor_Hang,876,31,13
kor_Hang,876,32,13
kor_Hang,876,33,13
kor_Hang,876,34,13
kor_Hang,876,35,47
kor_Hang,876,36,47
kor_Hang,876,37,13
kor_Hang,876,38,13
kor_Hang,876,39,13
kor_Hang,876,40,13
kor_Hang,876,41,13
kor_Hang,876,42,13
kor_Hang,876,43,13
kor_Hang,876,44,13
kor_Hang,876,45,13
kor_Hang,876,46,13
kor_Hang,876,47,13
kor_Hang,876,48,13
kor_Hang,876,49,13
kor_Hang,876,50,19
kor_Hang,876,51,13
kor_Hang,876,52,19
kor_Hang,876,53,34
kor_Hang,876,54,13
kor_Hang,876,55,13
kor_Hang,876,56,13
kor_Hang,876,57,13
kor_Hang,876,58,13
kor_Hang,876,59,13
kor_Hang,876,60,19
kor_Hang,876,61,13
kor_Hang,876,62,13
kor_Hang,876,63,13
kor_Hang,876,64,13
kor_Hang,876,65,13
kor_Hang,876,66,34
eng_Latn,877,0,60
eng_Latn,877,1,40
eng_Latn,877,2,26
eng_Latn,877,3,47
eng_Latn,877,4,49
eng_Latn,877,5,5
eng_Latn,877,6,5
eng_Latn,877,7,40
eng_Latn,877,8,26
kor_Hang,878,0,60
kor_Hang,878,1,36
kor_Hang,878,2,19
kor_Hang,878,3,13
kor_Hang,878,4,13
kor_Hang,878,5,19
kor_Hang,878,6,13
kor_Hang,878,7,13
kor_Hang,878,8,13
kor_Hang,878,9,13
kor_Hang,878,10,13
kor_Hang,878,11,13
kor_Hang,878,12,13
kor_Hang,878,13,13
kor_Hang,878,14,13
kor_Hang,878,15,13
kor_Hang,878,16,13
kor_Hang,878,17,13
kor_Hang,878,18,19
kor_Hang,878,19,13
kor_Hang,878,20,19
kor_Hang,878,21,13
kor_Hang,878,22,13
kor_Hang,878,23,13
kor_Hang,878,24,13
kor_Hang,878,25,13
kor_Hang,878,26,13
kor_Hang,879,0,60
kor_Hang,879,1,13
kor_Hang,879,2,13
kor_Hang,879,3,13
kor_Hang,879,4,13
kor_Hang,879,5,13
kor_Hang,879,6,13
kor_Hang,879,7,13
kor_Hang,879,8,13
kor_Hang,879,9,13
kor_Hang,879,10,13
kor_Hang,879,11,13
kor_Hang,879,12,47
kor_Hang,879,13,13
kor_Hang,879,14,11
kor_Hang,879,15,13
kor_Hang,879,16,13
kor_Hang,879,17,19
kor_Hang,879,18,47
kor_Hang,879,19,47
kor_Hang,879,20,13
kor_Hang,879,21,13
kor_Hang,879,22,13
kor_Hang,879,23,13
kor_Hang,879,24,19
kor_Hang,879,25,34
kor_Hang,879,26,13
kor_Hang,879,27,13
kor_Hang,879,28,13
kor_Hang,879,29,13
kor_Hang,879,30,13
kor_Hang,879,31,13
kor_Hang,879,32,13
kor_Hang,879,33,13
kor_Hang,879,34,13
kor_Hang,879,35,13
kor_Hang,879,36,13
kor_Hang,879,37,13
kor_Hang,879,38,13
kor_Hang,879,39,13
kor_Hang,880,0,60
kor_Hang,880,1,19
kor_Hang,880,2,13
kor_Hang,880,3,47
kor_Hang,880,4,19
kor_Hang,880,5,13
kor_Hang,880,6,13
kor_Hang,880,7,13
kor_Hang,880,8,13
kor_Hang,880,9,13
kor_Hang,880,10,47
kor_Hang,880,11,19
kor_Hang,880,12,13
kor_Hang,880,13,13
kor_Hang,880,14,13
kor_Hang,880,15,13
kor_Hang,880,16,13
kor_Hang,880,17,13
kor_Hang,880,18,12
kor_Hang,880,19,13
kor_Hang,880,20,19
kor_Hang,880,21,13
kor_Hang,880,22,47
kor_Hang,880,23,19
kor_Hang,880,24,13
kor_Hang,880,25,13
kor_Hang,880,26,13
kor_Hang,880,27,13
kor_Hang,880,28,13
kor_Hang,880,29,13
kor_Hang,880,30,47
kor_Hang,880,31,19
kor_Hang,880,32,13
kor_Hang,880,33,12
kor_Hang,880,34,13
kor_Hang,880,35,13
kor_Hang,880,36,13
kor_Hang,880,37,13
kor_Hang,880,38,47
kor_Hang,880,39,13
kor_Hang,880,40,13
kor_Hang,880,41,13
kor_Hang,880,42,13
kor_Hang,880,43,19
kor_Hang,880,44,34
kor_Hang,880,45,13
kor_Hang,880,46,13
kor_Hang,880,47,13
kor_Hang,880,48,13
kor_Hang,880,49,13
kor_Hang,880,50,13
kor_Hang,880,51,13
kor_Hang,880,52,13
kor_Hang,880,53,13
kor_Hang,880,54,13
kor_Hang,880,55,13
kor_Hang,880,56,19
kor_Hang,880,57,13
kor_Hang,880,58,13
kor_Hang,880,59,47
kor_Hang,880,60,13
kor_Hang,880,61,47
kor_Hang,880,62,61
kor_Hang,880,63,13
kor_Hang,880,64,13
kor_Hang,880,65,34
kor_Hang,880,66,13
kor_Hang,880,67,13
kor_Hang,880,68,13
kor_Hang,880,69,13
kor_Hang,880,70,13
kor_Hang,880,71,19
kor_Hang,880,72,34
kor_Hang,880,73,13
kor_Hang,880,74,13
kor_Hang,880,75,13
kor_Hang,880,76,13
kor_Hang,880,77,13
kor_Hang,880,78,13
kor_Hang,880,79,13
kor_Hang,880,80,13
kor_Hang,880,81,34
kor_Hang,880,82,13
kor_Hang,880,83,13
kor_Hang,880,84,13
kor_Hang,880,85,34
kor_Hang,880,86,13
kor_Hang,880,87,13
kor_Hang,880,88,34
kor_Hang,881,0,60
kor_Hang,881,1,13
kor_Hang,881,2,13
kor_Hang,881,3,13
kor_Hang,881,4,13
kor_Hang,881,5,13
kor_Hang,881,6,13
kor_Hang,881,7,13
kor_Hang,881,8,13
kor_Hang,881,9,13
kor_Hang,881,10,13
kor_Hang,881,11,13
kor_Hang,881,12,13
kor_Hang,881,13,13
kor_Hang,881,14,13
kor_Hang,881,15,13
kor_Hang,881,16,13
kor_Hang,881,17,47
kor_Hang,881,18,47
kor_Hang,881,19,13
kor_Hang,881,20,13
kor_Hang,881,21,13
kor_Hang,881,22,13
kor_Hang,881,23,13
kor_Hang,881,24,13
kor_Hang,881,25,13
kor_Hang,881,26,13
kor_Hang,881,27,13
kor_Hang,881,28,13
kor_Hang,881,29,13
kor_Hang,881,30,13
kor_Hang,881,31,34
kor_Hang,881,32,13
kor_Hang,881,33,13
kor_Hang,881,34,13
kor_Hang,881,35,47
kor_Hang,881,36,13
kor_Hang,881,37,19
kor_Hang,881,38,13
kor_Hang,881,39,13
kor_Hang,881,40,51
eng_Latn,882,0,60
eng_Latn,882,1,9
eng_Latn,882,2,38
eng_Latn,882,3,15
eng_Latn,882,4,56
eng_Latn,882,5,63
eng_Latn,882,6,60
eng_Latn,882,7,40
eng_Latn,882,8,63
kor_Hang,883,0,60
kor_Hang,883,1,13
kor_Hang,883,2,13
kor_Hang,883,3,13
kor_Hang,883,4,13
kor_Hang,883,5,19
kor_Hang,883,6,47
kor_Hang,883,7,13
kor_Hang,883,8,13
kor_Hang,883,9,13
kor_Hang,883,10,13
kor_Hang,883,11,9
kor_Hang,883,12,11
kor_Hang,883,13,19
kor_Hang,883,14,13
kor_Hang,883,15,13
kor_Hang,883,16,13
kor_Hang,883,17,13
kor_Hang,883,18,13
kor_Hang,883,19,13
kor_Hang,883,20,13
kor_Hang,883,21,61
kor_Hang,883,22,19
kor_Hang,883,23,13
kor_Hang,883,24,13
kor_Hang,883,25,13
kor_Hang,883,26,13
kor_Hang,883,27,13
kor_Hang,883,28,13
kor_Hang,883,29,13
kor_Hang,883,30,47
kor_Hang,883,31,13
kor_Hang,883,32,13
kor_Hang,883,33,13
kor_Hang,883,34,13
kor_Hang,883,35,13
kor_Hang,883,36,13
kor_Hang,883,37,13
kor_Hang,883,38,13
kor_Hang,883,39,13
kor_Hang,883,40,13
kor_Hang,883,41,13
kor_Hang,883,42,19
kor_Hang,883,43,13
kor_Hang,883,44,19
kor_Hang,883,45,34
kor_Hang,883,46,13
kor_Hang,883,47,13
kor_Hang,883,48,13
kor_Hang,883,49,13
kor_Hang,883,50,13
kor_Hang,883,51,19
kor_Hang,883,52,13
kor_Hang,883,53,13
kor_Hang,883,54,13
kor_Hang,883,55,13
kor_Hang,883,56,13
kor_Hang,883,57,13
kor_Hang,883,58,13
kor_Hang,883,59,19
kor_Hang,883,60,13
kor_Hang,883,61,1
kor_Hang,883,62,13
kor_Hang,883,63,13
kor_Hang,883,64,13
kor_Hang,883,65,34
kor_Hang,884,0,60
kor_Hang,884,1,13
kor_Hang,884,2,13
kor_Hang,884,3,47
kor_Hang,884,4,13
kor_Hang,884,5,13
kor_Hang,884,6,13
kor_Hang,884,7,13
kor_Hang,884,8,19
kor_Hang,884,9,13
kor_Hang,884,10,13
kor_Hang,884,11,13
kor_Hang,884,12,13
kor_Hang,884,13,13
kor_Hang,884,14,19
kor_Hang,884,15,13
kor_Hang,884,16,13
kor_Hang,884,17,13
kor_Hang,884,18,13
kor_Hang,884,19,13
kor_Hang,884,20,13
kor_Hang,884,21,47
kor_Hang,884,22,13
kor_Hang,884,23,13
kor_Hang,884,24,13
kor_Hang,884,25,13
kor_Hang,884,26,13
kor_Hang,884,27,19
kor_Hang,884,28,13
kor_Hang,884,29,13
kor_Hang,884,30,13
kor_Hang,884,31,13
kor_Hang,884,32,13
kor_Hang,884,33,13
kor_Hang,884,34,13
kor_Hang,884,35,13
kor_Hang,884,36,13
kor_Hang,884,37,61
kor_Hang,884,38,47
kor_Hang,884,39,13
kor_Hang,884,40,13
kor_Hang,884,41,47
kor_Hang,884,42,13
kor_Hang,884,43,13
kor_Hang,884,44,13
kor_Hang,884,45,13
kor_Hang,884,46,13
kor_Hang,884,47,19
kor_Hang,884,48,13
kor_Hang,884,49,13
kor_Hang,884,50,13
kor_Hang,884,51,19
kor_Hang,884,52,13
kor_Hang,884,53,13
kor_Hang,884,54,13
kor_Hang,884,55,19
kor_Hang,884,56,13
kor_Hang,884,57,19
kor_Hang,884,58,34
kor_Hang,884,59,34
kor_Hang,885,0,60
kor_Hang,885,1,13
kor_Hang,885,2,13
kor_Hang,885,3,13
kor_Hang,885,4,13
kor_Hang,885,5,47
kor_Hang,885,6,13
kor_Hang,885,7,24
kor_Hang,885,8,26
kor_Hang,885,9,39
kor_Hang,885,10,26
kor_Hang,885,11,26
kor_Hang,885,12,13
kor_Hang,885,13,13
kor_Hang,885,14,13
kor_Hang,885,15,13
kor_Hang,885,16,13
kor_Hang,885,17,26
kor_Hang,885,18,13
kor_Hang,885,19,27
kor_Hang,885,20,61
kor_Hang,885,21,26
kor_Hang,885,22,13
kor_Hang,885,23,13
kor_Hang,885,24,13
kor_Hang,886,0,60
kor_Hang,886,1,19
kor_Hang,886,2,13
kor_Hang,886,3,13
kor_Hang,886,4,13
kor_Hang,886,5,13
kor_Hang,886,6,13
kor_Hang,886,7,13
kor_Hang,886,8,13
kor_Hang,886,9,47
kor_Hang,886,10,39
kor_Hang,886,11,13
kor_Hang,886,12,13
kor_Hang,886,13,13
kor_Hang,886,14,13
kor_Hang,886,15,13
kor_Hang,886,16,13
kor_Hang,886,17,13
kor_Hang,886,18,61
kor_Hang,886,19,19
kor_Hang,886,20,13
kor_Hang,886,21,13
kor_Hang,886,22,13
kor_Hang,886,23,13
kor_Hang,886,24,27
kor_Hang,886,25,13
kor_Hang,886,26,13
kor_Hang,886,27,13
kor_Hang,886,28,13
kor_Hang,886,29,13
kor_Hang,886,30,13
kor_Hang,886,31,13
kor_Hang,886,32,13
kor_Hang,886,33,13
kor_Hang,886,34,13
kor_Hang,886,35,13
kor_Hang,886,36,13
kor_Hang,886,37,13
kor_Hang,886,38,19
kor_Hang,886,39,13
kor_Hang,886,40,13
kor_Hang,886,41,13
kor_Hang,886,42,13
kor_Hang,886,43,13
kor_Hang,886,44,13
kor_Hang,886,45,13
kor_Hang,886,46,19
kor_Hang,886,47,34
kor_Hang,886,48,13
kor_Hang,886,49,13
kor_Hang,886,50,13
kor_Hang,886,51,13
kor_Hang,886,52,13
kor_Hang,886,53,13
kor_Hang,886,54,13
kor_Hang,886,55,13
kor_Hang,886,56,19
kor_Hang,886,57,13
kor_Hang,886,58,13
kor_Hang,886,59,13
kor_Hang,886,60,13
kor_Hang,886,61,13
kor_Hang,886,62,13
kor_Hang,886,63,13
kor_Hang,886,64,13
kor_Hang,886,65,13
kor_Hang,886,66,13
kor_Hang,886,67,13
kor_Hang,886,68,19
kor_Hang,886,69,13
kor_Hang,886,70,13
kor_Hang,886,71,13
kor_Hang,886,72,19
kor_Hang,886,73,13
kor_Hang,886,74,13
kor_Hang,886,75,34
kor_Hang,887,0,60
kor_Hang,887,1,13
kor_Hang,887,2,13
kor_Hang,887,3,47
kor_Hang,887,4,13
kor_Hang,887,5,13
kor_Hang,887,6,13
kor_Hang,887,7,47
kor_Hang,887,8,13
kor_Hang,887,9,19
kor_Hang,887,10,39
kor_Hang,887,11,13
kor_Hang,887,12,13
kor_Hang,887,13,13
kor_Hang,887,14,13
kor_Hang,887,15,52
kor_Hang,887,16,52
kor_Hang,887,17,52
kor_Hang,887,18,47
kor_Hang,887,19,47
kor_Hang,887,20,52
kor_Hang,887,21,47
kor_Hang,887,22,13
kor_Hang,887,23,13
kor_Hang,887,24,13
kor_Hang,887,25,13
kor_Hang,887,26,13
kor_Hang,887,27,13
kor_Hang,887,28,13
kor_Hang,887,29,19
kor_Hang,887,30,13
kor_Hang,887,31,13
kor_Hang,887,32,13
kor_Hang,887,33,13
kor_Hang,887,34,13
kor_Hang,887,35,13
kor_Hang,887,36,19
kor_Hang,887,37,13
kor_Hang,887,38,13
kor_Hang,887,39,13
kor_Hang,887,40,13
kor_Hang,887,41,13
kor_Hang,887,42,13
kor_Hang,887,43,13
kor_Hang,887,44,13
kor_Hang,887,45,13
kor_Hang,887,46,19
kor_Hang,887,47,13
kor_Hang,887,48,13
kor_Hang,887,49,13
kor_Hang,887,50,47
kor_Hang,887,51,13
kor_Hang,887,52,13
kor_Hang,887,53,13
kor_Hang,887,54,13
kor_Hang,887,55,19
kor_Hang,887,56,13
kor_Hang,887,57,19
kor_Hang,887,58,13
kor_Hang,887,59,13
kor_Hang,887,60,27
kor_Hang,887,61,13
kor_Hang,887,62,13
kor_Hang,887,63,13
kor_Hang,887,64,13
kor_Hang,887,65,13
kor_Hang,887,66,13
kor_Hang,887,67,47
kor_Hang,887,68,13
kor_Hang,887,69,13
kor_Hang,887,70,13
kor_Hang,887,71,13
kor_Hang,887,72,13
kor_Hang,887,73,34
kor_Hang,888,0,60
kor_Hang,888,1,13
kor_Hang,888,2,13
kor_Hang,888,3,13
kor_Hang,888,4,13
kor_Hang,888,5,13
kor_Hang,888,6,13
kor_Hang,888,7,19
kor_Hang,888,8,13
kor_Hang,888,9,13
kor_Hang,888,10,13
kor_Hang,888,11,13
kor_Hang,888,12,13
kor_Hang,888,13,61
kor_Hang,888,14,13
kor_Hang,888,15,47
kor_Hang,888,16,19
kor_Hang,888,17,13
kor_Hang,888,18,47
kor_Hang,888,19,13
kor_Hang,888,20,13
kor_Hang,888,21,13
kor_Hang,888,22,13
kor_Hang,888,23,13
kor_Hang,888,24,61
kor_Hang,888,25,13
kor_Hang,888,26,47
kor_Hang,888,27,13
kor_Hang,888,28,13
kor_Hang,888,29,13
kor_Hang,888,30,13
kor_Hang,888,31,13
kor_Hang,888,32,13
kor_Hang,888,33,13
kor_Hang,888,34,13
kor_Hang,888,35,13
kor_Hang,888,36,13
kor_Hang,888,37,13
kor_Hang,888,38,13
kor_Hang,888,39,19
kor_Hang,888,40,13
kor_Hang,888,41,47
kor_Hang,888,42,19
kor_Hang,888,43,13
kor_Hang,888,44,13
kor_Hang,888,45,19
kor_Hang,888,46,13
kor_Hang,888,47,13
kor_Hang,888,48,13
kor_Hang,888,49,13
kor_Hang,888,50,13
kor_Hang,888,51,13
kor_Hang,888,52,13
kor_Hang,888,53,13
kor_Hang,888,54,13
kor_Hang,888,55,13
kor_Hang,888,56,13
kor_Hang,888,57,13
kor_Hang,888,58,13
kor_Hang,888,59,19
kor_Hang,888,60,13
kor_Hang,888,61,13
kor_Hang,888,62,34
kor_Hang,888,63,13
kor_Hang,888,64,13
kor_Hang,888,65,13
kor_Hang,888,66,34
kor_Hang,889,0,60
kor_Hang,889,1,13
kor_Hang,889,2,13
kor_Hang,889,3,13
kor_Hang,889,4,13
kor_Hang,889,5,13
kor_Hang,889,6,13
kor_Hang,889,7,13
kor_Hang,889,8,13
kor_Hang,889,9,52
kor_Hang,889,10,52
kor_Hang,889,11,52
kor_Hang,889,12,13
kor_Hang,889,13,13
kor_Hang,889,14,13
kor_Hang,889,15,13
kor_Hang,889,16,13
kor_Hang,889,17,39
kor_Hang,889,18,47
kor_Hang,889,19,13
kor_Hang,889,20,13
kor_Hang,889,21,52
kor_Hang,889,22,13
kor_Hang,889,23,52
kor_Hang,889,24,13
kor_Hang,889,25,13
kor_Hang,889,26,19
kor_Hang,889,27,13
kor_Hang,889,28,13
kor_Hang,889,29,13
kor_Hang,889,30,13
kor_Hang,889,31,13
kor_Hang,889,32,13
kor_Hang,889,33,13
kor_Hang,889,34,13
kor_Hang,889,35,13
kor_Hang,889,36,13
kor_Hang,889,37,13
kor_Hang,889,38,13
kor_Hang,889,39,13
kor_Hang,889,40,13
kor_Hang,889,41,13
kor_Hang,889,42,13
kor_Hang,889,43,19
kor_Hang,889,44,13
kor_Hang,889,45,13
kor_Hang,889,46,39
kor_Hang,889,47,13
kor_Hang,890,0,60
kor_Hang,890,1,13
kor_Hang,890,2,13
kor_Hang,890,3,39
kor_Hang,890,4,47
kor_Hang,890,5,13
kor_Hang,890,6,47
kor_Hang,890,7,13
kor_Hang,890,8,47
kor_Hang,890,9,19
kor_Hang,890,10,13
kor_Hang,890,11,47
kor_Hang,890,12,19
kor_Hang,890,13,13
kor_Hang,890,14,13
kor_Hang,890,15,13
kor_Hang,890,16,19
kor_Hang,890,17,13
kor_Hang,890,18,13
kor_Hang,890,19,13
kor_Hang,890,20,19
kor_Hang,890,21,13
kor_Hang,890,22,13
kor_Hang,890,23,13
kor_Hang,890,24,13
kor_Hang,890,25,19
kor_Hang,890,26,13
kor_Hang,890,27,13
kor_Hang,890,28,13
kor_Hang,890,29,13
kor_Hang,890,30,13
kor_Hang,890,31,13
kor_Hang,890,32,13
kor_Hang,890,33,13
kor_Hang,890,34,13
kor_Hang,890,35,13
kor_Hang,890,36,34
kor_Hang,891,0,60
kor_Hang,891,1,13
kor_Hang,891,2,13
kor_Hang,891,3,13
kor_Hang,891,4,13
kor_Hang,891,5,13
kor_Hang,891,6,13
kor_Hang,891,7,19
kor_Hang,891,8,13
kor_Hang,891,9,13
kor_Hang,891,10,19
kor_Hang,891,11,13
kor_Hang,891,12,13
kor_Hang,891,13,13
kor_Hang,891,14,13
kor_Hang,891,15,13
kor_Hang,891,16,13
kor_Hang,891,17,13
kor_Hang,891,18,13
kor_Hang,891,19,13
kor_Hang,891,20,47
kor_Hang,891,21,13
kor_Hang,891,22,13
kor_Hang,891,23,13
kor_Hang,891,24,19
kor_Hang,891,25,13
kor_Hang,891,26,19
kor_Hang,891,27,13
kor_Hang,891,28,13
kor_Hang,891,29,19
kor_Hang,891,30,13
kor_Hang,891,31,52
kor_Hang,891,32,52
kor_Hang,891,33,52
kor_Hang,891,34,13
kor_Hang,891,35,13
kor_Hang,891,36,13
kor_Hang,891,37,13
kor_Hang,891,38,13
kor_Hang,891,39,13
kor_Hang,891,40,47
kor_Hang,891,41,13
kor_Hang,891,42,13
kor_Hang,891,43,13
kor_Hang,891,44,13
kor_Hang,891,45,13
kor_Hang,891,46,13
kor_Hang,891,47,13
kor_Hang,891,48,47
kor_Hang,891,49,19
kor_Hang,891,50,13
kor_Hang,891,51,47
kor_Hang,891,52,47
kor_Hang,891,53,13
kor_Hang,891,54,13
kor_Hang,891,55,19
kor_Hang,891,56,13
kor_Hang,891,57,19
kor_Hang,891,58,13
kor_Hang,891,59,9
kor_Hang,891,60,13
kor_Hang,891,61,13
kor_Hang,891,62,13
kor_Hang,891,63,13
kor_Hang,891,64,13
kor_Hang,891,65,13
kor_Hang,891,66,13
kor_Hang,891,67,19
kor_Hang,891,68,12
kor_Hang,891,69,22
kor_Hang,892,0,60
kor_Hang,892,1,13
kor_Hang,892,2,47
kor_Hang,892,3,13
kor_Hang,892,4,13
kor_Hang,892,5,39
kor_Hang,892,6,39
kor_Hang,892,7,13
kor_Hang,892,8,13
kor_Hang,892,9,13
kor_Hang,892,10,12
kor_Hang,892,11,11
kor_Hang,892,12,13
kor_Hang,892,13,19
kor_Hang,892,14,13
kor_Hang,892,15,19
kor_Hang,892,16,13
kor_Hang,892,17,13
kor_Hang,892,18,13
kor_Hang,892,19,12
kor_Hang,892,20,12
kor_Hang,892,21,52
kor_Hang,893,0,60
kor_Hang,893,1,13
kor_Hang,893,2,19
kor_Hang,893,3,13
kor_Hang,893,4,13
kor_Hang,893,5,13
kor_Hang,893,6,13
kor_Hang,893,7,47
kor_Hang,893,8,13
kor_Hang,893,9,61
kor_Hang,893,10,47
kor_Hang,893,11,13
kor_Hang,893,12,13
kor_Hang,893,13,13
kor_Hang,893,14,13
kor_Hang,893,15,13
kor_Hang,893,16,47
kor_Hang,893,17,13
kor_Hang,893,18,13
kor_Hang,893,19,13
kor_Hang,893,20,13
kor_Hang,893,21,13
kor_Hang,893,22,61
kor_Hang,893,23,19
kor_Hang,893,24,13
kor_Hang,893,25,47
kor_Hang,893,26,19
kor_Hang,893,27,13
kor_Hang,893,28,13
kor_Hang,893,29,13
kor_Hang,893,30,13
kor_Hang,893,31,13
kor_Hang,893,32,13
kor_Hang,893,33,13
kor_Hang,893,34,13
kor_Hang,893,35,13
kor_Hang,893,36,13
kor_Hang,893,37,13
kor_Hang,893,38,13
kor_Hang,893,39,13
kor_Hang,893,40,13
kor_Hang,893,41,13
kor_Hang,893,42,13
kor_Hang,893,43,13
kor_Hang,893,44,13
kor_Hang,893,45,13
kor_Hang,893,46,13
kor_Hang,893,47,13
kor_Hang,893,48,13
kor_Hang,893,49,13
kor_Hang,893,50,47
kor_Hang,893,51,19
kor_Hang,893,52,13
kor_Hang,893,53,13
kor_Hang,893,54,13
kor_Hang,893,55,13
kor_Hang,893,56,13
kor_Hang,893,57,13
kor_Hang,893,58,13
kor_Hang,893,59,13
kor_Hang,893,60,13
kor_Hang,893,61,19
kor_Hang,893,62,34
kor_Hang,893,63,13
kor_Hang,893,64,19
kor_Hang,893,65,34
kor_Hang,894,0,60
kor_Hang,894,1,13
kor_Hang,894,2,13
kor_Hang,894,3,13
kor_Hang,894,4,19
kor_Hang,894,5,13
kor_Hang,894,6,13
kor_Hang,894,7,13
kor_Hang,894,8,13
kor_Hang,894,9,13
kor_Hang,894,10,13
kor_Hang,894,11,13
kor_Hang,894,12,13
kor_Hang,894,13,13
kor_Hang,894,14,13
kor_Hang,894,15,13
kor_Hang,894,16,47
kor_Hang,894,17,19
kor_Hang,894,18,13
kor_Hang,894,19,13
kor_Hang,894,20,13
kor_Hang,894,21,13
kor_Hang,894,22,13
kor_Hang,894,23,13
kor_Hang,894,24,13
kor_Hang,894,25,13
kor_Hang,894,26,13
kor_Hang,894,27,13
kor_Hang,894,28,13
kor_Hang,894,29,13
kor_Hang,894,30,13
kor_Hang,894,31,34
kor_Hang,894,32,13
kor_Hang,894,33,13
kor_Hang,894,34,47
kor_Hang,894,35,13
kor_Hang,894,36,13
kor_Hang,894,37,34
kor_Hang,895,0,60
kor_Hang,895,1,13
kor_Hang,895,2,13
kor_Hang,895,3,47
kor_Hang,895,4,13
kor_Hang,895,5,19
kor_Hang,895,6,47
kor_Hang,895,7,13
kor_Hang,895,8,13
kor_Hang,895,9,13
kor_Hang,895,10,13
kor_Hang,895,11,13
kor_Hang,895,12,13
kor_Hang,895,13,13
kor_Hang,895,14,19
kor_Hang,895,15,13
kor_Hang,895,16,13
kor_Hang,895,17,61
kor_Hang,895,18,13
kor_Hang,895,19,13
kor_Hang,895,20,13
kor_Hang,895,21,19
kor_Hang,895,22,13
kor_Hang,895,23,13
kor_Hang,895,24,13
kor_Hang,895,25,13
kor_Hang,895,26,13
kor_Hang,895,27,13
kor_Hang,895,28,13
kor_Hang,895,29,13
kor_Hang,895,30,13
kor_Hang,895,31,13
kor_Hang,895,32,47
kor_Hang,895,33,13
kor_Hang,895,34,19
kor_Hang,895,35,13
kor_Hang,895,36,13
kor_Hang,895,37,13
kor_Hang,895,38,13
kor_Hang,895,39,13
kor_Hang,895,40,13
kor_Hang,895,41,13
kor_Hang,895,42,13
kor_Hang,895,43,13
kor_Hang,895,44,13
kor_Hang,895,45,13
kor_Hang,895,46,13
kor_Hang,895,47,13
kor_Hang,895,48,13
kor_Hang,895,49,34
kor_Hang,896,0,60
kor_Hang,896,1,13
kor_Hang,896,2,13
kor_Hang,896,3,13
kor_Hang,896,4,13
kor_Hang,896,5,13
kor_Hang,896,6,13
kor_Hang,896,7,19
kor_Hang,896,8,13
kor_Hang,896,9,13
kor_Hang,896,10,13
kor_Hang,896,11,19
kor_Hang,896,12,13
kor_Hang,896,13,19
kor_Hang,896,14,13
kor_Hang,896,15,13
kor_Hang,896,16,13
kor_Hang,896,17,13
kor_Hang,896,18,13
kor_Hang,896,19,13
kor_Hang,896,20,13
kor_Hang,896,21,13
kor_Hang,896,22,13
kor_Hang,896,23,13
kor_Hang,896,24,13
kor_Hang,896,25,13
kor_Hang,896,26,13
kor_Hang,896,27,13
kor_Hang,896,28,13
kor_Hang,896,29,13
kor_Hang,896,30,13
kor_Hang,896,31,13
kor_Hang,896,32,19
kor_Hang,896,33,13
kor_Hang,896,34,13
kor_Hang,896,35,13
kor_Hang,896,36,13
kor_Hang,896,37,13
kor_Hang,896,38,13
kor_Hang,896,39,13
kor_Hang,896,40,13
kor_Hang,896,41,13
kor_Hang,896,42,13
kor_Hang,896,43,13
kor_Hang,896,44,19
kor_Hang,896,45,13
kor_Hang,896,46,13
kor_Hang,896,47,34
kor_Hang,896,48,13
kor_Hang,896,49,13
kor_Hang,896,50,13
kor_Hang,896,51,34
kor_Hang,896,52,19
kor_Hang,896,53,34
kor_Hang,896,54,34
eng_Latn,897,0,60
eng_Latn,897,1,5
eng_Latn,897,2,20
eng_Latn,897,3,52
eng_Latn,897,4,57
eng_Latn,897,5,23
eng_Latn,897,6,23
eng_Latn,897,7,61
eng_Latn,897,8,15
eng_Latn,897,9,16
eng_Latn,897,10,20
eng_Latn,897,11,63
kor_Hang,898,0,60
kor_Hang,898,1,13
kor_Hang,898,2,42
kor_Hang,898,3,13
kor_Hang,898,4,13
kor_Hang,898,5,13
kor_Hang,898,6,13
kor_Hang,898,7,19
kor_Hang,898,8,13
kor_Hang,898,9,19
kor_Hang,898,10,13
kor_Hang,898,11,13
kor_Hang,898,12,47
kor_Hang,898,13,13
kor_Hang,898,14,13
kor_Hang,898,15,13
kor_Hang,898,16,13
kor_Hang,898,17,19
kor_Hang,898,18,13
kor_Hang,898,19,13
kor_Hang,898,20,13
kor_Hang,898,21,13
kor_Hang,898,22,24
kor_Hang,898,23,47
kor_Hang,898,24,13
kor_Hang,898,25,13
kor_Hang,898,26,13
kor_Hang,898,27,13
kor_Hang,898,28,13
kor_Hang,898,29,13
kor_Hang,898,30,13
kor_Hang,898,31,19
kor_Hang,898,32,13
kor_Hang,898,33,47
kor_Hang,898,34,19
kor_Hang,898,35,34
kor_Hang,898,36,13
kor_Hang,898,37,13
kor_Hang,898,38,34
kor_Hang,899,0,60
kor_Hang,899,1,13
kor_Hang,899,2,13
kor_Hang,899,3,19
kor_Hang,899,4,13
kor_Hang,899,5,13
kor_Hang,899,6,13
kor_Hang,899,7,19
kor_Hang,899,8,13
kor_Hang,899,9,19
kor_Hang,899,10,13
kor_Hang,899,11,12
kor_Hang,899,12,52
kor_Hang,899,13,1
kor_Hang,899,14,13
kor_Hang,899,15,13
kor_Hang,899,16,13
kor_Hang,899,17,19
kor_Hang,899,18,13
kor_Hang,899,19,13
kor_Hang,899,20,13
kor_Hang,899,21,13
kor_Hang,899,22,19
kor_Hang,899,23,13
kor_Hang,899,24,13
kor_Hang,899,25,13
kor_Hang,899,26,13
kor_Hang,899,27,13
kor_Hang,899,28,19
kor_Hang,899,29,13
kor_Hang,899,30,13
kor_Hang,899,31,13
kor_Hang,899,32,13
kor_Hang,899,33,13
kor_Hang,899,34,13
kor_Hang,899,35,19
kor_Hang,899,36,13
kor_Hang,899,37,13
kor_Hang,899,38,13
kor_Hang,899,39,13
kor_Hang,899,40,13
kor_Hang,899,41,13
kor_Hang,899,42,61
kor_Hang,899,43,19
kor_Hang,899,44,13
kor_Hang,899,45,19
kor_Hang,899,46,13
kor_Hang,899,47,13
kor_Hang,899,48,13
kor_Hang,899,49,13
kor_Hang,899,50,13
kor_Hang,899,51,13
kor_Hang,899,52,34
kor_Hang,899,53,13
kor_Hang,899,54,13
kor_Hang,899,55,13
kor_Hang,899,56,19
kor_Hang,899,57,13
kor_Hang,899,58,34
kor_Hang,900,0,60
kor_Hang,900,1,13
kor_Hang,900,2,13
kor_Hang,900,3,47
kor_Hang,900,4,13
kor_Hang,900,5,13
kor_Hang,900,6,61
kor_Hang,900,7,13
kor_Hang,900,8,13
kor_Hang,900,9,13
kor_Hang,900,10,13
kor_Hang,900,11,13
kor_Hang,900,12,13
kor_Hang,900,13,13
kor_Hang,900,14,13
kor_Hang,900,15,13
kor_Hang,900,16,13
kor_Hang,900,17,13
kor_Hang,900,18,13
kor_Hang,900,19,13
kor_Hang,900,20,13
kor_Hang,900,21,13
kor_Hang,900,22,13
kor_Hang,900,23,13
kor_Hang,900,24,13
kor_Hang,900,25,13
kor_Hang,900,26,13
kor_Hang,900,27,13
kor_Hang,900,28,13
kor_Hang,900,29,13
kor_Hang,900,30,13
kor_Hang,900,31,13
kor_Hang,901,0,60
kor_Hang,901,1,19
kor_Hang,901,2,13
kor_Hang,901,3,13
kor_Hang,901,4,13
kor_Hang,901,5,13
kor_Hang,901,6,24
kor_Hang,901,7,13
kor_Hang,901,8,47
kor_Hang,901,9,19
kor_Hang,901,10,47
kor_Hang,901,11,13
kor_Hang,901,12,13
kor_Hang,901,13,47
kor_Hang,901,14,47
kor_Hang,901,15,13
kor_Hang,901,16,47
kor_Hang,901,17,47
kor_Hang,901,18,13
kor_Hang,901,19,13
kor_Hang,901,20,13
kor_Hang,901,21,13
kor_Hang,901,22,13
kor_Hang,901,23,13
kor_Hang,901,24,13
kor_Hang,901,25,13
kor_Hang,901,26,13
kor_Hang,901,27,13
kor_Hang,901,28,19
kor_Hang,901,29,13
kor_Hang,901,30,13
kor_Hang,901,31,13
kor_Hang,901,32,13
kor_Hang,901,33,13
kor_Hang,901,34,13
kor_Hang,901,35,13
kor_Hang,901,36,13
kor_Hang,901,37,13
kor_Hang,901,38,13
kor_Hang,901,39,13
kor_Hang,901,40,13
kor_Hang,901,41,13
kor_Hang,901,42,34
eng_Latn,902,0,60
eng_Latn,902,1,9
eng_Latn,902,2,29
eng_Latn,902,3,54
eng_Latn,902,4,18
eng_Latn,902,5,48
eng_Latn,902,6,18
eng_Latn,902,7,34
kor_Hang,903,0,60
kor_Hang,903,1,13
kor_Hang,903,2,13
kor_Hang,903,3,13
kor_Hang,903,4,13
kor_Hang,903,5,19
kor_Hang,903,6,13
kor_Hang,903,7,13
kor_Hang,903,8,13
kor_Hang,903,9,13
kor_Hang,903,10,13
kor_Hang,903,11,13
kor_Hang,903,12,13
kor_Hang,903,13,13
kor_Hang,903,14,13
kor_Hang,903,15,13
kor_Hang,903,16,19
kor_Hang,903,17,13
kor_Hang,903,18,19
kor_Hang,903,19,13
kor_Hang,903,20,13
kor_Hang,903,21,13
kor_Hang,903,22,19
kor_Hang,903,23,13
kor_Hang,903,24,13
kor_Hang,903,25,52
eng_Latn,904,0,60
eng_Latn,904,1,50
eng_Latn,904,2,16
kor_Hang,905,0,60
kor_Hang,905,1,19
kor_Hang,905,2,13
kor_Hang,905,3,13
kor_Hang,905,4,13
kor_Hang,905,5,13
kor_Hang,905,6,52
kor_Hang,905,7,13
kor_Hang,905,8,13
kor_Hang,905,9,47
kor_Hang,905,10,19
kor_Hang,905,11,13
kor_Hang,905,12,47
kor_Hang,905,13,19
kor_Hang,905,14,13
kor_Hang,905,15,13
kor_Hang,905,16,13
kor_Hang,905,17,13
kor_Hang,905,18,47
kor_Hang,905,19,13
kor_Hang,905,20,13
kor_Hang,905,21,13
kor_Hang,905,22,13
kor_Hang,905,23,1
kor_Hang,905,24,19
kor_Hang,905,25,13
kor_Hang,905,26,19
kor_Hang,905,27,13
kor_Hang,905,28,13
kor_Hang,905,29,13
kor_Hang,905,30,13
kor_Hang,905,31,13
kor_Hang,905,32,47
kor_Hang,905,33,13
kor_Hang,905,34,13
kor_Hang,905,35,13
kor_Hang,905,36,13
kor_Hang,905,37,13
kor_Hang,905,38,13
kor_Hang,905,39,13
kor_Hang,905,40,13
kor_Hang,905,41,13
kor_Hang,905,42,13
kor_Hang,905,43,13
kor_Hang,905,44,19
kor_Hang,905,45,13
kor_Hang,905,46,19
kor_Hang,905,47,13
kor_Hang,905,48,13
kor_Hang,905,49,34
kor_Hang,906,0,60
kor_Hang,906,1,13
kor_Hang,906,2,19
kor_Hang,906,3,13
kor_Hang,906,4,13
kor_Hang,906,5,13
kor_Hang,906,6,13
kor_Hang,906,7,19
kor_Hang,906,8,13
kor_Hang,906,9,13
kor_Hang,906,10,19
kor_Hang,906,11,13
kor_Hang,906,12,13
kor_Hang,906,13,61
kor_Hang,906,14,13
kor_Hang,906,15,13
kor_Hang,906,16,13
kor_Hang,906,17,19
kor_Hang,906,18,13
kor_Hang,906,19,13
kor_Hang,906,20,13
kor_Hang,906,21,52
kor_Hang,906,22,52
kor_Hang,906,23,52
kor_Hang,906,24,52
kor_Hang,906,25,13
kor_Hang,906,26,13
kor_Hang,906,27,24
kor_Hang,906,28,52
kor_Hang,906,29,52
kor_Hang,906,30,13
kor_Hang,906,31,13
kor_Hang,906,32,13
kor_Hang,906,33,13
kor_Hang,906,34,13
kor_Hang,906,35,27
kor_Hang,906,36,13
kor_Hang,906,37,13
kor_Hang,906,38,13
kor_Hang,906,39,13
kor_Hang,906,40,13
kor_Hang,906,41,13
kor_Hang,906,42,13
kor_Hang,906,43,1
kor_Hang,906,44,1
kor_Hang,906,45,47
kor_Hang,906,46,47
kor_Hang,906,47,39
kor_Hang,906,48,47
kor_Hang,906,49,13
kor_Hang,906,50,13
kor_Hang,906,51,13
kor_Hang,906,52,13
kor_Hang,906,53,13
kor_Hang,906,54,13
kor_Hang,906,55,13
kor_Hang,906,56,13
kor_Hang,906,57,47
kor_Hang,906,58,13
kor_Hang,906,59,13
kor_Hang,906,60,13
kor_Hang,906,61,13
kor_Hang,906,62,13
kor_Hang,906,63,47
kor_Hang,906,64,13
kor_Hang,906,65,52
kor_Hang,907,0,60
kor_Hang,907,1,13
kor_Hang,907,2,13
kor_Hang,907,3,13
kor_Hang,907,4,13
kor_Hang,907,5,13
kor_Hang,907,6,13
kor_Hang,907,7,13
kor_Hang,907,8,19
kor_Hang,907,9,13
kor_Hang,907,10,13
kor_Hang,907,11,13
kor_Hang,907,12,13
kor_Hang,907,13,13
kor_Hang,907,14,13
kor_Hang,907,15,19
kor_Hang,907,16,13
kor_Hang,907,17,13
kor_Hang,907,18,13
kor_Hang,907,19,13
kor_Hang,907,20,13
kor_Hang,907,21,47
kor_Hang,907,22,13
kor_Hang,907,23,13
kor_Hang,907,24,19
kor_Hang,907,25,13
kor_Hang,907,26,13
kor_Hang,907,27,47
kor_Hang,907,28,19
kor_Hang,907,29,13
kor_Hang,907,30,13
kor_Hang,907,31,52
kor_Hang,907,32,52
kor_Hang,907,33,61
kor_Hang,907,34,13
kor_Hang,907,35,52
kor_Hang,907,36,52
kor_Hang,907,37,13
kor_Hang,907,38,13
kor_Hang,907,39,13
kor_Hang,907,40,19
kor_Hang,907,41,34
kor_Hang,907,42,13
kor_Hang,907,43,13
kor_Hang,907,44,13
kor_Hang,907,45,19
kor_Hang,907,46,13
kor_Hang,907,47,34
kor_Hang,908,0,60
kor_Hang,908,1,13
kor_Hang,908,2,13
kor_Hang,908,3,13
kor_Hang,908,4,13
kor_Hang,908,5,13
kor_Hang,908,6,13
kor_Hang,908,7,11
kor_Hang,908,8,13
kor_Hang,908,9,13
kor_Hang,908,10,13
kor_Hang,908,11,47
kor_Hang,908,12,13
kor_Hang,908,13,13
kor_Hang,908,14,13
kor_Hang,908,15,13
kor_Hang,908,16,13
kor_Hang,908,17,47
kor_Hang,908,18,13
kor_Hang,908,19,47
kor_Hang,908,20,19
kor_Hang,908,21,13
kor_Hang,908,22,52
kor_Hang,908,23,13
kor_Hang,908,24,13
kor_Hang,908,25,52
kor_Hang,908,26,52
kor_Hang,908,27,13
kor_Hang,908,28,11
kor_Hang,908,29,13
kor_Hang,909,0,60
kor_Hang,909,1,13
kor_Hang,909,2,13
kor_Hang,909,3,13
kor_Hang,909,4,13
kor_Hang,909,5,19
kor_Hang,909,6,13
kor_Hang,909,7,13
kor_Hang,909,8,13
kor_Hang,909,9,13
kor_Hang,909,10,13
kor_Hang,909,11,13
kor_Hang,909,12,13
kor_Hang,909,13,13
kor_Hang,909,14,13
kor_Hang,909,15,13
kor_Hang,909,16,13
kor_Hang,909,17,13
kor_Hang,909,18,13
kor_Hang,909,19,13
kor_Hang,909,20,13
kor_Hang,909,21,13
kor_Hang,909,22,13
kor_Hang,909,23,13
kor_Hang,909,24,13
kor_Hang,909,25,13
kor_Hang,909,26,13
kor_Hang,909,27,13
kor_Hang,909,28,13
kor_Hang,909,29,13
kor_Hang,909,30,13
kor_Hang,909,31,13
kor_Hang,909,32,13
kor_Hang,909,33,13
kor_Hang,909,34,13
kor_Hang,909,35,51
kor_Hang,909,36,13
kor_Hang,909,37,19
kor_Hang,909,38,34
kor_Hang,909,39,13
kor_Hang,909,40,13
kor_Hang,909,41,34
kor_Hang,909,42,13
kor_Hang,909,43,13
kor_Hang,909,44,13
kor_Hang,909,45,13
kor_Hang,909,46,13
kor_Hang,909,47,24
kor_Hang,909,48,13
kor_Hang,909,49,13
kor_Hang,909,50,13
kor_Hang,910,0,60
kor_Hang,910,1,13
kor_Hang,910,2,13
kor_Hang,910,3,13
kor_Hang,910,4,13
kor_Hang,910,5,13
kor_Hang,910,6,13
kor_Hang,910,7,13
kor_Hang,910,8,13
kor_Hang,910,9,13
kor_Hang,910,10,13
kor_Hang,910,11,13
kor_Hang,910,12,13
kor_Hang,910,13,13
kor_Hang,910,14,13
kor_Hang,910,15,19
kor_Hang,910,16,34
kor_Hang,910,17,13
kor_Hang,910,18,13
kor_Hang,910,19,13
kor_Hang,910,20,47
kor_Hang,910,21,13
kor_Hang,910,22,13
kor_Hang,910,23,13
kor_Hang,910,24,13
kor_Hang,910,25,13
kor_Hang,910,26,13
kor_Hang,910,27,61
kor_Hang,910,28,19
kor_Hang,910,29,13
kor_Hang,910,30,13
kor_Hang,910,31,13
kor_Hang,910,32,13
kor_Hang,910,33,13
kor_Hang,910,34,13
kor_Hang,910,35,13
kor_Hang,910,36,13
kor_Hang,910,37,13
kor_Hang,910,38,13
kor_Hang,910,39,13
kor_Hang,910,40,13
kor_Hang,910,41,13
kor_Hang,910,42,13
kor_Hang,910,43,13
kor_Hang,910,44,13
kor_Hang,910,45,13
kor_Hang,910,46,19
kor_Hang,910,47,13
kor_Hang,910,48,34
kor_Hang,911,0,60
kor_Hang,911,1,13
kor_Hang,911,2,13
kor_Hang,911,3,13
kor_Hang,911,4,13
kor_Hang,911,5,13
kor_Hang,911,6,1
kor_Hang,911,7,13
kor_Hang,911,8,13
kor_Hang,911,9,52
kor_Hang,911,10,52
kor_Hang,911,11,52
kor_Hang,911,12,13
kor_Hang,911,13,13
kor_Hang,911,14,13
kor_Hang,911,15,13
kor_Hang,911,16,19
kor_Hang,911,17,13
kor_Hang,911,18,13
kor_Hang,911,19,13
kor_Hang,911,20,13
kor_Hang,911,21,47
kor_Hang,911,22,19
kor_Hang,911,23,13
kor_Hang,911,24,13
kor_Hang,911,25,19
kor_Hang,911,26,13
kor_Hang,911,27,13
kor_Hang,911,28,61
kor_Hang,911,29,13
kor_Hang,911,30,13
kor_Hang,911,31,13
kor_Hang,911,32,13
kor_Hang,911,33,13
kor_Hang,911,34,26
kor_Hang,911,35,47
kor_Hang,911,36,13
kor_Hang,911,37,13
kor_Hang,911,38,13
kor_Hang,911,39,19
kor_Hang,911,40,13
kor_Hang,911,41,47
kor_Hang,911,42,47
kor_Hang,911,43,13
kor_Hang,911,44,13
kor_Hang,911,45,47
kor_Hang,911,46,13
kor_Hang,911,47,13
kor_Hang,911,48,13
kor_Hang,911,49,13
kor_Hang,911,50,13
kor_Hang,911,51,52
kor_Hang,912,0,60
kor_Hang,912,1,61
kor_Hang,912,2,13
kor_Hang,912,3,13
kor_Hang,912,4,13
kor_Hang,912,5,13
kor_Hang,912,6,13
kor_Hang,912,7,13
kor_Hang,912,8,13
kor_Hang,912,9,47
kor_Hang,912,10,13
kor_Hang,912,11,13
kor_Hang,912,12,13
kor_Hang,912,13,13
kor_Hang,912,14,13
kor_Hang,912,15,19
kor_Hang,912,16,13
kor_Hang,912,17,13
kor_Hang,912,18,13
kor_Hang,912,19,13
kor_Hang,912,20,13
kor_Hang,912,21,13
kor_Hang,912,22,13
kor_Hang,912,23,13
kor_Hang,912,24,13
kor_Hang,912,25,13
kor_Hang,912,26,47
kor_Hang,912,27,19
kor_Hang,912,28,13
kor_Hang,912,29,13
kor_Hang,912,30,52
kor_Hang,912,31,13
kor_Hang,912,32,13
kor_Hang,912,33,13
kor_Hang,912,34,13
kor_Hang,912,35,13
kor_Hang,912,36,13
kor_Hang,912,37,19
kor_Hang,912,38,13
kor_Hang,912,39,13
kor_Hang,912,40,52
eng_Latn,913,0,60
eng_Latn,913,1,23
eng_Latn,913,2,8
eng_Latn,913,3,15
kor_Hang,914,0,60
kor_Hang,914,1,13
kor_Hang,914,2,13
kor_Hang,914,3,13
kor_Hang,914,4,13
kor_Hang,914,5,19
kor_Hang,914,6,13
kor_Hang,914,7,13
kor_Hang,914,8,13
kor_Hang,914,9,13
kor_Hang,914,10,13
kor_Hang,914,11,13
kor_Hang,914,12,13
kor_Hang,914,13,13
kor_Hang,914,14,19
kor_Hang,914,15,13
kor_Hang,914,16,13
kor_Hang,914,17,13
kor_Hang,914,18,13
kor_Hang,914,19,13
kor_Hang,914,20,13
kor_Hang,914,21,13
kor_Hang,914,22,13
kor_Hang,914,23,13
kor_Hang,914,24,13
kor_Hang,914,25,52
kor_Hang,914,26,13
kor_Hang,914,27,13
kor_Hang,914,28,13
kor_Hang,914,29,19
kor_Hang,914,30,13
kor_Hang,914,31,13
kor_Hang,914,32,13
kor_Hang,914,33,13
kor_Hang,914,34,47
kor_Hang,914,35,13
kor_Hang,914,36,13
kor_Hang,914,37,13
kor_Hang,914,38,19
kor_Hang,914,39,13
kor_Hang,914,40,24
kor_Hang,914,41,13
kor_Hang,914,42,13
kor_Hang,914,43,13
kor_Hang,914,44,13
kor_Hang,914,45,13
kor_Hang,914,46,13
kor_Hang,914,47,19
kor_Hang,914,48,13
kor_Hang,914,49,19
kor_Hang,914,50,13
kor_Hang,914,51,13
kor_Hang,914,52,13
kor_Hang,914,53,13
kor_Hang,914,54,13
kor_Hang,914,55,13
kor_Hang,914,56,13
kor_Hang,914,57,13
kor_Hang,914,58,13
kor_Hang,914,59,13
kor_Hang,914,60,13
kor_Hang,914,61,19
kor_Hang,914,62,13
kor_Hang,914,63,13
kor_Hang,914,64,13
kor_Hang,914,65,13
kor_Hang,914,66,13
kor_Hang,914,67,13
kor_Hang,914,68,34
kor_Hang,915,0,60
kor_Hang,915,1,13
kor_Hang,915,2,13
kor_Hang,915,3,13
kor_Hang,915,4,13
kor_Hang,915,5,13
kor_Hang,915,6,19
kor_Hang,915,7,13
kor_Hang,915,8,13
kor_Hang,915,9,13
kor_Hang,915,10,13
kor_Hang,915,11,13
kor_Hang,915,12,13
kor_Hang,915,13,13
kor_Hang,915,14,13
kor_Hang,915,15,13
kor_Hang,915,16,13
kor_Hang,915,17,13
kor_Hang,915,18,13
kor_Hang,915,19,13
kor_Hang,915,20,19
kor_Hang,915,21,13
kor_Hang,915,22,13
kor_Hang,915,23,13
kor_Hang,915,24,13
kor_Hang,915,25,34
kor_Hang,915,26,13
kor_Hang,915,27,13
kor_Hang,915,28,13
kor_Hang,915,29,13
kor_Hang,915,30,13
kor_Hang,915,31,13
kor_Hang,915,32,13
kor_Hang,915,33,13
kor_Hang,915,34,13
kor_Hang,915,35,13
kor_Hang,915,36,13
kor_Hang,915,37,13
kor_Hang,915,38,13
kor_Hang,915,39,13
kor_Hang,915,40,13
kor_Hang,915,41,13
kor_Hang,915,42,13
kor_Hang,915,43,13
kor_Hang,915,44,13
kor_Hang,915,45,19
kor_Hang,915,46,13
kor_Hang,915,47,13
kor_Hang,915,48,13
kor_Hang,915,49,13
kor_Hang,915,50,13
kor_Hang,915,51,13
kor_Hang,915,52,13
kor_Hang,915,53,13
kor_Hang,915,54,13
kor_Hang,915,55,13
kor_Hang,915,56,13
kor_Hang,915,57,13
kor_Hang,915,58,19
kor_Hang,915,59,34
kor_Hang,915,60,47
kor_Hang,915,61,13
kor_Hang,915,62,34
kor_Hang,915,63,34
kor_Hang,916,0,60
kor_Hang,916,1,13
kor_Hang,916,2,13
kor_Hang,916,3,13
kor_Hang,916,4,13
kor_Hang,916,5,13
kor_Hang,916,6,13
kor_Hang,916,7,13
kor_Hang,916,8,13
kor_Hang,916,9,13
kor_Hang,916,10,13
kor_Hang,916,11,13
kor_Hang,916,12,13
kor_Hang,916,13,13
kor_Hang,916,14,19
kor_Hang,916,15,13
kor_Hang,916,16,13
kor_Hang,916,17,13
kor_Hang,916,18,13
kor_Hang,916,19,13
kor_Hang,916,20,13
kor_Hang,916,21,13
kor_Hang,916,22,13
kor_Hang,916,23,13
kor_Hang,916,24,13
kor_Hang,916,25,13
kor_Hang,916,26,13
kor_Hang,916,27,13
kor_Hang,916,28,13
kor_Hang,916,29,13
kor_Hang,916,30,13
kor_Hang,916,31,19
kor_Hang,916,32,13
kor_Hang,916,33,13
kor_Hang,916,34,13
kor_Hang,916,35,19
kor_Hang,916,36,13
kor_Hang,916,37,19
kor_Hang,916,38,19
kor_Hang,916,39,47
kor_Hang,916,40,19
kor_Hang,916,41,39
kor_Hang,916,42,13
kor_Hang,916,43,13
kor_Hang,916,44,34
kor_Hang,917,0,60
kor_Hang,917,1,13
kor_Hang,917,2,34
kor_Hang,917,3,13
kor_Hang,917,4,13
kor_Hang,917,5,6
kor_Hang,917,6,13
kor_Hang,917,7,13
kor_Hang,917,8,13
kor_Hang,917,9,13
kor_Hang,917,10,13
kor_Hang,917,11,13
kor_Hang,917,12,1
kor_Hang,917,13,13
kor_Hang,917,14,36
kor_Hang,917,15,13
kor_Hang,917,16,39
kor_Hang,917,17,13
kor_Hang,917,18,13
kor_Hang,917,19,13
kor_Hang,917,20,19
kor_Hang,917,21,13
kor_Hang,917,22,19
kor_Hang,917,23,13
kor_Hang,917,24,13
kor_Hang,917,25,19
kor_Hang,917,26,34
kor_Hang,917,27,13
kor_Hang,917,28,19
kor_Hang,917,29,13
kor_Hang,917,30,13
kor_Hang,917,31,13
kor_Hang,917,32,13
kor_Hang,917,33,19
kor_Hang,917,34,47
kor_Hang,917,35,13
kor_Hang,917,36,19
kor_Hang,917,37,19
kor_Hang,917,38,13
kor_Hang,917,39,13
kor_Hang,917,40,13
kor_Hang,917,41,13
kor_Hang,917,42,13
kor_Hang,917,43,34
kor_Hang,917,44,13
kor_Hang,917,45,13
kor_Hang,917,46,13
kor_Hang,917,47,34
eng_Latn,918,0,60
eng_Latn,918,1,22
eng_Latn,918,2,45
eng_Latn,918,3,50
eng_Latn,918,4,18
eng_Latn,918,5,16
eng_Latn,918,6,11
eng_Latn,918,7,54
eng_Latn,919,0,60
eng_Latn,919,1,17
eng_Latn,919,2,9
eng_Latn,919,3,56
eng_Latn,919,4,17
eng_Latn,919,5,52
eng_Latn,919,6,17
eng_Latn,919,7,41
eng_Latn,919,8,17
kor_Hang,920,0,60
kor_Hang,920,1,13
kor_Hang,920,2,47
kor_Hang,920,3,19
kor_Hang,920,4,13
kor_Hang,920,5,13
kor_Hang,920,6,13
kor_Hang,920,7,19
kor_Hang,920,8,13
kor_Hang,920,9,13
kor_Hang,920,10,47
kor_Hang,920,11,13
kor_Hang,920,12,13
kor_Hang,920,13,13
kor_Hang,920,14,13
kor_Hang,920,15,13
kor_Hang,920,16,19
kor_Hang,920,17,39
kor_Hang,920,18,13
kor_Hang,920,19,13
kor_Hang,920,20,13
kor_Hang,920,21,9
kor_Hang,920,22,40
kor_Hang,920,23,19
kor_Hang,920,24,13
kor_Hang,920,25,11
kor_Hang,920,26,13
kor_Hang,920,27,13
kor_Hang,920,28,13
kor_Hang,920,29,13
kor_Hang,920,30,13
kor_Hang,920,31,13
kor_Hang,920,32,13
kor_Hang,920,33,13
kor_Hang,920,34,13
kor_Hang,920,35,47
kor_Hang,920,36,13
kor_Hang,920,37,13
kor_Hang,920,38,13
kor_Hang,920,39,13
kor_Hang,920,40,13
kor_Hang,920,41,13
kor_Hang,920,42,52
kor_Hang,920,43,13
kor_Hang,920,44,13
kor_Hang,920,45,13
kor_Hang,920,46,13
kor_Hang,920,47,13
kor_Hang,920,48,13
kor_Hang,920,49,13
kor_Hang,920,50,13
kor_Hang,920,51,13
kor_Hang,920,52,19
kor_Hang,920,53,34
kor_Hang,920,54,34
kor_Hang,921,0,60
kor_Hang,921,1,13
kor_Hang,921,2,13
kor_Hang,921,3,13
kor_Hang,921,4,19
kor_Hang,921,5,13
kor_Hang,921,6,13
kor_Hang,921,7,13
kor_Hang,921,8,13
kor_Hang,921,9,11
kor_Hang,921,10,24
kor_Hang,921,11,13
kor_Hang,921,12,13
kor_Hang,921,13,13
kor_Hang,921,14,13
kor_Hang,921,15,52
kor_Hang,921,16,13
kor_Hang,921,17,13
kor_Hang,921,18,13
kor_Hang,921,19,13
kor_Hang,921,20,13
kor_Hang,921,21,13
kor_Hang,921,22,52
kor_Hang,921,23,52
kor_Hang,921,24,52
kor_Hang,921,25,52
kor_Hang,921,26,13
kor_Hang,921,27,13
kor_Hang,921,28,13
kor_Hang,921,29,47
kor_Hang,921,30,47
kor_Hang,921,31,13
eng_Latn,922,0,60
eng_Latn,922,1,38
eng_Latn,922,2,15
eng_Latn,922,3,20
eng_Latn,922,4,38
eng_Latn,922,5,56
eng_Latn,922,6,61
eng_Latn,922,7,19
eng_Latn,922,8,51
kor_Hang,923,0,60
kor_Hang,923,1,13
kor_Hang,923,2,13
kor_Hang,923,3,13
kor_Hang,923,4,13
kor_Hang,923,5,13
kor_Hang,923,6,13
kor_Hang,923,7,47
kor_Hang,923,8,13
kor_Hang,923,9,13
kor_Hang,923,10,19
kor_Hang,923,11,13
kor_Hang,923,12,13
kor_Hang,923,13,13
kor_Hang,923,14,13
kor_Hang,923,15,61
kor_Hang,923,16,13
kor_Hang,923,17,13
kor_Hang,923,18,13
kor_Hang,923,19,13
kor_Hang,923,20,13
kor_Hang,923,21,13
kor_Hang,923,22,34
kor_Hang,923,23,13
kor_Hang,923,24,13
kor_Hang,923,25,13
kor_Hang,923,26,13
kor_Hang,923,27,13
kor_Hang,923,28,13
kor_Hang,923,29,13
kor_Hang,923,30,13
kor_Hang,923,31,47
kor_Hang,923,32,19
kor_Hang,923,33,61
kor_Hang,923,34,13
kor_Hang,923,35,19
kor_Hang,923,36,13
kor_Hang,923,37,13
kor_Hang,923,38,19
kor_Hang,923,39,13
kor_Hang,923,40,13
kor_Hang,923,41,13
kor_Hang,923,42,13
kor_Hang,923,43,13
kor_Hang,923,44,13
kor_Hang,923,45,13
kor_Hang,923,46,13
kor_Hang,923,47,13
kor_Hang,923,48,13
kor_Hang,923,49,13
kor_Hang,923,50,13
kor_Hang,923,51,13
kor_Hang,923,52,13
kor_Hang,923,53,13
kor_Hang,923,54,13
kor_Hang,923,55,13
kor_Hang,923,56,13
kor_Hang,923,57,13
kor_Hang,923,58,13
kor_Hang,923,59,13
kor_Hang,923,60,13
kor_Hang,923,61,13
kor_Hang,923,62,34
kor_Hang,924,0,60
kor_Hang,924,1,11
kor_Hang,924,2,13
kor_Hang,924,3,13
kor_Hang,924,4,13
kor_Hang,924,5,13
kor_Hang,924,6,13
kor_Hang,924,7,13
kor_Hang,924,8,13
kor_Hang,924,9,13
kor_Hang,924,10,34
kor_Hang,924,11,13
kor_Hang,924,12,13
kor_Hang,924,13,13
kor_Hang,924,14,13
kor_Hang,924,15,13
kor_Hang,924,16,13
kor_Hang,924,17,13
kor_Hang,924,18,13
kor_Hang,924,19,47
kor_Hang,924,20,13
kor_Hang,924,21,13
kor_Hang,924,22,13
kor_Hang,924,23,13
kor_Hang,924,24,13
kor_Hang,924,25,13
kor_Hang,924,26,13
kor_Hang,924,27,13
kor_Hang,924,28,13
kor_Hang,924,29,13
kor_Hang,924,30,13
kor_Hang,924,31,13
kor_Hang,924,32,13
kor_Hang,924,33,13
kor_Hang,924,34,13
kor_Hang,924,35,13
kor_Hang,924,36,13
kor_Hang,924,37,19
kor_Hang,924,38,34
kor_Hang,924,39,13
kor_Hang,924,40,34
kor_Hang,924,41,34
kor_Hang,924,42,13
kor_Hang,924,43,13
kor_Hang,924,44,34
kor_Hang,924,45,19
kor_Hang,924,46,34
kor_Hang,924,47,34
kor_Hang,925,0,60
kor_Hang,925,1,13
kor_Hang,925,2,13
kor_Hang,925,3,13
kor_Hang,925,4,13
kor_Hang,925,5,19
kor_Hang,925,6,13
kor_Hang,925,7,13
kor_Hang,925,8,13
kor_Hang,925,9,13
kor_Hang,925,10,13
kor_Hang,925,11,13
kor_Hang,925,12,13
kor_Hang,925,13,13
kor_Hang,925,14,13
kor_Hang,925,15,13
kor_Hang,925,16,52
kor_Hang,925,17,13
kor_Hang,925,18,13
kor_Hang,925,19,47
kor_Hang,925,20,47
kor_Hang,925,21,13
kor_Hang,925,22,13
kor_Hang,925,23,13
kor_Hang,925,24,13
kor_Hang,925,25,13
kor_Hang,925,26,13
kor_Hang,925,27,13
kor_Hang,925,28,13
kor_Hang,925,29,13
kor_Hang,925,30,13
kor_Hang,925,31,13
kor_Hang,925,32,13
kor_Hang,925,33,13
kor_Hang,925,34,13
kor_Hang,925,35,13
kor_Hang,925,36,13
kor_Hang,925,37,34
kor_Hang,926,0,60
kor_Hang,926,1,13
kor_Hang,926,2,47
kor_Hang,926,3,13
kor_Hang,926,4,13
kor_Hang,926,5,13
kor_Hang,926,6,13
kor_Hang,926,7,13
kor_Hang,926,8,19
kor_Hang,926,9,13
kor_Hang,926,10,13
kor_Hang,926,11,34
kor_Hang,926,12,13
kor_Hang,926,13,13
kor_Hang,926,14,34
kor_Hang,926,15,13
kor_Hang,926,16,13
kor_Hang,926,17,13
kor_Hang,926,18,13
kor_Hang,926,19,13
kor_Hang,926,20,47
kor_Hang,926,21,19
kor_Hang,926,22,13
kor_Hang,926,23,13
kor_Hang,926,24,13
kor_Hang,926,25,13
kor_Hang,926,26,13
kor_Hang,926,27,13
kor_Hang,926,28,54
kor_Hang,926,29,13
kor_Hang,926,30,13
kor_Hang,926,31,19
kor_Hang,926,32,13
kor_Hang,926,33,13
kor_Hang,926,34,13
kor_Hang,926,35,47
kor_Hang,926,36,13
kor_Hang,926,37,13
kor_Hang,926,38,19
kor_Hang,926,39,13
kor_Hang,926,40,13
kor_Hang,926,41,13
kor_Hang,926,42,13
kor_Hang,926,43,13
kor_Hang,926,44,13
kor_Hang,926,45,34
kor_Hang,927,0,60
kor_Hang,927,1,13
kor_Hang,927,2,13
kor_Hang,927,3,13
kor_Hang,927,4,13
kor_Hang,927,5,13
kor_Hang,927,6,13
kor_Hang,927,7,19
kor_Hang,927,8,13
kor_Hang,927,9,13
kor_Hang,927,10,13
kor_Hang,927,11,13
kor_Hang,927,12,13
kor_Hang,927,13,13
kor_Hang,927,14,13
kor_Hang,927,15,13
kor_Hang,927,16,13
kor_Hang,927,17,13
kor_Hang,927,18,13
kor_Hang,927,19,47
kor_Hang,927,20,13
kor_Hang,927,21,13
kor_Hang,927,22,13
kor_Hang,927,23,13
kor_Hang,927,24,13
kor_Hang,927,25,34
kor_Hang,927,26,13
kor_Hang,927,27,13
kor_Hang,927,28,13
kor_Hang,927,29,13
kor_Hang,927,30,47
kor_Hang,927,31,13
kor_Hang,927,32,34
kor_Hang,927,33,13
kor_Hang,927,34,13
kor_Hang,927,35,34
kor_Hang,927,36,34
kor_Hang,928,0,60
kor_Hang,928,1,13
kor_Hang,928,2,13
kor_Hang,928,3,13
kor_Hang,928,4,13
kor_Hang,928,5,13
kor_Hang,928,6,13
kor_Hang,928,7,13
kor_Hang,928,8,13
kor_Hang,928,9,19
kor_Hang,928,10,13
kor_Hang,928,11,13
kor_Hang,928,12,13
kor_Hang,928,13,13
kor_Hang,928,14,13
kor_Hang,928,15,13
kor_Hang,928,16,19
kor_Hang,928,17,13
kor_Hang,928,18,13
kor_Hang,928,19,13
kor_Hang,928,20,47
kor_Hang,928,21,13
kor_Hang,928,22,47
kor_Hang,928,23,13
kor_Hang,928,24,34
kor_Hang,928,25,13
kor_Hang,928,26,13
kor_Hang,928,27,13
kor_Hang,928,28,13
kor_Hang,928,29,13
kor_Hang,928,30,13
kor_Hang,928,31,13
kor_Hang,928,32,13
kor_Hang,928,33,13
kor_Hang,928,34,13
kor_Hang,928,35,13
kor_Hang,928,36,13
kor_Hang,928,37,13
kor_Hang,928,38,13
kor_Hang,928,39,13
kor_Hang,928,40,13
kor_Hang,928,41,19
kor_Hang,928,42,13
kor_Hang,928,43,13
kor_Hang,928,44,19
kor_Hang,928,45,13
kor_Hang,928,46,13
kor_Hang,928,47,13
kor_Hang,928,48,13
kor_Hang,928,49,19
kor_Hang,928,50,13
kor_Hang,928,51,13
kor_Hang,928,52,34
eng_Latn,929,0,60
eng_Latn,929,1,46
eng_Latn,929,2,51
eng_Latn,929,3,63
eng_Latn,929,4,14
eng_Latn,929,5,49
eng_Latn,929,6,9
eng_Latn,929,7,14
eng_Latn,929,8,1
eng_Latn,929,9,52
kor_Hang,930,0,60
kor_Hang,930,1,13
kor_Hang,930,2,13
kor_Hang,930,3,13
kor_Hang,930,4,61
kor_Hang,930,5,13
kor_Hang,930,6,11
kor_Hang,930,7,13
kor_Hang,930,8,19
kor_Hang,930,9,13
kor_Hang,930,10,13
kor_Hang,930,11,13
kor_Hang,930,12,13
kor_Hang,930,13,13
kor_Hang,930,14,13
kor_Hang,930,15,13
kor_Hang,930,16,13
kor_Hang,930,17,13
kor_Hang,930,18,13
kor_Hang,930,19,13
kor_Hang,930,20,13
kor_Hang,930,21,19
kor_Hang,930,22,13
kor_Hang,930,23,13
kor_Hang,930,24,13
kor_Hang,930,25,13
kor_Hang,930,26,13
kor_Hang,930,27,13
kor_Hang,930,28,13
kor_Hang,930,29,13
kor_Hang,930,30,13
kor_Hang,930,31,19
kor_Hang,930,32,13
eng_Latn,931,0,60
eng_Latn,931,1,20
eng_Latn,931,2,37
eng_Latn,931,3,57
eng_Latn,931,4,52
eng_Latn,931,5,52
eng_Latn,931,6,1
eng_Latn,931,7,52
eng_Latn,931,8,52
eng_Latn,931,9,11
eng_Latn,932,0,60
eng_Latn,932,1,61
eng_Latn,932,2,21
eng_Latn,932,3,56
eng_Latn,932,4,51
eng_Latn,932,5,56
eng_Latn,932,6,46
eng_Latn,932,7,21
eng_Latn,933,0,60
eng_Latn,933,1,4
eng_Latn,933,2,9
eng_Latn,933,3,56
eng_Latn,933,4,54
eng_Latn,933,5,41
eng_Latn,933,6,19
eng_Latn,933,7,4
eng_Latn,933,8,53
eng_Latn,933,9,35
eng_Latn,933,10,8
eng_Latn,933,11,4
kor_Hang,934,0,60
kor_Hang,934,1,13
kor_Hang,934,2,13
kor_Hang,934,3,19
kor_Hang,934,4,13
kor_Hang,934,5,19
kor_Hang,934,6,13
kor_Hang,934,7,13
kor_Hang,934,8,42
kor_Hang,934,9,13
kor_Hang,934,10,19
kor_Hang,934,11,13
kor_Hang,934,12,13
kor_Hang,934,13,13
kor_Hang,934,14,19
kor_Hang,934,15,47
kor_Hang,934,16,47
kor_Hang,934,17,47
kor_Hang,934,18,13
kor_Hang,934,19,13
kor_Hang,934,20,9
kor_Hang,934,21,13
kor_Hang,934,22,19
kor_Hang,934,23,13
kor_Hang,934,24,13
kor_Hang,934,25,13
kor_Hang,934,26,13
kor_Hang,934,27,13
kor_Hang,934,28,13
kor_Hang,934,29,13
kor_Hang,934,30,13
kor_Hang,934,31,13
kor_Hang,934,32,52
kor_Hang,934,33,52
kor_Hang,934,34,13
kor_Hang,934,35,52
kor_Hang,934,36,52
kor_Hang,934,37,19
kor_Hang,934,38,13
kor_Hang,934,39,52
kor_Hang,934,40,47
kor_Hang,934,41,13
kor_Hang,934,42,13
kor_Hang,934,43,13
kor_Hang,934,44,19
kor_Hang,934,45,19
kor_Hang,934,46,13
kor_Hang,934,47,13
kor_Hang,934,48,13
kor_Hang,934,49,13
kor_Hang,934,50,13
kor_Hang,934,51,13
kor_Hang,934,52,13
kor_Hang,934,53,13
kor_Hang,934,54,13
kor_Hang,934,55,13
kor_Hang,934,56,47
kor_Hang,934,57,47
kor_Hang,934,58,34
kor_Hang,934,59,13
kor_Hang,934,60,13
kor_Hang,934,61,13
kor_Hang,934,62,13
kor_Hang,934,63,13
kor_Hang,934,64,19
kor_Hang,934,65,34
kor_Hang,934,66,13
kor_Hang,934,67,13
kor_Hang,934,68,34
kor_Hang,935,0,60
kor_Hang,935,1,13
kor_Hang,935,2,13
kor_Hang,935,3,47
kor_Hang,935,4,13
kor_Hang,935,5,13
kor_Hang,935,6,19
kor_Hang,935,7,13
kor_Hang,935,8,13
kor_Hang,935,9,13
kor_Hang,935,10,13
kor_Hang,935,11,13
kor_Hang,935,12,13
kor_Hang,935,13,47
kor_Hang,935,14,47
kor_Hang,935,15,47
kor_Hang,935,16,47
kor_Hang,935,17,13
kor_Hang,935,18,13
kor_Hang,935,19,13
kor_Hang,935,20,19
kor_Hang,935,21,13
kor_Hang,935,22,13
kor_Hang,935,23,13
kor_Hang,935,24,47
kor_Hang,935,25,13
kor_Hang,935,26,13
kor_Hang,935,27,47
kor_Hang,935,28,13
kor_Hang,935,29,13
kor_Hang,935,30,13
kor_Hang,935,31,13
kor_Hang,935,32,13
kor_Hang,935,33,19
kor_Hang,935,34,13
kor_Hang,935,35,13
kor_Hang,935,36,13
kor_Hang,935,37,13
kor_Hang,935,38,13
kor_Hang,935,39,13
kor_Hang,935,40,52
kor_Hang,935,41,13
kor_Hang,935,42,52
kor_Hang,935,43,13
kor_Hang,935,44,52
kor_Hang,935,45,52
kor_Hang,935,46,13
kor_Hang,935,47,13
kor_Hang,935,48,19
kor_Hang,935,49,13
kor_Hang,935,50,19
kor_Hang,935,51,19
kor_Hang,935,52,19
kor_Hang,935,53,13
kor_Hang,935,54,13
kor_Hang,935,55,13
kor_Hang,935,56,13
kor_Hang,935,57,13
kor_Hang,935,58,47
kor_Hang,935,59,47
kor_Hang,935,60,13
kor_Hang,935,61,13
kor_Hang,935,62,13
kor_Hang,935,63,13
kor_Hang,935,64,13
kor_Hang,935,65,13
kor_Hang,935,66,13
kor_Hang,935,67,13
kor_Hang,935,68,13
kor_Hang,935,69,13
kor_Hang,935,70,13
kor_Hang,935,71,13
kor_Hang,935,72,19
kor_Hang,935,73,13
kor_Hang,935,74,13
kor_Hang,935,75,34
kor_Hang,935,76,4
kor_Hang,935,77,13
kor_Hang,935,78,34
kor_Hang,936,0,60
kor_Hang,936,1,13
kor_Hang,936,2,13
kor_Hang,936,3,13
kor_Hang,936,4,13
kor_Hang,936,5,47
kor_Hang,936,6,13
kor_Hang,936,7,9
kor_Hang,936,8,52
kor_Hang,936,9,13
kor_Hang,936,10,8
kor_Hang,936,11,13
kor_Hang,936,12,13
kor_Hang,936,13,19
kor_Hang,936,14,13
kor_Hang,936,15,47
kor_Hang,936,16,19
kor_Hang,936,17,13
kor_Hang,936,18,13
kor_Hang,936,19,13
kor_Hang,936,20,47
kor_Hang,936,21,47
kor_Hang,936,22,58
kor_Hang,936,23,11
kor_Hang,936,24,13
kor_Hang,936,25,19
kor_Hang,936,26,13
kor_Hang,936,27,13
kor_Hang,936,28,19
kor_Hang,936,29,13
kor_Hang,936,30,13
kor_Hang,936,31,13
kor_Hang,936,32,13
kor_Hang,936,33,13
kor_Hang,936,34,13
kor_Hang,936,35,13
kor_Hang,936,36,13
kor_Hang,936,37,13
kor_Hang,936,38,13
kor_Hang,936,39,47
kor_Hang,936,40,47
kor_Hang,936,41,13
kor_Hang,936,42,47
kor_Hang,936,43,13
kor_Hang,936,44,13
kor_Hang,936,45,13
kor_Hang,936,46,13
kor_Hang,936,47,13
kor_Hang,936,48,13
kor_Hang,936,49,13
kor_Hang,936,50,13
kor_Hang,936,51,13
kor_Hang,936,52,13
kor_Hang,936,53,13
kor_Hang,936,54,13
kor_Hang,936,55,13
kor_Hang,936,56,13
kor_Hang,936,57,13
kor_Hang,936,58,13
kor_Hang,936,59,13
kor_Hang,936,60,13
kor_Hang,936,61,19
kor_Hang,936,62,13
kor_Hang,936,63,47
kor_Hang,936,64,13
kor_Hang,936,65,47
kor_Hang,936,66,19
kor_Hang,936,67,19
kor_Hang,936,68,13
kor_Hang,936,69,19
kor_Hang,936,70,13
kor_Hang,936,71,47
kor_Hang,936,72,13
kor_Hang,936,73,13
kor_Hang,936,74,19
kor_Hang,936,75,13
kor_Hang,936,76,13
kor_Hang,936,77,13
kor_Hang,937,0,60
kor_Hang,937,1,13
kor_Hang,937,2,26
kor_Hang,937,3,19
kor_Hang,937,4,13
kor_Hang,937,5,60
kor_Hang,937,6,13
kor_Hang,937,7,13
kor_Hang,937,8,13
kor_Hang,937,9,47
kor_Hang,937,10,13
kor_Hang,937,11,13
kor_Hang,937,12,19
kor_Hang,937,13,13
kor_Hang,937,14,13
kor_Hang,937,15,13
kor_Hang,937,16,19
kor_Hang,937,17,13
kor_Hang,937,18,13
kor_Hang,937,19,19
kor_Hang,937,20,13
kor_Hang,937,21,13
kor_Hang,937,22,13
kor_Hang,937,23,13
kor_Hang,937,24,13
kor_Hang,937,25,13
kor_Hang,937,26,19
kor_Hang,937,27,13
kor_Hang,937,28,13
kor_Hang,937,29,61
kor_Hang,937,30,13
kor_Hang,937,31,13
kor_Hang,937,32,13
kor_Hang,937,33,13
kor_Hang,937,34,13
kor_Hang,937,35,13
kor_Hang,937,36,13
kor_Hang,937,37,19
kor_Hang,937,38,13
kor_Hang,937,39,13
kor_Hang,937,40,13
kor_Hang,937,41,13
kor_Hang,937,42,13
kor_Hang,937,43,24
kor_Hang,937,44,47
kor_Hang,937,45,13
kor_Hang,937,46,13
kor_Hang,937,47,34
kor_Hang,937,48,13
kor_Hang,937,49,34
kor_Hang,937,50,34
kor_Hang,938,0,60
kor_Hang,938,1,9
kor_Hang,938,2,13
kor_Hang,938,3,19
kor_Hang,938,4,39
kor_Hang,938,5,19
kor_Hang,938,6,19
kor_Hang,938,7,39
kor_Hang,938,8,47
kor_Hang,938,9,39
kor_Hang,938,10,13
kor_Hang,938,11,13
kor_Hang,938,12,24
kor_Hang,938,13,13
kor_Hang,938,14,13
kor_Hang,938,15,13
kor_Hang,938,16,13
kor_Hang,938,17,13
kor_Hang,938,18,13
kor_Hang,938,19,13
kor_Hang,938,20,13
kor_Hang,938,21,13
kor_Hang,938,22,19
kor_Hang,938,23,13
kor_Hang,938,24,13
kor_Hang,938,25,13
kor_Hang,938,26,13
kor_Hang,938,27,13
kor_Hang,938,28,19
kor_Hang,938,29,13
kor_Hang,938,30,47
kor_Hang,938,31,47
kor_Hang,938,32,47
kor_Hang,938,33,13
kor_Hang,938,34,47
kor_Hang,938,35,39
kor_Hang,938,36,13
kor_Hang,938,37,13
kor_Hang,938,38,13
kor_Hang,938,39,13
kor_Hang,938,40,19
kor_Hang,938,41,13
kor_Hang,938,42,19
kor_Hang,938,43,13
kor_Hang,938,44,13
kor_Hang,938,45,13
kor_Hang,938,46,13
kor_Hang,938,47,13
kor_Hang,938,48,13
kor_Hang,938,49,13
kor_Hang,938,50,13
kor_Hang,938,51,34
kor_Hang,938,52,13
kor_Hang,938,53,13
kor_Hang,938,54,13
kor_Hang,938,55,34
kor_Hang,939,0,60
kor_Hang,939,1,13
kor_Hang,939,2,52
kor_Hang,939,3,52
kor_Hang,939,4,19
kor_Hang,939,5,13
kor_Hang,939,6,24
kor_Hang,939,7,13
kor_Hang,939,8,13
kor_Hang,939,9,13
kor_Hang,939,10,13
kor_Hang,939,11,13
kor_Hang,939,12,13
kor_Hang,939,13,13
kor_Hang,939,14,13
kor_Hang,939,15,13
kor_Hang,939,16,13
kor_Hang,939,17,13
kor_Hang,939,18,19
kor_Hang,939,19,13
kor_Hang,939,20,13
kor_Hang,939,21,13
kor_Hang,939,22,13
kor_Hang,939,23,13
kor_Hang,939,24,13
kor_Hang,939,25,13
kor_Hang,939,26,13
kor_Hang,939,27,13
kor_Hang,939,28,19
kor_Hang,939,29,13
kor_Hang,939,30,13
kor_Hang,939,31,13
kor_Hang,939,32,13
kor_Hang,939,33,13
kor_Hang,939,34,13
kor_Hang,939,35,13
kor_Hang,939,36,13
kor_Hang,939,37,13
kor_Hang,939,38,13
kor_Hang,939,39,13
kor_Hang,939,40,13
kor_Hang,939,41,13
kor_Hang,939,42,13
kor_Hang,939,43,13
kor_Hang,939,44,13
kor_Hang,939,45,13
kor_Hang,939,46,13
kor_Hang,939,47,13
kor_Hang,939,48,13
kor_Hang,939,49,19
kor_Hang,939,50,13
kor_Hang,939,51,13
kor_Hang,939,52,13
kor_Hang,939,53,13
kor_Hang,939,54,13
kor_Hang,939,55,13
kor_Hang,939,56,13
kor_Hang,939,57,13
kor_Hang,939,58,13
kor_Hang,939,59,13
kor_Hang,939,60,13
kor_Hang,939,61,13
kor_Hang,939,62,13
kor_Hang,939,63,13
kor_Hang,939,64,34
kor_Hang,939,65,13
kor_Hang,939,66,13
kor_Hang,939,67,34
kor_Hang,940,0,60
kor_Hang,940,1,13
kor_Hang,940,2,13
kor_Hang,940,3,13
kor_Hang,940,4,13
kor_Hang,940,5,47
kor_Hang,940,6,19
kor_Hang,940,7,13
kor_Hang,940,8,13
kor_Hang,940,9,13
kor_Hang,940,10,13
kor_Hang,940,11,13
kor_Hang,940,12,13
kor_Hang,940,13,13
kor_Hang,940,14,47
kor_Hang,940,15,47
kor_Hang,940,16,34
kor_Hang,940,17,13
kor_Hang,940,18,13
kor_Hang,940,19,13
kor_Hang,940,20,19
kor_Hang,940,21,13
kor_Hang,940,22,13
kor_Hang,940,23,19
kor_Hang,940,24,13
kor_Hang,940,25,9
kor_Hang,940,26,13
kor_Hang,940,27,13
kor_Hang,940,28,13
kor_Hang,940,29,13
kor_Hang,940,30,13
kor_Hang,940,31,13
kor_Hang,940,32,19
kor_Hang,940,33,13
kor_Hang,940,34,47
kor_Hang,940,35,13
kor_Hang,940,36,13
kor_Hang,940,37,13
kor_Hang,940,38,13
kor_Hang,940,39,13
kor_Hang,940,40,13
kor_Hang,940,41,13
kor_Hang,940,42,47
kor_Hang,940,43,13
kor_Hang,940,44,61
kor_Hang,940,45,19
kor_Hang,940,46,13
kor_Hang,940,47,13
kor_Hang,940,48,13
kor_Hang,940,49,13
kor_Hang,940,50,19
kor_Hang,940,51,13
kor_Hang,940,52,13
kor_Hang,940,53,13
kor_Hang,940,54,13
kor_Hang,940,55,13
kor_Hang,940,56,47
kor_Hang,940,57,13
kor_Hang,940,58,13
kor_Hang,940,59,13
kor_Hang,940,60,13
kor_Hang,940,61,13
kor_Hang,940,62,13
kor_Hang,940,63,47
kor_Hang,940,64,19
kor_Hang,940,65,13
kor_Hang,940,66,13
kor_Hang,940,67,13
kor_Hang,940,68,13
kor_Hang,940,69,13
kor_Hang,940,70,13
kor_Hang,940,71,13
kor_Hang,940,72,13
kor_Hang,940,73,61
kor_Hang,940,74,13
kor_Hang,940,75,13
kor_Hang,940,76,24
kor_Hang,940,77,13
kor_Hang,940,78,13
kor_Hang,940,79,13
kor_Hang,940,80,13
kor_Hang,940,81,13
kor_Hang,940,82,19
kor_Hang,940,83,13
kor_Hang,940,84,13
kor_Hang,940,85,13
kor_Hang,941,0,60
kor_Hang,941,1,13
kor_Hang,941,2,13
kor_Hang,941,3,13
kor_Hang,941,4,13
kor_Hang,941,5,13
kor_Hang,941,6,13
kor_Hang,941,7,13
kor_Hang,941,8,13
kor_Hang,941,9,13
kor_Hang,941,10,19
kor_Hang,941,11,13
kor_Hang,941,12,13
kor_Hang,941,13,19
kor_Hang,941,14,13
kor_Hang,941,15,13
kor_Hang,941,16,13
kor_Hang,941,17,13
kor_Hang,941,18,13
kor_Hang,941,19,13
kor_Hang,941,20,13
kor_Hang,941,21,47
kor_Hang,941,22,47
kor_Hang,941,23,13
kor_Hang,941,24,13
kor_Hang,941,25,19
kor_Hang,941,26,13
kor_Hang,941,27,13
kor_Hang,941,28,13
kor_Hang,941,29,13
kor_Hang,941,30,13
kor_Hang,941,31,13
kor_Hang,941,32,13
kor_Hang,941,33,13
kor_Hang,941,34,13
kor_Hang,941,35,13
kor_Hang,941,36,13
kor_Hang,941,37,13
kor_Hang,941,38,13
kor_Hang,941,39,13
kor_Hang,941,40,19
kor_Hang,941,41,13
kor_Hang,941,42,34
kor_Hang,942,0,60
kor_Hang,942,1,13
kor_Hang,942,2,13
kor_Hang,942,3,13
kor_Hang,942,4,13
kor_Hang,942,5,13
kor_Hang,942,6,13
kor_Hang,942,7,13
kor_Hang,942,8,13
kor_Hang,942,9,13
kor_Hang,942,10,13
kor_Hang,942,11,13
kor_Hang,942,12,13
kor_Hang,942,13,13
kor_Hang,942,14,13
kor_Hang,942,15,13
kor_Hang,942,16,13
kor_Hang,942,17,13
kor_Hang,942,18,19
kor_Hang,942,19,13
kor_Hang,942,20,47
kor_Hang,942,21,13
kor_Hang,942,22,13
kor_Hang,942,23,13
kor_Hang,942,24,13
kor_Hang,942,25,13
kor_Hang,942,26,13
kor_Hang,942,27,13
kor_Hang,942,28,13
kor_Hang,942,29,13
kor_Hang,942,30,19
kor_Hang,942,31,13
kor_Hang,942,32,13
kor_Hang,942,33,13
kor_Hang,942,34,13
kor_Hang,942,35,39
kor_Hang,942,36,39
kor_Hang,942,37,47
kor_Hang,942,38,19
kor_Hang,942,39,39
kor_Hang,942,40,19
kor_Hang,942,41,13
kor_Hang,942,42,13
kor_Hang,942,43,61
kor_Hang,942,44,13
kor_Hang,942,45,13
kor_Hang,942,46,13
kor_Hang,942,47,13
kor_Hang,942,48,13
kor_Hang,942,49,13
kor_Hang,942,50,13
kor_Hang,942,51,13
kor_Hang,942,52,13
kor_Hang,942,53,34
kor_Hang,943,0,60
kor_Hang,943,1,13
kor_Hang,943,2,13
kor_Hang,943,3,47
kor_Hang,943,4,13
kor_Hang,943,5,13
kor_Hang,943,6,13
kor_Hang,943,7,13
kor_Hang,943,8,13
kor_Hang,943,9,13
kor_Hang,943,10,13
kor_Hang,943,11,47
kor_Hang,943,12,13
kor_Hang,943,13,13
kor_Hang,943,14,13
kor_Hang,943,15,13
kor_Hang,943,16,13
kor_Hang,943,17,13
kor_Hang,943,18,13
kor_Hang,943,19,13
kor_Hang,943,20,13
kor_Hang,943,21,13
kor_Hang,943,22,13
kor_Hang,943,23,13
kor_Hang,943,24,13
kor_Hang,943,25,47
kor_Hang,943,26,19
kor_Hang,943,27,13
kor_Hang,943,28,13
kor_Hang,943,29,13
kor_Hang,943,30,13
kor_Hang,943,31,13
kor_Hang,943,32,13
kor_Hang,943,33,13
kor_Hang,943,34,13
kor_Hang,943,35,13
kor_Hang,943,36,47
kor_Hang,943,37,13
kor_Hang,943,38,13
kor_Hang,943,39,13
kor_Hang,943,40,13
kor_Hang,943,41,13
kor_Hang,943,42,13
kor_Hang,943,43,13
kor_Hang,943,44,13
kor_Hang,943,45,13
kor_Hang,943,46,13
kor_Hang,943,47,61
kor_Hang,943,48,13
kor_Hang,943,49,13
kor_Hang,943,50,13
kor_Hang,943,51,13
kor_Hang,943,52,47
kor_Hang,943,53,13
kor_Hang,943,54,13
kor_Hang,943,55,19
kor_Hang,943,56,13
kor_Hang,943,57,13
kor_Hang,943,58,13
kor_Hang,943,59,13
kor_Hang,943,60,13
kor_Hang,943,61,13
kor_Hang,943,62,13
kor_Hang,943,63,13
kor_Hang,943,64,13
kor_Hang,943,65,13
kor_Hang,943,66,13
kor_Hang,943,67,13
kor_Hang,943,68,13
kor_Hang,944,0,60
kor_Hang,944,1,13
kor_Hang,944,2,13
kor_Hang,944,3,13
kor_Hang,944,4,19
kor_Hang,944,5,13
kor_Hang,944,6,13
kor_Hang,944,7,13
kor_Hang,944,8,19
kor_Hang,944,9,13
kor_Hang,944,10,13
kor_Hang,944,11,13
kor_Hang,944,12,13
kor_Hang,944,13,19
kor_Hang,944,14,24
kor_Hang,944,15,19
kor_Hang,944,16,13
kor_Hang,944,17,13
kor_Hang,944,18,13
kor_Hang,944,19,13
kor_Hang,944,20,13
kor_Hang,944,21,13
kor_Hang,944,22,13
kor_Hang,944,23,13
kor_Hang,944,24,34
kor_Hang,944,25,9
kor_Hang,944,26,19
kor_Hang,944,27,13
kor_Hang,944,28,19
kor_Hang,944,29,13
kor_Hang,944,30,13
kor_Hang,944,31,13
kor_Hang,944,32,13
kor_Hang,944,33,13
kor_Hang,944,34,13
kor_Hang,944,35,13
kor_Hang,944,36,47
kor_Hang,944,37,34
kor_Hang,944,38,12
kor_Hang,944,39,58
kor_Hang,944,40,12
kor_Hang,944,41,39
kor_Hang,944,42,39
kor_Hang,945,0,60
kor_Hang,945,1,19
kor_Hang,945,2,13
kor_Hang,945,3,13
kor_Hang,945,4,13
kor_Hang,945,5,13
kor_Hang,945,6,13
kor_Hang,945,7,13
kor_Hang,945,8,34
kor_Hang,945,9,13
kor_Hang,945,10,13
kor_Hang,945,11,13
kor_Hang,945,12,13
kor_Hang,945,13,13
kor_Hang,945,14,47
kor_Hang,945,15,13
kor_Hang,945,16,13
kor_Hang,945,17,61
kor_Hang,945,18,13
kor_Hang,945,19,13
kor_Hang,945,20,19
kor_Hang,945,21,13
kor_Hang,945,22,13
kor_Hang,945,23,13
kor_Hang,945,24,13
kor_Hang,945,25,13
kor_Hang,945,26,13
kor_Hang,945,27,13
kor_Hang,945,28,13
kor_Hang,945,29,13
kor_Hang,945,30,13
kor_Hang,945,31,13
kor_Hang,945,32,13
kor_Hang,945,33,13
kor_Hang,945,34,13
kor_Hang,945,35,13
kor_Hang,945,36,13
kor_Hang,945,37,13
kor_Hang,945,38,13
kor_Hang,945,39,13
kor_Hang,945,40,13
kor_Hang,945,41,13
kor_Hang,945,42,51
kor_Hang,945,43,19
kor_Hang,945,44,13
kor_Hang,945,45,34
kor_Hang,946,0,60
kor_Hang,946,1,13
kor_Hang,946,2,13
kor_Hang,946,3,13
kor_Hang,946,4,13
kor_Hang,946,5,13
kor_Hang,946,6,13
kor_Hang,946,7,1
kor_Hang,946,8,13
kor_Hang,946,9,47
kor_Hang,946,10,47
kor_Hang,946,11,13
kor_Hang,946,12,52
kor_Hang,946,13,13
kor_Hang,946,14,13
kor_Hang,946,15,13
kor_Hang,946,16,13
kor_Hang,946,17,13
kor_Hang,946,18,47
kor_Hang,946,19,13
kor_Hang,946,20,13
kor_Hang,946,21,13
kor_Hang,946,22,13
kor_Hang,946,23,13
kor_Hang,946,24,13
kor_Hang,946,25,52
kor_Hang,946,26,52
kor_Hang,946,27,61
kor_Hang,946,28,13
kor_Hang,946,29,52
kor_Hang,946,30,52
kor_Hang,946,31,13
kor_Hang,946,32,13
kor_Hang,946,33,13
kor_Hang,946,34,13
kor_Hang,946,35,13
kor_Hang,946,36,13
kor_Hang,946,37,13
kor_Hang,946,38,13
kor_Hang,946,39,13
kor_Hang,946,40,13
kor_Hang,946,41,13
kor_Hang,946,42,19
kor_Hang,946,43,13
kor_Hang,946,44,13
kor_Hang,946,45,13
kor_Hang,946,46,13
kor_Hang,946,47,13
kor_Hang,946,48,13
kor_Hang,946,49,13
kor_Hang,946,50,47
kor_Hang,946,51,13
kor_Hang,946,52,13
kor_Hang,946,53,13
kor_Hang,946,54,13
kor_Hang,946,55,34
kor_Hang,947,0,60
kor_Hang,947,1,13
kor_Hang,947,2,13
kor_Hang,947,3,13
kor_Hang,947,4,13
kor_Hang,947,5,13
kor_Hang,947,6,13
kor_Hang,947,7,19
kor_Hang,947,8,13
kor_Hang,947,9,61
kor_Hang,947,10,19
kor_Hang,947,11,13
kor_Hang,947,12,13
kor_Hang,947,13,13
kor_Hang,947,14,13
kor_Hang,947,15,13
kor_Hang,947,16,13
kor_Hang,947,17,19
kor_Hang,947,18,13
kor_Hang,947,19,13
kor_Hang,947,20,13
kor_Hang,947,21,13
kor_Hang,947,22,27
kor_Hang,947,23,13
kor_Hang,947,24,13
kor_Hang,947,25,13
kor_Hang,947,26,19
kor_Hang,947,27,13
kor_Hang,947,28,24
kor_Hang,947,29,13
kor_Hang,947,30,13
kor_Hang,947,31,13
kor_Hang,947,32,13
kor_Hang,947,33,13
kor_Hang,947,34,19
kor_Hang,947,35,13
kor_Hang,947,36,13
kor_Hang,947,37,13
kor_Hang,947,38,19
kor_Hang,947,39,13
kor_Hang,947,40,13
kor_Hang,947,41,13
kor_Hang,947,42,47
kor_Hang,947,43,13
kor_Hang,947,44,13
kor_Hang,947,45,13
kor_Hang,947,46,13
kor_Hang,947,47,1
kor_Hang,947,48,13
kor_Hang,947,49,13
kor_Hang,947,50,13
kor_Hang,947,51,19
kor_Hang,947,52,13
kor_Hang,947,53,13
kor_Hang,947,54,13
kor_Hang,947,55,13
kor_Hang,947,56,13
kor_Hang,947,57,19
kor_Hang,947,58,13
kor_Hang,947,59,13
kor_Hang,947,60,13
kor_Hang,947,61,19
kor_Hang,947,62,13
kor_Hang,947,63,52
kor_Hang,948,0,60
kor_Hang,948,1,13
kor_Hang,948,2,13
kor_Hang,948,3,13
kor_Hang,948,4,13
kor_Hang,948,5,13
kor_Hang,948,6,13
kor_Hang,948,7,13
kor_Hang,948,8,13
kor_Hang,948,9,13
kor_Hang,948,10,13
kor_Hang,948,11,13
kor_Hang,948,12,13
kor_Hang,948,13,52
kor_Hang,948,14,52
kor_Hang,948,15,52
kor_Hang,948,16,52
kor_Hang,948,17,1
kor_Hang,948,18,52
kor_Hang,948,19,52
kor_Hang,948,20,13
kor_Hang,948,21,13
kor_Hang,948,22,13
kor_Hang,948,23,13
kor_Hang,948,24,47
kor_Hang,948,25,19
kor_Hang,948,26,13
kor_Hang,948,27,52
kor_Hang,948,28,52
kor_Hang,948,29,52
kor_Hang,948,30,1
kor_Hang,948,31,52
kor_Hang,948,32,52
kor_Hang,948,33,13
kor_Hang,948,34,13
kor_Hang,948,35,13
kor_Hang,948,36,13
kor_Hang,948,37,13
kor_Hang,948,38,19
kor_Hang,948,39,13
kor_Hang,948,40,13
kor_Hang,948,41,13
kor_Hang,948,42,13
kor_Hang,948,43,13
kor_Hang,948,44,13
kor_Hang,948,45,13
kor_Hang,948,46,13
kor_Hang,948,47,13
kor_Hang,948,48,13
kor_Hang,948,49,13
kor_Hang,948,50,13
kor_Hang,948,51,13
kor_Hang,948,52,13
kor_Hang,948,53,47
kor_Hang,948,54,47
kor_Hang,948,55,13
kor_Hang,948,56,13
kor_Hang,948,57,13
kor_Hang,948,58,13
kor_Hang,948,59,47
kor_Hang,948,60,13
kor_Hang,948,61,61
kor_Hang,948,62,47
kor_Hang,948,63,13
kor_Hang,948,64,13
kor_Hang,948,65,34
kor_Hang,949,0,60
kor_Hang,949,1,6
kor_Hang,949,2,9
kor_Hang,949,3,13
kor_Hang,949,4,13
kor_Hang,949,5,13
kor_Hang,949,6,13
kor_Hang,949,7,11
kor_Hang,949,8,13
kor_Hang,949,9,47
kor_Hang,949,10,13
kor_Hang,949,11,13
kor_Hang,949,12,19
kor_Hang,949,13,13
kor_Hang,949,14,13
kor_Hang,949,15,13
kor_Hang,949,16,13
kor_Hang,949,17,13
kor_Hang,949,18,34
kor_Hang,950,0,60
kor_Hang,950,1,52
kor_Hang,950,2,13
kor_Hang,950,3,13
kor_Hang,950,4,13
kor_Hang,950,5,13
kor_Hang,950,6,13
kor_Hang,950,7,19
kor_Hang,950,8,13
kor_Hang,950,9,19
kor_Hang,950,10,34
kor_Hang,950,11,13
kor_Hang,950,12,13
kor_Hang,950,13,13
kor_Hang,950,14,13
kor_Hang,950,15,13
kor_Hang,950,16,52
kor_Hang,950,17,13
kor_Hang,950,18,13
kor_Hang,950,19,13
kor_Hang,950,20,13
kor_Hang,950,21,13
kor_Hang,950,22,34
kor_Hang,950,23,13
kor_Hang,950,24,13
kor_Hang,950,25,13
kor_Hang,950,26,34
kor_Hang,950,27,13
kor_Hang,950,28,13
kor_Hang,950,29,13
kor_Hang,950,30,13
kor_Hang,950,31,34
kor_Hang,950,32,34
kor_Hang,950,33,13
kor_Hang,950,34,34
kor_Hang,951,0,60
kor_Hang,951,1,13
kor_Hang,951,2,13
kor_Hang,951,3,13
kor_Hang,951,4,13
kor_Hang,951,5,47
kor_Hang,951,6,13
kor_Hang,951,7,13
kor_Hang,951,8,13
kor_Hang,951,9,13
kor_Hang,951,10,13
kor_Hang,951,11,13
kor_Hang,951,12,52
kor_Hang,951,13,13
kor_Hang,951,14,13
kor_Hang,951,15,34
kor_Hang,951,16,13
kor_Hang,951,17,39
kor_Hang,951,18,13
kor_Hang,951,19,19
kor_Hang,951,20,13
kor_Hang,951,21,19
kor_Hang,951,22,13
kor_Hang,951,23,34
kor_Hang,952,0,60
kor_Hang,952,1,13
kor_Hang,952,2,13
kor_Hang,952,3,13
kor_Hang,952,4,1
kor_Hang,952,5,1
kor_Hang,952,6,13
kor_Hang,952,7,13
kor_Hang,952,8,13
kor_Hang,952,9,13
kor_Hang,952,10,13
kor_Hang,952,11,13
kor_Hang,952,12,13
kor_Hang,952,13,13
kor_Hang,952,14,13
kor_Hang,952,15,13
kor_Hang,952,16,13
kor_Hang,952,17,13
kor_Hang,952,18,13
kor_Hang,952,19,13
kor_Hang,952,20,13
kor_Hang,952,21,13
kor_Hang,952,22,13
kor_Hang,952,23,27
kor_Hang,952,24,13
kor_Hang,952,25,13
kor_Hang,952,26,13
kor_Hang,952,27,13
kor_Hang,952,28,13
kor_Hang,952,29,13
kor_Hang,952,30,13
kor_Hang,952,31,9
kor_Hang,952,32,47
kor_Hang,952,33,13
kor_Hang,952,34,13
kor_Hang,952,35,13
kor_Hang,952,36,13
kor_Hang,952,37,13
kor_Hang,952,38,13
kor_Hang,952,39,13
kor_Hang,952,40,13
kor_Hang,952,41,19
kor_Hang,952,42,13
kor_Hang,952,43,13
kor_Hang,952,44,13
kor_Hang,952,45,13
kor_Hang,952,46,13
kor_Hang,952,47,13
kor_Hang,952,48,13
kor_Hang,952,49,13
kor_Hang,952,50,13
kor_Hang,952,51,13
kor_Hang,952,52,13
kor_Hang,952,53,13
kor_Hang,952,54,13
kor_Hang,952,55,13
kor_Hang,952,56,13
kor_Hang,952,57,39
kor_Hang,952,58,61
kor_Hang,952,59,9
kor_Hang,952,60,42
kor_Hang,952,61,13
eng_Latn,953,0,60
eng_Latn,953,1,19
eng_Latn,953,2,13
eng_Latn,953,3,54
eng_Latn,953,4,19
eng_Latn,953,5,13
kor_Hang,954,0,60
kor_Hang,954,1,13
kor_Hang,954,2,13
kor_Hang,954,3,13
kor_Hang,954,4,13
kor_Hang,954,5,19
kor_Hang,954,6,13
kor_Hang,954,7,13
kor_Hang,954,8,13
kor_Hang,954,9,13
kor_Hang,954,10,19
kor_Hang,954,11,47
kor_Hang,954,12,19
kor_Hang,954,13,13
kor_Hang,954,14,19
kor_Hang,954,15,13
kor_Hang,954,16,13
kor_Hang,954,17,13
kor_Hang,954,18,19
kor_Hang,954,19,13
kor_Hang,954,20,13
kor_Hang,954,21,19
kor_Hang,954,22,13
kor_Hang,954,23,13
kor_Hang,954,24,13
kor_Hang,954,25,13
kor_Hang,954,26,13
kor_Hang,954,27,13
kor_Hang,954,28,13
kor_Hang,954,29,19
kor_Hang,954,30,13
kor_Hang,954,31,19
kor_Hang,954,32,13
kor_Hang,954,33,13
kor_Hang,954,34,13
kor_Hang,954,35,13
kor_Hang,954,36,13
kor_Hang,954,37,13
kor_Hang,954,38,13
kor_Hang,954,39,13
kor_Hang,954,40,13
kor_Hang,954,41,13
kor_Hang,954,42,13
kor_Hang,954,43,13
kor_Hang,954,44,34
kor_Hang,954,45,13
kor_Hang,954,46,13
kor_Hang,954,47,13
kor_Hang,954,48,13
kor_Hang,954,49,13
kor_Hang,954,50,13
kor_Hang,954,51,13
kor_Hang,954,52,13
kor_Hang,954,53,13
kor_Hang,954,54,13
kor_Hang,954,55,13
kor_Hang,954,56,19
kor_Hang,954,57,51
kor_Hang,954,58,34
kor_Hang,955,0,60
kor_Hang,955,1,19
kor_Hang,955,2,13
kor_Hang,955,3,13
kor_Hang,955,4,13
kor_Hang,955,5,13
kor_Hang,955,6,13
kor_Hang,955,7,13
kor_Hang,955,8,13
kor_Hang,955,9,47
kor_Hang,955,10,13
kor_Hang,955,11,13
kor_Hang,955,12,13
kor_Hang,955,13,19
kor_Hang,955,14,13
kor_Hang,955,15,13
kor_Hang,955,16,13
kor_Hang,955,17,13
kor_Hang,955,18,13
kor_Hang,955,19,13
kor_Hang,955,20,52
kor_Hang,955,21,13
kor_Hang,955,22,13
kor_Hang,955,23,13
kor_Hang,955,24,13
kor_Hang,955,25,13
kor_Hang,955,26,9
kor_Hang,955,27,11
kor_Hang,955,28,9
kor_Hang,955,29,13
kor_Hang,955,30,19
kor_Hang,955,31,19
kor_Hang,955,32,13
kor_Hang,955,33,13
kor_Hang,955,34,13
kor_Hang,955,35,13
kor_Hang,955,36,19
kor_Hang,955,37,13
kor_Hang,955,38,13
kor_Hang,955,39,47
kor_Hang,955,40,13
kor_Hang,955,41,13
kor_Hang,955,42,13
kor_Hang,955,43,47
kor_Hang,955,44,13
kor_Hang,955,45,13
kor_Hang,955,46,13
kor_Hang,955,47,13
kor_Hang,955,48,13
kor_Hang,956,0,60
kor_Hang,956,1,47
kor_Hang,956,2,13
kor_Hang,956,3,13
kor_Hang,956,4,13
kor_Hang,956,5,13
kor_Hang,956,6,13
kor_Hang,956,7,13
kor_Hang,956,8,13
kor_Hang,956,9,13
kor_Hang,956,10,13
kor_Hang,956,11,13
kor_Hang,956,12,13
kor_Hang,956,13,13
kor_Hang,956,14,13
kor_Hang,956,15,13
kor_Hang,956,16,13
kor_Hang,956,17,13
kor_Hang,956,18,13
kor_Hang,956,19,13
kor_Hang,956,20,13
kor_Hang,956,21,13
kor_Hang,956,22,13
kor_Hang,956,23,13
kor_Hang,956,24,13
kor_Hang,956,25,13
kor_Hang,956,26,13
kor_Hang,956,27,13
kor_Hang,956,28,52
kor_Hang,956,29,52
kor_Hang,956,30,52
kor_Hang,956,31,13
kor_Hang,956,32,13
kor_Hang,956,33,13
kor_Hang,956,34,13
kor_Hang,956,35,13
kor_Hang,956,36,13
kor_Hang,956,37,13
kor_Hang,956,38,13
kor_Hang,956,39,13
kor_Hang,956,40,13
kor_Hang,956,41,13
kor_Hang,956,42,34
kor_Hang,956,43,13
kor_Hang,956,44,13
kor_Hang,956,45,13
kor_Hang,956,46,13
kor_Hang,956,47,13
kor_Hang,956,48,13
kor_Hang,956,49,13
kor_Hang,956,50,13
kor_Hang,956,51,13
kor_Hang,956,52,13
kor_Hang,956,53,19
kor_Hang,956,54,13
kor_Hang,956,55,13
kor_Hang,956,56,13
kor_Hang,956,57,13
kor_Hang,956,58,13
kor_Hang,956,59,13
kor_Hang,956,60,13
kor_Hang,957,0,60
kor_Hang,957,1,52
kor_Hang,957,2,13
kor_Hang,957,3,19
kor_Hang,957,4,13
kor_Hang,957,5,47
kor_Hang,957,6,19
kor_Hang,957,7,19
kor_Hang,957,8,19
kor_Hang,957,9,19
kor_Hang,957,10,13
kor_Hang,957,11,47
kor_Hang,957,12,13
kor_Hang,957,13,9
kor_Hang,957,14,13
kor_Hang,957,15,13
kor_Hang,957,16,11
kor_Hang,957,17,19
kor_Hang,957,18,61
kor_Hang,957,19,49
kor_Hang,957,20,19
kor_Hang,957,21,7
kor_Hang,957,22,19
kor_Hang,958,0,60
kor_Hang,958,1,22
kor_Hang,958,2,63
kor_Hang,958,3,42
kor_Hang,958,4,61
kor_Hang,958,5,39
kor_Hang,958,6,49
kor_Hang,958,7,49
kor_Hang,958,8,49
kor_Hang,959,0,60
kor_Hang,959,1,13
kor_Hang,959,2,13
kor_Hang,959,3,13
kor_Hang,959,4,19
kor_Hang,959,5,13
kor_Hang,959,6,13
kor_Hang,959,7,13
kor_Hang,959,8,13
kor_Hang,959,9,13
kor_Hang,959,10,13
kor_Hang,959,11,13
kor_Hang,959,12,13
kor_Hang,959,13,13
kor_Hang,959,14,13
kor_Hang,959,15,34
kor_Hang,960,0,60
kor_Hang,960,1,13
kor_Hang,960,2,13
kor_Hang,960,3,13
kor_Hang,960,4,13
kor_Hang,960,5,13
kor_Hang,960,6,13
kor_Hang,960,7,13
kor_Hang,960,8,13
kor_Hang,960,9,19
kor_Hang,960,10,13
kor_Hang,960,11,13
kor_Hang,960,12,13
kor_Hang,960,13,19
kor_Hang,960,14,13
kor_Hang,960,15,13
kor_Hang,960,16,13
kor_Hang,960,17,13
kor_Hang,960,18,13
kor_Hang,960,19,13
kor_Hang,960,20,13
kor_Hang,960,21,13
kor_Hang,960,22,13
kor_Hang,960,23,13
kor_Hang,960,24,13
kor_Hang,960,25,19
kor_Hang,960,26,13
kor_Hang,960,27,13
kor_Hang,960,28,13
kor_Hang,960,29,47
kor_Hang,960,30,13
kor_Hang,960,31,13
eng_Latn,961,0,60
eng_Latn,961,1,45
eng_Latn,961,2,18
eng_Latn,961,3,53
eng_Latn,961,4,16
eng_Latn,961,5,30
eng_Latn,961,6,46
eng_Latn,961,7,15
kor_Hang,962,0,60
kor_Hang,962,1,13
kor_Hang,962,2,13
kor_Hang,962,3,13
kor_Hang,962,4,13
kor_Hang,962,5,13
kor_Hang,962,6,19
kor_Hang,962,7,13
kor_Hang,962,8,13
kor_Hang,962,9,13
kor_Hang,962,10,13
kor_Hang,962,11,13
kor_Hang,962,12,13
kor_Hang,962,13,13
kor_Hang,962,14,13
kor_Hang,962,15,19
kor_Hang,962,16,13
kor_Hang,962,17,13
kor_Hang,962,18,13
kor_Hang,962,19,13
kor_Hang,962,20,13
kor_Hang,962,21,13
kor_Hang,962,22,13
kor_Hang,962,23,34
kor_Hang,962,24,13
kor_Hang,962,25,13
kor_Hang,962,26,34
kor_Hang,962,27,13
kor_Hang,962,28,13
kor_Hang,962,29,13
kor_Hang,962,30,13
kor_Hang,962,31,13
kor_Hang,962,32,13
kor_Hang,962,33,13
kor_Hang,962,34,13
kor_Hang,962,35,13
kor_Hang,962,36,47
kor_Hang,962,37,13
kor_Hang,962,38,13
kor_Hang,962,39,47
kor_Hang,962,40,13
kor_Hang,962,41,13
kor_Hang,962,42,13
kor_Hang,962,43,19
kor_Hang,962,44,13
kor_Hang,962,45,13
kor_Hang,962,46,13
kor_Hang,962,47,34
kor_Hang,962,48,13
kor_Hang,962,49,34
kor_Hang,963,0,60
kor_Hang,963,1,13
kor_Hang,963,2,13
kor_Hang,963,3,13
kor_Hang,963,4,19
kor_Hang,963,5,13
kor_Hang,963,6,13
kor_Hang,963,7,13
kor_Hang,963,8,13
kor_Hang,963,9,13
kor_Hang,963,10,13
kor_Hang,963,11,13
kor_Hang,963,12,13
kor_Hang,963,13,19
kor_Hang,963,14,13
kor_Hang,963,15,13
kor_Hang,963,16,13
kor_Hang,963,17,13
kor_Hang,963,18,13
kor_Hang,963,19,13
kor_Hang,963,20,13
kor_Hang,963,21,13
kor_Hang,963,22,13
kor_Hang,963,23,34
kor_Hang,964,0,60
kor_Hang,964,1,13
kor_Hang,964,2,13
kor_Hang,964,3,47
kor_Hang,964,4,13
kor_Hang,964,5,19
kor_Hang,964,6,47
kor_Hang,964,7,13
kor_Hang,964,8,13
kor_Hang,964,9,13
kor_Hang,964,10,13
kor_Hang,964,11,13
kor_Hang,964,12,19
kor_Hang,964,13,13
kor_Hang,964,14,13
kor_Hang,964,15,13
kor_Hang,964,16,13
kor_Hang,964,17,27
kor_Hang,964,18,13
kor_Hang,964,19,13
kor_Hang,964,20,47
kor_Hang,964,21,47
kor_Hang,964,22,13
kor_Hang,964,23,19
kor_Hang,964,24,13
kor_Hang,964,25,13
kor_Hang,964,26,13
kor_Hang,964,27,13
kor_Hang,964,28,47
kor_Hang,964,29,47
kor_Hang,964,30,13
kor_Hang,964,31,13
kor_Hang,964,32,13
kor_Hang,964,33,13
kor_Hang,964,34,13
kor_Hang,964,35,19
kor_Hang,964,36,13
kor_Hang,964,37,13
kor_Hang,964,38,13
kor_Hang,964,39,13
kor_Hang,964,40,13
kor_Hang,964,41,47
kor_Hang,964,42,47
kor_Hang,964,43,13
kor_Hang,964,44,13
kor_Hang,964,45,13
kor_Hang,964,46,13
kor_Hang,964,47,13
kor_Hang,964,48,13
kor_Hang,964,49,13
kor_Hang,964,50,12
kor_Hang,964,51,52
kor_Hang,965,0,60
kor_Hang,965,1,13
kor_Hang,965,2,13
kor_Hang,965,3,13
kor_Hang,965,4,13
kor_Hang,965,5,52
kor_Hang,965,6,13
kor_Hang,965,7,13
kor_Hang,965,8,13
kor_Hang,965,9,13
kor_Hang,965,10,1
kor_Hang,965,11,52
kor_Hang,965,12,13
kor_Hang,965,13,13
kor_Hang,965,14,13
kor_Hang,965,15,13
kor_Hang,965,16,13
kor_Hang,965,17,13
kor_Hang,965,18,13
kor_Hang,965,19,13
kor_Hang,965,20,13
kor_Hang,965,21,13
kor_Hang,965,22,13
kor_Hang,965,23,13
kor_Hang,965,24,13
kor_Hang,965,25,13
kor_Hang,965,26,13
kor_Hang,965,27,13
kor_Hang,965,28,13
kor_Hang,965,29,13
kor_Hang,965,30,13
kor_Hang,965,31,13
kor_Hang,965,32,13
kor_Hang,965,33,13
kor_Hang,965,34,19
kor_Hang,965,35,34
kor_Hang,965,36,13
kor_Hang,965,37,34
kor_Hang,965,38,13
kor_Hang,965,39,13
kor_Hang,965,40,13
kor_Hang,965,41,13
kor_Hang,965,42,13
kor_Hang,965,43,47
kor_Hang,965,44,13
kor_Hang,965,45,13
kor_Hang,965,46,13
kor_Hang,965,47,13
kor_Hang,965,48,19
kor_Hang,965,49,13
kor_Hang,965,50,13
kor_Hang,965,51,13
kor_Hang,965,52,13
kor_Hang,965,53,13
kor_Hang,965,54,13
kor_Hang,965,55,13
kor_Hang,965,56,13
kor_Hang,965,57,13
kor_Hang,965,58,19
kor_Hang,965,59,34
kor_Hang,965,60,13
kor_Hang,965,61,13
kor_Hang,965,62,13
kor_Hang,965,63,13
kor_Hang,965,64,13
kor_Hang,965,65,58
kor_Hang,965,66,52
eng_Latn,966,0,60
eng_Latn,966,1,45
eng_Latn,966,2,63
kor_Hang,967,0,60
kor_Hang,967,1,19
kor_Hang,967,2,13
kor_Hang,967,3,13
kor_Hang,967,4,13
kor_Hang,967,5,13
kor_Hang,967,6,13
kor_Hang,967,7,13
kor_Hang,967,8,13
kor_Hang,967,9,13
kor_Hang,967,10,51
kor_Hang,967,11,13
kor_Hang,967,12,13
kor_Hang,967,13,19
kor_Hang,967,14,13
kor_Hang,967,15,13
kor_Hang,967,16,13
kor_Hang,967,17,19
kor_Hang,967,18,13
kor_Hang,967,19,19
kor_Hang,967,20,34
kor_Hang,967,21,13
kor_Hang,967,22,13
kor_Hang,967,23,13
kor_Hang,967,24,13
kor_Hang,967,25,13
kor_Hang,967,26,13
kor_Hang,967,27,13
kor_Hang,967,28,13
kor_Hang,967,29,61
kor_Hang,967,30,13
kor_Hang,967,31,13
kor_Hang,967,32,19
kor_Hang,967,33,13
kor_Hang,967,34,13
kor_Hang,967,35,13
kor_Hang,967,36,13
kor_Hang,967,37,13
kor_Hang,967,38,13
kor_Hang,967,39,13
kor_Hang,967,40,13
kor_Hang,967,41,13
kor_Hang,967,42,13
kor_Hang,967,43,34
eng_Latn,968,0,60
eng_Latn,968,1,48
eng_Latn,968,2,18
eng_Latn,968,3,18
eng_Latn,968,4,63
eng_Latn,968,5,30
eng_Latn,968,6,30
eng_Latn,968,7,33
eng_Latn,969,0,60
eng_Latn,969,1,9
eng_Latn,969,2,19
eng_Latn,969,3,22
eng_Latn,969,4,22
kor_Hang,970,0,60
kor_Hang,970,1,13
kor_Hang,970,2,13
kor_Hang,970,3,13
kor_Hang,970,4,13
kor_Hang,970,5,47
kor_Hang,970,6,13
kor_Hang,970,7,13
kor_Hang,970,8,13
kor_Hang,970,9,13
kor_Hang,970,10,13
kor_Hang,970,11,13
kor_Hang,970,12,13
kor_Hang,970,13,13
kor_Hang,970,14,47
kor_Hang,970,15,19
kor_Hang,970,16,13
kor_Hang,970,17,19
kor_Hang,970,18,13
kor_Hang,970,19,13
kor_Hang,970,20,13
kor_Hang,970,21,19
kor_Hang,970,22,13
kor_Hang,970,23,47
kor_Hang,970,24,13
kor_Hang,970,25,13
kor_Hang,970,26,1
kor_Hang,970,27,13
kor_Hang,970,28,13
kor_Hang,970,29,13
kor_Hang,970,30,13
kor_Hang,970,31,13
kor_Hang,970,32,13
kor_Hang,970,33,13
kor_Hang,970,34,13
kor_Hang,970,35,13
kor_Hang,970,36,13
kor_Hang,970,37,13
kor_Hang,970,38,19
kor_Hang,970,39,13
kor_Hang,970,40,13
kor_Hang,970,41,13
kor_Hang,970,42,13
kor_Hang,970,43,47
kor_Hang,970,44,13
kor_Hang,970,45,13
kor_Hang,970,46,52
kor_Hang,970,47,13
kor_Hang,970,48,13
kor_Hang,970,49,13
kor_Hang,970,50,13
kor_Hang,970,51,13
kor_Hang,970,52,13
kor_Hang,970,53,13
kor_Hang,970,54,13
kor_Hang,970,55,13
kor_Hang,970,56,13
kor_Hang,970,57,13
kor_Hang,970,58,13
kor_Hang,970,59,13
kor_Hang,970,60,26
kor_Hang,970,61,19
kor_Hang,970,62,13
kor_Hang,970,63,19
kor_Hang,970,64,13
kor_Hang,970,65,13
kor_Hang,970,66,47
kor_Hang,970,67,13
kor_Hang,970,68,13
kor_Hang,970,69,13
kor_Hang,970,70,13
kor_Hang,970,71,13
kor_Hang,970,72,13
kor_Hang,970,73,13
kor_Hang,970,74,34
eng_Latn,971,0,60
eng_Latn,971,1,22
eng_Latn,971,2,22
eng_Latn,971,3,34
eng_Latn,971,4,29
eng_Latn,971,5,34
eng_Latn,971,6,34
kor_Hang,972,0,60
kor_Hang,972,1,13
kor_Hang,972,2,13
kor_Hang,972,3,13
kor_Hang,972,4,13
kor_Hang,972,5,13
kor_Hang,972,6,13
kor_Hang,972,7,13
kor_Hang,972,8,13
kor_Hang,972,9,13
kor_Hang,972,10,13
kor_Hang,972,11,13
kor_Hang,972,12,13
kor_Hang,972,13,13
kor_Hang,972,14,52
kor_Hang,972,15,52
kor_Hang,972,16,52
kor_Hang,972,17,13
kor_Hang,972,18,13
kor_Hang,972,19,13
kor_Hang,972,20,13
kor_Hang,972,21,13
kor_Hang,972,22,52
kor_Hang,972,23,52
kor_Hang,972,24,52
kor_Hang,972,25,13
kor_Hang,972,26,13
kor_Hang,972,27,13
kor_Hang,972,28,13
kor_Hang,972,29,13
kor_Hang,972,30,13
kor_Hang,972,31,13
kor_Hang,972,32,13
kor_Hang,972,33,13
kor_Hang,972,34,13
kor_Hang,972,35,13
kor_Hang,972,36,13
kor_Hang,972,37,13
kor_Hang,972,38,13
kor_Hang,972,39,13
kor_Hang,972,40,19
kor_Hang,972,41,13
kor_Hang,972,42,13
kor_Hang,972,43,13
kor_Hang,972,44,13
kor_Hang,972,45,19
kor_Hang,972,46,13
kor_Hang,972,47,13
kor_Hang,972,48,13
kor_Hang,972,49,13
kor_Hang,972,50,13
kor_Hang,972,51,13
kor_Hang,972,52,13
kor_Hang,972,53,13
kor_Hang,972,54,13
kor_Hang,972,55,13
kor_Hang,972,56,13
kor_Hang,972,57,13
kor_Hang,972,58,13
kor_Hang,972,59,13
kor_Hang,972,60,13
kor_Hang,972,61,13
kor_Hang,972,62,13
kor_Hang,972,63,19
kor_Hang,972,64,13
kor_Hang,972,65,13
kor_Hang,972,66,13
kor_Hang,972,67,13
kor_Hang,972,68,13
kor_Hang,972,69,13
kor_Hang,972,70,13
kor_Hang,972,71,13
kor_Hang,972,72,13
kor_Hang,973,0,60
kor_Hang,973,1,13
kor_Hang,973,2,13
kor_Hang,973,3,13
kor_Hang,973,4,13
kor_Hang,973,5,13
kor_Hang,973,6,47
kor_Hang,973,7,13
kor_Hang,973,8,13
kor_Hang,973,9,11
kor_Hang,973,10,13
kor_Hang,973,11,13
kor_Hang,973,12,13
kor_Hang,973,13,37
kor_Hang,973,14,52
kor_Hang,973,15,52
kor_Hang,973,16,61
kor_Hang,973,17,1
kor_Hang,973,18,52
kor_Hang,973,19,52
kor_Hang,973,20,13
kor_Hang,973,21,13
kor_Hang,973,22,13
kor_Hang,973,23,13
kor_Hang,973,24,47
kor_Hang,973,25,19
kor_Hang,973,26,13
kor_Hang,973,27,13
kor_Hang,973,28,13
kor_Hang,973,29,13
kor_Hang,973,30,13
kor_Hang,973,31,19
kor_Hang,973,32,34
kor_Hang,973,33,13
kor_Hang,973,34,34
kor_Hang,973,35,34
kor_Hang,973,36,34
kor_Hang,974,0,60
kor_Hang,974,1,13
kor_Hang,974,2,13
kor_Hang,974,3,13
kor_Hang,974,4,13
kor_Hang,974,5,6
kor_Hang,974,6,13
kor_Hang,974,7,13
kor_Hang,974,8,13
kor_Hang,974,9,13
kor_Hang,974,10,13
kor_Hang,974,11,13
kor_Hang,974,12,13
kor_Hang,974,13,19
kor_Hang,974,14,13
kor_Hang,974,15,13
kor_Hang,974,16,13
kor_Hang,974,17,13
kor_Hang,974,18,13
kor_Hang,974,19,13
kor_Hang,974,20,47
kor_Hang,974,21,13
kor_Hang,974,22,13
kor_Hang,974,23,19
kor_Hang,974,24,13
kor_Hang,974,25,13
kor_Hang,974,26,47
kor_Hang,974,27,61
kor_Hang,974,28,19
kor_Hang,974,29,13
kor_Hang,974,30,13
kor_Hang,974,31,19
kor_Hang,974,32,13
kor_Hang,974,33,13
kor_Hang,974,34,13
kor_Hang,974,35,13
kor_Hang,974,36,13
kor_Hang,974,37,13
kor_Hang,974,38,19
kor_Hang,974,39,13
kor_Hang,974,40,13
kor_Hang,974,41,13
kor_Hang,974,42,13
kor_Hang,974,43,47
kor_Hang,974,44,19
kor_Hang,974,45,13
kor_Hang,974,46,13
kor_Hang,974,47,13
kor_Hang,974,48,13
kor_Hang,974,49,13
kor_Hang,974,50,52
kor_Hang,974,51,52
kor_Hang,974,52,52
kor_Hang,974,53,39
kor_Hang,974,54,13
kor_Hang,974,55,13
kor_Hang,974,56,13
kor_Hang,974,57,19
kor_Hang,974,58,13
kor_Hang,974,59,13
kor_Hang,974,60,34
kor_Hang,974,61,13
kor_Hang,974,62,13
kor_Hang,974,63,13
kor_Hang,974,64,34
eng_Latn,975,0,60
eng_Latn,975,1,13
eng_Latn,975,2,49
eng_Latn,975,3,18
eng_Latn,975,4,18
eng_Latn,975,5,3
eng_Latn,975,6,57
eng_Latn,975,7,24
eng_Latn,975,8,3
eng_Latn,975,9,3
eng_Latn,975,10,3
kor_Hang,976,0,60
kor_Hang,976,1,52
kor_Hang,976,2,13
kor_Hang,976,3,13
kor_Hang,976,4,19
kor_Hang,976,5,13
kor_Hang,976,6,13
kor_Hang,976,7,13
kor_Hang,976,8,13
kor_Hang,976,9,47
kor_Hang,976,10,19
kor_Hang,976,11,39
kor_Hang,976,12,13
kor_Hang,976,13,13
kor_Hang,976,14,13
kor_Hang,976,15,13
kor_Hang,976,16,47
kor_Hang,976,17,13
kor_Hang,976,18,7
kor_Hang,976,19,13
kor_Hang,976,20,13
kor_Hang,976,21,13
kor_Hang,976,22,13
kor_Hang,976,23,47
kor_Hang,976,24,19
kor_Hang,976,25,13
kor_Hang,976,26,47
kor_Hang,976,27,13
kor_Hang,976,28,13
kor_Hang,976,29,19
kor_Hang,976,30,13
kor_Hang,976,31,13
kor_Hang,976,32,13
kor_Hang,976,33,13
kor_Hang,976,34,13
kor_Hang,976,35,13
kor_Hang,976,36,13
kor_Hang,976,37,13
kor_Hang,976,38,13
kor_Hang,976,39,13
kor_Hang,976,40,13
kor_Hang,976,41,13
kor_Hang,976,42,47
kor_Hang,976,43,13
kor_Hang,976,44,13
kor_Hang,976,45,47
kor_Hang,976,46,13
kor_Hang,976,47,13
kor_Hang,976,48,13
kor_Hang,976,49,13
kor_Hang,976,50,13
kor_Hang,976,51,13
kor_Hang,976,52,13
kor_Hang,976,53,19
kor_Hang,976,54,13
kor_Hang,976,55,13
kor_Hang,976,56,13
kor_Hang,976,57,13
kor_Hang,976,58,13
kor_Hang,976,59,13
kor_Hang,976,60,13
kor_Hang,976,61,13
kor_Hang,976,62,19
kor_Hang,976,63,13
kor_Hang,976,64,13
kor_Hang,976,65,13
kor_Hang,976,66,13
kor_Hang,976,67,13
kor_Hang,976,68,34
kor_Hang,977,0,60
kor_Hang,977,1,27
kor_Hang,977,2,49
kor_Hang,977,3,49
kor_Hang,977,4,13
kor_Hang,977,5,19
kor_Hang,977,6,13
kor_Hang,977,7,13
kor_Hang,977,8,13
kor_Hang,977,9,13
kor_Hang,977,10,13
kor_Hang,977,11,47
kor_Hang,977,12,13
kor_Hang,977,13,13
kor_Hang,977,14,13
kor_Hang,977,15,13
kor_Hang,977,16,13
kor_Hang,977,17,13
kor_Hang,977,18,13
kor_Hang,977,19,13
kor_Hang,977,20,61
kor_Hang,977,21,34
kor_Hang,977,22,13
kor_Hang,977,23,13
kor_Hang,977,24,13
kor_Hang,977,25,13
kor_Hang,977,26,13
kor_Hang,977,27,13
kor_Hang,977,28,47
kor_Hang,977,29,34
kor_Hang,977,30,34
kor_Hang,977,31,13
kor_Hang,977,32,34
kor_Hang,977,33,13
kor_Hang,977,34,13
kor_Hang,977,35,13
kor_Hang,977,36,34
kor_Hang,978,0,60
kor_Hang,978,1,13
kor_Hang,978,2,19
kor_Hang,978,3,13
kor_Hang,978,4,13
kor_Hang,978,5,47
kor_Hang,978,6,13
kor_Hang,978,7,19
kor_Hang,978,8,39
kor_Hang,978,9,13
kor_Hang,978,10,19
kor_Hang,978,11,13
kor_Hang,978,12,13
kor_Hang,978,13,47
kor_Hang,978,14,13
kor_Hang,978,15,13
kor_Hang,978,16,26
kor_Hang,978,17,13
kor_Hang,978,18,13
kor_Hang,978,19,13
kor_Hang,978,20,13
kor_Hang,978,21,13
kor_Hang,978,22,13
kor_Hang,978,23,13
kor_Hang,978,24,13
kor_Hang,978,25,13
kor_Hang,978,26,13
kor_Hang,978,27,13
kor_Hang,978,28,13
kor_Hang,978,29,52
kor_Hang,978,30,52
kor_Hang,978,31,52
kor_Hang,978,32,52
kor_Hang,978,33,52
kor_Hang,978,34,52
kor_Hang,978,35,52
kor_Hang,978,36,52
kor_Hang,978,37,61
kor_Hang,978,38,13
kor_Hang,978,39,13
kor_Hang,978,40,34
kor_Hang,979,0,60
kor_Hang,979,1,13
kor_Hang,979,2,13
kor_Hang,979,3,19
kor_Hang,979,4,13
kor_Hang,979,5,13
kor_Hang,979,6,13
kor_Hang,979,7,13
kor_Hang,979,8,13
kor_Hang,979,9,13
kor_Hang,979,10,13
kor_Hang,979,11,13
kor_Hang,979,12,13
kor_Hang,979,13,13
kor_Hang,979,14,13
kor_Hang,979,15,13
kor_Hang,979,16,13
kor_Hang,979,17,13
kor_Hang,979,18,13
kor_Hang,979,19,13
kor_Hang,979,20,13
kor_Hang,979,21,13
kor_Hang,979,22,19
kor_Hang,979,23,13
kor_Hang,979,24,13
kor_Hang,979,25,13
kor_Hang,979,26,13
kor_Hang,979,27,13
kor_Hang,979,28,13
kor_Hang,979,29,13
kor_Hang,979,30,13
kor_Hang,979,31,13
kor_Hang,979,32,13
kor_Hang,979,33,13
kor_Hang,979,34,13
kor_Hang,979,35,13
kor_Hang,979,36,13
kor_Hang,979,37,13
kor_Hang,979,38,13
kor_Hang,979,39,13
kor_Hang,979,40,34
kor_Hang,979,41,13
kor_Hang,979,42,13
kor_Hang,979,43,13
kor_Hang,979,44,13
kor_Hang,979,45,13
kor_Hang,979,46,34
kor_Hang,979,47,19
kor_Hang,979,48,34
kor_Hang,979,49,34
kor_Hang,980,0,60
kor_Hang,980,1,52
kor_Hang,980,2,52
kor_Hang,980,3,13
kor_Hang,980,4,13
kor_Hang,980,5,13
kor_Hang,980,6,13
kor_Hang,980,7,13
kor_Hang,980,8,13
kor_Hang,980,9,13
kor_Hang,980,10,13
kor_Hang,980,11,13
kor_Hang,980,12,13
kor_Hang,980,13,13
kor_Hang,980,14,13
kor_Hang,980,15,13
kor_Hang,980,16,13
kor_Hang,980,17,52
kor_Hang,980,18,13
kor_Hang,980,19,52
kor_Hang,980,20,13
kor_Hang,980,21,13
kor_Hang,980,22,13
kor_Hang,980,23,13
kor_Hang,980,24,19
kor_Hang,980,25,13
kor_Hang,980,26,13
kor_Hang,980,27,13
kor_Hang,980,28,13
kor_Hang,980,29,13
kor_Hang,980,30,13
kor_Hang,980,31,13
kor_Hang,980,32,19
kor_Hang,980,33,13
kor_Hang,980,34,13
kor_Hang,980,35,13
kor_Hang,980,36,13
kor_Hang,980,37,13
kor_Hang,980,38,13
kor_Hang,980,39,13
kor_Hang,980,40,13
kor_Hang,980,41,13
kor_Hang,980,42,13
kor_Hang,980,43,52
kor_Hang,980,44,13
kor_Hang,980,45,52
kor_Hang,980,46,13
kor_Hang,980,47,13
kor_Hang,980,48,13
kor_Hang,980,49,13
kor_Hang,980,50,47
kor_Hang,980,51,19
kor_Hang,980,52,13
kor_Hang,980,53,13
kor_Hang,980,54,13
kor_Hang,980,55,13
kor_Hang,980,56,13
kor_Hang,980,57,13
kor_Hang,980,58,34
kor_Hang,980,59,13
kor_Hang,980,60,13
kor_Hang,980,61,13
kor_Hang,980,62,13
kor_Hang,980,63,13
kor_Hang,980,64,47
kor_Hang,980,65,13
kor_Hang,980,66,13
kor_Hang,980,67,34
kor_Hang,981,0,60
kor_Hang,981,1,13
kor_Hang,981,2,52
kor_Hang,981,3,13
kor_Hang,981,4,13
kor_Hang,981,5,13
kor_Hang,981,6,13
kor_Hang,981,7,13
kor_Hang,981,8,13
kor_Hang,981,9,13
kor_Hang,981,10,13
kor_Hang,981,11,13
kor_Hang,981,12,13
kor_Hang,981,13,13
kor_Hang,981,14,13
kor_Hang,981,15,19
kor_Hang,981,16,13
kor_Hang,981,17,24
kor_Hang,981,18,13
kor_Hang,981,19,13
kor_Hang,981,20,13
kor_Hang,981,21,13
kor_Hang,981,22,13
kor_Hang,981,23,13
kor_Hang,981,24,19
kor_Hang,981,25,13
kor_Hang,981,26,13
kor_Hang,981,27,13
kor_Hang,981,28,13
kor_Hang,981,29,13
kor_Hang,981,30,13
kor_Hang,981,31,34
kor_Hang,982,0,60
kor_Hang,982,1,19
kor_Hang,982,2,13
kor_Hang,982,3,19
kor_Hang,982,4,19
kor_Hang,982,5,39
kor_Hang,982,6,13
kor_Hang,982,7,19
kor_Hang,982,8,13
kor_Hang,982,9,13
kor_Hang,982,10,13
kor_Hang,982,11,13
kor_Hang,982,12,13
kor_Hang,982,13,13
kor_Hang,982,14,13
kor_Hang,982,15,13
kor_Hang,982,16,13
kor_Hang,982,17,39
kor_Hang,982,18,19
kor_Hang,982,19,13
kor_Hang,982,20,13
kor_Hang,982,21,47
kor_Hang,982,22,47
kor_Hang,982,23,19
kor_Hang,982,24,13
kor_Hang,982,25,19
kor_Hang,982,26,39
kor_Hang,982,27,13
kor_Hang,982,28,13
kor_Hang,982,29,19
kor_Hang,982,30,61
kor_Hang,982,31,19
kor_Hang,982,32,19
kor_Hang,982,33,13
kor_Hang,982,34,13
kor_Hang,982,35,19
kor_Hang,982,36,13
kor_Hang,982,37,13
kor_Hang,982,38,13
kor_Hang,982,39,13
kor_Hang,982,40,13
kor_Hang,982,41,13
kor_Hang,982,42,13
kor_Hang,982,43,13
kor_Hang,982,44,13
kor_Hang,982,45,47
kor_Hang,982,46,47
kor_Hang,982,47,19
kor_Hang,982,48,47
kor_Hang,982,49,13
kor_Hang,982,50,13
kor_Hang,982,51,13
kor_Hang,982,52,13
kor_Hang,982,53,13
kor_Hang,982,54,13
kor_Hang,982,55,13
kor_Hang,982,56,13
kor_Hang,982,57,13
kor_Hang,982,58,13
kor_Hang,982,59,34
kor_Hang,982,60,13
kor_Hang,982,61,13
kor_Hang,982,62,13
kor_Hang,982,63,34
kor_Hang,982,64,34
kor_Hang,982,65,34
kor_Hang,983,0,60
kor_Hang,983,1,48
kor_Hang,983,2,34
kor_Hang,983,3,56
kor_Hang,983,4,24
kor_Hang,983,5,52
kor_Hang,983,6,52
kor_Hang,983,7,13
kor_Hang,983,8,13
kor_Hang,983,9,13
kor_Hang,983,10,13
kor_Hang,983,11,13
kor_Hang,983,12,13
kor_Hang,983,13,13
kor_Hang,983,14,13
kor_Hang,983,15,13
kor_Hang,983,16,19
kor_Hang,983,17,13
kor_Hang,983,18,13
kor_Hang,983,19,13
kor_Hang,983,20,13
eng_Latn,984,0,60
eng_Latn,984,1,47
eng_Latn,984,2,49
eng_Latn,984,3,5
eng_Latn,984,4,49
kor_Hang,985,0,60
kor_Hang,985,1,52
kor_Hang,985,2,13
kor_Hang,985,3,19
kor_Hang,985,4,13
kor_Hang,985,5,13
kor_Hang,985,6,13
kor_Hang,985,7,19
kor_Hang,985,8,13
kor_Hang,985,9,13
kor_Hang,985,10,13
kor_Hang,985,11,13
kor_Hang,985,12,13
kor_Hang,985,13,13
kor_Hang,985,14,13
kor_Hang,985,15,58
kor_Hang,985,16,13
kor_Hang,985,17,13
kor_Hang,985,18,13
kor_Hang,985,19,13
kor_Hang,985,20,13
kor_Hang,985,21,13
kor_Hang,985,22,13
kor_Hang,985,23,13
kor_Hang,985,24,13
kor_Hang,985,25,34
kor_Hang,985,26,19
kor_Hang,985,27,34
kor_Hang,985,28,13
kor_Hang,985,29,13
kor_Hang,985,30,13
kor_Hang,985,31,13
kor_Hang,985,32,13
kor_Hang,985,33,19
kor_Hang,985,34,13
kor_Hang,985,35,13
kor_Hang,985,36,13
kor_Hang,985,37,34
kor_Hang,985,38,13
kor_Hang,985,39,13
kor_Hang,985,40,19
kor_Hang,985,41,13
kor_Hang,985,42,13
kor_Hang,985,43,34
kor_Hang,985,44,13
kor_Hang,985,45,13
kor_Hang,985,46,13
kor_Hang,985,47,13
kor_Hang,985,48,34
kor_Hang,985,49,34
kor_Hang,985,50,34
kor_Hang,985,51,34
kor_Hang,986,0,60
kor_Hang,986,1,19
kor_Hang,986,2,13
kor_Hang,986,3,13
kor_Hang,986,4,52
kor_Hang,986,5,52
kor_Hang,986,6,13
kor_Hang,986,7,13
kor_Hang,986,8,13
kor_Hang,986,9,13
kor_Hang,986,10,13
kor_Hang,986,11,13
kor_Hang,986,12,13
kor_Hang,986,13,13
kor_Hang,986,14,13
kor_Hang,986,15,13
kor_Hang,986,16,13
kor_Hang,986,17,13
kor_Hang,986,18,19
kor_Hang,986,19,13
kor_Hang,986,20,13
kor_Hang,986,21,13
kor_Hang,986,22,13
kor_Hang,986,23,13
kor_Hang,986,24,19
kor_Hang,986,25,13
kor_Hang,986,26,13
kor_Hang,986,27,13
kor_Hang,986,28,19
kor_Hang,986,29,13
kor_Hang,986,30,13
kor_Hang,986,31,19
kor_Hang,986,32,13
kor_Hang,986,33,13
kor_Hang,986,34,47
kor_Hang,986,35,13
kor_Hang,986,36,13
kor_Hang,986,37,61
kor_Hang,986,38,13
kor_Hang,986,39,13
kor_Hang,986,40,13
kor_Hang,986,41,13
kor_Hang,986,42,13
kor_Hang,986,43,13
kor_Hang,986,44,13
kor_Hang,986,45,13
kor_Hang,986,46,13
kor_Hang,986,47,13
kor_Hang,986,48,13
kor_Hang,986,49,13
kor_Hang,986,50,13
kor_Hang,986,51,13
kor_Hang,986,52,47
kor_Hang,986,53,34
kor_Hang,986,54,13
kor_Hang,986,55,13
kor_Hang,986,56,13
kor_Hang,986,57,13
kor_Hang,986,58,13
kor_Hang,986,59,13
kor_Hang,986,60,13
kor_Hang,986,61,13
kor_Hang,986,62,34
kor_Hang,986,63,34
kor_Hang,986,64,13
kor_Hang,986,65,13
kor_Hang,986,66,34
eng_Latn,987,0,60
eng_Latn,987,1,13
eng_Latn,987,2,13
eng_Latn,987,3,5
eng_Latn,987,4,7
kor_Hang,988,0,60
kor_Hang,988,1,13
kor_Hang,988,2,13
kor_Hang,988,3,13
kor_Hang,988,4,13
kor_Hang,988,5,13
kor_Hang,988,6,13
kor_Hang,988,7,13
kor_Hang,988,8,13
kor_Hang,988,9,19
kor_Hang,988,10,39
kor_Hang,988,11,13
kor_Hang,988,12,19
kor_Hang,988,13,13
kor_Hang,988,14,13
kor_Hang,988,15,13
kor_Hang,988,16,13
kor_Hang,988,17,13
kor_Hang,988,18,13
kor_Hang,988,19,13
kor_Hang,988,20,13
kor_Hang,988,21,19
kor_Hang,988,22,13
kor_Hang,988,23,13
kor_Hang,988,24,19
kor_Hang,988,25,13
kor_Hang,988,26,13
kor_Hang,988,27,19
kor_Hang,988,28,13
kor_Hang,988,29,13
kor_Hang,988,30,13
kor_Hang,988,31,13
kor_Hang,988,32,52
kor_Hang,988,33,52
kor_Hang,988,34,61
kor_Hang,988,35,13
kor_Hang,988,36,13
kor_Hang,988,37,19
kor_Hang,988,38,13
kor_Hang,988,39,19
kor_Hang,988,40,34
kor_Hang,988,41,13
kor_Hang,988,42,13
kor_Hang,988,43,13
kor_Hang,988,44,13
kor_Hang,988,45,13
kor_Hang,988,46,13
kor_Hang,988,47,19
kor_Hang,988,48,34
kor_Hang,988,49,13
kor_Hang,988,50,13
kor_Hang,988,51,13
kor_Hang,988,52,13
kor_Hang,988,53,13
kor_Hang,988,54,13
kor_Hang,988,55,13
kor_Hang,988,56,19
kor_Hang,988,57,13
kor_Hang,988,58,47
kor_Hang,988,59,19
kor_Hang,988,60,13
kor_Hang,988,61,13
kor_Hang,988,62,13
kor_Hang,988,63,34
kor_Hang,989,0,60
kor_Hang,989,1,13
kor_Hang,989,2,13
kor_Hang,989,3,13
kor_Hang,989,4,13
kor_Hang,989,5,13
kor_Hang,989,6,13
kor_Hang,989,7,13
kor_Hang,989,8,13
kor_Hang,989,9,13
kor_Hang,989,10,19
kor_Hang,989,11,13
kor_Hang,989,12,47
kor_Hang,989,13,47
kor_Hang,989,14,13
kor_Hang,989,15,13
kor_Hang,989,16,13
kor_Hang,989,17,13
kor_Hang,989,18,13
kor_Hang,989,19,13
kor_Hang,989,20,13
kor_Hang,989,21,13
kor_Hang,989,22,47
kor_Hang,989,23,13
kor_Hang,989,24,13
kor_Hang,989,25,13
kor_Hang,989,26,1
kor_Hang,989,27,13
kor_Hang,989,28,13
kor_Hang,989,29,13
kor_Hang,989,30,13
kor_Hang,989,31,13
kor_Hang,989,32,19
kor_Hang,989,33,13
kor_Hang,989,34,61
kor_Hang,989,35,19
kor_Hang,989,36,13
kor_Hang,989,37,13
kor_Hang,989,38,13
kor_Hang,989,39,13
kor_Hang,989,40,13
kor_Hang,989,41,13
kor_Hang,989,42,13
kor_Hang,989,43,13
kor_Hang,989,44,13
kor_Hang,989,45,47
kor_Hang,989,46,13
kor_Hang,989,47,13
kor_Hang,989,48,13
kor_Hang,989,49,13
kor_Hang,989,50,13
kor_Hang,989,51,13
kor_Hang,989,52,13
kor_Hang,989,53,47
kor_Hang,989,54,13
kor_Hang,989,55,13
kor_Hang,989,56,19
kor_Hang,989,57,13
kor_Hang,989,58,13
kor_Hang,989,59,13
kor_Hang,989,60,13
kor_Hang,989,61,34
kor_Hang,990,0,60
kor_Hang,990,1,52
kor_Hang,990,2,52
kor_Hang,990,3,13
kor_Hang,990,4,13
kor_Hang,990,5,13
kor_Hang,990,6,13
kor_Hang,990,7,13
kor_Hang,990,8,13
kor_Hang,990,9,13
kor_Hang,990,10,13
kor_Hang,990,11,12
kor_Hang,990,12,13
kor_Hang,990,13,13
kor_Hang,990,14,13
kor_Hang,990,15,13
kor_Hang,990,16,13
kor_Hang,990,17,13
kor_Hang,990,18,13
kor_Hang,990,19,39
kor_Hang,990,20,13
kor_Hang,990,21,13
kor_Hang,990,22,13
kor_Hang,990,23,13
kor_Hang,990,24,13
kor_Hang,990,25,13
kor_Hang,990,26,13
kor_Hang,990,27,19
kor_Hang,990,28,13
kor_Hang,990,29,1
kor_Hang,990,30,13
kor_Hang,990,31,13
kor_Hang,990,32,13
kor_Hang,990,33,13
eng_Latn,991,0,60
eng_Latn,991,1,54
eng_Latn,991,2,56
eng_Latn,991,3,56
eng_Latn,991,4,19
eng_Latn,991,5,19
eng_Latn,991,6,16
kor_Hang,992,0,60
kor_Hang,992,1,13
kor_Hang,992,2,13
kor_Hang,992,3,13
kor_Hang,992,4,13
kor_Hang,992,5,13
kor_Hang,992,6,58
kor_Hang,992,7,13
kor_Hang,992,8,13
kor_Hang,992,9,13
kor_Hang,992,10,34
kor_Hang,992,11,13
kor_Hang,992,12,13
kor_Hang,992,13,13
kor_Hang,992,14,13
kor_Hang,992,15,19
kor_Hang,992,16,13
kor_Hang,992,17,13
kor_Hang,992,18,61
kor_Hang,992,19,13
kor_Hang,992,20,13
kor_Hang,992,21,19
kor_Hang,992,22,34
kor_Hang,992,23,13
kor_Hang,992,24,13
kor_Hang,992,25,13
kor_Hang,992,26,13
kor_Hang,992,27,13
kor_Hang,992,28,13
kor_Hang,992,29,13
kor_Hang,992,30,13
kor_Hang,992,31,13
kor_Hang,992,32,13
kor_Hang,992,33,13
kor_Hang,992,34,13
kor_Hang,992,35,13
kor_Hang,992,36,13
kor_Hang,992,37,13
kor_Hang,992,38,13
kor_Hang,992,39,13
kor_Hang,992,40,13
kor_Hang,992,41,13
kor_Hang,992,42,13
kor_Hang,992,43,13
kor_Hang,992,44,13
kor_Hang,992,45,13
kor_Hang,992,46,13
kor_Hang,992,47,13
kor_Hang,992,48,19
kor_Hang,992,49,34
kor_Hang,992,50,13
kor_Hang,992,51,13
kor_Hang,992,52,13
kor_Hang,992,53,13
kor_Hang,992,54,34
kor_Hang,992,55,34
kor_Hang,992,56,34
kor_Hang,992,57,34
kor_Hang,993,0,60
kor_Hang,993,1,19
kor_Hang,993,2,39
kor_Hang,993,3,13
kor_Hang,993,4,19
kor_Hang,993,5,13
kor_Hang,993,6,13
kor_Hang,993,7,19
kor_Hang,993,8,13
kor_Hang,993,9,13
kor_Hang,993,10,13
kor_Hang,993,11,13
kor_Hang,993,12,13
kor_Hang,993,13,13
kor_Hang,993,14,13
kor_Hang,993,15,13
kor_Hang,993,16,13
kor_Hang,993,17,13
kor_Hang,993,18,13
kor_Hang,993,19,13
kor_Hang,993,20,13
kor_Hang,993,21,13
kor_Hang,993,22,13
kor_Hang,993,23,13
kor_Hang,993,24,13
kor_Hang,993,25,13
kor_Hang,993,26,13
kor_Hang,993,27,13
kor_Hang,993,28,13
kor_Hang,993,29,13
kor_Hang,993,30,13
kor_Hang,993,31,13
kor_Hang,993,32,13
kor_Hang,993,33,13
kor_Hang,993,34,13
kor_Hang,993,35,13
kor_Hang,993,36,13
kor_Hang,993,37,13
kor_Hang,993,38,13
kor_Hang,993,39,13
kor_Hang,993,40,13
kor_Hang,993,41,13
kor_Hang,993,42,13
kor_Hang,993,43,13
kor_Hang,993,44,13
kor_Hang,993,45,19
kor_Hang,993,46,34
kor_Hang,993,47,13
kor_Hang,993,48,13
kor_Hang,993,49,13
kor_Hang,993,50,13
kor_Hang,993,51,34
kor_Hang,993,52,19
kor_Hang,993,53,13
kor_Hang,993,54,34
kor_Hang,994,0,60
kor_Hang,994,1,13
kor_Hang,994,2,13
kor_Hang,994,3,13
kor_Hang,994,4,13
kor_Hang,994,5,13
kor_Hang,994,6,13
kor_Hang,994,7,47
kor_Hang,994,8,47
kor_Hang,994,9,13
kor_Hang,994,10,13
kor_Hang,994,11,19
kor_Hang,994,12,13
kor_Hang,994,13,47
kor_Hang,994,14,47
kor_Hang,994,15,13
kor_Hang,994,16,19
kor_Hang,994,17,13
kor_Hang,994,18,13
kor_Hang,994,19,13
kor_Hang,994,20,47
kor_Hang,994,21,13
kor_Hang,994,22,13
kor_Hang,994,23,13
kor_Hang,994,24,13
kor_Hang,994,25,13
kor_Hang,994,26,13
kor_Hang,994,27,13
kor_Hang,994,28,13
kor_Hang,994,29,47
kor_Hang,994,30,47
kor_Hang,994,31,13
kor_Hang,994,32,13
kor_Hang,994,33,19
kor_Hang,994,34,13
kor_Hang,994,35,13
kor_Hang,994,36,19
kor_Hang,994,37,13
kor_Hang,994,38,19
kor_Hang,994,39,13
kor_Hang,994,40,13
kor_Hang,994,41,52
eng_Latn,995,0,60
eng_Latn,995,1,36
eng_Latn,995,2,56
eng_Latn,995,3,36
eng_Latn,995,4,36
eng_Latn,995,5,63
kor_Hang,996,0,60
kor_Hang,996,1,9
kor_Hang,996,2,60
kor_Hang,996,3,13
kor_Hang,996,4,13
kor_Hang,996,5,13
kor_Hang,996,6,61
kor_Hang,996,7,19
kor_Hang,996,8,13
kor_Hang,996,9,13
kor_Hang,996,10,13
kor_Hang,996,11,13
kor_Hang,996,12,13
kor_Hang,996,13,13
kor_Hang,996,14,52
kor_Hang,996,15,13
kor_Hang,996,16,13
kor_Hang,996,17,13
kor_Hang,996,18,13
kor_Hang,996,19,13
kor_Hang,996,20,13
kor_Hang,996,21,13
kor_Hang,996,22,13
kor_Hang,996,23,13
kor_Hang,996,24,13
kor_Hang,996,25,13
kor_Hang,996,26,13
kor_Hang,996,27,13
kor_Hang,996,28,47
kor_Hang,996,29,34
kor_Hang,996,30,13
kor_Hang,996,31,19
kor_Hang,996,32,13
kor_Hang,996,33,13
kor_Hang,996,34,13
kor_Hang,996,35,13
kor_Hang,996,36,13
kor_Hang,996,37,13
kor_Hang,996,38,13
kor_Hang,996,39,13
kor_Hang,996,40,13
kor_Hang,996,41,13
kor_Hang,996,42,19
kor_Hang,996,43,13
kor_Hang,996,44,13
kor_Hang,996,45,13
kor_Hang,996,46,13
kor_Hang,996,47,47
kor_Hang,996,48,13
kor_Hang,996,49,13
kor_Hang,996,50,13
kor_Hang,996,51,13
kor_Hang,996,52,13
kor_Hang,996,53,47
kor_Hang,996,54,13
kor_Hang,996,55,13
kor_Hang,996,56,13
kor_Hang,996,57,47
kor_Hang,996,58,13
kor_Hang,996,59,19
kor_Hang,996,60,13
kor_Hang,996,61,13
kor_Hang,996,62,13
kor_Hang,996,63,13
kor_Hang,996,64,47
kor_Hang,996,65,47
kor_Hang,996,66,13
kor_Hang,996,67,13
kor_Hang,996,68,19
kor_Hang,996,69,13
kor_Hang,996,70,13
kor_Hang,996,71,13
kor_Hang,996,72,13
kor_Hang,996,73,13
kor_Hang,996,74,13
kor_Hang,996,75,13
kor_Hang,996,76,34
kor_Hang,996,77,13
kor_Hang,996,78,34
kor_Hang,997,0,60
kor_Hang,997,1,13
kor_Hang,997,2,13
kor_Hang,997,3,6
kor_Hang,997,4,13
kor_Hang,997,5,13
kor_Hang,997,6,13
kor_Hang,997,7,19
kor_Hang,997,8,13
kor_Hang,997,9,13
kor_Hang,997,10,13
kor_Hang,997,11,47
kor_Hang,997,12,13
kor_Hang,997,13,19
kor_Hang,997,14,13
kor_Hang,997,15,19
kor_Hang,997,16,39
kor_Hang,997,17,47
kor_Hang,997,18,13
kor_Hang,997,19,13
kor_Hang,997,20,13
kor_Hang,997,21,13
kor_Hang,997,22,13
kor_Hang,997,23,52
kor_Hang,997,24,13
kor_Hang,997,25,61
kor_Hang,997,26,13
kor_Hang,997,27,52
kor_Hang,997,28,52
kor_Hang,997,29,13
kor_Hang,997,30,13
kor_Hang,997,31,13
kor_Hang,997,32,13
kor_Hang,997,33,47
kor_Hang,997,34,61
kor_Hang,997,35,13
kor_Hang,997,36,13
kor_Hang,997,37,19
kor_Hang,997,38,13
kor_Hang,997,39,13
kor_Hang,997,40,13
kor_Hang,997,41,34
kor_Hang,997,42,13
kor_Hang,997,43,13
kor_Hang,997,44,13
kor_Hang,997,45,13
kor_Hang,997,46,19
kor_Hang,997,47,34
kor_Hang,997,48,13
kor_Hang,997,49,13
kor_Hang,997,50,13
kor_Hang,997,51,13
kor_Hang,997,52,13
kor_Hang,997,53,34
kor_Hang,997,54,13
kor_Hang,997,55,34
kor_Hang,998,0,60
kor_Hang,998,1,47
kor_Hang,998,2,13
kor_Hang,998,3,13
kor_Hang,998,4,27
kor_Hang,998,5,13
kor_Hang,998,6,13
kor_Hang,998,7,13
kor_Hang,998,8,13
kor_Hang,998,9,13
kor_Hang,998,10,13
kor_Hang,998,11,13
kor_Hang,998,12,13
kor_Hang,998,13,13
kor_Hang,998,14,13
kor_Hang,998,15,13
kor_Hang,998,16,13
kor_Hang,998,17,13
kor_Hang,998,18,19
kor_Hang,998,19,13
kor_Hang,998,20,13
kor_Hang,998,21,47
kor_Hang,998,22,13
kor_Hang,998,23,19
kor_Hang,998,24,13
kor_Hang,998,25,13
kor_Hang,998,26,13
kor_Hang,998,27,13
kor_Hang,998,28,13
kor_Hang,998,29,47
kor_Hang,998,30,13
kor_Hang,998,31,34
kor_Hang,998,32,13
kor_Hang,998,33,13
kor_Hang,998,34,13
kor_Hang,998,35,13
kor_Hang,998,36,13
kor_Hang,998,37,13
kor_Hang,998,38,13
kor_Hang,998,39,13
kor_Hang,998,40,13
kor_Hang,998,41,13
kor_Hang,998,42,61
kor_Hang,998,43,47
kor_Hang,998,44,13
kor_Hang,998,45,13
kor_Hang,998,46,13
kor_Hang,998,47,13
kor_Hang,998,48,13
kor_Hang,998,49,13
kor_Hang,998,50,52
kor_Hang,998,51,52
kor_Hang,998,52,13
kor_Hang,998,53,13
kor_Hang,998,54,13
kor_Hang,998,55,13
kor_Hang,998,56,13
kor_Hang,998,57,13
kor_Hang,998,58,13
kor_Hang,998,59,13
kor_Hang,998,60,13
kor_Hang,998,61,13
kor_Hang,998,62,34
kor_Hang,998,63,34
kor_Hang,998,64,34
kor_Hang,998,65,34
kor_Hang,999,0,60
kor_Hang,999,1,11
kor_Hang,999,2,13
kor_Hang,999,3,47
kor_Hang,999,4,13
kor_Hang,999,5,13
kor_Hang,999,6,13
kor_Hang,999,7,13
kor_Hang,999,8,19
kor_Hang,999,9,13
kor_Hang,999,10,13
kor_Hang,999,11,13
kor_Hang,999,12,13
kor_Hang,999,13,13
kor_Hang,999,14,13
kor_Hang,999,15,39
kor_Hang,999,16,13
kor_Hang,999,17,19
kor_Hang,999,18,13
kor_Hang,999,19,13
kor_Hang,999,20,61
kor_Hang,999,21,13
kor_Hang,999,22,19
kor_Hang,999,23,13
kor_Hang,999,24,13
kor_Hang,999,25,13
kor_Hang,999,26,19
kor_Hang,999,27,13
kor_Hang,999,28,13
kor_Hang,999,29,34
kor_Hang,999,30,13
kor_Hang,999,31,13
kor_Hang,999,32,13
kor_Hang,999,33,13
kor_Hang,999,34,19
kor_Hang,999,35,13
kor_Hang,999,36,13
kor_Hang,999,37,13
kor_Hang,999,38,13
kor_Hang,999,39,13
kor_Hang,999,40,13
kor_Hang,999,41,13
kor_Hang,999,42,13
kor_Hang,999,43,34
kor_Hang,999,44,34
kor_Hang,999,45,13
kor_Hang,999,46,13
kor_Hang,999,47,34
