lang,sentence_id,token_idx,expert_id
eng_Latn,0,0,60
eng_Latn,0,1,18
eng_Latn,0,2,56
eng_Latn,0,3,56
eng_Latn,0,4,16
eng_Latn,0,5,20
eng_Latn,0,6,51
eng_Latn,1,0,60
eng_Latn,1,1,38
eng_Latn,1,2,33
eng_Latn,1,3,33
eng_Latn,1,4,33
eng_Latn,1,5,33
eng_Latn,1,6,24
eng_Latn,1,7,33
eng_Latn,2,0,60
eng_Latn,2,1,6
eng_Latn,2,2,8
eng_Latn,2,3,8
eng_Latn,2,4,20
eng_Latn,2,5,16
eng_Latn,2,6,54
eng_Latn,2,7,51
bul_Cyrl,3,0,60
bul_Cyrl,3,1,13
bul_Cyrl,3,2,13
bul_Cyrl,3,3,13
bul_Cyrl,3,4,13
bul_Cyrl,3,5,13
bul_Cyrl,3,6,13
bul_Cyrl,3,7,13
bul_Cyrl,3,8,13
bul_Cyrl,3,9,12
bul_Cyrl,3,10,52
eng_Latn,4,0,60
eng_Latn,4,1,9
eng_Latn,4,2,38
eng_Latn,4,3,57
eng_Latn,4,4,56
eng_Latn,4,5,56
eng_Latn,4,6,53
eng_Latn,4,7,37
eng_Latn,4,8,51
eng_Latn,4,9,51
eng_Latn,4,10,18
eng_Latn,4,11,16
eng_Latn,5,0,60
eng_Latn,5,1,16
eng_Latn,5,2,17
eng_Latn,5,3,4
eng_Latn,5,4,52
eng_Latn,5,5,34
eng_Latn,6,0,60
eng_Latn,6,1,16
eng_Latn,6,2,35
eng_Latn,6,3,57
eng_Latn,6,4,49
eng_Latn,7,0,60
eng_Latn,7,1,54
eng_Latn,7,2,10
eng_Latn,7,3,34
eng_Latn,8,0,60
eng_Latn,8,1,57
eng_Latn,8,2,16
eng_Latn,8,3,35
eng_Latn,8,4,57
eng_Latn,8,5,51
eng_Latn,9,0,60
eng_Latn,9,1,15
eng_Latn,9,2,23
eng_Latn,9,3,48
eng_Latn,9,4,56
eng_Latn,9,5,16
eng_Latn,9,6,54
eng_Latn,9,7,63
eng_Latn,10,0,60
eng_Latn,10,1,9
eng_Latn,10,2,22
eng_Latn,10,3,15
eng_Latn,10,4,63
eng_Latn,10,5,18
eng_Latn,10,6,18
eng_Latn,10,7,63
eng_Latn,10,8,37
eng_Latn,11,0,60
eng_Latn,11,1,40
eng_Latn,11,2,61
eng_Latn,11,3,15
eng_Latn,11,4,8
eng_Latn,11,5,20
eng_Latn,11,6,8
eng_Latn,11,7,57
eng_Latn,11,8,8
eng_Latn,12,0,60
eng_Latn,12,1,52
eng_Latn,12,2,1
eng_Latn,12,3,52
eng_Latn,12,4,52
eng_Latn,12,5,47
eng_Latn,12,6,19
eng_Latn,12,7,63
eng_Latn,13,0,60
eng_Latn,13,1,61
eng_Latn,13,2,50
eng_Latn,13,3,18
eng_Latn,13,4,21
eng_Latn,13,5,31
eng_Latn,13,6,21
eng_Latn,13,7,53
eng_Latn,13,8,63
eng_Latn,14,0,60
eng_Latn,14,1,52
eng_Latn,14,2,15
eng_Latn,14,3,3
eng_Latn,14,4,3
eng_Latn,14,5,19
eng_Latn,14,6,15
eng_Latn,15,0,60
eng_Latn,15,1,19
eng_Latn,15,2,49
eng_Latn,15,3,27
eng_Latn,15,4,49
eng_Latn,15,5,9
eng_Latn,15,6,37
eng_Latn,15,7,48
eng_Latn,15,8,48
eng_Latn,15,9,9
eng_Latn,15,10,0
eng_Latn,15,11,17
eng_Latn,15,12,53
eng_Latn,15,13,59
eng_Latn,15,14,16
eng_Latn,16,0,60
eng_Latn,16,1,19
eng_Latn,16,2,19
eng_Latn,16,3,15
eng_Latn,16,4,16
eng_Latn,16,5,33
eng_Latn,16,6,33
eng_Latn,16,7,33
bul_Cyrl,17,0,60
bul_Cyrl,17,1,13
bul_Cyrl,17,2,13
bul_Cyrl,17,3,13
bul_Cyrl,17,4,13
bul_Cyrl,17,5,13
bul_Cyrl,17,6,13
bul_Cyrl,17,7,13
bul_Cyrl,17,8,19
bul_Cyrl,17,9,13
bul_Cyrl,17,10,13
bul_Cyrl,17,11,13
bul_Cyrl,17,12,13
bul_Cyrl,17,13,13
bul_Cyrl,17,14,19
bul_Cyrl,17,15,13
bul_Cyrl,17,16,47
bul_Cyrl,17,17,13
bul_Cyrl,17,18,13
bul_Cyrl,17,19,13
bul_Cyrl,17,20,13
bul_Cyrl,17,21,13
bul_Cyrl,17,22,13
bul_Cyrl,17,23,13
bul_Cyrl,17,24,13
bul_Cyrl,17,25,1
bul_Cyrl,17,26,13
bul_Cyrl,17,27,13
bul_Cyrl,17,28,13
bul_Cyrl,17,29,13
eng_Latn,18,0,60
eng_Latn,18,1,52
eng_Latn,18,2,14
eng_Latn,18,3,49
eng_Latn,18,4,56
eng_Latn,18,5,49
eng_Latn,18,6,49
eng_Latn,19,0,60
eng_Latn,19,1,15
eng_Latn,19,2,56
eng_Latn,19,3,63
eng_Latn,19,4,41
eng_Latn,19,5,63
bul_Cyrl,20,0,60
bul_Cyrl,20,1,13
bul_Cyrl,20,2,13
bul_Cyrl,20,3,13
bul_Cyrl,20,4,13
bul_Cyrl,20,5,13
bul_Cyrl,20,6,13
bul_Cyrl,20,7,13
bul_Cyrl,20,8,13
bul_Cyrl,20,9,13
bul_Cyrl,20,10,13
bul_Cyrl,20,11,13
bul_Cyrl,20,12,13
bul_Cyrl,20,13,13
bul_Cyrl,20,14,13
bul_Cyrl,20,15,13
bul_Cyrl,20,16,13
bul_Cyrl,20,17,13
bul_Cyrl,20,18,19
bul_Cyrl,20,19,13
eng_Latn,21,0,60
eng_Latn,21,1,54
eng_Latn,21,2,50
eng_Latn,21,3,16
eng_Latn,21,4,20
eng_Latn,21,5,38
eng_Latn,21,6,47
eng_Latn,22,0,60
eng_Latn,22,1,19
eng_Latn,22,2,49
eng_Latn,22,3,53
eng_Latn,22,4,53
eng_Latn,22,5,1
eng_Latn,22,6,1
eng_Latn,22,7,52
eng_Latn,23,0,60
eng_Latn,23,1,63
eng_Latn,23,2,37
eng_Latn,23,3,52
eng_Latn,24,0,60
eng_Latn,24,1,35
eng_Latn,24,2,57
eng_Latn,24,3,45
eng_Latn,24,4,10
eng_Latn,24,5,16
eng_Latn,24,6,2
eng_Latn,24,7,54
eng_Latn,24,8,9
eng_Latn,24,9,54
eng_Latn,24,10,22
eng_Latn,24,11,51
eng_Latn,24,12,51
eng_Latn,25,0,60
eng_Latn,25,1,56
eng_Latn,25,2,24
eng_Latn,25,3,19
eng_Latn,25,4,40
eng_Latn,25,5,49
eng_Latn,25,6,12
eng_Latn,25,7,22
eng_Latn,25,8,40
eng_Latn,25,9,15
eng_Latn,25,10,48
eng_Latn,25,11,59
eng_Latn,25,12,51
eng_Latn,26,0,60
eng_Latn,26,1,61
eng_Latn,26,2,1
eng_Latn,26,3,33
eng_Latn,26,4,24
eng_Latn,26,5,15
eng_Latn,26,6,16
bul_Cyrl,27,0,60
bul_Cyrl,27,1,13
bul_Cyrl,27,2,13
bul_Cyrl,27,3,13
bul_Cyrl,27,4,13
bul_Cyrl,27,5,13
bul_Cyrl,27,6,13
bul_Cyrl,27,7,13
bul_Cyrl,27,8,13
bul_Cyrl,27,9,13
bul_Cyrl,27,10,58
bul_Cyrl,27,11,12
bul_Cyrl,27,12,39
bul_Cyrl,27,13,24
bul_Cyrl,27,14,19
bul_Cyrl,27,15,39
eng_Latn,28,0,60
eng_Latn,28,1,9
eng_Latn,28,2,19
eng_Latn,28,3,22
eng_Latn,28,4,22
eng_Latn,28,5,58
eng_Latn,28,6,12
eng_Latn,28,7,47
eng_Latn,29,0,60
eng_Latn,29,1,52
eng_Latn,29,2,61
eng_Latn,29,3,19
eng_Latn,29,4,9
eng_Latn,29,5,26
eng_Latn,29,6,59
eng_Latn,29,7,57
eng_Latn,29,8,19
eng_Latn,29,9,48
eng_Latn,29,10,37
eng_Latn,29,11,37
eng_Latn,29,12,57
eng_Latn,30,0,60
eng_Latn,30,1,15
eng_Latn,30,2,56
eng_Latn,30,3,63
eng_Latn,30,4,60
eng_Latn,30,5,49
eng_Latn,30,6,63
eng_Latn,31,0,60
eng_Latn,31,1,33
eng_Latn,31,2,33
eng_Latn,31,3,33
eng_Latn,31,4,33
eng_Latn,31,5,33
eng_Latn,31,6,33
eng_Latn,31,7,33
eng_Latn,31,8,33
eng_Latn,32,0,60
eng_Latn,32,1,16
eng_Latn,32,2,60
eng_Latn,32,3,9
eng_Latn,32,4,0
eng_Latn,32,5,19
eng_Latn,32,6,19
eng_Latn,32,7,34
eng_Latn,32,8,9
eng_Latn,32,9,22
eng_Latn,32,10,34
eng_Latn,33,0,60
eng_Latn,33,1,46
eng_Latn,33,2,63
eng_Latn,33,3,63
eng_Latn,33,4,19
eng_Latn,34,0,60
eng_Latn,34,1,61
eng_Latn,34,2,27
eng_Latn,34,3,27
eng_Latn,34,4,1
eng_Latn,34,5,27
eng_Latn,34,6,27
eng_Latn,34,7,27
eng_Latn,34,8,27
eng_Latn,34,9,27
eng_Latn,34,10,27
eng_Latn,34,11,52
bul_Cyrl,35,0,60
bul_Cyrl,35,1,13
bul_Cyrl,35,2,13
bul_Cyrl,35,3,13
bul_Cyrl,35,4,13
bul_Cyrl,35,5,13
bul_Cyrl,35,6,13
bul_Cyrl,35,7,13
bul_Cyrl,35,8,13
bul_Cyrl,35,9,13
bul_Cyrl,35,10,13
bul_Cyrl,35,11,13
bul_Cyrl,35,12,13
bul_Cyrl,35,13,13
bul_Cyrl,35,14,13
bul_Cyrl,35,15,13
bul_Cyrl,35,16,13
bul_Cyrl,35,17,13
bul_Cyrl,35,18,13
bul_Cyrl,35,19,13
eng_Latn,36,0,60
eng_Latn,36,1,56
eng_Latn,36,2,51
eng_Latn,36,3,53
eng_Latn,36,4,57
eng_Latn,36,5,56
eng_Latn,36,6,19
eng_Latn,36,7,34
eng_Latn,36,8,20
eng_Latn,36,9,37
eng_Latn,36,10,41
eng_Latn,36,11,34
eng_Latn,37,0,60
eng_Latn,37,1,15
eng_Latn,37,2,56
eng_Latn,37,3,63
eng_Latn,37,4,60
eng_Latn,37,5,30
eng_Latn,37,6,37
eng_Latn,38,0,60
eng_Latn,38,1,18
eng_Latn,38,2,16
eng_Latn,38,3,30
eng_Latn,38,4,30
eng_Latn,38,5,30
eng_Latn,38,6,61
eng_Latn,38,7,19
eng_Latn,38,8,8
eng_Latn,38,9,19
eng_Latn,38,10,16
bul_Cyrl,39,0,60
bul_Cyrl,39,1,13
bul_Cyrl,39,2,13
bul_Cyrl,39,3,13
bul_Cyrl,39,4,13
bul_Cyrl,39,5,13
bul_Cyrl,39,6,13
bul_Cyrl,39,7,13
bul_Cyrl,39,8,13
bul_Cyrl,39,9,13
bul_Cyrl,39,10,13
bul_Cyrl,39,11,13
bul_Cyrl,39,12,13
bul_Cyrl,39,13,13
bul_Cyrl,39,14,13
bul_Cyrl,39,15,13
bul_Cyrl,39,16,13
bul_Cyrl,39,17,13
eng_Latn,40,0,60
eng_Latn,40,1,20
eng_Latn,40,2,35
eng_Latn,40,3,24
eng_Latn,40,4,24
eng_Latn,40,5,23
eng_Latn,40,6,24
eng_Latn,40,7,33
eng_Latn,40,8,52
eng_Latn,41,0,60
eng_Latn,41,1,22
eng_Latn,41,2,37
eng_Latn,41,3,52
eng_Latn,41,4,37
eng_Latn,41,5,5
eng_Latn,41,6,22
eng_Latn,42,0,60
eng_Latn,42,1,49
eng_Latn,42,2,18
eng_Latn,42,3,35
eng_Latn,42,4,57
eng_Latn,42,5,53
eng_Latn,42,6,38
eng_Latn,42,7,51
eng_Latn,42,8,57
eng_Latn,42,9,51
eng_Latn,43,0,60
eng_Latn,43,1,1
eng_Latn,43,2,52
eng_Latn,43,3,1
eng_Latn,43,4,52
eng_Latn,43,5,1
eng_Latn,43,6,52
eng_Latn,43,7,1
eng_Latn,43,8,52
eng_Latn,43,9,11
eng_Latn,43,10,11
eng_Latn,43,11,11
eng_Latn,43,12,47
bul_Cyrl,44,0,60
bul_Cyrl,44,1,13
bul_Cyrl,44,2,13
bul_Cyrl,44,3,13
bul_Cyrl,44,4,13
bul_Cyrl,44,5,13
bul_Cyrl,44,6,13
bul_Cyrl,44,7,13
bul_Cyrl,44,8,13
bul_Cyrl,44,9,13
bul_Cyrl,44,10,13
bul_Cyrl,44,11,13
bul_Cyrl,44,12,13
bul_Cyrl,44,13,13
eng_Latn,45,0,60
eng_Latn,45,1,50
eng_Latn,45,2,20
eng_Latn,45,3,16
eng_Latn,45,4,10
eng_Latn,45,5,23
eng_Latn,45,6,23
eng_Latn,45,7,16
eng_Latn,46,0,60
eng_Latn,46,1,18
eng_Latn,46,2,16
eng_Latn,46,3,53
eng_Latn,46,4,3
eng_Latn,46,5,56
eng_Latn,46,6,35
eng_Latn,46,7,4
eng_Latn,47,0,60
eng_Latn,47,1,49
eng_Latn,47,2,40
eng_Latn,47,3,40
eng_Latn,47,4,49
eng_Latn,47,5,5
eng_Latn,47,6,49
eng_Latn,48,0,60
eng_Latn,48,1,11
eng_Latn,48,2,12
eng_Latn,48,3,22
eng_Latn,48,4,46
eng_Latn,48,5,27
eng_Latn,48,6,26
eng_Latn,48,7,26
eng_Latn,48,8,26
eng_Latn,48,9,12
eng_Latn,48,10,26
eng_Latn,48,11,27
eng_Latn,48,12,39
eng_Latn,49,0,60
eng_Latn,49,1,52
eng_Latn,49,2,52
eng_Latn,49,3,53
eng_Latn,49,4,49
eng_Latn,49,5,5
eng_Latn,49,6,57
eng_Latn,49,7,49
eng_Latn,50,0,60
eng_Latn,50,1,46
eng_Latn,50,2,8
eng_Latn,50,3,50
eng_Latn,50,4,56
eng_Latn,50,5,56
eng_Latn,50,6,57
eng_Latn,50,7,16
eng_Latn,51,0,60
eng_Latn,51,1,49
eng_Latn,51,2,56
eng_Latn,51,3,16
eng_Latn,51,4,20
eng_Latn,51,5,3
eng_Latn,51,6,3
eng_Latn,51,7,15
eng_Latn,51,8,20
eng_Latn,51,9,51
eng_Latn,52,0,60
eng_Latn,52,1,56
eng_Latn,52,2,33
eng_Latn,52,3,19
eng_Latn,52,4,59
eng_Latn,52,5,49
eng_Latn,52,6,53
eng_Latn,52,7,38
eng_Latn,52,8,57
eng_Latn,52,9,33
eng_Latn,52,10,35
eng_Latn,52,11,57
eng_Latn,52,12,61
eng_Latn,52,13,21
eng_Latn,53,0,60
eng_Latn,53,1,23
eng_Latn,53,2,22
eng_Latn,53,3,63
eng_Latn,53,4,22
eng_Latn,53,5,17
eng_Latn,53,6,47
eng_Latn,53,7,34
eng_Latn,53,8,34
eng_Latn,54,0,60
eng_Latn,54,1,4
eng_Latn,54,2,56
eng_Latn,54,3,21
eng_Latn,54,4,16
eng_Latn,54,5,20
eng_Latn,54,6,8
eng_Latn,55,0,60
eng_Latn,55,1,56
eng_Latn,55,2,54
eng_Latn,55,3,18
eng_Latn,55,4,21
eng_Latn,55,5,9
eng_Latn,55,6,18
eng_Latn,55,7,30
eng_Latn,55,8,30
eng_Latn,55,9,35
eng_Latn,55,10,34
bul_Cyrl,56,0,60
bul_Cyrl,56,1,13
bul_Cyrl,56,2,13
bul_Cyrl,56,3,13
bul_Cyrl,56,4,13
bul_Cyrl,56,5,13
bul_Cyrl,56,6,13
bul_Cyrl,56,7,13
bul_Cyrl,56,8,13
bul_Cyrl,56,9,13
bul_Cyrl,56,10,13
bul_Cyrl,56,11,13
bul_Cyrl,56,12,13
bul_Cyrl,56,13,13
bul_Cyrl,56,14,13
bul_Cyrl,56,15,13
bul_Cyrl,56,16,13
eng_Latn,57,0,60
eng_Latn,57,1,33
eng_Latn,57,2,33
eng_Latn,57,3,33
eng_Latn,57,4,33
eng_Latn,57,5,33
eng_Latn,57,6,63
eng_Latn,58,0,60
eng_Latn,58,1,46
eng_Latn,58,2,57
eng_Latn,58,3,34
eng_Latn,59,0,60
eng_Latn,59,1,46
eng_Latn,59,2,56
eng_Latn,59,3,21
eng_Latn,60,0,60
eng_Latn,60,1,15
eng_Latn,60,2,56
eng_Latn,60,3,63
eng_Latn,60,4,37
eng_Latn,61,0,60
eng_Latn,61,1,49
eng_Latn,61,2,5
eng_Latn,61,3,26
eng_Latn,62,0,60
eng_Latn,62,1,39
eng_Latn,62,2,40
eng_Latn,62,3,18
eng_Latn,62,4,51
eng_Latn,62,5,18
eng_Latn,62,6,53
eng_Latn,62,7,16
bul_Cyrl,63,0,60
bul_Cyrl,63,1,13
bul_Cyrl,63,2,13
bul_Cyrl,63,3,13
bul_Cyrl,63,4,13
bul_Cyrl,63,5,13
bul_Cyrl,63,6,19
bul_Cyrl,63,7,13
bul_Cyrl,63,8,13
bul_Cyrl,63,9,13
bul_Cyrl,63,10,13
bul_Cyrl,63,11,13
bul_Cyrl,63,12,13
bul_Cyrl,63,13,13
bul_Cyrl,63,14,13
bul_Cyrl,63,15,13
bul_Cyrl,63,16,13
eng_Latn,64,0,60
eng_Latn,64,1,29
eng_Latn,64,2,38
eng_Latn,64,3,57
eng_Latn,64,4,53
eng_Latn,64,5,61
eng_Latn,65,0,60
eng_Latn,65,1,37
eng_Latn,65,2,22
eng_Latn,65,3,26
eng_Latn,66,0,60
eng_Latn,66,1,53
eng_Latn,66,2,49
eng_Latn,67,0,60
eng_Latn,67,1,9
eng_Latn,67,2,17
eng_Latn,67,3,17
bul_Cyrl,68,0,60
bul_Cyrl,68,1,13
bul_Cyrl,68,2,13
bul_Cyrl,68,3,13
bul_Cyrl,68,4,13
bul_Cyrl,68,5,13
bul_Cyrl,68,6,13
bul_Cyrl,68,7,13
bul_Cyrl,68,8,61
bul_Cyrl,68,9,13
bul_Cyrl,68,10,13
bul_Cyrl,68,11,13
bul_Cyrl,68,12,13
bul_Cyrl,68,13,13
bul_Cyrl,68,14,13
bul_Cyrl,68,15,26
bul_Cyrl,68,16,27
bul_Cyrl,68,17,26
bul_Cyrl,68,18,13
eng_Latn,69,0,60
eng_Latn,69,1,22
eng_Latn,69,2,12
eng_Latn,69,3,47
eng_Latn,69,4,22
eng_Latn,69,5,52
eng_Latn,70,0,60
eng_Latn,70,1,39
eng_Latn,70,2,52
eng_Latn,70,3,52
eng_Latn,70,4,13
eng_Latn,70,5,52
eng_Latn,70,6,13
eng_Latn,71,0,60
eng_Latn,71,1,9
eng_Latn,71,2,22
eng_Latn,71,3,18
eng_Latn,71,4,20
eng_Latn,71,5,21
eng_Latn,71,6,57
eng_Latn,71,7,53
eng_Latn,71,8,37
eng_Latn,71,9,4
bul_Cyrl,72,0,60
bul_Cyrl,72,1,13
bul_Cyrl,72,2,13
bul_Cyrl,72,3,13
bul_Cyrl,72,4,13
bul_Cyrl,72,5,13
bul_Cyrl,72,6,13
bul_Cyrl,72,7,13
bul_Cyrl,72,8,13
bul_Cyrl,72,9,13
bul_Cyrl,72,10,13
bul_Cyrl,72,11,13
bul_Cyrl,72,12,13
bul_Cyrl,72,13,13
bul_Cyrl,72,14,13
bul_Cyrl,72,15,13
bul_Cyrl,72,16,13
bul_Cyrl,72,17,13
bul_Cyrl,72,18,13
bul_Cyrl,72,19,13
bul_Cyrl,72,20,13
bul_Cyrl,72,21,61
bul_Cyrl,72,22,13
bul_Cyrl,72,23,13
bul_Cyrl,72,24,13
eng_Latn,73,0,60
eng_Latn,73,1,15
eng_Latn,73,2,63
eng_Latn,73,3,30
eng_Latn,73,4,63
eng_Latn,73,5,63
eng_Latn,73,6,14
eng_Latn,73,7,14
eng_Latn,73,8,47
eng_Latn,74,0,60
eng_Latn,74,1,20
eng_Latn,74,2,57
eng_Latn,74,3,34
eng_Latn,75,0,60
eng_Latn,75,1,13
eng_Latn,75,2,13
eng_Latn,75,3,13
eng_Latn,75,4,12
eng_Latn,75,5,19
eng_Latn,75,6,47
eng_Latn,75,7,13
eng_Latn,75,8,13
eng_Latn,75,9,5
eng_Latn,75,10,13
eng_Latn,75,11,7
eng_Latn,76,0,60
eng_Latn,76,1,40
eng_Latn,76,2,5
eng_Latn,76,3,49
eng_Latn,76,4,5
eng_Latn,76,5,3
eng_Latn,76,6,57
eng_Latn,76,7,53
eng_Latn,76,8,37
eng_Latn,76,9,63
eng_Latn,77,0,60
eng_Latn,77,1,54
eng_Latn,77,2,54
eng_Latn,77,3,20
eng_Latn,77,4,10
eng_Latn,77,5,30
eng_Latn,77,6,30
eng_Latn,77,7,46
eng_Latn,78,0,60
eng_Latn,78,1,18
eng_Latn,78,2,22
eng_Latn,78,3,16
eng_Latn,78,4,51
eng_Latn,78,5,17
eng_Latn,78,6,56
eng_Latn,78,7,23
eng_Latn,78,8,56
eng_Latn,78,9,23
eng_Latn,79,0,60
eng_Latn,79,1,9
eng_Latn,79,2,22
eng_Latn,79,3,18
eng_Latn,79,4,53
eng_Latn,79,5,3
eng_Latn,79,6,34
bul_Cyrl,80,0,60
bul_Cyrl,80,1,13
bul_Cyrl,80,2,13
bul_Cyrl,80,3,13
bul_Cyrl,80,4,13
bul_Cyrl,80,5,13
bul_Cyrl,80,6,13
bul_Cyrl,80,7,13
bul_Cyrl,80,8,13
bul_Cyrl,80,9,13
bul_Cyrl,80,10,13
bul_Cyrl,80,11,13
bul_Cyrl,80,12,13
bul_Cyrl,80,13,13
bul_Cyrl,80,14,13
bul_Cyrl,80,15,13
bul_Cyrl,80,16,13
bul_Cyrl,80,17,13
bul_Cyrl,80,18,13
bul_Cyrl,80,19,13
bul_Cyrl,80,20,13
bul_Cyrl,80,21,13
bul_Cyrl,80,22,13
bul_Cyrl,80,23,13
bul_Cyrl,80,24,13
bul_Cyrl,80,25,13
bul_Cyrl,80,26,13
eng_Latn,81,0,60
eng_Latn,81,1,40
eng_Latn,81,2,49
eng_Latn,82,0,60
eng_Latn,82,1,22
eng_Latn,82,2,63
eng_Latn,82,3,22
eng_Latn,82,4,60
eng_Latn,82,5,58
eng_Latn,82,6,12
eng_Latn,82,7,47
eng_Latn,82,8,39
eng_Latn,82,9,47
eng_Latn,82,10,40
eng_Latn,83,0,60
eng_Latn,83,1,37
eng_Latn,83,2,22
eng_Latn,83,3,52
eng_Latn,84,0,60
eng_Latn,84,1,24
eng_Latn,84,2,22
eng_Latn,84,3,45
eng_Latn,84,4,37
eng_Latn,84,5,18
eng_Latn,84,6,16
eng_Latn,84,7,49
eng_Latn,84,8,53
eng_Latn,84,9,37
eng_Latn,84,10,46
eng_Latn,85,0,60
eng_Latn,85,1,9
eng_Latn,85,2,18
eng_Latn,85,3,18
eng_Latn,85,4,16
eng_Latn,85,5,0
eng_Latn,85,6,59
eng_Latn,85,7,24
eng_Latn,85,8,47
eng_Latn,85,9,47
eng_Latn,85,10,8
eng_Latn,86,0,60
eng_Latn,86,1,20
eng_Latn,86,2,41
eng_Latn,86,3,57
eng_Latn,86,4,45
eng_Latn,86,5,18
eng_Latn,86,6,23
eng_Latn,86,7,43
eng_Latn,86,8,20
eng_Latn,86,9,33
eng_Latn,86,10,24
eng_Latn,86,11,33
eng_Latn,86,12,33
eng_Latn,87,0,60
eng_Latn,87,1,16
eng_Latn,87,2,53
eng_Latn,87,3,24
eng_Latn,87,4,35
eng_Latn,87,5,4
eng_Latn,87,6,19
eng_Latn,87,7,47
eng_Latn,87,8,4
eng_Latn,88,0,60
eng_Latn,88,1,26
eng_Latn,88,2,5
eng_Latn,88,3,5
eng_Latn,88,4,18
eng_Latn,88,5,18
eng_Latn,88,6,53
eng_Latn,88,7,0
eng_Latn,88,8,16
eng_Latn,88,9,63
bul_Cyrl,89,0,60
bul_Cyrl,89,1,13
bul_Cyrl,89,2,13
bul_Cyrl,89,3,13
bul_Cyrl,89,4,13
bul_Cyrl,89,5,13
bul_Cyrl,89,6,13
bul_Cyrl,89,7,13
bul_Cyrl,89,8,13
bul_Cyrl,89,9,13
bul_Cyrl,89,10,13
bul_Cyrl,89,11,13
bul_Cyrl,89,12,13
bul_Cyrl,89,13,13
bul_Cyrl,89,14,13
bul_Cyrl,89,15,13
bul_Cyrl,89,16,13
bul_Cyrl,89,17,13
bul_Cyrl,89,18,13
bul_Cyrl,89,19,13
bul_Cyrl,89,20,13
bul_Cyrl,89,21,13
bul_Cyrl,89,22,13
eng_Latn,90,0,60
eng_Latn,90,1,22
eng_Latn,90,2,51
eng_Latn,90,3,46
eng_Latn,90,4,45
eng_Latn,90,5,46
eng_Latn,90,6,45
eng_Latn,90,7,51
eng_Latn,91,0,60
eng_Latn,91,1,19
eng_Latn,91,2,13
eng_Latn,91,3,5
eng_Latn,91,4,47
eng_Latn,92,0,60
eng_Latn,92,1,45
eng_Latn,92,2,46
eng_Latn,92,3,47
eng_Latn,92,4,23
eng_Latn,92,5,54
eng_Latn,92,6,63
eng_Latn,93,0,60
eng_Latn,93,1,61
eng_Latn,93,2,46
eng_Latn,93,3,48
eng_Latn,93,4,31
eng_Latn,93,5,52
eng_Latn,93,6,52
eng_Latn,93,7,19
eng_Latn,93,8,19
eng_Latn,93,9,3
eng_Latn,93,10,3
eng_Latn,93,11,57
eng_Latn,93,12,37
eng_Latn,93,13,52
eng_Latn,94,0,60
eng_Latn,94,1,20
eng_Latn,94,2,38
eng_Latn,94,3,35
eng_Latn,94,4,57
eng_Latn,94,5,52
eng_Latn,94,6,51
eng_Latn,95,0,60
eng_Latn,95,1,56
eng_Latn,95,2,56
eng_Latn,95,3,63
eng_Latn,95,4,53
eng_Latn,95,5,57
eng_Latn,95,6,23
eng_Latn,96,0,60
eng_Latn,96,1,37
eng_Latn,96,2,57
eng_Latn,96,3,53
eng_Latn,96,4,3
eng_Latn,96,5,47
eng_Latn,97,0,60
eng_Latn,97,1,22
eng_Latn,97,2,42
eng_Latn,97,3,38
eng_Latn,97,4,19
eng_Latn,97,5,8
eng_Latn,97,6,19
eng_Latn,97,7,8
eng_Latn,97,8,5
eng_Latn,97,9,51
eng_Latn,97,10,8
eng_Latn,97,11,8
eng_Latn,97,12,15
bul_Cyrl,98,0,60
bul_Cyrl,98,1,13
bul_Cyrl,98,2,13
bul_Cyrl,98,3,13
bul_Cyrl,98,4,13
bul_Cyrl,98,5,13
bul_Cyrl,98,6,47
bul_Cyrl,98,7,13
bul_Cyrl,98,8,13
bul_Cyrl,98,9,13
bul_Cyrl,98,10,13
bul_Cyrl,98,11,13
bul_Cyrl,98,12,13
bul_Cyrl,98,13,13
bul_Cyrl,98,14,47
bul_Cyrl,98,15,13
bul_Cyrl,98,16,13
bul_Cyrl,98,17,13
eng_Latn,99,0,60
eng_Latn,99,1,49
eng_Latn,99,2,42
eng_Latn,99,3,9
eng_Latn,99,4,18
eng_Latn,99,5,50
eng_Latn,99,6,20
eng_Latn,99,7,41
eng_Latn,99,8,46
eng_Latn,100,0,60
eng_Latn,100,1,9
eng_Latn,100,2,56
eng_Latn,100,3,35
eng_Latn,100,4,35
eng_Latn,100,5,57
eng_Latn,100,6,23
eng_Latn,100,7,46
eng_Latn,101,0,60
eng_Latn,101,1,40
eng_Latn,101,2,12
eng_Latn,101,3,22
eng_Latn,101,4,40
eng_Latn,101,5,49
eng_Latn,101,6,2
eng_Latn,101,7,37
eng_Latn,101,8,62
eng_Latn,101,9,37
eng_Latn,101,10,49
eng_Latn,101,11,49
eng_Latn,102,0,60
eng_Latn,102,1,9
eng_Latn,102,2,29
eng_Latn,102,3,17
eng_Latn,102,4,35
eng_Latn,102,5,18
eng_Latn,102,6,34
eng_Latn,103,0,60
eng_Latn,103,1,18
eng_Latn,103,2,56
eng_Latn,103,3,56
eng_Latn,103,4,35
eng_Latn,103,5,51
bul_Cyrl,104,0,60
bul_Cyrl,104,1,13
bul_Cyrl,104,2,13
bul_Cyrl,104,3,13
bul_Cyrl,104,4,13
bul_Cyrl,104,5,13
bul_Cyrl,104,6,13
bul_Cyrl,104,7,13
bul_Cyrl,104,8,13
bul_Cyrl,104,9,13
bul_Cyrl,104,10,13
bul_Cyrl,104,11,13
bul_Cyrl,104,12,13
bul_Cyrl,104,13,13
bul_Cyrl,104,14,13
bul_Cyrl,104,15,13
bul_Cyrl,104,16,13
bul_Cyrl,104,17,13
bul_Cyrl,104,18,13
bul_Cyrl,104,19,13
bul_Cyrl,104,20,13
bul_Cyrl,104,21,13
bul_Cyrl,104,22,13
eng_Latn,105,0,60
eng_Latn,105,1,22
eng_Latn,105,2,53
eng_Latn,105,3,46
eng_Latn,105,4,15
eng_Latn,106,0,60
eng_Latn,106,1,22
eng_Latn,106,2,24
eng_Latn,106,3,37
eng_Latn,106,4,24
eng_Latn,106,5,3
eng_Latn,107,0,60
eng_Latn,107,1,9
eng_Latn,107,2,22
eng_Latn,107,3,11
eng_Latn,107,4,61
eng_Latn,107,5,47
eng_Latn,107,6,40
eng_Latn,107,7,5
eng_Latn,107,8,40
eng_Latn,107,9,30
eng_Latn,107,10,49
eng_Latn,108,0,60
eng_Latn,108,1,49
eng_Latn,108,2,39
eng_Latn,109,0,60
eng_Latn,109,1,22
eng_Latn,109,2,9
eng_Latn,109,3,22
eng_Latn,109,4,63
eng_Latn,109,5,56
eng_Latn,109,6,57
eng_Latn,109,7,25
eng_Latn,109,8,8
bul_Cyrl,110,0,60
bul_Cyrl,110,1,13
bul_Cyrl,110,2,13
bul_Cyrl,110,3,13
bul_Cyrl,110,4,13
bul_Cyrl,110,5,13
bul_Cyrl,110,6,13
bul_Cyrl,110,7,13
bul_Cyrl,110,8,13
bul_Cyrl,110,9,9
bul_Cyrl,110,10,61
eng_Latn,111,0,60
eng_Latn,111,1,8
eng_Latn,111,2,8
eng_Latn,111,3,24
eng_Latn,111,4,47
eng_Latn,111,5,19
eng_Latn,111,6,37
eng_Latn,111,7,8
eng_Latn,111,8,19
eng_Latn,111,9,19
eng_Latn,111,10,8
eng_Latn,111,11,8
eng_Latn,111,12,54
eng_Latn,111,13,35
eng_Latn,111,14,46
bul_Cyrl,112,0,60
bul_Cyrl,112,1,13
bul_Cyrl,112,2,13
bul_Cyrl,112,3,13
bul_Cyrl,112,4,13
bul_Cyrl,112,5,13
bul_Cyrl,112,6,13
bul_Cyrl,112,7,13
bul_Cyrl,112,8,13
bul_Cyrl,112,9,13
bul_Cyrl,112,10,13
bul_Cyrl,112,11,13
bul_Cyrl,112,12,13
bul_Cyrl,112,13,13
bul_Cyrl,112,14,13
bul_Cyrl,112,15,13
bul_Cyrl,112,16,13
bul_Cyrl,112,17,13
bul_Cyrl,112,18,13
bul_Cyrl,112,19,13
bul_Cyrl,112,20,13
eng_Latn,113,0,60
eng_Latn,113,1,60
eng_Latn,113,2,61
eng_Latn,113,3,39
eng_Latn,113,4,7
eng_Latn,113,5,11
eng_Latn,113,6,35
eng_Latn,113,7,48
eng_Latn,113,8,56
eng_Latn,113,9,54
eng_Latn,113,10,35
eng_Latn,113,11,35
eng_Latn,113,12,51
eng_Latn,114,0,60
eng_Latn,114,1,40
eng_Latn,114,2,16
eng_Latn,114,3,51
eng_Latn,115,0,60
eng_Latn,115,1,49
eng_Latn,115,2,45
eng_Latn,115,3,17
eng_Latn,115,4,56
eng_Latn,115,5,21
eng_Latn,115,6,53
eng_Latn,115,7,37
eng_Latn,115,8,57
eng_Latn,115,9,21
bul_Cyrl,116,0,60
bul_Cyrl,116,1,13
bul_Cyrl,116,2,13
bul_Cyrl,116,3,13
bul_Cyrl,116,4,13
bul_Cyrl,116,5,13
bul_Cyrl,117,0,60
bul_Cyrl,117,1,13
bul_Cyrl,117,2,52
bul_Cyrl,117,3,13
bul_Cyrl,117,4,13
bul_Cyrl,117,5,13
bul_Cyrl,117,6,13
bul_Cyrl,117,7,13
bul_Cyrl,117,8,13
bul_Cyrl,117,9,13
bul_Cyrl,117,10,13
bul_Cyrl,117,11,13
bul_Cyrl,117,12,13
bul_Cyrl,117,13,13
bul_Cyrl,117,14,13
bul_Cyrl,117,15,13
bul_Cyrl,117,16,13
bul_Cyrl,117,17,13
bul_Cyrl,117,18,13
bul_Cyrl,117,19,13
bul_Cyrl,117,20,13
bul_Cyrl,117,21,13
eng_Latn,118,0,60
eng_Latn,118,1,22
eng_Latn,118,2,9
eng_Latn,118,3,9
eng_Latn,118,4,40
eng_Latn,118,5,51
eng_Latn,118,6,9
eng_Latn,118,7,9
eng_Latn,118,8,22
eng_Latn,118,9,9
eng_Latn,118,10,61
eng_Latn,118,11,22
eng_Latn,118,12,41
eng_Latn,118,13,34
eng_Latn,119,0,60
eng_Latn,119,1,9
eng_Latn,119,2,58
eng_Latn,119,3,52
eng_Latn,119,4,9
eng_Latn,119,5,19
eng_Latn,119,6,39
eng_Latn,119,7,5
eng_Latn,119,8,1
eng_Latn,120,0,60
eng_Latn,120,1,19
eng_Latn,120,2,40
eng_Latn,120,3,18
eng_Latn,120,4,14
eng_Latn,120,5,38
eng_Latn,120,6,40
eng_Latn,120,7,46
eng_Latn,120,8,47
eng_Latn,120,9,15
eng_Latn,120,10,12
eng_Latn,120,11,11
eng_Latn,120,12,19
eng_Latn,120,13,22
eng_Latn,121,0,60
eng_Latn,121,1,47
eng_Latn,121,2,7
eng_Latn,121,3,49
eng_Latn,121,4,22
eng_Latn,121,5,42
eng_Latn,121,6,19
eng_Latn,121,7,19
eng_Latn,121,8,26
eng_Latn,121,9,60
eng_Latn,122,0,60
eng_Latn,122,1,12
eng_Latn,122,2,11
eng_Latn,122,3,22
eng_Latn,122,4,52
eng_Latn,123,0,60
eng_Latn,123,1,17
eng_Latn,123,2,4
eng_Latn,123,3,38
eng_Latn,123,4,17
eng_Latn,124,0,60
eng_Latn,124,1,22
eng_Latn,124,2,30
eng_Latn,124,3,24
eng_Latn,124,4,30
eng_Latn,124,5,30
eng_Latn,124,6,54
eng_Latn,124,7,48
eng_Latn,124,8,56
eng_Latn,124,9,63
eng_Latn,124,10,30
eng_Latn,124,11,63
eng_Latn,125,0,60
eng_Latn,125,1,52
eng_Latn,125,2,52
eng_Latn,125,3,1
eng_Latn,125,4,13
eng_Latn,125,5,52
eng_Latn,125,6,60
eng_Latn,125,7,37
eng_Latn,125,8,52
eng_Latn,125,9,9
eng_Latn,125,10,9
eng_Latn,125,11,9
eng_Latn,125,12,22
eng_Latn,125,13,9
eng_Latn,125,14,58
eng_Latn,125,15,12
eng_Latn,125,16,4
eng_Latn,126,0,60
eng_Latn,126,1,56
eng_Latn,126,2,35
eng_Latn,126,3,35
eng_Latn,126,4,51
eng_Latn,127,0,60
eng_Latn,127,1,56
eng_Latn,127,2,16
eng_Latn,127,3,29
eng_Latn,127,4,41
eng_Latn,127,5,46
bul_Cyrl,128,0,60
bul_Cyrl,128,1,13
bul_Cyrl,128,2,13
bul_Cyrl,128,3,13
bul_Cyrl,128,4,13
bul_Cyrl,128,5,13
bul_Cyrl,128,6,13
bul_Cyrl,128,7,13
bul_Cyrl,128,8,13
bul_Cyrl,128,9,13
bul_Cyrl,128,10,13
bul_Cyrl,128,11,13
bul_Cyrl,128,12,13
bul_Cyrl,128,13,19
bul_Cyrl,128,14,13
bul_Cyrl,128,15,13
bul_Cyrl,128,16,13
eng_Latn,129,0,60
eng_Latn,129,1,18
eng_Latn,129,2,63
eng_Latn,129,3,63
eng_Latn,129,4,20
eng_Latn,129,5,14
eng_Latn,129,6,47
eng_Latn,130,0,60
eng_Latn,130,1,51
eng_Latn,130,2,26
eng_Latn,130,3,61
eng_Latn,130,4,49
bul_Cyrl,131,0,60
bul_Cyrl,131,1,13
bul_Cyrl,131,2,13
bul_Cyrl,131,3,13
bul_Cyrl,131,4,13
bul_Cyrl,131,5,13
bul_Cyrl,131,6,13
bul_Cyrl,131,7,13
bul_Cyrl,131,8,13
eng_Latn,132,0,60
eng_Latn,132,1,9
eng_Latn,132,2,54
eng_Latn,132,3,35
eng_Latn,132,4,52
eng_Latn,132,5,52
eng_Latn,132,6,57
eng_Latn,132,7,49
eng_Latn,132,8,54
eng_Latn,132,9,51
bul_Cyrl,133,0,60
bul_Cyrl,133,1,13
bul_Cyrl,133,2,13
bul_Cyrl,133,3,13
bul_Cyrl,133,4,13
bul_Cyrl,133,5,13
bul_Cyrl,133,6,13
bul_Cyrl,133,7,13
bul_Cyrl,133,8,13
bul_Cyrl,133,9,13
bul_Cyrl,133,10,13
bul_Cyrl,133,11,13
bul_Cyrl,133,12,19
bul_Cyrl,133,13,13
bul_Cyrl,133,14,13
bul_Cyrl,133,15,13
bul_Cyrl,133,16,13
bul_Cyrl,133,17,47
bul_Cyrl,133,18,13
eng_Latn,134,0,60
eng_Latn,134,1,46
eng_Latn,134,2,48
eng_Latn,134,3,2
eng_Latn,134,4,48
eng_Latn,134,5,56
eng_Latn,134,6,16
eng_Latn,134,7,51
eng_Latn,135,0,60
eng_Latn,135,1,57
eng_Latn,135,2,56
eng_Latn,135,3,53
eng_Latn,135,4,4
eng_Latn,135,5,34
eng_Latn,136,0,60
eng_Latn,136,1,61
eng_Latn,136,2,62
eng_Latn,136,3,35
eng_Latn,136,4,8
eng_Latn,136,5,50
eng_Latn,136,6,16
eng_Latn,136,7,20
eng_Latn,136,8,43
eng_Latn,136,9,15
bul_Cyrl,137,0,60
bul_Cyrl,137,1,13
bul_Cyrl,137,2,13
bul_Cyrl,137,3,12
bul_Cyrl,137,4,13
bul_Cyrl,137,5,13
bul_Cyrl,137,6,13
bul_Cyrl,137,7,13
bul_Cyrl,137,8,13
bul_Cyrl,137,9,13
eng_Latn,138,0,60
eng_Latn,138,1,9
eng_Latn,138,2,9
eng_Latn,138,3,18
eng_Latn,138,4,16
eng_Latn,138,5,20
eng_Latn,138,6,3
eng_Latn,138,7,3
eng_Latn,138,8,49
eng_Latn,139,0,60
eng_Latn,139,1,45
eng_Latn,139,2,45
eng_Latn,139,3,38
eng_Latn,139,4,52
eng_Latn,139,5,57
eng_Latn,139,6,17
eng_Latn,139,7,53
eng_Latn,139,8,40
eng_Latn,139,9,49
eng_Latn,140,0,60
eng_Latn,140,1,56
eng_Latn,140,2,51
eng_Latn,140,3,46
eng_Latn,140,4,51
eng_Latn,140,5,54
eng_Latn,140,6,2
eng_Latn,140,7,49
eng_Latn,140,8,19
eng_Latn,140,9,47
eng_Latn,140,10,21
bul_Cyrl,141,0,60
bul_Cyrl,141,1,13
bul_Cyrl,141,2,13
bul_Cyrl,141,3,13
bul_Cyrl,141,4,13
bul_Cyrl,141,5,13
bul_Cyrl,141,6,13
bul_Cyrl,141,7,13
bul_Cyrl,141,8,13
bul_Cyrl,141,9,13
bul_Cyrl,141,10,13
bul_Cyrl,141,11,13
bul_Cyrl,141,12,13
bul_Cyrl,141,13,13
bul_Cyrl,141,14,13
bul_Cyrl,141,15,13
bul_Cyrl,141,16,13
bul_Cyrl,141,17,13
bul_Cyrl,141,18,13
bul_Cyrl,141,19,47
bul_Cyrl,141,20,13
bul_Cyrl,141,21,13
eng_Latn,142,0,60
eng_Latn,142,1,19
eng_Latn,142,2,33
eng_Latn,142,3,40
eng_Latn,142,4,33
eng_Latn,142,5,40
eng_Latn,142,6,40
eng_Latn,142,7,33
eng_Latn,142,8,12
eng_Latn,142,9,49
bul_Cyrl,143,0,60
bul_Cyrl,143,1,13
bul_Cyrl,143,2,13
bul_Cyrl,143,3,13
bul_Cyrl,143,4,13
bul_Cyrl,143,5,13
bul_Cyrl,143,6,13
bul_Cyrl,143,7,13
bul_Cyrl,143,8,13
bul_Cyrl,143,9,13
bul_Cyrl,143,10,13
bul_Cyrl,143,11,13
bul_Cyrl,143,12,13
bul_Cyrl,143,13,26
bul_Cyrl,143,14,13
bul_Cyrl,143,15,13
bul_Cyrl,143,16,13
bul_Cyrl,143,17,13
eng_Latn,144,0,60
eng_Latn,144,1,45
eng_Latn,144,2,18
eng_Latn,144,3,21
eng_Latn,144,4,31
eng_Latn,144,5,3
eng_Latn,144,6,46
eng_Latn,145,0,60
eng_Latn,145,1,56
eng_Latn,145,2,56
eng_Latn,145,3,16
eng_Latn,145,4,53
eng_Latn,145,5,34
eng_Latn,145,6,57
eng_Latn,145,7,51
eng_Latn,146,0,60
eng_Latn,146,1,22
eng_Latn,147,0,60
eng_Latn,147,1,18
eng_Latn,147,2,61
eng_Latn,147,3,16
eng_Latn,147,4,18
eng_Latn,147,5,20
eng_Latn,147,6,30
eng_Latn,147,7,57
eng_Latn,147,8,20
eng_Latn,147,9,19
eng_Latn,147,10,51
eng_Latn,148,0,60
eng_Latn,148,1,1
eng_Latn,148,2,17
eng_Latn,148,3,1
eng_Latn,148,4,52
eng_Latn,148,5,52
eng_Latn,148,6,63
bul_Cyrl,149,0,60
bul_Cyrl,149,1,13
bul_Cyrl,149,2,13
bul_Cyrl,149,3,13
bul_Cyrl,149,4,13
bul_Cyrl,149,5,13
bul_Cyrl,149,6,13
bul_Cyrl,149,7,13
bul_Cyrl,149,8,13
bul_Cyrl,149,9,13
bul_Cyrl,149,10,13
bul_Cyrl,149,11,13
bul_Cyrl,149,12,13
eng_Latn,150,0,60
eng_Latn,150,1,46
eng_Latn,150,2,8
eng_Latn,150,3,8
eng_Latn,150,4,29
eng_Latn,150,5,19
eng_Latn,150,6,8
eng_Latn,150,7,21
eng_Latn,151,0,60
eng_Latn,151,1,40
eng_Latn,152,0,60
eng_Latn,152,1,12
eng_Latn,152,2,22
eng_Latn,152,3,24
eng_Latn,152,4,47
eng_Latn,152,5,52
eng_Latn,152,6,13
eng_Latn,152,7,13
eng_Latn,152,8,13
eng_Latn,152,9,1
eng_Latn,152,10,13
eng_Latn,152,11,52
eng_Latn,152,12,1
eng_Latn,152,13,58
eng_Latn,153,0,60
eng_Latn,153,1,9
eng_Latn,153,2,22
eng_Latn,153,3,22
eng_Latn,153,4,60
eng_Latn,153,5,12
eng_Latn,153,6,22
eng_Latn,153,7,63
eng_Latn,153,8,12
eng_Latn,153,9,61
eng_Latn,153,10,22
eng_Latn,154,0,60
eng_Latn,154,1,35
eng_Latn,154,2,9
eng_Latn,154,3,56
eng_Latn,154,4,41
eng_Latn,154,5,35
eng_Latn,154,6,35
eng_Latn,154,7,51
eng_Latn,155,0,60
eng_Latn,155,1,37
eng_Latn,155,2,34
eng_Latn,155,3,42
eng_Latn,155,4,22
eng_Latn,155,5,19
eng_Latn,155,6,63
eng_Latn,155,7,5
eng_Latn,155,8,47
bul_Cyrl,156,0,60
bul_Cyrl,156,1,13
bul_Cyrl,156,2,13
bul_Cyrl,156,3,13
bul_Cyrl,156,4,13
bul_Cyrl,156,5,13
bul_Cyrl,156,6,13
bul_Cyrl,156,7,13
bul_Cyrl,156,8,13
bul_Cyrl,156,9,13
bul_Cyrl,156,10,13
bul_Cyrl,156,11,13
bul_Cyrl,156,12,13
bul_Cyrl,156,13,13
bul_Cyrl,156,14,13
bul_Cyrl,156,15,13
bul_Cyrl,156,16,13
bul_Cyrl,156,17,13
bul_Cyrl,156,18,13
bul_Cyrl,157,0,60
bul_Cyrl,157,1,13
bul_Cyrl,157,2,13
bul_Cyrl,157,3,13
bul_Cyrl,157,4,13
bul_Cyrl,157,5,13
bul_Cyrl,157,6,13
bul_Cyrl,157,7,13
bul_Cyrl,157,8,13
bul_Cyrl,157,9,13
bul_Cyrl,157,10,13
bul_Cyrl,157,11,13
bul_Cyrl,157,12,13
bul_Cyrl,157,13,13
bul_Cyrl,157,14,13
bul_Cyrl,157,15,13
bul_Cyrl,157,16,13
bul_Cyrl,157,17,13
bul_Cyrl,157,18,13
bul_Cyrl,157,19,13
bul_Cyrl,157,20,13
bul_Cyrl,157,21,13
bul_Cyrl,157,22,13
bul_Cyrl,157,23,13
bul_Cyrl,158,0,60
bul_Cyrl,158,1,13
bul_Cyrl,158,2,13
bul_Cyrl,158,3,13
bul_Cyrl,158,4,13
bul_Cyrl,158,5,13
bul_Cyrl,158,6,13
bul_Cyrl,158,7,13
bul_Cyrl,158,8,13
bul_Cyrl,158,9,13
bul_Cyrl,158,10,13
bul_Cyrl,158,11,13
bul_Cyrl,158,12,13
bul_Cyrl,158,13,13
bul_Cyrl,158,14,13
bul_Cyrl,158,15,13
bul_Cyrl,158,16,13
bul_Cyrl,159,0,60
bul_Cyrl,159,1,13
bul_Cyrl,159,2,47
bul_Cyrl,159,3,13
bul_Cyrl,159,4,12
bul_Cyrl,159,5,52
eng_Latn,160,0,60
eng_Latn,160,1,57
eng_Latn,160,2,52
eng_Latn,160,3,52
eng_Latn,160,4,5
eng_Latn,160,5,15
eng_Latn,160,6,56
eng_Latn,160,7,1
eng_Latn,160,8,1
eng_Latn,160,9,14
eng_Latn,160,10,52
eng_Latn,161,0,60
eng_Latn,161,1,9
eng_Latn,161,2,22
eng_Latn,161,3,11
eng_Latn,161,4,40
eng_Latn,162,0,60
eng_Latn,162,1,33
eng_Latn,162,2,29
eng_Latn,162,3,33
eng_Latn,162,4,33
eng_Latn,162,5,33
eng_Latn,162,6,33
eng_Latn,162,7,57
eng_Latn,162,8,33
eng_Latn,162,9,46
eng_Latn,163,0,60
eng_Latn,163,1,17
eng_Latn,163,2,18
eng_Latn,163,3,20
eng_Latn,163,4,41
eng_Latn,163,5,56
eng_Latn,163,6,41
eng_Latn,163,7,33
eng_Latn,164,0,60
eng_Latn,164,1,40
eng_Latn,164,2,43
eng_Latn,164,3,57
eng_Latn,164,4,61
eng_Latn,164,5,31
eng_Latn,165,0,60
eng_Latn,165,1,54
eng_Latn,165,2,18
eng_Latn,165,3,18
eng_Latn,165,4,18
eng_Latn,165,5,16
eng_Latn,165,6,16
eng_Latn,165,7,34
eng_Latn,166,0,60
eng_Latn,166,1,31
eng_Latn,166,2,53
eng_Latn,166,3,8
eng_Latn,166,4,19
eng_Latn,166,5,42
eng_Latn,166,6,18
eng_Latn,166,7,16
eng_Latn,166,8,18
eng_Latn,166,9,0
eng_Latn,166,10,9
eng_Latn,166,11,0
eng_Latn,167,0,60
eng_Latn,167,1,22
eng_Latn,167,2,26
eng_Latn,167,3,49
eng_Latn,167,4,26
eng_Latn,167,5,26
eng_Latn,167,6,26
eng_Latn,167,7,49
eng_Latn,168,0,60
eng_Latn,168,1,49
eng_Latn,168,2,20
eng_Latn,168,3,37
eng_Latn,168,4,40
eng_Latn,168,5,5
eng_Latn,168,6,49
eng_Latn,169,0,60
eng_Latn,169,1,37
eng_Latn,169,2,14
eng_Latn,169,3,19
eng_Latn,170,0,60
eng_Latn,170,1,22
eng_Latn,170,2,52
eng_Latn,170,3,13
eng_Latn,170,4,52
eng_Latn,170,5,52
eng_Latn,171,0,60
eng_Latn,171,1,19
eng_Latn,171,2,22
eng_Latn,172,0,60
eng_Latn,172,1,52
eng_Latn,172,2,1
eng_Latn,172,3,52
eng_Latn,172,4,13
eng_Latn,172,5,52
eng_Latn,172,6,57
eng_Latn,172,7,33
eng_Latn,173,0,60
eng_Latn,173,1,14
eng_Latn,173,2,14
eng_Latn,173,3,35
eng_Latn,173,4,1
eng_Latn,173,5,52
eng_Latn,174,0,60
eng_Latn,174,1,9
eng_Latn,174,2,9
eng_Latn,174,3,31
eng_Latn,174,4,53
eng_Latn,174,5,51
eng_Latn,174,6,49
eng_Latn,174,7,34
eng_Latn,175,0,60
eng_Latn,175,1,49
eng_Latn,175,2,5
eng_Latn,175,3,19
eng_Latn,175,4,30
eng_Latn,175,5,49
eng_Latn,175,6,30
eng_Latn,175,7,49
bul_Cyrl,176,0,60
bul_Cyrl,176,1,13
bul_Cyrl,176,2,13
bul_Cyrl,176,3,13
bul_Cyrl,176,4,13
bul_Cyrl,176,5,13
bul_Cyrl,176,6,13
bul_Cyrl,176,7,13
bul_Cyrl,176,8,13
bul_Cyrl,176,9,13
bul_Cyrl,176,10,13
bul_Cyrl,176,11,13
bul_Cyrl,176,12,13
bul_Cyrl,176,13,13
bul_Cyrl,176,14,13
bul_Cyrl,176,15,13
bul_Cyrl,176,16,47
bul_Cyrl,176,17,13
bul_Cyrl,176,18,13
bul_Cyrl,176,19,13
eng_Latn,177,0,60
eng_Latn,177,1,56
eng_Latn,177,2,4
eng_Latn,177,3,41
eng_Latn,177,4,17
eng_Latn,178,0,60
eng_Latn,178,1,12
eng_Latn,178,2,19
eng_Latn,178,3,61
eng_Latn,178,4,39
eng_Latn,178,5,24
eng_Latn,179,0,60
eng_Latn,179,1,48
eng_Latn,179,2,41
eng_Latn,179,3,4
bul_Cyrl,180,0,60
bul_Cyrl,180,1,27
bul_Cyrl,180,2,49
bul_Cyrl,180,3,5
bul_Cyrl,180,4,13
bul_Cyrl,180,5,13
bul_Cyrl,180,6,13
bul_Cyrl,180,7,13
bul_Cyrl,180,8,13
bul_Cyrl,180,9,13
bul_Cyrl,180,10,13
bul_Cyrl,180,11,13
bul_Cyrl,180,12,13
bul_Cyrl,180,13,13
bul_Cyrl,180,14,13
bul_Cyrl,180,15,13
bul_Cyrl,180,16,13
bul_Cyrl,180,17,13
bul_Cyrl,180,18,13
bul_Cyrl,180,19,13
bul_Cyrl,180,20,13
bul_Cyrl,180,21,13
bul_Cyrl,180,22,13
bul_Cyrl,180,23,13
bul_Cyrl,180,24,13
bul_Cyrl,180,25,13
bul_Cyrl,180,26,13
bul_Cyrl,180,27,13
bul_Cyrl,180,28,13
bul_Cyrl,180,29,13
eng_Latn,181,0,60
eng_Latn,181,1,61
eng_Latn,181,2,13
eng_Latn,181,3,5
eng_Latn,181,4,26
eng_Latn,182,0,60
eng_Latn,182,1,22
eng_Latn,182,2,9
eng_Latn,182,3,9
eng_Latn,182,4,54
eng_Latn,182,5,61
eng_Latn,183,0,60
eng_Latn,183,1,37
eng_Latn,183,2,54
eng_Latn,183,3,26
eng_Latn,183,4,40
eng_Latn,183,5,5
eng_Latn,183,6,61
eng_Latn,183,7,50
eng_Latn,183,8,24
eng_Latn,183,9,61
eng_Latn,183,10,48
eng_Latn,183,11,22
eng_Latn,184,0,60
eng_Latn,184,1,29
eng_Latn,184,2,34
eng_Latn,184,3,35
eng_Latn,184,4,34
eng_Latn,185,0,60
eng_Latn,185,1,49
eng_Latn,185,2,49
eng_Latn,185,3,26
eng_Latn,185,4,12
eng_Latn,185,5,56
eng_Latn,185,6,63
eng_Latn,185,7,53
eng_Latn,185,8,3
eng_Latn,185,9,46
eng_Latn,185,10,5
eng_Latn,185,11,61
bul_Cyrl,186,0,60
bul_Cyrl,186,1,13
bul_Cyrl,186,2,13
bul_Cyrl,186,3,13
bul_Cyrl,186,4,13
bul_Cyrl,186,5,13
bul_Cyrl,186,6,13
bul_Cyrl,186,7,13
bul_Cyrl,186,8,13
bul_Cyrl,186,9,13
bul_Cyrl,186,10,13
bul_Cyrl,186,11,13
bul_Cyrl,186,12,13
bul_Cyrl,186,13,13
bul_Cyrl,186,14,13
eng_Latn,187,0,60
eng_Latn,187,1,22
eng_Latn,187,2,54
eng_Latn,187,3,54
eng_Latn,187,4,10
eng_Latn,187,5,16
eng_Latn,188,0,60
eng_Latn,188,1,7
eng_Latn,188,2,11
eng_Latn,188,3,53
eng_Latn,188,4,16
eng_Latn,188,5,6
eng_Latn,188,6,15
eng_Latn,188,7,45
eng_Latn,188,8,63
bul_Cyrl,189,0,60
bul_Cyrl,189,1,13
bul_Cyrl,189,2,13
bul_Cyrl,189,3,13
bul_Cyrl,189,4,13
bul_Cyrl,189,5,13
bul_Cyrl,189,6,13
bul_Cyrl,189,7,13
bul_Cyrl,189,8,13
bul_Cyrl,189,9,13
bul_Cyrl,189,10,13
bul_Cyrl,189,11,13
bul_Cyrl,189,12,13
bul_Cyrl,189,13,13
bul_Cyrl,189,14,13
bul_Cyrl,189,15,13
bul_Cyrl,189,16,13
bul_Cyrl,189,17,13
bul_Cyrl,189,18,13
bul_Cyrl,189,19,13
bul_Cyrl,189,20,13
bul_Cyrl,189,21,13
bul_Cyrl,189,22,22
eng_Latn,190,0,60
eng_Latn,190,1,54
eng_Latn,190,2,56
eng_Latn,190,3,56
eng_Latn,190,4,19
eng_Latn,190,5,19
eng_Latn,190,6,16
eng_Latn,191,0,60
eng_Latn,191,1,41
eng_Latn,192,0,60
eng_Latn,192,1,9
eng_Latn,192,2,40
eng_Latn,192,3,1
eng_Latn,192,4,8
eng_Latn,192,5,49
eng_Latn,192,6,49
eng_Latn,192,7,37
eng_Latn,192,8,54
eng_Latn,192,9,18
eng_Latn,192,10,2
eng_Latn,193,0,60
eng_Latn,193,1,49
eng_Latn,193,2,24
eng_Latn,193,3,47
eng_Latn,193,4,39
eng_Latn,194,0,60
eng_Latn,194,1,48
eng_Latn,194,2,56
eng_Latn,194,3,63
eng_Latn,194,4,58
eng_Latn,194,5,58
eng_Latn,194,6,58
eng_Latn,194,7,6
bul_Cyrl,195,0,60
bul_Cyrl,195,1,13
bul_Cyrl,195,2,13
bul_Cyrl,195,3,13
bul_Cyrl,195,4,13
bul_Cyrl,195,5,13
bul_Cyrl,195,6,13
bul_Cyrl,195,7,13
bul_Cyrl,195,8,13
bul_Cyrl,195,9,13
bul_Cyrl,195,10,13
bul_Cyrl,195,11,13
bul_Cyrl,195,12,13
bul_Cyrl,195,13,13
bul_Cyrl,195,14,13
bul_Cyrl,195,15,13
bul_Cyrl,195,16,13
bul_Cyrl,195,17,13
bul_Cyrl,195,18,13
bul_Cyrl,195,19,13
eng_Latn,196,0,60
eng_Latn,196,1,57
eng_Latn,196,2,45
eng_Latn,196,3,15
eng_Latn,196,4,10
eng_Latn,196,5,18
eng_Latn,196,6,16
eng_Latn,196,7,56
eng_Latn,196,8,57
bul_Cyrl,197,0,60
bul_Cyrl,197,1,13
bul_Cyrl,197,2,13
bul_Cyrl,197,3,13
bul_Cyrl,197,4,13
bul_Cyrl,197,5,13
bul_Cyrl,197,6,13
bul_Cyrl,197,7,19
bul_Cyrl,197,8,13
bul_Cyrl,197,9,13
bul_Cyrl,197,10,13
bul_Cyrl,197,11,13
bul_Cyrl,197,12,13
bul_Cyrl,197,13,13
bul_Cyrl,197,14,13
bul_Cyrl,197,15,13
bul_Cyrl,197,16,13
bul_Cyrl,197,17,13
bul_Cyrl,197,18,47
bul_Cyrl,197,19,13
bul_Cyrl,198,0,60
bul_Cyrl,198,1,13
bul_Cyrl,198,2,13
bul_Cyrl,198,3,13
bul_Cyrl,198,4,13
bul_Cyrl,198,5,13
bul_Cyrl,198,6,13
bul_Cyrl,198,7,13
bul_Cyrl,198,8,13
bul_Cyrl,198,9,13
bul_Cyrl,198,10,52
bul_Cyrl,199,0,60
bul_Cyrl,199,1,13
bul_Cyrl,199,2,13
bul_Cyrl,199,3,13
bul_Cyrl,199,4,13
bul_Cyrl,199,5,13
bul_Cyrl,199,6,13
bul_Cyrl,199,7,13
bul_Cyrl,199,8,13
bul_Cyrl,199,9,13
bul_Cyrl,199,10,13
bul_Cyrl,199,11,13
bul_Cyrl,199,12,13
bul_Cyrl,199,13,13
bul_Cyrl,199,14,13
bul_Cyrl,199,15,13
bul_Cyrl,199,16,13
bul_Cyrl,199,17,13
bul_Cyrl,199,18,13
bul_Cyrl,199,19,13
bul_Cyrl,199,20,13
bul_Cyrl,199,21,13
bul_Cyrl,199,22,13
bul_Cyrl,199,23,19
bul_Cyrl,199,24,19
bul_Cyrl,199,25,13
eng_Latn,200,0,60
eng_Latn,200,1,17
eng_Latn,200,2,17
eng_Latn,200,3,20
eng_Latn,200,4,15
eng_Latn,200,5,48
eng_Latn,201,0,60
eng_Latn,201,1,15
eng_Latn,201,2,16
eng_Latn,201,3,43
eng_Latn,201,4,46
eng_Latn,201,5,63
eng_Latn,201,6,43
eng_Latn,201,7,49
bul_Cyrl,202,0,60
bul_Cyrl,202,1,13
bul_Cyrl,202,2,1
bul_Cyrl,202,3,13
bul_Cyrl,202,4,13
bul_Cyrl,202,5,13
bul_Cyrl,202,6,13
bul_Cyrl,202,7,13
bul_Cyrl,202,8,13
bul_Cyrl,202,9,13
bul_Cyrl,202,10,13
eng_Latn,203,0,60
eng_Latn,203,1,12
eng_Latn,203,2,42
eng_Latn,203,3,22
eng_Latn,203,4,27
eng_Latn,203,5,49
eng_Latn,203,6,9
eng_Latn,203,7,40
eng_Latn,204,0,60
eng_Latn,204,1,19
eng_Latn,204,2,22
eng_Latn,204,3,22
eng_Latn,204,4,52
eng_Latn,204,5,49
eng_Latn,204,6,9
eng_Latn,204,7,37
eng_Latn,204,8,57
eng_Latn,204,9,8
bul_Cyrl,205,0,60
bul_Cyrl,205,1,13
bul_Cyrl,205,2,13
bul_Cyrl,205,3,13
bul_Cyrl,205,4,13
bul_Cyrl,205,5,13
bul_Cyrl,205,6,13
bul_Cyrl,205,7,13
bul_Cyrl,205,8,13
bul_Cyrl,205,9,13
bul_Cyrl,205,10,13
bul_Cyrl,205,11,13
bul_Cyrl,205,12,13
bul_Cyrl,205,13,13
bul_Cyrl,205,14,13
bul_Cyrl,205,15,13
bul_Cyrl,205,16,13
bul_Cyrl,205,17,13
bul_Cyrl,205,18,13
bul_Cyrl,205,19,13
bul_Cyrl,205,20,13
bul_Cyrl,205,21,13
eng_Latn,206,0,60
eng_Latn,206,1,22
eng_Latn,206,2,34
eng_Latn,206,3,42
eng_Latn,206,4,18
eng_Latn,206,5,41
eng_Latn,206,6,41
eng_Latn,206,7,35
eng_Latn,206,8,19
eng_Latn,206,9,46
eng_Latn,206,10,34
bul_Cyrl,207,0,60
bul_Cyrl,207,1,13
bul_Cyrl,207,2,13
bul_Cyrl,207,3,13
bul_Cyrl,207,4,13
bul_Cyrl,207,5,13
bul_Cyrl,207,6,13
bul_Cyrl,207,7,13
bul_Cyrl,207,8,7
eng_Latn,208,0,60
eng_Latn,208,1,52
eng_Latn,208,2,57
eng_Latn,208,3,57
eng_Latn,208,4,12
eng_Latn,208,5,1
eng_Latn,208,6,19
eng_Latn,208,7,15
eng_Latn,208,8,56
eng_Latn,208,9,19
eng_Latn,208,10,52
eng_Latn,208,11,3
eng_Latn,208,12,3
eng_Latn,208,13,57
eng_Latn,208,14,46
eng_Latn,209,0,60
eng_Latn,209,1,56
eng_Latn,209,2,54
eng_Latn,209,3,38
eng_Latn,209,4,15
eng_Latn,209,5,48
eng_Latn,209,6,17
eng_Latn,209,7,48
eng_Latn,209,8,56
eng_Latn,209,9,16
bul_Cyrl,210,0,60
bul_Cyrl,210,1,13
bul_Cyrl,210,2,13
bul_Cyrl,210,3,9
bul_Cyrl,210,4,13
bul_Cyrl,210,5,13
bul_Cyrl,210,6,13
bul_Cyrl,210,7,13
bul_Cyrl,210,8,13
bul_Cyrl,210,9,13
bul_Cyrl,210,10,13
bul_Cyrl,210,11,13
bul_Cyrl,210,12,13
bul_Cyrl,210,13,13
bul_Cyrl,210,14,13
bul_Cyrl,210,15,13
bul_Cyrl,210,16,52
bul_Cyrl,210,17,13
bul_Cyrl,210,18,13
bul_Cyrl,210,19,13
bul_Cyrl,210,20,13
bul_Cyrl,210,21,13
bul_Cyrl,210,22,13
bul_Cyrl,210,23,13
bul_Cyrl,210,24,13
bul_Cyrl,210,25,13
bul_Cyrl,210,26,52
bul_Cyrl,210,27,13
eng_Latn,211,0,60
eng_Latn,211,1,57
eng_Latn,211,2,45
eng_Latn,211,3,46
eng_Latn,211,4,17
eng_Latn,211,5,56
eng_Latn,211,6,35
eng_Latn,211,7,35
eng_Latn,211,8,34
eng_Latn,212,0,60
eng_Latn,212,1,22
eng_Latn,212,2,16
eng_Latn,212,3,20
eng_Latn,212,4,41
eng_Latn,212,5,34
eng_Latn,212,6,34
eng_Latn,213,0,60
eng_Latn,213,1,18
eng_Latn,213,2,56
eng_Latn,213,3,19
eng_Latn,213,4,1
eng_Latn,213,5,19
eng_Latn,213,6,15
eng_Latn,214,0,60
eng_Latn,214,1,57
eng_Latn,214,2,15
eng_Latn,214,3,48
eng_Latn,214,4,16
eng_Latn,215,0,60
eng_Latn,215,1,37
eng_Latn,215,2,52
eng_Latn,215,3,26
eng_Latn,215,4,39
eng_Latn,215,5,19
eng_Latn,215,6,19
eng_Latn,215,7,49
eng_Latn,215,8,12
eng_Latn,215,9,26
eng_Latn,215,10,61
eng_Latn,215,11,7
eng_Latn,216,0,60
eng_Latn,216,1,9
eng_Latn,216,2,27
eng_Latn,216,3,47
eng_Latn,216,4,26
eng_Latn,216,5,42
eng_Latn,216,6,61
eng_Latn,216,7,26
eng_Latn,216,8,60
eng_Latn,217,0,60
eng_Latn,217,1,34
eng_Latn,217,2,56
eng_Latn,217,3,34
eng_Latn,217,4,20
eng_Latn,217,5,34
eng_Latn,218,0,60
eng_Latn,218,1,22
eng_Latn,218,2,47
eng_Latn,218,3,40
eng_Latn,218,4,49
eng_Latn,219,0,60
eng_Latn,219,1,63
eng_Latn,219,2,56
eng_Latn,219,3,63
eng_Latn,219,4,43
eng_Latn,219,5,22
eng_Latn,219,6,28
eng_Latn,220,0,60
eng_Latn,220,1,39
eng_Latn,220,2,5
eng_Latn,220,3,35
eng_Latn,220,4,18
eng_Latn,220,5,14
eng_Latn,220,6,18
eng_Latn,220,7,14
eng_Latn,220,8,14
eng_Latn,220,9,47
eng_Latn,221,0,60
eng_Latn,221,1,51
eng_Latn,221,2,29
eng_Latn,221,3,41
eng_Latn,221,4,29
eng_Latn,221,5,29
eng_Latn,221,6,8
eng_Latn,221,7,57
eng_Latn,222,0,60
eng_Latn,222,1,9
eng_Latn,222,2,9
eng_Latn,222,3,31
eng_Latn,222,4,51
eng_Latn,222,5,54
eng_Latn,222,6,18
eng_Latn,222,7,4
eng_Latn,222,8,61
eng_Latn,222,9,47
eng_Latn,222,10,34
eng_Latn,222,11,53
eng_Latn,222,12,34
eng_Latn,223,0,60
eng_Latn,223,1,29
eng_Latn,223,2,38
eng_Latn,223,3,34
eng_Latn,223,4,54
eng_Latn,223,5,18
eng_Latn,223,6,53
eng_Latn,223,7,34
eng_Latn,223,8,34
eng_Latn,224,0,60
eng_Latn,224,1,22
eng_Latn,224,2,22
eng_Latn,224,3,22
eng_Latn,224,4,58
eng_Latn,225,0,60
eng_Latn,225,1,29
eng_Latn,225,2,22
eng_Latn,225,3,34
eng_Latn,225,4,34
eng_Latn,225,5,12
eng_Latn,225,6,58
eng_Latn,225,7,24
eng_Latn,225,8,61
eng_Latn,226,0,60
eng_Latn,226,1,22
eng_Latn,226,2,22
eng_Latn,226,3,12
eng_Latn,226,4,22
eng_Latn,226,5,22
eng_Latn,226,6,60
eng_Latn,226,7,22
eng_Latn,226,8,40
eng_Latn,227,0,60
eng_Latn,227,1,31
eng_Latn,227,2,8
eng_Latn,228,0,60
eng_Latn,228,1,22
eng_Latn,228,2,50
eng_Latn,228,3,56
eng_Latn,228,4,51
eng_Latn,228,5,42
eng_Latn,228,6,42
eng_Latn,228,7,35
eng_Latn,228,8,9
eng_Latn,228,9,17
eng_Latn,228,10,4
bul_Cyrl,229,0,60
bul_Cyrl,229,1,13
bul_Cyrl,229,2,13
bul_Cyrl,229,3,13
bul_Cyrl,229,4,13
bul_Cyrl,229,5,13
bul_Cyrl,229,6,13
bul_Cyrl,229,7,13
bul_Cyrl,229,8,13
eng_Latn,230,0,60
eng_Latn,230,1,15
eng_Latn,230,2,18
eng_Latn,230,3,63
eng_Latn,230,4,37
eng_Latn,231,0,60
eng_Latn,231,1,12
eng_Latn,231,2,26
eng_Latn,231,3,19
eng_Latn,231,4,49
eng_Latn,231,5,1
eng_Latn,231,6,52
eng_Latn,231,7,62
bul_Cyrl,232,0,60
bul_Cyrl,232,1,13
bul_Cyrl,232,2,13
bul_Cyrl,232,3,13
bul_Cyrl,232,4,13
bul_Cyrl,232,5,13
bul_Cyrl,232,6,13
bul_Cyrl,232,7,61
bul_Cyrl,232,8,13
bul_Cyrl,232,9,13
bul_Cyrl,232,10,13
bul_Cyrl,232,11,13
bul_Cyrl,232,12,13
bul_Cyrl,232,13,13
bul_Cyrl,232,14,13
eng_Latn,233,0,60
eng_Latn,233,1,46
eng_Latn,233,2,46
eng_Latn,233,3,24
eng_Latn,233,4,61
eng_Latn,233,5,57
eng_Latn,233,6,50
eng_Latn,233,7,50
eng_Latn,233,8,4
eng_Latn,233,9,4
eng_Latn,233,10,22
eng_Latn,233,11,51
bul_Cyrl,234,0,60
bul_Cyrl,234,1,13
bul_Cyrl,234,2,13
bul_Cyrl,234,3,13
bul_Cyrl,234,4,13
bul_Cyrl,234,5,13
bul_Cyrl,234,6,13
bul_Cyrl,234,7,13
bul_Cyrl,234,8,13
bul_Cyrl,234,9,13
bul_Cyrl,234,10,13
bul_Cyrl,234,11,13
bul_Cyrl,234,12,13
bul_Cyrl,234,13,13
bul_Cyrl,234,14,13
bul_Cyrl,234,15,13
bul_Cyrl,234,16,13
bul_Cyrl,234,17,13
bul_Cyrl,234,18,13
bul_Cyrl,234,19,13
bul_Cyrl,234,20,13
bul_Cyrl,234,21,19
bul_Cyrl,234,22,13
bul_Cyrl,235,0,60
bul_Cyrl,235,1,13
bul_Cyrl,235,2,13
bul_Cyrl,235,3,13
bul_Cyrl,235,4,13
bul_Cyrl,235,5,13
bul_Cyrl,235,6,13
bul_Cyrl,235,7,13
bul_Cyrl,235,8,13
bul_Cyrl,235,9,13
bul_Cyrl,235,10,13
bul_Cyrl,235,11,13
bul_Cyrl,235,12,13
bul_Cyrl,235,13,13
bul_Cyrl,235,14,13
bul_Cyrl,235,15,13
bul_Cyrl,235,16,13
bul_Cyrl,235,17,13
bul_Cyrl,235,18,13
bul_Cyrl,235,19,13
eng_Latn,236,0,60
eng_Latn,236,1,49
eng_Latn,236,2,46
eng_Latn,236,3,61
eng_Latn,236,4,33
eng_Latn,237,0,60
eng_Latn,237,1,40
eng_Latn,237,2,46
eng_Latn,237,3,18
eng_Latn,238,0,60
eng_Latn,238,1,13
eng_Latn,238,2,6
eng_Latn,238,3,9
eng_Latn,238,4,39
eng_Latn,238,5,40
eng_Latn,238,6,43
eng_Latn,238,7,37
eng_Latn,238,8,57
eng_Latn,238,9,52
eng_Latn,238,10,37
eng_Latn,238,11,52
eng_Latn,239,0,60
eng_Latn,239,1,20
eng_Latn,239,2,20
eng_Latn,239,3,34
eng_Latn,239,4,9
eng_Latn,239,5,20
eng_Latn,239,6,14
eng_Latn,239,7,47
eng_Latn,240,0,60
eng_Latn,240,1,9
eng_Latn,240,2,29
eng_Latn,240,3,54
eng_Latn,240,4,38
eng_Latn,240,5,46
eng_Latn,240,6,17
eng_Latn,240,7,17
eng_Latn,240,8,16
eng_Latn,240,9,16
eng_Latn,240,10,57
eng_Latn,240,11,34
bul_Cyrl,241,0,60
bul_Cyrl,241,1,13
bul_Cyrl,241,2,13
bul_Cyrl,241,3,47
bul_Cyrl,241,4,13
bul_Cyrl,241,5,13
bul_Cyrl,241,6,13
bul_Cyrl,241,7,13
bul_Cyrl,241,8,13
bul_Cyrl,241,9,13
bul_Cyrl,241,10,13
bul_Cyrl,241,11,13
bul_Cyrl,241,12,47
bul_Cyrl,241,13,13
bul_Cyrl,241,14,19
bul_Cyrl,241,15,27
bul_Cyrl,241,16,27
bul_Cyrl,241,17,27
bul_Cyrl,241,18,27
bul_Cyrl,241,19,7
bul_Cyrl,241,20,13
bul_Cyrl,241,21,52
eng_Latn,242,0,60
eng_Latn,242,1,22
eng_Latn,242,2,46
eng_Latn,242,3,60
eng_Latn,242,4,57
eng_Latn,242,5,5
eng_Latn,242,6,40
eng_Latn,242,7,18
eng_Latn,242,8,5
eng_Latn,242,9,47
eng_Latn,243,0,60
eng_Latn,243,1,6
eng_Latn,243,2,56
eng_Latn,243,3,63
eng_Latn,243,4,43
eng_Latn,243,5,63
eng_Latn,244,0,60
eng_Latn,244,1,52
eng_Latn,244,2,57
eng_Latn,244,3,3
eng_Latn,244,4,3
eng_Latn,244,5,40
eng_Latn,244,6,19
eng_Latn,244,7,3
eng_Latn,245,0,60
eng_Latn,245,1,22
eng_Latn,245,2,34
eng_Latn,245,3,22
eng_Latn,245,4,38
eng_Latn,245,5,34
eng_Latn,246,0,60
eng_Latn,246,1,50
eng_Latn,246,2,16
eng_Latn,247,0,60
eng_Latn,247,1,47
eng_Latn,247,2,49
eng_Latn,247,3,26
eng_Latn,247,4,26
eng_Latn,247,5,26
eng_Latn,247,6,1
eng_Latn,248,0,60
eng_Latn,248,1,31
eng_Latn,248,2,9
eng_Latn,248,3,18
eng_Latn,248,4,34
eng_Latn,248,5,18
eng_Latn,248,6,20
eng_Latn,248,7,41
eng_Latn,248,8,34
eng_Latn,248,9,18
eng_Latn,248,10,34
bul_Cyrl,249,0,60
bul_Cyrl,249,1,13
bul_Cyrl,249,2,13
bul_Cyrl,249,3,13
bul_Cyrl,249,4,47
bul_Cyrl,249,5,13
bul_Cyrl,249,6,13
bul_Cyrl,249,7,51
bul_Cyrl,249,8,13
bul_Cyrl,249,9,13
bul_Cyrl,249,10,13
bul_Cyrl,249,11,13
bul_Cyrl,249,12,13
bul_Cyrl,249,13,13
bul_Cyrl,249,14,13
bul_Cyrl,249,15,13
bul_Cyrl,249,16,13
bul_Cyrl,249,17,13
bul_Cyrl,249,18,13
bul_Cyrl,249,19,13
bul_Cyrl,249,20,13
bul_Cyrl,249,21,13
bul_Cyrl,249,22,13
bul_Cyrl,249,23,13
bul_Cyrl,249,24,13
bul_Cyrl,249,25,13
eng_Latn,250,0,60
eng_Latn,250,1,57
eng_Latn,250,2,24
eng_Latn,250,3,19
eng_Latn,250,4,8
eng_Latn,250,5,50
eng_Latn,250,6,20
eng_Latn,250,7,1
eng_Latn,250,8,1
eng_Latn,250,9,49
eng_Latn,250,10,1
eng_Latn,250,11,26
eng_Latn,251,0,60
eng_Latn,251,1,29
eng_Latn,251,2,54
eng_Latn,251,3,50
eng_Latn,251,4,50
eng_Latn,251,5,50
eng_Latn,252,0,60
eng_Latn,252,1,9
eng_Latn,252,2,31
eng_Latn,252,3,54
eng_Latn,252,4,61
eng_Latn,253,0,60
eng_Latn,253,1,17
eng_Latn,253,2,32
eng_Latn,253,3,56
eng_Latn,253,4,38
eng_Latn,253,5,35
eng_Latn,253,6,57
eng_Latn,253,7,0
eng_Latn,253,8,19
eng_Latn,253,9,62
eng_Latn,253,10,4
eng_Latn,254,0,60
eng_Latn,254,1,16
eng_Latn,254,2,16
eng_Latn,254,3,53
eng_Latn,254,4,43
eng_Latn,254,5,21
eng_Latn,254,6,21
eng_Latn,254,7,50
eng_Latn,254,8,0
eng_Latn,254,9,35
eng_Latn,254,10,57
eng_Latn,254,11,21
eng_Latn,255,0,60
eng_Latn,255,1,19
eng_Latn,255,2,56
eng_Latn,255,3,56
eng_Latn,255,4,16
eng_Latn,255,5,31
eng_Latn,255,6,24
eng_Latn,255,7,34
eng_Latn,256,0,60
eng_Latn,256,1,45
eng_Latn,256,2,20
eng_Latn,256,3,0
eng_Latn,256,4,53
eng_Latn,256,5,41
eng_Latn,256,6,21
eng_Latn,256,7,51
eng_Latn,257,0,60
eng_Latn,257,1,12
eng_Latn,257,2,22
eng_Latn,257,3,22
eng_Latn,257,4,35
eng_Latn,257,5,51
eng_Latn,258,0,60
eng_Latn,258,1,52
eng_Latn,258,2,53
eng_Latn,258,3,38
eng_Latn,258,4,52
eng_Latn,258,5,34
eng_Latn,258,6,61
eng_Latn,258,7,16
eng_Latn,258,8,35
eng_Latn,258,9,19
eng_Latn,258,10,15
bul_Cyrl,259,0,60
bul_Cyrl,259,1,13
bul_Cyrl,259,2,13
bul_Cyrl,259,3,13
bul_Cyrl,259,4,13
bul_Cyrl,259,5,13
bul_Cyrl,259,6,13
bul_Cyrl,259,7,13
bul_Cyrl,259,8,13
bul_Cyrl,259,9,13
bul_Cyrl,259,10,13
bul_Cyrl,259,11,13
bul_Cyrl,259,12,13
bul_Cyrl,259,13,13
bul_Cyrl,259,14,13
bul_Cyrl,259,15,13
bul_Cyrl,259,16,13
bul_Cyrl,259,17,13
bul_Cyrl,259,18,13
bul_Cyrl,259,19,13
bul_Cyrl,259,20,13
bul_Cyrl,259,21,13
bul_Cyrl,259,22,13
eng_Latn,260,0,60
eng_Latn,260,1,12
eng_Latn,260,2,42
eng_Latn,260,3,19
eng_Latn,260,4,22
eng_Latn,260,5,49
eng_Latn,260,6,9
eng_Latn,260,7,19
eng_Latn,260,8,8
eng_Latn,261,0,60
eng_Latn,261,1,38
eng_Latn,261,2,15
eng_Latn,261,3,56
eng_Latn,261,4,32
eng_Latn,261,5,4
eng_Latn,261,6,18
eng_Latn,261,7,50
eng_Latn,261,8,49
eng_Latn,262,0,60
eng_Latn,262,1,46
eng_Latn,262,2,5
eng_Latn,262,3,54
eng_Latn,262,4,48
eng_Latn,262,5,8
eng_Latn,262,6,15
eng_Latn,262,7,48
eng_Latn,262,8,56
eng_Latn,262,9,34
eng_Latn,262,10,34
eng_Latn,263,0,60
eng_Latn,263,1,56
eng_Latn,263,2,51
eng_Latn,263,3,51
eng_Latn,263,4,17
eng_Latn,263,5,35
eng_Latn,263,6,47
eng_Latn,263,7,47
eng_Latn,263,8,46
eng_Latn,264,0,60
eng_Latn,264,1,12
eng_Latn,264,2,42
eng_Latn,264,3,19
eng_Latn,264,4,22
eng_Latn,264,5,26
eng_Latn,264,6,26
eng_Latn,264,7,49
eng_Latn,264,8,9
eng_Latn,264,9,39
eng_Latn,264,10,22
eng_Latn,265,0,60
eng_Latn,265,1,11
eng_Latn,265,2,61
eng_Latn,265,3,39
eng_Latn,265,4,5
eng_Latn,265,5,61
bul_Cyrl,266,0,60
bul_Cyrl,266,1,13
bul_Cyrl,266,2,19
bul_Cyrl,266,3,13
bul_Cyrl,266,4,13
bul_Cyrl,266,5,13
bul_Cyrl,266,6,13
bul_Cyrl,266,7,13
bul_Cyrl,266,8,13
bul_Cyrl,266,9,13
bul_Cyrl,266,10,13
bul_Cyrl,266,11,13
bul_Cyrl,266,12,13
bul_Cyrl,266,13,13
bul_Cyrl,266,14,13
eng_Latn,267,0,60
eng_Latn,267,1,22
eng_Latn,267,2,60
eng_Latn,267,3,9
eng_Latn,267,4,26
eng_Latn,267,5,26
eng_Latn,267,6,49
eng_Latn,267,7,27
eng_Latn,267,8,27
eng_Latn,267,9,27
eng_Latn,267,10,7
eng_Latn,268,0,60
eng_Latn,268,1,20
eng_Latn,268,2,62
eng_Latn,268,3,46
eng_Latn,269,0,60
eng_Latn,269,1,54
eng_Latn,269,2,40
bul_Cyrl,270,0,60
bul_Cyrl,270,1,19
bul_Cyrl,270,2,39
eng_Latn,271,0,60
eng_Latn,271,1,52
eng_Latn,271,2,1
eng_Latn,271,3,22
eng_Latn,271,4,12
eng_Latn,271,5,54
eng_Latn,271,6,24
eng_Latn,271,7,46
eng_Latn,271,8,46
eng_Latn,271,9,7
eng_Latn,271,10,48
eng_Latn,271,11,16
bul_Cyrl,272,0,60
bul_Cyrl,272,1,13
bul_Cyrl,272,2,13
bul_Cyrl,272,3,13
bul_Cyrl,272,4,13
bul_Cyrl,272,5,13
bul_Cyrl,272,6,13
bul_Cyrl,272,7,13
bul_Cyrl,272,8,13
bul_Cyrl,272,9,13
bul_Cyrl,272,10,13
bul_Cyrl,272,11,13
bul_Cyrl,272,12,13
bul_Cyrl,272,13,13
bul_Cyrl,272,14,13
bul_Cyrl,272,15,13
bul_Cyrl,272,16,13
bul_Cyrl,272,17,13
bul_Cyrl,272,18,13
bul_Cyrl,272,19,13
bul_Cyrl,272,20,13
bul_Cyrl,272,21,13
bul_Cyrl,272,22,13
eng_Latn,273,0,60
eng_Latn,273,1,49
eng_Latn,273,2,14
eng_Latn,273,3,26
eng_Latn,273,4,19
eng_Latn,274,0,60
eng_Latn,274,1,37
eng_Latn,274,2,45
eng_Latn,274,3,45
eng_Latn,274,4,45
eng_Latn,274,5,52
eng_Latn,274,6,18
eng_Latn,274,7,14
eng_Latn,274,8,3
eng_Latn,274,9,63
eng_Latn,275,0,60
eng_Latn,275,1,45
eng_Latn,275,2,40
eng_Latn,275,3,49
eng_Latn,275,4,5
eng_Latn,275,5,19
bul_Cyrl,276,0,60
bul_Cyrl,276,1,13
bul_Cyrl,276,2,13
bul_Cyrl,276,3,13
bul_Cyrl,276,4,13
bul_Cyrl,276,5,13
bul_Cyrl,276,6,13
bul_Cyrl,276,7,13
bul_Cyrl,276,8,13
bul_Cyrl,276,9,13
bul_Cyrl,276,10,12
bul_Cyrl,276,11,13
bul_Cyrl,276,12,13
bul_Cyrl,276,13,13
bul_Cyrl,276,14,13
bul_Cyrl,276,15,13
bul_Cyrl,276,16,13
bul_Cyrl,276,17,19
bul_Cyrl,276,18,13
bul_Cyrl,276,19,13
bul_Cyrl,276,20,13
bul_Cyrl,276,21,1
bul_Cyrl,276,22,13
bul_Cyrl,276,23,13
bul_Cyrl,276,24,13
bul_Cyrl,276,25,13
bul_Cyrl,276,26,13
bul_Cyrl,276,27,13
eng_Latn,277,0,60
eng_Latn,277,1,42
eng_Latn,277,2,29
eng_Latn,277,3,51
eng_Latn,277,4,46
eng_Latn,278,0,60
eng_Latn,278,1,9
eng_Latn,278,2,22
eng_Latn,278,3,57
eng_Latn,278,4,15
eng_Latn,278,5,37
eng_Latn,278,6,37
eng_Latn,278,7,37
eng_Latn,278,8,40
eng_Latn,278,9,49
bul_Cyrl,279,0,60
bul_Cyrl,279,1,13
bul_Cyrl,279,2,13
bul_Cyrl,279,3,13
bul_Cyrl,279,4,13
bul_Cyrl,279,5,13
bul_Cyrl,279,6,13
bul_Cyrl,279,7,13
bul_Cyrl,279,8,13
bul_Cyrl,279,9,13
bul_Cyrl,279,10,13
bul_Cyrl,279,11,13
bul_Cyrl,279,12,13
bul_Cyrl,279,13,13
bul_Cyrl,279,14,13
bul_Cyrl,279,15,13
bul_Cyrl,279,16,13
bul_Cyrl,279,17,13
bul_Cyrl,279,18,13
bul_Cyrl,279,19,13
eng_Latn,280,0,60
eng_Latn,280,1,18
eng_Latn,280,2,16
eng_Latn,280,3,5
eng_Latn,280,4,61
eng_Latn,281,0,60
eng_Latn,281,1,53
eng_Latn,281,2,44
eng_Latn,281,3,34
eng_Latn,281,4,53
eng_Latn,281,5,49
eng_Latn,281,6,63
eng_Latn,282,0,60
eng_Latn,282,1,13
eng_Latn,282,2,19
eng_Latn,282,3,19
eng_Latn,282,4,13
eng_Latn,282,5,11
eng_Latn,282,6,22
eng_Latn,282,7,49
eng_Latn,282,8,11
eng_Latn,282,9,54
eng_Latn,282,10,39
eng_Latn,283,0,60
eng_Latn,283,1,4
eng_Latn,283,2,9
eng_Latn,283,3,56
eng_Latn,283,4,35
eng_Latn,283,5,35
eng_Latn,283,6,40
eng_Latn,283,7,51
eng_Latn,284,0,60
eng_Latn,284,1,13
eng_Latn,284,2,13
eng_Latn,284,3,42
eng_Latn,284,4,19
eng_Latn,285,0,60
eng_Latn,285,1,56
eng_Latn,285,2,52
eng_Latn,285,3,54
eng_Latn,285,4,46
eng_Latn,285,5,10
eng_Latn,285,6,23
eng_Latn,285,7,23
eng_Latn,286,0,60
eng_Latn,286,1,54
eng_Latn,286,2,18
eng_Latn,286,3,18
eng_Latn,286,4,18
eng_Latn,286,5,62
eng_Latn,286,6,62
eng_Latn,286,7,57
eng_Latn,286,8,19
eng_Latn,286,9,34
eng_Latn,287,0,60
eng_Latn,287,1,35
eng_Latn,287,2,63
eng_Latn,287,3,63
eng_Latn,287,4,35
eng_Latn,287,5,63
eng_Latn,287,6,24
eng_Latn,287,7,37
eng_Latn,288,0,60
eng_Latn,288,1,40
eng_Latn,288,2,19
eng_Latn,288,3,7
eng_Latn,288,4,52
eng_Latn,288,5,1
eng_Latn,288,6,52
eng_Latn,288,7,37
eng_Latn,288,8,1
eng_Latn,288,9,9
eng_Latn,288,10,1
eng_Latn,289,0,60
eng_Latn,289,1,57
eng_Latn,289,2,48
eng_Latn,289,3,56
eng_Latn,289,4,37
eng_Latn,289,5,37
eng_Latn,289,6,52
eng_Latn,289,7,52
eng_Latn,290,0,60
eng_Latn,290,1,40
eng_Latn,290,2,29
eng_Latn,290,3,34
eng_Latn,291,0,60
eng_Latn,291,1,45
eng_Latn,291,2,18
eng_Latn,291,3,9
eng_Latn,291,4,56
eng_Latn,291,5,57
eng_Latn,291,6,24
eng_Latn,291,7,57
eng_Latn,292,0,60
eng_Latn,292,1,17
eng_Latn,292,2,53
eng_Latn,292,3,16
eng_Latn,292,4,16
eng_Latn,293,0,60
eng_Latn,293,1,29
eng_Latn,293,2,38
eng_Latn,293,3,34
eng_Latn,293,4,18
eng_Latn,293,5,20
eng_Latn,293,6,16
eng_Latn,293,7,20
eng_Latn,293,8,34
eng_Latn,294,0,60
eng_Latn,294,1,50
eng_Latn,294,2,4
eng_Latn,294,3,31
eng_Latn,294,4,41
eng_Latn,294,5,61
eng_Latn,294,6,4
eng_Latn,294,7,57
eng_Latn,294,8,51
eng_Latn,294,9,53
eng_Latn,294,10,37
eng_Latn,294,11,51
eng_Latn,295,0,60
eng_Latn,295,1,49
eng_Latn,295,2,45
eng_Latn,295,3,18
eng_Latn,295,4,9
eng_Latn,295,5,9
eng_Latn,295,6,18
eng_Latn,295,7,53
eng_Latn,295,8,8
eng_Latn,295,9,47
eng_Latn,295,10,21
eng_Latn,295,11,21
bul_Cyrl,296,0,60
bul_Cyrl,296,1,13
bul_Cyrl,296,2,13
bul_Cyrl,296,3,13
bul_Cyrl,296,4,13
bul_Cyrl,296,5,13
bul_Cyrl,296,6,13
bul_Cyrl,296,7,9
bul_Cyrl,296,8,13
bul_Cyrl,296,9,13
bul_Cyrl,296,10,13
bul_Cyrl,296,11,13
bul_Cyrl,296,12,52
bul_Cyrl,296,13,13
bul_Cyrl,296,14,13
bul_Cyrl,296,15,13
bul_Cyrl,296,16,13
bul_Cyrl,296,17,13
bul_Cyrl,296,18,13
eng_Latn,297,0,60
eng_Latn,297,1,40
eng_Latn,297,2,22
eng_Latn,297,3,12
eng_Latn,297,4,26
eng_Latn,297,5,13
eng_Latn,297,6,49
eng_Latn,297,7,19
eng_Latn,297,8,39
eng_Latn,297,9,18
eng_Latn,297,10,26
bul_Cyrl,298,0,60
bul_Cyrl,298,1,13
bul_Cyrl,298,2,13
bul_Cyrl,298,3,13
bul_Cyrl,298,4,1
bul_Cyrl,298,5,61
bul_Cyrl,298,6,13
bul_Cyrl,298,7,13
bul_Cyrl,298,8,13
bul_Cyrl,298,9,13
bul_Cyrl,298,10,13
bul_Cyrl,298,11,13
bul_Cyrl,298,12,13
bul_Cyrl,298,13,13
bul_Cyrl,298,14,13
bul_Cyrl,298,15,13
bul_Cyrl,298,16,13
eng_Latn,299,0,60
eng_Latn,299,1,47
eng_Latn,299,2,47
eng_Latn,299,3,40
eng_Latn,299,4,56
eng_Latn,299,5,46
eng_Latn,299,6,59
eng_Latn,299,7,59
eng_Latn,299,8,7
eng_Latn,299,9,33
eng_Latn,300,0,60
eng_Latn,300,1,17
eng_Latn,300,2,9
eng_Latn,300,3,56
eng_Latn,300,4,17
eng_Latn,300,5,52
eng_Latn,300,6,17
eng_Latn,300,7,41
eng_Latn,300,8,17
bul_Cyrl,301,0,60
bul_Cyrl,301,1,13
bul_Cyrl,301,2,13
bul_Cyrl,301,3,13
bul_Cyrl,301,4,13
bul_Cyrl,301,5,9
bul_Cyrl,301,6,13
bul_Cyrl,301,7,13
bul_Cyrl,301,8,13
bul_Cyrl,301,9,13
bul_Cyrl,301,10,13
bul_Cyrl,301,11,13
bul_Cyrl,301,12,13
bul_Cyrl,301,13,13
bul_Cyrl,301,14,13
bul_Cyrl,301,15,13
eng_Latn,302,0,60
eng_Latn,302,1,57
eng_Latn,302,2,32
eng_Latn,302,3,62
eng_Latn,302,4,62
eng_Latn,302,5,57
eng_Latn,303,0,60
eng_Latn,303,1,29
eng_Latn,303,2,34
eng_Latn,304,0,60
eng_Latn,304,1,4
eng_Latn,304,2,4
eng_Latn,304,3,20
eng_Latn,304,4,35
eng_Latn,304,5,57
eng_Latn,304,6,15
eng_Latn,304,7,1
eng_Latn,304,8,52
eng_Latn,305,0,60
eng_Latn,305,1,17
eng_Latn,305,2,45
eng_Latn,305,3,45
eng_Latn,305,4,41
eng_Latn,305,5,29
eng_Latn,305,6,18
eng_Latn,305,7,18
eng_Latn,305,8,18
eng_Latn,305,9,16
eng_Latn,306,0,60
eng_Latn,306,1,19
eng_Latn,306,2,23
eng_Latn,306,3,35
eng_Latn,306,4,43
eng_Latn,306,5,9
eng_Latn,306,6,43
eng_Latn,306,7,43
eng_Latn,307,0,60
eng_Latn,307,1,22
eng_Latn,307,2,22
eng_Latn,307,3,34
eng_Latn,307,4,29
eng_Latn,307,5,34
eng_Latn,307,6,34
eng_Latn,308,0,60
eng_Latn,308,1,41
eng_Latn,308,2,49
eng_Latn,308,3,37
eng_Latn,308,4,20
eng_Latn,308,5,44
eng_Latn,309,0,60
eng_Latn,309,1,34
eng_Latn,309,2,34
eng_Latn,310,0,60
eng_Latn,310,1,22
eng_Latn,310,2,42
eng_Latn,310,3,26
eng_Latn,310,4,14
eng_Latn,310,5,40
eng_Latn,310,6,33
eng_Latn,310,7,40
eng_Latn,310,8,33
eng_Latn,311,0,60
eng_Latn,311,1,42
eng_Latn,311,2,4
eng_Latn,311,3,0
eng_Latn,311,4,4
eng_Latn,311,5,19
eng_Latn,311,6,4
eng_Latn,311,7,14
eng_Latn,311,8,52
eng_Latn,311,9,57
bul_Cyrl,312,0,60
bul_Cyrl,312,1,13
bul_Cyrl,312,2,13
bul_Cyrl,312,3,13
bul_Cyrl,312,4,13
bul_Cyrl,312,5,13
bul_Cyrl,312,6,13
bul_Cyrl,312,7,13
bul_Cyrl,312,8,13
bul_Cyrl,312,9,9
bul_Cyrl,312,10,13
bul_Cyrl,312,11,13
bul_Cyrl,312,12,13
eng_Latn,313,0,60
eng_Latn,313,1,52
eng_Latn,313,2,18
eng_Latn,313,3,16
eng_Latn,313,4,18
eng_Latn,313,5,16
eng_Latn,313,6,34
eng_Latn,313,7,56
eng_Latn,313,8,33
eng_Latn,313,9,26
eng_Latn,313,10,40
eng_Latn,313,11,13
eng_Latn,314,0,60
eng_Latn,314,1,57
eng_Latn,314,2,54
eng_Latn,314,3,5
eng_Latn,314,4,35
eng_Latn,314,5,38
eng_Latn,314,6,19
eng_Latn,314,7,46
eng_Latn,314,8,50
eng_Latn,314,9,21
eng_Latn,315,0,60
eng_Latn,315,1,27
eng_Latn,315,2,35
eng_Latn,315,3,19
eng_Latn,315,4,33
eng_Latn,315,5,46
eng_Latn,315,6,8
eng_Latn,315,7,8
eng_Latn,315,8,46
eng_Latn,315,9,16
eng_Latn,316,0,60
eng_Latn,316,1,16
eng_Latn,316,2,53
eng_Latn,316,3,16
eng_Latn,316,4,50
eng_Latn,316,5,53
eng_Latn,316,6,62
eng_Latn,316,7,57
eng_Latn,316,8,21
eng_Latn,316,9,34
eng_Latn,317,0,60
eng_Latn,317,1,52
eng_Latn,317,2,48
eng_Latn,317,3,56
eng_Latn,317,4,34
eng_Latn,317,5,34
eng_Latn,318,0,60
eng_Latn,318,1,42
eng_Latn,318,2,19
eng_Latn,318,3,22
eng_Latn,318,4,26
eng_Latn,318,5,26
eng_Latn,318,6,60
eng_Latn,318,7,9
eng_Latn,318,8,26
eng_Latn,318,9,8
eng_Latn,319,0,60
eng_Latn,319,1,48
eng_Latn,319,2,4
eng_Latn,319,3,51
eng_Latn,319,4,59
eng_Latn,319,5,51
eng_Latn,320,0,60
eng_Latn,320,1,29
eng_Latn,320,2,41
eng_Latn,320,3,57
eng_Latn,320,4,0
eng_Latn,320,5,31
eng_Latn,320,6,28
eng_Latn,320,7,6
eng_Latn,320,8,15
bul_Cyrl,321,0,60
bul_Cyrl,321,1,13
bul_Cyrl,321,2,13
bul_Cyrl,321,3,13
bul_Cyrl,321,4,13
bul_Cyrl,321,5,13
bul_Cyrl,321,6,13
bul_Cyrl,321,7,13
bul_Cyrl,321,8,13
bul_Cyrl,321,9,13
bul_Cyrl,321,10,52
eng_Latn,322,0,60
eng_Latn,322,1,23
eng_Latn,322,2,8
eng_Latn,322,3,15
eng_Latn,323,0,60
eng_Latn,323,1,24
eng_Latn,323,2,52
eng_Latn,323,3,57
eng_Latn,323,4,14
eng_Latn,323,5,14
eng_Latn,323,6,14
eng_Latn,323,7,27
eng_Latn,323,8,47
eng_Latn,323,9,47
eng_Latn,323,10,40
eng_Latn,323,11,24
eng_Latn,323,12,26
eng_Latn,324,0,60
eng_Latn,324,1,9
eng_Latn,324,2,40
eng_Latn,324,3,61
eng_Latn,324,4,33
eng_Latn,324,5,15
eng_Latn,324,6,26
eng_Latn,324,7,61
eng_Latn,324,8,1
eng_Latn,324,9,47
eng_Latn,324,10,33
eng_Latn,324,11,61
bul_Cyrl,325,0,60
bul_Cyrl,325,1,13
bul_Cyrl,325,2,13
bul_Cyrl,325,3,13
bul_Cyrl,325,4,13
bul_Cyrl,325,5,13
bul_Cyrl,325,6,13
bul_Cyrl,325,7,13
bul_Cyrl,325,8,29
bul_Cyrl,325,9,39
bul_Cyrl,325,10,13
bul_Cyrl,325,11,13
bul_Cyrl,325,12,13
bul_Cyrl,325,13,13
bul_Cyrl,325,14,13
bul_Cyrl,325,15,13
bul_Cyrl,325,16,13
bul_Cyrl,325,17,13
bul_Cyrl,325,18,13
bul_Cyrl,325,19,13
bul_Cyrl,325,20,13
bul_Cyrl,325,21,1
bul_Cyrl,325,22,1
bul_Cyrl,325,23,13
eng_Latn,326,0,60
eng_Latn,326,1,33
eng_Latn,326,2,33
eng_Latn,326,3,56
eng_Latn,326,4,16
eng_Latn,327,0,60
eng_Latn,327,1,60
eng_Latn,327,2,14
eng_Latn,327,3,52
eng_Latn,327,4,52
eng_Latn,327,5,55
eng_Latn,327,6,3
eng_Latn,327,7,63
eng_Latn,328,0,60
eng_Latn,328,1,38
eng_Latn,328,2,46
eng_Latn,328,3,9
eng_Latn,328,4,14
eng_Latn,328,5,35
eng_Latn,328,6,46
eng_Latn,328,7,43
eng_Latn,328,8,15
eng_Latn,329,0,60
eng_Latn,329,1,19
eng_Latn,329,2,21
eng_Latn,329,3,5
eng_Latn,329,4,59
eng_Latn,329,5,46
eng_Latn,329,6,19
eng_Latn,329,7,21
eng_Latn,330,0,60
eng_Latn,330,1,22
eng_Latn,330,2,52
eng_Latn,330,3,46
eng_Latn,330,4,3
eng_Latn,330,5,57
eng_Latn,330,6,49
eng_Latn,331,0,60
eng_Latn,331,1,19
eng_Latn,331,2,49
eng_Latn,331,3,19
eng_Latn,331,4,49
eng_Latn,331,5,49
eng_Latn,332,0,60
eng_Latn,332,1,57
eng_Latn,332,2,33
eng_Latn,332,3,19
eng_Latn,332,4,33
eng_Latn,332,5,52
eng_Latn,332,6,49
eng_Latn,333,0,60
eng_Latn,333,1,22
eng_Latn,333,2,22
eng_Latn,333,3,12
eng_Latn,333,4,29
eng_Latn,333,5,22
eng_Latn,334,0,60
eng_Latn,334,1,40
eng_Latn,334,2,61
eng_Latn,334,3,56
eng_Latn,334,4,22
eng_Latn,334,5,22
eng_Latn,334,6,12
eng_Latn,334,7,40
eng_Latn,334,8,47
eng_Latn,334,9,40
eng_Latn,334,10,61
eng_Latn,334,11,49
eng_Latn,335,0,60
eng_Latn,335,1,18
eng_Latn,335,2,20
eng_Latn,335,3,16
eng_Latn,335,4,31
eng_Latn,335,5,53
eng_Latn,335,6,20
eng_Latn,335,7,16
eng_Latn,336,0,60
eng_Latn,336,1,40
eng_Latn,336,2,46
eng_Latn,336,3,47
eng_Latn,336,4,19
eng_Latn,336,5,34
eng_Latn,337,0,60
eng_Latn,337,1,46
eng_Latn,337,2,5
eng_Latn,337,3,62
eng_Latn,337,4,24
eng_Latn,337,5,62
eng_Latn,337,6,15
eng_Latn,337,7,53
eng_Latn,337,8,62
eng_Latn,337,9,46
eng_Latn,338,0,60
eng_Latn,338,1,16
eng_Latn,338,2,20
eng_Latn,338,3,35
eng_Latn,338,4,33
eng_Latn,338,5,46
bul_Cyrl,339,0,60
bul_Cyrl,339,1,13
bul_Cyrl,339,2,13
bul_Cyrl,339,3,13
bul_Cyrl,339,4,13
bul_Cyrl,339,5,13
bul_Cyrl,339,6,13
bul_Cyrl,339,7,13
bul_Cyrl,339,8,13
bul_Cyrl,339,9,13
bul_Cyrl,339,10,13
bul_Cyrl,339,11,13
bul_Cyrl,339,12,13
bul_Cyrl,339,13,13
bul_Cyrl,339,14,13
bul_Cyrl,339,15,13
bul_Cyrl,339,16,13
bul_Cyrl,339,17,13
bul_Cyrl,339,18,13
bul_Cyrl,339,19,13
bul_Cyrl,339,20,24
bul_Cyrl,339,21,13
bul_Cyrl,339,22,27
bul_Cyrl,339,23,13
bul_Cyrl,339,24,13
bul_Cyrl,339,25,13
bul_Cyrl,339,26,13
eng_Latn,340,0,60
eng_Latn,340,1,54
eng_Latn,340,2,15
eng_Latn,340,3,53
eng_Latn,340,4,41
eng_Latn,340,5,17
bul_Cyrl,341,0,60
bul_Cyrl,341,1,13
bul_Cyrl,341,2,13
bul_Cyrl,341,3,13
bul_Cyrl,341,4,13
bul_Cyrl,341,5,13
bul_Cyrl,341,6,13
eng_Latn,342,0,60
eng_Latn,342,1,35
eng_Latn,342,2,9
eng_Latn,342,3,56
eng_Latn,342,4,56
eng_Latn,342,5,44
eng_Latn,342,6,20
eng_Latn,342,7,41
eng_Latn,342,8,51
eng_Latn,343,0,60
eng_Latn,343,1,49
eng_Latn,343,2,61
eng_Latn,343,3,49
eng_Latn,343,4,9
eng_Latn,343,5,14
eng_Latn,343,6,18
eng_Latn,344,0,60
eng_Latn,344,1,18
eng_Latn,344,2,18
eng_Latn,344,3,20
eng_Latn,344,4,28
eng_Latn,344,5,34
eng_Latn,344,6,34
eng_Latn,345,0,60
eng_Latn,345,1,24
eng_Latn,345,2,54
eng_Latn,345,3,1
eng_Latn,345,4,1
eng_Latn,345,5,1
eng_Latn,345,6,40
eng_Latn,345,7,62
eng_Latn,345,8,37
eng_Latn,345,9,60
eng_Latn,346,0,60
eng_Latn,346,1,9
eng_Latn,346,2,22
eng_Latn,346,3,35
eng_Latn,346,4,15
eng_Latn,346,5,33
eng_Latn,346,6,33
eng_Latn,346,7,57
eng_Latn,347,0,60
eng_Latn,347,1,1
eng_Latn,347,2,53
eng_Latn,347,3,52
eng_Latn,347,4,1
eng_Latn,347,5,52
eng_Latn,347,6,47
eng_Latn,348,0,60
eng_Latn,348,1,52
eng_Latn,348,2,57
eng_Latn,348,3,3
eng_Latn,348,4,3
eng_Latn,348,5,3
eng_Latn,348,6,19
eng_Latn,348,7,3
eng_Latn,349,0,60
eng_Latn,349,1,22
eng_Latn,349,2,45
eng_Latn,349,3,50
eng_Latn,349,4,18
eng_Latn,349,5,16
eng_Latn,349,6,11
eng_Latn,349,7,54
eng_Latn,350,0,60
eng_Latn,350,1,22
eng_Latn,350,2,12
eng_Latn,350,3,12
eng_Latn,350,4,61
eng_Latn,351,0,60
eng_Latn,351,1,63
eng_Latn,351,2,18
eng_Latn,351,3,18
eng_Latn,351,4,16
eng_Latn,351,5,16
eng_Latn,351,6,34
eng_Latn,352,0,60
eng_Latn,352,1,38
eng_Latn,352,2,15
eng_Latn,352,3,29
eng_Latn,352,4,35
eng_Latn,352,5,57
eng_Latn,352,6,57
eng_Latn,353,0,60
eng_Latn,353,1,26
eng_Latn,353,2,30
eng_Latn,353,3,46
eng_Latn,353,4,15
eng_Latn,354,0,60
eng_Latn,354,1,9
eng_Latn,354,2,56
eng_Latn,354,3,41
eng_Latn,354,4,24
eng_Latn,354,5,52
eng_Latn,354,6,52
eng_Latn,354,7,52
eng_Latn,354,8,57
eng_Latn,354,9,41
eng_Latn,354,10,2
eng_Latn,354,11,18
eng_Latn,354,12,48
eng_Latn,354,13,18
eng_Latn,354,14,16
eng_Latn,355,0,60
eng_Latn,355,1,52
eng_Latn,355,2,57
eng_Latn,355,3,33
eng_Latn,356,0,60
eng_Latn,356,1,54
eng_Latn,356,2,38
eng_Latn,356,3,19
eng_Latn,356,4,46
eng_Latn,356,5,21
eng_Latn,356,6,16
eng_Latn,356,7,57
eng_Latn,357,0,60
eng_Latn,357,1,19
eng_Latn,357,2,40
eng_Latn,357,3,49
eng_Latn,358,0,60
eng_Latn,358,1,9
eng_Latn,358,2,11
eng_Latn,358,3,13
eng_Latn,358,4,42
eng_Latn,358,5,22
eng_Latn,358,6,19
eng_Latn,358,7,48
eng_Latn,359,0,60
eng_Latn,359,1,27
eng_Latn,359,2,26
eng_Latn,359,3,49
eng_Latn,359,4,56
eng_Latn,359,5,63
eng_Latn,359,6,62
eng_Latn,359,7,62
eng_Latn,359,8,24
eng_Latn,359,9,24
eng_Latn,359,10,7
eng_Latn,359,11,24
eng_Latn,359,12,62
eng_Latn,359,13,48
eng_Latn,360,0,60
eng_Latn,360,1,35
eng_Latn,360,2,17
eng_Latn,360,3,35
eng_Latn,360,4,52
eng_Latn,360,5,52
eng_Latn,360,6,57
eng_Latn,360,7,17
eng_Latn,360,8,51
eng_Latn,361,0,60
eng_Latn,361,1,9
eng_Latn,361,2,22
eng_Latn,361,3,20
eng_Latn,361,4,38
eng_Latn,361,5,10
eng_Latn,361,6,4
eng_Latn,361,7,29
eng_Latn,361,8,34
eng_Latn,362,0,60
eng_Latn,362,1,37
eng_Latn,362,2,12
eng_Latn,362,3,2
eng_Latn,362,4,47
bul_Cyrl,363,0,60
bul_Cyrl,363,1,13
bul_Cyrl,363,2,13
bul_Cyrl,363,3,13
bul_Cyrl,363,4,13
bul_Cyrl,363,5,13
bul_Cyrl,363,6,13
bul_Cyrl,363,7,13
bul_Cyrl,363,8,13
bul_Cyrl,363,9,13
bul_Cyrl,363,10,13
bul_Cyrl,363,11,9
bul_Cyrl,363,12,13
bul_Cyrl,363,13,13
bul_Cyrl,363,14,13
bul_Cyrl,363,15,13
bul_Cyrl,363,16,13
bul_Cyrl,363,17,13
bul_Cyrl,363,18,13
eng_Latn,364,0,60
eng_Latn,364,1,54
eng_Latn,364,2,22
eng_Latn,364,3,37
eng_Latn,364,4,57
eng_Latn,364,5,63
eng_Latn,365,0,60
eng_Latn,365,1,57
eng_Latn,365,2,34
eng_Latn,365,3,20
eng_Latn,365,4,52
eng_Latn,365,5,49
eng_Latn,365,6,9
eng_Latn,365,7,37
eng_Latn,365,8,37
eng_Latn,365,9,19
eng_Latn,365,10,46
bul_Cyrl,366,0,60
bul_Cyrl,366,1,8
bul_Cyrl,366,2,19
bul_Cyrl,366,3,33
bul_Cyrl,366,4,12
bul_Cyrl,366,5,8
bul_Cyrl,366,6,61
bul_Cyrl,366,7,19
bul_Cyrl,366,8,13
bul_Cyrl,366,9,13
bul_Cyrl,366,10,13
bul_Cyrl,366,11,13
bul_Cyrl,366,12,13
bul_Cyrl,366,13,13
bul_Cyrl,366,14,13
bul_Cyrl,366,15,13
bul_Cyrl,366,16,13
bul_Cyrl,366,17,13
bul_Cyrl,366,18,13
bul_Cyrl,366,19,13
eng_Latn,367,0,60
eng_Latn,367,1,35
eng_Latn,367,2,54
eng_Latn,367,3,0
eng_Latn,367,4,9
eng_Latn,367,5,56
eng_Latn,367,6,38
eng_Latn,367,7,57
eng_Latn,368,0,60
eng_Latn,368,1,29
eng_Latn,368,2,57
eng_Latn,368,3,31
eng_Latn,368,4,59
eng_Latn,368,5,46
eng_Latn,368,6,51
eng_Latn,368,7,16
eng_Latn,368,8,45
eng_Latn,368,9,45
eng_Latn,368,10,34
bul_Cyrl,369,0,60
bul_Cyrl,369,1,13
bul_Cyrl,369,2,13
bul_Cyrl,369,3,13
bul_Cyrl,369,4,13
bul_Cyrl,369,5,13
bul_Cyrl,369,6,13
bul_Cyrl,369,7,13
bul_Cyrl,369,8,13
bul_Cyrl,369,9,13
bul_Cyrl,369,10,13
bul_Cyrl,369,11,13
bul_Cyrl,369,12,13
bul_Cyrl,369,13,13
bul_Cyrl,369,14,13
bul_Cyrl,369,15,13
bul_Cyrl,369,16,13
bul_Cyrl,370,0,60
bul_Cyrl,370,1,13
bul_Cyrl,370,2,13
bul_Cyrl,370,3,13
bul_Cyrl,370,4,47
bul_Cyrl,370,5,13
bul_Cyrl,370,6,13
bul_Cyrl,370,7,13
bul_Cyrl,370,8,13
bul_Cyrl,370,9,13
bul_Cyrl,370,10,13
bul_Cyrl,370,11,13
bul_Cyrl,370,12,13
bul_Cyrl,370,13,13
bul_Cyrl,370,14,13
bul_Cyrl,370,15,13
bul_Cyrl,370,16,13
bul_Cyrl,370,17,13
bul_Cyrl,370,18,13
bul_Cyrl,371,0,60
bul_Cyrl,371,1,13
bul_Cyrl,371,2,13
bul_Cyrl,371,3,13
bul_Cyrl,371,4,13
eng_Latn,372,0,60
eng_Latn,372,1,40
eng_Latn,372,2,29
eng_Latn,372,3,59
eng_Latn,372,4,49
eng_Latn,373,0,60
eng_Latn,373,1,40
eng_Latn,373,2,56
eng_Latn,373,3,35
eng_Latn,373,4,59
eng_Latn,373,5,17
eng_Latn,374,0,60
eng_Latn,374,1,41
eng_Latn,374,2,15
eng_Latn,374,3,56
eng_Latn,374,4,56
eng_Latn,374,5,63
eng_Latn,375,0,60
eng_Latn,375,1,22
eng_Latn,375,2,19
eng_Latn,375,3,63
eng_Latn,375,4,48
eng_Latn,375,5,63
eng_Latn,376,0,60
eng_Latn,376,1,27
eng_Latn,376,2,27
eng_Latn,376,3,5
eng_Latn,376,4,27
eng_Latn,376,5,26
eng_Latn,376,6,26
eng_Latn,377,0,60
eng_Latn,377,1,9
eng_Latn,377,2,29
eng_Latn,377,3,52
eng_Latn,377,4,29
eng_Latn,377,5,34
bul_Cyrl,378,0,60
bul_Cyrl,378,1,13
bul_Cyrl,378,2,13
bul_Cyrl,378,3,13
bul_Cyrl,378,4,13
bul_Cyrl,378,5,13
bul_Cyrl,378,6,13
bul_Cyrl,378,7,13
bul_Cyrl,378,8,13
bul_Cyrl,378,9,13
bul_Cyrl,378,10,13
bul_Cyrl,378,11,13
bul_Cyrl,378,12,13
bul_Cyrl,378,13,13
eng_Latn,379,0,60
eng_Latn,379,1,17
eng_Latn,379,2,34
eng_Latn,379,3,37
eng_Latn,379,4,34
bul_Cyrl,380,0,60
bul_Cyrl,380,1,13
bul_Cyrl,380,2,13
bul_Cyrl,380,3,13
bul_Cyrl,380,4,13
bul_Cyrl,380,5,13
bul_Cyrl,380,6,13
bul_Cyrl,380,7,13
bul_Cyrl,380,8,13
bul_Cyrl,380,9,13
bul_Cyrl,380,10,1
bul_Cyrl,380,11,13
bul_Cyrl,380,12,13
bul_Cyrl,380,13,13
bul_Cyrl,380,14,13
bul_Cyrl,380,15,13
bul_Cyrl,380,16,61
bul_Cyrl,380,17,13
bul_Cyrl,380,18,13
bul_Cyrl,380,19,13
eng_Latn,381,0,60
eng_Latn,381,1,9
eng_Latn,381,2,1
eng_Latn,381,3,57
eng_Latn,381,4,49
eng_Latn,381,5,9
eng_Latn,381,6,22
eng_Latn,381,7,19
eng_Latn,381,8,19
eng_Latn,381,9,63
eng_Latn,381,10,11
eng_Latn,381,11,40
eng_Latn,381,12,40
eng_Latn,381,13,49
eng_Latn,381,14,12
eng_Latn,381,15,47
eng_Latn,382,0,60
eng_Latn,382,1,48
eng_Latn,382,2,18
eng_Latn,382,3,56
eng_Latn,382,4,35
eng_Latn,382,5,46
eng_Latn,382,6,48
eng_Latn,382,7,54
bul_Cyrl,383,0,60
bul_Cyrl,383,1,13
bul_Cyrl,383,2,13
bul_Cyrl,383,3,13
bul_Cyrl,383,4,13
bul_Cyrl,383,5,13
bul_Cyrl,383,6,13
bul_Cyrl,383,7,13
bul_Cyrl,383,8,13
bul_Cyrl,383,9,13
bul_Cyrl,383,10,13
bul_Cyrl,383,11,39
bul_Cyrl,383,12,39
bul_Cyrl,383,13,13
bul_Cyrl,383,14,13
bul_Cyrl,383,15,13
bul_Cyrl,383,16,13
bul_Cyrl,383,17,13
bul_Cyrl,383,18,13
bul_Cyrl,383,19,13
bul_Cyrl,383,20,13
bul_Cyrl,383,21,13
bul_Cyrl,383,22,47
bul_Cyrl,383,23,19
bul_Cyrl,383,24,13
bul_Cyrl,383,25,13
bul_Cyrl,383,26,13
bul_Cyrl,383,27,13
bul_Cyrl,383,28,13
bul_Cyrl,383,29,13
bul_Cyrl,383,30,13
bul_Cyrl,383,31,13
bul_Cyrl,383,32,13
bul_Cyrl,383,33,13
bul_Cyrl,383,34,13
bul_Cyrl,383,35,13
bul_Cyrl,383,36,13
bul_Cyrl,383,37,13
bul_Cyrl,383,38,13
bul_Cyrl,383,39,13
bul_Cyrl,383,40,13
eng_Latn,384,0,60
eng_Latn,384,1,9
eng_Latn,384,2,56
eng_Latn,384,3,38
eng_Latn,384,4,8
eng_Latn,385,0,60
eng_Latn,385,1,34
eng_Latn,385,2,20
eng_Latn,385,3,22
eng_Latn,385,4,57
eng_Latn,385,5,20
eng_Latn,385,6,34
eng_Latn,386,0,60
eng_Latn,386,1,52
eng_Latn,386,2,14
eng_Latn,386,3,63
eng_Latn,387,0,60
eng_Latn,387,1,17
eng_Latn,387,2,9
eng_Latn,387,3,56
eng_Latn,387,4,54
eng_Latn,387,5,38
eng_Latn,387,6,46
eng_Latn,387,7,56
eng_Latn,387,8,56
eng_Latn,387,9,4
eng_Latn,387,10,18
eng_Latn,387,11,50
eng_Latn,387,12,16
eng_Latn,388,0,60
eng_Latn,388,1,22
eng_Latn,388,2,53
eng_Latn,388,3,46
eng_Latn,389,0,60
eng_Latn,389,1,38
eng_Latn,389,2,3
eng_Latn,389,3,19
eng_Latn,389,4,48
eng_Latn,389,5,57
eng_Latn,389,6,16
eng_Latn,389,7,37
eng_Latn,389,8,37
eng_Latn,389,9,15
eng_Latn,390,0,60
eng_Latn,390,1,22
eng_Latn,390,2,49
eng_Latn,390,3,16
eng_Latn,390,4,38
eng_Latn,390,5,16
eng_Latn,390,6,53
eng_Latn,390,7,19
eng_Latn,391,0,60
eng_Latn,391,1,12
eng_Latn,391,2,19
eng_Latn,391,3,19
eng_Latn,391,4,7
eng_Latn,392,0,60
eng_Latn,392,1,22
eng_Latn,392,2,40
bul_Cyrl,393,0,60
bul_Cyrl,393,1,13
bul_Cyrl,393,2,13
bul_Cyrl,393,3,13
bul_Cyrl,393,4,13
bul_Cyrl,393,5,13
bul_Cyrl,393,6,13
bul_Cyrl,393,7,13
bul_Cyrl,393,8,13
bul_Cyrl,393,9,13
bul_Cyrl,393,10,13
bul_Cyrl,393,11,13
bul_Cyrl,393,12,13
bul_Cyrl,393,13,13
bul_Cyrl,393,14,13
bul_Cyrl,393,15,13
bul_Cyrl,393,16,13
bul_Cyrl,393,17,13
bul_Cyrl,393,18,13
bul_Cyrl,393,19,13
bul_Cyrl,393,20,13
bul_Cyrl,393,21,13
bul_Cyrl,393,22,13
eng_Latn,394,0,60
eng_Latn,394,1,52
eng_Latn,394,2,2
eng_Latn,394,3,45
eng_Latn,394,4,41
eng_Latn,394,5,9
eng_Latn,394,6,9
eng_Latn,394,7,17
eng_Latn,394,8,16
eng_Latn,394,9,29
eng_Latn,394,10,34
eng_Latn,395,0,60
eng_Latn,395,1,22
eng_Latn,395,2,10
eng_Latn,395,3,56
eng_Latn,395,4,57
eng_Latn,395,5,52
eng_Latn,395,6,52
bul_Cyrl,396,0,60
bul_Cyrl,396,1,13
bul_Cyrl,396,2,13
bul_Cyrl,396,3,13
bul_Cyrl,396,4,13
bul_Cyrl,396,5,13
bul_Cyrl,396,6,13
bul_Cyrl,396,7,13
bul_Cyrl,396,8,13
bul_Cyrl,396,9,13
bul_Cyrl,396,10,13
bul_Cyrl,396,11,13
bul_Cyrl,396,12,13
bul_Cyrl,396,13,13
bul_Cyrl,396,14,13
bul_Cyrl,397,0,60
bul_Cyrl,397,1,13
bul_Cyrl,397,2,47
bul_Cyrl,397,3,13
bul_Cyrl,397,4,13
bul_Cyrl,397,5,52
bul_Cyrl,397,6,13
bul_Cyrl,397,7,1
bul_Cyrl,397,8,52
bul_Cyrl,397,9,52
bul_Cyrl,397,10,13
bul_Cyrl,397,11,13
bul_Cyrl,397,12,13
bul_Cyrl,397,13,13
bul_Cyrl,397,14,13
bul_Cyrl,397,15,13
bul_Cyrl,397,16,13
bul_Cyrl,397,17,13
eng_Latn,398,0,60
eng_Latn,398,1,12
eng_Latn,398,2,42
eng_Latn,398,3,19
eng_Latn,398,4,22
eng_Latn,398,5,49
eng_Latn,398,6,9
eng_Latn,398,7,61
eng_Latn,398,8,30
eng_Latn,398,9,47
eng_Latn,398,10,8
eng_Latn,399,0,60
eng_Latn,399,1,35
eng_Latn,399,2,57
eng_Latn,399,3,54
eng_Latn,399,4,31
eng_Latn,399,5,16
eng_Latn,400,0,60
eng_Latn,400,1,63
eng_Latn,400,2,12
eng_Latn,400,3,22
eng_Latn,400,4,63
eng_Latn,401,0,60
eng_Latn,401,1,9
eng_Latn,401,2,56
eng_Latn,401,3,46
eng_Latn,401,4,51
eng_Latn,402,0,60
eng_Latn,402,1,47
eng_Latn,402,2,49
eng_Latn,402,3,46
eng_Latn,402,4,12
eng_Latn,402,5,2
eng_Latn,402,6,19
eng_Latn,402,7,47
eng_Latn,402,8,49
eng_Latn,402,9,57
eng_Latn,402,10,49
eng_Latn,402,11,5
eng_Latn,402,12,49
eng_Latn,402,13,5
eng_Latn,402,14,19
eng_Latn,403,0,60
eng_Latn,403,1,60
eng_Latn,403,2,11
eng_Latn,403,3,52
eng_Latn,404,0,60
eng_Latn,404,1,57
eng_Latn,404,2,38
eng_Latn,404,3,38
eng_Latn,404,4,19
eng_Latn,404,5,15
eng_Latn,404,6,17
eng_Latn,404,7,8
eng_Latn,404,8,16
bul_Cyrl,405,0,60
bul_Cyrl,405,1,47
bul_Cyrl,405,2,46
bul_Cyrl,405,3,60
bul_Cyrl,405,4,13
bul_Cyrl,405,5,13
bul_Cyrl,405,6,13
bul_Cyrl,405,7,13
bul_Cyrl,405,8,13
bul_Cyrl,405,9,47
bul_Cyrl,405,10,13
bul_Cyrl,405,11,13
bul_Cyrl,405,12,13
bul_Cyrl,405,13,13
bul_Cyrl,405,14,13
bul_Cyrl,405,15,13
bul_Cyrl,405,16,13
bul_Cyrl,405,17,13
bul_Cyrl,405,18,13
bul_Cyrl,405,19,13
bul_Cyrl,405,20,13
bul_Cyrl,405,21,52
eng_Latn,406,0,60
eng_Latn,406,1,49
eng_Latn,406,2,37
eng_Latn,406,3,16
eng_Latn,407,0,60
eng_Latn,407,1,1
eng_Latn,407,2,33
eng_Latn,407,3,33
eng_Latn,407,4,33
eng_Latn,407,5,33
eng_Latn,407,6,33
eng_Latn,407,7,33
eng_Latn,407,8,33
eng_Latn,407,9,33
eng_Latn,408,0,60
eng_Latn,408,1,19
eng_Latn,408,2,40
eng_Latn,408,3,18
eng_Latn,408,4,2
eng_Latn,408,5,37
eng_Latn,408,6,38
eng_Latn,408,7,46
eng_Latn,408,8,12
eng_Latn,408,9,40
eng_Latn,408,10,7
eng_Latn,409,0,60
eng_Latn,409,1,51
eng_Latn,409,2,51
bul_Cyrl,410,0,60
bul_Cyrl,410,1,13
bul_Cyrl,410,2,13
bul_Cyrl,410,3,13
bul_Cyrl,410,4,13
bul_Cyrl,410,5,13
bul_Cyrl,410,6,13
bul_Cyrl,410,7,13
bul_Cyrl,410,8,13
bul_Cyrl,410,9,61
bul_Cyrl,410,10,13
bul_Cyrl,410,11,13
eng_Latn,411,0,60
eng_Latn,411,1,18
eng_Latn,411,2,56
eng_Latn,411,3,21
eng_Latn,411,4,35
eng_Latn,411,5,21
eng_Latn,411,6,4
eng_Latn,411,7,2
eng_Latn,411,8,61
eng_Latn,411,9,26
eng_Latn,411,10,26
eng_Latn,411,11,50
eng_Latn,411,12,16
bul_Cyrl,412,0,60
bul_Cyrl,412,1,13
bul_Cyrl,412,2,13
bul_Cyrl,412,3,52
bul_Cyrl,412,4,13
bul_Cyrl,412,5,13
bul_Cyrl,412,6,13
bul_Cyrl,412,7,13
bul_Cyrl,412,8,13
bul_Cyrl,412,9,13
bul_Cyrl,412,10,13
bul_Cyrl,412,11,22
bul_Cyrl,412,12,13
bul_Cyrl,412,13,13
eng_Latn,413,0,60
eng_Latn,413,1,4
eng_Latn,413,2,56
eng_Latn,413,3,34
eng_Latn,413,4,2
eng_Latn,413,5,49
eng_Latn,413,6,16
eng_Latn,414,0,60
eng_Latn,414,1,60
eng_Latn,414,2,53
eng_Latn,414,3,1
eng_Latn,414,4,52
bul_Cyrl,415,0,60
bul_Cyrl,415,1,13
bul_Cyrl,415,2,13
bul_Cyrl,415,3,13
bul_Cyrl,415,4,13
bul_Cyrl,415,5,13
bul_Cyrl,415,6,13
bul_Cyrl,415,7,13
bul_Cyrl,415,8,13
bul_Cyrl,415,9,52
bul_Cyrl,415,10,13
eng_Latn,416,0,60
eng_Latn,416,1,22
eng_Latn,416,2,22
eng_Latn,416,3,19
eng_Latn,416,4,21
eng_Latn,417,0,60
eng_Latn,417,1,42
eng_Latn,417,2,18
eng_Latn,417,3,16
eng_Latn,417,4,54
eng_Latn,417,5,63
eng_Latn,417,6,30
eng_Latn,417,7,37
eng_Latn,417,8,47
eng_Latn,418,0,60
eng_Latn,418,1,47
eng_Latn,418,2,22
eng_Latn,418,3,11
eng_Latn,419,0,60
eng_Latn,419,1,10
eng_Latn,419,2,56
eng_Latn,419,3,54
eng_Latn,419,4,41
eng_Latn,419,5,46
eng_Latn,420,0,60
eng_Latn,420,1,19
eng_Latn,420,2,47
eng_Latn,420,3,22
eng_Latn,420,4,22
eng_Latn,420,5,9
eng_Latn,420,6,22
eng_Latn,420,7,24
eng_Latn,420,8,19
eng_Latn,420,9,40
eng_Latn,420,10,24
eng_Latn,420,11,46
eng_Latn,420,12,46
eng_Latn,420,13,59
eng_Latn,420,14,15
eng_Latn,420,15,9
eng_Latn,420,16,9
eng_Latn,421,0,60
eng_Latn,421,1,56
eng_Latn,421,2,57
eng_Latn,421,3,17
eng_Latn,421,4,17
eng_Latn,421,5,56
eng_Latn,421,6,48
eng_Latn,421,7,18
eng_Latn,421,8,16
eng_Latn,422,0,60
eng_Latn,422,1,15
eng_Latn,422,2,14
eng_Latn,422,3,52
eng_Latn,422,4,31
eng_Latn,422,5,24
eng_Latn,422,6,52
eng_Latn,423,0,60
eng_Latn,423,1,29
eng_Latn,423,2,56
eng_Latn,423,3,51
eng_Latn,423,4,45
eng_Latn,423,5,38
eng_Latn,423,6,33
eng_Latn,423,7,33
eng_Latn,423,8,1
eng_Latn,424,0,60
eng_Latn,424,1,40
eng_Latn,424,2,47
eng_Latn,424,3,46
eng_Latn,424,4,46
eng_Latn,424,5,2
eng_Latn,424,6,2
eng_Latn,424,7,57
eng_Latn,424,8,5
eng_Latn,424,9,5
eng_Latn,424,10,40
eng_Latn,424,11,49
bul_Cyrl,425,0,60
bul_Cyrl,425,1,13
bul_Cyrl,425,2,13
bul_Cyrl,425,3,13
bul_Cyrl,425,4,13
bul_Cyrl,425,5,13
bul_Cyrl,425,6,13
bul_Cyrl,425,7,13
bul_Cyrl,425,8,13
bul_Cyrl,425,9,13
bul_Cyrl,425,10,13
eng_Latn,426,0,60
eng_Latn,426,1,13
eng_Latn,426,2,13
eng_Latn,426,3,13
eng_Latn,426,4,5
eng_Latn,426,5,61
eng_Latn,426,6,39
bul_Cyrl,427,0,60
bul_Cyrl,427,1,13
bul_Cyrl,427,2,13
bul_Cyrl,427,3,13
bul_Cyrl,427,4,13
bul_Cyrl,427,5,13
bul_Cyrl,427,6,13
bul_Cyrl,427,7,13
bul_Cyrl,427,8,19
bul_Cyrl,427,9,13
bul_Cyrl,427,10,13
bul_Cyrl,427,11,13
bul_Cyrl,427,12,13
bul_Cyrl,427,13,13
bul_Cyrl,427,14,13
bul_Cyrl,427,15,13
bul_Cyrl,427,16,13
bul_Cyrl,427,17,13
bul_Cyrl,427,18,13
bul_Cyrl,427,19,13
eng_Latn,428,0,60
eng_Latn,428,1,33
eng_Latn,428,2,33
eng_Latn,428,3,33
eng_Latn,428,4,33
eng_Latn,428,5,33
eng_Latn,428,6,18
eng_Latn,428,7,18
eng_Latn,428,8,16
eng_Latn,429,0,60
eng_Latn,429,1,38
eng_Latn,429,2,57
eng_Latn,429,3,41
eng_Latn,429,4,15
eng_Latn,429,5,56
eng_Latn,429,6,4
eng_Latn,430,0,60
eng_Latn,430,1,47
eng_Latn,430,2,27
eng_Latn,430,3,26
eng_Latn,430,4,5
eng_Latn,430,5,3
eng_Latn,430,6,40
eng_Latn,430,7,26
bul_Cyrl,431,0,60
bul_Cyrl,431,1,13
bul_Cyrl,431,2,13
bul_Cyrl,431,3,13
bul_Cyrl,431,4,13
bul_Cyrl,431,5,13
bul_Cyrl,431,6,13
bul_Cyrl,431,7,13
bul_Cyrl,431,8,13
bul_Cyrl,431,9,13
bul_Cyrl,431,10,13
bul_Cyrl,431,11,13
bul_Cyrl,431,12,13
bul_Cyrl,431,13,13
bul_Cyrl,431,14,13
bul_Cyrl,431,15,13
bul_Cyrl,431,16,13
bul_Cyrl,431,17,13
bul_Cyrl,431,18,13
bul_Cyrl,431,19,13
bul_Cyrl,431,20,13
bul_Cyrl,431,21,13
eng_Latn,432,0,60
eng_Latn,432,1,30
eng_Latn,432,2,48
eng_Latn,432,3,48
eng_Latn,432,4,30
eng_Latn,432,5,19
eng_Latn,432,6,63
eng_Latn,433,0,60
eng_Latn,433,1,52
eng_Latn,433,2,31
eng_Latn,433,3,52
eng_Latn,434,0,60
eng_Latn,434,1,22
eng_Latn,434,2,26
eng_Latn,434,3,26
eng_Latn,435,0,60
eng_Latn,435,1,63
eng_Latn,435,2,63
eng_Latn,435,3,53
eng_Latn,435,4,37
eng_Latn,435,5,63
eng_Latn,436,0,60
eng_Latn,436,1,26
eng_Latn,436,2,49
eng_Latn,436,3,61
eng_Latn,436,4,12
eng_Latn,436,5,9
eng_Latn,436,6,9
eng_Latn,436,7,9
eng_Latn,436,8,11
eng_Latn,436,9,38
eng_Latn,436,10,38
eng_Latn,436,11,6
eng_Latn,436,12,16
eng_Latn,437,0,60
eng_Latn,437,1,38
eng_Latn,437,2,63
eng_Latn,437,3,56
eng_Latn,437,4,34
eng_Latn,438,0,60
eng_Latn,438,1,45
eng_Latn,438,2,46
eng_Latn,438,3,5
eng_Latn,438,4,14
eng_Latn,438,5,14
eng_Latn,438,6,14
eng_Latn,438,7,63
eng_Latn,439,0,60
eng_Latn,439,1,62
eng_Latn,439,2,12
eng_Latn,439,3,35
eng_Latn,439,4,57
eng_Latn,439,5,8
eng_Latn,439,6,15
eng_Latn,439,7,63
eng_Latn,439,8,5
eng_Latn,439,9,49
eng_Latn,440,0,60
eng_Latn,440,1,57
eng_Latn,440,2,23
eng_Latn,440,3,46
eng_Latn,440,4,54
eng_Latn,440,5,59
eng_Latn,440,6,48
eng_Latn,440,7,5
eng_Latn,440,8,1
eng_Latn,440,9,52
eng_Latn,441,0,60
eng_Latn,441,1,12
eng_Latn,441,2,61
eng_Latn,442,0,60
eng_Latn,442,1,18
eng_Latn,442,2,20
eng_Latn,442,3,18
eng_Latn,442,4,29
eng_Latn,442,5,29
eng_Latn,442,6,35
eng_Latn,442,7,57
eng_Latn,442,8,20
eng_Latn,442,9,54
eng_Latn,442,10,10
eng_Latn,442,11,16
bul_Cyrl,443,0,60
bul_Cyrl,443,1,13
bul_Cyrl,443,2,13
bul_Cyrl,443,3,13
bul_Cyrl,443,4,13
bul_Cyrl,443,5,13
bul_Cyrl,443,6,13
bul_Cyrl,443,7,13
bul_Cyrl,443,8,13
bul_Cyrl,443,9,13
bul_Cyrl,443,10,13
bul_Cyrl,443,11,13
bul_Cyrl,443,12,13
bul_Cyrl,443,13,13
bul_Cyrl,443,14,13
bul_Cyrl,443,15,13
bul_Cyrl,443,16,13
bul_Cyrl,443,17,13
eng_Latn,444,0,60
eng_Latn,444,1,48
eng_Latn,444,2,56
eng_Latn,444,3,57
eng_Latn,444,4,29
eng_Latn,444,5,41
eng_Latn,444,6,17
eng_Latn,445,0,60
eng_Latn,445,1,54
eng_Latn,445,2,9
eng_Latn,445,3,9
eng_Latn,445,4,54
eng_Latn,445,5,56
eng_Latn,445,6,8
eng_Latn,445,7,16
eng_Latn,446,0,60
eng_Latn,446,1,30
eng_Latn,446,2,24
eng_Latn,446,3,45
eng_Latn,446,4,1
eng_Latn,446,5,1
eng_Latn,446,6,52
eng_Latn,447,0,60
eng_Latn,447,1,57
eng_Latn,447,2,37
eng_Latn,447,3,19
eng_Latn,447,4,15
eng_Latn,448,0,60
eng_Latn,448,1,41
eng_Latn,448,2,15
eng_Latn,448,3,48
eng_Latn,448,4,56
eng_Latn,448,5,57
eng_Latn,448,6,24
eng_Latn,448,7,37
eng_Latn,448,8,37
eng_Latn,448,9,3
eng_Latn,449,0,60
eng_Latn,449,1,51
eng_Latn,449,2,18
eng_Latn,449,3,18
eng_Latn,449,4,21
eng_Latn,449,5,16
eng_Latn,449,6,54
eng_Latn,449,7,52
eng_Latn,449,8,52
eng_Latn,449,9,52
eng_Latn,449,10,37
eng_Latn,449,11,49
eng_Latn,450,0,60
eng_Latn,450,1,40
eng_Latn,450,2,14
eng_Latn,451,0,60
eng_Latn,451,1,22
eng_Latn,451,2,9
eng_Latn,451,3,22
eng_Latn,451,4,46
eng_Latn,451,5,40
eng_Latn,451,6,51
eng_Latn,451,7,62
eng_Latn,451,8,8
eng_Latn,451,9,8
eng_Latn,451,10,51
eng_Latn,452,0,60
eng_Latn,452,1,54
eng_Latn,452,2,18
eng_Latn,452,3,21
eng_Latn,452,4,41
eng_Latn,452,5,57
eng_Latn,452,6,20
eng_Latn,452,7,4
eng_Latn,452,8,34
eng_Latn,453,0,60
eng_Latn,453,1,49
eng_Latn,453,2,5
eng_Latn,453,3,47
eng_Latn,454,0,60
eng_Latn,454,1,18
eng_Latn,454,2,18
eng_Latn,454,3,20
eng_Latn,454,4,46
eng_Latn,454,5,63
eng_Latn,455,0,60
eng_Latn,455,1,27
eng_Latn,455,2,26
bul_Cyrl,456,0,60
bul_Cyrl,456,1,13
bul_Cyrl,456,2,13
bul_Cyrl,456,3,13
bul_Cyrl,456,4,13
bul_Cyrl,456,5,13
bul_Cyrl,456,6,13
bul_Cyrl,456,7,47
bul_Cyrl,456,8,13
bul_Cyrl,456,9,13
bul_Cyrl,456,10,13
bul_Cyrl,456,11,13
bul_Cyrl,456,12,13
bul_Cyrl,456,13,13
bul_Cyrl,456,14,13
bul_Cyrl,456,15,13
bul_Cyrl,456,16,13
bul_Cyrl,456,17,13
bul_Cyrl,456,18,19
bul_Cyrl,456,19,19
bul_Cyrl,456,20,13
bul_Cyrl,456,21,13
bul_Cyrl,456,22,13
bul_Cyrl,456,23,13
bul_Cyrl,456,24,13
bul_Cyrl,456,25,13
eng_Latn,457,0,60
eng_Latn,457,1,37
eng_Latn,457,2,52
eng_Latn,457,3,57
eng_Latn,457,4,59
eng_Latn,457,5,50
eng_Latn,457,6,56
eng_Latn,457,7,35
eng_Latn,457,8,35
eng_Latn,457,9,8
eng_Latn,457,10,8
eng_Latn,457,11,48
eng_Latn,458,0,60
eng_Latn,458,1,20
eng_Latn,458,2,19
eng_Latn,458,3,33
eng_Latn,459,0,60
eng_Latn,459,1,22
eng_Latn,459,2,22
eng_Latn,459,3,22
eng_Latn,459,4,22
eng_Latn,459,5,47
eng_Latn,459,6,22
eng_Latn,459,7,22
eng_Latn,459,8,34
bul_Cyrl,460,0,60
bul_Cyrl,460,1,46
bul_Cyrl,460,2,47
bul_Cyrl,460,3,22
bul_Cyrl,460,4,9
bul_Cyrl,460,5,9
bul_Cyrl,460,6,13
bul_Cyrl,460,7,13
bul_Cyrl,460,8,13
bul_Cyrl,460,9,13
bul_Cyrl,460,10,13
eng_Latn,461,0,60
eng_Latn,461,1,17
eng_Latn,461,2,56
eng_Latn,461,3,16
eng_Latn,461,4,25
eng_Latn,461,5,46
eng_Latn,461,6,56
eng_Latn,461,7,21
bul_Cyrl,462,0,60
bul_Cyrl,462,1,13
bul_Cyrl,462,2,13
bul_Cyrl,462,3,13
bul_Cyrl,462,4,13
bul_Cyrl,462,5,13
bul_Cyrl,462,6,13
bul_Cyrl,462,7,13
bul_Cyrl,462,8,13
bul_Cyrl,462,9,13
bul_Cyrl,462,10,13
bul_Cyrl,462,11,13
bul_Cyrl,462,12,13
bul_Cyrl,462,13,13
bul_Cyrl,462,14,13
bul_Cyrl,462,15,13
bul_Cyrl,462,16,13
bul_Cyrl,463,0,60
bul_Cyrl,463,1,13
bul_Cyrl,463,2,13
bul_Cyrl,463,3,19
bul_Cyrl,463,4,13
bul_Cyrl,463,5,13
bul_Cyrl,463,6,13
bul_Cyrl,463,7,13
bul_Cyrl,463,8,13
bul_Cyrl,463,9,13
bul_Cyrl,463,10,13
bul_Cyrl,463,11,13
bul_Cyrl,463,12,13
bul_Cyrl,463,13,13
bul_Cyrl,463,14,13
bul_Cyrl,463,15,13
bul_Cyrl,463,16,13
bul_Cyrl,463,17,13
bul_Cyrl,463,18,13
bul_Cyrl,463,19,13
bul_Cyrl,463,20,13
bul_Cyrl,463,21,13
bul_Cyrl,463,22,13
bul_Cyrl,463,23,13
bul_Cyrl,463,24,13
eng_Latn,464,0,60
eng_Latn,464,1,26
eng_Latn,464,2,26
eng_Latn,464,3,39
eng_Latn,464,4,5
eng_Latn,464,5,18
eng_Latn,464,6,53
eng_Latn,464,7,14
eng_Latn,464,8,63
bul_Cyrl,465,0,60
bul_Cyrl,465,1,13
bul_Cyrl,465,2,13
bul_Cyrl,465,3,13
bul_Cyrl,465,4,13
bul_Cyrl,465,5,13
bul_Cyrl,465,6,13
bul_Cyrl,465,7,13
bul_Cyrl,465,8,13
bul_Cyrl,465,9,13
bul_Cyrl,465,10,13
bul_Cyrl,465,11,13
bul_Cyrl,465,12,13
bul_Cyrl,465,13,13
bul_Cyrl,465,14,13
bul_Cyrl,465,15,13
bul_Cyrl,465,16,13
bul_Cyrl,465,17,13
bul_Cyrl,465,18,13
bul_Cyrl,465,19,13
bul_Cyrl,465,20,13
bul_Cyrl,465,21,13
bul_Cyrl,465,22,13
bul_Cyrl,465,23,13
bul_Cyrl,465,24,13
bul_Cyrl,466,0,60
bul_Cyrl,466,1,13
bul_Cyrl,466,2,13
bul_Cyrl,466,3,13
bul_Cyrl,466,4,13
bul_Cyrl,466,5,13
bul_Cyrl,466,6,13
bul_Cyrl,466,7,13
bul_Cyrl,466,8,13
bul_Cyrl,466,9,13
bul_Cyrl,466,10,13
bul_Cyrl,466,11,13
bul_Cyrl,466,12,13
bul_Cyrl,466,13,13
bul_Cyrl,466,14,13
bul_Cyrl,466,15,13
bul_Cyrl,466,16,13
bul_Cyrl,466,17,13
bul_Cyrl,466,18,13
bul_Cyrl,466,19,13
bul_Cyrl,466,20,13
bul_Cyrl,466,21,19
bul_Cyrl,466,22,13
bul_Cyrl,466,23,13
bul_Cyrl,466,24,13
bul_Cyrl,467,0,60
bul_Cyrl,467,1,13
bul_Cyrl,467,2,13
bul_Cyrl,467,3,13
bul_Cyrl,467,4,13
bul_Cyrl,467,5,13
bul_Cyrl,467,6,13
bul_Cyrl,467,7,52
bul_Cyrl,467,8,52
bul_Cyrl,467,9,13
bul_Cyrl,467,10,13
eng_Latn,468,0,60
eng_Latn,468,1,22
eng_Latn,468,2,19
eng_Latn,468,3,0
eng_Latn,468,4,31
eng_Latn,468,5,56
eng_Latn,468,6,23
eng_Latn,468,7,20
eng_Latn,468,8,51
bul_Cyrl,469,0,60
bul_Cyrl,469,1,13
bul_Cyrl,469,2,13
bul_Cyrl,469,3,13
bul_Cyrl,469,4,13
bul_Cyrl,469,5,58
bul_Cyrl,469,6,13
bul_Cyrl,469,7,13
bul_Cyrl,469,8,13
bul_Cyrl,469,9,13
bul_Cyrl,469,10,13
bul_Cyrl,469,11,13
bul_Cyrl,469,12,13
bul_Cyrl,469,13,13
bul_Cyrl,469,14,13
bul_Cyrl,469,15,27
bul_Cyrl,469,16,13
bul_Cyrl,469,17,13
bul_Cyrl,469,18,61
bul_Cyrl,469,19,13
bul_Cyrl,469,20,13
bul_Cyrl,469,21,13
bul_Cyrl,469,22,13
bul_Cyrl,469,23,13
bul_Cyrl,469,24,13
bul_Cyrl,469,25,13
eng_Latn,470,0,60
eng_Latn,470,1,56
eng_Latn,470,2,63
eng_Latn,470,3,20
eng_Latn,470,4,19
eng_Latn,471,0,60
eng_Latn,471,1,18
eng_Latn,471,2,16
eng_Latn,471,3,52
eng_Latn,471,4,34
eng_Latn,471,5,20
eng_Latn,471,6,37
eng_Latn,471,7,46
eng_Latn,472,0,60
eng_Latn,472,1,19
eng_Latn,472,2,13
eng_Latn,472,3,11
eng_Latn,472,4,19
eng_Latn,472,5,62
eng_Latn,472,6,8
eng_Latn,472,7,8
eng_Latn,472,8,8
eng_Latn,472,9,19
eng_Latn,472,10,8
eng_Latn,472,11,19
eng_Latn,472,12,8
bul_Cyrl,473,0,60
bul_Cyrl,473,1,13
bul_Cyrl,473,2,52
bul_Cyrl,473,3,13
bul_Cyrl,473,4,13
bul_Cyrl,473,5,13
bul_Cyrl,473,6,13
bul_Cyrl,473,7,13
bul_Cyrl,473,8,13
bul_Cyrl,473,9,13
bul_Cyrl,473,10,13
bul_Cyrl,473,11,13
bul_Cyrl,473,12,13
eng_Latn,474,0,60
eng_Latn,474,1,47
eng_Latn,474,2,62
eng_Latn,474,3,54
eng_Latn,474,4,54
eng_Latn,474,5,4
eng_Latn,474,6,16
eng_Latn,475,0,60
eng_Latn,475,1,50
eng_Latn,475,2,48
eng_Latn,475,3,20
eng_Latn,475,4,48
eng_Latn,475,5,48
eng_Latn,475,6,56
eng_Latn,475,7,35
eng_Latn,475,8,44
bul_Cyrl,476,0,60
bul_Cyrl,476,1,13
bul_Cyrl,476,2,13
bul_Cyrl,476,3,13
bul_Cyrl,476,4,13
bul_Cyrl,476,5,13
bul_Cyrl,476,6,13
bul_Cyrl,476,7,13
bul_Cyrl,476,8,13
bul_Cyrl,476,9,13
bul_Cyrl,476,10,13
bul_Cyrl,476,11,13
bul_Cyrl,476,12,13
bul_Cyrl,476,13,13
bul_Cyrl,476,14,13
bul_Cyrl,476,15,13
bul_Cyrl,476,16,13
bul_Cyrl,476,17,13
bul_Cyrl,476,18,13
bul_Cyrl,476,19,13
bul_Cyrl,476,20,13
bul_Cyrl,476,21,13
eng_Latn,477,0,60
eng_Latn,477,1,27
eng_Latn,477,2,49
eng_Latn,477,3,49
eng_Latn,478,0,60
eng_Latn,478,1,36
eng_Latn,478,2,56
eng_Latn,478,3,36
eng_Latn,478,4,36
eng_Latn,478,5,63
eng_Latn,479,0,60
eng_Latn,479,1,0
eng_Latn,479,2,29
eng_Latn,479,3,34
eng_Latn,479,4,34
eng_Latn,480,0,60
eng_Latn,480,1,35
eng_Latn,480,2,18
eng_Latn,480,3,20
eng_Latn,480,4,38
eng_Latn,480,5,57
eng_Latn,480,6,57
eng_Latn,480,7,59
eng_Latn,480,8,46
eng_Latn,480,9,54
eng_Latn,480,10,46
eng_Latn,481,0,60
eng_Latn,481,1,58
eng_Latn,481,2,58
eng_Latn,481,3,12
eng_Latn,481,4,61
eng_Latn,482,0,60
eng_Latn,482,1,22
eng_Latn,482,2,9
eng_Latn,482,3,22
eng_Latn,482,4,63
eng_Latn,482,5,56
eng_Latn,482,6,40
eng_Latn,482,7,61
eng_Latn,482,8,46
bul_Cyrl,483,0,60
bul_Cyrl,483,1,13
bul_Cyrl,483,2,13
bul_Cyrl,483,3,13
bul_Cyrl,483,4,13
bul_Cyrl,483,5,13
bul_Cyrl,483,6,13
bul_Cyrl,483,7,13
bul_Cyrl,483,8,13
bul_Cyrl,483,9,1
bul_Cyrl,483,10,13
bul_Cyrl,483,11,13
bul_Cyrl,483,12,13
eng_Latn,484,0,60
eng_Latn,484,1,22
eng_Latn,484,2,41
eng_Latn,484,3,34
eng_Latn,485,0,60
eng_Latn,485,1,54
eng_Latn,485,2,18
eng_Latn,485,3,20
eng_Latn,485,4,41
eng_Latn,485,5,51
eng_Latn,485,6,24
eng_Latn,485,7,39
eng_Latn,486,0,60
eng_Latn,486,1,47
eng_Latn,486,2,39
eng_Latn,486,3,46
eng_Latn,486,4,15
eng_Latn,486,5,56
eng_Latn,486,6,35
eng_Latn,486,7,44
eng_Latn,486,8,37
eng_Latn,486,9,37
eng_Latn,486,10,49
eng_Latn,487,0,60
eng_Latn,487,1,9
eng_Latn,487,2,56
eng_Latn,487,3,56
eng_Latn,487,4,56
eng_Latn,487,5,30
eng_Latn,487,6,48
eng_Latn,487,7,17
eng_Latn,487,8,48
eng_Latn,487,9,57
bul_Cyrl,488,0,60
bul_Cyrl,488,1,13
bul_Cyrl,488,2,47
bul_Cyrl,488,3,13
bul_Cyrl,488,4,13
bul_Cyrl,488,5,13
bul_Cyrl,488,6,13
bul_Cyrl,488,7,13
bul_Cyrl,488,8,13
bul_Cyrl,488,9,13
bul_Cyrl,488,10,13
bul_Cyrl,488,11,13
bul_Cyrl,488,12,13
bul_Cyrl,488,13,13
bul_Cyrl,488,14,13
bul_Cyrl,488,15,13
bul_Cyrl,488,16,13
bul_Cyrl,488,17,13
bul_Cyrl,488,18,13
bul_Cyrl,488,19,13
bul_Cyrl,488,20,13
bul_Cyrl,488,21,13
bul_Cyrl,488,22,13
bul_Cyrl,488,23,13
bul_Cyrl,489,0,60
bul_Cyrl,489,1,13
bul_Cyrl,489,2,13
bul_Cyrl,489,3,13
bul_Cyrl,489,4,13
bul_Cyrl,489,5,13
bul_Cyrl,489,6,13
bul_Cyrl,489,7,13
bul_Cyrl,489,8,13
bul_Cyrl,489,9,13
eng_Latn,490,0,60
eng_Latn,490,1,35
eng_Latn,490,2,9
eng_Latn,490,3,56
eng_Latn,490,4,41
eng_Latn,490,5,4
eng_Latn,490,6,4
eng_Latn,490,7,14
eng_Latn,490,8,5
eng_Latn,490,9,26
eng_Latn,490,10,26
bul_Cyrl,491,0,60
bul_Cyrl,491,1,13
bul_Cyrl,491,2,13
bul_Cyrl,491,3,13
bul_Cyrl,491,4,13
bul_Cyrl,491,5,13
bul_Cyrl,491,6,13
bul_Cyrl,491,7,13
bul_Cyrl,491,8,13
bul_Cyrl,491,9,13
bul_Cyrl,491,10,13
bul_Cyrl,491,11,13
bul_Cyrl,491,12,13
bul_Cyrl,491,13,13
bul_Cyrl,491,14,13
bul_Cyrl,491,15,13
bul_Cyrl,491,16,13
bul_Cyrl,491,17,13
bul_Cyrl,491,18,13
bul_Cyrl,491,19,13
bul_Cyrl,491,20,13
bul_Cyrl,491,21,47
bul_Cyrl,491,22,13
bul_Cyrl,491,23,13
eng_Latn,492,0,60
eng_Latn,492,1,50
eng_Latn,492,2,56
eng_Latn,492,3,16
eng_Latn,492,4,62
eng_Latn,492,5,62
eng_Latn,492,6,52
eng_Latn,493,0,60
eng_Latn,493,1,13
eng_Latn,493,2,13
eng_Latn,493,3,13
eng_Latn,493,4,13
eng_Latn,493,5,13
eng_Latn,493,6,13
eng_Latn,493,7,13
eng_Latn,493,8,13
eng_Latn,493,9,13
eng_Latn,493,10,47
eng_Latn,493,11,13
eng_Latn,493,12,13
eng_Latn,493,13,19
eng_Latn,493,14,13
eng_Latn,493,15,13
eng_Latn,493,16,47
eng_Latn,493,17,13
eng_Latn,493,18,13
eng_Latn,493,19,13
eng_Latn,493,20,13
eng_Latn,493,21,13
eng_Latn,493,22,13
eng_Latn,493,23,13
eng_Latn,493,24,34
eng_Latn,493,25,13
eng_Latn,493,26,13
eng_Latn,493,27,13
eng_Latn,493,28,13
eng_Latn,493,29,13
eng_Latn,493,30,13
eng_Latn,493,31,13
eng_Latn,493,32,13
eng_Latn,493,33,13
eng_Latn,493,34,13
eng_Latn,493,35,13
eng_Latn,493,36,13
eng_Latn,493,37,13
eng_Latn,493,38,13
eng_Latn,493,39,47
eng_Latn,493,40,13
eng_Latn,493,41,13
eng_Latn,493,42,13
eng_Latn,493,43,13
eng_Latn,493,44,13
eng_Latn,493,45,13
eng_Latn,493,46,19
eng_Latn,493,47,13
eng_Latn,493,48,13
eng_Latn,493,49,13
eng_Latn,493,50,13
eng_Latn,493,51,13
eng_Latn,493,52,13
eng_Latn,493,53,13
eng_Latn,493,54,13
eng_Latn,493,55,13
eng_Latn,493,56,13
eng_Latn,493,57,13
eng_Latn,493,58,13
eng_Latn,493,59,13
eng_Latn,493,60,13
eng_Latn,493,61,13
eng_Latn,493,62,34
eng_Latn,493,63,13
eng_Latn,493,64,13
eng_Latn,493,65,13
eng_Latn,493,66,13
eng_Latn,493,67,34
eng_Latn,493,68,13
eng_Latn,493,69,34
eng_Latn,493,70,13
eng_Latn,493,71,34
eng_Latn,494,0,60
eng_Latn,494,1,49
eng_Latn,494,2,16
bul_Cyrl,495,0,60
bul_Cyrl,495,1,13
bul_Cyrl,495,2,13
bul_Cyrl,495,3,13
bul_Cyrl,495,4,13
bul_Cyrl,495,5,13
bul_Cyrl,495,6,13
bul_Cyrl,495,7,13
bul_Cyrl,495,8,13
bul_Cyrl,495,9,13
bul_Cyrl,495,10,13
bul_Cyrl,495,11,13
bul_Cyrl,495,12,13
bul_Cyrl,495,13,13
bul_Cyrl,495,14,13
bul_Cyrl,495,15,13
bul_Cyrl,495,16,13
bul_Cyrl,495,17,52
bul_Cyrl,495,18,13
bul_Cyrl,495,19,13
bul_Cyrl,495,20,13
bul_Cyrl,495,21,13
bul_Cyrl,495,22,13
bul_Cyrl,495,23,13
bul_Cyrl,495,24,13
bul_Cyrl,495,25,13
eng_Latn,496,0,60
eng_Latn,496,1,17
eng_Latn,496,2,17
eng_Latn,496,3,20
eng_Latn,496,4,51
eng_Latn,497,0,60
eng_Latn,497,1,13
eng_Latn,497,2,13
eng_Latn,497,3,5
eng_Latn,497,4,7
eng_Latn,498,0,60
eng_Latn,498,1,54
eng_Latn,498,2,18
eng_Latn,498,3,18
eng_Latn,498,4,4
eng_Latn,498,5,18
eng_Latn,498,6,20
eng_Latn,498,7,19
eng_Latn,498,8,46
eng_Latn,498,9,5
eng_Latn,498,10,50
eng_Latn,498,11,16
eng_Latn,499,0,60
eng_Latn,499,1,24
eng_Latn,499,2,58
eng_Latn,499,3,9
eng_Latn,499,4,58
eng_Latn,499,5,58
eng_Latn,499,6,58
eng_Latn,500,0,60
eng_Latn,500,1,57
eng_Latn,500,2,17
eng_Latn,500,3,17
eng_Latn,500,4,16
eng_Latn,500,5,51
eng_Latn,501,0,60
eng_Latn,501,1,38
eng_Latn,501,2,19
eng_Latn,501,3,33
eng_Latn,501,4,33
eng_Latn,501,5,33
eng_Latn,501,6,2
eng_Latn,501,7,50
eng_Latn,501,8,16
eng_Latn,502,0,60
eng_Latn,502,1,15
eng_Latn,502,2,51
eng_Latn,502,3,18
eng_Latn,502,4,18
eng_Latn,502,5,41
eng_Latn,502,6,48
eng_Latn,503,0,60
eng_Latn,503,1,51
eng_Latn,503,2,34
eng_Latn,503,3,54
eng_Latn,503,4,9
eng_Latn,503,5,17
eng_Latn,503,6,20
eng_Latn,503,7,62
eng_Latn,503,8,34
bul_Cyrl,504,0,60
bul_Cyrl,504,1,13
bul_Cyrl,504,2,13
bul_Cyrl,504,3,13
bul_Cyrl,504,4,13
bul_Cyrl,504,5,13
bul_Cyrl,504,6,13
bul_Cyrl,504,7,13
bul_Cyrl,504,8,13
bul_Cyrl,504,9,13
bul_Cyrl,504,10,13
bul_Cyrl,504,11,13
bul_Cyrl,504,12,13
bul_Cyrl,504,13,13
bul_Cyrl,504,14,13
bul_Cyrl,504,15,13
bul_Cyrl,504,16,13
bul_Cyrl,504,17,13
bul_Cyrl,504,18,13
bul_Cyrl,504,19,13
bul_Cyrl,504,20,13
bul_Cyrl,505,0,60
bul_Cyrl,505,1,13
bul_Cyrl,505,2,13
bul_Cyrl,505,3,13
bul_Cyrl,505,4,13
bul_Cyrl,505,5,13
bul_Cyrl,505,6,13
bul_Cyrl,505,7,13
bul_Cyrl,505,8,13
bul_Cyrl,505,9,13
bul_Cyrl,505,10,13
bul_Cyrl,505,11,13
bul_Cyrl,505,12,13
bul_Cyrl,505,13,13
bul_Cyrl,505,14,13
bul_Cyrl,505,15,52
bul_Cyrl,505,16,52
bul_Cyrl,505,17,13
bul_Cyrl,505,18,13
bul_Cyrl,506,0,60
bul_Cyrl,506,1,13
bul_Cyrl,506,2,13
bul_Cyrl,506,3,13
bul_Cyrl,506,4,13
bul_Cyrl,506,5,13
bul_Cyrl,506,6,13
bul_Cyrl,506,7,13
bul_Cyrl,506,8,13
bul_Cyrl,506,9,13
bul_Cyrl,506,10,13
bul_Cyrl,506,11,13
bul_Cyrl,506,12,13
bul_Cyrl,506,13,13
bul_Cyrl,506,14,13
bul_Cyrl,506,15,13
bul_Cyrl,506,16,13
bul_Cyrl,506,17,13
bul_Cyrl,506,18,13
bul_Cyrl,506,19,13
eng_Latn,507,0,60
eng_Latn,507,1,45
eng_Latn,507,2,19
eng_Latn,507,3,33
eng_Latn,507,4,56
eng_Latn,507,5,35
eng_Latn,507,6,33
eng_Latn,507,7,33
eng_Latn,508,0,60
eng_Latn,508,1,1
eng_Latn,508,2,37
eng_Latn,508,3,37
eng_Latn,508,4,37
eng_Latn,508,5,49
eng_Latn,509,0,60
eng_Latn,509,1,39
eng_Latn,509,2,8
eng_Latn,509,3,48
eng_Latn,509,4,16
eng_Latn,509,5,54
eng_Latn,509,6,37
eng_Latn,509,7,37
eng_Latn,509,8,49
eng_Latn,510,0,60
eng_Latn,510,1,8
eng_Latn,510,2,37
eng_Latn,510,3,37
eng_Latn,510,4,37
eng_Latn,511,0,60
eng_Latn,511,1,18
eng_Latn,511,2,9
eng_Latn,511,3,0
eng_Latn,512,0,60
eng_Latn,512,1,52
eng_Latn,512,2,60
eng_Latn,512,3,50
eng_Latn,512,4,20
eng_Latn,512,5,52
eng_Latn,512,6,21
eng_Latn,512,7,8
eng_Latn,512,8,8
eng_Latn,512,9,46
eng_Latn,513,0,60
eng_Latn,513,1,9
eng_Latn,513,2,38
eng_Latn,513,3,15
eng_Latn,513,4,56
eng_Latn,513,5,63
eng_Latn,513,6,63
eng_Latn,513,7,37
eng_Latn,513,8,49
eng_Latn,513,9,63
eng_Latn,513,10,37
eng_Latn,514,0,60
eng_Latn,514,1,18
eng_Latn,514,2,3
eng_Latn,514,3,47
eng_Latn,515,0,60
eng_Latn,515,1,54
eng_Latn,515,2,12
eng_Latn,515,3,12
eng_Latn,515,4,61
eng_Latn,515,5,40
eng_Latn,515,6,47
eng_Latn,515,7,49
eng_Latn,515,8,48
eng_Latn,515,9,12
eng_Latn,515,10,12
eng_Latn,515,11,19
eng_Latn,515,12,22
eng_Latn,515,13,17
eng_Latn,516,0,60
eng_Latn,516,1,20
eng_Latn,516,2,34
eng_Latn,516,3,51
bul_Cyrl,517,0,60
bul_Cyrl,517,1,13
bul_Cyrl,517,2,13
bul_Cyrl,517,3,13
bul_Cyrl,517,4,13
bul_Cyrl,517,5,13
bul_Cyrl,517,6,13
bul_Cyrl,517,7,13
bul_Cyrl,517,8,13
bul_Cyrl,517,9,13
bul_Cyrl,517,10,13
bul_Cyrl,517,11,13
bul_Cyrl,517,12,13
bul_Cyrl,517,13,13
bul_Cyrl,517,14,13
bul_Cyrl,517,15,13
bul_Cyrl,517,16,13
bul_Cyrl,517,17,13
bul_Cyrl,517,18,13
bul_Cyrl,517,19,13
bul_Cyrl,517,20,13
bul_Cyrl,517,21,13
bul_Cyrl,517,22,13
bul_Cyrl,517,23,13
bul_Cyrl,517,24,13
bul_Cyrl,517,25,27
bul_Cyrl,517,26,27
bul_Cyrl,517,27,27
bul_Cyrl,517,28,13
bul_Cyrl,518,0,60
bul_Cyrl,518,1,13
bul_Cyrl,518,2,13
bul_Cyrl,518,3,13
bul_Cyrl,518,4,19
bul_Cyrl,518,5,13
eng_Latn,519,0,60
eng_Latn,519,1,39
eng_Latn,519,2,61
eng_Latn,519,3,26
eng_Latn,519,4,49
eng_Latn,519,5,56
eng_Latn,519,6,37
eng_Latn,519,7,57
eng_Latn,519,8,35
eng_Latn,519,9,57
eng_Latn,520,0,60
eng_Latn,520,1,19
eng_Latn,520,2,40
eng_Latn,520,3,17
eng_Latn,520,4,16
eng_Latn,520,5,31
eng_Latn,520,6,53
eng_Latn,520,7,34
eng_Latn,521,0,60
eng_Latn,521,1,34
eng_Latn,521,2,22
eng_Latn,521,3,22
eng_Latn,521,4,40
eng_Latn,521,5,34
eng_Latn,522,0,60
eng_Latn,522,1,56
eng_Latn,522,2,34
eng_Latn,522,3,31
eng_Latn,522,4,20
eng_Latn,522,5,63
eng_Latn,523,0,60
eng_Latn,523,1,9
eng_Latn,523,2,56
eng_Latn,523,3,41
eng_Latn,523,4,17
eng_Latn,523,5,20
eng_Latn,523,6,57
eng_Latn,523,7,15
eng_Latn,523,8,16
eng_Latn,523,9,8
eng_Latn,523,10,8
eng_Latn,523,11,15
eng_Latn,524,0,60
eng_Latn,524,1,22
eng_Latn,524,2,34
eng_Latn,524,3,22
eng_Latn,524,4,22
eng_Latn,524,5,37
eng_Latn,524,6,63
eng_Latn,524,7,34
eng_Latn,524,8,24
eng_Latn,524,9,7
eng_Latn,524,10,60
eng_Latn,525,0,60
eng_Latn,525,1,34
eng_Latn,525,2,42
eng_Latn,525,3,51
eng_Latn,526,0,60
eng_Latn,526,1,29
eng_Latn,526,2,40
eng_Latn,526,3,26
eng_Latn,526,4,49
eng_Latn,526,5,14
eng_Latn,526,6,34
eng_Latn,526,7,57
eng_Latn,527,0,60
eng_Latn,527,1,22
eng_Latn,527,2,15
eng_Latn,527,3,37
eng_Latn,527,4,52
eng_Latn,527,5,52
eng_Latn,527,6,19
eng_Latn,527,7,19
eng_Latn,527,8,3
eng_Latn,527,9,46
eng_Latn,528,0,60
eng_Latn,528,1,16
eng_Latn,528,2,37
eng_Latn,528,3,52
eng_Latn,528,4,16
eng_Latn,528,5,52
eng_Latn,528,6,9
eng_Latn,528,7,4
eng_Latn,528,8,1
eng_Latn,528,9,19
eng_Latn,528,10,4
eng_Latn,529,0,60
eng_Latn,529,1,54
eng_Latn,529,2,50
eng_Latn,529,3,18
eng_Latn,529,4,20
eng_Latn,529,5,16
eng_Latn,529,6,5
eng_Latn,529,7,18
eng_Latn,529,8,0
eng_Latn,529,9,53
eng_Latn,529,10,39
eng_Latn,529,11,16
eng_Latn,530,0,60
eng_Latn,530,1,58
eng_Latn,530,2,52
eng_Latn,530,3,52
eng_Latn,530,4,1
eng_Latn,530,5,57
eng_Latn,530,6,31
eng_Latn,530,7,16
eng_Latn,530,8,16
eng_Latn,530,9,16
eng_Latn,531,0,60
eng_Latn,531,1,22
eng_Latn,531,2,17
eng_Latn,531,3,50
eng_Latn,531,4,22
eng_Latn,531,5,37
eng_Latn,531,6,49
eng_Latn,531,7,37
eng_Latn,531,8,63
eng_Latn,531,9,9
eng_Latn,531,10,22
eng_Latn,531,11,22
eng_Latn,531,12,51
eng_Latn,532,0,60
eng_Latn,532,1,22
eng_Latn,532,2,60
eng_Latn,532,3,9
eng_Latn,532,4,27
eng_Latn,532,5,49
eng_Latn,532,6,26
eng_Latn,532,7,27
eng_Latn,532,8,40
eng_Latn,532,9,61
bul_Cyrl,533,0,60
bul_Cyrl,533,1,13
bul_Cyrl,533,2,13
bul_Cyrl,533,3,13
bul_Cyrl,533,4,12
bul_Cyrl,533,5,13
bul_Cyrl,533,6,13
bul_Cyrl,533,7,13
bul_Cyrl,533,8,13
bul_Cyrl,533,9,13
bul_Cyrl,533,10,13
bul_Cyrl,533,11,13
bul_Cyrl,533,12,13
bul_Cyrl,533,13,52
bul_Cyrl,533,14,13
bul_Cyrl,533,15,13
bul_Cyrl,533,16,13
bul_Cyrl,533,17,13
bul_Cyrl,533,18,13
bul_Cyrl,533,19,13
bul_Cyrl,533,20,13
bul_Cyrl,533,21,13
bul_Cyrl,533,22,13
bul_Cyrl,533,23,13
bul_Cyrl,533,24,13
bul_Cyrl,533,25,13
bul_Cyrl,533,26,13
bul_Cyrl,533,27,13
bul_Cyrl,533,28,52
eng_Latn,534,0,60
eng_Latn,534,1,50
eng_Latn,534,2,51
eng_Latn,534,3,19
eng_Latn,534,4,19
eng_Latn,534,5,51
eng_Latn,534,6,5
eng_Latn,534,7,19
eng_Latn,534,8,0
eng_Latn,534,9,0
eng_Latn,534,10,8
eng_Latn,534,11,57
eng_Latn,535,0,60
eng_Latn,535,1,54
eng_Latn,535,2,54
eng_Latn,535,3,54
eng_Latn,535,4,50
eng_Latn,535,5,16
eng_Latn,535,6,38
eng_Latn,535,7,4
eng_Latn,535,8,5
eng_Latn,535,9,18
eng_Latn,535,10,51
eng_Latn,535,11,42
eng_Latn,535,12,24
eng_Latn,535,13,29
eng_Latn,535,14,54
bul_Cyrl,536,0,60
bul_Cyrl,536,1,12
bul_Cyrl,536,2,11
bul_Cyrl,536,3,19
bul_Cyrl,536,4,22
bul_Cyrl,536,5,13
bul_Cyrl,536,6,13
bul_Cyrl,536,7,13
bul_Cyrl,536,8,13
bul_Cyrl,536,9,13
bul_Cyrl,536,10,47
bul_Cyrl,536,11,13
bul_Cyrl,536,12,13
bul_Cyrl,536,13,13
bul_Cyrl,536,14,13
bul_Cyrl,536,15,13
bul_Cyrl,536,16,13
eng_Latn,537,0,60
eng_Latn,537,1,28
eng_Latn,537,2,28
eng_Latn,537,3,38
eng_Latn,537,4,19
eng_Latn,537,5,47
bul_Cyrl,538,0,60
bul_Cyrl,538,1,13
bul_Cyrl,538,2,47
bul_Cyrl,538,3,13
bul_Cyrl,538,4,13
bul_Cyrl,538,5,13
bul_Cyrl,538,6,13
bul_Cyrl,538,7,13
bul_Cyrl,538,8,13
bul_Cyrl,538,9,13
bul_Cyrl,538,10,13
bul_Cyrl,538,11,13
bul_Cyrl,538,12,13
bul_Cyrl,538,13,13
bul_Cyrl,538,14,13
bul_Cyrl,538,15,13
bul_Cyrl,538,16,13
eng_Latn,539,0,60
eng_Latn,539,1,49
eng_Latn,539,2,40
eng_Latn,539,3,49
eng_Latn,539,4,37
eng_Latn,539,5,37
eng_Latn,539,6,57
eng_Latn,540,0,60
eng_Latn,540,1,53
eng_Latn,540,2,19
eng_Latn,540,3,39
eng_Latn,540,4,9
eng_Latn,540,5,3
eng_Latn,540,6,18
bul_Cyrl,541,0,60
bul_Cyrl,541,1,13
bul_Cyrl,541,2,13
bul_Cyrl,541,3,13
bul_Cyrl,541,4,13
bul_Cyrl,541,5,13
bul_Cyrl,541,6,13
bul_Cyrl,541,7,13
bul_Cyrl,541,8,13
bul_Cyrl,541,9,13
bul_Cyrl,541,10,13
bul_Cyrl,541,11,13
bul_Cyrl,541,12,13
bul_Cyrl,541,13,13
bul_Cyrl,541,14,13
bul_Cyrl,541,15,13
bul_Cyrl,541,16,13
bul_Cyrl,541,17,13
bul_Cyrl,541,18,13
bul_Cyrl,541,19,13
bul_Cyrl,541,20,13
bul_Cyrl,541,21,13
bul_Cyrl,541,22,13
bul_Cyrl,541,23,13
bul_Cyrl,541,24,13
eng_Latn,542,0,60
eng_Latn,542,1,9
eng_Latn,542,2,11
eng_Latn,542,3,27
eng_Latn,542,4,27
eng_Latn,542,5,27
eng_Latn,542,6,39
eng_Latn,542,7,11
eng_Latn,542,8,19
eng_Latn,542,9,27
eng_Latn,542,10,26
eng_Latn,542,11,39
eng_Latn,542,12,1
eng_Latn,542,13,9
eng_Latn,542,14,60
eng_Latn,543,0,60
eng_Latn,543,1,20
eng_Latn,543,2,34
eng_Latn,543,3,0
eng_Latn,543,4,53
eng_Latn,543,5,3
eng_Latn,543,6,46
eng_Latn,543,7,51
eng_Latn,544,0,60
eng_Latn,544,1,50
eng_Latn,544,2,16
eng_Latn,544,3,54
eng_Latn,544,4,54
eng_Latn,544,5,53
eng_Latn,544,6,52
eng_Latn,544,7,52
eng_Latn,545,0,60
eng_Latn,545,1,12
eng_Latn,545,2,22
eng_Latn,545,3,1
eng_Latn,545,4,22
eng_Latn,546,0,60
eng_Latn,546,1,56
eng_Latn,546,2,48
eng_Latn,546,3,56
eng_Latn,546,4,46
eng_Latn,547,0,60
eng_Latn,547,1,45
eng_Latn,547,2,17
eng_Latn,547,3,56
eng_Latn,547,4,46
eng_Latn,547,5,53
eng_Latn,547,6,38
eng_Latn,547,7,59
eng_Latn,547,8,51
eng_Latn,548,0,60
eng_Latn,548,1,45
eng_Latn,548,2,48
eng_Latn,548,3,29
eng_Latn,548,4,41
eng_Latn,548,5,15
eng_Latn,549,0,60
eng_Latn,549,1,18
eng_Latn,549,2,16
eng_Latn,549,3,38
eng_Latn,549,4,63
eng_Latn,549,5,32
eng_Latn,549,6,32
eng_Latn,549,7,63
eng_Latn,549,8,63
eng_Latn,550,0,60
eng_Latn,550,1,9
eng_Latn,550,2,22
eng_Latn,550,3,56
eng_Latn,550,4,57
eng_Latn,550,5,28
eng_Latn,550,6,52
eng_Latn,550,7,35
eng_Latn,550,8,57
bul_Cyrl,551,0,60
bul_Cyrl,551,1,13
bul_Cyrl,551,2,13
bul_Cyrl,551,3,13
bul_Cyrl,551,4,13
bul_Cyrl,551,5,13
bul_Cyrl,551,6,13
bul_Cyrl,551,7,13
bul_Cyrl,551,8,13
bul_Cyrl,551,9,13
bul_Cyrl,551,10,13
bul_Cyrl,551,11,13
bul_Cyrl,551,12,13
bul_Cyrl,551,13,13
bul_Cyrl,551,14,13
bul_Cyrl,551,15,13
bul_Cyrl,551,16,13
bul_Cyrl,551,17,13
bul_Cyrl,551,18,13
bul_Cyrl,551,19,13
bul_Cyrl,551,20,13
bul_Cyrl,551,21,13
bul_Cyrl,551,22,13
bul_Cyrl,551,23,13
bul_Cyrl,551,24,13
bul_Cyrl,551,25,13
bul_Cyrl,551,26,13
eng_Latn,552,0,60
eng_Latn,552,1,20
eng_Latn,552,2,41
eng_Latn,552,3,16
eng_Latn,552,4,45
eng_Latn,552,5,18
eng_Latn,552,6,56
eng_Latn,552,7,16
eng_Latn,552,8,20
eng_Latn,552,9,34
eng_Latn,553,0,60
eng_Latn,553,1,35
eng_Latn,553,2,17
eng_Latn,553,3,35
eng_Latn,553,4,52
eng_Latn,553,5,57
eng_Latn,553,6,17
eng_Latn,553,7,51
eng_Latn,554,0,60
eng_Latn,554,1,34
eng_Latn,554,2,29
eng_Latn,554,3,34
eng_Latn,554,4,20
eng_Latn,554,5,49
eng_Latn,554,6,5
eng_Latn,554,7,49
eng_Latn,555,0,60
eng_Latn,555,1,26
eng_Latn,555,2,39
eng_Latn,555,3,39
eng_Latn,556,0,60
eng_Latn,556,1,19
eng_Latn,556,2,46
eng_Latn,556,3,15
eng_Latn,556,4,56
eng_Latn,556,5,48
eng_Latn,556,6,53
eng_Latn,556,7,53
bul_Cyrl,557,0,60
bul_Cyrl,557,1,13
bul_Cyrl,557,2,13
bul_Cyrl,557,3,13
bul_Cyrl,557,4,13
bul_Cyrl,557,5,13
bul_Cyrl,557,6,13
bul_Cyrl,557,7,13
bul_Cyrl,557,8,13
bul_Cyrl,557,9,13
bul_Cyrl,557,10,13
bul_Cyrl,557,11,13
bul_Cyrl,557,12,13
bul_Cyrl,557,13,13
bul_Cyrl,557,14,13
bul_Cyrl,557,15,13
bul_Cyrl,558,0,60
bul_Cyrl,558,1,13
bul_Cyrl,558,2,13
bul_Cyrl,558,3,13
bul_Cyrl,558,4,13
bul_Cyrl,558,5,13
bul_Cyrl,558,6,13
bul_Cyrl,558,7,13
bul_Cyrl,558,8,13
bul_Cyrl,558,9,13
bul_Cyrl,558,10,13
bul_Cyrl,558,11,13
bul_Cyrl,558,12,47
bul_Cyrl,558,13,13
bul_Cyrl,558,14,13
bul_Cyrl,558,15,13
bul_Cyrl,558,16,13
bul_Cyrl,558,17,13
bul_Cyrl,558,18,13
bul_Cyrl,558,19,13
eng_Latn,559,0,60
eng_Latn,559,1,37
eng_Latn,559,2,37
eng_Latn,559,3,52
eng_Latn,559,4,37
bul_Cyrl,560,0,60
bul_Cyrl,560,1,13
bul_Cyrl,560,2,13
bul_Cyrl,560,3,13
bul_Cyrl,560,4,13
bul_Cyrl,560,5,13
bul_Cyrl,560,6,13
bul_Cyrl,560,7,13
bul_Cyrl,560,8,13
bul_Cyrl,560,9,13
bul_Cyrl,560,10,13
bul_Cyrl,560,11,13
bul_Cyrl,560,12,13
bul_Cyrl,560,13,13
bul_Cyrl,560,14,13
bul_Cyrl,560,15,13
bul_Cyrl,560,16,13
bul_Cyrl,560,17,13
bul_Cyrl,560,18,13
bul_Cyrl,560,19,13
bul_Cyrl,560,20,13
bul_Cyrl,560,21,40
bul_Cyrl,560,22,47
bul_Cyrl,560,23,13
eng_Latn,561,0,60
eng_Latn,561,1,17
eng_Latn,561,2,17
eng_Latn,561,3,5
eng_Latn,561,4,5
eng_Latn,561,5,49
eng_Latn,562,0,60
eng_Latn,562,1,18
eng_Latn,562,2,18
eng_Latn,562,3,29
eng_Latn,562,4,51
eng_Latn,562,5,52
eng_Latn,562,6,49
eng_Latn,563,0,60
eng_Latn,563,1,34
eng_Latn,563,2,63
eng_Latn,563,3,31
eng_Latn,563,4,53
eng_Latn,563,5,22
eng_Latn,563,6,12
eng_Latn,563,7,47
eng_Latn,563,8,40
eng_Latn,563,9,40
eng_Latn,564,0,60
eng_Latn,564,1,19
eng_Latn,564,2,8
eng_Latn,564,3,8
eng_Latn,564,4,8
eng_Latn,564,5,57
eng_Latn,564,6,57
eng_Latn,564,7,47
eng_Latn,564,8,8
eng_Latn,565,0,60
eng_Latn,565,1,6
eng_Latn,565,2,48
eng_Latn,565,3,18
eng_Latn,565,4,63
bul_Cyrl,566,0,60
bul_Cyrl,566,1,13
bul_Cyrl,566,2,13
bul_Cyrl,566,3,13
bul_Cyrl,566,4,13
bul_Cyrl,566,5,13
bul_Cyrl,566,6,13
bul_Cyrl,566,7,13
bul_Cyrl,566,8,13
bul_Cyrl,566,9,13
bul_Cyrl,566,10,13
bul_Cyrl,566,11,13
bul_Cyrl,566,12,13
bul_Cyrl,566,13,13
bul_Cyrl,566,14,13
bul_Cyrl,566,15,13
bul_Cyrl,566,16,13
bul_Cyrl,566,17,13
bul_Cyrl,566,18,13
bul_Cyrl,566,19,13
bul_Cyrl,566,20,13
bul_Cyrl,566,21,13
bul_Cyrl,566,22,13
bul_Cyrl,566,23,13
bul_Cyrl,566,24,13
eng_Latn,567,0,60
eng_Latn,567,1,49
eng_Latn,567,2,26
eng_Latn,568,0,60
eng_Latn,568,1,52
eng_Latn,568,2,14
eng_Latn,568,3,52
eng_Latn,568,4,52
eng_Latn,568,5,57
eng_Latn,568,6,63
eng_Latn,569,0,60
eng_Latn,569,1,17
eng_Latn,569,2,33
eng_Latn,569,3,38
eng_Latn,569,4,33
eng_Latn,569,5,33
eng_Latn,569,6,33
eng_Latn,569,7,33
eng_Latn,569,8,33
eng_Latn,570,0,60
eng_Latn,570,1,24
eng_Latn,570,2,41
eng_Latn,570,3,34
eng_Latn,570,4,34
eng_Latn,571,0,60
eng_Latn,571,1,57
eng_Latn,571,2,57
eng_Latn,571,3,51
eng_Latn,571,4,54
eng_Latn,571,5,59
eng_Latn,571,6,17
eng_Latn,572,0,60
eng_Latn,572,1,16
eng_Latn,572,2,54
eng_Latn,572,3,46
eng_Latn,572,4,5
eng_Latn,572,5,18
eng_Latn,572,6,56
eng_Latn,572,7,46
eng_Latn,572,8,5
eng_Latn,572,9,16
eng_Latn,572,10,56
eng_Latn,572,11,1
eng_Latn,573,0,60
eng_Latn,573,1,47
eng_Latn,573,2,49
eng_Latn,573,3,5
eng_Latn,573,4,49
bul_Cyrl,574,0,60
bul_Cyrl,574,1,13
bul_Cyrl,574,2,13
bul_Cyrl,574,3,13
bul_Cyrl,574,4,13
bul_Cyrl,574,5,13
bul_Cyrl,574,6,13
bul_Cyrl,574,7,13
bul_Cyrl,574,8,12
bul_Cyrl,574,9,13
bul_Cyrl,574,10,13
bul_Cyrl,574,11,27
bul_Cyrl,574,12,47
bul_Cyrl,574,13,26
bul_Cyrl,574,14,13
eng_Latn,575,0,60
eng_Latn,575,1,17
eng_Latn,575,2,32
eng_Latn,575,3,17
eng_Latn,575,4,4
eng_Latn,575,5,32
eng_Latn,575,6,4
eng_Latn,576,0,60
eng_Latn,576,1,11
eng_Latn,576,2,61
eng_Latn,576,3,22
eng_Latn,576,4,22
eng_Latn,576,5,42
eng_Latn,576,6,47
eng_Latn,576,7,27
eng_Latn,576,8,39
bul_Cyrl,577,0,60
bul_Cyrl,577,1,9
bul_Cyrl,577,2,13
bul_Cyrl,577,3,13
bul_Cyrl,577,4,13
bul_Cyrl,577,5,13
bul_Cyrl,577,6,13
bul_Cyrl,577,7,13
bul_Cyrl,577,8,13
bul_Cyrl,577,9,13
bul_Cyrl,577,10,13
bul_Cyrl,577,11,13
bul_Cyrl,577,12,13
bul_Cyrl,577,13,13
bul_Cyrl,577,14,13
bul_Cyrl,577,15,13
bul_Cyrl,577,16,13
bul_Cyrl,577,17,13
bul_Cyrl,577,18,13
bul_Cyrl,577,19,13
bul_Cyrl,577,20,13
bul_Cyrl,577,21,27
bul_Cyrl,577,22,13
eng_Latn,578,0,60
eng_Latn,578,1,29
eng_Latn,578,2,54
eng_Latn,578,3,18
eng_Latn,578,4,0
eng_Latn,578,5,17
eng_Latn,578,6,20
eng_Latn,578,7,24
eng_Latn,578,8,7
eng_Latn,579,0,60
eng_Latn,579,1,9
eng_Latn,579,2,56
eng_Latn,579,3,56
eng_Latn,579,4,51
eng_Latn,579,5,54
eng_Latn,579,6,18
eng_Latn,579,7,16
eng_Latn,579,8,20
eng_Latn,579,9,16
bul_Cyrl,580,0,60
bul_Cyrl,580,1,13
bul_Cyrl,580,2,13
bul_Cyrl,580,3,13
bul_Cyrl,580,4,13
bul_Cyrl,580,5,13
bul_Cyrl,580,6,13
bul_Cyrl,580,7,13
bul_Cyrl,580,8,13
bul_Cyrl,580,9,13
bul_Cyrl,580,10,13
bul_Cyrl,580,11,12
bul_Cyrl,580,12,13
bul_Cyrl,580,13,13
bul_Cyrl,580,14,13
bul_Cyrl,580,15,13
bul_Cyrl,580,16,13
eng_Latn,581,0,60
eng_Latn,581,1,35
eng_Latn,581,2,35
eng_Latn,581,3,48
eng_Latn,581,4,48
eng_Latn,581,5,12
eng_Latn,581,6,37
eng_Latn,581,7,37
eng_Latn,581,8,37
bul_Cyrl,582,0,60
bul_Cyrl,582,1,13
bul_Cyrl,582,2,13
bul_Cyrl,582,3,13
bul_Cyrl,582,4,13
bul_Cyrl,582,5,13
bul_Cyrl,582,6,13
bul_Cyrl,582,7,13
bul_Cyrl,582,8,13
bul_Cyrl,582,9,13
bul_Cyrl,582,10,13
bul_Cyrl,582,11,13
bul_Cyrl,582,12,13
bul_Cyrl,582,13,13
eng_Latn,583,0,60
eng_Latn,583,1,9
eng_Latn,583,2,17
eng_Latn,583,3,21
eng_Latn,583,4,51
eng_Latn,584,0,60
eng_Latn,584,1,19
eng_Latn,584,2,49
eng_Latn,584,3,5
eng_Latn,584,4,5
eng_Latn,584,5,26
eng_Latn,585,0,60
eng_Latn,585,1,22
eng_Latn,585,2,51
eng_Latn,586,0,60
eng_Latn,586,1,11
eng_Latn,586,2,22
eng_Latn,586,3,63
eng_Latn,586,4,60
eng_Latn,586,5,14
eng_Latn,586,6,40
eng_Latn,586,7,60
eng_Latn,587,0,60
eng_Latn,587,1,57
eng_Latn,587,2,20
eng_Latn,587,3,1
eng_Latn,587,4,52
eng_Latn,588,0,60
eng_Latn,588,1,38
eng_Latn,588,2,18
eng_Latn,588,3,53
eng_Latn,588,4,20
eng_Latn,588,5,26
eng_Latn,588,6,40
eng_Latn,588,7,18
eng_Latn,589,0,60
eng_Latn,589,1,35
eng_Latn,589,2,63
eng_Latn,589,3,63
eng_Latn,589,4,19
eng_Latn,590,0,60
eng_Latn,590,1,38
eng_Latn,590,2,38
eng_Latn,590,3,20
eng_Latn,590,4,40
eng_Latn,590,5,16
eng_Latn,590,6,57
eng_Latn,590,7,57
eng_Latn,591,0,60
eng_Latn,591,1,47
eng_Latn,591,2,1
eng_Latn,591,3,22
eng_Latn,591,4,60
eng_Latn,591,5,57
eng_Latn,591,6,40
eng_Latn,591,7,49
eng_Latn,591,8,60
eng_Latn,591,9,47
eng_Latn,591,10,47
eng_Latn,591,11,27
eng_Latn,591,12,27
eng_Latn,591,13,52
eng_Latn,592,0,60
eng_Latn,592,1,20
eng_Latn,592,2,35
eng_Latn,592,3,63
eng_Latn,592,4,53
eng_Latn,592,5,35
eng_Latn,592,6,15
eng_Latn,593,0,60
eng_Latn,593,1,29
eng_Latn,593,2,18
eng_Latn,593,3,5
eng_Latn,593,4,18
eng_Latn,593,5,18
eng_Latn,593,6,16
eng_Latn,593,7,18
eng_Latn,593,8,56
eng_Latn,593,9,57
eng_Latn,594,0,60
eng_Latn,594,1,56
eng_Latn,594,2,35
eng_Latn,594,3,56
eng_Latn,594,4,57
eng_Latn,595,0,60
eng_Latn,595,1,18
eng_Latn,595,2,56
eng_Latn,595,3,4
eng_Latn,595,4,2
eng_Latn,595,5,27
eng_Latn,595,6,16
eng_Latn,596,0,60
eng_Latn,596,1,58
eng_Latn,596,2,58
eng_Latn,596,3,58
eng_Latn,596,4,58
eng_Latn,596,5,58
eng_Latn,596,6,58
eng_Latn,596,7,58
eng_Latn,596,8,58
eng_Latn,597,0,60
eng_Latn,597,1,16
eng_Latn,597,2,53
eng_Latn,597,3,52
eng_Latn,597,4,63
eng_Latn,597,5,63
eng_Latn,597,6,14
eng_Latn,597,7,1
eng_Latn,597,8,1
eng_Latn,597,9,52
eng_Latn,598,0,60
eng_Latn,598,1,57
eng_Latn,598,2,37
eng_Latn,598,3,37
eng_Latn,598,4,37
eng_Latn,598,5,37
eng_Latn,598,6,52
eng_Latn,599,0,60
eng_Latn,599,1,40
eng_Latn,599,2,8
eng_Latn,599,3,26
eng_Latn,599,4,33
eng_Latn,599,5,52
eng_Latn,599,6,57
eng_Latn,599,7,8
eng_Latn,599,8,49
eng_Latn,600,0,60
eng_Latn,600,1,63
eng_Latn,600,2,63
eng_Latn,600,3,19
eng_Latn,601,0,60
eng_Latn,601,1,14
eng_Latn,601,2,19
eng_Latn,601,3,40
eng_Latn,601,4,18
bul_Cyrl,602,0,60
bul_Cyrl,602,1,13
bul_Cyrl,602,2,13
bul_Cyrl,602,3,13
bul_Cyrl,602,4,13
bul_Cyrl,602,5,13
bul_Cyrl,602,6,13
bul_Cyrl,602,7,13
eng_Latn,603,0,60
eng_Latn,603,1,17
eng_Latn,603,2,16
eng_Latn,603,3,54
eng_Latn,603,4,51
bul_Cyrl,604,0,60
bul_Cyrl,604,1,39
bul_Cyrl,604,2,8
bul_Cyrl,604,3,11
bul_Cyrl,604,4,13
bul_Cyrl,604,5,13
bul_Cyrl,604,6,13
bul_Cyrl,604,7,13
bul_Cyrl,604,8,13
bul_Cyrl,604,9,13
bul_Cyrl,604,10,13
bul_Cyrl,604,11,13
bul_Cyrl,604,12,13
bul_Cyrl,604,13,13
bul_Cyrl,604,14,13
bul_Cyrl,604,15,13
bul_Cyrl,604,16,13
bul_Cyrl,604,17,13
bul_Cyrl,604,18,12
bul_Cyrl,604,19,13
bul_Cyrl,604,20,13
bul_Cyrl,604,21,13
bul_Cyrl,604,22,13
bul_Cyrl,604,23,13
bul_Cyrl,604,24,13
bul_Cyrl,604,25,13
eng_Latn,605,0,60
eng_Latn,605,1,22
eng_Latn,605,2,54
eng_Latn,605,3,37
eng_Latn,605,4,48
eng_Latn,606,0,60
eng_Latn,606,1,9
eng_Latn,606,2,38
eng_Latn,606,3,15
eng_Latn,606,4,56
eng_Latn,606,5,63
eng_Latn,606,6,14
eng_Latn,606,7,14
eng_Latn,606,8,40
eng_Latn,606,9,1
bul_Cyrl,607,0,60
bul_Cyrl,607,1,13
bul_Cyrl,607,2,13
bul_Cyrl,607,3,13
bul_Cyrl,607,4,13
bul_Cyrl,607,5,13
bul_Cyrl,607,6,13
bul_Cyrl,607,7,13
bul_Cyrl,607,8,13
bul_Cyrl,607,9,13
bul_Cyrl,607,10,13
bul_Cyrl,607,11,13
bul_Cyrl,607,12,13
bul_Cyrl,607,13,19
bul_Cyrl,607,14,13
bul_Cyrl,608,0,60
bul_Cyrl,608,1,13
bul_Cyrl,608,2,13
bul_Cyrl,608,3,13
bul_Cyrl,608,4,13
bul_Cyrl,608,5,13
bul_Cyrl,608,6,13
bul_Cyrl,608,7,13
bul_Cyrl,608,8,13
bul_Cyrl,608,9,13
bul_Cyrl,608,10,13
bul_Cyrl,608,11,13
bul_Cyrl,608,12,13
bul_Cyrl,608,13,13
bul_Cyrl,608,14,13
bul_Cyrl,608,15,13
bul_Cyrl,608,16,13
bul_Cyrl,608,17,13
eng_Latn,609,0,60
eng_Latn,609,1,22
eng_Latn,609,2,45
eng_Latn,609,3,22
eng_Latn,609,4,16
eng_Latn,609,5,59
eng_Latn,609,6,34
eng_Latn,609,7,20
eng_Latn,609,8,19
eng_Latn,609,9,19
eng_Latn,609,10,34
eng_Latn,610,0,60
eng_Latn,610,1,17
eng_Latn,610,2,54
eng_Latn,610,3,24
eng_Latn,610,4,39
eng_Latn,610,5,46
eng_Latn,610,6,48
eng_Latn,610,7,19
eng_Latn,610,8,16
eng_Latn,610,9,20
eng_Latn,610,10,34
eng_Latn,611,0,60
eng_Latn,611,1,5
eng_Latn,611,2,20
eng_Latn,611,3,52
eng_Latn,611,4,57
eng_Latn,611,5,23
eng_Latn,611,6,23
eng_Latn,611,7,61
eng_Latn,611,8,15
eng_Latn,611,9,16
eng_Latn,611,10,20
eng_Latn,611,11,63
eng_Latn,612,0,60
eng_Latn,612,1,16
eng_Latn,612,2,59
eng_Latn,612,3,19
eng_Latn,612,4,17
eng_Latn,612,5,53
eng_Latn,612,6,46
eng_Latn,613,0,60
eng_Latn,613,1,61
eng_Latn,613,2,9
eng_Latn,613,3,4
eng_Latn,613,4,51
eng_Latn,613,5,35
eng_Latn,613,6,9
eng_Latn,613,7,37
eng_Latn,613,8,46
eng_Latn,614,0,60
eng_Latn,614,1,7
eng_Latn,614,2,19
eng_Latn,614,3,34
eng_Latn,614,4,9
eng_Latn,614,5,22
eng_Latn,614,6,42
eng_Latn,614,7,27
eng_Latn,614,8,13
eng_Latn,614,9,27
eng_Latn,614,10,7
eng_Latn,614,11,49
bul_Cyrl,615,0,60
bul_Cyrl,615,1,13
bul_Cyrl,615,2,1
bul_Cyrl,615,3,47
bul_Cyrl,615,4,13
bul_Cyrl,615,5,13
bul_Cyrl,615,6,13
bul_Cyrl,615,7,13
bul_Cyrl,615,8,13
bul_Cyrl,615,9,13
bul_Cyrl,615,10,13
bul_Cyrl,615,11,13
bul_Cyrl,615,12,13
bul_Cyrl,615,13,13
bul_Cyrl,615,14,13
bul_Cyrl,615,15,13
bul_Cyrl,615,16,13
bul_Cyrl,615,17,13
bul_Cyrl,615,18,13
bul_Cyrl,615,19,13
bul_Cyrl,615,20,13
bul_Cyrl,615,21,13
bul_Cyrl,615,22,13
bul_Cyrl,615,23,13
eng_Latn,616,0,60
eng_Latn,616,1,9
eng_Latn,616,2,38
eng_Latn,616,3,15
eng_Latn,616,4,56
eng_Latn,616,5,63
eng_Latn,616,6,57
eng_Latn,616,7,30
eng_Latn,616,8,52
eng_Latn,616,9,63
eng_Latn,617,0,60
eng_Latn,617,1,12
eng_Latn,617,2,42
eng_Latn,617,3,19
eng_Latn,617,4,22
eng_Latn,617,5,49
eng_Latn,617,6,9
eng_Latn,617,7,19
eng_Latn,617,8,22
eng_Latn,617,9,40
eng_Latn,618,0,60
eng_Latn,618,1,30
eng_Latn,618,2,63
eng_Latn,618,3,53
eng_Latn,618,4,46
eng_Latn,618,5,56
eng_Latn,618,6,63
eng_Latn,619,0,60
eng_Latn,619,1,46
eng_Latn,619,2,15
eng_Latn,619,3,14
eng_Latn,619,4,23
eng_Latn,619,5,13
eng_Latn,619,6,19
eng_Latn,619,7,63
eng_Latn,620,0,60
eng_Latn,620,1,37
eng_Latn,620,2,46
eng_Latn,620,3,12
eng_Latn,620,4,13
eng_Latn,620,5,47
eng_Latn,620,6,48
eng_Latn,620,7,48
eng_Latn,620,8,48
eng_Latn,620,9,1
eng_Latn,620,10,52
eng_Latn,621,0,60
eng_Latn,621,1,53
eng_Latn,621,2,37
eng_Latn,621,3,60
eng_Latn,621,4,7
eng_Latn,621,5,49
eng_Latn,622,0,60
eng_Latn,622,1,9
eng_Latn,622,2,27
eng_Latn,622,3,8
eng_Latn,622,4,8
eng_Latn,622,5,33
eng_Latn,622,6,56
eng_Latn,622,7,56
eng_Latn,622,8,8
bul_Cyrl,623,0,60
bul_Cyrl,623,1,13
bul_Cyrl,623,2,13
bul_Cyrl,623,3,13
bul_Cyrl,623,4,13
bul_Cyrl,623,5,13
bul_Cyrl,623,6,13
bul_Cyrl,623,7,13
bul_Cyrl,623,8,13
bul_Cyrl,623,9,13
eng_Latn,624,0,60
eng_Latn,624,1,50
eng_Latn,624,2,16
eng_Latn,624,3,38
eng_Latn,624,4,16
bul_Cyrl,625,0,60
bul_Cyrl,625,1,13
bul_Cyrl,625,2,13
bul_Cyrl,625,3,13
bul_Cyrl,625,4,13
bul_Cyrl,625,5,13
bul_Cyrl,625,6,13
bul_Cyrl,625,7,13
bul_Cyrl,625,8,13
bul_Cyrl,625,9,13
bul_Cyrl,625,10,13
bul_Cyrl,625,11,13
bul_Cyrl,625,12,13
bul_Cyrl,625,13,13
bul_Cyrl,625,14,13
bul_Cyrl,625,15,13
bul_Cyrl,625,16,13
bul_Cyrl,625,17,13
bul_Cyrl,625,18,13
bul_Cyrl,625,19,13
eng_Latn,626,0,60
eng_Latn,626,1,22
eng_Latn,626,2,22
eng_Latn,626,3,49
eng_Latn,626,4,34
eng_Latn,627,0,60
eng_Latn,627,1,57
eng_Latn,627,2,45
eng_Latn,627,3,0
eng_Latn,627,4,18
eng_Latn,627,5,53
eng_Latn,627,6,41
eng_Latn,627,7,8
eng_Latn,628,0,60
eng_Latn,628,1,23
eng_Latn,628,2,29
eng_Latn,628,3,38
eng_Latn,628,4,54
eng_Latn,628,5,45
eng_Latn,628,6,41
eng_Latn,628,7,48
eng_Latn,628,8,56
eng_Latn,628,9,4
eng_Latn,629,0,60
eng_Latn,629,1,18
eng_Latn,629,2,16
eng_Latn,629,3,38
eng_Latn,629,4,46
eng_Latn,629,5,20
eng_Latn,629,6,38
eng_Latn,629,7,15
eng_Latn,630,0,60
eng_Latn,630,1,22
eng_Latn,630,2,22
eng_Latn,630,3,34
eng_Latn,630,4,34
eng_Latn,631,0,60
eng_Latn,631,1,61
eng_Latn,631,2,21
eng_Latn,631,3,56
eng_Latn,631,4,51
eng_Latn,631,5,56
eng_Latn,631,6,46
eng_Latn,631,7,21
bul_Cyrl,632,0,60
bul_Cyrl,632,1,13
bul_Cyrl,632,2,13
bul_Cyrl,632,3,13
bul_Cyrl,632,4,13
bul_Cyrl,632,5,13
bul_Cyrl,632,6,13
bul_Cyrl,632,7,13
bul_Cyrl,632,8,13
bul_Cyrl,632,9,13
bul_Cyrl,632,10,13
bul_Cyrl,632,11,13
bul_Cyrl,632,12,13
bul_Cyrl,632,13,27
bul_Cyrl,632,14,13
bul_Cyrl,632,15,13
bul_Cyrl,632,16,13
bul_Cyrl,632,17,13
eng_Latn,633,0,60
eng_Latn,633,1,56
eng_Latn,633,2,1
eng_Latn,633,3,52
bul_Cyrl,634,0,60
bul_Cyrl,634,1,13
bul_Cyrl,634,2,12
bul_Cyrl,634,3,52
bul_Cyrl,634,4,13
bul_Cyrl,634,5,47
bul_Cyrl,634,6,13
bul_Cyrl,634,7,13
bul_Cyrl,634,8,52
bul_Cyrl,634,9,47
eng_Latn,635,0,60
eng_Latn,635,1,53
eng_Latn,635,2,46
eng_Latn,635,3,49
eng_Latn,635,4,57
eng_Latn,635,5,37
eng_Latn,635,6,46
eng_Latn,636,0,60
eng_Latn,636,1,30
eng_Latn,636,2,35
eng_Latn,636,3,57
eng_Latn,636,4,30
eng_Latn,636,5,33
eng_Latn,636,6,33
eng_Latn,637,0,60
eng_Latn,637,1,45
eng_Latn,637,2,63
eng_Latn,638,0,60
eng_Latn,638,1,11
eng_Latn,638,2,12
eng_Latn,638,3,47
eng_Latn,638,4,1
eng_Latn,638,5,12
eng_Latn,638,6,26
eng_Latn,639,0,60
eng_Latn,639,1,57
eng_Latn,639,2,20
eng_Latn,639,3,35
eng_Latn,639,4,57
eng_Latn,639,5,50
eng_Latn,639,6,21
eng_Latn,639,7,16
eng_Latn,640,0,60
eng_Latn,640,1,45
eng_Latn,640,2,35
eng_Latn,640,3,18
eng_Latn,640,4,56
eng_Latn,640,5,38
eng_Latn,640,6,24
eng_Latn,640,7,55
eng_Latn,640,8,41
eng_Latn,640,9,43
eng_Latn,640,10,48
eng_Latn,641,0,60
eng_Latn,641,1,9
eng_Latn,641,2,27
eng_Latn,641,3,9
eng_Latn,641,4,56
eng_Latn,641,5,35
eng_Latn,641,6,17
eng_Latn,641,7,51
eng_Latn,642,0,60
eng_Latn,642,1,57
eng_Latn,642,2,57
eng_Latn,642,3,20
eng_Latn,642,4,56
eng_Latn,642,5,16
eng_Latn,642,6,14
eng_Latn,642,7,35
eng_Latn,642,8,63
eng_Latn,643,0,60
eng_Latn,643,1,52
eng_Latn,643,2,17
eng_Latn,643,3,1
eng_Latn,643,4,21
eng_Latn,643,5,20
eng_Latn,643,6,37
eng_Latn,643,7,47
bul_Cyrl,644,0,60
bul_Cyrl,644,1,9
bul_Cyrl,644,2,13
bul_Cyrl,644,3,13
bul_Cyrl,644,4,13
bul_Cyrl,644,5,13
bul_Cyrl,644,6,13
bul_Cyrl,644,7,13
bul_Cyrl,644,8,13
bul_Cyrl,644,9,13
bul_Cyrl,644,10,13
bul_Cyrl,644,11,13
bul_Cyrl,644,12,13
bul_Cyrl,644,13,13
bul_Cyrl,644,14,13
bul_Cyrl,644,15,13
bul_Cyrl,644,16,13
bul_Cyrl,644,17,13
bul_Cyrl,644,18,13
bul_Cyrl,644,19,13
bul_Cyrl,644,20,13
bul_Cyrl,644,21,13
bul_Cyrl,644,22,13
bul_Cyrl,644,23,13
bul_Cyrl,644,24,13
eng_Latn,645,0,60
eng_Latn,645,1,13
eng_Latn,645,2,5
eng_Latn,645,3,37
eng_Latn,646,0,60
eng_Latn,646,1,18
eng_Latn,646,2,56
eng_Latn,646,3,34
eng_Latn,646,4,51
eng_Latn,646,5,44
eng_Latn,646,6,56
eng_Latn,646,7,19
eng_Latn,646,8,19
eng_Latn,646,9,51
bul_Cyrl,647,0,60
bul_Cyrl,647,1,13
bul_Cyrl,647,2,13
bul_Cyrl,647,3,13
bul_Cyrl,647,4,13
bul_Cyrl,647,5,13
bul_Cyrl,647,6,13
bul_Cyrl,647,7,13
bul_Cyrl,647,8,13
bul_Cyrl,647,9,13
bul_Cyrl,647,10,13
bul_Cyrl,647,11,13
bul_Cyrl,647,12,13
bul_Cyrl,647,13,13
bul_Cyrl,647,14,13
bul_Cyrl,647,15,13
bul_Cyrl,647,16,13
eng_Latn,648,0,60
eng_Latn,648,1,47
eng_Latn,648,2,1
eng_Latn,648,3,52
eng_Latn,648,4,52
eng_Latn,648,5,49
eng_Latn,648,6,49
eng_Latn,649,0,60
eng_Latn,649,1,27
eng_Latn,649,2,49
eng_Latn,649,3,24
eng_Latn,649,4,26
eng_Latn,649,5,49
eng_Latn,649,6,54
eng_Latn,650,0,60
eng_Latn,650,1,18
eng_Latn,650,2,4
eng_Latn,650,3,46
eng_Latn,651,0,60
eng_Latn,651,1,56
eng_Latn,651,2,37
eng_Latn,651,3,43
eng_Latn,651,4,56
eng_Latn,651,5,57
eng_Latn,651,6,35
eng_Latn,651,7,17
eng_Latn,652,0,60
eng_Latn,652,1,50
eng_Latn,652,2,16
eng_Latn,653,0,60
eng_Latn,653,1,13
eng_Latn,653,2,13
eng_Latn,653,3,13
eng_Latn,653,4,5
eng_Latn,653,5,7
eng_Latn,654,0,60
eng_Latn,654,1,46
eng_Latn,654,2,56
eng_Latn,654,3,16
eng_Latn,654,4,20
eng_Latn,654,5,14
eng_Latn,654,6,47
bul_Cyrl,655,0,60
bul_Cyrl,655,1,13
bul_Cyrl,655,2,13
bul_Cyrl,655,3,13
bul_Cyrl,655,4,13
bul_Cyrl,655,5,13
bul_Cyrl,655,6,13
bul_Cyrl,655,7,13
eng_Latn,656,0,60
eng_Latn,656,1,9
eng_Latn,656,2,29
eng_Latn,656,3,54
eng_Latn,656,4,18
eng_Latn,656,5,48
eng_Latn,656,6,18
eng_Latn,656,7,34
eng_Latn,657,0,60
eng_Latn,657,1,33
eng_Latn,657,2,1
eng_Latn,657,3,52
eng_Latn,657,4,37
eng_Latn,657,5,52
eng_Latn,657,6,1
eng_Latn,657,7,1
eng_Latn,657,8,13
eng_Latn,657,9,13
eng_Latn,658,0,60
eng_Latn,658,1,13
eng_Latn,658,2,49
eng_Latn,658,3,18
eng_Latn,658,4,18
eng_Latn,658,5,3
eng_Latn,658,6,57
eng_Latn,658,7,24
eng_Latn,658,8,3
eng_Latn,658,9,3
eng_Latn,658,10,3
eng_Latn,659,0,60
eng_Latn,659,1,56
eng_Latn,659,2,56
eng_Latn,659,3,52
eng_Latn,659,4,57
eng_Latn,659,5,52
eng_Latn,659,6,52
eng_Latn,659,7,57
eng_Latn,659,8,23
eng_Latn,659,9,4
eng_Latn,660,0,60
eng_Latn,660,1,22
eng_Latn,660,2,9
eng_Latn,660,3,9
eng_Latn,660,4,40
eng_Latn,660,5,40
eng_Latn,660,6,46
eng_Latn,660,7,49
eng_Latn,660,8,9
eng_Latn,660,9,9
eng_Latn,660,10,42
eng_Latn,660,11,9
eng_Latn,660,12,29
eng_Latn,660,13,51
eng_Latn,661,0,60
eng_Latn,661,1,56
eng_Latn,661,2,34
eng_Latn,661,3,18
eng_Latn,661,4,34
eng_Latn,661,5,54
eng_Latn,661,6,61
eng_Latn,662,0,60
eng_Latn,662,1,53
eng_Latn,662,2,19
eng_Latn,663,0,60
eng_Latn,663,1,29
eng_Latn,663,2,38
eng_Latn,663,3,38
eng_Latn,663,4,34
eng_Latn,663,5,20
eng_Latn,663,6,8
eng_Latn,663,7,34
bul_Cyrl,664,0,60
bul_Cyrl,664,1,57
bul_Cyrl,664,2,13
bul_Cyrl,664,3,13
bul_Cyrl,664,4,13
bul_Cyrl,664,5,13
bul_Cyrl,664,6,13
bul_Cyrl,664,7,13
bul_Cyrl,664,8,13
bul_Cyrl,664,9,13
bul_Cyrl,664,10,13
bul_Cyrl,664,11,13
bul_Cyrl,664,12,13
bul_Cyrl,664,13,13
bul_Cyrl,664,14,13
bul_Cyrl,664,15,13
bul_Cyrl,664,16,13
bul_Cyrl,664,17,13
bul_Cyrl,664,18,13
bul_Cyrl,664,19,13
bul_Cyrl,664,20,13
bul_Cyrl,664,21,13
bul_Cyrl,664,22,13
eng_Latn,665,0,60
eng_Latn,665,1,19
eng_Latn,665,2,46
eng_Latn,665,3,8
eng_Latn,666,0,60
eng_Latn,666,1,45
eng_Latn,666,2,45
eng_Latn,666,3,40
eng_Latn,666,4,40
eng_Latn,666,5,61
eng_Latn,666,6,49
eng_Latn,666,7,56
eng_Latn,666,8,31
eng_Latn,667,0,60
eng_Latn,667,1,34
eng_Latn,667,2,53
eng_Latn,667,3,59
eng_Latn,667,4,51
eng_Latn,667,5,24
eng_Latn,667,6,62
eng_Latn,667,7,57
eng_Latn,667,8,18
eng_Latn,667,9,59
eng_Latn,667,10,47
eng_Latn,667,11,8
bul_Cyrl,668,0,60
bul_Cyrl,668,1,13
bul_Cyrl,668,2,13
bul_Cyrl,668,3,13
bul_Cyrl,668,4,13
bul_Cyrl,668,5,13
bul_Cyrl,668,6,13
bul_Cyrl,668,7,13
bul_Cyrl,668,8,13
bul_Cyrl,668,9,13
bul_Cyrl,668,10,13
bul_Cyrl,668,11,13
bul_Cyrl,668,12,13
bul_Cyrl,668,13,1
bul_Cyrl,668,14,13
bul_Cyrl,668,15,13
bul_Cyrl,668,16,13
bul_Cyrl,668,17,13
bul_Cyrl,668,18,13
bul_Cyrl,668,19,13
bul_Cyrl,668,20,13
bul_Cyrl,668,21,61
eng_Latn,669,0,60
eng_Latn,669,1,11
eng_Latn,669,2,13
eng_Latn,669,3,52
eng_Latn,669,4,13
eng_Latn,669,5,58
eng_Latn,670,0,60
eng_Latn,670,1,4
eng_Latn,670,2,54
eng_Latn,670,3,48
eng_Latn,670,4,9
eng_Latn,670,5,56
eng_Latn,670,6,35
eng_Latn,670,7,35
eng_Latn,670,8,57
eng_Latn,670,9,2
eng_Latn,670,10,27
eng_Latn,670,11,26
eng_Latn,670,12,50
eng_Latn,670,13,16
eng_Latn,671,0,60
eng_Latn,671,1,16
eng_Latn,671,2,16
eng_Latn,671,3,20
eng_Latn,671,4,57
eng_Latn,671,5,53
eng_Latn,671,6,49
eng_Latn,672,0,60
eng_Latn,672,1,45
eng_Latn,672,2,45
eng_Latn,672,3,38
eng_Latn,672,4,18
eng_Latn,672,5,56
eng_Latn,672,6,53
eng_Latn,672,7,23
eng_Latn,672,8,34
eng_Latn,673,0,60
eng_Latn,673,1,52
eng_Latn,673,2,57
eng_Latn,673,3,48
eng_Latn,673,4,2
eng_Latn,673,5,19
eng_Latn,673,6,31
eng_Latn,673,7,53
eng_Latn,673,8,3
eng_Latn,673,9,31
eng_Latn,674,0,60
eng_Latn,674,1,19
eng_Latn,674,2,11
eng_Latn,674,3,9
eng_Latn,674,4,61
eng_Latn,674,5,40
eng_Latn,674,6,59
eng_Latn,674,7,57
eng_Latn,674,8,2
eng_Latn,674,9,38
eng_Latn,674,10,35
eng_Latn,674,11,8
eng_Latn,675,0,60
eng_Latn,675,1,56
eng_Latn,675,2,51
eng_Latn,676,0,60
eng_Latn,676,1,9
eng_Latn,676,2,38
eng_Latn,676,3,57
eng_Latn,676,4,56
eng_Latn,676,5,63
eng_Latn,676,6,14
eng_Latn,676,7,14
eng_Latn,676,8,47
eng_Latn,677,0,60
eng_Latn,677,1,49
eng_Latn,677,2,49
eng_Latn,677,3,39
bul_Cyrl,678,0,60
bul_Cyrl,678,1,13
bul_Cyrl,678,2,12
bul_Cyrl,678,3,13
bul_Cyrl,678,4,13
bul_Cyrl,678,5,13
bul_Cyrl,678,6,13
bul_Cyrl,678,7,13
bul_Cyrl,679,0,60
bul_Cyrl,679,1,13
bul_Cyrl,679,2,13
bul_Cyrl,679,3,13
bul_Cyrl,679,4,13
bul_Cyrl,679,5,13
bul_Cyrl,679,6,13
bul_Cyrl,679,7,13
bul_Cyrl,679,8,13
bul_Cyrl,679,9,13
bul_Cyrl,679,10,13
bul_Cyrl,679,11,13
bul_Cyrl,679,12,13
bul_Cyrl,679,13,13
bul_Cyrl,679,14,13
bul_Cyrl,679,15,13
bul_Cyrl,679,16,13
bul_Cyrl,679,17,13
bul_Cyrl,679,18,13
bul_Cyrl,679,19,13
bul_Cyrl,679,20,13
eng_Latn,680,0,60
eng_Latn,680,1,22
eng_Latn,680,2,9
eng_Latn,680,3,9
eng_Latn,680,4,61
eng_Latn,680,5,40
eng_Latn,680,6,19
eng_Latn,680,7,40
eng_Latn,680,8,19
eng_Latn,680,9,46
eng_Latn,680,10,9
eng_Latn,680,11,9
eng_Latn,680,12,22
eng_Latn,680,13,9
eng_Latn,680,14,22
eng_Latn,680,15,22
bul_Cyrl,681,0,60
bul_Cyrl,681,1,13
bul_Cyrl,681,2,13
bul_Cyrl,681,3,13
bul_Cyrl,681,4,13
bul_Cyrl,681,5,13
bul_Cyrl,681,6,13
bul_Cyrl,681,7,13
bul_Cyrl,681,8,13
bul_Cyrl,681,9,13
bul_Cyrl,681,10,13
bul_Cyrl,681,11,13
bul_Cyrl,681,12,13
bul_Cyrl,681,13,13
bul_Cyrl,681,14,13
bul_Cyrl,681,15,13
eng_Latn,682,0,60
eng_Latn,682,1,46
eng_Latn,682,2,51
eng_Latn,682,3,63
eng_Latn,682,4,14
eng_Latn,682,5,49
eng_Latn,682,6,9
eng_Latn,682,7,14
eng_Latn,682,8,1
eng_Latn,682,9,52
eng_Latn,683,0,60
eng_Latn,683,1,35
eng_Latn,683,2,35
eng_Latn,683,3,63
eng_Latn,683,4,20
eng_Latn,683,5,63
eng_Latn,683,6,14
eng_Latn,683,7,63
eng_Latn,684,0,60
eng_Latn,684,1,8
eng_Latn,684,2,8
eng_Latn,684,3,34
eng_Latn,684,4,42
eng_Latn,684,5,18
eng_Latn,684,6,16
eng_Latn,685,0,60
eng_Latn,685,1,34
eng_Latn,685,2,34
eng_Latn,686,0,60
eng_Latn,686,1,33
eng_Latn,686,2,33
eng_Latn,686,3,33
eng_Latn,686,4,33
eng_Latn,686,5,1
eng_Latn,686,6,52
eng_Latn,686,7,52
eng_Latn,686,8,48
eng_Latn,687,0,60
eng_Latn,687,1,11
eng_Latn,687,2,40
eng_Latn,687,3,40
eng_Latn,687,4,49
eng_Latn,687,5,9
eng_Latn,687,6,11
eng_Latn,687,7,60
eng_Latn,687,8,19
eng_Latn,687,9,22
eng_Latn,688,0,60
eng_Latn,688,1,5
eng_Latn,688,2,33
eng_Latn,688,3,56
eng_Latn,688,4,35
eng_Latn,688,5,49
eng_Latn,688,6,5
eng_Latn,688,7,40
eng_Latn,688,8,57
eng_Latn,688,9,57
eng_Latn,688,10,40
eng_Latn,689,0,60
eng_Latn,689,1,23
eng_Latn,689,2,56
eng_Latn,689,3,57
eng_Latn,689,4,54
eng_Latn,689,5,35
eng_Latn,689,6,38
eng_Latn,689,7,57
eng_Latn,690,0,60
eng_Latn,690,1,18
eng_Latn,690,2,51
eng_Latn,690,3,11
eng_Latn,690,4,25
eng_Latn,690,5,53
eng_Latn,690,6,21
eng_Latn,690,7,61
eng_Latn,690,8,16
eng_Latn,690,9,34
eng_Latn,691,0,60
eng_Latn,691,1,18
eng_Latn,691,2,56
eng_Latn,691,3,21
eng_Latn,691,4,51
eng_Latn,691,5,20
eng_Latn,691,6,27
eng_Latn,692,0,60
eng_Latn,692,1,40
eng_Latn,692,2,18
eng_Latn,692,3,18
eng_Latn,692,4,56
eng_Latn,692,5,16
eng_Latn,692,6,59
eng_Latn,692,7,46
bul_Cyrl,693,0,60
bul_Cyrl,693,1,9
bul_Cyrl,693,2,13
bul_Cyrl,693,3,13
bul_Cyrl,693,4,13
bul_Cyrl,693,5,13
bul_Cyrl,693,6,13
bul_Cyrl,693,7,13
bul_Cyrl,693,8,13
bul_Cyrl,693,9,13
bul_Cyrl,693,10,13
bul_Cyrl,693,11,13
bul_Cyrl,693,12,52
eng_Latn,694,0,60
eng_Latn,694,1,22
eng_Latn,694,2,42
eng_Latn,694,3,61
eng_Latn,695,0,60
eng_Latn,695,1,40
eng_Latn,695,2,30
eng_Latn,695,3,41
eng_Latn,695,4,57
eng_Latn,695,5,21
eng_Latn,695,6,16
eng_Latn,696,0,60
eng_Latn,696,1,38
eng_Latn,696,2,15
eng_Latn,696,3,20
eng_Latn,696,4,38
eng_Latn,696,5,56
eng_Latn,696,6,61
eng_Latn,696,7,19
eng_Latn,696,8,51
eng_Latn,697,0,60
eng_Latn,697,1,47
eng_Latn,697,2,1
eng_Latn,697,3,28
eng_Latn,697,4,13
eng_Latn,697,5,39
eng_Latn,697,6,13
eng_Latn,697,7,27
eng_Latn,697,8,61
eng_Latn,697,9,27
eng_Latn,697,10,27
bul_Cyrl,698,0,60
bul_Cyrl,698,1,12
bul_Cyrl,698,2,13
bul_Cyrl,698,3,13
bul_Cyrl,698,4,13
bul_Cyrl,698,5,13
bul_Cyrl,698,6,13
bul_Cyrl,698,7,13
bul_Cyrl,698,8,13
bul_Cyrl,698,9,13
eng_Latn,699,0,60
eng_Latn,699,1,13
eng_Latn,699,2,13
eng_Latn,699,3,12
eng_Latn,699,4,22
eng_Latn,699,5,22
eng_Latn,699,6,22
eng_Latn,699,7,22
eng_Latn,700,0,60
eng_Latn,700,1,56
eng_Latn,700,2,56
eng_Latn,700,3,19
eng_Latn,700,4,8
eng_Latn,700,5,49
eng_Latn,701,0,60
eng_Latn,701,1,63
eng_Latn,701,2,18
eng_Latn,701,3,5
eng_Latn,701,4,16
eng_Latn,701,5,5
eng_Latn,701,6,14
eng_Latn,701,7,26
eng_Latn,702,0,60
eng_Latn,702,1,52
eng_Latn,702,2,52
eng_Latn,702,3,34
eng_Latn,702,4,20
eng_Latn,702,5,46
eng_Latn,702,6,34
eng_Latn,702,7,46
eng_Latn,702,8,53
eng_Latn,703,0,60
eng_Latn,703,1,22
eng_Latn,703,2,18
eng_Latn,703,3,20
eng_Latn,703,4,35
eng_Latn,703,5,35
eng_Latn,703,6,34
eng_Latn,704,0,60
eng_Latn,704,1,19
eng_Latn,704,2,19
eng_Latn,704,3,19
eng_Latn,704,4,51
eng_Latn,705,0,60
eng_Latn,705,1,22
eng_Latn,705,2,61
eng_Latn,705,3,19
eng_Latn,705,4,40
eng_Latn,705,5,53
eng_Latn,705,6,3
eng_Latn,705,7,63
bul_Cyrl,706,0,60
bul_Cyrl,706,1,13
bul_Cyrl,706,2,13
bul_Cyrl,706,3,13
bul_Cyrl,706,4,13
bul_Cyrl,706,5,13
bul_Cyrl,706,6,13
bul_Cyrl,706,7,13
bul_Cyrl,706,8,13
bul_Cyrl,706,9,13
bul_Cyrl,706,10,13
bul_Cyrl,706,11,39
bul_Cyrl,706,12,39
bul_Cyrl,706,13,9
bul_Cyrl,706,14,13
bul_Cyrl,706,15,13
bul_Cyrl,706,16,13
eng_Latn,707,0,60
eng_Latn,707,1,45
eng_Latn,707,2,18
eng_Latn,707,3,53
eng_Latn,707,4,16
eng_Latn,707,5,30
eng_Latn,707,6,46
eng_Latn,707,7,15
eng_Latn,708,0,60
eng_Latn,708,1,4
eng_Latn,708,2,56
eng_Latn,708,3,29
eng_Latn,708,4,51
eng_Latn,709,0,60
eng_Latn,709,1,9
eng_Latn,709,2,56
eng_Latn,709,3,54
eng_Latn,709,4,18
eng_Latn,709,5,20
eng_Latn,709,6,31
eng_Latn,710,0,60
eng_Latn,710,1,18
eng_Latn,710,2,14
eng_Latn,710,3,49
eng_Latn,710,4,49
eng_Latn,710,5,12
eng_Latn,710,6,61
eng_Latn,711,0,60
eng_Latn,711,1,9
eng_Latn,711,2,56
eng_Latn,711,3,18
eng_Latn,711,4,19
eng_Latn,711,5,16
eng_Latn,711,6,37
eng_Latn,711,7,57
eng_Latn,711,8,51
eng_Latn,711,9,54
eng_Latn,711,10,20
eng_Latn,711,11,23
eng_Latn,711,12,49
eng_Latn,712,0,60
eng_Latn,712,1,57
eng_Latn,712,2,56
eng_Latn,712,3,63
eng_Latn,712,4,28
eng_Latn,712,5,37
eng_Latn,712,6,39
eng_Latn,712,7,13
eng_Latn,712,8,30
eng_Latn,712,9,63
eng_Latn,713,0,60
eng_Latn,713,1,53
eng_Latn,713,2,15
eng_Latn,713,3,8
eng_Latn,713,4,8
eng_Latn,713,5,8
eng_Latn,713,6,8
eng_Latn,713,7,19
eng_Latn,713,8,33
eng_Latn,714,0,60
eng_Latn,714,1,27
eng_Latn,714,2,40
eng_Latn,714,3,8
eng_Latn,714,4,26
eng_Latn,714,5,35
eng_Latn,714,6,19
eng_Latn,714,7,35
eng_Latn,714,8,19
eng_Latn,714,9,46
eng_Latn,714,10,8
eng_Latn,714,11,46
eng_Latn,715,0,60
eng_Latn,715,1,52
eng_Latn,715,2,13
eng_Latn,715,3,39
eng_Latn,715,4,19
eng_Latn,715,5,38
eng_Latn,715,6,34
eng_Latn,715,7,45
eng_Latn,715,8,16
eng_Latn,715,9,34
bul_Cyrl,716,0,60
bul_Cyrl,716,1,19
bul_Cyrl,716,2,40
bul_Cyrl,716,3,8
bul_Cyrl,716,4,61
bul_Cyrl,716,5,1
bul_Cyrl,716,6,1
bul_Cyrl,716,7,33
bul_Cyrl,716,8,47
bul_Cyrl,716,9,1
bul_Cyrl,716,10,47
bul_Cyrl,716,11,1
bul_Cyrl,716,12,33
bul_Cyrl,716,13,13
bul_Cyrl,716,14,13
bul_Cyrl,716,15,60
eng_Latn,717,0,60
eng_Latn,717,1,35
eng_Latn,717,2,56
eng_Latn,717,3,56
eng_Latn,717,4,51
eng_Latn,717,5,56
eng_Latn,717,6,51
eng_Latn,718,0,60
eng_Latn,718,1,22
eng_Latn,718,2,38
eng_Latn,718,3,52
eng_Latn,718,4,19
eng_Latn,718,5,15
eng_Latn,719,0,60
eng_Latn,719,1,19
eng_Latn,719,2,61
eng_Latn,719,3,39
eng_Latn,719,4,13
eng_Latn,719,5,9
eng_Latn,719,6,11
eng_Latn,719,7,9
eng_Latn,719,8,11
eng_Latn,719,9,11
eng_Latn,719,10,9
eng_Latn,719,11,9
eng_Latn,719,12,57
eng_Latn,719,13,40
eng_Latn,719,14,34
eng_Latn,720,0,60
eng_Latn,720,1,18
eng_Latn,720,2,18
eng_Latn,720,3,34
eng_Latn,720,4,48
eng_Latn,720,5,56
eng_Latn,720,6,37
eng_Latn,720,7,16
eng_Latn,720,8,51
eng_Latn,721,0,60
eng_Latn,721,1,34
eng_Latn,721,2,20
eng_Latn,721,3,38
eng_Latn,721,4,61
eng_Latn,721,5,27
eng_Latn,721,6,33
eng_Latn,721,7,33
bul_Cyrl,722,0,60
bul_Cyrl,722,1,13
bul_Cyrl,722,2,13
bul_Cyrl,722,3,13
bul_Cyrl,722,4,13
bul_Cyrl,722,5,13
bul_Cyrl,722,6,13
bul_Cyrl,722,7,13
bul_Cyrl,722,8,13
bul_Cyrl,722,9,13
bul_Cyrl,722,10,13
bul_Cyrl,722,11,13
bul_Cyrl,722,12,52
bul_Cyrl,722,13,13
bul_Cyrl,722,14,47
bul_Cyrl,722,15,13
bul_Cyrl,722,16,13
bul_Cyrl,722,17,13
bul_Cyrl,722,18,13
bul_Cyrl,722,19,13
bul_Cyrl,722,20,13
bul_Cyrl,722,21,13
bul_Cyrl,722,22,13
bul_Cyrl,723,0,60
bul_Cyrl,723,1,13
bul_Cyrl,723,2,13
bul_Cyrl,723,3,13
bul_Cyrl,723,4,13
bul_Cyrl,723,5,13
bul_Cyrl,723,6,13
bul_Cyrl,723,7,13
bul_Cyrl,723,8,13
bul_Cyrl,723,9,13
bul_Cyrl,723,10,13
bul_Cyrl,723,11,13
bul_Cyrl,723,12,13
bul_Cyrl,723,13,13
bul_Cyrl,723,14,13
bul_Cyrl,723,15,13
bul_Cyrl,723,16,13
bul_Cyrl,723,17,13
bul_Cyrl,723,18,13
bul_Cyrl,723,19,13
bul_Cyrl,723,20,13
bul_Cyrl,723,21,13
bul_Cyrl,723,22,13
bul_Cyrl,723,23,13
bul_Cyrl,723,24,13
bul_Cyrl,723,25,13
eng_Latn,724,0,60
eng_Latn,724,1,52
eng_Latn,724,2,15
eng_Latn,724,3,3
eng_Latn,724,4,3
eng_Latn,724,5,19
eng_Latn,724,6,15
eng_Latn,725,0,60
eng_Latn,725,1,48
eng_Latn,725,2,56
eng_Latn,725,3,16
eng_Latn,725,4,16
eng_Latn,725,5,53
eng_Latn,725,6,1
eng_Latn,725,7,61
eng_Latn,725,8,49
eng_Latn,725,9,49
eng_Latn,726,0,60
eng_Latn,726,1,12
eng_Latn,726,2,42
eng_Latn,726,3,22
eng_Latn,726,4,26
eng_Latn,726,5,9
eng_Latn,726,6,19
eng_Latn,726,7,8
eng_Latn,727,0,60
eng_Latn,727,1,51
eng_Latn,727,2,38
eng_Latn,727,3,46
eng_Latn,727,4,56
eng_Latn,727,5,53
eng_Latn,727,6,35
eng_Latn,727,7,43
eng_Latn,727,8,21
eng_Latn,728,0,60
eng_Latn,728,1,15
eng_Latn,728,2,63
eng_Latn,728,3,63
eng_Latn,728,4,37
eng_Latn,729,0,60
eng_Latn,729,1,57
eng_Latn,729,2,35
eng_Latn,729,3,9
eng_Latn,729,4,56
eng_Latn,729,5,42
eng_Latn,729,6,12
eng_Latn,729,7,37
eng_Latn,729,8,19
eng_Latn,729,9,40
eng_Latn,729,10,47
eng_Latn,729,11,47
eng_Latn,729,12,49
eng_Latn,729,13,15
bul_Cyrl,730,0,60
bul_Cyrl,730,1,13
bul_Cyrl,730,2,13
bul_Cyrl,730,3,13
bul_Cyrl,730,4,13
bul_Cyrl,730,5,13
bul_Cyrl,730,6,13
bul_Cyrl,730,7,13
bul_Cyrl,730,8,13
bul_Cyrl,730,9,13
bul_Cyrl,730,10,13
bul_Cyrl,730,11,13
bul_Cyrl,730,12,13
bul_Cyrl,730,13,13
bul_Cyrl,730,14,13
bul_Cyrl,730,15,13
bul_Cyrl,730,16,13
bul_Cyrl,730,17,13
bul_Cyrl,730,18,13
bul_Cyrl,730,19,13
bul_Cyrl,730,20,13
bul_Cyrl,730,21,13
bul_Cyrl,730,22,13
bul_Cyrl,730,23,13
bul_Cyrl,730,24,13
bul_Cyrl,731,0,60
bul_Cyrl,731,1,13
bul_Cyrl,731,2,13
bul_Cyrl,731,3,13
bul_Cyrl,731,4,13
bul_Cyrl,731,5,47
bul_Cyrl,731,6,13
bul_Cyrl,731,7,13
bul_Cyrl,731,8,13
bul_Cyrl,731,9,13
bul_Cyrl,731,10,13
bul_Cyrl,731,11,13
bul_Cyrl,731,12,13
bul_Cyrl,731,13,13
bul_Cyrl,731,14,13
bul_Cyrl,731,15,13
bul_Cyrl,731,16,13
bul_Cyrl,731,17,13
bul_Cyrl,731,18,13
bul_Cyrl,731,19,13
bul_Cyrl,731,20,13
bul_Cyrl,732,0,60
bul_Cyrl,732,1,13
bul_Cyrl,732,2,13
bul_Cyrl,732,3,13
bul_Cyrl,732,4,13
bul_Cyrl,732,5,13
bul_Cyrl,732,6,13
bul_Cyrl,732,7,13
bul_Cyrl,732,8,13
bul_Cyrl,732,9,13
bul_Cyrl,732,10,13
bul_Cyrl,732,11,13
bul_Cyrl,732,12,13
bul_Cyrl,732,13,13
bul_Cyrl,732,14,13
bul_Cyrl,732,15,13
bul_Cyrl,732,16,13
bul_Cyrl,732,17,13
eng_Latn,733,0,60
eng_Latn,733,1,38
eng_Latn,733,2,48
eng_Latn,733,3,41
eng_Latn,733,4,46
eng_Latn,733,5,56
eng_Latn,733,6,53
eng_Latn,733,7,35
eng_Latn,733,8,63
eng_Latn,734,0,60
eng_Latn,734,1,42
eng_Latn,734,2,51
eng_Latn,735,0,60
eng_Latn,735,1,17
eng_Latn,735,2,10
eng_Latn,735,3,29
eng_Latn,735,4,23
eng_Latn,735,5,34
eng_Latn,736,0,60
eng_Latn,736,1,20
eng_Latn,736,2,52
eng_Latn,736,3,15
eng_Latn,736,4,38
eng_Latn,736,5,15
eng_Latn,737,0,60
eng_Latn,737,1,41
eng_Latn,737,2,57
eng_Latn,737,3,57
eng_Latn,738,0,60
eng_Latn,738,1,5
eng_Latn,738,2,63
eng_Latn,738,3,53
eng_Latn,738,4,36
eng_Latn,738,5,36
eng_Latn,738,6,45
eng_Latn,738,7,36
eng_Latn,738,8,47
eng_Latn,738,9,13
eng_Latn,738,10,19
eng_Latn,738,11,46
eng_Latn,739,0,60
eng_Latn,739,1,19
eng_Latn,739,2,56
eng_Latn,739,3,57
eng_Latn,740,0,60
eng_Latn,740,1,19
eng_Latn,740,2,33
eng_Latn,740,3,33
eng_Latn,741,0,60
eng_Latn,741,1,19
eng_Latn,741,2,13
eng_Latn,741,3,54
eng_Latn,741,4,19
eng_Latn,741,5,13
eng_Latn,742,0,60
eng_Latn,742,1,45
eng_Latn,742,2,52
eng_Latn,743,0,60
eng_Latn,743,1,22
eng_Latn,743,2,52
eng_Latn,743,3,37
eng_Latn,743,4,22
eng_Latn,744,0,60
eng_Latn,744,1,20
eng_Latn,744,2,37
eng_Latn,744,3,57
eng_Latn,744,4,52
eng_Latn,744,5,52
eng_Latn,744,6,1
eng_Latn,744,7,52
eng_Latn,744,8,52
eng_Latn,744,9,11
eng_Latn,745,0,60
eng_Latn,745,1,24
eng_Latn,745,2,52
eng_Latn,745,3,24
eng_Latn,745,4,52
bul_Cyrl,746,0,60
bul_Cyrl,746,1,13
bul_Cyrl,746,2,13
bul_Cyrl,746,3,13
bul_Cyrl,746,4,13
bul_Cyrl,746,5,13
bul_Cyrl,746,6,13
bul_Cyrl,746,7,13
bul_Cyrl,746,8,13
bul_Cyrl,746,9,13
bul_Cyrl,746,10,13
eng_Latn,747,0,60
eng_Latn,747,1,19
eng_Latn,747,2,4
eng_Latn,747,3,21
eng_Latn,747,4,21
eng_Latn,747,5,20
eng_Latn,747,6,37
eng_Latn,747,7,34
eng_Latn,747,8,34
eng_Latn,748,0,60
eng_Latn,748,1,54
eng_Latn,748,2,46
eng_Latn,748,3,34
eng_Latn,749,0,60
eng_Latn,749,1,56
eng_Latn,749,2,56
eng_Latn,749,3,38
eng_Latn,749,4,57
eng_Latn,749,5,20
eng_Latn,749,6,46
eng_Latn,749,7,15
bul_Cyrl,750,0,60
eng_Latn,751,0,60
eng_Latn,751,1,39
eng_Latn,751,2,47
eng_Latn,751,3,34
eng_Latn,752,0,60
eng_Latn,752,1,14
eng_Latn,752,2,48
eng_Latn,752,3,37
eng_Latn,753,0,60
eng_Latn,753,1,18
eng_Latn,753,2,56
eng_Latn,753,3,56
eng_Latn,754,0,60
eng_Latn,754,1,61
eng_Latn,754,2,26
eng_Latn,754,3,49
eng_Latn,754,4,12
eng_Latn,754,5,61
eng_Latn,755,0,60
eng_Latn,755,1,49
eng_Latn,755,2,39
eng_Latn,755,3,11
eng_Latn,755,4,47
eng_Latn,755,5,47
eng_Latn,756,0,60
eng_Latn,756,1,42
eng_Latn,756,2,34
eng_Latn,757,0,60
eng_Latn,757,1,38
eng_Latn,757,2,18
eng_Latn,757,3,41
eng_Latn,757,4,44
eng_Latn,757,5,44
eng_Latn,757,6,46
eng_Latn,758,0,60
eng_Latn,758,1,35
eng_Latn,758,2,61
eng_Latn,758,3,56
eng_Latn,758,4,52
eng_Latn,758,5,56
eng_Latn,758,6,35
eng_Latn,758,7,51
eng_Latn,758,8,1
eng_Latn,758,9,52
eng_Latn,758,10,52
eng_Latn,758,11,35
eng_Latn,758,12,47
bul_Cyrl,759,0,60
bul_Cyrl,759,1,13
bul_Cyrl,759,2,13
bul_Cyrl,759,3,13
bul_Cyrl,759,4,13
bul_Cyrl,759,5,13
bul_Cyrl,759,6,13
bul_Cyrl,759,7,13
bul_Cyrl,759,8,13
bul_Cyrl,759,9,13
bul_Cyrl,759,10,13
bul_Cyrl,759,11,13
bul_Cyrl,759,12,13
bul_Cyrl,759,13,13
bul_Cyrl,759,14,13
bul_Cyrl,759,15,13
bul_Cyrl,759,16,13
bul_Cyrl,759,17,13
bul_Cyrl,759,18,13
bul_Cyrl,759,19,13
bul_Cyrl,759,20,13
bul_Cyrl,759,21,13
bul_Cyrl,759,22,13
bul_Cyrl,759,23,13
bul_Cyrl,759,24,13
eng_Latn,760,0,60
eng_Latn,760,1,40
eng_Latn,760,2,40
eng_Latn,760,3,9
eng_Latn,760,4,26
eng_Latn,760,5,40
eng_Latn,760,6,49
eng_Latn,760,7,2
eng_Latn,760,8,37
eng_Latn,760,9,26
eng_Latn,760,10,19
eng_Latn,760,11,47
eng_Latn,760,12,49
eng_Latn,760,13,49
eng_Latn,761,0,60
eng_Latn,761,1,27
eng_Latn,761,2,27
eng_Latn,761,3,27
eng_Latn,761,4,27
eng_Latn,761,5,27
eng_Latn,761,6,52
bul_Cyrl,762,0,60
bul_Cyrl,762,1,13
bul_Cyrl,762,2,13
bul_Cyrl,762,3,13
bul_Cyrl,762,4,13
bul_Cyrl,762,5,13
bul_Cyrl,762,6,13
bul_Cyrl,763,0,60
bul_Cyrl,763,1,22
bul_Cyrl,763,2,13
bul_Cyrl,763,3,13
bul_Cyrl,763,4,13
bul_Cyrl,763,5,13
bul_Cyrl,763,6,13
bul_Cyrl,763,7,60
bul_Cyrl,763,8,13
eng_Latn,764,0,60
eng_Latn,764,1,22
eng_Latn,764,2,9
eng_Latn,764,3,9
eng_Latn,764,4,47
eng_Latn,764,5,22
eng_Latn,764,6,46
eng_Latn,764,7,9
eng_Latn,764,8,9
eng_Latn,764,9,22
eng_Latn,764,10,9
eng_Latn,764,11,29
eng_Latn,764,12,31
eng_Latn,764,13,16
eng_Latn,764,14,19
eng_Latn,765,0,60
eng_Latn,765,1,12
eng_Latn,765,2,58
eng_Latn,765,3,54
eng_Latn,765,4,6
eng_Latn,765,5,6
eng_Latn,765,6,6
eng_Latn,765,7,16
eng_Latn,765,8,25
eng_Latn,765,9,54
eng_Latn,765,10,30
eng_Latn,765,11,54
eng_Latn,765,12,8
eng_Latn,766,0,60
eng_Latn,766,1,22
eng_Latn,766,2,22
eng_Latn,766,3,22
eng_Latn,766,4,34
eng_Latn,766,5,29
eng_Latn,766,6,35
eng_Latn,766,7,35
eng_Latn,766,8,34
eng_Latn,767,0,60
eng_Latn,767,1,19
eng_Latn,767,2,53
eng_Latn,767,3,38
eng_Latn,767,4,46
eng_Latn,767,5,23
bul_Cyrl,768,0,60
bul_Cyrl,768,1,13
bul_Cyrl,768,2,13
bul_Cyrl,768,3,13
bul_Cyrl,768,4,13
bul_Cyrl,768,5,13
bul_Cyrl,768,6,13
bul_Cyrl,768,7,13
bul_Cyrl,768,8,13
bul_Cyrl,768,9,13
bul_Cyrl,768,10,13
bul_Cyrl,768,11,13
bul_Cyrl,768,12,13
bul_Cyrl,769,0,60
bul_Cyrl,769,1,13
bul_Cyrl,769,2,13
bul_Cyrl,769,3,13
bul_Cyrl,769,4,13
bul_Cyrl,769,5,13
bul_Cyrl,769,6,52
bul_Cyrl,769,7,13
bul_Cyrl,769,8,13
bul_Cyrl,769,9,13
bul_Cyrl,769,10,13
bul_Cyrl,769,11,52
bul_Cyrl,769,12,13
bul_Cyrl,769,13,13
bul_Cyrl,769,14,13
bul_Cyrl,769,15,52
bul_Cyrl,769,16,13
bul_Cyrl,769,17,13
bul_Cyrl,769,18,13
bul_Cyrl,769,19,13
bul_Cyrl,769,20,13
bul_Cyrl,769,21,13
bul_Cyrl,769,22,52
bul_Cyrl,769,23,13
bul_Cyrl,769,24,13
bul_Cyrl,769,25,13
bul_Cyrl,769,26,13
bul_Cyrl,769,27,13
bul_Cyrl,770,0,60
bul_Cyrl,770,1,13
bul_Cyrl,770,2,13
bul_Cyrl,770,3,13
bul_Cyrl,770,4,13
bul_Cyrl,770,5,11
bul_Cyrl,770,6,13
bul_Cyrl,770,7,13
bul_Cyrl,770,8,13
bul_Cyrl,770,9,12
bul_Cyrl,770,10,13
bul_Cyrl,770,11,13
bul_Cyrl,770,12,13
bul_Cyrl,770,13,13
bul_Cyrl,770,14,13
bul_Cyrl,770,15,13
bul_Cyrl,770,16,13
bul_Cyrl,770,17,13
bul_Cyrl,770,18,13
bul_Cyrl,770,19,47
bul_Cyrl,770,20,13
bul_Cyrl,770,21,13
bul_Cyrl,771,0,60
bul_Cyrl,771,1,13
bul_Cyrl,771,2,13
bul_Cyrl,771,3,13
bul_Cyrl,771,4,13
bul_Cyrl,771,5,13
bul_Cyrl,771,6,13
bul_Cyrl,771,7,13
bul_Cyrl,771,8,13
bul_Cyrl,771,9,13
bul_Cyrl,771,10,13
bul_Cyrl,771,11,13
bul_Cyrl,771,12,13
bul_Cyrl,771,13,13
bul_Cyrl,771,14,13
bul_Cyrl,771,15,13
bul_Cyrl,771,16,13
eng_Latn,772,0,60
eng_Latn,772,1,15
eng_Latn,772,2,16
eng_Latn,773,0,60
eng_Latn,773,1,52
eng_Latn,773,2,48
eng_Latn,773,3,56
eng_Latn,773,4,14
eng_Latn,773,5,55
eng_Latn,773,6,19
eng_Latn,773,7,19
eng_Latn,773,8,63
eng_Latn,774,0,60
eng_Latn,774,1,9
eng_Latn,774,2,56
eng_Latn,774,3,38
eng_Latn,774,4,17
eng_Latn,774,5,41
eng_Latn,774,6,57
eng_Latn,774,7,2
eng_Latn,774,8,51
eng_Latn,775,0,60
eng_Latn,775,1,22
eng_Latn,775,2,9
eng_Latn,775,3,12
eng_Latn,775,4,19
eng_Latn,775,5,15
eng_Latn,775,6,9
eng_Latn,775,7,9
eng_Latn,775,8,22
eng_Latn,775,9,9
eng_Latn,775,10,29
eng_Latn,775,11,51
eng_Latn,775,12,24
eng_Latn,775,13,56
eng_Latn,775,14,47
eng_Latn,775,15,46
eng_Latn,775,16,51
eng_Latn,776,0,60
eng_Latn,776,1,40
eng_Latn,776,2,40
eng_Latn,776,3,10
eng_Latn,776,4,56
eng_Latn,776,5,35
eng_Latn,776,6,56
eng_Latn,776,7,54
eng_Latn,776,8,19
eng_Latn,776,9,44
eng_Latn,777,0,60
eng_Latn,777,1,53
eng_Latn,777,2,38
eng_Latn,777,3,35
eng_Latn,777,4,35
eng_Latn,777,5,57
eng_Latn,777,6,57
eng_Latn,777,7,59
eng_Latn,777,8,15
eng_Latn,778,0,60
eng_Latn,778,1,19
eng_Latn,778,2,51
eng_Latn,778,3,45
eng_Latn,778,4,41
eng_Latn,778,5,35
eng_Latn,778,6,15
eng_Latn,778,7,16
eng_Latn,778,8,20
eng_Latn,778,9,61
eng_Latn,778,10,34
eng_Latn,779,0,60
eng_Latn,779,1,56
eng_Latn,779,2,4
bul_Cyrl,780,0,60
bul_Cyrl,780,1,13
bul_Cyrl,780,2,13
bul_Cyrl,780,3,13
bul_Cyrl,780,4,13
bul_Cyrl,780,5,13
bul_Cyrl,780,6,13
bul_Cyrl,780,7,13
bul_Cyrl,780,8,13
bul_Cyrl,780,9,13
bul_Cyrl,780,10,13
bul_Cyrl,780,11,13
bul_Cyrl,780,12,13
bul_Cyrl,780,13,13
eng_Latn,781,0,60
eng_Latn,781,1,34
eng_Latn,781,2,29
eng_Latn,781,3,34
eng_Latn,782,0,60
eng_Latn,782,1,4
eng_Latn,782,2,52
eng_Latn,782,3,51
eng_Latn,782,4,29
eng_Latn,782,5,4
eng_Latn,782,6,34
eng_Latn,783,0,60
eng_Latn,783,1,9
eng_Latn,783,2,22
eng_Latn,783,3,12
eng_Latn,783,4,40
eng_Latn,783,5,47
eng_Latn,783,6,9
eng_Latn,783,7,60
eng_Latn,783,8,12
eng_Latn,783,9,9
eng_Latn,783,10,60
eng_Latn,784,0,60
eng_Latn,784,1,9
eng_Latn,784,2,56
eng_Latn,784,3,54
eng_Latn,784,4,50
eng_Latn,784,5,20
eng_Latn,784,6,57
eng_Latn,784,7,41
eng_Latn,785,0,60
eng_Latn,785,1,12
eng_Latn,785,2,42
eng_Latn,785,3,22
eng_Latn,785,4,27
eng_Latn,785,5,49
eng_Latn,785,6,12
eng_Latn,785,7,22
eng_Latn,785,8,22
eng_Latn,786,0,60
eng_Latn,786,1,57
eng_Latn,786,2,46
eng_Latn,786,3,15
eng_Latn,786,4,63
eng_Latn,786,5,62
eng_Latn,786,6,52
eng_Latn,786,7,8
eng_Latn,786,8,46
eng_Latn,786,9,48
eng_Latn,787,0,60
eng_Latn,787,1,22
eng_Latn,787,2,34
eng_Latn,788,0,60
eng_Latn,788,1,49
eng_Latn,788,2,12
eng_Latn,788,3,39
eng_Latn,789,0,60
eng_Latn,789,1,18
eng_Latn,789,2,53
eng_Latn,789,3,23
eng_Latn,789,4,48
eng_Latn,789,5,52
eng_Latn,789,6,57
eng_Latn,790,0,60
eng_Latn,790,1,18
eng_Latn,790,2,19
eng_Latn,790,3,19
eng_Latn,790,4,34
bul_Cyrl,791,0,60
bul_Cyrl,791,1,13
bul_Cyrl,791,2,13
bul_Cyrl,791,3,13
bul_Cyrl,791,4,13
bul_Cyrl,791,5,13
bul_Cyrl,791,6,13
bul_Cyrl,791,7,13
bul_Cyrl,791,8,13
bul_Cyrl,791,9,13
bul_Cyrl,791,10,13
bul_Cyrl,791,11,13
bul_Cyrl,791,12,13
bul_Cyrl,791,13,13
bul_Cyrl,791,14,13
bul_Cyrl,791,15,13
bul_Cyrl,791,16,13
bul_Cyrl,791,17,13
bul_Cyrl,791,18,13
bul_Cyrl,791,19,13
bul_Cyrl,791,20,13
eng_Latn,792,0,60
eng_Latn,792,1,52
eng_Latn,792,2,24
eng_Latn,792,3,7
eng_Latn,793,0,60
eng_Latn,793,1,4
eng_Latn,793,2,9
eng_Latn,793,3,56
eng_Latn,793,4,54
eng_Latn,793,5,41
eng_Latn,793,6,19
eng_Latn,793,7,4
eng_Latn,793,8,53
eng_Latn,793,9,35
eng_Latn,793,10,8
eng_Latn,793,11,4
eng_Latn,794,0,60
eng_Latn,794,1,4
eng_Latn,794,2,54
eng_Latn,794,3,51
eng_Latn,794,4,11
eng_Latn,794,5,54
eng_Latn,794,6,17
eng_Latn,794,7,4
eng_Latn,795,0,60
eng_Latn,795,1,19
eng_Latn,795,2,22
eng_Latn,795,3,28
eng_Latn,795,4,16
eng_Latn,795,5,28
eng_Latn,795,6,28
eng_Latn,795,7,16
bul_Cyrl,796,0,60
bul_Cyrl,796,1,13
bul_Cyrl,796,2,13
bul_Cyrl,796,3,13
bul_Cyrl,796,4,13
bul_Cyrl,796,5,13
bul_Cyrl,796,6,13
bul_Cyrl,796,7,13
bul_Cyrl,796,8,13
bul_Cyrl,796,9,13
bul_Cyrl,796,10,13
bul_Cyrl,796,11,13
bul_Cyrl,796,12,13
bul_Cyrl,796,13,13
bul_Cyrl,796,14,13
bul_Cyrl,796,15,13
bul_Cyrl,796,16,13
bul_Cyrl,796,17,13
eng_Latn,797,0,60
eng_Latn,797,1,34
eng_Latn,798,0,60
eng_Latn,798,1,52
eng_Latn,798,2,9
eng_Latn,798,3,9
eng_Latn,798,4,9
eng_Latn,798,5,9
eng_Latn,798,6,60
eng_Latn,798,7,12
eng_Latn,798,8,40
eng_Latn,798,9,12
eng_Latn,798,10,37
eng_Latn,798,11,46
eng_Latn,798,12,36
eng_Latn,798,13,36
eng_Latn,798,14,57
eng_Latn,798,15,40
eng_Latn,799,0,60
eng_Latn,799,1,19
eng_Latn,799,2,49
eng_Latn,799,3,18
eng_Latn,799,4,56
eng_Latn,799,5,35
eng_Latn,799,6,56
eng_Latn,799,7,35
eng_Latn,799,8,35
eng_Latn,799,9,35
eng_Latn,799,10,63
eng_Latn,800,0,60
eng_Latn,800,1,45
eng_Latn,800,2,18
eng_Latn,800,3,16
eng_Latn,800,4,38
eng_Latn,800,5,15
eng_Latn,800,6,2
eng_Latn,800,7,59
eng_Latn,800,8,34
bul_Cyrl,801,0,60
bul_Cyrl,801,1,13
bul_Cyrl,801,2,13
bul_Cyrl,801,3,13
bul_Cyrl,801,4,13
bul_Cyrl,801,5,13
bul_Cyrl,801,6,13
bul_Cyrl,801,7,13
bul_Cyrl,801,8,13
bul_Cyrl,801,9,13
bul_Cyrl,801,10,13
bul_Cyrl,801,11,13
bul_Cyrl,801,12,13
eng_Latn,802,0,60
eng_Latn,802,1,48
eng_Latn,802,2,56
eng_Latn,802,3,63
eng_Latn,802,4,33
eng_Latn,802,5,24
eng_Latn,802,6,19
eng_Latn,802,7,25
eng_Latn,802,8,7
eng_Latn,802,9,63
eng_Latn,803,0,60
eng_Latn,803,1,57
eng_Latn,803,2,41
eng_Latn,803,3,17
eng_Latn,803,4,17
eng_Latn,803,5,16
eng_Latn,803,6,20
eng_Latn,803,7,54
eng_Latn,803,8,38
eng_Latn,803,9,15
eng_Latn,804,0,60
eng_Latn,804,1,22
eng_Latn,804,2,18
eng_Latn,804,3,55
eng_Latn,804,4,46
eng_Latn,804,5,57
eng_Latn,804,6,55
eng_Latn,804,7,3
eng_Latn,804,8,57
eng_Latn,804,9,15
eng_Latn,805,0,60
eng_Latn,805,1,22
eng_Latn,805,2,5
eng_Latn,805,3,35
eng_Latn,805,4,63
eng_Latn,805,5,42
eng_Latn,805,6,47
eng_Latn,805,7,61
eng_Latn,805,8,61
eng_Latn,805,9,49
eng_Latn,805,10,22
eng_Latn,805,11,47
eng_Latn,805,12,22
bul_Cyrl,806,0,60
bul_Cyrl,806,1,13
bul_Cyrl,806,2,13
bul_Cyrl,806,3,13
bul_Cyrl,806,4,13
bul_Cyrl,806,5,13
bul_Cyrl,806,6,13
bul_Cyrl,806,7,13
bul_Cyrl,806,8,13
bul_Cyrl,806,9,13
bul_Cyrl,806,10,13
bul_Cyrl,806,11,13
bul_Cyrl,806,12,13
bul_Cyrl,806,13,13
bul_Cyrl,806,14,13
bul_Cyrl,806,15,13
bul_Cyrl,806,16,13
bul_Cyrl,806,17,13
bul_Cyrl,806,18,13
bul_Cyrl,806,19,13
bul_Cyrl,806,20,13
eng_Latn,807,0,60
eng_Latn,807,1,2
eng_Latn,807,2,5
eng_Latn,807,3,19
eng_Latn,807,4,19
eng_Latn,807,5,46
eng_Latn,807,6,5
eng_Latn,807,7,61
bul_Cyrl,808,0,60
bul_Cyrl,808,1,13
bul_Cyrl,808,2,13
bul_Cyrl,808,3,13
bul_Cyrl,808,4,13
bul_Cyrl,808,5,13
bul_Cyrl,808,6,13
bul_Cyrl,808,7,13
bul_Cyrl,808,8,13
bul_Cyrl,808,9,13
bul_Cyrl,808,10,13
bul_Cyrl,808,11,13
bul_Cyrl,808,12,13
bul_Cyrl,808,13,13
bul_Cyrl,808,14,13
bul_Cyrl,808,15,13
bul_Cyrl,808,16,13
bul_Cyrl,808,17,13
bul_Cyrl,808,18,13
bul_Cyrl,808,19,13
bul_Cyrl,808,20,13
bul_Cyrl,808,21,13
bul_Cyrl,808,22,34
bul_Cyrl,809,0,60
bul_Cyrl,809,1,13
bul_Cyrl,809,2,13
bul_Cyrl,809,3,13
bul_Cyrl,809,4,13
bul_Cyrl,809,5,13
bul_Cyrl,809,6,13
bul_Cyrl,809,7,13
bul_Cyrl,809,8,13
bul_Cyrl,809,9,13
bul_Cyrl,809,10,13
bul_Cyrl,809,11,13
bul_Cyrl,809,12,13
bul_Cyrl,809,13,13
bul_Cyrl,809,14,13
bul_Cyrl,809,15,13
bul_Cyrl,809,16,13
bul_Cyrl,809,17,13
bul_Cyrl,809,18,13
bul_Cyrl,809,19,13
bul_Cyrl,809,20,13
bul_Cyrl,809,21,13
bul_Cyrl,809,22,13
bul_Cyrl,809,23,13
bul_Cyrl,809,24,13
bul_Cyrl,810,0,60
bul_Cyrl,810,1,13
bul_Cyrl,810,2,13
bul_Cyrl,810,3,13
bul_Cyrl,810,4,13
bul_Cyrl,810,5,13
bul_Cyrl,810,6,13
bul_Cyrl,810,7,13
bul_Cyrl,810,8,13
bul_Cyrl,810,9,13
bul_Cyrl,810,10,13
bul_Cyrl,810,11,13
bul_Cyrl,810,12,13
bul_Cyrl,810,13,13
bul_Cyrl,810,14,13
bul_Cyrl,810,15,13
bul_Cyrl,810,16,13
bul_Cyrl,810,17,13
bul_Cyrl,810,18,13
bul_Cyrl,810,19,13
bul_Cyrl,810,20,13
eng_Latn,811,0,60
eng_Latn,811,1,50
eng_Latn,811,2,18
eng_Latn,811,3,63
eng_Latn,811,4,37
eng_Latn,812,0,60
eng_Latn,812,1,4
eng_Latn,812,2,18
eng_Latn,812,3,56
eng_Latn,812,4,53
eng_Latn,812,5,49
eng_Latn,812,6,53
eng_Latn,812,7,52
eng_Latn,812,8,49
eng_Latn,813,0,60
eng_Latn,813,1,9
eng_Latn,813,2,9
eng_Latn,813,3,9
eng_Latn,813,4,22
eng_Latn,813,5,57
eng_Latn,813,6,48
eng_Latn,813,7,17
eng_Latn,813,8,16
eng_Latn,813,9,51
eng_Latn,814,0,60
eng_Latn,814,1,22
eng_Latn,814,2,19
eng_Latn,814,3,22
eng_Latn,814,4,56
eng_Latn,814,5,35
eng_Latn,814,6,15
eng_Latn,814,7,15
eng_Latn,814,8,46
eng_Latn,814,9,20
eng_Latn,814,10,22
eng_Latn,814,11,59
eng_Latn,814,12,7
eng_Latn,814,13,34
eng_Latn,815,0,60
eng_Latn,815,1,33
eng_Latn,815,2,10
eng_Latn,815,3,56
eng_Latn,815,4,44
eng_Latn,816,0,60
eng_Latn,816,1,40
eng_Latn,816,2,61
eng_Latn,816,3,49
eng_Latn,817,0,60
eng_Latn,817,1,27
eng_Latn,817,2,19
eng_Latn,817,3,18
eng_Latn,817,4,37
eng_Latn,817,5,57
eng_Latn,817,6,48
eng_Latn,817,7,48
eng_Latn,817,8,48
eng_Latn,817,9,48
eng_Latn,817,10,49
eng_Latn,818,0,60
eng_Latn,818,1,24
eng_Latn,818,2,46
eng_Latn,818,3,9
eng_Latn,818,4,38
eng_Latn,818,5,62
eng_Latn,818,6,56
eng_Latn,818,7,19
eng_Latn,818,8,47
eng_Latn,818,9,51
eng_Latn,819,0,60
eng_Latn,819,1,47
eng_Latn,819,2,8
eng_Latn,819,3,33
eng_Latn,819,4,33
eng_Latn,819,5,63
eng_Latn,819,6,12
eng_Latn,819,7,61
eng_Latn,819,8,26
eng_Latn,819,9,26
eng_Latn,819,10,26
eng_Latn,819,11,60
eng_Latn,820,0,60
eng_Latn,820,1,22
eng_Latn,820,2,60
eng_Latn,820,3,47
eng_Latn,821,0,60
eng_Latn,821,1,57
eng_Latn,821,2,56
eng_Latn,821,3,63
eng_Latn,821,4,19
eng_Latn,822,0,60
eng_Latn,822,1,37
eng_Latn,822,2,62
eng_Latn,822,3,12
eng_Latn,822,4,35
eng_Latn,822,5,22
eng_Latn,822,6,16
eng_Latn,823,0,60
eng_Latn,823,1,35
eng_Latn,823,2,50
eng_Latn,823,3,4
eng_Latn,823,4,4
eng_Latn,823,5,51
eng_Latn,824,0,60
eng_Latn,824,1,56
eng_Latn,824,2,37
eng_Latn,824,3,57
eng_Latn,824,4,35
eng_Latn,824,5,57
eng_Latn,824,6,25
eng_Latn,824,7,35
eng_Latn,824,8,57
eng_Latn,824,9,49
eng_Latn,825,0,60
eng_Latn,825,1,18
eng_Latn,825,2,20
eng_Latn,825,3,0
eng_Latn,825,4,20
eng_Latn,825,5,16
eng_Latn,825,6,54
eng_Latn,825,7,17
eng_Latn,825,8,54
eng_Latn,825,9,4
eng_Latn,826,0,60
eng_Latn,826,1,40
eng_Latn,826,2,56
eng_Latn,826,3,56
eng_Latn,826,4,53
eng_Latn,826,5,57
eng_Latn,826,6,51
eng_Latn,827,0,60
eng_Latn,827,1,58
eng_Latn,827,2,22
eng_Latn,827,3,37
eng_Latn,827,4,52
eng_Latn,827,5,1
eng_Latn,827,6,22
eng_Latn,827,7,9
eng_Latn,827,8,52
eng_Latn,827,9,13
eng_Latn,827,10,1
eng_Latn,827,11,52
eng_Latn,828,0,60
eng_Latn,828,1,11
eng_Latn,828,2,54
eng_Latn,828,3,45
eng_Latn,828,4,34
eng_Latn,828,5,34
eng_Latn,828,6,30
eng_Latn,828,7,49
eng_Latn,828,8,14
eng_Latn,829,0,60
eng_Latn,829,1,17
eng_Latn,829,2,54
eng_Latn,829,3,59
eng_Latn,829,4,15
eng_Latn,829,5,35
eng_Latn,829,6,51
eng_Latn,830,0,60
eng_Latn,830,1,56
eng_Latn,830,2,41
eng_Latn,830,3,54
eng_Latn,830,4,0
eng_Latn,830,5,41
eng_Latn,830,6,1
eng_Latn,830,7,40
eng_Latn,831,0,60
eng_Latn,831,1,40
eng_Latn,831,2,26
eng_Latn,831,3,47
eng_Latn,831,4,49
eng_Latn,831,5,5
eng_Latn,831,6,5
eng_Latn,831,7,40
eng_Latn,831,8,26
bul_Cyrl,832,0,60
bul_Cyrl,832,1,24
bul_Cyrl,832,2,52
bul_Cyrl,832,3,58
bul_Cyrl,832,4,24
bul_Cyrl,832,5,52
bul_Cyrl,832,6,58
bul_Cyrl,832,7,12
bul_Cyrl,832,8,52
eng_Latn,833,0,60
eng_Latn,833,1,9
eng_Latn,833,2,18
eng_Latn,833,3,20
eng_Latn,833,4,22
eng_Latn,833,5,40
eng_Latn,833,6,61
eng_Latn,833,7,19
eng_Latn,833,8,34
eng_Latn,834,0,60
eng_Latn,834,1,16
eng_Latn,834,2,19
eng_Latn,834,3,47
eng_Latn,834,4,16
eng_Latn,834,5,50
eng_Latn,834,6,16
eng_Latn,834,7,38
eng_Latn,834,8,57
eng_Latn,835,0,60
eng_Latn,835,1,18
eng_Latn,835,2,56
eng_Latn,835,3,29
eng_Latn,835,4,19
eng_Latn,835,5,34
eng_Latn,835,6,51
eng_Latn,835,7,38
eng_Latn,835,8,32
eng_Latn,835,9,29
eng_Latn,835,10,51
eng_Latn,836,0,60
eng_Latn,836,1,47
eng_Latn,836,2,7
eng_Latn,836,3,52
eng_Latn,836,4,52
eng_Latn,836,5,20
eng_Latn,836,6,1
eng_Latn,836,7,52
eng_Latn,836,8,52
eng_Latn,836,9,57
eng_Latn,837,0,60
eng_Latn,837,1,19
eng_Latn,837,2,39
eng_Latn,837,3,49
eng_Latn,837,4,12
eng_Latn,837,5,26
eng_Latn,837,6,47
eng_Latn,838,0,60
eng_Latn,838,1,47
eng_Latn,838,2,1
eng_Latn,838,3,22
eng_Latn,838,4,60
eng_Latn,838,5,57
eng_Latn,838,6,40
eng_Latn,838,7,49
eng_Latn,838,8,60
eng_Latn,838,9,1
eng_Latn,838,10,52
bul_Cyrl,839,0,60
bul_Cyrl,839,1,13
bul_Cyrl,839,2,13
bul_Cyrl,839,3,13
bul_Cyrl,839,4,13
bul_Cyrl,839,5,13
bul_Cyrl,839,6,13
bul_Cyrl,839,7,13
bul_Cyrl,839,8,13
bul_Cyrl,839,9,13
bul_Cyrl,839,10,13
bul_Cyrl,839,11,26
bul_Cyrl,839,12,13
bul_Cyrl,839,13,26
bul_Cyrl,839,14,13
bul_Cyrl,839,15,13
bul_Cyrl,839,16,52
bul_Cyrl,839,17,13
bul_Cyrl,839,18,13
bul_Cyrl,839,19,13
bul_Cyrl,839,20,13
eng_Latn,840,0,60
eng_Latn,840,1,1
eng_Latn,840,2,9
eng_Latn,840,3,12
eng_Latn,840,4,63
eng_Latn,840,5,60
eng_Latn,840,6,49
eng_Latn,841,0,60
eng_Latn,841,1,20
eng_Latn,841,2,49
eng_Latn,842,0,60
eng_Latn,842,1,18
eng_Latn,842,2,0
bul_Cyrl,843,0,60
bul_Cyrl,843,1,13
bul_Cyrl,843,2,13
bul_Cyrl,843,3,13
bul_Cyrl,843,4,13
bul_Cyrl,843,5,13
bul_Cyrl,843,6,13
bul_Cyrl,843,7,13
bul_Cyrl,843,8,13
bul_Cyrl,843,9,19
bul_Cyrl,843,10,19
bul_Cyrl,843,11,13
bul_Cyrl,843,12,13
bul_Cyrl,843,13,13
bul_Cyrl,843,14,13
bul_Cyrl,843,15,13
bul_Cyrl,843,16,13
bul_Cyrl,843,17,13
bul_Cyrl,843,18,13
eng_Latn,844,0,60
eng_Latn,844,1,19
eng_Latn,844,2,22
eng_Latn,844,3,20
eng_Latn,844,4,38
eng_Latn,844,5,46
eng_Latn,844,6,54
eng_Latn,844,7,16
eng_Latn,844,8,16
eng_Latn,845,0,60
eng_Latn,845,1,38
eng_Latn,845,2,38
eng_Latn,845,3,56
eng_Latn,845,4,47
eng_Latn,845,5,14
eng_Latn,845,6,14
eng_Latn,845,7,21
eng_Latn,845,8,14
eng_Latn,845,9,49
bul_Cyrl,846,0,60
bul_Cyrl,846,1,13
bul_Cyrl,846,2,13
bul_Cyrl,846,3,13
bul_Cyrl,846,4,13
bul_Cyrl,846,5,13
bul_Cyrl,846,6,13
eng_Latn,847,0,60
eng_Latn,847,1,19
eng_Latn,847,2,19
eng_Latn,847,3,33
eng_Latn,847,4,56
eng_Latn,847,5,33
eng_Latn,848,0,60
eng_Latn,848,1,17
eng_Latn,848,2,54
eng_Latn,848,3,18
eng_Latn,848,4,51
eng_Latn,849,0,60
eng_Latn,849,1,22
eng_Latn,849,2,15
eng_Latn,849,3,11
eng_Latn,849,4,52
eng_Latn,849,5,3
eng_Latn,849,6,48
eng_Latn,850,0,60
eng_Latn,850,1,38
eng_Latn,850,2,46
eng_Latn,850,3,47
eng_Latn,850,4,40
eng_Latn,850,5,29
eng_Latn,850,6,33
eng_Latn,851,0,60
eng_Latn,851,1,56
eng_Latn,851,2,51
eng_Latn,851,3,18
eng_Latn,851,4,20
eng_Latn,852,0,60
eng_Latn,852,1,47
eng_Latn,852,2,61
eng_Latn,852,3,9
eng_Latn,852,4,7
eng_Latn,853,0,60
eng_Latn,853,1,22
eng_Latn,853,2,22
eng_Latn,853,3,22
eng_Latn,853,4,42
eng_Latn,853,5,29
eng_Latn,853,6,34
eng_Latn,853,7,9
eng_Latn,853,8,22
eng_Latn,853,9,51
eng_Latn,854,0,60
eng_Latn,854,1,17
eng_Latn,854,2,9
eng_Latn,854,3,56
eng_Latn,854,4,54
eng_Latn,854,5,18
eng_Latn,854,6,9
eng_Latn,854,7,56
eng_Latn,854,8,16
eng_Latn,854,9,51
bul_Cyrl,855,0,60
bul_Cyrl,855,1,13
bul_Cyrl,855,2,19
bul_Cyrl,855,3,13
bul_Cyrl,855,4,13
bul_Cyrl,855,5,13
bul_Cyrl,855,6,13
bul_Cyrl,855,7,13
bul_Cyrl,855,8,13
bul_Cyrl,855,9,13
bul_Cyrl,855,10,13
bul_Cyrl,855,11,13
bul_Cyrl,855,12,13
bul_Cyrl,855,13,13
bul_Cyrl,855,14,13
bul_Cyrl,855,15,13
bul_Cyrl,855,16,13
bul_Cyrl,855,17,13
bul_Cyrl,855,18,13
bul_Cyrl,855,19,13
bul_Cyrl,855,20,13
bul_Cyrl,855,21,19
bul_Cyrl,855,22,13
bul_Cyrl,855,23,13
bul_Cyrl,855,24,13
bul_Cyrl,855,25,13
bul_Cyrl,855,26,13
bul_Cyrl,855,27,13
bul_Cyrl,855,28,13
bul_Cyrl,855,29,13
eng_Latn,856,0,60
eng_Latn,856,1,46
eng_Latn,856,2,56
eng_Latn,856,3,44
eng_Latn,857,0,60
eng_Latn,857,1,18
eng_Latn,857,2,21
eng_Latn,857,3,25
eng_Latn,857,4,25
eng_Latn,857,5,25
eng_Latn,857,6,25
eng_Latn,857,7,52
eng_Latn,857,8,57
eng_Latn,858,0,60
eng_Latn,858,1,40
eng_Latn,858,2,49
eng_Latn,858,3,56
eng_Latn,858,4,53
eng_Latn,858,5,37
eng_Latn,858,6,63
eng_Latn,858,7,18
eng_Latn,858,8,53
eng_Latn,858,9,16
eng_Latn,859,0,60
eng_Latn,859,1,12
eng_Latn,859,2,42
eng_Latn,859,3,22
eng_Latn,859,4,27
eng_Latn,859,5,49
eng_Latn,859,6,9
eng_Latn,859,7,49
eng_Latn,860,0,60
eng_Latn,860,1,9
eng_Latn,860,2,38
eng_Latn,860,3,15
eng_Latn,860,4,56
eng_Latn,860,5,63
eng_Latn,860,6,60
eng_Latn,860,7,40
eng_Latn,860,8,63
eng_Latn,861,0,60
eng_Latn,861,1,20
eng_Latn,861,2,15
eng_Latn,861,3,17
eng_Latn,861,4,18
eng_Latn,861,5,56
eng_Latn,861,6,56
eng_Latn,861,7,63
eng_Latn,862,0,60
eng_Latn,862,1,13
eng_Latn,862,2,13
eng_Latn,862,3,13
eng_Latn,862,4,19
eng_Latn,862,5,13
eng_Latn,863,0,60
eng_Latn,863,1,57
eng_Latn,863,2,35
eng_Latn,863,3,48
eng_Latn,863,4,53
eng_Latn,863,5,43
eng_Latn,863,6,57
eng_Latn,863,7,59
eng_Latn,863,8,15
eng_Latn,863,9,59
eng_Latn,863,10,19
eng_Latn,863,11,48
bul_Cyrl,864,0,60
bul_Cyrl,864,1,13
bul_Cyrl,864,2,13
bul_Cyrl,864,3,13
bul_Cyrl,864,4,52
bul_Cyrl,864,5,13
bul_Cyrl,864,6,13
bul_Cyrl,864,7,13
bul_Cyrl,864,8,13
bul_Cyrl,864,9,13
bul_Cyrl,864,10,13
bul_Cyrl,864,11,13
bul_Cyrl,864,12,13
bul_Cyrl,864,13,13
bul_Cyrl,864,14,13
bul_Cyrl,864,15,13
bul_Cyrl,864,16,13
bul_Cyrl,864,17,13
bul_Cyrl,864,18,13
bul_Cyrl,864,19,13
bul_Cyrl,864,20,47
bul_Cyrl,864,21,13
bul_Cyrl,864,22,13
eng_Latn,865,0,60
eng_Latn,865,1,17
eng_Latn,865,2,17
eng_Latn,865,3,2
eng_Latn,865,4,30
eng_Latn,865,5,35
eng_Latn,865,6,41
eng_Latn,865,7,15
eng_Latn,866,0,60
eng_Latn,866,1,47
eng_Latn,866,2,33
bul_Cyrl,867,0,60
bul_Cyrl,867,1,13
bul_Cyrl,867,2,13
bul_Cyrl,867,3,13
bul_Cyrl,867,4,13
bul_Cyrl,867,5,13
bul_Cyrl,867,6,13
bul_Cyrl,867,7,13
bul_Cyrl,867,8,13
bul_Cyrl,867,9,13
bul_Cyrl,867,10,13
bul_Cyrl,867,11,13
bul_Cyrl,867,12,13
bul_Cyrl,867,13,13
bul_Cyrl,867,14,13
bul_Cyrl,867,15,13
bul_Cyrl,867,16,13
bul_Cyrl,867,17,13
bul_Cyrl,867,18,13
bul_Cyrl,867,19,13
eng_Latn,868,0,60
eng_Latn,868,1,58
eng_Latn,868,2,22
eng_Latn,868,3,37
eng_Latn,868,4,52
eng_Latn,868,5,5
eng_Latn,868,6,22
eng_Latn,868,7,60
eng_Latn,868,8,52
eng_Latn,868,9,13
eng_Latn,868,10,1
eng_Latn,868,11,13
eng_Latn,869,0,60
eng_Latn,869,1,42
eng_Latn,869,2,19
eng_Latn,869,3,22
eng_Latn,870,0,60
eng_Latn,870,1,15
eng_Latn,870,2,56
eng_Latn,870,3,63
eng_Latn,870,4,14
eng_Latn,870,5,14
eng_Latn,870,6,40
eng_Latn,870,7,26
eng_Latn,871,0,60
eng_Latn,871,1,27
eng_Latn,871,2,34
eng_Latn,871,3,55
eng_Latn,871,4,40
eng_Latn,871,5,51
eng_Latn,871,6,51
eng_Latn,871,7,51
eng_Latn,872,0,60
eng_Latn,872,1,52
eng_Latn,872,2,57
eng_Latn,872,3,37
eng_Latn,872,4,39
eng_Latn,872,5,3
eng_Latn,872,6,22
eng_Latn,872,7,3
bul_Cyrl,873,0,60
bul_Cyrl,873,1,13
bul_Cyrl,873,2,13
bul_Cyrl,873,3,13
bul_Cyrl,873,4,13
eng_Latn,874,0,60
eng_Latn,874,1,22
eng_Latn,874,2,22
eng_Latn,874,3,9
eng_Latn,875,0,60
eng_Latn,875,1,39
eng_Latn,875,2,24
eng_Latn,875,3,19
eng_Latn,875,4,19
eng_Latn,875,5,48
eng_Latn,875,6,56
eng_Latn,875,7,59
eng_Latn,875,8,40
eng_Latn,875,9,15
eng_Latn,876,0,60
eng_Latn,876,1,12
eng_Latn,876,2,42
eng_Latn,876,3,22
eng_Latn,876,4,27
eng_Latn,876,5,49
eng_Latn,876,6,9
eng_Latn,876,7,29
eng_Latn,876,8,22
bul_Cyrl,877,0,60
bul_Cyrl,877,1,13
bul_Cyrl,877,2,13
bul_Cyrl,877,3,13
bul_Cyrl,877,4,13
bul_Cyrl,877,5,13
bul_Cyrl,877,6,13
bul_Cyrl,877,7,13
bul_Cyrl,877,8,13
bul_Cyrl,877,9,13
bul_Cyrl,877,10,13
bul_Cyrl,877,11,13
bul_Cyrl,877,12,47
bul_Cyrl,877,13,13
bul_Cyrl,877,14,13
bul_Cyrl,877,15,13
bul_Cyrl,877,16,13
bul_Cyrl,877,17,13
bul_Cyrl,877,18,13
bul_Cyrl,877,19,13
bul_Cyrl,877,20,13
bul_Cyrl,877,21,13
bul_Cyrl,877,22,13
bul_Cyrl,877,23,13
bul_Cyrl,877,24,13
bul_Cyrl,877,25,13
bul_Cyrl,877,26,13
eng_Latn,878,0,60
eng_Latn,878,1,50
eng_Latn,878,2,56
eng_Latn,878,3,46
eng_Latn,878,4,16
eng_Latn,878,5,56
eng_Latn,878,6,57
eng_Latn,879,0,60
eng_Latn,879,1,22
eng_Latn,879,2,22
eng_Latn,879,3,22
eng_Latn,879,4,34
eng_Latn,879,5,8
eng_Latn,879,6,8
eng_Latn,879,7,24
eng_Latn,879,8,63
eng_Latn,880,0,60
eng_Latn,880,1,57
eng_Latn,880,2,37
eng_Latn,880,3,37
eng_Latn,880,4,15
eng_Latn,880,5,56
eng_Latn,880,6,54
eng_Latn,880,7,37
eng_Latn,880,8,37
eng_Latn,881,0,60
eng_Latn,881,1,34
eng_Latn,881,2,22
eng_Latn,881,3,22
eng_Latn,881,4,47
eng_Latn,881,5,34
eng_Latn,882,0,60
eng_Latn,882,1,1
eng_Latn,882,2,22
eng_Latn,882,3,26
eng_Latn,882,4,26
eng_Latn,882,5,60
eng_Latn,882,6,12
eng_Latn,882,7,22
eng_Latn,882,8,22
eng_Latn,882,9,22
eng_Latn,882,10,22
eng_Latn,882,11,47
eng_Latn,882,12,62
eng_Latn,882,13,34
bul_Cyrl,883,0,60
bul_Cyrl,883,1,13
bul_Cyrl,883,2,13
bul_Cyrl,883,3,13
bul_Cyrl,883,4,13
bul_Cyrl,883,5,13
bul_Cyrl,883,6,13
bul_Cyrl,883,7,13
bul_Cyrl,883,8,13
bul_Cyrl,883,9,13
bul_Cyrl,883,10,13
bul_Cyrl,883,11,13
bul_Cyrl,883,12,13
bul_Cyrl,883,13,13
bul_Cyrl,883,14,13
bul_Cyrl,883,15,13
bul_Cyrl,883,16,13
bul_Cyrl,883,17,13
bul_Cyrl,883,18,13
bul_Cyrl,883,19,13
eng_Latn,884,0,60
eng_Latn,884,1,13
eng_Latn,884,2,13
eng_Latn,884,3,48
eng_Latn,884,4,56
eng_Latn,884,5,59
eng_Latn,884,6,15
bul_Cyrl,885,0,60
bul_Cyrl,885,1,13
bul_Cyrl,885,2,13
bul_Cyrl,885,3,13
bul_Cyrl,885,4,13
bul_Cyrl,885,5,13
bul_Cyrl,885,6,13
bul_Cyrl,885,7,13
bul_Cyrl,885,8,13
bul_Cyrl,885,9,47
bul_Cyrl,885,10,13
bul_Cyrl,885,11,13
bul_Cyrl,885,12,13
bul_Cyrl,885,13,13
eng_Latn,886,0,60
eng_Latn,886,1,13
eng_Latn,886,2,13
eng_Latn,886,3,49
eng_Latn,886,4,5
eng_Latn,886,5,7
eng_Latn,887,0,60
eng_Latn,887,1,22
eng_Latn,887,2,22
eng_Latn,887,3,26
eng_Latn,887,4,19
eng_Latn,887,5,40
eng_Latn,887,6,34
eng_Latn,887,7,34
eng_Latn,888,0,60
eng_Latn,888,1,9
eng_Latn,888,2,19
eng_Latn,888,3,22
eng_Latn,888,4,22
bul_Cyrl,889,0,60
bul_Cyrl,889,1,13
bul_Cyrl,889,2,13
bul_Cyrl,889,3,13
bul_Cyrl,889,4,13
bul_Cyrl,889,5,13
bul_Cyrl,889,6,13
bul_Cyrl,889,7,13
bul_Cyrl,889,8,13
bul_Cyrl,889,9,13
bul_Cyrl,889,10,13
bul_Cyrl,889,11,13
bul_Cyrl,889,12,13
bul_Cyrl,889,13,13
bul_Cyrl,889,14,13
bul_Cyrl,889,15,13
eng_Latn,890,0,60
eng_Latn,890,1,18
eng_Latn,890,2,33
eng_Latn,890,3,44
eng_Latn,890,4,53
eng_Latn,890,5,57
eng_Latn,890,6,8
eng_Latn,890,7,33
eng_Latn,891,0,60
eng_Latn,891,1,45
eng_Latn,891,2,42
eng_Latn,891,3,23
eng_Latn,891,4,57
eng_Latn,891,5,54
eng_Latn,891,6,34
eng_Latn,892,0,60
eng_Latn,892,1,18
eng_Latn,892,2,4
eng_Latn,892,3,18
eng_Latn,892,4,34
eng_Latn,892,5,31
eng_Latn,892,6,20
eng_Latn,892,7,16
bul_Cyrl,893,0,60
bul_Cyrl,893,1,9
bul_Cyrl,893,2,13
bul_Cyrl,893,3,13
bul_Cyrl,893,4,13
bul_Cyrl,893,5,13
bul_Cyrl,893,6,13
bul_Cyrl,893,7,13
bul_Cyrl,893,8,13
bul_Cyrl,893,9,27
bul_Cyrl,893,10,19
bul_Cyrl,893,11,13
bul_Cyrl,893,12,13
bul_Cyrl,893,13,13
bul_Cyrl,893,14,13
bul_Cyrl,893,15,13
bul_Cyrl,893,16,13
bul_Cyrl,893,17,13
bul_Cyrl,893,18,13
bul_Cyrl,893,19,13
bul_Cyrl,893,20,13
bul_Cyrl,893,21,13
eng_Latn,894,0,60
eng_Latn,894,1,40
eng_Latn,894,2,48
eng_Latn,894,3,24
eng_Latn,894,4,19
eng_Latn,894,5,18
eng_Latn,894,6,14
eng_Latn,894,7,14
eng_Latn,894,8,47
bul_Cyrl,895,0,60
bul_Cyrl,895,1,13
bul_Cyrl,895,2,13
bul_Cyrl,895,3,13
bul_Cyrl,895,4,13
bul_Cyrl,895,5,13
bul_Cyrl,895,6,13
bul_Cyrl,895,7,19
bul_Cyrl,895,8,13
bul_Cyrl,895,9,13
bul_Cyrl,895,10,13
bul_Cyrl,895,11,13
bul_Cyrl,895,12,13
bul_Cyrl,895,13,13
bul_Cyrl,895,14,13
bul_Cyrl,895,15,13
bul_Cyrl,895,16,13
bul_Cyrl,895,17,13
bul_Cyrl,895,18,13
bul_Cyrl,895,19,13
bul_Cyrl,895,20,13
bul_Cyrl,895,21,13
bul_Cyrl,895,22,13
bul_Cyrl,895,23,13
bul_Cyrl,895,24,13
eng_Latn,896,0,60
eng_Latn,896,1,57
eng_Latn,896,2,47
eng_Latn,896,3,8
eng_Latn,896,4,47
eng_Latn,897,0,60
eng_Latn,897,1,7
eng_Latn,897,2,12
eng_Latn,897,3,19
eng_Latn,897,4,49
eng_Latn,898,0,60
eng_Latn,898,1,42
eng_Latn,898,2,38
eng_Latn,898,3,18
eng_Latn,898,4,16
eng_Latn,898,5,33
eng_Latn,898,6,33
eng_Latn,899,0,60
eng_Latn,899,1,35
eng_Latn,899,2,63
eng_Latn,899,3,63
eng_Latn,899,4,63
eng_Latn,899,5,24
eng_Latn,899,6,37
bul_Cyrl,900,0,60
bul_Cyrl,900,1,13
bul_Cyrl,900,2,13
bul_Cyrl,900,3,13
bul_Cyrl,900,4,13
bul_Cyrl,900,5,13
bul_Cyrl,900,6,13
bul_Cyrl,900,7,13
bul_Cyrl,900,8,13
bul_Cyrl,900,9,13
bul_Cyrl,900,10,13
bul_Cyrl,900,11,13
bul_Cyrl,900,12,13
bul_Cyrl,900,13,13
bul_Cyrl,900,14,13
bul_Cyrl,900,15,13
bul_Cyrl,900,16,12
bul_Cyrl,900,17,52
eng_Latn,901,0,60
eng_Latn,901,1,54
eng_Latn,901,2,51
eng_Latn,901,3,20
eng_Latn,901,4,38
eng_Latn,901,5,59
eng_Latn,901,6,15
eng_Latn,902,0,60
eng_Latn,902,1,38
eng_Latn,902,2,46
eng_Latn,902,3,33
eng_Latn,902,4,33
eng_Latn,902,5,33
eng_Latn,902,6,33
eng_Latn,902,7,33
eng_Latn,902,8,4
eng_Latn,903,0,60
eng_Latn,903,1,11
eng_Latn,903,2,52
eng_Latn,903,3,47
eng_Latn,903,4,3
eng_Latn,903,5,3
eng_Latn,903,6,57
eng_Latn,903,7,39
eng_Latn,903,8,19
eng_Latn,903,9,3
eng_Latn,904,0,60
eng_Latn,904,1,56
eng_Latn,904,2,54
eng_Latn,904,3,56
eng_Latn,904,4,24
eng_Latn,904,5,52
eng_Latn,904,6,51
eng_Latn,905,0,60
eng_Latn,905,1,27
eng_Latn,905,2,61
eng_Latn,905,3,39
eng_Latn,905,4,9
eng_Latn,905,5,38
eng_Latn,905,6,50
eng_Latn,905,7,16
eng_Latn,906,0,60
eng_Latn,906,1,46
eng_Latn,906,2,61
eng_Latn,906,3,15
eng_Latn,906,4,15
eng_Latn,906,5,56
eng_Latn,906,6,21
eng_Latn,906,7,39
eng_Latn,906,8,63
eng_Latn,907,0,60
eng_Latn,907,1,61
eng_Latn,907,2,22
eng_Latn,907,3,26
eng_Latn,908,0,60
eng_Latn,908,1,18
eng_Latn,908,2,18
eng_Latn,908,3,39
eng_Latn,908,4,19
eng_Latn,908,5,63
eng_Latn,908,6,5
eng_Latn,908,7,26
eng_Latn,908,8,26
eng_Latn,908,9,27
eng_Latn,908,10,26
eng_Latn,908,11,27
eng_Latn,908,12,26
eng_Latn,908,13,5
eng_Latn,908,14,14
eng_Latn,908,15,26
eng_Latn,909,0,60
eng_Latn,909,1,51
eng_Latn,909,2,58
eng_Latn,909,3,12
eng_Latn,909,4,61
eng_Latn,910,0,60
eng_Latn,910,1,35
eng_Latn,910,2,46
bul_Cyrl,911,0,60
bul_Cyrl,911,1,13
bul_Cyrl,911,2,13
bul_Cyrl,911,3,13
bul_Cyrl,911,4,13
bul_Cyrl,911,5,13
eng_Latn,912,0,60
eng_Latn,912,1,46
eng_Latn,912,2,34
eng_Latn,912,3,54
eng_Latn,912,4,18
eng_Latn,912,5,57
eng_Latn,912,6,34
eng_Latn,913,0,60
eng_Latn,913,1,35
eng_Latn,913,2,56
eng_Latn,913,3,56
eng_Latn,914,0,60
eng_Latn,914,1,54
eng_Latn,914,2,20
eng_Latn,914,3,35
eng_Latn,914,4,30
eng_Latn,914,5,30
eng_Latn,914,6,57
eng_Latn,914,7,20
eng_Latn,914,8,51
eng_Latn,915,0,60
eng_Latn,915,1,50
eng_Latn,915,2,39
eng_Latn,915,3,19
eng_Latn,915,4,33
eng_Latn,915,5,46
eng_Latn,915,6,48
eng_Latn,915,7,14
eng_Latn,915,8,27
eng_Latn,915,9,47
eng_Latn,915,10,49
eng_Latn,916,0,60
eng_Latn,916,1,22
eng_Latn,916,2,22
eng_Latn,916,3,22
eng_Latn,916,4,56
eng_Latn,916,5,34
eng_Latn,916,6,29
eng_Latn,916,7,34
eng_Latn,916,8,22
eng_Latn,916,9,34
eng_Latn,917,0,60
eng_Latn,917,1,48
eng_Latn,917,2,18
eng_Latn,917,3,18
eng_Latn,917,4,63
eng_Latn,917,5,30
eng_Latn,917,6,30
eng_Latn,917,7,33
eng_Latn,918,0,60
eng_Latn,918,1,45
eng_Latn,918,2,45
eng_Latn,918,3,35
eng_Latn,918,4,19
eng_Latn,918,5,20
eng_Latn,918,6,6
eng_Latn,918,7,45
eng_Latn,918,8,36
eng_Latn,918,9,16
bul_Cyrl,919,0,60
bul_Cyrl,919,1,13
bul_Cyrl,919,2,13
bul_Cyrl,919,3,13
bul_Cyrl,919,4,13
bul_Cyrl,919,5,13
bul_Cyrl,919,6,13
bul_Cyrl,919,7,13
bul_Cyrl,919,8,13
bul_Cyrl,919,9,13
bul_Cyrl,919,10,13
bul_Cyrl,919,11,13
bul_Cyrl,919,12,13
bul_Cyrl,919,13,13
bul_Cyrl,919,14,13
bul_Cyrl,919,15,13
bul_Cyrl,919,16,13
bul_Cyrl,919,17,13
bul_Cyrl,919,18,13
bul_Cyrl,919,19,13
bul_Cyrl,919,20,13
bul_Cyrl,919,21,13
bul_Cyrl,919,22,13
bul_Cyrl,919,23,13
bul_Cyrl,919,24,13
bul_Cyrl,919,25,13
bul_Cyrl,919,26,13
bul_Cyrl,919,27,13
eng_Latn,920,0,60
eng_Latn,920,1,52
eng_Latn,920,2,17
eng_Latn,920,3,35
eng_Latn,920,4,50
eng_Latn,920,5,19
eng_Latn,920,6,16
eng_Latn,920,7,34
eng_Latn,920,8,42
eng_Latn,920,9,9
eng_Latn,920,10,54
eng_Latn,920,11,3
eng_Latn,921,0,60
eng_Latn,921,1,20
eng_Latn,921,2,15
eng_Latn,921,3,51
eng_Latn,922,0,60
eng_Latn,922,1,35
eng_Latn,922,2,35
eng_Latn,922,3,2
eng_Latn,922,4,45
eng_Latn,922,5,50
eng_Latn,922,6,56
eng_Latn,922,7,38
eng_Latn,922,8,59
eng_Latn,922,9,19
eng_Latn,922,10,48
eng_Latn,922,11,20
eng_Latn,922,12,34
eng_Latn,923,0,60
eng_Latn,923,1,19
eng_Latn,923,2,33
eng_Latn,923,3,19
eng_Latn,923,4,15
eng_Latn,923,5,33
eng_Latn,923,6,61
eng_Latn,923,7,20
eng_Latn,923,8,19
eng_Latn,923,9,15
eng_Latn,924,0,60
eng_Latn,924,1,12
eng_Latn,924,2,1
eng_Latn,924,3,13
eng_Latn,924,4,7
eng_Latn,924,5,33
eng_Latn,924,6,33
eng_Latn,924,7,33
eng_Latn,924,8,47
eng_Latn,924,9,19
eng_Latn,924,10,33
eng_Latn,924,11,33
eng_Latn,924,12,1
bul_Cyrl,925,0,60
bul_Cyrl,925,1,13
bul_Cyrl,925,2,13
bul_Cyrl,925,3,13
bul_Cyrl,925,4,13
bul_Cyrl,925,5,13
bul_Cyrl,925,6,13
eng_Latn,926,0,60
eng_Latn,926,1,17
eng_Latn,926,2,22
eng_Latn,926,3,57
eng_Latn,926,4,16
eng_Latn,926,5,34
eng_Latn,927,0,60
eng_Latn,927,1,47
eng_Latn,927,2,19
eng_Latn,927,3,46
eng_Latn,927,4,5
eng_Latn,927,5,35
eng_Latn,927,6,46
eng_Latn,927,7,42
eng_Latn,927,8,47
eng_Latn,927,9,61
eng_Latn,927,10,61
eng_Latn,927,11,49
eng_Latn,927,12,22
eng_Latn,927,13,47
eng_Latn,927,14,60
bul_Cyrl,928,0,60
bul_Cyrl,928,1,13
bul_Cyrl,928,2,13
bul_Cyrl,928,3,13
bul_Cyrl,928,4,13
bul_Cyrl,928,5,13
bul_Cyrl,928,6,13
bul_Cyrl,928,7,13
bul_Cyrl,928,8,13
bul_Cyrl,928,9,1
bul_Cyrl,928,10,47
bul_Cyrl,928,11,13
bul_Cyrl,928,12,13
bul_Cyrl,928,13,47
bul_Cyrl,928,14,13
bul_Cyrl,928,15,13
bul_Cyrl,928,16,13
bul_Cyrl,928,17,13
bul_Cyrl,928,18,13
bul_Cyrl,928,19,13
bul_Cyrl,928,20,13
bul_Cyrl,929,0,60
bul_Cyrl,929,1,13
bul_Cyrl,929,2,13
bul_Cyrl,929,3,13
bul_Cyrl,929,4,13
bul_Cyrl,929,5,13
bul_Cyrl,929,6,13
bul_Cyrl,929,7,13
bul_Cyrl,929,8,13
bul_Cyrl,929,9,13
bul_Cyrl,929,10,13
bul_Cyrl,929,11,13
bul_Cyrl,929,12,13
bul_Cyrl,929,13,13
bul_Cyrl,929,14,13
bul_Cyrl,929,15,13
bul_Cyrl,929,16,52
eng_Latn,930,0,60
eng_Latn,930,1,35
eng_Latn,930,2,16
eng_Latn,930,3,4
eng_Latn,930,4,4
eng_Latn,930,5,4
eng_Latn,931,0,60
eng_Latn,931,1,9
eng_Latn,931,2,56
eng_Latn,931,3,51
eng_Latn,931,4,31
eng_Latn,931,5,20
eng_Latn,931,6,41
eng_Latn,931,7,55
eng_Latn,931,8,57
eng_Latn,931,9,21
eng_Latn,931,10,16
bul_Cyrl,932,0,60
bul_Cyrl,932,1,13
bul_Cyrl,932,2,13
bul_Cyrl,932,3,13
bul_Cyrl,932,4,13
bul_Cyrl,932,5,13
bul_Cyrl,932,6,13
bul_Cyrl,933,0,60
bul_Cyrl,933,1,13
bul_Cyrl,933,2,13
bul_Cyrl,933,3,13
bul_Cyrl,933,4,13
bul_Cyrl,933,5,13
bul_Cyrl,933,6,13
bul_Cyrl,933,7,13
bul_Cyrl,933,8,13
bul_Cyrl,933,9,13
bul_Cyrl,933,10,26
bul_Cyrl,933,11,27
bul_Cyrl,933,12,13
bul_Cyrl,933,13,13
bul_Cyrl,933,14,13
bul_Cyrl,933,15,13
bul_Cyrl,933,16,13
bul_Cyrl,933,17,13
bul_Cyrl,933,18,13
bul_Cyrl,933,19,13
bul_Cyrl,933,20,13
bul_Cyrl,933,21,13
bul_Cyrl,933,22,13
bul_Cyrl,933,23,52
bul_Cyrl,933,24,13
bul_Cyrl,933,25,13
bul_Cyrl,933,26,13
bul_Cyrl,933,27,13
bul_Cyrl,933,28,13
eng_Latn,934,0,60
eng_Latn,934,1,45
eng_Latn,934,2,38
eng_Latn,934,3,61
eng_Latn,934,4,61
eng_Latn,934,5,40
eng_Latn,934,6,53
eng_Latn,934,7,57
eng_Latn,934,8,49
eng_Latn,934,9,5
eng_Latn,934,10,26
eng_Latn,935,0,60
eng_Latn,935,1,22
eng_Latn,935,2,52
eng_Latn,935,3,53
eng_Latn,935,4,52
eng_Latn,935,5,10
eng_Latn,935,6,16
eng_Latn,935,7,3
eng_Latn,935,8,40
eng_Latn,935,9,3
eng_Latn,936,0,60
eng_Latn,936,1,35
eng_Latn,936,2,56
eng_Latn,936,3,16
eng_Latn,936,4,16
eng_Latn,936,5,54
eng_Latn,936,6,38
eng_Latn,936,7,50
eng_Latn,936,8,63
bul_Cyrl,937,0,60
bul_Cyrl,937,1,19
bul_Cyrl,937,2,47
bul_Cyrl,937,3,19
bul_Cyrl,937,4,39
bul_Cyrl,937,5,13
bul_Cyrl,937,6,13
bul_Cyrl,937,7,13
bul_Cyrl,937,8,13
bul_Cyrl,937,9,13
bul_Cyrl,937,10,13
bul_Cyrl,937,11,13
bul_Cyrl,937,12,13
bul_Cyrl,937,13,13
bul_Cyrl,937,14,13
bul_Cyrl,937,15,13
bul_Cyrl,937,16,13
bul_Cyrl,937,17,1
bul_Cyrl,937,18,13
bul_Cyrl,937,19,13
eng_Latn,938,0,60
eng_Latn,938,1,40
eng_Latn,938,2,51
eng_Latn,938,3,17
eng_Latn,938,4,17
eng_Latn,938,5,4
eng_Latn,938,6,59
eng_Latn,938,7,57
eng_Latn,939,0,60
eng_Latn,939,1,22
eng_Latn,939,2,45
eng_Latn,939,3,53
eng_Latn,939,4,38
eng_Latn,939,5,59
eng_Latn,939,6,17
eng_Latn,939,7,53
eng_Latn,939,8,34
bul_Cyrl,940,0,60
bul_Cyrl,940,1,13
bul_Cyrl,940,2,13
bul_Cyrl,940,3,13
bul_Cyrl,940,4,13
bul_Cyrl,940,5,13
bul_Cyrl,940,6,13
bul_Cyrl,940,7,13
bul_Cyrl,940,8,13
bul_Cyrl,940,9,47
bul_Cyrl,940,10,13
eng_Latn,941,0,60
eng_Latn,941,1,54
eng_Latn,941,2,29
bul_Cyrl,942,0,60
bul_Cyrl,942,1,13
bul_Cyrl,942,2,13
bul_Cyrl,942,3,13
bul_Cyrl,942,4,13
bul_Cyrl,942,5,13
bul_Cyrl,942,6,13
bul_Cyrl,942,7,13
bul_Cyrl,942,8,13
bul_Cyrl,942,9,13
bul_Cyrl,942,10,13
bul_Cyrl,943,0,60
bul_Cyrl,943,1,13
bul_Cyrl,943,2,13
bul_Cyrl,943,3,13
bul_Cyrl,943,4,13
bul_Cyrl,943,5,13
bul_Cyrl,943,6,13
bul_Cyrl,943,7,13
bul_Cyrl,943,8,13
bul_Cyrl,943,9,13
bul_Cyrl,943,10,13
bul_Cyrl,943,11,13
bul_Cyrl,943,12,13
bul_Cyrl,943,13,13
bul_Cyrl,943,14,13
bul_Cyrl,943,15,13
eng_Latn,944,0,60
eng_Latn,944,1,46
eng_Latn,944,2,50
eng_Latn,944,3,16
eng_Latn,944,4,50
eng_Latn,944,5,16
eng_Latn,944,6,37
eng_Latn,944,7,52
eng_Latn,944,8,35
eng_Latn,944,9,52
eng_Latn,944,10,57
eng_Latn,945,0,60
eng_Latn,945,1,22
eng_Latn,945,2,34
eng_Latn,945,3,20
eng_Latn,945,4,34
eng_Latn,945,5,34
eng_Latn,945,6,11
eng_Latn,946,0,60
eng_Latn,946,1,53
eng_Latn,946,2,37
eng_Latn,946,3,40
eng_Latn,946,4,40
eng_Latn,946,5,49
eng_Latn,946,6,53
eng_Latn,946,7,40
eng_Latn,946,8,5
eng_Latn,946,9,49
eng_Latn,947,0,60
eng_Latn,947,1,54
eng_Latn,947,2,22
eng_Latn,947,3,22
eng_Latn,947,4,34
eng_Latn,947,5,53
eng_Latn,947,6,52
eng_Latn,947,7,63
eng_Latn,948,0,60
eng_Latn,948,1,22
eng_Latn,948,2,34
eng_Latn,948,3,34
eng_Latn,949,0,60
eng_Latn,949,1,35
eng_Latn,949,2,4
eng_Latn,949,3,18
eng_Latn,949,4,63
eng_Latn,949,5,56
eng_Latn,949,6,52
eng_Latn,949,7,52
eng_Latn,949,8,21
eng_Latn,949,9,21
eng_Latn,949,10,4
eng_Latn,950,0,60
eng_Latn,950,1,56
eng_Latn,950,2,54
eng_Latn,950,3,38
eng_Latn,950,4,57
eng_Latn,950,5,20
eng_Latn,950,6,59
eng_Latn,950,7,16
bul_Cyrl,951,0,60
bul_Cyrl,951,1,13
bul_Cyrl,951,2,13
bul_Cyrl,951,3,13
bul_Cyrl,951,4,13
bul_Cyrl,951,5,13
bul_Cyrl,951,6,13
bul_Cyrl,951,7,13
bul_Cyrl,951,8,13
bul_Cyrl,951,9,13
bul_Cyrl,951,10,61
bul_Cyrl,951,11,13
bul_Cyrl,951,12,13
bul_Cyrl,951,13,13
bul_Cyrl,951,14,13
bul_Cyrl,951,15,13
bul_Cyrl,951,16,13
eng_Latn,952,0,60
eng_Latn,952,1,40
eng_Latn,952,2,63
bul_Cyrl,953,0,60
bul_Cyrl,953,1,13
bul_Cyrl,953,2,13
bul_Cyrl,953,3,13
bul_Cyrl,953,4,13
bul_Cyrl,953,5,13
bul_Cyrl,953,6,13
bul_Cyrl,953,7,13
bul_Cyrl,953,8,13
bul_Cyrl,953,9,13
bul_Cyrl,953,10,13
bul_Cyrl,953,11,13
bul_Cyrl,953,12,13
bul_Cyrl,953,13,13
bul_Cyrl,953,14,13
bul_Cyrl,953,15,13
bul_Cyrl,953,16,13
bul_Cyrl,953,17,13
bul_Cyrl,953,18,13
bul_Cyrl,953,19,13
bul_Cyrl,953,20,13
bul_Cyrl,953,21,13
bul_Cyrl,953,22,13
bul_Cyrl,953,23,13
bul_Cyrl,953,24,13
bul_Cyrl,953,25,13
bul_Cyrl,953,26,13
bul_Cyrl,953,27,13
bul_Cyrl,954,0,60
bul_Cyrl,954,1,13
bul_Cyrl,954,2,13
bul_Cyrl,954,3,13
bul_Cyrl,954,4,13
bul_Cyrl,954,5,13
bul_Cyrl,954,6,13
bul_Cyrl,954,7,13
bul_Cyrl,954,8,13
bul_Cyrl,954,9,13
bul_Cyrl,954,10,13
bul_Cyrl,954,11,13
bul_Cyrl,954,12,13
bul_Cyrl,954,13,13
bul_Cyrl,954,14,13
bul_Cyrl,954,15,13
bul_Cyrl,954,16,13
bul_Cyrl,954,17,13
eng_Latn,955,0,60
eng_Latn,955,1,22
eng_Latn,955,2,12
eng_Latn,955,3,22
eng_Latn,955,4,63
eng_Latn,956,0,60
eng_Latn,956,1,12
eng_Latn,956,2,42
eng_Latn,956,3,22
eng_Latn,956,4,27
eng_Latn,956,5,49
eng_Latn,956,6,9
eng_Latn,956,7,40
bul_Cyrl,957,0,60
bul_Cyrl,957,1,13
bul_Cyrl,957,2,13
bul_Cyrl,957,3,13
bul_Cyrl,957,4,13
bul_Cyrl,957,5,13
bul_Cyrl,957,6,13
bul_Cyrl,957,7,13
bul_Cyrl,957,8,13
bul_Cyrl,957,9,1
bul_Cyrl,957,10,52
bul_Cyrl,958,0,60
bul_Cyrl,958,1,13
bul_Cyrl,958,2,13
bul_Cyrl,958,3,13
bul_Cyrl,958,4,13
bul_Cyrl,958,5,13
bul_Cyrl,958,6,13
bul_Cyrl,958,7,13
bul_Cyrl,958,8,13
bul_Cyrl,958,9,13
bul_Cyrl,958,10,13
bul_Cyrl,958,11,39
bul_Cyrl,958,12,13
bul_Cyrl,959,0,60
bul_Cyrl,959,1,13
bul_Cyrl,959,2,13
bul_Cyrl,959,3,13
bul_Cyrl,959,4,13
bul_Cyrl,959,5,13
bul_Cyrl,959,6,13
bul_Cyrl,959,7,13
bul_Cyrl,959,8,13
bul_Cyrl,959,9,13
bul_Cyrl,959,10,13
bul_Cyrl,959,11,13
bul_Cyrl,959,12,13
bul_Cyrl,959,13,13
bul_Cyrl,959,14,13
bul_Cyrl,959,15,13
bul_Cyrl,959,16,13
eng_Latn,960,0,60
eng_Latn,960,1,57
eng_Latn,960,2,13
eng_Latn,960,3,13
eng_Latn,960,4,7
eng_Latn,961,0,60
eng_Latn,961,1,22
eng_Latn,961,2,9
eng_Latn,961,3,12
eng_Latn,961,4,19
eng_Latn,961,5,40
eng_Latn,961,6,34
eng_Latn,962,0,60
eng_Latn,962,1,36
eng_Latn,962,2,49
eng_Latn,962,3,5
eng_Latn,962,4,49
eng_Latn,962,5,5
eng_Latn,962,6,5
eng_Latn,962,7,40
eng_Latn,962,8,26
bul_Cyrl,963,0,60
bul_Cyrl,963,1,13
bul_Cyrl,963,2,13
bul_Cyrl,963,3,13
bul_Cyrl,963,4,13
bul_Cyrl,963,5,13
bul_Cyrl,963,6,13
bul_Cyrl,963,7,13
bul_Cyrl,963,8,13
bul_Cyrl,963,9,13
bul_Cyrl,963,10,13
bul_Cyrl,963,11,52
bul_Cyrl,964,0,60
bul_Cyrl,964,1,13
bul_Cyrl,964,2,13
bul_Cyrl,964,3,13
bul_Cyrl,964,4,13
bul_Cyrl,964,5,13
bul_Cyrl,964,6,13
bul_Cyrl,964,7,13
bul_Cyrl,964,8,13
bul_Cyrl,964,9,13
bul_Cyrl,964,10,47
bul_Cyrl,964,11,13
bul_Cyrl,964,12,13
bul_Cyrl,964,13,13
bul_Cyrl,964,14,13
bul_Cyrl,964,15,19
bul_Cyrl,964,16,19
bul_Cyrl,964,17,13
bul_Cyrl,964,18,13
bul_Cyrl,964,19,13
eng_Latn,965,0,60
eng_Latn,965,1,22
eng_Latn,965,2,56
eng_Latn,965,3,35
eng_Latn,965,4,35
eng_Latn,965,5,51
eng_Latn,966,0,60
eng_Latn,966,1,53
eng_Latn,966,2,53
eng_Latn,966,3,38
eng_Latn,966,4,59
eng_Latn,966,5,46
eng_Latn,967,0,60
eng_Latn,967,1,34
eng_Latn,967,2,34
eng_Latn,968,0,60
eng_Latn,968,1,56
eng_Latn,968,2,18
eng_Latn,968,3,51
eng_Latn,968,4,46
eng_Latn,968,5,51
bul_Cyrl,969,0,60
bul_Cyrl,969,1,13
bul_Cyrl,969,2,13
bul_Cyrl,969,3,13
bul_Cyrl,969,4,13
bul_Cyrl,969,5,13
bul_Cyrl,969,6,13
bul_Cyrl,969,7,13
bul_Cyrl,969,8,13
eng_Latn,970,0,60
eng_Latn,970,1,22
eng_Latn,970,2,29
eng_Latn,970,3,17
eng_Latn,970,4,34
eng_Latn,971,0,60
eng_Latn,971,1,18
eng_Latn,971,2,14
eng_Latn,972,0,60
eng_Latn,972,1,48
eng_Latn,972,2,9
eng_Latn,972,3,56
eng_Latn,972,4,54
eng_Latn,972,5,31
eng_Latn,972,6,16
eng_Latn,972,7,20
eng_Latn,972,8,26
eng_Latn,973,0,60
eng_Latn,973,1,19
eng_Latn,973,2,22
eng_Latn,973,3,22
eng_Latn,973,4,34
eng_Latn,973,5,12
eng_Latn,973,6,22
eng_Latn,973,7,12
eng_Latn,973,8,22
bul_Cyrl,974,0,60
bul_Cyrl,974,1,13
bul_Cyrl,974,2,13
bul_Cyrl,974,3,13
bul_Cyrl,974,4,13
bul_Cyrl,974,5,13
bul_Cyrl,974,6,13
bul_Cyrl,974,7,13
bul_Cyrl,974,8,9
bul_Cyrl,974,9,13
bul_Cyrl,974,10,13
bul_Cyrl,974,11,13
bul_Cyrl,974,12,13
bul_Cyrl,974,13,13
eng_Latn,975,0,60
eng_Latn,975,1,20
eng_Latn,975,2,37
eng_Latn,975,3,40
eng_Latn,975,4,59
bul_Cyrl,976,0,60
bul_Cyrl,976,1,13
bul_Cyrl,976,2,13
bul_Cyrl,976,3,13
bul_Cyrl,976,4,13
bul_Cyrl,976,5,1
bul_Cyrl,976,6,13
bul_Cyrl,976,7,13
bul_Cyrl,976,8,13
bul_Cyrl,976,9,13
bul_Cyrl,976,10,13
bul_Cyrl,976,11,13
bul_Cyrl,976,12,13
bul_Cyrl,976,13,13
bul_Cyrl,976,14,13
bul_Cyrl,976,15,13
bul_Cyrl,976,16,13
bul_Cyrl,976,17,13
bul_Cyrl,976,18,13
bul_Cyrl,976,19,13
bul_Cyrl,976,20,1
bul_Cyrl,976,21,13
bul_Cyrl,976,22,13
bul_Cyrl,976,23,13
bul_Cyrl,976,24,13
eng_Latn,977,0,60
eng_Latn,977,1,45
eng_Latn,977,2,18
eng_Latn,977,3,21
eng_Latn,977,4,21
eng_Latn,977,5,57
bul_Cyrl,978,0,60
bul_Cyrl,978,1,13
bul_Cyrl,978,2,13
bul_Cyrl,978,3,13
bul_Cyrl,978,4,13
bul_Cyrl,978,5,13
bul_Cyrl,978,6,13
bul_Cyrl,978,7,13
bul_Cyrl,978,8,13
bul_Cyrl,978,9,13
bul_Cyrl,978,10,13
bul_Cyrl,978,11,13
bul_Cyrl,978,12,13
bul_Cyrl,978,13,13
bul_Cyrl,978,14,13
bul_Cyrl,978,15,13
bul_Cyrl,978,16,52
bul_Cyrl,978,17,13
bul_Cyrl,978,18,13
bul_Cyrl,978,19,13
bul_Cyrl,979,0,60
bul_Cyrl,979,1,13
bul_Cyrl,979,2,13
bul_Cyrl,979,3,13
bul_Cyrl,979,4,13
bul_Cyrl,979,5,13
bul_Cyrl,979,6,13
bul_Cyrl,979,7,13
eng_Latn,980,0,60
eng_Latn,980,1,22
eng_Latn,980,2,19
eng_Latn,980,3,34
eng_Latn,980,4,24
eng_Latn,980,5,22
eng_Latn,980,6,34
bul_Cyrl,981,0,60
bul_Cyrl,981,1,61
bul_Cyrl,981,2,52
bul_Cyrl,981,3,52
bul_Cyrl,981,4,13
bul_Cyrl,981,5,13
bul_Cyrl,981,6,13
bul_Cyrl,981,7,52
bul_Cyrl,981,8,52
bul_Cyrl,981,9,52
bul_Cyrl,981,10,7
bul_Cyrl,981,11,13
eng_Latn,982,0,60
eng_Latn,982,1,5
eng_Latn,982,2,35
eng_Latn,982,3,46
eng_Latn,982,4,53
eng_Latn,982,5,48
eng_Latn,982,6,18
eng_Latn,982,7,23
eng_Latn,982,8,54
eng_Latn,982,9,52
bul_Cyrl,983,0,60
bul_Cyrl,983,1,13
bul_Cyrl,983,2,13
bul_Cyrl,983,3,13
bul_Cyrl,983,4,13
bul_Cyrl,983,5,13
bul_Cyrl,983,6,13
bul_Cyrl,983,7,13
bul_Cyrl,983,8,13
bul_Cyrl,983,9,13
bul_Cyrl,983,10,13
bul_Cyrl,983,11,13
bul_Cyrl,983,12,13
bul_Cyrl,983,13,13
bul_Cyrl,983,14,13
bul_Cyrl,983,15,19
bul_Cyrl,983,16,13
bul_Cyrl,983,17,13
bul_Cyrl,983,18,13
eng_Latn,984,0,60
eng_Latn,984,1,52
eng_Latn,984,2,57
eng_Latn,984,3,37
eng_Latn,984,4,3
eng_Latn,984,5,3
eng_Latn,984,6,19
eng_Latn,984,7,49
eng_Latn,985,0,60
eng_Latn,985,1,40
eng_Latn,985,2,40
eng_Latn,985,3,59
eng_Latn,985,4,19
eng_Latn,985,5,48
eng_Latn,985,6,62
eng_Latn,985,7,46
eng_Latn,985,8,57
eng_Latn,985,9,62
eng_Latn,986,0,60
eng_Latn,986,1,37
eng_Latn,986,2,53
eng_Latn,986,3,34
eng_Latn,987,0,60
eng_Latn,987,1,35
eng_Latn,987,2,17
eng_Latn,988,0,60
eng_Latn,988,1,22
eng_Latn,988,2,57
eng_Latn,988,3,16
eng_Latn,988,4,53
eng_Latn,988,5,35
eng_Latn,988,6,46
eng_Latn,988,7,34
eng_Latn,989,0,60
eng_Latn,989,1,56
eng_Latn,989,2,35
eng_Latn,989,3,57
eng_Latn,989,4,20
eng_Latn,989,5,59
eng_Latn,989,6,57
eng_Latn,989,7,57
eng_Latn,989,8,59
eng_Latn,989,9,47
eng_Latn,989,10,15
eng_Latn,990,0,60
eng_Latn,990,1,22
eng_Latn,990,2,9
eng_Latn,990,3,22
eng_Latn,990,4,63
eng_Latn,990,5,56
eng_Latn,990,6,57
eng_Latn,990,7,25
eng_Latn,990,8,15
eng_Latn,991,0,60
eng_Latn,991,1,19
eng_Latn,991,2,18
eng_Latn,991,3,39
eng_Latn,992,0,60
eng_Latn,992,1,9
eng_Latn,992,2,9
eng_Latn,992,3,56
eng_Latn,992,4,38
eng_Latn,992,5,35
eng_Latn,992,6,46
eng_Latn,993,0,60
eng_Latn,993,1,19
eng_Latn,993,2,40
eng_Latn,993,3,34
eng_Latn,994,0,60
eng_Latn,994,1,34
eng_Latn,994,2,29
eng_Latn,994,3,29
eng_Latn,994,4,16
eng_Latn,994,5,53
eng_Latn,994,6,38
eng_Latn,994,7,57
eng_Latn,995,0,60
eng_Latn,995,1,47
eng_Latn,995,2,1
eng_Latn,995,3,22
eng_Latn,995,4,28
eng_Latn,995,5,42
eng_Latn,995,6,1
eng_Latn,995,7,52
eng_Latn,995,8,24
eng_Latn,995,9,36
eng_Latn,995,10,52
eng_Latn,996,0,60
eng_Latn,996,1,27
eng_Latn,996,2,27
eng_Latn,996,3,53
eng_Latn,996,4,49
eng_Latn,996,5,49
bul_Cyrl,997,0,60
bul_Cyrl,997,1,13
bul_Cyrl,997,2,13
bul_Cyrl,997,3,13
bul_Cyrl,997,4,13
bul_Cyrl,997,5,13
bul_Cyrl,997,6,13
bul_Cyrl,997,7,13
bul_Cyrl,997,8,13
bul_Cyrl,997,9,13
bul_Cyrl,997,10,13
bul_Cyrl,997,11,13
bul_Cyrl,997,12,13
bul_Cyrl,997,13,13
bul_Cyrl,997,14,13
bul_Cyrl,997,15,13
bul_Cyrl,997,16,13
bul_Cyrl,997,17,13
bul_Cyrl,997,18,13
bul_Cyrl,997,19,13
bul_Cyrl,997,20,13
bul_Cyrl,997,21,13
bul_Cyrl,997,22,13
bul_Cyrl,997,23,13
bul_Cyrl,997,24,13
bul_Cyrl,997,25,13
eng_Latn,998,0,60
eng_Latn,998,1,46
eng_Latn,998,2,48
eng_Latn,998,3,56
eng_Latn,998,4,63
eng_Latn,998,5,20
eng_Latn,998,6,28
eng_Latn,998,7,28
bul_Cyrl,999,0,60
bul_Cyrl,999,1,13
bul_Cyrl,999,2,13
bul_Cyrl,999,3,13
bul_Cyrl,999,4,13
bul_Cyrl,999,5,13
bul_Cyrl,999,6,13
bul_Cyrl,999,7,13
bul_Cyrl,999,8,13
bul_Cyrl,999,9,19
bul_Cyrl,999,10,13
bul_Cyrl,999,11,13
bul_Cyrl,999,12,61
bul_Cyrl,999,13,13
bul_Cyrl,999,14,13
bul_Cyrl,999,15,13
bul_Cyrl,999,16,13
bul_Cyrl,999,17,19
