lang,sentence_id,token_idx,expert_id
eng_Latn,0,0,60
eng_Latn,0,1,22
eng_Latn,0,2,9
eng_Latn,0,3,9
eng_Latn,0,4,54
eng_Latn,0,5,61
spa_Latn,1,0,60
spa_Latn,1,1,19
spa_Latn,1,2,24
spa_Latn,1,3,39
spa_Latn,1,4,8
spa_Latn,1,5,8
spa_Latn,1,6,8
spa_Latn,1,7,19
spa_Latn,1,8,19
spa_Latn,1,9,8
spa_Latn,1,10,1
spa_Latn,1,11,8
spa_Latn,1,12,8
spa_Latn,1,13,8
spa_Latn,2,0,60
spa_Latn,2,1,11
spa_Latn,2,2,42
spa_Latn,2,3,47
spa_Latn,2,4,27
spa_Latn,2,5,40
eng_Latn,3,0,60
eng_Latn,3,1,52
eng_Latn,3,2,48
eng_Latn,3,3,56
eng_Latn,3,4,34
eng_Latn,3,5,34
eng_Latn,4,0,60
eng_Latn,4,1,38
eng_Latn,4,2,15
eng_Latn,4,3,56
eng_Latn,4,4,32
eng_Latn,4,5,4
eng_Latn,4,6,18
eng_Latn,4,7,50
eng_Latn,4,8,49
spa_Latn,5,0,60
spa_Latn,5,1,54
spa_Latn,5,2,8
spa_Latn,5,3,53
spa_Latn,5,4,8
spa_Latn,6,0,60
spa_Latn,6,1,19
spa_Latn,6,2,39
spa_Latn,6,3,8
spa_Latn,7,0,60
spa_Latn,7,1,19
spa_Latn,7,2,8
spa_Latn,7,3,7
spa_Latn,7,4,10
spa_Latn,7,5,8
spa_Latn,7,6,61
spa_Latn,7,7,8
spa_Latn,7,8,61
spa_Latn,7,9,19
spa_Latn,7,10,19
spa_Latn,7,11,8
eng_Latn,8,0,60
eng_Latn,8,1,41
eng_Latn,8,2,15
eng_Latn,8,3,48
eng_Latn,8,4,56
eng_Latn,8,5,57
eng_Latn,8,6,24
eng_Latn,8,7,37
eng_Latn,8,8,37
eng_Latn,8,9,3
eng_Latn,9,0,60
eng_Latn,9,1,54
eng_Latn,9,2,18
eng_Latn,9,3,18
eng_Latn,9,4,18
eng_Latn,9,5,62
eng_Latn,9,6,62
eng_Latn,9,7,57
eng_Latn,9,8,19
eng_Latn,9,9,34
spa_Latn,10,0,60
spa_Latn,10,1,35
spa_Latn,10,2,8
spa_Latn,10,3,8
spa_Latn,10,4,34
spa_Latn,10,5,10
spa_Latn,10,6,8
spa_Latn,10,7,47
spa_Latn,10,8,19
spa_Latn,10,9,8
spa_Latn,11,0,60
spa_Latn,11,1,7
spa_Latn,11,2,40
spa_Latn,11,3,7
spa_Latn,11,4,8
spa_Latn,11,5,9
spa_Latn,11,6,19
spa_Latn,11,7,39
spa_Latn,11,8,8
spa_Latn,11,9,61
spa_Latn,11,10,8
spa_Latn,11,11,8
spa_Latn,11,12,9
spa_Latn,11,13,12
spa_Latn,11,14,52
eng_Latn,12,0,60
eng_Latn,12,1,35
eng_Latn,12,2,63
eng_Latn,12,3,63
eng_Latn,12,4,63
eng_Latn,12,5,24
eng_Latn,12,6,37
spa_Latn,13,0,60
spa_Latn,13,1,19
spa_Latn,13,2,8
spa_Latn,13,3,6
spa_Latn,13,4,19
spa_Latn,13,5,8
spa_Latn,13,6,6
spa_Latn,13,7,6
spa_Latn,13,8,8
spa_Latn,13,9,19
spa_Latn,13,10,47
spa_Latn,13,11,19
spa_Latn,13,12,8
eng_Latn,14,0,60
eng_Latn,14,1,22
eng_Latn,14,2,42
eng_Latn,14,3,38
eng_Latn,14,4,19
eng_Latn,14,5,8
eng_Latn,14,6,19
eng_Latn,14,7,8
eng_Latn,14,8,5
eng_Latn,14,9,51
eng_Latn,14,10,8
eng_Latn,14,11,8
eng_Latn,14,12,15
spa_Latn,15,0,60
spa_Latn,15,1,8
spa_Latn,15,2,19
spa_Latn,15,3,8
spa_Latn,15,4,19
spa_Latn,15,5,8
spa_Latn,15,6,8
spa_Latn,15,7,8
spa_Latn,15,8,52
spa_Latn,15,9,35
spa_Latn,15,10,8
spa_Latn,15,11,8
spa_Latn,16,0,60
spa_Latn,16,1,39
spa_Latn,16,2,19
spa_Latn,16,3,8
spa_Latn,16,4,8
spa_Latn,17,0,60
spa_Latn,17,1,19
spa_Latn,17,2,39
spa_Latn,17,3,8
spa_Latn,17,4,8
spa_Latn,17,5,8
spa_Latn,17,6,39
spa_Latn,17,7,8
spa_Latn,17,8,19
spa_Latn,17,9,8
spa_Latn,17,10,8
spa_Latn,17,11,3
spa_Latn,17,12,47
spa_Latn,18,0,60
spa_Latn,18,1,19
spa_Latn,18,2,19
spa_Latn,18,3,8
spa_Latn,18,4,8
spa_Latn,18,5,47
spa_Latn,19,0,60
spa_Latn,19,1,1
spa_Latn,19,2,8
spa_Latn,19,3,22
spa_Latn,19,4,9
spa_Latn,19,5,9
spa_Latn,19,6,61
spa_Latn,19,7,8
spa_Latn,19,8,37
spa_Latn,19,9,47
spa_Latn,19,10,34
spa_Latn,20,0,60
spa_Latn,20,1,47
spa_Latn,20,2,19
spa_Latn,20,3,46
spa_Latn,20,4,7
spa_Latn,20,5,47
spa_Latn,20,6,8
spa_Latn,20,7,8
spa_Latn,20,8,8
spa_Latn,20,9,19
spa_Latn,20,10,8
spa_Latn,20,11,8
spa_Latn,20,12,30
spa_Latn,20,13,19
spa_Latn,20,14,8
spa_Latn,20,15,8
spa_Latn,21,0,60
spa_Latn,21,1,7
spa_Latn,21,2,7
spa_Latn,21,3,63
spa_Latn,21,4,11
spa_Latn,21,5,11
spa_Latn,21,6,11
spa_Latn,21,7,47
spa_Latn,21,8,39
spa_Latn,21,9,19
spa_Latn,21,10,8
spa_Latn,21,11,8
spa_Latn,21,12,19
spa_Latn,21,13,8
spa_Latn,22,0,60
spa_Latn,22,1,19
spa_Latn,22,2,27
spa_Latn,22,3,47
spa_Latn,22,4,8
spa_Latn,22,5,37
spa_Latn,22,6,47
spa_Latn,22,7,47
spa_Latn,22,8,37
spa_Latn,22,9,61
spa_Latn,22,10,8
spa_Latn,22,11,8
spa_Latn,22,12,8
spa_Latn,22,13,19
spa_Latn,22,14,8
spa_Latn,22,15,8
spa_Latn,23,0,60
spa_Latn,23,1,47
spa_Latn,23,2,8
spa_Latn,23,3,19
spa_Latn,23,4,39
spa_Latn,23,5,8
spa_Latn,23,6,8
spa_Latn,23,7,61
spa_Latn,23,8,8
spa_Latn,23,9,8
spa_Latn,23,10,1
spa_Latn,23,11,39
spa_Latn,23,12,8
spa_Latn,23,13,8
spa_Latn,23,14,8
eng_Latn,24,0,60
eng_Latn,24,1,17
eng_Latn,24,2,9
eng_Latn,24,3,56
eng_Latn,24,4,54
eng_Latn,24,5,38
eng_Latn,24,6,46
eng_Latn,24,7,56
eng_Latn,24,8,56
eng_Latn,24,9,4
eng_Latn,24,10,18
eng_Latn,24,11,50
eng_Latn,24,12,16
spa_Latn,25,0,60
spa_Latn,25,1,61
spa_Latn,25,2,17
spa_Latn,25,3,47
spa_Latn,25,4,39
spa_Latn,25,5,8
spa_Latn,25,6,8
spa_Latn,25,7,61
spa_Latn,25,8,8
spa_Latn,26,0,60
spa_Latn,26,1,8
spa_Latn,26,2,19
spa_Latn,26,3,34
spa_Latn,26,4,8
spa_Latn,26,5,8
spa_Latn,26,6,8
spa_Latn,26,7,1
spa_Latn,26,8,19
spa_Latn,26,9,39
spa_Latn,26,10,8
spa_Latn,27,0,60
spa_Latn,27,1,46
spa_Latn,27,2,22
spa_Latn,27,3,46
spa_Latn,27,4,35
spa_Latn,27,5,47
spa_Latn,27,6,8
eng_Latn,28,0,60
eng_Latn,28,1,9
eng_Latn,28,2,56
eng_Latn,28,3,35
eng_Latn,28,4,35
eng_Latn,28,5,57
eng_Latn,28,6,23
eng_Latn,28,7,46
spa_Latn,29,0,60
spa_Latn,29,1,19
spa_Latn,29,2,8
spa_Latn,29,3,8
spa_Latn,29,4,8
spa_Latn,29,5,8
spa_Latn,29,6,7
spa_Latn,29,7,19
spa_Latn,29,8,10
spa_Latn,29,9,10
spa_Latn,29,10,61
spa_Latn,29,11,8
spa_Latn,29,12,19
spa_Latn,29,13,8
spa_Latn,30,0,60
spa_Latn,30,1,61
spa_Latn,30,2,26
spa_Latn,30,3,49
spa_Latn,30,4,39
spa_Latn,30,5,8
spa_Latn,30,6,19
spa_Latn,30,7,8
spa_Latn,30,8,8
spa_Latn,30,9,19
spa_Latn,30,10,8
spa_Latn,30,11,19
spa_Latn,30,12,1
spa_Latn,30,13,1
spa_Latn,31,0,60
spa_Latn,31,1,8
spa_Latn,31,2,8
spa_Latn,31,3,39
spa_Latn,31,4,16
spa_Latn,31,5,8
spa_Latn,31,6,19
spa_Latn,31,7,8
spa_Latn,31,8,8
spa_Latn,32,0,60
spa_Latn,32,1,11
spa_Latn,32,2,22
spa_Latn,32,3,52
spa_Latn,32,4,37
spa_Latn,32,5,22
spa_Latn,32,6,12
spa_Latn,32,7,47
spa_Latn,32,8,47
spa_Latn,33,0,60
spa_Latn,33,1,19
spa_Latn,33,2,15
spa_Latn,33,3,8
spa_Latn,33,4,47
spa_Latn,33,5,47
spa_Latn,33,6,34
spa_Latn,33,7,8
spa_Latn,33,8,8
spa_Latn,33,9,1
spa_Latn,33,10,52
spa_Latn,33,11,47
spa_Latn,33,12,19
spa_Latn,33,13,39
spa_Latn,33,14,8
spa_Latn,34,0,60
spa_Latn,34,1,39
spa_Latn,34,2,8
spa_Latn,34,3,8
spa_Latn,34,4,8
spa_Latn,35,0,60
spa_Latn,35,1,40
spa_Latn,35,2,19
spa_Latn,35,3,8
spa_Latn,35,4,39
spa_Latn,35,5,63
spa_Latn,35,6,8
spa_Latn,35,7,13
spa_Latn,36,0,60
spa_Latn,36,1,49
spa_Latn,36,2,5
spa_Latn,36,3,27
spa_Latn,36,4,39
spa_Latn,36,5,61
spa_Latn,36,6,26
spa_Latn,36,7,19
spa_Latn,36,8,47
spa_Latn,36,9,49
spa_Latn,36,10,19
spa_Latn,36,11,8
spa_Latn,37,0,60
spa_Latn,37,1,8
spa_Latn,37,2,52
spa_Latn,37,3,52
spa_Latn,37,4,19
spa_Latn,37,5,19
spa_Latn,37,6,37
spa_Latn,37,7,37
spa_Latn,37,8,22
spa_Latn,37,9,47
spa_Latn,37,10,47
spa_Latn,37,11,49
spa_Latn,38,0,60
spa_Latn,38,1,19
spa_Latn,38,2,19
spa_Latn,38,3,8
spa_Latn,38,4,19
spa_Latn,38,5,19
spa_Latn,38,6,8
spa_Latn,38,7,8
spa_Latn,38,8,19
spa_Latn,38,9,49
spa_Latn,38,10,26
spa_Latn,38,11,7
spa_Latn,39,0,60
spa_Latn,39,1,47
spa_Latn,39,2,39
spa_Latn,39,3,61
spa_Latn,39,4,47
spa_Latn,39,5,19
spa_Latn,39,6,8
spa_Latn,39,7,8
spa_Latn,39,8,23
spa_Latn,39,9,8
spa_Latn,39,10,52
spa_Latn,39,11,8
spa_Latn,40,0,60
spa_Latn,40,1,19
spa_Latn,40,2,19
spa_Latn,40,3,34
spa_Latn,40,4,39
spa_Latn,40,5,8
spa_Latn,40,6,8
spa_Latn,41,0,60
spa_Latn,41,1,39
spa_Latn,41,2,8
spa_Latn,41,3,8
spa_Latn,41,4,8
spa_Latn,41,5,61
spa_Latn,41,6,39
spa_Latn,41,7,8
spa_Latn,41,8,36
spa_Latn,41,9,52
spa_Latn,41,10,1
spa_Latn,41,11,52
spa_Latn,41,12,8
eng_Latn,42,0,60
eng_Latn,42,1,19
eng_Latn,42,2,33
eng_Latn,42,3,19
eng_Latn,42,4,15
eng_Latn,42,5,33
eng_Latn,42,6,61
eng_Latn,42,7,20
eng_Latn,42,8,19
eng_Latn,42,9,15
spa_Latn,43,0,60
spa_Latn,43,1,19
spa_Latn,43,2,8
spa_Latn,43,3,10
spa_Latn,43,4,17
spa_Latn,43,5,19
spa_Latn,43,6,39
spa_Latn,43,7,39
spa_Latn,43,8,61
spa_Latn,43,9,8
spa_Latn,43,10,8
spa_Latn,43,11,19
spa_Latn,43,12,8
eng_Latn,44,0,60
eng_Latn,44,1,33
eng_Latn,44,2,33
eng_Latn,44,3,33
eng_Latn,44,4,33
eng_Latn,44,5,33
eng_Latn,44,6,33
eng_Latn,44,7,33
eng_Latn,44,8,33
spa_Latn,45,0,60
spa_Latn,45,1,7
spa_Latn,45,2,8
spa_Latn,45,3,19
spa_Latn,45,4,36
spa_Latn,45,5,36
spa_Latn,45,6,19
spa_Latn,45,7,28
spa_Latn,45,8,6
spa_Latn,45,9,6
spa_Latn,46,0,60
spa_Latn,46,1,54
spa_Latn,46,2,19
spa_Latn,46,3,8
spa_Latn,46,4,8
spa_Latn,46,5,8
spa_Latn,46,6,37
spa_Latn,46,7,8
spa_Latn,46,8,61
spa_Latn,46,9,52
spa_Latn,46,10,47
spa_Latn,46,11,8
spa_Latn,46,12,8
spa_Latn,47,0,60
spa_Latn,47,1,19
spa_Latn,47,2,30
spa_Latn,47,3,30
spa_Latn,47,4,30
spa_Latn,47,5,19
spa_Latn,47,6,19
spa_Latn,47,7,30
spa_Latn,47,8,8
spa_Latn,47,9,19
spa_Latn,47,10,30
spa_Latn,47,11,8
spa_Latn,47,12,33
spa_Latn,47,13,33
spa_Latn,47,14,19
spa_Latn,47,15,30
spa_Latn,48,0,60
spa_Latn,48,1,40
spa_Latn,48,2,26
spa_Latn,48,3,49
spa_Latn,48,4,12
spa_Latn,48,5,42
spa_Latn,48,6,19
spa_Latn,48,7,46
spa_Latn,48,8,19
spa_Latn,48,9,26
spa_Latn,48,10,49
spa_Latn,48,11,11
spa_Latn,49,0,60
spa_Latn,49,1,19
spa_Latn,49,2,8
spa_Latn,49,3,19
spa_Latn,49,4,8
spa_Latn,49,5,19
spa_Latn,49,6,8
spa_Latn,49,7,11
spa_Latn,49,8,19
spa_Latn,49,9,8
spa_Latn,49,10,19
spa_Latn,49,11,8
spa_Latn,49,12,8
spa_Latn,50,0,60
spa_Latn,50,1,40
spa_Latn,50,2,26
spa_Latn,50,3,47
spa_Latn,50,4,19
spa_Latn,50,5,34
spa_Latn,50,6,8
spa_Latn,51,0,60
spa_Latn,51,1,9
spa_Latn,51,2,47
spa_Latn,51,3,19
spa_Latn,51,4,6
spa_Latn,51,5,8
spa_Latn,51,6,19
spa_Latn,51,7,15
spa_Latn,51,8,45
spa_Latn,51,9,46
spa_Latn,51,10,15
eng_Latn,52,0,60
eng_Latn,52,1,11
eng_Latn,52,2,12
eng_Latn,52,3,22
eng_Latn,52,4,46
eng_Latn,52,5,27
eng_Latn,52,6,26
eng_Latn,52,7,26
eng_Latn,52,8,26
eng_Latn,52,9,12
eng_Latn,52,10,26
eng_Latn,52,11,27
eng_Latn,52,12,39
eng_Latn,53,0,60
eng_Latn,53,1,27
eng_Latn,53,2,27
eng_Latn,53,3,5
eng_Latn,53,4,27
eng_Latn,53,5,26
eng_Latn,53,6,26
spa_Latn,54,0,60
spa_Latn,54,1,24
spa_Latn,54,2,61
spa_Latn,54,3,47
spa_Latn,54,4,10
spa_Latn,54,5,10
spa_Latn,54,6,47
spa_Latn,54,7,8
spa_Latn,54,8,51
spa_Latn,54,9,19
spa_Latn,54,10,47
spa_Latn,54,11,8
spa_Latn,54,12,51
spa_Latn,54,13,19
spa_Latn,54,14,8
spa_Latn,54,15,8
spa_Latn,54,16,8
spa_Latn,54,17,19
spa_Latn,54,18,16
eng_Latn,55,0,60
eng_Latn,55,1,42
eng_Latn,55,2,19
eng_Latn,55,3,22
spa_Latn,56,0,60
spa_Latn,56,1,24
spa_Latn,56,2,39
spa_Latn,56,3,19
spa_Latn,56,4,19
spa_Latn,56,5,8
spa_Latn,56,6,19
spa_Latn,56,7,8
spa_Latn,56,8,39
spa_Latn,56,9,8
spa_Latn,56,10,8
spa_Latn,56,11,47
spa_Latn,56,12,47
spa_Latn,56,13,8
spa_Latn,57,0,60
spa_Latn,57,1,9
spa_Latn,57,2,19
spa_Latn,57,3,19
spa_Latn,57,4,8
spa_Latn,57,5,8
spa_Latn,57,6,8
spa_Latn,57,7,19
spa_Latn,57,8,16
spa_Latn,57,9,8
spa_Latn,57,10,19
spa_Latn,57,11,8
spa_Latn,57,12,20
spa_Latn,57,13,40
spa_Latn,57,14,52
spa_Latn,58,0,60
spa_Latn,58,1,19
spa_Latn,58,2,8
spa_Latn,58,3,1
spa_Latn,58,4,39
spa_Latn,58,5,8
spa_Latn,58,6,8
spa_Latn,58,7,61
spa_Latn,58,8,8
spa_Latn,58,9,19
spa_Latn,58,10,8
spa_Latn,58,11,8
spa_Latn,58,12,8
spa_Latn,58,13,39
spa_Latn,58,14,8
spa_Latn,58,15,8
spa_Latn,59,0,60
spa_Latn,59,1,19
spa_Latn,59,2,17
spa_Latn,59,3,8
spa_Latn,59,4,8
spa_Latn,59,5,19
spa_Latn,59,6,34
spa_Latn,59,7,8
spa_Latn,59,8,49
spa_Latn,60,0,60
spa_Latn,60,1,1
spa_Latn,60,2,8
spa_Latn,60,3,8
spa_Latn,60,4,8
spa_Latn,60,5,47
spa_Latn,60,6,19
spa_Latn,60,7,19
spa_Latn,60,8,30
spa_Latn,61,0,60
spa_Latn,61,1,8
spa_Latn,61,2,8
spa_Latn,61,3,19
spa_Latn,61,4,14
spa_Latn,61,5,8
spa_Latn,61,6,47
spa_Latn,61,7,19
spa_Latn,61,8,14
spa_Latn,61,9,7
spa_Latn,61,10,7
spa_Latn,62,0,60
spa_Latn,62,1,47
spa_Latn,62,2,8
spa_Latn,62,3,13
spa_Latn,63,0,60
spa_Latn,63,1,8
spa_Latn,63,2,47
spa_Latn,63,3,8
spa_Latn,63,4,19
spa_Latn,63,5,47
spa_Latn,63,6,19
spa_Latn,63,7,19
spa_Latn,63,8,8
eng_Latn,64,0,60
eng_Latn,64,1,56
eng_Latn,64,2,37
eng_Latn,64,3,57
eng_Latn,64,4,35
eng_Latn,64,5,57
eng_Latn,64,6,25
eng_Latn,64,7,35
eng_Latn,64,8,57
eng_Latn,64,9,49
eng_Latn,65,0,60
eng_Latn,65,1,45
eng_Latn,65,2,18
eng_Latn,65,3,16
eng_Latn,65,4,38
eng_Latn,65,5,15
eng_Latn,65,6,2
eng_Latn,65,7,59
eng_Latn,65,8,34
spa_Latn,66,0,60
spa_Latn,66,1,39
spa_Latn,66,2,29
spa_Latn,66,3,8
spa_Latn,66,4,8
spa_Latn,66,5,23
spa_Latn,66,6,8
spa_Latn,66,7,8
spa_Latn,66,8,49
spa_Latn,66,9,26
spa_Latn,66,10,19
spa_Latn,66,11,8
spa_Latn,67,0,60
spa_Latn,67,1,17
spa_Latn,67,2,8
spa_Latn,67,3,8
spa_Latn,67,4,19
spa_Latn,67,5,47
spa_Latn,67,6,19
spa_Latn,67,7,8
spa_Latn,67,8,10
spa_Latn,67,9,8
spa_Latn,67,10,19
spa_Latn,67,11,8
spa_Latn,68,0,60
spa_Latn,68,1,54
spa_Latn,68,2,8
spa_Latn,68,3,19
spa_Latn,68,4,8
spa_Latn,68,5,52
eng_Latn,69,0,60
eng_Latn,69,1,47
eng_Latn,69,2,19
eng_Latn,69,3,46
eng_Latn,69,4,5
eng_Latn,69,5,35
eng_Latn,69,6,46
eng_Latn,69,7,42
eng_Latn,69,8,47
eng_Latn,69,9,61
eng_Latn,69,10,61
eng_Latn,69,11,49
eng_Latn,69,12,22
eng_Latn,69,13,47
eng_Latn,69,14,60
spa_Latn,70,0,60
spa_Latn,70,1,40
spa_Latn,70,2,8
spa_Latn,70,3,47
spa_Latn,70,4,7
spa_Latn,70,5,6
spa_Latn,70,6,6
spa_Latn,70,7,19
spa_Latn,70,8,47
spa_Latn,70,9,8
spa_Latn,71,0,60
spa_Latn,71,1,19
spa_Latn,71,2,19
spa_Latn,71,3,40
spa_Latn,72,0,60
spa_Latn,72,1,8
spa_Latn,72,2,8
spa_Latn,72,3,51
spa_Latn,72,4,8
spa_Latn,72,5,19
spa_Latn,72,6,10
spa_Latn,72,7,8
spa_Latn,72,8,8
spa_Latn,72,9,19
spa_Latn,72,10,8
spa_Latn,73,0,60
spa_Latn,73,1,8
spa_Latn,73,2,8
spa_Latn,74,0,60
spa_Latn,74,1,8
spa_Latn,74,2,8
spa_Latn,74,3,8
spa_Latn,74,4,1
spa_Latn,74,5,8
spa_Latn,74,6,8
spa_Latn,74,7,53
spa_Latn,74,8,8
spa_Latn,74,9,19
spa_Latn,74,10,8
spa_Latn,74,11,19
spa_Latn,74,12,8
eng_Latn,75,0,60
eng_Latn,75,1,40
eng_Latn,75,2,56
eng_Latn,75,3,56
eng_Latn,75,4,53
eng_Latn,75,5,57
eng_Latn,75,6,51
spa_Latn,76,0,60
spa_Latn,76,1,7
spa_Latn,76,2,19
spa_Latn,76,3,8
spa_Latn,76,4,8
eng_Latn,77,0,60
eng_Latn,77,1,12
eng_Latn,77,2,42
eng_Latn,77,3,22
eng_Latn,77,4,27
eng_Latn,77,5,49
eng_Latn,77,6,9
eng_Latn,77,7,40
eng_Latn,78,0,60
eng_Latn,78,1,9
eng_Latn,78,2,38
eng_Latn,78,3,15
eng_Latn,78,4,56
eng_Latn,78,5,63
eng_Latn,78,6,14
eng_Latn,78,7,14
eng_Latn,78,8,40
eng_Latn,78,9,1
spa_Latn,79,0,60
spa_Latn,79,1,19
spa_Latn,79,2,37
spa_Latn,79,3,12
spa_Latn,79,4,12
spa_Latn,79,5,26
spa_Latn,79,6,19
spa_Latn,79,7,8
spa_Latn,79,8,19
spa_Latn,79,9,8
spa_Latn,80,0,60
spa_Latn,80,1,39
spa_Latn,80,2,39
spa_Latn,80,3,8
spa_Latn,80,4,8
spa_Latn,80,5,8
spa_Latn,80,6,8
spa_Latn,80,7,8
spa_Latn,80,8,47
spa_Latn,80,9,8
spa_Latn,80,10,8
spa_Latn,80,11,47
spa_Latn,80,12,8
spa_Latn,80,13,19
spa_Latn,81,0,60
spa_Latn,81,1,31
spa_Latn,81,2,19
spa_Latn,81,3,39
spa_Latn,81,4,34
spa_Latn,81,5,53
spa_Latn,81,6,8
spa_Latn,81,7,61
spa_Latn,81,8,47
spa_Latn,81,9,19
spa_Latn,81,10,8
spa_Latn,81,11,8
spa_Latn,81,12,8
spa_Latn,81,13,19
spa_Latn,81,14,8
spa_Latn,82,0,60
spa_Latn,82,1,39
spa_Latn,82,2,8
spa_Latn,82,3,61
spa_Latn,82,4,14
spa_Latn,82,5,47
spa_Latn,82,6,19
spa_Latn,82,7,15
spa_Latn,82,8,8
spa_Latn,82,9,40
spa_Latn,82,10,8
spa_Latn,82,11,19
spa_Latn,82,12,19
spa_Latn,82,13,39
spa_Latn,82,14,8
spa_Latn,82,15,29
spa_Latn,82,16,8
eng_Latn,83,0,60
eng_Latn,83,1,61
eng_Latn,83,2,21
eng_Latn,83,3,56
eng_Latn,83,4,51
eng_Latn,83,5,56
eng_Latn,83,6,46
eng_Latn,83,7,21
spa_Latn,84,0,60
spa_Latn,84,1,7
spa_Latn,84,2,12
spa_Latn,84,3,47
spa_Latn,84,4,8
spa_Latn,84,5,43
spa_Latn,84,6,19
spa_Latn,84,7,8
spa_Latn,84,8,42
spa_Latn,84,9,61
spa_Latn,84,10,43
spa_Latn,84,11,27
spa_Latn,84,12,47
spa_Latn,84,13,8
spa_Latn,84,14,12
spa_Latn,84,15,52
spa_Latn,84,16,19
spa_Latn,84,17,8
eng_Latn,85,0,60
eng_Latn,85,1,40
eng_Latn,85,2,46
eng_Latn,85,3,18
spa_Latn,86,0,60
spa_Latn,86,1,46
spa_Latn,86,2,8
spa_Latn,86,3,56
spa_Latn,86,4,19
spa_Latn,86,5,46
spa_Latn,86,6,63
spa_Latn,86,7,8
spa_Latn,86,8,19
spa_Latn,86,9,39
spa_Latn,86,10,63
spa_Latn,86,11,8
spa_Latn,86,12,8
spa_Latn,86,13,47
spa_Latn,86,14,63
spa_Latn,87,0,60
spa_Latn,87,1,12
spa_Latn,87,2,61
spa_Latn,87,3,22
spa_Latn,87,4,35
spa_Latn,87,5,8
spa_Latn,87,6,8
spa_Latn,87,7,17
spa_Latn,87,8,8
spa_Latn,87,9,8
spa_Latn,87,10,19
spa_Latn,87,11,8
spa_Latn,88,0,60
spa_Latn,88,1,47
spa_Latn,88,2,8
spa_Latn,88,3,8
spa_Latn,88,4,8
spa_Latn,88,5,19
spa_Latn,88,6,8
spa_Latn,88,7,8
spa_Latn,88,8,61
spa_Latn,88,9,8
spa_Latn,88,10,46
spa_Latn,88,11,8
spa_Latn,88,12,15
eng_Latn,89,0,60
eng_Latn,89,1,57
eng_Latn,89,2,46
eng_Latn,89,3,15
eng_Latn,89,4,63
eng_Latn,89,5,62
eng_Latn,89,6,52
eng_Latn,89,7,8
eng_Latn,89,8,46
eng_Latn,89,9,48
spa_Latn,90,0,60
spa_Latn,90,1,61
spa_Latn,90,2,17
spa_Latn,90,3,17
spa_Latn,90,4,1
spa_Latn,90,5,19
spa_Latn,90,6,39
spa_Latn,90,7,8
spa_Latn,91,0,60
spa_Latn,91,1,40
spa_Latn,91,2,19
spa_Latn,91,3,8
spa_Latn,91,4,40
spa_Latn,91,5,40
spa_Latn,91,6,8
spa_Latn,91,7,12
spa_Latn,91,8,52
spa_Latn,92,0,60
spa_Latn,92,1,19
spa_Latn,92,2,49
spa_Latn,92,3,8
spa_Latn,93,0,60
spa_Latn,93,1,47
spa_Latn,93,2,47
spa_Latn,93,3,52
spa_Latn,93,4,8
spa_Latn,93,5,8
spa_Latn,93,6,53
spa_Latn,93,7,19
spa_Latn,93,8,47
spa_Latn,93,9,8
spa_Latn,93,10,8
spa_Latn,93,11,7
spa_Latn,93,12,8
eng_Latn,94,0,60
eng_Latn,94,1,51
eng_Latn,94,2,18
eng_Latn,94,3,18
eng_Latn,94,4,21
eng_Latn,94,5,16
eng_Latn,94,6,54
eng_Latn,94,7,52
eng_Latn,94,8,52
eng_Latn,94,9,52
eng_Latn,94,10,37
eng_Latn,94,11,49
spa_Latn,95,0,60
spa_Latn,95,1,19
spa_Latn,95,2,8
spa_Latn,95,3,19
spa_Latn,95,4,8
spa_Latn,95,5,54
spa_Latn,95,6,47
spa_Latn,95,7,8
spa_Latn,95,8,14
spa_Latn,95,9,29
spa_Latn,95,10,47
spa_Latn,95,11,8
spa_Latn,96,0,60
spa_Latn,96,1,8
spa_Latn,96,2,51
spa_Latn,96,3,1
spa_Latn,96,4,8
spa_Latn,96,5,61
spa_Latn,96,6,15
spa_Latn,96,7,8
spa_Latn,96,8,8
spa_Latn,96,9,61
spa_Latn,96,10,19
spa_Latn,96,11,8
spa_Latn,96,12,8
spa_Latn,96,13,8
spa_Latn,96,14,61
spa_Latn,96,15,8
spa_Latn,97,0,60
spa_Latn,97,1,8
spa_Latn,97,2,8
spa_Latn,97,3,8
spa_Latn,97,4,19
spa_Latn,97,5,19
spa_Latn,97,6,8
spa_Latn,97,7,30
spa_Latn,97,8,19
spa_Latn,97,9,8
spa_Latn,97,10,8
spa_Latn,97,11,1
spa_Latn,97,12,8
spa_Latn,97,13,8
spa_Latn,98,0,60
spa_Latn,98,1,19
spa_Latn,98,2,27
spa_Latn,98,3,27
spa_Latn,98,4,8
spa_Latn,98,5,19
spa_Latn,98,6,8
spa_Latn,98,7,61
spa_Latn,98,8,19
spa_Latn,98,9,8
spa_Latn,98,10,47
spa_Latn,98,11,8
spa_Latn,98,12,53
spa_Latn,98,13,8
spa_Latn,98,14,57
spa_Latn,98,15,8
spa_Latn,99,0,60
spa_Latn,99,1,19
spa_Latn,99,2,8
spa_Latn,99,3,19
spa_Latn,99,4,8
eng_Latn,100,0,60
eng_Latn,100,1,38
eng_Latn,100,2,18
eng_Latn,100,3,41
eng_Latn,100,4,44
eng_Latn,100,5,44
eng_Latn,100,6,46
eng_Latn,101,0,60
eng_Latn,101,1,49
eng_Latn,101,2,12
eng_Latn,101,3,39
spa_Latn,102,0,60
spa_Latn,102,1,8
spa_Latn,102,2,61
spa_Latn,102,3,34
spa_Latn,102,4,34
spa_Latn,102,5,8
spa_Latn,102,6,19
spa_Latn,102,7,29
spa_Latn,103,0,60
spa_Latn,103,1,47
spa_Latn,103,2,19
spa_Latn,103,3,63
spa_Latn,103,4,12
spa_Latn,103,5,35
spa_Latn,103,6,19
spa_Latn,103,7,8
spa_Latn,103,8,24
spa_Latn,103,9,29
spa_Latn,103,10,8
spa_Latn,103,11,8
spa_Latn,103,12,39
spa_Latn,103,13,47
spa_Latn,103,14,8
spa_Latn,103,15,8
spa_Latn,104,0,60
spa_Latn,104,1,19
spa_Latn,104,2,8
spa_Latn,104,3,19
spa_Latn,104,4,8
spa_Latn,104,5,8
spa_Latn,104,6,8
spa_Latn,104,7,39
spa_Latn,104,8,34
eng_Latn,105,0,60
eng_Latn,105,1,19
eng_Latn,105,2,19
eng_Latn,105,3,33
eng_Latn,105,4,56
eng_Latn,105,5,33
spa_Latn,106,0,60
spa_Latn,106,1,19
spa_Latn,106,2,34
spa_Latn,106,3,27
spa_Latn,106,4,40
spa_Latn,107,0,60
spa_Latn,107,1,8
spa_Latn,107,2,8
spa_Latn,107,3,19
spa_Latn,107,4,8
spa_Latn,107,5,35
spa_Latn,107,6,10
spa_Latn,107,7,10
spa_Latn,107,8,8
spa_Latn,107,9,19
spa_Latn,107,10,19
spa_Latn,107,11,8
spa_Latn,108,0,60
spa_Latn,108,1,8
spa_Latn,108,2,8
spa_Latn,108,3,19
spa_Latn,108,4,19
spa_Latn,108,5,8
spa_Latn,109,0,60
spa_Latn,109,1,54
spa_Latn,109,2,47
spa_Latn,109,3,8
spa_Latn,109,4,39
spa_Latn,109,5,8
spa_Latn,109,6,40
spa_Latn,109,7,61
spa_Latn,109,8,8
spa_Latn,110,0,60
spa_Latn,110,1,52
spa_Latn,110,2,52
spa_Latn,110,3,52
spa_Latn,110,4,63
spa_Latn,110,5,8
eng_Latn,111,0,60
eng_Latn,111,1,61
eng_Latn,111,2,46
eng_Latn,111,3,48
eng_Latn,111,4,31
eng_Latn,111,5,52
eng_Latn,111,6,52
eng_Latn,111,7,19
eng_Latn,111,8,19
eng_Latn,111,9,3
eng_Latn,111,10,3
eng_Latn,111,11,57
eng_Latn,111,12,37
eng_Latn,111,13,52
eng_Latn,112,0,60
eng_Latn,112,1,26
eng_Latn,112,2,30
eng_Latn,112,3,46
eng_Latn,112,4,15
eng_Latn,113,0,60
eng_Latn,113,1,38
eng_Latn,113,2,46
eng_Latn,113,3,47
eng_Latn,113,4,40
eng_Latn,113,5,29
eng_Latn,113,6,33
spa_Latn,114,0,60
spa_Latn,114,1,19
spa_Latn,114,2,47
spa_Latn,114,3,8
spa_Latn,114,4,8
spa_Latn,114,5,19
spa_Latn,114,6,8
spa_Latn,114,7,52
spa_Latn,114,8,52
spa_Latn,114,9,52
spa_Latn,114,10,19
spa_Latn,114,11,8
spa_Latn,115,0,60
spa_Latn,115,1,49
spa_Latn,115,2,47
spa_Latn,115,3,49
spa_Latn,116,0,60
spa_Latn,116,1,8
spa_Latn,116,2,19
spa_Latn,116,3,8
spa_Latn,116,4,8
spa_Latn,116,5,61
spa_Latn,116,6,47
spa_Latn,116,7,8
spa_Latn,116,8,8
spa_Latn,116,9,8
spa_Latn,116,10,57
spa_Latn,116,11,39
spa_Latn,116,12,39
spa_Latn,116,13,8
spa_Latn,116,14,8
spa_Latn,116,15,8
spa_Latn,116,16,8
eng_Latn,117,0,60
eng_Latn,117,1,18
eng_Latn,117,2,18
eng_Latn,117,3,29
eng_Latn,117,4,51
eng_Latn,117,5,52
eng_Latn,117,6,49
eng_Latn,118,0,60
eng_Latn,118,1,7
eng_Latn,118,2,19
eng_Latn,118,3,34
eng_Latn,118,4,9
eng_Latn,118,5,22
eng_Latn,118,6,42
eng_Latn,118,7,27
eng_Latn,118,8,13
eng_Latn,118,9,27
eng_Latn,118,10,7
eng_Latn,118,11,49
spa_Latn,119,0,60
spa_Latn,119,1,19
spa_Latn,119,2,40
spa_Latn,119,3,39
spa_Latn,119,4,19
spa_Latn,119,5,8
spa_Latn,119,6,8
spa_Latn,119,7,54
spa_Latn,119,8,8
spa_Latn,119,9,8
spa_Latn,119,10,62
spa_Latn,119,11,19
spa_Latn,119,12,8
spa_Latn,120,0,60
spa_Latn,120,1,46
spa_Latn,120,2,8
eng_Latn,121,0,60
eng_Latn,121,1,36
eng_Latn,121,2,56
eng_Latn,121,3,36
eng_Latn,121,4,36
eng_Latn,121,5,63
spa_Latn,122,0,60
spa_Latn,122,1,47
spa_Latn,122,2,8
spa_Latn,122,3,17
spa_Latn,122,4,8
spa_Latn,122,5,8
spa_Latn,122,6,19
spa_Latn,122,7,19
spa_Latn,122,8,47
spa_Latn,122,9,19
spa_Latn,122,10,8
spa_Latn,123,0,60
spa_Latn,123,1,19
spa_Latn,123,2,19
spa_Latn,123,3,16
spa_Latn,123,4,8
spa_Latn,123,5,19
spa_Latn,123,6,8
spa_Latn,123,7,8
spa_Latn,123,8,8
spa_Latn,123,9,47
spa_Latn,123,10,19
spa_Latn,123,11,30
spa_Latn,124,0,60
spa_Latn,124,1,60
spa_Latn,124,2,27
spa_Latn,124,3,39
spa_Latn,124,4,8
spa_Latn,124,5,19
spa_Latn,124,6,8
spa_Latn,125,0,60
spa_Latn,125,1,33
spa_Latn,125,2,6
spa_Latn,125,3,19
spa_Latn,125,4,19
spa_Latn,125,5,8
spa_Latn,125,6,47
spa_Latn,125,7,47
spa_Latn,125,8,8
spa_Latn,125,9,1
spa_Latn,125,10,47
spa_Latn,125,11,46
spa_Latn,125,12,8
spa_Latn,126,0,60
spa_Latn,126,1,22
spa_Latn,126,2,52
spa_Latn,126,3,1
spa_Latn,126,4,52
spa_Latn,126,5,27
spa_Latn,126,6,52
spa_Latn,126,7,13
spa_Latn,126,8,8
spa_Latn,126,9,1
spa_Latn,126,10,8
spa_Latn,126,11,8
spa_Latn,126,12,47
spa_Latn,126,13,62
spa_Latn,127,0,60
spa_Latn,127,1,40
spa_Latn,127,2,39
spa_Latn,127,3,8
spa_Latn,127,4,19
spa_Latn,127,5,47
spa_Latn,127,6,8
spa_Latn,127,7,8
spa_Latn,127,8,8
spa_Latn,127,9,7
spa_Latn,128,0,60
spa_Latn,128,1,54
spa_Latn,128,2,8
spa_Latn,128,3,19
spa_Latn,128,4,8
spa_Latn,128,5,27
spa_Latn,128,6,40
spa_Latn,128,7,49
spa_Latn,128,8,8
spa_Latn,128,9,9
spa_Latn,128,10,11
spa_Latn,128,11,47
spa_Latn,128,12,47
spa_Latn,128,13,8
spa_Latn,129,0,60
spa_Latn,129,1,19
spa_Latn,129,2,43
spa_Latn,129,3,57
spa_Latn,129,4,8
spa_Latn,129,5,8
spa_Latn,129,6,19
spa_Latn,129,7,19
spa_Latn,129,8,8
spa_Latn,130,0,60
spa_Latn,130,1,49
spa_Latn,130,2,5
spa_Latn,130,3,52
spa_Latn,130,4,39
spa_Latn,130,5,12
spa_Latn,130,6,27
spa_Latn,130,7,13
spa_Latn,130,8,9
eng_Latn,131,0,60
eng_Latn,131,1,22
eng_Latn,131,2,15
eng_Latn,131,3,11
eng_Latn,131,4,52
eng_Latn,131,5,3
eng_Latn,131,6,48
spa_Latn,132,0,60
spa_Latn,132,1,22
spa_Latn,132,2,11
spa_Latn,132,3,58
spa_Latn,132,4,61
spa_Latn,133,0,60
spa_Latn,133,1,60
spa_Latn,133,2,60
spa_Latn,133,3,26
spa_Latn,133,4,13
spa_Latn,133,5,13
spa_Latn,133,6,13
spa_Latn,133,7,47
eng_Latn,134,0,60
eng_Latn,134,1,56
eng_Latn,134,2,56
eng_Latn,134,3,38
eng_Latn,134,4,57
eng_Latn,134,5,20
eng_Latn,134,6,46
eng_Latn,134,7,15
spa_Latn,135,0,60
spa_Latn,135,1,8
spa_Latn,135,2,8
spa_Latn,135,3,61
spa_Latn,135,4,8
spa_Latn,135,5,8
spa_Latn,135,6,19
spa_Latn,135,7,8
spa_Latn,135,8,8
spa_Latn,135,9,8
spa_Latn,135,10,8
spa_Latn,135,11,47
spa_Latn,135,12,8
spa_Latn,136,0,60
spa_Latn,136,1,40
spa_Latn,136,2,49
spa_Latn,136,3,12
spa_Latn,136,4,46
spa_Latn,136,5,8
spa_Latn,136,6,52
spa_Latn,136,7,1
spa_Latn,136,8,52
spa_Latn,136,9,1
spa_Latn,136,10,1
spa_Latn,136,11,19
spa_Latn,136,12,1
spa_Latn,137,0,60
spa_Latn,137,1,42
spa_Latn,137,2,22
spa_Latn,137,3,22
spa_Latn,137,4,22
spa_Latn,138,0,60
spa_Latn,138,1,19
spa_Latn,138,2,8
spa_Latn,138,3,8
spa_Latn,138,4,58
spa_Latn,138,5,12
spa_Latn,138,6,40
spa_Latn,138,7,1
spa_Latn,138,8,39
spa_Latn,138,9,39
spa_Latn,139,0,60
spa_Latn,139,1,22
spa_Latn,139,2,24
spa_Latn,139,3,1
spa_Latn,139,4,62
spa_Latn,139,5,5
spa_Latn,139,6,47
spa_Latn,139,7,1
spa_Latn,139,8,52
spa_Latn,140,0,60
spa_Latn,140,1,47
spa_Latn,140,2,49
spa_Latn,140,3,5
spa_Latn,140,4,52
spa_Latn,140,5,39
spa_Latn,140,6,12
spa_Latn,140,7,27
spa_Latn,140,8,13
spa_Latn,140,9,9
spa_Latn,141,0,60
spa_Latn,141,1,8
spa_Latn,141,2,19
spa_Latn,141,3,8
spa_Latn,141,4,19
spa_Latn,141,5,39
spa_Latn,142,0,60
spa_Latn,142,1,19
spa_Latn,142,2,19
spa_Latn,142,3,8
spa_Latn,142,4,8
spa_Latn,142,5,19
spa_Latn,142,6,39
spa_Latn,142,7,8
spa_Latn,142,8,1
spa_Latn,142,9,37
spa_Latn,142,10,52
spa_Latn,143,0,60
spa_Latn,143,1,27
spa_Latn,143,2,49
spa_Latn,143,3,5
spa_Latn,143,4,40
spa_Latn,143,5,61
spa_Latn,143,6,26
spa_Latn,143,7,26
spa_Latn,143,8,49
eng_Latn,144,0,60
eng_Latn,144,1,52
eng_Latn,144,2,53
eng_Latn,144,3,38
eng_Latn,144,4,52
eng_Latn,144,5,34
eng_Latn,144,6,61
eng_Latn,144,7,16
eng_Latn,144,8,35
eng_Latn,144,9,19
eng_Latn,144,10,15
eng_Latn,145,0,60
eng_Latn,145,1,18
eng_Latn,145,2,4
eng_Latn,145,3,18
eng_Latn,145,4,34
eng_Latn,145,5,31
eng_Latn,145,6,20
eng_Latn,145,7,16
spa_Latn,146,0,60
spa_Latn,146,1,47
spa_Latn,146,2,22
spa_Latn,146,3,19
spa_Latn,146,4,46
spa_Latn,146,5,22
spa_Latn,146,6,11
eng_Latn,147,0,60
eng_Latn,147,1,22
eng_Latn,147,2,22
eng_Latn,147,3,34
eng_Latn,147,4,29
eng_Latn,147,5,34
eng_Latn,147,6,34
spa_Latn,148,0,60
spa_Latn,148,1,59
spa_Latn,148,2,8
spa_Latn,148,3,19
spa_Latn,148,4,52
spa_Latn,149,0,60
spa_Latn,149,1,19
spa_Latn,149,2,8
spa_Latn,149,3,8
spa_Latn,149,4,8
spa_Latn,149,5,47
spa_Latn,149,6,63
spa_Latn,149,7,8
eng_Latn,150,0,60
eng_Latn,150,1,54
eng_Latn,150,2,18
eng_Latn,150,3,18
eng_Latn,150,4,18
eng_Latn,150,5,16
eng_Latn,150,6,16
eng_Latn,150,7,34
spa_Latn,151,0,60
spa_Latn,151,1,27
spa_Latn,151,2,27
spa_Latn,151,3,29
spa_Latn,151,4,27
spa_Latn,152,0,60
spa_Latn,152,1,9
spa_Latn,152,2,19
spa_Latn,152,3,40
spa_Latn,152,4,19
spa_Latn,152,5,7
spa_Latn,152,6,8
spa_Latn,152,7,8
spa_Latn,152,8,8
spa_Latn,152,9,8
spa_Latn,152,10,8
eng_Latn,153,0,60
eng_Latn,153,1,22
eng_Latn,153,2,57
eng_Latn,153,3,16
eng_Latn,153,4,53
eng_Latn,153,5,35
eng_Latn,153,6,46
eng_Latn,153,7,34
spa_Latn,154,0,60
spa_Latn,154,1,40
spa_Latn,154,2,47
spa_Latn,154,3,7
spa_Latn,155,0,60
spa_Latn,155,1,39
spa_Latn,155,2,47
spa_Latn,155,3,47
spa_Latn,155,4,7
spa_Latn,155,5,61
spa_Latn,155,6,19
spa_Latn,155,7,8
spa_Latn,156,0,60
spa_Latn,156,1,19
spa_Latn,156,2,8
spa_Latn,156,3,8
spa_Latn,156,4,54
spa_Latn,156,5,8
spa_Latn,156,6,8
spa_Latn,156,7,8
spa_Latn,156,8,19
spa_Latn,156,9,8
spa_Latn,156,10,19
spa_Latn,156,11,8
spa_Latn,156,12,19
spa_Latn,156,13,8
eng_Latn,157,0,60
eng_Latn,157,1,22
eng_Latn,157,2,47
eng_Latn,157,3,40
eng_Latn,157,4,49
spa_Latn,158,0,60
spa_Latn,158,1,19
spa_Latn,158,2,8
spa_Latn,158,3,28
spa_Latn,158,4,61
spa_Latn,158,5,47
spa_Latn,158,6,8
eng_Latn,159,0,60
eng_Latn,159,1,22
eng_Latn,159,2,52
eng_Latn,159,3,46
eng_Latn,159,4,3
eng_Latn,159,5,57
eng_Latn,159,6,49
eng_Latn,160,0,60
eng_Latn,160,1,53
eng_Latn,160,2,19
eng_Latn,160,3,39
eng_Latn,160,4,9
eng_Latn,160,5,3
eng_Latn,160,6,18
spa_Latn,161,0,60
spa_Latn,161,1,47
spa_Latn,161,2,8
spa_Latn,161,3,35
spa_Latn,161,4,19
spa_Latn,161,5,8
spa_Latn,161,6,19
spa_Latn,161,7,19
spa_Latn,161,8,8
spa_Latn,161,9,8
spa_Latn,161,10,8
spa_Latn,161,11,19
spa_Latn,161,12,15
spa_Latn,161,13,16
spa_Latn,161,14,39
spa_Latn,161,15,8
spa_Latn,162,0,60
spa_Latn,162,1,47
spa_Latn,162,2,19
spa_Latn,162,3,13
spa_Latn,162,4,19
spa_Latn,162,5,13
spa_Latn,162,6,13
spa_Latn,162,7,13
spa_Latn,162,8,47
spa_Latn,162,9,19
spa_Latn,162,10,13
eng_Latn,163,0,60
eng_Latn,163,1,18
eng_Latn,163,2,21
eng_Latn,163,3,25
eng_Latn,163,4,25
eng_Latn,163,5,25
eng_Latn,163,6,25
eng_Latn,163,7,52
eng_Latn,163,8,57
spa_Latn,164,0,60
spa_Latn,164,1,22
spa_Latn,164,2,47
spa_Latn,164,3,19
spa_Latn,164,4,37
spa_Latn,164,5,52
spa_Latn,164,6,37
spa_Latn,164,7,22
spa_Latn,165,0,60
spa_Latn,165,1,61
spa_Latn,165,2,8
spa_Latn,165,3,8
spa_Latn,165,4,8
spa_Latn,165,5,8
spa_Latn,165,6,15
spa_Latn,165,7,8
spa_Latn,165,8,47
spa_Latn,165,9,19
spa_Latn,165,10,8
spa_Latn,165,11,47
spa_Latn,165,12,47
spa_Latn,165,13,19
spa_Latn,165,14,8
spa_Latn,166,0,60
spa_Latn,166,1,19
spa_Latn,166,2,8
spa_Latn,166,3,8
spa_Latn,166,4,8
spa_Latn,166,5,47
spa_Latn,166,6,8
eng_Latn,167,0,60
eng_Latn,167,1,46
eng_Latn,167,2,56
eng_Latn,167,3,16
eng_Latn,167,4,20
eng_Latn,167,5,14
eng_Latn,167,6,47
spa_Latn,168,0,60
spa_Latn,168,1,16
spa_Latn,168,2,8
spa_Latn,168,3,8
spa_Latn,169,0,60
spa_Latn,169,1,22
spa_Latn,169,2,8
spa_Latn,169,3,46
spa_Latn,169,4,63
spa_Latn,169,5,8
spa_Latn,169,6,47
spa_Latn,169,7,63
spa_Latn,170,0,60
spa_Latn,170,1,19
spa_Latn,170,2,8
spa_Latn,170,3,8
spa_Latn,170,4,19
spa_Latn,170,5,8
spa_Latn,170,6,8
spa_Latn,170,7,8
spa_Latn,171,0,60
spa_Latn,171,1,35
spa_Latn,171,2,61
spa_Latn,171,3,19
spa_Latn,171,4,8
spa_Latn,171,5,8
spa_Latn,171,6,19
spa_Latn,171,7,39
spa_Latn,171,8,8
spa_Latn,171,9,8
spa_Latn,171,10,19
spa_Latn,171,11,8
spa_Latn,171,12,8
spa_Latn,171,13,61
spa_Latn,171,14,39
spa_Latn,171,15,46
spa_Latn,171,16,8
eng_Latn,172,0,60
eng_Latn,172,1,54
eng_Latn,172,2,54
eng_Latn,172,3,54
eng_Latn,172,4,50
eng_Latn,172,5,16
eng_Latn,172,6,38
eng_Latn,172,7,4
eng_Latn,172,8,5
eng_Latn,172,9,18
eng_Latn,172,10,51
eng_Latn,172,11,42
eng_Latn,172,12,24
eng_Latn,172,13,29
eng_Latn,172,14,54
eng_Latn,173,0,60
eng_Latn,173,1,39
eng_Latn,173,2,5
eng_Latn,173,3,35
eng_Latn,173,4,18
eng_Latn,173,5,14
eng_Latn,173,6,18
eng_Latn,173,7,14
eng_Latn,173,8,14
eng_Latn,173,9,47
spa_Latn,174,0,60
spa_Latn,174,1,47
spa_Latn,174,2,19
spa_Latn,174,3,8
spa_Latn,174,4,61
spa_Latn,174,5,19
spa_Latn,174,6,19
spa_Latn,174,7,10
spa_Latn,174,8,56
spa_Latn,174,9,8
spa_Latn,174,10,8
spa_Latn,175,0,60
spa_Latn,175,1,8
spa_Latn,175,2,8
spa_Latn,175,3,19
spa_Latn,175,4,8
spa_Latn,175,5,61
spa_Latn,175,6,8
spa_Latn,175,7,8
spa_Latn,175,8,8
spa_Latn,175,9,29
spa_Latn,175,10,8
spa_Latn,175,11,52
spa_Latn,175,12,47
spa_Latn,175,13,8
spa_Latn,175,14,47
spa_Latn,175,15,63
spa_Latn,176,0,60
spa_Latn,176,1,47
spa_Latn,176,2,39
spa_Latn,176,3,39
spa_Latn,176,4,13
spa_Latn,176,5,47
spa_Latn,176,6,47
spa_Latn,176,7,27
spa_Latn,176,8,26
spa_Latn,176,9,7
spa_Latn,176,10,58
spa_Latn,177,0,60
spa_Latn,177,1,8
spa_Latn,177,2,8
spa_Latn,177,3,8
spa_Latn,177,4,35
spa_Latn,177,5,8
spa_Latn,177,6,8
spa_Latn,177,7,61
spa_Latn,177,8,42
spa_Latn,178,0,60
spa_Latn,178,1,27
spa_Latn,178,2,8
spa_Latn,178,3,8
spa_Latn,178,4,39
spa_Latn,178,5,39
spa_Latn,178,6,47
spa_Latn,178,7,63
spa_Latn,178,8,8
spa_Latn,178,9,11
spa_Latn,178,10,47
spa_Latn,178,11,49
spa_Latn,178,12,26
spa_Latn,179,0,60
spa_Latn,179,1,49
spa_Latn,179,2,49
spa_Latn,180,0,60
spa_Latn,180,1,19
spa_Latn,180,2,19
spa_Latn,180,3,8
spa_Latn,181,0,60
spa_Latn,181,1,8
spa_Latn,181,2,19
spa_Latn,181,3,8
spa_Latn,181,4,8
spa_Latn,181,5,19
spa_Latn,181,6,8
spa_Latn,182,0,60
spa_Latn,182,1,8
spa_Latn,182,2,8
spa_Latn,182,3,1
spa_Latn,182,4,8
spa_Latn,182,5,56
spa_Latn,182,6,8
spa_Latn,182,7,8
spa_Latn,182,8,57
spa_Latn,182,9,7
spa_Latn,182,10,8
spa_Latn,182,11,8
spa_Latn,182,12,8
spa_Latn,182,13,24
eng_Latn,183,0,60
eng_Latn,183,1,14
eng_Latn,183,2,48
eng_Latn,183,3,37
spa_Latn,184,0,60
spa_Latn,184,1,19
spa_Latn,184,2,22
spa_Latn,184,3,22
spa_Latn,184,4,47
spa_Latn,184,5,40
spa_Latn,184,6,19
spa_Latn,184,7,49
spa_Latn,184,8,8
spa_Latn,184,9,8
spa_Latn,184,10,19
spa_Latn,184,11,49
spa_Latn,184,12,19
spa_Latn,184,13,49
spa_Latn,184,14,37
spa_Latn,184,15,27
spa_Latn,185,0,60
spa_Latn,185,1,19
spa_Latn,185,2,8
spa_Latn,185,3,8
spa_Latn,185,4,8
spa_Latn,185,5,8
spa_Latn,185,6,8
spa_Latn,185,7,35
spa_Latn,185,8,8
spa_Latn,185,9,8
spa_Latn,185,10,8
spa_Latn,185,11,52
spa_Latn,185,12,57
spa_Latn,185,13,8
spa_Latn,186,0,60
spa_Latn,186,1,12
spa_Latn,186,2,39
spa_Latn,186,3,8
spa_Latn,186,4,8
spa_Latn,186,5,8
spa_Latn,186,6,19
eng_Latn,187,0,60
eng_Latn,187,1,38
eng_Latn,187,2,38
eng_Latn,187,3,20
eng_Latn,187,4,40
eng_Latn,187,5,16
eng_Latn,187,6,57
eng_Latn,187,7,57
eng_Latn,188,0,60
eng_Latn,188,1,48
eng_Latn,188,2,18
eng_Latn,188,3,18
eng_Latn,188,4,63
eng_Latn,188,5,30
eng_Latn,188,6,30
eng_Latn,188,7,33
spa_Latn,189,0,60
spa_Latn,189,1,19
spa_Latn,189,2,52
spa_Latn,189,3,52
spa_Latn,189,4,52
spa_Latn,189,5,1
spa_Latn,189,6,22
spa_Latn,189,7,52
spa_Latn,189,8,13
spa_Latn,189,9,52
spa_Latn,189,10,9
spa_Latn,189,11,27
spa_Latn,189,12,49
spa_Latn,189,13,5
spa_Latn,189,14,52
spa_Latn,189,15,19
spa_Latn,189,16,12
spa_Latn,189,17,27
spa_Latn,189,18,13
spa_Latn,189,19,9
spa_Latn,190,0,60
spa_Latn,190,1,47
spa_Latn,190,2,34
spa_Latn,190,3,8
spa_Latn,190,4,39
spa_Latn,190,5,8
spa_Latn,190,6,8
spa_Latn,190,7,37
spa_Latn,190,8,47
spa_Latn,190,9,8
spa_Latn,191,0,60
spa_Latn,191,1,8
spa_Latn,191,2,19
spa_Latn,191,3,39
spa_Latn,191,4,8
eng_Latn,192,0,60
eng_Latn,192,1,18
eng_Latn,192,2,14
eng_Latn,192,3,49
eng_Latn,192,4,49
eng_Latn,192,5,12
eng_Latn,192,6,61
spa_Latn,193,0,60
spa_Latn,193,1,8
spa_Latn,193,2,8
spa_Latn,193,3,39
spa_Latn,193,4,8
spa_Latn,193,5,8
spa_Latn,193,6,15
spa_Latn,193,7,19
spa_Latn,193,8,8
spa_Latn,193,9,8
spa_Latn,193,10,8
spa_Latn,193,11,57
spa_Latn,194,0,60
spa_Latn,194,1,19
spa_Latn,194,2,22
spa_Latn,194,3,52
spa_Latn,194,4,1
spa_Latn,194,5,46
spa_Latn,194,6,8
spa_Latn,194,7,52
spa_Latn,195,0,60
spa_Latn,195,1,27
spa_Latn,195,2,61
spa_Latn,195,3,8
spa_Latn,195,4,8
spa_Latn,195,5,8
spa_Latn,195,6,63
spa_Latn,195,7,20
spa_Latn,195,8,35
spa_Latn,195,9,1
spa_Latn,195,10,8
spa_Latn,196,0,60
spa_Latn,196,1,8
spa_Latn,196,2,12
spa_Latn,196,3,58
spa_Latn,196,4,12
spa_Latn,196,5,29
spa_Latn,196,6,47
spa_Latn,196,7,40
spa_Latn,197,0,60
spa_Latn,197,1,57
spa_Latn,197,2,19
spa_Latn,197,3,40
spa_Latn,197,4,19
spa_Latn,197,5,19
spa_Latn,197,6,19
spa_Latn,197,7,19
spa_Latn,197,8,8
spa_Latn,197,9,51
spa_Latn,197,10,56
spa_Latn,197,11,8
spa_Latn,197,12,8
spa_Latn,197,13,19
spa_Latn,197,14,8
spa_Latn,198,0,60
spa_Latn,198,1,6
spa_Latn,198,2,27
spa_Latn,198,3,8
spa_Latn,198,4,8
spa_Latn,198,5,8
spa_Latn,198,6,19
spa_Latn,198,7,15
spa_Latn,199,0,60
spa_Latn,199,1,19
spa_Latn,199,2,8
spa_Latn,199,3,8
spa_Latn,199,4,47
spa_Latn,199,5,47
spa_Latn,199,6,8
spa_Latn,199,7,8
spa_Latn,199,8,8
spa_Latn,199,9,2
spa_Latn,199,10,8
spa_Latn,199,11,37
spa_Latn,199,12,27
spa_Latn,199,13,40
spa_Latn,199,14,40
spa_Latn,200,0,60
spa_Latn,200,1,19
spa_Latn,200,2,61
spa_Latn,200,3,19
spa_Latn,200,4,8
spa_Latn,200,5,10
spa_Latn,200,6,8
spa_Latn,200,7,8
spa_Latn,200,8,8
eng_Latn,201,0,60
eng_Latn,201,1,58
eng_Latn,201,2,52
eng_Latn,201,3,52
eng_Latn,201,4,1
eng_Latn,201,5,57
eng_Latn,201,6,31
eng_Latn,201,7,16
eng_Latn,201,8,16
eng_Latn,201,9,16
spa_Latn,202,0,60
spa_Latn,202,1,8
spa_Latn,202,2,8
spa_Latn,202,3,19
spa_Latn,202,4,19
spa_Latn,202,5,8
spa_Latn,202,6,9
spa_Latn,202,7,8
spa_Latn,202,8,19
spa_Latn,202,9,19
spa_Latn,202,10,8
spa_Latn,202,11,8
eng_Latn,203,0,60
eng_Latn,203,1,9
eng_Latn,203,2,38
eng_Latn,203,3,15
eng_Latn,203,4,56
eng_Latn,203,5,63
eng_Latn,203,6,57
eng_Latn,203,7,30
eng_Latn,203,8,52
eng_Latn,203,9,63
eng_Latn,204,0,60
eng_Latn,204,1,45
eng_Latn,204,2,45
eng_Latn,204,3,40
eng_Latn,204,4,40
eng_Latn,204,5,61
eng_Latn,204,6,49
eng_Latn,204,7,56
eng_Latn,204,8,31
spa_Latn,205,0,60
spa_Latn,205,1,8
spa_Latn,205,2,54
spa_Latn,205,3,19
spa_Latn,205,4,39
spa_Latn,205,5,8
spa_Latn,205,6,8
spa_Latn,205,7,19
spa_Latn,205,8,19
spa_Latn,205,9,8
spa_Latn,205,10,10
spa_Latn,205,11,39
spa_Latn,205,12,8
spa_Latn,205,13,8
spa_Latn,205,14,19
spa_Latn,205,15,19
spa_Latn,205,16,8
eng_Latn,206,0,60
eng_Latn,206,1,9
eng_Latn,206,2,56
eng_Latn,206,3,41
eng_Latn,206,4,24
eng_Latn,206,5,52
eng_Latn,206,6,52
eng_Latn,206,7,52
eng_Latn,206,8,57
eng_Latn,206,9,41
eng_Latn,206,10,2
eng_Latn,206,11,18
eng_Latn,206,12,48
eng_Latn,206,13,18
eng_Latn,206,14,16
spa_Latn,207,0,60
spa_Latn,207,1,22
spa_Latn,207,2,9
spa_Latn,207,3,9
spa_Latn,207,4,39
spa_Latn,207,5,8
spa_Latn,207,6,19
spa_Latn,207,7,8
spa_Latn,207,8,8
spa_Latn,207,9,19
spa_Latn,207,10,19
spa_Latn,207,11,34
spa_Latn,207,12,20
spa_Latn,207,13,34
spa_Latn,208,0,60
spa_Latn,208,1,40
spa_Latn,208,2,8
spa_Latn,208,3,35
spa_Latn,208,4,19
spa_Latn,208,5,19
spa_Latn,208,6,8
eng_Latn,209,0,60
eng_Latn,209,1,1
eng_Latn,209,2,53
eng_Latn,209,3,52
eng_Latn,209,4,1
eng_Latn,209,5,52
eng_Latn,209,6,47
spa_Latn,210,0,60
spa_Latn,210,1,8
spa_Latn,210,2,8
spa_Latn,210,3,19
spa_Latn,210,4,15
spa_Latn,210,5,19
spa_Latn,210,6,16
spa_Latn,210,7,8
spa_Latn,210,8,8
spa_Latn,210,9,19
spa_Latn,210,10,36
spa_Latn,210,11,19
eng_Latn,211,0,60
eng_Latn,211,1,22
eng_Latn,211,2,60
eng_Latn,211,3,9
eng_Latn,211,4,27
eng_Latn,211,5,49
eng_Latn,211,6,26
eng_Latn,211,7,27
eng_Latn,211,8,40
eng_Latn,211,9,61
spa_Latn,212,0,60
spa_Latn,212,1,61
spa_Latn,212,2,17
spa_Latn,212,3,8
spa_Latn,212,4,8
spa_Latn,212,5,17
spa_Latn,212,6,8
spa_Latn,212,7,19
spa_Latn,212,8,39
spa_Latn,212,9,8
spa_Latn,212,10,8
spa_Latn,212,11,47
spa_Latn,212,12,44
spa_Latn,213,0,60
spa_Latn,213,1,8
spa_Latn,213,2,40
spa_Latn,213,3,8
spa_Latn,214,0,60
spa_Latn,214,1,26
spa_Latn,214,2,39
spa_Latn,214,3,49
spa_Latn,214,4,8
spa_Latn,214,5,19
spa_Latn,214,6,39
spa_Latn,214,7,63
spa_Latn,214,8,37
spa_Latn,214,9,19
spa_Latn,214,10,8
spa_Latn,214,11,8
spa_Latn,214,12,8
spa_Latn,214,13,1
spa_Latn,214,14,52
spa_Latn,215,0,60
spa_Latn,215,1,8
spa_Latn,215,2,19
spa_Latn,215,3,8
spa_Latn,215,4,8
eng_Latn,216,0,60
eng_Latn,216,1,50
eng_Latn,216,2,16
spa_Latn,217,0,60
spa_Latn,217,1,19
spa_Latn,217,2,8
spa_Latn,217,3,19
spa_Latn,217,4,39
spa_Latn,217,5,19
spa_Latn,217,6,8
spa_Latn,217,7,33
spa_Latn,217,8,1
spa_Latn,217,9,8
spa_Latn,217,10,8
spa_Latn,217,11,8
spa_Latn,217,12,40
spa_Latn,217,13,62
spa_Latn,218,0,60
spa_Latn,218,1,8
spa_Latn,218,2,47
spa_Latn,218,3,47
spa_Latn,218,4,54
spa_Latn,218,5,8
spa_Latn,218,6,19
spa_Latn,218,7,39
spa_Latn,218,8,8
spa_Latn,218,9,53
spa_Latn,218,10,8
spa_Latn,218,11,57
spa_Latn,218,12,8
spa_Latn,219,0,60
spa_Latn,219,1,47
spa_Latn,219,2,7
spa_Latn,219,3,19
spa_Latn,219,4,19
spa_Latn,219,5,8
spa_Latn,220,0,60
spa_Latn,220,1,19
spa_Latn,220,2,19
spa_Latn,220,3,19
spa_Latn,220,4,16
eng_Latn,221,0,60
eng_Latn,221,1,17
eng_Latn,221,2,22
eng_Latn,221,3,57
eng_Latn,221,4,16
eng_Latn,221,5,34
spa_Latn,222,0,60
spa_Latn,222,1,19
spa_Latn,222,2,8
spa_Latn,222,3,20
spa_Latn,222,4,19
spa_Latn,222,5,19
spa_Latn,222,6,29
spa_Latn,222,7,8
spa_Latn,222,8,42
spa_Latn,222,9,19
spa_Latn,222,10,34
spa_Latn,222,11,8
spa_Latn,222,12,8
spa_Latn,222,13,60
spa_Latn,222,14,9
eng_Latn,223,0,60
eng_Latn,223,1,22
eng_Latn,223,2,45
eng_Latn,223,3,22
eng_Latn,223,4,16
eng_Latn,223,5,59
eng_Latn,223,6,34
eng_Latn,223,7,20
eng_Latn,223,8,19
eng_Latn,223,9,19
eng_Latn,223,10,34
spa_Latn,224,0,60
spa_Latn,224,1,52
spa_Latn,224,2,8
spa_Latn,224,3,8
spa_Latn,224,4,8
spa_Latn,224,5,19
spa_Latn,224,6,10
spa_Latn,224,7,10
spa_Latn,224,8,8
spa_Latn,224,9,8
spa_Latn,224,10,19
spa_Latn,224,11,19
spa_Latn,224,12,39
spa_Latn,224,13,16
eng_Latn,225,0,60
eng_Latn,225,1,6
eng_Latn,225,2,48
eng_Latn,225,3,18
eng_Latn,225,4,63
spa_Latn,226,0,60
spa_Latn,226,1,19
spa_Latn,226,2,8
spa_Latn,226,3,8
spa_Latn,226,4,10
spa_Latn,226,5,39
spa_Latn,226,6,8
spa_Latn,226,7,8
spa_Latn,226,8,8
spa_Latn,226,9,19
spa_Latn,226,10,8
spa_Latn,227,0,60
spa_Latn,227,1,47
spa_Latn,227,2,47
spa_Latn,227,3,27
spa_Latn,227,4,8
spa_Latn,227,5,8
spa_Latn,227,6,8
spa_Latn,227,7,8
spa_Latn,227,8,8
spa_Latn,227,9,8
spa_Latn,227,10,19
spa_Latn,227,11,8
spa_Latn,227,12,35
spa_Latn,227,13,19
spa_Latn,227,14,57
spa_Latn,227,15,19
spa_Latn,227,16,8
eng_Latn,228,0,60
eng_Latn,228,1,7
eng_Latn,228,2,11
eng_Latn,228,3,53
eng_Latn,228,4,16
eng_Latn,228,5,6
eng_Latn,228,6,15
eng_Latn,228,7,45
eng_Latn,228,8,63
spa_Latn,229,0,60
spa_Latn,229,1,19
spa_Latn,229,2,56
spa_Latn,229,3,24
spa_Latn,229,4,24
spa_Latn,229,5,39
spa_Latn,229,6,19
spa_Latn,229,7,8
spa_Latn,230,0,60
spa_Latn,230,1,8
spa_Latn,230,2,8
spa_Latn,230,3,8
spa_Latn,230,4,7
spa_Latn,230,5,8
spa_Latn,230,6,8
spa_Latn,230,7,34
spa_Latn,231,0,60
spa_Latn,231,1,40
spa_Latn,231,2,40
spa_Latn,231,3,22
spa_Latn,231,4,60
spa_Latn,231,5,12
spa_Latn,231,6,47
spa_Latn,231,7,60
spa_Latn,232,0,60
spa_Latn,232,1,47
spa_Latn,232,2,16
spa_Latn,232,3,47
spa_Latn,232,4,19
spa_Latn,232,5,8
spa_Latn,232,6,34
spa_Latn,232,7,8
spa_Latn,232,8,8
spa_Latn,232,9,8
spa_Latn,232,10,8
spa_Latn,233,0,60
spa_Latn,233,1,27
spa_Latn,233,2,27
spa_Latn,233,3,8
spa_Latn,233,4,8
spa_Latn,233,5,19
spa_Latn,233,6,8
spa_Latn,233,7,3
spa_Latn,233,8,19
spa_Latn,233,9,14
eng_Latn,234,0,60
eng_Latn,234,1,62
eng_Latn,234,2,12
eng_Latn,234,3,35
eng_Latn,234,4,57
eng_Latn,234,5,8
eng_Latn,234,6,15
eng_Latn,234,7,63
eng_Latn,234,8,5
eng_Latn,234,9,49
spa_Latn,235,0,60
spa_Latn,235,1,61
spa_Latn,235,2,8
spa_Latn,235,3,19
spa_Latn,235,4,8
spa_Latn,235,5,8
spa_Latn,235,6,19
spa_Latn,235,7,19
spa_Latn,235,8,19
spa_Latn,235,9,8
spa_Latn,235,10,12
spa_Latn,235,11,47
spa_Latn,235,12,47
spa_Latn,235,13,37
spa_Latn,235,14,52
spa_Latn,235,15,52
spa_Latn,235,16,52
spa_Latn,235,17,37
spa_Latn,235,18,12
spa_Latn,236,0,60
spa_Latn,236,1,19
spa_Latn,236,2,8
spa_Latn,236,3,34
spa_Latn,236,4,8
spa_Latn,236,5,22
spa_Latn,236,6,19
spa_Latn,236,7,47
spa_Latn,236,8,22
spa_Latn,236,9,19
spa_Latn,236,10,22
spa_Latn,236,11,63
spa_Latn,236,12,12
spa_Latn,236,13,39
spa_Latn,236,14,22
spa_Latn,236,15,12
eng_Latn,237,0,60
eng_Latn,237,1,33
eng_Latn,237,2,10
eng_Latn,237,3,56
eng_Latn,237,4,44
eng_Latn,238,0,60
eng_Latn,238,1,22
eng_Latn,238,2,22
eng_Latn,238,3,49
eng_Latn,238,4,34
spa_Latn,239,0,60
spa_Latn,239,1,19
spa_Latn,239,2,8
spa_Latn,239,3,8
spa_Latn,239,4,47
spa_Latn,239,5,8
spa_Latn,239,6,8
spa_Latn,239,7,19
spa_Latn,239,8,47
spa_Latn,239,9,8
spa_Latn,239,10,50
spa_Latn,239,11,47
spa_Latn,239,12,8
spa_Latn,239,13,8
spa_Latn,239,14,8
spa_Latn,239,15,8
spa_Latn,240,0,60
spa_Latn,240,1,22
spa_Latn,240,2,9
spa_Latn,240,3,9
spa_Latn,240,4,22
spa_Latn,240,5,34
spa_Latn,240,6,42
spa_Latn,240,7,22
spa_Latn,240,8,26
spa_Latn,240,9,26
spa_Latn,240,10,61
spa_Latn,240,11,26
spa_Latn,240,12,39
spa_Latn,240,13,24
spa_Latn,240,14,39
spa_Latn,240,15,47
spa_Latn,241,0,60
spa_Latn,241,1,26
spa_Latn,241,2,8
spa_Latn,241,3,24
spa_Latn,241,4,8
spa_Latn,241,5,8
spa_Latn,241,6,8
spa_Latn,241,7,52
spa_Latn,242,0,60
spa_Latn,242,1,9
spa_Latn,242,2,19
spa_Latn,242,3,8
spa_Latn,242,4,8
spa_Latn,242,5,8
spa_Latn,242,6,39
spa_Latn,243,0,60
spa_Latn,243,1,15
spa_Latn,243,2,8
spa_Latn,243,3,8
spa_Latn,243,4,19
spa_Latn,243,5,8
spa_Latn,243,6,8
spa_Latn,243,7,56
spa_Latn,243,8,8
spa_Latn,243,9,39
spa_Latn,243,10,8
spa_Latn,244,0,60
spa_Latn,244,1,42
spa_Latn,244,2,27
spa_Latn,244,3,19
spa_Latn,244,4,49
spa_Latn,244,5,43
spa_Latn,244,6,40
spa_Latn,244,7,40
spa_Latn,244,8,39
spa_Latn,244,9,8
spa_Latn,244,10,61
spa_Latn,244,11,49
spa_Latn,245,0,60
spa_Latn,245,1,26
spa_Latn,245,2,1
spa_Latn,245,3,19
spa_Latn,245,4,39
spa_Latn,245,5,8
spa_Latn,245,6,8
spa_Latn,245,7,37
spa_Latn,245,8,3
spa_Latn,245,9,19
spa_Latn,245,10,39
spa_Latn,245,11,7
spa_Latn,245,12,19
spa_Latn,245,13,47
spa_Latn,245,14,47
spa_Latn,245,15,8
eng_Latn,246,0,60
eng_Latn,246,1,45
eng_Latn,246,2,45
eng_Latn,246,3,35
eng_Latn,246,4,19
eng_Latn,246,5,20
eng_Latn,246,6,6
eng_Latn,246,7,45
eng_Latn,246,8,36
eng_Latn,246,9,16
spa_Latn,247,0,60
spa_Latn,247,1,19
spa_Latn,247,2,34
spa_Latn,247,3,42
spa_Latn,247,4,27
spa_Latn,247,5,27
spa_Latn,247,6,51
spa_Latn,247,7,8
spa_Latn,247,8,19
spa_Latn,247,9,34
spa_Latn,247,10,8
spa_Latn,247,11,8
spa_Latn,247,12,47
spa_Latn,247,13,34
spa_Latn,248,0,60
spa_Latn,248,1,47
spa_Latn,248,2,7
spa_Latn,248,3,8
spa_Latn,248,4,20
spa_Latn,248,5,35
spa_Latn,248,6,52
spa_Latn,248,7,52
spa_Latn,248,8,47
spa_Latn,248,9,19
spa_Latn,248,10,39
spa_Latn,248,11,8
spa_Latn,248,12,1
spa_Latn,248,13,19
spa_Latn,248,14,52
spa_Latn,248,15,52
spa_Latn,248,16,1
spa_Latn,248,17,37
spa_Latn,249,0,60
spa_Latn,249,1,52
spa_Latn,249,2,19
spa_Latn,249,3,19
spa_Latn,249,4,47
spa_Latn,249,5,13
spa_Latn,249,6,19
spa_Latn,249,7,13
spa_Latn,249,8,13
spa_Latn,249,9,13
spa_Latn,249,10,13
spa_Latn,249,11,8
spa_Latn,249,12,39
spa_Latn,249,13,47
spa_Latn,249,14,13
spa_Latn,249,15,13
eng_Latn,250,0,60
eng_Latn,250,1,9
eng_Latn,250,2,22
eng_Latn,250,3,11
eng_Latn,250,4,61
eng_Latn,250,5,47
eng_Latn,250,6,40
eng_Latn,250,7,5
eng_Latn,250,8,40
eng_Latn,250,9,30
eng_Latn,250,10,49
spa_Latn,251,0,60
spa_Latn,251,1,39
spa_Latn,251,2,7
spa_Latn,251,3,8
spa_Latn,251,4,8
spa_Latn,251,5,47
spa_Latn,251,6,19
spa_Latn,251,7,8
spa_Latn,251,8,8
spa_Latn,251,9,19
spa_Latn,251,10,63
eng_Latn,252,0,60
eng_Latn,252,1,5
eng_Latn,252,2,20
eng_Latn,252,3,52
eng_Latn,252,4,57
eng_Latn,252,5,23
eng_Latn,252,6,23
eng_Latn,252,7,61
eng_Latn,252,8,15
eng_Latn,252,9,16
eng_Latn,252,10,20
eng_Latn,252,11,63
spa_Latn,253,0,60
spa_Latn,253,1,13
spa_Latn,253,2,13
spa_Latn,253,3,13
spa_Latn,253,4,39
spa_Latn,253,5,39
spa_Latn,253,6,13
spa_Latn,253,7,39
spa_Latn,253,8,13
spa_Latn,253,9,13
spa_Latn,253,10,13
spa_Latn,253,11,13
spa_Latn,253,12,27
spa_Latn,253,13,13
spa_Latn,253,14,13
spa_Latn,253,15,19
spa_Latn,253,16,27
spa_Latn,253,17,8
spa_Latn,253,18,47
spa_Latn,253,19,27
spa_Latn,253,20,27
spa_Latn,253,21,7
eng_Latn,254,0,60
eng_Latn,254,1,29
eng_Latn,254,2,34
eng_Latn,254,3,35
eng_Latn,254,4,34
spa_Latn,255,0,60
spa_Latn,255,1,8
spa_Latn,255,2,19
spa_Latn,255,3,8
spa_Latn,256,0,60
spa_Latn,256,1,47
spa_Latn,256,2,19
spa_Latn,256,3,49
spa_Latn,256,4,8
spa_Latn,256,5,47
spa_Latn,256,6,19
spa_Latn,256,7,8
spa_Latn,256,8,24
spa_Latn,256,9,19
spa_Latn,256,10,8
spa_Latn,256,11,19
spa_Latn,256,12,8
spa_Latn,256,13,47
spa_Latn,256,14,8
spa_Latn,256,15,47
spa_Latn,256,16,39
spa_Latn,256,17,8
spa_Latn,256,18,8
spa_Latn,257,0,60
spa_Latn,257,1,8
spa_Latn,257,2,51
spa_Latn,257,3,24
spa_Latn,257,4,61
spa_Latn,257,5,8
spa_Latn,257,6,8
spa_Latn,257,7,8
spa_Latn,257,8,8
spa_Latn,257,9,52
spa_Latn,257,10,52
spa_Latn,257,11,19
spa_Latn,257,12,15
spa_Latn,258,0,60
spa_Latn,258,1,61
spa_Latn,258,2,19
spa_Latn,258,3,8
spa_Latn,258,4,54
spa_Latn,258,5,19
spa_Latn,258,6,52
spa_Latn,258,7,8
spa_Latn,259,0,60
spa_Latn,259,1,47
spa_Latn,259,2,19
spa_Latn,259,3,49
spa_Latn,259,4,27
spa_Latn,259,5,49
spa_Latn,259,6,12
spa_Latn,259,7,12
spa_Latn,259,8,47
spa_Latn,259,9,40
spa_Latn,259,10,49
spa_Latn,259,11,27
spa_Latn,259,12,49
spa_Latn,259,13,1
spa_Latn,259,14,39
spa_Latn,259,15,7
spa_Latn,259,16,50
spa_Latn,259,17,52
spa_Latn,259,18,52
spa_Latn,259,19,52
spa_Latn,259,20,13
spa_Latn,259,21,52
spa_Latn,260,0,60
spa_Latn,260,1,47
spa_Latn,260,2,8
spa_Latn,260,3,5
spa_Latn,260,4,26
spa_Latn,260,5,40
spa_Latn,260,6,49
spa_Latn,260,7,12
spa_Latn,260,8,49
eng_Latn,261,0,60
eng_Latn,261,1,16
eng_Latn,261,2,37
eng_Latn,261,3,52
eng_Latn,261,4,16
eng_Latn,261,5,52
eng_Latn,261,6,9
eng_Latn,261,7,4
eng_Latn,261,8,1
eng_Latn,261,9,19
eng_Latn,261,10,4
spa_Latn,262,0,60
spa_Latn,262,1,40
spa_Latn,262,2,8
spa_Latn,262,3,19
spa_Latn,262,4,7
spa_Latn,262,5,60
spa_Latn,262,6,11
spa_Latn,262,7,36
spa_Latn,262,8,52
spa_Latn,263,0,60
spa_Latn,263,1,9
spa_Latn,263,2,19
spa_Latn,263,3,7
spa_Latn,263,4,52
spa_Latn,263,5,42
spa_Latn,263,6,42
spa_Latn,263,7,19
spa_Latn,263,8,39
spa_Latn,263,9,8
spa_Latn,263,10,39
spa_Latn,263,11,8
spa_Latn,263,12,8
spa_Latn,263,13,39
spa_Latn,263,14,16
spa_Latn,264,0,60
spa_Latn,264,1,12
spa_Latn,264,2,19
spa_Latn,264,3,19
spa_Latn,264,4,8
spa_Latn,264,5,8
spa_Latn,264,6,19
spa_Latn,264,7,8
spa_Latn,264,8,8
spa_Latn,264,9,19
spa_Latn,264,10,19
spa_Latn,264,11,19
spa_Latn,264,12,8
spa_Latn,264,13,8
spa_Latn,264,14,8
spa_Latn,264,15,62
eng_Latn,265,0,60
eng_Latn,265,1,15
eng_Latn,265,2,16
eng_Latn,265,3,43
eng_Latn,265,4,46
eng_Latn,265,5,63
eng_Latn,265,6,43
eng_Latn,265,7,49
spa_Latn,266,0,60
spa_Latn,266,1,47
spa_Latn,266,2,19
spa_Latn,266,3,40
spa_Latn,266,4,8
spa_Latn,267,0,60
spa_Latn,267,1,39
spa_Latn,267,2,7
spa_Latn,267,3,8
spa_Latn,267,4,8
spa_Latn,267,5,19
spa_Latn,267,6,8
spa_Latn,268,0,60
spa_Latn,268,1,19
spa_Latn,268,2,8
spa_Latn,268,3,8
spa_Latn,268,4,13
spa_Latn,268,5,7
spa_Latn,268,6,47
spa_Latn,268,7,8
spa_Latn,268,8,47
spa_Latn,268,9,47
spa_Latn,268,10,8
spa_Latn,268,11,1
spa_Latn,268,12,52
spa_Latn,268,13,19
spa_Latn,268,14,57
eng_Latn,269,0,60
eng_Latn,269,1,40
eng_Latn,269,2,19
eng_Latn,269,3,7
eng_Latn,269,4,52
eng_Latn,269,5,1
eng_Latn,269,6,52
eng_Latn,269,7,37
eng_Latn,269,8,1
eng_Latn,269,9,9
eng_Latn,269,10,1
eng_Latn,270,0,60
eng_Latn,270,1,41
eng_Latn,270,2,49
eng_Latn,270,3,37
eng_Latn,270,4,20
eng_Latn,270,5,44
spa_Latn,271,0,60
spa_Latn,271,1,40
spa_Latn,271,2,1
spa_Latn,271,3,8
spa_Latn,271,4,8
spa_Latn,271,5,19
spa_Latn,271,6,47
spa_Latn,271,7,19
spa_Latn,271,8,8
spa_Latn,271,9,8
spa_Latn,271,10,19
spa_Latn,271,11,8
spa_Latn,271,12,8
spa_Latn,271,13,19
spa_Latn,271,14,8
eng_Latn,272,0,60
eng_Latn,272,1,18
eng_Latn,272,2,18
eng_Latn,272,3,34
eng_Latn,272,4,48
eng_Latn,272,5,56
eng_Latn,272,6,37
eng_Latn,272,7,16
eng_Latn,272,8,51
eng_Latn,273,0,60
eng_Latn,273,1,12
eng_Latn,273,2,42
eng_Latn,273,3,22
eng_Latn,273,4,27
eng_Latn,273,5,49
eng_Latn,273,6,9
eng_Latn,273,7,29
eng_Latn,273,8,22
spa_Latn,274,0,60
spa_Latn,274,1,47
spa_Latn,274,2,19
spa_Latn,274,3,8
spa_Latn,274,4,19
spa_Latn,274,5,8
spa_Latn,274,6,26
spa_Latn,274,7,39
spa_Latn,274,8,8
spa_Latn,275,0,60
spa_Latn,275,1,8
spa_Latn,275,2,8
spa_Latn,275,3,19
spa_Latn,275,4,8
spa_Latn,275,5,60
spa_Latn,276,0,60
spa_Latn,276,1,12
spa_Latn,276,2,40
spa_Latn,276,3,60
spa_Latn,276,4,12
spa_Latn,276,5,47
spa_Latn,276,6,47
spa_Latn,276,7,8
spa_Latn,276,8,57
spa_Latn,276,9,49
spa_Latn,277,0,60
spa_Latn,277,1,8
spa_Latn,277,2,15
spa_Latn,277,3,19
spa_Latn,277,4,47
spa_Latn,277,5,39
spa_Latn,277,6,10
spa_Latn,277,7,8
spa_Latn,277,8,19
spa_Latn,277,9,47
spa_Latn,277,10,8
spa_Latn,277,11,8
spa_Latn,277,12,10
spa_Latn,278,0,60
spa_Latn,278,1,8
spa_Latn,278,2,8
spa_Latn,278,3,10
spa_Latn,278,4,56
spa_Latn,278,5,35
spa_Latn,278,6,47
spa_Latn,278,7,28
spa_Latn,278,8,19
spa_Latn,278,9,8
spa_Latn,278,10,63
eng_Latn,279,0,60
eng_Latn,279,1,19
eng_Latn,279,2,13
eng_Latn,279,3,54
eng_Latn,279,4,19
eng_Latn,279,5,13
spa_Latn,280,0,60
spa_Latn,280,1,17
spa_Latn,280,2,8
spa_Latn,280,3,47
spa_Latn,280,4,8
spa_Latn,281,0,60
spa_Latn,281,1,8
spa_Latn,281,2,31
spa_Latn,281,3,8
spa_Latn,281,4,34
spa_Latn,281,5,53
spa_Latn,281,6,8
spa_Latn,281,7,7
spa_Latn,281,8,34
spa_Latn,281,9,28
spa_Latn,281,10,39
spa_Latn,281,11,8
spa_Latn,281,12,8
spa_Latn,282,0,60
spa_Latn,282,1,19
spa_Latn,282,2,7
spa_Latn,282,3,7
spa_Latn,282,4,27
spa_Latn,282,5,9
spa_Latn,282,6,47
spa_Latn,282,7,47
spa_Latn,282,8,8
eng_Latn,283,0,60
eng_Latn,283,1,46
eng_Latn,283,2,51
eng_Latn,283,3,63
eng_Latn,283,4,14
eng_Latn,283,5,49
eng_Latn,283,6,9
eng_Latn,283,7,14
eng_Latn,283,8,1
eng_Latn,283,9,52
spa_Latn,284,0,60
spa_Latn,284,1,13
spa_Latn,284,2,1
spa_Latn,284,3,19
spa_Latn,284,4,26
spa_Latn,285,0,60
spa_Latn,285,1,39
spa_Latn,285,2,27
spa_Latn,285,3,11
spa_Latn,285,4,19
spa_Latn,285,5,40
spa_Latn,285,6,40
spa_Latn,286,0,60
spa_Latn,286,1,19
spa_Latn,286,2,29
spa_Latn,286,3,34
spa_Latn,286,4,42
spa_Latn,286,5,19
spa_Latn,286,6,19
spa_Latn,286,7,39
spa_Latn,286,8,34
eng_Latn,287,0,60
eng_Latn,287,1,9
eng_Latn,287,2,40
eng_Latn,287,3,61
eng_Latn,287,4,33
eng_Latn,287,5,15
eng_Latn,287,6,26
eng_Latn,287,7,61
eng_Latn,287,8,1
eng_Latn,287,9,47
eng_Latn,287,10,33
eng_Latn,287,11,61
eng_Latn,288,0,60
eng_Latn,288,1,38
eng_Latn,288,2,48
eng_Latn,288,3,41
eng_Latn,288,4,46
eng_Latn,288,5,56
eng_Latn,288,6,53
eng_Latn,288,7,35
eng_Latn,288,8,63
spa_Latn,289,0,60
spa_Latn,289,1,39
spa_Latn,289,2,8
spa_Latn,289,3,8
spa_Latn,289,4,8
spa_Latn,289,5,47
spa_Latn,289,6,47
spa_Latn,289,7,8
spa_Latn,290,0,60
spa_Latn,290,1,17
spa_Latn,290,2,8
spa_Latn,290,3,8
spa_Latn,290,4,17
spa_Latn,290,5,39
spa_Latn,290,6,8
spa_Latn,291,0,60
spa_Latn,291,1,63
spa_Latn,291,2,61
spa_Latn,291,3,19
eng_Latn,292,0,60
eng_Latn,292,1,57
eng_Latn,292,2,45
eng_Latn,292,3,46
eng_Latn,292,4,17
eng_Latn,292,5,56
eng_Latn,292,6,35
eng_Latn,292,7,35
eng_Latn,292,8,34
spa_Latn,293,0,60
spa_Latn,293,1,19
spa_Latn,293,2,6
spa_Latn,293,3,11
spa_Latn,293,4,11
spa_Latn,293,5,47
spa_Latn,293,6,19
spa_Latn,293,7,13
spa_Latn,293,8,26
spa_Latn,293,9,26
spa_Latn,293,10,51
spa_Latn,293,11,39
spa_Latn,293,12,8
spa_Latn,293,13,39
spa_Latn,293,14,39
spa_Latn,293,15,47
spa_Latn,293,16,13
spa_Latn,294,0,60
spa_Latn,294,1,26
spa_Latn,294,2,19
spa_Latn,294,3,8
spa_Latn,294,4,8
spa_Latn,294,5,19
spa_Latn,294,6,19
spa_Latn,294,7,47
spa_Latn,294,8,39
spa_Latn,294,9,8
spa_Latn,294,10,8
spa_Latn,294,11,29
spa_Latn,294,12,8
spa_Latn,295,0,60
spa_Latn,295,1,61
spa_Latn,295,2,40
spa_Latn,295,3,26
spa_Latn,295,4,49
spa_Latn,296,0,60
spa_Latn,296,1,47
spa_Latn,296,2,19
spa_Latn,296,3,40
spa_Latn,296,4,27
spa_Latn,296,5,47
spa_Latn,296,6,49
spa_Latn,296,7,12
spa_Latn,296,8,19
spa_Latn,296,9,47
spa_Latn,296,10,49
spa_Latn,297,0,60
spa_Latn,297,1,12
spa_Latn,297,2,27
spa_Latn,297,3,8
spa_Latn,297,4,11
spa_Latn,297,5,19
spa_Latn,297,6,8
spa_Latn,297,7,8
spa_Latn,297,8,12
spa_Latn,297,9,19
spa_Latn,297,10,22
spa_Latn,297,11,60
spa_Latn,297,12,19
spa_Latn,297,13,8
spa_Latn,298,0,60
spa_Latn,298,1,8
spa_Latn,298,2,8
spa_Latn,298,3,39
spa_Latn,298,4,8
spa_Latn,298,5,8
spa_Latn,298,6,61
spa_Latn,298,7,39
spa_Latn,298,8,28
spa_Latn,298,9,52
spa_Latn,299,0,60
spa_Latn,299,1,19
spa_Latn,299,2,49
spa_Latn,299,3,5
spa_Latn,299,4,37
spa_Latn,299,5,52
spa_Latn,299,6,37
spa_Latn,299,7,12
eng_Latn,300,0,60
eng_Latn,300,1,35
eng_Latn,300,2,4
eng_Latn,300,3,18
eng_Latn,300,4,63
eng_Latn,300,5,56
eng_Latn,300,6,52
eng_Latn,300,7,52
eng_Latn,300,8,21
eng_Latn,300,9,21
eng_Latn,300,10,4
eng_Latn,301,0,60
eng_Latn,301,1,22
eng_Latn,301,2,45
eng_Latn,301,3,50
eng_Latn,301,4,18
eng_Latn,301,5,16
eng_Latn,301,6,11
eng_Latn,301,7,54
spa_Latn,302,0,60
spa_Latn,302,1,19
spa_Latn,302,2,8
spa_Latn,302,3,8
spa_Latn,302,4,8
eng_Latn,303,0,60
eng_Latn,303,1,52
eng_Latn,303,2,1
eng_Latn,303,3,52
eng_Latn,303,4,52
eng_Latn,303,5,47
eng_Latn,303,6,19
eng_Latn,303,7,63
spa_Latn,304,0,60
spa_Latn,304,1,7
spa_Latn,304,2,16
spa_Latn,304,3,35
spa_Latn,304,4,19
spa_Latn,304,5,8
spa_Latn,304,6,8
spa_Latn,304,7,31
spa_Latn,304,8,1
spa_Latn,304,9,19
spa_Latn,304,10,8
spa_Latn,305,0,60
spa_Latn,305,1,6
spa_Latn,305,2,33
spa_Latn,305,3,22
spa_Latn,305,4,22
spa_Latn,305,5,22
spa_Latn,306,0,60
spa_Latn,306,1,47
spa_Latn,306,2,19
spa_Latn,306,3,8
spa_Latn,306,4,19
spa_Latn,306,5,39
spa_Latn,306,6,39
spa_Latn,306,7,8
spa_Latn,306,8,39
spa_Latn,306,9,19
spa_Latn,306,10,39
spa_Latn,306,11,8
spa_Latn,306,12,51
spa_Latn,306,13,17
spa_Latn,306,14,17
spa_Latn,306,15,1
spa_Latn,306,16,19
spa_Latn,306,17,4
spa_Latn,307,0,60
spa_Latn,307,1,29
spa_Latn,307,2,8
spa_Latn,307,3,8
spa_Latn,307,4,47
spa_Latn,307,5,34
spa_Latn,307,6,29
spa_Latn,307,7,8
spa_Latn,307,8,19
spa_Latn,307,9,8
spa_Latn,307,10,10
spa_Latn,307,11,10
spa_Latn,307,12,8
spa_Latn,307,13,10
spa_Latn,307,14,8
spa_Latn,308,0,60
spa_Latn,308,1,9
spa_Latn,308,2,26
spa_Latn,308,3,19
spa_Latn,308,4,49
spa_Latn,308,5,26
spa_Latn,308,6,26
spa_Latn,308,7,49
spa_Latn,308,8,8
spa_Latn,308,9,12
spa_Latn,308,10,61
spa_Latn,308,11,39
spa_Latn,308,12,8
spa_Latn,308,13,40
spa_Latn,308,14,49
spa_Latn,309,0,60
spa_Latn,309,1,58
spa_Latn,309,2,19
spa_Latn,309,3,40
spa_Latn,309,4,1
spa_Latn,309,5,13
eng_Latn,310,0,60
eng_Latn,310,1,49
eng_Latn,310,2,5
eng_Latn,310,3,26
eng_Latn,311,0,60
eng_Latn,311,1,54
eng_Latn,311,2,18
eng_Latn,311,3,20
eng_Latn,311,4,41
eng_Latn,311,5,51
eng_Latn,311,6,24
eng_Latn,311,7,39
spa_Latn,312,0,60
spa_Latn,312,1,13
spa_Latn,312,2,8
spa_Latn,312,3,8
spa_Latn,312,4,8
spa_Latn,312,5,19
spa_Latn,312,6,39
spa_Latn,312,7,34
spa_Latn,312,8,19
spa_Latn,312,9,34
spa_Latn,312,10,34
spa_Latn,313,0,60
spa_Latn,313,1,8
spa_Latn,313,2,8
spa_Latn,313,3,8
spa_Latn,313,4,8
spa_Latn,313,5,8
spa_Latn,313,6,8
spa_Latn,313,7,8
spa_Latn,313,8,37
spa_Latn,313,9,19
spa_Latn,313,10,47
spa_Latn,313,11,8
spa_Latn,314,0,60
spa_Latn,314,1,19
spa_Latn,314,2,19
spa_Latn,314,3,47
spa_Latn,314,4,8
spa_Latn,314,5,8
spa_Latn,314,6,61
spa_Latn,314,7,8
spa_Latn,315,0,60
spa_Latn,315,1,27
spa_Latn,315,2,8
spa_Latn,315,3,8
spa_Latn,315,4,19
spa_Latn,315,5,8
spa_Latn,315,6,37
spa_Latn,315,7,47
spa_Latn,315,8,46
spa_Latn,315,9,8
spa_Latn,316,0,60
spa_Latn,316,1,19
spa_Latn,316,2,52
spa_Latn,316,3,19
spa_Latn,316,4,57
spa_Latn,316,5,8
spa_Latn,316,6,54
spa_Latn,316,7,8
spa_Latn,316,8,1
spa_Latn,316,9,8
spa_Latn,316,10,2
eng_Latn,317,0,60
eng_Latn,317,1,19
eng_Latn,317,2,19
eng_Latn,317,3,15
eng_Latn,317,4,16
eng_Latn,317,5,33
eng_Latn,317,6,33
eng_Latn,317,7,33
eng_Latn,318,0,60
eng_Latn,318,1,9
eng_Latn,318,2,56
eng_Latn,318,3,38
eng_Latn,318,4,8
spa_Latn,319,0,60
spa_Latn,319,1,8
spa_Latn,319,2,8
spa_Latn,319,3,8
spa_Latn,319,4,8
spa_Latn,319,5,19
spa_Latn,319,6,8
spa_Latn,319,7,8
spa_Latn,319,8,8
spa_Latn,319,9,19
spa_Latn,319,10,8
spa_Latn,319,11,8
spa_Latn,319,12,8
spa_Latn,319,13,47
spa_Latn,319,14,8
eng_Latn,320,0,60
eng_Latn,320,1,56
eng_Latn,320,2,54
eng_Latn,320,3,18
eng_Latn,320,4,21
eng_Latn,320,5,9
eng_Latn,320,6,18
eng_Latn,320,7,30
eng_Latn,320,8,30
eng_Latn,320,9,35
eng_Latn,320,10,34
spa_Latn,321,0,60
spa_Latn,321,1,19
spa_Latn,321,2,22
spa_Latn,321,3,24
spa_Latn,321,4,22
spa_Latn,321,5,19
spa_Latn,321,6,7
spa_Latn,321,7,19
spa_Latn,321,8,19
spa_Latn,321,9,7
spa_Latn,321,10,8
spa_Latn,322,0,60
spa_Latn,322,1,19
spa_Latn,322,2,8
spa_Latn,322,3,8
spa_Latn,322,4,8
spa_Latn,322,5,8
spa_Latn,322,6,47
spa_Latn,322,7,8
spa_Latn,322,8,47
spa_Latn,322,9,47
spa_Latn,322,10,8
spa_Latn,322,11,1
spa_Latn,322,12,19
spa_Latn,322,13,8
spa_Latn,322,14,8
spa_Latn,322,15,3
spa_Latn,322,16,1
spa_Latn,323,0,60
spa_Latn,323,1,19
spa_Latn,323,2,8
spa_Latn,323,3,19
spa_Latn,323,4,8
spa_Latn,323,5,8
spa_Latn,323,6,8
spa_Latn,323,7,8
spa_Latn,323,8,19
spa_Latn,323,9,8
spa_Latn,323,10,8
spa_Latn,323,11,8
spa_Latn,323,12,8
spa_Latn,324,0,60
spa_Latn,324,1,19
spa_Latn,324,2,39
spa_Latn,324,3,47
spa_Latn,324,4,7
spa_Latn,324,5,47
spa_Latn,324,6,26
spa_Latn,324,7,39
spa_Latn,324,8,5
spa_Latn,324,9,22
spa_Latn,324,10,11
spa_Latn,324,11,1
spa_Latn,324,12,40
spa_Latn,324,13,11
spa_Latn,324,14,19
spa_Latn,324,15,49
spa_Latn,324,16,26
spa_Latn,324,17,26
spa_Latn,324,18,12
spa_Latn,325,0,60
spa_Latn,325,1,39
spa_Latn,325,2,8
spa_Latn,325,3,8
spa_Latn,325,4,8
spa_Latn,325,5,8
spa_Latn,325,6,19
spa_Latn,325,7,47
spa_Latn,325,8,8
eng_Latn,326,0,60
eng_Latn,326,1,22
eng_Latn,326,2,53
eng_Latn,326,3,46
eng_Latn,326,4,15
eng_Latn,327,0,60
eng_Latn,327,1,20
eng_Latn,327,2,37
eng_Latn,327,3,57
eng_Latn,327,4,52
eng_Latn,327,5,52
eng_Latn,327,6,1
eng_Latn,327,7,52
eng_Latn,327,8,52
eng_Latn,327,9,11
spa_Latn,328,0,60
spa_Latn,328,1,39
spa_Latn,328,2,17
spa_Latn,328,3,19
spa_Latn,328,4,16
spa_Latn,328,5,8
spa_Latn,328,6,1
spa_Latn,328,7,8
spa_Latn,328,8,8
spa_Latn,329,0,60
spa_Latn,329,1,40
spa_Latn,329,2,12
spa_Latn,329,3,47
spa_Latn,329,4,47
spa_Latn,329,5,8
spa_Latn,329,6,8
spa_Latn,329,7,8
spa_Latn,329,8,8
spa_Latn,329,9,19
spa_Latn,329,10,19
spa_Latn,329,11,8
spa_Latn,329,12,8
spa_Latn,330,0,60
spa_Latn,330,1,54
spa_Latn,330,2,8
spa_Latn,330,3,19
spa_Latn,330,4,46
spa_Latn,330,5,8
spa_Latn,330,6,8
spa_Latn,330,7,19
spa_Latn,330,8,8
spa_Latn,330,9,23
spa_Latn,330,10,8
spa_Latn,330,11,8
spa_Latn,330,12,19
spa_Latn,330,13,8
spa_Latn,330,14,52
spa_Latn,331,0,60
spa_Latn,331,1,19
spa_Latn,331,2,8
spa_Latn,331,3,61
spa_Latn,331,4,8
spa_Latn,331,5,8
spa_Latn,331,6,8
spa_Latn,331,7,8
spa_Latn,331,8,39
spa_Latn,331,9,10
spa_Latn,331,10,47
spa_Latn,331,11,47
spa_Latn,331,12,8
spa_Latn,331,13,8
spa_Latn,332,0,60
spa_Latn,332,1,19
spa_Latn,332,2,19
spa_Latn,332,3,39
spa_Latn,332,4,8
spa_Latn,332,5,8
spa_Latn,332,6,40
spa_Latn,332,7,8
spa_Latn,332,8,8
spa_Latn,332,9,8
spa_Latn,332,10,52
spa_Latn,333,0,60
spa_Latn,333,1,15
spa_Latn,333,2,8
spa_Latn,333,3,19
spa_Latn,333,4,19
spa_Latn,333,5,39
spa_Latn,333,6,16
spa_Latn,333,7,8
spa_Latn,333,8,56
spa_Latn,333,9,8
spa_Latn,333,10,10
spa_Latn,333,11,8
spa_Latn,333,12,8
eng_Latn,334,0,60
eng_Latn,334,1,22
eng_Latn,334,2,34
eng_Latn,334,3,22
eng_Latn,334,4,22
eng_Latn,334,5,37
eng_Latn,334,6,63
eng_Latn,334,7,34
eng_Latn,334,8,24
eng_Latn,334,9,7
eng_Latn,334,10,60
eng_Latn,335,0,60
eng_Latn,335,1,50
eng_Latn,335,2,16
eng_Latn,336,0,60
eng_Latn,336,1,26
eng_Latn,336,2,26
eng_Latn,336,3,39
eng_Latn,336,4,5
eng_Latn,336,5,18
eng_Latn,336,6,53
eng_Latn,336,7,14
eng_Latn,336,8,63
eng_Latn,337,0,60
eng_Latn,337,1,19
eng_Latn,337,2,56
eng_Latn,337,3,57
spa_Latn,338,0,60
spa_Latn,338,1,8
spa_Latn,338,2,8
spa_Latn,338,3,8
spa_Latn,338,4,47
spa_Latn,338,5,47
spa_Latn,338,6,10
spa_Latn,338,7,8
spa_Latn,338,8,19
spa_Latn,338,9,39
spa_Latn,338,10,16
spa_Latn,339,0,60
spa_Latn,339,1,40
spa_Latn,339,2,8
spa_Latn,339,3,8
spa_Latn,339,4,37
spa_Latn,339,5,19
spa_Latn,339,6,49
spa_Latn,339,7,37
spa_Latn,339,8,8
spa_Latn,340,0,60
spa_Latn,340,1,47
spa_Latn,340,2,22
spa_Latn,340,3,12
spa_Latn,340,4,22
spa_Latn,340,5,11
spa_Latn,340,6,22
spa_Latn,340,7,47
spa_Latn,340,8,63
spa_Latn,340,9,46
spa_Latn,340,10,63
spa_Latn,341,0,60
spa_Latn,341,1,8
spa_Latn,341,2,10
spa_Latn,341,3,1
spa_Latn,341,4,19
spa_Latn,341,5,39
spa_Latn,341,6,8
spa_Latn,341,7,8
spa_Latn,341,8,19
spa_Latn,341,9,47
spa_Latn,341,10,8
spa_Latn,341,11,23
spa_Latn,341,12,19
spa_Latn,341,13,47
spa_Latn,341,14,8
spa_Latn,341,15,8
spa_Latn,341,16,8
eng_Latn,342,0,60
eng_Latn,342,1,22
eng_Latn,342,2,41
eng_Latn,342,3,34
eng_Latn,343,0,60
eng_Latn,343,1,15
eng_Latn,343,2,23
eng_Latn,343,3,48
eng_Latn,343,4,56
eng_Latn,343,5,16
eng_Latn,343,6,54
eng_Latn,343,7,63
eng_Latn,344,0,60
eng_Latn,344,1,9
eng_Latn,344,2,27
eng_Latn,344,3,9
eng_Latn,344,4,56
eng_Latn,344,5,35
eng_Latn,344,6,17
eng_Latn,344,7,51
eng_Latn,345,0,60
eng_Latn,345,1,50
eng_Latn,345,2,56
eng_Latn,345,3,16
eng_Latn,345,4,62
eng_Latn,345,5,62
eng_Latn,345,6,52
eng_Latn,346,0,60
eng_Latn,346,1,49
eng_Latn,346,2,39
eng_Latn,346,3,11
eng_Latn,346,4,47
eng_Latn,346,5,47
spa_Latn,347,0,60
spa_Latn,347,1,8
spa_Latn,347,2,8
spa_Latn,347,3,8
spa_Latn,347,4,39
spa_Latn,347,5,8
spa_Latn,347,6,19
spa_Latn,347,7,16
spa_Latn,347,8,8
spa_Latn,347,9,19
spa_Latn,347,10,44
eng_Latn,348,0,60
eng_Latn,348,1,9
eng_Latn,348,2,19
eng_Latn,348,3,22
eng_Latn,348,4,22
eng_Latn,348,5,58
eng_Latn,348,6,12
eng_Latn,348,7,47
spa_Latn,349,0,60
spa_Latn,349,1,47
spa_Latn,349,2,8
spa_Latn,349,3,8
spa_Latn,349,4,8
spa_Latn,349,5,5
spa_Latn,349,6,52
spa_Latn,349,7,19
spa_Latn,349,8,37
spa_Latn,349,9,12
spa_Latn,349,10,27
spa_Latn,349,11,7
spa_Latn,349,12,9
spa_Latn,350,0,60
spa_Latn,350,1,61
spa_Latn,350,2,8
spa_Latn,350,3,8
spa_Latn,350,4,8
spa_Latn,351,0,60
spa_Latn,351,1,11
spa_Latn,351,2,8
spa_Latn,351,3,47
spa_Latn,351,4,19
spa_Latn,351,5,17
spa_Latn,351,6,19
spa_Latn,351,7,8
spa_Latn,352,0,60
spa_Latn,352,1,57
spa_Latn,352,2,19
spa_Latn,352,3,19
spa_Latn,352,4,7
spa_Latn,352,5,22
spa_Latn,352,6,47
spa_Latn,352,7,22
spa_Latn,352,8,8
spa_Latn,353,0,60
spa_Latn,353,1,19
spa_Latn,353,2,19
spa_Latn,353,3,39
spa_Latn,353,4,31
spa_Latn,353,5,19
spa_Latn,353,6,8
spa_Latn,353,7,16
spa_Latn,354,0,60
spa_Latn,354,1,47
spa_Latn,354,2,34
spa_Latn,354,3,29
spa_Latn,354,4,47
spa_Latn,354,5,8
spa_Latn,354,6,8
spa_Latn,354,7,19
spa_Latn,354,8,8
spa_Latn,355,0,60
spa_Latn,355,1,8
spa_Latn,355,2,12
spa_Latn,355,3,40
spa_Latn,355,4,47
spa_Latn,355,5,47
spa_Latn,355,6,47
spa_Latn,355,7,49
spa_Latn,356,0,60
spa_Latn,356,1,17
spa_Latn,356,2,19
spa_Latn,356,3,8
spa_Latn,356,4,8
spa_Latn,357,0,60
spa_Latn,357,1,12
spa_Latn,357,2,39
spa_Latn,357,3,13
spa_Latn,357,4,9
spa_Latn,358,0,60
spa_Latn,358,1,46
spa_Latn,358,2,8
spa_Latn,358,3,19
spa_Latn,358,4,46
spa_Latn,358,5,63
eng_Latn,359,0,60
eng_Latn,359,1,19
eng_Latn,359,2,18
eng_Latn,359,3,39
spa_Latn,360,0,60
spa_Latn,360,1,8
spa_Latn,360,2,19
spa_Latn,360,3,8
spa_Latn,360,4,8
spa_Latn,360,5,54
spa_Latn,360,6,8
spa_Latn,360,7,8
spa_Latn,360,8,8
spa_Latn,360,9,61
spa_Latn,360,10,8
spa_Latn,360,11,8
spa_Latn,360,12,8
spa_Latn,360,13,52
spa_Latn,361,0,60
spa_Latn,361,1,8
spa_Latn,361,2,19
spa_Latn,361,3,8
spa_Latn,361,4,53
spa_Latn,361,5,27
spa_Latn,361,6,23
spa_Latn,361,7,19
spa_Latn,361,8,47
spa_Latn,361,9,63
spa_Latn,362,0,60
spa_Latn,362,1,46
spa_Latn,362,2,8
spa_Latn,362,3,52
spa_Latn,362,4,8
eng_Latn,363,0,60
eng_Latn,363,1,9
eng_Latn,363,2,56
eng_Latn,363,3,56
eng_Latn,363,4,51
eng_Latn,363,5,54
eng_Latn,363,6,18
eng_Latn,363,7,16
eng_Latn,363,8,20
eng_Latn,363,9,16
spa_Latn,364,0,60
spa_Latn,364,1,54
spa_Latn,364,2,8
spa_Latn,364,3,8
spa_Latn,364,4,8
spa_Latn,364,5,8
spa_Latn,364,6,8
spa_Latn,364,7,8
spa_Latn,364,8,8
spa_Latn,364,9,16
spa_Latn,364,10,8
spa_Latn,364,11,8
spa_Latn,364,12,8
spa_Latn,364,13,9
spa_Latn,364,14,8
eng_Latn,365,0,60
eng_Latn,365,1,20
eng_Latn,365,2,62
eng_Latn,365,3,46
spa_Latn,366,0,60
spa_Latn,366,1,19
spa_Latn,366,2,8
spa_Latn,366,3,8
spa_Latn,366,4,19
spa_Latn,366,5,19
spa_Latn,366,6,8
spa_Latn,366,7,8
spa_Latn,366,8,8
spa_Latn,366,9,47
spa_Latn,366,10,19
spa_Latn,366,11,8
spa_Latn,366,12,8
eng_Latn,367,0,60
eng_Latn,367,1,22
eng_Latn,367,2,54
eng_Latn,367,3,54
eng_Latn,367,4,10
eng_Latn,367,5,16
spa_Latn,368,0,60
spa_Latn,368,1,8
spa_Latn,368,2,8
spa_Latn,368,3,8
spa_Latn,368,4,8
spa_Latn,368,5,1
spa_Latn,368,6,52
spa_Latn,369,0,60
spa_Latn,369,1,47
spa_Latn,369,2,8
spa_Latn,369,3,8
spa_Latn,369,4,8
spa_Latn,369,5,8
spa_Latn,369,6,19
spa_Latn,369,7,14
spa_Latn,369,8,14
spa_Latn,369,9,5
spa_Latn,369,10,27
spa_Latn,369,11,49
spa_Latn,369,12,61
spa_Latn,370,0,60
spa_Latn,370,1,8
spa_Latn,370,2,8
spa_Latn,370,3,8
spa_Latn,370,4,8
spa_Latn,370,5,20
spa_Latn,370,6,19
spa_Latn,370,7,19
spa_Latn,370,8,34
spa_Latn,370,9,8
spa_Latn,370,10,8
spa_Latn,370,11,19
spa_Latn,370,12,8
spa_Latn,371,0,60
spa_Latn,371,1,60
spa_Latn,371,2,60
spa_Latn,371,3,52
spa_Latn,371,4,39
spa_Latn,371,5,39
spa_Latn,371,6,7
spa_Latn,371,7,8
spa_Latn,371,8,19
spa_Latn,371,9,19
spa_Latn,371,10,8
spa_Latn,372,0,60
spa_Latn,372,1,19
spa_Latn,372,2,8
spa_Latn,372,3,8
spa_Latn,372,4,29
spa_Latn,372,5,8
spa_Latn,372,6,39
spa_Latn,372,7,40
spa_Latn,372,8,26
spa_Latn,372,9,19
spa_Latn,372,10,19
spa_Latn,372,11,8
spa_Latn,373,0,60
spa_Latn,373,1,8
spa_Latn,373,2,22
spa_Latn,373,3,12
spa_Latn,373,4,19
spa_Latn,373,5,8
spa_Latn,373,6,47
spa_Latn,373,7,8
spa_Latn,373,8,8
spa_Latn,373,9,8
spa_Latn,373,10,62
spa_Latn,373,11,8
spa_Latn,373,12,8
spa_Latn,374,0,60
spa_Latn,374,1,61
spa_Latn,374,2,8
spa_Latn,374,3,8
spa_Latn,374,4,52
spa_Latn,374,5,1
spa_Latn,374,6,52
spa_Latn,374,7,34
spa_Latn,375,0,60
spa_Latn,375,1,13
spa_Latn,375,2,13
spa_Latn,375,3,13
spa_Latn,375,4,19
spa_Latn,375,5,52
spa_Latn,376,0,60
spa_Latn,376,1,19
spa_Latn,376,2,8
spa_Latn,376,3,29
spa_Latn,376,4,7
spa_Latn,377,0,60
spa_Latn,377,1,19
spa_Latn,377,2,1
spa_Latn,377,3,8
spa_Latn,377,4,19
spa_Latn,377,5,10
spa_Latn,377,6,8
spa_Latn,377,7,8
spa_Latn,377,8,8
spa_Latn,377,9,19
spa_Latn,377,10,8
spa_Latn,378,0,60
spa_Latn,378,1,8
spa_Latn,378,2,12
spa_Latn,378,3,19
spa_Latn,378,4,14
spa_Latn,378,5,19
spa_Latn,378,6,47
spa_Latn,378,7,49
spa_Latn,379,0,60
spa_Latn,379,1,36
spa_Latn,379,2,13
spa_Latn,380,0,60
spa_Latn,380,1,12
spa_Latn,380,2,47
spa_Latn,380,3,1
spa_Latn,380,4,8
spa_Latn,380,5,8
spa_Latn,380,6,8
spa_Latn,380,7,61
spa_Latn,380,8,8
spa_Latn,380,9,8
spa_Latn,380,10,40
spa_Latn,380,11,8
spa_Latn,380,12,28
spa_Latn,380,13,47
spa_Latn,380,14,11
spa_Latn,380,15,52
spa_Latn,381,0,60
spa_Latn,381,1,39
spa_Latn,381,2,61
spa_Latn,381,3,1
spa_Latn,381,4,8
spa_Latn,381,5,34
spa_Latn,382,0,60
spa_Latn,382,1,47
spa_Latn,382,2,49
spa_Latn,382,3,5
spa_Latn,382,4,24
spa_Latn,382,5,26
spa_Latn,382,6,19
spa_Latn,382,7,49
spa_Latn,382,8,24
spa_Latn,382,9,26
spa_Latn,382,10,19
spa_Latn,382,11,7
spa_Latn,382,12,8
spa_Latn,382,13,9
spa_Latn,382,14,39
spa_Latn,382,15,39
spa_Latn,382,16,49
spa_Latn,382,17,27
spa_Latn,382,18,49
spa_Latn,382,19,27
spa_Latn,382,20,26
spa_Latn,382,21,49
spa_Latn,383,0,60
spa_Latn,383,1,58
spa_Latn,383,2,40
spa_Latn,383,3,49
spa_Latn,383,4,49
spa_Latn,383,5,24
spa_Latn,383,6,52
spa_Latn,383,7,1
spa_Latn,383,8,52
spa_Latn,383,9,50
spa_Latn,383,10,61
spa_Latn,383,11,49
spa_Latn,383,12,26
spa_Latn,383,13,49
spa_Latn,383,14,1
spa_Latn,383,15,52
spa_Latn,384,0,60
spa_Latn,384,1,13
spa_Latn,384,2,47
spa_Latn,384,3,8
spa_Latn,384,4,8
spa_Latn,384,5,8
spa_Latn,384,6,8
spa_Latn,384,7,30
spa_Latn,384,8,61
spa_Latn,384,9,8
spa_Latn,384,10,52
spa_Latn,385,0,60
spa_Latn,385,1,39
spa_Latn,385,2,51
spa_Latn,385,3,8
spa_Latn,385,4,39
spa_Latn,385,5,8
spa_Latn,385,6,8
spa_Latn,385,7,8
spa_Latn,386,0,60
spa_Latn,386,1,27
spa_Latn,386,2,8
spa_Latn,386,3,6
spa_Latn,386,4,6
spa_Latn,386,5,8
spa_Latn,386,6,36
spa_Latn,386,7,10
spa_Latn,386,8,10
spa_Latn,386,9,8
spa_Latn,386,10,8
spa_Latn,386,11,11
spa_Latn,386,12,9
spa_Latn,386,13,19
spa_Latn,386,14,47
spa_Latn,386,15,36
spa_Latn,386,16,36
spa_Latn,386,17,52
spa_Latn,387,0,60
spa_Latn,387,1,8
spa_Latn,387,2,19
spa_Latn,387,3,63
spa_Latn,387,4,8
spa_Latn,387,5,19
spa_Latn,387,6,63
spa_Latn,388,0,60
spa_Latn,388,1,47
spa_Latn,388,2,16
spa_Latn,388,3,8
spa_Latn,388,4,39
spa_Latn,388,5,47
spa_Latn,388,6,8
eng_Latn,389,0,60
eng_Latn,389,1,22
eng_Latn,389,2,34
eng_Latn,389,3,34
eng_Latn,390,0,60
eng_Latn,390,1,22
eng_Latn,390,2,9
eng_Latn,390,3,22
eng_Latn,390,4,63
eng_Latn,390,5,56
eng_Latn,390,6,57
eng_Latn,390,7,25
eng_Latn,390,8,8
spa_Latn,391,0,60
spa_Latn,391,1,19
spa_Latn,391,2,8
spa_Latn,391,3,10
spa_Latn,391,4,8
spa_Latn,391,5,8
spa_Latn,391,6,39
spa_Latn,391,7,16
spa_Latn,391,8,8
spa_Latn,391,9,19
spa_Latn,391,10,8
spa_Latn,392,0,60
spa_Latn,392,1,40
spa_Latn,392,2,19
spa_Latn,392,3,39
spa_Latn,392,4,7
spa_Latn,393,0,60
spa_Latn,393,1,39
spa_Latn,393,2,36
spa_Latn,393,3,6
spa_Latn,393,4,19
spa_Latn,393,5,39
spa_Latn,393,6,36
spa_Latn,393,7,6
spa_Latn,393,8,40
spa_Latn,393,9,36
spa_Latn,393,10,36
spa_Latn,393,11,47
spa_Latn,394,0,60
spa_Latn,394,1,22
spa_Latn,394,2,22
spa_Latn,394,3,22
spa_Latn,394,4,12
spa_Latn,394,5,40
spa_Latn,395,0,60
spa_Latn,395,1,39
spa_Latn,395,2,39
spa_Latn,395,3,34
spa_Latn,396,0,60
spa_Latn,396,1,8
spa_Latn,396,2,8
spa_Latn,396,3,19
spa_Latn,396,4,47
spa_Latn,396,5,8
spa_Latn,396,6,8
spa_Latn,396,7,19
spa_Latn,396,8,8
spa_Latn,396,9,8
eng_Latn,397,0,60
eng_Latn,397,1,46
eng_Latn,397,2,5
eng_Latn,397,3,54
eng_Latn,397,4,48
eng_Latn,397,5,8
eng_Latn,397,6,15
eng_Latn,397,7,48
eng_Latn,397,8,56
eng_Latn,397,9,34
eng_Latn,397,10,34
spa_Latn,398,0,60
spa_Latn,398,1,47
spa_Latn,398,2,8
spa_Latn,398,3,17
spa_Latn,398,4,39
spa_Latn,398,5,8
spa_Latn,398,6,8
spa_Latn,398,7,8
spa_Latn,398,8,52
spa_Latn,398,9,1
spa_Latn,398,10,47
spa_Latn,398,11,15
spa_Latn,399,0,60
spa_Latn,399,1,54
spa_Latn,399,2,39
spa_Latn,399,3,31
spa_Latn,399,4,8
spa_Latn,399,5,1
spa_Latn,399,6,19
spa_Latn,399,7,8
spa_Latn,399,8,8
spa_Latn,399,9,8
spa_Latn,399,10,10
spa_Latn,399,11,8
spa_Latn,399,12,39
spa_Latn,399,13,8
spa_Latn,399,14,39
spa_Latn,399,15,8
spa_Latn,400,0,60
spa_Latn,400,1,57
spa_Latn,400,2,19
spa_Latn,400,3,47
spa_Latn,400,4,8
eng_Latn,401,0,60
eng_Latn,401,1,39
eng_Latn,401,2,52
eng_Latn,401,3,52
eng_Latn,401,4,13
eng_Latn,401,5,52
eng_Latn,401,6,13
spa_Latn,402,0,60
spa_Latn,402,1,17
spa_Latn,402,2,22
spa_Latn,402,3,19
spa_Latn,402,4,27
spa_Latn,402,5,16
spa_Latn,402,6,8
spa_Latn,402,7,28
spa_Latn,402,8,1
spa_Latn,402,9,19
spa_Latn,402,10,28
spa_Latn,402,11,52
eng_Latn,403,0,60
eng_Latn,403,1,22
eng_Latn,403,2,22
eng_Latn,403,3,34
eng_Latn,403,4,34
spa_Latn,404,0,60
spa_Latn,404,1,8
spa_Latn,404,2,8
spa_Latn,404,3,8
spa_Latn,404,4,14
eng_Latn,405,0,60
eng_Latn,405,1,35
eng_Latn,405,2,56
eng_Latn,405,3,56
eng_Latn,405,4,51
eng_Latn,405,5,56
eng_Latn,405,6,51
spa_Latn,406,0,60
spa_Latn,406,1,10
spa_Latn,406,2,8
spa_Latn,406,3,23
spa_Latn,406,4,8
spa_Latn,406,5,52
spa_Latn,407,0,60
spa_Latn,407,1,39
spa_Latn,407,2,39
spa_Latn,407,3,47
spa_Latn,407,4,8
spa_Latn,407,5,19
spa_Latn,407,6,39
spa_Latn,408,0,60
spa_Latn,408,1,8
spa_Latn,408,2,51
spa_Latn,408,3,24
spa_Latn,408,4,61
spa_Latn,408,5,8
spa_Latn,408,6,8
spa_Latn,408,7,8
spa_Latn,408,8,8
spa_Latn,408,9,8
spa_Latn,408,10,8
spa_Latn,408,11,19
spa_Latn,408,12,19
spa_Latn,408,13,19
spa_Latn,408,14,8
spa_Latn,409,0,60
spa_Latn,409,1,47
spa_Latn,409,2,15
spa_Latn,409,3,10
eng_Latn,410,0,60
eng_Latn,410,1,38
eng_Latn,410,2,15
eng_Latn,410,3,20
eng_Latn,410,4,38
eng_Latn,410,5,56
eng_Latn,410,6,61
eng_Latn,410,7,19
eng_Latn,410,8,51
spa_Latn,411,0,60
spa_Latn,411,1,23
spa_Latn,411,2,8
spa_Latn,411,3,8
spa_Latn,411,4,46
spa_Latn,411,5,8
spa_Latn,411,6,8
spa_Latn,411,7,19
spa_Latn,411,8,8
spa_Latn,411,9,19
spa_Latn,411,10,8
eng_Latn,412,0,60
eng_Latn,412,1,22
eng_Latn,412,2,30
eng_Latn,412,3,24
eng_Latn,412,4,30
eng_Latn,412,5,30
eng_Latn,412,6,54
eng_Latn,412,7,48
eng_Latn,412,8,56
eng_Latn,412,9,63
eng_Latn,412,10,30
eng_Latn,412,11,63
eng_Latn,413,0,60
eng_Latn,413,1,16
eng_Latn,413,2,54
eng_Latn,413,3,46
eng_Latn,413,4,5
eng_Latn,413,5,18
eng_Latn,413,6,56
eng_Latn,413,7,46
eng_Latn,413,8,5
eng_Latn,413,9,16
eng_Latn,413,10,56
eng_Latn,413,11,1
spa_Latn,414,0,60
spa_Latn,414,1,47
spa_Latn,414,2,19
spa_Latn,414,3,37
spa_Latn,414,4,37
spa_Latn,414,5,22
spa_Latn,415,0,60
spa_Latn,415,1,47
spa_Latn,415,2,8
spa_Latn,415,3,35
spa_Latn,415,4,8
spa_Latn,415,5,8
spa_Latn,415,6,53
spa_Latn,415,7,8
spa_Latn,415,8,19
spa_Latn,415,9,8
spa_Latn,415,10,8
spa_Latn,415,11,19
spa_Latn,415,12,39
spa_Latn,415,13,51
spa_Latn,415,14,9
eng_Latn,416,0,60
eng_Latn,416,1,14
eng_Latn,416,2,19
eng_Latn,416,3,40
eng_Latn,416,4,18
spa_Latn,417,0,60
spa_Latn,417,1,19
spa_Latn,417,2,39
spa_Latn,417,3,8
spa_Latn,417,4,8
spa_Latn,417,5,17
spa_Latn,417,6,8
spa_Latn,417,7,17
spa_Latn,417,8,47
spa_Latn,417,9,8
spa_Latn,417,10,8
eng_Latn,418,0,60
eng_Latn,418,1,23
eng_Latn,418,2,56
eng_Latn,418,3,57
eng_Latn,418,4,54
eng_Latn,418,5,35
eng_Latn,418,6,38
eng_Latn,418,7,57
spa_Latn,419,0,60
spa_Latn,419,1,13
spa_Latn,419,2,13
spa_Latn,419,3,12
spa_Latn,419,4,19
spa_Latn,419,5,22
spa_Latn,419,6,22
spa_Latn,419,7,8
spa_Latn,419,8,19
spa_Latn,419,9,34
spa_Latn,419,10,8
spa_Latn,419,11,8
spa_Latn,419,12,19
spa_Latn,419,13,19
spa_Latn,419,14,39
spa_Latn,419,15,34
eng_Latn,420,0,60
eng_Latn,420,1,38
eng_Latn,420,2,3
eng_Latn,420,3,19
eng_Latn,420,4,48
eng_Latn,420,5,57
eng_Latn,420,6,16
eng_Latn,420,7,37
eng_Latn,420,8,37
eng_Latn,420,9,15
eng_Latn,421,0,60
eng_Latn,421,1,52
eng_Latn,421,2,57
eng_Latn,421,3,57
eng_Latn,421,4,12
eng_Latn,421,5,1
eng_Latn,421,6,19
eng_Latn,421,7,15
eng_Latn,421,8,56
eng_Latn,421,9,19
eng_Latn,421,10,52
eng_Latn,421,11,3
eng_Latn,421,12,3
eng_Latn,421,13,57
eng_Latn,421,14,46
spa_Latn,422,0,60
spa_Latn,422,1,19
spa_Latn,422,2,39
spa_Latn,422,3,7
spa_Latn,422,4,12
spa_Latn,422,5,47
spa_Latn,422,6,8
spa_Latn,422,7,8
spa_Latn,423,0,60
spa_Latn,423,1,19
spa_Latn,423,2,47
spa_Latn,423,3,19
spa_Latn,423,4,8
spa_Latn,423,5,47
spa_Latn,423,6,34
spa_Latn,424,0,60
spa_Latn,424,1,22
spa_Latn,424,2,8
spa_Latn,424,3,8
spa_Latn,424,4,12
spa_Latn,424,5,22
spa_Latn,425,0,60
spa_Latn,425,1,26
spa_Latn,425,2,8
spa_Latn,425,3,1
spa_Latn,425,4,8
spa_Latn,425,5,8
spa_Latn,425,6,8
spa_Latn,425,7,19
spa_Latn,425,8,8
spa_Latn,425,9,8
spa_Latn,425,10,19
spa_Latn,425,11,39
spa_Latn,425,12,8
spa_Latn,426,0,60
spa_Latn,426,1,7
spa_Latn,426,2,61
spa_Latn,426,3,13
spa_Latn,426,4,13
spa_Latn,426,5,13
spa_Latn,426,6,37
spa_Latn,426,7,19
spa_Latn,426,8,47
spa_Latn,426,9,39
spa_Latn,426,10,9
spa_Latn,426,11,13
spa_Latn,426,12,13
spa_Latn,426,13,5
spa_Latn,426,14,19
spa_Latn,426,15,27
spa_Latn,426,16,47
spa_Latn,426,17,13
spa_Latn,426,18,13
spa_Latn,426,19,13
spa_Latn,426,20,8
spa_Latn,426,21,19
spa_Latn,426,22,13
spa_Latn,426,23,13
spa_Latn,426,24,13
spa_Latn,426,25,39
spa_Latn,426,26,13
spa_Latn,427,0,60
spa_Latn,427,1,19
spa_Latn,427,2,61
spa_Latn,427,3,19
spa_Latn,427,4,8
spa_Latn,427,5,8
eng_Latn,428,0,60
eng_Latn,428,1,52
eng_Latn,428,2,18
eng_Latn,428,3,16
eng_Latn,428,4,18
eng_Latn,428,5,16
eng_Latn,428,6,34
eng_Latn,428,7,56
eng_Latn,428,8,33
eng_Latn,428,9,26
eng_Latn,428,10,40
eng_Latn,428,11,13
spa_Latn,429,0,60
spa_Latn,429,1,13
spa_Latn,429,2,61
spa_Latn,429,3,19
spa_Latn,429,4,19
spa_Latn,429,5,13
spa_Latn,429,6,13
spa_Latn,429,7,60
spa_Latn,429,8,58
spa_Latn,429,9,7
spa_Latn,429,10,22
spa_Latn,429,11,12
eng_Latn,430,0,60
eng_Latn,430,1,53
eng_Latn,430,2,49
eng_Latn,431,0,60
eng_Latn,431,1,37
eng_Latn,431,2,53
eng_Latn,431,3,34
spa_Latn,432,0,60
spa_Latn,432,1,19
spa_Latn,432,2,8
spa_Latn,432,3,8
spa_Latn,432,4,1
spa_Latn,432,5,39
spa_Latn,432,6,8
spa_Latn,432,7,8
spa_Latn,432,8,19
spa_Latn,432,9,39
spa_Latn,432,10,8
spa_Latn,433,0,60
spa_Latn,433,1,19
spa_Latn,433,2,13
spa_Latn,433,3,13
spa_Latn,433,4,13
spa_Latn,433,5,1
spa_Latn,433,6,19
spa_Latn,433,7,19
spa_Latn,433,8,19
spa_Latn,433,9,13
spa_Latn,433,10,13
spa_Latn,433,11,8
spa_Latn,433,12,61
spa_Latn,433,13,17
spa_Latn,433,14,47
spa_Latn,433,15,13
spa_Latn,433,16,8
spa_Latn,433,17,8
eng_Latn,434,0,60
eng_Latn,434,1,40
eng_Latn,434,2,40
eng_Latn,434,3,59
eng_Latn,434,4,19
eng_Latn,434,5,48
eng_Latn,434,6,62
eng_Latn,434,7,46
eng_Latn,434,8,57
eng_Latn,434,9,62
spa_Latn,435,0,60
spa_Latn,435,1,47
spa_Latn,435,2,39
spa_Latn,435,3,8
spa_Latn,435,4,8
spa_Latn,435,5,26
spa_Latn,435,6,26
spa_Latn,435,7,49
spa_Latn,436,0,60
spa_Latn,436,1,19
spa_Latn,436,2,8
spa_Latn,436,3,10
spa_Latn,436,4,39
spa_Latn,436,5,19
spa_Latn,436,6,8
spa_Latn,436,7,19
spa_Latn,436,8,39
spa_Latn,436,9,8
spa_Latn,436,10,8
spa_Latn,437,0,60
spa_Latn,437,1,47
spa_Latn,437,2,8
spa_Latn,437,3,19
spa_Latn,437,4,8
spa_Latn,437,5,8
spa_Latn,437,6,8
spa_Latn,437,7,19
spa_Latn,437,8,8
eng_Latn,438,0,60
eng_Latn,438,1,49
eng_Latn,438,2,45
eng_Latn,438,3,18
eng_Latn,438,4,9
eng_Latn,438,5,9
eng_Latn,438,6,18
eng_Latn,438,7,53
eng_Latn,438,8,8
eng_Latn,438,9,47
eng_Latn,438,10,21
eng_Latn,438,11,21
spa_Latn,439,0,60
spa_Latn,439,1,19
spa_Latn,439,2,39
spa_Latn,439,3,35
spa_Latn,439,4,8
spa_Latn,439,5,16
spa_Latn,439,6,19
spa_Latn,439,7,7
spa_Latn,439,8,8
spa_Latn,440,0,60
spa_Latn,440,1,19
spa_Latn,440,2,39
spa_Latn,440,3,8
spa_Latn,440,4,8
spa_Latn,440,5,47
spa_Latn,440,6,8
spa_Latn,440,7,8
spa_Latn,440,8,8
spa_Latn,440,9,19
spa_Latn,440,10,8
spa_Latn,441,0,60
spa_Latn,441,1,61
spa_Latn,441,2,16
spa_Latn,441,3,8
spa_Latn,441,4,8
spa_Latn,441,5,47
spa_Latn,441,6,19
spa_Latn,441,7,8
spa_Latn,441,8,46
spa_Latn,441,9,63
spa_Latn,441,10,8
spa_Latn,441,11,52
spa_Latn,442,0,60
spa_Latn,442,1,19
spa_Latn,442,2,7
spa_Latn,442,3,11
spa_Latn,442,4,9
spa_Latn,442,5,47
spa_Latn,442,6,13
spa_Latn,442,7,13
spa_Latn,442,8,13
spa_Latn,443,0,60
spa_Latn,443,1,8
spa_Latn,443,2,8
spa_Latn,443,3,19
spa_Latn,443,4,8
spa_Latn,443,5,47
spa_Latn,443,6,19
spa_Latn,443,7,8
spa_Latn,444,0,60
spa_Latn,444,1,40
spa_Latn,444,2,63
spa_Latn,444,3,8
spa_Latn,444,4,1
spa_Latn,444,5,8
spa_Latn,444,6,8
spa_Latn,444,7,61
spa_Latn,444,8,8
eng_Latn,445,0,60
eng_Latn,445,1,52
eng_Latn,445,2,57
eng_Latn,445,3,48
eng_Latn,445,4,2
eng_Latn,445,5,19
eng_Latn,445,6,31
eng_Latn,445,7,53
eng_Latn,445,8,3
eng_Latn,445,9,31
eng_Latn,446,0,60
eng_Latn,446,1,1
eng_Latn,446,2,9
eng_Latn,446,3,12
eng_Latn,446,4,63
eng_Latn,446,5,60
eng_Latn,446,6,49
spa_Latn,447,0,60
spa_Latn,447,1,19
spa_Latn,447,2,8
spa_Latn,447,3,8
spa_Latn,447,4,47
spa_Latn,447,5,19
spa_Latn,447,6,10
spa_Latn,447,7,8
spa_Latn,447,8,8
spa_Latn,447,9,8
spa_Latn,447,10,8
spa_Latn,447,11,8
spa_Latn,447,12,19
spa_Latn,447,13,39
spa_Latn,447,14,8
spa_Latn,447,15,8
eng_Latn,448,0,60
eng_Latn,448,1,4
eng_Latn,448,2,4
eng_Latn,448,3,20
eng_Latn,448,4,35
eng_Latn,448,5,57
eng_Latn,448,6,15
eng_Latn,448,7,1
eng_Latn,448,8,52
eng_Latn,449,0,60
eng_Latn,449,1,9
eng_Latn,449,2,56
eng_Latn,449,3,41
eng_Latn,449,4,17
eng_Latn,449,5,20
eng_Latn,449,6,57
eng_Latn,449,7,15
eng_Latn,449,8,16
eng_Latn,449,9,8
eng_Latn,449,10,8
eng_Latn,449,11,15
eng_Latn,450,0,60
eng_Latn,450,1,45
eng_Latn,450,2,18
eng_Latn,450,3,9
eng_Latn,450,4,56
eng_Latn,450,5,57
eng_Latn,450,6,24
eng_Latn,450,7,57
eng_Latn,451,0,60
eng_Latn,451,1,33
eng_Latn,451,2,1
eng_Latn,451,3,52
eng_Latn,451,4,37
eng_Latn,451,5,52
eng_Latn,451,6,1
eng_Latn,451,7,1
eng_Latn,451,8,13
eng_Latn,451,9,13
spa_Latn,452,0,60
spa_Latn,452,1,19
spa_Latn,452,2,8
spa_Latn,452,3,8
spa_Latn,452,4,19
spa_Latn,452,5,19
spa_Latn,452,6,8
spa_Latn,452,7,8
spa_Latn,452,8,8
spa_Latn,452,9,47
spa_Latn,452,10,8
spa_Latn,453,0,60
spa_Latn,453,1,40
spa_Latn,453,2,5
spa_Latn,453,3,7
spa_Latn,453,4,8
spa_Latn,453,5,61
spa_Latn,453,6,8
spa_Latn,453,7,8
spa_Latn,453,8,8
spa_Latn,453,9,8
spa_Latn,453,10,19
spa_Latn,453,11,8
spa_Latn,453,12,8
spa_Latn,453,13,8
spa_Latn,453,14,8
eng_Latn,454,0,60
eng_Latn,454,1,24
eng_Latn,454,2,22
eng_Latn,454,3,45
eng_Latn,454,4,37
eng_Latn,454,5,18
eng_Latn,454,6,16
eng_Latn,454,7,49
eng_Latn,454,8,53
eng_Latn,454,9,37
eng_Latn,454,10,46
spa_Latn,455,0,60
spa_Latn,455,1,19
spa_Latn,455,2,8
spa_Latn,455,3,8
spa_Latn,456,0,60
spa_Latn,456,1,8
spa_Latn,456,2,8
spa_Latn,456,3,8
spa_Latn,456,4,19
spa_Latn,456,5,8
spa_Latn,456,6,8
spa_Latn,456,7,47
spa_Latn,456,8,8
spa_Latn,456,9,8
spa_Latn,456,10,19
spa_Latn,456,11,8
spa_Latn,456,12,8
spa_Latn,456,13,19
spa_Latn,456,14,19
spa_Latn,456,15,8
spa_Latn,457,0,60
spa_Latn,457,1,19
spa_Latn,457,2,8
spa_Latn,457,3,8
spa_Latn,457,4,23
spa_Latn,457,5,8
spa_Latn,457,6,52
spa_Latn,458,0,60
spa_Latn,458,1,19
spa_Latn,458,2,8
spa_Latn,458,3,19
spa_Latn,458,4,15
spa_Latn,458,5,8
spa_Latn,458,6,19
spa_Latn,458,7,8
eng_Latn,459,0,60
eng_Latn,459,1,4
eng_Latn,459,2,9
eng_Latn,459,3,56
eng_Latn,459,4,54
eng_Latn,459,5,41
eng_Latn,459,6,19
eng_Latn,459,7,4
eng_Latn,459,8,53
eng_Latn,459,9,35
eng_Latn,459,10,8
eng_Latn,459,11,4
eng_Latn,460,0,60
eng_Latn,460,1,13
eng_Latn,460,2,13
eng_Latn,460,3,5
eng_Latn,460,4,7
spa_Latn,461,0,60
spa_Latn,461,1,19
spa_Latn,461,2,47
spa_Latn,461,3,47
spa_Latn,461,4,47
spa_Latn,461,5,8
spa_Latn,461,6,8
spa_Latn,461,7,8
spa_Latn,461,8,8
spa_Latn,461,9,52
eng_Latn,462,0,60
eng_Latn,462,1,13
eng_Latn,462,2,49
eng_Latn,462,3,18
eng_Latn,462,4,18
eng_Latn,462,5,3
eng_Latn,462,6,57
eng_Latn,462,7,24
eng_Latn,462,8,3
eng_Latn,462,9,3
eng_Latn,462,10,3
eng_Latn,463,0,60
eng_Latn,463,1,17
eng_Latn,463,2,17
eng_Latn,463,3,20
eng_Latn,463,4,15
eng_Latn,463,5,48
eng_Latn,464,0,60
eng_Latn,464,1,61
eng_Latn,464,2,1
eng_Latn,464,3,33
eng_Latn,464,4,24
eng_Latn,464,5,15
eng_Latn,464,6,16
spa_Latn,465,0,60
spa_Latn,465,1,8
spa_Latn,465,2,34
spa_Latn,465,3,8
spa_Latn,465,4,19
spa_Latn,465,5,8
spa_Latn,465,6,46
spa_Latn,465,7,34
spa_Latn,466,0,60
spa_Latn,466,1,8
spa_Latn,466,2,8
spa_Latn,466,3,8
spa_Latn,466,4,34
spa_Latn,467,0,60
spa_Latn,467,1,19
spa_Latn,467,2,8
spa_Latn,467,3,8
spa_Latn,467,4,8
spa_Latn,467,5,8
spa_Latn,467,6,8
spa_Latn,467,7,19
spa_Latn,467,8,47
spa_Latn,467,9,16
spa_Latn,467,10,20
spa_Latn,467,11,26
eng_Latn,468,0,60
eng_Latn,468,1,57
eng_Latn,468,2,56
eng_Latn,468,3,63
eng_Latn,468,4,19
spa_Latn,469,0,60
spa_Latn,469,1,22
spa_Latn,469,2,22
spa_Latn,469,3,22
spa_Latn,469,4,12
spa_Latn,469,5,22
spa_Latn,470,0,60
spa_Latn,470,1,8
spa_Latn,470,2,8
spa_Latn,470,3,8
spa_Latn,470,4,8
eng_Latn,471,0,60
eng_Latn,471,1,19
eng_Latn,471,2,13
eng_Latn,471,3,5
eng_Latn,471,4,47
eng_Latn,472,0,60
eng_Latn,472,1,57
eng_Latn,472,2,35
eng_Latn,472,3,48
eng_Latn,472,4,53
eng_Latn,472,5,43
eng_Latn,472,6,57
eng_Latn,472,7,59
eng_Latn,472,8,15
eng_Latn,472,9,59
eng_Latn,472,10,19
eng_Latn,472,11,48
spa_Latn,473,0,60
spa_Latn,473,1,19
spa_Latn,473,2,8
spa_Latn,473,3,19
spa_Latn,473,4,10
spa_Latn,473,5,8
spa_Latn,473,6,8
spa_Latn,473,7,39
spa_Latn,473,8,8
spa_Latn,473,9,20
spa_Latn,473,10,8
spa_Latn,473,11,47
spa_Latn,473,12,47
spa_Latn,473,13,8
spa_Latn,474,0,60
spa_Latn,474,1,6
eng_Latn,475,0,60
eng_Latn,475,1,38
eng_Latn,475,2,38
eng_Latn,475,3,56
eng_Latn,475,4,47
eng_Latn,475,5,14
eng_Latn,475,6,14
eng_Latn,475,7,21
eng_Latn,475,8,14
eng_Latn,475,9,49
eng_Latn,476,0,60
eng_Latn,476,1,46
eng_Latn,476,2,61
eng_Latn,476,3,15
eng_Latn,476,4,15
eng_Latn,476,5,56
eng_Latn,476,6,21
eng_Latn,476,7,39
eng_Latn,476,8,63
spa_Latn,477,0,60
spa_Latn,477,1,40
spa_Latn,477,2,26
spa_Latn,477,3,26
spa_Latn,477,4,49
spa_Latn,477,5,12
spa_Latn,477,6,7
spa_Latn,477,7,14
spa_Latn,477,8,8
spa_Latn,477,9,13
spa_Latn,477,10,49
eng_Latn,478,0,60
eng_Latn,478,1,12
eng_Latn,478,2,22
eng_Latn,478,3,24
eng_Latn,478,4,47
eng_Latn,478,5,52
eng_Latn,478,6,13
eng_Latn,478,7,13
eng_Latn,478,8,13
eng_Latn,478,9,1
eng_Latn,478,10,13
eng_Latn,478,11,52
eng_Latn,478,12,1
eng_Latn,478,13,58
spa_Latn,479,0,60
spa_Latn,479,1,61
spa_Latn,479,2,27
spa_Latn,479,3,49
spa_Latn,479,4,8
spa_Latn,479,5,8
spa_Latn,479,6,61
spa_Latn,479,7,19
spa_Latn,479,8,8
eng_Latn,480,0,60
eng_Latn,480,1,22
eng_Latn,480,2,51
eng_Latn,480,3,46
eng_Latn,480,4,45
eng_Latn,480,5,46
eng_Latn,480,6,45
eng_Latn,480,7,51
spa_Latn,481,0,60
spa_Latn,481,1,8
spa_Latn,481,2,31
spa_Latn,481,3,1
spa_Latn,481,4,8
spa_Latn,481,5,8
spa_Latn,481,6,39
spa_Latn,481,7,8
spa_Latn,481,8,35
spa_Latn,481,9,8
spa_Latn,481,10,8
spa_Latn,481,11,52
spa_Latn,482,0,60
spa_Latn,482,1,47
spa_Latn,482,2,40
spa_Latn,482,3,8
spa_Latn,482,4,47
spa_Latn,482,5,19
spa_Latn,482,6,14
spa_Latn,482,7,47
spa_Latn,482,8,8
spa_Latn,482,9,19
spa_Latn,482,10,14
spa_Latn,483,0,60
spa_Latn,483,1,47
spa_Latn,483,2,49
spa_Latn,483,3,26
spa_Latn,483,4,26
spa_Latn,483,5,49
spa_Latn,483,6,26
spa_Latn,484,0,60
spa_Latn,484,1,57
spa_Latn,484,2,52
spa_Latn,484,3,8
spa_Latn,484,4,8
eng_Latn,485,0,60
eng_Latn,485,1,57
eng_Latn,485,2,45
eng_Latn,485,3,15
eng_Latn,485,4,10
eng_Latn,485,5,18
eng_Latn,485,6,16
eng_Latn,485,7,56
eng_Latn,485,8,57
spa_Latn,486,0,60
spa_Latn,486,1,19
spa_Latn,486,2,34
spa_Latn,486,3,11
spa_Latn,486,4,8
spa_Latn,486,5,39
spa_Latn,486,6,8
spa_Latn,486,7,47
spa_Latn,486,8,8
spa_Latn,486,9,19
spa_Latn,486,10,8
spa_Latn,486,11,42
spa_Latn,487,0,60
spa_Latn,487,1,16
spa_Latn,487,2,17
spa_Latn,487,3,8
spa_Latn,488,0,60
spa_Latn,488,1,7
spa_Latn,488,2,19
spa_Latn,488,3,8
spa_Latn,488,4,47
spa_Latn,488,5,7
spa_Latn,488,6,8
spa_Latn,488,7,19
spa_Latn,488,8,19
spa_Latn,488,9,8
spa_Latn,488,10,8
spa_Latn,488,11,36
spa_Latn,488,12,28
spa_Latn,488,13,19
spa_Latn,488,14,8
spa_Latn,489,0,60
spa_Latn,489,1,8
spa_Latn,489,2,49
spa_Latn,489,3,5
spa_Latn,489,4,52
spa_Latn,489,5,39
spa_Latn,489,6,12
spa_Latn,489,7,27
spa_Latn,489,8,13
spa_Latn,489,9,9
eng_Latn,490,0,60
eng_Latn,490,1,52
eng_Latn,490,2,1
eng_Latn,490,3,22
eng_Latn,490,4,12
eng_Latn,490,5,54
eng_Latn,490,6,24
eng_Latn,490,7,46
eng_Latn,490,8,46
eng_Latn,490,9,7
eng_Latn,490,10,48
eng_Latn,490,11,16
eng_Latn,491,0,60
eng_Latn,491,1,40
eng_Latn,491,2,40
eng_Latn,491,3,10
eng_Latn,491,4,56
eng_Latn,491,5,35
eng_Latn,491,6,56
eng_Latn,491,7,54
eng_Latn,491,8,19
eng_Latn,491,9,44
spa_Latn,492,0,60
spa_Latn,492,1,19
spa_Latn,492,2,22
spa_Latn,492,3,52
spa_Latn,492,4,8
spa_Latn,492,5,52
spa_Latn,493,0,60
spa_Latn,493,1,1
spa_Latn,493,2,19
spa_Latn,493,3,8
spa_Latn,493,4,8
spa_Latn,493,5,8
spa_Latn,493,6,19
spa_Latn,493,7,8
spa_Latn,493,8,8
spa_Latn,493,9,8
spa_Latn,494,0,60
spa_Latn,494,1,19
spa_Latn,494,2,8
spa_Latn,494,3,8
spa_Latn,494,4,19
spa_Latn,494,5,19
spa_Latn,494,6,8
spa_Latn,494,7,8
spa_Latn,494,8,8
spa_Latn,494,9,1
spa_Latn,494,10,40
spa_Latn,494,11,10
spa_Latn,494,12,8
spa_Latn,494,13,8
spa_Latn,494,14,40
spa_Latn,495,0,60
spa_Latn,495,1,19
spa_Latn,495,2,8
spa_Latn,495,3,8
eng_Latn,496,0,60
eng_Latn,496,1,35
eng_Latn,496,2,17
eng_Latn,496,3,35
eng_Latn,496,4,52
eng_Latn,496,5,52
eng_Latn,496,6,57
eng_Latn,496,7,17
eng_Latn,496,8,51
eng_Latn,497,0,60
eng_Latn,497,1,56
eng_Latn,497,2,56
eng_Latn,497,3,52
eng_Latn,497,4,57
eng_Latn,497,5,52
eng_Latn,497,6,52
eng_Latn,497,7,57
eng_Latn,497,8,23
eng_Latn,497,9,4
spa_Latn,498,0,60
spa_Latn,498,1,12
spa_Latn,498,2,52
spa_Latn,498,3,60
spa_Latn,498,4,1
spa_Latn,498,5,52
spa_Latn,498,6,60
spa_Latn,498,7,12
spa_Latn,498,8,1
spa_Latn,498,9,13
eng_Latn,499,0,60
eng_Latn,499,1,9
eng_Latn,499,2,19
eng_Latn,499,3,22
eng_Latn,499,4,22
eng_Latn,500,0,60
eng_Latn,500,1,8
eng_Latn,500,2,8
eng_Latn,500,3,34
eng_Latn,500,4,42
eng_Latn,500,5,18
eng_Latn,500,6,16
spa_Latn,501,0,60
spa_Latn,501,1,19
spa_Latn,501,2,47
spa_Latn,501,3,47
spa_Latn,501,4,13
spa_Latn,501,5,13
spa_Latn,501,6,61
spa_Latn,501,7,19
spa_Latn,501,8,13
spa_Latn,501,9,13
eng_Latn,502,0,60
eng_Latn,502,1,22
eng_Latn,502,2,26
eng_Latn,502,3,26
spa_Latn,503,0,60
spa_Latn,503,1,26
spa_Latn,503,2,8
spa_Latn,503,3,8
spa_Latn,503,4,47
spa_Latn,503,5,34
spa_Latn,504,0,60
spa_Latn,504,1,8
spa_Latn,504,2,39
spa_Latn,504,3,8
spa_Latn,504,4,8
spa_Latn,505,0,60
spa_Latn,505,1,19
spa_Latn,505,2,40
spa_Latn,505,3,19
spa_Latn,505,4,19
spa_Latn,505,5,8
spa_Latn,505,6,19
spa_Latn,505,7,8
spa_Latn,505,8,8
spa_Latn,505,9,19
spa_Latn,505,10,8
eng_Latn,506,0,60
eng_Latn,506,1,54
eng_Latn,506,2,38
eng_Latn,506,3,19
eng_Latn,506,4,46
eng_Latn,506,5,21
eng_Latn,506,6,16
eng_Latn,506,7,57
spa_Latn,507,0,60
spa_Latn,507,1,49
spa_Latn,507,2,39
spa_Latn,507,3,13
spa_Latn,507,4,26
spa_Latn,508,0,60
spa_Latn,508,1,8
spa_Latn,508,2,19
spa_Latn,508,3,40
spa_Latn,508,4,8
spa_Latn,508,5,8
spa_Latn,508,6,8
spa_Latn,508,7,8
spa_Latn,508,8,26
spa_Latn,508,9,26
spa_Latn,508,10,26
spa_Latn,508,11,8
spa_Latn,508,12,19
spa_Latn,508,13,39
spa_Latn,508,14,8
spa_Latn,509,0,60
spa_Latn,509,1,19
spa_Latn,509,2,47
spa_Latn,509,3,8
spa_Latn,509,4,58
spa_Latn,509,5,47
spa_Latn,509,6,47
spa_Latn,509,7,8
spa_Latn,510,0,60
spa_Latn,510,1,47
spa_Latn,510,2,19
spa_Latn,510,3,22
spa_Latn,510,4,22
spa_Latn,510,5,26
spa_Latn,510,6,40
spa_Latn,510,7,26
spa_Latn,510,8,49
spa_Latn,510,9,8
spa_Latn,510,10,42
spa_Latn,510,11,58
spa_Latn,510,12,12
spa_Latn,510,13,61
eng_Latn,511,0,60
eng_Latn,511,1,16
eng_Latn,511,2,59
eng_Latn,511,3,19
eng_Latn,511,4,17
eng_Latn,511,5,53
eng_Latn,511,6,46
spa_Latn,512,0,60
spa_Latn,512,1,13
spa_Latn,512,2,13
spa_Latn,512,3,13
spa_Latn,512,4,19
spa_Latn,512,5,13
spa_Latn,512,6,1
spa_Latn,512,7,61
spa_Latn,512,8,47
spa_Latn,512,9,8
spa_Latn,512,10,61
spa_Latn,512,11,19
spa_Latn,512,12,13
spa_Latn,512,13,58
spa_Latn,512,14,12
spa_Latn,512,15,61
eng_Latn,513,0,60
eng_Latn,513,1,61
eng_Latn,513,2,9
eng_Latn,513,3,4
eng_Latn,513,4,51
eng_Latn,513,5,35
eng_Latn,513,6,9
eng_Latn,513,7,37
eng_Latn,513,8,46
spa_Latn,514,0,60
spa_Latn,514,1,26
spa_Latn,514,2,19
spa_Latn,514,3,8
spa_Latn,514,4,8
spa_Latn,514,5,8
spa_Latn,514,6,19
spa_Latn,514,7,8
spa_Latn,514,8,8
eng_Latn,515,0,60
eng_Latn,515,1,49
eng_Latn,515,2,18
eng_Latn,515,3,35
eng_Latn,515,4,57
eng_Latn,515,5,53
eng_Latn,515,6,38
eng_Latn,515,7,51
eng_Latn,515,8,57
eng_Latn,515,9,51
spa_Latn,516,0,60
spa_Latn,516,1,54
spa_Latn,516,2,8
spa_Latn,516,3,8
spa_Latn,516,4,8
spa_Latn,516,5,8
spa_Latn,516,6,8
spa_Latn,516,7,31
spa_Latn,516,8,19
spa_Latn,516,9,39
spa_Latn,516,10,8
spa_Latn,517,0,60
spa_Latn,517,1,19
spa_Latn,517,2,39
spa_Latn,517,3,39
spa_Latn,517,4,34
spa_Latn,517,5,42
spa_Latn,517,6,19
spa_Latn,517,7,39
spa_Latn,517,8,8
spa_Latn,517,9,19
spa_Latn,518,0,60
spa_Latn,518,1,47
spa_Latn,518,2,13
spa_Latn,518,3,54
spa_Latn,518,4,8
spa_Latn,518,5,8
eng_Latn,519,0,60
eng_Latn,519,1,29
eng_Latn,519,2,18
eng_Latn,519,3,5
eng_Latn,519,4,18
eng_Latn,519,5,18
eng_Latn,519,6,16
eng_Latn,519,7,18
eng_Latn,519,8,56
eng_Latn,519,9,57
spa_Latn,520,0,60
spa_Latn,520,1,52
spa_Latn,520,2,52
spa_Latn,520,3,52
spa_Latn,520,4,63
eng_Latn,521,0,60
eng_Latn,521,1,28
eng_Latn,521,2,28
eng_Latn,521,3,38
eng_Latn,521,4,19
eng_Latn,521,5,47
spa_Latn,522,0,60
spa_Latn,522,1,19
spa_Latn,522,2,8
spa_Latn,522,3,8
spa_Latn,522,4,8
spa_Latn,522,5,19
spa_Latn,522,6,47
spa_Latn,522,7,8
spa_Latn,523,0,60
spa_Latn,523,1,8
spa_Latn,523,2,8
spa_Latn,523,3,8
spa_Latn,523,4,47
spa_Latn,523,5,19
spa_Latn,523,6,8
spa_Latn,524,0,60
spa_Latn,524,1,12
spa_Latn,524,2,19
spa_Latn,524,3,47
spa_Latn,524,4,49
spa_Latn,524,5,5
spa_Latn,524,6,19
spa_Latn,524,7,49
spa_Latn,524,8,12
spa_Latn,524,9,13
spa_Latn,524,10,47
spa_Latn,524,11,13
spa_Latn,524,12,12
spa_Latn,524,13,19
spa_Latn,524,14,13
spa_Latn,524,15,13
spa_Latn,524,16,11
spa_Latn,524,17,13
spa_Latn,524,18,13
spa_Latn,525,0,60
spa_Latn,525,1,22
spa_Latn,525,2,8
spa_Latn,525,3,47
spa_Latn,525,4,8
spa_Latn,525,5,53
spa_Latn,525,6,19
spa_Latn,525,7,49
spa_Latn,525,8,5
spa_Latn,525,9,8
spa_Latn,526,0,60
spa_Latn,526,1,12
spa_Latn,526,2,13
spa_Latn,526,3,1
spa_Latn,526,4,19
spa_Latn,527,0,60
spa_Latn,527,1,61
spa_Latn,527,2,19
spa_Latn,527,3,8
spa_Latn,527,4,8
spa_Latn,527,5,52
spa_Latn,528,0,60
spa_Latn,528,1,27
spa_Latn,528,2,34
spa_Latn,528,3,22
spa_Latn,528,4,1
spa_Latn,528,5,19
spa_Latn,528,6,39
spa_Latn,528,7,22
spa_Latn,528,8,22
spa_Latn,528,9,19
spa_Latn,528,10,22
spa_Latn,528,11,19
spa_Latn,528,12,34
spa_Latn,528,13,8
spa_Latn,528,14,8
spa_Latn,528,15,34
eng_Latn,529,0,60
eng_Latn,529,1,47
eng_Latn,529,2,8
eng_Latn,529,3,33
eng_Latn,529,4,33
eng_Latn,529,5,63
eng_Latn,529,6,12
eng_Latn,529,7,61
eng_Latn,529,8,26
eng_Latn,529,9,26
eng_Latn,529,10,26
eng_Latn,529,11,60
eng_Latn,530,0,60
eng_Latn,530,1,57
eng_Latn,530,2,41
eng_Latn,530,3,17
eng_Latn,530,4,17
eng_Latn,530,5,16
eng_Latn,530,6,20
eng_Latn,530,7,54
eng_Latn,530,8,38
eng_Latn,530,9,15
spa_Latn,531,0,60
spa_Latn,531,1,47
spa_Latn,531,2,52
spa_Latn,531,3,52
spa_Latn,531,4,52
spa_Latn,531,5,52
spa_Latn,531,6,51
spa_Latn,531,7,37
spa_Latn,531,8,47
spa_Latn,531,9,52
spa_Latn,531,10,47
spa_Latn,531,11,8
spa_Latn,531,12,8
spa_Latn,531,13,61
spa_Latn,531,14,8
spa_Latn,532,0,60
spa_Latn,532,1,8
spa_Latn,532,2,61
spa_Latn,532,3,34
spa_Latn,532,4,8
spa_Latn,532,5,1
spa_Latn,532,6,7
spa_Latn,532,7,34
spa_Latn,532,8,51
spa_Latn,532,9,8
spa_Latn,532,10,4
spa_Latn,532,11,8
spa_Latn,533,0,60
spa_Latn,533,1,57
spa_Latn,533,2,22
spa_Latn,533,3,22
spa_Latn,533,4,47
spa_Latn,533,5,49
spa_Latn,533,6,47
spa_Latn,533,7,13
spa_Latn,533,8,19
spa_Latn,533,9,8
spa_Latn,533,10,8
spa_Latn,533,11,8
spa_Latn,533,12,40
spa_Latn,533,13,8
spa_Latn,533,14,19
spa_Latn,533,15,8
spa_Latn,533,16,8
spa_Latn,534,0,60
spa_Latn,534,1,39
spa_Latn,534,2,19
spa_Latn,534,3,47
spa_Latn,534,4,22
spa_Latn,534,5,61
spa_Latn,534,6,19
spa_Latn,534,7,60
spa_Latn,535,0,60
spa_Latn,535,1,12
spa_Latn,535,2,19
spa_Latn,535,3,7
spa_Latn,535,4,63
spa_Latn,535,5,53
spa_Latn,535,6,24
spa_Latn,535,7,19
spa_Latn,535,8,60
spa_Latn,535,9,19
spa_Latn,535,10,8
spa_Latn,535,11,19
spa_Latn,535,12,8
eng_Latn,536,0,60
eng_Latn,536,1,8
eng_Latn,536,2,8
eng_Latn,536,3,24
eng_Latn,536,4,47
eng_Latn,536,5,19
eng_Latn,536,6,37
eng_Latn,536,7,8
eng_Latn,536,8,19
eng_Latn,536,9,19
eng_Latn,536,10,8
eng_Latn,536,11,8
eng_Latn,536,12,54
eng_Latn,536,13,35
eng_Latn,536,14,46
spa_Latn,537,0,60
spa_Latn,537,1,22
spa_Latn,537,2,34
spa_Latn,537,3,12
spa_Latn,537,4,22
spa_Latn,537,5,40
spa_Latn,537,6,52
spa_Latn,537,7,24
spa_Latn,537,8,52
spa_Latn,537,9,37
spa_Latn,537,10,12
spa_Latn,537,11,12
spa_Latn,537,12,35
spa_Latn,537,13,47
spa_Latn,537,14,49
spa_Latn,537,15,26
spa_Latn,538,0,60
spa_Latn,538,1,19
spa_Latn,538,2,19
spa_Latn,538,3,10
spa_Latn,538,4,61
spa_Latn,538,5,19
spa_Latn,538,6,8
spa_Latn,538,7,52
spa_Latn,538,8,52
spa_Latn,538,9,19
spa_Latn,538,10,8
spa_Latn,538,11,19
spa_Latn,538,12,8
spa_Latn,538,13,8
spa_Latn,538,14,20
spa_Latn,538,15,8
spa_Latn,538,16,8
spa_Latn,538,17,24
spa_Latn,539,0,60
spa_Latn,539,1,8
spa_Latn,539,2,61
spa_Latn,539,3,7
spa_Latn,539,4,8
spa_Latn,539,5,19
spa_Latn,539,6,8
spa_Latn,539,7,8
spa_Latn,539,8,8
spa_Latn,539,9,8
spa_Latn,539,10,8
spa_Latn,539,11,19
spa_Latn,539,12,8
spa_Latn,539,13,8
spa_Latn,540,0,60
spa_Latn,540,1,19
spa_Latn,540,2,39
spa_Latn,540,3,39
spa_Latn,540,4,8
spa_Latn,540,5,19
spa_Latn,540,6,16
spa_Latn,540,7,8
spa_Latn,540,8,47
spa_Latn,540,9,19
spa_Latn,540,10,8
spa_Latn,540,11,8
spa_Latn,540,12,19
spa_Latn,540,13,52
spa_Latn,540,14,19
spa_Latn,540,15,8
spa_Latn,541,0,60
spa_Latn,541,1,8
spa_Latn,541,2,42
spa_Latn,541,3,49
spa_Latn,541,4,26
spa_Latn,541,5,49
spa_Latn,541,6,12
spa_Latn,541,7,61
spa_Latn,541,8,39
spa_Latn,541,9,39
spa_Latn,541,10,12
spa_Latn,541,11,47
spa_Latn,541,12,39
spa_Latn,541,13,39
spa_Latn,542,0,60
spa_Latn,542,1,47
spa_Latn,542,2,39
spa_Latn,542,3,7
spa_Latn,542,4,8
spa_Latn,542,5,19
spa_Latn,542,6,47
spa_Latn,542,7,8
eng_Latn,543,0,60
eng_Latn,543,1,19
eng_Latn,543,2,53
eng_Latn,543,3,38
eng_Latn,543,4,46
eng_Latn,543,5,23
spa_Latn,544,0,60
spa_Latn,544,1,19
spa_Latn,544,2,8
spa_Latn,544,3,19
spa_Latn,544,4,19
spa_Latn,544,5,8
spa_Latn,544,6,8
spa_Latn,544,7,52
spa_Latn,545,0,60
spa_Latn,545,1,6
spa_Latn,545,2,11
spa_Latn,545,3,47
spa_Latn,545,4,19
spa_Latn,545,5,8
spa_Latn,545,6,8
spa_Latn,545,7,39
spa_Latn,545,8,8
spa_Latn,545,9,8
spa_Latn,545,10,40
eng_Latn,546,0,60
eng_Latn,546,1,47
eng_Latn,546,2,22
eng_Latn,546,3,11
spa_Latn,547,0,60
spa_Latn,547,1,8
spa_Latn,547,2,8
spa_Latn,547,3,36
spa_Latn,547,4,39
spa_Latn,547,5,36
spa_Latn,547,6,36
spa_Latn,548,0,60
spa_Latn,548,1,39
spa_Latn,548,2,8
spa_Latn,548,3,8
spa_Latn,548,4,8
spa_Latn,548,5,47
spa_Latn,548,6,8
spa_Latn,548,7,8
spa_Latn,548,8,19
spa_Latn,548,9,19
spa_Latn,548,10,8
spa_Latn,549,0,60
spa_Latn,549,1,19
spa_Latn,549,2,8
spa_Latn,549,3,11
spa_Latn,549,4,22
spa_Latn,549,5,60
spa_Latn,549,6,9
spa_Latn,549,7,12
spa_Latn,549,8,26
spa_Latn,549,9,22
eng_Latn,550,0,60
eng_Latn,550,1,29
eng_Latn,550,2,34
spa_Latn,551,0,60
spa_Latn,551,1,19
spa_Latn,551,2,19
spa_Latn,551,3,8
spa_Latn,551,4,8
spa_Latn,551,5,47
spa_Latn,551,6,19
spa_Latn,551,7,39
spa_Latn,551,8,8
spa_Latn,552,0,60
spa_Latn,552,1,8
spa_Latn,552,2,12
spa_Latn,552,3,22
spa_Latn,553,0,60
spa_Latn,553,1,19
spa_Latn,553,2,26
spa_Latn,553,3,49
spa_Latn,553,4,8
spa_Latn,554,0,60
spa_Latn,554,1,9
spa_Latn,554,2,11
spa_Latn,554,3,27
spa_Latn,554,4,26
spa_Latn,554,5,26
spa_Latn,554,6,26
spa_Latn,554,7,61
spa_Latn,554,8,19
spa_Latn,555,0,60
spa_Latn,555,1,39
spa_Latn,555,2,28
spa_Latn,555,3,46
spa_Latn,555,4,52
spa_Latn,556,0,60
spa_Latn,556,1,8
spa_Latn,556,2,12
spa_Latn,556,3,19
spa_Latn,556,4,22
spa_Latn,556,5,12
spa_Latn,556,6,22
spa_Latn,556,7,22
spa_Latn,556,8,22
spa_Latn,556,9,61
spa_Latn,556,10,34
spa_Latn,556,11,12
spa_Latn,556,12,47
spa_Latn,556,13,39
spa_Latn,557,0,60
spa_Latn,557,1,8
spa_Latn,557,2,47
spa_Latn,557,3,8
spa_Latn,557,4,8
spa_Latn,557,5,8
spa_Latn,557,6,57
spa_Latn,557,7,10
spa_Latn,558,0,60
spa_Latn,558,1,19
spa_Latn,558,2,39
spa_Latn,558,3,39
spa_Latn,558,4,7
spa_Latn,558,5,34
spa_Latn,558,6,34
spa_Latn,558,7,8
spa_Latn,558,8,19
spa_Latn,558,9,19
spa_Latn,558,10,39
spa_Latn,558,11,16
spa_Latn,558,12,19
spa_Latn,558,13,8
spa_Latn,558,14,8
spa_Latn,558,15,9
spa_Latn,559,0,60
spa_Latn,559,1,19
spa_Latn,559,2,19
spa_Latn,559,3,40
spa_Latn,559,4,7
spa_Latn,560,0,60
spa_Latn,560,1,19
spa_Latn,560,2,39
spa_Latn,560,3,15
spa_Latn,560,4,8
spa_Latn,560,5,29
spa_Latn,560,6,40
spa_Latn,560,7,7
spa_Latn,560,8,14
spa_Latn,560,9,40
spa_Latn,560,10,40
spa_Latn,560,11,60
spa_Latn,561,0,60
spa_Latn,561,1,8
spa_Latn,561,2,8
spa_Latn,561,3,19
spa_Latn,561,4,34
spa_Latn,561,5,8
spa_Latn,561,6,16
spa_Latn,562,0,60
spa_Latn,562,1,26
spa_Latn,562,2,19
spa_Latn,562,3,8
spa_Latn,562,4,8
spa_Latn,562,5,17
spa_Latn,562,6,8
spa_Latn,562,7,19
spa_Latn,562,8,39
spa_Latn,562,9,34
spa_Latn,563,0,60
spa_Latn,563,1,19
spa_Latn,563,2,8
spa_Latn,563,3,8
spa_Latn,563,4,20
spa_Latn,563,5,52
spa_Latn,563,6,63
spa_Latn,563,7,52
spa_Latn,563,8,47
spa_Latn,563,9,8
spa_Latn,563,10,52
spa_Latn,563,11,28
spa_Latn,563,12,28
spa_Latn,563,13,28
spa_Latn,564,0,60
spa_Latn,564,1,19
spa_Latn,564,2,40
spa_Latn,564,3,42
spa_Latn,564,4,19
spa_Latn,564,5,35
spa_Latn,564,6,61
spa_Latn,564,7,19
spa_Latn,564,8,8
spa_Latn,564,9,24
spa_Latn,564,10,8
spa_Latn,564,11,8
spa_Latn,564,12,8
spa_Latn,564,13,8
spa_Latn,564,14,19
spa_Latn,564,15,8
spa_Latn,565,0,60
spa_Latn,565,1,47
spa_Latn,565,2,47
spa_Latn,565,3,8
spa_Latn,565,4,8
spa_Latn,565,5,1
spa_Latn,565,6,8
spa_Latn,565,7,1
spa_Latn,565,8,19
spa_Latn,565,9,8
spa_Latn,565,10,8
spa_Latn,566,0,60
spa_Latn,566,1,22
spa_Latn,566,2,47
spa_Latn,566,3,34
spa_Latn,566,4,22
spa_Latn,566,5,35
spa_Latn,566,6,47
spa_Latn,566,7,34
spa_Latn,566,8,8
spa_Latn,566,9,28
spa_Latn,566,10,19
spa_Latn,566,11,34
spa_Latn,566,12,8
spa_Latn,567,0,60
spa_Latn,567,1,19
spa_Latn,567,2,8
spa_Latn,567,3,8
spa_Latn,567,4,61
spa_Latn,567,5,16
spa_Latn,567,6,8
spa_Latn,567,7,8
spa_Latn,567,8,47
spa_Latn,567,9,8
spa_Latn,567,10,8
spa_Latn,567,11,8
spa_Latn,567,12,19
spa_Latn,567,13,14
spa_Latn,568,0,60
spa_Latn,568,1,27
spa_Latn,568,2,39
spa_Latn,568,3,8
spa_Latn,568,4,39
spa_Latn,568,5,8
spa_Latn,568,6,19
spa_Latn,568,7,8
spa_Latn,568,8,8
spa_Latn,568,9,29
spa_Latn,568,10,40
spa_Latn,568,11,52
spa_Latn,569,0,60
spa_Latn,569,1,8
spa_Latn,569,2,47
spa_Latn,569,3,47
spa_Latn,569,4,8
spa_Latn,569,5,8
spa_Latn,569,6,19
spa_Latn,569,7,8
spa_Latn,569,8,8
spa_Latn,569,9,8
spa_Latn,569,10,8
spa_Latn,569,11,19
spa_Latn,569,12,8
spa_Latn,570,0,60
spa_Latn,570,1,47
spa_Latn,570,2,42
spa_Latn,570,3,11
spa_Latn,570,4,52
spa_Latn,570,5,52
spa_Latn,570,6,58
spa_Latn,570,7,13
spa_Latn,570,8,13
spa_Latn,570,9,13
spa_Latn,570,10,13
spa_Latn,570,11,47
spa_Latn,570,12,27
eng_Latn,571,0,60
eng_Latn,571,1,19
eng_Latn,571,2,40
eng_Latn,571,3,17
eng_Latn,571,4,16
eng_Latn,571,5,31
eng_Latn,571,6,53
eng_Latn,571,7,34
spa_Latn,572,0,60
spa_Latn,572,1,46
spa_Latn,572,2,8
spa_Latn,572,3,8
spa_Latn,572,4,8
spa_Latn,572,5,19
spa_Latn,572,6,8
eng_Latn,573,0,60
eng_Latn,573,1,52
eng_Latn,573,2,13
eng_Latn,573,3,39
eng_Latn,573,4,19
eng_Latn,573,5,38
eng_Latn,573,6,34
eng_Latn,573,7,45
eng_Latn,573,8,16
eng_Latn,573,9,34
eng_Latn,574,0,60
eng_Latn,574,1,13
eng_Latn,574,2,6
eng_Latn,574,3,9
eng_Latn,574,4,39
eng_Latn,574,5,40
eng_Latn,574,6,43
eng_Latn,574,7,37
eng_Latn,574,8,57
eng_Latn,574,9,52
eng_Latn,574,10,37
eng_Latn,574,11,52
spa_Latn,575,0,60
spa_Latn,575,1,61
spa_Latn,575,2,8
spa_Latn,575,3,8
spa_Latn,575,4,19
spa_Latn,575,5,39
spa_Latn,575,6,34
spa_Latn,575,7,8
spa_Latn,575,8,1
spa_Latn,575,9,8
spa_Latn,575,10,34
spa_Latn,576,0,60
spa_Latn,576,1,9
spa_Latn,576,2,19
spa_Latn,576,3,52
spa_Latn,576,4,7
spa_Latn,576,5,8
spa_Latn,576,6,47
spa_Latn,576,7,13
spa_Latn,576,8,52
spa_Latn,576,9,52
spa_Latn,577,0,60
spa_Latn,577,1,8
spa_Latn,577,2,8
spa_Latn,577,3,8
spa_Latn,577,4,8
spa_Latn,577,5,8
spa_Latn,577,6,8
spa_Latn,577,7,8
spa_Latn,577,8,8
spa_Latn,578,0,60
spa_Latn,578,1,8
spa_Latn,578,2,54
spa_Latn,578,3,54
spa_Latn,578,4,8
spa_Latn,578,5,29
spa_Latn,578,6,8
spa_Latn,578,7,61
spa_Latn,578,8,47
spa_Latn,578,9,7
spa_Latn,578,10,8
spa_Latn,579,0,60
spa_Latn,579,1,46
spa_Latn,579,2,8
spa_Latn,579,3,10
spa_Latn,579,4,19
spa_Latn,579,5,19
spa_Latn,579,6,8
spa_Latn,579,7,8
spa_Latn,579,8,61
spa_Latn,579,9,28
spa_Latn,579,10,40
spa_Latn,579,11,28
spa_Latn,580,0,60
spa_Latn,580,1,39
spa_Latn,580,2,34
spa_Latn,580,3,8
spa_Latn,580,4,8
spa_Latn,580,5,34
spa_Latn,580,6,34
spa_Latn,580,7,8
spa_Latn,580,8,35
spa_Latn,580,9,52
spa_Latn,580,10,7
spa_Latn,580,11,39
spa_Latn,580,12,34
eng_Latn,581,0,60
eng_Latn,581,1,19
eng_Latn,581,2,40
eng_Latn,581,3,18
eng_Latn,581,4,2
eng_Latn,581,5,37
eng_Latn,581,6,38
eng_Latn,581,7,46
eng_Latn,581,8,12
eng_Latn,581,9,40
eng_Latn,581,10,7
spa_Latn,582,0,60
spa_Latn,582,1,61
spa_Latn,582,2,49
spa_Latn,582,3,5
spa_Latn,582,4,22
spa_Latn,583,0,60
spa_Latn,583,1,47
spa_Latn,583,2,34
spa_Latn,583,3,8
spa_Latn,583,4,8
spa_Latn,583,5,19
spa_Latn,583,6,19
spa_Latn,583,7,8
spa_Latn,583,8,19
spa_Latn,583,9,8
spa_Latn,583,10,8
spa_Latn,583,11,19
spa_Latn,583,12,19
spa_Latn,583,13,8
spa_Latn,584,0,60
spa_Latn,584,1,19
spa_Latn,584,2,47
spa_Latn,584,3,47
spa_Latn,584,4,8
spa_Latn,584,5,8
spa_Latn,584,6,39
spa_Latn,584,7,46
spa_Latn,584,8,39
spa_Latn,584,9,8
spa_Latn,584,10,8
spa_Latn,584,11,19
spa_Latn,584,12,8
eng_Latn,585,0,60
eng_Latn,585,1,34
eng_Latn,585,2,29
eng_Latn,585,3,34
eng_Latn,585,4,20
eng_Latn,585,5,49
eng_Latn,585,6,5
eng_Latn,585,7,49
eng_Latn,586,0,60
eng_Latn,586,1,48
eng_Latn,586,2,56
eng_Latn,586,3,63
eng_Latn,586,4,58
eng_Latn,586,5,58
eng_Latn,586,6,58
eng_Latn,586,7,6
spa_Latn,587,0,60
spa_Latn,587,1,19
spa_Latn,587,2,8
spa_Latn,587,3,8
spa_Latn,587,4,8
spa_Latn,587,5,47
spa_Latn,587,6,47
spa_Latn,587,7,10
spa_Latn,587,8,61
spa_Latn,587,9,39
spa_Latn,587,10,8
spa_Latn,587,11,8
spa_Latn,587,12,8
spa_Latn,587,13,8
spa_Latn,587,14,19
spa_Latn,587,15,8
spa_Latn,588,0,60
spa_Latn,588,1,57
spa_Latn,588,2,8
spa_Latn,588,3,8
spa_Latn,588,4,39
spa_Latn,588,5,16
spa_Latn,588,6,8
spa_Latn,588,7,19
spa_Latn,588,8,49
spa_Latn,589,0,60
spa_Latn,589,1,27
spa_Latn,589,2,49
spa_Latn,589,3,18
spa_Latn,589,4,43
spa_Latn,589,5,61
spa_Latn,589,6,52
spa_Latn,589,7,43
spa_Latn,589,8,27
spa_Latn,589,9,43
spa_Latn,589,10,19
spa_Latn,589,11,47
spa_Latn,589,12,7
spa_Latn,589,13,9
spa_Latn,590,0,60
spa_Latn,590,1,19
spa_Latn,590,2,52
spa_Latn,590,3,1
spa_Latn,590,4,52
spa_Latn,590,5,22
spa_Latn,590,6,24
spa_Latn,590,7,19
spa_Latn,590,8,1
spa_Latn,590,9,8
spa_Latn,590,10,56
spa_Latn,590,11,8
spa_Latn,590,12,8
spa_Latn,590,13,1
spa_Latn,590,14,19
spa_Latn,590,15,22
spa_Latn,590,16,52
eng_Latn,591,0,60
eng_Latn,591,1,37
eng_Latn,591,2,12
eng_Latn,591,3,2
eng_Latn,591,4,47
spa_Latn,592,0,60
spa_Latn,592,1,57
spa_Latn,592,2,8
spa_Latn,592,3,8
spa_Latn,592,4,39
spa_Latn,592,5,8
spa_Latn,592,6,1
spa_Latn,592,7,37
spa_Latn,592,8,52
spa_Latn,592,9,1
spa_Latn,592,10,52
spa_Latn,592,11,52
spa_Latn,593,0,60
spa_Latn,593,1,12
spa_Latn,593,2,13
spa_Latn,593,3,1
spa_Latn,593,4,52
spa_Latn,593,5,37
spa_Latn,593,6,60
spa_Latn,593,7,11
spa_Latn,593,8,39
spa_Latn,594,0,60
spa_Latn,594,1,26
spa_Latn,594,2,47
spa_Latn,594,3,27
spa_Latn,594,4,61
spa_Latn,594,5,8
spa_Latn,595,0,60
spa_Latn,595,1,19
spa_Latn,595,2,47
spa_Latn,595,3,8
spa_Latn,595,4,19
spa_Latn,595,5,39
spa_Latn,595,6,8
spa_Latn,595,7,19
spa_Latn,595,8,39
spa_Latn,596,0,60
spa_Latn,596,1,8
spa_Latn,596,2,19
spa_Latn,596,3,8
spa_Latn,596,4,8
spa_Latn,596,5,8
spa_Latn,596,6,34
spa_Latn,596,7,8
spa_Latn,596,8,8
spa_Latn,596,9,8
spa_Latn,596,10,8
spa_Latn,596,11,19
spa_Latn,596,12,8
spa_Latn,596,13,8
spa_Latn,597,0,60
spa_Latn,597,1,47
spa_Latn,597,2,13
spa_Latn,597,3,54
spa_Latn,597,4,19
spa_Latn,597,5,8
spa_Latn,597,6,19
spa_Latn,597,7,8
spa_Latn,597,8,8
spa_Latn,597,9,39
spa_Latn,597,10,8
spa_Latn,598,0,60
spa_Latn,598,1,22
spa_Latn,598,2,19
spa_Latn,598,3,8
spa_Latn,598,4,8
spa_Latn,598,5,8
spa_Latn,598,6,6
spa_Latn,598,7,39
spa_Latn,598,8,8
spa_Latn,599,0,60
spa_Latn,599,1,19
spa_Latn,599,2,8
spa_Latn,599,3,8
spa_Latn,599,4,52
spa_Latn,599,5,52
spa_Latn,599,6,8
spa_Latn,600,0,60
spa_Latn,600,1,19
spa_Latn,600,2,22
spa_Latn,600,3,8
spa_Latn,600,4,8
spa_Latn,600,5,39
spa_Latn,600,6,8
spa_Latn,600,7,8
spa_Latn,600,8,8
spa_Latn,600,9,37
eng_Latn,601,0,60
eng_Latn,601,1,20
eng_Latn,601,2,37
eng_Latn,601,3,40
eng_Latn,601,4,59
spa_Latn,602,0,60
spa_Latn,602,1,19
spa_Latn,602,2,57
spa_Latn,602,3,8
spa_Latn,602,4,47
spa_Latn,602,5,8
spa_Latn,603,0,60
spa_Latn,603,1,40
spa_Latn,603,2,19
spa_Latn,603,3,49
spa_Latn,603,4,12
spa_Latn,603,5,40
spa_Latn,603,6,40
spa_Latn,603,7,47
spa_Latn,603,8,19
spa_Latn,603,9,39
spa_Latn,603,10,16
spa_Latn,603,11,8
spa_Latn,603,12,61
spa_Latn,603,13,19
spa_Latn,603,14,8
spa_Latn,604,0,60
spa_Latn,604,1,19
spa_Latn,604,2,8
spa_Latn,604,3,50
spa_Latn,604,4,54
spa_Latn,604,5,8
spa_Latn,604,6,19
spa_Latn,604,7,8
spa_Latn,604,8,8
spa_Latn,604,9,39
spa_Latn,604,10,8
spa_Latn,604,11,8
spa_Latn,604,12,19
spa_Latn,604,13,8
spa_Latn,604,14,8
spa_Latn,605,0,60
spa_Latn,605,1,8
spa_Latn,605,2,8
spa_Latn,605,3,8
spa_Latn,605,4,8
spa_Latn,605,5,8
spa_Latn,605,6,8
spa_Latn,605,7,6
spa_Latn,605,8,6
spa_Latn,605,9,6
spa_Latn,606,0,60
spa_Latn,606,1,8
spa_Latn,606,2,8
spa_Latn,606,3,19
spa_Latn,606,4,8
spa_Latn,606,5,8
spa_Latn,606,6,1
spa_Latn,606,7,8
spa_Latn,607,0,60
spa_Latn,607,1,47
spa_Latn,607,2,34
spa_Latn,607,3,29
spa_Latn,607,4,19
spa_Latn,607,5,19
spa_Latn,607,6,34
spa_Latn,607,7,11
spa_Latn,607,8,47
spa_Latn,608,0,60
spa_Latn,608,1,47
spa_Latn,608,2,8
spa_Latn,608,3,8
spa_Latn,608,4,1
spa_Latn,608,5,39
spa_Latn,608,6,8
spa_Latn,608,7,8
spa_Latn,608,8,19
spa_Latn,608,9,8
spa_Latn,608,10,8
spa_Latn,609,0,60
spa_Latn,609,1,52
spa_Latn,609,2,47
spa_Latn,609,3,58
spa_Latn,609,4,47
spa_Latn,609,5,19
spa_Latn,609,6,6
spa_Latn,609,7,46
spa_Latn,609,8,39
spa_Latn,609,9,8
spa_Latn,609,10,8
spa_Latn,609,11,23
spa_Latn,610,0,60
spa_Latn,610,1,46
spa_Latn,610,2,15
spa_Latn,610,3,8
spa_Latn,610,4,61
spa_Latn,610,5,39
spa_Latn,610,6,8
spa_Latn,610,7,56
spa_Latn,610,8,8
spa_Latn,610,9,19
spa_Latn,610,10,8
spa_Latn,611,0,60
spa_Latn,611,1,47
spa_Latn,611,2,8
spa_Latn,611,3,8
spa_Latn,611,4,8
spa_Latn,611,5,9
spa_Latn,612,0,60
spa_Latn,612,1,61
spa_Latn,612,2,26
spa_Latn,612,3,26
spa_Latn,612,4,39
spa_Latn,613,0,60
spa_Latn,613,1,8
spa_Latn,613,2,29
spa_Latn,613,3,8
spa_Latn,613,4,8
spa_Latn,613,5,8
spa_Latn,613,6,61
spa_Latn,613,7,39
spa_Latn,613,8,34
spa_Latn,613,9,19
spa_Latn,613,10,39
spa_Latn,613,11,47
spa_Latn,613,12,1
spa_Latn,613,13,52
spa_Latn,613,14,52
spa_Latn,613,15,19
spa_Latn,613,16,63
eng_Latn,614,0,60
eng_Latn,614,1,40
eng_Latn,614,2,14
spa_Latn,615,0,60
spa_Latn,615,1,26
spa_Latn,615,2,61
spa_Latn,615,3,47
spa_Latn,615,4,8
spa_Latn,615,5,8
spa_Latn,615,6,19
spa_Latn,615,7,19
spa_Latn,615,8,8
spa_Latn,615,9,8
spa_Latn,615,10,39
spa_Latn,615,11,8
spa_Latn,616,0,60
spa_Latn,616,1,19
spa_Latn,616,2,49
spa_Latn,616,3,19
spa_Latn,616,4,26
spa_Latn,616,5,60
spa_Latn,616,6,12
spa_Latn,616,7,19
spa_Latn,616,8,19
spa_Latn,616,9,40
spa_Latn,616,10,8
spa_Latn,616,11,8
spa_Latn,616,12,27
spa_Latn,616,13,8
spa_Latn,617,0,60
spa_Latn,617,1,19
spa_Latn,617,2,19
spa_Latn,617,3,19
spa_Latn,617,4,8
eng_Latn,618,0,60
eng_Latn,618,1,56
eng_Latn,618,2,51
eng_Latn,618,3,46
eng_Latn,618,4,51
eng_Latn,618,5,54
eng_Latn,618,6,2
eng_Latn,618,7,49
eng_Latn,618,8,19
eng_Latn,618,9,47
eng_Latn,618,10,21
eng_Latn,619,0,60
eng_Latn,619,1,39
eng_Latn,619,2,24
eng_Latn,619,3,19
eng_Latn,619,4,19
eng_Latn,619,5,48
eng_Latn,619,6,56
eng_Latn,619,7,59
eng_Latn,619,8,40
eng_Latn,619,9,15
spa_Latn,620,0,60
spa_Latn,620,1,47
spa_Latn,620,2,47
spa_Latn,620,3,39
spa_Latn,620,4,58
spa_Latn,620,5,58
spa_Latn,620,6,60
spa_Latn,620,7,1
spa_Latn,620,8,47
spa_Latn,620,9,8
spa_Latn,620,10,7
spa_Latn,620,11,8
spa_Latn,621,0,60
spa_Latn,621,1,6
spa_Latn,621,2,19
spa_Latn,621,3,19
spa_Latn,621,4,6
spa_Latn,621,5,11
spa_Latn,621,6,19
spa_Latn,621,7,39
spa_Latn,621,8,8
spa_Latn,621,9,8
spa_Latn,621,10,46
spa_Latn,621,11,8
spa_Latn,622,0,60
spa_Latn,622,1,19
spa_Latn,622,2,39
spa_Latn,622,3,34
spa_Latn,622,4,8
spa_Latn,622,5,8
spa_Latn,622,6,8
spa_Latn,622,7,8
spa_Latn,622,8,8
spa_Latn,622,9,34
spa_Latn,623,0,60
spa_Latn,623,1,19
spa_Latn,623,2,47
spa_Latn,623,3,8
spa_Latn,623,4,61
spa_Latn,623,5,8
spa_Latn,623,6,34
spa_Latn,623,7,24
eng_Latn,624,0,60
eng_Latn,624,1,9
eng_Latn,624,2,38
eng_Latn,624,3,15
eng_Latn,624,4,56
eng_Latn,624,5,63
eng_Latn,624,6,60
eng_Latn,624,7,40
eng_Latn,624,8,63
eng_Latn,625,0,60
eng_Latn,625,1,63
eng_Latn,625,2,18
eng_Latn,625,3,5
eng_Latn,625,4,16
eng_Latn,625,5,5
eng_Latn,625,6,14
eng_Latn,625,7,26
spa_Latn,626,0,60
spa_Latn,626,1,19
spa_Latn,626,2,8
spa_Latn,626,3,8
spa_Latn,626,4,29
spa_Latn,626,5,8
spa_Latn,626,6,63
spa_Latn,626,7,34
spa_Latn,627,0,60
spa_Latn,627,1,22
spa_Latn,627,2,40
spa_Latn,627,3,28
spa_Latn,627,4,52
spa_Latn,627,5,47
spa_Latn,627,6,52
eng_Latn,628,0,60
eng_Latn,628,1,22
eng_Latn,628,2,56
eng_Latn,628,3,35
eng_Latn,628,4,35
eng_Latn,628,5,51
eng_Latn,629,0,60
eng_Latn,629,1,9
eng_Latn,629,2,56
eng_Latn,629,3,54
eng_Latn,629,4,50
eng_Latn,629,5,20
eng_Latn,629,6,57
eng_Latn,629,7,41
eng_Latn,630,0,60
eng_Latn,630,1,22
eng_Latn,630,2,52
eng_Latn,630,3,37
eng_Latn,630,4,22
eng_Latn,631,0,60
eng_Latn,631,1,22
eng_Latn,631,2,42
eng_Latn,631,3,26
eng_Latn,631,4,14
eng_Latn,631,5,40
eng_Latn,631,6,33
eng_Latn,631,7,40
eng_Latn,631,8,33
spa_Latn,632,0,60
spa_Latn,632,1,22
spa_Latn,632,2,60
eng_Latn,633,0,60
eng_Latn,633,1,22
eng_Latn,633,2,12
eng_Latn,633,3,22
eng_Latn,633,4,63
eng_Latn,634,0,60
eng_Latn,634,1,9
eng_Latn,634,2,11
eng_Latn,634,3,27
eng_Latn,634,4,27
eng_Latn,634,5,27
eng_Latn,634,6,39
eng_Latn,634,7,11
eng_Latn,634,8,19
eng_Latn,634,9,27
eng_Latn,634,10,26
eng_Latn,634,11,39
eng_Latn,634,12,1
eng_Latn,634,13,9
eng_Latn,634,14,60
eng_Latn,635,0,60
eng_Latn,635,1,31
eng_Latn,635,2,9
eng_Latn,635,3,18
eng_Latn,635,4,34
eng_Latn,635,5,18
eng_Latn,635,6,20
eng_Latn,635,7,41
eng_Latn,635,8,34
eng_Latn,635,9,18
eng_Latn,635,10,34
eng_Latn,636,0,60
eng_Latn,636,1,42
eng_Latn,636,2,38
eng_Latn,636,3,18
eng_Latn,636,4,16
eng_Latn,636,5,33
eng_Latn,636,6,33
eng_Latn,637,0,60
eng_Latn,637,1,46
eng_Latn,637,2,15
eng_Latn,637,3,14
eng_Latn,637,4,23
eng_Latn,637,5,13
eng_Latn,637,6,19
eng_Latn,637,7,63
eng_Latn,638,0,60
eng_Latn,638,1,45
eng_Latn,638,2,63
eng_Latn,639,0,60
eng_Latn,639,1,22
eng_Latn,639,2,9
eng_Latn,639,3,9
eng_Latn,639,4,40
eng_Latn,639,5,51
eng_Latn,639,6,9
eng_Latn,639,7,9
eng_Latn,639,8,22
eng_Latn,639,9,9
eng_Latn,639,10,61
eng_Latn,639,11,22
eng_Latn,639,12,41
eng_Latn,639,13,34
spa_Latn,640,0,60
spa_Latn,640,1,7
spa_Latn,640,2,8
spa_Latn,640,3,8
spa_Latn,640,4,24
spa_Latn,640,5,10
spa_Latn,640,6,10
spa_Latn,640,7,8
eng_Latn,641,0,60
eng_Latn,641,1,37
eng_Latn,641,2,14
eng_Latn,641,3,19
eng_Latn,642,0,60
eng_Latn,642,1,19
eng_Latn,642,2,40
eng_Latn,642,3,18
eng_Latn,642,4,14
eng_Latn,642,5,38
eng_Latn,642,6,40
eng_Latn,642,7,46
eng_Latn,642,8,47
eng_Latn,642,9,15
eng_Latn,642,10,12
eng_Latn,642,11,11
eng_Latn,642,12,19
eng_Latn,642,13,22
spa_Latn,643,0,60
spa_Latn,643,1,27
spa_Latn,643,2,19
spa_Latn,643,3,8
spa_Latn,643,4,8
spa_Latn,643,5,8
spa_Latn,643,6,8
spa_Latn,643,7,19
spa_Latn,643,8,19
spa_Latn,643,9,10
spa_Latn,643,10,47
spa_Latn,643,11,47
eng_Latn,644,0,60
eng_Latn,644,1,37
eng_Latn,644,2,34
eng_Latn,644,3,42
eng_Latn,644,4,22
eng_Latn,644,5,19
eng_Latn,644,6,63
eng_Latn,644,7,5
eng_Latn,644,8,47
eng_Latn,645,0,60
eng_Latn,645,1,15
eng_Latn,645,2,16
eng_Latn,646,0,60
eng_Latn,646,1,52
eng_Latn,646,2,31
eng_Latn,646,3,52
spa_Latn,647,0,60
spa_Latn,647,1,19
spa_Latn,647,2,8
spa_Latn,647,3,19
spa_Latn,647,4,8
spa_Latn,647,5,39
spa_Latn,647,6,16
spa_Latn,647,7,8
spa_Latn,647,8,8
spa_Latn,647,9,52
spa_Latn,648,0,60
spa_Latn,648,1,27
spa_Latn,648,2,8
spa_Latn,648,3,8
spa_Latn,648,4,7
spa_Latn,648,5,8
spa_Latn,648,6,3
spa_Latn,648,7,47
spa_Latn,649,0,60
spa_Latn,649,1,52
spa_Latn,649,2,52
spa_Latn,649,3,39
spa_Latn,649,4,8
spa_Latn,649,5,8
spa_Latn,649,6,8
spa_Latn,649,7,8
spa_Latn,649,8,20
spa_Latn,649,9,8
spa_Latn,649,10,19
spa_Latn,649,11,8
spa_Latn,650,0,60
spa_Latn,650,1,47
spa_Latn,650,2,8
spa_Latn,650,3,31
spa_Latn,650,4,8
spa_Latn,650,5,8
spa_Latn,650,6,39
spa_Latn,650,7,8
spa_Latn,650,8,19
spa_Latn,650,9,8
spa_Latn,650,10,23
spa_Latn,650,11,8
spa_Latn,650,12,8
spa_Latn,651,0,60
spa_Latn,651,1,12
spa_Latn,651,2,61
spa_Latn,651,3,13
spa_Latn,651,4,1
spa_Latn,651,5,1
spa_Latn,651,6,52
spa_Latn,651,7,13
spa_Latn,651,8,13
spa_Latn,651,9,13
eng_Latn,652,0,60
eng_Latn,652,1,35
eng_Latn,652,2,50
eng_Latn,652,3,4
eng_Latn,652,4,4
eng_Latn,652,5,51
eng_Latn,653,0,60
eng_Latn,653,1,9
eng_Latn,653,2,22
eng_Latn,653,3,12
eng_Latn,653,4,40
eng_Latn,653,5,47
eng_Latn,653,6,9
eng_Latn,653,7,60
eng_Latn,653,8,12
eng_Latn,653,9,9
eng_Latn,653,10,60
spa_Latn,654,0,60
spa_Latn,654,1,47
spa_Latn,654,2,39
spa_Latn,654,3,8
spa_Latn,655,0,60
spa_Latn,655,1,19
spa_Latn,655,2,8
spa_Latn,655,3,8
spa_Latn,655,4,8
spa_Latn,655,5,8
spa_Latn,655,6,15
spa_Latn,655,7,8
spa_Latn,655,8,19
spa_Latn,655,9,47
spa_Latn,655,10,8
spa_Latn,655,11,44
spa_Latn,655,12,24
spa_Latn,655,13,61
spa_Latn,655,14,23
spa_Latn,655,15,8
eng_Latn,656,0,60
eng_Latn,656,1,9
eng_Latn,656,2,9
eng_Latn,656,3,31
eng_Latn,656,4,51
eng_Latn,656,5,54
eng_Latn,656,6,18
eng_Latn,656,7,4
eng_Latn,656,8,61
eng_Latn,656,9,47
eng_Latn,656,10,34
eng_Latn,656,11,53
eng_Latn,656,12,34
eng_Latn,657,0,60
eng_Latn,657,1,38
eng_Latn,657,2,15
eng_Latn,657,3,29
eng_Latn,657,4,35
eng_Latn,657,5,57
eng_Latn,657,6,57
spa_Latn,658,0,60
spa_Latn,658,1,61
spa_Latn,658,2,8
spa_Latn,658,3,8
spa_Latn,659,0,60
spa_Latn,659,1,19
spa_Latn,659,2,19
spa_Latn,659,3,8
spa_Latn,659,4,47
spa_Latn,659,5,47
spa_Latn,659,6,61
spa_Latn,659,7,10
spa_Latn,659,8,56
spa_Latn,659,9,8
spa_Latn,659,10,8
spa_Latn,659,11,8
spa_Latn,659,12,47
spa_Latn,659,13,8
spa_Latn,660,0,60
spa_Latn,660,1,19
spa_Latn,660,2,51
spa_Latn,660,3,39
spa_Latn,660,4,16
spa_Latn,660,5,8
spa_Latn,660,6,8
spa_Latn,660,7,8
spa_Latn,660,8,61
spa_Latn,660,9,8
spa_Latn,660,10,8
spa_Latn,660,11,61
spa_Latn,660,12,8
spa_Latn,660,13,8
spa_Latn,660,14,8
spa_Latn,660,15,8
spa_Latn,660,16,8
eng_Latn,661,0,60
eng_Latn,661,1,12
eng_Latn,661,2,42
eng_Latn,661,3,22
eng_Latn,661,4,27
eng_Latn,661,5,49
eng_Latn,661,6,9
eng_Latn,661,7,40
spa_Latn,662,0,60
spa_Latn,662,1,16
spa_Latn,662,2,8
spa_Latn,662,3,8
spa_Latn,662,4,19
spa_Latn,662,5,8
spa_Latn,662,6,8
spa_Latn,662,7,19
spa_Latn,662,8,19
spa_Latn,662,9,8
spa_Latn,662,10,61
spa_Latn,662,11,8
spa_Latn,662,12,8
spa_Latn,662,13,1
spa_Latn,662,14,39
spa_Latn,662,15,8
eng_Latn,663,0,60
eng_Latn,663,1,35
eng_Latn,663,2,54
eng_Latn,663,3,0
eng_Latn,663,4,9
eng_Latn,663,5,56
eng_Latn,663,6,38
eng_Latn,663,7,57
spa_Latn,664,0,60
spa_Latn,664,1,47
spa_Latn,664,2,40
spa_Latn,664,3,39
spa_Latn,664,4,52
spa_Latn,664,5,57
spa_Latn,664,6,37
spa_Latn,664,7,61
spa_Latn,664,8,8
spa_Latn,664,9,51
spa_Latn,664,10,8
spa_Latn,664,11,8
spa_Latn,664,12,8
spa_Latn,664,13,47
spa_Latn,664,14,47
spa_Latn,664,15,8
spa_Latn,665,0,60
spa_Latn,665,1,8
spa_Latn,665,2,19
spa_Latn,665,3,8
spa_Latn,665,4,8
spa_Latn,665,5,8
spa_Latn,665,6,8
spa_Latn,665,7,8
spa_Latn,665,8,46
spa_Latn,665,9,8
spa_Latn,666,0,60
spa_Latn,666,1,58
spa_Latn,666,2,6
spa_Latn,666,3,61
spa_Latn,666,4,40
spa_Latn,666,5,36
spa_Latn,667,0,60
spa_Latn,667,1,47
spa_Latn,667,2,26
spa_Latn,667,3,49
spa_Latn,667,4,19
spa_Latn,667,5,37
spa_Latn,667,6,37
spa_Latn,667,7,52
spa_Latn,667,8,52
eng_Latn,668,0,60
eng_Latn,668,1,40
eng_Latn,668,2,18
eng_Latn,668,3,18
eng_Latn,668,4,56
eng_Latn,668,5,16
eng_Latn,668,6,59
eng_Latn,668,7,46
spa_Latn,669,0,60
spa_Latn,669,1,19
spa_Latn,669,2,8
spa_Latn,669,3,61
spa_Latn,669,4,19
spa_Latn,669,5,62
spa_Latn,669,6,47
spa_Latn,669,7,61
spa_Latn,669,8,62
spa_Latn,669,9,52
eng_Latn,670,0,60
eng_Latn,670,1,10
eng_Latn,670,2,56
eng_Latn,670,3,54
eng_Latn,670,4,41
eng_Latn,670,5,46
spa_Latn,671,0,60
spa_Latn,671,1,8
spa_Latn,671,2,8
spa_Latn,671,3,10
spa_Latn,671,4,10
spa_Latn,671,5,19
spa_Latn,671,6,47
spa_Latn,671,7,8
spa_Latn,671,8,8
spa_Latn,671,9,8
spa_Latn,671,10,52
spa_Latn,671,11,52
spa_Latn,671,12,52
spa_Latn,671,13,8
spa_Latn,672,0,60
spa_Latn,672,1,40
spa_Latn,672,2,52
spa_Latn,672,3,1
spa_Latn,672,4,52
spa_Latn,673,0,60
spa_Latn,673,1,8
spa_Latn,673,2,8
spa_Latn,673,3,10
spa_Latn,673,4,8
spa_Latn,673,5,8
spa_Latn,673,6,8
spa_Latn,673,7,24
spa_Latn,673,8,19
spa_Latn,673,9,51
spa_Latn,673,10,8
spa_Latn,673,11,8
spa_Latn,673,12,15
eng_Latn,674,0,60
eng_Latn,674,1,35
eng_Latn,674,2,61
eng_Latn,674,3,56
eng_Latn,674,4,52
eng_Latn,674,5,56
eng_Latn,674,6,35
eng_Latn,674,7,51
eng_Latn,674,8,1
eng_Latn,674,9,52
eng_Latn,674,10,52
eng_Latn,674,11,35
eng_Latn,674,12,47
spa_Latn,675,0,60
spa_Latn,675,1,8
spa_Latn,675,2,47
spa_Latn,675,3,8
spa_Latn,675,4,10
spa_Latn,675,5,8
spa_Latn,675,6,8
spa_Latn,675,7,39
spa_Latn,675,8,16
spa_Latn,675,9,8
spa_Latn,675,10,19
spa_Latn,675,11,39
spa_Latn,675,12,8
spa_Latn,675,13,20
eng_Latn,676,0,60
eng_Latn,676,1,56
eng_Latn,676,2,24
eng_Latn,676,3,19
eng_Latn,676,4,40
eng_Latn,676,5,49
eng_Latn,676,6,12
eng_Latn,676,7,22
eng_Latn,676,8,40
eng_Latn,676,9,15
eng_Latn,676,10,48
eng_Latn,676,11,59
eng_Latn,676,12,51
spa_Latn,677,0,60
spa_Latn,677,1,39
spa_Latn,677,2,39
spa_Latn,677,3,34
spa_Latn,677,4,19
spa_Latn,677,5,34
eng_Latn,678,0,60
eng_Latn,678,1,19
eng_Latn,678,2,22
eng_Latn,678,3,22
eng_Latn,678,4,34
eng_Latn,678,5,12
eng_Latn,678,6,22
eng_Latn,678,7,12
eng_Latn,678,8,22
eng_Latn,679,0,60
eng_Latn,679,1,15
eng_Latn,679,2,63
eng_Latn,679,3,30
eng_Latn,679,4,63
eng_Latn,679,5,63
eng_Latn,679,6,14
eng_Latn,679,7,14
eng_Latn,679,8,47
spa_Latn,680,0,60
spa_Latn,680,1,8
spa_Latn,680,2,42
spa_Latn,680,3,8
spa_Latn,680,4,47
spa_Latn,680,5,8
spa_Latn,680,6,8
spa_Latn,680,7,37
spa_Latn,680,8,47
spa_Latn,680,9,34
spa_Latn,681,0,60
spa_Latn,681,1,27
spa_Latn,681,2,19
spa_Latn,681,3,34
spa_Latn,681,4,39
spa_Latn,681,5,8
spa_Latn,681,6,8
spa_Latn,681,7,8
spa_Latn,681,8,19
spa_Latn,681,9,8
spa_Latn,681,10,8
spa_Latn,681,11,8
spa_Latn,681,12,19
spa_Latn,681,13,30
spa_Latn,682,0,60
spa_Latn,682,1,47
spa_Latn,682,2,8
spa_Latn,682,3,8
spa_Latn,683,0,60
spa_Latn,683,1,27
spa_Latn,683,2,47
spa_Latn,683,3,39
spa_Latn,683,4,8
spa_Latn,683,5,8
spa_Latn,683,6,8
spa_Latn,683,7,8
spa_Latn,683,8,29
spa_Latn,683,9,8
spa_Latn,684,0,60
spa_Latn,684,1,42
spa_Latn,684,2,22
spa_Latn,684,3,40
spa_Latn,684,4,40
spa_Latn,684,5,22
spa_Latn,684,6,22
spa_Latn,684,7,40
spa_Latn,684,8,34
spa_Latn,684,9,39
spa_Latn,685,0,60
spa_Latn,685,1,19
spa_Latn,685,2,8
spa_Latn,685,3,8
spa_Latn,685,4,7
eng_Latn,686,0,60
eng_Latn,686,1,22
eng_Latn,686,2,22
eng_Latn,686,3,12
eng_Latn,686,4,29
eng_Latn,686,5,22
spa_Latn,687,0,60
spa_Latn,687,1,47
spa_Latn,687,2,13
spa_Latn,687,3,54
spa_Latn,687,4,8
spa_Latn,687,5,8
spa_Latn,687,6,47
spa_Latn,687,7,8
eng_Latn,688,0,60
eng_Latn,688,1,47
eng_Latn,688,2,49
eng_Latn,688,3,5
eng_Latn,688,4,49
spa_Latn,689,0,60
spa_Latn,689,1,61
spa_Latn,689,2,17
spa_Latn,689,3,31
spa_Latn,689,4,47
spa_Latn,689,5,19
spa_Latn,689,6,16
spa_Latn,689,7,34
spa_Latn,690,0,60
spa_Latn,690,1,52
spa_Latn,690,2,52
spa_Latn,690,3,52
spa_Latn,690,4,63
eng_Latn,691,0,60
eng_Latn,691,1,39
eng_Latn,691,2,40
eng_Latn,691,3,18
eng_Latn,691,4,51
eng_Latn,691,5,18
eng_Latn,691,6,53
eng_Latn,691,7,16
eng_Latn,692,0,60
eng_Latn,692,1,18
eng_Latn,692,2,56
eng_Latn,692,3,21
eng_Latn,692,4,51
eng_Latn,692,5,20
eng_Latn,692,6,27
spa_Latn,693,0,60
spa_Latn,693,1,19
spa_Latn,693,2,19
spa_Latn,693,3,8
spa_Latn,694,0,60
spa_Latn,694,1,12
spa_Latn,694,2,52
spa_Latn,694,3,52
spa_Latn,694,4,52
spa_Latn,694,5,24
spa_Latn,694,6,22
spa_Latn,694,7,61
spa_Latn,694,8,22
spa_Latn,694,9,8
spa_Latn,694,10,1
spa_Latn,694,11,8
spa_Latn,694,12,22
spa_Latn,695,0,60
spa_Latn,695,1,8
spa_Latn,695,2,8
spa_Latn,695,3,19
spa_Latn,695,4,39
spa_Latn,695,5,8
eng_Latn,696,0,60
eng_Latn,696,1,19
eng_Latn,696,2,49
eng_Latn,696,3,53
eng_Latn,696,4,53
eng_Latn,696,5,1
eng_Latn,696,6,1
eng_Latn,696,7,52
spa_Latn,697,0,60
spa_Latn,697,1,19
spa_Latn,697,2,47
spa_Latn,697,3,47
spa_Latn,697,4,8
eng_Latn,698,0,60
eng_Latn,698,1,29
eng_Latn,698,2,38
eng_Latn,698,3,34
eng_Latn,698,4,18
eng_Latn,698,5,20
eng_Latn,698,6,16
eng_Latn,698,7,20
eng_Latn,698,8,34
spa_Latn,699,0,60
spa_Latn,699,1,10
spa_Latn,699,2,19
spa_Latn,699,3,10
spa_Latn,699,4,47
spa_Latn,699,5,56
spa_Latn,699,6,19
spa_Latn,699,7,8
spa_Latn,699,8,8
spa_Latn,699,9,19
spa_Latn,699,10,8
spa_Latn,699,11,8
spa_Latn,699,12,8
spa_Latn,699,13,61
spa_Latn,699,14,47
spa_Latn,699,15,8
spa_Latn,700,0,60
spa_Latn,700,1,19
spa_Latn,700,2,8
spa_Latn,700,3,16
spa_Latn,700,4,8
spa_Latn,700,5,8
eng_Latn,701,0,60
eng_Latn,701,1,19
eng_Latn,701,2,40
eng_Latn,701,3,49
spa_Latn,702,0,60
spa_Latn,702,1,58
spa_Latn,702,2,58
spa_Latn,702,3,58
spa_Latn,702,4,1
spa_Latn,702,5,58
spa_Latn,702,6,9
eng_Latn,703,0,60
eng_Latn,703,1,56
eng_Latn,703,2,56
eng_Latn,703,3,16
eng_Latn,703,4,53
eng_Latn,703,5,34
eng_Latn,703,6,57
eng_Latn,703,7,51
spa_Latn,704,0,60
spa_Latn,704,1,13
spa_Latn,704,2,1
spa_Latn,704,3,1
spa_Latn,704,4,52
spa_Latn,705,0,60
spa_Latn,705,1,19
spa_Latn,705,2,19
spa_Latn,705,3,8
spa_Latn,705,4,56
spa_Latn,705,5,8
spa_Latn,705,6,52
spa_Latn,705,7,19
spa_Latn,705,8,57
spa_Latn,705,9,1
spa_Latn,705,10,52
spa_Latn,706,0,60
spa_Latn,706,1,40
spa_Latn,706,2,11
spa_Latn,706,3,40
spa_Latn,706,4,61
spa_Latn,706,5,8
spa_Latn,707,0,60
spa_Latn,707,1,8
spa_Latn,707,2,19
spa_Latn,707,3,39
spa_Latn,707,4,34
spa_Latn,707,5,20
spa_Latn,707,6,47
spa_Latn,707,7,47
spa_Latn,707,8,52
spa_Latn,707,9,19
spa_Latn,707,10,8
spa_Latn,707,11,34
spa_Latn,708,0,60
spa_Latn,708,1,19
spa_Latn,708,2,8
spa_Latn,708,3,19
spa_Latn,708,4,16
spa_Latn,708,5,34
spa_Latn,708,6,34
spa_Latn,708,7,51
spa_Latn,708,8,56
spa_Latn,708,9,8
spa_Latn,708,10,19
spa_Latn,708,11,19
spa_Latn,708,12,34
eng_Latn,709,0,60
eng_Latn,709,1,22
eng_Latn,709,2,61
eng_Latn,709,3,19
eng_Latn,709,4,40
eng_Latn,709,5,53
eng_Latn,709,6,3
eng_Latn,709,7,63
spa_Latn,710,0,60
spa_Latn,710,1,19
spa_Latn,710,2,39
spa_Latn,710,3,8
spa_Latn,710,4,8
spa_Latn,710,5,10
spa_Latn,710,6,8
spa_Latn,710,7,8
spa_Latn,710,8,8
spa_Latn,710,9,8
spa_Latn,710,10,9
spa_Latn,710,11,8
spa_Latn,710,12,19
spa_Latn,710,13,34
spa_Latn,711,0,60
spa_Latn,711,1,8
spa_Latn,711,2,12
spa_Latn,711,3,58
spa_Latn,711,4,12
spa_Latn,711,5,61
spa_Latn,712,0,60
spa_Latn,712,1,39
spa_Latn,712,2,8
spa_Latn,712,3,8
spa_Latn,712,4,39
spa_Latn,712,5,19
spa_Latn,712,6,47
spa_Latn,712,7,33
spa_Latn,712,8,61
spa_Latn,712,9,47
spa_Latn,712,10,7
spa_Latn,712,11,7
spa_Latn,712,12,19
spa_Latn,712,13,19
spa_Latn,712,14,26
spa_Latn,712,15,52
spa_Latn,712,16,49
spa_Latn,712,17,12
spa_Latn,712,18,26
eng_Latn,713,0,60
eng_Latn,713,1,12
eng_Latn,713,2,26
eng_Latn,713,3,19
eng_Latn,713,4,49
eng_Latn,713,5,1
eng_Latn,713,6,52
eng_Latn,713,7,62
spa_Latn,714,0,60
spa_Latn,714,1,52
spa_Latn,714,2,52
spa_Latn,714,3,39
spa_Latn,714,4,22
spa_Latn,714,5,37
spa_Latn,714,6,22
spa_Latn,714,7,9
eng_Latn,715,0,60
eng_Latn,715,1,23
eng_Latn,715,2,8
eng_Latn,715,3,15
eng_Latn,716,0,60
eng_Latn,716,1,39
eng_Latn,716,2,47
eng_Latn,716,3,34
spa_Latn,717,0,60
spa_Latn,717,1,47
spa_Latn,717,2,8
spa_Latn,717,3,24
spa_Latn,717,4,1
spa_Latn,717,5,8
spa_Latn,717,6,8
spa_Latn,717,7,8
spa_Latn,717,8,8
spa_Latn,717,9,8
spa_Latn,717,10,8
spa_Latn,717,11,19
spa_Latn,717,12,8
spa_Latn,718,0,60
spa_Latn,718,1,52
spa_Latn,718,2,19
spa_Latn,718,3,19
spa_Latn,718,4,8
spa_Latn,718,5,8
spa_Latn,718,6,43
spa_Latn,718,7,52
spa_Latn,718,8,8
spa_Latn,718,9,8
spa_Latn,718,10,1
spa_Latn,718,11,52
spa_Latn,719,0,60
spa_Latn,719,1,8
spa_Latn,719,2,8
spa_Latn,719,3,8
spa_Latn,719,4,10
spa_Latn,719,5,8
spa_Latn,719,6,61
spa_Latn,719,7,8
spa_Latn,719,8,8
spa_Latn,719,9,19
spa_Latn,719,10,19
spa_Latn,719,11,8
spa_Latn,720,0,60
spa_Latn,720,1,19
spa_Latn,720,2,19
spa_Latn,720,3,52
spa_Latn,720,4,52
spa_Latn,720,5,8
spa_Latn,720,6,8
spa_Latn,720,7,8
spa_Latn,720,8,19
spa_Latn,720,9,19
spa_Latn,720,10,47
spa_Latn,720,11,8
spa_Latn,720,12,19
spa_Latn,720,13,49
spa_Latn,720,14,26
spa_Latn,720,15,19
spa_Latn,720,16,49
spa_Latn,720,17,61
spa_Latn,720,18,26
spa_Latn,720,19,18
spa_Latn,720,20,8
spa_Latn,721,0,60
spa_Latn,721,1,61
spa_Latn,721,2,8
spa_Latn,721,3,1
spa_Latn,721,4,39
spa_Latn,721,5,8
spa_Latn,721,6,8
spa_Latn,721,7,10
spa_Latn,721,8,19
spa_Latn,721,9,8
spa_Latn,721,10,19
spa_Latn,721,11,8
spa_Latn,721,12,8
spa_Latn,721,13,8
spa_Latn,722,0,60
spa_Latn,722,1,19
spa_Latn,722,2,19
spa_Latn,722,3,8
spa_Latn,722,4,19
spa_Latn,722,5,19
spa_Latn,722,6,15
spa_Latn,722,7,28
spa_Latn,722,8,19
spa_Latn,722,9,43
spa_Latn,722,10,19
spa_Latn,722,11,19
spa_Latn,722,12,19
spa_Latn,722,13,8
spa_Latn,722,14,20
spa_Latn,722,15,52
spa_Latn,723,0,60
spa_Latn,723,1,40
spa_Latn,723,2,8
spa_Latn,723,3,8
spa_Latn,723,4,19
spa_Latn,723,5,19
spa_Latn,723,6,8
spa_Latn,723,7,8
spa_Latn,723,8,8
spa_Latn,723,9,19
spa_Latn,723,10,19
spa_Latn,723,11,8
spa_Latn,724,0,60
spa_Latn,724,1,52
spa_Latn,724,2,19
spa_Latn,724,3,52
spa_Latn,725,0,60
spa_Latn,725,1,61
spa_Latn,725,2,17
spa_Latn,725,3,17
spa_Latn,725,4,39
spa_Latn,725,5,8
spa_Latn,725,6,8
spa_Latn,725,7,8
spa_Latn,725,8,8
spa_Latn,726,0,60
spa_Latn,726,1,40
spa_Latn,726,2,61
spa_Latn,726,3,26
spa_Latn,726,4,49
spa_Latn,727,0,60
spa_Latn,727,1,8
spa_Latn,727,2,8
spa_Latn,727,3,8
spa_Latn,727,4,8
spa_Latn,727,5,19
spa_Latn,727,6,8
spa_Latn,728,0,60
spa_Latn,728,1,19
spa_Latn,728,2,40
spa_Latn,728,3,8
spa_Latn,728,4,61
spa_Latn,728,5,8
spa_Latn,728,6,8
spa_Latn,728,7,40
spa_Latn,729,0,60
spa_Latn,729,1,8
spa_Latn,729,2,8
spa_Latn,729,3,8
eng_Latn,730,0,60
eng_Latn,730,1,18
eng_Latn,730,2,0
spa_Latn,731,0,60
spa_Latn,731,1,27
spa_Latn,731,2,39
spa_Latn,731,3,8
spa_Latn,731,4,7
eng_Latn,732,0,60
eng_Latn,732,1,19
eng_Latn,732,2,46
eng_Latn,732,3,15
eng_Latn,732,4,56
eng_Latn,732,5,48
eng_Latn,732,6,53
eng_Latn,732,7,53
eng_Latn,733,0,60
eng_Latn,733,1,54
eng_Latn,733,2,56
eng_Latn,733,3,56
eng_Latn,733,4,19
eng_Latn,733,5,19
eng_Latn,733,6,16
spa_Latn,734,0,60
spa_Latn,734,1,40
spa_Latn,734,2,11
spa_Latn,734,3,27
spa_Latn,734,4,47
spa_Latn,734,5,22
spa_Latn,735,0,60
spa_Latn,735,1,8
spa_Latn,735,2,1
spa_Latn,735,3,52
spa_Latn,736,0,60
spa_Latn,736,1,19
spa_Latn,736,2,8
spa_Latn,736,3,8
spa_Latn,736,4,7
spa_Latn,736,5,8
spa_Latn,736,6,8
spa_Latn,736,7,61
spa_Latn,736,8,8
spa_Latn,736,9,8
spa_Latn,736,10,8
spa_Latn,737,0,60
spa_Latn,737,1,19
spa_Latn,737,2,8
spa_Latn,737,3,16
spa_Latn,737,4,51
spa_Latn,737,5,19
spa_Latn,737,6,8
spa_Latn,737,7,54
spa_Latn,737,8,8
eng_Latn,738,0,60
eng_Latn,738,1,22
eng_Latn,738,2,16
eng_Latn,738,3,20
eng_Latn,738,4,41
eng_Latn,738,5,34
eng_Latn,738,6,34
spa_Latn,739,0,60
spa_Latn,739,1,49
spa_Latn,739,2,8
spa_Latn,739,3,19
spa_Latn,739,4,7
spa_Latn,739,5,8
spa_Latn,739,6,3
spa_Latn,739,7,3
spa_Latn,739,8,19
spa_Latn,739,9,8
spa_Latn,739,10,24
spa_Latn,739,11,52
spa_Latn,739,12,52
spa_Latn,739,13,7
spa_Latn,739,14,44
spa_Latn,740,0,60
spa_Latn,740,1,39
spa_Latn,740,2,47
spa_Latn,740,3,8
spa_Latn,741,0,60
spa_Latn,741,1,6
spa_Latn,741,2,34
spa_Latn,741,3,8
spa_Latn,741,4,19
spa_Latn,741,5,8
spa_Latn,741,6,16
spa_Latn,742,0,60
spa_Latn,742,1,35
spa_Latn,742,2,19
spa_Latn,742,3,8
spa_Latn,742,4,8
spa_Latn,742,5,28
spa_Latn,742,6,28
spa_Latn,742,7,8
spa_Latn,742,8,8
eng_Latn,743,0,60
eng_Latn,743,1,35
eng_Latn,743,2,56
eng_Latn,743,3,16
eng_Latn,743,4,16
eng_Latn,743,5,54
eng_Latn,743,6,38
eng_Latn,743,7,50
eng_Latn,743,8,63
spa_Latn,744,0,60
spa_Latn,744,1,9
spa_Latn,744,2,22
spa_Latn,744,3,34
spa_Latn,745,0,60
spa_Latn,745,1,8
spa_Latn,745,2,16
spa_Latn,745,3,8
spa_Latn,745,4,39
spa_Latn,745,5,8
spa_Latn,745,6,19
spa_Latn,745,7,8
eng_Latn,746,0,60
eng_Latn,746,1,49
eng_Latn,746,2,61
eng_Latn,746,3,49
eng_Latn,746,4,9
eng_Latn,746,5,14
eng_Latn,746,6,18
spa_Latn,747,0,60
spa_Latn,747,1,13
spa_Latn,747,2,19
spa_Latn,747,3,26
spa_Latn,747,4,26
spa_Latn,747,5,47
spa_Latn,747,6,19
spa_Latn,747,7,8
spa_Latn,747,8,47
spa_Latn,747,9,19
spa_Latn,747,10,8
spa_Latn,747,11,13
spa_Latn,747,12,8
spa_Latn,747,13,61
spa_Latn,747,14,19
spa_Latn,747,15,13
spa_Latn,747,16,8
spa_Latn,747,17,61
spa_Latn,747,18,19
spa_Latn,747,19,47
spa_Latn,747,20,19
spa_Latn,747,21,8
spa_Latn,748,0,60
spa_Latn,748,1,19
spa_Latn,748,2,19
spa_Latn,748,3,16
spa_Latn,749,0,60
spa_Latn,749,1,8
spa_Latn,749,2,39
spa_Latn,749,3,39
spa_Latn,749,4,8
eng_Latn,750,0,60
eng_Latn,750,1,57
eng_Latn,750,2,56
eng_Latn,750,3,53
eng_Latn,750,4,4
eng_Latn,750,5,34
spa_Latn,751,0,60
spa_Latn,751,1,19
spa_Latn,751,2,47
spa_Latn,751,3,40
spa_Latn,751,4,8
spa_Latn,751,5,19
spa_Latn,751,6,39
eng_Latn,752,0,60
eng_Latn,752,1,18
eng_Latn,752,2,16
eng_Latn,752,3,38
eng_Latn,752,4,46
eng_Latn,752,5,20
eng_Latn,752,6,38
eng_Latn,752,7,15
spa_Latn,753,0,60
spa_Latn,753,1,47
spa_Latn,753,2,47
spa_Latn,753,3,8
spa_Latn,753,4,8
spa_Latn,753,5,19
spa_Latn,753,6,39
spa_Latn,753,7,39
spa_Latn,753,8,30
spa_Latn,753,9,10
spa_Latn,753,10,1
spa_Latn,753,11,8
spa_Latn,753,12,8
spa_Latn,753,13,8
spa_Latn,753,14,52
spa_Latn,754,0,60
spa_Latn,754,1,8
spa_Latn,754,2,12
spa_Latn,754,3,47
spa_Latn,754,4,22
spa_Latn,755,0,60
spa_Latn,755,1,17
spa_Latn,755,2,10
spa_Latn,755,3,39
spa_Latn,755,4,34
eng_Latn,756,0,60
eng_Latn,756,1,12
eng_Latn,756,2,42
eng_Latn,756,3,22
eng_Latn,756,4,27
eng_Latn,756,5,49
eng_Latn,756,6,12
eng_Latn,756,7,22
eng_Latn,756,8,22
spa_Latn,757,0,60
spa_Latn,757,1,27
spa_Latn,757,2,8
spa_Latn,757,3,8
spa_Latn,757,4,57
spa_Latn,757,5,8
spa_Latn,758,0,60
spa_Latn,758,1,8
spa_Latn,758,2,12
spa_Latn,758,3,22
spa_Latn,758,4,40
spa_Latn,758,5,47
spa_Latn,758,6,49
spa_Latn,758,7,19
spa_Latn,758,8,39
spa_Latn,758,9,49
spa_Latn,758,10,42
spa_Latn,758,11,9
spa_Latn,758,12,58
spa_Latn,758,13,39
spa_Latn,758,14,61
spa_Latn,759,0,60
spa_Latn,759,1,15
spa_Latn,759,2,56
spa_Latn,759,3,8
spa_Latn,759,4,19
spa_Latn,759,5,8
spa_Latn,760,0,60
spa_Latn,760,1,16
spa_Latn,760,2,10
spa_Latn,760,3,8
spa_Latn,760,4,39
spa_Latn,760,5,34
eng_Latn,761,0,60
eng_Latn,761,1,33
eng_Latn,761,2,29
eng_Latn,761,3,33
eng_Latn,761,4,33
eng_Latn,761,5,33
eng_Latn,761,6,33
eng_Latn,761,7,57
eng_Latn,761,8,33
eng_Latn,761,9,46
eng_Latn,762,0,60
eng_Latn,762,1,52
eng_Latn,762,2,48
eng_Latn,762,3,56
eng_Latn,762,4,14
eng_Latn,762,5,55
eng_Latn,762,6,19
eng_Latn,762,7,19
eng_Latn,762,8,63
spa_Latn,763,0,60
spa_Latn,763,1,8
spa_Latn,763,2,8
spa_Latn,763,3,19
spa_Latn,763,4,47
spa_Latn,763,5,8
spa_Latn,763,6,8
spa_Latn,763,7,8
spa_Latn,763,8,47
spa_Latn,763,9,8
eng_Latn,764,0,60
eng_Latn,764,1,18
eng_Latn,764,2,3
eng_Latn,764,3,47
eng_Latn,765,0,60
eng_Latn,765,1,41
spa_Latn,766,0,60
spa_Latn,766,1,19
spa_Latn,766,2,13
spa_Latn,766,3,30
spa_Latn,766,4,30
spa_Latn,766,5,8
spa_Latn,766,6,8
spa_Latn,767,0,60
spa_Latn,767,1,19
spa_Latn,767,2,8
spa_Latn,767,3,8
spa_Latn,767,4,47
spa_Latn,767,5,8
spa_Latn,768,0,60
spa_Latn,768,1,19
spa_Latn,768,2,8
spa_Latn,768,3,19
spa_Latn,768,4,8
spa_Latn,768,5,5
spa_Latn,768,6,27
spa_Latn,768,7,47
spa_Latn,768,8,8
spa_Latn,768,9,5
spa_Latn,768,10,3
spa_Latn,768,11,19
spa_Latn,769,0,60
spa_Latn,769,1,19
spa_Latn,769,2,8
spa_Latn,769,3,47
spa_Latn,770,0,60
spa_Latn,770,1,22
spa_Latn,770,2,22
spa_Latn,770,3,22
spa_Latn,770,4,22
spa_Latn,770,5,19
spa_Latn,770,6,40
spa_Latn,770,7,5
spa_Latn,770,8,49
spa_Latn,770,9,34
eng_Latn,771,0,60
eng_Latn,771,1,45
eng_Latn,771,2,20
eng_Latn,771,3,0
eng_Latn,771,4,53
eng_Latn,771,5,41
eng_Latn,771,6,21
eng_Latn,771,7,51
spa_Latn,772,0,60
spa_Latn,772,1,1
spa_Latn,772,2,22
spa_Latn,772,3,22
spa_Latn,772,4,12
spa_Latn,772,5,47
spa_Latn,772,6,22
spa_Latn,772,7,22
spa_Latn,772,8,19
spa_Latn,772,9,34
spa_Latn,772,10,22
spa_Latn,772,11,1
spa_Latn,772,12,22
spa_Latn,772,13,34
spa_Latn,772,14,8
spa_Latn,772,15,29
spa_Latn,772,16,34
spa_Latn,773,0,60
spa_Latn,773,1,61
spa_Latn,773,2,19
spa_Latn,773,3,7
spa_Latn,773,4,7
spa_Latn,773,5,27
spa_Latn,773,6,47
spa_Latn,773,7,7
spa_Latn,773,8,8
spa_Latn,773,9,12
spa_Latn,773,10,27
spa_Latn,773,11,47
spa_Latn,773,12,49
spa_Latn,773,13,5
spa_Latn,773,14,26
spa_Latn,773,15,27
spa_Latn,773,16,49
spa_Latn,773,17,12
spa_Latn,774,0,60
spa_Latn,774,1,8
spa_Latn,774,2,34
spa_Latn,774,3,8
spa_Latn,774,4,19
spa_Latn,774,5,34
spa_Latn,775,0,60
spa_Latn,775,1,61
spa_Latn,775,2,19
spa_Latn,775,3,49
spa_Latn,775,4,47
spa_Latn,775,5,4
spa_Latn,775,6,51
spa_Latn,775,7,47
spa_Latn,775,8,4
spa_Latn,775,9,51
spa_Latn,775,10,8
spa_Latn,775,11,61
spa_Latn,775,12,19
spa_Latn,775,13,8
spa_Latn,775,14,45
spa_Latn,775,15,8
spa_Latn,775,16,27
spa_Latn,775,17,4
spa_Latn,775,18,19
spa_Latn,775,19,8
spa_Latn,775,20,8
spa_Latn,776,0,60
spa_Latn,776,1,49
spa_Latn,776,2,26
spa_Latn,776,3,49
spa_Latn,776,4,12
spa_Latn,776,5,26
spa_Latn,776,6,19
spa_Latn,776,7,40
spa_Latn,776,8,26
spa_Latn,776,9,49
spa_Latn,776,10,5
eng_Latn,777,0,60
eng_Latn,777,1,35
eng_Latn,777,2,17
spa_Latn,778,0,60
spa_Latn,778,1,1
spa_Latn,778,2,39
spa_Latn,778,3,19
spa_Latn,778,4,47
spa_Latn,778,5,8
spa_Latn,778,6,19
spa_Latn,778,7,8
spa_Latn,778,8,19
spa_Latn,778,9,8
spa_Latn,778,10,23
spa_Latn,778,11,8
spa_Latn,778,12,10
spa_Latn,778,13,8
spa_Latn,778,14,8
spa_Latn,779,0,60
spa_Latn,779,1,9
spa_Latn,779,2,17
spa_Latn,779,3,39
spa_Latn,779,4,34
eng_Latn,780,0,60
eng_Latn,780,1,54
eng_Latn,780,2,46
eng_Latn,780,3,34
spa_Latn,781,0,60
spa_Latn,781,1,61
spa_Latn,781,2,17
spa_Latn,781,3,17
spa_Latn,781,4,39
spa_Latn,781,5,39
spa_Latn,781,6,8
spa_Latn,782,0,60
spa_Latn,782,1,19
spa_Latn,782,2,16
spa_Latn,782,3,8
spa_Latn,782,4,10
spa_Latn,782,5,10
spa_Latn,782,6,39
spa_Latn,782,7,8
spa_Latn,782,8,19
spa_Latn,782,9,8
spa_Latn,782,10,53
spa_Latn,782,11,8
spa_Latn,782,12,61
spa_Latn,782,13,34
spa_Latn,783,0,60
spa_Latn,783,1,49
spa_Latn,783,2,19
spa_Latn,783,3,19
spa_Latn,783,4,8
spa_Latn,783,5,8
spa_Latn,783,6,8
spa_Latn,783,7,63
spa_Latn,783,8,63
spa_Latn,783,9,8
spa_Latn,783,10,37
spa_Latn,783,11,39
spa_Latn,783,12,8
eng_Latn,784,0,60
eng_Latn,784,1,56
eng_Latn,784,2,35
eng_Latn,784,3,57
eng_Latn,784,4,20
eng_Latn,784,5,59
eng_Latn,784,6,57
eng_Latn,784,7,57
eng_Latn,784,8,59
eng_Latn,784,9,47
eng_Latn,784,10,15
eng_Latn,785,0,60
eng_Latn,785,1,17
eng_Latn,785,2,17
eng_Latn,785,3,5
eng_Latn,785,4,5
eng_Latn,785,5,49
eng_Latn,786,0,60
eng_Latn,786,1,18
eng_Latn,786,2,18
eng_Latn,786,3,20
eng_Latn,786,4,28
eng_Latn,786,5,34
eng_Latn,786,6,34
spa_Latn,787,0,60
spa_Latn,787,1,8
eng_Latn,788,0,60
eng_Latn,788,1,56
eng_Latn,788,2,48
eng_Latn,788,3,56
eng_Latn,788,4,46
spa_Latn,789,0,60
spa_Latn,789,1,37
spa_Latn,789,2,52
spa_Latn,789,3,19
spa_Latn,789,4,37
spa_Latn,789,5,22
spa_Latn,789,6,22
spa_Latn,789,7,52
spa_Latn,789,8,13
spa_Latn,789,9,52
spa_Latn,789,10,8
spa_Latn,789,11,42
spa_Latn,789,12,22
eng_Latn,790,0,60
eng_Latn,790,1,9
eng_Latn,790,2,29
eng_Latn,790,3,54
eng_Latn,790,4,18
eng_Latn,790,5,48
eng_Latn,790,6,18
eng_Latn,790,7,34
spa_Latn,791,0,60
spa_Latn,791,1,19
spa_Latn,791,2,8
spa_Latn,791,3,47
spa_Latn,791,4,39
spa_Latn,791,5,63
spa_Latn,791,6,1
spa_Latn,791,7,8
spa_Latn,791,8,8
spa_Latn,791,9,47
spa_Latn,791,10,47
spa_Latn,791,11,23
spa_Latn,792,0,60
spa_Latn,792,1,61
spa_Latn,792,2,47
spa_Latn,792,3,8
spa_Latn,792,4,8
spa_Latn,792,5,8
spa_Latn,792,6,19
spa_Latn,793,0,60
spa_Latn,793,1,61
spa_Latn,793,2,17
spa_Latn,793,3,17
spa_Latn,793,4,61
spa_Latn,793,5,39
spa_Latn,793,6,16
spa_Latn,793,7,8
spa_Latn,793,8,19
spa_Latn,793,9,39
spa_Latn,793,10,8
spa_Latn,793,11,8
spa_Latn,793,12,8
spa_Latn,793,13,8
spa_Latn,793,14,8
spa_Latn,794,0,60
spa_Latn,794,1,19
spa_Latn,794,2,8
spa_Latn,794,3,1
spa_Latn,794,4,39
spa_Latn,794,5,8
spa_Latn,794,6,27
spa_Latn,794,7,47
spa_Latn,794,8,7
spa_Latn,794,9,60
spa_Latn,794,10,52
spa_Latn,795,0,60
spa_Latn,795,1,19
spa_Latn,795,2,19
spa_Latn,795,3,16
spa_Latn,795,4,8
spa_Latn,795,5,8
spa_Latn,795,6,8
spa_Latn,795,7,8
spa_Latn,796,0,60
spa_Latn,796,1,19
spa_Latn,796,2,19
spa_Latn,796,3,13
spa_Latn,796,4,39
spa_Latn,796,5,47
spa_Latn,796,6,19
spa_Latn,796,7,13
spa_Latn,796,8,26
spa_Latn,796,9,19
spa_Latn,796,10,39
spa_Latn,797,0,60
spa_Latn,797,1,47
spa_Latn,797,2,47
spa_Latn,797,3,7
spa_Latn,797,4,52
spa_Latn,797,5,19
spa_Latn,797,6,8
spa_Latn,797,7,8
spa_Latn,797,8,19
spa_Latn,797,9,16
eng_Latn,798,0,60
eng_Latn,798,1,54
eng_Latn,798,2,9
eng_Latn,798,3,9
eng_Latn,798,4,54
eng_Latn,798,5,56
eng_Latn,798,6,8
eng_Latn,798,7,16
spa_Latn,799,0,60
spa_Latn,799,1,40
spa_Latn,799,2,16
spa_Latn,799,3,8
spa_Latn,799,4,47
spa_Latn,799,5,8
spa_Latn,800,0,60
spa_Latn,800,1,19
spa_Latn,800,2,8
spa_Latn,800,3,8
spa_Latn,800,4,10
spa_Latn,800,5,19
spa_Latn,800,6,39
spa_Latn,800,7,8
spa_Latn,800,8,20
spa_Latn,800,9,8
spa_Latn,800,10,19
spa_Latn,800,11,8
spa_Latn,800,12,8
spa_Latn,800,13,61
spa_Latn,800,14,8
spa_Latn,800,15,39
eng_Latn,801,0,60
eng_Latn,801,1,4
eng_Latn,801,2,54
eng_Latn,801,3,48
eng_Latn,801,4,9
eng_Latn,801,5,56
eng_Latn,801,6,35
eng_Latn,801,7,35
eng_Latn,801,8,57
eng_Latn,801,9,2
eng_Latn,801,10,27
eng_Latn,801,11,26
eng_Latn,801,12,50
eng_Latn,801,13,16
spa_Latn,802,0,60
spa_Latn,802,1,19
spa_Latn,802,2,49
spa_Latn,802,3,12
spa_Latn,802,4,47
spa_Latn,802,5,8
spa_Latn,802,6,19
spa_Latn,802,7,8
spa_Latn,802,8,8
spa_Latn,802,9,8
spa_Latn,802,10,19
spa_Latn,802,11,8
spa_Latn,802,12,8
spa_Latn,803,0,60
spa_Latn,803,1,27
spa_Latn,803,2,52
spa_Latn,803,3,8
spa_Latn,803,4,8
spa_Latn,803,5,8
spa_Latn,803,6,8
spa_Latn,803,7,19
spa_Latn,803,8,37
spa_Latn,804,0,60
spa_Latn,804,1,8
spa_Latn,804,2,7
spa_Latn,804,3,19
spa_Latn,804,4,47
spa_Latn,804,5,19
spa_Latn,804,6,7
spa_Latn,805,0,60
spa_Latn,805,1,8
spa_Latn,805,2,8
spa_Latn,805,3,8
spa_Latn,805,4,8
spa_Latn,805,5,8
spa_Latn,805,6,7
spa_Latn,805,7,8
spa_Latn,805,8,19
spa_Latn,805,9,19
spa_Latn,805,10,47
spa_Latn,805,11,10
spa_Latn,805,12,8
spa_Latn,805,13,19
spa_Latn,805,14,39
spa_Latn,805,15,8
spa_Latn,806,0,60
spa_Latn,806,1,8
spa_Latn,806,2,42
spa_Latn,806,3,49
spa_Latn,806,4,26
spa_Latn,807,0,60
spa_Latn,807,1,49
spa_Latn,807,2,61
spa_Latn,807,3,8
spa_Latn,807,4,8
spa_Latn,807,5,52
spa_Latn,807,6,19
spa_Latn,807,7,39
spa_Latn,807,8,8
eng_Latn,808,0,60
eng_Latn,808,1,56
eng_Latn,808,2,34
eng_Latn,808,3,31
eng_Latn,808,4,20
eng_Latn,808,5,63
eng_Latn,809,0,60
eng_Latn,809,1,15
eng_Latn,809,2,56
eng_Latn,809,3,63
eng_Latn,809,4,37
eng_Latn,810,0,60
eng_Latn,810,1,9
eng_Latn,810,2,9
eng_Latn,810,3,18
eng_Latn,810,4,16
eng_Latn,810,5,20
eng_Latn,810,6,3
eng_Latn,810,7,3
eng_Latn,810,8,49
spa_Latn,811,0,60
spa_Latn,811,1,19
spa_Latn,811,2,8
spa_Latn,811,3,24
spa_Latn,811,4,7
spa_Latn,811,5,47
spa_Latn,811,6,13
spa_Latn,811,7,19
spa_Latn,811,8,47
spa_Latn,811,9,7
spa_Latn,811,10,13
spa_Latn,811,11,13
spa_Latn,811,12,52
spa_Latn,811,13,52
spa_Latn,811,14,37
spa_Latn,811,15,37
spa_Latn,812,0,60
spa_Latn,812,1,25
spa_Latn,812,2,8
spa_Latn,812,3,51
spa_Latn,812,4,47
spa_Latn,812,5,16
spa_Latn,813,0,60
spa_Latn,813,1,19
spa_Latn,813,2,13
spa_Latn,813,3,13
spa_Latn,813,4,12
spa_Latn,813,5,57
spa_Latn,813,6,8
spa_Latn,813,7,37
spa_Latn,813,8,12
spa_Latn,813,9,19
spa_Latn,813,10,19
spa_Latn,813,11,37
spa_Latn,813,12,8
spa_Latn,813,13,19
spa_Latn,813,14,19
spa_Latn,813,15,8
spa_Latn,814,0,60
spa_Latn,814,1,30
spa_Latn,814,2,33
spa_Latn,815,0,60
spa_Latn,815,1,19
spa_Latn,815,2,8
spa_Latn,815,3,1
spa_Latn,815,4,19
spa_Latn,815,5,8
spa_Latn,815,6,8
spa_Latn,815,7,19
spa_Latn,815,8,8
spa_Latn,815,9,8
spa_Latn,815,10,8
spa_Latn,815,11,8
spa_Latn,815,12,19
spa_Latn,815,13,8
spa_Latn,815,14,8
spa_Latn,816,0,60
spa_Latn,816,1,15
spa_Latn,816,2,19
spa_Latn,816,3,29
spa_Latn,816,4,8
spa_Latn,816,5,8
spa_Latn,816,6,8
spa_Latn,817,0,60
spa_Latn,817,1,9
spa_Latn,817,2,39
spa_Latn,817,3,8
spa_Latn,817,4,39
spa_Latn,817,5,34
eng_Latn,818,0,60
eng_Latn,818,1,22
spa_Latn,819,0,60
spa_Latn,819,1,61
spa_Latn,819,2,8
spa_Latn,819,3,19
spa_Latn,819,4,8
spa_Latn,819,5,8
spa_Latn,819,6,47
eng_Latn,820,0,60
eng_Latn,820,1,40
eng_Latn,820,2,26
eng_Latn,820,3,47
eng_Latn,820,4,49
eng_Latn,820,5,5
eng_Latn,820,6,5
eng_Latn,820,7,40
eng_Latn,820,8,26
spa_Latn,821,0,60
spa_Latn,821,1,22
spa_Latn,821,2,60
spa_Latn,821,3,52
spa_Latn,821,4,8
spa_Latn,822,0,60
spa_Latn,822,1,8
spa_Latn,822,2,8
spa_Latn,822,3,8
spa_Latn,822,4,8
spa_Latn,822,5,8
spa_Latn,822,6,39
spa_Latn,822,7,34
spa_Latn,823,0,60
spa_Latn,823,1,19
spa_Latn,823,2,8
spa_Latn,823,3,8
spa_Latn,823,4,8
spa_Latn,823,5,8
spa_Latn,823,6,47
eng_Latn,824,0,60
eng_Latn,824,1,4
eng_Latn,824,2,56
eng_Latn,824,3,21
eng_Latn,824,4,16
eng_Latn,824,5,20
eng_Latn,824,6,8
eng_Latn,825,0,60
eng_Latn,825,1,57
eng_Latn,825,2,57
eng_Latn,825,3,20
eng_Latn,825,4,56
eng_Latn,825,5,16
eng_Latn,825,6,14
eng_Latn,825,7,35
eng_Latn,825,8,63
spa_Latn,826,0,60
spa_Latn,826,1,19
spa_Latn,826,2,8
spa_Latn,826,3,23
spa_Latn,826,4,54
spa_Latn,826,5,8
spa_Latn,826,6,19
spa_Latn,826,7,8
spa_Latn,827,0,60
spa_Latn,827,1,8
spa_Latn,827,2,47
spa_Latn,827,3,8
spa_Latn,827,4,8
spa_Latn,827,5,8
spa_Latn,828,0,60
spa_Latn,828,1,47
spa_Latn,828,2,39
spa_Latn,828,3,47
spa_Latn,828,4,8
spa_Latn,828,5,58
spa_Latn,829,0,60
spa_Latn,829,1,19
spa_Latn,829,2,8
spa_Latn,829,3,8
spa_Latn,829,4,47
spa_Latn,829,5,8
spa_Latn,829,6,8
spa_Latn,829,7,39
spa_Latn,829,8,8
spa_Latn,829,9,39
spa_Latn,829,10,53
spa_Latn,829,11,16
spa_Latn,829,12,8
spa_Latn,830,0,60
spa_Latn,830,1,8
spa_Latn,830,2,8
spa_Latn,830,3,10
spa_Latn,830,4,8
spa_Latn,830,5,19
spa_Latn,830,6,47
spa_Latn,830,7,1
spa_Latn,830,8,52
eng_Latn,831,0,60
eng_Latn,831,1,9
eng_Latn,831,2,29
eng_Latn,831,3,52
eng_Latn,831,4,29
eng_Latn,831,5,34
spa_Latn,832,0,60
spa_Latn,832,1,8
spa_Latn,832,2,42
spa_Latn,832,3,4
spa_Latn,832,4,34
spa_Latn,833,0,60
spa_Latn,833,1,33
spa_Latn,833,2,8
spa_Latn,833,3,19
spa_Latn,833,4,8
spa_Latn,833,5,19
spa_Latn,833,6,8
spa_Latn,833,7,8
spa_Latn,833,8,19
spa_Latn,833,9,8
spa_Latn,833,10,1
spa_Latn,833,11,8
spa_Latn,833,12,8
spa_Latn,833,13,8
eng_Latn,834,0,60
eng_Latn,834,1,22
eng_Latn,834,2,60
eng_Latn,834,3,47
eng_Latn,835,0,60
eng_Latn,835,1,9
eng_Latn,835,2,9
eng_Latn,835,3,56
eng_Latn,835,4,38
eng_Latn,835,5,35
eng_Latn,835,6,46
eng_Latn,836,0,60
eng_Latn,836,1,1
eng_Latn,836,2,37
eng_Latn,836,3,37
eng_Latn,836,4,37
eng_Latn,836,5,49
eng_Latn,837,0,60
eng_Latn,837,1,49
eng_Latn,837,2,40
eng_Latn,837,3,40
eng_Latn,837,4,49
eng_Latn,837,5,5
eng_Latn,837,6,49
spa_Latn,838,0,60
spa_Latn,838,1,47
spa_Latn,838,2,39
spa_Latn,838,3,11
spa_Latn,838,4,36
eng_Latn,839,0,60
eng_Latn,839,1,35
eng_Latn,839,2,9
eng_Latn,839,3,56
eng_Latn,839,4,41
eng_Latn,839,5,4
eng_Latn,839,6,4
eng_Latn,839,7,14
eng_Latn,839,8,5
eng_Latn,839,9,26
eng_Latn,839,10,26
spa_Latn,840,0,60
spa_Latn,840,1,47
spa_Latn,840,2,19
spa_Latn,840,3,8
spa_Latn,840,4,8
spa_Latn,840,5,52
spa_Latn,841,0,60
spa_Latn,841,1,26
spa_Latn,841,2,47
spa_Latn,841,3,13
spa_Latn,841,4,13
spa_Latn,841,5,47
spa_Latn,841,6,19
spa_Latn,841,7,47
spa_Latn,841,8,39
spa_Latn,841,9,8
spa_Latn,841,10,47
spa_Latn,841,11,61
spa_Latn,841,12,39
spa_Latn,841,13,39
spa_Latn,841,14,13
spa_Latn,842,0,60
spa_Latn,842,1,19
spa_Latn,842,2,8
spa_Latn,842,3,19
spa_Latn,842,4,16
spa_Latn,842,5,8
spa_Latn,842,6,47
spa_Latn,842,7,19
spa_Latn,842,8,8
spa_Latn,843,0,60
spa_Latn,843,1,19
spa_Latn,843,2,54
spa_Latn,843,3,61
spa_Latn,843,4,19
spa_Latn,843,5,8
spa_Latn,843,6,10
spa_Latn,843,7,10
spa_Latn,843,8,19
spa_Latn,843,9,8
spa_Latn,843,10,8
spa_Latn,844,0,60
spa_Latn,844,1,26
spa_Latn,844,2,61
spa_Latn,844,3,9
spa_Latn,844,4,7
spa_Latn,844,5,19
spa_Latn,844,6,47
spa_Latn,844,7,39
spa_Latn,845,0,60
spa_Latn,845,1,8
spa_Latn,845,2,8
spa_Latn,845,3,39
spa_Latn,845,4,19
spa_Latn,845,5,39
spa_Latn,845,6,16
spa_Latn,845,7,8
spa_Latn,845,8,39
spa_Latn,845,9,16
spa_Latn,845,10,8
spa_Latn,845,11,8
spa_Latn,845,12,47
spa_Latn,845,13,8
spa_Latn,846,0,60
spa_Latn,846,1,19
spa_Latn,846,2,39
spa_Latn,846,3,16
spa_Latn,846,4,8
spa_Latn,846,5,1
spa_Latn,846,6,39
spa_Latn,846,7,8
eng_Latn,847,0,60
eng_Latn,847,1,51
eng_Latn,847,2,26
eng_Latn,847,3,61
eng_Latn,847,4,49
spa_Latn,848,0,60
spa_Latn,848,1,60
spa_Latn,848,2,60
spa_Latn,848,3,47
spa_Latn,848,4,19
spa_Latn,848,5,16
spa_Latn,848,6,8
spa_Latn,848,7,16
spa_Latn,849,0,60
spa_Latn,849,1,47
spa_Latn,849,2,47
spa_Latn,849,3,47
spa_Latn,849,4,8
spa_Latn,849,5,8
spa_Latn,849,6,26
spa_Latn,849,7,19
spa_Latn,849,8,49
spa_Latn,850,0,60
spa_Latn,850,1,14
spa_Latn,850,2,19
spa_Latn,850,3,40
spa_Latn,850,4,19
spa_Latn,850,5,49
eng_Latn,851,0,60
eng_Latn,851,1,22
eng_Latn,851,2,9
eng_Latn,851,3,12
eng_Latn,851,4,19
eng_Latn,851,5,15
eng_Latn,851,6,9
eng_Latn,851,7,9
eng_Latn,851,8,22
eng_Latn,851,9,9
eng_Latn,851,10,29
eng_Latn,851,11,51
eng_Latn,851,12,24
eng_Latn,851,13,56
eng_Latn,851,14,47
eng_Latn,851,15,46
eng_Latn,851,16,51
spa_Latn,852,0,60
spa_Latn,852,1,1
spa_Latn,852,2,19
spa_Latn,852,3,47
spa_Latn,852,4,39
spa_Latn,852,5,40
eng_Latn,853,0,60
eng_Latn,853,1,20
eng_Latn,853,2,35
eng_Latn,853,3,63
eng_Latn,853,4,53
eng_Latn,853,5,35
eng_Latn,853,6,15
spa_Latn,854,0,60
spa_Latn,854,1,19
spa_Latn,854,2,22
spa_Latn,854,3,8
spa_Latn,854,4,47
spa_Latn,854,5,47
spa_Latn,854,6,8
spa_Latn,854,7,19
spa_Latn,854,8,47
spa_Latn,854,9,15
spa_Latn,854,10,8
spa_Latn,855,0,60
spa_Latn,855,1,39
spa_Latn,855,2,19
spa_Latn,855,3,8
spa_Latn,855,4,19
spa_Latn,855,5,8
spa_Latn,855,6,8
spa_Latn,855,7,8
spa_Latn,855,8,8
spa_Latn,855,9,19
spa_Latn,855,10,19
spa_Latn,855,11,8
spa_Latn,856,0,60
spa_Latn,856,1,47
spa_Latn,856,2,39
spa_Latn,856,3,8
spa_Latn,856,4,56
spa_Latn,856,5,8
spa_Latn,856,6,8
spa_Latn,856,7,8
spa_Latn,856,8,19
spa_Latn,856,9,8
spa_Latn,857,0,60
spa_Latn,857,1,19
spa_Latn,857,2,8
spa_Latn,857,3,8
spa_Latn,857,4,19
spa_Latn,857,5,39
spa_Latn,857,6,8
spa_Latn,858,0,60
spa_Latn,858,1,61
spa_Latn,858,2,8
spa_Latn,858,3,47
spa_Latn,858,4,8
spa_Latn,858,5,8
spa_Latn,858,6,8
spa_Latn,858,7,8
spa_Latn,858,8,8
spa_Latn,858,9,47
spa_Latn,858,10,8
eng_Latn,859,0,60
eng_Latn,859,1,37
eng_Latn,859,2,37
eng_Latn,859,3,52
eng_Latn,859,4,37
eng_Latn,860,0,60
eng_Latn,860,1,17
eng_Latn,860,2,9
eng_Latn,860,3,56
eng_Latn,860,4,17
eng_Latn,860,5,52
eng_Latn,860,6,17
eng_Latn,860,7,41
eng_Latn,860,8,17
eng_Latn,861,0,60
eng_Latn,861,1,56
eng_Latn,861,2,51
eng_Latn,861,3,53
eng_Latn,861,4,57
eng_Latn,861,5,56
eng_Latn,861,6,19
eng_Latn,861,7,34
eng_Latn,861,8,20
eng_Latn,861,9,37
eng_Latn,861,10,41
eng_Latn,861,11,34
eng_Latn,862,0,60
eng_Latn,862,1,20
eng_Latn,862,2,34
eng_Latn,862,3,51
spa_Latn,863,0,60
spa_Latn,863,1,47
spa_Latn,863,2,13
spa_Latn,863,3,54
spa_Latn,863,4,8
spa_Latn,863,5,47
spa_Latn,863,6,8
spa_Latn,863,7,8
spa_Latn,863,8,8
spa_Latn,863,9,39
spa_Latn,863,10,8
spa_Latn,863,11,8
spa_Latn,863,12,8
spa_Latn,864,0,60
spa_Latn,864,1,8
spa_Latn,864,2,8
spa_Latn,864,3,8
spa_Latn,864,4,47
spa_Latn,864,5,8
spa_Latn,864,6,8
spa_Latn,864,7,19
spa_Latn,864,8,8
spa_Latn,864,9,8
spa_Latn,864,10,8
spa_Latn,864,11,8
spa_Latn,864,12,7
spa_Latn,864,13,8
spa_Latn,865,0,60
spa_Latn,865,1,40
spa_Latn,865,2,7
spa_Latn,865,3,8
spa_Latn,865,4,24
spa_Latn,865,5,40
spa_Latn,865,6,40
spa_Latn,865,7,61
spa_Latn,866,0,60
spa_Latn,866,1,8
spa_Latn,866,2,51
spa_Latn,866,3,8
spa_Latn,866,4,8
spa_Latn,867,0,60
spa_Latn,867,1,61
spa_Latn,867,2,16
spa_Latn,867,3,8
spa_Latn,867,4,8
spa_Latn,867,5,8
spa_Latn,867,6,19
spa_Latn,867,7,7
spa_Latn,867,8,15
spa_Latn,867,9,19
spa_Latn,867,10,8
spa_Latn,867,11,19
spa_Latn,867,12,8
spa_Latn,867,13,8
spa_Latn,867,14,8
spa_Latn,867,15,29
spa_Latn,867,16,1
spa_Latn,867,17,52
eng_Latn,868,0,60
eng_Latn,868,1,22
eng_Latn,868,2,53
eng_Latn,868,3,46
spa_Latn,869,0,60
spa_Latn,869,1,52
spa_Latn,869,2,52
spa_Latn,869,3,52
spa_Latn,869,4,63
spa_Latn,870,0,60
spa_Latn,870,1,57
spa_Latn,870,2,1
spa_Latn,870,3,8
spa_Latn,870,4,20
spa_Latn,870,5,1
spa_Latn,870,6,52
spa_Latn,870,7,8
spa_Latn,871,0,60
spa_Latn,871,1,58
spa_Latn,871,2,19
spa_Latn,871,3,8
spa_Latn,871,4,6
spa_Latn,871,5,6
spa_Latn,871,6,47
spa_Latn,871,7,6
spa_Latn,872,0,60
spa_Latn,872,1,8
spa_Latn,872,2,8
spa_Latn,872,3,8
spa_Latn,872,4,8
spa_Latn,872,5,10
spa_Latn,873,0,60
spa_Latn,873,1,49
spa_Latn,873,2,54
spa_Latn,873,3,8
spa_Latn,874,0,60
spa_Latn,874,1,24
spa_Latn,874,2,61
spa_Latn,874,3,7
spa_Latn,874,4,19
spa_Latn,874,5,61
spa_Latn,874,6,52
spa_Latn,874,7,8
spa_Latn,874,8,61
spa_Latn,874,9,8
spa_Latn,874,10,8
spa_Latn,874,11,61
spa_Latn,874,12,10
spa_Latn,874,13,39
spa_Latn,874,14,8
spa_Latn,874,15,8
spa_Latn,874,16,47
spa_Latn,874,17,8
spa_Latn,874,18,8
spa_Latn,875,0,60
spa_Latn,875,1,19
spa_Latn,875,2,39
spa_Latn,875,3,39
spa_Latn,875,4,8
spa_Latn,875,5,8
spa_Latn,875,6,8
spa_Latn,875,7,52
spa_Latn,875,8,7
spa_Latn,875,9,39
spa_Latn,875,10,8
spa_Latn,875,11,8
spa_Latn,875,12,8
spa_Latn,875,13,8
spa_Latn,875,14,8
spa_Latn,875,15,19
spa_Latn,875,16,8
spa_Latn,875,17,8
eng_Latn,876,0,60
eng_Latn,876,1,51
eng_Latn,876,2,34
eng_Latn,876,3,54
eng_Latn,876,4,9
eng_Latn,876,5,17
eng_Latn,876,6,20
eng_Latn,876,7,62
eng_Latn,876,8,34
spa_Latn,877,0,60
spa_Latn,877,1,7
spa_Latn,877,2,8
spa_Latn,877,3,8
spa_Latn,877,4,47
spa_Latn,877,5,19
spa_Latn,877,6,40
spa_Latn,877,7,19
spa_Latn,877,8,40
spa_Latn,877,9,8
spa_Latn,877,10,47
spa_Latn,877,11,49
spa_Latn,877,12,12
spa_Latn,877,13,52
spa_Latn,877,14,52
spa_Latn,877,15,52
spa_Latn,877,16,37
spa_Latn,877,17,12
spa_Latn,878,0,60
spa_Latn,878,1,19
spa_Latn,878,2,8
spa_Latn,878,3,8
spa_Latn,878,4,53
spa_Latn,878,5,8
spa_Latn,878,6,8
spa_Latn,878,7,19
spa_Latn,878,8,8
spa_Latn,878,9,1
spa_Latn,878,10,19
spa_Latn,878,11,8
spa_Latn,879,0,60
spa_Latn,879,1,61
spa_Latn,879,2,8
spa_Latn,879,3,61
spa_Latn,879,4,8
spa_Latn,879,5,19
spa_Latn,879,6,8
spa_Latn,879,7,8
spa_Latn,879,8,8
spa_Latn,879,9,19
spa_Latn,879,10,8
spa_Latn,879,11,8
spa_Latn,880,0,60
spa_Latn,880,1,22
spa_Latn,880,2,61
spa_Latn,880,3,6
spa_Latn,880,4,7
spa_Latn,880,5,19
spa_Latn,880,6,47
spa_Latn,880,7,19
spa_Latn,880,8,8
spa_Latn,880,9,8
spa_Latn,880,10,11
spa_Latn,880,11,19
spa_Latn,880,12,19
spa_Latn,880,13,8
spa_Latn,880,14,1
spa_Latn,880,15,12
spa_Latn,880,16,19
spa_Latn,880,17,22
spa_Latn,880,18,60
spa_Latn,881,0,60
spa_Latn,881,1,22
spa_Latn,881,2,22
spa_Latn,881,3,8
spa_Latn,881,4,19
spa_Latn,881,5,34
spa_Latn,882,0,60
spa_Latn,882,1,22
spa_Latn,882,2,60
spa_Latn,882,3,47
spa_Latn,882,4,19
spa_Latn,883,0,60
spa_Latn,883,1,52
spa_Latn,883,2,11
spa_Latn,883,3,36
spa_Latn,883,4,19
spa_Latn,883,5,8
spa_Latn,883,6,8
spa_Latn,883,7,37
spa_Latn,883,8,37
spa_Latn,883,9,1
spa_Latn,883,10,52
spa_Latn,883,11,1
spa_Latn,883,12,52
spa_Latn,883,13,12
spa_Latn,883,14,47
spa_Latn,883,15,52
spa_Latn,883,16,11
spa_Latn,883,17,52
spa_Latn,884,0,60
spa_Latn,884,1,22
spa_Latn,884,2,22
spa_Latn,884,3,19
spa_Latn,884,4,63
spa_Latn,884,5,19
spa_Latn,884,6,47
spa_Latn,884,7,63
spa_Latn,884,8,8
spa_Latn,884,9,39
spa_Latn,884,10,8
spa_Latn,884,11,8
spa_Latn,884,12,19
spa_Latn,884,13,8
spa_Latn,885,0,60
spa_Latn,885,1,8
spa_Latn,885,2,61
spa_Latn,885,3,57
spa_Latn,885,4,8
spa_Latn,885,5,47
spa_Latn,885,6,8
spa_Latn,885,7,39
spa_Latn,885,8,8
spa_Latn,886,0,60
spa_Latn,886,1,19
spa_Latn,886,2,8
spa_Latn,886,3,8
spa_Latn,886,4,19
spa_Latn,886,5,19
spa_Latn,886,6,15
spa_Latn,886,7,26
spa_Latn,886,8,8
spa_Latn,886,9,8
spa_Latn,886,10,1
spa_Latn,886,11,8
eng_Latn,887,0,60
eng_Latn,887,1,37
eng_Latn,887,2,52
eng_Latn,887,3,57
eng_Latn,887,4,59
eng_Latn,887,5,50
eng_Latn,887,6,56
eng_Latn,887,7,35
eng_Latn,887,8,35
eng_Latn,887,9,8
eng_Latn,887,10,8
eng_Latn,887,11,48
spa_Latn,888,0,60
spa_Latn,888,1,19
spa_Latn,888,2,19
spa_Latn,888,3,8
spa_Latn,888,4,8
spa_Latn,888,5,9
spa_Latn,888,6,8
spa_Latn,888,7,52
spa_Latn,888,8,61
spa_Latn,889,0,60
spa_Latn,889,1,49
spa_Latn,889,2,19
spa_Latn,889,3,40
spa_Latn,889,4,61
spa_Latn,889,5,1
spa_Latn,889,6,28
spa_Latn,889,7,47
spa_Latn,889,8,52
spa_Latn,890,0,60
spa_Latn,890,1,19
spa_Latn,890,2,8
spa_Latn,890,3,17
spa_Latn,890,4,8
spa_Latn,890,5,19
spa_Latn,890,6,8
spa_Latn,890,7,8
spa_Latn,890,8,8
spa_Latn,890,9,16
eng_Latn,891,0,60
eng_Latn,891,1,33
eng_Latn,891,2,33
eng_Latn,891,3,33
eng_Latn,891,4,33
eng_Latn,891,5,33
eng_Latn,891,6,63
spa_Latn,892,0,60
spa_Latn,892,1,8
spa_Latn,892,2,19
spa_Latn,892,3,8
spa_Latn,892,4,39
spa_Latn,892,5,19
spa_Latn,892,6,8
spa_Latn,892,7,8
spa_Latn,892,8,8
spa_Latn,892,9,19
spa_Latn,892,10,19
spa_Latn,892,11,8
eng_Latn,893,0,60
eng_Latn,893,1,49
eng_Latn,893,2,39
spa_Latn,894,0,60
spa_Latn,894,1,57
spa_Latn,894,2,39
spa_Latn,894,3,8
spa_Latn,894,4,31
spa_Latn,894,5,8
spa_Latn,894,6,35
spa_Latn,894,7,7
spa_Latn,894,8,63
spa_Latn,894,9,20
spa_Latn,894,10,8
spa_Latn,894,11,47
spa_Latn,894,12,14
spa_Latn,894,13,40
eng_Latn,895,0,60
eng_Latn,895,1,45
eng_Latn,895,2,45
eng_Latn,895,3,38
eng_Latn,895,4,18
eng_Latn,895,5,56
eng_Latn,895,6,53
eng_Latn,895,7,23
eng_Latn,895,8,34
spa_Latn,896,0,60
spa_Latn,896,1,22
spa_Latn,896,2,34
spa_Latn,896,3,22
spa_Latn,896,4,60
spa_Latn,896,5,58
spa_Latn,896,6,42
spa_Latn,896,7,61
spa_Latn,897,0,60
spa_Latn,897,1,47
spa_Latn,897,2,8
spa_Latn,897,3,10
spa_Latn,898,0,60
spa_Latn,898,1,19
spa_Latn,898,2,19
spa_Latn,898,3,34
spa_Latn,898,4,8
spa_Latn,898,5,8
spa_Latn,898,6,19
spa_Latn,898,7,34
spa_Latn,899,0,60
spa_Latn,899,1,19
spa_Latn,899,2,8
spa_Latn,899,3,31
spa_Latn,899,4,19
spa_Latn,899,5,16
eng_Latn,900,0,60
eng_Latn,900,1,54
eng_Latn,900,2,15
eng_Latn,900,3,53
eng_Latn,900,4,41
eng_Latn,900,5,17
eng_Latn,901,0,60
eng_Latn,901,1,9
eng_Latn,901,2,22
eng_Latn,901,3,11
eng_Latn,901,4,40
eng_Latn,902,0,60
eng_Latn,902,1,9
eng_Latn,902,2,22
eng_Latn,902,3,18
eng_Latn,902,4,20
eng_Latn,902,5,21
eng_Latn,902,6,57
eng_Latn,902,7,53
eng_Latn,902,8,37
eng_Latn,902,9,4
spa_Latn,903,0,60
spa_Latn,903,1,39
spa_Latn,903,2,8
spa_Latn,903,3,19
spa_Latn,903,4,8
spa_Latn,903,5,56
spa_Latn,903,6,19
spa_Latn,903,7,8
spa_Latn,903,8,31
spa_Latn,903,9,8
spa_Latn,903,10,8
eng_Latn,904,0,60
eng_Latn,904,1,37
eng_Latn,904,2,52
eng_Latn,904,3,26
eng_Latn,904,4,39
eng_Latn,904,5,19
eng_Latn,904,6,19
eng_Latn,904,7,49
eng_Latn,904,8,12
eng_Latn,904,9,26
eng_Latn,904,10,61
eng_Latn,904,11,7
spa_Latn,905,0,60
spa_Latn,905,1,19
spa_Latn,905,2,6
spa_Latn,905,3,11
spa_Latn,905,4,40
spa_Latn,905,5,40
spa_Latn,905,6,43
spa_Latn,905,7,19
spa_Latn,905,8,40
spa_Latn,905,9,7
spa_Latn,905,10,9
spa_Latn,906,0,60
spa_Latn,906,1,8
spa_Latn,906,2,51
spa_Latn,906,3,61
spa_Latn,906,4,19
spa_Latn,906,5,8
spa_Latn,906,6,8
spa_Latn,906,7,56
spa_Latn,906,8,19
spa_Latn,906,9,8
spa_Latn,906,10,19
spa_Latn,906,11,19
spa_Latn,906,12,16
spa_Latn,906,13,8
spa_Latn,906,14,8
spa_Latn,907,0,60
spa_Latn,907,1,47
spa_Latn,907,2,8
spa_Latn,907,3,8
spa_Latn,907,4,39
spa_Latn,907,5,8
spa_Latn,907,6,8
spa_Latn,907,7,19
spa_Latn,907,8,37
spa_Latn,907,9,47
spa_Latn,907,10,37
spa_Latn,907,11,8
spa_Latn,907,12,8
spa_Latn,907,13,8
spa_Latn,907,14,8
spa_Latn,907,15,8
eng_Latn,908,0,60
eng_Latn,908,1,22
eng_Latn,908,2,22
eng_Latn,908,3,22
eng_Latn,908,4,42
eng_Latn,908,5,29
eng_Latn,908,6,34
eng_Latn,908,7,9
eng_Latn,908,8,22
eng_Latn,908,9,51
spa_Latn,909,0,60
spa_Latn,909,1,60
spa_Latn,909,2,13
spa_Latn,909,3,27
spa_Latn,909,4,1
spa_Latn,909,5,13
eng_Latn,910,0,60
eng_Latn,910,1,45
eng_Latn,910,2,35
eng_Latn,910,3,18
eng_Latn,910,4,56
eng_Latn,910,5,38
eng_Latn,910,6,24
eng_Latn,910,7,55
eng_Latn,910,8,41
eng_Latn,910,9,43
eng_Latn,910,10,48
spa_Latn,911,0,60
spa_Latn,911,1,10
spa_Latn,911,2,19
spa_Latn,911,3,39
spa_Latn,911,4,16
spa_Latn,911,5,1
spa_Latn,911,6,19
spa_Latn,911,7,8
spa_Latn,911,8,47
spa_Latn,911,9,8
spa_Latn,912,0,60
spa_Latn,912,1,19
spa_Latn,912,2,8
spa_Latn,912,3,8
spa_Latn,912,4,47
spa_Latn,912,5,8
spa_Latn,912,6,23
spa_Latn,912,7,8
spa_Latn,912,8,8
spa_Latn,912,9,19
spa_Latn,912,10,47
spa_Latn,912,11,8
spa_Latn,912,12,8
spa_Latn,912,13,52
spa_Latn,913,0,60
spa_Latn,913,1,8
spa_Latn,913,2,1
spa_Latn,913,3,17
spa_Latn,913,4,8
spa_Latn,913,5,39
spa_Latn,913,6,8
spa_Latn,913,7,39
spa_Latn,913,8,8
spa_Latn,914,0,60
spa_Latn,914,1,19
spa_Latn,914,2,8
spa_Latn,914,3,7
spa_Latn,915,0,60
spa_Latn,915,1,61
spa_Latn,915,2,8
spa_Latn,915,3,47
spa_Latn,915,4,19
spa_Latn,915,5,39
spa_Latn,915,6,8
spa_Latn,915,7,53
spa_Latn,915,8,8
spa_Latn,915,9,8
spa_Latn,915,10,19
spa_Latn,915,11,47
spa_Latn,915,12,8
eng_Latn,916,0,60
eng_Latn,916,1,22
eng_Latn,916,2,5
eng_Latn,916,3,35
eng_Latn,916,4,63
eng_Latn,916,5,42
eng_Latn,916,6,47
eng_Latn,916,7,61
eng_Latn,916,8,61
eng_Latn,916,9,49
eng_Latn,916,10,22
eng_Latn,916,11,47
eng_Latn,916,12,22
eng_Latn,917,0,60
eng_Latn,917,1,56
eng_Latn,917,2,54
eng_Latn,917,3,38
eng_Latn,917,4,57
eng_Latn,917,5,20
eng_Latn,917,6,59
eng_Latn,917,7,16
spa_Latn,918,0,60
spa_Latn,918,1,8
spa_Latn,918,2,39
spa_Latn,918,3,47
spa_Latn,918,4,39
spa_Latn,918,5,8
spa_Latn,919,0,60
spa_Latn,919,1,61
spa_Latn,919,2,8
spa_Latn,919,3,8
spa_Latn,919,4,8
spa_Latn,919,5,19
spa_Latn,919,6,47
spa_Latn,919,7,8
spa_Latn,919,8,8
spa_Latn,919,9,19
spa_Latn,919,10,47
spa_Latn,919,11,63
spa_Latn,920,0,60
spa_Latn,920,1,4
spa_Latn,920,2,19
spa_Latn,920,3,19
spa_Latn,920,4,39
spa_Latn,920,5,16
spa_Latn,920,6,23
spa_Latn,920,7,8
spa_Latn,920,8,8
spa_Latn,920,9,54
spa_Latn,920,10,8
spa_Latn,920,11,8
spa_Latn,920,12,61
spa_Latn,920,13,8
spa_Latn,921,0,60
spa_Latn,921,1,19
spa_Latn,921,2,8
spa_Latn,921,3,37
spa_Latn,921,4,19
spa_Latn,921,5,8
spa_Latn,921,6,56
spa_Latn,921,7,61
spa_Latn,921,8,19
spa_Latn,921,9,19
spa_Latn,922,0,60
spa_Latn,922,1,8
spa_Latn,922,2,19
spa_Latn,922,3,8
spa_Latn,922,4,8
spa_Latn,922,5,19
spa_Latn,922,6,8
spa_Latn,922,7,8
spa_Latn,922,8,8
spa_Latn,922,9,19
spa_Latn,922,10,19
spa_Latn,922,11,8
spa_Latn,923,0,60
spa_Latn,923,1,19
spa_Latn,923,2,8
spa_Latn,923,3,8
spa_Latn,923,4,19
spa_Latn,923,5,39
spa_Latn,923,6,8
spa_Latn,923,7,19
spa_Latn,923,8,33
spa_Latn,924,0,60
spa_Latn,924,1,11
spa_Latn,924,2,47
spa_Latn,924,3,19
spa_Latn,924,4,8
spa_Latn,924,5,51
spa_Latn,924,6,49
spa_Latn,925,0,60
spa_Latn,925,1,7
spa_Latn,925,2,12
spa_Latn,925,3,47
spa_Latn,925,4,8
spa_Latn,925,5,43
spa_Latn,925,6,19
spa_Latn,925,7,8
spa_Latn,925,8,42
spa_Latn,925,9,61
spa_Latn,925,10,43
spa_Latn,925,11,27
spa_Latn,925,12,47
spa_Latn,925,13,47
spa_Latn,925,14,7
spa_Latn,925,15,12
spa_Latn,925,16,52
spa_Latn,925,17,19
spa_Latn,925,18,8
spa_Latn,926,0,60
spa_Latn,926,1,8
spa_Latn,926,2,8
spa_Latn,926,3,8
spa_Latn,926,4,39
spa_Latn,926,5,8
spa_Latn,926,6,8
spa_Latn,926,7,1
spa_Latn,926,8,8
spa_Latn,927,0,60
spa_Latn,927,1,49
spa_Latn,927,2,5
spa_Latn,927,3,61
spa_Latn,927,4,47
spa_Latn,927,5,49
spa_Latn,927,6,61
spa_Latn,927,7,50
spa_Latn,927,8,61
spa_Latn,927,9,8
spa_Latn,927,10,52
eng_Latn,928,0,60
eng_Latn,928,1,22
eng_Latn,928,2,34
eng_Latn,928,3,20
eng_Latn,928,4,34
eng_Latn,928,5,34
eng_Latn,928,6,11
eng_Latn,929,0,60
eng_Latn,929,1,18
eng_Latn,929,2,14
spa_Latn,930,0,60
spa_Latn,930,1,6
spa_Latn,930,2,19
spa_Latn,930,3,8
spa_Latn,930,4,52
spa_Latn,930,5,8
spa_Latn,930,6,39
spa_Latn,930,7,8
spa_Latn,930,8,47
spa_Latn,930,9,49
spa_Latn,930,10,8
spa_Latn,930,11,47
spa_Latn,930,12,7
spa_Latn,930,13,8
spa_Latn,930,14,12
spa_Latn,930,15,52
spa_Latn,931,0,60
spa_Latn,931,1,47
spa_Latn,931,2,8
spa_Latn,931,3,19
spa_Latn,931,4,39
spa_Latn,931,5,8
spa_Latn,932,0,60
spa_Latn,932,1,19
spa_Latn,932,2,10
spa_Latn,932,3,56
spa_Latn,932,4,8
spa_Latn,932,5,16
spa_Latn,932,6,8
spa_Latn,932,7,8
spa_Latn,932,8,37
spa_Latn,932,9,61
spa_Latn,932,10,52
spa_Latn,932,11,8
spa_Latn,932,12,57
spa_Latn,932,13,8
spa_Latn,932,14,8
spa_Latn,932,15,7
spa_Latn,933,0,60
spa_Latn,933,1,8
spa_Latn,933,2,47
spa_Latn,933,3,34
spa_Latn,934,0,60
spa_Latn,934,1,19
spa_Latn,934,2,61
spa_Latn,934,3,33
spa_Latn,934,4,12
spa_Latn,934,5,47
spa_Latn,934,6,1
spa_Latn,934,7,1
spa_Latn,934,8,47
spa_Latn,934,9,11
spa_Latn,934,10,26
spa_Latn,934,11,26
spa_Latn,934,12,39
spa_Latn,934,13,26
spa_Latn,934,14,42
spa_Latn,934,15,26
spa_Latn,934,16,39
spa_Latn,934,17,39
spa_Latn,935,0,60
spa_Latn,935,1,8
spa_Latn,935,2,8
spa_Latn,935,3,10
spa_Latn,935,4,61
spa_Latn,935,5,8
spa_Latn,935,6,10
spa_Latn,935,7,10
spa_Latn,935,8,39
spa_Latn,935,9,8
spa_Latn,936,0,60
spa_Latn,936,1,19
spa_Latn,936,2,63
spa_Latn,936,3,46
spa_Latn,936,4,8
spa_Latn,936,5,8
spa_Latn,936,6,23
spa_Latn,936,7,8
spa_Latn,936,8,8
spa_Latn,936,9,52
eng_Latn,937,0,60
eng_Latn,937,1,9
eng_Latn,937,2,38
eng_Latn,937,3,15
eng_Latn,937,4,56
eng_Latn,937,5,63
eng_Latn,937,6,63
eng_Latn,937,7,37
eng_Latn,937,8,49
eng_Latn,937,9,63
eng_Latn,937,10,37
spa_Latn,938,0,60
spa_Latn,938,1,19
spa_Latn,938,2,8
spa_Latn,938,3,8
spa_Latn,938,4,10
spa_Latn,938,5,47
spa_Latn,938,6,8
spa_Latn,938,7,8
spa_Latn,938,8,8
eng_Latn,939,0,60
eng_Latn,939,1,37
eng_Latn,939,2,62
eng_Latn,939,3,12
eng_Latn,939,4,35
eng_Latn,939,5,22
eng_Latn,939,6,16
spa_Latn,940,0,60
spa_Latn,940,1,19
spa_Latn,940,2,8
spa_Latn,940,3,47
spa_Latn,940,4,8
spa_Latn,940,5,53
spa_Latn,940,6,19
spa_Latn,940,7,39
spa_Latn,941,0,60
spa_Latn,941,1,49
spa_Latn,941,2,5
spa_Latn,941,3,7
spa_Latn,941,4,49
spa_Latn,941,5,19
spa_Latn,941,6,7
spa_Latn,941,7,2
spa_Latn,941,8,9
spa_Latn,941,9,49
eng_Latn,942,0,60
eng_Latn,942,1,40
eng_Latn,942,2,43
eng_Latn,942,3,57
eng_Latn,942,4,61
eng_Latn,942,5,31
eng_Latn,943,0,60
eng_Latn,943,1,4
eng_Latn,943,2,56
eng_Latn,943,3,29
eng_Latn,943,4,51
eng_Latn,944,0,60
eng_Latn,944,1,29
eng_Latn,944,2,22
eng_Latn,944,3,34
eng_Latn,944,4,34
eng_Latn,944,5,12
eng_Latn,944,6,58
eng_Latn,944,7,24
eng_Latn,944,8,61
spa_Latn,945,0,60
spa_Latn,945,1,7
spa_Latn,945,2,8
spa_Latn,945,3,39
spa_Latn,945,4,19
spa_Latn,945,5,10
spa_Latn,945,6,10
spa_Latn,945,7,17
spa_Latn,945,8,8
spa_Latn,945,9,19
spa_Latn,945,10,39
spa_Latn,945,11,34
spa_Latn,946,0,60
spa_Latn,946,1,8
spa_Latn,946,2,10
spa_Latn,946,3,8
spa_Latn,946,4,8
spa_Latn,946,5,47
spa_Latn,946,6,8
spa_Latn,946,7,8
spa_Latn,946,8,19
spa_Latn,946,9,8
spa_Latn,947,0,60
spa_Latn,947,1,40
spa_Latn,947,2,49
eng_Latn,948,0,60
eng_Latn,948,1,47
eng_Latn,948,2,7
eng_Latn,948,3,49
eng_Latn,948,4,22
eng_Latn,948,5,42
eng_Latn,948,6,19
eng_Latn,948,7,19
eng_Latn,948,8,26
eng_Latn,948,9,60
spa_Latn,949,0,60
spa_Latn,949,1,61
spa_Latn,949,2,52
spa_Latn,949,3,8
spa_Latn,949,4,8
spa_Latn,949,5,47
spa_Latn,949,6,19
spa_Latn,949,7,8
eng_Latn,950,0,60
eng_Latn,950,1,15
eng_Latn,950,2,56
eng_Latn,950,3,63
eng_Latn,950,4,60
eng_Latn,950,5,30
eng_Latn,950,6,37
spa_Latn,951,0,60
spa_Latn,951,1,19
spa_Latn,951,2,19
spa_Latn,951,3,34
spa_Latn,951,4,29
spa_Latn,951,5,39
spa_Latn,951,6,34
spa_Latn,952,0,60
spa_Latn,952,1,19
spa_Latn,952,2,39
spa_Latn,952,3,8
spa_Latn,952,4,8
spa_Latn,953,0,60
spa_Latn,953,1,8
spa_Latn,953,2,8
spa_Latn,953,3,39
spa_Latn,953,4,7
spa_Latn,953,5,12
spa_Latn,953,6,61
spa_Latn,953,7,39
spa_Latn,953,8,49
spa_Latn,953,9,12
spa_Latn,953,10,52
spa_Latn,953,11,39
spa_Latn,954,0,60
spa_Latn,954,1,8
spa_Latn,954,2,22
spa_Latn,954,3,22
spa_Latn,954,4,47
spa_Latn,954,5,19
spa_Latn,954,6,8
spa_Latn,954,7,8
spa_Latn,954,8,19
spa_Latn,954,9,8
spa_Latn,954,10,8
spa_Latn,954,11,52
spa_Latn,955,0,60
spa_Latn,955,1,47
spa_Latn,955,2,49
spa_Latn,955,3,24
spa_Latn,955,4,1
spa_Latn,955,5,49
spa_Latn,955,6,24
spa_Latn,955,7,27
spa_Latn,955,8,58
spa_Latn,955,9,58
spa_Latn,955,10,9
spa_Latn,955,11,19
spa_Latn,955,12,11
spa_Latn,955,13,40
spa_Latn,955,14,26
spa_Latn,955,15,26
spa_Latn,955,16,26
spa_Latn,955,17,49
spa_Latn,956,0,60
spa_Latn,956,1,16
spa_Latn,956,2,10
spa_Latn,956,3,8
spa_Latn,956,4,29
spa_Latn,956,5,47
spa_Latn,956,6,8
spa_Latn,956,7,8
spa_Latn,956,8,19
spa_Latn,956,9,19
spa_Latn,956,10,8
spa_Latn,957,0,60
spa_Latn,957,1,39
spa_Latn,957,2,8
spa_Latn,957,3,19
spa_Latn,957,4,39
spa_Latn,957,5,8
spa_Latn,957,6,56
spa_Latn,957,7,46
spa_Latn,957,8,8
eng_Latn,958,0,60
eng_Latn,958,1,47
eng_Latn,958,2,1
eng_Latn,958,3,52
eng_Latn,958,4,52
eng_Latn,958,5,49
eng_Latn,958,6,49
spa_Latn,959,0,60
spa_Latn,959,1,15
spa_Latn,960,0,60
spa_Latn,960,1,12
spa_Latn,960,2,19
spa_Latn,960,3,4
spa_Latn,960,4,39
spa_Latn,960,5,19
spa_Latn,960,6,34
eng_Latn,961,0,60
eng_Latn,961,1,9
eng_Latn,961,2,22
eng_Latn,961,3,35
eng_Latn,961,4,15
eng_Latn,961,5,33
eng_Latn,961,6,33
eng_Latn,961,7,57
eng_Latn,962,0,60
eng_Latn,962,1,34
eng_Latn,962,2,63
eng_Latn,962,3,31
eng_Latn,962,4,53
eng_Latn,962,5,22
eng_Latn,962,6,12
eng_Latn,962,7,47
eng_Latn,962,8,40
eng_Latn,962,9,40
eng_Latn,963,0,60
eng_Latn,963,1,47
eng_Latn,963,2,1
eng_Latn,963,3,28
eng_Latn,963,4,13
eng_Latn,963,5,39
eng_Latn,963,6,13
eng_Latn,963,7,27
eng_Latn,963,8,61
eng_Latn,963,9,27
eng_Latn,963,10,27
eng_Latn,964,0,60
eng_Latn,964,1,11
eng_Latn,964,2,22
eng_Latn,964,3,63
eng_Latn,964,4,60
eng_Latn,964,5,14
eng_Latn,964,6,40
eng_Latn,964,7,60
spa_Latn,965,0,60
spa_Latn,965,1,13
spa_Latn,965,2,49
spa_Latn,966,0,60
spa_Latn,966,1,39
spa_Latn,966,2,27
spa_Latn,966,3,15
spa_Latn,966,4,8
spa_Latn,966,5,23
spa_Latn,966,6,8
spa_Latn,966,7,8
spa_Latn,967,0,60
spa_Latn,967,1,12
spa_Latn,967,2,19
spa_Latn,967,3,47
spa_Latn,967,4,49
spa_Latn,967,5,5
spa_Latn,967,6,19
spa_Latn,967,7,49
spa_Latn,967,8,12
spa_Latn,967,9,13
spa_Latn,967,10,47
spa_Latn,967,11,13
spa_Latn,967,12,12
spa_Latn,967,13,19
spa_Latn,967,14,13
spa_Latn,967,15,13
spa_Latn,967,16,11
spa_Latn,967,17,13
spa_Latn,967,18,13
spa_Latn,968,0,60
spa_Latn,968,1,5
spa_Latn,968,2,57
spa_Latn,968,3,8
spa_Latn,968,4,17
spa_Latn,968,5,10
spa_Latn,968,6,8
spa_Latn,968,7,8
spa_Latn,968,8,34
spa_Latn,968,9,53
spa_Latn,968,10,8
spa_Latn,968,11,8
eng_Latn,969,0,60
eng_Latn,969,1,29
eng_Latn,969,2,57
eng_Latn,969,3,31
eng_Latn,969,4,59
eng_Latn,969,5,46
eng_Latn,969,6,51
eng_Latn,969,7,16
eng_Latn,969,8,45
eng_Latn,969,9,45
eng_Latn,969,10,34
spa_Latn,970,0,60
spa_Latn,970,1,27
spa_Latn,970,2,8
spa_Latn,970,3,8
spa_Latn,970,4,8
spa_Latn,970,5,1
spa_Latn,970,6,19
spa_Latn,970,7,22
spa_Latn,970,8,8
spa_Latn,971,0,60
spa_Latn,971,1,40
spa_Latn,971,2,22
spa_Latn,971,3,22
spa_Latn,972,0,60
spa_Latn,972,1,19
spa_Latn,972,2,49
spa_Latn,972,3,49
spa_Latn,972,4,22
spa_Latn,972,5,59
spa_Latn,972,6,19
spa_Latn,972,7,19
spa_Latn,972,8,49
eng_Latn,973,0,60
eng_Latn,973,1,40
eng_Latn,973,2,63
spa_Latn,974,0,60
spa_Latn,974,1,22
spa_Latn,974,2,52
spa_Latn,974,3,47
spa_Latn,975,0,60
spa_Latn,975,1,22
spa_Latn,975,2,9
spa_Latn,975,3,9
spa_Latn,975,4,8
spa_Latn,975,5,47
spa_Latn,975,6,19
spa_Latn,975,7,8
spa_Latn,975,8,8
spa_Latn,975,9,40
eng_Latn,976,0,60
eng_Latn,976,1,46
eng_Latn,976,2,56
eng_Latn,976,3,21
spa_Latn,977,0,60
spa_Latn,977,1,8
spa_Latn,977,2,8
spa_Latn,977,3,8
spa_Latn,977,4,47
spa_Latn,977,5,1
spa_Latn,977,6,19
spa_Latn,977,7,39
spa_Latn,977,8,10
spa_Latn,978,0,60
spa_Latn,978,1,6
spa_Latn,978,2,7
spa_Latn,978,3,8
spa_Latn,978,4,8
spa_Latn,978,5,8
spa_Latn,978,6,27
spa_Latn,978,7,19
spa_Latn,978,8,8
spa_Latn,978,9,8
spa_Latn,978,10,19
spa_Latn,978,11,52
spa_Latn,979,0,60
spa_Latn,979,1,1
spa_Latn,979,2,17
spa_Latn,979,3,8
spa_Latn,979,4,8
spa_Latn,979,5,8
spa_Latn,979,6,19
spa_Latn,979,7,8
spa_Latn,980,0,60
spa_Latn,980,1,47
spa_Latn,980,2,8
spa_Latn,980,3,61
spa_Latn,980,4,8
spa_Latn,980,5,19
spa_Latn,980,6,19
spa_Latn,980,7,16
spa_Latn,980,8,8
spa_Latn,980,9,19
spa_Latn,980,10,8
spa_Latn,980,11,15
spa_Latn,980,12,17
spa_Latn,980,13,10
spa_Latn,980,14,8
spa_Latn,980,15,8
eng_Latn,981,0,60
eng_Latn,981,1,47
eng_Latn,981,2,47
eng_Latn,981,3,40
eng_Latn,981,4,56
eng_Latn,981,5,46
eng_Latn,981,6,59
eng_Latn,981,7,59
eng_Latn,981,8,7
eng_Latn,981,9,33
eng_Latn,982,0,60
eng_Latn,982,1,47
eng_Latn,982,2,33
eng_Latn,983,0,60
eng_Latn,983,1,45
eng_Latn,983,2,18
eng_Latn,983,3,53
eng_Latn,983,4,16
eng_Latn,983,5,30
eng_Latn,983,6,46
eng_Latn,983,7,15
spa_Latn,984,0,60
spa_Latn,984,1,8
spa_Latn,984,2,12
spa_Latn,984,3,19
spa_Latn,984,4,13
spa_Latn,985,0,60
spa_Latn,985,1,19
spa_Latn,985,2,8
spa_Latn,985,3,8
spa_Latn,985,4,8
spa_Latn,985,5,8
spa_Latn,985,6,8
spa_Latn,985,7,8
spa_Latn,985,8,19
spa_Latn,985,9,39
spa_Latn,985,10,16
spa_Latn,985,11,8
spa_Latn,985,12,39
spa_Latn,985,13,15
eng_Latn,986,0,60
eng_Latn,986,1,9
eng_Latn,986,2,29
eng_Latn,986,3,54
eng_Latn,986,4,38
eng_Latn,986,5,46
eng_Latn,986,6,17
eng_Latn,986,7,17
eng_Latn,986,8,16
eng_Latn,986,9,16
eng_Latn,986,10,57
eng_Latn,986,11,34
eng_Latn,987,0,60
eng_Latn,987,1,52
eng_Latn,987,2,57
eng_Latn,987,3,3
eng_Latn,987,4,3
eng_Latn,987,5,3
eng_Latn,987,6,19
eng_Latn,987,7,3
eng_Latn,988,0,60
eng_Latn,988,1,50
eng_Latn,988,2,39
eng_Latn,988,3,19
eng_Latn,988,4,33
eng_Latn,988,5,46
eng_Latn,988,6,48
eng_Latn,988,7,14
eng_Latn,988,8,27
eng_Latn,988,9,47
eng_Latn,988,10,49
spa_Latn,989,0,60
spa_Latn,989,1,19
spa_Latn,989,2,8
spa_Latn,989,3,8
spa_Latn,989,4,8
spa_Latn,989,5,24
spa_Latn,990,0,60
spa_Latn,990,1,40
spa_Latn,990,2,26
spa_Latn,990,3,26
spa_Latn,990,4,27
spa_Latn,990,5,49
spa_Latn,991,0,60
spa_Latn,991,1,49
spa_Latn,991,2,7
spa_Latn,991,3,53
spa_Latn,991,4,8
spa_Latn,991,5,37
spa_Latn,991,6,8
eng_Latn,992,0,60
eng_Latn,992,1,20
eng_Latn,992,2,41
eng_Latn,992,3,57
eng_Latn,992,4,45
eng_Latn,992,5,18
eng_Latn,992,6,23
eng_Latn,992,7,43
eng_Latn,992,8,20
eng_Latn,992,9,33
eng_Latn,992,10,24
eng_Latn,992,11,33
eng_Latn,992,12,33
eng_Latn,993,0,60
eng_Latn,993,1,52
eng_Latn,993,2,57
eng_Latn,993,3,33
eng_Latn,994,0,60
eng_Latn,994,1,5
eng_Latn,994,2,35
eng_Latn,994,3,46
eng_Latn,994,4,53
eng_Latn,994,5,48
eng_Latn,994,6,18
eng_Latn,994,7,23
eng_Latn,994,8,54
eng_Latn,994,9,52
eng_Latn,995,0,60
eng_Latn,995,1,12
eng_Latn,995,2,1
eng_Latn,995,3,13
eng_Latn,995,4,7
eng_Latn,995,5,33
eng_Latn,995,6,33
eng_Latn,995,7,33
eng_Latn,995,8,47
eng_Latn,995,9,19
eng_Latn,995,10,33
eng_Latn,995,11,33
eng_Latn,995,12,1
spa_Latn,996,0,60
spa_Latn,996,1,47
spa_Latn,996,2,39
spa_Latn,996,3,34
spa_Latn,996,4,8
spa_Latn,996,5,47
spa_Latn,996,6,47
spa_Latn,996,7,8
spa_Latn,997,0,60
spa_Latn,997,1,19
spa_Latn,997,2,49
spa_Latn,997,3,19
spa_Latn,997,4,8
spa_Latn,997,5,8
spa_Latn,997,6,8
spa_Latn,997,7,8
eng_Latn,998,0,60
eng_Latn,998,1,12
eng_Latn,998,2,42
eng_Latn,998,3,19
eng_Latn,998,4,22
eng_Latn,998,5,49
eng_Latn,998,6,9
eng_Latn,998,7,19
eng_Latn,998,8,8
eng_Latn,999,0,60
eng_Latn,999,1,56
eng_Latn,999,2,4
