lang,sentence_id,token_idx,expert_id
eng_Latn,0,0,60
eng_Latn,0,1,38
eng_Latn,0,2,18
eng_Latn,0,3,41
eng_Latn,0,4,44
eng_Latn,0,5,44
eng_Latn,0,6,46
eng_Latn,1,0,60
eng_Latn,1,1,34
eng_Latn,1,2,20
eng_Latn,1,3,22
eng_Latn,1,4,57
eng_Latn,1,5,20
eng_Latn,1,6,34
bul_Cyrl,2,0,60
bul_Cyrl,2,1,13
bul_Cyrl,2,2,13
bul_Cyrl,2,3,13
bul_Cyrl,2,4,13
bul_Cyrl,2,5,13
bul_Cyrl,2,6,13
bul_Cyrl,2,7,26
bul_Cyrl,2,8,13
bul_Cyrl,2,9,13
bul_Cyrl,2,10,13
bul_Cyrl,2,11,13
bul_Cyrl,2,12,13
bul_Cyrl,2,13,13
bul_Cyrl,2,14,13
bul_Cyrl,2,15,13
bul_Cyrl,2,16,13
bul_Cyrl,2,17,13
bul_Cyrl,2,18,13
bul_Cyrl,2,19,13
bul_Cyrl,2,20,13
eng_Latn,3,0,60
eng_Latn,3,1,19
eng_Latn,3,2,40
eng_Latn,3,3,18
eng_Latn,3,4,14
eng_Latn,3,5,38
eng_Latn,3,6,40
eng_Latn,3,7,46
eng_Latn,3,8,47
eng_Latn,3,9,15
eng_Latn,3,10,12
eng_Latn,3,11,11
eng_Latn,3,12,19
eng_Latn,3,13,22
bul_Cyrl,4,0,60
bul_Cyrl,4,1,9
bul_Cyrl,4,2,13
bul_Cyrl,4,3,13
bul_Cyrl,4,4,13
bul_Cyrl,4,5,13
bul_Cyrl,4,6,13
bul_Cyrl,4,7,13
bul_Cyrl,4,8,13
bul_Cyrl,4,9,52
eng_Latn,5,0,60
eng_Latn,5,1,18
eng_Latn,5,2,16
eng_Latn,5,3,38
eng_Latn,5,4,46
eng_Latn,5,5,20
eng_Latn,5,6,38
eng_Latn,5,7,15
bul_Cyrl,6,0,60
bul_Cyrl,6,1,13
bul_Cyrl,6,2,13
bul_Cyrl,6,3,13
bul_Cyrl,6,4,13
bul_Cyrl,6,5,13
bul_Cyrl,6,6,13
bul_Cyrl,6,7,13
bul_Cyrl,6,8,13
bul_Cyrl,6,9,13
bul_Cyrl,6,10,13
bul_Cyrl,6,11,13
bul_Cyrl,6,12,13
bul_Cyrl,6,13,13
bul_Cyrl,6,14,13
bul_Cyrl,6,15,13
bul_Cyrl,6,16,13
bul_Cyrl,6,17,13
bul_Cyrl,6,18,13
bul_Cyrl,6,19,13
bul_Cyrl,6,20,13
bul_Cyrl,6,21,13
bul_Cyrl,6,22,13
bul_Cyrl,6,23,13
bul_Cyrl,6,24,13
bul_Cyrl,7,0,60
bul_Cyrl,7,1,13
bul_Cyrl,7,2,13
bul_Cyrl,7,3,13
bul_Cyrl,7,4,13
bul_Cyrl,7,5,13
bul_Cyrl,7,6,13
bul_Cyrl,7,7,13
bul_Cyrl,7,8,13
bul_Cyrl,7,9,13
bul_Cyrl,7,10,13
bul_Cyrl,7,11,13
bul_Cyrl,7,12,13
bul_Cyrl,7,13,13
bul_Cyrl,7,14,13
bul_Cyrl,7,15,13
bul_Cyrl,7,16,52
bul_Cyrl,7,17,13
bul_Cyrl,7,18,13
bul_Cyrl,7,19,13
bul_Cyrl,8,0,60
bul_Cyrl,8,1,13
bul_Cyrl,8,2,13
bul_Cyrl,8,3,13
bul_Cyrl,8,4,13
bul_Cyrl,8,5,13
bul_Cyrl,8,6,13
bul_Cyrl,8,7,13
bul_Cyrl,8,8,13
bul_Cyrl,8,9,13
bul_Cyrl,8,10,13
bul_Cyrl,8,11,13
bul_Cyrl,8,12,52
bul_Cyrl,8,13,13
bul_Cyrl,8,14,13
bul_Cyrl,8,15,13
bul_Cyrl,9,0,60
bul_Cyrl,9,1,49
bul_Cyrl,9,2,49
bul_Cyrl,9,3,40
bul_Cyrl,9,4,49
bul_Cyrl,10,0,60
bul_Cyrl,10,1,13
bul_Cyrl,10,2,13
bul_Cyrl,10,3,13
bul_Cyrl,10,4,13
bul_Cyrl,10,5,13
bul_Cyrl,10,6,13
bul_Cyrl,10,7,13
bul_Cyrl,10,8,19
bul_Cyrl,10,9,13
bul_Cyrl,10,10,13
bul_Cyrl,10,11,13
bul_Cyrl,10,12,13
bul_Cyrl,10,13,13
bul_Cyrl,10,14,19
bul_Cyrl,10,15,13
bul_Cyrl,10,16,47
bul_Cyrl,10,17,13
bul_Cyrl,10,18,13
bul_Cyrl,10,19,13
bul_Cyrl,10,20,13
bul_Cyrl,10,21,13
bul_Cyrl,10,22,13
bul_Cyrl,10,23,13
bul_Cyrl,10,24,13
bul_Cyrl,10,25,1
bul_Cyrl,10,26,13
bul_Cyrl,10,27,13
bul_Cyrl,10,28,13
bul_Cyrl,10,29,13
bul_Cyrl,11,0,60
bul_Cyrl,11,1,13
bul_Cyrl,11,2,13
bul_Cyrl,11,3,13
bul_Cyrl,11,4,13
bul_Cyrl,11,5,13
bul_Cyrl,11,6,13
bul_Cyrl,11,7,13
bul_Cyrl,11,8,13
bul_Cyrl,11,9,13
bul_Cyrl,11,10,13
bul_Cyrl,11,11,13
bul_Cyrl,11,12,13
bul_Cyrl,11,13,13
bul_Cyrl,11,14,13
bul_Cyrl,11,15,13
bul_Cyrl,11,16,13
bul_Cyrl,11,17,13
bul_Cyrl,11,18,13
bul_Cyrl,11,19,13
bul_Cyrl,12,0,60
bul_Cyrl,12,1,13
bul_Cyrl,12,2,13
bul_Cyrl,12,3,13
bul_Cyrl,12,4,13
bul_Cyrl,12,5,13
bul_Cyrl,12,6,13
bul_Cyrl,12,7,13
bul_Cyrl,12,8,13
bul_Cyrl,12,9,13
bul_Cyrl,12,10,13
bul_Cyrl,12,11,13
bul_Cyrl,12,12,13
bul_Cyrl,12,13,13
bul_Cyrl,12,14,13
bul_Cyrl,12,15,13
bul_Cyrl,12,16,13
bul_Cyrl,12,17,13
bul_Cyrl,12,18,13
eng_Latn,13,0,60
eng_Latn,13,1,45
eng_Latn,13,2,18
eng_Latn,13,3,16
eng_Latn,13,4,38
eng_Latn,13,5,15
eng_Latn,13,6,2
eng_Latn,13,7,59
eng_Latn,13,8,34
bul_Cyrl,14,0,60
bul_Cyrl,14,1,13
bul_Cyrl,14,2,13
bul_Cyrl,14,3,13
bul_Cyrl,14,4,13
bul_Cyrl,14,5,11
bul_Cyrl,14,6,47
bul_Cyrl,14,7,40
bul_Cyrl,15,0,60
bul_Cyrl,15,1,13
bul_Cyrl,15,2,13
bul_Cyrl,15,3,13
bul_Cyrl,15,4,13
bul_Cyrl,15,5,13
bul_Cyrl,15,6,13
bul_Cyrl,15,7,47
bul_Cyrl,15,8,13
bul_Cyrl,15,9,13
bul_Cyrl,15,10,13
bul_Cyrl,15,11,13
bul_Cyrl,15,12,13
bul_Cyrl,15,13,13
bul_Cyrl,15,14,13
bul_Cyrl,15,15,13
bul_Cyrl,15,16,13
bul_Cyrl,15,17,13
bul_Cyrl,15,18,19
bul_Cyrl,15,19,19
bul_Cyrl,15,20,13
bul_Cyrl,15,21,13
bul_Cyrl,15,22,13
bul_Cyrl,15,23,13
bul_Cyrl,15,24,13
bul_Cyrl,15,25,13
eng_Latn,16,0,60
eng_Latn,16,1,53
eng_Latn,16,2,37
eng_Latn,16,3,40
eng_Latn,16,4,40
eng_Latn,16,5,49
eng_Latn,16,6,53
eng_Latn,16,7,40
eng_Latn,16,8,5
eng_Latn,16,9,49
bul_Cyrl,17,0,60
bul_Cyrl,17,1,13
bul_Cyrl,17,2,13
bul_Cyrl,17,3,13
bul_Cyrl,17,4,47
bul_Cyrl,17,5,13
bul_Cyrl,17,6,13
bul_Cyrl,17,7,13
bul_Cyrl,17,8,13
bul_Cyrl,17,9,13
bul_Cyrl,17,10,13
bul_Cyrl,17,11,13
bul_Cyrl,17,12,13
bul_Cyrl,17,13,13
bul_Cyrl,17,14,13
bul_Cyrl,17,15,13
bul_Cyrl,17,16,13
bul_Cyrl,17,17,13
bul_Cyrl,17,18,13
bul_Cyrl,18,0,60
bul_Cyrl,18,1,13
bul_Cyrl,18,2,13
bul_Cyrl,18,3,13
bul_Cyrl,18,4,13
bul_Cyrl,18,5,13
bul_Cyrl,18,6,13
bul_Cyrl,18,7,13
bul_Cyrl,18,8,12
bul_Cyrl,18,9,58
bul_Cyrl,18,10,58
bul_Cyrl,18,11,13
bul_Cyrl,18,12,13
bul_Cyrl,18,13,13
bul_Cyrl,18,14,13
bul_Cyrl,18,15,13
bul_Cyrl,18,16,13
bul_Cyrl,18,17,13
bul_Cyrl,18,18,13
bul_Cyrl,18,19,13
bul_Cyrl,18,20,13
bul_Cyrl,18,21,13
bul_Cyrl,18,22,13
bul_Cyrl,18,23,13
bul_Cyrl,19,0,60
bul_Cyrl,19,1,24
bul_Cyrl,19,2,52
bul_Cyrl,19,3,58
bul_Cyrl,19,4,24
bul_Cyrl,19,5,52
bul_Cyrl,19,6,58
bul_Cyrl,19,7,12
bul_Cyrl,19,8,52
bul_Cyrl,20,0,60
bul_Cyrl,20,1,13
bul_Cyrl,20,2,13
bul_Cyrl,20,3,13
bul_Cyrl,20,4,13
bul_Cyrl,20,5,13
bul_Cyrl,20,6,13
bul_Cyrl,20,7,13
bul_Cyrl,20,8,27
bul_Cyrl,20,9,39
bul_Cyrl,20,10,11
bul_Cyrl,20,11,27
bul_Cyrl,20,12,39
bul_Cyrl,20,13,11
bul_Cyrl,20,14,26
bul_Cyrl,20,15,26
bul_Cyrl,20,16,11
bul_Cyrl,20,17,26
bul_Cyrl,21,0,60
bul_Cyrl,21,1,13
bul_Cyrl,21,2,13
bul_Cyrl,21,3,13
bul_Cyrl,21,4,13
bul_Cyrl,21,5,13
bul_Cyrl,21,6,13
bul_Cyrl,21,7,12
bul_Cyrl,21,8,13
bul_Cyrl,21,9,13
bul_Cyrl,22,0,60
bul_Cyrl,22,1,13
bul_Cyrl,22,2,13
bul_Cyrl,22,3,13
bul_Cyrl,22,4,13
bul_Cyrl,22,5,13
bul_Cyrl,22,6,13
bul_Cyrl,22,7,13
bul_Cyrl,22,8,13
bul_Cyrl,22,9,13
bul_Cyrl,22,10,13
bul_Cyrl,22,11,13
bul_Cyrl,22,12,13
bul_Cyrl,22,13,13
bul_Cyrl,22,14,13
bul_Cyrl,22,15,13
eng_Latn,23,0,60
eng_Latn,23,1,12
eng_Latn,23,2,42
eng_Latn,23,3,19
eng_Latn,23,4,22
eng_Latn,23,5,49
eng_Latn,23,6,9
eng_Latn,23,7,19
eng_Latn,23,8,22
eng_Latn,23,9,40
bul_Cyrl,24,0,60
bul_Cyrl,24,1,13
bul_Cyrl,24,2,13
bul_Cyrl,24,3,13
bul_Cyrl,24,4,13
bul_Cyrl,24,5,13
bul_Cyrl,24,6,13
bul_Cyrl,24,7,13
bul_Cyrl,24,8,13
bul_Cyrl,24,9,13
bul_Cyrl,24,10,13
bul_Cyrl,24,11,13
bul_Cyrl,24,12,47
bul_Cyrl,24,13,13
bul_Cyrl,24,14,13
bul_Cyrl,24,15,13
bul_Cyrl,24,16,13
bul_Cyrl,24,17,13
bul_Cyrl,24,18,13
bul_Cyrl,24,19,13
bul_Cyrl,24,20,13
bul_Cyrl,24,21,13
bul_Cyrl,24,22,13
bul_Cyrl,24,23,13
bul_Cyrl,24,24,13
bul_Cyrl,24,25,13
bul_Cyrl,24,26,13
eng_Latn,25,0,60
eng_Latn,25,1,35
eng_Latn,25,2,35
eng_Latn,25,3,48
eng_Latn,25,4,48
eng_Latn,25,5,12
eng_Latn,25,6,37
eng_Latn,25,7,37
eng_Latn,25,8,37
bul_Cyrl,26,0,60
bul_Cyrl,26,1,13
bul_Cyrl,26,2,13
bul_Cyrl,26,3,13
bul_Cyrl,26,4,13
bul_Cyrl,26,5,13
bul_Cyrl,26,6,13
bul_Cyrl,26,7,13
bul_Cyrl,26,8,13
bul_Cyrl,26,9,13
bul_Cyrl,26,10,13
bul_Cyrl,26,11,13
bul_Cyrl,26,12,13
bul_Cyrl,26,13,13
bul_Cyrl,26,14,13
bul_Cyrl,26,15,13
eng_Latn,27,0,60
eng_Latn,27,1,9
eng_Latn,27,2,38
eng_Latn,27,3,15
eng_Latn,27,4,56
eng_Latn,27,5,63
eng_Latn,27,6,60
eng_Latn,27,7,40
eng_Latn,27,8,63
bul_Cyrl,28,0,60
bul_Cyrl,28,1,13
bul_Cyrl,28,2,13
bul_Cyrl,28,3,13
bul_Cyrl,28,4,13
bul_Cyrl,28,5,13
bul_Cyrl,28,6,13
bul_Cyrl,28,7,13
bul_Cyrl,28,8,13
bul_Cyrl,28,9,13
bul_Cyrl,28,10,13
bul_Cyrl,28,11,13
bul_Cyrl,28,12,13
bul_Cyrl,28,13,13
bul_Cyrl,28,14,13
bul_Cyrl,28,15,13
bul_Cyrl,28,16,13
bul_Cyrl,29,0,60
bul_Cyrl,29,1,13
bul_Cyrl,29,2,13
bul_Cyrl,29,3,13
bul_Cyrl,29,4,13
bul_Cyrl,29,5,13
bul_Cyrl,29,6,13
bul_Cyrl,29,7,13
bul_Cyrl,29,8,13
bul_Cyrl,29,9,13
bul_Cyrl,29,10,13
bul_Cyrl,29,11,13
bul_Cyrl,29,12,13
bul_Cyrl,29,13,13
bul_Cyrl,29,14,13
bul_Cyrl,30,0,60
bul_Cyrl,30,1,13
bul_Cyrl,30,2,13
bul_Cyrl,30,3,13
bul_Cyrl,30,4,13
bul_Cyrl,30,5,13
bul_Cyrl,30,6,13
bul_Cyrl,30,7,61
bul_Cyrl,30,8,13
bul_Cyrl,30,9,13
bul_Cyrl,30,10,13
bul_Cyrl,30,11,13
bul_Cyrl,30,12,13
bul_Cyrl,30,13,13
bul_Cyrl,30,14,13
bul_Cyrl,31,0,60
bul_Cyrl,31,1,13
bul_Cyrl,31,2,13
bul_Cyrl,31,3,13
bul_Cyrl,31,4,13
bul_Cyrl,32,0,60
bul_Cyrl,32,1,13
bul_Cyrl,32,2,13
bul_Cyrl,32,3,13
bul_Cyrl,32,4,13
bul_Cyrl,32,5,13
bul_Cyrl,32,6,13
bul_Cyrl,32,7,13
bul_Cyrl,32,8,13
bul_Cyrl,32,9,13
bul_Cyrl,32,10,13
bul_Cyrl,32,11,13
bul_Cyrl,32,12,13
bul_Cyrl,32,13,13
bul_Cyrl,32,14,13
bul_Cyrl,32,15,13
bul_Cyrl,32,16,13
bul_Cyrl,33,0,60
bul_Cyrl,33,1,13
bul_Cyrl,33,2,13
bul_Cyrl,33,3,13
bul_Cyrl,33,4,13
bul_Cyrl,33,5,13
bul_Cyrl,34,0,60
bul_Cyrl,34,1,13
bul_Cyrl,34,2,13
bul_Cyrl,34,3,13
bul_Cyrl,34,4,13
bul_Cyrl,34,5,13
bul_Cyrl,34,6,13
bul_Cyrl,34,7,47
bul_Cyrl,34,8,13
bul_Cyrl,34,9,13
bul_Cyrl,34,10,13
bul_Cyrl,34,11,13
bul_Cyrl,34,12,13
bul_Cyrl,34,13,13
bul_Cyrl,34,14,13
bul_Cyrl,34,15,13
bul_Cyrl,34,16,13
bul_Cyrl,34,17,13
bul_Cyrl,34,18,13
bul_Cyrl,34,19,13
bul_Cyrl,34,20,13
bul_Cyrl,34,21,13
bul_Cyrl,34,22,13
bul_Cyrl,35,0,60
bul_Cyrl,35,1,13
bul_Cyrl,35,2,13
bul_Cyrl,35,3,13
bul_Cyrl,35,4,13
bul_Cyrl,35,5,13
bul_Cyrl,35,6,13
bul_Cyrl,35,7,13
bul_Cyrl,35,8,13
bul_Cyrl,35,9,13
bul_Cyrl,35,10,13
bul_Cyrl,35,11,13
bul_Cyrl,35,12,13
bul_Cyrl,35,13,13
bul_Cyrl,35,14,13
bul_Cyrl,35,15,13
bul_Cyrl,35,16,13
bul_Cyrl,35,17,13
bul_Cyrl,35,18,13
bul_Cyrl,35,19,13
bul_Cyrl,35,20,13
bul_Cyrl,35,21,13
bul_Cyrl,35,22,13
bul_Cyrl,35,23,13
bul_Cyrl,35,24,13
bul_Cyrl,35,25,13
bul_Cyrl,35,26,13
bul_Cyrl,35,27,13
bul_Cyrl,36,0,60
bul_Cyrl,36,1,13
bul_Cyrl,36,2,13
bul_Cyrl,36,3,13
bul_Cyrl,36,4,13
bul_Cyrl,36,5,13
bul_Cyrl,36,6,13
bul_Cyrl,36,7,13
bul_Cyrl,36,8,12
bul_Cyrl,36,9,13
bul_Cyrl,36,10,13
bul_Cyrl,36,11,27
bul_Cyrl,36,12,47
bul_Cyrl,36,13,26
bul_Cyrl,36,14,13
bul_Cyrl,37,0,60
bul_Cyrl,37,1,13
bul_Cyrl,37,2,13
bul_Cyrl,37,3,13
bul_Cyrl,37,4,13
bul_Cyrl,37,5,13
bul_Cyrl,37,6,13
bul_Cyrl,37,7,13
bul_Cyrl,37,8,13
bul_Cyrl,37,9,13
bul_Cyrl,37,10,13
bul_Cyrl,37,11,13
bul_Cyrl,37,12,47
bul_Cyrl,37,13,13
bul_Cyrl,37,14,13
bul_Cyrl,37,15,13
bul_Cyrl,37,16,13
bul_Cyrl,37,17,13
bul_Cyrl,37,18,13
bul_Cyrl,37,19,13
bul_Cyrl,37,20,13
bul_Cyrl,37,21,13
bul_Cyrl,37,22,13
bul_Cyrl,37,23,13
eng_Latn,38,0,60
eng_Latn,38,1,9
eng_Latn,38,2,38
eng_Latn,38,3,15
eng_Latn,38,4,56
eng_Latn,38,5,63
eng_Latn,38,6,14
eng_Latn,38,7,14
eng_Latn,38,8,40
eng_Latn,38,9,1
bul_Cyrl,39,0,60
bul_Cyrl,39,1,9
bul_Cyrl,39,2,13
bul_Cyrl,39,3,13
bul_Cyrl,39,4,13
bul_Cyrl,39,5,13
bul_Cyrl,39,6,13
bul_Cyrl,39,7,13
bul_Cyrl,39,8,13
bul_Cyrl,39,9,13
bul_Cyrl,39,10,13
bul_Cyrl,39,11,13
bul_Cyrl,39,12,13
eng_Latn,40,0,60
eng_Latn,40,1,54
eng_Latn,40,2,46
eng_Latn,40,3,34
eng_Latn,41,0,60
eng_Latn,41,1,52
eng_Latn,41,2,57
eng_Latn,41,3,33
eng_Latn,42,0,60
eng_Latn,42,1,12
eng_Latn,42,2,22
eng_Latn,42,3,1
eng_Latn,42,4,22
bul_Cyrl,43,0,60
bul_Cyrl,43,1,13
bul_Cyrl,43,2,13
bul_Cyrl,43,3,13
bul_Cyrl,43,4,13
bul_Cyrl,43,5,13
bul_Cyrl,43,6,13
bul_Cyrl,43,7,13
bul_Cyrl,43,8,13
bul_Cyrl,43,9,13
bul_Cyrl,43,10,13
bul_Cyrl,43,11,13
bul_Cyrl,43,12,13
bul_Cyrl,43,13,13
eng_Latn,44,0,60
eng_Latn,44,1,22
eng_Latn,44,2,34
eng_Latn,44,3,20
eng_Latn,44,4,34
eng_Latn,44,5,34
eng_Latn,44,6,11
bul_Cyrl,45,0,60
bul_Cyrl,45,1,13
bul_Cyrl,45,2,13
bul_Cyrl,45,3,13
bul_Cyrl,45,4,13
bul_Cyrl,45,5,13
bul_Cyrl,45,6,13
bul_Cyrl,45,7,13
bul_Cyrl,45,8,13
bul_Cyrl,45,9,13
bul_Cyrl,45,10,13
bul_Cyrl,45,11,13
bul_Cyrl,45,12,27
bul_Cyrl,45,13,61
bul_Cyrl,45,14,13
bul_Cyrl,45,15,13
bul_Cyrl,45,16,13
bul_Cyrl,45,17,13
bul_Cyrl,45,18,13
bul_Cyrl,45,19,13
bul_Cyrl,45,20,13
bul_Cyrl,45,21,1
bul_Cyrl,45,22,19
bul_Cyrl,45,23,13
bul_Cyrl,45,24,61
bul_Cyrl,45,25,13
bul_Cyrl,45,26,13
bul_Cyrl,45,27,13
bul_Cyrl,46,0,60
bul_Cyrl,46,1,13
bul_Cyrl,46,2,13
bul_Cyrl,46,3,13
bul_Cyrl,46,4,13
bul_Cyrl,46,5,13
bul_Cyrl,46,6,13
bul_Cyrl,46,7,13
bul_Cyrl,46,8,13
bul_Cyrl,46,9,13
bul_Cyrl,46,10,13
bul_Cyrl,46,11,52
bul_Cyrl,47,0,60
bul_Cyrl,47,1,13
bul_Cyrl,47,2,13
bul_Cyrl,47,3,13
bul_Cyrl,47,4,13
bul_Cyrl,47,5,13
bul_Cyrl,47,6,13
bul_Cyrl,47,7,13
bul_Cyrl,47,8,13
bul_Cyrl,47,9,9
bul_Cyrl,47,10,61
bul_Cyrl,48,0,60
bul_Cyrl,48,1,13
bul_Cyrl,48,2,19
bul_Cyrl,48,3,13
bul_Cyrl,48,4,13
bul_Cyrl,48,5,13
bul_Cyrl,48,6,13
bul_Cyrl,48,7,13
bul_Cyrl,49,0,60
bul_Cyrl,49,1,13
bul_Cyrl,49,2,13
bul_Cyrl,49,3,13
bul_Cyrl,49,4,13
bul_Cyrl,49,5,13
bul_Cyrl,50,0,60
bul_Cyrl,50,1,13
bul_Cyrl,50,2,13
bul_Cyrl,50,3,13
bul_Cyrl,50,4,13
bul_Cyrl,50,5,13
bul_Cyrl,50,6,13
bul_Cyrl,50,7,13
bul_Cyrl,50,8,13
bul_Cyrl,50,9,13
bul_Cyrl,50,10,13
bul_Cyrl,50,11,13
bul_Cyrl,50,12,13
bul_Cyrl,50,13,13
bul_Cyrl,50,14,13
bul_Cyrl,50,15,13
bul_Cyrl,50,16,13
bul_Cyrl,50,17,13
bul_Cyrl,50,18,13
bul_Cyrl,50,19,13
bul_Cyrl,50,20,13
bul_Cyrl,50,21,13
bul_Cyrl,50,22,13
bul_Cyrl,50,23,13
bul_Cyrl,51,0,60
bul_Cyrl,51,1,13
bul_Cyrl,51,2,13
bul_Cyrl,51,3,13
bul_Cyrl,51,4,13
bul_Cyrl,51,5,13
bul_Cyrl,51,6,13
bul_Cyrl,51,7,13
bul_Cyrl,51,8,13
bul_Cyrl,51,9,13
bul_Cyrl,51,10,13
bul_Cyrl,51,11,13
bul_Cyrl,51,12,13
bul_Cyrl,51,13,13
bul_Cyrl,51,14,13
bul_Cyrl,51,15,13
bul_Cyrl,51,16,13
bul_Cyrl,51,17,13
bul_Cyrl,51,18,13
bul_Cyrl,51,19,13
eng_Latn,52,0,60
eng_Latn,52,1,22
eng_Latn,52,2,12
eng_Latn,52,3,22
eng_Latn,52,4,63
eng_Latn,53,0,60
eng_Latn,53,1,19
eng_Latn,53,2,56
eng_Latn,53,3,57
bul_Cyrl,54,0,60
bul_Cyrl,54,1,13
bul_Cyrl,54,2,13
bul_Cyrl,54,3,13
bul_Cyrl,54,4,13
bul_Cyrl,54,5,13
bul_Cyrl,54,6,13
bul_Cyrl,54,7,13
bul_Cyrl,54,8,13
bul_Cyrl,54,9,13
bul_Cyrl,54,10,13
eng_Latn,55,0,60
eng_Latn,55,1,52
eng_Latn,55,2,53
eng_Latn,55,3,38
eng_Latn,55,4,52
eng_Latn,55,5,34
eng_Latn,55,6,61
eng_Latn,55,7,16
eng_Latn,55,8,35
eng_Latn,55,9,19
eng_Latn,55,10,15
eng_Latn,56,0,60
eng_Latn,56,1,29
eng_Latn,56,2,34
bul_Cyrl,57,0,60
bul_Cyrl,57,1,13
bul_Cyrl,57,2,13
bul_Cyrl,57,3,13
bul_Cyrl,57,4,13
bul_Cyrl,57,5,13
bul_Cyrl,57,6,13
bul_Cyrl,57,7,13
bul_Cyrl,57,8,13
bul_Cyrl,57,9,13
bul_Cyrl,57,10,13
bul_Cyrl,57,11,13
bul_Cyrl,57,12,13
bul_Cyrl,57,13,13
bul_Cyrl,57,14,13
bul_Cyrl,57,15,13
bul_Cyrl,57,16,13
bul_Cyrl,57,17,13
bul_Cyrl,57,18,13
bul_Cyrl,57,19,13
bul_Cyrl,57,20,13
bul_Cyrl,57,21,13
bul_Cyrl,58,0,60
bul_Cyrl,58,1,13
bul_Cyrl,58,2,13
bul_Cyrl,58,3,13
bul_Cyrl,58,4,13
bul_Cyrl,58,5,13
bul_Cyrl,58,6,13
bul_Cyrl,58,7,13
bul_Cyrl,58,8,13
bul_Cyrl,58,9,61
bul_Cyrl,58,10,13
bul_Cyrl,58,11,13
eng_Latn,59,0,60
eng_Latn,59,1,57
eng_Latn,59,2,37
eng_Latn,59,3,37
eng_Latn,59,4,15
eng_Latn,59,5,56
eng_Latn,59,6,54
eng_Latn,59,7,37
eng_Latn,59,8,37
bul_Cyrl,60,0,60
bul_Cyrl,60,1,13
bul_Cyrl,60,2,13
bul_Cyrl,60,3,9
bul_Cyrl,60,4,13
bul_Cyrl,60,5,13
bul_Cyrl,60,6,13
bul_Cyrl,60,7,13
bul_Cyrl,60,8,13
bul_Cyrl,60,9,13
bul_Cyrl,60,10,13
bul_Cyrl,60,11,13
bul_Cyrl,60,12,13
bul_Cyrl,60,13,13
bul_Cyrl,60,14,13
bul_Cyrl,60,15,13
bul_Cyrl,60,16,52
bul_Cyrl,60,17,13
bul_Cyrl,60,18,13
bul_Cyrl,60,19,13
bul_Cyrl,60,20,13
bul_Cyrl,60,21,13
bul_Cyrl,60,22,13
bul_Cyrl,60,23,13
bul_Cyrl,60,24,13
bul_Cyrl,60,25,13
bul_Cyrl,60,26,52
bul_Cyrl,60,27,13
bul_Cyrl,61,0,60
bul_Cyrl,61,1,13
bul_Cyrl,61,2,13
bul_Cyrl,61,3,13
bul_Cyrl,61,4,9
bul_Cyrl,61,5,13
bul_Cyrl,61,6,13
bul_Cyrl,61,7,13
bul_Cyrl,61,8,13
bul_Cyrl,61,9,13
bul_Cyrl,61,10,13
bul_Cyrl,61,11,13
bul_Cyrl,61,12,13
bul_Cyrl,61,13,13
bul_Cyrl,61,14,13
bul_Cyrl,61,15,34
bul_Cyrl,61,16,13
bul_Cyrl,61,17,13
bul_Cyrl,61,18,13
bul_Cyrl,61,19,13
bul_Cyrl,61,20,13
bul_Cyrl,61,21,13
eng_Latn,62,0,60
eng_Latn,62,1,57
eng_Latn,62,2,57
eng_Latn,62,3,20
eng_Latn,62,4,56
eng_Latn,62,5,16
eng_Latn,62,6,14
eng_Latn,62,7,35
eng_Latn,62,8,63
bul_Cyrl,63,0,60
bul_Cyrl,63,1,13
bul_Cyrl,63,2,13
bul_Cyrl,63,3,13
bul_Cyrl,63,4,13
bul_Cyrl,63,5,13
bul_Cyrl,63,6,13
bul_Cyrl,63,7,13
bul_Cyrl,63,8,13
bul_Cyrl,63,9,13
bul_Cyrl,63,10,13
eng_Latn,64,0,60
eng_Latn,64,1,52
eng_Latn,64,2,48
eng_Latn,64,3,56
eng_Latn,64,4,34
eng_Latn,64,5,34
bul_Cyrl,65,0,60
bul_Cyrl,65,1,13
bul_Cyrl,65,2,13
bul_Cyrl,65,3,13
bul_Cyrl,65,4,13
bul_Cyrl,65,5,13
bul_Cyrl,65,6,13
bul_Cyrl,65,7,12
bul_Cyrl,65,8,61
bul_Cyrl,65,9,40
bul_Cyrl,65,10,12
bul_Cyrl,65,11,13
bul_Cyrl,65,12,13
bul_Cyrl,65,13,13
bul_Cyrl,65,14,13
bul_Cyrl,65,15,13
bul_Cyrl,65,16,13
eng_Latn,66,0,60
eng_Latn,66,1,49
eng_Latn,66,2,12
eng_Latn,66,3,39
eng_Latn,67,0,60
eng_Latn,67,1,15
eng_Latn,67,2,63
eng_Latn,67,3,30
eng_Latn,67,4,63
eng_Latn,67,5,63
eng_Latn,67,6,14
eng_Latn,67,7,14
eng_Latn,67,8,47
eng_Latn,68,0,60
eng_Latn,68,1,27
eng_Latn,68,2,27
eng_Latn,68,3,5
eng_Latn,68,4,27
eng_Latn,68,5,26
eng_Latn,68,6,26
bul_Cyrl,69,0,60
bul_Cyrl,69,1,13
bul_Cyrl,69,2,13
bul_Cyrl,69,3,13
bul_Cyrl,69,4,13
bul_Cyrl,69,5,1
bul_Cyrl,69,6,13
bul_Cyrl,69,7,61
bul_Cyrl,69,8,13
bul_Cyrl,69,9,39
bul_Cyrl,69,10,39
bul_Cyrl,69,11,13
bul_Cyrl,69,12,13
bul_Cyrl,69,13,39
bul_Cyrl,69,14,13
bul_Cyrl,69,15,39
bul_Cyrl,69,16,13
bul_Cyrl,69,17,26
bul_Cyrl,69,18,27
bul_Cyrl,69,19,27
bul_Cyrl,69,20,39
bul_Cyrl,69,21,26
bul_Cyrl,69,22,47
bul_Cyrl,69,23,39
bul_Cyrl,69,24,13
bul_Cyrl,69,25,13
bul_Cyrl,69,26,13
bul_Cyrl,69,27,52
bul_Cyrl,69,28,13
bul_Cyrl,69,29,13
bul_Cyrl,69,30,19
bul_Cyrl,70,0,60
bul_Cyrl,70,1,13
bul_Cyrl,70,2,13
bul_Cyrl,70,3,13
bul_Cyrl,70,4,13
bul_Cyrl,70,5,13
bul_Cyrl,70,6,13
bul_Cyrl,70,7,13
bul_Cyrl,70,8,13
bul_Cyrl,70,9,13
bul_Cyrl,70,10,13
bul_Cyrl,70,11,13
bul_Cyrl,70,12,13
bul_Cyrl,70,13,13
bul_Cyrl,70,14,13
bul_Cyrl,70,15,13
bul_Cyrl,70,16,13
bul_Cyrl,70,17,13
bul_Cyrl,70,18,13
bul_Cyrl,70,19,13
eng_Latn,71,0,60
eng_Latn,71,1,34
eng_Latn,71,2,29
eng_Latn,71,3,34
eng_Latn,71,4,20
eng_Latn,71,5,49
eng_Latn,71,6,5
eng_Latn,71,7,49
bul_Cyrl,72,0,60
bul_Cyrl,72,1,9
bul_Cyrl,72,2,13
bul_Cyrl,72,3,13
bul_Cyrl,72,4,13
bul_Cyrl,72,5,13
bul_Cyrl,72,6,13
bul_Cyrl,72,7,13
bul_Cyrl,72,8,13
bul_Cyrl,72,9,13
bul_Cyrl,72,10,13
bul_Cyrl,72,11,13
bul_Cyrl,72,12,13
bul_Cyrl,72,13,13
bul_Cyrl,72,14,13
bul_Cyrl,72,15,13
bul_Cyrl,72,16,13
bul_Cyrl,73,0,60
bul_Cyrl,73,1,13
bul_Cyrl,73,2,13
bul_Cyrl,73,3,13
bul_Cyrl,73,4,13
bul_Cyrl,73,5,13
bul_Cyrl,73,6,13
bul_Cyrl,73,7,13
bul_Cyrl,73,8,13
bul_Cyrl,73,9,47
bul_Cyrl,73,10,47
bul_Cyrl,73,11,13
bul_Cyrl,73,12,39
bul_Cyrl,73,13,13
bul_Cyrl,73,14,13
bul_Cyrl,73,15,52
bul_Cyrl,73,16,13
bul_Cyrl,73,17,13
eng_Latn,74,0,60
eng_Latn,74,1,19
eng_Latn,74,2,22
eng_Latn,74,3,22
eng_Latn,74,4,34
eng_Latn,74,5,12
eng_Latn,74,6,22
eng_Latn,74,7,12
eng_Latn,74,8,22
bul_Cyrl,75,0,60
bul_Cyrl,75,1,12
bul_Cyrl,75,2,11
bul_Cyrl,75,3,19
bul_Cyrl,75,4,22
bul_Cyrl,75,5,13
bul_Cyrl,75,6,13
bul_Cyrl,75,7,13
bul_Cyrl,75,8,13
bul_Cyrl,75,9,13
bul_Cyrl,75,10,47
bul_Cyrl,75,11,13
bul_Cyrl,75,12,13
bul_Cyrl,75,13,13
bul_Cyrl,75,14,13
bul_Cyrl,75,15,13
bul_Cyrl,75,16,13
eng_Latn,76,0,60
eng_Latn,76,1,57
eng_Latn,76,2,32
eng_Latn,76,3,62
eng_Latn,76,4,62
eng_Latn,76,5,57
eng_Latn,77,0,60
eng_Latn,77,1,61
eng_Latn,77,2,9
eng_Latn,77,3,4
eng_Latn,77,4,51
eng_Latn,77,5,35
eng_Latn,77,6,9
eng_Latn,77,7,37
eng_Latn,77,8,46
eng_Latn,78,0,60
eng_Latn,78,1,39
eng_Latn,78,2,47
eng_Latn,78,3,34
bul_Cyrl,79,0,60
bul_Cyrl,79,1,13
bul_Cyrl,79,2,13
bul_Cyrl,79,3,13
bul_Cyrl,79,4,13
bul_Cyrl,79,5,13
bul_Cyrl,79,6,13
bul_Cyrl,79,7,13
bul_Cyrl,79,8,13
bul_Cyrl,79,9,13
bul_Cyrl,79,10,13
bul_Cyrl,79,11,13
bul_Cyrl,79,12,13
bul_Cyrl,79,13,13
bul_Cyrl,79,14,13
bul_Cyrl,79,15,13
bul_Cyrl,79,16,13
bul_Cyrl,79,17,13
bul_Cyrl,79,18,13
bul_Cyrl,79,19,13
bul_Cyrl,79,20,13
bul_Cyrl,79,21,13
bul_Cyrl,79,22,13
bul_Cyrl,79,23,13
bul_Cyrl,79,24,13
bul_Cyrl,79,25,13
bul_Cyrl,79,26,13
bul_Cyrl,80,0,60
bul_Cyrl,80,1,13
bul_Cyrl,80,2,13
bul_Cyrl,80,3,13
bul_Cyrl,80,4,13
bul_Cyrl,80,5,13
bul_Cyrl,80,6,13
bul_Cyrl,80,7,13
bul_Cyrl,80,8,13
bul_Cyrl,80,9,13
bul_Cyrl,80,10,13
bul_Cyrl,80,11,13
bul_Cyrl,80,12,13
bul_Cyrl,80,13,13
bul_Cyrl,80,14,13
bul_Cyrl,80,15,13
bul_Cyrl,80,16,13
bul_Cyrl,80,17,13
bul_Cyrl,80,18,13
bul_Cyrl,80,19,52
bul_Cyrl,80,20,52
bul_Cyrl,80,21,13
eng_Latn,81,0,60
eng_Latn,81,1,6
eng_Latn,81,2,48
eng_Latn,81,3,18
eng_Latn,81,4,63
eng_Latn,82,0,60
eng_Latn,82,1,37
eng_Latn,82,2,14
eng_Latn,82,3,19
bul_Cyrl,83,0,60
bul_Cyrl,83,1,13
bul_Cyrl,83,2,13
bul_Cyrl,83,3,13
bul_Cyrl,83,4,13
bul_Cyrl,83,5,13
bul_Cyrl,83,6,13
bul_Cyrl,83,7,13
bul_Cyrl,83,8,13
bul_Cyrl,83,9,13
bul_Cyrl,83,10,13
bul_Cyrl,83,11,13
bul_Cyrl,83,12,13
bul_Cyrl,83,13,13
bul_Cyrl,83,14,13
bul_Cyrl,83,15,13
bul_Cyrl,83,16,13
bul_Cyrl,83,17,13
bul_Cyrl,83,18,13
bul_Cyrl,83,19,13
bul_Cyrl,83,20,13
bul_Cyrl,84,0,60
bul_Cyrl,84,1,13
bul_Cyrl,84,2,13
bul_Cyrl,84,3,13
bul_Cyrl,84,4,13
bul_Cyrl,84,5,13
bul_Cyrl,84,6,13
bul_Cyrl,84,7,13
bul_Cyrl,84,8,13
bul_Cyrl,84,9,13
bul_Cyrl,84,10,13
bul_Cyrl,84,11,13
bul_Cyrl,84,12,13
bul_Cyrl,84,13,13
bul_Cyrl,84,14,13
bul_Cyrl,84,15,13
bul_Cyrl,84,16,13
bul_Cyrl,84,17,13
bul_Cyrl,84,18,13
bul_Cyrl,84,19,13
bul_Cyrl,84,20,13
bul_Cyrl,84,21,13
bul_Cyrl,84,22,13
eng_Latn,85,0,60
eng_Latn,85,1,56
eng_Latn,85,2,35
eng_Latn,85,3,56
eng_Latn,85,4,57
eng_Latn,86,0,60
eng_Latn,86,1,42
eng_Latn,86,2,18
eng_Latn,86,3,16
eng_Latn,86,4,54
eng_Latn,86,5,63
eng_Latn,86,6,30
eng_Latn,86,7,37
eng_Latn,86,8,47
bul_Cyrl,87,0,60
bul_Cyrl,87,1,13
bul_Cyrl,87,2,13
bul_Cyrl,87,3,13
bul_Cyrl,87,4,13
bul_Cyrl,87,5,13
bul_Cyrl,87,6,13
bul_Cyrl,87,7,13
bul_Cyrl,87,8,13
bul_Cyrl,87,9,13
bul_Cyrl,87,10,13
bul_Cyrl,87,11,13
bul_Cyrl,87,12,13
bul_Cyrl,87,13,13
bul_Cyrl,87,14,13
bul_Cyrl,87,15,13
bul_Cyrl,87,16,13
bul_Cyrl,87,17,13
bul_Cyrl,87,18,13
bul_Cyrl,87,19,13
bul_Cyrl,87,20,13
bul_Cyrl,88,0,60
bul_Cyrl,88,1,13
bul_Cyrl,88,2,13
bul_Cyrl,88,3,13
bul_Cyrl,88,4,13
bul_Cyrl,88,5,13
bul_Cyrl,88,6,13
bul_Cyrl,88,7,13
bul_Cyrl,89,0,60
bul_Cyrl,89,1,13
bul_Cyrl,89,2,13
bul_Cyrl,89,3,13
bul_Cyrl,89,4,13
bul_Cyrl,89,5,13
bul_Cyrl,89,6,13
bul_Cyrl,89,7,13
bul_Cyrl,89,8,13
bul_Cyrl,89,9,52
bul_Cyrl,89,10,52
bul_Cyrl,89,11,13
eng_Latn,90,0,60
eng_Latn,90,1,20
eng_Latn,90,2,35
eng_Latn,90,3,63
eng_Latn,90,4,53
eng_Latn,90,5,35
eng_Latn,90,6,15
eng_Latn,91,0,60
eng_Latn,91,1,22
eng_Latn,91,2,22
eng_Latn,91,3,22
eng_Latn,91,4,42
eng_Latn,91,5,29
eng_Latn,91,6,34
eng_Latn,91,7,9
eng_Latn,91,8,22
eng_Latn,91,9,51
bul_Cyrl,92,0,60
bul_Cyrl,92,1,13
bul_Cyrl,92,2,13
bul_Cyrl,92,3,13
bul_Cyrl,92,4,13
bul_Cyrl,92,5,13
bul_Cyrl,92,6,13
bul_Cyrl,92,7,13
bul_Cyrl,92,8,13
bul_Cyrl,92,9,13
bul_Cyrl,92,10,13
bul_Cyrl,92,11,13
bul_Cyrl,92,12,13
bul_Cyrl,92,13,13
bul_Cyrl,92,14,13
bul_Cyrl,92,15,13
bul_Cyrl,92,16,12
bul_Cyrl,92,17,52
bul_Cyrl,93,0,60
bul_Cyrl,93,1,13
bul_Cyrl,93,2,13
bul_Cyrl,93,3,13
bul_Cyrl,93,4,13
bul_Cyrl,93,5,13
bul_Cyrl,93,6,13
bul_Cyrl,93,7,13
bul_Cyrl,93,8,13
bul_Cyrl,93,9,13
bul_Cyrl,93,10,13
bul_Cyrl,93,11,13
bul_Cyrl,93,12,13
bul_Cyrl,93,13,13
bul_Cyrl,93,14,13
bul_Cyrl,93,15,13
eng_Latn,94,0,60
eng_Latn,94,1,24
eng_Latn,94,2,52
eng_Latn,94,3,24
eng_Latn,94,4,52
eng_Latn,95,0,60
eng_Latn,95,1,52
eng_Latn,95,2,57
eng_Latn,95,3,3
eng_Latn,95,4,3
eng_Latn,95,5,3
eng_Latn,95,6,19
eng_Latn,95,7,3
bul_Cyrl,96,0,60
bul_Cyrl,96,1,13
bul_Cyrl,96,2,13
bul_Cyrl,96,3,13
bul_Cyrl,96,4,13
bul_Cyrl,96,5,13
bul_Cyrl,96,6,13
bul_Cyrl,96,7,13
bul_Cyrl,96,8,13
bul_Cyrl,96,9,13
bul_Cyrl,97,0,60
bul_Cyrl,97,1,13
bul_Cyrl,97,2,13
bul_Cyrl,97,3,13
bul_Cyrl,97,4,13
bul_Cyrl,97,5,13
bul_Cyrl,97,6,13
bul_Cyrl,97,7,13
bul_Cyrl,97,8,13
bul_Cyrl,97,9,13
bul_Cyrl,97,10,13
bul_Cyrl,97,11,13
bul_Cyrl,97,12,13
bul_Cyrl,97,13,13
bul_Cyrl,97,14,13
bul_Cyrl,97,15,13
bul_Cyrl,97,16,13
bul_Cyrl,97,17,13
bul_Cyrl,97,18,13
bul_Cyrl,97,19,13
bul_Cyrl,97,20,13
bul_Cyrl,97,21,13
bul_Cyrl,97,22,13
bul_Cyrl,97,23,13
bul_Cyrl,97,24,13
eng_Latn,98,0,60
eng_Latn,98,1,35
eng_Latn,98,2,56
eng_Latn,98,3,16
eng_Latn,98,4,16
eng_Latn,98,5,54
eng_Latn,98,6,38
eng_Latn,98,7,50
eng_Latn,98,8,63
eng_Latn,99,0,60
eng_Latn,99,1,57
eng_Latn,99,2,45
eng_Latn,99,3,15
eng_Latn,99,4,10
eng_Latn,99,5,18
eng_Latn,99,6,16
eng_Latn,99,7,56
eng_Latn,99,8,57
eng_Latn,100,0,60
eng_Latn,100,1,50
eng_Latn,100,2,20
eng_Latn,100,3,16
eng_Latn,100,4,10
eng_Latn,100,5,23
eng_Latn,100,6,23
eng_Latn,100,7,16
eng_Latn,101,0,60
eng_Latn,101,1,56
eng_Latn,101,2,24
eng_Latn,101,3,19
eng_Latn,101,4,40
eng_Latn,101,5,49
eng_Latn,101,6,12
eng_Latn,101,7,22
eng_Latn,101,8,40
eng_Latn,101,9,15
eng_Latn,101,10,48
eng_Latn,101,11,59
eng_Latn,101,12,51
eng_Latn,102,0,60
eng_Latn,102,1,26
eng_Latn,102,2,26
eng_Latn,102,3,39
eng_Latn,102,4,5
eng_Latn,102,5,18
eng_Latn,102,6,53
eng_Latn,102,7,14
eng_Latn,102,8,63
eng_Latn,103,0,60
eng_Latn,103,1,22
eng_Latn,103,2,9
eng_Latn,103,3,9
eng_Latn,103,4,40
eng_Latn,103,5,51
eng_Latn,103,6,9
eng_Latn,103,7,9
eng_Latn,103,8,22
eng_Latn,103,9,9
eng_Latn,103,10,61
eng_Latn,103,11,22
eng_Latn,103,12,41
eng_Latn,103,13,34
eng_Latn,104,0,60
eng_Latn,104,1,26
eng_Latn,104,2,30
eng_Latn,104,3,46
eng_Latn,104,4,15
eng_Latn,105,0,60
eng_Latn,105,1,19
eng_Latn,105,2,22
eng_Latn,105,3,22
eng_Latn,105,4,52
eng_Latn,105,5,49
eng_Latn,105,6,9
eng_Latn,105,7,37
eng_Latn,105,8,57
eng_Latn,105,9,8
eng_Latn,106,0,60
eng_Latn,106,1,22
eng_Latn,106,2,34
eng_Latn,106,3,22
eng_Latn,106,4,38
eng_Latn,106,5,34
bul_Cyrl,107,0,60
bul_Cyrl,107,1,13
bul_Cyrl,107,2,13
bul_Cyrl,107,3,13
bul_Cyrl,107,4,13
bul_Cyrl,107,5,13
bul_Cyrl,107,6,13
bul_Cyrl,107,7,13
bul_Cyrl,107,8,13
bul_Cyrl,107,9,13
bul_Cyrl,107,10,13
bul_Cyrl,107,11,13
bul_Cyrl,107,12,13
bul_Cyrl,107,13,13
bul_Cyrl,107,14,13
eng_Latn,108,0,60
eng_Latn,108,1,39
eng_Latn,108,2,52
eng_Latn,108,3,52
eng_Latn,108,4,13
eng_Latn,108,5,52
eng_Latn,108,6,13
bul_Cyrl,109,0,60
bul_Cyrl,109,1,13
bul_Cyrl,109,2,13
bul_Cyrl,109,3,13
bul_Cyrl,109,4,13
bul_Cyrl,109,5,13
bul_Cyrl,109,6,13
bul_Cyrl,109,7,13
bul_Cyrl,109,8,13
bul_Cyrl,109,9,13
bul_Cyrl,109,10,13
bul_Cyrl,109,11,13
bul_Cyrl,109,12,13
bul_Cyrl,109,13,13
bul_Cyrl,109,14,13
bul_Cyrl,109,15,13
bul_Cyrl,109,16,47
bul_Cyrl,109,17,27
bul_Cyrl,109,18,13
bul_Cyrl,109,19,13
bul_Cyrl,109,20,13
bul_Cyrl,109,21,13
eng_Latn,110,0,60
eng_Latn,110,1,22
eng_Latn,110,2,60
eng_Latn,110,3,9
eng_Latn,110,4,26
eng_Latn,110,5,26
eng_Latn,110,6,49
eng_Latn,110,7,27
eng_Latn,110,8,27
eng_Latn,110,9,27
eng_Latn,110,10,7
bul_Cyrl,111,0,60
bul_Cyrl,111,1,13
bul_Cyrl,111,2,13
bul_Cyrl,111,3,13
bul_Cyrl,111,4,13
bul_Cyrl,111,5,13
bul_Cyrl,111,6,13
bul_Cyrl,111,7,13
bul_Cyrl,111,8,13
bul_Cyrl,111,9,13
bul_Cyrl,111,10,13
bul_Cyrl,111,11,13
bul_Cyrl,111,12,13
bul_Cyrl,111,13,13
bul_Cyrl,111,14,13
bul_Cyrl,111,15,13
bul_Cyrl,111,16,13
bul_Cyrl,111,17,13
bul_Cyrl,111,18,13
bul_Cyrl,111,19,13
bul_Cyrl,111,20,13
bul_Cyrl,111,21,13
eng_Latn,112,0,60
eng_Latn,112,1,16
eng_Latn,112,2,19
eng_Latn,112,3,47
eng_Latn,112,4,16
eng_Latn,112,5,50
eng_Latn,112,6,16
eng_Latn,112,7,38
eng_Latn,112,8,57
bul_Cyrl,113,0,60
bul_Cyrl,113,1,13
bul_Cyrl,113,2,13
bul_Cyrl,113,3,13
bul_Cyrl,113,4,13
bul_Cyrl,113,5,13
bul_Cyrl,113,6,13
bul_Cyrl,113,7,13
bul_Cyrl,113,8,13
bul_Cyrl,113,9,13
bul_Cyrl,113,10,13
bul_Cyrl,113,11,13
bul_Cyrl,113,12,13
bul_Cyrl,113,13,13
bul_Cyrl,113,14,13
bul_Cyrl,113,15,13
bul_Cyrl,113,16,13
bul_Cyrl,113,17,47
bul_Cyrl,113,18,13
bul_Cyrl,113,19,13
eng_Latn,114,0,60
eng_Latn,114,1,51
eng_Latn,114,2,34
eng_Latn,114,3,54
eng_Latn,114,4,9
eng_Latn,114,5,17
eng_Latn,114,6,20
eng_Latn,114,7,62
eng_Latn,114,8,34
eng_Latn,115,0,60
eng_Latn,115,1,48
eng_Latn,115,2,9
eng_Latn,115,3,56
eng_Latn,115,4,54
eng_Latn,115,5,31
eng_Latn,115,6,16
eng_Latn,115,7,20
eng_Latn,115,8,26
eng_Latn,116,0,60
eng_Latn,116,1,35
eng_Latn,116,2,61
eng_Latn,116,3,56
eng_Latn,116,4,52
eng_Latn,116,5,56
eng_Latn,116,6,35
eng_Latn,116,7,51
eng_Latn,116,8,1
eng_Latn,116,9,52
eng_Latn,116,10,52
eng_Latn,116,11,35
eng_Latn,116,12,47
bul_Cyrl,117,0,60
bul_Cyrl,117,1,13
bul_Cyrl,117,2,13
bul_Cyrl,117,3,13
bul_Cyrl,117,4,13
bul_Cyrl,117,5,13
bul_Cyrl,117,6,13
bul_Cyrl,117,7,13
bul_Cyrl,117,8,13
bul_Cyrl,117,9,13
bul_Cyrl,117,10,13
bul_Cyrl,118,0,60
bul_Cyrl,118,1,13
bul_Cyrl,118,2,13
bul_Cyrl,118,3,13
bul_Cyrl,118,4,13
bul_Cyrl,118,5,13
bul_Cyrl,118,6,13
bul_Cyrl,118,7,13
bul_Cyrl,118,8,13
eng_Latn,119,0,60
eng_Latn,119,1,52
eng_Latn,119,2,1
eng_Latn,119,3,52
eng_Latn,119,4,52
eng_Latn,119,5,47
eng_Latn,119,6,19
eng_Latn,119,7,63
bul_Cyrl,120,0,60
bul_Cyrl,120,1,22
bul_Cyrl,120,2,9
bul_Cyrl,120,3,22
bul_Cyrl,120,4,13
bul_Cyrl,120,5,13
bul_Cyrl,120,6,13
bul_Cyrl,120,7,13
bul_Cyrl,120,8,13
bul_Cyrl,120,9,13
bul_Cyrl,120,10,13
bul_Cyrl,120,11,13
bul_Cyrl,120,12,13
bul_Cyrl,120,13,13
bul_Cyrl,120,14,13
bul_Cyrl,120,15,13
bul_Cyrl,120,16,13
bul_Cyrl,120,17,13
bul_Cyrl,120,18,13
bul_Cyrl,121,0,60
bul_Cyrl,121,1,9
bul_Cyrl,121,2,13
bul_Cyrl,121,3,13
bul_Cyrl,121,4,13
bul_Cyrl,121,5,13
bul_Cyrl,121,6,13
bul_Cyrl,121,7,13
bul_Cyrl,121,8,13
bul_Cyrl,121,9,13
bul_Cyrl,121,10,13
bul_Cyrl,121,11,13
bul_Cyrl,121,12,26
bul_Cyrl,121,13,13
bul_Cyrl,121,14,13
bul_Cyrl,121,15,13
bul_Cyrl,121,16,26
bul_Cyrl,121,17,26
bul_Cyrl,121,18,26
bul_Cyrl,121,19,13
bul_Cyrl,121,20,13
bul_Cyrl,122,0,60
bul_Cyrl,122,1,12
bul_Cyrl,122,2,13
bul_Cyrl,122,3,13
bul_Cyrl,122,4,13
bul_Cyrl,122,5,13
bul_Cyrl,122,6,13
bul_Cyrl,122,7,13
bul_Cyrl,122,8,13
bul_Cyrl,122,9,13
bul_Cyrl,122,10,13
bul_Cyrl,122,11,13
bul_Cyrl,122,12,13
bul_Cyrl,122,13,13
bul_Cyrl,122,14,13
bul_Cyrl,123,0,60
bul_Cyrl,123,1,13
bul_Cyrl,123,2,13
bul_Cyrl,123,3,13
bul_Cyrl,123,4,13
bul_Cyrl,124,0,60
bul_Cyrl,124,1,13
bul_Cyrl,124,2,13
bul_Cyrl,124,3,13
bul_Cyrl,124,4,13
bul_Cyrl,124,5,13
bul_Cyrl,124,6,13
bul_Cyrl,124,7,13
bul_Cyrl,124,8,13
bul_Cyrl,124,9,13
bul_Cyrl,124,10,13
bul_Cyrl,124,11,13
bul_Cyrl,124,12,13
bul_Cyrl,124,13,1
bul_Cyrl,124,14,13
bul_Cyrl,124,15,13
bul_Cyrl,124,16,13
bul_Cyrl,124,17,13
bul_Cyrl,124,18,13
bul_Cyrl,124,19,13
bul_Cyrl,124,20,13
bul_Cyrl,124,21,61
bul_Cyrl,125,0,60
bul_Cyrl,125,1,13
bul_Cyrl,125,2,13
bul_Cyrl,125,3,52
bul_Cyrl,125,4,13
bul_Cyrl,125,5,13
bul_Cyrl,125,6,13
bul_Cyrl,125,7,13
bul_Cyrl,125,8,13
bul_Cyrl,125,9,13
bul_Cyrl,125,10,13
bul_Cyrl,126,0,60
bul_Cyrl,126,1,13
bul_Cyrl,126,2,13
bul_Cyrl,126,3,13
bul_Cyrl,126,4,13
bul_Cyrl,126,5,13
bul_Cyrl,126,6,13
bul_Cyrl,126,7,13
bul_Cyrl,126,8,13
bul_Cyrl,126,9,13
bul_Cyrl,126,10,13
bul_Cyrl,127,0,60
bul_Cyrl,127,1,13
bul_Cyrl,127,2,1
bul_Cyrl,127,3,13
bul_Cyrl,127,4,13
bul_Cyrl,127,5,13
bul_Cyrl,127,6,13
bul_Cyrl,127,7,13
bul_Cyrl,127,8,13
bul_Cyrl,127,9,13
bul_Cyrl,127,10,13
eng_Latn,128,0,60
eng_Latn,128,1,46
eng_Latn,128,2,56
eng_Latn,128,3,16
eng_Latn,128,4,20
eng_Latn,128,5,14
eng_Latn,128,6,47
bul_Cyrl,129,0,60
bul_Cyrl,129,1,13
bul_Cyrl,129,2,13
bul_Cyrl,129,3,13
bul_Cyrl,129,4,13
bul_Cyrl,129,5,13
bul_Cyrl,129,6,13
bul_Cyrl,129,7,13
bul_Cyrl,129,8,13
bul_Cyrl,129,9,13
bul_Cyrl,129,10,13
bul_Cyrl,129,11,13
bul_Cyrl,129,12,13
bul_Cyrl,129,13,13
bul_Cyrl,129,14,13
bul_Cyrl,129,15,13
bul_Cyrl,129,16,13
bul_Cyrl,129,17,13
bul_Cyrl,129,18,13
bul_Cyrl,129,19,13
bul_Cyrl,129,20,13
bul_Cyrl,129,21,13
bul_Cyrl,129,22,13
bul_Cyrl,129,23,13
bul_Cyrl,129,24,13
bul_Cyrl,130,0,60
bul_Cyrl,130,1,13
bul_Cyrl,130,2,13
bul_Cyrl,130,3,13
bul_Cyrl,130,4,13
bul_Cyrl,130,5,13
bul_Cyrl,130,6,13
bul_Cyrl,130,7,13
bul_Cyrl,130,8,13
bul_Cyrl,130,9,9
bul_Cyrl,130,10,13
bul_Cyrl,130,11,13
bul_Cyrl,130,12,13
bul_Cyrl,131,0,60
bul_Cyrl,131,1,13
bul_Cyrl,131,2,13
bul_Cyrl,131,3,13
bul_Cyrl,131,4,13
bul_Cyrl,131,5,13
bul_Cyrl,131,6,13
bul_Cyrl,131,7,13
bul_Cyrl,131,8,13
bul_Cyrl,131,9,13
bul_Cyrl,131,10,13
bul_Cyrl,131,11,13
bul_Cyrl,131,12,13
bul_Cyrl,131,13,13
bul_Cyrl,131,14,13
bul_Cyrl,131,15,52
bul_Cyrl,131,16,13
bul_Cyrl,131,17,13
eng_Latn,132,0,60
eng_Latn,132,1,33
eng_Latn,132,2,33
eng_Latn,132,3,33
eng_Latn,132,4,33
eng_Latn,132,5,33
eng_Latn,132,6,33
eng_Latn,132,7,33
eng_Latn,132,8,33
bul_Cyrl,133,0,60
bul_Cyrl,133,1,13
bul_Cyrl,133,2,13
bul_Cyrl,133,3,13
bul_Cyrl,133,4,13
bul_Cyrl,133,5,13
bul_Cyrl,133,6,13
bul_Cyrl,133,7,1
bul_Cyrl,133,8,13
bul_Cyrl,133,9,13
bul_Cyrl,133,10,13
bul_Cyrl,133,11,13
bul_Cyrl,133,12,13
bul_Cyrl,133,13,47
bul_Cyrl,133,14,13
bul_Cyrl,133,15,13
bul_Cyrl,133,16,13
bul_Cyrl,133,17,13
eng_Latn,134,0,60
eng_Latn,134,1,45
eng_Latn,134,2,35
eng_Latn,134,3,18
eng_Latn,134,4,56
eng_Latn,134,5,38
eng_Latn,134,6,24
eng_Latn,134,7,55
eng_Latn,134,8,41
eng_Latn,134,9,43
eng_Latn,134,10,48
eng_Latn,135,0,60
eng_Latn,135,1,20
eng_Latn,135,2,37
eng_Latn,135,3,40
eng_Latn,135,4,59
bul_Cyrl,136,0,60
bul_Cyrl,136,1,13
bul_Cyrl,136,2,13
bul_Cyrl,136,3,13
bul_Cyrl,136,4,13
bul_Cyrl,136,5,13
bul_Cyrl,136,6,13
bul_Cyrl,136,7,13
bul_Cyrl,136,8,13
bul_Cyrl,136,9,13
bul_Cyrl,136,10,13
bul_Cyrl,136,11,13
bul_Cyrl,136,12,13
bul_Cyrl,136,13,27
bul_Cyrl,136,14,13
bul_Cyrl,136,15,13
bul_Cyrl,136,16,13
bul_Cyrl,136,17,13
bul_Cyrl,136,18,13
bul_Cyrl,136,19,13
bul_Cyrl,136,20,13
bul_Cyrl,136,21,13
bul_Cyrl,136,22,13
bul_Cyrl,136,23,13
bul_Cyrl,136,24,13
eng_Latn,137,0,60
eng_Latn,137,1,38
eng_Latn,137,2,15
eng_Latn,137,3,20
eng_Latn,137,4,38
eng_Latn,137,5,56
eng_Latn,137,6,61
eng_Latn,137,7,19
eng_Latn,137,8,51
eng_Latn,138,0,60
eng_Latn,138,1,22
eng_Latn,138,2,51
eng_Latn,138,3,46
eng_Latn,138,4,45
eng_Latn,138,5,46
eng_Latn,138,6,45
eng_Latn,138,7,51
eng_Latn,139,0,60
eng_Latn,139,1,37
eng_Latn,139,2,34
eng_Latn,139,3,42
eng_Latn,139,4,22
eng_Latn,139,5,19
eng_Latn,139,6,63
eng_Latn,139,7,5
eng_Latn,139,8,47
eng_Latn,140,0,60
eng_Latn,140,1,40
eng_Latn,140,2,14
eng_Latn,141,0,60
eng_Latn,141,1,51
eng_Latn,141,2,26
eng_Latn,141,3,61
eng_Latn,141,4,49
bul_Cyrl,142,0,60
bul_Cyrl,142,1,13
bul_Cyrl,142,2,13
bul_Cyrl,142,3,13
bul_Cyrl,142,4,13
bul_Cyrl,142,5,13
bul_Cyrl,142,6,13
bul_Cyrl,142,7,13
bul_Cyrl,142,8,13
bul_Cyrl,142,9,13
bul_Cyrl,142,10,13
bul_Cyrl,142,11,13
bul_Cyrl,142,12,13
bul_Cyrl,142,13,13
bul_Cyrl,142,14,13
bul_Cyrl,142,15,13
bul_Cyrl,142,16,13
bul_Cyrl,142,17,13
bul_Cyrl,143,0,60
bul_Cyrl,143,1,13
bul_Cyrl,143,2,13
bul_Cyrl,143,3,13
bul_Cyrl,143,4,13
bul_Cyrl,143,5,13
bul_Cyrl,143,6,13
bul_Cyrl,143,7,13
bul_Cyrl,143,8,13
bul_Cyrl,143,9,13
bul_Cyrl,143,10,13
bul_Cyrl,143,11,13
bul_Cyrl,143,12,13
bul_Cyrl,143,13,13
bul_Cyrl,143,14,13
bul_Cyrl,143,15,13
bul_Cyrl,143,16,13
bul_Cyrl,143,17,13
bul_Cyrl,143,18,13
bul_Cyrl,143,19,13
bul_Cyrl,143,20,13
bul_Cyrl,143,21,13
bul_Cyrl,143,22,13
bul_Cyrl,143,23,13
bul_Cyrl,143,24,13
bul_Cyrl,143,25,13
eng_Latn,144,0,60
eng_Latn,144,1,14
eng_Latn,144,2,48
eng_Latn,144,3,37
eng_Latn,145,0,60
eng_Latn,145,1,40
eng_Latn,145,2,5
eng_Latn,145,3,49
eng_Latn,145,4,5
eng_Latn,145,5,3
eng_Latn,145,6,57
eng_Latn,145,7,53
eng_Latn,145,8,37
eng_Latn,145,9,63
bul_Cyrl,146,0,60
bul_Cyrl,146,1,13
bul_Cyrl,146,2,13
bul_Cyrl,146,3,13
bul_Cyrl,146,4,13
bul_Cyrl,146,5,13
bul_Cyrl,146,6,13
bul_Cyrl,146,7,52
bul_Cyrl,146,8,13
bul_Cyrl,146,9,52
bul_Cyrl,146,10,13
bul_Cyrl,146,11,13
bul_Cyrl,146,12,13
bul_Cyrl,146,13,13
bul_Cyrl,146,14,13
bul_Cyrl,146,15,13
bul_Cyrl,146,16,13
bul_Cyrl,146,17,13
bul_Cyrl,146,18,13
bul_Cyrl,146,19,13
bul_Cyrl,146,20,13
bul_Cyrl,146,21,13
bul_Cyrl,146,22,13
eng_Latn,147,0,60
eng_Latn,147,1,56
eng_Latn,147,2,35
eng_Latn,147,3,57
eng_Latn,147,4,20
eng_Latn,147,5,59
eng_Latn,147,6,57
eng_Latn,147,7,57
eng_Latn,147,8,59
eng_Latn,147,9,47
eng_Latn,147,10,15
eng_Latn,148,0,60
eng_Latn,148,1,12
eng_Latn,148,2,42
eng_Latn,148,3,22
eng_Latn,148,4,27
eng_Latn,148,5,49
eng_Latn,148,6,12
eng_Latn,148,7,22
eng_Latn,148,8,22
eng_Latn,149,0,60
eng_Latn,149,1,26
eng_Latn,149,2,39
eng_Latn,149,3,39
eng_Latn,150,0,60
eng_Latn,150,1,19
eng_Latn,150,2,33
eng_Latn,150,3,19
eng_Latn,150,4,15
eng_Latn,150,5,33
eng_Latn,150,6,61
eng_Latn,150,7,20
eng_Latn,150,8,19
eng_Latn,150,9,15
eng_Latn,151,0,60
eng_Latn,151,1,38
eng_Latn,151,2,48
eng_Latn,151,3,41
eng_Latn,151,4,46
eng_Latn,151,5,56
eng_Latn,151,6,53
eng_Latn,151,7,35
eng_Latn,151,8,63
eng_Latn,152,0,60
eng_Latn,152,1,31
eng_Latn,152,2,9
eng_Latn,152,3,18
eng_Latn,152,4,34
eng_Latn,152,5,18
eng_Latn,152,6,20
eng_Latn,152,7,41
eng_Latn,152,8,34
eng_Latn,152,9,18
eng_Latn,152,10,34
eng_Latn,153,0,60
eng_Latn,153,1,40
eng_Latn,153,2,40
eng_Latn,153,3,10
eng_Latn,153,4,56
eng_Latn,153,5,35
eng_Latn,153,6,56
eng_Latn,153,7,54
eng_Latn,153,8,19
eng_Latn,153,9,44
eng_Latn,154,0,60
eng_Latn,154,1,22
eng_Latn,154,2,19
eng_Latn,154,3,63
eng_Latn,154,4,48
eng_Latn,154,5,63
bul_Cyrl,155,0,60
bul_Cyrl,155,1,13
bul_Cyrl,155,2,13
bul_Cyrl,155,3,13
bul_Cyrl,155,4,13
bul_Cyrl,155,5,13
bul_Cyrl,155,6,13
bul_Cyrl,155,7,13
bul_Cyrl,155,8,13
bul_Cyrl,155,9,13
bul_Cyrl,155,10,13
bul_Cyrl,155,11,13
bul_Cyrl,155,12,13
bul_Cyrl,155,13,13
bul_Cyrl,155,14,13
bul_Cyrl,156,0,60
bul_Cyrl,156,1,13
bul_Cyrl,156,2,13
bul_Cyrl,156,3,13
bul_Cyrl,156,4,13
bul_Cyrl,156,5,13
bul_Cyrl,156,6,13
bul_Cyrl,156,7,13
bul_Cyrl,156,8,13
bul_Cyrl,156,9,13
bul_Cyrl,156,10,13
bul_Cyrl,156,11,13
bul_Cyrl,156,12,13
bul_Cyrl,156,13,13
bul_Cyrl,156,14,13
bul_Cyrl,156,15,13
bul_Cyrl,156,16,13
bul_Cyrl,156,17,13
bul_Cyrl,156,18,13
bul_Cyrl,157,0,60
bul_Cyrl,157,1,13
bul_Cyrl,157,2,13
bul_Cyrl,157,3,13
bul_Cyrl,157,4,13
bul_Cyrl,157,5,13
bul_Cyrl,157,6,13
bul_Cyrl,157,7,13
bul_Cyrl,157,8,13
bul_Cyrl,157,9,13
bul_Cyrl,157,10,13
bul_Cyrl,157,11,13
bul_Cyrl,157,12,13
bul_Cyrl,157,13,13
bul_Cyrl,157,14,13
bul_Cyrl,157,15,13
bul_Cyrl,157,16,13
bul_Cyrl,157,17,13
bul_Cyrl,157,18,13
bul_Cyrl,157,19,13
bul_Cyrl,157,20,13
bul_Cyrl,157,21,13
bul_Cyrl,157,22,13
bul_Cyrl,157,23,13
bul_Cyrl,157,24,13
bul_Cyrl,157,25,27
bul_Cyrl,157,26,27
bul_Cyrl,157,27,27
bul_Cyrl,157,28,13
bul_Cyrl,158,0,60
bul_Cyrl,158,1,13
bul_Cyrl,158,2,13
bul_Cyrl,158,3,13
bul_Cyrl,158,4,13
bul_Cyrl,158,5,13
bul_Cyrl,158,6,13
bul_Cyrl,158,7,13
bul_Cyrl,158,8,13
bul_Cyrl,158,9,13
bul_Cyrl,158,10,13
bul_Cyrl,158,11,52
bul_Cyrl,158,12,13
bul_Cyrl,158,13,13
bul_Cyrl,158,14,52
bul_Cyrl,158,15,13
bul_Cyrl,158,16,1
bul_Cyrl,158,17,52
bul_Cyrl,158,18,13
bul_Cyrl,158,19,13
bul_Cyrl,158,20,52
bul_Cyrl,158,21,13
bul_Cyrl,159,0,60
bul_Cyrl,159,1,13
bul_Cyrl,159,2,13
bul_Cyrl,159,3,13
bul_Cyrl,159,4,13
bul_Cyrl,159,5,13
bul_Cyrl,159,6,13
bul_Cyrl,159,7,13
bul_Cyrl,159,8,13
bul_Cyrl,159,9,13
eng_Latn,160,0,60
eng_Latn,160,1,42
eng_Latn,160,2,19
eng_Latn,160,3,22
eng_Latn,160,4,26
eng_Latn,160,5,26
eng_Latn,160,6,60
eng_Latn,160,7,9
eng_Latn,160,8,26
eng_Latn,160,9,8
bul_Cyrl,161,0,60
bul_Cyrl,161,1,24
bul_Cyrl,161,2,61
bul_Cyrl,161,3,40
bul_Cyrl,161,4,7
bul_Cyrl,161,5,36
bul_Cyrl,162,0,60
bul_Cyrl,162,1,13
bul_Cyrl,162,2,13
bul_Cyrl,162,3,13
bul_Cyrl,162,4,13
bul_Cyrl,162,5,13
bul_Cyrl,162,6,13
bul_Cyrl,162,7,37
bul_Cyrl,163,0,60
bul_Cyrl,163,1,40
bul_Cyrl,163,2,13
bul_Cyrl,163,3,13
bul_Cyrl,163,4,13
bul_Cyrl,163,5,13
bul_Cyrl,163,6,13
bul_Cyrl,163,7,13
bul_Cyrl,164,0,60
bul_Cyrl,164,1,13
bul_Cyrl,164,2,13
bul_Cyrl,164,3,13
bul_Cyrl,164,4,13
bul_Cyrl,164,5,13
bul_Cyrl,164,6,13
bul_Cyrl,164,7,13
bul_Cyrl,164,8,13
bul_Cyrl,164,9,13
bul_Cyrl,164,10,13
bul_Cyrl,164,11,13
bul_Cyrl,164,12,12
bul_Cyrl,164,13,13
bul_Cyrl,164,14,13
bul_Cyrl,164,15,13
bul_Cyrl,164,16,13
bul_Cyrl,164,17,13
bul_Cyrl,164,18,13
bul_Cyrl,164,19,13
bul_Cyrl,164,20,13
bul_Cyrl,164,21,13
bul_Cyrl,164,22,13
bul_Cyrl,164,23,13
bul_Cyrl,164,24,13
bul_Cyrl,164,25,13
bul_Cyrl,164,26,39
bul_Cyrl,164,27,13
bul_Cyrl,164,28,13
bul_Cyrl,164,29,13
bul_Cyrl,164,30,13
bul_Cyrl,164,31,13
bul_Cyrl,164,32,13
bul_Cyrl,164,33,13
bul_Cyrl,164,34,13
bul_Cyrl,164,35,13
bul_Cyrl,164,36,13
bul_Cyrl,164,37,13
bul_Cyrl,164,38,13
bul_Cyrl,164,39,13
bul_Cyrl,164,40,13
bul_Cyrl,164,41,13
bul_Cyrl,165,0,60
bul_Cyrl,165,1,13
bul_Cyrl,165,2,13
bul_Cyrl,165,3,13
bul_Cyrl,165,4,13
bul_Cyrl,165,5,13
bul_Cyrl,165,6,13
bul_Cyrl,165,7,13
bul_Cyrl,165,8,13
bul_Cyrl,165,9,13
bul_Cyrl,165,10,13
bul_Cyrl,165,11,13
bul_Cyrl,165,12,13
bul_Cyrl,165,13,13
bul_Cyrl,165,14,13
bul_Cyrl,165,15,13
bul_Cyrl,165,16,13
bul_Cyrl,165,17,13
bul_Cyrl,165,18,13
bul_Cyrl,165,19,13
bul_Cyrl,165,20,13
bul_Cyrl,165,21,13
bul_Cyrl,165,22,13
bul_Cyrl,165,23,13
bul_Cyrl,165,24,13
bul_Cyrl,165,25,13
bul_Cyrl,165,26,13
bul_Cyrl,165,27,13
bul_Cyrl,166,0,60
bul_Cyrl,166,1,13
bul_Cyrl,166,2,13
bul_Cyrl,166,3,13
bul_Cyrl,166,4,13
bul_Cyrl,166,5,13
bul_Cyrl,166,6,13
bul_Cyrl,166,7,13
bul_Cyrl,166,8,13
bul_Cyrl,166,9,13
bul_Cyrl,166,10,13
bul_Cyrl,166,11,13
bul_Cyrl,166,12,13
bul_Cyrl,166,13,13
bul_Cyrl,166,14,13
bul_Cyrl,166,15,13
eng_Latn,167,0,60
eng_Latn,167,1,9
eng_Latn,167,2,56
eng_Latn,167,3,38
eng_Latn,167,4,8
eng_Latn,168,0,60
eng_Latn,168,1,22
eng_Latn,168,2,45
eng_Latn,168,3,50
eng_Latn,168,4,18
eng_Latn,168,5,16
eng_Latn,168,6,11
eng_Latn,168,7,54
bul_Cyrl,169,0,60
bul_Cyrl,169,1,13
bul_Cyrl,169,2,13
bul_Cyrl,169,3,13
bul_Cyrl,169,4,13
bul_Cyrl,169,5,13
bul_Cyrl,169,6,13
bul_Cyrl,169,7,13
bul_Cyrl,169,8,13
bul_Cyrl,169,9,13
bul_Cyrl,169,10,13
bul_Cyrl,169,11,39
bul_Cyrl,169,12,13
eng_Latn,170,0,60
eng_Latn,170,1,34
eng_Latn,170,2,20
eng_Latn,170,3,38
eng_Latn,170,4,61
eng_Latn,170,5,27
eng_Latn,170,6,33
eng_Latn,170,7,33
bul_Cyrl,171,0,60
bul_Cyrl,171,1,13
bul_Cyrl,171,2,13
bul_Cyrl,171,3,13
bul_Cyrl,171,4,13
bul_Cyrl,171,5,13
bul_Cyrl,171,6,13
bul_Cyrl,171,7,13
bul_Cyrl,171,8,13
eng_Latn,172,0,60
eng_Latn,172,1,9
eng_Latn,172,2,22
eng_Latn,172,3,11
eng_Latn,172,4,61
eng_Latn,172,5,47
eng_Latn,172,6,40
eng_Latn,172,7,5
eng_Latn,172,8,40
eng_Latn,172,9,30
eng_Latn,172,10,49
eng_Latn,173,0,60
eng_Latn,173,1,1
eng_Latn,173,2,22
eng_Latn,173,3,26
eng_Latn,173,4,26
eng_Latn,173,5,60
eng_Latn,173,6,12
eng_Latn,173,7,22
eng_Latn,173,8,22
eng_Latn,173,9,22
eng_Latn,173,10,22
eng_Latn,173,11,47
eng_Latn,173,12,62
eng_Latn,173,13,34
eng_Latn,174,0,60
eng_Latn,174,1,45
eng_Latn,174,2,45
eng_Latn,174,3,38
eng_Latn,174,4,18
eng_Latn,174,5,56
eng_Latn,174,6,53
eng_Latn,174,7,23
eng_Latn,174,8,34
eng_Latn,175,0,60
eng_Latn,175,1,20
eng_Latn,175,2,41
eng_Latn,175,3,57
eng_Latn,175,4,45
eng_Latn,175,5,18
eng_Latn,175,6,23
eng_Latn,175,7,43
eng_Latn,175,8,20
eng_Latn,175,9,33
eng_Latn,175,10,24
eng_Latn,175,11,33
eng_Latn,175,12,33
eng_Latn,176,0,60
eng_Latn,176,1,53
eng_Latn,176,2,44
eng_Latn,176,3,34
eng_Latn,176,4,53
eng_Latn,176,5,49
eng_Latn,176,6,63
bul_Cyrl,177,0,60
bul_Cyrl,177,1,13
bul_Cyrl,177,2,13
bul_Cyrl,177,3,13
bul_Cyrl,177,4,13
bul_Cyrl,177,5,13
bul_Cyrl,177,6,13
bul_Cyrl,177,7,13
bul_Cyrl,177,8,13
bul_Cyrl,177,9,13
bul_Cyrl,177,10,13
bul_Cyrl,177,11,13
bul_Cyrl,177,12,13
bul_Cyrl,177,13,13
bul_Cyrl,177,14,13
bul_Cyrl,177,15,13
bul_Cyrl,177,16,13
bul_Cyrl,178,0,60
bul_Cyrl,178,1,22
bul_Cyrl,178,2,13
bul_Cyrl,178,3,61
bul_Cyrl,178,4,27
bul_Cyrl,178,5,13
bul_Cyrl,178,6,13
bul_Cyrl,178,7,19
bul_Cyrl,178,8,40
bul_Cyrl,178,9,40
bul_Cyrl,178,10,12
bul_Cyrl,178,11,19
bul_Cyrl,178,12,13
bul_Cyrl,178,13,13
bul_Cyrl,178,14,47
bul_Cyrl,178,15,13
bul_Cyrl,179,0,60
bul_Cyrl,179,1,58
bul_Cyrl,179,2,22
bul_Cyrl,179,3,12
bul_Cyrl,179,4,22
bul_Cyrl,179,5,13
bul_Cyrl,179,6,13
bul_Cyrl,179,7,13
bul_Cyrl,179,8,13
bul_Cyrl,179,9,13
bul_Cyrl,179,10,1
bul_Cyrl,179,11,13
bul_Cyrl,179,12,12
bul_Cyrl,179,13,22
bul_Cyrl,179,14,12
bul_Cyrl,179,15,58
bul_Cyrl,179,16,12
bul_Cyrl,179,17,22
bul_Cyrl,179,18,58
bul_Cyrl,179,19,22
bul_Cyrl,180,0,60
bul_Cyrl,180,1,13
bul_Cyrl,180,2,13
bul_Cyrl,180,3,13
bul_Cyrl,180,4,13
bul_Cyrl,180,5,13
bul_Cyrl,180,6,13
bul_Cyrl,180,7,13
bul_Cyrl,180,8,13
bul_Cyrl,180,9,13
bul_Cyrl,180,10,13
bul_Cyrl,180,11,13
bul_Cyrl,180,12,13
bul_Cyrl,180,13,13
bul_Cyrl,180,14,13
bul_Cyrl,180,15,13
bul_Cyrl,180,16,13
bul_Cyrl,180,17,13
bul_Cyrl,180,18,13
bul_Cyrl,180,19,13
bul_Cyrl,181,0,60
bul_Cyrl,181,1,52
bul_Cyrl,181,2,13
bul_Cyrl,181,3,13
bul_Cyrl,181,4,13
bul_Cyrl,181,5,13
bul_Cyrl,181,6,13
bul_Cyrl,181,7,13
bul_Cyrl,181,8,13
eng_Latn,182,0,60
eng_Latn,182,1,47
eng_Latn,182,2,19
eng_Latn,182,3,46
eng_Latn,182,4,5
eng_Latn,182,5,35
eng_Latn,182,6,46
eng_Latn,182,7,42
eng_Latn,182,8,47
eng_Latn,182,9,61
eng_Latn,182,10,61
eng_Latn,182,11,49
eng_Latn,182,12,22
eng_Latn,182,13,47
eng_Latn,182,14,60
bul_Cyrl,183,0,60
bul_Cyrl,183,1,13
bul_Cyrl,183,2,13
bul_Cyrl,183,3,13
bul_Cyrl,183,4,13
bul_Cyrl,183,5,13
bul_Cyrl,183,6,13
bul_Cyrl,183,7,13
bul_Cyrl,183,8,13
bul_Cyrl,183,9,13
bul_Cyrl,183,10,13
bul_Cyrl,183,11,13
bul_Cyrl,183,12,13
bul_Cyrl,183,13,13
bul_Cyrl,183,14,13
bul_Cyrl,183,15,13
bul_Cyrl,183,16,13
bul_Cyrl,183,17,13
bul_Cyrl,183,18,13
bul_Cyrl,183,19,13
bul_Cyrl,183,20,13
bul_Cyrl,183,21,13
bul_Cyrl,183,22,13
bul_Cyrl,183,23,13
bul_Cyrl,183,24,13
bul_Cyrl,183,25,13
bul_Cyrl,183,26,13
bul_Cyrl,184,0,60
bul_Cyrl,184,1,13
bul_Cyrl,184,2,13
bul_Cyrl,184,3,13
bul_Cyrl,184,4,13
bul_Cyrl,184,5,13
bul_Cyrl,184,6,13
bul_Cyrl,184,7,47
bul_Cyrl,184,8,13
bul_Cyrl,184,9,13
bul_Cyrl,184,10,13
bul_Cyrl,184,11,13
bul_Cyrl,184,12,13
bul_Cyrl,184,13,13
bul_Cyrl,184,14,47
bul_Cyrl,184,15,13
bul_Cyrl,184,16,13
bul_Cyrl,184,17,13
bul_Cyrl,184,18,13
bul_Cyrl,184,19,13
bul_Cyrl,184,20,13
bul_Cyrl,184,21,27
bul_Cyrl,184,22,47
bul_Cyrl,184,23,13
bul_Cyrl,184,24,13
eng_Latn,185,0,60
eng_Latn,185,1,14
eng_Latn,185,2,19
eng_Latn,185,3,40
eng_Latn,185,4,18
eng_Latn,186,0,60
eng_Latn,186,1,13
eng_Latn,186,2,13
eng_Latn,186,3,13
eng_Latn,186,4,13
eng_Latn,186,5,13
eng_Latn,186,6,13
eng_Latn,186,7,13
eng_Latn,186,8,13
eng_Latn,186,9,13
eng_Latn,186,10,47
eng_Latn,186,11,13
eng_Latn,186,12,13
eng_Latn,186,13,19
eng_Latn,186,14,13
eng_Latn,186,15,13
eng_Latn,186,16,47
eng_Latn,186,17,13
eng_Latn,186,18,13
eng_Latn,186,19,13
eng_Latn,186,20,13
eng_Latn,186,21,13
eng_Latn,186,22,13
eng_Latn,186,23,13
eng_Latn,186,24,34
eng_Latn,186,25,13
eng_Latn,186,26,13
eng_Latn,186,27,13
eng_Latn,186,28,13
eng_Latn,186,29,13
eng_Latn,186,30,13
eng_Latn,186,31,13
eng_Latn,186,32,13
eng_Latn,186,33,13
eng_Latn,186,34,13
eng_Latn,186,35,13
eng_Latn,186,36,13
eng_Latn,186,37,13
eng_Latn,186,38,13
eng_Latn,186,39,47
eng_Latn,186,40,13
eng_Latn,186,41,13
eng_Latn,186,42,13
eng_Latn,186,43,13
eng_Latn,186,44,13
eng_Latn,186,45,13
eng_Latn,186,46,19
eng_Latn,186,47,13
eng_Latn,186,48,13
eng_Latn,186,49,13
eng_Latn,186,50,13
eng_Latn,186,51,13
eng_Latn,186,52,13
eng_Latn,186,53,13
eng_Latn,186,54,13
eng_Latn,186,55,13
eng_Latn,186,56,13
eng_Latn,186,57,13
eng_Latn,186,58,13
eng_Latn,186,59,13
eng_Latn,186,60,13
eng_Latn,186,61,13
eng_Latn,186,62,34
eng_Latn,186,63,13
eng_Latn,186,64,13
eng_Latn,186,65,13
eng_Latn,186,66,13
eng_Latn,186,67,34
eng_Latn,186,68,13
eng_Latn,186,69,34
eng_Latn,186,70,13
eng_Latn,186,71,34
bul_Cyrl,187,0,60
bul_Cyrl,187,1,13
bul_Cyrl,187,2,13
bul_Cyrl,187,3,13
bul_Cyrl,187,4,13
bul_Cyrl,187,5,13
bul_Cyrl,187,6,13
bul_Cyrl,187,7,13
bul_Cyrl,187,8,13
bul_Cyrl,187,9,13
bul_Cyrl,187,10,52
bul_Cyrl,188,0,60
bul_Cyrl,188,1,13
bul_Cyrl,188,2,13
bul_Cyrl,188,3,13
bul_Cyrl,188,4,13
bul_Cyrl,188,5,47
bul_Cyrl,188,6,13
bul_Cyrl,188,7,13
bul_Cyrl,188,8,13
bul_Cyrl,188,9,13
bul_Cyrl,188,10,13
bul_Cyrl,188,11,13
bul_Cyrl,188,12,13
bul_Cyrl,188,13,13
bul_Cyrl,188,14,13
bul_Cyrl,188,15,13
bul_Cyrl,188,16,13
bul_Cyrl,188,17,13
bul_Cyrl,188,18,13
bul_Cyrl,188,19,13
bul_Cyrl,188,20,13
bul_Cyrl,188,21,13
bul_Cyrl,188,22,13
bul_Cyrl,188,23,52
bul_Cyrl,188,24,47
bul_Cyrl,188,25,13
bul_Cyrl,188,26,13
bul_Cyrl,188,27,13
eng_Latn,189,0,60
eng_Latn,189,1,17
eng_Latn,189,2,17
eng_Latn,189,3,5
eng_Latn,189,4,5
eng_Latn,189,5,49
bul_Cyrl,190,0,60
bul_Cyrl,190,1,13
bul_Cyrl,190,2,13
bul_Cyrl,190,3,13
bul_Cyrl,190,4,13
bul_Cyrl,190,5,13
bul_Cyrl,190,6,52
bul_Cyrl,190,7,52
bul_Cyrl,190,8,52
bul_Cyrl,190,9,13
bul_Cyrl,190,10,13
bul_Cyrl,190,11,13
bul_Cyrl,190,12,13
bul_Cyrl,190,13,13
bul_Cyrl,190,14,13
bul_Cyrl,190,15,13
bul_Cyrl,190,16,13
bul_Cyrl,190,17,1
bul_Cyrl,190,18,13
bul_Cyrl,190,19,13
bul_Cyrl,190,20,13
bul_Cyrl,190,21,13
bul_Cyrl,190,22,13
bul_Cyrl,190,23,13
bul_Cyrl,190,24,13
bul_Cyrl,190,25,13
eng_Latn,191,0,60
eng_Latn,191,1,23
eng_Latn,191,2,56
eng_Latn,191,3,57
eng_Latn,191,4,54
eng_Latn,191,5,35
eng_Latn,191,6,38
eng_Latn,191,7,57
eng_Latn,192,0,60
eng_Latn,192,1,30
eng_Latn,192,2,48
eng_Latn,192,3,48
eng_Latn,192,4,30
eng_Latn,192,5,19
eng_Latn,192,6,63
bul_Cyrl,193,0,60
bul_Cyrl,193,1,13
bul_Cyrl,193,2,13
bul_Cyrl,193,3,13
bul_Cyrl,193,4,19
bul_Cyrl,193,5,13
eng_Latn,194,0,60
eng_Latn,194,1,29
eng_Latn,194,2,22
eng_Latn,194,3,34
eng_Latn,194,4,34
eng_Latn,194,5,12
eng_Latn,194,6,58
eng_Latn,194,7,24
eng_Latn,194,8,61
bul_Cyrl,195,0,60
bul_Cyrl,195,1,13
bul_Cyrl,195,2,13
bul_Cyrl,195,3,13
bul_Cyrl,195,4,13
bul_Cyrl,195,5,9
bul_Cyrl,195,6,13
bul_Cyrl,195,7,13
bul_Cyrl,195,8,13
bul_Cyrl,195,9,13
bul_Cyrl,195,10,13
bul_Cyrl,195,11,13
bul_Cyrl,195,12,13
bul_Cyrl,195,13,13
bul_Cyrl,195,14,13
bul_Cyrl,195,15,13
bul_Cyrl,195,16,13
bul_Cyrl,195,17,13
bul_Cyrl,195,18,13
bul_Cyrl,195,19,13
bul_Cyrl,195,20,13
bul_Cyrl,195,21,13
bul_Cyrl,195,22,13
bul_Cyrl,195,23,13
bul_Cyrl,195,24,13
bul_Cyrl,195,25,13
bul_Cyrl,195,26,13
bul_Cyrl,195,27,13
bul_Cyrl,195,28,13
bul_Cyrl,195,29,13
bul_Cyrl,196,0,60
bul_Cyrl,196,1,13
bul_Cyrl,196,2,13
bul_Cyrl,196,3,13
bul_Cyrl,196,4,13
bul_Cyrl,196,5,13
bul_Cyrl,196,6,13
bul_Cyrl,196,7,13
bul_Cyrl,196,8,13
bul_Cyrl,196,9,13
bul_Cyrl,196,10,13
bul_Cyrl,196,11,13
bul_Cyrl,196,12,13
bul_Cyrl,196,13,13
bul_Cyrl,196,14,13
bul_Cyrl,196,15,13
bul_Cyrl,196,16,13
bul_Cyrl,196,17,13
bul_Cyrl,196,18,13
bul_Cyrl,196,19,13
bul_Cyrl,196,20,13
bul_Cyrl,196,21,13
bul_Cyrl,196,22,13
bul_Cyrl,196,23,13
eng_Latn,197,0,60
eng_Latn,197,1,22
eng_Latn,197,2,53
eng_Latn,197,3,46
eng_Latn,197,4,15
eng_Latn,198,0,60
eng_Latn,198,1,4
eng_Latn,198,2,56
eng_Latn,198,3,29
eng_Latn,198,4,51
bul_Cyrl,199,0,60
bul_Cyrl,199,1,13
bul_Cyrl,199,2,13
bul_Cyrl,199,3,13
bul_Cyrl,199,4,13
bul_Cyrl,199,5,13
bul_Cyrl,199,6,13
bul_Cyrl,199,7,13
bul_Cyrl,199,8,24
bul_Cyrl,199,9,13
bul_Cyrl,199,10,9
bul_Cyrl,199,11,13
bul_Cyrl,199,12,13
bul_Cyrl,199,13,13
bul_Cyrl,199,14,13
bul_Cyrl,200,0,60
bul_Cyrl,200,1,13
bul_Cyrl,200,2,12
bul_Cyrl,200,3,13
bul_Cyrl,200,4,13
bul_Cyrl,200,5,13
bul_Cyrl,200,6,13
bul_Cyrl,200,7,13
bul_Cyrl,201,0,60
bul_Cyrl,201,1,13
bul_Cyrl,201,2,13
bul_Cyrl,201,3,13
bul_Cyrl,201,4,13
bul_Cyrl,201,5,13
bul_Cyrl,201,6,13
bul_Cyrl,201,7,13
bul_Cyrl,201,8,13
bul_Cyrl,201,9,13
bul_Cyrl,201,10,13
bul_Cyrl,201,11,13
bul_Cyrl,201,12,13
bul_Cyrl,201,13,13
bul_Cyrl,201,14,13
bul_Cyrl,201,15,13
bul_Cyrl,201,16,13
bul_Cyrl,201,17,13
eng_Latn,202,0,60
eng_Latn,202,1,57
eng_Latn,202,2,56
eng_Latn,202,3,63
eng_Latn,202,4,28
eng_Latn,202,5,37
eng_Latn,202,6,39
eng_Latn,202,7,13
eng_Latn,202,8,30
eng_Latn,202,9,63
eng_Latn,203,0,60
eng_Latn,203,1,45
eng_Latn,203,2,45
eng_Latn,203,3,35
eng_Latn,203,4,19
eng_Latn,203,5,20
eng_Latn,203,6,6
eng_Latn,203,7,45
eng_Latn,203,8,36
eng_Latn,203,9,16
bul_Cyrl,204,0,60
bul_Cyrl,204,1,13
bul_Cyrl,204,2,13
bul_Cyrl,204,3,13
bul_Cyrl,204,4,13
bul_Cyrl,204,5,13
bul_Cyrl,204,6,13
bul_Cyrl,204,7,13
bul_Cyrl,204,8,13
bul_Cyrl,204,9,13
bul_Cyrl,204,10,13
bul_Cyrl,204,11,13
bul_Cyrl,204,12,13
bul_Cyrl,204,13,13
bul_Cyrl,204,14,13
bul_Cyrl,204,15,13
bul_Cyrl,204,16,13
bul_Cyrl,204,17,13
bul_Cyrl,204,18,13
bul_Cyrl,204,19,13
bul_Cyrl,204,20,13
bul_Cyrl,204,21,13
eng_Latn,205,0,60
eng_Latn,205,1,10
eng_Latn,205,2,56
eng_Latn,205,3,54
eng_Latn,205,4,41
eng_Latn,205,5,46
eng_Latn,206,0,60
eng_Latn,206,1,48
eng_Latn,206,2,56
eng_Latn,206,3,63
eng_Latn,206,4,58
eng_Latn,206,5,58
eng_Latn,206,6,58
eng_Latn,206,7,6
eng_Latn,207,0,60
eng_Latn,207,1,9
eng_Latn,207,2,56
eng_Latn,207,3,56
eng_Latn,207,4,51
eng_Latn,207,5,54
eng_Latn,207,6,18
eng_Latn,207,7,16
eng_Latn,207,8,20
eng_Latn,207,9,16
bul_Cyrl,208,0,60
bul_Cyrl,208,1,13
bul_Cyrl,208,2,13
bul_Cyrl,208,3,13
bul_Cyrl,208,4,13
bul_Cyrl,208,5,13
bul_Cyrl,208,6,13
bul_Cyrl,208,7,13
bul_Cyrl,208,8,13
bul_Cyrl,208,9,13
bul_Cyrl,208,10,13
bul_Cyrl,208,11,13
bul_Cyrl,208,12,13
bul_Cyrl,208,13,13
bul_Cyrl,208,14,13
bul_Cyrl,208,15,13
bul_Cyrl,208,16,13
bul_Cyrl,208,17,13
bul_Cyrl,208,18,13
bul_Cyrl,208,19,13
bul_Cyrl,208,20,13
bul_Cyrl,208,21,13
bul_Cyrl,208,22,13
bul_Cyrl,209,0,60
bul_Cyrl,209,1,57
bul_Cyrl,209,2,13
bul_Cyrl,209,3,13
bul_Cyrl,209,4,13
bul_Cyrl,209,5,13
bul_Cyrl,209,6,13
bul_Cyrl,209,7,13
bul_Cyrl,209,8,13
bul_Cyrl,209,9,13
bul_Cyrl,209,10,13
bul_Cyrl,209,11,13
bul_Cyrl,209,12,13
bul_Cyrl,209,13,13
bul_Cyrl,209,14,13
bul_Cyrl,209,15,13
bul_Cyrl,209,16,13
bul_Cyrl,209,17,13
bul_Cyrl,209,18,13
bul_Cyrl,209,19,13
bul_Cyrl,209,20,13
bul_Cyrl,209,21,13
bul_Cyrl,209,22,13
bul_Cyrl,210,0,60
bul_Cyrl,210,1,13
bul_Cyrl,210,2,13
bul_Cyrl,210,3,13
bul_Cyrl,210,4,13
bul_Cyrl,210,5,13
bul_Cyrl,210,6,13
bul_Cyrl,210,7,13
bul_Cyrl,210,8,13
bul_Cyrl,210,9,13
bul_Cyrl,210,10,13
bul_Cyrl,210,11,13
bul_Cyrl,210,12,13
bul_Cyrl,210,13,13
bul_Cyrl,210,14,13
bul_Cyrl,210,15,13
bul_Cyrl,210,16,13
bul_Cyrl,210,17,13
bul_Cyrl,210,18,13
bul_Cyrl,210,19,13
bul_Cyrl,210,20,13
bul_Cyrl,210,21,13
bul_Cyrl,210,22,13
bul_Cyrl,210,23,52
eng_Latn,211,0,60
eng_Latn,211,1,50
eng_Latn,211,2,48
eng_Latn,211,3,20
eng_Latn,211,4,48
eng_Latn,211,5,48
eng_Latn,211,6,56
eng_Latn,211,7,35
eng_Latn,211,8,44
bul_Cyrl,212,0,60
bul_Cyrl,212,1,13
bul_Cyrl,212,2,13
bul_Cyrl,212,3,13
bul_Cyrl,212,4,13
bul_Cyrl,212,5,13
bul_Cyrl,212,6,13
bul_Cyrl,212,7,13
bul_Cyrl,212,8,13
bul_Cyrl,212,9,13
bul_Cyrl,212,10,13
bul_Cyrl,212,11,13
bul_Cyrl,212,12,19
bul_Cyrl,212,13,13
bul_Cyrl,212,14,13
bul_Cyrl,212,15,13
bul_Cyrl,212,16,13
bul_Cyrl,212,17,47
bul_Cyrl,212,18,13
bul_Cyrl,213,0,60
bul_Cyrl,213,1,13
bul_Cyrl,213,2,13
bul_Cyrl,213,3,13
bul_Cyrl,213,4,13
bul_Cyrl,213,5,58
bul_Cyrl,213,6,13
bul_Cyrl,213,7,13
bul_Cyrl,213,8,13
bul_Cyrl,213,9,13
bul_Cyrl,213,10,13
bul_Cyrl,213,11,13
bul_Cyrl,213,12,13
bul_Cyrl,213,13,13
bul_Cyrl,213,14,13
bul_Cyrl,213,15,27
bul_Cyrl,213,16,13
bul_Cyrl,213,17,13
bul_Cyrl,213,18,61
bul_Cyrl,213,19,13
bul_Cyrl,213,20,13
bul_Cyrl,213,21,13
bul_Cyrl,213,22,13
bul_Cyrl,213,23,13
bul_Cyrl,213,24,13
bul_Cyrl,213,25,13
eng_Latn,214,0,60
eng_Latn,214,1,46
eng_Latn,214,2,34
eng_Latn,214,3,54
eng_Latn,214,4,18
eng_Latn,214,5,57
eng_Latn,214,6,34
bul_Cyrl,215,0,60
bul_Cyrl,215,1,13
bul_Cyrl,215,2,13
bul_Cyrl,215,3,13
bul_Cyrl,215,4,13
bul_Cyrl,215,5,13
bul_Cyrl,215,6,13
bul_Cyrl,215,7,13
bul_Cyrl,215,8,13
bul_Cyrl,215,9,13
bul_Cyrl,215,10,13
bul_Cyrl,215,11,13
bul_Cyrl,215,12,47
bul_Cyrl,215,13,13
bul_Cyrl,215,14,13
bul_Cyrl,215,15,13
bul_Cyrl,215,16,13
bul_Cyrl,215,17,13
bul_Cyrl,215,18,13
bul_Cyrl,215,19,13
bul_Cyrl,216,0,60
bul_Cyrl,216,1,13
bul_Cyrl,216,2,13
bul_Cyrl,216,3,13
bul_Cyrl,216,4,13
bul_Cyrl,216,5,13
bul_Cyrl,216,6,13
bul_Cyrl,216,7,13
bul_Cyrl,216,8,13
bul_Cyrl,216,9,13
bul_Cyrl,216,10,13
bul_Cyrl,216,11,13
bul_Cyrl,216,12,13
bul_Cyrl,216,13,13
bul_Cyrl,216,14,13
bul_Cyrl,216,15,13
bul_Cyrl,216,16,13
bul_Cyrl,216,17,13
bul_Cyrl,216,18,13
bul_Cyrl,216,19,13
bul_Cyrl,216,20,13
bul_Cyrl,216,21,13
eng_Latn,217,0,60
eng_Latn,217,1,57
eng_Latn,217,2,23
eng_Latn,217,3,46
eng_Latn,217,4,54
eng_Latn,217,5,59
eng_Latn,217,6,48
eng_Latn,217,7,5
eng_Latn,217,8,1
eng_Latn,217,9,52
bul_Cyrl,218,0,60
bul_Cyrl,218,1,13
bul_Cyrl,218,2,13
bul_Cyrl,218,3,13
bul_Cyrl,218,4,13
bul_Cyrl,218,5,13
bul_Cyrl,218,6,13
bul_Cyrl,218,7,13
bul_Cyrl,218,8,13
bul_Cyrl,218,9,13
bul_Cyrl,218,10,13
bul_Cyrl,218,11,13
bul_Cyrl,218,12,13
bul_Cyrl,218,13,13
bul_Cyrl,218,14,13
bul_Cyrl,218,15,13
bul_Cyrl,218,16,13
bul_Cyrl,218,17,13
bul_Cyrl,218,18,13
bul_Cyrl,218,19,13
bul_Cyrl,218,20,13
bul_Cyrl,218,21,13
bul_Cyrl,219,0,60
bul_Cyrl,219,1,13
bul_Cyrl,219,2,13
bul_Cyrl,219,3,13
bul_Cyrl,219,4,13
bul_Cyrl,219,5,13
bul_Cyrl,219,6,47
bul_Cyrl,219,7,13
bul_Cyrl,219,8,1
bul_Cyrl,219,9,61
bul_Cyrl,219,10,13
bul_Cyrl,219,11,13
bul_Cyrl,219,12,13
bul_Cyrl,219,13,13
bul_Cyrl,219,14,13
bul_Cyrl,219,15,13
bul_Cyrl,219,16,13
bul_Cyrl,219,17,13
bul_Cyrl,219,18,13
bul_Cyrl,219,19,13
bul_Cyrl,219,20,19
bul_Cyrl,219,21,40
bul_Cyrl,220,0,60
bul_Cyrl,220,1,13
bul_Cyrl,220,2,13
bul_Cyrl,220,3,47
bul_Cyrl,220,4,13
bul_Cyrl,220,5,13
bul_Cyrl,220,6,13
bul_Cyrl,220,7,13
bul_Cyrl,220,8,13
bul_Cyrl,220,9,13
bul_Cyrl,220,10,13
bul_Cyrl,220,11,13
bul_Cyrl,220,12,13
bul_Cyrl,220,13,13
bul_Cyrl,220,14,13
bul_Cyrl,220,15,13
bul_Cyrl,220,16,13
bul_Cyrl,220,17,47
bul_Cyrl,220,18,13
bul_Cyrl,220,19,13
eng_Latn,221,0,60
eng_Latn,221,1,45
eng_Latn,221,2,18
eng_Latn,221,3,21
eng_Latn,221,4,21
eng_Latn,221,5,57
eng_Latn,222,0,60
eng_Latn,222,1,16
eng_Latn,222,2,60
eng_Latn,222,3,9
eng_Latn,222,4,0
eng_Latn,222,5,19
eng_Latn,222,6,19
eng_Latn,222,7,34
eng_Latn,222,8,9
eng_Latn,222,9,22
eng_Latn,222,10,34
eng_Latn,223,0,60
eng_Latn,223,1,9
eng_Latn,223,2,56
eng_Latn,223,3,35
eng_Latn,223,4,35
eng_Latn,223,5,57
eng_Latn,223,6,23
eng_Latn,223,7,46
eng_Latn,224,0,60
eng_Latn,224,1,57
eng_Latn,224,2,38
eng_Latn,224,3,38
eng_Latn,224,4,19
eng_Latn,224,5,15
eng_Latn,224,6,17
eng_Latn,224,7,8
eng_Latn,224,8,16
eng_Latn,225,0,60
eng_Latn,225,1,27
eng_Latn,225,2,27
eng_Latn,225,3,27
eng_Latn,225,4,27
eng_Latn,225,5,27
eng_Latn,225,6,52
bul_Cyrl,226,0,60
bul_Cyrl,226,1,13
bul_Cyrl,226,2,13
bul_Cyrl,226,3,61
bul_Cyrl,226,4,13
bul_Cyrl,226,5,13
bul_Cyrl,226,6,13
bul_Cyrl,226,7,13
bul_Cyrl,226,8,13
bul_Cyrl,226,9,13
bul_Cyrl,226,10,13
bul_Cyrl,226,11,13
bul_Cyrl,226,12,13
bul_Cyrl,226,13,13
bul_Cyrl,227,0,60
bul_Cyrl,227,1,13
bul_Cyrl,227,2,13
bul_Cyrl,227,3,13
bul_Cyrl,227,4,13
bul_Cyrl,227,5,13
bul_Cyrl,227,6,13
bul_Cyrl,227,7,13
bul_Cyrl,227,8,13
bul_Cyrl,227,9,13
bul_Cyrl,227,10,13
bul_Cyrl,227,11,13
bul_Cyrl,227,12,13
bul_Cyrl,227,13,13
bul_Cyrl,227,14,13
bul_Cyrl,227,15,52
bul_Cyrl,227,16,52
bul_Cyrl,227,17,13
bul_Cyrl,227,18,13
eng_Latn,228,0,60
eng_Latn,228,1,48
eng_Latn,228,2,18
eng_Latn,228,3,56
eng_Latn,228,4,35
eng_Latn,228,5,46
eng_Latn,228,6,48
eng_Latn,228,7,54
eng_Latn,229,0,60
eng_Latn,229,1,22
eng_Latn,229,2,22
eng_Latn,229,3,34
eng_Latn,229,4,34
bul_Cyrl,230,0,60
bul_Cyrl,230,1,13
bul_Cyrl,230,2,13
bul_Cyrl,230,3,13
bul_Cyrl,230,4,13
bul_Cyrl,230,5,13
bul_Cyrl,230,6,13
bul_Cyrl,230,7,13
bul_Cyrl,230,8,13
bul_Cyrl,230,9,13
bul_Cyrl,230,10,13
bul_Cyrl,230,11,52
bul_Cyrl,230,12,13
bul_Cyrl,230,13,13
bul_Cyrl,230,14,13
bul_Cyrl,230,15,13
bul_Cyrl,230,16,22
bul_Cyrl,230,17,12
bul_Cyrl,230,18,13
bul_Cyrl,230,19,13
bul_Cyrl,230,20,13
bul_Cyrl,230,21,13
bul_Cyrl,230,22,13
bul_Cyrl,231,0,60
bul_Cyrl,231,1,13
bul_Cyrl,231,2,13
bul_Cyrl,231,3,13
bul_Cyrl,231,4,13
bul_Cyrl,231,5,13
bul_Cyrl,231,6,13
bul_Cyrl,231,7,13
bul_Cyrl,231,8,13
bul_Cyrl,231,9,13
bul_Cyrl,231,10,13
bul_Cyrl,231,11,13
bul_Cyrl,231,12,13
bul_Cyrl,231,13,13
bul_Cyrl,231,14,13
bul_Cyrl,231,15,13
eng_Latn,232,0,60
eng_Latn,232,1,9
eng_Latn,232,2,56
eng_Latn,232,3,54
eng_Latn,232,4,50
eng_Latn,232,5,20
eng_Latn,232,6,57
eng_Latn,232,7,41
eng_Latn,233,0,60
eng_Latn,233,1,22
eng_Latn,233,2,42
eng_Latn,233,3,26
eng_Latn,233,4,14
eng_Latn,233,5,40
eng_Latn,233,6,33
eng_Latn,233,7,40
eng_Latn,233,8,33
bul_Cyrl,234,0,60
bul_Cyrl,234,1,13
bul_Cyrl,234,2,13
bul_Cyrl,234,3,13
bul_Cyrl,234,4,13
bul_Cyrl,234,5,47
bul_Cyrl,234,6,13
bul_Cyrl,234,7,13
bul_Cyrl,234,8,13
bul_Cyrl,234,9,13
bul_Cyrl,234,10,13
bul_Cyrl,234,11,19
bul_Cyrl,234,12,13
bul_Cyrl,234,13,19
bul_Cyrl,234,14,13
bul_Cyrl,234,15,13
eng_Latn,235,0,60
eng_Latn,235,1,19
eng_Latn,235,2,13
eng_Latn,235,3,54
eng_Latn,235,4,19
eng_Latn,235,5,13
eng_Latn,236,0,60
eng_Latn,236,1,42
eng_Latn,236,2,38
eng_Latn,236,3,18
eng_Latn,236,4,16
eng_Latn,236,5,33
eng_Latn,236,6,33
bul_Cyrl,237,0,60
bul_Cyrl,237,1,13
bul_Cyrl,237,2,13
bul_Cyrl,237,3,13
bul_Cyrl,237,4,13
bul_Cyrl,237,5,13
bul_Cyrl,237,6,13
bul_Cyrl,237,7,13
bul_Cyrl,237,8,13
bul_Cyrl,237,9,13
bul_Cyrl,237,10,13
bul_Cyrl,237,11,13
bul_Cyrl,237,12,13
bul_Cyrl,237,13,13
bul_Cyrl,237,14,13
bul_Cyrl,237,15,13
bul_Cyrl,237,16,13
bul_Cyrl,237,17,13
bul_Cyrl,237,18,13
bul_Cyrl,237,19,13
bul_Cyrl,237,20,13
bul_Cyrl,237,21,13
bul_Cyrl,237,22,34
eng_Latn,238,0,60
eng_Latn,238,1,9
eng_Latn,238,2,54
eng_Latn,238,3,35
eng_Latn,238,4,52
eng_Latn,238,5,52
eng_Latn,238,6,57
eng_Latn,238,7,49
eng_Latn,238,8,54
eng_Latn,238,9,51
bul_Cyrl,239,0,60
bul_Cyrl,239,1,13
bul_Cyrl,239,2,13
bul_Cyrl,239,3,13
bul_Cyrl,239,4,13
bul_Cyrl,239,5,13
bul_Cyrl,239,6,9
bul_Cyrl,239,7,13
bul_Cyrl,239,8,13
bul_Cyrl,239,9,13
bul_Cyrl,239,10,13
bul_Cyrl,239,11,13
bul_Cyrl,239,12,13
bul_Cyrl,239,13,9
bul_Cyrl,239,14,13
bul_Cyrl,239,15,13
bul_Cyrl,239,16,13
bul_Cyrl,239,17,13
bul_Cyrl,239,18,13
bul_Cyrl,239,19,13
bul_Cyrl,239,20,9
bul_Cyrl,239,21,13
bul_Cyrl,239,22,52
bul_Cyrl,239,23,52
bul_Cyrl,239,24,52
bul_Cyrl,239,25,47
bul_Cyrl,239,26,13
eng_Latn,240,0,60
eng_Latn,240,1,9
eng_Latn,240,2,9
eng_Latn,240,3,56
eng_Latn,240,4,38
eng_Latn,240,5,35
eng_Latn,240,6,46
bul_Cyrl,241,0,60
bul_Cyrl,241,1,13
bul_Cyrl,241,2,13
bul_Cyrl,241,3,13
bul_Cyrl,241,4,13
bul_Cyrl,241,5,13
bul_Cyrl,241,6,52
bul_Cyrl,242,0,60
bul_Cyrl,242,1,13
bul_Cyrl,242,2,13
bul_Cyrl,242,3,13
bul_Cyrl,242,4,13
bul_Cyrl,242,5,47
bul_Cyrl,242,6,13
bul_Cyrl,242,7,13
bul_Cyrl,242,8,13
bul_Cyrl,242,9,13
bul_Cyrl,242,10,13
bul_Cyrl,242,11,13
bul_Cyrl,242,12,13
bul_Cyrl,242,13,13
bul_Cyrl,242,14,13
bul_Cyrl,242,15,13
bul_Cyrl,242,16,13
bul_Cyrl,242,17,13
bul_Cyrl,242,18,13
bul_Cyrl,242,19,13
bul_Cyrl,242,20,13
bul_Cyrl,242,21,13
bul_Cyrl,242,22,13
bul_Cyrl,242,23,13
bul_Cyrl,242,24,13
bul_Cyrl,242,25,13
bul_Cyrl,242,26,13
bul_Cyrl,242,27,13
bul_Cyrl,243,0,60
bul_Cyrl,243,1,13
bul_Cyrl,243,2,13
bul_Cyrl,243,3,13
bul_Cyrl,243,4,13
bul_Cyrl,243,5,13
bul_Cyrl,243,6,13
bul_Cyrl,243,7,13
bul_Cyrl,243,8,13
bul_Cyrl,243,9,13
bul_Cyrl,243,10,13
bul_Cyrl,243,11,13
bul_Cyrl,244,0,60
bul_Cyrl,244,1,13
bul_Cyrl,244,2,13
bul_Cyrl,244,3,13
bul_Cyrl,244,4,13
bul_Cyrl,244,5,13
eng_Latn,245,0,60
eng_Latn,245,1,18
eng_Latn,245,2,14
eng_Latn,245,3,49
eng_Latn,245,4,49
eng_Latn,245,5,12
eng_Latn,245,6,61
bul_Cyrl,246,0,60
bul_Cyrl,246,1,13
bul_Cyrl,246,2,13
bul_Cyrl,246,3,13
bul_Cyrl,246,4,13
bul_Cyrl,246,5,13
bul_Cyrl,246,6,13
bul_Cyrl,246,7,13
bul_Cyrl,246,8,13
bul_Cyrl,246,9,1
bul_Cyrl,246,10,13
bul_Cyrl,246,11,13
bul_Cyrl,246,12,13
bul_Cyrl,247,0,60
bul_Cyrl,247,1,13
bul_Cyrl,247,2,13
bul_Cyrl,247,3,13
bul_Cyrl,247,4,13
bul_Cyrl,247,5,13
bul_Cyrl,247,6,13
bul_Cyrl,247,7,13
bul_Cyrl,247,8,13
bul_Cyrl,247,9,13
bul_Cyrl,247,10,13
bul_Cyrl,247,11,13
bul_Cyrl,247,12,13
bul_Cyrl,247,13,13
bul_Cyrl,247,14,13
bul_Cyrl,247,15,13
bul_Cyrl,247,16,13
bul_Cyrl,248,0,60
bul_Cyrl,248,1,13
bul_Cyrl,248,2,13
bul_Cyrl,248,3,13
bul_Cyrl,248,4,13
bul_Cyrl,248,5,13
bul_Cyrl,248,6,13
bul_Cyrl,248,7,13
bul_Cyrl,249,0,60
bul_Cyrl,249,1,13
bul_Cyrl,249,2,13
bul_Cyrl,249,3,13
bul_Cyrl,249,4,13
bul_Cyrl,249,5,13
bul_Cyrl,249,6,13
bul_Cyrl,249,7,19
bul_Cyrl,249,8,13
bul_Cyrl,249,9,13
bul_Cyrl,249,10,13
bul_Cyrl,249,11,13
bul_Cyrl,249,12,13
bul_Cyrl,249,13,13
bul_Cyrl,249,14,13
bul_Cyrl,249,15,13
bul_Cyrl,249,16,13
bul_Cyrl,249,17,13
bul_Cyrl,249,18,13
bul_Cyrl,249,19,13
bul_Cyrl,249,20,13
bul_Cyrl,249,21,13
bul_Cyrl,249,22,13
bul_Cyrl,249,23,13
bul_Cyrl,249,24,13
eng_Latn,250,0,60
eng_Latn,250,1,20
eng_Latn,250,2,62
eng_Latn,250,3,46
bul_Cyrl,251,0,60
bul_Cyrl,251,1,13
bul_Cyrl,251,2,13
bul_Cyrl,251,3,13
bul_Cyrl,251,4,13
bul_Cyrl,251,5,13
bul_Cyrl,251,6,13
bul_Cyrl,251,7,13
bul_Cyrl,251,8,13
bul_Cyrl,251,9,13
bul_Cyrl,251,10,13
bul_Cyrl,251,11,13
bul_Cyrl,251,12,13
bul_Cyrl,251,13,13
bul_Cyrl,251,14,13
bul_Cyrl,251,15,13
bul_Cyrl,251,16,13
bul_Cyrl,251,17,13
bul_Cyrl,251,18,13
bul_Cyrl,251,19,13
bul_Cyrl,251,20,13
bul_Cyrl,251,21,13
bul_Cyrl,251,22,13
bul_Cyrl,251,23,13
bul_Cyrl,251,24,13
eng_Latn,252,0,60
eng_Latn,252,1,1
eng_Latn,252,2,53
eng_Latn,252,3,52
eng_Latn,252,4,1
eng_Latn,252,5,52
eng_Latn,252,6,47
eng_Latn,253,0,60
eng_Latn,253,1,1
eng_Latn,253,2,37
eng_Latn,253,3,37
eng_Latn,253,4,37
eng_Latn,253,5,49
bul_Cyrl,254,0,60
bul_Cyrl,254,1,52
bul_Cyrl,254,2,52
bul_Cyrl,254,3,13
bul_Cyrl,254,4,13
bul_Cyrl,254,5,13
bul_Cyrl,254,6,13
bul_Cyrl,254,7,13
bul_Cyrl,254,8,13
bul_Cyrl,254,9,13
bul_Cyrl,254,10,13
bul_Cyrl,254,11,13
bul_Cyrl,254,12,13
bul_Cyrl,254,13,13
bul_Cyrl,254,14,52
bul_Cyrl,254,15,13
bul_Cyrl,254,16,13
bul_Cyrl,254,17,13
bul_Cyrl,254,18,13
bul_Cyrl,254,19,13
bul_Cyrl,254,20,13
bul_Cyrl,254,21,13
bul_Cyrl,254,22,13
bul_Cyrl,254,23,13
bul_Cyrl,254,24,13
bul_Cyrl,254,25,13
bul_Cyrl,254,26,13
bul_Cyrl,254,27,13
bul_Cyrl,254,28,13
bul_Cyrl,255,0,60
bul_Cyrl,255,1,13
bul_Cyrl,255,2,13
bul_Cyrl,255,3,47
bul_Cyrl,255,4,13
bul_Cyrl,255,5,13
bul_Cyrl,255,6,13
bul_Cyrl,255,7,13
bul_Cyrl,255,8,13
bul_Cyrl,255,9,13
eng_Latn,256,0,60
eng_Latn,256,1,22
eng_Latn,256,2,56
eng_Latn,256,3,35
eng_Latn,256,4,35
eng_Latn,256,5,51
eng_Latn,257,0,60
eng_Latn,257,1,4
eng_Latn,257,2,9
eng_Latn,257,3,56
eng_Latn,257,4,54
eng_Latn,257,5,41
eng_Latn,257,6,19
eng_Latn,257,7,4
eng_Latn,257,8,53
eng_Latn,257,9,35
eng_Latn,257,10,8
eng_Latn,257,11,4
eng_Latn,258,0,60
eng_Latn,258,1,52
eng_Latn,258,2,31
eng_Latn,258,3,52
eng_Latn,259,0,60
eng_Latn,259,1,56
eng_Latn,259,2,56
eng_Latn,259,3,52
eng_Latn,259,4,57
eng_Latn,259,5,52
eng_Latn,259,6,52
eng_Latn,259,7,57
eng_Latn,259,8,23
eng_Latn,259,9,4
bul_Cyrl,260,0,60
bul_Cyrl,260,1,13
bul_Cyrl,260,2,13
bul_Cyrl,260,3,13
bul_Cyrl,260,4,13
bul_Cyrl,260,5,13
bul_Cyrl,260,6,13
bul_Cyrl,260,7,13
bul_Cyrl,260,8,13
bul_Cyrl,260,9,13
bul_Cyrl,260,10,13
bul_Cyrl,260,11,13
bul_Cyrl,260,12,13
bul_Cyrl,260,13,13
bul_Cyrl,260,14,13
bul_Cyrl,260,15,13
bul_Cyrl,260,16,13
bul_Cyrl,260,17,13
bul_Cyrl,260,18,13
bul_Cyrl,260,19,13
bul_Cyrl,260,20,13
bul_Cyrl,260,21,13
bul_Cyrl,260,22,13
bul_Cyrl,260,23,13
bul_Cyrl,260,24,13
bul_Cyrl,260,25,13
bul_Cyrl,261,0,60
bul_Cyrl,261,1,13
bul_Cyrl,261,2,13
bul_Cyrl,261,3,13
bul_Cyrl,261,4,13
bul_Cyrl,261,5,13
bul_Cyrl,261,6,13
bul_Cyrl,261,7,13
bul_Cyrl,261,8,13
bul_Cyrl,261,9,13
bul_Cyrl,261,10,13
bul_Cyrl,261,11,13
bul_Cyrl,261,12,13
bul_Cyrl,261,13,13
bul_Cyrl,261,14,13
bul_Cyrl,261,15,13
bul_Cyrl,261,16,13
bul_Cyrl,261,17,13
bul_Cyrl,261,18,13
bul_Cyrl,261,19,19
bul_Cyrl,261,20,40
bul_Cyrl,262,0,60
bul_Cyrl,262,1,13
bul_Cyrl,262,2,13
bul_Cyrl,262,3,13
bul_Cyrl,262,4,13
bul_Cyrl,262,5,27
bul_Cyrl,262,6,13
eng_Latn,263,0,60
eng_Latn,263,1,9
eng_Latn,263,2,19
eng_Latn,263,3,22
eng_Latn,263,4,22
eng_Latn,263,5,58
eng_Latn,263,6,12
eng_Latn,263,7,47
bul_Cyrl,264,0,60
bul_Cyrl,264,1,13
bul_Cyrl,264,2,13
bul_Cyrl,264,3,13
bul_Cyrl,264,4,52
bul_Cyrl,264,5,13
bul_Cyrl,265,0,60
bul_Cyrl,265,1,13
bul_Cyrl,265,2,13
bul_Cyrl,265,3,13
bul_Cyrl,265,4,61
bul_Cyrl,265,5,27
bul_Cyrl,265,6,13
bul_Cyrl,265,7,13
bul_Cyrl,265,8,13
bul_Cyrl,265,9,13
bul_Cyrl,265,10,13
bul_Cyrl,265,11,13
bul_Cyrl,265,12,13
bul_Cyrl,265,13,13
bul_Cyrl,265,14,13
bul_Cyrl,265,15,13
bul_Cyrl,265,16,13
bul_Cyrl,265,17,13
bul_Cyrl,265,18,13
bul_Cyrl,265,19,13
bul_Cyrl,265,20,13
bul_Cyrl,265,21,13
bul_Cyrl,265,22,13
eng_Latn,266,0,60
eng_Latn,266,1,51
eng_Latn,266,2,18
eng_Latn,266,3,18
eng_Latn,266,4,21
eng_Latn,266,5,16
eng_Latn,266,6,54
eng_Latn,266,7,52
eng_Latn,266,8,52
eng_Latn,266,9,52
eng_Latn,266,10,37
eng_Latn,266,11,49
eng_Latn,267,0,60
eng_Latn,267,1,24
eng_Latn,267,2,22
eng_Latn,267,3,45
eng_Latn,267,4,37
eng_Latn,267,5,18
eng_Latn,267,6,16
eng_Latn,267,7,49
eng_Latn,267,8,53
eng_Latn,267,9,37
eng_Latn,267,10,46
eng_Latn,268,0,60
eng_Latn,268,1,39
eng_Latn,268,2,40
eng_Latn,268,3,18
eng_Latn,268,4,51
eng_Latn,268,5,18
eng_Latn,268,6,53
eng_Latn,268,7,16
eng_Latn,269,0,60
eng_Latn,269,1,17
eng_Latn,269,2,45
eng_Latn,269,3,45
eng_Latn,269,4,41
eng_Latn,269,5,29
eng_Latn,269,6,18
eng_Latn,269,7,18
eng_Latn,269,8,18
eng_Latn,269,9,16
bul_Cyrl,270,0,60
bul_Cyrl,270,1,13
bul_Cyrl,270,2,13
bul_Cyrl,270,3,13
bul_Cyrl,270,4,13
bul_Cyrl,270,5,13
bul_Cyrl,270,6,13
bul_Cyrl,270,7,13
bul_Cyrl,270,8,13
bul_Cyrl,270,9,13
bul_Cyrl,270,10,13
bul_Cyrl,270,11,13
bul_Cyrl,270,12,13
bul_Cyrl,270,13,13
bul_Cyrl,270,14,13
bul_Cyrl,270,15,13
bul_Cyrl,270,16,13
bul_Cyrl,270,17,13
bul_Cyrl,270,18,13
bul_Cyrl,270,19,47
bul_Cyrl,270,20,13
bul_Cyrl,270,21,13
bul_Cyrl,271,0,60
bul_Cyrl,271,1,13
bul_Cyrl,271,2,13
bul_Cyrl,271,3,13
bul_Cyrl,271,4,13
bul_Cyrl,271,5,13
bul_Cyrl,271,6,13
bul_Cyrl,271,7,13
bul_Cyrl,271,8,13
bul_Cyrl,271,9,13
bul_Cyrl,271,10,13
bul_Cyrl,271,11,13
bul_Cyrl,271,12,13
bul_Cyrl,271,13,13
bul_Cyrl,271,14,13
eng_Latn,272,0,60
eng_Latn,272,1,22
eng_Latn,272,2,34
eng_Latn,272,3,34
eng_Latn,273,0,60
eng_Latn,273,1,15
eng_Latn,273,2,56
eng_Latn,273,3,63
eng_Latn,273,4,60
eng_Latn,273,5,30
eng_Latn,273,6,37
eng_Latn,274,0,60
eng_Latn,274,1,22
eng_Latn,274,2,52
eng_Latn,274,3,37
eng_Latn,274,4,22
bul_Cyrl,275,0,60
bul_Cyrl,275,1,13
bul_Cyrl,275,2,13
bul_Cyrl,275,3,13
bul_Cyrl,275,4,13
bul_Cyrl,275,5,13
bul_Cyrl,275,6,13
bul_Cyrl,275,7,13
bul_Cyrl,275,8,13
bul_Cyrl,275,9,13
bul_Cyrl,275,10,13
bul_Cyrl,275,11,13
bul_Cyrl,276,0,60
bul_Cyrl,276,1,13
bul_Cyrl,276,2,13
bul_Cyrl,276,3,13
bul_Cyrl,276,4,13
bul_Cyrl,276,5,13
bul_Cyrl,276,6,13
bul_Cyrl,276,7,13
bul_Cyrl,276,8,13
bul_Cyrl,276,9,13
bul_Cyrl,276,10,13
bul_Cyrl,276,11,13
bul_Cyrl,276,12,13
bul_Cyrl,276,13,13
bul_Cyrl,276,14,13
bul_Cyrl,276,15,13
bul_Cyrl,276,16,13
bul_Cyrl,276,17,13
bul_Cyrl,276,18,19
bul_Cyrl,276,19,13
eng_Latn,277,0,60
eng_Latn,277,1,45
eng_Latn,277,2,18
eng_Latn,277,3,21
eng_Latn,277,4,31
eng_Latn,277,5,3
eng_Latn,277,6,46
bul_Cyrl,278,0,60
bul_Cyrl,278,1,13
bul_Cyrl,278,2,13
bul_Cyrl,278,3,13
bul_Cyrl,278,4,13
bul_Cyrl,278,5,13
bul_Cyrl,278,6,13
bul_Cyrl,278,7,13
bul_Cyrl,278,8,13
bul_Cyrl,278,9,13
bul_Cyrl,278,10,13
bul_Cyrl,278,11,13
bul_Cyrl,278,12,13
bul_Cyrl,278,13,13
bul_Cyrl,278,14,13
bul_Cyrl,278,15,13
bul_Cyrl,278,16,13
bul_Cyrl,278,17,13
bul_Cyrl,278,18,13
eng_Latn,279,0,60
eng_Latn,279,1,40
eng_Latn,279,2,8
eng_Latn,279,3,26
eng_Latn,279,4,33
eng_Latn,279,5,52
eng_Latn,279,6,57
eng_Latn,279,7,8
eng_Latn,279,8,49
eng_Latn,280,0,60
eng_Latn,280,1,63
eng_Latn,280,2,18
eng_Latn,280,3,5
eng_Latn,280,4,16
eng_Latn,280,5,5
eng_Latn,280,6,14
eng_Latn,280,7,26
eng_Latn,281,0,60
eng_Latn,281,1,40
eng_Latn,281,2,26
eng_Latn,281,3,47
eng_Latn,281,4,49
eng_Latn,281,5,5
eng_Latn,281,6,5
eng_Latn,281,7,40
eng_Latn,281,8,26
eng_Latn,282,0,60
eng_Latn,282,1,29
eng_Latn,282,2,57
eng_Latn,282,3,31
eng_Latn,282,4,59
eng_Latn,282,5,46
eng_Latn,282,6,51
eng_Latn,282,7,16
eng_Latn,282,8,45
eng_Latn,282,9,45
eng_Latn,282,10,34
bul_Cyrl,283,0,60
bul_Cyrl,283,1,13
bul_Cyrl,283,2,13
bul_Cyrl,283,3,13
bul_Cyrl,283,4,12
bul_Cyrl,283,5,13
bul_Cyrl,283,6,13
bul_Cyrl,283,7,13
bul_Cyrl,283,8,13
bul_Cyrl,283,9,13
bul_Cyrl,283,10,13
bul_Cyrl,283,11,13
bul_Cyrl,283,12,13
bul_Cyrl,283,13,52
bul_Cyrl,283,14,13
bul_Cyrl,283,15,13
bul_Cyrl,283,16,13
bul_Cyrl,283,17,13
bul_Cyrl,283,18,13
bul_Cyrl,283,19,13
bul_Cyrl,283,20,13
bul_Cyrl,283,21,13
bul_Cyrl,283,22,13
bul_Cyrl,283,23,13
bul_Cyrl,283,24,13
bul_Cyrl,283,25,13
bul_Cyrl,283,26,13
bul_Cyrl,283,27,13
bul_Cyrl,283,28,52
bul_Cyrl,284,0,60
bul_Cyrl,284,1,13
bul_Cyrl,284,2,13
bul_Cyrl,284,3,13
bul_Cyrl,284,4,13
bul_Cyrl,284,5,13
bul_Cyrl,284,6,13
bul_Cyrl,284,7,13
bul_Cyrl,284,8,13
bul_Cyrl,284,9,13
bul_Cyrl,285,0,60
bul_Cyrl,285,1,13
bul_Cyrl,285,2,13
bul_Cyrl,285,3,13
bul_Cyrl,285,4,13
bul_Cyrl,285,5,13
bul_Cyrl,285,6,13
bul_Cyrl,285,7,13
bul_Cyrl,285,8,13
bul_Cyrl,285,9,13
bul_Cyrl,285,10,13
bul_Cyrl,285,11,13
bul_Cyrl,285,12,13
bul_Cyrl,285,13,52
bul_Cyrl,286,0,60
bul_Cyrl,286,1,13
bul_Cyrl,286,2,13
bul_Cyrl,286,3,13
bul_Cyrl,286,4,13
bul_Cyrl,286,5,13
bul_Cyrl,286,6,13
bul_Cyrl,286,7,13
bul_Cyrl,286,8,13
bul_Cyrl,286,9,26
bul_Cyrl,286,10,27
bul_Cyrl,286,11,13
bul_Cyrl,286,12,26
bul_Cyrl,286,13,13
bul_Cyrl,286,14,13
bul_Cyrl,286,15,13
bul_Cyrl,286,16,13
bul_Cyrl,286,17,13
bul_Cyrl,286,18,13
bul_Cyrl,286,19,13
bul_Cyrl,286,20,13
bul_Cyrl,286,21,13
bul_Cyrl,286,22,13
bul_Cyrl,286,23,13
bul_Cyrl,286,24,52
bul_Cyrl,286,25,52
bul_Cyrl,286,26,13
bul_Cyrl,286,27,13
bul_Cyrl,287,0,60
bul_Cyrl,287,1,58
bul_Cyrl,287,2,13
bul_Cyrl,287,3,12
bul_Cyrl,287,4,11
bul_Cyrl,287,5,13
bul_Cyrl,287,6,13
bul_Cyrl,287,7,13
bul_Cyrl,287,8,13
bul_Cyrl,287,9,13
bul_Cyrl,287,10,13
bul_Cyrl,287,11,26
bul_Cyrl,287,12,27
bul_Cyrl,287,13,13
bul_Cyrl,287,14,13
bul_Cyrl,287,15,13
bul_Cyrl,287,16,13
bul_Cyrl,287,17,13
bul_Cyrl,287,18,13
bul_Cyrl,287,19,13
bul_Cyrl,287,20,13
bul_Cyrl,287,21,13
bul_Cyrl,288,0,60
bul_Cyrl,288,1,13
bul_Cyrl,288,2,13
bul_Cyrl,288,3,13
bul_Cyrl,288,4,13
bul_Cyrl,288,5,13
bul_Cyrl,288,6,13
bul_Cyrl,288,7,13
bul_Cyrl,288,8,13
bul_Cyrl,288,9,13
bul_Cyrl,288,10,13
bul_Cyrl,288,11,13
bul_Cyrl,288,12,13
bul_Cyrl,288,13,13
eng_Latn,289,0,60
eng_Latn,289,1,24
eng_Latn,289,2,52
eng_Latn,289,3,57
eng_Latn,289,4,14
eng_Latn,289,5,14
eng_Latn,289,6,14
eng_Latn,289,7,27
eng_Latn,289,8,47
eng_Latn,289,9,47
eng_Latn,289,10,40
eng_Latn,289,11,24
eng_Latn,289,12,26
bul_Cyrl,290,0,60
bul_Cyrl,290,1,9
bul_Cyrl,290,2,13
bul_Cyrl,290,3,13
bul_Cyrl,290,4,13
bul_Cyrl,290,5,13
bul_Cyrl,290,6,13
bul_Cyrl,290,7,13
bul_Cyrl,290,8,13
bul_Cyrl,290,9,13
bul_Cyrl,290,10,13
bul_Cyrl,290,11,13
bul_Cyrl,290,12,13
bul_Cyrl,290,13,13
bul_Cyrl,290,14,13
bul_Cyrl,290,15,13
bul_Cyrl,290,16,13
bul_Cyrl,290,17,13
bul_Cyrl,290,18,13
bul_Cyrl,290,19,13
bul_Cyrl,290,20,13
bul_Cyrl,290,21,13
bul_Cyrl,290,22,13
bul_Cyrl,290,23,9
bul_Cyrl,290,24,13
bul_Cyrl,290,25,13
bul_Cyrl,290,26,13
eng_Latn,291,0,60
eng_Latn,291,1,28
eng_Latn,291,2,28
eng_Latn,291,3,38
eng_Latn,291,4,19
eng_Latn,291,5,47
bul_Cyrl,292,0,60
bul_Cyrl,292,1,13
bul_Cyrl,292,2,13
bul_Cyrl,292,3,13
bul_Cyrl,292,4,13
bul_Cyrl,292,5,13
bul_Cyrl,292,6,13
bul_Cyrl,292,7,13
bul_Cyrl,292,8,13
bul_Cyrl,292,9,13
bul_Cyrl,292,10,13
bul_Cyrl,292,11,13
bul_Cyrl,292,12,13
bul_Cyrl,292,13,13
bul_Cyrl,292,14,13
bul_Cyrl,292,15,13
bul_Cyrl,292,16,13
bul_Cyrl,292,17,13
bul_Cyrl,292,18,13
bul_Cyrl,292,19,13
bul_Cyrl,292,20,13
bul_Cyrl,293,0,60
bul_Cyrl,293,1,13
bul_Cyrl,293,2,13
bul_Cyrl,293,3,13
bul_Cyrl,293,4,13
bul_Cyrl,293,5,13
bul_Cyrl,293,6,13
bul_Cyrl,293,7,13
bul_Cyrl,293,8,13
bul_Cyrl,293,9,13
bul_Cyrl,293,10,13
bul_Cyrl,293,11,13
eng_Latn,294,0,60
eng_Latn,294,1,37
eng_Latn,294,2,12
eng_Latn,294,3,2
eng_Latn,294,4,47
bul_Cyrl,295,0,60
bul_Cyrl,295,1,13
bul_Cyrl,295,2,13
bul_Cyrl,295,3,13
bul_Cyrl,295,4,13
bul_Cyrl,295,5,13
bul_Cyrl,295,6,13
bul_Cyrl,295,7,13
bul_Cyrl,295,8,13
bul_Cyrl,295,9,13
bul_Cyrl,295,10,13
bul_Cyrl,295,11,13
bul_Cyrl,295,12,13
bul_Cyrl,295,13,13
bul_Cyrl,295,14,13
bul_Cyrl,295,15,19
bul_Cyrl,295,16,13
bul_Cyrl,295,17,13
bul_Cyrl,295,18,13
bul_Cyrl,296,0,60
bul_Cyrl,296,1,52
bul_Cyrl,296,2,1
bul_Cyrl,296,3,13
bul_Cyrl,296,4,13
bul_Cyrl,296,5,13
bul_Cyrl,296,6,13
bul_Cyrl,296,7,13
bul_Cyrl,296,8,13
bul_Cyrl,296,9,13
bul_Cyrl,296,10,13
bul_Cyrl,296,11,13
bul_Cyrl,296,12,13
bul_Cyrl,296,13,13
bul_Cyrl,296,14,13
bul_Cyrl,296,15,13
bul_Cyrl,296,16,13
bul_Cyrl,296,17,13
bul_Cyrl,296,18,13
bul_Cyrl,296,19,13
bul_Cyrl,296,20,13
bul_Cyrl,297,0,60
bul_Cyrl,297,1,13
bul_Cyrl,297,2,13
bul_Cyrl,297,3,13
bul_Cyrl,297,4,13
bul_Cyrl,297,5,61
bul_Cyrl,297,6,13
bul_Cyrl,297,7,13
bul_Cyrl,297,8,47
bul_Cyrl,297,9,13
bul_Cyrl,297,10,13
bul_Cyrl,297,11,13
bul_Cyrl,298,0,60
bul_Cyrl,298,1,13
bul_Cyrl,298,2,13
bul_Cyrl,298,3,13
bul_Cyrl,298,4,13
bul_Cyrl,298,5,13
bul_Cyrl,298,6,13
bul_Cyrl,298,7,13
bul_Cyrl,298,8,13
bul_Cyrl,298,9,47
bul_Cyrl,298,10,13
bul_Cyrl,298,11,13
bul_Cyrl,298,12,12
bul_Cyrl,298,13,13
bul_Cyrl,298,14,13
bul_Cyrl,298,15,13
bul_Cyrl,298,16,13
bul_Cyrl,298,17,13
bul_Cyrl,298,18,13
bul_Cyrl,298,19,13
bul_Cyrl,298,20,13
bul_Cyrl,298,21,13
bul_Cyrl,298,22,13
bul_Cyrl,298,23,13
bul_Cyrl,298,24,13
bul_Cyrl,298,25,13
bul_Cyrl,298,26,13
bul_Cyrl,298,27,13
eng_Latn,299,0,60
eng_Latn,299,1,17
eng_Latn,299,2,54
eng_Latn,299,3,24
eng_Latn,299,4,39
eng_Latn,299,5,46
eng_Latn,299,6,48
eng_Latn,299,7,19
eng_Latn,299,8,16
eng_Latn,299,9,20
eng_Latn,299,10,34
eng_Latn,300,0,60
eng_Latn,300,1,37
eng_Latn,300,2,53
eng_Latn,300,3,34
eng_Latn,301,0,60
eng_Latn,301,1,46
eng_Latn,301,2,51
eng_Latn,301,3,63
eng_Latn,301,4,14
eng_Latn,301,5,49
eng_Latn,301,6,9
eng_Latn,301,7,14
eng_Latn,301,8,1
eng_Latn,301,9,52
eng_Latn,302,0,60
eng_Latn,302,1,22
eng_Latn,302,2,41
eng_Latn,302,3,34
bul_Cyrl,303,0,60
bul_Cyrl,303,1,13
bul_Cyrl,303,2,13
bul_Cyrl,303,3,13
bul_Cyrl,303,4,13
bul_Cyrl,303,5,13
bul_Cyrl,303,6,13
bul_Cyrl,303,7,13
bul_Cyrl,303,8,13
bul_Cyrl,303,9,13
bul_Cyrl,304,0,60
bul_Cyrl,304,1,13
bul_Cyrl,304,2,13
bul_Cyrl,304,3,13
bul_Cyrl,304,4,13
bul_Cyrl,304,5,13
bul_Cyrl,304,6,13
bul_Cyrl,304,7,13
bul_Cyrl,304,8,13
bul_Cyrl,304,9,13
bul_Cyrl,304,10,13
bul_Cyrl,304,11,13
bul_Cyrl,304,12,13
bul_Cyrl,304,13,27
bul_Cyrl,304,14,13
bul_Cyrl,304,15,13
bul_Cyrl,304,16,13
bul_Cyrl,304,17,13
bul_Cyrl,305,0,60
bul_Cyrl,305,1,13
bul_Cyrl,305,2,13
bul_Cyrl,305,3,13
bul_Cyrl,305,4,13
bul_Cyrl,305,5,13
bul_Cyrl,305,6,13
bul_Cyrl,305,7,13
bul_Cyrl,305,8,13
bul_Cyrl,305,9,13
bul_Cyrl,305,10,13
bul_Cyrl,305,11,13
eng_Latn,306,0,60
eng_Latn,306,1,9
eng_Latn,306,2,56
eng_Latn,306,3,41
eng_Latn,306,4,24
eng_Latn,306,5,52
eng_Latn,306,6,52
eng_Latn,306,7,52
eng_Latn,306,8,57
eng_Latn,306,9,41
eng_Latn,306,10,2
eng_Latn,306,11,18
eng_Latn,306,12,48
eng_Latn,306,13,18
eng_Latn,306,14,16
bul_Cyrl,307,0,60
bul_Cyrl,307,1,13
bul_Cyrl,307,2,13
bul_Cyrl,307,3,13
bul_Cyrl,307,4,13
bul_Cyrl,307,5,13
bul_Cyrl,307,6,13
bul_Cyrl,307,7,13
bul_Cyrl,307,8,13
bul_Cyrl,307,9,13
bul_Cyrl,307,10,13
bul_Cyrl,307,11,13
bul_Cyrl,307,12,47
bul_Cyrl,307,13,27
bul_Cyrl,307,14,13
bul_Cyrl,307,15,13
bul_Cyrl,308,0,60
bul_Cyrl,308,1,13
bul_Cyrl,308,2,13
bul_Cyrl,308,3,13
bul_Cyrl,308,4,13
bul_Cyrl,308,5,13
bul_Cyrl,308,6,13
bul_Cyrl,308,7,13
bul_Cyrl,308,8,13
bul_Cyrl,308,9,13
bul_Cyrl,308,10,13
bul_Cyrl,308,11,13
bul_Cyrl,308,12,13
bul_Cyrl,308,13,13
bul_Cyrl,308,14,13
bul_Cyrl,308,15,13
bul_Cyrl,308,16,13
bul_Cyrl,308,17,13
bul_Cyrl,308,18,13
bul_Cyrl,308,19,37
bul_Cyrl,308,20,7
bul_Cyrl,308,21,13
bul_Cyrl,308,22,13
bul_Cyrl,308,23,13
bul_Cyrl,308,24,13
bul_Cyrl,308,25,13
bul_Cyrl,308,26,13
eng_Latn,309,0,60
eng_Latn,309,1,42
eng_Latn,309,2,34
bul_Cyrl,310,0,60
bul_Cyrl,310,1,13
bul_Cyrl,310,2,13
bul_Cyrl,310,3,13
bul_Cyrl,310,4,13
bul_Cyrl,310,5,13
bul_Cyrl,310,6,13
bul_Cyrl,310,7,13
bul_Cyrl,310,8,13
bul_Cyrl,310,9,13
bul_Cyrl,310,10,13
bul_Cyrl,310,11,13
bul_Cyrl,310,12,52
bul_Cyrl,310,13,52
bul_Cyrl,310,14,13
bul_Cyrl,310,15,13
bul_Cyrl,310,16,47
bul_Cyrl,310,17,13
bul_Cyrl,310,18,13
bul_Cyrl,310,19,52
bul_Cyrl,310,20,13
bul_Cyrl,310,21,13
bul_Cyrl,310,22,13
bul_Cyrl,310,23,52
bul_Cyrl,310,24,13
bul_Cyrl,310,25,13
bul_Cyrl,311,0,60
bul_Cyrl,311,1,13
bul_Cyrl,311,2,13
bul_Cyrl,311,3,13
bul_Cyrl,311,4,13
bul_Cyrl,311,5,13
bul_Cyrl,311,6,13
bul_Cyrl,311,7,24
bul_Cyrl,311,8,7
bul_Cyrl,311,9,13
bul_Cyrl,311,10,13
bul_Cyrl,311,11,13
bul_Cyrl,311,12,13
bul_Cyrl,311,13,13
bul_Cyrl,311,14,13
bul_Cyrl,311,15,13
bul_Cyrl,311,16,13
bul_Cyrl,311,17,13
bul_Cyrl,311,18,12
bul_Cyrl,311,19,39
bul_Cyrl,311,20,13
bul_Cyrl,311,21,12
bul_Cyrl,311,22,13
bul_Cyrl,311,23,13
bul_Cyrl,312,0,60
bul_Cyrl,312,1,13
bul_Cyrl,312,2,13
bul_Cyrl,312,3,13
bul_Cyrl,312,4,13
bul_Cyrl,312,5,13
bul_Cyrl,312,6,13
bul_Cyrl,312,7,13
bul_Cyrl,312,8,13
bul_Cyrl,312,9,13
bul_Cyrl,312,10,13
bul_Cyrl,312,11,13
bul_Cyrl,312,12,13
bul_Cyrl,312,13,13
bul_Cyrl,312,14,13
bul_Cyrl,313,0,60
bul_Cyrl,313,1,9
bul_Cyrl,313,2,9
bul_Cyrl,313,3,13
bul_Cyrl,313,4,13
bul_Cyrl,313,5,13
bul_Cyrl,313,6,13
bul_Cyrl,313,7,13
bul_Cyrl,313,8,13
bul_Cyrl,313,9,13
bul_Cyrl,313,10,13
bul_Cyrl,313,11,13
bul_Cyrl,313,12,13
bul_Cyrl,313,13,52
bul_Cyrl,313,14,9
bul_Cyrl,313,15,13
bul_Cyrl,313,16,13
bul_Cyrl,313,17,13
bul_Cyrl,313,18,52
bul_Cyrl,313,19,1
bul_Cyrl,313,20,13
bul_Cyrl,313,21,13
bul_Cyrl,314,0,60
bul_Cyrl,314,1,13
bul_Cyrl,314,2,13
bul_Cyrl,314,3,13
bul_Cyrl,314,4,13
bul_Cyrl,314,5,13
bul_Cyrl,314,6,13
bul_Cyrl,314,7,13
bul_Cyrl,314,8,13
bul_Cyrl,314,9,13
bul_Cyrl,314,10,13
bul_Cyrl,314,11,13
bul_Cyrl,314,12,13
bul_Cyrl,314,13,13
bul_Cyrl,314,14,13
eng_Latn,315,0,60
eng_Latn,315,1,30
eng_Latn,315,2,24
eng_Latn,315,3,45
eng_Latn,315,4,1
eng_Latn,315,5,1
eng_Latn,315,6,52
bul_Cyrl,316,0,60
bul_Cyrl,316,1,13
bul_Cyrl,316,2,13
bul_Cyrl,316,3,13
bul_Cyrl,316,4,13
bul_Cyrl,316,5,13
bul_Cyrl,316,6,13
bul_Cyrl,316,7,13
bul_Cyrl,316,8,13
bul_Cyrl,316,9,13
bul_Cyrl,316,10,13
bul_Cyrl,316,11,13
bul_Cyrl,316,12,13
bul_Cyrl,316,13,13
bul_Cyrl,316,14,13
bul_Cyrl,316,15,13
bul_Cyrl,316,16,13
bul_Cyrl,316,17,13
bul_Cyrl,316,18,13
bul_Cyrl,316,19,13
bul_Cyrl,316,20,13
bul_Cyrl,316,21,13
bul_Cyrl,316,22,13
eng_Latn,317,0,60
eng_Latn,317,1,40
eng_Latn,317,2,49
eng_Latn,317,3,56
eng_Latn,317,4,53
eng_Latn,317,5,37
eng_Latn,317,6,63
eng_Latn,317,7,18
eng_Latn,317,8,53
eng_Latn,317,9,16
bul_Cyrl,318,0,60
bul_Cyrl,318,1,13
bul_Cyrl,318,2,13
bul_Cyrl,318,3,13
bul_Cyrl,318,4,13
bul_Cyrl,318,5,13
bul_Cyrl,318,6,13
bul_Cyrl,318,7,13
bul_Cyrl,319,0,60
bul_Cyrl,319,1,13
bul_Cyrl,319,2,13
bul_Cyrl,319,3,13
bul_Cyrl,319,4,13
bul_Cyrl,319,5,13
bul_Cyrl,319,6,13
bul_Cyrl,319,7,13
bul_Cyrl,319,8,13
bul_Cyrl,319,9,13
bul_Cyrl,319,10,13
bul_Cyrl,319,11,13
bul_Cyrl,319,12,13
bul_Cyrl,319,13,13
bul_Cyrl,319,14,13
bul_Cyrl,319,15,13
bul_Cyrl,319,16,13
bul_Cyrl,319,17,13
bul_Cyrl,319,18,13
bul_Cyrl,319,19,13
bul_Cyrl,319,20,13
bul_Cyrl,319,21,13
eng_Latn,320,0,60
eng_Latn,320,1,57
eng_Latn,320,2,45
eng_Latn,320,3,46
eng_Latn,320,4,17
eng_Latn,320,5,56
eng_Latn,320,6,35
eng_Latn,320,7,35
eng_Latn,320,8,34
bul_Cyrl,321,0,60
bul_Cyrl,321,1,13
bul_Cyrl,321,2,13
bul_Cyrl,321,3,13
bul_Cyrl,321,4,13
bul_Cyrl,321,5,13
bul_Cyrl,321,6,13
bul_Cyrl,321,7,13
bul_Cyrl,322,0,60
bul_Cyrl,322,1,13
bul_Cyrl,322,2,13
bul_Cyrl,322,3,13
bul_Cyrl,322,4,13
bul_Cyrl,322,5,13
bul_Cyrl,322,6,13
bul_Cyrl,322,7,13
bul_Cyrl,322,8,13
bul_Cyrl,322,9,13
bul_Cyrl,322,10,13
bul_Cyrl,322,11,13
bul_Cyrl,322,12,13
bul_Cyrl,322,13,13
bul_Cyrl,322,14,13
bul_Cyrl,322,15,13
bul_Cyrl,322,16,13
bul_Cyrl,322,17,13
bul_Cyrl,322,18,13
bul_Cyrl,322,19,13
bul_Cyrl,322,20,13
bul_Cyrl,323,0,60
bul_Cyrl,323,1,13
bul_Cyrl,323,2,13
bul_Cyrl,323,3,13
bul_Cyrl,323,4,13
bul_Cyrl,323,5,13
bul_Cyrl,323,6,13
bul_Cyrl,323,7,13
bul_Cyrl,323,8,13
bul_Cyrl,323,9,13
bul_Cyrl,323,10,13
bul_Cyrl,323,11,13
bul_Cyrl,323,12,13
bul_Cyrl,323,13,13
bul_Cyrl,323,14,13
bul_Cyrl,323,15,13
bul_Cyrl,323,16,13
bul_Cyrl,323,17,13
bul_Cyrl,323,18,13
bul_Cyrl,323,19,13
bul_Cyrl,323,20,13
bul_Cyrl,323,21,13
bul_Cyrl,323,22,13
bul_Cyrl,324,0,60
bul_Cyrl,324,1,13
bul_Cyrl,324,2,13
bul_Cyrl,324,3,13
bul_Cyrl,324,4,13
bul_Cyrl,324,5,13
bul_Cyrl,324,6,13
bul_Cyrl,324,7,13
bul_Cyrl,324,8,13
bul_Cyrl,324,9,13
bul_Cyrl,324,10,13
bul_Cyrl,324,11,13
bul_Cyrl,324,12,13
bul_Cyrl,324,13,13
bul_Cyrl,324,14,13
bul_Cyrl,324,15,13
bul_Cyrl,324,16,13
bul_Cyrl,324,17,26
bul_Cyrl,324,18,13
bul_Cyrl,324,19,13
bul_Cyrl,324,20,13
bul_Cyrl,324,21,13
bul_Cyrl,324,22,13
bul_Cyrl,324,23,13
bul_Cyrl,324,24,13
bul_Cyrl,324,25,13
eng_Latn,325,0,60
eng_Latn,325,1,38
eng_Latn,325,2,15
eng_Latn,325,3,56
eng_Latn,325,4,32
eng_Latn,325,5,4
eng_Latn,325,6,18
eng_Latn,325,7,50
eng_Latn,325,8,49
bul_Cyrl,326,0,60
bul_Cyrl,326,1,13
bul_Cyrl,326,2,13
bul_Cyrl,326,3,13
bul_Cyrl,326,4,13
bul_Cyrl,326,5,13
bul_Cyrl,326,6,13
bul_Cyrl,326,7,13
bul_Cyrl,326,8,13
bul_Cyrl,326,9,13
bul_Cyrl,326,10,13
bul_Cyrl,326,11,13
bul_Cyrl,326,12,13
eng_Latn,327,0,60
eng_Latn,327,1,9
eng_Latn,327,2,22
eng_Latn,327,3,35
eng_Latn,327,4,15
eng_Latn,327,5,33
eng_Latn,327,6,33
eng_Latn,327,7,57
eng_Latn,328,0,60
eng_Latn,328,1,33
eng_Latn,328,2,29
eng_Latn,328,3,33
eng_Latn,328,4,33
eng_Latn,328,5,33
eng_Latn,328,6,33
eng_Latn,328,7,57
eng_Latn,328,8,33
eng_Latn,328,9,46
eng_Latn,329,0,60
eng_Latn,329,1,45
eng_Latn,329,2,20
eng_Latn,329,3,0
eng_Latn,329,4,53
eng_Latn,329,5,41
eng_Latn,329,6,21
eng_Latn,329,7,51
bul_Cyrl,330,0,60
bul_Cyrl,330,1,13
bul_Cyrl,330,2,19
bul_Cyrl,330,3,13
bul_Cyrl,330,4,13
bul_Cyrl,330,5,13
bul_Cyrl,330,6,13
bul_Cyrl,330,7,13
bul_Cyrl,330,8,13
bul_Cyrl,330,9,13
bul_Cyrl,330,10,13
bul_Cyrl,330,11,13
bul_Cyrl,330,12,13
bul_Cyrl,330,13,13
bul_Cyrl,330,14,13
bul_Cyrl,330,15,13
bul_Cyrl,330,16,13
eng_Latn,331,0,60
eng_Latn,331,1,9
eng_Latn,331,2,56
eng_Latn,331,3,46
eng_Latn,331,4,51
eng_Latn,332,0,60
eng_Latn,332,1,57
eng_Latn,332,2,46
eng_Latn,332,3,15
eng_Latn,332,4,63
eng_Latn,332,5,62
eng_Latn,332,6,52
eng_Latn,332,7,8
eng_Latn,332,8,46
eng_Latn,332,9,48
eng_Latn,333,0,60
eng_Latn,333,1,12
eng_Latn,333,2,42
eng_Latn,333,3,22
eng_Latn,333,4,27
eng_Latn,333,5,49
eng_Latn,333,6,9
eng_Latn,333,7,29
eng_Latn,333,8,22
bul_Cyrl,334,0,60
bul_Cyrl,334,1,13
bul_Cyrl,334,2,13
bul_Cyrl,334,3,13
bul_Cyrl,334,4,13
bul_Cyrl,334,5,13
bul_Cyrl,334,6,13
bul_Cyrl,334,7,13
bul_Cyrl,334,8,13
bul_Cyrl,334,9,13
bul_Cyrl,334,10,13
bul_Cyrl,334,11,13
bul_Cyrl,334,12,13
bul_Cyrl,334,13,13
bul_Cyrl,334,14,1
bul_Cyrl,334,15,61
bul_Cyrl,334,16,47
bul_Cyrl,334,17,13
bul_Cyrl,334,18,13
eng_Latn,335,0,60
eng_Latn,335,1,54
eng_Latn,335,2,38
eng_Latn,335,3,19
eng_Latn,335,4,46
eng_Latn,335,5,21
eng_Latn,335,6,16
eng_Latn,335,7,57
eng_Latn,336,0,60
eng_Latn,336,1,56
eng_Latn,336,2,56
eng_Latn,336,3,16
eng_Latn,336,4,53
eng_Latn,336,5,34
eng_Latn,336,6,57
eng_Latn,336,7,51
bul_Cyrl,337,0,60
bul_Cyrl,337,1,13
bul_Cyrl,337,2,13
bul_Cyrl,337,3,13
bul_Cyrl,337,4,13
bul_Cyrl,337,5,13
bul_Cyrl,337,6,13
bul_Cyrl,337,7,13
bul_Cyrl,337,8,13
bul_Cyrl,337,9,13
bul_Cyrl,338,0,60
bul_Cyrl,338,1,13
bul_Cyrl,338,2,13
bul_Cyrl,338,3,47
bul_Cyrl,338,4,13
bul_Cyrl,338,5,13
bul_Cyrl,338,6,13
bul_Cyrl,338,7,13
bul_Cyrl,338,8,13
bul_Cyrl,338,9,13
bul_Cyrl,338,10,13
bul_Cyrl,338,11,13
bul_Cyrl,338,12,47
bul_Cyrl,338,13,13
bul_Cyrl,338,14,19
bul_Cyrl,338,15,27
bul_Cyrl,338,16,27
bul_Cyrl,338,17,27
bul_Cyrl,338,18,27
bul_Cyrl,338,19,7
bul_Cyrl,338,20,13
bul_Cyrl,338,21,52
eng_Latn,339,0,60
eng_Latn,339,1,56
eng_Latn,339,2,16
eng_Latn,339,3,29
eng_Latn,339,4,41
eng_Latn,339,5,46
bul_Cyrl,340,0,60
bul_Cyrl,340,1,13
bul_Cyrl,340,2,13
bul_Cyrl,340,3,13
bul_Cyrl,340,4,13
bul_Cyrl,340,5,13
bul_Cyrl,340,6,13
bul_Cyrl,340,7,13
bul_Cyrl,340,8,13
bul_Cyrl,340,9,13
bul_Cyrl,340,10,13
bul_Cyrl,340,11,13
bul_Cyrl,340,12,13
bul_Cyrl,340,13,13
bul_Cyrl,340,14,13
bul_Cyrl,340,15,13
bul_Cyrl,340,16,13
bul_Cyrl,340,17,13
bul_Cyrl,340,18,13
bul_Cyrl,340,19,13
bul_Cyrl,340,20,13
bul_Cyrl,340,21,40
bul_Cyrl,340,22,47
bul_Cyrl,340,23,13
eng_Latn,341,0,60
eng_Latn,341,1,5
eng_Latn,341,2,35
eng_Latn,341,3,46
eng_Latn,341,4,53
eng_Latn,341,5,48
eng_Latn,341,6,18
eng_Latn,341,7,23
eng_Latn,341,8,54
eng_Latn,341,9,52
bul_Cyrl,342,0,60
bul_Cyrl,342,1,13
bul_Cyrl,342,2,13
bul_Cyrl,342,3,13
bul_Cyrl,342,4,13
bul_Cyrl,342,5,13
bul_Cyrl,342,6,13
bul_Cyrl,342,7,1
bul_Cyrl,342,8,19
bul_Cyrl,342,9,19
bul_Cyrl,342,10,13
bul_Cyrl,342,11,13
bul_Cyrl,342,12,13
bul_Cyrl,342,13,13
bul_Cyrl,342,14,13
bul_Cyrl,342,15,13
bul_Cyrl,342,16,13
bul_Cyrl,342,17,13
bul_Cyrl,342,18,13
bul_Cyrl,342,19,13
bul_Cyrl,342,20,13
bul_Cyrl,342,21,13
bul_Cyrl,342,22,13
bul_Cyrl,342,23,13
bul_Cyrl,342,24,13
bul_Cyrl,342,25,13
bul_Cyrl,343,0,60
bul_Cyrl,343,1,13
bul_Cyrl,343,2,13
bul_Cyrl,343,3,13
bul_Cyrl,343,4,13
bul_Cyrl,343,5,13
bul_Cyrl,343,6,13
bul_Cyrl,343,7,13
bul_Cyrl,343,8,13
bul_Cyrl,343,9,13
bul_Cyrl,343,10,13
bul_Cyrl,344,0,60
bul_Cyrl,344,1,19
bul_Cyrl,344,2,47
bul_Cyrl,344,3,15
bul_Cyrl,344,4,12
bul_Cyrl,344,5,13
bul_Cyrl,344,6,13
bul_Cyrl,344,7,13
bul_Cyrl,344,8,13
bul_Cyrl,344,9,13
bul_Cyrl,344,10,60
bul_Cyrl,344,11,22
bul_Cyrl,344,12,58
bul_Cyrl,344,13,13
bul_Cyrl,344,14,13
bul_Cyrl,344,15,13
bul_Cyrl,344,16,13
bul_Cyrl,345,0,60
bul_Cyrl,345,1,27
bul_Cyrl,345,2,13
bul_Cyrl,345,3,13
bul_Cyrl,345,4,13
bul_Cyrl,345,5,47
bul_Cyrl,345,6,13
bul_Cyrl,345,7,13
bul_Cyrl,345,8,13
bul_Cyrl,345,9,13
bul_Cyrl,345,10,13
bul_Cyrl,345,11,13
bul_Cyrl,345,12,13
bul_Cyrl,345,13,13
bul_Cyrl,345,14,13
bul_Cyrl,345,15,13
bul_Cyrl,345,16,13
bul_Cyrl,345,17,13
bul_Cyrl,345,18,13
bul_Cyrl,345,19,13
bul_Cyrl,345,20,13
bul_Cyrl,345,21,13
bul_Cyrl,345,22,13
bul_Cyrl,345,23,13
bul_Cyrl,345,24,13
eng_Latn,346,0,60
eng_Latn,346,1,8
eng_Latn,346,2,8
eng_Latn,346,3,24
eng_Latn,346,4,47
eng_Latn,346,5,19
eng_Latn,346,6,37
eng_Latn,346,7,8
eng_Latn,346,8,19
eng_Latn,346,9,19
eng_Latn,346,10,8
eng_Latn,346,11,8
eng_Latn,346,12,54
eng_Latn,346,13,35
eng_Latn,346,14,46
bul_Cyrl,347,0,60
bul_Cyrl,347,1,13
bul_Cyrl,347,2,13
bul_Cyrl,347,3,13
bul_Cyrl,347,4,13
bul_Cyrl,347,5,13
bul_Cyrl,347,6,13
bul_Cyrl,347,7,13
bul_Cyrl,347,8,13
bul_Cyrl,347,9,13
bul_Cyrl,347,10,61
bul_Cyrl,347,11,13
bul_Cyrl,347,12,13
bul_Cyrl,347,13,13
bul_Cyrl,347,14,13
bul_Cyrl,347,15,13
bul_Cyrl,347,16,13
bul_Cyrl,348,0,60
bul_Cyrl,348,1,13
bul_Cyrl,348,2,13
bul_Cyrl,348,3,13
bul_Cyrl,348,4,13
bul_Cyrl,348,5,13
bul_Cyrl,348,6,13
bul_Cyrl,348,7,13
bul_Cyrl,348,8,52
bul_Cyrl,349,0,60
bul_Cyrl,349,1,13
bul_Cyrl,349,2,13
bul_Cyrl,349,3,13
bul_Cyrl,349,4,13
bul_Cyrl,349,5,13
bul_Cyrl,349,6,13
bul_Cyrl,349,7,13
bul_Cyrl,349,8,13
bul_Cyrl,349,9,13
bul_Cyrl,349,10,13
bul_Cyrl,349,11,12
bul_Cyrl,349,12,13
bul_Cyrl,349,13,13
bul_Cyrl,349,14,13
bul_Cyrl,349,15,13
bul_Cyrl,349,16,13
eng_Latn,350,0,60
eng_Latn,350,1,39
eng_Latn,350,2,24
eng_Latn,350,3,19
eng_Latn,350,4,19
eng_Latn,350,5,48
eng_Latn,350,6,56
eng_Latn,350,7,59
eng_Latn,350,8,40
eng_Latn,350,9,15
bul_Cyrl,351,0,60
bul_Cyrl,351,1,9
bul_Cyrl,351,2,13
bul_Cyrl,351,3,13
bul_Cyrl,351,4,13
bul_Cyrl,351,5,13
bul_Cyrl,351,6,13
bul_Cyrl,351,7,13
bul_Cyrl,351,8,13
bul_Cyrl,351,9,13
bul_Cyrl,351,10,13
bul_Cyrl,351,11,13
bul_Cyrl,351,12,13
bul_Cyrl,351,13,13
bul_Cyrl,351,14,13
bul_Cyrl,351,15,13
bul_Cyrl,351,16,13
bul_Cyrl,351,17,13
bul_Cyrl,351,18,13
bul_Cyrl,351,19,13
bul_Cyrl,351,20,13
bul_Cyrl,351,21,13
bul_Cyrl,351,22,13
bul_Cyrl,351,23,13
bul_Cyrl,351,24,13
bul_Cyrl,351,25,13
bul_Cyrl,351,26,13
bul_Cyrl,351,27,13
eng_Latn,352,0,60
eng_Latn,352,1,48
eng_Latn,352,2,18
eng_Latn,352,3,18
eng_Latn,352,4,63
eng_Latn,352,5,30
eng_Latn,352,6,30
eng_Latn,352,7,33
bul_Cyrl,353,0,60
bul_Cyrl,353,1,13
bul_Cyrl,353,2,13
bul_Cyrl,353,3,13
bul_Cyrl,353,4,13
bul_Cyrl,353,5,13
bul_Cyrl,353,6,13
bul_Cyrl,353,7,13
bul_Cyrl,353,8,13
bul_Cyrl,353,9,13
bul_Cyrl,353,10,13
bul_Cyrl,353,11,1
bul_Cyrl,353,12,13
bul_Cyrl,353,13,13
bul_Cyrl,353,14,13
bul_Cyrl,353,15,13
bul_Cyrl,353,16,13
bul_Cyrl,354,0,60
bul_Cyrl,354,1,13
bul_Cyrl,354,2,13
bul_Cyrl,354,3,13
bul_Cyrl,354,4,13
bul_Cyrl,354,5,13
bul_Cyrl,354,6,13
bul_Cyrl,354,7,13
bul_Cyrl,354,8,13
bul_Cyrl,355,0,60
bul_Cyrl,355,1,13
bul_Cyrl,355,2,13
bul_Cyrl,355,3,13
bul_Cyrl,355,4,13
bul_Cyrl,355,5,13
bul_Cyrl,355,6,13
bul_Cyrl,355,7,13
bul_Cyrl,355,8,13
bul_Cyrl,355,9,13
bul_Cyrl,355,10,13
bul_Cyrl,355,11,13
bul_Cyrl,355,12,13
bul_Cyrl,355,13,13
bul_Cyrl,355,14,13
bul_Cyrl,355,15,13
bul_Cyrl,355,16,1
bul_Cyrl,355,17,13
bul_Cyrl,355,18,13
bul_Cyrl,355,19,13
bul_Cyrl,355,20,13
bul_Cyrl,355,21,19
bul_Cyrl,355,22,39
bul_Cyrl,355,23,47
bul_Cyrl,355,24,7
bul_Cyrl,355,25,13
bul_Cyrl,356,0,60
bul_Cyrl,356,1,13
bul_Cyrl,356,2,13
bul_Cyrl,356,3,13
bul_Cyrl,356,4,13
bul_Cyrl,356,5,13
bul_Cyrl,356,6,13
bul_Cyrl,356,7,13
bul_Cyrl,356,8,13
bul_Cyrl,356,9,13
bul_Cyrl,356,10,13
bul_Cyrl,356,11,13
bul_Cyrl,356,12,13
bul_Cyrl,356,13,13
bul_Cyrl,356,14,13
bul_Cyrl,356,15,13
bul_Cyrl,356,16,13
bul_Cyrl,356,17,13
bul_Cyrl,356,18,13
bul_Cyrl,356,19,13
bul_Cyrl,356,20,13
bul_Cyrl,356,21,13
bul_Cyrl,356,22,13
bul_Cyrl,356,23,13
eng_Latn,357,0,60
eng_Latn,357,1,29
eng_Latn,357,2,18
eng_Latn,357,3,5
eng_Latn,357,4,18
eng_Latn,357,5,18
eng_Latn,357,6,16
eng_Latn,357,7,18
eng_Latn,357,8,56
eng_Latn,357,9,57
eng_Latn,358,0,60
eng_Latn,358,1,9
eng_Latn,358,2,22
eng_Latn,358,3,11
eng_Latn,358,4,40
bul_Cyrl,359,0,60
bul_Cyrl,359,1,19
bul_Cyrl,359,2,12
bul_Cyrl,359,3,13
bul_Cyrl,359,4,13
bul_Cyrl,359,5,13
bul_Cyrl,359,6,13
bul_Cyrl,359,7,13
bul_Cyrl,359,8,13
bul_Cyrl,359,9,13
bul_Cyrl,359,10,13
bul_Cyrl,359,11,13
eng_Latn,360,0,60
eng_Latn,360,1,19
eng_Latn,360,2,33
eng_Latn,360,3,33
eng_Latn,361,0,60
eng_Latn,361,1,7
eng_Latn,361,2,19
eng_Latn,361,3,34
eng_Latn,361,4,9
eng_Latn,361,5,22
eng_Latn,361,6,42
eng_Latn,361,7,27
eng_Latn,361,8,13
eng_Latn,361,9,27
eng_Latn,361,10,7
eng_Latn,361,11,49
bul_Cyrl,362,0,60
bul_Cyrl,362,1,13
bul_Cyrl,362,2,13
bul_Cyrl,362,3,13
bul_Cyrl,362,4,13
bul_Cyrl,362,5,13
bul_Cyrl,362,6,13
bul_Cyrl,362,7,13
bul_Cyrl,362,8,13
bul_Cyrl,362,9,13
bul_Cyrl,362,10,13
bul_Cyrl,362,11,13
bul_Cyrl,362,12,13
bul_Cyrl,362,13,13
bul_Cyrl,362,14,13
bul_Cyrl,362,15,13
bul_Cyrl,362,16,13
bul_Cyrl,362,17,13
bul_Cyrl,362,18,13
bul_Cyrl,362,19,13
bul_Cyrl,362,20,13
bul_Cyrl,362,21,13
bul_Cyrl,362,22,13
bul_Cyrl,362,23,13
bul_Cyrl,362,24,13
bul_Cyrl,362,25,13
bul_Cyrl,363,0,60
bul_Cyrl,363,1,13
bul_Cyrl,363,2,13
bul_Cyrl,363,3,13
bul_Cyrl,363,4,13
bul_Cyrl,363,5,13
bul_Cyrl,363,6,13
bul_Cyrl,363,7,13
bul_Cyrl,363,8,13
bul_Cyrl,363,9,13
bul_Cyrl,363,10,13
bul_Cyrl,363,11,13
bul_Cyrl,363,12,13
bul_Cyrl,363,13,13
bul_Cyrl,363,14,13
bul_Cyrl,363,15,13
bul_Cyrl,363,16,13
bul_Cyrl,363,17,13
bul_Cyrl,363,18,13
bul_Cyrl,363,19,13
bul_Cyrl,363,20,13
bul_Cyrl,363,21,13
bul_Cyrl,363,22,13
bul_Cyrl,364,0,60
bul_Cyrl,364,1,13
bul_Cyrl,364,2,13
bul_Cyrl,364,3,13
bul_Cyrl,364,4,13
bul_Cyrl,364,5,13
bul_Cyrl,364,6,13
bul_Cyrl,364,7,13
bul_Cyrl,364,8,13
bul_Cyrl,364,9,13
bul_Cyrl,364,10,13
bul_Cyrl,364,11,13
bul_Cyrl,364,12,13
bul_Cyrl,364,13,13
bul_Cyrl,364,14,13
bul_Cyrl,364,15,13
bul_Cyrl,364,16,13
bul_Cyrl,364,17,19
bul_Cyrl,364,18,13
bul_Cyrl,364,19,13
bul_Cyrl,364,20,13
bul_Cyrl,364,21,13
bul_Cyrl,364,22,13
bul_Cyrl,364,23,13
bul_Cyrl,364,24,13
bul_Cyrl,365,0,60
bul_Cyrl,365,1,13
bul_Cyrl,365,2,13
bul_Cyrl,365,3,13
bul_Cyrl,365,4,13
bul_Cyrl,365,5,13
bul_Cyrl,365,6,13
bul_Cyrl,365,7,13
bul_Cyrl,365,8,13
bul_Cyrl,365,9,13
bul_Cyrl,365,10,13
bul_Cyrl,365,11,39
bul_Cyrl,365,12,39
bul_Cyrl,365,13,13
bul_Cyrl,365,14,13
bul_Cyrl,365,15,13
bul_Cyrl,365,16,13
bul_Cyrl,365,17,13
bul_Cyrl,365,18,13
bul_Cyrl,365,19,13
bul_Cyrl,365,20,13
bul_Cyrl,365,21,13
bul_Cyrl,365,22,47
bul_Cyrl,365,23,19
bul_Cyrl,365,24,13
bul_Cyrl,365,25,13
bul_Cyrl,365,26,13
bul_Cyrl,365,27,13
bul_Cyrl,365,28,13
bul_Cyrl,365,29,13
bul_Cyrl,365,30,13
bul_Cyrl,365,31,13
bul_Cyrl,365,32,13
bul_Cyrl,365,33,13
bul_Cyrl,365,34,13
bul_Cyrl,365,35,13
bul_Cyrl,365,36,13
bul_Cyrl,365,37,13
bul_Cyrl,365,38,13
bul_Cyrl,365,39,13
bul_Cyrl,365,40,13
eng_Latn,366,0,60
eng_Latn,366,1,9
eng_Latn,366,2,1
eng_Latn,366,3,57
eng_Latn,366,4,49
eng_Latn,366,5,9
eng_Latn,366,6,22
eng_Latn,366,7,19
eng_Latn,366,8,19
eng_Latn,366,9,63
eng_Latn,366,10,11
eng_Latn,366,11,40
eng_Latn,366,12,40
eng_Latn,366,13,49
eng_Latn,366,14,12
eng_Latn,366,15,47
bul_Cyrl,367,0,60
bul_Cyrl,367,1,13
bul_Cyrl,367,2,52
bul_Cyrl,367,3,13
bul_Cyrl,367,4,13
bul_Cyrl,367,5,13
bul_Cyrl,367,6,13
bul_Cyrl,367,7,13
bul_Cyrl,367,8,13
bul_Cyrl,367,9,13
bul_Cyrl,367,10,13
bul_Cyrl,367,11,13
bul_Cyrl,367,12,13
bul_Cyrl,367,13,13
bul_Cyrl,367,14,13
bul_Cyrl,367,15,13
bul_Cyrl,367,16,13
bul_Cyrl,367,17,13
bul_Cyrl,367,18,13
bul_Cyrl,367,19,13
bul_Cyrl,367,20,13
bul_Cyrl,367,21,13
eng_Latn,368,0,60
eng_Latn,368,1,37
eng_Latn,368,2,52
eng_Latn,368,3,57
eng_Latn,368,4,59
eng_Latn,368,5,50
eng_Latn,368,6,56
eng_Latn,368,7,35
eng_Latn,368,8,35
eng_Latn,368,9,8
eng_Latn,368,10,8
eng_Latn,368,11,48
eng_Latn,369,0,60
eng_Latn,369,1,45
eng_Latn,369,2,46
eng_Latn,369,3,47
eng_Latn,369,4,23
eng_Latn,369,5,54
eng_Latn,369,6,63
eng_Latn,370,0,60
eng_Latn,370,1,39
eng_Latn,370,2,5
eng_Latn,370,3,35
eng_Latn,370,4,18
eng_Latn,370,5,14
eng_Latn,370,6,18
eng_Latn,370,7,14
eng_Latn,370,8,14
eng_Latn,370,9,47
bul_Cyrl,371,0,60
bul_Cyrl,371,1,13
bul_Cyrl,371,2,13
bul_Cyrl,371,3,13
bul_Cyrl,371,4,13
bul_Cyrl,371,5,13
bul_Cyrl,371,6,13
bul_Cyrl,371,7,13
bul_Cyrl,371,8,13
bul_Cyrl,372,0,60
bul_Cyrl,372,1,13
bul_Cyrl,372,2,13
bul_Cyrl,372,3,13
bul_Cyrl,372,4,13
bul_Cyrl,372,5,13
bul_Cyrl,372,6,47
bul_Cyrl,372,7,13
bul_Cyrl,372,8,13
bul_Cyrl,372,9,13
bul_Cyrl,372,10,13
bul_Cyrl,372,11,13
bul_Cyrl,372,12,13
bul_Cyrl,372,13,13
bul_Cyrl,372,14,13
bul_Cyrl,372,15,13
bul_Cyrl,372,16,13
bul_Cyrl,372,17,13
bul_Cyrl,372,18,13
bul_Cyrl,372,19,13
bul_Cyrl,372,20,13
bul_Cyrl,372,21,13
bul_Cyrl,372,22,13
bul_Cyrl,372,23,13
bul_Cyrl,372,24,13
eng_Latn,373,0,60
eng_Latn,373,1,56
eng_Latn,373,2,48
eng_Latn,373,3,56
eng_Latn,373,4,46
bul_Cyrl,374,0,60
bul_Cyrl,374,1,13
bul_Cyrl,374,2,13
bul_Cyrl,374,3,13
bul_Cyrl,374,4,13
bul_Cyrl,374,5,13
bul_Cyrl,374,6,13
bul_Cyrl,374,7,13
bul_Cyrl,374,8,13
bul_Cyrl,374,9,13
bul_Cyrl,374,10,39
bul_Cyrl,374,11,13
bul_Cyrl,374,12,13
bul_Cyrl,374,13,13
bul_Cyrl,374,14,13
bul_Cyrl,374,15,13
bul_Cyrl,374,16,13
bul_Cyrl,374,17,13
bul_Cyrl,374,18,1
bul_Cyrl,374,19,1
bul_Cyrl,374,20,13
bul_Cyrl,374,21,47
bul_Cyrl,374,22,13
bul_Cyrl,374,23,47
bul_Cyrl,374,24,13
bul_Cyrl,374,25,1
bul_Cyrl,374,26,13
bul_Cyrl,374,27,13
bul_Cyrl,374,28,52
bul_Cyrl,374,29,13
bul_Cyrl,374,30,13
bul_Cyrl,375,0,60
bul_Cyrl,375,1,13
bul_Cyrl,375,2,13
bul_Cyrl,375,3,13
bul_Cyrl,375,4,13
bul_Cyrl,375,5,13
bul_Cyrl,375,6,13
bul_Cyrl,375,7,13
bul_Cyrl,375,8,13
bul_Cyrl,375,9,13
bul_Cyrl,375,10,13
bul_Cyrl,375,11,40
bul_Cyrl,375,12,40
bul_Cyrl,376,0,60
bul_Cyrl,376,1,13
bul_Cyrl,376,2,13
bul_Cyrl,376,3,19
bul_Cyrl,376,4,13
bul_Cyrl,376,5,13
bul_Cyrl,376,6,13
bul_Cyrl,376,7,13
bul_Cyrl,376,8,13
bul_Cyrl,376,9,13
bul_Cyrl,376,10,13
bul_Cyrl,376,11,13
bul_Cyrl,376,12,13
bul_Cyrl,376,13,13
bul_Cyrl,376,14,13
bul_Cyrl,376,15,13
bul_Cyrl,376,16,13
bul_Cyrl,376,17,13
bul_Cyrl,376,18,13
bul_Cyrl,376,19,13
bul_Cyrl,376,20,13
bul_Cyrl,376,21,13
bul_Cyrl,376,22,13
bul_Cyrl,376,23,13
bul_Cyrl,376,24,13
eng_Latn,377,0,60
eng_Latn,377,1,63
eng_Latn,377,2,63
eng_Latn,377,3,53
eng_Latn,377,4,37
eng_Latn,377,5,63
bul_Cyrl,378,0,60
bul_Cyrl,378,1,13
bul_Cyrl,378,2,13
bul_Cyrl,378,3,13
bul_Cyrl,378,4,13
bul_Cyrl,378,5,13
bul_Cyrl,378,6,13
bul_Cyrl,378,7,13
bul_Cyrl,378,8,13
bul_Cyrl,378,9,13
bul_Cyrl,378,10,13
bul_Cyrl,378,11,13
bul_Cyrl,378,12,13
bul_Cyrl,378,13,13
bul_Cyrl,378,14,13
bul_Cyrl,378,15,13
bul_Cyrl,378,16,13
bul_Cyrl,379,0,60
bul_Cyrl,379,1,13
bul_Cyrl,379,2,13
bul_Cyrl,379,3,13
bul_Cyrl,379,4,13
bul_Cyrl,379,5,13
bul_Cyrl,379,6,61
bul_Cyrl,379,7,13
bul_Cyrl,379,8,13
bul_Cyrl,379,9,13
bul_Cyrl,379,10,13
bul_Cyrl,379,11,13
bul_Cyrl,379,12,13
bul_Cyrl,379,13,13
bul_Cyrl,379,14,13
bul_Cyrl,379,15,13
bul_Cyrl,379,16,13
bul_Cyrl,379,17,13
bul_Cyrl,379,18,13
bul_Cyrl,379,19,13
bul_Cyrl,379,20,13
bul_Cyrl,379,21,13
bul_Cyrl,379,22,13
bul_Cyrl,379,23,13
bul_Cyrl,379,24,13
bul_Cyrl,379,25,13
bul_Cyrl,379,26,13
bul_Cyrl,380,0,60
bul_Cyrl,380,1,13
bul_Cyrl,380,2,13
bul_Cyrl,380,3,13
bul_Cyrl,380,4,13
bul_Cyrl,380,5,13
bul_Cyrl,380,6,13
bul_Cyrl,380,7,13
bul_Cyrl,380,8,13
bul_Cyrl,380,9,13
bul_Cyrl,380,10,12
bul_Cyrl,380,11,13
bul_Cyrl,380,12,13
bul_Cyrl,380,13,13
bul_Cyrl,380,14,13
bul_Cyrl,380,15,13
bul_Cyrl,380,16,13
bul_Cyrl,380,17,19
bul_Cyrl,380,18,13
bul_Cyrl,380,19,13
bul_Cyrl,380,20,13
bul_Cyrl,380,21,1
bul_Cyrl,380,22,13
bul_Cyrl,380,23,13
bul_Cyrl,380,24,13
bul_Cyrl,380,25,13
bul_Cyrl,380,26,13
bul_Cyrl,380,27,13
bul_Cyrl,381,0,60
bul_Cyrl,381,1,22
bul_Cyrl,381,2,13
bul_Cyrl,381,3,13
bul_Cyrl,381,4,13
bul_Cyrl,381,5,13
bul_Cyrl,381,6,13
bul_Cyrl,381,7,60
bul_Cyrl,381,8,13
eng_Latn,382,0,60
eng_Latn,382,1,17
eng_Latn,382,2,9
eng_Latn,382,3,56
eng_Latn,382,4,17
eng_Latn,382,5,52
eng_Latn,382,6,17
eng_Latn,382,7,41
eng_Latn,382,8,17
bul_Cyrl,383,0,60
bul_Cyrl,383,1,42
bul_Cyrl,384,0,60
bul_Cyrl,384,1,13
bul_Cyrl,384,2,13
bul_Cyrl,384,3,13
bul_Cyrl,384,4,13
bul_Cyrl,384,5,13
bul_Cyrl,385,0,60
bul_Cyrl,385,1,13
bul_Cyrl,385,2,13
bul_Cyrl,385,3,13
bul_Cyrl,385,4,13
bul_Cyrl,385,5,13
bul_Cyrl,385,6,13
bul_Cyrl,385,7,13
bul_Cyrl,385,8,13
bul_Cyrl,385,9,13
bul_Cyrl,385,10,13
bul_Cyrl,385,11,13
bul_Cyrl,385,12,52
bul_Cyrl,385,13,13
bul_Cyrl,385,14,13
bul_Cyrl,386,0,60
bul_Cyrl,386,1,13
bul_Cyrl,386,2,13
bul_Cyrl,386,3,13
bul_Cyrl,386,4,13
bul_Cyrl,386,5,52
bul_Cyrl,386,6,13
bul_Cyrl,387,0,60
bul_Cyrl,387,1,13
bul_Cyrl,387,2,13
bul_Cyrl,387,3,13
bul_Cyrl,387,4,13
bul_Cyrl,387,5,13
bul_Cyrl,387,6,13
bul_Cyrl,387,7,13
bul_Cyrl,387,8,13
bul_Cyrl,387,9,13
bul_Cyrl,387,10,13
bul_Cyrl,387,11,13
bul_Cyrl,387,12,13
bul_Cyrl,387,13,13
bul_Cyrl,387,14,13
bul_Cyrl,387,15,13
bul_Cyrl,387,16,13
bul_Cyrl,387,17,13
bul_Cyrl,387,18,13
bul_Cyrl,387,19,13
bul_Cyrl,387,20,13
bul_Cyrl,387,21,13
bul_Cyrl,387,22,13
bul_Cyrl,388,0,60
bul_Cyrl,388,1,13
bul_Cyrl,388,2,13
bul_Cyrl,388,3,13
bul_Cyrl,388,4,13
bul_Cyrl,388,5,13
bul_Cyrl,388,6,13
bul_Cyrl,388,7,13
bul_Cyrl,388,8,13
bul_Cyrl,388,9,13
bul_Cyrl,388,10,13
bul_Cyrl,388,11,13
bul_Cyrl,388,12,13
bul_Cyrl,388,13,13
bul_Cyrl,388,14,13
bul_Cyrl,388,15,13
bul_Cyrl,388,16,13
bul_Cyrl,388,17,13
bul_Cyrl,388,18,13
bul_Cyrl,388,19,13
bul_Cyrl,388,20,13
bul_Cyrl,388,21,13
bul_Cyrl,388,22,13
bul_Cyrl,388,23,13
bul_Cyrl,388,24,13
bul_Cyrl,388,25,13
bul_Cyrl,388,26,13
eng_Latn,389,0,60
eng_Latn,389,1,12
eng_Latn,389,2,26
eng_Latn,389,3,19
eng_Latn,389,4,49
eng_Latn,389,5,1
eng_Latn,389,6,52
eng_Latn,389,7,62
bul_Cyrl,390,0,60
bul_Cyrl,390,1,13
bul_Cyrl,390,2,13
bul_Cyrl,390,3,13
bul_Cyrl,390,4,13
bul_Cyrl,390,5,13
bul_Cyrl,390,6,13
bul_Cyrl,390,7,13
bul_Cyrl,390,8,13
bul_Cyrl,390,9,13
bul_Cyrl,390,10,13
bul_Cyrl,390,11,13
bul_Cyrl,390,12,13
bul_Cyrl,390,13,13
bul_Cyrl,390,14,13
bul_Cyrl,390,15,13
bul_Cyrl,390,16,13
bul_Cyrl,390,17,13
bul_Cyrl,390,18,13
bul_Cyrl,390,19,13
bul_Cyrl,390,20,13
bul_Cyrl,391,0,60
bul_Cyrl,391,1,13
bul_Cyrl,391,2,13
bul_Cyrl,391,3,13
bul_Cyrl,391,4,13
bul_Cyrl,391,5,13
bul_Cyrl,391,6,13
bul_Cyrl,391,7,13
bul_Cyrl,391,8,13
bul_Cyrl,391,9,13
bul_Cyrl,391,10,13
bul_Cyrl,391,11,13
bul_Cyrl,391,12,13
bul_Cyrl,391,13,13
bul_Cyrl,391,14,13
bul_Cyrl,391,15,13
bul_Cyrl,391,16,52
eng_Latn,392,0,60
eng_Latn,392,1,49
eng_Latn,392,2,40
eng_Latn,392,3,40
eng_Latn,392,4,49
eng_Latn,392,5,5
eng_Latn,392,6,49
bul_Cyrl,393,0,60
bul_Cyrl,393,1,57
bul_Cyrl,393,2,13
bul_Cyrl,393,3,13
bul_Cyrl,393,4,13
bul_Cyrl,393,5,52
bul_Cyrl,393,6,13
bul_Cyrl,393,7,13
bul_Cyrl,393,8,13
bul_Cyrl,393,9,13
bul_Cyrl,393,10,13
bul_Cyrl,393,11,13
eng_Latn,394,0,60
eng_Latn,394,1,22
eng_Latn,394,2,53
eng_Latn,394,3,46
bul_Cyrl,395,0,60
bul_Cyrl,395,1,13
bul_Cyrl,395,2,13
bul_Cyrl,395,3,13
bul_Cyrl,395,4,13
bul_Cyrl,395,5,13
bul_Cyrl,395,6,13
bul_Cyrl,395,7,13
bul_Cyrl,395,8,13
bul_Cyrl,395,9,13
bul_Cyrl,395,10,13
bul_Cyrl,395,11,13
bul_Cyrl,395,12,13
bul_Cyrl,395,13,13
bul_Cyrl,395,14,52
bul_Cyrl,395,15,13
bul_Cyrl,395,16,13
bul_Cyrl,395,17,52
eng_Latn,396,0,60
eng_Latn,396,1,50
eng_Latn,396,2,16
eng_Latn,397,0,60
eng_Latn,397,1,38
eng_Latn,397,2,3
eng_Latn,397,3,19
eng_Latn,397,4,48
eng_Latn,397,5,57
eng_Latn,397,6,16
eng_Latn,397,7,37
eng_Latn,397,8,37
eng_Latn,397,9,15
bul_Cyrl,398,0,60
bul_Cyrl,398,1,13
bul_Cyrl,398,2,13
bul_Cyrl,398,3,13
bul_Cyrl,398,4,47
bul_Cyrl,398,5,13
bul_Cyrl,398,6,13
bul_Cyrl,398,7,13
bul_Cyrl,398,8,13
bul_Cyrl,398,9,13
bul_Cyrl,398,10,13
bul_Cyrl,398,11,13
bul_Cyrl,398,12,13
bul_Cyrl,398,13,13
bul_Cyrl,398,14,13
bul_Cyrl,398,15,13
bul_Cyrl,398,16,13
bul_Cyrl,398,17,13
bul_Cyrl,398,18,13
bul_Cyrl,399,0,60
bul_Cyrl,399,1,13
bul_Cyrl,399,2,13
bul_Cyrl,399,3,13
bul_Cyrl,399,4,13
bul_Cyrl,399,5,13
bul_Cyrl,399,6,13
bul_Cyrl,399,7,13
bul_Cyrl,399,8,13
bul_Cyrl,399,9,13
bul_Cyrl,399,10,13
bul_Cyrl,399,11,13
bul_Cyrl,399,12,13
bul_Cyrl,399,13,13
bul_Cyrl,399,14,13
bul_Cyrl,399,15,13
bul_Cyrl,399,16,13
bul_Cyrl,400,0,60
bul_Cyrl,400,1,27
bul_Cyrl,400,2,49
bul_Cyrl,400,3,5
bul_Cyrl,400,4,13
bul_Cyrl,400,5,13
bul_Cyrl,400,6,13
bul_Cyrl,400,7,13
bul_Cyrl,400,8,13
bul_Cyrl,400,9,13
bul_Cyrl,400,10,13
bul_Cyrl,400,11,13
bul_Cyrl,400,12,13
bul_Cyrl,400,13,13
bul_Cyrl,400,14,13
bul_Cyrl,400,15,13
bul_Cyrl,400,16,13
bul_Cyrl,400,17,13
bul_Cyrl,400,18,13
bul_Cyrl,400,19,13
bul_Cyrl,400,20,13
bul_Cyrl,400,21,13
bul_Cyrl,400,22,13
bul_Cyrl,400,23,13
bul_Cyrl,400,24,13
bul_Cyrl,400,25,13
bul_Cyrl,400,26,13
bul_Cyrl,400,27,13
bul_Cyrl,400,28,13
bul_Cyrl,400,29,13
eng_Latn,401,0,60
eng_Latn,401,1,18
eng_Latn,401,2,4
eng_Latn,401,3,18
eng_Latn,401,4,34
eng_Latn,401,5,31
eng_Latn,401,6,20
eng_Latn,401,7,16
bul_Cyrl,402,0,60
bul_Cyrl,402,1,13
bul_Cyrl,402,2,13
bul_Cyrl,402,3,13
bul_Cyrl,402,4,13
bul_Cyrl,402,5,13
bul_Cyrl,402,6,13
bul_Cyrl,402,7,13
bul_Cyrl,402,8,13
bul_Cyrl,402,9,13
bul_Cyrl,402,10,13
bul_Cyrl,402,11,13
bul_Cyrl,402,12,13
bul_Cyrl,402,13,13
bul_Cyrl,402,14,13
bul_Cyrl,402,15,13
bul_Cyrl,402,16,13
bul_Cyrl,402,17,13
bul_Cyrl,402,18,52
bul_Cyrl,403,0,60
bul_Cyrl,403,1,19
bul_Cyrl,403,2,47
bul_Cyrl,403,3,19
bul_Cyrl,403,4,39
bul_Cyrl,403,5,13
bul_Cyrl,403,6,13
bul_Cyrl,403,7,13
bul_Cyrl,403,8,13
bul_Cyrl,403,9,13
bul_Cyrl,403,10,13
bul_Cyrl,403,11,13
bul_Cyrl,403,12,13
bul_Cyrl,403,13,13
bul_Cyrl,403,14,13
bul_Cyrl,403,15,13
bul_Cyrl,403,16,13
bul_Cyrl,403,17,1
bul_Cyrl,403,18,13
bul_Cyrl,403,19,13
bul_Cyrl,404,0,60
bul_Cyrl,404,1,13
bul_Cyrl,404,2,13
bul_Cyrl,404,3,13
bul_Cyrl,404,4,13
bul_Cyrl,404,5,13
bul_Cyrl,404,6,13
bul_Cyrl,404,7,13
bul_Cyrl,404,8,13
bul_Cyrl,404,9,13
bul_Cyrl,404,10,58
bul_Cyrl,404,11,12
bul_Cyrl,404,12,39
bul_Cyrl,404,13,24
bul_Cyrl,404,14,19
bul_Cyrl,404,15,39
eng_Latn,405,0,60
eng_Latn,405,1,47
eng_Latn,405,2,7
eng_Latn,405,3,49
eng_Latn,405,4,22
eng_Latn,405,5,42
eng_Latn,405,6,19
eng_Latn,405,7,19
eng_Latn,405,8,26
eng_Latn,405,9,60
eng_Latn,406,0,60
eng_Latn,406,1,52
eng_Latn,406,2,57
eng_Latn,406,3,57
eng_Latn,406,4,12
eng_Latn,406,5,1
eng_Latn,406,6,19
eng_Latn,406,7,15
eng_Latn,406,8,56
eng_Latn,406,9,19
eng_Latn,406,10,52
eng_Latn,406,11,3
eng_Latn,406,12,3
eng_Latn,406,13,57
eng_Latn,406,14,46
bul_Cyrl,407,0,60
bul_Cyrl,407,1,9
bul_Cyrl,407,2,13
bul_Cyrl,407,3,13
bul_Cyrl,407,4,13
bul_Cyrl,407,5,13
bul_Cyrl,407,6,13
bul_Cyrl,407,7,13
bul_Cyrl,407,8,13
bul_Cyrl,407,9,13
bul_Cyrl,407,10,13
bul_Cyrl,407,11,13
bul_Cyrl,407,12,13
bul_Cyrl,407,13,13
bul_Cyrl,407,14,13
bul_Cyrl,407,15,13
bul_Cyrl,407,16,13
bul_Cyrl,407,17,13
bul_Cyrl,407,18,13
bul_Cyrl,407,19,13
bul_Cyrl,407,20,13
bul_Cyrl,407,21,27
bul_Cyrl,407,22,13
bul_Cyrl,408,0,60
bul_Cyrl,408,1,13
bul_Cyrl,408,2,13
bul_Cyrl,408,3,13
bul_Cyrl,408,4,13
bul_Cyrl,408,5,13
eng_Latn,409,0,60
eng_Latn,409,1,52
eng_Latn,409,2,14
eng_Latn,409,3,63
bul_Cyrl,410,0,60
bul_Cyrl,410,1,13
bul_Cyrl,410,2,13
bul_Cyrl,410,3,13
bul_Cyrl,410,4,13
bul_Cyrl,410,5,13
bul_Cyrl,410,6,13
bul_Cyrl,410,7,13
bul_Cyrl,410,8,13
bul_Cyrl,410,9,13
bul_Cyrl,410,10,13
bul_Cyrl,410,11,13
bul_Cyrl,410,12,13
bul_Cyrl,410,13,13
bul_Cyrl,410,14,13
bul_Cyrl,410,15,13
bul_Cyrl,410,16,13
bul_Cyrl,410,17,13
bul_Cyrl,410,18,13
bul_Cyrl,410,19,13
bul_Cyrl,410,20,13
bul_Cyrl,410,21,13
bul_Cyrl,410,22,13
bul_Cyrl,410,23,13
bul_Cyrl,410,24,13
bul_Cyrl,410,25,13
bul_Cyrl,410,26,13
bul_Cyrl,410,27,13
bul_Cyrl,410,28,13
eng_Latn,411,0,60
eng_Latn,411,1,27
eng_Latn,411,2,19
eng_Latn,411,3,18
eng_Latn,411,4,37
eng_Latn,411,5,57
eng_Latn,411,6,48
eng_Latn,411,7,48
eng_Latn,411,8,48
eng_Latn,411,9,48
eng_Latn,411,10,49
bul_Cyrl,412,0,60
bul_Cyrl,412,1,13
bul_Cyrl,412,2,13
bul_Cyrl,412,3,13
bul_Cyrl,412,4,13
bul_Cyrl,412,5,13
bul_Cyrl,412,6,13
bul_Cyrl,412,7,13
bul_Cyrl,412,8,13
bul_Cyrl,412,9,13
bul_Cyrl,412,10,13
bul_Cyrl,412,11,13
bul_Cyrl,412,12,13
bul_Cyrl,412,13,13
bul_Cyrl,413,0,60
bul_Cyrl,413,1,13
bul_Cyrl,413,2,13
bul_Cyrl,413,3,13
bul_Cyrl,413,4,13
bul_Cyrl,413,5,13
bul_Cyrl,413,6,13
bul_Cyrl,413,7,13
bul_Cyrl,413,8,13
bul_Cyrl,413,9,13
bul_Cyrl,413,10,13
bul_Cyrl,413,11,13
bul_Cyrl,413,12,13
bul_Cyrl,413,13,13
bul_Cyrl,413,14,13
bul_Cyrl,413,15,13
bul_Cyrl,413,16,13
bul_Cyrl,413,17,13
bul_Cyrl,413,18,13
bul_Cyrl,413,19,13
bul_Cyrl,413,20,13
bul_Cyrl,413,21,61
bul_Cyrl,413,22,13
bul_Cyrl,413,23,13
bul_Cyrl,413,24,13
bul_Cyrl,414,0,60
bul_Cyrl,414,1,13
bul_Cyrl,414,2,13
bul_Cyrl,414,3,13
bul_Cyrl,414,4,13
bul_Cyrl,414,5,13
bul_Cyrl,414,6,13
bul_Cyrl,414,7,13
bul_Cyrl,414,8,13
bul_Cyrl,414,9,13
bul_Cyrl,414,10,13
bul_Cyrl,414,11,13
bul_Cyrl,414,12,13
bul_Cyrl,414,13,13
bul_Cyrl,414,14,13
bul_Cyrl,414,15,13
bul_Cyrl,414,16,13
bul_Cyrl,415,0,60
bul_Cyrl,415,1,13
bul_Cyrl,415,2,13
bul_Cyrl,415,3,13
bul_Cyrl,415,4,13
bul_Cyrl,415,5,13
bul_Cyrl,415,6,13
bul_Cyrl,415,7,13
bul_Cyrl,415,8,13
bul_Cyrl,415,9,13
bul_Cyrl,415,10,13
bul_Cyrl,415,11,13
bul_Cyrl,415,12,13
bul_Cyrl,415,13,13
bul_Cyrl,415,14,13
bul_Cyrl,415,15,13
bul_Cyrl,415,16,13
bul_Cyrl,415,17,13
bul_Cyrl,415,18,19
bul_Cyrl,415,19,19
bul_Cyrl,415,20,19
bul_Cyrl,415,21,13
bul_Cyrl,415,22,13
bul_Cyrl,415,23,13
bul_Cyrl,415,24,1
bul_Cyrl,415,25,40
bul_Cyrl,416,0,60
bul_Cyrl,416,1,13
bul_Cyrl,416,2,13
bul_Cyrl,416,3,13
bul_Cyrl,416,4,13
bul_Cyrl,416,5,13
bul_Cyrl,416,6,13
bul_Cyrl,416,7,13
bul_Cyrl,416,8,13
bul_Cyrl,416,9,13
bul_Cyrl,416,10,13
bul_Cyrl,416,11,13
bul_Cyrl,416,12,13
bul_Cyrl,416,13,13
bul_Cyrl,416,14,13
bul_Cyrl,416,15,13
bul_Cyrl,416,16,36
bul_Cyrl,416,17,13
bul_Cyrl,416,18,13
bul_Cyrl,416,19,13
bul_Cyrl,416,20,13
bul_Cyrl,416,21,13
bul_Cyrl,416,22,13
bul_Cyrl,416,23,13
bul_Cyrl,416,24,13
bul_Cyrl,416,25,13
eng_Latn,417,0,60
eng_Latn,417,1,42
eng_Latn,417,2,19
eng_Latn,417,3,22
eng_Latn,418,0,60
eng_Latn,418,1,45
eng_Latn,418,2,63
eng_Latn,419,0,60
eng_Latn,419,1,22
eng_Latn,419,2,10
eng_Latn,419,3,56
eng_Latn,419,4,57
eng_Latn,419,5,52
eng_Latn,419,6,52
bul_Cyrl,420,0,60
bul_Cyrl,420,1,13
bul_Cyrl,420,2,13
bul_Cyrl,420,3,13
bul_Cyrl,420,4,13
bul_Cyrl,420,5,13
bul_Cyrl,420,6,13
bul_Cyrl,420,7,13
bul_Cyrl,420,8,13
bul_Cyrl,420,9,13
bul_Cyrl,420,10,13
bul_Cyrl,420,11,13
bul_Cyrl,420,12,13
bul_Cyrl,420,13,13
eng_Latn,421,0,60
eng_Latn,421,1,47
eng_Latn,421,2,49
eng_Latn,421,3,5
eng_Latn,421,4,49
bul_Cyrl,422,0,60
bul_Cyrl,422,1,13
bul_Cyrl,422,2,13
bul_Cyrl,422,3,61
bul_Cyrl,422,4,13
bul_Cyrl,422,5,13
bul_Cyrl,422,6,13
bul_Cyrl,422,7,13
bul_Cyrl,422,8,13
bul_Cyrl,422,9,13
bul_Cyrl,422,10,13
bul_Cyrl,422,11,13
bul_Cyrl,422,12,13
eng_Latn,423,0,60
eng_Latn,423,1,27
eng_Latn,423,2,40
eng_Latn,423,3,8
eng_Latn,423,4,26
eng_Latn,423,5,35
eng_Latn,423,6,19
eng_Latn,423,7,35
eng_Latn,423,8,19
eng_Latn,423,9,46
eng_Latn,423,10,8
eng_Latn,423,11,46
eng_Latn,424,0,60
eng_Latn,424,1,12
eng_Latn,424,2,22
eng_Latn,424,3,24
eng_Latn,424,4,47
eng_Latn,424,5,52
eng_Latn,424,6,13
eng_Latn,424,7,13
eng_Latn,424,8,13
eng_Latn,424,9,1
eng_Latn,424,10,13
eng_Latn,424,11,52
eng_Latn,424,12,1
eng_Latn,424,13,58
eng_Latn,425,0,60
eng_Latn,425,1,20
eng_Latn,425,2,34
eng_Latn,425,3,51
bul_Cyrl,426,0,60
bul_Cyrl,426,1,13
bul_Cyrl,426,2,19
bul_Cyrl,426,3,13
bul_Cyrl,426,4,13
bul_Cyrl,426,5,13
bul_Cyrl,426,6,13
bul_Cyrl,426,7,13
bul_Cyrl,426,8,13
bul_Cyrl,426,9,13
bul_Cyrl,426,10,13
bul_Cyrl,426,11,13
bul_Cyrl,426,12,13
bul_Cyrl,426,13,13
bul_Cyrl,426,14,13
eng_Latn,427,0,60
eng_Latn,427,1,34
eng_Latn,427,2,42
eng_Latn,427,3,51
eng_Latn,428,0,60
eng_Latn,428,1,17
eng_Latn,428,2,54
eng_Latn,428,3,18
eng_Latn,428,4,51
bul_Cyrl,429,0,60
bul_Cyrl,429,1,13
bul_Cyrl,429,2,13
bul_Cyrl,429,3,13
bul_Cyrl,429,4,13
bul_Cyrl,429,5,13
bul_Cyrl,429,6,13
bul_Cyrl,430,0,60
bul_Cyrl,430,1,61
bul_Cyrl,430,2,52
bul_Cyrl,430,3,52
bul_Cyrl,430,4,13
bul_Cyrl,430,5,13
bul_Cyrl,430,6,13
bul_Cyrl,430,7,52
bul_Cyrl,430,8,52
bul_Cyrl,430,9,52
bul_Cyrl,430,10,7
bul_Cyrl,430,11,13
bul_Cyrl,431,0,60
bul_Cyrl,431,1,13
bul_Cyrl,431,2,13
bul_Cyrl,431,3,13
bul_Cyrl,431,4,13
bul_Cyrl,431,5,13
bul_Cyrl,431,6,13
bul_Cyrl,431,7,13
bul_Cyrl,431,8,13
bul_Cyrl,431,9,13
bul_Cyrl,431,10,13
bul_Cyrl,431,11,13
bul_Cyrl,431,12,13
bul_Cyrl,431,13,13
bul_Cyrl,431,14,13
bul_Cyrl,431,15,13
bul_Cyrl,431,16,13
bul_Cyrl,431,17,13
bul_Cyrl,431,18,13
bul_Cyrl,431,19,13
bul_Cyrl,431,20,13
bul_Cyrl,431,21,13
bul_Cyrl,431,22,13
bul_Cyrl,431,23,13
bul_Cyrl,431,24,13
bul_Cyrl,432,0,60
bul_Cyrl,432,1,13
bul_Cyrl,432,2,13
bul_Cyrl,432,3,13
bul_Cyrl,432,4,13
bul_Cyrl,432,5,13
bul_Cyrl,432,6,13
bul_Cyrl,432,7,13
bul_Cyrl,432,8,13
bul_Cyrl,432,9,13
bul_Cyrl,432,10,13
eng_Latn,433,0,60
eng_Latn,433,1,19
eng_Latn,433,2,53
eng_Latn,433,3,38
eng_Latn,433,4,46
eng_Latn,433,5,23
eng_Latn,434,0,60
eng_Latn,434,1,22
eng_Latn,434,2,34
eng_Latn,434,3,22
eng_Latn,434,4,22
eng_Latn,434,5,37
eng_Latn,434,6,63
eng_Latn,434,7,34
eng_Latn,434,8,24
eng_Latn,434,9,7
eng_Latn,434,10,60
bul_Cyrl,435,0,60
bul_Cyrl,435,1,13
bul_Cyrl,435,2,13
bul_Cyrl,435,3,13
bul_Cyrl,435,4,13
bul_Cyrl,435,5,13
bul_Cyrl,435,6,13
bul_Cyrl,435,7,13
bul_Cyrl,435,8,13
bul_Cyrl,435,9,13
bul_Cyrl,435,10,13
bul_Cyrl,435,11,13
bul_Cyrl,435,12,13
bul_Cyrl,435,13,13
bul_Cyrl,435,14,13
bul_Cyrl,435,15,13
bul_Cyrl,435,16,13
bul_Cyrl,435,17,13
bul_Cyrl,436,0,60
bul_Cyrl,436,1,13
bul_Cyrl,436,2,13
bul_Cyrl,436,3,13
bul_Cyrl,436,4,13
bul_Cyrl,436,5,13
bul_Cyrl,436,6,13
bul_Cyrl,436,7,13
bul_Cyrl,436,8,13
bul_Cyrl,436,9,13
bul_Cyrl,436,10,13
bul_Cyrl,436,11,13
bul_Cyrl,436,12,13
bul_Cyrl,436,13,47
bul_Cyrl,436,14,13
bul_Cyrl,436,15,13
bul_Cyrl,436,16,39
bul_Cyrl,436,17,39
bul_Cyrl,436,18,13
bul_Cyrl,437,0,60
bul_Cyrl,437,1,13
bul_Cyrl,437,2,13
bul_Cyrl,437,3,13
bul_Cyrl,437,4,13
bul_Cyrl,437,5,13
bul_Cyrl,437,6,13
bul_Cyrl,437,7,13
bul_Cyrl,437,8,13
bul_Cyrl,437,9,13
bul_Cyrl,437,10,1
bul_Cyrl,437,11,13
bul_Cyrl,437,12,19
bul_Cyrl,437,13,13
bul_Cyrl,437,14,13
bul_Cyrl,437,15,13
bul_Cyrl,437,16,13
bul_Cyrl,437,17,13
bul_Cyrl,437,18,13
bul_Cyrl,437,19,13
bul_Cyrl,437,20,13
bul_Cyrl,437,21,19
bul_Cyrl,437,22,13
bul_Cyrl,437,23,13
bul_Cyrl,438,0,60
bul_Cyrl,438,1,13
bul_Cyrl,438,2,13
bul_Cyrl,438,3,13
bul_Cyrl,438,4,13
bul_Cyrl,438,5,13
bul_Cyrl,438,6,13
bul_Cyrl,438,7,13
bul_Cyrl,438,8,13
bul_Cyrl,438,9,13
bul_Cyrl,438,10,13
bul_Cyrl,438,11,13
bul_Cyrl,438,12,13
bul_Cyrl,438,13,52
bul_Cyrl,438,14,52
bul_Cyrl,438,15,13
eng_Latn,439,0,60
eng_Latn,439,1,15
eng_Latn,439,2,56
eng_Latn,439,3,63
eng_Latn,439,4,37
bul_Cyrl,440,0,60
bul_Cyrl,440,1,13
bul_Cyrl,440,2,13
bul_Cyrl,440,3,13
bul_Cyrl,440,4,13
bul_Cyrl,440,5,13
bul_Cyrl,440,6,13
bul_Cyrl,440,7,13
bul_Cyrl,440,8,13
bul_Cyrl,440,9,13
bul_Cyrl,440,10,13
bul_Cyrl,440,11,13
bul_Cyrl,440,12,13
bul_Cyrl,440,13,13
bul_Cyrl,441,0,60
bul_Cyrl,441,1,13
bul_Cyrl,441,2,13
bul_Cyrl,441,3,13
bul_Cyrl,441,4,13
bul_Cyrl,441,5,13
bul_Cyrl,441,6,13
bul_Cyrl,441,7,13
bul_Cyrl,441,8,13
bul_Cyrl,441,9,13
bul_Cyrl,441,10,13
bul_Cyrl,441,11,13
bul_Cyrl,441,12,13
bul_Cyrl,441,13,13
bul_Cyrl,441,14,13
bul_Cyrl,441,15,13
bul_Cyrl,441,16,13
bul_Cyrl,441,17,13
bul_Cyrl,441,18,13
bul_Cyrl,441,19,13
bul_Cyrl,441,20,13
bul_Cyrl,441,21,13
bul_Cyrl,441,22,13
bul_Cyrl,441,23,13
bul_Cyrl,441,24,13
bul_Cyrl,441,25,13
bul_Cyrl,441,26,13
eng_Latn,442,0,60
eng_Latn,442,1,50
eng_Latn,442,2,16
eng_Latn,443,0,60
eng_Latn,443,1,46
eng_Latn,443,2,57
eng_Latn,443,3,34
eng_Latn,444,0,60
eng_Latn,444,1,49
eng_Latn,444,2,45
eng_Latn,444,3,18
eng_Latn,444,4,9
eng_Latn,444,5,9
eng_Latn,444,6,18
eng_Latn,444,7,53
eng_Latn,444,8,8
eng_Latn,444,9,47
eng_Latn,444,10,21
eng_Latn,444,11,21
bul_Cyrl,445,0,60
bul_Cyrl,445,1,13
bul_Cyrl,445,2,13
bul_Cyrl,445,3,13
bul_Cyrl,445,4,13
bul_Cyrl,445,5,13
bul_Cyrl,445,6,13
bul_Cyrl,445,7,13
bul_Cyrl,445,8,13
bul_Cyrl,445,9,13
bul_Cyrl,446,0,60
bul_Cyrl,446,1,13
bul_Cyrl,446,2,13
bul_Cyrl,446,3,13
bul_Cyrl,446,4,13
bul_Cyrl,446,5,13
bul_Cyrl,446,6,13
bul_Cyrl,446,7,13
bul_Cyrl,446,8,13
bul_Cyrl,446,9,13
bul_Cyrl,446,10,13
bul_Cyrl,446,11,13
bul_Cyrl,446,12,13
bul_Cyrl,446,13,13
bul_Cyrl,446,14,13
bul_Cyrl,446,15,13
bul_Cyrl,446,16,13
bul_Cyrl,446,17,13
bul_Cyrl,446,18,13
bul_Cyrl,446,19,13
bul_Cyrl,446,20,13
bul_Cyrl,446,21,13
bul_Cyrl,446,22,13
bul_Cyrl,446,23,13
bul_Cyrl,446,24,13
bul_Cyrl,446,25,13
bul_Cyrl,446,26,13
bul_Cyrl,446,27,13
bul_Cyrl,446,28,13
bul_Cyrl,446,29,13
bul_Cyrl,447,0,60
bul_Cyrl,447,1,13
bul_Cyrl,447,2,13
bul_Cyrl,447,3,13
bul_Cyrl,447,4,12
bul_Cyrl,447,5,13
bul_Cyrl,447,6,13
eng_Latn,448,0,60
eng_Latn,448,1,33
eng_Latn,448,2,33
eng_Latn,448,3,56
eng_Latn,448,4,16
bul_Cyrl,449,0,60
bul_Cyrl,449,1,13
bul_Cyrl,449,2,13
bul_Cyrl,449,3,13
bul_Cyrl,449,4,13
bul_Cyrl,449,5,13
bul_Cyrl,449,6,13
bul_Cyrl,449,7,13
bul_Cyrl,449,8,13
bul_Cyrl,449,9,13
bul_Cyrl,449,10,13
bul_Cyrl,450,0,60
bul_Cyrl,450,1,13
bul_Cyrl,450,2,13
bul_Cyrl,450,3,13
bul_Cyrl,450,4,13
bul_Cyrl,450,5,13
bul_Cyrl,450,6,13
bul_Cyrl,450,7,13
bul_Cyrl,450,8,13
bul_Cyrl,450,9,19
bul_Cyrl,450,10,13
bul_Cyrl,450,11,13
bul_Cyrl,450,12,61
bul_Cyrl,450,13,13
bul_Cyrl,450,14,13
bul_Cyrl,450,15,13
bul_Cyrl,450,16,13
bul_Cyrl,450,17,19
eng_Latn,451,0,60
eng_Latn,451,1,50
eng_Latn,451,2,39
eng_Latn,451,3,19
eng_Latn,451,4,33
eng_Latn,451,5,46
eng_Latn,451,6,48
eng_Latn,451,7,14
eng_Latn,451,8,27
eng_Latn,451,9,47
eng_Latn,451,10,49
bul_Cyrl,452,0,60
bul_Cyrl,452,1,13
bul_Cyrl,452,2,13
bul_Cyrl,452,3,13
bul_Cyrl,452,4,13
bul_Cyrl,452,5,13
bul_Cyrl,452,6,13
bul_Cyrl,452,7,13
bul_Cyrl,452,8,13
bul_Cyrl,452,9,13
bul_Cyrl,452,10,13
bul_Cyrl,452,11,13
bul_Cyrl,452,12,13
bul_Cyrl,452,13,13
bul_Cyrl,452,14,13
bul_Cyrl,452,15,13
bul_Cyrl,452,16,13
bul_Cyrl,452,17,13
bul_Cyrl,452,18,13
bul_Cyrl,452,19,13
bul_Cyrl,452,20,13
bul_Cyrl,452,21,47
bul_Cyrl,452,22,13
bul_Cyrl,452,23,13
bul_Cyrl,453,0,60
bul_Cyrl,453,1,13
bul_Cyrl,453,2,13
bul_Cyrl,453,3,13
bul_Cyrl,453,4,13
bul_Cyrl,453,5,13
bul_Cyrl,453,6,13
bul_Cyrl,453,7,13
bul_Cyrl,453,8,13
bul_Cyrl,453,9,13
bul_Cyrl,453,10,13
bul_Cyrl,453,11,13
bul_Cyrl,453,12,13
bul_Cyrl,453,13,13
bul_Cyrl,453,14,13
bul_Cyrl,453,15,13
bul_Cyrl,453,16,13
bul_Cyrl,453,17,13
bul_Cyrl,453,18,61
bul_Cyrl,453,19,13
bul_Cyrl,453,20,13
bul_Cyrl,453,21,13
bul_Cyrl,453,22,13
bul_Cyrl,453,23,13
bul_Cyrl,453,24,13
eng_Latn,454,0,60
eng_Latn,454,1,33
eng_Latn,454,2,33
eng_Latn,454,3,33
eng_Latn,454,4,33
eng_Latn,454,5,33
eng_Latn,454,6,63
bul_Cyrl,455,0,60
bul_Cyrl,455,1,13
bul_Cyrl,455,2,13
bul_Cyrl,455,3,13
bul_Cyrl,455,4,13
bul_Cyrl,455,5,58
bul_Cyrl,455,6,13
bul_Cyrl,455,7,13
bul_Cyrl,455,8,13
bul_Cyrl,455,9,13
bul_Cyrl,455,10,13
bul_Cyrl,455,11,13
bul_Cyrl,455,12,13
bul_Cyrl,455,13,13
bul_Cyrl,455,14,13
bul_Cyrl,455,15,47
bul_Cyrl,455,16,13
bul_Cyrl,455,17,13
bul_Cyrl,455,18,13
bul_Cyrl,455,19,13
bul_Cyrl,455,20,13
bul_Cyrl,455,21,26
bul_Cyrl,455,22,26
bul_Cyrl,455,23,26
bul_Cyrl,455,24,13
bul_Cyrl,456,0,60
bul_Cyrl,456,1,9
bul_Cyrl,456,2,13
bul_Cyrl,456,3,13
bul_Cyrl,456,4,13
bul_Cyrl,456,5,13
bul_Cyrl,456,6,13
bul_Cyrl,456,7,13
bul_Cyrl,456,8,13
bul_Cyrl,456,9,13
bul_Cyrl,456,10,13
bul_Cyrl,456,11,13
bul_Cyrl,456,12,13
bul_Cyrl,456,13,13
bul_Cyrl,456,14,13
bul_Cyrl,456,15,13
bul_Cyrl,456,16,13
eng_Latn,457,0,60
eng_Latn,457,1,9
eng_Latn,457,2,17
eng_Latn,457,3,21
eng_Latn,457,4,51
bul_Cyrl,458,0,60
bul_Cyrl,458,1,13
bul_Cyrl,458,2,13
bul_Cyrl,458,3,13
bul_Cyrl,458,4,13
bul_Cyrl,458,5,13
bul_Cyrl,458,6,13
bul_Cyrl,458,7,24
bul_Cyrl,458,8,52
bul_Cyrl,458,9,13
bul_Cyrl,459,0,60
bul_Cyrl,459,1,13
bul_Cyrl,459,2,13
bul_Cyrl,459,3,13
bul_Cyrl,459,4,52
bul_Cyrl,459,5,13
bul_Cyrl,459,6,13
bul_Cyrl,459,7,13
bul_Cyrl,459,8,13
bul_Cyrl,459,9,13
bul_Cyrl,459,10,13
bul_Cyrl,459,11,13
bul_Cyrl,459,12,13
bul_Cyrl,459,13,13
bul_Cyrl,459,14,13
bul_Cyrl,459,15,13
bul_Cyrl,459,16,13
bul_Cyrl,459,17,13
bul_Cyrl,459,18,13
bul_Cyrl,459,19,13
bul_Cyrl,459,20,47
bul_Cyrl,459,21,13
bul_Cyrl,459,22,13
bul_Cyrl,460,0,60
bul_Cyrl,460,1,13
bul_Cyrl,460,2,13
bul_Cyrl,460,3,13
bul_Cyrl,460,4,19
bul_Cyrl,460,5,26
bul_Cyrl,460,6,13
bul_Cyrl,460,7,13
bul_Cyrl,460,8,13
bul_Cyrl,460,9,13
bul_Cyrl,460,10,13
bul_Cyrl,460,11,13
bul_Cyrl,460,12,40
bul_Cyrl,460,13,52
bul_Cyrl,460,14,13
bul_Cyrl,460,15,52
bul_Cyrl,460,16,52
bul_Cyrl,460,17,52
bul_Cyrl,461,0,60
bul_Cyrl,461,1,13
bul_Cyrl,461,2,13
bul_Cyrl,461,3,13
bul_Cyrl,461,4,13
bul_Cyrl,461,5,13
bul_Cyrl,461,6,13
bul_Cyrl,461,7,13
bul_Cyrl,461,8,47
bul_Cyrl,461,9,13
bul_Cyrl,461,10,19
bul_Cyrl,461,11,61
bul_Cyrl,461,12,13
bul_Cyrl,461,13,13
bul_Cyrl,461,14,13
bul_Cyrl,461,15,52
eng_Latn,462,0,60
eng_Latn,462,1,18
eng_Latn,462,2,18
eng_Latn,462,3,29
eng_Latn,462,4,51
eng_Latn,462,5,52
eng_Latn,462,6,49
eng_Latn,463,0,60
eng_Latn,463,1,22
eng_Latn,463,2,9
eng_Latn,463,3,9
eng_Latn,463,4,54
eng_Latn,463,5,61
bul_Cyrl,464,0,60
bul_Cyrl,464,1,13
bul_Cyrl,464,2,13
bul_Cyrl,464,3,13
bul_Cyrl,464,4,13
bul_Cyrl,464,5,13
bul_Cyrl,464,6,13
bul_Cyrl,464,7,13
bul_Cyrl,464,8,52
bul_Cyrl,465,0,60
bul_Cyrl,465,1,13
bul_Cyrl,465,2,13
bul_Cyrl,465,3,13
bul_Cyrl,465,4,13
bul_Cyrl,465,5,13
bul_Cyrl,465,6,13
bul_Cyrl,465,7,13
bul_Cyrl,465,8,13
bul_Cyrl,465,9,13
bul_Cyrl,465,10,13
bul_Cyrl,465,11,13
bul_Cyrl,465,12,13
bul_Cyrl,465,13,47
bul_Cyrl,465,14,47
bul_Cyrl,465,15,24
bul_Cyrl,465,16,13
bul_Cyrl,465,17,13
bul_Cyrl,465,18,13
bul_Cyrl,465,19,13
bul_Cyrl,465,20,13
bul_Cyrl,465,21,13
bul_Cyrl,465,22,52
bul_Cyrl,466,0,60
bul_Cyrl,466,1,13
bul_Cyrl,466,2,13
bul_Cyrl,466,3,13
bul_Cyrl,466,4,13
bul_Cyrl,466,5,13
bul_Cyrl,466,6,13
bul_Cyrl,466,7,13
bul_Cyrl,466,8,13
bul_Cyrl,466,9,13
bul_Cyrl,466,10,13
bul_Cyrl,466,11,13
bul_Cyrl,466,12,13
bul_Cyrl,466,13,13
bul_Cyrl,466,14,13
bul_Cyrl,466,15,13
bul_Cyrl,466,16,13
bul_Cyrl,466,17,13
bul_Cyrl,466,18,13
bul_Cyrl,466,19,13
bul_Cyrl,466,20,13
bul_Cyrl,466,21,13
bul_Cyrl,466,22,22
eng_Latn,467,0,60
eng_Latn,467,1,22
eng_Latn,467,2,57
eng_Latn,467,3,16
eng_Latn,467,4,53
eng_Latn,467,5,35
eng_Latn,467,6,46
eng_Latn,467,7,34
eng_Latn,468,0,60
eng_Latn,468,1,2
eng_Latn,468,2,5
eng_Latn,468,3,19
eng_Latn,468,4,19
eng_Latn,468,5,46
eng_Latn,468,6,5
eng_Latn,468,7,61
bul_Cyrl,469,0,60
bul_Cyrl,469,1,13
bul_Cyrl,469,2,13
bul_Cyrl,469,3,13
bul_Cyrl,469,4,13
bul_Cyrl,469,5,13
bul_Cyrl,469,6,13
bul_Cyrl,469,7,13
bul_Cyrl,469,8,13
bul_Cyrl,469,9,13
bul_Cyrl,469,10,13
bul_Cyrl,469,11,13
bul_Cyrl,469,12,13
bul_Cyrl,469,13,13
bul_Cyrl,469,14,13
bul_Cyrl,469,15,13
bul_Cyrl,469,16,13
bul_Cyrl,469,17,13
bul_Cyrl,469,18,13
bul_Cyrl,469,19,13
bul_Cyrl,469,20,13
bul_Cyrl,469,21,13
bul_Cyrl,469,22,13
bul_Cyrl,469,23,13
bul_Cyrl,469,24,13
bul_Cyrl,469,25,13
bul_Cyrl,470,0,60
bul_Cyrl,470,1,13
bul_Cyrl,470,2,13
bul_Cyrl,470,3,13
bul_Cyrl,470,4,13
bul_Cyrl,470,5,13
bul_Cyrl,470,6,19
bul_Cyrl,470,7,13
bul_Cyrl,470,8,13
bul_Cyrl,470,9,13
bul_Cyrl,470,10,13
bul_Cyrl,470,11,13
bul_Cyrl,470,12,1
bul_Cyrl,470,13,13
bul_Cyrl,470,14,13
bul_Cyrl,470,15,13
bul_Cyrl,470,16,13
bul_Cyrl,470,17,13
bul_Cyrl,470,18,19
bul_Cyrl,471,0,60
bul_Cyrl,471,1,13
bul_Cyrl,471,2,19
bul_Cyrl,471,3,13
bul_Cyrl,471,4,13
bul_Cyrl,471,5,13
bul_Cyrl,471,6,13
bul_Cyrl,471,7,13
bul_Cyrl,471,8,13
bul_Cyrl,471,9,13
bul_Cyrl,471,10,13
bul_Cyrl,471,11,13
bul_Cyrl,471,12,13
bul_Cyrl,471,13,13
bul_Cyrl,471,14,13
bul_Cyrl,471,15,13
bul_Cyrl,471,16,13
bul_Cyrl,471,17,13
bul_Cyrl,471,18,13
bul_Cyrl,471,19,13
bul_Cyrl,471,20,13
bul_Cyrl,471,21,19
bul_Cyrl,471,22,13
bul_Cyrl,471,23,13
bul_Cyrl,471,24,13
bul_Cyrl,471,25,13
bul_Cyrl,471,26,13
bul_Cyrl,471,27,13
bul_Cyrl,471,28,13
bul_Cyrl,471,29,13
eng_Latn,472,0,60
eng_Latn,472,1,37
eng_Latn,472,2,62
eng_Latn,472,3,12
eng_Latn,472,4,35
eng_Latn,472,5,22
eng_Latn,472,6,16
bul_Cyrl,473,0,60
bul_Cyrl,473,1,13
bul_Cyrl,473,2,13
bul_Cyrl,473,3,13
bul_Cyrl,473,4,13
bul_Cyrl,473,5,13
bul_Cyrl,473,6,13
bul_Cyrl,473,7,13
bul_Cyrl,473,8,13
bul_Cyrl,473,9,13
bul_Cyrl,473,10,13
bul_Cyrl,473,11,13
bul_Cyrl,473,12,13
bul_Cyrl,473,13,13
bul_Cyrl,473,14,13
bul_Cyrl,473,15,13
bul_Cyrl,473,16,13
bul_Cyrl,473,17,13
bul_Cyrl,473,18,13
bul_Cyrl,473,19,13
bul_Cyrl,473,20,13
eng_Latn,474,0,60
eng_Latn,474,1,46
eng_Latn,474,2,61
eng_Latn,474,3,15
eng_Latn,474,4,15
eng_Latn,474,5,56
eng_Latn,474,6,21
eng_Latn,474,7,39
eng_Latn,474,8,63
bul_Cyrl,475,0,60
bul_Cyrl,475,1,13
bul_Cyrl,475,2,13
bul_Cyrl,475,3,13
bul_Cyrl,475,4,13
bul_Cyrl,475,5,13
bul_Cyrl,475,6,13
bul_Cyrl,475,7,13
bul_Cyrl,475,8,13
bul_Cyrl,475,9,13
bul_Cyrl,475,10,13
bul_Cyrl,475,11,13
bul_Cyrl,475,12,52
bul_Cyrl,475,13,13
bul_Cyrl,475,14,47
bul_Cyrl,475,15,13
bul_Cyrl,475,16,13
bul_Cyrl,475,17,13
bul_Cyrl,475,18,13
bul_Cyrl,475,19,13
bul_Cyrl,475,20,13
bul_Cyrl,475,21,13
bul_Cyrl,475,22,13
bul_Cyrl,476,0,60
bul_Cyrl,476,1,13
bul_Cyrl,476,2,13
bul_Cyrl,476,3,13
bul_Cyrl,476,4,13
bul_Cyrl,476,5,13
bul_Cyrl,476,6,47
bul_Cyrl,476,7,13
bul_Cyrl,476,8,13
bul_Cyrl,476,9,13
bul_Cyrl,476,10,13
bul_Cyrl,476,11,13
bul_Cyrl,476,12,13
bul_Cyrl,476,13,13
bul_Cyrl,476,14,47
bul_Cyrl,476,15,13
bul_Cyrl,476,16,13
bul_Cyrl,476,17,13
bul_Cyrl,477,0,60
bul_Cyrl,477,1,13
bul_Cyrl,477,2,13
bul_Cyrl,477,3,13
bul_Cyrl,477,4,13
bul_Cyrl,477,5,13
bul_Cyrl,477,6,13
bul_Cyrl,477,7,13
bul_Cyrl,477,8,13
bul_Cyrl,477,9,13
bul_Cyrl,477,10,13
bul_Cyrl,477,11,13
bul_Cyrl,477,12,13
bul_Cyrl,477,13,13
bul_Cyrl,477,14,13
bul_Cyrl,477,15,13
bul_Cyrl,477,16,13
bul_Cyrl,477,17,13
bul_Cyrl,477,18,13
bul_Cyrl,477,19,52
bul_Cyrl,477,20,13
bul_Cyrl,477,21,13
bul_Cyrl,477,22,13
bul_Cyrl,477,23,13
bul_Cyrl,477,24,13
bul_Cyrl,477,25,13
bul_Cyrl,477,26,13
bul_Cyrl,478,0,60
bul_Cyrl,478,1,13
bul_Cyrl,478,2,13
bul_Cyrl,478,3,13
bul_Cyrl,478,4,13
bul_Cyrl,478,5,61
bul_Cyrl,478,6,19
bul_Cyrl,478,7,47
bul_Cyrl,478,8,62
bul_Cyrl,478,9,62
bul_Cyrl,479,0,60
bul_Cyrl,479,1,13
bul_Cyrl,479,2,13
bul_Cyrl,479,3,13
bul_Cyrl,479,4,13
bul_Cyrl,479,5,13
bul_Cyrl,479,6,13
bul_Cyrl,479,7,19
bul_Cyrl,479,8,13
bul_Cyrl,479,9,13
bul_Cyrl,479,10,13
bul_Cyrl,479,11,13
bul_Cyrl,479,12,13
bul_Cyrl,479,13,13
bul_Cyrl,479,14,13
bul_Cyrl,479,15,13
bul_Cyrl,479,16,13
bul_Cyrl,479,17,13
bul_Cyrl,479,18,13
bul_Cyrl,479,19,13
bul_Cyrl,480,0,60
bul_Cyrl,480,1,13
bul_Cyrl,480,2,13
bul_Cyrl,480,3,13
bul_Cyrl,480,4,13
bul_Cyrl,480,5,13
bul_Cyrl,480,6,13
bul_Cyrl,480,7,13
bul_Cyrl,480,8,13
bul_Cyrl,480,9,13
bul_Cyrl,480,10,13
bul_Cyrl,480,11,47
bul_Cyrl,480,12,13
bul_Cyrl,480,13,13
bul_Cyrl,480,14,13
bul_Cyrl,480,15,13
bul_Cyrl,480,16,13
bul_Cyrl,480,17,13
bul_Cyrl,480,18,13
bul_Cyrl,480,19,13
bul_Cyrl,480,20,13
bul_Cyrl,480,21,13
bul_Cyrl,480,22,13
bul_Cyrl,480,23,13
bul_Cyrl,480,24,13
bul_Cyrl,480,25,13
bul_Cyrl,480,26,13
bul_Cyrl,481,0,60
bul_Cyrl,481,1,52
bul_Cyrl,481,2,12
bul_Cyrl,481,3,13
bul_Cyrl,481,4,13
bul_Cyrl,481,5,13
bul_Cyrl,481,6,13
bul_Cyrl,481,7,13
bul_Cyrl,481,8,13
bul_Cyrl,481,9,13
bul_Cyrl,481,10,13
bul_Cyrl,481,11,13
bul_Cyrl,481,12,13
bul_Cyrl,481,13,13
bul_Cyrl,481,14,13
bul_Cyrl,481,15,13
bul_Cyrl,481,16,52
bul_Cyrl,481,17,47
bul_Cyrl,481,18,13
bul_Cyrl,481,19,52
eng_Latn,482,0,60
eng_Latn,482,1,22
eng_Latn,482,2,34
eng_Latn,482,3,42
eng_Latn,482,4,18
eng_Latn,482,5,41
eng_Latn,482,6,41
eng_Latn,482,7,35
eng_Latn,482,8,19
eng_Latn,482,9,46
eng_Latn,482,10,34
eng_Latn,483,0,60
eng_Latn,483,1,12
eng_Latn,483,2,42
eng_Latn,483,3,22
eng_Latn,483,4,27
eng_Latn,483,5,49
eng_Latn,483,6,9
eng_Latn,483,7,40
eng_Latn,484,0,60
eng_Latn,484,1,46
eng_Latn,484,2,15
eng_Latn,484,3,14
eng_Latn,484,4,23
eng_Latn,484,5,13
eng_Latn,484,6,19
eng_Latn,484,7,63
bul_Cyrl,485,0,60
bul_Cyrl,485,1,13
bul_Cyrl,485,2,19
bul_Cyrl,485,3,13
bul_Cyrl,485,4,13
bul_Cyrl,485,5,13
bul_Cyrl,485,6,13
bul_Cyrl,485,7,13
bul_Cyrl,485,8,13
bul_Cyrl,485,9,13
bul_Cyrl,485,10,13
bul_Cyrl,485,11,13
bul_Cyrl,485,12,13
bul_Cyrl,485,13,13
bul_Cyrl,485,14,13
eng_Latn,486,0,60
eng_Latn,486,1,45
eng_Latn,486,2,18
eng_Latn,486,3,53
eng_Latn,486,4,16
eng_Latn,486,5,30
eng_Latn,486,6,46
eng_Latn,486,7,15
bul_Cyrl,487,0,60
bul_Cyrl,487,1,13
bul_Cyrl,487,2,13
bul_Cyrl,487,3,13
bul_Cyrl,487,4,13
bul_Cyrl,487,5,13
bul_Cyrl,487,6,13
bul_Cyrl,487,7,13
bul_Cyrl,487,8,13
bul_Cyrl,487,9,13
bul_Cyrl,487,10,13
bul_Cyrl,487,11,13
bul_Cyrl,487,12,13
bul_Cyrl,487,13,13
bul_Cyrl,487,14,13
bul_Cyrl,487,15,13
bul_Cyrl,487,16,13
bul_Cyrl,487,17,13
bul_Cyrl,487,18,13
bul_Cyrl,487,19,13
bul_Cyrl,487,20,13
bul_Cyrl,487,21,47
bul_Cyrl,487,22,13
bul_Cyrl,487,23,13
eng_Latn,488,0,60
eng_Latn,488,1,53
eng_Latn,488,2,46
eng_Latn,488,3,49
eng_Latn,488,4,57
eng_Latn,488,5,37
eng_Latn,488,6,46
eng_Latn,489,0,60
eng_Latn,489,1,18
eng_Latn,489,2,0
eng_Latn,490,0,60
eng_Latn,490,1,49
eng_Latn,490,2,39
eng_Latn,490,3,11
eng_Latn,490,4,47
eng_Latn,490,5,47
bul_Cyrl,491,0,60
bul_Cyrl,491,1,13
bul_Cyrl,491,2,13
bul_Cyrl,491,3,13
bul_Cyrl,491,4,13
bul_Cyrl,491,5,13
bul_Cyrl,491,6,13
bul_Cyrl,491,7,13
bul_Cyrl,491,8,61
bul_Cyrl,491,9,13
bul_Cyrl,491,10,13
bul_Cyrl,491,11,13
bul_Cyrl,491,12,13
bul_Cyrl,491,13,13
bul_Cyrl,491,14,13
bul_Cyrl,491,15,26
bul_Cyrl,491,16,27
bul_Cyrl,491,17,26
bul_Cyrl,491,18,13
eng_Latn,492,0,60
eng_Latn,492,1,34
eng_Latn,492,2,63
eng_Latn,492,3,31
eng_Latn,492,4,53
eng_Latn,492,5,22
eng_Latn,492,6,12
eng_Latn,492,7,47
eng_Latn,492,8,40
eng_Latn,492,9,40
bul_Cyrl,493,0,60
bul_Cyrl,493,1,13
bul_Cyrl,493,2,13
bul_Cyrl,493,3,13
bul_Cyrl,493,4,13
bul_Cyrl,493,5,13
bul_Cyrl,493,6,13
bul_Cyrl,493,7,13
bul_Cyrl,493,8,13
bul_Cyrl,493,9,13
bul_Cyrl,493,10,13
bul_Cyrl,493,11,13
bul_Cyrl,493,12,13
bul_Cyrl,493,13,13
bul_Cyrl,493,14,13
bul_Cyrl,493,15,13
bul_Cyrl,493,16,13
bul_Cyrl,493,17,13
bul_Cyrl,494,0,60
bul_Cyrl,494,1,13
bul_Cyrl,494,2,13
bul_Cyrl,494,3,13
bul_Cyrl,494,4,13
bul_Cyrl,494,5,13
bul_Cyrl,494,6,13
bul_Cyrl,494,7,13
bul_Cyrl,494,8,13
bul_Cyrl,494,9,13
bul_Cyrl,494,10,13
bul_Cyrl,494,11,13
bul_Cyrl,494,12,13
bul_Cyrl,494,13,13
bul_Cyrl,494,14,13
bul_Cyrl,494,15,13
bul_Cyrl,494,16,13
bul_Cyrl,494,17,13
bul_Cyrl,494,18,13
bul_Cyrl,494,19,13
bul_Cyrl,494,20,13
bul_Cyrl,494,21,13
bul_Cyrl,494,22,52
bul_Cyrl,494,23,13
bul_Cyrl,495,0,60
bul_Cyrl,495,1,13
bul_Cyrl,495,2,13
bul_Cyrl,495,3,13
bul_Cyrl,495,4,13
bul_Cyrl,495,5,13
bul_Cyrl,495,6,13
bul_Cyrl,495,7,13
bul_Cyrl,495,8,13
bul_Cyrl,495,9,13
bul_Cyrl,495,10,13
bul_Cyrl,495,11,13
bul_Cyrl,495,12,13
bul_Cyrl,495,13,13
bul_Cyrl,495,14,13
bul_Cyrl,495,15,13
bul_Cyrl,495,16,26
bul_Cyrl,495,17,27
bul_Cyrl,495,18,26
bul_Cyrl,495,19,13
eng_Latn,496,0,60
eng_Latn,496,1,9
eng_Latn,496,2,9
eng_Latn,496,3,18
eng_Latn,496,4,16
eng_Latn,496,5,20
eng_Latn,496,6,3
eng_Latn,496,7,3
eng_Latn,496,8,49
bul_Cyrl,497,0,60
bul_Cyrl,497,1,13
bul_Cyrl,497,2,13
bul_Cyrl,497,3,13
bul_Cyrl,497,4,13
bul_Cyrl,497,5,13
bul_Cyrl,497,6,13
bul_Cyrl,497,7,13
bul_Cyrl,497,8,13
bul_Cyrl,497,9,13
bul_Cyrl,497,10,13
bul_Cyrl,497,11,13
eng_Latn,498,0,60
eng_Latn,498,1,57
eng_Latn,498,2,41
eng_Latn,498,3,17
eng_Latn,498,4,17
eng_Latn,498,5,16
eng_Latn,498,6,20
eng_Latn,498,7,54
eng_Latn,498,8,38
eng_Latn,498,9,15
eng_Latn,499,0,60
eng_Latn,499,1,5
eng_Latn,499,2,20
eng_Latn,499,3,52
eng_Latn,499,4,57
eng_Latn,499,5,23
eng_Latn,499,6,23
eng_Latn,499,7,61
eng_Latn,499,8,15
eng_Latn,499,9,16
eng_Latn,499,10,20
eng_Latn,499,11,63
bul_Cyrl,500,0,60
bul_Cyrl,500,1,13
bul_Cyrl,500,2,13
bul_Cyrl,500,3,13
bul_Cyrl,500,4,13
bul_Cyrl,500,5,13
bul_Cyrl,500,6,13
bul_Cyrl,500,7,13
bul_Cyrl,500,8,29
bul_Cyrl,500,9,39
bul_Cyrl,500,10,13
bul_Cyrl,500,11,13
bul_Cyrl,500,12,13
bul_Cyrl,500,13,13
bul_Cyrl,500,14,13
bul_Cyrl,500,15,13
bul_Cyrl,500,16,13
bul_Cyrl,500,17,13
bul_Cyrl,500,18,13
bul_Cyrl,500,19,13
bul_Cyrl,500,20,13
bul_Cyrl,500,21,1
bul_Cyrl,500,22,1
bul_Cyrl,500,23,13
eng_Latn,501,0,60
eng_Latn,501,1,38
eng_Latn,501,2,38
eng_Latn,501,3,56
eng_Latn,501,4,47
eng_Latn,501,5,14
eng_Latn,501,6,14
eng_Latn,501,7,21
eng_Latn,501,8,14
eng_Latn,501,9,49
bul_Cyrl,502,0,60
bul_Cyrl,502,1,47
bul_Cyrl,502,2,46
bul_Cyrl,502,3,60
bul_Cyrl,502,4,13
bul_Cyrl,502,5,13
bul_Cyrl,502,6,13
bul_Cyrl,502,7,13
bul_Cyrl,502,8,13
bul_Cyrl,502,9,47
bul_Cyrl,502,10,13
bul_Cyrl,502,11,13
bul_Cyrl,502,12,13
bul_Cyrl,502,13,13
bul_Cyrl,502,14,13
bul_Cyrl,502,15,13
bul_Cyrl,502,16,13
bul_Cyrl,502,17,13
bul_Cyrl,502,18,13
bul_Cyrl,502,19,13
bul_Cyrl,502,20,13
bul_Cyrl,502,21,52
eng_Latn,503,0,60
eng_Latn,503,1,11
eng_Latn,503,2,52
eng_Latn,503,3,47
eng_Latn,503,4,3
eng_Latn,503,5,3
eng_Latn,503,6,57
eng_Latn,503,7,39
eng_Latn,503,8,19
eng_Latn,503,9,3
bul_Cyrl,504,0,60
bul_Cyrl,504,1,13
bul_Cyrl,504,2,13
bul_Cyrl,504,3,13
bul_Cyrl,504,4,13
bul_Cyrl,504,5,13
bul_Cyrl,504,6,13
bul_Cyrl,504,7,13
bul_Cyrl,504,8,13
bul_Cyrl,504,9,13
bul_Cyrl,505,0,60
bul_Cyrl,505,1,13
bul_Cyrl,505,2,13
bul_Cyrl,505,3,13
bul_Cyrl,505,4,13
bul_Cyrl,505,5,13
bul_Cyrl,505,6,13
bul_Cyrl,505,7,13
bul_Cyrl,505,8,13
bul_Cyrl,505,9,13
bul_Cyrl,505,10,13
bul_Cyrl,505,11,13
bul_Cyrl,505,12,13
bul_Cyrl,505,13,13
bul_Cyrl,505,14,13
bul_Cyrl,505,15,47
bul_Cyrl,505,16,13
bul_Cyrl,505,17,13
bul_Cyrl,505,18,13
bul_Cyrl,505,19,13
bul_Cyrl,505,20,13
bul_Cyrl,505,21,13
bul_Cyrl,506,0,60
bul_Cyrl,506,1,13
bul_Cyrl,506,2,13
bul_Cyrl,506,3,13
bul_Cyrl,506,4,13
bul_Cyrl,506,5,13
bul_Cyrl,506,6,13
bul_Cyrl,506,7,13
bul_Cyrl,506,8,13
bul_Cyrl,506,9,13
bul_Cyrl,506,10,13
bul_Cyrl,506,11,13
bul_Cyrl,506,12,13
bul_Cyrl,506,13,13
bul_Cyrl,506,14,13
bul_Cyrl,506,15,13
bul_Cyrl,506,16,47
bul_Cyrl,506,17,13
bul_Cyrl,506,18,13
bul_Cyrl,506,19,13
bul_Cyrl,507,0,60
bul_Cyrl,507,1,13
bul_Cyrl,507,2,13
bul_Cyrl,507,3,13
bul_Cyrl,507,4,13
bul_Cyrl,507,5,13
bul_Cyrl,508,0,60
bul_Cyrl,508,1,13
bul_Cyrl,508,2,13
bul_Cyrl,508,3,13
bul_Cyrl,508,4,13
bul_Cyrl,508,5,13
bul_Cyrl,508,6,13
bul_Cyrl,508,7,13
bul_Cyrl,508,8,13
bul_Cyrl,508,9,13
bul_Cyrl,508,10,47
bul_Cyrl,508,11,13
bul_Cyrl,508,12,13
bul_Cyrl,508,13,13
bul_Cyrl,508,14,13
bul_Cyrl,508,15,13
bul_Cyrl,508,16,27
bul_Cyrl,508,17,13
bul_Cyrl,508,18,9
bul_Cyrl,508,19,52
bul_Cyrl,509,0,60
bul_Cyrl,509,1,13
bul_Cyrl,509,2,13
bul_Cyrl,509,3,13
bul_Cyrl,509,4,13
bul_Cyrl,509,5,13
bul_Cyrl,509,6,13
bul_Cyrl,509,7,13
bul_Cyrl,509,8,13
bul_Cyrl,509,9,13
bul_Cyrl,509,10,13
bul_Cyrl,509,11,13
bul_Cyrl,509,12,47
bul_Cyrl,509,13,13
bul_Cyrl,509,14,13
bul_Cyrl,509,15,13
bul_Cyrl,509,16,13
bul_Cyrl,509,17,13
bul_Cyrl,509,18,13
bul_Cyrl,509,19,13
bul_Cyrl,510,0,60
bul_Cyrl,510,1,13
bul_Cyrl,510,2,13
bul_Cyrl,510,3,13
bul_Cyrl,510,4,13
bul_Cyrl,510,5,13
bul_Cyrl,510,6,13
bul_Cyrl,510,7,13
bul_Cyrl,510,8,13
bul_Cyrl,510,9,52
bul_Cyrl,510,10,13
bul_Cyrl,510,11,13
eng_Latn,511,0,60
eng_Latn,511,1,4
eng_Latn,511,2,54
eng_Latn,511,3,48
eng_Latn,511,4,9
eng_Latn,511,5,56
eng_Latn,511,6,35
eng_Latn,511,7,35
eng_Latn,511,8,57
eng_Latn,511,9,2
eng_Latn,511,10,27
eng_Latn,511,11,26
eng_Latn,511,12,50
eng_Latn,511,13,16
bul_Cyrl,512,0,60
bul_Cyrl,512,1,13
bul_Cyrl,512,2,13
bul_Cyrl,512,3,13
bul_Cyrl,512,4,13
bul_Cyrl,512,5,13
bul_Cyrl,512,6,13
bul_Cyrl,512,7,13
bul_Cyrl,512,8,13
bul_Cyrl,512,9,19
bul_Cyrl,512,10,19
bul_Cyrl,512,11,13
bul_Cyrl,512,12,13
bul_Cyrl,512,13,13
bul_Cyrl,512,14,13
bul_Cyrl,512,15,13
bul_Cyrl,512,16,13
bul_Cyrl,512,17,13
bul_Cyrl,512,18,13
bul_Cyrl,513,0,60
bul_Cyrl,513,1,13
bul_Cyrl,513,2,12
bul_Cyrl,513,3,58
bul_Cyrl,513,4,13
bul_Cyrl,513,5,13
bul_Cyrl,513,6,13
bul_Cyrl,513,7,13
bul_Cyrl,513,8,13
bul_Cyrl,513,9,13
bul_Cyrl,513,10,13
bul_Cyrl,513,11,13
bul_Cyrl,513,12,13
bul_Cyrl,513,13,13
bul_Cyrl,513,14,13
bul_Cyrl,513,15,47
bul_Cyrl,513,16,13
bul_Cyrl,513,17,13
bul_Cyrl,513,18,1
bul_Cyrl,513,19,13
bul_Cyrl,513,20,13
bul_Cyrl,513,21,13
bul_Cyrl,513,22,13
eng_Latn,514,0,60
eng_Latn,514,1,22
eng_Latn,514,2,60
eng_Latn,514,3,47
eng_Latn,515,0,60
eng_Latn,515,1,17
eng_Latn,515,2,9
eng_Latn,515,3,56
eng_Latn,515,4,54
eng_Latn,515,5,38
eng_Latn,515,6,46
eng_Latn,515,7,56
eng_Latn,515,8,56
eng_Latn,515,9,4
eng_Latn,515,10,18
eng_Latn,515,11,50
eng_Latn,515,12,16
eng_Latn,516,0,60
eng_Latn,516,1,54
eng_Latn,516,2,15
eng_Latn,516,3,53
eng_Latn,516,4,41
eng_Latn,516,5,17
bul_Cyrl,517,0,60
bul_Cyrl,517,1,13
bul_Cyrl,517,2,13
bul_Cyrl,517,3,13
bul_Cyrl,517,4,13
bul_Cyrl,517,5,13
bul_Cyrl,517,6,13
bul_Cyrl,517,7,13
bul_Cyrl,517,8,13
bul_Cyrl,517,9,13
bul_Cyrl,517,10,13
bul_Cyrl,517,11,13
bul_Cyrl,517,12,13
bul_Cyrl,517,13,13
bul_Cyrl,517,14,13
bul_Cyrl,517,15,13
bul_Cyrl,517,16,13
bul_Cyrl,517,17,13
bul_Cyrl,517,18,13
bul_Cyrl,517,19,13
bul_Cyrl,518,0,60
bul_Cyrl,518,1,13
bul_Cyrl,518,2,13
bul_Cyrl,518,3,13
bul_Cyrl,518,4,13
bul_Cyrl,518,5,13
bul_Cyrl,518,6,61
bul_Cyrl,518,7,13
bul_Cyrl,518,8,13
bul_Cyrl,518,9,13
bul_Cyrl,518,10,13
bul_Cyrl,518,11,52
bul_Cyrl,518,12,1
bul_Cyrl,518,13,13
bul_Cyrl,518,14,13
bul_Cyrl,518,15,13
bul_Cyrl,518,16,13
bul_Cyrl,518,17,13
bul_Cyrl,518,18,13
bul_Cyrl,518,19,13
bul_Cyrl,518,20,13
bul_Cyrl,518,21,13
bul_Cyrl,518,22,13
bul_Cyrl,518,23,13
bul_Cyrl,519,0,60
bul_Cyrl,519,1,13
bul_Cyrl,519,2,13
bul_Cyrl,519,3,13
bul_Cyrl,519,4,13
bul_Cyrl,519,5,13
bul_Cyrl,519,6,13
bul_Cyrl,519,7,13
bul_Cyrl,519,8,13
bul_Cyrl,519,9,13
bul_Cyrl,519,10,26
bul_Cyrl,519,11,27
bul_Cyrl,519,12,13
bul_Cyrl,519,13,13
bul_Cyrl,519,14,13
bul_Cyrl,519,15,13
bul_Cyrl,519,16,13
bul_Cyrl,519,17,13
bul_Cyrl,519,18,13
bul_Cyrl,519,19,13
bul_Cyrl,519,20,13
bul_Cyrl,519,21,13
bul_Cyrl,519,22,13
bul_Cyrl,519,23,52
bul_Cyrl,519,24,13
bul_Cyrl,519,25,13
bul_Cyrl,519,26,13
bul_Cyrl,519,27,13
bul_Cyrl,519,28,13
bul_Cyrl,520,0,60
bul_Cyrl,520,1,13
bul_Cyrl,520,2,13
bul_Cyrl,520,3,13
bul_Cyrl,520,4,13
bul_Cyrl,520,5,1
bul_Cyrl,520,6,13
bul_Cyrl,520,7,13
bul_Cyrl,520,8,13
bul_Cyrl,520,9,13
bul_Cyrl,520,10,13
bul_Cyrl,520,11,13
bul_Cyrl,520,12,13
bul_Cyrl,520,13,13
bul_Cyrl,520,14,13
bul_Cyrl,520,15,13
bul_Cyrl,520,16,13
bul_Cyrl,520,17,13
bul_Cyrl,520,18,13
bul_Cyrl,520,19,13
bul_Cyrl,520,20,13
bul_Cyrl,520,21,13
bul_Cyrl,520,22,13
bul_Cyrl,520,23,13
bul_Cyrl,521,0,60
bul_Cyrl,521,1,9
bul_Cyrl,521,2,13
bul_Cyrl,521,3,13
bul_Cyrl,521,4,13
bul_Cyrl,521,5,13
bul_Cyrl,521,6,13
bul_Cyrl,521,7,13
bul_Cyrl,521,8,13
bul_Cyrl,521,9,13
bul_Cyrl,521,10,13
bul_Cyrl,521,11,13
bul_Cyrl,521,12,13
bul_Cyrl,521,13,13
bul_Cyrl,521,14,13
bul_Cyrl,521,15,13
bul_Cyrl,521,16,13
bul_Cyrl,521,17,13
bul_Cyrl,521,18,13
bul_Cyrl,521,19,13
bul_Cyrl,521,20,13
bul_Cyrl,521,21,13
bul_Cyrl,521,22,13
bul_Cyrl,521,23,13
bul_Cyrl,521,24,13
bul_Cyrl,522,0,60
bul_Cyrl,522,1,13
bul_Cyrl,522,2,13
bul_Cyrl,522,3,13
bul_Cyrl,522,4,13
bul_Cyrl,522,5,13
bul_Cyrl,522,6,13
bul_Cyrl,522,7,13
bul_Cyrl,522,8,13
bul_Cyrl,522,9,13
bul_Cyrl,522,10,13
bul_Cyrl,522,11,61
bul_Cyrl,522,12,13
bul_Cyrl,522,13,13
bul_Cyrl,522,14,13
bul_Cyrl,522,15,13
bul_Cyrl,522,16,13
bul_Cyrl,522,17,13
bul_Cyrl,522,18,13
bul_Cyrl,522,19,13
bul_Cyrl,522,20,13
bul_Cyrl,522,21,13
bul_Cyrl,522,22,13
bul_Cyrl,523,0,60
bul_Cyrl,523,1,13
bul_Cyrl,523,2,13
bul_Cyrl,523,3,13
bul_Cyrl,523,4,13
bul_Cyrl,523,5,13
bul_Cyrl,523,6,13
bul_Cyrl,523,7,13
bul_Cyrl,523,8,13
bul_Cyrl,523,9,13
bul_Cyrl,524,0,60
bul_Cyrl,524,1,13
bul_Cyrl,524,2,13
bul_Cyrl,524,3,13
bul_Cyrl,524,4,13
bul_Cyrl,524,5,11
bul_Cyrl,524,6,39
bul_Cyrl,524,7,39
eng_Latn,525,0,60
eng_Latn,525,1,18
eng_Latn,525,2,18
eng_Latn,525,3,39
eng_Latn,525,4,19
eng_Latn,525,5,63
eng_Latn,525,6,5
eng_Latn,525,7,26
eng_Latn,525,8,26
eng_Latn,525,9,27
eng_Latn,525,10,26
eng_Latn,525,11,27
eng_Latn,525,12,26
eng_Latn,525,13,5
eng_Latn,525,14,14
eng_Latn,525,15,26
eng_Latn,526,0,60
eng_Latn,526,1,22
eng_Latn,526,2,9
eng_Latn,526,3,12
eng_Latn,526,4,19
eng_Latn,526,5,40
eng_Latn,526,6,34
bul_Cyrl,527,0,60
bul_Cyrl,527,1,13
bul_Cyrl,527,2,13
bul_Cyrl,527,3,13
bul_Cyrl,527,4,13
bul_Cyrl,527,5,13
bul_Cyrl,527,6,13
bul_Cyrl,527,7,52
bul_Cyrl,527,8,52
bul_Cyrl,527,9,13
bul_Cyrl,527,10,13
eng_Latn,528,0,60
eng_Latn,528,1,47
eng_Latn,528,2,22
eng_Latn,528,3,11
eng_Latn,529,0,60
eng_Latn,529,1,22
eng_Latn,529,2,60
eng_Latn,529,3,9
eng_Latn,529,4,27
eng_Latn,529,5,49
eng_Latn,529,6,26
eng_Latn,529,7,27
eng_Latn,529,8,40
eng_Latn,529,9,61
bul_Cyrl,530,0,60
bul_Cyrl,530,1,13
bul_Cyrl,530,2,13
bul_Cyrl,530,3,13
bul_Cyrl,530,4,13
bul_Cyrl,530,5,13
bul_Cyrl,530,6,13
bul_Cyrl,530,7,13
bul_Cyrl,530,8,13
bul_Cyrl,530,9,13
bul_Cyrl,530,10,13
bul_Cyrl,530,11,13
bul_Cyrl,530,12,13
bul_Cyrl,530,13,13
bul_Cyrl,530,14,13
bul_Cyrl,530,15,13
bul_Cyrl,530,16,13
bul_Cyrl,530,17,13
bul_Cyrl,530,18,13
bul_Cyrl,530,19,13
bul_Cyrl,530,20,13
eng_Latn,531,0,60
eng_Latn,531,1,35
eng_Latn,531,2,54
eng_Latn,531,3,0
eng_Latn,531,4,9
eng_Latn,531,5,56
eng_Latn,531,6,38
eng_Latn,531,7,57
bul_Cyrl,532,0,60
bul_Cyrl,532,1,13
bul_Cyrl,532,2,13
bul_Cyrl,532,3,13
bul_Cyrl,532,4,13
bul_Cyrl,532,5,13
bul_Cyrl,532,6,13
bul_Cyrl,532,7,13
bul_Cyrl,532,8,13
bul_Cyrl,532,9,13
bul_Cyrl,532,10,13
bul_Cyrl,532,11,13
bul_Cyrl,532,12,13
bul_Cyrl,532,13,13
bul_Cyrl,532,14,13
bul_Cyrl,532,15,13
bul_Cyrl,532,16,13
bul_Cyrl,532,17,13
bul_Cyrl,532,18,13
bul_Cyrl,533,0,60
bul_Cyrl,533,1,13
bul_Cyrl,533,2,13
bul_Cyrl,533,3,13
bul_Cyrl,533,4,13
bul_Cyrl,533,5,13
bul_Cyrl,533,6,52
bul_Cyrl,533,7,13
bul_Cyrl,533,8,47
bul_Cyrl,533,9,13
bul_Cyrl,533,10,13
bul_Cyrl,533,11,13
bul_Cyrl,533,12,13
bul_Cyrl,533,13,13
bul_Cyrl,533,14,52
bul_Cyrl,533,15,13
bul_Cyrl,533,16,13
bul_Cyrl,533,17,13
bul_Cyrl,533,18,40
eng_Latn,534,0,60
eng_Latn,534,1,50
eng_Latn,534,2,51
eng_Latn,534,3,19
eng_Latn,534,4,19
eng_Latn,534,5,51
eng_Latn,534,6,5
eng_Latn,534,7,19
eng_Latn,534,8,0
eng_Latn,534,9,0
eng_Latn,534,10,8
eng_Latn,534,11,57
bul_Cyrl,535,0,60
bul_Cyrl,535,1,13
bul_Cyrl,535,2,13
bul_Cyrl,535,3,13
bul_Cyrl,535,4,13
bul_Cyrl,535,5,13
eng_Latn,536,0,60
eng_Latn,536,1,61
eng_Latn,536,2,1
eng_Latn,536,3,33
eng_Latn,536,4,24
eng_Latn,536,5,15
eng_Latn,536,6,16
bul_Cyrl,537,0,60
bul_Cyrl,537,1,13
bul_Cyrl,537,2,13
bul_Cyrl,537,3,13
bul_Cyrl,537,4,13
bul_Cyrl,537,5,13
bul_Cyrl,537,6,13
bul_Cyrl,537,7,13
bul_Cyrl,537,8,13
bul_Cyrl,537,9,13
bul_Cyrl,537,10,13
bul_Cyrl,537,11,13
bul_Cyrl,537,12,19
bul_Cyrl,537,13,13
bul_Cyrl,537,14,26
bul_Cyrl,537,15,26
bul_Cyrl,537,16,13
bul_Cyrl,537,17,26
bul_Cyrl,537,18,13
bul_Cyrl,538,0,60
bul_Cyrl,538,1,13
bul_Cyrl,538,2,13
bul_Cyrl,538,3,13
bul_Cyrl,538,4,13
bul_Cyrl,538,5,13
bul_Cyrl,538,6,47
bul_Cyrl,538,7,13
bul_Cyrl,538,8,13
bul_Cyrl,538,9,13
bul_Cyrl,538,10,47
bul_Cyrl,538,11,13
bul_Cyrl,538,12,13
bul_Cyrl,538,13,13
bul_Cyrl,538,14,13
bul_Cyrl,538,15,13
bul_Cyrl,538,16,13
bul_Cyrl,538,17,13
bul_Cyrl,538,18,13
bul_Cyrl,538,19,13
bul_Cyrl,538,20,13
bul_Cyrl,538,21,13
bul_Cyrl,538,22,13
bul_Cyrl,538,23,13
bul_Cyrl,538,24,13
bul_Cyrl,538,25,13
bul_Cyrl,538,26,13
eng_Latn,539,0,60
eng_Latn,539,1,52
eng_Latn,539,2,57
eng_Latn,539,3,48
eng_Latn,539,4,2
eng_Latn,539,5,19
eng_Latn,539,6,31
eng_Latn,539,7,53
eng_Latn,539,8,3
eng_Latn,539,9,31
bul_Cyrl,540,0,60
bul_Cyrl,540,1,13
bul_Cyrl,540,2,13
bul_Cyrl,540,3,13
bul_Cyrl,540,4,13
bul_Cyrl,540,5,13
bul_Cyrl,540,6,13
bul_Cyrl,540,7,13
bul_Cyrl,540,8,13
bul_Cyrl,540,9,13
bul_Cyrl,540,10,13
bul_Cyrl,540,11,13
bul_Cyrl,541,0,60
bul_Cyrl,541,1,13
bul_Cyrl,541,2,13
bul_Cyrl,541,3,13
bul_Cyrl,541,4,13
bul_Cyrl,541,5,13
bul_Cyrl,541,6,13
bul_Cyrl,541,7,13
bul_Cyrl,541,8,13
bul_Cyrl,541,9,13
bul_Cyrl,541,10,13
bul_Cyrl,541,11,13
bul_Cyrl,541,12,13
bul_Cyrl,541,13,13
bul_Cyrl,541,14,13
bul_Cyrl,541,15,13
bul_Cyrl,541,16,13
bul_Cyrl,542,0,60
bul_Cyrl,542,1,13
bul_Cyrl,542,2,13
bul_Cyrl,542,3,13
bul_Cyrl,542,4,13
bul_Cyrl,542,5,13
bul_Cyrl,542,6,13
bul_Cyrl,542,7,13
bul_Cyrl,542,8,13
bul_Cyrl,542,9,13
bul_Cyrl,542,10,13
bul_Cyrl,542,11,13
bul_Cyrl,542,12,60
bul_Cyrl,542,13,52
bul_Cyrl,542,14,13
bul_Cyrl,542,15,13
bul_Cyrl,542,16,13
bul_Cyrl,542,17,13
bul_Cyrl,542,18,13
bul_Cyrl,542,19,13
bul_Cyrl,542,20,52
bul_Cyrl,542,21,13
bul_Cyrl,542,22,13
bul_Cyrl,542,23,13
bul_Cyrl,542,24,13
bul_Cyrl,542,25,13
bul_Cyrl,542,26,13
bul_Cyrl,543,0,60
bul_Cyrl,543,1,13
bul_Cyrl,543,2,13
bul_Cyrl,543,3,13
bul_Cyrl,543,4,13
bul_Cyrl,543,5,19
bul_Cyrl,543,6,13
bul_Cyrl,543,7,13
bul_Cyrl,543,8,13
bul_Cyrl,543,9,13
bul_Cyrl,543,10,13
bul_Cyrl,543,11,19
bul_Cyrl,543,12,13
bul_Cyrl,543,13,13
bul_Cyrl,543,14,13
bul_Cyrl,543,15,12
bul_Cyrl,543,16,13
bul_Cyrl,543,17,13
bul_Cyrl,543,18,13
bul_Cyrl,543,19,13
eng_Latn,544,0,60
eng_Latn,544,1,22
eng_Latn,544,2,26
eng_Latn,544,3,26
bul_Cyrl,545,0,60
bul_Cyrl,545,1,13
bul_Cyrl,545,2,13
bul_Cyrl,545,3,13
bul_Cyrl,545,4,13
bul_Cyrl,545,5,13
bul_Cyrl,545,6,13
bul_Cyrl,545,7,13
bul_Cyrl,545,8,13
bul_Cyrl,545,9,1
bul_Cyrl,545,10,52
bul_Cyrl,546,0,60
bul_Cyrl,546,1,13
bul_Cyrl,546,2,13
bul_Cyrl,546,3,13
bul_Cyrl,546,4,13
bul_Cyrl,546,5,13
bul_Cyrl,546,6,13
bul_Cyrl,546,7,13
bul_Cyrl,546,8,13
bul_Cyrl,546,9,13
bul_Cyrl,546,10,13
bul_Cyrl,546,11,26
bul_Cyrl,546,12,13
bul_Cyrl,546,13,26
bul_Cyrl,546,14,13
bul_Cyrl,546,15,13
bul_Cyrl,546,16,52
bul_Cyrl,546,17,13
bul_Cyrl,546,18,13
bul_Cyrl,546,19,13
bul_Cyrl,546,20,13
bul_Cyrl,547,0,60
bul_Cyrl,547,1,9
bul_Cyrl,547,2,58
bul_Cyrl,547,3,13
bul_Cyrl,547,4,13
bul_Cyrl,547,5,13
bul_Cyrl,547,6,52
bul_Cyrl,548,0,60
bul_Cyrl,548,1,13
bul_Cyrl,548,2,13
bul_Cyrl,548,3,13
bul_Cyrl,548,4,13
bul_Cyrl,548,5,13
bul_Cyrl,548,6,13
bul_Cyrl,548,7,13
bul_Cyrl,548,8,13
bul_Cyrl,548,9,13
bul_Cyrl,548,10,13
bul_Cyrl,548,11,13
bul_Cyrl,548,12,13
bul_Cyrl,548,13,13
bul_Cyrl,548,14,13
bul_Cyrl,548,15,13
bul_Cyrl,548,16,13
bul_Cyrl,548,17,1
bul_Cyrl,548,18,19
bul_Cyrl,548,19,19
bul_Cyrl,548,20,13
bul_Cyrl,548,21,13
bul_Cyrl,548,22,13
bul_Cyrl,548,23,13
bul_Cyrl,548,24,27
bul_Cyrl,548,25,13
bul_Cyrl,548,26,13
bul_Cyrl,548,27,13
bul_Cyrl,549,0,60
bul_Cyrl,549,1,13
bul_Cyrl,549,2,13
bul_Cyrl,549,3,13
bul_Cyrl,549,4,13
bul_Cyrl,549,5,13
bul_Cyrl,549,6,13
bul_Cyrl,549,7,13
bul_Cyrl,549,8,13
bul_Cyrl,549,9,13
bul_Cyrl,549,10,13
bul_Cyrl,549,11,13
bul_Cyrl,549,12,13
bul_Cyrl,549,13,13
bul_Cyrl,549,14,13
bul_Cyrl,549,15,13
bul_Cyrl,549,16,13
bul_Cyrl,550,0,60
bul_Cyrl,550,1,13
bul_Cyrl,550,2,13
bul_Cyrl,550,3,13
bul_Cyrl,550,4,13
bul_Cyrl,550,5,13
bul_Cyrl,550,6,13
bul_Cyrl,551,0,60
bul_Cyrl,551,1,13
bul_Cyrl,551,2,13
bul_Cyrl,551,3,13
bul_Cyrl,551,4,13
bul_Cyrl,551,5,13
bul_Cyrl,551,6,13
bul_Cyrl,551,7,13
bul_Cyrl,551,8,13
bul_Cyrl,551,9,13
bul_Cyrl,551,10,52
bul_Cyrl,552,0,60
bul_Cyrl,552,1,5
bul_Cyrl,552,2,52
bul_Cyrl,552,3,13
bul_Cyrl,552,4,52
bul_Cyrl,552,5,52
bul_Cyrl,552,6,52
bul_Cyrl,552,7,13
eng_Latn,553,0,60
eng_Latn,553,1,22
bul_Cyrl,554,0,60
bul_Cyrl,554,1,13
bul_Cyrl,554,2,13
bul_Cyrl,554,3,13
bul_Cyrl,554,4,13
bul_Cyrl,554,5,13
bul_Cyrl,554,6,13
bul_Cyrl,554,7,13
bul_Cyrl,554,8,13
bul_Cyrl,554,9,1
bul_Cyrl,554,10,52
bul_Cyrl,555,0,60
bul_Cyrl,555,1,19
bul_Cyrl,555,2,13
bul_Cyrl,555,3,13
bul_Cyrl,555,4,13
bul_Cyrl,555,5,47
bul_Cyrl,555,6,13
bul_Cyrl,555,7,13
bul_Cyrl,556,0,60
bul_Cyrl,556,1,13
bul_Cyrl,556,2,13
bul_Cyrl,556,3,13
bul_Cyrl,556,4,13
bul_Cyrl,556,5,13
bul_Cyrl,556,6,13
bul_Cyrl,556,7,47
bul_Cyrl,556,8,13
bul_Cyrl,556,9,13
bul_Cyrl,556,10,13
bul_Cyrl,556,11,13
bul_Cyrl,556,12,13
bul_Cyrl,556,13,13
bul_Cyrl,556,14,13
bul_Cyrl,557,0,60
bul_Cyrl,557,1,13
bul_Cyrl,557,2,13
bul_Cyrl,557,3,13
bul_Cyrl,557,4,13
bul_Cyrl,557,5,13
bul_Cyrl,557,6,13
bul_Cyrl,557,7,13
bul_Cyrl,557,8,13
bul_Cyrl,557,9,13
bul_Cyrl,557,10,13
bul_Cyrl,557,11,13
bul_Cyrl,557,12,13
bul_Cyrl,557,13,13
bul_Cyrl,557,14,13
bul_Cyrl,557,15,13
bul_Cyrl,557,16,13
bul_Cyrl,557,17,13
bul_Cyrl,558,0,60
bul_Cyrl,558,1,13
bul_Cyrl,558,2,13
bul_Cyrl,558,3,13
bul_Cyrl,558,4,13
bul_Cyrl,558,5,13
bul_Cyrl,558,6,13
bul_Cyrl,558,7,13
bul_Cyrl,558,8,13
bul_Cyrl,558,9,13
bul_Cyrl,558,10,13
bul_Cyrl,558,11,13
bul_Cyrl,558,12,13
bul_Cyrl,558,13,13
bul_Cyrl,558,14,13
bul_Cyrl,558,15,13
bul_Cyrl,558,16,13
bul_Cyrl,558,17,13
bul_Cyrl,558,18,13
bul_Cyrl,558,19,13
bul_Cyrl,558,20,13
bul_Cyrl,558,21,13
bul_Cyrl,558,22,13
bul_Cyrl,558,23,13
bul_Cyrl,559,0,60
bul_Cyrl,559,1,13
bul_Cyrl,559,2,13
bul_Cyrl,559,3,13
bul_Cyrl,559,4,13
bul_Cyrl,559,5,13
bul_Cyrl,559,6,13
bul_Cyrl,559,7,13
bul_Cyrl,559,8,7
eng_Latn,560,0,60
eng_Latn,560,1,50
eng_Latn,560,2,56
eng_Latn,560,3,46
eng_Latn,560,4,16
eng_Latn,560,5,56
eng_Latn,560,6,57
bul_Cyrl,561,0,60
bul_Cyrl,561,1,13
bul_Cyrl,561,2,13
bul_Cyrl,561,3,13
bul_Cyrl,561,4,13
bul_Cyrl,561,5,13
bul_Cyrl,561,6,13
bul_Cyrl,561,7,13
bul_Cyrl,561,8,13
bul_Cyrl,561,9,13
bul_Cyrl,561,10,13
bul_Cyrl,561,11,13
bul_Cyrl,561,12,13
bul_Cyrl,561,13,13
bul_Cyrl,561,14,13
eng_Latn,562,0,60
eng_Latn,562,1,17
eng_Latn,562,2,22
eng_Latn,562,3,57
eng_Latn,562,4,16
eng_Latn,562,5,34
bul_Cyrl,563,0,60
bul_Cyrl,563,1,13
bul_Cyrl,563,2,13
bul_Cyrl,563,3,13
bul_Cyrl,563,4,13
bul_Cyrl,563,5,13
bul_Cyrl,563,6,13
bul_Cyrl,563,7,52
bul_Cyrl,563,8,13
bul_Cyrl,563,9,13
bul_Cyrl,563,10,13
bul_Cyrl,563,11,13
bul_Cyrl,563,12,13
bul_Cyrl,563,13,13
bul_Cyrl,563,14,13
bul_Cyrl,563,15,13
bul_Cyrl,563,16,13
bul_Cyrl,563,17,13
bul_Cyrl,563,18,13
bul_Cyrl,563,19,13
bul_Cyrl,563,20,13
bul_Cyrl,563,21,13
bul_Cyrl,563,22,13
eng_Latn,564,0,60
eng_Latn,564,1,9
eng_Latn,564,2,29
eng_Latn,564,3,54
eng_Latn,564,4,38
eng_Latn,564,5,46
eng_Latn,564,6,17
eng_Latn,564,7,17
eng_Latn,564,8,16
eng_Latn,564,9,16
eng_Latn,564,10,57
eng_Latn,564,11,34
bul_Cyrl,565,0,60
bul_Cyrl,565,1,13
bul_Cyrl,565,2,13
bul_Cyrl,565,3,13
bul_Cyrl,565,4,13
bul_Cyrl,565,5,13
bul_Cyrl,565,6,13
bul_Cyrl,565,7,13
bul_Cyrl,565,8,13
bul_Cyrl,565,9,13
bul_Cyrl,565,10,13
bul_Cyrl,565,11,13
bul_Cyrl,565,12,13
bul_Cyrl,565,13,13
bul_Cyrl,566,0,60
bul_Cyrl,566,1,13
bul_Cyrl,566,2,13
bul_Cyrl,566,3,13
bul_Cyrl,566,4,13
bul_Cyrl,566,5,13
bul_Cyrl,566,6,13
bul_Cyrl,566,7,13
bul_Cyrl,566,8,13
bul_Cyrl,566,9,13
bul_Cyrl,566,10,13
bul_Cyrl,566,11,13
bul_Cyrl,566,12,13
bul_Cyrl,566,13,13
bul_Cyrl,566,14,13
bul_Cyrl,566,15,13
bul_Cyrl,566,16,13
bul_Cyrl,566,17,13
bul_Cyrl,566,18,13
bul_Cyrl,566,19,13
bul_Cyrl,566,20,36
bul_Cyrl,566,21,36
bul_Cyrl,566,22,13
bul_Cyrl,567,0,60
bul_Cyrl,567,1,13
bul_Cyrl,567,2,13
bul_Cyrl,567,3,13
bul_Cyrl,567,4,13
eng_Latn,568,0,60
eng_Latn,568,1,9
eng_Latn,568,2,11
eng_Latn,568,3,27
eng_Latn,568,4,27
eng_Latn,568,5,27
eng_Latn,568,6,39
eng_Latn,568,7,11
eng_Latn,568,8,19
eng_Latn,568,9,27
eng_Latn,568,10,26
eng_Latn,568,11,39
eng_Latn,568,12,1
eng_Latn,568,13,9
eng_Latn,568,14,60
bul_Cyrl,569,0,60
bul_Cyrl,569,1,13
bul_Cyrl,569,2,13
bul_Cyrl,569,3,13
bul_Cyrl,569,4,13
bul_Cyrl,569,5,13
bul_Cyrl,569,6,13
bul_Cyrl,569,7,13
bul_Cyrl,569,8,13
bul_Cyrl,569,9,47
bul_Cyrl,569,10,13
bul_Cyrl,569,11,13
bul_Cyrl,569,12,13
bul_Cyrl,569,13,13
bul_Cyrl,570,0,60
bul_Cyrl,570,1,13
bul_Cyrl,570,2,13
bul_Cyrl,570,3,13
bul_Cyrl,570,4,13
bul_Cyrl,570,5,13
bul_Cyrl,570,6,13
bul_Cyrl,570,7,13
bul_Cyrl,570,8,13
bul_Cyrl,570,9,13
bul_Cyrl,570,10,13
bul_Cyrl,570,11,13
bul_Cyrl,570,12,13
bul_Cyrl,570,13,13
bul_Cyrl,570,14,13
bul_Cyrl,570,15,13
bul_Cyrl,570,16,13
bul_Cyrl,570,17,13
bul_Cyrl,571,0,60
bul_Cyrl,571,1,13
bul_Cyrl,571,2,13
bul_Cyrl,571,3,13
bul_Cyrl,571,4,13
bul_Cyrl,571,5,13
bul_Cyrl,571,6,13
bul_Cyrl,571,7,13
bul_Cyrl,571,8,13
bul_Cyrl,571,9,13
bul_Cyrl,571,10,13
bul_Cyrl,571,11,13
bul_Cyrl,572,0,60
bul_Cyrl,572,1,13
bul_Cyrl,572,2,13
bul_Cyrl,572,3,13
bul_Cyrl,572,4,13
bul_Cyrl,572,5,13
bul_Cyrl,572,6,13
bul_Cyrl,572,7,13
bul_Cyrl,572,8,13
bul_Cyrl,572,9,13
bul_Cyrl,572,10,13
bul_Cyrl,572,11,13
bul_Cyrl,572,12,13
bul_Cyrl,573,0,60
bul_Cyrl,573,1,13
bul_Cyrl,573,2,13
bul_Cyrl,573,3,13
bul_Cyrl,573,4,13
bul_Cyrl,573,5,9
bul_Cyrl,573,6,13
bul_Cyrl,573,7,13
bul_Cyrl,573,8,13
bul_Cyrl,573,9,13
bul_Cyrl,573,10,13
bul_Cyrl,573,11,13
bul_Cyrl,573,12,13
bul_Cyrl,573,13,13
bul_Cyrl,573,14,13
bul_Cyrl,573,15,13
eng_Latn,574,0,60
eng_Latn,574,1,19
eng_Latn,574,2,19
eng_Latn,574,3,15
eng_Latn,574,4,16
eng_Latn,574,5,33
eng_Latn,574,6,33
eng_Latn,574,7,33
eng_Latn,575,0,60
eng_Latn,575,1,33
eng_Latn,575,2,10
eng_Latn,575,3,56
eng_Latn,575,4,44
bul_Cyrl,576,0,60
bul_Cyrl,576,1,13
bul_Cyrl,576,2,13
bul_Cyrl,576,3,13
bul_Cyrl,576,4,13
bul_Cyrl,576,5,13
bul_Cyrl,576,6,13
bul_Cyrl,576,7,13
bul_Cyrl,576,8,9
bul_Cyrl,576,9,13
bul_Cyrl,576,10,13
bul_Cyrl,576,11,13
bul_Cyrl,576,12,13
bul_Cyrl,576,13,13
eng_Latn,577,0,60
eng_Latn,577,1,45
eng_Latn,577,2,52
bul_Cyrl,578,0,60
bul_Cyrl,578,1,13
bul_Cyrl,578,2,13
bul_Cyrl,578,3,13
bul_Cyrl,578,4,13
bul_Cyrl,578,5,13
bul_Cyrl,578,6,13
bul_Cyrl,578,7,13
bul_Cyrl,578,8,13
bul_Cyrl,578,9,13
bul_Cyrl,578,10,13
bul_Cyrl,578,11,13
bul_Cyrl,578,12,13
bul_Cyrl,578,13,13
bul_Cyrl,578,14,13
bul_Cyrl,578,15,24
bul_Cyrl,578,16,52
bul_Cyrl,578,17,13
bul_Cyrl,578,18,13
bul_Cyrl,578,19,13
bul_Cyrl,578,20,13
bul_Cyrl,578,21,13
bul_Cyrl,578,22,13
bul_Cyrl,579,0,60
bul_Cyrl,579,1,13
bul_Cyrl,579,2,13
bul_Cyrl,579,3,13
bul_Cyrl,579,4,13
bul_Cyrl,579,5,13
bul_Cyrl,579,6,13
bul_Cyrl,579,7,13
bul_Cyrl,579,8,13
bul_Cyrl,579,9,13
bul_Cyrl,579,10,13
bul_Cyrl,579,11,13
bul_Cyrl,579,12,13
bul_Cyrl,579,13,13
bul_Cyrl,579,14,13
bul_Cyrl,579,15,13
bul_Cyrl,579,16,13
bul_Cyrl,579,17,13
bul_Cyrl,580,0,60
bul_Cyrl,580,1,13
bul_Cyrl,580,2,13
bul_Cyrl,580,3,13
bul_Cyrl,580,4,13
bul_Cyrl,580,5,13
bul_Cyrl,580,6,13
bul_Cyrl,580,7,13
bul_Cyrl,580,8,13
bul_Cyrl,580,9,13
bul_Cyrl,580,10,13
bul_Cyrl,580,11,13
bul_Cyrl,580,12,13
bul_Cyrl,580,13,13
bul_Cyrl,580,14,13
bul_Cyrl,580,15,13
bul_Cyrl,581,0,60
bul_Cyrl,581,1,13
bul_Cyrl,581,2,13
bul_Cyrl,581,3,13
bul_Cyrl,581,4,13
bul_Cyrl,581,5,13
bul_Cyrl,581,6,13
bul_Cyrl,581,7,13
bul_Cyrl,581,8,13
bul_Cyrl,581,9,13
bul_Cyrl,581,10,1
bul_Cyrl,581,11,13
bul_Cyrl,581,12,13
bul_Cyrl,581,13,13
bul_Cyrl,581,14,13
bul_Cyrl,581,15,13
bul_Cyrl,581,16,61
bul_Cyrl,581,17,13
bul_Cyrl,581,18,13
bul_Cyrl,581,19,13
bul_Cyrl,582,0,60
bul_Cyrl,582,1,13
bul_Cyrl,582,2,13
bul_Cyrl,582,3,13
bul_Cyrl,582,4,13
bul_Cyrl,582,5,13
bul_Cyrl,582,6,13
bul_Cyrl,582,7,13
bul_Cyrl,582,8,13
bul_Cyrl,582,9,13
bul_Cyrl,582,10,13
bul_Cyrl,582,11,13
bul_Cyrl,582,12,13
bul_Cyrl,582,13,13
bul_Cyrl,582,14,13
bul_Cyrl,582,15,13
bul_Cyrl,582,16,13
bul_Cyrl,583,0,60
bul_Cyrl,583,1,13
bul_Cyrl,583,2,13
bul_Cyrl,583,3,12
bul_Cyrl,583,4,13
bul_Cyrl,583,5,13
bul_Cyrl,583,6,13
bul_Cyrl,583,7,13
bul_Cyrl,583,8,13
bul_Cyrl,583,9,13
eng_Latn,584,0,60
eng_Latn,584,1,13
eng_Latn,584,2,49
eng_Latn,584,3,18
eng_Latn,584,4,18
eng_Latn,584,5,3
eng_Latn,584,6,57
eng_Latn,584,7,24
eng_Latn,584,8,3
eng_Latn,584,9,3
eng_Latn,584,10,3
eng_Latn,585,0,60
eng_Latn,585,1,47
eng_Latn,585,2,8
eng_Latn,585,3,33
eng_Latn,585,4,33
eng_Latn,585,5,63
eng_Latn,585,6,12
eng_Latn,585,7,61
eng_Latn,585,8,26
eng_Latn,585,9,26
eng_Latn,585,10,26
eng_Latn,585,11,60
bul_Cyrl,586,0,60
bul_Cyrl,586,1,13
bul_Cyrl,586,2,13
bul_Cyrl,586,3,47
bul_Cyrl,586,4,13
bul_Cyrl,586,5,13
bul_Cyrl,586,6,13
bul_Cyrl,586,7,13
bul_Cyrl,586,8,13
bul_Cyrl,586,9,13
bul_Cyrl,586,10,13
bul_Cyrl,586,11,13
bul_Cyrl,586,12,13
bul_Cyrl,586,13,13
bul_Cyrl,586,14,13
bul_Cyrl,586,15,13
eng_Latn,587,0,60
eng_Latn,587,1,40
eng_Latn,587,2,18
eng_Latn,587,3,18
eng_Latn,587,4,56
eng_Latn,587,5,16
eng_Latn,587,6,59
eng_Latn,587,7,46
bul_Cyrl,588,0,60
bul_Cyrl,588,1,13
bul_Cyrl,588,2,13
bul_Cyrl,588,3,13
bul_Cyrl,588,4,13
bul_Cyrl,588,5,13
bul_Cyrl,588,6,13
bul_Cyrl,588,7,13
bul_Cyrl,588,8,13
bul_Cyrl,588,9,13
bul_Cyrl,588,10,13
bul_Cyrl,588,11,13
bul_Cyrl,588,12,13
bul_Cyrl,588,13,52
bul_Cyrl,588,14,52
bul_Cyrl,588,15,13
bul_Cyrl,588,16,13
bul_Cyrl,589,0,60
bul_Cyrl,589,1,13
bul_Cyrl,589,2,13
bul_Cyrl,589,3,13
bul_Cyrl,589,4,13
bul_Cyrl,589,5,13
bul_Cyrl,589,6,13
bul_Cyrl,589,7,13
bul_Cyrl,589,8,13
bul_Cyrl,589,9,13
bul_Cyrl,589,10,13
bul_Cyrl,589,11,13
bul_Cyrl,589,12,13
bul_Cyrl,589,13,13
bul_Cyrl,589,14,13
bul_Cyrl,589,15,13
bul_Cyrl,590,0,60
bul_Cyrl,590,1,12
bul_Cyrl,590,2,13
bul_Cyrl,590,3,13
bul_Cyrl,590,4,13
bul_Cyrl,590,5,13
bul_Cyrl,590,6,13
bul_Cyrl,590,7,13
bul_Cyrl,590,8,13
bul_Cyrl,590,9,13
bul_Cyrl,591,0,60
bul_Cyrl,591,1,13
bul_Cyrl,591,2,13
bul_Cyrl,591,3,13
bul_Cyrl,591,4,13
bul_Cyrl,591,5,13
bul_Cyrl,591,6,13
bul_Cyrl,591,7,13
bul_Cyrl,591,8,13
bul_Cyrl,591,9,13
bul_Cyrl,591,10,13
bul_Cyrl,591,11,13
bul_Cyrl,591,12,13
bul_Cyrl,591,13,13
bul_Cyrl,591,14,13
bul_Cyrl,591,15,13
bul_Cyrl,591,16,13
bul_Cyrl,591,17,13
bul_Cyrl,591,18,13
bul_Cyrl,591,19,13
bul_Cyrl,591,20,13
bul_Cyrl,591,21,13
bul_Cyrl,591,22,13
bul_Cyrl,591,23,13
bul_Cyrl,591,24,13
bul_Cyrl,592,0,60
bul_Cyrl,592,1,13
bul_Cyrl,592,2,13
bul_Cyrl,592,3,13
bul_Cyrl,592,4,13
bul_Cyrl,592,5,13
bul_Cyrl,592,6,13
bul_Cyrl,592,7,13
bul_Cyrl,592,8,13
bul_Cyrl,592,9,13
bul_Cyrl,592,10,13
bul_Cyrl,592,11,13
bul_Cyrl,592,12,13
bul_Cyrl,592,13,13
bul_Cyrl,592,14,13
bul_Cyrl,592,15,13
bul_Cyrl,592,16,13
bul_Cyrl,592,17,13
bul_Cyrl,592,18,13
bul_Cyrl,592,19,13
bul_Cyrl,592,20,13
bul_Cyrl,592,21,13
bul_Cyrl,592,22,13
bul_Cyrl,592,23,13
bul_Cyrl,592,24,13
bul_Cyrl,592,25,13
bul_Cyrl,593,0,60
bul_Cyrl,593,1,13
bul_Cyrl,593,2,13
bul_Cyrl,593,3,13
bul_Cyrl,593,4,13
bul_Cyrl,593,5,13
bul_Cyrl,593,6,13
bul_Cyrl,593,7,13
bul_Cyrl,593,8,1
bul_Cyrl,593,9,61
bul_Cyrl,593,10,13
bul_Cyrl,593,11,13
bul_Cyrl,593,12,13
bul_Cyrl,593,13,13
bul_Cyrl,593,14,13
bul_Cyrl,593,15,47
bul_Cyrl,593,16,13
bul_Cyrl,593,17,13
bul_Cyrl,593,18,13
bul_Cyrl,593,19,13
bul_Cyrl,593,20,13
bul_Cyrl,593,21,13
bul_Cyrl,593,22,13
bul_Cyrl,594,0,60
bul_Cyrl,594,1,13
bul_Cyrl,594,2,13
bul_Cyrl,594,3,13
bul_Cyrl,594,4,13
bul_Cyrl,594,5,13
bul_Cyrl,594,6,13
bul_Cyrl,594,7,13
bul_Cyrl,594,8,13
bul_Cyrl,594,9,52
bul_Cyrl,594,10,52
bul_Cyrl,594,11,13
bul_Cyrl,594,12,13
bul_Cyrl,594,13,12
bul_Cyrl,594,14,13
bul_Cyrl,594,15,13
bul_Cyrl,594,16,13
bul_Cyrl,594,17,13
bul_Cyrl,594,18,1
bul_Cyrl,594,19,52
bul_Cyrl,595,0,60
bul_Cyrl,595,1,13
bul_Cyrl,595,2,13
bul_Cyrl,595,3,13
bul_Cyrl,595,4,13
bul_Cyrl,595,5,13
bul_Cyrl,595,6,13
bul_Cyrl,596,0,60
bul_Cyrl,596,1,13
bul_Cyrl,596,2,13
bul_Cyrl,596,3,13
bul_Cyrl,596,4,13
bul_Cyrl,596,5,13
bul_Cyrl,596,6,13
bul_Cyrl,596,7,13
bul_Cyrl,596,8,13
bul_Cyrl,596,9,13
bul_Cyrl,596,10,13
bul_Cyrl,596,11,13
bul_Cyrl,596,12,13
bul_Cyrl,596,13,13
bul_Cyrl,596,14,13
bul_Cyrl,596,15,13
bul_Cyrl,596,16,13
bul_Cyrl,596,17,13
bul_Cyrl,596,18,13
bul_Cyrl,596,19,13
eng_Latn,597,0,60
eng_Latn,597,1,18
eng_Latn,597,2,14
bul_Cyrl,598,0,60
bul_Cyrl,598,1,13
bul_Cyrl,598,2,13
bul_Cyrl,598,3,13
bul_Cyrl,598,4,13
bul_Cyrl,598,5,13
bul_Cyrl,598,6,13
bul_Cyrl,598,7,13
bul_Cyrl,598,8,13
bul_Cyrl,598,9,13
bul_Cyrl,598,10,13
bul_Cyrl,598,11,13
bul_Cyrl,598,12,13
bul_Cyrl,598,13,13
bul_Cyrl,598,14,13
bul_Cyrl,598,15,13
bul_Cyrl,598,16,13
bul_Cyrl,598,17,13
bul_Cyrl,598,18,47
bul_Cyrl,598,19,13
bul_Cyrl,598,20,13
bul_Cyrl,598,21,13
bul_Cyrl,599,0,60
bul_Cyrl,599,1,13
bul_Cyrl,599,2,13
bul_Cyrl,599,3,13
bul_Cyrl,599,4,13
bul_Cyrl,599,5,13
bul_Cyrl,599,6,19
bul_Cyrl,599,7,13
bul_Cyrl,599,8,13
bul_Cyrl,599,9,13
bul_Cyrl,599,10,13
bul_Cyrl,599,11,13
bul_Cyrl,599,12,13
bul_Cyrl,599,13,13
bul_Cyrl,599,14,13
bul_Cyrl,599,15,13
bul_Cyrl,599,16,13
bul_Cyrl,600,0,60
bul_Cyrl,600,1,13
bul_Cyrl,600,2,13
bul_Cyrl,600,3,13
bul_Cyrl,600,4,13
bul_Cyrl,600,5,13
bul_Cyrl,600,6,13
bul_Cyrl,600,7,13
bul_Cyrl,601,0,60
bul_Cyrl,601,1,13
bul_Cyrl,601,2,13
bul_Cyrl,601,3,13
bul_Cyrl,601,4,13
bul_Cyrl,601,5,13
bul_Cyrl,601,6,13
bul_Cyrl,601,7,13
bul_Cyrl,601,8,13
bul_Cyrl,601,9,13
bul_Cyrl,601,10,13
bul_Cyrl,601,11,13
bul_Cyrl,601,12,13
bul_Cyrl,601,13,13
bul_Cyrl,601,14,13
bul_Cyrl,601,15,13
bul_Cyrl,601,16,13
bul_Cyrl,601,17,13
bul_Cyrl,601,18,13
bul_Cyrl,601,19,13
bul_Cyrl,601,20,13
bul_Cyrl,601,21,13
bul_Cyrl,601,22,13
bul_Cyrl,601,23,13
bul_Cyrl,601,24,34
bul_Cyrl,602,0,60
bul_Cyrl,602,1,13
bul_Cyrl,602,2,13
bul_Cyrl,602,3,13
bul_Cyrl,602,4,13
bul_Cyrl,602,5,13
bul_Cyrl,602,6,13
bul_Cyrl,602,7,13
bul_Cyrl,602,8,13
bul_Cyrl,602,9,13
bul_Cyrl,602,10,13
bul_Cyrl,602,11,13
bul_Cyrl,602,12,13
bul_Cyrl,602,13,13
eng_Latn,603,0,60
eng_Latn,603,1,56
eng_Latn,603,2,4
bul_Cyrl,604,0,60
bul_Cyrl,604,1,13
bul_Cyrl,604,2,47
bul_Cyrl,604,3,13
bul_Cyrl,604,4,12
bul_Cyrl,604,5,52
bul_Cyrl,605,0,60
bul_Cyrl,605,1,13
bul_Cyrl,605,2,19
bul_Cyrl,605,3,13
bul_Cyrl,605,4,13
bul_Cyrl,605,5,52
bul_Cyrl,605,6,13
bul_Cyrl,605,7,13
bul_Cyrl,605,8,13
bul_Cyrl,605,9,13
bul_Cyrl,605,10,13
eng_Latn,606,0,60
eng_Latn,606,1,40
eng_Latn,606,2,43
eng_Latn,606,3,57
eng_Latn,606,4,61
eng_Latn,606,5,31
eng_Latn,607,0,60
eng_Latn,607,1,15
eng_Latn,607,2,23
eng_Latn,607,3,48
eng_Latn,607,4,56
eng_Latn,607,5,16
eng_Latn,607,6,54
eng_Latn,607,7,63
eng_Latn,608,0,60
eng_Latn,608,1,35
eng_Latn,608,2,9
eng_Latn,608,3,56
eng_Latn,608,4,41
eng_Latn,608,5,4
eng_Latn,608,6,4
eng_Latn,608,7,14
eng_Latn,608,8,5
eng_Latn,608,9,26
eng_Latn,608,10,26
bul_Cyrl,609,0,60
bul_Cyrl,609,1,13
bul_Cyrl,609,2,13
bul_Cyrl,609,3,13
bul_Cyrl,609,4,13
bul_Cyrl,609,5,13
bul_Cyrl,609,6,13
bul_Cyrl,609,7,13
bul_Cyrl,609,8,13
bul_Cyrl,609,9,52
bul_Cyrl,609,10,13
bul_Cyrl,609,11,13
bul_Cyrl,609,12,13
bul_Cyrl,609,13,13
bul_Cyrl,609,14,13
bul_Cyrl,609,15,13
bul_Cyrl,609,16,13
bul_Cyrl,609,17,13
eng_Latn,610,0,60
eng_Latn,610,1,22
eng_Latn,610,2,61
eng_Latn,610,3,19
eng_Latn,610,4,40
eng_Latn,610,5,53
eng_Latn,610,6,3
eng_Latn,610,7,63
bul_Cyrl,611,0,60
bul_Cyrl,611,1,13
bul_Cyrl,611,2,13
bul_Cyrl,611,3,13
bul_Cyrl,611,4,13
bul_Cyrl,611,5,13
bul_Cyrl,611,6,13
bul_Cyrl,611,7,13
bul_Cyrl,611,8,13
bul_Cyrl,611,9,13
bul_Cyrl,611,10,13
bul_Cyrl,611,11,13
bul_Cyrl,611,12,13
bul_Cyrl,611,13,13
bul_Cyrl,611,14,13
bul_Cyrl,611,15,13
bul_Cyrl,611,16,13
bul_Cyrl,611,17,13
bul_Cyrl,611,18,13
bul_Cyrl,611,19,13
eng_Latn,612,0,60
eng_Latn,612,1,49
eng_Latn,612,2,5
eng_Latn,612,3,26
bul_Cyrl,613,0,60
bul_Cyrl,613,1,13
bul_Cyrl,613,2,13
bul_Cyrl,613,3,13
bul_Cyrl,613,4,13
bul_Cyrl,613,5,13
bul_Cyrl,613,6,13
bul_Cyrl,613,7,13
bul_Cyrl,613,8,13
bul_Cyrl,613,9,27
bul_Cyrl,613,10,13
bul_Cyrl,613,11,13
bul_Cyrl,613,12,13
bul_Cyrl,613,13,13
bul_Cyrl,613,14,13
bul_Cyrl,614,0,60
bul_Cyrl,614,1,13
bul_Cyrl,614,2,47
bul_Cyrl,614,3,13
bul_Cyrl,614,4,13
bul_Cyrl,614,5,13
bul_Cyrl,614,6,13
bul_Cyrl,614,7,13
bul_Cyrl,614,8,13
bul_Cyrl,614,9,13
bul_Cyrl,614,10,13
bul_Cyrl,614,11,13
bul_Cyrl,614,12,13
bul_Cyrl,614,13,13
bul_Cyrl,614,14,13
bul_Cyrl,614,15,13
bul_Cyrl,614,16,13
bul_Cyrl,614,17,13
bul_Cyrl,614,18,13
bul_Cyrl,614,19,13
bul_Cyrl,614,20,13
bul_Cyrl,614,21,13
bul_Cyrl,614,22,13
bul_Cyrl,614,23,13
eng_Latn,615,0,60
eng_Latn,615,1,22
eng_Latn,615,2,9
eng_Latn,615,3,22
eng_Latn,615,4,63
eng_Latn,615,5,56
eng_Latn,615,6,57
eng_Latn,615,7,25
eng_Latn,615,8,8
eng_Latn,616,0,60
eng_Latn,616,1,13
eng_Latn,616,2,6
eng_Latn,616,3,9
eng_Latn,616,4,39
eng_Latn,616,5,40
eng_Latn,616,6,43
eng_Latn,616,7,37
eng_Latn,616,8,57
eng_Latn,616,9,52
eng_Latn,616,10,37
eng_Latn,616,11,52
eng_Latn,617,0,60
eng_Latn,617,1,22
eng_Latn,617,2,9
eng_Latn,617,3,12
eng_Latn,617,4,19
eng_Latn,617,5,15
eng_Latn,617,6,9
eng_Latn,617,7,9
eng_Latn,617,8,22
eng_Latn,617,9,9
eng_Latn,617,10,29
eng_Latn,617,11,51
eng_Latn,617,12,24
eng_Latn,617,13,56
eng_Latn,617,14,47
eng_Latn,617,15,46
eng_Latn,617,16,51
bul_Cyrl,618,0,60
bul_Cyrl,618,1,13
bul_Cyrl,618,2,13
bul_Cyrl,618,3,13
bul_Cyrl,618,4,13
bul_Cyrl,618,5,13
bul_Cyrl,618,6,13
bul_Cyrl,618,7,13
bul_Cyrl,618,8,52
bul_Cyrl,619,0,60
bul_Cyrl,619,1,13
bul_Cyrl,619,2,19
bul_Cyrl,619,3,13
bul_Cyrl,619,4,13
bul_Cyrl,619,5,13
bul_Cyrl,619,6,13
bul_Cyrl,619,7,13
bul_Cyrl,619,8,13
bul_Cyrl,619,9,13
bul_Cyrl,619,10,13
bul_Cyrl,619,11,13
bul_Cyrl,619,12,13
bul_Cyrl,619,13,13
bul_Cyrl,619,14,13
bul_Cyrl,619,15,13
bul_Cyrl,619,16,13
bul_Cyrl,619,17,13
bul_Cyrl,619,18,13
bul_Cyrl,619,19,13
bul_Cyrl,619,20,13
bul_Cyrl,619,21,13
bul_Cyrl,619,22,13
bul_Cyrl,619,23,13
bul_Cyrl,619,24,52
bul_Cyrl,620,0,60
bul_Cyrl,620,1,13
bul_Cyrl,620,2,13
bul_Cyrl,620,3,13
bul_Cyrl,620,4,13
bul_Cyrl,620,5,13
bul_Cyrl,621,0,60
bul_Cyrl,621,1,13
bul_Cyrl,621,2,13
bul_Cyrl,621,3,13
bul_Cyrl,621,4,13
bul_Cyrl,621,5,13
bul_Cyrl,621,6,13
bul_Cyrl,621,7,13
bul_Cyrl,621,8,13
bul_Cyrl,621,9,13
bul_Cyrl,622,0,60
bul_Cyrl,622,1,13
bul_Cyrl,622,2,13
bul_Cyrl,622,3,13
bul_Cyrl,622,4,13
bul_Cyrl,622,5,13
bul_Cyrl,622,6,13
bul_Cyrl,622,7,13
bul_Cyrl,622,8,13
bul_Cyrl,622,9,47
bul_Cyrl,622,10,13
bul_Cyrl,622,11,19
bul_Cyrl,623,0,60
eng_Latn,624,0,60
eng_Latn,624,1,8
eng_Latn,624,2,8
eng_Latn,624,3,34
eng_Latn,624,4,42
eng_Latn,624,5,18
eng_Latn,624,6,16
eng_Latn,625,0,60
eng_Latn,625,1,56
eng_Latn,625,2,37
eng_Latn,625,3,57
eng_Latn,625,4,35
eng_Latn,625,5,57
eng_Latn,625,6,25
eng_Latn,625,7,35
eng_Latn,625,8,57
eng_Latn,625,9,49
eng_Latn,626,0,60
eng_Latn,626,1,56
eng_Latn,626,2,34
eng_Latn,626,3,31
eng_Latn,626,4,20
eng_Latn,626,5,63
eng_Latn,627,0,60
eng_Latn,627,1,45
eng_Latn,627,2,45
eng_Latn,627,3,40
eng_Latn,627,4,40
eng_Latn,627,5,61
eng_Latn,627,6,49
eng_Latn,627,7,56
eng_Latn,627,8,31
bul_Cyrl,628,0,60
bul_Cyrl,628,1,13
bul_Cyrl,628,2,13
bul_Cyrl,628,3,13
bul_Cyrl,628,4,13
bul_Cyrl,628,5,13
bul_Cyrl,628,6,52
bul_Cyrl,628,7,13
bul_Cyrl,628,8,13
bul_Cyrl,628,9,13
bul_Cyrl,628,10,13
bul_Cyrl,628,11,52
bul_Cyrl,628,12,13
bul_Cyrl,628,13,13
bul_Cyrl,628,14,13
bul_Cyrl,628,15,52
bul_Cyrl,628,16,13
bul_Cyrl,628,17,13
bul_Cyrl,628,18,13
bul_Cyrl,628,19,13
bul_Cyrl,628,20,13
bul_Cyrl,628,21,13
bul_Cyrl,628,22,52
bul_Cyrl,628,23,13
bul_Cyrl,628,24,13
bul_Cyrl,628,25,13
bul_Cyrl,628,26,13
bul_Cyrl,628,27,13
eng_Latn,629,0,60
eng_Latn,629,1,22
eng_Latn,629,2,52
eng_Latn,629,3,13
eng_Latn,629,4,52
eng_Latn,629,5,52
bul_Cyrl,630,0,60
bul_Cyrl,630,1,13
bul_Cyrl,630,2,13
bul_Cyrl,630,3,13
bul_Cyrl,630,4,13
bul_Cyrl,630,5,13
bul_Cyrl,630,6,13
bul_Cyrl,630,7,27
bul_Cyrl,630,8,27
bul_Cyrl,630,9,13
bul_Cyrl,630,10,13
bul_Cyrl,630,11,13
bul_Cyrl,630,12,52
bul_Cyrl,630,13,13
bul_Cyrl,630,14,24
bul_Cyrl,630,15,13
bul_Cyrl,630,16,13
bul_Cyrl,630,17,13
bul_Cyrl,630,18,13
bul_Cyrl,630,19,13
eng_Latn,631,0,60
eng_Latn,631,1,49
eng_Latn,631,2,61
eng_Latn,631,3,49
eng_Latn,631,4,9
eng_Latn,631,5,14
eng_Latn,631,6,18
bul_Cyrl,632,0,60
bul_Cyrl,632,1,13
bul_Cyrl,632,2,61
bul_Cyrl,632,3,13
bul_Cyrl,632,4,13
bul_Cyrl,632,5,13
bul_Cyrl,632,6,13
bul_Cyrl,632,7,13
bul_Cyrl,632,8,13
bul_Cyrl,632,9,13
bul_Cyrl,632,10,13
bul_Cyrl,632,11,13
bul_Cyrl,632,12,13
bul_Cyrl,632,13,13
bul_Cyrl,632,14,47
bul_Cyrl,632,15,13
bul_Cyrl,632,16,13
bul_Cyrl,633,0,60
bul_Cyrl,633,1,13
bul_Cyrl,633,2,13
bul_Cyrl,633,3,13
bul_Cyrl,633,4,13
eng_Latn,634,0,60
eng_Latn,634,1,41
eng_Latn,634,2,15
eng_Latn,634,3,48
eng_Latn,634,4,56
eng_Latn,634,5,57
eng_Latn,634,6,24
eng_Latn,634,7,37
eng_Latn,634,8,37
eng_Latn,634,9,3
bul_Cyrl,635,0,60
bul_Cyrl,635,1,13
bul_Cyrl,635,2,13
bul_Cyrl,635,3,13
bul_Cyrl,635,4,13
bul_Cyrl,635,5,13
bul_Cyrl,635,6,13
bul_Cyrl,635,7,13
bul_Cyrl,635,8,13
bul_Cyrl,635,9,13
bul_Cyrl,635,10,13
bul_Cyrl,635,11,13
bul_Cyrl,635,12,13
bul_Cyrl,635,13,13
bul_Cyrl,635,14,13
bul_Cyrl,635,15,13
bul_Cyrl,635,16,13
bul_Cyrl,635,17,13
bul_Cyrl,635,18,13
bul_Cyrl,635,19,13
bul_Cyrl,636,0,60
bul_Cyrl,636,1,13
bul_Cyrl,636,2,13
bul_Cyrl,636,3,13
bul_Cyrl,636,4,13
bul_Cyrl,636,5,1
bul_Cyrl,636,6,13
bul_Cyrl,636,7,13
bul_Cyrl,636,8,13
bul_Cyrl,636,9,13
bul_Cyrl,636,10,13
bul_Cyrl,636,11,13
bul_Cyrl,636,12,13
bul_Cyrl,636,13,13
bul_Cyrl,636,14,13
bul_Cyrl,636,15,13
bul_Cyrl,636,16,13
bul_Cyrl,636,17,13
bul_Cyrl,636,18,13
bul_Cyrl,636,19,13
bul_Cyrl,636,20,1
bul_Cyrl,636,21,13
bul_Cyrl,636,22,13
bul_Cyrl,636,23,13
bul_Cyrl,636,24,13
eng_Latn,637,0,60
eng_Latn,637,1,17
eng_Latn,637,2,9
eng_Latn,637,3,56
eng_Latn,637,4,54
eng_Latn,637,5,18
eng_Latn,637,6,9
eng_Latn,637,7,56
eng_Latn,637,8,16
eng_Latn,637,9,51
eng_Latn,638,0,60
eng_Latn,638,1,13
eng_Latn,638,2,13
eng_Latn,638,3,5
eng_Latn,638,4,7
eng_Latn,639,0,60
eng_Latn,639,1,22
eng_Latn,639,2,52
eng_Latn,639,3,46
eng_Latn,639,4,3
eng_Latn,639,5,57
eng_Latn,639,6,49
bul_Cyrl,640,0,60
bul_Cyrl,640,1,13
bul_Cyrl,640,2,13
bul_Cyrl,640,3,13
bul_Cyrl,640,4,13
bul_Cyrl,640,5,13
bul_Cyrl,640,6,13
bul_Cyrl,640,7,13
bul_Cyrl,640,8,13
bul_Cyrl,640,9,13
bul_Cyrl,640,10,13
bul_Cyrl,640,11,13
bul_Cyrl,640,12,13
bul_Cyrl,640,13,13
bul_Cyrl,640,14,13
bul_Cyrl,640,15,52
bul_Cyrl,640,16,47
bul_Cyrl,640,17,13
bul_Cyrl,640,18,13
bul_Cyrl,640,19,13
eng_Latn,641,0,60
eng_Latn,641,1,22
eng_Latn,641,2,22
eng_Latn,641,3,12
eng_Latn,641,4,29
eng_Latn,641,5,22
bul_Cyrl,642,0,60
bul_Cyrl,642,1,13
bul_Cyrl,642,2,13
bul_Cyrl,642,3,13
bul_Cyrl,642,4,13
bul_Cyrl,642,5,13
bul_Cyrl,642,6,13
bul_Cyrl,642,7,13
bul_Cyrl,642,8,13
bul_Cyrl,642,9,13
eng_Latn,643,0,60
eng_Latn,643,1,9
eng_Latn,643,2,56
eng_Latn,643,3,41
eng_Latn,643,4,17
eng_Latn,643,5,20
eng_Latn,643,6,57
eng_Latn,643,7,15
eng_Latn,643,8,16
eng_Latn,643,9,8
eng_Latn,643,10,8
eng_Latn,643,11,15
bul_Cyrl,644,0,60
bul_Cyrl,644,1,13
bul_Cyrl,644,2,13
bul_Cyrl,644,3,13
bul_Cyrl,644,4,13
bul_Cyrl,644,5,1
eng_Latn,645,0,60
eng_Latn,645,1,52
eng_Latn,645,2,18
eng_Latn,645,3,16
eng_Latn,645,4,18
eng_Latn,645,5,16
eng_Latn,645,6,34
eng_Latn,645,7,56
eng_Latn,645,8,33
eng_Latn,645,9,26
eng_Latn,645,10,40
eng_Latn,645,11,13
bul_Cyrl,646,0,60
bul_Cyrl,646,1,13
bul_Cyrl,646,2,13
bul_Cyrl,646,3,13
bul_Cyrl,646,4,13
bul_Cyrl,646,5,13
bul_Cyrl,646,6,13
bul_Cyrl,646,7,13
bul_Cyrl,646,8,13
bul_Cyrl,646,9,13
bul_Cyrl,646,10,13
bul_Cyrl,646,11,13
bul_Cyrl,646,12,13
bul_Cyrl,646,13,13
bul_Cyrl,646,14,13
bul_Cyrl,646,15,13
bul_Cyrl,646,16,13
bul_Cyrl,646,17,13
bul_Cyrl,646,18,13
bul_Cyrl,647,0,60
bul_Cyrl,647,1,13
bul_Cyrl,647,2,13
bul_Cyrl,647,3,61
bul_Cyrl,647,4,13
bul_Cyrl,647,5,13
bul_Cyrl,647,6,13
bul_Cyrl,647,7,13
bul_Cyrl,647,8,13
bul_Cyrl,647,9,13
bul_Cyrl,647,10,13
bul_Cyrl,647,11,13
bul_Cyrl,648,0,60
bul_Cyrl,648,1,13
bul_Cyrl,648,2,13
bul_Cyrl,648,3,13
bul_Cyrl,648,4,1
bul_Cyrl,648,5,61
bul_Cyrl,648,6,13
bul_Cyrl,648,7,13
bul_Cyrl,648,8,13
bul_Cyrl,648,9,13
bul_Cyrl,648,10,13
bul_Cyrl,648,11,13
bul_Cyrl,648,12,13
bul_Cyrl,648,13,13
bul_Cyrl,648,14,13
bul_Cyrl,648,15,13
bul_Cyrl,648,16,13
bul_Cyrl,649,0,60
bul_Cyrl,649,1,13
bul_Cyrl,649,2,13
bul_Cyrl,649,3,13
bul_Cyrl,649,4,13
bul_Cyrl,649,5,13
bul_Cyrl,649,6,13
bul_Cyrl,649,7,13
bul_Cyrl,649,8,13
bul_Cyrl,649,9,13
bul_Cyrl,649,10,13
bul_Cyrl,649,11,13
bul_Cyrl,649,12,13
bul_Cyrl,649,13,13
bul_Cyrl,649,14,13
bul_Cyrl,649,15,13
bul_Cyrl,649,16,13
bul_Cyrl,649,17,13
bul_Cyrl,650,0,60
bul_Cyrl,650,1,13
bul_Cyrl,650,2,13
bul_Cyrl,650,3,13
bul_Cyrl,650,4,13
bul_Cyrl,650,5,13
bul_Cyrl,650,6,13
bul_Cyrl,650,7,13
bul_Cyrl,650,8,13
bul_Cyrl,650,9,13
bul_Cyrl,650,10,47
bul_Cyrl,650,11,13
bul_Cyrl,650,12,13
bul_Cyrl,650,13,13
bul_Cyrl,650,14,13
bul_Cyrl,650,15,19
bul_Cyrl,650,16,19
bul_Cyrl,650,17,13
bul_Cyrl,650,18,13
bul_Cyrl,650,19,13
bul_Cyrl,651,0,60
bul_Cyrl,651,1,13
bul_Cyrl,651,2,13
bul_Cyrl,651,3,13
bul_Cyrl,651,4,13
bul_Cyrl,651,5,13
bul_Cyrl,651,6,13
bul_Cyrl,651,7,13
bul_Cyrl,651,8,13
bul_Cyrl,651,9,13
bul_Cyrl,651,10,13
bul_Cyrl,651,11,13
bul_Cyrl,651,12,13
bul_Cyrl,651,13,13
bul_Cyrl,651,14,13
bul_Cyrl,651,15,13
bul_Cyrl,651,16,13
bul_Cyrl,651,17,13
eng_Latn,652,0,60
eng_Latn,652,1,16
eng_Latn,652,2,59
eng_Latn,652,3,19
eng_Latn,652,4,17
eng_Latn,652,5,53
eng_Latn,652,6,46
eng_Latn,653,0,60
eng_Latn,653,1,22
eng_Latn,653,2,16
eng_Latn,653,3,20
eng_Latn,653,4,41
eng_Latn,653,5,34
eng_Latn,653,6,34
eng_Latn,654,0,60
eng_Latn,654,1,19
eng_Latn,654,2,13
eng_Latn,654,3,5
eng_Latn,654,4,47
bul_Cyrl,655,0,60
bul_Cyrl,655,1,58
bul_Cyrl,655,2,52
bul_Cyrl,655,3,13
bul_Cyrl,655,4,13
bul_Cyrl,655,5,13
bul_Cyrl,655,6,13
bul_Cyrl,655,7,13
bul_Cyrl,655,8,13
bul_Cyrl,655,9,13
bul_Cyrl,655,10,13
eng_Latn,656,0,60
eng_Latn,656,1,41
eng_Latn,656,2,49
eng_Latn,656,3,37
eng_Latn,656,4,20
eng_Latn,656,5,44
bul_Cyrl,657,0,60
bul_Cyrl,657,1,13
bul_Cyrl,657,2,13
bul_Cyrl,657,3,13
bul_Cyrl,657,4,13
bul_Cyrl,657,5,13
bul_Cyrl,657,6,13
bul_Cyrl,657,7,13
bul_Cyrl,657,8,13
bul_Cyrl,657,9,13
bul_Cyrl,657,10,13
bul_Cyrl,657,11,13
bul_Cyrl,657,12,13
bul_Cyrl,657,13,13
bul_Cyrl,657,14,13
bul_Cyrl,657,15,13
bul_Cyrl,657,16,13
bul_Cyrl,658,0,60
bul_Cyrl,658,1,13
bul_Cyrl,658,2,13
bul_Cyrl,658,3,13
bul_Cyrl,658,4,13
bul_Cyrl,658,5,13
bul_Cyrl,658,6,13
bul_Cyrl,658,7,13
bul_Cyrl,658,8,13
bul_Cyrl,658,9,13
bul_Cyrl,658,10,13
bul_Cyrl,658,11,13
bul_Cyrl,658,12,13
bul_Cyrl,658,13,13
bul_Cyrl,658,14,13
bul_Cyrl,658,15,13
bul_Cyrl,658,16,13
bul_Cyrl,658,17,13
bul_Cyrl,658,18,13
bul_Cyrl,658,19,13
bul_Cyrl,659,0,60
bul_Cyrl,659,1,13
bul_Cyrl,659,2,13
bul_Cyrl,659,3,13
bul_Cyrl,659,4,13
bul_Cyrl,659,5,13
bul_Cyrl,659,6,13
bul_Cyrl,659,7,13
bul_Cyrl,659,8,13
bul_Cyrl,659,9,13
bul_Cyrl,659,10,47
bul_Cyrl,659,11,13
bul_Cyrl,659,12,13
bul_Cyrl,659,13,13
bul_Cyrl,659,14,13
bul_Cyrl,659,15,13
bul_Cyrl,659,16,13
bul_Cyrl,659,17,13
bul_Cyrl,659,18,13
bul_Cyrl,659,19,13
bul_Cyrl,659,20,13
bul_Cyrl,659,21,13
bul_Cyrl,659,22,13
bul_Cyrl,659,23,13
bul_Cyrl,659,24,13
bul_Cyrl,659,25,13
bul_Cyrl,660,0,60
bul_Cyrl,660,1,13
bul_Cyrl,660,2,13
bul_Cyrl,660,3,13
bul_Cyrl,660,4,13
bul_Cyrl,660,5,13
bul_Cyrl,660,6,13
bul_Cyrl,660,7,13
bul_Cyrl,660,8,13
bul_Cyrl,660,9,13
bul_Cyrl,660,10,13
bul_Cyrl,660,11,13
bul_Cyrl,660,12,13
bul_Cyrl,660,13,13
bul_Cyrl,660,14,13
bul_Cyrl,660,15,13
bul_Cyrl,660,16,13
bul_Cyrl,660,17,13
bul_Cyrl,660,18,13
bul_Cyrl,660,19,13
bul_Cyrl,660,20,13
bul_Cyrl,661,0,60
bul_Cyrl,661,1,13
bul_Cyrl,661,2,13
bul_Cyrl,661,3,13
bul_Cyrl,661,4,13
bul_Cyrl,661,5,13
bul_Cyrl,661,6,13
bul_Cyrl,661,7,13
bul_Cyrl,661,8,13
bul_Cyrl,661,9,13
bul_Cyrl,661,10,52
bul_Cyrl,661,11,52
bul_Cyrl,661,12,13
bul_Cyrl,661,13,13
bul_Cyrl,661,14,13
bul_Cyrl,661,15,13
bul_Cyrl,661,16,13
bul_Cyrl,661,17,13
bul_Cyrl,661,18,19
bul_Cyrl,661,19,13
bul_Cyrl,661,20,13
bul_Cyrl,661,21,13
bul_Cyrl,661,22,34
bul_Cyrl,661,23,13
bul_Cyrl,661,24,13
bul_Cyrl,661,25,13
bul_Cyrl,661,26,13
bul_Cyrl,661,27,13
bul_Cyrl,661,28,13
bul_Cyrl,662,0,60
bul_Cyrl,662,1,13
bul_Cyrl,662,2,13
bul_Cyrl,662,3,13
bul_Cyrl,662,4,13
bul_Cyrl,662,5,13
bul_Cyrl,662,6,13
bul_Cyrl,662,7,13
bul_Cyrl,662,8,13
bul_Cyrl,662,9,13
bul_Cyrl,662,10,13
bul_Cyrl,662,11,39
bul_Cyrl,662,12,39
bul_Cyrl,662,13,9
bul_Cyrl,662,14,13
bul_Cyrl,662,15,13
bul_Cyrl,662,16,13
eng_Latn,663,0,60
eng_Latn,663,1,48
eng_Latn,663,2,56
eng_Latn,663,3,16
eng_Latn,663,4,16
eng_Latn,663,5,53
eng_Latn,663,6,1
eng_Latn,663,7,61
eng_Latn,663,8,49
eng_Latn,663,9,49
eng_Latn,664,0,60
eng_Latn,664,1,15
eng_Latn,664,2,16
eng_Latn,665,0,60
eng_Latn,665,1,22
eng_Latn,665,2,47
eng_Latn,665,3,40
eng_Latn,665,4,49
eng_Latn,666,0,60
eng_Latn,666,1,9
eng_Latn,666,2,27
eng_Latn,666,3,9
eng_Latn,666,4,56
eng_Latn,666,5,35
eng_Latn,666,6,17
eng_Latn,666,7,51
bul_Cyrl,667,0,60
bul_Cyrl,667,1,13
bul_Cyrl,667,2,13
bul_Cyrl,667,3,13
bul_Cyrl,667,4,13
bul_Cyrl,667,5,13
bul_Cyrl,667,6,13
bul_Cyrl,667,7,13
bul_Cyrl,667,8,13
bul_Cyrl,667,9,13
bul_Cyrl,668,0,60
bul_Cyrl,668,1,13
bul_Cyrl,668,2,13
bul_Cyrl,668,3,13
bul_Cyrl,668,4,13
bul_Cyrl,668,5,13
bul_Cyrl,668,6,13
bul_Cyrl,668,7,13
bul_Cyrl,668,8,13
bul_Cyrl,668,9,13
bul_Cyrl,668,10,13
bul_Cyrl,668,11,13
bul_Cyrl,668,12,13
bul_Cyrl,668,13,13
bul_Cyrl,668,14,13
bul_Cyrl,668,15,13
bul_Cyrl,668,16,13
bul_Cyrl,668,17,13
bul_Cyrl,668,18,13
bul_Cyrl,668,19,13
bul_Cyrl,668,20,13
bul_Cyrl,668,21,13
bul_Cyrl,668,22,13
bul_Cyrl,668,23,13
bul_Cyrl,668,24,13
bul_Cyrl,668,25,13
bul_Cyrl,669,0,60
bul_Cyrl,669,1,13
bul_Cyrl,669,2,13
bul_Cyrl,669,3,13
bul_Cyrl,669,4,13
bul_Cyrl,669,5,13
bul_Cyrl,669,6,13
bul_Cyrl,669,7,13
bul_Cyrl,669,8,13
bul_Cyrl,669,9,13
bul_Cyrl,669,10,13
bul_Cyrl,669,11,13
eng_Latn,670,0,60
eng_Latn,670,1,17
eng_Latn,670,2,33
eng_Latn,670,3,38
eng_Latn,670,4,33
eng_Latn,670,5,33
eng_Latn,670,6,33
eng_Latn,670,7,33
eng_Latn,670,8,33
bul_Cyrl,671,0,60
bul_Cyrl,671,1,13
bul_Cyrl,671,2,13
bul_Cyrl,671,3,13
bul_Cyrl,671,4,13
bul_Cyrl,671,5,13
bul_Cyrl,671,6,13
bul_Cyrl,671,7,13
bul_Cyrl,671,8,13
bul_Cyrl,671,9,13
bul_Cyrl,671,10,13
bul_Cyrl,671,11,13
bul_Cyrl,671,12,13
bul_Cyrl,671,13,19
bul_Cyrl,671,14,13
bul_Cyrl,672,0,60
bul_Cyrl,672,1,13
bul_Cyrl,672,2,12
bul_Cyrl,672,3,52
bul_Cyrl,672,4,13
bul_Cyrl,672,5,47
bul_Cyrl,672,6,13
bul_Cyrl,672,7,13
bul_Cyrl,672,8,52
bul_Cyrl,672,9,47
eng_Latn,673,0,60
eng_Latn,673,1,40
eng_Latn,673,2,40
eng_Latn,673,3,59
eng_Latn,673,4,19
eng_Latn,673,5,48
eng_Latn,673,6,62
eng_Latn,673,7,46
eng_Latn,673,8,57
eng_Latn,673,9,62
eng_Latn,674,0,60
eng_Latn,674,1,58
eng_Latn,674,2,52
eng_Latn,674,3,52
eng_Latn,674,4,1
eng_Latn,674,5,57
eng_Latn,674,6,31
eng_Latn,674,7,16
eng_Latn,674,8,16
eng_Latn,674,9,16
bul_Cyrl,675,0,60
bul_Cyrl,675,1,13
bul_Cyrl,675,2,13
bul_Cyrl,675,3,13
bul_Cyrl,675,4,13
bul_Cyrl,675,5,13
bul_Cyrl,675,6,13
bul_Cyrl,675,7,13
bul_Cyrl,675,8,13
bul_Cyrl,675,9,13
bul_Cyrl,675,10,13
bul_Cyrl,675,11,47
bul_Cyrl,675,12,13
bul_Cyrl,675,13,13
bul_Cyrl,675,14,9
bul_Cyrl,675,15,52
eng_Latn,676,0,60
eng_Latn,676,1,18
eng_Latn,676,2,18
eng_Latn,676,3,20
eng_Latn,676,4,28
eng_Latn,676,5,34
eng_Latn,676,6,34
bul_Cyrl,677,0,60
bul_Cyrl,677,1,13
bul_Cyrl,677,2,13
bul_Cyrl,677,3,13
bul_Cyrl,677,4,13
bul_Cyrl,677,5,13
bul_Cyrl,677,6,13
bul_Cyrl,677,7,13
bul_Cyrl,677,8,13
bul_Cyrl,677,9,13
bul_Cyrl,677,10,13
bul_Cyrl,677,11,13
bul_Cyrl,677,12,13
bul_Cyrl,678,0,60
bul_Cyrl,678,1,13
bul_Cyrl,678,2,13
bul_Cyrl,678,3,13
bul_Cyrl,678,4,9
bul_Cyrl,678,5,13
bul_Cyrl,678,6,13
bul_Cyrl,678,7,13
bul_Cyrl,678,8,13
bul_Cyrl,678,9,13
bul_Cyrl,679,0,60
bul_Cyrl,679,1,13
bul_Cyrl,679,2,13
bul_Cyrl,679,3,13
bul_Cyrl,679,4,13
bul_Cyrl,679,5,13
bul_Cyrl,679,6,13
bul_Cyrl,679,7,13
bul_Cyrl,679,8,13
bul_Cyrl,679,9,13
bul_Cyrl,679,10,13
bul_Cyrl,679,11,13
bul_Cyrl,679,12,13
bul_Cyrl,679,13,13
bul_Cyrl,679,14,13
bul_Cyrl,680,0,60
bul_Cyrl,680,1,19
bul_Cyrl,680,2,40
bul_Cyrl,680,3,8
bul_Cyrl,680,4,61
bul_Cyrl,680,5,1
bul_Cyrl,680,6,1
bul_Cyrl,680,7,33
bul_Cyrl,680,8,47
bul_Cyrl,680,9,1
bul_Cyrl,680,10,47
bul_Cyrl,680,11,1
bul_Cyrl,680,12,33
bul_Cyrl,680,13,13
bul_Cyrl,680,14,13
bul_Cyrl,680,15,60
eng_Latn,681,0,60
eng_Latn,681,1,11
eng_Latn,681,2,22
eng_Latn,681,3,63
eng_Latn,681,4,60
eng_Latn,681,5,14
eng_Latn,681,6,40
eng_Latn,681,7,60
bul_Cyrl,682,0,60
bul_Cyrl,682,1,13
bul_Cyrl,682,2,13
bul_Cyrl,682,3,13
bul_Cyrl,682,4,13
bul_Cyrl,682,5,13
bul_Cyrl,682,6,13
bul_Cyrl,682,7,13
bul_Cyrl,682,8,13
bul_Cyrl,682,9,13
bul_Cyrl,682,10,13
bul_Cyrl,682,11,13
bul_Cyrl,682,12,13
bul_Cyrl,682,13,1
bul_Cyrl,682,14,13
bul_Cyrl,682,15,13
bul_Cyrl,683,0,60
bul_Cyrl,683,1,13
bul_Cyrl,683,2,13
bul_Cyrl,683,3,13
bul_Cyrl,683,4,13
bul_Cyrl,683,5,52
bul_Cyrl,683,6,13
bul_Cyrl,684,0,60
bul_Cyrl,684,1,13
bul_Cyrl,684,2,13
bul_Cyrl,684,3,13
bul_Cyrl,684,4,13
bul_Cyrl,684,5,13
bul_Cyrl,684,6,13
bul_Cyrl,684,7,13
bul_Cyrl,684,8,13
bul_Cyrl,684,9,13
bul_Cyrl,684,10,13
bul_Cyrl,684,11,13
bul_Cyrl,684,12,13
bul_Cyrl,684,13,13
bul_Cyrl,684,14,13
bul_Cyrl,684,15,13
bul_Cyrl,685,0,60
bul_Cyrl,685,1,19
bul_Cyrl,685,2,39
bul_Cyrl,686,0,60
bul_Cyrl,686,1,13
bul_Cyrl,686,2,13
bul_Cyrl,686,3,13
bul_Cyrl,686,4,13
bul_Cyrl,686,5,13
bul_Cyrl,686,6,13
bul_Cyrl,686,7,13
bul_Cyrl,686,8,13
bul_Cyrl,686,9,13
bul_Cyrl,686,10,13
bul_Cyrl,686,11,13
bul_Cyrl,686,12,47
bul_Cyrl,686,13,13
bul_Cyrl,686,14,13
bul_Cyrl,686,15,13
bul_Cyrl,686,16,13
bul_Cyrl,686,17,13
bul_Cyrl,686,18,13
bul_Cyrl,686,19,13
bul_Cyrl,686,20,13
bul_Cyrl,686,21,13
bul_Cyrl,686,22,13
bul_Cyrl,686,23,1
bul_Cyrl,686,24,19
bul_Cyrl,686,25,19
bul_Cyrl,686,26,13
bul_Cyrl,686,27,13
eng_Latn,687,0,60
eng_Latn,687,1,22
eng_Latn,687,2,22
eng_Latn,687,3,49
eng_Latn,687,4,34
bul_Cyrl,688,0,60
bul_Cyrl,688,1,13
bul_Cyrl,688,2,13
bul_Cyrl,688,3,13
bul_Cyrl,688,4,13
bul_Cyrl,688,5,13
bul_Cyrl,688,6,19
bul_Cyrl,688,7,13
bul_Cyrl,688,8,13
bul_Cyrl,688,9,13
bul_Cyrl,688,10,13
bul_Cyrl,688,11,13
bul_Cyrl,688,12,13
bul_Cyrl,688,13,13
bul_Cyrl,688,14,13
bul_Cyrl,688,15,13
bul_Cyrl,688,16,13
bul_Cyrl,688,17,13
bul_Cyrl,688,18,13
bul_Cyrl,688,19,13
bul_Cyrl,688,20,13
bul_Cyrl,688,21,13
bul_Cyrl,688,22,13
bul_Cyrl,688,23,52
bul_Cyrl,689,0,60
bul_Cyrl,689,1,13
bul_Cyrl,689,2,13
bul_Cyrl,689,3,13
bul_Cyrl,689,4,13
bul_Cyrl,689,5,13
bul_Cyrl,689,6,13
bul_Cyrl,689,7,13
bul_Cyrl,689,8,13
bul_Cyrl,689,9,13
bul_Cyrl,689,10,13
bul_Cyrl,689,11,13
bul_Cyrl,689,12,13
bul_Cyrl,689,13,13
bul_Cyrl,689,14,13
bul_Cyrl,689,15,13
bul_Cyrl,689,16,13
bul_Cyrl,690,0,60
bul_Cyrl,690,1,13
bul_Cyrl,690,2,13
bul_Cyrl,690,3,13
bul_Cyrl,690,4,13
bul_Cyrl,690,5,13
bul_Cyrl,690,6,13
bul_Cyrl,690,7,13
bul_Cyrl,690,8,13
bul_Cyrl,690,9,13
bul_Cyrl,690,10,13
bul_Cyrl,690,11,13
bul_Cyrl,690,12,13
bul_Cyrl,690,13,13
bul_Cyrl,690,14,13
bul_Cyrl,690,15,13
bul_Cyrl,690,16,13
bul_Cyrl,690,17,13
bul_Cyrl,691,0,60
bul_Cyrl,691,1,13
bul_Cyrl,691,2,13
bul_Cyrl,691,3,13
bul_Cyrl,691,4,13
bul_Cyrl,691,5,13
bul_Cyrl,691,6,13
bul_Cyrl,691,7,13
bul_Cyrl,691,8,13
bul_Cyrl,691,9,13
bul_Cyrl,691,10,13
bul_Cyrl,691,11,13
bul_Cyrl,691,12,13
bul_Cyrl,691,13,13
bul_Cyrl,691,14,13
bul_Cyrl,691,15,13
bul_Cyrl,691,16,13
bul_Cyrl,691,17,13
bul_Cyrl,691,18,13
bul_Cyrl,691,19,13
bul_Cyrl,691,20,13
bul_Cyrl,691,21,13
bul_Cyrl,692,0,60
bul_Cyrl,692,1,13
bul_Cyrl,692,2,13
bul_Cyrl,692,3,13
bul_Cyrl,692,4,13
bul_Cyrl,693,0,60
bul_Cyrl,693,1,13
bul_Cyrl,693,2,13
bul_Cyrl,693,3,13
bul_Cyrl,693,4,13
bul_Cyrl,693,5,13
bul_Cyrl,693,6,13
bul_Cyrl,693,7,13
bul_Cyrl,693,8,13
bul_Cyrl,693,9,13
bul_Cyrl,693,10,13
bul_Cyrl,693,11,13
bul_Cyrl,693,12,13
bul_Cyrl,693,13,13
bul_Cyrl,693,14,13
bul_Cyrl,693,15,13
bul_Cyrl,693,16,13
bul_Cyrl,693,17,13
bul_Cyrl,693,18,13
bul_Cyrl,693,19,13
bul_Cyrl,693,20,52
bul_Cyrl,694,0,60
bul_Cyrl,694,1,13
bul_Cyrl,694,2,13
bul_Cyrl,694,3,13
bul_Cyrl,694,4,13
bul_Cyrl,694,5,13
bul_Cyrl,694,6,13
bul_Cyrl,694,7,13
bul_Cyrl,694,8,13
bul_Cyrl,694,9,13
bul_Cyrl,694,10,13
bul_Cyrl,694,11,13
bul_Cyrl,694,12,13
bul_Cyrl,694,13,9
bul_Cyrl,694,14,13
bul_Cyrl,694,15,13
bul_Cyrl,694,16,13
bul_Cyrl,694,17,13
bul_Cyrl,694,18,13
bul_Cyrl,694,19,13
bul_Cyrl,694,20,13
bul_Cyrl,694,21,13
bul_Cyrl,694,22,13
bul_Cyrl,694,23,13
bul_Cyrl,694,24,13
bul_Cyrl,694,25,13
bul_Cyrl,694,26,52
bul_Cyrl,694,27,13
bul_Cyrl,694,28,52
bul_Cyrl,694,29,13
bul_Cyrl,694,30,52
bul_Cyrl,694,31,13
eng_Latn,695,0,60
eng_Latn,695,1,12
eng_Latn,695,2,42
eng_Latn,695,3,22
eng_Latn,695,4,27
eng_Latn,695,5,49
eng_Latn,695,6,9
eng_Latn,695,7,40
bul_Cyrl,696,0,60
bul_Cyrl,696,1,13
bul_Cyrl,696,2,13
bul_Cyrl,696,3,13
bul_Cyrl,696,4,13
bul_Cyrl,696,5,13
bul_Cyrl,696,6,13
bul_Cyrl,696,7,13
bul_Cyrl,696,8,13
bul_Cyrl,696,9,13
bul_Cyrl,696,10,13
bul_Cyrl,696,11,13
bul_Cyrl,696,12,61
bul_Cyrl,696,13,13
bul_Cyrl,697,0,60
bul_Cyrl,697,1,57
bul_Cyrl,697,2,13
bul_Cyrl,697,3,13
bul_Cyrl,697,4,13
bul_Cyrl,697,5,13
bul_Cyrl,697,6,13
bul_Cyrl,697,7,12
bul_Cyrl,697,8,13
bul_Cyrl,697,9,13
bul_Cyrl,697,10,13
bul_Cyrl,697,11,13
bul_Cyrl,697,12,13
bul_Cyrl,698,0,60
bul_Cyrl,698,1,13
bul_Cyrl,698,2,13
bul_Cyrl,698,3,13
bul_Cyrl,698,4,13
bul_Cyrl,698,5,13
bul_Cyrl,698,6,13
bul_Cyrl,698,7,13
bul_Cyrl,698,8,13
bul_Cyrl,698,9,13
bul_Cyrl,698,10,13
bul_Cyrl,698,11,13
bul_Cyrl,698,12,13
bul_Cyrl,698,13,13
bul_Cyrl,698,14,52
eng_Latn,699,0,60
eng_Latn,699,1,57
eng_Latn,699,2,56
eng_Latn,699,3,53
eng_Latn,699,4,4
eng_Latn,699,5,34
bul_Cyrl,700,0,60
bul_Cyrl,700,1,13
bul_Cyrl,700,2,13
bul_Cyrl,700,3,13
bul_Cyrl,700,4,13
bul_Cyrl,700,5,13
bul_Cyrl,700,6,13
bul_Cyrl,700,7,13
bul_Cyrl,700,8,13
bul_Cyrl,700,9,13
bul_Cyrl,700,10,13
bul_Cyrl,700,11,13
bul_Cyrl,700,12,13
bul_Cyrl,700,13,13
bul_Cyrl,700,14,13
bul_Cyrl,700,15,13
bul_Cyrl,700,16,13
bul_Cyrl,700,17,13
bul_Cyrl,700,18,1
bul_Cyrl,700,19,13
bul_Cyrl,700,20,13
bul_Cyrl,700,21,13
bul_Cyrl,700,22,13
bul_Cyrl,701,0,60
bul_Cyrl,701,1,8
bul_Cyrl,701,2,19
bul_Cyrl,701,3,33
bul_Cyrl,701,4,12
bul_Cyrl,701,5,8
bul_Cyrl,701,6,61
bul_Cyrl,701,7,19
bul_Cyrl,701,8,13
bul_Cyrl,701,9,13
bul_Cyrl,701,10,13
bul_Cyrl,701,11,13
bul_Cyrl,701,12,13
bul_Cyrl,701,13,13
bul_Cyrl,701,14,13
bul_Cyrl,701,15,13
bul_Cyrl,701,16,13
bul_Cyrl,701,17,13
bul_Cyrl,701,18,13
bul_Cyrl,701,19,13
bul_Cyrl,702,0,60
bul_Cyrl,702,1,13
bul_Cyrl,702,2,13
bul_Cyrl,702,3,13
bul_Cyrl,702,4,13
bul_Cyrl,702,5,13
bul_Cyrl,702,6,13
bul_Cyrl,702,7,52
bul_Cyrl,702,8,13
bul_Cyrl,702,9,13
bul_Cyrl,702,10,13
bul_Cyrl,702,11,13
bul_Cyrl,702,12,13
bul_Cyrl,702,13,13
bul_Cyrl,702,14,13
bul_Cyrl,702,15,13
bul_Cyrl,702,16,13
bul_Cyrl,702,17,13
bul_Cyrl,702,18,13
bul_Cyrl,702,19,13
bul_Cyrl,702,20,13
bul_Cyrl,702,21,13
bul_Cyrl,702,22,13
eng_Latn,703,0,60
eng_Latn,703,1,9
eng_Latn,703,2,22
eng_Latn,703,3,20
eng_Latn,703,4,38
eng_Latn,703,5,10
eng_Latn,703,6,4
eng_Latn,703,7,29
eng_Latn,703,8,34
bul_Cyrl,704,0,60
bul_Cyrl,704,1,13
bul_Cyrl,704,2,13
bul_Cyrl,704,3,13
bul_Cyrl,704,4,13
bul_Cyrl,704,5,13
bul_Cyrl,704,6,13
bul_Cyrl,704,7,13
bul_Cyrl,704,8,13
bul_Cyrl,704,9,19
bul_Cyrl,704,10,13
bul_Cyrl,704,11,13
bul_Cyrl,704,12,13
bul_Cyrl,704,13,13
eng_Latn,705,0,60
eng_Latn,705,1,11
eng_Latn,705,2,13
eng_Latn,705,3,52
eng_Latn,705,4,13
eng_Latn,705,5,58
bul_Cyrl,706,0,60
bul_Cyrl,706,1,13
bul_Cyrl,706,2,13
bul_Cyrl,706,3,13
bul_Cyrl,706,4,13
bul_Cyrl,706,5,13
bul_Cyrl,706,6,13
bul_Cyrl,706,7,61
bul_Cyrl,706,8,13
bul_Cyrl,706,9,13
bul_Cyrl,706,10,13
bul_Cyrl,706,11,13
bul_Cyrl,706,12,13
bul_Cyrl,706,13,13
bul_Cyrl,706,14,13
bul_Cyrl,706,15,13
bul_Cyrl,706,16,13
bul_Cyrl,706,17,13
bul_Cyrl,706,18,13
bul_Cyrl,706,19,13
bul_Cyrl,706,20,13
bul_Cyrl,706,21,13
bul_Cyrl,707,0,60
bul_Cyrl,707,1,13
bul_Cyrl,707,2,13
bul_Cyrl,707,3,13
bul_Cyrl,707,4,13
bul_Cyrl,707,5,13
bul_Cyrl,707,6,13
bul_Cyrl,707,7,13
bul_Cyrl,707,8,13
bul_Cyrl,707,9,13
bul_Cyrl,707,10,13
bul_Cyrl,707,11,13
bul_Cyrl,707,12,13
bul_Cyrl,707,13,13
bul_Cyrl,707,14,13
bul_Cyrl,707,15,13
bul_Cyrl,707,16,13
bul_Cyrl,708,0,60
bul_Cyrl,708,1,13
bul_Cyrl,708,2,13
bul_Cyrl,708,3,13
bul_Cyrl,708,4,13
bul_Cyrl,708,5,13
bul_Cyrl,708,6,13
bul_Cyrl,708,7,13
bul_Cyrl,708,8,13
bul_Cyrl,708,9,13
bul_Cyrl,708,10,13
bul_Cyrl,708,11,13
bul_Cyrl,708,12,13
bul_Cyrl,708,13,13
bul_Cyrl,708,14,13
bul_Cyrl,708,15,13
bul_Cyrl,708,16,13
bul_Cyrl,708,17,13
bul_Cyrl,708,18,13
bul_Cyrl,708,19,13
bul_Cyrl,708,20,13
bul_Cyrl,708,21,13
bul_Cyrl,708,22,13
bul_Cyrl,708,23,13
bul_Cyrl,708,24,13
bul_Cyrl,708,25,13
bul_Cyrl,709,0,60
bul_Cyrl,709,1,13
bul_Cyrl,709,2,13
bul_Cyrl,709,3,13
bul_Cyrl,709,4,13
bul_Cyrl,709,5,22
bul_Cyrl,709,6,52
bul_Cyrl,709,7,13
bul_Cyrl,709,8,13
bul_Cyrl,709,9,13
bul_Cyrl,709,10,13
bul_Cyrl,709,11,13
bul_Cyrl,709,12,13
bul_Cyrl,709,13,13
bul_Cyrl,709,14,13
bul_Cyrl,709,15,13
bul_Cyrl,709,16,13
eng_Latn,710,0,60
eng_Latn,710,1,37
eng_Latn,710,2,37
eng_Latn,710,3,52
eng_Latn,710,4,37
eng_Latn,711,0,60
eng_Latn,711,1,19
eng_Latn,711,2,19
eng_Latn,711,3,33
eng_Latn,711,4,56
eng_Latn,711,5,33
eng_Latn,712,0,60
eng_Latn,712,1,49
eng_Latn,712,2,40
eng_Latn,712,3,49
eng_Latn,712,4,37
eng_Latn,712,5,37
eng_Latn,712,6,57
bul_Cyrl,713,0,60
bul_Cyrl,713,1,13
bul_Cyrl,713,2,13
bul_Cyrl,713,3,13
bul_Cyrl,713,4,13
bul_Cyrl,713,5,13
bul_Cyrl,713,6,13
bul_Cyrl,713,7,13
bul_Cyrl,713,8,13
bul_Cyrl,713,9,13
bul_Cyrl,713,10,13
bul_Cyrl,713,11,13
bul_Cyrl,713,12,13
bul_Cyrl,713,13,58
bul_Cyrl,713,14,13
bul_Cyrl,713,15,13
bul_Cyrl,713,16,13
bul_Cyrl,713,17,13
bul_Cyrl,713,18,13
bul_Cyrl,713,19,13
bul_Cyrl,714,0,60
bul_Cyrl,714,1,13
bul_Cyrl,714,2,13
bul_Cyrl,714,3,13
bul_Cyrl,714,4,13
bul_Cyrl,714,5,13
bul_Cyrl,714,6,13
bul_Cyrl,714,7,13
bul_Cyrl,714,8,13
bul_Cyrl,714,9,13
bul_Cyrl,714,10,13
bul_Cyrl,714,11,13
bul_Cyrl,714,12,13
bul_Cyrl,714,13,13
bul_Cyrl,714,14,47
bul_Cyrl,714,15,13
bul_Cyrl,714,16,19
bul_Cyrl,714,17,13
eng_Latn,715,0,60
eng_Latn,715,1,22
eng_Latn,715,2,18
eng_Latn,715,3,55
eng_Latn,715,4,46
eng_Latn,715,5,57
eng_Latn,715,6,55
eng_Latn,715,7,3
eng_Latn,715,8,57
eng_Latn,715,9,15
eng_Latn,716,0,60
eng_Latn,716,1,47
eng_Latn,716,2,33
bul_Cyrl,717,0,60
bul_Cyrl,717,1,13
bul_Cyrl,717,2,13
bul_Cyrl,717,3,13
bul_Cyrl,717,4,13
bul_Cyrl,717,5,13
bul_Cyrl,717,6,13
bul_Cyrl,717,7,13
bul_Cyrl,717,8,13
bul_Cyrl,717,9,13
bul_Cyrl,717,10,13
bul_Cyrl,718,0,60
bul_Cyrl,718,1,13
bul_Cyrl,718,2,13
bul_Cyrl,718,3,13
bul_Cyrl,718,4,13
bul_Cyrl,718,5,13
bul_Cyrl,718,6,13
bul_Cyrl,718,7,13
bul_Cyrl,718,8,13
bul_Cyrl,718,9,13
bul_Cyrl,718,10,13
bul_Cyrl,718,11,13
bul_Cyrl,718,12,13
bul_Cyrl,719,0,60
bul_Cyrl,719,1,13
bul_Cyrl,719,2,13
bul_Cyrl,719,3,13
bul_Cyrl,719,4,13
bul_Cyrl,719,5,13
bul_Cyrl,719,6,13
bul_Cyrl,719,7,13
bul_Cyrl,719,8,13
bul_Cyrl,719,9,13
bul_Cyrl,719,10,13
bul_Cyrl,719,11,13
bul_Cyrl,719,12,34
eng_Latn,720,0,60
eng_Latn,720,1,41
eng_Latn,721,0,60
eng_Latn,721,1,29
eng_Latn,721,2,34
eng_Latn,721,3,35
eng_Latn,721,4,34
eng_Latn,722,0,60
eng_Latn,722,1,54
eng_Latn,722,2,9
eng_Latn,722,3,9
eng_Latn,722,4,54
eng_Latn,722,5,56
eng_Latn,722,6,8
eng_Latn,722,7,16
eng_Latn,723,0,60
eng_Latn,723,1,52
eng_Latn,723,2,61
eng_Latn,723,3,19
eng_Latn,723,4,9
eng_Latn,723,5,26
eng_Latn,723,6,59
eng_Latn,723,7,57
eng_Latn,723,8,19
eng_Latn,723,9,48
eng_Latn,723,10,37
eng_Latn,723,11,37
eng_Latn,723,12,57
bul_Cyrl,724,0,60
bul_Cyrl,724,1,13
bul_Cyrl,724,2,13
bul_Cyrl,724,3,13
bul_Cyrl,724,4,13
bul_Cyrl,724,5,13
bul_Cyrl,724,6,13
bul_Cyrl,724,7,13
bul_Cyrl,724,8,13
bul_Cyrl,724,9,52
bul_Cyrl,724,10,13
eng_Latn,725,0,60
eng_Latn,725,1,9
eng_Latn,725,2,38
eng_Latn,725,3,15
eng_Latn,725,4,56
eng_Latn,725,5,63
eng_Latn,725,6,57
eng_Latn,725,7,30
eng_Latn,725,8,52
eng_Latn,725,9,63
bul_Cyrl,726,0,60
bul_Cyrl,726,1,13
bul_Cyrl,726,2,13
bul_Cyrl,726,3,13
bul_Cyrl,726,4,13
bul_Cyrl,726,5,13
bul_Cyrl,726,6,13
bul_Cyrl,726,7,13
bul_Cyrl,726,8,13
bul_Cyrl,726,9,13
bul_Cyrl,726,10,13
bul_Cyrl,726,11,13
bul_Cyrl,726,12,13
bul_Cyrl,726,13,13
bul_Cyrl,726,14,13
bul_Cyrl,726,15,13
bul_Cyrl,726,16,13
bul_Cyrl,726,17,13
bul_Cyrl,726,18,13
bul_Cyrl,726,19,13
bul_Cyrl,726,20,13
bul_Cyrl,726,21,13
bul_Cyrl,726,22,13
bul_Cyrl,726,23,13
bul_Cyrl,726,24,13
bul_Cyrl,726,25,26
bul_Cyrl,726,26,13
eng_Latn,727,0,60
eng_Latn,727,1,35
eng_Latn,727,2,17
eng_Latn,727,3,35
eng_Latn,727,4,52
eng_Latn,727,5,52
eng_Latn,727,6,57
eng_Latn,727,7,17
eng_Latn,727,8,51
bul_Cyrl,728,0,60
bul_Cyrl,728,1,13
bul_Cyrl,728,2,13
bul_Cyrl,728,3,13
bul_Cyrl,728,4,13
bul_Cyrl,728,5,13
bul_Cyrl,728,6,13
bul_Cyrl,728,7,13
bul_Cyrl,728,8,13
bul_Cyrl,728,9,13
bul_Cyrl,728,10,13
bul_Cyrl,728,11,13
bul_Cyrl,728,12,39
bul_Cyrl,728,13,13
bul_Cyrl,728,14,13
bul_Cyrl,728,15,13
bul_Cyrl,728,16,13
bul_Cyrl,728,17,13
bul_Cyrl,728,18,13
bul_Cyrl,728,19,13
bul_Cyrl,728,20,13
bul_Cyrl,728,21,13
bul_Cyrl,728,22,47
bul_Cyrl,728,23,13
bul_Cyrl,728,24,13
bul_Cyrl,728,25,13
bul_Cyrl,728,26,13
bul_Cyrl,728,27,13
bul_Cyrl,728,28,13
bul_Cyrl,729,0,60
bul_Cyrl,729,1,13
bul_Cyrl,729,2,13
bul_Cyrl,729,3,47
bul_Cyrl,729,4,13
bul_Cyrl,729,5,13
bul_Cyrl,729,6,19
eng_Latn,730,0,60
eng_Latn,730,1,47
eng_Latn,730,2,1
eng_Latn,730,3,28
eng_Latn,730,4,13
eng_Latn,730,5,39
eng_Latn,730,6,13
eng_Latn,730,7,27
eng_Latn,730,8,61
eng_Latn,730,9,27
eng_Latn,730,10,27
bul_Cyrl,731,0,60
bul_Cyrl,731,1,52
bul_Cyrl,731,2,9
bul_Cyrl,731,3,13
bul_Cyrl,731,4,13
bul_Cyrl,731,5,13
bul_Cyrl,731,6,13
bul_Cyrl,731,7,13
bul_Cyrl,731,8,13
bul_Cyrl,731,9,13
bul_Cyrl,731,10,13
bul_Cyrl,731,11,13
bul_Cyrl,731,12,13
bul_Cyrl,731,13,13
bul_Cyrl,731,14,13
bul_Cyrl,731,15,26
bul_Cyrl,731,16,13
bul_Cyrl,731,17,13
bul_Cyrl,731,18,13
bul_Cyrl,731,19,13
bul_Cyrl,731,20,13
bul_Cyrl,731,21,13
bul_Cyrl,731,22,13
bul_Cyrl,731,23,13
bul_Cyrl,732,0,60
bul_Cyrl,732,1,13
bul_Cyrl,732,2,13
bul_Cyrl,732,3,13
bul_Cyrl,732,4,13
bul_Cyrl,732,5,13
bul_Cyrl,732,6,13
bul_Cyrl,732,7,13
bul_Cyrl,732,8,13
bul_Cyrl,732,9,52
eng_Latn,733,0,60
eng_Latn,733,1,18
eng_Latn,733,2,18
eng_Latn,733,3,34
eng_Latn,733,4,48
eng_Latn,733,5,56
eng_Latn,733,6,37
eng_Latn,733,7,16
eng_Latn,733,8,51
bul_Cyrl,734,0,60
bul_Cyrl,734,1,13
bul_Cyrl,734,2,13
bul_Cyrl,734,3,13
bul_Cyrl,734,4,13
bul_Cyrl,734,5,13
bul_Cyrl,734,6,13
bul_Cyrl,734,7,13
bul_Cyrl,734,8,19
bul_Cyrl,734,9,13
bul_Cyrl,734,10,13
bul_Cyrl,734,11,13
bul_Cyrl,734,12,13
bul_Cyrl,734,13,13
bul_Cyrl,734,14,13
bul_Cyrl,734,15,13
bul_Cyrl,734,16,13
bul_Cyrl,734,17,13
bul_Cyrl,734,18,13
bul_Cyrl,734,19,13
bul_Cyrl,735,0,60
bul_Cyrl,735,1,13
bul_Cyrl,735,2,13
bul_Cyrl,735,3,13
bul_Cyrl,735,4,13
bul_Cyrl,735,5,13
bul_Cyrl,735,6,13
bul_Cyrl,735,7,13
bul_Cyrl,735,8,13
bul_Cyrl,735,9,13
bul_Cyrl,735,10,13
bul_Cyrl,735,11,13
bul_Cyrl,735,12,13
bul_Cyrl,735,13,13
bul_Cyrl,735,14,13
bul_Cyrl,735,15,13
bul_Cyrl,735,16,13
bul_Cyrl,735,17,13
bul_Cyrl,735,18,13
bul_Cyrl,735,19,13
bul_Cyrl,735,20,13
bul_Cyrl,736,0,60
bul_Cyrl,736,1,13
bul_Cyrl,736,2,13
bul_Cyrl,736,3,13
bul_Cyrl,736,4,13
bul_Cyrl,736,5,13
bul_Cyrl,736,6,13
bul_Cyrl,736,7,13
bul_Cyrl,736,8,13
bul_Cyrl,736,9,47
bul_Cyrl,736,10,13
bul_Cyrl,736,11,13
bul_Cyrl,736,12,13
bul_Cyrl,736,13,13
bul_Cyrl,736,14,52
bul_Cyrl,736,15,13
bul_Cyrl,736,16,13
bul_Cyrl,736,17,13
bul_Cyrl,736,18,13
bul_Cyrl,736,19,52
bul_Cyrl,736,20,13
bul_Cyrl,736,21,52
bul_Cyrl,736,22,13
bul_Cyrl,737,0,60
bul_Cyrl,737,1,13
bul_Cyrl,737,2,13
bul_Cyrl,737,3,13
bul_Cyrl,737,4,13
bul_Cyrl,737,5,13
bul_Cyrl,737,6,13
bul_Cyrl,737,7,13
bul_Cyrl,737,8,13
bul_Cyrl,737,9,13
bul_Cyrl,737,10,13
bul_Cyrl,737,11,13
bul_Cyrl,737,12,13
bul_Cyrl,737,13,13
bul_Cyrl,737,14,13
bul_Cyrl,737,15,13
bul_Cyrl,737,16,13
bul_Cyrl,737,17,13
bul_Cyrl,737,18,13
bul_Cyrl,737,19,13
bul_Cyrl,738,0,60
bul_Cyrl,738,1,13
bul_Cyrl,738,2,13
bul_Cyrl,738,3,13
bul_Cyrl,738,4,13
bul_Cyrl,738,5,13
bul_Cyrl,738,6,13
bul_Cyrl,738,7,13
bul_Cyrl,738,8,13
bul_Cyrl,738,9,13
bul_Cyrl,738,10,13
bul_Cyrl,738,11,13
bul_Cyrl,738,12,13
bul_Cyrl,738,13,13
bul_Cyrl,738,14,13
bul_Cyrl,738,15,13
bul_Cyrl,738,16,13
bul_Cyrl,738,17,13
bul_Cyrl,738,18,13
bul_Cyrl,738,19,13
bul_Cyrl,738,20,13
bul_Cyrl,738,21,13
bul_Cyrl,739,0,60
bul_Cyrl,739,1,13
bul_Cyrl,739,2,13
bul_Cyrl,739,3,13
bul_Cyrl,739,4,13
bul_Cyrl,739,5,13
bul_Cyrl,739,6,13
bul_Cyrl,739,7,13
bul_Cyrl,739,8,13
bul_Cyrl,739,9,13
bul_Cyrl,739,10,13
bul_Cyrl,739,11,13
bul_Cyrl,740,0,60
bul_Cyrl,740,1,13
bul_Cyrl,740,2,13
bul_Cyrl,740,3,13
bul_Cyrl,740,4,13
bul_Cyrl,740,5,13
bul_Cyrl,740,6,13
bul_Cyrl,740,7,13
bul_Cyrl,740,8,13
bul_Cyrl,740,9,13
bul_Cyrl,740,10,13
bul_Cyrl,740,11,13
bul_Cyrl,740,12,13
bul_Cyrl,740,13,13
bul_Cyrl,740,14,13
bul_Cyrl,740,15,13
bul_Cyrl,740,16,52
bul_Cyrl,741,0,60
bul_Cyrl,741,1,13
bul_Cyrl,741,2,13
bul_Cyrl,741,3,13
bul_Cyrl,741,4,13
bul_Cyrl,741,5,13
bul_Cyrl,741,6,13
bul_Cyrl,741,7,13
bul_Cyrl,741,8,13
bul_Cyrl,741,9,13
bul_Cyrl,741,10,13
bul_Cyrl,741,11,13
bul_Cyrl,741,12,13
bul_Cyrl,741,13,13
bul_Cyrl,741,14,13
bul_Cyrl,741,15,52
bul_Cyrl,742,0,60
bul_Cyrl,742,1,13
bul_Cyrl,742,2,13
bul_Cyrl,742,3,13
bul_Cyrl,742,4,13
bul_Cyrl,742,5,13
bul_Cyrl,742,6,13
bul_Cyrl,742,7,13
bul_Cyrl,742,8,13
bul_Cyrl,742,9,13
bul_Cyrl,742,10,13
bul_Cyrl,742,11,13
bul_Cyrl,742,12,13
bul_Cyrl,742,13,13
bul_Cyrl,742,14,13
bul_Cyrl,742,15,13
bul_Cyrl,742,16,13
bul_Cyrl,742,17,13
bul_Cyrl,742,18,13
bul_Cyrl,742,19,13
bul_Cyrl,742,20,13
bul_Cyrl,742,21,13
bul_Cyrl,742,22,13
bul_Cyrl,742,23,19
bul_Cyrl,742,24,19
bul_Cyrl,742,25,13
eng_Latn,743,0,60
eng_Latn,743,1,61
eng_Latn,743,2,46
eng_Latn,743,3,48
eng_Latn,743,4,31
eng_Latn,743,5,52
eng_Latn,743,6,52
eng_Latn,743,7,19
eng_Latn,743,8,19
eng_Latn,743,9,3
eng_Latn,743,10,3
eng_Latn,743,11,57
eng_Latn,743,12,37
eng_Latn,743,13,52
eng_Latn,744,0,60
eng_Latn,744,1,22
eng_Latn,744,2,5
eng_Latn,744,3,35
eng_Latn,744,4,63
eng_Latn,744,5,42
eng_Latn,744,6,47
eng_Latn,744,7,61
eng_Latn,744,8,61
eng_Latn,744,9,49
eng_Latn,744,10,22
eng_Latn,744,11,47
eng_Latn,744,12,22
eng_Latn,745,0,60
eng_Latn,745,1,9
eng_Latn,745,2,38
eng_Latn,745,3,15
eng_Latn,745,4,56
eng_Latn,745,5,63
eng_Latn,745,6,63
eng_Latn,745,7,37
eng_Latn,745,8,49
eng_Latn,745,9,63
eng_Latn,745,10,37
bul_Cyrl,746,0,60
bul_Cyrl,746,1,13
bul_Cyrl,746,2,13
bul_Cyrl,746,3,13
bul_Cyrl,746,4,13
bul_Cyrl,746,5,13
bul_Cyrl,746,6,13
bul_Cyrl,746,7,13
bul_Cyrl,746,8,13
bul_Cyrl,746,9,13
bul_Cyrl,746,10,13
bul_Cyrl,746,11,13
bul_Cyrl,746,12,13
bul_Cyrl,746,13,13
bul_Cyrl,746,14,13
bul_Cyrl,746,15,13
bul_Cyrl,746,16,13
bul_Cyrl,746,17,52
bul_Cyrl,746,18,13
bul_Cyrl,746,19,13
bul_Cyrl,746,20,13
bul_Cyrl,746,21,13
bul_Cyrl,746,22,13
bul_Cyrl,746,23,13
bul_Cyrl,746,24,13
bul_Cyrl,746,25,13
bul_Cyrl,747,0,60
bul_Cyrl,747,1,13
bul_Cyrl,747,2,13
bul_Cyrl,747,3,13
bul_Cyrl,747,4,13
bul_Cyrl,747,5,13
bul_Cyrl,747,6,13
bul_Cyrl,747,7,13
bul_Cyrl,747,8,27
bul_Cyrl,747,9,13
bul_Cyrl,747,10,13
bul_Cyrl,747,11,13
bul_Cyrl,747,12,13
bul_Cyrl,747,13,13
bul_Cyrl,747,14,13
bul_Cyrl,747,15,61
bul_Cyrl,747,16,13
bul_Cyrl,747,17,13
bul_Cyrl,747,18,27
bul_Cyrl,747,19,13
bul_Cyrl,747,20,13
bul_Cyrl,747,21,13
bul_Cyrl,747,22,13
bul_Cyrl,747,23,13
bul_Cyrl,747,24,13
eng_Latn,748,0,60
eng_Latn,748,1,40
bul_Cyrl,749,0,60
bul_Cyrl,749,1,13
bul_Cyrl,749,2,13
bul_Cyrl,749,3,13
bul_Cyrl,749,4,13
bul_Cyrl,749,5,13
bul_Cyrl,749,6,13
bul_Cyrl,749,7,13
bul_Cyrl,749,8,13
bul_Cyrl,749,9,13
bul_Cyrl,749,10,13
bul_Cyrl,749,11,13
bul_Cyrl,749,12,13
bul_Cyrl,749,13,13
bul_Cyrl,749,14,13
bul_Cyrl,749,15,13
bul_Cyrl,749,16,13
bul_Cyrl,749,17,13
bul_Cyrl,750,0,60
bul_Cyrl,750,1,13
bul_Cyrl,750,2,13
bul_Cyrl,750,3,13
bul_Cyrl,750,4,13
bul_Cyrl,750,5,13
bul_Cyrl,750,6,13
bul_Cyrl,750,7,19
bul_Cyrl,750,8,13
bul_Cyrl,750,9,13
bul_Cyrl,750,10,13
bul_Cyrl,750,11,13
bul_Cyrl,750,12,13
bul_Cyrl,750,13,13
bul_Cyrl,750,14,13
bul_Cyrl,750,15,13
bul_Cyrl,750,16,13
eng_Latn,751,0,60
eng_Latn,751,1,35
eng_Latn,751,2,4
eng_Latn,751,3,18
eng_Latn,751,4,63
eng_Latn,751,5,56
eng_Latn,751,6,52
eng_Latn,751,7,52
eng_Latn,751,8,21
eng_Latn,751,9,21
eng_Latn,751,10,4
eng_Latn,752,0,60
eng_Latn,752,1,19
eng_Latn,752,2,40
eng_Latn,752,3,17
eng_Latn,752,4,16
eng_Latn,752,5,31
eng_Latn,752,6,53
eng_Latn,752,7,34
bul_Cyrl,753,0,60
bul_Cyrl,753,1,13
bul_Cyrl,753,2,13
bul_Cyrl,753,3,13
bul_Cyrl,753,4,13
bul_Cyrl,753,5,13
bul_Cyrl,753,6,13
bul_Cyrl,753,7,13
bul_Cyrl,753,8,13
bul_Cyrl,753,9,13
bul_Cyrl,754,0,60
bul_Cyrl,754,1,13
bul_Cyrl,754,2,13
bul_Cyrl,754,3,13
bul_Cyrl,754,4,13
bul_Cyrl,754,5,13
bul_Cyrl,754,6,13
bul_Cyrl,754,7,13
bul_Cyrl,754,8,13
bul_Cyrl,754,9,13
bul_Cyrl,754,10,13
bul_Cyrl,754,11,13
bul_Cyrl,754,12,13
bul_Cyrl,754,13,13
bul_Cyrl,754,14,13
bul_Cyrl,754,15,13
bul_Cyrl,754,16,13
bul_Cyrl,754,17,13
bul_Cyrl,754,18,13
bul_Cyrl,754,19,13
bul_Cyrl,754,20,13
bul_Cyrl,754,21,13
bul_Cyrl,754,22,13
bul_Cyrl,754,23,13
bul_Cyrl,754,24,13
bul_Cyrl,755,0,60
bul_Cyrl,755,1,13
bul_Cyrl,755,2,1
bul_Cyrl,755,3,13
bul_Cyrl,755,4,13
bul_Cyrl,755,5,13
bul_Cyrl,755,6,13
bul_Cyrl,755,7,1
bul_Cyrl,755,8,13
bul_Cyrl,755,9,13
bul_Cyrl,755,10,13
bul_Cyrl,755,11,13
bul_Cyrl,755,12,13
bul_Cyrl,755,13,13
bul_Cyrl,755,14,13
bul_Cyrl,755,15,47
bul_Cyrl,755,16,13
bul_Cyrl,755,17,13
bul_Cyrl,755,18,13
bul_Cyrl,755,19,13
bul_Cyrl,755,20,13
bul_Cyrl,755,21,13
bul_Cyrl,755,22,13
bul_Cyrl,755,23,13
bul_Cyrl,756,0,60
bul_Cyrl,756,1,13
bul_Cyrl,756,2,13
bul_Cyrl,756,3,13
bul_Cyrl,756,4,61
bul_Cyrl,756,5,13
bul_Cyrl,756,6,13
bul_Cyrl,756,7,13
bul_Cyrl,756,8,13
bul_Cyrl,756,9,13
bul_Cyrl,756,10,13
bul_Cyrl,756,11,13
bul_Cyrl,756,12,13
bul_Cyrl,756,13,13
bul_Cyrl,756,14,13
bul_Cyrl,756,15,13
bul_Cyrl,756,16,13
bul_Cyrl,756,17,13
bul_Cyrl,756,18,13
bul_Cyrl,756,19,13
bul_Cyrl,756,20,13
eng_Latn,757,0,60
eng_Latn,757,1,9
eng_Latn,757,2,19
eng_Latn,757,3,22
eng_Latn,757,4,22
bul_Cyrl,758,0,60
bul_Cyrl,758,1,13
bul_Cyrl,758,2,13
bul_Cyrl,758,3,13
bul_Cyrl,758,4,13
bul_Cyrl,758,5,13
bul_Cyrl,758,6,13
bul_Cyrl,758,7,13
bul_Cyrl,758,8,13
bul_Cyrl,758,9,52
bul_Cyrl,758,10,13
bul_Cyrl,758,11,13
bul_Cyrl,758,12,13
bul_Cyrl,759,0,60
bul_Cyrl,759,1,13
bul_Cyrl,759,2,13
bul_Cyrl,759,3,13
eng_Latn,760,0,60
eng_Latn,760,1,37
eng_Latn,760,2,52
eng_Latn,760,3,26
eng_Latn,760,4,39
eng_Latn,760,5,19
eng_Latn,760,6,19
eng_Latn,760,7,49
eng_Latn,760,8,12
eng_Latn,760,9,26
eng_Latn,760,10,61
eng_Latn,760,11,7
bul_Cyrl,761,0,60
bul_Cyrl,761,1,13
bul_Cyrl,761,2,13
bul_Cyrl,761,3,13
bul_Cyrl,761,4,13
bul_Cyrl,761,5,13
bul_Cyrl,761,6,13
bul_Cyrl,761,7,13
bul_Cyrl,761,8,13
bul_Cyrl,761,9,13
bul_Cyrl,761,10,13
bul_Cyrl,761,11,13
bul_Cyrl,761,12,13
bul_Cyrl,762,0,60
bul_Cyrl,762,1,13
bul_Cyrl,762,2,13
bul_Cyrl,762,3,13
bul_Cyrl,762,4,13
bul_Cyrl,762,5,13
bul_Cyrl,762,6,13
bul_Cyrl,762,7,13
bul_Cyrl,762,8,19
bul_Cyrl,762,9,13
bul_Cyrl,762,10,13
bul_Cyrl,762,11,13
bul_Cyrl,762,12,13
bul_Cyrl,762,13,13
bul_Cyrl,762,14,13
bul_Cyrl,763,0,60
bul_Cyrl,763,1,13
bul_Cyrl,763,2,13
bul_Cyrl,763,3,13
bul_Cyrl,763,4,13
bul_Cyrl,763,5,13
bul_Cyrl,763,6,13
bul_Cyrl,763,7,13
bul_Cyrl,763,8,13
bul_Cyrl,763,9,13
bul_Cyrl,763,10,13
bul_Cyrl,763,11,13
bul_Cyrl,763,12,13
bul_Cyrl,763,13,13
bul_Cyrl,763,14,13
bul_Cyrl,763,15,13
bul_Cyrl,764,0,60
bul_Cyrl,764,1,13
bul_Cyrl,764,2,13
bul_Cyrl,764,3,13
bul_Cyrl,764,4,13
bul_Cyrl,764,5,13
bul_Cyrl,764,6,13
bul_Cyrl,764,7,13
bul_Cyrl,764,8,13
bul_Cyrl,764,9,13
bul_Cyrl,764,10,13
bul_Cyrl,764,11,13
bul_Cyrl,764,12,13
bul_Cyrl,764,13,13
bul_Cyrl,764,14,13
bul_Cyrl,764,15,13
bul_Cyrl,764,16,13
bul_Cyrl,764,17,13
eng_Latn,765,0,60
eng_Latn,765,1,1
eng_Latn,765,2,9
eng_Latn,765,3,12
eng_Latn,765,4,63
eng_Latn,765,5,60
eng_Latn,765,6,49
bul_Cyrl,766,0,60
bul_Cyrl,766,1,13
bul_Cyrl,766,2,13
bul_Cyrl,766,3,13
bul_Cyrl,766,4,13
bul_Cyrl,766,5,13
bul_Cyrl,766,6,13
bul_Cyrl,766,7,13
bul_Cyrl,766,8,13
bul_Cyrl,766,9,13
bul_Cyrl,766,10,13
bul_Cyrl,766,11,13
bul_Cyrl,766,12,13
bul_Cyrl,766,13,13
bul_Cyrl,766,14,13
bul_Cyrl,766,15,13
bul_Cyrl,766,16,13
bul_Cyrl,766,17,13
bul_Cyrl,766,18,13
bul_Cyrl,766,19,13
eng_Latn,767,0,60
eng_Latn,767,1,49
eng_Latn,767,2,18
eng_Latn,767,3,35
eng_Latn,767,4,57
eng_Latn,767,5,53
eng_Latn,767,6,38
eng_Latn,767,7,51
eng_Latn,767,8,57
eng_Latn,767,9,51
bul_Cyrl,768,0,60
bul_Cyrl,768,1,49
bul_Cyrl,768,2,11
bul_Cyrl,768,3,13
bul_Cyrl,768,4,27
bul_Cyrl,768,5,13
bul_Cyrl,768,6,13
bul_Cyrl,768,7,13
bul_Cyrl,768,8,12
bul_Cyrl,768,9,1
bul_Cyrl,768,10,13
bul_Cyrl,768,11,19
bul_Cyrl,768,12,13
bul_Cyrl,768,13,13
bul_Cyrl,768,14,13
bul_Cyrl,768,15,13
bul_Cyrl,768,16,13
bul_Cyrl,768,17,13
bul_Cyrl,769,0,60
bul_Cyrl,769,1,13
bul_Cyrl,769,2,13
bul_Cyrl,769,3,13
bul_Cyrl,769,4,13
bul_Cyrl,769,5,13
bul_Cyrl,769,6,13
bul_Cyrl,769,7,13
bul_Cyrl,769,8,13
bul_Cyrl,769,9,13
bul_Cyrl,769,10,13
bul_Cyrl,769,11,13
bul_Cyrl,769,12,13
bul_Cyrl,769,13,13
bul_Cyrl,769,14,13
bul_Cyrl,769,15,13
bul_Cyrl,769,16,13
bul_Cyrl,769,17,26
bul_Cyrl,769,18,13
bul_Cyrl,769,19,13
bul_Cyrl,769,20,13
bul_Cyrl,769,21,13
bul_Cyrl,769,22,13
bul_Cyrl,769,23,13
bul_Cyrl,769,24,13
bul_Cyrl,769,25,13
bul_Cyrl,769,26,13
bul_Cyrl,769,27,13
bul_Cyrl,769,28,13
bul_Cyrl,770,0,60
bul_Cyrl,770,1,13
bul_Cyrl,770,2,13
bul_Cyrl,770,3,13
bul_Cyrl,770,4,13
bul_Cyrl,770,5,13
bul_Cyrl,770,6,13
bul_Cyrl,770,7,13
bul_Cyrl,770,8,13
bul_Cyrl,770,9,13
bul_Cyrl,770,10,13
bul_Cyrl,770,11,13
bul_Cyrl,770,12,13
bul_Cyrl,770,13,13
bul_Cyrl,770,14,13
bul_Cyrl,770,15,13
bul_Cyrl,770,16,13
bul_Cyrl,770,17,13
bul_Cyrl,770,18,13
bul_Cyrl,770,19,13
bul_Cyrl,770,20,13
bul_Cyrl,770,21,19
bul_Cyrl,770,22,13
bul_Cyrl,770,23,13
bul_Cyrl,770,24,13
bul_Cyrl,771,0,60
bul_Cyrl,771,1,13
bul_Cyrl,771,2,13
bul_Cyrl,771,3,13
bul_Cyrl,771,4,13
bul_Cyrl,771,5,13
bul_Cyrl,771,6,13
bul_Cyrl,771,7,13
bul_Cyrl,771,8,13
bul_Cyrl,771,9,13
bul_Cyrl,771,10,13
bul_Cyrl,771,11,13
bul_Cyrl,771,12,13
bul_Cyrl,771,13,13
bul_Cyrl,771,14,13
bul_Cyrl,771,15,13
bul_Cyrl,771,16,13
bul_Cyrl,771,17,13
bul_Cyrl,771,18,13
bul_Cyrl,771,19,13
bul_Cyrl,771,20,13
bul_Cyrl,771,21,13
bul_Cyrl,771,22,13
bul_Cyrl,771,23,13
bul_Cyrl,771,24,13
bul_Cyrl,771,25,13
eng_Latn,772,0,60
eng_Latn,772,1,45
eng_Latn,772,2,18
eng_Latn,772,3,9
eng_Latn,772,4,56
eng_Latn,772,5,57
eng_Latn,772,6,24
eng_Latn,772,7,57
eng_Latn,773,0,60
eng_Latn,773,1,9
eng_Latn,773,2,58
eng_Latn,773,3,52
eng_Latn,773,4,9
eng_Latn,773,5,19
eng_Latn,773,6,39
eng_Latn,773,7,5
eng_Latn,773,8,1
bul_Cyrl,774,0,60
bul_Cyrl,774,1,13
bul_Cyrl,774,2,13
bul_Cyrl,774,3,47
bul_Cyrl,774,4,13
bul_Cyrl,774,5,13
bul_Cyrl,774,6,1
bul_Cyrl,774,7,13
bul_Cyrl,774,8,19
bul_Cyrl,774,9,13
bul_Cyrl,774,10,13
bul_Cyrl,774,11,13
bul_Cyrl,774,12,13
bul_Cyrl,774,13,13
bul_Cyrl,774,14,13
bul_Cyrl,774,15,13
bul_Cyrl,774,16,13
bul_Cyrl,774,17,13
bul_Cyrl,774,18,13
bul_Cyrl,774,19,13
bul_Cyrl,774,20,13
bul_Cyrl,774,21,13
bul_Cyrl,774,22,13
bul_Cyrl,774,23,52
bul_Cyrl,774,24,13
bul_Cyrl,774,25,13
bul_Cyrl,775,0,60
bul_Cyrl,775,1,13
bul_Cyrl,775,2,13
bul_Cyrl,775,3,13
bul_Cyrl,775,4,13
bul_Cyrl,775,5,13
bul_Cyrl,775,6,13
bul_Cyrl,775,7,13
bul_Cyrl,775,8,27
bul_Cyrl,775,9,13
bul_Cyrl,775,10,13
bul_Cyrl,775,11,26
bul_Cyrl,775,12,13
bul_Cyrl,775,13,13
bul_Cyrl,776,0,60
bul_Cyrl,776,1,13
bul_Cyrl,776,2,13
bul_Cyrl,776,3,13
bul_Cyrl,776,4,13
bul_Cyrl,776,5,13
bul_Cyrl,776,6,13
bul_Cyrl,776,7,13
bul_Cyrl,776,8,13
bul_Cyrl,776,9,12
bul_Cyrl,776,10,13
bul_Cyrl,776,11,13
bul_Cyrl,776,12,13
bul_Cyrl,776,13,13
bul_Cyrl,776,14,13
bul_Cyrl,776,15,12
bul_Cyrl,776,16,22
bul_Cyrl,776,17,52
bul_Cyrl,777,0,60
bul_Cyrl,777,1,13
bul_Cyrl,777,2,13
bul_Cyrl,777,3,13
bul_Cyrl,777,4,13
bul_Cyrl,777,5,13
bul_Cyrl,777,6,13
bul_Cyrl,778,0,60
bul_Cyrl,778,1,13
bul_Cyrl,778,2,13
bul_Cyrl,778,3,13
bul_Cyrl,778,4,13
bul_Cyrl,778,5,13
bul_Cyrl,778,6,13
bul_Cyrl,778,7,13
bul_Cyrl,778,8,13
bul_Cyrl,778,9,13
bul_Cyrl,778,10,47
bul_Cyrl,778,11,13
bul_Cyrl,778,12,13
bul_Cyrl,778,13,13
bul_Cyrl,778,14,13
bul_Cyrl,778,15,13
bul_Cyrl,778,16,13
bul_Cyrl,778,17,13
bul_Cyrl,778,18,13
bul_Cyrl,778,19,13
bul_Cyrl,778,20,13
bul_Cyrl,778,21,13
bul_Cyrl,778,22,13
bul_Cyrl,778,23,13
bul_Cyrl,778,24,13
bul_Cyrl,778,25,13
bul_Cyrl,779,0,60
bul_Cyrl,779,1,13
bul_Cyrl,779,2,13
bul_Cyrl,779,3,13
bul_Cyrl,779,4,13
bul_Cyrl,779,5,13
bul_Cyrl,779,6,13
bul_Cyrl,779,7,13
bul_Cyrl,779,8,47
bul_Cyrl,779,9,13
bul_Cyrl,779,10,13
bul_Cyrl,779,11,13
bul_Cyrl,779,12,13
bul_Cyrl,779,13,13
bul_Cyrl,779,14,13
bul_Cyrl,780,0,60
bul_Cyrl,780,1,13
bul_Cyrl,780,2,13
bul_Cyrl,780,3,13
bul_Cyrl,780,4,13
bul_Cyrl,780,5,13
bul_Cyrl,780,6,13
bul_Cyrl,780,7,13
bul_Cyrl,780,8,12
bul_Cyrl,780,9,22
bul_Cyrl,780,10,22
eng_Latn,781,0,60
eng_Latn,781,1,19
eng_Latn,781,2,18
eng_Latn,781,3,39
eng_Latn,782,0,60
eng_Latn,782,1,47
eng_Latn,782,2,47
eng_Latn,782,3,40
eng_Latn,782,4,56
eng_Latn,782,5,46
eng_Latn,782,6,59
eng_Latn,782,7,59
eng_Latn,782,8,7
eng_Latn,782,9,33
bul_Cyrl,783,0,60
bul_Cyrl,783,1,13
bul_Cyrl,783,2,13
bul_Cyrl,783,3,13
bul_Cyrl,783,4,13
bul_Cyrl,783,5,13
bul_Cyrl,783,6,13
bul_Cyrl,783,7,13
bul_Cyrl,783,8,13
bul_Cyrl,783,9,13
bul_Cyrl,783,10,13
bul_Cyrl,783,11,13
bul_Cyrl,783,12,13
bul_Cyrl,783,13,13
bul_Cyrl,783,14,26
bul_Cyrl,783,15,13
bul_Cyrl,783,16,19
bul_Cyrl,783,17,13
bul_Cyrl,783,18,13
bul_Cyrl,784,0,60
bul_Cyrl,784,1,9
bul_Cyrl,784,2,13
bul_Cyrl,784,3,13
bul_Cyrl,784,4,13
bul_Cyrl,784,5,13
bul_Cyrl,784,6,13
bul_Cyrl,784,7,13
bul_Cyrl,784,8,13
bul_Cyrl,784,9,27
bul_Cyrl,784,10,19
bul_Cyrl,784,11,13
bul_Cyrl,784,12,13
bul_Cyrl,784,13,13
bul_Cyrl,784,14,13
bul_Cyrl,784,15,13
bul_Cyrl,784,16,13
bul_Cyrl,784,17,13
bul_Cyrl,784,18,13
bul_Cyrl,784,19,13
bul_Cyrl,784,20,13
bul_Cyrl,784,21,13
bul_Cyrl,785,0,60
bul_Cyrl,785,1,12
bul_Cyrl,785,2,13
bul_Cyrl,785,3,13
bul_Cyrl,785,4,13
bul_Cyrl,785,5,13
bul_Cyrl,785,6,13
bul_Cyrl,785,7,13
bul_Cyrl,785,8,13
bul_Cyrl,785,9,13
bul_Cyrl,785,10,13
bul_Cyrl,785,11,13
bul_Cyrl,785,12,13
bul_Cyrl,785,13,13
bul_Cyrl,785,14,13
bul_Cyrl,785,15,13
bul_Cyrl,785,16,13
bul_Cyrl,785,17,13
bul_Cyrl,785,18,13
bul_Cyrl,785,19,34
bul_Cyrl,786,0,60
bul_Cyrl,786,1,13
bul_Cyrl,786,2,13
bul_Cyrl,786,3,13
bul_Cyrl,786,4,13
bul_Cyrl,786,5,13
bul_Cyrl,786,6,13
bul_Cyrl,786,7,13
bul_Cyrl,786,8,13
bul_Cyrl,786,9,13
bul_Cyrl,786,10,13
bul_Cyrl,786,11,13
bul_Cyrl,786,12,13
bul_Cyrl,786,13,13
bul_Cyrl,786,14,13
bul_Cyrl,786,15,13
bul_Cyrl,786,16,13
bul_Cyrl,786,17,13
bul_Cyrl,786,18,13
bul_Cyrl,786,19,13
bul_Cyrl,786,20,9
bul_Cyrl,786,21,52
eng_Latn,787,0,60
eng_Latn,787,1,18
eng_Latn,787,2,56
eng_Latn,787,3,21
eng_Latn,787,4,51
eng_Latn,787,5,20
eng_Latn,787,6,27
bul_Cyrl,788,0,60
bul_Cyrl,788,1,13
bul_Cyrl,788,2,13
bul_Cyrl,788,3,13
bul_Cyrl,788,4,13
bul_Cyrl,788,5,13
bul_Cyrl,788,6,13
bul_Cyrl,788,7,13
bul_Cyrl,788,8,13
bul_Cyrl,788,9,13
bul_Cyrl,788,10,13
bul_Cyrl,788,11,52
bul_Cyrl,788,12,13
bul_Cyrl,788,13,13
bul_Cyrl,788,14,13
bul_Cyrl,788,15,13
bul_Cyrl,789,0,60
bul_Cyrl,789,1,13
bul_Cyrl,789,2,13
bul_Cyrl,789,3,13
bul_Cyrl,789,4,13
bul_Cyrl,789,5,13
bul_Cyrl,789,6,13
bul_Cyrl,789,7,13
bul_Cyrl,789,8,13
bul_Cyrl,789,9,13
bul_Cyrl,789,10,13
bul_Cyrl,789,11,13
bul_Cyrl,789,12,13
bul_Cyrl,789,13,13
bul_Cyrl,789,14,13
bul_Cyrl,789,15,13
bul_Cyrl,789,16,13
bul_Cyrl,789,17,13
bul_Cyrl,789,18,19
bul_Cyrl,789,19,13
bul_Cyrl,789,20,13
bul_Cyrl,789,21,9
bul_Cyrl,789,22,52
bul_Cyrl,790,0,60
bul_Cyrl,790,1,9
bul_Cyrl,790,2,13
bul_Cyrl,790,3,13
bul_Cyrl,790,4,13
bul_Cyrl,790,5,13
bul_Cyrl,790,6,13
bul_Cyrl,790,7,13
bul_Cyrl,790,8,13
bul_Cyrl,790,9,13
bul_Cyrl,790,10,13
bul_Cyrl,790,11,13
bul_Cyrl,790,12,52
eng_Latn,791,0,60
eng_Latn,791,1,48
eng_Latn,791,2,41
eng_Latn,791,3,4
eng_Latn,792,0,60
eng_Latn,792,1,49
eng_Latn,792,2,56
eng_Latn,792,3,16
eng_Latn,792,4,20
eng_Latn,792,5,3
eng_Latn,792,6,3
eng_Latn,792,7,15
eng_Latn,792,8,20
eng_Latn,792,9,51
eng_Latn,793,0,60
eng_Latn,793,1,50
eng_Latn,793,2,56
eng_Latn,793,3,16
eng_Latn,793,4,62
eng_Latn,793,5,62
eng_Latn,793,6,52
eng_Latn,794,0,60
eng_Latn,794,1,18
eng_Latn,794,2,21
eng_Latn,794,3,25
eng_Latn,794,4,25
eng_Latn,794,5,25
eng_Latn,794,6,25
eng_Latn,794,7,52
eng_Latn,794,8,57
eng_Latn,795,0,60
eng_Latn,795,1,54
eng_Latn,795,2,54
eng_Latn,795,3,54
eng_Latn,795,4,50
eng_Latn,795,5,16
eng_Latn,795,6,38
eng_Latn,795,7,4
eng_Latn,795,8,5
eng_Latn,795,9,18
eng_Latn,795,10,51
eng_Latn,795,11,42
eng_Latn,795,12,24
eng_Latn,795,13,29
eng_Latn,795,14,54
eng_Latn,796,0,60
eng_Latn,796,1,22
eng_Latn,796,2,22
eng_Latn,796,3,34
eng_Latn,796,4,29
eng_Latn,796,5,34
eng_Latn,796,6,34
bul_Cyrl,797,0,60
bul_Cyrl,797,1,13
bul_Cyrl,797,2,13
bul_Cyrl,797,3,13
bul_Cyrl,797,4,19
bul_Cyrl,797,5,13
bul_Cyrl,798,0,60
bul_Cyrl,798,1,13
bul_Cyrl,798,2,13
bul_Cyrl,798,3,13
bul_Cyrl,798,4,13
bul_Cyrl,798,5,13
bul_Cyrl,798,6,13
bul_Cyrl,798,7,13
bul_Cyrl,798,8,13
bul_Cyrl,798,9,13
bul_Cyrl,798,10,13
bul_Cyrl,798,11,13
bul_Cyrl,798,12,13
bul_Cyrl,798,13,13
bul_Cyrl,798,14,13
bul_Cyrl,798,15,13
bul_Cyrl,798,16,13
bul_Cyrl,798,17,13
bul_Cyrl,798,18,13
bul_Cyrl,798,19,13
bul_Cyrl,798,20,13
eng_Latn,799,0,60
eng_Latn,799,1,54
eng_Latn,799,2,18
eng_Latn,799,3,18
eng_Latn,799,4,18
eng_Latn,799,5,62
eng_Latn,799,6,62
eng_Latn,799,7,57
eng_Latn,799,8,19
eng_Latn,799,9,34
eng_Latn,800,0,60
eng_Latn,800,1,16
eng_Latn,800,2,37
eng_Latn,800,3,52
eng_Latn,800,4,16
eng_Latn,800,5,52
eng_Latn,800,6,9
eng_Latn,800,7,4
eng_Latn,800,8,1
eng_Latn,800,9,19
eng_Latn,800,10,4
bul_Cyrl,801,0,60
bul_Cyrl,801,1,13
bul_Cyrl,801,2,13
bul_Cyrl,801,3,13
bul_Cyrl,801,4,13
bul_Cyrl,801,5,13
bul_Cyrl,801,6,13
bul_Cyrl,801,7,13
eng_Latn,802,0,60
eng_Latn,802,1,9
eng_Latn,802,2,22
eng_Latn,802,3,12
eng_Latn,802,4,40
eng_Latn,802,5,47
eng_Latn,802,6,9
eng_Latn,802,7,60
eng_Latn,802,8,12
eng_Latn,802,9,9
eng_Latn,802,10,60
bul_Cyrl,803,0,60
bul_Cyrl,803,1,13
bul_Cyrl,803,2,13
bul_Cyrl,803,3,13
bul_Cyrl,803,4,13
bul_Cyrl,803,5,13
bul_Cyrl,803,6,13
bul_Cyrl,803,7,13
bul_Cyrl,803,8,13
bul_Cyrl,803,9,13
bul_Cyrl,803,10,13
bul_Cyrl,803,11,26
bul_Cyrl,803,12,13
bul_Cyrl,803,13,13
bul_Cyrl,803,14,13
bul_Cyrl,803,15,13
bul_Cyrl,803,16,24
bul_Cyrl,803,17,52
bul_Cyrl,804,0,60
bul_Cyrl,804,1,13
bul_Cyrl,804,2,13
bul_Cyrl,804,3,13
bul_Cyrl,804,4,13
bul_Cyrl,804,5,13
bul_Cyrl,804,6,13
bul_Cyrl,805,0,60
bul_Cyrl,805,1,12
bul_Cyrl,805,2,13
bul_Cyrl,805,3,13
bul_Cyrl,805,4,13
bul_Cyrl,805,5,13
bul_Cyrl,805,6,13
bul_Cyrl,805,7,13
bul_Cyrl,805,8,13
bul_Cyrl,805,9,13
bul_Cyrl,805,10,13
bul_Cyrl,805,11,13
bul_Cyrl,805,12,13
bul_Cyrl,805,13,13
bul_Cyrl,805,14,13
bul_Cyrl,805,15,13
bul_Cyrl,805,16,13
bul_Cyrl,805,17,13
bul_Cyrl,805,18,13
bul_Cyrl,805,19,13
bul_Cyrl,805,20,13
bul_Cyrl,805,21,13
bul_Cyrl,805,22,13
bul_Cyrl,805,23,13
bul_Cyrl,805,24,13
bul_Cyrl,805,25,13
bul_Cyrl,805,26,13
bul_Cyrl,806,0,60
bul_Cyrl,806,1,13
bul_Cyrl,806,2,13
bul_Cyrl,806,3,13
bul_Cyrl,806,4,13
bul_Cyrl,806,5,13
bul_Cyrl,806,6,13
bul_Cyrl,806,7,13
bul_Cyrl,806,8,13
bul_Cyrl,806,9,12
bul_Cyrl,806,10,52
bul_Cyrl,807,0,60
bul_Cyrl,807,1,12
bul_Cyrl,807,2,52
bul_Cyrl,807,3,13
bul_Cyrl,807,4,52
bul_Cyrl,807,5,12
bul_Cyrl,807,6,13
bul_Cyrl,807,7,13
bul_Cyrl,807,8,13
bul_Cyrl,807,9,13
bul_Cyrl,807,10,13
bul_Cyrl,807,11,13
bul_Cyrl,807,12,13
bul_Cyrl,807,13,13
eng_Latn,808,0,60
eng_Latn,808,1,46
eng_Latn,808,2,5
eng_Latn,808,3,54
eng_Latn,808,4,48
eng_Latn,808,5,8
eng_Latn,808,6,15
eng_Latn,808,7,48
eng_Latn,808,8,56
eng_Latn,808,9,34
eng_Latn,808,10,34
bul_Cyrl,809,0,60
bul_Cyrl,809,1,13
bul_Cyrl,809,2,13
bul_Cyrl,809,3,26
bul_Cyrl,809,4,13
bul_Cyrl,809,5,13
bul_Cyrl,809,6,13
bul_Cyrl,809,7,13
bul_Cyrl,809,8,13
bul_Cyrl,809,9,13
bul_Cyrl,809,10,13
bul_Cyrl,809,11,61
bul_Cyrl,809,12,13
bul_Cyrl,809,13,13
bul_Cyrl,809,14,13
bul_Cyrl,809,15,13
bul_Cyrl,809,16,13
bul_Cyrl,809,17,13
bul_Cyrl,809,18,13
bul_Cyrl,809,19,13
bul_Cyrl,809,20,27
bul_Cyrl,809,21,13
bul_Cyrl,809,22,13
eng_Latn,810,0,60
eng_Latn,810,1,40
eng_Latn,810,2,56
eng_Latn,810,3,56
eng_Latn,810,4,53
eng_Latn,810,5,57
eng_Latn,810,6,51
bul_Cyrl,811,0,60
bul_Cyrl,811,1,13
bul_Cyrl,811,2,13
bul_Cyrl,811,3,13
bul_Cyrl,811,4,13
bul_Cyrl,811,5,13
bul_Cyrl,811,6,47
bul_Cyrl,811,7,13
bul_Cyrl,811,8,13
bul_Cyrl,811,9,13
bul_Cyrl,811,10,13
bul_Cyrl,811,11,13
bul_Cyrl,811,12,13
bul_Cyrl,811,13,13
bul_Cyrl,811,14,13
bul_Cyrl,811,15,13
eng_Latn,812,0,60
eng_Latn,812,1,56
eng_Latn,812,2,51
eng_Latn,812,3,53
eng_Latn,812,4,57
eng_Latn,812,5,56
eng_Latn,812,6,19
eng_Latn,812,7,34
eng_Latn,812,8,20
eng_Latn,812,9,37
eng_Latn,812,10,41
eng_Latn,812,11,34
bul_Cyrl,813,0,60
bul_Cyrl,813,1,13
bul_Cyrl,813,2,13
bul_Cyrl,813,3,13
bul_Cyrl,813,4,13
bul_Cyrl,813,5,13
bul_Cyrl,813,6,13
bul_Cyrl,813,7,19
bul_Cyrl,813,8,13
bul_Cyrl,813,9,13
bul_Cyrl,813,10,13
bul_Cyrl,813,11,13
bul_Cyrl,813,12,13
bul_Cyrl,813,13,39
bul_Cyrl,813,14,13
bul_Cyrl,813,15,1
bul_Cyrl,813,16,13
bul_Cyrl,813,17,13
bul_Cyrl,813,18,13
bul_Cyrl,813,19,13
bul_Cyrl,813,20,13
bul_Cyrl,813,21,13
bul_Cyrl,813,22,13
bul_Cyrl,813,23,13
bul_Cyrl,813,24,13
bul_Cyrl,813,25,13
eng_Latn,814,0,60
eng_Latn,814,1,40
eng_Latn,814,2,19
eng_Latn,814,3,7
eng_Latn,814,4,52
eng_Latn,814,5,1
eng_Latn,814,6,52
eng_Latn,814,7,37
eng_Latn,814,8,1
eng_Latn,814,9,9
eng_Latn,814,10,1
eng_Latn,815,0,60
eng_Latn,815,1,6
eng_Latn,815,2,56
eng_Latn,815,3,63
eng_Latn,815,4,43
eng_Latn,815,5,63
bul_Cyrl,816,0,60
bul_Cyrl,816,1,13
bul_Cyrl,816,2,13
bul_Cyrl,816,3,13
bul_Cyrl,816,4,13
bul_Cyrl,816,5,13
bul_Cyrl,816,6,13
bul_Cyrl,816,7,13
bul_Cyrl,816,8,13
bul_Cyrl,816,9,13
bul_Cyrl,816,10,13
bul_Cyrl,816,11,13
bul_Cyrl,816,12,13
bul_Cyrl,816,13,61
bul_Cyrl,816,14,13
bul_Cyrl,816,15,13
bul_Cyrl,816,16,13
bul_Cyrl,816,17,13
bul_Cyrl,816,18,13
bul_Cyrl,816,19,13
eng_Latn,817,0,60
eng_Latn,817,1,15
eng_Latn,817,2,56
eng_Latn,817,3,63
eng_Latn,817,4,14
eng_Latn,817,5,14
eng_Latn,817,6,40
eng_Latn,817,7,26
bul_Cyrl,818,0,60
bul_Cyrl,818,1,13
bul_Cyrl,818,2,13
bul_Cyrl,818,3,13
bul_Cyrl,818,4,13
bul_Cyrl,818,5,13
bul_Cyrl,818,6,13
bul_Cyrl,818,7,13
bul_Cyrl,818,8,13
bul_Cyrl,818,9,13
bul_Cyrl,818,10,13
bul_Cyrl,818,11,1
bul_Cyrl,818,12,13
bul_Cyrl,818,13,13
bul_Cyrl,818,14,13
eng_Latn,819,0,60
eng_Latn,819,1,49
eng_Latn,819,2,39
bul_Cyrl,820,0,60
bul_Cyrl,820,1,13
bul_Cyrl,820,2,13
bul_Cyrl,820,3,13
bul_Cyrl,820,4,13
bul_Cyrl,820,5,13
bul_Cyrl,820,6,13
bul_Cyrl,820,7,13
bul_Cyrl,820,8,13
bul_Cyrl,820,9,13
bul_Cyrl,820,10,13
bul_Cyrl,820,11,13
bul_Cyrl,820,12,13
bul_Cyrl,820,13,13
bul_Cyrl,820,14,13
bul_Cyrl,820,15,13
bul_Cyrl,821,0,60
bul_Cyrl,821,1,13
bul_Cyrl,821,2,13
bul_Cyrl,821,3,13
bul_Cyrl,821,4,13
bul_Cyrl,821,5,13
bul_Cyrl,821,6,13
bul_Cyrl,821,7,13
bul_Cyrl,821,8,13
bul_Cyrl,821,9,13
bul_Cyrl,821,10,13
bul_Cyrl,821,11,13
bul_Cyrl,821,12,13
bul_Cyrl,821,13,13
bul_Cyrl,821,14,13
bul_Cyrl,821,15,13
bul_Cyrl,821,16,13
bul_Cyrl,821,17,13
bul_Cyrl,821,18,13
bul_Cyrl,821,19,13
bul_Cyrl,821,20,13
bul_Cyrl,822,0,60
bul_Cyrl,822,1,13
bul_Cyrl,822,2,13
bul_Cyrl,822,3,13
bul_Cyrl,822,4,13
bul_Cyrl,822,5,13
bul_Cyrl,822,6,13
bul_Cyrl,822,7,13
bul_Cyrl,822,8,13
bul_Cyrl,822,9,13
bul_Cyrl,822,10,13
bul_Cyrl,822,11,13
bul_Cyrl,822,12,13
bul_Cyrl,822,13,13
bul_Cyrl,822,14,13
bul_Cyrl,822,15,13
bul_Cyrl,822,16,13
bul_Cyrl,822,17,13
bul_Cyrl,822,18,13
bul_Cyrl,823,0,60
bul_Cyrl,823,1,13
bul_Cyrl,823,2,13
bul_Cyrl,823,3,13
bul_Cyrl,823,4,13
bul_Cyrl,823,5,13
bul_Cyrl,823,6,13
bul_Cyrl,823,7,13
bul_Cyrl,823,8,13
bul_Cyrl,823,9,13
bul_Cyrl,823,10,13
bul_Cyrl,823,11,13
bul_Cyrl,823,12,47
bul_Cyrl,823,13,13
bul_Cyrl,823,14,13
bul_Cyrl,823,15,13
bul_Cyrl,823,16,13
bul_Cyrl,823,17,47
bul_Cyrl,823,18,13
bul_Cyrl,823,19,13
bul_Cyrl,823,20,13
eng_Latn,824,0,60
eng_Latn,824,1,47
eng_Latn,824,2,27
eng_Latn,824,3,26
eng_Latn,824,4,5
eng_Latn,824,5,3
eng_Latn,824,6,40
eng_Latn,824,7,26
bul_Cyrl,825,0,60
bul_Cyrl,825,1,13
bul_Cyrl,825,2,13
bul_Cyrl,825,3,26
bul_Cyrl,825,4,13
bul_Cyrl,825,5,13
bul_Cyrl,825,6,13
bul_Cyrl,825,7,13
bul_Cyrl,825,8,13
bul_Cyrl,825,9,13
bul_Cyrl,825,10,13
bul_Cyrl,825,11,13
bul_Cyrl,825,12,13
bul_Cyrl,825,13,13
bul_Cyrl,825,14,13
bul_Cyrl,825,15,13
bul_Cyrl,825,16,13
bul_Cyrl,825,17,13
bul_Cyrl,825,18,13
bul_Cyrl,825,19,13
bul_Cyrl,825,20,13
bul_Cyrl,826,0,60
bul_Cyrl,826,1,13
bul_Cyrl,826,2,13
bul_Cyrl,826,3,13
bul_Cyrl,826,4,13
bul_Cyrl,826,5,47
bul_Cyrl,826,6,13
bul_Cyrl,826,7,13
bul_Cyrl,826,8,13
bul_Cyrl,826,9,13
bul_Cyrl,826,10,13
bul_Cyrl,826,11,13
bul_Cyrl,826,12,13
bul_Cyrl,826,13,13
bul_Cyrl,826,14,13
bul_Cyrl,826,15,13
bul_Cyrl,826,16,13
bul_Cyrl,826,17,13
bul_Cyrl,826,18,13
bul_Cyrl,826,19,13
bul_Cyrl,826,20,13
bul_Cyrl,827,0,60
bul_Cyrl,827,1,9
bul_Cyrl,827,2,13
bul_Cyrl,827,3,13
bul_Cyrl,827,4,13
bul_Cyrl,827,5,13
bul_Cyrl,827,6,13
bul_Cyrl,827,7,13
bul_Cyrl,827,8,13
bul_Cyrl,827,9,13
bul_Cyrl,827,10,13
bul_Cyrl,827,11,13
bul_Cyrl,827,12,13
bul_Cyrl,827,13,13
bul_Cyrl,827,14,13
bul_Cyrl,827,15,13
bul_Cyrl,827,16,13
bul_Cyrl,827,17,13
bul_Cyrl,827,18,13
eng_Latn,828,0,60
eng_Latn,828,1,46
eng_Latn,828,2,56
eng_Latn,828,3,21
eng_Latn,829,0,60
eng_Latn,829,1,18
eng_Latn,829,2,4
eng_Latn,829,3,46
bul_Cyrl,830,0,60
bul_Cyrl,830,1,13
bul_Cyrl,830,2,13
bul_Cyrl,830,3,13
bul_Cyrl,830,4,13
bul_Cyrl,830,5,13
bul_Cyrl,830,6,13
bul_Cyrl,830,7,13
bul_Cyrl,830,8,13
bul_Cyrl,830,9,13
bul_Cyrl,830,10,13
bul_Cyrl,830,11,13
bul_Cyrl,830,12,13
bul_Cyrl,830,13,13
bul_Cyrl,830,14,13
bul_Cyrl,831,0,60
bul_Cyrl,831,1,13
bul_Cyrl,831,2,13
bul_Cyrl,831,3,13
bul_Cyrl,831,4,13
bul_Cyrl,831,5,13
bul_Cyrl,831,6,13
bul_Cyrl,831,7,13
bul_Cyrl,831,8,13
bul_Cyrl,831,9,13
bul_Cyrl,831,10,13
bul_Cyrl,831,11,13
bul_Cyrl,831,12,13
bul_Cyrl,831,13,13
bul_Cyrl,831,14,13
bul_Cyrl,831,15,13
bul_Cyrl,831,16,13
bul_Cyrl,831,17,13
eng_Latn,832,0,60
eng_Latn,832,1,7
eng_Latn,832,2,11
eng_Latn,832,3,53
eng_Latn,832,4,16
eng_Latn,832,5,6
eng_Latn,832,6,15
eng_Latn,832,7,45
eng_Latn,832,8,63
eng_Latn,833,0,60
eng_Latn,833,1,20
eng_Latn,833,2,37
eng_Latn,833,3,57
eng_Latn,833,4,52
eng_Latn,833,5,52
eng_Latn,833,6,1
eng_Latn,833,7,52
eng_Latn,833,8,52
eng_Latn,833,9,11
bul_Cyrl,834,0,60
bul_Cyrl,834,1,13
bul_Cyrl,834,2,13
bul_Cyrl,834,3,13
bul_Cyrl,834,4,13
bul_Cyrl,834,5,13
bul_Cyrl,834,6,13
bul_Cyrl,834,7,13
bul_Cyrl,834,8,13
bul_Cyrl,834,9,13
bul_Cyrl,834,10,13
bul_Cyrl,834,11,13
bul_Cyrl,834,12,13
bul_Cyrl,834,13,13
bul_Cyrl,834,14,13
bul_Cyrl,834,15,13
bul_Cyrl,834,16,13
bul_Cyrl,834,17,13
bul_Cyrl,834,18,13
bul_Cyrl,834,19,13
bul_Cyrl,834,20,13
bul_Cyrl,834,21,13
bul_Cyrl,834,22,13
bul_Cyrl,834,23,13
bul_Cyrl,834,24,13
bul_Cyrl,834,25,13
eng_Latn,835,0,60
eng_Latn,835,1,40
eng_Latn,835,2,48
eng_Latn,835,3,24
eng_Latn,835,4,19
eng_Latn,835,5,18
eng_Latn,835,6,14
eng_Latn,835,7,14
eng_Latn,835,8,47
bul_Cyrl,836,0,60
bul_Cyrl,836,1,13
bul_Cyrl,836,2,13
bul_Cyrl,836,3,13
bul_Cyrl,836,4,13
bul_Cyrl,836,5,13
eng_Latn,837,0,60
eng_Latn,837,1,57
eng_Latn,837,2,56
eng_Latn,837,3,63
eng_Latn,837,4,19
bul_Cyrl,838,0,60
bul_Cyrl,838,1,62
bul_Cyrl,838,2,46
bul_Cyrl,838,3,52
bul_Cyrl,838,4,13
bul_Cyrl,838,5,13
bul_Cyrl,839,0,60
bul_Cyrl,839,1,13
bul_Cyrl,839,2,13
bul_Cyrl,839,3,13
bul_Cyrl,839,4,12
bul_Cyrl,839,5,13
bul_Cyrl,839,6,13
bul_Cyrl,839,7,13
bul_Cyrl,839,8,13
bul_Cyrl,839,9,13
bul_Cyrl,839,10,13
eng_Latn,840,0,60
eng_Latn,840,1,56
eng_Latn,840,2,51
eng_Latn,840,3,46
eng_Latn,840,4,51
eng_Latn,840,5,54
eng_Latn,840,6,2
eng_Latn,840,7,49
eng_Latn,840,8,19
eng_Latn,840,9,47
eng_Latn,840,10,21
bul_Cyrl,841,0,60
bul_Cyrl,841,1,13
bul_Cyrl,841,2,13
bul_Cyrl,841,3,13
bul_Cyrl,841,4,13
bul_Cyrl,841,5,13
bul_Cyrl,841,6,13
bul_Cyrl,841,7,13
bul_Cyrl,841,8,13
bul_Cyrl,841,9,13
bul_Cyrl,841,10,13
bul_Cyrl,841,11,13
bul_Cyrl,841,12,13
bul_Cyrl,841,13,13
bul_Cyrl,841,14,13
bul_Cyrl,841,15,13
bul_Cyrl,841,16,13
bul_Cyrl,841,17,13
bul_Cyrl,841,18,13
eng_Latn,842,0,60
eng_Latn,842,1,11
eng_Latn,842,2,12
eng_Latn,842,3,22
eng_Latn,842,4,46
eng_Latn,842,5,27
eng_Latn,842,6,26
eng_Latn,842,7,26
eng_Latn,842,8,26
eng_Latn,842,9,12
eng_Latn,842,10,26
eng_Latn,842,11,27
eng_Latn,842,12,39
bul_Cyrl,843,0,60
bul_Cyrl,843,1,13
bul_Cyrl,843,2,13
bul_Cyrl,843,3,13
bul_Cyrl,843,4,13
bul_Cyrl,843,5,13
bul_Cyrl,843,6,13
bul_Cyrl,843,7,13
bul_Cyrl,843,8,13
bul_Cyrl,843,9,13
bul_Cyrl,843,10,13
bul_Cyrl,843,11,13
bul_Cyrl,843,12,13
bul_Cyrl,843,13,13
bul_Cyrl,843,14,47
bul_Cyrl,843,15,13
bul_Cyrl,843,16,13
bul_Cyrl,843,17,13
bul_Cyrl,843,18,13
bul_Cyrl,844,0,60
bul_Cyrl,844,1,13
bul_Cyrl,844,2,13
bul_Cyrl,844,3,13
bul_Cyrl,844,4,61
bul_Cyrl,844,5,13
bul_Cyrl,844,6,13
bul_Cyrl,844,7,13
eng_Latn,845,0,60
eng_Latn,845,1,52
eng_Latn,845,2,1
eng_Latn,845,3,22
eng_Latn,845,4,12
eng_Latn,845,5,54
eng_Latn,845,6,24
eng_Latn,845,7,46
eng_Latn,845,8,46
eng_Latn,845,9,7
eng_Latn,845,10,48
eng_Latn,845,11,16
bul_Cyrl,846,0,60
bul_Cyrl,846,1,13
bul_Cyrl,846,2,13
bul_Cyrl,846,3,13
bul_Cyrl,846,4,13
bul_Cyrl,846,5,13
bul_Cyrl,846,6,13
bul_Cyrl,846,7,1
bul_Cyrl,846,8,13
bul_Cyrl,846,9,13
bul_Cyrl,846,10,13
bul_Cyrl,846,11,13
bul_Cyrl,846,12,13
bul_Cyrl,846,13,13
bul_Cyrl,846,14,13
bul_Cyrl,846,15,13
bul_Cyrl,846,16,52
bul_Cyrl,846,17,13
bul_Cyrl,846,18,13
bul_Cyrl,846,19,13
bul_Cyrl,846,20,13
bul_Cyrl,846,21,13
bul_Cyrl,846,22,13
bul_Cyrl,847,0,60
bul_Cyrl,847,1,13
bul_Cyrl,847,2,13
bul_Cyrl,847,3,13
bul_Cyrl,847,4,13
bul_Cyrl,847,5,13
bul_Cyrl,847,6,13
bul_Cyrl,847,7,13
bul_Cyrl,847,8,13
bul_Cyrl,847,9,13
bul_Cyrl,847,10,13
bul_Cyrl,847,11,13
bul_Cyrl,847,12,13
bul_Cyrl,847,13,13
bul_Cyrl,847,14,13
bul_Cyrl,847,15,13
bul_Cyrl,847,16,13
bul_Cyrl,847,17,13
bul_Cyrl,847,18,13
bul_Cyrl,847,19,13
bul_Cyrl,847,20,13
bul_Cyrl,847,21,13
bul_Cyrl,847,22,13
bul_Cyrl,847,23,13
bul_Cyrl,847,24,13
bul_Cyrl,847,25,13
bul_Cyrl,847,26,19
bul_Cyrl,848,0,60
bul_Cyrl,848,1,13
bul_Cyrl,848,2,13
bul_Cyrl,848,3,13
bul_Cyrl,848,4,13
bul_Cyrl,848,5,61
bul_Cyrl,848,6,47
bul_Cyrl,848,7,27
bul_Cyrl,849,0,60
bul_Cyrl,849,1,13
bul_Cyrl,849,2,13
bul_Cyrl,849,3,13
bul_Cyrl,849,4,13
bul_Cyrl,849,5,13
bul_Cyrl,849,6,13
bul_Cyrl,849,7,13
bul_Cyrl,849,8,13
bul_Cyrl,849,9,13
bul_Cyrl,850,0,60
bul_Cyrl,850,1,13
bul_Cyrl,850,2,13
bul_Cyrl,850,3,13
bul_Cyrl,850,4,13
bul_Cyrl,850,5,13
bul_Cyrl,850,6,13
bul_Cyrl,850,7,13
bul_Cyrl,850,8,13
bul_Cyrl,850,9,13
bul_Cyrl,850,10,13
bul_Cyrl,850,11,13
bul_Cyrl,850,12,13
bul_Cyrl,850,13,13
bul_Cyrl,851,0,60
bul_Cyrl,851,1,13
bul_Cyrl,851,2,13
bul_Cyrl,851,3,13
bul_Cyrl,851,4,13
bul_Cyrl,851,5,13
bul_Cyrl,851,6,13
bul_Cyrl,851,7,13
bul_Cyrl,851,8,13
bul_Cyrl,851,9,13
bul_Cyrl,851,10,13
bul_Cyrl,851,11,13
bul_Cyrl,851,12,13
bul_Cyrl,851,13,13
bul_Cyrl,851,14,13
bul_Cyrl,851,15,13
bul_Cyrl,851,16,13
bul_Cyrl,851,17,13
bul_Cyrl,851,18,47
bul_Cyrl,851,19,13
bul_Cyrl,851,20,13
bul_Cyrl,851,21,13
bul_Cyrl,851,22,13
bul_Cyrl,851,23,13
bul_Cyrl,851,24,13
bul_Cyrl,851,25,13
bul_Cyrl,851,26,13
bul_Cyrl,851,27,13
bul_Cyrl,852,0,60
bul_Cyrl,852,1,13
bul_Cyrl,852,2,13
bul_Cyrl,852,3,13
bul_Cyrl,852,4,13
bul_Cyrl,852,5,13
bul_Cyrl,852,6,13
bul_Cyrl,852,7,13
bul_Cyrl,852,8,13
bul_Cyrl,852,9,13
bul_Cyrl,852,10,13
bul_Cyrl,852,11,13
bul_Cyrl,852,12,13
bul_Cyrl,852,13,13
bul_Cyrl,852,14,13
bul_Cyrl,852,15,13
bul_Cyrl,852,16,13
bul_Cyrl,852,17,13
eng_Latn,853,0,60
eng_Latn,853,1,38
eng_Latn,853,2,46
eng_Latn,853,3,47
eng_Latn,853,4,40
eng_Latn,853,5,29
eng_Latn,853,6,33
eng_Latn,854,0,60
eng_Latn,854,1,53
eng_Latn,854,2,19
eng_Latn,854,3,39
eng_Latn,854,4,9
eng_Latn,854,5,3
eng_Latn,854,6,18
eng_Latn,855,0,60
eng_Latn,855,1,17
eng_Latn,855,2,17
eng_Latn,855,3,20
eng_Latn,855,4,15
eng_Latn,855,5,48
eng_Latn,856,0,60
eng_Latn,856,1,40
eng_Latn,856,2,46
eng_Latn,856,3,18
eng_Latn,857,0,60
eng_Latn,857,1,57
eng_Latn,857,2,35
eng_Latn,857,3,48
eng_Latn,857,4,53
eng_Latn,857,5,43
eng_Latn,857,6,57
eng_Latn,857,7,59
eng_Latn,857,8,15
eng_Latn,857,9,59
eng_Latn,857,10,19
eng_Latn,857,11,48
bul_Cyrl,858,0,60
bul_Cyrl,858,1,13
bul_Cyrl,858,2,13
bul_Cyrl,858,3,13
bul_Cyrl,858,4,13
bul_Cyrl,858,5,13
bul_Cyrl,858,6,13
bul_Cyrl,858,7,13
bul_Cyrl,858,8,13
bul_Cyrl,858,9,13
bul_Cyrl,858,10,13
bul_Cyrl,858,11,13
bul_Cyrl,858,12,13
bul_Cyrl,858,13,13
bul_Cyrl,858,14,13
bul_Cyrl,858,15,13
bul_Cyrl,858,16,13
bul_Cyrl,858,17,13
bul_Cyrl,858,18,13
bul_Cyrl,858,19,13
bul_Cyrl,858,20,13
bul_Cyrl,858,21,13
bul_Cyrl,858,22,13
bul_Cyrl,858,23,13
bul_Cyrl,858,24,13
bul_Cyrl,858,25,13
bul_Cyrl,858,26,13
bul_Cyrl,858,27,39
bul_Cyrl,858,28,13
bul_Cyrl,858,29,13
bul_Cyrl,858,30,13
eng_Latn,859,0,60
eng_Latn,859,1,62
eng_Latn,859,2,12
eng_Latn,859,3,35
eng_Latn,859,4,57
eng_Latn,859,5,8
eng_Latn,859,6,15
eng_Latn,859,7,63
eng_Latn,859,8,5
eng_Latn,859,9,49
eng_Latn,860,0,60
eng_Latn,860,1,27
eng_Latn,860,2,61
eng_Latn,860,3,39
eng_Latn,860,4,9
eng_Latn,860,5,38
eng_Latn,860,6,50
eng_Latn,860,7,16
eng_Latn,861,0,60
eng_Latn,861,1,22
eng_Latn,861,2,45
eng_Latn,861,3,22
eng_Latn,861,4,16
eng_Latn,861,5,59
eng_Latn,861,6,34
eng_Latn,861,7,20
eng_Latn,861,8,19
eng_Latn,861,9,19
eng_Latn,861,10,34
bul_Cyrl,862,0,60
bul_Cyrl,862,1,36
bul_Cyrl,862,2,36
bul_Cyrl,862,3,47
bul_Cyrl,862,4,36
bul_Cyrl,862,5,36
bul_Cyrl,862,6,52
bul_Cyrl,863,0,60
bul_Cyrl,863,1,13
bul_Cyrl,863,2,13
bul_Cyrl,863,3,13
bul_Cyrl,863,4,13
bul_Cyrl,863,5,13
bul_Cyrl,863,6,13
bul_Cyrl,863,7,19
bul_Cyrl,863,8,13
bul_Cyrl,863,9,13
bul_Cyrl,863,10,13
bul_Cyrl,863,11,13
bul_Cyrl,863,12,13
bul_Cyrl,863,13,13
bul_Cyrl,863,14,13
bul_Cyrl,863,15,13
bul_Cyrl,863,16,13
bul_Cyrl,863,17,13
eng_Latn,864,0,60
eng_Latn,864,1,18
eng_Latn,864,2,3
eng_Latn,864,3,47
bul_Cyrl,865,0,60
bul_Cyrl,865,1,13
bul_Cyrl,865,2,13
bul_Cyrl,865,3,13
bul_Cyrl,865,4,13
bul_Cyrl,865,5,13
bul_Cyrl,865,6,13
bul_Cyrl,865,7,13
bul_Cyrl,865,8,13
bul_Cyrl,865,9,13
bul_Cyrl,865,10,13
bul_Cyrl,865,11,13
bul_Cyrl,865,12,13
bul_Cyrl,865,13,13
bul_Cyrl,865,14,13
bul_Cyrl,865,15,13
bul_Cyrl,865,16,13
bul_Cyrl,866,0,60
bul_Cyrl,866,1,13
bul_Cyrl,866,2,13
bul_Cyrl,866,3,13
bul_Cyrl,866,4,13
bul_Cyrl,866,5,13
bul_Cyrl,866,6,13
bul_Cyrl,866,7,13
bul_Cyrl,866,8,13
bul_Cyrl,866,9,13
bul_Cyrl,866,10,13
bul_Cyrl,866,11,13
bul_Cyrl,866,12,13
bul_Cyrl,866,13,13
bul_Cyrl,866,14,13
bul_Cyrl,866,15,13
bul_Cyrl,866,16,13
bul_Cyrl,866,17,13
bul_Cyrl,866,18,13
bul_Cyrl,866,19,13
bul_Cyrl,866,20,13
bul_Cyrl,866,21,13
bul_Cyrl,866,22,13
eng_Latn,867,0,60
eng_Latn,867,1,19
eng_Latn,867,2,40
eng_Latn,867,3,49
eng_Latn,868,0,60
eng_Latn,868,1,9
eng_Latn,868,2,29
eng_Latn,868,3,54
eng_Latn,868,4,18
eng_Latn,868,5,48
eng_Latn,868,6,18
eng_Latn,868,7,34
eng_Latn,869,0,60
eng_Latn,869,1,22
eng_Latn,869,2,26
eng_Latn,869,3,49
eng_Latn,869,4,26
eng_Latn,869,5,26
eng_Latn,869,6,26
eng_Latn,869,7,49
eng_Latn,870,0,60
eng_Latn,870,1,4
eng_Latn,870,2,56
eng_Latn,870,3,21
eng_Latn,870,4,16
eng_Latn,870,5,20
eng_Latn,870,6,8
bul_Cyrl,871,0,60
bul_Cyrl,871,1,13
bul_Cyrl,871,2,13
bul_Cyrl,871,3,13
bul_Cyrl,871,4,13
bul_Cyrl,871,5,13
bul_Cyrl,871,6,13
bul_Cyrl,871,7,13
bul_Cyrl,871,8,13
bul_Cyrl,871,9,13
bul_Cyrl,871,10,13
bul_Cyrl,871,11,13
bul_Cyrl,871,12,13
bul_Cyrl,871,13,13
bul_Cyrl,871,14,13
bul_Cyrl,871,15,13
bul_Cyrl,871,16,13
bul_Cyrl,871,17,13
bul_Cyrl,871,18,13
bul_Cyrl,871,19,13
bul_Cyrl,871,20,13
bul_Cyrl,871,21,13
bul_Cyrl,871,22,13
bul_Cyrl,871,23,13
bul_Cyrl,871,24,13
eng_Latn,872,0,60
eng_Latn,872,1,36
eng_Latn,872,2,56
eng_Latn,872,3,36
eng_Latn,872,4,36
eng_Latn,872,5,63
bul_Cyrl,873,0,60
bul_Cyrl,873,1,12
bul_Cyrl,873,2,13
bul_Cyrl,873,3,13
bul_Cyrl,873,4,13
bul_Cyrl,873,5,13
bul_Cyrl,873,6,13
bul_Cyrl,873,7,13
bul_Cyrl,873,8,13
bul_Cyrl,873,9,13
bul_Cyrl,873,10,13
bul_Cyrl,873,11,19
bul_Cyrl,873,12,13
bul_Cyrl,873,13,13
bul_Cyrl,873,14,13
bul_Cyrl,873,15,13
bul_Cyrl,873,16,13
bul_Cyrl,873,17,13
bul_Cyrl,873,18,13
bul_Cyrl,873,19,13
bul_Cyrl,873,20,13
bul_Cyrl,873,21,13
bul_Cyrl,874,0,60
bul_Cyrl,874,1,13
bul_Cyrl,874,2,13
bul_Cyrl,874,3,13
bul_Cyrl,874,4,13
bul_Cyrl,874,5,13
bul_Cyrl,874,6,13
bul_Cyrl,874,7,13
bul_Cyrl,874,8,13
bul_Cyrl,874,9,13
bul_Cyrl,874,10,13
bul_Cyrl,874,11,13
bul_Cyrl,874,12,13
bul_Cyrl,874,13,13
bul_Cyrl,874,14,13
bul_Cyrl,874,15,13
bul_Cyrl,874,16,13
bul_Cyrl,874,17,13
bul_Cyrl,874,18,13
bul_Cyrl,874,19,13
bul_Cyrl,874,20,13
bul_Cyrl,874,21,13
bul_Cyrl,874,22,13
bul_Cyrl,874,23,13
bul_Cyrl,874,24,13
bul_Cyrl,874,25,13
bul_Cyrl,874,26,13
bul_Cyrl,874,27,13
bul_Cyrl,875,0,60
bul_Cyrl,875,1,13
bul_Cyrl,875,2,13
bul_Cyrl,875,3,13
bul_Cyrl,875,4,13
bul_Cyrl,875,5,11
bul_Cyrl,875,6,13
bul_Cyrl,875,7,13
bul_Cyrl,875,8,13
bul_Cyrl,875,9,12
bul_Cyrl,875,10,13
bul_Cyrl,875,11,13
bul_Cyrl,875,12,13
bul_Cyrl,875,13,13
bul_Cyrl,875,14,13
bul_Cyrl,875,15,13
bul_Cyrl,875,16,13
bul_Cyrl,875,17,13
bul_Cyrl,875,18,13
bul_Cyrl,875,19,47
bul_Cyrl,875,20,13
bul_Cyrl,875,21,13
bul_Cyrl,876,0,60
bul_Cyrl,876,1,52
bul_Cyrl,876,2,13
bul_Cyrl,876,3,52
bul_Cyrl,876,4,12
bul_Cyrl,876,5,13
bul_Cyrl,876,6,13
bul_Cyrl,876,7,13
bul_Cyrl,876,8,13
bul_Cyrl,876,9,1
bul_Cyrl,876,10,13
bul_Cyrl,876,11,13
bul_Cyrl,876,12,42
bul_Cyrl,876,13,13
bul_Cyrl,876,14,19
bul_Cyrl,877,0,60
bul_Cyrl,877,1,13
bul_Cyrl,877,2,13
bul_Cyrl,877,3,13
bul_Cyrl,877,4,13
bul_Cyrl,877,5,13
bul_Cyrl,877,6,13
bul_Cyrl,877,7,13
bul_Cyrl,877,8,13
bul_Cyrl,877,9,13
bul_Cyrl,877,10,13
bul_Cyrl,877,11,13
bul_Cyrl,877,12,13
bul_Cyrl,877,13,13
bul_Cyrl,877,14,13
bul_Cyrl,877,15,13
bul_Cyrl,877,16,13
bul_Cyrl,877,17,13
bul_Cyrl,877,18,13
bul_Cyrl,877,19,13
bul_Cyrl,877,20,13
bul_Cyrl,877,21,13
bul_Cyrl,877,22,13
bul_Cyrl,877,23,13
bul_Cyrl,877,24,13
eng_Latn,878,0,60
eng_Latn,878,1,35
eng_Latn,878,2,50
eng_Latn,878,3,4
eng_Latn,878,4,4
eng_Latn,878,5,51
bul_Cyrl,879,0,60
bul_Cyrl,879,1,13
bul_Cyrl,879,2,13
bul_Cyrl,879,3,13
bul_Cyrl,879,4,13
bul_Cyrl,879,5,13
bul_Cyrl,879,6,13
bul_Cyrl,879,7,13
bul_Cyrl,879,8,13
bul_Cyrl,879,9,13
bul_Cyrl,879,10,13
bul_Cyrl,879,11,13
bul_Cyrl,879,12,13
bul_Cyrl,879,13,52
bul_Cyrl,879,14,52
eng_Latn,880,0,60
eng_Latn,880,1,52
eng_Latn,880,2,48
eng_Latn,880,3,56
eng_Latn,880,4,14
eng_Latn,880,5,55
eng_Latn,880,6,19
eng_Latn,880,7,19
eng_Latn,880,8,63
eng_Latn,881,0,60
eng_Latn,881,1,9
eng_Latn,881,2,22
eng_Latn,881,3,22
eng_Latn,881,4,60
eng_Latn,881,5,12
eng_Latn,881,6,22
eng_Latn,881,7,63
eng_Latn,881,8,12
eng_Latn,881,9,61
eng_Latn,881,10,22
bul_Cyrl,882,0,60
bul_Cyrl,882,1,13
bul_Cyrl,882,2,52
bul_Cyrl,882,3,13
bul_Cyrl,882,4,13
bul_Cyrl,882,5,13
bul_Cyrl,882,6,13
bul_Cyrl,882,7,13
bul_Cyrl,882,8,13
bul_Cyrl,882,9,13
bul_Cyrl,882,10,13
bul_Cyrl,882,11,13
bul_Cyrl,882,12,13
bul_Cyrl,883,0,60
bul_Cyrl,883,1,13
bul_Cyrl,883,2,13
bul_Cyrl,883,3,13
bul_Cyrl,883,4,13
bul_Cyrl,883,5,13
bul_Cyrl,883,6,13
bul_Cyrl,883,7,13
bul_Cyrl,883,8,13
bul_Cyrl,883,9,13
bul_Cyrl,883,10,13
bul_Cyrl,883,11,13
bul_Cyrl,883,12,13
bul_Cyrl,883,13,13
bul_Cyrl,883,14,13
bul_Cyrl,883,15,13
bul_Cyrl,883,16,13
bul_Cyrl,883,17,13
bul_Cyrl,883,18,13
eng_Latn,884,0,60
eng_Latn,884,1,40
eng_Latn,884,2,61
eng_Latn,884,3,56
eng_Latn,884,4,22
eng_Latn,884,5,22
eng_Latn,884,6,12
eng_Latn,884,7,40
eng_Latn,884,8,47
eng_Latn,884,9,40
eng_Latn,884,10,61
eng_Latn,884,11,49
eng_Latn,885,0,60
eng_Latn,885,1,54
eng_Latn,885,2,18
eng_Latn,885,3,18
eng_Latn,885,4,18
eng_Latn,885,5,16
eng_Latn,885,6,16
eng_Latn,885,7,34
bul_Cyrl,886,0,60
bul_Cyrl,886,1,13
bul_Cyrl,886,2,47
bul_Cyrl,886,3,13
bul_Cyrl,886,4,13
bul_Cyrl,886,5,13
bul_Cyrl,886,6,13
bul_Cyrl,886,7,13
bul_Cyrl,886,8,13
bul_Cyrl,886,9,13
bul_Cyrl,886,10,13
bul_Cyrl,886,11,13
bul_Cyrl,886,12,13
bul_Cyrl,886,13,13
bul_Cyrl,886,14,13
bul_Cyrl,886,15,13
bul_Cyrl,886,16,13
bul_Cyrl,886,17,13
bul_Cyrl,886,18,13
bul_Cyrl,887,0,60
bul_Cyrl,887,1,13
bul_Cyrl,887,2,13
bul_Cyrl,887,3,13
bul_Cyrl,887,4,13
bul_Cyrl,887,5,13
bul_Cyrl,887,6,13
bul_Cyrl,887,7,13
bul_Cyrl,887,8,13
bul_Cyrl,887,9,13
bul_Cyrl,887,10,13
bul_Cyrl,887,11,13
bul_Cyrl,887,12,13
bul_Cyrl,887,13,13
bul_Cyrl,887,14,13
bul_Cyrl,887,15,13
bul_Cyrl,887,16,13
eng_Latn,888,0,60
eng_Latn,888,1,9
eng_Latn,888,2,29
eng_Latn,888,3,52
eng_Latn,888,4,29
eng_Latn,888,5,34
bul_Cyrl,889,0,60
bul_Cyrl,889,1,13
bul_Cyrl,889,2,13
bul_Cyrl,889,3,13
bul_Cyrl,889,4,13
bul_Cyrl,889,5,13
bul_Cyrl,889,6,13
bul_Cyrl,889,7,13
bul_Cyrl,889,8,13
bul_Cyrl,889,9,13
bul_Cyrl,889,10,13
bul_Cyrl,889,11,13
bul_Cyrl,889,12,52
bul_Cyrl,889,13,13
bul_Cyrl,890,0,60
bul_Cyrl,890,1,13
bul_Cyrl,890,2,13
bul_Cyrl,890,3,13
bul_Cyrl,890,4,13
bul_Cyrl,890,5,13
bul_Cyrl,890,6,13
bul_Cyrl,890,7,13
bul_Cyrl,890,8,13
bul_Cyrl,890,9,13
bul_Cyrl,890,10,13
bul_Cyrl,890,11,13
bul_Cyrl,890,12,13
bul_Cyrl,890,13,13
bul_Cyrl,890,14,13
bul_Cyrl,890,15,13
bul_Cyrl,890,16,13
bul_Cyrl,890,17,13
bul_Cyrl,890,18,13
bul_Cyrl,890,19,13
bul_Cyrl,890,20,13
bul_Cyrl,890,21,13
bul_Cyrl,890,22,13
bul_Cyrl,890,23,13
bul_Cyrl,890,24,13
bul_Cyrl,890,25,13
bul_Cyrl,890,26,13
bul_Cyrl,891,0,60
bul_Cyrl,891,1,13
bul_Cyrl,891,2,13
bul_Cyrl,891,3,13
bul_Cyrl,891,4,13
bul_Cyrl,891,5,13
bul_Cyrl,891,6,13
bul_Cyrl,891,7,13
bul_Cyrl,891,8,13
bul_Cyrl,891,9,13
bul_Cyrl,891,10,13
bul_Cyrl,891,11,13
bul_Cyrl,891,12,13
bul_Cyrl,891,13,19
bul_Cyrl,891,14,13
bul_Cyrl,891,15,13
bul_Cyrl,891,16,13
eng_Latn,892,0,60
eng_Latn,892,1,61
eng_Latn,892,2,21
eng_Latn,892,3,56
eng_Latn,892,4,51
eng_Latn,892,5,56
eng_Latn,892,6,46
eng_Latn,892,7,21
bul_Cyrl,893,0,60
bul_Cyrl,893,1,19
bul_Cyrl,893,2,26
bul_Cyrl,894,0,60
bul_Cyrl,894,1,13
bul_Cyrl,894,2,13
bul_Cyrl,894,3,13
bul_Cyrl,894,4,13
bul_Cyrl,894,5,13
bul_Cyrl,894,6,13
bul_Cyrl,894,7,13
bul_Cyrl,894,8,13
bul_Cyrl,894,9,1
bul_Cyrl,894,10,47
bul_Cyrl,894,11,13
bul_Cyrl,894,12,13
bul_Cyrl,894,13,47
bul_Cyrl,894,14,13
bul_Cyrl,894,15,13
bul_Cyrl,894,16,13
bul_Cyrl,894,17,13
bul_Cyrl,894,18,13
bul_Cyrl,894,19,13
bul_Cyrl,894,20,13
eng_Latn,895,0,60
eng_Latn,895,1,38
eng_Latn,895,2,15
eng_Latn,895,3,29
eng_Latn,895,4,35
eng_Latn,895,5,57
eng_Latn,895,6,57
bul_Cyrl,896,0,60
bul_Cyrl,896,1,13
bul_Cyrl,896,2,13
bul_Cyrl,896,3,13
bul_Cyrl,896,4,13
bul_Cyrl,896,5,13
bul_Cyrl,896,6,13
bul_Cyrl,896,7,13
bul_Cyrl,896,8,13
bul_Cyrl,896,9,13
bul_Cyrl,896,10,13
bul_Cyrl,896,11,13
bul_Cyrl,896,12,13
bul_Cyrl,896,13,13
bul_Cyrl,896,14,13
bul_Cyrl,896,15,13
bul_Cyrl,896,16,47
bul_Cyrl,896,17,13
bul_Cyrl,896,18,13
bul_Cyrl,896,19,13
bul_Cyrl,897,0,60
bul_Cyrl,897,1,13
bul_Cyrl,897,2,13
bul_Cyrl,897,3,13
bul_Cyrl,897,4,13
bul_Cyrl,897,5,13
bul_Cyrl,897,6,13
bul_Cyrl,897,7,13
bul_Cyrl,897,8,13
bul_Cyrl,897,9,13
bul_Cyrl,897,10,13
bul_Cyrl,897,11,13
bul_Cyrl,897,12,13
bul_Cyrl,897,13,13
bul_Cyrl,898,0,60
bul_Cyrl,898,1,13
bul_Cyrl,898,2,13
bul_Cyrl,898,3,13
bul_Cyrl,898,4,13
bul_Cyrl,898,5,13
bul_Cyrl,898,6,13
bul_Cyrl,898,7,1
bul_Cyrl,898,8,13
bul_Cyrl,898,9,13
bul_Cyrl,898,10,13
bul_Cyrl,898,11,13
bul_Cyrl,898,12,13
bul_Cyrl,898,13,13
bul_Cyrl,898,14,52
bul_Cyrl,898,15,52
bul_Cyrl,898,16,13
bul_Cyrl,898,17,13
bul_Cyrl,898,18,13
bul_Cyrl,899,0,60
bul_Cyrl,899,1,24
bul_Cyrl,899,2,52
bul_Cyrl,899,3,58
bul_Cyrl,899,4,11
bul_Cyrl,899,5,52
bul_Cyrl,899,6,58
bul_Cyrl,899,7,12
bul_Cyrl,899,8,11
bul_Cyrl,899,9,19
bul_Cyrl,899,10,39
bul_Cyrl,899,11,7
eng_Latn,900,0,60
eng_Latn,900,1,35
eng_Latn,900,2,63
eng_Latn,900,3,63
eng_Latn,900,4,63
eng_Latn,900,5,24
eng_Latn,900,6,37
bul_Cyrl,901,0,60
bul_Cyrl,901,1,13
bul_Cyrl,901,2,13
bul_Cyrl,901,3,13
bul_Cyrl,901,4,13
bul_Cyrl,901,5,13
bul_Cyrl,901,6,13
bul_Cyrl,901,7,13
bul_Cyrl,901,8,13
bul_Cyrl,901,9,13
bul_Cyrl,901,10,19
bul_Cyrl,901,11,13
bul_Cyrl,901,12,13
bul_Cyrl,901,13,13
bul_Cyrl,901,14,13
bul_Cyrl,901,15,13
bul_Cyrl,901,16,13
bul_Cyrl,901,17,13
bul_Cyrl,901,18,13
eng_Latn,902,0,60
eng_Latn,902,1,22
eng_Latn,902,2,42
eng_Latn,902,3,38
eng_Latn,902,4,19
eng_Latn,902,5,8
eng_Latn,902,6,19
eng_Latn,902,7,8
eng_Latn,902,8,5
eng_Latn,902,9,51
eng_Latn,902,10,8
eng_Latn,902,11,8
eng_Latn,902,12,15
bul_Cyrl,903,0,60
bul_Cyrl,903,1,8
bul_Cyrl,903,2,8
bul_Cyrl,903,3,12
bul_Cyrl,903,4,42
bul_Cyrl,903,5,13
bul_Cyrl,903,6,13
bul_Cyrl,903,7,13
bul_Cyrl,903,8,13
bul_Cyrl,903,9,13
bul_Cyrl,903,10,13
bul_Cyrl,903,11,13
bul_Cyrl,903,12,13
bul_Cyrl,903,13,13
bul_Cyrl,903,14,13
bul_Cyrl,903,15,13
bul_Cyrl,903,16,13
bul_Cyrl,903,17,13
bul_Cyrl,903,18,13
bul_Cyrl,903,19,13
bul_Cyrl,903,20,13
bul_Cyrl,903,21,13
bul_Cyrl,904,0,60
bul_Cyrl,904,1,13
bul_Cyrl,904,2,13
bul_Cyrl,904,3,13
bul_Cyrl,904,4,13
bul_Cyrl,904,5,13
bul_Cyrl,904,6,13
bul_Cyrl,904,7,13
bul_Cyrl,904,8,13
bul_Cyrl,904,9,13
bul_Cyrl,904,10,13
bul_Cyrl,904,11,13
bul_Cyrl,904,12,13
bul_Cyrl,904,13,13
bul_Cyrl,904,14,13
bul_Cyrl,904,15,13
bul_Cyrl,904,16,13
bul_Cyrl,904,17,13
bul_Cyrl,904,18,13
bul_Cyrl,904,19,13
bul_Cyrl,904,20,24
bul_Cyrl,904,21,13
bul_Cyrl,904,22,27
bul_Cyrl,904,23,13
bul_Cyrl,904,24,13
bul_Cyrl,904,25,13
bul_Cyrl,904,26,13
eng_Latn,905,0,60
eng_Latn,905,1,9
eng_Latn,905,2,40
eng_Latn,905,3,61
eng_Latn,905,4,33
eng_Latn,905,5,15
eng_Latn,905,6,26
eng_Latn,905,7,61
eng_Latn,905,8,1
eng_Latn,905,9,47
eng_Latn,905,10,33
eng_Latn,905,11,61
eng_Latn,906,0,60
eng_Latn,906,1,18
eng_Latn,906,2,61
eng_Latn,906,3,16
eng_Latn,906,4,18
eng_Latn,906,5,20
eng_Latn,906,6,30
eng_Latn,906,7,57
eng_Latn,906,8,20
eng_Latn,906,9,19
eng_Latn,906,10,51
eng_Latn,907,0,60
eng_Latn,907,1,15
eng_Latn,907,2,16
eng_Latn,907,3,43
eng_Latn,907,4,46
eng_Latn,907,5,63
eng_Latn,907,6,43
eng_Latn,907,7,49
bul_Cyrl,908,0,60
bul_Cyrl,908,1,13
bul_Cyrl,908,2,12
bul_Cyrl,908,3,13
bul_Cyrl,908,4,13
bul_Cyrl,908,5,13
bul_Cyrl,908,6,13
bul_Cyrl,908,7,13
bul_Cyrl,908,8,13
bul_Cyrl,908,9,13
bul_Cyrl,908,10,13
bul_Cyrl,908,11,52
bul_Cyrl,908,12,13
bul_Cyrl,908,13,13
bul_Cyrl,908,14,13
bul_Cyrl,909,0,60
bul_Cyrl,909,1,13
bul_Cyrl,909,2,13
bul_Cyrl,909,3,13
bul_Cyrl,909,4,12
bul_Cyrl,909,5,13
bul_Cyrl,909,6,13
bul_Cyrl,909,7,13
bul_Cyrl,909,8,13
bul_Cyrl,909,9,13
bul_Cyrl,909,10,1
bul_Cyrl,909,11,52
eng_Latn,910,0,60
eng_Latn,910,1,22
eng_Latn,910,2,54
eng_Latn,910,3,54
eng_Latn,910,4,10
eng_Latn,910,5,16
eng_Latn,911,0,60
eng_Latn,911,1,35
eng_Latn,911,2,56
eng_Latn,911,3,56
eng_Latn,911,4,51
eng_Latn,911,5,56
eng_Latn,911,6,51
bul_Cyrl,912,0,60
bul_Cyrl,912,1,13
bul_Cyrl,912,2,13
bul_Cyrl,912,3,13
bul_Cyrl,912,4,13
bul_Cyrl,912,5,13
bul_Cyrl,912,6,13
bul_Cyrl,912,7,13
bul_Cyrl,912,8,13
bul_Cyrl,912,9,13
bul_Cyrl,912,10,13
bul_Cyrl,912,11,13
bul_Cyrl,912,12,13
bul_Cyrl,912,13,13
bul_Cyrl,912,14,13
bul_Cyrl,913,0,60
bul_Cyrl,913,1,13
bul_Cyrl,913,2,13
bul_Cyrl,913,3,13
bul_Cyrl,913,4,13
bul_Cyrl,913,5,13
bul_Cyrl,913,6,13
bul_Cyrl,913,7,13
bul_Cyrl,913,8,13
bul_Cyrl,913,9,13
bul_Cyrl,913,10,13
bul_Cyrl,913,11,13
bul_Cyrl,913,12,13
bul_Cyrl,913,13,13
bul_Cyrl,913,14,13
bul_Cyrl,913,15,13
bul_Cyrl,913,16,61
bul_Cyrl,913,17,13
bul_Cyrl,913,18,13
bul_Cyrl,913,19,13
bul_Cyrl,913,20,19
bul_Cyrl,913,21,13
bul_Cyrl,913,22,13
bul_Cyrl,913,23,13
bul_Cyrl,913,24,13
bul_Cyrl,913,25,13
bul_Cyrl,913,26,13
eng_Latn,914,0,60
eng_Latn,914,1,38
eng_Latn,914,2,46
eng_Latn,914,3,9
eng_Latn,914,4,14
eng_Latn,914,5,35
eng_Latn,914,6,46
eng_Latn,914,7,43
eng_Latn,914,8,15
eng_Latn,915,0,60
eng_Latn,915,1,9
eng_Latn,915,2,9
eng_Latn,915,3,31
eng_Latn,915,4,51
eng_Latn,915,5,54
eng_Latn,915,6,18
eng_Latn,915,7,4
eng_Latn,915,8,61
eng_Latn,915,9,47
eng_Latn,915,10,34
eng_Latn,915,11,53
eng_Latn,915,12,34
bul_Cyrl,916,0,60
bul_Cyrl,916,1,13
bul_Cyrl,916,2,13
bul_Cyrl,916,3,13
bul_Cyrl,916,4,13
bul_Cyrl,916,5,13
bul_Cyrl,916,6,13
eng_Latn,917,0,60
eng_Latn,917,1,56
eng_Latn,917,2,54
eng_Latn,917,3,38
eng_Latn,917,4,57
eng_Latn,917,5,20
eng_Latn,917,6,59
eng_Latn,917,7,16
bul_Cyrl,918,0,60
bul_Cyrl,918,1,13
bul_Cyrl,918,2,13
bul_Cyrl,918,3,13
bul_Cyrl,918,4,13
bul_Cyrl,918,5,13
bul_Cyrl,918,6,13
bul_Cyrl,918,7,13
bul_Cyrl,918,8,13
bul_Cyrl,918,9,13
bul_Cyrl,918,10,13
bul_Cyrl,918,11,13
bul_Cyrl,918,12,13
bul_Cyrl,918,13,13
bul_Cyrl,918,14,13
bul_Cyrl,918,15,13
bul_Cyrl,918,16,13
bul_Cyrl,918,17,13
bul_Cyrl,918,18,13
bul_Cyrl,918,19,13
bul_Cyrl,918,20,13
bul_Cyrl,918,21,19
bul_Cyrl,918,22,13
eng_Latn,919,0,60
eng_Latn,919,1,19
eng_Latn,919,2,19
eng_Latn,919,3,19
eng_Latn,919,4,51
bul_Cyrl,920,0,60
bul_Cyrl,920,1,13
bul_Cyrl,920,2,13
bul_Cyrl,920,3,13
bul_Cyrl,920,4,13
bul_Cyrl,920,5,13
bul_Cyrl,920,6,13
bul_Cyrl,920,7,13
bul_Cyrl,920,8,13
bul_Cyrl,920,9,13
bul_Cyrl,920,10,13
bul_Cyrl,920,11,13
bul_Cyrl,920,12,13
bul_Cyrl,920,13,13
bul_Cyrl,920,14,13
bul_Cyrl,920,15,13
bul_Cyrl,920,16,13
bul_Cyrl,920,17,13
bul_Cyrl,920,18,13
bul_Cyrl,920,19,13
bul_Cyrl,920,20,13
bul_Cyrl,920,21,13
bul_Cyrl,920,22,13
bul_Cyrl,920,23,13
bul_Cyrl,920,24,13
bul_Cyrl,921,0,60
bul_Cyrl,921,1,39
bul_Cyrl,921,2,8
bul_Cyrl,921,3,11
bul_Cyrl,921,4,13
bul_Cyrl,921,5,13
bul_Cyrl,921,6,13
bul_Cyrl,921,7,13
bul_Cyrl,921,8,13
bul_Cyrl,921,9,13
bul_Cyrl,921,10,13
bul_Cyrl,921,11,13
bul_Cyrl,921,12,13
bul_Cyrl,921,13,13
bul_Cyrl,921,14,13
bul_Cyrl,921,15,13
bul_Cyrl,921,16,13
bul_Cyrl,921,17,13
bul_Cyrl,921,18,12
bul_Cyrl,921,19,13
bul_Cyrl,921,20,13
bul_Cyrl,921,21,13
bul_Cyrl,921,22,13
bul_Cyrl,921,23,13
bul_Cyrl,921,24,13
bul_Cyrl,921,25,13
bul_Cyrl,922,0,60
bul_Cyrl,922,1,13
bul_Cyrl,922,2,13
bul_Cyrl,922,3,13
bul_Cyrl,922,4,13
bul_Cyrl,922,5,13
bul_Cyrl,922,6,13
bul_Cyrl,922,7,13
bul_Cyrl,922,8,13
bul_Cyrl,922,9,13
bul_Cyrl,922,10,13
bul_Cyrl,922,11,13
bul_Cyrl,922,12,13
bul_Cyrl,922,13,13
bul_Cyrl,922,14,13
bul_Cyrl,922,15,13
bul_Cyrl,922,16,13
bul_Cyrl,922,17,13
bul_Cyrl,922,18,13
bul_Cyrl,922,19,13
bul_Cyrl,922,20,13
bul_Cyrl,922,21,13
bul_Cyrl,922,22,13
bul_Cyrl,922,23,13
bul_Cyrl,922,24,13
bul_Cyrl,922,25,13
bul_Cyrl,922,26,13
bul_Cyrl,923,0,60
bul_Cyrl,923,1,13
bul_Cyrl,923,2,13
bul_Cyrl,923,3,13
bul_Cyrl,923,4,13
bul_Cyrl,923,5,13
bul_Cyrl,923,6,13
bul_Cyrl,923,7,13
bul_Cyrl,923,8,47
bul_Cyrl,923,9,1
bul_Cyrl,923,10,13
bul_Cyrl,923,11,13
bul_Cyrl,924,0,60
bul_Cyrl,924,1,13
bul_Cyrl,924,2,13
bul_Cyrl,924,3,13
bul_Cyrl,924,4,13
bul_Cyrl,924,5,13
bul_Cyrl,924,6,13
bul_Cyrl,924,7,13
bul_Cyrl,924,8,13
bul_Cyrl,924,9,13
bul_Cyrl,924,10,13
bul_Cyrl,924,11,13
bul_Cyrl,925,0,60
bul_Cyrl,925,1,46
bul_Cyrl,925,2,47
bul_Cyrl,925,3,22
bul_Cyrl,925,4,9
bul_Cyrl,925,5,9
bul_Cyrl,925,6,13
bul_Cyrl,925,7,13
bul_Cyrl,925,8,13
bul_Cyrl,925,9,13
bul_Cyrl,925,10,13
bul_Cyrl,926,0,60
bul_Cyrl,926,1,13
bul_Cyrl,926,2,13
bul_Cyrl,926,3,13
bul_Cyrl,926,4,13
bul_Cyrl,926,5,13
bul_Cyrl,926,6,13
bul_Cyrl,926,7,13
bul_Cyrl,926,8,13
bul_Cyrl,926,9,13
bul_Cyrl,926,10,13
bul_Cyrl,926,11,9
bul_Cyrl,926,12,13
bul_Cyrl,926,13,13
bul_Cyrl,926,14,13
bul_Cyrl,926,15,13
bul_Cyrl,926,16,13
bul_Cyrl,926,17,13
bul_Cyrl,926,18,13
bul_Cyrl,927,0,60
bul_Cyrl,927,1,13
bul_Cyrl,927,2,13
bul_Cyrl,927,3,13
bul_Cyrl,927,4,13
bul_Cyrl,927,5,47
bul_Cyrl,927,6,13
bul_Cyrl,927,7,13
bul_Cyrl,927,8,13
bul_Cyrl,927,9,13
bul_Cyrl,927,10,13
bul_Cyrl,927,11,13
bul_Cyrl,927,12,13
bul_Cyrl,927,13,13
bul_Cyrl,927,14,52
bul_Cyrl,927,15,52
bul_Cyrl,927,16,13
bul_Cyrl,927,17,13
bul_Cyrl,927,18,13
bul_Cyrl,927,19,13
eng_Latn,928,0,60
eng_Latn,928,1,23
eng_Latn,928,2,8
eng_Latn,928,3,15
eng_Latn,929,0,60
eng_Latn,929,1,22
eng_Latn,929,2,30
eng_Latn,929,3,24
eng_Latn,929,4,30
eng_Latn,929,5,30
eng_Latn,929,6,54
eng_Latn,929,7,48
eng_Latn,929,8,56
eng_Latn,929,9,63
eng_Latn,929,10,30
eng_Latn,929,11,63
bul_Cyrl,930,0,60
bul_Cyrl,930,1,13
bul_Cyrl,930,2,13
bul_Cyrl,930,3,13
bul_Cyrl,930,4,13
bul_Cyrl,930,5,13
bul_Cyrl,930,6,13
bul_Cyrl,930,7,13
bul_Cyrl,930,8,13
bul_Cyrl,930,9,13
eng_Latn,931,0,60
eng_Latn,931,1,40
eng_Latn,931,2,63
eng_Latn,932,0,60
eng_Latn,932,1,56
eng_Latn,932,2,54
eng_Latn,932,3,18
eng_Latn,932,4,21
eng_Latn,932,5,9
eng_Latn,932,6,18
eng_Latn,932,7,30
eng_Latn,932,8,30
eng_Latn,932,9,35
eng_Latn,932,10,34
bul_Cyrl,933,0,60
bul_Cyrl,933,1,13
bul_Cyrl,933,2,13
bul_Cyrl,933,3,13
bul_Cyrl,933,4,13
bul_Cyrl,933,5,13
bul_Cyrl,933,6,13
bul_Cyrl,933,7,13
bul_Cyrl,933,8,13
bul_Cyrl,933,9,13
bul_Cyrl,933,10,13
bul_Cyrl,933,11,13
bul_Cyrl,933,12,13
bul_Cyrl,933,13,13
bul_Cyrl,933,14,13
bul_Cyrl,933,15,13
bul_Cyrl,933,16,13
bul_Cyrl,933,17,13
bul_Cyrl,933,18,13
bul_Cyrl,933,19,13
bul_Cyrl,933,20,13
bul_Cyrl,933,21,13
bul_Cyrl,933,22,13
bul_Cyrl,933,23,13
bul_Cyrl,933,24,13
bul_Cyrl,934,0,60
bul_Cyrl,934,1,13
bul_Cyrl,934,2,13
bul_Cyrl,934,3,13
bul_Cyrl,934,4,13
bul_Cyrl,934,5,13
bul_Cyrl,934,6,13
bul_Cyrl,934,7,13
bul_Cyrl,934,8,13
bul_Cyrl,934,9,13
bul_Cyrl,934,10,13
bul_Cyrl,934,11,13
bul_Cyrl,934,12,13
bul_Cyrl,934,13,13
bul_Cyrl,934,14,13
bul_Cyrl,934,15,13
bul_Cyrl,934,16,13
bul_Cyrl,935,0,60
bul_Cyrl,935,1,13
bul_Cyrl,935,2,13
bul_Cyrl,935,3,13
bul_Cyrl,935,4,13
bul_Cyrl,935,5,13
bul_Cyrl,935,6,13
bul_Cyrl,935,7,13
bul_Cyrl,935,8,13
bul_Cyrl,935,9,13
bul_Cyrl,935,10,13
bul_Cyrl,935,11,13
bul_Cyrl,935,12,13
bul_Cyrl,935,13,19
bul_Cyrl,935,14,13
bul_Cyrl,935,15,13
bul_Cyrl,935,16,13
bul_Cyrl,935,17,13
bul_Cyrl,935,18,61
bul_Cyrl,935,19,13
bul_Cyrl,935,20,13
bul_Cyrl,935,21,13
bul_Cyrl,935,22,13
bul_Cyrl,935,23,13
bul_Cyrl,935,24,13
bul_Cyrl,935,25,13
bul_Cyrl,936,0,60
bul_Cyrl,936,1,13
bul_Cyrl,936,2,13
bul_Cyrl,936,3,13
bul_Cyrl,936,4,13
bul_Cyrl,936,5,52
bul_Cyrl,936,6,13
bul_Cyrl,936,7,13
bul_Cyrl,936,8,13
bul_Cyrl,936,9,61
bul_Cyrl,936,10,13
bul_Cyrl,936,11,13
bul_Cyrl,936,12,13
bul_Cyrl,936,13,13
eng_Latn,937,0,60
eng_Latn,937,1,22
eng_Latn,937,2,24
eng_Latn,937,3,37
eng_Latn,937,4,24
eng_Latn,937,5,3
eng_Latn,938,0,60
eng_Latn,938,1,33
eng_Latn,938,2,1
eng_Latn,938,3,52
eng_Latn,938,4,37
eng_Latn,938,5,52
eng_Latn,938,6,1
eng_Latn,938,7,1
eng_Latn,938,8,13
eng_Latn,938,9,13
eng_Latn,939,0,60
eng_Latn,939,1,53
eng_Latn,939,2,49
bul_Cyrl,940,0,60
bul_Cyrl,940,1,13
bul_Cyrl,940,2,13
bul_Cyrl,940,3,13
bul_Cyrl,940,4,13
bul_Cyrl,940,5,13
bul_Cyrl,940,6,13
bul_Cyrl,940,7,13
bul_Cyrl,940,8,13
bul_Cyrl,940,9,13
bul_Cyrl,940,10,13
bul_Cyrl,940,11,13
bul_Cyrl,940,12,13
bul_Cyrl,940,13,13
bul_Cyrl,940,14,13
bul_Cyrl,940,15,13
bul_Cyrl,940,16,13
bul_Cyrl,940,17,13
bul_Cyrl,940,18,13
bul_Cyrl,940,19,13
bul_Cyrl,941,0,60
bul_Cyrl,941,1,13
bul_Cyrl,941,2,13
bul_Cyrl,941,3,13
bul_Cyrl,941,4,13
bul_Cyrl,941,5,13
bul_Cyrl,941,6,13
bul_Cyrl,941,7,13
bul_Cyrl,941,8,13
bul_Cyrl,941,9,13
bul_Cyrl,941,10,13
bul_Cyrl,941,11,13
bul_Cyrl,941,12,13
bul_Cyrl,941,13,26
bul_Cyrl,941,14,13
bul_Cyrl,941,15,13
bul_Cyrl,941,16,13
bul_Cyrl,941,17,13
eng_Latn,942,0,60
eng_Latn,942,1,12
eng_Latn,942,2,42
eng_Latn,942,3,19
eng_Latn,942,4,22
eng_Latn,942,5,49
eng_Latn,942,6,9
eng_Latn,942,7,19
eng_Latn,942,8,8
bul_Cyrl,943,0,60
bul_Cyrl,943,1,13
bul_Cyrl,943,2,13
bul_Cyrl,943,3,13
bul_Cyrl,943,4,13
bul_Cyrl,943,5,13
bul_Cyrl,943,6,13
bul_Cyrl,943,7,13
eng_Latn,944,0,60
eng_Latn,944,1,54
eng_Latn,944,2,18
eng_Latn,944,3,20
eng_Latn,944,4,41
eng_Latn,944,5,51
eng_Latn,944,6,24
eng_Latn,944,7,39
bul_Cyrl,945,0,60
bul_Cyrl,945,1,13
bul_Cyrl,945,2,13
bul_Cyrl,945,3,13
bul_Cyrl,945,4,13
bul_Cyrl,945,5,13
bul_Cyrl,945,6,13
bul_Cyrl,945,7,13
bul_Cyrl,945,8,13
bul_Cyrl,945,9,13
bul_Cyrl,945,10,13
bul_Cyrl,945,11,13
bul_Cyrl,945,12,13
bul_Cyrl,945,13,13
bul_Cyrl,945,14,1
bul_Cyrl,945,15,13
bul_Cyrl,945,16,19
bul_Cyrl,945,17,13
bul_Cyrl,945,18,13
bul_Cyrl,945,19,13
bul_Cyrl,945,20,13
eng_Latn,946,0,60
eng_Latn,946,1,16
eng_Latn,946,2,54
eng_Latn,946,3,46
eng_Latn,946,4,5
eng_Latn,946,5,18
eng_Latn,946,6,56
eng_Latn,946,7,46
eng_Latn,946,8,5
eng_Latn,946,9,16
eng_Latn,946,10,56
eng_Latn,946,11,1
eng_Latn,947,0,60
eng_Latn,947,1,37
eng_Latn,947,2,54
eng_Latn,947,3,26
eng_Latn,947,4,40
eng_Latn,947,5,5
eng_Latn,947,6,61
eng_Latn,947,7,50
eng_Latn,947,8,24
eng_Latn,947,9,61
eng_Latn,947,10,48
eng_Latn,947,11,22
eng_Latn,948,0,60
eng_Latn,948,1,60
eng_Latn,948,2,61
eng_Latn,948,3,39
eng_Latn,948,4,7
eng_Latn,948,5,11
eng_Latn,948,6,35
eng_Latn,948,7,48
eng_Latn,948,8,56
eng_Latn,948,9,54
eng_Latn,948,10,35
eng_Latn,948,11,35
eng_Latn,948,12,51
eng_Latn,949,0,60
eng_Latn,949,1,29
eng_Latn,949,2,38
eng_Latn,949,3,34
eng_Latn,949,4,18
eng_Latn,949,5,20
eng_Latn,949,6,16
eng_Latn,949,7,20
eng_Latn,949,8,34
bul_Cyrl,950,0,60
bul_Cyrl,950,1,13
bul_Cyrl,950,2,52
bul_Cyrl,950,3,13
bul_Cyrl,950,4,13
bul_Cyrl,950,5,13
bul_Cyrl,950,6,13
bul_Cyrl,950,7,13
bul_Cyrl,950,8,13
bul_Cyrl,950,9,13
bul_Cyrl,950,10,13
bul_Cyrl,950,11,13
bul_Cyrl,950,12,13
bul_Cyrl,950,13,13
bul_Cyrl,950,14,13
bul_Cyrl,950,15,13
bul_Cyrl,950,16,13
bul_Cyrl,950,17,13
bul_Cyrl,950,18,13
bul_Cyrl,950,19,13
bul_Cyrl,950,20,13
bul_Cyrl,951,0,60
bul_Cyrl,951,1,13
bul_Cyrl,951,2,13
bul_Cyrl,951,3,13
bul_Cyrl,951,4,13
bul_Cyrl,951,5,13
bul_Cyrl,951,6,13
bul_Cyrl,951,7,13
bul_Cyrl,951,8,13
bul_Cyrl,951,9,13
bul_Cyrl,951,10,13
bul_Cyrl,951,11,13
bul_Cyrl,951,12,13
bul_Cyrl,951,13,13
bul_Cyrl,951,14,13
bul_Cyrl,951,15,13
bul_Cyrl,951,16,13
bul_Cyrl,951,17,13
bul_Cyrl,951,18,13
bul_Cyrl,951,19,13
bul_Cyrl,952,0,60
bul_Cyrl,952,1,13
bul_Cyrl,952,2,13
bul_Cyrl,952,3,13
bul_Cyrl,952,4,13
bul_Cyrl,952,5,13
bul_Cyrl,952,6,13
bul_Cyrl,952,7,13
bul_Cyrl,952,8,13
bul_Cyrl,952,9,13
bul_Cyrl,952,10,13
bul_Cyrl,952,11,13
bul_Cyrl,952,12,13
bul_Cyrl,952,13,13
bul_Cyrl,952,14,13
bul_Cyrl,952,15,13
bul_Cyrl,952,16,13
bul_Cyrl,952,17,13
bul_Cyrl,952,18,13
bul_Cyrl,952,19,19
bul_Cyrl,952,20,13
bul_Cyrl,952,21,13
bul_Cyrl,952,22,13
bul_Cyrl,953,0,60
bul_Cyrl,953,1,58
bul_Cyrl,953,2,13
bul_Cyrl,953,3,13
bul_Cyrl,953,4,13
bul_Cyrl,953,5,13
bul_Cyrl,953,6,13
bul_Cyrl,953,7,13
bul_Cyrl,953,8,13
bul_Cyrl,953,9,13
bul_Cyrl,953,10,13
bul_Cyrl,953,11,13
bul_Cyrl,953,12,13
bul_Cyrl,954,0,60
bul_Cyrl,954,1,13
bul_Cyrl,954,2,13
bul_Cyrl,954,3,13
bul_Cyrl,954,4,13
bul_Cyrl,954,5,13
bul_Cyrl,954,6,13
bul_Cyrl,954,7,13
bul_Cyrl,954,8,13
bul_Cyrl,954,9,13
bul_Cyrl,954,10,13
bul_Cyrl,954,11,13
bul_Cyrl,954,12,13
bul_Cyrl,954,13,13
bul_Cyrl,954,14,13
bul_Cyrl,954,15,13
bul_Cyrl,954,16,13
bul_Cyrl,954,17,13
bul_Cyrl,954,18,13
bul_Cyrl,954,19,13
bul_Cyrl,954,20,13
bul_Cyrl,954,21,13
bul_Cyrl,954,22,13
bul_Cyrl,954,23,13
bul_Cyrl,954,24,13
bul_Cyrl,954,25,13
eng_Latn,955,0,60
eng_Latn,955,1,38
eng_Latn,955,2,38
eng_Latn,955,3,20
eng_Latn,955,4,40
eng_Latn,955,5,16
eng_Latn,955,6,57
eng_Latn,955,7,57
bul_Cyrl,956,0,60
bul_Cyrl,956,1,13
bul_Cyrl,956,2,13
bul_Cyrl,956,3,13
bul_Cyrl,956,4,9
bul_Cyrl,956,5,13
bul_Cyrl,956,6,13
bul_Cyrl,956,7,13
bul_Cyrl,956,8,13
bul_Cyrl,956,9,13
bul_Cyrl,956,10,13
bul_Cyrl,956,11,13
bul_Cyrl,956,12,13
bul_Cyrl,956,13,52
bul_Cyrl,957,0,60
bul_Cyrl,957,1,13
bul_Cyrl,957,2,13
bul_Cyrl,957,3,13
bul_Cyrl,957,4,13
bul_Cyrl,957,5,13
bul_Cyrl,957,6,13
bul_Cyrl,957,7,13
bul_Cyrl,957,8,13
bul_Cyrl,957,9,13
bul_Cyrl,957,10,13
bul_Cyrl,957,11,13
bul_Cyrl,957,12,13
bul_Cyrl,957,13,13
bul_Cyrl,958,0,60
bul_Cyrl,958,1,13
bul_Cyrl,958,2,13
bul_Cyrl,958,3,13
bul_Cyrl,958,4,13
bul_Cyrl,958,5,13
bul_Cyrl,958,6,13
bul_Cyrl,958,7,13
bul_Cyrl,958,8,13
bul_Cyrl,958,9,13
bul_Cyrl,958,10,13
bul_Cyrl,959,0,60
bul_Cyrl,959,1,13
bul_Cyrl,959,2,13
bul_Cyrl,959,3,13
bul_Cyrl,959,4,13
bul_Cyrl,959,5,13
bul_Cyrl,959,6,13
bul_Cyrl,959,7,13
bul_Cyrl,959,8,13
bul_Cyrl,959,9,13
bul_Cyrl,959,10,13
bul_Cyrl,959,11,13
bul_Cyrl,959,12,13
bul_Cyrl,959,13,13
bul_Cyrl,959,14,13
bul_Cyrl,959,15,13
bul_Cyrl,959,16,13
bul_Cyrl,959,17,13
bul_Cyrl,959,18,13
bul_Cyrl,959,19,52
eng_Latn,960,0,60
eng_Latn,960,1,54
eng_Latn,960,2,56
eng_Latn,960,3,56
eng_Latn,960,4,19
eng_Latn,960,5,19
eng_Latn,960,6,16
eng_Latn,961,0,60
eng_Latn,961,1,35
eng_Latn,961,2,56
eng_Latn,961,3,56
bul_Cyrl,962,0,60
bul_Cyrl,962,1,13
bul_Cyrl,962,2,13
bul_Cyrl,962,3,13
bul_Cyrl,962,4,13
bul_Cyrl,962,5,13
bul_Cyrl,962,6,13
bul_Cyrl,962,7,9
bul_Cyrl,962,8,13
bul_Cyrl,962,9,13
bul_Cyrl,962,10,13
bul_Cyrl,962,11,13
bul_Cyrl,962,12,52
bul_Cyrl,962,13,13
bul_Cyrl,962,14,13
bul_Cyrl,962,15,13
bul_Cyrl,962,16,13
bul_Cyrl,962,17,13
bul_Cyrl,962,18,13
bul_Cyrl,963,0,60
bul_Cyrl,963,1,13
bul_Cyrl,963,2,13
bul_Cyrl,963,3,13
bul_Cyrl,963,4,13
bul_Cyrl,963,5,13
bul_Cyrl,963,6,13
bul_Cyrl,963,7,13
bul_Cyrl,963,8,13
bul_Cyrl,963,9,13
bul_Cyrl,963,10,13
bul_Cyrl,963,11,13
bul_Cyrl,963,12,61
bul_Cyrl,963,13,13
bul_Cyrl,963,14,13
bul_Cyrl,963,15,61
bul_Cyrl,963,16,13
bul_Cyrl,963,17,13
bul_Cyrl,963,18,13
bul_Cyrl,963,19,13
bul_Cyrl,963,20,13
bul_Cyrl,963,21,13
bul_Cyrl,963,22,13
bul_Cyrl,964,0,60
bul_Cyrl,964,1,13
bul_Cyrl,964,2,13
bul_Cyrl,964,3,13
bul_Cyrl,964,4,13
bul_Cyrl,964,5,13
bul_Cyrl,964,6,13
bul_Cyrl,964,7,13
bul_Cyrl,964,8,13
bul_Cyrl,964,9,13
bul_Cyrl,964,10,13
bul_Cyrl,964,11,13
bul_Cyrl,964,12,13
bul_Cyrl,964,13,13
bul_Cyrl,964,14,13
bul_Cyrl,965,0,60
bul_Cyrl,965,1,13
bul_Cyrl,965,2,13
bul_Cyrl,965,3,13
bul_Cyrl,965,4,13
bul_Cyrl,965,5,13
bul_Cyrl,965,6,13
bul_Cyrl,965,7,13
bul_Cyrl,965,8,13
bul_Cyrl,965,9,13
bul_Cyrl,965,10,13
bul_Cyrl,965,11,13
bul_Cyrl,965,12,13
bul_Cyrl,966,0,60
bul_Cyrl,966,1,13
bul_Cyrl,966,2,13
bul_Cyrl,966,3,13
bul_Cyrl,966,4,13
bul_Cyrl,966,5,13
bul_Cyrl,966,6,13
bul_Cyrl,966,7,13
bul_Cyrl,966,8,13
bul_Cyrl,966,9,13
bul_Cyrl,966,10,13
bul_Cyrl,966,11,13
bul_Cyrl,966,12,13
bul_Cyrl,966,13,13
bul_Cyrl,966,14,13
bul_Cyrl,966,15,13
bul_Cyrl,966,16,13
bul_Cyrl,967,0,60
bul_Cyrl,967,1,13
bul_Cyrl,967,2,13
bul_Cyrl,967,3,13
bul_Cyrl,967,4,13
bul_Cyrl,967,5,13
bul_Cyrl,967,6,13
bul_Cyrl,967,7,13
bul_Cyrl,967,8,13
bul_Cyrl,967,9,13
bul_Cyrl,967,10,13
bul_Cyrl,967,11,13
bul_Cyrl,967,12,13
bul_Cyrl,967,13,13
bul_Cyrl,967,14,13
bul_Cyrl,967,15,13
bul_Cyrl,967,16,13
bul_Cyrl,968,0,60
bul_Cyrl,968,1,13
bul_Cyrl,968,2,47
bul_Cyrl,968,3,13
bul_Cyrl,968,4,13
bul_Cyrl,968,5,13
bul_Cyrl,968,6,13
bul_Cyrl,968,7,13
bul_Cyrl,968,8,13
bul_Cyrl,968,9,13
bul_Cyrl,968,10,13
bul_Cyrl,968,11,13
bul_Cyrl,968,12,13
bul_Cyrl,968,13,13
bul_Cyrl,968,14,13
bul_Cyrl,968,15,13
bul_Cyrl,968,16,13
bul_Cyrl,969,0,60
bul_Cyrl,969,1,13
bul_Cyrl,969,2,13
bul_Cyrl,969,3,13
bul_Cyrl,969,4,13
bul_Cyrl,969,5,13
bul_Cyrl,969,6,13
bul_Cyrl,969,7,19
bul_Cyrl,969,8,13
bul_Cyrl,969,9,13
bul_Cyrl,969,10,13
bul_Cyrl,969,11,13
bul_Cyrl,969,12,13
bul_Cyrl,969,13,13
bul_Cyrl,969,14,13
bul_Cyrl,969,15,13
bul_Cyrl,969,16,13
bul_Cyrl,969,17,13
bul_Cyrl,969,18,47
bul_Cyrl,969,19,13
bul_Cyrl,970,0,60
bul_Cyrl,970,1,13
bul_Cyrl,970,2,13
bul_Cyrl,970,3,13
bul_Cyrl,970,4,13
bul_Cyrl,970,5,13
bul_Cyrl,970,6,13
bul_Cyrl,971,0,60
bul_Cyrl,971,1,13
bul_Cyrl,971,2,47
bul_Cyrl,971,3,13
bul_Cyrl,971,4,13
bul_Cyrl,971,5,52
bul_Cyrl,971,6,13
bul_Cyrl,971,7,1
bul_Cyrl,971,8,52
bul_Cyrl,971,9,52
bul_Cyrl,971,10,13
bul_Cyrl,971,11,13
bul_Cyrl,971,12,13
bul_Cyrl,971,13,13
bul_Cyrl,971,14,13
bul_Cyrl,971,15,13
bul_Cyrl,971,16,13
bul_Cyrl,971,17,13
bul_Cyrl,972,0,60
bul_Cyrl,972,1,13
bul_Cyrl,972,2,13
bul_Cyrl,972,3,13
bul_Cyrl,972,4,13
bul_Cyrl,972,5,13
bul_Cyrl,972,6,13
bul_Cyrl,972,7,13
bul_Cyrl,972,8,13
bul_Cyrl,972,9,13
bul_Cyrl,972,10,13
bul_Cyrl,972,11,13
bul_Cyrl,972,12,13
bul_Cyrl,972,13,13
bul_Cyrl,972,14,13
bul_Cyrl,972,15,13
bul_Cyrl,972,16,13
bul_Cyrl,972,17,13
bul_Cyrl,972,18,13
bul_Cyrl,972,19,1
bul_Cyrl,972,20,13
eng_Latn,973,0,60
eng_Latn,973,1,17
eng_Latn,973,2,34
eng_Latn,973,3,37
eng_Latn,973,4,34
bul_Cyrl,974,0,60
bul_Cyrl,974,1,13
bul_Cyrl,974,2,13
bul_Cyrl,974,3,13
bul_Cyrl,974,4,13
bul_Cyrl,974,5,13
bul_Cyrl,974,6,13
bul_Cyrl,974,7,13
eng_Latn,975,0,60
eng_Latn,975,1,22
eng_Latn,975,2,15
eng_Latn,975,3,11
eng_Latn,975,4,52
eng_Latn,975,5,3
eng_Latn,975,6,48
bul_Cyrl,976,0,60
bul_Cyrl,976,1,13
bul_Cyrl,976,2,13
bul_Cyrl,976,3,13
bul_Cyrl,976,4,13
bul_Cyrl,976,5,13
bul_Cyrl,976,6,13
eng_Latn,977,0,60
eng_Latn,977,1,4
eng_Latn,977,2,4
eng_Latn,977,3,20
eng_Latn,977,4,35
eng_Latn,977,5,57
eng_Latn,977,6,15
eng_Latn,977,7,1
eng_Latn,977,8,52
bul_Cyrl,978,0,60
bul_Cyrl,978,1,13
bul_Cyrl,978,2,13
bul_Cyrl,978,3,13
bul_Cyrl,978,4,47
bul_Cyrl,978,5,13
bul_Cyrl,978,6,13
bul_Cyrl,978,7,51
bul_Cyrl,978,8,13
bul_Cyrl,978,9,13
bul_Cyrl,978,10,13
bul_Cyrl,978,11,13
bul_Cyrl,978,12,13
bul_Cyrl,978,13,13
bul_Cyrl,978,14,13
bul_Cyrl,978,15,13
bul_Cyrl,978,16,13
bul_Cyrl,978,17,13
bul_Cyrl,978,18,13
bul_Cyrl,978,19,13
bul_Cyrl,978,20,13
bul_Cyrl,978,21,13
bul_Cyrl,978,22,13
bul_Cyrl,978,23,13
bul_Cyrl,978,24,13
bul_Cyrl,978,25,13
eng_Latn,979,0,60
eng_Latn,979,1,35
eng_Latn,979,2,17
eng_Latn,980,0,60
eng_Latn,980,1,47
eng_Latn,980,2,1
eng_Latn,980,3,52
eng_Latn,980,4,52
eng_Latn,980,5,49
eng_Latn,980,6,49
eng_Latn,981,0,60
eng_Latn,981,1,56
eng_Latn,981,2,56
eng_Latn,981,3,38
eng_Latn,981,4,57
eng_Latn,981,5,20
eng_Latn,981,6,46
eng_Latn,981,7,15
eng_Latn,982,0,60
eng_Latn,982,1,9
eng_Latn,982,2,22
eng_Latn,982,3,18
eng_Latn,982,4,20
eng_Latn,982,5,21
eng_Latn,982,6,57
eng_Latn,982,7,53
eng_Latn,982,8,37
eng_Latn,982,9,4
bul_Cyrl,983,0,60
bul_Cyrl,983,1,13
bul_Cyrl,983,2,13
bul_Cyrl,983,3,13
bul_Cyrl,983,4,13
bul_Cyrl,983,5,13
bul_Cyrl,983,6,13
bul_Cyrl,983,7,13
bul_Cyrl,983,8,13
bul_Cyrl,983,9,13
bul_Cyrl,983,10,60
bul_Cyrl,983,11,52
bul_Cyrl,984,0,60
bul_Cyrl,984,1,13
bul_Cyrl,984,2,13
bul_Cyrl,984,3,13
bul_Cyrl,984,4,13
bul_Cyrl,984,5,13
bul_Cyrl,984,6,13
bul_Cyrl,984,7,13
bul_Cyrl,984,8,13
bul_Cyrl,984,9,13
bul_Cyrl,984,10,13
bul_Cyrl,984,11,13
bul_Cyrl,984,12,13
bul_Cyrl,984,13,13
bul_Cyrl,984,14,13
bul_Cyrl,984,15,13
bul_Cyrl,984,16,13
bul_Cyrl,984,17,13
bul_Cyrl,984,18,13
bul_Cyrl,984,19,13
bul_Cyrl,984,20,13
bul_Cyrl,984,21,13
bul_Cyrl,984,22,13
bul_Cyrl,984,23,13
bul_Cyrl,984,24,13
bul_Cyrl,984,25,13
bul_Cyrl,985,0,60
bul_Cyrl,985,1,13
bul_Cyrl,985,2,13
bul_Cyrl,985,3,13
bul_Cyrl,985,4,13
bul_Cyrl,985,5,13
bul_Cyrl,985,6,13
bul_Cyrl,985,7,52
bul_Cyrl,985,8,13
bul_Cyrl,985,9,13
bul_Cyrl,985,10,13
bul_Cyrl,985,11,13
bul_Cyrl,985,12,13
bul_Cyrl,985,13,13
bul_Cyrl,985,14,13
bul_Cyrl,986,0,60
bul_Cyrl,986,1,13
bul_Cyrl,986,2,13
bul_Cyrl,986,3,52
bul_Cyrl,986,4,13
bul_Cyrl,986,5,13
bul_Cyrl,986,6,13
bul_Cyrl,986,7,13
bul_Cyrl,986,8,13
bul_Cyrl,986,9,13
bul_Cyrl,986,10,13
bul_Cyrl,986,11,22
bul_Cyrl,986,12,13
bul_Cyrl,986,13,13
bul_Cyrl,987,0,60
bul_Cyrl,987,1,13
bul_Cyrl,987,2,13
bul_Cyrl,987,3,13
bul_Cyrl,987,4,13
bul_Cyrl,987,5,13
bul_Cyrl,987,6,13
bul_Cyrl,987,7,13
bul_Cyrl,987,8,13
bul_Cyrl,987,9,13
bul_Cyrl,987,10,13
bul_Cyrl,987,11,13
bul_Cyrl,987,12,13
bul_Cyrl,987,13,13
bul_Cyrl,987,14,13
bul_Cyrl,987,15,13
eng_Latn,988,0,60
eng_Latn,988,1,17
eng_Latn,988,2,16
eng_Latn,988,3,54
eng_Latn,988,4,51
eng_Latn,989,0,60
eng_Latn,989,1,52
eng_Latn,989,2,13
eng_Latn,989,3,39
eng_Latn,989,4,19
eng_Latn,989,5,38
eng_Latn,989,6,34
eng_Latn,989,7,45
eng_Latn,989,8,16
eng_Latn,989,9,34
eng_Latn,990,0,60
eng_Latn,990,1,12
eng_Latn,990,2,1
eng_Latn,990,3,13
eng_Latn,990,4,7
eng_Latn,990,5,33
eng_Latn,990,6,33
eng_Latn,990,7,33
eng_Latn,990,8,47
eng_Latn,990,9,19
eng_Latn,990,10,33
eng_Latn,990,11,33
eng_Latn,990,12,1
eng_Latn,991,0,60
eng_Latn,991,1,41
eng_Latn,991,2,57
eng_Latn,991,3,57
bul_Cyrl,992,0,60
bul_Cyrl,992,1,13
bul_Cyrl,992,2,13
bul_Cyrl,992,3,13
bul_Cyrl,992,4,13
bul_Cyrl,992,5,13
bul_Cyrl,992,6,13
bul_Cyrl,992,7,13
bul_Cyrl,992,8,13
bul_Cyrl,992,9,13
bul_Cyrl,992,10,13
bul_Cyrl,992,11,13
bul_Cyrl,992,12,13
bul_Cyrl,992,13,13
bul_Cyrl,992,14,13
bul_Cyrl,992,15,13
bul_Cyrl,992,16,13
bul_Cyrl,992,17,13
bul_Cyrl,992,18,13
eng_Latn,993,0,60
eng_Latn,993,1,19
eng_Latn,993,2,46
eng_Latn,993,3,15
eng_Latn,993,4,56
eng_Latn,993,5,48
eng_Latn,993,6,53
eng_Latn,993,7,53
eng_Latn,994,0,60
eng_Latn,994,1,19
eng_Latn,994,2,49
eng_Latn,994,3,53
eng_Latn,994,4,53
eng_Latn,994,5,1
eng_Latn,994,6,1
eng_Latn,994,7,52
eng_Latn,995,0,60
eng_Latn,995,1,19
eng_Latn,995,2,40
eng_Latn,995,3,18
eng_Latn,995,4,2
eng_Latn,995,5,37
eng_Latn,995,6,38
eng_Latn,995,7,46
eng_Latn,995,8,12
eng_Latn,995,9,40
eng_Latn,995,10,7
bul_Cyrl,996,0,60
bul_Cyrl,996,1,13
bul_Cyrl,996,2,1
bul_Cyrl,996,3,47
bul_Cyrl,996,4,13
bul_Cyrl,996,5,13
bul_Cyrl,996,6,13
bul_Cyrl,996,7,13
bul_Cyrl,996,8,13
bul_Cyrl,996,9,13
bul_Cyrl,996,10,13
bul_Cyrl,996,11,13
bul_Cyrl,996,12,13
bul_Cyrl,996,13,13
bul_Cyrl,996,14,13
bul_Cyrl,996,15,13
bul_Cyrl,996,16,13
bul_Cyrl,996,17,13
bul_Cyrl,996,18,13
bul_Cyrl,996,19,13
bul_Cyrl,996,20,13
bul_Cyrl,996,21,13
bul_Cyrl,996,22,13
bul_Cyrl,996,23,13
eng_Latn,997,0,60
eng_Latn,997,1,57
eng_Latn,997,2,47
eng_Latn,997,3,8
eng_Latn,997,4,47
bul_Cyrl,998,0,60
bul_Cyrl,998,1,13
bul_Cyrl,998,2,13
bul_Cyrl,998,3,13
bul_Cyrl,998,4,13
bul_Cyrl,998,5,13
bul_Cyrl,998,6,13
bul_Cyrl,998,7,13
bul_Cyrl,998,8,13
bul_Cyrl,998,9,47
bul_Cyrl,998,10,13
bul_Cyrl,999,0,60
bul_Cyrl,999,1,13
bul_Cyrl,999,2,13
bul_Cyrl,999,3,13
bul_Cyrl,999,4,13
bul_Cyrl,999,5,13
bul_Cyrl,999,6,13
bul_Cyrl,999,7,13
bul_Cyrl,999,8,13
bul_Cyrl,999,9,13
bul_Cyrl,999,10,13
bul_Cyrl,999,11,13
bul_Cyrl,999,12,13
bul_Cyrl,999,13,13
bul_Cyrl,999,14,13
bul_Cyrl,999,15,13
bul_Cyrl,999,16,13
bul_Cyrl,999,17,13
bul_Cyrl,999,18,13
bul_Cyrl,999,19,13
bul_Cyrl,999,20,13
bul_Cyrl,999,21,13
