lang,sentence_id,token_idx,expert_id
jpn_Jpan,0,0,60
jpn_Jpan,0,1,13
jpn_Jpan,0,2,13
jpn_Jpan,0,3,47
jpn_Jpan,0,4,13
jpn_Jpan,0,5,13
jpn_Jpan,0,6,1
jpn_Jpan,0,7,13
jpn_Jpan,0,8,13
jpn_Jpan,0,9,13
jpn_Jpan,0,10,13
jpn_Jpan,0,11,13
jpn_Jpan,0,12,13
jpn_Jpan,0,13,13
jpn_Jpan,0,14,61
jpn_Jpan,0,15,61
jpn_Jpan,0,16,13
jpn_Jpan,0,17,13
jpn_Jpan,0,18,24
jpn_Jpan,0,19,24
jpn_Jpan,0,20,13
jpn_Jpan,0,21,24
jpn_Jpan,0,22,24
jpn_Jpan,0,23,24
jpn_Jpan,0,24,36
jpn_Jpan,0,25,13
jpn_Jpan,0,26,19
jpn_Jpan,0,27,13
jpn_Jpan,0,28,13
jpn_Jpan,0,29,47
jpn_Jpan,1,0,60
jpn_Jpan,1,1,13
jpn_Jpan,1,2,52
jpn_Jpan,1,3,1
jpn_Jpan,1,4,52
jpn_Jpan,1,5,13
jpn_Jpan,1,6,9
jpn_Jpan,1,7,13
jpn_Jpan,1,8,61
jpn_Jpan,1,9,19
jpn_Jpan,1,10,19
jpn_Jpan,1,11,22
jpn_Jpan,1,12,13
jpn_Jpan,1,13,19
jpn_Jpan,1,14,13
jpn_Jpan,1,15,19
jpn_Jpan,1,16,13
jpn_Jpan,1,17,12
jpn_Jpan,1,18,19
jpn_Jpan,1,19,13
jpn_Jpan,1,20,39
jpn_Jpan,1,21,61
jpn_Jpan,1,22,42
jpn_Jpan,1,23,26
jpn_Jpan,1,24,19
jpn_Jpan,1,25,61
jpn_Jpan,1,26,13
jpn_Jpan,1,27,11
jpn_Jpan,1,28,19
jpn_Jpan,1,29,13
jpn_Jpan,1,30,19
jpn_Jpan,1,31,13
jpn_Jpan,1,32,52
jpn_Jpan,1,33,19
jpn_Jpan,1,34,13
jpn_Jpan,2,0,60
jpn_Jpan,2,1,13
jpn_Jpan,2,2,13
jpn_Jpan,2,3,39
jpn_Jpan,2,4,13
jpn_Jpan,2,5,61
jpn_Jpan,2,6,61
jpn_Jpan,2,7,13
jpn_Jpan,2,8,24
jpn_Jpan,2,9,19
jpn_Jpan,2,10,13
jpn_Jpan,2,11,19
jpn_Jpan,2,12,13
jpn_Jpan,2,13,24
jpn_Jpan,2,14,19
jpn_Jpan,2,15,19
jpn_Jpan,2,16,13
jpn_Jpan,2,17,19
jpn_Jpan,2,18,34
jpn_Jpan,2,19,36
jpn_Jpan,2,20,13
jpn_Jpan,2,21,13
jpn_Jpan,2,22,13
jpn_Jpan,2,23,39
jpn_Jpan,2,24,39
jpn_Jpan,2,25,13
jpn_Jpan,2,26,13
jpn_Jpan,2,27,13
jpn_Jpan,2,28,19
jpn_Jpan,2,29,13
jpn_Jpan,2,30,34
jpn_Jpan,2,31,19
jpn_Jpan,2,32,13
jpn_Jpan,2,33,13
jpn_Jpan,2,34,24
jpn_Jpan,2,35,36
jpn_Jpan,2,36,24
jpn_Jpan,2,37,13
jpn_Jpan,2,38,13
jpn_Jpan,2,39,28
jpn_Jpan,2,40,47
jpn_Jpan,2,41,19
jpn_Jpan,2,42,13
jpn_Jpan,2,43,13
jpn_Jpan,2,44,34
jpn_Jpan,3,0,60
jpn_Jpan,3,1,13
jpn_Jpan,3,2,36
jpn_Jpan,3,3,24
jpn_Jpan,3,4,13
jpn_Jpan,3,5,13
jpn_Jpan,3,6,13
jpn_Jpan,3,7,13
jpn_Jpan,3,8,19
jpn_Jpan,3,9,13
jpn_Jpan,3,10,24
jpn_Jpan,3,11,13
jpn_Jpan,3,12,13
jpn_Jpan,3,13,24
jpn_Jpan,3,14,61
jpn_Jpan,3,15,13
jpn_Jpan,3,16,13
jpn_Jpan,3,17,13
jpn_Jpan,3,18,13
jpn_Jpan,3,19,13
jpn_Jpan,3,20,13
jpn_Jpan,3,21,61
jpn_Jpan,3,22,13
jpn_Jpan,3,23,34
jpn_Jpan,4,0,60
jpn_Jpan,4,1,13
jpn_Jpan,4,2,24
jpn_Jpan,4,3,24
jpn_Jpan,4,4,47
jpn_Jpan,4,5,47
jpn_Jpan,4,6,19
jpn_Jpan,4,7,13
jpn_Jpan,4,8,19
jpn_Jpan,4,9,39
jpn_Jpan,4,10,13
jpn_Jpan,4,11,13
jpn_Jpan,4,12,13
jpn_Jpan,4,13,34
eng_Latn,5,0,60
eng_Latn,5,1,37
eng_Latn,5,2,34
eng_Latn,5,3,42
eng_Latn,5,4,22
eng_Latn,5,5,19
eng_Latn,5,6,63
eng_Latn,5,7,5
eng_Latn,5,8,47
eng_Latn,6,0,60
eng_Latn,6,1,57
eng_Latn,6,2,41
eng_Latn,6,3,17
eng_Latn,6,4,17
eng_Latn,6,5,16
eng_Latn,6,6,20
eng_Latn,6,7,54
eng_Latn,6,8,38
eng_Latn,6,9,15
jpn_Jpan,7,0,60
jpn_Jpan,7,1,13
jpn_Jpan,7,2,13
jpn_Jpan,7,3,24
jpn_Jpan,7,4,19
jpn_Jpan,7,5,13
jpn_Jpan,7,6,61
jpn_Jpan,7,7,13
jpn_Jpan,7,8,24
jpn_Jpan,7,9,13
jpn_Jpan,7,10,19
jpn_Jpan,7,11,13
jpn_Jpan,7,12,13
jpn_Jpan,7,13,51
eng_Latn,8,0,60
eng_Latn,8,1,12
eng_Latn,8,2,22
eng_Latn,8,3,24
eng_Latn,8,4,47
eng_Latn,8,5,52
eng_Latn,8,6,13
eng_Latn,8,7,13
eng_Latn,8,8,13
eng_Latn,8,9,1
eng_Latn,8,10,13
eng_Latn,8,11,52
eng_Latn,8,12,1
eng_Latn,8,13,58
jpn_Jpan,9,0,60
jpn_Jpan,9,1,61
jpn_Jpan,9,2,13
jpn_Jpan,9,3,24
jpn_Jpan,9,4,47
jpn_Jpan,9,5,13
jpn_Jpan,9,6,13
jpn_Jpan,9,7,24
jpn_Jpan,9,8,13
jpn_Jpan,9,9,24
jpn_Jpan,9,10,13
jpn_Jpan,9,11,24
jpn_Jpan,9,12,24
jpn_Jpan,9,13,19
jpn_Jpan,9,14,13
jpn_Jpan,9,15,19
jpn_Jpan,9,16,13
jpn_Jpan,9,17,13
jpn_Jpan,9,18,34
jpn_Jpan,9,19,13
jpn_Jpan,9,20,24
jpn_Jpan,9,21,19
jpn_Jpan,9,22,47
jpn_Jpan,9,23,13
jpn_Jpan,9,24,13
jpn_Jpan,9,25,13
jpn_Jpan,9,26,19
jpn_Jpan,9,27,13
jpn_Jpan,9,28,13
jpn_Jpan,9,29,51
jpn_Jpan,9,30,51
jpn_Jpan,9,31,34
jpn_Jpan,9,32,51
jpn_Jpan,9,33,13
jpn_Jpan,9,34,51
eng_Latn,10,0,60
eng_Latn,10,1,42
eng_Latn,10,2,38
eng_Latn,10,3,18
eng_Latn,10,4,16
eng_Latn,10,5,33
eng_Latn,10,6,33
eng_Latn,11,0,60
eng_Latn,11,1,45
eng_Latn,11,2,46
eng_Latn,11,3,47
eng_Latn,11,4,23
eng_Latn,11,5,54
eng_Latn,11,6,63
eng_Latn,12,0,60
eng_Latn,12,1,22
eng_Latn,12,2,22
eng_Latn,12,3,19
eng_Latn,12,4,21
jpn_Jpan,13,0,60
jpn_Jpan,13,1,40
jpn_Jpan,13,2,40
jpn_Jpan,13,3,49
jpn_Jpan,13,4,49
jpn_Jpan,13,5,12
jpn_Jpan,13,6,58
jpn_Jpan,13,7,12
jpn_Jpan,13,8,19
jpn_Jpan,13,9,47
jpn_Jpan,13,10,47
jpn_Jpan,13,11,57
jpn_Jpan,13,12,24
eng_Latn,14,0,60
eng_Latn,14,1,52
eng_Latn,14,2,13
eng_Latn,14,3,39
eng_Latn,14,4,19
eng_Latn,14,5,38
eng_Latn,14,6,34
eng_Latn,14,7,45
eng_Latn,14,8,16
eng_Latn,14,9,34
jpn_Jpan,15,0,60
jpn_Jpan,15,1,52
jpn_Jpan,15,2,47
jpn_Jpan,15,3,19
jpn_Jpan,15,4,39
jpn_Jpan,15,5,24
jpn_Jpan,15,6,47
jpn_Jpan,15,7,13
jpn_Jpan,15,8,52
jpn_Jpan,15,9,19
jpn_Jpan,15,10,7
jpn_Jpan,15,11,36
jpn_Jpan,15,12,24
jpn_Jpan,15,13,13
jpn_Jpan,15,14,13
jpn_Jpan,15,15,24
jpn_Jpan,15,16,13
jpn_Jpan,15,17,24
jpn_Jpan,15,18,24
jpn_Jpan,15,19,52
jpn_Jpan,16,0,60
jpn_Jpan,16,1,13
jpn_Jpan,16,2,47
jpn_Jpan,16,3,19
jpn_Jpan,16,4,39
jpn_Jpan,16,5,13
jpn_Jpan,16,6,13
jpn_Jpan,16,7,13
jpn_Jpan,16,8,24
jpn_Jpan,16,9,13
jpn_Jpan,16,10,13
jpn_Jpan,16,11,4
jpn_Jpan,16,12,51
jpn_Jpan,16,13,13
jpn_Jpan,16,14,13
jpn_Jpan,16,15,51
jpn_Jpan,16,16,51
eng_Latn,17,0,60
eng_Latn,17,1,57
eng_Latn,17,2,54
eng_Latn,17,3,5
eng_Latn,17,4,35
eng_Latn,17,5,38
eng_Latn,17,6,19
eng_Latn,17,7,46
eng_Latn,17,8,50
eng_Latn,17,9,21
eng_Latn,18,0,60
eng_Latn,18,1,17
eng_Latn,18,2,9
eng_Latn,18,3,56
eng_Latn,18,4,54
eng_Latn,18,5,38
eng_Latn,18,6,46
eng_Latn,18,7,56
eng_Latn,18,8,56
eng_Latn,18,9,4
eng_Latn,18,10,18
eng_Latn,18,11,50
eng_Latn,18,12,16
eng_Latn,19,0,60
eng_Latn,19,1,18
eng_Latn,19,2,4
eng_Latn,19,3,18
eng_Latn,19,4,34
eng_Latn,19,5,31
eng_Latn,19,6,20
eng_Latn,19,7,16
eng_Latn,20,0,60
eng_Latn,20,1,4
eng_Latn,20,2,52
eng_Latn,20,3,51
eng_Latn,20,4,29
eng_Latn,20,5,4
eng_Latn,20,6,34
eng_Latn,21,0,60
eng_Latn,21,1,31
eng_Latn,21,2,9
eng_Latn,21,3,18
eng_Latn,21,4,34
eng_Latn,21,5,18
eng_Latn,21,6,20
eng_Latn,21,7,41
eng_Latn,21,8,34
eng_Latn,21,9,18
eng_Latn,21,10,34
eng_Latn,22,0,60
eng_Latn,22,1,13
eng_Latn,22,2,6
eng_Latn,22,3,9
eng_Latn,22,4,39
eng_Latn,22,5,40
eng_Latn,22,6,43
eng_Latn,22,7,37
eng_Latn,22,8,57
eng_Latn,22,9,52
eng_Latn,22,10,37
eng_Latn,22,11,52
eng_Latn,23,0,60
eng_Latn,23,1,57
eng_Latn,23,2,57
eng_Latn,23,3,20
eng_Latn,23,4,56
eng_Latn,23,5,16
eng_Latn,23,6,14
eng_Latn,23,7,35
eng_Latn,23,8,63
jpn_Jpan,24,0,60
jpn_Jpan,24,1,1
jpn_Jpan,24,2,52
jpn_Jpan,24,3,13
jpn_Jpan,24,4,24
jpn_Jpan,24,5,13
jpn_Jpan,24,6,34
jpn_Jpan,24,7,13
jpn_Jpan,24,8,24
jpn_Jpan,24,9,13
jpn_Jpan,24,10,13
jpn_Jpan,24,11,13
jpn_Jpan,24,12,13
jpn_Jpan,24,13,61
jpn_Jpan,24,14,13
jpn_Jpan,24,15,13
jpn_Jpan,24,16,19
jpn_Jpan,24,17,13
jpn_Jpan,24,18,13
jpn_Jpan,24,19,12
jpn_Jpan,24,20,19
jpn_Jpan,24,21,13
jpn_Jpan,24,22,19
jpn_Jpan,24,23,13
jpn_Jpan,24,24,13
jpn_Jpan,24,25,13
jpn_Jpan,24,26,47
jpn_Jpan,24,27,13
jpn_Jpan,24,28,12
jpn_Jpan,24,29,13
jpn_Jpan,24,30,19
jpn_Jpan,24,31,13
jpn_Jpan,24,32,13
jpn_Jpan,24,33,47
jpn_Jpan,24,34,13
jpn_Jpan,24,35,13
jpn_Jpan,24,36,24
jpn_Jpan,24,37,13
jpn_Jpan,24,38,19
jpn_Jpan,24,39,13
jpn_Jpan,24,40,19
jpn_Jpan,24,41,13
jpn_Jpan,24,42,13
jpn_Jpan,24,43,24
jpn_Jpan,24,44,52
jpn_Jpan,24,45,13
jpn_Jpan,24,46,24
jpn_Jpan,24,47,13
jpn_Jpan,24,48,34
jpn_Jpan,24,49,34
jpn_Jpan,25,0,60
jpn_Jpan,25,1,36
jpn_Jpan,25,2,24
jpn_Jpan,25,3,47
jpn_Jpan,25,4,13
jpn_Jpan,25,5,13
jpn_Jpan,25,6,13
jpn_Jpan,25,7,24
jpn_Jpan,25,8,13
jpn_Jpan,25,9,13
jpn_Jpan,25,10,19
jpn_Jpan,25,11,13
jpn_Jpan,25,12,24
jpn_Jpan,25,13,13
jpn_Jpan,25,14,24
jpn_Jpan,25,15,13
jpn_Jpan,25,16,13
jpn_Jpan,25,17,13
jpn_Jpan,25,18,13
jpn_Jpan,25,19,34
jpn_Jpan,25,20,13
jpn_Jpan,25,21,24
jpn_Jpan,25,22,24
jpn_Jpan,25,23,47
jpn_Jpan,25,24,13
jpn_Jpan,25,25,13
jpn_Jpan,25,26,13
jpn_Jpan,25,27,19
jpn_Jpan,25,28,13
jpn_Jpan,25,29,24
jpn_Jpan,25,30,61
jpn_Jpan,25,31,13
jpn_Jpan,25,32,19
jpn_Jpan,25,33,34
jpn_Jpan,25,34,24
jpn_Jpan,25,35,13
jpn_Jpan,25,36,34
eng_Latn,26,0,60
eng_Latn,26,1,9
eng_Latn,26,2,19
eng_Latn,26,3,22
eng_Latn,26,4,22
jpn_Jpan,27,0,60
jpn_Jpan,27,1,19
jpn_Jpan,27,2,13
jpn_Jpan,27,3,24
jpn_Jpan,27,4,13
jpn_Jpan,27,5,34
jpn_Jpan,27,6,24
jpn_Jpan,27,7,13
jpn_Jpan,27,8,19
jpn_Jpan,27,9,13
jpn_Jpan,27,10,13
jpn_Jpan,27,11,13
jpn_Jpan,27,12,34
jpn_Jpan,27,13,34
eng_Latn,28,0,60
eng_Latn,28,1,47
eng_Latn,28,2,1
eng_Latn,28,3,22
eng_Latn,28,4,28
eng_Latn,28,5,42
eng_Latn,28,6,1
eng_Latn,28,7,52
eng_Latn,28,8,24
eng_Latn,28,9,36
eng_Latn,28,10,52
eng_Latn,29,0,60
eng_Latn,29,1,52
eng_Latn,29,2,48
eng_Latn,29,3,56
eng_Latn,29,4,14
eng_Latn,29,5,55
eng_Latn,29,6,19
eng_Latn,29,7,19
eng_Latn,29,8,63
jpn_Jpan,30,0,60
jpn_Jpan,30,1,19
jpn_Jpan,30,2,13
jpn_Jpan,30,3,19
jpn_Jpan,30,4,36
jpn_Jpan,30,5,19
jpn_Jpan,30,6,13
jpn_Jpan,30,7,24
jpn_Jpan,30,8,19
jpn_Jpan,30,9,13
jpn_Jpan,30,10,13
jpn_Jpan,30,11,47
jpn_Jpan,30,12,47
jpn_Jpan,30,13,13
jpn_Jpan,30,14,24
jpn_Jpan,30,15,47
jpn_Jpan,30,16,13
jpn_Jpan,30,17,19
jpn_Jpan,30,18,13
jpn_Jpan,30,19,47
jpn_Jpan,30,20,13
jpn_Jpan,30,21,24
jpn_Jpan,30,22,19
jpn_Jpan,30,23,13
jpn_Jpan,30,24,19
jpn_Jpan,30,25,13
jpn_Jpan,30,26,24
jpn_Jpan,30,27,9
jpn_Jpan,30,28,11
jpn_Jpan,30,29,19
jpn_Jpan,30,30,47
jpn_Jpan,30,31,13
jpn_Jpan,30,32,13
jpn_Jpan,30,33,13
jpn_Jpan,30,34,13
jpn_Jpan,30,35,19
jpn_Jpan,30,36,13
jpn_Jpan,30,37,13
jpn_Jpan,30,38,24
jpn_Jpan,30,39,13
jpn_Jpan,30,40,13
jpn_Jpan,30,41,13
jpn_Jpan,30,42,24
jpn_Jpan,30,43,19
jpn_Jpan,30,44,13
jpn_Jpan,30,45,13
jpn_Jpan,30,46,47
jpn_Jpan,30,47,13
jpn_Jpan,30,48,13
jpn_Jpan,30,49,24
jpn_Jpan,30,50,13
jpn_Jpan,30,51,51
jpn_Jpan,30,52,51
jpn_Jpan,30,53,13
jpn_Jpan,30,54,51
jpn_Jpan,30,55,24
jpn_Jpan,30,56,13
jpn_Jpan,30,57,13
jpn_Jpan,31,0,60
jpn_Jpan,31,1,36
jpn_Jpan,31,2,13
jpn_Jpan,31,3,13
jpn_Jpan,31,4,36
jpn_Jpan,31,5,36
jpn_Jpan,31,6,36
jpn_Jpan,31,7,13
jpn_Jpan,31,8,24
jpn_Jpan,31,9,13
jpn_Jpan,31,10,39
jpn_Jpan,31,11,24
jpn_Jpan,31,12,61
jpn_Jpan,31,13,19
jpn_Jpan,31,14,19
jpn_Jpan,31,15,13
jpn_Jpan,31,16,13
jpn_Jpan,31,17,34
jpn_Jpan,31,18,13
jpn_Jpan,31,19,36
jpn_Jpan,31,20,13
jpn_Jpan,31,21,28
jpn_Jpan,31,22,47
jpn_Jpan,31,23,47
jpn_Jpan,31,24,13
jpn_Jpan,31,25,19
jpn_Jpan,31,26,13
jpn_Jpan,31,27,61
jpn_Jpan,31,28,19
jpn_Jpan,31,29,34
jpn_Jpan,31,30,36
jpn_Jpan,31,31,13
jpn_Jpan,31,32,34
jpn_Jpan,31,33,34
eng_Latn,32,0,60
eng_Latn,32,1,42
eng_Latn,32,2,18
eng_Latn,32,3,16
eng_Latn,32,4,54
eng_Latn,32,5,63
eng_Latn,32,6,30
eng_Latn,32,7,37
eng_Latn,32,8,47
jpn_Jpan,33,0,60
jpn_Jpan,33,1,13
jpn_Jpan,33,2,39
jpn_Jpan,33,3,39
jpn_Jpan,33,4,34
jpn_Jpan,33,5,24
jpn_Jpan,33,6,24
jpn_Jpan,33,7,19
jpn_Jpan,33,8,13
jpn_Jpan,33,9,19
jpn_Jpan,33,10,13
jpn_Jpan,33,11,13
jpn_Jpan,33,12,13
jpn_Jpan,33,13,52
jpn_Jpan,33,14,19
jpn_Jpan,33,15,13
jpn_Jpan,33,16,13
jpn_Jpan,33,17,19
jpn_Jpan,33,18,13
jpn_Jpan,33,19,47
jpn_Jpan,33,20,19
jpn_Jpan,33,21,36
jpn_Jpan,33,22,61
jpn_Jpan,33,23,36
jpn_Jpan,33,24,13
jpn_Jpan,33,25,42
jpn_Jpan,33,26,61
jpn_Jpan,33,27,61
jpn_Jpan,33,28,13
jpn_Jpan,33,29,13
jpn_Jpan,33,30,13
jpn_Jpan,33,31,13
jpn_Jpan,33,32,13
jpn_Jpan,33,33,13
jpn_Jpan,33,34,34
jpn_Jpan,34,0,60
jpn_Jpan,34,1,24
jpn_Jpan,34,2,39
jpn_Jpan,34,3,39
jpn_Jpan,34,4,39
jpn_Jpan,34,5,47
jpn_Jpan,34,6,39
jpn_Jpan,34,7,12
jpn_Jpan,34,8,22
eng_Latn,35,0,60
eng_Latn,35,1,34
eng_Latn,35,2,34
eng_Latn,36,0,60
eng_Latn,36,1,47
eng_Latn,36,2,1
eng_Latn,36,3,28
eng_Latn,36,4,13
eng_Latn,36,5,39
eng_Latn,36,6,13
eng_Latn,36,7,27
eng_Latn,36,8,61
eng_Latn,36,9,27
eng_Latn,36,10,27
jpn_Jpan,37,0,60
jpn_Jpan,37,1,13
jpn_Jpan,37,2,36
jpn_Jpan,37,3,19
jpn_Jpan,37,4,13
jpn_Jpan,37,5,13
jpn_Jpan,37,6,24
jpn_Jpan,37,7,26
jpn_Jpan,37,8,47
jpn_Jpan,37,9,13
jpn_Jpan,37,10,13
jpn_Jpan,37,11,61
jpn_Jpan,37,12,13
jpn_Jpan,37,13,19
jpn_Jpan,37,14,36
jpn_Jpan,37,15,24
jpn_Jpan,37,16,13
jpn_Jpan,37,17,19
jpn_Jpan,37,18,13
jpn_Jpan,37,19,13
jpn_Jpan,37,20,13
jpn_Jpan,37,21,24
jpn_Jpan,37,22,19
jpn_Jpan,37,23,13
jpn_Jpan,37,24,19
jpn_Jpan,37,25,13
jpn_Jpan,37,26,13
jpn_Jpan,37,27,13
jpn_Jpan,37,28,13
jpn_Jpan,38,0,60
jpn_Jpan,38,1,24
jpn_Jpan,38,2,19
jpn_Jpan,38,3,13
jpn_Jpan,38,4,34
jpn_Jpan,38,5,13
jpn_Jpan,38,6,13
jpn_Jpan,38,7,24
jpn_Jpan,38,8,13
jpn_Jpan,38,9,13
jpn_Jpan,38,10,39
jpn_Jpan,38,11,19
jpn_Jpan,38,12,13
jpn_Jpan,38,13,13
jpn_Jpan,38,14,24
jpn_Jpan,38,15,13
jpn_Jpan,38,16,13
jpn_Jpan,38,17,34
jpn_Jpan,38,18,13
jpn_Jpan,38,19,13
jpn_Jpan,38,20,36
jpn_Jpan,38,21,24
jpn_Jpan,38,22,13
jpn_Jpan,38,23,13
jpn_Jpan,38,24,13
jpn_Jpan,38,25,13
jpn_Jpan,38,26,47
jpn_Jpan,38,27,19
jpn_Jpan,38,28,13
jpn_Jpan,38,29,13
jpn_Jpan,38,30,13
jpn_Jpan,38,31,13
jpn_Jpan,38,32,34
jpn_Jpan,38,33,13
jpn_Jpan,38,34,47
jpn_Jpan,38,35,13
jpn_Jpan,38,36,34
jpn_Jpan,38,37,34
eng_Latn,39,0,60
eng_Latn,39,1,19
eng_Latn,39,2,18
eng_Latn,39,3,39
eng_Latn,40,0,60
eng_Latn,40,1,60
eng_Latn,40,2,53
eng_Latn,40,3,1
eng_Latn,40,4,52
jpn_Jpan,41,0,60
jpn_Jpan,41,1,19
jpn_Jpan,41,2,13
jpn_Jpan,41,3,13
jpn_Jpan,41,4,13
jpn_Jpan,41,5,13
jpn_Jpan,41,6,61
jpn_Jpan,41,7,13
jpn_Jpan,41,8,13
jpn_Jpan,41,9,36
jpn_Jpan,41,10,19
jpn_Jpan,41,11,13
jpn_Jpan,41,12,36
jpn_Jpan,41,13,24
jpn_Jpan,41,14,13
jpn_Jpan,41,15,13
jpn_Jpan,41,16,24
jpn_Jpan,41,17,19
jpn_Jpan,41,18,13
jpn_Jpan,41,19,34
jpn_Jpan,41,20,36
jpn_Jpan,41,21,13
jpn_Jpan,41,22,13
jpn_Jpan,41,23,13
jpn_Jpan,41,24,13
jpn_Jpan,41,25,13
jpn_Jpan,41,26,13
eng_Latn,42,0,60
eng_Latn,42,1,40
eng_Latn,42,2,63
jpn_Jpan,43,0,60
jpn_Jpan,43,1,13
jpn_Jpan,43,2,1
jpn_Jpan,43,3,13
jpn_Jpan,43,4,13
jpn_Jpan,43,5,12
jpn_Jpan,43,6,26
jpn_Jpan,43,7,13
jpn_Jpan,43,8,24
jpn_Jpan,43,9,24
jpn_Jpan,43,10,19
jpn_Jpan,43,11,13
jpn_Jpan,43,12,47
jpn_Jpan,43,13,24
jpn_Jpan,43,14,24
jpn_Jpan,43,15,19
jpn_Jpan,43,16,13
jpn_Jpan,43,17,47
jpn_Jpan,43,18,13
jpn_Jpan,43,19,24
jpn_Jpan,43,20,47
jpn_Jpan,43,21,39
jpn_Jpan,43,22,13
jpn_Jpan,43,23,13
eng_Latn,44,0,60
eng_Latn,44,1,40
eng_Latn,44,2,8
eng_Latn,44,3,26
eng_Latn,44,4,33
eng_Latn,44,5,52
eng_Latn,44,6,57
eng_Latn,44,7,8
eng_Latn,44,8,49
eng_Latn,45,0,60
eng_Latn,45,1,29
eng_Latn,45,2,41
eng_Latn,45,3,57
eng_Latn,45,4,0
eng_Latn,45,5,31
eng_Latn,45,6,28
eng_Latn,45,7,6
eng_Latn,45,8,15
jpn_Jpan,46,0,60
jpn_Jpan,46,1,13
jpn_Jpan,46,2,13
jpn_Jpan,46,3,47
jpn_Jpan,46,4,39
jpn_Jpan,46,5,19
jpn_Jpan,46,6,34
jpn_Jpan,46,7,34
jpn_Jpan,46,8,13
jpn_Jpan,46,9,24
jpn_Jpan,46,10,24
jpn_Jpan,46,11,13
jpn_Jpan,46,12,13
jpn_Jpan,46,13,19
jpn_Jpan,46,14,36
jpn_Jpan,46,15,24
jpn_Jpan,46,16,13
jpn_Jpan,46,17,39
jpn_Jpan,46,18,24
jpn_Jpan,46,19,13
jpn_Jpan,46,20,19
jpn_Jpan,46,21,34
jpn_Jpan,46,22,13
jpn_Jpan,46,23,24
jpn_Jpan,46,24,12
jpn_Jpan,46,25,19
jpn_Jpan,46,26,13
jpn_Jpan,46,27,58
jpn_Jpan,46,28,52
jpn_Jpan,46,29,52
jpn_Jpan,46,30,13
jpn_Jpan,46,31,52
jpn_Jpan,46,32,34
jpn_Jpan,46,33,24
jpn_Jpan,46,34,61
jpn_Jpan,46,35,19
jpn_Jpan,46,36,19
jpn_Jpan,46,37,13
jpn_Jpan,47,0,60
jpn_Jpan,47,1,13
jpn_Jpan,47,2,36
jpn_Jpan,47,3,13
jpn_Jpan,47,4,13
jpn_Jpan,47,5,36
jpn_Jpan,47,6,24
jpn_Jpan,47,7,19
jpn_Jpan,47,8,13
jpn_Jpan,47,9,13
jpn_Jpan,47,10,13
jpn_Jpan,47,11,13
jpn_Jpan,47,12,13
jpn_Jpan,47,13,34
jpn_Jpan,47,14,13
jpn_Jpan,47,15,13
jpn_Jpan,47,16,13
jpn_Jpan,47,17,34
jpn_Jpan,47,18,13
jpn_Jpan,47,19,47
jpn_Jpan,47,20,13
jpn_Jpan,47,21,34
jpn_Jpan,47,22,24
jpn_Jpan,47,23,13
jpn_Jpan,47,24,13
jpn_Jpan,47,25,36
jpn_Jpan,47,26,36
jpn_Jpan,47,27,13
jpn_Jpan,47,28,34
eng_Latn,48,0,60
eng_Latn,48,1,22
eng_Latn,48,2,34
eng_Latn,48,3,34
eng_Latn,49,0,60
eng_Latn,49,1,34
eng_Latn,49,2,20
eng_Latn,49,3,38
eng_Latn,49,4,61
eng_Latn,49,5,27
eng_Latn,49,6,33
eng_Latn,49,7,33
eng_Latn,50,0,60
eng_Latn,50,1,13
eng_Latn,50,2,13
eng_Latn,50,3,42
eng_Latn,50,4,19
jpn_Jpan,51,0,60
jpn_Jpan,51,1,13
jpn_Jpan,51,2,13
jpn_Jpan,51,3,24
jpn_Jpan,51,4,24
jpn_Jpan,51,5,13
jpn_Jpan,51,6,13
jpn_Jpan,51,7,19
jpn_Jpan,51,8,13
jpn_Jpan,51,9,13
jpn_Jpan,51,10,19
jpn_Jpan,51,11,13
jpn_Jpan,51,12,13
jpn_Jpan,51,13,13
jpn_Jpan,51,14,13
jpn_Jpan,52,0,60
jpn_Jpan,52,1,13
jpn_Jpan,52,2,13
jpn_Jpan,52,3,13
jpn_Jpan,52,4,19
jpn_Jpan,52,5,13
jpn_Jpan,52,6,24
jpn_Jpan,52,7,13
jpn_Jpan,52,8,13
jpn_Jpan,52,9,13
jpn_Jpan,52,10,13
jpn_Jpan,52,11,19
jpn_Jpan,52,12,13
jpn_Jpan,52,13,13
jpn_Jpan,52,14,52
jpn_Jpan,52,15,52
jpn_Jpan,52,16,52
jpn_Jpan,52,17,47
jpn_Jpan,52,18,52
jpn_Jpan,52,19,52
jpn_Jpan,52,20,52
jpn_Jpan,52,21,13
jpn_Jpan,52,22,24
jpn_Jpan,52,23,13
jpn_Jpan,52,24,13
jpn_Jpan,52,25,13
jpn_Jpan,52,26,13
jpn_Jpan,52,27,19
jpn_Jpan,52,28,13
jpn_Jpan,52,29,24
jpn_Jpan,52,30,24
jpn_Jpan,52,31,61
jpn_Jpan,52,32,61
jpn_Jpan,52,33,39
jpn_Jpan,52,34,13
jpn_Jpan,52,35,13
jpn_Jpan,52,36,13
jpn_Jpan,52,37,24
jpn_Jpan,52,38,19
jpn_Jpan,52,39,36
jpn_Jpan,52,40,47
jpn_Jpan,52,41,36
jpn_Jpan,52,42,13
jpn_Jpan,52,43,13
jpn_Jpan,52,44,24
jpn_Jpan,53,0,60
jpn_Jpan,53,1,39
jpn_Jpan,53,2,13
jpn_Jpan,53,3,13
jpn_Jpan,53,4,13
jpn_Jpan,53,5,13
jpn_Jpan,53,6,13
jpn_Jpan,53,7,19
jpn_Jpan,53,8,13
jpn_Jpan,53,9,13
jpn_Jpan,53,10,61
jpn_Jpan,53,11,19
jpn_Jpan,53,12,7
jpn_Jpan,53,13,61
jpn_Jpan,53,14,13
jpn_Jpan,53,15,12
jpn_Jpan,53,16,13
jpn_Jpan,53,17,47
jpn_Jpan,53,18,39
jpn_Jpan,53,19,39
jpn_Jpan,53,20,13
jpn_Jpan,53,21,13
jpn_Jpan,53,22,42
jpn_Jpan,53,23,47
jpn_Jpan,53,24,13
jpn_Jpan,53,25,19
jpn_Jpan,53,26,13
jpn_Jpan,53,27,19
jpn_Jpan,53,28,13
jpn_Jpan,53,29,24
jpn_Jpan,53,30,24
jpn_Jpan,53,31,61
jpn_Jpan,53,32,13
jpn_Jpan,53,33,13
jpn_Jpan,53,34,24
jpn_Jpan,53,35,24
jpn_Jpan,53,36,19
jpn_Jpan,53,37,7
jpn_Jpan,53,38,47
jpn_Jpan,53,39,19
jpn_Jpan,53,40,36
jpn_Jpan,53,41,13
jpn_Jpan,53,42,24
jpn_Jpan,53,43,13
jpn_Jpan,53,44,13
jpn_Jpan,53,45,13
jpn_Jpan,53,46,13
jpn_Jpan,53,47,13
eng_Latn,54,0,60
eng_Latn,54,1,29
eng_Latn,54,2,40
eng_Latn,54,3,26
eng_Latn,54,4,49
eng_Latn,54,5,14
eng_Latn,54,6,34
eng_Latn,54,7,57
jpn_Jpan,55,0,60
jpn_Jpan,55,1,13
jpn_Jpan,55,2,19
jpn_Jpan,55,3,13
jpn_Jpan,55,4,36
jpn_Jpan,55,5,36
jpn_Jpan,55,6,52
jpn_Jpan,55,7,61
jpn_Jpan,55,8,13
jpn_Jpan,55,9,13
jpn_Jpan,55,10,13
jpn_Jpan,55,11,24
jpn_Jpan,55,12,13
jpn_Jpan,55,13,19
jpn_Jpan,55,14,13
jpn_Jpan,55,15,13
jpn_Jpan,55,16,13
jpn_Jpan,55,17,13
jpn_Jpan,55,18,36
jpn_Jpan,55,19,19
jpn_Jpan,55,20,36
jpn_Jpan,55,21,19
jpn_Jpan,55,22,13
jpn_Jpan,55,23,39
jpn_Jpan,55,24,13
jpn_Jpan,55,25,13
jpn_Jpan,55,26,13
jpn_Jpan,55,27,24
jpn_Jpan,55,28,19
jpn_Jpan,55,29,13
jpn_Jpan,55,30,34
jpn_Jpan,56,0,60
jpn_Jpan,56,1,13
jpn_Jpan,56,2,13
jpn_Jpan,56,3,19
jpn_Jpan,56,4,13
jpn_Jpan,56,5,61
jpn_Jpan,56,6,13
jpn_Jpan,56,7,9
jpn_Jpan,56,8,9
jpn_Jpan,56,9,13
jpn_Jpan,56,10,19
jpn_Jpan,56,11,19
jpn_Jpan,56,12,13
jpn_Jpan,56,13,52
jpn_Jpan,56,14,13
jpn_Jpan,56,15,13
jpn_Jpan,56,16,24
jpn_Jpan,56,17,47
jpn_Jpan,56,18,13
jpn_Jpan,56,19,13
jpn_Jpan,56,20,13
jpn_Jpan,56,21,52
jpn_Jpan,56,22,19
jpn_Jpan,56,23,13
jpn_Jpan,56,24,13
jpn_Jpan,56,25,19
jpn_Jpan,56,26,19
jpn_Jpan,56,27,19
jpn_Jpan,56,28,13
jpn_Jpan,56,29,19
jpn_Jpan,56,30,13
jpn_Jpan,56,31,24
jpn_Jpan,56,32,19
jpn_Jpan,56,33,36
jpn_Jpan,56,34,61
jpn_Jpan,56,35,13
jpn_Jpan,56,36,19
jpn_Jpan,56,37,13
jpn_Jpan,56,38,13
jpn_Jpan,56,39,24
jpn_Jpan,56,40,47
jpn_Jpan,56,41,13
jpn_Jpan,56,42,34
jpn_Jpan,56,43,19
jpn_Jpan,56,44,13
jpn_Jpan,57,0,60
jpn_Jpan,57,1,13
jpn_Jpan,57,2,13
jpn_Jpan,57,3,39
jpn_Jpan,57,4,61
jpn_Jpan,57,5,19
jpn_Jpan,57,6,61
jpn_Jpan,57,7,39
jpn_Jpan,57,8,61
jpn_Jpan,57,9,13
jpn_Jpan,57,10,24
jpn_Jpan,57,11,47
jpn_Jpan,57,12,47
jpn_Jpan,57,13,19
jpn_Jpan,57,14,39
jpn_Jpan,57,15,13
jpn_Jpan,57,16,7
jpn_Jpan,57,17,13
jpn_Jpan,57,18,47
jpn_Jpan,57,19,47
jpn_Jpan,57,20,24
jpn_Jpan,57,21,13
jpn_Jpan,57,22,19
jpn_Jpan,57,23,39
jpn_Jpan,57,24,13
jpn_Jpan,57,25,24
jpn_Jpan,57,26,47
jpn_Jpan,57,27,13
jpn_Jpan,57,28,19
jpn_Jpan,57,29,39
jpn_Jpan,57,30,13
jpn_Jpan,57,31,24
jpn_Jpan,57,32,19
jpn_Jpan,57,33,19
jpn_Jpan,57,34,13
jpn_Jpan,57,35,13
jpn_Jpan,57,36,13
jpn_Jpan,57,37,24
jpn_Jpan,57,38,13
jpn_Jpan,57,39,13
jpn_Jpan,57,40,19
jpn_Jpan,57,41,13
jpn_Jpan,57,42,13
eng_Latn,58,0,60
eng_Latn,58,1,1
eng_Latn,58,2,37
eng_Latn,58,3,37
eng_Latn,58,4,37
eng_Latn,58,5,49
eng_Latn,59,0,60
eng_Latn,59,1,45
eng_Latn,59,2,18
eng_Latn,59,3,9
eng_Latn,59,4,56
eng_Latn,59,5,57
eng_Latn,59,6,24
eng_Latn,59,7,57
eng_Latn,60,0,60
eng_Latn,60,1,22
eng_Latn,60,2,41
eng_Latn,60,3,34
eng_Latn,61,0,60
eng_Latn,61,1,24
eng_Latn,61,2,52
eng_Latn,61,3,24
eng_Latn,61,4,52
eng_Latn,62,0,60
eng_Latn,62,1,49
eng_Latn,62,2,24
eng_Latn,62,3,47
eng_Latn,62,4,39
eng_Latn,63,0,60
eng_Latn,63,1,22
eng_Latn,63,2,54
eng_Latn,63,3,54
eng_Latn,63,4,10
eng_Latn,63,5,16
eng_Latn,64,0,60
eng_Latn,64,1,63
eng_Latn,64,2,63
eng_Latn,64,3,53
eng_Latn,64,4,37
eng_Latn,64,5,63
jpn_Jpan,65,0,60
jpn_Jpan,65,1,13
jpn_Jpan,65,2,13
jpn_Jpan,65,3,13
jpn_Jpan,65,4,13
jpn_Jpan,65,5,61
jpn_Jpan,65,6,39
jpn_Jpan,65,7,13
jpn_Jpan,65,8,24
jpn_Jpan,65,9,19
jpn_Jpan,65,10,13
jpn_Jpan,65,11,13
jpn_Jpan,65,12,13
jpn_Jpan,65,13,24
jpn_Jpan,65,14,24
jpn_Jpan,65,15,19
jpn_Jpan,65,16,13
jpn_Jpan,65,17,19
jpn_Jpan,65,18,13
jpn_Jpan,65,19,13
jpn_Jpan,65,20,13
jpn_Jpan,65,21,24
jpn_Jpan,65,22,47
jpn_Jpan,65,23,13
jpn_Jpan,65,24,19
jpn_Jpan,65,25,7
jpn_Jpan,65,26,13
jpn_Jpan,65,27,13
jpn_Jpan,65,28,34
eng_Latn,66,0,60
eng_Latn,66,1,22
eng_Latn,66,2,53
eng_Latn,66,3,46
eng_Latn,66,4,15
eng_Latn,67,0,60
eng_Latn,67,1,16
eng_Latn,67,2,59
eng_Latn,67,3,19
eng_Latn,67,4,17
eng_Latn,67,5,53
eng_Latn,67,6,46
eng_Latn,68,0,60
eng_Latn,68,1,51
eng_Latn,68,2,18
eng_Latn,68,3,18
eng_Latn,68,4,21
eng_Latn,68,5,16
eng_Latn,68,6,54
eng_Latn,68,7,52
eng_Latn,68,8,52
eng_Latn,68,9,52
eng_Latn,68,10,37
eng_Latn,68,11,49
eng_Latn,69,0,60
eng_Latn,69,1,35
eng_Latn,69,2,56
eng_Latn,69,3,16
eng_Latn,69,4,16
eng_Latn,69,5,54
eng_Latn,69,6,38
eng_Latn,69,7,50
eng_Latn,69,8,63
jpn_Jpan,70,0,60
jpn_Jpan,70,1,13
jpn_Jpan,70,2,13
jpn_Jpan,70,3,13
jpn_Jpan,70,4,39
jpn_Jpan,70,5,47
jpn_Jpan,70,6,13
jpn_Jpan,70,7,7
jpn_Jpan,70,8,47
jpn_Jpan,70,9,19
jpn_Jpan,70,10,7
jpn_Jpan,70,11,61
jpn_Jpan,70,12,7
jpn_Jpan,70,13,9
jpn_Jpan,70,14,19
jpn_Jpan,70,15,13
jpn_Jpan,70,16,36
jpn_Jpan,70,17,19
jpn_Jpan,70,18,7
jpn_Jpan,70,19,9
jpn_Jpan,70,20,13
jpn_Jpan,70,21,24
jpn_Jpan,70,22,47
jpn_Jpan,70,23,13
jpn_Jpan,70,24,13
jpn_Jpan,70,25,39
jpn_Jpan,70,26,13
jpn_Jpan,70,27,13
jpn_Jpan,70,28,24
jpn_Jpan,70,29,47
jpn_Jpan,70,30,47
jpn_Jpan,70,31,13
jpn_Jpan,70,32,13
jpn_Jpan,70,33,61
jpn_Jpan,70,34,13
jpn_Jpan,70,35,13
jpn_Jpan,71,0,60
jpn_Jpan,71,1,13
jpn_Jpan,71,2,13
jpn_Jpan,71,3,61
jpn_Jpan,71,4,13
jpn_Jpan,71,5,12
jpn_Jpan,71,6,58
jpn_Jpan,71,7,12
jpn_Jpan,71,8,61
jpn_Jpan,72,0,60
jpn_Jpan,72,1,13
jpn_Jpan,72,2,39
jpn_Jpan,72,3,13
jpn_Jpan,72,4,13
jpn_Jpan,72,5,13
jpn_Jpan,72,6,24
jpn_Jpan,72,7,61
jpn_Jpan,72,8,13
jpn_Jpan,72,9,39
jpn_Jpan,72,10,39
jpn_Jpan,72,11,12
jpn_Jpan,72,12,52
eng_Latn,73,0,60
eng_Latn,73,1,60
eng_Latn,73,2,61
eng_Latn,73,3,39
eng_Latn,73,4,7
eng_Latn,73,5,11
eng_Latn,73,6,35
eng_Latn,73,7,48
eng_Latn,73,8,56
eng_Latn,73,9,54
eng_Latn,73,10,35
eng_Latn,73,11,35
eng_Latn,73,12,51
eng_Latn,74,0,60
eng_Latn,74,1,39
eng_Latn,74,2,5
eng_Latn,74,3,35
eng_Latn,74,4,18
eng_Latn,74,5,14
eng_Latn,74,6,18
eng_Latn,74,7,14
eng_Latn,74,8,14
eng_Latn,74,9,47
jpn_Jpan,75,0,60
jpn_Jpan,75,1,13
jpn_Jpan,75,2,19
jpn_Jpan,75,3,36
jpn_Jpan,75,4,19
jpn_Jpan,75,5,36
jpn_Jpan,75,6,61
jpn_Jpan,75,7,13
jpn_Jpan,75,8,24
jpn_Jpan,75,9,61
jpn_Jpan,75,10,13
jpn_Jpan,75,11,19
jpn_Jpan,75,12,13
jpn_Jpan,75,13,24
jpn_Jpan,75,14,61
jpn_Jpan,75,15,61
jpn_Jpan,75,16,19
jpn_Jpan,75,17,13
jpn_Jpan,75,18,19
jpn_Jpan,75,19,13
jpn_Jpan,75,20,19
jpn_Jpan,75,21,13
jpn_Jpan,75,22,47
jpn_Jpan,75,23,19
jpn_Jpan,75,24,13
jpn_Jpan,75,25,36
jpn_Jpan,75,26,24
jpn_Jpan,75,27,47
jpn_Jpan,75,28,47
jpn_Jpan,75,29,7
jpn_Jpan,75,30,13
jpn_Jpan,75,31,24
jpn_Jpan,75,32,47
jpn_Jpan,75,33,13
jpn_Jpan,75,34,19
jpn_Jpan,75,35,13
jpn_Jpan,75,36,13
jpn_Jpan,75,37,24
jpn_Jpan,75,38,13
jpn_Jpan,75,39,34
jpn_Jpan,75,40,34
jpn_Jpan,76,0,60
jpn_Jpan,76,1,13
jpn_Jpan,76,2,13
jpn_Jpan,76,3,13
jpn_Jpan,76,4,13
jpn_Jpan,76,5,1
jpn_Jpan,76,6,13
jpn_Jpan,76,7,13
jpn_Jpan,76,8,13
jpn_Jpan,76,9,13
jpn_Jpan,76,10,13
jpn_Jpan,76,11,13
jpn_Jpan,76,12,13
jpn_Jpan,76,13,47
jpn_Jpan,76,14,19
jpn_Jpan,76,15,34
jpn_Jpan,76,16,24
jpn_Jpan,76,17,19
jpn_Jpan,76,18,13
jpn_Jpan,76,19,13
jpn_Jpan,76,20,51
jpn_Jpan,76,21,51
jpn_Jpan,76,22,51
jpn_Jpan,76,23,11
jpn_Jpan,76,24,13
jpn_Jpan,76,25,13
jpn_Jpan,76,26,39
jpn_Jpan,77,0,60
jpn_Jpan,77,1,24
jpn_Jpan,77,2,13
jpn_Jpan,77,3,13
jpn_Jpan,77,4,36
jpn_Jpan,77,5,13
jpn_Jpan,77,6,19
jpn_Jpan,77,7,19
jpn_Jpan,77,8,13
jpn_Jpan,77,9,13
jpn_Jpan,77,10,13
jpn_Jpan,77,11,24
jpn_Jpan,77,12,24
jpn_Jpan,77,13,19
jpn_Jpan,77,14,36
jpn_Jpan,77,15,47
jpn_Jpan,77,16,13
jpn_Jpan,77,17,19
jpn_Jpan,77,18,13
jpn_Jpan,77,19,24
jpn_Jpan,77,20,24
jpn_Jpan,77,21,24
jpn_Jpan,77,22,47
jpn_Jpan,77,23,47
jpn_Jpan,77,24,36
jpn_Jpan,77,25,61
jpn_Jpan,77,26,13
jpn_Jpan,77,27,61
jpn_Jpan,77,28,13
jpn_Jpan,77,29,19
jpn_Jpan,77,30,13
jpn_Jpan,77,31,13
jpn_Jpan,77,32,13
eng_Latn,78,0,60
eng_Latn,78,1,51
eng_Latn,78,2,51
jpn_Jpan,79,0,60
jpn_Jpan,79,1,19
jpn_Jpan,79,2,13
jpn_Jpan,79,3,24
jpn_Jpan,79,4,61
jpn_Jpan,79,5,13
jpn_Jpan,79,6,19
jpn_Jpan,79,7,19
jpn_Jpan,79,8,13
jpn_Jpan,79,9,19
jpn_Jpan,79,10,13
jpn_Jpan,79,11,34
jpn_Jpan,79,12,24
jpn_Jpan,79,13,47
jpn_Jpan,79,14,19
jpn_Jpan,79,15,13
jpn_Jpan,79,16,13
jpn_Jpan,79,17,47
jpn_Jpan,79,18,13
jpn_Jpan,79,19,61
jpn_Jpan,79,20,13
jpn_Jpan,79,21,24
jpn_Jpan,79,22,13
jpn_Jpan,79,23,24
jpn_Jpan,79,24,13
jpn_Jpan,79,25,13
jpn_Jpan,79,26,24
jpn_Jpan,79,27,61
jpn_Jpan,79,28,19
jpn_Jpan,79,29,13
jpn_Jpan,79,30,13
jpn_Jpan,79,31,19
jpn_Jpan,79,32,13
jpn_Jpan,79,33,13
jpn_Jpan,79,34,19
jpn_Jpan,79,35,13
jpn_Jpan,79,36,13
jpn_Jpan,79,37,9
jpn_Jpan,79,38,22
jpn_Jpan,79,39,37
jpn_Jpan,79,40,52
eng_Latn,80,0,60
eng_Latn,80,1,19
eng_Latn,80,2,19
eng_Latn,80,3,15
eng_Latn,80,4,16
eng_Latn,80,5,33
eng_Latn,80,6,33
eng_Latn,80,7,33
eng_Latn,81,0,60
eng_Latn,81,1,49
eng_Latn,81,2,26
eng_Latn,82,0,60
eng_Latn,82,1,15
eng_Latn,82,2,56
eng_Latn,82,3,63
eng_Latn,82,4,60
eng_Latn,82,5,30
eng_Latn,82,6,37
eng_Latn,83,0,60
eng_Latn,83,1,20
eng_Latn,83,2,35
eng_Latn,83,3,24
eng_Latn,83,4,24
eng_Latn,83,5,23
eng_Latn,83,6,24
eng_Latn,83,7,33
eng_Latn,83,8,52
jpn_Jpan,84,0,60
jpn_Jpan,84,1,19
jpn_Jpan,84,2,8
jpn_Jpan,84,3,24
jpn_Jpan,84,4,61
jpn_Jpan,84,5,47
jpn_Jpan,84,6,27
jpn_Jpan,85,0,60
jpn_Jpan,85,1,47
jpn_Jpan,85,2,13
jpn_Jpan,85,3,1
jpn_Jpan,85,4,13
jpn_Jpan,85,5,1
jpn_Jpan,85,6,13
jpn_Jpan,85,7,34
jpn_Jpan,86,0,60
jpn_Jpan,86,1,13
jpn_Jpan,86,2,19
jpn_Jpan,86,3,13
jpn_Jpan,86,4,7
jpn_Jpan,86,5,9
jpn_Jpan,86,6,9
jpn_Jpan,86,7,1
jpn_Jpan,86,8,13
jpn_Jpan,86,9,13
jpn_Jpan,86,10,13
jpn_Jpan,86,11,13
jpn_Jpan,86,12,19
jpn_Jpan,86,13,36
jpn_Jpan,86,14,47
jpn_Jpan,86,15,19
jpn_Jpan,86,16,36
jpn_Jpan,86,17,24
jpn_Jpan,86,18,61
jpn_Jpan,86,19,13
jpn_Jpan,86,20,24
jpn_Jpan,86,21,24
jpn_Jpan,86,22,13
jpn_Jpan,86,23,13
jpn_Jpan,86,24,61
jpn_Jpan,86,25,61
jpn_Jpan,86,26,13
eng_Latn,87,0,60
eng_Latn,87,1,9
eng_Latn,87,2,9
eng_Latn,87,3,31
eng_Latn,87,4,51
eng_Latn,87,5,54
eng_Latn,87,6,18
eng_Latn,87,7,4
eng_Latn,87,8,61
eng_Latn,87,9,47
eng_Latn,87,10,34
eng_Latn,87,11,53
eng_Latn,87,12,34
jpn_Jpan,88,0,60
jpn_Jpan,88,1,13
jpn_Jpan,88,2,47
jpn_Jpan,88,3,39
jpn_Jpan,88,4,61
jpn_Jpan,88,5,13
jpn_Jpan,88,6,24
jpn_Jpan,88,7,13
jpn_Jpan,88,8,19
jpn_Jpan,88,9,13
jpn_Jpan,88,10,61
jpn_Jpan,88,11,13
jpn_Jpan,88,12,19
jpn_Jpan,88,13,13
jpn_Jpan,88,14,13
jpn_Jpan,88,15,19
jpn_Jpan,88,16,13
jpn_Jpan,88,17,13
jpn_Jpan,88,18,13
jpn_Jpan,88,19,13
jpn_Jpan,88,20,47
jpn_Jpan,88,21,19
jpn_Jpan,88,22,13
jpn_Jpan,88,23,13
jpn_Jpan,88,24,24
jpn_Jpan,88,25,13
jpn_Jpan,88,26,19
jpn_Jpan,88,27,13
jpn_Jpan,88,28,13
jpn_Jpan,88,29,13
jpn_Jpan,88,30,13
jpn_Jpan,88,31,12
jpn_Jpan,88,32,13
jpn_Jpan,88,33,13
jpn_Jpan,88,34,51
jpn_Jpan,88,35,24
jpn_Jpan,88,36,13
jpn_Jpan,88,37,13
jpn_Jpan,88,38,13
jpn_Jpan,88,39,39
jpn_Jpan,88,40,34
jpn_Jpan,89,0,60
jpn_Jpan,89,1,13
jpn_Jpan,89,2,13
jpn_Jpan,89,3,13
jpn_Jpan,89,4,12
jpn_Jpan,89,5,13
jpn_Jpan,89,6,13
jpn_Jpan,89,7,13
jpn_Jpan,89,8,39
jpn_Jpan,89,9,51
eng_Latn,90,0,60
eng_Latn,90,1,48
eng_Latn,90,2,56
eng_Latn,90,3,63
eng_Latn,90,4,58
eng_Latn,90,5,58
eng_Latn,90,6,58
eng_Latn,90,7,6
eng_Latn,91,0,60
eng_Latn,91,1,22
eng_Latn,91,2,9
eng_Latn,91,3,9
eng_Latn,91,4,40
eng_Latn,91,5,51
eng_Latn,91,6,9
eng_Latn,91,7,9
eng_Latn,91,8,22
eng_Latn,91,9,9
eng_Latn,91,10,61
eng_Latn,91,11,22
eng_Latn,91,12,41
eng_Latn,91,13,34
eng_Latn,92,0,60
eng_Latn,92,1,54
eng_Latn,92,2,18
eng_Latn,92,3,18
eng_Latn,92,4,18
eng_Latn,92,5,62
eng_Latn,92,6,62
eng_Latn,92,7,57
eng_Latn,92,8,19
eng_Latn,92,9,34
eng_Latn,93,0,60
eng_Latn,93,1,49
eng_Latn,93,2,39
eng_Latn,93,3,11
eng_Latn,93,4,47
eng_Latn,93,5,47
jpn_Jpan,94,0,60
jpn_Jpan,94,1,13
jpn_Jpan,94,2,13
jpn_Jpan,94,3,13
jpn_Jpan,94,4,13
jpn_Jpan,94,5,47
jpn_Jpan,94,6,36
jpn_Jpan,94,7,13
jpn_Jpan,94,8,19
jpn_Jpan,94,9,13
jpn_Jpan,94,10,13
jpn_Jpan,94,11,13
jpn_Jpan,94,12,13
jpn_Jpan,94,13,13
jpn_Jpan,94,14,13
jpn_Jpan,94,15,13
jpn_Jpan,94,16,13
jpn_Jpan,94,17,13
jpn_Jpan,94,18,36
jpn_Jpan,94,19,13
jpn_Jpan,94,20,47
jpn_Jpan,94,21,13
jpn_Jpan,94,22,13
jpn_Jpan,94,23,24
jpn_Jpan,94,24,13
jpn_Jpan,94,25,13
jpn_Jpan,94,26,13
jpn_Jpan,94,27,24
jpn_Jpan,94,28,13
jpn_Jpan,94,29,34
jpn_Jpan,94,30,13
jpn_Jpan,94,31,24
jpn_Jpan,94,32,13
jpn_Jpan,94,33,34
jpn_Jpan,95,0,60
jpn_Jpan,95,1,24
jpn_Jpan,95,2,47
jpn_Jpan,95,3,19
jpn_Jpan,95,4,13
jpn_Jpan,95,5,13
jpn_Jpan,95,6,19
jpn_Jpan,95,7,13
jpn_Jpan,95,8,24
jpn_Jpan,95,9,19
jpn_Jpan,95,10,13
jpn_Jpan,95,11,13
jpn_Jpan,95,12,13
jpn_Jpan,95,13,47
jpn_Jpan,95,14,13
jpn_Jpan,95,15,13
jpn_Jpan,95,16,13
jpn_Jpan,95,17,61
jpn_Jpan,95,18,13
jpn_Jpan,95,19,13
jpn_Jpan,95,20,13
jpn_Jpan,95,21,13
jpn_Jpan,95,22,47
jpn_Jpan,95,23,13
jpn_Jpan,95,24,13
jpn_Jpan,95,25,12
jpn_Jpan,95,26,40
jpn_Jpan,95,27,22
jpn_Jpan,95,28,61
jpn_Jpan,95,29,40
jpn_Jpan,95,30,61
jpn_Jpan,95,31,7
jpn_Jpan,95,32,13
jpn_Jpan,96,0,60
jpn_Jpan,96,1,19
jpn_Jpan,96,2,13
jpn_Jpan,96,3,61
jpn_Jpan,96,4,19
jpn_Jpan,96,5,39
jpn_Jpan,96,6,19
jpn_Jpan,96,7,13
jpn_Jpan,96,8,39
jpn_Jpan,96,9,13
jpn_Jpan,96,10,24
jpn_Jpan,96,11,52
jpn_Jpan,96,12,61
jpn_Jpan,96,13,13
jpn_Jpan,96,14,13
jpn_Jpan,96,15,24
jpn_Jpan,96,16,47
jpn_Jpan,96,17,13
jpn_Jpan,96,18,13
jpn_Jpan,96,19,13
jpn_Jpan,97,0,60
jpn_Jpan,97,1,36
jpn_Jpan,97,2,24
jpn_Jpan,97,3,13
jpn_Jpan,97,4,36
jpn_Jpan,97,5,24
jpn_Jpan,97,6,19
jpn_Jpan,97,7,13
jpn_Jpan,97,8,19
jpn_Jpan,97,9,13
jpn_Jpan,97,10,11
jpn_Jpan,97,11,19
jpn_Jpan,97,12,36
jpn_Jpan,97,13,36
jpn_Jpan,97,14,26
jpn_Jpan,97,15,26
jpn_Jpan,97,16,36
jpn_Jpan,97,17,24
jpn_Jpan,97,18,13
jpn_Jpan,97,19,13
jpn_Jpan,97,20,39
jpn_Jpan,97,21,13
jpn_Jpan,97,22,13
jpn_Jpan,97,23,13
jpn_Jpan,97,24,24
jpn_Jpan,97,25,26
jpn_Jpan,97,26,19
jpn_Jpan,97,27,36
jpn_Jpan,97,28,36
jpn_Jpan,97,29,61
jpn_Jpan,97,30,36
jpn_Jpan,97,31,26
jpn_Jpan,97,32,19
jpn_Jpan,97,33,36
jpn_Jpan,97,34,13
jpn_Jpan,97,35,61
jpn_Jpan,97,36,13
jpn_Jpan,97,37,13
jpn_Jpan,97,38,13
jpn_Jpan,97,39,39
jpn_Jpan,97,40,13
jpn_Jpan,97,41,47
jpn_Jpan,97,42,13
jpn_Jpan,97,43,13
jpn_Jpan,97,44,13
jpn_Jpan,97,45,24
jpn_Jpan,97,46,13
jpn_Jpan,97,47,13
jpn_Jpan,97,48,19
jpn_Jpan,97,49,34
jpn_Jpan,97,50,13
jpn_Jpan,97,51,13
jpn_Jpan,97,52,13
eng_Latn,98,0,60
eng_Latn,98,1,22
eng_Latn,98,2,22
eng_Latn,98,3,22
eng_Latn,98,4,58
jpn_Jpan,99,0,60
jpn_Jpan,99,1,13
jpn_Jpan,99,2,13
jpn_Jpan,99,3,13
jpn_Jpan,99,4,24
jpn_Jpan,99,5,19
jpn_Jpan,99,6,13
jpn_Jpan,99,7,34
jpn_Jpan,99,8,13
jpn_Jpan,99,9,24
jpn_Jpan,99,10,13
jpn_Jpan,99,11,13
jpn_Jpan,99,12,13
jpn_Jpan,99,13,13
jpn_Jpan,99,14,13
jpn_Jpan,99,15,13
jpn_Jpan,99,16,13
jpn_Jpan,99,17,13
jpn_Jpan,99,18,24
jpn_Jpan,99,19,19
jpn_Jpan,99,20,13
jpn_Jpan,99,21,47
jpn_Jpan,99,22,24
jpn_Jpan,99,23,13
jpn_Jpan,99,24,24
jpn_Jpan,99,25,13
jpn_Jpan,99,26,19
jpn_Jpan,99,27,47
jpn_Jpan,99,28,39
jpn_Jpan,99,29,39
jpn_Jpan,99,30,13
jpn_Jpan,99,31,24
jpn_Jpan,99,32,19
jpn_Jpan,99,33,13
jpn_Jpan,99,34,19
jpn_Jpan,99,35,34
jpn_Jpan,99,36,13
jpn_Jpan,99,37,13
jpn_Jpan,99,38,13
jpn_Jpan,99,39,34
jpn_Jpan,99,40,19
jpn_Jpan,99,41,13
jpn_Jpan,100,0,60
jpn_Jpan,100,1,13
jpn_Jpan,100,2,19
jpn_Jpan,100,3,36
jpn_Jpan,100,4,34
jpn_Jpan,100,5,13
jpn_Jpan,100,6,19
jpn_Jpan,100,7,13
jpn_Jpan,100,8,13
jpn_Jpan,100,9,24
jpn_Jpan,100,10,13
jpn_Jpan,100,11,13
jpn_Jpan,100,12,13
jpn_Jpan,100,13,24
jpn_Jpan,100,14,47
jpn_Jpan,100,15,13
jpn_Jpan,100,16,13
jpn_Jpan,100,17,13
jpn_Jpan,100,18,13
jpn_Jpan,100,19,19
jpn_Jpan,100,20,13
jpn_Jpan,100,21,24
jpn_Jpan,100,22,13
jpn_Jpan,100,23,24
jpn_Jpan,100,24,52
jpn_Jpan,100,25,19
jpn_Jpan,100,26,13
jpn_Jpan,100,27,13
jpn_Jpan,100,28,13
jpn_Jpan,100,29,13
jpn_Jpan,100,30,13
jpn_Jpan,100,31,47
jpn_Jpan,100,32,13
jpn_Jpan,100,33,13
jpn_Jpan,100,34,34
jpn_Jpan,101,0,60
jpn_Jpan,101,1,52
jpn_Jpan,101,2,9
jpn_Jpan,101,3,13
jpn_Jpan,101,4,19
jpn_Jpan,101,5,13
jpn_Jpan,101,6,13
jpn_Jpan,101,7,13
jpn_Jpan,101,8,13
jpn_Jpan,101,9,13
jpn_Jpan,101,10,52
jpn_Jpan,101,11,52
jpn_Jpan,101,12,19
jpn_Jpan,101,13,13
jpn_Jpan,101,14,13
jpn_Jpan,101,15,13
jpn_Jpan,101,16,24
jpn_Jpan,101,17,13
jpn_Jpan,101,18,13
jpn_Jpan,101,19,9
jpn_Jpan,101,20,13
jpn_Jpan,101,21,9
jpn_Jpan,101,22,24
jpn_Jpan,101,23,13
jpn_Jpan,101,24,47
jpn_Jpan,101,25,13
jpn_Jpan,101,26,39
jpn_Jpan,101,27,13
jpn_Jpan,101,28,13
jpn_Jpan,101,29,34
jpn_Jpan,101,30,11
jpn_Jpan,101,31,13
jpn_Jpan,101,32,47
jpn_Jpan,101,33,39
jpn_Jpan,101,34,13
jpn_Jpan,101,35,13
jpn_Jpan,101,36,13
jpn_Jpan,101,37,1
jpn_Jpan,101,38,19
jpn_Jpan,101,39,13
jpn_Jpan,101,40,34
jpn_Jpan,101,41,51
jpn_Jpan,101,42,13
jpn_Jpan,101,43,13
jpn_Jpan,101,44,51
jpn_Jpan,101,45,51
eng_Latn,102,0,60
eng_Latn,102,1,18
eng_Latn,102,2,21
eng_Latn,102,3,25
eng_Latn,102,4,25
eng_Latn,102,5,25
eng_Latn,102,6,25
eng_Latn,102,7,52
eng_Latn,102,8,57
jpn_Jpan,103,0,60
jpn_Jpan,103,1,13
jpn_Jpan,103,2,13
jpn_Jpan,103,3,52
jpn_Jpan,103,4,19
jpn_Jpan,103,5,13
jpn_Jpan,103,6,12
jpn_Jpan,103,7,24
jpn_Jpan,103,8,13
jpn_Jpan,103,9,13
jpn_Jpan,103,10,24
jpn_Jpan,103,11,19
jpn_Jpan,103,12,13
jpn_Jpan,103,13,13
jpn_Jpan,103,14,24
jpn_Jpan,103,15,13
jpn_Jpan,103,16,13
jpn_Jpan,103,17,24
jpn_Jpan,103,18,19
jpn_Jpan,103,19,13
jpn_Jpan,103,20,34
jpn_Jpan,103,21,13
eng_Latn,104,0,60
eng_Latn,104,1,29
eng_Latn,104,2,22
eng_Latn,104,3,34
eng_Latn,104,4,34
eng_Latn,104,5,12
eng_Latn,104,6,58
eng_Latn,104,7,24
eng_Latn,104,8,61
jpn_Jpan,105,0,60
jpn_Jpan,105,1,24
jpn_Jpan,105,2,19
jpn_Jpan,105,3,13
jpn_Jpan,105,4,24
jpn_Jpan,105,5,13
jpn_Jpan,105,6,13
jpn_Jpan,105,7,24
jpn_Jpan,105,8,19
jpn_Jpan,105,9,13
jpn_Jpan,105,10,34
jpn_Jpan,105,11,13
jpn_Jpan,105,12,13
jpn_Jpan,105,13,13
jpn_Jpan,105,14,24
jpn_Jpan,105,15,13
jpn_Jpan,105,16,13
jpn_Jpan,105,17,34
jpn_Jpan,106,0,60
jpn_Jpan,106,1,47
jpn_Jpan,106,2,19
jpn_Jpan,106,3,13
jpn_Jpan,106,4,39
jpn_Jpan,106,5,13
jpn_Jpan,106,6,19
jpn_Jpan,106,7,47
jpn_Jpan,106,8,13
jpn_Jpan,106,9,24
jpn_Jpan,106,10,19
jpn_Jpan,106,11,36
jpn_Jpan,106,12,13
jpn_Jpan,106,13,24
jpn_Jpan,106,14,47
jpn_Jpan,106,15,13
jpn_Jpan,106,16,24
jpn_Jpan,106,17,13
jpn_Jpan,106,18,24
jpn_Jpan,106,19,13
jpn_Jpan,106,20,24
jpn_Jpan,106,21,36
jpn_Jpan,106,22,19
jpn_Jpan,106,23,36
jpn_Jpan,106,24,47
jpn_Jpan,106,25,34
jpn_Jpan,107,0,60
jpn_Jpan,107,1,24
jpn_Jpan,107,2,24
jpn_Jpan,107,3,61
jpn_Jpan,107,4,19
jpn_Jpan,107,5,28
jpn_Jpan,107,6,13
jpn_Jpan,107,7,24
jpn_Jpan,107,8,61
jpn_Jpan,107,9,19
jpn_Jpan,107,10,7
jpn_Jpan,107,11,24
jpn_Jpan,107,12,13
jpn_Jpan,107,13,47
jpn_Jpan,107,14,13
jpn_Jpan,107,15,13
jpn_Jpan,107,16,24
jpn_Jpan,107,17,13
jpn_Jpan,107,18,13
jpn_Jpan,107,19,13
jpn_Jpan,107,20,13
jpn_Jpan,107,21,24
jpn_Jpan,107,22,24
jpn_Jpan,107,23,24
jpn_Jpan,107,24,19
jpn_Jpan,107,25,13
jpn_Jpan,107,26,24
jpn_Jpan,107,27,13
jpn_Jpan,107,28,13
jpn_Jpan,107,29,13
jpn_Jpan,107,30,13
jpn_Jpan,107,31,13
jpn_Jpan,107,32,24
jpn_Jpan,107,33,34
jpn_Jpan,108,0,60
jpn_Jpan,108,1,19
jpn_Jpan,108,2,13
jpn_Jpan,108,3,47
jpn_Jpan,108,4,36
jpn_Jpan,108,5,47
jpn_Jpan,108,6,61
jpn_Jpan,108,7,36
jpn_Jpan,108,8,36
jpn_Jpan,108,9,36
jpn_Jpan,108,10,13
jpn_Jpan,108,11,47
jpn_Jpan,108,12,19
jpn_Jpan,108,13,13
jpn_Jpan,108,14,24
jpn_Jpan,108,15,13
jpn_Jpan,108,16,13
jpn_Jpan,108,17,61
jpn_Jpan,108,18,36
jpn_Jpan,108,19,13
jpn_Jpan,108,20,13
jpn_Jpan,108,21,13
jpn_Jpan,108,22,13
jpn_Jpan,108,23,13
jpn_Jpan,108,24,34
jpn_Jpan,108,25,13
eng_Latn,109,0,60
eng_Latn,109,1,56
eng_Latn,109,2,4
eng_Latn,110,0,60
eng_Latn,110,1,22
eng_Latn,110,2,42
eng_Latn,110,3,38
eng_Latn,110,4,19
eng_Latn,110,5,8
eng_Latn,110,6,19
eng_Latn,110,7,8
eng_Latn,110,8,5
eng_Latn,110,9,51
eng_Latn,110,10,8
eng_Latn,110,11,8
eng_Latn,110,12,15
jpn_Jpan,111,0,60
jpn_Jpan,111,1,13
jpn_Jpan,111,2,13
jpn_Jpan,111,3,24
jpn_Jpan,111,4,52
jpn_Jpan,111,5,52
jpn_Jpan,111,6,19
jpn_Jpan,111,7,34
jpn_Jpan,111,8,24
jpn_Jpan,111,9,19
jpn_Jpan,111,10,13
jpn_Jpan,111,11,47
jpn_Jpan,111,12,7
jpn_Jpan,111,13,34
eng_Latn,112,0,60
eng_Latn,112,1,50
eng_Latn,112,2,16
eng_Latn,112,3,54
eng_Latn,112,4,54
eng_Latn,112,5,53
eng_Latn,112,6,52
eng_Latn,112,7,52
eng_Latn,113,0,60
eng_Latn,113,1,30
eng_Latn,113,2,48
eng_Latn,113,3,48
eng_Latn,113,4,30
eng_Latn,113,5,19
eng_Latn,113,6,63
eng_Latn,114,0,60
eng_Latn,114,1,19
eng_Latn,114,2,56
eng_Latn,114,3,57
jpn_Jpan,115,0,60
jpn_Jpan,115,1,13
jpn_Jpan,115,2,36
jpn_Jpan,115,3,24
jpn_Jpan,115,4,47
jpn_Jpan,115,5,40
jpn_Jpan,115,6,36
jpn_Jpan,115,7,24
jpn_Jpan,115,8,47
jpn_Jpan,115,9,52
jpn_Jpan,115,10,13
jpn_Jpan,115,11,13
jpn_Jpan,115,12,19
jpn_Jpan,115,13,13
jpn_Jpan,115,14,13
jpn_Jpan,115,15,34
jpn_Jpan,115,16,13
jpn_Jpan,115,17,13
jpn_Jpan,115,18,36
jpn_Jpan,115,19,13
jpn_Jpan,115,20,36
jpn_Jpan,115,21,11
jpn_Jpan,115,22,24
jpn_Jpan,115,23,47
jpn_Jpan,115,24,7
jpn_Jpan,115,25,36
jpn_Jpan,115,26,24
jpn_Jpan,115,27,13
jpn_Jpan,115,28,19
jpn_Jpan,115,29,13
jpn_Jpan,115,30,13
jpn_Jpan,115,31,13
jpn_Jpan,115,32,19
jpn_Jpan,115,33,13
jpn_Jpan,115,34,13
jpn_Jpan,115,35,13
jpn_Jpan,115,36,13
jpn_Jpan,115,37,36
jpn_Jpan,115,38,13
jpn_Jpan,115,39,34
eng_Latn,116,0,60
eng_Latn,116,1,19
eng_Latn,116,2,21
eng_Latn,116,3,5
eng_Latn,116,4,59
eng_Latn,116,5,46
eng_Latn,116,6,19
eng_Latn,116,7,21
jpn_Jpan,117,0,60
jpn_Jpan,117,1,13
jpn_Jpan,117,2,34
jpn_Jpan,117,3,13
jpn_Jpan,117,4,13
jpn_Jpan,117,5,13
jpn_Jpan,117,6,36
jpn_Jpan,117,7,7
jpn_Jpan,117,8,24
jpn_Jpan,117,9,57
jpn_Jpan,117,10,13
jpn_Jpan,117,11,13
jpn_Jpan,117,12,13
jpn_Jpan,117,13,19
jpn_Jpan,117,14,13
jpn_Jpan,117,15,13
jpn_Jpan,117,16,24
jpn_Jpan,117,17,24
jpn_Jpan,117,18,19
jpn_Jpan,117,19,19
jpn_Jpan,117,20,13
jpn_Jpan,117,21,13
jpn_Jpan,117,22,13
jpn_Jpan,117,23,1
jpn_Jpan,117,24,19
jpn_Jpan,117,25,13
jpn_Jpan,117,26,13
jpn_Jpan,117,27,34
jpn_Jpan,118,0,60
jpn_Jpan,118,1,61
jpn_Jpan,118,2,13
jpn_Jpan,118,3,13
jpn_Jpan,118,4,13
jpn_Jpan,118,5,13
jpn_Jpan,118,6,61
jpn_Jpan,118,7,13
jpn_Jpan,118,8,13
jpn_Jpan,118,9,39
jpn_Jpan,118,10,24
jpn_Jpan,118,11,13
jpn_Jpan,118,12,36
jpn_Jpan,118,13,24
jpn_Jpan,118,14,24
jpn_Jpan,118,15,47
jpn_Jpan,118,16,19
jpn_Jpan,118,17,13
jpn_Jpan,118,18,24
jpn_Jpan,118,19,19
jpn_Jpan,118,20,36
jpn_Jpan,118,21,13
jpn_Jpan,118,22,13
jpn_Jpan,118,23,13
jpn_Jpan,118,24,36
jpn_Jpan,118,25,24
jpn_Jpan,118,26,13
jpn_Jpan,118,27,19
jpn_Jpan,118,28,13
jpn_Jpan,118,29,36
jpn_Jpan,118,30,19
jpn_Jpan,118,31,13
jpn_Jpan,118,32,13
jpn_Jpan,118,33,61
jpn_Jpan,118,34,13
jpn_Jpan,118,35,34
jpn_Jpan,118,36,13
jpn_Jpan,118,37,34
jpn_Jpan,118,38,61
jpn_Jpan,118,39,13
jpn_Jpan,118,40,13
jpn_Jpan,119,0,60
jpn_Jpan,119,1,13
jpn_Jpan,119,2,24
jpn_Jpan,119,3,24
jpn_Jpan,119,4,13
jpn_Jpan,119,5,24
jpn_Jpan,119,6,13
jpn_Jpan,119,7,19
jpn_Jpan,119,8,47
jpn_Jpan,119,9,13
jpn_Jpan,119,10,39
jpn_Jpan,119,11,61
jpn_Jpan,119,12,19
jpn_Jpan,119,13,36
jpn_Jpan,119,14,24
jpn_Jpan,119,15,19
jpn_Jpan,119,16,13
jpn_Jpan,119,17,13
jpn_Jpan,119,18,13
jpn_Jpan,119,19,36
jpn_Jpan,119,20,24
jpn_Jpan,119,21,34
jpn_Jpan,120,0,60
jpn_Jpan,120,1,24
jpn_Jpan,120,2,40
jpn_Jpan,120,3,24
jpn_Jpan,120,4,47
jpn_Jpan,120,5,47
jpn_Jpan,120,6,36
jpn_Jpan,120,7,36
jpn_Jpan,120,8,36
jpn_Jpan,120,9,36
jpn_Jpan,120,10,52
jpn_Jpan,120,11,36
jpn_Jpan,120,12,37
jpn_Jpan,120,13,36
jpn_Jpan,120,14,37
jpn_Jpan,120,15,52
jpn_Jpan,121,0,60
jpn_Jpan,121,1,24
jpn_Jpan,121,2,24
jpn_Jpan,121,3,52
jpn_Jpan,121,4,13
jpn_Jpan,121,5,24
jpn_Jpan,121,6,47
jpn_Jpan,121,7,19
jpn_Jpan,121,8,13
jpn_Jpan,121,9,13
jpn_Jpan,121,10,19
jpn_Jpan,121,11,13
jpn_Jpan,121,12,13
jpn_Jpan,121,13,24
jpn_Jpan,121,14,52
jpn_Jpan,121,15,19
jpn_Jpan,121,16,13
jpn_Jpan,121,17,13
jpn_Jpan,122,0,60
jpn_Jpan,122,1,13
jpn_Jpan,122,2,19
jpn_Jpan,122,3,13
jpn_Jpan,122,4,24
jpn_Jpan,122,5,13
jpn_Jpan,122,6,13
jpn_Jpan,122,7,47
jpn_Jpan,122,8,13
jpn_Jpan,122,9,24
jpn_Jpan,122,10,13
jpn_Jpan,122,11,13
jpn_Jpan,122,12,13
jpn_Jpan,122,13,13
jpn_Jpan,122,14,13
jpn_Jpan,122,15,34
jpn_Jpan,122,16,13
jpn_Jpan,122,17,13
jpn_Jpan,122,18,13
jpn_Jpan,122,19,13
jpn_Jpan,122,20,24
jpn_Jpan,122,21,19
jpn_Jpan,122,22,13
jpn_Jpan,122,23,13
jpn_Jpan,122,24,13
jpn_Jpan,122,25,24
jpn_Jpan,122,26,13
jpn_Jpan,122,27,13
jpn_Jpan,122,28,19
jpn_Jpan,122,29,39
jpn_Jpan,123,0,60
jpn_Jpan,123,1,13
jpn_Jpan,123,2,24
jpn_Jpan,123,3,13
jpn_Jpan,123,4,13
jpn_Jpan,123,5,51
jpn_Jpan,123,6,51
jpn_Jpan,123,7,13
jpn_Jpan,123,8,13
jpn_Jpan,123,9,13
jpn_Jpan,123,10,51
jpn_Jpan,123,11,13
jpn_Jpan,123,12,13
jpn_Jpan,123,13,13
jpn_Jpan,123,14,34
jpn_Jpan,123,15,51
jpn_Jpan,123,16,51
jpn_Jpan,123,17,51
eng_Latn,124,0,60
eng_Latn,124,1,9
eng_Latn,124,2,56
eng_Latn,124,3,54
eng_Latn,124,4,18
eng_Latn,124,5,20
eng_Latn,124,6,31
jpn_Jpan,125,0,60
jpn_Jpan,125,1,29
jpn_Jpan,125,2,24
jpn_Jpan,125,3,24
jpn_Jpan,125,4,13
jpn_Jpan,125,5,24
jpn_Jpan,125,6,13
jpn_Jpan,125,7,24
jpn_Jpan,125,8,13
jpn_Jpan,125,9,24
jpn_Jpan,125,10,13
jpn_Jpan,125,11,13
jpn_Jpan,125,12,13
jpn_Jpan,125,13,13
jpn_Jpan,125,14,39
jpn_Jpan,125,15,39
jpn_Jpan,125,16,61
jpn_Jpan,125,17,47
jpn_Jpan,125,18,19
jpn_Jpan,125,19,13
jpn_Jpan,125,20,13
jpn_Jpan,125,21,13
jpn_Jpan,125,22,13
jpn_Jpan,125,23,24
jpn_Jpan,125,24,19
jpn_Jpan,125,25,13
jpn_Jpan,125,26,24
jpn_Jpan,125,27,47
jpn_Jpan,125,28,19
jpn_Jpan,125,29,13
jpn_Jpan,125,30,24
jpn_Jpan,125,31,19
jpn_Jpan,125,32,13
jpn_Jpan,125,33,13
jpn_Jpan,125,34,34
jpn_Jpan,125,35,24
jpn_Jpan,125,36,34
jpn_Jpan,125,37,13
jpn_Jpan,125,38,13
jpn_Jpan,125,39,47
jpn_Jpan,125,40,13
jpn_Jpan,125,41,24
jpn_Jpan,125,42,13
jpn_Jpan,125,43,24
jpn_Jpan,125,44,19
jpn_Jpan,125,45,13
jpn_Jpan,125,46,13
jpn_Jpan,125,47,24
jpn_Jpan,126,0,60
jpn_Jpan,126,1,13
jpn_Jpan,126,2,39
jpn_Jpan,126,3,7
jpn_Jpan,126,4,9
jpn_Jpan,126,5,13
jpn_Jpan,126,6,13
jpn_Jpan,126,7,13
jpn_Jpan,126,8,19
jpn_Jpan,126,9,13
jpn_Jpan,126,10,13
jpn_Jpan,126,11,39
jpn_Jpan,126,12,13
jpn_Jpan,126,13,13
jpn_Jpan,126,14,19
jpn_Jpan,126,15,13
jpn_Jpan,126,16,24
jpn_Jpan,126,17,13
jpn_Jpan,126,18,13
jpn_Jpan,126,19,39
jpn_Jpan,126,20,13
jpn_Jpan,126,21,58
jpn_Jpan,126,22,12
jpn_Jpan,126,23,61
eng_Latn,127,0,60
eng_Latn,127,1,10
eng_Latn,127,2,56
eng_Latn,127,3,54
eng_Latn,127,4,41
eng_Latn,127,5,46
eng_Latn,128,0,60
eng_Latn,128,1,9
eng_Latn,128,2,38
eng_Latn,128,3,15
eng_Latn,128,4,56
eng_Latn,128,5,63
eng_Latn,128,6,57
eng_Latn,128,7,30
eng_Latn,128,8,52
eng_Latn,128,9,63
jpn_Jpan,129,0,60
jpn_Jpan,129,1,52
jpn_Jpan,129,2,24
jpn_Jpan,129,3,24
jpn_Jpan,129,4,52
jpn_Jpan,129,5,13
jpn_Jpan,129,6,13
jpn_Jpan,129,7,24
jpn_Jpan,129,8,24
jpn_Jpan,129,9,13
jpn_Jpan,129,10,13
jpn_Jpan,129,11,13
jpn_Jpan,129,12,36
jpn_Jpan,129,13,13
jpn_Jpan,130,0,60
jpn_Jpan,130,1,13
jpn_Jpan,130,2,36
jpn_Jpan,130,3,13
jpn_Jpan,130,4,13
jpn_Jpan,130,5,24
jpn_Jpan,130,6,24
jpn_Jpan,130,7,13
jpn_Jpan,130,8,13
jpn_Jpan,130,9,24
jpn_Jpan,130,10,24
jpn_Jpan,130,11,13
jpn_Jpan,130,12,13
jpn_Jpan,130,13,24
jpn_Jpan,130,14,61
jpn_Jpan,130,15,61
jpn_Jpan,130,16,61
jpn_Jpan,130,17,39
jpn_Jpan,130,18,19
jpn_Jpan,130,19,13
jpn_Jpan,130,20,24
jpn_Jpan,130,21,13
jpn_Jpan,130,22,13
jpn_Jpan,130,23,13
jpn_Jpan,130,24,61
jpn_Jpan,130,25,13
jpn_Jpan,130,26,36
jpn_Jpan,130,27,13
jpn_Jpan,130,28,13
jpn_Jpan,130,29,36
jpn_Jpan,130,30,24
jpn_Jpan,130,31,19
jpn_Jpan,130,32,13
jpn_Jpan,130,33,13
jpn_Jpan,130,34,13
jpn_Jpan,130,35,13
jpn_Jpan,130,36,13
jpn_Jpan,130,37,13
jpn_Jpan,130,38,34
jpn_Jpan,130,39,13
jpn_Jpan,130,40,13
jpn_Jpan,130,41,13
jpn_Jpan,130,42,34
eng_Latn,131,0,60
eng_Latn,131,1,47
eng_Latn,131,2,49
eng_Latn,131,3,5
eng_Latn,131,4,49
jpn_Jpan,132,0,60
jpn_Jpan,132,1,13
jpn_Jpan,132,2,24
jpn_Jpan,132,3,24
jpn_Jpan,132,4,13
jpn_Jpan,132,5,13
jpn_Jpan,132,6,13
jpn_Jpan,132,7,61
jpn_Jpan,132,8,19
jpn_Jpan,132,9,13
jpn_Jpan,132,10,61
jpn_Jpan,132,11,19
jpn_Jpan,132,12,13
jpn_Jpan,132,13,24
jpn_Jpan,132,14,13
jpn_Jpan,132,15,13
jpn_Jpan,132,16,24
jpn_Jpan,132,17,13
jpn_Jpan,132,18,13
jpn_Jpan,132,19,24
jpn_Jpan,132,20,13
jpn_Jpan,132,21,24
jpn_Jpan,132,22,24
jpn_Jpan,132,23,19
jpn_Jpan,132,24,13
jpn_Jpan,132,25,13
jpn_Jpan,132,26,24
jpn_Jpan,132,27,13
jpn_Jpan,132,28,24
jpn_Jpan,132,29,13
jpn_Jpan,132,30,13
jpn_Jpan,132,31,19
jpn_Jpan,132,32,13
jpn_Jpan,132,33,13
jpn_Jpan,132,34,13
jpn_Jpan,132,35,13
jpn_Jpan,132,36,24
jpn_Jpan,132,37,13
jpn_Jpan,132,38,13
jpn_Jpan,132,39,19
jpn_Jpan,132,40,13
jpn_Jpan,132,41,24
jpn_Jpan,132,42,13
jpn_Jpan,132,43,13
jpn_Jpan,132,44,39
jpn_Jpan,132,45,13
jpn_Jpan,132,46,24
jpn_Jpan,132,47,19
jpn_Jpan,132,48,13
jpn_Jpan,132,49,13
jpn_Jpan,132,50,13
jpn_Jpan,132,51,13
jpn_Jpan,132,52,34
eng_Latn,133,0,60
eng_Latn,133,1,22
eng_Latn,133,2,52
eng_Latn,133,3,37
eng_Latn,133,4,22
eng_Latn,134,0,60
eng_Latn,134,1,40
eng_Latn,134,2,26
eng_Latn,134,3,47
eng_Latn,134,4,49
eng_Latn,134,5,5
eng_Latn,134,6,5
eng_Latn,134,7,40
eng_Latn,134,8,26
eng_Latn,135,0,60
eng_Latn,135,1,9
eng_Latn,135,2,56
eng_Latn,135,3,54
eng_Latn,135,4,50
eng_Latn,135,5,20
eng_Latn,135,6,57
eng_Latn,135,7,41
jpn_Jpan,136,0,60
jpn_Jpan,136,1,13
jpn_Jpan,136,2,7
jpn_Jpan,136,3,24
jpn_Jpan,136,4,19
jpn_Jpan,136,5,13
jpn_Jpan,136,6,19
jpn_Jpan,136,7,13
jpn_Jpan,136,8,24
jpn_Jpan,136,9,13
jpn_Jpan,136,10,13
jpn_Jpan,136,11,24
jpn_Jpan,136,12,24
jpn_Jpan,136,13,13
jpn_Jpan,136,14,19
jpn_Jpan,136,15,34
jpn_Jpan,136,16,11
jpn_Jpan,136,17,13
jpn_Jpan,136,18,13
jpn_Jpan,136,19,24
jpn_Jpan,136,20,13
jpn_Jpan,136,21,24
jpn_Jpan,136,22,13
jpn_Jpan,136,23,24
jpn_Jpan,136,24,19
jpn_Jpan,136,25,13
jpn_Jpan,136,26,39
jpn_Jpan,136,27,13
jpn_Jpan,136,28,24
jpn_Jpan,136,29,19
jpn_Jpan,136,30,13
jpn_Jpan,136,31,19
jpn_Jpan,136,32,13
jpn_Jpan,136,33,13
jpn_Jpan,136,34,13
jpn_Jpan,136,35,47
jpn_Jpan,136,36,19
jpn_Jpan,136,37,13
jpn_Jpan,136,38,13
jpn_Jpan,136,39,13
jpn_Jpan,136,40,13
jpn_Jpan,136,41,13
jpn_Jpan,136,42,47
jpn_Jpan,136,43,19
jpn_Jpan,136,44,13
jpn_Jpan,137,0,60
jpn_Jpan,137,1,13
jpn_Jpan,137,2,13
jpn_Jpan,137,3,13
jpn_Jpan,137,4,13
jpn_Jpan,137,5,24
jpn_Jpan,137,6,19
jpn_Jpan,137,7,13
jpn_Jpan,137,8,13
jpn_Jpan,137,9,61
jpn_Jpan,137,10,13
jpn_Jpan,137,11,19
jpn_Jpan,137,12,13
jpn_Jpan,137,13,13
jpn_Jpan,137,14,13
jpn_Jpan,137,15,24
jpn_Jpan,137,16,13
jpn_Jpan,137,17,13
jpn_Jpan,138,0,60
jpn_Jpan,138,1,36
jpn_Jpan,138,2,24
jpn_Jpan,138,3,52
jpn_Jpan,138,4,1
jpn_Jpan,138,5,52
jpn_Jpan,138,6,13
jpn_Jpan,138,7,24
jpn_Jpan,138,8,52
jpn_Jpan,138,9,34
jpn_Jpan,138,10,13
jpn_Jpan,138,11,36
jpn_Jpan,139,0,60
jpn_Jpan,139,1,13
jpn_Jpan,139,2,13
jpn_Jpan,139,3,13
jpn_Jpan,139,4,12
jpn_Jpan,139,5,24
jpn_Jpan,139,6,19
jpn_Jpan,139,7,40
jpn_Jpan,139,8,24
jpn_Jpan,139,9,13
jpn_Jpan,139,10,13
jpn_Jpan,139,11,13
jpn_Jpan,139,12,24
jpn_Jpan,139,13,13
jpn_Jpan,139,14,13
jpn_Jpan,139,15,13
jpn_Jpan,139,16,13
jpn_Jpan,139,17,13
jpn_Jpan,139,18,39
jpn_Jpan,139,19,13
jpn_Jpan,139,20,61
jpn_Jpan,139,21,13
jpn_Jpan,139,22,13
eng_Latn,140,0,60
eng_Latn,140,1,12
eng_Latn,140,2,42
eng_Latn,140,3,22
eng_Latn,140,4,27
eng_Latn,140,5,49
eng_Latn,140,6,9
eng_Latn,140,7,29
eng_Latn,140,8,22
jpn_Jpan,141,0,60
jpn_Jpan,141,1,13
jpn_Jpan,141,2,24
jpn_Jpan,141,3,24
jpn_Jpan,141,4,52
jpn_Jpan,141,5,13
jpn_Jpan,141,6,24
jpn_Jpan,141,7,13
jpn_Jpan,141,8,39
jpn_Jpan,141,9,52
jpn_Jpan,141,10,47
jpn_Jpan,141,11,19
jpn_Jpan,141,12,13
jpn_Jpan,141,13,24
jpn_Jpan,141,14,24
jpn_Jpan,141,15,61
jpn_Jpan,141,16,13
jpn_Jpan,141,17,13
jpn_Jpan,141,18,24
jpn_Jpan,141,19,13
jpn_Jpan,141,20,47
jpn_Jpan,141,21,19
jpn_Jpan,141,22,61
jpn_Jpan,141,23,13
jpn_Jpan,141,24,7
jpn_Jpan,141,25,13
jpn_Jpan,141,26,24
jpn_Jpan,141,27,47
jpn_Jpan,141,28,13
jpn_Jpan,141,29,13
jpn_Jpan,141,30,13
jpn_Jpan,141,31,13
jpn_Jpan,141,32,34
jpn_Jpan,141,33,61
jpn_Jpan,141,34,19
jpn_Jpan,141,35,19
jpn_Jpan,141,36,34
jpn_Jpan,141,37,13
jpn_Jpan,141,38,34
jpn_Jpan,141,39,24
jpn_Jpan,141,40,13
eng_Latn,142,0,60
eng_Latn,142,1,38
eng_Latn,142,2,15
eng_Latn,142,3,56
eng_Latn,142,4,32
eng_Latn,142,5,4
eng_Latn,142,6,18
eng_Latn,142,7,50
eng_Latn,142,8,49
eng_Latn,143,0,60
eng_Latn,143,1,51
eng_Latn,143,2,34
eng_Latn,143,3,54
eng_Latn,143,4,9
eng_Latn,143,5,17
eng_Latn,143,6,20
eng_Latn,143,7,62
eng_Latn,143,8,34
jpn_Jpan,144,0,60
jpn_Jpan,144,1,19
jpn_Jpan,144,2,13
jpn_Jpan,144,3,36
jpn_Jpan,144,4,19
jpn_Jpan,144,5,13
jpn_Jpan,144,6,24
jpn_Jpan,144,7,47
jpn_Jpan,144,8,13
jpn_Jpan,144,9,24
jpn_Jpan,144,10,24
jpn_Jpan,144,11,13
jpn_Jpan,144,12,24
jpn_Jpan,144,13,24
jpn_Jpan,144,14,19
jpn_Jpan,144,15,13
jpn_Jpan,144,16,13
jpn_Jpan,144,17,39
jpn_Jpan,144,18,19
jpn_Jpan,144,19,13
jpn_Jpan,144,20,13
jpn_Jpan,144,21,24
jpn_Jpan,144,22,13
jpn_Jpan,144,23,13
jpn_Jpan,144,24,13
jpn_Jpan,144,25,13
jpn_Jpan,144,26,24
jpn_Jpan,144,27,13
jpn_Jpan,144,28,13
jpn_Jpan,144,29,34
jpn_Jpan,144,30,34
jpn_Jpan,144,31,51
eng_Latn,145,0,60
eng_Latn,145,1,29
eng_Latn,145,2,56
eng_Latn,145,3,51
eng_Latn,145,4,45
eng_Latn,145,5,38
eng_Latn,145,6,33
eng_Latn,145,7,33
eng_Latn,145,8,1
jpn_Jpan,146,0,60
jpn_Jpan,146,1,13
jpn_Jpan,146,2,24
jpn_Jpan,146,3,13
jpn_Jpan,146,4,47
jpn_Jpan,146,5,47
jpn_Jpan,146,6,13
jpn_Jpan,146,7,24
jpn_Jpan,146,8,13
jpn_Jpan,146,9,47
jpn_Jpan,146,10,34
jpn_Jpan,146,11,61
jpn_Jpan,146,12,13
jpn_Jpan,146,13,34
jpn_Jpan,146,14,13
jpn_Jpan,146,15,39
jpn_Jpan,146,16,13
jpn_Jpan,146,17,34
jpn_Jpan,146,18,13
jpn_Jpan,146,19,19
jpn_Jpan,146,20,13
jpn_Jpan,146,21,13
jpn_Jpan,146,22,34
eng_Latn,147,0,60
eng_Latn,147,1,37
eng_Latn,147,2,62
eng_Latn,147,3,12
eng_Latn,147,4,35
eng_Latn,147,5,22
eng_Latn,147,6,16
eng_Latn,148,0,60
eng_Latn,148,1,56
eng_Latn,148,2,51
eng_Latn,148,3,18
eng_Latn,148,4,20
eng_Latn,149,0,60
eng_Latn,149,1,54
eng_Latn,149,2,9
eng_Latn,149,3,9
eng_Latn,149,4,54
eng_Latn,149,5,56
eng_Latn,149,6,8
eng_Latn,149,7,16
eng_Latn,150,0,60
eng_Latn,150,1,18
eng_Latn,150,2,0
jpn_Jpan,151,0,60
jpn_Jpan,151,1,19
jpn_Jpan,151,2,13
jpn_Jpan,151,3,24
jpn_Jpan,151,4,19
jpn_Jpan,151,5,13
jpn_Jpan,151,6,13
jpn_Jpan,151,7,13
jpn_Jpan,151,8,19
jpn_Jpan,151,9,13
jpn_Jpan,151,10,7
jpn_Jpan,151,11,13
jpn_Jpan,151,12,13
jpn_Jpan,151,13,13
jpn_Jpan,151,14,13
jpn_Jpan,151,15,13
jpn_Jpan,151,16,24
jpn_Jpan,151,17,24
jpn_Jpan,151,18,13
jpn_Jpan,151,19,47
jpn_Jpan,151,20,19
jpn_Jpan,151,21,39
jpn_Jpan,151,22,19
jpn_Jpan,151,23,39
jpn_Jpan,151,24,26
jpn_Jpan,151,25,47
jpn_Jpan,151,26,13
jpn_Jpan,151,27,13
jpn_Jpan,151,28,24
jpn_Jpan,151,29,52
jpn_Jpan,151,30,24
jpn_Jpan,151,31,13
jpn_Jpan,151,32,13
jpn_Jpan,151,33,24
jpn_Jpan,151,34,47
jpn_Jpan,151,35,13
jpn_Jpan,151,36,13
jpn_Jpan,151,37,13
jpn_Jpan,151,38,13
jpn_Jpan,151,39,13
jpn_Jpan,151,40,51
eng_Latn,152,0,60
eng_Latn,152,1,54
eng_Latn,152,2,38
eng_Latn,152,3,19
eng_Latn,152,4,46
eng_Latn,152,5,21
eng_Latn,152,6,16
eng_Latn,152,7,57
eng_Latn,153,0,60
eng_Latn,153,1,22
eng_Latn,153,2,45
eng_Latn,153,3,50
eng_Latn,153,4,18
eng_Latn,153,5,16
eng_Latn,153,6,11
eng_Latn,153,7,54
jpn_Jpan,154,0,60
jpn_Jpan,154,1,13
jpn_Jpan,154,2,13
jpn_Jpan,154,3,24
jpn_Jpan,154,4,47
jpn_Jpan,154,5,7
jpn_Jpan,154,6,19
jpn_Jpan,154,7,19
jpn_Jpan,154,8,13
jpn_Jpan,154,9,24
jpn_Jpan,154,10,52
jpn_Jpan,154,11,52
jpn_Jpan,154,12,52
jpn_Jpan,154,13,52
jpn_Jpan,154,14,52
jpn_Jpan,154,15,19
jpn_Jpan,154,16,13
jpn_Jpan,154,17,24
jpn_Jpan,154,18,52
jpn_Jpan,154,19,52
jpn_Jpan,154,20,7
jpn_Jpan,154,21,1
jpn_Jpan,154,22,19
jpn_Jpan,154,23,19
jpn_Jpan,154,24,13
jpn_Jpan,154,25,1
jpn_Jpan,154,26,52
jpn_Jpan,154,27,52
jpn_Jpan,154,28,52
jpn_Jpan,154,29,52
jpn_Jpan,154,30,52
jpn_Jpan,154,31,19
jpn_Jpan,154,32,34
eng_Latn,155,0,60
eng_Latn,155,1,9
eng_Latn,155,2,29
eng_Latn,155,3,54
eng_Latn,155,4,38
eng_Latn,155,5,46
eng_Latn,155,6,17
eng_Latn,155,7,17
eng_Latn,155,8,16
eng_Latn,155,9,16
eng_Latn,155,10,57
eng_Latn,155,11,34
jpn_Jpan,156,0,60
jpn_Jpan,156,1,13
jpn_Jpan,156,2,36
jpn_Jpan,156,3,24
jpn_Jpan,156,4,19
jpn_Jpan,156,5,13
jpn_Jpan,156,6,61
jpn_Jpan,156,7,13
jpn_Jpan,156,8,13
jpn_Jpan,156,9,24
jpn_Jpan,156,10,1
jpn_Jpan,156,11,13
jpn_Jpan,156,12,13
jpn_Jpan,156,13,13
jpn_Jpan,156,14,61
jpn_Jpan,156,15,13
jpn_Jpan,156,16,19
jpn_Jpan,156,17,13
jpn_Jpan,156,18,24
jpn_Jpan,156,19,24
jpn_Jpan,156,20,19
jpn_Jpan,156,21,13
jpn_Jpan,156,22,13
jpn_Jpan,156,23,24
jpn_Jpan,156,24,52
jpn_Jpan,156,25,52
jpn_Jpan,156,26,52
jpn_Jpan,156,27,47
jpn_Jpan,156,28,13
jpn_Jpan,156,29,1
jpn_Jpan,156,30,19
jpn_Jpan,156,31,1
jpn_Jpan,156,32,52
jpn_Jpan,156,33,52
jpn_Jpan,156,34,52
jpn_Jpan,156,35,19
jpn_Jpan,156,36,13
jpn_Jpan,156,37,13
jpn_Jpan,156,38,13
jpn_Jpan,156,39,13
jpn_Jpan,156,40,13
jpn_Jpan,156,41,34
jpn_Jpan,157,0,60
jpn_Jpan,157,1,60
jpn_Jpan,157,2,13
jpn_Jpan,157,3,13
jpn_Jpan,157,4,24
jpn_Jpan,157,5,36
jpn_Jpan,157,6,47
jpn_Jpan,157,7,13
jpn_Jpan,157,8,24
jpn_Jpan,157,9,36
jpn_Jpan,157,10,47
jpn_Jpan,157,11,13
jpn_Jpan,157,12,13
jpn_Jpan,157,13,36
jpn_Jpan,157,14,52
jpn_Jpan,157,15,1
jpn_Jpan,157,16,52
jpn_Jpan,157,17,19
jpn_Jpan,157,18,7
jpn_Jpan,157,19,24
jpn_Jpan,157,20,47
jpn_Jpan,157,21,24
jpn_Jpan,157,22,34
jpn_Jpan,158,0,60
jpn_Jpan,158,1,13
jpn_Jpan,158,2,19
jpn_Jpan,158,3,36
jpn_Jpan,158,4,36
jpn_Jpan,158,5,24
jpn_Jpan,158,6,61
jpn_Jpan,158,7,19
jpn_Jpan,158,8,13
jpn_Jpan,158,9,13
jpn_Jpan,158,10,34
jpn_Jpan,158,11,13
jpn_Jpan,158,12,13
jpn_Jpan,158,13,13
jpn_Jpan,158,14,13
jpn_Jpan,158,15,34
jpn_Jpan,159,0,60
jpn_Jpan,159,1,36
jpn_Jpan,159,2,13
jpn_Jpan,159,3,24
jpn_Jpan,159,4,47
jpn_Jpan,159,5,13
jpn_Jpan,159,6,61
jpn_Jpan,159,7,34
jpn_Jpan,159,8,34
jpn_Jpan,159,9,13
jpn_Jpan,159,10,13
jpn_Jpan,159,11,13
jpn_Jpan,159,12,13
jpn_Jpan,159,13,24
jpn_Jpan,159,14,19
jpn_Jpan,159,15,13
jpn_Jpan,159,16,13
jpn_Jpan,159,17,24
jpn_Jpan,159,18,19
jpn_Jpan,159,19,13
jpn_Jpan,159,20,13
jpn_Jpan,159,21,24
jpn_Jpan,159,22,19
jpn_Jpan,159,23,13
jpn_Jpan,159,24,13
jpn_Jpan,159,25,24
jpn_Jpan,159,26,19
jpn_Jpan,159,27,13
jpn_Jpan,159,28,47
jpn_Jpan,159,29,13
jpn_Jpan,159,30,24
jpn_Jpan,159,31,13
jpn_Jpan,159,32,13
jpn_Jpan,159,33,24
jpn_Jpan,159,34,13
jpn_Jpan,159,35,13
jpn_Jpan,159,36,24
jpn_Jpan,159,37,13
jpn_Jpan,159,38,13
jpn_Jpan,159,39,13
jpn_Jpan,159,40,34
jpn_Jpan,160,0,60
jpn_Jpan,160,1,1
jpn_Jpan,160,2,19
jpn_Jpan,160,3,61
jpn_Jpan,160,4,27
jpn_Jpan,160,5,49
jpn_Jpan,160,6,12
jpn_Jpan,160,7,22
jpn_Jpan,160,8,9
jpn_Jpan,160,9,58
jpn_Jpan,160,10,12
jpn_Jpan,160,11,61
eng_Latn,161,0,60
eng_Latn,161,1,9
eng_Latn,161,2,19
eng_Latn,161,3,22
eng_Latn,161,4,22
eng_Latn,161,5,58
eng_Latn,161,6,12
eng_Latn,161,7,47
eng_Latn,162,0,60
eng_Latn,162,1,38
eng_Latn,162,2,15
eng_Latn,162,3,20
eng_Latn,162,4,38
eng_Latn,162,5,56
eng_Latn,162,6,61
eng_Latn,162,7,19
eng_Latn,162,8,51
jpn_Jpan,163,0,60
jpn_Jpan,163,1,13
jpn_Jpan,163,2,13
jpn_Jpan,163,3,13
jpn_Jpan,163,4,13
jpn_Jpan,163,5,13
jpn_Jpan,163,6,13
jpn_Jpan,163,7,61
jpn_Jpan,163,8,61
jpn_Jpan,163,9,13
jpn_Jpan,163,10,13
jpn_Jpan,163,11,13
jpn_Jpan,163,12,19
jpn_Jpan,163,13,13
jpn_Jpan,163,14,13
jpn_Jpan,163,15,24
jpn_Jpan,163,16,52
jpn_Jpan,163,17,1
jpn_Jpan,163,18,52
jpn_Jpan,163,19,13
jpn_Jpan,163,20,13
jpn_Jpan,163,21,24
jpn_Jpan,163,22,24
jpn_Jpan,163,23,52
jpn_Jpan,163,24,1
jpn_Jpan,163,25,52
jpn_Jpan,163,26,1
jpn_Jpan,163,27,52
jpn_Jpan,163,28,13
jpn_Jpan,163,29,13
jpn_Jpan,163,30,24
jpn_Jpan,163,31,19
jpn_Jpan,163,32,13
jpn_Jpan,163,33,13
jpn_Jpan,163,34,47
jpn_Jpan,163,35,13
jpn_Jpan,163,36,13
jpn_Jpan,163,37,13
jpn_Jpan,163,38,13
jpn_Jpan,163,39,24
jpn_Jpan,163,40,13
jpn_Jpan,163,41,34
jpn_Jpan,163,42,13
jpn_Jpan,163,43,34
jpn_Jpan,163,44,12
jpn_Jpan,163,45,13
jpn_Jpan,163,46,13
jpn_Jpan,163,47,61
jpn_Jpan,163,48,61
jpn_Jpan,163,49,13
eng_Latn,164,0,60
eng_Latn,164,1,18
eng_Latn,164,2,14
eng_Latn,164,3,49
eng_Latn,164,4,49
eng_Latn,164,5,12
eng_Latn,164,6,61
eng_Latn,165,0,60
eng_Latn,165,1,47
eng_Latn,165,2,7
eng_Latn,165,3,49
eng_Latn,165,4,22
eng_Latn,165,5,42
eng_Latn,165,6,19
eng_Latn,165,7,19
eng_Latn,165,8,26
eng_Latn,165,9,60
jpn_Jpan,166,0,60
jpn_Jpan,166,1,47
jpn_Jpan,166,2,36
jpn_Jpan,166,3,24
jpn_Jpan,166,4,19
jpn_Jpan,166,5,19
jpn_Jpan,166,6,13
jpn_Jpan,166,7,6
jpn_Jpan,166,8,61
jpn_Jpan,166,9,36
jpn_Jpan,166,10,6
jpn_Jpan,166,11,24
jpn_Jpan,166,12,6
jpn_Jpan,166,13,24
jpn_Jpan,166,14,47
jpn_Jpan,166,15,13
jpn_Jpan,166,16,13
jpn_Jpan,166,17,13
jpn_Jpan,166,18,13
jpn_Jpan,166,19,34
jpn_Jpan,167,0,60
jpn_Jpan,167,1,13
jpn_Jpan,167,2,61
jpn_Jpan,167,3,19
jpn_Jpan,167,4,24
jpn_Jpan,167,5,24
jpn_Jpan,167,6,24
jpn_Jpan,167,7,13
jpn_Jpan,167,8,13
jpn_Jpan,167,9,13
jpn_Jpan,167,10,24
jpn_Jpan,167,11,19
jpn_Jpan,167,12,13
jpn_Jpan,167,13,24
jpn_Jpan,167,14,13
jpn_Jpan,167,15,13
jpn_Jpan,167,16,24
jpn_Jpan,167,17,13
jpn_Jpan,167,18,13
jpn_Jpan,167,19,13
jpn_Jpan,167,20,13
jpn_Jpan,167,21,13
jpn_Jpan,167,22,24
jpn_Jpan,167,23,24
jpn_Jpan,167,24,24
jpn_Jpan,167,25,13
jpn_Jpan,167,26,24
jpn_Jpan,167,27,13
jpn_Jpan,167,28,24
jpn_Jpan,167,29,13
jpn_Jpan,167,30,13
jpn_Jpan,167,31,24
jpn_Jpan,167,32,19
jpn_Jpan,167,33,13
jpn_Jpan,167,34,47
jpn_Jpan,167,35,13
jpn_Jpan,167,36,34
jpn_Jpan,168,0,60
jpn_Jpan,168,1,13
jpn_Jpan,168,2,13
jpn_Jpan,168,3,36
jpn_Jpan,168,4,36
jpn_Jpan,168,5,36
jpn_Jpan,168,6,36
jpn_Jpan,168,7,19
jpn_Jpan,168,8,13
jpn_Jpan,168,9,13
jpn_Jpan,168,10,13
jpn_Jpan,168,11,24
jpn_Jpan,168,12,13
jpn_Jpan,168,13,19
jpn_Jpan,168,14,13
jpn_Jpan,168,15,13
jpn_Jpan,168,16,13
jpn_Jpan,168,17,13
jpn_Jpan,168,18,34
jpn_Jpan,168,19,13
jpn_Jpan,168,20,34
eng_Latn,169,0,60
eng_Latn,169,1,22
eng_Latn,169,2,22
eng_Latn,169,3,34
eng_Latn,169,4,29
eng_Latn,169,5,34
eng_Latn,169,6,34
eng_Latn,170,0,60
eng_Latn,170,1,27
eng_Latn,170,2,27
eng_Latn,170,3,27
eng_Latn,170,4,27
eng_Latn,170,5,27
eng_Latn,170,6,52
jpn_Jpan,171,0,60
jpn_Jpan,171,1,13
jpn_Jpan,171,2,13
jpn_Jpan,171,3,39
jpn_Jpan,171,4,39
jpn_Jpan,171,5,7
jpn_Jpan,171,6,13
jpn_Jpan,171,7,19
jpn_Jpan,171,8,36
jpn_Jpan,171,9,13
jpn_Jpan,171,10,19
jpn_Jpan,171,11,13
jpn_Jpan,171,12,13
jpn_Jpan,171,13,13
jpn_Jpan,171,14,19
jpn_Jpan,171,15,24
jpn_Jpan,171,16,61
jpn_Jpan,171,17,47
jpn_Jpan,171,18,7
jpn_Jpan,171,19,19
jpn_Jpan,171,20,13
jpn_Jpan,171,21,19
jpn_Jpan,171,22,13
jpn_Jpan,172,0,60
jpn_Jpan,172,1,19
jpn_Jpan,172,2,13
jpn_Jpan,172,3,36
jpn_Jpan,172,4,24
jpn_Jpan,172,5,47
jpn_Jpan,172,6,13
jpn_Jpan,172,7,36
jpn_Jpan,172,8,19
jpn_Jpan,172,9,24
jpn_Jpan,172,10,24
jpn_Jpan,172,11,47
jpn_Jpan,172,12,19
jpn_Jpan,172,13,19
jpn_Jpan,172,14,13
jpn_Jpan,172,15,34
jpn_Jpan,172,16,47
jpn_Jpan,172,17,61
jpn_Jpan,172,18,13
jpn_Jpan,172,19,13
jpn_Jpan,172,20,13
jpn_Jpan,172,21,61
jpn_Jpan,172,22,24
jpn_Jpan,172,23,9
jpn_Jpan,172,24,11
jpn_Jpan,172,25,36
jpn_Jpan,172,26,24
jpn_Jpan,172,27,24
jpn_Jpan,172,28,36
jpn_Jpan,172,29,19
jpn_Jpan,172,30,13
jpn_Jpan,172,31,13
jpn_Jpan,172,32,47
jpn_Jpan,172,33,13
jpn_Jpan,172,34,24
jpn_Jpan,172,35,19
jpn_Jpan,172,36,13
jpn_Jpan,172,37,19
jpn_Jpan,172,38,24
jpn_Jpan,172,39,13
jpn_Jpan,172,40,19
jpn_Jpan,172,41,36
jpn_Jpan,172,42,24
jpn_Jpan,172,43,13
jpn_Jpan,172,44,39
jpn_Jpan,172,45,47
jpn_Jpan,172,46,7
jpn_Jpan,172,47,13
jpn_Jpan,172,48,47
jpn_Jpan,172,49,36
jpn_Jpan,172,50,24
jpn_Jpan,172,51,13
jpn_Jpan,172,52,13
jpn_Jpan,172,53,24
jpn_Jpan,172,54,19
jpn_Jpan,172,55,13
jpn_Jpan,172,56,13
jpn_Jpan,172,57,13
jpn_Jpan,172,58,34
jpn_Jpan,173,0,60
jpn_Jpan,173,1,13
jpn_Jpan,173,2,13
jpn_Jpan,173,3,24
jpn_Jpan,173,4,13
jpn_Jpan,173,5,39
jpn_Jpan,173,6,13
jpn_Jpan,173,7,24
jpn_Jpan,173,8,13
jpn_Jpan,173,9,47
jpn_Jpan,173,10,47
jpn_Jpan,173,11,34
jpn_Jpan,173,12,34
jpn_Jpan,173,13,52
jpn_Jpan,173,14,13
jpn_Jpan,173,15,7
jpn_Jpan,173,16,24
jpn_Jpan,173,17,47
jpn_Jpan,173,18,19
jpn_Jpan,173,19,19
jpn_Jpan,173,20,19
eng_Latn,174,0,60
eng_Latn,174,1,23
eng_Latn,174,2,56
eng_Latn,174,3,57
eng_Latn,174,4,54
eng_Latn,174,5,35
eng_Latn,174,6,38
eng_Latn,174,7,57
eng_Latn,175,0,60
eng_Latn,175,1,57
eng_Latn,175,2,37
eng_Latn,175,3,37
eng_Latn,175,4,15
eng_Latn,175,5,56
eng_Latn,175,6,54
eng_Latn,175,7,37
eng_Latn,175,8,37
eng_Latn,176,0,60
eng_Latn,176,1,38
eng_Latn,176,2,46
eng_Latn,176,3,47
eng_Latn,176,4,40
eng_Latn,176,5,29
eng_Latn,176,6,33
jpn_Jpan,177,0,60
jpn_Jpan,177,1,13
jpn_Jpan,177,2,24
jpn_Jpan,177,3,19
jpn_Jpan,177,4,13
jpn_Jpan,177,5,24
jpn_Jpan,177,6,34
jpn_Jpan,177,7,13
jpn_Jpan,177,8,47
jpn_Jpan,177,9,19
jpn_Jpan,177,10,13
jpn_Jpan,177,11,13
jpn_Jpan,177,12,19
jpn_Jpan,177,13,13
jpn_Jpan,177,14,24
jpn_Jpan,177,15,19
jpn_Jpan,177,16,13
jpn_Jpan,177,17,13
jpn_Jpan,177,18,24
jpn_Jpan,177,19,13
jpn_Jpan,177,20,34
jpn_Jpan,178,0,60
jpn_Jpan,178,1,1
jpn_Jpan,178,2,19
jpn_Jpan,178,3,13
jpn_Jpan,178,4,24
jpn_Jpan,178,5,61
jpn_Jpan,178,6,13
jpn_Jpan,178,7,24
jpn_Jpan,178,8,47
jpn_Jpan,178,9,13
jpn_Jpan,178,10,13
jpn_Jpan,178,11,13
jpn_Jpan,178,12,13
jpn_Jpan,178,13,34
jpn_Jpan,178,14,47
jpn_Jpan,178,15,13
jpn_Jpan,178,16,34
eng_Latn,179,0,60
eng_Latn,179,1,40
eng_Latn,179,2,14
jpn_Jpan,180,0,60
jpn_Jpan,180,1,47
jpn_Jpan,180,2,13
jpn_Jpan,180,3,61
jpn_Jpan,180,4,61
jpn_Jpan,180,5,13
jpn_Jpan,180,6,47
jpn_Jpan,180,7,13
jpn_Jpan,180,8,13
jpn_Jpan,180,9,13
jpn_Jpan,180,10,24
jpn_Jpan,180,11,19
jpn_Jpan,180,12,13
jpn_Jpan,180,13,19
jpn_Jpan,180,14,13
jpn_Jpan,180,15,24
jpn_Jpan,180,16,47
jpn_Jpan,180,17,19
jpn_Jpan,180,18,13
jpn_Jpan,180,19,13
jpn_Jpan,180,20,39
jpn_Jpan,180,21,13
jpn_Jpan,180,22,13
jpn_Jpan,180,23,13
jpn_Jpan,180,24,13
jpn_Jpan,180,25,24
jpn_Jpan,180,26,13
jpn_Jpan,180,27,13
jpn_Jpan,180,28,34
eng_Latn,181,0,60
eng_Latn,181,1,18
eng_Latn,181,2,56
eng_Latn,181,3,21
eng_Latn,181,4,51
eng_Latn,181,5,20
eng_Latn,181,6,27
eng_Latn,182,0,60
eng_Latn,182,1,13
eng_Latn,182,2,13
eng_Latn,182,3,5
eng_Latn,182,4,7
jpn_Jpan,183,0,60
jpn_Jpan,183,1,13
jpn_Jpan,183,2,7
jpn_Jpan,183,3,13
jpn_Jpan,183,4,13
jpn_Jpan,183,5,39
jpn_Jpan,183,6,13
jpn_Jpan,183,7,24
jpn_Jpan,183,8,13
jpn_Jpan,183,9,13
jpn_Jpan,183,10,9
jpn_Jpan,183,11,13
jpn_Jpan,183,12,9
eng_Latn,184,0,60
eng_Latn,184,1,40
eng_Latn,184,2,16
eng_Latn,184,3,51
jpn_Jpan,185,0,60
jpn_Jpan,185,1,52
jpn_Jpan,185,2,19
jpn_Jpan,185,3,24
jpn_Jpan,185,4,47
jpn_Jpan,185,5,47
jpn_Jpan,185,6,13
jpn_Jpan,185,7,13
jpn_Jpan,185,8,1
jpn_Jpan,185,9,52
jpn_Jpan,185,10,19
jpn_Jpan,185,11,13
jpn_Jpan,185,12,24
jpn_Jpan,185,13,24
jpn_Jpan,185,14,1
jpn_Jpan,185,15,13
jpn_Jpan,185,16,47
jpn_Jpan,185,17,13
jpn_Jpan,185,18,19
jpn_Jpan,185,19,13
jpn_Jpan,185,20,13
jpn_Jpan,185,21,13
jpn_Jpan,185,22,24
jpn_Jpan,185,23,19
jpn_Jpan,185,24,13
jpn_Jpan,185,25,34
jpn_Jpan,186,0,60
jpn_Jpan,186,1,24
jpn_Jpan,186,2,13
jpn_Jpan,186,3,61
jpn_Jpan,186,4,34
jpn_Jpan,186,5,34
jpn_Jpan,186,6,28
jpn_Jpan,186,7,13
jpn_Jpan,186,8,13
jpn_Jpan,186,9,36
jpn_Jpan,186,10,13
jpn_Jpan,186,11,19
jpn_Jpan,186,12,13
jpn_Jpan,186,13,24
jpn_Jpan,186,14,40
jpn_Jpan,186,15,7
jpn_Jpan,186,16,7
jpn_Jpan,186,17,24
jpn_Jpan,186,18,24
jpn_Jpan,186,19,1
jpn_Jpan,186,20,24
jpn_Jpan,186,21,36
jpn_Jpan,186,22,47
jpn_Jpan,186,23,13
jpn_Jpan,186,24,13
jpn_Jpan,186,25,39
jpn_Jpan,186,26,36
jpn_Jpan,186,27,36
jpn_Jpan,186,28,13
jpn_Jpan,186,29,34
jpn_Jpan,186,30,13
jpn_Jpan,186,31,34
eng_Latn,187,0,60
eng_Latn,187,1,18
eng_Latn,187,2,14
jpn_Jpan,188,0,60
jpn_Jpan,188,1,9
jpn_Jpan,188,2,13
jpn_Jpan,188,3,36
jpn_Jpan,188,4,36
jpn_Jpan,188,5,47
jpn_Jpan,188,6,19
jpn_Jpan,188,7,19
jpn_Jpan,188,8,39
jpn_Jpan,188,9,39
jpn_Jpan,188,10,36
jpn_Jpan,188,11,47
jpn_Jpan,188,12,13
jpn_Jpan,188,13,13
jpn_Jpan,188,14,36
jpn_Jpan,188,15,36
jpn_Jpan,188,16,36
jpn_Jpan,188,17,36
jpn_Jpan,188,18,61
jpn_Jpan,188,19,36
jpn_Jpan,188,20,6
jpn_Jpan,188,21,47
jpn_Jpan,188,22,47
jpn_Jpan,188,23,47
jpn_Jpan,188,24,19
jpn_Jpan,188,25,39
jpn_Jpan,188,26,39
jpn_Jpan,188,27,13
jpn_Jpan,188,28,13
jpn_Jpan,188,29,13
jpn_Jpan,188,30,34
jpn_Jpan,188,31,36
jpn_Jpan,188,32,36
jpn_Jpan,188,33,52
jpn_Jpan,188,34,52
jpn_Jpan,188,35,6
jpn_Jpan,188,36,36
jpn_Jpan,188,37,47
jpn_Jpan,188,38,13
jpn_Jpan,188,39,19
jpn_Jpan,188,40,36
eng_Latn,189,0,60
eng_Latn,189,1,47
eng_Latn,189,2,8
eng_Latn,189,3,33
eng_Latn,189,4,33
eng_Latn,189,5,63
eng_Latn,189,6,12
eng_Latn,189,7,61
eng_Latn,189,8,26
eng_Latn,189,9,26
eng_Latn,189,10,26
eng_Latn,189,11,60
eng_Latn,190,0,60
eng_Latn,190,1,47
eng_Latn,190,2,1
eng_Latn,190,3,22
eng_Latn,190,4,60
eng_Latn,190,5,57
eng_Latn,190,6,40
eng_Latn,190,7,49
eng_Latn,190,8,60
eng_Latn,190,9,1
eng_Latn,190,10,52
jpn_Jpan,191,0,60
jpn_Jpan,191,1,52
jpn_Jpan,191,2,36
jpn_Jpan,191,3,19
jpn_Jpan,191,4,36
jpn_Jpan,191,5,52
jpn_Jpan,191,6,24
jpn_Jpan,191,7,24
jpn_Jpan,191,8,61
jpn_Jpan,191,9,13
jpn_Jpan,191,10,39
jpn_Jpan,191,11,13
jpn_Jpan,191,12,13
jpn_Jpan,191,13,61
jpn_Jpan,191,14,61
jpn_Jpan,191,15,13
jpn_Jpan,191,16,13
jpn_Jpan,191,17,47
jpn_Jpan,192,0,60
jpn_Jpan,192,1,13
jpn_Jpan,192,2,52
jpn_Jpan,192,3,13
jpn_Jpan,192,4,24
jpn_Jpan,192,5,47
jpn_Jpan,192,6,13
jpn_Jpan,192,7,47
jpn_Jpan,192,8,19
jpn_Jpan,192,9,13
jpn_Jpan,192,10,24
jpn_Jpan,192,11,1
jpn_Jpan,192,12,13
jpn_Jpan,192,13,13
jpn_Jpan,192,14,13
jpn_Jpan,192,15,13
jpn_Jpan,192,16,24
jpn_Jpan,192,17,13
jpn_Jpan,192,18,13
jpn_Jpan,192,19,13
jpn_Jpan,192,20,34
jpn_Jpan,192,21,19
jpn_Jpan,192,22,13
jpn_Jpan,192,23,47
jpn_Jpan,192,24,19
jpn_Jpan,192,25,13
jpn_Jpan,192,26,61
jpn_Jpan,192,27,61
jpn_Jpan,192,28,19
jpn_Jpan,192,29,13
jpn_Jpan,192,30,24
jpn_Jpan,192,31,13
jpn_Jpan,192,32,13
jpn_Jpan,192,33,13
jpn_Jpan,192,34,34
eng_Latn,193,0,60
eng_Latn,193,1,39
eng_Latn,193,2,47
eng_Latn,193,3,34
jpn_Jpan,194,0,60
jpn_Jpan,194,1,19
jpn_Jpan,194,2,24
jpn_Jpan,194,3,19
jpn_Jpan,194,4,13
jpn_Jpan,194,5,24
jpn_Jpan,194,6,61
jpn_Jpan,194,7,19
jpn_Jpan,194,8,39
jpn_Jpan,194,9,13
jpn_Jpan,194,10,24
jpn_Jpan,194,11,1
jpn_Jpan,194,12,13
jpn_Jpan,194,13,13
jpn_Jpan,194,14,39
jpn_Jpan,194,15,61
jpn_Jpan,194,16,13
jpn_Jpan,194,17,13
jpn_Jpan,194,18,13
jpn_Jpan,194,19,13
jpn_Jpan,194,20,24
jpn_Jpan,194,21,52
jpn_Jpan,194,22,19
jpn_Jpan,194,23,13
jpn_Jpan,194,24,24
jpn_Jpan,194,25,13
jpn_Jpan,194,26,13
jpn_Jpan,194,27,13
jpn_Jpan,194,28,24
jpn_Jpan,194,29,13
jpn_Jpan,194,30,34
jpn_Jpan,194,31,40
jpn_Jpan,194,32,39
jpn_Jpan,195,0,60
jpn_Jpan,195,1,13
jpn_Jpan,195,2,13
jpn_Jpan,195,3,13
jpn_Jpan,195,4,13
jpn_Jpan,195,5,24
jpn_Jpan,195,6,19
jpn_Jpan,195,7,13
jpn_Jpan,195,8,19
jpn_Jpan,195,9,13
jpn_Jpan,195,10,24
jpn_Jpan,195,11,13
jpn_Jpan,195,12,34
eng_Latn,196,0,60
eng_Latn,196,1,48
eng_Latn,196,2,41
eng_Latn,196,3,4
eng_Latn,197,0,60
eng_Latn,197,1,22
eng_Latn,197,2,22
eng_Latn,197,3,22
eng_Latn,197,4,42
eng_Latn,197,5,29
eng_Latn,197,6,34
eng_Latn,197,7,9
eng_Latn,197,8,22
eng_Latn,197,9,51
jpn_Jpan,198,0,60
jpn_Jpan,198,1,1
jpn_Jpan,198,2,12
jpn_Jpan,198,3,1
jpn_Jpan,198,4,12
jpn_Jpan,198,5,58
jpn_Jpan,198,6,12
jpn_Jpan,198,7,19
jpn_Jpan,198,8,22
eng_Latn,199,0,60
eng_Latn,199,1,38
eng_Latn,199,2,48
eng_Latn,199,3,41
eng_Latn,199,4,46
eng_Latn,199,5,56
eng_Latn,199,6,53
eng_Latn,199,7,35
eng_Latn,199,8,63
eng_Latn,200,0,60
eng_Latn,200,1,15
eng_Latn,200,2,63
eng_Latn,200,3,30
eng_Latn,200,4,63
eng_Latn,200,5,63
eng_Latn,200,6,14
eng_Latn,200,7,14
eng_Latn,200,8,47
jpn_Jpan,201,0,60
jpn_Jpan,201,1,13
jpn_Jpan,201,2,13
jpn_Jpan,201,3,61
jpn_Jpan,201,4,13
jpn_Jpan,201,5,13
jpn_Jpan,201,6,47
jpn_Jpan,201,7,19
jpn_Jpan,201,8,7
jpn_Jpan,201,9,24
jpn_Jpan,201,10,13
jpn_Jpan,201,11,47
jpn_Jpan,201,12,7
jpn_Jpan,201,13,24
jpn_Jpan,201,14,13
jpn_Jpan,201,15,34
jpn_Jpan,201,16,13
jpn_Jpan,201,17,13
jpn_Jpan,201,18,13
jpn_Jpan,201,19,24
jpn_Jpan,201,20,13
jpn_Jpan,201,21,34
jpn_Jpan,201,22,34
jpn_Jpan,201,23,51
eng_Latn,202,0,60
eng_Latn,202,1,22
eng_Latn,202,2,16
eng_Latn,202,3,20
eng_Latn,202,4,41
eng_Latn,202,5,34
eng_Latn,202,6,34
jpn_Jpan,203,0,60
jpn_Jpan,203,1,13
jpn_Jpan,203,2,24
jpn_Jpan,203,3,52
jpn_Jpan,203,4,13
jpn_Jpan,203,5,13
jpn_Jpan,203,6,36
jpn_Jpan,203,7,24
jpn_Jpan,203,8,52
jpn_Jpan,203,9,13
jpn_Jpan,203,10,13
jpn_Jpan,203,11,24
jpn_Jpan,203,12,13
jpn_Jpan,203,13,19
jpn_Jpan,203,14,34
jpn_Jpan,203,15,13
jpn_Jpan,203,16,47
jpn_Jpan,203,17,47
jpn_Jpan,203,18,13
jpn_Jpan,203,19,13
jpn_Jpan,203,20,19
jpn_Jpan,203,21,13
jpn_Jpan,203,22,13
jpn_Jpan,203,23,61
jpn_Jpan,203,24,13
jpn_Jpan,203,25,39
jpn_Jpan,203,26,13
jpn_Jpan,203,27,24
jpn_Jpan,203,28,47
jpn_Jpan,203,29,13
jpn_Jpan,203,30,13
jpn_Jpan,203,31,19
jpn_Jpan,203,32,13
jpn_Jpan,203,33,13
jpn_Jpan,203,34,24
jpn_Jpan,203,35,19
jpn_Jpan,203,36,13
jpn_Jpan,203,37,47
jpn_Jpan,203,38,34
jpn_Jpan,203,39,13
jpn_Jpan,203,40,34
eng_Latn,204,0,60
eng_Latn,204,1,45
eng_Latn,204,2,18
eng_Latn,204,3,21
eng_Latn,204,4,31
eng_Latn,204,5,3
eng_Latn,204,6,46
eng_Latn,205,0,60
eng_Latn,205,1,49
eng_Latn,205,2,39
eng_Latn,206,0,60
eng_Latn,206,1,9
eng_Latn,206,2,56
eng_Latn,206,3,56
eng_Latn,206,4,51
eng_Latn,206,5,54
eng_Latn,206,6,18
eng_Latn,206,7,16
eng_Latn,206,8,20
eng_Latn,206,9,16
jpn_Jpan,207,0,60
jpn_Jpan,207,1,13
jpn_Jpan,207,2,13
jpn_Jpan,207,3,39
jpn_Jpan,207,4,39
jpn_Jpan,207,5,24
jpn_Jpan,207,6,13
jpn_Jpan,207,7,24
jpn_Jpan,207,8,19
jpn_Jpan,207,9,39
jpn_Jpan,207,10,39
eng_Latn,208,0,60
eng_Latn,208,1,1
eng_Latn,208,2,9
eng_Latn,208,3,12
eng_Latn,208,4,63
eng_Latn,208,5,60
eng_Latn,208,6,49
eng_Latn,209,0,60
eng_Latn,209,1,35
eng_Latn,209,2,63
eng_Latn,209,3,63
eng_Latn,209,4,63
eng_Latn,209,5,24
eng_Latn,209,6,37
eng_Latn,210,0,60
eng_Latn,210,1,56
eng_Latn,210,2,56
eng_Latn,210,3,16
eng_Latn,210,4,53
eng_Latn,210,5,34
eng_Latn,210,6,57
eng_Latn,210,7,51
jpn_Jpan,211,0,60
jpn_Jpan,211,1,13
jpn_Jpan,211,2,28
jpn_Jpan,211,3,24
jpn_Jpan,211,4,13
jpn_Jpan,211,5,34
jpn_Jpan,211,6,24
jpn_Jpan,211,7,12
jpn_Jpan,211,8,40
jpn_Jpan,211,9,40
jpn_Jpan,211,10,24
jpn_Jpan,211,11,24
jpn_Jpan,211,12,13
jpn_Jpan,211,13,13
jpn_Jpan,211,14,13
jpn_Jpan,211,15,24
jpn_Jpan,211,16,13
jpn_Jpan,211,17,47
jpn_Jpan,211,18,34
jpn_Jpan,212,0,60
jpn_Jpan,212,1,13
jpn_Jpan,212,2,13
jpn_Jpan,212,3,19
jpn_Jpan,212,4,13
jpn_Jpan,212,5,24
jpn_Jpan,212,6,13
jpn_Jpan,212,7,19
jpn_Jpan,212,8,13
jpn_Jpan,212,9,24
jpn_Jpan,212,10,61
jpn_Jpan,212,11,13
jpn_Jpan,212,12,47
jpn_Jpan,212,13,13
jpn_Jpan,212,14,24
jpn_Jpan,212,15,19
jpn_Jpan,212,16,13
jpn_Jpan,212,17,19
jpn_Jpan,212,18,7
jpn_Jpan,212,19,13
jpn_Jpan,212,20,34
jpn_Jpan,212,21,47
jpn_Jpan,212,22,19
jpn_Jpan,212,23,13
jpn_Jpan,212,24,19
jpn_Jpan,212,25,13
jpn_Jpan,212,26,13
jpn_Jpan,212,27,13
jpn_Jpan,212,28,13
jpn_Jpan,212,29,24
jpn_Jpan,212,30,13
jpn_Jpan,212,31,19
jpn_Jpan,212,32,13
jpn_Jpan,212,33,13
jpn_Jpan,212,34,13
jpn_Jpan,212,35,13
jpn_Jpan,212,36,13
jpn_Jpan,212,37,24
jpn_Jpan,212,38,24
jpn_Jpan,212,39,39
jpn_Jpan,212,40,24
jpn_Jpan,212,41,19
jpn_Jpan,212,42,13
jpn_Jpan,212,43,61
jpn_Jpan,212,44,13
jpn_Jpan,212,45,24
jpn_Jpan,212,46,61
jpn_Jpan,212,47,13
jpn_Jpan,212,48,13
jpn_Jpan,212,49,13
jpn_Jpan,212,50,13
jpn_Jpan,212,51,34
eng_Latn,213,0,60
eng_Latn,213,1,22
eng_Latn,213,2,51
jpn_Jpan,214,0,60
jpn_Jpan,214,1,13
jpn_Jpan,214,2,13
jpn_Jpan,214,3,19
jpn_Jpan,214,4,13
jpn_Jpan,214,5,13
jpn_Jpan,214,6,24
jpn_Jpan,214,7,36
jpn_Jpan,214,8,13
jpn_Jpan,214,9,13
jpn_Jpan,214,10,13
jpn_Jpan,214,11,13
jpn_Jpan,214,12,13
jpn_Jpan,214,13,13
jpn_Jpan,214,14,13
jpn_Jpan,214,15,51
jpn_Jpan,214,16,13
jpn_Jpan,214,17,13
jpn_Jpan,214,18,13
jpn_Jpan,214,19,13
jpn_Jpan,214,20,24
jpn_Jpan,214,21,24
jpn_Jpan,214,22,19
jpn_Jpan,214,23,13
jpn_Jpan,214,24,13
jpn_Jpan,214,25,24
jpn_Jpan,214,26,13
jpn_Jpan,214,27,34
jpn_Jpan,214,28,19
jpn_Jpan,214,29,13
jpn_Jpan,214,30,13
jpn_Jpan,214,31,13
jpn_Jpan,214,32,13
jpn_Jpan,214,33,13
jpn_Jpan,214,34,24
jpn_Jpan,214,35,47
jpn_Jpan,214,36,13
jpn_Jpan,214,37,13
jpn_Jpan,214,38,24
jpn_Jpan,214,39,13
jpn_Jpan,214,40,34
jpn_Jpan,214,41,13
jpn_Jpan,214,42,19
jpn_Jpan,214,43,39
eng_Latn,215,0,60
eng_Latn,215,1,53
eng_Latn,215,2,37
eng_Latn,215,3,60
eng_Latn,215,4,7
eng_Latn,215,5,49
eng_Latn,216,0,60
eng_Latn,216,1,9
eng_Latn,216,2,40
eng_Latn,216,3,61
eng_Latn,216,4,33
eng_Latn,216,5,15
eng_Latn,216,6,26
eng_Latn,216,7,61
eng_Latn,216,8,1
eng_Latn,216,9,47
eng_Latn,216,10,33
eng_Latn,216,11,61
jpn_Jpan,217,0,60
jpn_Jpan,217,1,11
jpn_Jpan,217,2,19
jpn_Jpan,217,3,13
jpn_Jpan,217,4,13
jpn_Jpan,217,5,13
jpn_Jpan,217,6,24
jpn_Jpan,217,7,47
jpn_Jpan,217,8,19
jpn_Jpan,217,9,13
jpn_Jpan,217,10,13
jpn_Jpan,217,11,19
jpn_Jpan,217,12,13
jpn_Jpan,217,13,19
jpn_Jpan,217,14,34
jpn_Jpan,217,15,12
jpn_Jpan,217,16,19
jpn_Jpan,217,17,36
jpn_Jpan,217,18,51
jpn_Jpan,217,19,24
jpn_Jpan,217,20,19
jpn_Jpan,217,21,13
jpn_Jpan,217,22,13
jpn_Jpan,217,23,24
jpn_Jpan,217,24,47
jpn_Jpan,217,25,13
jpn_Jpan,217,26,24
jpn_Jpan,217,27,13
jpn_Jpan,217,28,19
jpn_Jpan,217,29,13
jpn_Jpan,217,30,24
jpn_Jpan,217,31,13
jpn_Jpan,217,32,13
jpn_Jpan,217,33,7
jpn_Jpan,217,34,24
jpn_Jpan,217,35,13
jpn_Jpan,217,36,13
jpn_Jpan,217,37,13
jpn_Jpan,217,38,13
jpn_Jpan,217,39,13
jpn_Jpan,217,40,34
jpn_Jpan,217,41,39
jpn_Jpan,217,42,13
jpn_Jpan,217,43,13
jpn_Jpan,217,44,51
jpn_Jpan,217,45,51
jpn_Jpan,218,0,60
jpn_Jpan,218,1,13
jpn_Jpan,218,2,13
jpn_Jpan,218,3,47
jpn_Jpan,218,4,13
jpn_Jpan,218,5,39
jpn_Jpan,218,6,13
jpn_Jpan,218,7,19
jpn_Jpan,218,8,13
jpn_Jpan,218,9,13
jpn_Jpan,218,10,24
jpn_Jpan,218,11,19
jpn_Jpan,218,12,19
jpn_Jpan,218,13,24
jpn_Jpan,218,14,19
jpn_Jpan,218,15,13
jpn_Jpan,218,16,12
jpn_Jpan,218,17,58
jpn_Jpan,218,18,12
jpn_Jpan,218,19,19
jpn_Jpan,218,20,47
jpn_Jpan,218,21,39
eng_Latn,219,0,60
eng_Latn,219,1,29
eng_Latn,219,2,34
eng_Latn,219,3,35
eng_Latn,219,4,34
eng_Latn,220,0,60
eng_Latn,220,1,52
eng_Latn,220,2,48
eng_Latn,220,3,56
eng_Latn,220,4,34
eng_Latn,220,5,34
eng_Latn,221,0,60
eng_Latn,221,1,48
eng_Latn,221,2,18
eng_Latn,221,3,56
eng_Latn,221,4,35
eng_Latn,221,5,46
eng_Latn,221,6,48
eng_Latn,221,7,54
eng_Latn,222,0,60
eng_Latn,222,1,46
eng_Latn,222,2,51
eng_Latn,222,3,63
eng_Latn,222,4,14
eng_Latn,222,5,49
eng_Latn,222,6,9
eng_Latn,222,7,14
eng_Latn,222,8,1
eng_Latn,222,9,52
jpn_Jpan,223,0,60
jpn_Jpan,223,1,13
jpn_Jpan,223,2,24
jpn_Jpan,223,3,47
jpn_Jpan,223,4,19
jpn_Jpan,223,5,13
jpn_Jpan,223,6,39
jpn_Jpan,223,7,47
jpn_Jpan,223,8,39
jpn_Jpan,223,9,13
jpn_Jpan,223,10,24
jpn_Jpan,223,11,13
jpn_Jpan,223,12,34
jpn_Jpan,223,13,34
jpn_Jpan,224,0,60
jpn_Jpan,224,1,13
jpn_Jpan,224,2,47
jpn_Jpan,224,3,13
jpn_Jpan,224,4,24
jpn_Jpan,224,5,13
jpn_Jpan,224,6,24
jpn_Jpan,224,7,24
jpn_Jpan,224,8,52
jpn_Jpan,224,9,47
jpn_Jpan,224,10,13
jpn_Jpan,225,0,60
jpn_Jpan,225,1,12
jpn_Jpan,225,2,19
jpn_Jpan,225,3,40
jpn_Jpan,225,4,46
jpn_Jpan,225,5,24
jpn_Jpan,225,6,47
jpn_Jpan,225,7,19
jpn_Jpan,225,8,13
jpn_Jpan,225,9,13
jpn_Jpan,225,10,24
jpn_Jpan,225,11,47
jpn_Jpan,225,12,13
jpn_Jpan,225,13,47
jpn_Jpan,225,14,47
jpn_Jpan,225,15,13
jpn_Jpan,225,16,13
jpn_Jpan,225,17,19
jpn_Jpan,225,18,13
jpn_Jpan,225,19,34
jpn_Jpan,225,20,24
jpn_Jpan,225,21,29
jpn_Jpan,225,22,34
jpn_Jpan,225,23,24
jpn_Jpan,225,24,13
jpn_Jpan,225,25,13
jpn_Jpan,225,26,13
jpn_Jpan,225,27,34
jpn_Jpan,225,28,24
jpn_Jpan,225,29,13
jpn_Jpan,225,30,34
jpn_Jpan,225,31,13
jpn_Jpan,225,32,34
jpn_Jpan,225,33,34
jpn_Jpan,226,0,60
jpn_Jpan,226,1,36
jpn_Jpan,226,2,24
jpn_Jpan,226,3,24
jpn_Jpan,226,4,13
jpn_Jpan,226,5,13
jpn_Jpan,226,6,47
jpn_Jpan,226,7,13
jpn_Jpan,226,8,13
jpn_Jpan,226,9,19
jpn_Jpan,226,10,19
jpn_Jpan,226,11,47
jpn_Jpan,226,12,13
jpn_Jpan,226,13,13
jpn_Jpan,226,14,19
jpn_Jpan,226,15,13
jpn_Jpan,226,16,13
jpn_Jpan,226,17,39
jpn_Jpan,226,18,13
jpn_Jpan,226,19,13
jpn_Jpan,226,20,61
jpn_Jpan,226,21,39
jpn_Jpan,226,22,24
jpn_Jpan,226,23,13
jpn_Jpan,226,24,13
jpn_Jpan,226,25,24
jpn_Jpan,226,26,47
jpn_Jpan,226,27,13
jpn_Jpan,226,28,13
jpn_Jpan,226,29,13
jpn_Jpan,226,30,19
jpn_Jpan,226,31,13
jpn_Jpan,226,32,36
jpn_Jpan,226,33,13
jpn_Jpan,226,34,34
eng_Latn,227,0,60
eng_Latn,227,1,52
eng_Latn,227,2,57
eng_Latn,227,3,3
eng_Latn,227,4,3
eng_Latn,227,5,3
eng_Latn,227,6,19
eng_Latn,227,7,3
eng_Latn,228,0,60
eng_Latn,228,1,45
eng_Latn,228,2,18
eng_Latn,228,3,16
eng_Latn,228,4,38
eng_Latn,228,5,15
eng_Latn,228,6,2
eng_Latn,228,7,59
eng_Latn,228,8,34
jpn_Jpan,229,0,60
jpn_Jpan,229,1,13
jpn_Jpan,229,2,13
jpn_Jpan,229,3,47
jpn_Jpan,229,4,13
jpn_Jpan,229,5,19
jpn_Jpan,229,6,47
jpn_Jpan,229,7,13
jpn_Jpan,229,8,47
jpn_Jpan,229,9,13
jpn_Jpan,229,10,24
jpn_Jpan,229,11,61
jpn_Jpan,229,12,13
jpn_Jpan,229,13,13
jpn_Jpan,229,14,13
jpn_Jpan,229,15,36
jpn_Jpan,229,16,13
jpn_Jpan,229,17,24
jpn_Jpan,229,18,13
jpn_Jpan,229,19,9
jpn_Jpan,229,20,9
jpn_Jpan,229,21,11
jpn_Jpan,229,22,13
jpn_Jpan,229,23,13
jpn_Jpan,229,24,13
jpn_Jpan,229,25,19
jpn_Jpan,229,26,13
jpn_Jpan,229,27,24
jpn_Jpan,229,28,13
jpn_Jpan,229,29,19
jpn_Jpan,229,30,24
jpn_Jpan,229,31,19
jpn_Jpan,229,32,47
jpn_Jpan,229,33,13
jpn_Jpan,229,34,13
jpn_Jpan,229,35,13
jpn_Jpan,229,36,13
jpn_Jpan,229,37,13
eng_Latn,230,0,60
eng_Latn,230,1,35
eng_Latn,230,2,61
eng_Latn,230,3,56
eng_Latn,230,4,52
eng_Latn,230,5,56
eng_Latn,230,6,35
eng_Latn,230,7,51
eng_Latn,230,8,1
eng_Latn,230,9,52
eng_Latn,230,10,52
eng_Latn,230,11,35
eng_Latn,230,12,47
eng_Latn,231,0,60
eng_Latn,231,1,17
eng_Latn,231,2,56
eng_Latn,231,3,16
eng_Latn,231,4,25
eng_Latn,231,5,46
eng_Latn,231,6,56
eng_Latn,231,7,21
eng_Latn,232,0,60
eng_Latn,232,1,15
eng_Latn,232,2,16
eng_Latn,232,3,43
eng_Latn,232,4,46
eng_Latn,232,5,63
eng_Latn,232,6,43
eng_Latn,232,7,49
jpn_Jpan,233,0,60
jpn_Jpan,233,1,13
jpn_Jpan,233,2,19
jpn_Jpan,233,3,13
jpn_Jpan,233,4,13
jpn_Jpan,233,5,47
jpn_Jpan,233,6,19
jpn_Jpan,233,7,47
jpn_Jpan,233,8,7
jpn_Jpan,233,9,13
jpn_Jpan,233,10,1
jpn_Jpan,233,11,13
jpn_Jpan,233,12,13
jpn_Jpan,233,13,13
jpn_Jpan,233,14,13
jpn_Jpan,233,15,39
jpn_Jpan,233,16,13
jpn_Jpan,233,17,13
jpn_Jpan,233,18,47
jpn_Jpan,233,19,13
jpn_Jpan,233,20,19
jpn_Jpan,233,21,13
jpn_Jpan,233,22,19
jpn_Jpan,233,23,13
jpn_Jpan,233,24,13
jpn_Jpan,233,25,13
jpn_Jpan,233,26,24
jpn_Jpan,233,27,13
jpn_Jpan,233,28,34
jpn_Jpan,234,0,60
jpn_Jpan,234,1,61
jpn_Jpan,234,2,19
jpn_Jpan,234,3,13
jpn_Jpan,234,4,19
jpn_Jpan,234,5,13
jpn_Jpan,234,6,13
jpn_Jpan,234,7,13
jpn_Jpan,234,8,13
jpn_Jpan,234,9,39
jpn_Jpan,234,10,13
jpn_Jpan,234,11,12
jpn_Jpan,234,12,58
jpn_Jpan,234,13,12
jpn_Jpan,234,14,61
eng_Latn,235,0,60
eng_Latn,235,1,57
eng_Latn,235,2,56
eng_Latn,235,3,63
eng_Latn,235,4,28
eng_Latn,235,5,37
eng_Latn,235,6,39
eng_Latn,235,7,13
eng_Latn,235,8,30
eng_Latn,235,9,63
eng_Latn,236,0,60
eng_Latn,236,1,57
eng_Latn,236,2,45
eng_Latn,236,3,15
eng_Latn,236,4,10
eng_Latn,236,5,18
eng_Latn,236,6,16
eng_Latn,236,7,56
eng_Latn,236,8,57
jpn_Jpan,237,0,60
jpn_Jpan,237,1,13
jpn_Jpan,237,2,13
jpn_Jpan,237,3,19
jpn_Jpan,237,4,13
jpn_Jpan,237,5,13
jpn_Jpan,237,6,13
jpn_Jpan,237,7,36
jpn_Jpan,237,8,24
jpn_Jpan,237,9,47
jpn_Jpan,237,10,52
jpn_Jpan,237,11,36
jpn_Jpan,237,12,13
jpn_Jpan,237,13,34
jpn_Jpan,237,14,13
jpn_Jpan,237,15,34
jpn_Jpan,237,16,34
jpn_Jpan,237,17,24
jpn_Jpan,237,18,24
jpn_Jpan,237,19,47
jpn_Jpan,237,20,13
jpn_Jpan,237,21,19
jpn_Jpan,237,22,13
jpn_Jpan,237,23,61
jpn_Jpan,237,24,13
jpn_Jpan,237,25,13
jpn_Jpan,237,26,24
jpn_Jpan,237,27,24
jpn_Jpan,237,28,24
jpn_Jpan,237,29,24
jpn_Jpan,237,30,19
jpn_Jpan,237,31,13
jpn_Jpan,237,32,13
jpn_Jpan,237,33,19
jpn_Jpan,237,34,13
jpn_Jpan,237,35,13
jpn_Jpan,237,36,24
jpn_Jpan,237,37,19
jpn_Jpan,237,38,13
jpn_Jpan,237,39,24
jpn_Jpan,237,40,19
jpn_Jpan,237,41,13
jpn_Jpan,237,42,13
jpn_Jpan,237,43,13
jpn_Jpan,237,44,34
jpn_Jpan,237,45,13
jpn_Jpan,237,46,24
jpn_Jpan,237,47,13
jpn_Jpan,237,48,19
jpn_Jpan,237,49,24
jpn_Jpan,237,50,34
jpn_Jpan,238,0,60
jpn_Jpan,238,1,47
jpn_Jpan,238,2,24
jpn_Jpan,238,3,13
jpn_Jpan,238,4,13
jpn_Jpan,238,5,26
jpn_Jpan,238,6,47
jpn_Jpan,238,7,13
jpn_Jpan,238,8,13
jpn_Jpan,238,9,24
jpn_Jpan,238,10,19
jpn_Jpan,238,11,13
jpn_Jpan,238,12,19
jpn_Jpan,238,13,34
jpn_Jpan,239,0,60
jpn_Jpan,239,1,13
jpn_Jpan,239,2,36
jpn_Jpan,239,3,24
jpn_Jpan,239,4,13
jpn_Jpan,239,5,61
jpn_Jpan,239,6,13
jpn_Jpan,239,7,24
jpn_Jpan,239,8,61
jpn_Jpan,239,9,19
jpn_Jpan,239,10,13
jpn_Jpan,239,11,24
jpn_Jpan,239,12,19
jpn_Jpan,239,13,13
jpn_Jpan,239,14,34
jpn_Jpan,239,15,13
jpn_Jpan,239,16,13
jpn_Jpan,239,17,24
jpn_Jpan,239,18,34
jpn_Jpan,239,19,24
jpn_Jpan,239,20,13
jpn_Jpan,239,21,13
jpn_Jpan,239,22,13
jpn_Jpan,239,23,24
jpn_Jpan,239,24,13
jpn_Jpan,239,25,34
jpn_Jpan,240,0,60
jpn_Jpan,240,1,13
jpn_Jpan,240,2,52
jpn_Jpan,240,3,19
jpn_Jpan,240,4,36
jpn_Jpan,240,5,19
jpn_Jpan,240,6,36
jpn_Jpan,240,7,13
jpn_Jpan,240,8,36
jpn_Jpan,240,9,24
jpn_Jpan,240,10,13
jpn_Jpan,240,11,19
jpn_Jpan,240,12,36
jpn_Jpan,240,13,24
jpn_Jpan,240,14,24
jpn_Jpan,240,15,19
jpn_Jpan,240,16,13
jpn_Jpan,240,17,13
jpn_Jpan,240,18,19
jpn_Jpan,240,19,13
jpn_Jpan,240,20,24
jpn_Jpan,240,21,13
jpn_Jpan,240,22,24
jpn_Jpan,240,23,19
jpn_Jpan,240,24,13
jpn_Jpan,240,25,36
jpn_Jpan,240,26,13
jpn_Jpan,240,27,13
jpn_Jpan,240,28,34
eng_Latn,241,0,60
eng_Latn,241,1,37
eng_Latn,241,2,52
eng_Latn,241,3,26
eng_Latn,241,4,39
eng_Latn,241,5,19
eng_Latn,241,6,19
eng_Latn,241,7,49
eng_Latn,241,8,12
eng_Latn,241,9,26
eng_Latn,241,10,61
eng_Latn,241,11,7
eng_Latn,242,0,60
eng_Latn,242,1,20
eng_Latn,242,2,37
eng_Latn,242,3,40
eng_Latn,242,4,59
jpn_Jpan,243,0,60
jpn_Jpan,243,1,13
jpn_Jpan,243,2,39
jpn_Jpan,243,3,13
jpn_Jpan,243,4,13
jpn_Jpan,243,5,19
jpn_Jpan,243,6,13
jpn_Jpan,243,7,13
jpn_Jpan,243,8,11
jpn_Jpan,243,9,24
jpn_Jpan,243,10,19
jpn_Jpan,243,11,13
jpn_Jpan,243,12,39
jpn_Jpan,243,13,13
jpn_Jpan,243,14,24
jpn_Jpan,243,15,19
jpn_Jpan,243,16,13
jpn_Jpan,243,17,13
jpn_Jpan,243,18,13
jpn_Jpan,243,19,13
jpn_Jpan,243,20,24
jpn_Jpan,243,21,19
jpn_Jpan,243,22,19
jpn_Jpan,243,23,13
jpn_Jpan,243,24,19
jpn_Jpan,243,25,34
jpn_Jpan,243,26,12
jpn_Jpan,243,27,58
jpn_Jpan,243,28,12
jpn_Jpan,243,29,61
jpn_Jpan,243,30,7
eng_Latn,244,0,60
eng_Latn,244,1,22
eng_Latn,244,2,45
eng_Latn,244,3,22
eng_Latn,244,4,16
eng_Latn,244,5,59
eng_Latn,244,6,34
eng_Latn,244,7,20
eng_Latn,244,8,19
eng_Latn,244,9,19
eng_Latn,244,10,34
eng_Latn,245,0,60
eng_Latn,245,1,17
eng_Latn,245,2,16
eng_Latn,245,3,54
eng_Latn,245,4,51
jpn_Jpan,246,0,60
jpn_Jpan,246,1,47
jpn_Jpan,246,2,19
jpn_Jpan,246,3,39
jpn_Jpan,246,4,19
jpn_Jpan,246,5,39
jpn_Jpan,246,6,13
jpn_Jpan,246,7,13
jpn_Jpan,246,8,24
jpn_Jpan,246,9,13
jpn_Jpan,246,10,13
jpn_Jpan,246,11,13
jpn_Jpan,246,12,13
jpn_Jpan,246,13,13
jpn_Jpan,246,14,13
jpn_Jpan,246,15,61
jpn_Jpan,246,16,19
jpn_Jpan,246,17,19
jpn_Jpan,246,18,13
jpn_Jpan,246,19,24
jpn_Jpan,246,20,19
jpn_Jpan,246,21,13
jpn_Jpan,246,22,13
jpn_Jpan,246,23,13
jpn_Jpan,246,24,24
jpn_Jpan,246,25,61
jpn_Jpan,246,26,13
jpn_Jpan,246,27,13
jpn_Jpan,246,28,24
jpn_Jpan,246,29,13
jpn_Jpan,246,30,34
jpn_Jpan,246,31,39
jpn_Jpan,246,32,24
jpn_Jpan,246,33,13
jpn_Jpan,246,34,24
jpn_Jpan,246,35,61
jpn_Jpan,246,36,13
jpn_Jpan,246,37,36
jpn_Jpan,246,38,13
jpn_Jpan,246,39,24
jpn_Jpan,246,40,34
jpn_Jpan,246,41,34
jpn_Jpan,247,0,60
jpn_Jpan,247,1,60
jpn_Jpan,247,2,36
jpn_Jpan,247,3,1
jpn_Jpan,247,4,19
jpn_Jpan,247,5,47
jpn_Jpan,247,6,13
jpn_Jpan,247,7,61
jpn_Jpan,247,8,13
jpn_Jpan,247,9,36
jpn_Jpan,247,10,19
jpn_Jpan,247,11,13
jpn_Jpan,247,12,19
jpn_Jpan,247,13,34
jpn_Jpan,247,14,13
jpn_Jpan,247,15,34
jpn_Jpan,247,16,13
jpn_Jpan,247,17,13
jpn_Jpan,247,18,13
jpn_Jpan,247,19,19
jpn_Jpan,247,20,47
jpn_Jpan,247,21,36
jpn_Jpan,247,22,24
jpn_Jpan,247,23,19
jpn_Jpan,247,24,40
jpn_Jpan,247,25,19
jpn_Jpan,247,26,19
jpn_Jpan,247,27,13
jpn_Jpan,247,28,28
jpn_Jpan,247,29,13
jpn_Jpan,247,30,36
jpn_Jpan,247,31,34
eng_Latn,248,0,60
eng_Latn,248,1,27
eng_Latn,248,2,40
eng_Latn,248,3,8
eng_Latn,248,4,26
eng_Latn,248,5,35
eng_Latn,248,6,19
eng_Latn,248,7,35
eng_Latn,248,8,19
eng_Latn,248,9,46
eng_Latn,248,10,8
eng_Latn,248,11,46
jpn_Jpan,249,0,60
jpn_Jpan,249,1,13
jpn_Jpan,249,2,19
jpn_Jpan,249,3,36
jpn_Jpan,249,4,24
jpn_Jpan,249,5,24
jpn_Jpan,249,6,19
jpn_Jpan,249,7,13
jpn_Jpan,249,8,47
jpn_Jpan,249,9,36
jpn_Jpan,249,10,19
jpn_Jpan,249,11,13
jpn_Jpan,249,12,24
jpn_Jpan,249,13,13
jpn_Jpan,249,14,36
jpn_Jpan,249,15,13
jpn_Jpan,249,16,24
jpn_Jpan,249,17,40
jpn_Jpan,249,18,36
jpn_Jpan,249,19,36
jpn_Jpan,249,20,61
jpn_Jpan,249,21,13
jpn_Jpan,249,22,13
jpn_Jpan,249,23,24
jpn_Jpan,249,24,47
jpn_Jpan,249,25,1
jpn_Jpan,249,26,52
jpn_Jpan,249,27,13
jpn_Jpan,249,28,36
jpn_Jpan,249,29,47
jpn_Jpan,249,30,13
jpn_Jpan,249,31,36
jpn_Jpan,249,32,19
jpn_Jpan,249,33,47
jpn_Jpan,249,34,36
jpn_Jpan,249,35,24
jpn_Jpan,249,36,47
jpn_Jpan,249,37,1
jpn_Jpan,249,38,52
jpn_Jpan,250,0,60
jpn_Jpan,250,1,52
jpn_Jpan,250,2,47
jpn_Jpan,250,3,36
jpn_Jpan,250,4,24
jpn_Jpan,250,5,52
jpn_Jpan,250,6,13
jpn_Jpan,250,7,36
jpn_Jpan,250,8,24
jpn_Jpan,250,9,52
jpn_Jpan,250,10,1
jpn_Jpan,250,11,52
jpn_Jpan,250,12,7
jpn_Jpan,250,13,24
jpn_Jpan,250,14,39
jpn_Jpan,250,15,39
jpn_Jpan,250,16,39
jpn_Jpan,250,17,34
jpn_Jpan,250,18,34
jpn_Jpan,251,0,60
jpn_Jpan,251,1,13
jpn_Jpan,251,2,13
jpn_Jpan,251,3,24
jpn_Jpan,251,4,52
jpn_Jpan,251,5,13
jpn_Jpan,251,6,52
jpn_Jpan,251,7,19
jpn_Jpan,251,8,34
jpn_Jpan,251,9,24
jpn_Jpan,251,10,19
jpn_Jpan,251,11,13
jpn_Jpan,251,12,19
jpn_Jpan,251,13,36
jpn_Jpan,251,14,11
jpn_Jpan,251,15,24
jpn_Jpan,251,16,13
jpn_Jpan,251,17,13
jpn_Jpan,251,18,19
jpn_Jpan,251,19,13
jpn_Jpan,251,20,13
jpn_Jpan,251,21,19
jpn_Jpan,251,22,7
jpn_Jpan,251,23,34
jpn_Jpan,252,0,60
jpn_Jpan,252,1,13
jpn_Jpan,252,2,19
jpn_Jpan,252,3,13
jpn_Jpan,252,4,19
jpn_Jpan,252,5,34
jpn_Jpan,252,6,12
jpn_Jpan,252,7,19
jpn_Jpan,252,8,13
jpn_Jpan,252,9,19
jpn_Jpan,252,10,13
jpn_Jpan,252,11,13
jpn_Jpan,252,12,13
jpn_Jpan,252,13,13
jpn_Jpan,252,14,13
jpn_Jpan,252,15,13
jpn_Jpan,252,16,13
jpn_Jpan,252,17,13
jpn_Jpan,252,18,52
jpn_Jpan,252,19,52
jpn_Jpan,252,20,52
jpn_Jpan,252,21,13
jpn_Jpan,252,22,19
jpn_Jpan,252,23,13
jpn_Jpan,252,24,47
jpn_Jpan,252,25,13
eng_Latn,253,0,60
eng_Latn,253,1,54
eng_Latn,253,2,12
eng_Latn,253,3,12
eng_Latn,253,4,61
eng_Latn,253,5,40
eng_Latn,253,6,47
eng_Latn,253,7,49
eng_Latn,253,8,48
eng_Latn,253,9,12
eng_Latn,253,10,12
eng_Latn,253,11,19
eng_Latn,253,12,22
eng_Latn,253,13,17
eng_Latn,254,0,60
eng_Latn,254,1,15
eng_Latn,254,2,56
eng_Latn,254,3,63
eng_Latn,254,4,14
eng_Latn,254,5,14
eng_Latn,254,6,40
eng_Latn,254,7,26
jpn_Jpan,255,0,60
jpn_Jpan,255,1,36
jpn_Jpan,255,2,19
jpn_Jpan,255,3,36
jpn_Jpan,255,4,13
jpn_Jpan,255,5,24
jpn_Jpan,255,6,19
jpn_Jpan,255,7,13
jpn_Jpan,255,8,19
jpn_Jpan,255,9,24
jpn_Jpan,255,10,26
jpn_Jpan,255,11,19
jpn_Jpan,255,12,13
jpn_Jpan,255,13,47
jpn_Jpan,255,14,36
jpn_Jpan,255,15,19
jpn_Jpan,255,16,13
jpn_Jpan,255,17,13
jpn_Jpan,255,18,36
jpn_Jpan,255,19,26
jpn_Jpan,255,20,49
jpn_Jpan,255,21,2
jpn_Jpan,255,22,26
jpn_Jpan,255,23,40
jpn_Jpan,255,24,9
jpn_Jpan,255,25,16
jpn_Jpan,255,26,12
jpn_Jpan,255,27,27
jpn_Jpan,255,28,49
jpn_Jpan,255,29,12
jpn_Jpan,255,30,47
jpn_Jpan,256,0,60
jpn_Jpan,256,1,19
jpn_Jpan,256,2,13
jpn_Jpan,256,3,13
jpn_Jpan,256,4,24
jpn_Jpan,256,5,13
jpn_Jpan,256,6,34
jpn_Jpan,256,7,24
jpn_Jpan,256,8,13
jpn_Jpan,256,9,13
jpn_Jpan,256,10,13
jpn_Jpan,256,11,13
jpn_Jpan,256,12,34
jpn_Jpan,256,13,13
jpn_Jpan,256,14,34
eng_Latn,257,0,60
eng_Latn,257,1,57
eng_Latn,257,2,23
eng_Latn,257,3,46
eng_Latn,257,4,54
eng_Latn,257,5,59
eng_Latn,257,6,48
eng_Latn,257,7,5
eng_Latn,257,8,1
eng_Latn,257,9,52
eng_Latn,258,0,60
eng_Latn,258,1,15
eng_Latn,258,2,56
eng_Latn,258,3,63
eng_Latn,258,4,37
eng_Latn,259,0,60
eng_Latn,259,1,20
eng_Latn,259,2,35
eng_Latn,259,3,63
eng_Latn,259,4,53
eng_Latn,259,5,35
eng_Latn,259,6,15
jpn_Jpan,260,0,60
jpn_Jpan,260,1,13
jpn_Jpan,260,2,29
jpn_Jpan,260,3,13
jpn_Jpan,260,4,61
jpn_Jpan,260,5,13
jpn_Jpan,260,6,13
jpn_Jpan,260,7,13
jpn_Jpan,260,8,13
jpn_Jpan,260,9,24
jpn_Jpan,260,10,28
jpn_Jpan,260,11,13
jpn_Jpan,260,12,24
jpn_Jpan,260,13,13
jpn_Jpan,260,14,19
jpn_Jpan,260,15,36
jpn_Jpan,260,16,24
jpn_Jpan,260,17,13
jpn_Jpan,260,18,39
jpn_Jpan,260,19,13
jpn_Jpan,260,20,13
jpn_Jpan,260,21,36
jpn_Jpan,260,22,24
jpn_Jpan,260,23,61
jpn_Jpan,260,24,13
jpn_Jpan,260,25,13
jpn_Jpan,260,26,13
jpn_Jpan,260,27,34
jpn_Jpan,260,28,13
jpn_Jpan,260,29,51
jpn_Jpan,260,30,13
jpn_Jpan,260,31,13
jpn_Jpan,260,32,34
eng_Latn,261,0,60
eng_Latn,261,1,52
eng_Latn,261,2,53
eng_Latn,261,3,38
eng_Latn,261,4,52
eng_Latn,261,5,34
eng_Latn,261,6,61
eng_Latn,261,7,16
eng_Latn,261,8,35
eng_Latn,261,9,19
eng_Latn,261,10,15
jpn_Jpan,262,0,60
jpn_Jpan,262,1,13
jpn_Jpan,262,2,13
jpn_Jpan,262,3,24
jpn_Jpan,262,4,13
jpn_Jpan,262,5,13
jpn_Jpan,262,6,34
jpn_Jpan,262,7,13
jpn_Jpan,262,8,13
jpn_Jpan,262,9,13
jpn_Jpan,262,10,24
jpn_Jpan,262,11,13
jpn_Jpan,262,12,47
jpn_Jpan,262,13,13
jpn_Jpan,262,14,13
jpn_Jpan,262,15,13
jpn_Jpan,262,16,34
jpn_Jpan,262,17,9
jpn_Jpan,262,18,11
jpn_Jpan,262,19,24
jpn_Jpan,262,20,47
jpn_Jpan,262,21,13
jpn_Jpan,262,22,13
jpn_Jpan,262,23,13
jpn_Jpan,262,24,13
jpn_Jpan,262,25,13
jpn_Jpan,262,26,13
eng_Latn,263,0,60
eng_Latn,263,1,63
eng_Latn,263,2,18
eng_Latn,263,3,5
eng_Latn,263,4,16
eng_Latn,263,5,5
eng_Latn,263,6,14
eng_Latn,263,7,26
eng_Latn,264,0,60
eng_Latn,264,1,17
eng_Latn,264,2,54
eng_Latn,264,3,24
eng_Latn,264,4,39
eng_Latn,264,5,46
eng_Latn,264,6,48
eng_Latn,264,7,19
eng_Latn,264,8,16
eng_Latn,264,9,20
eng_Latn,264,10,34
jpn_Jpan,265,0,60
jpn_Jpan,265,1,13
jpn_Jpan,265,2,60
jpn_Jpan,265,3,13
jpn_Jpan,265,4,9
jpn_Jpan,265,5,61
jpn_Jpan,265,6,61
jpn_Jpan,265,7,24
jpn_Jpan,265,8,52
jpn_Jpan,265,9,52
jpn_Jpan,265,10,52
jpn_Jpan,265,11,19
jpn_Jpan,265,12,13
jpn_Jpan,265,13,24
jpn_Jpan,265,14,13
jpn_Jpan,265,15,13
jpn_Jpan,265,16,13
jpn_Jpan,265,17,1
jpn_Jpan,265,18,13
jpn_Jpan,265,19,13
jpn_Jpan,265,20,13
jpn_Jpan,265,21,24
jpn_Jpan,265,22,19
jpn_Jpan,265,23,13
jpn_Jpan,265,24,19
jpn_Jpan,265,25,13
jpn_Jpan,265,26,9
jpn_Jpan,265,27,58
jpn_Jpan,265,28,11
jpn_Jpan,265,29,22
jpn_Jpan,265,30,22
eng_Latn,266,0,60
eng_Latn,266,1,12
eng_Latn,266,2,42
eng_Latn,266,3,22
eng_Latn,266,4,27
eng_Latn,266,5,49
eng_Latn,266,6,9
eng_Latn,266,7,40
jpn_Jpan,267,0,60
jpn_Jpan,267,1,47
jpn_Jpan,267,2,13
jpn_Jpan,267,3,13
jpn_Jpan,267,4,13
jpn_Jpan,267,5,1
jpn_Jpan,267,6,52
jpn_Jpan,267,7,13
jpn_Jpan,267,8,13
jpn_Jpan,267,9,47
eng_Latn,268,0,60
eng_Latn,268,1,45
eng_Latn,268,2,18
eng_Latn,268,3,21
eng_Latn,268,4,21
eng_Latn,268,5,57
jpn_Jpan,269,0,60
jpn_Jpan,269,1,13
jpn_Jpan,269,2,13
jpn_Jpan,269,3,13
jpn_Jpan,269,4,36
jpn_Jpan,269,5,24
jpn_Jpan,269,6,13
jpn_Jpan,269,7,36
jpn_Jpan,269,8,19
jpn_Jpan,269,9,13
jpn_Jpan,269,10,19
jpn_Jpan,269,11,36
jpn_Jpan,269,12,13
jpn_Jpan,269,13,19
jpn_Jpan,269,14,36
jpn_Jpan,269,15,36
jpn_Jpan,269,16,13
jpn_Jpan,269,17,24
jpn_Jpan,269,18,13
jpn_Jpan,269,19,36
jpn_Jpan,269,20,24
jpn_Jpan,269,21,29
jpn_Jpan,269,22,34
jpn_Jpan,269,23,6
jpn_Jpan,269,24,36
jpn_Jpan,269,25,6
jpn_Jpan,269,26,13
jpn_Jpan,269,27,13
jpn_Jpan,269,28,36
jpn_Jpan,269,29,36
jpn_Jpan,269,30,34
jpn_Jpan,270,0,60
jpn_Jpan,270,1,13
jpn_Jpan,270,2,19
jpn_Jpan,270,3,13
jpn_Jpan,270,4,47
jpn_Jpan,270,5,13
jpn_Jpan,270,6,13
jpn_Jpan,270,7,13
jpn_Jpan,270,8,19
jpn_Jpan,270,9,13
jpn_Jpan,270,10,34
jpn_Jpan,270,11,51
jpn_Jpan,271,0,60
jpn_Jpan,271,1,13
jpn_Jpan,271,2,13
jpn_Jpan,271,3,39
jpn_Jpan,271,4,13
jpn_Jpan,271,5,13
jpn_Jpan,271,6,39
jpn_Jpan,271,7,9
jpn_Jpan,271,8,13
jpn_Jpan,271,9,61
jpn_Jpan,271,10,13
jpn_Jpan,271,11,47
jpn_Jpan,271,12,13
jpn_Jpan,271,13,24
jpn_Jpan,271,14,13
jpn_Jpan,271,15,13
jpn_Jpan,271,16,13
jpn_Jpan,271,17,13
jpn_Jpan,271,18,19
jpn_Jpan,271,19,13
jpn_Jpan,271,20,47
jpn_Jpan,271,21,13
jpn_Jpan,271,22,24
jpn_Jpan,271,23,13
jpn_Jpan,271,24,24
jpn_Jpan,271,25,19
jpn_Jpan,271,26,13
jpn_Jpan,271,27,19
jpn_Jpan,271,28,34
jpn_Jpan,271,29,24
jpn_Jpan,271,30,13
jpn_Jpan,271,31,47
jpn_Jpan,271,32,13
jpn_Jpan,271,33,19
jpn_Jpan,271,34,13
jpn_Jpan,271,35,13
jpn_Jpan,271,36,13
jpn_Jpan,271,37,13
jpn_Jpan,271,38,13
jpn_Jpan,272,0,60
jpn_Jpan,272,1,13
jpn_Jpan,272,2,13
jpn_Jpan,272,3,24
jpn_Jpan,272,4,13
jpn_Jpan,272,5,47
jpn_Jpan,272,6,13
jpn_Jpan,272,7,13
jpn_Jpan,272,8,19
jpn_Jpan,272,9,13
jpn_Jpan,272,10,13
jpn_Jpan,272,11,13
jpn_Jpan,272,12,24
jpn_Jpan,272,13,47
jpn_Jpan,272,14,13
jpn_Jpan,272,15,7
jpn_Jpan,272,16,13
jpn_Jpan,272,17,13
jpn_Jpan,272,18,24
jpn_Jpan,272,19,24
jpn_Jpan,272,20,13
jpn_Jpan,272,21,13
jpn_Jpan,272,22,19
jpn_Jpan,272,23,13
jpn_Jpan,272,24,19
jpn_Jpan,272,25,13
jpn_Jpan,272,26,13
jpn_Jpan,272,27,13
jpn_Jpan,272,28,61
jpn_Jpan,272,29,61
jpn_Jpan,272,30,13
jpn_Jpan,272,31,13
eng_Latn,273,0,60
eng_Latn,273,1,42
eng_Latn,273,2,19
eng_Latn,273,3,22
eng_Latn,274,0,60
eng_Latn,274,1,22
eng_Latn,274,2,60
eng_Latn,274,3,9
eng_Latn,274,4,27
eng_Latn,274,5,49
eng_Latn,274,6,26
eng_Latn,274,7,27
eng_Latn,274,8,40
eng_Latn,274,9,61
jpn_Jpan,275,0,60
jpn_Jpan,275,1,13
jpn_Jpan,275,2,13
jpn_Jpan,275,3,39
jpn_Jpan,275,4,19
jpn_Jpan,275,5,13
jpn_Jpan,275,6,19
jpn_Jpan,275,7,13
jpn_Jpan,275,8,13
jpn_Jpan,275,9,39
jpn_Jpan,275,10,13
jpn_Jpan,275,11,24
jpn_Jpan,275,12,52
jpn_Jpan,275,13,52
jpn_Jpan,275,14,13
jpn_Jpan,275,15,52
jpn_Jpan,275,16,52
jpn_Jpan,275,17,37
jpn_Jpan,275,18,12
jpn_Jpan,275,19,47
jpn_Jpan,275,20,13
jpn_Jpan,275,21,24
jpn_Jpan,275,22,47
jpn_Jpan,275,23,13
jpn_Jpan,275,24,13
jpn_Jpan,275,25,13
eng_Latn,276,0,60
eng_Latn,276,1,22
eng_Latn,276,2,42
eng_Latn,276,3,26
eng_Latn,276,4,14
eng_Latn,276,5,40
eng_Latn,276,6,33
eng_Latn,276,7,40
eng_Latn,276,8,33
jpn_Jpan,277,0,60
jpn_Jpan,277,1,24
jpn_Jpan,277,2,61
jpn_Jpan,277,3,13
jpn_Jpan,277,4,34
jpn_Jpan,277,5,34
jpn_Jpan,277,6,24
jpn_Jpan,277,7,13
jpn_Jpan,277,8,36
jpn_Jpan,277,9,24
jpn_Jpan,277,10,61
jpn_Jpan,277,11,13
jpn_Jpan,277,12,36
jpn_Jpan,277,13,36
jpn_Jpan,277,14,13
jpn_Jpan,277,15,19
jpn_Jpan,277,16,13
jpn_Jpan,277,17,36
jpn_Jpan,277,18,34
eng_Latn,278,0,60
eng_Latn,278,1,18
eng_Latn,278,2,56
eng_Latn,278,3,56
eng_Latn,278,4,16
eng_Latn,278,5,20
eng_Latn,278,6,51
jpn_Jpan,279,0,60
jpn_Jpan,279,1,13
jpn_Jpan,279,2,1
jpn_Jpan,279,3,13
jpn_Jpan,279,4,36
jpn_Jpan,279,5,13
jpn_Jpan,279,6,19
jpn_Jpan,279,7,13
jpn_Jpan,279,8,13
jpn_Jpan,279,9,13
jpn_Jpan,279,10,13
jpn_Jpan,279,11,13
jpn_Jpan,279,12,13
jpn_Jpan,279,13,13
jpn_Jpan,279,14,13
jpn_Jpan,279,15,24
jpn_Jpan,279,16,19
jpn_Jpan,279,17,13
jpn_Jpan,279,18,19
jpn_Jpan,279,19,13
jpn_Jpan,279,20,34
jpn_Jpan,279,21,61
jpn_Jpan,279,22,13
jpn_Jpan,279,23,13
jpn_Jpan,279,24,13
jpn_Jpan,280,0,60
jpn_Jpan,280,1,47
jpn_Jpan,280,2,19
jpn_Jpan,280,3,47
jpn_Jpan,280,4,47
jpn_Jpan,280,5,47
jpn_Jpan,280,6,39
jpn_Jpan,280,7,13
jpn_Jpan,280,8,13
jpn_Jpan,280,9,52
jpn_Jpan,280,10,19
jpn_Jpan,280,11,13
jpn_Jpan,280,12,24
jpn_Jpan,280,13,47
jpn_Jpan,280,14,13
jpn_Jpan,280,15,34
eng_Latn,281,0,60
eng_Latn,281,1,22
eng_Latn,281,2,19
eng_Latn,281,3,63
eng_Latn,281,4,48
eng_Latn,281,5,63
eng_Latn,282,0,60
eng_Latn,282,1,50
eng_Latn,282,2,56
eng_Latn,282,3,16
eng_Latn,282,4,62
eng_Latn,282,5,62
eng_Latn,282,6,52
eng_Latn,283,0,60
eng_Latn,283,1,40
eng_Latn,283,2,61
eng_Latn,283,3,49
eng_Latn,284,0,60
eng_Latn,284,1,4
eng_Latn,284,2,9
eng_Latn,284,3,56
eng_Latn,284,4,54
eng_Latn,284,5,41
eng_Latn,284,6,19
eng_Latn,284,7,4
eng_Latn,284,8,53
eng_Latn,284,9,35
eng_Latn,284,10,8
eng_Latn,284,11,4
jpn_Jpan,285,0,60
jpn_Jpan,285,1,36
jpn_Jpan,285,2,24
jpn_Jpan,285,3,62
jpn_Jpan,285,4,13
jpn_Jpan,285,5,1
jpn_Jpan,285,6,13
jpn_Jpan,285,7,19
jpn_Jpan,285,8,13
jpn_Jpan,285,9,13
jpn_Jpan,285,10,13
jpn_Jpan,285,11,13
jpn_Jpan,285,12,13
jpn_Jpan,285,13,13
jpn_Jpan,285,14,19
jpn_Jpan,285,15,13
jpn_Jpan,285,16,47
jpn_Jpan,285,17,13
jpn_Jpan,285,18,39
jpn_Jpan,285,19,19
jpn_Jpan,285,20,13
jpn_Jpan,285,21,11
jpn_Jpan,285,22,40
jpn_Jpan,285,23,13
jpn_Jpan,285,24,47
jpn_Jpan,285,25,13
jpn_Jpan,285,26,19
jpn_Jpan,285,27,36
jpn_Jpan,285,28,12
jpn_Jpan,285,29,58
jpn_Jpan,285,30,12
jpn_Jpan,285,31,60
eng_Latn,286,0,60
eng_Latn,286,1,18
eng_Latn,286,2,16
eng_Latn,286,3,53
eng_Latn,286,4,3
eng_Latn,286,5,56
eng_Latn,286,6,35
eng_Latn,286,7,4
jpn_Jpan,287,0,60
jpn_Jpan,287,1,47
jpn_Jpan,287,2,47
jpn_Jpan,287,3,13
jpn_Jpan,287,4,39
jpn_Jpan,287,5,13
jpn_Jpan,287,6,24
jpn_Jpan,287,7,13
jpn_Jpan,287,8,47
jpn_Jpan,287,9,13
jpn_Jpan,287,10,39
jpn_Jpan,287,11,24
jpn_Jpan,287,12,13
jpn_Jpan,287,13,13
jpn_Jpan,287,14,24
jpn_Jpan,287,15,13
jpn_Jpan,287,16,34
jpn_Jpan,287,17,34
jpn_Jpan,288,0,60
jpn_Jpan,288,1,13
jpn_Jpan,288,2,47
jpn_Jpan,288,3,13
jpn_Jpan,288,4,13
jpn_Jpan,288,5,13
jpn_Jpan,288,6,13
jpn_Jpan,288,7,34
jpn_Jpan,288,8,13
jpn_Jpan,288,9,24
jpn_Jpan,288,10,52
jpn_Jpan,288,11,1
jpn_Jpan,288,12,52
jpn_Jpan,288,13,13
jpn_Jpan,288,14,24
jpn_Jpan,288,15,61
jpn_Jpan,288,16,13
jpn_Jpan,288,17,24
jpn_Jpan,288,18,52
jpn_Jpan,288,19,1
jpn_Jpan,288,20,13
jpn_Jpan,288,21,47
jpn_Jpan,288,22,13
eng_Latn,289,0,60
eng_Latn,289,1,37
eng_Latn,289,2,54
eng_Latn,289,3,26
eng_Latn,289,4,40
eng_Latn,289,5,5
eng_Latn,289,6,61
eng_Latn,289,7,50
eng_Latn,289,8,24
eng_Latn,289,9,61
eng_Latn,289,10,48
eng_Latn,289,11,22
eng_Latn,290,0,60
eng_Latn,290,1,17
eng_Latn,290,2,34
eng_Latn,290,3,37
eng_Latn,290,4,34
jpn_Jpan,291,0,60
jpn_Jpan,291,1,36
jpn_Jpan,291,2,36
jpn_Jpan,291,3,36
jpn_Jpan,291,4,36
jpn_Jpan,291,5,24
jpn_Jpan,291,6,13
jpn_Jpan,291,7,13
jpn_Jpan,291,8,61
jpn_Jpan,291,9,36
jpn_Jpan,291,10,61
jpn_Jpan,291,11,19
jpn_Jpan,291,12,36
jpn_Jpan,291,13,24
jpn_Jpan,291,14,13
jpn_Jpan,291,15,13
jpn_Jpan,291,16,24
jpn_Jpan,291,17,13
jpn_Jpan,291,18,34
jpn_Jpan,291,19,34
jpn_Jpan,291,20,13
jpn_Jpan,291,21,19
jpn_Jpan,291,22,39
jpn_Jpan,291,23,13
jpn_Jpan,292,0,60
jpn_Jpan,292,1,13
jpn_Jpan,292,2,13
jpn_Jpan,292,3,24
jpn_Jpan,292,4,13
jpn_Jpan,292,5,13
jpn_Jpan,292,6,13
jpn_Jpan,292,7,13
jpn_Jpan,292,8,13
jpn_Jpan,292,9,9
jpn_Jpan,292,10,19
jpn_Jpan,292,11,7
jpn_Jpan,292,12,24
jpn_Jpan,292,13,1
jpn_Jpan,292,14,19
jpn_Jpan,292,15,39
jpn_Jpan,292,16,13
jpn_Jpan,292,17,24
jpn_Jpan,292,18,13
jpn_Jpan,292,19,13
jpn_Jpan,292,20,51
jpn_Jpan,292,21,51
jpn_Jpan,292,22,51
eng_Latn,293,0,60
eng_Latn,293,1,8
eng_Latn,293,2,8
eng_Latn,293,3,24
eng_Latn,293,4,47
eng_Latn,293,5,19
eng_Latn,293,6,37
eng_Latn,293,7,8
eng_Latn,293,8,19
eng_Latn,293,9,19
eng_Latn,293,10,8
eng_Latn,293,11,8
eng_Latn,293,12,54
eng_Latn,293,13,35
eng_Latn,293,14,46
jpn_Jpan,294,0,60
jpn_Jpan,294,1,13
jpn_Jpan,294,2,13
jpn_Jpan,294,3,34
jpn_Jpan,294,4,13
jpn_Jpan,294,5,24
jpn_Jpan,294,6,24
jpn_Jpan,294,7,36
jpn_Jpan,294,8,13
jpn_Jpan,294,9,47
jpn_Jpan,294,10,13
jpn_Jpan,294,11,13
jpn_Jpan,294,12,13
jpn_Jpan,294,13,13
jpn_Jpan,294,14,24
jpn_Jpan,294,15,47
jpn_Jpan,294,16,13
jpn_Jpan,294,17,13
jpn_Jpan,294,18,13
jpn_Jpan,294,19,13
jpn_Jpan,294,20,24
jpn_Jpan,294,21,13
jpn_Jpan,294,22,24
jpn_Jpan,294,23,61
jpn_Jpan,294,24,13
jpn_Jpan,294,25,47
jpn_Jpan,294,26,13
jpn_Jpan,295,0,60
jpn_Jpan,295,1,13
jpn_Jpan,295,2,13
jpn_Jpan,295,3,36
jpn_Jpan,295,4,47
jpn_Jpan,295,5,36
jpn_Jpan,295,6,36
jpn_Jpan,295,7,13
jpn_Jpan,295,8,47
jpn_Jpan,295,9,36
jpn_Jpan,295,10,19
jpn_Jpan,295,11,13
jpn_Jpan,295,12,34
jpn_Jpan,295,13,24
jpn_Jpan,295,14,1
jpn_Jpan,295,15,24
jpn_Jpan,295,16,13
jpn_Jpan,295,17,19
jpn_Jpan,295,18,13
jpn_Jpan,295,19,19
jpn_Jpan,295,20,29
jpn_Jpan,295,21,19
jpn_Jpan,295,22,13
jpn_Jpan,295,23,34
jpn_Jpan,295,24,24
jpn_Jpan,295,25,47
jpn_Jpan,295,26,19
jpn_Jpan,295,27,13
jpn_Jpan,295,28,13
jpn_Jpan,295,29,24
jpn_Jpan,295,30,13
jpn_Jpan,295,31,13
jpn_Jpan,295,32,13
jpn_Jpan,295,33,19
jpn_Jpan,295,34,34
eng_Latn,296,0,60
eng_Latn,296,1,56
eng_Latn,296,2,54
eng_Latn,296,3,38
eng_Latn,296,4,15
eng_Latn,296,5,48
eng_Latn,296,6,17
eng_Latn,296,7,48
eng_Latn,296,8,56
eng_Latn,296,9,16
jpn_Jpan,297,0,60
jpn_Jpan,297,1,13
jpn_Jpan,297,2,13
jpn_Jpan,297,3,19
jpn_Jpan,297,4,13
jpn_Jpan,297,5,24
jpn_Jpan,297,6,61
jpn_Jpan,297,7,13
jpn_Jpan,297,8,19
jpn_Jpan,297,9,39
jpn_Jpan,297,10,24
jpn_Jpan,297,11,13
jpn_Jpan,297,12,13
jpn_Jpan,297,13,19
jpn_Jpan,297,14,13
jpn_Jpan,297,15,13
jpn_Jpan,297,16,24
jpn_Jpan,297,17,61
jpn_Jpan,297,18,13
jpn_Jpan,297,19,19
jpn_Jpan,297,20,13
jpn_Jpan,297,21,24
jpn_Jpan,297,22,13
jpn_Jpan,297,23,61
jpn_Jpan,297,24,13
jpn_Jpan,297,25,13
jpn_Jpan,297,26,13
jpn_Jpan,297,27,47
jpn_Jpan,297,28,19
jpn_Jpan,297,29,47
jpn_Jpan,297,30,13
jpn_Jpan,297,31,13
jpn_Jpan,297,32,39
jpn_Jpan,297,33,13
jpn_Jpan,297,34,13
jpn_Jpan,297,35,11
jpn_Jpan,297,36,19
jpn_Jpan,297,37,13
jpn_Jpan,297,38,13
jpn_Jpan,297,39,13
jpn_Jpan,298,0,60
jpn_Jpan,298,1,19
jpn_Jpan,298,2,13
jpn_Jpan,298,3,19
jpn_Jpan,298,4,13
jpn_Jpan,298,5,24
jpn_Jpan,298,6,47
jpn_Jpan,298,7,19
jpn_Jpan,298,8,13
jpn_Jpan,298,9,24
jpn_Jpan,298,10,47
jpn_Jpan,298,11,19
jpn_Jpan,298,12,13
jpn_Jpan,298,13,13
jpn_Jpan,298,14,24
jpn_Jpan,298,15,61
jpn_Jpan,298,16,13
jpn_Jpan,298,17,13
jpn_Jpan,298,18,13
jpn_Jpan,298,19,13
jpn_Jpan,298,20,61
jpn_Jpan,298,21,13
jpn_Jpan,298,22,13
jpn_Jpan,298,23,24
jpn_Jpan,298,24,19
jpn_Jpan,298,25,36
jpn_Jpan,298,26,47
jpn_Jpan,298,27,36
jpn_Jpan,298,28,19
jpn_Jpan,298,29,36
jpn_Jpan,298,30,13
jpn_Jpan,298,31,47
jpn_Jpan,298,32,36
jpn_Jpan,298,33,13
jpn_Jpan,298,34,24
jpn_Jpan,298,35,13
jpn_Jpan,298,36,13
jpn_Jpan,298,37,61
jpn_Jpan,298,38,13
jpn_Jpan,298,39,24
jpn_Jpan,298,40,19
jpn_Jpan,298,41,13
jpn_Jpan,298,42,7
jpn_Jpan,298,43,24
jpn_Jpan,298,44,19
jpn_Jpan,298,45,13
jpn_Jpan,298,46,13
jpn_Jpan,298,47,24
jpn_Jpan,298,48,19
jpn_Jpan,298,49,13
jpn_Jpan,298,50,47
jpn_Jpan,298,51,13
jpn_Jpan,298,52,24
jpn_Jpan,298,53,13
jpn_Jpan,298,54,13
jpn_Jpan,298,55,19
jpn_Jpan,298,56,13
jpn_Jpan,298,57,19
jpn_Jpan,298,58,13
jpn_Jpan,298,59,24
jpn_Jpan,298,60,19
jpn_Jpan,298,61,13
jpn_Jpan,298,62,19
jpn_Jpan,298,63,13
jpn_Jpan,298,64,13
eng_Latn,299,0,60
eng_Latn,299,1,35
eng_Latn,299,2,9
eng_Latn,299,3,56
eng_Latn,299,4,41
eng_Latn,299,5,4
eng_Latn,299,6,4
eng_Latn,299,7,14
eng_Latn,299,8,5
eng_Latn,299,9,26
eng_Latn,299,10,26
jpn_Jpan,300,0,60
jpn_Jpan,300,1,47
jpn_Jpan,300,2,13
jpn_Jpan,300,3,13
jpn_Jpan,300,4,1
jpn_Jpan,300,5,19
jpn_Jpan,300,6,13
jpn_Jpan,300,7,24
jpn_Jpan,300,8,13
jpn_Jpan,300,9,36
jpn_Jpan,300,10,42
jpn_Jpan,300,11,47
jpn_Jpan,300,12,19
jpn_Jpan,300,13,40
jpn_Jpan,300,14,13
jpn_Jpan,300,15,36
jpn_Jpan,300,16,47
jpn_Jpan,300,17,36
jpn_Jpan,300,18,36
jpn_Jpan,300,19,19
jpn_Jpan,300,20,52
jpn_Jpan,301,0,60
jpn_Jpan,301,1,13
jpn_Jpan,301,2,13
jpn_Jpan,301,3,13
jpn_Jpan,301,4,13
jpn_Jpan,301,5,19
jpn_Jpan,301,6,13
jpn_Jpan,301,7,13
jpn_Jpan,301,8,47
jpn_Jpan,301,9,13
jpn_Jpan,301,10,13
jpn_Jpan,301,11,13
jpn_Jpan,301,12,39
jpn_Jpan,301,13,7
jpn_Jpan,301,14,12
jpn_Jpan,301,15,24
jpn_Jpan,301,16,24
jpn_Jpan,301,17,52
jpn_Jpan,301,18,37
jpn_Jpan,301,19,24
jpn_Jpan,301,20,47
jpn_Jpan,301,21,13
jpn_Jpan,301,22,34
jpn_Jpan,301,23,13
jpn_Jpan,301,24,24
jpn_Jpan,301,25,13
jpn_Jpan,301,26,13
jpn_Jpan,301,27,19
jpn_Jpan,301,28,13
jpn_Jpan,301,29,24
jpn_Jpan,301,30,13
jpn_Jpan,301,31,24
jpn_Jpan,301,32,52
jpn_Jpan,301,33,52
jpn_Jpan,301,34,13
jpn_Jpan,301,35,61
jpn_Jpan,301,36,13
jpn_Jpan,301,37,13
jpn_Jpan,301,38,19
jpn_Jpan,301,39,13
jpn_Jpan,301,40,13
jpn_Jpan,302,0,60
jpn_Jpan,302,1,47
jpn_Jpan,302,2,13
jpn_Jpan,302,3,47
jpn_Jpan,302,4,13
jpn_Jpan,302,5,13
jpn_Jpan,302,6,13
jpn_Jpan,302,7,19
jpn_Jpan,302,8,13
jpn_Jpan,302,9,13
jpn_Jpan,302,10,34
jpn_Jpan,303,0,60
jpn_Jpan,303,1,13
jpn_Jpan,303,2,13
jpn_Jpan,303,3,24
jpn_Jpan,303,4,19
jpn_Jpan,303,5,36
jpn_Jpan,303,6,13
jpn_Jpan,303,7,24
jpn_Jpan,303,8,61
jpn_Jpan,303,9,61
jpn_Jpan,303,10,39
jpn_Jpan,303,11,13
jpn_Jpan,303,12,13
jpn_Jpan,303,13,47
jpn_Jpan,303,14,13
jpn_Jpan,303,15,13
jpn_Jpan,303,16,24
jpn_Jpan,303,17,13
jpn_Jpan,303,18,13
jpn_Jpan,303,19,13
jpn_Jpan,303,20,24
jpn_Jpan,303,21,19
jpn_Jpan,303,22,1
jpn_Jpan,303,23,52
jpn_Jpan,303,24,61
jpn_Jpan,303,25,13
jpn_Jpan,303,26,13
jpn_Jpan,303,27,13
jpn_Jpan,303,28,13
jpn_Jpan,303,29,13
jpn_Jpan,303,30,13
jpn_Jpan,303,31,24
jpn_Jpan,303,32,19
jpn_Jpan,303,33,13
jpn_Jpan,303,34,19
jpn_Jpan,303,35,19
jpn_Jpan,303,36,13
jpn_Jpan,303,37,24
jpn_Jpan,303,38,61
jpn_Jpan,303,39,13
jpn_Jpan,303,40,13
jpn_Jpan,303,41,13
jpn_Jpan,303,42,13
jpn_Jpan,303,43,34
jpn_Jpan,303,44,13
jpn_Jpan,303,45,34
jpn_Jpan,304,0,60
jpn_Jpan,304,1,34
jpn_Jpan,304,2,13
jpn_Jpan,304,3,24
jpn_Jpan,304,4,47
jpn_Jpan,304,5,13
jpn_Jpan,304,6,13
jpn_Jpan,304,7,19
jpn_Jpan,304,8,13
jpn_Jpan,304,9,34
eng_Latn,305,0,60
eng_Latn,305,1,13
eng_Latn,305,2,49
eng_Latn,305,3,18
eng_Latn,305,4,18
eng_Latn,305,5,3
eng_Latn,305,6,57
eng_Latn,305,7,24
eng_Latn,305,8,3
eng_Latn,305,9,3
eng_Latn,305,10,3
jpn_Jpan,306,0,60
jpn_Jpan,306,1,19
jpn_Jpan,306,2,13
jpn_Jpan,306,3,36
jpn_Jpan,306,4,9
jpn_Jpan,306,5,24
jpn_Jpan,306,6,9
jpn_Jpan,306,7,9
jpn_Jpan,306,8,9
jpn_Jpan,306,9,9
jpn_Jpan,306,10,11
jpn_Jpan,306,11,13
jpn_Jpan,306,12,19
jpn_Jpan,306,13,13
jpn_Jpan,306,14,13
jpn_Jpan,306,15,11
jpn_Jpan,306,16,52
jpn_Jpan,306,17,1
jpn_Jpan,306,18,52
jpn_Jpan,306,19,24
jpn_Jpan,306,20,13
jpn_Jpan,306,21,19
jpn_Jpan,306,22,34
jpn_Jpan,306,23,24
jpn_Jpan,306,24,19
jpn_Jpan,306,25,13
jpn_Jpan,306,26,19
jpn_Jpan,306,27,24
jpn_Jpan,306,28,13
jpn_Jpan,306,29,19
jpn_Jpan,306,30,13
jpn_Jpan,306,31,13
jpn_Jpan,306,32,13
jpn_Jpan,306,33,13
jpn_Jpan,306,34,24
jpn_Jpan,306,35,24
jpn_Jpan,306,36,19
jpn_Jpan,306,37,13
jpn_Jpan,306,38,36
jpn_Jpan,306,39,13
jpn_Jpan,306,40,13
jpn_Jpan,306,41,36
jpn_Jpan,306,42,58
jpn_Jpan,306,43,12
jpn_Jpan,306,44,39
jpn_Jpan,306,45,39
jpn_Jpan,306,46,39
eng_Latn,307,0,60
eng_Latn,307,1,40
eng_Latn,307,2,61
eng_Latn,307,3,56
eng_Latn,307,4,22
eng_Latn,307,5,22
eng_Latn,307,6,12
eng_Latn,307,7,40
eng_Latn,307,8,47
eng_Latn,307,9,40
eng_Latn,307,10,61
eng_Latn,307,11,49
eng_Latn,308,0,60
eng_Latn,308,1,56
eng_Latn,308,2,48
eng_Latn,308,3,56
eng_Latn,308,4,46
jpn_Jpan,309,0,60
jpn_Jpan,309,1,19
jpn_Jpan,309,2,40
jpn_Jpan,309,3,61
jpn_Jpan,309,4,63
jpn_Jpan,309,5,19
jpn_Jpan,309,6,63
jpn_Jpan,309,7,42
jpn_Jpan,309,8,22
jpn_Jpan,309,9,9
jpn_Jpan,309,10,24
jpn_Jpan,309,11,13
jpn_Jpan,309,12,19
jpn_Jpan,309,13,13
jpn_Jpan,309,14,24
jpn_Jpan,309,15,13
jpn_Jpan,309,16,34
jpn_Jpan,309,17,34
eng_Latn,310,0,60
eng_Latn,310,1,45
eng_Latn,310,2,48
eng_Latn,310,3,29
eng_Latn,310,4,41
eng_Latn,310,5,15
jpn_Jpan,311,0,60
jpn_Jpan,311,1,13
jpn_Jpan,311,2,13
jpn_Jpan,311,3,13
jpn_Jpan,311,4,47
jpn_Jpan,311,5,13
jpn_Jpan,311,6,7
jpn_Jpan,311,7,7
jpn_Jpan,311,8,13
jpn_Jpan,311,9,13
jpn_Jpan,311,10,19
jpn_Jpan,311,11,13
jpn_Jpan,311,12,36
jpn_Jpan,311,13,24
jpn_Jpan,311,14,13
jpn_Jpan,311,15,9
jpn_Jpan,311,16,7
jpn_Jpan,311,17,24
jpn_Jpan,311,18,47
jpn_Jpan,311,19,47
jpn_Jpan,311,20,13
jpn_Jpan,311,21,24
jpn_Jpan,311,22,13
jpn_Jpan,311,23,13
jpn_Jpan,311,24,13
jpn_Jpan,311,25,19
jpn_Jpan,311,26,13
jpn_Jpan,311,27,24
jpn_Jpan,311,28,24
jpn_Jpan,311,29,13
jpn_Jpan,311,30,24
jpn_Jpan,311,31,13
jpn_Jpan,311,32,13
jpn_Jpan,311,33,34
eng_Latn,312,0,60
eng_Latn,312,1,17
eng_Latn,312,2,17
eng_Latn,312,3,20
eng_Latn,312,4,15
eng_Latn,312,5,48
jpn_Jpan,313,0,60
jpn_Jpan,313,1,13
jpn_Jpan,313,2,13
jpn_Jpan,313,3,19
jpn_Jpan,313,4,13
jpn_Jpan,313,5,13
jpn_Jpan,313,6,24
jpn_Jpan,313,7,47
jpn_Jpan,313,8,19
jpn_Jpan,313,9,13
jpn_Jpan,313,10,24
jpn_Jpan,313,11,19
jpn_Jpan,313,12,13
jpn_Jpan,313,13,13
jpn_Jpan,313,14,47
jpn_Jpan,313,15,13
jpn_Jpan,313,16,13
jpn_Jpan,313,17,24
jpn_Jpan,313,18,24
jpn_Jpan,313,19,47
jpn_Jpan,313,20,47
jpn_Jpan,313,21,19
jpn_Jpan,313,22,13
jpn_Jpan,313,23,13
jpn_Jpan,313,24,13
jpn_Jpan,313,25,13
jpn_Jpan,313,26,13
jpn_Jpan,313,27,13
jpn_Jpan,313,28,24
jpn_Jpan,313,29,13
jpn_Jpan,313,30,13
jpn_Jpan,313,31,34
jpn_Jpan,313,32,13
jpn_Jpan,313,33,24
jpn_Jpan,313,34,13
jpn_Jpan,313,35,13
jpn_Jpan,313,36,13
jpn_Jpan,313,37,13
jpn_Jpan,313,38,51
jpn_Jpan,314,0,60
jpn_Jpan,314,1,13
jpn_Jpan,314,2,47
jpn_Jpan,314,3,39
jpn_Jpan,314,4,24
jpn_Jpan,314,5,47
jpn_Jpan,314,6,13
jpn_Jpan,314,7,13
jpn_Jpan,314,8,13
jpn_Jpan,314,9,13
jpn_Jpan,314,10,19
jpn_Jpan,314,11,13
jpn_Jpan,314,12,24
jpn_Jpan,314,13,19
jpn_Jpan,314,14,47
jpn_Jpan,314,15,39
jpn_Jpan,314,16,34
eng_Latn,315,0,60
eng_Latn,315,1,19
eng_Latn,315,2,19
eng_Latn,315,3,19
eng_Latn,315,4,51
eng_Latn,316,0,60
eng_Latn,316,1,52
eng_Latn,316,2,14
eng_Latn,316,3,63
eng_Latn,317,0,60
eng_Latn,317,1,58
eng_Latn,317,2,52
eng_Latn,317,3,52
eng_Latn,317,4,1
eng_Latn,317,5,57
eng_Latn,317,6,31
eng_Latn,317,7,16
eng_Latn,317,8,16
eng_Latn,317,9,16
eng_Latn,318,0,60
eng_Latn,318,1,17
eng_Latn,318,2,33
eng_Latn,318,3,38
eng_Latn,318,4,33
eng_Latn,318,5,33
eng_Latn,318,6,33
eng_Latn,318,7,33
eng_Latn,318,8,33
jpn_Jpan,319,0,60
jpn_Jpan,319,1,13
jpn_Jpan,319,2,19
jpn_Jpan,319,3,13
jpn_Jpan,319,4,19
jpn_Jpan,319,5,13
jpn_Jpan,319,6,47
jpn_Jpan,319,7,47
jpn_Jpan,319,8,39
jpn_Jpan,319,9,24
jpn_Jpan,319,10,19
jpn_Jpan,319,11,13
jpn_Jpan,319,12,34
jpn_Jpan,319,13,34
jpn_Jpan,319,14,36
jpn_Jpan,319,15,7
jpn_Jpan,319,16,34
jpn_Jpan,319,17,24
jpn_Jpan,319,18,24
jpn_Jpan,319,19,13
jpn_Jpan,319,20,24
jpn_Jpan,319,21,13
jpn_Jpan,319,22,24
jpn_Jpan,319,23,13
jpn_Jpan,319,24,19
jpn_Jpan,319,25,13
jpn_Jpan,319,26,47
jpn_Jpan,319,27,13
jpn_Jpan,319,28,1
jpn_Jpan,319,29,19
jpn_Jpan,319,30,13
jpn_Jpan,319,31,24
jpn_Jpan,319,32,47
jpn_Jpan,319,33,13
jpn_Jpan,319,34,36
jpn_Jpan,319,35,51
eng_Latn,320,0,60
eng_Latn,320,1,22
eng_Latn,320,2,34
eng_Latn,320,3,20
eng_Latn,320,4,34
eng_Latn,320,5,34
eng_Latn,320,6,11
jpn_Jpan,321,0,60
jpn_Jpan,321,1,47
jpn_Jpan,321,2,13
jpn_Jpan,321,3,11
jpn_Jpan,321,4,52
jpn_Jpan,321,5,19
jpn_Jpan,321,6,13
jpn_Jpan,321,7,7
jpn_Jpan,321,8,19
jpn_Jpan,321,9,13
jpn_Jpan,321,10,13
jpn_Jpan,321,11,24
jpn_Jpan,321,12,52
jpn_Jpan,321,13,1
jpn_Jpan,321,14,52
jpn_Jpan,321,15,13
jpn_Jpan,321,16,52
jpn_Jpan,321,17,1
jpn_Jpan,321,18,52
jpn_Jpan,321,19,13
jpn_Jpan,321,20,24
jpn_Jpan,321,21,52
jpn_Jpan,321,22,19
jpn_Jpan,321,23,13
jpn_Jpan,321,24,1
jpn_Jpan,321,25,52
eng_Latn,322,0,60
eng_Latn,322,1,17
eng_Latn,322,2,54
eng_Latn,322,3,59
eng_Latn,322,4,15
eng_Latn,322,5,35
eng_Latn,322,6,51
eng_Latn,323,0,60
eng_Latn,323,1,18
eng_Latn,323,2,56
eng_Latn,323,3,29
eng_Latn,323,4,19
eng_Latn,323,5,34
eng_Latn,323,6,51
eng_Latn,323,7,38
eng_Latn,323,8,32
eng_Latn,323,9,29
eng_Latn,323,10,51
jpn_Jpan,324,0,60
jpn_Jpan,324,1,46
jpn_Jpan,324,2,24
jpn_Jpan,324,3,13
jpn_Jpan,324,4,47
jpn_Jpan,324,5,13
jpn_Jpan,324,6,13
jpn_Jpan,324,7,13
jpn_Jpan,324,8,39
jpn_Jpan,324,9,13
jpn_Jpan,324,10,24
jpn_Jpan,324,11,47
jpn_Jpan,324,12,13
jpn_Jpan,324,13,13
jpn_Jpan,324,14,13
jpn_Jpan,324,15,13
jpn_Jpan,324,16,13
jpn_Jpan,324,17,24
jpn_Jpan,324,18,61
jpn_Jpan,324,19,13
jpn_Jpan,324,20,13
jpn_Jpan,324,21,24
jpn_Jpan,324,22,47
jpn_Jpan,324,23,19
jpn_Jpan,324,24,13
jpn_Jpan,324,25,13
jpn_Jpan,324,26,13
jpn_Jpan,324,27,13
jpn_Jpan,324,28,24
jpn_Jpan,324,29,13
jpn_Jpan,324,30,24
jpn_Jpan,325,0,60
jpn_Jpan,325,1,36
jpn_Jpan,325,2,13
jpn_Jpan,325,3,24
jpn_Jpan,325,4,13
jpn_Jpan,325,5,13
jpn_Jpan,325,6,24
jpn_Jpan,325,7,61
jpn_Jpan,325,8,13
jpn_Jpan,325,9,24
jpn_Jpan,325,10,19
jpn_Jpan,325,11,13
jpn_Jpan,325,12,13
jpn_Jpan,325,13,13
jpn_Jpan,325,14,13
jpn_Jpan,325,15,13
jpn_Jpan,325,16,13
jpn_Jpan,325,17,13
jpn_Jpan,325,18,19
jpn_Jpan,325,19,13
jpn_Jpan,325,20,19
jpn_Jpan,325,21,13
jpn_Jpan,325,22,24
jpn_Jpan,325,23,47
jpn_Jpan,325,24,13
jpn_Jpan,325,25,13
jpn_Jpan,325,26,34
jpn_Jpan,325,27,51
eng_Latn,326,0,60
eng_Latn,326,1,29
eng_Latn,326,2,34
jpn_Jpan,327,0,60
jpn_Jpan,327,1,13
jpn_Jpan,327,2,13
jpn_Jpan,327,3,13
jpn_Jpan,327,4,36
jpn_Jpan,327,5,24
jpn_Jpan,327,6,1
jpn_Jpan,327,7,13
jpn_Jpan,327,8,13
jpn_Jpan,327,9,24
jpn_Jpan,327,10,13
jpn_Jpan,327,11,34
jpn_Jpan,327,12,13
jpn_Jpan,327,13,24
jpn_Jpan,327,14,19
jpn_Jpan,327,15,13
jpn_Jpan,327,16,24
jpn_Jpan,327,17,13
eng_Latn,328,0,60
eng_Latn,328,1,22
eng_Latn,328,2,22
eng_Latn,328,3,22
eng_Latn,328,4,34
eng_Latn,328,5,8
eng_Latn,328,6,8
eng_Latn,328,7,24
eng_Latn,328,8,63
eng_Latn,329,0,60
eng_Latn,329,1,9
eng_Latn,329,2,56
eng_Latn,329,3,46
eng_Latn,329,4,51
eng_Latn,330,0,60
eng_Latn,330,1,50
eng_Latn,330,2,39
eng_Latn,330,3,19
eng_Latn,330,4,33
eng_Latn,330,5,46
eng_Latn,330,6,48
eng_Latn,330,7,14
eng_Latn,330,8,27
eng_Latn,330,9,47
eng_Latn,330,10,49
eng_Latn,331,0,60
eng_Latn,331,1,52
eng_Latn,331,2,61
eng_Latn,331,3,19
eng_Latn,331,4,9
eng_Latn,331,5,26
eng_Latn,331,6,59
eng_Latn,331,7,57
eng_Latn,331,8,19
eng_Latn,331,9,48
eng_Latn,331,10,37
eng_Latn,331,11,37
eng_Latn,331,12,57
eng_Latn,332,0,60
eng_Latn,332,1,16
eng_Latn,332,2,16
eng_Latn,332,3,20
eng_Latn,332,4,57
eng_Latn,332,5,53
eng_Latn,332,6,49
eng_Latn,333,0,60
eng_Latn,333,1,48
eng_Latn,333,2,56
eng_Latn,333,3,16
eng_Latn,333,4,16
eng_Latn,333,5,53
eng_Latn,333,6,1
eng_Latn,333,7,61
eng_Latn,333,8,49
eng_Latn,333,9,49
jpn_Jpan,334,0,60
jpn_Jpan,334,1,13
jpn_Jpan,334,2,13
jpn_Jpan,334,3,13
jpn_Jpan,334,4,24
jpn_Jpan,334,5,19
jpn_Jpan,334,6,13
jpn_Jpan,334,7,36
jpn_Jpan,334,8,61
jpn_Jpan,334,9,36
jpn_Jpan,334,10,24
jpn_Jpan,334,11,52
jpn_Jpan,334,12,24
jpn_Jpan,334,13,47
jpn_Jpan,334,14,13
jpn_Jpan,334,15,13
jpn_Jpan,334,16,24
jpn_Jpan,334,17,24
jpn_Jpan,334,18,19
jpn_Jpan,334,19,13
jpn_Jpan,334,20,36
jpn_Jpan,334,21,61
jpn_Jpan,334,22,19
jpn_Jpan,334,23,13
jpn_Jpan,334,24,13
jpn_Jpan,334,25,24
jpn_Jpan,334,26,19
jpn_Jpan,334,27,13
jpn_Jpan,334,28,13
jpn_Jpan,335,0,60
jpn_Jpan,335,1,13
jpn_Jpan,335,2,24
jpn_Jpan,335,3,24
jpn_Jpan,335,4,40
jpn_Jpan,335,5,7
jpn_Jpan,335,6,7
jpn_Jpan,335,7,13
jpn_Jpan,335,8,13
jpn_Jpan,335,9,61
jpn_Jpan,335,10,61
jpn_Jpan,335,11,13
jpn_Jpan,335,12,13
jpn_Jpan,335,13,47
jpn_Jpan,335,14,13
jpn_Jpan,335,15,24
jpn_Jpan,335,16,13
jpn_Jpan,335,17,24
jpn_Jpan,335,18,47
jpn_Jpan,335,19,13
jpn_Jpan,335,20,13
jpn_Jpan,335,21,34
jpn_Jpan,336,0,60
jpn_Jpan,336,1,11
jpn_Jpan,336,2,13
jpn_Jpan,336,3,13
jpn_Jpan,336,4,13
jpn_Jpan,336,5,24
jpn_Jpan,336,6,24
jpn_Jpan,336,7,52
jpn_Jpan,336,8,1
jpn_Jpan,336,9,24
jpn_Jpan,336,10,13
jpn_Jpan,336,11,61
jpn_Jpan,336,12,13
jpn_Jpan,336,13,24
jpn_Jpan,336,14,19
jpn_Jpan,336,15,13
jpn_Jpan,336,16,13
jpn_Jpan,336,17,19
jpn_Jpan,336,18,13
jpn_Jpan,336,19,24
jpn_Jpan,336,20,13
jpn_Jpan,336,21,13
jpn_Jpan,336,22,13
jpn_Jpan,336,23,13
jpn_Jpan,336,24,36
jpn_Jpan,336,25,34
eng_Latn,337,0,60
eng_Latn,337,1,12
eng_Latn,337,2,42
eng_Latn,337,3,19
eng_Latn,337,4,22
eng_Latn,337,5,49
eng_Latn,337,6,9
eng_Latn,337,7,19
eng_Latn,337,8,22
eng_Latn,337,9,40
jpn_Jpan,338,0,60
jpn_Jpan,338,1,13
jpn_Jpan,338,2,13
jpn_Jpan,338,3,13
jpn_Jpan,338,4,24
jpn_Jpan,338,5,47
jpn_Jpan,338,6,13
jpn_Jpan,338,7,13
jpn_Jpan,338,8,13
jpn_Jpan,338,9,47
jpn_Jpan,338,10,19
jpn_Jpan,338,11,13
jpn_Jpan,338,12,13
jpn_Jpan,338,13,13
jpn_Jpan,338,14,13
jpn_Jpan,338,15,13
jpn_Jpan,338,16,19
jpn_Jpan,338,17,36
jpn_Jpan,338,18,47
jpn_Jpan,338,19,13
eng_Latn,339,0,60
eng_Latn,339,1,40
eng_Latn,339,2,40
eng_Latn,339,3,10
eng_Latn,339,4,56
eng_Latn,339,5,35
eng_Latn,339,6,56
eng_Latn,339,7,54
eng_Latn,339,8,19
eng_Latn,339,9,44
eng_Latn,340,0,60
eng_Latn,340,1,40
eng_Latn,340,2,61
eng_Latn,340,3,15
eng_Latn,340,4,8
eng_Latn,340,5,20
eng_Latn,340,6,8
eng_Latn,340,7,57
eng_Latn,340,8,8
eng_Latn,341,0,60
eng_Latn,341,1,15
eng_Latn,341,2,23
eng_Latn,341,3,48
eng_Latn,341,4,56
eng_Latn,341,5,16
eng_Latn,341,6,54
eng_Latn,341,7,63
jpn_Jpan,342,0,60
jpn_Jpan,342,1,9
jpn_Jpan,342,2,24
jpn_Jpan,342,3,61
jpn_Jpan,342,4,61
jpn_Jpan,342,5,13
jpn_Jpan,342,6,47
jpn_Jpan,342,7,13
jpn_Jpan,342,8,13
jpn_Jpan,342,9,13
jpn_Jpan,342,10,24
jpn_Jpan,342,11,24
jpn_Jpan,342,12,19
jpn_Jpan,342,13,39
jpn_Jpan,342,14,36
jpn_Jpan,342,15,13
jpn_Jpan,342,16,61
jpn_Jpan,342,17,19
jpn_Jpan,342,18,19
jpn_Jpan,342,19,13
jpn_Jpan,342,20,13
jpn_Jpan,342,21,19
jpn_Jpan,342,22,19
jpn_Jpan,342,23,13
jpn_Jpan,342,24,24
jpn_Jpan,342,25,13
jpn_Jpan,342,26,34
jpn_Jpan,342,27,13
jpn_Jpan,342,28,24
jpn_Jpan,342,29,13
jpn_Jpan,342,30,47
jpn_Jpan,342,31,13
jpn_Jpan,342,32,24
jpn_Jpan,342,33,13
jpn_Jpan,342,34,13
jpn_Jpan,342,35,13
jpn_Jpan,342,36,34
eng_Latn,343,0,60
eng_Latn,343,1,56
eng_Latn,343,2,1
eng_Latn,343,3,52
eng_Latn,344,0,60
eng_Latn,344,1,56
eng_Latn,344,2,35
eng_Latn,344,3,56
eng_Latn,344,4,57
jpn_Jpan,345,0,60
jpn_Jpan,345,1,61
jpn_Jpan,345,2,13
jpn_Jpan,345,3,24
jpn_Jpan,345,4,61
jpn_Jpan,345,5,13
jpn_Jpan,345,6,13
jpn_Jpan,345,7,13
jpn_Jpan,345,8,47
jpn_Jpan,345,9,13
jpn_Jpan,345,10,19
jpn_Jpan,345,11,13
jpn_Jpan,345,12,13
jpn_Jpan,345,13,13
jpn_Jpan,345,14,13
jpn_Jpan,345,15,13
jpn_Jpan,345,16,13
jpn_Jpan,345,17,24
jpn_Jpan,345,18,19
jpn_Jpan,345,19,13
jpn_Jpan,345,20,19
jpn_Jpan,345,21,13
jpn_Jpan,345,22,13
jpn_Jpan,345,23,24
jpn_Jpan,345,24,58
jpn_Jpan,345,25,12
jpn_Jpan,345,26,47
jpn_Jpan,345,27,40
eng_Latn,346,0,60
eng_Latn,346,1,45
eng_Latn,346,2,20
eng_Latn,346,3,0
eng_Latn,346,4,53
eng_Latn,346,5,41
eng_Latn,346,6,21
eng_Latn,346,7,51
jpn_Jpan,347,0,60
jpn_Jpan,347,1,61
jpn_Jpan,347,2,24
jpn_Jpan,347,3,24
jpn_Jpan,347,4,24
jpn_Jpan,347,5,24
jpn_Jpan,347,6,13
jpn_Jpan,347,7,13
jpn_Jpan,347,8,13
jpn_Jpan,347,9,13
jpn_Jpan,347,10,13
jpn_Jpan,347,11,47
jpn_Jpan,347,12,13
jpn_Jpan,347,13,13
jpn_Jpan,347,14,34
jpn_Jpan,347,15,51
jpn_Jpan,347,16,24
jpn_Jpan,347,17,24
jpn_Jpan,347,18,24
jpn_Jpan,347,19,13
jpn_Jpan,347,20,19
jpn_Jpan,347,21,13
jpn_Jpan,347,22,24
jpn_Jpan,347,23,24
jpn_Jpan,347,24,13
jpn_Jpan,347,25,13
jpn_Jpan,347,26,47
jpn_Jpan,347,27,13
jpn_Jpan,347,28,13
jpn_Jpan,347,29,13
eng_Latn,348,0,60
eng_Latn,348,1,5
eng_Latn,348,2,20
eng_Latn,348,3,52
eng_Latn,348,4,57
eng_Latn,348,5,23
eng_Latn,348,6,23
eng_Latn,348,7,61
eng_Latn,348,8,15
eng_Latn,348,9,16
eng_Latn,348,10,20
eng_Latn,348,11,63
jpn_Jpan,349,0,60
jpn_Jpan,349,1,61
jpn_Jpan,349,2,24
jpn_Jpan,349,3,13
jpn_Jpan,349,4,13
jpn_Jpan,349,5,13
jpn_Jpan,349,6,34
jpn_Jpan,349,7,13
jpn_Jpan,349,8,24
jpn_Jpan,349,9,47
jpn_Jpan,349,10,19
jpn_Jpan,349,11,13
jpn_Jpan,349,12,24
jpn_Jpan,349,13,13
jpn_Jpan,349,14,13
jpn_Jpan,349,15,24
jpn_Jpan,349,16,47
jpn_Jpan,349,17,19
jpn_Jpan,349,18,13
jpn_Jpan,349,19,61
jpn_Jpan,349,20,13
jpn_Jpan,349,21,13
jpn_Jpan,349,22,13
jpn_Jpan,349,23,34
jpn_Jpan,350,0,60
jpn_Jpan,350,1,13
jpn_Jpan,350,2,19
jpn_Jpan,350,3,36
jpn_Jpan,350,4,24
jpn_Jpan,350,5,24
jpn_Jpan,350,6,52
jpn_Jpan,350,7,37
jpn_Jpan,350,8,52
jpn_Jpan,350,9,1
jpn_Jpan,350,10,52
jpn_Jpan,350,11,13
jpn_Jpan,350,12,13
jpn_Jpan,350,13,19
jpn_Jpan,350,14,34
jpn_Jpan,350,15,19
jpn_Jpan,350,16,13
jpn_Jpan,350,17,34
jpn_Jpan,351,0,60
jpn_Jpan,351,1,13
jpn_Jpan,351,2,24
jpn_Jpan,351,3,13
jpn_Jpan,351,4,13
jpn_Jpan,351,5,36
jpn_Jpan,351,6,19
jpn_Jpan,351,7,13
jpn_Jpan,351,8,19
jpn_Jpan,351,9,36
jpn_Jpan,351,10,13
jpn_Jpan,351,11,47
jpn_Jpan,351,12,19
jpn_Jpan,351,13,13
jpn_Jpan,351,14,24
jpn_Jpan,351,15,13
jpn_Jpan,351,16,13
jpn_Jpan,351,17,13
jpn_Jpan,351,18,13
jpn_Jpan,351,19,24
jpn_Jpan,351,20,13
jpn_Jpan,351,21,13
jpn_Jpan,351,22,24
jpn_Jpan,351,23,61
jpn_Jpan,351,24,13
jpn_Jpan,351,25,13
jpn_Jpan,351,26,24
jpn_Jpan,351,27,13
jpn_Jpan,351,28,34
jpn_Jpan,351,29,24
jpn_Jpan,351,30,34
jpn_Jpan,351,31,34
jpn_Jpan,352,0,60
jpn_Jpan,352,1,13
jpn_Jpan,352,2,24
jpn_Jpan,352,3,13
jpn_Jpan,352,4,24
jpn_Jpan,352,5,13
jpn_Jpan,352,6,13
jpn_Jpan,352,7,13
jpn_Jpan,352,8,13
jpn_Jpan,352,9,13
jpn_Jpan,352,10,34
jpn_Jpan,352,11,24
jpn_Jpan,352,12,24
jpn_Jpan,352,13,19
jpn_Jpan,352,14,13
jpn_Jpan,352,15,13
jpn_Jpan,352,16,13
jpn_Jpan,352,17,13
jpn_Jpan,352,18,13
jpn_Jpan,352,19,24
jpn_Jpan,352,20,13
jpn_Jpan,352,21,24
jpn_Jpan,352,22,13
jpn_Jpan,352,23,13
jpn_Jpan,352,24,19
jpn_Jpan,352,25,13
jpn_Jpan,352,26,13
jpn_Jpan,352,27,51
jpn_Jpan,352,28,13
jpn_Jpan,352,29,51
jpn_Jpan,353,0,60
jpn_Jpan,353,1,1
jpn_Jpan,353,2,39
jpn_Jpan,353,3,13
jpn_Jpan,353,4,13
jpn_Jpan,353,5,13
jpn_Jpan,353,6,24
jpn_Jpan,353,7,47
jpn_Jpan,353,8,13
jpn_Jpan,353,9,13
jpn_Jpan,354,0,60
jpn_Jpan,354,1,13
jpn_Jpan,354,2,13
jpn_Jpan,354,3,13
jpn_Jpan,354,4,24
jpn_Jpan,354,5,11
jpn_Jpan,354,6,13
jpn_Jpan,354,7,24
jpn_Jpan,354,8,13
jpn_Jpan,354,9,13
jpn_Jpan,354,10,36
jpn_Jpan,354,11,1
jpn_Jpan,354,12,19
jpn_Jpan,354,13,39
jpn_Jpan,354,14,13
jpn_Jpan,354,15,13
jpn_Jpan,354,16,24
jpn_Jpan,354,17,24
jpn_Jpan,354,18,9
jpn_Jpan,354,19,19
jpn_Jpan,354,20,13
jpn_Jpan,354,21,19
jpn_Jpan,354,22,13
jpn_Jpan,354,23,24
jpn_Jpan,354,24,13
jpn_Jpan,354,25,39
jpn_Jpan,354,26,39
jpn_Jpan,354,27,13
jpn_Jpan,354,28,61
jpn_Jpan,354,29,24
jpn_Jpan,354,30,19
jpn_Jpan,354,31,13
jpn_Jpan,354,32,13
jpn_Jpan,354,33,13
jpn_Jpan,354,34,34
jpn_Jpan,354,35,13
jpn_Jpan,354,36,24
jpn_Jpan,354,37,13
jpn_Jpan,354,38,13
jpn_Jpan,354,39,24
jpn_Jpan,354,40,13
jpn_Jpan,354,41,13
jpn_Jpan,354,42,34
jpn_Jpan,355,0,60
jpn_Jpan,355,1,13
jpn_Jpan,355,2,13
jpn_Jpan,355,3,13
jpn_Jpan,355,4,12
jpn_Jpan,355,5,13
jpn_Jpan,355,6,13
jpn_Jpan,355,7,24
jpn_Jpan,355,8,47
jpn_Jpan,355,9,13
jpn_Jpan,355,10,26
jpn_Jpan,355,11,13
jpn_Jpan,355,12,47
jpn_Jpan,355,13,13
jpn_Jpan,355,14,19
jpn_Jpan,355,15,36
eng_Latn,356,0,60
eng_Latn,356,1,40
eng_Latn,356,2,12
eng_Latn,356,3,22
eng_Latn,356,4,40
eng_Latn,356,5,49
eng_Latn,356,6,2
eng_Latn,356,7,37
eng_Latn,356,8,62
eng_Latn,356,9,37
eng_Latn,356,10,49
eng_Latn,356,11,49
jpn_Jpan,357,0,60
jpn_Jpan,357,1,13
jpn_Jpan,357,2,52
jpn_Jpan,357,3,1
jpn_Jpan,357,4,52
jpn_Jpan,357,5,13
jpn_Jpan,357,6,12
jpn_Jpan,357,7,19
jpn_Jpan,357,8,52
jpn_Jpan,357,9,13
jpn_Jpan,357,10,13
jpn_Jpan,357,11,58
jpn_Jpan,357,12,24
jpn_Jpan,357,13,13
jpn_Jpan,357,14,13
jpn_Jpan,357,15,24
jpn_Jpan,357,16,13
jpn_Jpan,357,17,19
jpn_Jpan,357,18,13
jpn_Jpan,357,19,13
jpn_Jpan,357,20,47
jpn_Jpan,357,21,19
jpn_Jpan,357,22,13
jpn_Jpan,357,23,13
jpn_Jpan,357,24,13
jpn_Jpan,357,25,19
jpn_Jpan,357,26,13
jpn_Jpan,357,27,13
jpn_Jpan,357,28,13
jpn_Jpan,357,29,1
jpn_Jpan,357,30,13
jpn_Jpan,357,31,13
jpn_Jpan,357,32,13
jpn_Jpan,357,33,19
jpn_Jpan,357,34,13
jpn_Jpan,357,35,24
jpn_Jpan,357,36,13
jpn_Jpan,357,37,19
jpn_Jpan,357,38,34
jpn_Jpan,357,39,13
jpn_Jpan,357,40,34
eng_Latn,358,0,60
eng_Latn,358,1,53
eng_Latn,358,2,46
eng_Latn,358,3,49
eng_Latn,358,4,57
eng_Latn,358,5,37
eng_Latn,358,6,46
jpn_Jpan,359,0,60
jpn_Jpan,359,1,11
jpn_Jpan,359,2,13
jpn_Jpan,359,3,13
jpn_Jpan,359,4,19
jpn_Jpan,359,5,7
jpn_Jpan,359,6,24
jpn_Jpan,359,7,24
jpn_Jpan,359,8,19
jpn_Jpan,359,9,47
jpn_Jpan,359,10,13
jpn_Jpan,359,11,13
jpn_Jpan,359,12,13
jpn_Jpan,359,13,13
jpn_Jpan,359,14,24
jpn_Jpan,359,15,19
jpn_Jpan,359,16,37
jpn_Jpan,359,17,52
jpn_Jpan,359,18,34
jpn_Jpan,359,19,34
jpn_Jpan,359,20,34
jpn_Jpan,360,0,60
jpn_Jpan,360,1,13
jpn_Jpan,360,2,19
jpn_Jpan,360,3,13
jpn_Jpan,360,4,19
jpn_Jpan,360,5,13
jpn_Jpan,360,6,24
jpn_Jpan,360,7,13
jpn_Jpan,360,8,24
jpn_Jpan,360,9,19
jpn_Jpan,360,10,13
jpn_Jpan,360,11,47
jpn_Jpan,360,12,13
jpn_Jpan,360,13,1
jpn_Jpan,360,14,13
jpn_Jpan,360,15,24
jpn_Jpan,360,16,13
jpn_Jpan,360,17,39
jpn_Jpan,360,18,13
jpn_Jpan,360,19,13
jpn_Jpan,360,20,13
jpn_Jpan,360,21,13
jpn_Jpan,360,22,34
jpn_Jpan,360,23,51
eng_Latn,361,0,60
eng_Latn,361,1,40
eng_Latn,362,0,60
eng_Latn,362,1,13
eng_Latn,362,2,13
eng_Latn,362,3,13
eng_Latn,362,4,13
eng_Latn,362,5,13
eng_Latn,362,6,13
eng_Latn,362,7,13
eng_Latn,362,8,13
eng_Latn,362,9,13
eng_Latn,362,10,47
eng_Latn,362,11,13
eng_Latn,362,12,13
eng_Latn,362,13,19
eng_Latn,362,14,13
eng_Latn,362,15,13
eng_Latn,362,16,47
eng_Latn,362,17,13
eng_Latn,362,18,13
eng_Latn,362,19,13
eng_Latn,362,20,13
eng_Latn,362,21,13
eng_Latn,362,22,13
eng_Latn,362,23,13
eng_Latn,362,24,34
eng_Latn,362,25,13
eng_Latn,362,26,13
eng_Latn,362,27,13
eng_Latn,362,28,13
eng_Latn,362,29,13
eng_Latn,362,30,13
eng_Latn,362,31,13
eng_Latn,362,32,13
eng_Latn,362,33,13
eng_Latn,362,34,13
eng_Latn,362,35,13
eng_Latn,362,36,13
eng_Latn,362,37,13
eng_Latn,362,38,13
eng_Latn,362,39,47
eng_Latn,362,40,13
eng_Latn,362,41,13
eng_Latn,362,42,13
eng_Latn,362,43,13
eng_Latn,362,44,13
eng_Latn,362,45,13
eng_Latn,362,46,19
eng_Latn,362,47,13
eng_Latn,362,48,13
eng_Latn,362,49,13
eng_Latn,362,50,13
eng_Latn,362,51,13
eng_Latn,362,52,13
eng_Latn,362,53,13
eng_Latn,362,54,13
eng_Latn,362,55,13
eng_Latn,362,56,13
eng_Latn,362,57,13
eng_Latn,362,58,13
eng_Latn,362,59,13
eng_Latn,362,60,13
eng_Latn,362,61,13
eng_Latn,362,62,34
eng_Latn,362,63,13
eng_Latn,362,64,13
eng_Latn,362,65,13
eng_Latn,362,66,13
eng_Latn,362,67,34
eng_Latn,362,68,13
eng_Latn,362,69,34
eng_Latn,362,70,13
eng_Latn,362,71,34
jpn_Jpan,363,0,60
jpn_Jpan,363,1,24
jpn_Jpan,363,2,24
jpn_Jpan,363,3,13
jpn_Jpan,363,4,13
jpn_Jpan,363,5,13
jpn_Jpan,363,6,36
jpn_Jpan,363,7,36
jpn_Jpan,363,8,36
jpn_Jpan,363,9,36
jpn_Jpan,363,10,13
jpn_Jpan,363,11,24
jpn_Jpan,363,12,13
jpn_Jpan,363,13,36
jpn_Jpan,363,14,24
jpn_Jpan,363,15,36
jpn_Jpan,363,16,36
jpn_Jpan,363,17,36
jpn_Jpan,363,18,24
jpn_Jpan,363,19,13
jpn_Jpan,363,20,13
jpn_Jpan,363,21,36
jpn_Jpan,363,22,13
jpn_Jpan,363,23,19
jpn_Jpan,363,24,13
jpn_Jpan,363,25,13
jpn_Jpan,363,26,34
jpn_Jpan,363,27,36
eng_Latn,364,0,60
eng_Latn,364,1,22
eng_Latn,364,2,47
eng_Latn,364,3,40
eng_Latn,364,4,49
eng_Latn,365,0,60
eng_Latn,365,1,49
eng_Latn,365,2,20
eng_Latn,365,3,37
eng_Latn,365,4,40
eng_Latn,365,5,5
eng_Latn,365,6,49
eng_Latn,366,0,60
eng_Latn,366,1,57
eng_Latn,366,2,35
eng_Latn,366,3,48
eng_Latn,366,4,53
eng_Latn,366,5,43
eng_Latn,366,6,57
eng_Latn,366,7,59
eng_Latn,366,8,15
eng_Latn,366,9,59
eng_Latn,366,10,19
eng_Latn,366,11,48
eng_Latn,367,0,60
eng_Latn,367,1,39
eng_Latn,367,2,24
eng_Latn,367,3,19
eng_Latn,367,4,19
eng_Latn,367,5,48
eng_Latn,367,6,56
eng_Latn,367,7,59
eng_Latn,367,8,40
eng_Latn,367,9,15
eng_Latn,368,0,60
eng_Latn,368,1,9
eng_Latn,368,2,22
eng_Latn,368,3,35
eng_Latn,368,4,15
eng_Latn,368,5,33
eng_Latn,368,6,33
eng_Latn,368,7,57
jpn_Jpan,369,0,60
jpn_Jpan,369,1,49
jpn_Jpan,369,2,61
jpn_Jpan,369,3,7
jpn_Jpan,369,4,22
jpn_Jpan,369,5,12
jpn_Jpan,369,6,58
jpn_Jpan,369,7,12
jpn_Jpan,369,8,61
eng_Latn,370,0,60
eng_Latn,370,1,56
eng_Latn,370,2,51
eng_Latn,370,3,46
eng_Latn,370,4,51
eng_Latn,370,5,54
eng_Latn,370,6,2
eng_Latn,370,7,49
eng_Latn,370,8,19
eng_Latn,370,9,47
eng_Latn,370,10,21
eng_Latn,371,0,60
eng_Latn,371,1,52
eng_Latn,371,2,31
eng_Latn,371,3,52
jpn_Jpan,372,0,60
jpn_Jpan,372,1,19
jpn_Jpan,372,2,13
jpn_Jpan,372,3,13
jpn_Jpan,372,4,36
jpn_Jpan,372,5,24
jpn_Jpan,372,6,52
jpn_Jpan,372,7,1
jpn_Jpan,372,8,52
jpn_Jpan,372,9,1
jpn_Jpan,372,10,13
jpn_Jpan,372,11,13
jpn_Jpan,372,12,34
eng_Latn,373,0,60
eng_Latn,373,1,22
eng_Latn,373,2,56
eng_Latn,373,3,35
eng_Latn,373,4,35
eng_Latn,373,5,51
jpn_Jpan,374,0,60
jpn_Jpan,374,1,13
jpn_Jpan,374,2,13
jpn_Jpan,374,3,39
jpn_Jpan,374,4,7
jpn_Jpan,374,5,24
jpn_Jpan,374,6,24
jpn_Jpan,374,7,19
jpn_Jpan,374,8,13
jpn_Jpan,374,9,9
jpn_Jpan,374,10,11
jpn_Jpan,374,11,39
jpn_Jpan,374,12,13
jpn_Jpan,374,13,39
jpn_Jpan,374,14,47
jpn_Jpan,374,15,47
jpn_Jpan,374,16,13
jpn_Jpan,374,17,24
jpn_Jpan,374,18,26
jpn_Jpan,374,19,47
jpn_Jpan,374,20,13
jpn_Jpan,374,21,13
jpn_Jpan,374,22,47
jpn_Jpan,374,23,19
jpn_Jpan,374,24,19
jpn_Jpan,374,25,19
jpn_Jpan,374,26,13
jpn_Jpan,374,27,24
jpn_Jpan,374,28,13
jpn_Jpan,374,29,24
jpn_Jpan,374,30,47
jpn_Jpan,374,31,13
jpn_Jpan,374,32,19
jpn_Jpan,374,33,34
jpn_Jpan,375,0,60
jpn_Jpan,375,1,13
jpn_Jpan,375,2,47
jpn_Jpan,375,3,36
jpn_Jpan,375,4,36
jpn_Jpan,375,5,13
jpn_Jpan,375,6,13
jpn_Jpan,375,7,13
jpn_Jpan,375,8,52
jpn_Jpan,375,9,13
jpn_Jpan,375,10,13
jpn_Jpan,375,11,13
jpn_Jpan,375,12,13
jpn_Jpan,375,13,36
jpn_Jpan,375,14,13
jpn_Jpan,375,15,47
jpn_Jpan,375,16,19
jpn_Jpan,375,17,34
jpn_Jpan,375,18,19
jpn_Jpan,375,19,13
jpn_Jpan,375,20,34
eng_Latn,376,0,60
eng_Latn,376,1,53
eng_Latn,376,2,44
eng_Latn,376,3,34
eng_Latn,376,4,53
eng_Latn,376,5,49
eng_Latn,376,6,63
eng_Latn,377,0,60
eng_Latn,377,1,47
eng_Latn,377,2,27
eng_Latn,377,3,26
eng_Latn,377,4,5
eng_Latn,377,5,3
eng_Latn,377,6,40
eng_Latn,377,7,26
jpn_Jpan,378,0,60
jpn_Jpan,378,1,13
jpn_Jpan,378,2,13
jpn_Jpan,378,3,13
jpn_Jpan,378,4,13
jpn_Jpan,378,5,13
jpn_Jpan,378,6,19
jpn_Jpan,378,7,13
jpn_Jpan,378,8,13
jpn_Jpan,378,9,19
jpn_Jpan,378,10,13
jpn_Jpan,378,11,19
jpn_Jpan,378,12,13
jpn_Jpan,378,13,51
jpn_Jpan,378,14,34
jpn_Jpan,378,15,51
jpn_Jpan,378,16,47
jpn_Jpan,378,17,51
jpn_Jpan,378,18,51
jpn_Jpan,379,0,60
jpn_Jpan,379,1,13
jpn_Jpan,379,2,13
jpn_Jpan,379,3,12
jpn_Jpan,379,4,36
jpn_Jpan,379,5,36
jpn_Jpan,379,6,24
jpn_Jpan,379,7,13
jpn_Jpan,379,8,61
jpn_Jpan,379,9,13
jpn_Jpan,379,10,13
jpn_Jpan,379,11,24
jpn_Jpan,379,12,24
jpn_Jpan,379,13,13
jpn_Jpan,379,14,13
jpn_Jpan,379,15,24
jpn_Jpan,379,16,13
jpn_Jpan,379,17,19
jpn_Jpan,379,18,13
jpn_Jpan,379,19,34
jpn_Jpan,379,20,34
jpn_Jpan,379,21,19
jpn_Jpan,379,22,13
jpn_Jpan,379,23,24
jpn_Jpan,379,24,61
jpn_Jpan,379,25,13
jpn_Jpan,379,26,39
jpn_Jpan,379,27,13
jpn_Jpan,379,28,9
jpn_Jpan,379,29,47
jpn_Jpan,379,30,39
jpn_Jpan,379,31,13
jpn_Jpan,380,0,60
jpn_Jpan,380,1,24
jpn_Jpan,380,2,19
jpn_Jpan,380,3,13
jpn_Jpan,380,4,36
jpn_Jpan,380,5,61
jpn_Jpan,380,6,13
jpn_Jpan,380,7,34
jpn_Jpan,380,8,13
jpn_Jpan,380,9,13
jpn_Jpan,380,10,13
eng_Latn,381,0,60
eng_Latn,381,1,20
eng_Latn,381,2,62
eng_Latn,381,3,46
jpn_Jpan,382,0,60
jpn_Jpan,382,1,51
jpn_Jpan,382,2,24
jpn_Jpan,382,3,13
jpn_Jpan,382,4,36
jpn_Jpan,382,5,24
jpn_Jpan,382,6,13
jpn_Jpan,382,7,13
jpn_Jpan,382,8,19
jpn_Jpan,382,9,13
jpn_Jpan,382,10,24
jpn_Jpan,382,11,12
jpn_Jpan,382,12,47
jpn_Jpan,382,13,47
jpn_Jpan,382,14,13
jpn_Jpan,382,15,13
jpn_Jpan,382,16,19
jpn_Jpan,382,17,13
jpn_Jpan,382,18,13
jpn_Jpan,382,19,19
jpn_Jpan,382,20,19
jpn_Jpan,382,21,13
jpn_Jpan,382,22,13
jpn_Jpan,382,23,13
jpn_Jpan,382,24,24
jpn_Jpan,382,25,13
jpn_Jpan,382,26,19
jpn_Jpan,382,27,39
jpn_Jpan,382,28,47
jpn_Jpan,382,29,34
jpn_Jpan,383,0,60
jpn_Jpan,383,1,13
jpn_Jpan,383,2,47
jpn_Jpan,383,3,19
jpn_Jpan,383,4,13
jpn_Jpan,383,5,47
jpn_Jpan,383,6,13
jpn_Jpan,383,7,47
jpn_Jpan,383,8,47
jpn_Jpan,383,9,19
jpn_Jpan,383,10,13
jpn_Jpan,383,11,13
jpn_Jpan,383,12,13
jpn_Jpan,383,13,13
jpn_Jpan,383,14,19
jpn_Jpan,383,15,13
jpn_Jpan,383,16,24
jpn_Jpan,383,17,13
jpn_Jpan,383,18,13
jpn_Jpan,383,19,24
jpn_Jpan,383,20,13
jpn_Jpan,383,21,19
jpn_Jpan,383,22,39
jpn_Jpan,383,23,61
jpn_Jpan,383,24,13
jpn_Jpan,383,25,13
jpn_Jpan,383,26,24
jpn_Jpan,383,27,47
jpn_Jpan,383,28,13
jpn_Jpan,383,29,34
jpn_Jpan,383,30,34
jpn_Jpan,383,31,24
jpn_Jpan,383,32,13
jpn_Jpan,383,33,39
jpn_Jpan,383,34,34
jpn_Jpan,383,35,13
jpn_Jpan,383,36,13
jpn_Jpan,383,37,34
jpn_Jpan,384,0,60
jpn_Jpan,384,1,13
jpn_Jpan,384,2,39
jpn_Jpan,384,3,39
jpn_Jpan,384,4,34
jpn_Jpan,384,5,24
jpn_Jpan,384,6,13
jpn_Jpan,384,7,13
jpn_Jpan,384,8,39
jpn_Jpan,384,9,13
jpn_Jpan,384,10,13
jpn_Jpan,384,11,19
jpn_Jpan,384,12,13
jpn_Jpan,384,13,19
jpn_Jpan,384,14,13
jpn_Jpan,384,15,13
jpn_Jpan,384,16,13
jpn_Jpan,384,17,13
jpn_Jpan,384,18,13
jpn_Jpan,384,19,13
jpn_Jpan,384,20,13
jpn_Jpan,384,21,34
jpn_Jpan,385,0,60
jpn_Jpan,385,1,39
jpn_Jpan,385,2,13
jpn_Jpan,385,3,24
jpn_Jpan,385,4,13
jpn_Jpan,385,5,24
jpn_Jpan,385,6,13
jpn_Jpan,385,7,19
jpn_Jpan,385,8,13
jpn_Jpan,385,9,13
jpn_Jpan,385,10,13
jpn_Jpan,385,11,47
jpn_Jpan,385,12,61
jpn_Jpan,385,13,13
jpn_Jpan,385,14,61
jpn_Jpan,385,15,61
jpn_Jpan,385,16,61
jpn_Jpan,385,17,19
jpn_Jpan,385,18,13
jpn_Jpan,385,19,24
jpn_Jpan,385,20,13
jpn_Jpan,385,21,34
jpn_Jpan,385,22,13
jpn_Jpan,385,23,24
jpn_Jpan,385,24,54
jpn_Jpan,385,25,13
jpn_Jpan,385,26,13
jpn_Jpan,385,27,34
eng_Latn,386,0,60
eng_Latn,386,1,56
eng_Latn,386,2,54
eng_Latn,386,3,38
eng_Latn,386,4,57
eng_Latn,386,5,20
eng_Latn,386,6,59
eng_Latn,386,7,16
eng_Latn,387,0,60
eng_Latn,387,1,26
eng_Latn,387,2,39
eng_Latn,387,3,39
jpn_Jpan,388,0,60
jpn_Jpan,388,1,13
jpn_Jpan,388,2,52
jpn_Jpan,388,3,1
jpn_Jpan,388,4,52
jpn_Jpan,388,5,13
jpn_Jpan,388,6,9
jpn_Jpan,388,7,13
jpn_Jpan,388,8,61
jpn_Jpan,388,9,19
jpn_Jpan,388,10,19
jpn_Jpan,388,11,22
jpn_Jpan,388,12,13
jpn_Jpan,388,13,19
jpn_Jpan,388,14,13
jpn_Jpan,388,15,19
jpn_Jpan,388,16,13
jpn_Jpan,388,17,11
jpn_Jpan,388,18,61
jpn_Jpan,388,19,22
jpn_Jpan,388,20,61
jpn_Jpan,388,21,13
jpn_Jpan,388,22,12
jpn_Jpan,388,23,61
jpn_Jpan,388,24,40
jpn_Jpan,388,25,61
jpn_Jpan,388,26,13
jpn_Jpan,388,27,42
jpn_Jpan,388,28,19
jpn_Jpan,388,29,13
jpn_Jpan,388,30,13
jpn_Jpan,389,0,60
jpn_Jpan,389,1,24
jpn_Jpan,389,2,62
jpn_Jpan,389,3,24
jpn_Jpan,389,4,19
jpn_Jpan,389,5,13
jpn_Jpan,389,6,13
jpn_Jpan,389,7,24
jpn_Jpan,389,8,7
jpn_Jpan,389,9,36
jpn_Jpan,389,10,13
jpn_Jpan,389,11,13
jpn_Jpan,389,12,36
jpn_Jpan,389,13,24
jpn_Jpan,389,14,19
jpn_Jpan,389,15,13
jpn_Jpan,389,16,19
jpn_Jpan,389,17,13
jpn_Jpan,389,18,13
jpn_Jpan,389,19,13
jpn_Jpan,389,20,24
jpn_Jpan,389,21,13
jpn_Jpan,389,22,13
jpn_Jpan,389,23,24
jpn_Jpan,389,24,13
jpn_Jpan,389,25,13
jpn_Jpan,389,26,24
jpn_Jpan,389,27,13
jpn_Jpan,389,28,13
jpn_Jpan,389,29,34
jpn_Jpan,389,30,24
jpn_Jpan,389,31,19
jpn_Jpan,389,32,13
jpn_Jpan,389,33,19
jpn_Jpan,389,34,36
jpn_Jpan,389,35,34
jpn_Jpan,390,0,60
jpn_Jpan,390,1,13
jpn_Jpan,390,2,13
jpn_Jpan,390,3,47
jpn_Jpan,390,4,13
jpn_Jpan,390,5,13
jpn_Jpan,390,6,13
jpn_Jpan,390,7,47
jpn_Jpan,390,8,13
jpn_Jpan,390,9,13
jpn_Jpan,390,10,13
jpn_Jpan,390,11,24
jpn_Jpan,390,12,9
jpn_Jpan,390,13,13
jpn_Jpan,390,14,24
jpn_Jpan,390,15,47
jpn_Jpan,390,16,47
jpn_Jpan,390,17,39
jpn_Jpan,390,18,24
jpn_Jpan,390,19,24
jpn_Jpan,390,20,19
jpn_Jpan,390,21,13
jpn_Jpan,390,22,19
jpn_Jpan,390,23,24
jpn_Jpan,390,24,19
jpn_Jpan,390,25,13
jpn_Jpan,390,26,13
jpn_Jpan,390,27,24
jpn_Jpan,390,28,13
jpn_Jpan,390,29,61
jpn_Jpan,390,30,13
jpn_Jpan,390,31,13
eng_Latn,391,0,60
eng_Latn,391,1,41
jpn_Jpan,392,0,60
jpn_Jpan,392,1,22
jpn_Jpan,392,2,39
jpn_Jpan,392,3,22
jpn_Jpan,392,4,9
jpn_Jpan,392,5,24
jpn_Jpan,392,6,13
jpn_Jpan,392,7,24
jpn_Jpan,392,8,52
jpn_Jpan,393,0,60
jpn_Jpan,393,1,13
jpn_Jpan,393,2,13
jpn_Jpan,393,3,24
jpn_Jpan,393,4,13
jpn_Jpan,393,5,13
jpn_Jpan,393,6,13
jpn_Jpan,393,7,36
jpn_Jpan,393,8,61
jpn_Jpan,393,9,36
jpn_Jpan,393,10,19
jpn_Jpan,393,11,13
jpn_Jpan,393,12,52
jpn_Jpan,393,13,19
jpn_Jpan,393,14,13
jpn_Jpan,393,15,24
jpn_Jpan,393,16,13
jpn_Jpan,393,17,19
jpn_Jpan,393,18,1
jpn_Jpan,393,19,52
jpn_Jpan,393,20,19
jpn_Jpan,393,21,34
jpn_Jpan,394,0,60
jpn_Jpan,394,1,13
jpn_Jpan,394,2,13
jpn_Jpan,394,3,19
jpn_Jpan,394,4,13
jpn_Jpan,394,5,19
jpn_Jpan,394,6,13
jpn_Jpan,394,7,47
jpn_Jpan,394,8,47
jpn_Jpan,394,9,13
jpn_Jpan,394,10,19
jpn_Jpan,394,11,13
jpn_Jpan,394,12,1
jpn_Jpan,394,13,13
jpn_Jpan,394,14,24
jpn_Jpan,394,15,19
jpn_Jpan,394,16,52
jpn_Jpan,394,17,24
jpn_Jpan,394,18,24
jpn_Jpan,394,19,13
jpn_Jpan,394,20,13
jpn_Jpan,394,21,19
jpn_Jpan,394,22,13
jpn_Jpan,394,23,13
jpn_Jpan,394,24,13
jpn_Jpan,394,25,13
jpn_Jpan,394,26,13
jpn_Jpan,394,27,13
jpn_Jpan,394,28,39
jpn_Jpan,394,29,47
jpn_Jpan,394,30,47
jpn_Jpan,394,31,19
jpn_Jpan,394,32,13
jpn_Jpan,394,33,47
jpn_Jpan,394,34,19
jpn_Jpan,394,35,13
jpn_Jpan,394,36,24
jpn_Jpan,394,37,19
jpn_Jpan,394,38,13
jpn_Jpan,394,39,34
jpn_Jpan,394,40,9
jpn_Jpan,394,41,13
jpn_Jpan,394,42,51
jpn_Jpan,394,43,13
jpn_Jpan,394,44,24
jpn_Jpan,394,45,13
jpn_Jpan,394,46,13
jpn_Jpan,394,47,24
jpn_Jpan,394,48,24
jpn_Jpan,394,49,13
jpn_Jpan,394,50,13
jpn_Jpan,394,51,24
jpn_Jpan,394,52,24
jpn_Jpan,395,0,60
jpn_Jpan,395,1,19
jpn_Jpan,395,2,13
jpn_Jpan,395,3,24
jpn_Jpan,395,4,13
jpn_Jpan,395,5,34
jpn_Jpan,395,6,24
jpn_Jpan,395,7,47
jpn_Jpan,395,8,39
jpn_Jpan,395,9,47
jpn_Jpan,395,10,34
jpn_Jpan,395,11,34
jpn_Jpan,395,12,36
jpn_Jpan,395,13,36
jpn_Jpan,395,14,19
jpn_Jpan,395,15,13
jpn_Jpan,395,16,13
jpn_Jpan,395,17,24
jpn_Jpan,395,18,47
jpn_Jpan,395,19,13
jpn_Jpan,395,20,13
jpn_Jpan,395,21,13
jpn_Jpan,395,22,13
jpn_Jpan,395,23,34
jpn_Jpan,395,24,36
jpn_Jpan,395,25,24
jpn_Jpan,395,26,19
jpn_Jpan,395,27,13
jpn_Jpan,395,28,13
jpn_Jpan,395,29,24
jpn_Jpan,395,30,13
jpn_Jpan,395,31,13
jpn_Jpan,395,32,34
jpn_Jpan,395,33,34
jpn_Jpan,395,34,13
jpn_Jpan,395,35,34
jpn_Jpan,396,0,60
jpn_Jpan,396,1,47
jpn_Jpan,396,2,13
jpn_Jpan,396,3,13
jpn_Jpan,396,4,24
jpn_Jpan,396,5,24
jpn_Jpan,396,6,13
jpn_Jpan,396,7,51
jpn_Jpan,396,8,13
jpn_Jpan,396,9,13
jpn_Jpan,396,10,19
jpn_Jpan,396,11,13
jpn_Jpan,396,12,24
jpn_Jpan,396,13,13
jpn_Jpan,396,14,13
jpn_Jpan,396,15,13
jpn_Jpan,396,16,9
jpn_Jpan,396,17,51
jpn_Jpan,396,18,9
jpn_Jpan,396,19,51
jpn_Jpan,396,20,9
jpn_Jpan,396,21,51
jpn_Jpan,396,22,9
jpn_Jpan,396,23,51
jpn_Jpan,396,24,9
jpn_Jpan,396,25,51
jpn_Jpan,396,26,9
jpn_Jpan,396,27,36
jpn_Jpan,396,28,9
jpn_Jpan,396,29,36
jpn_Jpan,396,30,9
jpn_Jpan,396,31,36
jpn_Jpan,396,32,9
jpn_Jpan,396,33,36
jpn_Jpan,396,34,9
jpn_Jpan,396,35,36
jpn_Jpan,397,0,60
jpn_Jpan,397,1,13
jpn_Jpan,397,2,19
jpn_Jpan,397,3,13
jpn_Jpan,397,4,13
jpn_Jpan,397,5,13
jpn_Jpan,397,6,13
jpn_Jpan,397,7,24
jpn_Jpan,397,8,13
jpn_Jpan,397,9,13
jpn_Jpan,397,10,13
jpn_Jpan,397,11,13
jpn_Jpan,397,12,13
jpn_Jpan,397,13,13
jpn_Jpan,397,14,34
jpn_Jpan,397,15,24
jpn_Jpan,397,16,47
jpn_Jpan,397,17,13
jpn_Jpan,397,18,19
jpn_Jpan,397,19,13
jpn_Jpan,397,20,24
jpn_Jpan,397,21,19
jpn_Jpan,397,22,13
jpn_Jpan,397,23,13
jpn_Jpan,397,24,61
jpn_Jpan,397,25,13
jpn_Jpan,397,26,19
jpn_Jpan,397,27,13
jpn_Jpan,397,28,13
jpn_Jpan,397,29,13
jpn_Jpan,397,30,24
jpn_Jpan,397,31,13
jpn_Jpan,397,32,26
jpn_Jpan,397,33,13
jpn_Jpan,397,34,13
jpn_Jpan,397,35,61
jpn_Jpan,397,36,47
jpn_Jpan,397,37,61
jpn_Jpan,397,38,13
jpn_Jpan,397,39,13
jpn_Jpan,397,40,61
jpn_Jpan,397,41,47
jpn_Jpan,397,42,19
jpn_Jpan,397,43,13
jpn_Jpan,397,44,13
jpn_Jpan,397,45,13
jpn_Jpan,398,0,60
jpn_Jpan,398,1,60
jpn_Jpan,398,2,36
jpn_Jpan,398,3,24
jpn_Jpan,398,4,47
jpn_Jpan,398,5,19
jpn_Jpan,398,6,13
jpn_Jpan,398,7,13
jpn_Jpan,398,8,39
jpn_Jpan,398,9,39
jpn_Jpan,398,10,47
jpn_Jpan,398,11,13
jpn_Jpan,398,12,13
jpn_Jpan,398,13,36
jpn_Jpan,398,14,19
jpn_Jpan,398,15,13
jpn_Jpan,398,16,19
jpn_Jpan,398,17,13
jpn_Jpan,398,18,36
jpn_Jpan,398,19,13
jpn_Jpan,398,20,13
jpn_Jpan,398,21,13
jpn_Jpan,398,22,13
jpn_Jpan,398,23,13
jpn_Jpan,398,24,61
jpn_Jpan,398,25,34
jpn_Jpan,398,26,13
jpn_Jpan,398,27,34
jpn_Jpan,398,28,13
jpn_Jpan,398,29,24
jpn_Jpan,398,30,13
jpn_Jpan,398,31,13
jpn_Jpan,398,32,34
jpn_Jpan,398,33,34
jpn_Jpan,398,34,24
jpn_Jpan,398,35,47
jpn_Jpan,398,36,13
jpn_Jpan,398,37,13
jpn_Jpan,398,38,34
jpn_Jpan,399,0,60
jpn_Jpan,399,1,13
jpn_Jpan,399,2,47
jpn_Jpan,399,3,24
jpn_Jpan,399,4,36
jpn_Jpan,399,5,24
jpn_Jpan,399,6,61
jpn_Jpan,399,7,19
jpn_Jpan,399,8,39
jpn_Jpan,399,9,13
jpn_Jpan,399,10,24
jpn_Jpan,399,11,13
jpn_Jpan,399,12,13
jpn_Jpan,399,13,19
jpn_Jpan,399,14,36
jpn_Jpan,399,15,24
jpn_Jpan,399,16,19
jpn_Jpan,399,17,19
jpn_Jpan,399,18,13
jpn_Jpan,399,19,47
jpn_Jpan,399,20,34
jpn_Jpan,399,21,24
jpn_Jpan,399,22,13
jpn_Jpan,399,23,39
jpn_Jpan,399,24,24
jpn_Jpan,399,25,24
jpn_Jpan,399,26,61
jpn_Jpan,399,27,19
jpn_Jpan,399,28,13
jpn_Jpan,399,29,13
jpn_Jpan,399,30,39
jpn_Jpan,399,31,47
jpn_Jpan,399,32,13
jpn_Jpan,399,33,13
jpn_Jpan,399,34,13
jpn_Jpan,399,35,19
jpn_Jpan,399,36,13
jpn_Jpan,399,37,13
jpn_Jpan,399,38,19
jpn_Jpan,399,39,13
jpn_Jpan,399,40,13
jpn_Jpan,399,41,24
jpn_Jpan,399,42,13
jpn_Jpan,399,43,19
jpn_Jpan,399,44,13
jpn_Jpan,399,45,13
jpn_Jpan,399,46,13
jpn_Jpan,400,0,60
jpn_Jpan,400,1,6
jpn_Jpan,400,2,13
jpn_Jpan,400,3,13
jpn_Jpan,400,4,36
jpn_Jpan,400,5,24
jpn_Jpan,400,6,61
jpn_Jpan,400,7,61
jpn_Jpan,400,8,19
jpn_Jpan,400,9,13
jpn_Jpan,400,10,36
jpn_Jpan,400,11,24
jpn_Jpan,400,12,13
jpn_Jpan,400,13,19
jpn_Jpan,400,14,28
jpn_Jpan,400,15,61
jpn_Jpan,400,16,19
jpn_Jpan,400,17,13
jpn_Jpan,400,18,13
jpn_Jpan,400,19,13
jpn_Jpan,400,20,13
jpn_Jpan,400,21,34
eng_Latn,401,0,60
eng_Latn,401,1,46
eng_Latn,401,2,15
eng_Latn,401,3,14
eng_Latn,401,4,23
eng_Latn,401,5,13
eng_Latn,401,6,19
eng_Latn,401,7,63
jpn_Jpan,402,0,60
jpn_Jpan,402,1,13
jpn_Jpan,402,2,19
jpn_Jpan,402,3,13
jpn_Jpan,402,4,19
jpn_Jpan,402,5,13
jpn_Jpan,402,6,61
jpn_Jpan,402,7,13
jpn_Jpan,402,8,24
jpn_Jpan,402,9,52
jpn_Jpan,402,10,13
jpn_Jpan,402,11,24
jpn_Jpan,402,12,52
jpn_Jpan,402,13,13
jpn_Jpan,402,14,24
jpn_Jpan,402,15,24
jpn_Jpan,402,16,13
jpn_Jpan,402,17,19
jpn_Jpan,402,18,13
jpn_Jpan,402,19,39
jpn_Jpan,402,20,39
jpn_Jpan,402,21,13
jpn_Jpan,402,22,24
jpn_Jpan,402,23,13
jpn_Jpan,402,24,19
jpn_Jpan,402,25,24
jpn_Jpan,402,26,7
jpn_Jpan,402,27,19
jpn_Jpan,402,28,13
jpn_Jpan,403,0,60
jpn_Jpan,403,1,52
jpn_Jpan,403,2,47
jpn_Jpan,403,3,47
jpn_Jpan,403,4,19
jpn_Jpan,403,5,13
jpn_Jpan,403,6,19
jpn_Jpan,403,7,39
jpn_Jpan,403,8,13
jpn_Jpan,403,9,13
jpn_Jpan,403,10,13
jpn_Jpan,403,11,24
jpn_Jpan,403,12,13
jpn_Jpan,403,13,13
jpn_Jpan,403,14,13
jpn_Jpan,403,15,47
jpn_Jpan,403,16,13
jpn_Jpan,403,17,34
jpn_Jpan,403,18,13
jpn_Jpan,403,19,24
jpn_Jpan,403,20,12
jpn_Jpan,403,21,13
jpn_Jpan,403,22,13
jpn_Jpan,403,23,19
jpn_Jpan,403,24,13
jpn_Jpan,403,25,19
jpn_Jpan,403,26,13
jpn_Jpan,403,27,13
jpn_Jpan,403,28,24
jpn_Jpan,403,29,19
jpn_Jpan,403,30,13
jpn_Jpan,403,31,19
jpn_Jpan,403,32,13
jpn_Jpan,403,33,61
jpn_Jpan,403,34,13
jpn_Jpan,403,35,24
jpn_Jpan,403,36,13
jpn_Jpan,403,37,13
jpn_Jpan,403,38,39
jpn_Jpan,403,39,24
jpn_Jpan,403,40,61
jpn_Jpan,403,41,13
jpn_Jpan,403,42,19
jpn_Jpan,403,43,13
jpn_Jpan,403,44,24
jpn_Jpan,403,45,13
jpn_Jpan,403,46,34
jpn_Jpan,403,47,34
jpn_Jpan,403,48,13
jpn_Jpan,403,49,34
jpn_Jpan,404,0,60
jpn_Jpan,404,1,29
jpn_Jpan,404,2,19
jpn_Jpan,404,3,13
jpn_Jpan,404,4,47
jpn_Jpan,404,5,13
jpn_Jpan,404,6,24
jpn_Jpan,404,7,52
jpn_Jpan,404,8,13
jpn_Jpan,404,9,13
jpn_Jpan,404,10,34
jpn_Jpan,404,11,47
jpn_Jpan,404,12,47
jpn_Jpan,404,13,13
jpn_Jpan,404,14,24
jpn_Jpan,404,15,24
jpn_Jpan,404,16,13
jpn_Jpan,404,17,13
jpn_Jpan,404,18,13
jpn_Jpan,404,19,24
jpn_Jpan,404,20,47
jpn_Jpan,404,21,13
jpn_Jpan,404,22,13
jpn_Jpan,404,23,13
jpn_Jpan,404,24,24
jpn_Jpan,404,25,13
jpn_Jpan,404,26,13
jpn_Jpan,404,27,61
jpn_Jpan,404,28,13
jpn_Jpan,404,29,19
jpn_Jpan,404,30,34
jpn_Jpan,404,31,13
jpn_Jpan,404,32,13
jpn_Jpan,404,33,34
jpn_Jpan,405,0,60
jpn_Jpan,405,1,13
jpn_Jpan,405,2,24
jpn_Jpan,405,3,24
jpn_Jpan,405,4,13
jpn_Jpan,405,5,13
jpn_Jpan,405,6,13
jpn_Jpan,405,7,13
jpn_Jpan,405,8,7
jpn_Jpan,405,9,13
jpn_Jpan,405,10,13
jpn_Jpan,405,11,13
jpn_Jpan,405,12,13
jpn_Jpan,405,13,13
eng_Latn,406,0,60
eng_Latn,406,1,9
eng_Latn,406,2,22
eng_Latn,406,3,20
eng_Latn,406,4,38
eng_Latn,406,5,10
eng_Latn,406,6,4
eng_Latn,406,7,29
eng_Latn,406,8,34
jpn_Jpan,407,0,60
jpn_Jpan,407,1,24
jpn_Jpan,407,2,13
jpn_Jpan,407,3,19
jpn_Jpan,407,4,34
jpn_Jpan,407,5,13
jpn_Jpan,407,6,47
jpn_Jpan,407,7,34
jpn_Jpan,407,8,13
jpn_Jpan,407,9,13
jpn_Jpan,407,10,36
jpn_Jpan,407,11,24
jpn_Jpan,407,12,40
jpn_Jpan,407,13,40
jpn_Jpan,407,14,34
jpn_Jpan,407,15,36
jpn_Jpan,407,16,61
jpn_Jpan,407,17,61
jpn_Jpan,407,18,19
jpn_Jpan,407,19,61
jpn_Jpan,407,20,13
jpn_Jpan,407,21,61
jpn_Jpan,407,22,13
jpn_Jpan,407,23,36
jpn_Jpan,407,24,19
jpn_Jpan,407,25,13
jpn_Jpan,407,26,19
jpn_Jpan,407,27,19
jpn_Jpan,407,28,34
jpn_Jpan,407,29,13
jpn_Jpan,407,30,34
eng_Latn,408,0,60
eng_Latn,408,1,30
eng_Latn,408,2,63
eng_Latn,408,3,53
eng_Latn,408,4,46
eng_Latn,408,5,56
eng_Latn,408,6,63
jpn_Jpan,409,0,60
jpn_Jpan,409,1,47
jpn_Jpan,409,2,52
jpn_Jpan,409,3,47
jpn_Jpan,409,4,47
jpn_Jpan,409,5,39
jpn_Jpan,409,6,24
jpn_Jpan,409,7,24
jpn_Jpan,409,8,1
jpn_Jpan,409,9,13
jpn_Jpan,409,10,39
jpn_Jpan,409,11,47
jpn_Jpan,409,12,47
jpn_Jpan,409,13,13
jpn_Jpan,409,14,39
jpn_Jpan,409,15,39
jpn_Jpan,409,16,13
jpn_Jpan,409,17,24
jpn_Jpan,409,18,19
jpn_Jpan,409,19,13
jpn_Jpan,409,20,34
eng_Latn,410,0,60
eng_Latn,410,1,49
eng_Latn,410,2,61
eng_Latn,410,3,49
eng_Latn,410,4,9
eng_Latn,410,5,14
eng_Latn,410,6,18
jpn_Jpan,411,0,60
jpn_Jpan,411,1,24
jpn_Jpan,411,2,19
jpn_Jpan,411,3,13
jpn_Jpan,411,4,19
jpn_Jpan,411,5,13
jpn_Jpan,411,6,24
jpn_Jpan,411,7,19
jpn_Jpan,411,8,13
jpn_Jpan,411,9,47
jpn_Jpan,411,10,19
jpn_Jpan,411,11,13
jpn_Jpan,411,12,13
jpn_Jpan,411,13,24
jpn_Jpan,411,14,24
jpn_Jpan,411,15,19
jpn_Jpan,411,16,13
jpn_Jpan,411,17,13
jpn_Jpan,411,18,24
jpn_Jpan,411,19,13
jpn_Jpan,411,20,13
jpn_Jpan,411,21,36
jpn_Jpan,411,22,19
jpn_Jpan,411,23,47
jpn_Jpan,411,24,39
jpn_Jpan,411,25,39
jpn_Jpan,411,26,13
jpn_Jpan,411,27,13
jpn_Jpan,411,28,47
jpn_Jpan,411,29,19
jpn_Jpan,411,30,39
jpn_Jpan,411,31,13
jpn_Jpan,411,32,24
jpn_Jpan,411,33,13
jpn_Jpan,411,34,13
jpn_Jpan,411,35,13
jpn_Jpan,411,36,13
jpn_Jpan,411,37,13
jpn_Jpan,411,38,19
jpn_Jpan,411,39,13
jpn_Jpan,411,40,13
jpn_Jpan,411,41,13
jpn_Jpan,412,0,60
jpn_Jpan,412,1,13
jpn_Jpan,412,2,19
jpn_Jpan,412,3,13
jpn_Jpan,412,4,61
jpn_Jpan,412,5,13
jpn_Jpan,412,6,24
jpn_Jpan,412,7,47
jpn_Jpan,412,8,47
jpn_Jpan,412,9,13
jpn_Jpan,412,10,12
jpn_Jpan,412,11,47
jpn_Jpan,412,12,13
jpn_Jpan,412,13,24
jpn_Jpan,412,14,13
jpn_Jpan,412,15,19
jpn_Jpan,412,16,13
jpn_Jpan,412,17,61
jpn_Jpan,412,18,12
jpn_Jpan,412,19,36
jpn_Jpan,412,20,24
jpn_Jpan,412,21,24
jpn_Jpan,412,22,47
jpn_Jpan,412,23,13
jpn_Jpan,412,24,19
jpn_Jpan,412,25,13
jpn_Jpan,412,26,61
jpn_Jpan,412,27,36
jpn_Jpan,412,28,24
jpn_Jpan,412,29,13
jpn_Jpan,412,30,34
jpn_Jpan,412,31,36
jpn_Jpan,412,32,24
jpn_Jpan,412,33,47
jpn_Jpan,412,34,47
jpn_Jpan,412,35,13
jpn_Jpan,412,36,24
jpn_Jpan,412,37,13
jpn_Jpan,412,38,24
jpn_Jpan,412,39,52
jpn_Jpan,412,40,13
jpn_Jpan,412,41,24
jpn_Jpan,412,42,13
jpn_Jpan,412,43,19
jpn_Jpan,412,44,13
jpn_Jpan,412,45,13
jpn_Jpan,412,46,24
jpn_Jpan,412,47,24
jpn_Jpan,412,48,24
jpn_Jpan,412,49,13
jpn_Jpan,412,50,13
jpn_Jpan,412,51,34
jpn_Jpan,413,0,60
jpn_Jpan,413,1,13
jpn_Jpan,413,2,13
jpn_Jpan,413,3,13
jpn_Jpan,413,4,13
jpn_Jpan,413,5,13
jpn_Jpan,413,6,24
jpn_Jpan,413,7,13
jpn_Jpan,413,8,13
jpn_Jpan,413,9,13
jpn_Jpan,413,10,19
jpn_Jpan,413,11,13
jpn_Jpan,413,12,39
jpn_Jpan,413,13,7
jpn_Jpan,413,14,13
jpn_Jpan,413,15,19
jpn_Jpan,413,16,13
jpn_Jpan,413,17,52
jpn_Jpan,413,18,13
jpn_Jpan,413,19,24
jpn_Jpan,413,20,47
jpn_Jpan,413,21,13
jpn_Jpan,413,22,19
jpn_Jpan,413,23,34
eng_Latn,414,0,60
eng_Latn,414,1,11
eng_Latn,414,2,22
eng_Latn,414,3,63
eng_Latn,414,4,60
eng_Latn,414,5,14
eng_Latn,414,6,40
eng_Latn,414,7,60
jpn_Jpan,415,0,60
jpn_Jpan,415,1,13
jpn_Jpan,415,2,13
jpn_Jpan,415,3,34
jpn_Jpan,415,4,47
jpn_Jpan,415,5,47
jpn_Jpan,415,6,19
jpn_Jpan,415,7,19
jpn_Jpan,415,8,39
jpn_Jpan,415,9,13
jpn_Jpan,415,10,24
jpn_Jpan,415,11,24
jpn_Jpan,415,12,13
jpn_Jpan,415,13,19
jpn_Jpan,415,14,34
jpn_Jpan,415,15,34
jpn_Jpan,416,0,60
jpn_Jpan,416,1,36
jpn_Jpan,416,2,13
jpn_Jpan,416,3,19
jpn_Jpan,416,4,36
jpn_Jpan,416,5,36
jpn_Jpan,416,6,13
jpn_Jpan,416,7,61
jpn_Jpan,416,8,13
jpn_Jpan,416,9,13
jpn_Jpan,416,10,39
jpn_Jpan,416,11,39
jpn_Jpan,416,12,36
jpn_Jpan,416,13,1
jpn_Jpan,416,14,13
jpn_Jpan,416,15,1
jpn_Jpan,416,16,47
jpn_Jpan,416,17,13
jpn_Jpan,416,18,13
jpn_Jpan,416,19,13
jpn_Jpan,416,20,19
jpn_Jpan,416,21,34
jpn_Jpan,416,22,19
jpn_Jpan,416,23,13
jpn_Jpan,416,24,34
jpn_Jpan,417,0,60
jpn_Jpan,417,1,13
jpn_Jpan,417,2,13
jpn_Jpan,417,3,13
jpn_Jpan,417,4,12
jpn_Jpan,417,5,13
jpn_Jpan,417,6,1
jpn_Jpan,417,7,24
jpn_Jpan,417,8,19
jpn_Jpan,417,9,13
jpn_Jpan,417,10,61
jpn_Jpan,417,11,13
jpn_Jpan,417,12,24
jpn_Jpan,417,13,13
jpn_Jpan,417,14,13
jpn_Jpan,417,15,13
jpn_Jpan,417,16,13
jpn_Jpan,417,17,13
jpn_Jpan,417,18,24
jpn_Jpan,417,19,24
jpn_Jpan,417,20,13
jpn_Jpan,417,21,13
jpn_Jpan,417,22,47
jpn_Jpan,417,23,7
jpn_Jpan,417,24,13
eng_Latn,418,0,60
eng_Latn,418,1,31
eng_Latn,418,2,8
eng_Latn,419,0,60
eng_Latn,419,1,16
eng_Latn,419,2,54
eng_Latn,419,3,46
eng_Latn,419,4,5
eng_Latn,419,5,18
eng_Latn,419,6,56
eng_Latn,419,7,46
eng_Latn,419,8,5
eng_Latn,419,9,16
eng_Latn,419,10,56
eng_Latn,419,11,1
jpn_Jpan,420,0,60
jpn_Jpan,420,1,13
jpn_Jpan,420,2,13
jpn_Jpan,420,3,47
jpn_Jpan,420,4,47
jpn_Jpan,420,5,7
jpn_Jpan,420,6,13
jpn_Jpan,420,7,24
jpn_Jpan,420,8,24
jpn_Jpan,420,9,47
jpn_Jpan,420,10,13
jpn_Jpan,420,11,13
jpn_Jpan,420,12,13
jpn_Jpan,420,13,19
jpn_Jpan,420,14,13
jpn_Jpan,420,15,13
jpn_Jpan,420,16,37
jpn_Jpan,420,17,12
jpn_Jpan,420,18,13
jpn_Jpan,420,19,13
jpn_Jpan,420,20,13
jpn_Jpan,420,21,47
jpn_Jpan,420,22,7
jpn_Jpan,420,23,34
jpn_Jpan,420,24,13
jpn_Jpan,420,25,61
jpn_Jpan,420,26,34
jpn_Jpan,420,27,19
jpn_Jpan,420,28,13
jpn_Jpan,420,29,34
jpn_Jpan,421,0,60
jpn_Jpan,421,1,12
jpn_Jpan,421,2,22
jpn_Jpan,421,3,40
eng_Latn,422,0,60
eng_Latn,422,1,40
eng_Latn,422,2,18
eng_Latn,422,3,18
eng_Latn,422,4,56
eng_Latn,422,5,16
eng_Latn,422,6,59
eng_Latn,422,7,46
jpn_Jpan,423,0,60
jpn_Jpan,423,1,13
jpn_Jpan,423,2,24
jpn_Jpan,423,3,13
jpn_Jpan,423,4,13
jpn_Jpan,423,5,36
jpn_Jpan,423,6,24
jpn_Jpan,423,7,13
jpn_Jpan,423,8,47
jpn_Jpan,423,9,47
jpn_Jpan,423,10,34
jpn_Jpan,423,11,13
jpn_Jpan,423,12,13
jpn_Jpan,423,13,13
jpn_Jpan,423,14,13
jpn_Jpan,423,15,13
jpn_Jpan,423,16,19
jpn_Jpan,423,17,13
jpn_Jpan,423,18,24
jpn_Jpan,423,19,19
jpn_Jpan,423,20,13
jpn_Jpan,423,21,13
jpn_Jpan,423,22,13
jpn_Jpan,423,23,34
jpn_Jpan,423,24,47
jpn_Jpan,423,25,13
jpn_Jpan,423,26,19
jpn_Jpan,423,27,13
jpn_Jpan,423,28,13
jpn_Jpan,423,29,24
jpn_Jpan,423,30,24
jpn_Jpan,423,31,13
jpn_Jpan,423,32,13
jpn_Jpan,423,33,13
jpn_Jpan,423,34,13
jpn_Jpan,423,35,34
jpn_Jpan,423,36,13
jpn_Jpan,423,37,34
jpn_Jpan,423,38,24
jpn_Jpan,423,39,13
jpn_Jpan,423,40,13
jpn_Jpan,423,41,13
jpn_Jpan,423,42,51
jpn_Jpan,424,0,60
jpn_Jpan,424,1,24
jpn_Jpan,424,2,61
jpn_Jpan,424,3,13
jpn_Jpan,424,4,13
jpn_Jpan,424,5,13
jpn_Jpan,424,6,19
jpn_Jpan,424,7,19
jpn_Jpan,424,8,13
jpn_Jpan,424,9,61
jpn_Jpan,424,10,19
jpn_Jpan,424,11,13
jpn_Jpan,424,12,13
jpn_Jpan,424,13,24
jpn_Jpan,424,14,47
jpn_Jpan,424,15,13
jpn_Jpan,424,16,19
jpn_Jpan,424,17,13
jpn_Jpan,424,18,13
jpn_Jpan,424,19,13
jpn_Jpan,424,20,13
jpn_Jpan,424,21,13
jpn_Jpan,424,22,47
jpn_Jpan,424,23,13
jpn_Jpan,424,24,13
jpn_Jpan,424,25,24
jpn_Jpan,424,26,24
jpn_Jpan,424,27,1
jpn_Jpan,424,28,47
jpn_Jpan,424,29,26
jpn_Jpan,424,30,61
jpn_Jpan,424,31,13
jpn_Jpan,424,32,13
jpn_Jpan,424,33,13
jpn_Jpan,424,34,24
jpn_Jpan,424,35,61
jpn_Jpan,424,36,13
jpn_Jpan,424,37,24
jpn_Jpan,424,38,13
jpn_Jpan,424,39,13
jpn_Jpan,424,40,13
jpn_Jpan,424,41,34
eng_Latn,425,0,60
eng_Latn,425,1,49
eng_Latn,425,2,56
eng_Latn,425,3,16
eng_Latn,425,4,20
eng_Latn,425,5,3
eng_Latn,425,6,3
eng_Latn,425,7,15
eng_Latn,425,8,20
eng_Latn,425,9,51
eng_Latn,426,0,60
eng_Latn,426,1,19
eng_Latn,426,2,13
eng_Latn,426,3,5
eng_Latn,426,4,47
eng_Latn,427,0,60
eng_Latn,427,1,56
eng_Latn,427,2,16
eng_Latn,427,3,29
eng_Latn,427,4,41
eng_Latn,427,5,46
eng_Latn,428,0,60
eng_Latn,428,1,39
eng_Latn,428,2,52
eng_Latn,428,3,52
eng_Latn,428,4,13
eng_Latn,428,5,52
eng_Latn,428,6,13
eng_Latn,429,0,60
eng_Latn,429,1,33
eng_Latn,429,2,33
eng_Latn,429,3,33
eng_Latn,429,4,33
eng_Latn,429,5,33
eng_Latn,429,6,33
eng_Latn,429,7,33
eng_Latn,429,8,33
eng_Latn,430,0,60
eng_Latn,430,1,47
eng_Latn,430,2,19
eng_Latn,430,3,46
eng_Latn,430,4,5
eng_Latn,430,5,35
eng_Latn,430,6,46
eng_Latn,430,7,42
eng_Latn,430,8,47
eng_Latn,430,9,61
eng_Latn,430,10,61
eng_Latn,430,11,49
eng_Latn,430,12,22
eng_Latn,430,13,47
eng_Latn,430,14,60
eng_Latn,431,0,60
eng_Latn,431,1,34
eng_Latn,431,2,63
eng_Latn,431,3,31
eng_Latn,431,4,53
eng_Latn,431,5,22
eng_Latn,431,6,12
eng_Latn,431,7,47
eng_Latn,431,8,40
eng_Latn,431,9,40
jpn_Jpan,432,0,60
jpn_Jpan,432,1,6
jpn_Jpan,432,2,24
jpn_Jpan,432,3,13
jpn_Jpan,432,4,36
jpn_Jpan,432,5,13
jpn_Jpan,432,6,24
jpn_Jpan,432,7,13
jpn_Jpan,432,8,13
jpn_Jpan,432,9,36
jpn_Jpan,432,10,13
jpn_Jpan,432,11,34
eng_Latn,433,0,60
eng_Latn,433,1,38
eng_Latn,433,2,18
eng_Latn,433,3,41
eng_Latn,433,4,44
eng_Latn,433,5,44
eng_Latn,433,6,46
eng_Latn,434,0,60
eng_Latn,434,1,49
eng_Latn,434,2,40
eng_Latn,434,3,49
eng_Latn,434,4,37
eng_Latn,434,5,37
eng_Latn,434,6,57
eng_Latn,435,0,60
eng_Latn,435,1,0
eng_Latn,435,2,29
eng_Latn,435,3,34
eng_Latn,435,4,34
eng_Latn,436,0,60
eng_Latn,436,1,22
eng_Latn,436,2,26
eng_Latn,436,3,26
jpn_Jpan,437,0,60
jpn_Jpan,437,1,13
jpn_Jpan,437,2,13
jpn_Jpan,437,3,19
jpn_Jpan,437,4,13
jpn_Jpan,437,5,61
jpn_Jpan,437,6,13
jpn_Jpan,437,7,47
jpn_Jpan,437,8,19
jpn_Jpan,437,9,13
jpn_Jpan,437,10,19
jpn_Jpan,437,11,24
jpn_Jpan,437,12,19
jpn_Jpan,437,13,13
jpn_Jpan,437,14,19
jpn_Jpan,437,15,13
jpn_Jpan,437,16,1
jpn_Jpan,437,17,13
jpn_Jpan,437,18,24
jpn_Jpan,437,19,13
jpn_Jpan,437,20,13
jpn_Jpan,437,21,19
jpn_Jpan,437,22,13
jpn_Jpan,437,23,39
jpn_Jpan,437,24,13
jpn_Jpan,437,25,13
jpn_Jpan,437,26,24
jpn_Jpan,437,27,13
jpn_Jpan,437,28,13
jpn_Jpan,437,29,24
jpn_Jpan,437,30,13
jpn_Jpan,437,31,34
jpn_Jpan,438,0,60
jpn_Jpan,438,1,19
jpn_Jpan,438,2,13
jpn_Jpan,438,3,13
jpn_Jpan,438,4,13
jpn_Jpan,438,5,24
jpn_Jpan,438,6,13
jpn_Jpan,438,7,37
jpn_Jpan,438,8,36
jpn_Jpan,438,9,24
jpn_Jpan,438,10,24
jpn_Jpan,438,11,19
jpn_Jpan,438,12,13
jpn_Jpan,438,13,34
jpn_Jpan,438,14,24
jpn_Jpan,438,15,19
jpn_Jpan,438,16,13
jpn_Jpan,438,17,13
jpn_Jpan,438,18,34
jpn_Jpan,438,19,13
jpn_Jpan,438,20,47
jpn_Jpan,438,21,13
jpn_Jpan,438,22,34
jpn_Jpan,438,23,24
jpn_Jpan,438,24,24
jpn_Jpan,438,25,13
jpn_Jpan,438,26,13
jpn_Jpan,438,27,24
jpn_Jpan,438,28,24
jpn_Jpan,438,29,36
jpn_Jpan,438,30,24
jpn_Jpan,438,31,13
jpn_Jpan,438,32,19
jpn_Jpan,438,33,13
jpn_Jpan,438,34,19
jpn_Jpan,438,35,13
jpn_Jpan,438,36,24
jpn_Jpan,438,37,13
jpn_Jpan,438,38,34
jpn_Jpan,438,39,13
jpn_Jpan,438,40,13
jpn_Jpan,438,41,34
jpn_Jpan,438,42,47
jpn_Jpan,438,43,13
jpn_Jpan,438,44,34
jpn_Jpan,439,0,60
jpn_Jpan,439,1,13
jpn_Jpan,439,2,13
jpn_Jpan,439,3,39
jpn_Jpan,439,4,13
jpn_Jpan,439,5,61
jpn_Jpan,439,6,13
jpn_Jpan,439,7,19
jpn_Jpan,439,8,13
jpn_Jpan,439,9,13
jpn_Jpan,439,10,12
jpn_Jpan,439,11,11
jpn_Jpan,439,12,19
jpn_Jpan,439,13,39
jpn_Jpan,439,14,24
jpn_Jpan,439,15,24
jpn_Jpan,439,16,19
jpn_Jpan,439,17,13
jpn_Jpan,439,18,19
jpn_Jpan,439,19,34
jpn_Jpan,439,20,24
jpn_Jpan,439,21,24
jpn_Jpan,439,22,47
jpn_Jpan,439,23,61
eng_Latn,440,0,60
eng_Latn,440,1,19
eng_Latn,440,2,33
eng_Latn,440,3,19
eng_Latn,440,4,15
eng_Latn,440,5,33
eng_Latn,440,6,61
eng_Latn,440,7,20
eng_Latn,440,8,19
eng_Latn,440,9,15
eng_Latn,441,0,60
eng_Latn,441,1,18
eng_Latn,441,2,61
eng_Latn,441,3,16
eng_Latn,441,4,18
eng_Latn,441,5,20
eng_Latn,441,6,30
eng_Latn,441,7,57
eng_Latn,441,8,20
eng_Latn,441,9,19
eng_Latn,441,10,51
jpn_Jpan,442,0,60
jpn_Jpan,442,1,19
jpn_Jpan,442,2,39
jpn_Jpan,442,3,19
jpn_Jpan,442,4,7
jpn_Jpan,442,5,47
jpn_Jpan,442,6,13
jpn_Jpan,442,7,13
jpn_Jpan,442,8,36
jpn_Jpan,442,9,24
jpn_Jpan,442,10,36
jpn_Jpan,442,11,13
jpn_Jpan,442,12,47
jpn_Jpan,442,13,61
jpn_Jpan,442,14,13
jpn_Jpan,442,15,13
jpn_Jpan,442,16,12
jpn_Jpan,442,17,19
jpn_Jpan,442,18,40
jpn_Jpan,442,19,13
jpn_Jpan,442,20,24
jpn_Jpan,442,21,24
jpn_Jpan,442,22,13
jpn_Jpan,442,23,47
jpn_Jpan,442,24,13
jpn_Jpan,442,25,13
jpn_Jpan,442,26,13
jpn_Jpan,442,27,13
jpn_Jpan,442,28,13
jpn_Jpan,442,29,13
jpn_Jpan,442,30,13
jpn_Jpan,442,31,13
jpn_Jpan,442,32,13
jpn_Jpan,442,33,13
jpn_Jpan,442,34,13
jpn_Jpan,442,35,13
jpn_Jpan,442,36,13
jpn_Jpan,442,37,24
jpn_Jpan,442,38,13
jpn_Jpan,442,39,19
jpn_Jpan,442,40,34
jpn_Jpan,442,41,13
jpn_Jpan,442,42,34
jpn_Jpan,443,0,60
jpn_Jpan,443,1,24
jpn_Jpan,443,2,13
jpn_Jpan,443,3,13
jpn_Jpan,443,4,13
jpn_Jpan,443,5,19
jpn_Jpan,443,6,13
jpn_Jpan,443,7,24
jpn_Jpan,443,8,19
jpn_Jpan,443,9,13
jpn_Jpan,443,10,13
jpn_Jpan,443,11,36
jpn_Jpan,443,12,24
jpn_Jpan,443,13,19
jpn_Jpan,443,14,39
jpn_Jpan,443,15,36
jpn_Jpan,443,16,13
jpn_Jpan,443,17,19
jpn_Jpan,443,18,19
jpn_Jpan,443,19,13
jpn_Jpan,443,20,13
jpn_Jpan,443,21,13
jpn_Jpan,443,22,19
jpn_Jpan,443,23,47
jpn_Jpan,443,24,13
jpn_Jpan,443,25,13
jpn_Jpan,443,26,13
jpn_Jpan,443,27,19
jpn_Jpan,443,28,13
jpn_Jpan,443,29,13
jpn_Jpan,444,0,60
jpn_Jpan,444,1,13
jpn_Jpan,444,2,24
jpn_Jpan,444,3,47
jpn_Jpan,444,4,1
jpn_Jpan,444,5,13
jpn_Jpan,444,6,13
jpn_Jpan,444,7,19
jpn_Jpan,444,8,13
jpn_Jpan,444,9,34
jpn_Jpan,444,10,13
jpn_Jpan,444,11,24
jpn_Jpan,444,12,13
jpn_Jpan,444,13,13
jpn_Jpan,444,14,13
jpn_Jpan,444,15,13
jpn_Jpan,444,16,13
jpn_Jpan,444,17,24
jpn_Jpan,444,18,13
jpn_Jpan,444,19,13
jpn_Jpan,444,20,13
jpn_Jpan,444,21,34
jpn_Jpan,444,22,19
jpn_Jpan,444,23,13
jpn_Jpan,444,24,13
jpn_Jpan,444,25,24
jpn_Jpan,444,26,13
jpn_Jpan,444,27,13
jpn_Jpan,444,28,24
jpn_Jpan,444,29,24
jpn_Jpan,444,30,1
jpn_Jpan,444,31,13
jpn_Jpan,444,32,13
jpn_Jpan,444,33,13
eng_Latn,445,0,60
eng_Latn,445,1,54
eng_Latn,445,2,46
eng_Latn,445,3,34
eng_Latn,446,0,60
eng_Latn,446,1,34
eng_Latn,446,2,34
eng_Latn,447,0,60
eng_Latn,447,1,18
eng_Latn,447,2,53
eng_Latn,447,3,23
eng_Latn,447,4,48
eng_Latn,447,5,52
eng_Latn,447,6,57
eng_Latn,448,0,60
eng_Latn,448,1,24
eng_Latn,448,2,22
eng_Latn,448,3,45
eng_Latn,448,4,37
eng_Latn,448,5,18
eng_Latn,448,6,16
eng_Latn,448,7,49
eng_Latn,448,8,53
eng_Latn,448,9,37
eng_Latn,448,10,46
eng_Latn,449,0,60
eng_Latn,449,1,54
eng_Latn,449,2,18
eng_Latn,449,3,20
eng_Latn,449,4,41
eng_Latn,449,5,51
eng_Latn,449,6,24
eng_Latn,449,7,39
jpn_Jpan,450,0,60
jpn_Jpan,450,1,62
jpn_Jpan,450,2,24
jpn_Jpan,450,3,13
jpn_Jpan,450,4,13
jpn_Jpan,450,5,13
jpn_Jpan,450,6,39
jpn_Jpan,450,7,47
jpn_Jpan,450,8,13
jpn_Jpan,450,9,34
jpn_Jpan,451,0,60
jpn_Jpan,451,1,13
jpn_Jpan,451,2,13
jpn_Jpan,451,3,61
jpn_Jpan,451,4,19
jpn_Jpan,451,5,13
jpn_Jpan,451,6,47
jpn_Jpan,451,7,47
jpn_Jpan,451,8,7
jpn_Jpan,451,9,47
jpn_Jpan,451,10,13
jpn_Jpan,451,11,24
jpn_Jpan,451,12,24
jpn_Jpan,451,13,19
jpn_Jpan,451,14,13
jpn_Jpan,451,15,13
jpn_Jpan,451,16,11
jpn_Jpan,451,17,24
jpn_Jpan,451,18,13
jpn_Jpan,451,19,13
jpn_Jpan,451,20,19
jpn_Jpan,451,21,13
jpn_Jpan,451,22,13
jpn_Jpan,451,23,19
jpn_Jpan,451,24,36
jpn_Jpan,451,25,13
jpn_Jpan,451,26,12
jpn_Jpan,451,27,19
jpn_Jpan,451,28,13
jpn_Jpan,451,29,47
jpn_Jpan,451,30,47
jpn_Jpan,451,31,13
jpn_Jpan,451,32,13
jpn_Jpan,451,33,13
jpn_Jpan,451,34,61
jpn_Jpan,451,35,13
jpn_Jpan,451,36,24
jpn_Jpan,451,37,13
jpn_Jpan,451,38,19
jpn_Jpan,451,39,13
jpn_Jpan,451,40,24
jpn_Jpan,451,41,19
jpn_Jpan,451,42,13
jpn_Jpan,451,43,19
jpn_Jpan,451,44,13
jpn_Jpan,452,0,60
jpn_Jpan,452,1,19
jpn_Jpan,452,2,8
jpn_Jpan,452,3,19
jpn_Jpan,452,4,26
jpn_Jpan,452,5,49
jpn_Jpan,452,6,12
jpn_Jpan,452,7,58
jpn_Jpan,452,8,12
jpn_Jpan,452,9,61
jpn_Jpan,453,0,60
jpn_Jpan,453,1,13
jpn_Jpan,453,2,13
jpn_Jpan,453,3,24
jpn_Jpan,453,4,13
jpn_Jpan,453,5,24
jpn_Jpan,453,6,24
jpn_Jpan,453,7,24
jpn_Jpan,453,8,13
jpn_Jpan,453,9,13
jpn_Jpan,453,10,61
jpn_Jpan,453,11,13
jpn_Jpan,453,12,13
jpn_Jpan,453,13,13
jpn_Jpan,453,14,13
jpn_Jpan,453,15,19
jpn_Jpan,453,16,13
jpn_Jpan,453,17,19
jpn_Jpan,453,18,24
jpn_Jpan,453,19,24
jpn_Jpan,453,20,19
jpn_Jpan,453,21,13
jpn_Jpan,453,22,19
jpn_Jpan,453,23,24
jpn_Jpan,453,24,24
jpn_Jpan,453,25,13
jpn_Jpan,453,26,13
jpn_Jpan,453,27,13
jpn_Jpan,453,28,13
jpn_Jpan,453,29,13
jpn_Jpan,453,30,13
jpn_Jpan,453,31,13
jpn_Jpan,453,32,13
jpn_Jpan,453,33,24
jpn_Jpan,453,34,13
jpn_Jpan,453,35,13
jpn_Jpan,453,36,34
eng_Latn,454,0,60
eng_Latn,454,1,56
eng_Latn,454,2,35
eng_Latn,454,3,57
eng_Latn,454,4,20
eng_Latn,454,5,59
eng_Latn,454,6,57
eng_Latn,454,7,57
eng_Latn,454,8,59
eng_Latn,454,9,47
eng_Latn,454,10,15
jpn_Jpan,455,0,60
jpn_Jpan,455,1,13
jpn_Jpan,455,2,24
jpn_Jpan,455,3,61
jpn_Jpan,455,4,19
jpn_Jpan,455,5,19
jpn_Jpan,455,6,13
jpn_Jpan,455,7,19
jpn_Jpan,455,8,13
jpn_Jpan,455,9,61
jpn_Jpan,455,10,13
jpn_Jpan,455,11,19
jpn_Jpan,455,12,13
jpn_Jpan,455,13,24
jpn_Jpan,455,14,13
jpn_Jpan,455,15,13
jpn_Jpan,455,16,36
jpn_Jpan,455,17,52
jpn_Jpan,455,18,61
jpn_Jpan,455,19,13
jpn_Jpan,455,20,24
jpn_Jpan,455,21,19
jpn_Jpan,455,22,19
jpn_Jpan,455,23,19
jpn_Jpan,455,24,13
jpn_Jpan,455,25,24
jpn_Jpan,455,26,19
jpn_Jpan,455,27,13
jpn_Jpan,455,28,24
jpn_Jpan,455,29,13
jpn_Jpan,455,30,24
jpn_Jpan,455,31,13
jpn_Jpan,455,32,24
jpn_Jpan,455,33,19
jpn_Jpan,455,34,13
jpn_Jpan,455,35,19
jpn_Jpan,455,36,13
jpn_Jpan,455,37,24
jpn_Jpan,455,38,13
jpn_Jpan,455,39,13
jpn_Jpan,455,40,13
jpn_Jpan,455,41,13
jpn_Jpan,455,42,13
jpn_Jpan,455,43,13
jpn_Jpan,455,44,19
jpn_Jpan,455,45,13
jpn_Jpan,456,0,60
jpn_Jpan,456,1,24
jpn_Jpan,456,2,52
jpn_Jpan,456,3,24
jpn_Jpan,456,4,52
jpn_Jpan,456,5,52
jpn_Jpan,456,6,13
jpn_Jpan,456,7,52
jpn_Jpan,456,8,13
jpn_Jpan,456,9,52
jpn_Jpan,456,10,12
jpn_Jpan,456,11,13
jpn_Jpan,456,12,52
jpn_Jpan,456,13,13
jpn_Jpan,456,14,11
jpn_Jpan,456,15,52
jpn_Jpan,456,16,36
jpn_Jpan,456,17,36
jpn_Jpan,456,18,24
jpn_Jpan,456,19,19
jpn_Jpan,456,20,13
jpn_Jpan,456,21,36
jpn_Jpan,456,22,24
jpn_Jpan,456,23,39
jpn_Jpan,456,24,47
jpn_Jpan,456,25,13
jpn_Jpan,456,26,1
jpn_Jpan,456,27,11
jpn_Jpan,456,28,61
jpn_Jpan,456,29,61
jpn_Jpan,456,30,61
jpn_Jpan,456,31,13
jpn_Jpan,456,32,13
jpn_Jpan,456,33,13
jpn_Jpan,456,34,13
jpn_Jpan,456,35,34
eng_Latn,457,0,60
eng_Latn,457,1,22
eng_Latn,457,2,34
eng_Latn,457,3,22
eng_Latn,457,4,22
eng_Latn,457,5,37
eng_Latn,457,6,63
eng_Latn,457,7,34
eng_Latn,457,8,24
eng_Latn,457,9,7
eng_Latn,457,10,60
eng_Latn,458,0,60
eng_Latn,458,1,53
eng_Latn,458,2,38
eng_Latn,458,3,35
eng_Latn,458,4,35
eng_Latn,458,5,57
eng_Latn,458,6,57
eng_Latn,458,7,59
eng_Latn,458,8,15
jpn_Jpan,459,0,60
jpn_Jpan,459,1,52
jpn_Jpan,459,2,24
jpn_Jpan,459,3,61
jpn_Jpan,459,4,13
jpn_Jpan,459,5,19
jpn_Jpan,459,6,13
jpn_Jpan,459,7,34
jpn_Jpan,459,8,24
jpn_Jpan,459,9,52
jpn_Jpan,459,10,19
jpn_Jpan,459,11,13
jpn_Jpan,459,12,24
jpn_Jpan,459,13,13
jpn_Jpan,459,14,13
jpn_Jpan,459,15,13
jpn_Jpan,459,16,13
jpn_Jpan,459,17,13
jpn_Jpan,459,18,34
jpn_Jpan,459,19,13
jpn_Jpan,459,20,13
jpn_Jpan,459,21,13
jpn_Jpan,459,22,34
eng_Latn,460,0,60
eng_Latn,460,1,56
eng_Latn,460,2,56
eng_Latn,460,3,38
eng_Latn,460,4,57
eng_Latn,460,5,20
eng_Latn,460,6,46
eng_Latn,460,7,15
eng_Latn,461,0,60
eng_Latn,461,1,63
eng_Latn,461,2,18
eng_Latn,461,3,18
eng_Latn,461,4,16
eng_Latn,461,5,16
eng_Latn,461,6,34
jpn_Jpan,462,0,60
jpn_Jpan,462,1,39
jpn_Jpan,462,2,13
jpn_Jpan,462,3,7
jpn_Jpan,462,4,13
jpn_Jpan,462,5,19
jpn_Jpan,462,6,13
jpn_Jpan,462,7,13
jpn_Jpan,462,8,51
eng_Latn,463,0,60
eng_Latn,463,1,4
eng_Latn,463,2,54
eng_Latn,463,3,48
eng_Latn,463,4,9
eng_Latn,463,5,56
eng_Latn,463,6,35
eng_Latn,463,7,35
eng_Latn,463,8,57
eng_Latn,463,9,2
eng_Latn,463,10,27
eng_Latn,463,11,26
eng_Latn,463,12,50
eng_Latn,463,13,16
jpn_Jpan,464,0,60
jpn_Jpan,464,1,13
jpn_Jpan,464,2,13
jpn_Jpan,464,3,19
jpn_Jpan,464,4,13
jpn_Jpan,464,5,52
jpn_Jpan,464,6,24
jpn_Jpan,464,7,13
jpn_Jpan,464,8,24
jpn_Jpan,464,9,13
jpn_Jpan,464,10,13
jpn_Jpan,464,11,7
jpn_Jpan,464,12,13
jpn_Jpan,464,13,24
jpn_Jpan,464,14,47
jpn_Jpan,464,15,13
jpn_Jpan,464,16,19
jpn_Jpan,464,17,13
jpn_Jpan,464,18,7
jpn_Jpan,464,19,24
jpn_Jpan,464,20,19
jpn_Jpan,464,21,36
jpn_Jpan,464,22,19
jpn_Jpan,464,23,36
jpn_Jpan,464,24,13
jpn_Jpan,464,25,19
jpn_Jpan,464,26,13
jpn_Jpan,464,27,13
jpn_Jpan,464,28,13
jpn_Jpan,464,29,24
jpn_Jpan,464,30,47
jpn_Jpan,464,31,13
jpn_Jpan,464,32,47
jpn_Jpan,464,33,13
jpn_Jpan,464,34,13
jpn_Jpan,464,35,24
jpn_Jpan,464,36,13
jpn_Jpan,464,37,61
jpn_Jpan,464,38,19
jpn_Jpan,464,39,13
jpn_Jpan,464,40,24
jpn_Jpan,464,41,19
jpn_Jpan,464,42,13
jpn_Jpan,464,43,19
jpn_Jpan,464,44,34
jpn_Jpan,464,45,13
jpn_Jpan,464,46,13
jpn_Jpan,464,47,34
jpn_Jpan,465,0,60
jpn_Jpan,465,1,13
jpn_Jpan,465,2,13
jpn_Jpan,465,3,19
jpn_Jpan,465,4,7
jpn_Jpan,465,5,24
jpn_Jpan,465,6,19
jpn_Jpan,465,7,36
jpn_Jpan,465,8,19
jpn_Jpan,465,9,19
jpn_Jpan,465,10,13
jpn_Jpan,465,11,13
jpn_Jpan,465,12,24
jpn_Jpan,465,13,13
jpn_Jpan,465,14,13
jpn_Jpan,465,15,13
jpn_Jpan,465,16,19
jpn_Jpan,465,17,19
jpn_Jpan,465,18,39
jpn_Jpan,465,19,13
eng_Latn,466,0,60
eng_Latn,466,1,41
eng_Latn,466,2,49
eng_Latn,466,3,37
eng_Latn,466,4,20
eng_Latn,466,5,44
eng_Latn,467,0,60
eng_Latn,467,1,26
eng_Latn,467,2,30
eng_Latn,467,3,46
eng_Latn,467,4,15
jpn_Jpan,468,0,60
jpn_Jpan,468,1,61
jpn_Jpan,468,2,13
jpn_Jpan,468,3,36
jpn_Jpan,468,4,47
jpn_Jpan,468,5,13
jpn_Jpan,468,6,13
jpn_Jpan,468,7,13
jpn_Jpan,468,8,24
jpn_Jpan,468,9,19
jpn_Jpan,468,10,13
jpn_Jpan,468,11,13
jpn_Jpan,468,12,13
jpn_Jpan,468,13,13
jpn_Jpan,468,14,13
jpn_Jpan,468,15,13
jpn_Jpan,468,16,13
jpn_Jpan,468,17,13
jpn_Jpan,468,18,19
jpn_Jpan,468,19,13
jpn_Jpan,468,20,47
jpn_Jpan,468,21,47
jpn_Jpan,468,22,19
jpn_Jpan,468,23,19
jpn_Jpan,468,24,13
jpn_Jpan,468,25,24
jpn_Jpan,468,26,13
jpn_Jpan,468,27,13
jpn_Jpan,468,28,13
jpn_Jpan,468,29,13
jpn_Jpan,468,30,9
jpn_Jpan,468,31,19
jpn_Jpan,468,32,7
jpn_Jpan,468,33,19
jpn_Jpan,468,34,24
jpn_Jpan,468,35,13
jpn_Jpan,468,36,13
jpn_Jpan,468,37,13
jpn_Jpan,468,38,39
jpn_Jpan,468,39,13
jpn_Jpan,468,40,24
jpn_Jpan,468,41,19
jpn_Jpan,468,42,13
jpn_Jpan,468,43,13
jpn_Jpan,468,44,13
jpn_Jpan,468,45,13
jpn_Jpan,468,46,24
jpn_Jpan,468,47,19
jpn_Jpan,468,48,13
jpn_Jpan,468,49,13
jpn_Jpan,468,50,24
jpn_Jpan,468,51,19
jpn_Jpan,468,52,13
jpn_Jpan,468,53,13
eng_Latn,469,0,60
eng_Latn,469,1,37
eng_Latn,469,2,14
eng_Latn,469,3,19
jpn_Jpan,470,0,60
jpn_Jpan,470,1,13
jpn_Jpan,470,2,39
jpn_Jpan,470,3,39
jpn_Jpan,470,4,34
jpn_Jpan,470,5,24
jpn_Jpan,470,6,13
jpn_Jpan,470,7,13
jpn_Jpan,470,8,36
jpn_Jpan,470,9,61
jpn_Jpan,470,10,47
jpn_Jpan,470,11,39
jpn_Jpan,470,12,13
jpn_Jpan,470,13,24
jpn_Jpan,470,14,26
jpn_Jpan,470,15,19
jpn_Jpan,470,16,13
jpn_Jpan,470,17,19
jpn_Jpan,470,18,13
jpn_Jpan,470,19,24
jpn_Jpan,470,20,13
jpn_Jpan,470,21,19
jpn_Jpan,470,22,13
jpn_Jpan,470,23,34
jpn_Jpan,470,24,13
jpn_Jpan,470,25,39
jpn_Jpan,470,26,19
jpn_Jpan,470,27,39
jpn_Jpan,470,28,13
jpn_Jpan,470,29,34
jpn_Jpan,471,0,60
jpn_Jpan,471,1,13
jpn_Jpan,471,2,61
jpn_Jpan,471,3,13
jpn_Jpan,471,4,24
jpn_Jpan,471,5,19
jpn_Jpan,471,6,13
jpn_Jpan,471,7,24
jpn_Jpan,471,8,13
jpn_Jpan,471,9,24
jpn_Jpan,471,10,13
jpn_Jpan,471,11,13
jpn_Jpan,471,12,13
jpn_Jpan,471,13,24
jpn_Jpan,471,14,13
jpn_Jpan,471,15,13
jpn_Jpan,471,16,13
jpn_Jpan,471,17,36
jpn_Jpan,471,18,24
jpn_Jpan,471,19,13
jpn_Jpan,471,20,19
jpn_Jpan,471,21,36
jpn_Jpan,471,22,34
jpn_Jpan,471,23,13
jpn_Jpan,471,24,13
jpn_Jpan,471,25,24
jpn_Jpan,471,26,24
jpn_Jpan,471,27,13
jpn_Jpan,471,28,13
jpn_Jpan,471,29,13
jpn_Jpan,471,30,13
jpn_Jpan,471,31,13
jpn_Jpan,471,32,34
eng_Latn,472,0,60
eng_Latn,472,1,46
eng_Latn,472,2,5
eng_Latn,472,3,62
eng_Latn,472,4,24
eng_Latn,472,5,62
eng_Latn,472,6,15
eng_Latn,472,7,53
eng_Latn,472,8,62
eng_Latn,472,9,46
eng_Latn,473,0,60
eng_Latn,473,1,52
eng_Latn,473,2,15
eng_Latn,473,3,3
eng_Latn,473,4,3
eng_Latn,473,5,19
eng_Latn,473,6,15
jpn_Jpan,474,0,60
jpn_Jpan,474,1,13
jpn_Jpan,474,2,24
jpn_Jpan,474,3,13
jpn_Jpan,474,4,13
jpn_Jpan,474,5,13
jpn_Jpan,474,6,47
jpn_Jpan,474,7,19
jpn_Jpan,474,8,13
jpn_Jpan,474,9,19
jpn_Jpan,474,10,13
jpn_Jpan,474,11,51
eng_Latn,475,0,60
eng_Latn,475,1,9
eng_Latn,475,2,22
eng_Latn,475,3,22
eng_Latn,475,4,60
eng_Latn,475,5,12
eng_Latn,475,6,22
eng_Latn,475,7,63
eng_Latn,475,8,12
eng_Latn,475,9,61
eng_Latn,475,10,22
eng_Latn,476,0,60
eng_Latn,476,1,52
eng_Latn,476,2,1
eng_Latn,476,3,22
eng_Latn,476,4,12
eng_Latn,476,5,54
eng_Latn,476,6,24
eng_Latn,476,7,46
eng_Latn,476,8,46
eng_Latn,476,9,7
eng_Latn,476,10,48
eng_Latn,476,11,16
eng_Latn,477,0,60
eng_Latn,477,1,1
eng_Latn,477,2,22
eng_Latn,477,3,26
eng_Latn,477,4,26
eng_Latn,477,5,60
eng_Latn,477,6,12
eng_Latn,477,7,22
eng_Latn,477,8,22
eng_Latn,477,9,22
eng_Latn,477,10,22
eng_Latn,477,11,47
eng_Latn,477,12,62
eng_Latn,477,13,34
jpn_Jpan,478,0,60
jpn_Jpan,478,1,19
jpn_Jpan,478,2,13
jpn_Jpan,478,3,39
jpn_Jpan,478,4,13
jpn_Jpan,478,5,24
jpn_Jpan,478,6,13
jpn_Jpan,478,7,19
jpn_Jpan,478,8,13
jpn_Jpan,478,9,24
jpn_Jpan,478,10,19
jpn_Jpan,478,11,13
jpn_Jpan,478,12,24
jpn_Jpan,478,13,13
jpn_Jpan,478,14,61
jpn_Jpan,478,15,39
jpn_Jpan,478,16,24
jpn_Jpan,478,17,13
jpn_Jpan,478,18,13
jpn_Jpan,478,19,13
jpn_Jpan,478,20,36
jpn_Jpan,478,21,1
jpn_Jpan,478,22,7
jpn_Jpan,478,23,13
jpn_Jpan,478,24,24
jpn_Jpan,478,25,13
jpn_Jpan,478,26,36
jpn_Jpan,478,27,24
jpn_Jpan,478,28,13
jpn_Jpan,478,29,13
jpn_Jpan,478,30,13
jpn_Jpan,478,31,39
jpn_Jpan,478,32,39
jpn_Jpan,478,33,39
jpn_Jpan,478,34,39
jpn_Jpan,478,35,13
jpn_Jpan,478,36,61
jpn_Jpan,478,37,13
jpn_Jpan,478,38,13
jpn_Jpan,478,39,24
jpn_Jpan,478,40,52
jpn_Jpan,478,41,13
jpn_Jpan,478,42,24
jpn_Jpan,478,43,52
jpn_Jpan,478,44,13
jpn_Jpan,478,45,19
jpn_Jpan,478,46,13
jpn_Jpan,478,47,13
eng_Latn,479,0,60
eng_Latn,479,1,19
eng_Latn,479,2,23
eng_Latn,479,3,35
eng_Latn,479,4,43
eng_Latn,479,5,9
eng_Latn,479,6,43
eng_Latn,479,7,43
jpn_Jpan,480,0,60
jpn_Jpan,480,1,22
jpn_Jpan,480,2,40
jpn_Jpan,480,3,39
jpn_Jpan,480,4,19
jpn_Jpan,480,5,63
jpn_Jpan,480,6,12
jpn_Jpan,480,7,58
jpn_Jpan,480,8,12
jpn_Jpan,480,9,61
eng_Latn,481,0,60
eng_Latn,481,1,22
eng_Latn,481,2,12
eng_Latn,481,3,22
eng_Latn,481,4,63
jpn_Jpan,482,0,60
jpn_Jpan,482,1,24
jpn_Jpan,482,2,13
jpn_Jpan,482,3,13
jpn_Jpan,482,4,13
jpn_Jpan,482,5,13
jpn_Jpan,482,6,13
jpn_Jpan,482,7,36
jpn_Jpan,482,8,13
jpn_Jpan,482,9,36
jpn_Jpan,482,10,39
jpn_Jpan,482,11,61
jpn_Jpan,482,12,61
jpn_Jpan,482,13,61
jpn_Jpan,482,14,61
jpn_Jpan,482,15,13
jpn_Jpan,482,16,13
jpn_Jpan,482,17,13
jpn_Jpan,482,18,11
jpn_Jpan,482,19,58
jpn_Jpan,482,20,12
jpn_Jpan,482,21,40
eng_Latn,483,0,60
eng_Latn,483,1,17
eng_Latn,483,2,9
eng_Latn,483,3,56
eng_Latn,483,4,17
eng_Latn,483,5,52
eng_Latn,483,6,17
eng_Latn,483,7,41
eng_Latn,483,8,17
eng_Latn,484,0,60
eng_Latn,484,1,9
eng_Latn,484,2,56
eng_Latn,484,3,35
eng_Latn,484,4,35
eng_Latn,484,5,57
eng_Latn,484,6,23
eng_Latn,484,7,46
eng_Latn,485,0,60
eng_Latn,485,1,18
eng_Latn,485,2,18
eng_Latn,485,3,20
eng_Latn,485,4,28
eng_Latn,485,5,34
eng_Latn,485,6,34
jpn_Jpan,486,0,60
jpn_Jpan,486,1,47
jpn_Jpan,486,2,13
jpn_Jpan,486,3,13
jpn_Jpan,486,4,13
jpn_Jpan,486,5,24
jpn_Jpan,486,6,24
jpn_Jpan,486,7,52
jpn_Jpan,486,8,1
jpn_Jpan,486,9,52
jpn_Jpan,486,10,13
jpn_Jpan,486,11,13
jpn_Jpan,486,12,24
jpn_Jpan,486,13,24
jpn_Jpan,486,14,13
jpn_Jpan,486,15,13
jpn_Jpan,486,16,13
jpn_Jpan,486,17,13
jpn_Jpan,486,18,13
jpn_Jpan,486,19,13
jpn_Jpan,486,20,39
jpn_Jpan,486,21,13
jpn_Jpan,486,22,24
jpn_Jpan,486,23,47
jpn_Jpan,486,24,19
jpn_Jpan,486,25,13
jpn_Jpan,486,26,13
jpn_Jpan,486,27,24
jpn_Jpan,486,28,13
jpn_Jpan,486,29,19
jpn_Jpan,486,30,34
jpn_Jpan,486,31,34
jpn_Jpan,487,0,60
jpn_Jpan,487,1,28
jpn_Jpan,487,2,24
jpn_Jpan,487,3,47
jpn_Jpan,487,4,19
jpn_Jpan,487,5,19
jpn_Jpan,487,6,39
jpn_Jpan,487,7,39
jpn_Jpan,487,8,13
jpn_Jpan,487,9,24
jpn_Jpan,487,10,34
eng_Latn,488,0,60
eng_Latn,488,1,33
eng_Latn,488,2,33
eng_Latn,488,3,56
eng_Latn,488,4,16
eng_Latn,489,0,60
eng_Latn,489,1,41
eng_Latn,489,2,15
eng_Latn,489,3,48
eng_Latn,489,4,56
eng_Latn,489,5,57
eng_Latn,489,6,24
eng_Latn,489,7,37
eng_Latn,489,8,37
eng_Latn,489,9,3
eng_Latn,490,0,60
eng_Latn,490,1,50
eng_Latn,490,2,16
jpn_Jpan,491,0,60
jpn_Jpan,491,1,13
jpn_Jpan,491,2,19
jpn_Jpan,491,3,13
jpn_Jpan,491,4,13
jpn_Jpan,491,5,24
jpn_Jpan,491,6,19
jpn_Jpan,491,7,36
jpn_Jpan,491,8,47
jpn_Jpan,491,9,13
jpn_Jpan,491,10,19
jpn_Jpan,491,11,13
jpn_Jpan,491,12,61
jpn_Jpan,491,13,7
jpn_Jpan,491,14,13
jpn_Jpan,491,15,24
jpn_Jpan,491,16,52
jpn_Jpan,491,17,9
jpn_Jpan,491,18,24
jpn_Jpan,491,19,24
jpn_Jpan,491,20,61
jpn_Jpan,491,21,19
jpn_Jpan,491,22,47
jpn_Jpan,491,23,47
jpn_Jpan,491,24,24
jpn_Jpan,491,25,13
jpn_Jpan,491,26,34
jpn_Jpan,491,27,13
jpn_Jpan,491,28,34
jpn_Jpan,491,29,11
jpn_Jpan,491,30,61
jpn_Jpan,491,31,13
jpn_Jpan,491,32,13
jpn_Jpan,491,33,19
jpn_Jpan,491,34,13
jpn_Jpan,491,35,13
jpn_Jpan,491,36,34
jpn_Jpan,491,37,19
jpn_Jpan,491,38,13
jpn_Jpan,491,39,47
jpn_Jpan,491,40,39
jpn_Jpan,491,41,24
jpn_Jpan,491,42,24
jpn_Jpan,491,43,61
jpn_Jpan,491,44,13
jpn_Jpan,491,45,47
jpn_Jpan,491,46,13
jpn_Jpan,491,47,13
eng_Latn,492,0,60
eng_Latn,492,1,13
eng_Latn,492,2,19
eng_Latn,492,3,19
eng_Latn,492,4,13
eng_Latn,492,5,11
eng_Latn,492,6,22
eng_Latn,492,7,49
eng_Latn,492,8,11
eng_Latn,492,9,54
eng_Latn,492,10,39
jpn_Jpan,493,0,60
jpn_Jpan,493,1,1
jpn_Jpan,493,2,36
jpn_Jpan,493,3,24
jpn_Jpan,493,4,13
jpn_Jpan,493,5,24
jpn_Jpan,493,6,24
jpn_Jpan,493,7,19
jpn_Jpan,493,8,13
jpn_Jpan,493,9,19
jpn_Jpan,493,10,13
jpn_Jpan,493,11,13
jpn_Jpan,493,12,24
jpn_Jpan,493,13,24
jpn_Jpan,493,14,19
jpn_Jpan,493,15,13
jpn_Jpan,493,16,19
jpn_Jpan,493,17,8
jpn_Jpan,493,18,61
jpn_Jpan,493,19,29
jpn_Jpan,493,20,19
jpn_Jpan,493,21,13
jpn_Jpan,493,22,13
jpn_Jpan,493,23,13
jpn_Jpan,493,24,13
jpn_Jpan,493,25,13
jpn_Jpan,493,26,13
jpn_Jpan,493,27,13
jpn_Jpan,493,28,47
jpn_Jpan,493,29,13
jpn_Jpan,493,30,34
jpn_Jpan,493,31,13
jpn_Jpan,493,32,19
jpn_Jpan,493,33,13
jpn_Jpan,493,34,24
jpn_Jpan,494,0,60
jpn_Jpan,494,1,52
jpn_Jpan,494,2,19
jpn_Jpan,494,3,13
jpn_Jpan,494,4,19
jpn_Jpan,494,5,13
jpn_Jpan,494,6,52
jpn_Jpan,494,7,26
jpn_Jpan,494,8,19
jpn_Jpan,494,9,47
jpn_Jpan,494,10,13
jpn_Jpan,494,11,13
jpn_Jpan,494,12,13
jpn_Jpan,494,13,13
jpn_Jpan,494,14,13
jpn_Jpan,494,15,13
jpn_Jpan,494,16,24
jpn_Jpan,494,17,24
jpn_Jpan,494,18,12
jpn_Jpan,494,19,19
jpn_Jpan,494,20,36
jpn_Jpan,494,21,47
jpn_Jpan,494,22,19
jpn_Jpan,494,23,36
jpn_Jpan,494,24,47
jpn_Jpan,494,25,13
jpn_Jpan,494,26,13
jpn_Jpan,494,27,19
jpn_Jpan,494,28,13
jpn_Jpan,494,29,13
jpn_Jpan,494,30,24
jpn_Jpan,494,31,13
jpn_Jpan,494,32,13
jpn_Jpan,494,33,13
jpn_Jpan,494,34,24
jpn_Jpan,494,35,19
jpn_Jpan,494,36,13
jpn_Jpan,494,37,47
jpn_Jpan,494,38,19
jpn_Jpan,494,39,13
jpn_Jpan,494,40,61
jpn_Jpan,494,41,19
jpn_Jpan,494,42,13
jpn_Jpan,494,43,13
jpn_Jpan,494,44,13
jpn_Jpan,494,45,19
jpn_Jpan,494,46,19
jpn_Jpan,494,47,34
jpn_Jpan,494,48,13
jpn_Jpan,494,49,13
jpn_Jpan,495,0,60
jpn_Jpan,495,1,13
jpn_Jpan,495,2,13
jpn_Jpan,495,3,24
jpn_Jpan,495,4,13
jpn_Jpan,495,5,61
jpn_Jpan,495,6,13
jpn_Jpan,495,7,24
jpn_Jpan,495,8,24
jpn_Jpan,495,9,13
jpn_Jpan,495,10,13
jpn_Jpan,495,11,39
jpn_Jpan,495,12,13
jpn_Jpan,496,0,60
jpn_Jpan,496,1,13
jpn_Jpan,496,2,24
jpn_Jpan,496,3,47
jpn_Jpan,496,4,61
jpn_Jpan,496,5,13
jpn_Jpan,496,6,13
jpn_Jpan,496,7,13
jpn_Jpan,496,8,13
jpn_Jpan,496,9,13
jpn_Jpan,496,10,26
jpn_Jpan,496,11,47
jpn_Jpan,496,12,13
jpn_Jpan,496,13,19
jpn_Jpan,496,14,13
jpn_Jpan,496,15,24
jpn_Jpan,496,16,19
jpn_Jpan,496,17,13
jpn_Jpan,496,18,19
jpn_Jpan,496,19,36
jpn_Jpan,496,20,24
jpn_Jpan,496,21,13
jpn_Jpan,496,22,19
jpn_Jpan,496,23,13
jpn_Jpan,496,24,24
jpn_Jpan,496,25,13
jpn_Jpan,496,26,19
jpn_Jpan,496,27,34
jpn_Jpan,496,28,13
jpn_Jpan,496,29,24
jpn_Jpan,496,30,13
jpn_Jpan,496,31,13
jpn_Jpan,496,32,13
jpn_Jpan,496,33,34
eng_Latn,497,0,60
eng_Latn,497,1,9
eng_Latn,497,2,56
eng_Latn,497,3,38
eng_Latn,497,4,8
eng_Latn,498,0,60
eng_Latn,498,1,12
eng_Latn,498,2,22
eng_Latn,498,3,1
eng_Latn,498,4,22
eng_Latn,499,0,60
eng_Latn,499,1,34
eng_Latn,499,2,42
eng_Latn,499,3,51
jpn_Jpan,500,0,60
jpn_Jpan,500,1,13
jpn_Jpan,500,2,13
jpn_Jpan,500,3,19
jpn_Jpan,500,4,13
jpn_Jpan,500,5,13
jpn_Jpan,500,6,19
jpn_Jpan,500,7,19
jpn_Jpan,500,8,39
jpn_Jpan,500,9,13
jpn_Jpan,500,10,24
jpn_Jpan,500,11,19
jpn_Jpan,500,12,13
jpn_Jpan,500,13,61
jpn_Jpan,500,14,13
jpn_Jpan,500,15,13
jpn_Jpan,500,16,19
jpn_Jpan,500,17,39
jpn_Jpan,500,18,24
jpn_Jpan,500,19,19
jpn_Jpan,500,20,36
jpn_Jpan,500,21,13
jpn_Jpan,500,22,24
jpn_Jpan,500,23,13
jpn_Jpan,500,24,13
jpn_Jpan,500,25,13
jpn_Jpan,500,26,13
jpn_Jpan,500,27,13
jpn_Jpan,500,28,13
jpn_Jpan,500,29,13
jpn_Jpan,500,30,13
jpn_Jpan,500,31,19
jpn_Jpan,500,32,13
jpn_Jpan,500,33,13
jpn_Jpan,500,34,34
jpn_Jpan,500,35,24
jpn_Jpan,500,36,24
jpn_Jpan,500,37,13
jpn_Jpan,500,38,47
jpn_Jpan,500,39,13
jpn_Jpan,500,40,13
jpn_Jpan,500,41,19
jpn_Jpan,500,42,13
jpn_Jpan,500,43,13
jpn_Jpan,500,44,61
jpn_Jpan,500,45,13
jpn_Jpan,500,46,13
jpn_Jpan,500,47,34
jpn_Jpan,500,48,24
jpn_Jpan,500,49,13
jpn_Jpan,500,50,34
jpn_Jpan,500,51,34
eng_Latn,501,0,60
eng_Latn,501,1,57
eng_Latn,501,2,56
eng_Latn,501,3,53
eng_Latn,501,4,4
eng_Latn,501,5,34
eng_Latn,502,0,60
eng_Latn,502,1,9
eng_Latn,502,2,1
eng_Latn,502,3,57
eng_Latn,502,4,49
eng_Latn,502,5,9
eng_Latn,502,6,22
eng_Latn,502,7,19
eng_Latn,502,8,19
eng_Latn,502,9,63
eng_Latn,502,10,11
eng_Latn,502,11,40
eng_Latn,502,12,40
eng_Latn,502,13,49
eng_Latn,502,14,12
eng_Latn,502,15,47
eng_Latn,503,0,60
eng_Latn,503,1,9
eng_Latn,503,2,58
eng_Latn,503,3,52
eng_Latn,503,4,9
eng_Latn,503,5,19
eng_Latn,503,6,39
eng_Latn,503,7,5
eng_Latn,503,8,1
eng_Latn,504,0,60
eng_Latn,504,1,1
eng_Latn,504,2,53
eng_Latn,504,3,52
eng_Latn,504,4,1
eng_Latn,504,5,52
eng_Latn,504,6,47
jpn_Jpan,505,0,60
jpn_Jpan,505,1,13
jpn_Jpan,505,2,13
jpn_Jpan,505,3,24
jpn_Jpan,505,4,36
jpn_Jpan,505,5,19
jpn_Jpan,505,6,13
jpn_Jpan,505,7,34
jpn_Jpan,505,8,13
jpn_Jpan,505,9,13
jpn_Jpan,505,10,36
jpn_Jpan,505,11,24
jpn_Jpan,505,12,13
jpn_Jpan,505,13,13
jpn_Jpan,505,14,13
jpn_Jpan,505,15,61
jpn_Jpan,505,16,34
jpn_Jpan,505,17,13
jpn_Jpan,505,18,24
jpn_Jpan,505,19,52
jpn_Jpan,505,20,19
jpn_Jpan,505,21,13
jpn_Jpan,505,22,13
jpn_Jpan,505,23,13
jpn_Jpan,505,24,19
jpn_Jpan,505,25,13
jpn_Jpan,505,26,13
jpn_Jpan,505,27,24
jpn_Jpan,505,28,24
jpn_Jpan,505,29,24
jpn_Jpan,505,30,13
jpn_Jpan,505,31,61
jpn_Jpan,505,32,13
jpn_Jpan,505,33,34
jpn_Jpan,505,34,13
jpn_Jpan,505,35,13
jpn_Jpan,505,36,36
jpn_Jpan,505,37,34
jpn_Jpan,506,0,60
jpn_Jpan,506,1,13
jpn_Jpan,506,2,39
jpn_Jpan,506,3,39
jpn_Jpan,506,4,34
jpn_Jpan,506,5,42
jpn_Jpan,506,6,27
jpn_Jpan,506,7,39
jpn_Jpan,506,8,24
jpn_Jpan,506,9,34
eng_Latn,507,0,60
eng_Latn,507,1,45
eng_Latn,507,2,35
eng_Latn,507,3,18
eng_Latn,507,4,56
eng_Latn,507,5,38
eng_Latn,507,6,24
eng_Latn,507,7,55
eng_Latn,507,8,41
eng_Latn,507,9,43
eng_Latn,507,10,48
eng_Latn,508,0,60
eng_Latn,508,1,54
eng_Latn,508,2,15
eng_Latn,508,3,53
eng_Latn,508,4,41
eng_Latn,508,5,17
eng_Latn,509,0,60
eng_Latn,509,1,42
eng_Latn,509,2,19
eng_Latn,509,3,22
eng_Latn,509,4,26
eng_Latn,509,5,26
eng_Latn,509,6,60
eng_Latn,509,7,9
eng_Latn,509,8,26
eng_Latn,509,9,8
jpn_Jpan,510,0,60
jpn_Jpan,510,1,1
jpn_Jpan,510,2,13
jpn_Jpan,510,3,19
jpn_Jpan,510,4,24
jpn_Jpan,510,5,24
jpn_Jpan,510,6,52
jpn_Jpan,510,7,52
jpn_Jpan,510,8,52
jpn_Jpan,510,9,52
jpn_Jpan,510,10,47
jpn_Jpan,510,11,13
jpn_Jpan,510,12,24
jpn_Jpan,510,13,19
jpn_Jpan,510,14,13
jpn_Jpan,510,15,19
jpn_Jpan,510,16,13
jpn_Jpan,510,17,13
jpn_Jpan,510,18,19
jpn_Jpan,510,19,13
jpn_Jpan,510,20,13
jpn_Jpan,510,21,24
jpn_Jpan,510,22,13
jpn_Jpan,510,23,13
jpn_Jpan,510,24,24
jpn_Jpan,510,25,13
jpn_Jpan,510,26,47
jpn_Jpan,510,27,34
jpn_Jpan,510,28,13
jpn_Jpan,510,29,13
jpn_Jpan,510,30,34
jpn_Jpan,510,31,13
jpn_Jpan,510,32,19
jpn_Jpan,510,33,13
jpn_Jpan,510,34,13
jpn_Jpan,510,35,13
jpn_Jpan,510,36,13
jpn_Jpan,510,37,34
eng_Latn,511,0,60
eng_Latn,511,1,41
eng_Latn,511,2,57
eng_Latn,511,3,57
jpn_Jpan,512,0,60
jpn_Jpan,512,1,13
jpn_Jpan,512,2,13
jpn_Jpan,512,3,19
jpn_Jpan,512,4,47
jpn_Jpan,512,5,13
jpn_Jpan,512,6,24
jpn_Jpan,512,7,19
jpn_Jpan,512,8,19
jpn_Jpan,512,9,39
jpn_Jpan,512,10,13
jpn_Jpan,512,11,11
jpn_Jpan,513,0,60
jpn_Jpan,513,1,13
jpn_Jpan,513,2,24
jpn_Jpan,513,3,24
jpn_Jpan,513,4,1
jpn_Jpan,513,5,52
jpn_Jpan,513,6,19
jpn_Jpan,513,7,13
jpn_Jpan,513,8,13
jpn_Jpan,513,9,19
jpn_Jpan,513,10,13
jpn_Jpan,513,11,34
jpn_Jpan,513,12,24
jpn_Jpan,513,13,13
jpn_Jpan,513,14,19
jpn_Jpan,513,15,39
jpn_Jpan,513,16,13
jpn_Jpan,513,17,13
jpn_Jpan,513,18,13
jpn_Jpan,513,19,24
jpn_Jpan,513,20,13
jpn_Jpan,513,21,13
jpn_Jpan,513,22,24
jpn_Jpan,513,23,24
jpn_Jpan,513,24,47
jpn_Jpan,513,25,19
jpn_Jpan,513,26,13
jpn_Jpan,513,27,26
jpn_Jpan,513,28,19
jpn_Jpan,513,29,24
jpn_Jpan,513,30,19
jpn_Jpan,513,31,13
jpn_Jpan,513,32,47
jpn_Jpan,513,33,47
jpn_Jpan,513,34,7
jpn_Jpan,513,35,19
jpn_Jpan,513,36,19
jpn_Jpan,513,37,39
jpn_Jpan,513,38,19
jpn_Jpan,513,39,13
jpn_Jpan,513,40,13
jpn_Jpan,513,41,13
jpn_Jpan,513,42,13
jpn_Jpan,513,43,13
jpn_Jpan,513,44,19
jpn_Jpan,513,45,13
jpn_Jpan,513,46,24
jpn_Jpan,513,47,13
jpn_Jpan,513,48,13
jpn_Jpan,513,49,19
jpn_Jpan,513,50,13
jpn_Jpan,513,51,13
jpn_Jpan,513,52,24
jpn_Jpan,513,53,13
jpn_Jpan,513,54,34
jpn_Jpan,514,0,60
jpn_Jpan,514,1,24
jpn_Jpan,514,2,13
jpn_Jpan,514,3,13
jpn_Jpan,514,4,13
jpn_Jpan,514,5,36
jpn_Jpan,514,6,1
jpn_Jpan,514,7,19
jpn_Jpan,514,8,13
jpn_Jpan,514,9,24
jpn_Jpan,514,10,52
jpn_Jpan,514,11,52
jpn_Jpan,514,12,52
jpn_Jpan,514,13,13
jpn_Jpan,514,14,34
jpn_Jpan,514,15,24
jpn_Jpan,514,16,24
jpn_Jpan,514,17,13
jpn_Jpan,514,18,19
jpn_Jpan,514,19,19
jpn_Jpan,514,20,13
jpn_Jpan,514,21,13
jpn_Jpan,514,22,19
jpn_Jpan,514,23,13
jpn_Jpan,514,24,24
jpn_Jpan,514,25,47
jpn_Jpan,514,26,47
jpn_Jpan,514,27,61
jpn_Jpan,514,28,13
jpn_Jpan,514,29,24
jpn_Jpan,514,30,52
jpn_Jpan,514,31,19
jpn_Jpan,514,32,13
jpn_Jpan,514,33,13
jpn_Jpan,514,34,61
jpn_Jpan,514,35,13
jpn_Jpan,514,36,34
jpn_Jpan,514,37,13
jpn_Jpan,514,38,13
jpn_Jpan,514,39,34
eng_Latn,515,0,60
eng_Latn,515,1,52
eng_Latn,515,2,57
eng_Latn,515,3,37
eng_Latn,515,4,39
eng_Latn,515,5,3
eng_Latn,515,6,22
eng_Latn,515,7,3
eng_Latn,516,0,60
eng_Latn,516,1,57
eng_Latn,516,2,47
eng_Latn,516,3,8
eng_Latn,516,4,47
eng_Latn,517,0,60
eng_Latn,517,1,52
eng_Latn,517,2,17
eng_Latn,517,3,1
eng_Latn,517,4,21
eng_Latn,517,5,20
eng_Latn,517,6,37
eng_Latn,517,7,47
eng_Latn,518,0,60
eng_Latn,518,1,22
eng_Latn,518,2,15
eng_Latn,518,3,11
eng_Latn,518,4,52
eng_Latn,518,5,3
eng_Latn,518,6,48
eng_Latn,519,0,60
eng_Latn,519,1,4
eng_Latn,519,2,4
eng_Latn,519,3,20
eng_Latn,519,4,35
eng_Latn,519,5,57
eng_Latn,519,6,15
eng_Latn,519,7,1
eng_Latn,519,8,52
eng_Latn,520,0,60
eng_Latn,520,1,40
eng_Latn,520,2,56
eng_Latn,520,3,56
eng_Latn,520,4,53
eng_Latn,520,5,57
eng_Latn,520,6,51
eng_Latn,521,0,60
eng_Latn,521,1,9
eng_Latn,521,2,11
eng_Latn,521,3,27
eng_Latn,521,4,27
eng_Latn,521,5,27
eng_Latn,521,6,39
eng_Latn,521,7,11
eng_Latn,521,8,19
eng_Latn,521,9,27
eng_Latn,521,10,26
eng_Latn,521,11,39
eng_Latn,521,12,1
eng_Latn,521,13,9
eng_Latn,521,14,60
eng_Latn,522,0,60
eng_Latn,522,1,9
eng_Latn,522,2,9
eng_Latn,522,3,56
eng_Latn,522,4,38
eng_Latn,522,5,35
eng_Latn,522,6,46
jpn_Jpan,523,0,60
jpn_Jpan,523,1,1
jpn_Jpan,523,2,52
jpn_Jpan,523,3,13
jpn_Jpan,523,4,13
jpn_Jpan,523,5,36
jpn_Jpan,523,6,24
jpn_Jpan,523,7,52
jpn_Jpan,523,8,52
jpn_Jpan,523,9,52
jpn_Jpan,523,10,52
jpn_Jpan,523,11,52
jpn_Jpan,523,12,52
jpn_Jpan,523,13,47
jpn_Jpan,523,14,13
jpn_Jpan,523,15,24
jpn_Jpan,523,16,61
jpn_Jpan,523,17,13
jpn_Jpan,523,18,13
jpn_Jpan,523,19,24
jpn_Jpan,523,20,13
jpn_Jpan,523,21,13
jpn_Jpan,523,22,34
eng_Latn,524,0,60
eng_Latn,524,1,50
eng_Latn,524,2,51
eng_Latn,524,3,19
eng_Latn,524,4,19
eng_Latn,524,5,51
eng_Latn,524,6,5
eng_Latn,524,7,19
eng_Latn,524,8,0
eng_Latn,524,9,0
eng_Latn,524,10,8
eng_Latn,524,11,57
jpn_Jpan,525,0,60
jpn_Jpan,525,1,39
jpn_Jpan,525,2,13
jpn_Jpan,525,3,13
jpn_Jpan,525,4,13
jpn_Jpan,525,5,13
jpn_Jpan,525,6,13
jpn_Jpan,525,7,19
jpn_Jpan,525,8,13
jpn_Jpan,525,9,24
jpn_Jpan,525,10,13
jpn_Jpan,526,0,60
jpn_Jpan,526,1,39
jpn_Jpan,526,2,39
jpn_Jpan,526,3,13
jpn_Jpan,526,4,39
jpn_Jpan,526,5,13
jpn_Jpan,526,6,36
jpn_Jpan,526,7,24
jpn_Jpan,526,8,36
jpn_Jpan,526,9,36
jpn_Jpan,526,10,24
jpn_Jpan,526,11,13
jpn_Jpan,526,12,47
jpn_Jpan,526,13,47
jpn_Jpan,526,14,19
jpn_Jpan,526,15,47
jpn_Jpan,526,16,13
jpn_Jpan,526,17,36
jpn_Jpan,526,18,47
jpn_Jpan,526,19,19
jpn_Jpan,526,20,19
jpn_Jpan,526,21,19
jpn_Jpan,526,22,13
jpn_Jpan,526,23,36
jpn_Jpan,526,24,36
jpn_Jpan,526,25,61
jpn_Jpan,526,26,19
jpn_Jpan,526,27,13
jpn_Jpan,526,28,19
jpn_Jpan,526,29,13
jpn_Jpan,526,30,13
jpn_Jpan,526,31,13
jpn_Jpan,526,32,36
jpn_Jpan,526,33,36
jpn_Jpan,526,34,19
jpn_Jpan,526,35,36
jpn_Jpan,526,36,13
jpn_Jpan,526,37,34
jpn_Jpan,526,38,9
jpn_Jpan,526,39,47
jpn_Jpan,526,40,13
jpn_Jpan,526,41,61
jpn_Jpan,526,42,36
jpn_Jpan,526,43,13
jpn_Jpan,526,44,13
jpn_Jpan,526,45,61
jpn_Jpan,526,46,61
jpn_Jpan,526,47,39
jpn_Jpan,526,48,13
jpn_Jpan,526,49,19
jpn_Jpan,526,50,13
jpn_Jpan,527,0,60
jpn_Jpan,527,1,24
jpn_Jpan,527,2,24
jpn_Jpan,527,3,13
jpn_Jpan,527,4,13
jpn_Jpan,527,5,24
jpn_Jpan,527,6,13
jpn_Jpan,527,7,13
jpn_Jpan,527,8,24
jpn_Jpan,527,9,19
jpn_Jpan,527,10,13
jpn_Jpan,527,11,13
jpn_Jpan,527,12,36
jpn_Jpan,527,13,40
jpn_Jpan,527,14,40
jpn_Jpan,527,15,19
jpn_Jpan,527,16,26
jpn_Jpan,527,17,7
jpn_Jpan,527,18,13
jpn_Jpan,527,19,19
jpn_Jpan,527,20,13
jpn_Jpan,527,21,24
jpn_Jpan,527,22,22
jpn_Jpan,527,23,40
eng_Latn,528,0,60
eng_Latn,528,1,19
eng_Latn,528,2,40
eng_Latn,528,3,18
eng_Latn,528,4,14
eng_Latn,528,5,38
eng_Latn,528,6,40
eng_Latn,528,7,46
eng_Latn,528,8,47
eng_Latn,528,9,15
eng_Latn,528,10,12
eng_Latn,528,11,11
eng_Latn,528,12,19
eng_Latn,528,13,22
jpn_Jpan,529,0,60
jpn_Jpan,529,1,13
jpn_Jpan,529,2,13
jpn_Jpan,529,3,13
jpn_Jpan,529,4,12
jpn_Jpan,529,5,19
jpn_Jpan,529,6,13
jpn_Jpan,529,7,47
jpn_Jpan,529,8,13
jpn_Jpan,529,9,13
jpn_Jpan,529,10,13
jpn_Jpan,529,11,19
jpn_Jpan,529,12,13
jpn_Jpan,529,13,13
jpn_Jpan,529,14,1
jpn_Jpan,529,15,13
jpn_Jpan,529,16,19
jpn_Jpan,529,17,47
jpn_Jpan,529,18,39
jpn_Jpan,529,19,13
jpn_Jpan,529,20,13
jpn_Jpan,529,21,13
jpn_Jpan,529,22,19
jpn_Jpan,529,23,13
jpn_Jpan,529,24,47
jpn_Jpan,529,25,13
jpn_Jpan,530,0,60
jpn_Jpan,530,1,13
jpn_Jpan,530,2,47
jpn_Jpan,530,3,13
jpn_Jpan,530,4,19
jpn_Jpan,530,5,13
jpn_Jpan,530,6,24
jpn_Jpan,530,7,13
jpn_Jpan,530,8,13
jpn_Jpan,530,9,13
jpn_Jpan,530,10,13
jpn_Jpan,530,11,19
jpn_Jpan,530,12,13
jpn_Jpan,530,13,13
jpn_Jpan,530,14,13
jpn_Jpan,530,15,19
jpn_Jpan,530,16,13
jpn_Jpan,530,17,13
jpn_Jpan,530,18,13
jpn_Jpan,530,19,1
jpn_Jpan,530,20,19
jpn_Jpan,530,21,13
jpn_Jpan,530,22,13
jpn_Jpan,530,23,24
jpn_Jpan,530,24,13
jpn_Jpan,530,25,13
jpn_Jpan,530,26,11
jpn_Jpan,530,27,47
jpn_Jpan,530,28,13
jpn_Jpan,530,29,13
jpn_Jpan,530,30,34
jpn_Jpan,530,31,11
jpn_Jpan,530,32,58
jpn_Jpan,530,33,12
jpn_Jpan,530,34,40
jpn_Jpan,531,0,60
jpn_Jpan,531,1,9
jpn_Jpan,531,2,39
jpn_Jpan,531,3,39
jpn_Jpan,531,4,7
jpn_Jpan,531,5,13
jpn_Jpan,531,6,12
jpn_Jpan,531,7,13
jpn_Jpan,531,8,19
jpn_Jpan,531,9,13
jpn_Jpan,531,10,37
jpn_Jpan,531,11,52
jpn_Jpan,531,12,52
jpn_Jpan,531,13,13
jpn_Jpan,531,14,13
jpn_Jpan,531,15,13
jpn_Jpan,531,16,13
jpn_Jpan,531,17,13
jpn_Jpan,531,18,13
jpn_Jpan,531,19,13
jpn_Jpan,531,20,61
jpn_Jpan,531,21,13
jpn_Jpan,531,22,61
jpn_Jpan,531,23,13
jpn_Jpan,531,24,39
jpn_Jpan,531,25,24
jpn_Jpan,531,26,24
jpn_Jpan,531,27,13
jpn_Jpan,531,28,13
jpn_Jpan,531,29,13
jpn_Jpan,531,30,19
jpn_Jpan,531,31,13
jpn_Jpan,531,32,13
jpn_Jpan,531,33,47
jpn_Jpan,531,34,1
jpn_Jpan,531,35,19
jpn_Jpan,531,36,13
eng_Latn,532,0,60
eng_Latn,532,1,57
eng_Latn,532,2,46
eng_Latn,532,3,15
eng_Latn,532,4,63
eng_Latn,532,5,62
eng_Latn,532,6,52
eng_Latn,532,7,8
eng_Latn,532,8,46
eng_Latn,532,9,48
eng_Latn,533,0,60
eng_Latn,533,1,37
eng_Latn,533,2,37
eng_Latn,533,3,52
eng_Latn,533,4,37
jpn_Jpan,534,0,60
jpn_Jpan,534,1,7
jpn_Jpan,534,2,7
jpn_Jpan,534,3,24
jpn_Jpan,534,4,1
jpn_Jpan,534,5,19
jpn_Jpan,534,6,13
jpn_Jpan,534,7,61
jpn_Jpan,534,8,19
jpn_Jpan,534,9,34
jpn_Jpan,534,10,13
jpn_Jpan,534,11,34
jpn_Jpan,534,12,34
eng_Latn,535,0,60
eng_Latn,535,1,35
eng_Latn,535,2,56
eng_Latn,535,3,56
eng_Latn,535,4,51
eng_Latn,535,5,56
eng_Latn,535,6,51
jpn_Jpan,536,0,60
jpn_Jpan,536,1,36
jpn_Jpan,536,2,19
jpn_Jpan,536,3,13
jpn_Jpan,536,4,47
jpn_Jpan,536,5,24
jpn_Jpan,536,6,13
jpn_Jpan,536,7,36
jpn_Jpan,536,8,24
jpn_Jpan,536,9,52
jpn_Jpan,536,10,19
jpn_Jpan,536,11,13
jpn_Jpan,536,12,24
jpn_Jpan,536,13,13
jpn_Jpan,536,14,13
jpn_Jpan,536,15,19
jpn_Jpan,536,16,13
jpn_Jpan,536,17,47
jpn_Jpan,536,18,36
jpn_Jpan,536,19,24
jpn_Jpan,536,20,52
jpn_Jpan,536,21,19
jpn_Jpan,536,22,13
jpn_Jpan,536,23,24
jpn_Jpan,536,24,61
jpn_Jpan,536,25,13
jpn_Jpan,536,26,19
jpn_Jpan,536,27,34
jpn_Jpan,536,28,13
jpn_Jpan,536,29,24
jpn_Jpan,536,30,24
jpn_Jpan,536,31,24
jpn_Jpan,536,32,24
jpn_Jpan,536,33,19
jpn_Jpan,536,34,13
jpn_Jpan,536,35,19
jpn_Jpan,536,36,24
jpn_Jpan,536,37,24
jpn_Jpan,536,38,13
jpn_Jpan,536,39,39
jpn_Jpan,536,40,47
jpn_Jpan,536,41,34
jpn_Jpan,536,42,13
jpn_Jpan,536,43,34
jpn_Jpan,537,0,60
jpn_Jpan,537,1,13
jpn_Jpan,537,2,47
jpn_Jpan,537,3,47
jpn_Jpan,537,4,47
jpn_Jpan,537,5,47
jpn_Jpan,537,6,39
jpn_Jpan,537,7,47
jpn_Jpan,537,8,19
jpn_Jpan,537,9,13
jpn_Jpan,537,10,39
jpn_Jpan,537,11,13
jpn_Jpan,537,12,24
jpn_Jpan,537,13,47
jpn_Jpan,537,14,13
jpn_Jpan,537,15,47
jpn_Jpan,537,16,13
jpn_Jpan,537,17,13
jpn_Jpan,537,18,13
jpn_Jpan,537,19,13
jpn_Jpan,537,20,24
jpn_Jpan,537,21,61
jpn_Jpan,537,22,13
jpn_Jpan,537,23,61
jpn_Jpan,537,24,13
jpn_Jpan,537,25,61
jpn_Jpan,537,26,13
jpn_Jpan,537,27,19
jpn_Jpan,537,28,13
jpn_Jpan,537,29,24
jpn_Jpan,537,30,13
jpn_Jpan,537,31,13
jpn_Jpan,537,32,13
jpn_Jpan,537,33,24
jpn_Jpan,537,34,19
jpn_Jpan,537,35,13
jpn_Jpan,537,36,19
jpn_Jpan,537,37,13
jpn_Jpan,537,38,13
eng_Latn,538,0,60
eng_Latn,538,1,9
eng_Latn,538,2,56
eng_Latn,538,3,41
eng_Latn,538,4,24
eng_Latn,538,5,52
eng_Latn,538,6,52
eng_Latn,538,7,52
eng_Latn,538,8,57
eng_Latn,538,9,41
eng_Latn,538,10,2
eng_Latn,538,11,18
eng_Latn,538,12,48
eng_Latn,538,13,18
eng_Latn,538,14,16
eng_Latn,539,0,60
eng_Latn,539,1,53
eng_Latn,539,2,49
eng_Latn,540,0,60
eng_Latn,540,1,22
eng_Latn,540,2,34
eng_Latn,540,3,42
eng_Latn,540,4,18
eng_Latn,540,5,41
eng_Latn,540,6,41
eng_Latn,540,7,35
eng_Latn,540,8,19
eng_Latn,540,9,46
eng_Latn,540,10,34
jpn_Jpan,541,0,60
jpn_Jpan,541,1,13
jpn_Jpan,541,2,13
jpn_Jpan,541,3,13
jpn_Jpan,541,4,52
jpn_Jpan,541,5,13
jpn_Jpan,541,6,12
jpn_Jpan,541,7,52
jpn_Jpan,541,8,47
jpn_Jpan,541,9,36
jpn_Jpan,541,10,24
jpn_Jpan,541,11,47
jpn_Jpan,541,12,13
jpn_Jpan,541,13,34
jpn_Jpan,541,14,13
jpn_Jpan,541,15,13
jpn_Jpan,541,16,36
jpn_Jpan,541,17,13
jpn_Jpan,541,18,13
eng_Latn,542,0,60
eng_Latn,542,1,18
eng_Latn,542,2,18
eng_Latn,542,3,29
eng_Latn,542,4,51
eng_Latn,542,5,52
eng_Latn,542,6,49
eng_Latn,543,0,60
eng_Latn,543,1,49
eng_Latn,543,2,12
eng_Latn,543,3,39
jpn_Jpan,544,0,60
jpn_Jpan,544,1,13
jpn_Jpan,544,2,13
jpn_Jpan,544,3,39
jpn_Jpan,544,4,47
jpn_Jpan,544,5,13
jpn_Jpan,544,6,24
jpn_Jpan,544,7,47
jpn_Jpan,544,8,19
jpn_Jpan,544,9,19
jpn_Jpan,544,10,39
jpn_Jpan,544,11,47
jpn_Jpan,544,12,47
jpn_Jpan,544,13,13
jpn_Jpan,544,14,61
jpn_Jpan,544,15,19
jpn_Jpan,544,16,19
jpn_Jpan,544,17,39
jpn_Jpan,544,18,13
jpn_Jpan,544,19,19
jpn_Jpan,544,20,13
jpn_Jpan,544,21,42
jpn_Jpan,544,22,24
jpn_Jpan,544,23,13
jpn_Jpan,544,24,13
jpn_Jpan,544,25,13
jpn_Jpan,544,26,24
jpn_Jpan,544,27,13
jpn_Jpan,544,28,13
jpn_Jpan,544,29,34
jpn_Jpan,544,30,13
jpn_Jpan,544,31,51
jpn_Jpan,544,32,9
jpn_Jpan,544,33,13
jpn_Jpan,544,34,24
jpn_Jpan,544,35,9
jpn_Jpan,544,36,19
jpn_Jpan,544,37,13
jpn_Jpan,544,38,13
jpn_Jpan,544,39,13
jpn_Jpan,544,40,13
jpn_Jpan,544,41,13
jpn_Jpan,544,42,12
jpn_Jpan,544,43,13
jpn_Jpan,544,44,13
jpn_Jpan,544,45,61
jpn_Jpan,544,46,61
jpn_Jpan,544,47,13
jpn_Jpan,545,0,60
jpn_Jpan,545,1,13
jpn_Jpan,545,2,36
jpn_Jpan,545,3,24
jpn_Jpan,545,4,13
jpn_Jpan,545,5,24
jpn_Jpan,545,6,24
jpn_Jpan,545,7,19
jpn_Jpan,545,8,13
jpn_Jpan,545,9,19
jpn_Jpan,545,10,13
jpn_Jpan,545,11,13
jpn_Jpan,545,12,24
jpn_Jpan,545,13,19
jpn_Jpan,545,14,13
jpn_Jpan,545,15,19
jpn_Jpan,545,16,13
jpn_Jpan,545,17,13
jpn_Jpan,545,18,24
jpn_Jpan,545,19,24
jpn_Jpan,545,20,13
jpn_Jpan,545,21,13
jpn_Jpan,545,22,24
jpn_Jpan,545,23,24
jpn_Jpan,545,24,19
jpn_Jpan,545,25,13
jpn_Jpan,545,26,13
jpn_Jpan,545,27,13
jpn_Jpan,545,28,13
jpn_Jpan,545,29,7
jpn_Jpan,545,30,13
jpn_Jpan,545,31,13
jpn_Jpan,545,32,13
jpn_Jpan,545,33,24
jpn_Jpan,545,34,13
jpn_Jpan,545,35,24
jpn_Jpan,545,36,24
jpn_Jpan,545,37,13
jpn_Jpan,545,38,34
jpn_Jpan,545,39,13
jpn_Jpan,545,40,51
jpn_Jpan,545,41,39
jpn_Jpan,545,42,13
jpn_Jpan,545,43,34
eng_Latn,546,0,60
eng_Latn,546,1,35
eng_Latn,546,2,54
eng_Latn,546,3,0
eng_Latn,546,4,9
eng_Latn,546,5,56
eng_Latn,546,6,38
eng_Latn,546,7,57
jpn_Jpan,547,0,60
jpn_Jpan,547,1,13
jpn_Jpan,547,2,19
jpn_Jpan,547,3,13
jpn_Jpan,547,4,19
jpn_Jpan,547,5,13
jpn_Jpan,547,6,24
jpn_Jpan,547,7,13
jpn_Jpan,547,8,24
jpn_Jpan,547,9,47
jpn_Jpan,547,10,13
jpn_Jpan,547,11,13
jpn_Jpan,547,12,13
jpn_Jpan,547,13,24
jpn_Jpan,547,14,47
jpn_Jpan,547,15,13
jpn_Jpan,547,16,47
jpn_Jpan,547,17,19
jpn_Jpan,547,18,34
jpn_Jpan,547,19,13
jpn_Jpan,547,20,13
jpn_Jpan,547,21,13
jpn_Jpan,547,22,24
jpn_Jpan,547,23,13
jpn_Jpan,547,24,13
jpn_Jpan,547,25,34
jpn_Jpan,547,26,34
jpn_Jpan,547,27,9
jpn_Jpan,548,0,60
jpn_Jpan,548,1,36
jpn_Jpan,548,2,24
jpn_Jpan,548,3,13
jpn_Jpan,548,4,13
jpn_Jpan,548,5,47
jpn_Jpan,548,6,47
jpn_Jpan,548,7,13
jpn_Jpan,548,8,13
jpn_Jpan,548,9,13
jpn_Jpan,548,10,61
jpn_Jpan,548,11,13
jpn_Jpan,548,12,34
jpn_Jpan,548,13,24
jpn_Jpan,548,14,24
jpn_Jpan,548,15,47
jpn_Jpan,548,16,13
jpn_Jpan,548,17,19
jpn_Jpan,548,18,34
jpn_Jpan,548,19,13
jpn_Jpan,548,20,47
jpn_Jpan,548,21,34
jpn_Jpan,548,22,34
jpn_Jpan,548,23,13
jpn_Jpan,548,24,24
jpn_Jpan,548,25,19
jpn_Jpan,548,26,13
jpn_Jpan,548,27,13
jpn_Jpan,548,28,24
jpn_Jpan,548,29,52
jpn_Jpan,548,30,52
jpn_Jpan,548,31,52
jpn_Jpan,548,32,19
jpn_Jpan,548,33,34
jpn_Jpan,548,34,24
jpn_Jpan,548,35,19
jpn_Jpan,548,36,13
jpn_Jpan,548,37,19
jpn_Jpan,548,38,36
jpn_Jpan,548,39,13
eng_Latn,549,0,60
eng_Latn,549,1,14
eng_Latn,549,2,48
eng_Latn,549,3,37
eng_Latn,550,0,60
eng_Latn,550,1,38
eng_Latn,550,2,33
eng_Latn,550,3,33
eng_Latn,550,4,33
eng_Latn,550,5,33
eng_Latn,550,6,24
eng_Latn,550,7,33
eng_Latn,551,0,60
eng_Latn,551,1,12
eng_Latn,551,2,42
eng_Latn,551,3,22
eng_Latn,551,4,27
eng_Latn,551,5,49
eng_Latn,551,6,9
eng_Latn,551,7,40
eng_Latn,552,0,60
eng_Latn,552,1,15
eng_Latn,552,2,14
eng_Latn,552,3,52
eng_Latn,552,4,31
eng_Latn,552,5,24
eng_Latn,552,6,52
eng_Latn,553,0,60
eng_Latn,553,1,57
eng_Latn,553,2,20
eng_Latn,553,3,35
eng_Latn,553,4,57
eng_Latn,553,5,50
eng_Latn,553,6,21
eng_Latn,553,7,16
jpn_Jpan,554,0,60
jpn_Jpan,554,1,13
jpn_Jpan,554,2,13
jpn_Jpan,554,3,36
jpn_Jpan,554,4,24
jpn_Jpan,554,5,47
jpn_Jpan,554,6,13
jpn_Jpan,554,7,39
jpn_Jpan,554,8,39
jpn_Jpan,554,9,39
jpn_Jpan,554,10,13
jpn_Jpan,554,11,24
jpn_Jpan,554,12,19
jpn_Jpan,554,13,36
jpn_Jpan,554,14,19
jpn_Jpan,554,15,13
jpn_Jpan,554,16,19
jpn_Jpan,554,17,13
jpn_Jpan,554,18,24
jpn_Jpan,554,19,52
jpn_Jpan,554,20,24
jpn_Jpan,554,21,13
jpn_Jpan,554,22,24
jpn_Jpan,554,23,13
jpn_Jpan,554,24,13
jpn_Jpan,554,25,47
jpn_Jpan,554,26,19
jpn_Jpan,554,27,13
jpn_Jpan,554,28,13
jpn_Jpan,554,29,13
jpn_Jpan,554,30,34
eng_Latn,555,0,60
eng_Latn,555,1,22
eng_Latn,555,2,52
eng_Latn,555,3,46
eng_Latn,555,4,3
eng_Latn,555,5,57
eng_Latn,555,6,49
eng_Latn,556,0,60
eng_Latn,556,1,12
eng_Latn,556,2,26
eng_Latn,556,3,19
eng_Latn,556,4,49
eng_Latn,556,5,1
eng_Latn,556,6,52
eng_Latn,556,7,62
jpn_Jpan,557,0,60
jpn_Jpan,557,1,19
jpn_Jpan,557,2,13
jpn_Jpan,557,3,13
jpn_Jpan,557,4,13
jpn_Jpan,557,5,13
jpn_Jpan,557,6,36
jpn_Jpan,557,7,13
jpn_Jpan,557,8,13
jpn_Jpan,557,9,39
jpn_Jpan,557,10,36
jpn_Jpan,557,11,24
jpn_Jpan,557,12,39
jpn_Jpan,557,13,13
jpn_Jpan,557,14,13
jpn_Jpan,557,15,24
jpn_Jpan,557,16,24
jpn_Jpan,557,17,13
jpn_Jpan,557,18,13
jpn_Jpan,557,19,39
jpn_Jpan,557,20,13
jpn_Jpan,557,21,13
jpn_Jpan,557,22,13
jpn_Jpan,557,23,47
jpn_Jpan,557,24,47
jpn_Jpan,557,25,13
jpn_Jpan,557,26,13
jpn_Jpan,557,27,13
jpn_Jpan,557,28,13
jpn_Jpan,557,29,13
eng_Latn,558,0,60
eng_Latn,558,1,57
eng_Latn,558,2,56
eng_Latn,558,3,63
eng_Latn,558,4,19
jpn_Jpan,559,0,60
jpn_Jpan,559,1,19
jpn_Jpan,559,2,19
jpn_Jpan,559,3,39
jpn_Jpan,559,4,13
jpn_Jpan,559,5,36
jpn_Jpan,559,6,52
jpn_Jpan,559,7,1
jpn_Jpan,559,8,24
jpn_Jpan,559,9,13
jpn_Jpan,559,10,19
jpn_Jpan,559,11,34
jpn_Jpan,559,12,52
jpn_Jpan,559,13,19
jpn_Jpan,559,14,13
jpn_Jpan,559,15,13
jpn_Jpan,559,16,13
jpn_Jpan,559,17,19
jpn_Jpan,559,18,13
jpn_Jpan,559,19,13
jpn_Jpan,559,20,34
eng_Latn,560,0,60
eng_Latn,560,1,22
eng_Latn,560,2,34
eng_Latn,560,3,22
eng_Latn,560,4,38
eng_Latn,560,5,34
eng_Latn,561,0,60
eng_Latn,561,1,35
eng_Latn,561,2,56
eng_Latn,561,3,56
eng_Latn,562,0,60
eng_Latn,562,1,45
eng_Latn,562,2,52
jpn_Jpan,563,0,60
jpn_Jpan,563,1,13
jpn_Jpan,563,2,19
jpn_Jpan,563,3,13
jpn_Jpan,563,4,24
jpn_Jpan,563,5,13
jpn_Jpan,563,6,47
jpn_Jpan,563,7,19
jpn_Jpan,563,8,34
jpn_Jpan,563,9,9
jpn_Jpan,563,10,13
jpn_Jpan,563,11,13
jpn_Jpan,563,12,24
jpn_Jpan,563,13,19
jpn_Jpan,563,14,52
jpn_Jpan,563,15,52
jpn_Jpan,563,16,24
jpn_Jpan,563,17,61
jpn_Jpan,563,18,19
jpn_Jpan,563,19,13
jpn_Jpan,563,20,19
jpn_Jpan,563,21,13
jpn_Jpan,563,22,24
jpn_Jpan,563,23,13
jpn_Jpan,563,24,19
jpn_Jpan,563,25,13
jpn_Jpan,563,26,61
jpn_Jpan,563,27,19
jpn_Jpan,563,28,19
jpn_Jpan,563,29,13
jpn_Jpan,563,30,24
jpn_Jpan,563,31,13
jpn_Jpan,563,32,13
jpn_Jpan,563,33,24
jpn_Jpan,563,34,47
jpn_Jpan,563,35,19
jpn_Jpan,563,36,13
jpn_Jpan,563,37,13
jpn_Jpan,563,38,13
jpn_Jpan,563,39,13
jpn_Jpan,563,40,24
jpn_Jpan,563,41,52
jpn_Jpan,563,42,52
jpn_Jpan,563,43,52
jpn_Jpan,563,44,19
jpn_Jpan,563,45,13
jpn_Jpan,563,46,24
jpn_Jpan,563,47,19
jpn_Jpan,563,48,13
jpn_Jpan,563,49,13
eng_Latn,564,0,60
eng_Latn,564,1,20
eng_Latn,564,2,41
eng_Latn,564,3,57
eng_Latn,564,4,45
eng_Latn,564,5,18
eng_Latn,564,6,23
eng_Latn,564,7,43
eng_Latn,564,8,20
eng_Latn,564,9,33
eng_Latn,564,10,24
eng_Latn,564,11,33
eng_Latn,564,12,33
jpn_Jpan,565,0,60
jpn_Jpan,565,1,13
jpn_Jpan,565,2,39
jpn_Jpan,565,3,13
jpn_Jpan,565,4,24
jpn_Jpan,565,5,1
jpn_Jpan,565,6,13
jpn_Jpan,565,7,39
jpn_Jpan,565,8,47
jpn_Jpan,565,9,19
jpn_Jpan,565,10,19
jpn_Jpan,565,11,13
jpn_Jpan,565,12,24
jpn_Jpan,565,13,61
jpn_Jpan,565,14,19
jpn_Jpan,565,15,19
jpn_Jpan,565,16,13
jpn_Jpan,565,17,13
jpn_Jpan,565,18,24
jpn_Jpan,565,19,24
jpn_Jpan,565,20,47
jpn_Jpan,565,21,47
jpn_Jpan,565,22,13
jpn_Jpan,565,23,13
jpn_Jpan,565,24,47
jpn_Jpan,565,25,19
jpn_Jpan,565,26,13
jpn_Jpan,565,27,13
jpn_Jpan,565,28,19
jpn_Jpan,565,29,13
jpn_Jpan,565,30,13
jpn_Jpan,565,31,19
jpn_Jpan,565,32,13
jpn_Jpan,565,33,13
jpn_Jpan,565,34,24
jpn_Jpan,565,35,47
jpn_Jpan,565,36,13
jpn_Jpan,565,37,13
jpn_Jpan,565,38,34
jpn_Jpan,565,39,13
jpn_Jpan,565,40,13
jpn_Jpan,565,41,34
jpn_Jpan,565,42,34
jpn_Jpan,566,0,60
jpn_Jpan,566,1,13
jpn_Jpan,566,2,1
jpn_Jpan,566,3,52
jpn_Jpan,566,4,37
jpn_Jpan,566,5,58
jpn_Jpan,566,6,12
jpn_Jpan,566,7,13
jpn_Jpan,566,8,19
jpn_Jpan,566,9,13
jpn_Jpan,566,10,24
jpn_Jpan,566,11,24
jpn_Jpan,566,12,13
jpn_Jpan,566,13,24
jpn_Jpan,566,14,19
jpn_Jpan,566,15,13
jpn_Jpan,566,16,26
jpn_Jpan,566,17,47
jpn_Jpan,566,18,13
jpn_Jpan,566,19,24
jpn_Jpan,566,20,19
jpn_Jpan,566,21,13
jpn_Jpan,566,22,26
jpn_Jpan,566,23,47
jpn_Jpan,566,24,36
jpn_Jpan,566,25,13
jpn_Jpan,566,26,34
jpn_Jpan,566,27,12
jpn_Jpan,566,28,52
jpn_Jpan,566,29,52
jpn_Jpan,566,30,24
jpn_Jpan,566,31,52
jpn_Jpan,566,32,13
jpn_Jpan,566,33,12
jpn_Jpan,566,34,12
jpn_Jpan,566,35,13
jpn_Jpan,566,36,13
jpn_Jpan,566,37,13
jpn_Jpan,566,38,13
jpn_Jpan,566,39,13
jpn_Jpan,566,40,13
jpn_Jpan,566,41,39
jpn_Jpan,566,42,13
jpn_Jpan,566,43,13
jpn_Jpan,566,44,13
jpn_Jpan,566,45,61
jpn_Jpan,566,46,13
jpn_Jpan,566,47,13
jpn_Jpan,566,48,13
jpn_Jpan,566,49,24
jpn_Jpan,566,50,13
jpn_Jpan,566,51,13
jpn_Jpan,567,0,60
jpn_Jpan,567,1,47
jpn_Jpan,567,2,7
jpn_Jpan,568,0,60
jpn_Jpan,568,1,36
jpn_Jpan,568,2,24
jpn_Jpan,568,3,13
jpn_Jpan,568,4,36
jpn_Jpan,568,5,52
jpn_Jpan,568,6,47
jpn_Jpan,568,7,13
jpn_Jpan,568,8,24
jpn_Jpan,568,9,47
jpn_Jpan,568,10,13
jpn_Jpan,568,11,61
jpn_Jpan,568,12,13
jpn_Jpan,568,13,13
jpn_Jpan,568,14,24
jpn_Jpan,568,15,13
jpn_Jpan,568,16,24
jpn_Jpan,568,17,24
jpn_Jpan,568,18,13
jpn_Jpan,568,19,13
jpn_Jpan,568,20,24
jpn_Jpan,568,21,13
jpn_Jpan,568,22,13
jpn_Jpan,568,23,24
jpn_Jpan,568,24,19
jpn_Jpan,568,25,13
jpn_Jpan,568,26,13
jpn_Jpan,568,27,24
jpn_Jpan,568,28,19
jpn_Jpan,568,29,13
jpn_Jpan,568,30,19
jpn_Jpan,568,31,13
jpn_Jpan,568,32,24
jpn_Jpan,568,33,13
jpn_Jpan,568,34,13
jpn_Jpan,568,35,13
jpn_Jpan,568,36,34
jpn_Jpan,568,37,34
eng_Latn,569,0,60
eng_Latn,569,1,4
eng_Latn,569,2,56
eng_Latn,569,3,21
eng_Latn,569,4,16
eng_Latn,569,5,20
eng_Latn,569,6,8
jpn_Jpan,570,0,60
jpn_Jpan,570,1,61
jpn_Jpan,570,2,13
jpn_Jpan,570,3,13
jpn_Jpan,570,4,34
jpn_Jpan,570,5,34
jpn_Jpan,570,6,24
jpn_Jpan,570,7,24
jpn_Jpan,570,8,19
jpn_Jpan,570,9,13
jpn_Jpan,570,10,19
jpn_Jpan,570,11,13
jpn_Jpan,570,12,34
jpn_Jpan,570,13,13
jpn_Jpan,570,14,24
jpn_Jpan,570,15,61
jpn_Jpan,570,16,13
jpn_Jpan,570,17,34
jpn_Jpan,570,18,13
jpn_Jpan,570,19,19
jpn_Jpan,570,20,34
jpn_Jpan,570,21,24
jpn_Jpan,570,22,61
jpn_Jpan,570,23,13
jpn_Jpan,570,24,19
jpn_Jpan,570,25,13
jpn_Jpan,571,0,60
jpn_Jpan,571,1,24
jpn_Jpan,571,2,39
jpn_Jpan,571,3,26
jpn_Jpan,571,4,24
jpn_Jpan,571,5,58
jpn_Jpan,571,6,24
jpn_Jpan,571,7,52
jpn_Jpan,571,8,13
jpn_Jpan,571,9,13
jpn_Jpan,571,10,13
jpn_Jpan,571,11,13
eng_Latn,572,0,60
eng_Latn,572,1,29
eng_Latn,572,2,38
eng_Latn,572,3,34
eng_Latn,572,4,18
eng_Latn,572,5,20
eng_Latn,572,6,16
eng_Latn,572,7,20
eng_Latn,572,8,34
eng_Latn,573,0,60
eng_Latn,573,1,51
eng_Latn,573,2,26
eng_Latn,573,3,61
eng_Latn,573,4,49
jpn_Jpan,574,0,60
jpn_Jpan,574,1,19
jpn_Jpan,574,2,13
jpn_Jpan,574,3,13
jpn_Jpan,574,4,19
jpn_Jpan,574,5,13
jpn_Jpan,574,6,24
jpn_Jpan,574,7,19
jpn_Jpan,574,8,13
jpn_Jpan,574,9,47
jpn_Jpan,574,10,19
jpn_Jpan,574,11,13
jpn_Jpan,574,12,24
jpn_Jpan,574,13,24
jpn_Jpan,574,14,19
jpn_Jpan,574,15,13
jpn_Jpan,574,16,47
jpn_Jpan,574,17,13
jpn_Jpan,574,18,24
jpn_Jpan,574,19,47
jpn_Jpan,574,20,19
jpn_Jpan,574,21,13
jpn_Jpan,574,22,61
jpn_Jpan,574,23,13
jpn_Jpan,574,24,13
jpn_Jpan,574,25,24
jpn_Jpan,574,26,13
jpn_Jpan,574,27,19
jpn_Jpan,574,28,13
jpn_Jpan,574,29,24
jpn_Jpan,574,30,13
jpn_Jpan,574,31,19
jpn_Jpan,574,32,13
jpn_Jpan,574,33,24
jpn_Jpan,574,34,13
jpn_Jpan,574,35,19
jpn_Jpan,574,36,34
jpn_Jpan,574,37,13
jpn_Jpan,574,38,34
eng_Latn,575,0,60
eng_Latn,575,1,22
eng_Latn,575,2,24
eng_Latn,575,3,37
eng_Latn,575,4,24
eng_Latn,575,5,3
eng_Latn,576,0,60
eng_Latn,576,1,18
eng_Latn,576,2,18
eng_Latn,576,3,39
eng_Latn,576,4,19
eng_Latn,576,5,63
eng_Latn,576,6,5
eng_Latn,576,7,26
eng_Latn,576,8,26
eng_Latn,576,9,27
eng_Latn,576,10,26
eng_Latn,576,11,27
eng_Latn,576,12,26
eng_Latn,576,13,5
eng_Latn,576,14,14
eng_Latn,576,15,26
jpn_Jpan,577,0,60
jpn_Jpan,577,1,24
jpn_Jpan,577,2,24
jpn_Jpan,577,3,19
jpn_Jpan,577,4,13
jpn_Jpan,577,5,13
jpn_Jpan,577,6,13
jpn_Jpan,577,7,13
jpn_Jpan,577,8,13
jpn_Jpan,577,9,24
jpn_Jpan,577,10,13
jpn_Jpan,577,11,13
jpn_Jpan,577,12,13
jpn_Jpan,577,13,24
jpn_Jpan,577,14,19
jpn_Jpan,577,15,13
jpn_Jpan,577,16,13
jpn_Jpan,577,17,13
jpn_Jpan,577,18,13
jpn_Jpan,577,19,13
jpn_Jpan,577,20,34
jpn_Jpan,577,21,13
jpn_Jpan,577,22,13
jpn_Jpan,577,23,13
jpn_Jpan,577,24,13
jpn_Jpan,577,25,34
jpn_Jpan,577,26,47
jpn_Jpan,577,27,19
jpn_Jpan,577,28,47
jpn_Jpan,577,29,47
jpn_Jpan,577,30,13
jpn_Jpan,577,31,47
jpn_Jpan,577,32,47
jpn_Jpan,577,33,34
jpn_Jpan,578,0,60
jpn_Jpan,578,1,13
jpn_Jpan,578,2,13
jpn_Jpan,578,3,13
jpn_Jpan,578,4,13
jpn_Jpan,578,5,13
jpn_Jpan,578,6,36
jpn_Jpan,578,7,36
jpn_Jpan,578,8,36
jpn_Jpan,578,9,61
jpn_Jpan,578,10,19
jpn_Jpan,578,11,13
jpn_Jpan,578,12,54
jpn_Jpan,578,13,36
jpn_Jpan,578,14,36
jpn_Jpan,578,15,24
jpn_Jpan,578,16,24
jpn_Jpan,578,17,19
jpn_Jpan,578,18,13
jpn_Jpan,578,19,24
jpn_Jpan,578,20,19
jpn_Jpan,578,21,13
jpn_Jpan,578,22,24
jpn_Jpan,578,23,19
jpn_Jpan,578,24,47
jpn_Jpan,578,25,13
jpn_Jpan,578,26,13
jpn_Jpan,578,27,19
jpn_Jpan,578,28,13
jpn_Jpan,578,29,13
jpn_Jpan,578,30,24
jpn_Jpan,578,31,19
jpn_Jpan,578,32,13
jpn_Jpan,578,33,13
jpn_Jpan,578,34,13
jpn_Jpan,578,35,61
jpn_Jpan,578,36,19
jpn_Jpan,578,37,13
jpn_Jpan,578,38,13
jpn_Jpan,578,39,52
jpn_Jpan,578,40,19
jpn_Jpan,578,41,13
jpn_Jpan,578,42,19
jpn_Jpan,578,43,13
jpn_Jpan,578,44,13
jpn_Jpan,578,45,34
jpn_Jpan,578,46,13
jpn_Jpan,578,47,13
jpn_Jpan,578,48,39
jpn_Jpan,578,49,13
jpn_Jpan,578,50,13
jpn_Jpan,578,51,13
jpn_Jpan,578,52,47
jpn_Jpan,578,53,13
jpn_Jpan,578,54,34
jpn_Jpan,579,0,60
jpn_Jpan,579,1,24
jpn_Jpan,579,2,19
jpn_Jpan,579,3,13
jpn_Jpan,579,4,13
jpn_Jpan,579,5,13
jpn_Jpan,579,6,24
jpn_Jpan,579,7,13
jpn_Jpan,579,8,13
jpn_Jpan,579,9,13
jpn_Jpan,579,10,13
jpn_Jpan,579,11,51
jpn_Jpan,579,12,51
jpn_Jpan,580,0,60
jpn_Jpan,580,1,13
jpn_Jpan,580,2,13
jpn_Jpan,580,3,13
jpn_Jpan,580,4,39
jpn_Jpan,580,5,13
jpn_Jpan,580,6,13
jpn_Jpan,580,7,24
jpn_Jpan,580,8,61
jpn_Jpan,580,9,13
jpn_Jpan,580,10,13
jpn_Jpan,580,11,36
jpn_Jpan,580,12,24
jpn_Jpan,580,13,61
jpn_Jpan,580,14,13
jpn_Jpan,580,15,13
jpn_Jpan,580,16,36
jpn_Jpan,580,17,24
jpn_Jpan,580,18,13
jpn_Jpan,580,19,34
jpn_Jpan,580,20,34
jpn_Jpan,581,0,60
jpn_Jpan,581,1,58
jpn_Jpan,581,2,13
jpn_Jpan,581,3,19
jpn_Jpan,581,4,13
jpn_Jpan,581,5,13
jpn_Jpan,581,6,13
jpn_Jpan,581,7,24
jpn_Jpan,581,8,47
jpn_Jpan,581,9,19
jpn_Jpan,581,10,19
jpn_Jpan,581,11,13
jpn_Jpan,582,0,60
jpn_Jpan,582,1,12
jpn_Jpan,582,2,58
jpn_Jpan,582,3,12
jpn_Jpan,582,4,61
jpn_Jpan,583,0,60
jpn_Jpan,583,1,13
jpn_Jpan,583,2,47
jpn_Jpan,583,3,47
jpn_Jpan,583,4,13
jpn_Jpan,583,5,39
jpn_Jpan,583,6,13
jpn_Jpan,583,7,24
jpn_Jpan,583,8,52
jpn_Jpan,583,9,1
jpn_Jpan,583,10,52
jpn_Jpan,583,11,7
jpn_Jpan,583,12,24
jpn_Jpan,583,13,24
jpn_Jpan,583,14,19
jpn_Jpan,583,15,13
jpn_Jpan,583,16,19
jpn_Jpan,583,17,24
jpn_Jpan,583,18,61
jpn_Jpan,583,19,47
jpn_Jpan,583,20,61
jpn_Jpan,583,21,19
jpn_Jpan,583,22,13
jpn_Jpan,583,23,13
jpn_Jpan,583,24,24
jpn_Jpan,583,25,24
jpn_Jpan,583,26,1
jpn_Jpan,583,27,13
jpn_Jpan,583,28,47
jpn_Jpan,583,29,13
jpn_Jpan,583,30,13
eng_Latn,584,0,60
eng_Latn,584,1,19
eng_Latn,584,2,53
eng_Latn,584,3,38
eng_Latn,584,4,46
eng_Latn,584,5,23
eng_Latn,585,0,60
eng_Latn,585,1,47
eng_Latn,585,2,1
eng_Latn,585,3,52
eng_Latn,585,4,52
eng_Latn,585,5,49
eng_Latn,585,6,49
jpn_Jpan,586,0,60
jpn_Jpan,586,1,13
jpn_Jpan,586,2,24
jpn_Jpan,586,3,29
jpn_Jpan,586,4,19
jpn_Jpan,586,5,13
jpn_Jpan,586,6,24
jpn_Jpan,586,7,13
jpn_Jpan,586,8,13
jpn_Jpan,586,9,24
jpn_Jpan,586,10,13
jpn_Jpan,586,11,13
jpn_Jpan,586,12,24
jpn_Jpan,586,13,13
jpn_Jpan,586,14,13
jpn_Jpan,586,15,24
jpn_Jpan,586,16,19
jpn_Jpan,586,17,13
jpn_Jpan,586,18,39
jpn_Jpan,586,19,19
jpn_Jpan,586,20,13
jpn_Jpan,586,21,13
jpn_Jpan,586,22,19
jpn_Jpan,586,23,13
jpn_Jpan,586,24,13
jpn_Jpan,586,25,51
jpn_Jpan,587,0,60
jpn_Jpan,587,1,19
jpn_Jpan,587,2,13
jpn_Jpan,587,3,13
jpn_Jpan,587,4,13
jpn_Jpan,587,5,13
jpn_Jpan,587,6,24
jpn_Jpan,587,7,19
jpn_Jpan,587,8,13
jpn_Jpan,587,9,52
jpn_Jpan,587,10,13
jpn_Jpan,587,11,24
jpn_Jpan,587,12,24
jpn_Jpan,587,13,13
jpn_Jpan,587,14,13
jpn_Jpan,587,15,19
jpn_Jpan,587,16,13
jpn_Jpan,587,17,24
jpn_Jpan,587,18,13
jpn_Jpan,587,19,13
jpn_Jpan,587,20,13
jpn_Jpan,587,21,24
jpn_Jpan,587,22,47
jpn_Jpan,587,23,13
jpn_Jpan,587,24,13
jpn_Jpan,587,25,13
jpn_Jpan,587,26,24
jpn_Jpan,587,27,24
jpn_Jpan,587,28,13
jpn_Jpan,587,29,13
jpn_Jpan,587,30,24
jpn_Jpan,587,31,19
jpn_Jpan,587,32,19
jpn_Jpan,587,33,13
jpn_Jpan,587,34,34
jpn_Jpan,587,35,24
jpn_Jpan,587,36,13
jpn_Jpan,587,37,13
jpn_Jpan,587,38,34
eng_Latn,588,0,60
eng_Latn,588,1,56
eng_Latn,588,2,37
eng_Latn,588,3,43
eng_Latn,588,4,56
eng_Latn,588,5,57
eng_Latn,588,6,35
eng_Latn,588,7,17
jpn_Jpan,589,0,60
jpn_Jpan,589,1,13
jpn_Jpan,589,2,24
jpn_Jpan,589,3,61
jpn_Jpan,589,4,61
jpn_Jpan,589,5,39
jpn_Jpan,589,6,13
jpn_Jpan,589,7,47
jpn_Jpan,589,8,19
jpn_Jpan,589,9,39
jpn_Jpan,589,10,13
jpn_Jpan,589,11,24
jpn_Jpan,589,12,13
jpn_Jpan,589,13,13
jpn_Jpan,589,14,24
jpn_Jpan,589,15,13
jpn_Jpan,589,16,19
jpn_Jpan,589,17,39
jpn_Jpan,589,18,13
jpn_Jpan,589,19,13
jpn_Jpan,589,20,39
jpn_Jpan,589,21,13
jpn_Jpan,589,22,13
jpn_Jpan,589,23,19
jpn_Jpan,589,24,13
jpn_Jpan,589,25,47
jpn_Jpan,589,26,13
jpn_Jpan,589,27,13
jpn_Jpan,589,28,13
jpn_Jpan,589,29,24
jpn_Jpan,589,30,13
jpn_Jpan,589,31,13
jpn_Jpan,589,32,13
jpn_Jpan,589,33,34
eng_Latn,590,0,60
eng_Latn,590,1,52
eng_Latn,590,2,57
eng_Latn,590,3,57
eng_Latn,590,4,12
eng_Latn,590,5,1
eng_Latn,590,6,19
eng_Latn,590,7,15
eng_Latn,590,8,56
eng_Latn,590,9,19
eng_Latn,590,10,52
eng_Latn,590,11,3
eng_Latn,590,12,3
eng_Latn,590,13,57
eng_Latn,590,14,46
eng_Latn,591,0,60
eng_Latn,591,1,9
eng_Latn,591,2,29
eng_Latn,591,3,54
eng_Latn,591,4,18
eng_Latn,591,5,48
eng_Latn,591,6,18
eng_Latn,591,7,34
eng_Latn,592,0,60
eng_Latn,592,1,26
eng_Latn,592,2,26
eng_Latn,592,3,39
eng_Latn,592,4,5
eng_Latn,592,5,18
eng_Latn,592,6,53
eng_Latn,592,7,14
eng_Latn,592,8,63
eng_Latn,593,0,60
eng_Latn,593,1,30
eng_Latn,593,2,24
eng_Latn,593,3,45
eng_Latn,593,4,1
eng_Latn,593,5,1
eng_Latn,593,6,52
eng_Latn,594,0,60
eng_Latn,594,1,9
eng_Latn,594,2,38
eng_Latn,594,3,15
eng_Latn,594,4,56
eng_Latn,594,5,63
eng_Latn,594,6,60
eng_Latn,594,7,40
eng_Latn,594,8,63
eng_Latn,595,0,60
eng_Latn,595,1,22
eng_Latn,595,2,9
eng_Latn,595,3,22
eng_Latn,595,4,63
eng_Latn,595,5,56
eng_Latn,595,6,57
eng_Latn,595,7,25
eng_Latn,595,8,8
eng_Latn,596,0,60
eng_Latn,596,1,62
eng_Latn,596,2,12
eng_Latn,596,3,35
eng_Latn,596,4,57
eng_Latn,596,5,8
eng_Latn,596,6,15
eng_Latn,596,7,63
eng_Latn,596,8,5
eng_Latn,596,9,49
jpn_Jpan,597,0,60
jpn_Jpan,597,1,40
jpn_Jpan,597,2,49
jpn_Jpan,597,3,24
jpn_Jpan,597,4,13
jpn_Jpan,597,5,19
jpn_Jpan,597,6,13
jpn_Jpan,597,7,24
jpn_Jpan,597,8,19
jpn_Jpan,597,9,13
jpn_Jpan,597,10,13
jpn_Jpan,597,11,34
jpn_Jpan,597,12,13
jpn_Jpan,597,13,24
jpn_Jpan,597,14,13
jpn_Jpan,597,15,13
jpn_Jpan,597,16,47
jpn_Jpan,597,17,39
jpn_Jpan,597,18,13
jpn_Jpan,597,19,39
jpn_Jpan,597,20,47
jpn_Jpan,597,21,13
jpn_Jpan,597,22,13
jpn_Jpan,597,23,39
jpn_Jpan,597,24,47
jpn_Jpan,597,25,47
jpn_Jpan,597,26,39
jpn_Jpan,597,27,13
jpn_Jpan,597,28,34
jpn_Jpan,598,0,60
jpn_Jpan,598,1,9
jpn_Jpan,598,2,13
jpn_Jpan,598,3,13
jpn_Jpan,598,4,11
jpn_Jpan,598,5,1
jpn_Jpan,598,6,13
jpn_Jpan,598,7,19
jpn_Jpan,598,8,13
jpn_Jpan,598,9,19
jpn_Jpan,598,10,13
jpn_Jpan,598,11,19
jpn_Jpan,598,12,13
jpn_Jpan,598,13,26
jpn_Jpan,598,14,19
jpn_Jpan,598,15,13
jpn_Jpan,598,16,9
jpn_Jpan,598,17,24
jpn_Jpan,598,18,13
jpn_Jpan,598,19,27
jpn_Jpan,598,20,13
jpn_Jpan,598,21,13
jpn_Jpan,598,22,24
jpn_Jpan,598,23,13
jpn_Jpan,598,24,19
jpn_Jpan,598,25,13
jpn_Jpan,598,26,19
jpn_Jpan,598,27,13
jpn_Jpan,598,28,13
jpn_Jpan,598,29,12
jpn_Jpan,598,30,11
jpn_Jpan,598,31,12
jpn_Jpan,598,32,1
jpn_Jpan,598,33,13
jpn_Jpan,598,34,19
jpn_Jpan,598,35,13
jpn_Jpan,598,36,19
jpn_Jpan,598,37,13
jpn_Jpan,598,38,19
jpn_Jpan,598,39,13
jpn_Jpan,598,40,47
jpn_Jpan,598,41,19
jpn_Jpan,598,42,13
jpn_Jpan,598,43,9
jpn_Jpan,598,44,12
jpn_Jpan,598,45,13
jpn_Jpan,598,46,24
jpn_Jpan,598,47,13
jpn_Jpan,598,48,24
jpn_Jpan,599,0,60
jpn_Jpan,599,1,13
jpn_Jpan,599,2,24
jpn_Jpan,599,3,19
jpn_Jpan,599,4,13
jpn_Jpan,599,5,19
jpn_Jpan,599,6,24
jpn_Jpan,599,7,13
jpn_Jpan,599,8,13
jpn_Jpan,599,9,47
jpn_Jpan,599,10,13
jpn_Jpan,599,11,13
jpn_Jpan,599,12,47
jpn_Jpan,599,13,19
jpn_Jpan,599,14,13
jpn_Jpan,599,15,47
jpn_Jpan,599,16,13
jpn_Jpan,599,17,24
jpn_Jpan,599,18,13
jpn_Jpan,599,19,13
jpn_Jpan,599,20,51
jpn_Jpan,599,21,51
jpn_Jpan,599,22,51
jpn_Jpan,600,0,60
jpn_Jpan,600,1,1
jpn_Jpan,600,2,24
jpn_Jpan,600,3,24
jpn_Jpan,600,4,1
jpn_Jpan,600,5,52
jpn_Jpan,600,6,19
jpn_Jpan,600,7,13
jpn_Jpan,600,8,19
jpn_Jpan,600,9,13
jpn_Jpan,600,10,13
jpn_Jpan,600,11,24
jpn_Jpan,600,12,24
jpn_Jpan,600,13,61
jpn_Jpan,600,14,13
jpn_Jpan,600,15,24
jpn_Jpan,600,16,24
jpn_Jpan,600,17,47
jpn_Jpan,600,18,13
jpn_Jpan,600,19,47
jpn_Jpan,600,20,19
jpn_Jpan,600,21,13
jpn_Jpan,600,22,24
jpn_Jpan,600,23,13
jpn_Jpan,600,24,13
jpn_Jpan,600,25,13
jpn_Jpan,600,26,13
jpn_Jpan,600,27,13
jpn_Jpan,600,28,61
jpn_Jpan,600,29,8
jpn_Jpan,600,30,24
jpn_Jpan,600,31,13
jpn_Jpan,600,32,47
jpn_Jpan,600,33,13
jpn_Jpan,600,34,13
jpn_Jpan,600,35,13
jpn_Jpan,600,36,13
jpn_Jpan,600,37,13
jpn_Jpan,600,38,13
jpn_Jpan,600,39,24
jpn_Jpan,600,40,13
jpn_Jpan,600,41,19
jpn_Jpan,600,42,34
eng_Latn,601,0,60
eng_Latn,601,1,17
eng_Latn,601,2,22
eng_Latn,601,3,57
eng_Latn,601,4,16
eng_Latn,601,5,34
jpn_Jpan,602,0,60
jpn_Jpan,602,1,19
jpn_Jpan,602,2,36
jpn_Jpan,602,3,24
jpn_Jpan,602,4,13
jpn_Jpan,602,5,36
jpn_Jpan,602,6,13
jpn_Jpan,602,7,36
jpn_Jpan,602,8,36
jpn_Jpan,602,9,13
jpn_Jpan,602,10,13
jpn_Jpan,602,11,13
jpn_Jpan,602,12,13
jpn_Jpan,602,13,19
jpn_Jpan,602,14,13
jpn_Jpan,602,15,13
jpn_Jpan,602,16,39
jpn_Jpan,602,17,13
jpn_Jpan,602,18,13
eng_Latn,603,0,60
eng_Latn,603,1,45
eng_Latn,603,2,18
eng_Latn,603,3,53
eng_Latn,603,4,16
eng_Latn,603,5,30
eng_Latn,603,6,46
eng_Latn,603,7,15
eng_Latn,604,0,60
eng_Latn,604,1,22
eng_Latn,604,2,60
eng_Latn,604,3,9
eng_Latn,604,4,26
eng_Latn,604,5,26
eng_Latn,604,6,49
eng_Latn,604,7,27
eng_Latn,604,8,27
eng_Latn,604,9,27
eng_Latn,604,10,7
jpn_Jpan,605,0,60
jpn_Jpan,605,1,19
jpn_Jpan,605,2,36
jpn_Jpan,605,3,13
jpn_Jpan,605,4,36
jpn_Jpan,605,5,24
jpn_Jpan,605,6,47
jpn_Jpan,605,7,13
jpn_Jpan,605,8,47
jpn_Jpan,605,9,19
jpn_Jpan,605,10,13
jpn_Jpan,605,11,13
jpn_Jpan,605,12,13
jpn_Jpan,605,13,36
jpn_Jpan,605,14,36
jpn_Jpan,605,15,47
jpn_Jpan,605,16,19
jpn_Jpan,605,17,13
jpn_Jpan,605,18,13
jpn_Jpan,605,19,19
jpn_Jpan,605,20,36
jpn_Jpan,605,21,24
jpn_Jpan,605,22,13
jpn_Jpan,605,23,19
jpn_Jpan,605,24,13
jpn_Jpan,605,25,24
jpn_Jpan,605,26,13
jpn_Jpan,605,27,34
jpn_Jpan,605,28,36
jpn_Jpan,605,29,24
jpn_Jpan,605,30,19
jpn_Jpan,605,31,13
jpn_Jpan,605,32,13
jpn_Jpan,605,33,36
jpn_Jpan,605,34,13
jpn_Jpan,605,35,19
jpn_Jpan,605,36,36
jpn_Jpan,605,37,24
jpn_Jpan,605,38,13
jpn_Jpan,605,39,13
jpn_Jpan,605,40,13
jpn_Jpan,605,41,36
jpn_Jpan,605,42,19
jpn_Jpan,605,43,13
jpn_Jpan,605,44,13
jpn_Jpan,605,45,19
jpn_Jpan,605,46,13
jpn_Jpan,605,47,13
jpn_Jpan,605,48,34
eng_Latn,606,0,60
eng_Latn,606,1,18
eng_Latn,606,2,18
eng_Latn,606,3,34
eng_Latn,606,4,48
eng_Latn,606,5,56
eng_Latn,606,6,37
eng_Latn,606,7,16
eng_Latn,606,8,51
jpn_Jpan,607,0,60
jpn_Jpan,607,1,13
jpn_Jpan,607,2,13
jpn_Jpan,607,3,13
jpn_Jpan,607,4,24
jpn_Jpan,607,5,52
jpn_Jpan,607,6,1
jpn_Jpan,607,7,13
jpn_Jpan,607,8,19
jpn_Jpan,607,9,13
jpn_Jpan,607,10,24
jpn_Jpan,607,11,13
jpn_Jpan,607,12,19
jpn_Jpan,607,13,13
jpn_Jpan,607,14,13
jpn_Jpan,607,15,47
jpn_Jpan,607,16,13
jpn_Jpan,607,17,19
jpn_Jpan,607,18,34
jpn_Jpan,607,19,13
jpn_Jpan,607,20,34
jpn_Jpan,608,0,60
jpn_Jpan,608,1,13
jpn_Jpan,608,2,13
jpn_Jpan,608,3,7
jpn_Jpan,608,4,13
jpn_Jpan,608,5,61
jpn_Jpan,608,6,13
jpn_Jpan,608,7,13
jpn_Jpan,608,8,13
jpn_Jpan,608,9,19
jpn_Jpan,608,10,13
jpn_Jpan,608,11,13
jpn_Jpan,608,12,24
jpn_Jpan,608,13,19
jpn_Jpan,608,14,13
jpn_Jpan,608,15,24
jpn_Jpan,608,16,47
jpn_Jpan,608,17,19
jpn_Jpan,608,18,13
jpn_Jpan,608,19,13
jpn_Jpan,608,20,13
jpn_Jpan,608,21,34
jpn_Jpan,608,22,19
jpn_Jpan,608,23,13
jpn_Jpan,608,24,47
jpn_Jpan,608,25,47
jpn_Jpan,608,26,13
eng_Latn,609,0,60
eng_Latn,609,1,19
eng_Latn,609,2,49
eng_Latn,609,3,53
eng_Latn,609,4,53
eng_Latn,609,5,1
eng_Latn,609,6,1
eng_Latn,609,7,52
jpn_Jpan,610,0,60
jpn_Jpan,610,1,19
jpn_Jpan,610,2,13
jpn_Jpan,610,3,19
jpn_Jpan,610,4,52
jpn_Jpan,610,5,24
jpn_Jpan,610,6,19
jpn_Jpan,610,7,13
jpn_Jpan,610,8,24
jpn_Jpan,610,9,52
jpn_Jpan,610,10,1
jpn_Jpan,610,11,13
jpn_Jpan,610,12,24
jpn_Jpan,610,13,24
jpn_Jpan,610,14,13
jpn_Jpan,610,15,19
jpn_Jpan,610,16,34
jpn_Jpan,610,17,13
jpn_Jpan,610,18,13
jpn_Jpan,610,19,13
jpn_Jpan,610,20,36
jpn_Jpan,610,21,24
jpn_Jpan,610,22,47
jpn_Jpan,610,23,13
jpn_Jpan,610,24,13
jpn_Jpan,610,25,13
jpn_Jpan,610,26,13
jpn_Jpan,610,27,13
jpn_Jpan,610,28,24
jpn_Jpan,610,29,52
jpn_Jpan,610,30,13
jpn_Jpan,610,31,24
jpn_Jpan,610,32,13
jpn_Jpan,610,33,13
jpn_Jpan,610,34,13
jpn_Jpan,610,35,13
jpn_Jpan,610,36,13
jpn_Jpan,610,37,13
eng_Latn,611,0,60
eng_Latn,611,1,19
eng_Latn,611,2,33
eng_Latn,611,3,33
eng_Latn,612,0,60
eng_Latn,612,1,7
eng_Latn,612,2,11
eng_Latn,612,3,53
eng_Latn,612,4,16
eng_Latn,612,5,6
eng_Latn,612,6,15
eng_Latn,612,7,45
eng_Latn,612,8,63
eng_Latn,613,0,60
eng_Latn,613,1,40
eng_Latn,613,2,48
eng_Latn,613,3,24
eng_Latn,613,4,19
eng_Latn,613,5,18
eng_Latn,613,6,14
eng_Latn,613,7,14
eng_Latn,613,8,47
jpn_Jpan,614,0,60
jpn_Jpan,614,1,24
jpn_Jpan,614,2,24
jpn_Jpan,614,3,1
jpn_Jpan,614,4,52
jpn_Jpan,614,5,52
jpn_Jpan,614,6,13
jpn_Jpan,614,7,13
jpn_Jpan,614,8,13
jpn_Jpan,614,9,19
jpn_Jpan,614,10,13
jpn_Jpan,614,11,13
jpn_Jpan,614,12,13
jpn_Jpan,614,13,19
jpn_Jpan,614,14,13
jpn_Jpan,614,15,37
jpn_Jpan,614,16,61
jpn_Jpan,614,17,13
jpn_Jpan,614,18,52
jpn_Jpan,614,19,7
jpn_Jpan,615,0,60
jpn_Jpan,615,1,19
jpn_Jpan,615,2,13
jpn_Jpan,615,3,36
jpn_Jpan,615,4,24
jpn_Jpan,615,5,47
jpn_Jpan,615,6,47
jpn_Jpan,615,7,36
jpn_Jpan,615,8,47
jpn_Jpan,615,9,36
jpn_Jpan,615,10,36
jpn_Jpan,615,11,36
jpn_Jpan,615,12,13
jpn_Jpan,615,13,13
jpn_Jpan,615,14,13
jpn_Jpan,615,15,36
jpn_Jpan,615,16,47
jpn_Jpan,615,17,19
jpn_Jpan,615,18,13
jpn_Jpan,615,19,61
jpn_Jpan,615,20,7
jpn_Jpan,615,21,36
jpn_Jpan,615,22,19
jpn_Jpan,615,23,13
jpn_Jpan,615,24,34
jpn_Jpan,615,25,34
jpn_Jpan,615,26,36
jpn_Jpan,615,27,34
jpn_Jpan,615,28,13
jpn_Jpan,615,29,36
jpn_Jpan,615,30,24
jpn_Jpan,615,31,19
jpn_Jpan,615,32,13
jpn_Jpan,615,33,19
jpn_Jpan,615,34,24
jpn_Jpan,615,35,24
jpn_Jpan,615,36,13
jpn_Jpan,615,37,13
jpn_Jpan,615,38,24
jpn_Jpan,615,39,34
jpn_Jpan,615,40,13
jpn_Jpan,615,41,34
eng_Latn,616,0,60
eng_Latn,616,1,49
eng_Latn,616,2,45
eng_Latn,616,3,18
eng_Latn,616,4,9
eng_Latn,616,5,9
eng_Latn,616,6,18
eng_Latn,616,7,53
eng_Latn,616,8,8
eng_Latn,616,9,47
eng_Latn,616,10,21
eng_Latn,616,11,21
eng_Latn,617,0,60
eng_Latn,617,1,9
eng_Latn,617,2,22
eng_Latn,617,3,18
eng_Latn,617,4,20
eng_Latn,617,5,21
eng_Latn,617,6,57
eng_Latn,617,7,53
eng_Latn,617,8,37
eng_Latn,617,9,4
eng_Latn,618,0,60
eng_Latn,618,1,22
eng_Latn,618,2,50
eng_Latn,618,3,56
eng_Latn,618,4,51
eng_Latn,618,5,42
eng_Latn,618,6,42
eng_Latn,618,7,35
eng_Latn,618,8,9
eng_Latn,618,9,17
eng_Latn,618,10,4
jpn_Jpan,619,0,60
jpn_Jpan,619,1,13
jpn_Jpan,619,2,13
jpn_Jpan,619,3,24
jpn_Jpan,619,4,47
jpn_Jpan,619,5,13
jpn_Jpan,619,6,13
jpn_Jpan,619,7,13
jpn_Jpan,619,8,13
jpn_Jpan,619,9,34
jpn_Jpan,619,10,34
jpn_Jpan,619,11,11
jpn_Jpan,620,0,60
jpn_Jpan,620,1,49
jpn_Jpan,620,2,24
jpn_Jpan,620,3,19
jpn_Jpan,620,4,5
jpn_Jpan,620,5,5
jpn_Jpan,620,6,39
jpn_Jpan,620,7,7
jpn_Jpan,620,8,61
jpn_Jpan,620,9,13
jpn_Jpan,620,10,13
jpn_Jpan,620,11,13
jpn_Jpan,620,12,24
jpn_Jpan,620,13,13
jpn_Jpan,620,14,19
jpn_Jpan,620,15,19
jpn_Jpan,620,16,7
jpn_Jpan,620,17,13
jpn_Jpan,620,18,13
jpn_Jpan,620,19,19
jpn_Jpan,620,20,13
eng_Latn,621,0,60
eng_Latn,621,1,19
eng_Latn,621,2,46
eng_Latn,621,3,15
eng_Latn,621,4,56
eng_Latn,621,5,48
eng_Latn,621,6,53
eng_Latn,621,7,53
eng_Latn,622,0,60
eng_Latn,622,1,18
eng_Latn,622,2,4
eng_Latn,622,3,46
eng_Latn,623,0,60
eng_Latn,623,1,9
eng_Latn,623,2,9
eng_Latn,623,3,31
eng_Latn,623,4,53
eng_Latn,623,5,51
eng_Latn,623,6,49
eng_Latn,623,7,34
jpn_Jpan,624,0,60
jpn_Jpan,624,1,1
jpn_Jpan,624,2,52
jpn_Jpan,624,3,1
jpn_Jpan,624,4,52
jpn_Jpan,624,5,13
jpn_Jpan,624,6,24
jpn_Jpan,624,7,19
jpn_Jpan,624,8,13
jpn_Jpan,624,9,19
jpn_Jpan,624,10,13
jpn_Jpan,624,11,13
jpn_Jpan,624,12,52
jpn_Jpan,624,13,13
jpn_Jpan,624,14,13
jpn_Jpan,624,15,19
jpn_Jpan,624,16,13
jpn_Jpan,624,17,47
jpn_Jpan,624,18,13
jpn_Jpan,624,19,13
jpn_Jpan,624,20,24
jpn_Jpan,624,21,13
jpn_Jpan,624,22,24
jpn_Jpan,624,23,19
jpn_Jpan,624,24,13
jpn_Jpan,624,25,61
jpn_Jpan,624,26,19
jpn_Jpan,624,27,13
jpn_Jpan,624,28,19
jpn_Jpan,624,29,13
eng_Latn,625,0,60
eng_Latn,625,1,40
eng_Latn,625,2,43
eng_Latn,625,3,57
eng_Latn,625,4,61
eng_Latn,625,5,31
jpn_Jpan,626,0,60
jpn_Jpan,626,1,13
jpn_Jpan,626,2,19
jpn_Jpan,626,3,13
jpn_Jpan,626,4,24
jpn_Jpan,626,5,19
jpn_Jpan,626,6,13
jpn_Jpan,626,7,13
jpn_Jpan,626,8,36
jpn_Jpan,626,9,24
jpn_Jpan,626,10,19
jpn_Jpan,626,11,36
jpn_Jpan,626,12,19
jpn_Jpan,626,13,19
jpn_Jpan,626,14,13
jpn_Jpan,626,15,36
jpn_Jpan,626,16,36
jpn_Jpan,626,17,19
jpn_Jpan,626,18,13
jpn_Jpan,626,19,19
jpn_Jpan,626,20,13
jpn_Jpan,626,21,13
jpn_Jpan,626,22,13
jpn_Jpan,626,23,13
jpn_Jpan,626,24,13
jpn_Jpan,626,25,24
jpn_Jpan,626,26,47
jpn_Jpan,626,27,13
jpn_Jpan,626,28,19
jpn_Jpan,626,29,13
jpn_Jpan,626,30,24
jpn_Jpan,626,31,13
jpn_Jpan,626,32,13
jpn_Jpan,626,33,13
jpn_Jpan,626,34,13
jpn_Jpan,626,35,13
jpn_Jpan,626,36,13
jpn_Jpan,626,37,34
eng_Latn,627,0,60
eng_Latn,627,1,12
eng_Latn,627,2,1
eng_Latn,627,3,13
eng_Latn,627,4,7
eng_Latn,627,5,33
eng_Latn,627,6,33
eng_Latn,627,7,33
eng_Latn,627,8,47
eng_Latn,627,9,19
eng_Latn,627,10,33
eng_Latn,627,11,33
eng_Latn,627,12,1
eng_Latn,628,0,60
eng_Latn,628,1,22
eng_Latn,628,2,9
eng_Latn,628,3,9
eng_Latn,628,4,54
eng_Latn,628,5,61
eng_Latn,629,0,60
eng_Latn,629,1,24
eng_Latn,629,2,52
eng_Latn,629,3,57
eng_Latn,629,4,14
eng_Latn,629,5,14
eng_Latn,629,6,14
eng_Latn,629,7,27
eng_Latn,629,8,47
eng_Latn,629,9,47
eng_Latn,629,10,40
eng_Latn,629,11,24
eng_Latn,629,12,26
jpn_Jpan,630,0,60
jpn_Jpan,630,1,61
jpn_Jpan,630,2,7
jpn_Jpan,630,3,9
jpn_Jpan,630,4,34
eng_Latn,631,0,60
eng_Latn,631,1,34
eng_Latn,631,2,53
eng_Latn,631,3,59
eng_Latn,631,4,51
eng_Latn,631,5,24
eng_Latn,631,6,62
eng_Latn,631,7,57
eng_Latn,631,8,18
eng_Latn,631,9,59
eng_Latn,631,10,47
eng_Latn,631,11,8
eng_Latn,632,0,60
eng_Latn,632,1,46
eng_Latn,632,2,61
eng_Latn,632,3,15
eng_Latn,632,4,15
eng_Latn,632,5,56
eng_Latn,632,6,21
eng_Latn,632,7,39
eng_Latn,632,8,63
eng_Latn,633,0,60
eng_Latn,633,1,19
eng_Latn,633,2,13
eng_Latn,633,3,11
eng_Latn,633,4,19
eng_Latn,633,5,62
eng_Latn,633,6,8
eng_Latn,633,7,8
eng_Latn,633,8,8
eng_Latn,633,9,19
eng_Latn,633,10,8
eng_Latn,633,11,19
eng_Latn,633,12,8
jpn_Jpan,634,0,60
jpn_Jpan,634,1,24
jpn_Jpan,634,2,19
jpn_Jpan,634,3,40
jpn_Jpan,634,4,24
jpn_Jpan,634,5,22
jpn_Jpan,634,6,24
jpn_Jpan,634,7,13
jpn_Jpan,634,8,24
jpn_Jpan,634,9,13
jpn_Jpan,634,10,13
jpn_Jpan,634,11,13
jpn_Jpan,634,12,24
jpn_Jpan,634,13,13
jpn_Jpan,634,14,24
jpn_Jpan,634,15,39
jpn_Jpan,635,0,60
jpn_Jpan,635,1,39
jpn_Jpan,635,2,13
jpn_Jpan,635,3,61
jpn_Jpan,635,4,19
jpn_Jpan,635,5,13
jpn_Jpan,635,6,13
jpn_Jpan,635,7,19
jpn_Jpan,635,8,13
jpn_Jpan,635,9,47
jpn_Jpan,635,10,13
jpn_Jpan,635,11,12
jpn_Jpan,635,12,27
jpn_Jpan,635,13,47
jpn_Jpan,635,14,13
jpn_Jpan,635,15,13
jpn_Jpan,635,16,24
jpn_Jpan,635,17,47
jpn_Jpan,635,18,13
jpn_Jpan,635,19,19
jpn_Jpan,635,20,13
eng_Latn,636,0,60
eng_Latn,636,1,27
eng_Latn,636,2,35
eng_Latn,636,3,19
eng_Latn,636,4,33
eng_Latn,636,5,46
eng_Latn,636,6,8
eng_Latn,636,7,8
eng_Latn,636,8,46
eng_Latn,636,9,16
eng_Latn,637,0,60
eng_Latn,637,1,33
eng_Latn,637,2,33
eng_Latn,637,3,33
eng_Latn,637,4,33
eng_Latn,637,5,33
eng_Latn,637,6,63
jpn_Jpan,638,0,60
jpn_Jpan,638,1,13
jpn_Jpan,638,2,24
jpn_Jpan,638,3,1
jpn_Jpan,638,4,13
jpn_Jpan,638,5,39
jpn_Jpan,638,6,13
jpn_Jpan,638,7,24
jpn_Jpan,638,8,26
jpn_Jpan,638,9,47
jpn_Jpan,638,10,13
jpn_Jpan,638,11,13
jpn_Jpan,638,12,24
jpn_Jpan,638,13,19
jpn_Jpan,638,14,13
jpn_Jpan,638,15,61
jpn_Jpan,638,16,13
jpn_Jpan,638,17,19
jpn_Jpan,638,18,13
jpn_Jpan,638,19,24
jpn_Jpan,638,20,13
jpn_Jpan,638,21,19
jpn_Jpan,638,22,13
jpn_Jpan,638,23,24
jpn_Jpan,638,24,13
jpn_Jpan,638,25,36
jpn_Jpan,638,26,34
jpn_Jpan,639,0,60
jpn_Jpan,639,1,13
jpn_Jpan,639,2,13
jpn_Jpan,639,3,13
jpn_Jpan,639,4,36
jpn_Jpan,639,5,24
jpn_Jpan,639,6,19
jpn_Jpan,639,7,13
jpn_Jpan,639,8,47
jpn_Jpan,639,9,13
jpn_Jpan,639,10,13
jpn_Jpan,639,11,24
jpn_Jpan,639,12,52
jpn_Jpan,639,13,47
jpn_Jpan,639,14,13
jpn_Jpan,639,15,13
jpn_Jpan,639,16,24
jpn_Jpan,639,17,47
jpn_Jpan,639,18,13
jpn_Jpan,639,19,13
jpn_Jpan,639,20,24
jpn_Jpan,639,21,13
jpn_Jpan,639,22,34
jpn_Jpan,639,23,13
jpn_Jpan,639,24,13
jpn_Jpan,639,25,24
jpn_Jpan,639,26,13
jpn_Jpan,639,27,34
jpn_Jpan,639,28,24
jpn_Jpan,639,29,24
jpn_Jpan,639,30,52
jpn_Jpan,639,31,24
jpn_Jpan,639,32,13
jpn_Jpan,639,33,13
jpn_Jpan,639,34,13
jpn_Jpan,639,35,13
jpn_Jpan,639,36,13
jpn_Jpan,639,37,13
jpn_Jpan,639,38,51
jpn_Jpan,639,39,24
jpn_Jpan,639,40,19
jpn_Jpan,639,41,13
jpn_Jpan,639,42,47
jpn_Jpan,639,43,13
jpn_Jpan,639,44,13
jpn_Jpan,639,45,13
jpn_Jpan,639,46,34
eng_Latn,640,0,60
eng_Latn,640,1,52
eng_Latn,640,2,9
eng_Latn,640,3,9
eng_Latn,640,4,9
eng_Latn,640,5,9
eng_Latn,640,6,60
eng_Latn,640,7,12
eng_Latn,640,8,40
eng_Latn,640,9,12
eng_Latn,640,10,37
eng_Latn,640,11,46
eng_Latn,640,12,36
eng_Latn,640,13,36
eng_Latn,640,14,57
eng_Latn,640,15,40
jpn_Jpan,641,0,60
jpn_Jpan,641,1,19
jpn_Jpan,641,2,36
jpn_Jpan,641,3,1
jpn_Jpan,641,4,36
jpn_Jpan,641,5,13
jpn_Jpan,641,6,24
jpn_Jpan,641,7,13
jpn_Jpan,641,8,13
jpn_Jpan,641,9,13
jpn_Jpan,641,10,47
jpn_Jpan,641,11,19
jpn_Jpan,641,12,19
jpn_Jpan,641,13,36
jpn_Jpan,641,14,47
jpn_Jpan,641,15,13
jpn_Jpan,641,16,13
jpn_Jpan,641,17,13
jpn_Jpan,641,18,13
jpn_Jpan,641,19,24
jpn_Jpan,641,20,9
jpn_Jpan,641,21,58
jpn_Jpan,641,22,12
jpn_Jpan,641,23,22
jpn_Jpan,641,24,40
jpn_Jpan,642,0,60
jpn_Jpan,642,1,36
jpn_Jpan,642,2,13
jpn_Jpan,642,3,36
jpn_Jpan,642,4,24
jpn_Jpan,642,5,47
jpn_Jpan,642,6,13
jpn_Jpan,642,7,39
jpn_Jpan,642,8,19
jpn_Jpan,642,9,13
jpn_Jpan,642,10,36
jpn_Jpan,642,11,24
jpn_Jpan,642,12,13
jpn_Jpan,642,13,13
jpn_Jpan,642,14,13
jpn_Jpan,642,15,36
jpn_Jpan,642,16,36
jpn_Jpan,642,17,47
jpn_Jpan,642,18,36
jpn_Jpan,642,19,19
jpn_Jpan,642,20,36
jpn_Jpan,642,21,61
jpn_Jpan,642,22,13
jpn_Jpan,642,23,13
jpn_Jpan,642,24,24
jpn_Jpan,642,25,13
jpn_Jpan,642,26,13
jpn_Jpan,642,27,13
jpn_Jpan,642,28,36
jpn_Jpan,642,29,13
jpn_Jpan,642,30,34
jpn_Jpan,642,31,13
jpn_Jpan,642,32,34
eng_Latn,643,0,60
eng_Latn,643,1,9
eng_Latn,643,2,38
eng_Latn,643,3,15
eng_Latn,643,4,56
eng_Latn,643,5,63
eng_Latn,643,6,14
eng_Latn,643,7,14
eng_Latn,643,8,40
eng_Latn,643,9,1
jpn_Jpan,644,0,60
jpn_Jpan,644,1,36
jpn_Jpan,644,2,24
jpn_Jpan,644,3,19
jpn_Jpan,644,4,13
jpn_Jpan,644,5,34
jpn_Jpan,644,6,36
jpn_Jpan,644,7,47
jpn_Jpan,644,8,13
jpn_Jpan,644,9,47
jpn_Jpan,644,10,36
jpn_Jpan,644,11,13
jpn_Jpan,644,12,34
jpn_Jpan,644,13,24
jpn_Jpan,644,14,24
jpn_Jpan,644,15,13
jpn_Jpan,644,16,19
jpn_Jpan,644,17,19
jpn_Jpan,644,18,13
jpn_Jpan,644,19,13
jpn_Jpan,644,20,13
jpn_Jpan,644,21,13
jpn_Jpan,644,22,13
jpn_Jpan,644,23,36
jpn_Jpan,644,24,19
jpn_Jpan,644,25,13
jpn_Jpan,644,26,13
jpn_Jpan,644,27,36
jpn_Jpan,644,28,13
jpn_Jpan,644,29,19
jpn_Jpan,644,30,34
jpn_Jpan,644,31,13
jpn_Jpan,644,32,34
eng_Latn,645,0,60
eng_Latn,645,1,49
eng_Latn,645,2,49
eng_Latn,645,3,39
eng_Latn,646,0,60
eng_Latn,646,1,47
eng_Latn,646,2,1
eng_Latn,646,3,22
eng_Latn,646,4,60
eng_Latn,646,5,57
eng_Latn,646,6,40
eng_Latn,646,7,49
eng_Latn,646,8,60
eng_Latn,646,9,47
eng_Latn,646,10,47
eng_Latn,646,11,27
eng_Latn,646,12,27
eng_Latn,646,13,52
jpn_Jpan,647,0,60
jpn_Jpan,647,1,36
jpn_Jpan,647,2,24
jpn_Jpan,647,3,13
jpn_Jpan,647,4,34
jpn_Jpan,647,5,24
jpn_Jpan,647,6,52
jpn_Jpan,647,7,34
jpn_Jpan,647,8,13
jpn_Jpan,647,9,24
jpn_Jpan,647,10,19
jpn_Jpan,647,11,13
jpn_Jpan,647,12,36
jpn_Jpan,647,13,52
jpn_Jpan,647,14,52
jpn_Jpan,647,15,52
jpn_Jpan,647,16,52
jpn_Jpan,647,17,47
jpn_Jpan,647,18,13
jpn_Jpan,647,19,19
jpn_Jpan,647,20,13
jpn_Jpan,647,21,24
jpn_Jpan,647,22,19
jpn_Jpan,647,23,13
jpn_Jpan,647,24,19
jpn_Jpan,647,25,47
jpn_Jpan,647,26,34
jpn_Jpan,647,27,13
jpn_Jpan,647,28,13
jpn_Jpan,647,29,36
jpn_Jpan,647,30,24
jpn_Jpan,647,31,19
jpn_Jpan,647,32,13
jpn_Jpan,647,33,24
jpn_Jpan,647,34,24
jpn_Jpan,647,35,52
jpn_Jpan,647,36,13
jpn_Jpan,648,0,60
jpn_Jpan,648,1,12
jpn_Jpan,648,2,7
jpn_Jpan,648,3,12
jpn_Jpan,648,4,7
jpn_Jpan,648,5,12
jpn_Jpan,648,6,58
eng_Latn,649,0,60
eng_Latn,649,1,8
eng_Latn,649,2,8
eng_Latn,649,3,34
eng_Latn,649,4,42
eng_Latn,649,5,18
eng_Latn,649,6,16
eng_Latn,650,0,60
eng_Latn,650,1,16
eng_Latn,650,2,53
eng_Latn,650,3,52
eng_Latn,650,4,63
eng_Latn,650,5,63
eng_Latn,650,6,14
eng_Latn,650,7,1
eng_Latn,650,8,1
eng_Latn,650,9,52
jpn_Jpan,651,0,60
jpn_Jpan,651,1,13
jpn_Jpan,651,2,61
jpn_Jpan,651,3,13
jpn_Jpan,651,4,24
jpn_Jpan,651,5,24
jpn_Jpan,651,6,13
jpn_Jpan,651,7,13
jpn_Jpan,651,8,47
jpn_Jpan,651,9,13
jpn_Jpan,651,10,13
jpn_Jpan,651,11,24
jpn_Jpan,651,12,24
jpn_Jpan,651,13,13
jpn_Jpan,651,14,19
jpn_Jpan,651,15,13
jpn_Jpan,651,16,13
jpn_Jpan,651,17,13
jpn_Jpan,651,18,47
jpn_Jpan,651,19,36
jpn_Jpan,651,20,13
jpn_Jpan,651,21,19
jpn_Jpan,651,22,13
jpn_Jpan,651,23,34
jpn_Jpan,651,24,19
jpn_Jpan,651,25,13
jpn_Jpan,651,26,24
jpn_Jpan,651,27,19
jpn_Jpan,651,28,13
jpn_Jpan,651,29,36
jpn_Jpan,651,30,34
jpn_Jpan,651,31,13
jpn_Jpan,651,32,13
jpn_Jpan,651,33,24
jpn_Jpan,651,34,36
jpn_Jpan,651,35,13
jpn_Jpan,651,36,19
jpn_Jpan,651,37,34
jpn_Jpan,651,38,13
jpn_Jpan,651,39,34
eng_Latn,652,0,60
eng_Latn,652,1,35
eng_Latn,652,2,50
eng_Latn,652,3,4
eng_Latn,652,4,4
eng_Latn,652,5,51
eng_Latn,653,0,60
eng_Latn,653,1,22
eng_Latn,653,2,22
eng_Latn,653,3,34
eng_Latn,653,4,34
jpn_Jpan,654,0,60
jpn_Jpan,654,1,24
jpn_Jpan,654,2,24
jpn_Jpan,654,3,24
jpn_Jpan,654,4,19
jpn_Jpan,654,5,13
jpn_Jpan,654,6,13
jpn_Jpan,654,7,13
jpn_Jpan,654,8,34
jpn_Jpan,654,9,13
jpn_Jpan,654,10,13
jpn_Jpan,654,11,29
jpn_Jpan,654,12,13
jpn_Jpan,654,13,19
jpn_Jpan,654,14,13
jpn_Jpan,654,15,24
jpn_Jpan,654,16,13
jpn_Jpan,654,17,13
jpn_Jpan,654,18,34
jpn_Jpan,654,19,24
jpn_Jpan,654,20,13
jpn_Jpan,654,21,24
jpn_Jpan,654,22,47
jpn_Jpan,654,23,19
jpn_Jpan,654,24,13
jpn_Jpan,654,25,24
jpn_Jpan,654,26,61
jpn_Jpan,654,27,19
jpn_Jpan,654,28,13
jpn_Jpan,654,29,13
jpn_Jpan,654,30,24
jpn_Jpan,654,31,13
jpn_Jpan,654,32,13
jpn_Jpan,654,33,24
jpn_Jpan,654,34,13
jpn_Jpan,654,35,13
jpn_Jpan,654,36,24
jpn_Jpan,654,37,34
jpn_Jpan,654,38,13
jpn_Jpan,654,39,34
jpn_Jpan,654,40,51
jpn_Jpan,655,0,60
jpn_Jpan,655,1,19
jpn_Jpan,655,2,36
jpn_Jpan,655,3,19
jpn_Jpan,655,4,36
jpn_Jpan,655,5,27
jpn_Jpan,655,6,36
jpn_Jpan,655,7,61
jpn_Jpan,655,8,52
jpn_Jpan,655,9,19
jpn_Jpan,655,10,36
jpn_Jpan,655,11,24
jpn_Jpan,655,12,40
jpn_Jpan,655,13,61
jpn_Jpan,655,14,7
jpn_Jpan,655,15,12
jpn_Jpan,655,16,13
jpn_Jpan,655,17,13
jpn_Jpan,655,18,24
jpn_Jpan,655,19,39
jpn_Jpan,655,20,24
jpn_Jpan,655,21,47
jpn_Jpan,655,22,19
jpn_Jpan,655,23,13
jpn_Jpan,655,24,13
jpn_Jpan,655,25,24
jpn_Jpan,655,26,24
jpn_Jpan,655,27,26
jpn_Jpan,655,28,40
jpn_Jpan,655,29,61
jpn_Jpan,655,30,7
jpn_Jpan,655,31,24
eng_Latn,656,0,60
eng_Latn,656,1,48
eng_Latn,656,2,4
eng_Latn,656,3,51
eng_Latn,656,4,59
eng_Latn,656,5,51
eng_Latn,657,0,60
eng_Latn,657,1,36
eng_Latn,657,2,56
eng_Latn,657,3,36
eng_Latn,657,4,36
eng_Latn,657,5,63
eng_Latn,658,0,60
eng_Latn,658,1,46
eng_Latn,658,2,34
eng_Latn,658,3,54
eng_Latn,658,4,18
eng_Latn,658,5,57
eng_Latn,658,6,34
jpn_Jpan,659,0,60
jpn_Jpan,659,1,13
jpn_Jpan,659,2,61
jpn_Jpan,659,3,13
jpn_Jpan,659,4,13
jpn_Jpan,659,5,61
jpn_Jpan,659,6,61
jpn_Jpan,659,7,13
jpn_Jpan,659,8,13
jpn_Jpan,659,9,13
jpn_Jpan,659,10,39
jpn_Jpan,659,11,13
jpn_Jpan,659,12,13
jpn_Jpan,659,13,7
jpn_Jpan,659,14,24
jpn_Jpan,659,15,1
jpn_Jpan,659,16,52
jpn_Jpan,659,17,13
jpn_Jpan,659,18,12
jpn_Jpan,659,19,13
jpn_Jpan,659,20,13
jpn_Jpan,659,21,24
jpn_Jpan,659,22,13
jpn_Jpan,659,23,19
jpn_Jpan,659,24,47
jpn_Jpan,659,25,39
jpn_Jpan,659,26,13
jpn_Jpan,659,27,13
jpn_Jpan,659,28,24
jpn_Jpan,659,29,61
jpn_Jpan,659,30,13
jpn_Jpan,659,31,13
jpn_Jpan,659,32,13
jpn_Jpan,659,33,13
jpn_Jpan,660,0,60
jpn_Jpan,660,1,13
jpn_Jpan,660,2,13
jpn_Jpan,660,3,24
jpn_Jpan,660,4,13
jpn_Jpan,660,5,13
jpn_Jpan,660,6,13
jpn_Jpan,660,7,24
jpn_Jpan,660,8,24
jpn_Jpan,660,9,61
jpn_Jpan,660,10,19
jpn_Jpan,660,11,13
jpn_Jpan,660,12,24
jpn_Jpan,660,13,24
jpn_Jpan,660,14,13
jpn_Jpan,660,15,13
jpn_Jpan,660,16,36
jpn_Jpan,660,17,19
jpn_Jpan,660,18,13
jpn_Jpan,660,19,13
jpn_Jpan,660,20,13
jpn_Jpan,660,21,13
jpn_Jpan,660,22,13
jpn_Jpan,660,23,24
jpn_Jpan,660,24,13
jpn_Jpan,660,25,19
jpn_Jpan,660,26,36
jpn_Jpan,660,27,13
jpn_Jpan,660,28,61
jpn_Jpan,660,29,34
jpn_Jpan,660,30,47
jpn_Jpan,660,31,47
jpn_Jpan,660,32,34
jpn_Jpan,660,33,24
jpn_Jpan,660,34,13
jpn_Jpan,660,35,13
jpn_Jpan,660,36,34
jpn_Jpan,660,37,34
eng_Latn,661,0,60
eng_Latn,661,1,57
eng_Latn,661,2,45
eng_Latn,661,3,46
eng_Latn,661,4,17
eng_Latn,661,5,56
eng_Latn,661,6,35
eng_Latn,661,7,35
eng_Latn,661,8,34
jpn_Jpan,662,0,60
jpn_Jpan,662,1,13
jpn_Jpan,662,2,13
jpn_Jpan,662,3,24
jpn_Jpan,662,4,13
jpn_Jpan,662,5,13
jpn_Jpan,662,6,24
jpn_Jpan,662,7,24
jpn_Jpan,662,8,52
jpn_Jpan,662,9,52
jpn_Jpan,662,10,52
jpn_Jpan,662,11,24
jpn_Jpan,662,12,1
jpn_Jpan,662,13,36
jpn_Jpan,662,14,19
jpn_Jpan,662,15,13
jpn_Jpan,662,16,13
jpn_Jpan,662,17,19
jpn_Jpan,662,18,13
jpn_Jpan,662,19,24
jpn_Jpan,662,20,24
jpn_Jpan,662,21,13
jpn_Jpan,662,22,13
jpn_Jpan,662,23,13
jpn_Jpan,662,24,13
jpn_Jpan,662,25,13
jpn_Jpan,662,26,13
jpn_Jpan,662,27,61
jpn_Jpan,662,28,13
jpn_Jpan,662,29,13
jpn_Jpan,662,30,24
jpn_Jpan,662,31,47
jpn_Jpan,662,32,47
jpn_Jpan,662,33,13
jpn_Jpan,662,34,39
jpn_Jpan,662,35,19
jpn_Jpan,662,36,19
jpn_Jpan,662,37,34
jpn_Jpan,662,38,34
eng_Latn,663,0,60
eng_Latn,663,1,52
eng_Latn,663,2,1
eng_Latn,663,3,52
eng_Latn,663,4,52
eng_Latn,663,5,47
eng_Latn,663,6,19
eng_Latn,663,7,63
jpn_Jpan,664,0,60
jpn_Jpan,664,1,13
jpn_Jpan,664,2,47
jpn_Jpan,664,3,19
jpn_Jpan,664,4,13
jpn_Jpan,664,5,19
jpn_Jpan,664,6,13
jpn_Jpan,664,7,19
jpn_Jpan,664,8,13
jpn_Jpan,664,9,24
jpn_Jpan,664,10,19
jpn_Jpan,664,11,13
jpn_Jpan,664,12,13
jpn_Jpan,664,13,24
jpn_Jpan,664,14,47
jpn_Jpan,664,15,13
jpn_Jpan,664,16,13
jpn_Jpan,664,17,13
jpn_Jpan,664,18,13
jpn_Jpan,664,19,61
jpn_Jpan,664,20,19
jpn_Jpan,664,21,19
jpn_Jpan,664,22,39
jpn_Jpan,664,23,13
jpn_Jpan,664,24,13
jpn_Jpan,664,25,47
jpn_Jpan,664,26,61
jpn_Jpan,664,27,13
jpn_Jpan,664,28,13
jpn_Jpan,664,29,13
jpn_Jpan,664,30,24
jpn_Jpan,664,31,13
jpn_Jpan,664,32,47
jpn_Jpan,664,33,13
jpn_Jpan,664,34,13
jpn_Jpan,664,35,13
jpn_Jpan,664,36,13
jpn_Jpan,664,37,13
jpn_Jpan,664,38,13
jpn_Jpan,665,0,60
jpn_Jpan,665,1,60
jpn_Jpan,665,2,36
jpn_Jpan,665,3,52
jpn_Jpan,665,4,1
jpn_Jpan,665,5,52
jpn_Jpan,665,6,13
jpn_Jpan,665,7,24
jpn_Jpan,665,8,52
jpn_Jpan,665,9,1
jpn_Jpan,665,10,52
jpn_Jpan,665,11,13
jpn_Jpan,665,12,13
jpn_Jpan,665,13,36
eng_Latn,666,0,60
eng_Latn,666,1,58
eng_Latn,666,2,22
eng_Latn,666,3,37
eng_Latn,666,4,52
eng_Latn,666,5,5
eng_Latn,666,6,22
eng_Latn,666,7,60
eng_Latn,666,8,52
eng_Latn,666,9,13
eng_Latn,666,10,1
eng_Latn,666,11,13
jpn_Jpan,667,0,60
jpn_Jpan,667,1,13
jpn_Jpan,667,2,13
jpn_Jpan,667,3,13
jpn_Jpan,667,4,19
jpn_Jpan,667,5,13
jpn_Jpan,667,6,36
jpn_Jpan,667,7,36
jpn_Jpan,667,8,19
jpn_Jpan,667,9,13
jpn_Jpan,667,10,36
jpn_Jpan,667,11,36
jpn_Jpan,667,12,13
jpn_Jpan,667,13,36
jpn_Jpan,667,14,52
jpn_Jpan,667,15,19
jpn_Jpan,667,16,36
jpn_Jpan,667,17,24
jpn_Jpan,667,18,36
jpn_Jpan,667,19,24
jpn_Jpan,667,20,13
jpn_Jpan,667,21,13
jpn_Jpan,667,22,24
jpn_Jpan,667,23,47
jpn_Jpan,667,24,13
jpn_Jpan,667,25,13
jpn_Jpan,667,26,24
jpn_Jpan,667,27,13
jpn_Jpan,667,28,13
jpn_Jpan,667,29,19
jpn_Jpan,667,30,13
jpn_Jpan,667,31,13
jpn_Jpan,667,32,34
jpn_Jpan,668,0,60
jpn_Jpan,668,1,7
jpn_Jpan,669,0,60
jpn_Jpan,669,1,13
jpn_Jpan,669,2,47
jpn_Jpan,669,3,13
jpn_Jpan,669,4,13
jpn_Jpan,669,5,61
jpn_Jpan,669,6,19
jpn_Jpan,669,7,13
jpn_Jpan,669,8,24
jpn_Jpan,669,9,61
jpn_Jpan,669,10,61
jpn_Jpan,669,11,13
jpn_Jpan,669,12,47
jpn_Jpan,669,13,13
jpn_Jpan,669,14,61
jpn_Jpan,669,15,13
jpn_Jpan,669,16,61
jpn_Jpan,669,17,13
jpn_Jpan,669,18,24
eng_Latn,670,0,60
eng_Latn,670,1,40
eng_Latn,670,2,49
eng_Latn,670,3,56
eng_Latn,670,4,53
eng_Latn,670,5,37
eng_Latn,670,6,63
eng_Latn,670,7,18
eng_Latn,670,8,53
eng_Latn,670,9,16
eng_Latn,671,0,60
eng_Latn,671,1,54
eng_Latn,671,2,56
eng_Latn,671,3,56
eng_Latn,671,4,19
eng_Latn,671,5,19
eng_Latn,671,6,16
jpn_Jpan,672,0,60
jpn_Jpan,672,1,36
jpn_Jpan,672,2,13
jpn_Jpan,672,3,13
jpn_Jpan,672,4,19
jpn_Jpan,672,5,13
jpn_Jpan,672,6,13
jpn_Jpan,672,7,13
jpn_Jpan,672,8,13
jpn_Jpan,672,9,24
jpn_Jpan,672,10,24
jpn_Jpan,672,11,47
jpn_Jpan,672,12,47
jpn_Jpan,672,13,13
jpn_Jpan,672,14,13
jpn_Jpan,672,15,24
jpn_Jpan,672,16,19
jpn_Jpan,672,17,13
jpn_Jpan,672,18,24
jpn_Jpan,672,19,47
jpn_Jpan,672,20,13
jpn_Jpan,672,21,47
jpn_Jpan,672,22,34
jpn_Jpan,672,23,13
jpn_Jpan,672,24,19
jpn_Jpan,672,25,13
jpn_Jpan,672,26,19
jpn_Jpan,672,27,13
jpn_Jpan,672,28,24
jpn_Jpan,672,29,19
jpn_Jpan,672,30,19
jpn_Jpan,672,31,19
jpn_Jpan,672,32,13
jpn_Jpan,672,33,13
jpn_Jpan,672,34,13
jpn_Jpan,672,35,13
jpn_Jpan,672,36,13
jpn_Jpan,672,37,13
jpn_Jpan,672,38,24
jpn_Jpan,672,39,13
jpn_Jpan,672,40,13
jpn_Jpan,672,41,24
jpn_Jpan,672,42,47
jpn_Jpan,672,43,19
jpn_Jpan,672,44,13
jpn_Jpan,672,45,34
jpn_Jpan,672,46,13
jpn_Jpan,672,47,34
eng_Latn,673,0,60
eng_Latn,673,1,16
eng_Latn,673,2,37
eng_Latn,673,3,52
eng_Latn,673,4,16
eng_Latn,673,5,52
eng_Latn,673,6,9
eng_Latn,673,7,4
eng_Latn,673,8,1
eng_Latn,673,9,19
eng_Latn,673,10,4
eng_Latn,674,0,60
eng_Latn,674,1,56
eng_Latn,674,2,51
eng_Latn,674,3,53
eng_Latn,674,4,57
eng_Latn,674,5,56
eng_Latn,674,6,19
eng_Latn,674,7,34
eng_Latn,674,8,20
eng_Latn,674,9,37
eng_Latn,674,10,41
eng_Latn,674,11,34
jpn_Jpan,675,0,60
jpn_Jpan,675,1,19
jpn_Jpan,675,2,40
jpn_Jpan,675,3,47
jpn_Jpan,675,4,62
jpn_Jpan,675,5,62
jpn_Jpan,675,6,22
jpn_Jpan,675,7,42
jpn_Jpan,675,8,13
jpn_Jpan,675,9,24
jpn_Jpan,675,10,24
jpn_Jpan,675,11,40
jpn_Jpan,675,12,24
eng_Latn,676,0,60
eng_Latn,676,1,38
eng_Latn,676,2,38
eng_Latn,676,3,20
eng_Latn,676,4,40
eng_Latn,676,5,16
eng_Latn,676,6,57
eng_Latn,676,7,57
jpn_Jpan,677,0,60
jpn_Jpan,677,1,13
jpn_Jpan,677,2,13
jpn_Jpan,677,3,13
jpn_Jpan,677,4,12
jpn_Jpan,677,5,13
jpn_Jpan,677,6,13
jpn_Jpan,677,7,13
jpn_Jpan,677,8,39
jpn_Jpan,677,9,19
jpn_Jpan,677,10,13
jpn_Jpan,677,11,13
jpn_Jpan,677,12,13
jpn_Jpan,678,0,60
jpn_Jpan,678,1,42
jpn_Jpan,678,2,61
jpn_Jpan,678,3,26
jpn_Jpan,678,4,61
jpn_Jpan,678,5,60
jpn_Jpan,678,6,24
jpn_Jpan,678,7,47
jpn_Jpan,678,8,19
jpn_Jpan,678,9,13
jpn_Jpan,678,10,47
jpn_Jpan,678,11,47
jpn_Jpan,678,12,7
jpn_Jpan,678,13,24
jpn_Jpan,678,14,47
jpn_Jpan,678,15,13
jpn_Jpan,678,16,13
jpn_Jpan,678,17,24
jpn_Jpan,678,18,24
jpn_Jpan,678,19,13
jpn_Jpan,678,20,13
jpn_Jpan,678,21,13
jpn_Jpan,678,22,13
jpn_Jpan,678,23,13
jpn_Jpan,678,24,34
jpn_Jpan,678,25,13
jpn_Jpan,678,26,34
jpn_Jpan,679,0,60
jpn_Jpan,679,1,47
jpn_Jpan,679,2,47
jpn_Jpan,679,3,13
jpn_Jpan,679,4,19
jpn_Jpan,679,5,13
jpn_Jpan,679,6,13
jpn_Jpan,679,7,61
jpn_Jpan,679,8,61
jpn_Jpan,679,9,19
jpn_Jpan,679,10,13
jpn_Jpan,679,11,47
jpn_Jpan,679,12,39
jpn_Jpan,679,13,7
jpn_Jpan,679,14,39
jpn_Jpan,679,15,47
jpn_Jpan,679,16,7
jpn_Jpan,679,17,12
jpn_Jpan,679,18,58
jpn_Jpan,679,19,12
jpn_Jpan,679,20,61
jpn_Jpan,680,0,60
jpn_Jpan,680,1,13
jpn_Jpan,680,2,13
jpn_Jpan,680,3,24
jpn_Jpan,680,4,47
jpn_Jpan,680,5,13
jpn_Jpan,680,6,13
jpn_Jpan,680,7,13
jpn_Jpan,680,8,24
jpn_Jpan,680,9,1
jpn_Jpan,680,10,13
jpn_Jpan,680,11,24
jpn_Jpan,680,12,61
jpn_Jpan,680,13,13
jpn_Jpan,680,14,34
jpn_Jpan,680,15,19
jpn_Jpan,680,16,36
jpn_Jpan,680,17,34
jpn_Jpan,681,0,60
jpn_Jpan,681,1,13
jpn_Jpan,681,2,13
jpn_Jpan,681,3,24
jpn_Jpan,681,4,47
jpn_Jpan,681,5,13
jpn_Jpan,681,6,19
jpn_Jpan,681,7,13
jpn_Jpan,681,8,13
jpn_Jpan,681,9,19
jpn_Jpan,681,10,13
jpn_Jpan,681,11,7
jpn_Jpan,681,12,19
jpn_Jpan,681,13,40
jpn_Jpan,681,14,13
jpn_Jpan,681,15,61
jpn_Jpan,681,16,19
jpn_Jpan,681,17,13
jpn_Jpan,681,18,13
jpn_Jpan,681,19,24
jpn_Jpan,681,20,13
jpn_Jpan,681,21,13
jpn_Jpan,681,22,47
jpn_Jpan,681,23,13
jpn_Jpan,681,24,19
jpn_Jpan,681,25,13
jpn_Jpan,681,26,19
jpn_Jpan,681,27,13
jpn_Jpan,681,28,19
jpn_Jpan,681,29,13
jpn_Jpan,681,30,13
jpn_Jpan,681,31,24
jpn_Jpan,681,32,13
jpn_Jpan,681,33,34
jpn_Jpan,681,34,13
jpn_Jpan,681,35,34
eng_Latn,682,0,60
eng_Latn,682,1,45
eng_Latn,682,2,63
jpn_Jpan,683,0,60
jpn_Jpan,683,1,60
jpn_Jpan,683,2,60
jpn_Jpan,683,3,24
jpn_Jpan,683,4,13
jpn_Jpan,683,5,13
jpn_Jpan,683,6,19
jpn_Jpan,683,7,39
jpn_Jpan,683,8,13
jpn_Jpan,683,9,24
jpn_Jpan,683,10,13
jpn_Jpan,683,11,19
jpn_Jpan,683,12,13
jpn_Jpan,683,13,13
jpn_Jpan,683,14,13
jpn_Jpan,683,15,13
jpn_Jpan,683,16,13
jpn_Jpan,683,17,13
jpn_Jpan,684,0,60
jpn_Jpan,684,1,13
jpn_Jpan,684,2,13
jpn_Jpan,684,3,13
jpn_Jpan,684,4,12
jpn_Jpan,684,5,13
jpn_Jpan,684,6,13
jpn_Jpan,684,7,13
jpn_Jpan,684,8,13
jpn_Jpan,684,9,13
jpn_Jpan,684,10,39
jpn_Jpan,684,11,13
jpn_Jpan,684,12,24
jpn_Jpan,684,13,52
jpn_Jpan,684,14,1
jpn_Jpan,684,15,24
jpn_Jpan,684,16,61
jpn_Jpan,684,17,13
jpn_Jpan,684,18,13
jpn_Jpan,684,19,13
jpn_Jpan,684,20,24
jpn_Jpan,684,21,13
jpn_Jpan,684,22,13
eng_Latn,685,0,60
eng_Latn,685,1,19
eng_Latn,685,2,49
eng_Latn,685,3,5
eng_Latn,685,4,5
eng_Latn,685,5,26
jpn_Jpan,686,0,60
jpn_Jpan,686,1,24
jpn_Jpan,686,2,13
jpn_Jpan,686,3,39
jpn_Jpan,686,4,39
jpn_Jpan,686,5,11
jpn_Jpan,686,6,24
jpn_Jpan,686,7,61
jpn_Jpan,686,8,13
jpn_Jpan,686,9,13
jpn_Jpan,686,10,13
jpn_Jpan,686,11,39
jpn_Jpan,686,12,13
jpn_Jpan,686,13,47
jpn_Jpan,686,14,19
jpn_Jpan,686,15,13
jpn_Jpan,686,16,19
jpn_Jpan,686,17,13
jpn_Jpan,686,18,19
jpn_Jpan,686,19,13
jpn_Jpan,686,20,47
jpn_Jpan,686,21,13
jpn_Jpan,686,22,11
jpn_Jpan,686,23,58
jpn_Jpan,686,24,24
jpn_Jpan,686,25,39
jpn_Jpan,686,26,39
eng_Latn,687,0,60
eng_Latn,687,1,13
eng_Latn,687,2,13
eng_Latn,687,3,13
eng_Latn,687,4,5
eng_Latn,687,5,7
jpn_Jpan,688,0,60
jpn_Jpan,688,1,47
jpn_Jpan,688,2,13
jpn_Jpan,688,3,13
jpn_Jpan,688,4,34
jpn_Jpan,688,5,11
jpn_Jpan,688,6,9
jpn_Jpan,688,7,9
jpn_Jpan,688,8,9
jpn_Jpan,688,9,11
jpn_Jpan,688,10,24
jpn_Jpan,688,11,1
jpn_Jpan,688,12,40
jpn_Jpan,688,13,24
jpn_Jpan,688,14,7
jpn_Jpan,688,15,24
jpn_Jpan,688,16,13
jpn_Jpan,688,17,13
jpn_Jpan,688,18,39
jpn_Jpan,688,19,13
jpn_Jpan,688,20,47
jpn_Jpan,688,21,47
jpn_Jpan,688,22,47
jpn_Jpan,688,23,24
jpn_Jpan,688,24,24
jpn_Jpan,688,25,52
jpn_Jpan,688,26,52
jpn_Jpan,688,27,37
jpn_Jpan,688,28,13
jpn_Jpan,688,29,13
jpn_Jpan,688,30,19
jpn_Jpan,688,31,13
jpn_Jpan,688,32,19
jpn_Jpan,688,33,13
jpn_Jpan,689,0,60
jpn_Jpan,689,1,36
jpn_Jpan,689,2,24
jpn_Jpan,689,3,47
jpn_Jpan,689,4,47
jpn_Jpan,689,5,36
jpn_Jpan,689,6,13
jpn_Jpan,689,7,13
jpn_Jpan,689,8,13
jpn_Jpan,689,9,13
jpn_Jpan,689,10,24
jpn_Jpan,689,11,61
jpn_Jpan,689,12,13
jpn_Jpan,689,13,47
jpn_Jpan,689,14,13
jpn_Jpan,689,15,24
jpn_Jpan,689,16,13
jpn_Jpan,689,17,13
jpn_Jpan,689,18,13
jpn_Jpan,689,19,19
jpn_Jpan,689,20,13
jpn_Jpan,689,21,13
jpn_Jpan,689,22,19
jpn_Jpan,689,23,13
jpn_Jpan,689,24,24
jpn_Jpan,689,25,19
jpn_Jpan,689,26,13
jpn_Jpan,689,27,24
jpn_Jpan,689,28,61
jpn_Jpan,689,29,13
jpn_Jpan,689,30,13
jpn_Jpan,689,31,13
jpn_Jpan,689,32,13
jpn_Jpan,689,33,13
jpn_Jpan,689,34,24
jpn_Jpan,689,35,19
jpn_Jpan,689,36,19
jpn_Jpan,689,37,39
jpn_Jpan,689,38,39
jpn_Jpan,689,39,39
jpn_Jpan,689,40,7
eng_Latn,690,0,60
eng_Latn,690,1,38
eng_Latn,690,2,46
eng_Latn,690,3,9
eng_Latn,690,4,14
eng_Latn,690,5,35
eng_Latn,690,6,46
eng_Latn,690,7,43
eng_Latn,690,8,15
eng_Latn,691,0,60
eng_Latn,691,1,19
eng_Latn,691,2,40
eng_Latn,691,3,17
eng_Latn,691,4,16
eng_Latn,691,5,31
eng_Latn,691,6,53
eng_Latn,691,7,34
jpn_Jpan,692,0,60
jpn_Jpan,692,1,36
jpn_Jpan,692,2,13
jpn_Jpan,692,3,36
jpn_Jpan,692,4,24
jpn_Jpan,692,5,24
jpn_Jpan,692,6,47
jpn_Jpan,692,7,13
jpn_Jpan,692,8,13
jpn_Jpan,692,9,13
jpn_Jpan,692,10,13
jpn_Jpan,692,11,13
jpn_Jpan,692,12,13
jpn_Jpan,692,13,39
jpn_Jpan,692,14,13
jpn_Jpan,692,15,47
jpn_Jpan,692,16,47
jpn_Jpan,692,17,19
jpn_Jpan,692,18,19
jpn_Jpan,692,19,13
jpn_Jpan,692,20,13
jpn_Jpan,692,21,19
jpn_Jpan,692,22,13
jpn_Jpan,692,23,34
jpn_Jpan,692,24,24
jpn_Jpan,692,25,24
jpn_Jpan,692,26,61
jpn_Jpan,692,27,13
jpn_Jpan,692,28,13
jpn_Jpan,692,29,47
jpn_Jpan,692,30,13
jpn_Jpan,692,31,7
jpn_Jpan,693,0,60
jpn_Jpan,693,1,47
jpn_Jpan,693,2,8
jpn_Jpan,693,3,39
jpn_Jpan,693,4,24
jpn_Jpan,693,5,47
jpn_Jpan,693,6,47
jpn_Jpan,693,7,36
jpn_Jpan,693,8,36
jpn_Jpan,693,9,19
jpn_Jpan,693,10,13
jpn_Jpan,693,11,19
jpn_Jpan,693,12,34
jpn_Jpan,693,13,24
jpn_Jpan,693,14,24
jpn_Jpan,693,15,47
jpn_Jpan,693,16,61
jpn_Jpan,694,0,60
jpn_Jpan,694,1,13
jpn_Jpan,694,2,13
jpn_Jpan,694,3,13
jpn_Jpan,694,4,13
jpn_Jpan,694,5,24
jpn_Jpan,694,6,24
jpn_Jpan,694,7,13
jpn_Jpan,694,8,13
jpn_Jpan,694,9,39
jpn_Jpan,694,10,39
jpn_Jpan,694,11,13
jpn_Jpan,694,12,13
jpn_Jpan,694,13,13
jpn_Jpan,694,14,13
jpn_Jpan,694,15,13
jpn_Jpan,694,16,34
jpn_Jpan,694,17,13
jpn_Jpan,694,18,24
jpn_Jpan,694,19,1
jpn_Jpan,694,20,13
jpn_Jpan,694,21,13
jpn_Jpan,694,22,51
jpn_Jpan,694,23,51
eng_Latn,695,0,60
eng_Latn,695,1,22
eng_Latn,695,2,51
eng_Latn,695,3,46
eng_Latn,695,4,45
eng_Latn,695,5,46
eng_Latn,695,6,45
eng_Latn,695,7,51
jpn_Jpan,696,0,60
jpn_Jpan,696,1,61
jpn_Jpan,696,2,13
jpn_Jpan,696,3,39
jpn_Jpan,696,4,13
jpn_Jpan,696,5,13
jpn_Jpan,696,6,13
jpn_Jpan,696,7,13
jpn_Jpan,696,8,24
jpn_Jpan,696,9,13
jpn_Jpan,696,10,13
jpn_Jpan,696,11,13
jpn_Jpan,696,12,13
eng_Latn,697,0,60
eng_Latn,697,1,22
eng_Latn,697,2,18
eng_Latn,697,3,55
eng_Latn,697,4,46
eng_Latn,697,5,57
eng_Latn,697,6,55
eng_Latn,697,7,3
eng_Latn,697,8,57
eng_Latn,697,9,15
jpn_Jpan,698,0,60
jpn_Jpan,698,1,13
jpn_Jpan,698,2,13
jpn_Jpan,698,3,29
jpn_Jpan,698,4,47
eng_Latn,699,0,60
eng_Latn,699,1,61
eng_Latn,699,2,22
eng_Latn,699,3,26
jpn_Jpan,700,0,60
jpn_Jpan,700,1,29
jpn_Jpan,700,2,13
jpn_Jpan,700,3,13
jpn_Jpan,700,4,19
jpn_Jpan,700,5,36
jpn_Jpan,700,6,13
jpn_Jpan,700,7,13
jpn_Jpan,700,8,24
jpn_Jpan,700,9,13
jpn_Jpan,700,10,47
jpn_Jpan,700,11,24
jpn_Jpan,700,12,19
jpn_Jpan,700,13,13
jpn_Jpan,700,14,19
jpn_Jpan,700,15,13
jpn_Jpan,700,16,24
jpn_Jpan,700,17,19
jpn_Jpan,700,18,13
jpn_Jpan,700,19,19
jpn_Jpan,700,20,19
jpn_Jpan,700,21,13
jpn_Jpan,700,22,19
jpn_Jpan,700,23,13
jpn_Jpan,700,24,61
jpn_Jpan,700,25,19
jpn_Jpan,700,26,13
jpn_Jpan,700,27,24
jpn_Jpan,700,28,13
jpn_Jpan,700,29,24
jpn_Jpan,700,30,19
jpn_Jpan,700,31,13
jpn_Jpan,700,32,19
jpn_Jpan,700,33,13
jpn_Jpan,700,34,13
jpn_Jpan,700,35,51
jpn_Jpan,700,36,26
jpn_Jpan,700,37,13
jpn_Jpan,700,38,24
jpn_Jpan,700,39,24
jpn_Jpan,700,40,19
jpn_Jpan,700,41,13
jpn_Jpan,700,42,24
jpn_Jpan,700,43,13
jpn_Jpan,700,44,13
jpn_Jpan,700,45,13
jpn_Jpan,700,46,13
jpn_Jpan,700,47,13
jpn_Jpan,700,48,51
jpn_Jpan,700,49,51
jpn_Jpan,701,0,60
jpn_Jpan,701,1,13
jpn_Jpan,701,2,47
jpn_Jpan,701,3,19
jpn_Jpan,701,4,13
jpn_Jpan,701,5,47
jpn_Jpan,701,6,13
jpn_Jpan,701,7,24
jpn_Jpan,701,8,47
jpn_Jpan,701,9,13
jpn_Jpan,701,10,13
jpn_Jpan,701,11,13
jpn_Jpan,701,12,13
jpn_Jpan,701,13,13
jpn_Jpan,701,14,51
jpn_Jpan,702,0,60
jpn_Jpan,702,1,39
jpn_Jpan,702,2,39
jpn_Jpan,702,3,19
jpn_Jpan,702,4,19
jpn_Jpan,702,5,13
jpn_Jpan,702,6,13
jpn_Jpan,702,7,13
jpn_Jpan,702,8,13
jpn_Jpan,702,9,13
jpn_Jpan,702,10,24
jpn_Jpan,702,11,24
jpn_Jpan,702,12,36
jpn_Jpan,702,13,13
jpn_Jpan,702,14,24
jpn_Jpan,702,15,19
jpn_Jpan,702,16,13
jpn_Jpan,702,17,13
jpn_Jpan,702,18,24
jpn_Jpan,702,19,19
jpn_Jpan,702,20,13
jpn_Jpan,702,21,47
jpn_Jpan,702,22,19
jpn_Jpan,702,23,13
jpn_Jpan,702,24,13
jpn_Jpan,702,25,13
jpn_Jpan,702,26,13
jpn_Jpan,702,27,47
jpn_Jpan,702,28,8
jpn_Jpan,702,29,47
jpn_Jpan,702,30,19
jpn_Jpan,702,31,8
jpn_Jpan,702,32,19
jpn_Jpan,702,33,36
jpn_Jpan,702,34,34
eng_Latn,703,0,60
eng_Latn,703,1,20
eng_Latn,703,2,34
eng_Latn,703,3,51
eng_Latn,704,0,60
eng_Latn,704,1,22
eng_Latn,704,2,9
eng_Latn,704,3,12
eng_Latn,704,4,19
eng_Latn,704,5,15
eng_Latn,704,6,9
eng_Latn,704,7,9
eng_Latn,704,8,22
eng_Latn,704,9,9
eng_Latn,704,10,29
eng_Latn,704,11,51
eng_Latn,704,12,24
eng_Latn,704,13,56
eng_Latn,704,14,47
eng_Latn,704,15,46
eng_Latn,704,16,51
eng_Latn,705,0,60
eng_Latn,705,1,19
eng_Latn,705,2,49
eng_Latn,705,3,19
eng_Latn,705,4,49
eng_Latn,705,5,49
eng_Latn,706,0,60
eng_Latn,706,1,27
eng_Latn,706,2,27
eng_Latn,706,3,5
eng_Latn,706,4,27
eng_Latn,706,5,26
eng_Latn,706,6,26
eng_Latn,707,0,60
eng_Latn,707,1,12
eng_Latn,707,2,42
eng_Latn,707,3,22
eng_Latn,707,4,27
eng_Latn,707,5,49
eng_Latn,707,6,12
eng_Latn,707,7,22
eng_Latn,707,8,22
jpn_Jpan,708,0,60
jpn_Jpan,708,1,24
jpn_Jpan,708,2,52
jpn_Jpan,708,3,24
jpn_Jpan,708,4,13
jpn_Jpan,708,5,12
jpn_Jpan,708,6,24
jpn_Jpan,708,7,24
jpn_Jpan,708,8,61
jpn_Jpan,708,9,13
jpn_Jpan,708,10,19
jpn_Jpan,708,11,13
jpn_Jpan,708,12,24
jpn_Jpan,708,13,24
jpn_Jpan,708,14,19
jpn_Jpan,708,15,13
jpn_Jpan,708,16,19
jpn_Jpan,708,17,13
jpn_Jpan,708,18,7
jpn_Jpan,708,19,34
eng_Latn,709,0,60
eng_Latn,709,1,22
eng_Latn,709,2,19
eng_Latn,709,3,0
eng_Latn,709,4,31
eng_Latn,709,5,56
eng_Latn,709,6,23
eng_Latn,709,7,20
eng_Latn,709,8,51
jpn_Jpan,710,0,60
jpn_Jpan,710,1,24
jpn_Jpan,710,2,13
jpn_Jpan,710,3,36
jpn_Jpan,710,4,11
jpn_Jpan,710,5,52
jpn_Jpan,710,6,1
jpn_Jpan,710,7,12
jpn_Jpan,710,8,47
jpn_Jpan,710,9,19
jpn_Jpan,710,10,19
jpn_Jpan,710,11,39
jpn_Jpan,710,12,13
jpn_Jpan,710,13,22
jpn_Jpan,710,14,11
jpn_Jpan,710,15,47
jpn_Jpan,710,16,1
jpn_Jpan,710,17,24
jpn_Jpan,710,18,13
jpn_Jpan,710,19,47
jpn_Jpan,710,20,13
jpn_Jpan,710,21,24
jpn_Jpan,710,22,13
jpn_Jpan,710,23,19
jpn_Jpan,710,24,13
jpn_Jpan,710,25,13
jpn_Jpan,710,26,12
jpn_Jpan,710,27,47
jpn_Jpan,710,28,47
jpn_Jpan,710,29,13
jpn_Jpan,710,30,13
jpn_Jpan,710,31,13
jpn_Jpan,710,32,13
jpn_Jpan,710,33,24
jpn_Jpan,710,34,47
jpn_Jpan,710,35,13
jpn_Jpan,710,36,47
jpn_Jpan,710,37,19
jpn_Jpan,710,38,13
jpn_Jpan,710,39,61
jpn_Jpan,710,40,19
jpn_Jpan,710,41,13
jpn_Jpan,711,0,60
jpn_Jpan,711,1,13
jpn_Jpan,711,2,13
jpn_Jpan,711,3,13
jpn_Jpan,711,4,12
jpn_Jpan,711,5,9
jpn_Jpan,711,6,52
jpn_Jpan,711,7,7
jpn_Jpan,711,8,24
jpn_Jpan,711,9,13
jpn_Jpan,711,10,1
jpn_Jpan,711,11,13
jpn_Jpan,711,12,13
jpn_Jpan,711,13,12
jpn_Jpan,711,14,19
jpn_Jpan,711,15,19
jpn_Jpan,711,16,13
jpn_Jpan,711,17,19
jpn_Jpan,711,18,39
jpn_Jpan,711,19,13
jpn_Jpan,711,20,13
jpn_Jpan,711,21,52
jpn_Jpan,711,22,19
jpn_Jpan,711,23,13
jpn_Jpan,711,24,24
jpn_Jpan,711,25,13
jpn_Jpan,711,26,24
jpn_Jpan,711,27,13
jpn_Jpan,711,28,13
eng_Latn,712,0,60
eng_Latn,712,1,33
eng_Latn,712,2,10
eng_Latn,712,3,56
eng_Latn,712,4,44
jpn_Jpan,713,0,60
jpn_Jpan,713,1,47
jpn_Jpan,713,2,13
jpn_Jpan,713,3,13
jpn_Jpan,713,4,13
jpn_Jpan,713,5,24
jpn_Jpan,713,6,47
jpn_Jpan,713,7,13
jpn_Jpan,713,8,13
jpn_Jpan,713,9,47
jpn_Jpan,713,10,7
jpn_Jpan,713,11,24
jpn_Jpan,713,12,47
jpn_Jpan,713,13,19
jpn_Jpan,713,14,13
jpn_Jpan,713,15,13
jpn_Jpan,713,16,47
jpn_Jpan,713,17,13
jpn_Jpan,713,18,9
jpn_Jpan,713,19,52
jpn_Jpan,713,20,52
jpn_Jpan,713,21,52
jpn_Jpan,713,22,12
jpn_Jpan,713,23,47
jpn_Jpan,713,24,13
jpn_Jpan,713,25,9
jpn_Jpan,713,26,24
jpn_Jpan,713,27,24
jpn_Jpan,713,28,13
jpn_Jpan,713,29,47
jpn_Jpan,713,30,13
jpn_Jpan,713,31,34
jpn_Jpan,713,32,47
jpn_Jpan,713,33,13
jpn_Jpan,713,34,13
jpn_Jpan,713,35,13
jpn_Jpan,713,36,47
jpn_Jpan,713,37,13
eng_Latn,714,0,60
eng_Latn,714,1,16
eng_Latn,714,2,19
eng_Latn,714,3,47
eng_Latn,714,4,16
eng_Latn,714,5,50
eng_Latn,714,6,16
eng_Latn,714,7,38
eng_Latn,714,8,57
jpn_Jpan,715,0,60
jpn_Jpan,715,1,34
jpn_Jpan,715,2,13
jpn_Jpan,715,3,13
jpn_Jpan,715,4,36
jpn_Jpan,715,5,19
jpn_Jpan,715,6,13
jpn_Jpan,715,7,24
jpn_Jpan,715,8,19
jpn_Jpan,715,9,13
jpn_Jpan,715,10,13
jpn_Jpan,715,11,24
jpn_Jpan,715,12,13
jpn_Jpan,715,13,13
jpn_Jpan,715,14,13
jpn_Jpan,715,15,13
jpn_Jpan,715,16,34
jpn_Jpan,715,17,13
jpn_Jpan,715,18,13
jpn_Jpan,715,19,13
jpn_Jpan,715,20,19
jpn_Jpan,715,21,47
jpn_Jpan,715,22,13
jpn_Jpan,715,23,1
jpn_Jpan,715,24,47
jpn_Jpan,715,25,13
jpn_Jpan,715,26,52
jpn_Jpan,715,27,61
jpn_Jpan,715,28,13
jpn_Jpan,715,29,24
jpn_Jpan,715,30,1
jpn_Jpan,715,31,52
jpn_Jpan,715,32,7
jpn_Jpan,715,33,9
jpn_Jpan,715,34,13
jpn_Jpan,715,35,13
jpn_Jpan,715,36,13
jpn_Jpan,715,37,61
jpn_Jpan,715,38,13
jpn_Jpan,715,39,13
jpn_Jpan,715,40,34
eng_Latn,716,0,60
eng_Latn,716,1,49
eng_Latn,716,2,5
eng_Latn,716,3,26
eng_Latn,717,0,60
eng_Latn,717,1,40
eng_Latn,717,2,49
jpn_Jpan,718,0,60
jpn_Jpan,718,1,36
jpn_Jpan,718,2,19
jpn_Jpan,718,3,13
jpn_Jpan,718,4,36
jpn_Jpan,718,5,13
jpn_Jpan,718,6,13
jpn_Jpan,718,7,19
jpn_Jpan,718,8,19
jpn_Jpan,718,9,13
jpn_Jpan,718,10,47
jpn_Jpan,718,11,13
jpn_Jpan,718,12,61
jpn_Jpan,718,13,19
jpn_Jpan,718,14,19
jpn_Jpan,718,15,13
jpn_Jpan,718,16,13
jpn_Jpan,718,17,12
jpn_Jpan,718,18,61
jpn_Jpan,718,19,13
jpn_Jpan,718,20,13
jpn_Jpan,718,21,24
jpn_Jpan,718,22,13
jpn_Jpan,718,23,24
jpn_Jpan,718,24,36
jpn_Jpan,718,25,28
jpn_Jpan,718,26,13
jpn_Jpan,718,27,13
jpn_Jpan,718,28,9
jpn_Jpan,718,29,47
jpn_Jpan,718,30,61
jpn_Jpan,718,31,47
jpn_Jpan,718,32,13
jpn_Jpan,718,33,24
jpn_Jpan,718,34,13
jpn_Jpan,718,35,24
jpn_Jpan,718,36,19
jpn_Jpan,718,37,13
jpn_Jpan,718,38,13
jpn_Jpan,718,39,13
jpn_Jpan,718,40,34
eng_Latn,719,0,60
eng_Latn,719,1,22
eng_Latn,719,2,57
eng_Latn,719,3,16
eng_Latn,719,4,53
eng_Latn,719,5,35
eng_Latn,719,6,46
eng_Latn,719,7,34
jpn_Jpan,720,0,60
jpn_Jpan,720,1,13
jpn_Jpan,720,2,24
jpn_Jpan,720,3,52
jpn_Jpan,720,4,36
jpn_Jpan,720,5,24
jpn_Jpan,720,6,13
jpn_Jpan,720,7,24
jpn_Jpan,720,8,47
jpn_Jpan,720,9,13
jpn_Jpan,720,10,13
jpn_Jpan,720,11,13
jpn_Jpan,720,12,13
jpn_Jpan,720,13,34
jpn_Jpan,720,14,52
eng_Latn,721,0,60
eng_Latn,721,1,46
eng_Latn,721,2,56
eng_Latn,721,3,16
eng_Latn,721,4,20
eng_Latn,721,5,14
eng_Latn,721,6,47
jpn_Jpan,722,0,60
jpn_Jpan,722,1,13
jpn_Jpan,722,2,47
jpn_Jpan,722,3,13
jpn_Jpan,722,4,36
jpn_Jpan,722,5,13
jpn_Jpan,722,6,9
jpn_Jpan,722,7,13
jpn_Jpan,722,8,13
jpn_Jpan,722,9,13
jpn_Jpan,722,10,39
jpn_Jpan,722,11,39
jpn_Jpan,722,12,47
jpn_Jpan,722,13,19
jpn_Jpan,722,14,13
jpn_Jpan,722,15,13
jpn_Jpan,722,16,61
jpn_Jpan,722,17,24
jpn_Jpan,722,18,19
jpn_Jpan,722,19,13
jpn_Jpan,722,20,34
jpn_Jpan,722,21,24
jpn_Jpan,722,22,13
jpn_Jpan,722,23,34
eng_Latn,723,0,60
eng_Latn,723,1,33
eng_Latn,723,2,1
eng_Latn,723,3,52
eng_Latn,723,4,37
eng_Latn,723,5,52
eng_Latn,723,6,1
eng_Latn,723,7,1
eng_Latn,723,8,13
eng_Latn,723,9,13
jpn_Jpan,724,0,60
jpn_Jpan,724,1,13
jpn_Jpan,724,2,39
jpn_Jpan,724,3,13
jpn_Jpan,724,4,39
jpn_Jpan,724,5,13
jpn_Jpan,724,6,24
jpn_Jpan,724,7,13
jpn_Jpan,724,8,47
jpn_Jpan,724,9,47
jpn_Jpan,724,10,47
jpn_Jpan,724,11,13
jpn_Jpan,724,12,13
jpn_Jpan,724,13,19
jpn_Jpan,724,14,13
jpn_Jpan,724,15,61
jpn_Jpan,724,16,19
jpn_Jpan,724,17,7
jpn_Jpan,724,18,24
jpn_Jpan,724,19,13
jpn_Jpan,724,20,13
jpn_Jpan,724,21,19
jpn_Jpan,724,22,13
jpn_Jpan,724,23,24
jpn_Jpan,724,24,24
jpn_Jpan,724,25,13
jpn_Jpan,724,26,47
jpn_Jpan,724,27,19
jpn_Jpan,724,28,13
jpn_Jpan,724,29,61
jpn_Jpan,724,30,13
jpn_Jpan,724,31,24
jpn_Jpan,724,32,13
jpn_Jpan,724,33,24
jpn_Jpan,724,34,19
jpn_Jpan,724,35,13
jpn_Jpan,724,36,24
jpn_Jpan,724,37,47
jpn_Jpan,724,38,19
jpn_Jpan,724,39,13
jpn_Jpan,724,40,13
jpn_Jpan,724,41,13
jpn_Jpan,724,42,13
jpn_Jpan,724,43,61
jpn_Jpan,724,44,13
jpn_Jpan,724,45,19
jpn_Jpan,724,46,13
jpn_Jpan,725,0,60
jpn_Jpan,725,1,61
jpn_Jpan,725,2,13
jpn_Jpan,725,3,13
jpn_Jpan,725,4,39
jpn_Jpan,725,5,39
jpn_Jpan,725,6,36
jpn_Jpan,725,7,47
jpn_Jpan,725,8,19
jpn_Jpan,725,9,13
jpn_Jpan,725,10,13
jpn_Jpan,725,11,13
jpn_Jpan,725,12,24
jpn_Jpan,725,13,19
jpn_Jpan,725,14,13
jpn_Jpan,725,15,13
jpn_Jpan,725,16,13
jpn_Jpan,725,17,13
jpn_Jpan,725,18,19
jpn_Jpan,725,19,34
jpn_Jpan,725,20,13
jpn_Jpan,725,21,13
jpn_Jpan,725,22,13
jpn_Jpan,725,23,34
eng_Latn,726,0,60
eng_Latn,726,1,49
eng_Latn,726,2,18
eng_Latn,726,3,35
eng_Latn,726,4,57
eng_Latn,726,5,53
eng_Latn,726,6,38
eng_Latn,726,7,51
eng_Latn,726,8,57
eng_Latn,726,9,51
eng_Latn,727,0,60
eng_Latn,727,1,37
eng_Latn,727,2,53
eng_Latn,727,3,34
eng_Latn,728,0,60
eng_Latn,728,1,23
eng_Latn,728,2,8
eng_Latn,728,3,15
eng_Latn,729,0,60
eng_Latn,729,1,56
eng_Latn,729,2,37
eng_Latn,729,3,57
eng_Latn,729,4,35
eng_Latn,729,5,57
eng_Latn,729,6,25
eng_Latn,729,7,35
eng_Latn,729,8,57
eng_Latn,729,9,49
eng_Latn,730,0,60
eng_Latn,730,1,9
eng_Latn,730,2,22
eng_Latn,730,3,12
eng_Latn,730,4,40
eng_Latn,730,5,47
eng_Latn,730,6,9
eng_Latn,730,7,60
eng_Latn,730,8,12
eng_Latn,730,9,9
eng_Latn,730,10,60
eng_Latn,731,0,60
eng_Latn,731,1,46
eng_Latn,731,2,5
eng_Latn,731,3,54
eng_Latn,731,4,48
eng_Latn,731,5,8
eng_Latn,731,6,15
eng_Latn,731,7,48
eng_Latn,731,8,56
eng_Latn,731,9,34
eng_Latn,731,10,34
jpn_Jpan,732,0,60
jpn_Jpan,732,1,19
jpn_Jpan,732,2,13
jpn_Jpan,732,3,24
jpn_Jpan,732,4,13
jpn_Jpan,732,5,19
jpn_Jpan,732,6,34
jpn_Jpan,732,7,34
jpn_Jpan,732,8,24
jpn_Jpan,732,9,24
jpn_Jpan,732,10,13
jpn_Jpan,732,11,47
jpn_Jpan,732,12,36
jpn_Jpan,732,13,13
jpn_Jpan,732,14,13
jpn_Jpan,732,15,13
jpn_Jpan,732,16,36
jpn_Jpan,732,17,24
jpn_Jpan,732,18,24
jpn_Jpan,732,19,13
jpn_Jpan,732,20,13
jpn_Jpan,732,21,24
jpn_Jpan,732,22,13
jpn_Jpan,732,23,13
jpn_Jpan,732,24,51
eng_Latn,733,0,60
eng_Latn,733,1,22
eng_Latn,733,2,9
eng_Latn,733,3,9
eng_Latn,733,4,40
eng_Latn,733,5,40
eng_Latn,733,6,46
eng_Latn,733,7,49
eng_Latn,733,8,9
eng_Latn,733,9,9
eng_Latn,733,10,42
eng_Latn,733,11,9
eng_Latn,733,12,29
eng_Latn,733,13,51
jpn_Jpan,734,0,60
jpn_Jpan,734,1,13
jpn_Jpan,734,2,13
jpn_Jpan,734,3,19
jpn_Jpan,734,4,13
jpn_Jpan,734,5,13
jpn_Jpan,734,6,13
jpn_Jpan,734,7,13
jpn_Jpan,734,8,39
jpn_Jpan,734,9,13
jpn_Jpan,734,10,13
jpn_Jpan,734,11,13
jpn_Jpan,734,12,24
jpn_Jpan,734,13,24
jpn_Jpan,734,14,13
jpn_Jpan,734,15,24
jpn_Jpan,734,16,13
jpn_Jpan,734,17,24
jpn_Jpan,734,18,47
jpn_Jpan,734,19,13
jpn_Jpan,734,20,24
jpn_Jpan,734,21,52
jpn_Jpan,734,22,19
jpn_Jpan,734,23,13
jpn_Jpan,734,24,24
jpn_Jpan,734,25,13
jpn_Jpan,734,26,13
jpn_Jpan,734,27,24
jpn_Jpan,734,28,13
jpn_Jpan,734,29,34
jpn_Jpan,734,30,34
eng_Latn,735,0,60
eng_Latn,735,1,57
eng_Latn,735,2,33
eng_Latn,735,3,19
eng_Latn,735,4,33
eng_Latn,735,5,52
eng_Latn,735,6,49
eng_Latn,736,0,60
eng_Latn,736,1,46
eng_Latn,736,2,57
eng_Latn,736,3,34
jpn_Jpan,737,0,60
jpn_Jpan,737,1,19
jpn_Jpan,737,2,39
jpn_Jpan,737,3,13
jpn_Jpan,737,4,24
jpn_Jpan,737,5,47
jpn_Jpan,737,6,13
jpn_Jpan,737,7,34
jpn_Jpan,737,8,36
jpn_Jpan,737,9,24
jpn_Jpan,737,10,24
jpn_Jpan,737,11,7
jpn_Jpan,737,12,13
jpn_Jpan,737,13,13
jpn_Jpan,737,14,34
jpn_Jpan,737,15,24
jpn_Jpan,737,16,47
jpn_Jpan,737,17,13
jpn_Jpan,737,18,13
jpn_Jpan,737,19,36
jpn_Jpan,737,20,24
jpn_Jpan,737,21,24
jpn_Jpan,737,22,47
jpn_Jpan,737,23,47
jpn_Jpan,737,24,7
jpn_Jpan,737,25,34
eng_Latn,738,0,60
eng_Latn,738,1,22
eng_Latn,738,2,22
eng_Latn,738,3,12
eng_Latn,738,4,29
eng_Latn,738,5,22
eng_Latn,739,0,60
eng_Latn,739,1,40
eng_Latn,739,2,29
eng_Latn,739,3,34
jpn_Jpan,740,0,60
jpn_Jpan,740,1,24
jpn_Jpan,740,2,19
jpn_Jpan,740,3,13
jpn_Jpan,740,4,61
jpn_Jpan,740,5,13
jpn_Jpan,740,6,13
jpn_Jpan,740,7,24
jpn_Jpan,740,8,13
jpn_Jpan,740,9,13
jpn_Jpan,740,10,24
jpn_Jpan,740,11,19
jpn_Jpan,740,12,13
jpn_Jpan,740,13,24
jpn_Jpan,740,14,47
jpn_Jpan,740,15,13
jpn_Jpan,741,0,60
jpn_Jpan,741,1,13
jpn_Jpan,741,2,47
jpn_Jpan,741,3,13
jpn_Jpan,741,4,47
jpn_Jpan,741,5,13
jpn_Jpan,741,6,39
jpn_Jpan,741,7,47
jpn_Jpan,741,8,47
jpn_Jpan,741,9,13
jpn_Jpan,741,10,13
jpn_Jpan,741,11,47
jpn_Jpan,741,12,47
jpn_Jpan,741,13,13
jpn_Jpan,741,14,13
jpn_Jpan,741,15,19
jpn_Jpan,741,16,13
jpn_Jpan,741,17,61
jpn_Jpan,741,18,13
eng_Latn,742,0,60
eng_Latn,742,1,9
eng_Latn,742,2,56
eng_Latn,742,3,41
eng_Latn,742,4,17
eng_Latn,742,5,20
eng_Latn,742,6,57
eng_Latn,742,7,15
eng_Latn,742,8,16
eng_Latn,742,9,8
eng_Latn,742,10,8
eng_Latn,742,11,15
jpn_Jpan,743,0,60
jpn_Jpan,743,1,19
jpn_Jpan,743,2,13
jpn_Jpan,743,3,13
jpn_Jpan,743,4,47
jpn_Jpan,743,5,39
jpn_Jpan,743,6,24
jpn_Jpan,743,7,61
jpn_Jpan,743,8,7
jpn_Jpan,743,9,7
jpn_Jpan,743,10,24
jpn_Jpan,743,11,24
jpn_Jpan,743,12,52
jpn_Jpan,743,13,37
jpn_Jpan,743,14,13
jpn_Jpan,743,15,13
jpn_Jpan,743,16,13
jpn_Jpan,743,17,39
jpn_Jpan,743,18,13
jpn_Jpan,743,19,61
jpn_Jpan,743,20,13
jpn_Jpan,743,21,13
jpn_Jpan,743,22,13
jpn_Jpan,743,23,24
jpn_Jpan,743,24,13
jpn_Jpan,743,25,19
jpn_Jpan,743,26,34
jpn_Jpan,743,27,47
jpn_Jpan,743,28,13
jpn_Jpan,743,29,34
jpn_Jpan,743,30,13
jpn_Jpan,743,31,24
jpn_Jpan,743,32,34
jpn_Jpan,743,33,51
jpn_Jpan,744,0,60
jpn_Jpan,744,1,13
jpn_Jpan,744,2,36
jpn_Jpan,744,3,24
jpn_Jpan,744,4,24
jpn_Jpan,744,5,19
jpn_Jpan,744,6,13
jpn_Jpan,744,7,26
jpn_Jpan,744,8,47
jpn_Jpan,744,9,13
jpn_Jpan,744,10,13
jpn_Jpan,744,11,13
jpn_Jpan,744,12,24
jpn_Jpan,744,13,13
jpn_Jpan,744,14,13
jpn_Jpan,744,15,34
jpn_Jpan,744,16,19
jpn_Jpan,744,17,51
jpn_Jpan,744,18,13
jpn_Jpan,745,0,60
jpn_Jpan,745,1,13
jpn_Jpan,745,2,13
jpn_Jpan,745,3,13
jpn_Jpan,745,4,47
jpn_Jpan,745,5,13
jpn_Jpan,745,6,13
jpn_Jpan,745,7,13
jpn_Jpan,745,8,24
jpn_Jpan,745,9,13
jpn_Jpan,745,10,51
jpn_Jpan,745,11,11
eng_Latn,746,0,60
eng_Latn,746,1,9
eng_Latn,746,2,22
eng_Latn,746,3,11
eng_Latn,746,4,61
eng_Latn,746,5,47
eng_Latn,746,6,40
eng_Latn,746,7,5
eng_Latn,746,8,40
eng_Latn,746,9,30
eng_Latn,746,10,49
jpn_Jpan,747,0,60
jpn_Jpan,747,1,13
jpn_Jpan,747,2,19
jpn_Jpan,747,3,19
jpn_Jpan,747,4,39
jpn_Jpan,747,5,13
jpn_Jpan,747,6,13
jpn_Jpan,747,7,24
jpn_Jpan,747,8,13
jpn_Jpan,747,9,13
jpn_Jpan,747,10,19
jpn_Jpan,747,11,36
jpn_Jpan,747,12,13
jpn_Jpan,747,13,24
jpn_Jpan,747,14,24
jpn_Jpan,747,15,13
jpn_Jpan,747,16,24
jpn_Jpan,747,17,19
jpn_Jpan,747,18,13
jpn_Jpan,747,19,24
jpn_Jpan,747,20,61
jpn_Jpan,747,21,13
jpn_Jpan,747,22,13
jpn_Jpan,747,23,24
jpn_Jpan,747,24,13
jpn_Jpan,747,25,24
jpn_Jpan,747,26,24
jpn_Jpan,747,27,13
jpn_Jpan,747,28,13
jpn_Jpan,747,29,47
jpn_Jpan,747,30,39
jpn_Jpan,747,31,13
jpn_Jpan,748,0,60
jpn_Jpan,748,1,19
jpn_Jpan,748,2,13
jpn_Jpan,748,3,13
jpn_Jpan,748,4,13
jpn_Jpan,748,5,19
jpn_Jpan,748,6,13
jpn_Jpan,748,7,47
jpn_Jpan,748,8,19
jpn_Jpan,748,9,13
jpn_Jpan,748,10,13
jpn_Jpan,748,11,24
jpn_Jpan,748,12,13
jpn_Jpan,748,13,13
jpn_Jpan,748,14,13
jpn_Jpan,748,15,13
jpn_Jpan,748,16,34
jpn_Jpan,748,17,13
jpn_Jpan,748,18,13
jpn_Jpan,748,19,13
jpn_Jpan,748,20,47
jpn_Jpan,748,21,13
jpn_Jpan,748,22,24
jpn_Jpan,748,23,13
jpn_Jpan,748,24,13
eng_Latn,749,0,60
eng_Latn,749,1,29
eng_Latn,749,2,18
eng_Latn,749,3,5
eng_Latn,749,4,18
eng_Latn,749,5,18
eng_Latn,749,6,16
eng_Latn,749,7,18
eng_Latn,749,8,56
eng_Latn,749,9,57
jpn_Jpan,750,0,60
jpn_Jpan,750,1,39
jpn_Jpan,750,2,57
jpn_Jpan,750,3,39
jpn_Jpan,750,4,47
jpn_Jpan,750,5,19
jpn_Jpan,750,6,7
eng_Latn,751,0,60
eng_Latn,751,1,12
eng_Latn,751,2,61
eng_Latn,752,0,60
eng_Latn,752,1,9
eng_Latn,752,2,54
eng_Latn,752,3,35
eng_Latn,752,4,52
eng_Latn,752,5,52
eng_Latn,752,6,57
eng_Latn,752,7,49
eng_Latn,752,8,54
eng_Latn,752,9,51
jpn_Jpan,753,0,60
jpn_Jpan,753,1,39
jpn_Jpan,753,2,13
jpn_Jpan,753,3,13
jpn_Jpan,753,4,13
jpn_Jpan,753,5,34
jpn_Jpan,753,6,13
jpn_Jpan,753,7,19
jpn_Jpan,753,8,13
jpn_Jpan,753,9,47
jpn_Jpan,753,10,13
jpn_Jpan,753,11,19
jpn_Jpan,753,12,36
jpn_Jpan,753,13,24
jpn_Jpan,753,14,13
jpn_Jpan,753,15,39
jpn_Jpan,753,16,47
jpn_Jpan,753,17,47
jpn_Jpan,753,18,47
jpn_Jpan,753,19,39
jpn_Jpan,753,20,39
jpn_Jpan,753,21,13
jpn_Jpan,753,22,13
jpn_Jpan,753,23,34
jpn_Jpan,753,24,24
jpn_Jpan,753,25,19
jpn_Jpan,753,26,13
jpn_Jpan,753,27,13
jpn_Jpan,753,28,13
jpn_Jpan,753,29,13
jpn_Jpan,753,30,13
jpn_Jpan,753,31,24
jpn_Jpan,753,32,19
jpn_Jpan,753,33,13
jpn_Jpan,753,34,19
jpn_Jpan,753,35,13
jpn_Jpan,753,36,13
jpn_Jpan,753,37,24
jpn_Jpan,753,38,47
jpn_Jpan,753,39,13
jpn_Jpan,753,40,13
jpn_Jpan,753,41,24
jpn_Jpan,753,42,39
jpn_Jpan,753,43,34
jpn_Jpan,753,44,13
jpn_Jpan,753,45,51
jpn_Jpan,754,0,60
jpn_Jpan,754,1,13
jpn_Jpan,754,2,13
jpn_Jpan,754,3,24
jpn_Jpan,754,4,13
jpn_Jpan,754,5,24
jpn_Jpan,754,6,40
jpn_Jpan,754,7,7
jpn_Jpan,754,8,61
jpn_Jpan,754,9,7
jpn_Jpan,754,10,61
jpn_Jpan,754,11,51
eng_Latn,755,0,60
eng_Latn,755,1,45
eng_Latn,755,2,45
eng_Latn,755,3,35
eng_Latn,755,4,19
eng_Latn,755,5,20
eng_Latn,755,6,6
eng_Latn,755,7,45
eng_Latn,755,8,36
eng_Latn,755,9,16
jpn_Jpan,756,0,60
jpn_Jpan,756,1,19
jpn_Jpan,756,2,13
jpn_Jpan,756,3,24
jpn_Jpan,756,4,13
jpn_Jpan,756,5,24
jpn_Jpan,756,6,19
jpn_Jpan,756,7,13
jpn_Jpan,756,8,61
jpn_Jpan,756,9,13
jpn_Jpan,756,10,13
jpn_Jpan,756,11,24
jpn_Jpan,756,12,19
jpn_Jpan,756,13,13
jpn_Jpan,756,14,7
jpn_Jpan,756,15,19
jpn_Jpan,756,16,13
jpn_Jpan,756,17,19
jpn_Jpan,756,18,13
jpn_Jpan,756,19,24
jpn_Jpan,756,20,19
jpn_Jpan,756,21,13
jpn_Jpan,756,22,13
jpn_Jpan,756,23,34
jpn_Jpan,756,24,24
jpn_Jpan,756,25,24
jpn_Jpan,756,26,47
jpn_Jpan,756,27,13
jpn_Jpan,756,28,13
jpn_Jpan,756,29,47
jpn_Jpan,756,30,13
jpn_Jpan,756,31,13
jpn_Jpan,756,32,13
jpn_Jpan,756,33,24
jpn_Jpan,756,34,34
jpn_Jpan,757,0,60
jpn_Jpan,757,1,13
jpn_Jpan,757,2,19
jpn_Jpan,757,3,13
jpn_Jpan,757,4,13
jpn_Jpan,757,5,13
jpn_Jpan,757,6,13
jpn_Jpan,757,7,13
jpn_Jpan,757,8,39
jpn_Jpan,757,9,19
jpn_Jpan,757,10,13
jpn_Jpan,757,11,11
jpn_Jpan,757,12,13
jpn_Jpan,757,13,13
jpn_Jpan,757,14,19
jpn_Jpan,757,15,13
jpn_Jpan,757,16,24
jpn_Jpan,757,17,1
jpn_Jpan,757,18,52
jpn_Jpan,757,19,13
jpn_Jpan,757,20,12
jpn_Jpan,757,21,19
jpn_Jpan,757,22,13
jpn_Jpan,757,23,19
jpn_Jpan,757,24,13
jpn_Jpan,757,25,24
jpn_Jpan,757,26,13
jpn_Jpan,757,27,19
jpn_Jpan,757,28,13
jpn_Jpan,757,29,13
jpn_Jpan,757,30,13
jpn_Jpan,757,31,13
jpn_Jpan,757,32,1
jpn_Jpan,757,33,47
jpn_Jpan,757,34,19
jpn_Jpan,757,35,39
jpn_Jpan,757,36,13
jpn_Jpan,757,37,47
jpn_Jpan,757,38,13
jpn_Jpan,757,39,24
jpn_Jpan,757,40,26
jpn_Jpan,757,41,13
jpn_Jpan,757,42,24
jpn_Jpan,757,43,1
jpn_Jpan,757,44,13
jpn_Jpan,757,45,13
jpn_Jpan,757,46,24
jpn_Jpan,757,47,19
jpn_Jpan,757,48,13
jpn_Jpan,757,49,34
eng_Latn,758,0,60
eng_Latn,758,1,17
eng_Latn,758,2,10
eng_Latn,758,3,29
eng_Latn,758,4,23
eng_Latn,758,5,34
jpn_Jpan,759,0,60
jpn_Jpan,759,1,22
jpn_Jpan,759,2,22
jpn_Jpan,759,3,46
jpn_Jpan,759,4,46
jpn_Jpan,759,5,46
jpn_Jpan,759,6,63
jpn_Jpan,759,7,36
jpn_Jpan,759,8,36
jpn_Jpan,759,9,40
jpn_Jpan,759,10,15
eng_Latn,760,0,60
eng_Latn,760,1,6
eng_Latn,760,2,56
eng_Latn,760,3,63
eng_Latn,760,4,43
eng_Latn,760,5,63
jpn_Jpan,761,0,60
jpn_Jpan,761,1,60
jpn_Jpan,761,2,13
jpn_Jpan,761,3,13
jpn_Jpan,761,4,24
jpn_Jpan,761,5,52
jpn_Jpan,761,6,13
jpn_Jpan,761,7,13
jpn_Jpan,761,8,13
jpn_Jpan,761,9,13
jpn_Jpan,761,10,36
jpn_Jpan,761,11,24
jpn_Jpan,761,12,13
jpn_Jpan,761,13,61
jpn_Jpan,761,14,61
jpn_Jpan,761,15,13
jpn_Jpan,761,16,13
jpn_Jpan,761,17,39
jpn_Jpan,761,18,36
jpn_Jpan,761,19,1
jpn_Jpan,761,20,13
jpn_Jpan,761,21,19
jpn_Jpan,761,22,13
jpn_Jpan,761,23,24
jpn_Jpan,761,24,13
jpn_Jpan,761,25,34
jpn_Jpan,761,26,13
jpn_Jpan,761,27,13
jpn_Jpan,761,28,13
jpn_Jpan,761,29,9
jpn_Jpan,761,30,11
jpn_Jpan,761,31,61
jpn_Jpan,762,0,60
jpn_Jpan,762,1,22
jpn_Jpan,762,2,60
jpn_Jpan,762,3,58
jpn_Jpan,762,4,12
jpn_Jpan,762,5,61
eng_Latn,763,0,60
eng_Latn,763,1,20
eng_Latn,763,2,37
eng_Latn,763,3,57
eng_Latn,763,4,52
eng_Latn,763,5,52
eng_Latn,763,6,1
eng_Latn,763,7,52
eng_Latn,763,8,52
eng_Latn,763,9,11
eng_Latn,764,0,60
eng_Latn,764,1,53
eng_Latn,764,2,37
eng_Latn,764,3,40
eng_Latn,764,4,40
eng_Latn,764,5,49
eng_Latn,764,6,53
eng_Latn,764,7,40
eng_Latn,764,8,5
eng_Latn,764,9,49
jpn_Jpan,765,0,60
jpn_Jpan,765,1,13
jpn_Jpan,765,2,19
jpn_Jpan,765,3,13
jpn_Jpan,765,4,24
jpn_Jpan,765,5,47
jpn_Jpan,765,6,13
jpn_Jpan,765,7,19
jpn_Jpan,765,8,7
jpn_Jpan,765,9,39
jpn_Jpan,765,10,13
jpn_Jpan,765,11,13
jpn_Jpan,765,12,19
jpn_Jpan,765,13,13
jpn_Jpan,765,14,13
jpn_Jpan,765,15,13
jpn_Jpan,765,16,24
jpn_Jpan,765,17,47
jpn_Jpan,765,18,13
jpn_Jpan,765,19,61
jpn_Jpan,765,20,13
jpn_Jpan,765,21,24
jpn_Jpan,765,22,24
jpn_Jpan,765,23,24
jpn_Jpan,765,24,19
jpn_Jpan,765,25,13
jpn_Jpan,765,26,13
jpn_Jpan,766,0,60
jpn_Jpan,766,1,13
jpn_Jpan,766,2,19
jpn_Jpan,766,3,39
jpn_Jpan,766,4,13
jpn_Jpan,766,5,13
jpn_Jpan,766,6,19
jpn_Jpan,766,7,8
jpn_Jpan,766,8,1
jpn_Jpan,766,9,47
jpn_Jpan,766,10,13
jpn_Jpan,766,11,34
jpn_Jpan,766,12,24
jpn_Jpan,766,13,13
jpn_Jpan,766,14,19
jpn_Jpan,766,15,13
jpn_Jpan,766,16,13
jpn_Jpan,766,17,13
jpn_Jpan,766,18,24
jpn_Jpan,766,19,19
jpn_Jpan,766,20,13
jpn_Jpan,766,21,19
jpn_Jpan,766,22,34
jpn_Jpan,766,23,13
jpn_Jpan,766,24,13
jpn_Jpan,766,25,34
jpn_Jpan,767,0,60
jpn_Jpan,767,1,13
jpn_Jpan,767,2,13
jpn_Jpan,767,3,13
jpn_Jpan,767,4,13
jpn_Jpan,767,5,19
jpn_Jpan,767,6,36
jpn_Jpan,767,7,24
jpn_Jpan,767,8,1
jpn_Jpan,767,9,13
jpn_Jpan,767,10,19
jpn_Jpan,767,11,39
jpn_Jpan,767,12,13
jpn_Jpan,767,13,24
jpn_Jpan,767,14,19
jpn_Jpan,767,15,13
jpn_Jpan,767,16,13
jpn_Jpan,767,17,19
jpn_Jpan,767,18,13
jpn_Jpan,767,19,24
jpn_Jpan,767,20,13
jpn_Jpan,767,21,13
jpn_Jpan,767,22,39
jpn_Jpan,767,23,47
jpn_Jpan,767,24,13
jpn_Jpan,767,25,24
jpn_Jpan,767,26,13
jpn_Jpan,767,27,34
eng_Latn,768,0,60
eng_Latn,768,1,50
eng_Latn,768,2,56
eng_Latn,768,3,46
eng_Latn,768,4,16
eng_Latn,768,5,56
eng_Latn,768,6,57
eng_Latn,769,0,60
eng_Latn,769,1,17
eng_Latn,769,2,54
eng_Latn,769,3,18
eng_Latn,769,4,51
jpn_Jpan,770,0,60
jpn_Jpan,770,1,13
jpn_Jpan,770,2,13
jpn_Jpan,770,3,13
jpn_Jpan,770,4,36
jpn_Jpan,770,5,24
jpn_Jpan,770,6,24
jpn_Jpan,770,7,13
jpn_Jpan,770,8,19
jpn_Jpan,770,9,39
jpn_Jpan,770,10,36
jpn_Jpan,770,11,13
jpn_Jpan,770,12,34
jpn_Jpan,770,13,13
jpn_Jpan,770,14,24
jpn_Jpan,770,15,13
jpn_Jpan,770,16,13
jpn_Jpan,770,17,13
jpn_Jpan,770,18,13
jpn_Jpan,770,19,34
eng_Latn,771,0,60
eng_Latn,771,1,22
eng_Latn,771,2,53
eng_Latn,771,3,46
eng_Latn,772,0,60
eng_Latn,772,1,54
eng_Latn,772,2,40
jpn_Jpan,773,0,60
jpn_Jpan,773,1,13
jpn_Jpan,773,2,13
jpn_Jpan,773,3,19
jpn_Jpan,773,4,39
jpn_Jpan,773,5,13
jpn_Jpan,773,6,19
jpn_Jpan,773,7,19
jpn_Jpan,773,8,19
jpn_Jpan,773,9,39
jpn_Jpan,773,10,13
jpn_Jpan,773,11,24
jpn_Jpan,773,12,19
jpn_Jpan,773,13,13
jpn_Jpan,773,14,24
jpn_Jpan,773,15,24
jpn_Jpan,773,16,13
jpn_Jpan,773,17,13
jpn_Jpan,773,18,13
jpn_Jpan,773,19,13
jpn_Jpan,773,20,19
jpn_Jpan,773,21,13
jpn_Jpan,773,22,13
jpn_Jpan,773,23,13
jpn_Jpan,773,24,13
jpn_Jpan,773,25,19
jpn_Jpan,773,26,13
jpn_Jpan,773,27,19
jpn_Jpan,773,28,13
jpn_Jpan,773,29,13
jpn_Jpan,773,30,19
jpn_Jpan,773,31,13
jpn_Jpan,773,32,24
jpn_Jpan,773,33,13
jpn_Jpan,773,34,13
jpn_Jpan,773,35,13
jpn_Jpan,773,36,51
jpn_Jpan,774,0,60
jpn_Jpan,774,1,13
jpn_Jpan,774,2,47
jpn_Jpan,774,3,39
jpn_Jpan,774,4,61
jpn_Jpan,774,5,8
jpn_Jpan,774,6,26
jpn_Jpan,774,7,19
jpn_Jpan,774,8,39
jpn_Jpan,774,9,24
jpn_Jpan,774,10,61
jpn_Jpan,774,11,13
jpn_Jpan,774,12,61
jpn_Jpan,774,13,13
jpn_Jpan,774,14,13
jpn_Jpan,774,15,13
jpn_Jpan,774,16,13
jpn_Jpan,774,17,13
jpn_Jpan,774,18,13
jpn_Jpan,774,19,47
jpn_Jpan,774,20,19
jpn_Jpan,774,21,39
jpn_Jpan,774,22,13
jpn_Jpan,774,23,13
jpn_Jpan,774,24,24
jpn_Jpan,774,25,19
jpn_Jpan,774,26,13
jpn_Jpan,774,27,34
jpn_Jpan,774,28,24
jpn_Jpan,774,29,24
jpn_Jpan,774,30,13
jpn_Jpan,774,31,13
jpn_Jpan,774,32,47
jpn_Jpan,774,33,47
jpn_Jpan,774,34,13
jpn_Jpan,774,35,13
jpn_Jpan,774,36,13
jpn_Jpan,774,37,13
jpn_Jpan,774,38,13
jpn_Jpan,774,39,13
jpn_Jpan,774,40,51
jpn_Jpan,775,0,60
jpn_Jpan,775,1,19
jpn_Jpan,775,2,13
jpn_Jpan,775,3,24
jpn_Jpan,775,4,13
jpn_Jpan,775,5,36
jpn_Jpan,775,6,34
jpn_Jpan,775,7,13
jpn_Jpan,775,8,24
jpn_Jpan,775,9,24
jpn_Jpan,775,10,13
jpn_Jpan,775,11,47
jpn_Jpan,775,12,13
jpn_Jpan,775,13,13
jpn_Jpan,775,14,39
jpn_Jpan,775,15,61
jpn_Jpan,775,16,13
jpn_Jpan,775,17,24
jpn_Jpan,775,18,19
jpn_Jpan,775,19,13
jpn_Jpan,775,20,13
jpn_Jpan,775,21,13
jpn_Jpan,775,22,13
jpn_Jpan,776,0,60
jpn_Jpan,776,1,60
jpn_Jpan,776,2,13
jpn_Jpan,776,3,52
jpn_Jpan,776,4,52
jpn_Jpan,776,5,7
jpn_Jpan,776,6,24
jpn_Jpan,776,7,61
jpn_Jpan,776,8,19
jpn_Jpan,776,9,13
jpn_Jpan,776,10,13
jpn_Jpan,776,11,13
jpn_Jpan,776,12,13
jpn_Jpan,776,13,13
eng_Latn,777,0,60
eng_Latn,777,1,48
eng_Latn,777,2,9
eng_Latn,777,3,56
eng_Latn,777,4,54
eng_Latn,777,5,31
eng_Latn,777,6,16
eng_Latn,777,7,20
eng_Latn,777,8,26
eng_Latn,778,0,60
eng_Latn,778,1,47
eng_Latn,778,2,22
eng_Latn,778,3,11
jpn_Jpan,779,0,60
jpn_Jpan,779,1,13
jpn_Jpan,779,2,13
jpn_Jpan,779,3,61
jpn_Jpan,779,4,19
jpn_Jpan,779,5,19
jpn_Jpan,779,6,13
jpn_Jpan,779,7,9
jpn_Jpan,779,8,52
jpn_Jpan,779,9,13
jpn_Jpan,779,10,6
jpn_Jpan,779,11,61
jpn_Jpan,779,12,13
jpn_Jpan,779,13,13
jpn_Jpan,779,14,11
jpn_Jpan,779,15,13
jpn_Jpan,779,16,13
jpn_Jpan,779,17,13
jpn_Jpan,779,18,24
jpn_Jpan,779,19,19
jpn_Jpan,779,20,13
jpn_Jpan,779,21,24
jpn_Jpan,779,22,19
jpn_Jpan,779,23,13
jpn_Jpan,779,24,34
jpn_Jpan,779,25,13
jpn_Jpan,779,26,13
jpn_Jpan,780,0,60
jpn_Jpan,780,1,13
jpn_Jpan,780,2,47
jpn_Jpan,780,3,19
jpn_Jpan,780,4,13
jpn_Jpan,780,5,13
jpn_Jpan,780,6,24
jpn_Jpan,780,7,47
jpn_Jpan,780,8,13
jpn_Jpan,780,9,13
jpn_Jpan,780,10,13
jpn_Jpan,780,11,61
jpn_Jpan,780,12,13
jpn_Jpan,780,13,13
jpn_Jpan,780,14,13
jpn_Jpan,780,15,24
jpn_Jpan,780,16,13
jpn_Jpan,780,17,13
jpn_Jpan,780,18,61
jpn_Jpan,780,19,13
jpn_Jpan,780,20,13
jpn_Jpan,780,21,13
jpn_Jpan,780,22,13
jpn_Jpan,780,23,24
jpn_Jpan,780,24,24
jpn_Jpan,780,25,13
jpn_Jpan,780,26,13
jpn_Jpan,780,27,24
jpn_Jpan,780,28,47
jpn_Jpan,780,29,19
jpn_Jpan,780,30,13
jpn_Jpan,780,31,24
jpn_Jpan,780,32,47
jpn_Jpan,780,33,13
jpn_Jpan,780,34,13
jpn_Jpan,780,35,13
jpn_Jpan,780,36,13
jpn_Jpan,780,37,13
jpn_Jpan,780,38,13
jpn_Jpan,780,39,34
eng_Latn,781,0,60
eng_Latn,781,1,16
eng_Latn,781,2,60
eng_Latn,781,3,9
eng_Latn,781,4,0
eng_Latn,781,5,19
eng_Latn,781,6,19
eng_Latn,781,7,34
eng_Latn,781,8,9
eng_Latn,781,9,22
eng_Latn,781,10,34
eng_Latn,782,0,60
eng_Latn,782,1,61
eng_Latn,782,2,13
eng_Latn,782,3,5
eng_Latn,782,4,26
eng_Latn,783,0,60
eng_Latn,783,1,9
eng_Latn,783,2,22
eng_Latn,783,3,11
eng_Latn,783,4,40
jpn_Jpan,784,0,60
jpn_Jpan,784,1,13
jpn_Jpan,784,2,13
jpn_Jpan,784,3,61
jpn_Jpan,784,4,19
jpn_Jpan,784,5,13
jpn_Jpan,784,6,24
jpn_Jpan,784,7,13
jpn_Jpan,784,8,19
jpn_Jpan,784,9,39
jpn_Jpan,784,10,13
jpn_Jpan,784,11,13
jpn_Jpan,784,12,13
jpn_Jpan,784,13,13
jpn_Jpan,784,14,13
jpn_Jpan,784,15,13
jpn_Jpan,784,16,13
jpn_Jpan,784,17,13
jpn_Jpan,784,18,1
jpn_Jpan,784,19,52
jpn_Jpan,784,20,13
jpn_Jpan,784,21,24
jpn_Jpan,784,22,13
jpn_Jpan,784,23,13
jpn_Jpan,785,0,60
jpn_Jpan,785,1,40
jpn_Jpan,785,2,12
jpn_Jpan,785,3,27
jpn_Jpan,785,4,47
jpn_Jpan,785,5,40
jpn_Jpan,785,6,12
jpn_Jpan,785,7,58
jpn_Jpan,785,8,12
jpn_Jpan,785,9,9
eng_Latn,786,0,60
eng_Latn,786,1,50
eng_Latn,786,2,48
eng_Latn,786,3,20
eng_Latn,786,4,48
eng_Latn,786,5,48
eng_Latn,786,6,56
eng_Latn,786,7,35
eng_Latn,786,8,44
jpn_Jpan,787,0,60
jpn_Jpan,787,1,13
jpn_Jpan,787,2,24
jpn_Jpan,787,3,13
jpn_Jpan,787,4,36
jpn_Jpan,787,5,36
jpn_Jpan,787,6,19
jpn_Jpan,787,7,13
jpn_Jpan,787,8,19
jpn_Jpan,787,9,36
jpn_Jpan,787,10,19
jpn_Jpan,787,11,13
jpn_Jpan,787,12,39
jpn_Jpan,787,13,47
jpn_Jpan,787,14,61
jpn_Jpan,787,15,13
jpn_Jpan,787,16,61
jpn_Jpan,787,17,13
jpn_Jpan,787,18,47
jpn_Jpan,787,19,19
jpn_Jpan,787,20,13
jpn_Jpan,787,21,39
jpn_Jpan,787,22,13
jpn_Jpan,787,23,34
jpn_Jpan,788,0,60
jpn_Jpan,788,1,19
jpn_Jpan,788,2,22
eng_Latn,789,0,60
eng_Latn,789,1,22
eng_Latn,789,2,60
eng_Latn,789,3,47
eng_Latn,790,0,60
eng_Latn,790,1,45
eng_Latn,790,2,45
eng_Latn,790,3,38
eng_Latn,790,4,18
eng_Latn,790,5,56
eng_Latn,790,6,53
eng_Latn,790,7,23
eng_Latn,790,8,34
eng_Latn,791,0,60
eng_Latn,791,1,56
eng_Latn,791,2,34
eng_Latn,791,3,31
eng_Latn,791,4,20
eng_Latn,791,5,63
eng_Latn,792,0,60
eng_Latn,792,1,22
eng_Latn,792,2,30
eng_Latn,792,3,24
eng_Latn,792,4,30
eng_Latn,792,5,30
eng_Latn,792,6,54
eng_Latn,792,7,48
eng_Latn,792,8,56
eng_Latn,792,9,63
eng_Latn,792,10,30
eng_Latn,792,11,63
eng_Latn,793,0,60
eng_Latn,793,1,17
eng_Latn,793,2,45
eng_Latn,793,3,45
eng_Latn,793,4,41
eng_Latn,793,5,29
eng_Latn,793,6,18
eng_Latn,793,7,18
eng_Latn,793,8,18
eng_Latn,793,9,16
eng_Latn,794,0,60
eng_Latn,794,1,17
eng_Latn,794,2,9
eng_Latn,794,3,56
eng_Latn,794,4,54
eng_Latn,794,5,18
eng_Latn,794,6,9
eng_Latn,794,7,56
eng_Latn,794,8,16
eng_Latn,794,9,51
eng_Latn,795,0,60
eng_Latn,795,1,35
eng_Latn,795,2,35
eng_Latn,795,3,48
eng_Latn,795,4,48
eng_Latn,795,5,12
eng_Latn,795,6,37
eng_Latn,795,7,37
eng_Latn,795,8,37
eng_Latn,796,0,60
eng_Latn,796,1,33
eng_Latn,796,2,29
eng_Latn,796,3,33
eng_Latn,796,4,33
eng_Latn,796,5,33
eng_Latn,796,6,33
eng_Latn,796,7,57
eng_Latn,796,8,33
eng_Latn,796,9,46
eng_Latn,797,0,60
eng_Latn,797,1,19
eng_Latn,797,2,22
eng_Latn,797,3,22
eng_Latn,797,4,34
eng_Latn,797,5,12
eng_Latn,797,6,22
eng_Latn,797,7,12
eng_Latn,797,8,22
jpn_Jpan,798,0,60
jpn_Jpan,798,1,47
jpn_Jpan,798,2,39
jpn_Jpan,798,3,13
jpn_Jpan,798,4,24
jpn_Jpan,798,5,24
jpn_Jpan,798,6,13
jpn_Jpan,798,7,13
jpn_Jpan,798,8,13
jpn_Jpan,798,9,9
jpn_Jpan,798,10,26
jpn_Jpan,798,11,13
jpn_Jpan,798,12,36
jpn_Jpan,798,13,47
jpn_Jpan,798,14,36
jpn_Jpan,798,15,24
jpn_Jpan,798,16,47
jpn_Jpan,798,17,19
jpn_Jpan,798,18,34
jpn_Jpan,799,0,60
jpn_Jpan,799,1,13
jpn_Jpan,799,2,47
jpn_Jpan,799,3,13
jpn_Jpan,799,4,47
jpn_Jpan,799,5,39
jpn_Jpan,799,6,7
jpn_Jpan,799,7,24
jpn_Jpan,799,8,13
jpn_Jpan,799,9,7
jpn_Jpan,799,10,13
jpn_Jpan,799,11,61
jpn_Jpan,799,12,19
jpn_Jpan,799,13,34
jpn_Jpan,799,14,24
jpn_Jpan,799,15,61
jpn_Jpan,799,16,61
jpn_Jpan,799,17,19
jpn_Jpan,799,18,13
jpn_Jpan,799,19,13
jpn_Jpan,799,20,24
jpn_Jpan,800,0,60
jpn_Jpan,800,1,24
jpn_Jpan,800,2,24
jpn_Jpan,800,3,47
jpn_Jpan,800,4,13
jpn_Jpan,800,5,13
jpn_Jpan,800,6,13
jpn_Jpan,800,7,24
jpn_Jpan,800,8,13
jpn_Jpan,800,9,13
jpn_Jpan,800,10,13
jpn_Jpan,800,11,47
jpn_Jpan,800,12,13
jpn_Jpan,800,13,13
jpn_Jpan,800,14,47
jpn_Jpan,800,15,47
jpn_Jpan,800,16,47
jpn_Jpan,800,17,13
jpn_Jpan,800,18,39
jpn_Jpan,800,19,13
jpn_Jpan,800,20,24
jpn_Jpan,800,21,13
jpn_Jpan,800,22,39
jpn_Jpan,800,23,61
jpn_Jpan,800,24,39
jpn_Jpan,800,25,7
jpn_Jpan,800,26,24
jpn_Jpan,800,27,47
jpn_Jpan,800,28,13
jpn_Jpan,800,29,19
jpn_Jpan,800,30,39
jpn_Jpan,800,31,39
jpn_Jpan,800,32,13
jpn_Jpan,800,33,24
jpn_Jpan,800,34,13
jpn_Jpan,800,35,13
jpn_Jpan,800,36,19
jpn_Jpan,800,37,13
jpn_Jpan,800,38,13
jpn_Jpan,800,39,47
jpn_Jpan,800,40,47
jpn_Jpan,800,41,47
jpn_Jpan,800,42,13
jpn_Jpan,800,43,7
jpn_Jpan,800,44,13
jpn_Jpan,801,0,60
jpn_Jpan,801,1,60
jpn_Jpan,801,2,13
jpn_Jpan,801,3,13
jpn_Jpan,801,4,60
jpn_Jpan,801,5,13
jpn_Jpan,801,6,24
jpn_Jpan,801,7,13
jpn_Jpan,801,8,19
jpn_Jpan,801,9,13
jpn_Jpan,801,10,24
jpn_Jpan,801,11,13
jpn_Jpan,801,12,13
jpn_Jpan,801,13,24
jpn_Jpan,801,14,13
jpn_Jpan,801,15,24
jpn_Jpan,801,16,19
jpn_Jpan,801,17,13
jpn_Jpan,801,18,13
jpn_Jpan,801,19,13
jpn_Jpan,801,20,24
jpn_Jpan,801,21,34
jpn_Jpan,802,0,60
jpn_Jpan,802,1,13
jpn_Jpan,802,2,47
jpn_Jpan,802,3,47
jpn_Jpan,802,4,36
jpn_Jpan,802,5,24
jpn_Jpan,802,6,1
jpn_Jpan,802,7,36
jpn_Jpan,802,8,61
jpn_Jpan,802,9,36
jpn_Jpan,802,10,24
jpn_Jpan,802,11,19
jpn_Jpan,802,12,13
jpn_Jpan,802,13,13
jpn_Jpan,802,14,7
jpn_Jpan,802,15,36
jpn_Jpan,802,16,24
jpn_Jpan,802,17,19
jpn_Jpan,802,18,13
jpn_Jpan,802,19,24
jpn_Jpan,802,20,13
jpn_Jpan,802,21,13
jpn_Jpan,802,22,13
jpn_Jpan,802,23,24
jpn_Jpan,802,24,1
jpn_Jpan,802,25,13
jpn_Jpan,802,26,36
jpn_Jpan,802,27,24
jpn_Jpan,802,28,47
jpn_Jpan,802,29,13
jpn_Jpan,802,30,24
jpn_Jpan,802,31,19
jpn_Jpan,802,32,13
jpn_Jpan,802,33,13
jpn_Jpan,802,34,13
jpn_Jpan,802,35,13
jpn_Jpan,802,36,13
jpn_Jpan,802,37,13
jpn_Jpan,802,38,13
jpn_Jpan,802,39,36
jpn_Jpan,802,40,24
jpn_Jpan,802,41,61
jpn_Jpan,802,42,13
jpn_Jpan,802,43,24
jpn_Jpan,802,44,36
jpn_Jpan,802,45,36
jpn_Jpan,802,46,13
jpn_Jpan,802,47,13
jpn_Jpan,802,48,36
jpn_Jpan,802,49,11
jpn_Jpan,803,0,60
jpn_Jpan,803,1,13
jpn_Jpan,803,2,13
jpn_Jpan,803,3,13
jpn_Jpan,803,4,24
jpn_Jpan,803,5,13
jpn_Jpan,803,6,13
jpn_Jpan,803,7,36
jpn_Jpan,803,8,13
jpn_Jpan,803,9,36
jpn_Jpan,803,10,47
jpn_Jpan,803,11,19
jpn_Jpan,803,12,47
jpn_Jpan,803,13,19
jpn_Jpan,803,14,39
jpn_Jpan,803,15,39
jpn_Jpan,803,16,13
jpn_Jpan,803,17,1
jpn_Jpan,803,18,7
jpn_Jpan,803,19,36
jpn_Jpan,803,20,13
jpn_Jpan,803,21,24
jpn_Jpan,804,0,60
jpn_Jpan,804,1,36
jpn_Jpan,804,2,36
jpn_Jpan,804,3,13
jpn_Jpan,804,4,58
jpn_Jpan,804,5,58
jpn_Jpan,804,6,11
jpn_Jpan,804,7,9
jpn_Jpan,804,8,19
jpn_Jpan,804,9,36
jpn_Jpan,804,10,36
jpn_Jpan,804,11,61
jpn_Jpan,804,12,36
jpn_Jpan,804,13,52
jpn_Jpan,804,14,12
jpn_Jpan,804,15,36
jpn_Jpan,804,16,19
jpn_Jpan,804,17,36
jpn_Jpan,804,18,52
jpn_Jpan,804,19,19
jpn_Jpan,804,20,7
jpn_Jpan,804,21,24
jpn_Jpan,804,22,61
jpn_Jpan,804,23,61
jpn_Jpan,804,24,13
jpn_Jpan,804,25,13
jpn_Jpan,804,26,47
jpn_Jpan,804,27,19
jpn_Jpan,804,28,13
jpn_Jpan,804,29,13
jpn_Jpan,804,30,39
jpn_Jpan,804,31,12
jpn_Jpan,805,0,60
jpn_Jpan,805,1,54
jpn_Jpan,805,2,40
jpn_Jpan,805,3,1
jpn_Jpan,805,4,52
jpn_Jpan,805,5,7
jpn_Jpan,805,6,47
jpn_Jpan,805,7,1
jpn_Jpan,805,8,52
eng_Latn,806,0,60
eng_Latn,806,1,11
eng_Latn,806,2,12
eng_Latn,806,3,22
eng_Latn,806,4,46
eng_Latn,806,5,27
eng_Latn,806,6,26
eng_Latn,806,7,26
eng_Latn,806,8,26
eng_Latn,806,9,12
eng_Latn,806,10,26
eng_Latn,806,11,27
eng_Latn,806,12,39
jpn_Jpan,807,0,60
jpn_Jpan,807,1,22
jpn_Jpan,807,2,24
jpn_Jpan,807,3,24
jpn_Jpan,807,4,13
jpn_Jpan,807,5,13
jpn_Jpan,807,6,39
jpn_Jpan,807,7,34
jpn_Jpan,807,8,13
jpn_Jpan,807,9,24
jpn_Jpan,807,10,11
jpn_Jpan,807,11,58
jpn_Jpan,807,12,12
jpn_Jpan,807,13,39
jpn_Jpan,807,14,39
eng_Latn,808,0,60
eng_Latn,808,1,61
eng_Latn,808,2,9
eng_Latn,808,3,4
eng_Latn,808,4,51
eng_Latn,808,5,35
eng_Latn,808,6,9
eng_Latn,808,7,37
eng_Latn,808,8,46
jpn_Jpan,809,0,60
jpn_Jpan,809,1,24
jpn_Jpan,809,2,13
jpn_Jpan,809,3,13
jpn_Jpan,809,4,36
jpn_Jpan,809,5,13
jpn_Jpan,809,6,36
jpn_Jpan,809,7,13
jpn_Jpan,809,8,13
jpn_Jpan,809,9,19
jpn_Jpan,809,10,36
jpn_Jpan,809,11,40
jpn_Jpan,809,12,7
jpn_Jpan,809,13,36
jpn_Jpan,809,14,24
jpn_Jpan,809,15,13
jpn_Jpan,809,16,19
jpn_Jpan,809,17,36
jpn_Jpan,809,18,47
jpn_Jpan,809,19,19
jpn_Jpan,809,20,13
jpn_Jpan,809,21,19
jpn_Jpan,809,22,13
jpn_Jpan,809,23,13
jpn_Jpan,809,24,24
eng_Latn,810,0,60
eng_Latn,810,1,35
eng_Latn,810,2,46
eng_Latn,811,0,60
eng_Latn,811,1,57
eng_Latn,811,2,57
eng_Latn,811,3,51
eng_Latn,811,4,54
eng_Latn,811,5,59
eng_Latn,811,6,17
eng_Latn,812,0,60
eng_Latn,812,1,19
eng_Latn,812,2,46
eng_Latn,812,3,8
jpn_Jpan,813,0,60
jpn_Jpan,813,1,36
jpn_Jpan,813,2,24
jpn_Jpan,813,3,61
jpn_Jpan,813,4,13
jpn_Jpan,813,5,24
jpn_Jpan,813,6,13
jpn_Jpan,813,7,36
jpn_Jpan,813,8,24
jpn_Jpan,813,9,24
jpn_Jpan,813,10,13
jpn_Jpan,813,11,36
jpn_Jpan,813,12,13
jpn_Jpan,813,13,13
jpn_Jpan,813,14,19
jpn_Jpan,813,15,13
jpn_Jpan,813,16,24
jpn_Jpan,813,17,19
jpn_Jpan,813,18,13
jpn_Jpan,813,19,13
jpn_Jpan,813,20,47
jpn_Jpan,813,21,13
jpn_Jpan,813,22,13
jpn_Jpan,813,23,24
jpn_Jpan,813,24,19
jpn_Jpan,813,25,13
jpn_Jpan,813,26,13
jpn_Jpan,813,27,13
jpn_Jpan,813,28,13
jpn_Jpan,813,29,54
jpn_Jpan,813,30,13
jpn_Jpan,813,31,24
jpn_Jpan,813,32,13
jpn_Jpan,813,33,13
jpn_Jpan,813,34,24
jpn_Jpan,813,35,61
jpn_Jpan,813,36,13
jpn_Jpan,813,37,34
jpn_Jpan,813,38,13
jpn_Jpan,813,39,34
eng_Latn,814,0,60
eng_Latn,814,1,40
eng_Latn,814,2,40
eng_Latn,814,3,9
eng_Latn,814,4,26
eng_Latn,814,5,40
eng_Latn,814,6,49
eng_Latn,814,7,2
eng_Latn,814,8,37
eng_Latn,814,9,26
eng_Latn,814,10,19
eng_Latn,814,11,47
eng_Latn,814,12,49
eng_Latn,814,13,49
jpn_Jpan,815,0,60
jpn_Jpan,815,1,13
jpn_Jpan,815,2,9
jpn_Jpan,815,3,13
jpn_Jpan,815,4,61
jpn_Jpan,815,5,11
jpn_Jpan,815,6,57
jpn_Jpan,815,7,62
jpn_Jpan,816,0,60
jpn_Jpan,816,1,47
jpn_Jpan,816,2,19
jpn_Jpan,816,3,39
jpn_Jpan,816,4,47
jpn_Jpan,816,5,13
jpn_Jpan,816,6,19
jpn_Jpan,816,7,13
jpn_Jpan,816,8,24
jpn_Jpan,816,9,47
jpn_Jpan,816,10,47
jpn_Jpan,816,11,39
jpn_Jpan,816,12,39
jpn_Jpan,816,13,13
jpn_Jpan,816,14,24
jpn_Jpan,816,15,13
jpn_Jpan,816,16,24
jpn_Jpan,816,17,47
jpn_Jpan,816,18,47
jpn_Jpan,816,19,39
jpn_Jpan,816,20,13
jpn_Jpan,816,21,1
jpn_Jpan,816,22,13
jpn_Jpan,816,23,47
jpn_Jpan,816,24,13
jpn_Jpan,816,25,24
jpn_Jpan,816,26,13
jpn_Jpan,816,27,29
jpn_Jpan,816,28,19
jpn_Jpan,816,29,13
jpn_Jpan,816,30,39
jpn_Jpan,816,31,13
jpn_Jpan,816,32,13
jpn_Jpan,816,33,24
jpn_Jpan,816,34,13
jpn_Jpan,816,35,19
jpn_Jpan,816,36,34
jpn_Jpan,816,37,13
jpn_Jpan,816,38,19
jpn_Jpan,816,39,34
eng_Latn,817,0,60
eng_Latn,817,1,45
eng_Latn,817,2,45
eng_Latn,817,3,40
eng_Latn,817,4,40
eng_Latn,817,5,61
eng_Latn,817,6,49
eng_Latn,817,7,56
eng_Latn,817,8,31
eng_Latn,818,0,60
eng_Latn,818,1,11
eng_Latn,818,2,13
eng_Latn,818,3,52
eng_Latn,818,4,13
eng_Latn,818,5,58
eng_Latn,819,0,60
eng_Latn,819,1,35
eng_Latn,819,2,17
jpn_Jpan,820,0,60
jpn_Jpan,820,1,13
jpn_Jpan,820,2,13
jpn_Jpan,820,3,7
jpn_Jpan,820,4,9
jpn_Jpan,820,5,9
jpn_Jpan,820,6,24
jpn_Jpan,820,7,61
jpn_Jpan,820,8,47
jpn_Jpan,820,9,13
jpn_Jpan,820,10,13
jpn_Jpan,820,11,24
jpn_Jpan,820,12,26
jpn_Jpan,820,13,19
jpn_Jpan,820,14,13
jpn_Jpan,820,15,19
jpn_Jpan,820,16,13
jpn_Jpan,820,17,11
jpn_Jpan,820,18,1
jpn_Jpan,820,19,47
jpn_Jpan,820,20,52
jpn_Jpan,820,21,19
jpn_Jpan,820,22,36
jpn_Jpan,820,23,19
jpn_Jpan,820,24,36
jpn_Jpan,820,25,19
jpn_Jpan,820,26,13
jpn_Jpan,820,27,19
jpn_Jpan,820,28,36
jpn_Jpan,820,29,13
jpn_Jpan,820,30,13
jpn_Jpan,820,31,47
jpn_Jpan,820,32,39
jpn_Jpan,820,33,61
jpn_Jpan,820,34,39
jpn_Jpan,820,35,13
jpn_Jpan,820,36,24
jpn_Jpan,820,37,13
jpn_Jpan,820,38,39
jpn_Jpan,820,39,34
eng_Latn,821,0,60
eng_Latn,821,1,56
eng_Latn,821,2,24
eng_Latn,821,3,19
eng_Latn,821,4,40
eng_Latn,821,5,49
eng_Latn,821,6,12
eng_Latn,821,7,22
eng_Latn,821,8,40
eng_Latn,821,9,15
eng_Latn,821,10,48
eng_Latn,821,11,59
eng_Latn,821,12,51
eng_Latn,822,0,60
eng_Latn,822,1,22
eng_Latn,822,2,52
eng_Latn,822,3,13
eng_Latn,822,4,52
eng_Latn,822,5,52
jpn_Jpan,823,0,60
jpn_Jpan,823,1,60
jpn_Jpan,823,2,47
jpn_Jpan,823,3,47
jpn_Jpan,823,4,13
jpn_Jpan,823,5,13
jpn_Jpan,823,6,13
jpn_Jpan,823,7,47
jpn_Jpan,823,8,13
jpn_Jpan,823,9,13
jpn_Jpan,823,10,12
jpn_Jpan,823,11,13
jpn_Jpan,823,12,24
jpn_Jpan,823,13,13
jpn_Jpan,823,14,13
jpn_Jpan,823,15,24
jpn_Jpan,823,16,61
jpn_Jpan,823,17,13
jpn_Jpan,823,18,13
jpn_Jpan,823,19,39
jpn_Jpan,823,20,19
jpn_Jpan,823,21,13
jpn_Jpan,823,22,47
jpn_Jpan,823,23,47
jpn_Jpan,823,24,13
jpn_Jpan,823,25,24
jpn_Jpan,823,26,24
jpn_Jpan,823,27,13
jpn_Jpan,823,28,13
jpn_Jpan,823,29,24
jpn_Jpan,823,30,19
jpn_Jpan,823,31,13
jpn_Jpan,823,32,13
jpn_Jpan,823,33,13
jpn_Jpan,823,34,24
eng_Latn,824,0,60
eng_Latn,824,1,38
eng_Latn,824,2,3
eng_Latn,824,3,19
eng_Latn,824,4,48
eng_Latn,824,5,57
eng_Latn,824,6,16
eng_Latn,824,7,37
eng_Latn,824,8,37
eng_Latn,824,9,15
eng_Latn,825,0,60
eng_Latn,825,1,52
eng_Latn,825,2,57
eng_Latn,825,3,33
eng_Latn,826,0,60
eng_Latn,826,1,4
eng_Latn,826,2,56
eng_Latn,826,3,29
eng_Latn,826,4,51
eng_Latn,827,0,60
eng_Latn,827,1,34
eng_Latn,827,2,29
eng_Latn,827,3,34
eng_Latn,827,4,20
eng_Latn,827,5,49
eng_Latn,827,6,5
eng_Latn,827,7,49
eng_Latn,828,0,60
eng_Latn,828,1,56
eng_Latn,828,2,54
eng_Latn,828,3,18
eng_Latn,828,4,21
eng_Latn,828,5,9
eng_Latn,828,6,18
eng_Latn,828,7,30
eng_Latn,828,8,30
eng_Latn,828,9,35
eng_Latn,828,10,34
jpn_Jpan,829,0,60
jpn_Jpan,829,1,13
jpn_Jpan,829,2,19
jpn_Jpan,829,3,13
jpn_Jpan,829,4,34
jpn_Jpan,829,5,24
jpn_Jpan,829,6,24
jpn_Jpan,829,7,13
jpn_Jpan,829,8,13
jpn_Jpan,829,9,39
jpn_Jpan,829,10,47
jpn_Jpan,829,11,61
jpn_Jpan,829,12,13
jpn_Jpan,829,13,13
jpn_Jpan,829,14,24
jpn_Jpan,829,15,13
jpn_Jpan,829,16,13
jpn_Jpan,829,17,24
jpn_Jpan,829,18,24
jpn_Jpan,829,19,61
jpn_Jpan,829,20,19
jpn_Jpan,829,21,61
jpn_Jpan,829,22,47
jpn_Jpan,829,23,13
jpn_Jpan,829,24,47
jpn_Jpan,829,25,47
jpn_Jpan,829,26,13
jpn_Jpan,829,27,13
jpn_Jpan,829,28,24
jpn_Jpan,829,29,19
jpn_Jpan,829,30,13
jpn_Jpan,829,31,13
jpn_Jpan,829,32,13
jpn_Jpan,829,33,13
jpn_Jpan,829,34,47
jpn_Jpan,829,35,13
jpn_Jpan,829,36,13
jpn_Jpan,829,37,34
jpn_Jpan,829,38,51
jpn_Jpan,829,39,34
eng_Latn,830,0,60
eng_Latn,830,1,42
eng_Latn,830,2,29
eng_Latn,830,3,51
eng_Latn,830,4,46
jpn_Jpan,831,0,60
jpn_Jpan,831,1,13
jpn_Jpan,831,2,36
jpn_Jpan,831,3,6
jpn_Jpan,831,4,36
jpn_Jpan,831,5,36
jpn_Jpan,831,6,19
jpn_Jpan,831,7,13
jpn_Jpan,831,8,19
jpn_Jpan,831,9,36
jpn_Jpan,831,10,52
jpn_Jpan,832,0,60
jpn_Jpan,832,1,13
jpn_Jpan,832,2,13
jpn_Jpan,832,3,24
jpn_Jpan,832,4,52
jpn_Jpan,832,5,47
jpn_Jpan,832,6,36
jpn_Jpan,832,7,24
jpn_Jpan,832,8,52
jpn_Jpan,832,9,47
jpn_Jpan,832,10,13
jpn_Jpan,832,11,24
jpn_Jpan,832,12,52
jpn_Jpan,832,13,52
jpn_Jpan,832,14,1
jpn_Jpan,832,15,1
jpn_Jpan,832,16,52
jpn_Jpan,832,17,47
jpn_Jpan,832,18,34
jpn_Jpan,832,19,24
jpn_Jpan,832,20,19
jpn_Jpan,832,21,13
jpn_Jpan,832,22,34
jpn_Jpan,832,23,13
jpn_Jpan,832,24,24
jpn_Jpan,832,25,47
jpn_Jpan,832,26,19
jpn_Jpan,832,27,13
jpn_Jpan,832,28,1
jpn_Jpan,832,29,13
jpn_Jpan,832,30,24
jpn_Jpan,832,31,13
jpn_Jpan,832,32,13
jpn_Jpan,832,33,13
jpn_Jpan,832,34,36
jpn_Jpan,832,35,47
jpn_Jpan,832,36,13
jpn_Jpan,832,37,24
jpn_Jpan,832,38,19
jpn_Jpan,832,39,13
jpn_Jpan,832,40,39
jpn_Jpan,832,41,19
jpn_Jpan,832,42,13
jpn_Jpan,832,43,24
jpn_Jpan,832,44,19
jpn_Jpan,832,45,13
jpn_Jpan,832,46,34
jpn_Jpan,832,47,13
jpn_Jpan,832,48,34
jpn_Jpan,833,0,60
jpn_Jpan,833,1,12
jpn_Jpan,833,2,58
jpn_Jpan,833,3,11
jpn_Jpan,833,4,52
eng_Latn,834,0,60
eng_Latn,834,1,9
eng_Latn,834,2,17
eng_Latn,834,3,21
eng_Latn,834,4,51
jpn_Jpan,835,0,60
jpn_Jpan,835,1,13
jpn_Jpan,835,2,13
jpn_Jpan,835,3,24
jpn_Jpan,835,4,47
jpn_Jpan,835,5,47
jpn_Jpan,835,6,24
jpn_Jpan,835,7,1
jpn_Jpan,835,8,13
jpn_Jpan,835,9,24
jpn_Jpan,835,10,13
jpn_Jpan,835,11,24
jpn_Jpan,835,12,13
jpn_Jpan,835,13,13
jpn_Jpan,835,14,13
jpn_Jpan,835,15,34
eng_Latn,836,0,60
eng_Latn,836,1,2
eng_Latn,836,2,5
eng_Latn,836,3,19
eng_Latn,836,4,19
eng_Latn,836,5,46
eng_Latn,836,6,5
eng_Latn,836,7,61
eng_Latn,837,0,60
eng_Latn,837,1,22
eng_Latn,837,2,49
eng_Latn,837,3,16
eng_Latn,837,4,38
eng_Latn,837,5,16
eng_Latn,837,6,53
eng_Latn,837,7,19
eng_Latn,838,0,60
eng_Latn,838,1,28
eng_Latn,838,2,28
eng_Latn,838,3,38
eng_Latn,838,4,19
eng_Latn,838,5,47
eng_Latn,839,0,60
eng_Latn,839,1,19
eng_Latn,839,2,19
eng_Latn,839,3,33
eng_Latn,839,4,56
eng_Latn,839,5,33
jpn_Jpan,840,0,60
jpn_Jpan,840,1,13
jpn_Jpan,840,2,13
jpn_Jpan,840,3,13
jpn_Jpan,840,4,13
jpn_Jpan,840,5,13
jpn_Jpan,840,6,24
jpn_Jpan,840,7,19
jpn_Jpan,840,8,19
jpn_Jpan,840,9,13
jpn_Jpan,840,10,13
jpn_Jpan,840,11,34
jpn_Jpan,840,12,13
jpn_Jpan,840,13,9
jpn_Jpan,840,14,13
jpn_Jpan,840,15,24
jpn_Jpan,840,16,47
jpn_Jpan,840,17,13
jpn_Jpan,840,18,34
jpn_Jpan,840,19,24
jpn_Jpan,840,20,19
jpn_Jpan,840,21,13
jpn_Jpan,840,22,13
jpn_Jpan,840,23,24
jpn_Jpan,840,24,13
jpn_Jpan,840,25,13
jpn_Jpan,840,26,36
jpn_Jpan,841,0,60
jpn_Jpan,841,1,47
jpn_Jpan,841,2,19
jpn_Jpan,841,3,13
jpn_Jpan,841,4,61
jpn_Jpan,841,5,13
jpn_Jpan,841,6,19
jpn_Jpan,841,7,13
jpn_Jpan,841,8,24
jpn_Jpan,841,9,52
jpn_Jpan,841,10,13
jpn_Jpan,841,11,24
jpn_Jpan,841,12,13
jpn_Jpan,841,13,13
jpn_Jpan,841,14,19
jpn_Jpan,841,15,13
jpn_Jpan,841,16,13
jpn_Jpan,841,17,13
jpn_Jpan,841,18,24
jpn_Jpan,841,19,13
jpn_Jpan,841,20,13
jpn_Jpan,841,21,19
jpn_Jpan,841,22,36
jpn_Jpan,841,23,19
jpn_Jpan,841,24,13
jpn_Jpan,841,25,13
jpn_Jpan,841,26,13
jpn_Jpan,841,27,34
jpn_Jpan,841,28,24
jpn_Jpan,841,29,24
jpn_Jpan,841,30,13
jpn_Jpan,841,31,24
jpn_Jpan,841,32,24
jpn_Jpan,841,33,13
jpn_Jpan,841,34,13
jpn_Jpan,841,35,24
jpn_Jpan,841,36,13
jpn_Jpan,841,37,13
jpn_Jpan,841,38,39
jpn_Jpan,841,39,13
jpn_Jpan,841,40,34
jpn_Jpan,841,41,13
jpn_Jpan,841,42,19
jpn_Jpan,841,43,13
jpn_Jpan,841,44,13
jpn_Jpan,841,45,34
jpn_Jpan,841,46,13
jpn_Jpan,841,47,13
jpn_Jpan,841,48,13
jpn_Jpan,841,49,13
jpn_Jpan,841,50,34
eng_Latn,842,0,60
eng_Latn,842,1,46
eng_Latn,842,2,56
eng_Latn,842,3,21
jpn_Jpan,843,0,60
jpn_Jpan,843,1,24
jpn_Jpan,843,2,13
jpn_Jpan,843,3,47
jpn_Jpan,843,4,19
jpn_Jpan,843,5,13
jpn_Jpan,843,6,24
jpn_Jpan,843,7,19
jpn_Jpan,843,8,13
jpn_Jpan,843,9,13
jpn_Jpan,843,10,13
jpn_Jpan,843,11,13
jpn_Jpan,843,12,34
eng_Latn,844,0,60
eng_Latn,844,1,40
eng_Latn,844,2,46
eng_Latn,844,3,18
jpn_Jpan,845,0,60
jpn_Jpan,845,1,19
jpn_Jpan,845,2,13
jpn_Jpan,845,3,26
jpn_Jpan,845,4,19
jpn_Jpan,845,5,13
jpn_Jpan,845,6,24
jpn_Jpan,845,7,61
jpn_Jpan,845,8,13
jpn_Jpan,845,9,7
jpn_Jpan,845,10,7
jpn_Jpan,845,11,24
jpn_Jpan,845,12,61
jpn_Jpan,845,13,39
jpn_Jpan,845,14,39
jpn_Jpan,845,15,13
jpn_Jpan,845,16,47
jpn_Jpan,845,17,19
jpn_Jpan,845,18,13
jpn_Jpan,845,19,13
jpn_Jpan,846,0,60
jpn_Jpan,846,1,61
jpn_Jpan,846,2,61
jpn_Jpan,846,3,39
jpn_Jpan,846,4,13
jpn_Jpan,846,5,13
jpn_Jpan,846,6,13
jpn_Jpan,846,7,13
jpn_Jpan,846,8,61
jpn_Jpan,846,9,39
jpn_Jpan,846,10,13
jpn_Jpan,846,11,13
jpn_Jpan,846,12,13
jpn_Jpan,846,13,13
jpn_Jpan,846,14,61
jpn_Jpan,846,15,13
jpn_Jpan,846,16,19
jpn_Jpan,846,17,13
jpn_Jpan,846,18,24
jpn_Jpan,846,19,19
jpn_Jpan,846,20,13
jpn_Jpan,846,21,13
jpn_Jpan,846,22,52
jpn_Jpan,846,23,13
jpn_Jpan,847,0,60
jpn_Jpan,847,1,13
jpn_Jpan,847,2,13
jpn_Jpan,847,3,24
jpn_Jpan,847,4,13
jpn_Jpan,847,5,13
jpn_Jpan,847,6,24
jpn_Jpan,847,7,13
jpn_Jpan,847,8,13
jpn_Jpan,847,9,19
jpn_Jpan,847,10,13
jpn_Jpan,847,11,36
jpn_Jpan,847,12,36
jpn_Jpan,847,13,24
jpn_Jpan,847,14,24
jpn_Jpan,847,15,13
jpn_Jpan,847,16,13
jpn_Jpan,847,17,24
jpn_Jpan,847,18,24
jpn_Jpan,847,19,13
jpn_Jpan,847,20,13
jpn_Jpan,847,21,19
jpn_Jpan,847,22,13
jpn_Jpan,847,23,13
jpn_Jpan,847,24,13
jpn_Jpan,847,25,19
jpn_Jpan,847,26,13
jpn_Jpan,847,27,13
jpn_Jpan,847,28,61
jpn_Jpan,847,29,13
jpn_Jpan,847,30,13
jpn_Jpan,847,31,19
jpn_Jpan,847,32,13
jpn_Jpan,847,33,13
jpn_Jpan,847,34,13
jpn_Jpan,847,35,24
jpn_Jpan,847,36,13
jpn_Jpan,847,37,13
jpn_Jpan,847,38,34
eng_Latn,848,0,60
eng_Latn,848,1,49
eng_Latn,848,2,40
eng_Latn,848,3,40
eng_Latn,848,4,49
eng_Latn,848,5,5
eng_Latn,848,6,49
jpn_Jpan,849,0,60
jpn_Jpan,849,1,24
jpn_Jpan,849,2,24
jpn_Jpan,849,3,61
jpn_Jpan,849,4,19
jpn_Jpan,849,5,13
jpn_Jpan,849,6,13
jpn_Jpan,849,7,61
jpn_Jpan,849,8,13
jpn_Jpan,849,9,13
jpn_Jpan,849,10,34
jpn_Jpan,849,11,13
jpn_Jpan,849,12,24
jpn_Jpan,849,13,13
jpn_Jpan,849,14,34
jpn_Jpan,849,15,24
jpn_Jpan,849,16,34
jpn_Jpan,850,0,60
jpn_Jpan,850,1,13
jpn_Jpan,850,2,39
jpn_Jpan,850,3,13
jpn_Jpan,850,4,47
jpn_Jpan,850,5,39
jpn_Jpan,850,6,61
jpn_Jpan,850,7,7
jpn_Jpan,850,8,24
jpn_Jpan,850,9,19
jpn_Jpan,850,10,13
jpn_Jpan,850,11,24
jpn_Jpan,850,12,47
jpn_Jpan,850,13,61
jpn_Jpan,850,14,34
jpn_Jpan,851,0,60
jpn_Jpan,851,1,13
jpn_Jpan,851,2,24
jpn_Jpan,851,3,19
jpn_Jpan,851,4,13
jpn_Jpan,851,5,13
jpn_Jpan,851,6,24
jpn_Jpan,851,7,47
jpn_Jpan,851,8,47
jpn_Jpan,851,9,13
jpn_Jpan,851,10,19
jpn_Jpan,851,11,13
jpn_Jpan,851,12,13
jpn_Jpan,851,13,61
jpn_Jpan,851,14,13
jpn_Jpan,851,15,34
jpn_Jpan,851,16,51
jpn_Jpan,851,17,51
jpn_Jpan,852,0,60
jpn_Jpan,852,1,36
jpn_Jpan,852,2,24
jpn_Jpan,852,3,24
jpn_Jpan,852,4,52
jpn_Jpan,852,5,36
jpn_Jpan,852,6,61
jpn_Jpan,852,7,13
jpn_Jpan,852,8,24
jpn_Jpan,852,9,13
jpn_Jpan,852,10,13
jpn_Jpan,852,11,24
jpn_Jpan,852,12,47
jpn_Jpan,852,13,47
jpn_Jpan,852,14,13
jpn_Jpan,852,15,13
jpn_Jpan,852,16,13
jpn_Jpan,852,17,24
jpn_Jpan,852,18,13
jpn_Jpan,852,19,24
jpn_Jpan,852,20,13
jpn_Jpan,852,21,34
eng_Latn,853,0,60
eng_Latn,853,1,61
eng_Latn,853,2,46
eng_Latn,853,3,48
eng_Latn,853,4,31
eng_Latn,853,5,52
eng_Latn,853,6,52
eng_Latn,853,7,19
eng_Latn,853,8,19
eng_Latn,853,9,3
eng_Latn,853,10,3
eng_Latn,853,11,57
eng_Latn,853,12,37
eng_Latn,853,13,52
eng_Latn,854,0,60
eng_Latn,854,1,29
eng_Latn,854,2,57
eng_Latn,854,3,31
eng_Latn,854,4,59
eng_Latn,854,5,46
eng_Latn,854,6,51
eng_Latn,854,7,16
eng_Latn,854,8,45
eng_Latn,854,9,45
eng_Latn,854,10,34
jpn_Jpan,855,0,60
jpn_Jpan,855,1,24
jpn_Jpan,855,2,13
jpn_Jpan,855,3,24
jpn_Jpan,855,4,13
jpn_Jpan,855,5,13
jpn_Jpan,855,6,19
jpn_Jpan,855,7,13
jpn_Jpan,855,8,24
jpn_Jpan,855,9,13
jpn_Jpan,855,10,13
jpn_Jpan,855,11,13
jpn_Jpan,855,12,34
eng_Latn,856,0,60
eng_Latn,856,1,17
eng_Latn,856,2,17
eng_Latn,856,3,5
eng_Latn,856,4,5
eng_Latn,856,5,49
eng_Latn,857,0,60
eng_Latn,857,1,19
eng_Latn,857,2,22
eng_Latn,857,3,22
eng_Latn,857,4,52
eng_Latn,857,5,49
eng_Latn,857,6,9
eng_Latn,857,7,37
eng_Latn,857,8,57
eng_Latn,857,9,8
eng_Latn,858,0,60
eng_Latn,858,1,38
eng_Latn,858,2,38
eng_Latn,858,3,56
eng_Latn,858,4,47
eng_Latn,858,5,14
eng_Latn,858,6,14
eng_Latn,858,7,21
eng_Latn,858,8,14
eng_Latn,858,9,49
jpn_Jpan,859,0,60
jpn_Jpan,859,1,24
jpn_Jpan,859,2,19
jpn_Jpan,859,3,13
jpn_Jpan,859,4,39
jpn_Jpan,859,5,13
jpn_Jpan,859,6,36
jpn_Jpan,859,7,13
jpn_Jpan,859,8,36
jpn_Jpan,859,9,24
jpn_Jpan,859,10,13
jpn_Jpan,859,11,13
jpn_Jpan,859,12,34
jpn_Jpan,859,13,13
jpn_Jpan,860,0,60
jpn_Jpan,860,1,13
jpn_Jpan,860,2,13
jpn_Jpan,860,3,24
jpn_Jpan,860,4,13
jpn_Jpan,860,5,13
jpn_Jpan,860,6,24
jpn_Jpan,860,7,52
jpn_Jpan,860,8,19
jpn_Jpan,860,9,13
jpn_Jpan,860,10,24
jpn_Jpan,860,11,24
jpn_Jpan,860,12,13
jpn_Jpan,860,13,13
jpn_Jpan,860,14,13
jpn_Jpan,860,15,13
jpn_Jpan,860,16,13
jpn_Jpan,860,17,24
jpn_Jpan,860,18,47
jpn_Jpan,860,19,19
jpn_Jpan,860,20,13
jpn_Jpan,860,21,13
jpn_Jpan,860,22,24
jpn_Jpan,860,23,47
jpn_Jpan,860,24,13
jpn_Jpan,860,25,34
jpn_Jpan,861,0,60
jpn_Jpan,861,1,13
jpn_Jpan,861,2,13
jpn_Jpan,861,3,7
jpn_Jpan,861,4,13
jpn_Jpan,861,5,36
jpn_Jpan,861,6,24
jpn_Jpan,861,7,13
jpn_Jpan,861,8,13
jpn_Jpan,861,9,13
jpn_Jpan,861,10,13
jpn_Jpan,861,11,13
jpn_Jpan,861,12,36
jpn_Jpan,861,13,13
jpn_Jpan,861,14,13
jpn_Jpan,861,15,36
jpn_Jpan,861,16,52
jpn_Jpan,861,17,36
jpn_Jpan,861,18,24
jpn_Jpan,861,19,61
jpn_Jpan,861,20,13
jpn_Jpan,861,21,34
jpn_Jpan,861,22,13
jpn_Jpan,861,23,36
jpn_Jpan,861,24,36
jpn_Jpan,862,0,60
jpn_Jpan,862,1,13
jpn_Jpan,862,2,24
jpn_Jpan,862,3,39
jpn_Jpan,862,4,7
jpn_Jpan,862,5,24
jpn_Jpan,862,6,13
jpn_Jpan,862,7,19
jpn_Jpan,862,8,34
jpn_Jpan,862,9,13
jpn_Jpan,862,10,34
jpn_Jpan,862,11,24
jpn_Jpan,862,12,24
jpn_Jpan,862,13,36
jpn_Jpan,862,14,13
jpn_Jpan,862,15,47
jpn_Jpan,862,16,13
jpn_Jpan,862,17,13
jpn_Jpan,862,18,34
jpn_Jpan,862,19,34
jpn_Jpan,863,0,60
jpn_Jpan,863,1,13
jpn_Jpan,863,2,13
jpn_Jpan,863,3,24
jpn_Jpan,863,4,13
jpn_Jpan,863,5,19
jpn_Jpan,863,6,39
jpn_Jpan,863,7,13
jpn_Jpan,863,8,13
jpn_Jpan,863,9,24
jpn_Jpan,863,10,24
jpn_Jpan,863,11,13
jpn_Jpan,863,12,13
jpn_Jpan,863,13,19
jpn_Jpan,863,14,13
jpn_Jpan,863,15,19
jpn_Jpan,863,16,13
jpn_Jpan,863,17,13
jpn_Jpan,863,18,13
jpn_Jpan,863,19,19
jpn_Jpan,863,20,24
jpn_Jpan,863,21,47
jpn_Jpan,863,22,19
jpn_Jpan,863,23,13
jpn_Jpan,863,24,19
jpn_Jpan,863,25,13
jpn_Jpan,864,0,60
jpn_Jpan,864,1,24
jpn_Jpan,864,2,13
jpn_Jpan,864,3,13
jpn_Jpan,864,4,19
jpn_Jpan,864,5,19
jpn_Jpan,864,6,39
jpn_Jpan,864,7,7
jpn_Jpan,864,8,13
jpn_Jpan,864,9,13
jpn_Jpan,864,10,19
jpn_Jpan,864,11,19
jpn_Jpan,864,12,36
jpn_Jpan,864,13,24
jpn_Jpan,864,14,36
jpn_Jpan,864,15,36
jpn_Jpan,864,16,36
jpn_Jpan,864,17,13
jpn_Jpan,864,18,36
jpn_Jpan,864,19,13
jpn_Jpan,864,20,13
jpn_Jpan,864,21,34
jpn_Jpan,865,0,60
jpn_Jpan,865,1,13
jpn_Jpan,865,2,19
jpn_Jpan,865,3,19
jpn_Jpan,865,4,61
jpn_Jpan,865,5,13
jpn_Jpan,865,6,13
jpn_Jpan,865,7,47
jpn_Jpan,865,8,19
jpn_Jpan,865,9,13
jpn_Jpan,865,10,24
jpn_Jpan,865,11,13
jpn_Jpan,865,12,34
eng_Latn,866,0,60
eng_Latn,866,1,15
eng_Latn,866,2,56
eng_Latn,866,3,63
eng_Latn,866,4,41
eng_Latn,866,5,63
jpn_Jpan,867,0,60
jpn_Jpan,867,1,13
jpn_Jpan,867,2,13
jpn_Jpan,867,3,13
jpn_Jpan,867,4,12
jpn_Jpan,867,5,13
jpn_Jpan,867,6,13
jpn_Jpan,867,7,13
jpn_Jpan,867,8,61
jpn_Jpan,867,9,61
jpn_Jpan,867,10,19
jpn_Jpan,867,11,13
jpn_Jpan,867,12,13
jpn_Jpan,867,13,19
jpn_Jpan,867,14,47
jpn_Jpan,867,15,13
jpn_Jpan,867,16,13
jpn_Jpan,867,17,39
jpn_Jpan,867,18,61
jpn_Jpan,867,19,13
jpn_Jpan,867,20,13
eng_Latn,868,0,60
eng_Latn,868,1,47
eng_Latn,868,2,47
eng_Latn,868,3,40
eng_Latn,868,4,56
eng_Latn,868,5,46
eng_Latn,868,6,59
eng_Latn,868,7,59
eng_Latn,868,8,7
eng_Latn,868,9,33
eng_Latn,869,0,60
eng_Latn,869,1,15
eng_Latn,869,2,16
jpn_Jpan,870,0,60
jpn_Jpan,870,1,36
jpn_Jpan,870,2,36
jpn_Jpan,870,3,13
jpn_Jpan,870,4,36
jpn_Jpan,870,5,13
jpn_Jpan,870,6,13
jpn_Jpan,870,7,19
jpn_Jpan,870,8,13
jpn_Jpan,870,9,19
jpn_Jpan,870,10,58
jpn_Jpan,870,11,58
jpn_Jpan,870,12,12
jpn_Jpan,870,13,52
jpn_Jpan,870,14,52
jpn_Jpan,870,15,52
jpn_Jpan,870,16,37
jpn_Jpan,870,17,52
jpn_Jpan,870,18,13
jpn_Jpan,870,19,12
jpn_Jpan,870,20,11
jpn_Jpan,870,21,13
jpn_Jpan,870,22,47
jpn_Jpan,870,23,13
jpn_Jpan,870,24,13
jpn_Jpan,870,25,36
jpn_Jpan,870,26,61
jpn_Jpan,870,27,13
jpn_Jpan,870,28,13
jpn_Jpan,870,29,13
jpn_Jpan,870,30,24
jpn_Jpan,870,31,19
jpn_Jpan,870,32,13
jpn_Jpan,870,33,13
jpn_Jpan,870,34,13
jpn_Jpan,870,35,34
jpn_Jpan,870,36,1
jpn_Jpan,870,37,39
jpn_Jpan,870,38,61
jpn_Jpan,870,39,19
jpn_Jpan,870,40,39
jpn_Jpan,870,41,13
jpn_Jpan,870,42,13
jpn_Jpan,870,43,13
jpn_Jpan,870,44,24
jpn_Jpan,870,45,13
jpn_Jpan,870,46,13
jpn_Jpan,870,47,13
jpn_Jpan,870,48,13
jpn_Jpan,871,0,60
jpn_Jpan,871,1,13
jpn_Jpan,871,2,13
jpn_Jpan,871,3,19
jpn_Jpan,871,4,39
jpn_Jpan,871,5,39
jpn_Jpan,871,6,13
jpn_Jpan,871,7,13
jpn_Jpan,871,8,13
jpn_Jpan,871,9,24
jpn_Jpan,871,10,13
jpn_Jpan,871,11,47
jpn_Jpan,871,12,13
jpn_Jpan,871,13,13
jpn_Jpan,871,14,13
jpn_Jpan,871,15,13
jpn_Jpan,871,16,13
jpn_Jpan,871,17,13
jpn_Jpan,871,18,13
jpn_Jpan,871,19,13
jpn_Jpan,871,20,13
jpn_Jpan,871,21,13
jpn_Jpan,871,22,11
jpn_Jpan,871,23,47
jpn_Jpan,871,24,13
jpn_Jpan,871,25,13
jpn_Jpan,871,26,13
jpn_Jpan,871,27,24
jpn_Jpan,871,28,13
jpn_Jpan,871,29,13
jpn_Jpan,871,30,13
jpn_Jpan,871,31,13
jpn_Jpan,871,32,13
jpn_Jpan,871,33,24
jpn_Jpan,871,34,61
jpn_Jpan,871,35,47
jpn_Jpan,871,36,13
jpn_Jpan,871,37,13
jpn_Jpan,871,38,47
jpn_Jpan,871,39,13
jpn_Jpan,871,40,51
jpn_Jpan,871,41,9
jpn_Jpan,871,42,13
jpn_Jpan,871,43,39
jpn_Jpan,871,44,24
jpn_Jpan,871,45,13
jpn_Jpan,871,46,13
jpn_Jpan,871,47,19
jpn_Jpan,871,48,13
jpn_Jpan,871,49,61
jpn_Jpan,871,50,13
jpn_Jpan,872,0,60
jpn_Jpan,872,1,13
jpn_Jpan,872,2,24
jpn_Jpan,872,3,13
jpn_Jpan,872,4,19
jpn_Jpan,872,5,36
jpn_Jpan,872,6,24
jpn_Jpan,872,7,24
jpn_Jpan,872,8,47
jpn_Jpan,872,9,19
jpn_Jpan,872,10,13
jpn_Jpan,872,11,24
jpn_Jpan,872,12,19
jpn_Jpan,872,13,13
jpn_Jpan,872,14,13
jpn_Jpan,872,15,13
jpn_Jpan,872,16,19
jpn_Jpan,872,17,13
jpn_Jpan,872,18,13
jpn_Jpan,872,19,34
eng_Latn,873,0,60
eng_Latn,873,1,57
eng_Latn,873,2,38
eng_Latn,873,3,38
eng_Latn,873,4,19
eng_Latn,873,5,15
eng_Latn,873,6,17
eng_Latn,873,7,8
eng_Latn,873,8,16
jpn_Jpan,874,0,60
jpn_Jpan,874,1,24
jpn_Jpan,874,2,19
jpn_Jpan,874,3,40
jpn_Jpan,874,4,24
jpn_Jpan,874,5,40
jpn_Jpan,874,6,30
jpn_Jpan,874,7,58
jpn_Jpan,874,8,24
jpn_Jpan,874,9,58
jpn_Jpan,875,0,60
jpn_Jpan,875,1,13
jpn_Jpan,875,2,13
jpn_Jpan,875,3,13
jpn_Jpan,875,4,24
jpn_Jpan,875,5,47
jpn_Jpan,875,6,13
jpn_Jpan,875,7,47
jpn_Jpan,875,8,34
jpn_Jpan,875,9,13
jpn_Jpan,875,10,13
jpn_Jpan,875,11,34
jpn_Jpan,875,12,24
jpn_Jpan,875,13,13
jpn_Jpan,875,14,13
jpn_Jpan,875,15,13
jpn_Jpan,875,16,13
jpn_Jpan,875,17,13
jpn_Jpan,875,18,13
jpn_Jpan,875,19,39
jpn_Jpan,875,20,13
jpn_Jpan,875,21,13
jpn_Jpan,875,22,13
jpn_Jpan,875,23,47
jpn_Jpan,875,24,13
jpn_Jpan,875,25,34
jpn_Jpan,875,26,19
jpn_Jpan,875,27,13
jpn_Jpan,875,28,34
jpn_Jpan,876,0,60
jpn_Jpan,876,1,24
jpn_Jpan,876,2,52
jpn_Jpan,876,3,1
jpn_Jpan,876,4,13
jpn_Jpan,876,5,36
jpn_Jpan,876,6,13
jpn_Jpan,876,7,19
jpn_Jpan,876,8,34
jpn_Jpan,876,9,36
jpn_Jpan,876,10,24
jpn_Jpan,876,11,12
jpn_Jpan,876,12,13
jpn_Jpan,876,13,13
jpn_Jpan,876,14,61
jpn_Jpan,876,15,61
jpn_Jpan,876,16,13
jpn_Jpan,877,0,60
jpn_Jpan,877,1,47
jpn_Jpan,877,2,13
jpn_Jpan,877,3,47
jpn_Jpan,877,4,13
jpn_Jpan,877,5,19
jpn_Jpan,877,6,12
jpn_Jpan,877,7,13
jpn_Jpan,877,8,24
jpn_Jpan,877,9,13
jpn_Jpan,877,10,13
jpn_Jpan,877,11,24
jpn_Jpan,877,12,61
jpn_Jpan,877,13,13
jpn_Jpan,877,14,24
jpn_Jpan,877,15,47
jpn_Jpan,877,16,19
jpn_Jpan,877,17,13
jpn_Jpan,877,18,13
jpn_Jpan,877,19,13
jpn_Jpan,877,20,24
jpn_Jpan,877,21,24
jpn_Jpan,877,22,19
jpn_Jpan,877,23,13
jpn_Jpan,877,24,24
jpn_Jpan,877,25,19
jpn_Jpan,877,26,13
jpn_Jpan,877,27,13
jpn_Jpan,877,28,13
jpn_Jpan,877,29,13
jpn_Jpan,877,30,24
jpn_Jpan,877,31,52
jpn_Jpan,877,32,13
jpn_Jpan,877,33,19
jpn_Jpan,877,34,13
jpn_Jpan,877,35,24
jpn_Jpan,877,36,13
jpn_Jpan,877,37,13
jpn_Jpan,877,38,13
jpn_Jpan,877,39,13
jpn_Jpan,877,40,24
jpn_Jpan,877,41,13
jpn_Jpan,877,42,13
jpn_Jpan,877,43,13
jpn_Jpan,877,44,61
jpn_Jpan,877,45,13
jpn_Jpan,877,46,13
jpn_Jpan,877,47,34
eng_Latn,878,0,60
eng_Latn,878,1,37
eng_Latn,878,2,52
eng_Latn,878,3,57
eng_Latn,878,4,59
eng_Latn,878,5,50
eng_Latn,878,6,56
eng_Latn,878,7,35
eng_Latn,878,8,35
eng_Latn,878,9,8
eng_Latn,878,10,8
eng_Latn,878,11,48
jpn_Jpan,879,0,60
jpn_Jpan,879,1,24
jpn_Jpan,879,2,47
jpn_Jpan,879,3,13
jpn_Jpan,879,4,24
jpn_Jpan,879,5,52
jpn_Jpan,879,6,19
jpn_Jpan,879,7,13
jpn_Jpan,879,8,13
jpn_Jpan,879,9,13
jpn_Jpan,879,10,51
jpn_Jpan,879,11,42
jpn_Jpan,879,12,52
jpn_Jpan,879,13,13
jpn_Jpan,879,14,13
jpn_Jpan,879,15,19
jpn_Jpan,879,16,13
jpn_Jpan,879,17,24
jpn_Jpan,879,18,47
jpn_Jpan,879,19,13
jpn_Jpan,879,20,24
jpn_Jpan,879,21,13
jpn_Jpan,879,22,24
jpn_Jpan,879,23,13
jpn_Jpan,879,24,61
jpn_Jpan,879,25,19
jpn_Jpan,879,26,13
jpn_Jpan,879,27,24
jpn_Jpan,879,28,24
jpn_Jpan,879,29,19
jpn_Jpan,879,30,13
jpn_Jpan,879,31,52
jpn_Jpan,879,32,19
jpn_Jpan,879,33,34
jpn_Jpan,879,34,24
jpn_Jpan,879,35,13
jpn_Jpan,879,36,24
jpn_Jpan,879,37,19
jpn_Jpan,879,38,13
jpn_Jpan,879,39,51
jpn_Jpan,880,0,60
jpn_Jpan,880,1,24
jpn_Jpan,880,2,40
jpn_Jpan,880,3,24
jpn_Jpan,880,4,7
jpn_Jpan,880,5,24
jpn_Jpan,880,6,22
jpn_Jpan,880,7,52
jpn_Jpan,880,8,13
jpn_Jpan,880,9,13
jpn_Jpan,880,10,26
jpn_Jpan,880,11,47
jpn_Jpan,881,0,60
jpn_Jpan,881,1,13
jpn_Jpan,881,2,13
jpn_Jpan,881,3,13
jpn_Jpan,881,4,47
jpn_Jpan,881,5,39
jpn_Jpan,881,6,9
jpn_Jpan,881,7,39
jpn_Jpan,881,8,13
jpn_Jpan,881,9,13
jpn_Jpan,881,10,13
jpn_Jpan,881,11,11
jpn_Jpan,881,12,13
jpn_Jpan,881,13,13
jpn_Jpan,881,14,13
jpn_Jpan,881,15,13
jpn_Jpan,881,16,11
jpn_Jpan,881,17,61
jpn_Jpan,881,18,36
jpn_Jpan,881,19,19
jpn_Jpan,881,20,36
jpn_Jpan,881,21,47
jpn_Jpan,881,22,13
jpn_Jpan,881,23,13
jpn_Jpan,881,24,12
jpn_Jpan,881,25,58
jpn_Jpan,881,26,11
jpn_Jpan,881,27,61
jpn_Jpan,882,0,60
jpn_Jpan,882,1,47
jpn_Jpan,882,2,39
jpn_Jpan,882,3,13
jpn_Jpan,882,4,13
jpn_Jpan,882,5,24
jpn_Jpan,882,6,52
jpn_Jpan,882,7,19
jpn_Jpan,882,8,13
jpn_Jpan,882,9,24
jpn_Jpan,882,10,13
jpn_Jpan,882,11,26
jpn_Jpan,882,12,19
jpn_Jpan,882,13,13
jpn_Jpan,882,14,13
jpn_Jpan,882,15,24
jpn_Jpan,883,0,60
jpn_Jpan,883,1,13
jpn_Jpan,883,2,36
jpn_Jpan,883,3,24
jpn_Jpan,883,4,19
jpn_Jpan,883,5,19
jpn_Jpan,883,6,47
jpn_Jpan,883,7,36
jpn_Jpan,883,8,24
jpn_Jpan,883,9,19
jpn_Jpan,883,10,13
jpn_Jpan,883,11,61
jpn_Jpan,883,12,19
jpn_Jpan,883,13,39
jpn_Jpan,883,14,13
jpn_Jpan,883,15,24
jpn_Jpan,883,16,13
jpn_Jpan,883,17,13
jpn_Jpan,883,18,24
jpn_Jpan,883,19,13
jpn_Jpan,883,20,13
jpn_Jpan,883,21,13
jpn_Jpan,883,22,13
jpn_Jpan,883,23,24
jpn_Jpan,883,24,47
jpn_Jpan,883,25,36
jpn_Jpan,883,26,36
jpn_Jpan,883,27,24
jpn_Jpan,883,28,13
jpn_Jpan,883,29,13
jpn_Jpan,883,30,24
jpn_Jpan,883,31,13
jpn_Jpan,883,32,47
jpn_Jpan,883,33,47
jpn_Jpan,883,34,61
jpn_Jpan,883,35,19
jpn_Jpan,883,36,13
jpn_Jpan,883,37,13
jpn_Jpan,884,0,60
jpn_Jpan,884,1,13
jpn_Jpan,884,2,13
jpn_Jpan,884,3,13
jpn_Jpan,884,4,13
jpn_Jpan,884,5,13
jpn_Jpan,884,6,24
jpn_Jpan,884,7,47
jpn_Jpan,884,8,13
jpn_Jpan,884,9,13
jpn_Jpan,884,10,24
jpn_Jpan,884,11,13
jpn_Jpan,884,12,13
jpn_Jpan,884,13,13
jpn_Jpan,884,14,19
jpn_Jpan,884,15,13
jpn_Jpan,884,16,13
jpn_Jpan,884,17,19
jpn_Jpan,884,18,13
jpn_Jpan,884,19,13
jpn_Jpan,884,20,34
jpn_Jpan,885,0,60
jpn_Jpan,885,1,13
jpn_Jpan,885,2,61
jpn_Jpan,885,3,13
jpn_Jpan,885,4,52
jpn_Jpan,885,5,24
jpn_Jpan,885,6,13
jpn_Jpan,885,7,19
jpn_Jpan,885,8,13
jpn_Jpan,885,9,13
jpn_Jpan,886,0,60
jpn_Jpan,886,1,24
jpn_Jpan,886,2,13
jpn_Jpan,886,3,39
jpn_Jpan,886,4,51
jpn_Jpan,886,5,34
jpn_Jpan,886,6,9
jpn_Jpan,886,7,58
jpn_Jpan,886,8,12
jpn_Jpan,886,9,22
jpn_Jpan,886,10,40
jpn_Jpan,887,0,60
jpn_Jpan,887,1,36
jpn_Jpan,887,2,61
jpn_Jpan,887,3,13
jpn_Jpan,887,4,24
jpn_Jpan,887,5,19
jpn_Jpan,887,6,13
jpn_Jpan,887,7,24
jpn_Jpan,887,8,1
jpn_Jpan,887,9,13
jpn_Jpan,887,10,47
jpn_Jpan,887,11,13
jpn_Jpan,887,12,61
jpn_Jpan,887,13,13
jpn_Jpan,887,14,24
jpn_Jpan,887,15,47
jpn_Jpan,887,16,13
jpn_Jpan,887,17,26
jpn_Jpan,887,18,19
jpn_Jpan,887,19,13
jpn_Jpan,887,20,24
jpn_Jpan,887,21,13
jpn_Jpan,887,22,13
jpn_Jpan,887,23,13
jpn_Jpan,887,24,29
jpn_Jpan,887,25,13
jpn_Jpan,887,26,19
jpn_Jpan,887,27,13
jpn_Jpan,887,28,24
jpn_Jpan,887,29,13
eng_Latn,888,0,60
eng_Latn,888,1,40
eng_Latn,888,2,19
eng_Latn,888,3,7
eng_Latn,888,4,52
eng_Latn,888,5,1
eng_Latn,888,6,52
eng_Latn,888,7,37
eng_Latn,888,8,1
eng_Latn,888,9,9
eng_Latn,888,10,1
jpn_Jpan,889,0,60
jpn_Jpan,889,1,19
jpn_Jpan,889,2,13
jpn_Jpan,889,3,39
jpn_Jpan,889,4,13
jpn_Jpan,889,5,39
jpn_Jpan,889,6,47
jpn_Jpan,889,7,13
jpn_Jpan,889,8,13
jpn_Jpan,889,9,13
jpn_Jpan,889,10,1
jpn_Jpan,889,11,13
jpn_Jpan,889,12,12
jpn_Jpan,889,13,22
eng_Latn,890,0,60
eng_Latn,890,1,9
eng_Latn,890,2,38
eng_Latn,890,3,15
eng_Latn,890,4,56
eng_Latn,890,5,63
eng_Latn,890,6,63
eng_Latn,890,7,37
eng_Latn,890,8,49
eng_Latn,890,9,63
eng_Latn,890,10,37
jpn_Jpan,891,0,60
jpn_Jpan,891,1,13
jpn_Jpan,891,2,19
jpn_Jpan,891,3,19
jpn_Jpan,891,4,39
jpn_Jpan,891,5,13
jpn_Jpan,891,6,47
jpn_Jpan,891,7,13
jpn_Jpan,891,8,1
jpn_Jpan,891,9,19
jpn_Jpan,891,10,13
jpn_Jpan,891,11,36
jpn_Jpan,891,12,13
jpn_Jpan,891,13,13
jpn_Jpan,891,14,13
jpn_Jpan,891,15,24
jpn_Jpan,891,16,61
jpn_Jpan,891,17,13
jpn_Jpan,891,18,13
jpn_Jpan,891,19,13
jpn_Jpan,891,20,34
jpn_Jpan,891,21,13
jpn_Jpan,891,22,24
jpn_Jpan,891,23,26
jpn_Jpan,891,24,47
jpn_Jpan,891,25,13
jpn_Jpan,891,26,34
jpn_Jpan,891,27,34
eng_Latn,892,0,60
eng_Latn,892,1,11
eng_Latn,892,2,52
eng_Latn,892,3,47
eng_Latn,892,4,3
eng_Latn,892,5,3
eng_Latn,892,6,57
eng_Latn,892,7,39
eng_Latn,892,8,19
eng_Latn,892,9,3
eng_Latn,893,0,60
eng_Latn,893,1,40
eng_Latn,893,2,5
eng_Latn,893,3,49
eng_Latn,893,4,5
eng_Latn,893,5,3
eng_Latn,893,6,57
eng_Latn,893,7,53
eng_Latn,893,8,37
eng_Latn,893,9,63
jpn_Jpan,894,0,60
jpn_Jpan,894,1,13
jpn_Jpan,894,2,13
jpn_Jpan,894,3,13
jpn_Jpan,894,4,36
jpn_Jpan,894,5,61
jpn_Jpan,894,6,13
jpn_Jpan,894,7,13
jpn_Jpan,894,8,24
jpn_Jpan,894,9,19
jpn_Jpan,894,10,13
jpn_Jpan,894,11,13
jpn_Jpan,894,12,13
jpn_Jpan,894,13,13
jpn_Jpan,894,14,61
jpn_Jpan,894,15,39
jpn_Jpan,894,16,13
jpn_Jpan,894,17,13
jpn_Jpan,894,18,34
eng_Latn,895,0,60
eng_Latn,895,1,22
eng_Latn,895,2,61
eng_Latn,895,3,19
eng_Latn,895,4,40
eng_Latn,895,5,53
eng_Latn,895,6,3
eng_Latn,895,7,63
eng_Latn,896,0,60
eng_Latn,896,1,18
eng_Latn,896,2,16
eng_Latn,896,3,38
eng_Latn,896,4,46
eng_Latn,896,5,20
eng_Latn,896,6,38
eng_Latn,896,7,15
jpn_Jpan,897,0,60
jpn_Jpan,897,1,13
jpn_Jpan,897,2,24
jpn_Jpan,897,3,13
jpn_Jpan,897,4,47
jpn_Jpan,897,5,19
jpn_Jpan,897,6,13
jpn_Jpan,897,7,19
jpn_Jpan,897,8,13
jpn_Jpan,897,9,24
jpn_Jpan,897,10,13
jpn_Jpan,897,11,13
jpn_Jpan,897,12,19
jpn_Jpan,897,13,39
jpn_Jpan,897,14,13
jpn_Jpan,897,15,13
jpn_Jpan,897,16,34
jpn_Jpan,897,17,24
jpn_Jpan,898,0,60
jpn_Jpan,898,1,13
jpn_Jpan,898,2,13
jpn_Jpan,898,3,47
jpn_Jpan,898,4,13
jpn_Jpan,898,5,36
jpn_Jpan,898,6,61
jpn_Jpan,898,7,13
jpn_Jpan,898,8,24
jpn_Jpan,898,9,24
jpn_Jpan,898,10,13
jpn_Jpan,898,11,19
jpn_Jpan,898,12,13
jpn_Jpan,898,13,13
jpn_Jpan,898,14,34
jpn_Jpan,898,15,24
jpn_Jpan,898,16,13
jpn_Jpan,898,17,19
jpn_Jpan,898,18,13
jpn_Jpan,898,19,24
jpn_Jpan,898,20,19
jpn_Jpan,898,21,13
jpn_Jpan,898,22,13
jpn_Jpan,898,23,34
jpn_Jpan,898,24,24
jpn_Jpan,898,25,13
jpn_Jpan,898,26,34
jpn_Jpan,898,27,13
jpn_Jpan,898,28,51
jpn_Jpan,898,29,39
jpn_Jpan,898,30,13
jpn_Jpan,898,31,34
eng_Latn,899,0,60
eng_Latn,899,1,37
eng_Latn,899,2,12
eng_Latn,899,3,2
eng_Latn,899,4,47
eng_Latn,900,0,60
eng_Latn,900,1,57
eng_Latn,900,2,32
eng_Latn,900,3,62
eng_Latn,900,4,62
eng_Latn,900,5,57
jpn_Jpan,901,0,60
jpn_Jpan,901,1,13
jpn_Jpan,901,2,13
jpn_Jpan,901,3,24
jpn_Jpan,901,4,13
jpn_Jpan,901,5,13
jpn_Jpan,901,6,47
jpn_Jpan,901,7,13
jpn_Jpan,901,8,13
jpn_Jpan,901,9,13
jpn_Jpan,901,10,36
jpn_Jpan,901,11,36
jpn_Jpan,901,12,13
jpn_Jpan,901,13,36
jpn_Jpan,901,14,24
jpn_Jpan,901,15,40
jpn_Jpan,901,16,7
jpn_Jpan,901,17,24
jpn_Jpan,901,18,19
jpn_Jpan,901,19,13
jpn_Jpan,901,20,13
jpn_Jpan,901,21,13
jpn_Jpan,901,22,61
jpn_Jpan,901,23,13
jpn_Jpan,901,24,24
jpn_Jpan,901,25,13
jpn_Jpan,901,26,36
jpn_Jpan,901,27,24
jpn_Jpan,901,28,19
jpn_Jpan,901,29,13
jpn_Jpan,901,30,36
jpn_Jpan,901,31,13
jpn_Jpan,901,32,61
jpn_Jpan,901,33,36
jpn_Jpan,901,34,24
jpn_Jpan,901,35,13
jpn_Jpan,901,36,13
jpn_Jpan,901,37,13
jpn_Jpan,901,38,19
jpn_Jpan,901,39,13
jpn_Jpan,901,40,13
jpn_Jpan,901,41,36
jpn_Jpan,901,42,13
jpn_Jpan,901,43,34
jpn_Jpan,902,0,60
jpn_Jpan,902,1,52
jpn_Jpan,902,2,13
jpn_Jpan,902,3,24
jpn_Jpan,902,4,13
jpn_Jpan,902,5,13
jpn_Jpan,902,6,24
jpn_Jpan,902,7,7
jpn_Jpan,902,8,36
jpn_Jpan,902,9,24
jpn_Jpan,902,10,52
jpn_Jpan,902,11,13
jpn_Jpan,902,12,24
jpn_Jpan,902,13,13
jpn_Jpan,902,14,13
jpn_Jpan,902,15,19
jpn_Jpan,902,16,13
jpn_Jpan,902,17,24
jpn_Jpan,902,18,47
jpn_Jpan,902,19,13
jpn_Jpan,902,20,24
jpn_Jpan,902,21,24
jpn_Jpan,902,22,13
jpn_Jpan,902,23,13
jpn_Jpan,902,24,34
jpn_Jpan,902,25,24
jpn_Jpan,902,26,13
jpn_Jpan,902,27,13
jpn_Jpan,902,28,13
jpn_Jpan,902,29,13
jpn_Jpan,902,30,34
eng_Latn,903,0,60
eng_Latn,903,1,27
eng_Latn,903,2,19
eng_Latn,903,3,18
eng_Latn,903,4,37
eng_Latn,903,5,57
eng_Latn,903,6,48
eng_Latn,903,7,48
eng_Latn,903,8,48
eng_Latn,903,9,48
eng_Latn,903,10,49
eng_Latn,904,0,60
eng_Latn,904,1,52
eng_Latn,904,2,17
eng_Latn,904,3,35
eng_Latn,904,4,50
eng_Latn,904,5,19
eng_Latn,904,6,16
eng_Latn,904,7,34
eng_Latn,904,8,42
eng_Latn,904,9,9
eng_Latn,904,10,54
eng_Latn,904,11,3
eng_Latn,905,0,60
eng_Latn,905,1,27
eng_Latn,905,2,61
eng_Latn,905,3,39
eng_Latn,905,4,9
eng_Latn,905,5,38
eng_Latn,905,6,50
eng_Latn,905,7,16
jpn_Jpan,906,0,60
jpn_Jpan,906,1,60
jpn_Jpan,906,2,13
jpn_Jpan,906,3,19
jpn_Jpan,906,4,13
jpn_Jpan,906,5,52
jpn_Jpan,906,6,19
jpn_Jpan,906,7,13
jpn_Jpan,906,8,12
jpn_Jpan,906,9,24
jpn_Jpan,906,10,13
jpn_Jpan,906,11,24
jpn_Jpan,906,12,19
jpn_Jpan,906,13,13
jpn_Jpan,906,14,19
jpn_Jpan,906,15,13
jpn_Jpan,906,16,24
jpn_Jpan,906,17,13
jpn_Jpan,906,18,19
jpn_Jpan,906,19,13
jpn_Jpan,906,20,13
jpn_Jpan,906,21,13
jpn_Jpan,906,22,24
jpn_Jpan,906,23,24
jpn_Jpan,906,24,36
jpn_Jpan,906,25,7
jpn_Jpan,906,26,26
jpn_Jpan,906,27,47
jpn_Jpan,906,28,13
jpn_Jpan,906,29,19
jpn_Jpan,906,30,19
jpn_Jpan,906,31,7
jpn_Jpan,906,32,19
jpn_Jpan,906,33,13
jpn_Jpan,906,34,13
eng_Latn,907,0,60
eng_Latn,907,1,19
eng_Latn,907,2,40
eng_Latn,907,3,49
eng_Latn,908,0,60
eng_Latn,908,1,40
eng_Latn,908,2,46
eng_Latn,908,3,47
eng_Latn,908,4,19
eng_Latn,908,5,34
eng_Latn,909,0,60
eng_Latn,909,1,9
eng_Latn,909,2,27
eng_Latn,909,3,9
eng_Latn,909,4,56
eng_Latn,909,5,35
eng_Latn,909,6,17
eng_Latn,909,7,51
jpn_Jpan,910,0,60
jpn_Jpan,910,1,13
jpn_Jpan,910,2,13
jpn_Jpan,910,3,13
jpn_Jpan,910,4,1
jpn_Jpan,910,5,13
jpn_Jpan,910,6,13
jpn_Jpan,910,7,13
jpn_Jpan,910,8,47
jpn_Jpan,910,9,39
jpn_Jpan,910,10,36
jpn_Jpan,910,11,24
jpn_Jpan,910,12,52
jpn_Jpan,910,13,47
jpn_Jpan,910,14,13
jpn_Jpan,910,15,61
jpn_Jpan,910,16,13
jpn_Jpan,910,17,24
jpn_Jpan,910,18,13
jpn_Jpan,910,19,61
jpn_Jpan,910,20,34
jpn_Jpan,910,21,13
jpn_Jpan,910,22,13
jpn_Jpan,910,23,52
jpn_Jpan,910,24,52
jpn_Jpan,910,25,52
jpn_Jpan,910,26,13
jpn_Jpan,910,27,24
jpn_Jpan,910,28,61
jpn_Jpan,910,29,13
jpn_Jpan,910,30,34
jpn_Jpan,910,31,13
jpn_Jpan,910,32,24
jpn_Jpan,910,33,13
jpn_Jpan,910,34,47
jpn_Jpan,910,35,19
jpn_Jpan,910,36,24
jpn_Jpan,910,37,19
jpn_Jpan,910,38,13
jpn_Jpan,910,39,47
jpn_Jpan,910,40,13
jpn_Jpan,910,41,13
jpn_Jpan,910,42,24
jpn_Jpan,910,43,13
jpn_Jpan,910,44,47
jpn_Jpan,910,45,13
jpn_Jpan,910,46,19
jpn_Jpan,910,47,13
jpn_Jpan,910,48,19
jpn_Jpan,910,49,13
jpn_Jpan,910,50,13
jpn_Jpan,911,0,60
jpn_Jpan,911,1,12
jpn_Jpan,911,2,36
jpn_Jpan,911,3,19
jpn_Jpan,911,4,13
jpn_Jpan,911,5,24
jpn_Jpan,911,6,19
jpn_Jpan,911,7,13
jpn_Jpan,911,8,13
jpn_Jpan,911,9,24
jpn_Jpan,911,10,19
jpn_Jpan,911,11,13
jpn_Jpan,911,12,19
jpn_Jpan,911,13,13
jpn_Jpan,911,14,13
jpn_Jpan,911,15,13
jpn_Jpan,911,16,13
jpn_Jpan,911,17,34
eng_Latn,912,0,60
eng_Latn,912,1,6
eng_Latn,912,2,48
eng_Latn,912,3,18
eng_Latn,912,4,63
eng_Latn,913,0,60
eng_Latn,913,1,22
eng_Latn,913,2,10
eng_Latn,913,3,56
eng_Latn,913,4,57
eng_Latn,913,5,52
eng_Latn,913,6,52
eng_Latn,914,0,60
eng_Latn,914,1,40
eng_Latn,914,2,40
eng_Latn,914,3,59
eng_Latn,914,4,19
eng_Latn,914,5,48
eng_Latn,914,6,62
eng_Latn,914,7,46
eng_Latn,914,8,57
eng_Latn,914,9,62
jpn_Jpan,915,0,60
jpn_Jpan,915,1,19
jpn_Jpan,915,2,36
jpn_Jpan,915,3,1
jpn_Jpan,915,4,36
jpn_Jpan,915,5,13
jpn_Jpan,915,6,13
jpn_Jpan,915,7,24
jpn_Jpan,915,8,13
jpn_Jpan,915,9,13
jpn_Jpan,915,10,61
jpn_Jpan,915,11,13
jpn_Jpan,915,12,13
jpn_Jpan,915,13,13
jpn_Jpan,915,14,39
jpn_Jpan,915,15,19
jpn_Jpan,915,16,13
jpn_Jpan,915,17,24
jpn_Jpan,915,18,61
jpn_Jpan,915,19,13
jpn_Jpan,915,20,13
jpn_Jpan,915,21,13
jpn_Jpan,915,22,13
jpn_Jpan,915,23,24
jpn_Jpan,915,24,13
jpn_Jpan,915,25,13
jpn_Jpan,915,26,47
jpn_Jpan,915,27,19
jpn_Jpan,915,28,13
jpn_Jpan,915,29,24
jpn_Jpan,915,30,47
jpn_Jpan,915,31,36
jpn_Jpan,915,32,19
jpn_Jpan,915,33,34
jpn_Jpan,915,34,13
eng_Latn,916,0,60
eng_Latn,916,1,54
eng_Latn,916,2,54
eng_Latn,916,3,20
eng_Latn,916,4,10
eng_Latn,916,5,30
eng_Latn,916,6,30
eng_Latn,916,7,46
jpn_Jpan,917,0,60
jpn_Jpan,917,1,13
jpn_Jpan,917,2,13
jpn_Jpan,917,3,47
jpn_Jpan,917,4,13
jpn_Jpan,917,5,13
jpn_Jpan,917,6,13
jpn_Jpan,917,7,13
jpn_Jpan,917,8,34
eng_Latn,918,0,60
eng_Latn,918,1,7
eng_Latn,918,2,19
eng_Latn,918,3,34
eng_Latn,918,4,9
eng_Latn,918,5,22
eng_Latn,918,6,42
eng_Latn,918,7,27
eng_Latn,918,8,13
eng_Latn,918,9,27
eng_Latn,918,10,7
eng_Latn,918,11,49
eng_Latn,919,0,60
eng_Latn,919,1,50
eng_Latn,919,2,20
eng_Latn,919,3,16
eng_Latn,919,4,10
eng_Latn,919,5,23
eng_Latn,919,6,23
eng_Latn,919,7,16
eng_Latn,920,0,60
eng_Latn,920,1,42
eng_Latn,920,2,34
eng_Latn,921,0,60
eng_Latn,921,1,47
eng_Latn,921,2,61
eng_Latn,921,3,9
eng_Latn,921,4,7
jpn_Jpan,922,0,60
jpn_Jpan,922,1,40
jpn_Jpan,922,2,24
jpn_Jpan,922,3,13
jpn_Jpan,922,4,61
jpn_Jpan,922,5,34
jpn_Jpan,922,6,13
jpn_Jpan,922,7,13
jpn_Jpan,922,8,24
jpn_Jpan,922,9,19
jpn_Jpan,922,10,40
jpn_Jpan,922,11,24
jpn_Jpan,922,12,13
jpn_Jpan,922,13,34
jpn_Jpan,922,14,13
jpn_Jpan,922,15,13
jpn_Jpan,922,16,13
jpn_Jpan,922,17,13
jpn_Jpan,922,18,34
jpn_Jpan,923,0,60
jpn_Jpan,923,1,13
jpn_Jpan,923,2,19
jpn_Jpan,923,3,39
jpn_Jpan,923,4,61
jpn_Jpan,923,5,39
jpn_Jpan,923,6,47
jpn_Jpan,923,7,13
jpn_Jpan,923,8,12
jpn_Jpan,923,9,58
jpn_Jpan,923,10,12
jpn_Jpan,923,11,47
jpn_Jpan,923,12,26
jpn_Jpan,923,13,39
eng_Latn,924,0,60
eng_Latn,924,1,22
jpn_Jpan,925,0,60
jpn_Jpan,925,1,54
jpn_Jpan,925,2,15
jpn_Jpan,925,3,30
jpn_Jpan,925,4,30
jpn_Jpan,925,5,16
eng_Latn,926,0,60
eng_Latn,926,1,52
eng_Latn,926,2,60
eng_Latn,926,3,50
eng_Latn,926,4,20
eng_Latn,926,5,52
eng_Latn,926,6,21
eng_Latn,926,7,8
eng_Latn,926,8,8
eng_Latn,926,9,46
eng_Latn,927,0,60
eng_Latn,927,1,50
eng_Latn,927,2,4
eng_Latn,927,3,31
eng_Latn,927,4,41
eng_Latn,927,5,61
eng_Latn,927,6,4
eng_Latn,927,7,57
eng_Latn,927,8,51
eng_Latn,927,9,53
eng_Latn,927,10,37
eng_Latn,927,11,51
eng_Latn,928,0,60
eng_Latn,928,1,48
eng_Latn,928,2,18
eng_Latn,928,3,18
eng_Latn,928,4,63
eng_Latn,928,5,30
eng_Latn,928,6,30
eng_Latn,928,7,33
eng_Latn,929,0,60
eng_Latn,929,1,52
eng_Latn,929,2,57
eng_Latn,929,3,48
eng_Latn,929,4,2
eng_Latn,929,5,19
eng_Latn,929,6,31
eng_Latn,929,7,53
eng_Latn,929,8,3
eng_Latn,929,9,31
jpn_Jpan,930,0,60
jpn_Jpan,930,1,19
jpn_Jpan,930,2,36
jpn_Jpan,930,3,19
jpn_Jpan,930,4,13
jpn_Jpan,930,5,19
jpn_Jpan,930,6,36
jpn_Jpan,930,7,26
jpn_Jpan,930,8,39
jpn_Jpan,930,9,36
jpn_Jpan,930,10,13
jpn_Jpan,930,11,13
jpn_Jpan,930,12,47
jpn_Jpan,930,13,13
jpn_Jpan,930,14,13
jpn_Jpan,930,15,13
jpn_Jpan,930,16,61
jpn_Jpan,930,17,19
jpn_Jpan,930,18,13
jpn_Jpan,930,19,7
jpn_Jpan,930,20,24
jpn_Jpan,930,21,24
jpn_Jpan,930,22,13
jpn_Jpan,930,23,13
jpn_Jpan,930,24,19
jpn_Jpan,930,25,13
jpn_Jpan,930,26,13
jpn_Jpan,930,27,24
jpn_Jpan,930,28,13
jpn_Jpan,930,29,13
jpn_Jpan,930,30,34
jpn_Jpan,930,31,34
jpn_Jpan,930,32,51
eng_Latn,931,0,60
eng_Latn,931,1,22
eng_Latn,931,2,26
eng_Latn,931,3,49
eng_Latn,931,4,26
eng_Latn,931,5,26
eng_Latn,931,6,26
eng_Latn,931,7,49
jpn_Jpan,932,0,60
jpn_Jpan,932,1,1
jpn_Jpan,932,2,24
jpn_Jpan,932,3,13
jpn_Jpan,932,4,19
jpn_Jpan,932,5,13
jpn_Jpan,932,6,47
jpn_Jpan,932,7,13
jpn_Jpan,932,8,39
jpn_Jpan,932,9,13
jpn_Jpan,932,10,24
jpn_Jpan,932,11,13
jpn_Jpan,932,12,47
jpn_Jpan,932,13,13
jpn_Jpan,932,14,24
jpn_Jpan,932,15,13
jpn_Jpan,932,16,13
jpn_Jpan,932,17,34
jpn_Jpan,932,18,24
jpn_Jpan,932,19,47
jpn_Jpan,932,20,19
jpn_Jpan,932,21,13
jpn_Jpan,932,22,19
jpn_Jpan,932,23,13
jpn_Jpan,932,24,19
jpn_Jpan,932,25,24
jpn_Jpan,932,26,36
jpn_Jpan,932,27,61
jpn_Jpan,932,28,13
jpn_Jpan,932,29,19
jpn_Jpan,932,30,13
jpn_Jpan,932,31,24
jpn_Jpan,932,32,61
jpn_Jpan,932,33,13
jpn_Jpan,932,34,19
jpn_Jpan,932,35,13
jpn_Jpan,932,36,13
jpn_Jpan,932,37,13
jpn_Jpan,932,38,1
jpn_Jpan,932,39,13
jpn_Jpan,932,40,13
jpn_Jpan,932,41,12
jpn_Jpan,932,42,13
jpn_Jpan,932,43,13
jpn_Jpan,932,44,13
jpn_Jpan,932,45,13
jpn_Jpan,932,46,13
jpn_Jpan,932,47,47
jpn_Jpan,932,48,19
jpn_Jpan,932,49,39
jpn_Jpan,932,50,47
jpn_Jpan,932,51,13
jpn_Jpan,932,52,13
jpn_Jpan,932,53,13
jpn_Jpan,933,0,60
jpn_Jpan,933,1,36
jpn_Jpan,933,2,13
jpn_Jpan,933,3,36
jpn_Jpan,933,4,36
jpn_Jpan,933,5,13
jpn_Jpan,933,6,47
jpn_Jpan,933,7,19
jpn_Jpan,933,8,13
jpn_Jpan,933,9,36
jpn_Jpan,933,10,36
jpn_Jpan,933,11,13
jpn_Jpan,933,12,13
jpn_Jpan,933,13,47
jpn_Jpan,933,14,13
jpn_Jpan,933,15,13
jpn_Jpan,933,16,13
jpn_Jpan,933,17,13
jpn_Jpan,933,18,19
jpn_Jpan,933,19,47
jpn_Jpan,933,20,36
jpn_Jpan,933,21,36
jpn_Jpan,933,22,13
jpn_Jpan,933,23,13
jpn_Jpan,933,24,24
jpn_Jpan,933,25,13
jpn_Jpan,933,26,19
jpn_Jpan,933,27,13
jpn_Jpan,933,28,36
jpn_Jpan,933,29,36
jpn_Jpan,933,30,36
jpn_Jpan,933,31,36
jpn_Jpan,933,32,24
jpn_Jpan,933,33,13
jpn_Jpan,933,34,61
jpn_Jpan,933,35,61
jpn_Jpan,933,36,13
jpn_Jpan,933,37,39
jpn_Jpan,933,38,39
jpn_Jpan,933,39,36
jpn_Jpan,933,40,13
jpn_Jpan,933,41,47
jpn_Jpan,933,42,34
jpn_Jpan,934,0,60
jpn_Jpan,934,1,13
jpn_Jpan,934,2,24
jpn_Jpan,934,3,13
jpn_Jpan,934,4,19
jpn_Jpan,934,5,13
jpn_Jpan,934,6,13
jpn_Jpan,934,7,13
jpn_Jpan,934,8,13
jpn_Jpan,934,9,13
jpn_Jpan,934,10,51
jpn_Jpan,934,11,13
jpn_Jpan,934,12,51
jpn_Jpan,934,13,13
jpn_Jpan,934,14,13
jpn_Jpan,934,15,34
jpn_Jpan,934,16,13
jpn_Jpan,934,17,24
jpn_Jpan,934,18,24
jpn_Jpan,934,19,13
jpn_Jpan,934,20,13
jpn_Jpan,934,21,13
jpn_Jpan,934,22,24
jpn_Jpan,934,23,19
jpn_Jpan,934,24,19
jpn_Jpan,934,25,13
jpn_Jpan,934,26,13
jpn_Jpan,934,27,47
jpn_Jpan,934,28,13
jpn_Jpan,934,29,51
jpn_Jpan,934,30,13
jpn_Jpan,934,31,13
jpn_Jpan,934,32,13
jpn_Jpan,934,33,13
jpn_Jpan,934,34,13
jpn_Jpan,934,35,13
jpn_Jpan,934,36,34
jpn_Jpan,935,0,60
jpn_Jpan,935,1,7
jpn_Jpan,935,2,52
jpn_Jpan,935,3,7
jpn_Jpan,935,4,24
jpn_Jpan,935,5,24
jpn_Jpan,935,6,1
jpn_Jpan,935,7,13
jpn_Jpan,935,8,24
jpn_Jpan,935,9,52
jpn_Jpan,935,10,19
jpn_Jpan,935,11,13
jpn_Jpan,935,12,47
jpn_Jpan,935,13,19
jpn_Jpan,935,14,13
jpn_Jpan,935,15,24
jpn_Jpan,935,16,24
jpn_Jpan,935,17,19
jpn_Jpan,935,18,19
jpn_Jpan,935,19,13
jpn_Jpan,935,20,52
jpn_Jpan,935,21,61
jpn_Jpan,935,22,19
jpn_Jpan,935,23,13
jpn_Jpan,935,24,47
jpn_Jpan,935,25,19
jpn_Jpan,935,26,13
jpn_Jpan,935,27,13
jpn_Jpan,935,28,24
jpn_Jpan,935,29,19
jpn_Jpan,935,30,19
jpn_Jpan,935,31,13
jpn_Jpan,935,32,19
jpn_Jpan,935,33,34
jpn_Jpan,935,34,13
jpn_Jpan,935,35,9
jpn_Jpan,935,36,28
jpn_Jpan,935,37,24
jpn_Jpan,935,38,13
jpn_Jpan,935,39,24
jpn_Jpan,935,40,52
eng_Latn,936,0,60
eng_Latn,936,1,35
eng_Latn,936,2,17
eng_Latn,936,3,35
eng_Latn,936,4,52
eng_Latn,936,5,52
eng_Latn,936,6,57
eng_Latn,936,7,17
eng_Latn,936,8,51
eng_Latn,937,0,60
eng_Latn,937,1,53
eng_Latn,937,2,19
eng_Latn,937,3,39
eng_Latn,937,4,9
eng_Latn,937,5,3
eng_Latn,937,6,18
eng_Latn,938,0,60
eng_Latn,938,1,54
eng_Latn,938,2,18
eng_Latn,938,3,18
eng_Latn,938,4,18
eng_Latn,938,5,16
eng_Latn,938,6,16
eng_Latn,938,7,34
eng_Latn,939,0,60
eng_Latn,939,1,29
eng_Latn,939,2,38
eng_Latn,939,3,38
eng_Latn,939,4,34
eng_Latn,939,5,20
eng_Latn,939,6,8
eng_Latn,939,7,34
eng_Latn,940,0,60
eng_Latn,940,1,18
eng_Latn,940,2,3
eng_Latn,940,3,47
eng_Latn,941,0,60
eng_Latn,941,1,22
eng_Latn,941,2,12
eng_Latn,941,3,47
eng_Latn,941,4,22
eng_Latn,941,5,52
jpn_Jpan,942,0,60
jpn_Jpan,942,1,52
jpn_Jpan,942,2,36
jpn_Jpan,942,3,24
jpn_Jpan,942,4,47
jpn_Jpan,942,5,13
jpn_Jpan,942,6,47
jpn_Jpan,942,7,13
jpn_Jpan,942,8,61
jpn_Jpan,942,9,13
jpn_Jpan,942,10,24
jpn_Jpan,942,11,61
jpn_Jpan,942,12,39
jpn_Jpan,942,13,19
jpn_Jpan,942,14,13
jpn_Jpan,942,15,24
jpn_Jpan,942,16,47
jpn_Jpan,942,17,13
jpn_Jpan,942,18,34
jpn_Jpan,942,19,13
jpn_Jpan,942,20,1
jpn_Jpan,942,21,13
eng_Latn,943,0,60
eng_Latn,943,1,22
eng_Latn,943,2,9
eng_Latn,943,3,12
eng_Latn,943,4,19
eng_Latn,943,5,40
eng_Latn,943,6,34
eng_Latn,944,0,60
eng_Latn,944,1,35
eng_Latn,944,2,35
eng_Latn,944,3,2
eng_Latn,944,4,45
eng_Latn,944,5,50
eng_Latn,944,6,56
eng_Latn,944,7,38
eng_Latn,944,8,59
eng_Latn,944,9,19
eng_Latn,944,10,48
eng_Latn,944,11,20
eng_Latn,944,12,34
jpn_Jpan,945,0,60
jpn_Jpan,945,1,13
jpn_Jpan,945,2,47
jpn_Jpan,945,3,13
jpn_Jpan,945,4,19
jpn_Jpan,945,5,13
jpn_Jpan,945,6,13
jpn_Jpan,945,7,24
jpn_Jpan,945,8,19
jpn_Jpan,945,9,13
jpn_Jpan,945,10,13
jpn_Jpan,945,11,13
jpn_Jpan,945,12,13
jpn_Jpan,945,13,7
jpn_Jpan,945,14,24
jpn_Jpan,945,15,13
jpn_Jpan,945,16,13
jpn_Jpan,945,17,19
jpn_Jpan,945,18,39
jpn_Jpan,945,19,19
jpn_Jpan,945,20,13
jpn_Jpan,945,21,13
jpn_Jpan,945,22,9
jpn_Jpan,945,23,24
jpn_Jpan,945,24,13
jpn_Jpan,945,25,13
jpn_Jpan,945,26,19
jpn_Jpan,945,27,13
jpn_Jpan,945,28,19
jpn_Jpan,945,29,13
jpn_Jpan,945,30,13
jpn_Jpan,945,31,24
jpn_Jpan,945,32,19
jpn_Jpan,945,33,13
jpn_Jpan,945,34,19
jpn_Jpan,945,35,13
jpn_Jpan,945,36,34
jpn_Jpan,945,37,19
jpn_Jpan,945,38,13
jpn_Jpan,945,39,47
jpn_Jpan,945,40,19
jpn_Jpan,945,41,13
jpn_Jpan,945,42,13
jpn_Jpan,945,43,13
jpn_Jpan,945,44,34
jpn_Jpan,945,45,9
jpn_Jpan,945,46,42
jpn_Jpan,946,0,60
jpn_Jpan,946,1,13
jpn_Jpan,946,2,13
jpn_Jpan,946,3,61
jpn_Jpan,946,4,19
jpn_Jpan,946,5,13
jpn_Jpan,946,6,13
jpn_Jpan,946,7,24
jpn_Jpan,946,8,19
jpn_Jpan,946,9,13
jpn_Jpan,946,10,61
jpn_Jpan,946,11,19
jpn_Jpan,946,12,36
jpn_Jpan,946,13,19
jpn_Jpan,946,14,36
jpn_Jpan,946,15,19
jpn_Jpan,946,16,13
jpn_Jpan,946,17,24
jpn_Jpan,946,18,19
jpn_Jpan,946,19,36
jpn_Jpan,946,20,19
jpn_Jpan,946,21,36
jpn_Jpan,946,22,26
jpn_Jpan,946,23,36
jpn_Jpan,946,24,19
jpn_Jpan,946,25,13
jpn_Jpan,946,26,24
jpn_Jpan,946,27,19
jpn_Jpan,946,28,36
jpn_Jpan,946,29,26
jpn_Jpan,946,30,19
jpn_Jpan,946,31,36
jpn_Jpan,946,32,19
jpn_Jpan,946,33,13
jpn_Jpan,946,34,39
jpn_Jpan,946,35,24
jpn_Jpan,946,36,26
jpn_Jpan,946,37,36
jpn_Jpan,946,38,26
jpn_Jpan,946,39,19
jpn_Jpan,946,40,36
jpn_Jpan,946,41,61
jpn_Jpan,946,42,36
jpn_Jpan,946,43,36
jpn_Jpan,946,44,26
jpn_Jpan,946,45,19
jpn_Jpan,946,46,36
jpn_Jpan,946,47,24
jpn_Jpan,946,48,26
jpn_Jpan,946,49,36
jpn_Jpan,946,50,19
jpn_Jpan,946,51,36
jpn_Jpan,946,52,13
jpn_Jpan,946,53,39
jpn_Jpan,946,54,13
jpn_Jpan,946,55,24
jpn_Jpan,946,56,19
jpn_Jpan,946,57,13
jpn_Jpan,946,58,61
jpn_Jpan,946,59,13
jpn_Jpan,946,60,61
jpn_Jpan,946,61,13
jpn_Jpan,946,62,24
jpn_Jpan,946,63,19
jpn_Jpan,946,64,36
jpn_Jpan,946,65,34
jpn_Jpan,947,0,60
jpn_Jpan,947,1,13
jpn_Jpan,947,2,24
jpn_Jpan,947,3,61
jpn_Jpan,947,4,36
jpn_Jpan,947,5,47
jpn_Jpan,947,6,13
jpn_Jpan,947,7,24
jpn_Jpan,947,8,13
jpn_Jpan,947,9,19
jpn_Jpan,947,10,13
jpn_Jpan,947,11,19
jpn_Jpan,947,12,13
jpn_Jpan,947,13,13
jpn_Jpan,947,14,24
eng_Latn,948,0,60
eng_Latn,948,1,19
eng_Latn,948,2,13
eng_Latn,948,3,54
eng_Latn,948,4,19
eng_Latn,948,5,13
eng_Latn,949,0,60
eng_Latn,949,1,9
eng_Latn,949,2,29
eng_Latn,949,3,52
eng_Latn,949,4,29
eng_Latn,949,5,34
eng_Latn,950,0,60
eng_Latn,950,1,61
eng_Latn,950,2,1
eng_Latn,950,3,33
eng_Latn,950,4,24
eng_Latn,950,5,15
eng_Latn,950,6,16
eng_Latn,951,0,60
eng_Latn,951,1,47
eng_Latn,951,2,33
eng_Latn,952,0,60
eng_Latn,952,1,38
eng_Latn,952,2,15
eng_Latn,952,3,29
eng_Latn,952,4,35
eng_Latn,952,5,57
eng_Latn,952,6,57
jpn_Jpan,953,0,60
jpn_Jpan,953,1,24
jpn_Jpan,953,2,36
jpn_Jpan,953,3,24
jpn_Jpan,953,4,1
jpn_Jpan,953,5,13
jpn_Jpan,953,6,1
jpn_Jpan,953,7,13
jpn_Jpan,953,8,19
jpn_Jpan,953,9,13
jpn_Jpan,953,10,39
jpn_Jpan,953,11,19
jpn_Jpan,953,12,39
jpn_Jpan,953,13,47
jpn_Jpan,953,14,13
jpn_Jpan,953,15,24
jpn_Jpan,953,16,19
jpn_Jpan,953,17,36
jpn_Jpan,953,18,24
jpn_Jpan,953,19,24
jpn_Jpan,953,20,13
jpn_Jpan,953,21,13
jpn_Jpan,953,22,24
jpn_Jpan,953,23,13
jpn_Jpan,953,24,47
jpn_Jpan,953,25,13
jpn_Jpan,953,26,19
jpn_Jpan,953,27,13
jpn_Jpan,953,28,13
jpn_Jpan,953,29,13
jpn_Jpan,953,30,24
jpn_Jpan,953,31,13
jpn_Jpan,953,32,61
jpn_Jpan,953,33,13
jpn_Jpan,953,34,13
jpn_Jpan,953,35,24
jpn_Jpan,953,36,24
jpn_Jpan,953,37,1
jpn_Jpan,953,38,13
jpn_Jpan,953,39,1
jpn_Jpan,953,40,13
jpn_Jpan,953,41,24
jpn_Jpan,953,42,19
jpn_Jpan,953,43,13
jpn_Jpan,953,44,61
jpn_Jpan,953,45,13
jpn_Jpan,953,46,24
jpn_Jpan,953,47,13
jpn_Jpan,953,48,13
jpn_Jpan,953,49,13
jpn_Jpan,953,50,13
jpn_Jpan,953,51,24
jpn_Jpan,953,52,13
jpn_Jpan,953,53,13
jpn_Jpan,953,54,24
jpn_Jpan,953,55,13
jpn_Jpan,953,56,13
jpn_Jpan,953,57,34
eng_Latn,954,0,60
eng_Latn,954,1,39
eng_Latn,954,2,40
eng_Latn,954,3,18
eng_Latn,954,4,51
eng_Latn,954,5,18
eng_Latn,954,6,53
eng_Latn,954,7,16
jpn_Jpan,955,0,60
jpn_Jpan,955,1,36
jpn_Jpan,955,2,24
jpn_Jpan,955,3,13
jpn_Jpan,955,4,19
jpn_Jpan,955,5,13
jpn_Jpan,955,6,13
jpn_Jpan,955,7,13
jpn_Jpan,955,8,13
jpn_Jpan,955,9,34
jpn_Jpan,955,10,13
jpn_Jpan,955,11,24
jpn_Jpan,955,12,24
jpn_Jpan,955,13,13
jpn_Jpan,955,14,13
jpn_Jpan,955,15,52
jpn_Jpan,955,16,13
jpn_Jpan,955,17,13
jpn_Jpan,955,18,24
jpn_Jpan,955,19,13
jpn_Jpan,955,20,13
jpn_Jpan,955,21,13
jpn_Jpan,955,22,13
jpn_Jpan,955,23,13
jpn_Jpan,955,24,24
jpn_Jpan,955,25,24
jpn_Jpan,955,26,19
jpn_Jpan,955,27,13
jpn_Jpan,955,28,13
jpn_Jpan,955,29,24
jpn_Jpan,955,30,24
jpn_Jpan,955,31,47
jpn_Jpan,955,32,13
jpn_Jpan,955,33,19
jpn_Jpan,955,34,13
jpn_Jpan,955,35,24
jpn_Jpan,955,36,24
jpn_Jpan,955,37,13
jpn_Jpan,955,38,24
jpn_Jpan,955,39,13
jpn_Jpan,955,40,24
jpn_Jpan,955,41,19
jpn_Jpan,955,42,13
jpn_Jpan,955,43,19
jpn_Jpan,955,44,19
jpn_Jpan,955,45,13
jpn_Jpan,955,46,13
jpn_Jpan,955,47,24
jpn_Jpan,956,0,60
jpn_Jpan,956,1,13
jpn_Jpan,956,2,13
jpn_Jpan,956,3,39
jpn_Jpan,956,4,39
jpn_Jpan,956,5,7
jpn_Jpan,956,6,13
jpn_Jpan,956,7,19
jpn_Jpan,956,8,13
jpn_Jpan,956,9,19
jpn_Jpan,956,10,13
jpn_Jpan,956,11,61
jpn_Jpan,956,12,13
jpn_Jpan,956,13,24
jpn_Jpan,956,14,47
jpn_Jpan,956,15,13
jpn_Jpan,956,16,19
jpn_Jpan,956,17,34
jpn_Jpan,956,18,13
jpn_Jpan,956,19,34
jpn_Jpan,957,0,60
jpn_Jpan,957,1,13
jpn_Jpan,957,2,26
jpn_Jpan,957,3,47
jpn_Jpan,957,4,13
jpn_Jpan,957,5,61
jpn_Jpan,957,6,7
jpn_Jpan,957,7,13
jpn_Jpan,957,8,19
jpn_Jpan,957,9,13
jpn_Jpan,957,10,19
jpn_Jpan,957,11,7
jpn_Jpan,957,12,9
jpn_Jpan,957,13,11
jpn_Jpan,957,14,13
jpn_Jpan,957,15,13
jpn_Jpan,957,16,19
jpn_Jpan,957,17,13
jpn_Jpan,957,18,26
jpn_Jpan,957,19,47
jpn_Jpan,957,20,13
jpn_Jpan,957,21,61
jpn_Jpan,957,22,13
jpn_Jpan,957,23,24
jpn_Jpan,957,24,13
jpn_Jpan,957,25,13
jpn_Jpan,957,26,13
jpn_Jpan,957,27,13
jpn_Jpan,957,28,13
jpn_Jpan,957,29,19
jpn_Jpan,957,30,34
jpn_Jpan,958,0,60
jpn_Jpan,958,1,47
jpn_Jpan,958,2,13
jpn_Jpan,958,3,13
jpn_Jpan,958,4,13
jpn_Jpan,958,5,36
jpn_Jpan,958,6,13
jpn_Jpan,958,7,13
jpn_Jpan,958,8,13
jpn_Jpan,958,9,36
jpn_Jpan,958,10,52
jpn_Jpan,958,11,52
jpn_Jpan,958,12,52
jpn_Jpan,958,13,13
jpn_Jpan,958,14,9
jpn_Jpan,958,15,13
jpn_Jpan,958,16,24
jpn_Jpan,958,17,52
jpn_Jpan,958,18,52
jpn_Jpan,958,19,52
jpn_Jpan,958,20,36
jpn_Jpan,958,21,47
jpn_Jpan,958,22,19
jpn_Jpan,958,23,13
jpn_Jpan,958,24,47
jpn_Jpan,958,25,13
jpn_Jpan,958,26,13
jpn_Jpan,958,27,19
jpn_Jpan,958,28,24
jpn_Jpan,958,29,47
jpn_Jpan,958,30,47
jpn_Jpan,958,31,19
jpn_Jpan,958,32,19
jpn_Jpan,958,33,39
jpn_Jpan,958,34,7
jpn_Jpan,958,35,24
jpn_Jpan,958,36,13
jpn_Jpan,958,37,13
jpn_Jpan,958,38,13
jpn_Jpan,958,39,34
eng_Latn,959,0,60
eng_Latn,959,1,14
eng_Latn,959,2,19
eng_Latn,959,3,40
eng_Latn,959,4,18
eng_Latn,960,0,60
eng_Latn,960,1,52
eng_Latn,960,2,15
eng_Latn,960,3,3
eng_Latn,960,4,3
eng_Latn,960,5,19
eng_Latn,960,6,15
eng_Latn,961,0,60
eng_Latn,961,1,5
eng_Latn,961,2,35
eng_Latn,961,3,46
eng_Latn,961,4,53
eng_Latn,961,5,48
eng_Latn,961,6,18
eng_Latn,961,7,23
eng_Latn,961,8,54
eng_Latn,961,9,52
jpn_Jpan,962,0,60
jpn_Jpan,962,1,36
jpn_Jpan,962,2,24
jpn_Jpan,962,3,13
jpn_Jpan,962,4,19
jpn_Jpan,962,5,36
jpn_Jpan,962,6,19
jpn_Jpan,962,7,13
jpn_Jpan,962,8,19
jpn_Jpan,962,9,13
jpn_Jpan,962,10,24
jpn_Jpan,962,11,13
jpn_Jpan,962,12,36
jpn_Jpan,962,13,13
jpn_Jpan,962,14,36
jpn_Jpan,962,15,24
jpn_Jpan,962,16,19
jpn_Jpan,962,17,13
jpn_Jpan,962,18,47
jpn_Jpan,962,19,13
jpn_Jpan,962,20,24
jpn_Jpan,962,21,19
jpn_Jpan,962,22,13
jpn_Jpan,962,23,34
jpn_Jpan,962,24,34
jpn_Jpan,962,25,24
jpn_Jpan,962,26,13
jpn_Jpan,962,27,19
jpn_Jpan,962,28,34
jpn_Jpan,962,29,34
jpn_Jpan,962,30,13
jpn_Jpan,962,31,34
jpn_Jpan,963,0,60
jpn_Jpan,963,1,19
jpn_Jpan,963,2,13
jpn_Jpan,963,3,39
jpn_Jpan,963,4,13
jpn_Jpan,963,5,39
jpn_Jpan,963,6,47
jpn_Jpan,963,7,13
jpn_Jpan,963,8,13
jpn_Jpan,963,9,13
jpn_Jpan,963,10,24
jpn_Jpan,963,11,19
jpn_Jpan,963,12,13
jpn_Jpan,963,13,13
jpn_Jpan,963,14,24
jpn_Jpan,963,15,19
jpn_Jpan,963,16,13
jpn_Jpan,963,17,7
jpn_Jpan,963,18,9
jpn_Jpan,963,19,22
jpn_Jpan,964,0,60
jpn_Jpan,964,1,60
jpn_Jpan,964,2,36
jpn_Jpan,964,3,13
jpn_Jpan,964,4,36
jpn_Jpan,964,5,51
jpn_Jpan,964,6,24
jpn_Jpan,964,7,19
jpn_Jpan,964,8,13
jpn_Jpan,964,9,13
jpn_Jpan,964,10,34
jpn_Jpan,964,11,13
jpn_Jpan,964,12,19
jpn_Jpan,964,13,13
jpn_Jpan,964,14,52
jpn_Jpan,964,15,52
jpn_Jpan,964,16,52
jpn_Jpan,964,17,19
jpn_Jpan,964,18,13
jpn_Jpan,964,19,24
jpn_Jpan,964,20,13
jpn_Jpan,964,21,24
jpn_Jpan,964,22,24
jpn_Jpan,964,23,52
jpn_Jpan,964,24,13
jpn_Jpan,964,25,52
jpn_Jpan,964,26,19
jpn_Jpan,964,27,13
jpn_Jpan,964,28,19
jpn_Jpan,964,29,13
jpn_Jpan,964,30,24
jpn_Jpan,964,31,13
jpn_Jpan,964,32,34
jpn_Jpan,964,33,13
jpn_Jpan,964,34,24
jpn_Jpan,964,35,13
jpn_Jpan,965,0,60
jpn_Jpan,965,1,7
jpn_Jpan,965,2,39
jpn_Jpan,965,3,39
jpn_Jpan,965,4,7
jpn_Jpan,965,5,47
jpn_Jpan,965,6,36
jpn_Jpan,965,7,13
jpn_Jpan,965,8,36
jpn_Jpan,965,9,24
jpn_Jpan,965,10,1
jpn_Jpan,965,11,36
jpn_Jpan,965,12,61
jpn_Jpan,965,13,19
jpn_Jpan,965,14,36
jpn_Jpan,965,15,24
jpn_Jpan,965,16,24
jpn_Jpan,965,17,19
jpn_Jpan,965,18,34
jpn_Jpan,965,19,19
jpn_Jpan,965,20,13
jpn_Jpan,965,21,34
eng_Latn,966,0,60
eng_Latn,966,1,22
eng_Latn,966,2,18
eng_Latn,966,3,20
eng_Latn,966,4,35
eng_Latn,966,5,35
eng_Latn,966,6,34
jpn_Jpan,967,0,60
jpn_Jpan,967,1,13
jpn_Jpan,967,2,13
jpn_Jpan,967,3,13
jpn_Jpan,967,4,13
jpn_Jpan,967,5,47
jpn_Jpan,967,6,13
jpn_Jpan,967,7,13
jpn_Jpan,967,8,19
jpn_Jpan,967,9,34
jpn_Jpan,967,10,13
jpn_Jpan,967,11,13
jpn_Jpan,967,12,61
jpn_Jpan,967,13,13
jpn_Jpan,967,14,13
jpn_Jpan,967,15,24
jpn_Jpan,967,16,24
jpn_Jpan,967,17,47
jpn_Jpan,967,18,13
jpn_Jpan,967,19,13
jpn_Jpan,967,20,13
jpn_Jpan,967,21,19
jpn_Jpan,967,22,13
jpn_Jpan,967,23,19
jpn_Jpan,967,24,13
jpn_Jpan,967,25,13
jpn_Jpan,967,26,1
jpn_Jpan,967,27,52
jpn_Jpan,967,28,52
jpn_Jpan,967,29,52
jpn_Jpan,967,30,19
jpn_Jpan,967,31,13
jpn_Jpan,967,32,13
jpn_Jpan,967,33,13
eng_Latn,968,0,60
eng_Latn,968,1,61
eng_Latn,968,2,21
eng_Latn,968,3,56
eng_Latn,968,4,51
eng_Latn,968,5,56
eng_Latn,968,6,46
eng_Latn,968,7,21
jpn_Jpan,969,0,60
jpn_Jpan,969,1,13
jpn_Jpan,969,2,13
jpn_Jpan,969,3,39
jpn_Jpan,969,4,24
jpn_Jpan,969,5,47
jpn_Jpan,969,6,13
jpn_Jpan,969,7,13
jpn_Jpan,969,8,24
jpn_Jpan,969,9,19
jpn_Jpan,969,10,13
jpn_Jpan,969,11,13
jpn_Jpan,969,12,13
jpn_Jpan,969,13,7
eng_Latn,970,0,60
eng_Latn,970,1,54
eng_Latn,970,2,54
eng_Latn,970,3,54
eng_Latn,970,4,50
eng_Latn,970,5,16
eng_Latn,970,6,38
eng_Latn,970,7,4
eng_Latn,970,8,5
eng_Latn,970,9,18
eng_Latn,970,10,51
eng_Latn,970,11,42
eng_Latn,970,12,24
eng_Latn,970,13,29
eng_Latn,970,14,54
eng_Latn,971,0,60
eng_Latn,971,1,31
eng_Latn,971,2,53
eng_Latn,971,3,8
eng_Latn,971,4,19
eng_Latn,971,5,42
eng_Latn,971,6,18
eng_Latn,971,7,16
eng_Latn,971,8,18
eng_Latn,971,9,0
eng_Latn,971,10,9
eng_Latn,971,11,0
jpn_Jpan,972,0,60
jpn_Jpan,972,1,13
jpn_Jpan,972,2,24
jpn_Jpan,972,3,13
jpn_Jpan,972,4,13
jpn_Jpan,972,5,13
jpn_Jpan,972,6,24
jpn_Jpan,972,7,24
jpn_Jpan,972,8,19
jpn_Jpan,972,9,13
jpn_Jpan,972,10,19
jpn_Jpan,972,11,13
jpn_Jpan,972,12,13
jpn_Jpan,972,13,13
jpn_Jpan,972,14,24
jpn_Jpan,972,15,19
jpn_Jpan,972,16,13
jpn_Jpan,972,17,24
jpn_Jpan,972,18,24
jpn_Jpan,972,19,47
jpn_Jpan,972,20,24
jpn_Jpan,972,21,19
jpn_Jpan,972,22,24
jpn_Jpan,972,23,47
jpn_Jpan,972,24,19
jpn_Jpan,972,25,13
jpn_Jpan,972,26,13
jpn_Jpan,972,27,47
jpn_Jpan,972,28,19
jpn_Jpan,972,29,13
jpn_Jpan,972,30,19
jpn_Jpan,972,31,13
jpn_Jpan,972,32,13
jpn_Jpan,972,33,52
jpn_Jpan,972,34,13
jpn_Jpan,972,35,24
jpn_Jpan,972,36,1
jpn_Jpan,972,37,24
jpn_Jpan,972,38,13
jpn_Jpan,972,39,47
jpn_Jpan,972,40,39
jpn_Jpan,972,41,19
jpn_Jpan,972,42,34
jpn_Jpan,972,43,34
jpn_Jpan,973,0,60
jpn_Jpan,973,1,13
jpn_Jpan,973,2,13
jpn_Jpan,973,3,13
jpn_Jpan,973,4,13
jpn_Jpan,973,5,13
jpn_Jpan,973,6,13
jpn_Jpan,973,7,13
jpn_Jpan,973,8,19
jpn_Jpan,973,9,13
jpn_Jpan,973,10,13
jpn_Jpan,973,11,13
jpn_Jpan,973,12,34
jpn_Jpan,973,13,24
jpn_Jpan,973,14,24
jpn_Jpan,973,15,13
jpn_Jpan,973,16,47
jpn_Jpan,973,17,36
jpn_Jpan,973,18,24
jpn_Jpan,973,19,47
jpn_Jpan,973,20,13
jpn_Jpan,973,21,34
jpn_Jpan,973,22,24
jpn_Jpan,973,23,13
jpn_Jpan,973,24,13
jpn_Jpan,973,25,24
jpn_Jpan,973,26,34
jpn_Jpan,973,27,13
jpn_Jpan,973,28,34
jpn_Jpan,973,29,13
jpn_Jpan,973,30,19
jpn_Jpan,973,31,13
jpn_Jpan,973,32,13
jpn_Jpan,973,33,13
jpn_Jpan,973,34,13
jpn_Jpan,973,35,13
jpn_Jpan,973,36,34
eng_Latn,974,0,60
eng_Latn,974,1,58
eng_Latn,974,2,58
eng_Latn,974,3,12
eng_Latn,974,4,61
jpn_Jpan,975,0,60
jpn_Jpan,975,1,36
jpn_Jpan,975,2,54
jpn_Jpan,975,3,36
jpn_Jpan,975,4,13
jpn_Jpan,975,5,19
jpn_Jpan,975,6,13
jpn_Jpan,975,7,24
jpn_Jpan,975,8,13
jpn_Jpan,975,9,19
jpn_Jpan,975,10,36
jpn_Jpan,975,11,24
jpn_Jpan,975,12,19
jpn_Jpan,975,13,13
jpn_Jpan,975,14,24
jpn_Jpan,975,15,13
jpn_Jpan,975,16,34
jpn_Jpan,975,17,13
jpn_Jpan,975,18,24
jpn_Jpan,975,19,13
jpn_Jpan,975,20,24
jpn_Jpan,975,21,24
jpn_Jpan,975,22,36
jpn_Jpan,975,23,13
jpn_Jpan,975,24,13
jpn_Jpan,975,25,24
jpn_Jpan,975,26,19
jpn_Jpan,975,27,13
jpn_Jpan,975,28,13
jpn_Jpan,975,29,19
jpn_Jpan,975,30,39
jpn_Jpan,975,31,13
jpn_Jpan,975,32,13
jpn_Jpan,975,33,13
jpn_Jpan,975,34,13
jpn_Jpan,975,35,13
eng_Latn,976,0,60
eng_Latn,976,1,52
eng_Latn,976,2,18
eng_Latn,976,3,16
eng_Latn,976,4,18
eng_Latn,976,5,16
eng_Latn,976,6,34
eng_Latn,976,7,56
eng_Latn,976,8,33
eng_Latn,976,9,26
eng_Latn,976,10,40
eng_Latn,976,11,13
eng_Latn,977,0,60
eng_Latn,977,1,50
eng_Latn,977,2,16
jpn_Jpan,978,0,60
jpn_Jpan,978,1,19
jpn_Jpan,978,2,13
jpn_Jpan,978,3,13
jpn_Jpan,978,4,61
jpn_Jpan,978,5,13
jpn_Jpan,978,6,13
jpn_Jpan,978,7,36
jpn_Jpan,978,8,24
jpn_Jpan,978,9,52
jpn_Jpan,978,10,1
jpn_Jpan,978,11,52
jpn_Jpan,978,12,13
jpn_Jpan,978,13,52
jpn_Jpan,978,14,1
jpn_Jpan,978,15,13
jpn_Jpan,978,16,36
jpn_Jpan,979,0,60
jpn_Jpan,979,1,13
jpn_Jpan,979,2,13
jpn_Jpan,979,3,13
jpn_Jpan,979,4,13
jpn_Jpan,979,5,47
jpn_Jpan,979,6,47
jpn_Jpan,979,7,7
jpn_Jpan,979,8,24
jpn_Jpan,979,9,40
jpn_Jpan,979,10,13
jpn_Jpan,979,11,47
jpn_Jpan,979,12,13
jpn_Jpan,979,13,13
jpn_Jpan,979,14,24
jpn_Jpan,979,15,13
jpn_Jpan,979,16,13
jpn_Jpan,979,17,13
jpn_Jpan,979,18,13
jpn_Jpan,979,19,5
jpn_Jpan,979,20,61
jpn_Jpan,979,21,39
jpn_Jpan,979,22,13
jpn_Jpan,979,23,39
jpn_Jpan,979,24,13
jpn_Jpan,979,25,39
jpn_Jpan,979,26,19
jpn_Jpan,979,27,13
jpn_Jpan,979,28,5
jpn_Jpan,979,29,40
jpn_Jpan,980,0,60
jpn_Jpan,980,1,60
jpn_Jpan,980,2,24
jpn_Jpan,980,3,24
jpn_Jpan,980,4,13
jpn_Jpan,980,5,13
jpn_Jpan,980,6,39
jpn_Jpan,980,7,61
jpn_Jpan,980,8,13
jpn_Jpan,980,9,19
jpn_Jpan,980,10,13
jpn_Jpan,980,11,24
jpn_Jpan,980,12,47
jpn_Jpan,980,13,13
jpn_Jpan,980,14,13
jpn_Jpan,980,15,13
jpn_Jpan,980,16,51
eng_Latn,981,0,60
eng_Latn,981,1,19
eng_Latn,981,2,40
eng_Latn,981,3,18
eng_Latn,981,4,2
eng_Latn,981,5,37
eng_Latn,981,6,38
eng_Latn,981,7,46
eng_Latn,981,8,12
eng_Latn,981,9,40
eng_Latn,981,10,7
jpn_Jpan,982,0,60
jpn_Jpan,982,1,13
jpn_Jpan,982,2,13
jpn_Jpan,982,3,24
jpn_Jpan,982,4,36
jpn_Jpan,982,5,24
jpn_Jpan,982,6,61
jpn_Jpan,982,7,61
jpn_Jpan,982,8,13
jpn_Jpan,982,9,47
jpn_Jpan,982,10,47
jpn_Jpan,982,11,13
jpn_Jpan,982,12,36
jpn_Jpan,982,13,24
jpn_Jpan,982,14,13
jpn_Jpan,982,15,19
jpn_Jpan,982,16,24
jpn_Jpan,982,17,19
jpn_Jpan,982,18,13
jpn_Jpan,982,19,36
jpn_Jpan,982,20,47
jpn_Jpan,982,21,13
jpn_Jpan,982,22,24
jpn_Jpan,982,23,19
jpn_Jpan,982,24,13
jpn_Jpan,982,25,13
jpn_Jpan,982,26,13
jpn_Jpan,982,27,34
jpn_Jpan,982,28,34
jpn_Jpan,982,29,34
eng_Latn,983,0,60
eng_Latn,983,1,22
eng_Latn,983,2,19
eng_Latn,983,3,34
eng_Latn,983,4,24
eng_Latn,983,5,22
eng_Latn,983,6,34
eng_Latn,984,0,60
eng_Latn,984,1,34
eng_Latn,984,2,20
eng_Latn,984,3,22
eng_Latn,984,4,57
eng_Latn,984,5,20
eng_Latn,984,6,34
jpn_Jpan,985,0,60
jpn_Jpan,985,1,13
jpn_Jpan,985,2,13
jpn_Jpan,985,3,39
jpn_Jpan,985,4,39
jpn_Jpan,985,5,13
jpn_Jpan,985,6,13
jpn_Jpan,985,7,13
jpn_Jpan,985,8,13
jpn_Jpan,985,9,24
jpn_Jpan,985,10,47
jpn_Jpan,985,11,13
jpn_Jpan,985,12,13
jpn_Jpan,985,13,13
jpn_Jpan,985,14,34
jpn_Jpan,986,0,60
jpn_Jpan,986,1,36
jpn_Jpan,986,2,24
jpn_Jpan,986,3,36
jpn_Jpan,986,4,13
jpn_Jpan,986,5,36
jpn_Jpan,986,6,24
jpn_Jpan,986,7,47
jpn_Jpan,986,8,13
jpn_Jpan,986,9,39
jpn_Jpan,986,10,13
jpn_Jpan,986,11,36
jpn_Jpan,986,12,52
jpn_Jpan,986,13,13
jpn_Jpan,986,14,36
jpn_Jpan,986,15,24
jpn_Jpan,986,16,34
jpn_Jpan,986,17,13
jpn_Jpan,986,18,13
jpn_Jpan,986,19,61
jpn_Jpan,986,20,13
jpn_Jpan,986,21,36
jpn_Jpan,986,22,51
eng_Latn,987,0,60
eng_Latn,987,1,9
eng_Latn,987,2,9
eng_Latn,987,3,18
eng_Latn,987,4,16
eng_Latn,987,5,20
eng_Latn,987,6,3
eng_Latn,987,7,3
eng_Latn,987,8,49
eng_Latn,988,0,60
eng_Latn,988,1,56
eng_Latn,988,2,56
eng_Latn,988,3,52
eng_Latn,988,4,57
eng_Latn,988,5,52
eng_Latn,988,6,52
eng_Latn,988,7,57
eng_Latn,988,8,23
eng_Latn,988,9,4
jpn_Jpan,989,0,60
jpn_Jpan,989,1,13
jpn_Jpan,989,2,47
jpn_Jpan,989,3,13
jpn_Jpan,989,4,13
jpn_Jpan,989,5,13
jpn_Jpan,989,6,24
jpn_Jpan,989,7,47
jpn_Jpan,989,8,13
jpn_Jpan,989,9,13
jpn_Jpan,989,10,13
jpn_Jpan,989,11,47
jpn_Jpan,989,12,13
jpn_Jpan,989,13,13
jpn_Jpan,989,14,13
jpn_Jpan,989,15,24
jpn_Jpan,989,16,19
jpn_Jpan,989,17,13
jpn_Jpan,989,18,61
jpn_Jpan,989,19,19
jpn_Jpan,989,20,13
jpn_Jpan,989,21,13
jpn_Jpan,989,22,13
jpn_Jpan,989,23,26
jpn_Jpan,989,24,47
jpn_Jpan,989,25,13
jpn_Jpan,989,26,13
jpn_Jpan,989,27,13
jpn_Jpan,989,28,19
jpn_Jpan,989,29,13
jpn_Jpan,989,30,13
jpn_Jpan,989,31,13
jpn_Jpan,990,0,60
jpn_Jpan,990,1,1
jpn_Jpan,990,2,52
jpn_Jpan,990,3,13
jpn_Jpan,990,4,24
jpn_Jpan,990,5,13
jpn_Jpan,990,6,13
jpn_Jpan,990,7,24
jpn_Jpan,990,8,52
jpn_Jpan,990,9,13
jpn_Jpan,990,10,13
jpn_Jpan,990,11,13
jpn_Jpan,990,12,24
jpn_Jpan,990,13,19
jpn_Jpan,990,14,13
jpn_Jpan,990,15,19
jpn_Jpan,990,16,13
jpn_Jpan,990,17,13
jpn_Jpan,990,18,13
jpn_Jpan,990,19,24
jpn_Jpan,990,20,19
jpn_Jpan,990,21,13
jpn_Jpan,990,22,19
jpn_Jpan,990,23,13
jpn_Jpan,990,24,34
jpn_Jpan,990,25,24
eng_Latn,991,0,60
eng_Latn,991,1,35
eng_Latn,991,2,4
eng_Latn,991,3,18
eng_Latn,991,4,63
eng_Latn,991,5,56
eng_Latn,991,6,52
eng_Latn,991,7,52
eng_Latn,991,8,21
eng_Latn,991,9,21
eng_Latn,991,10,4
eng_Latn,992,0,60
eng_Latn,992,1,22
eng_Latn,992,2,5
eng_Latn,992,3,35
eng_Latn,992,4,63
eng_Latn,992,5,42
eng_Latn,992,6,47
eng_Latn,992,7,61
eng_Latn,992,8,61
eng_Latn,992,9,49
eng_Latn,992,10,22
eng_Latn,992,11,47
eng_Latn,992,12,22
eng_Latn,993,0,60
eng_Latn,993,1,22
eng_Latn,993,2,22
eng_Latn,993,3,49
eng_Latn,993,4,34
eng_Latn,994,0,60
eng_Latn,994,1,12
eng_Latn,994,2,42
eng_Latn,994,3,19
eng_Latn,994,4,22
eng_Latn,994,5,49
eng_Latn,994,6,9
eng_Latn,994,7,19
eng_Latn,994,8,8
jpn_Jpan,995,0,60
jpn_Jpan,995,1,36
jpn_Jpan,995,2,24
jpn_Jpan,995,3,24
jpn_Jpan,995,4,13
jpn_Jpan,995,5,24
jpn_Jpan,995,6,19
jpn_Jpan,995,7,13
jpn_Jpan,995,8,24
jpn_Jpan,995,9,19
jpn_Jpan,995,10,13
jpn_Jpan,995,11,19
jpn_Jpan,995,12,19
jpn_Jpan,995,13,36
jpn_Jpan,995,14,24
jpn_Jpan,995,15,47
jpn_Jpan,995,16,47
jpn_Jpan,995,17,13
jpn_Jpan,995,18,34
jpn_Jpan,995,19,13
jpn_Jpan,995,20,13
jpn_Jpan,995,21,13
jpn_Jpan,995,22,34
jpn_Jpan,995,23,61
jpn_Jpan,995,24,13
jpn_Jpan,995,25,51
jpn_Jpan,996,0,60
jpn_Jpan,996,1,13
jpn_Jpan,996,2,13
jpn_Jpan,996,3,13
jpn_Jpan,996,4,13
jpn_Jpan,996,5,36
jpn_Jpan,996,6,36
jpn_Jpan,996,7,36
jpn_Jpan,996,8,47
jpn_Jpan,996,9,19
jpn_Jpan,996,10,13
jpn_Jpan,996,11,61
jpn_Jpan,996,12,13
jpn_Jpan,996,13,13
jpn_Jpan,996,14,13
jpn_Jpan,996,15,13
jpn_Jpan,996,16,13
jpn_Jpan,996,17,52
jpn_Jpan,996,18,13
jpn_Jpan,996,19,34
jpn_Jpan,997,0,60
jpn_Jpan,997,1,47
jpn_Jpan,997,2,13
jpn_Jpan,997,3,24
jpn_Jpan,997,4,19
jpn_Jpan,997,5,13
jpn_Jpan,997,6,19
jpn_Jpan,997,7,7
jpn_Jpan,997,8,24
jpn_Jpan,997,9,13
jpn_Jpan,997,10,24
jpn_Jpan,997,11,13
jpn_Jpan,997,12,13
jpn_Jpan,998,0,60
jpn_Jpan,998,1,28
jpn_Jpan,998,2,24
jpn_Jpan,998,3,19
jpn_Jpan,998,4,13
jpn_Jpan,998,5,19
jpn_Jpan,998,6,13
jpn_Jpan,998,7,24
jpn_Jpan,998,8,36
jpn_Jpan,998,9,24
jpn_Jpan,998,10,13
jpn_Jpan,998,11,19
jpn_Jpan,998,12,36
jpn_Jpan,998,13,24
jpn_Jpan,998,14,24
jpn_Jpan,998,15,52
jpn_Jpan,998,16,19
jpn_Jpan,998,17,37
jpn_Jpan,998,18,24
jpn_Jpan,998,19,47
jpn_Jpan,998,20,13
jpn_Jpan,998,21,34
jpn_Jpan,998,22,13
jpn_Jpan,998,23,34
jpn_Jpan,998,24,24
jpn_Jpan,998,25,40
jpn_Jpan,998,26,36
jpn_Jpan,998,27,52
jpn_Jpan,998,28,36
jpn_Jpan,998,29,28
jpn_Jpan,998,30,34
jpn_Jpan,998,31,13
jpn_Jpan,998,32,34
jpn_Jpan,998,33,13
jpn_Jpan,998,34,47
jpn_Jpan,998,35,13
jpn_Jpan,998,36,34
jpn_Jpan,998,37,34
jpn_Jpan,999,0,60
jpn_Jpan,999,1,13
jpn_Jpan,999,2,13
jpn_Jpan,999,3,24
jpn_Jpan,999,4,13
jpn_Jpan,999,5,13
jpn_Jpan,999,6,13
jpn_Jpan,999,7,13
jpn_Jpan,999,8,51
