lang,sentence_id,token_idx,expert_id
eng_Latn,0,0,60
eng_Latn,0,1,63
eng_Latn,0,2,63
eng_Latn,0,3,19
eng_Latn,1,0,60
eng_Latn,1,1,22
eng_Latn,1,2,60
eng_Latn,1,3,9
eng_Latn,1,4,27
eng_Latn,1,5,49
eng_Latn,1,6,26
eng_Latn,1,7,27
eng_Latn,1,8,40
eng_Latn,1,9,61
eng_Latn,2,0,60
eng_Latn,2,1,9
eng_Latn,2,2,56
eng_Latn,2,3,41
eng_Latn,2,4,17
eng_Latn,2,5,20
eng_Latn,2,6,57
eng_Latn,2,7,15
eng_Latn,2,8,16
eng_Latn,2,9,8
eng_Latn,2,10,8
eng_Latn,2,11,15
eng_Latn,3,0,60
eng_Latn,3,1,20
eng_Latn,3,2,38
eng_Latn,3,3,35
eng_Latn,3,4,57
eng_Latn,3,5,52
eng_Latn,3,6,51
kor_Hang,4,0,60
kor_Hang,4,1,13
kor_Hang,4,2,13
kor_Hang,4,3,13
kor_Hang,4,4,19
kor_Hang,4,5,13
kor_Hang,4,6,13
kor_Hang,4,7,47
kor_Hang,4,8,13
kor_Hang,4,9,11
kor_Hang,4,10,13
kor_Hang,4,11,13
kor_Hang,4,12,13
kor_Hang,4,13,13
kor_Hang,4,14,13
kor_Hang,4,15,13
kor_Hang,4,16,13
kor_Hang,4,17,13
kor_Hang,4,18,13
kor_Hang,4,19,13
kor_Hang,4,20,19
kor_Hang,4,21,13
kor_Hang,4,22,13
kor_Hang,4,23,47
kor_Hang,4,24,13
kor_Hang,4,25,13
kor_Hang,4,26,52
kor_Hang,4,27,52
kor_Hang,4,28,52
kor_Hang,4,29,52
kor_Hang,4,30,61
kor_Hang,4,31,34
kor_Hang,4,32,13
kor_Hang,4,33,13
kor_Hang,4,34,34
eng_Latn,5,0,60
eng_Latn,5,1,15
eng_Latn,5,2,56
eng_Latn,5,3,63
eng_Latn,5,4,60
eng_Latn,5,5,49
eng_Latn,5,6,63
eng_Latn,6,0,60
eng_Latn,6,1,50
eng_Latn,6,2,16
eng_Latn,6,3,38
eng_Latn,6,4,16
eng_Latn,7,0,60
eng_Latn,7,1,22
eng_Latn,7,2,42
eng_Latn,7,3,61
eng_Latn,8,0,60
eng_Latn,8,1,56
eng_Latn,8,2,56
eng_Latn,8,3,19
eng_Latn,8,4,8
eng_Latn,8,5,49
kor_Hang,9,0,60
kor_Hang,9,1,13
kor_Hang,9,2,13
kor_Hang,9,3,13
kor_Hang,9,4,61
kor_Hang,9,5,47
kor_Hang,9,6,13
kor_Hang,9,7,13
kor_Hang,9,8,13
kor_Hang,9,9,13
kor_Hang,9,10,13
kor_Hang,9,11,13
kor_Hang,9,12,13
kor_Hang,9,13,13
kor_Hang,9,14,13
kor_Hang,9,15,13
kor_Hang,9,16,13
kor_Hang,9,17,13
kor_Hang,9,18,13
kor_Hang,9,19,13
kor_Hang,9,20,13
kor_Hang,9,21,13
kor_Hang,9,22,13
kor_Hang,9,23,13
kor_Hang,9,24,13
kor_Hang,9,25,13
kor_Hang,9,26,19
kor_Hang,9,27,13
kor_Hang,9,28,13
kor_Hang,9,29,13
kor_Hang,9,30,13
kor_Hang,9,31,13
kor_Hang,9,32,13
kor_Hang,9,33,13
kor_Hang,9,34,13
kor_Hang,9,35,13
kor_Hang,9,36,13
kor_Hang,9,37,19
kor_Hang,9,38,13
kor_Hang,9,39,19
kor_Hang,9,40,34
kor_Hang,9,41,13
kor_Hang,9,42,13
kor_Hang,9,43,13
kor_Hang,9,44,34
kor_Hang,9,45,19
kor_Hang,9,46,13
kor_Hang,9,47,34
kor_Hang,10,0,60
kor_Hang,10,1,13
kor_Hang,10,2,13
kor_Hang,10,3,19
kor_Hang,10,4,13
kor_Hang,10,5,13
kor_Hang,10,6,13
kor_Hang,10,7,13
kor_Hang,10,8,13
kor_Hang,10,9,13
kor_Hang,10,10,13
kor_Hang,10,11,13
kor_Hang,10,12,13
kor_Hang,10,13,13
kor_Hang,10,14,13
kor_Hang,10,15,13
kor_Hang,10,16,13
kor_Hang,10,17,13
kor_Hang,10,18,13
kor_Hang,10,19,13
kor_Hang,10,20,13
kor_Hang,10,21,19
kor_Hang,10,22,13
kor_Hang,10,23,34
kor_Hang,11,0,60
kor_Hang,11,1,13
kor_Hang,11,2,13
kor_Hang,11,3,13
kor_Hang,11,4,13
kor_Hang,11,5,13
kor_Hang,11,6,13
kor_Hang,11,7,13
kor_Hang,11,8,13
kor_Hang,11,9,19
kor_Hang,11,10,13
kor_Hang,11,11,13
kor_Hang,11,12,13
kor_Hang,11,13,13
kor_Hang,11,14,13
kor_Hang,11,15,13
kor_Hang,11,16,13
kor_Hang,11,17,13
kor_Hang,11,18,13
kor_Hang,11,19,47
kor_Hang,11,20,13
kor_Hang,11,21,13
kor_Hang,11,22,13
kor_Hang,11,23,13
kor_Hang,11,24,13
kor_Hang,11,25,13
kor_Hang,11,26,13
kor_Hang,11,27,13
kor_Hang,11,28,13
kor_Hang,11,29,13
kor_Hang,11,30,13
kor_Hang,11,31,13
kor_Hang,11,32,19
kor_Hang,11,33,13
kor_Hang,11,34,34
eng_Latn,12,0,60
eng_Latn,12,1,35
eng_Latn,12,2,35
eng_Latn,12,3,2
eng_Latn,12,4,45
eng_Latn,12,5,50
eng_Latn,12,6,56
eng_Latn,12,7,38
eng_Latn,12,8,59
eng_Latn,12,9,19
eng_Latn,12,10,48
eng_Latn,12,11,20
eng_Latn,12,12,34
eng_Latn,13,0,60
eng_Latn,13,1,45
eng_Latn,13,2,18
eng_Latn,13,3,21
eng_Latn,13,4,31
eng_Latn,13,5,3
eng_Latn,13,6,46
eng_Latn,14,0,60
eng_Latn,14,1,47
eng_Latn,14,2,49
eng_Latn,14,3,26
eng_Latn,14,4,26
eng_Latn,14,5,26
eng_Latn,14,6,1
eng_Latn,15,0,60
eng_Latn,15,1,5
eng_Latn,15,2,35
eng_Latn,15,3,46
eng_Latn,15,4,53
eng_Latn,15,5,48
eng_Latn,15,6,18
eng_Latn,15,7,23
eng_Latn,15,8,54
eng_Latn,15,9,52
eng_Latn,16,0,60
eng_Latn,16,1,22
eng_Latn,16,2,22
eng_Latn,16,3,9
eng_Latn,17,0,60
eng_Latn,17,1,31
eng_Latn,17,2,8
kor_Hang,18,0,60
kor_Hang,18,1,9
kor_Hang,18,2,19
kor_Hang,18,3,13
kor_Hang,18,4,13
kor_Hang,18,5,13
kor_Hang,18,6,13
kor_Hang,18,7,13
kor_Hang,18,8,13
kor_Hang,18,9,13
kor_Hang,18,10,13
kor_Hang,18,11,13
kor_Hang,18,12,61
kor_Hang,18,13,13
kor_Hang,18,14,13
kor_Hang,18,15,13
kor_Hang,18,16,13
kor_Hang,18,17,13
kor_Hang,18,18,13
kor_Hang,18,19,13
kor_Hang,18,20,13
kor_Hang,18,21,47
kor_Hang,18,22,19
kor_Hang,18,23,13
kor_Hang,18,24,13
kor_Hang,18,25,13
kor_Hang,18,26,47
kor_Hang,18,27,13
kor_Hang,18,28,13
kor_Hang,18,29,13
kor_Hang,18,30,13
kor_Hang,18,31,13
kor_Hang,18,32,19
kor_Hang,18,33,34
kor_Hang,18,34,13
kor_Hang,18,35,13
kor_Hang,18,36,13
kor_Hang,18,37,13
kor_Hang,18,38,19
kor_Hang,18,39,13
kor_Hang,18,40,34
eng_Latn,19,0,60
eng_Latn,19,1,16
eng_Latn,19,2,20
eng_Latn,19,3,35
eng_Latn,19,4,33
eng_Latn,19,5,46
eng_Latn,20,0,60
eng_Latn,20,1,10
eng_Latn,20,2,56
eng_Latn,20,3,54
eng_Latn,20,4,41
eng_Latn,20,5,46
eng_Latn,21,0,60
eng_Latn,21,1,9
eng_Latn,21,2,29
eng_Latn,21,3,54
eng_Latn,21,4,18
eng_Latn,21,5,48
eng_Latn,21,6,18
eng_Latn,21,7,34
eng_Latn,22,0,60
eng_Latn,22,1,46
eng_Latn,22,2,56
eng_Latn,22,3,44
eng_Latn,23,0,60
eng_Latn,23,1,9
eng_Latn,23,2,56
eng_Latn,23,3,56
eng_Latn,23,4,56
eng_Latn,23,5,30
eng_Latn,23,6,48
eng_Latn,23,7,17
eng_Latn,23,8,48
eng_Latn,23,9,57
eng_Latn,24,0,60
eng_Latn,24,1,18
eng_Latn,24,2,4
eng_Latn,24,3,46
kor_Hang,25,0,60
kor_Hang,25,1,13
kor_Hang,25,2,13
kor_Hang,25,3,13
kor_Hang,25,4,13
kor_Hang,25,5,52
kor_Hang,25,6,52
kor_Hang,25,7,13
kor_Hang,25,8,13
kor_Hang,25,9,19
kor_Hang,25,10,13
kor_Hang,25,11,52
kor_Hang,25,12,52
kor_Hang,25,13,52
kor_Hang,25,14,13
kor_Hang,25,15,13
kor_Hang,25,16,13
kor_Hang,25,17,13
kor_Hang,25,18,13
kor_Hang,25,19,13
kor_Hang,25,20,13
kor_Hang,25,21,47
kor_Hang,25,22,13
kor_Hang,25,23,13
kor_Hang,25,24,13
kor_Hang,25,25,13
kor_Hang,25,26,13
kor_Hang,25,27,47
kor_Hang,25,28,47
kor_Hang,25,29,13
kor_Hang,25,30,13
kor_Hang,25,31,13
kor_Hang,25,32,61
kor_Hang,25,33,13
kor_Hang,25,34,13
kor_Hang,25,35,13
kor_Hang,25,36,13
kor_Hang,25,37,13
kor_Hang,25,38,13
kor_Hang,25,39,13
kor_Hang,25,40,13
kor_Hang,25,41,13
kor_Hang,25,42,34
kor_Hang,25,43,13
kor_Hang,25,44,13
kor_Hang,25,45,13
kor_Hang,25,46,13
kor_Hang,25,47,13
kor_Hang,25,48,13
kor_Hang,25,49,13
kor_Hang,25,50,19
kor_Hang,25,51,13
kor_Hang,25,52,34
eng_Latn,26,0,60
eng_Latn,26,1,22
eng_Latn,26,2,12
eng_Latn,26,3,22
eng_Latn,26,4,63
eng_Latn,27,0,60
eng_Latn,27,1,40
eng_Latn,27,2,29
eng_Latn,27,3,59
eng_Latn,27,4,49
eng_Latn,28,0,60
eng_Latn,28,1,52
eng_Latn,28,2,57
eng_Latn,28,3,33
eng_Latn,29,0,60
eng_Latn,29,1,41
eng_Latn,29,2,49
eng_Latn,29,3,37
eng_Latn,29,4,20
eng_Latn,29,5,44
kor_Hang,30,0,60
kor_Hang,30,1,13
kor_Hang,30,2,13
kor_Hang,30,3,19
kor_Hang,30,4,13
kor_Hang,30,5,13
kor_Hang,30,6,19
kor_Hang,30,7,13
kor_Hang,30,8,13
kor_Hang,30,9,19
kor_Hang,30,10,13
kor_Hang,30,11,13
kor_Hang,30,12,19
kor_Hang,30,13,13
kor_Hang,30,14,19
kor_Hang,30,15,13
kor_Hang,30,16,13
kor_Hang,30,17,13
kor_Hang,30,18,13
kor_Hang,30,19,19
kor_Hang,30,20,13
kor_Hang,30,21,13
kor_Hang,30,22,13
kor_Hang,30,23,13
kor_Hang,30,24,27
kor_Hang,30,25,47
kor_Hang,30,26,27
kor_Hang,30,27,13
kor_Hang,30,28,13
kor_Hang,30,29,13
kor_Hang,30,30,13
kor_Hang,30,31,13
kor_Hang,30,32,13
kor_Hang,30,33,11
kor_Hang,30,34,61
kor_Hang,30,35,61
kor_Hang,30,36,12
kor_Hang,30,37,47
kor_Hang,30,38,47
kor_Hang,30,39,39
eng_Latn,31,0,60
eng_Latn,31,1,22
eng_Latn,32,0,60
eng_Latn,32,1,13
eng_Latn,32,2,13
eng_Latn,32,3,13
eng_Latn,32,4,5
eng_Latn,32,5,61
eng_Latn,32,6,39
eng_Latn,33,0,60
eng_Latn,33,1,57
eng_Latn,33,2,46
eng_Latn,33,3,15
eng_Latn,33,4,63
eng_Latn,33,5,62
eng_Latn,33,6,52
eng_Latn,33,7,8
eng_Latn,33,8,46
eng_Latn,33,9,48
eng_Latn,34,0,60
eng_Latn,34,1,22
eng_Latn,34,2,56
eng_Latn,34,3,35
eng_Latn,34,4,35
eng_Latn,34,5,51
eng_Latn,35,0,60
eng_Latn,35,1,19
eng_Latn,35,2,23
eng_Latn,35,3,35
eng_Latn,35,4,43
eng_Latn,35,5,9
eng_Latn,35,6,43
eng_Latn,35,7,43
eng_Latn,36,0,60
eng_Latn,36,1,58
eng_Latn,36,2,22
eng_Latn,36,3,37
eng_Latn,36,4,52
eng_Latn,36,5,1
eng_Latn,36,6,22
eng_Latn,36,7,9
eng_Latn,36,8,52
eng_Latn,36,9,13
eng_Latn,36,10,1
eng_Latn,36,11,52
kor_Hang,37,0,60
kor_Hang,37,1,13
kor_Hang,37,2,19
kor_Hang,37,3,13
kor_Hang,37,4,13
kor_Hang,37,5,13
kor_Hang,37,6,19
kor_Hang,37,7,19
kor_Hang,37,8,19
kor_Hang,37,9,13
kor_Hang,37,10,13
kor_Hang,37,11,13
kor_Hang,37,12,12
kor_Hang,37,13,19
kor_Hang,37,14,7
kor_Hang,37,15,53
kor_Hang,37,16,40
kor_Hang,37,17,40
kor_Hang,37,18,13
kor_Hang,37,19,13
kor_Hang,37,20,52
kor_Hang,37,21,19
kor_Hang,37,22,52
kor_Hang,37,23,13
kor_Hang,37,24,13
kor_Hang,37,25,13
kor_Hang,37,26,13
kor_Hang,37,27,13
kor_Hang,37,28,13
kor_Hang,37,29,13
kor_Hang,37,30,13
kor_Hang,37,31,13
kor_Hang,37,32,13
kor_Hang,37,33,19
kor_Hang,37,34,13
kor_Hang,37,35,13
kor_Hang,37,36,13
kor_Hang,37,37,13
kor_Hang,37,38,19
kor_Hang,37,39,13
kor_Hang,37,40,34
eng_Latn,38,0,60
eng_Latn,38,1,40
eng_Latn,38,2,56
eng_Latn,38,3,56
eng_Latn,38,4,53
eng_Latn,38,5,57
eng_Latn,38,6,51
eng_Latn,39,0,60
eng_Latn,39,1,52
eng_Latn,39,2,13
eng_Latn,39,3,39
eng_Latn,39,4,19
eng_Latn,39,5,38
eng_Latn,39,6,34
eng_Latn,39,7,45
eng_Latn,39,8,16
eng_Latn,39,9,34
eng_Latn,40,0,60
eng_Latn,40,1,56
eng_Latn,40,2,35
eng_Latn,40,3,35
eng_Latn,40,4,51
eng_Latn,41,0,60
eng_Latn,41,1,60
eng_Latn,41,2,11
eng_Latn,41,3,52
eng_Latn,42,0,60
eng_Latn,42,1,18
eng_Latn,42,2,16
eng_Latn,42,3,30
eng_Latn,42,4,30
eng_Latn,42,5,30
eng_Latn,42,6,61
eng_Latn,42,7,19
eng_Latn,42,8,8
eng_Latn,42,9,19
eng_Latn,42,10,16
kor_Hang,43,0,60
kor_Hang,43,1,13
kor_Hang,43,2,13
kor_Hang,43,3,13
kor_Hang,43,4,13
kor_Hang,43,5,13
kor_Hang,43,6,13
kor_Hang,43,7,47
kor_Hang,43,8,13
kor_Hang,43,9,13
kor_Hang,43,10,13
kor_Hang,43,11,27
kor_Hang,43,12,26
kor_Hang,43,13,13
kor_Hang,43,14,13
kor_Hang,43,15,13
kor_Hang,43,16,13
kor_Hang,43,17,13
kor_Hang,43,18,13
kor_Hang,43,19,61
kor_Hang,43,20,13
kor_Hang,43,21,13
kor_Hang,43,22,13
kor_Hang,43,23,47
kor_Hang,43,24,13
kor_Hang,43,25,13
kor_Hang,43,26,13
kor_Hang,43,27,13
kor_Hang,43,28,13
kor_Hang,43,29,13
kor_Hang,43,30,13
kor_Hang,43,31,19
kor_Hang,43,32,34
kor_Hang,43,33,13
kor_Hang,43,34,13
kor_Hang,43,35,13
kor_Hang,43,36,13
kor_Hang,43,37,13
kor_Hang,43,38,52
kor_Hang,43,39,13
kor_Hang,43,40,13
kor_Hang,43,41,13
kor_Hang,43,42,19
kor_Hang,43,43,13
kor_Hang,43,44,13
kor_Hang,43,45,13
kor_Hang,43,46,13
kor_Hang,43,47,13
kor_Hang,43,48,13
kor_Hang,43,49,13
kor_Hang,43,50,13
kor_Hang,43,51,13
kor_Hang,43,52,13
kor_Hang,43,53,13
kor_Hang,43,54,13
kor_Hang,43,55,34
kor_Hang,44,0,60
kor_Hang,44,1,13
kor_Hang,44,2,13
kor_Hang,44,3,1
kor_Hang,44,4,1
kor_Hang,44,5,13
kor_Hang,44,6,13
kor_Hang,44,7,13
kor_Hang,44,8,47
kor_Hang,44,9,13
kor_Hang,44,10,13
kor_Hang,44,11,13
kor_Hang,44,12,13
kor_Hang,44,13,13
kor_Hang,44,14,13
kor_Hang,44,15,13
kor_Hang,44,16,13
kor_Hang,44,17,13
kor_Hang,44,18,13
kor_Hang,44,19,13
kor_Hang,44,20,13
kor_Hang,44,21,13
kor_Hang,44,22,19
kor_Hang,44,23,13
kor_Hang,44,24,13
kor_Hang,44,25,13
kor_Hang,44,26,13
kor_Hang,44,27,13
kor_Hang,44,28,13
kor_Hang,44,29,13
kor_Hang,44,30,13
kor_Hang,44,31,13
kor_Hang,44,32,13
kor_Hang,44,33,13
kor_Hang,44,34,13
kor_Hang,44,35,13
kor_Hang,44,36,13
kor_Hang,44,37,13
kor_Hang,44,38,13
kor_Hang,44,39,13
kor_Hang,44,40,51
kor_Hang,44,41,51
eng_Latn,45,0,60
eng_Latn,45,1,57
eng_Latn,45,2,33
eng_Latn,45,3,19
eng_Latn,45,4,33
eng_Latn,45,5,52
eng_Latn,45,6,49
eng_Latn,46,0,60
eng_Latn,46,1,56
eng_Latn,46,2,37
eng_Latn,46,3,43
eng_Latn,46,4,56
eng_Latn,46,5,57
eng_Latn,46,6,35
eng_Latn,46,7,17
kor_Hang,47,0,60
kor_Hang,47,1,13
kor_Hang,47,2,13
kor_Hang,47,3,13
kor_Hang,47,4,13
kor_Hang,47,5,13
kor_Hang,47,6,13
kor_Hang,47,7,13
kor_Hang,47,8,13
kor_Hang,47,9,13
kor_Hang,47,10,19
kor_Hang,47,11,13
kor_Hang,47,12,34
kor_Hang,47,13,13
kor_Hang,47,14,13
kor_Hang,47,15,13
kor_Hang,47,16,13
kor_Hang,47,17,13
kor_Hang,47,18,13
kor_Hang,47,19,13
kor_Hang,47,20,13
kor_Hang,47,21,19
kor_Hang,47,22,13
kor_Hang,47,23,19
kor_Hang,47,24,13
kor_Hang,47,25,13
kor_Hang,47,26,13
kor_Hang,47,27,13
kor_Hang,47,28,13
kor_Hang,47,29,13
kor_Hang,47,30,13
kor_Hang,47,31,13
kor_Hang,47,32,13
kor_Hang,47,33,19
kor_Hang,47,34,13
kor_Hang,47,35,13
kor_Hang,47,36,13
kor_Hang,47,37,13
kor_Hang,47,38,13
kor_Hang,47,39,13
kor_Hang,47,40,13
kor_Hang,47,41,13
kor_Hang,47,42,13
kor_Hang,47,43,13
kor_Hang,47,44,13
kor_Hang,47,45,13
kor_Hang,47,46,13
kor_Hang,47,47,13
kor_Hang,47,48,13
kor_Hang,47,49,13
kor_Hang,47,50,34
kor_Hang,47,51,19
kor_Hang,47,52,13
kor_Hang,47,53,34
eng_Latn,48,0,60
eng_Latn,48,1,17
eng_Latn,48,2,4
eng_Latn,48,3,38
eng_Latn,48,4,17
eng_Latn,49,0,60
eng_Latn,49,1,33
eng_Latn,49,2,33
eng_Latn,49,3,56
eng_Latn,49,4,16
eng_Latn,50,0,60
eng_Latn,50,1,22
eng_Latn,50,2,18
eng_Latn,50,3,20
eng_Latn,50,4,35
eng_Latn,50,5,35
eng_Latn,50,6,34
eng_Latn,51,0,60
eng_Latn,51,1,13
eng_Latn,51,2,13
eng_Latn,51,3,13
eng_Latn,51,4,19
eng_Latn,51,5,13
eng_Latn,52,0,60
eng_Latn,52,1,53
eng_Latn,52,2,44
eng_Latn,52,3,34
eng_Latn,52,4,53
eng_Latn,52,5,49
eng_Latn,52,6,63
eng_Latn,53,0,60
eng_Latn,53,1,33
eng_Latn,53,2,33
eng_Latn,53,3,33
eng_Latn,53,4,33
eng_Latn,53,5,1
eng_Latn,53,6,52
eng_Latn,53,7,52
eng_Latn,53,8,48
kor_Hang,54,0,60
kor_Hang,54,1,19
kor_Hang,54,2,52
kor_Hang,54,3,11
kor_Hang,54,4,9
kor_Hang,54,5,13
kor_Hang,54,6,19
kor_Hang,54,7,13
kor_Hang,54,8,61
kor_Hang,54,9,19
kor_Hang,54,10,13
kor_Hang,54,11,13
kor_Hang,54,12,13
kor_Hang,54,13,13
kor_Hang,54,14,13
kor_Hang,54,15,19
kor_Hang,54,16,13
kor_Hang,54,17,13
kor_Hang,54,18,13
kor_Hang,54,19,19
kor_Hang,54,20,13
kor_Hang,54,21,61
kor_Hang,54,22,19
kor_Hang,54,23,13
kor_Hang,54,24,24
kor_Hang,54,25,13
kor_Hang,54,26,13
kor_Hang,54,27,13
kor_Hang,54,28,13
kor_Hang,54,29,13
kor_Hang,54,30,13
kor_Hang,54,31,13
kor_Hang,54,32,13
kor_Hang,54,33,13
kor_Hang,54,34,13
kor_Hang,54,35,13
kor_Hang,54,36,13
kor_Hang,54,37,13
kor_Hang,54,38,13
kor_Hang,54,39,19
kor_Hang,54,40,19
kor_Hang,54,41,13
kor_Hang,54,42,47
kor_Hang,54,43,47
kor_Hang,54,44,13
kor_Hang,54,45,13
kor_Hang,54,46,19
kor_Hang,54,47,13
kor_Hang,54,48,13
kor_Hang,54,49,13
kor_Hang,54,50,13
eng_Latn,55,0,60
eng_Latn,55,1,57
eng_Latn,55,2,20
eng_Latn,55,3,1
eng_Latn,55,4,52
eng_Latn,56,0,60
eng_Latn,56,1,9
eng_Latn,56,2,1
eng_Latn,56,3,57
eng_Latn,56,4,49
eng_Latn,56,5,9
eng_Latn,56,6,22
eng_Latn,56,7,19
eng_Latn,56,8,19
eng_Latn,56,9,63
eng_Latn,56,10,11
eng_Latn,56,11,40
eng_Latn,56,12,40
eng_Latn,56,13,49
eng_Latn,56,14,12
eng_Latn,56,15,47
eng_Latn,57,0,60
eng_Latn,57,1,53
eng_Latn,57,2,37
eng_Latn,57,3,40
eng_Latn,57,4,40
eng_Latn,57,5,49
eng_Latn,57,6,53
eng_Latn,57,7,40
eng_Latn,57,8,5
eng_Latn,57,9,49
kor_Hang,58,0,60
kor_Hang,58,1,19
kor_Hang,58,2,13
kor_Hang,58,3,13
kor_Hang,58,4,13
kor_Hang,58,5,13
kor_Hang,58,6,13
kor_Hang,58,7,13
kor_Hang,58,8,13
kor_Hang,58,9,13
kor_Hang,58,10,13
kor_Hang,58,11,11
kor_Hang,58,12,13
kor_Hang,58,13,13
kor_Hang,58,14,13
kor_Hang,58,15,27
kor_Hang,58,16,52
kor_Hang,58,17,13
kor_Hang,58,18,13
kor_Hang,58,19,13
kor_Hang,58,20,13
kor_Hang,58,21,13
kor_Hang,58,22,13
kor_Hang,58,23,13
kor_Hang,58,24,13
kor_Hang,58,25,19
kor_Hang,58,26,13
kor_Hang,58,27,13
kor_Hang,58,28,13
kor_Hang,58,29,13
kor_Hang,58,30,13
kor_Hang,58,31,19
kor_Hang,58,32,13
kor_Hang,58,33,47
kor_Hang,58,34,19
kor_Hang,58,35,13
kor_Hang,58,36,13
kor_Hang,58,37,13
kor_Hang,58,38,51
eng_Latn,59,0,60
eng_Latn,59,1,9
eng_Latn,59,2,40
eng_Latn,59,3,61
eng_Latn,59,4,33
eng_Latn,59,5,15
eng_Latn,59,6,26
eng_Latn,59,7,61
eng_Latn,59,8,1
eng_Latn,59,9,47
eng_Latn,59,10,33
eng_Latn,59,11,61
kor_Hang,60,0,60
kor_Hang,60,1,13
kor_Hang,60,2,13
kor_Hang,60,3,13
kor_Hang,60,4,13
kor_Hang,60,5,13
kor_Hang,60,6,47
kor_Hang,60,7,13
kor_Hang,60,8,13
kor_Hang,60,9,13
kor_Hang,60,10,19
kor_Hang,60,11,13
kor_Hang,60,12,47
kor_Hang,60,13,13
kor_Hang,60,14,13
kor_Hang,60,15,13
kor_Hang,60,16,13
kor_Hang,60,17,19
kor_Hang,60,18,13
kor_Hang,60,19,13
kor_Hang,60,20,13
kor_Hang,60,21,13
kor_Hang,60,22,13
kor_Hang,60,23,13
kor_Hang,60,24,13
kor_Hang,60,25,19
kor_Hang,60,26,13
kor_Hang,60,27,13
kor_Hang,60,28,13
kor_Hang,60,29,13
kor_Hang,60,30,13
kor_Hang,60,31,13
kor_Hang,60,32,13
kor_Hang,60,33,13
kor_Hang,60,34,13
kor_Hang,60,35,13
kor_Hang,60,36,9
kor_Hang,60,37,13
kor_Hang,60,38,13
kor_Hang,60,39,13
kor_Hang,60,40,13
kor_Hang,60,41,13
kor_Hang,60,42,13
kor_Hang,60,43,47
kor_Hang,60,44,13
kor_Hang,60,45,13
kor_Hang,60,46,61
kor_Hang,60,47,19
kor_Hang,60,48,13
kor_Hang,60,49,47
kor_Hang,60,50,19
kor_Hang,60,51,13
kor_Hang,60,52,13
kor_Hang,60,53,13
kor_Hang,60,54,19
kor_Hang,60,55,13
kor_Hang,60,56,13
kor_Hang,60,57,13
kor_Hang,60,58,13
kor_Hang,60,59,13
kor_Hang,60,60,13
kor_Hang,60,61,13
kor_Hang,60,62,19
kor_Hang,60,63,13
kor_Hang,60,64,13
kor_Hang,60,65,13
kor_Hang,60,66,13
kor_Hang,60,67,13
kor_Hang,60,68,13
kor_Hang,60,69,13
kor_Hang,60,70,19
kor_Hang,60,71,13
kor_Hang,60,72,13
kor_Hang,60,73,13
kor_Hang,60,74,13
kor_Hang,60,75,13
kor_Hang,60,76,19
kor_Hang,60,77,13
kor_Hang,60,78,13
kor_Hang,60,79,13
kor_Hang,60,80,13
kor_Hang,60,81,13
kor_Hang,60,82,13
kor_Hang,60,83,13
kor_Hang,61,0,60
kor_Hang,61,1,13
kor_Hang,61,2,13
kor_Hang,61,3,19
kor_Hang,61,4,13
kor_Hang,61,5,19
kor_Hang,61,6,13
kor_Hang,61,7,13
kor_Hang,61,8,42
kor_Hang,61,9,13
kor_Hang,61,10,19
kor_Hang,61,11,13
kor_Hang,61,12,13
kor_Hang,61,13,13
kor_Hang,61,14,19
kor_Hang,61,15,47
kor_Hang,61,16,47
kor_Hang,61,17,47
kor_Hang,61,18,13
kor_Hang,61,19,13
kor_Hang,61,20,9
kor_Hang,61,21,13
kor_Hang,61,22,19
kor_Hang,61,23,13
kor_Hang,61,24,13
kor_Hang,61,25,13
kor_Hang,61,26,13
kor_Hang,61,27,13
kor_Hang,61,28,13
kor_Hang,61,29,13
kor_Hang,61,30,13
kor_Hang,61,31,13
kor_Hang,61,32,52
kor_Hang,61,33,52
kor_Hang,61,34,13
kor_Hang,61,35,52
kor_Hang,61,36,52
kor_Hang,61,37,19
kor_Hang,61,38,13
kor_Hang,61,39,52
kor_Hang,61,40,47
kor_Hang,61,41,13
kor_Hang,61,42,13
kor_Hang,61,43,13
kor_Hang,61,44,19
kor_Hang,61,45,19
kor_Hang,61,46,13
kor_Hang,61,47,13
kor_Hang,61,48,13
kor_Hang,61,49,13
kor_Hang,61,50,13
kor_Hang,61,51,13
kor_Hang,61,52,13
kor_Hang,61,53,13
kor_Hang,61,54,13
kor_Hang,61,55,13
kor_Hang,61,56,47
kor_Hang,61,57,47
kor_Hang,61,58,34
kor_Hang,61,59,13
kor_Hang,61,60,13
kor_Hang,61,61,13
kor_Hang,61,62,13
kor_Hang,61,63,13
kor_Hang,61,64,19
kor_Hang,61,65,34
kor_Hang,61,66,13
kor_Hang,61,67,13
kor_Hang,61,68,34
eng_Latn,62,0,60
eng_Latn,62,1,61
eng_Latn,62,2,1
eng_Latn,62,3,33
eng_Latn,62,4,24
eng_Latn,62,5,15
eng_Latn,62,6,16
eng_Latn,63,0,60
eng_Latn,63,1,56
eng_Latn,63,2,56
eng_Latn,63,3,52
eng_Latn,63,4,57
eng_Latn,63,5,52
eng_Latn,63,6,52
eng_Latn,63,7,57
eng_Latn,63,8,23
eng_Latn,63,9,4
eng_Latn,64,0,60
eng_Latn,64,1,40
eng_Latn,64,2,61
eng_Latn,64,3,49
kor_Hang,65,0,60
kor_Hang,65,1,13
kor_Hang,65,2,13
kor_Hang,65,3,13
kor_Hang,65,4,13
kor_Hang,65,5,13
kor_Hang,65,6,13
kor_Hang,65,7,13
kor_Hang,65,8,13
kor_Hang,65,9,13
kor_Hang,65,10,19
kor_Hang,65,11,13
kor_Hang,65,12,47
kor_Hang,65,13,13
kor_Hang,65,14,13
kor_Hang,65,15,47
kor_Hang,65,16,47
kor_Hang,65,17,13
kor_Hang,65,18,47
kor_Hang,65,19,13
kor_Hang,65,20,13
kor_Hang,65,21,13
kor_Hang,65,22,13
kor_Hang,65,23,13
kor_Hang,65,24,47
kor_Hang,65,25,13
kor_Hang,65,26,19
kor_Hang,65,27,13
kor_Hang,65,28,13
kor_Hang,65,29,13
kor_Hang,65,30,61
kor_Hang,65,31,13
kor_Hang,65,32,13
kor_Hang,65,33,13
kor_Hang,65,34,13
kor_Hang,65,35,13
kor_Hang,65,36,13
kor_Hang,65,37,13
kor_Hang,65,38,13
kor_Hang,65,39,13
kor_Hang,65,40,13
kor_Hang,65,41,13
kor_Hang,65,42,13
kor_Hang,65,43,13
kor_Hang,65,44,13
kor_Hang,65,45,13
kor_Hang,65,46,13
kor_Hang,65,47,13
kor_Hang,65,48,13
kor_Hang,65,49,13
kor_Hang,65,50,13
kor_Hang,65,51,13
kor_Hang,65,52,13
kor_Hang,65,53,13
kor_Hang,65,54,13
kor_Hang,65,55,13
kor_Hang,65,56,19
kor_Hang,65,57,13
kor_Hang,65,58,13
kor_Hang,65,59,13
kor_Hang,65,60,13
kor_Hang,65,61,13
kor_Hang,65,62,34
kor_Hang,65,63,13
kor_Hang,65,64,13
kor_Hang,65,65,19
kor_Hang,65,66,34
kor_Hang,65,67,34
kor_Hang,65,68,34
kor_Hang,65,69,34
kor_Hang,66,0,60
kor_Hang,66,1,13
kor_Hang,66,2,13
kor_Hang,66,3,13
kor_Hang,66,4,13
kor_Hang,66,5,13
kor_Hang,66,6,13
kor_Hang,66,7,13
kor_Hang,66,8,19
kor_Hang,66,9,13
kor_Hang,66,10,13
kor_Hang,66,11,19
kor_Hang,66,12,13
kor_Hang,66,13,13
kor_Hang,66,14,13
kor_Hang,66,15,13
kor_Hang,66,16,13
kor_Hang,66,17,19
kor_Hang,66,18,13
kor_Hang,66,19,13
kor_Hang,66,20,34
kor_Hang,66,21,13
kor_Hang,66,22,13
kor_Hang,66,23,13
kor_Hang,66,24,13
kor_Hang,66,25,13
kor_Hang,66,26,13
kor_Hang,66,27,13
kor_Hang,66,28,13
kor_Hang,66,29,13
kor_Hang,66,30,13
kor_Hang,66,31,13
kor_Hang,66,32,13
kor_Hang,66,33,13
kor_Hang,66,34,19
kor_Hang,66,35,13
kor_Hang,66,36,13
kor_Hang,66,37,13
kor_Hang,66,38,13
kor_Hang,66,39,52
kor_Hang,66,40,13
kor_Hang,66,41,13
kor_Hang,66,42,13
kor_Hang,66,43,13
kor_Hang,66,44,13
kor_Hang,66,45,13
kor_Hang,66,46,19
kor_Hang,66,47,13
kor_Hang,66,48,13
kor_Hang,66,49,13
kor_Hang,66,50,13
kor_Hang,66,51,13
kor_Hang,66,52,13
kor_Hang,66,53,13
kor_Hang,66,54,13
kor_Hang,66,55,34
eng_Latn,67,0,60
eng_Latn,67,1,57
eng_Latn,67,2,23
eng_Latn,67,3,46
eng_Latn,67,4,54
eng_Latn,67,5,59
eng_Latn,67,6,48
eng_Latn,67,7,5
eng_Latn,67,8,1
eng_Latn,67,9,52
eng_Latn,68,0,60
eng_Latn,68,1,20
eng_Latn,68,2,52
eng_Latn,68,3,15
eng_Latn,68,4,38
eng_Latn,68,5,15
eng_Latn,69,0,60
eng_Latn,69,1,22
eng_Latn,69,2,49
eng_Latn,69,3,16
eng_Latn,69,4,38
eng_Latn,69,5,16
eng_Latn,69,6,53
eng_Latn,69,7,19
kor_Hang,70,0,60
kor_Hang,70,1,22
kor_Hang,70,2,12
kor_Hang,70,3,13
kor_Hang,70,4,13
kor_Hang,70,5,13
kor_Hang,70,6,13
kor_Hang,70,7,13
kor_Hang,70,8,13
kor_Hang,70,9,13
kor_Hang,70,10,13
kor_Hang,70,11,19
kor_Hang,70,12,13
kor_Hang,70,13,13
kor_Hang,70,14,19
kor_Hang,70,15,13
kor_Hang,70,16,13
kor_Hang,70,17,13
kor_Hang,70,18,13
kor_Hang,70,19,13
kor_Hang,70,20,13
kor_Hang,70,21,13
kor_Hang,70,22,13
kor_Hang,70,23,13
kor_Hang,70,24,13
kor_Hang,70,25,13
kor_Hang,70,26,13
kor_Hang,70,27,19
kor_Hang,70,28,13
kor_Hang,70,29,13
kor_Hang,70,30,13
kor_Hang,70,31,13
kor_Hang,70,32,34
kor_Hang,70,33,13
kor_Hang,70,34,13
kor_Hang,70,35,9
kor_Hang,70,36,13
kor_Hang,70,37,13
kor_Hang,70,38,13
kor_Hang,70,39,13
kor_Hang,70,40,13
kor_Hang,70,41,13
kor_Hang,70,42,13
kor_Hang,70,43,34
kor_Hang,70,44,13
kor_Hang,70,45,13
kor_Hang,70,46,13
kor_Hang,70,47,13
kor_Hang,70,48,13
kor_Hang,70,49,13
kor_Hang,70,50,19
kor_Hang,70,51,13
kor_Hang,70,52,34
eng_Latn,71,0,60
eng_Latn,71,1,22
eng_Latn,71,2,15
eng_Latn,71,3,37
eng_Latn,71,4,52
eng_Latn,71,5,52
eng_Latn,71,6,19
eng_Latn,71,7,19
eng_Latn,71,8,3
eng_Latn,71,9,46
eng_Latn,72,0,60
eng_Latn,72,1,17
eng_Latn,72,2,22
eng_Latn,72,3,57
eng_Latn,72,4,16
eng_Latn,72,5,34
eng_Latn,73,0,60
eng_Latn,73,1,15
eng_Latn,73,2,16
eng_Latn,73,3,43
eng_Latn,73,4,46
eng_Latn,73,5,63
eng_Latn,73,6,43
eng_Latn,73,7,49
eng_Latn,74,0,60
eng_Latn,74,1,22
eng_Latn,74,2,53
eng_Latn,74,3,46
eng_Latn,74,4,15
eng_Latn,75,0,60
eng_Latn,75,1,22
eng_Latn,75,2,22
eng_Latn,75,3,22
eng_Latn,75,4,42
eng_Latn,75,5,29
eng_Latn,75,6,34
eng_Latn,75,7,9
eng_Latn,75,8,22
eng_Latn,75,9,51
eng_Latn,76,0,60
eng_Latn,76,1,31
eng_Latn,76,2,9
eng_Latn,76,3,18
eng_Latn,76,4,34
eng_Latn,76,5,18
eng_Latn,76,6,20
eng_Latn,76,7,41
eng_Latn,76,8,34
eng_Latn,76,9,18
eng_Latn,76,10,34
eng_Latn,77,0,60
eng_Latn,77,1,35
eng_Latn,77,2,50
eng_Latn,77,3,4
eng_Latn,77,4,4
eng_Latn,77,5,51
kor_Hang,78,0,60
kor_Hang,78,1,52
kor_Hang,78,2,52
kor_Hang,78,3,13
kor_Hang,78,4,13
kor_Hang,78,5,13
kor_Hang,78,6,13
kor_Hang,78,7,13
kor_Hang,78,8,13
kor_Hang,78,9,13
kor_Hang,78,10,13
kor_Hang,78,11,13
kor_Hang,78,12,13
kor_Hang,78,13,13
kor_Hang,78,14,13
kor_Hang,78,15,13
kor_Hang,78,16,13
kor_Hang,78,17,52
kor_Hang,78,18,13
kor_Hang,78,19,52
kor_Hang,78,20,13
kor_Hang,78,21,13
kor_Hang,78,22,13
kor_Hang,78,23,13
kor_Hang,78,24,19
kor_Hang,78,25,13
kor_Hang,78,26,13
kor_Hang,78,27,13
kor_Hang,78,28,13
kor_Hang,78,29,13
kor_Hang,78,30,13
kor_Hang,78,31,13
kor_Hang,78,32,19
kor_Hang,78,33,13
kor_Hang,78,34,13
kor_Hang,78,35,13
kor_Hang,78,36,13
kor_Hang,78,37,13
kor_Hang,78,38,13
kor_Hang,78,39,13
kor_Hang,78,40,13
kor_Hang,78,41,13
kor_Hang,78,42,13
kor_Hang,78,43,52
kor_Hang,78,44,13
kor_Hang,78,45,52
kor_Hang,78,46,13
kor_Hang,78,47,13
kor_Hang,78,48,13
kor_Hang,78,49,13
kor_Hang,78,50,47
kor_Hang,78,51,19
kor_Hang,78,52,13
kor_Hang,78,53,13
kor_Hang,78,54,13
kor_Hang,78,55,13
kor_Hang,78,56,13
kor_Hang,78,57,13
kor_Hang,78,58,34
kor_Hang,78,59,13
kor_Hang,78,60,13
kor_Hang,78,61,13
kor_Hang,78,62,13
kor_Hang,78,63,13
kor_Hang,78,64,47
kor_Hang,78,65,13
kor_Hang,78,66,13
kor_Hang,78,67,34
eng_Latn,79,0,60
eng_Latn,79,1,53
eng_Latn,79,2,38
eng_Latn,79,3,35
eng_Latn,79,4,35
eng_Latn,79,5,57
eng_Latn,79,6,57
eng_Latn,79,7,59
eng_Latn,79,8,15
eng_Latn,80,0,60
eng_Latn,80,1,22
eng_Latn,80,2,5
eng_Latn,80,3,35
eng_Latn,80,4,63
eng_Latn,80,5,42
eng_Latn,80,6,47
eng_Latn,80,7,61
eng_Latn,80,8,61
eng_Latn,80,9,49
eng_Latn,80,10,22
eng_Latn,80,11,47
eng_Latn,80,12,22
eng_Latn,81,0,60
eng_Latn,81,1,47
eng_Latn,81,2,1
eng_Latn,81,3,28
eng_Latn,81,4,13
eng_Latn,81,5,39
eng_Latn,81,6,13
eng_Latn,81,7,27
eng_Latn,81,8,61
eng_Latn,81,9,27
eng_Latn,81,10,27
eng_Latn,82,0,60
eng_Latn,82,1,18
eng_Latn,82,2,16
eng_Latn,82,3,52
eng_Latn,82,4,34
eng_Latn,82,5,20
eng_Latn,82,6,37
eng_Latn,82,7,46
eng_Latn,83,0,60
eng_Latn,83,1,39
eng_Latn,83,2,5
eng_Latn,83,3,35
eng_Latn,83,4,18
eng_Latn,83,5,14
eng_Latn,83,6,18
eng_Latn,83,7,14
eng_Latn,83,8,14
eng_Latn,83,9,47
eng_Latn,84,0,60
eng_Latn,84,1,15
eng_Latn,84,2,51
eng_Latn,84,3,18
eng_Latn,84,4,18
eng_Latn,84,5,41
eng_Latn,84,6,48
eng_Latn,85,0,60
eng_Latn,85,1,57
eng_Latn,85,2,13
eng_Latn,85,3,13
eng_Latn,85,4,7
eng_Latn,86,0,60
eng_Latn,86,1,42
eng_Latn,86,2,19
eng_Latn,86,3,22
eng_Latn,87,0,60
eng_Latn,87,1,15
eng_Latn,87,2,23
eng_Latn,87,3,48
eng_Latn,87,4,56
eng_Latn,87,5,16
eng_Latn,87,6,54
eng_Latn,87,7,63
eng_Latn,88,0,60
eng_Latn,88,1,51
eng_Latn,88,2,26
eng_Latn,88,3,61
eng_Latn,88,4,49
eng_Latn,89,0,60
eng_Latn,89,1,22
eng_Latn,89,2,19
eng_Latn,89,3,0
eng_Latn,89,4,31
eng_Latn,89,5,56
eng_Latn,89,6,23
eng_Latn,89,7,20
eng_Latn,89,8,51
eng_Latn,90,0,60
eng_Latn,90,1,11
eng_Latn,90,2,22
eng_Latn,90,3,63
eng_Latn,90,4,60
eng_Latn,90,5,14
eng_Latn,90,6,40
eng_Latn,90,7,60
eng_Latn,91,0,60
eng_Latn,91,1,22
eng_Latn,91,2,19
eng_Latn,91,3,63
eng_Latn,91,4,48
eng_Latn,91,5,63
eng_Latn,92,0,60
eng_Latn,92,1,9
eng_Latn,92,2,9
eng_Latn,92,3,18
eng_Latn,92,4,16
eng_Latn,92,5,20
eng_Latn,92,6,3
eng_Latn,92,7,3
eng_Latn,92,8,49
eng_Latn,93,0,60
eng_Latn,93,1,19
eng_Latn,93,2,8
eng_Latn,93,3,8
eng_Latn,93,4,8
eng_Latn,93,5,57
eng_Latn,93,6,57
eng_Latn,93,7,47
eng_Latn,93,8,8
eng_Latn,94,0,60
eng_Latn,94,1,17
eng_Latn,94,2,53
eng_Latn,94,3,16
eng_Latn,94,4,16
kor_Hang,95,0,60
kor_Hang,95,1,13
kor_Hang,95,2,13
kor_Hang,95,3,13
kor_Hang,95,4,13
kor_Hang,95,5,13
kor_Hang,95,6,13
kor_Hang,95,7,13
kor_Hang,95,8,19
kor_Hang,95,9,13
kor_Hang,95,10,13
kor_Hang,95,11,13
kor_Hang,95,12,13
kor_Hang,95,13,13
kor_Hang,95,14,47
kor_Hang,95,15,13
kor_Hang,95,16,13
kor_Hang,95,17,26
kor_Hang,95,18,39
kor_Hang,95,19,27
kor_Hang,95,20,13
kor_Hang,95,21,19
kor_Hang,95,22,13
kor_Hang,95,23,13
kor_Hang,95,24,13
kor_Hang,95,25,13
kor_Hang,95,26,13
kor_Hang,95,27,13
kor_Hang,95,28,19
kor_Hang,95,29,13
kor_Hang,95,30,47
kor_Hang,95,31,19
kor_Hang,95,32,13
kor_Hang,95,33,13
kor_Hang,95,34,13
kor_Hang,95,35,13
kor_Hang,95,36,19
kor_Hang,95,37,13
kor_Hang,95,38,13
kor_Hang,95,39,13
kor_Hang,95,40,13
kor_Hang,95,41,13
kor_Hang,95,42,13
kor_Hang,95,43,13
kor_Hang,95,44,13
kor_Hang,95,45,34
eng_Latn,96,0,60
eng_Latn,96,1,45
eng_Latn,96,2,46
eng_Latn,96,3,47
eng_Latn,96,4,23
eng_Latn,96,5,54
eng_Latn,96,6,63
eng_Latn,97,0,60
eng_Latn,97,1,56
eng_Latn,97,2,54
eng_Latn,97,3,56
eng_Latn,97,4,24
eng_Latn,97,5,52
eng_Latn,97,6,51
eng_Latn,98,0,60
eng_Latn,98,1,50
eng_Latn,98,2,20
eng_Latn,98,3,16
eng_Latn,98,4,10
eng_Latn,98,5,23
eng_Latn,98,6,23
eng_Latn,98,7,16
eng_Latn,99,0,60
eng_Latn,99,1,4
eng_Latn,99,2,56
eng_Latn,99,3,34
eng_Latn,99,4,2
eng_Latn,99,5,49
eng_Latn,99,6,16
eng_Latn,100,0,60
eng_Latn,100,1,42
eng_Latn,100,2,51
eng_Latn,101,0,60
eng_Latn,101,1,22
eng_Latn,101,2,34
eng_Latn,101,3,22
eng_Latn,101,4,38
eng_Latn,101,5,34
kor_Hang,102,0,60
kor_Hang,102,1,13
kor_Hang,102,2,13
kor_Hang,102,3,13
kor_Hang,102,4,13
kor_Hang,102,5,19
kor_Hang,102,6,13
kor_Hang,102,7,6
kor_Hang,102,8,13
kor_Hang,102,9,47
kor_Hang,102,10,13
kor_Hang,102,11,13
kor_Hang,102,12,13
kor_Hang,102,13,13
kor_Hang,102,14,13
kor_Hang,102,15,13
kor_Hang,102,16,13
kor_Hang,102,17,13
kor_Hang,102,18,13
kor_Hang,102,19,13
kor_Hang,102,20,13
kor_Hang,102,21,13
kor_Hang,102,22,13
kor_Hang,102,23,13
kor_Hang,102,24,13
kor_Hang,102,25,13
kor_Hang,102,26,13
kor_Hang,102,27,47
kor_Hang,102,28,13
kor_Hang,102,29,13
kor_Hang,102,30,13
kor_Hang,102,31,13
kor_Hang,102,32,13
kor_Hang,102,33,13
kor_Hang,102,34,13
kor_Hang,102,35,13
kor_Hang,102,36,52
kor_Hang,102,37,52
kor_Hang,102,38,52
kor_Hang,102,39,13
kor_Hang,102,40,13
kor_Hang,102,41,13
kor_Hang,102,42,13
kor_Hang,102,43,13
kor_Hang,102,44,13
kor_Hang,102,45,13
kor_Hang,102,46,13
kor_Hang,102,47,13
kor_Hang,102,48,13
kor_Hang,102,49,19
kor_Hang,102,50,13
kor_Hang,102,51,13
kor_Hang,102,52,13
kor_Hang,102,53,13
kor_Hang,102,54,13
kor_Hang,102,55,13
kor_Hang,102,56,13
kor_Hang,102,57,13
kor_Hang,102,58,13
kor_Hang,102,59,13
kor_Hang,102,60,19
kor_Hang,102,61,13
kor_Hang,102,62,34
eng_Latn,103,0,60
eng_Latn,103,1,45
eng_Latn,103,2,46
eng_Latn,103,3,5
eng_Latn,103,4,14
eng_Latn,103,5,14
eng_Latn,103,6,14
eng_Latn,103,7,63
eng_Latn,104,0,60
eng_Latn,104,1,37
eng_Latn,104,2,22
eng_Latn,104,3,26
eng_Latn,105,0,60
eng_Latn,105,1,40
eng_Latn,105,2,46
eng_Latn,105,3,18
kor_Hang,106,0,60
kor_Hang,106,1,13
kor_Hang,106,2,60
kor_Hang,106,3,13
kor_Hang,106,4,13
kor_Hang,106,5,13
kor_Hang,106,6,13
kor_Hang,106,7,47
kor_Hang,106,8,13
kor_Hang,106,9,6
kor_Hang,106,10,13
kor_Hang,106,11,13
kor_Hang,106,12,13
kor_Hang,106,13,13
kor_Hang,106,14,13
kor_Hang,106,15,47
kor_Hang,106,16,13
kor_Hang,106,17,13
kor_Hang,106,18,13
kor_Hang,106,19,13
kor_Hang,106,20,13
kor_Hang,106,21,13
kor_Hang,106,22,13
kor_Hang,106,23,13
kor_Hang,106,24,13
kor_Hang,106,25,13
kor_Hang,106,26,13
kor_Hang,106,27,13
kor_Hang,106,28,13
kor_Hang,106,29,13
kor_Hang,106,30,13
kor_Hang,106,31,13
kor_Hang,106,32,13
kor_Hang,106,33,13
kor_Hang,106,34,19
kor_Hang,106,35,13
kor_Hang,106,36,13
kor_Hang,106,37,13
kor_Hang,106,38,13
kor_Hang,106,39,13
kor_Hang,106,40,13
kor_Hang,106,41,13
kor_Hang,106,42,19
kor_Hang,106,43,13
kor_Hang,106,44,34
eng_Latn,107,0,60
eng_Latn,107,1,9
eng_Latn,107,2,22
eng_Latn,107,3,22
eng_Latn,107,4,60
eng_Latn,107,5,12
eng_Latn,107,6,22
eng_Latn,107,7,63
eng_Latn,107,8,12
eng_Latn,107,9,61
eng_Latn,107,10,22
eng_Latn,108,0,60
eng_Latn,108,1,57
eng_Latn,108,2,20
eng_Latn,108,3,35
eng_Latn,108,4,57
eng_Latn,108,5,50
eng_Latn,108,6,21
eng_Latn,108,7,16
eng_Latn,109,0,60
eng_Latn,109,1,22
eng_Latn,109,2,57
eng_Latn,109,3,16
eng_Latn,109,4,53
eng_Latn,109,5,35
eng_Latn,109,6,46
eng_Latn,109,7,34
eng_Latn,110,0,60
eng_Latn,110,1,9
eng_Latn,110,2,40
eng_Latn,110,3,1
eng_Latn,110,4,8
eng_Latn,110,5,49
eng_Latn,110,6,49
eng_Latn,110,7,37
eng_Latn,110,8,54
eng_Latn,110,9,18
eng_Latn,110,10,2
eng_Latn,111,0,60
eng_Latn,111,1,56
eng_Latn,111,2,18
eng_Latn,111,3,51
eng_Latn,111,4,46
eng_Latn,111,5,51
eng_Latn,112,0,60
eng_Latn,112,1,9
eng_Latn,112,2,22
eng_Latn,112,3,35
eng_Latn,112,4,15
eng_Latn,112,5,33
eng_Latn,112,6,33
eng_Latn,112,7,57
eng_Latn,113,0,60
eng_Latn,113,1,4
eng_Latn,113,2,54
eng_Latn,113,3,48
eng_Latn,113,4,9
eng_Latn,113,5,56
eng_Latn,113,6,35
eng_Latn,113,7,35
eng_Latn,113,8,57
eng_Latn,113,9,2
eng_Latn,113,10,27
eng_Latn,113,11,26
eng_Latn,113,12,50
eng_Latn,113,13,16
eng_Latn,114,0,60
eng_Latn,114,1,22
eng_Latn,114,2,42
eng_Latn,114,3,26
eng_Latn,114,4,14
eng_Latn,114,5,40
eng_Latn,114,6,33
eng_Latn,114,7,40
eng_Latn,114,8,33
eng_Latn,115,0,60
eng_Latn,115,1,22
eng_Latn,115,2,19
eng_Latn,115,3,34
eng_Latn,115,4,24
eng_Latn,115,5,22
eng_Latn,115,6,34
eng_Latn,116,0,60
eng_Latn,116,1,40
eng_Latn,116,2,40
eng_Latn,116,3,10
eng_Latn,116,4,56
eng_Latn,116,5,35
eng_Latn,116,6,56
eng_Latn,116,7,54
eng_Latn,116,8,19
eng_Latn,116,9,44
kor_Hang,117,0,60
kor_Hang,117,1,47
kor_Hang,117,2,13
kor_Hang,117,3,13
kor_Hang,117,4,6
kor_Hang,117,5,13
kor_Hang,117,6,13
kor_Hang,117,7,13
kor_Hang,117,8,13
kor_Hang,117,9,13
kor_Hang,117,10,19
kor_Hang,117,11,13
kor_Hang,117,12,13
kor_Hang,117,13,13
kor_Hang,117,14,13
kor_Hang,117,15,13
kor_Hang,117,16,13
kor_Hang,117,17,13
kor_Hang,117,18,13
kor_Hang,117,19,13
kor_Hang,117,20,13
kor_Hang,117,21,19
kor_Hang,117,22,13
kor_Hang,117,23,13
kor_Hang,117,24,13
kor_Hang,117,25,13
kor_Hang,117,26,13
kor_Hang,117,27,13
kor_Hang,117,28,13
kor_Hang,117,29,13
kor_Hang,117,30,13
kor_Hang,117,31,13
kor_Hang,117,32,13
kor_Hang,117,33,61
kor_Hang,117,34,13
kor_Hang,117,35,13
kor_Hang,117,36,13
kor_Hang,117,37,47
kor_Hang,117,38,13
kor_Hang,117,39,13
kor_Hang,117,40,47
kor_Hang,117,41,13
kor_Hang,117,42,19
kor_Hang,117,43,13
kor_Hang,117,44,13
kor_Hang,117,45,19
kor_Hang,117,46,13
kor_Hang,117,47,13
kor_Hang,117,48,13
kor_Hang,117,49,13
kor_Hang,117,50,47
kor_Hang,117,51,13
kor_Hang,117,52,13
kor_Hang,117,53,13
kor_Hang,117,54,13
kor_Hang,117,55,13
kor_Hang,117,56,13
kor_Hang,117,57,13
kor_Hang,117,58,13
kor_Hang,117,59,19
kor_Hang,117,60,13
kor_Hang,117,61,13
kor_Hang,117,62,13
kor_Hang,117,63,13
kor_Hang,117,64,13
kor_Hang,117,65,13
kor_Hang,117,66,47
kor_Hang,117,67,19
kor_Hang,117,68,13
kor_Hang,117,69,13
kor_Hang,117,70,47
kor_Hang,117,71,13
kor_Hang,117,72,13
kor_Hang,117,73,13
kor_Hang,117,74,13
kor_Hang,117,75,19
kor_Hang,117,76,13
kor_Hang,117,77,13
kor_Hang,117,78,13
kor_Hang,117,79,13
kor_Hang,117,80,47
kor_Hang,117,81,13
kor_Hang,117,82,13
kor_Hang,117,83,13
kor_Hang,117,84,34
kor_Hang,118,0,60
kor_Hang,118,1,13
kor_Hang,118,2,13
kor_Hang,118,3,36
kor_Hang,118,4,13
kor_Hang,118,5,13
kor_Hang,118,6,13
kor_Hang,118,7,13
kor_Hang,118,8,13
kor_Hang,118,9,13
kor_Hang,118,10,13
kor_Hang,118,11,13
kor_Hang,118,12,13
kor_Hang,118,13,13
kor_Hang,118,14,13
kor_Hang,118,15,13
kor_Hang,118,16,13
kor_Hang,118,17,13
kor_Hang,118,18,19
kor_Hang,118,19,13
kor_Hang,118,20,13
kor_Hang,118,21,13
kor_Hang,118,22,13
kor_Hang,118,23,13
kor_Hang,118,24,13
kor_Hang,118,25,13
kor_Hang,118,26,13
kor_Hang,118,27,13
kor_Hang,118,28,13
kor_Hang,118,29,13
kor_Hang,118,30,13
kor_Hang,118,31,13
kor_Hang,118,32,13
kor_Hang,118,33,13
kor_Hang,118,34,19
kor_Hang,118,35,13
kor_Hang,118,36,13
kor_Hang,118,37,13
kor_Hang,118,38,13
kor_Hang,118,39,13
kor_Hang,118,40,13
kor_Hang,118,41,13
kor_Hang,118,42,13
kor_Hang,118,43,13
kor_Hang,118,44,52
kor_Hang,118,45,13
kor_Hang,118,46,52
kor_Hang,118,47,13
kor_Hang,118,48,13
kor_Hang,118,49,13
kor_Hang,118,50,13
kor_Hang,118,51,13
kor_Hang,118,52,13
kor_Hang,118,53,13
kor_Hang,118,54,13
kor_Hang,118,55,13
kor_Hang,118,56,47
kor_Hang,118,57,34
kor_Hang,118,58,13
kor_Hang,118,59,13
kor_Hang,118,60,34
eng_Latn,119,0,60
eng_Latn,119,1,26
eng_Latn,119,2,49
eng_Latn,119,3,61
eng_Latn,119,4,12
eng_Latn,119,5,9
eng_Latn,119,6,9
eng_Latn,119,7,9
eng_Latn,119,8,11
eng_Latn,119,9,38
eng_Latn,119,10,38
eng_Latn,119,11,6
eng_Latn,119,12,16
eng_Latn,120,0,60
eng_Latn,120,1,13
eng_Latn,120,2,13
eng_Latn,120,3,12
eng_Latn,120,4,22
eng_Latn,120,5,22
eng_Latn,120,6,22
eng_Latn,120,7,22
eng_Latn,121,0,60
eng_Latn,121,1,19
eng_Latn,121,2,33
eng_Latn,121,3,40
eng_Latn,121,4,33
eng_Latn,121,5,40
eng_Latn,121,6,40
eng_Latn,121,7,33
eng_Latn,121,8,12
eng_Latn,121,9,49
eng_Latn,122,0,60
eng_Latn,122,1,15
eng_Latn,122,2,56
eng_Latn,122,3,63
eng_Latn,122,4,60
eng_Latn,122,5,30
eng_Latn,122,6,37
eng_Latn,123,0,60
eng_Latn,123,1,40
eng_Latn,123,2,8
eng_Latn,123,3,26
eng_Latn,123,4,33
eng_Latn,123,5,52
eng_Latn,123,6,57
eng_Latn,123,7,8
eng_Latn,123,8,49
eng_Latn,124,0,60
eng_Latn,124,1,40
eng_Latn,124,2,26
eng_Latn,124,3,47
eng_Latn,124,4,49
eng_Latn,124,5,5
eng_Latn,124,6,5
eng_Latn,124,7,40
eng_Latn,124,8,26
eng_Latn,125,0,60
eng_Latn,125,1,54
eng_Latn,125,2,10
eng_Latn,125,3,34
eng_Latn,126,0,60
eng_Latn,126,1,18
eng_Latn,126,2,33
eng_Latn,126,3,44
eng_Latn,126,4,53
eng_Latn,126,5,57
eng_Latn,126,6,8
eng_Latn,126,7,33
eng_Latn,127,0,60
eng_Latn,127,1,18
eng_Latn,127,2,19
eng_Latn,127,3,19
eng_Latn,127,4,34
eng_Latn,128,0,60
eng_Latn,128,1,22
eng_Latn,128,2,9
eng_Latn,128,3,9
eng_Latn,128,4,54
eng_Latn,128,5,61
eng_Latn,129,0,60
eng_Latn,129,1,54
eng_Latn,129,2,12
eng_Latn,129,3,12
eng_Latn,129,4,61
eng_Latn,129,5,40
eng_Latn,129,6,47
eng_Latn,129,7,49
eng_Latn,129,8,48
eng_Latn,129,9,12
eng_Latn,129,10,12
eng_Latn,129,11,19
eng_Latn,129,12,22
eng_Latn,129,13,17
eng_Latn,130,0,60
eng_Latn,130,1,47
eng_Latn,130,2,27
eng_Latn,130,3,26
eng_Latn,130,4,5
eng_Latn,130,5,3
eng_Latn,130,6,40
eng_Latn,130,7,26
eng_Latn,131,0,60
eng_Latn,131,1,22
eng_Latn,131,2,34
eng_Latn,131,3,34
kor_Hang,132,0,60
kor_Hang,132,1,13
kor_Hang,132,2,13
kor_Hang,132,3,13
kor_Hang,132,4,13
kor_Hang,132,5,13
kor_Hang,132,6,13
kor_Hang,132,7,19
kor_Hang,132,8,13
kor_Hang,132,9,9
kor_Hang,132,10,13
kor_Hang,132,11,13
kor_Hang,132,12,13
kor_Hang,132,13,13
kor_Hang,132,14,13
kor_Hang,132,15,13
kor_Hang,132,16,13
kor_Hang,132,17,47
kor_Hang,132,18,13
kor_Hang,132,19,13
kor_Hang,132,20,13
kor_Hang,132,21,13
kor_Hang,132,22,13
kor_Hang,132,23,13
kor_Hang,132,24,19
kor_Hang,132,25,13
kor_Hang,132,26,9
kor_Hang,132,27,42
kor_Hang,132,28,52
eng_Latn,133,0,60
eng_Latn,133,1,46
eng_Latn,133,2,61
eng_Latn,133,3,15
eng_Latn,133,4,15
eng_Latn,133,5,56
eng_Latn,133,6,21
eng_Latn,133,7,39
eng_Latn,133,8,63
eng_Latn,134,0,60
eng_Latn,134,1,20
eng_Latn,134,2,41
eng_Latn,134,3,57
eng_Latn,134,4,45
eng_Latn,134,5,18
eng_Latn,134,6,23
eng_Latn,134,7,43
eng_Latn,134,8,20
eng_Latn,134,9,33
eng_Latn,134,10,24
eng_Latn,134,11,33
eng_Latn,134,12,33
kor_Hang,135,0,60
kor_Hang,135,1,13
kor_Hang,135,2,13
kor_Hang,135,3,13
kor_Hang,135,4,13
kor_Hang,135,5,13
kor_Hang,135,6,19
kor_Hang,135,7,13
kor_Hang,135,8,13
kor_Hang,135,9,13
kor_Hang,135,10,13
kor_Hang,135,11,47
kor_Hang,135,12,13
kor_Hang,135,13,19
kor_Hang,135,14,13
kor_Hang,135,15,13
kor_Hang,135,16,13
kor_Hang,135,17,13
kor_Hang,135,18,13
kor_Hang,135,19,61
kor_Hang,135,20,19
kor_Hang,135,21,13
kor_Hang,135,22,47
kor_Hang,135,23,19
kor_Hang,135,24,13
kor_Hang,135,25,19
kor_Hang,135,26,13
kor_Hang,135,27,13
kor_Hang,135,28,13
kor_Hang,135,29,13
kor_Hang,135,30,13
kor_Hang,135,31,13
kor_Hang,135,32,13
kor_Hang,135,33,13
kor_Hang,135,34,13
kor_Hang,135,35,13
kor_Hang,135,36,13
kor_Hang,135,37,19
kor_Hang,135,38,13
kor_Hang,135,39,13
kor_Hang,135,40,13
kor_Hang,135,41,13
kor_Hang,135,42,13
kor_Hang,135,43,13
kor_Hang,135,44,13
kor_Hang,135,45,13
kor_Hang,135,46,13
kor_Hang,135,47,61
kor_Hang,135,48,19
kor_Hang,135,49,13
kor_Hang,135,50,13
kor_Hang,135,51,13
kor_Hang,135,52,61
kor_Hang,135,53,13
kor_Hang,135,54,13
kor_Hang,135,55,13
kor_Hang,135,56,13
kor_Hang,135,57,13
kor_Hang,135,58,34
kor_Hang,135,59,13
kor_Hang,135,60,13
kor_Hang,135,61,13
kor_Hang,135,62,13
kor_Hang,135,63,13
kor_Hang,135,64,13
kor_Hang,135,65,13
kor_Hang,135,66,13
kor_Hang,135,67,13
kor_Hang,135,68,13
kor_Hang,135,69,13
kor_Hang,135,70,13
kor_Hang,135,71,13
kor_Hang,135,72,13
kor_Hang,135,73,47
kor_Hang,135,74,13
kor_Hang,135,75,13
kor_Hang,135,76,19
kor_Hang,135,77,13
kor_Hang,135,78,13
kor_Hang,135,79,34
eng_Latn,136,0,60
eng_Latn,136,1,40
eng_Latn,136,2,30
eng_Latn,136,3,41
eng_Latn,136,4,57
eng_Latn,136,5,21
eng_Latn,136,6,16
eng_Latn,137,0,60
eng_Latn,137,1,52
eng_Latn,137,2,9
eng_Latn,137,3,9
eng_Latn,137,4,9
eng_Latn,137,5,9
eng_Latn,137,6,60
eng_Latn,137,7,12
eng_Latn,137,8,40
eng_Latn,137,9,12
eng_Latn,137,10,37
eng_Latn,137,11,46
eng_Latn,137,12,36
eng_Latn,137,13,36
eng_Latn,137,14,57
eng_Latn,137,15,40
eng_Latn,138,0,60
eng_Latn,138,1,24
eng_Latn,138,2,46
eng_Latn,138,3,9
eng_Latn,138,4,38
eng_Latn,138,5,62
eng_Latn,138,6,56
eng_Latn,138,7,19
eng_Latn,138,8,47
eng_Latn,138,9,51
eng_Latn,139,0,60
eng_Latn,139,1,19
eng_Latn,139,2,19
eng_Latn,139,3,19
eng_Latn,139,4,51
kor_Hang,140,0,60
kor_Hang,140,1,19
kor_Hang,140,2,13
kor_Hang,140,3,13
kor_Hang,140,4,13
kor_Hang,140,5,13
kor_Hang,140,6,13
kor_Hang,140,7,13
kor_Hang,140,8,13
kor_Hang,140,9,13
kor_Hang,140,10,19
kor_Hang,140,11,13
kor_Hang,140,12,13
kor_Hang,140,13,13
kor_Hang,140,14,13
kor_Hang,140,15,13
kor_Hang,140,16,13
kor_Hang,140,17,13
kor_Hang,140,18,13
kor_Hang,140,19,13
kor_Hang,140,20,19
kor_Hang,140,21,13
kor_Hang,140,22,13
kor_Hang,140,23,13
kor_Hang,140,24,13
kor_Hang,140,25,13
kor_Hang,140,26,19
kor_Hang,140,27,13
kor_Hang,140,28,13
kor_Hang,140,29,13
kor_Hang,140,30,13
kor_Hang,140,31,13
kor_Hang,140,32,13
kor_Hang,140,33,19
kor_Hang,140,34,13
kor_Hang,140,35,34
eng_Latn,141,0,60
eng_Latn,141,1,47
eng_Latn,141,2,22
eng_Latn,141,3,11
kor_Hang,142,0,60
kor_Hang,142,1,13
kor_Hang,142,2,13
kor_Hang,142,3,13
kor_Hang,142,4,13
kor_Hang,142,5,51
kor_Hang,142,6,13
kor_Hang,142,7,13
kor_Hang,142,8,13
kor_Hang,142,9,13
kor_Hang,142,10,13
kor_Hang,142,11,13
kor_Hang,142,12,9
kor_Hang,142,13,13
kor_Hang,142,14,13
kor_Hang,142,15,13
kor_Hang,142,16,13
kor_Hang,142,17,13
kor_Hang,142,18,13
kor_Hang,142,19,13
kor_Hang,142,20,13
kor_Hang,142,21,47
kor_Hang,142,22,13
kor_Hang,142,23,13
kor_Hang,142,24,13
kor_Hang,142,25,13
kor_Hang,142,26,13
kor_Hang,142,27,13
kor_Hang,142,28,47
kor_Hang,142,29,13
kor_Hang,142,30,13
kor_Hang,142,31,13
kor_Hang,142,32,13
kor_Hang,142,33,13
kor_Hang,142,34,13
kor_Hang,142,35,13
kor_Hang,142,36,13
kor_Hang,142,37,13
kor_Hang,142,38,13
kor_Hang,142,39,13
kor_Hang,142,40,13
kor_Hang,142,41,13
kor_Hang,142,42,13
kor_Hang,142,43,13
kor_Hang,142,44,13
kor_Hang,142,45,13
kor_Hang,142,46,13
kor_Hang,142,47,13
kor_Hang,142,48,13
kor_Hang,142,49,13
kor_Hang,142,50,13
kor_Hang,142,51,13
kor_Hang,142,52,13
kor_Hang,142,53,19
kor_Hang,142,54,13
kor_Hang,142,55,13
kor_Hang,142,56,47
kor_Hang,142,57,13
kor_Hang,142,58,13
kor_Hang,142,59,13
kor_Hang,142,60,13
kor_Hang,142,61,13
kor_Hang,142,62,47
kor_Hang,142,63,13
kor_Hang,142,64,13
kor_Hang,142,65,19
kor_Hang,142,66,47
kor_Hang,142,67,19
kor_Hang,142,68,13
kor_Hang,142,69,19
kor_Hang,142,70,13
kor_Hang,142,71,47
eng_Latn,143,0,60
eng_Latn,143,1,20
eng_Latn,143,2,62
eng_Latn,143,3,46
eng_Latn,144,0,60
eng_Latn,144,1,47
eng_Latn,144,2,7
eng_Latn,144,3,49
eng_Latn,144,4,22
eng_Latn,144,5,42
eng_Latn,144,6,19
eng_Latn,144,7,19
eng_Latn,144,8,26
eng_Latn,144,9,60
eng_Latn,145,0,60
eng_Latn,145,1,47
eng_Latn,145,2,62
eng_Latn,145,3,54
eng_Latn,145,4,54
eng_Latn,145,5,4
eng_Latn,145,6,16
eng_Latn,146,0,60
eng_Latn,146,1,18
eng_Latn,146,2,56
eng_Latn,146,3,19
eng_Latn,146,4,1
eng_Latn,146,5,19
eng_Latn,146,6,15
eng_Latn,147,0,60
eng_Latn,147,1,38
eng_Latn,147,2,38
eng_Latn,147,3,20
eng_Latn,147,4,40
eng_Latn,147,5,16
eng_Latn,147,6,57
eng_Latn,147,7,57
eng_Latn,148,0,60
eng_Latn,148,1,54
eng_Latn,148,2,22
eng_Latn,148,3,37
eng_Latn,148,4,57
eng_Latn,148,5,63
eng_Latn,149,0,60
eng_Latn,149,1,30
eng_Latn,149,2,24
eng_Latn,149,3,45
eng_Latn,149,4,1
eng_Latn,149,5,1
eng_Latn,149,6,52
eng_Latn,150,0,60
eng_Latn,150,1,57
eng_Latn,150,2,52
eng_Latn,150,3,52
eng_Latn,150,4,5
eng_Latn,150,5,15
eng_Latn,150,6,56
eng_Latn,150,7,1
eng_Latn,150,8,1
eng_Latn,150,9,14
eng_Latn,150,10,52
eng_Latn,151,0,60
eng_Latn,151,1,50
eng_Latn,151,2,16
eng_Latn,152,0,60
eng_Latn,152,1,12
eng_Latn,152,2,1
eng_Latn,152,3,13
eng_Latn,152,4,7
eng_Latn,152,5,33
eng_Latn,152,6,33
eng_Latn,152,7,33
eng_Latn,152,8,47
eng_Latn,152,9,19
eng_Latn,152,10,33
eng_Latn,152,11,33
eng_Latn,152,12,1
kor_Hang,153,0,60
kor_Hang,153,1,13
kor_Hang,153,2,47
kor_Hang,153,3,47
kor_Hang,153,4,13
kor_Hang,153,5,13
kor_Hang,153,6,13
kor_Hang,153,7,13
kor_Hang,153,8,13
kor_Hang,153,9,13
kor_Hang,153,10,61
kor_Hang,153,11,13
kor_Hang,153,12,13
kor_Hang,153,13,13
kor_Hang,153,14,13
kor_Hang,153,15,13
kor_Hang,153,16,13
kor_Hang,153,17,13
kor_Hang,153,18,13
kor_Hang,153,19,13
kor_Hang,153,20,13
kor_Hang,153,21,39
kor_Hang,153,22,19
kor_Hang,153,23,13
kor_Hang,153,24,13
kor_Hang,153,25,13
kor_Hang,153,26,13
kor_Hang,153,27,13
kor_Hang,153,28,13
kor_Hang,153,29,13
kor_Hang,153,30,13
kor_Hang,153,31,13
kor_Hang,153,32,13
kor_Hang,153,33,19
kor_Hang,153,34,13
kor_Hang,153,35,13
kor_Hang,153,36,34
kor_Hang,153,37,13
kor_Hang,153,38,13
kor_Hang,153,39,34
kor_Hang,153,40,34
eng_Latn,154,0,60
eng_Latn,154,1,38
eng_Latn,154,2,33
eng_Latn,154,3,33
eng_Latn,154,4,33
eng_Latn,154,5,33
eng_Latn,154,6,24
eng_Latn,154,7,33
eng_Latn,155,0,60
eng_Latn,155,1,22
eng_Latn,155,2,50
eng_Latn,155,3,56
eng_Latn,155,4,51
eng_Latn,155,5,42
eng_Latn,155,6,42
eng_Latn,155,7,35
eng_Latn,155,8,9
eng_Latn,155,9,17
eng_Latn,155,10,4
eng_Latn,156,0,60
eng_Latn,156,1,17
eng_Latn,156,2,16
eng_Latn,156,3,54
eng_Latn,156,4,51
eng_Latn,157,0,60
eng_Latn,157,1,1
eng_Latn,157,2,33
eng_Latn,157,3,33
eng_Latn,157,4,33
eng_Latn,157,5,33
eng_Latn,157,6,33
eng_Latn,157,7,33
eng_Latn,157,8,33
eng_Latn,157,9,33
eng_Latn,158,0,60
eng_Latn,158,1,61
eng_Latn,158,2,26
eng_Latn,158,3,49
eng_Latn,158,4,12
eng_Latn,158,5,61
eng_Latn,159,0,60
eng_Latn,159,1,38
eng_Latn,159,2,18
eng_Latn,159,3,41
eng_Latn,159,4,44
eng_Latn,159,5,44
eng_Latn,159,6,46
eng_Latn,160,0,60
eng_Latn,160,1,35
eng_Latn,160,2,46
eng_Latn,161,0,60
eng_Latn,161,1,18
eng_Latn,161,2,0
eng_Latn,162,0,60
eng_Latn,162,1,52
eng_Latn,162,2,1
eng_Latn,162,3,22
eng_Latn,162,4,12
eng_Latn,162,5,54
eng_Latn,162,6,24
eng_Latn,162,7,46
eng_Latn,162,8,46
eng_Latn,162,9,7
eng_Latn,162,10,48
eng_Latn,162,11,16
eng_Latn,163,0,60
eng_Latn,163,1,9
eng_Latn,163,2,9
eng_Latn,163,3,31
eng_Latn,163,4,51
eng_Latn,163,5,54
eng_Latn,163,6,18
eng_Latn,163,7,4
eng_Latn,163,8,61
eng_Latn,163,9,47
eng_Latn,163,10,34
eng_Latn,163,11,53
eng_Latn,163,12,34
eng_Latn,164,0,60
eng_Latn,164,1,18
eng_Latn,164,2,56
eng_Latn,164,3,21
eng_Latn,164,4,51
eng_Latn,164,5,20
eng_Latn,164,6,27
eng_Latn,165,0,60
eng_Latn,165,1,56
eng_Latn,165,2,4
eng_Latn,165,3,41
eng_Latn,165,4,17
eng_Latn,166,0,60
eng_Latn,166,1,37
eng_Latn,166,2,46
eng_Latn,166,3,12
eng_Latn,166,4,13
eng_Latn,166,5,47
eng_Latn,166,6,48
eng_Latn,166,7,48
eng_Latn,166,8,48
eng_Latn,166,9,1
eng_Latn,166,10,52
kor_Hang,167,0,60
kor_Hang,167,1,13
kor_Hang,167,2,13
kor_Hang,167,3,13
kor_Hang,167,4,47
kor_Hang,167,5,51
kor_Hang,167,6,51
kor_Hang,167,7,51
kor_Hang,167,8,13
kor_Hang,167,9,19
kor_Hang,167,10,13
kor_Hang,167,11,13
kor_Hang,167,12,13
kor_Hang,167,13,13
kor_Hang,167,14,13
kor_Hang,167,15,19
kor_Hang,167,16,13
kor_Hang,167,17,13
kor_Hang,167,18,13
kor_Hang,167,19,13
eng_Latn,168,0,60
eng_Latn,168,1,9
eng_Latn,168,2,56
eng_Latn,168,3,38
eng_Latn,168,4,8
eng_Latn,169,0,60
eng_Latn,169,1,45
eng_Latn,169,2,45
eng_Latn,169,3,38
eng_Latn,169,4,52
eng_Latn,169,5,57
eng_Latn,169,6,17
eng_Latn,169,7,53
eng_Latn,169,8,40
eng_Latn,169,9,49
kor_Hang,170,0,60
kor_Hang,170,1,13
kor_Hang,170,2,13
kor_Hang,170,3,19
kor_Hang,170,4,13
kor_Hang,170,5,12
kor_Hang,170,6,13
kor_Hang,170,7,47
kor_Hang,170,8,47
kor_Hang,170,9,13
kor_Hang,170,10,19
kor_Hang,170,11,13
kor_Hang,170,12,19
kor_Hang,170,13,13
kor_Hang,170,14,19
kor_Hang,170,15,13
kor_Hang,170,16,13
kor_Hang,170,17,19
kor_Hang,170,18,13
kor_Hang,170,19,13
kor_Hang,170,20,13
kor_Hang,170,21,19
kor_Hang,170,22,13
kor_Hang,170,23,13
kor_Hang,170,24,13
kor_Hang,170,25,13
kor_Hang,170,26,13
kor_Hang,170,27,13
kor_Hang,170,28,47
kor_Hang,170,29,13
kor_Hang,170,30,13
kor_Hang,170,31,13
kor_Hang,170,32,13
kor_Hang,170,33,13
kor_Hang,170,34,13
kor_Hang,170,35,13
kor_Hang,170,36,13
kor_Hang,170,37,13
kor_Hang,170,38,13
kor_Hang,170,39,13
kor_Hang,170,40,13
kor_Hang,170,41,13
kor_Hang,170,42,19
kor_Hang,170,43,34
kor_Hang,170,44,13
kor_Hang,170,45,13
kor_Hang,170,46,19
kor_Hang,170,47,13
kor_Hang,170,48,19
kor_Hang,170,49,13
kor_Hang,170,50,34
eng_Latn,171,0,60
eng_Latn,171,1,18
eng_Latn,171,2,9
eng_Latn,171,3,0
eng_Latn,172,0,60
eng_Latn,172,1,27
eng_Latn,172,2,27
eng_Latn,172,3,27
eng_Latn,172,4,27
eng_Latn,172,5,27
eng_Latn,172,6,52
eng_Latn,173,0,60
eng_Latn,173,1,17
eng_Latn,173,2,17
eng_Latn,173,3,20
eng_Latn,173,4,51
eng_Latn,174,0,60
eng_Latn,174,1,35
eng_Latn,174,2,16
eng_Latn,174,3,4
eng_Latn,174,4,4
eng_Latn,174,5,4
kor_Hang,175,0,60
kor_Hang,175,1,13
kor_Hang,175,2,13
kor_Hang,175,3,13
kor_Hang,175,4,13
kor_Hang,175,5,13
kor_Hang,175,6,13
kor_Hang,175,7,13
kor_Hang,175,8,34
kor_Hang,175,9,13
kor_Hang,175,10,19
kor_Hang,175,11,13
kor_Hang,175,12,13
kor_Hang,175,13,13
kor_Hang,175,14,13
kor_Hang,175,15,13
kor_Hang,175,16,13
kor_Hang,175,17,19
kor_Hang,175,18,34
kor_Hang,175,19,34
kor_Hang,176,0,60
kor_Hang,176,1,13
kor_Hang,176,2,13
kor_Hang,176,3,13
kor_Hang,176,4,47
kor_Hang,176,5,19
kor_Hang,176,6,39
kor_Hang,176,7,13
kor_Hang,176,8,19
kor_Hang,176,9,13
kor_Hang,176,10,13
kor_Hang,176,11,13
kor_Hang,176,12,13
kor_Hang,176,13,47
kor_Hang,176,14,13
kor_Hang,176,15,13
kor_Hang,176,16,13
kor_Hang,176,17,13
kor_Hang,176,18,61
kor_Hang,176,19,13
kor_Hang,176,20,13
kor_Hang,176,21,12
kor_Hang,176,22,13
kor_Hang,176,23,13
kor_Hang,176,24,13
kor_Hang,176,25,13
kor_Hang,176,26,13
kor_Hang,176,27,19
kor_Hang,176,28,19
kor_Hang,176,29,13
kor_Hang,176,30,47
kor_Hang,176,31,13
kor_Hang,176,32,47
kor_Hang,176,33,19
kor_Hang,176,34,13
kor_Hang,176,35,13
kor_Hang,176,36,19
kor_Hang,176,37,13
kor_Hang,176,38,13
kor_Hang,176,39,13
kor_Hang,176,40,13
kor_Hang,176,41,13
kor_Hang,176,42,47
kor_Hang,176,43,13
kor_Hang,176,44,13
kor_Hang,176,45,13
kor_Hang,176,46,13
kor_Hang,176,47,13
kor_Hang,176,48,13
kor_Hang,176,49,34
kor_Hang,176,50,13
kor_Hang,176,51,13
kor_Hang,176,52,34
eng_Latn,177,0,60
eng_Latn,177,1,9
eng_Latn,177,2,17
eng_Latn,177,3,21
eng_Latn,177,4,51
eng_Latn,178,0,60
eng_Latn,178,1,18
eng_Latn,178,2,56
eng_Latn,178,3,34
eng_Latn,178,4,51
eng_Latn,178,5,44
eng_Latn,178,6,56
eng_Latn,178,7,19
eng_Latn,178,8,19
eng_Latn,178,9,51
kor_Hang,179,0,60
kor_Hang,179,1,39
kor_Hang,179,2,13
kor_Hang,179,3,19
kor_Hang,179,4,13
kor_Hang,179,5,13
kor_Hang,179,6,13
kor_Hang,179,7,13
kor_Hang,179,8,13
kor_Hang,179,9,13
kor_Hang,179,10,13
kor_Hang,179,11,47
kor_Hang,179,12,13
kor_Hang,179,13,13
kor_Hang,179,14,13
kor_Hang,179,15,19
kor_Hang,179,16,13
kor_Hang,179,17,13
kor_Hang,179,18,61
kor_Hang,179,19,13
kor_Hang,179,20,13
kor_Hang,179,21,13
kor_Hang,179,22,13
kor_Hang,179,23,19
kor_Hang,179,24,13
kor_Hang,179,25,13
kor_Hang,179,26,13
kor_Hang,179,27,13
kor_Hang,179,28,13
kor_Hang,179,29,13
kor_Hang,179,30,13
kor_Hang,179,31,13
kor_Hang,179,32,13
kor_Hang,179,33,34
kor_Hang,179,34,13
kor_Hang,179,35,13
kor_Hang,179,36,19
kor_Hang,179,37,13
kor_Hang,179,38,13
kor_Hang,179,39,13
kor_Hang,179,40,13
kor_Hang,179,41,13
kor_Hang,179,42,13
kor_Hang,179,43,13
kor_Hang,179,44,13
kor_Hang,179,45,19
kor_Hang,179,46,13
kor_Hang,179,47,13
kor_Hang,179,48,13
kor_Hang,179,49,13
kor_Hang,179,50,13
kor_Hang,179,51,13
kor_Hang,179,52,13
kor_Hang,179,53,19
kor_Hang,179,54,13
kor_Hang,179,55,13
kor_Hang,179,56,13
kor_Hang,179,57,13
kor_Hang,179,58,13
kor_Hang,179,59,13
kor_Hang,179,60,13
kor_Hang,179,61,13
kor_Hang,179,62,13
kor_Hang,179,63,13
kor_Hang,179,64,13
kor_Hang,179,65,13
kor_Hang,179,66,34
eng_Latn,180,0,60
eng_Latn,180,1,49
eng_Latn,180,2,49
eng_Latn,180,3,26
eng_Latn,180,4,12
eng_Latn,180,5,56
eng_Latn,180,6,63
eng_Latn,180,7,53
eng_Latn,180,8,3
eng_Latn,180,9,46
eng_Latn,180,10,5
eng_Latn,180,11,61
eng_Latn,181,0,60
eng_Latn,181,1,20
eng_Latn,181,2,15
eng_Latn,181,3,17
eng_Latn,181,4,18
eng_Latn,181,5,56
eng_Latn,181,6,56
eng_Latn,181,7,63
kor_Hang,182,0,60
kor_Hang,182,1,13
kor_Hang,182,2,13
kor_Hang,182,3,13
kor_Hang,182,4,19
kor_Hang,182,5,13
kor_Hang,182,6,13
kor_Hang,182,7,13
kor_Hang,182,8,13
kor_Hang,182,9,13
kor_Hang,182,10,13
kor_Hang,182,11,13
kor_Hang,182,12,19
kor_Hang,182,13,13
kor_Hang,182,14,13
kor_Hang,182,15,19
kor_Hang,182,16,34
kor_Hang,182,17,13
kor_Hang,182,18,34
kor_Hang,182,19,13
kor_Hang,182,20,6
kor_Hang,182,21,13
kor_Hang,182,22,13
kor_Hang,182,23,13
kor_Hang,182,24,47
kor_Hang,182,25,13
kor_Hang,182,26,13
kor_Hang,182,27,13
kor_Hang,182,28,13
kor_Hang,182,29,19
kor_Hang,182,30,13
kor_Hang,182,31,13
kor_Hang,182,32,13
kor_Hang,182,33,13
kor_Hang,182,34,13
kor_Hang,182,35,13
kor_Hang,182,36,13
kor_Hang,182,37,13
kor_Hang,182,38,19
kor_Hang,182,39,34
kor_Hang,182,40,34
kor_Hang,182,41,34
kor_Hang,182,42,34
eng_Latn,183,0,60
eng_Latn,183,1,12
eng_Latn,183,2,42
eng_Latn,183,3,19
eng_Latn,183,4,22
eng_Latn,183,5,49
eng_Latn,183,6,9
eng_Latn,183,7,19
eng_Latn,183,8,22
eng_Latn,183,9,40
kor_Hang,184,0,60
kor_Hang,184,1,13
kor_Hang,184,2,40
kor_Hang,184,3,1
kor_Hang,184,4,52
kor_Hang,184,5,13
eng_Latn,185,0,60
eng_Latn,185,1,19
eng_Latn,185,2,11
eng_Latn,185,3,9
eng_Latn,185,4,61
eng_Latn,185,5,40
eng_Latn,185,6,59
eng_Latn,185,7,57
eng_Latn,185,8,2
eng_Latn,185,9,38
eng_Latn,185,10,35
eng_Latn,185,11,8
eng_Latn,186,0,60
eng_Latn,186,1,20
eng_Latn,186,2,34
eng_Latn,186,3,51
eng_Latn,187,0,60
eng_Latn,187,1,15
eng_Latn,187,2,16
eng_Latn,188,0,60
eng_Latn,188,1,49
eng_Latn,188,2,18
eng_Latn,188,3,35
eng_Latn,188,4,57
eng_Latn,188,5,53
eng_Latn,188,6,38
eng_Latn,188,7,51
eng_Latn,188,8,57
eng_Latn,188,9,51
eng_Latn,189,0,60
eng_Latn,189,1,56
eng_Latn,189,2,33
eng_Latn,189,3,19
eng_Latn,189,4,59
eng_Latn,189,5,49
eng_Latn,189,6,53
eng_Latn,189,7,38
eng_Latn,189,8,57
eng_Latn,189,9,33
eng_Latn,189,10,35
eng_Latn,189,11,57
eng_Latn,189,12,61
eng_Latn,189,13,21
kor_Hang,190,0,60
kor_Hang,190,1,13
kor_Hang,190,2,13
kor_Hang,190,3,13
kor_Hang,190,4,19
kor_Hang,190,5,13
kor_Hang,190,6,13
kor_Hang,190,7,13
kor_Hang,190,8,13
kor_Hang,190,9,13
kor_Hang,190,10,13
kor_Hang,190,11,13
kor_Hang,190,12,13
kor_Hang,190,13,13
kor_Hang,190,14,13
kor_Hang,190,15,13
kor_Hang,190,16,52
kor_Hang,190,17,9
kor_Hang,190,18,13
kor_Hang,190,19,19
kor_Hang,190,20,13
kor_Hang,190,21,13
kor_Hang,190,22,13
kor_Hang,190,23,13
kor_Hang,190,24,13
kor_Hang,190,25,13
kor_Hang,190,26,47
kor_Hang,190,27,13
kor_Hang,190,28,13
kor_Hang,190,29,13
kor_Hang,190,30,13
kor_Hang,190,31,13
kor_Hang,190,32,47
kor_Hang,190,33,19
kor_Hang,190,34,13
kor_Hang,190,35,13
kor_Hang,190,36,13
kor_Hang,190,37,13
kor_Hang,190,38,13
kor_Hang,190,39,19
kor_Hang,190,40,13
kor_Hang,190,41,13
kor_Hang,190,42,13
kor_Hang,190,43,13
kor_Hang,190,44,13
kor_Hang,190,45,13
kor_Hang,190,46,19
kor_Hang,190,47,13
kor_Hang,190,48,13
kor_Hang,190,49,13
kor_Hang,190,50,13
kor_Hang,190,51,13
kor_Hang,190,52,13
kor_Hang,190,53,13
eng_Latn,191,0,60
eng_Latn,191,1,54
eng_Latn,191,2,40
eng_Latn,192,0,60
eng_Latn,192,1,27
eng_Latn,192,2,61
eng_Latn,192,3,39
eng_Latn,192,4,9
eng_Latn,192,5,38
eng_Latn,192,6,50
eng_Latn,192,7,16
eng_Latn,193,0,60
eng_Latn,193,1,7
eng_Latn,193,2,12
eng_Latn,193,3,19
eng_Latn,193,4,49
eng_Latn,194,0,60
eng_Latn,194,1,56
eng_Latn,194,2,37
eng_Latn,194,3,57
eng_Latn,194,4,35
eng_Latn,194,5,57
eng_Latn,194,6,25
eng_Latn,194,7,35
eng_Latn,194,8,57
eng_Latn,194,9,49
kor_Hang,195,0,60
kor_Hang,195,1,52
kor_Hang,195,2,52
kor_Hang,195,3,13
kor_Hang,195,4,13
kor_Hang,195,5,13
kor_Hang,195,6,13
kor_Hang,195,7,13
kor_Hang,195,8,13
kor_Hang,195,9,13
kor_Hang,195,10,13
kor_Hang,195,11,12
kor_Hang,195,12,13
kor_Hang,195,13,13
kor_Hang,195,14,13
kor_Hang,195,15,13
kor_Hang,195,16,13
kor_Hang,195,17,13
kor_Hang,195,18,13
kor_Hang,195,19,39
kor_Hang,195,20,13
kor_Hang,195,21,13
kor_Hang,195,22,13
kor_Hang,195,23,13
kor_Hang,195,24,13
kor_Hang,195,25,13
kor_Hang,195,26,13
kor_Hang,195,27,19
kor_Hang,195,28,13
kor_Hang,195,29,1
kor_Hang,195,30,13
kor_Hang,195,31,13
kor_Hang,195,32,13
kor_Hang,195,33,13
eng_Latn,196,0,60
eng_Latn,196,1,7
eng_Latn,196,2,19
eng_Latn,196,3,34
eng_Latn,196,4,9
eng_Latn,196,5,22
eng_Latn,196,6,42
eng_Latn,196,7,27
eng_Latn,196,8,13
eng_Latn,196,9,27
eng_Latn,196,10,7
eng_Latn,196,11,49
kor_Hang,197,0,60
kor_Hang,197,1,13
kor_Hang,197,2,13
kor_Hang,197,3,13
kor_Hang,197,4,13
kor_Hang,197,5,13
kor_Hang,197,6,13
kor_Hang,197,7,13
kor_Hang,197,8,13
kor_Hang,197,9,13
kor_Hang,197,10,13
kor_Hang,197,11,13
kor_Hang,197,12,34
kor_Hang,197,13,13
kor_Hang,197,14,13
kor_Hang,197,15,47
kor_Hang,197,16,13
kor_Hang,197,17,13
kor_Hang,197,18,13
kor_Hang,197,19,13
kor_Hang,197,20,13
kor_Hang,197,21,13
kor_Hang,197,22,13
kor_Hang,197,23,13
kor_Hang,197,24,13
kor_Hang,197,25,13
kor_Hang,197,26,19
kor_Hang,197,27,13
kor_Hang,197,28,13
kor_Hang,197,29,13
kor_Hang,197,30,13
kor_Hang,197,31,13
kor_Hang,197,32,13
kor_Hang,197,33,13
kor_Hang,197,34,61
kor_Hang,197,35,13
kor_Hang,197,36,13
kor_Hang,197,37,13
kor_Hang,197,38,13
kor_Hang,197,39,13
kor_Hang,197,40,61
kor_Hang,197,41,13
kor_Hang,197,42,13
kor_Hang,197,43,13
kor_Hang,197,44,13
kor_Hang,197,45,13
kor_Hang,197,46,13
kor_Hang,197,47,13
kor_Hang,197,48,13
kor_Hang,197,49,13
kor_Hang,197,50,19
kor_Hang,197,51,34
kor_Hang,197,52,13
kor_Hang,197,53,13
kor_Hang,197,54,13
kor_Hang,197,55,13
kor_Hang,197,56,34
kor_Hang,197,57,13
kor_Hang,197,58,13
kor_Hang,197,59,13
kor_Hang,197,60,13
kor_Hang,197,61,34
kor_Hang,197,62,34
kor_Hang,197,63,13
kor_Hang,197,64,13
kor_Hang,197,65,47
kor_Hang,197,66,47
kor_Hang,197,67,13
kor_Hang,197,68,34
kor_Hang,197,69,13
kor_Hang,197,70,13
kor_Hang,197,71,34
kor_Hang,197,72,34
kor_Hang,197,73,34
eng_Latn,198,0,60
eng_Latn,198,1,22
eng_Latn,198,2,22
eng_Latn,198,3,22
eng_Latn,198,4,34
eng_Latn,198,5,8
eng_Latn,198,6,8
eng_Latn,198,7,24
eng_Latn,198,8,63
eng_Latn,199,0,60
eng_Latn,199,1,45
eng_Latn,199,2,18
eng_Latn,199,3,9
eng_Latn,199,4,56
eng_Latn,199,5,57
eng_Latn,199,6,24
eng_Latn,199,7,57
eng_Latn,200,0,60
eng_Latn,200,1,53
eng_Latn,200,2,15
eng_Latn,200,3,8
eng_Latn,200,4,8
eng_Latn,200,5,8
eng_Latn,200,6,8
eng_Latn,200,7,19
eng_Latn,200,8,33
eng_Latn,201,0,60
eng_Latn,201,1,46
eng_Latn,201,2,51
eng_Latn,201,3,63
eng_Latn,201,4,14
eng_Latn,201,5,49
eng_Latn,201,6,9
eng_Latn,201,7,14
eng_Latn,201,8,1
eng_Latn,201,9,52
kor_Hang,202,0,60
kor_Hang,202,1,47
kor_Hang,202,2,19
kor_Hang,202,3,13
kor_Hang,202,4,13
kor_Hang,202,5,13
kor_Hang,202,6,19
kor_Hang,202,7,13
kor_Hang,202,8,13
kor_Hang,202,9,13
kor_Hang,202,10,19
kor_Hang,202,11,13
kor_Hang,202,12,13
kor_Hang,202,13,13
kor_Hang,202,14,13
kor_Hang,202,15,13
kor_Hang,202,16,13
kor_Hang,202,17,13
kor_Hang,202,18,13
kor_Hang,202,19,13
kor_Hang,202,20,13
kor_Hang,202,21,13
kor_Hang,202,22,13
kor_Hang,202,23,13
kor_Hang,202,24,13
kor_Hang,202,25,13
kor_Hang,202,26,19
kor_Hang,202,27,19
kor_Hang,202,28,19
kor_Hang,202,29,13
kor_Hang,202,30,13
kor_Hang,202,31,13
kor_Hang,202,32,19
kor_Hang,202,33,19
kor_Hang,202,34,19
kor_Hang,202,35,13
kor_Hang,202,36,13
kor_Hang,202,37,61
kor_Hang,202,38,47
kor_Hang,202,39,13
kor_Hang,202,40,13
kor_Hang,202,41,13
kor_Hang,202,42,13
kor_Hang,202,43,13
kor_Hang,202,44,19
kor_Hang,202,45,13
kor_Hang,202,46,13
kor_Hang,202,47,13
kor_Hang,202,48,13
kor_Hang,202,49,13
kor_Hang,202,50,13
kor_Hang,202,51,13
kor_Hang,202,52,19
kor_Hang,202,53,13
kor_Hang,202,54,13
kor_Hang,202,55,13
kor_Hang,202,56,13
kor_Hang,202,57,13
kor_Hang,202,58,13
kor_Hang,202,59,13
kor_Hang,202,60,13
kor_Hang,202,61,13
kor_Hang,202,62,13
kor_Hang,202,63,47
kor_Hang,202,64,47
kor_Hang,202,65,39
kor_Hang,202,66,13
kor_Hang,202,67,19
kor_Hang,202,68,13
kor_Hang,202,69,13
kor_Hang,202,70,19
kor_Hang,202,71,19
kor_Hang,202,72,13
kor_Hang,202,73,13
kor_Hang,202,74,13
kor_Hang,202,75,34
eng_Latn,203,0,60
eng_Latn,203,1,56
eng_Latn,203,2,4
eng_Latn,204,0,60
eng_Latn,204,1,27
eng_Latn,204,2,40
eng_Latn,204,3,8
eng_Latn,204,4,26
eng_Latn,204,5,35
eng_Latn,204,6,19
eng_Latn,204,7,35
eng_Latn,204,8,19
eng_Latn,204,9,46
eng_Latn,204,10,8
eng_Latn,204,11,46
eng_Latn,205,0,60
eng_Latn,205,1,52
eng_Latn,205,2,57
eng_Latn,205,3,37
eng_Latn,205,4,39
eng_Latn,205,5,3
eng_Latn,205,6,22
eng_Latn,205,7,3
eng_Latn,206,0,60
eng_Latn,206,1,57
eng_Latn,206,2,48
eng_Latn,206,3,56
eng_Latn,206,4,37
eng_Latn,206,5,37
eng_Latn,206,6,52
eng_Latn,206,7,52
eng_Latn,207,0,60
eng_Latn,207,1,46
eng_Latn,207,2,48
eng_Latn,207,3,2
eng_Latn,207,4,48
eng_Latn,207,5,56
eng_Latn,207,6,16
eng_Latn,207,7,51
eng_Latn,208,0,60
eng_Latn,208,1,19
eng_Latn,208,2,40
eng_Latn,208,3,34
eng_Latn,209,0,60
eng_Latn,209,1,13
eng_Latn,209,2,6
eng_Latn,209,3,9
eng_Latn,209,4,39
eng_Latn,209,5,40
eng_Latn,209,6,43
eng_Latn,209,7,37
eng_Latn,209,8,57
eng_Latn,209,9,52
eng_Latn,209,10,37
eng_Latn,209,11,52
eng_Latn,210,0,60
eng_Latn,210,1,54
eng_Latn,210,2,56
eng_Latn,210,3,56
eng_Latn,210,4,19
eng_Latn,210,5,19
eng_Latn,210,6,16
eng_Latn,211,0,60
eng_Latn,211,1,35
eng_Latn,211,2,18
eng_Latn,211,3,20
eng_Latn,211,4,38
eng_Latn,211,5,57
eng_Latn,211,6,57
eng_Latn,211,7,59
eng_Latn,211,8,46
eng_Latn,211,9,54
eng_Latn,211,10,46
eng_Latn,212,0,60
eng_Latn,212,1,27
eng_Latn,212,2,34
eng_Latn,212,3,55
eng_Latn,212,4,40
eng_Latn,212,5,51
eng_Latn,212,6,51
eng_Latn,212,7,51
eng_Latn,213,0,60
eng_Latn,213,1,38
eng_Latn,213,2,48
eng_Latn,213,3,41
eng_Latn,213,4,46
eng_Latn,213,5,56
eng_Latn,213,6,53
eng_Latn,213,7,35
eng_Latn,213,8,63
eng_Latn,214,0,60
eng_Latn,214,1,22
eng_Latn,214,2,53
eng_Latn,214,3,46
eng_Latn,215,0,60
eng_Latn,215,1,58
eng_Latn,215,2,58
eng_Latn,215,3,58
eng_Latn,215,4,58
eng_Latn,215,5,58
eng_Latn,215,6,58
eng_Latn,215,7,58
eng_Latn,215,8,58
eng_Latn,216,0,60
eng_Latn,216,1,45
eng_Latn,216,2,45
eng_Latn,216,3,38
eng_Latn,216,4,18
eng_Latn,216,5,56
eng_Latn,216,6,53
eng_Latn,216,7,23
eng_Latn,216,8,34
eng_Latn,217,0,60
eng_Latn,217,1,22
eng_Latn,217,2,29
eng_Latn,217,3,17
eng_Latn,217,4,34
eng_Latn,218,0,60
eng_Latn,218,1,38
eng_Latn,218,2,15
eng_Latn,218,3,56
eng_Latn,218,4,32
eng_Latn,218,5,4
eng_Latn,218,6,18
eng_Latn,218,7,50
eng_Latn,218,8,49
eng_Latn,219,0,60
eng_Latn,219,1,22
eng_Latn,219,2,34
eng_Latn,219,3,42
eng_Latn,219,4,18
eng_Latn,219,5,41
eng_Latn,219,6,41
eng_Latn,219,7,35
eng_Latn,219,8,19
eng_Latn,219,9,46
eng_Latn,219,10,34
eng_Latn,220,0,60
eng_Latn,220,1,63
eng_Latn,220,2,18
eng_Latn,220,3,5
eng_Latn,220,4,16
eng_Latn,220,5,5
eng_Latn,220,6,14
eng_Latn,220,7,26
kor_Hang,221,0,60
kor_Hang,221,1,13
kor_Hang,221,2,13
kor_Hang,221,3,19
kor_Hang,221,4,13
kor_Hang,221,5,47
kor_Hang,221,6,7
kor_Hang,221,7,13
kor_Hang,221,8,13
kor_Hang,221,9,61
kor_Hang,221,10,13
kor_Hang,221,11,13
kor_Hang,221,12,13
kor_Hang,221,13,19
kor_Hang,221,14,39
kor_Hang,221,15,13
kor_Hang,221,16,19
kor_Hang,221,17,13
kor_Hang,221,18,13
kor_Hang,221,19,13
kor_Hang,221,20,13
kor_Hang,221,21,39
kor_Hang,221,22,13
kor_Hang,221,23,61
kor_Hang,221,24,13
kor_Hang,221,25,47
kor_Hang,221,26,47
kor_Hang,221,27,39
kor_Hang,221,28,19
kor_Hang,221,29,13
kor_Hang,221,30,19
kor_Hang,221,31,13
kor_Hang,221,32,34
kor_Hang,222,0,60
kor_Hang,222,1,13
kor_Hang,222,2,13
kor_Hang,222,3,13
kor_Hang,222,4,47
kor_Hang,222,5,61
kor_Hang,222,6,19
kor_Hang,222,7,6
kor_Hang,222,8,13
kor_Hang,222,9,19
kor_Hang,222,10,19
kor_Hang,222,11,13
kor_Hang,222,12,13
kor_Hang,222,13,13
kor_Hang,222,14,13
kor_Hang,222,15,13
kor_Hang,222,16,13
kor_Hang,222,17,47
kor_Hang,222,18,13
kor_Hang,222,19,13
kor_Hang,222,20,19
kor_Hang,222,21,13
kor_Hang,222,22,19
kor_Hang,222,23,13
kor_Hang,222,24,13
kor_Hang,222,25,13
kor_Hang,222,26,13
kor_Hang,222,27,13
kor_Hang,222,28,19
kor_Hang,222,29,34
kor_Hang,222,30,13
kor_Hang,222,31,13
kor_Hang,222,32,13
kor_Hang,222,33,13
kor_Hang,222,34,19
kor_Hang,222,35,13
kor_Hang,222,36,34
eng_Latn,223,0,60
eng_Latn,223,1,9
eng_Latn,223,2,19
eng_Latn,223,3,22
eng_Latn,223,4,22
eng_Latn,223,5,58
eng_Latn,223,6,12
eng_Latn,223,7,47
kor_Hang,224,0,60
kor_Hang,224,1,19
kor_Hang,224,2,13
kor_Hang,224,3,13
kor_Hang,224,4,13
kor_Hang,224,5,13
kor_Hang,224,6,13
kor_Hang,224,7,27
kor_Hang,224,8,13
kor_Hang,224,9,13
kor_Hang,224,10,13
kor_Hang,224,11,13
kor_Hang,224,12,13
kor_Hang,224,13,13
kor_Hang,224,14,13
kor_Hang,224,15,6
kor_Hang,224,16,13
kor_Hang,224,17,13
kor_Hang,224,18,13
kor_Hang,224,19,13
kor_Hang,224,20,13
kor_Hang,224,21,6
kor_Hang,224,22,13
kor_Hang,224,23,24
kor_Hang,224,24,13
kor_Hang,224,25,13
kor_Hang,224,26,34
eng_Latn,225,0,60
eng_Latn,225,1,47
eng_Latn,225,2,1
eng_Latn,225,3,22
eng_Latn,225,4,60
eng_Latn,225,5,57
eng_Latn,225,6,40
eng_Latn,225,7,49
eng_Latn,225,8,60
eng_Latn,225,9,47
eng_Latn,225,10,47
eng_Latn,225,11,27
eng_Latn,225,12,27
eng_Latn,225,13,52
kor_Hang,226,0,60
kor_Hang,226,1,13
kor_Hang,226,2,13
kor_Hang,226,3,13
kor_Hang,226,4,13
kor_Hang,226,5,13
kor_Hang,226,6,13
kor_Hang,226,7,13
kor_Hang,226,8,13
kor_Hang,226,9,19
kor_Hang,226,10,13
kor_Hang,226,11,13
kor_Hang,226,12,13
kor_Hang,226,13,13
kor_Hang,226,14,13
kor_Hang,226,15,13
kor_Hang,226,16,47
kor_Hang,226,17,47
kor_Hang,226,18,13
kor_Hang,226,19,19
kor_Hang,226,20,13
kor_Hang,226,21,13
kor_Hang,226,22,13
kor_Hang,226,23,13
kor_Hang,226,24,13
kor_Hang,226,25,19
kor_Hang,226,26,13
kor_Hang,226,27,13
kor_Hang,226,28,13
kor_Hang,226,29,13
kor_Hang,226,30,13
kor_Hang,226,31,13
kor_Hang,226,32,13
kor_Hang,226,33,19
kor_Hang,226,34,13
kor_Hang,226,35,19
kor_Hang,226,36,13
kor_Hang,226,37,13
kor_Hang,226,38,19
kor_Hang,226,39,13
kor_Hang,226,40,13
kor_Hang,226,41,13
kor_Hang,226,42,13
kor_Hang,226,43,13
kor_Hang,226,44,13
kor_Hang,226,45,13
kor_Hang,226,46,19
kor_Hang,226,47,13
kor_Hang,226,48,13
kor_Hang,226,49,13
kor_Hang,226,50,13
kor_Hang,226,51,13
kor_Hang,226,52,13
kor_Hang,226,53,19
kor_Hang,226,54,13
kor_Hang,226,55,13
kor_Hang,226,56,13
kor_Hang,226,57,13
kor_Hang,226,58,13
kor_Hang,226,59,13
kor_Hang,226,60,19
kor_Hang,226,61,13
kor_Hang,226,62,13
kor_Hang,226,63,13
kor_Hang,226,64,13
kor_Hang,226,65,13
kor_Hang,226,66,13
kor_Hang,226,67,13
kor_Hang,226,68,47
kor_Hang,226,69,19
kor_Hang,226,70,34
kor_Hang,226,71,13
kor_Hang,226,72,13
kor_Hang,226,73,13
kor_Hang,226,74,34
eng_Latn,227,0,60
eng_Latn,227,1,52
eng_Latn,227,2,52
eng_Latn,227,3,34
eng_Latn,227,4,20
eng_Latn,227,5,46
eng_Latn,227,6,34
eng_Latn,227,7,46
eng_Latn,227,8,53
eng_Latn,228,0,60
eng_Latn,228,1,56
eng_Latn,228,2,24
eng_Latn,228,3,19
eng_Latn,228,4,40
eng_Latn,228,5,49
eng_Latn,228,6,12
eng_Latn,228,7,22
eng_Latn,228,8,40
eng_Latn,228,9,15
eng_Latn,228,10,48
eng_Latn,228,11,59
eng_Latn,228,12,51
eng_Latn,229,0,60
eng_Latn,229,1,18
eng_Latn,229,2,16
eng_Latn,229,3,38
eng_Latn,229,4,63
eng_Latn,229,5,32
eng_Latn,229,6,32
eng_Latn,229,7,63
eng_Latn,229,8,63
eng_Latn,230,0,60
eng_Latn,230,1,54
eng_Latn,230,2,20
eng_Latn,230,3,35
eng_Latn,230,4,30
eng_Latn,230,5,30
eng_Latn,230,6,57
eng_Latn,230,7,20
eng_Latn,230,8,51
kor_Hang,231,0,60
kor_Hang,231,1,13
kor_Hang,231,2,13
kor_Hang,231,3,13
kor_Hang,231,4,13
kor_Hang,231,5,13
kor_Hang,231,6,13
kor_Hang,231,7,47
kor_Hang,231,8,13
kor_Hang,231,9,13
kor_Hang,231,10,19
kor_Hang,231,11,13
kor_Hang,231,12,13
kor_Hang,231,13,13
kor_Hang,231,14,13
kor_Hang,231,15,13
kor_Hang,231,16,19
kor_Hang,231,17,13
kor_Hang,231,18,13
kor_Hang,231,19,13
kor_Hang,231,20,13
kor_Hang,231,21,13
kor_Hang,231,22,13
kor_Hang,231,23,13
kor_Hang,231,24,61
kor_Hang,231,25,13
kor_Hang,231,26,13
kor_Hang,231,27,13
kor_Hang,231,28,13
kor_Hang,231,29,19
kor_Hang,231,30,13
kor_Hang,231,31,13
kor_Hang,231,32,13
kor_Hang,231,33,13
kor_Hang,231,34,13
kor_Hang,231,35,13
kor_Hang,231,36,13
kor_Hang,231,37,13
kor_Hang,231,38,13
kor_Hang,231,39,13
kor_Hang,231,40,13
kor_Hang,231,41,13
kor_Hang,231,42,13
kor_Hang,231,43,13
kor_Hang,231,44,13
kor_Hang,231,45,47
kor_Hang,231,46,13
kor_Hang,231,47,13
kor_Hang,231,48,13
kor_Hang,231,49,13
kor_Hang,231,50,13
kor_Hang,231,51,13
kor_Hang,231,52,13
kor_Hang,231,53,13
kor_Hang,231,54,19
kor_Hang,231,55,13
kor_Hang,231,56,13
kor_Hang,231,57,13
kor_Hang,231,58,13
kor_Hang,231,59,13
kor_Hang,231,60,19
kor_Hang,231,61,13
kor_Hang,231,62,34
eng_Latn,232,0,60
eng_Latn,232,1,13
eng_Latn,232,2,13
eng_Latn,232,3,13
eng_Latn,232,4,12
eng_Latn,232,5,19
eng_Latn,232,6,47
eng_Latn,232,7,13
eng_Latn,232,8,13
eng_Latn,232,9,5
eng_Latn,232,10,13
eng_Latn,232,11,7
kor_Hang,233,0,60
kor_Hang,233,1,13
kor_Hang,233,2,19
kor_Hang,233,3,13
kor_Hang,233,4,13
kor_Hang,233,5,13
kor_Hang,233,6,13
kor_Hang,233,7,13
kor_Hang,233,8,13
kor_Hang,233,9,13
kor_Hang,233,10,13
kor_Hang,233,11,47
kor_Hang,233,12,13
kor_Hang,233,13,13
kor_Hang,233,14,13
kor_Hang,233,15,47
kor_Hang,233,16,47
kor_Hang,233,17,19
kor_Hang,233,18,13
kor_Hang,233,19,13
kor_Hang,233,20,13
kor_Hang,233,21,13
kor_Hang,233,22,47
kor_Hang,233,23,19
kor_Hang,233,24,13
kor_Hang,233,25,13
kor_Hang,233,26,47
kor_Hang,233,27,47
kor_Hang,233,28,39
kor_Hang,233,29,19
kor_Hang,233,30,19
kor_Hang,233,31,19
kor_Hang,233,32,13
kor_Hang,233,33,13
kor_Hang,233,34,13
kor_Hang,233,35,13
kor_Hang,233,36,13
kor_Hang,233,37,13
kor_Hang,233,38,13
kor_Hang,233,39,47
kor_Hang,233,40,13
kor_Hang,233,41,13
kor_Hang,233,42,13
kor_Hang,233,43,13
kor_Hang,233,44,19
kor_Hang,233,45,13
kor_Hang,233,46,13
kor_Hang,233,47,13
kor_Hang,233,48,13
kor_Hang,233,49,13
kor_Hang,233,50,13
kor_Hang,233,51,34
kor_Hang,233,52,13
kor_Hang,233,53,13
kor_Hang,233,54,13
kor_Hang,233,55,13
kor_Hang,233,56,34
kor_Hang,233,57,34
eng_Latn,234,0,60
eng_Latn,234,1,40
eng_Latn,234,2,14
eng_Latn,235,0,60
eng_Latn,235,1,30
eng_Latn,235,2,35
eng_Latn,235,3,57
eng_Latn,235,4,30
eng_Latn,235,5,33
eng_Latn,235,6,33
eng_Latn,236,0,60
eng_Latn,236,1,9
eng_Latn,236,2,56
eng_Latn,236,3,54
eng_Latn,236,4,18
eng_Latn,236,5,20
eng_Latn,236,6,31
eng_Latn,237,0,60
eng_Latn,237,1,24
eng_Latn,237,2,52
eng_Latn,237,3,57
eng_Latn,237,4,14
eng_Latn,237,5,14
eng_Latn,237,6,14
eng_Latn,237,7,27
eng_Latn,237,8,47
eng_Latn,237,9,47
eng_Latn,237,10,40
eng_Latn,237,11,24
eng_Latn,237,12,26
kor_Hang,238,0,60
kor_Hang,238,1,13
kor_Hang,238,2,13
kor_Hang,238,3,13
kor_Hang,238,4,13
kor_Hang,238,5,19
kor_Hang,238,6,13
kor_Hang,238,7,13
kor_Hang,238,8,13
kor_Hang,238,9,13
kor_Hang,238,10,13
kor_Hang,238,11,13
kor_Hang,238,12,13
kor_Hang,238,13,13
kor_Hang,238,14,13
kor_Hang,238,15,13
kor_Hang,238,16,13
kor_Hang,238,17,13
kor_Hang,238,18,13
kor_Hang,238,19,13
kor_Hang,238,20,13
kor_Hang,238,21,13
kor_Hang,238,22,13
kor_Hang,238,23,13
kor_Hang,238,24,13
kor_Hang,238,25,13
kor_Hang,238,26,13
kor_Hang,238,27,13
kor_Hang,238,28,13
kor_Hang,238,29,13
kor_Hang,238,30,13
kor_Hang,238,31,13
kor_Hang,238,32,13
kor_Hang,238,33,13
kor_Hang,238,34,13
kor_Hang,238,35,51
kor_Hang,238,36,13
kor_Hang,238,37,19
kor_Hang,238,38,34
kor_Hang,238,39,13
kor_Hang,238,40,13
kor_Hang,238,41,34
kor_Hang,238,42,13
kor_Hang,238,43,13
kor_Hang,238,44,13
kor_Hang,238,45,13
kor_Hang,238,46,13
kor_Hang,238,47,24
kor_Hang,238,48,13
kor_Hang,238,49,13
kor_Hang,238,50,13
eng_Latn,239,0,60
eng_Latn,239,1,56
eng_Latn,239,2,54
eng_Latn,239,3,38
eng_Latn,239,4,57
eng_Latn,239,5,20
eng_Latn,239,6,59
eng_Latn,239,7,16
kor_Hang,240,0,60
kor_Hang,240,1,13
kor_Hang,240,2,13
kor_Hang,240,3,13
kor_Hang,240,4,19
kor_Hang,240,5,39
kor_Hang,240,6,13
kor_Hang,240,7,47
kor_Hang,240,8,13
kor_Hang,240,9,19
kor_Hang,240,10,47
kor_Hang,240,11,19
kor_Hang,240,12,19
kor_Hang,240,13,19
kor_Hang,240,14,13
kor_Hang,240,15,13
kor_Hang,240,16,13
kor_Hang,240,17,19
kor_Hang,240,18,13
kor_Hang,240,19,47
kor_Hang,240,20,19
kor_Hang,240,21,13
kor_Hang,240,22,13
kor_Hang,240,23,13
kor_Hang,240,24,13
kor_Hang,240,25,13
kor_Hang,240,26,13
kor_Hang,240,27,13
kor_Hang,240,28,13
kor_Hang,240,29,13
kor_Hang,240,30,13
kor_Hang,240,31,13
kor_Hang,240,32,13
kor_Hang,240,33,61
kor_Hang,240,34,13
kor_Hang,240,35,13
kor_Hang,240,36,13
kor_Hang,240,37,13
kor_Hang,240,38,13
kor_Hang,240,39,13
kor_Hang,240,40,13
kor_Hang,240,41,13
kor_Hang,240,42,13
kor_Hang,240,43,19
kor_Hang,240,44,13
kor_Hang,240,45,13
kor_Hang,240,46,13
kor_Hang,240,47,13
kor_Hang,240,48,13
kor_Hang,240,49,13
kor_Hang,240,50,47
kor_Hang,240,51,19
kor_Hang,240,52,47
kor_Hang,240,53,19
kor_Hang,240,54,13
kor_Hang,240,55,13
kor_Hang,240,56,47
kor_Hang,240,57,13
kor_Hang,240,58,13
kor_Hang,240,59,13
kor_Hang,240,60,52
kor_Hang,240,61,13
kor_Hang,240,62,47
kor_Hang,240,63,13
kor_Hang,240,64,13
kor_Hang,240,65,13
kor_Hang,240,66,13
kor_Hang,240,67,13
kor_Hang,240,68,13
kor_Hang,240,69,13
kor_Hang,240,70,13
kor_Hang,240,71,13
kor_Hang,240,72,34
kor_Hang,240,73,34
kor_Hang,240,74,13
kor_Hang,240,75,34
eng_Latn,241,0,60
eng_Latn,241,1,19
eng_Latn,241,2,49
eng_Latn,241,3,5
eng_Latn,241,4,5
eng_Latn,241,5,26
eng_Latn,242,0,60
eng_Latn,242,1,7
eng_Latn,242,2,11
eng_Latn,242,3,53
eng_Latn,242,4,16
eng_Latn,242,5,6
eng_Latn,242,6,15
eng_Latn,242,7,45
eng_Latn,242,8,63
eng_Latn,243,0,60
eng_Latn,243,1,56
eng_Latn,243,2,56
eng_Latn,243,3,16
eng_Latn,243,4,53
eng_Latn,243,5,34
eng_Latn,243,6,57
eng_Latn,243,7,51
eng_Latn,244,0,60
eng_Latn,244,1,22
eng_Latn,244,2,52
eng_Latn,244,3,13
eng_Latn,244,4,52
eng_Latn,244,5,52
eng_Latn,245,0,60
eng_Latn,245,1,54
eng_Latn,245,2,15
eng_Latn,245,3,53
eng_Latn,245,4,41
eng_Latn,245,5,17
eng_Latn,246,0,60
eng_Latn,246,1,42
eng_Latn,246,2,19
eng_Latn,246,3,22
eng_Latn,246,4,26
eng_Latn,246,5,26
eng_Latn,246,6,60
eng_Latn,246,7,9
eng_Latn,246,8,26
eng_Latn,246,9,8
eng_Latn,247,0,60
eng_Latn,247,1,22
eng_Latn,247,2,22
eng_Latn,247,3,49
eng_Latn,247,4,34
eng_Latn,248,0,60
eng_Latn,248,1,17
eng_Latn,248,2,45
eng_Latn,248,3,45
eng_Latn,248,4,41
eng_Latn,248,5,29
eng_Latn,248,6,18
eng_Latn,248,7,18
eng_Latn,248,8,18
eng_Latn,248,9,16
eng_Latn,249,0,60
eng_Latn,249,1,52
eng_Latn,249,2,52
eng_Latn,249,3,53
eng_Latn,249,4,49
eng_Latn,249,5,5
eng_Latn,249,6,57
eng_Latn,249,7,49
eng_Latn,250,0,60
eng_Latn,250,1,13
eng_Latn,250,2,5
eng_Latn,250,3,37
eng_Latn,251,0,60
eng_Latn,251,1,19
eng_Latn,251,2,13
eng_Latn,251,3,11
eng_Latn,251,4,19
eng_Latn,251,5,62
eng_Latn,251,6,8
eng_Latn,251,7,8
eng_Latn,251,8,8
eng_Latn,251,9,19
eng_Latn,251,10,8
eng_Latn,251,11,19
eng_Latn,251,12,8
eng_Latn,252,0,60
eng_Latn,252,1,45
eng_Latn,252,2,19
eng_Latn,252,3,33
eng_Latn,252,4,56
eng_Latn,252,5,35
eng_Latn,252,6,33
eng_Latn,252,7,33
eng_Latn,253,0,60
eng_Latn,253,1,57
eng_Latn,253,2,56
eng_Latn,253,3,63
eng_Latn,253,4,28
eng_Latn,253,5,37
eng_Latn,253,6,39
eng_Latn,253,7,13
eng_Latn,253,8,30
eng_Latn,253,9,63
eng_Latn,254,0,60
eng_Latn,254,1,35
eng_Latn,254,2,63
eng_Latn,254,3,63
eng_Latn,254,4,19
eng_Latn,255,0,60
eng_Latn,255,1,12
eng_Latn,255,2,22
eng_Latn,255,3,1
eng_Latn,255,4,22
eng_Latn,256,0,60
eng_Latn,256,1,9
eng_Latn,256,2,38
eng_Latn,256,3,15
eng_Latn,256,4,56
eng_Latn,256,5,63
eng_Latn,256,6,14
eng_Latn,256,7,14
eng_Latn,256,8,40
eng_Latn,256,9,1
eng_Latn,257,0,60
eng_Latn,257,1,57
eng_Latn,257,2,45
eng_Latn,257,3,46
eng_Latn,257,4,17
eng_Latn,257,5,56
eng_Latn,257,6,35
eng_Latn,257,7,35
eng_Latn,257,8,34
eng_Latn,258,0,60
eng_Latn,258,1,12
eng_Latn,258,2,42
eng_Latn,258,3,22
eng_Latn,258,4,26
eng_Latn,258,5,9
eng_Latn,258,6,19
eng_Latn,258,7,8
kor_Hang,259,0,60
kor_Hang,259,1,13
kor_Hang,259,2,13
kor_Hang,259,3,13
kor_Hang,259,4,19
kor_Hang,259,5,13
kor_Hang,259,6,13
kor_Hang,259,7,19
kor_Hang,259,8,13
kor_Hang,259,9,19
kor_Hang,259,10,13
kor_Hang,259,11,13
kor_Hang,259,12,47
kor_Hang,259,13,13
kor_Hang,259,14,47
kor_Hang,259,15,19
kor_Hang,259,16,13
kor_Hang,259,17,13
kor_Hang,259,18,47
kor_Hang,259,19,13
kor_Hang,259,20,47
kor_Hang,259,21,13
kor_Hang,259,22,13
kor_Hang,260,0,60
kor_Hang,260,1,13
kor_Hang,260,2,19
kor_Hang,260,3,13
kor_Hang,260,4,13
kor_Hang,260,5,19
kor_Hang,260,6,13
kor_Hang,260,7,12
kor_Hang,260,8,13
kor_Hang,260,9,19
kor_Hang,260,10,13
kor_Hang,260,11,47
kor_Hang,260,12,13
kor_Hang,260,13,39
kor_Hang,260,14,47
kor_Hang,260,15,13
kor_Hang,260,16,13
kor_Hang,260,17,13
kor_Hang,260,18,13
kor_Hang,260,19,13
kor_Hang,260,20,13
kor_Hang,260,21,13
kor_Hang,260,22,13
kor_Hang,260,23,47
kor_Hang,260,24,47
kor_Hang,260,25,13
kor_Hang,260,26,47
kor_Hang,260,27,47
kor_Hang,260,28,13
kor_Hang,260,29,47
kor_Hang,260,30,13
kor_Hang,260,31,13
kor_Hang,260,32,13
kor_Hang,260,33,19
kor_Hang,260,34,13
kor_Hang,260,35,47
kor_Hang,260,36,13
kor_Hang,260,37,13
kor_Hang,260,38,13
kor_Hang,260,39,13
kor_Hang,260,40,13
kor_Hang,260,41,13
kor_Hang,260,42,13
kor_Hang,260,43,13
kor_Hang,260,44,13
kor_Hang,260,45,13
kor_Hang,260,46,13
kor_Hang,260,47,13
kor_Hang,260,48,13
kor_Hang,260,49,13
kor_Hang,260,50,13
kor_Hang,260,51,19
kor_Hang,260,52,13
kor_Hang,260,53,13
kor_Hang,260,54,13
kor_Hang,260,55,13
kor_Hang,260,56,13
kor_Hang,260,57,13
kor_Hang,260,58,13
kor_Hang,260,59,13
kor_Hang,260,60,13
kor_Hang,260,61,19
kor_Hang,260,62,13
kor_Hang,260,63,47
kor_Hang,260,64,13
kor_Hang,260,65,13
kor_Hang,260,66,13
kor_Hang,260,67,13
kor_Hang,261,0,60
kor_Hang,261,1,13
kor_Hang,261,2,13
kor_Hang,261,3,13
kor_Hang,261,4,13
kor_Hang,261,5,19
kor_Hang,261,6,13
kor_Hang,261,7,13
kor_Hang,261,8,13
kor_Hang,261,9,13
kor_Hang,261,10,19
kor_Hang,261,11,47
kor_Hang,261,12,19
kor_Hang,261,13,13
kor_Hang,261,14,19
kor_Hang,261,15,13
kor_Hang,261,16,13
kor_Hang,261,17,13
kor_Hang,261,18,19
kor_Hang,261,19,13
kor_Hang,261,20,13
kor_Hang,261,21,19
kor_Hang,261,22,13
kor_Hang,261,23,13
kor_Hang,261,24,13
kor_Hang,261,25,13
kor_Hang,261,26,13
kor_Hang,261,27,13
kor_Hang,261,28,13
kor_Hang,261,29,19
kor_Hang,261,30,13
kor_Hang,261,31,19
kor_Hang,261,32,13
kor_Hang,261,33,13
kor_Hang,261,34,13
kor_Hang,261,35,13
kor_Hang,261,36,13
kor_Hang,261,37,13
kor_Hang,261,38,13
kor_Hang,261,39,13
kor_Hang,261,40,13
kor_Hang,261,41,13
kor_Hang,261,42,13
kor_Hang,261,43,13
kor_Hang,261,44,34
kor_Hang,261,45,13
kor_Hang,261,46,13
kor_Hang,261,47,13
kor_Hang,261,48,13
kor_Hang,261,49,13
kor_Hang,261,50,13
kor_Hang,261,51,13
kor_Hang,261,52,13
kor_Hang,261,53,13
kor_Hang,261,54,13
kor_Hang,261,55,13
kor_Hang,261,56,19
kor_Hang,261,57,51
kor_Hang,261,58,34
eng_Latn,262,0,60
eng_Latn,262,1,48
eng_Latn,262,2,56
eng_Latn,262,3,16
eng_Latn,262,4,16
eng_Latn,262,5,53
eng_Latn,262,6,1
eng_Latn,262,7,61
eng_Latn,262,8,49
eng_Latn,262,9,49
eng_Latn,263,0,60
eng_Latn,263,1,19
eng_Latn,263,2,13
eng_Latn,263,3,54
eng_Latn,263,4,19
eng_Latn,263,5,13
eng_Latn,264,0,60
eng_Latn,264,1,4
eng_Latn,264,2,9
eng_Latn,264,3,56
eng_Latn,264,4,54
eng_Latn,264,5,41
eng_Latn,264,6,19
eng_Latn,264,7,4
eng_Latn,264,8,53
eng_Latn,264,9,35
eng_Latn,264,10,8
eng_Latn,264,11,4
eng_Latn,265,0,60
eng_Latn,265,1,22
eng_Latn,265,2,41
eng_Latn,265,3,34
eng_Latn,266,0,60
eng_Latn,266,1,9
eng_Latn,266,2,27
eng_Latn,266,3,47
eng_Latn,266,4,26
eng_Latn,266,5,42
eng_Latn,266,6,61
eng_Latn,266,7,26
eng_Latn,266,8,60
eng_Latn,267,0,60
eng_Latn,267,1,56
eng_Latn,267,2,51
eng_Latn,268,0,60
eng_Latn,268,1,19
eng_Latn,268,2,19
eng_Latn,268,3,33
eng_Latn,268,4,56
eng_Latn,268,5,33
eng_Latn,269,0,60
eng_Latn,269,1,22
eng_Latn,269,2,9
eng_Latn,269,3,12
eng_Latn,269,4,19
eng_Latn,269,5,15
eng_Latn,269,6,9
eng_Latn,269,7,9
eng_Latn,269,8,22
eng_Latn,269,9,9
eng_Latn,269,10,29
eng_Latn,269,11,51
eng_Latn,269,12,24
eng_Latn,269,13,56
eng_Latn,269,14,47
eng_Latn,269,15,46
eng_Latn,269,16,51
eng_Latn,270,0,60
eng_Latn,270,1,39
eng_Latn,270,2,40
eng_Latn,270,3,18
eng_Latn,270,4,51
eng_Latn,270,5,18
eng_Latn,270,6,53
eng_Latn,270,7,16
eng_Latn,271,0,60
eng_Latn,271,1,63
eng_Latn,271,2,56
eng_Latn,271,3,63
eng_Latn,271,4,43
eng_Latn,271,5,22
eng_Latn,271,6,28
eng_Latn,272,0,60
eng_Latn,272,1,20
eng_Latn,272,2,41
eng_Latn,272,3,16
eng_Latn,272,4,45
eng_Latn,272,5,18
eng_Latn,272,6,56
eng_Latn,272,7,16
eng_Latn,272,8,20
eng_Latn,272,9,34
eng_Latn,273,0,60
eng_Latn,273,1,22
eng_Latn,273,2,60
eng_Latn,273,3,9
eng_Latn,273,4,26
eng_Latn,273,5,26
eng_Latn,273,6,49
eng_Latn,273,7,27
eng_Latn,273,8,27
eng_Latn,273,9,27
eng_Latn,273,10,7
kor_Hang,274,0,60
kor_Hang,274,1,13
kor_Hang,274,2,13
kor_Hang,274,3,13
kor_Hang,274,4,13
kor_Hang,274,5,13
kor_Hang,274,6,13
kor_Hang,274,7,13
kor_Hang,274,8,13
kor_Hang,274,9,13
kor_Hang,274,10,13
kor_Hang,274,11,13
kor_Hang,274,12,13
kor_Hang,274,13,13
kor_Hang,274,14,13
kor_Hang,274,15,13
kor_Hang,274,16,61
kor_Hang,274,17,47
kor_Hang,274,18,13
kor_Hang,274,19,13
kor_Hang,274,20,13
kor_Hang,274,21,13
kor_Hang,274,22,13
kor_Hang,274,23,13
kor_Hang,274,24,47
kor_Hang,274,25,13
kor_Hang,274,26,13
kor_Hang,274,27,13
kor_Hang,274,28,13
kor_Hang,274,29,19
kor_Hang,274,30,13
kor_Hang,274,31,13
kor_Hang,274,32,27
kor_Hang,274,33,13
kor_Hang,274,34,13
kor_Hang,274,35,13
kor_Hang,274,36,13
kor_Hang,274,37,13
kor_Hang,274,38,52
kor_Hang,274,39,13
kor_Hang,274,40,13
kor_Hang,274,41,13
kor_Hang,274,42,13
kor_Hang,274,43,13
kor_Hang,274,44,13
kor_Hang,274,45,13
kor_Hang,274,46,13
kor_Hang,274,47,13
kor_Hang,274,48,19
kor_Hang,274,49,34
kor_Hang,274,50,9
kor_Hang,274,51,11
kor_Hang,274,52,13
kor_Hang,274,53,13
kor_Hang,274,54,13
kor_Hang,274,55,13
kor_Hang,274,56,13
kor_Hang,274,57,13
kor_Hang,274,58,13
kor_Hang,274,59,12
kor_Hang,274,60,11
kor_Hang,274,61,13
kor_Hang,274,62,13
kor_Hang,274,63,13
kor_Hang,274,64,13
kor_Hang,274,65,13
kor_Hang,274,66,13
kor_Hang,274,67,13
kor_Hang,274,68,13
kor_Hang,274,69,13
kor_Hang,274,70,19
kor_Hang,274,71,13
kor_Hang,274,72,11
kor_Hang,274,73,52
eng_Latn,275,0,60
eng_Latn,275,1,22
eng_Latn,275,2,40
kor_Hang,276,0,60
kor_Hang,276,1,13
kor_Hang,276,2,13
kor_Hang,276,3,47
kor_Hang,276,4,13
kor_Hang,276,5,11
kor_Hang,276,6,13
kor_Hang,276,7,13
kor_Hang,276,8,13
kor_Hang,276,9,13
kor_Hang,276,10,13
kor_Hang,276,11,13
kor_Hang,276,12,19
kor_Hang,276,13,19
kor_Hang,276,14,47
kor_Hang,276,15,47
kor_Hang,276,16,19
kor_Hang,276,17,19
kor_Hang,276,18,13
kor_Hang,276,19,13
kor_Hang,276,20,47
kor_Hang,276,21,13
kor_Hang,276,22,13
kor_Hang,276,23,13
kor_Hang,276,24,13
kor_Hang,276,25,13
kor_Hang,276,26,13
kor_Hang,276,27,61
kor_Hang,276,28,13
kor_Hang,276,29,13
kor_Hang,276,30,13
kor_Hang,276,31,61
kor_Hang,276,32,13
kor_Hang,276,33,13
kor_Hang,276,34,52
kor_Hang,276,35,52
kor_Hang,276,36,13
kor_Hang,276,37,13
kor_Hang,276,38,52
kor_Hang,276,39,47
kor_Hang,276,40,13
kor_Hang,276,41,13
kor_Hang,276,42,12
kor_Hang,276,43,13
kor_Hang,276,44,13
eng_Latn,277,0,60
eng_Latn,277,1,56
eng_Latn,277,2,56
eng_Latn,277,3,38
eng_Latn,277,4,57
eng_Latn,277,5,20
eng_Latn,277,6,46
eng_Latn,277,7,15
eng_Latn,278,0,60
eng_Latn,278,1,34
eng_Latn,278,2,56
eng_Latn,278,3,34
eng_Latn,278,4,20
eng_Latn,278,5,34
eng_Latn,279,0,60
eng_Latn,279,1,29
eng_Latn,279,2,34
kor_Hang,280,0,60
kor_Hang,280,1,47
kor_Hang,280,2,13
kor_Hang,280,3,13
kor_Hang,280,4,26
kor_Hang,280,5,13
kor_Hang,280,6,61
kor_Hang,280,7,26
kor_Hang,280,8,13
kor_Hang,280,9,12
kor_Hang,280,10,13
kor_Hang,280,11,13
kor_Hang,280,12,13
kor_Hang,280,13,47
kor_Hang,280,14,13
kor_Hang,280,15,13
kor_Hang,280,16,13
kor_Hang,280,17,13
kor_Hang,280,18,13
kor_Hang,280,19,19
kor_Hang,280,20,13
kor_Hang,280,21,13
kor_Hang,280,22,19
kor_Hang,280,23,13
kor_Hang,280,24,13
kor_Hang,280,25,13
kor_Hang,280,26,13
kor_Hang,280,27,13
kor_Hang,280,28,13
kor_Hang,280,29,13
kor_Hang,280,30,13
kor_Hang,280,31,13
kor_Hang,280,32,13
kor_Hang,280,33,13
kor_Hang,280,34,34
eng_Latn,281,0,60
eng_Latn,281,1,61
eng_Latn,281,2,46
eng_Latn,281,3,48
eng_Latn,281,4,31
eng_Latn,281,5,52
eng_Latn,281,6,52
eng_Latn,281,7,19
eng_Latn,281,8,19
eng_Latn,281,9,3
eng_Latn,281,10,3
eng_Latn,281,11,57
eng_Latn,281,12,37
eng_Latn,281,13,52
eng_Latn,282,0,60
eng_Latn,282,1,30
eng_Latn,282,2,63
eng_Latn,282,3,53
eng_Latn,282,4,46
eng_Latn,282,5,56
eng_Latn,282,6,63
eng_Latn,283,0,60
eng_Latn,283,1,16
eng_Latn,283,2,53
eng_Latn,283,3,52
eng_Latn,283,4,63
eng_Latn,283,5,63
eng_Latn,283,6,14
eng_Latn,283,7,1
eng_Latn,283,8,1
eng_Latn,283,9,52
eng_Latn,284,0,60
eng_Latn,284,1,19
eng_Latn,284,2,46
eng_Latn,284,3,8
eng_Latn,285,0,60
eng_Latn,285,1,22
eng_Latn,285,2,9
eng_Latn,285,3,9
eng_Latn,285,4,61
eng_Latn,285,5,40
eng_Latn,285,6,19
eng_Latn,285,7,40
eng_Latn,285,8,19
eng_Latn,285,9,46
eng_Latn,285,10,9
eng_Latn,285,11,9
eng_Latn,285,12,22
eng_Latn,285,13,9
eng_Latn,285,14,22
eng_Latn,285,15,22
eng_Latn,286,0,60
eng_Latn,286,1,48
eng_Latn,286,2,56
eng_Latn,286,3,57
eng_Latn,286,4,29
eng_Latn,286,5,41
eng_Latn,286,6,17
eng_Latn,287,0,60
eng_Latn,287,1,57
eng_Latn,287,2,45
eng_Latn,287,3,15
eng_Latn,287,4,10
eng_Latn,287,5,18
eng_Latn,287,6,16
eng_Latn,287,7,56
eng_Latn,287,8,57
eng_Latn,288,0,60
eng_Latn,288,1,35
eng_Latn,288,2,54
eng_Latn,288,3,0
eng_Latn,288,4,9
eng_Latn,288,5,56
eng_Latn,288,6,38
eng_Latn,288,7,57
eng_Latn,289,0,60
eng_Latn,289,1,60
eng_Latn,289,2,53
eng_Latn,289,3,1
eng_Latn,289,4,52
eng_Latn,290,0,60
eng_Latn,290,1,35
eng_Latn,290,2,17
eng_Latn,290,3,35
eng_Latn,290,4,52
eng_Latn,290,5,57
eng_Latn,290,6,17
eng_Latn,290,7,51
eng_Latn,291,0,60
eng_Latn,291,1,62
eng_Latn,291,2,12
eng_Latn,291,3,35
eng_Latn,291,4,57
eng_Latn,291,5,8
eng_Latn,291,6,15
eng_Latn,291,7,63
eng_Latn,291,8,5
eng_Latn,291,9,49
eng_Latn,292,0,60
eng_Latn,292,1,18
eng_Latn,292,2,20
eng_Latn,292,3,18
eng_Latn,292,4,29
eng_Latn,292,5,29
eng_Latn,292,6,35
eng_Latn,292,7,57
eng_Latn,292,8,20
eng_Latn,292,9,54
eng_Latn,292,10,10
eng_Latn,292,11,16
eng_Latn,293,0,60
eng_Latn,293,1,17
eng_Latn,293,2,56
eng_Latn,293,3,16
eng_Latn,293,4,25
eng_Latn,293,5,46
eng_Latn,293,6,56
eng_Latn,293,7,21
eng_Latn,294,0,60
eng_Latn,294,1,17
eng_Latn,294,2,32
eng_Latn,294,3,56
eng_Latn,294,4,38
eng_Latn,294,5,35
eng_Latn,294,6,57
eng_Latn,294,7,0
eng_Latn,294,8,19
eng_Latn,294,9,62
eng_Latn,294,10,4
eng_Latn,295,0,60
eng_Latn,295,1,14
eng_Latn,295,2,48
eng_Latn,295,3,37
eng_Latn,296,0,60
eng_Latn,296,1,20
eng_Latn,296,2,57
eng_Latn,296,3,34
eng_Latn,297,0,60
eng_Latn,297,1,57
eng_Latn,297,2,16
eng_Latn,297,3,35
eng_Latn,297,4,57
eng_Latn,297,5,51
eng_Latn,298,0,60
eng_Latn,298,1,15
eng_Latn,298,2,18
eng_Latn,298,3,63
eng_Latn,298,4,37
eng_Latn,299,0,60
eng_Latn,299,1,40
eng_Latn,299,2,61
eng_Latn,299,3,15
eng_Latn,299,4,8
eng_Latn,299,5,20
eng_Latn,299,6,8
eng_Latn,299,7,57
eng_Latn,299,8,8
kor_Hang,300,0,60
kor_Hang,300,1,13
kor_Hang,300,2,13
kor_Hang,300,3,13
kor_Hang,300,4,13
kor_Hang,300,5,13
kor_Hang,300,6,13
kor_Hang,300,7,27
kor_Hang,300,8,13
kor_Hang,300,9,13
kor_Hang,300,10,13
kor_Hang,300,11,19
kor_Hang,300,12,13
kor_Hang,300,13,19
kor_Hang,300,14,13
kor_Hang,300,15,13
kor_Hang,300,16,52
kor_Hang,300,17,52
kor_Hang,300,18,52
kor_Hang,300,19,52
kor_Hang,300,20,52
kor_Hang,300,21,52
kor_Hang,300,22,13
kor_Hang,300,23,13
kor_Hang,300,24,13
kor_Hang,300,25,19
kor_Hang,300,26,13
kor_Hang,300,27,13
kor_Hang,300,28,13
kor_Hang,300,29,13
kor_Hang,300,30,34
kor_Hang,300,31,13
kor_Hang,300,32,13
kor_Hang,300,33,13
kor_Hang,300,34,13
kor_Hang,300,35,13
kor_Hang,300,36,13
kor_Hang,300,37,13
kor_Hang,300,38,13
kor_Hang,300,39,13
kor_Hang,300,40,13
kor_Hang,300,41,34
kor_Hang,300,42,34
eng_Latn,301,0,60
eng_Latn,301,1,29
eng_Latn,301,2,38
eng_Latn,301,3,34
eng_Latn,301,4,18
eng_Latn,301,5,20
eng_Latn,301,6,16
eng_Latn,301,7,20
eng_Latn,301,8,34
eng_Latn,302,0,60
eng_Latn,302,1,16
eng_Latn,302,2,35
eng_Latn,302,3,57
eng_Latn,302,4,49
kor_Hang,303,0,60
kor_Hang,303,1,22
kor_Hang,303,2,9
kor_Hang,303,3,13
kor_Hang,303,4,13
kor_Hang,303,5,13
kor_Hang,303,6,34
kor_Hang,303,7,12
kor_Hang,303,8,52
kor_Hang,303,9,52
kor_Hang,303,10,24
kor_Hang,303,11,52
kor_Hang,303,12,1
kor_Hang,303,13,13
kor_Hang,303,14,37
kor_Hang,303,15,52
kor_Hang,303,16,52
kor_Hang,303,17,52
kor_Hang,303,18,52
kor_Hang,303,19,13
kor_Hang,303,20,60
kor_Hang,303,21,12
kor_Hang,303,22,13
kor_Hang,303,23,47
kor_Hang,303,24,13
kor_Hang,303,25,19
kor_Hang,303,26,13
kor_Hang,303,27,13
kor_Hang,303,28,13
kor_Hang,303,29,19
kor_Hang,303,30,13
kor_Hang,303,31,19
kor_Hang,303,32,13
kor_Hang,303,33,13
kor_Hang,303,34,13
kor_Hang,303,35,13
kor_Hang,303,36,13
kor_Hang,303,37,13
kor_Hang,303,38,13
kor_Hang,303,39,13
kor_Hang,303,40,13
kor_Hang,303,41,47
kor_Hang,303,42,19
kor_Hang,303,43,34
kor_Hang,303,44,13
kor_Hang,303,45,13
kor_Hang,303,46,13
kor_Hang,303,47,13
kor_Hang,303,48,34
kor_Hang,303,49,13
kor_Hang,303,50,13
kor_Hang,303,51,13
kor_Hang,303,52,19
kor_Hang,303,53,34
kor_Hang,303,54,34
eng_Latn,304,0,60
eng_Latn,304,1,61
eng_Latn,304,2,13
eng_Latn,304,3,5
eng_Latn,304,4,26
eng_Latn,305,0,60
eng_Latn,305,1,49
eng_Latn,305,2,42
eng_Latn,305,3,9
eng_Latn,305,4,18
eng_Latn,305,5,50
eng_Latn,305,6,20
eng_Latn,305,7,41
eng_Latn,305,8,46
eng_Latn,306,0,60
eng_Latn,306,1,9
eng_Latn,306,2,29
eng_Latn,306,3,52
eng_Latn,306,4,29
eng_Latn,306,5,34
kor_Hang,307,0,60
kor_Hang,307,1,13
kor_Hang,307,2,39
kor_Hang,307,3,13
kor_Hang,307,4,13
kor_Hang,307,5,19
kor_Hang,307,6,13
kor_Hang,307,7,19
kor_Hang,307,8,13
kor_Hang,307,9,13
kor_Hang,307,10,13
kor_Hang,307,11,13
kor_Hang,307,12,13
kor_Hang,307,13,13
kor_Hang,307,14,13
kor_Hang,307,15,13
kor_Hang,307,16,19
kor_Hang,307,17,13
kor_Hang,307,18,13
kor_Hang,307,19,13
kor_Hang,307,20,13
kor_Hang,307,21,13
kor_Hang,307,22,13
kor_Hang,307,23,13
kor_Hang,307,24,52
kor_Hang,307,25,13
kor_Hang,307,26,47
kor_Hang,307,27,39
kor_Hang,307,28,13
kor_Hang,307,29,13
kor_Hang,307,30,13
kor_Hang,307,31,13
kor_Hang,307,32,61
kor_Hang,307,33,47
kor_Hang,307,34,13
kor_Hang,307,35,13
kor_Hang,307,36,47
kor_Hang,307,37,13
kor_Hang,307,38,34
kor_Hang,308,0,60
kor_Hang,308,1,13
kor_Hang,308,2,13
kor_Hang,308,3,19
kor_Hang,308,4,13
kor_Hang,308,5,13
kor_Hang,308,6,13
kor_Hang,308,7,47
kor_Hang,308,8,13
kor_Hang,308,9,13
kor_Hang,308,10,47
kor_Hang,308,11,19
kor_Hang,308,12,13
kor_Hang,308,13,19
kor_Hang,308,14,13
kor_Hang,308,15,13
kor_Hang,308,16,13
kor_Hang,308,17,13
kor_Hang,308,18,13
kor_Hang,308,19,19
kor_Hang,308,20,13
kor_Hang,308,21,13
kor_Hang,308,22,13
kor_Hang,308,23,47
kor_Hang,308,24,47
kor_Hang,308,25,13
kor_Hang,308,26,13
kor_Hang,308,27,13
kor_Hang,308,28,13
kor_Hang,308,29,13
kor_Hang,308,30,13
kor_Hang,308,31,47
kor_Hang,308,32,13
kor_Hang,308,33,13
kor_Hang,308,34,13
kor_Hang,308,35,13
kor_Hang,308,36,13
kor_Hang,308,37,13
kor_Hang,308,38,13
kor_Hang,308,39,13
kor_Hang,308,40,13
kor_Hang,308,41,13
kor_Hang,308,42,47
kor_Hang,308,43,19
kor_Hang,308,44,34
kor_Hang,308,45,13
kor_Hang,308,46,13
kor_Hang,308,47,13
kor_Hang,308,48,13
kor_Hang,308,49,13
kor_Hang,308,50,13
kor_Hang,308,51,13
kor_Hang,308,52,13
kor_Hang,308,53,13
kor_Hang,308,54,13
kor_Hang,308,55,13
kor_Hang,308,56,13
kor_Hang,308,57,13
kor_Hang,308,58,13
kor_Hang,308,59,47
kor_Hang,308,60,19
kor_Hang,308,61,13
kor_Hang,308,62,13
kor_Hang,308,63,13
kor_Hang,308,64,13
kor_Hang,308,65,13
kor_Hang,308,66,47
kor_Hang,308,67,19
kor_Hang,308,68,13
kor_Hang,308,69,13
kor_Hang,308,70,13
kor_Hang,308,71,13
kor_Hang,308,72,13
kor_Hang,308,73,19
kor_Hang,308,74,13
kor_Hang,308,75,13
kor_Hang,308,76,13
kor_Hang,308,77,19
kor_Hang,308,78,13
kor_Hang,308,79,34
eng_Latn,309,0,60
eng_Latn,309,1,22
eng_Latn,309,2,52
eng_Latn,309,3,46
eng_Latn,309,4,3
eng_Latn,309,5,57
eng_Latn,309,6,49
eng_Latn,310,0,60
eng_Latn,310,1,46
eng_Latn,310,2,34
eng_Latn,310,3,54
eng_Latn,310,4,18
eng_Latn,310,5,57
eng_Latn,310,6,34
kor_Hang,311,0,60
kor_Hang,311,1,13
kor_Hang,311,2,13
kor_Hang,311,3,13
kor_Hang,311,4,13
kor_Hang,311,5,13
kor_Hang,311,6,13
kor_Hang,311,7,13
kor_Hang,311,8,19
kor_Hang,311,9,19
kor_Hang,311,10,39
kor_Hang,311,11,19
kor_Hang,311,12,13
kor_Hang,311,13,13
kor_Hang,311,14,13
kor_Hang,311,15,13
kor_Hang,311,16,19
kor_Hang,311,17,13
kor_Hang,311,18,13
kor_Hang,311,19,13
kor_Hang,311,20,13
kor_Hang,311,21,42
kor_Hang,311,22,52
kor_Hang,311,23,42
kor_Hang,311,24,13
kor_Hang,311,25,13
kor_Hang,311,26,13
kor_Hang,311,27,13
kor_Hang,311,28,19
kor_Hang,311,29,13
kor_Hang,311,30,13
kor_Hang,311,31,13
kor_Hang,311,32,13
kor_Hang,311,33,13
kor_Hang,311,34,13
kor_Hang,311,35,19
kor_Hang,311,36,13
kor_Hang,311,37,13
kor_Hang,311,38,13
kor_Hang,311,39,47
kor_Hang,311,40,47
kor_Hang,311,41,13
kor_Hang,311,42,9
kor_Hang,311,43,13
kor_Hang,311,44,13
kor_Hang,311,45,13
kor_Hang,311,46,13
kor_Hang,311,47,13
kor_Hang,311,48,13
kor_Hang,311,49,13
kor_Hang,311,50,13
kor_Hang,311,51,13
eng_Latn,312,0,60
eng_Latn,312,1,4
eng_Latn,312,2,56
eng_Latn,312,3,21
eng_Latn,312,4,16
eng_Latn,312,5,20
eng_Latn,312,6,8
eng_Latn,313,0,60
eng_Latn,313,1,22
eng_Latn,313,2,9
eng_Latn,313,3,22
eng_Latn,313,4,46
eng_Latn,313,5,40
eng_Latn,313,6,51
eng_Latn,313,7,62
eng_Latn,313,8,8
eng_Latn,313,9,8
eng_Latn,313,10,51
kor_Hang,314,0,60
kor_Hang,314,1,52
kor_Hang,314,2,52
kor_Hang,314,3,37
kor_Hang,314,4,13
kor_Hang,314,5,47
kor_Hang,314,6,19
kor_Hang,314,7,47
kor_Hang,314,8,13
kor_Hang,314,9,39
kor_Hang,314,10,19
kor_Hang,314,11,13
kor_Hang,314,12,13
kor_Hang,314,13,13
kor_Hang,314,14,19
kor_Hang,314,15,13
kor_Hang,314,16,13
kor_Hang,314,17,19
kor_Hang,314,18,39
kor_Hang,314,19,13
kor_Hang,314,20,19
kor_Hang,314,21,39
kor_Hang,314,22,13
kor_Hang,314,23,13
kor_Hang,314,24,13
kor_Hang,314,25,13
kor_Hang,314,26,13
kor_Hang,314,27,47
kor_Hang,314,28,47
kor_Hang,314,29,13
kor_Hang,314,30,13
kor_Hang,314,31,13
kor_Hang,314,32,13
kor_Hang,314,33,13
kor_Hang,314,34,13
kor_Hang,314,35,34
eng_Latn,315,0,60
eng_Latn,315,1,22
eng_Latn,315,2,24
eng_Latn,315,3,37
eng_Latn,315,4,24
eng_Latn,315,5,3
eng_Latn,316,0,60
eng_Latn,316,1,57
eng_Latn,316,2,38
eng_Latn,316,3,38
eng_Latn,316,4,19
eng_Latn,316,5,15
eng_Latn,316,6,17
eng_Latn,316,7,8
eng_Latn,316,8,16
eng_Latn,317,0,60
eng_Latn,317,1,1
eng_Latn,317,2,9
eng_Latn,317,3,12
eng_Latn,317,4,63
eng_Latn,317,5,60
eng_Latn,317,6,49
kor_Hang,318,0,60
kor_Hang,318,1,13
kor_Hang,318,2,47
kor_Hang,318,3,13
kor_Hang,318,4,13
kor_Hang,318,5,19
kor_Hang,318,6,13
kor_Hang,318,7,13
kor_Hang,318,8,13
kor_Hang,318,9,13
kor_Hang,318,10,13
kor_Hang,318,11,47
kor_Hang,318,12,13
kor_Hang,318,13,1
kor_Hang,318,14,13
kor_Hang,318,15,13
kor_Hang,318,16,13
kor_Hang,318,17,13
kor_Hang,318,18,13
kor_Hang,318,19,47
kor_Hang,318,20,13
kor_Hang,318,21,13
kor_Hang,318,22,13
kor_Hang,318,23,13
kor_Hang,318,24,13
kor_Hang,318,25,13
kor_Hang,318,26,13
kor_Hang,318,27,13
kor_Hang,318,28,13
kor_Hang,318,29,13
kor_Hang,318,30,13
kor_Hang,318,31,13
kor_Hang,318,32,13
kor_Hang,318,33,13
kor_Hang,318,34,13
kor_Hang,318,35,13
kor_Hang,318,36,13
kor_Hang,318,37,47
kor_Hang,318,38,13
kor_Hang,318,39,13
kor_Hang,318,40,13
kor_Hang,318,41,47
kor_Hang,318,42,13
kor_Hang,318,43,13
kor_Hang,318,44,13
kor_Hang,318,45,13
kor_Hang,318,46,13
kor_Hang,318,47,13
eng_Latn,319,0,60
eng_Latn,319,1,57
eng_Latn,319,2,56
eng_Latn,319,3,63
eng_Latn,319,4,19
eng_Latn,320,0,60
eng_Latn,320,1,57
eng_Latn,320,2,41
eng_Latn,320,3,17
eng_Latn,320,4,17
eng_Latn,320,5,16
eng_Latn,320,6,20
eng_Latn,320,7,54
eng_Latn,320,8,38
eng_Latn,320,9,15
eng_Latn,321,0,60
eng_Latn,321,1,12
eng_Latn,321,2,61
kor_Hang,322,0,60
kor_Hang,322,1,19
kor_Hang,322,2,11
kor_Hang,322,3,13
kor_Hang,322,4,47
kor_Hang,322,5,13
kor_Hang,322,6,13
kor_Hang,322,7,13
kor_Hang,322,8,13
kor_Hang,322,9,13
kor_Hang,322,10,13
kor_Hang,322,11,13
kor_Hang,322,12,13
kor_Hang,322,13,13
kor_Hang,322,14,13
kor_Hang,322,15,13
kor_Hang,322,16,13
kor_Hang,322,17,13
kor_Hang,322,18,13
kor_Hang,322,19,13
kor_Hang,322,20,13
kor_Hang,322,21,13
kor_Hang,322,22,13
kor_Hang,322,23,13
kor_Hang,322,24,13
eng_Latn,323,0,60
eng_Latn,323,1,60
eng_Latn,323,2,14
eng_Latn,323,3,52
eng_Latn,323,4,52
eng_Latn,323,5,55
eng_Latn,323,6,3
eng_Latn,323,7,63
kor_Hang,324,0,60
kor_Hang,324,1,13
kor_Hang,324,2,13
kor_Hang,324,3,13
kor_Hang,324,4,19
kor_Hang,324,5,13
kor_Hang,324,6,13
kor_Hang,324,7,13
kor_Hang,324,8,13
kor_Hang,324,9,13
kor_Hang,324,10,13
kor_Hang,324,11,47
kor_Hang,324,12,13
kor_Hang,324,13,47
kor_Hang,324,14,13
kor_Hang,324,15,13
kor_Hang,324,16,13
kor_Hang,324,17,13
kor_Hang,324,18,19
kor_Hang,324,19,13
kor_Hang,324,20,13
kor_Hang,324,21,19
kor_Hang,324,22,13
kor_Hang,324,23,13
kor_Hang,324,24,13
kor_Hang,324,25,13
kor_Hang,324,26,13
kor_Hang,324,27,13
kor_Hang,324,28,61
kor_Hang,324,29,19
kor_Hang,324,30,13
kor_Hang,324,31,13
kor_Hang,324,32,13
kor_Hang,324,33,13
kor_Hang,324,34,19
kor_Hang,324,35,13
kor_Hang,324,36,19
kor_Hang,324,37,13
kor_Hang,324,38,13
kor_Hang,324,39,13
kor_Hang,324,40,13
kor_Hang,324,41,19
kor_Hang,324,42,13
kor_Hang,324,43,13
kor_Hang,324,44,19
kor_Hang,324,45,13
kor_Hang,324,46,13
kor_Hang,324,47,13
kor_Hang,324,48,13
kor_Hang,324,49,13
kor_Hang,324,50,13
kor_Hang,324,51,19
kor_Hang,324,52,19
kor_Hang,324,53,19
kor_Hang,324,54,19
kor_Hang,324,55,13
kor_Hang,324,56,13
kor_Hang,324,57,13
kor_Hang,324,58,13
kor_Hang,324,59,13
kor_Hang,324,60,13
kor_Hang,324,61,13
kor_Hang,324,62,19
kor_Hang,324,63,13
kor_Hang,324,64,12
kor_Hang,324,65,11
kor_Hang,324,66,19
kor_Hang,324,67,13
kor_Hang,324,68,13
kor_Hang,324,69,13
kor_Hang,324,70,13
kor_Hang,324,71,47
kor_Hang,324,72,13
kor_Hang,324,73,47
kor_Hang,324,74,47
kor_Hang,324,75,13
kor_Hang,324,76,13
kor_Hang,324,77,19
kor_Hang,324,78,13
kor_Hang,324,79,13
kor_Hang,324,80,13
kor_Hang,324,81,12
kor_Hang,324,82,13
kor_Hang,324,83,13
eng_Latn,325,0,60
eng_Latn,325,1,40
eng_Latn,325,2,40
eng_Latn,325,3,9
eng_Latn,325,4,26
eng_Latn,325,5,40
eng_Latn,325,6,49
eng_Latn,325,7,2
eng_Latn,325,8,37
eng_Latn,325,9,26
eng_Latn,325,10,19
eng_Latn,325,11,47
eng_Latn,325,12,49
eng_Latn,325,13,49
eng_Latn,326,0,60
eng_Latn,326,1,9
eng_Latn,326,2,18
eng_Latn,326,3,18
eng_Latn,326,4,16
eng_Latn,326,5,0
eng_Latn,326,6,59
eng_Latn,326,7,24
eng_Latn,326,8,47
eng_Latn,326,9,47
eng_Latn,326,10,8
eng_Latn,327,0,60
eng_Latn,327,1,12
eng_Latn,327,2,22
eng_Latn,327,3,24
eng_Latn,327,4,47
eng_Latn,327,5,52
eng_Latn,327,6,13
eng_Latn,327,7,13
eng_Latn,327,8,13
eng_Latn,327,9,1
eng_Latn,327,10,13
eng_Latn,327,11,52
eng_Latn,327,12,1
eng_Latn,327,13,58
eng_Latn,328,0,60
eng_Latn,328,1,12
eng_Latn,328,2,42
eng_Latn,328,3,19
eng_Latn,328,4,22
eng_Latn,328,5,49
eng_Latn,328,6,9
eng_Latn,328,7,61
eng_Latn,328,8,30
eng_Latn,328,9,47
eng_Latn,328,10,8
eng_Latn,329,0,60
eng_Latn,329,1,49
eng_Latn,329,2,5
eng_Latn,329,3,47
eng_Latn,330,0,60
eng_Latn,330,1,45
eng_Latn,330,2,35
eng_Latn,330,3,18
eng_Latn,330,4,56
eng_Latn,330,5,38
eng_Latn,330,6,24
eng_Latn,330,7,55
eng_Latn,330,8,41
eng_Latn,330,9,43
eng_Latn,330,10,48
kor_Hang,331,0,60
kor_Hang,331,1,13
kor_Hang,331,2,13
kor_Hang,331,3,13
kor_Hang,331,4,13
kor_Hang,331,5,13
kor_Hang,331,6,13
kor_Hang,331,7,13
kor_Hang,331,8,13
kor_Hang,331,9,19
kor_Hang,331,10,13
kor_Hang,331,11,13
kor_Hang,331,12,47
kor_Hang,331,13,13
kor_Hang,331,14,13
kor_Hang,331,15,13
kor_Hang,331,16,13
kor_Hang,331,17,13
kor_Hang,331,18,13
kor_Hang,331,19,13
kor_Hang,331,20,13
kor_Hang,331,21,13
kor_Hang,331,22,13
kor_Hang,331,23,13
kor_Hang,331,24,13
kor_Hang,331,25,13
kor_Hang,331,26,13
kor_Hang,331,27,19
kor_Hang,331,28,13
kor_Hang,331,29,13
kor_Hang,331,30,13
kor_Hang,331,31,13
kor_Hang,331,32,13
kor_Hang,331,33,13
kor_Hang,331,34,13
kor_Hang,331,35,19
kor_Hang,331,36,13
kor_Hang,331,37,61
kor_Hang,331,38,13
kor_Hang,331,39,13
kor_Hang,331,40,13
kor_Hang,331,41,13
kor_Hang,331,42,13
kor_Hang,331,43,13
kor_Hang,331,44,13
kor_Hang,331,45,13
kor_Hang,331,46,13
kor_Hang,331,47,19
kor_Hang,331,48,34
kor_Hang,331,49,13
kor_Hang,331,50,13
kor_Hang,331,51,13
kor_Hang,331,52,19
kor_Hang,331,53,13
kor_Hang,331,54,13
kor_Hang,331,55,13
kor_Hang,331,56,47
kor_Hang,331,57,13
kor_Hang,331,58,19
kor_Hang,331,59,13
kor_Hang,331,60,13
kor_Hang,331,61,13
kor_Hang,331,62,13
kor_Hang,331,63,19
kor_Hang,331,64,13
kor_Hang,331,65,34
kor_Hang,332,0,60
kor_Hang,332,1,13
kor_Hang,332,2,13
kor_Hang,332,3,13
kor_Hang,332,4,13
kor_Hang,332,5,13
kor_Hang,332,6,13
kor_Hang,332,7,13
kor_Hang,332,8,13
kor_Hang,332,9,13
kor_Hang,332,10,26
kor_Hang,332,11,19
kor_Hang,332,12,13
kor_Hang,332,13,13
kor_Hang,332,14,13
kor_Hang,332,15,13
kor_Hang,332,16,39
kor_Hang,332,17,13
kor_Hang,332,18,19
kor_Hang,332,19,13
kor_Hang,332,20,13
kor_Hang,332,21,19
kor_Hang,332,22,13
kor_Hang,332,23,61
kor_Hang,332,24,19
kor_Hang,332,25,13
kor_Hang,332,26,13
kor_Hang,332,27,13
kor_Hang,332,28,13
kor_Hang,332,29,13
kor_Hang,332,30,47
kor_Hang,332,31,19
kor_Hang,332,32,13
kor_Hang,332,33,47
kor_Hang,332,34,47
kor_Hang,332,35,13
kor_Hang,332,36,13
kor_Hang,332,37,13
kor_Hang,332,38,13
kor_Hang,332,39,13
kor_Hang,332,40,61
kor_Hang,332,41,13
kor_Hang,332,42,13
kor_Hang,332,43,13
kor_Hang,332,44,13
kor_Hang,332,45,13
kor_Hang,332,46,13
kor_Hang,332,47,13
kor_Hang,332,48,1
kor_Hang,332,49,34
kor_Hang,332,50,13
kor_Hang,332,51,13
kor_Hang,332,52,13
kor_Hang,332,53,34
eng_Latn,333,0,60
eng_Latn,333,1,26
eng_Latn,333,2,30
eng_Latn,333,3,46
eng_Latn,333,4,15
kor_Hang,334,0,60
kor_Hang,334,1,13
kor_Hang,334,2,13
kor_Hang,334,3,13
kor_Hang,334,4,13
kor_Hang,334,5,13
kor_Hang,334,6,34
kor_Hang,334,7,13
kor_Hang,334,8,13
kor_Hang,334,9,13
kor_Hang,334,10,13
kor_Hang,334,11,13
kor_Hang,334,12,13
kor_Hang,334,13,13
kor_Hang,334,14,13
kor_Hang,334,15,52
kor_Hang,334,16,13
kor_Hang,334,17,13
kor_Hang,334,18,19
kor_Hang,334,19,13
kor_Hang,334,20,9
kor_Hang,334,21,13
kor_Hang,334,22,13
kor_Hang,334,23,13
kor_Hang,334,24,13
kor_Hang,334,25,13
kor_Hang,334,26,13
kor_Hang,334,27,13
kor_Hang,334,28,13
kor_Hang,334,29,13
kor_Hang,334,30,39
kor_Hang,334,31,13
kor_Hang,334,32,47
kor_Hang,334,33,13
kor_Hang,334,34,13
kor_Hang,334,35,19
kor_Hang,334,36,13
kor_Hang,334,37,47
kor_Hang,334,38,13
kor_Hang,334,39,13
kor_Hang,334,40,13
kor_Hang,334,41,13
kor_Hang,334,42,19
kor_Hang,334,43,13
kor_Hang,334,44,13
kor_Hang,334,45,13
kor_Hang,334,46,13
kor_Hang,334,47,13
kor_Hang,334,48,13
kor_Hang,334,49,13
kor_Hang,334,50,13
kor_Hang,334,51,13
kor_Hang,334,52,13
kor_Hang,334,53,52
kor_Hang,335,0,60
kor_Hang,335,1,13
kor_Hang,335,2,13
kor_Hang,335,3,13
kor_Hang,335,4,13
kor_Hang,335,5,19
kor_Hang,335,6,52
kor_Hang,335,7,13
kor_Hang,335,8,13
kor_Hang,335,9,13
kor_Hang,335,10,13
kor_Hang,335,11,13
kor_Hang,335,12,12
kor_Hang,335,13,11
kor_Hang,335,14,13
kor_Hang,335,15,13
kor_Hang,335,16,51
kor_Hang,335,17,13
kor_Hang,335,18,13
kor_Hang,335,19,13
kor_Hang,335,20,13
kor_Hang,335,21,13
kor_Hang,335,22,13
kor_Hang,335,23,13
kor_Hang,335,24,13
kor_Hang,335,25,13
kor_Hang,335,26,13
kor_Hang,335,27,19
kor_Hang,335,28,13
kor_Hang,335,29,47
kor_Hang,335,30,13
kor_Hang,335,31,13
kor_Hang,335,32,51
kor_Hang,335,33,13
kor_Hang,335,34,13
eng_Latn,336,0,60
eng_Latn,336,1,18
eng_Latn,336,2,56
eng_Latn,336,3,29
eng_Latn,336,4,19
eng_Latn,336,5,34
eng_Latn,336,6,51
eng_Latn,336,7,38
eng_Latn,336,8,32
eng_Latn,336,9,29
eng_Latn,336,10,51
eng_Latn,337,0,60
eng_Latn,337,1,9
eng_Latn,337,2,54
eng_Latn,337,3,35
eng_Latn,337,4,52
eng_Latn,337,5,52
eng_Latn,337,6,57
eng_Latn,337,7,49
eng_Latn,337,8,54
eng_Latn,337,9,51
eng_Latn,338,0,60
eng_Latn,338,1,52
eng_Latn,338,2,57
eng_Latn,338,3,37
eng_Latn,338,4,3
eng_Latn,338,5,3
eng_Latn,338,6,19
eng_Latn,338,7,49
kor_Hang,339,0,60
kor_Hang,339,1,13
kor_Hang,339,2,13
kor_Hang,339,3,19
kor_Hang,339,4,19
kor_Hang,339,5,13
kor_Hang,339,6,13
kor_Hang,339,7,13
kor_Hang,339,8,13
kor_Hang,339,9,13
kor_Hang,339,10,19
kor_Hang,339,11,19
kor_Hang,339,12,13
kor_Hang,339,13,13
kor_Hang,339,14,13
kor_Hang,339,15,13
kor_Hang,339,16,13
kor_Hang,339,17,13
kor_Hang,339,18,13
kor_Hang,339,19,13
kor_Hang,339,20,13
kor_Hang,339,21,13
kor_Hang,339,22,9
kor_Hang,339,23,13
kor_Hang,339,24,13
kor_Hang,339,25,19
kor_Hang,339,26,13
kor_Hang,339,27,52
kor_Hang,339,28,13
kor_Hang,339,29,13
kor_Hang,339,30,52
kor_Hang,339,31,52
eng_Latn,340,0,60
eng_Latn,340,1,52
eng_Latn,340,2,1
eng_Latn,340,3,52
eng_Latn,340,4,13
eng_Latn,340,5,52
eng_Latn,340,6,57
eng_Latn,340,7,33
eng_Latn,341,0,60
eng_Latn,341,1,49
eng_Latn,341,2,49
eng_Latn,341,3,39
eng_Latn,342,0,60
eng_Latn,342,1,29
eng_Latn,342,2,40
eng_Latn,342,3,26
eng_Latn,342,4,49
eng_Latn,342,5,14
eng_Latn,342,6,34
eng_Latn,342,7,57
kor_Hang,343,0,60
kor_Hang,343,1,13
kor_Hang,343,2,13
kor_Hang,343,3,47
kor_Hang,343,4,13
kor_Hang,343,5,13
kor_Hang,343,6,13
kor_Hang,343,7,13
kor_Hang,343,8,19
kor_Hang,343,9,13
kor_Hang,343,10,13
kor_Hang,343,11,13
kor_Hang,343,12,13
kor_Hang,343,13,13
kor_Hang,343,14,19
kor_Hang,343,15,13
kor_Hang,343,16,13
kor_Hang,343,17,13
kor_Hang,343,18,13
kor_Hang,343,19,13
kor_Hang,343,20,13
kor_Hang,343,21,47
kor_Hang,343,22,13
kor_Hang,343,23,13
kor_Hang,343,24,13
kor_Hang,343,25,13
kor_Hang,343,26,13
kor_Hang,343,27,19
kor_Hang,343,28,13
kor_Hang,343,29,13
kor_Hang,343,30,13
kor_Hang,343,31,13
kor_Hang,343,32,13
kor_Hang,343,33,13
kor_Hang,343,34,13
kor_Hang,343,35,13
kor_Hang,343,36,13
kor_Hang,343,37,61
kor_Hang,343,38,47
kor_Hang,343,39,13
kor_Hang,343,40,13
kor_Hang,343,41,47
kor_Hang,343,42,13
kor_Hang,343,43,13
kor_Hang,343,44,13
kor_Hang,343,45,13
kor_Hang,343,46,13
kor_Hang,343,47,19
kor_Hang,343,48,13
kor_Hang,343,49,13
kor_Hang,343,50,13
kor_Hang,343,51,19
kor_Hang,343,52,13
kor_Hang,343,53,13
kor_Hang,343,54,13
kor_Hang,343,55,19
kor_Hang,343,56,13
kor_Hang,343,57,19
kor_Hang,343,58,34
kor_Hang,343,59,34
eng_Latn,344,0,60
eng_Latn,344,1,37
eng_Latn,344,2,34
eng_Latn,344,3,42
eng_Latn,344,4,22
eng_Latn,344,5,19
eng_Latn,344,6,63
eng_Latn,344,7,5
eng_Latn,344,8,47
eng_Latn,345,0,60
eng_Latn,345,1,45
eng_Latn,345,2,17
eng_Latn,345,3,56
eng_Latn,345,4,46
eng_Latn,345,5,53
eng_Latn,345,6,38
eng_Latn,345,7,59
eng_Latn,345,8,51
eng_Latn,346,0,60
eng_Latn,346,1,38
eng_Latn,346,2,46
eng_Latn,346,3,33
eng_Latn,346,4,33
eng_Latn,346,5,33
eng_Latn,346,6,33
eng_Latn,346,7,33
eng_Latn,346,8,4
eng_Latn,347,0,60
eng_Latn,347,1,54
eng_Latn,347,2,18
eng_Latn,347,3,18
eng_Latn,347,4,18
eng_Latn,347,5,16
eng_Latn,347,6,16
eng_Latn,347,7,34
eng_Latn,348,0,60
eng_Latn,348,1,39
eng_Latn,348,2,8
eng_Latn,348,3,48
eng_Latn,348,4,16
eng_Latn,348,5,54
eng_Latn,348,6,37
eng_Latn,348,7,37
eng_Latn,348,8,49
eng_Latn,349,0,60
eng_Latn,349,1,12
eng_Latn,349,2,42
eng_Latn,349,3,22
eng_Latn,349,4,27
eng_Latn,349,5,49
eng_Latn,349,6,12
eng_Latn,349,7,22
eng_Latn,349,8,22
eng_Latn,350,0,60
eng_Latn,350,1,1
eng_Latn,350,2,17
eng_Latn,350,3,1
eng_Latn,350,4,52
eng_Latn,350,5,52
eng_Latn,350,6,63
eng_Latn,351,0,60
eng_Latn,351,1,46
eng_Latn,351,2,5
eng_Latn,351,3,62
eng_Latn,351,4,24
eng_Latn,351,5,62
eng_Latn,351,6,15
eng_Latn,351,7,53
eng_Latn,351,8,62
eng_Latn,351,9,46
eng_Latn,352,0,60
eng_Latn,352,1,19
eng_Latn,352,2,46
eng_Latn,352,3,15
eng_Latn,352,4,56
eng_Latn,352,5,48
eng_Latn,352,6,53
eng_Latn,352,7,53
eng_Latn,353,0,60
eng_Latn,353,1,27
eng_Latn,353,2,26
eng_Latn,354,0,60
eng_Latn,354,1,37
eng_Latn,354,2,45
eng_Latn,354,3,45
eng_Latn,354,4,45
eng_Latn,354,5,52
eng_Latn,354,6,18
eng_Latn,354,7,14
eng_Latn,354,8,3
eng_Latn,354,9,63
eng_Latn,355,0,60
eng_Latn,355,1,19
eng_Latn,355,2,40
eng_Latn,355,3,17
eng_Latn,355,4,16
eng_Latn,355,5,31
eng_Latn,355,6,53
eng_Latn,355,7,34
eng_Latn,356,0,60
eng_Latn,356,1,17
eng_Latn,356,2,17
eng_Latn,356,3,5
eng_Latn,356,4,5
eng_Latn,356,5,49
eng_Latn,357,0,60
eng_Latn,357,1,37
eng_Latn,357,2,54
eng_Latn,357,3,26
eng_Latn,357,4,40
eng_Latn,357,5,5
eng_Latn,357,6,61
eng_Latn,357,7,50
eng_Latn,357,8,24
eng_Latn,357,9,61
eng_Latn,357,10,48
eng_Latn,357,11,22
eng_Latn,358,0,60
eng_Latn,358,1,22
eng_Latn,358,2,37
eng_Latn,358,3,52
eng_Latn,358,4,37
eng_Latn,358,5,5
eng_Latn,358,6,22
kor_Hang,359,0,60
kor_Hang,359,1,19
kor_Hang,359,2,13
kor_Hang,359,3,1
kor_Hang,359,4,13
kor_Hang,359,5,13
kor_Hang,359,6,19
kor_Hang,359,7,13
kor_Hang,359,8,13
kor_Hang,359,9,19
kor_Hang,359,10,13
kor_Hang,359,11,13
kor_Hang,359,12,13
kor_Hang,359,13,13
kor_Hang,359,14,19
kor_Hang,359,15,13
kor_Hang,359,16,61
kor_Hang,359,17,13
kor_Hang,359,18,13
kor_Hang,359,19,13
kor_Hang,359,20,13
kor_Hang,359,21,13
kor_Hang,359,22,13
kor_Hang,359,23,13
kor_Hang,359,24,13
kor_Hang,359,25,19
kor_Hang,359,26,13
kor_Hang,359,27,13
kor_Hang,359,28,13
kor_Hang,359,29,13
kor_Hang,359,30,47
kor_Hang,359,31,13
kor_Hang,359,32,13
kor_Hang,359,33,13
kor_Hang,359,34,13
kor_Hang,359,35,13
kor_Hang,359,36,47
kor_Hang,359,37,13
kor_Hang,359,38,13
kor_Hang,359,39,13
kor_Hang,359,40,19
kor_Hang,359,41,13
kor_Hang,359,42,13
kor_Hang,359,43,13
kor_Hang,359,44,52
kor_Hang,359,45,52
kor_Hang,359,46,52
kor_Hang,359,47,52
kor_Hang,359,48,13
kor_Hang,359,49,13
kor_Hang,359,50,13
kor_Hang,359,51,19
kor_Hang,359,52,13
kor_Hang,359,53,13
kor_Hang,359,54,19
kor_Hang,359,55,13
kor_Hang,359,56,13
kor_Hang,359,57,13
kor_Hang,359,58,13
kor_Hang,359,59,13
kor_Hang,359,60,13
kor_Hang,359,61,13
kor_Hang,359,62,13
kor_Hang,359,63,13
kor_Hang,359,64,13
kor_Hang,359,65,13
kor_Hang,359,66,13
kor_Hang,359,67,13
kor_Hang,359,68,13
kor_Hang,359,69,34
kor_Hang,359,70,19
kor_Hang,359,71,13
kor_Hang,359,72,19
kor_Hang,359,73,34
kor_Hang,359,74,34
eng_Latn,360,0,60
eng_Latn,360,1,12
eng_Latn,360,2,58
eng_Latn,360,3,54
eng_Latn,360,4,6
eng_Latn,360,5,6
eng_Latn,360,6,6
eng_Latn,360,7,16
eng_Latn,360,8,25
eng_Latn,360,9,54
eng_Latn,360,10,30
eng_Latn,360,11,54
eng_Latn,360,12,8
kor_Hang,361,0,60
kor_Hang,361,1,13
kor_Hang,361,2,13
kor_Hang,361,3,13
kor_Hang,361,4,39
kor_Hang,361,5,19
kor_Hang,361,6,19
kor_Hang,361,7,19
kor_Hang,361,8,13
kor_Hang,361,9,13
kor_Hang,361,10,47
kor_Hang,361,11,13
kor_Hang,361,12,12
kor_Hang,361,13,13
kor_Hang,361,14,13
kor_Hang,361,15,19
kor_Hang,361,16,13
kor_Hang,361,17,13
kor_Hang,361,18,13
kor_Hang,361,19,47
kor_Hang,361,20,47
kor_Hang,361,21,13
kor_Hang,361,22,47
kor_Hang,361,23,47
kor_Hang,361,24,19
kor_Hang,361,25,13
kor_Hang,361,26,13
kor_Hang,361,27,13
kor_Hang,361,28,13
kor_Hang,361,29,13
kor_Hang,361,30,13
kor_Hang,361,31,13
kor_Hang,361,32,13
kor_Hang,361,33,19
kor_Hang,361,34,13
kor_Hang,361,35,13
kor_Hang,361,36,13
kor_Hang,361,37,13
kor_Hang,361,38,13
kor_Hang,361,39,13
kor_Hang,361,40,13
kor_Hang,361,41,13
kor_Hang,361,42,13
kor_Hang,361,43,13
kor_Hang,361,44,19
kor_Hang,361,45,13
kor_Hang,361,46,13
kor_Hang,361,47,13
kor_Hang,361,48,13
kor_Hang,361,49,13
kor_Hang,361,50,24
kor_Hang,361,51,52
eng_Latn,362,0,60
eng_Latn,362,1,37
eng_Latn,362,2,22
eng_Latn,362,3,52
kor_Hang,363,0,60
kor_Hang,363,1,13
kor_Hang,363,2,13
kor_Hang,363,3,13
kor_Hang,363,4,13
kor_Hang,363,5,19
kor_Hang,363,6,13
kor_Hang,363,7,13
kor_Hang,363,8,13
kor_Hang,363,9,13
kor_Hang,363,10,13
kor_Hang,363,11,13
kor_Hang,363,12,13
kor_Hang,363,13,34
kor_Hang,363,14,13
kor_Hang,363,15,13
kor_Hang,363,16,13
kor_Hang,363,17,13
kor_Hang,363,18,13
kor_Hang,363,19,34
kor_Hang,363,20,13
kor_Hang,363,21,52
kor_Hang,363,22,13
kor_Hang,363,23,52
kor_Hang,363,24,52
kor_Hang,363,25,13
kor_Hang,363,26,13
kor_Hang,363,27,13
kor_Hang,363,28,13
kor_Hang,363,29,13
kor_Hang,363,30,34
eng_Latn,364,0,60
eng_Latn,364,1,9
eng_Latn,364,2,22
eng_Latn,364,3,18
eng_Latn,364,4,53
eng_Latn,364,5,3
eng_Latn,364,6,34
eng_Latn,365,0,60
eng_Latn,365,1,11
eng_Latn,365,2,12
eng_Latn,365,3,47
eng_Latn,365,4,1
eng_Latn,365,5,12
eng_Latn,365,6,26
eng_Latn,366,0,60
eng_Latn,366,1,11
eng_Latn,366,2,13
eng_Latn,366,3,52
eng_Latn,366,4,13
eng_Latn,366,5,58
eng_Latn,367,0,60
eng_Latn,367,1,34
eng_Latn,367,2,42
eng_Latn,367,3,51
eng_Latn,368,0,60
eng_Latn,368,1,29
eng_Latn,368,2,22
eng_Latn,368,3,34
eng_Latn,368,4,34
eng_Latn,368,5,12
eng_Latn,368,6,58
eng_Latn,368,7,24
eng_Latn,368,8,61
eng_Latn,369,0,60
eng_Latn,369,1,22
eng_Latn,369,2,9
eng_Latn,369,3,22
eng_Latn,369,4,63
eng_Latn,369,5,56
eng_Latn,369,6,40
eng_Latn,369,7,61
eng_Latn,369,8,46
eng_Latn,370,0,60
eng_Latn,370,1,56
eng_Latn,370,2,51
eng_Latn,370,3,46
eng_Latn,370,4,51
eng_Latn,370,5,54
eng_Latn,370,6,2
eng_Latn,370,7,49
eng_Latn,370,8,19
eng_Latn,370,9,47
eng_Latn,370,10,21
eng_Latn,371,0,60
eng_Latn,371,1,16
eng_Latn,371,2,53
eng_Latn,371,3,16
eng_Latn,371,4,50
eng_Latn,371,5,53
eng_Latn,371,6,62
eng_Latn,371,7,57
eng_Latn,371,8,21
eng_Latn,371,9,34
eng_Latn,372,0,60
eng_Latn,372,1,17
eng_Latn,372,2,54
eng_Latn,372,3,59
eng_Latn,372,4,15
eng_Latn,372,5,35
eng_Latn,372,6,51
eng_Latn,373,0,60
eng_Latn,373,1,35
eng_Latn,373,2,35
eng_Latn,373,3,48
eng_Latn,373,4,48
eng_Latn,373,5,12
eng_Latn,373,6,37
eng_Latn,373,7,37
eng_Latn,373,8,37
kor_Hang,374,0,60
kor_Hang,374,1,19
kor_Hang,374,2,13
kor_Hang,374,3,19
kor_Hang,374,4,13
kor_Hang,374,5,13
kor_Hang,374,6,19
kor_Hang,374,7,13
kor_Hang,374,8,13
kor_Hang,374,9,13
kor_Hang,374,10,13
kor_Hang,374,11,52
kor_Hang,374,12,52
kor_Hang,374,13,52
kor_Hang,374,14,1
kor_Hang,374,15,52
kor_Hang,374,16,52
kor_Hang,374,17,13
kor_Hang,374,18,13
kor_Hang,374,19,13
kor_Hang,374,20,13
kor_Hang,374,21,47
kor_Hang,374,22,19
kor_Hang,374,23,13
kor_Hang,374,24,13
kor_Hang,374,25,13
kor_Hang,374,26,13
kor_Hang,374,27,47
kor_Hang,374,28,13
kor_Hang,374,29,13
kor_Hang,374,30,19
kor_Hang,374,31,13
kor_Hang,374,32,13
kor_Hang,374,33,13
kor_Hang,374,34,47
kor_Hang,374,35,13
kor_Hang,374,36,19
kor_Hang,374,37,13
kor_Hang,374,38,13
kor_Hang,374,39,13
kor_Hang,374,40,13
kor_Hang,374,41,47
kor_Hang,374,42,47
kor_Hang,374,43,19
kor_Hang,374,44,47
kor_Hang,374,45,13
kor_Hang,374,46,13
kor_Hang,374,47,7
eng_Latn,375,0,60
eng_Latn,375,1,22
eng_Latn,375,2,60
eng_Latn,375,3,47
kor_Hang,376,0,60
kor_Hang,376,1,13
kor_Hang,376,2,13
kor_Hang,376,3,13
kor_Hang,376,4,13
kor_Hang,376,5,13
kor_Hang,376,6,13
kor_Hang,376,7,13
kor_Hang,376,8,13
kor_Hang,376,9,7
kor_Hang,376,10,9
kor_Hang,376,11,13
kor_Hang,376,12,19
kor_Hang,376,13,13
kor_Hang,376,14,19
kor_Hang,376,15,13
kor_Hang,376,16,13
kor_Hang,376,17,26
kor_Hang,376,18,13
kor_Hang,376,19,13
kor_Hang,376,20,13
kor_Hang,376,21,13
kor_Hang,376,22,13
kor_Hang,376,23,13
kor_Hang,376,24,13
kor_Hang,376,25,13
kor_Hang,376,26,19
kor_Hang,376,27,13
kor_Hang,376,28,13
kor_Hang,376,29,13
kor_Hang,376,30,13
kor_Hang,376,31,13
kor_Hang,376,32,13
kor_Hang,376,33,13
kor_Hang,376,34,13
kor_Hang,376,35,19
kor_Hang,376,36,13
kor_Hang,376,37,13
kor_Hang,376,38,13
kor_Hang,376,39,13
kor_Hang,376,40,13
kor_Hang,376,41,13
kor_Hang,376,42,13
kor_Hang,376,43,13
kor_Hang,376,44,34
eng_Latn,377,0,60
eng_Latn,377,1,56
eng_Latn,377,2,34
eng_Latn,377,3,18
eng_Latn,377,4,34
eng_Latn,377,5,54
eng_Latn,377,6,61
eng_Latn,378,0,60
eng_Latn,378,1,19
eng_Latn,378,2,56
eng_Latn,378,3,56
eng_Latn,378,4,16
eng_Latn,378,5,31
eng_Latn,378,6,24
eng_Latn,378,7,34
eng_Latn,379,0,60
eng_Latn,379,1,49
eng_Latn,379,2,40
eng_Latn,379,3,49
eng_Latn,379,4,37
eng_Latn,379,5,37
eng_Latn,379,6,57
eng_Latn,380,0,60
eng_Latn,380,1,63
eng_Latn,380,2,37
eng_Latn,380,3,52
eng_Latn,381,0,60
eng_Latn,381,1,40
eng_Latn,381,2,18
eng_Latn,381,3,18
eng_Latn,381,4,56
eng_Latn,381,5,16
eng_Latn,381,6,59
eng_Latn,381,7,46
eng_Latn,382,0,60
eng_Latn,382,1,48
eng_Latn,382,2,9
eng_Latn,382,3,56
eng_Latn,382,4,54
eng_Latn,382,5,31
eng_Latn,382,6,16
eng_Latn,382,7,20
eng_Latn,382,8,26
eng_Latn,383,0,60
eng_Latn,383,1,22
eng_Latn,383,2,30
eng_Latn,383,3,24
eng_Latn,383,4,30
eng_Latn,383,5,30
eng_Latn,383,6,54
eng_Latn,383,7,48
eng_Latn,383,8,56
eng_Latn,383,9,63
eng_Latn,383,10,30
eng_Latn,383,11,63
eng_Latn,384,0,60
eng_Latn,384,1,22
eng_Latn,384,2,46
eng_Latn,384,3,60
eng_Latn,384,4,57
eng_Latn,384,5,5
eng_Latn,384,6,40
eng_Latn,384,7,18
eng_Latn,384,8,5
eng_Latn,384,9,47
eng_Latn,385,0,60
eng_Latn,385,1,40
eng_Latn,385,2,48
eng_Latn,385,3,24
eng_Latn,385,4,19
eng_Latn,385,5,18
eng_Latn,385,6,14
eng_Latn,385,7,14
eng_Latn,385,8,47
eng_Latn,386,0,60
eng_Latn,386,1,20
eng_Latn,386,2,37
eng_Latn,386,3,40
eng_Latn,386,4,59
eng_Latn,387,0,60
eng_Latn,387,1,19
eng_Latn,387,2,40
eng_Latn,387,3,49
eng_Latn,388,0,60
eng_Latn,388,1,35
eng_Latn,388,2,56
eng_Latn,388,3,56
eng_Latn,389,0,60
eng_Latn,389,1,17
eng_Latn,389,2,54
eng_Latn,389,3,24
eng_Latn,389,4,39
eng_Latn,389,5,46
eng_Latn,389,6,48
eng_Latn,389,7,19
eng_Latn,389,8,16
eng_Latn,389,9,20
eng_Latn,389,10,34
kor_Hang,390,0,60
kor_Hang,390,1,13
kor_Hang,390,2,13
kor_Hang,390,3,13
kor_Hang,390,4,13
kor_Hang,390,5,13
kor_Hang,390,6,13
kor_Hang,390,7,47
kor_Hang,390,8,39
kor_Hang,390,9,24
kor_Hang,390,10,13
kor_Hang,390,11,13
kor_Hang,390,12,13
kor_Hang,390,13,13
kor_Hang,390,14,13
kor_Hang,390,15,19
kor_Hang,390,16,13
kor_Hang,390,17,13
kor_Hang,390,18,13
kor_Hang,390,19,13
kor_Hang,390,20,47
kor_Hang,390,21,19
kor_Hang,390,22,19
kor_Hang,390,23,47
kor_Hang,390,24,19
kor_Hang,390,25,13
kor_Hang,390,26,13
kor_Hang,390,27,13
kor_Hang,390,28,13
kor_Hang,390,29,13
kor_Hang,390,30,13
kor_Hang,390,31,47
kor_Hang,390,32,34
kor_Hang,390,33,13
kor_Hang,390,34,13
kor_Hang,390,35,13
kor_Hang,390,36,34
eng_Latn,391,0,60
eng_Latn,391,1,0
eng_Latn,391,2,29
eng_Latn,391,3,34
eng_Latn,391,4,34
eng_Latn,392,0,60
eng_Latn,392,1,40
eng_Latn,392,2,19
eng_Latn,392,3,7
eng_Latn,392,4,52
eng_Latn,392,5,1
eng_Latn,392,6,52
eng_Latn,392,7,37
eng_Latn,392,8,1
eng_Latn,392,9,9
eng_Latn,392,10,1
eng_Latn,393,0,60
eng_Latn,393,1,5
eng_Latn,393,2,63
eng_Latn,393,3,53
eng_Latn,393,4,36
eng_Latn,393,5,36
eng_Latn,393,6,45
eng_Latn,393,7,36
eng_Latn,393,8,47
eng_Latn,393,9,13
eng_Latn,393,10,19
eng_Latn,393,11,46
eng_Latn,394,0,60
eng_Latn,394,1,47
eng_Latn,394,2,61
eng_Latn,394,3,9
eng_Latn,394,4,7
kor_Hang,395,0,60
kor_Hang,395,1,13
kor_Hang,395,2,13
kor_Hang,395,3,13
kor_Hang,395,4,19
kor_Hang,395,5,13
kor_Hang,395,6,39
kor_Hang,395,7,47
kor_Hang,395,8,19
kor_Hang,395,9,39
kor_Hang,395,10,52
kor_Hang,395,11,52
kor_Hang,395,12,13
kor_Hang,395,13,13
kor_Hang,395,14,13
kor_Hang,395,15,13
kor_Hang,395,16,13
kor_Hang,395,17,13
kor_Hang,395,18,13
kor_Hang,395,19,13
kor_Hang,395,20,19
kor_Hang,395,21,13
kor_Hang,395,22,13
kor_Hang,395,23,47
kor_Hang,395,24,19
kor_Hang,395,25,13
kor_Hang,395,26,52
kor_Hang,395,27,52
kor_Hang,395,28,52
kor_Hang,395,29,13
eng_Latn,396,0,60
eng_Latn,396,1,40
eng_Latn,397,0,60
eng_Latn,397,1,40
eng_Latn,397,2,12
eng_Latn,397,3,22
eng_Latn,397,4,40
eng_Latn,397,5,49
eng_Latn,397,6,2
eng_Latn,397,7,37
eng_Latn,397,8,62
eng_Latn,397,9,37
eng_Latn,397,10,49
eng_Latn,397,11,49
eng_Latn,398,0,60
eng_Latn,398,1,1
eng_Latn,398,2,52
eng_Latn,398,3,1
eng_Latn,398,4,52
eng_Latn,398,5,1
eng_Latn,398,6,52
eng_Latn,398,7,1
eng_Latn,398,8,52
eng_Latn,398,9,11
eng_Latn,398,10,11
eng_Latn,398,11,11
eng_Latn,398,12,47
eng_Latn,399,0,60
eng_Latn,399,1,57
eng_Latn,399,2,15
eng_Latn,399,3,48
eng_Latn,399,4,16
eng_Latn,400,0,60
eng_Latn,400,1,49
eng_Latn,400,2,5
eng_Latn,400,3,26
kor_Hang,401,0,60
kor_Hang,401,1,13
kor_Hang,401,2,13
kor_Hang,401,3,13
kor_Hang,401,4,13
kor_Hang,401,5,13
kor_Hang,401,6,13
kor_Hang,401,7,13
kor_Hang,401,8,13
kor_Hang,401,9,13
kor_Hang,401,10,13
kor_Hang,401,11,13
kor_Hang,401,12,13
kor_Hang,401,13,13
kor_Hang,401,14,13
kor_Hang,401,15,13
kor_Hang,401,16,13
kor_Hang,401,17,13
kor_Hang,401,18,13
kor_Hang,401,19,13
kor_Hang,401,20,13
kor_Hang,401,21,13
kor_Hang,401,22,13
kor_Hang,401,23,13
kor_Hang,401,24,13
kor_Hang,401,25,13
kor_Hang,401,26,47
kor_Hang,401,27,19
kor_Hang,401,28,47
kor_Hang,401,29,19
kor_Hang,401,30,39
kor_Hang,401,31,13
kor_Hang,401,32,47
kor_Hang,401,33,13
kor_Hang,401,34,13
kor_Hang,401,35,13
kor_Hang,401,36,13
kor_Hang,401,37,19
kor_Hang,401,38,19
kor_Hang,401,39,19
kor_Hang,401,40,13
kor_Hang,401,41,13
kor_Hang,401,42,13
kor_Hang,401,43,13
kor_Hang,401,44,47
kor_Hang,401,45,19
kor_Hang,401,46,13
kor_Hang,401,47,13
kor_Hang,401,48,13
kor_Hang,401,49,13
kor_Hang,401,50,13
kor_Hang,401,51,13
kor_Hang,401,52,13
kor_Hang,401,53,13
kor_Hang,401,54,13
kor_Hang,401,55,13
kor_Hang,401,56,34
kor_Hang,402,0,60
kor_Hang,402,1,13
kor_Hang,402,2,13
kor_Hang,402,3,13
kor_Hang,402,4,13
kor_Hang,402,5,13
kor_Hang,402,6,13
kor_Hang,402,7,13
kor_Hang,402,8,13
kor_Hang,402,9,19
kor_Hang,402,10,13
kor_Hang,402,11,13
kor_Hang,402,12,13
kor_Hang,402,13,13
kor_Hang,402,14,13
kor_Hang,402,15,13
kor_Hang,402,16,19
kor_Hang,402,17,13
kor_Hang,402,18,13
kor_Hang,402,19,13
kor_Hang,402,20,47
kor_Hang,402,21,13
kor_Hang,402,22,47
kor_Hang,402,23,13
kor_Hang,402,24,34
kor_Hang,402,25,13
kor_Hang,402,26,13
kor_Hang,402,27,13
kor_Hang,402,28,13
kor_Hang,402,29,13
kor_Hang,402,30,13
kor_Hang,402,31,13
kor_Hang,402,32,13
kor_Hang,402,33,13
kor_Hang,402,34,13
kor_Hang,402,35,13
kor_Hang,402,36,13
kor_Hang,402,37,13
kor_Hang,402,38,13
kor_Hang,402,39,13
kor_Hang,402,40,13
kor_Hang,402,41,19
kor_Hang,402,42,13
kor_Hang,402,43,13
kor_Hang,402,44,19
kor_Hang,402,45,13
kor_Hang,402,46,13
kor_Hang,402,47,13
kor_Hang,402,48,13
kor_Hang,402,49,19
kor_Hang,402,50,13
kor_Hang,402,51,13
kor_Hang,402,52,34
kor_Hang,403,0,60
kor_Hang,403,1,39
kor_Hang,403,2,13
kor_Hang,403,3,13
kor_Hang,403,4,13
kor_Hang,403,5,13
kor_Hang,403,6,19
kor_Hang,403,7,39
kor_Hang,403,8,19
kor_Hang,403,9,13
kor_Hang,403,10,13
kor_Hang,403,11,13
kor_Hang,403,12,13
kor_Hang,403,13,13
kor_Hang,403,14,13
kor_Hang,403,15,13
kor_Hang,403,16,13
kor_Hang,403,17,13
kor_Hang,403,18,13
kor_Hang,403,19,13
kor_Hang,403,20,13
kor_Hang,403,21,13
kor_Hang,403,22,13
kor_Hang,403,23,13
kor_Hang,403,24,13
kor_Hang,403,25,47
kor_Hang,403,26,19
kor_Hang,403,27,13
kor_Hang,403,28,13
kor_Hang,403,29,13
kor_Hang,403,30,13
kor_Hang,403,31,13
kor_Hang,403,32,13
kor_Hang,403,33,13
kor_Hang,403,34,13
kor_Hang,403,35,47
kor_Hang,403,36,47
kor_Hang,403,37,13
kor_Hang,403,38,13
kor_Hang,403,39,13
kor_Hang,403,40,13
kor_Hang,403,41,13
kor_Hang,403,42,13
kor_Hang,403,43,13
kor_Hang,403,44,13
kor_Hang,403,45,39
kor_Hang,403,46,13
kor_Hang,403,47,19
kor_Hang,403,48,13
kor_Hang,403,49,13
kor_Hang,403,50,13
kor_Hang,403,51,27
kor_Hang,403,52,13
kor_Hang,403,53,13
kor_Hang,403,54,13
kor_Hang,403,55,13
kor_Hang,403,56,13
kor_Hang,403,57,13
kor_Hang,403,58,13
kor_Hang,403,59,61
kor_Hang,403,60,19
kor_Hang,403,61,13
kor_Hang,403,62,13
kor_Hang,403,63,19
kor_Hang,403,64,13
kor_Hang,403,65,34
eng_Latn,404,0,60
eng_Latn,404,1,19
eng_Latn,404,2,22
kor_Hang,405,0,60
kor_Hang,405,1,13
kor_Hang,405,2,13
kor_Hang,405,3,13
kor_Hang,405,4,61
kor_Hang,405,5,13
kor_Hang,405,6,13
kor_Hang,405,7,13
kor_Hang,405,8,13
kor_Hang,405,9,13
kor_Hang,405,10,13
kor_Hang,405,11,13
kor_Hang,405,12,13
kor_Hang,405,13,13
kor_Hang,405,14,13
kor_Hang,405,15,13
kor_Hang,405,16,13
kor_Hang,405,17,13
kor_Hang,405,18,13
kor_Hang,405,19,13
kor_Hang,405,20,19
kor_Hang,405,21,13
kor_Hang,405,22,13
kor_Hang,405,23,13
kor_Hang,405,24,13
kor_Hang,405,25,13
kor_Hang,405,26,13
kor_Hang,405,27,13
kor_Hang,405,28,13
kor_Hang,405,29,47
kor_Hang,405,30,19
kor_Hang,405,31,13
kor_Hang,405,32,13
kor_Hang,405,33,13
kor_Hang,405,34,13
kor_Hang,405,35,13
kor_Hang,405,36,13
kor_Hang,405,37,13
kor_Hang,405,38,13
kor_Hang,405,39,13
eng_Latn,406,0,60
eng_Latn,406,1,50
eng_Latn,406,2,16
eng_Latn,406,3,54
eng_Latn,406,4,54
eng_Latn,406,5,53
eng_Latn,406,6,52
eng_Latn,406,7,52
eng_Latn,407,0,60
eng_Latn,407,1,19
eng_Latn,407,2,49
eng_Latn,407,3,19
eng_Latn,407,4,49
eng_Latn,407,5,49
kor_Hang,408,0,60
kor_Hang,408,1,52
kor_Hang,408,2,52
kor_Hang,408,3,13
kor_Hang,408,4,13
kor_Hang,408,5,47
kor_Hang,408,6,13
kor_Hang,408,7,13
kor_Hang,408,8,47
kor_Hang,408,9,19
kor_Hang,408,10,13
kor_Hang,408,11,13
kor_Hang,408,12,13
kor_Hang,408,13,13
kor_Hang,408,14,13
kor_Hang,408,15,13
kor_Hang,408,16,13
kor_Hang,408,17,13
kor_Hang,408,18,13
kor_Hang,408,19,13
kor_Hang,408,20,13
kor_Hang,408,21,13
kor_Hang,408,22,13
kor_Hang,408,23,13
kor_Hang,408,24,13
kor_Hang,408,25,13
kor_Hang,408,26,13
kor_Hang,408,27,47
kor_Hang,408,28,47
kor_Hang,408,29,13
kor_Hang,408,30,13
kor_Hang,408,31,13
kor_Hang,408,32,13
kor_Hang,408,33,13
kor_Hang,408,34,52
kor_Hang,408,35,13
kor_Hang,408,36,13
kor_Hang,408,37,13
kor_Hang,408,38,13
kor_Hang,408,39,13
kor_Hang,408,40,13
kor_Hang,408,41,13
kor_Hang,408,42,13
kor_Hang,408,43,13
kor_Hang,408,44,13
kor_Hang,408,45,13
kor_Hang,408,46,19
kor_Hang,408,47,13
kor_Hang,408,48,13
kor_Hang,408,49,13
kor_Hang,408,50,13
kor_Hang,408,51,34
eng_Latn,409,0,60
eng_Latn,409,1,49
eng_Latn,409,2,40
eng_Latn,409,3,40
eng_Latn,409,4,49
eng_Latn,409,5,5
eng_Latn,409,6,49
eng_Latn,410,0,60
eng_Latn,410,1,34
eng_Latn,410,2,22
eng_Latn,410,3,22
eng_Latn,410,4,47
eng_Latn,410,5,34
eng_Latn,411,0,60
eng_Latn,411,1,9
eng_Latn,411,2,22
eng_Latn,411,3,11
eng_Latn,411,4,61
eng_Latn,411,5,47
eng_Latn,411,6,40
eng_Latn,411,7,5
eng_Latn,411,8,40
eng_Latn,411,9,30
eng_Latn,411,10,49
eng_Latn,412,0,60
eng_Latn,412,1,52
eng_Latn,412,2,2
eng_Latn,412,3,45
eng_Latn,412,4,41
eng_Latn,412,5,9
eng_Latn,412,6,9
eng_Latn,412,7,17
eng_Latn,412,8,16
eng_Latn,412,9,29
eng_Latn,412,10,34
eng_Latn,413,0,60
eng_Latn,413,1,16
eng_Latn,413,2,59
eng_Latn,413,3,19
eng_Latn,413,4,17
eng_Latn,413,5,53
eng_Latn,413,6,46
eng_Latn,414,0,60
eng_Latn,414,1,22
eng_Latn,414,2,22
eng_Latn,414,3,34
eng_Latn,414,4,34
eng_Latn,415,0,60
eng_Latn,415,1,38
eng_Latn,415,2,46
eng_Latn,415,3,9
eng_Latn,415,4,14
eng_Latn,415,5,35
eng_Latn,415,6,46
eng_Latn,415,7,43
eng_Latn,415,8,15
eng_Latn,416,0,60
eng_Latn,416,1,50
eng_Latn,416,2,51
eng_Latn,416,3,19
eng_Latn,416,4,19
eng_Latn,416,5,51
eng_Latn,416,6,5
eng_Latn,416,7,19
eng_Latn,416,8,0
eng_Latn,416,9,0
eng_Latn,416,10,8
eng_Latn,416,11,57
kor_Hang,417,0,60
kor_Hang,417,1,19
kor_Hang,417,2,13
kor_Hang,417,3,13
kor_Hang,417,4,19
kor_Hang,417,5,13
kor_Hang,417,6,13
kor_Hang,417,7,13
kor_Hang,417,8,9
kor_Hang,417,9,13
kor_Hang,417,10,13
kor_Hang,417,11,13
kor_Hang,417,12,13
kor_Hang,417,13,13
kor_Hang,417,14,13
kor_Hang,417,15,13
kor_Hang,417,16,13
kor_Hang,417,17,26
kor_Hang,417,18,47
kor_Hang,417,19,13
kor_Hang,417,20,13
kor_Hang,417,21,13
kor_Hang,417,22,13
kor_Hang,417,23,19
kor_Hang,417,24,13
kor_Hang,417,25,13
kor_Hang,417,26,19
kor_Hang,417,27,13
kor_Hang,417,28,47
kor_Hang,417,29,19
kor_Hang,417,30,13
kor_Hang,417,31,13
kor_Hang,417,32,13
kor_Hang,417,33,13
kor_Hang,417,34,19
kor_Hang,417,35,13
kor_Hang,417,36,13
kor_Hang,417,37,19
kor_Hang,417,38,13
kor_Hang,417,39,13
kor_Hang,417,40,13
kor_Hang,417,41,13
kor_Hang,417,42,13
kor_Hang,417,43,13
kor_Hang,417,44,13
kor_Hang,417,45,13
kor_Hang,417,46,13
kor_Hang,417,47,13
kor_Hang,417,48,13
kor_Hang,417,49,13
kor_Hang,417,50,13
kor_Hang,417,51,13
kor_Hang,417,52,47
kor_Hang,417,53,13
kor_Hang,417,54,19
kor_Hang,417,55,13
kor_Hang,417,56,47
kor_Hang,417,57,13
kor_Hang,417,58,13
kor_Hang,417,59,13
kor_Hang,417,60,13
kor_Hang,417,61,13
eng_Latn,418,0,60
eng_Latn,418,1,24
eng_Latn,418,2,52
eng_Latn,418,3,24
eng_Latn,418,4,52
eng_Latn,419,0,60
eng_Latn,419,1,39
eng_Latn,419,2,52
eng_Latn,419,3,52
eng_Latn,419,4,13
eng_Latn,419,5,52
eng_Latn,419,6,13
eng_Latn,420,0,60
eng_Latn,420,1,57
eng_Latn,420,2,54
eng_Latn,420,3,5
eng_Latn,420,4,35
eng_Latn,420,5,38
eng_Latn,420,6,19
eng_Latn,420,7,46
eng_Latn,420,8,50
eng_Latn,420,9,21
eng_Latn,421,0,60
eng_Latn,421,1,52
eng_Latn,421,2,48
eng_Latn,421,3,56
eng_Latn,421,4,14
eng_Latn,421,5,55
eng_Latn,421,6,19
eng_Latn,421,7,19
eng_Latn,421,8,63
eng_Latn,422,0,60
eng_Latn,422,1,9
eng_Latn,422,2,38
eng_Latn,422,3,57
eng_Latn,422,4,56
eng_Latn,422,5,63
eng_Latn,422,6,14
eng_Latn,422,7,14
eng_Latn,422,8,47
eng_Latn,423,0,60
eng_Latn,423,1,40
eng_Latn,423,2,5
eng_Latn,423,3,49
eng_Latn,423,4,5
eng_Latn,423,5,3
eng_Latn,423,6,57
eng_Latn,423,7,53
eng_Latn,423,8,37
eng_Latn,423,9,63
eng_Latn,424,0,60
eng_Latn,424,1,13
eng_Latn,424,2,13
eng_Latn,424,3,48
eng_Latn,424,4,56
eng_Latn,424,5,59
eng_Latn,424,6,15
eng_Latn,425,0,60
eng_Latn,425,1,12
eng_Latn,425,2,42
eng_Latn,425,3,19
eng_Latn,425,4,22
eng_Latn,425,5,26
eng_Latn,425,6,26
eng_Latn,425,7,49
eng_Latn,425,8,9
eng_Latn,425,9,39
eng_Latn,425,10,22
eng_Latn,426,0,60
eng_Latn,426,1,22
eng_Latn,426,2,19
eng_Latn,426,3,22
eng_Latn,426,4,56
eng_Latn,426,5,35
eng_Latn,426,6,15
eng_Latn,426,7,15
eng_Latn,426,8,46
eng_Latn,426,9,20
eng_Latn,426,10,22
eng_Latn,426,11,59
eng_Latn,426,12,7
eng_Latn,426,13,34
kor_Hang,427,0,60
kor_Hang,427,1,13
kor_Hang,427,2,13
kor_Hang,427,3,13
kor_Hang,427,4,13
kor_Hang,427,5,47
kor_Hang,427,6,19
kor_Hang,427,7,13
kor_Hang,427,8,13
kor_Hang,427,9,13
kor_Hang,427,10,13
kor_Hang,427,11,13
kor_Hang,427,12,47
kor_Hang,427,13,13
kor_Hang,427,14,34
kor_Hang,427,15,13
kor_Hang,427,16,34
kor_Hang,427,17,13
kor_Hang,427,18,52
kor_Hang,427,19,13
kor_Hang,427,20,13
kor_Hang,427,21,13
kor_Hang,427,22,13
kor_Hang,427,23,13
kor_Hang,427,24,13
kor_Hang,427,25,13
kor_Hang,427,26,34
kor_Hang,428,0,60
kor_Hang,428,1,13
kor_Hang,428,2,13
kor_Hang,428,3,13
kor_Hang,428,4,13
kor_Hang,428,5,13
kor_Hang,428,6,58
kor_Hang,428,7,13
kor_Hang,428,8,13
kor_Hang,428,9,13
kor_Hang,428,10,34
kor_Hang,428,11,13
kor_Hang,428,12,13
kor_Hang,428,13,13
kor_Hang,428,14,13
kor_Hang,428,15,19
kor_Hang,428,16,13
kor_Hang,428,17,13
kor_Hang,428,18,61
kor_Hang,428,19,13
kor_Hang,428,20,13
kor_Hang,428,21,19
kor_Hang,428,22,34
kor_Hang,428,23,13
kor_Hang,428,24,13
kor_Hang,428,25,13
kor_Hang,428,26,13
kor_Hang,428,27,13
kor_Hang,428,28,13
kor_Hang,428,29,13
kor_Hang,428,30,13
kor_Hang,428,31,13
kor_Hang,428,32,13
kor_Hang,428,33,13
kor_Hang,428,34,13
kor_Hang,428,35,13
kor_Hang,428,36,13
kor_Hang,428,37,13
kor_Hang,428,38,13
kor_Hang,428,39,13
kor_Hang,428,40,13
kor_Hang,428,41,13
kor_Hang,428,42,13
kor_Hang,428,43,13
kor_Hang,428,44,13
kor_Hang,428,45,13
kor_Hang,428,46,13
kor_Hang,428,47,13
kor_Hang,428,48,19
kor_Hang,428,49,34
kor_Hang,428,50,13
kor_Hang,428,51,13
kor_Hang,428,52,13
kor_Hang,428,53,13
kor_Hang,428,54,34
kor_Hang,428,55,34
kor_Hang,428,56,34
kor_Hang,428,57,34
eng_Latn,429,0,60
eng_Latn,429,1,52
eng_Latn,429,2,24
eng_Latn,429,3,7
eng_Latn,430,0,60
eng_Latn,430,1,19
eng_Latn,430,2,61
eng_Latn,430,3,39
eng_Latn,430,4,13
eng_Latn,430,5,9
eng_Latn,430,6,11
eng_Latn,430,7,9
eng_Latn,430,8,11
eng_Latn,430,9,11
eng_Latn,430,10,9
eng_Latn,430,11,9
eng_Latn,430,12,57
eng_Latn,430,13,40
eng_Latn,430,14,34
eng_Latn,431,0,60
eng_Latn,431,1,18
eng_Latn,431,2,56
eng_Latn,431,3,56
eng_Latn,431,4,35
eng_Latn,431,5,51
eng_Latn,432,0,60
eng_Latn,432,1,42
eng_Latn,432,2,29
eng_Latn,432,3,51
eng_Latn,432,4,46
eng_Latn,433,0,60
eng_Latn,433,1,39
eng_Latn,433,2,47
eng_Latn,433,3,34
eng_Latn,434,0,60
eng_Latn,434,1,15
eng_Latn,434,2,56
eng_Latn,434,3,63
eng_Latn,434,4,37
eng_Latn,435,0,60
eng_Latn,435,1,51
eng_Latn,435,2,34
eng_Latn,435,3,54
eng_Latn,435,4,9
eng_Latn,435,5,17
eng_Latn,435,6,20
eng_Latn,435,7,62
eng_Latn,435,8,34
kor_Hang,436,0,60
kor_Hang,436,1,19
kor_Hang,436,2,13
kor_Hang,436,3,13
kor_Hang,436,4,13
kor_Hang,436,5,13
kor_Hang,436,6,13
kor_Hang,436,7,47
kor_Hang,436,8,13
kor_Hang,436,9,13
kor_Hang,436,10,13
kor_Hang,436,11,13
kor_Hang,436,12,13
kor_Hang,436,13,13
kor_Hang,436,14,13
kor_Hang,436,15,13
kor_Hang,436,16,13
kor_Hang,436,17,13
kor_Hang,436,18,13
kor_Hang,436,19,13
kor_Hang,436,20,19
kor_Hang,436,21,13
kor_Hang,436,22,19
kor_Hang,436,23,13
kor_Hang,436,24,47
kor_Hang,436,25,13
kor_Hang,436,26,13
kor_Hang,436,27,13
kor_Hang,436,28,13
kor_Hang,436,29,13
kor_Hang,436,30,13
kor_Hang,436,31,47
kor_Hang,436,32,13
kor_Hang,436,33,13
kor_Hang,436,34,13
kor_Hang,436,35,13
kor_Hang,436,36,13
kor_Hang,436,37,19
kor_Hang,436,38,13
kor_Hang,436,39,13
kor_Hang,436,40,13
kor_Hang,436,41,19
kor_Hang,436,42,13
kor_Hang,436,43,13
kor_Hang,436,44,13
kor_Hang,436,45,13
kor_Hang,436,46,13
kor_Hang,437,0,60
kor_Hang,437,1,52
kor_Hang,437,2,13
kor_Hang,437,3,52
kor_Hang,437,4,12
kor_Hang,437,5,13
kor_Hang,437,6,13
kor_Hang,437,7,13
kor_Hang,437,8,13
kor_Hang,437,9,51
kor_Hang,437,10,13
kor_Hang,437,11,13
kor_Hang,437,12,39
kor_Hang,437,13,13
eng_Latn,438,0,60
eng_Latn,438,1,12
eng_Latn,438,2,42
eng_Latn,438,3,19
eng_Latn,438,4,22
eng_Latn,438,5,49
eng_Latn,438,6,9
eng_Latn,438,7,19
eng_Latn,438,8,8
eng_Latn,439,0,60
eng_Latn,439,1,6
eng_Latn,439,2,8
eng_Latn,439,3,8
eng_Latn,439,4,20
eng_Latn,439,5,16
eng_Latn,439,6,54
eng_Latn,439,7,51
eng_Latn,440,0,60
eng_Latn,440,1,23
eng_Latn,440,2,22
eng_Latn,440,3,63
eng_Latn,440,4,22
eng_Latn,440,5,17
eng_Latn,440,6,47
eng_Latn,440,7,34
eng_Latn,440,8,34
kor_Hang,441,0,60
kor_Hang,441,1,19
kor_Hang,441,2,13
kor_Hang,441,3,13
kor_Hang,441,4,13
kor_Hang,441,5,13
kor_Hang,441,6,13
kor_Hang,441,7,47
kor_Hang,441,8,13
kor_Hang,441,9,13
kor_Hang,441,10,19
kor_Hang,441,11,13
kor_Hang,441,12,19
kor_Hang,441,13,13
kor_Hang,441,14,13
kor_Hang,441,15,13
kor_Hang,441,16,13
kor_Hang,441,17,13
kor_Hang,441,18,19
kor_Hang,441,19,34
kor_Hang,441,20,13
kor_Hang,441,21,13
kor_Hang,441,22,13
kor_Hang,441,23,13
kor_Hang,441,24,13
kor_Hang,441,25,34
eng_Latn,442,0,60
eng_Latn,442,1,19
eng_Latn,442,2,47
eng_Latn,442,3,22
eng_Latn,442,4,22
eng_Latn,442,5,9
eng_Latn,442,6,22
eng_Latn,442,7,24
eng_Latn,442,8,19
eng_Latn,442,9,40
eng_Latn,442,10,24
eng_Latn,442,11,46
eng_Latn,442,12,46
eng_Latn,442,13,59
eng_Latn,442,14,15
eng_Latn,442,15,9
eng_Latn,442,16,9
eng_Latn,443,0,60
eng_Latn,443,1,12
eng_Latn,443,2,22
eng_Latn,443,3,22
eng_Latn,443,4,35
eng_Latn,443,5,51
eng_Latn,444,0,60
eng_Latn,444,1,54
eng_Latn,444,2,50
eng_Latn,444,3,16
eng_Latn,444,4,20
eng_Latn,444,5,38
eng_Latn,444,6,47
eng_Latn,445,0,60
eng_Latn,445,1,54
eng_Latn,445,2,22
eng_Latn,445,3,22
eng_Latn,445,4,34
eng_Latn,445,5,53
eng_Latn,445,6,52
eng_Latn,445,7,63
eng_Latn,446,0,60
eng_Latn,446,1,29
eng_Latn,446,2,38
eng_Latn,446,3,34
eng_Latn,446,4,54
eng_Latn,446,5,18
eng_Latn,446,6,53
eng_Latn,446,7,34
eng_Latn,446,8,34
kor_Hang,447,0,60
kor_Hang,447,1,13
kor_Hang,447,2,13
kor_Hang,447,3,13
kor_Hang,447,4,13
kor_Hang,447,5,13
kor_Hang,447,6,47
kor_Hang,447,7,13
kor_Hang,447,8,13
kor_Hang,447,9,13
kor_Hang,447,10,13
kor_Hang,447,11,13
kor_Hang,447,12,13
kor_Hang,447,13,19
kor_Hang,447,14,13
kor_Hang,447,15,13
kor_Hang,447,16,61
kor_Hang,447,17,13
kor_Hang,447,18,19
kor_Hang,447,19,13
kor_Hang,447,20,13
kor_Hang,447,21,47
kor_Hang,447,22,19
kor_Hang,447,23,13
kor_Hang,447,24,39
kor_Hang,447,25,19
kor_Hang,447,26,39
kor_Hang,447,27,13
kor_Hang,447,28,13
kor_Hang,447,29,13
kor_Hang,447,30,13
kor_Hang,447,31,13
kor_Hang,447,32,13
kor_Hang,447,33,47
kor_Hang,447,34,26
kor_Hang,447,35,13
kor_Hang,447,36,13
kor_Hang,447,37,13
kor_Hang,447,38,13
kor_Hang,447,39,13
kor_Hang,447,40,13
kor_Hang,447,41,47
kor_Hang,447,42,19
kor_Hang,447,43,13
kor_Hang,447,44,13
kor_Hang,447,45,19
kor_Hang,447,46,13
kor_Hang,447,47,13
kor_Hang,447,48,13
kor_Hang,447,49,13
kor_Hang,447,50,13
kor_Hang,447,51,13
kor_Hang,447,52,13
kor_Hang,447,53,13
kor_Hang,447,54,13
kor_Hang,447,55,13
kor_Hang,447,56,19
kor_Hang,447,57,13
kor_Hang,447,58,13
kor_Hang,447,59,13
kor_Hang,447,60,13
kor_Hang,447,61,13
kor_Hang,447,62,47
kor_Hang,447,63,13
kor_Hang,447,64,13
kor_Hang,447,65,13
kor_Hang,447,66,13
kor_Hang,447,67,47
kor_Hang,447,68,19
kor_Hang,447,69,34
kor_Hang,447,70,13
kor_Hang,447,71,13
kor_Hang,447,72,13
kor_Hang,447,73,13
kor_Hang,447,74,13
kor_Hang,447,75,47
kor_Hang,447,76,13
kor_Hang,447,77,13
kor_Hang,447,78,34
eng_Latn,448,0,60
eng_Latn,448,1,34
eng_Latn,448,2,34
eng_Latn,449,0,60
eng_Latn,449,1,29
eng_Latn,449,2,38
eng_Latn,449,3,38
eng_Latn,449,4,34
eng_Latn,449,5,20
eng_Latn,449,6,8
eng_Latn,449,7,34
eng_Latn,450,0,60
eng_Latn,450,1,4
eng_Latn,450,2,56
eng_Latn,450,3,29
eng_Latn,450,4,51
eng_Latn,451,0,60
eng_Latn,451,1,8
eng_Latn,451,2,37
eng_Latn,451,3,37
eng_Latn,451,4,37
eng_Latn,452,0,60
eng_Latn,452,1,9
eng_Latn,452,2,38
eng_Latn,452,3,57
eng_Latn,452,4,56
eng_Latn,452,5,56
eng_Latn,452,6,53
eng_Latn,452,7,37
eng_Latn,452,8,51
eng_Latn,452,9,51
eng_Latn,452,10,18
eng_Latn,452,11,16
eng_Latn,453,0,60
eng_Latn,453,1,19
eng_Latn,453,2,18
eng_Latn,453,3,39
eng_Latn,454,0,60
eng_Latn,454,1,22
eng_Latn,454,2,45
eng_Latn,454,3,50
eng_Latn,454,4,18
eng_Latn,454,5,16
eng_Latn,454,6,11
eng_Latn,454,7,54
eng_Latn,455,0,60
eng_Latn,455,1,19
eng_Latn,455,2,22
eng_Latn,455,3,28
eng_Latn,455,4,16
eng_Latn,455,5,28
eng_Latn,455,6,28
eng_Latn,455,7,16
eng_Latn,456,0,60
eng_Latn,456,1,19
eng_Latn,456,2,49
eng_Latn,456,3,18
eng_Latn,456,4,56
eng_Latn,456,5,35
eng_Latn,456,6,56
eng_Latn,456,7,35
eng_Latn,456,8,35
eng_Latn,456,9,35
eng_Latn,456,10,63
eng_Latn,457,0,60
eng_Latn,457,1,18
eng_Latn,457,2,51
eng_Latn,457,3,11
eng_Latn,457,4,25
eng_Latn,457,5,53
eng_Latn,457,6,21
eng_Latn,457,7,61
eng_Latn,457,8,16
eng_Latn,457,9,34
eng_Latn,458,0,60
eng_Latn,458,1,15
eng_Latn,458,2,14
eng_Latn,458,3,52
eng_Latn,458,4,31
eng_Latn,458,5,24
eng_Latn,458,6,52
eng_Latn,459,0,60
eng_Latn,459,1,9
eng_Latn,459,2,58
eng_Latn,459,3,52
eng_Latn,459,4,9
eng_Latn,459,5,19
eng_Latn,459,6,39
eng_Latn,459,7,5
eng_Latn,459,8,1
eng_Latn,460,0,60
eng_Latn,460,1,37
eng_Latn,460,2,52
eng_Latn,460,3,57
eng_Latn,460,4,59
eng_Latn,460,5,50
eng_Latn,460,6,56
eng_Latn,460,7,35
eng_Latn,460,8,35
eng_Latn,460,9,8
eng_Latn,460,10,8
eng_Latn,460,11,48
kor_Hang,461,0,60
kor_Hang,461,1,13
kor_Hang,461,2,19
kor_Hang,461,3,13
kor_Hang,461,4,13
kor_Hang,461,5,39
kor_Hang,461,6,13
kor_Hang,461,7,47
kor_Hang,461,8,13
kor_Hang,461,9,13
kor_Hang,461,10,13
kor_Hang,461,11,13
kor_Hang,461,12,13
kor_Hang,461,13,13
kor_Hang,461,14,13
kor_Hang,461,15,13
kor_Hang,461,16,13
kor_Hang,461,17,13
kor_Hang,461,18,19
kor_Hang,461,19,13
kor_Hang,461,20,13
kor_Hang,461,21,13
kor_Hang,461,22,47
kor_Hang,461,23,13
kor_Hang,461,24,13
kor_Hang,461,25,13
kor_Hang,461,26,47
kor_Hang,461,27,13
kor_Hang,461,28,13
kor_Hang,461,29,13
kor_Hang,461,30,13
kor_Hang,461,31,19
kor_Hang,461,32,13
kor_Hang,461,33,13
kor_Hang,461,34,13
kor_Hang,461,35,13
kor_Hang,461,36,47
kor_Hang,461,37,19
kor_Hang,461,38,13
kor_Hang,461,39,13
kor_Hang,461,40,47
kor_Hang,461,41,13
kor_Hang,461,42,13
kor_Hang,461,43,13
kor_Hang,461,44,47
kor_Hang,461,45,13
kor_Hang,461,46,13
kor_Hang,461,47,13
kor_Hang,461,48,13
kor_Hang,461,49,13
kor_Hang,461,50,19
kor_Hang,461,51,13
kor_Hang,461,52,13
kor_Hang,461,53,13
kor_Hang,461,54,13
kor_Hang,461,55,13
kor_Hang,461,56,13
kor_Hang,461,57,13
kor_Hang,461,58,13
kor_Hang,461,59,13
kor_Hang,461,60,13
kor_Hang,461,61,13
kor_Hang,461,62,19
kor_Hang,461,63,13
kor_Hang,461,64,13
kor_Hang,461,65,13
kor_Hang,461,66,13
kor_Hang,461,67,13
kor_Hang,461,68,13
kor_Hang,461,69,13
kor_Hang,461,70,47
kor_Hang,461,71,13
kor_Hang,461,72,13
kor_Hang,461,73,13
kor_Hang,461,74,13
kor_Hang,461,75,13
kor_Hang,461,76,13
kor_Hang,461,77,13
kor_Hang,461,78,19
kor_Hang,461,79,34
kor_Hang,461,80,13
kor_Hang,461,81,34
eng_Latn,462,0,60
eng_Latn,462,1,49
eng_Latn,462,2,5
eng_Latn,462,3,19
eng_Latn,462,4,30
eng_Latn,462,5,49
eng_Latn,462,6,30
eng_Latn,462,7,49
kor_Hang,463,0,60
kor_Hang,463,1,13
kor_Hang,463,2,13
kor_Hang,463,3,13
kor_Hang,463,4,13
kor_Hang,463,5,13
kor_Hang,463,6,13
kor_Hang,463,7,13
kor_Hang,463,8,47
kor_Hang,463,9,13
kor_Hang,463,10,19
kor_Hang,463,11,13
kor_Hang,463,12,13
kor_Hang,463,13,47
kor_Hang,463,14,13
kor_Hang,463,15,24
kor_Hang,463,16,13
kor_Hang,463,17,47
kor_Hang,463,18,13
kor_Hang,463,19,47
kor_Hang,463,20,27
kor_Hang,463,21,39
kor_Hang,463,22,27
kor_Hang,463,23,13
kor_Hang,463,24,13
kor_Hang,463,25,13
kor_Hang,463,26,13
kor_Hang,463,27,19
kor_Hang,463,28,13
kor_Hang,463,29,9
kor_Hang,463,30,13
kor_Hang,463,31,13
kor_Hang,463,32,13
kor_Hang,463,33,13
kor_Hang,463,34,13
kor_Hang,463,35,13
kor_Hang,463,36,13
kor_Hang,463,37,52
kor_Hang,463,38,13
kor_Hang,463,39,13
kor_Hang,463,40,13
kor_Hang,463,41,13
kor_Hang,463,42,52
kor_Hang,463,43,52
kor_Hang,463,44,52
kor_Hang,463,45,13
kor_Hang,463,46,52
kor_Hang,463,47,52
kor_Hang,463,48,13
kor_Hang,463,49,13
kor_Hang,463,50,13
kor_Hang,463,51,13
kor_Hang,463,52,13
kor_Hang,463,53,13
kor_Hang,463,54,13
kor_Hang,463,55,13
kor_Hang,463,56,13
kor_Hang,463,57,13
kor_Hang,463,58,13
kor_Hang,463,59,13
kor_Hang,463,60,24
kor_Hang,463,61,13
kor_Hang,463,62,13
kor_Hang,463,63,13
kor_Hang,463,64,19
kor_Hang,463,65,13
kor_Hang,463,66,13
kor_Hang,463,67,13
kor_Hang,463,68,19
kor_Hang,463,69,13
kor_Hang,463,70,13
kor_Hang,463,71,13
kor_Hang,463,72,13
kor_Hang,463,73,13
eng_Latn,464,0,60
eng_Latn,464,1,54
eng_Latn,464,2,9
eng_Latn,464,3,9
eng_Latn,464,4,54
eng_Latn,464,5,56
eng_Latn,464,6,8
eng_Latn,464,7,16
kor_Hang,465,0,60
kor_Hang,465,1,13
kor_Hang,465,2,13
kor_Hang,465,3,13
kor_Hang,465,4,52
kor_Hang,465,5,52
kor_Hang,465,6,52
kor_Hang,465,7,13
kor_Hang,465,8,13
kor_Hang,465,9,13
kor_Hang,465,10,13
kor_Hang,465,11,13
kor_Hang,465,12,13
kor_Hang,465,13,13
kor_Hang,465,14,13
kor_Hang,465,15,19
kor_Hang,465,16,13
kor_Hang,465,17,13
kor_Hang,465,18,19
kor_Hang,465,19,13
kor_Hang,465,20,13
kor_Hang,465,21,13
kor_Hang,465,22,13
kor_Hang,465,23,52
kor_Hang,465,24,13
kor_Hang,465,25,13
kor_Hang,465,26,52
kor_Hang,465,27,52
kor_Hang,465,28,13
kor_Hang,465,29,13
kor_Hang,465,30,13
kor_Hang,465,31,13
kor_Hang,465,32,19
kor_Hang,465,33,13
kor_Hang,465,34,13
kor_Hang,465,35,47
kor_Hang,465,36,13
kor_Hang,465,37,19
kor_Hang,465,38,13
kor_Hang,465,39,13
kor_Hang,465,40,13
kor_Hang,465,41,13
kor_Hang,465,42,13
kor_Hang,465,43,13
kor_Hang,465,44,47
kor_Hang,465,45,13
kor_Hang,465,46,13
kor_Hang,465,47,13
kor_Hang,465,48,19
kor_Hang,465,49,13
kor_Hang,465,50,13
kor_Hang,465,51,19
kor_Hang,465,52,13
kor_Hang,465,53,1
kor_Hang,465,54,13
kor_Hang,465,55,13
kor_Hang,465,56,13
kor_Hang,465,57,13
kor_Hang,465,58,13
kor_Hang,465,59,13
kor_Hang,465,60,34
kor_Hang,465,61,13
kor_Hang,465,62,34
eng_Latn,466,0,60
eng_Latn,466,1,51
eng_Latn,466,2,29
eng_Latn,466,3,41
eng_Latn,466,4,29
eng_Latn,466,5,29
eng_Latn,466,6,8
eng_Latn,466,7,57
kor_Hang,467,0,60
kor_Hang,467,1,13
kor_Hang,467,2,13
kor_Hang,467,3,13
kor_Hang,467,4,52
kor_Hang,467,5,52
kor_Hang,467,6,52
kor_Hang,467,7,13
kor_Hang,467,8,13
kor_Hang,467,9,19
kor_Hang,467,10,13
kor_Hang,467,11,19
kor_Hang,467,12,13
kor_Hang,467,13,13
kor_Hang,467,14,13
kor_Hang,467,15,13
kor_Hang,467,16,13
kor_Hang,467,17,13
kor_Hang,467,18,13
kor_Hang,467,19,47
kor_Hang,467,20,47
kor_Hang,467,21,13
kor_Hang,467,22,13
kor_Hang,467,23,13
kor_Hang,467,24,13
kor_Hang,467,25,13
kor_Hang,467,26,13
kor_Hang,467,27,13
kor_Hang,467,28,13
kor_Hang,467,29,13
kor_Hang,467,30,13
kor_Hang,467,31,13
kor_Hang,467,32,13
kor_Hang,467,33,13
kor_Hang,467,34,13
kor_Hang,467,35,13
kor_Hang,467,36,13
kor_Hang,467,37,13
kor_Hang,467,38,13
kor_Hang,467,39,13
kor_Hang,467,40,13
kor_Hang,467,41,13
kor_Hang,467,42,13
kor_Hang,467,43,13
kor_Hang,467,44,13
kor_Hang,467,45,13
kor_Hang,467,46,13
kor_Hang,467,47,13
kor_Hang,467,48,13
kor_Hang,467,49,13
kor_Hang,467,50,13
kor_Hang,467,51,47
kor_Hang,467,52,13
kor_Hang,467,53,13
kor_Hang,467,54,13
kor_Hang,467,55,13
kor_Hang,467,56,13
kor_Hang,467,57,13
kor_Hang,467,58,13
kor_Hang,467,59,13
kor_Hang,467,60,52
kor_Hang,467,61,52
kor_Hang,467,62,19
kor_Hang,467,63,13
kor_Hang,467,64,13
kor_Hang,467,65,13
kor_Hang,467,66,47
kor_Hang,467,67,47
kor_Hang,467,68,34
kor_Hang,467,69,13
kor_Hang,467,70,13
kor_Hang,467,71,13
kor_Hang,467,72,34
eng_Latn,468,0,60
eng_Latn,468,1,46
eng_Latn,468,2,57
eng_Latn,468,3,34
eng_Latn,469,0,60
eng_Latn,469,1,58
eng_Latn,469,2,58
eng_Latn,469,3,12
eng_Latn,469,4,61
eng_Latn,470,0,60
eng_Latn,470,1,45
eng_Latn,470,2,52
eng_Latn,471,0,60
eng_Latn,471,1,9
eng_Latn,471,2,27
eng_Latn,471,3,8
eng_Latn,471,4,8
eng_Latn,471,5,33
eng_Latn,471,6,56
eng_Latn,471,7,56
eng_Latn,471,8,8
eng_Latn,472,0,60
eng_Latn,472,1,9
eng_Latn,472,2,56
eng_Latn,472,3,18
eng_Latn,472,4,19
eng_Latn,472,5,16
eng_Latn,472,6,37
eng_Latn,472,7,57
eng_Latn,472,8,51
eng_Latn,472,9,54
eng_Latn,472,10,20
eng_Latn,472,11,23
eng_Latn,472,12,49
eng_Latn,473,0,60
eng_Latn,473,1,22
eng_Latn,473,2,9
eng_Latn,473,3,9
eng_Latn,473,4,40
eng_Latn,473,5,40
eng_Latn,473,6,46
eng_Latn,473,7,49
eng_Latn,473,8,9
eng_Latn,473,9,9
eng_Latn,473,10,42
eng_Latn,473,11,9
eng_Latn,473,12,29
eng_Latn,473,13,51
kor_Hang,474,0,60
kor_Hang,474,1,13
kor_Hang,474,2,13
kor_Hang,474,3,13
kor_Hang,474,4,13
kor_Hang,474,5,13
kor_Hang,474,6,13
kor_Hang,474,7,13
kor_Hang,474,8,19
kor_Hang,474,9,13
kor_Hang,474,10,13
kor_Hang,474,11,13
kor_Hang,474,12,13
kor_Hang,474,13,13
kor_Hang,474,14,9
kor_Hang,474,15,9
kor_Hang,474,16,13
kor_Hang,474,17,13
kor_Hang,474,18,13
kor_Hang,474,19,13
kor_Hang,474,20,47
kor_Hang,474,21,13
kor_Hang,474,22,13
kor_Hang,474,23,13
kor_Hang,474,24,13
kor_Hang,474,25,13
kor_Hang,474,26,13
kor_Hang,474,27,13
kor_Hang,474,28,13
kor_Hang,474,29,13
kor_Hang,474,30,13
kor_Hang,474,31,13
kor_Hang,474,32,13
kor_Hang,474,33,13
kor_Hang,474,34,13
kor_Hang,474,35,13
kor_Hang,474,36,13
kor_Hang,474,37,13
kor_Hang,474,38,13
kor_Hang,474,39,13
kor_Hang,474,40,13
kor_Hang,474,41,13
kor_Hang,474,42,19
kor_Hang,474,43,13
kor_Hang,474,44,13
kor_Hang,474,45,13
kor_Hang,474,46,13
kor_Hang,474,47,13
kor_Hang,474,48,13
kor_Hang,474,49,13
kor_Hang,474,50,13
kor_Hang,474,51,13
kor_Hang,474,52,13
kor_Hang,474,53,13
kor_Hang,474,54,13
eng_Latn,475,0,60
eng_Latn,475,1,16
eng_Latn,475,2,16
eng_Latn,475,3,20
eng_Latn,475,4,57
eng_Latn,475,5,53
eng_Latn,475,6,49
eng_Latn,476,0,60
eng_Latn,476,1,56
eng_Latn,476,2,54
eng_Latn,476,3,38
eng_Latn,476,4,15
eng_Latn,476,5,48
eng_Latn,476,6,17
eng_Latn,476,7,48
eng_Latn,476,8,56
eng_Latn,476,9,16
eng_Latn,477,0,60
eng_Latn,477,1,26
eng_Latn,477,2,5
eng_Latn,477,3,5
eng_Latn,477,4,18
eng_Latn,477,5,18
eng_Latn,477,6,53
eng_Latn,477,7,0
eng_Latn,477,8,16
eng_Latn,477,9,63
kor_Hang,478,0,60
kor_Hang,478,1,13
kor_Hang,478,2,19
kor_Hang,478,3,13
kor_Hang,478,4,13
kor_Hang,478,5,13
kor_Hang,478,6,13
kor_Hang,478,7,13
kor_Hang,478,8,13
kor_Hang,478,9,13
kor_Hang,478,10,19
kor_Hang,478,11,13
kor_Hang,478,12,27
kor_Hang,478,13,13
kor_Hang,478,14,13
kor_Hang,478,15,13
kor_Hang,478,16,13
kor_Hang,478,17,13
kor_Hang,478,18,13
kor_Hang,478,19,13
kor_Hang,478,20,13
kor_Hang,478,21,47
kor_Hang,478,22,13
kor_Hang,478,23,13
kor_Hang,478,24,13
kor_Hang,478,25,13
kor_Hang,478,26,47
kor_Hang,478,27,13
kor_Hang,478,28,13
kor_Hang,478,29,47
kor_Hang,478,30,13
kor_Hang,478,31,13
kor_Hang,478,32,13
kor_Hang,478,33,13
kor_Hang,478,34,13
kor_Hang,478,35,13
kor_Hang,478,36,13
kor_Hang,478,37,13
kor_Hang,478,38,13
kor_Hang,478,39,13
kor_Hang,478,40,13
kor_Hang,478,41,13
kor_Hang,478,42,13
kor_Hang,478,43,13
kor_Hang,478,44,13
kor_Hang,478,45,13
kor_Hang,478,46,13
kor_Hang,478,47,13
kor_Hang,478,48,13
kor_Hang,478,49,13
kor_Hang,478,50,13
kor_Hang,478,51,13
kor_Hang,478,52,13
kor_Hang,478,53,13
kor_Hang,478,54,13
kor_Hang,478,55,13
kor_Hang,478,56,13
kor_Hang,478,57,13
kor_Hang,478,58,13
kor_Hang,478,59,13
kor_Hang,478,60,19
kor_Hang,478,61,34
kor_Hang,478,62,13
kor_Hang,478,63,13
kor_Hang,478,64,13
kor_Hang,478,65,13
kor_Hang,478,66,19
kor_Hang,478,67,13
kor_Hang,478,68,13
kor_Hang,478,69,61
kor_Hang,478,70,13
kor_Hang,478,71,34
kor_Hang,479,0,60
kor_Hang,479,1,13
kor_Hang,479,2,13
kor_Hang,479,3,13
kor_Hang,479,4,47
kor_Hang,479,5,19
kor_Hang,479,6,13
kor_Hang,479,7,13
kor_Hang,479,8,13
kor_Hang,479,9,13
kor_Hang,479,10,13
kor_Hang,479,11,13
kor_Hang,479,12,47
kor_Hang,479,13,13
kor_Hang,479,14,13
kor_Hang,479,15,13
kor_Hang,479,16,13
kor_Hang,479,17,13
kor_Hang,479,18,13
kor_Hang,479,19,13
kor_Hang,479,20,13
kor_Hang,479,21,13
kor_Hang,479,22,13
kor_Hang,479,23,13
kor_Hang,479,24,13
kor_Hang,479,25,13
eng_Latn,480,0,60
eng_Latn,480,1,17
eng_Latn,480,2,33
eng_Latn,480,3,38
eng_Latn,480,4,33
eng_Latn,480,5,33
eng_Latn,480,6,33
eng_Latn,480,7,33
eng_Latn,480,8,33
eng_Latn,481,0,60
eng_Latn,481,1,18
eng_Latn,481,2,16
eng_Latn,481,3,53
eng_Latn,481,4,3
eng_Latn,481,5,56
eng_Latn,481,6,35
eng_Latn,481,7,4
eng_Latn,482,0,60
eng_Latn,482,1,45
eng_Latn,482,2,45
eng_Latn,482,3,35
eng_Latn,482,4,19
eng_Latn,482,5,20
eng_Latn,482,6,6
eng_Latn,482,7,45
eng_Latn,482,8,36
eng_Latn,482,9,16
eng_Latn,483,0,60
eng_Latn,483,1,48
eng_Latn,483,2,4
eng_Latn,483,3,51
eng_Latn,483,4,59
eng_Latn,483,5,51
eng_Latn,484,0,60
eng_Latn,484,1,45
eng_Latn,484,2,18
eng_Latn,484,3,53
eng_Latn,484,4,16
eng_Latn,484,5,30
eng_Latn,484,6,46
eng_Latn,484,7,15
eng_Latn,485,0,60
eng_Latn,485,1,15
eng_Latn,485,2,63
eng_Latn,485,3,30
eng_Latn,485,4,63
eng_Latn,485,5,63
eng_Latn,485,6,14
eng_Latn,485,7,14
eng_Latn,485,8,47
eng_Latn,486,0,60
eng_Latn,486,1,12
eng_Latn,486,2,42
eng_Latn,486,3,22
eng_Latn,486,4,27
eng_Latn,486,5,49
eng_Latn,486,6,9
eng_Latn,486,7,40
kor_Hang,487,0,60
kor_Hang,487,1,13
kor_Hang,487,2,13
kor_Hang,487,3,19
kor_Hang,487,4,13
kor_Hang,487,5,13
kor_Hang,487,6,13
kor_Hang,487,7,13
kor_Hang,487,8,24
kor_Hang,487,9,13
kor_Hang,487,10,13
kor_Hang,487,11,61
kor_Hang,487,12,19
kor_Hang,487,13,13
kor_Hang,487,14,13
kor_Hang,487,15,13
kor_Hang,487,16,13
kor_Hang,487,17,13
kor_Hang,487,18,19
kor_Hang,487,19,13
kor_Hang,487,20,19
kor_Hang,487,21,13
kor_Hang,487,22,13
kor_Hang,487,23,13
kor_Hang,487,24,13
kor_Hang,487,25,19
kor_Hang,487,26,39
kor_Hang,487,27,13
kor_Hang,487,28,13
kor_Hang,487,29,13
kor_Hang,487,30,13
kor_Hang,487,31,13
kor_Hang,487,32,13
kor_Hang,487,33,13
kor_Hang,487,34,13
kor_Hang,487,35,19
kor_Hang,487,36,13
kor_Hang,487,37,13
kor_Hang,487,38,19
kor_Hang,487,39,13
kor_Hang,487,40,19
kor_Hang,487,41,13
kor_Hang,487,42,13
kor_Hang,487,43,13
kor_Hang,487,44,13
kor_Hang,487,45,13
kor_Hang,487,46,13
kor_Hang,487,47,13
kor_Hang,487,48,13
kor_Hang,487,49,13
kor_Hang,487,50,13
kor_Hang,487,51,13
kor_Hang,487,52,13
kor_Hang,487,53,13
kor_Hang,487,54,13
kor_Hang,487,55,13
kor_Hang,487,56,13
kor_Hang,487,57,13
kor_Hang,487,58,13
kor_Hang,487,59,34
eng_Latn,488,0,60
eng_Latn,488,1,52
eng_Latn,488,2,52
eng_Latn,488,3,1
eng_Latn,488,4,13
eng_Latn,488,5,52
eng_Latn,488,6,60
eng_Latn,488,7,37
eng_Latn,488,8,52
eng_Latn,488,9,9
eng_Latn,488,10,9
eng_Latn,488,11,9
eng_Latn,488,12,22
eng_Latn,488,13,9
eng_Latn,488,14,58
eng_Latn,488,15,12
eng_Latn,488,16,4
kor_Hang,489,0,60
kor_Hang,489,1,13
kor_Hang,489,2,13
kor_Hang,489,3,13
kor_Hang,489,4,13
kor_Hang,489,5,13
kor_Hang,489,6,13
kor_Hang,489,7,13
kor_Hang,489,8,13
kor_Hang,489,9,13
kor_Hang,489,10,13
kor_Hang,489,11,13
kor_Hang,489,12,13
kor_Hang,489,13,13
kor_Hang,489,14,13
kor_Hang,489,15,13
kor_Hang,489,16,51
eng_Latn,490,0,60
eng_Latn,490,1,33
eng_Latn,490,2,29
eng_Latn,490,3,33
eng_Latn,490,4,33
eng_Latn,490,5,33
eng_Latn,490,6,33
eng_Latn,490,7,57
eng_Latn,490,8,33
eng_Latn,490,9,46
eng_Latn,491,0,60
eng_Latn,491,1,17
eng_Latn,491,2,10
eng_Latn,491,3,29
eng_Latn,491,4,23
eng_Latn,491,5,34
eng_Latn,492,0,60
eng_Latn,492,1,54
eng_Latn,492,2,51
eng_Latn,492,3,20
eng_Latn,492,4,38
eng_Latn,492,5,59
eng_Latn,492,6,15
eng_Latn,493,0,60
eng_Latn,493,1,49
eng_Latn,493,2,39
eng_Latn,493,3,11
eng_Latn,493,4,47
eng_Latn,493,5,47
eng_Latn,494,0,60
eng_Latn,494,1,6
eng_Latn,494,2,48
eng_Latn,494,3,18
eng_Latn,494,4,63
eng_Latn,495,0,60
eng_Latn,495,1,18
eng_Latn,495,2,22
eng_Latn,495,3,16
eng_Latn,495,4,51
eng_Latn,495,5,17
eng_Latn,495,6,56
eng_Latn,495,7,23
eng_Latn,495,8,56
eng_Latn,495,9,23
kor_Hang,496,0,60
kor_Hang,496,1,13
kor_Hang,496,2,13
kor_Hang,496,3,13
kor_Hang,496,4,13
kor_Hang,496,5,13
kor_Hang,496,6,13
kor_Hang,496,7,13
kor_Hang,496,8,13
kor_Hang,496,9,19
kor_Hang,496,10,34
kor_Hang,496,11,13
kor_Hang,496,12,19
kor_Hang,496,13,34
kor_Hang,496,14,13
kor_Hang,496,15,13
kor_Hang,496,16,13
kor_Hang,496,17,13
kor_Hang,496,18,13
kor_Hang,496,19,13
kor_Hang,496,20,13
kor_Hang,496,21,13
kor_Hang,496,22,13
kor_Hang,496,23,13
kor_Hang,496,24,19
kor_Hang,496,25,13
kor_Hang,496,26,13
kor_Hang,496,27,13
kor_Hang,496,28,13
kor_Hang,496,29,13
kor_Hang,496,30,34
kor_Hang,496,31,13
kor_Hang,496,32,13
kor_Hang,496,33,13
kor_Hang,496,34,19
kor_Hang,496,35,13
kor_Hang,496,36,13
kor_Hang,496,37,19
kor_Hang,496,38,34
eng_Latn,497,0,60
eng_Latn,497,1,56
eng_Latn,497,2,48
eng_Latn,497,3,56
eng_Latn,497,4,46
kor_Hang,498,0,60
kor_Hang,498,1,11
kor_Hang,498,2,13
kor_Hang,498,3,19
kor_Hang,498,4,13
kor_Hang,498,5,47
kor_Hang,498,6,13
kor_Hang,498,7,13
kor_Hang,498,8,13
kor_Hang,498,9,13
kor_Hang,498,10,19
kor_Hang,498,11,13
kor_Hang,498,12,13
kor_Hang,498,13,13
kor_Hang,498,14,13
kor_Hang,498,15,13
kor_Hang,498,16,13
kor_Hang,498,17,13
kor_Hang,498,18,13
kor_Hang,498,19,13
kor_Hang,498,20,13
kor_Hang,498,21,13
kor_Hang,498,22,13
kor_Hang,498,23,13
kor_Hang,498,24,13
kor_Hang,498,25,13
kor_Hang,498,26,19
kor_Hang,498,27,13
kor_Hang,498,28,27
kor_Hang,498,29,13
kor_Hang,498,30,13
kor_Hang,498,31,19
kor_Hang,498,32,13
kor_Hang,498,33,13
kor_Hang,498,34,47
kor_Hang,498,35,13
kor_Hang,498,36,13
kor_Hang,498,37,13
kor_Hang,498,38,47
kor_Hang,498,39,47
kor_Hang,498,40,13
kor_Hang,498,41,13
kor_Hang,498,42,13
kor_Hang,498,43,13
kor_Hang,498,44,13
kor_Hang,498,45,13
kor_Hang,498,46,13
kor_Hang,498,47,13
kor_Hang,498,48,13
kor_Hang,498,49,13
kor_Hang,498,50,13
kor_Hang,498,51,34
kor_Hang,498,52,13
kor_Hang,498,53,13
kor_Hang,498,54,13
kor_Hang,498,55,13
kor_Hang,498,56,13
kor_Hang,498,57,13
kor_Hang,498,58,13
kor_Hang,498,59,19
kor_Hang,498,60,13
kor_Hang,498,61,13
kor_Hang,498,62,13
kor_Hang,498,63,34
kor_Hang,498,64,34
eng_Latn,499,0,60
eng_Latn,499,1,22
eng_Latn,499,2,9
eng_Latn,499,3,9
eng_Latn,499,4,40
eng_Latn,499,5,51
eng_Latn,499,6,9
eng_Latn,499,7,9
eng_Latn,499,8,22
eng_Latn,499,9,9
eng_Latn,499,10,61
eng_Latn,499,11,22
eng_Latn,499,12,41
eng_Latn,499,13,34
eng_Latn,500,0,60
eng_Latn,500,1,4
eng_Latn,500,2,9
eng_Latn,500,3,56
eng_Latn,500,4,35
eng_Latn,500,5,35
eng_Latn,500,6,40
eng_Latn,500,7,51
eng_Latn,501,0,60
eng_Latn,501,1,40
eng_Latn,501,2,40
eng_Latn,501,3,59
eng_Latn,501,4,19
eng_Latn,501,5,48
eng_Latn,501,6,62
eng_Latn,501,7,46
eng_Latn,501,8,57
eng_Latn,501,9,62
kor_Hang,502,0,60
kor_Hang,502,1,13
kor_Hang,502,2,13
kor_Hang,502,3,13
kor_Hang,502,4,13
kor_Hang,502,5,13
kor_Hang,502,6,13
kor_Hang,502,7,13
kor_Hang,502,8,13
kor_Hang,502,9,13
kor_Hang,502,10,13
kor_Hang,502,11,47
kor_Hang,502,12,61
kor_Hang,502,13,13
kor_Hang,502,14,13
kor_Hang,502,15,39
kor_Hang,502,16,13
kor_Hang,502,17,39
kor_Hang,502,18,13
kor_Hang,502,19,19
kor_Hang,502,20,13
kor_Hang,502,21,13
kor_Hang,502,22,13
kor_Hang,502,23,34
kor_Hang,503,0,60
kor_Hang,503,1,13
kor_Hang,503,2,13
kor_Hang,503,3,13
kor_Hang,503,4,13
kor_Hang,503,5,13
kor_Hang,503,6,47
kor_Hang,503,7,13
kor_Hang,503,8,13
kor_Hang,503,9,13
kor_Hang,503,10,13
kor_Hang,503,11,13
kor_Hang,503,12,13
kor_Hang,503,13,13
kor_Hang,503,14,52
kor_Hang,503,15,13
kor_Hang,503,16,13
kor_Hang,503,17,13
kor_Hang,503,18,37
kor_Hang,503,19,52
kor_Hang,503,20,13
kor_Hang,503,21,13
kor_Hang,503,22,13
kor_Hang,503,23,13
kor_Hang,503,24,13
kor_Hang,503,25,52
kor_Hang,503,26,13
kor_Hang,503,27,13
kor_Hang,503,28,47
kor_Hang,503,29,13
kor_Hang,503,30,13
kor_Hang,503,31,13
kor_Hang,503,32,47
kor_Hang,503,33,13
kor_Hang,503,34,13
kor_Hang,503,35,13
kor_Hang,503,36,13
kor_Hang,503,37,13
kor_Hang,503,38,13
kor_Hang,503,39,13
kor_Hang,503,40,13
kor_Hang,503,41,34
eng_Latn,504,0,60
eng_Latn,504,1,49
eng_Latn,504,2,24
eng_Latn,504,3,47
eng_Latn,504,4,39
eng_Latn,505,0,60
eng_Latn,505,1,9
eng_Latn,505,2,22
eng_Latn,505,3,15
eng_Latn,505,4,63
eng_Latn,505,5,18
eng_Latn,505,6,18
eng_Latn,505,7,63
eng_Latn,505,8,37
eng_Latn,506,0,60
eng_Latn,506,1,38
eng_Latn,506,2,38
eng_Latn,506,3,56
eng_Latn,506,4,47
eng_Latn,506,5,14
eng_Latn,506,6,14
eng_Latn,506,7,21
eng_Latn,506,8,14
eng_Latn,506,9,49
eng_Latn,507,0,60
eng_Latn,507,1,9
eng_Latn,507,2,9
eng_Latn,507,3,31
eng_Latn,507,4,53
eng_Latn,507,5,51
eng_Latn,507,6,49
eng_Latn,507,7,34
eng_Latn,508,0,60
eng_Latn,508,1,54
eng_Latn,508,2,50
eng_Latn,508,3,18
eng_Latn,508,4,20
eng_Latn,508,5,16
eng_Latn,508,6,5
eng_Latn,508,7,18
eng_Latn,508,8,0
eng_Latn,508,9,53
eng_Latn,508,10,39
eng_Latn,508,11,16
eng_Latn,509,0,60
eng_Latn,509,1,63
eng_Latn,509,2,63
eng_Latn,509,3,53
eng_Latn,509,4,37
eng_Latn,509,5,63
eng_Latn,510,0,60
eng_Latn,510,1,57
eng_Latn,510,2,45
eng_Latn,510,3,0
eng_Latn,510,4,18
eng_Latn,510,5,53
eng_Latn,510,6,41
eng_Latn,510,7,8
eng_Latn,511,0,60
eng_Latn,511,1,47
eng_Latn,511,2,47
eng_Latn,511,3,40
eng_Latn,511,4,56
eng_Latn,511,5,46
eng_Latn,511,6,59
eng_Latn,511,7,59
eng_Latn,511,8,7
eng_Latn,511,9,33
eng_Latn,512,0,60
eng_Latn,512,1,9
eng_Latn,512,2,29
eng_Latn,512,3,17
eng_Latn,512,4,35
eng_Latn,512,5,18
eng_Latn,512,6,34
eng_Latn,513,0,60
eng_Latn,513,1,53
eng_Latn,513,2,46
eng_Latn,513,3,49
eng_Latn,513,4,57
eng_Latn,513,5,37
eng_Latn,513,6,46
eng_Latn,514,0,60
eng_Latn,514,1,9
eng_Latn,514,2,56
eng_Latn,514,3,54
eng_Latn,514,4,50
eng_Latn,514,5,20
eng_Latn,514,6,57
eng_Latn,514,7,41
eng_Latn,515,0,60
eng_Latn,515,1,18
eng_Latn,515,2,18
eng_Latn,515,3,39
eng_Latn,515,4,19
eng_Latn,515,5,63
eng_Latn,515,6,5
eng_Latn,515,7,26
eng_Latn,515,8,26
eng_Latn,515,9,27
eng_Latn,515,10,26
eng_Latn,515,11,27
eng_Latn,515,12,26
eng_Latn,515,13,5
eng_Latn,515,14,14
eng_Latn,515,15,26
eng_Latn,516,0,60
eng_Latn,516,1,40
eng_Latn,516,2,61
eng_Latn,516,3,56
eng_Latn,516,4,22
eng_Latn,516,5,22
eng_Latn,516,6,12
eng_Latn,516,7,40
eng_Latn,516,8,47
eng_Latn,516,9,40
eng_Latn,516,10,61
eng_Latn,516,11,49
eng_Latn,517,0,60
eng_Latn,517,1,22
eng_Latn,517,2,34
eng_Latn,518,0,60
eng_Latn,518,1,9
eng_Latn,518,2,38
eng_Latn,518,3,15
eng_Latn,518,4,56
eng_Latn,518,5,63
eng_Latn,518,6,57
eng_Latn,518,7,30
eng_Latn,518,8,52
eng_Latn,518,9,63
eng_Latn,519,0,60
eng_Latn,519,1,18
eng_Latn,519,2,18
eng_Latn,519,3,34
eng_Latn,519,4,48
eng_Latn,519,5,56
eng_Latn,519,6,37
eng_Latn,519,7,16
eng_Latn,519,8,51
kor_Hang,520,0,60
kor_Hang,520,1,13
kor_Hang,520,2,13
kor_Hang,520,3,13
kor_Hang,520,4,52
kor_Hang,520,5,52
kor_Hang,520,6,52
kor_Hang,520,7,13
kor_Hang,520,8,52
kor_Hang,520,9,52
kor_Hang,520,10,52
kor_Hang,520,11,1
kor_Hang,520,12,13
kor_Hang,520,13,13
kor_Hang,520,14,13
kor_Hang,520,15,19
kor_Hang,520,16,13
kor_Hang,520,17,13
kor_Hang,520,18,13
kor_Hang,520,19,13
kor_Hang,520,20,13
kor_Hang,520,21,13
kor_Hang,520,22,13
kor_Hang,520,23,13
kor_Hang,520,24,47
kor_Hang,520,25,13
kor_Hang,520,26,13
kor_Hang,520,27,47
kor_Hang,520,28,19
kor_Hang,520,29,13
kor_Hang,520,30,13
kor_Hang,520,31,13
kor_Hang,520,32,13
kor_Hang,520,33,47
kor_Hang,520,34,13
kor_Hang,520,35,13
kor_Hang,520,36,19
kor_Hang,520,37,13
kor_Hang,520,38,13
kor_Hang,520,39,13
kor_Hang,520,40,13
kor_Hang,520,41,13
kor_Hang,520,42,13
kor_Hang,520,43,13
kor_Hang,520,44,13
kor_Hang,520,45,13
kor_Hang,520,46,34
kor_Hang,521,0,60
kor_Hang,521,1,13
kor_Hang,521,2,13
kor_Hang,521,3,13
kor_Hang,521,4,13
kor_Hang,521,5,13
kor_Hang,521,6,13
kor_Hang,521,7,19
kor_Hang,521,8,13
kor_Hang,521,9,13
kor_Hang,521,10,19
kor_Hang,521,11,13
kor_Hang,521,12,13
kor_Hang,521,13,13
kor_Hang,521,14,13
kor_Hang,521,15,13
kor_Hang,521,16,13
kor_Hang,521,17,13
kor_Hang,521,18,13
kor_Hang,521,19,13
kor_Hang,521,20,47
kor_Hang,521,21,13
kor_Hang,521,22,13
kor_Hang,521,23,13
kor_Hang,521,24,19
kor_Hang,521,25,13
kor_Hang,521,26,19
kor_Hang,521,27,13
kor_Hang,521,28,13
kor_Hang,521,29,19
kor_Hang,521,30,13
kor_Hang,521,31,52
kor_Hang,521,32,52
kor_Hang,521,33,52
kor_Hang,521,34,13
kor_Hang,521,35,13
kor_Hang,521,36,13
kor_Hang,521,37,13
kor_Hang,521,38,13
kor_Hang,521,39,13
kor_Hang,521,40,47
kor_Hang,521,41,13
kor_Hang,521,42,13
kor_Hang,521,43,13
kor_Hang,521,44,13
kor_Hang,521,45,13
kor_Hang,521,46,13
kor_Hang,521,47,13
kor_Hang,521,48,47
kor_Hang,521,49,19
kor_Hang,521,50,13
kor_Hang,521,51,47
kor_Hang,521,52,47
kor_Hang,521,53,13
kor_Hang,521,54,13
kor_Hang,521,55,19
kor_Hang,521,56,13
kor_Hang,521,57,19
kor_Hang,521,58,13
kor_Hang,521,59,9
kor_Hang,521,60,13
kor_Hang,521,61,13
kor_Hang,521,62,13
kor_Hang,521,63,13
kor_Hang,521,64,13
kor_Hang,521,65,13
kor_Hang,521,66,13
kor_Hang,521,67,19
kor_Hang,521,68,12
kor_Hang,521,69,22
eng_Latn,522,0,60
eng_Latn,522,1,50
eng_Latn,522,2,18
eng_Latn,522,3,63
eng_Latn,522,4,37
eng_Latn,523,0,60
eng_Latn,523,1,52
eng_Latn,523,2,14
eng_Latn,523,3,49
eng_Latn,523,4,56
eng_Latn,523,5,49
eng_Latn,523,6,49
eng_Latn,524,0,60
eng_Latn,524,1,22
eng_Latn,524,2,61
eng_Latn,524,3,19
eng_Latn,524,4,40
eng_Latn,524,5,53
eng_Latn,524,6,3
eng_Latn,524,7,63
eng_Latn,525,0,60
eng_Latn,525,1,9
eng_Latn,525,2,22
eng_Latn,525,3,20
eng_Latn,525,4,38
eng_Latn,525,5,10
eng_Latn,525,6,4
eng_Latn,525,7,29
eng_Latn,525,8,34
kor_Hang,526,0,60
kor_Hang,526,1,13
kor_Hang,526,2,13
kor_Hang,526,3,19
kor_Hang,526,4,13
kor_Hang,526,5,13
kor_Hang,526,6,13
kor_Hang,526,7,13
kor_Hang,526,8,13
kor_Hang,526,9,13
kor_Hang,526,10,13
kor_Hang,526,11,13
kor_Hang,526,12,13
kor_Hang,526,13,47
kor_Hang,526,14,13
kor_Hang,526,15,1
kor_Hang,526,16,39
kor_Hang,526,17,61
kor_Hang,526,18,19
kor_Hang,526,19,13
kor_Hang,526,20,13
kor_Hang,526,21,19
kor_Hang,526,22,39
kor_Hang,526,23,19
kor_Hang,526,24,7
kor_Hang,526,25,13
kor_Hang,526,26,13
kor_Hang,526,27,13
kor_Hang,526,28,19
kor_Hang,526,29,13
kor_Hang,526,30,13
kor_Hang,526,31,13
kor_Hang,526,32,13
kor_Hang,526,33,13
kor_Hang,526,34,61
kor_Hang,526,35,27
kor_Hang,526,36,13
kor_Hang,526,37,13
kor_Hang,526,38,19
kor_Hang,526,39,13
kor_Hang,526,40,13
kor_Hang,526,41,13
kor_Hang,526,42,13
kor_Hang,526,43,13
kor_Hang,526,44,13
kor_Hang,526,45,13
kor_Hang,526,46,13
kor_Hang,526,47,13
kor_Hang,526,48,13
kor_Hang,526,49,13
kor_Hang,526,50,13
kor_Hang,526,51,13
kor_Hang,526,52,13
kor_Hang,526,53,13
kor_Hang,526,54,13
kor_Hang,526,55,13
kor_Hang,526,56,13
kor_Hang,526,57,13
kor_Hang,526,58,47
kor_Hang,526,59,13
kor_Hang,526,60,13
eng_Latn,527,0,60
eng_Latn,527,1,40
eng_Latn,527,2,63
eng_Latn,528,0,60
eng_Latn,528,1,56
eng_Latn,528,2,41
eng_Latn,528,3,54
eng_Latn,528,4,0
eng_Latn,528,5,41
eng_Latn,528,6,1
eng_Latn,528,7,40
kor_Hang,529,0,60
kor_Hang,529,1,47
kor_Hang,529,2,13
kor_Hang,529,3,19
kor_Hang,529,4,13
kor_Hang,529,5,19
kor_Hang,529,6,13
kor_Hang,529,7,13
kor_Hang,529,8,13
kor_Hang,529,9,13
kor_Hang,529,10,13
kor_Hang,529,11,13
kor_Hang,529,12,13
kor_Hang,529,13,13
kor_Hang,529,14,19
kor_Hang,529,15,19
kor_Hang,529,16,13
kor_Hang,529,17,13
kor_Hang,529,18,13
kor_Hang,529,19,13
kor_Hang,529,20,19
kor_Hang,529,21,13
kor_Hang,529,22,13
kor_Hang,529,23,19
kor_Hang,529,24,13
kor_Hang,529,25,13
kor_Hang,529,26,13
kor_Hang,529,27,13
kor_Hang,529,28,13
kor_Hang,529,29,13
kor_Hang,529,30,13
kor_Hang,529,31,13
kor_Hang,529,32,13
kor_Hang,529,33,13
kor_Hang,529,34,13
kor_Hang,529,35,13
kor_Hang,529,36,13
kor_Hang,529,37,13
kor_Hang,529,38,13
kor_Hang,529,39,13
kor_Hang,529,40,34
kor_Hang,529,41,13
kor_Hang,529,42,13
kor_Hang,529,43,13
kor_Hang,529,44,51
kor_Hang,530,0,60
kor_Hang,530,1,19
kor_Hang,530,2,13
kor_Hang,530,3,13
kor_Hang,530,4,13
kor_Hang,530,5,13
kor_Hang,530,6,13
kor_Hang,530,7,13
kor_Hang,530,8,13
kor_Hang,530,9,24
kor_Hang,530,10,13
kor_Hang,530,11,47
kor_Hang,530,12,13
kor_Hang,530,13,13
kor_Hang,530,14,13
kor_Hang,530,15,13
kor_Hang,530,16,13
kor_Hang,530,17,13
kor_Hang,530,18,13
kor_Hang,530,19,13
kor_Hang,530,20,13
kor_Hang,530,21,13
kor_Hang,530,22,34
kor_Hang,530,23,13
kor_Hang,530,24,13
kor_Hang,530,25,13
kor_Hang,530,26,13
kor_Hang,530,27,13
kor_Hang,530,28,34
kor_Hang,530,29,13
kor_Hang,530,30,13
kor_Hang,530,31,19
kor_Hang,530,32,13
kor_Hang,530,33,13
kor_Hang,530,34,13
kor_Hang,530,35,13
kor_Hang,530,36,34
eng_Latn,531,0,60
eng_Latn,531,1,18
eng_Latn,531,2,21
eng_Latn,531,3,25
eng_Latn,531,4,25
eng_Latn,531,5,25
eng_Latn,531,6,25
eng_Latn,531,7,52
eng_Latn,531,8,57
eng_Latn,532,0,60
eng_Latn,532,1,47
eng_Latn,532,2,33
eng_Latn,533,0,60
eng_Latn,533,1,41
eng_Latn,533,2,15
eng_Latn,533,3,48
eng_Latn,533,4,56
eng_Latn,533,5,57
eng_Latn,533,6,24
eng_Latn,533,7,37
eng_Latn,533,8,37
eng_Latn,533,9,3
eng_Latn,534,0,60
eng_Latn,534,1,45
eng_Latn,534,2,18
eng_Latn,534,3,16
eng_Latn,534,4,38
eng_Latn,534,5,15
eng_Latn,534,6,2
eng_Latn,534,7,59
eng_Latn,534,8,34
eng_Latn,535,0,60
eng_Latn,535,1,18
eng_Latn,535,2,18
eng_Latn,535,3,20
eng_Latn,535,4,46
eng_Latn,535,5,63
eng_Latn,536,0,60
eng_Latn,536,1,9
eng_Latn,536,2,38
eng_Latn,536,3,15
eng_Latn,536,4,56
eng_Latn,536,5,63
eng_Latn,536,6,63
eng_Latn,536,7,37
eng_Latn,536,8,49
eng_Latn,536,9,63
eng_Latn,536,10,37
eng_Latn,537,0,60
eng_Latn,537,1,13
eng_Latn,537,2,19
eng_Latn,537,3,19
eng_Latn,537,4,13
eng_Latn,537,5,11
eng_Latn,537,6,22
eng_Latn,537,7,49
eng_Latn,537,8,11
eng_Latn,537,9,54
eng_Latn,537,10,39
kor_Hang,538,0,60
kor_Hang,538,1,13
kor_Hang,538,2,19
kor_Hang,538,3,13
kor_Hang,538,4,19
kor_Hang,538,5,19
kor_Hang,538,6,19
kor_Hang,538,7,13
kor_Hang,538,8,13
kor_Hang,538,9,13
kor_Hang,538,10,13
kor_Hang,538,11,13
kor_Hang,538,12,13
kor_Hang,538,13,13
kor_Hang,538,14,13
kor_Hang,538,15,13
kor_Hang,538,16,13
kor_Hang,538,17,13
kor_Hang,538,18,13
kor_Hang,538,19,13
kor_Hang,538,20,13
kor_Hang,538,21,13
kor_Hang,538,22,13
kor_Hang,538,23,13
kor_Hang,538,24,13
kor_Hang,538,25,13
kor_Hang,538,26,13
kor_Hang,538,27,1
kor_Hang,538,28,13
kor_Hang,538,29,52
kor_Hang,538,30,52
kor_Hang,538,31,52
kor_Hang,538,32,13
kor_Hang,538,33,47
kor_Hang,538,34,52
kor_Hang,538,35,13
kor_Hang,538,36,13
kor_Hang,538,37,13
kor_Hang,538,38,13
kor_Hang,538,39,13
kor_Hang,538,40,13
kor_Hang,538,41,13
kor_Hang,538,42,13
kor_Hang,538,43,13
kor_Hang,538,44,13
kor_Hang,538,45,13
kor_Hang,538,46,13
kor_Hang,538,47,13
kor_Hang,538,48,13
kor_Hang,538,49,47
kor_Hang,538,50,13
kor_Hang,538,51,13
kor_Hang,538,52,13
kor_Hang,538,53,13
kor_Hang,538,54,13
kor_Hang,538,55,13
kor_Hang,538,56,13
kor_Hang,538,57,19
kor_Hang,538,58,13
kor_Hang,538,59,13
kor_Hang,538,60,13
kor_Hang,538,61,13
kor_Hang,538,62,19
kor_Hang,538,63,13
kor_Hang,538,64,19
kor_Hang,538,65,13
kor_Hang,538,66,13
kor_Hang,538,67,34
kor_Hang,538,68,13
kor_Hang,538,69,13
kor_Hang,538,70,13
kor_Hang,538,71,19
kor_Hang,538,72,13
kor_Hang,538,73,34
eng_Latn,539,0,60
eng_Latn,539,1,34
eng_Latn,539,2,20
eng_Latn,539,3,22
eng_Latn,539,4,57
eng_Latn,539,5,20
eng_Latn,539,6,34
eng_Latn,540,0,60
eng_Latn,540,1,23
eng_Latn,540,2,8
eng_Latn,540,3,15
eng_Latn,541,0,60
eng_Latn,541,1,19
eng_Latn,541,2,22
eng_Latn,541,3,22
eng_Latn,541,4,52
eng_Latn,541,5,49
eng_Latn,541,6,9
eng_Latn,541,7,37
eng_Latn,541,8,57
eng_Latn,541,9,8
eng_Latn,542,0,60
eng_Latn,542,1,18
eng_Latn,542,2,14
eng_Latn,543,0,60
eng_Latn,543,1,34
eng_Latn,543,2,29
eng_Latn,543,3,34
eng_Latn,543,4,20
eng_Latn,543,5,49
eng_Latn,543,6,5
eng_Latn,543,7,49
eng_Latn,544,0,60
eng_Latn,544,1,27
eng_Latn,544,2,27
eng_Latn,544,3,5
eng_Latn,544,4,27
eng_Latn,544,5,26
eng_Latn,544,6,26
eng_Latn,545,0,60
eng_Latn,545,1,22
eng_Latn,545,2,45
eng_Latn,545,3,53
eng_Latn,545,4,38
eng_Latn,545,5,59
eng_Latn,545,6,17
eng_Latn,545,7,53
eng_Latn,545,8,34
eng_Latn,546,0,60
eng_Latn,546,1,5
eng_Latn,546,2,20
eng_Latn,546,3,52
eng_Latn,546,4,57
eng_Latn,546,5,23
eng_Latn,546,6,23
eng_Latn,546,7,61
eng_Latn,546,8,15
eng_Latn,546,9,16
eng_Latn,546,10,20
eng_Latn,546,11,63
eng_Latn,547,0,60
eng_Latn,547,1,49
eng_Latn,547,2,61
eng_Latn,547,3,49
eng_Latn,547,4,9
eng_Latn,547,5,14
eng_Latn,547,6,18
eng_Latn,548,0,60
eng_Latn,548,1,22
eng_Latn,548,2,22
eng_Latn,548,3,12
eng_Latn,548,4,29
eng_Latn,548,5,22
eng_Latn,549,0,60
eng_Latn,549,1,22
eng_Latn,549,2,12
eng_Latn,549,3,12
eng_Latn,549,4,61
kor_Hang,550,0,60
kor_Hang,550,1,47
kor_Hang,550,2,13
kor_Hang,550,3,13
kor_Hang,550,4,13
kor_Hang,550,5,13
kor_Hang,550,6,47
kor_Hang,550,7,13
kor_Hang,550,8,13
kor_Hang,550,9,13
kor_Hang,550,10,13
kor_Hang,550,11,34
kor_Hang,550,12,13
kor_Hang,550,13,13
kor_Hang,550,14,13
kor_Hang,550,15,13
kor_Hang,550,16,13
kor_Hang,550,17,19
kor_Hang,550,18,13
kor_Hang,550,19,13
kor_Hang,550,20,13
kor_Hang,550,21,6
kor_Hang,550,22,13
kor_Hang,550,23,13
kor_Hang,550,24,19
kor_Hang,550,25,13
kor_Hang,550,26,13
kor_Hang,550,27,13
kor_Hang,550,28,13
kor_Hang,550,29,13
kor_Hang,550,30,13
kor_Hang,550,31,13
kor_Hang,550,32,19
kor_Hang,550,33,13
kor_Hang,550,34,13
kor_Hang,550,35,13
kor_Hang,550,36,13
kor_Hang,550,37,47
kor_Hang,550,38,13
kor_Hang,550,39,13
kor_Hang,550,40,13
kor_Hang,550,41,13
kor_Hang,550,42,13
kor_Hang,550,43,13
kor_Hang,550,44,13
kor_Hang,550,45,13
kor_Hang,550,46,13
kor_Hang,550,47,19
kor_Hang,550,48,34
kor_Hang,550,49,34
eng_Latn,551,0,60
eng_Latn,551,1,22
eng_Latn,551,2,22
eng_Latn,551,3,22
eng_Latn,551,4,22
eng_Latn,551,5,47
eng_Latn,551,6,22
eng_Latn,551,7,22
eng_Latn,551,8,34
kor_Hang,552,0,60
kor_Hang,552,1,13
kor_Hang,552,2,13
kor_Hang,552,3,47
kor_Hang,552,4,39
kor_Hang,552,5,13
kor_Hang,552,6,47
kor_Hang,552,7,13
kor_Hang,552,8,13
kor_Hang,552,9,13
kor_Hang,552,10,13
kor_Hang,552,11,13
kor_Hang,552,12,13
kor_Hang,552,13,13
kor_Hang,552,14,13
kor_Hang,552,15,13
kor_Hang,552,16,13
kor_Hang,552,17,13
kor_Hang,552,18,13
kor_Hang,552,19,13
kor_Hang,552,20,13
kor_Hang,552,21,13
kor_Hang,552,22,13
kor_Hang,552,23,13
kor_Hang,552,24,13
kor_Hang,552,25,39
kor_Hang,552,26,13
kor_Hang,552,27,47
kor_Hang,552,28,13
kor_Hang,552,29,13
kor_Hang,552,30,19
kor_Hang,552,31,19
kor_Hang,552,32,13
kor_Hang,552,33,13
kor_Hang,552,34,47
kor_Hang,552,35,13
kor_Hang,552,36,47
kor_Hang,552,37,13
kor_Hang,552,38,47
kor_Hang,552,39,47
kor_Hang,552,40,13
kor_Hang,552,41,13
kor_Hang,552,42,13
kor_Hang,552,43,61
kor_Hang,552,44,19
kor_Hang,552,45,13
kor_Hang,552,46,13
kor_Hang,552,47,13
kor_Hang,552,48,13
kor_Hang,552,49,13
kor_Hang,552,50,13
kor_Hang,552,51,13
kor_Hang,552,52,13
kor_Hang,552,53,13
kor_Hang,552,54,13
kor_Hang,552,55,34
kor_Hang,552,56,34
eng_Latn,553,0,60
eng_Latn,553,1,57
eng_Latn,553,2,32
eng_Latn,553,3,62
eng_Latn,553,4,62
eng_Latn,553,5,57
kor_Hang,554,0,60
kor_Hang,554,1,13
kor_Hang,554,2,13
kor_Hang,554,3,19
kor_Hang,554,4,13
kor_Hang,554,5,13
kor_Hang,554,6,13
kor_Hang,554,7,13
kor_Hang,554,8,13
kor_Hang,554,9,13
kor_Hang,554,10,13
kor_Hang,554,11,13
kor_Hang,554,12,13
kor_Hang,554,13,13
kor_Hang,554,14,13
kor_Hang,554,15,13
kor_Hang,554,16,13
kor_Hang,554,17,13
kor_Hang,554,18,13
kor_Hang,554,19,13
kor_Hang,554,20,13
kor_Hang,554,21,13
kor_Hang,554,22,19
kor_Hang,554,23,13
kor_Hang,554,24,13
kor_Hang,554,25,13
kor_Hang,554,26,13
kor_Hang,554,27,13
kor_Hang,554,28,13
kor_Hang,554,29,13
kor_Hang,554,30,13
kor_Hang,554,31,13
kor_Hang,554,32,13
kor_Hang,554,33,13
kor_Hang,554,34,13
kor_Hang,554,35,13
kor_Hang,554,36,13
kor_Hang,554,37,13
kor_Hang,554,38,13
kor_Hang,554,39,13
kor_Hang,554,40,34
kor_Hang,554,41,13
kor_Hang,554,42,13
kor_Hang,554,43,13
kor_Hang,554,44,13
kor_Hang,554,45,13
kor_Hang,554,46,34
kor_Hang,554,47,19
kor_Hang,554,48,34
kor_Hang,554,49,34
kor_Hang,555,0,60
kor_Hang,555,1,13
kor_Hang,555,2,13
kor_Hang,555,3,13
kor_Hang,555,4,13
kor_Hang,555,5,9
kor_Hang,555,6,11
kor_Hang,555,7,9
kor_Hang,555,8,11
kor_Hang,555,9,13
kor_Hang,555,10,13
kor_Hang,555,11,13
kor_Hang,555,12,13
kor_Hang,555,13,19
kor_Hang,555,14,13
kor_Hang,555,15,13
kor_Hang,555,16,13
kor_Hang,555,17,13
kor_Hang,555,18,13
kor_Hang,555,19,13
kor_Hang,555,20,13
kor_Hang,555,21,13
kor_Hang,555,22,13
kor_Hang,555,23,13
kor_Hang,555,24,13
kor_Hang,555,25,61
kor_Hang,555,26,19
kor_Hang,555,27,13
kor_Hang,555,28,19
kor_Hang,555,29,13
kor_Hang,555,30,19
kor_Hang,555,31,13
eng_Latn,556,0,60
eng_Latn,556,1,54
eng_Latn,556,2,18
eng_Latn,556,3,18
eng_Latn,556,4,4
eng_Latn,556,5,18
eng_Latn,556,6,20
eng_Latn,556,7,19
eng_Latn,556,8,46
eng_Latn,556,9,5
eng_Latn,556,10,50
eng_Latn,556,11,16
eng_Latn,557,0,60
eng_Latn,557,1,12
eng_Latn,557,2,11
eng_Latn,557,3,22
eng_Latn,557,4,52
kor_Hang,558,0,60
kor_Hang,558,1,19
kor_Hang,558,2,13
kor_Hang,558,3,47
kor_Hang,558,4,19
kor_Hang,558,5,13
kor_Hang,558,6,24
kor_Hang,558,7,13
kor_Hang,558,8,19
kor_Hang,558,9,13
kor_Hang,558,10,47
kor_Hang,558,11,19
kor_Hang,558,12,13
kor_Hang,558,13,12
kor_Hang,558,14,13
kor_Hang,558,15,19
kor_Hang,558,16,13
kor_Hang,558,17,47
kor_Hang,558,18,19
kor_Hang,558,19,13
kor_Hang,558,20,13
kor_Hang,558,21,13
kor_Hang,558,22,13
kor_Hang,558,23,13
kor_Hang,558,24,12
kor_Hang,558,25,52
eng_Latn,559,0,60
eng_Latn,559,1,17
eng_Latn,559,2,9
eng_Latn,559,3,56
eng_Latn,559,4,17
eng_Latn,559,5,52
eng_Latn,559,6,17
eng_Latn,559,7,41
eng_Latn,559,8,17
kor_Hang,560,0,60
kor_Hang,560,1,57
kor_Hang,560,2,13
kor_Hang,560,3,19
kor_Hang,560,4,13
kor_Hang,560,5,13
kor_Hang,560,6,19
kor_Hang,560,7,13
kor_Hang,560,8,19
kor_Hang,560,9,13
kor_Hang,560,10,13
kor_Hang,560,11,13
kor_Hang,560,12,13
kor_Hang,560,13,13
kor_Hang,560,14,47
kor_Hang,560,15,13
kor_Hang,560,16,40
kor_Hang,560,17,62
kor_Hang,560,18,13
kor_Hang,560,19,13
kor_Hang,560,20,34
eng_Latn,561,0,60
eng_Latn,561,1,29
eng_Latn,561,2,54
eng_Latn,561,3,18
eng_Latn,561,4,0
eng_Latn,561,5,17
eng_Latn,561,6,20
eng_Latn,561,7,24
eng_Latn,561,8,7
eng_Latn,562,0,60
eng_Latn,562,1,18
eng_Latn,562,2,18
eng_Latn,562,3,29
eng_Latn,562,4,51
eng_Latn,562,5,52
eng_Latn,562,6,49
eng_Latn,563,0,60
eng_Latn,563,1,50
eng_Latn,563,2,48
eng_Latn,563,3,20
eng_Latn,563,4,48
eng_Latn,563,5,48
eng_Latn,563,6,56
eng_Latn,563,7,35
eng_Latn,563,8,44
eng_Latn,564,0,60
eng_Latn,564,1,56
eng_Latn,564,2,35
eng_Latn,564,3,57
eng_Latn,564,4,20
eng_Latn,564,5,59
eng_Latn,564,6,57
eng_Latn,564,7,57
eng_Latn,564,8,59
eng_Latn,564,9,47
eng_Latn,564,10,15
eng_Latn,565,0,60
eng_Latn,565,1,49
eng_Latn,565,2,45
eng_Latn,565,3,17
eng_Latn,565,4,56
eng_Latn,565,5,21
eng_Latn,565,6,53
eng_Latn,565,7,37
eng_Latn,565,8,57
eng_Latn,565,9,21
eng_Latn,566,0,60
eng_Latn,566,1,61
eng_Latn,566,2,22
eng_Latn,566,3,26
eng_Latn,567,0,60
eng_Latn,567,1,48
eng_Latn,567,2,56
eng_Latn,567,3,63
eng_Latn,567,4,58
eng_Latn,567,5,58
eng_Latn,567,6,58
eng_Latn,567,7,6
eng_Latn,568,0,60
eng_Latn,568,1,20
eng_Latn,568,2,37
eng_Latn,568,3,57
eng_Latn,568,4,52
eng_Latn,568,5,52
eng_Latn,568,6,1
eng_Latn,568,7,52
eng_Latn,568,8,52
eng_Latn,568,9,11
eng_Latn,569,0,60
eng_Latn,569,1,34
eng_Latn,569,2,22
eng_Latn,569,3,22
eng_Latn,569,4,40
eng_Latn,569,5,34
eng_Latn,570,0,60
eng_Latn,570,1,45
eng_Latn,570,2,48
eng_Latn,570,3,29
eng_Latn,570,4,41
eng_Latn,570,5,15
eng_Latn,571,0,60
eng_Latn,571,1,54
eng_Latn,571,2,54
eng_Latn,571,3,20
eng_Latn,571,4,10
eng_Latn,571,5,30
eng_Latn,571,6,30
eng_Latn,571,7,46
eng_Latn,572,0,60
eng_Latn,572,1,46
eng_Latn,572,2,48
eng_Latn,572,3,56
eng_Latn,572,4,63
eng_Latn,572,5,20
eng_Latn,572,6,28
eng_Latn,572,7,28
eng_Latn,573,0,60
eng_Latn,573,1,18
eng_Latn,573,2,63
eng_Latn,573,3,63
eng_Latn,573,4,20
eng_Latn,573,5,14
eng_Latn,573,6,47
eng_Latn,574,0,60
eng_Latn,574,1,9
eng_Latn,574,2,56
eng_Latn,574,3,56
eng_Latn,574,4,51
eng_Latn,574,5,54
eng_Latn,574,6,18
eng_Latn,574,7,16
eng_Latn,574,8,20
eng_Latn,574,9,16
eng_Latn,575,0,60
eng_Latn,575,1,52
eng_Latn,575,2,57
eng_Latn,575,3,3
eng_Latn,575,4,3
eng_Latn,575,5,3
eng_Latn,575,6,19
eng_Latn,575,7,3
eng_Latn,576,0,60
eng_Latn,576,1,22
eng_Latn,576,2,34
eng_Latn,576,3,22
eng_Latn,576,4,22
eng_Latn,576,5,37
eng_Latn,576,6,63
eng_Latn,576,7,34
eng_Latn,576,8,24
eng_Latn,576,9,7
eng_Latn,576,10,60
eng_Latn,577,0,60
eng_Latn,577,1,22
eng_Latn,577,2,54
eng_Latn,577,3,54
eng_Latn,577,4,10
eng_Latn,577,5,16
eng_Latn,578,0,60
eng_Latn,578,1,19
eng_Latn,578,2,19
eng_Latn,578,3,15
eng_Latn,578,4,16
eng_Latn,578,5,33
eng_Latn,578,6,33
eng_Latn,578,7,33
eng_Latn,579,0,60
eng_Latn,579,1,52
eng_Latn,579,2,15
eng_Latn,579,3,3
eng_Latn,579,4,3
eng_Latn,579,5,19
eng_Latn,579,6,15
eng_Latn,580,0,60
eng_Latn,580,1,49
eng_Latn,580,2,39
eng_Latn,581,0,60
eng_Latn,581,1,19
eng_Latn,581,2,13
eng_Latn,581,3,5
eng_Latn,581,4,47
eng_Latn,582,0,60
eng_Latn,582,1,1
eng_Latn,582,2,22
eng_Latn,582,3,26
eng_Latn,582,4,26
eng_Latn,582,5,60
eng_Latn,582,6,12
eng_Latn,582,7,22
eng_Latn,582,8,22
eng_Latn,582,9,22
eng_Latn,582,10,22
eng_Latn,582,11,47
eng_Latn,582,12,62
eng_Latn,582,13,34
eng_Latn,583,0,60
eng_Latn,583,1,9
eng_Latn,583,2,11
eng_Latn,583,3,13
eng_Latn,583,4,42
eng_Latn,583,5,22
eng_Latn,583,6,19
eng_Latn,583,7,48
kor_Hang,584,0,60
kor_Hang,584,1,13
kor_Hang,584,2,13
kor_Hang,584,3,13
kor_Hang,584,4,61
kor_Hang,584,5,13
kor_Hang,584,6,11
kor_Hang,584,7,13
kor_Hang,584,8,19
kor_Hang,584,9,13
kor_Hang,584,10,13
kor_Hang,584,11,13
kor_Hang,584,12,13
kor_Hang,584,13,13
kor_Hang,584,14,13
kor_Hang,584,15,13
kor_Hang,584,16,13
kor_Hang,584,17,13
kor_Hang,584,18,13
kor_Hang,584,19,13
kor_Hang,584,20,13
kor_Hang,584,21,19
kor_Hang,584,22,13
kor_Hang,584,23,13
kor_Hang,584,24,13
kor_Hang,584,25,13
kor_Hang,584,26,13
kor_Hang,584,27,13
kor_Hang,584,28,13
kor_Hang,584,29,13
kor_Hang,584,30,13
kor_Hang,584,31,19
kor_Hang,584,32,13
eng_Latn,585,0,60
eng_Latn,585,1,19
eng_Latn,585,2,49
eng_Latn,585,3,53
eng_Latn,585,4,53
eng_Latn,585,5,1
eng_Latn,585,6,1
eng_Latn,585,7,52
eng_Latn,586,0,60
eng_Latn,586,1,22
eng_Latn,586,2,22
eng_Latn,586,3,12
eng_Latn,586,4,22
eng_Latn,586,5,22
eng_Latn,586,6,60
eng_Latn,586,7,22
eng_Latn,586,8,40
eng_Latn,587,0,60
eng_Latn,587,1,34
eng_Latn,587,2,34
kor_Hang,588,0,60
kor_Hang,588,1,13
kor_Hang,588,2,19
kor_Hang,588,3,13
kor_Hang,588,4,11
kor_Hang,588,5,52
kor_Hang,588,6,52
kor_Hang,588,7,52
kor_Hang,588,8,13
kor_Hang,588,9,13
kor_Hang,588,10,19
kor_Hang,588,11,13
kor_Hang,588,12,13
kor_Hang,588,13,47
kor_Hang,588,14,19
kor_Hang,588,15,47
kor_Hang,588,16,19
kor_Hang,588,17,13
kor_Hang,588,18,13
kor_Hang,588,19,47
kor_Hang,588,20,13
kor_Hang,588,21,13
kor_Hang,588,22,19
kor_Hang,588,23,13
kor_Hang,588,24,13
kor_Hang,588,25,19
kor_Hang,588,26,13
kor_Hang,588,27,13
kor_Hang,588,28,13
kor_Hang,588,29,13
kor_Hang,588,30,19
kor_Hang,588,31,13
kor_Hang,588,32,13
kor_Hang,588,33,13
kor_Hang,588,34,13
kor_Hang,588,35,13
kor_Hang,588,36,61
kor_Hang,588,37,19
kor_Hang,588,38,13
kor_Hang,588,39,13
kor_Hang,588,40,13
kor_Hang,588,41,13
kor_Hang,588,42,13
kor_Hang,588,43,13
kor_Hang,588,44,13
kor_Hang,588,45,13
kor_Hang,588,46,12
kor_Hang,588,47,52
kor_Hang,589,0,60
kor_Hang,589,1,9
kor_Hang,589,2,13
kor_Hang,589,3,19
kor_Hang,589,4,39
kor_Hang,589,5,19
kor_Hang,589,6,19
kor_Hang,589,7,39
kor_Hang,589,8,47
kor_Hang,589,9,39
kor_Hang,589,10,13
kor_Hang,589,11,13
kor_Hang,589,12,24
kor_Hang,589,13,13
kor_Hang,589,14,13
kor_Hang,589,15,13
kor_Hang,589,16,13
kor_Hang,589,17,13
kor_Hang,589,18,13
kor_Hang,589,19,13
kor_Hang,589,20,13
kor_Hang,589,21,13
kor_Hang,589,22,19
kor_Hang,589,23,13
kor_Hang,589,24,13
kor_Hang,589,25,13
kor_Hang,589,26,13
kor_Hang,589,27,13
kor_Hang,589,28,19
kor_Hang,589,29,13
kor_Hang,589,30,47
kor_Hang,589,31,47
kor_Hang,589,32,47
kor_Hang,589,33,13
kor_Hang,589,34,47
kor_Hang,589,35,39
kor_Hang,589,36,13
kor_Hang,589,37,13
kor_Hang,589,38,13
kor_Hang,589,39,13
kor_Hang,589,40,19
kor_Hang,589,41,13
kor_Hang,589,42,19
kor_Hang,589,43,13
kor_Hang,589,44,13
kor_Hang,589,45,13
kor_Hang,589,46,13
kor_Hang,589,47,13
kor_Hang,589,48,13
kor_Hang,589,49,13
kor_Hang,589,50,13
kor_Hang,589,51,34
kor_Hang,589,52,13
kor_Hang,589,53,13
kor_Hang,589,54,13
kor_Hang,589,55,34
eng_Latn,590,0,60
eng_Latn,590,1,12
eng_Latn,590,2,42
eng_Latn,590,3,22
eng_Latn,590,4,27
eng_Latn,590,5,49
eng_Latn,590,6,9
eng_Latn,590,7,49
eng_Latn,591,0,60
eng_Latn,591,1,37
eng_Latn,591,2,12
eng_Latn,591,3,2
eng_Latn,591,4,47
eng_Latn,592,0,60
eng_Latn,592,1,52
eng_Latn,592,2,14
eng_Latn,592,3,63
kor_Hang,593,0,60
kor_Hang,593,1,19
kor_Hang,593,2,13
kor_Hang,593,3,13
kor_Hang,593,4,13
kor_Hang,593,5,19
kor_Hang,593,6,39
kor_Hang,593,7,47
kor_Hang,593,8,13
kor_Hang,593,9,39
kor_Hang,593,10,19
kor_Hang,593,11,19
kor_Hang,593,12,13
kor_Hang,593,13,13
kor_Hang,593,14,13
kor_Hang,593,15,13
kor_Hang,593,16,39
kor_Hang,593,17,13
kor_Hang,593,18,39
kor_Hang,593,19,19
kor_Hang,593,20,13
kor_Hang,593,21,13
kor_Hang,593,22,13
kor_Hang,593,23,13
kor_Hang,593,24,13
kor_Hang,593,25,13
kor_Hang,593,26,13
kor_Hang,593,27,13
kor_Hang,593,28,19
kor_Hang,593,29,13
kor_Hang,593,30,13
kor_Hang,593,31,19
kor_Hang,593,32,13
kor_Hang,593,33,47
kor_Hang,593,34,19
kor_Hang,593,35,13
kor_Hang,593,36,13
kor_Hang,593,37,13
kor_Hang,593,38,13
kor_Hang,593,39,13
kor_Hang,593,40,19
kor_Hang,593,41,34
kor_Hang,593,42,13
kor_Hang,593,43,13
kor_Hang,593,44,34
eng_Latn,594,0,60
eng_Latn,594,1,15
eng_Latn,594,2,56
eng_Latn,594,3,63
eng_Latn,594,4,41
eng_Latn,594,5,63
eng_Latn,595,0,60
eng_Latn,595,1,38
eng_Latn,595,2,3
eng_Latn,595,3,19
eng_Latn,595,4,48
eng_Latn,595,5,57
eng_Latn,595,6,16
eng_Latn,595,7,37
eng_Latn,595,8,37
eng_Latn,595,9,15
kor_Hang,596,0,60
kor_Hang,596,1,47
kor_Hang,596,2,13
kor_Hang,596,3,13
kor_Hang,596,4,13
kor_Hang,596,5,13
kor_Hang,596,6,13
kor_Hang,596,7,47
kor_Hang,596,8,13
kor_Hang,596,9,13
kor_Hang,596,10,13
kor_Hang,596,11,13
kor_Hang,596,12,13
kor_Hang,596,13,19
kor_Hang,596,14,13
kor_Hang,596,15,13
kor_Hang,596,16,13
kor_Hang,596,17,13
kor_Hang,596,18,19
kor_Hang,596,19,13
kor_Hang,596,20,13
kor_Hang,596,21,19
kor_Hang,596,22,19
kor_Hang,596,23,13
kor_Hang,596,24,13
kor_Hang,596,25,13
kor_Hang,596,26,34
kor_Hang,596,27,13
kor_Hang,596,28,13
kor_Hang,596,29,13
kor_Hang,596,30,13
kor_Hang,596,31,13
kor_Hang,596,32,13
kor_Hang,596,33,13
kor_Hang,596,34,13
kor_Hang,596,35,13
kor_Hang,596,36,13
kor_Hang,596,37,13
kor_Hang,596,38,47
kor_Hang,596,39,13
kor_Hang,596,40,13
kor_Hang,596,41,13
kor_Hang,596,42,13
kor_Hang,596,43,19
kor_Hang,596,44,13
kor_Hang,596,45,61
kor_Hang,596,46,19
kor_Hang,596,47,34
kor_Hang,596,48,13
kor_Hang,596,49,13
kor_Hang,596,50,13
kor_Hang,596,51,13
kor_Hang,596,52,13
kor_Hang,596,53,13
kor_Hang,596,54,19
kor_Hang,596,55,13
kor_Hang,596,56,13
kor_Hang,596,57,13
kor_Hang,596,58,13
kor_Hang,596,59,13
kor_Hang,596,60,13
kor_Hang,596,61,34
kor_Hang,596,62,13
kor_Hang,596,63,13
kor_Hang,596,64,13
kor_Hang,596,65,13
kor_Hang,596,66,13
kor_Hang,596,67,13
kor_Hang,596,68,34
kor_Hang,596,69,13
kor_Hang,596,70,34
eng_Latn,597,0,60
eng_Latn,597,1,24
eng_Latn,597,2,54
eng_Latn,597,3,1
eng_Latn,597,4,1
eng_Latn,597,5,1
eng_Latn,597,6,40
eng_Latn,597,7,62
eng_Latn,597,8,37
eng_Latn,597,9,60
kor_Hang,598,0,60
kor_Hang,598,1,19
kor_Hang,598,2,13
kor_Hang,598,3,19
kor_Hang,598,4,13
kor_Hang,598,5,13
kor_Hang,598,6,13
kor_Hang,598,7,13
kor_Hang,598,8,13
kor_Hang,598,9,13
kor_Hang,598,10,13
kor_Hang,598,11,13
kor_Hang,598,12,47
kor_Hang,598,13,13
kor_Hang,598,14,13
kor_Hang,598,15,13
kor_Hang,598,16,13
kor_Hang,598,17,13
kor_Hang,598,18,19
kor_Hang,598,19,13
kor_Hang,598,20,13
kor_Hang,598,21,13
kor_Hang,598,22,13
kor_Hang,598,23,13
kor_Hang,598,24,13
kor_Hang,598,25,19
kor_Hang,598,26,13
kor_Hang,598,27,13
kor_Hang,598,28,13
kor_Hang,598,29,19
kor_Hang,598,30,13
kor_Hang,598,31,13
kor_Hang,598,32,13
kor_Hang,598,33,52
kor_Hang,598,34,52
kor_Hang,598,35,52
kor_Hang,598,36,13
kor_Hang,598,37,13
kor_Hang,598,38,13
kor_Hang,598,39,19
kor_Hang,598,40,13
kor_Hang,598,41,13
eng_Latn,599,0,60
eng_Latn,599,1,33
eng_Latn,599,2,1
eng_Latn,599,3,52
eng_Latn,599,4,37
eng_Latn,599,5,52
eng_Latn,599,6,1
eng_Latn,599,7,1
eng_Latn,599,8,13
eng_Latn,599,9,13
eng_Latn,600,0,60
eng_Latn,600,1,45
eng_Latn,600,2,18
eng_Latn,600,3,21
eng_Latn,600,4,21
eng_Latn,600,5,57
eng_Latn,601,0,60
eng_Latn,601,1,33
eng_Latn,601,2,33
eng_Latn,601,3,33
eng_Latn,601,4,33
eng_Latn,601,5,33
eng_Latn,601,6,33
eng_Latn,601,7,33
eng_Latn,601,8,33
eng_Latn,602,0,60
eng_Latn,602,1,29
eng_Latn,602,2,54
eng_Latn,602,3,50
eng_Latn,602,4,50
eng_Latn,602,5,50
kor_Hang,603,0,60
kor_Hang,603,1,19
kor_Hang,603,2,13
kor_Hang,603,3,13
kor_Hang,603,4,19
kor_Hang,603,5,13
kor_Hang,603,6,52
kor_Hang,603,7,52
kor_Hang,603,8,52
kor_Hang,603,9,13
kor_Hang,603,10,13
kor_Hang,603,11,13
kor_Hang,603,12,19
kor_Hang,603,13,51
kor_Hang,603,14,51
eng_Latn,604,0,60
eng_Latn,604,1,16
eng_Latn,604,2,37
eng_Latn,604,3,52
eng_Latn,604,4,16
eng_Latn,604,5,52
eng_Latn,604,6,9
eng_Latn,604,7,4
eng_Latn,604,8,1
eng_Latn,604,9,19
eng_Latn,604,10,4
eng_Latn,605,0,60
eng_Latn,605,1,18
eng_Latn,605,2,53
eng_Latn,605,3,23
eng_Latn,605,4,48
eng_Latn,605,5,52
eng_Latn,605,6,57
kor_Hang,606,0,60
kor_Hang,606,1,13
kor_Hang,606,2,13
kor_Hang,606,3,13
kor_Hang,606,4,13
kor_Hang,606,5,13
kor_Hang,606,6,13
kor_Hang,606,7,13
kor_Hang,606,8,19
kor_Hang,606,9,13
kor_Hang,606,10,47
kor_Hang,606,11,19
kor_Hang,606,12,13
kor_Hang,606,13,13
kor_Hang,606,14,13
kor_Hang,606,15,13
kor_Hang,606,16,13
kor_Hang,606,17,13
kor_Hang,606,18,19
kor_Hang,606,19,13
kor_Hang,606,20,13
kor_Hang,606,21,13
kor_Hang,606,22,13
kor_Hang,606,23,13
kor_Hang,606,24,19
kor_Hang,606,25,13
kor_Hang,606,26,13
kor_Hang,606,27,19
kor_Hang,606,28,13
kor_Hang,606,29,13
kor_Hang,606,30,47
kor_Hang,606,31,13
kor_Hang,606,32,47
kor_Hang,606,33,34
kor_Hang,606,34,13
kor_Hang,606,35,9
kor_Hang,606,36,13
kor_Hang,606,37,13
kor_Hang,606,38,13
kor_Hang,606,39,13
kor_Hang,606,40,13
kor_Hang,606,41,13
kor_Hang,606,42,13
kor_Hang,606,43,13
kor_Hang,606,44,13
kor_Hang,606,45,13
kor_Hang,606,46,13
kor_Hang,606,47,13
kor_Hang,606,48,13
kor_Hang,606,49,13
kor_Hang,606,50,13
kor_Hang,606,51,13
kor_Hang,606,52,13
kor_Hang,606,53,34
kor_Hang,607,0,60
kor_Hang,607,1,13
kor_Hang,607,2,13
kor_Hang,607,3,13
kor_Hang,607,4,13
kor_Hang,607,5,13
kor_Hang,607,6,13
kor_Hang,607,7,13
kor_Hang,607,8,19
kor_Hang,607,9,13
kor_Hang,607,10,13
kor_Hang,607,11,13
kor_Hang,607,12,13
kor_Hang,607,13,13
kor_Hang,607,14,13
kor_Hang,607,15,19
kor_Hang,607,16,13
kor_Hang,607,17,13
kor_Hang,607,18,13
kor_Hang,607,19,13
kor_Hang,607,20,13
kor_Hang,607,21,47
kor_Hang,607,22,13
kor_Hang,607,23,13
kor_Hang,607,24,19
kor_Hang,607,25,13
kor_Hang,607,26,13
kor_Hang,607,27,47
kor_Hang,607,28,19
kor_Hang,607,29,13
kor_Hang,607,30,13
kor_Hang,607,31,52
kor_Hang,607,32,52
kor_Hang,607,33,61
kor_Hang,607,34,13
kor_Hang,607,35,52
kor_Hang,607,36,52
kor_Hang,607,37,13
kor_Hang,607,38,13
kor_Hang,607,39,13
kor_Hang,607,40,19
kor_Hang,607,41,34
kor_Hang,607,42,13
kor_Hang,607,43,13
kor_Hang,607,44,13
kor_Hang,607,45,19
kor_Hang,607,46,13
kor_Hang,607,47,34
eng_Latn,608,0,60
eng_Latn,608,1,12
eng_Latn,608,2,42
eng_Latn,608,3,22
eng_Latn,608,4,27
eng_Latn,608,5,49
eng_Latn,608,6,9
eng_Latn,608,7,29
eng_Latn,608,8,22
eng_Latn,609,0,60
eng_Latn,609,1,47
eng_Latn,609,2,49
eng_Latn,609,3,5
eng_Latn,609,4,49
kor_Hang,610,0,60
kor_Hang,610,1,47
kor_Hang,610,2,39
kor_Hang,610,3,13
kor_Hang,610,4,47
kor_Hang,610,5,39
kor_Hang,610,6,47
kor_Hang,610,7,19
kor_Hang,610,8,39
kor_Hang,610,9,19
kor_Hang,610,10,13
kor_Hang,610,11,19
kor_Hang,610,12,13
kor_Hang,610,13,13
kor_Hang,610,14,19
kor_Hang,610,15,19
kor_Hang,610,16,13
kor_Hang,610,17,19
kor_Hang,610,18,13
kor_Hang,610,19,13
kor_Hang,610,20,13
kor_Hang,610,21,13
kor_Hang,610,22,13
kor_Hang,610,23,13
kor_Hang,610,24,13
kor_Hang,610,25,13
kor_Hang,610,26,13
kor_Hang,610,27,13
kor_Hang,610,28,13
kor_Hang,610,29,19
kor_Hang,610,30,13
kor_Hang,610,31,24
kor_Hang,610,32,52
kor_Hang,610,33,13
kor_Hang,610,34,12
kor_Hang,610,35,54
eng_Latn,611,0,60
eng_Latn,611,1,46
eng_Latn,611,2,46
eng_Latn,611,3,24
eng_Latn,611,4,61
eng_Latn,611,5,57
eng_Latn,611,6,50
eng_Latn,611,7,50
eng_Latn,611,8,4
eng_Latn,611,9,4
eng_Latn,611,10,22
eng_Latn,611,11,51
eng_Latn,612,0,60
eng_Latn,612,1,53
eng_Latn,612,2,19
eng_Latn,612,3,39
eng_Latn,612,4,9
eng_Latn,612,5,3
eng_Latn,612,6,18
eng_Latn,613,0,60
eng_Latn,613,1,9
eng_Latn,613,2,17
eng_Latn,613,3,17
kor_Hang,614,0,60
kor_Hang,614,1,13
kor_Hang,614,2,13
kor_Hang,614,3,13
kor_Hang,614,4,9
kor_Hang,614,5,9
kor_Hang,614,6,13
kor_Hang,614,7,13
kor_Hang,614,8,7
kor_Hang,614,9,13
kor_Hang,614,10,13
kor_Hang,614,11,13
kor_Hang,614,12,13
kor_Hang,614,13,13
kor_Hang,614,14,13
kor_Hang,614,15,13
kor_Hang,614,16,13
kor_Hang,614,17,13
kor_Hang,614,18,13
kor_Hang,614,19,13
kor_Hang,614,20,13
kor_Hang,614,21,47
kor_Hang,614,22,13
kor_Hang,614,23,13
kor_Hang,614,24,19
kor_Hang,614,25,13
kor_Hang,614,26,13
kor_Hang,614,27,13
kor_Hang,614,28,13
kor_Hang,614,29,13
kor_Hang,614,30,13
kor_Hang,614,31,13
kor_Hang,614,32,13
kor_Hang,614,33,13
kor_Hang,614,34,24
kor_Hang,614,35,13
kor_Hang,614,36,13
kor_Hang,614,37,13
kor_Hang,614,38,13
kor_Hang,614,39,13
kor_Hang,614,40,13
kor_Hang,614,41,13
kor_Hang,614,42,13
kor_Hang,614,43,13
kor_Hang,614,44,47
kor_Hang,614,45,52
kor_Hang,614,46,13
kor_Hang,614,47,13
kor_Hang,614,48,13
kor_Hang,614,49,13
kor_Hang,614,50,13
kor_Hang,614,51,13
kor_Hang,614,52,13
kor_Hang,614,53,13
kor_Hang,614,54,13
kor_Hang,614,55,13
kor_Hang,614,56,13
kor_Hang,614,57,13
kor_Hang,614,58,13
kor_Hang,614,59,13
kor_Hang,614,60,13
kor_Hang,614,61,13
kor_Hang,614,62,34
eng_Latn,615,0,60
eng_Latn,615,1,22
eng_Latn,615,2,22
eng_Latn,615,3,22
eng_Latn,615,4,56
eng_Latn,615,5,34
eng_Latn,615,6,29
eng_Latn,615,7,34
eng_Latn,615,8,22
eng_Latn,615,9,34
kor_Hang,616,0,60
kor_Hang,616,1,47
kor_Hang,616,2,13
kor_Hang,616,3,13
kor_Hang,616,4,19
kor_Hang,616,5,13
kor_Hang,616,6,47
kor_Hang,616,7,13
kor_Hang,616,8,13
kor_Hang,616,9,13
kor_Hang,616,10,13
kor_Hang,616,11,19
kor_Hang,616,12,13
kor_Hang,616,13,13
kor_Hang,616,14,13
kor_Hang,616,15,1
kor_Hang,616,16,1
kor_Hang,616,17,13
kor_Hang,616,18,47
kor_Hang,616,19,39
kor_Hang,616,20,13
kor_Hang,616,21,47
kor_Hang,616,22,39
kor_Hang,616,23,13
kor_Hang,616,24,19
kor_Hang,616,25,13
kor_Hang,616,26,13
kor_Hang,616,27,13
kor_Hang,616,28,13
kor_Hang,616,29,13
kor_Hang,616,30,13
kor_Hang,616,31,13
kor_Hang,616,32,13
kor_Hang,616,33,13
kor_Hang,616,34,52
kor_Hang,616,35,47
kor_Hang,616,36,13
kor_Hang,616,37,13
kor_Hang,616,38,13
kor_Hang,616,39,19
kor_Hang,616,40,13
kor_Hang,616,41,13
kor_Hang,616,42,13
kor_Hang,616,43,13
kor_Hang,616,44,13
kor_Hang,616,45,47
kor_Hang,616,46,19
kor_Hang,616,47,34
kor_Hang,616,48,13
kor_Hang,616,49,13
kor_Hang,616,50,52
kor_Hang,616,51,13
kor_Hang,616,52,52
kor_Hang,616,53,13
kor_Hang,616,54,13
kor_Hang,616,55,13
kor_Hang,616,56,13
kor_Hang,616,57,13
kor_Hang,616,58,13
kor_Hang,616,59,13
kor_Hang,616,60,13
kor_Hang,616,61,13
kor_Hang,616,62,13
kor_Hang,616,63,13
kor_Hang,616,64,13
kor_Hang,616,65,13
kor_Hang,616,66,19
kor_Hang,616,67,13
kor_Hang,616,68,13
kor_Hang,616,69,13
kor_Hang,616,70,13
kor_Hang,616,71,34
eng_Latn,617,0,60
eng_Latn,617,1,16
eng_Latn,617,2,17
eng_Latn,617,3,4
eng_Latn,617,4,52
eng_Latn,617,5,34
eng_Latn,618,0,60
eng_Latn,618,1,19
eng_Latn,618,2,21
eng_Latn,618,3,5
eng_Latn,618,4,59
eng_Latn,618,5,46
eng_Latn,618,6,19
eng_Latn,618,7,21
kor_Hang,619,0,60
kor_Hang,619,1,13
kor_Hang,619,2,13
kor_Hang,619,3,13
kor_Hang,619,4,19
kor_Hang,619,5,13
kor_Hang,619,6,13
kor_Hang,619,7,13
kor_Hang,619,8,13
kor_Hang,619,9,13
kor_Hang,619,10,13
kor_Hang,619,11,52
kor_Hang,619,12,52
kor_Hang,619,13,52
kor_Hang,619,14,13
kor_Hang,619,15,19
kor_Hang,619,16,13
kor_Hang,619,17,27
kor_Hang,619,18,13
kor_Hang,619,19,13
kor_Hang,619,20,13
kor_Hang,619,21,13
kor_Hang,619,22,19
kor_Hang,619,23,13
kor_Hang,619,24,13
kor_Hang,619,25,13
kor_Hang,619,26,13
kor_Hang,619,27,13
kor_Hang,619,28,13
kor_Hang,619,29,13
kor_Hang,619,30,13
kor_Hang,619,31,19
kor_Hang,619,32,13
kor_Hang,619,33,13
kor_Hang,619,34,52
kor_Hang,619,35,52
kor_Hang,619,36,13
kor_Hang,619,37,13
kor_Hang,619,38,13
kor_Hang,619,39,13
kor_Hang,619,40,13
kor_Hang,619,41,13
kor_Hang,619,42,19
kor_Hang,619,43,13
kor_Hang,619,44,13
kor_Hang,619,45,13
kor_Hang,619,46,13
kor_Hang,619,47,13
kor_Hang,619,48,13
kor_Hang,619,49,13
kor_Hang,619,50,13
kor_Hang,619,51,13
kor_Hang,619,52,13
kor_Hang,619,53,13
kor_Hang,619,54,19
kor_Hang,619,55,13
kor_Hang,619,56,61
kor_Hang,619,57,13
kor_Hang,619,58,52
kor_Hang,619,59,13
kor_Hang,619,60,13
kor_Hang,619,61,13
kor_Hang,619,62,13
kor_Hang,619,63,19
kor_Hang,619,64,13
kor_Hang,619,65,27
kor_Hang,619,66,61
kor_Hang,619,67,13
kor_Hang,619,68,13
kor_Hang,619,69,13
kor_Hang,619,70,34
eng_Latn,620,0,60
eng_Latn,620,1,22
eng_Latn,620,2,26
eng_Latn,620,3,26
eng_Latn,621,0,60
eng_Latn,621,1,22
eng_Latn,621,2,22
eng_Latn,621,3,26
eng_Latn,621,4,19
eng_Latn,621,5,40
eng_Latn,621,6,34
eng_Latn,621,7,34
eng_Latn,622,0,60
eng_Latn,622,1,47
eng_Latn,622,2,1
eng_Latn,622,3,22
eng_Latn,622,4,28
eng_Latn,622,5,42
eng_Latn,622,6,1
eng_Latn,622,7,52
eng_Latn,622,8,24
eng_Latn,622,9,36
eng_Latn,622,10,52
eng_Latn,623,0,60
eng_Latn,623,1,35
eng_Latn,623,2,17
kor_Hang,624,0,60
kor_Hang,624,1,13
kor_Hang,624,2,13
kor_Hang,624,3,13
kor_Hang,624,4,13
kor_Hang,624,5,13
kor_Hang,624,6,13
kor_Hang,624,7,13
kor_Hang,624,8,13
kor_Hang,624,9,13
kor_Hang,624,10,13
kor_Hang,624,11,13
kor_Hang,624,12,13
kor_Hang,624,13,13
kor_Hang,624,14,13
kor_Hang,624,15,19
kor_Hang,624,16,13
kor_Hang,624,17,13
kor_Hang,624,18,19
kor_Hang,624,19,13
kor_Hang,624,20,13
kor_Hang,624,21,13
kor_Hang,624,22,13
kor_Hang,624,23,13
kor_Hang,624,24,13
kor_Hang,624,25,47
kor_Hang,624,26,13
kor_Hang,624,27,19
kor_Hang,624,28,13
kor_Hang,624,29,13
kor_Hang,624,30,13
kor_Hang,624,31,47
kor_Hang,624,32,13
kor_Hang,624,33,13
kor_Hang,624,34,13
kor_Hang,624,35,34
eng_Latn,625,0,60
eng_Latn,625,1,57
eng_Latn,625,2,35
eng_Latn,625,3,48
eng_Latn,625,4,53
eng_Latn,625,5,43
eng_Latn,625,6,57
eng_Latn,625,7,59
eng_Latn,625,8,15
eng_Latn,625,9,59
eng_Latn,625,10,19
eng_Latn,625,11,48
eng_Latn,626,0,60
eng_Latn,626,1,22
eng_Latn,626,2,34
eng_Latn,626,3,20
eng_Latn,626,4,34
eng_Latn,626,5,34
eng_Latn,626,6,11
eng_Latn,627,0,60
eng_Latn,627,1,52
eng_Latn,627,2,57
eng_Latn,627,3,3
eng_Latn,627,4,3
eng_Latn,627,5,40
eng_Latn,627,6,19
eng_Latn,627,7,3
kor_Hang,628,0,60
kor_Hang,628,1,13
kor_Hang,628,2,13
kor_Hang,628,3,13
kor_Hang,628,4,47
kor_Hang,628,5,34
kor_Hang,628,6,13
kor_Hang,628,7,13
kor_Hang,628,8,13
kor_Hang,628,9,13
kor_Hang,628,10,13
kor_Hang,628,11,19
kor_Hang,628,12,1
kor_Hang,628,13,13
kor_Hang,628,14,19
kor_Hang,628,15,13
kor_Hang,628,16,13
kor_Hang,628,17,13
kor_Hang,628,18,13
kor_Hang,628,19,19
kor_Hang,628,20,13
kor_Hang,628,21,13
kor_Hang,628,22,13
kor_Hang,628,23,13
kor_Hang,628,24,13
kor_Hang,628,25,47
kor_Hang,628,26,13
kor_Hang,628,27,19
kor_Hang,628,28,13
kor_Hang,628,29,28
kor_Hang,628,30,13
kor_Hang,628,31,28
kor_Hang,628,32,24
kor_Hang,628,33,13
kor_Hang,628,34,13
kor_Hang,628,35,47
kor_Hang,628,36,13
kor_Hang,628,37,19
kor_Hang,628,38,13
kor_Hang,628,39,34
kor_Hang,628,40,13
kor_Hang,628,41,61
kor_Hang,628,42,34
kor_Hang,628,43,34
kor_Hang,628,44,13
kor_Hang,628,45,13
kor_Hang,628,46,34
eng_Latn,629,0,60
eng_Latn,629,1,22
eng_Latn,629,2,54
eng_Latn,629,3,37
eng_Latn,629,4,48
eng_Latn,630,0,60
eng_Latn,630,1,54
eng_Latn,630,2,18
eng_Latn,630,3,18
eng_Latn,630,4,18
eng_Latn,630,5,62
eng_Latn,630,6,62
eng_Latn,630,7,57
eng_Latn,630,8,19
eng_Latn,630,9,34
kor_Hang,631,0,60
kor_Hang,631,1,12
kor_Hang,631,2,13
kor_Hang,631,3,13
kor_Hang,631,4,13
kor_Hang,631,5,13
kor_Hang,631,6,13
kor_Hang,631,7,13
kor_Hang,631,8,13
kor_Hang,631,9,13
kor_Hang,631,10,13
kor_Hang,631,11,13
kor_Hang,631,12,13
kor_Hang,631,13,47
kor_Hang,631,14,39
kor_Hang,631,15,13
kor_Hang,631,16,13
kor_Hang,631,17,13
kor_Hang,631,18,13
kor_Hang,631,19,13
kor_Hang,631,20,13
kor_Hang,631,21,13
kor_Hang,631,22,13
kor_Hang,631,23,13
kor_Hang,631,24,34
kor_Hang,631,25,13
kor_Hang,631,26,13
kor_Hang,631,27,13
kor_Hang,631,28,13
kor_Hang,631,29,13
kor_Hang,631,30,47
kor_Hang,631,31,19
kor_Hang,631,32,34
kor_Hang,631,33,13
kor_Hang,631,34,13
kor_Hang,631,35,34
eng_Latn,632,0,60
eng_Latn,632,1,57
eng_Latn,632,2,17
eng_Latn,632,3,17
eng_Latn,632,4,16
eng_Latn,632,5,51
eng_Latn,633,0,60
eng_Latn,633,1,40
eng_Latn,633,2,56
eng_Latn,633,3,35
eng_Latn,633,4,59
eng_Latn,633,5,17
kor_Hang,634,0,60
kor_Hang,634,1,13
kor_Hang,634,2,19
kor_Hang,634,3,13
kor_Hang,634,4,13
kor_Hang,634,5,61
kor_Hang,634,6,13
kor_Hang,634,7,19
kor_Hang,634,8,13
kor_Hang,634,9,13
kor_Hang,634,10,13
kor_Hang,634,11,13
kor_Hang,634,12,19
kor_Hang,634,13,13
kor_Hang,634,14,47
kor_Hang,634,15,47
kor_Hang,634,16,13
kor_Hang,634,17,13
kor_Hang,634,18,13
kor_Hang,634,19,13
kor_Hang,634,20,13
kor_Hang,634,21,13
kor_Hang,634,22,13
kor_Hang,634,23,13
kor_Hang,634,24,13
kor_Hang,634,25,19
kor_Hang,634,26,13
kor_Hang,634,27,13
kor_Hang,634,28,47
kor_Hang,634,29,13
kor_Hang,634,30,13
kor_Hang,634,31,47
kor_Hang,634,32,19
kor_Hang,634,33,13
kor_Hang,634,34,19
kor_Hang,634,35,13
kor_Hang,634,36,13
kor_Hang,634,37,13
kor_Hang,634,38,13
kor_Hang,634,39,13
kor_Hang,634,40,13
kor_Hang,634,41,13
kor_Hang,634,42,13
kor_Hang,634,43,13
kor_Hang,634,44,13
kor_Hang,634,45,13
kor_Hang,635,0,60
kor_Hang,635,1,13
kor_Hang,635,2,13
kor_Hang,635,3,13
kor_Hang,635,4,1
kor_Hang,635,5,13
kor_Hang,635,6,13
kor_Hang,635,7,13
kor_Hang,635,8,13
kor_Hang,635,9,13
kor_Hang,635,10,47
kor_Hang,635,11,13
kor_Hang,635,12,13
kor_Hang,635,13,13
kor_Hang,635,14,13
kor_Hang,635,15,13
kor_Hang,635,16,13
kor_Hang,635,17,13
kor_Hang,635,18,19
kor_Hang,635,19,13
kor_Hang,635,20,13
kor_Hang,635,21,13
kor_Hang,635,22,13
kor_Hang,635,23,47
kor_Hang,635,24,13
kor_Hang,635,25,13
kor_Hang,635,26,13
kor_Hang,635,27,13
kor_Hang,635,28,13
kor_Hang,635,29,27
kor_Hang,635,30,13
kor_Hang,635,31,13
kor_Hang,635,32,13
kor_Hang,635,33,47
kor_Hang,635,34,13
kor_Hang,635,35,47
kor_Hang,635,36,13
kor_Hang,635,37,13
kor_Hang,635,38,13
kor_Hang,635,39,13
kor_Hang,635,40,13
kor_Hang,635,41,19
kor_Hang,635,42,13
kor_Hang,635,43,13
kor_Hang,635,44,13
kor_Hang,635,45,47
kor_Hang,635,46,47
kor_Hang,635,47,13
kor_Hang,635,48,13
kor_Hang,635,49,13
kor_Hang,635,50,13
kor_Hang,635,51,19
kor_Hang,635,52,13
kor_Hang,635,53,13
kor_Hang,635,54,13
kor_Hang,635,55,13
kor_Hang,635,56,13
kor_Hang,635,57,13
kor_Hang,635,58,47
kor_Hang,635,59,13
kor_Hang,635,60,13
kor_Hang,635,61,13
kor_Hang,635,62,13
kor_Hang,635,63,13
kor_Hang,635,64,19
kor_Hang,635,65,13
kor_Hang,635,66,13
kor_Hang,635,67,13
kor_Hang,635,68,13
kor_Hang,635,69,13
kor_Hang,635,70,13
kor_Hang,635,71,13
kor_Hang,635,72,34
kor_Hang,635,73,13
kor_Hang,635,74,13
kor_Hang,635,75,13
kor_Hang,635,76,13
kor_Hang,635,77,13
kor_Hang,635,78,13
kor_Hang,635,79,34
eng_Latn,636,0,60
eng_Latn,636,1,56
eng_Latn,636,2,54
eng_Latn,636,3,18
eng_Latn,636,4,21
eng_Latn,636,5,9
eng_Latn,636,6,18
eng_Latn,636,7,30
eng_Latn,636,8,30
eng_Latn,636,9,35
eng_Latn,636,10,34
kor_Hang,637,0,60
kor_Hang,637,1,13
kor_Hang,637,2,19
kor_Hang,637,3,13
kor_Hang,637,4,13
kor_Hang,637,5,13
kor_Hang,637,6,13
kor_Hang,637,7,13
kor_Hang,637,8,13
kor_Hang,637,9,13
kor_Hang,637,10,13
kor_Hang,637,11,13
kor_Hang,637,12,13
kor_Hang,637,13,13
kor_Hang,637,14,13
kor_Hang,637,15,13
kor_Hang,637,16,13
kor_Hang,637,17,13
kor_Hang,637,18,13
kor_Hang,637,19,13
kor_Hang,637,20,13
kor_Hang,637,21,13
kor_Hang,637,22,13
kor_Hang,637,23,13
kor_Hang,637,24,13
kor_Hang,637,25,13
kor_Hang,637,26,13
kor_Hang,637,27,13
kor_Hang,637,28,47
kor_Hang,637,29,19
kor_Hang,637,30,13
kor_Hang,637,31,19
kor_Hang,637,32,13
kor_Hang,637,33,13
kor_Hang,637,34,13
kor_Hang,637,35,13
kor_Hang,637,36,13
kor_Hang,637,37,13
kor_Hang,637,38,13
kor_Hang,637,39,19
kor_Hang,637,40,13
kor_Hang,637,41,13
kor_Hang,637,42,13
kor_Hang,637,43,19
kor_Hang,637,44,13
kor_Hang,637,45,61
kor_Hang,637,46,19
kor_Hang,637,47,13
kor_Hang,637,48,13
kor_Hang,637,49,13
kor_Hang,637,50,13
kor_Hang,637,51,13
kor_Hang,637,52,13
kor_Hang,637,53,34
kor_Hang,637,54,13
kor_Hang,637,55,34
kor_Hang,637,56,34
kor_Hang,637,57,34
eng_Latn,638,0,60
eng_Latn,638,1,6
eng_Latn,638,2,56
eng_Latn,638,3,63
eng_Latn,638,4,43
eng_Latn,638,5,63
eng_Latn,639,0,60
eng_Latn,639,1,53
eng_Latn,639,2,53
eng_Latn,639,3,38
eng_Latn,639,4,59
eng_Latn,639,5,46
eng_Latn,640,0,60
eng_Latn,640,1,45
eng_Latn,640,2,40
eng_Latn,640,3,49
eng_Latn,640,4,5
eng_Latn,640,5,19
kor_Hang,641,0,60
kor_Hang,641,1,13
kor_Hang,641,2,47
kor_Hang,641,3,13
kor_Hang,641,4,13
kor_Hang,641,5,13
kor_Hang,641,6,13
kor_Hang,641,7,13
kor_Hang,641,8,19
kor_Hang,641,9,13
kor_Hang,641,10,13
kor_Hang,641,11,34
kor_Hang,641,12,13
kor_Hang,641,13,13
kor_Hang,641,14,34
kor_Hang,641,15,13
kor_Hang,641,16,13
kor_Hang,641,17,13
kor_Hang,641,18,13
kor_Hang,641,19,13
kor_Hang,641,20,47
kor_Hang,641,21,19
kor_Hang,641,22,13
kor_Hang,641,23,13
kor_Hang,641,24,13
kor_Hang,641,25,13
kor_Hang,641,26,13
kor_Hang,641,27,13
kor_Hang,641,28,54
kor_Hang,641,29,13
kor_Hang,641,30,13
kor_Hang,641,31,19
kor_Hang,641,32,13
kor_Hang,641,33,13
kor_Hang,641,34,13
kor_Hang,641,35,47
kor_Hang,641,36,13
kor_Hang,641,37,13
kor_Hang,641,38,19
kor_Hang,641,39,13
kor_Hang,641,40,13
kor_Hang,641,41,13
kor_Hang,641,42,13
kor_Hang,641,43,13
kor_Hang,641,44,13
kor_Hang,641,45,34
eng_Latn,642,0,60
eng_Latn,642,1,9
eng_Latn,642,2,56
eng_Latn,642,3,46
eng_Latn,642,4,51
eng_Latn,643,0,60
eng_Latn,643,1,13
eng_Latn,643,2,49
eng_Latn,643,3,18
eng_Latn,643,4,18
eng_Latn,643,5,3
eng_Latn,643,6,57
eng_Latn,643,7,24
eng_Latn,643,8,3
eng_Latn,643,9,3
eng_Latn,643,10,3
eng_Latn,644,0,60
eng_Latn,644,1,22
eng_Latn,644,2,22
eng_Latn,644,3,34
eng_Latn,644,4,29
eng_Latn,644,5,34
eng_Latn,644,6,34
eng_Latn,645,0,60
eng_Latn,645,1,37
eng_Latn,645,2,57
eng_Latn,645,3,53
eng_Latn,645,4,3
eng_Latn,645,5,47
eng_Latn,646,0,60
eng_Latn,646,1,9
eng_Latn,646,2,22
eng_Latn,646,3,57
eng_Latn,646,4,15
eng_Latn,646,5,37
eng_Latn,646,6,37
eng_Latn,646,7,37
eng_Latn,646,8,40
eng_Latn,646,9,49
eng_Latn,647,0,60
eng_Latn,647,1,50
eng_Latn,647,2,4
eng_Latn,647,3,31
eng_Latn,647,4,41
eng_Latn,647,5,61
eng_Latn,647,6,4
eng_Latn,647,7,57
eng_Latn,647,8,51
eng_Latn,647,9,53
eng_Latn,647,10,37
eng_Latn,647,11,51
eng_Latn,648,0,60
eng_Latn,648,1,36
eng_Latn,648,2,56
eng_Latn,648,3,36
eng_Latn,648,4,36
eng_Latn,648,5,63
eng_Latn,649,0,60
eng_Latn,649,1,23
eng_Latn,649,2,29
eng_Latn,649,3,38
eng_Latn,649,4,54
eng_Latn,649,5,45
eng_Latn,649,6,41
eng_Latn,649,7,48
eng_Latn,649,8,56
eng_Latn,649,9,4
eng_Latn,650,0,60
eng_Latn,650,1,52
eng_Latn,650,2,17
eng_Latn,650,3,35
eng_Latn,650,4,50
eng_Latn,650,5,19
eng_Latn,650,6,16
eng_Latn,650,7,34
eng_Latn,650,8,42
eng_Latn,650,9,9
eng_Latn,650,10,54
eng_Latn,650,11,3
eng_Latn,651,0,60
eng_Latn,651,1,24
eng_Latn,651,2,41
eng_Latn,651,3,34
eng_Latn,651,4,34
eng_Latn,652,0,60
eng_Latn,652,1,33
eng_Latn,652,2,33
eng_Latn,652,3,33
eng_Latn,652,4,33
eng_Latn,652,5,33
eng_Latn,652,6,18
eng_Latn,652,7,18
eng_Latn,652,8,16
eng_Latn,653,0,60
eng_Latn,653,1,34
eng_Latn,653,2,34
eng_Latn,654,0,60
eng_Latn,654,1,22
eng_Latn,654,2,16
eng_Latn,654,3,20
eng_Latn,654,4,41
eng_Latn,654,5,34
eng_Latn,654,6,34
eng_Latn,655,0,60
eng_Latn,655,1,50
eng_Latn,655,2,56
eng_Latn,655,3,16
eng_Latn,655,4,62
eng_Latn,655,5,62
eng_Latn,655,6,52
eng_Latn,656,0,60
eng_Latn,656,1,29
eng_Latn,656,2,41
eng_Latn,656,3,57
eng_Latn,656,4,0
eng_Latn,656,5,31
eng_Latn,656,6,28
eng_Latn,656,7,6
eng_Latn,656,8,15
eng_Latn,657,0,60
eng_Latn,657,1,11
eng_Latn,657,2,12
eng_Latn,657,3,22
eng_Latn,657,4,46
eng_Latn,657,5,27
eng_Latn,657,6,26
eng_Latn,657,7,26
eng_Latn,657,8,26
eng_Latn,657,9,12
eng_Latn,657,10,26
eng_Latn,657,11,27
eng_Latn,657,12,39
eng_Latn,658,0,60
eng_Latn,658,1,24
eng_Latn,658,2,58
eng_Latn,658,3,9
eng_Latn,658,4,58
eng_Latn,658,5,58
eng_Latn,658,6,58
kor_Hang,659,0,60
kor_Hang,659,1,13
kor_Hang,659,2,13
kor_Hang,659,3,13
kor_Hang,659,4,13
kor_Hang,659,5,13
kor_Hang,659,6,13
kor_Hang,659,7,47
kor_Hang,659,8,47
kor_Hang,659,9,58
kor_Hang,659,10,13
kor_Hang,659,11,13
kor_Hang,659,12,13
kor_Hang,659,13,13
kor_Hang,659,14,13
kor_Hang,659,15,13
kor_Hang,659,16,13
kor_Hang,659,17,13
kor_Hang,659,18,47
kor_Hang,659,19,13
kor_Hang,659,20,19
kor_Hang,659,21,13
kor_Hang,659,22,19
kor_Hang,659,23,13
kor_Hang,659,24,13
kor_Hang,659,25,13
kor_Hang,659,26,13
kor_Hang,659,27,13
kor_Hang,659,28,13
kor_Hang,659,29,34
kor_Hang,659,30,13
kor_Hang,659,31,13
kor_Hang,659,32,19
kor_Hang,659,33,13
kor_Hang,659,34,13
kor_Hang,659,35,47
kor_Hang,659,36,34
kor_Hang,659,37,13
kor_Hang,659,38,13
kor_Hang,659,39,13
kor_Hang,659,40,19
kor_Hang,659,41,34
kor_Hang,659,42,13
kor_Hang,659,43,13
kor_Hang,659,44,13
kor_Hang,659,45,61
kor_Hang,659,46,13
kor_Hang,659,47,13
kor_Hang,659,48,13
kor_Hang,659,49,13
kor_Hang,659,50,13
kor_Hang,659,51,13
kor_Hang,659,52,13
kor_Hang,659,53,34
kor_Hang,659,54,13
kor_Hang,659,55,13
kor_Hang,659,56,13
kor_Hang,659,57,13
kor_Hang,659,58,13
kor_Hang,659,59,34
kor_Hang,659,60,34
kor_Hang,659,61,34
kor_Hang,659,62,34
eng_Latn,660,0,60
eng_Latn,660,1,53
eng_Latn,660,2,19
eng_Latn,661,0,60
eng_Latn,661,1,16
eng_Latn,661,2,54
eng_Latn,661,3,46
eng_Latn,661,4,5
eng_Latn,661,5,18
eng_Latn,661,6,56
eng_Latn,661,7,46
eng_Latn,661,8,5
eng_Latn,661,9,16
eng_Latn,661,10,56
eng_Latn,661,11,1
kor_Hang,662,0,60
kor_Hang,662,1,13
kor_Hang,662,2,13
kor_Hang,662,3,13
kor_Hang,662,4,13
kor_Hang,662,5,13
kor_Hang,662,6,13
kor_Hang,662,7,13
kor_Hang,662,8,13
kor_Hang,662,9,13
kor_Hang,662,10,13
kor_Hang,662,11,47
kor_Hang,662,12,13
kor_Hang,662,13,13
kor_Hang,662,14,13
kor_Hang,662,15,13
kor_Hang,662,16,13
kor_Hang,662,17,13
kor_Hang,662,18,13
kor_Hang,662,19,13
kor_Hang,662,20,13
kor_Hang,662,21,13
kor_Hang,662,22,13
kor_Hang,662,23,19
kor_Hang,662,24,13
kor_Hang,662,25,13
kor_Hang,662,26,13
kor_Hang,662,27,47
kor_Hang,662,28,13
kor_Hang,662,29,13
eng_Latn,663,0,60
eng_Latn,663,1,46
eng_Latn,663,2,50
eng_Latn,663,3,16
eng_Latn,663,4,50
eng_Latn,663,5,16
eng_Latn,663,6,37
eng_Latn,663,7,52
eng_Latn,663,8,35
eng_Latn,663,9,52
eng_Latn,663,10,57
eng_Latn,664,0,60
eng_Latn,664,1,20
eng_Latn,664,2,49
eng_Latn,665,0,60
eng_Latn,665,1,38
eng_Latn,665,2,63
eng_Latn,665,3,56
eng_Latn,665,4,34
eng_Latn,666,0,60
eng_Latn,666,1,47
eng_Latn,666,2,1
eng_Latn,666,3,52
eng_Latn,666,4,52
eng_Latn,666,5,49
eng_Latn,666,6,49
kor_Hang,667,0,60
kor_Hang,667,1,19
kor_Hang,667,2,13
kor_Hang,667,3,13
kor_Hang,667,4,13
kor_Hang,667,5,13
kor_Hang,667,6,13
kor_Hang,667,7,13
kor_Hang,667,8,13
kor_Hang,667,9,13
kor_Hang,667,10,51
kor_Hang,667,11,13
kor_Hang,667,12,13
kor_Hang,667,13,19
kor_Hang,667,14,13
kor_Hang,667,15,13
kor_Hang,667,16,13
kor_Hang,667,17,19
kor_Hang,667,18,13
kor_Hang,667,19,19
kor_Hang,667,20,34
kor_Hang,667,21,13
kor_Hang,667,22,13
kor_Hang,667,23,13
kor_Hang,667,24,13
kor_Hang,667,25,13
kor_Hang,667,26,13
kor_Hang,667,27,13
kor_Hang,667,28,13
kor_Hang,667,29,61
kor_Hang,667,30,13
kor_Hang,667,31,13
kor_Hang,667,32,19
kor_Hang,667,33,13
kor_Hang,667,34,13
kor_Hang,667,35,13
kor_Hang,667,36,13
kor_Hang,667,37,13
kor_Hang,667,38,13
kor_Hang,667,39,13
kor_Hang,667,40,13
kor_Hang,667,41,13
kor_Hang,667,42,13
kor_Hang,667,43,34
kor_Hang,668,0,60
kor_Hang,668,1,19
kor_Hang,668,2,13
kor_Hang,668,3,13
kor_Hang,668,4,13
kor_Hang,668,5,13
kor_Hang,668,6,13
kor_Hang,668,7,13
kor_Hang,668,8,13
kor_Hang,668,9,13
kor_Hang,668,10,13
kor_Hang,668,11,13
kor_Hang,668,12,13
kor_Hang,668,13,13
kor_Hang,668,14,13
kor_Hang,668,15,13
kor_Hang,668,16,13
kor_Hang,668,17,13
kor_Hang,668,18,47
kor_Hang,668,19,61
kor_Hang,668,20,19
kor_Hang,668,21,13
kor_Hang,668,22,34
kor_Hang,668,23,42
kor_Hang,668,24,13
kor_Hang,668,25,13
kor_Hang,668,26,13
kor_Hang,668,27,19
kor_Hang,668,28,13
kor_Hang,668,29,13
kor_Hang,668,30,13
kor_Hang,668,31,13
kor_Hang,668,32,54
kor_Hang,668,33,13
kor_Hang,668,34,13
kor_Hang,668,35,13
kor_Hang,668,36,13
kor_Hang,668,37,13
kor_Hang,668,38,60
kor_Hang,668,39,13
kor_Hang,668,40,1
kor_Hang,668,41,52
kor_Hang,668,42,37
kor_Hang,668,43,13
kor_Hang,668,44,52
kor_Hang,668,45,13
kor_Hang,668,46,52
kor_Hang,668,47,9
kor_Hang,668,48,42
kor_Hang,668,49,13
kor_Hang,668,50,19
kor_Hang,668,51,13
eng_Latn,669,0,60
eng_Latn,669,1,35
eng_Latn,669,2,63
eng_Latn,669,3,63
eng_Latn,669,4,35
eng_Latn,669,5,63
eng_Latn,669,6,24
eng_Latn,669,7,37
kor_Hang,670,0,60
kor_Hang,670,1,13
kor_Hang,670,2,19
kor_Hang,670,3,13
kor_Hang,670,4,13
kor_Hang,670,5,13
kor_Hang,670,6,13
kor_Hang,670,7,13
kor_Hang,670,8,13
kor_Hang,670,9,13
kor_Hang,670,10,13
kor_Hang,670,11,13
kor_Hang,670,12,13
kor_Hang,670,13,13
kor_Hang,670,14,13
kor_Hang,670,15,13
kor_Hang,670,16,13
kor_Hang,670,17,13
kor_Hang,670,18,47
kor_Hang,670,19,13
kor_Hang,670,20,13
kor_Hang,670,21,13
kor_Hang,670,22,13
kor_Hang,670,23,13
kor_Hang,670,24,13
kor_Hang,670,25,13
kor_Hang,670,26,13
kor_Hang,670,27,19
kor_Hang,670,28,13
kor_Hang,670,29,13
kor_Hang,670,30,19
kor_Hang,670,31,13
kor_Hang,670,32,13
kor_Hang,670,33,13
kor_Hang,670,34,13
kor_Hang,670,35,13
kor_Hang,670,36,13
kor_Hang,670,37,13
kor_Hang,670,38,13
kor_Hang,670,39,13
kor_Hang,670,40,34
kor_Hang,670,41,13
kor_Hang,670,42,13
kor_Hang,670,43,19
kor_Hang,670,44,13
kor_Hang,670,45,13
kor_Hang,670,46,13
kor_Hang,670,47,34
kor_Hang,670,48,13
kor_Hang,670,49,13
kor_Hang,670,50,13
kor_Hang,670,51,13
kor_Hang,670,52,13
kor_Hang,670,53,13
kor_Hang,670,54,13
kor_Hang,670,55,13
kor_Hang,670,56,19
kor_Hang,670,57,13
kor_Hang,670,58,34
eng_Latn,671,0,60
eng_Latn,671,1,52
eng_Latn,671,2,61
eng_Latn,671,3,19
eng_Latn,671,4,9
eng_Latn,671,5,26
eng_Latn,671,6,59
eng_Latn,671,7,57
eng_Latn,671,8,19
eng_Latn,671,9,48
eng_Latn,671,10,37
eng_Latn,671,11,37
eng_Latn,671,12,57
eng_Latn,672,0,60
eng_Latn,672,1,17
eng_Latn,672,2,9
eng_Latn,672,3,56
eng_Latn,672,4,54
eng_Latn,672,5,18
eng_Latn,672,6,9
eng_Latn,672,7,56
eng_Latn,672,8,16
eng_Latn,672,9,51
eng_Latn,673,0,60
eng_Latn,673,1,18
eng_Latn,673,2,20
eng_Latn,673,3,16
eng_Latn,673,4,31
eng_Latn,673,5,53
eng_Latn,673,6,20
eng_Latn,673,7,16
eng_Latn,674,0,60
eng_Latn,674,1,37
eng_Latn,674,2,62
eng_Latn,674,3,12
eng_Latn,674,4,35
eng_Latn,674,5,22
eng_Latn,674,6,16
eng_Latn,675,0,60
eng_Latn,675,1,2
eng_Latn,675,2,5
eng_Latn,675,3,19
eng_Latn,675,4,19
eng_Latn,675,5,46
eng_Latn,675,6,5
eng_Latn,675,7,61
eng_Latn,676,0,60
eng_Latn,676,1,54
eng_Latn,676,2,18
eng_Latn,676,3,21
eng_Latn,676,4,41
eng_Latn,676,5,57
eng_Latn,676,6,20
eng_Latn,676,7,4
eng_Latn,676,8,34
eng_Latn,677,0,60
eng_Latn,677,1,29
eng_Latn,677,2,57
eng_Latn,677,3,31
eng_Latn,677,4,59
eng_Latn,677,5,46
eng_Latn,677,6,51
eng_Latn,677,7,16
eng_Latn,677,8,45
eng_Latn,677,9,45
eng_Latn,677,10,34
kor_Hang,678,0,60
kor_Hang,678,1,13
kor_Hang,678,2,13
kor_Hang,678,3,13
kor_Hang,678,4,13
kor_Hang,678,5,13
kor_Hang,678,6,13
kor_Hang,678,7,13
kor_Hang,678,8,13
kor_Hang,678,9,13
kor_Hang,678,10,13
kor_Hang,678,11,19
kor_Hang,678,12,19
kor_Hang,678,13,13
kor_Hang,678,14,13
kor_Hang,678,15,13
kor_Hang,678,16,13
kor_Hang,678,17,13
kor_Hang,678,18,13
kor_Hang,678,19,13
kor_Hang,678,20,13
kor_Hang,678,21,13
kor_Hang,678,22,13
kor_Hang,678,23,13
kor_Hang,678,24,13
kor_Hang,678,25,13
kor_Hang,678,26,13
kor_Hang,678,27,13
kor_Hang,678,28,19
kor_Hang,678,29,39
kor_Hang,678,30,47
kor_Hang,678,31,47
kor_Hang,678,32,39
kor_Hang,678,33,19
kor_Hang,678,34,19
kor_Hang,678,35,13
kor_Hang,678,36,13
kor_Hang,678,37,13
kor_Hang,678,38,13
kor_Hang,678,39,13
kor_Hang,678,40,13
kor_Hang,678,41,13
kor_Hang,678,42,13
kor_Hang,678,43,13
kor_Hang,678,44,13
kor_Hang,678,45,13
kor_Hang,678,46,34
kor_Hang,678,47,13
kor_Hang,678,48,34
eng_Latn,679,0,60
eng_Latn,679,1,19
eng_Latn,679,2,49
eng_Latn,679,3,27
eng_Latn,679,4,49
eng_Latn,679,5,9
eng_Latn,679,6,37
eng_Latn,679,7,48
eng_Latn,679,8,48
eng_Latn,679,9,9
eng_Latn,679,10,0
eng_Latn,679,11,17
eng_Latn,679,12,53
eng_Latn,679,13,59
eng_Latn,679,14,16
eng_Latn,680,0,60
eng_Latn,680,1,40
eng_Latn,680,2,46
eng_Latn,680,3,47
eng_Latn,680,4,19
eng_Latn,680,5,34
eng_Latn,681,0,60
eng_Latn,681,1,48
eng_Latn,681,2,56
eng_Latn,681,3,63
eng_Latn,681,4,33
eng_Latn,681,5,24
eng_Latn,681,6,19
eng_Latn,681,7,25
eng_Latn,681,8,7
eng_Latn,681,9,63
eng_Latn,682,0,60
eng_Latn,682,1,4
eng_Latn,682,2,54
eng_Latn,682,3,51
eng_Latn,682,4,11
eng_Latn,682,5,54
eng_Latn,682,6,17
eng_Latn,682,7,4
eng_Latn,683,0,60
eng_Latn,683,1,52
eng_Latn,683,2,18
eng_Latn,683,3,16
eng_Latn,683,4,18
eng_Latn,683,5,16
eng_Latn,683,6,34
eng_Latn,683,7,56
eng_Latn,683,8,33
eng_Latn,683,9,26
eng_Latn,683,10,40
eng_Latn,683,11,13
eng_Latn,684,0,60
eng_Latn,684,1,37
eng_Latn,684,2,37
eng_Latn,684,3,52
eng_Latn,684,4,37
eng_Latn,685,0,60
eng_Latn,685,1,9
eng_Latn,685,2,9
eng_Latn,685,3,9
eng_Latn,685,4,22
eng_Latn,685,5,57
eng_Latn,685,6,48
eng_Latn,685,7,17
eng_Latn,685,8,16
eng_Latn,685,9,51
eng_Latn,686,0,60
eng_Latn,686,1,46
eng_Latn,686,2,63
eng_Latn,686,3,63
eng_Latn,686,4,19
eng_Latn,687,0,60
eng_Latn,687,1,18
eng_Latn,687,2,56
eng_Latn,687,3,21
eng_Latn,687,4,35
eng_Latn,687,5,21
eng_Latn,687,6,4
eng_Latn,687,7,2
eng_Latn,687,8,61
eng_Latn,687,9,26
eng_Latn,687,10,26
eng_Latn,687,11,50
eng_Latn,687,12,16
eng_Latn,688,0,60
eng_Latn,688,1,48
eng_Latn,688,2,18
eng_Latn,688,3,18
eng_Latn,688,4,63
eng_Latn,688,5,30
eng_Latn,688,6,30
eng_Latn,688,7,33
eng_Latn,689,0,60
eng_Latn,689,1,9
eng_Latn,689,2,38
eng_Latn,689,3,15
eng_Latn,689,4,56
eng_Latn,689,5,63
eng_Latn,689,6,60
eng_Latn,689,7,40
eng_Latn,689,8,63
eng_Latn,690,0,60
eng_Latn,690,1,35
eng_Latn,690,2,63
eng_Latn,690,3,63
eng_Latn,690,4,63
eng_Latn,690,5,24
eng_Latn,690,6,37
kor_Hang,691,0,60
kor_Hang,691,1,9
kor_Hang,691,2,60
kor_Hang,691,3,13
kor_Hang,691,4,19
kor_Hang,691,5,13
kor_Hang,691,6,13
kor_Hang,691,7,13
kor_Hang,691,8,13
kor_Hang,691,9,13
kor_Hang,691,10,13
kor_Hang,691,11,13
kor_Hang,691,12,13
kor_Hang,691,13,13
kor_Hang,691,14,13
kor_Hang,691,15,13
kor_Hang,691,16,13
kor_Hang,691,17,13
kor_Hang,691,18,13
kor_Hang,691,19,13
kor_Hang,691,20,13
kor_Hang,691,21,13
kor_Hang,691,22,13
kor_Hang,691,23,19
kor_Hang,691,24,13
kor_Hang,691,25,13
kor_Hang,691,26,13
kor_Hang,691,27,13
kor_Hang,691,28,13
kor_Hang,691,29,13
kor_Hang,691,30,13
kor_Hang,691,31,13
kor_Hang,691,32,13
kor_Hang,691,33,13
kor_Hang,691,34,13
kor_Hang,691,35,13
kor_Hang,691,36,13
kor_Hang,691,37,13
kor_Hang,691,38,13
kor_Hang,691,39,13
kor_Hang,691,40,13
kor_Hang,691,41,13
kor_Hang,691,42,13
kor_Hang,691,43,13
kor_Hang,691,44,13
kor_Hang,691,45,13
kor_Hang,691,46,13
kor_Hang,691,47,34
kor_Hang,691,48,13
kor_Hang,691,49,13
kor_Hang,691,50,34
eng_Latn,692,0,60
eng_Latn,692,1,49
eng_Latn,692,2,12
eng_Latn,692,3,39
kor_Hang,693,0,60
kor_Hang,693,1,47
kor_Hang,693,2,47
kor_Hang,693,3,13
kor_Hang,693,4,13
kor_Hang,693,5,13
kor_Hang,693,6,13
kor_Hang,693,7,19
kor_Hang,693,8,13
kor_Hang,693,9,13
kor_Hang,693,10,13
kor_Hang,693,11,13
kor_Hang,693,12,13
kor_Hang,693,13,13
kor_Hang,693,14,13
kor_Hang,693,15,13
kor_Hang,693,16,13
kor_Hang,693,17,13
kor_Hang,693,18,13
kor_Hang,693,19,13
kor_Hang,693,20,13
kor_Hang,693,21,13
kor_Hang,693,22,13
kor_Hang,693,23,13
kor_Hang,693,24,13
kor_Hang,693,25,34
kor_Hang,693,26,19
kor_Hang,693,27,13
kor_Hang,693,28,34
eng_Latn,694,0,60
eng_Latn,694,1,42
eng_Latn,694,2,18
eng_Latn,694,3,16
eng_Latn,694,4,54
eng_Latn,694,5,63
eng_Latn,694,6,30
eng_Latn,694,7,37
eng_Latn,694,8,47
eng_Latn,695,0,60
eng_Latn,695,1,20
eng_Latn,695,2,35
eng_Latn,695,3,63
eng_Latn,695,4,53
eng_Latn,695,5,35
eng_Latn,695,6,15
eng_Latn,696,0,60
eng_Latn,696,1,17
eng_Latn,696,2,9
eng_Latn,696,3,56
eng_Latn,696,4,54
eng_Latn,696,5,38
eng_Latn,696,6,46
eng_Latn,696,7,56
eng_Latn,696,8,56
eng_Latn,696,9,4
eng_Latn,696,10,18
eng_Latn,696,11,50
eng_Latn,696,12,16
kor_Hang,697,0,60
kor_Hang,697,1,19
kor_Hang,697,2,47
kor_Hang,697,3,19
kor_Hang,697,4,39
kor_Hang,697,5,19
kor_Hang,697,6,13
kor_Hang,697,7,13
kor_Hang,697,8,13
kor_Hang,697,9,13
kor_Hang,697,10,19
kor_Hang,697,11,13
kor_Hang,697,12,13
kor_Hang,697,13,13
kor_Hang,697,14,13
kor_Hang,697,15,13
kor_Hang,697,16,13
kor_Hang,697,17,13
kor_Hang,697,18,13
kor_Hang,697,19,13
kor_Hang,697,20,13
kor_Hang,697,21,13
kor_Hang,697,22,13
kor_Hang,697,23,13
kor_Hang,697,24,34
kor_Hang,697,25,19
kor_Hang,697,26,13
kor_Hang,697,27,13
kor_Hang,697,28,13
kor_Hang,697,29,13
kor_Hang,697,30,13
kor_Hang,697,31,13
kor_Hang,697,32,13
kor_Hang,697,33,13
kor_Hang,697,34,13
kor_Hang,697,35,34
kor_Hang,697,36,19
kor_Hang,697,37,13
kor_Hang,697,38,34
eng_Latn,698,0,60
eng_Latn,698,1,40
eng_Latn,698,2,16
eng_Latn,698,3,51
eng_Latn,699,0,60
eng_Latn,699,1,52
eng_Latn,699,2,57
eng_Latn,699,3,57
eng_Latn,699,4,12
eng_Latn,699,5,1
eng_Latn,699,6,19
eng_Latn,699,7,15
eng_Latn,699,8,56
eng_Latn,699,9,19
eng_Latn,699,10,52
eng_Latn,699,11,3
eng_Latn,699,12,3
eng_Latn,699,13,57
eng_Latn,699,14,46
eng_Latn,700,0,60
eng_Latn,700,1,57
eng_Latn,700,2,47
eng_Latn,700,3,8
eng_Latn,700,4,47
eng_Latn,701,0,60
eng_Latn,701,1,40
eng_Latn,701,2,22
eng_Latn,701,3,12
eng_Latn,701,4,26
eng_Latn,701,5,13
eng_Latn,701,6,49
eng_Latn,701,7,19
eng_Latn,701,8,39
eng_Latn,701,9,18
eng_Latn,701,10,26
eng_Latn,702,0,60
eng_Latn,702,1,57
eng_Latn,702,2,34
eng_Latn,702,3,20
eng_Latn,702,4,52
eng_Latn,702,5,49
eng_Latn,702,6,9
eng_Latn,702,7,37
eng_Latn,702,8,37
eng_Latn,702,9,19
eng_Latn,702,10,46
eng_Latn,703,0,60
eng_Latn,703,1,52
eng_Latn,703,2,48
eng_Latn,703,3,56
eng_Latn,703,4,34
eng_Latn,703,5,34
eng_Latn,704,0,60
eng_Latn,704,1,9
eng_Latn,704,2,56
eng_Latn,704,3,41
eng_Latn,704,4,24
eng_Latn,704,5,52
eng_Latn,704,6,52
eng_Latn,704,7,52
eng_Latn,704,8,57
eng_Latn,704,9,41
eng_Latn,704,10,2
eng_Latn,704,11,18
eng_Latn,704,12,48
eng_Latn,704,13,18
eng_Latn,704,14,16
eng_Latn,705,0,60
eng_Latn,705,1,11
eng_Latn,705,2,54
eng_Latn,705,3,45
eng_Latn,705,4,34
eng_Latn,705,5,34
eng_Latn,705,6,30
eng_Latn,705,7,49
eng_Latn,705,8,14
kor_Hang,706,0,60
kor_Hang,706,1,13
kor_Hang,706,2,13
kor_Hang,706,3,13
kor_Hang,706,4,13
kor_Hang,706,5,13
kor_Hang,706,6,13
kor_Hang,706,7,13
kor_Hang,706,8,24
kor_Hang,706,9,13
kor_Hang,706,10,19
kor_Hang,706,11,13
kor_Hang,706,12,7
kor_Hang,706,13,13
kor_Hang,706,14,13
kor_Hang,706,15,13
kor_Hang,706,16,13
kor_Hang,706,17,13
kor_Hang,706,18,13
kor_Hang,706,19,13
kor_Hang,706,20,13
kor_Hang,706,21,13
kor_Hang,706,22,13
kor_Hang,706,23,13
kor_Hang,706,24,13
kor_Hang,706,25,13
kor_Hang,706,26,13
kor_Hang,706,27,13
kor_Hang,706,28,13
kor_Hang,706,29,13
kor_Hang,706,30,61
kor_Hang,706,31,19
kor_Hang,706,32,13
kor_Hang,706,33,13
kor_Hang,706,34,13
kor_Hang,706,35,13
kor_Hang,706,36,13
kor_Hang,706,37,13
kor_Hang,706,38,13
kor_Hang,706,39,13
kor_Hang,706,40,19
kor_Hang,706,41,13
kor_Hang,706,42,13
kor_Hang,706,43,13
kor_Hang,706,44,13
kor_Hang,706,45,13
kor_Hang,706,46,13
kor_Hang,706,47,13
kor_Hang,706,48,13
kor_Hang,706,49,13
kor_Hang,707,0,60
kor_Hang,707,1,52
kor_Hang,707,2,52
kor_Hang,707,3,13
kor_Hang,707,4,52
kor_Hang,707,5,52
kor_Hang,707,6,52
kor_Hang,707,7,13
kor_Hang,707,8,13
kor_Hang,707,9,13
kor_Hang,707,10,52
kor_Hang,707,11,52
kor_Hang,707,12,52
kor_Hang,707,13,52
kor_Hang,707,14,37
kor_Hang,707,15,52
kor_Hang,707,16,52
kor_Hang,707,17,52
kor_Hang,707,18,52
kor_Hang,707,19,13
kor_Hang,707,20,13
kor_Hang,707,21,13
kor_Hang,707,22,13
kor_Hang,707,23,13
kor_Hang,707,24,13
kor_Hang,707,25,13
kor_Hang,707,26,13
kor_Hang,707,27,13
kor_Hang,707,28,13
kor_Hang,707,29,13
kor_Hang,707,30,19
kor_Hang,707,31,13
kor_Hang,707,32,13
kor_Hang,707,33,13
kor_Hang,707,34,61
kor_Hang,707,35,13
kor_Hang,707,36,13
kor_Hang,707,37,13
kor_Hang,707,38,13
kor_Hang,707,39,13
kor_Hang,707,40,13
kor_Hang,707,41,13
kor_Hang,707,42,13
kor_Hang,707,43,13
kor_Hang,707,44,13
kor_Hang,707,45,13
kor_Hang,707,46,13
kor_Hang,707,47,13
kor_Hang,707,48,13
kor_Hang,707,49,13
kor_Hang,707,50,34
kor_Hang,708,0,60
kor_Hang,708,1,13
kor_Hang,708,2,13
kor_Hang,708,3,13
kor_Hang,708,4,13
kor_Hang,708,5,13
kor_Hang,708,6,13
kor_Hang,708,7,13
kor_Hang,708,8,13
kor_Hang,708,9,13
kor_Hang,708,10,13
kor_Hang,708,11,13
kor_Hang,708,12,19
kor_Hang,708,13,13
kor_Hang,708,14,13
kor_Hang,708,15,13
kor_Hang,708,16,13
kor_Hang,708,17,13
kor_Hang,708,18,13
kor_Hang,708,19,13
kor_Hang,708,20,47
kor_Hang,708,21,19
kor_Hang,708,22,47
kor_Hang,708,23,19
kor_Hang,708,24,39
kor_Hang,708,25,13
kor_Hang,708,26,47
kor_Hang,708,27,13
kor_Hang,708,28,13
kor_Hang,708,29,13
kor_Hang,708,30,13
kor_Hang,708,31,13
kor_Hang,708,32,34
kor_Hang,708,33,34
kor_Hang,708,34,34
kor_Hang,708,35,34
eng_Latn,709,0,60
eng_Latn,709,1,47
eng_Latn,709,2,8
eng_Latn,709,3,33
eng_Latn,709,4,33
eng_Latn,709,5,63
eng_Latn,709,6,12
eng_Latn,709,7,61
eng_Latn,709,8,26
eng_Latn,709,9,26
eng_Latn,709,10,26
eng_Latn,709,11,60
eng_Latn,710,0,60
eng_Latn,710,1,18
eng_Latn,710,2,14
eng_Latn,710,3,49
eng_Latn,710,4,49
eng_Latn,710,5,12
eng_Latn,710,6,61
eng_Latn,711,0,60
eng_Latn,711,1,29
eng_Latn,711,2,38
eng_Latn,711,3,57
eng_Latn,711,4,53
eng_Latn,711,5,61
eng_Latn,712,0,60
eng_Latn,712,1,18
eng_Latn,712,2,16
eng_Latn,712,3,38
eng_Latn,712,4,46
eng_Latn,712,5,20
eng_Latn,712,6,38
eng_Latn,712,7,15
eng_Latn,713,0,60
eng_Latn,713,1,51
eng_Latn,713,2,58
eng_Latn,713,3,12
eng_Latn,713,4,61
eng_Latn,714,0,60
eng_Latn,714,1,45
eng_Latn,714,2,45
eng_Latn,714,3,40
eng_Latn,714,4,40
eng_Latn,714,5,61
eng_Latn,714,6,49
eng_Latn,714,7,56
eng_Latn,714,8,31
kor_Hang,715,0,60
kor_Hang,715,1,52
kor_Hang,715,2,12
kor_Hang,715,3,11
kor_Hang,715,4,57
kor_Hang,715,5,61
kor_Hang,715,6,19
kor_Hang,715,7,9
kor_Hang,715,8,12
kor_Hang,715,9,52
eng_Latn,716,0,60
eng_Latn,716,1,60
eng_Latn,716,2,61
eng_Latn,716,3,39
eng_Latn,716,4,7
eng_Latn,716,5,11
eng_Latn,716,6,35
eng_Latn,716,7,48
eng_Latn,716,8,56
eng_Latn,716,9,54
eng_Latn,716,10,35
eng_Latn,716,11,35
eng_Latn,716,12,51
eng_Latn,717,0,60
eng_Latn,717,1,61
eng_Latn,717,2,62
eng_Latn,717,3,35
eng_Latn,717,4,8
eng_Latn,717,5,50
eng_Latn,717,6,16
eng_Latn,717,7,20
eng_Latn,717,8,43
eng_Latn,717,9,15
eng_Latn,718,0,60
eng_Latn,718,1,20
eng_Latn,718,2,15
eng_Latn,718,3,51
eng_Latn,719,0,60
eng_Latn,719,1,11
eng_Latn,719,2,40
eng_Latn,719,3,40
eng_Latn,719,4,49
eng_Latn,719,5,9
eng_Latn,719,6,11
eng_Latn,719,7,60
eng_Latn,719,8,19
eng_Latn,719,9,22
eng_Latn,720,0,60
eng_Latn,720,1,8
eng_Latn,720,2,8
eng_Latn,720,3,34
eng_Latn,720,4,42
eng_Latn,720,5,18
eng_Latn,720,6,16
eng_Latn,721,0,60
eng_Latn,721,1,27
eng_Latn,721,2,49
eng_Latn,721,3,49
eng_Latn,722,0,60
eng_Latn,722,1,45
eng_Latn,722,2,20
eng_Latn,722,3,0
eng_Latn,722,4,53
eng_Latn,722,5,41
eng_Latn,722,6,21
eng_Latn,722,7,51
eng_Latn,723,0,60
eng_Latn,723,1,52
eng_Latn,723,2,57
eng_Latn,723,3,48
eng_Latn,723,4,2
eng_Latn,723,5,19
eng_Latn,723,6,31
eng_Latn,723,7,53
eng_Latn,723,8,3
eng_Latn,723,9,31
eng_Latn,724,0,60
eng_Latn,724,1,17
eng_Latn,724,2,18
eng_Latn,724,3,20
eng_Latn,724,4,41
eng_Latn,724,5,56
eng_Latn,724,6,41
eng_Latn,724,7,33
eng_Latn,725,0,60
eng_Latn,725,1,33
eng_Latn,725,2,33
eng_Latn,725,3,33
eng_Latn,725,4,33
eng_Latn,725,5,33
eng_Latn,725,6,63
eng_Latn,726,0,60
eng_Latn,726,1,22
eng_Latn,726,2,51
eng_Latn,727,0,60
eng_Latn,727,1,17
eng_Latn,727,2,17
eng_Latn,727,3,2
eng_Latn,727,4,30
eng_Latn,727,5,35
eng_Latn,727,6,41
eng_Latn,727,7,15
eng_Latn,728,0,60
eng_Latn,728,1,54
eng_Latn,728,2,46
eng_Latn,728,3,34
eng_Latn,729,0,60
eng_Latn,729,1,52
eng_Latn,729,2,17
eng_Latn,729,3,1
eng_Latn,729,4,21
eng_Latn,729,5,20
eng_Latn,729,6,37
eng_Latn,729,7,47
eng_Latn,730,0,60
eng_Latn,730,1,49
eng_Latn,730,2,46
eng_Latn,730,3,61
eng_Latn,730,4,33
eng_Latn,731,0,60
eng_Latn,731,1,35
eng_Latn,731,2,57
eng_Latn,731,3,45
eng_Latn,731,4,10
eng_Latn,731,5,16
eng_Latn,731,6,2
eng_Latn,731,7,54
eng_Latn,731,8,9
eng_Latn,731,9,54
eng_Latn,731,10,22
eng_Latn,731,11,51
eng_Latn,731,12,51
eng_Latn,732,0,60
eng_Latn,732,1,53
eng_Latn,732,2,49
eng_Latn,733,0,60
eng_Latn,733,1,45
eng_Latn,733,2,63
kor_Hang,734,0,60
kor_Hang,734,1,47
kor_Hang,734,2,19
kor_Hang,734,3,13
kor_Hang,734,4,13
kor_Hang,734,5,13
kor_Hang,734,6,61
kor_Hang,734,7,13
kor_Hang,734,8,12
kor_Hang,734,9,52
kor_Hang,734,10,57
kor_Hang,734,11,13
kor_Hang,734,12,12
kor_Hang,734,13,13
kor_Hang,734,14,47
kor_Hang,734,15,61
kor_Hang,734,16,13
kor_Hang,734,17,13
kor_Hang,734,18,13
kor_Hang,734,19,61
kor_Hang,734,20,13
kor_Hang,734,21,1
kor_Hang,734,22,52
eng_Latn,735,0,60
eng_Latn,735,1,9
eng_Latn,735,2,56
eng_Latn,735,3,38
eng_Latn,735,4,17
eng_Latn,735,5,41
eng_Latn,735,6,57
eng_Latn,735,7,2
eng_Latn,735,8,51
eng_Latn,736,0,60
eng_Latn,736,1,57
eng_Latn,736,2,57
eng_Latn,736,3,20
eng_Latn,736,4,56
eng_Latn,736,5,16
eng_Latn,736,6,14
eng_Latn,736,7,35
eng_Latn,736,8,63
kor_Hang,737,0,60
kor_Hang,737,1,13
kor_Hang,737,2,13
kor_Hang,737,3,19
kor_Hang,737,4,13
kor_Hang,737,5,47
kor_Hang,737,6,47
kor_Hang,737,7,13
kor_Hang,737,8,13
kor_Hang,737,9,13
kor_Hang,737,10,13
kor_Hang,737,11,13
kor_Hang,737,12,19
kor_Hang,737,13,39
kor_Hang,737,14,47
kor_Hang,737,15,19
kor_Hang,737,16,19
kor_Hang,737,17,13
kor_Hang,737,18,19
kor_Hang,737,19,13
kor_Hang,737,20,13
kor_Hang,737,21,19
kor_Hang,737,22,47
kor_Hang,737,23,13
kor_Hang,737,24,13
kor_Hang,737,25,13
kor_Hang,737,26,47
kor_Hang,737,27,13
kor_Hang,737,28,13
kor_Hang,737,29,13
kor_Hang,737,30,13
kor_Hang,737,31,13
kor_Hang,737,32,13
kor_Hang,737,33,19
kor_Hang,737,34,13
kor_Hang,737,35,13
kor_Hang,737,36,19
kor_Hang,737,37,34
kor_Hang,737,38,13
kor_Hang,737,39,13
kor_Hang,737,40,13
kor_Hang,737,41,19
kor_Hang,737,42,13
kor_Hang,737,43,19
kor_Hang,737,44,19
kor_Hang,737,45,47
kor_Hang,737,46,13
kor_Hang,737,47,13
kor_Hang,737,48,19
kor_Hang,737,49,13
kor_Hang,737,50,13
kor_Hang,737,51,19
kor_Hang,737,52,13
kor_Hang,737,53,13
kor_Hang,737,54,47
kor_Hang,737,55,13
kor_Hang,737,56,13
kor_Hang,737,57,13
kor_Hang,737,58,13
kor_Hang,737,59,13
kor_Hang,737,60,47
kor_Hang,737,61,19
kor_Hang,737,62,13
kor_Hang,737,63,13
kor_Hang,737,64,19
kor_Hang,737,65,13
kor_Hang,737,66,13
kor_Hang,737,67,13
kor_Hang,737,68,13
kor_Hang,737,69,47
kor_Hang,737,70,19
kor_Hang,737,71,47
kor_Hang,737,72,19
kor_Hang,737,73,13
kor_Hang,737,74,13
kor_Hang,737,75,47
kor_Hang,737,76,13
kor_Hang,737,77,13
kor_Hang,737,78,47
kor_Hang,737,79,47
kor_Hang,737,80,13
kor_Hang,737,81,13
kor_Hang,737,82,13
kor_Hang,737,83,19
kor_Hang,737,84,13
kor_Hang,737,85,13
eng_Latn,738,0,60
eng_Latn,738,1,51
eng_Latn,738,2,18
eng_Latn,738,3,18
eng_Latn,738,4,21
eng_Latn,738,5,16
eng_Latn,738,6,54
eng_Latn,738,7,52
eng_Latn,738,8,52
eng_Latn,738,9,52
eng_Latn,738,10,37
eng_Latn,738,11,49
eng_Latn,739,0,60
eng_Latn,739,1,16
eng_Latn,739,2,60
eng_Latn,739,3,9
eng_Latn,739,4,0
eng_Latn,739,5,19
eng_Latn,739,6,19
eng_Latn,739,7,34
eng_Latn,739,8,9
eng_Latn,739,9,22
eng_Latn,739,10,34
kor_Hang,740,0,60
kor_Hang,740,1,13
kor_Hang,740,2,13
kor_Hang,740,3,13
kor_Hang,740,4,13
kor_Hang,740,5,13
kor_Hang,740,6,13
kor_Hang,740,7,1
kor_Hang,740,8,13
kor_Hang,740,9,47
kor_Hang,740,10,47
kor_Hang,740,11,13
kor_Hang,740,12,52
kor_Hang,740,13,13
kor_Hang,740,14,13
kor_Hang,740,15,13
kor_Hang,740,16,13
kor_Hang,740,17,13
kor_Hang,740,18,47
kor_Hang,740,19,13
kor_Hang,740,20,13
kor_Hang,740,21,13
kor_Hang,740,22,13
kor_Hang,740,23,13
kor_Hang,740,24,13
kor_Hang,740,25,52
kor_Hang,740,26,52
kor_Hang,740,27,61
kor_Hang,740,28,13
kor_Hang,740,29,52
kor_Hang,740,30,52
kor_Hang,740,31,13
kor_Hang,740,32,13
kor_Hang,740,33,13
kor_Hang,740,34,13
kor_Hang,740,35,13
kor_Hang,740,36,13
kor_Hang,740,37,13
kor_Hang,740,38,13
kor_Hang,740,39,13
kor_Hang,740,40,13
kor_Hang,740,41,13
kor_Hang,740,42,19
kor_Hang,740,43,13
kor_Hang,740,44,13
kor_Hang,740,45,13
kor_Hang,740,46,13
kor_Hang,740,47,13
kor_Hang,740,48,13
kor_Hang,740,49,13
kor_Hang,740,50,47
kor_Hang,740,51,13
kor_Hang,740,52,13
kor_Hang,740,53,13
kor_Hang,740,54,13
kor_Hang,740,55,34
eng_Latn,741,0,60
eng_Latn,741,1,22
eng_Latn,741,2,12
eng_Latn,741,3,47
eng_Latn,741,4,22
eng_Latn,741,5,52
eng_Latn,742,0,60
eng_Latn,742,1,45
eng_Latn,742,2,38
eng_Latn,742,3,61
eng_Latn,742,4,61
eng_Latn,742,5,40
eng_Latn,742,6,53
eng_Latn,742,7,57
eng_Latn,742,8,49
eng_Latn,742,9,5
eng_Latn,742,10,26
eng_Latn,743,0,60
eng_Latn,743,1,34
kor_Hang,744,0,60
kor_Hang,744,1,13
kor_Hang,744,2,13
kor_Hang,744,3,13
kor_Hang,744,4,13
kor_Hang,744,5,19
kor_Hang,744,6,13
kor_Hang,744,7,13
kor_Hang,744,8,19
kor_Hang,744,9,34
kor_Hang,744,10,13
kor_Hang,744,11,13
kor_Hang,744,12,13
kor_Hang,744,13,13
kor_Hang,744,14,13
kor_Hang,744,15,13
kor_Hang,744,16,13
kor_Hang,744,17,13
kor_Hang,744,18,19
kor_Hang,744,19,13
kor_Hang,744,20,13
kor_Hang,744,21,13
kor_Hang,744,22,13
kor_Hang,744,23,13
kor_Hang,744,24,13
kor_Hang,744,25,13
kor_Hang,744,26,13
kor_Hang,744,27,13
kor_Hang,744,28,19
kor_Hang,744,29,13
kor_Hang,744,30,13
kor_Hang,744,31,13
kor_Hang,744,32,13
kor_Hang,744,33,13
kor_Hang,744,34,13
kor_Hang,744,35,36
kor_Hang,744,36,36
kor_Hang,744,37,13
kor_Hang,744,38,34
kor_Hang,744,39,13
kor_Hang,744,40,13
kor_Hang,744,41,13
kor_Hang,744,42,13
kor_Hang,744,43,47
kor_Hang,744,44,19
kor_Hang,744,45,13
kor_Hang,744,46,13
kor_Hang,744,47,13
kor_Hang,744,48,13
kor_Hang,744,49,13
kor_Hang,744,50,13
kor_Hang,744,51,13
kor_Hang,744,52,13
kor_Hang,744,53,13
kor_Hang,744,54,13
kor_Hang,744,55,13
kor_Hang,744,56,13
kor_Hang,744,57,34
kor_Hang,744,58,34
eng_Latn,745,0,60
eng_Latn,745,1,31
eng_Latn,745,2,53
eng_Latn,745,3,8
eng_Latn,745,4,19
eng_Latn,745,5,42
eng_Latn,745,6,18
eng_Latn,745,7,16
eng_Latn,745,8,18
eng_Latn,745,9,0
eng_Latn,745,10,9
eng_Latn,745,11,0
eng_Latn,746,0,60
eng_Latn,746,1,40
eng_Latn,746,2,43
eng_Latn,746,3,57
eng_Latn,746,4,61
eng_Latn,746,5,31
kor_Hang,747,0,60
kor_Hang,747,1,13
kor_Hang,747,2,13
kor_Hang,747,3,13
kor_Hang,747,4,13
kor_Hang,747,5,13
kor_Hang,747,6,13
kor_Hang,747,7,13
kor_Hang,747,8,13
kor_Hang,747,9,13
kor_Hang,747,10,13
kor_Hang,747,11,13
kor_Hang,747,12,19
kor_Hang,747,13,13
kor_Hang,747,14,13
kor_Hang,747,15,13
kor_Hang,747,16,13
kor_Hang,747,17,13
kor_Hang,747,18,13
kor_Hang,747,19,13
kor_Hang,747,20,13
kor_Hang,747,21,13
kor_Hang,747,22,34
kor_Hang,747,23,13
kor_Hang,747,24,13
kor_Hang,747,25,13
kor_Hang,747,26,13
kor_Hang,747,27,13
kor_Hang,747,28,13
kor_Hang,747,29,13
kor_Hang,747,30,13
kor_Hang,747,31,13
kor_Hang,747,32,61
kor_Hang,747,33,47
kor_Hang,747,34,13
kor_Hang,747,35,13
kor_Hang,747,36,13
kor_Hang,747,37,13
kor_Hang,747,38,13
kor_Hang,747,39,39
kor_Hang,747,40,13
kor_Hang,747,41,13
kor_Hang,747,42,13
kor_Hang,747,43,13
kor_Hang,747,44,13
kor_Hang,747,45,13
kor_Hang,747,46,13
kor_Hang,747,47,13
kor_Hang,747,48,13
kor_Hang,747,49,13
kor_Hang,747,50,19
kor_Hang,747,51,13
kor_Hang,747,52,13
kor_Hang,747,53,13
kor_Hang,747,54,13
kor_Hang,747,55,13
kor_Hang,747,56,13
kor_Hang,747,57,13
kor_Hang,747,58,47
kor_Hang,747,59,13
kor_Hang,747,60,13
kor_Hang,747,61,13
kor_Hang,747,62,13
kor_Hang,747,63,13
kor_Hang,747,64,13
kor_Hang,747,65,13
kor_Hang,747,66,13
kor_Hang,747,67,13
kor_Hang,747,68,13
kor_Hang,747,69,13
kor_Hang,747,70,13
kor_Hang,747,71,34
kor_Hang,747,72,13
kor_Hang,747,73,13
kor_Hang,747,74,34
eng_Latn,748,0,60
eng_Latn,748,1,17
eng_Latn,748,2,54
eng_Latn,748,3,18
eng_Latn,748,4,51
eng_Latn,749,0,60
eng_Latn,749,1,8
eng_Latn,749,2,8
eng_Latn,749,3,24
eng_Latn,749,4,47
eng_Latn,749,5,19
eng_Latn,749,6,37
eng_Latn,749,7,8
eng_Latn,749,8,19
eng_Latn,749,9,19
eng_Latn,749,10,8
eng_Latn,749,11,8
eng_Latn,749,12,54
eng_Latn,749,13,35
eng_Latn,749,14,46
eng_Latn,750,0,60
eng_Latn,750,1,40
eng_Latn,750,2,29
eng_Latn,750,3,34
eng_Latn,751,0,60
eng_Latn,751,1,47
eng_Latn,751,2,1
eng_Latn,751,3,22
eng_Latn,751,4,60
eng_Latn,751,5,57
eng_Latn,751,6,40
eng_Latn,751,7,49
eng_Latn,751,8,60
eng_Latn,751,9,1
eng_Latn,751,10,52
kor_Hang,752,0,60
kor_Hang,752,1,13
kor_Hang,752,2,13
kor_Hang,752,3,13
kor_Hang,752,4,13
kor_Hang,752,5,13
kor_Hang,752,6,13
kor_Hang,752,7,13
kor_Hang,752,8,47
kor_Hang,752,9,13
kor_Hang,752,10,13
kor_Hang,752,11,13
kor_Hang,752,12,13
kor_Hang,752,13,13
kor_Hang,752,14,47
kor_Hang,752,15,13
kor_Hang,752,16,13
kor_Hang,752,17,19
kor_Hang,752,18,13
kor_Hang,752,19,13
kor_Hang,752,20,13
kor_Hang,752,21,13
kor_Hang,752,22,13
kor_Hang,752,23,13
kor_Hang,752,24,13
kor_Hang,752,25,13
kor_Hang,752,26,13
kor_Hang,752,27,13
kor_Hang,752,28,13
kor_Hang,752,29,13
kor_Hang,752,30,13
kor_Hang,752,31,13
kor_Hang,752,32,13
kor_Hang,752,33,13
kor_Hang,752,34,13
kor_Hang,752,35,13
kor_Hang,752,36,13
kor_Hang,752,37,13
kor_Hang,752,38,13
kor_Hang,752,39,13
kor_Hang,752,40,13
kor_Hang,752,41,13
kor_Hang,752,42,13
kor_Hang,752,43,13
kor_Hang,752,44,13
kor_Hang,752,45,19
kor_Hang,752,46,34
kor_Hang,752,47,13
kor_Hang,752,48,13
kor_Hang,752,49,13
kor_Hang,752,50,13
kor_Hang,752,51,34
kor_Hang,752,52,19
kor_Hang,752,53,34
kor_Hang,752,54,34
eng_Latn,753,0,60
eng_Latn,753,1,12
eng_Latn,753,2,19
eng_Latn,753,3,19
eng_Latn,753,4,7
eng_Latn,754,0,60
eng_Latn,754,1,30
eng_Latn,754,2,48
eng_Latn,754,3,48
eng_Latn,754,4,30
eng_Latn,754,5,19
eng_Latn,754,6,63
eng_Latn,755,0,60
eng_Latn,755,1,54
eng_Latn,755,2,18
eng_Latn,755,3,20
eng_Latn,755,4,41
eng_Latn,755,5,51
eng_Latn,755,6,24
eng_Latn,755,7,39
eng_Latn,756,0,60
eng_Latn,756,1,20
eng_Latn,756,2,19
eng_Latn,756,3,33
eng_Latn,757,0,60
eng_Latn,757,1,12
eng_Latn,757,2,26
eng_Latn,757,3,19
eng_Latn,757,4,49
eng_Latn,757,5,1
eng_Latn,757,6,52
eng_Latn,757,7,62
eng_Latn,758,0,60
eng_Latn,758,1,27
eng_Latn,758,2,27
eng_Latn,758,3,53
eng_Latn,758,4,49
eng_Latn,758,5,49
eng_Latn,759,0,60
eng_Latn,759,1,63
eng_Latn,759,2,12
eng_Latn,759,3,22
eng_Latn,759,4,63
eng_Latn,760,0,60
eng_Latn,760,1,37
eng_Latn,760,2,52
eng_Latn,760,3,26
eng_Latn,760,4,39
eng_Latn,760,5,19
eng_Latn,760,6,19
eng_Latn,760,7,49
eng_Latn,760,8,12
eng_Latn,760,9,26
eng_Latn,760,10,61
eng_Latn,760,11,7
eng_Latn,761,0,60
eng_Latn,761,1,51
eng_Latn,761,2,38
eng_Latn,761,3,46
eng_Latn,761,4,56
eng_Latn,761,5,53
eng_Latn,761,6,35
eng_Latn,761,7,43
eng_Latn,761,8,21
eng_Latn,762,0,60
eng_Latn,762,1,22
eng_Latn,762,2,22
eng_Latn,762,3,22
eng_Latn,762,4,58
kor_Hang,763,0,60
kor_Hang,763,1,13
kor_Hang,763,2,19
kor_Hang,763,3,13
kor_Hang,763,4,13
kor_Hang,763,5,13
kor_Hang,763,6,13
kor_Hang,763,7,13
kor_Hang,763,8,13
kor_Hang,763,9,13
kor_Hang,763,10,19
kor_Hang,763,11,13
kor_Hang,763,12,13
kor_Hang,763,13,13
kor_Hang,763,14,13
kor_Hang,763,15,47
kor_Hang,763,16,34
kor_Hang,763,17,13
kor_Hang,763,18,13
kor_Hang,763,19,19
kor_Hang,763,20,13
kor_Hang,763,21,13
kor_Hang,763,22,61
kor_Hang,763,23,13
kor_Hang,763,24,13
kor_Hang,763,25,13
kor_Hang,763,26,19
kor_Hang,763,27,13
kor_Hang,763,28,13
kor_Hang,763,29,13
kor_Hang,763,30,13
kor_Hang,763,31,34
kor_Hang,763,32,9
kor_Hang,763,33,13
kor_Hang,763,34,13
kor_Hang,763,35,13
kor_Hang,763,36,19
kor_Hang,763,37,13
kor_Hang,763,38,13
kor_Hang,763,39,13
kor_Hang,763,40,13
kor_Hang,763,41,13
kor_Hang,763,42,13
kor_Hang,763,43,13
kor_Hang,763,44,13
kor_Hang,763,45,13
kor_Hang,763,46,47
kor_Hang,763,47,13
kor_Hang,763,48,13
kor_Hang,763,49,13
kor_Hang,763,50,47
kor_Hang,763,51,13
kor_Hang,763,52,13
kor_Hang,763,53,13
kor_Hang,763,54,13
kor_Hang,763,55,13
kor_Hang,763,56,13
kor_Hang,763,57,19
kor_Hang,763,58,13
kor_Hang,763,59,34
eng_Latn,764,0,60
eng_Latn,764,1,39
eng_Latn,764,2,24
eng_Latn,764,3,19
eng_Latn,764,4,19
eng_Latn,764,5,48
eng_Latn,764,6,56
eng_Latn,764,7,59
eng_Latn,764,8,40
eng_Latn,764,9,15
eng_Latn,765,0,60
eng_Latn,765,1,56
eng_Latn,765,2,56
eng_Latn,765,3,63
eng_Latn,765,4,53
eng_Latn,765,5,57
eng_Latn,765,6,23
kor_Hang,766,0,60
kor_Hang,766,1,19
kor_Hang,766,2,13
kor_Hang,766,3,13
kor_Hang,766,4,19
kor_Hang,766,5,13
kor_Hang,766,6,13
kor_Hang,766,7,13
kor_Hang,766,8,13
kor_Hang,766,9,13
kor_Hang,766,10,13
kor_Hang,766,11,13
kor_Hang,766,12,13
kor_Hang,766,13,13
kor_Hang,766,14,13
kor_Hang,766,15,13
kor_Hang,766,16,12
kor_Hang,766,17,13
kor_Hang,766,18,13
kor_Hang,766,19,47
kor_Hang,766,20,19
kor_Hang,766,21,13
kor_Hang,766,22,13
kor_Hang,766,23,13
kor_Hang,766,24,19
kor_Hang,766,25,13
kor_Hang,766,26,13
kor_Hang,766,27,19
kor_Hang,766,28,13
kor_Hang,766,29,13
kor_Hang,766,30,13
kor_Hang,766,31,13
kor_Hang,766,32,13
kor_Hang,766,33,13
kor_Hang,766,34,13
kor_Hang,766,35,13
kor_Hang,766,36,13
kor_Hang,766,37,12
kor_Hang,766,38,13
kor_Hang,766,39,19
kor_Hang,766,40,13
kor_Hang,766,41,13
kor_Hang,766,42,19
kor_Hang,766,43,13
kor_Hang,766,44,13
kor_Hang,766,45,47
kor_Hang,766,46,47
kor_Hang,766,47,19
kor_Hang,766,48,39
kor_Hang,766,49,19
kor_Hang,766,50,13
kor_Hang,766,51,13
kor_Hang,766,52,13
kor_Hang,766,53,13
kor_Hang,766,54,13
kor_Hang,766,55,19
kor_Hang,766,56,19
kor_Hang,766,57,47
kor_Hang,766,58,19
kor_Hang,766,59,13
kor_Hang,766,60,13
kor_Hang,766,61,52
kor_Hang,766,62,13
eng_Latn,767,0,60
eng_Latn,767,1,19
eng_Latn,767,2,22
eng_Latn,767,3,22
eng_Latn,767,4,34
eng_Latn,767,5,12
eng_Latn,767,6,22
eng_Latn,767,7,12
eng_Latn,767,8,22
kor_Hang,768,0,60
kor_Hang,768,1,13
kor_Hang,768,2,13
kor_Hang,768,3,13
kor_Hang,768,4,13
kor_Hang,768,5,47
kor_Hang,768,6,13
kor_Hang,768,7,13
kor_Hang,768,8,13
kor_Hang,768,9,19
kor_Hang,768,10,13
kor_Hang,768,11,19
kor_Hang,768,12,13
kor_Hang,768,13,13
kor_Hang,768,14,13
kor_Hang,768,15,13
kor_Hang,768,16,13
kor_Hang,768,17,19
kor_Hang,768,18,13
kor_Hang,768,19,13
kor_Hang,768,20,13
kor_Hang,768,21,13
kor_Hang,768,22,13
kor_Hang,768,23,13
kor_Hang,768,24,19
kor_Hang,768,25,13
kor_Hang,768,26,13
kor_Hang,768,27,13
kor_Hang,768,28,13
kor_Hang,768,29,13
kor_Hang,768,30,47
kor_Hang,768,31,19
kor_Hang,768,32,34
kor_Hang,768,33,13
kor_Hang,768,34,13
kor_Hang,768,35,13
kor_Hang,768,36,34
eng_Latn,769,0,60
eng_Latn,769,1,50
eng_Latn,769,2,16
kor_Hang,770,0,60
kor_Hang,770,1,13
kor_Hang,770,2,13
kor_Hang,770,3,13
kor_Hang,770,4,13
kor_Hang,770,5,13
kor_Hang,770,6,47
kor_Hang,770,7,13
kor_Hang,770,8,13
kor_Hang,770,9,13
kor_Hang,770,10,13
kor_Hang,770,11,13
kor_Hang,770,12,13
kor_Hang,770,13,13
kor_Hang,770,14,13
kor_Hang,770,15,47
kor_Hang,770,16,13
kor_Hang,770,17,13
kor_Hang,770,18,13
kor_Hang,770,19,19
kor_Hang,770,20,13
kor_Hang,770,21,13
kor_Hang,770,22,13
kor_Hang,770,23,13
kor_Hang,770,24,13
kor_Hang,770,25,13
kor_Hang,770,26,13
kor_Hang,770,27,13
kor_Hang,770,28,13
kor_Hang,770,29,13
kor_Hang,770,30,13
kor_Hang,770,31,13
kor_Hang,770,32,13
kor_Hang,770,33,13
kor_Hang,770,34,19
kor_Hang,770,35,13
kor_Hang,770,36,19
kor_Hang,770,37,13
kor_Hang,770,38,13
kor_Hang,770,39,13
kor_Hang,770,40,34
kor_Hang,771,0,60
kor_Hang,771,1,19
kor_Hang,771,2,13
kor_Hang,771,3,47
kor_Hang,771,4,19
kor_Hang,771,5,13
kor_Hang,771,6,24
kor_Hang,771,7,13
kor_Hang,771,8,19
kor_Hang,771,9,13
kor_Hang,771,10,47
kor_Hang,771,11,19
kor_Hang,771,12,13
kor_Hang,771,13,13
kor_Hang,771,14,13
kor_Hang,771,15,13
kor_Hang,771,16,13
kor_Hang,771,17,13
kor_Hang,771,18,13
kor_Hang,771,19,13
kor_Hang,771,20,13
kor_Hang,771,21,13
kor_Hang,771,22,13
kor_Hang,771,23,13
kor_Hang,771,24,9
kor_Hang,771,25,52
eng_Latn,772,0,60
eng_Latn,772,1,27
eng_Latn,772,2,26
eng_Latn,772,3,49
eng_Latn,772,4,56
eng_Latn,772,5,63
eng_Latn,772,6,62
eng_Latn,772,7,62
eng_Latn,772,8,24
eng_Latn,772,9,24
eng_Latn,772,10,7
eng_Latn,772,11,24
eng_Latn,772,12,62
eng_Latn,772,13,48
eng_Latn,773,0,60
eng_Latn,773,1,5
eng_Latn,773,2,33
eng_Latn,773,3,56
eng_Latn,773,4,35
eng_Latn,773,5,49
eng_Latn,773,6,5
eng_Latn,773,7,40
eng_Latn,773,8,57
eng_Latn,773,9,57
eng_Latn,773,10,40
kor_Hang,774,0,60
kor_Hang,774,1,13
kor_Hang,774,2,13
kor_Hang,774,3,13
kor_Hang,774,4,13
kor_Hang,774,5,13
kor_Hang,774,6,13
kor_Hang,774,7,13
kor_Hang,774,8,13
kor_Hang,774,9,13
kor_Hang,774,10,19
kor_Hang,774,11,13
kor_Hang,774,12,47
kor_Hang,774,13,47
kor_Hang,774,14,13
kor_Hang,774,15,13
kor_Hang,774,16,13
kor_Hang,774,17,13
kor_Hang,774,18,13
kor_Hang,774,19,13
kor_Hang,774,20,13
kor_Hang,774,21,13
kor_Hang,774,22,47
kor_Hang,774,23,13
kor_Hang,774,24,13
kor_Hang,774,25,13
kor_Hang,774,26,1
kor_Hang,774,27,13
kor_Hang,774,28,13
kor_Hang,774,29,13
kor_Hang,774,30,13
kor_Hang,774,31,13
kor_Hang,774,32,19
kor_Hang,774,33,13
kor_Hang,774,34,61
kor_Hang,774,35,19
kor_Hang,774,36,13
kor_Hang,774,37,13
kor_Hang,774,38,13
kor_Hang,774,39,13
kor_Hang,774,40,13
kor_Hang,774,41,13
kor_Hang,774,42,13
kor_Hang,774,43,13
kor_Hang,774,44,13
kor_Hang,774,45,47
kor_Hang,774,46,13
kor_Hang,774,47,13
kor_Hang,774,48,13
kor_Hang,774,49,13
kor_Hang,774,50,13
kor_Hang,774,51,13
kor_Hang,774,52,13
kor_Hang,774,53,47
kor_Hang,774,54,13
kor_Hang,774,55,13
kor_Hang,774,56,19
kor_Hang,774,57,13
kor_Hang,774,58,13
kor_Hang,774,59,13
kor_Hang,774,60,13
kor_Hang,774,61,34
eng_Latn,775,0,60
eng_Latn,775,1,56
eng_Latn,775,2,51
eng_Latn,775,3,51
eng_Latn,775,4,17
eng_Latn,775,5,35
eng_Latn,775,6,47
eng_Latn,775,7,47
eng_Latn,775,8,46
eng_Latn,776,0,60
eng_Latn,776,1,35
eng_Latn,776,2,4
eng_Latn,776,3,18
eng_Latn,776,4,63
eng_Latn,776,5,56
eng_Latn,776,6,52
eng_Latn,776,7,52
eng_Latn,776,8,21
eng_Latn,776,9,21
eng_Latn,776,10,4
eng_Latn,777,0,60
eng_Latn,777,1,22
eng_Latn,777,2,47
eng_Latn,777,3,40
eng_Latn,777,4,49
eng_Latn,778,0,60
eng_Latn,778,1,41
eng_Latn,779,0,60
eng_Latn,779,1,20
eng_Latn,779,2,34
eng_Latn,779,3,0
eng_Latn,779,4,53
eng_Latn,779,5,3
eng_Latn,779,6,46
eng_Latn,779,7,51
eng_Latn,780,0,60
eng_Latn,780,1,19
eng_Latn,780,2,40
eng_Latn,780,3,18
eng_Latn,780,4,2
eng_Latn,780,5,37
eng_Latn,780,6,38
eng_Latn,780,7,46
eng_Latn,780,8,12
eng_Latn,780,9,40
eng_Latn,780,10,7
eng_Latn,781,0,60
eng_Latn,781,1,22
eng_Latn,781,2,42
eng_Latn,781,3,38
eng_Latn,781,4,19
eng_Latn,781,5,8
eng_Latn,781,6,19
eng_Latn,781,7,8
eng_Latn,781,8,5
eng_Latn,781,9,51
eng_Latn,781,10,8
eng_Latn,781,11,8
eng_Latn,781,12,15
eng_Latn,782,0,60
eng_Latn,782,1,35
eng_Latn,782,2,9
eng_Latn,782,3,56
eng_Latn,782,4,56
eng_Latn,782,5,44
eng_Latn,782,6,20
eng_Latn,782,7,41
eng_Latn,782,8,51
eng_Latn,783,0,60
eng_Latn,783,1,27
eng_Latn,783,2,19
eng_Latn,783,3,18
eng_Latn,783,4,37
eng_Latn,783,5,57
eng_Latn,783,6,48
eng_Latn,783,7,48
eng_Latn,783,8,48
eng_Latn,783,9,48
eng_Latn,783,10,49
eng_Latn,784,0,60
eng_Latn,784,1,56
eng_Latn,784,2,35
eng_Latn,784,3,56
eng_Latn,784,4,57
eng_Latn,785,0,60
eng_Latn,785,1,22
eng_Latn,785,2,22
eng_Latn,785,3,22
eng_Latn,785,4,34
eng_Latn,785,5,29
eng_Latn,785,6,35
eng_Latn,785,7,35
eng_Latn,785,8,34
eng_Latn,786,0,60
eng_Latn,786,1,49
eng_Latn,786,2,45
eng_Latn,786,3,18
eng_Latn,786,4,9
eng_Latn,786,5,9
eng_Latn,786,6,18
eng_Latn,786,7,53
eng_Latn,786,8,8
eng_Latn,786,9,47
eng_Latn,786,10,21
eng_Latn,786,11,21
eng_Latn,787,0,60
eng_Latn,787,1,49
eng_Latn,787,2,16
kor_Hang,788,0,60
kor_Hang,788,1,47
kor_Hang,788,2,47
kor_Hang,788,3,19
kor_Hang,788,4,19
kor_Hang,788,5,19
kor_Hang,788,6,13
kor_Hang,788,7,19
kor_Hang,788,8,13
kor_Hang,788,9,19
kor_Hang,788,10,13
kor_Hang,788,11,13
kor_Hang,788,12,13
kor_Hang,788,13,47
kor_Hang,788,14,13
kor_Hang,788,15,47
kor_Hang,788,16,47
kor_Hang,788,17,34
kor_Hang,788,18,13
kor_Hang,788,19,13
kor_Hang,788,20,13
kor_Hang,788,21,34
eng_Latn,789,0,60
eng_Latn,789,1,37
eng_Latn,789,2,14
eng_Latn,789,3,19
kor_Hang,790,0,60
kor_Hang,790,1,13
kor_Hang,790,2,13
kor_Hang,790,3,13
kor_Hang,790,4,19
kor_Hang,790,5,13
kor_Hang,790,6,61
kor_Hang,790,7,27
kor_Hang,790,8,13
kor_Hang,790,9,61
kor_Hang,790,10,19
kor_Hang,790,11,13
kor_Hang,790,12,24
kor_Hang,790,13,19
kor_Hang,790,14,13
kor_Hang,790,15,13
kor_Hang,790,16,13
kor_Hang,790,17,13
kor_Hang,790,18,13
kor_Hang,790,19,13
kor_Hang,790,20,13
kor_Hang,790,21,13
kor_Hang,790,22,13
kor_Hang,790,23,13
kor_Hang,790,24,13
kor_Hang,790,25,52
kor_Hang,790,26,13
eng_Latn,791,0,60
eng_Latn,791,1,19
eng_Latn,791,2,40
eng_Latn,791,3,18
eng_Latn,791,4,14
eng_Latn,791,5,38
eng_Latn,791,6,40
eng_Latn,791,7,46
eng_Latn,791,8,47
eng_Latn,791,9,15
eng_Latn,791,10,12
eng_Latn,791,11,11
eng_Latn,791,12,19
eng_Latn,791,13,22
eng_Latn,792,0,60
eng_Latn,792,1,57
eng_Latn,792,2,56
eng_Latn,792,3,53
eng_Latn,792,4,4
eng_Latn,792,5,34
kor_Hang,793,0,60
kor_Hang,793,1,19
kor_Hang,793,2,13
kor_Hang,793,3,13
kor_Hang,793,4,19
kor_Hang,793,5,13
kor_Hang,793,6,12
kor_Hang,793,7,13
kor_Hang,793,8,13
kor_Hang,793,9,47
kor_Hang,793,10,26
kor_Hang,793,11,13
kor_Hang,793,12,13
kor_Hang,793,13,13
kor_Hang,793,14,13
kor_Hang,793,15,47
kor_Hang,793,16,13
kor_Hang,793,17,13
kor_Hang,793,18,47
kor_Hang,793,19,19
kor_Hang,793,20,19
kor_Hang,793,21,24
kor_Hang,793,22,1
kor_Hang,793,23,13
kor_Hang,793,24,13
kor_Hang,793,25,13
kor_Hang,793,26,13
kor_Hang,793,27,13
kor_Hang,793,28,13
kor_Hang,793,29,19
kor_Hang,793,30,13
kor_Hang,793,31,13
kor_Hang,793,32,13
kor_Hang,793,33,13
kor_Hang,793,34,13
kor_Hang,793,35,13
kor_Hang,793,36,13
kor_Hang,793,37,13
kor_Hang,793,38,13
kor_Hang,793,39,13
kor_Hang,793,40,47
kor_Hang,793,41,13
kor_Hang,793,42,13
kor_Hang,793,43,13
kor_Hang,793,44,13
kor_Hang,793,45,13
kor_Hang,793,46,13
kor_Hang,793,47,19
kor_Hang,793,48,13
eng_Latn,794,0,60
eng_Latn,794,1,19
eng_Latn,794,2,33
eng_Latn,794,3,19
eng_Latn,794,4,15
eng_Latn,794,5,33
eng_Latn,794,6,61
eng_Latn,794,7,20
eng_Latn,794,8,19
eng_Latn,794,9,15
eng_Latn,795,0,60
eng_Latn,795,1,9
eng_Latn,795,2,56
eng_Latn,795,3,51
eng_Latn,795,4,31
eng_Latn,795,5,20
eng_Latn,795,6,41
eng_Latn,795,7,55
eng_Latn,795,8,57
eng_Latn,795,9,21
eng_Latn,795,10,16
eng_Latn,796,0,60
eng_Latn,796,1,45
eng_Latn,796,2,42
eng_Latn,796,3,23
eng_Latn,796,4,57
eng_Latn,796,5,54
eng_Latn,796,6,34
eng_Latn,797,0,60
eng_Latn,797,1,46
eng_Latn,797,2,56
eng_Latn,797,3,21
eng_Latn,798,0,60
eng_Latn,798,1,49
eng_Latn,798,2,37
eng_Latn,798,3,16
eng_Latn,799,0,60
eng_Latn,799,1,52
eng_Latn,799,2,15
eng_Latn,799,3,3
eng_Latn,799,4,3
eng_Latn,799,5,19
eng_Latn,799,6,15
kor_Hang,800,0,60
kor_Hang,800,1,60
kor_Hang,800,2,13
kor_Hang,800,3,19
kor_Hang,800,4,13
kor_Hang,800,5,13
kor_Hang,800,6,47
kor_Hang,800,7,13
kor_Hang,800,8,13
kor_Hang,800,9,13
kor_Hang,800,10,12
kor_Hang,800,11,13
kor_Hang,800,12,19
kor_Hang,800,13,13
kor_Hang,800,14,12
kor_Hang,800,15,13
kor_Hang,800,16,19
kor_Hang,800,17,13
kor_Hang,800,18,13
kor_Hang,800,19,13
kor_Hang,800,20,13
kor_Hang,800,21,61
kor_Hang,800,22,13
kor_Hang,800,23,13
kor_Hang,800,24,13
kor_Hang,800,25,13
kor_Hang,800,26,13
kor_Hang,800,27,13
kor_Hang,800,28,13
kor_Hang,800,29,47
kor_Hang,800,30,13
kor_Hang,800,31,19
kor_Hang,800,32,13
kor_Hang,800,33,12
kor_Hang,800,34,13
kor_Hang,800,35,13
kor_Hang,800,36,13
kor_Hang,800,37,13
kor_Hang,800,38,13
kor_Hang,800,39,13
kor_Hang,800,40,13
kor_Hang,800,41,13
kor_Hang,800,42,19
kor_Hang,800,43,13
kor_Hang,800,44,13
kor_Hang,800,45,13
kor_Hang,800,46,13
kor_Hang,800,47,13
kor_Hang,800,48,12
kor_Hang,800,49,13
kor_Hang,800,50,13
kor_Hang,800,51,13
kor_Hang,800,52,13
kor_Hang,800,53,19
kor_Hang,800,54,13
kor_Hang,800,55,11
kor_Hang,800,56,13
kor_Hang,800,57,13
kor_Hang,800,58,13
kor_Hang,800,59,13
kor_Hang,800,60,13
kor_Hang,800,61,13
kor_Hang,800,62,13
kor_Hang,800,63,13
kor_Hang,800,64,19
kor_Hang,800,65,13
kor_Hang,800,66,12
kor_Hang,800,67,11
kor_Hang,800,68,12
kor_Hang,800,69,52
eng_Latn,801,0,60
eng_Latn,801,1,42
eng_Latn,801,2,34
eng_Latn,802,0,60
eng_Latn,802,1,58
eng_Latn,802,2,52
eng_Latn,802,3,52
eng_Latn,802,4,1
eng_Latn,802,5,57
eng_Latn,802,6,31
eng_Latn,802,7,16
eng_Latn,802,8,16
eng_Latn,802,9,16
kor_Hang,803,0,60
kor_Hang,803,1,13
kor_Hang,803,2,13
kor_Hang,803,3,39
kor_Hang,803,4,47
kor_Hang,803,5,13
kor_Hang,803,6,47
kor_Hang,803,7,13
kor_Hang,803,8,47
kor_Hang,803,9,19
kor_Hang,803,10,13
kor_Hang,803,11,47
kor_Hang,803,12,19
kor_Hang,803,13,13
kor_Hang,803,14,13
kor_Hang,803,15,13
kor_Hang,803,16,19
kor_Hang,803,17,13
kor_Hang,803,18,13
kor_Hang,803,19,13
kor_Hang,803,20,19
kor_Hang,803,21,13
kor_Hang,803,22,13
kor_Hang,803,23,13
kor_Hang,803,24,13
kor_Hang,803,25,19
kor_Hang,803,26,13
kor_Hang,803,27,13
kor_Hang,803,28,13
kor_Hang,803,29,13
kor_Hang,803,30,13
kor_Hang,803,31,13
kor_Hang,803,32,13
kor_Hang,803,33,13
kor_Hang,803,34,13
kor_Hang,803,35,13
kor_Hang,803,36,34
kor_Hang,804,0,60
kor_Hang,804,1,13
kor_Hang,804,2,13
kor_Hang,804,3,13
kor_Hang,804,4,13
kor_Hang,804,5,13
kor_Hang,804,6,13
kor_Hang,804,7,19
kor_Hang,804,8,13
kor_Hang,804,9,13
kor_Hang,804,10,13
kor_Hang,804,11,13
kor_Hang,804,12,13
kor_Hang,804,13,61
kor_Hang,804,14,13
kor_Hang,804,15,47
kor_Hang,804,16,19
kor_Hang,804,17,13
kor_Hang,804,18,47
kor_Hang,804,19,13
kor_Hang,804,20,13
kor_Hang,804,21,13
kor_Hang,804,22,13
kor_Hang,804,23,13
kor_Hang,804,24,61
kor_Hang,804,25,13
kor_Hang,804,26,47
kor_Hang,804,27,13
kor_Hang,804,28,13
kor_Hang,804,29,13
kor_Hang,804,30,13
kor_Hang,804,31,13
kor_Hang,804,32,13
kor_Hang,804,33,13
kor_Hang,804,34,13
kor_Hang,804,35,13
kor_Hang,804,36,13
kor_Hang,804,37,13
kor_Hang,804,38,13
kor_Hang,804,39,19
kor_Hang,804,40,13
kor_Hang,804,41,47
kor_Hang,804,42,19
kor_Hang,804,43,13
kor_Hang,804,44,13
kor_Hang,804,45,19
kor_Hang,804,46,13
kor_Hang,804,47,13
kor_Hang,804,48,13
kor_Hang,804,49,13
kor_Hang,804,50,13
kor_Hang,804,51,13
kor_Hang,804,52,13
kor_Hang,804,53,13
kor_Hang,804,54,13
kor_Hang,804,55,13
kor_Hang,804,56,13
kor_Hang,804,57,13
kor_Hang,804,58,13
kor_Hang,804,59,19
kor_Hang,804,60,13
kor_Hang,804,61,13
kor_Hang,804,62,34
kor_Hang,804,63,13
kor_Hang,804,64,13
kor_Hang,804,65,13
kor_Hang,804,66,34
eng_Latn,805,0,60
eng_Latn,805,1,61
eng_Latn,805,2,9
eng_Latn,805,3,4
eng_Latn,805,4,51
eng_Latn,805,5,35
eng_Latn,805,6,9
eng_Latn,805,7,37
eng_Latn,805,8,46
eng_Latn,806,0,60
eng_Latn,806,1,4
eng_Latn,806,2,52
eng_Latn,806,3,51
eng_Latn,806,4,29
eng_Latn,806,5,4
eng_Latn,806,6,34
eng_Latn,807,0,60
eng_Latn,807,1,49
eng_Latn,807,2,26
eng_Latn,808,0,60
eng_Latn,808,1,12
eng_Latn,808,2,19
eng_Latn,808,3,61
eng_Latn,808,4,39
eng_Latn,808,5,24
eng_Latn,809,0,60
eng_Latn,809,1,22
eng_Latn,809,2,10
eng_Latn,809,3,56
eng_Latn,809,4,57
eng_Latn,809,5,52
eng_Latn,809,6,52
eng_Latn,810,0,60
eng_Latn,810,1,48
eng_Latn,810,2,18
eng_Latn,810,3,56
eng_Latn,810,4,35
eng_Latn,810,5,46
eng_Latn,810,6,48
eng_Latn,810,7,54
kor_Hang,811,0,60
kor_Hang,811,1,13
kor_Hang,811,2,13
kor_Hang,811,3,13
kor_Hang,811,4,19
kor_Hang,811,5,13
kor_Hang,811,6,13
kor_Hang,811,7,13
kor_Hang,811,8,13
kor_Hang,811,9,13
kor_Hang,811,10,13
kor_Hang,811,11,13
kor_Hang,811,12,13
kor_Hang,811,13,13
kor_Hang,811,14,13
kor_Hang,811,15,13
kor_Hang,811,16,47
kor_Hang,811,17,19
kor_Hang,811,18,13
kor_Hang,811,19,13
kor_Hang,811,20,13
kor_Hang,811,21,13
kor_Hang,811,22,13
kor_Hang,811,23,13
kor_Hang,811,24,13
kor_Hang,811,25,13
kor_Hang,811,26,13
kor_Hang,811,27,13
kor_Hang,811,28,13
kor_Hang,811,29,13
kor_Hang,811,30,13
kor_Hang,811,31,34
kor_Hang,811,32,13
kor_Hang,811,33,13
kor_Hang,811,34,47
kor_Hang,811,35,13
kor_Hang,811,36,13
kor_Hang,811,37,34
eng_Latn,812,0,60
eng_Latn,812,1,58
eng_Latn,812,2,22
eng_Latn,812,3,37
eng_Latn,812,4,52
eng_Latn,812,5,5
eng_Latn,812,6,22
eng_Latn,812,7,60
eng_Latn,812,8,52
eng_Latn,812,9,13
eng_Latn,812,10,1
eng_Latn,812,11,13
eng_Latn,813,0,60
eng_Latn,813,1,19
eng_Latn,813,2,53
eng_Latn,813,3,38
eng_Latn,813,4,46
eng_Latn,813,5,23
eng_Latn,814,0,60
eng_Latn,814,1,56
eng_Latn,814,2,1
eng_Latn,814,3,52
kor_Hang,815,0,60
kor_Hang,815,1,61
kor_Hang,815,2,13
kor_Hang,815,3,13
kor_Hang,815,4,13
kor_Hang,815,5,5
kor_Hang,815,6,13
kor_Hang,815,7,61
kor_Hang,815,8,13
kor_Hang,815,9,19
kor_Hang,815,10,13
kor_Hang,815,11,19
kor_Hang,815,12,13
kor_Hang,815,13,13
kor_Hang,815,14,13
kor_Hang,815,15,13
kor_Hang,815,16,1
kor_Hang,815,17,13
kor_Hang,815,18,13
kor_Hang,815,19,13
kor_Hang,815,20,13
kor_Hang,815,21,13
kor_Hang,815,22,13
kor_Hang,815,23,52
kor_Hang,815,24,13
kor_Hang,815,25,13
kor_Hang,815,26,13
kor_Hang,815,27,13
kor_Hang,815,28,13
kor_Hang,815,29,13
kor_Hang,815,30,13
kor_Hang,815,31,13
kor_Hang,815,32,13
kor_Hang,815,33,13
kor_Hang,815,34,13
kor_Hang,815,35,13
kor_Hang,815,36,13
kor_Hang,815,37,19
kor_Hang,815,38,13
kor_Hang,815,39,13
kor_Hang,815,40,13
kor_Hang,815,41,13
kor_Hang,815,42,13
kor_Hang,815,43,13
kor_Hang,815,44,34
kor_Hang,815,45,13
kor_Hang,815,46,13
kor_Hang,815,47,13
kor_Hang,815,48,19
kor_Hang,815,49,13
kor_Hang,815,50,13
kor_Hang,815,51,13
kor_Hang,815,52,13
kor_Hang,815,53,13
kor_Hang,815,54,13
kor_Hang,815,55,13
kor_Hang,815,56,13
kor_Hang,815,57,13
kor_Hang,815,58,19
kor_Hang,815,59,13
kor_Hang,815,60,34
kor_Hang,816,0,60
kor_Hang,816,1,13
kor_Hang,816,2,13
kor_Hang,816,3,13
kor_Hang,816,4,13
kor_Hang,816,5,13
kor_Hang,816,6,13
kor_Hang,816,7,13
kor_Hang,816,8,13
kor_Hang,816,9,13
kor_Hang,816,10,13
kor_Hang,816,11,19
kor_Hang,816,12,13
kor_Hang,816,13,13
kor_Hang,816,14,19
kor_Hang,816,15,13
kor_Hang,816,16,13
kor_Hang,816,17,13
kor_Hang,816,18,13
kor_Hang,816,19,13
kor_Hang,816,20,13
kor_Hang,816,21,13
kor_Hang,816,22,13
kor_Hang,816,23,13
kor_Hang,816,24,61
kor_Hang,816,25,13
kor_Hang,816,26,13
kor_Hang,816,27,13
kor_Hang,816,28,47
kor_Hang,816,29,13
kor_Hang,816,30,13
kor_Hang,816,31,34
kor_Hang,816,32,13
kor_Hang,816,33,34
kor_Hang,816,34,34
eng_Latn,817,0,60
eng_Latn,817,1,34
eng_Latn,817,2,29
eng_Latn,817,3,34
eng_Latn,818,0,60
eng_Latn,818,1,34
eng_Latn,818,2,63
eng_Latn,818,3,31
eng_Latn,818,4,53
eng_Latn,818,5,22
eng_Latn,818,6,12
eng_Latn,818,7,47
eng_Latn,818,8,40
eng_Latn,818,9,40
eng_Latn,819,0,60
eng_Latn,819,1,53
eng_Latn,819,2,37
eng_Latn,819,3,60
eng_Latn,819,4,7
eng_Latn,819,5,49
eng_Latn,820,0,60
eng_Latn,820,1,40
eng_Latn,820,2,49
eng_Latn,820,3,56
eng_Latn,820,4,53
eng_Latn,820,5,37
eng_Latn,820,6,63
eng_Latn,820,7,18
eng_Latn,820,8,53
eng_Latn,820,9,16
eng_Latn,821,0,60
eng_Latn,821,1,4
eng_Latn,821,2,18
eng_Latn,821,3,56
eng_Latn,821,4,53
eng_Latn,821,5,49
eng_Latn,821,6,53
eng_Latn,821,7,52
eng_Latn,821,8,49
kor_Hang,822,0,60
kor_Hang,822,1,13
kor_Hang,822,2,13
kor_Hang,822,3,47
kor_Hang,822,4,13
kor_Hang,822,5,13
kor_Hang,822,6,61
kor_Hang,822,7,13
kor_Hang,822,8,13
kor_Hang,822,9,13
kor_Hang,822,10,13
kor_Hang,822,11,13
kor_Hang,822,12,13
kor_Hang,822,13,13
kor_Hang,822,14,13
kor_Hang,822,15,13
kor_Hang,822,16,13
kor_Hang,822,17,13
kor_Hang,822,18,13
kor_Hang,822,19,13
kor_Hang,822,20,13
kor_Hang,822,21,13
kor_Hang,822,22,13
kor_Hang,822,23,13
kor_Hang,822,24,13
kor_Hang,822,25,13
kor_Hang,822,26,13
kor_Hang,822,27,13
kor_Hang,822,28,13
kor_Hang,822,29,13
kor_Hang,822,30,13
kor_Hang,822,31,13
eng_Latn,823,0,60
eng_Latn,823,1,22
eng_Latn,823,2,22
eng_Latn,823,3,19
eng_Latn,823,4,21
eng_Latn,824,0,60
eng_Latn,824,1,48
eng_Latn,824,2,41
eng_Latn,824,3,4
eng_Latn,825,0,60
eng_Latn,825,1,50
eng_Latn,825,2,39
eng_Latn,825,3,19
eng_Latn,825,4,33
eng_Latn,825,5,46
eng_Latn,825,6,48
eng_Latn,825,7,14
eng_Latn,825,8,27
eng_Latn,825,9,47
eng_Latn,825,10,49
eng_Latn,826,0,60
eng_Latn,826,1,9
eng_Latn,826,2,9
eng_Latn,826,3,56
eng_Latn,826,4,38
eng_Latn,826,5,35
eng_Latn,826,6,46
eng_Latn,827,0,60
eng_Latn,827,1,24
eng_Latn,827,2,22
eng_Latn,827,3,45
eng_Latn,827,4,37
eng_Latn,827,5,18
eng_Latn,827,6,16
eng_Latn,827,7,49
eng_Latn,827,8,53
eng_Latn,827,9,37
eng_Latn,827,10,46
eng_Latn,828,0,60
eng_Latn,828,1,18
eng_Latn,828,2,56
eng_Latn,828,3,4
eng_Latn,828,4,2
eng_Latn,828,5,27
eng_Latn,828,6,16
eng_Latn,829,0,60
eng_Latn,829,1,22
eng_Latn,829,2,9
eng_Latn,829,3,22
eng_Latn,829,4,63
eng_Latn,829,5,56
eng_Latn,829,6,57
eng_Latn,829,7,25
eng_Latn,829,8,15
eng_Latn,830,0,60
eng_Latn,830,1,13
eng_Latn,830,2,13
eng_Latn,830,3,13
eng_Latn,830,4,13
eng_Latn,830,5,13
eng_Latn,830,6,13
eng_Latn,830,7,13
eng_Latn,830,8,13
eng_Latn,830,9,13
eng_Latn,830,10,47
eng_Latn,830,11,13
eng_Latn,830,12,13
eng_Latn,830,13,19
eng_Latn,830,14,13
eng_Latn,830,15,13
eng_Latn,830,16,47
eng_Latn,830,17,13
eng_Latn,830,18,13
eng_Latn,830,19,13
eng_Latn,830,20,13
eng_Latn,830,21,13
eng_Latn,830,22,13
eng_Latn,830,23,13
eng_Latn,830,24,34
eng_Latn,830,25,13
eng_Latn,830,26,13
eng_Latn,830,27,13
eng_Latn,830,28,13
eng_Latn,830,29,13
eng_Latn,830,30,13
eng_Latn,830,31,13
eng_Latn,830,32,13
eng_Latn,830,33,13
eng_Latn,830,34,13
eng_Latn,830,35,13
eng_Latn,830,36,13
eng_Latn,830,37,13
eng_Latn,830,38,13
eng_Latn,830,39,47
eng_Latn,830,40,13
eng_Latn,830,41,13
eng_Latn,830,42,13
eng_Latn,830,43,13
eng_Latn,830,44,13
eng_Latn,830,45,13
eng_Latn,830,46,19
eng_Latn,830,47,13
eng_Latn,830,48,13
eng_Latn,830,49,13
eng_Latn,830,50,13
eng_Latn,830,51,13
eng_Latn,830,52,13
eng_Latn,830,53,13
eng_Latn,830,54,13
eng_Latn,830,55,13
eng_Latn,830,56,13
eng_Latn,830,57,13
eng_Latn,830,58,13
eng_Latn,830,59,13
eng_Latn,830,60,13
eng_Latn,830,61,13
eng_Latn,830,62,34
eng_Latn,830,63,13
eng_Latn,830,64,13
eng_Latn,830,65,13
eng_Latn,830,66,13
eng_Latn,830,67,34
eng_Latn,830,68,13
eng_Latn,830,69,34
eng_Latn,830,70,13
eng_Latn,830,71,34
eng_Latn,831,0,60
eng_Latn,831,1,61
eng_Latn,831,2,21
eng_Latn,831,3,56
eng_Latn,831,4,51
eng_Latn,831,5,56
eng_Latn,831,6,46
eng_Latn,831,7,21
eng_Latn,832,0,60
eng_Latn,832,1,47
eng_Latn,832,2,19
eng_Latn,832,3,46
eng_Latn,832,4,5
eng_Latn,832,5,35
eng_Latn,832,6,46
eng_Latn,832,7,42
eng_Latn,832,8,47
eng_Latn,832,9,61
eng_Latn,832,10,61
eng_Latn,832,11,49
eng_Latn,832,12,22
eng_Latn,832,13,47
eng_Latn,832,14,60
eng_Latn,833,0,60
eng_Latn,833,1,56
eng_Latn,833,2,51
eng_Latn,833,3,53
eng_Latn,833,4,57
eng_Latn,833,5,56
eng_Latn,833,6,19
eng_Latn,833,7,34
eng_Latn,833,8,20
eng_Latn,833,9,37
eng_Latn,833,10,41
eng_Latn,833,11,34
eng_Latn,834,0,60
eng_Latn,834,1,34
eng_Latn,834,2,20
eng_Latn,834,3,38
eng_Latn,834,4,61
eng_Latn,834,5,27
eng_Latn,834,6,33
eng_Latn,834,7,33
kor_Hang,835,0,60
kor_Hang,835,1,19
kor_Hang,835,2,13
kor_Hang,835,3,1
kor_Hang,835,4,13
kor_Hang,835,5,13
kor_Hang,835,6,13
kor_Hang,835,7,13
kor_Hang,835,8,13
kor_Hang,835,9,13
kor_Hang,835,10,61
kor_Hang,835,11,19
kor_Hang,835,12,13
kor_Hang,835,13,19
kor_Hang,835,14,13
kor_Hang,835,15,12
kor_Hang,835,16,19
kor_Hang,835,17,47
kor_Hang,835,18,13
kor_Hang,835,19,61
kor_Hang,835,20,13
kor_Hang,835,21,13
kor_Hang,835,22,47
kor_Hang,835,23,13
kor_Hang,835,24,13
kor_Hang,835,25,13
kor_Hang,835,26,13
kor_Hang,835,27,13
kor_Hang,835,28,27
kor_Hang,835,29,19
kor_Hang,835,30,13
kor_Hang,835,31,13
kor_Hang,835,32,19
kor_Hang,835,33,13
kor_Hang,835,34,13
kor_Hang,835,35,47
kor_Hang,835,36,19
kor_Hang,835,37,13
kor_Hang,835,38,19
kor_Hang,835,39,13
kor_Hang,835,40,13
kor_Hang,835,41,13
kor_Hang,835,42,19
kor_Hang,835,43,13
kor_Hang,835,44,13
kor_Hang,835,45,13
kor_Hang,835,46,13
kor_Hang,835,47,13
kor_Hang,835,48,39
kor_Hang,835,49,13
eng_Latn,836,0,60
eng_Latn,836,1,56
eng_Latn,836,2,63
eng_Latn,836,3,20
eng_Latn,836,4,19
eng_Latn,837,0,60
eng_Latn,837,1,49
eng_Latn,837,2,56
eng_Latn,837,3,16
eng_Latn,837,4,20
eng_Latn,837,5,3
eng_Latn,837,6,3
eng_Latn,837,7,15
eng_Latn,837,8,20
eng_Latn,837,9,51
eng_Latn,838,0,60
eng_Latn,838,1,47
eng_Latn,838,2,39
eng_Latn,838,3,46
eng_Latn,838,4,15
eng_Latn,838,5,56
eng_Latn,838,6,35
eng_Latn,838,7,44
eng_Latn,838,8,37
eng_Latn,838,9,37
eng_Latn,838,10,49
kor_Hang,839,0,60
kor_Hang,839,1,13
kor_Hang,839,2,13
kor_Hang,839,3,13
kor_Hang,839,4,19
kor_Hang,839,5,13
kor_Hang,839,6,13
kor_Hang,839,7,13
kor_Hang,839,8,19
kor_Hang,839,9,13
kor_Hang,839,10,13
kor_Hang,839,11,19
kor_Hang,839,12,34
kor_Hang,839,13,13
kor_Hang,839,14,13
kor_Hang,839,15,13
kor_Hang,839,16,13
kor_Hang,839,17,13
kor_Hang,839,18,13
kor_Hang,839,19,13
kor_Hang,839,20,13
kor_Hang,839,21,13
kor_Hang,839,22,13
kor_Hang,839,23,13
kor_Hang,839,24,13
kor_Hang,839,25,13
kor_Hang,839,26,13
kor_Hang,839,27,13
kor_Hang,839,28,13
kor_Hang,839,29,34
kor_Hang,839,30,19
kor_Hang,839,31,34
kor_Hang,839,32,13
kor_Hang,839,33,13
kor_Hang,839,34,13
kor_Hang,839,35,13
kor_Hang,839,36,13
kor_Hang,839,37,13
kor_Hang,839,38,34
kor_Hang,839,39,13
kor_Hang,839,40,13
kor_Hang,839,41,13
kor_Hang,839,42,13
kor_Hang,839,43,13
kor_Hang,839,44,13
kor_Hang,839,45,13
kor_Hang,839,46,19
kor_Hang,839,47,13
kor_Hang,839,48,13
kor_Hang,839,49,19
kor_Hang,839,50,34
eng_Latn,840,0,60
eng_Latn,840,1,57
eng_Latn,840,2,24
eng_Latn,840,3,19
eng_Latn,840,4,8
eng_Latn,840,5,50
eng_Latn,840,6,20
eng_Latn,840,7,1
eng_Latn,840,8,1
eng_Latn,840,9,49
eng_Latn,840,10,1
eng_Latn,840,11,26
eng_Latn,841,0,60
eng_Latn,841,1,22
eng_Latn,841,2,17
eng_Latn,841,3,50
eng_Latn,841,4,22
eng_Latn,841,5,37
eng_Latn,841,6,49
eng_Latn,841,7,37
eng_Latn,841,8,63
eng_Latn,841,9,9
eng_Latn,841,10,22
eng_Latn,841,11,22
eng_Latn,841,12,51
kor_Hang,842,0,60
kor_Hang,842,1,13
kor_Hang,842,2,13
kor_Hang,842,3,13
kor_Hang,842,4,13
kor_Hang,842,5,13
kor_Hang,842,6,52
kor_Hang,842,7,52
kor_Hang,842,8,52
kor_Hang,842,9,52
kor_Hang,842,10,52
kor_Hang,842,11,61
kor_Hang,842,12,13
kor_Hang,842,13,13
kor_Hang,842,14,19
kor_Hang,842,15,13
kor_Hang,842,16,13
kor_Hang,842,17,13
kor_Hang,842,18,13
kor_Hang,842,19,13
kor_Hang,842,20,19
kor_Hang,842,21,13
kor_Hang,842,22,13
kor_Hang,842,23,13
kor_Hang,842,24,13
kor_Hang,842,25,13
kor_Hang,842,26,13
kor_Hang,842,27,13
kor_Hang,842,28,13
kor_Hang,842,29,13
kor_Hang,842,30,13
kor_Hang,842,31,13
kor_Hang,842,32,13
kor_Hang,842,33,13
kor_Hang,842,34,13
kor_Hang,842,35,13
kor_Hang,842,36,47
kor_Hang,842,37,13
kor_Hang,842,38,13
kor_Hang,842,39,13
kor_Hang,842,40,13
kor_Hang,842,41,13
kor_Hang,842,42,13
kor_Hang,842,43,13
kor_Hang,842,44,13
kor_Hang,842,45,19
kor_Hang,842,46,13
kor_Hang,842,47,13
kor_Hang,842,48,19
kor_Hang,842,49,13
kor_Hang,842,50,13
kor_Hang,842,51,13
kor_Hang,842,52,13
kor_Hang,842,53,13
kor_Hang,842,54,13
kor_Hang,842,55,13
kor_Hang,842,56,13
kor_Hang,842,57,13
kor_Hang,842,58,34
kor_Hang,842,59,13
kor_Hang,842,60,13
kor_Hang,842,61,19
kor_Hang,842,62,13
kor_Hang,842,63,13
kor_Hang,842,64,13
kor_Hang,842,65,34
kor_Hang,842,66,13
kor_Hang,842,67,13
kor_Hang,842,68,34
eng_Latn,843,0,60
eng_Latn,843,1,18
eng_Latn,843,2,61
eng_Latn,843,3,16
eng_Latn,843,4,18
eng_Latn,843,5,20
eng_Latn,843,6,30
eng_Latn,843,7,57
eng_Latn,843,8,20
eng_Latn,843,9,19
eng_Latn,843,10,51
eng_Latn,844,0,60
eng_Latn,844,1,9
eng_Latn,844,2,27
eng_Latn,844,3,9
eng_Latn,844,4,56
eng_Latn,844,5,35
eng_Latn,844,6,17
eng_Latn,844,7,51
eng_Latn,845,0,60
eng_Latn,845,1,9
eng_Latn,845,2,19
eng_Latn,845,3,22
eng_Latn,845,4,22
eng_Latn,846,0,60
eng_Latn,846,1,61
eng_Latn,846,2,50
eng_Latn,846,3,18
eng_Latn,846,4,21
eng_Latn,846,5,31
eng_Latn,846,6,21
eng_Latn,846,7,53
eng_Latn,846,8,63
eng_Latn,847,0,60
eng_Latn,847,1,22
eng_Latn,847,2,38
eng_Latn,847,3,52
eng_Latn,847,4,19
eng_Latn,847,5,15
eng_Latn,848,0,60
eng_Latn,848,1,46
eng_Latn,848,2,8
eng_Latn,848,3,50
eng_Latn,848,4,56
eng_Latn,848,5,56
eng_Latn,848,6,57
eng_Latn,848,7,16
eng_Latn,849,0,60
eng_Latn,849,1,35
eng_Latn,849,2,9
eng_Latn,849,3,56
eng_Latn,849,4,41
eng_Latn,849,5,35
eng_Latn,849,6,35
eng_Latn,849,7,51
eng_Latn,850,0,60
eng_Latn,850,1,35
eng_Latn,850,2,56
eng_Latn,850,3,16
eng_Latn,850,4,16
eng_Latn,850,5,54
eng_Latn,850,6,38
eng_Latn,850,7,50
eng_Latn,850,8,63
eng_Latn,851,0,60
eng_Latn,851,1,40
eng_Latn,851,2,47
eng_Latn,851,3,46
eng_Latn,851,4,46
eng_Latn,851,5,2
eng_Latn,851,6,2
eng_Latn,851,7,57
eng_Latn,851,8,5
eng_Latn,851,9,5
eng_Latn,851,10,40
eng_Latn,851,11,49
eng_Latn,852,0,60
eng_Latn,852,1,38
eng_Latn,852,2,18
eng_Latn,852,3,53
eng_Latn,852,4,20
eng_Latn,852,5,26
eng_Latn,852,6,40
eng_Latn,852,7,18
eng_Latn,853,0,60
eng_Latn,853,1,22
eng_Latn,853,2,9
eng_Latn,853,3,22
eng_Latn,853,4,63
eng_Latn,853,5,56
eng_Latn,853,6,57
eng_Latn,853,7,25
eng_Latn,853,8,8
eng_Latn,854,0,60
eng_Latn,854,1,47
eng_Latn,854,2,7
eng_Latn,854,3,52
eng_Latn,854,4,52
eng_Latn,854,5,20
eng_Latn,854,6,1
eng_Latn,854,7,52
eng_Latn,854,8,52
eng_Latn,854,9,57
eng_Latn,855,0,60
eng_Latn,855,1,61
eng_Latn,855,2,27
eng_Latn,855,3,27
eng_Latn,855,4,1
eng_Latn,855,5,27
eng_Latn,855,6,27
eng_Latn,855,7,27
eng_Latn,855,8,27
eng_Latn,855,9,27
eng_Latn,855,10,27
eng_Latn,855,11,52
eng_Latn,856,0,60
eng_Latn,856,1,12
eng_Latn,856,2,42
eng_Latn,856,3,22
eng_Latn,856,4,27
eng_Latn,856,5,49
eng_Latn,856,6,9
eng_Latn,856,7,40
kor_Hang,857,0,60
kor_Hang,857,1,13
kor_Hang,857,2,13
kor_Hang,857,3,13
kor_Hang,857,4,13
kor_Hang,857,5,13
kor_Hang,857,6,13
kor_Hang,857,7,13
kor_Hang,857,8,19
kor_Hang,857,9,13
kor_Hang,857,10,13
kor_Hang,857,11,13
kor_Hang,857,12,13
kor_Hang,857,13,13
kor_Hang,857,14,13
kor_Hang,857,15,13
kor_Hang,857,16,13
kor_Hang,857,17,13
kor_Hang,857,18,13
kor_Hang,857,19,13
kor_Hang,857,20,19
kor_Hang,857,21,13
kor_Hang,857,22,13
kor_Hang,857,23,13
kor_Hang,857,24,13
kor_Hang,857,25,13
kor_Hang,857,26,13
kor_Hang,857,27,13
kor_Hang,857,28,13
kor_Hang,857,29,13
kor_Hang,857,30,13
kor_Hang,857,31,47
kor_Hang,857,32,13
kor_Hang,857,33,13
kor_Hang,857,34,13
kor_Hang,857,35,13
kor_Hang,857,36,13
kor_Hang,857,37,13
kor_Hang,857,38,47
kor_Hang,857,39,13
kor_Hang,857,40,13
kor_Hang,857,41,13
kor_Hang,857,42,13
kor_Hang,857,43,13
kor_Hang,857,44,13
kor_Hang,857,45,13
kor_Hang,857,46,13
kor_Hang,857,47,13
kor_Hang,857,48,13
kor_Hang,857,49,13
kor_Hang,857,50,13
kor_Hang,857,51,13
kor_Hang,857,52,13
kor_Hang,857,53,19
kor_Hang,857,54,13
kor_Hang,857,55,13
kor_Hang,857,56,13
kor_Hang,857,57,13
kor_Hang,857,58,34
kor_Hang,857,59,13
kor_Hang,857,60,13
kor_Hang,857,61,13
kor_Hang,857,62,34
kor_Hang,857,63,13
kor_Hang,857,64,13
kor_Hang,857,65,34
eng_Latn,858,0,60
eng_Latn,858,1,42
eng_Latn,858,2,4
eng_Latn,858,3,0
eng_Latn,858,4,4
eng_Latn,858,5,19
eng_Latn,858,6,4
eng_Latn,858,7,14
eng_Latn,858,8,52
eng_Latn,858,9,57
kor_Hang,859,0,60
kor_Hang,859,1,13
kor_Hang,859,2,13
kor_Hang,859,3,13
kor_Hang,859,4,13
kor_Hang,859,5,13
kor_Hang,859,6,13
kor_Hang,859,7,13
kor_Hang,859,8,19
kor_Hang,859,9,13
kor_Hang,859,10,13
kor_Hang,859,11,13
kor_Hang,859,12,13
kor_Hang,859,13,13
kor_Hang,859,14,19
kor_Hang,859,15,13
kor_Hang,859,16,13
kor_Hang,859,17,13
kor_Hang,859,18,47
kor_Hang,859,19,47
kor_Hang,859,20,13
kor_Hang,859,21,13
kor_Hang,859,22,13
kor_Hang,859,23,13
kor_Hang,859,24,13
kor_Hang,859,25,13
kor_Hang,859,26,19
kor_Hang,859,27,13
kor_Hang,859,28,13
kor_Hang,859,29,13
kor_Hang,859,30,13
kor_Hang,859,31,13
kor_Hang,859,32,47
kor_Hang,859,33,13
kor_Hang,859,34,13
kor_Hang,859,35,13
kor_Hang,859,36,13
kor_Hang,859,37,13
kor_Hang,859,38,13
kor_Hang,859,39,13
kor_Hang,859,40,13
kor_Hang,859,41,13
kor_Hang,859,42,13
kor_Hang,859,43,13
kor_Hang,859,44,34
kor_Hang,859,45,34
eng_Latn,860,0,60
eng_Latn,860,1,57
eng_Latn,860,2,37
eng_Latn,860,3,37
eng_Latn,860,4,37
eng_Latn,860,5,37
eng_Latn,860,6,52
eng_Latn,861,0,60
eng_Latn,861,1,19
eng_Latn,861,2,39
eng_Latn,861,3,49
eng_Latn,861,4,12
eng_Latn,861,5,26
eng_Latn,861,6,47
eng_Latn,862,0,60
eng_Latn,862,1,57
eng_Latn,862,2,57
eng_Latn,862,3,51
eng_Latn,862,4,54
eng_Latn,862,5,59
eng_Latn,862,6,17
eng_Latn,863,0,60
eng_Latn,863,1,35
eng_Latn,863,2,35
eng_Latn,863,3,63
eng_Latn,863,4,20
eng_Latn,863,5,63
eng_Latn,863,6,14
eng_Latn,863,7,63
eng_Latn,864,0,60
eng_Latn,864,1,56
eng_Latn,864,2,52
eng_Latn,864,3,54
eng_Latn,864,4,46
eng_Latn,864,5,10
eng_Latn,864,6,23
eng_Latn,864,7,23
eng_Latn,865,0,60
eng_Latn,865,1,38
eng_Latn,865,2,19
eng_Latn,865,3,33
eng_Latn,865,4,33
eng_Latn,865,5,33
eng_Latn,865,6,2
eng_Latn,865,7,50
eng_Latn,865,8,16
eng_Latn,866,0,60
eng_Latn,866,1,46
eng_Latn,866,2,8
eng_Latn,866,3,8
eng_Latn,866,4,29
eng_Latn,866,5,19
eng_Latn,866,6,8
eng_Latn,866,7,21
eng_Latn,867,0,60
eng_Latn,867,1,35
eng_Latn,867,2,61
eng_Latn,867,3,56
eng_Latn,867,4,52
eng_Latn,867,5,56
eng_Latn,867,6,35
eng_Latn,867,7,51
eng_Latn,867,8,1
eng_Latn,867,9,52
eng_Latn,867,10,52
eng_Latn,867,11,35
eng_Latn,867,12,47
kor_Hang,868,0,60
kor_Hang,868,1,13
kor_Hang,868,2,13
kor_Hang,868,3,13
kor_Hang,868,4,13
kor_Hang,868,5,19
kor_Hang,868,6,13
kor_Hang,868,7,13
kor_Hang,868,8,13
kor_Hang,868,9,13
kor_Hang,868,10,13
kor_Hang,868,11,19
kor_Hang,868,12,13
kor_Hang,868,13,13
kor_Hang,868,14,13
kor_Hang,868,15,13
kor_Hang,868,16,13
kor_Hang,868,17,13
kor_Hang,868,18,13
kor_Hang,868,19,19
kor_Hang,868,20,13
kor_Hang,868,21,13
kor_Hang,868,22,47
kor_Hang,868,23,13
kor_Hang,868,24,13
kor_Hang,868,25,19
kor_Hang,868,26,13
kor_Hang,868,27,13
kor_Hang,868,28,13
kor_Hang,868,29,13
kor_Hang,868,30,34
kor_Hang,868,31,13
kor_Hang,868,32,13
kor_Hang,868,33,13
kor_Hang,868,34,47
kor_Hang,868,35,19
kor_Hang,868,36,13
kor_Hang,868,37,13
kor_Hang,868,38,13
kor_Hang,868,39,13
kor_Hang,868,40,13
kor_Hang,868,41,13
kor_Hang,868,42,13
kor_Hang,868,43,13
kor_Hang,868,44,13
kor_Hang,868,45,13
kor_Hang,868,46,13
kor_Hang,868,47,47
kor_Hang,868,48,19
kor_Hang,868,49,13
kor_Hang,868,50,13
kor_Hang,868,51,13
kor_Hang,868,52,13
kor_Hang,868,53,19
kor_Hang,868,54,13
kor_Hang,868,55,13
kor_Hang,868,56,47
kor_Hang,868,57,13
kor_Hang,868,58,13
kor_Hang,868,59,13
kor_Hang,868,60,13
kor_Hang,868,61,13
kor_Hang,868,62,13
kor_Hang,868,63,47
kor_Hang,868,64,34
kor_Hang,868,65,13
kor_Hang,868,66,13
kor_Hang,868,67,34
eng_Latn,869,0,60
eng_Latn,869,1,33
eng_Latn,869,2,10
eng_Latn,869,3,56
eng_Latn,869,4,44
eng_Latn,870,0,60
eng_Latn,870,1,22
eng_Latn,870,2,52
eng_Latn,870,3,37
eng_Latn,870,4,22
eng_Latn,871,0,60
eng_Latn,871,1,46
eng_Latn,871,2,56
eng_Latn,871,3,16
eng_Latn,871,4,20
eng_Latn,871,5,14
eng_Latn,871,6,47
eng_Latn,872,0,60
eng_Latn,872,1,18
eng_Latn,872,2,56
eng_Latn,872,3,56
eng_Latn,872,4,16
eng_Latn,872,5,20
eng_Latn,872,6,51
eng_Latn,873,0,60
eng_Latn,873,1,40
eng_Latn,873,2,49
eng_Latn,874,0,60
eng_Latn,874,1,9
eng_Latn,874,2,22
eng_Latn,874,3,56
eng_Latn,874,4,57
eng_Latn,874,5,28
eng_Latn,874,6,52
eng_Latn,874,7,35
eng_Latn,874,8,57
eng_Latn,875,0,60
eng_Latn,875,1,29
eng_Latn,875,2,34
eng_Latn,875,3,35
eng_Latn,875,4,34
eng_Latn,876,0,60
eng_Latn,876,1,18
eng_Latn,876,2,3
eng_Latn,876,3,47
eng_Latn,877,0,60
eng_Latn,877,1,19
eng_Latn,877,2,4
eng_Latn,877,3,21
eng_Latn,877,4,21
eng_Latn,877,5,20
eng_Latn,877,6,37
eng_Latn,877,7,34
eng_Latn,877,8,34
eng_Latn,878,0,60
eng_Latn,878,1,38
eng_Latn,878,2,57
eng_Latn,878,3,41
eng_Latn,878,4,15
eng_Latn,878,5,56
eng_Latn,878,6,4
eng_Latn,879,0,60
eng_Latn,879,1,9
eng_Latn,879,2,56
eng_Latn,879,3,35
eng_Latn,879,4,35
eng_Latn,879,5,57
eng_Latn,879,6,23
eng_Latn,879,7,46
eng_Latn,880,0,60
eng_Latn,880,1,16
eng_Latn,880,2,53
eng_Latn,880,3,24
eng_Latn,880,4,35
eng_Latn,880,5,4
eng_Latn,880,6,19
eng_Latn,880,7,47
eng_Latn,880,8,4
eng_Latn,881,0,60
eng_Latn,881,1,18
eng_Latn,881,2,20
eng_Latn,881,3,0
eng_Latn,881,4,20
eng_Latn,881,5,16
eng_Latn,881,6,54
eng_Latn,881,7,17
eng_Latn,881,8,54
eng_Latn,881,9,4
kor_Hang,882,0,60
kor_Hang,882,1,9
kor_Hang,882,2,13
kor_Hang,882,3,19
kor_Hang,882,4,13
kor_Hang,882,5,34
kor_Hang,882,6,11
kor_Hang,882,7,13
kor_Hang,882,8,13
kor_Hang,882,9,13
kor_Hang,882,10,27
kor_Hang,882,11,13
kor_Hang,882,12,19
kor_Hang,882,13,13
kor_Hang,882,14,13
kor_Hang,882,15,19
kor_Hang,882,16,34
kor_Hang,882,17,13
kor_Hang,882,18,13
kor_Hang,882,19,19
kor_Hang,882,20,61
kor_Hang,882,21,19
kor_Hang,882,22,34
kor_Hang,882,23,13
kor_Hang,882,24,13
kor_Hang,882,25,13
kor_Hang,882,26,13
kor_Hang,882,27,13
kor_Hang,882,28,13
kor_Hang,882,29,13
kor_Hang,882,30,13
kor_Hang,882,31,13
kor_Hang,882,32,13
kor_Hang,882,33,13
kor_Hang,882,34,13
kor_Hang,882,35,34
kor_Hang,882,36,19
kor_Hang,882,37,34
kor_Hang,882,38,34
kor_Hang,883,0,60
kor_Hang,883,1,13
kor_Hang,883,2,13
kor_Hang,883,3,13
kor_Hang,883,4,13
kor_Hang,883,5,13
kor_Hang,883,6,47
kor_Hang,883,7,13
kor_Hang,883,8,13
kor_Hang,883,9,19
kor_Hang,883,10,13
kor_Hang,883,11,27
kor_Hang,883,12,13
kor_Hang,883,13,1
kor_Hang,883,14,1
kor_Hang,883,15,47
kor_Hang,883,16,47
kor_Hang,883,17,39
kor_Hang,883,18,13
kor_Hang,883,19,13
kor_Hang,883,20,13
kor_Hang,883,21,13
kor_Hang,883,22,13
kor_Hang,883,23,13
kor_Hang,883,24,13
kor_Hang,883,25,19
kor_Hang,883,26,13
kor_Hang,883,27,61
kor_Hang,883,28,19
kor_Hang,883,29,13
kor_Hang,883,30,47
kor_Hang,883,31,13
kor_Hang,883,32,13
kor_Hang,883,33,24
kor_Hang,883,34,13
kor_Hang,883,35,13
kor_Hang,883,36,13
kor_Hang,883,37,19
kor_Hang,883,38,13
kor_Hang,883,39,47
kor_Hang,883,40,13
kor_Hang,883,41,19
kor_Hang,883,42,13
kor_Hang,883,43,13
kor_Hang,883,44,13
kor_Hang,883,45,13
kor_Hang,883,46,13
kor_Hang,883,47,47
kor_Hang,883,48,13
kor_Hang,883,49,47
kor_Hang,883,50,19
kor_Hang,883,51,13
kor_Hang,883,52,13
kor_Hang,883,53,13
kor_Hang,883,54,13
kor_Hang,883,55,13
kor_Hang,883,56,13
kor_Hang,883,57,47
kor_Hang,883,58,13
kor_Hang,883,59,27
kor_Hang,883,60,13
kor_Hang,883,61,13
kor_Hang,883,62,26
kor_Hang,883,63,13
kor_Hang,883,64,13
kor_Hang,883,65,47
kor_Hang,883,66,13
kor_Hang,883,67,13
kor_Hang,883,68,13
kor_Hang,883,69,13
kor_Hang,883,70,13
kor_Hang,883,71,34
eng_Latn,884,0,60
eng_Latn,884,1,37
eng_Latn,884,2,53
eng_Latn,884,3,34
eng_Latn,885,0,60
eng_Latn,885,1,17
eng_Latn,885,2,17
eng_Latn,885,3,20
eng_Latn,885,4,15
eng_Latn,885,5,48
eng_Latn,886,0,60
eng_Latn,886,1,23
eng_Latn,886,2,56
eng_Latn,886,3,57
eng_Latn,886,4,54
eng_Latn,886,5,35
eng_Latn,886,6,38
eng_Latn,886,7,57
eng_Latn,887,0,60
eng_Latn,887,1,35
eng_Latn,887,2,56
eng_Latn,887,3,56
eng_Latn,887,4,51
eng_Latn,887,5,56
eng_Latn,887,6,51
eng_Latn,888,0,60
eng_Latn,888,1,63
eng_Latn,888,2,18
eng_Latn,888,3,18
eng_Latn,888,4,16
eng_Latn,888,5,16
eng_Latn,888,6,34
eng_Latn,889,0,60
eng_Latn,889,1,20
eng_Latn,889,2,35
eng_Latn,889,3,24
eng_Latn,889,4,24
eng_Latn,889,5,23
eng_Latn,889,6,24
eng_Latn,889,7,33
eng_Latn,889,8,52
kor_Hang,890,0,60
kor_Hang,890,1,13
kor_Hang,890,2,13
kor_Hang,890,3,13
kor_Hang,890,4,13
kor_Hang,890,5,13
kor_Hang,890,6,13
kor_Hang,890,7,13
kor_Hang,890,8,13
kor_Hang,890,9,13
kor_Hang,890,10,13
kor_Hang,890,11,13
kor_Hang,890,12,13
kor_Hang,890,13,13
kor_Hang,890,14,13
kor_Hang,890,15,13
kor_Hang,890,16,13
kor_Hang,890,17,13
kor_Hang,890,18,19
kor_Hang,890,19,13
kor_Hang,890,20,13
kor_Hang,890,21,13
kor_Hang,890,22,19
kor_Hang,890,23,13
kor_Hang,890,24,13
kor_Hang,890,25,13
kor_Hang,890,26,13
kor_Hang,890,27,13
kor_Hang,890,28,13
kor_Hang,890,29,13
kor_Hang,890,30,13
kor_Hang,890,31,13
kor_Hang,890,32,13
kor_Hang,890,33,13
kor_Hang,890,34,13
kor_Hang,890,35,13
kor_Hang,890,36,13
kor_Hang,890,37,13
kor_Hang,890,38,61
kor_Hang,890,39,13
kor_Hang,890,40,13
kor_Hang,890,41,13
kor_Hang,890,42,13
kor_Hang,890,43,19
kor_Hang,890,44,39
kor_Hang,890,45,1
kor_Hang,890,46,39
kor_Hang,890,47,47
kor_Hang,890,48,13
kor_Hang,890,49,13
kor_Hang,890,50,19
kor_Hang,890,51,13
kor_Hang,890,52,47
kor_Hang,890,53,13
kor_Hang,890,54,13
kor_Hang,890,55,13
kor_Hang,890,56,13
kor_Hang,890,57,13
kor_Hang,890,58,13
kor_Hang,890,59,13
kor_Hang,890,60,19
kor_Hang,890,61,13
kor_Hang,890,62,34
kor_Hang,891,0,60
kor_Hang,891,1,1
kor_Hang,891,2,52
kor_Hang,891,3,9
kor_Hang,891,4,13
kor_Hang,891,5,13
kor_Hang,891,6,13
kor_Hang,891,7,13
kor_Hang,891,8,13
kor_Hang,891,9,47
kor_Hang,891,10,47
kor_Hang,891,11,13
kor_Hang,891,12,13
kor_Hang,891,13,13
kor_Hang,891,14,13
kor_Hang,891,15,13
kor_Hang,891,16,34
kor_Hang,891,17,13
kor_Hang,891,18,13
kor_Hang,891,19,13
kor_Hang,891,20,13
kor_Hang,891,21,13
kor_Hang,891,22,13
kor_Hang,891,23,13
kor_Hang,891,24,19
kor_Hang,891,25,13
kor_Hang,891,26,19
kor_Hang,891,27,34
kor_Hang,891,28,13
kor_Hang,891,29,13
kor_Hang,891,30,19
kor_Hang,891,31,13
kor_Hang,891,32,13
kor_Hang,891,33,34
kor_Hang,891,34,13
kor_Hang,891,35,13
kor_Hang,891,36,13
kor_Hang,891,37,13
kor_Hang,891,38,47
kor_Hang,891,39,13
kor_Hang,891,40,13
kor_Hang,891,41,13
kor_Hang,891,42,13
kor_Hang,891,43,13
kor_Hang,891,44,47
kor_Hang,891,45,13
kor_Hang,891,46,13
kor_Hang,891,47,19
kor_Hang,891,48,13
kor_Hang,891,49,13
kor_Hang,891,50,13
eng_Latn,892,0,60
eng_Latn,892,1,19
eng_Latn,892,2,33
eng_Latn,892,3,33
kor_Hang,893,0,60
kor_Hang,893,1,13
kor_Hang,893,2,13
kor_Hang,893,3,19
kor_Hang,893,4,13
kor_Hang,893,5,13
kor_Hang,893,6,13
kor_Hang,893,7,13
kor_Hang,893,8,13
kor_Hang,893,9,13
kor_Hang,893,10,13
kor_Hang,893,11,47
kor_Hang,893,12,13
kor_Hang,893,13,19
kor_Hang,893,14,13
kor_Hang,893,15,13
kor_Hang,893,16,13
kor_Hang,893,17,13
kor_Hang,893,18,13
kor_Hang,893,19,34
kor_Hang,893,20,13
kor_Hang,893,21,13
kor_Hang,893,22,13
kor_Hang,893,23,39
kor_Hang,893,24,47
kor_Hang,893,25,13
kor_Hang,893,26,19
kor_Hang,893,27,13
kor_Hang,893,28,13
kor_Hang,893,29,47
kor_Hang,893,30,13
kor_Hang,893,31,13
kor_Hang,893,32,13
kor_Hang,893,33,61
kor_Hang,893,34,19
kor_Hang,893,35,13
kor_Hang,893,36,13
kor_Hang,893,37,13
kor_Hang,893,38,13
kor_Hang,893,39,13
kor_Hang,893,40,13
kor_Hang,893,41,13
kor_Hang,893,42,13
kor_Hang,893,43,13
kor_Hang,893,44,13
kor_Hang,893,45,13
kor_Hang,893,46,13
kor_Hang,893,47,13
kor_Hang,893,48,13
kor_Hang,893,49,13
kor_Hang,893,50,13
kor_Hang,893,51,13
kor_Hang,893,52,13
kor_Hang,893,53,13
kor_Hang,893,54,13
kor_Hang,893,55,13
kor_Hang,893,56,13
kor_Hang,893,57,13
kor_Hang,893,58,13
kor_Hang,893,59,13
kor_Hang,893,60,13
kor_Hang,893,61,13
kor_Hang,893,62,13
kor_Hang,893,63,19
kor_Hang,893,64,13
kor_Hang,893,65,13
kor_Hang,893,66,13
kor_Hang,893,67,13
kor_Hang,893,68,13
kor_Hang,893,69,13
kor_Hang,893,70,13
kor_Hang,893,71,34
eng_Latn,894,0,60
eng_Latn,894,1,39
eng_Latn,894,2,61
eng_Latn,894,3,26
eng_Latn,894,4,49
eng_Latn,894,5,56
eng_Latn,894,6,37
eng_Latn,894,7,57
eng_Latn,894,8,35
eng_Latn,894,9,57
eng_Latn,895,0,60
eng_Latn,895,1,4
eng_Latn,895,2,4
eng_Latn,895,3,20
eng_Latn,895,4,35
eng_Latn,895,5,57
eng_Latn,895,6,15
eng_Latn,895,7,1
eng_Latn,895,8,52
eng_Latn,896,0,60
eng_Latn,896,1,27
eng_Latn,896,2,35
eng_Latn,896,3,19
eng_Latn,896,4,33
eng_Latn,896,5,46
eng_Latn,896,6,8
eng_Latn,896,7,8
eng_Latn,896,8,46
eng_Latn,896,9,16
eng_Latn,897,0,60
eng_Latn,897,1,17
eng_Latn,897,2,32
eng_Latn,897,3,17
eng_Latn,897,4,4
eng_Latn,897,5,32
eng_Latn,897,6,4
eng_Latn,898,0,60
eng_Latn,898,1,19
eng_Latn,898,2,56
eng_Latn,898,3,57
kor_Hang,899,0,60
kor_Hang,899,1,60
kor_Hang,899,2,52
kor_Hang,899,3,60
kor_Hang,899,4,12
kor_Hang,899,5,13
kor_Hang,899,6,13
kor_Hang,899,7,13
kor_Hang,899,8,13
kor_Hang,899,9,13
kor_Hang,899,10,13
kor_Hang,899,11,13
eng_Latn,900,0,60
eng_Latn,900,1,9
eng_Latn,900,2,11
eng_Latn,900,3,27
eng_Latn,900,4,27
eng_Latn,900,5,27
eng_Latn,900,6,39
eng_Latn,900,7,11
eng_Latn,900,8,19
eng_Latn,900,9,27
eng_Latn,900,10,26
eng_Latn,900,11,39
eng_Latn,900,12,1
eng_Latn,900,13,9
eng_Latn,900,14,60
eng_Latn,901,0,60
eng_Latn,901,1,38
eng_Latn,901,2,15
eng_Latn,901,3,20
eng_Latn,901,4,38
eng_Latn,901,5,56
eng_Latn,901,6,61
eng_Latn,901,7,19
eng_Latn,901,8,51
kor_Hang,902,0,60
kor_Hang,902,1,13
kor_Hang,902,2,13
kor_Hang,902,3,19
kor_Hang,902,4,13
kor_Hang,902,5,13
kor_Hang,902,6,13
kor_Hang,902,7,19
kor_Hang,902,8,13
kor_Hang,902,9,19
kor_Hang,902,10,13
kor_Hang,902,11,12
kor_Hang,902,12,52
kor_Hang,902,13,1
kor_Hang,902,14,13
kor_Hang,902,15,13
kor_Hang,902,16,13
kor_Hang,902,17,19
kor_Hang,902,18,13
kor_Hang,902,19,13
kor_Hang,902,20,13
kor_Hang,902,21,13
kor_Hang,902,22,19
kor_Hang,902,23,13
kor_Hang,902,24,13
kor_Hang,902,25,13
kor_Hang,902,26,13
kor_Hang,902,27,13
kor_Hang,902,28,19
kor_Hang,902,29,13
kor_Hang,902,30,13
kor_Hang,902,31,13
kor_Hang,902,32,13
kor_Hang,902,33,13
kor_Hang,902,34,13
kor_Hang,902,35,19
kor_Hang,902,36,13
kor_Hang,902,37,13
kor_Hang,902,38,13
kor_Hang,902,39,13
kor_Hang,902,40,13
kor_Hang,902,41,13
kor_Hang,902,42,61
kor_Hang,902,43,19
kor_Hang,902,44,13
kor_Hang,902,45,19
kor_Hang,902,46,13
kor_Hang,902,47,13
kor_Hang,902,48,13
kor_Hang,902,49,13
kor_Hang,902,50,13
kor_Hang,902,51,13
kor_Hang,902,52,34
kor_Hang,902,53,13
kor_Hang,902,54,13
kor_Hang,902,55,13
kor_Hang,902,56,19
kor_Hang,902,57,13
kor_Hang,902,58,34
eng_Latn,903,0,60
eng_Latn,903,1,22
eng_Latn,903,2,45
eng_Latn,903,3,22
eng_Latn,903,4,16
eng_Latn,903,5,59
eng_Latn,903,6,34
eng_Latn,903,7,20
eng_Latn,903,8,19
eng_Latn,903,9,19
eng_Latn,903,10,34
eng_Latn,904,0,60
eng_Latn,904,1,28
eng_Latn,904,2,28
eng_Latn,904,3,38
eng_Latn,904,4,19
eng_Latn,904,5,47
eng_Latn,905,0,60
eng_Latn,905,1,19
eng_Latn,905,2,22
eng_Latn,905,3,20
eng_Latn,905,4,38
eng_Latn,905,5,46
eng_Latn,905,6,54
eng_Latn,905,7,16
eng_Latn,905,8,16
kor_Hang,906,0,60
kor_Hang,906,1,13
kor_Hang,906,2,13
kor_Hang,906,3,13
kor_Hang,906,4,13
kor_Hang,906,5,13
kor_Hang,906,6,13
kor_Hang,906,7,13
kor_Hang,906,8,13
kor_Hang,906,9,13
kor_Hang,906,10,13
kor_Hang,906,11,13
kor_Hang,906,12,13
kor_Hang,906,13,13
kor_Hang,906,14,13
kor_Hang,906,15,13
kor_Hang,906,16,13
kor_Hang,906,17,13
kor_Hang,906,18,13
kor_Hang,906,19,13
kor_Hang,906,20,13
kor_Hang,906,21,13
kor_Hang,906,22,47
kor_Hang,906,23,13
kor_Hang,906,24,19
kor_Hang,906,25,13
kor_Hang,906,26,13
kor_Hang,906,27,13
kor_Hang,906,28,13
kor_Hang,906,29,13
kor_Hang,906,30,13
kor_Hang,906,31,13
kor_Hang,906,32,13
kor_Hang,906,33,13
kor_Hang,906,34,34
kor_Hang,906,35,13
kor_Hang,906,36,13
kor_Hang,906,37,13
kor_Hang,906,38,47
kor_Hang,906,39,13
kor_Hang,906,40,13
kor_Hang,906,41,13
kor_Hang,906,42,19
kor_Hang,906,43,13
kor_Hang,906,44,13
kor_Hang,906,45,13
kor_Hang,906,46,13
kor_Hang,906,47,13
kor_Hang,906,48,13
kor_Hang,906,49,34
kor_Hang,906,50,19
kor_Hang,906,51,13
kor_Hang,906,52,34
eng_Latn,907,0,60
eng_Latn,907,1,41
eng_Latn,907,2,15
eng_Latn,907,3,56
eng_Latn,907,4,56
eng_Latn,907,5,63
eng_Latn,908,0,60
eng_Latn,908,1,20
eng_Latn,908,2,20
eng_Latn,908,3,34
eng_Latn,908,4,9
eng_Latn,908,5,20
eng_Latn,908,6,14
eng_Latn,908,7,47
kor_Hang,909,0,60
kor_Hang,909,1,1
kor_Hang,909,2,52
kor_Hang,909,3,9
kor_Hang,909,4,13
kor_Hang,909,5,13
kor_Hang,909,6,13
kor_Hang,909,7,13
kor_Hang,909,8,47
kor_Hang,909,9,19
kor_Hang,909,10,13
kor_Hang,909,11,13
kor_Hang,909,12,19
kor_Hang,909,13,13
kor_Hang,909,14,13
kor_Hang,909,15,13
kor_Hang,909,16,13
kor_Hang,909,17,27
kor_Hang,909,18,13
kor_Hang,909,19,19
kor_Hang,909,20,13
kor_Hang,909,21,19
kor_Hang,909,22,13
kor_Hang,909,23,19
kor_Hang,909,24,13
kor_Hang,909,25,13
kor_Hang,909,26,13
kor_Hang,909,27,13
kor_Hang,909,28,13
kor_Hang,909,29,13
kor_Hang,909,30,19
kor_Hang,909,31,13
kor_Hang,909,32,52
kor_Hang,909,33,1
kor_Hang,909,34,13
kor_Hang,909,35,12
kor_Hang,909,36,13
kor_Hang,909,37,13
kor_Hang,909,38,13
kor_Hang,909,39,13
kor_Hang,909,40,19
kor_Hang,909,41,13
kor_Hang,909,42,13
kor_Hang,909,43,13
kor_Hang,909,44,13
kor_Hang,909,45,13
kor_Hang,909,46,13
kor_Hang,909,47,19
kor_Hang,909,48,13
kor_Hang,909,49,47
kor_Hang,909,50,13
kor_Hang,909,51,13
kor_Hang,909,52,47
kor_Hang,909,53,13
kor_Hang,910,0,60
kor_Hang,910,1,19
kor_Hang,910,2,13
kor_Hang,910,3,13
kor_Hang,910,4,13
kor_Hang,910,5,13
kor_Hang,910,6,13
kor_Hang,910,7,13
kor_Hang,910,8,13
kor_Hang,910,9,13
kor_Hang,910,10,19
kor_Hang,910,11,13
kor_Hang,910,12,13
kor_Hang,910,13,13
kor_Hang,910,14,47
kor_Hang,910,15,13
kor_Hang,910,16,47
kor_Hang,910,17,13
kor_Hang,910,18,34
kor_Hang,910,19,13
kor_Hang,910,20,13
kor_Hang,910,21,13
kor_Hang,910,22,13
kor_Hang,910,23,13
kor_Hang,910,24,13
kor_Hang,910,25,13
kor_Hang,910,26,13
kor_Hang,910,27,13
kor_Hang,910,28,13
kor_Hang,910,29,13
kor_Hang,910,30,13
kor_Hang,910,31,13
kor_Hang,910,32,13
kor_Hang,910,33,13
kor_Hang,910,34,13
kor_Hang,910,35,13
kor_Hang,910,36,13
kor_Hang,910,37,13
kor_Hang,910,38,13
kor_Hang,910,39,13
kor_Hang,910,40,13
kor_Hang,910,41,13
kor_Hang,910,42,13
kor_Hang,910,43,19
kor_Hang,910,44,13
kor_Hang,910,45,13
kor_Hang,910,46,13
kor_Hang,910,47,13
kor_Hang,910,48,13
kor_Hang,910,49,13
kor_Hang,910,50,13
kor_Hang,910,51,19
kor_Hang,910,52,13
kor_Hang,910,53,13
kor_Hang,910,54,13
kor_Hang,910,55,13
kor_Hang,910,56,13
kor_Hang,910,57,13
kor_Hang,910,58,13
kor_Hang,910,59,13
kor_Hang,910,60,13
kor_Hang,910,61,13
kor_Hang,910,62,13
kor_Hang,910,63,13
kor_Hang,910,64,13
kor_Hang,910,65,13
kor_Hang,910,66,19
kor_Hang,910,67,13
kor_Hang,910,68,34
eng_Latn,911,0,60
eng_Latn,911,1,52
eng_Latn,911,2,1
eng_Latn,911,3,52
eng_Latn,911,4,52
eng_Latn,911,5,47
eng_Latn,911,6,19
eng_Latn,911,7,63
eng_Latn,912,0,60
eng_Latn,912,1,22
eng_Latn,912,2,63
eng_Latn,912,3,22
eng_Latn,912,4,60
eng_Latn,912,5,58
eng_Latn,912,6,12
eng_Latn,912,7,47
eng_Latn,912,8,39
eng_Latn,912,9,47
eng_Latn,912,10,40
eng_Latn,913,0,60
eng_Latn,913,1,57
eng_Latn,913,2,37
eng_Latn,913,3,37
eng_Latn,913,4,15
eng_Latn,913,5,56
eng_Latn,913,6,54
eng_Latn,913,7,37
eng_Latn,913,8,37
eng_Latn,914,0,60
eng_Latn,914,1,56
eng_Latn,914,2,34
eng_Latn,914,3,31
eng_Latn,914,4,20
eng_Latn,914,5,63
eng_Latn,915,0,60
eng_Latn,915,1,16
eng_Latn,915,2,16
eng_Latn,915,3,53
eng_Latn,915,4,43
eng_Latn,915,5,21
eng_Latn,915,6,21
eng_Latn,915,7,50
eng_Latn,915,8,0
eng_Latn,915,9,35
eng_Latn,915,10,57
eng_Latn,915,11,21
eng_Latn,916,0,60
eng_Latn,916,1,18
eng_Latn,916,2,16
eng_Latn,916,3,5
eng_Latn,916,4,61
kor_Hang,917,0,60
kor_Hang,917,1,13
kor_Hang,917,2,47
kor_Hang,917,3,13
kor_Hang,917,4,19
kor_Hang,917,5,13
kor_Hang,917,6,26
kor_Hang,917,7,13
kor_Hang,917,8,13
kor_Hang,917,9,26
kor_Hang,917,10,13
kor_Hang,917,11,13
kor_Hang,917,12,13
kor_Hang,917,13,61
kor_Hang,917,14,39
kor_Hang,917,15,12
kor_Hang,917,16,47
kor_Hang,917,17,40
kor_Hang,917,18,27
kor_Hang,917,19,39
eng_Latn,918,0,60
eng_Latn,918,1,35
eng_Latn,918,2,57
eng_Latn,918,3,54
eng_Latn,918,4,31
eng_Latn,918,5,16
eng_Latn,919,0,60
eng_Latn,919,1,11
eng_Latn,919,2,61
eng_Latn,919,3,22
eng_Latn,919,4,22
eng_Latn,919,5,42
eng_Latn,919,6,47
eng_Latn,919,7,27
eng_Latn,919,8,39
eng_Latn,920,0,60
eng_Latn,920,1,49
eng_Latn,920,2,20
eng_Latn,920,3,37
eng_Latn,920,4,40
eng_Latn,920,5,5
eng_Latn,920,6,49
eng_Latn,921,0,60
eng_Latn,921,1,18
eng_Latn,921,2,56
eng_Latn,921,3,56
kor_Hang,922,0,60
kor_Hang,922,1,47
kor_Hang,922,2,13
kor_Hang,922,3,13
kor_Hang,922,4,13
kor_Hang,922,5,24
kor_Hang,922,6,13
kor_Hang,922,7,13
kor_Hang,922,8,13
kor_Hang,922,9,13
kor_Hang,922,10,47
kor_Hang,922,11,13
kor_Hang,922,12,13
kor_Hang,922,13,13
kor_Hang,922,14,13
kor_Hang,922,15,13
kor_Hang,922,16,13
kor_Hang,922,17,13
kor_Hang,922,18,13
kor_Hang,922,19,13
kor_Hang,922,20,13
kor_Hang,922,21,13
kor_Hang,922,22,13
kor_Hang,922,23,13
kor_Hang,922,24,13
kor_Hang,922,25,13
kor_Hang,922,26,13
kor_Hang,922,27,13
kor_Hang,922,28,13
kor_Hang,922,29,13
kor_Hang,922,30,13
kor_Hang,922,31,13
kor_Hang,922,32,13
kor_Hang,922,33,13
eng_Latn,923,0,60
eng_Latn,923,1,54
eng_Latn,923,2,29
eng_Latn,924,0,60
eng_Latn,924,1,38
eng_Latn,924,2,15
eng_Latn,924,3,29
eng_Latn,924,4,35
eng_Latn,924,5,57
eng_Latn,924,6,57
kor_Hang,925,0,60
kor_Hang,925,1,13
kor_Hang,925,2,13
kor_Hang,925,3,19
kor_Hang,925,4,13
kor_Hang,925,5,13
kor_Hang,925,6,19
kor_Hang,925,7,13
kor_Hang,925,8,13
kor_Hang,925,9,13
kor_Hang,925,10,47
kor_Hang,925,11,19
kor_Hang,925,12,13
kor_Hang,925,13,19
kor_Hang,925,14,13
kor_Hang,925,15,13
kor_Hang,925,16,13
kor_Hang,925,17,13
kor_Hang,925,18,13
kor_Hang,925,19,13
kor_Hang,925,20,13
kor_Hang,925,21,34
kor_Hang,925,22,13
kor_Hang,925,23,13
kor_Hang,925,24,52
kor_Hang,925,25,13
kor_Hang,925,26,13
kor_Hang,925,27,9
kor_Hang,925,28,13
kor_Hang,925,29,13
kor_Hang,925,30,13
kor_Hang,925,31,19
kor_Hang,925,32,13
kor_Hang,925,33,13
kor_Hang,925,34,19
kor_Hang,925,35,13
kor_Hang,925,36,13
kor_Hang,925,37,13
kor_Hang,925,38,13
kor_Hang,925,39,19
kor_Hang,925,40,13
kor_Hang,925,41,19
kor_Hang,925,42,13
kor_Hang,925,43,13
kor_Hang,925,44,13
kor_Hang,925,45,13
kor_Hang,925,46,13
kor_Hang,925,47,13
kor_Hang,925,48,13
kor_Hang,925,49,13
kor_Hang,925,50,13
kor_Hang,925,51,34
kor_Hang,925,52,13
kor_Hang,925,53,13
kor_Hang,925,54,52
kor_Hang,925,55,13
kor_Hang,925,56,13
kor_Hang,925,57,9
kor_Hang,925,58,52
eng_Latn,926,0,60
eng_Latn,926,1,52
eng_Latn,926,2,53
eng_Latn,926,3,38
eng_Latn,926,4,52
eng_Latn,926,5,34
eng_Latn,926,6,61
eng_Latn,926,7,16
eng_Latn,926,8,35
eng_Latn,926,9,19
eng_Latn,926,10,15
eng_Latn,927,0,60
eng_Latn,927,1,26
eng_Latn,927,2,39
eng_Latn,927,3,39
eng_Latn,928,0,60
eng_Latn,928,1,52
eng_Latn,928,2,14
eng_Latn,928,3,52
eng_Latn,928,4,52
eng_Latn,928,5,57
eng_Latn,928,6,63
eng_Latn,929,0,60
eng_Latn,929,1,38
eng_Latn,929,2,46
eng_Latn,929,3,47
eng_Latn,929,4,40
eng_Latn,929,5,29
eng_Latn,929,6,33
eng_Latn,930,0,60
eng_Latn,930,1,56
eng_Latn,930,2,51
eng_Latn,930,3,18
eng_Latn,930,4,20
eng_Latn,931,0,60
eng_Latn,931,1,54
eng_Latn,931,2,38
eng_Latn,931,3,19
eng_Latn,931,4,46
eng_Latn,931,5,21
eng_Latn,931,6,16
eng_Latn,931,7,57
eng_Latn,932,0,60
eng_Latn,932,1,9
eng_Latn,932,2,22
eng_Latn,932,3,18
eng_Latn,932,4,20
eng_Latn,932,5,21
eng_Latn,932,6,57
eng_Latn,932,7,53
eng_Latn,932,8,37
eng_Latn,932,9,4
kor_Hang,933,0,60
kor_Hang,933,1,46
kor_Hang,933,2,7
eng_Latn,934,0,60
eng_Latn,934,1,22
eng_Latn,934,2,18
eng_Latn,934,3,55
eng_Latn,934,4,46
eng_Latn,934,5,57
eng_Latn,934,6,55
eng_Latn,934,7,3
eng_Latn,934,8,57
eng_Latn,934,9,15
kor_Hang,935,0,60
kor_Hang,935,1,19
kor_Hang,935,2,13
kor_Hang,935,3,13
kor_Hang,935,4,47
kor_Hang,935,5,13
kor_Hang,935,6,52
kor_Hang,935,7,52
kor_Hang,935,8,52
kor_Hang,935,9,52
kor_Hang,935,10,13
kor_Hang,935,11,13
kor_Hang,935,12,13
kor_Hang,935,13,13
kor_Hang,935,14,13
kor_Hang,935,15,13
kor_Hang,935,16,13
kor_Hang,935,17,13
kor_Hang,935,18,51
kor_Hang,935,19,34
eng_Latn,936,0,60
eng_Latn,936,1,46
eng_Latn,936,2,15
eng_Latn,936,3,14
eng_Latn,936,4,23
eng_Latn,936,5,13
eng_Latn,936,6,19
eng_Latn,936,7,63
eng_Latn,937,0,60
eng_Latn,937,1,15
eng_Latn,937,2,56
eng_Latn,937,3,63
eng_Latn,937,4,14
eng_Latn,937,5,14
eng_Latn,937,6,40
eng_Latn,937,7,26
kor_Hang,938,0,60
kor_Hang,938,1,13
kor_Hang,938,2,52
kor_Hang,938,3,13
kor_Hang,938,4,13
kor_Hang,938,5,39
kor_Hang,938,6,13
kor_Hang,938,7,13
kor_Hang,938,8,13
kor_Hang,938,9,13
kor_Hang,938,10,19
kor_Hang,938,11,13
kor_Hang,938,12,47
kor_Hang,938,13,13
kor_Hang,938,14,13
kor_Hang,938,15,13
kor_Hang,938,16,13
kor_Hang,938,17,13
kor_Hang,938,18,13
kor_Hang,938,19,19
kor_Hang,938,20,13
kor_Hang,938,21,13
kor_Hang,938,22,13
kor_Hang,938,23,13
kor_Hang,938,24,13
kor_Hang,938,25,13
kor_Hang,938,26,13
kor_Hang,938,27,52
eng_Latn,939,0,60
eng_Latn,939,1,18
eng_Latn,939,2,18
eng_Latn,939,3,20
eng_Latn,939,4,28
eng_Latn,939,5,34
eng_Latn,939,6,34
eng_Latn,940,0,60
eng_Latn,940,1,26
eng_Latn,940,2,26
eng_Latn,940,3,39
eng_Latn,940,4,5
eng_Latn,940,5,18
eng_Latn,940,6,53
eng_Latn,940,7,14
eng_Latn,940,8,63
eng_Latn,941,0,60
eng_Latn,941,1,14
eng_Latn,941,2,19
eng_Latn,941,3,40
eng_Latn,941,4,18
eng_Latn,942,0,60
eng_Latn,942,1,34
eng_Latn,942,2,29
eng_Latn,942,3,29
eng_Latn,942,4,16
eng_Latn,942,5,53
eng_Latn,942,6,38
eng_Latn,942,7,57
eng_Latn,943,0,60
eng_Latn,943,1,22
eng_Latn,943,2,51
eng_Latn,943,3,46
eng_Latn,943,4,45
eng_Latn,943,5,46
eng_Latn,943,6,45
eng_Latn,943,7,51
eng_Latn,944,0,60
eng_Latn,944,1,1
eng_Latn,944,2,37
eng_Latn,944,3,37
eng_Latn,944,4,37
eng_Latn,944,5,49
eng_Latn,945,0,60
eng_Latn,945,1,9
eng_Latn,945,2,18
eng_Latn,945,3,20
eng_Latn,945,4,22
eng_Latn,945,5,40
eng_Latn,945,6,61
eng_Latn,945,7,19
eng_Latn,945,8,34
kor_Hang,946,0,60
kor_Hang,946,1,13
kor_Hang,946,2,13
kor_Hang,946,3,13
kor_Hang,946,4,13
kor_Hang,946,5,13
kor_Hang,946,6,47
kor_Hang,946,7,19
kor_Hang,946,8,13
kor_Hang,946,9,13
kor_Hang,946,10,19
kor_Hang,946,11,13
kor_Hang,946,12,13
kor_Hang,946,13,19
kor_Hang,946,14,39
kor_Hang,946,15,47
kor_Hang,946,16,19
kor_Hang,946,17,13
kor_Hang,946,18,19
kor_Hang,946,19,13
kor_Hang,946,20,12
kor_Hang,946,21,13
kor_Hang,946,22,13
kor_Hang,946,23,27
kor_Hang,946,24,13
kor_Hang,946,25,13
kor_Hang,946,26,13
kor_Hang,946,27,13
kor_Hang,946,28,13
kor_Hang,946,29,13
kor_Hang,946,30,13
kor_Hang,946,31,13
kor_Hang,946,32,13
kor_Hang,946,33,13
kor_Hang,946,34,47
kor_Hang,946,35,13
kor_Hang,946,36,13
kor_Hang,946,37,13
kor_Hang,946,38,13
kor_Hang,946,39,19
kor_Hang,946,40,13
kor_Hang,946,41,13
kor_Hang,946,42,13
kor_Hang,946,43,13
kor_Hang,946,44,13
kor_Hang,946,45,13
kor_Hang,946,46,13
kor_Hang,946,47,13
kor_Hang,946,48,19
kor_Hang,946,49,13
kor_Hang,946,50,34
eng_Latn,947,0,60
eng_Latn,947,1,9
eng_Latn,947,2,29
eng_Latn,947,3,54
eng_Latn,947,4,38
eng_Latn,947,5,46
eng_Latn,947,6,17
eng_Latn,947,7,17
eng_Latn,947,8,16
eng_Latn,947,9,16
eng_Latn,947,10,57
eng_Latn,947,11,34
eng_Latn,948,0,60
eng_Latn,948,1,11
eng_Latn,948,2,52
eng_Latn,948,3,47
eng_Latn,948,4,3
eng_Latn,948,5,3
eng_Latn,948,6,57
eng_Latn,948,7,39
eng_Latn,948,8,19
eng_Latn,948,9,3
eng_Latn,949,0,60
eng_Latn,949,1,14
eng_Latn,949,2,14
eng_Latn,949,3,35
eng_Latn,949,4,1
eng_Latn,949,5,52
kor_Hang,950,0,60
kor_Hang,950,1,13
kor_Hang,950,2,19
kor_Hang,950,3,13
kor_Hang,950,4,13
kor_Hang,950,5,13
kor_Hang,950,6,13
kor_Hang,950,7,47
kor_Hang,950,8,13
kor_Hang,950,9,61
kor_Hang,950,10,47
kor_Hang,950,11,13
kor_Hang,950,12,13
kor_Hang,950,13,13
kor_Hang,950,14,13
kor_Hang,950,15,13
kor_Hang,950,16,47
kor_Hang,950,17,13
kor_Hang,950,18,13
kor_Hang,950,19,13
kor_Hang,950,20,13
kor_Hang,950,21,13
kor_Hang,950,22,61
kor_Hang,950,23,19
kor_Hang,950,24,13
kor_Hang,950,25,47
kor_Hang,950,26,19
kor_Hang,950,27,13
kor_Hang,950,28,13
kor_Hang,950,29,13
kor_Hang,950,30,13
kor_Hang,950,31,13
kor_Hang,950,32,13
kor_Hang,950,33,13
kor_Hang,950,34,13
kor_Hang,950,35,13
kor_Hang,950,36,13
kor_Hang,950,37,13
kor_Hang,950,38,13
kor_Hang,950,39,13
kor_Hang,950,40,13
kor_Hang,950,41,13
kor_Hang,950,42,13
kor_Hang,950,43,13
kor_Hang,950,44,13
kor_Hang,950,45,13
kor_Hang,950,46,13
kor_Hang,950,47,13
kor_Hang,950,48,13
kor_Hang,950,49,13
kor_Hang,950,50,47
kor_Hang,950,51,19
kor_Hang,950,52,13
kor_Hang,950,53,13
kor_Hang,950,54,13
kor_Hang,950,55,13
kor_Hang,950,56,13
kor_Hang,950,57,13
kor_Hang,950,58,13
kor_Hang,950,59,13
kor_Hang,950,60,13
kor_Hang,950,61,19
kor_Hang,950,62,34
kor_Hang,950,63,13
kor_Hang,950,64,19
kor_Hang,950,65,34
eng_Latn,951,0,60
eng_Latn,951,1,22
eng_Latn,951,2,52
eng_Latn,951,3,53
eng_Latn,951,4,52
eng_Latn,951,5,10
eng_Latn,951,6,16
eng_Latn,951,7,3
eng_Latn,951,8,40
eng_Latn,951,9,3
kor_Hang,952,0,60
kor_Hang,952,1,13
kor_Hang,952,2,19
kor_Hang,952,3,13
kor_Hang,952,4,19
kor_Hang,952,5,13
kor_Hang,952,6,13
kor_Hang,952,7,13
kor_Hang,952,8,13
kor_Hang,952,9,13
kor_Hang,952,10,13
kor_Hang,952,11,47
kor_Hang,952,12,13
kor_Hang,952,13,13
kor_Hang,952,14,13
kor_Hang,952,15,19
kor_Hang,952,16,13
kor_Hang,952,17,19
kor_Hang,952,18,13
kor_Hang,952,19,13
kor_Hang,952,20,19
kor_Hang,952,21,13
kor_Hang,952,22,19
kor_Hang,952,23,13
kor_Hang,952,24,13
kor_Hang,952,25,13
kor_Hang,952,26,13
kor_Hang,952,27,13
kor_Hang,952,28,13
kor_Hang,952,29,13
kor_Hang,952,30,13
kor_Hang,952,31,13
kor_Hang,952,32,13
kor_Hang,952,33,13
kor_Hang,952,34,13
kor_Hang,952,35,13
kor_Hang,952,36,13
kor_Hang,952,37,13
kor_Hang,952,38,51
eng_Latn,953,0,60
eng_Latn,953,1,13
eng_Latn,953,2,13
eng_Latn,953,3,49
eng_Latn,953,4,5
eng_Latn,953,5,7
eng_Latn,954,0,60
eng_Latn,954,1,35
eng_Latn,954,2,17
eng_Latn,954,3,35
eng_Latn,954,4,52
eng_Latn,954,5,52
eng_Latn,954,6,57
eng_Latn,954,7,17
eng_Latn,954,8,51
eng_Latn,955,0,60
eng_Latn,955,1,40
eng_Latn,955,2,51
eng_Latn,955,3,17
eng_Latn,955,4,17
eng_Latn,955,5,4
eng_Latn,955,6,59
eng_Latn,955,7,57
eng_Latn,956,0,60
eng_Latn,956,1,41
eng_Latn,956,2,57
eng_Latn,956,3,57
kor_Hang,957,0,60
kor_Hang,957,1,13
kor_Hang,957,2,13
kor_Hang,957,3,19
kor_Hang,957,4,13
kor_Hang,957,5,13
kor_Hang,957,6,13
kor_Hang,957,7,13
kor_Hang,957,8,34
kor_Hang,957,9,13
kor_Hang,957,10,13
kor_Hang,957,11,13
kor_Hang,957,12,13
kor_Hang,957,13,13
kor_Hang,957,14,13
kor_Hang,957,15,13
kor_Hang,957,16,13
kor_Hang,957,17,19
kor_Hang,957,18,13
kor_Hang,957,19,47
kor_Hang,957,20,47
kor_Hang,957,21,13
kor_Hang,957,22,13
kor_Hang,957,23,19
kor_Hang,957,24,13
kor_Hang,957,25,13
kor_Hang,957,26,13
kor_Hang,957,27,13
kor_Hang,957,28,34
kor_Hang,957,29,19
kor_Hang,957,30,13
kor_Hang,957,31,34
eng_Latn,958,0,60
eng_Latn,958,1,13
eng_Latn,958,2,13
eng_Latn,958,3,42
eng_Latn,958,4,19
eng_Latn,959,0,60
eng_Latn,959,1,16
eng_Latn,959,2,19
eng_Latn,959,3,47
eng_Latn,959,4,16
eng_Latn,959,5,50
eng_Latn,959,6,16
eng_Latn,959,7,38
eng_Latn,959,8,57
eng_Latn,960,0,60
eng_Latn,960,1,13
eng_Latn,960,2,13
eng_Latn,960,3,13
eng_Latn,960,4,5
eng_Latn,960,5,7
eng_Latn,961,0,60
eng_Latn,961,1,51
eng_Latn,961,2,51
kor_Hang,962,0,60
kor_Hang,962,1,62
kor_Hang,962,2,58
kor_Hang,962,3,58
kor_Hang,962,4,13
kor_Hang,962,5,13
kor_Hang,962,6,13
kor_Hang,962,7,13
kor_Hang,962,8,13
kor_Hang,962,9,61
kor_Hang,962,10,19
kor_Hang,962,11,13
kor_Hang,962,12,47
kor_Hang,962,13,13
kor_Hang,962,14,13
kor_Hang,962,15,13
kor_Hang,962,16,13
kor_Hang,962,17,13
kor_Hang,962,18,19
kor_Hang,962,19,13
kor_Hang,962,20,19
kor_Hang,962,21,13
kor_Hang,962,22,12
kor_Hang,962,23,58
kor_Hang,962,24,13
kor_Hang,962,25,13
kor_Hang,962,26,13
kor_Hang,962,27,13
kor_Hang,962,28,13
kor_Hang,962,29,13
kor_Hang,962,30,19
kor_Hang,962,31,13
kor_Hang,962,32,52
kor_Hang,962,33,47
kor_Hang,962,34,13
kor_Hang,962,35,13
kor_Hang,962,36,13
kor_Hang,962,37,13
kor_Hang,962,38,19
kor_Hang,962,39,13
kor_Hang,962,40,11
kor_Hang,962,41,52
kor_Hang,962,42,13
kor_Hang,962,43,13
kor_Hang,962,44,19
kor_Hang,962,45,13
kor_Hang,962,46,13
kor_Hang,962,47,13
kor_Hang,962,48,13
kor_Hang,962,49,13
kor_Hang,962,50,13
kor_Hang,962,51,19
kor_Hang,962,52,13
kor_Hang,962,53,13
kor_Hang,962,54,19
kor_Hang,962,55,13
kor_Hang,962,56,47
kor_Hang,962,57,19
kor_Hang,962,58,13
kor_Hang,962,59,19
kor_Hang,962,60,13
kor_Hang,962,61,13
kor_Hang,962,62,19
kor_Hang,962,63,13
kor_Hang,962,64,13
kor_Hang,962,65,13
eng_Latn,963,0,60
eng_Latn,963,1,18
eng_Latn,963,2,4
eng_Latn,963,3,18
eng_Latn,963,4,34
eng_Latn,963,5,31
eng_Latn,963,6,20
eng_Latn,963,7,16
eng_Latn,964,0,60
eng_Latn,964,1,56
eng_Latn,964,2,16
eng_Latn,964,3,29
eng_Latn,964,4,41
eng_Latn,964,5,46
eng_Latn,965,0,60
eng_Latn,965,1,36
eng_Latn,965,2,49
eng_Latn,965,3,5
eng_Latn,965,4,49
eng_Latn,965,5,5
eng_Latn,965,6,5
eng_Latn,965,7,40
eng_Latn,965,8,26
eng_Latn,966,0,60
eng_Latn,966,1,15
eng_Latn,966,2,63
eng_Latn,966,3,63
eng_Latn,966,4,37
eng_Latn,967,0,60
eng_Latn,967,1,22
eng_Latn,967,2,15
eng_Latn,967,3,11
eng_Latn,967,4,52
eng_Latn,967,5,3
eng_Latn,967,6,48
eng_Latn,968,0,60
eng_Latn,968,1,46
eng_Latn,968,2,5
eng_Latn,968,3,54
eng_Latn,968,4,48
eng_Latn,968,5,8
eng_Latn,968,6,15
eng_Latn,968,7,48
eng_Latn,968,8,56
eng_Latn,968,9,34
eng_Latn,968,10,34
eng_Latn,969,0,60
eng_Latn,969,1,54
eng_Latn,969,2,54
eng_Latn,969,3,54
eng_Latn,969,4,50
eng_Latn,969,5,16
eng_Latn,969,6,38
eng_Latn,969,7,4
eng_Latn,969,8,5
eng_Latn,969,9,18
eng_Latn,969,10,51
eng_Latn,969,11,42
eng_Latn,969,12,24
eng_Latn,969,13,29
eng_Latn,969,14,54
eng_Latn,970,0,60
eng_Latn,970,1,29
eng_Latn,970,2,56
eng_Latn,970,3,51
eng_Latn,970,4,45
eng_Latn,970,5,38
eng_Latn,970,6,33
eng_Latn,970,7,33
eng_Latn,970,8,1
eng_Latn,971,0,60
eng_Latn,971,1,17
eng_Latn,971,2,34
eng_Latn,971,3,37
eng_Latn,971,4,34
kor_Hang,972,0,60
kor_Hang,972,1,13
kor_Hang,972,2,13
kor_Hang,972,3,19
kor_Hang,972,4,39
kor_Hang,972,5,13
kor_Hang,972,6,13
kor_Hang,972,7,19
kor_Hang,972,8,47
kor_Hang,972,9,19
kor_Hang,972,10,39
kor_Hang,972,11,13
kor_Hang,972,12,47
kor_Hang,972,13,39
kor_Hang,972,14,52
kor_Hang,972,15,13
kor_Hang,972,16,13
kor_Hang,972,17,13
kor_Hang,972,18,13
kor_Hang,972,19,13
kor_Hang,972,20,13
kor_Hang,972,21,13
kor_Hang,972,22,13
kor_Hang,972,23,13
kor_Hang,972,24,13
kor_Hang,972,25,13
kor_Hang,972,26,13
kor_Hang,972,27,19
kor_Hang,972,28,13
kor_Hang,972,29,19
kor_Hang,972,30,13
kor_Hang,972,31,13
kor_Hang,972,32,13
kor_Hang,972,33,19
kor_Hang,972,34,13
kor_Hang,972,35,13
kor_Hang,972,36,13
kor_Hang,972,37,13
kor_Hang,972,38,9
kor_Hang,972,39,13
kor_Hang,972,40,19
kor_Hang,972,41,13
kor_Hang,972,42,13
kor_Hang,972,43,13
kor_Hang,972,44,13
kor_Hang,972,45,47
kor_Hang,972,46,13
kor_Hang,972,47,13
kor_Hang,972,48,13
kor_Hang,972,49,13
kor_Hang,972,50,13
kor_Hang,972,51,13
kor_Hang,972,52,13
kor_Hang,972,53,13
kor_Hang,972,54,13
kor_Hang,972,55,13
kor_Hang,972,56,13
kor_Hang,972,57,13
kor_Hang,972,58,13
kor_Hang,972,59,19
kor_Hang,972,60,13
kor_Hang,972,61,13
kor_Hang,972,62,13
kor_Hang,972,63,47
kor_Hang,972,64,13
kor_Hang,972,65,13
kor_Hang,972,66,13
kor_Hang,972,67,13
kor_Hang,972,68,13
kor_Hang,972,69,13
kor_Hang,972,70,34
eng_Latn,973,0,60
eng_Latn,973,1,56
eng_Latn,973,2,57
eng_Latn,973,3,17
eng_Latn,973,4,17
eng_Latn,973,5,56
eng_Latn,973,6,48
eng_Latn,973,7,18
eng_Latn,973,8,16
eng_Latn,974,0,60
eng_Latn,974,1,19
eng_Latn,974,2,51
eng_Latn,974,3,45
eng_Latn,974,4,41
eng_Latn,974,5,35
eng_Latn,974,6,15
eng_Latn,974,7,16
eng_Latn,974,8,20
eng_Latn,974,9,61
eng_Latn,974,10,34
eng_Latn,975,0,60
eng_Latn,975,1,11
eng_Latn,975,2,61
eng_Latn,975,3,39
eng_Latn,975,4,5
eng_Latn,975,5,61
eng_Latn,976,0,60
eng_Latn,976,1,52
eng_Latn,976,2,31
eng_Latn,976,3,52
eng_Latn,977,0,60
eng_Latn,977,1,57
eng_Latn,977,2,37
eng_Latn,977,3,19
eng_Latn,977,4,15
eng_Latn,978,0,60
eng_Latn,978,1,9
eng_Latn,978,2,22
eng_Latn,978,3,12
eng_Latn,978,4,40
eng_Latn,978,5,47
eng_Latn,978,6,9
eng_Latn,978,7,60
eng_Latn,978,8,12
eng_Latn,978,9,9
eng_Latn,978,10,60
eng_Latn,979,0,60
eng_Latn,979,1,29
eng_Latn,979,2,18
eng_Latn,979,3,5
eng_Latn,979,4,18
eng_Latn,979,5,18
eng_Latn,979,6,16
eng_Latn,979,7,18
eng_Latn,979,8,56
eng_Latn,979,9,57
eng_Latn,980,0,60
eng_Latn,980,1,27
eng_Latn,980,2,49
eng_Latn,980,3,24
eng_Latn,980,4,26
eng_Latn,980,5,49
eng_Latn,980,6,54
kor_Hang,981,0,60
kor_Hang,981,1,13
kor_Hang,981,2,13
kor_Hang,981,3,13
kor_Hang,981,4,13
kor_Hang,981,5,19
kor_Hang,981,6,19
kor_Hang,981,7,19
kor_Hang,981,8,13
kor_Hang,981,9,13
kor_Hang,981,10,13
kor_Hang,981,11,13
kor_Hang,981,12,47
kor_Hang,981,13,19
kor_Hang,981,14,13
kor_Hang,981,15,13
kor_Hang,981,16,13
kor_Hang,981,17,19
kor_Hang,981,18,13
kor_Hang,981,19,13
kor_Hang,981,20,13
kor_Hang,981,21,13
kor_Hang,981,22,13
kor_Hang,981,23,13
kor_Hang,981,24,13
kor_Hang,981,25,13
kor_Hang,981,26,13
kor_Hang,981,27,13
kor_Hang,981,28,13
kor_Hang,981,29,13
kor_Hang,981,30,13
kor_Hang,981,31,13
kor_Hang,981,32,13
kor_Hang,981,33,13
kor_Hang,981,34,13
kor_Hang,981,35,13
kor_Hang,981,36,19
kor_Hang,981,37,13
kor_Hang,981,38,34
kor_Hang,982,0,60
kor_Hang,982,1,13
kor_Hang,982,2,1
kor_Hang,982,3,13
kor_Hang,982,4,13
kor_Hang,982,5,13
kor_Hang,982,6,13
kor_Hang,982,7,47
kor_Hang,982,8,47
kor_Hang,982,9,13
kor_Hang,982,10,42
kor_Hang,982,11,57
kor_Hang,982,12,40
kor_Hang,982,13,7
kor_Hang,982,14,37
kor_Hang,982,15,13
kor_Hang,982,16,13
kor_Hang,982,17,13
kor_Hang,982,18,13
kor_Hang,982,19,13
kor_Hang,982,20,47
kor_Hang,982,21,47
kor_Hang,982,22,13
eng_Latn,983,0,60
eng_Latn,983,1,9
eng_Latn,983,2,22
eng_Latn,983,3,11
eng_Latn,983,4,40
eng_Latn,984,0,60
eng_Latn,984,1,9
eng_Latn,984,2,31
eng_Latn,984,3,54
eng_Latn,984,4,61
eng_Latn,985,0,60
eng_Latn,985,1,47
eng_Latn,985,2,49
eng_Latn,985,3,46
eng_Latn,985,4,12
eng_Latn,985,5,2
eng_Latn,985,6,19
eng_Latn,985,7,47
eng_Latn,985,8,49
eng_Latn,985,9,57
eng_Latn,985,10,49
eng_Latn,985,11,5
eng_Latn,985,12,49
eng_Latn,985,13,5
eng_Latn,985,14,19
eng_Latn,986,0,60
eng_Latn,986,1,22
eng_Latn,986,2,9
eng_Latn,986,3,12
eng_Latn,986,4,19
eng_Latn,986,5,40
eng_Latn,986,6,34
eng_Latn,987,0,60
eng_Latn,987,1,52
eng_Latn,987,2,60
eng_Latn,987,3,50
eng_Latn,987,4,20
eng_Latn,987,5,52
eng_Latn,987,6,21
eng_Latn,987,7,8
eng_Latn,987,8,8
eng_Latn,987,9,46
eng_Latn,988,0,60
eng_Latn,988,1,50
eng_Latn,988,2,56
eng_Latn,988,3,46
eng_Latn,988,4,16
eng_Latn,988,5,56
eng_Latn,988,6,57
eng_Latn,989,0,60
eng_Latn,989,1,35
eng_Latn,989,2,9
eng_Latn,989,3,56
eng_Latn,989,4,41
eng_Latn,989,5,4
eng_Latn,989,6,4
eng_Latn,989,7,14
eng_Latn,989,8,5
eng_Latn,989,9,26
eng_Latn,989,10,26
eng_Latn,990,0,60
eng_Latn,990,1,22
eng_Latn,990,2,9
eng_Latn,990,3,9
eng_Latn,990,4,47
eng_Latn,990,5,22
eng_Latn,990,6,46
eng_Latn,990,7,9
eng_Latn,990,8,9
eng_Latn,990,9,22
eng_Latn,990,10,9
eng_Latn,990,11,29
eng_Latn,990,12,31
eng_Latn,990,13,16
eng_Latn,990,14,19
eng_Latn,991,0,60
eng_Latn,991,1,34
eng_Latn,991,2,53
eng_Latn,991,3,59
eng_Latn,991,4,51
eng_Latn,991,5,24
eng_Latn,991,6,62
eng_Latn,991,7,57
eng_Latn,991,8,18
eng_Latn,991,9,59
eng_Latn,991,10,47
eng_Latn,991,11,8
kor_Hang,992,0,60
kor_Hang,992,1,13
kor_Hang,992,2,13
kor_Hang,992,3,13
kor_Hang,992,4,13
kor_Hang,992,5,13
kor_Hang,992,6,13
kor_Hang,992,7,13
kor_Hang,992,8,13
kor_Hang,992,9,13
kor_Hang,992,10,13
kor_Hang,992,11,13
kor_Hang,992,12,13
kor_Hang,992,13,13
kor_Hang,992,14,13
kor_Hang,992,15,13
kor_Hang,992,16,13
kor_Hang,992,17,13
kor_Hang,992,18,19
kor_Hang,992,19,13
kor_Hang,992,20,13
kor_Hang,992,21,19
kor_Hang,992,22,47
kor_Hang,992,23,13
kor_Hang,992,24,13
kor_Hang,992,25,19
kor_Hang,992,26,19
kor_Hang,992,27,19
kor_Hang,992,28,13
kor_Hang,992,29,47
kor_Hang,992,30,13
kor_Hang,992,31,13
kor_Hang,992,32,13
kor_Hang,992,33,13
kor_Hang,992,34,13
kor_Hang,992,35,13
kor_Hang,992,36,13
kor_Hang,992,37,13
kor_Hang,992,38,13
kor_Hang,992,39,13
kor_Hang,992,40,13
kor_Hang,992,41,13
kor_Hang,992,42,13
kor_Hang,992,43,13
kor_Hang,992,44,13
kor_Hang,992,45,13
kor_Hang,992,46,13
kor_Hang,992,47,13
kor_Hang,992,48,13
kor_Hang,992,49,13
kor_Hang,992,50,13
kor_Hang,992,51,13
kor_Hang,992,52,13
kor_Hang,992,53,13
kor_Hang,992,54,13
kor_Hang,992,55,13
kor_Hang,992,56,13
kor_Hang,992,57,13
kor_Hang,992,58,13
kor_Hang,992,59,13
kor_Hang,992,60,19
kor_Hang,992,61,13
kor_Hang,992,62,34
eng_Latn,993,0,60
eng_Latn,993,1,49
eng_Latn,993,2,14
eng_Latn,993,3,26
eng_Latn,993,4,19
kor_Hang,994,0,60
kor_Hang,994,1,13
kor_Hang,994,2,19
kor_Hang,994,3,13
kor_Hang,994,4,13
kor_Hang,994,5,47
kor_Hang,994,6,13
kor_Hang,994,7,13
kor_Hang,994,8,13
kor_Hang,994,9,13
kor_Hang,994,10,13
kor_Hang,994,11,13
kor_Hang,994,12,13
kor_Hang,994,13,13
kor_Hang,994,14,13
kor_Hang,994,15,13
kor_Hang,994,16,13
kor_Hang,994,17,13
kor_Hang,994,18,52
kor_Hang,994,19,52
kor_Hang,994,20,13
kor_Hang,994,21,34
kor_Hang,994,22,13
kor_Hang,994,23,13
kor_Hang,994,24,13
kor_Hang,994,25,13
kor_Hang,994,26,13
kor_Hang,994,27,13
kor_Hang,994,28,34
kor_Hang,994,29,13
kor_Hang,994,30,13
kor_Hang,994,31,19
kor_Hang,994,32,34
kor_Hang,994,33,34
eng_Latn,995,0,60
eng_Latn,995,1,57
eng_Latn,995,2,35
eng_Latn,995,3,9
eng_Latn,995,4,56
eng_Latn,995,5,42
eng_Latn,995,6,12
eng_Latn,995,7,37
eng_Latn,995,8,19
eng_Latn,995,9,40
eng_Latn,995,10,47
eng_Latn,995,11,47
eng_Latn,995,12,49
eng_Latn,995,13,15
eng_Latn,996,0,60
eng_Latn,996,1,22
eng_Latn,996,2,26
eng_Latn,996,3,49
eng_Latn,996,4,26
eng_Latn,996,5,26
eng_Latn,996,6,26
eng_Latn,996,7,49
eng_Latn,997,0,60
eng_Latn,997,1,42
eng_Latn,997,2,38
eng_Latn,997,3,18
eng_Latn,997,4,16
eng_Latn,997,5,33
eng_Latn,997,6,33
eng_Latn,998,0,60
eng_Latn,998,1,1
eng_Latn,998,2,53
eng_Latn,998,3,52
eng_Latn,998,4,1
eng_Latn,998,5,52
eng_Latn,998,6,47
eng_Latn,999,0,60
eng_Latn,999,1,13
eng_Latn,999,2,13
eng_Latn,999,3,5
eng_Latn,999,4,7
