lang,sentence_id,token_idx,expert_id
eng_Latn,0,0,60
eng_Latn,0,1,20
eng_Latn,0,2,20
eng_Latn,0,3,34
eng_Latn,0,4,9
eng_Latn,0,5,20
eng_Latn,0,6,14
eng_Latn,0,7,47
eng_Latn,1,0,60
eng_Latn,1,1,60
eng_Latn,1,2,61
eng_Latn,1,3,39
eng_Latn,1,4,7
eng_Latn,1,5,11
eng_Latn,1,6,35
eng_Latn,1,7,48
eng_Latn,1,8,56
eng_Latn,1,9,54
eng_Latn,1,10,35
eng_Latn,1,11,35
eng_Latn,1,12,51
eng_Latn,2,0,60
eng_Latn,2,1,40
eng_Latn,2,2,47
eng_Latn,2,3,46
eng_Latn,2,4,46
eng_Latn,2,5,2
eng_Latn,2,6,2
eng_Latn,2,7,57
eng_Latn,2,8,5
eng_Latn,2,9,5
eng_Latn,2,10,40
eng_Latn,2,11,49
eng_Latn,3,0,60
eng_Latn,3,1,17
eng_Latn,3,2,9
eng_Latn,3,3,56
eng_Latn,3,4,54
eng_Latn,3,5,38
eng_Latn,3,6,46
eng_Latn,3,7,56
eng_Latn,3,8,56
eng_Latn,3,9,4
eng_Latn,3,10,18
eng_Latn,3,11,50
eng_Latn,3,12,16
eng_Latn,4,0,60
eng_Latn,4,1,9
eng_Latn,4,2,56
eng_Latn,4,3,38
eng_Latn,4,4,8
eng_Latn,5,0,60
eng_Latn,5,1,53
eng_Latn,5,2,49
jpn_Jpan,6,0,60
jpn_Jpan,6,1,13
jpn_Jpan,6,2,13
jpn_Jpan,6,3,47
jpn_Jpan,6,4,47
jpn_Jpan,6,5,7
jpn_Jpan,6,6,13
jpn_Jpan,6,7,24
jpn_Jpan,6,8,24
jpn_Jpan,6,9,47
jpn_Jpan,6,10,13
jpn_Jpan,6,11,13
jpn_Jpan,6,12,13
jpn_Jpan,6,13,19
jpn_Jpan,6,14,13
jpn_Jpan,6,15,13
jpn_Jpan,6,16,37
jpn_Jpan,6,17,12
jpn_Jpan,6,18,13
jpn_Jpan,6,19,13
jpn_Jpan,6,20,13
jpn_Jpan,6,21,47
jpn_Jpan,6,22,7
jpn_Jpan,6,23,34
jpn_Jpan,6,24,13
jpn_Jpan,6,25,61
jpn_Jpan,6,26,34
jpn_Jpan,6,27,19
jpn_Jpan,6,28,13
jpn_Jpan,6,29,34
eng_Latn,7,0,60
eng_Latn,7,1,7
eng_Latn,7,2,19
eng_Latn,7,3,34
eng_Latn,7,4,9
eng_Latn,7,5,22
eng_Latn,7,6,42
eng_Latn,7,7,27
eng_Latn,7,8,13
eng_Latn,7,9,27
eng_Latn,7,10,7
eng_Latn,7,11,49
eng_Latn,8,0,60
eng_Latn,8,1,16
eng_Latn,8,2,16
eng_Latn,8,3,53
eng_Latn,8,4,43
eng_Latn,8,5,21
eng_Latn,8,6,21
eng_Latn,8,7,50
eng_Latn,8,8,0
eng_Latn,8,9,35
eng_Latn,8,10,57
eng_Latn,8,11,21
jpn_Jpan,9,0,60
jpn_Jpan,9,1,47
jpn_Jpan,9,2,13
jpn_Jpan,9,3,61
jpn_Jpan,9,4,61
jpn_Jpan,9,5,13
jpn_Jpan,9,6,47
jpn_Jpan,9,7,13
jpn_Jpan,9,8,13
jpn_Jpan,9,9,13
jpn_Jpan,9,10,24
jpn_Jpan,9,11,19
jpn_Jpan,9,12,13
jpn_Jpan,9,13,19
jpn_Jpan,9,14,13
jpn_Jpan,9,15,24
jpn_Jpan,9,16,47
jpn_Jpan,9,17,19
jpn_Jpan,9,18,13
jpn_Jpan,9,19,13
jpn_Jpan,9,20,39
jpn_Jpan,9,21,13
jpn_Jpan,9,22,13
jpn_Jpan,9,23,13
jpn_Jpan,9,24,13
jpn_Jpan,9,25,24
jpn_Jpan,9,26,13
jpn_Jpan,9,27,13
jpn_Jpan,9,28,34
eng_Latn,10,0,60
eng_Latn,10,1,22
eng_Latn,10,2,12
eng_Latn,10,3,47
eng_Latn,10,4,22
eng_Latn,10,5,52
eng_Latn,11,0,60
eng_Latn,11,1,42
eng_Latn,11,2,51
eng_Latn,12,0,60
eng_Latn,12,1,29
eng_Latn,12,2,57
eng_Latn,12,3,31
eng_Latn,12,4,59
eng_Latn,12,5,46
eng_Latn,12,6,51
eng_Latn,12,7,16
eng_Latn,12,8,45
eng_Latn,12,9,45
eng_Latn,12,10,34
eng_Latn,13,0,60
eng_Latn,13,1,12
eng_Latn,13,2,22
eng_Latn,13,3,1
eng_Latn,13,4,22
eng_Latn,14,0,60
eng_Latn,14,1,9
eng_Latn,14,2,38
eng_Latn,14,3,57
eng_Latn,14,4,56
eng_Latn,14,5,56
eng_Latn,14,6,53
eng_Latn,14,7,37
eng_Latn,14,8,51
eng_Latn,14,9,51
eng_Latn,14,10,18
eng_Latn,14,11,16
jpn_Jpan,15,0,60
jpn_Jpan,15,1,13
jpn_Jpan,15,2,13
jpn_Jpan,15,3,7
jpn_Jpan,15,4,13
jpn_Jpan,15,5,36
jpn_Jpan,15,6,24
jpn_Jpan,15,7,13
jpn_Jpan,15,8,13
jpn_Jpan,15,9,13
jpn_Jpan,15,10,13
jpn_Jpan,15,11,13
jpn_Jpan,15,12,36
jpn_Jpan,15,13,13
jpn_Jpan,15,14,13
jpn_Jpan,15,15,36
jpn_Jpan,15,16,52
jpn_Jpan,15,17,36
jpn_Jpan,15,18,24
jpn_Jpan,15,19,61
jpn_Jpan,15,20,13
jpn_Jpan,15,21,34
jpn_Jpan,15,22,13
jpn_Jpan,15,23,36
jpn_Jpan,15,24,36
eng_Latn,16,0,60
eng_Latn,16,1,9
eng_Latn,16,2,17
eng_Latn,16,3,17
jpn_Jpan,17,0,60
jpn_Jpan,17,1,24
jpn_Jpan,17,2,40
jpn_Jpan,17,3,24
jpn_Jpan,17,4,7
jpn_Jpan,17,5,24
jpn_Jpan,17,6,22
jpn_Jpan,17,7,52
jpn_Jpan,17,8,13
jpn_Jpan,17,9,13
jpn_Jpan,17,10,26
jpn_Jpan,17,11,47
eng_Latn,18,0,60
eng_Latn,18,1,24
eng_Latn,18,2,58
eng_Latn,18,3,9
eng_Latn,18,4,58
eng_Latn,18,5,58
eng_Latn,18,6,58
eng_Latn,19,0,60
eng_Latn,19,1,14
eng_Latn,19,2,14
eng_Latn,19,3,35
eng_Latn,19,4,1
eng_Latn,19,5,52
eng_Latn,20,0,60
eng_Latn,20,1,9
eng_Latn,20,2,56
eng_Latn,20,3,46
eng_Latn,20,4,51
eng_Latn,21,0,60
eng_Latn,21,1,13
eng_Latn,21,2,5
eng_Latn,21,3,37
eng_Latn,22,0,60
eng_Latn,22,1,19
eng_Latn,22,2,13
eng_Latn,22,3,5
eng_Latn,22,4,47
eng_Latn,23,0,60
eng_Latn,23,1,13
eng_Latn,23,2,13
eng_Latn,23,3,42
eng_Latn,23,4,19
eng_Latn,24,0,60
eng_Latn,24,1,17
eng_Latn,24,2,9
eng_Latn,24,3,56
eng_Latn,24,4,17
eng_Latn,24,5,52
eng_Latn,24,6,17
eng_Latn,24,7,41
eng_Latn,24,8,17
eng_Latn,25,0,60
eng_Latn,25,1,40
eng_Latn,25,2,5
eng_Latn,25,3,49
eng_Latn,25,4,5
eng_Latn,25,5,3
eng_Latn,25,6,57
eng_Latn,25,7,53
eng_Latn,25,8,37
eng_Latn,25,9,63
eng_Latn,26,0,60
eng_Latn,26,1,27
eng_Latn,26,2,34
eng_Latn,26,3,55
eng_Latn,26,4,40
eng_Latn,26,5,51
eng_Latn,26,6,51
eng_Latn,26,7,51
jpn_Jpan,27,0,60
jpn_Jpan,27,1,13
jpn_Jpan,27,2,19
jpn_Jpan,27,3,13
jpn_Jpan,27,4,19
jpn_Jpan,27,5,34
jpn_Jpan,27,6,12
jpn_Jpan,27,7,19
jpn_Jpan,27,8,13
jpn_Jpan,27,9,19
jpn_Jpan,27,10,13
jpn_Jpan,27,11,13
jpn_Jpan,27,12,13
jpn_Jpan,27,13,13
jpn_Jpan,27,14,13
jpn_Jpan,27,15,13
jpn_Jpan,27,16,13
jpn_Jpan,27,17,13
jpn_Jpan,27,18,52
jpn_Jpan,27,19,52
jpn_Jpan,27,20,52
jpn_Jpan,27,21,13
jpn_Jpan,27,22,19
jpn_Jpan,27,23,13
jpn_Jpan,27,24,47
jpn_Jpan,27,25,13
eng_Latn,28,0,60
eng_Latn,28,1,13
eng_Latn,28,2,13
eng_Latn,28,3,12
eng_Latn,28,4,22
eng_Latn,28,5,22
eng_Latn,28,6,22
eng_Latn,28,7,22
eng_Latn,29,0,60
eng_Latn,29,1,41
eng_Latn,29,2,15
eng_Latn,29,3,48
eng_Latn,29,4,56
eng_Latn,29,5,57
eng_Latn,29,6,24
eng_Latn,29,7,37
eng_Latn,29,8,37
eng_Latn,29,9,3
eng_Latn,30,0,60
eng_Latn,30,1,13
eng_Latn,30,2,49
eng_Latn,30,3,18
eng_Latn,30,4,18
eng_Latn,30,5,3
eng_Latn,30,6,57
eng_Latn,30,7,24
eng_Latn,30,8,3
eng_Latn,30,9,3
eng_Latn,30,10,3
eng_Latn,31,0,60
eng_Latn,31,1,52
eng_Latn,31,2,57
eng_Latn,31,3,33
eng_Latn,32,0,60
eng_Latn,32,1,40
eng_Latn,32,2,14
jpn_Jpan,33,0,60
jpn_Jpan,33,1,13
jpn_Jpan,33,2,13
jpn_Jpan,33,3,13
jpn_Jpan,33,4,47
jpn_Jpan,33,5,13
jpn_Jpan,33,6,7
jpn_Jpan,33,7,7
jpn_Jpan,33,8,13
jpn_Jpan,33,9,13
jpn_Jpan,33,10,19
jpn_Jpan,33,11,13
jpn_Jpan,33,12,36
jpn_Jpan,33,13,24
jpn_Jpan,33,14,13
jpn_Jpan,33,15,9
jpn_Jpan,33,16,7
jpn_Jpan,33,17,24
jpn_Jpan,33,18,47
jpn_Jpan,33,19,47
jpn_Jpan,33,20,13
jpn_Jpan,33,21,24
jpn_Jpan,33,22,13
jpn_Jpan,33,23,13
jpn_Jpan,33,24,13
jpn_Jpan,33,25,19
jpn_Jpan,33,26,13
jpn_Jpan,33,27,24
jpn_Jpan,33,28,24
jpn_Jpan,33,29,13
jpn_Jpan,33,30,24
jpn_Jpan,33,31,13
jpn_Jpan,33,32,13
jpn_Jpan,33,33,34
eng_Latn,34,0,60
eng_Latn,34,1,40
eng_Latn,34,2,40
eng_Latn,34,3,9
eng_Latn,34,4,26
eng_Latn,34,5,40
eng_Latn,34,6,49
eng_Latn,34,7,2
eng_Latn,34,8,37
eng_Latn,34,9,26
eng_Latn,34,10,19
eng_Latn,34,11,47
eng_Latn,34,12,49
eng_Latn,34,13,49
eng_Latn,35,0,60
eng_Latn,35,1,57
eng_Latn,35,2,54
eng_Latn,35,3,5
eng_Latn,35,4,35
eng_Latn,35,5,38
eng_Latn,35,6,19
eng_Latn,35,7,46
eng_Latn,35,8,50
eng_Latn,35,9,21
eng_Latn,36,0,60
eng_Latn,36,1,56
eng_Latn,36,2,52
eng_Latn,36,3,54
eng_Latn,36,4,46
eng_Latn,36,5,10
eng_Latn,36,6,23
eng_Latn,36,7,23
eng_Latn,37,0,60
eng_Latn,37,1,48
eng_Latn,37,2,56
eng_Latn,37,3,63
eng_Latn,37,4,58
eng_Latn,37,5,58
eng_Latn,37,6,58
eng_Latn,37,7,6
jpn_Jpan,38,0,60
jpn_Jpan,38,1,13
jpn_Jpan,38,2,13
jpn_Jpan,38,3,39
jpn_Jpan,38,4,39
jpn_Jpan,38,5,7
jpn_Jpan,38,6,13
jpn_Jpan,38,7,19
jpn_Jpan,38,8,13
jpn_Jpan,38,9,19
jpn_Jpan,38,10,13
jpn_Jpan,38,11,61
jpn_Jpan,38,12,13
jpn_Jpan,38,13,24
jpn_Jpan,38,14,47
jpn_Jpan,38,15,13
jpn_Jpan,38,16,19
jpn_Jpan,38,17,34
jpn_Jpan,38,18,13
jpn_Jpan,38,19,34
jpn_Jpan,39,0,60
jpn_Jpan,39,1,1
jpn_Jpan,39,2,19
jpn_Jpan,39,3,61
jpn_Jpan,39,4,27
jpn_Jpan,39,5,49
jpn_Jpan,39,6,12
jpn_Jpan,39,7,22
jpn_Jpan,39,8,9
jpn_Jpan,39,9,58
jpn_Jpan,39,10,12
jpn_Jpan,39,11,61
jpn_Jpan,40,0,60
jpn_Jpan,40,1,13
jpn_Jpan,40,2,13
jpn_Jpan,40,3,36
jpn_Jpan,40,4,47
jpn_Jpan,40,5,36
jpn_Jpan,40,6,36
jpn_Jpan,40,7,13
jpn_Jpan,40,8,47
jpn_Jpan,40,9,36
jpn_Jpan,40,10,19
jpn_Jpan,40,11,13
jpn_Jpan,40,12,34
jpn_Jpan,40,13,24
jpn_Jpan,40,14,1
jpn_Jpan,40,15,24
jpn_Jpan,40,16,13
jpn_Jpan,40,17,19
jpn_Jpan,40,18,13
jpn_Jpan,40,19,19
jpn_Jpan,40,20,29
jpn_Jpan,40,21,19
jpn_Jpan,40,22,13
jpn_Jpan,40,23,34
jpn_Jpan,40,24,24
jpn_Jpan,40,25,47
jpn_Jpan,40,26,19
jpn_Jpan,40,27,13
jpn_Jpan,40,28,13
jpn_Jpan,40,29,24
jpn_Jpan,40,30,13
jpn_Jpan,40,31,13
jpn_Jpan,40,32,13
jpn_Jpan,40,33,19
jpn_Jpan,40,34,34
eng_Latn,41,0,60
eng_Latn,41,1,41
eng_Latn,41,2,57
eng_Latn,41,3,57
eng_Latn,42,0,60
eng_Latn,42,1,34
eng_Latn,42,2,22
eng_Latn,42,3,22
eng_Latn,42,4,47
eng_Latn,42,5,34
eng_Latn,43,0,60
eng_Latn,43,1,4
eng_Latn,43,2,56
eng_Latn,43,3,34
eng_Latn,43,4,2
eng_Latn,43,5,49
eng_Latn,43,6,16
eng_Latn,44,0,60
eng_Latn,44,1,22
eng_Latn,44,2,52
eng_Latn,44,3,13
eng_Latn,44,4,52
eng_Latn,44,5,52
eng_Latn,45,0,60
eng_Latn,45,1,19
eng_Latn,45,2,19
eng_Latn,45,3,15
eng_Latn,45,4,16
eng_Latn,45,5,33
eng_Latn,45,6,33
eng_Latn,45,7,33
eng_Latn,46,0,60
eng_Latn,46,1,53
eng_Latn,46,2,19
eng_Latn,47,0,60
eng_Latn,47,1,46
eng_Latn,47,2,34
eng_Latn,47,3,54
eng_Latn,47,4,18
eng_Latn,47,5,57
eng_Latn,47,6,34
eng_Latn,48,0,60
eng_Latn,48,1,17
eng_Latn,48,2,54
eng_Latn,48,3,59
eng_Latn,48,4,15
eng_Latn,48,5,35
eng_Latn,48,6,51
jpn_Jpan,49,0,60
jpn_Jpan,49,1,36
jpn_Jpan,49,2,24
jpn_Jpan,49,3,36
jpn_Jpan,49,4,13
jpn_Jpan,49,5,36
jpn_Jpan,49,6,24
jpn_Jpan,49,7,47
jpn_Jpan,49,8,13
jpn_Jpan,49,9,39
jpn_Jpan,49,10,13
jpn_Jpan,49,11,36
jpn_Jpan,49,12,52
jpn_Jpan,49,13,13
jpn_Jpan,49,14,36
jpn_Jpan,49,15,24
jpn_Jpan,49,16,34
jpn_Jpan,49,17,13
jpn_Jpan,49,18,13
jpn_Jpan,49,19,61
jpn_Jpan,49,20,13
jpn_Jpan,49,21,36
jpn_Jpan,49,22,51
eng_Latn,50,0,60
eng_Latn,50,1,18
eng_Latn,50,2,16
eng_Latn,50,3,30
eng_Latn,50,4,30
eng_Latn,50,5,30
eng_Latn,50,6,61
eng_Latn,50,7,19
eng_Latn,50,8,8
eng_Latn,50,9,19
eng_Latn,50,10,16
eng_Latn,51,0,60
eng_Latn,51,1,11
eng_Latn,51,2,61
eng_Latn,51,3,39
eng_Latn,51,4,5
eng_Latn,51,5,61
eng_Latn,52,0,60
eng_Latn,52,1,47
eng_Latn,52,2,49
eng_Latn,52,3,46
eng_Latn,52,4,12
eng_Latn,52,5,2
eng_Latn,52,6,19
eng_Latn,52,7,47
eng_Latn,52,8,49
eng_Latn,52,9,57
eng_Latn,52,10,49
eng_Latn,52,11,5
eng_Latn,52,12,49
eng_Latn,52,13,5
eng_Latn,52,14,19
eng_Latn,53,0,60
eng_Latn,53,1,22
eng_Latn,53,2,15
eng_Latn,53,3,11
eng_Latn,53,4,52
eng_Latn,53,5,3
eng_Latn,53,6,48
eng_Latn,54,0,60
eng_Latn,54,1,57
eng_Latn,54,2,35
eng_Latn,54,3,9
eng_Latn,54,4,56
eng_Latn,54,5,42
eng_Latn,54,6,12
eng_Latn,54,7,37
eng_Latn,54,8,19
eng_Latn,54,9,40
eng_Latn,54,10,47
eng_Latn,54,11,47
eng_Latn,54,12,49
eng_Latn,54,13,15
jpn_Jpan,55,0,60
jpn_Jpan,55,1,13
jpn_Jpan,55,2,13
jpn_Jpan,55,3,13
jpn_Jpan,55,4,13
jpn_Jpan,55,5,24
jpn_Jpan,55,6,19
jpn_Jpan,55,7,13
jpn_Jpan,55,8,19
jpn_Jpan,55,9,13
jpn_Jpan,55,10,24
jpn_Jpan,55,11,13
jpn_Jpan,55,12,34
eng_Latn,56,0,60
eng_Latn,56,1,57
eng_Latn,56,2,20
eng_Latn,56,3,35
eng_Latn,56,4,57
eng_Latn,56,5,50
eng_Latn,56,6,21
eng_Latn,56,7,16
eng_Latn,57,0,60
eng_Latn,57,1,37
eng_Latn,57,2,22
eng_Latn,57,3,52
eng_Latn,58,0,60
eng_Latn,58,1,19
eng_Latn,58,2,39
eng_Latn,58,3,49
eng_Latn,58,4,12
eng_Latn,58,5,26
eng_Latn,58,6,47
jpn_Jpan,59,0,60
jpn_Jpan,59,1,13
jpn_Jpan,59,2,47
jpn_Jpan,59,3,19
jpn_Jpan,59,4,13
jpn_Jpan,59,5,13
jpn_Jpan,59,6,24
jpn_Jpan,59,7,47
jpn_Jpan,59,8,13
jpn_Jpan,59,9,13
jpn_Jpan,59,10,13
jpn_Jpan,59,11,61
jpn_Jpan,59,12,13
jpn_Jpan,59,13,13
jpn_Jpan,59,14,13
jpn_Jpan,59,15,24
jpn_Jpan,59,16,13
jpn_Jpan,59,17,13
jpn_Jpan,59,18,61
jpn_Jpan,59,19,13
jpn_Jpan,59,20,13
jpn_Jpan,59,21,13
jpn_Jpan,59,22,13
jpn_Jpan,59,23,24
jpn_Jpan,59,24,24
jpn_Jpan,59,25,13
jpn_Jpan,59,26,13
jpn_Jpan,59,27,24
jpn_Jpan,59,28,47
jpn_Jpan,59,29,19
jpn_Jpan,59,30,13
jpn_Jpan,59,31,24
jpn_Jpan,59,32,47
jpn_Jpan,59,33,13
jpn_Jpan,59,34,13
jpn_Jpan,59,35,13
jpn_Jpan,59,36,13
jpn_Jpan,59,37,13
jpn_Jpan,59,38,13
jpn_Jpan,59,39,34
eng_Latn,60,0,60
eng_Latn,60,1,34
eng_Latn,60,2,34
eng_Latn,61,0,60
eng_Latn,61,1,53
eng_Latn,61,2,15
eng_Latn,61,3,8
eng_Latn,61,4,8
eng_Latn,61,5,8
eng_Latn,61,6,8
eng_Latn,61,7,19
eng_Latn,61,8,33
eng_Latn,62,0,60
eng_Latn,62,1,47
eng_Latn,62,2,49
eng_Latn,62,3,5
eng_Latn,62,4,49
eng_Latn,63,0,60
eng_Latn,63,1,22
eng_Latn,63,2,50
eng_Latn,63,3,56
eng_Latn,63,4,51
eng_Latn,63,5,42
eng_Latn,63,6,42
eng_Latn,63,7,35
eng_Latn,63,8,9
eng_Latn,63,9,17
eng_Latn,63,10,4
eng_Latn,64,0,60
eng_Latn,64,1,5
eng_Latn,64,2,33
eng_Latn,64,3,56
eng_Latn,64,4,35
eng_Latn,64,5,49
eng_Latn,64,6,5
eng_Latn,64,7,40
eng_Latn,64,8,57
eng_Latn,64,9,57
eng_Latn,64,10,40
jpn_Jpan,65,0,60
jpn_Jpan,65,1,24
jpn_Jpan,65,2,19
jpn_Jpan,65,3,13
jpn_Jpan,65,4,39
jpn_Jpan,65,5,13
jpn_Jpan,65,6,36
jpn_Jpan,65,7,13
jpn_Jpan,65,8,36
jpn_Jpan,65,9,24
jpn_Jpan,65,10,13
jpn_Jpan,65,11,13
jpn_Jpan,65,12,34
jpn_Jpan,65,13,13
eng_Latn,66,0,60
eng_Latn,66,1,34
eng_Latn,67,0,60
eng_Latn,67,1,12
eng_Latn,67,2,42
eng_Latn,67,3,19
eng_Latn,67,4,22
eng_Latn,67,5,49
eng_Latn,67,6,9
eng_Latn,67,7,19
eng_Latn,67,8,22
eng_Latn,67,9,40
jpn_Jpan,68,0,60
jpn_Jpan,68,1,13
jpn_Jpan,68,2,36
jpn_Jpan,68,3,24
jpn_Jpan,68,4,47
jpn_Jpan,68,5,40
jpn_Jpan,68,6,36
jpn_Jpan,68,7,24
jpn_Jpan,68,8,47
jpn_Jpan,68,9,52
jpn_Jpan,68,10,13
jpn_Jpan,68,11,13
jpn_Jpan,68,12,19
jpn_Jpan,68,13,13
jpn_Jpan,68,14,13
jpn_Jpan,68,15,34
jpn_Jpan,68,16,13
jpn_Jpan,68,17,13
jpn_Jpan,68,18,36
jpn_Jpan,68,19,13
jpn_Jpan,68,20,36
jpn_Jpan,68,21,11
jpn_Jpan,68,22,24
jpn_Jpan,68,23,47
jpn_Jpan,68,24,7
jpn_Jpan,68,25,36
jpn_Jpan,68,26,24
jpn_Jpan,68,27,13
jpn_Jpan,68,28,19
jpn_Jpan,68,29,13
jpn_Jpan,68,30,13
jpn_Jpan,68,31,13
jpn_Jpan,68,32,19
jpn_Jpan,68,33,13
jpn_Jpan,68,34,13
jpn_Jpan,68,35,13
jpn_Jpan,68,36,13
jpn_Jpan,68,37,36
jpn_Jpan,68,38,13
jpn_Jpan,68,39,34
eng_Latn,69,0,60
eng_Latn,69,1,47
eng_Latn,69,2,1
eng_Latn,69,3,22
eng_Latn,69,4,28
eng_Latn,69,5,42
eng_Latn,69,6,1
eng_Latn,69,7,52
eng_Latn,69,8,24
eng_Latn,69,9,36
eng_Latn,69,10,52
eng_Latn,70,0,60
eng_Latn,70,1,49
eng_Latn,70,2,12
eng_Latn,70,3,39
eng_Latn,71,0,60
eng_Latn,71,1,60
eng_Latn,71,2,11
eng_Latn,71,3,52
eng_Latn,72,0,60
eng_Latn,72,1,56
eng_Latn,72,2,51
eng_Latn,72,3,51
eng_Latn,72,4,17
eng_Latn,72,5,35
eng_Latn,72,6,47
eng_Latn,72,7,47
eng_Latn,72,8,46
eng_Latn,73,0,60
eng_Latn,73,1,45
eng_Latn,73,2,45
eng_Latn,73,3,38
eng_Latn,73,4,18
eng_Latn,73,5,56
eng_Latn,73,6,53
eng_Latn,73,7,23
eng_Latn,73,8,34
jpn_Jpan,74,0,60
jpn_Jpan,74,1,62
jpn_Jpan,74,2,24
jpn_Jpan,74,3,13
jpn_Jpan,74,4,13
jpn_Jpan,74,5,13
jpn_Jpan,74,6,39
jpn_Jpan,74,7,47
jpn_Jpan,74,8,13
jpn_Jpan,74,9,34
eng_Latn,75,0,60
eng_Latn,75,1,1
eng_Latn,75,2,33
eng_Latn,75,3,33
eng_Latn,75,4,33
eng_Latn,75,5,33
eng_Latn,75,6,33
eng_Latn,75,7,33
eng_Latn,75,8,33
eng_Latn,75,9,33
eng_Latn,76,0,60
eng_Latn,76,1,12
eng_Latn,76,2,42
eng_Latn,76,3,22
eng_Latn,76,4,27
eng_Latn,76,5,49
eng_Latn,76,6,12
eng_Latn,76,7,22
eng_Latn,76,8,22
eng_Latn,77,0,60
eng_Latn,77,1,57
eng_Latn,77,2,52
eng_Latn,77,3,52
eng_Latn,77,4,5
eng_Latn,77,5,15
eng_Latn,77,6,56
eng_Latn,77,7,1
eng_Latn,77,8,1
eng_Latn,77,9,14
eng_Latn,77,10,52
jpn_Jpan,78,0,60
jpn_Jpan,78,1,13
jpn_Jpan,78,2,13
jpn_Jpan,78,3,24
jpn_Jpan,78,4,13
jpn_Jpan,78,5,24
jpn_Jpan,78,6,40
jpn_Jpan,78,7,7
jpn_Jpan,78,8,61
jpn_Jpan,78,9,7
jpn_Jpan,78,10,61
jpn_Jpan,78,11,51
eng_Latn,79,0,60
eng_Latn,79,1,12
eng_Latn,79,2,1
eng_Latn,79,3,13
eng_Latn,79,4,7
eng_Latn,79,5,33
eng_Latn,79,6,33
eng_Latn,79,7,33
eng_Latn,79,8,47
eng_Latn,79,9,19
eng_Latn,79,10,33
eng_Latn,79,11,33
eng_Latn,79,12,1
jpn_Jpan,80,0,60
jpn_Jpan,80,1,13
jpn_Jpan,80,2,19
jpn_Jpan,80,3,36
jpn_Jpan,80,4,24
jpn_Jpan,80,5,24
jpn_Jpan,80,6,52
jpn_Jpan,80,7,37
jpn_Jpan,80,8,52
jpn_Jpan,80,9,1
jpn_Jpan,80,10,52
jpn_Jpan,80,11,13
jpn_Jpan,80,12,13
jpn_Jpan,80,13,19
jpn_Jpan,80,14,34
jpn_Jpan,80,15,19
jpn_Jpan,80,16,13
jpn_Jpan,80,17,34
eng_Latn,81,0,60
eng_Latn,81,1,57
eng_Latn,81,2,38
eng_Latn,81,3,38
eng_Latn,81,4,19
eng_Latn,81,5,15
eng_Latn,81,6,17
eng_Latn,81,7,8
eng_Latn,81,8,16
eng_Latn,82,0,60
eng_Latn,82,1,29
eng_Latn,82,2,38
eng_Latn,82,3,57
eng_Latn,82,4,53
eng_Latn,82,5,61
eng_Latn,83,0,60
eng_Latn,83,1,9
eng_Latn,83,2,40
eng_Latn,83,3,1
eng_Latn,83,4,8
eng_Latn,83,5,49
eng_Latn,83,6,49
eng_Latn,83,7,37
eng_Latn,83,8,54
eng_Latn,83,9,18
eng_Latn,83,10,2
jpn_Jpan,84,0,60
jpn_Jpan,84,1,24
jpn_Jpan,84,2,19
jpn_Jpan,84,3,13
jpn_Jpan,84,4,61
jpn_Jpan,84,5,13
jpn_Jpan,84,6,13
jpn_Jpan,84,7,24
jpn_Jpan,84,8,13
jpn_Jpan,84,9,13
jpn_Jpan,84,10,24
jpn_Jpan,84,11,19
jpn_Jpan,84,12,13
jpn_Jpan,84,13,24
jpn_Jpan,84,14,47
jpn_Jpan,84,15,13
eng_Latn,85,0,60
eng_Latn,85,1,14
eng_Latn,85,2,48
eng_Latn,85,3,37
eng_Latn,86,0,60
eng_Latn,86,1,17
eng_Latn,86,2,45
eng_Latn,86,3,45
eng_Latn,86,4,41
eng_Latn,86,5,29
eng_Latn,86,6,18
eng_Latn,86,7,18
eng_Latn,86,8,18
eng_Latn,86,9,16
eng_Latn,87,0,60
eng_Latn,87,1,22
eng_Latn,87,2,12
eng_Latn,87,3,12
eng_Latn,87,4,61
eng_Latn,88,0,60
eng_Latn,88,1,52
eng_Latn,88,2,18
eng_Latn,88,3,16
eng_Latn,88,4,18
eng_Latn,88,5,16
eng_Latn,88,6,34
eng_Latn,88,7,56
eng_Latn,88,8,33
eng_Latn,88,9,26
eng_Latn,88,10,40
eng_Latn,88,11,13
jpn_Jpan,89,0,60
jpn_Jpan,89,1,13
jpn_Jpan,89,2,19
jpn_Jpan,89,3,36
jpn_Jpan,89,4,24
jpn_Jpan,89,5,24
jpn_Jpan,89,6,19
jpn_Jpan,89,7,13
jpn_Jpan,89,8,47
jpn_Jpan,89,9,36
jpn_Jpan,89,10,19
jpn_Jpan,89,11,13
jpn_Jpan,89,12,24
jpn_Jpan,89,13,13
jpn_Jpan,89,14,36
jpn_Jpan,89,15,13
jpn_Jpan,89,16,24
jpn_Jpan,89,17,40
jpn_Jpan,89,18,36
jpn_Jpan,89,19,36
jpn_Jpan,89,20,61
jpn_Jpan,89,21,13
jpn_Jpan,89,22,13
jpn_Jpan,89,23,24
jpn_Jpan,89,24,47
jpn_Jpan,89,25,1
jpn_Jpan,89,26,52
jpn_Jpan,89,27,13
jpn_Jpan,89,28,36
jpn_Jpan,89,29,47
jpn_Jpan,89,30,13
jpn_Jpan,89,31,36
jpn_Jpan,89,32,19
jpn_Jpan,89,33,47
jpn_Jpan,89,34,36
jpn_Jpan,89,35,24
jpn_Jpan,89,36,47
jpn_Jpan,89,37,1
jpn_Jpan,89,38,52
eng_Latn,90,0,60
eng_Latn,90,1,56
eng_Latn,90,2,1
eng_Latn,90,3,52
jpn_Jpan,91,0,60
jpn_Jpan,91,1,52
jpn_Jpan,91,2,19
jpn_Jpan,91,3,13
jpn_Jpan,91,4,19
jpn_Jpan,91,5,13
jpn_Jpan,91,6,52
jpn_Jpan,91,7,26
jpn_Jpan,91,8,19
jpn_Jpan,91,9,47
jpn_Jpan,91,10,13
jpn_Jpan,91,11,13
jpn_Jpan,91,12,13
jpn_Jpan,91,13,13
jpn_Jpan,91,14,13
jpn_Jpan,91,15,13
jpn_Jpan,91,16,24
jpn_Jpan,91,17,24
jpn_Jpan,91,18,12
jpn_Jpan,91,19,19
jpn_Jpan,91,20,36
jpn_Jpan,91,21,47
jpn_Jpan,91,22,19
jpn_Jpan,91,23,36
jpn_Jpan,91,24,47
jpn_Jpan,91,25,13
jpn_Jpan,91,26,13
jpn_Jpan,91,27,19
jpn_Jpan,91,28,13
jpn_Jpan,91,29,13
jpn_Jpan,91,30,24
jpn_Jpan,91,31,13
jpn_Jpan,91,32,13
jpn_Jpan,91,33,13
jpn_Jpan,91,34,24
jpn_Jpan,91,35,19
jpn_Jpan,91,36,13
jpn_Jpan,91,37,47
jpn_Jpan,91,38,19
jpn_Jpan,91,39,13
jpn_Jpan,91,40,61
jpn_Jpan,91,41,19
jpn_Jpan,91,42,13
jpn_Jpan,91,43,13
jpn_Jpan,91,44,13
jpn_Jpan,91,45,19
jpn_Jpan,91,46,19
jpn_Jpan,91,47,34
jpn_Jpan,91,48,13
jpn_Jpan,91,49,13
eng_Latn,92,0,60
eng_Latn,92,1,50
eng_Latn,92,2,18
eng_Latn,92,3,63
eng_Latn,92,4,37
eng_Latn,93,0,60
eng_Latn,93,1,52
eng_Latn,93,2,57
eng_Latn,93,3,57
eng_Latn,93,4,12
eng_Latn,93,5,1
eng_Latn,93,6,19
eng_Latn,93,7,15
eng_Latn,93,8,56
eng_Latn,93,9,19
eng_Latn,93,10,52
eng_Latn,93,11,3
eng_Latn,93,12,3
eng_Latn,93,13,57
eng_Latn,93,14,46
eng_Latn,94,0,60
eng_Latn,94,1,52
eng_Latn,94,2,61
eng_Latn,94,3,19
eng_Latn,94,4,9
eng_Latn,94,5,26
eng_Latn,94,6,59
eng_Latn,94,7,57
eng_Latn,94,8,19
eng_Latn,94,9,48
eng_Latn,94,10,37
eng_Latn,94,11,37
eng_Latn,94,12,57
eng_Latn,95,0,60
eng_Latn,95,1,42
eng_Latn,95,2,29
eng_Latn,95,3,51
eng_Latn,95,4,46
eng_Latn,96,0,60
eng_Latn,96,1,18
eng_Latn,96,2,3
eng_Latn,96,3,47
jpn_Jpan,97,0,60
jpn_Jpan,97,1,36
jpn_Jpan,97,2,13
jpn_Jpan,97,3,13
jpn_Jpan,97,4,19
jpn_Jpan,97,5,13
jpn_Jpan,97,6,13
jpn_Jpan,97,7,13
jpn_Jpan,97,8,13
jpn_Jpan,97,9,24
jpn_Jpan,97,10,24
jpn_Jpan,97,11,47
jpn_Jpan,97,12,47
jpn_Jpan,97,13,13
jpn_Jpan,97,14,13
jpn_Jpan,97,15,24
jpn_Jpan,97,16,19
jpn_Jpan,97,17,13
jpn_Jpan,97,18,24
jpn_Jpan,97,19,47
jpn_Jpan,97,20,13
jpn_Jpan,97,21,47
jpn_Jpan,97,22,34
jpn_Jpan,97,23,13
jpn_Jpan,97,24,19
jpn_Jpan,97,25,13
jpn_Jpan,97,26,19
jpn_Jpan,97,27,13
jpn_Jpan,97,28,24
jpn_Jpan,97,29,19
jpn_Jpan,97,30,19
jpn_Jpan,97,31,19
jpn_Jpan,97,32,13
jpn_Jpan,97,33,13
jpn_Jpan,97,34,13
jpn_Jpan,97,35,13
jpn_Jpan,97,36,13
jpn_Jpan,97,37,13
jpn_Jpan,97,38,24
jpn_Jpan,97,39,13
jpn_Jpan,97,40,13
jpn_Jpan,97,41,24
jpn_Jpan,97,42,47
jpn_Jpan,97,43,19
jpn_Jpan,97,44,13
jpn_Jpan,97,45,34
jpn_Jpan,97,46,13
jpn_Jpan,97,47,34
eng_Latn,98,0,60
eng_Latn,98,1,22
eng_Latn,98,2,9
eng_Latn,98,3,9
eng_Latn,98,4,61
eng_Latn,98,5,40
eng_Latn,98,6,19
eng_Latn,98,7,40
eng_Latn,98,8,19
eng_Latn,98,9,46
eng_Latn,98,10,9
eng_Latn,98,11,9
eng_Latn,98,12,22
eng_Latn,98,13,9
eng_Latn,98,14,22
eng_Latn,98,15,22
eng_Latn,99,0,60
eng_Latn,99,1,54
eng_Latn,99,2,18
eng_Latn,99,3,21
eng_Latn,99,4,41
eng_Latn,99,5,57
eng_Latn,99,6,20
eng_Latn,99,7,4
eng_Latn,99,8,34
eng_Latn,100,0,60
eng_Latn,100,1,9
eng_Latn,100,2,22
eng_Latn,100,3,11
eng_Latn,100,4,40
eng_Latn,101,0,60
eng_Latn,101,1,39
eng_Latn,101,2,52
eng_Latn,101,3,52
eng_Latn,101,4,13
eng_Latn,101,5,52
eng_Latn,101,6,13
eng_Latn,102,0,60
eng_Latn,102,1,9
eng_Latn,102,2,31
eng_Latn,102,3,54
eng_Latn,102,4,61
eng_Latn,103,0,60
eng_Latn,103,1,9
eng_Latn,103,2,19
eng_Latn,103,3,22
eng_Latn,103,4,22
eng_Latn,103,5,58
eng_Latn,103,6,12
eng_Latn,103,7,47
eng_Latn,104,0,60
eng_Latn,104,1,15
eng_Latn,104,2,56
eng_Latn,104,3,63
eng_Latn,104,4,14
eng_Latn,104,5,14
eng_Latn,104,6,40
eng_Latn,104,7,26
jpn_Jpan,105,0,60
jpn_Jpan,105,1,24
jpn_Jpan,105,2,13
jpn_Jpan,105,3,13
jpn_Jpan,105,4,36
jpn_Jpan,105,5,13
jpn_Jpan,105,6,36
jpn_Jpan,105,7,13
jpn_Jpan,105,8,13
jpn_Jpan,105,9,19
jpn_Jpan,105,10,36
jpn_Jpan,105,11,40
jpn_Jpan,105,12,7
jpn_Jpan,105,13,36
jpn_Jpan,105,14,24
jpn_Jpan,105,15,13
jpn_Jpan,105,16,19
jpn_Jpan,105,17,36
jpn_Jpan,105,18,47
jpn_Jpan,105,19,19
jpn_Jpan,105,20,13
jpn_Jpan,105,21,19
jpn_Jpan,105,22,13
jpn_Jpan,105,23,13
jpn_Jpan,105,24,24
eng_Latn,106,0,60
eng_Latn,106,1,20
eng_Latn,106,2,15
eng_Latn,106,3,17
eng_Latn,106,4,18
eng_Latn,106,5,56
eng_Latn,106,6,56
eng_Latn,106,7,63
eng_Latn,107,0,60
eng_Latn,107,1,17
eng_Latn,107,2,17
eng_Latn,107,3,20
eng_Latn,107,4,15
eng_Latn,107,5,48
jpn_Jpan,108,0,60
jpn_Jpan,108,1,24
jpn_Jpan,108,2,24
jpn_Jpan,108,3,24
jpn_Jpan,108,4,19
jpn_Jpan,108,5,13
jpn_Jpan,108,6,13
jpn_Jpan,108,7,13
jpn_Jpan,108,8,34
jpn_Jpan,108,9,13
jpn_Jpan,108,10,13
jpn_Jpan,108,11,29
jpn_Jpan,108,12,13
jpn_Jpan,108,13,19
jpn_Jpan,108,14,13
jpn_Jpan,108,15,24
jpn_Jpan,108,16,13
jpn_Jpan,108,17,13
jpn_Jpan,108,18,34
jpn_Jpan,108,19,24
jpn_Jpan,108,20,13
jpn_Jpan,108,21,24
jpn_Jpan,108,22,47
jpn_Jpan,108,23,19
jpn_Jpan,108,24,13
jpn_Jpan,108,25,24
jpn_Jpan,108,26,61
jpn_Jpan,108,27,19
jpn_Jpan,108,28,13
jpn_Jpan,108,29,13
jpn_Jpan,108,30,24
jpn_Jpan,108,31,13
jpn_Jpan,108,32,13
jpn_Jpan,108,33,24
jpn_Jpan,108,34,13
jpn_Jpan,108,35,13
jpn_Jpan,108,36,24
jpn_Jpan,108,37,34
jpn_Jpan,108,38,13
jpn_Jpan,108,39,34
jpn_Jpan,108,40,51
eng_Latn,109,0,60
eng_Latn,109,1,45
eng_Latn,109,2,40
eng_Latn,109,3,49
eng_Latn,109,4,5
eng_Latn,109,5,19
eng_Latn,110,0,60
eng_Latn,110,1,47
eng_Latn,110,2,7
eng_Latn,110,3,52
eng_Latn,110,4,52
eng_Latn,110,5,20
eng_Latn,110,6,1
eng_Latn,110,7,52
eng_Latn,110,8,52
eng_Latn,110,9,57
eng_Latn,111,0,60
eng_Latn,111,1,35
eng_Latn,111,2,4
eng_Latn,111,3,18
eng_Latn,111,4,63
eng_Latn,111,5,56
eng_Latn,111,6,52
eng_Latn,111,7,52
eng_Latn,111,8,21
eng_Latn,111,9,21
eng_Latn,111,10,4
eng_Latn,112,0,60
eng_Latn,112,1,30
eng_Latn,112,2,35
eng_Latn,112,3,57
eng_Latn,112,4,30
eng_Latn,112,5,33
eng_Latn,112,6,33
jpn_Jpan,113,0,60
jpn_Jpan,113,1,13
jpn_Jpan,113,2,13
jpn_Jpan,113,3,13
jpn_Jpan,113,4,13
jpn_Jpan,113,5,61
jpn_Jpan,113,6,39
jpn_Jpan,113,7,13
jpn_Jpan,113,8,24
jpn_Jpan,113,9,19
jpn_Jpan,113,10,13
jpn_Jpan,113,11,13
jpn_Jpan,113,12,13
jpn_Jpan,113,13,24
jpn_Jpan,113,14,24
jpn_Jpan,113,15,19
jpn_Jpan,113,16,13
jpn_Jpan,113,17,19
jpn_Jpan,113,18,13
jpn_Jpan,113,19,13
jpn_Jpan,113,20,13
jpn_Jpan,113,21,24
jpn_Jpan,113,22,47
jpn_Jpan,113,23,13
jpn_Jpan,113,24,19
jpn_Jpan,113,25,7
jpn_Jpan,113,26,13
jpn_Jpan,113,27,13
jpn_Jpan,113,28,34
jpn_Jpan,114,0,60
jpn_Jpan,114,1,61
jpn_Jpan,114,2,19
jpn_Jpan,114,3,13
jpn_Jpan,114,4,19
jpn_Jpan,114,5,13
jpn_Jpan,114,6,13
jpn_Jpan,114,7,13
jpn_Jpan,114,8,13
jpn_Jpan,114,9,39
jpn_Jpan,114,10,13
jpn_Jpan,114,11,12
jpn_Jpan,114,12,58
jpn_Jpan,114,13,12
jpn_Jpan,114,14,61
jpn_Jpan,115,0,60
jpn_Jpan,115,1,13
jpn_Jpan,115,2,36
jpn_Jpan,115,3,24
jpn_Jpan,115,4,19
jpn_Jpan,115,5,13
jpn_Jpan,115,6,61
jpn_Jpan,115,7,13
jpn_Jpan,115,8,13
jpn_Jpan,115,9,24
jpn_Jpan,115,10,1
jpn_Jpan,115,11,13
jpn_Jpan,115,12,13
jpn_Jpan,115,13,13
jpn_Jpan,115,14,61
jpn_Jpan,115,15,13
jpn_Jpan,115,16,19
jpn_Jpan,115,17,13
jpn_Jpan,115,18,24
jpn_Jpan,115,19,24
jpn_Jpan,115,20,19
jpn_Jpan,115,21,13
jpn_Jpan,115,22,13
jpn_Jpan,115,23,24
jpn_Jpan,115,24,52
jpn_Jpan,115,25,52
jpn_Jpan,115,26,52
jpn_Jpan,115,27,47
jpn_Jpan,115,28,13
jpn_Jpan,115,29,1
jpn_Jpan,115,30,19
jpn_Jpan,115,31,1
jpn_Jpan,115,32,52
jpn_Jpan,115,33,52
jpn_Jpan,115,34,52
jpn_Jpan,115,35,19
jpn_Jpan,115,36,13
jpn_Jpan,115,37,13
jpn_Jpan,115,38,13
jpn_Jpan,115,39,13
jpn_Jpan,115,40,13
jpn_Jpan,115,41,34
eng_Latn,116,0,60
eng_Latn,116,1,13
eng_Latn,116,2,6
eng_Latn,116,3,9
eng_Latn,116,4,39
eng_Latn,116,5,40
eng_Latn,116,6,43
eng_Latn,116,7,37
eng_Latn,116,8,57
eng_Latn,116,9,52
eng_Latn,116,10,37
eng_Latn,116,11,52
eng_Latn,117,0,60
eng_Latn,117,1,18
eng_Latn,117,2,33
eng_Latn,117,3,44
eng_Latn,117,4,53
eng_Latn,117,5,57
eng_Latn,117,6,8
eng_Latn,117,7,33
eng_Latn,118,0,60
eng_Latn,118,1,50
eng_Latn,118,2,56
eng_Latn,118,3,46
eng_Latn,118,4,16
eng_Latn,118,5,56
eng_Latn,118,6,57
eng_Latn,119,0,60
eng_Latn,119,1,17
eng_Latn,119,2,10
eng_Latn,119,3,29
eng_Latn,119,4,23
eng_Latn,119,5,34
eng_Latn,120,0,60
eng_Latn,120,1,16
eng_Latn,120,2,59
eng_Latn,120,3,19
eng_Latn,120,4,17
eng_Latn,120,5,53
eng_Latn,120,6,46
eng_Latn,121,0,60
eng_Latn,121,1,9
eng_Latn,121,2,18
eng_Latn,121,3,18
eng_Latn,121,4,16
eng_Latn,121,5,0
eng_Latn,121,6,59
eng_Latn,121,7,24
eng_Latn,121,8,47
eng_Latn,121,9,47
eng_Latn,121,10,8
eng_Latn,122,0,60
eng_Latn,122,1,22
eng_Latn,122,2,18
eng_Latn,122,3,20
eng_Latn,122,4,35
eng_Latn,122,5,35
eng_Latn,122,6,34
eng_Latn,123,0,60
eng_Latn,123,1,6
eng_Latn,123,2,56
eng_Latn,123,3,63
eng_Latn,123,4,43
eng_Latn,123,5,63
eng_Latn,124,0,60
eng_Latn,124,1,19
eng_Latn,124,2,22
eng_Latn,124,3,22
eng_Latn,124,4,34
eng_Latn,124,5,12
eng_Latn,124,6,22
eng_Latn,124,7,12
eng_Latn,124,8,22
eng_Latn,125,0,60
eng_Latn,125,1,47
eng_Latn,125,2,22
eng_Latn,125,3,11
eng_Latn,126,0,60
eng_Latn,126,1,18
eng_Latn,126,2,63
eng_Latn,126,3,63
eng_Latn,126,4,20
eng_Latn,126,5,14
eng_Latn,126,6,47
eng_Latn,127,0,60
eng_Latn,127,1,22
eng_Latn,127,2,45
eng_Latn,127,3,22
eng_Latn,127,4,16
eng_Latn,127,5,59
eng_Latn,127,6,34
eng_Latn,127,7,20
eng_Latn,127,8,19
eng_Latn,127,9,19
eng_Latn,127,10,34
jpn_Jpan,128,0,60
jpn_Jpan,128,1,13
jpn_Jpan,128,2,47
jpn_Jpan,128,3,13
jpn_Jpan,128,4,13
jpn_Jpan,128,5,61
jpn_Jpan,128,6,19
jpn_Jpan,128,7,13
jpn_Jpan,128,8,24
jpn_Jpan,128,9,61
jpn_Jpan,128,10,61
jpn_Jpan,128,11,13
jpn_Jpan,128,12,47
jpn_Jpan,128,13,13
jpn_Jpan,128,14,61
jpn_Jpan,128,15,13
jpn_Jpan,128,16,61
jpn_Jpan,128,17,13
jpn_Jpan,128,18,24
eng_Latn,129,0,60
eng_Latn,129,1,18
eng_Latn,129,2,20
eng_Latn,129,3,0
eng_Latn,129,4,20
eng_Latn,129,5,16
eng_Latn,129,6,54
eng_Latn,129,7,17
eng_Latn,129,8,54
eng_Latn,129,9,4
eng_Latn,130,0,60
eng_Latn,130,1,34
eng_Latn,130,2,20
eng_Latn,130,3,22
eng_Latn,130,4,57
eng_Latn,130,5,20
eng_Latn,130,6,34
jpn_Jpan,131,0,60
jpn_Jpan,131,1,36
jpn_Jpan,131,2,24
jpn_Jpan,131,3,62
jpn_Jpan,131,4,13
jpn_Jpan,131,5,1
jpn_Jpan,131,6,13
jpn_Jpan,131,7,19
jpn_Jpan,131,8,13
jpn_Jpan,131,9,13
jpn_Jpan,131,10,13
jpn_Jpan,131,11,13
jpn_Jpan,131,12,13
jpn_Jpan,131,13,13
jpn_Jpan,131,14,19
jpn_Jpan,131,15,13
jpn_Jpan,131,16,47
jpn_Jpan,131,17,13
jpn_Jpan,131,18,39
jpn_Jpan,131,19,19
jpn_Jpan,131,20,13
jpn_Jpan,131,21,11
jpn_Jpan,131,22,40
jpn_Jpan,131,23,13
jpn_Jpan,131,24,47
jpn_Jpan,131,25,13
jpn_Jpan,131,26,19
jpn_Jpan,131,27,36
jpn_Jpan,131,28,12
jpn_Jpan,131,29,58
jpn_Jpan,131,30,12
jpn_Jpan,131,31,60
eng_Latn,132,0,60
eng_Latn,132,1,63
eng_Latn,132,2,18
eng_Latn,132,3,5
eng_Latn,132,4,16
eng_Latn,132,5,5
eng_Latn,132,6,14
eng_Latn,132,7,26
eng_Latn,133,0,60
eng_Latn,133,1,42
eng_Latn,133,2,38
eng_Latn,133,3,18
eng_Latn,133,4,16
eng_Latn,133,5,33
eng_Latn,133,6,33
eng_Latn,134,0,60
eng_Latn,134,1,19
eng_Latn,134,2,49
eng_Latn,134,3,5
eng_Latn,134,4,5
eng_Latn,134,5,26
eng_Latn,135,0,60
eng_Latn,135,1,56
eng_Latn,135,2,35
eng_Latn,135,3,35
eng_Latn,135,4,51
eng_Latn,136,0,60
eng_Latn,136,1,46
eng_Latn,136,2,5
eng_Latn,136,3,62
eng_Latn,136,4,24
eng_Latn,136,5,62
eng_Latn,136,6,15
eng_Latn,136,7,53
eng_Latn,136,8,62
eng_Latn,136,9,46
eng_Latn,137,0,60
eng_Latn,137,1,22
eng_Latn,137,2,22
eng_Latn,137,3,22
eng_Latn,137,4,56
eng_Latn,137,5,34
eng_Latn,137,6,29
eng_Latn,137,7,34
eng_Latn,137,8,22
eng_Latn,137,9,34
eng_Latn,138,0,60
eng_Latn,138,1,5
eng_Latn,138,2,20
eng_Latn,138,3,52
eng_Latn,138,4,57
eng_Latn,138,5,23
eng_Latn,138,6,23
eng_Latn,138,7,61
eng_Latn,138,8,15
eng_Latn,138,9,16
eng_Latn,138,10,20
eng_Latn,138,11,63
eng_Latn,139,0,60
eng_Latn,139,1,22
eng_Latn,139,2,37
eng_Latn,139,3,52
eng_Latn,139,4,37
eng_Latn,139,5,5
eng_Latn,139,6,22
jpn_Jpan,140,0,60
jpn_Jpan,140,1,19
jpn_Jpan,140,2,13
jpn_Jpan,140,3,13
jpn_Jpan,140,4,13
jpn_Jpan,140,5,13
jpn_Jpan,140,6,61
jpn_Jpan,140,7,13
jpn_Jpan,140,8,13
jpn_Jpan,140,9,36
jpn_Jpan,140,10,19
jpn_Jpan,140,11,13
jpn_Jpan,140,12,36
jpn_Jpan,140,13,24
jpn_Jpan,140,14,13
jpn_Jpan,140,15,13
jpn_Jpan,140,16,24
jpn_Jpan,140,17,19
jpn_Jpan,140,18,13
jpn_Jpan,140,19,34
jpn_Jpan,140,20,36
jpn_Jpan,140,21,13
jpn_Jpan,140,22,13
jpn_Jpan,140,23,13
jpn_Jpan,140,24,13
jpn_Jpan,140,25,13
jpn_Jpan,140,26,13
eng_Latn,141,0,60
eng_Latn,141,1,16
eng_Latn,141,2,17
eng_Latn,141,3,4
eng_Latn,141,4,52
eng_Latn,141,5,34
eng_Latn,142,0,60
eng_Latn,142,1,57
eng_Latn,142,2,16
eng_Latn,142,3,35
eng_Latn,142,4,57
eng_Latn,142,5,51
eng_Latn,143,0,60
eng_Latn,143,1,40
eng_Latn,143,2,51
eng_Latn,143,3,17
eng_Latn,143,4,17
eng_Latn,143,5,4
eng_Latn,143,6,59
eng_Latn,143,7,57
eng_Latn,144,0,60
eng_Latn,144,1,27
eng_Latn,144,2,49
eng_Latn,144,3,49
jpn_Jpan,145,0,60
jpn_Jpan,145,1,13
jpn_Jpan,145,2,19
jpn_Jpan,145,3,13
jpn_Jpan,145,4,13
jpn_Jpan,145,5,47
jpn_Jpan,145,6,19
jpn_Jpan,145,7,47
jpn_Jpan,145,8,7
jpn_Jpan,145,9,13
jpn_Jpan,145,10,1
jpn_Jpan,145,11,13
jpn_Jpan,145,12,13
jpn_Jpan,145,13,13
jpn_Jpan,145,14,13
jpn_Jpan,145,15,39
jpn_Jpan,145,16,13
jpn_Jpan,145,17,13
jpn_Jpan,145,18,47
jpn_Jpan,145,19,13
jpn_Jpan,145,20,19
jpn_Jpan,145,21,13
jpn_Jpan,145,22,19
jpn_Jpan,145,23,13
jpn_Jpan,145,24,13
jpn_Jpan,145,25,13
jpn_Jpan,145,26,24
jpn_Jpan,145,27,13
jpn_Jpan,145,28,34
jpn_Jpan,146,0,60
jpn_Jpan,146,1,11
jpn_Jpan,146,2,13
jpn_Jpan,146,3,13
jpn_Jpan,146,4,13
jpn_Jpan,146,5,24
jpn_Jpan,146,6,24
jpn_Jpan,146,7,52
jpn_Jpan,146,8,1
jpn_Jpan,146,9,24
jpn_Jpan,146,10,13
jpn_Jpan,146,11,61
jpn_Jpan,146,12,13
jpn_Jpan,146,13,24
jpn_Jpan,146,14,19
jpn_Jpan,146,15,13
jpn_Jpan,146,16,13
jpn_Jpan,146,17,19
jpn_Jpan,146,18,13
jpn_Jpan,146,19,24
jpn_Jpan,146,20,13
jpn_Jpan,146,21,13
jpn_Jpan,146,22,13
jpn_Jpan,146,23,13
jpn_Jpan,146,24,36
jpn_Jpan,146,25,34
jpn_Jpan,147,0,60
jpn_Jpan,147,1,22
jpn_Jpan,147,2,60
jpn_Jpan,147,3,58
jpn_Jpan,147,4,12
jpn_Jpan,147,5,61
eng_Latn,148,0,60
eng_Latn,148,1,16
eng_Latn,148,2,35
eng_Latn,148,3,57
eng_Latn,148,4,49
jpn_Jpan,149,0,60
jpn_Jpan,149,1,24
jpn_Jpan,149,2,13
jpn_Jpan,149,3,39
jpn_Jpan,149,4,39
jpn_Jpan,149,5,11
jpn_Jpan,149,6,24
jpn_Jpan,149,7,61
jpn_Jpan,149,8,13
jpn_Jpan,149,9,13
jpn_Jpan,149,10,13
jpn_Jpan,149,11,39
jpn_Jpan,149,12,13
jpn_Jpan,149,13,47
jpn_Jpan,149,14,19
jpn_Jpan,149,15,13
jpn_Jpan,149,16,19
jpn_Jpan,149,17,13
jpn_Jpan,149,18,19
jpn_Jpan,149,19,13
jpn_Jpan,149,20,47
jpn_Jpan,149,21,13
jpn_Jpan,149,22,11
jpn_Jpan,149,23,58
jpn_Jpan,149,24,24
jpn_Jpan,149,25,39
jpn_Jpan,149,26,39
eng_Latn,150,0,60
eng_Latn,150,1,18
eng_Latn,150,2,56
eng_Latn,150,3,21
eng_Latn,150,4,35
eng_Latn,150,5,21
eng_Latn,150,6,4
eng_Latn,150,7,2
eng_Latn,150,8,61
eng_Latn,150,9,26
eng_Latn,150,10,26
eng_Latn,150,11,50
eng_Latn,150,12,16
eng_Latn,151,0,60
eng_Latn,151,1,45
eng_Latn,151,2,46
eng_Latn,151,3,5
eng_Latn,151,4,14
eng_Latn,151,5,14
eng_Latn,151,6,14
eng_Latn,151,7,63
jpn_Jpan,152,0,60
jpn_Jpan,152,1,13
jpn_Jpan,152,2,47
jpn_Jpan,152,3,19
jpn_Jpan,152,4,13
jpn_Jpan,152,5,47
jpn_Jpan,152,6,13
jpn_Jpan,152,7,47
jpn_Jpan,152,8,47
jpn_Jpan,152,9,19
jpn_Jpan,152,10,13
jpn_Jpan,152,11,13
jpn_Jpan,152,12,13
jpn_Jpan,152,13,13
jpn_Jpan,152,14,19
jpn_Jpan,152,15,13
jpn_Jpan,152,16,24
jpn_Jpan,152,17,13
jpn_Jpan,152,18,13
jpn_Jpan,152,19,24
jpn_Jpan,152,20,13
jpn_Jpan,152,21,19
jpn_Jpan,152,22,39
jpn_Jpan,152,23,61
jpn_Jpan,152,24,13
jpn_Jpan,152,25,13
jpn_Jpan,152,26,24
jpn_Jpan,152,27,47
jpn_Jpan,152,28,13
jpn_Jpan,152,29,34
jpn_Jpan,152,30,34
jpn_Jpan,152,31,24
jpn_Jpan,152,32,13
jpn_Jpan,152,33,39
jpn_Jpan,152,34,34
jpn_Jpan,152,35,13
jpn_Jpan,152,36,13
jpn_Jpan,152,37,34
eng_Latn,153,0,60
eng_Latn,153,1,35
eng_Latn,153,2,35
eng_Latn,153,3,48
eng_Latn,153,4,48
eng_Latn,153,5,12
eng_Latn,153,6,37
eng_Latn,153,7,37
eng_Latn,153,8,37
jpn_Jpan,154,0,60
jpn_Jpan,154,1,22
jpn_Jpan,154,2,24
jpn_Jpan,154,3,24
jpn_Jpan,154,4,13
jpn_Jpan,154,5,13
jpn_Jpan,154,6,39
jpn_Jpan,154,7,34
jpn_Jpan,154,8,13
jpn_Jpan,154,9,24
jpn_Jpan,154,10,11
jpn_Jpan,154,11,58
jpn_Jpan,154,12,12
jpn_Jpan,154,13,39
jpn_Jpan,154,14,39
jpn_Jpan,155,0,60
jpn_Jpan,155,1,54
jpn_Jpan,155,2,15
jpn_Jpan,155,3,30
jpn_Jpan,155,4,30
jpn_Jpan,155,5,16
jpn_Jpan,156,0,60
jpn_Jpan,156,1,13
jpn_Jpan,156,2,13
jpn_Jpan,156,3,24
jpn_Jpan,156,4,47
jpn_Jpan,156,5,7
jpn_Jpan,156,6,19
jpn_Jpan,156,7,19
jpn_Jpan,156,8,13
jpn_Jpan,156,9,24
jpn_Jpan,156,10,52
jpn_Jpan,156,11,52
jpn_Jpan,156,12,52
jpn_Jpan,156,13,52
jpn_Jpan,156,14,52
jpn_Jpan,156,15,19
jpn_Jpan,156,16,13
jpn_Jpan,156,17,24
jpn_Jpan,156,18,52
jpn_Jpan,156,19,52
jpn_Jpan,156,20,7
jpn_Jpan,156,21,1
jpn_Jpan,156,22,19
jpn_Jpan,156,23,19
jpn_Jpan,156,24,13
jpn_Jpan,156,25,1
jpn_Jpan,156,26,52
jpn_Jpan,156,27,52
jpn_Jpan,156,28,52
jpn_Jpan,156,29,52
jpn_Jpan,156,30,52
jpn_Jpan,156,31,19
jpn_Jpan,156,32,34
eng_Latn,157,0,60
eng_Latn,157,1,20
eng_Latn,157,2,37
eng_Latn,157,3,40
eng_Latn,157,4,59
jpn_Jpan,158,0,60
jpn_Jpan,158,1,13
jpn_Jpan,158,2,13
jpn_Jpan,158,3,47
jpn_Jpan,158,4,13
jpn_Jpan,158,5,13
jpn_Jpan,158,6,1
jpn_Jpan,158,7,13
jpn_Jpan,158,8,13
jpn_Jpan,158,9,13
jpn_Jpan,158,10,13
jpn_Jpan,158,11,13
jpn_Jpan,158,12,13
jpn_Jpan,158,13,13
jpn_Jpan,158,14,61
jpn_Jpan,158,15,61
jpn_Jpan,158,16,13
jpn_Jpan,158,17,13
jpn_Jpan,158,18,24
jpn_Jpan,158,19,24
jpn_Jpan,158,20,13
jpn_Jpan,158,21,24
jpn_Jpan,158,22,24
jpn_Jpan,158,23,24
jpn_Jpan,158,24,36
jpn_Jpan,158,25,13
jpn_Jpan,158,26,19
jpn_Jpan,158,27,13
jpn_Jpan,158,28,13
jpn_Jpan,158,29,47
eng_Latn,159,0,60
eng_Latn,159,1,52
eng_Latn,159,2,14
eng_Latn,159,3,63
eng_Latn,160,0,60
eng_Latn,160,1,19
eng_Latn,160,2,21
eng_Latn,160,3,5
eng_Latn,160,4,59
eng_Latn,160,5,46
eng_Latn,160,6,19
eng_Latn,160,7,21
jpn_Jpan,161,0,60
jpn_Jpan,161,1,13
jpn_Jpan,161,2,24
jpn_Jpan,161,3,47
jpn_Jpan,161,4,19
jpn_Jpan,161,5,13
jpn_Jpan,161,6,39
jpn_Jpan,161,7,47
jpn_Jpan,161,8,39
jpn_Jpan,161,9,13
jpn_Jpan,161,10,24
jpn_Jpan,161,11,13
jpn_Jpan,161,12,34
jpn_Jpan,161,13,34
eng_Latn,162,0,60
eng_Latn,162,1,9
eng_Latn,162,2,18
eng_Latn,162,3,20
eng_Latn,162,4,22
eng_Latn,162,5,40
eng_Latn,162,6,61
eng_Latn,162,7,19
eng_Latn,162,8,34
eng_Latn,163,0,60
eng_Latn,163,1,16
eng_Latn,163,2,37
eng_Latn,163,3,52
eng_Latn,163,4,16
eng_Latn,163,5,52
eng_Latn,163,6,9
eng_Latn,163,7,4
eng_Latn,163,8,1
eng_Latn,163,9,19
eng_Latn,163,10,4
eng_Latn,164,0,60
eng_Latn,164,1,61
eng_Latn,164,2,26
eng_Latn,164,3,49
eng_Latn,164,4,12
eng_Latn,164,5,61
eng_Latn,165,0,60
eng_Latn,165,1,17
eng_Latn,165,2,16
eng_Latn,165,3,54
eng_Latn,165,4,51
eng_Latn,166,0,60
eng_Latn,166,1,17
eng_Latn,166,2,56
eng_Latn,166,3,16
eng_Latn,166,4,25
eng_Latn,166,5,46
eng_Latn,166,6,56
eng_Latn,166,7,21
eng_Latn,167,0,60
eng_Latn,167,1,22
eng_Latn,167,2,34
eng_Latn,167,3,42
eng_Latn,167,4,18
eng_Latn,167,5,41
eng_Latn,167,6,41
eng_Latn,167,7,35
eng_Latn,167,8,19
eng_Latn,167,9,46
eng_Latn,167,10,34
eng_Latn,168,0,60
eng_Latn,168,1,29
eng_Latn,168,2,38
eng_Latn,168,3,34
eng_Latn,168,4,54
eng_Latn,168,5,18
eng_Latn,168,6,53
eng_Latn,168,7,34
eng_Latn,168,8,34
jpn_Jpan,169,0,60
jpn_Jpan,169,1,13
jpn_Jpan,169,2,13
jpn_Jpan,169,3,13
jpn_Jpan,169,4,13
jpn_Jpan,169,5,13
jpn_Jpan,169,6,24
jpn_Jpan,169,7,19
jpn_Jpan,169,8,19
jpn_Jpan,169,9,13
jpn_Jpan,169,10,13
jpn_Jpan,169,11,34
jpn_Jpan,169,12,13
jpn_Jpan,169,13,9
jpn_Jpan,169,14,13
jpn_Jpan,169,15,24
jpn_Jpan,169,16,47
jpn_Jpan,169,17,13
jpn_Jpan,169,18,34
jpn_Jpan,169,19,24
jpn_Jpan,169,20,19
jpn_Jpan,169,21,13
jpn_Jpan,169,22,13
jpn_Jpan,169,23,24
jpn_Jpan,169,24,13
jpn_Jpan,169,25,13
jpn_Jpan,169,26,36
eng_Latn,170,0,60
eng_Latn,170,1,9
eng_Latn,170,2,29
eng_Latn,170,3,52
eng_Latn,170,4,29
eng_Latn,170,5,34
eng_Latn,171,0,60
eng_Latn,171,1,47
eng_Latn,171,2,61
eng_Latn,171,3,9
eng_Latn,171,4,7
eng_Latn,172,0,60
eng_Latn,172,1,50
eng_Latn,172,2,20
eng_Latn,172,3,16
eng_Latn,172,4,10
eng_Latn,172,5,23
eng_Latn,172,6,23
eng_Latn,172,7,16
eng_Latn,173,0,60
eng_Latn,173,1,22
eng_Latn,173,2,45
eng_Latn,173,3,50
eng_Latn,173,4,18
eng_Latn,173,5,16
eng_Latn,173,6,11
eng_Latn,173,7,54
jpn_Jpan,174,0,60
jpn_Jpan,174,1,13
jpn_Jpan,174,2,13
jpn_Jpan,174,3,13
jpn_Jpan,174,4,13
jpn_Jpan,174,5,13
jpn_Jpan,174,6,13
jpn_Jpan,174,7,13
jpn_Jpan,174,8,19
jpn_Jpan,174,9,13
jpn_Jpan,174,10,13
jpn_Jpan,174,11,13
jpn_Jpan,174,12,34
jpn_Jpan,174,13,24
jpn_Jpan,174,14,24
jpn_Jpan,174,15,13
jpn_Jpan,174,16,47
jpn_Jpan,174,17,36
jpn_Jpan,174,18,24
jpn_Jpan,174,19,47
jpn_Jpan,174,20,13
jpn_Jpan,174,21,34
jpn_Jpan,174,22,24
jpn_Jpan,174,23,13
jpn_Jpan,174,24,13
jpn_Jpan,174,25,24
jpn_Jpan,174,26,34
jpn_Jpan,174,27,13
jpn_Jpan,174,28,34
jpn_Jpan,174,29,13
jpn_Jpan,174,30,19
jpn_Jpan,174,31,13
jpn_Jpan,174,32,13
jpn_Jpan,174,33,13
jpn_Jpan,174,34,13
jpn_Jpan,174,35,13
jpn_Jpan,174,36,34
eng_Latn,175,0,60
eng_Latn,175,1,40
eng_Latn,175,2,43
eng_Latn,175,3,57
eng_Latn,175,4,61
eng_Latn,175,5,31
eng_Latn,176,0,60
eng_Latn,176,1,19
eng_Latn,176,2,22
eng_Latn,176,3,28
eng_Latn,176,4,16
eng_Latn,176,5,28
eng_Latn,176,6,28
eng_Latn,176,7,16
eng_Latn,177,0,60
eng_Latn,177,1,19
eng_Latn,177,2,47
eng_Latn,177,3,22
eng_Latn,177,4,22
eng_Latn,177,5,9
eng_Latn,177,6,22
eng_Latn,177,7,24
eng_Latn,177,8,19
eng_Latn,177,9,40
eng_Latn,177,10,24
eng_Latn,177,11,46
eng_Latn,177,12,46
eng_Latn,177,13,59
eng_Latn,177,14,15
eng_Latn,177,15,9
eng_Latn,177,16,9
eng_Latn,178,0,60
eng_Latn,178,1,29
eng_Latn,178,2,34
eng_Latn,179,0,60
eng_Latn,179,1,58
eng_Latn,179,2,22
eng_Latn,179,3,37
eng_Latn,179,4,52
eng_Latn,179,5,1
eng_Latn,179,6,22
eng_Latn,179,7,9
eng_Latn,179,8,52
eng_Latn,179,9,13
eng_Latn,179,10,1
eng_Latn,179,11,52
eng_Latn,180,0,60
eng_Latn,180,1,19
eng_Latn,180,2,49
eng_Latn,180,3,19
eng_Latn,180,4,49
eng_Latn,180,5,49
eng_Latn,181,0,60
eng_Latn,181,1,1
eng_Latn,181,2,53
eng_Latn,181,3,52
eng_Latn,181,4,1
eng_Latn,181,5,52
eng_Latn,181,6,47
eng_Latn,182,0,60
eng_Latn,182,1,35
eng_Latn,182,2,63
eng_Latn,182,3,63
eng_Latn,182,4,63
eng_Latn,182,5,24
eng_Latn,182,6,37
eng_Latn,183,0,60
eng_Latn,183,1,46
eng_Latn,183,2,51
eng_Latn,183,3,63
eng_Latn,183,4,14
eng_Latn,183,5,49
eng_Latn,183,6,9
eng_Latn,183,7,14
eng_Latn,183,8,1
eng_Latn,183,9,52
eng_Latn,184,0,60
eng_Latn,184,1,22
eng_Latn,184,2,22
eng_Latn,184,3,12
eng_Latn,184,4,22
eng_Latn,184,5,22
eng_Latn,184,6,60
eng_Latn,184,7,22
eng_Latn,184,8,40
eng_Latn,185,0,60
eng_Latn,185,1,56
eng_Latn,185,2,48
eng_Latn,185,3,56
eng_Latn,185,4,46
eng_Latn,186,0,60
eng_Latn,186,1,33
eng_Latn,186,2,33
eng_Latn,186,3,33
eng_Latn,186,4,33
eng_Latn,186,5,33
eng_Latn,186,6,18
eng_Latn,186,7,18
eng_Latn,186,8,16
eng_Latn,187,0,60
eng_Latn,187,1,16
eng_Latn,187,2,20
eng_Latn,187,3,35
eng_Latn,187,4,33
eng_Latn,187,5,46
eng_Latn,188,0,60
eng_Latn,188,1,27
eng_Latn,188,2,26
eng_Latn,188,3,49
eng_Latn,188,4,56
eng_Latn,188,5,63
eng_Latn,188,6,62
eng_Latn,188,7,62
eng_Latn,188,8,24
eng_Latn,188,9,24
eng_Latn,188,10,7
eng_Latn,188,11,24
eng_Latn,188,12,62
eng_Latn,188,13,48
jpn_Jpan,189,0,60
jpn_Jpan,189,1,13
jpn_Jpan,189,2,39
jpn_Jpan,189,3,39
jpn_Jpan,189,4,34
jpn_Jpan,189,5,42
jpn_Jpan,189,6,27
jpn_Jpan,189,7,39
jpn_Jpan,189,8,24
jpn_Jpan,189,9,34
eng_Latn,190,0,60
eng_Latn,190,1,52
eng_Latn,190,2,2
eng_Latn,190,3,45
eng_Latn,190,4,41
eng_Latn,190,5,9
eng_Latn,190,6,9
eng_Latn,190,7,17
eng_Latn,190,8,16
eng_Latn,190,9,29
eng_Latn,190,10,34
jpn_Jpan,191,0,60
jpn_Jpan,191,1,9
jpn_Jpan,191,2,13
jpn_Jpan,191,3,13
jpn_Jpan,191,4,11
jpn_Jpan,191,5,1
jpn_Jpan,191,6,13
jpn_Jpan,191,7,19
jpn_Jpan,191,8,13
jpn_Jpan,191,9,19
jpn_Jpan,191,10,13
jpn_Jpan,191,11,19
jpn_Jpan,191,12,13
jpn_Jpan,191,13,26
jpn_Jpan,191,14,19
jpn_Jpan,191,15,13
jpn_Jpan,191,16,9
jpn_Jpan,191,17,24
jpn_Jpan,191,18,13
jpn_Jpan,191,19,27
jpn_Jpan,191,20,13
jpn_Jpan,191,21,13
jpn_Jpan,191,22,24
jpn_Jpan,191,23,13
jpn_Jpan,191,24,19
jpn_Jpan,191,25,13
jpn_Jpan,191,26,19
jpn_Jpan,191,27,13
jpn_Jpan,191,28,13
jpn_Jpan,191,29,12
jpn_Jpan,191,30,11
jpn_Jpan,191,31,12
jpn_Jpan,191,32,1
jpn_Jpan,191,33,13
jpn_Jpan,191,34,19
jpn_Jpan,191,35,13
jpn_Jpan,191,36,19
jpn_Jpan,191,37,13
jpn_Jpan,191,38,19
jpn_Jpan,191,39,13
jpn_Jpan,191,40,47
jpn_Jpan,191,41,19
jpn_Jpan,191,42,13
jpn_Jpan,191,43,9
jpn_Jpan,191,44,12
jpn_Jpan,191,45,13
jpn_Jpan,191,46,24
jpn_Jpan,191,47,13
jpn_Jpan,191,48,24
jpn_Jpan,192,0,60
jpn_Jpan,192,1,13
jpn_Jpan,192,2,24
jpn_Jpan,192,3,13
jpn_Jpan,192,4,36
jpn_Jpan,192,5,36
jpn_Jpan,192,6,19
jpn_Jpan,192,7,13
jpn_Jpan,192,8,19
jpn_Jpan,192,9,36
jpn_Jpan,192,10,19
jpn_Jpan,192,11,13
jpn_Jpan,192,12,39
jpn_Jpan,192,13,47
jpn_Jpan,192,14,61
jpn_Jpan,192,15,13
jpn_Jpan,192,16,61
jpn_Jpan,192,17,13
jpn_Jpan,192,18,47
jpn_Jpan,192,19,19
jpn_Jpan,192,20,13
jpn_Jpan,192,21,39
jpn_Jpan,192,22,13
jpn_Jpan,192,23,34
jpn_Jpan,193,0,60
jpn_Jpan,193,1,47
jpn_Jpan,193,2,19
jpn_Jpan,193,3,39
jpn_Jpan,193,4,47
jpn_Jpan,193,5,13
jpn_Jpan,193,6,19
jpn_Jpan,193,7,13
jpn_Jpan,193,8,24
jpn_Jpan,193,9,47
jpn_Jpan,193,10,47
jpn_Jpan,193,11,39
jpn_Jpan,193,12,39
jpn_Jpan,193,13,13
jpn_Jpan,193,14,24
jpn_Jpan,193,15,13
jpn_Jpan,193,16,24
jpn_Jpan,193,17,47
jpn_Jpan,193,18,47
jpn_Jpan,193,19,39
jpn_Jpan,193,20,13
jpn_Jpan,193,21,1
jpn_Jpan,193,22,13
jpn_Jpan,193,23,47
jpn_Jpan,193,24,13
jpn_Jpan,193,25,24
jpn_Jpan,193,26,13
jpn_Jpan,193,27,29
jpn_Jpan,193,28,19
jpn_Jpan,193,29,13
jpn_Jpan,193,30,39
jpn_Jpan,193,31,13
jpn_Jpan,193,32,13
jpn_Jpan,193,33,24
jpn_Jpan,193,34,13
jpn_Jpan,193,35,19
jpn_Jpan,193,36,34
jpn_Jpan,193,37,13
jpn_Jpan,193,38,19
jpn_Jpan,193,39,34
jpn_Jpan,194,0,60
jpn_Jpan,194,1,61
jpn_Jpan,194,2,13
jpn_Jpan,194,3,36
jpn_Jpan,194,4,47
jpn_Jpan,194,5,13
jpn_Jpan,194,6,13
jpn_Jpan,194,7,13
jpn_Jpan,194,8,24
jpn_Jpan,194,9,19
jpn_Jpan,194,10,13
jpn_Jpan,194,11,13
jpn_Jpan,194,12,13
jpn_Jpan,194,13,13
jpn_Jpan,194,14,13
jpn_Jpan,194,15,13
jpn_Jpan,194,16,13
jpn_Jpan,194,17,13
jpn_Jpan,194,18,19
jpn_Jpan,194,19,13
jpn_Jpan,194,20,47
jpn_Jpan,194,21,47
jpn_Jpan,194,22,19
jpn_Jpan,194,23,19
jpn_Jpan,194,24,13
jpn_Jpan,194,25,24
jpn_Jpan,194,26,13
jpn_Jpan,194,27,13
jpn_Jpan,194,28,13
jpn_Jpan,194,29,13
jpn_Jpan,194,30,9
jpn_Jpan,194,31,19
jpn_Jpan,194,32,7
jpn_Jpan,194,33,19
jpn_Jpan,194,34,24
jpn_Jpan,194,35,13
jpn_Jpan,194,36,13
jpn_Jpan,194,37,13
jpn_Jpan,194,38,39
jpn_Jpan,194,39,13
jpn_Jpan,194,40,24
jpn_Jpan,194,41,19
jpn_Jpan,194,42,13
jpn_Jpan,194,43,13
jpn_Jpan,194,44,13
jpn_Jpan,194,45,13
jpn_Jpan,194,46,24
jpn_Jpan,194,47,19
jpn_Jpan,194,48,13
jpn_Jpan,194,49,13
jpn_Jpan,194,50,24
jpn_Jpan,194,51,19
jpn_Jpan,194,52,13
jpn_Jpan,194,53,13
jpn_Jpan,195,0,60
jpn_Jpan,195,1,36
jpn_Jpan,195,2,13
jpn_Jpan,195,3,24
jpn_Jpan,195,4,47
jpn_Jpan,195,5,13
jpn_Jpan,195,6,61
jpn_Jpan,195,7,34
jpn_Jpan,195,8,34
jpn_Jpan,195,9,13
jpn_Jpan,195,10,13
jpn_Jpan,195,11,13
jpn_Jpan,195,12,13
jpn_Jpan,195,13,24
jpn_Jpan,195,14,19
jpn_Jpan,195,15,13
jpn_Jpan,195,16,13
jpn_Jpan,195,17,24
jpn_Jpan,195,18,19
jpn_Jpan,195,19,13
jpn_Jpan,195,20,13
jpn_Jpan,195,21,24
jpn_Jpan,195,22,19
jpn_Jpan,195,23,13
jpn_Jpan,195,24,13
jpn_Jpan,195,25,24
jpn_Jpan,195,26,19
jpn_Jpan,195,27,13
jpn_Jpan,195,28,47
jpn_Jpan,195,29,13
jpn_Jpan,195,30,24
jpn_Jpan,195,31,13
jpn_Jpan,195,32,13
jpn_Jpan,195,33,24
jpn_Jpan,195,34,13
jpn_Jpan,195,35,13
jpn_Jpan,195,36,24
jpn_Jpan,195,37,13
jpn_Jpan,195,38,13
jpn_Jpan,195,39,13
jpn_Jpan,195,40,34
jpn_Jpan,196,0,60
jpn_Jpan,196,1,13
jpn_Jpan,196,2,24
jpn_Jpan,196,3,13
jpn_Jpan,196,4,13
jpn_Jpan,196,5,13
jpn_Jpan,196,6,47
jpn_Jpan,196,7,19
jpn_Jpan,196,8,13
jpn_Jpan,196,9,19
jpn_Jpan,196,10,13
jpn_Jpan,196,11,51
eng_Latn,197,0,60
eng_Latn,197,1,48
eng_Latn,197,2,4
eng_Latn,197,3,51
eng_Latn,197,4,59
eng_Latn,197,5,51
jpn_Jpan,198,0,60
jpn_Jpan,198,1,24
jpn_Jpan,198,2,24
jpn_Jpan,198,3,52
jpn_Jpan,198,4,13
jpn_Jpan,198,5,24
jpn_Jpan,198,6,47
jpn_Jpan,198,7,19
jpn_Jpan,198,8,13
jpn_Jpan,198,9,13
jpn_Jpan,198,10,19
jpn_Jpan,198,11,13
jpn_Jpan,198,12,13
jpn_Jpan,198,13,24
jpn_Jpan,198,14,52
jpn_Jpan,198,15,19
jpn_Jpan,198,16,13
jpn_Jpan,198,17,13
eng_Latn,199,0,60
eng_Latn,199,1,34
eng_Latn,199,2,20
eng_Latn,199,3,38
eng_Latn,199,4,61
eng_Latn,199,5,27
eng_Latn,199,6,33
eng_Latn,199,7,33
eng_Latn,200,0,60
eng_Latn,200,1,34
eng_Latn,200,2,56
eng_Latn,200,3,34
eng_Latn,200,4,20
eng_Latn,200,5,34
eng_Latn,201,0,60
eng_Latn,201,1,29
eng_Latn,201,2,40
eng_Latn,201,3,26
eng_Latn,201,4,49
eng_Latn,201,5,14
eng_Latn,201,6,34
eng_Latn,201,7,57
eng_Latn,202,0,60
eng_Latn,202,1,15
eng_Latn,202,2,51
eng_Latn,202,3,18
eng_Latn,202,4,18
eng_Latn,202,5,41
eng_Latn,202,6,48
eng_Latn,203,0,60
eng_Latn,203,1,22
eng_Latn,203,2,9
eng_Latn,203,3,12
eng_Latn,203,4,19
eng_Latn,203,5,40
eng_Latn,203,6,34
eng_Latn,204,0,60
eng_Latn,204,1,56
eng_Latn,204,2,37
eng_Latn,204,3,43
eng_Latn,204,4,56
eng_Latn,204,5,57
eng_Latn,204,6,35
eng_Latn,204,7,17
eng_Latn,205,0,60
eng_Latn,205,1,41
eng_Latn,205,2,15
eng_Latn,205,3,56
eng_Latn,205,4,56
eng_Latn,205,5,63
jpn_Jpan,206,0,60
jpn_Jpan,206,1,13
jpn_Jpan,206,2,1
jpn_Jpan,206,3,13
jpn_Jpan,206,4,36
jpn_Jpan,206,5,13
jpn_Jpan,206,6,19
jpn_Jpan,206,7,13
jpn_Jpan,206,8,13
jpn_Jpan,206,9,13
jpn_Jpan,206,10,13
jpn_Jpan,206,11,13
jpn_Jpan,206,12,13
jpn_Jpan,206,13,13
jpn_Jpan,206,14,13
jpn_Jpan,206,15,24
jpn_Jpan,206,16,19
jpn_Jpan,206,17,13
jpn_Jpan,206,18,19
jpn_Jpan,206,19,13
jpn_Jpan,206,20,34
jpn_Jpan,206,21,61
jpn_Jpan,206,22,13
jpn_Jpan,206,23,13
jpn_Jpan,206,24,13
eng_Latn,207,0,60
eng_Latn,207,1,57
eng_Latn,207,2,48
eng_Latn,207,3,56
eng_Latn,207,4,37
eng_Latn,207,5,37
eng_Latn,207,6,52
eng_Latn,207,7,52
jpn_Jpan,208,0,60
jpn_Jpan,208,1,13
jpn_Jpan,208,2,13
jpn_Jpan,208,3,13
jpn_Jpan,208,4,24
jpn_Jpan,208,5,19
jpn_Jpan,208,6,13
jpn_Jpan,208,7,34
jpn_Jpan,208,8,13
jpn_Jpan,208,9,24
jpn_Jpan,208,10,13
jpn_Jpan,208,11,13
jpn_Jpan,208,12,13
jpn_Jpan,208,13,13
jpn_Jpan,208,14,13
jpn_Jpan,208,15,13
jpn_Jpan,208,16,13
jpn_Jpan,208,17,13
jpn_Jpan,208,18,24
jpn_Jpan,208,19,19
jpn_Jpan,208,20,13
jpn_Jpan,208,21,47
jpn_Jpan,208,22,24
jpn_Jpan,208,23,13
jpn_Jpan,208,24,24
jpn_Jpan,208,25,13
jpn_Jpan,208,26,19
jpn_Jpan,208,27,47
jpn_Jpan,208,28,39
jpn_Jpan,208,29,39
jpn_Jpan,208,30,13
jpn_Jpan,208,31,24
jpn_Jpan,208,32,19
jpn_Jpan,208,33,13
jpn_Jpan,208,34,19
jpn_Jpan,208,35,34
jpn_Jpan,208,36,13
jpn_Jpan,208,37,13
jpn_Jpan,208,38,13
jpn_Jpan,208,39,34
jpn_Jpan,208,40,19
jpn_Jpan,208,41,13
eng_Latn,209,0,60
eng_Latn,209,1,1
eng_Latn,209,2,37
eng_Latn,209,3,37
eng_Latn,209,4,37
eng_Latn,209,5,49
eng_Latn,210,0,60
eng_Latn,210,1,29
eng_Latn,210,2,41
eng_Latn,210,3,57
eng_Latn,210,4,0
eng_Latn,210,5,31
eng_Latn,210,6,28
eng_Latn,210,7,6
eng_Latn,210,8,15
eng_Latn,211,0,60
eng_Latn,211,1,52
eng_Latn,211,2,53
eng_Latn,211,3,38
eng_Latn,211,4,52
eng_Latn,211,5,34
eng_Latn,211,6,61
eng_Latn,211,7,16
eng_Latn,211,8,35
eng_Latn,211,9,19
eng_Latn,211,10,15
eng_Latn,212,0,60
eng_Latn,212,1,22
eng_Latn,212,2,42
eng_Latn,212,3,61
jpn_Jpan,213,0,60
jpn_Jpan,213,1,39
jpn_Jpan,213,2,57
jpn_Jpan,213,3,39
jpn_Jpan,213,4,47
jpn_Jpan,213,5,19
jpn_Jpan,213,6,7
jpn_Jpan,214,0,60
jpn_Jpan,214,1,12
jpn_Jpan,214,2,22
jpn_Jpan,214,3,40
eng_Latn,215,0,60
eng_Latn,215,1,56
eng_Latn,215,2,4
eng_Latn,216,0,60
eng_Latn,216,1,9
eng_Latn,216,2,40
eng_Latn,216,3,61
eng_Latn,216,4,33
eng_Latn,216,5,15
eng_Latn,216,6,26
eng_Latn,216,7,61
eng_Latn,216,8,1
eng_Latn,216,9,47
eng_Latn,216,10,33
eng_Latn,216,11,61
eng_Latn,217,0,60
eng_Latn,217,1,56
eng_Latn,217,2,63
eng_Latn,217,3,20
eng_Latn,217,4,19
eng_Latn,218,0,60
eng_Latn,218,1,22
eng_Latn,218,2,22
eng_Latn,218,3,22
eng_Latn,218,4,34
eng_Latn,218,5,29
eng_Latn,218,6,35
eng_Latn,218,7,35
eng_Latn,218,8,34
eng_Latn,219,0,60
eng_Latn,219,1,18
eng_Latn,219,2,18
eng_Latn,219,3,20
eng_Latn,219,4,46
eng_Latn,219,5,63
jpn_Jpan,220,0,60
jpn_Jpan,220,1,13
jpn_Jpan,220,2,13
jpn_Jpan,220,3,39
jpn_Jpan,220,4,13
jpn_Jpan,220,5,61
jpn_Jpan,220,6,61
jpn_Jpan,220,7,13
jpn_Jpan,220,8,24
jpn_Jpan,220,9,19
jpn_Jpan,220,10,13
jpn_Jpan,220,11,19
jpn_Jpan,220,12,13
jpn_Jpan,220,13,24
jpn_Jpan,220,14,19
jpn_Jpan,220,15,19
jpn_Jpan,220,16,13
jpn_Jpan,220,17,19
jpn_Jpan,220,18,34
jpn_Jpan,220,19,36
jpn_Jpan,220,20,13
jpn_Jpan,220,21,13
jpn_Jpan,220,22,13
jpn_Jpan,220,23,39
jpn_Jpan,220,24,39
jpn_Jpan,220,25,13
jpn_Jpan,220,26,13
jpn_Jpan,220,27,13
jpn_Jpan,220,28,19
jpn_Jpan,220,29,13
jpn_Jpan,220,30,34
jpn_Jpan,220,31,19
jpn_Jpan,220,32,13
jpn_Jpan,220,33,13
jpn_Jpan,220,34,24
jpn_Jpan,220,35,36
jpn_Jpan,220,36,24
jpn_Jpan,220,37,13
jpn_Jpan,220,38,13
jpn_Jpan,220,39,28
jpn_Jpan,220,40,47
jpn_Jpan,220,41,19
jpn_Jpan,220,42,13
jpn_Jpan,220,43,13
jpn_Jpan,220,44,34
eng_Latn,221,0,60
eng_Latn,221,1,17
eng_Latn,221,2,32
eng_Latn,221,3,17
eng_Latn,221,4,4
eng_Latn,221,5,32
eng_Latn,221,6,4
eng_Latn,222,0,60
eng_Latn,222,1,6
eng_Latn,222,2,8
eng_Latn,222,3,8
eng_Latn,222,4,20
eng_Latn,222,5,16
eng_Latn,222,6,54
eng_Latn,222,7,51
eng_Latn,223,0,60
eng_Latn,223,1,22
eng_Latn,223,2,34
eng_Latn,223,3,22
eng_Latn,223,4,22
eng_Latn,223,5,37
eng_Latn,223,6,63
eng_Latn,223,7,34
eng_Latn,223,8,24
eng_Latn,223,9,7
eng_Latn,223,10,60
eng_Latn,224,0,60
eng_Latn,224,1,9
eng_Latn,224,2,22
eng_Latn,224,3,11
eng_Latn,224,4,61
eng_Latn,224,5,47
eng_Latn,224,6,40
eng_Latn,224,7,5
eng_Latn,224,8,40
eng_Latn,224,9,30
eng_Latn,224,10,49
eng_Latn,225,0,60
eng_Latn,225,1,57
eng_Latn,225,2,45
eng_Latn,225,3,0
eng_Latn,225,4,18
eng_Latn,225,5,53
eng_Latn,225,6,41
eng_Latn,225,7,8
jpn_Jpan,226,0,60
jpn_Jpan,226,1,46
jpn_Jpan,226,2,24
jpn_Jpan,226,3,13
jpn_Jpan,226,4,47
jpn_Jpan,226,5,13
jpn_Jpan,226,6,13
jpn_Jpan,226,7,13
jpn_Jpan,226,8,39
jpn_Jpan,226,9,13
jpn_Jpan,226,10,24
jpn_Jpan,226,11,47
jpn_Jpan,226,12,13
jpn_Jpan,226,13,13
jpn_Jpan,226,14,13
jpn_Jpan,226,15,13
jpn_Jpan,226,16,13
jpn_Jpan,226,17,24
jpn_Jpan,226,18,61
jpn_Jpan,226,19,13
jpn_Jpan,226,20,13
jpn_Jpan,226,21,24
jpn_Jpan,226,22,47
jpn_Jpan,226,23,19
jpn_Jpan,226,24,13
jpn_Jpan,226,25,13
jpn_Jpan,226,26,13
jpn_Jpan,226,27,13
jpn_Jpan,226,28,24
jpn_Jpan,226,29,13
jpn_Jpan,226,30,24
jpn_Jpan,227,0,60
jpn_Jpan,227,1,13
jpn_Jpan,227,2,24
jpn_Jpan,227,3,13
jpn_Jpan,227,4,13
jpn_Jpan,227,5,36
jpn_Jpan,227,6,19
jpn_Jpan,227,7,13
jpn_Jpan,227,8,19
jpn_Jpan,227,9,36
jpn_Jpan,227,10,13
jpn_Jpan,227,11,47
jpn_Jpan,227,12,19
jpn_Jpan,227,13,13
jpn_Jpan,227,14,24
jpn_Jpan,227,15,13
jpn_Jpan,227,16,13
jpn_Jpan,227,17,13
jpn_Jpan,227,18,13
jpn_Jpan,227,19,24
jpn_Jpan,227,20,13
jpn_Jpan,227,21,13
jpn_Jpan,227,22,24
jpn_Jpan,227,23,61
jpn_Jpan,227,24,13
jpn_Jpan,227,25,13
jpn_Jpan,227,26,24
jpn_Jpan,227,27,13
jpn_Jpan,227,28,34
jpn_Jpan,227,29,24
jpn_Jpan,227,30,34
jpn_Jpan,227,31,34
eng_Latn,228,0,60
eng_Latn,228,1,22
eng_Latn,228,2,54
eng_Latn,228,3,54
eng_Latn,228,4,10
eng_Latn,228,5,16
jpn_Jpan,229,0,60
jpn_Jpan,229,1,24
jpn_Jpan,229,2,61
jpn_Jpan,229,3,13
jpn_Jpan,229,4,34
jpn_Jpan,229,5,34
jpn_Jpan,229,6,24
jpn_Jpan,229,7,13
jpn_Jpan,229,8,36
jpn_Jpan,229,9,24
jpn_Jpan,229,10,61
jpn_Jpan,229,11,13
jpn_Jpan,229,12,36
jpn_Jpan,229,13,36
jpn_Jpan,229,14,13
jpn_Jpan,229,15,19
jpn_Jpan,229,16,13
jpn_Jpan,229,17,36
jpn_Jpan,229,18,34
eng_Latn,230,0,60
eng_Latn,230,1,56
eng_Latn,230,2,41
eng_Latn,230,3,54
eng_Latn,230,4,0
eng_Latn,230,5,41
eng_Latn,230,6,1
eng_Latn,230,7,40
eng_Latn,231,0,60
eng_Latn,231,1,7
eng_Latn,231,2,11
eng_Latn,231,3,53
eng_Latn,231,4,16
eng_Latn,231,5,6
eng_Latn,231,6,15
eng_Latn,231,7,45
eng_Latn,231,8,63
jpn_Jpan,232,0,60
jpn_Jpan,232,1,13
jpn_Jpan,232,2,13
jpn_Jpan,232,3,13
jpn_Jpan,232,4,52
jpn_Jpan,232,5,13
jpn_Jpan,232,6,12
jpn_Jpan,232,7,52
jpn_Jpan,232,8,47
jpn_Jpan,232,9,36
jpn_Jpan,232,10,24
jpn_Jpan,232,11,47
jpn_Jpan,232,12,13
jpn_Jpan,232,13,34
jpn_Jpan,232,14,13
jpn_Jpan,232,15,13
jpn_Jpan,232,16,36
jpn_Jpan,232,17,13
jpn_Jpan,232,18,13
jpn_Jpan,233,0,60
jpn_Jpan,233,1,47
jpn_Jpan,233,2,13
jpn_Jpan,233,3,13
jpn_Jpan,233,4,13
jpn_Jpan,233,5,1
jpn_Jpan,233,6,52
jpn_Jpan,233,7,13
jpn_Jpan,233,8,13
jpn_Jpan,233,9,47
jpn_Jpan,234,0,60
jpn_Jpan,234,1,36
jpn_Jpan,234,2,36
jpn_Jpan,234,3,13
jpn_Jpan,234,4,58
jpn_Jpan,234,5,58
jpn_Jpan,234,6,11
jpn_Jpan,234,7,9
jpn_Jpan,234,8,19
jpn_Jpan,234,9,36
jpn_Jpan,234,10,36
jpn_Jpan,234,11,61
jpn_Jpan,234,12,36
jpn_Jpan,234,13,52
jpn_Jpan,234,14,12
jpn_Jpan,234,15,36
jpn_Jpan,234,16,19
jpn_Jpan,234,17,36
jpn_Jpan,234,18,52
jpn_Jpan,234,19,19
jpn_Jpan,234,20,7
jpn_Jpan,234,21,24
jpn_Jpan,234,22,61
jpn_Jpan,234,23,61
jpn_Jpan,234,24,13
jpn_Jpan,234,25,13
jpn_Jpan,234,26,47
jpn_Jpan,234,27,19
jpn_Jpan,234,28,13
jpn_Jpan,234,29,13
jpn_Jpan,234,30,39
jpn_Jpan,234,31,12
jpn_Jpan,235,0,60
jpn_Jpan,235,1,13
jpn_Jpan,235,2,47
jpn_Jpan,235,3,39
jpn_Jpan,235,4,61
jpn_Jpan,235,5,13
jpn_Jpan,235,6,24
jpn_Jpan,235,7,13
jpn_Jpan,235,8,19
jpn_Jpan,235,9,13
jpn_Jpan,235,10,61
jpn_Jpan,235,11,13
jpn_Jpan,235,12,19
jpn_Jpan,235,13,13
jpn_Jpan,235,14,13
jpn_Jpan,235,15,19
jpn_Jpan,235,16,13
jpn_Jpan,235,17,13
jpn_Jpan,235,18,13
jpn_Jpan,235,19,13
jpn_Jpan,235,20,47
jpn_Jpan,235,21,19
jpn_Jpan,235,22,13
jpn_Jpan,235,23,13
jpn_Jpan,235,24,24
jpn_Jpan,235,25,13
jpn_Jpan,235,26,19
jpn_Jpan,235,27,13
jpn_Jpan,235,28,13
jpn_Jpan,235,29,13
jpn_Jpan,235,30,13
jpn_Jpan,235,31,12
jpn_Jpan,235,32,13
jpn_Jpan,235,33,13
jpn_Jpan,235,34,51
jpn_Jpan,235,35,24
jpn_Jpan,235,36,13
jpn_Jpan,235,37,13
jpn_Jpan,235,38,13
jpn_Jpan,235,39,39
jpn_Jpan,235,40,34
eng_Latn,236,0,60
eng_Latn,236,1,37
eng_Latn,236,2,57
eng_Latn,236,3,53
eng_Latn,236,4,3
eng_Latn,236,5,47
jpn_Jpan,237,0,60
jpn_Jpan,237,1,1
jpn_Jpan,237,2,52
jpn_Jpan,237,3,13
jpn_Jpan,237,4,24
jpn_Jpan,237,5,13
jpn_Jpan,237,6,13
jpn_Jpan,237,7,24
jpn_Jpan,237,8,52
jpn_Jpan,237,9,13
jpn_Jpan,237,10,13
jpn_Jpan,237,11,13
jpn_Jpan,237,12,24
jpn_Jpan,237,13,19
jpn_Jpan,237,14,13
jpn_Jpan,237,15,19
jpn_Jpan,237,16,13
jpn_Jpan,237,17,13
jpn_Jpan,237,18,13
jpn_Jpan,237,19,24
jpn_Jpan,237,20,19
jpn_Jpan,237,21,13
jpn_Jpan,237,22,19
jpn_Jpan,237,23,13
jpn_Jpan,237,24,34
jpn_Jpan,237,25,24
eng_Latn,238,0,60
eng_Latn,238,1,38
eng_Latn,238,2,15
eng_Latn,238,3,56
eng_Latn,238,4,32
eng_Latn,238,5,4
eng_Latn,238,6,18
eng_Latn,238,7,50
eng_Latn,238,8,49
eng_Latn,239,0,60
eng_Latn,239,1,9
eng_Latn,239,2,38
eng_Latn,239,3,15
eng_Latn,239,4,56
eng_Latn,239,5,63
eng_Latn,239,6,63
eng_Latn,239,7,37
eng_Latn,239,8,49
eng_Latn,239,9,63
eng_Latn,239,10,37
eng_Latn,240,0,60
eng_Latn,240,1,57
eng_Latn,240,2,57
eng_Latn,240,3,20
eng_Latn,240,4,56
eng_Latn,240,5,16
eng_Latn,240,6,14
eng_Latn,240,7,35
eng_Latn,240,8,63
jpn_Jpan,241,0,60
jpn_Jpan,241,1,24
jpn_Jpan,241,2,19
jpn_Jpan,241,3,13
jpn_Jpan,241,4,13
jpn_Jpan,241,5,13
jpn_Jpan,241,6,24
jpn_Jpan,241,7,13
jpn_Jpan,241,8,13
jpn_Jpan,241,9,13
jpn_Jpan,241,10,13
jpn_Jpan,241,11,51
jpn_Jpan,241,12,51
jpn_Jpan,242,0,60
jpn_Jpan,242,1,13
jpn_Jpan,242,2,13
jpn_Jpan,242,3,13
jpn_Jpan,242,4,12
jpn_Jpan,242,5,13
jpn_Jpan,242,6,13
jpn_Jpan,242,7,13
jpn_Jpan,242,8,39
jpn_Jpan,242,9,19
jpn_Jpan,242,10,13
jpn_Jpan,242,11,13
jpn_Jpan,242,12,13
eng_Latn,243,0,60
eng_Latn,243,1,13
eng_Latn,243,2,19
eng_Latn,243,3,19
eng_Latn,243,4,13
eng_Latn,243,5,11
eng_Latn,243,6,22
eng_Latn,243,7,49
eng_Latn,243,8,11
eng_Latn,243,9,54
eng_Latn,243,10,39
eng_Latn,244,0,60
eng_Latn,244,1,9
eng_Latn,244,2,38
eng_Latn,244,3,15
eng_Latn,244,4,56
eng_Latn,244,5,63
eng_Latn,244,6,14
eng_Latn,244,7,14
eng_Latn,244,8,40
eng_Latn,244,9,1
eng_Latn,245,0,60
eng_Latn,245,1,48
eng_Latn,245,2,56
eng_Latn,245,3,16
eng_Latn,245,4,16
eng_Latn,245,5,53
eng_Latn,245,6,1
eng_Latn,245,7,61
eng_Latn,245,8,49
eng_Latn,245,9,49
eng_Latn,246,0,60
eng_Latn,246,1,9
eng_Latn,246,2,56
eng_Latn,246,3,51
eng_Latn,246,4,31
eng_Latn,246,5,20
eng_Latn,246,6,41
eng_Latn,246,7,55
eng_Latn,246,8,57
eng_Latn,246,9,21
eng_Latn,246,10,16
jpn_Jpan,247,0,60
jpn_Jpan,247,1,13
jpn_Jpan,247,2,61
jpn_Jpan,247,3,13
jpn_Jpan,247,4,52
jpn_Jpan,247,5,24
jpn_Jpan,247,6,13
jpn_Jpan,247,7,19
jpn_Jpan,247,8,13
jpn_Jpan,247,9,13
jpn_Jpan,248,0,60
jpn_Jpan,248,1,13
jpn_Jpan,248,2,39
jpn_Jpan,248,3,7
jpn_Jpan,248,4,9
jpn_Jpan,248,5,13
jpn_Jpan,248,6,13
jpn_Jpan,248,7,13
jpn_Jpan,248,8,19
jpn_Jpan,248,9,13
jpn_Jpan,248,10,13
jpn_Jpan,248,11,39
jpn_Jpan,248,12,13
jpn_Jpan,248,13,13
jpn_Jpan,248,14,19
jpn_Jpan,248,15,13
jpn_Jpan,248,16,24
jpn_Jpan,248,17,13
jpn_Jpan,248,18,13
jpn_Jpan,248,19,39
jpn_Jpan,248,20,13
jpn_Jpan,248,21,58
jpn_Jpan,248,22,12
jpn_Jpan,248,23,61
eng_Latn,249,0,60
eng_Latn,249,1,20
eng_Latn,249,2,35
eng_Latn,249,3,63
eng_Latn,249,4,53
eng_Latn,249,5,35
eng_Latn,249,6,15
eng_Latn,250,0,60
eng_Latn,250,1,61
eng_Latn,250,2,21
eng_Latn,250,3,56
eng_Latn,250,4,51
eng_Latn,250,5,56
eng_Latn,250,6,46
eng_Latn,250,7,21
eng_Latn,251,0,60
eng_Latn,251,1,17
eng_Latn,251,2,9
eng_Latn,251,3,56
eng_Latn,251,4,54
eng_Latn,251,5,18
eng_Latn,251,6,9
eng_Latn,251,7,56
eng_Latn,251,8,16
eng_Latn,251,9,51
eng_Latn,252,0,60
eng_Latn,252,1,13
eng_Latn,252,2,13
eng_Latn,252,3,48
eng_Latn,252,4,56
eng_Latn,252,5,59
eng_Latn,252,6,15
eng_Latn,253,0,60
eng_Latn,253,1,23
eng_Latn,253,2,8
eng_Latn,253,3,15
eng_Latn,254,0,60
eng_Latn,254,1,35
eng_Latn,254,2,17
jpn_Jpan,255,0,60
jpn_Jpan,255,1,13
jpn_Jpan,255,2,36
jpn_Jpan,255,3,24
jpn_Jpan,255,4,13
jpn_Jpan,255,5,24
jpn_Jpan,255,6,24
jpn_Jpan,255,7,19
jpn_Jpan,255,8,13
jpn_Jpan,255,9,19
jpn_Jpan,255,10,13
jpn_Jpan,255,11,13
jpn_Jpan,255,12,24
jpn_Jpan,255,13,19
jpn_Jpan,255,14,13
jpn_Jpan,255,15,19
jpn_Jpan,255,16,13
jpn_Jpan,255,17,13
jpn_Jpan,255,18,24
jpn_Jpan,255,19,24
jpn_Jpan,255,20,13
jpn_Jpan,255,21,13
jpn_Jpan,255,22,24
jpn_Jpan,255,23,24
jpn_Jpan,255,24,19
jpn_Jpan,255,25,13
jpn_Jpan,255,26,13
jpn_Jpan,255,27,13
jpn_Jpan,255,28,13
jpn_Jpan,255,29,7
jpn_Jpan,255,30,13
jpn_Jpan,255,31,13
jpn_Jpan,255,32,13
jpn_Jpan,255,33,24
jpn_Jpan,255,34,13
jpn_Jpan,255,35,24
jpn_Jpan,255,36,24
jpn_Jpan,255,37,13
jpn_Jpan,255,38,34
jpn_Jpan,255,39,13
jpn_Jpan,255,40,51
jpn_Jpan,255,41,39
jpn_Jpan,255,42,13
jpn_Jpan,255,43,34
eng_Latn,256,0,60
eng_Latn,256,1,18
eng_Latn,256,2,14
eng_Latn,256,3,49
eng_Latn,256,4,49
eng_Latn,256,5,12
eng_Latn,256,6,61
eng_Latn,257,0,60
eng_Latn,257,1,40
eng_Latn,257,2,12
eng_Latn,257,3,22
eng_Latn,257,4,40
eng_Latn,257,5,49
eng_Latn,257,6,2
eng_Latn,257,7,37
eng_Latn,257,8,62
eng_Latn,257,9,37
eng_Latn,257,10,49
eng_Latn,257,11,49
eng_Latn,258,0,60
eng_Latn,258,1,57
eng_Latn,258,2,20
eng_Latn,258,3,1
eng_Latn,258,4,52
eng_Latn,259,0,60
eng_Latn,259,1,22
eng_Latn,259,2,18
eng_Latn,259,3,55
eng_Latn,259,4,46
eng_Latn,259,5,57
eng_Latn,259,6,55
eng_Latn,259,7,3
eng_Latn,259,8,57
eng_Latn,259,9,15
eng_Latn,260,0,60
eng_Latn,260,1,38
eng_Latn,260,2,38
eng_Latn,260,3,20
eng_Latn,260,4,40
eng_Latn,260,5,16
eng_Latn,260,6,57
eng_Latn,260,7,57
eng_Latn,261,0,60
eng_Latn,261,1,61
eng_Latn,261,2,50
eng_Latn,261,3,18
eng_Latn,261,4,21
eng_Latn,261,5,31
eng_Latn,261,6,21
eng_Latn,261,7,53
eng_Latn,261,8,63
eng_Latn,262,0,60
eng_Latn,262,1,0
eng_Latn,262,2,29
eng_Latn,262,3,34
eng_Latn,262,4,34
eng_Latn,263,0,60
eng_Latn,263,1,19
eng_Latn,263,2,19
eng_Latn,263,3,33
eng_Latn,263,4,56
eng_Latn,263,5,33
eng_Latn,264,0,60
eng_Latn,264,1,19
eng_Latn,264,2,46
eng_Latn,264,3,15
eng_Latn,264,4,56
eng_Latn,264,5,48
eng_Latn,264,6,53
eng_Latn,264,7,53
eng_Latn,265,0,60
eng_Latn,265,1,22
eng_Latn,265,2,22
eng_Latn,265,3,22
eng_Latn,265,4,42
eng_Latn,265,5,29
eng_Latn,265,6,34
eng_Latn,265,7,9
eng_Latn,265,8,22
eng_Latn,265,9,51
eng_Latn,266,0,60
eng_Latn,266,1,47
eng_Latn,266,2,1
eng_Latn,266,3,22
eng_Latn,266,4,60
eng_Latn,266,5,57
eng_Latn,266,6,40
eng_Latn,266,7,49
eng_Latn,266,8,60
eng_Latn,266,9,1
eng_Latn,266,10,52
eng_Latn,267,0,60
eng_Latn,267,1,57
eng_Latn,267,2,56
eng_Latn,267,3,63
eng_Latn,267,4,19
eng_Latn,268,0,60
eng_Latn,268,1,19
eng_Latn,268,2,56
eng_Latn,268,3,56
eng_Latn,268,4,16
eng_Latn,268,5,31
eng_Latn,268,6,24
eng_Latn,268,7,34
eng_Latn,269,0,60
eng_Latn,269,1,54
eng_Latn,269,2,56
eng_Latn,269,3,56
eng_Latn,269,4,19
eng_Latn,269,5,19
eng_Latn,269,6,16
eng_Latn,270,0,60
eng_Latn,270,1,4
eng_Latn,270,2,4
eng_Latn,270,3,20
eng_Latn,270,4,35
eng_Latn,270,5,57
eng_Latn,270,6,15
eng_Latn,270,7,1
eng_Latn,270,8,52
eng_Latn,271,0,60
eng_Latn,271,1,22
eng_Latn,271,2,34
eng_Latn,271,3,22
eng_Latn,271,4,38
eng_Latn,271,5,34
jpn_Jpan,272,0,60
jpn_Jpan,272,1,36
jpn_Jpan,272,2,24
jpn_Jpan,272,3,19
jpn_Jpan,272,4,13
jpn_Jpan,272,5,34
jpn_Jpan,272,6,36
jpn_Jpan,272,7,47
jpn_Jpan,272,8,13
jpn_Jpan,272,9,47
jpn_Jpan,272,10,36
jpn_Jpan,272,11,13
jpn_Jpan,272,12,34
jpn_Jpan,272,13,24
jpn_Jpan,272,14,24
jpn_Jpan,272,15,13
jpn_Jpan,272,16,19
jpn_Jpan,272,17,19
jpn_Jpan,272,18,13
jpn_Jpan,272,19,13
jpn_Jpan,272,20,13
jpn_Jpan,272,21,13
jpn_Jpan,272,22,13
jpn_Jpan,272,23,36
jpn_Jpan,272,24,19
jpn_Jpan,272,25,13
jpn_Jpan,272,26,13
jpn_Jpan,272,27,36
jpn_Jpan,272,28,13
jpn_Jpan,272,29,19
jpn_Jpan,272,30,34
jpn_Jpan,272,31,13
jpn_Jpan,272,32,34
eng_Latn,273,0,60
eng_Latn,273,1,51
eng_Latn,273,2,34
eng_Latn,273,3,54
eng_Latn,273,4,9
eng_Latn,273,5,17
eng_Latn,273,6,20
eng_Latn,273,7,62
eng_Latn,273,8,34
eng_Latn,274,0,60
eng_Latn,274,1,35
eng_Latn,274,2,56
eng_Latn,274,3,56
eng_Latn,275,0,60
eng_Latn,275,1,47
eng_Latn,275,2,27
eng_Latn,275,3,26
eng_Latn,275,4,5
eng_Latn,275,5,3
eng_Latn,275,6,40
eng_Latn,275,7,26
eng_Latn,276,0,60
eng_Latn,276,1,45
eng_Latn,276,2,18
eng_Latn,276,3,21
eng_Latn,276,4,31
eng_Latn,276,5,3
eng_Latn,276,6,46
eng_Latn,277,0,60
eng_Latn,277,1,22
eng_Latn,277,2,52
eng_Latn,277,3,46
eng_Latn,277,4,3
eng_Latn,277,5,57
eng_Latn,277,6,49
eng_Latn,278,0,60
eng_Latn,278,1,12
eng_Latn,278,2,42
eng_Latn,278,3,22
eng_Latn,278,4,27
eng_Latn,278,5,49
eng_Latn,278,6,9
eng_Latn,278,7,40
jpn_Jpan,279,0,60
jpn_Jpan,279,1,19
jpn_Jpan,279,2,13
jpn_Jpan,279,3,39
jpn_Jpan,279,4,13
jpn_Jpan,279,5,24
jpn_Jpan,279,6,13
jpn_Jpan,279,7,19
jpn_Jpan,279,8,13
jpn_Jpan,279,9,24
jpn_Jpan,279,10,19
jpn_Jpan,279,11,13
jpn_Jpan,279,12,24
jpn_Jpan,279,13,13
jpn_Jpan,279,14,61
jpn_Jpan,279,15,39
jpn_Jpan,279,16,24
jpn_Jpan,279,17,13
jpn_Jpan,279,18,13
jpn_Jpan,279,19,13
jpn_Jpan,279,20,36
jpn_Jpan,279,21,1
jpn_Jpan,279,22,7
jpn_Jpan,279,23,13
jpn_Jpan,279,24,24
jpn_Jpan,279,25,13
jpn_Jpan,279,26,36
jpn_Jpan,279,27,24
jpn_Jpan,279,28,13
jpn_Jpan,279,29,13
jpn_Jpan,279,30,13
jpn_Jpan,279,31,39
jpn_Jpan,279,32,39
jpn_Jpan,279,33,39
jpn_Jpan,279,34,39
jpn_Jpan,279,35,13
jpn_Jpan,279,36,61
jpn_Jpan,279,37,13
jpn_Jpan,279,38,13
jpn_Jpan,279,39,24
jpn_Jpan,279,40,52
jpn_Jpan,279,41,13
jpn_Jpan,279,42,24
jpn_Jpan,279,43,52
jpn_Jpan,279,44,13
jpn_Jpan,279,45,19
jpn_Jpan,279,46,13
jpn_Jpan,279,47,13
eng_Latn,280,0,60
eng_Latn,280,1,9
eng_Latn,280,2,1
eng_Latn,280,3,57
eng_Latn,280,4,49
eng_Latn,280,5,9
eng_Latn,280,6,22
eng_Latn,280,7,19
eng_Latn,280,8,19
eng_Latn,280,9,63
eng_Latn,280,10,11
eng_Latn,280,11,40
eng_Latn,280,12,40
eng_Latn,280,13,49
eng_Latn,280,14,12
eng_Latn,280,15,47
eng_Latn,281,0,60
eng_Latn,281,1,50
eng_Latn,281,2,16
eng_Latn,281,3,38
eng_Latn,281,4,16
eng_Latn,282,0,60
eng_Latn,282,1,45
eng_Latn,282,2,38
eng_Latn,282,3,61
eng_Latn,282,4,61
eng_Latn,282,5,40
eng_Latn,282,6,53
eng_Latn,282,7,57
eng_Latn,282,8,49
eng_Latn,282,9,5
eng_Latn,282,10,26
eng_Latn,283,0,60
eng_Latn,283,1,40
eng_Latn,283,2,19
eng_Latn,283,3,7
eng_Latn,283,4,52
eng_Latn,283,5,1
eng_Latn,283,6,52
eng_Latn,283,7,37
eng_Latn,283,8,1
eng_Latn,283,9,9
eng_Latn,283,10,1
eng_Latn,284,0,60
eng_Latn,284,1,54
eng_Latn,284,2,18
eng_Latn,284,3,18
eng_Latn,284,4,18
eng_Latn,284,5,16
eng_Latn,284,6,16
eng_Latn,284,7,34
eng_Latn,285,0,60
eng_Latn,285,1,7
eng_Latn,285,2,12
eng_Latn,285,3,19
eng_Latn,285,4,49
eng_Latn,286,0,60
eng_Latn,286,1,22
eng_Latn,286,2,49
eng_Latn,286,3,16
eng_Latn,286,4,38
eng_Latn,286,5,16
eng_Latn,286,6,53
eng_Latn,286,7,19
eng_Latn,287,0,60
eng_Latn,287,1,18
eng_Latn,287,2,61
eng_Latn,287,3,16
eng_Latn,287,4,18
eng_Latn,287,5,20
eng_Latn,287,6,30
eng_Latn,287,7,57
eng_Latn,287,8,20
eng_Latn,287,9,19
eng_Latn,287,10,51
eng_Latn,288,0,60
eng_Latn,288,1,39
eng_Latn,288,2,5
eng_Latn,288,3,35
eng_Latn,288,4,18
eng_Latn,288,5,14
eng_Latn,288,6,18
eng_Latn,288,7,14
eng_Latn,288,8,14
eng_Latn,288,9,47
eng_Latn,289,0,60
eng_Latn,289,1,45
eng_Latn,289,2,18
eng_Latn,289,3,9
eng_Latn,289,4,56
eng_Latn,289,5,57
eng_Latn,289,6,24
eng_Latn,289,7,57
eng_Latn,290,0,60
eng_Latn,290,1,47
eng_Latn,290,2,39
eng_Latn,290,3,46
eng_Latn,290,4,15
eng_Latn,290,5,56
eng_Latn,290,6,35
eng_Latn,290,7,44
eng_Latn,290,8,37
eng_Latn,290,9,37
eng_Latn,290,10,49
eng_Latn,291,0,60
eng_Latn,291,1,22
eng_Latn,292,0,60
eng_Latn,292,1,8
eng_Latn,292,2,37
eng_Latn,292,3,37
eng_Latn,292,4,37
eng_Latn,293,0,60
eng_Latn,293,1,57
eng_Latn,293,2,37
eng_Latn,293,3,37
eng_Latn,293,4,37
eng_Latn,293,5,37
eng_Latn,293,6,52
eng_Latn,294,0,60
eng_Latn,294,1,40
eng_Latn,294,2,40
eng_Latn,294,3,10
eng_Latn,294,4,56
eng_Latn,294,5,35
eng_Latn,294,6,56
eng_Latn,294,7,54
eng_Latn,294,8,19
eng_Latn,294,9,44
jpn_Jpan,295,0,60
jpn_Jpan,295,1,13
jpn_Jpan,295,2,13
jpn_Jpan,295,3,19
jpn_Jpan,295,4,13
jpn_Jpan,295,5,13
jpn_Jpan,295,6,19
jpn_Jpan,295,7,19
jpn_Jpan,295,8,39
jpn_Jpan,295,9,13
jpn_Jpan,295,10,24
jpn_Jpan,295,11,19
jpn_Jpan,295,12,13
jpn_Jpan,295,13,61
jpn_Jpan,295,14,13
jpn_Jpan,295,15,13
jpn_Jpan,295,16,19
jpn_Jpan,295,17,39
jpn_Jpan,295,18,24
jpn_Jpan,295,19,19
jpn_Jpan,295,20,36
jpn_Jpan,295,21,13
jpn_Jpan,295,22,24
jpn_Jpan,295,23,13
jpn_Jpan,295,24,13
jpn_Jpan,295,25,13
jpn_Jpan,295,26,13
jpn_Jpan,295,27,13
jpn_Jpan,295,28,13
jpn_Jpan,295,29,13
jpn_Jpan,295,30,13
jpn_Jpan,295,31,19
jpn_Jpan,295,32,13
jpn_Jpan,295,33,13
jpn_Jpan,295,34,34
jpn_Jpan,295,35,24
jpn_Jpan,295,36,24
jpn_Jpan,295,37,13
jpn_Jpan,295,38,47
jpn_Jpan,295,39,13
jpn_Jpan,295,40,13
jpn_Jpan,295,41,19
jpn_Jpan,295,42,13
jpn_Jpan,295,43,13
jpn_Jpan,295,44,61
jpn_Jpan,295,45,13
jpn_Jpan,295,46,13
jpn_Jpan,295,47,34
jpn_Jpan,295,48,24
jpn_Jpan,295,49,13
jpn_Jpan,295,50,34
jpn_Jpan,295,51,34
eng_Latn,296,0,60
eng_Latn,296,1,49
eng_Latn,296,2,56
eng_Latn,296,3,16
eng_Latn,296,4,20
eng_Latn,296,5,3
eng_Latn,296,6,3
eng_Latn,296,7,15
eng_Latn,296,8,20
eng_Latn,296,9,51
eng_Latn,297,0,60
eng_Latn,297,1,46
eng_Latn,297,2,56
eng_Latn,297,3,16
eng_Latn,297,4,20
eng_Latn,297,5,14
eng_Latn,297,6,47
eng_Latn,298,0,60
eng_Latn,298,1,52
eng_Latn,298,2,52
eng_Latn,298,3,34
eng_Latn,298,4,20
eng_Latn,298,5,46
eng_Latn,298,6,34
eng_Latn,298,7,46
eng_Latn,298,8,53
eng_Latn,299,0,60
eng_Latn,299,1,57
eng_Latn,299,2,37
eng_Latn,299,3,19
eng_Latn,299,4,15
eng_Latn,300,0,60
eng_Latn,300,1,54
eng_Latn,300,2,15
eng_Latn,300,3,53
eng_Latn,300,4,41
eng_Latn,300,5,17
eng_Latn,301,0,60
eng_Latn,301,1,54
eng_Latn,301,2,46
eng_Latn,301,3,34
eng_Latn,302,0,60
eng_Latn,302,1,40
eng_Latn,302,2,26
eng_Latn,302,3,47
eng_Latn,302,4,49
eng_Latn,302,5,5
eng_Latn,302,6,5
eng_Latn,302,7,40
eng_Latn,302,8,26
eng_Latn,303,0,60
eng_Latn,303,1,56
eng_Latn,303,2,56
eng_Latn,303,3,38
eng_Latn,303,4,57
eng_Latn,303,5,20
eng_Latn,303,6,46
eng_Latn,303,7,15
eng_Latn,304,0,60
eng_Latn,304,1,42
eng_Latn,304,2,18
eng_Latn,304,3,16
eng_Latn,304,4,54
eng_Latn,304,5,63
eng_Latn,304,6,30
eng_Latn,304,7,37
eng_Latn,304,8,47
jpn_Jpan,305,0,60
jpn_Jpan,305,1,19
jpn_Jpan,305,2,13
jpn_Jpan,305,3,36
jpn_Jpan,305,4,19
jpn_Jpan,305,5,13
jpn_Jpan,305,6,24
jpn_Jpan,305,7,47
jpn_Jpan,305,8,13
jpn_Jpan,305,9,24
jpn_Jpan,305,10,24
jpn_Jpan,305,11,13
jpn_Jpan,305,12,24
jpn_Jpan,305,13,24
jpn_Jpan,305,14,19
jpn_Jpan,305,15,13
jpn_Jpan,305,16,13
jpn_Jpan,305,17,39
jpn_Jpan,305,18,19
jpn_Jpan,305,19,13
jpn_Jpan,305,20,13
jpn_Jpan,305,21,24
jpn_Jpan,305,22,13
jpn_Jpan,305,23,13
jpn_Jpan,305,24,13
jpn_Jpan,305,25,13
jpn_Jpan,305,26,24
jpn_Jpan,305,27,13
jpn_Jpan,305,28,13
jpn_Jpan,305,29,34
jpn_Jpan,305,30,34
jpn_Jpan,305,31,51
jpn_Jpan,306,0,60
jpn_Jpan,306,1,24
jpn_Jpan,306,2,13
jpn_Jpan,306,3,24
jpn_Jpan,306,4,13
jpn_Jpan,306,5,13
jpn_Jpan,306,6,19
jpn_Jpan,306,7,13
jpn_Jpan,306,8,24
jpn_Jpan,306,9,13
jpn_Jpan,306,10,13
jpn_Jpan,306,11,13
jpn_Jpan,306,12,34
eng_Latn,307,0,60
eng_Latn,307,1,27
eng_Latn,307,2,27
eng_Latn,307,3,53
eng_Latn,307,4,49
eng_Latn,307,5,49
eng_Latn,308,0,60
eng_Latn,308,1,22
eng_Latn,308,2,40
eng_Latn,309,0,60
eng_Latn,309,1,52
eng_Latn,309,2,57
eng_Latn,309,3,37
eng_Latn,309,4,39
eng_Latn,309,5,3
eng_Latn,309,6,22
eng_Latn,309,7,3
eng_Latn,310,0,60
eng_Latn,310,1,51
eng_Latn,310,2,18
eng_Latn,310,3,18
eng_Latn,310,4,21
eng_Latn,310,5,16
eng_Latn,310,6,54
eng_Latn,310,7,52
eng_Latn,310,8,52
eng_Latn,310,9,52
eng_Latn,310,10,37
eng_Latn,310,11,49
eng_Latn,311,0,60
eng_Latn,311,1,50
eng_Latn,311,2,16
eng_Latn,312,0,60
eng_Latn,312,1,19
eng_Latn,312,2,56
eng_Latn,312,3,57
eng_Latn,313,0,60
eng_Latn,313,1,11
eng_Latn,313,2,22
eng_Latn,313,3,63
eng_Latn,313,4,60
eng_Latn,313,5,14
eng_Latn,313,6,40
eng_Latn,313,7,60
eng_Latn,314,0,60
eng_Latn,314,1,20
eng_Latn,314,2,34
eng_Latn,314,3,0
eng_Latn,314,4,53
eng_Latn,314,5,3
eng_Latn,314,6,46
eng_Latn,314,7,51
eng_Latn,315,0,60
eng_Latn,315,1,45
eng_Latn,315,2,42
eng_Latn,315,3,23
eng_Latn,315,4,57
eng_Latn,315,5,54
eng_Latn,315,6,34
eng_Latn,316,0,60
eng_Latn,316,1,19
eng_Latn,316,2,22
eng_Latn,316,3,20
eng_Latn,316,4,38
eng_Latn,316,5,46
eng_Latn,316,6,54
eng_Latn,316,7,16
eng_Latn,316,8,16
jpn_Jpan,317,0,60
jpn_Jpan,317,1,19
jpn_Jpan,317,2,13
jpn_Jpan,317,3,36
jpn_Jpan,317,4,9
jpn_Jpan,317,5,24
jpn_Jpan,317,6,9
jpn_Jpan,317,7,9
jpn_Jpan,317,8,9
jpn_Jpan,317,9,9
jpn_Jpan,317,10,11
jpn_Jpan,317,11,13
jpn_Jpan,317,12,19
jpn_Jpan,317,13,13
jpn_Jpan,317,14,13
jpn_Jpan,317,15,11
jpn_Jpan,317,16,52
jpn_Jpan,317,17,1
jpn_Jpan,317,18,52
jpn_Jpan,317,19,24
jpn_Jpan,317,20,13
jpn_Jpan,317,21,19
jpn_Jpan,317,22,34
jpn_Jpan,317,23,24
jpn_Jpan,317,24,19
jpn_Jpan,317,25,13
jpn_Jpan,317,26,19
jpn_Jpan,317,27,24
jpn_Jpan,317,28,13
jpn_Jpan,317,29,19
jpn_Jpan,317,30,13
jpn_Jpan,317,31,13
jpn_Jpan,317,32,13
jpn_Jpan,317,33,13
jpn_Jpan,317,34,24
jpn_Jpan,317,35,24
jpn_Jpan,317,36,19
jpn_Jpan,317,37,13
jpn_Jpan,317,38,36
jpn_Jpan,317,39,13
jpn_Jpan,317,40,13
jpn_Jpan,317,41,36
jpn_Jpan,317,42,58
jpn_Jpan,317,43,12
jpn_Jpan,317,44,39
jpn_Jpan,317,45,39
jpn_Jpan,317,46,39
eng_Latn,318,0,60
eng_Latn,318,1,38
eng_Latn,318,2,18
eng_Latn,318,3,53
eng_Latn,318,4,20
eng_Latn,318,5,26
eng_Latn,318,6,40
eng_Latn,318,7,18
jpn_Jpan,319,0,60
jpn_Jpan,319,1,7
jpn_Jpan,319,2,7
jpn_Jpan,319,3,24
jpn_Jpan,319,4,1
jpn_Jpan,319,5,19
jpn_Jpan,319,6,13
jpn_Jpan,319,7,61
jpn_Jpan,319,8,19
jpn_Jpan,319,9,34
jpn_Jpan,319,10,13
jpn_Jpan,319,11,34
jpn_Jpan,319,12,34
jpn_Jpan,320,0,60
jpn_Jpan,320,1,61
jpn_Jpan,320,2,7
jpn_Jpan,320,3,9
jpn_Jpan,320,4,34
eng_Latn,321,0,60
eng_Latn,321,1,22
eng_Latn,321,2,16
eng_Latn,321,3,20
eng_Latn,321,4,41
eng_Latn,321,5,34
eng_Latn,321,6,34
eng_Latn,322,0,60
eng_Latn,322,1,22
eng_Latn,322,2,42
eng_Latn,322,3,26
eng_Latn,322,4,14
eng_Latn,322,5,40
eng_Latn,322,6,33
eng_Latn,322,7,40
eng_Latn,322,8,33
jpn_Jpan,323,0,60
jpn_Jpan,323,1,36
jpn_Jpan,323,2,61
jpn_Jpan,323,3,13
jpn_Jpan,323,4,24
jpn_Jpan,323,5,19
jpn_Jpan,323,6,13
jpn_Jpan,323,7,24
jpn_Jpan,323,8,1
jpn_Jpan,323,9,13
jpn_Jpan,323,10,47
jpn_Jpan,323,11,13
jpn_Jpan,323,12,61
jpn_Jpan,323,13,13
jpn_Jpan,323,14,24
jpn_Jpan,323,15,47
jpn_Jpan,323,16,13
jpn_Jpan,323,17,26
jpn_Jpan,323,18,19
jpn_Jpan,323,19,13
jpn_Jpan,323,20,24
jpn_Jpan,323,21,13
jpn_Jpan,323,22,13
jpn_Jpan,323,23,13
jpn_Jpan,323,24,29
jpn_Jpan,323,25,13
jpn_Jpan,323,26,19
jpn_Jpan,323,27,13
jpn_Jpan,323,28,24
jpn_Jpan,323,29,13
eng_Latn,324,0,60
eng_Latn,324,1,35
eng_Latn,324,2,63
eng_Latn,324,3,63
eng_Latn,324,4,19
eng_Latn,325,0,60
eng_Latn,325,1,20
eng_Latn,325,2,41
eng_Latn,325,3,16
eng_Latn,325,4,45
eng_Latn,325,5,18
eng_Latn,325,6,56
eng_Latn,325,7,16
eng_Latn,325,8,20
eng_Latn,325,9,34
jpn_Jpan,326,0,60
jpn_Jpan,326,1,11
jpn_Jpan,326,2,19
jpn_Jpan,326,3,13
jpn_Jpan,326,4,13
jpn_Jpan,326,5,13
jpn_Jpan,326,6,24
jpn_Jpan,326,7,47
jpn_Jpan,326,8,19
jpn_Jpan,326,9,13
jpn_Jpan,326,10,13
jpn_Jpan,326,11,19
jpn_Jpan,326,12,13
jpn_Jpan,326,13,19
jpn_Jpan,326,14,34
jpn_Jpan,326,15,12
jpn_Jpan,326,16,19
jpn_Jpan,326,17,36
jpn_Jpan,326,18,51
jpn_Jpan,326,19,24
jpn_Jpan,326,20,19
jpn_Jpan,326,21,13
jpn_Jpan,326,22,13
jpn_Jpan,326,23,24
jpn_Jpan,326,24,47
jpn_Jpan,326,25,13
jpn_Jpan,326,26,24
jpn_Jpan,326,27,13
jpn_Jpan,326,28,19
jpn_Jpan,326,29,13
jpn_Jpan,326,30,24
jpn_Jpan,326,31,13
jpn_Jpan,326,32,13
jpn_Jpan,326,33,7
jpn_Jpan,326,34,24
jpn_Jpan,326,35,13
jpn_Jpan,326,36,13
jpn_Jpan,326,37,13
jpn_Jpan,326,38,13
jpn_Jpan,326,39,13
jpn_Jpan,326,40,34
jpn_Jpan,326,41,39
jpn_Jpan,326,42,13
jpn_Jpan,326,43,13
jpn_Jpan,326,44,51
jpn_Jpan,326,45,51
eng_Latn,327,0,60
eng_Latn,327,1,29
eng_Latn,327,2,56
eng_Latn,327,3,51
eng_Latn,327,4,45
eng_Latn,327,5,38
eng_Latn,327,6,33
eng_Latn,327,7,33
eng_Latn,327,8,1
eng_Latn,328,0,60
eng_Latn,328,1,13
eng_Latn,328,2,13
eng_Latn,328,3,13
eng_Latn,328,4,5
eng_Latn,328,5,7
eng_Latn,329,0,60
eng_Latn,329,1,37
eng_Latn,329,2,14
eng_Latn,329,3,19
eng_Latn,330,0,60
eng_Latn,330,1,54
eng_Latn,330,2,18
eng_Latn,330,3,20
eng_Latn,330,4,41
eng_Latn,330,5,51
eng_Latn,330,6,24
eng_Latn,330,7,39
eng_Latn,331,0,60
eng_Latn,331,1,35
eng_Latn,331,2,54
eng_Latn,331,3,0
eng_Latn,331,4,9
eng_Latn,331,5,56
eng_Latn,331,6,38
eng_Latn,331,7,57
eng_Latn,332,0,60
eng_Latn,332,1,56
eng_Latn,332,2,56
eng_Latn,332,3,16
eng_Latn,332,4,53
eng_Latn,332,5,34
eng_Latn,332,6,57
eng_Latn,332,7,51
eng_Latn,333,0,60
eng_Latn,333,1,15
eng_Latn,333,2,16
eng_Latn,334,0,60
eng_Latn,334,1,19
eng_Latn,334,2,13
eng_Latn,334,3,54
eng_Latn,334,4,19
eng_Latn,334,5,13
eng_Latn,335,0,60
eng_Latn,335,1,9
eng_Latn,335,2,17
eng_Latn,335,3,21
eng_Latn,335,4,51
jpn_Jpan,336,0,60
jpn_Jpan,336,1,13
jpn_Jpan,336,2,39
jpn_Jpan,336,3,13
jpn_Jpan,336,4,47
jpn_Jpan,336,5,39
jpn_Jpan,336,6,61
jpn_Jpan,336,7,7
jpn_Jpan,336,8,24
jpn_Jpan,336,9,19
jpn_Jpan,336,10,13
jpn_Jpan,336,11,24
jpn_Jpan,336,12,47
jpn_Jpan,336,13,61
jpn_Jpan,336,14,34
eng_Latn,337,0,60
eng_Latn,337,1,49
eng_Latn,337,2,5
eng_Latn,337,3,47
eng_Latn,338,0,60
eng_Latn,338,1,45
eng_Latn,338,2,46
eng_Latn,338,3,47
eng_Latn,338,4,23
eng_Latn,338,5,54
eng_Latn,338,6,63
eng_Latn,339,0,60
eng_Latn,339,1,31
eng_Latn,339,2,9
eng_Latn,339,3,18
eng_Latn,339,4,34
eng_Latn,339,5,18
eng_Latn,339,6,20
eng_Latn,339,7,41
eng_Latn,339,8,34
eng_Latn,339,9,18
eng_Latn,339,10,34
eng_Latn,340,0,60
eng_Latn,340,1,56
eng_Latn,340,2,54
eng_Latn,340,3,38
eng_Latn,340,4,15
eng_Latn,340,5,48
eng_Latn,340,6,17
eng_Latn,340,7,48
eng_Latn,340,8,56
eng_Latn,340,9,16
eng_Latn,341,0,60
eng_Latn,341,1,22
eng_Latn,341,2,26
eng_Latn,341,3,26
eng_Latn,342,0,60
eng_Latn,342,1,46
eng_Latn,342,2,46
eng_Latn,342,3,24
eng_Latn,342,4,61
eng_Latn,342,5,57
eng_Latn,342,6,50
eng_Latn,342,7,50
eng_Latn,342,8,4
eng_Latn,342,9,4
eng_Latn,342,10,22
eng_Latn,342,11,51
eng_Latn,343,0,60
eng_Latn,343,1,9
eng_Latn,343,2,56
eng_Latn,343,3,54
eng_Latn,343,4,18
eng_Latn,343,5,20
eng_Latn,343,6,31
eng_Latn,344,0,60
eng_Latn,344,1,18
eng_Latn,344,2,20
eng_Latn,344,3,16
eng_Latn,344,4,31
eng_Latn,344,5,53
eng_Latn,344,6,20
eng_Latn,344,7,16
eng_Latn,345,0,60
eng_Latn,345,1,29
eng_Latn,345,2,38
eng_Latn,345,3,34
eng_Latn,345,4,18
eng_Latn,345,5,20
eng_Latn,345,6,16
eng_Latn,345,7,20
eng_Latn,345,8,34
eng_Latn,346,0,60
eng_Latn,346,1,37
eng_Latn,346,2,45
eng_Latn,346,3,45
eng_Latn,346,4,45
eng_Latn,346,5,52
eng_Latn,346,6,18
eng_Latn,346,7,14
eng_Latn,346,8,3
eng_Latn,346,9,63
eng_Latn,347,0,60
eng_Latn,347,1,19
eng_Latn,347,2,4
eng_Latn,347,3,21
eng_Latn,347,4,21
eng_Latn,347,5,20
eng_Latn,347,6,37
eng_Latn,347,7,34
eng_Latn,347,8,34
eng_Latn,348,0,60
eng_Latn,348,1,53
eng_Latn,348,2,37
eng_Latn,348,3,40
eng_Latn,348,4,40
eng_Latn,348,5,49
eng_Latn,348,6,53
eng_Latn,348,7,40
eng_Latn,348,8,5
eng_Latn,348,9,49
jpn_Jpan,349,0,60
jpn_Jpan,349,1,9
jpn_Jpan,349,2,39
jpn_Jpan,349,3,39
jpn_Jpan,349,4,7
jpn_Jpan,349,5,13
jpn_Jpan,349,6,12
jpn_Jpan,349,7,13
jpn_Jpan,349,8,19
jpn_Jpan,349,9,13
jpn_Jpan,349,10,37
jpn_Jpan,349,11,52
jpn_Jpan,349,12,52
jpn_Jpan,349,13,13
jpn_Jpan,349,14,13
jpn_Jpan,349,15,13
jpn_Jpan,349,16,13
jpn_Jpan,349,17,13
jpn_Jpan,349,18,13
jpn_Jpan,349,19,13
jpn_Jpan,349,20,61
jpn_Jpan,349,21,13
jpn_Jpan,349,22,61
jpn_Jpan,349,23,13
jpn_Jpan,349,24,39
jpn_Jpan,349,25,24
jpn_Jpan,349,26,24
jpn_Jpan,349,27,13
jpn_Jpan,349,28,13
jpn_Jpan,349,29,13
jpn_Jpan,349,30,19
jpn_Jpan,349,31,13
jpn_Jpan,349,32,13
jpn_Jpan,349,33,47
jpn_Jpan,349,34,1
jpn_Jpan,349,35,19
jpn_Jpan,349,36,13
eng_Latn,350,0,60
eng_Latn,350,1,9
eng_Latn,350,2,22
eng_Latn,350,3,35
eng_Latn,350,4,15
eng_Latn,350,5,33
eng_Latn,350,6,33
eng_Latn,350,7,57
eng_Latn,351,0,60
eng_Latn,351,1,30
eng_Latn,351,2,24
eng_Latn,351,3,45
eng_Latn,351,4,1
eng_Latn,351,5,1
eng_Latn,351,6,52
eng_Latn,352,0,60
eng_Latn,352,1,22
eng_Latn,352,2,52
eng_Latn,352,3,37
eng_Latn,352,4,22
jpn_Jpan,353,0,60
jpn_Jpan,353,1,61
jpn_Jpan,353,2,13
jpn_Jpan,353,3,24
jpn_Jpan,353,4,61
jpn_Jpan,353,5,13
jpn_Jpan,353,6,13
jpn_Jpan,353,7,13
jpn_Jpan,353,8,47
jpn_Jpan,353,9,13
jpn_Jpan,353,10,19
jpn_Jpan,353,11,13
jpn_Jpan,353,12,13
jpn_Jpan,353,13,13
jpn_Jpan,353,14,13
jpn_Jpan,353,15,13
jpn_Jpan,353,16,13
jpn_Jpan,353,17,24
jpn_Jpan,353,18,19
jpn_Jpan,353,19,13
jpn_Jpan,353,20,19
jpn_Jpan,353,21,13
jpn_Jpan,353,22,13
jpn_Jpan,353,23,24
jpn_Jpan,353,24,58
jpn_Jpan,353,25,12
jpn_Jpan,353,26,47
jpn_Jpan,353,27,40
eng_Latn,354,0,60
eng_Latn,354,1,48
eng_Latn,354,2,56
eng_Latn,354,3,63
eng_Latn,354,4,33
eng_Latn,354,5,24
eng_Latn,354,6,19
eng_Latn,354,7,25
eng_Latn,354,8,7
eng_Latn,354,9,63
jpn_Jpan,355,0,60
jpn_Jpan,355,1,13
jpn_Jpan,355,2,13
jpn_Jpan,355,3,13
jpn_Jpan,355,4,1
jpn_Jpan,355,5,13
jpn_Jpan,355,6,13
jpn_Jpan,355,7,13
jpn_Jpan,355,8,47
jpn_Jpan,355,9,39
jpn_Jpan,355,10,36
jpn_Jpan,355,11,24
jpn_Jpan,355,12,52
jpn_Jpan,355,13,47
jpn_Jpan,355,14,13
jpn_Jpan,355,15,61
jpn_Jpan,355,16,13
jpn_Jpan,355,17,24
jpn_Jpan,355,18,13
jpn_Jpan,355,19,61
jpn_Jpan,355,20,34
jpn_Jpan,355,21,13
jpn_Jpan,355,22,13
jpn_Jpan,355,23,52
jpn_Jpan,355,24,52
jpn_Jpan,355,25,52
jpn_Jpan,355,26,13
jpn_Jpan,355,27,24
jpn_Jpan,355,28,61
jpn_Jpan,355,29,13
jpn_Jpan,355,30,34
jpn_Jpan,355,31,13
jpn_Jpan,355,32,24
jpn_Jpan,355,33,13
jpn_Jpan,355,34,47
jpn_Jpan,355,35,19
jpn_Jpan,355,36,24
jpn_Jpan,355,37,19
jpn_Jpan,355,38,13
jpn_Jpan,355,39,47
jpn_Jpan,355,40,13
jpn_Jpan,355,41,13
jpn_Jpan,355,42,24
jpn_Jpan,355,43,13
jpn_Jpan,355,44,47
jpn_Jpan,355,45,13
jpn_Jpan,355,46,19
jpn_Jpan,355,47,13
jpn_Jpan,355,48,19
jpn_Jpan,355,49,13
jpn_Jpan,355,50,13
eng_Latn,356,0,60
eng_Latn,356,1,48
eng_Latn,356,2,18
eng_Latn,356,3,56
eng_Latn,356,4,35
eng_Latn,356,5,46
eng_Latn,356,6,48
eng_Latn,356,7,54
eng_Latn,357,0,60
eng_Latn,357,1,9
eng_Latn,357,2,58
eng_Latn,357,3,52
eng_Latn,357,4,9
eng_Latn,357,5,19
eng_Latn,357,6,39
eng_Latn,357,7,5
eng_Latn,357,8,1
jpn_Jpan,358,0,60
jpn_Jpan,358,1,13
jpn_Jpan,358,2,29
jpn_Jpan,358,3,13
jpn_Jpan,358,4,61
jpn_Jpan,358,5,13
jpn_Jpan,358,6,13
jpn_Jpan,358,7,13
jpn_Jpan,358,8,13
jpn_Jpan,358,9,24
jpn_Jpan,358,10,28
jpn_Jpan,358,11,13
jpn_Jpan,358,12,24
jpn_Jpan,358,13,13
jpn_Jpan,358,14,19
jpn_Jpan,358,15,36
jpn_Jpan,358,16,24
jpn_Jpan,358,17,13
jpn_Jpan,358,18,39
jpn_Jpan,358,19,13
jpn_Jpan,358,20,13
jpn_Jpan,358,21,36
jpn_Jpan,358,22,24
jpn_Jpan,358,23,61
jpn_Jpan,358,24,13
jpn_Jpan,358,25,13
jpn_Jpan,358,26,13
jpn_Jpan,358,27,34
jpn_Jpan,358,28,13
jpn_Jpan,358,29,51
jpn_Jpan,358,30,13
jpn_Jpan,358,31,13
jpn_Jpan,358,32,34
eng_Latn,359,0,60
eng_Latn,359,1,22
eng_Latn,359,2,9
eng_Latn,359,3,9
eng_Latn,359,4,47
eng_Latn,359,5,22
eng_Latn,359,6,46
eng_Latn,359,7,9
eng_Latn,359,8,9
eng_Latn,359,9,22
eng_Latn,359,10,9
eng_Latn,359,11,29
eng_Latn,359,12,31
eng_Latn,359,13,16
eng_Latn,359,14,19
eng_Latn,360,0,60
eng_Latn,360,1,11
eng_Latn,360,2,40
eng_Latn,360,3,40
eng_Latn,360,4,49
eng_Latn,360,5,9
eng_Latn,360,6,11
eng_Latn,360,7,60
eng_Latn,360,8,19
eng_Latn,360,9,22
eng_Latn,361,0,60
eng_Latn,361,1,12
eng_Latn,361,2,42
eng_Latn,361,3,19
eng_Latn,361,4,22
eng_Latn,361,5,49
eng_Latn,361,6,9
eng_Latn,361,7,19
eng_Latn,361,8,8
jpn_Jpan,362,0,60
jpn_Jpan,362,1,36
jpn_Jpan,362,2,13
jpn_Jpan,362,3,36
jpn_Jpan,362,4,24
jpn_Jpan,362,5,47
jpn_Jpan,362,6,13
jpn_Jpan,362,7,39
jpn_Jpan,362,8,19
jpn_Jpan,362,9,13
jpn_Jpan,362,10,36
jpn_Jpan,362,11,24
jpn_Jpan,362,12,13
jpn_Jpan,362,13,13
jpn_Jpan,362,14,13
jpn_Jpan,362,15,36
jpn_Jpan,362,16,36
jpn_Jpan,362,17,47
jpn_Jpan,362,18,36
jpn_Jpan,362,19,19
jpn_Jpan,362,20,36
jpn_Jpan,362,21,61
jpn_Jpan,362,22,13
jpn_Jpan,362,23,13
jpn_Jpan,362,24,24
jpn_Jpan,362,25,13
jpn_Jpan,362,26,13
jpn_Jpan,362,27,13
jpn_Jpan,362,28,36
jpn_Jpan,362,29,13
jpn_Jpan,362,30,34
jpn_Jpan,362,31,13
jpn_Jpan,362,32,34
eng_Latn,363,0,60
eng_Latn,363,1,40
eng_Latn,363,2,8
eng_Latn,363,3,26
eng_Latn,363,4,33
eng_Latn,363,5,52
eng_Latn,363,6,57
eng_Latn,363,7,8
eng_Latn,363,8,49
jpn_Jpan,364,0,60
jpn_Jpan,364,1,60
jpn_Jpan,364,2,36
jpn_Jpan,364,3,13
jpn_Jpan,364,4,36
jpn_Jpan,364,5,51
jpn_Jpan,364,6,24
jpn_Jpan,364,7,19
jpn_Jpan,364,8,13
jpn_Jpan,364,9,13
jpn_Jpan,364,10,34
jpn_Jpan,364,11,13
jpn_Jpan,364,12,19
jpn_Jpan,364,13,13
jpn_Jpan,364,14,52
jpn_Jpan,364,15,52
jpn_Jpan,364,16,52
jpn_Jpan,364,17,19
jpn_Jpan,364,18,13
jpn_Jpan,364,19,24
jpn_Jpan,364,20,13
jpn_Jpan,364,21,24
jpn_Jpan,364,22,24
jpn_Jpan,364,23,52
jpn_Jpan,364,24,13
jpn_Jpan,364,25,52
jpn_Jpan,364,26,19
jpn_Jpan,364,27,13
jpn_Jpan,364,28,19
jpn_Jpan,364,29,13
jpn_Jpan,364,30,24
jpn_Jpan,364,31,13
jpn_Jpan,364,32,34
jpn_Jpan,364,33,13
jpn_Jpan,364,34,24
jpn_Jpan,364,35,13
eng_Latn,365,0,60
eng_Latn,365,1,50
eng_Latn,365,2,16
eng_Latn,365,3,54
eng_Latn,365,4,54
eng_Latn,365,5,53
eng_Latn,365,6,52
eng_Latn,365,7,52
eng_Latn,366,0,60
eng_Latn,366,1,22
eng_Latn,366,2,53
eng_Latn,366,3,46
jpn_Jpan,367,0,60
jpn_Jpan,367,1,19
jpn_Jpan,367,2,13
jpn_Jpan,367,3,24
jpn_Jpan,367,4,13
jpn_Jpan,367,5,36
jpn_Jpan,367,6,34
jpn_Jpan,367,7,13
jpn_Jpan,367,8,24
jpn_Jpan,367,9,24
jpn_Jpan,367,10,13
jpn_Jpan,367,11,47
jpn_Jpan,367,12,13
jpn_Jpan,367,13,13
jpn_Jpan,367,14,39
jpn_Jpan,367,15,61
jpn_Jpan,367,16,13
jpn_Jpan,367,17,24
jpn_Jpan,367,18,19
jpn_Jpan,367,19,13
jpn_Jpan,367,20,13
jpn_Jpan,367,21,13
jpn_Jpan,367,22,13
eng_Latn,368,0,60
eng_Latn,368,1,9
eng_Latn,368,2,22
eng_Latn,368,3,18
eng_Latn,368,4,53
eng_Latn,368,5,3
eng_Latn,368,6,34
eng_Latn,369,0,60
eng_Latn,369,1,9
eng_Latn,369,2,56
eng_Latn,369,3,41
eng_Latn,369,4,17
eng_Latn,369,5,20
eng_Latn,369,6,57
eng_Latn,369,7,15
eng_Latn,369,8,16
eng_Latn,369,9,8
eng_Latn,369,10,8
eng_Latn,369,11,15
eng_Latn,370,0,60
eng_Latn,370,1,52
eng_Latn,370,2,57
eng_Latn,370,3,3
eng_Latn,370,4,3
eng_Latn,370,5,40
eng_Latn,370,6,19
eng_Latn,370,7,3
eng_Latn,371,0,60
eng_Latn,371,1,23
eng_Latn,371,2,22
eng_Latn,371,3,63
eng_Latn,371,4,22
eng_Latn,371,5,17
eng_Latn,371,6,47
eng_Latn,371,7,34
eng_Latn,371,8,34
eng_Latn,372,0,60
eng_Latn,372,1,54
eng_Latn,372,2,22
eng_Latn,372,3,37
eng_Latn,372,4,57
eng_Latn,372,5,63
eng_Latn,373,0,60
eng_Latn,373,1,26
eng_Latn,373,2,26
eng_Latn,373,3,39
eng_Latn,373,4,5
eng_Latn,373,5,18
eng_Latn,373,6,53
eng_Latn,373,7,14
eng_Latn,373,8,63
jpn_Jpan,374,0,60
jpn_Jpan,374,1,13
jpn_Jpan,374,2,13
jpn_Jpan,374,3,19
jpn_Jpan,374,4,13
jpn_Jpan,374,5,13
jpn_Jpan,374,6,24
jpn_Jpan,374,7,47
jpn_Jpan,374,8,19
jpn_Jpan,374,9,13
jpn_Jpan,374,10,24
jpn_Jpan,374,11,19
jpn_Jpan,374,12,13
jpn_Jpan,374,13,13
jpn_Jpan,374,14,47
jpn_Jpan,374,15,13
jpn_Jpan,374,16,13
jpn_Jpan,374,17,24
jpn_Jpan,374,18,24
jpn_Jpan,374,19,47
jpn_Jpan,374,20,47
jpn_Jpan,374,21,19
jpn_Jpan,374,22,13
jpn_Jpan,374,23,13
jpn_Jpan,374,24,13
jpn_Jpan,374,25,13
jpn_Jpan,374,26,13
jpn_Jpan,374,27,13
jpn_Jpan,374,28,24
jpn_Jpan,374,29,13
jpn_Jpan,374,30,13
jpn_Jpan,374,31,34
jpn_Jpan,374,32,13
jpn_Jpan,374,33,24
jpn_Jpan,374,34,13
jpn_Jpan,374,35,13
jpn_Jpan,374,36,13
jpn_Jpan,374,37,13
jpn_Jpan,374,38,51
eng_Latn,375,0,60
eng_Latn,375,1,52
eng_Latn,375,2,1
eng_Latn,375,3,22
eng_Latn,375,4,12
eng_Latn,375,5,54
eng_Latn,375,6,24
eng_Latn,375,7,46
eng_Latn,375,8,46
eng_Latn,375,9,7
eng_Latn,375,10,48
eng_Latn,375,11,16
eng_Latn,376,0,60
eng_Latn,376,1,40
eng_Latn,376,2,40
eng_Latn,376,3,59
eng_Latn,376,4,19
eng_Latn,376,5,48
eng_Latn,376,6,62
eng_Latn,376,7,46
eng_Latn,376,8,57
eng_Latn,376,9,62
eng_Latn,377,0,60
eng_Latn,377,1,52
eng_Latn,377,2,15
eng_Latn,377,3,3
eng_Latn,377,4,3
eng_Latn,377,5,19
eng_Latn,377,6,15
eng_Latn,378,0,60
eng_Latn,378,1,57
eng_Latn,378,2,37
eng_Latn,378,3,37
eng_Latn,378,4,15
eng_Latn,378,5,56
eng_Latn,378,6,54
eng_Latn,378,7,37
eng_Latn,378,8,37
eng_Latn,379,0,60
eng_Latn,379,1,22
eng_Latn,379,2,12
eng_Latn,379,3,22
eng_Latn,379,4,63
eng_Latn,380,0,60
eng_Latn,380,1,34
eng_Latn,380,2,53
eng_Latn,380,3,59
eng_Latn,380,4,51
eng_Latn,380,5,24
eng_Latn,380,6,62
eng_Latn,380,7,57
eng_Latn,380,8,18
eng_Latn,380,9,59
eng_Latn,380,10,47
eng_Latn,380,11,8
eng_Latn,381,0,60
eng_Latn,381,1,22
eng_Latn,381,2,10
eng_Latn,381,3,56
eng_Latn,381,4,57
eng_Latn,381,5,52
eng_Latn,381,6,52
eng_Latn,382,0,60
eng_Latn,382,1,9
eng_Latn,382,2,22
eng_Latn,382,3,15
eng_Latn,382,4,63
eng_Latn,382,5,18
eng_Latn,382,6,18
eng_Latn,382,7,63
eng_Latn,382,8,37
eng_Latn,383,0,60
eng_Latn,383,1,9
eng_Latn,383,2,11
eng_Latn,383,3,27
eng_Latn,383,4,27
eng_Latn,383,5,27
eng_Latn,383,6,39
eng_Latn,383,7,11
eng_Latn,383,8,19
eng_Latn,383,9,27
eng_Latn,383,10,26
eng_Latn,383,11,39
eng_Latn,383,12,1
eng_Latn,383,13,9
eng_Latn,383,14,60
eng_Latn,384,0,60
eng_Latn,384,1,49
eng_Latn,384,2,49
eng_Latn,384,3,39
eng_Latn,385,0,60
eng_Latn,385,1,34
eng_Latn,385,2,63
eng_Latn,385,3,31
eng_Latn,385,4,53
eng_Latn,385,5,22
eng_Latn,385,6,12
eng_Latn,385,7,47
eng_Latn,385,8,40
eng_Latn,385,9,40
eng_Latn,386,0,60
eng_Latn,386,1,18
eng_Latn,386,2,0
eng_Latn,387,0,60
eng_Latn,387,1,53
eng_Latn,387,2,37
eng_Latn,387,3,60
eng_Latn,387,4,7
eng_Latn,387,5,49
eng_Latn,388,0,60
eng_Latn,388,1,9
eng_Latn,388,2,27
eng_Latn,388,3,8
eng_Latn,388,4,8
eng_Latn,388,5,33
eng_Latn,388,6,56
eng_Latn,388,7,56
eng_Latn,388,8,8
eng_Latn,389,0,60
eng_Latn,389,1,40
eng_Latn,389,2,46
eng_Latn,389,3,18
eng_Latn,390,0,60
eng_Latn,390,1,15
eng_Latn,390,2,14
eng_Latn,390,3,52
eng_Latn,390,4,31
eng_Latn,390,5,24
eng_Latn,390,6,52
eng_Latn,391,0,60
eng_Latn,391,1,41
eng_Latn,391,2,49
eng_Latn,391,3,37
eng_Latn,391,4,20
eng_Latn,391,5,44
eng_Latn,392,0,60
eng_Latn,392,1,19
eng_Latn,392,2,40
eng_Latn,392,3,49
jpn_Jpan,393,0,60
jpn_Jpan,393,1,13
jpn_Jpan,393,2,13
jpn_Jpan,393,3,24
jpn_Jpan,393,4,13
jpn_Jpan,393,5,13
jpn_Jpan,393,6,13
jpn_Jpan,393,7,36
jpn_Jpan,393,8,61
jpn_Jpan,393,9,36
jpn_Jpan,393,10,19
jpn_Jpan,393,11,13
jpn_Jpan,393,12,52
jpn_Jpan,393,13,19
jpn_Jpan,393,14,13
jpn_Jpan,393,15,24
jpn_Jpan,393,16,13
jpn_Jpan,393,17,19
jpn_Jpan,393,18,1
jpn_Jpan,393,19,52
jpn_Jpan,393,20,19
jpn_Jpan,393,21,34
eng_Latn,394,0,60
eng_Latn,394,1,34
eng_Latn,394,2,22
eng_Latn,394,3,22
eng_Latn,394,4,40
eng_Latn,394,5,34
jpn_Jpan,395,0,60
jpn_Jpan,395,1,13
jpn_Jpan,395,2,19
jpn_Jpan,395,3,13
jpn_Jpan,395,4,36
jpn_Jpan,395,5,36
jpn_Jpan,395,6,52
jpn_Jpan,395,7,61
jpn_Jpan,395,8,13
jpn_Jpan,395,9,13
jpn_Jpan,395,10,13
jpn_Jpan,395,11,24
jpn_Jpan,395,12,13
jpn_Jpan,395,13,19
jpn_Jpan,395,14,13
jpn_Jpan,395,15,13
jpn_Jpan,395,16,13
jpn_Jpan,395,17,13
jpn_Jpan,395,18,36
jpn_Jpan,395,19,19
jpn_Jpan,395,20,36
jpn_Jpan,395,21,19
jpn_Jpan,395,22,13
jpn_Jpan,395,23,39
jpn_Jpan,395,24,13
jpn_Jpan,395,25,13
jpn_Jpan,395,26,13
jpn_Jpan,395,27,24
jpn_Jpan,395,28,19
jpn_Jpan,395,29,13
jpn_Jpan,395,30,34
jpn_Jpan,396,0,60
jpn_Jpan,396,1,13
jpn_Jpan,396,2,47
jpn_Jpan,396,3,13
jpn_Jpan,396,4,47
jpn_Jpan,396,5,13
jpn_Jpan,396,6,39
jpn_Jpan,396,7,47
jpn_Jpan,396,8,47
jpn_Jpan,396,9,13
jpn_Jpan,396,10,13
jpn_Jpan,396,11,47
jpn_Jpan,396,12,47
jpn_Jpan,396,13,13
jpn_Jpan,396,14,13
jpn_Jpan,396,15,19
jpn_Jpan,396,16,13
jpn_Jpan,396,17,61
jpn_Jpan,396,18,13
eng_Latn,397,0,60
eng_Latn,397,1,9
eng_Latn,397,2,19
eng_Latn,397,3,22
eng_Latn,397,4,22
eng_Latn,398,0,60
eng_Latn,398,1,54
eng_Latn,398,2,54
eng_Latn,398,3,20
eng_Latn,398,4,10
eng_Latn,398,5,30
eng_Latn,398,6,30
eng_Latn,398,7,46
eng_Latn,399,0,60
eng_Latn,399,1,56
eng_Latn,399,2,18
eng_Latn,399,3,51
eng_Latn,399,4,46
eng_Latn,399,5,51
eng_Latn,400,0,60
eng_Latn,400,1,18
eng_Latn,400,2,16
eng_Latn,400,3,38
eng_Latn,400,4,46
eng_Latn,400,5,20
eng_Latn,400,6,38
eng_Latn,400,7,15
eng_Latn,401,0,60
eng_Latn,401,1,4
eng_Latn,401,2,9
eng_Latn,401,3,56
eng_Latn,401,4,35
eng_Latn,401,5,35
eng_Latn,401,6,40
eng_Latn,401,7,51
eng_Latn,402,0,60
eng_Latn,402,1,24
eng_Latn,402,2,22
eng_Latn,402,3,45
eng_Latn,402,4,37
eng_Latn,402,5,18
eng_Latn,402,6,16
eng_Latn,402,7,49
eng_Latn,402,8,53
eng_Latn,402,9,37
eng_Latn,402,10,46
eng_Latn,403,0,60
eng_Latn,403,1,56
eng_Latn,403,2,34
eng_Latn,403,3,18
eng_Latn,403,4,34
eng_Latn,403,5,54
eng_Latn,403,6,61
eng_Latn,404,0,60
eng_Latn,404,1,20
eng_Latn,404,2,34
eng_Latn,404,3,51
eng_Latn,405,0,60
eng_Latn,405,1,19
eng_Latn,405,2,40
eng_Latn,405,3,17
eng_Latn,405,4,16
eng_Latn,405,5,31
eng_Latn,405,6,53
eng_Latn,405,7,34
jpn_Jpan,406,0,60
jpn_Jpan,406,1,13
jpn_Jpan,406,2,13
jpn_Jpan,406,3,24
jpn_Jpan,406,4,13
jpn_Jpan,406,5,19
jpn_Jpan,406,6,39
jpn_Jpan,406,7,13
jpn_Jpan,406,8,13
jpn_Jpan,406,9,24
jpn_Jpan,406,10,24
jpn_Jpan,406,11,13
jpn_Jpan,406,12,13
jpn_Jpan,406,13,19
jpn_Jpan,406,14,13
jpn_Jpan,406,15,19
jpn_Jpan,406,16,13
jpn_Jpan,406,17,13
jpn_Jpan,406,18,13
jpn_Jpan,406,19,19
jpn_Jpan,406,20,24
jpn_Jpan,406,21,47
jpn_Jpan,406,22,19
jpn_Jpan,406,23,13
jpn_Jpan,406,24,19
jpn_Jpan,406,25,13
eng_Latn,407,0,60
eng_Latn,407,1,9
eng_Latn,407,2,27
eng_Latn,407,3,47
eng_Latn,407,4,26
eng_Latn,407,5,42
eng_Latn,407,6,61
eng_Latn,407,7,26
eng_Latn,407,8,60
eng_Latn,408,0,60
eng_Latn,408,1,45
eng_Latn,408,2,63
eng_Latn,409,0,60
eng_Latn,409,1,12
eng_Latn,409,2,42
eng_Latn,409,3,19
eng_Latn,409,4,22
eng_Latn,409,5,26
eng_Latn,409,6,26
eng_Latn,409,7,49
eng_Latn,409,8,9
eng_Latn,409,9,39
eng_Latn,409,10,22
eng_Latn,410,0,60
eng_Latn,410,1,18
eng_Latn,410,2,21
eng_Latn,410,3,25
eng_Latn,410,4,25
eng_Latn,410,5,25
eng_Latn,410,6,25
eng_Latn,410,7,52
eng_Latn,410,8,57
eng_Latn,411,0,60
eng_Latn,411,1,22
eng_Latn,411,2,51
eng_Latn,412,0,60
eng_Latn,412,1,20
eng_Latn,412,2,62
eng_Latn,412,3,46
jpn_Jpan,413,0,60
jpn_Jpan,413,1,60
jpn_Jpan,413,2,36
jpn_Jpan,413,3,1
jpn_Jpan,413,4,19
jpn_Jpan,413,5,47
jpn_Jpan,413,6,13
jpn_Jpan,413,7,61
jpn_Jpan,413,8,13
jpn_Jpan,413,9,36
jpn_Jpan,413,10,19
jpn_Jpan,413,11,13
jpn_Jpan,413,12,19
jpn_Jpan,413,13,34
jpn_Jpan,413,14,13
jpn_Jpan,413,15,34
jpn_Jpan,413,16,13
jpn_Jpan,413,17,13
jpn_Jpan,413,18,13
jpn_Jpan,413,19,19
jpn_Jpan,413,20,47
jpn_Jpan,413,21,36
jpn_Jpan,413,22,24
jpn_Jpan,413,23,19
jpn_Jpan,413,24,40
jpn_Jpan,413,25,19
jpn_Jpan,413,26,19
jpn_Jpan,413,27,13
jpn_Jpan,413,28,28
jpn_Jpan,413,29,13
jpn_Jpan,413,30,36
jpn_Jpan,413,31,34
eng_Latn,414,0,60
eng_Latn,414,1,52
eng_Latn,414,2,60
eng_Latn,414,3,50
eng_Latn,414,4,20
eng_Latn,414,5,52
eng_Latn,414,6,21
eng_Latn,414,7,8
eng_Latn,414,8,8
eng_Latn,414,9,46
eng_Latn,415,0,60
eng_Latn,415,1,56
eng_Latn,415,2,35
eng_Latn,415,3,56
eng_Latn,415,4,57
eng_Latn,416,0,60
eng_Latn,416,1,46
eng_Latn,416,2,50
eng_Latn,416,3,16
eng_Latn,416,4,50
eng_Latn,416,5,16
eng_Latn,416,6,37
eng_Latn,416,7,52
eng_Latn,416,8,35
eng_Latn,416,9,52
eng_Latn,416,10,57
jpn_Jpan,417,0,60
jpn_Jpan,417,1,22
jpn_Jpan,417,2,39
jpn_Jpan,417,3,22
jpn_Jpan,417,4,9
jpn_Jpan,417,5,24
jpn_Jpan,417,6,13
jpn_Jpan,417,7,24
jpn_Jpan,417,8,52
jpn_Jpan,418,0,60
jpn_Jpan,418,1,13
jpn_Jpan,418,2,13
jpn_Jpan,418,3,13
jpn_Jpan,418,4,36
jpn_Jpan,418,5,61
jpn_Jpan,418,6,13
jpn_Jpan,418,7,13
jpn_Jpan,418,8,24
jpn_Jpan,418,9,19
jpn_Jpan,418,10,13
jpn_Jpan,418,11,13
jpn_Jpan,418,12,13
jpn_Jpan,418,13,13
jpn_Jpan,418,14,61
jpn_Jpan,418,15,39
jpn_Jpan,418,16,13
jpn_Jpan,418,17,13
jpn_Jpan,418,18,34
eng_Latn,419,0,60
eng_Latn,419,1,57
eng_Latn,419,2,35
eng_Latn,419,3,48
eng_Latn,419,4,53
eng_Latn,419,5,43
eng_Latn,419,6,57
eng_Latn,419,7,59
eng_Latn,419,8,15
eng_Latn,419,9,59
eng_Latn,419,10,19
eng_Latn,419,11,48
eng_Latn,420,0,60
eng_Latn,420,1,17
eng_Latn,420,2,54
eng_Latn,420,3,24
eng_Latn,420,4,39
eng_Latn,420,5,46
eng_Latn,420,6,48
eng_Latn,420,7,19
eng_Latn,420,8,16
eng_Latn,420,9,20
eng_Latn,420,10,34
eng_Latn,421,0,60
eng_Latn,421,1,22
eng_Latn,421,2,5
eng_Latn,421,3,35
eng_Latn,421,4,63
eng_Latn,421,5,42
eng_Latn,421,6,47
eng_Latn,421,7,61
eng_Latn,421,8,61
eng_Latn,421,9,49
eng_Latn,421,10,22
eng_Latn,421,11,47
eng_Latn,421,12,22
eng_Latn,422,0,60
eng_Latn,422,1,47
eng_Latn,422,2,47
eng_Latn,422,3,40
eng_Latn,422,4,56
eng_Latn,422,5,46
eng_Latn,422,6,59
eng_Latn,422,7,59
eng_Latn,422,8,7
eng_Latn,422,9,33
eng_Latn,423,0,60
eng_Latn,423,1,18
eng_Latn,423,2,18
eng_Latn,423,3,20
eng_Latn,423,4,28
eng_Latn,423,5,34
eng_Latn,423,6,34
eng_Latn,424,0,60
eng_Latn,424,1,18
eng_Latn,424,2,56
eng_Latn,424,3,56
eng_Latn,425,0,60
eng_Latn,425,1,18
eng_Latn,425,2,22
eng_Latn,425,3,16
eng_Latn,425,4,51
eng_Latn,425,5,17
eng_Latn,425,6,56
eng_Latn,425,7,23
eng_Latn,425,8,56
eng_Latn,425,9,23
eng_Latn,426,0,60
eng_Latn,426,1,24
eng_Latn,426,2,52
eng_Latn,426,3,57
eng_Latn,426,4,14
eng_Latn,426,5,14
eng_Latn,426,6,14
eng_Latn,426,7,27
eng_Latn,426,8,47
eng_Latn,426,9,47
eng_Latn,426,10,40
eng_Latn,426,11,24
eng_Latn,426,12,26
eng_Latn,427,0,60
eng_Latn,427,1,49
eng_Latn,427,2,45
eng_Latn,427,3,17
eng_Latn,427,4,56
eng_Latn,427,5,21
eng_Latn,427,6,53
eng_Latn,427,7,37
eng_Latn,427,8,57
eng_Latn,427,9,21
jpn_Jpan,428,0,60
jpn_Jpan,428,1,13
jpn_Jpan,428,2,47
jpn_Jpan,428,3,13
jpn_Jpan,428,4,19
jpn_Jpan,428,5,13
jpn_Jpan,428,6,24
jpn_Jpan,428,7,13
jpn_Jpan,428,8,13
jpn_Jpan,428,9,13
jpn_Jpan,428,10,13
jpn_Jpan,428,11,19
jpn_Jpan,428,12,13
jpn_Jpan,428,13,13
jpn_Jpan,428,14,13
jpn_Jpan,428,15,19
jpn_Jpan,428,16,13
jpn_Jpan,428,17,13
jpn_Jpan,428,18,13
jpn_Jpan,428,19,1
jpn_Jpan,428,20,19
jpn_Jpan,428,21,13
jpn_Jpan,428,22,13
jpn_Jpan,428,23,24
jpn_Jpan,428,24,13
jpn_Jpan,428,25,13
jpn_Jpan,428,26,11
jpn_Jpan,428,27,47
jpn_Jpan,428,28,13
jpn_Jpan,428,29,13
jpn_Jpan,428,30,34
jpn_Jpan,428,31,11
jpn_Jpan,428,32,58
jpn_Jpan,428,33,12
jpn_Jpan,428,34,40
eng_Latn,429,0,60
eng_Latn,429,1,63
eng_Latn,429,2,56
eng_Latn,429,3,63
eng_Latn,429,4,43
eng_Latn,429,5,22
eng_Latn,429,6,28
eng_Latn,430,0,60
eng_Latn,430,1,15
eng_Latn,430,2,63
eng_Latn,430,3,63
eng_Latn,430,4,37
eng_Latn,431,0,60
eng_Latn,431,1,52
eng_Latn,431,2,9
eng_Latn,431,3,9
eng_Latn,431,4,9
eng_Latn,431,5,9
eng_Latn,431,6,60
eng_Latn,431,7,12
eng_Latn,431,8,40
eng_Latn,431,9,12
eng_Latn,431,10,37
eng_Latn,431,11,46
eng_Latn,431,12,36
eng_Latn,431,13,36
eng_Latn,431,14,57
eng_Latn,431,15,40
eng_Latn,432,0,60
eng_Latn,432,1,52
eng_Latn,432,2,57
eng_Latn,432,3,3
eng_Latn,432,4,3
eng_Latn,432,5,3
eng_Latn,432,6,19
eng_Latn,432,7,3
eng_Latn,433,0,60
eng_Latn,433,1,46
eng_Latn,433,2,48
eng_Latn,433,3,2
eng_Latn,433,4,48
eng_Latn,433,5,56
eng_Latn,433,6,16
eng_Latn,433,7,51
eng_Latn,434,0,60
eng_Latn,434,1,47
eng_Latn,434,2,1
eng_Latn,434,3,22
eng_Latn,434,4,60
eng_Latn,434,5,57
eng_Latn,434,6,40
eng_Latn,434,7,49
eng_Latn,434,8,60
eng_Latn,434,9,47
eng_Latn,434,10,47
eng_Latn,434,11,27
eng_Latn,434,12,27
eng_Latn,434,13,52
jpn_Jpan,435,0,60
jpn_Jpan,435,1,24
jpn_Jpan,435,2,13
jpn_Jpan,435,3,36
jpn_Jpan,435,4,11
jpn_Jpan,435,5,52
jpn_Jpan,435,6,1
jpn_Jpan,435,7,12
jpn_Jpan,435,8,47
jpn_Jpan,435,9,19
jpn_Jpan,435,10,19
jpn_Jpan,435,11,39
jpn_Jpan,435,12,13
jpn_Jpan,435,13,22
jpn_Jpan,435,14,11
jpn_Jpan,435,15,47
jpn_Jpan,435,16,1
jpn_Jpan,435,17,24
jpn_Jpan,435,18,13
jpn_Jpan,435,19,47
jpn_Jpan,435,20,13
jpn_Jpan,435,21,24
jpn_Jpan,435,22,13
jpn_Jpan,435,23,19
jpn_Jpan,435,24,13
jpn_Jpan,435,25,13
jpn_Jpan,435,26,12
jpn_Jpan,435,27,47
jpn_Jpan,435,28,47
jpn_Jpan,435,29,13
jpn_Jpan,435,30,13
jpn_Jpan,435,31,13
jpn_Jpan,435,32,13
jpn_Jpan,435,33,24
jpn_Jpan,435,34,47
jpn_Jpan,435,35,13
jpn_Jpan,435,36,47
jpn_Jpan,435,37,19
jpn_Jpan,435,38,13
jpn_Jpan,435,39,61
jpn_Jpan,435,40,19
jpn_Jpan,435,41,13
eng_Latn,436,0,60
eng_Latn,436,1,9
eng_Latn,436,2,22
eng_Latn,436,3,20
eng_Latn,436,4,38
eng_Latn,436,5,10
eng_Latn,436,6,4
eng_Latn,436,7,29
eng_Latn,436,8,34
jpn_Jpan,437,0,60
jpn_Jpan,437,1,13
jpn_Jpan,437,2,24
jpn_Jpan,437,3,52
jpn_Jpan,437,4,36
jpn_Jpan,437,5,24
jpn_Jpan,437,6,13
jpn_Jpan,437,7,24
jpn_Jpan,437,8,47
jpn_Jpan,437,9,13
jpn_Jpan,437,10,13
jpn_Jpan,437,11,13
jpn_Jpan,437,12,13
jpn_Jpan,437,13,34
jpn_Jpan,437,14,52
eng_Latn,438,0,60
eng_Latn,438,1,16
eng_Latn,438,2,60
eng_Latn,438,3,9
eng_Latn,438,4,0
eng_Latn,438,5,19
eng_Latn,438,6,19
eng_Latn,438,7,34
eng_Latn,438,8,9
eng_Latn,438,9,22
eng_Latn,438,10,34
jpn_Jpan,439,0,60
jpn_Jpan,439,1,13
jpn_Jpan,439,2,13
jpn_Jpan,439,3,13
jpn_Jpan,439,4,13
jpn_Jpan,439,5,13
jpn_Jpan,439,6,19
jpn_Jpan,439,7,13
jpn_Jpan,439,8,13
jpn_Jpan,439,9,19
jpn_Jpan,439,10,13
jpn_Jpan,439,11,19
jpn_Jpan,439,12,13
jpn_Jpan,439,13,51
jpn_Jpan,439,14,34
jpn_Jpan,439,15,51
jpn_Jpan,439,16,47
jpn_Jpan,439,17,51
jpn_Jpan,439,18,51
jpn_Jpan,440,0,60
jpn_Jpan,440,1,13
jpn_Jpan,440,2,13
jpn_Jpan,440,3,24
jpn_Jpan,440,4,13
jpn_Jpan,440,5,13
jpn_Jpan,440,6,24
jpn_Jpan,440,7,13
jpn_Jpan,440,8,13
jpn_Jpan,440,9,19
jpn_Jpan,440,10,13
jpn_Jpan,440,11,36
jpn_Jpan,440,12,36
jpn_Jpan,440,13,24
jpn_Jpan,440,14,24
jpn_Jpan,440,15,13
jpn_Jpan,440,16,13
jpn_Jpan,440,17,24
jpn_Jpan,440,18,24
jpn_Jpan,440,19,13
jpn_Jpan,440,20,13
jpn_Jpan,440,21,19
jpn_Jpan,440,22,13
jpn_Jpan,440,23,13
jpn_Jpan,440,24,13
jpn_Jpan,440,25,19
jpn_Jpan,440,26,13
jpn_Jpan,440,27,13
jpn_Jpan,440,28,61
jpn_Jpan,440,29,13
jpn_Jpan,440,30,13
jpn_Jpan,440,31,19
jpn_Jpan,440,32,13
jpn_Jpan,440,33,13
jpn_Jpan,440,34,13
jpn_Jpan,440,35,24
jpn_Jpan,440,36,13
jpn_Jpan,440,37,13
jpn_Jpan,440,38,34
jpn_Jpan,441,0,60
jpn_Jpan,441,1,13
jpn_Jpan,441,2,13
jpn_Jpan,441,3,13
jpn_Jpan,441,4,24
jpn_Jpan,441,5,11
jpn_Jpan,441,6,13
jpn_Jpan,441,7,24
jpn_Jpan,441,8,13
jpn_Jpan,441,9,13
jpn_Jpan,441,10,36
jpn_Jpan,441,11,1
jpn_Jpan,441,12,19
jpn_Jpan,441,13,39
jpn_Jpan,441,14,13
jpn_Jpan,441,15,13
jpn_Jpan,441,16,24
jpn_Jpan,441,17,24
jpn_Jpan,441,18,9
jpn_Jpan,441,19,19
jpn_Jpan,441,20,13
jpn_Jpan,441,21,19
jpn_Jpan,441,22,13
jpn_Jpan,441,23,24
jpn_Jpan,441,24,13
jpn_Jpan,441,25,39
jpn_Jpan,441,26,39
jpn_Jpan,441,27,13
jpn_Jpan,441,28,61
jpn_Jpan,441,29,24
jpn_Jpan,441,30,19
jpn_Jpan,441,31,13
jpn_Jpan,441,32,13
jpn_Jpan,441,33,13
jpn_Jpan,441,34,34
jpn_Jpan,441,35,13
jpn_Jpan,441,36,24
jpn_Jpan,441,37,13
jpn_Jpan,441,38,13
jpn_Jpan,441,39,24
jpn_Jpan,441,40,13
jpn_Jpan,441,41,13
jpn_Jpan,441,42,34
eng_Latn,442,0,60
eng_Latn,442,1,54
eng_Latn,442,2,22
eng_Latn,442,3,22
eng_Latn,442,4,34
eng_Latn,442,5,53
eng_Latn,442,6,52
eng_Latn,442,7,63
eng_Latn,443,0,60
eng_Latn,443,1,19
eng_Latn,443,2,18
eng_Latn,443,3,39
jpn_Jpan,444,0,60
jpn_Jpan,444,1,52
jpn_Jpan,444,2,24
jpn_Jpan,444,3,24
jpn_Jpan,444,4,52
jpn_Jpan,444,5,13
jpn_Jpan,444,6,13
jpn_Jpan,444,7,24
jpn_Jpan,444,8,24
jpn_Jpan,444,9,13
jpn_Jpan,444,10,13
jpn_Jpan,444,11,13
jpn_Jpan,444,12,36
jpn_Jpan,444,13,13
eng_Latn,445,0,60
eng_Latn,445,1,57
eng_Latn,445,2,45
eng_Latn,445,3,15
eng_Latn,445,4,10
eng_Latn,445,5,18
eng_Latn,445,6,16
eng_Latn,445,7,56
eng_Latn,445,8,57
eng_Latn,446,0,60
eng_Latn,446,1,57
eng_Latn,446,2,46
eng_Latn,446,3,15
eng_Latn,446,4,63
eng_Latn,446,5,62
eng_Latn,446,6,52
eng_Latn,446,7,8
eng_Latn,446,8,46
eng_Latn,446,9,48
eng_Latn,447,0,60
eng_Latn,447,1,46
eng_Latn,447,2,61
eng_Latn,447,3,15
eng_Latn,447,4,15
eng_Latn,447,5,56
eng_Latn,447,6,21
eng_Latn,447,7,39
eng_Latn,447,8,63
eng_Latn,448,0,60
eng_Latn,448,1,9
eng_Latn,448,2,56
eng_Latn,448,3,54
eng_Latn,448,4,50
eng_Latn,448,5,20
eng_Latn,448,6,57
eng_Latn,448,7,41
eng_Latn,449,0,60
eng_Latn,449,1,31
eng_Latn,449,2,53
eng_Latn,449,3,8
eng_Latn,449,4,19
eng_Latn,449,5,42
eng_Latn,449,6,18
eng_Latn,449,7,16
eng_Latn,449,8,18
eng_Latn,449,9,0
eng_Latn,449,10,9
eng_Latn,449,11,0
eng_Latn,450,0,60
eng_Latn,450,1,13
eng_Latn,450,2,13
eng_Latn,450,3,13
eng_Latn,450,4,19
eng_Latn,450,5,13
eng_Latn,451,0,60
eng_Latn,451,1,19
eng_Latn,451,2,23
eng_Latn,451,3,35
eng_Latn,451,4,43
eng_Latn,451,5,9
eng_Latn,451,6,43
eng_Latn,451,7,43
eng_Latn,452,0,60
eng_Latn,452,1,52
eng_Latn,452,2,14
eng_Latn,452,3,49
eng_Latn,452,4,56
eng_Latn,452,5,49
eng_Latn,452,6,49
eng_Latn,453,0,60
eng_Latn,453,1,22
eng_Latn,453,2,15
eng_Latn,453,3,37
eng_Latn,453,4,52
eng_Latn,453,5,52
eng_Latn,453,6,19
eng_Latn,453,7,19
eng_Latn,453,8,3
eng_Latn,453,9,46
eng_Latn,454,0,60
eng_Latn,454,1,22
eng_Latn,454,2,60
eng_Latn,454,3,9
eng_Latn,454,4,27
eng_Latn,454,5,49
eng_Latn,454,6,26
eng_Latn,454,7,27
eng_Latn,454,8,40
eng_Latn,454,9,61
eng_Latn,455,0,60
eng_Latn,455,1,42
eng_Latn,455,2,19
eng_Latn,455,3,22
eng_Latn,455,4,26
eng_Latn,455,5,26
eng_Latn,455,6,60
eng_Latn,455,7,9
eng_Latn,455,8,26
eng_Latn,455,9,8
eng_Latn,456,0,60
eng_Latn,456,1,33
eng_Latn,456,2,10
eng_Latn,456,3,56
eng_Latn,456,4,44
eng_Latn,457,0,60
eng_Latn,457,1,58
eng_Latn,457,2,58
eng_Latn,457,3,58
eng_Latn,457,4,58
eng_Latn,457,5,58
eng_Latn,457,6,58
eng_Latn,457,7,58
eng_Latn,457,8,58
jpn_Jpan,458,0,60
jpn_Jpan,458,1,19
jpn_Jpan,458,2,13
jpn_Jpan,458,3,13
jpn_Jpan,458,4,61
jpn_Jpan,458,5,13
jpn_Jpan,458,6,13
jpn_Jpan,458,7,36
jpn_Jpan,458,8,24
jpn_Jpan,458,9,52
jpn_Jpan,458,10,1
jpn_Jpan,458,11,52
jpn_Jpan,458,12,13
jpn_Jpan,458,13,52
jpn_Jpan,458,14,1
jpn_Jpan,458,15,13
jpn_Jpan,458,16,36
jpn_Jpan,459,0,60
jpn_Jpan,459,1,13
jpn_Jpan,459,2,24
jpn_Jpan,459,3,61
jpn_Jpan,459,4,19
jpn_Jpan,459,5,19
jpn_Jpan,459,6,13
jpn_Jpan,459,7,19
jpn_Jpan,459,8,13
jpn_Jpan,459,9,61
jpn_Jpan,459,10,13
jpn_Jpan,459,11,19
jpn_Jpan,459,12,13
jpn_Jpan,459,13,24
jpn_Jpan,459,14,13
jpn_Jpan,459,15,13
jpn_Jpan,459,16,36
jpn_Jpan,459,17,52
jpn_Jpan,459,18,61
jpn_Jpan,459,19,13
jpn_Jpan,459,20,24
jpn_Jpan,459,21,19
jpn_Jpan,459,22,19
jpn_Jpan,459,23,19
jpn_Jpan,459,24,13
jpn_Jpan,459,25,24
jpn_Jpan,459,26,19
jpn_Jpan,459,27,13
jpn_Jpan,459,28,24
jpn_Jpan,459,29,13
jpn_Jpan,459,30,24
jpn_Jpan,459,31,13
jpn_Jpan,459,32,24
jpn_Jpan,459,33,19
jpn_Jpan,459,34,13
jpn_Jpan,459,35,19
jpn_Jpan,459,36,13
jpn_Jpan,459,37,24
jpn_Jpan,459,38,13
jpn_Jpan,459,39,13
jpn_Jpan,459,40,13
jpn_Jpan,459,41,13
jpn_Jpan,459,42,13
jpn_Jpan,459,43,13
jpn_Jpan,459,44,19
jpn_Jpan,459,45,13
eng_Latn,460,0,60
eng_Latn,460,1,38
eng_Latn,460,2,18
eng_Latn,460,3,41
eng_Latn,460,4,44
eng_Latn,460,5,44
eng_Latn,460,6,46
jpn_Jpan,461,0,60
jpn_Jpan,461,1,24
jpn_Jpan,461,2,13
jpn_Jpan,461,3,19
jpn_Jpan,461,4,34
jpn_Jpan,461,5,13
jpn_Jpan,461,6,47
jpn_Jpan,461,7,34
jpn_Jpan,461,8,13
jpn_Jpan,461,9,13
jpn_Jpan,461,10,36
jpn_Jpan,461,11,24
jpn_Jpan,461,12,40
jpn_Jpan,461,13,40
jpn_Jpan,461,14,34
jpn_Jpan,461,15,36
jpn_Jpan,461,16,61
jpn_Jpan,461,17,61
jpn_Jpan,461,18,19
jpn_Jpan,461,19,61
jpn_Jpan,461,20,13
jpn_Jpan,461,21,61
jpn_Jpan,461,22,13
jpn_Jpan,461,23,36
jpn_Jpan,461,24,19
jpn_Jpan,461,25,13
jpn_Jpan,461,26,19
jpn_Jpan,461,27,19
jpn_Jpan,461,28,34
jpn_Jpan,461,29,13
jpn_Jpan,461,30,34
eng_Latn,462,0,60
eng_Latn,462,1,35
eng_Latn,462,2,17
eng_Latn,462,3,35
eng_Latn,462,4,52
eng_Latn,462,5,52
eng_Latn,462,6,57
eng_Latn,462,7,17
eng_Latn,462,8,51
eng_Latn,463,0,60
eng_Latn,463,1,61
eng_Latn,463,2,27
eng_Latn,463,3,27
eng_Latn,463,4,1
eng_Latn,463,5,27
eng_Latn,463,6,27
eng_Latn,463,7,27
eng_Latn,463,8,27
eng_Latn,463,9,27
eng_Latn,463,10,27
eng_Latn,463,11,52
eng_Latn,464,0,60
eng_Latn,464,1,58
eng_Latn,464,2,58
eng_Latn,464,3,12
eng_Latn,464,4,61
eng_Latn,465,0,60
eng_Latn,465,1,19
eng_Latn,465,2,11
eng_Latn,465,3,9
eng_Latn,465,4,61
eng_Latn,465,5,40
eng_Latn,465,6,59
eng_Latn,465,7,57
eng_Latn,465,8,2
eng_Latn,465,9,38
eng_Latn,465,10,35
eng_Latn,465,11,8
eng_Latn,466,0,60
eng_Latn,466,1,9
eng_Latn,466,2,56
eng_Latn,466,3,41
eng_Latn,466,4,24
eng_Latn,466,5,52
eng_Latn,466,6,52
eng_Latn,466,7,52
eng_Latn,466,8,57
eng_Latn,466,9,41
eng_Latn,466,10,2
eng_Latn,466,11,18
eng_Latn,466,12,48
eng_Latn,466,13,18
eng_Latn,466,14,16
eng_Latn,467,0,60
eng_Latn,467,1,17
eng_Latn,467,2,32
eng_Latn,467,3,56
eng_Latn,467,4,38
eng_Latn,467,5,35
eng_Latn,467,6,57
eng_Latn,467,7,0
eng_Latn,467,8,19
eng_Latn,467,9,62
eng_Latn,467,10,4
eng_Latn,468,0,60
eng_Latn,468,1,50
eng_Latn,468,2,48
eng_Latn,468,3,20
eng_Latn,468,4,48
eng_Latn,468,5,48
eng_Latn,468,6,56
eng_Latn,468,7,35
eng_Latn,468,8,44
eng_Latn,469,0,60
eng_Latn,469,1,46
eng_Latn,469,2,5
eng_Latn,469,3,54
eng_Latn,469,4,48
eng_Latn,469,5,8
eng_Latn,469,6,15
eng_Latn,469,7,48
eng_Latn,469,8,56
eng_Latn,469,9,34
eng_Latn,469,10,34
eng_Latn,470,0,60
eng_Latn,470,1,56
eng_Latn,470,2,54
eng_Latn,470,3,56
eng_Latn,470,4,24
eng_Latn,470,5,52
eng_Latn,470,6,51
eng_Latn,471,0,60
eng_Latn,471,1,35
eng_Latn,471,2,57
eng_Latn,471,3,45
eng_Latn,471,4,10
eng_Latn,471,5,16
eng_Latn,471,6,2
eng_Latn,471,7,54
eng_Latn,471,8,9
eng_Latn,471,9,54
eng_Latn,471,10,22
eng_Latn,471,11,51
eng_Latn,471,12,51
eng_Latn,472,0,60
eng_Latn,472,1,45
eng_Latn,472,2,45
eng_Latn,472,3,40
eng_Latn,472,4,40
eng_Latn,472,5,61
eng_Latn,472,6,49
eng_Latn,472,7,56
eng_Latn,472,8,31
eng_Latn,473,0,60
eng_Latn,473,1,52
eng_Latn,473,2,57
eng_Latn,473,3,37
eng_Latn,473,4,3
eng_Latn,473,5,3
eng_Latn,473,6,19
eng_Latn,473,7,49
jpn_Jpan,474,0,60
jpn_Jpan,474,1,24
jpn_Jpan,474,2,47
jpn_Jpan,474,3,13
jpn_Jpan,474,4,24
jpn_Jpan,474,5,52
jpn_Jpan,474,6,19
jpn_Jpan,474,7,13
jpn_Jpan,474,8,13
jpn_Jpan,474,9,13
jpn_Jpan,474,10,51
jpn_Jpan,474,11,42
jpn_Jpan,474,12,52
jpn_Jpan,474,13,13
jpn_Jpan,474,14,13
jpn_Jpan,474,15,19
jpn_Jpan,474,16,13
jpn_Jpan,474,17,24
jpn_Jpan,474,18,47
jpn_Jpan,474,19,13
jpn_Jpan,474,20,24
jpn_Jpan,474,21,13
jpn_Jpan,474,22,24
jpn_Jpan,474,23,13
jpn_Jpan,474,24,61
jpn_Jpan,474,25,19
jpn_Jpan,474,26,13
jpn_Jpan,474,27,24
jpn_Jpan,474,28,24
jpn_Jpan,474,29,19
jpn_Jpan,474,30,13
jpn_Jpan,474,31,52
jpn_Jpan,474,32,19
jpn_Jpan,474,33,34
jpn_Jpan,474,34,24
jpn_Jpan,474,35,13
jpn_Jpan,474,36,24
jpn_Jpan,474,37,19
jpn_Jpan,474,38,13
jpn_Jpan,474,39,51
eng_Latn,475,0,60
eng_Latn,475,1,17
eng_Latn,475,2,54
eng_Latn,475,3,18
eng_Latn,475,4,51
jpn_Jpan,476,0,60
jpn_Jpan,476,1,13
jpn_Jpan,476,2,7
jpn_Jpan,476,3,24
jpn_Jpan,476,4,19
jpn_Jpan,476,5,13
jpn_Jpan,476,6,19
jpn_Jpan,476,7,13
jpn_Jpan,476,8,24
jpn_Jpan,476,9,13
jpn_Jpan,476,10,13
jpn_Jpan,476,11,24
jpn_Jpan,476,12,24
jpn_Jpan,476,13,13
jpn_Jpan,476,14,19
jpn_Jpan,476,15,34
jpn_Jpan,476,16,11
jpn_Jpan,476,17,13
jpn_Jpan,476,18,13
jpn_Jpan,476,19,24
jpn_Jpan,476,20,13
jpn_Jpan,476,21,24
jpn_Jpan,476,22,13
jpn_Jpan,476,23,24
jpn_Jpan,476,24,19
jpn_Jpan,476,25,13
jpn_Jpan,476,26,39
jpn_Jpan,476,27,13
jpn_Jpan,476,28,24
jpn_Jpan,476,29,19
jpn_Jpan,476,30,13
jpn_Jpan,476,31,19
jpn_Jpan,476,32,13
jpn_Jpan,476,33,13
jpn_Jpan,476,34,13
jpn_Jpan,476,35,47
jpn_Jpan,476,36,19
jpn_Jpan,476,37,13
jpn_Jpan,476,38,13
jpn_Jpan,476,39,13
jpn_Jpan,476,40,13
jpn_Jpan,476,41,13
jpn_Jpan,476,42,47
jpn_Jpan,476,43,19
jpn_Jpan,476,44,13
eng_Latn,477,0,60
eng_Latn,477,1,38
eng_Latn,477,2,46
eng_Latn,477,3,9
eng_Latn,477,4,14
eng_Latn,477,5,35
eng_Latn,477,6,46
eng_Latn,477,7,43
eng_Latn,477,8,15
eng_Latn,478,0,60
eng_Latn,478,1,24
eng_Latn,478,2,54
eng_Latn,478,3,1
eng_Latn,478,4,1
eng_Latn,478,5,1
eng_Latn,478,6,40
eng_Latn,478,7,62
eng_Latn,478,8,37
eng_Latn,478,9,60
eng_Latn,479,0,60
eng_Latn,479,1,54
eng_Latn,479,2,50
eng_Latn,479,3,18
eng_Latn,479,4,20
eng_Latn,479,5,16
eng_Latn,479,6,5
eng_Latn,479,7,18
eng_Latn,479,8,0
eng_Latn,479,9,53
eng_Latn,479,10,39
eng_Latn,479,11,16
eng_Latn,480,0,60
eng_Latn,480,1,49
eng_Latn,480,2,45
eng_Latn,480,3,18
eng_Latn,480,4,9
eng_Latn,480,5,9
eng_Latn,480,6,18
eng_Latn,480,7,53
eng_Latn,480,8,8
eng_Latn,480,9,47
eng_Latn,480,10,21
eng_Latn,480,11,21
eng_Latn,481,0,60
eng_Latn,481,1,57
eng_Latn,481,2,34
eng_Latn,481,3,20
eng_Latn,481,4,52
eng_Latn,481,5,49
eng_Latn,481,6,9
eng_Latn,481,7,37
eng_Latn,481,8,37
eng_Latn,481,9,19
eng_Latn,481,10,46
eng_Latn,482,0,60
eng_Latn,482,1,17
eng_Latn,482,2,33
eng_Latn,482,3,38
eng_Latn,482,4,33
eng_Latn,482,5,33
eng_Latn,482,6,33
eng_Latn,482,7,33
eng_Latn,482,8,33
eng_Latn,483,0,60
eng_Latn,483,1,18
eng_Latn,483,2,56
eng_Latn,483,3,56
eng_Latn,483,4,16
eng_Latn,483,5,20
eng_Latn,483,6,51
eng_Latn,484,0,60
eng_Latn,484,1,22
eng_Latn,484,2,61
eng_Latn,484,3,19
eng_Latn,484,4,40
eng_Latn,484,5,53
eng_Latn,484,6,3
eng_Latn,484,7,63
eng_Latn,485,0,60
eng_Latn,485,1,35
eng_Latn,485,2,35
eng_Latn,485,3,2
eng_Latn,485,4,45
eng_Latn,485,5,50
eng_Latn,485,6,56
eng_Latn,485,7,38
eng_Latn,485,8,59
eng_Latn,485,9,19
eng_Latn,485,10,48
eng_Latn,485,11,20
eng_Latn,485,12,34
eng_Latn,486,0,60
eng_Latn,486,1,49
eng_Latn,486,2,24
eng_Latn,486,3,47
eng_Latn,486,4,39
eng_Latn,487,0,60
eng_Latn,487,1,40
eng_Latn,487,2,61
eng_Latn,487,3,15
eng_Latn,487,4,8
eng_Latn,487,5,20
eng_Latn,487,6,8
eng_Latn,487,7,57
eng_Latn,487,8,8
eng_Latn,488,0,60
eng_Latn,488,1,9
eng_Latn,488,2,22
eng_Latn,488,3,12
eng_Latn,488,4,40
eng_Latn,488,5,47
eng_Latn,488,6,9
eng_Latn,488,7,60
eng_Latn,488,8,12
eng_Latn,488,9,9
eng_Latn,488,10,60
eng_Latn,489,0,60
eng_Latn,489,1,57
eng_Latn,489,2,56
eng_Latn,489,3,53
eng_Latn,489,4,4
eng_Latn,489,5,34
jpn_Jpan,490,0,60
jpn_Jpan,490,1,13
jpn_Jpan,490,2,13
jpn_Jpan,490,3,47
jpn_Jpan,490,4,13
jpn_Jpan,490,5,13
jpn_Jpan,490,6,13
jpn_Jpan,490,7,47
jpn_Jpan,490,8,13
jpn_Jpan,490,9,13
jpn_Jpan,490,10,13
jpn_Jpan,490,11,24
jpn_Jpan,490,12,9
jpn_Jpan,490,13,13
jpn_Jpan,490,14,24
jpn_Jpan,490,15,47
jpn_Jpan,490,16,47
jpn_Jpan,490,17,39
jpn_Jpan,490,18,24
jpn_Jpan,490,19,24
jpn_Jpan,490,20,19
jpn_Jpan,490,21,13
jpn_Jpan,490,22,19
jpn_Jpan,490,23,24
jpn_Jpan,490,24,19
jpn_Jpan,490,25,13
jpn_Jpan,490,26,13
jpn_Jpan,490,27,24
jpn_Jpan,490,28,13
jpn_Jpan,490,29,61
jpn_Jpan,490,30,13
jpn_Jpan,490,31,13
eng_Latn,491,0,60
eng_Latn,491,1,8
eng_Latn,491,2,8
eng_Latn,491,3,34
eng_Latn,491,4,42
eng_Latn,491,5,18
eng_Latn,491,6,16
eng_Latn,492,0,60
eng_Latn,492,1,9
eng_Latn,492,2,29
eng_Latn,492,3,54
eng_Latn,492,4,18
eng_Latn,492,5,48
eng_Latn,492,6,18
eng_Latn,492,7,34
eng_Latn,493,0,60
eng_Latn,493,1,35
eng_Latn,493,2,46
eng_Latn,494,0,60
eng_Latn,494,1,48
eng_Latn,494,2,56
eng_Latn,494,3,57
eng_Latn,494,4,29
eng_Latn,494,5,41
eng_Latn,494,6,17
eng_Latn,495,0,60
eng_Latn,495,1,45
eng_Latn,495,2,18
eng_Latn,495,3,53
eng_Latn,495,4,16
eng_Latn,495,5,30
eng_Latn,495,6,46
eng_Latn,495,7,15
eng_Latn,496,0,60
eng_Latn,496,1,23
eng_Latn,496,2,56
eng_Latn,496,3,57
eng_Latn,496,4,54
eng_Latn,496,5,35
eng_Latn,496,6,38
eng_Latn,496,7,57
eng_Latn,497,0,60
eng_Latn,497,1,9
eng_Latn,497,2,29
eng_Latn,497,3,17
eng_Latn,497,4,35
eng_Latn,497,5,18
eng_Latn,497,6,34
eng_Latn,498,0,60
eng_Latn,498,1,49
eng_Latn,498,2,39
jpn_Jpan,499,0,60
jpn_Jpan,499,1,13
jpn_Jpan,499,2,13
jpn_Jpan,499,3,24
jpn_Jpan,499,4,13
jpn_Jpan,499,5,13
jpn_Jpan,499,6,13
jpn_Jpan,499,7,13
jpn_Jpan,499,8,13
jpn_Jpan,499,9,9
jpn_Jpan,499,10,19
jpn_Jpan,499,11,7
jpn_Jpan,499,12,24
jpn_Jpan,499,13,1
jpn_Jpan,499,14,19
jpn_Jpan,499,15,39
jpn_Jpan,499,16,13
jpn_Jpan,499,17,24
jpn_Jpan,499,18,13
jpn_Jpan,499,19,13
jpn_Jpan,499,20,51
jpn_Jpan,499,21,51
jpn_Jpan,499,22,51
eng_Latn,500,0,60
eng_Latn,500,1,22
eng_Latn,500,2,60
eng_Latn,500,3,9
eng_Latn,500,4,26
eng_Latn,500,5,26
eng_Latn,500,6,49
eng_Latn,500,7,27
eng_Latn,500,8,27
eng_Latn,500,9,27
eng_Latn,500,10,7
eng_Latn,501,0,60
eng_Latn,501,1,18
eng_Latn,501,2,56
eng_Latn,501,3,19
eng_Latn,501,4,1
eng_Latn,501,5,19
eng_Latn,501,6,15
eng_Latn,502,0,60
eng_Latn,502,1,5
eng_Latn,502,2,35
eng_Latn,502,3,46
eng_Latn,502,4,53
eng_Latn,502,5,48
eng_Latn,502,6,18
eng_Latn,502,7,23
eng_Latn,502,8,54
eng_Latn,502,9,52
eng_Latn,503,0,60
eng_Latn,503,1,13
eng_Latn,503,2,13
eng_Latn,503,3,5
eng_Latn,503,4,7
eng_Latn,504,0,60
eng_Latn,504,1,47
eng_Latn,504,2,8
eng_Latn,504,3,33
eng_Latn,504,4,33
eng_Latn,504,5,63
eng_Latn,504,6,12
eng_Latn,504,7,61
eng_Latn,504,8,26
eng_Latn,504,9,26
eng_Latn,504,10,26
eng_Latn,504,11,60
eng_Latn,505,0,60
eng_Latn,505,1,9
eng_Latn,505,2,56
eng_Latn,505,3,56
eng_Latn,505,4,51
eng_Latn,505,5,54
eng_Latn,505,6,18
eng_Latn,505,7,16
eng_Latn,505,8,20
eng_Latn,505,9,16
eng_Latn,506,0,60
eng_Latn,506,1,29
eng_Latn,506,2,34
eng_Latn,506,3,35
eng_Latn,506,4,34
eng_Latn,507,0,60
eng_Latn,507,1,63
eng_Latn,507,2,37
eng_Latn,507,3,52
eng_Latn,508,0,60
eng_Latn,508,1,27
eng_Latn,508,2,27
eng_Latn,508,3,5
eng_Latn,508,4,27
eng_Latn,508,5,26
eng_Latn,508,6,26
jpn_Jpan,509,0,60
jpn_Jpan,509,1,12
jpn_Jpan,509,2,7
jpn_Jpan,509,3,12
jpn_Jpan,509,4,7
jpn_Jpan,509,5,12
jpn_Jpan,509,6,58
jpn_Jpan,510,0,60
jpn_Jpan,510,1,40
jpn_Jpan,510,2,24
jpn_Jpan,510,3,13
jpn_Jpan,510,4,61
jpn_Jpan,510,5,34
jpn_Jpan,510,6,13
jpn_Jpan,510,7,13
jpn_Jpan,510,8,24
jpn_Jpan,510,9,19
jpn_Jpan,510,10,40
jpn_Jpan,510,11,24
jpn_Jpan,510,12,13
jpn_Jpan,510,13,34
jpn_Jpan,510,14,13
jpn_Jpan,510,15,13
jpn_Jpan,510,16,13
jpn_Jpan,510,17,13
jpn_Jpan,510,18,34
eng_Latn,511,0,60
eng_Latn,511,1,12
eng_Latn,511,2,42
eng_Latn,511,3,22
eng_Latn,511,4,27
eng_Latn,511,5,49
eng_Latn,511,6,9
eng_Latn,511,7,40
eng_Latn,512,0,60
eng_Latn,512,1,20
eng_Latn,512,2,19
eng_Latn,512,3,33
jpn_Jpan,513,0,60
jpn_Jpan,513,1,13
jpn_Jpan,513,2,13
jpn_Jpan,513,3,13
jpn_Jpan,513,4,13
jpn_Jpan,513,5,24
jpn_Jpan,513,6,19
jpn_Jpan,513,7,13
jpn_Jpan,513,8,13
jpn_Jpan,513,9,61
jpn_Jpan,513,10,13
jpn_Jpan,513,11,19
jpn_Jpan,513,12,13
jpn_Jpan,513,13,13
jpn_Jpan,513,14,13
jpn_Jpan,513,15,24
jpn_Jpan,513,16,13
jpn_Jpan,513,17,13
eng_Latn,514,0,60
eng_Latn,514,1,22
eng_Latn,514,2,51
eng_Latn,514,3,46
eng_Latn,514,4,45
eng_Latn,514,5,46
eng_Latn,514,6,45
eng_Latn,514,7,51
eng_Latn,515,0,60
eng_Latn,515,1,54
eng_Latn,515,2,20
eng_Latn,515,3,35
eng_Latn,515,4,30
eng_Latn,515,5,30
eng_Latn,515,6,57
eng_Latn,515,7,20
eng_Latn,515,8,51
jpn_Jpan,516,0,60
jpn_Jpan,516,1,24
jpn_Jpan,516,2,24
jpn_Jpan,516,3,13
jpn_Jpan,516,4,13
jpn_Jpan,516,5,24
jpn_Jpan,516,6,13
jpn_Jpan,516,7,13
jpn_Jpan,516,8,24
jpn_Jpan,516,9,19
jpn_Jpan,516,10,13
jpn_Jpan,516,11,13
jpn_Jpan,516,12,36
jpn_Jpan,516,13,40
jpn_Jpan,516,14,40
jpn_Jpan,516,15,19
jpn_Jpan,516,16,26
jpn_Jpan,516,17,7
jpn_Jpan,516,18,13
jpn_Jpan,516,19,19
jpn_Jpan,516,20,13
jpn_Jpan,516,21,24
jpn_Jpan,516,22,22
jpn_Jpan,516,23,40
eng_Latn,517,0,60
eng_Latn,517,1,49
eng_Latn,517,2,61
eng_Latn,517,3,49
eng_Latn,517,4,9
eng_Latn,517,5,14
eng_Latn,517,6,18
eng_Latn,518,0,60
eng_Latn,518,1,42
eng_Latn,518,2,4
eng_Latn,518,3,0
eng_Latn,518,4,4
eng_Latn,518,5,19
eng_Latn,518,6,4
eng_Latn,518,7,14
eng_Latn,518,8,52
eng_Latn,518,9,57
eng_Latn,519,0,60
eng_Latn,519,1,45
eng_Latn,519,2,20
eng_Latn,519,3,0
eng_Latn,519,4,53
eng_Latn,519,5,41
eng_Latn,519,6,21
eng_Latn,519,7,51
eng_Latn,520,0,60
eng_Latn,520,1,27
eng_Latn,520,2,61
eng_Latn,520,3,39
eng_Latn,520,4,9
eng_Latn,520,5,38
eng_Latn,520,6,50
eng_Latn,520,7,16
eng_Latn,521,0,60
eng_Latn,521,1,33
eng_Latn,521,2,29
eng_Latn,521,3,33
eng_Latn,521,4,33
eng_Latn,521,5,33
eng_Latn,521,6,33
eng_Latn,521,7,57
eng_Latn,521,8,33
eng_Latn,521,9,46
jpn_Jpan,522,0,60
jpn_Jpan,522,1,19
jpn_Jpan,522,2,13
jpn_Jpan,522,3,13
jpn_Jpan,522,4,36
jpn_Jpan,522,5,24
jpn_Jpan,522,6,52
jpn_Jpan,522,7,1
jpn_Jpan,522,8,52
jpn_Jpan,522,9,1
jpn_Jpan,522,10,13
jpn_Jpan,522,11,13
jpn_Jpan,522,12,34
eng_Latn,523,0,60
eng_Latn,523,1,22
eng_Latn,523,2,19
eng_Latn,523,3,63
eng_Latn,523,4,48
eng_Latn,523,5,63
eng_Latn,524,0,60
eng_Latn,524,1,56
eng_Latn,524,2,56
eng_Latn,524,3,52
eng_Latn,524,4,57
eng_Latn,524,5,52
eng_Latn,524,6,52
eng_Latn,524,7,57
eng_Latn,524,8,23
eng_Latn,524,9,4
eng_Latn,525,0,60
eng_Latn,525,1,52
eng_Latn,525,2,52
eng_Latn,525,3,1
eng_Latn,525,4,13
eng_Latn,525,5,52
eng_Latn,525,6,60
eng_Latn,525,7,37
eng_Latn,525,8,52
eng_Latn,525,9,9
eng_Latn,525,10,9
eng_Latn,525,11,9
eng_Latn,525,12,22
eng_Latn,525,13,9
eng_Latn,525,14,58
eng_Latn,525,15,12
eng_Latn,525,16,4
eng_Latn,526,0,60
eng_Latn,526,1,18
eng_Latn,526,2,4
eng_Latn,526,3,46
eng_Latn,527,0,60
eng_Latn,527,1,29
eng_Latn,527,2,54
eng_Latn,527,3,50
eng_Latn,527,4,50
eng_Latn,527,5,50
eng_Latn,528,0,60
eng_Latn,528,1,38
eng_Latn,528,2,63
eng_Latn,528,3,56
eng_Latn,528,4,34
jpn_Jpan,529,0,60
jpn_Jpan,529,1,13
jpn_Jpan,529,2,13
jpn_Jpan,529,3,47
jpn_Jpan,529,4,13
jpn_Jpan,529,5,13
jpn_Jpan,529,6,13
jpn_Jpan,529,7,13
jpn_Jpan,529,8,34
eng_Latn,530,0,60
eng_Latn,530,1,46
eng_Latn,530,2,63
eng_Latn,530,3,63
eng_Latn,530,4,19
eng_Latn,531,0,60
eng_Latn,531,1,27
eng_Latn,531,2,19
eng_Latn,531,3,18
eng_Latn,531,4,37
eng_Latn,531,5,57
eng_Latn,531,6,48
eng_Latn,531,7,48
eng_Latn,531,8,48
eng_Latn,531,9,48
eng_Latn,531,10,49
eng_Latn,532,0,60
eng_Latn,532,1,38
eng_Latn,532,2,15
eng_Latn,532,3,29
eng_Latn,532,4,35
eng_Latn,532,5,57
eng_Latn,532,6,57
eng_Latn,533,0,60
eng_Latn,533,1,10
eng_Latn,533,2,56
eng_Latn,533,3,54
eng_Latn,533,4,41
eng_Latn,533,5,46
eng_Latn,534,0,60
eng_Latn,534,1,63
eng_Latn,534,2,12
eng_Latn,534,3,22
eng_Latn,534,4,63
eng_Latn,535,0,60
eng_Latn,535,1,28
eng_Latn,535,2,28
eng_Latn,535,3,38
eng_Latn,535,4,19
eng_Latn,535,5,47
eng_Latn,536,0,60
eng_Latn,536,1,47
eng_Latn,536,2,49
eng_Latn,536,3,26
eng_Latn,536,4,26
eng_Latn,536,5,26
eng_Latn,536,6,1
eng_Latn,537,0,60
eng_Latn,537,1,27
eng_Latn,537,2,26
eng_Latn,538,0,60
eng_Latn,538,1,22
eng_Latn,538,2,9
eng_Latn,538,3,9
eng_Latn,538,4,40
eng_Latn,538,5,40
eng_Latn,538,6,46
eng_Latn,538,7,49
eng_Latn,538,8,9
eng_Latn,538,9,9
eng_Latn,538,10,42
eng_Latn,538,11,9
eng_Latn,538,12,29
eng_Latn,538,13,51
eng_Latn,539,0,60
eng_Latn,539,1,38
eng_Latn,539,2,57
eng_Latn,539,3,41
eng_Latn,539,4,15
eng_Latn,539,5,56
eng_Latn,539,6,4
eng_Latn,540,0,60
eng_Latn,540,1,35
eng_Latn,540,2,57
eng_Latn,540,3,54
eng_Latn,540,4,31
eng_Latn,540,5,16
eng_Latn,541,0,60
eng_Latn,541,1,9
eng_Latn,541,2,9
eng_Latn,541,3,56
eng_Latn,541,4,38
eng_Latn,541,5,35
eng_Latn,541,6,46
jpn_Jpan,542,0,60
jpn_Jpan,542,1,13
jpn_Jpan,542,2,24
jpn_Jpan,542,3,29
jpn_Jpan,542,4,19
jpn_Jpan,542,5,13
jpn_Jpan,542,6,24
jpn_Jpan,542,7,13
jpn_Jpan,542,8,13
jpn_Jpan,542,9,24
jpn_Jpan,542,10,13
jpn_Jpan,542,11,13
jpn_Jpan,542,12,24
jpn_Jpan,542,13,13
jpn_Jpan,542,14,13
jpn_Jpan,542,15,24
jpn_Jpan,542,16,19
jpn_Jpan,542,17,13
jpn_Jpan,542,18,39
jpn_Jpan,542,19,19
jpn_Jpan,542,20,13
jpn_Jpan,542,21,13
jpn_Jpan,542,22,19
jpn_Jpan,542,23,13
jpn_Jpan,542,24,13
jpn_Jpan,542,25,51
jpn_Jpan,543,0,60
jpn_Jpan,543,1,13
jpn_Jpan,543,2,19
jpn_Jpan,543,3,19
jpn_Jpan,543,4,39
jpn_Jpan,543,5,13
jpn_Jpan,543,6,47
jpn_Jpan,543,7,13
jpn_Jpan,543,8,1
jpn_Jpan,543,9,19
jpn_Jpan,543,10,13
jpn_Jpan,543,11,36
jpn_Jpan,543,12,13
jpn_Jpan,543,13,13
jpn_Jpan,543,14,13
jpn_Jpan,543,15,24
jpn_Jpan,543,16,61
jpn_Jpan,543,17,13
jpn_Jpan,543,18,13
jpn_Jpan,543,19,13
jpn_Jpan,543,20,34
jpn_Jpan,543,21,13
jpn_Jpan,543,22,24
jpn_Jpan,543,23,26
jpn_Jpan,543,24,47
jpn_Jpan,543,25,13
jpn_Jpan,543,26,34
jpn_Jpan,543,27,34
eng_Latn,544,0,60
eng_Latn,544,1,53
eng_Latn,544,2,53
eng_Latn,544,3,38
eng_Latn,544,4,59
eng_Latn,544,5,46
eng_Latn,545,0,60
eng_Latn,545,1,57
eng_Latn,545,2,15
eng_Latn,545,3,48
eng_Latn,545,4,16
eng_Latn,546,0,60
eng_Latn,546,1,9
eng_Latn,546,2,22
eng_Latn,546,3,57
eng_Latn,546,4,15
eng_Latn,546,5,37
eng_Latn,546,6,37
eng_Latn,546,7,37
eng_Latn,546,8,40
eng_Latn,546,9,49
eng_Latn,547,0,60
eng_Latn,547,1,49
eng_Latn,547,2,26
eng_Latn,548,0,60
eng_Latn,548,1,56
eng_Latn,548,2,34
eng_Latn,548,3,31
eng_Latn,548,4,20
eng_Latn,548,5,63
eng_Latn,549,0,60
eng_Latn,549,1,52
eng_Latn,549,2,14
eng_Latn,549,3,52
eng_Latn,549,4,52
eng_Latn,549,5,57
eng_Latn,549,6,63
eng_Latn,550,0,60
eng_Latn,550,1,11
eng_Latn,550,2,54
eng_Latn,550,3,45
eng_Latn,550,4,34
eng_Latn,550,5,34
eng_Latn,550,6,30
eng_Latn,550,7,49
eng_Latn,550,8,14
eng_Latn,551,0,60
eng_Latn,551,1,22
eng_Latn,551,2,22
eng_Latn,551,3,22
eng_Latn,551,4,58
eng_Latn,552,0,60
eng_Latn,552,1,29
eng_Latn,552,2,18
eng_Latn,552,3,5
eng_Latn,552,4,18
eng_Latn,552,5,18
eng_Latn,552,6,16
eng_Latn,552,7,18
eng_Latn,552,8,56
eng_Latn,552,9,57
jpn_Jpan,553,0,60
jpn_Jpan,553,1,24
jpn_Jpan,553,2,40
jpn_Jpan,553,3,24
jpn_Jpan,553,4,47
jpn_Jpan,553,5,47
jpn_Jpan,553,6,36
jpn_Jpan,553,7,36
jpn_Jpan,553,8,36
jpn_Jpan,553,9,36
jpn_Jpan,553,10,52
jpn_Jpan,553,11,36
jpn_Jpan,553,12,37
jpn_Jpan,553,13,36
jpn_Jpan,553,14,37
jpn_Jpan,553,15,52
eng_Latn,554,0,60
eng_Latn,554,1,52
eng_Latn,554,2,48
eng_Latn,554,3,56
eng_Latn,554,4,14
eng_Latn,554,5,55
eng_Latn,554,6,19
eng_Latn,554,7,19
eng_Latn,554,8,63
eng_Latn,555,0,60
eng_Latn,555,1,16
eng_Latn,555,2,19
eng_Latn,555,3,47
eng_Latn,555,4,16
eng_Latn,555,5,50
eng_Latn,555,6,16
eng_Latn,555,7,38
eng_Latn,555,8,57
jpn_Jpan,556,0,60
jpn_Jpan,556,1,13
jpn_Jpan,556,2,52
jpn_Jpan,556,3,1
jpn_Jpan,556,4,52
jpn_Jpan,556,5,13
jpn_Jpan,556,6,9
jpn_Jpan,556,7,13
jpn_Jpan,556,8,61
jpn_Jpan,556,9,19
jpn_Jpan,556,10,19
jpn_Jpan,556,11,22
jpn_Jpan,556,12,13
jpn_Jpan,556,13,19
jpn_Jpan,556,14,13
jpn_Jpan,556,15,19
jpn_Jpan,556,16,13
jpn_Jpan,556,17,11
jpn_Jpan,556,18,61
jpn_Jpan,556,19,22
jpn_Jpan,556,20,61
jpn_Jpan,556,21,13
jpn_Jpan,556,22,12
jpn_Jpan,556,23,61
jpn_Jpan,556,24,40
jpn_Jpan,556,25,61
jpn_Jpan,556,26,13
jpn_Jpan,556,27,42
jpn_Jpan,556,28,19
jpn_Jpan,556,29,13
jpn_Jpan,556,30,13
jpn_Jpan,557,0,60
jpn_Jpan,557,1,13
jpn_Jpan,557,2,24
jpn_Jpan,557,3,19
jpn_Jpan,557,4,13
jpn_Jpan,557,5,19
jpn_Jpan,557,6,24
jpn_Jpan,557,7,13
jpn_Jpan,557,8,13
jpn_Jpan,557,9,47
jpn_Jpan,557,10,13
jpn_Jpan,557,11,13
jpn_Jpan,557,12,47
jpn_Jpan,557,13,19
jpn_Jpan,557,14,13
jpn_Jpan,557,15,47
jpn_Jpan,557,16,13
jpn_Jpan,557,17,24
jpn_Jpan,557,18,13
jpn_Jpan,557,19,13
jpn_Jpan,557,20,51
jpn_Jpan,557,21,51
jpn_Jpan,557,22,51
jpn_Jpan,558,0,60
jpn_Jpan,558,1,61
jpn_Jpan,558,2,24
jpn_Jpan,558,3,24
jpn_Jpan,558,4,24
jpn_Jpan,558,5,24
jpn_Jpan,558,6,13
jpn_Jpan,558,7,13
jpn_Jpan,558,8,13
jpn_Jpan,558,9,13
jpn_Jpan,558,10,13
jpn_Jpan,558,11,47
jpn_Jpan,558,12,13
jpn_Jpan,558,13,13
jpn_Jpan,558,14,34
jpn_Jpan,558,15,51
jpn_Jpan,558,16,24
jpn_Jpan,558,17,24
jpn_Jpan,558,18,24
jpn_Jpan,558,19,13
jpn_Jpan,558,20,19
jpn_Jpan,558,21,13
jpn_Jpan,558,22,24
jpn_Jpan,558,23,24
jpn_Jpan,558,24,13
jpn_Jpan,558,25,13
jpn_Jpan,558,26,47
jpn_Jpan,558,27,13
jpn_Jpan,558,28,13
jpn_Jpan,558,29,13
eng_Latn,559,0,60
eng_Latn,559,1,56
eng_Latn,559,2,54
eng_Latn,559,3,38
eng_Latn,559,4,57
eng_Latn,559,5,20
eng_Latn,559,6,59
eng_Latn,559,7,16
eng_Latn,560,0,60
eng_Latn,560,1,22
eng_Latn,560,2,9
eng_Latn,560,3,22
eng_Latn,560,4,46
eng_Latn,560,5,40
eng_Latn,560,6,51
eng_Latn,560,7,62
eng_Latn,560,8,8
eng_Latn,560,9,8
eng_Latn,560,10,51
jpn_Jpan,561,0,60
jpn_Jpan,561,1,13
jpn_Jpan,561,2,36
jpn_Jpan,561,3,24
jpn_Jpan,561,4,24
jpn_Jpan,561,5,19
jpn_Jpan,561,6,13
jpn_Jpan,561,7,26
jpn_Jpan,561,8,47
jpn_Jpan,561,9,13
jpn_Jpan,561,10,13
jpn_Jpan,561,11,13
jpn_Jpan,561,12,24
jpn_Jpan,561,13,13
jpn_Jpan,561,14,13
jpn_Jpan,561,15,34
jpn_Jpan,561,16,19
jpn_Jpan,561,17,51
jpn_Jpan,561,18,13
eng_Latn,562,0,60
eng_Latn,562,1,34
eng_Latn,562,2,34
eng_Latn,563,0,60
eng_Latn,563,1,27
eng_Latn,563,2,35
eng_Latn,563,3,19
eng_Latn,563,4,33
eng_Latn,563,5,46
eng_Latn,563,6,8
eng_Latn,563,7,8
eng_Latn,563,8,46
eng_Latn,563,9,16
jpn_Jpan,564,0,60
jpn_Jpan,564,1,13
jpn_Jpan,564,2,13
jpn_Jpan,564,3,13
jpn_Jpan,564,4,13
jpn_Jpan,564,5,19
jpn_Jpan,564,6,36
jpn_Jpan,564,7,24
jpn_Jpan,564,8,1
jpn_Jpan,564,9,13
jpn_Jpan,564,10,19
jpn_Jpan,564,11,39
jpn_Jpan,564,12,13
jpn_Jpan,564,13,24
jpn_Jpan,564,14,19
jpn_Jpan,564,15,13
jpn_Jpan,564,16,13
jpn_Jpan,564,17,19
jpn_Jpan,564,18,13
jpn_Jpan,564,19,24
jpn_Jpan,564,20,13
jpn_Jpan,564,21,13
jpn_Jpan,564,22,39
jpn_Jpan,564,23,47
jpn_Jpan,564,24,13
jpn_Jpan,564,25,24
jpn_Jpan,564,26,13
jpn_Jpan,564,27,34
eng_Latn,565,0,60
eng_Latn,565,1,37
eng_Latn,565,2,12
eng_Latn,565,3,2
eng_Latn,565,4,47
eng_Latn,566,0,60
eng_Latn,566,1,49
eng_Latn,566,2,49
eng_Latn,566,3,26
eng_Latn,566,4,12
eng_Latn,566,5,56
eng_Latn,566,6,63
eng_Latn,566,7,53
eng_Latn,566,8,3
eng_Latn,566,9,46
eng_Latn,566,10,5
eng_Latn,566,11,61
eng_Latn,567,0,60
eng_Latn,567,1,42
eng_Latn,567,2,19
eng_Latn,567,3,22
eng_Latn,568,0,60
eng_Latn,568,1,18
eng_Latn,568,2,9
eng_Latn,568,3,0
eng_Latn,569,0,60
eng_Latn,569,1,52
eng_Latn,569,2,24
eng_Latn,569,3,7
eng_Latn,570,0,60
eng_Latn,570,1,48
eng_Latn,570,2,18
eng_Latn,570,3,18
eng_Latn,570,4,63
eng_Latn,570,5,30
eng_Latn,570,6,30
eng_Latn,570,7,33
eng_Latn,571,0,60
eng_Latn,571,1,51
eng_Latn,571,2,38
eng_Latn,571,3,46
eng_Latn,571,4,56
eng_Latn,571,5,53
eng_Latn,571,6,35
eng_Latn,571,7,43
eng_Latn,571,8,21
eng_Latn,572,0,60
eng_Latn,572,1,12
eng_Latn,572,2,26
eng_Latn,572,3,19
eng_Latn,572,4,49
eng_Latn,572,5,1
eng_Latn,572,6,52
eng_Latn,572,7,62
eng_Latn,573,0,60
eng_Latn,573,1,9
eng_Latn,573,2,38
eng_Latn,573,3,15
eng_Latn,573,4,56
eng_Latn,573,5,63
eng_Latn,573,6,60
eng_Latn,573,7,40
eng_Latn,573,8,63
eng_Latn,574,0,60
eng_Latn,574,1,12
eng_Latn,574,2,42
eng_Latn,574,3,22
eng_Latn,574,4,26
eng_Latn,574,5,9
eng_Latn,574,6,19
eng_Latn,574,7,8
eng_Latn,575,0,60
eng_Latn,575,1,27
eng_Latn,575,2,49
eng_Latn,575,3,24
eng_Latn,575,4,26
eng_Latn,575,5,49
eng_Latn,575,6,54
eng_Latn,576,0,60
eng_Latn,576,1,35
eng_Latn,576,2,9
eng_Latn,576,3,56
eng_Latn,576,4,56
eng_Latn,576,5,44
eng_Latn,576,6,20
eng_Latn,576,7,41
eng_Latn,576,8,51
eng_Latn,577,0,60
eng_Latn,577,1,37
eng_Latn,577,2,22
eng_Latn,577,3,26
eng_Latn,578,0,60
eng_Latn,578,1,49
eng_Latn,578,2,42
eng_Latn,578,3,9
eng_Latn,578,4,18
eng_Latn,578,5,50
eng_Latn,578,6,20
eng_Latn,578,7,41
eng_Latn,578,8,46
eng_Latn,579,0,60
eng_Latn,579,1,34
eng_Latn,579,2,34
eng_Latn,580,0,60
eng_Latn,580,1,12
eng_Latn,580,2,22
eng_Latn,580,3,24
eng_Latn,580,4,47
eng_Latn,580,5,52
eng_Latn,580,6,13
eng_Latn,580,7,13
eng_Latn,580,8,13
eng_Latn,580,9,1
eng_Latn,580,10,13
eng_Latn,580,11,52
eng_Latn,580,12,1
eng_Latn,580,13,58
eng_Latn,581,0,60
eng_Latn,581,1,4
eng_Latn,581,2,9
eng_Latn,581,3,56
eng_Latn,581,4,54
eng_Latn,581,5,41
eng_Latn,581,6,19
eng_Latn,581,7,4
eng_Latn,581,8,53
eng_Latn,581,9,35
eng_Latn,581,10,8
eng_Latn,581,11,4
eng_Latn,582,0,60
eng_Latn,582,1,53
eng_Latn,582,2,44
eng_Latn,582,3,34
eng_Latn,582,4,53
eng_Latn,582,5,49
eng_Latn,582,6,63
eng_Latn,583,0,60
eng_Latn,583,1,16
eng_Latn,583,2,53
eng_Latn,583,3,24
eng_Latn,583,4,35
eng_Latn,583,5,4
eng_Latn,583,6,19
eng_Latn,583,7,47
eng_Latn,583,8,4
eng_Latn,584,0,60
eng_Latn,584,1,19
eng_Latn,584,2,33
eng_Latn,584,3,19
eng_Latn,584,4,15
eng_Latn,584,5,33
eng_Latn,584,6,61
eng_Latn,584,7,20
eng_Latn,584,8,19
eng_Latn,584,9,15
eng_Latn,585,0,60
eng_Latn,585,1,46
eng_Latn,585,2,57
eng_Latn,585,3,34
eng_Latn,586,0,60
eng_Latn,586,1,24
eng_Latn,586,2,52
eng_Latn,586,3,24
eng_Latn,586,4,52
eng_Latn,587,0,60
eng_Latn,587,1,40
eng_Latn,588,0,60
eng_Latn,588,1,22
eng_Latn,588,2,22
eng_Latn,588,3,49
eng_Latn,588,4,34
eng_Latn,589,0,60
eng_Latn,589,1,29
eng_Latn,589,2,54
eng_Latn,589,3,18
eng_Latn,589,4,0
eng_Latn,589,5,17
eng_Latn,589,6,20
eng_Latn,589,7,24
eng_Latn,589,8,7
eng_Latn,590,0,60
eng_Latn,590,1,42
eng_Latn,590,2,34
eng_Latn,591,0,60
eng_Latn,591,1,38
eng_Latn,591,2,46
eng_Latn,591,3,33
eng_Latn,591,4,33
eng_Latn,591,5,33
eng_Latn,591,6,33
eng_Latn,591,7,33
eng_Latn,591,8,4
eng_Latn,592,0,60
eng_Latn,592,1,34
eng_Latn,592,2,42
eng_Latn,592,3,51
eng_Latn,593,0,60
eng_Latn,593,1,40
eng_Latn,593,2,22
eng_Latn,593,3,12
eng_Latn,593,4,26
eng_Latn,593,5,13
eng_Latn,593,6,49
eng_Latn,593,7,19
eng_Latn,593,8,39
eng_Latn,593,9,18
eng_Latn,593,10,26
eng_Latn,594,0,60
eng_Latn,594,1,57
eng_Latn,594,2,56
eng_Latn,594,3,63
eng_Latn,594,4,28
eng_Latn,594,5,37
eng_Latn,594,6,39
eng_Latn,594,7,13
eng_Latn,594,8,30
eng_Latn,594,9,63
eng_Latn,595,0,60
eng_Latn,595,1,57
eng_Latn,595,2,45
eng_Latn,595,3,46
eng_Latn,595,4,17
eng_Latn,595,5,56
eng_Latn,595,6,35
eng_Latn,595,7,35
eng_Latn,595,8,34
eng_Latn,596,0,60
eng_Latn,596,1,18
eng_Latn,596,2,56
eng_Latn,596,3,21
eng_Latn,596,4,51
eng_Latn,596,5,20
eng_Latn,596,6,27
eng_Latn,597,0,60
eng_Latn,597,1,12
eng_Latn,597,2,42
eng_Latn,597,3,19
eng_Latn,597,4,22
eng_Latn,597,5,49
eng_Latn,597,6,9
eng_Latn,597,7,61
eng_Latn,597,8,30
eng_Latn,597,9,47
eng_Latn,597,10,8
jpn_Jpan,598,0,60
jpn_Jpan,598,1,36
jpn_Jpan,598,2,13
jpn_Jpan,598,3,36
jpn_Jpan,598,4,36
jpn_Jpan,598,5,13
jpn_Jpan,598,6,47
jpn_Jpan,598,7,19
jpn_Jpan,598,8,13
jpn_Jpan,598,9,36
jpn_Jpan,598,10,36
jpn_Jpan,598,11,13
jpn_Jpan,598,12,13
jpn_Jpan,598,13,47
jpn_Jpan,598,14,13
jpn_Jpan,598,15,13
jpn_Jpan,598,16,13
jpn_Jpan,598,17,13
jpn_Jpan,598,18,19
jpn_Jpan,598,19,47
jpn_Jpan,598,20,36
jpn_Jpan,598,21,36
jpn_Jpan,598,22,13
jpn_Jpan,598,23,13
jpn_Jpan,598,24,24
jpn_Jpan,598,25,13
jpn_Jpan,598,26,19
jpn_Jpan,598,27,13
jpn_Jpan,598,28,36
jpn_Jpan,598,29,36
jpn_Jpan,598,30,36
jpn_Jpan,598,31,36
jpn_Jpan,598,32,24
jpn_Jpan,598,33,13
jpn_Jpan,598,34,61
jpn_Jpan,598,35,61
jpn_Jpan,598,36,13
jpn_Jpan,598,37,39
jpn_Jpan,598,38,39
jpn_Jpan,598,39,36
jpn_Jpan,598,40,13
jpn_Jpan,598,41,47
jpn_Jpan,598,42,34
eng_Latn,599,0,60
eng_Latn,599,1,19
eng_Latn,599,2,40
eng_Latn,599,3,34
eng_Latn,600,0,60
eng_Latn,600,1,22
eng_Latn,600,2,34
eng_Latn,600,3,34
eng_Latn,601,0,60
eng_Latn,601,1,57
eng_Latn,601,2,23
eng_Latn,601,3,46
eng_Latn,601,4,54
eng_Latn,601,5,59
eng_Latn,601,6,48
eng_Latn,601,7,5
eng_Latn,601,8,1
eng_Latn,601,9,52
eng_Latn,602,0,60
eng_Latn,602,1,2
eng_Latn,602,2,5
eng_Latn,602,3,19
eng_Latn,602,4,19
eng_Latn,602,5,46
eng_Latn,602,6,5
eng_Latn,602,7,61
eng_Latn,603,0,60
eng_Latn,603,1,22
eng_Latn,603,2,9
eng_Latn,603,3,22
eng_Latn,603,4,63
eng_Latn,603,5,56
eng_Latn,603,6,57
eng_Latn,603,7,25
eng_Latn,603,8,8
jpn_Jpan,604,0,60
jpn_Jpan,604,1,13
jpn_Jpan,604,2,24
jpn_Jpan,604,3,19
jpn_Jpan,604,4,13
jpn_Jpan,604,5,13
jpn_Jpan,604,6,24
jpn_Jpan,604,7,47
jpn_Jpan,604,8,47
jpn_Jpan,604,9,13
jpn_Jpan,604,10,19
jpn_Jpan,604,11,13
jpn_Jpan,604,12,13
jpn_Jpan,604,13,61
jpn_Jpan,604,14,13
jpn_Jpan,604,15,34
jpn_Jpan,604,16,51
jpn_Jpan,604,17,51
jpn_Jpan,605,0,60
jpn_Jpan,605,1,13
jpn_Jpan,605,2,13
jpn_Jpan,605,3,13
jpn_Jpan,605,4,13
jpn_Jpan,605,5,19
jpn_Jpan,605,6,13
jpn_Jpan,605,7,13
jpn_Jpan,605,8,47
jpn_Jpan,605,9,13
jpn_Jpan,605,10,13
jpn_Jpan,605,11,13
jpn_Jpan,605,12,39
jpn_Jpan,605,13,7
jpn_Jpan,605,14,12
jpn_Jpan,605,15,24
jpn_Jpan,605,16,24
jpn_Jpan,605,17,52
jpn_Jpan,605,18,37
jpn_Jpan,605,19,24
jpn_Jpan,605,20,47
jpn_Jpan,605,21,13
jpn_Jpan,605,22,34
jpn_Jpan,605,23,13
jpn_Jpan,605,24,24
jpn_Jpan,605,25,13
jpn_Jpan,605,26,13
jpn_Jpan,605,27,19
jpn_Jpan,605,28,13
jpn_Jpan,605,29,24
jpn_Jpan,605,30,13
jpn_Jpan,605,31,24
jpn_Jpan,605,32,52
jpn_Jpan,605,33,52
jpn_Jpan,605,34,13
jpn_Jpan,605,35,61
jpn_Jpan,605,36,13
jpn_Jpan,605,37,13
jpn_Jpan,605,38,19
jpn_Jpan,605,39,13
jpn_Jpan,605,40,13
eng_Latn,606,0,60
eng_Latn,606,1,34
eng_Latn,606,2,29
eng_Latn,606,3,34
eng_Latn,607,0,60
eng_Latn,607,1,39
eng_Latn,607,2,61
eng_Latn,607,3,26
eng_Latn,607,4,49
eng_Latn,607,5,56
eng_Latn,607,6,37
eng_Latn,607,7,57
eng_Latn,607,8,35
eng_Latn,607,9,57
eng_Latn,608,0,60
eng_Latn,608,1,12
eng_Latn,608,2,19
eng_Latn,608,3,61
eng_Latn,608,4,39
eng_Latn,608,5,24
eng_Latn,609,0,60
eng_Latn,609,1,33
eng_Latn,609,2,1
eng_Latn,609,3,52
eng_Latn,609,4,37
eng_Latn,609,5,52
eng_Latn,609,6,1
eng_Latn,609,7,1
eng_Latn,609,8,13
eng_Latn,609,9,13
eng_Latn,610,0,60
eng_Latn,610,1,19
eng_Latn,610,2,40
eng_Latn,610,3,18
eng_Latn,610,4,14
eng_Latn,610,5,38
eng_Latn,610,6,40
eng_Latn,610,7,46
eng_Latn,610,8,47
eng_Latn,610,9,15
eng_Latn,610,10,12
eng_Latn,610,11,11
eng_Latn,610,12,19
eng_Latn,610,13,22
jpn_Jpan,611,0,60
jpn_Jpan,611,1,40
jpn_Jpan,611,2,49
jpn_Jpan,611,3,24
jpn_Jpan,611,4,13
jpn_Jpan,611,5,19
jpn_Jpan,611,6,13
jpn_Jpan,611,7,24
jpn_Jpan,611,8,19
jpn_Jpan,611,9,13
jpn_Jpan,611,10,13
jpn_Jpan,611,11,34
jpn_Jpan,611,12,13
jpn_Jpan,611,13,24
jpn_Jpan,611,14,13
jpn_Jpan,611,15,13
jpn_Jpan,611,16,47
jpn_Jpan,611,17,39
jpn_Jpan,611,18,13
jpn_Jpan,611,19,39
jpn_Jpan,611,20,47
jpn_Jpan,611,21,13
jpn_Jpan,611,22,13
jpn_Jpan,611,23,39
jpn_Jpan,611,24,47
jpn_Jpan,611,25,47
jpn_Jpan,611,26,39
jpn_Jpan,611,27,13
jpn_Jpan,611,28,34
eng_Latn,612,0,60
eng_Latn,612,1,51
eng_Latn,612,2,51
eng_Latn,613,0,60
eng_Latn,613,1,40
eng_Latn,613,2,49
eng_Latn,613,3,56
eng_Latn,613,4,53
eng_Latn,613,5,37
eng_Latn,613,6,63
eng_Latn,613,7,18
eng_Latn,613,8,53
eng_Latn,613,9,16
jpn_Jpan,614,0,60
jpn_Jpan,614,1,13
jpn_Jpan,614,2,13
jpn_Jpan,614,3,39
jpn_Jpan,614,4,39
jpn_Jpan,614,5,24
jpn_Jpan,614,6,13
jpn_Jpan,614,7,24
jpn_Jpan,614,8,19
jpn_Jpan,614,9,39
jpn_Jpan,614,10,39
eng_Latn,615,0,60
eng_Latn,615,1,53
eng_Latn,615,2,46
eng_Latn,615,3,49
eng_Latn,615,4,57
eng_Latn,615,5,37
eng_Latn,615,6,46
eng_Latn,616,0,60
eng_Latn,616,1,34
eng_Latn,616,2,29
eng_Latn,616,3,29
eng_Latn,616,4,16
eng_Latn,616,5,53
eng_Latn,616,6,38
eng_Latn,616,7,57
eng_Latn,617,0,60
eng_Latn,617,1,22
eng_Latn,617,2,54
eng_Latn,617,3,37
eng_Latn,617,4,48
eng_Latn,618,0,60
eng_Latn,618,1,9
eng_Latn,618,2,9
eng_Latn,618,3,31
eng_Latn,618,4,53
eng_Latn,618,5,51
eng_Latn,618,6,49
eng_Latn,618,7,34
eng_Latn,619,0,60
eng_Latn,619,1,16
eng_Latn,619,2,16
eng_Latn,619,3,20
eng_Latn,619,4,57
eng_Latn,619,5,53
eng_Latn,619,6,49
eng_Latn,620,0,60
eng_Latn,620,1,49
eng_Latn,620,2,37
eng_Latn,620,3,16
eng_Latn,621,0,60
eng_Latn,621,1,19
eng_Latn,621,2,8
eng_Latn,621,3,8
eng_Latn,621,4,8
eng_Latn,621,5,57
eng_Latn,621,6,57
eng_Latn,621,7,47
eng_Latn,621,8,8
jpn_Jpan,622,0,60
jpn_Jpan,622,1,13
jpn_Jpan,622,2,13
jpn_Jpan,622,3,47
jpn_Jpan,622,4,13
jpn_Jpan,622,5,39
jpn_Jpan,622,6,13
jpn_Jpan,622,7,19
jpn_Jpan,622,8,13
jpn_Jpan,622,9,13
jpn_Jpan,622,10,24
jpn_Jpan,622,11,19
jpn_Jpan,622,12,19
jpn_Jpan,622,13,24
jpn_Jpan,622,14,19
jpn_Jpan,622,15,13
jpn_Jpan,622,16,12
jpn_Jpan,622,17,58
jpn_Jpan,622,18,12
jpn_Jpan,622,19,19
jpn_Jpan,622,20,47
jpn_Jpan,622,21,39
eng_Latn,623,0,60
eng_Latn,623,1,33
eng_Latn,623,2,33
eng_Latn,623,3,33
eng_Latn,623,4,33
eng_Latn,623,5,33
eng_Latn,623,6,33
eng_Latn,623,7,33
eng_Latn,623,8,33
eng_Latn,624,0,60
eng_Latn,624,1,18
eng_Latn,624,2,16
eng_Latn,624,3,52
eng_Latn,624,4,34
eng_Latn,624,5,20
eng_Latn,624,6,37
eng_Latn,624,7,46
jpn_Jpan,625,0,60
jpn_Jpan,625,1,13
jpn_Jpan,625,2,47
jpn_Jpan,625,3,13
jpn_Jpan,625,4,24
jpn_Jpan,625,5,13
jpn_Jpan,625,6,24
jpn_Jpan,625,7,24
jpn_Jpan,625,8,52
jpn_Jpan,625,9,47
jpn_Jpan,625,10,13
jpn_Jpan,626,0,60
jpn_Jpan,626,1,28
jpn_Jpan,626,2,24
jpn_Jpan,626,3,19
jpn_Jpan,626,4,13
jpn_Jpan,626,5,19
jpn_Jpan,626,6,13
jpn_Jpan,626,7,24
jpn_Jpan,626,8,36
jpn_Jpan,626,9,24
jpn_Jpan,626,10,13
jpn_Jpan,626,11,19
jpn_Jpan,626,12,36
jpn_Jpan,626,13,24
jpn_Jpan,626,14,24
jpn_Jpan,626,15,52
jpn_Jpan,626,16,19
jpn_Jpan,626,17,37
jpn_Jpan,626,18,24
jpn_Jpan,626,19,47
jpn_Jpan,626,20,13
jpn_Jpan,626,21,34
jpn_Jpan,626,22,13
jpn_Jpan,626,23,34
jpn_Jpan,626,24,24
jpn_Jpan,626,25,40
jpn_Jpan,626,26,36
jpn_Jpan,626,27,52
jpn_Jpan,626,28,36
jpn_Jpan,626,29,28
jpn_Jpan,626,30,34
jpn_Jpan,626,31,13
jpn_Jpan,626,32,34
jpn_Jpan,626,33,13
jpn_Jpan,626,34,47
jpn_Jpan,626,35,13
jpn_Jpan,626,36,34
jpn_Jpan,626,37,34
eng_Latn,627,0,60
eng_Latn,627,1,35
eng_Latn,627,2,17
eng_Latn,627,3,35
eng_Latn,627,4,52
eng_Latn,627,5,57
eng_Latn,627,6,17
eng_Latn,627,7,51
eng_Latn,628,0,60
eng_Latn,628,1,15
eng_Latn,628,2,56
eng_Latn,628,3,63
eng_Latn,628,4,60
eng_Latn,628,5,30
eng_Latn,628,6,37
eng_Latn,629,0,60
eng_Latn,629,1,11
eng_Latn,629,2,13
eng_Latn,629,3,52
eng_Latn,629,4,13
eng_Latn,629,5,58
eng_Latn,630,0,60
eng_Latn,630,1,49
eng_Latn,630,2,40
eng_Latn,630,3,49
eng_Latn,630,4,37
eng_Latn,630,5,37
eng_Latn,630,6,57
eng_Latn,631,0,60
eng_Latn,631,1,9
eng_Latn,631,2,38
eng_Latn,631,3,57
eng_Latn,631,4,56
eng_Latn,631,5,63
eng_Latn,631,6,14
eng_Latn,631,7,14
eng_Latn,631,8,47
jpn_Jpan,632,0,60
jpn_Jpan,632,1,13
jpn_Jpan,632,2,19
jpn_Jpan,632,3,13
jpn_Jpan,632,4,7
jpn_Jpan,632,5,9
jpn_Jpan,632,6,9
jpn_Jpan,632,7,1
jpn_Jpan,632,8,13
jpn_Jpan,632,9,13
jpn_Jpan,632,10,13
jpn_Jpan,632,11,13
jpn_Jpan,632,12,19
jpn_Jpan,632,13,36
jpn_Jpan,632,14,47
jpn_Jpan,632,15,19
jpn_Jpan,632,16,36
jpn_Jpan,632,17,24
jpn_Jpan,632,18,61
jpn_Jpan,632,19,13
jpn_Jpan,632,20,24
jpn_Jpan,632,21,24
jpn_Jpan,632,22,13
jpn_Jpan,632,23,13
jpn_Jpan,632,24,61
jpn_Jpan,632,25,61
jpn_Jpan,632,26,13
eng_Latn,633,0,60
eng_Latn,633,1,50
eng_Latn,633,2,51
eng_Latn,633,3,19
eng_Latn,633,4,19
eng_Latn,633,5,51
eng_Latn,633,6,5
eng_Latn,633,7,19
eng_Latn,633,8,0
eng_Latn,633,9,0
eng_Latn,633,10,8
eng_Latn,633,11,57
eng_Latn,634,0,60
eng_Latn,634,1,9
eng_Latn,634,2,22
eng_Latn,634,3,56
eng_Latn,634,4,57
eng_Latn,634,5,28
eng_Latn,634,6,52
eng_Latn,634,7,35
eng_Latn,634,8,57
eng_Latn,635,0,60
eng_Latn,635,1,51
eng_Latn,635,2,58
eng_Latn,635,3,12
eng_Latn,635,4,61
eng_Latn,636,0,60
eng_Latn,636,1,15
eng_Latn,636,2,18
eng_Latn,636,3,63
eng_Latn,636,4,37
eng_Latn,637,0,60
eng_Latn,637,1,39
eng_Latn,637,2,47
eng_Latn,637,3,34
eng_Latn,638,0,60
eng_Latn,638,1,56
eng_Latn,638,2,35
eng_Latn,638,3,57
eng_Latn,638,4,20
eng_Latn,638,5,59
eng_Latn,638,6,57
eng_Latn,638,7,57
eng_Latn,638,8,59
eng_Latn,638,9,47
eng_Latn,638,10,15
jpn_Jpan,639,0,60
jpn_Jpan,639,1,13
jpn_Jpan,639,2,47
jpn_Jpan,639,3,47
jpn_Jpan,639,4,36
jpn_Jpan,639,5,24
jpn_Jpan,639,6,1
jpn_Jpan,639,7,36
jpn_Jpan,639,8,61
jpn_Jpan,639,9,36
jpn_Jpan,639,10,24
jpn_Jpan,639,11,19
jpn_Jpan,639,12,13
jpn_Jpan,639,13,13
jpn_Jpan,639,14,7
jpn_Jpan,639,15,36
jpn_Jpan,639,16,24
jpn_Jpan,639,17,19
jpn_Jpan,639,18,13
jpn_Jpan,639,19,24
jpn_Jpan,639,20,13
jpn_Jpan,639,21,13
jpn_Jpan,639,22,13
jpn_Jpan,639,23,24
jpn_Jpan,639,24,1
jpn_Jpan,639,25,13
jpn_Jpan,639,26,36
jpn_Jpan,639,27,24
jpn_Jpan,639,28,47
jpn_Jpan,639,29,13
jpn_Jpan,639,30,24
jpn_Jpan,639,31,19
jpn_Jpan,639,32,13
jpn_Jpan,639,33,13
jpn_Jpan,639,34,13
jpn_Jpan,639,35,13
jpn_Jpan,639,36,13
jpn_Jpan,639,37,13
jpn_Jpan,639,38,13
jpn_Jpan,639,39,36
jpn_Jpan,639,40,24
jpn_Jpan,639,41,61
jpn_Jpan,639,42,13
jpn_Jpan,639,43,24
jpn_Jpan,639,44,36
jpn_Jpan,639,45,36
jpn_Jpan,639,46,13
jpn_Jpan,639,47,13
jpn_Jpan,639,48,36
jpn_Jpan,639,49,11
eng_Latn,640,0,60
eng_Latn,640,1,4
eng_Latn,640,2,18
eng_Latn,640,3,56
eng_Latn,640,4,53
eng_Latn,640,5,49
eng_Latn,640,6,53
eng_Latn,640,7,52
eng_Latn,640,8,49
eng_Latn,641,0,60
eng_Latn,641,1,37
eng_Latn,641,2,52
eng_Latn,641,3,57
eng_Latn,641,4,59
eng_Latn,641,5,50
eng_Latn,641,6,56
eng_Latn,641,7,35
eng_Latn,641,8,35
eng_Latn,641,9,8
eng_Latn,641,10,8
eng_Latn,641,11,48
eng_Latn,642,0,60
eng_Latn,642,1,22
eng_Latn,642,2,24
eng_Latn,642,3,37
eng_Latn,642,4,24
eng_Latn,642,5,3
eng_Latn,643,0,60
eng_Latn,643,1,38
eng_Latn,643,2,19
eng_Latn,643,3,33
eng_Latn,643,4,33
eng_Latn,643,5,33
eng_Latn,643,6,2
eng_Latn,643,7,50
eng_Latn,643,8,16
eng_Latn,644,0,60
eng_Latn,644,1,19
eng_Latn,644,2,49
eng_Latn,644,3,53
eng_Latn,644,4,53
eng_Latn,644,5,1
eng_Latn,644,6,1
eng_Latn,644,7,52
eng_Latn,645,0,60
eng_Latn,645,1,49
eng_Latn,645,2,5
eng_Latn,645,3,19
eng_Latn,645,4,30
eng_Latn,645,5,49
eng_Latn,645,6,30
eng_Latn,645,7,49
eng_Latn,646,0,60
eng_Latn,646,1,61
eng_Latn,646,2,13
eng_Latn,646,3,5
eng_Latn,646,4,26
eng_Latn,647,0,60
eng_Latn,647,1,35
eng_Latn,647,2,9
eng_Latn,647,3,56
eng_Latn,647,4,41
eng_Latn,647,5,35
eng_Latn,647,6,35
eng_Latn,647,7,51
eng_Latn,648,0,60
eng_Latn,648,1,22
eng_Latn,648,2,9
eng_Latn,648,3,9
eng_Latn,648,4,40
eng_Latn,648,5,51
eng_Latn,648,6,9
eng_Latn,648,7,9
eng_Latn,648,8,22
eng_Latn,648,9,9
eng_Latn,648,10,61
eng_Latn,648,11,22
eng_Latn,648,12,41
eng_Latn,648,13,34
eng_Latn,649,0,60
eng_Latn,649,1,20
eng_Latn,649,2,38
eng_Latn,649,3,35
eng_Latn,649,4,57
eng_Latn,649,5,52
eng_Latn,649,6,51
eng_Latn,650,0,60
eng_Latn,650,1,45
eng_Latn,650,2,48
eng_Latn,650,3,29
eng_Latn,650,4,41
eng_Latn,650,5,15
jpn_Jpan,651,0,60
jpn_Jpan,651,1,19
jpn_Jpan,651,2,13
jpn_Jpan,651,3,19
jpn_Jpan,651,4,36
jpn_Jpan,651,5,19
jpn_Jpan,651,6,13
jpn_Jpan,651,7,24
jpn_Jpan,651,8,19
jpn_Jpan,651,9,13
jpn_Jpan,651,10,13
jpn_Jpan,651,11,47
jpn_Jpan,651,12,47
jpn_Jpan,651,13,13
jpn_Jpan,651,14,24
jpn_Jpan,651,15,47
jpn_Jpan,651,16,13
jpn_Jpan,651,17,19
jpn_Jpan,651,18,13
jpn_Jpan,651,19,47
jpn_Jpan,651,20,13
jpn_Jpan,651,21,24
jpn_Jpan,651,22,19
jpn_Jpan,651,23,13
jpn_Jpan,651,24,19
jpn_Jpan,651,25,13
jpn_Jpan,651,26,24
jpn_Jpan,651,27,9
jpn_Jpan,651,28,11
jpn_Jpan,651,29,19
jpn_Jpan,651,30,47
jpn_Jpan,651,31,13
jpn_Jpan,651,32,13
jpn_Jpan,651,33,13
jpn_Jpan,651,34,13
jpn_Jpan,651,35,19
jpn_Jpan,651,36,13
jpn_Jpan,651,37,13
jpn_Jpan,651,38,24
jpn_Jpan,651,39,13
jpn_Jpan,651,40,13
jpn_Jpan,651,41,13
jpn_Jpan,651,42,24
jpn_Jpan,651,43,19
jpn_Jpan,651,44,13
jpn_Jpan,651,45,13
jpn_Jpan,651,46,47
jpn_Jpan,651,47,13
jpn_Jpan,651,48,13
jpn_Jpan,651,49,24
jpn_Jpan,651,50,13
jpn_Jpan,651,51,51
jpn_Jpan,651,52,51
jpn_Jpan,651,53,13
jpn_Jpan,651,54,51
jpn_Jpan,651,55,24
jpn_Jpan,651,56,13
jpn_Jpan,651,57,13
eng_Latn,652,0,60
eng_Latn,652,1,17
eng_Latn,652,2,34
eng_Latn,652,3,37
eng_Latn,652,4,34
jpn_Jpan,653,0,60
jpn_Jpan,653,1,24
jpn_Jpan,653,2,24
jpn_Jpan,653,3,1
jpn_Jpan,653,4,52
jpn_Jpan,653,5,52
jpn_Jpan,653,6,13
jpn_Jpan,653,7,13
jpn_Jpan,653,8,13
jpn_Jpan,653,9,19
jpn_Jpan,653,10,13
jpn_Jpan,653,11,13
jpn_Jpan,653,12,13
jpn_Jpan,653,13,19
jpn_Jpan,653,14,13
jpn_Jpan,653,15,37
jpn_Jpan,653,16,61
jpn_Jpan,653,17,13
jpn_Jpan,653,18,52
jpn_Jpan,653,19,7
eng_Latn,654,0,60
eng_Latn,654,1,40
eng_Latn,654,2,18
eng_Latn,654,3,18
eng_Latn,654,4,56
eng_Latn,654,5,16
eng_Latn,654,6,59
eng_Latn,654,7,46
eng_Latn,655,0,60
eng_Latn,655,1,20
eng_Latn,655,2,41
eng_Latn,655,3,57
eng_Latn,655,4,45
eng_Latn,655,5,18
eng_Latn,655,6,23
eng_Latn,655,7,43
eng_Latn,655,8,20
eng_Latn,655,9,33
eng_Latn,655,10,24
eng_Latn,655,11,33
eng_Latn,655,12,33
eng_Latn,656,0,60
eng_Latn,656,1,54
eng_Latn,656,2,18
eng_Latn,656,3,18
eng_Latn,656,4,18
eng_Latn,656,5,62
eng_Latn,656,6,62
eng_Latn,656,7,57
eng_Latn,656,8,19
eng_Latn,656,9,34
jpn_Jpan,657,0,60
jpn_Jpan,657,1,13
jpn_Jpan,657,2,13
jpn_Jpan,657,3,13
jpn_Jpan,657,4,13
jpn_Jpan,657,5,13
jpn_Jpan,657,6,24
jpn_Jpan,657,7,13
jpn_Jpan,657,8,13
jpn_Jpan,657,9,13
jpn_Jpan,657,10,19
jpn_Jpan,657,11,13
jpn_Jpan,657,12,39
jpn_Jpan,657,13,7
jpn_Jpan,657,14,13
jpn_Jpan,657,15,19
jpn_Jpan,657,16,13
jpn_Jpan,657,17,52
jpn_Jpan,657,18,13
jpn_Jpan,657,19,24
jpn_Jpan,657,20,47
jpn_Jpan,657,21,13
jpn_Jpan,657,22,19
jpn_Jpan,657,23,34
jpn_Jpan,658,0,60
jpn_Jpan,658,1,13
jpn_Jpan,658,2,13
jpn_Jpan,658,3,13
jpn_Jpan,658,4,24
jpn_Jpan,658,5,52
jpn_Jpan,658,6,1
jpn_Jpan,658,7,13
jpn_Jpan,658,8,19
jpn_Jpan,658,9,13
jpn_Jpan,658,10,24
jpn_Jpan,658,11,13
jpn_Jpan,658,12,19
jpn_Jpan,658,13,13
jpn_Jpan,658,14,13
jpn_Jpan,658,15,47
jpn_Jpan,658,16,13
jpn_Jpan,658,17,19
jpn_Jpan,658,18,34
jpn_Jpan,658,19,13
jpn_Jpan,658,20,34
jpn_Jpan,659,0,60
jpn_Jpan,659,1,47
jpn_Jpan,659,2,13
jpn_Jpan,659,3,13
jpn_Jpan,659,4,1
jpn_Jpan,659,5,19
jpn_Jpan,659,6,13
jpn_Jpan,659,7,24
jpn_Jpan,659,8,13
jpn_Jpan,659,9,36
jpn_Jpan,659,10,42
jpn_Jpan,659,11,47
jpn_Jpan,659,12,19
jpn_Jpan,659,13,40
jpn_Jpan,659,14,13
jpn_Jpan,659,15,36
jpn_Jpan,659,16,47
jpn_Jpan,659,17,36
jpn_Jpan,659,18,36
jpn_Jpan,659,19,19
jpn_Jpan,659,20,52
eng_Latn,660,0,60
eng_Latn,660,1,17
eng_Latn,660,2,53
eng_Latn,660,3,16
eng_Latn,660,4,16
eng_Latn,661,0,60
eng_Latn,661,1,4
eng_Latn,661,2,54
eng_Latn,661,3,48
eng_Latn,661,4,9
eng_Latn,661,5,56
eng_Latn,661,6,35
eng_Latn,661,7,35
eng_Latn,661,8,57
eng_Latn,661,9,2
eng_Latn,661,10,27
eng_Latn,661,11,26
eng_Latn,661,12,50
eng_Latn,661,13,16
jpn_Jpan,662,0,60
jpn_Jpan,662,1,13
jpn_Jpan,662,2,24
jpn_Jpan,662,3,13
jpn_Jpan,662,4,47
jpn_Jpan,662,5,19
jpn_Jpan,662,6,13
jpn_Jpan,662,7,19
jpn_Jpan,662,8,13
jpn_Jpan,662,9,24
jpn_Jpan,662,10,13
jpn_Jpan,662,11,13
jpn_Jpan,662,12,19
jpn_Jpan,662,13,39
jpn_Jpan,662,14,13
jpn_Jpan,662,15,13
jpn_Jpan,662,16,34
jpn_Jpan,662,17,24
jpn_Jpan,663,0,60
jpn_Jpan,663,1,13
jpn_Jpan,663,2,13
jpn_Jpan,663,3,7
jpn_Jpan,663,4,9
jpn_Jpan,663,5,9
jpn_Jpan,663,6,24
jpn_Jpan,663,7,61
jpn_Jpan,663,8,47
jpn_Jpan,663,9,13
jpn_Jpan,663,10,13
jpn_Jpan,663,11,24
jpn_Jpan,663,12,26
jpn_Jpan,663,13,19
jpn_Jpan,663,14,13
jpn_Jpan,663,15,19
jpn_Jpan,663,16,13
jpn_Jpan,663,17,11
jpn_Jpan,663,18,1
jpn_Jpan,663,19,47
jpn_Jpan,663,20,52
jpn_Jpan,663,21,19
jpn_Jpan,663,22,36
jpn_Jpan,663,23,19
jpn_Jpan,663,24,36
jpn_Jpan,663,25,19
jpn_Jpan,663,26,13
jpn_Jpan,663,27,19
jpn_Jpan,663,28,36
jpn_Jpan,663,29,13
jpn_Jpan,663,30,13
jpn_Jpan,663,31,47
jpn_Jpan,663,32,39
jpn_Jpan,663,33,61
jpn_Jpan,663,34,39
jpn_Jpan,663,35,13
jpn_Jpan,663,36,24
jpn_Jpan,663,37,13
jpn_Jpan,663,38,39
jpn_Jpan,663,39,34
eng_Latn,664,0,60
eng_Latn,664,1,37
eng_Latn,664,2,62
eng_Latn,664,3,12
eng_Latn,664,4,35
eng_Latn,664,5,22
eng_Latn,664,6,16
eng_Latn,665,0,60
eng_Latn,665,1,22
eng_Latn,665,2,9
eng_Latn,665,3,22
eng_Latn,665,4,63
eng_Latn,665,5,56
eng_Latn,665,6,40
eng_Latn,665,7,61
eng_Latn,665,8,46
eng_Latn,666,0,60
eng_Latn,666,1,20
eng_Latn,666,2,57
eng_Latn,666,3,34
eng_Latn,667,0,60
eng_Latn,667,1,26
eng_Latn,667,2,49
eng_Latn,667,3,61
eng_Latn,667,4,12
eng_Latn,667,5,9
eng_Latn,667,6,9
eng_Latn,667,7,9
eng_Latn,667,8,11
eng_Latn,667,9,38
eng_Latn,667,10,38
eng_Latn,667,11,6
eng_Latn,667,12,16
eng_Latn,668,0,60
eng_Latn,668,1,19
eng_Latn,668,2,22
eng_Latn,668,3,22
eng_Latn,668,4,52
eng_Latn,668,5,49
eng_Latn,668,6,9
eng_Latn,668,7,37
eng_Latn,668,8,57
eng_Latn,668,9,8
eng_Latn,669,0,60
eng_Latn,669,1,9
eng_Latn,669,2,9
eng_Latn,669,3,31
eng_Latn,669,4,51
eng_Latn,669,5,54
eng_Latn,669,6,18
eng_Latn,669,7,4
eng_Latn,669,8,61
eng_Latn,669,9,47
eng_Latn,669,10,34
eng_Latn,669,11,53
eng_Latn,669,12,34
eng_Latn,670,0,60
eng_Latn,670,1,18
eng_Latn,670,2,16
eng_Latn,670,3,38
eng_Latn,670,4,63
eng_Latn,670,5,32
eng_Latn,670,6,32
eng_Latn,670,7,63
eng_Latn,670,8,63
eng_Latn,671,0,60
eng_Latn,671,1,47
eng_Latn,671,2,1
eng_Latn,671,3,52
eng_Latn,671,4,52
eng_Latn,671,5,49
eng_Latn,671,6,49
eng_Latn,672,0,60
eng_Latn,672,1,9
eng_Latn,672,2,29
eng_Latn,672,3,54
eng_Latn,672,4,38
eng_Latn,672,5,46
eng_Latn,672,6,17
eng_Latn,672,7,17
eng_Latn,672,8,16
eng_Latn,672,9,16
eng_Latn,672,10,57
eng_Latn,672,11,34
eng_Latn,673,0,60
eng_Latn,673,1,54
eng_Latn,673,2,18
eng_Latn,673,3,18
eng_Latn,673,4,4
eng_Latn,673,5,18
eng_Latn,673,6,20
eng_Latn,673,7,19
eng_Latn,673,8,46
eng_Latn,673,9,5
eng_Latn,673,10,50
eng_Latn,673,11,16
eng_Latn,674,0,60
eng_Latn,674,1,11
eng_Latn,674,2,12
eng_Latn,674,3,22
eng_Latn,674,4,46
eng_Latn,674,5,27
eng_Latn,674,6,26
eng_Latn,674,7,26
eng_Latn,674,8,26
eng_Latn,674,9,12
eng_Latn,674,10,26
eng_Latn,674,11,27
eng_Latn,674,12,39
eng_Latn,675,0,60
eng_Latn,675,1,40
eng_Latn,675,2,63
jpn_Jpan,676,0,60
jpn_Jpan,676,1,39
jpn_Jpan,676,2,13
jpn_Jpan,676,3,13
jpn_Jpan,676,4,13
jpn_Jpan,676,5,13
jpn_Jpan,676,6,13
jpn_Jpan,676,7,19
jpn_Jpan,676,8,13
jpn_Jpan,676,9,13
jpn_Jpan,676,10,61
jpn_Jpan,676,11,19
jpn_Jpan,676,12,7
jpn_Jpan,676,13,61
jpn_Jpan,676,14,13
jpn_Jpan,676,15,12
jpn_Jpan,676,16,13
jpn_Jpan,676,17,47
jpn_Jpan,676,18,39
jpn_Jpan,676,19,39
jpn_Jpan,676,20,13
jpn_Jpan,676,21,13
jpn_Jpan,676,22,42
jpn_Jpan,676,23,47
jpn_Jpan,676,24,13
jpn_Jpan,676,25,19
jpn_Jpan,676,26,13
jpn_Jpan,676,27,19
jpn_Jpan,676,28,13
jpn_Jpan,676,29,24
jpn_Jpan,676,30,24
jpn_Jpan,676,31,61
jpn_Jpan,676,32,13
jpn_Jpan,676,33,13
jpn_Jpan,676,34,24
jpn_Jpan,676,35,24
jpn_Jpan,676,36,19
jpn_Jpan,676,37,7
jpn_Jpan,676,38,47
jpn_Jpan,676,39,19
jpn_Jpan,676,40,36
jpn_Jpan,676,41,13
jpn_Jpan,676,42,24
jpn_Jpan,676,43,13
jpn_Jpan,676,44,13
jpn_Jpan,676,45,13
jpn_Jpan,676,46,13
jpn_Jpan,676,47,13
eng_Latn,677,0,60
eng_Latn,677,1,45
eng_Latn,677,2,52
jpn_Jpan,678,0,60
jpn_Jpan,678,1,36
jpn_Jpan,678,2,24
jpn_Jpan,678,3,24
jpn_Jpan,678,4,13
jpn_Jpan,678,5,13
jpn_Jpan,678,6,47
jpn_Jpan,678,7,13
jpn_Jpan,678,8,13
jpn_Jpan,678,9,19
jpn_Jpan,678,10,19
jpn_Jpan,678,11,47
jpn_Jpan,678,12,13
jpn_Jpan,678,13,13
jpn_Jpan,678,14,19
jpn_Jpan,678,15,13
jpn_Jpan,678,16,13
jpn_Jpan,678,17,39
jpn_Jpan,678,18,13
jpn_Jpan,678,19,13
jpn_Jpan,678,20,61
jpn_Jpan,678,21,39
jpn_Jpan,678,22,24
jpn_Jpan,678,23,13
jpn_Jpan,678,24,13
jpn_Jpan,678,25,24
jpn_Jpan,678,26,47
jpn_Jpan,678,27,13
jpn_Jpan,678,28,13
jpn_Jpan,678,29,13
jpn_Jpan,678,30,19
jpn_Jpan,678,31,13
jpn_Jpan,678,32,36
jpn_Jpan,678,33,13
jpn_Jpan,678,34,34
eng_Latn,679,0,60
eng_Latn,679,1,53
eng_Latn,679,2,38
eng_Latn,679,3,35
eng_Latn,679,4,35
eng_Latn,679,5,57
eng_Latn,679,6,57
eng_Latn,679,7,59
eng_Latn,679,8,15
eng_Latn,680,0,60
eng_Latn,680,1,18
eng_Latn,680,2,20
eng_Latn,680,3,18
eng_Latn,680,4,29
eng_Latn,680,5,29
eng_Latn,680,6,35
eng_Latn,680,7,57
eng_Latn,680,8,20
eng_Latn,680,9,54
eng_Latn,680,10,10
eng_Latn,680,11,16
eng_Latn,681,0,60
eng_Latn,681,1,18
eng_Latn,681,2,53
eng_Latn,681,3,23
eng_Latn,681,4,48
eng_Latn,681,5,52
eng_Latn,681,6,57
eng_Latn,682,0,60
eng_Latn,682,1,47
eng_Latn,682,2,62
eng_Latn,682,3,54
eng_Latn,682,4,54
eng_Latn,682,5,4
eng_Latn,682,6,16
eng_Latn,683,0,60
eng_Latn,683,1,17
eng_Latn,683,2,17
eng_Latn,683,3,2
eng_Latn,683,4,30
eng_Latn,683,5,35
eng_Latn,683,6,41
eng_Latn,683,7,15
eng_Latn,684,0,60
eng_Latn,684,1,33
eng_Latn,684,2,33
eng_Latn,684,3,33
eng_Latn,684,4,33
eng_Latn,684,5,33
eng_Latn,684,6,63
eng_Latn,685,0,60
eng_Latn,685,1,37
eng_Latn,685,2,54
eng_Latn,685,3,26
eng_Latn,685,4,40
eng_Latn,685,5,5
eng_Latn,685,6,61
eng_Latn,685,7,50
eng_Latn,685,8,24
eng_Latn,685,9,61
eng_Latn,685,10,48
eng_Latn,685,11,22
eng_Latn,686,0,60
eng_Latn,686,1,56
eng_Latn,686,2,56
eng_Latn,686,3,63
eng_Latn,686,4,53
eng_Latn,686,5,57
eng_Latn,686,6,23
eng_Latn,687,0,60
eng_Latn,687,1,52
eng_Latn,687,2,48
eng_Latn,687,3,56
eng_Latn,687,4,34
eng_Latn,687,5,34
eng_Latn,688,0,60
eng_Latn,688,1,19
eng_Latn,688,2,13
eng_Latn,688,3,11
eng_Latn,688,4,19
eng_Latn,688,5,62
eng_Latn,688,6,8
eng_Latn,688,7,8
eng_Latn,688,8,8
eng_Latn,688,9,19
eng_Latn,688,10,8
eng_Latn,688,11,19
eng_Latn,688,12,8
eng_Latn,689,0,60
eng_Latn,689,1,57
eng_Latn,689,2,47
eng_Latn,689,3,8
eng_Latn,689,4,47
eng_Latn,690,0,60
eng_Latn,690,1,16
eng_Latn,690,2,53
eng_Latn,690,3,16
eng_Latn,690,4,50
eng_Latn,690,5,53
eng_Latn,690,6,62
eng_Latn,690,7,57
eng_Latn,690,8,21
eng_Latn,690,9,34
eng_Latn,691,0,60
eng_Latn,691,1,40
eng_Latn,691,2,61
eng_Latn,691,3,49
eng_Latn,692,0,60
eng_Latn,692,1,15
eng_Latn,692,2,16
eng_Latn,692,3,43
eng_Latn,692,4,46
eng_Latn,692,5,63
eng_Latn,692,6,43
eng_Latn,692,7,49
eng_Latn,693,0,60
eng_Latn,693,1,22
eng_Latn,693,2,19
eng_Latn,693,3,34
eng_Latn,693,4,24
eng_Latn,693,5,22
eng_Latn,693,6,34
eng_Latn,694,0,60
eng_Latn,694,1,37
eng_Latn,694,2,52
eng_Latn,694,3,26
eng_Latn,694,4,39
eng_Latn,694,5,19
eng_Latn,694,6,19
eng_Latn,694,7,49
eng_Latn,694,8,12
eng_Latn,694,9,26
eng_Latn,694,10,61
eng_Latn,694,11,7
eng_Latn,695,0,60
eng_Latn,695,1,12
eng_Latn,695,2,42
eng_Latn,695,3,22
eng_Latn,695,4,27
eng_Latn,695,5,49
eng_Latn,695,6,9
eng_Latn,695,7,29
eng_Latn,695,8,22
eng_Latn,696,0,60
eng_Latn,696,1,48
eng_Latn,696,2,41
eng_Latn,696,3,4
eng_Latn,697,0,60
eng_Latn,697,1,9
eng_Latn,697,2,56
eng_Latn,697,3,18
eng_Latn,697,4,19
eng_Latn,697,5,16
eng_Latn,697,6,37
eng_Latn,697,7,57
eng_Latn,697,8,51
eng_Latn,697,9,54
eng_Latn,697,10,20
eng_Latn,697,11,23
eng_Latn,697,12,49
eng_Latn,698,0,60
eng_Latn,698,1,56
eng_Latn,698,2,56
eng_Latn,698,3,19
eng_Latn,698,4,8
eng_Latn,698,5,49
eng_Latn,699,0,60
eng_Latn,699,1,35
eng_Latn,699,2,61
eng_Latn,699,3,56
eng_Latn,699,4,52
eng_Latn,699,5,56
eng_Latn,699,6,35
eng_Latn,699,7,51
eng_Latn,699,8,1
eng_Latn,699,9,52
eng_Latn,699,10,52
eng_Latn,699,11,35
eng_Latn,699,12,47
eng_Latn,700,0,60
eng_Latn,700,1,40
eng_Latn,700,2,49
eng_Latn,701,0,60
eng_Latn,701,1,27
eng_Latn,701,2,40
eng_Latn,701,3,8
eng_Latn,701,4,26
eng_Latn,701,5,35
eng_Latn,701,6,19
eng_Latn,701,7,35
eng_Latn,701,8,19
eng_Latn,701,9,46
eng_Latn,701,10,8
eng_Latn,701,11,46
eng_Latn,702,0,60
eng_Latn,702,1,1
eng_Latn,702,2,22
eng_Latn,702,3,26
eng_Latn,702,4,26
eng_Latn,702,5,60
eng_Latn,702,6,12
eng_Latn,702,7,22
eng_Latn,702,8,22
eng_Latn,702,9,22
eng_Latn,702,10,22
eng_Latn,702,11,47
eng_Latn,702,12,62
eng_Latn,702,13,34
eng_Latn,703,0,60
eng_Latn,703,1,57
eng_Latn,703,2,57
eng_Latn,703,3,51
eng_Latn,703,4,54
eng_Latn,703,5,59
eng_Latn,703,6,17
eng_Latn,704,0,60
eng_Latn,704,1,22
eng_Latn,704,2,52
eng_Latn,704,3,53
eng_Latn,704,4,52
eng_Latn,704,5,10
eng_Latn,704,6,16
eng_Latn,704,7,3
eng_Latn,704,8,40
eng_Latn,704,9,3
jpn_Jpan,705,0,60
jpn_Jpan,705,1,13
jpn_Jpan,705,2,19
jpn_Jpan,705,3,13
jpn_Jpan,705,4,47
jpn_Jpan,705,5,13
jpn_Jpan,705,6,13
jpn_Jpan,705,7,13
jpn_Jpan,705,8,19
jpn_Jpan,705,9,13
jpn_Jpan,705,10,34
jpn_Jpan,705,11,51
eng_Latn,706,0,60
eng_Latn,706,1,49
eng_Latn,706,2,46
eng_Latn,706,3,61
eng_Latn,706,4,33
eng_Latn,707,0,60
eng_Latn,707,1,9
eng_Latn,707,2,9
eng_Latn,707,3,18
eng_Latn,707,4,16
eng_Latn,707,5,20
eng_Latn,707,6,3
eng_Latn,707,7,3
eng_Latn,707,8,49
eng_Latn,708,0,60
eng_Latn,708,1,15
eng_Latn,708,2,56
eng_Latn,708,3,63
eng_Latn,708,4,41
eng_Latn,708,5,63
jpn_Jpan,709,0,60
jpn_Jpan,709,1,13
jpn_Jpan,709,2,24
jpn_Jpan,709,3,39
jpn_Jpan,709,4,7
jpn_Jpan,709,5,24
jpn_Jpan,709,6,13
jpn_Jpan,709,7,19
jpn_Jpan,709,8,34
jpn_Jpan,709,9,13
jpn_Jpan,709,10,34
jpn_Jpan,709,11,24
jpn_Jpan,709,12,24
jpn_Jpan,709,13,36
jpn_Jpan,709,14,13
jpn_Jpan,709,15,47
jpn_Jpan,709,16,13
jpn_Jpan,709,17,13
jpn_Jpan,709,18,34
jpn_Jpan,709,19,34
eng_Latn,710,0,60
eng_Latn,710,1,60
eng_Latn,710,2,53
eng_Latn,710,3,1
eng_Latn,710,4,52
jpn_Jpan,711,0,60
jpn_Jpan,711,1,61
jpn_Jpan,711,2,13
jpn_Jpan,711,3,13
jpn_Jpan,711,4,13
jpn_Jpan,711,5,13
jpn_Jpan,711,6,61
jpn_Jpan,711,7,13
jpn_Jpan,711,8,13
jpn_Jpan,711,9,39
jpn_Jpan,711,10,24
jpn_Jpan,711,11,13
jpn_Jpan,711,12,36
jpn_Jpan,711,13,24
jpn_Jpan,711,14,24
jpn_Jpan,711,15,47
jpn_Jpan,711,16,19
jpn_Jpan,711,17,13
jpn_Jpan,711,18,24
jpn_Jpan,711,19,19
jpn_Jpan,711,20,36
jpn_Jpan,711,21,13
jpn_Jpan,711,22,13
jpn_Jpan,711,23,13
jpn_Jpan,711,24,36
jpn_Jpan,711,25,24
jpn_Jpan,711,26,13
jpn_Jpan,711,27,19
jpn_Jpan,711,28,13
jpn_Jpan,711,29,36
jpn_Jpan,711,30,19
jpn_Jpan,711,31,13
jpn_Jpan,711,32,13
jpn_Jpan,711,33,61
jpn_Jpan,711,34,13
jpn_Jpan,711,35,34
jpn_Jpan,711,36,13
jpn_Jpan,711,37,34
jpn_Jpan,711,38,61
jpn_Jpan,711,39,13
jpn_Jpan,711,40,13
eng_Latn,712,0,60
eng_Latn,712,1,37
eng_Latn,712,2,53
eng_Latn,712,3,34
eng_Latn,713,0,60
eng_Latn,713,1,12
eng_Latn,713,2,22
eng_Latn,713,3,22
eng_Latn,713,4,35
eng_Latn,713,5,51
eng_Latn,714,0,60
eng_Latn,714,1,15
eng_Latn,714,2,56
eng_Latn,714,3,63
eng_Latn,714,4,37
eng_Latn,715,0,60
eng_Latn,715,1,15
eng_Latn,715,2,23
eng_Latn,715,3,48
eng_Latn,715,4,56
eng_Latn,715,5,16
eng_Latn,715,6,54
eng_Latn,715,7,63
eng_Latn,716,0,60
eng_Latn,716,1,50
eng_Latn,716,2,56
eng_Latn,716,3,16
eng_Latn,716,4,62
eng_Latn,716,5,62
eng_Latn,716,6,52
jpn_Jpan,717,0,60
jpn_Jpan,717,1,13
jpn_Jpan,717,2,19
jpn_Jpan,717,3,39
jpn_Jpan,717,4,13
jpn_Jpan,717,5,13
jpn_Jpan,717,6,19
jpn_Jpan,717,7,8
jpn_Jpan,717,8,1
jpn_Jpan,717,9,47
jpn_Jpan,717,10,13
jpn_Jpan,717,11,34
jpn_Jpan,717,12,24
jpn_Jpan,717,13,13
jpn_Jpan,717,14,19
jpn_Jpan,717,15,13
jpn_Jpan,717,16,13
jpn_Jpan,717,17,13
jpn_Jpan,717,18,24
jpn_Jpan,717,19,19
jpn_Jpan,717,20,13
jpn_Jpan,717,21,19
jpn_Jpan,717,22,34
jpn_Jpan,717,23,13
jpn_Jpan,717,24,13
jpn_Jpan,717,25,34
jpn_Jpan,718,0,60
jpn_Jpan,718,1,13
jpn_Jpan,718,2,13
jpn_Jpan,718,3,13
jpn_Jpan,718,4,12
jpn_Jpan,718,5,13
jpn_Jpan,718,6,13
jpn_Jpan,718,7,13
jpn_Jpan,718,8,39
jpn_Jpan,718,9,51
jpn_Jpan,719,0,60
jpn_Jpan,719,1,36
jpn_Jpan,719,2,13
jpn_Jpan,719,3,36
jpn_Jpan,719,4,24
jpn_Jpan,719,5,24
jpn_Jpan,719,6,47
jpn_Jpan,719,7,13
jpn_Jpan,719,8,13
jpn_Jpan,719,9,13
jpn_Jpan,719,10,13
jpn_Jpan,719,11,13
jpn_Jpan,719,12,13
jpn_Jpan,719,13,39
jpn_Jpan,719,14,13
jpn_Jpan,719,15,47
jpn_Jpan,719,16,47
jpn_Jpan,719,17,19
jpn_Jpan,719,18,19
jpn_Jpan,719,19,13
jpn_Jpan,719,20,13
jpn_Jpan,719,21,19
jpn_Jpan,719,22,13
jpn_Jpan,719,23,34
jpn_Jpan,719,24,24
jpn_Jpan,719,25,24
jpn_Jpan,719,26,61
jpn_Jpan,719,27,13
jpn_Jpan,719,28,13
jpn_Jpan,719,29,47
jpn_Jpan,719,30,13
jpn_Jpan,719,31,7
eng_Latn,720,0,60
eng_Latn,720,1,18
eng_Latn,720,2,18
eng_Latn,720,3,29
eng_Latn,720,4,51
eng_Latn,720,5,52
eng_Latn,720,6,49
eng_Latn,721,0,60
eng_Latn,721,1,56
eng_Latn,721,2,54
eng_Latn,721,3,18
eng_Latn,721,4,21
eng_Latn,721,5,9
eng_Latn,721,6,18
eng_Latn,721,7,30
eng_Latn,721,8,30
eng_Latn,721,9,35
eng_Latn,721,10,34
jpn_Jpan,722,0,60
jpn_Jpan,722,1,13
jpn_Jpan,722,2,13
jpn_Jpan,722,3,24
jpn_Jpan,722,4,13
jpn_Jpan,722,5,13
jpn_Jpan,722,6,24
jpn_Jpan,722,7,52
jpn_Jpan,722,8,19
jpn_Jpan,722,9,13
jpn_Jpan,722,10,24
jpn_Jpan,722,11,24
jpn_Jpan,722,12,13
jpn_Jpan,722,13,13
jpn_Jpan,722,14,13
jpn_Jpan,722,15,13
jpn_Jpan,722,16,13
jpn_Jpan,722,17,24
jpn_Jpan,722,18,47
jpn_Jpan,722,19,19
jpn_Jpan,722,20,13
jpn_Jpan,722,21,13
jpn_Jpan,722,22,24
jpn_Jpan,722,23,47
jpn_Jpan,722,24,13
jpn_Jpan,722,25,34
eng_Latn,723,0,60
eng_Latn,723,1,54
eng_Latn,723,2,29
eng_Latn,724,0,60
eng_Latn,724,1,54
eng_Latn,724,2,50
eng_Latn,724,3,16
eng_Latn,724,4,20
eng_Latn,724,5,38
eng_Latn,724,6,47
eng_Latn,725,0,60
eng_Latn,725,1,17
eng_Latn,725,2,18
eng_Latn,725,3,20
eng_Latn,725,4,41
eng_Latn,725,5,56
eng_Latn,725,6,41
eng_Latn,725,7,33
eng_Latn,726,0,60
eng_Latn,726,1,18
eng_Latn,726,2,56
eng_Latn,726,3,29
eng_Latn,726,4,19
eng_Latn,726,5,34
eng_Latn,726,6,51
eng_Latn,726,7,38
eng_Latn,726,8,32
eng_Latn,726,9,29
eng_Latn,726,10,51
eng_Latn,727,0,60
eng_Latn,727,1,9
eng_Latn,727,2,56
eng_Latn,727,3,35
eng_Latn,727,4,35
eng_Latn,727,5,57
eng_Latn,727,6,23
eng_Latn,727,7,46
eng_Latn,728,0,60
eng_Latn,728,1,1
eng_Latn,728,2,52
eng_Latn,728,3,1
eng_Latn,728,4,52
eng_Latn,728,5,1
eng_Latn,728,6,52
eng_Latn,728,7,1
eng_Latn,728,8,52
eng_Latn,728,9,11
eng_Latn,728,10,11
eng_Latn,728,11,11
eng_Latn,728,12,47
eng_Latn,729,0,60
eng_Latn,729,1,36
eng_Latn,729,2,49
eng_Latn,729,3,5
eng_Latn,729,4,49
eng_Latn,729,5,5
eng_Latn,729,6,5
eng_Latn,729,7,40
eng_Latn,729,8,26
eng_Latn,730,0,60
eng_Latn,730,1,22
eng_Latn,730,2,9
eng_Latn,730,3,9
eng_Latn,730,4,54
eng_Latn,730,5,61
eng_Latn,731,0,60
eng_Latn,731,1,46
eng_Latn,731,2,8
eng_Latn,731,3,50
eng_Latn,731,4,56
eng_Latn,731,5,56
eng_Latn,731,6,57
eng_Latn,731,7,16
eng_Latn,732,0,60
eng_Latn,732,1,9
eng_Latn,732,2,9
eng_Latn,732,3,9
eng_Latn,732,4,22
eng_Latn,732,5,57
eng_Latn,732,6,48
eng_Latn,732,7,17
eng_Latn,732,8,16
eng_Latn,732,9,51
jpn_Jpan,733,0,60
jpn_Jpan,733,1,58
jpn_Jpan,733,2,13
jpn_Jpan,733,3,19
jpn_Jpan,733,4,13
jpn_Jpan,733,5,13
jpn_Jpan,733,6,13
jpn_Jpan,733,7,24
jpn_Jpan,733,8,47
jpn_Jpan,733,9,19
jpn_Jpan,733,10,19
jpn_Jpan,733,11,13
eng_Latn,734,0,60
eng_Latn,734,1,54
eng_Latn,734,2,40
eng_Latn,735,0,60
eng_Latn,735,1,22
eng_Latn,735,2,38
eng_Latn,735,3,52
eng_Latn,735,4,19
eng_Latn,735,5,15
eng_Latn,736,0,60
eng_Latn,736,1,24
eng_Latn,736,2,46
eng_Latn,736,3,9
eng_Latn,736,4,38
eng_Latn,736,5,62
eng_Latn,736,6,56
eng_Latn,736,7,19
eng_Latn,736,8,47
eng_Latn,736,9,51
eng_Latn,737,0,60
eng_Latn,737,1,56
eng_Latn,737,2,37
eng_Latn,737,3,57
eng_Latn,737,4,35
eng_Latn,737,5,57
eng_Latn,737,6,25
eng_Latn,737,7,35
eng_Latn,737,8,57
eng_Latn,737,9,49
jpn_Jpan,738,0,60
jpn_Jpan,738,1,29
jpn_Jpan,738,2,19
jpn_Jpan,738,3,13
jpn_Jpan,738,4,47
jpn_Jpan,738,5,13
jpn_Jpan,738,6,24
jpn_Jpan,738,7,52
jpn_Jpan,738,8,13
jpn_Jpan,738,9,13
jpn_Jpan,738,10,34
jpn_Jpan,738,11,47
jpn_Jpan,738,12,47
jpn_Jpan,738,13,13
jpn_Jpan,738,14,24
jpn_Jpan,738,15,24
jpn_Jpan,738,16,13
jpn_Jpan,738,17,13
jpn_Jpan,738,18,13
jpn_Jpan,738,19,24
jpn_Jpan,738,20,47
jpn_Jpan,738,21,13
jpn_Jpan,738,22,13
jpn_Jpan,738,23,13
jpn_Jpan,738,24,24
jpn_Jpan,738,25,13
jpn_Jpan,738,26,13
jpn_Jpan,738,27,61
jpn_Jpan,738,28,13
jpn_Jpan,738,29,19
jpn_Jpan,738,30,34
jpn_Jpan,738,31,13
jpn_Jpan,738,32,13
jpn_Jpan,738,33,34
jpn_Jpan,739,0,60
jpn_Jpan,739,1,47
jpn_Jpan,739,2,13
jpn_Jpan,739,3,47
jpn_Jpan,739,4,13
jpn_Jpan,739,5,19
jpn_Jpan,739,6,12
jpn_Jpan,739,7,13
jpn_Jpan,739,8,24
jpn_Jpan,739,9,13
jpn_Jpan,739,10,13
jpn_Jpan,739,11,24
jpn_Jpan,739,12,61
jpn_Jpan,739,13,13
jpn_Jpan,739,14,24
jpn_Jpan,739,15,47
jpn_Jpan,739,16,19
jpn_Jpan,739,17,13
jpn_Jpan,739,18,13
jpn_Jpan,739,19,13
jpn_Jpan,739,20,24
jpn_Jpan,739,21,24
jpn_Jpan,739,22,19
jpn_Jpan,739,23,13
jpn_Jpan,739,24,24
jpn_Jpan,739,25,19
jpn_Jpan,739,26,13
jpn_Jpan,739,27,13
jpn_Jpan,739,28,13
jpn_Jpan,739,29,13
jpn_Jpan,739,30,24
jpn_Jpan,739,31,52
jpn_Jpan,739,32,13
jpn_Jpan,739,33,19
jpn_Jpan,739,34,13
jpn_Jpan,739,35,24
jpn_Jpan,739,36,13
jpn_Jpan,739,37,13
jpn_Jpan,739,38,13
jpn_Jpan,739,39,13
jpn_Jpan,739,40,24
jpn_Jpan,739,41,13
jpn_Jpan,739,42,13
jpn_Jpan,739,43,13
jpn_Jpan,739,44,61
jpn_Jpan,739,45,13
jpn_Jpan,739,46,13
jpn_Jpan,739,47,34
eng_Latn,740,0,60
eng_Latn,740,1,58
eng_Latn,740,2,52
eng_Latn,740,3,52
eng_Latn,740,4,1
eng_Latn,740,5,57
eng_Latn,740,6,31
eng_Latn,740,7,16
eng_Latn,740,8,16
eng_Latn,740,9,16
eng_Latn,741,0,60
eng_Latn,741,1,18
eng_Latn,741,2,51
eng_Latn,741,3,11
eng_Latn,741,4,25
eng_Latn,741,5,53
eng_Latn,741,6,21
eng_Latn,741,7,61
eng_Latn,741,8,16
eng_Latn,741,9,34
jpn_Jpan,742,0,60
jpn_Jpan,742,1,19
jpn_Jpan,742,2,13
jpn_Jpan,742,3,19
jpn_Jpan,742,4,52
jpn_Jpan,742,5,24
jpn_Jpan,742,6,19
jpn_Jpan,742,7,13
jpn_Jpan,742,8,24
jpn_Jpan,742,9,52
jpn_Jpan,742,10,1
jpn_Jpan,742,11,13
jpn_Jpan,742,12,24
jpn_Jpan,742,13,24
jpn_Jpan,742,14,13
jpn_Jpan,742,15,19
jpn_Jpan,742,16,34
jpn_Jpan,742,17,13
jpn_Jpan,742,18,13
jpn_Jpan,742,19,13
jpn_Jpan,742,20,36
jpn_Jpan,742,21,24
jpn_Jpan,742,22,47
jpn_Jpan,742,23,13
jpn_Jpan,742,24,13
jpn_Jpan,742,25,13
jpn_Jpan,742,26,13
jpn_Jpan,742,27,13
jpn_Jpan,742,28,24
jpn_Jpan,742,29,52
jpn_Jpan,742,30,13
jpn_Jpan,742,31,24
jpn_Jpan,742,32,13
jpn_Jpan,742,33,13
jpn_Jpan,742,34,13
jpn_Jpan,742,35,13
jpn_Jpan,742,36,13
jpn_Jpan,742,37,13
jpn_Jpan,743,0,60
jpn_Jpan,743,1,24
jpn_Jpan,743,2,13
jpn_Jpan,743,3,13
jpn_Jpan,743,4,13
jpn_Jpan,743,5,36
jpn_Jpan,743,6,1
jpn_Jpan,743,7,19
jpn_Jpan,743,8,13
jpn_Jpan,743,9,24
jpn_Jpan,743,10,52
jpn_Jpan,743,11,52
jpn_Jpan,743,12,52
jpn_Jpan,743,13,13
jpn_Jpan,743,14,34
jpn_Jpan,743,15,24
jpn_Jpan,743,16,24
jpn_Jpan,743,17,13
jpn_Jpan,743,18,19
jpn_Jpan,743,19,19
jpn_Jpan,743,20,13
jpn_Jpan,743,21,13
jpn_Jpan,743,22,19
jpn_Jpan,743,23,13
jpn_Jpan,743,24,24
jpn_Jpan,743,25,47
jpn_Jpan,743,26,47
jpn_Jpan,743,27,61
jpn_Jpan,743,28,13
jpn_Jpan,743,29,24
jpn_Jpan,743,30,52
jpn_Jpan,743,31,19
jpn_Jpan,743,32,13
jpn_Jpan,743,33,13
jpn_Jpan,743,34,61
jpn_Jpan,743,35,13
jpn_Jpan,743,36,34
jpn_Jpan,743,37,13
jpn_Jpan,743,38,13
jpn_Jpan,743,39,34
eng_Latn,744,0,60
eng_Latn,744,1,12
eng_Latn,744,2,58
eng_Latn,744,3,54
eng_Latn,744,4,6
eng_Latn,744,5,6
eng_Latn,744,6,6
eng_Latn,744,7,16
eng_Latn,744,8,25
eng_Latn,744,9,54
eng_Latn,744,10,30
eng_Latn,744,11,54
eng_Latn,744,12,8
eng_Latn,745,0,60
eng_Latn,745,1,46
eng_Latn,745,2,56
eng_Latn,745,3,21
eng_Latn,746,0,60
eng_Latn,746,1,58
eng_Latn,746,2,22
eng_Latn,746,3,37
eng_Latn,746,4,52
eng_Latn,746,5,5
eng_Latn,746,6,22
eng_Latn,746,7,60
eng_Latn,746,8,52
eng_Latn,746,9,13
eng_Latn,746,10,1
eng_Latn,746,11,13
jpn_Jpan,747,0,60
jpn_Jpan,747,1,39
jpn_Jpan,747,2,39
jpn_Jpan,747,3,19
jpn_Jpan,747,4,19
jpn_Jpan,747,5,13
jpn_Jpan,747,6,13
jpn_Jpan,747,7,13
jpn_Jpan,747,8,13
jpn_Jpan,747,9,13
jpn_Jpan,747,10,24
jpn_Jpan,747,11,24
jpn_Jpan,747,12,36
jpn_Jpan,747,13,13
jpn_Jpan,747,14,24
jpn_Jpan,747,15,19
jpn_Jpan,747,16,13
jpn_Jpan,747,17,13
jpn_Jpan,747,18,24
jpn_Jpan,747,19,19
jpn_Jpan,747,20,13
jpn_Jpan,747,21,47
jpn_Jpan,747,22,19
jpn_Jpan,747,23,13
jpn_Jpan,747,24,13
jpn_Jpan,747,25,13
jpn_Jpan,747,26,13
jpn_Jpan,747,27,47
jpn_Jpan,747,28,8
jpn_Jpan,747,29,47
jpn_Jpan,747,30,19
jpn_Jpan,747,31,8
jpn_Jpan,747,32,19
jpn_Jpan,747,33,36
jpn_Jpan,747,34,34
eng_Latn,748,0,60
eng_Latn,748,1,47
eng_Latn,748,2,1
eng_Latn,748,3,28
eng_Latn,748,4,13
eng_Latn,748,5,39
eng_Latn,748,6,13
eng_Latn,748,7,27
eng_Latn,748,8,61
eng_Latn,748,9,27
eng_Latn,748,10,27
eng_Latn,749,0,60
eng_Latn,749,1,9
eng_Latn,749,2,54
eng_Latn,749,3,35
eng_Latn,749,4,52
eng_Latn,749,5,52
eng_Latn,749,6,57
eng_Latn,749,7,49
eng_Latn,749,8,54
eng_Latn,749,9,51
eng_Latn,750,0,60
eng_Latn,750,1,45
eng_Latn,750,2,17
eng_Latn,750,3,56
eng_Latn,750,4,46
eng_Latn,750,5,53
eng_Latn,750,6,38
eng_Latn,750,7,59
eng_Latn,750,8,51
eng_Latn,751,0,60
eng_Latn,751,1,22
eng_Latn,751,2,63
eng_Latn,751,3,22
eng_Latn,751,4,60
eng_Latn,751,5,58
eng_Latn,751,6,12
eng_Latn,751,7,47
eng_Latn,751,8,39
eng_Latn,751,9,47
eng_Latn,751,10,40
jpn_Jpan,752,0,60
jpn_Jpan,752,1,13
jpn_Jpan,752,2,13
jpn_Jpan,752,3,13
jpn_Jpan,752,4,12
jpn_Jpan,752,5,19
jpn_Jpan,752,6,13
jpn_Jpan,752,7,47
jpn_Jpan,752,8,13
jpn_Jpan,752,9,13
jpn_Jpan,752,10,13
jpn_Jpan,752,11,19
jpn_Jpan,752,12,13
jpn_Jpan,752,13,13
jpn_Jpan,752,14,1
jpn_Jpan,752,15,13
jpn_Jpan,752,16,19
jpn_Jpan,752,17,47
jpn_Jpan,752,18,39
jpn_Jpan,752,19,13
jpn_Jpan,752,20,13
jpn_Jpan,752,21,13
jpn_Jpan,752,22,19
jpn_Jpan,752,23,13
jpn_Jpan,752,24,47
jpn_Jpan,752,25,13
eng_Latn,753,0,60
eng_Latn,753,1,49
eng_Latn,753,2,18
eng_Latn,753,3,35
eng_Latn,753,4,57
eng_Latn,753,5,53
eng_Latn,753,6,38
eng_Latn,753,7,51
eng_Latn,753,8,57
eng_Latn,753,9,51
eng_Latn,754,0,60
eng_Latn,754,1,29
eng_Latn,754,2,22
eng_Latn,754,3,34
eng_Latn,754,4,34
eng_Latn,754,5,12
eng_Latn,754,6,58
eng_Latn,754,7,24
eng_Latn,754,8,61
eng_Latn,755,0,60
eng_Latn,755,1,46
eng_Latn,755,2,15
eng_Latn,755,3,14
eng_Latn,755,4,23
eng_Latn,755,5,13
eng_Latn,755,6,19
eng_Latn,755,7,63
eng_Latn,756,0,60
eng_Latn,756,1,52
eng_Latn,756,2,52
eng_Latn,756,3,53
eng_Latn,756,4,49
eng_Latn,756,5,5
eng_Latn,756,6,57
eng_Latn,756,7,49
eng_Latn,757,0,60
eng_Latn,757,1,56
eng_Latn,757,2,16
eng_Latn,757,3,29
eng_Latn,757,4,41
eng_Latn,757,5,46
eng_Latn,758,0,60
eng_Latn,758,1,27
eng_Latn,758,2,27
eng_Latn,758,3,27
eng_Latn,758,4,27
eng_Latn,758,5,27
eng_Latn,758,6,52
eng_Latn,759,0,60
eng_Latn,759,1,13
eng_Latn,759,2,13
eng_Latn,759,3,13
eng_Latn,759,4,5
eng_Latn,759,5,61
eng_Latn,759,6,39
eng_Latn,760,0,60
eng_Latn,760,1,22
eng_Latn,760,2,53
eng_Latn,760,3,46
eng_Latn,760,4,15
eng_Latn,761,0,60
eng_Latn,761,1,22
eng_Latn,761,2,30
eng_Latn,761,3,24
eng_Latn,761,4,30
eng_Latn,761,5,30
eng_Latn,761,6,54
eng_Latn,761,7,48
eng_Latn,761,8,56
eng_Latn,761,9,63
eng_Latn,761,10,30
eng_Latn,761,11,63
eng_Latn,762,0,60
eng_Latn,762,1,1
eng_Latn,762,2,17
eng_Latn,762,3,1
eng_Latn,762,4,52
eng_Latn,762,5,52
eng_Latn,762,6,63
eng_Latn,763,0,60
eng_Latn,763,1,19
eng_Latn,763,2,49
eng_Latn,763,3,27
eng_Latn,763,4,49
eng_Latn,763,5,9
eng_Latn,763,6,37
eng_Latn,763,7,48
eng_Latn,763,8,48
eng_Latn,763,9,9
eng_Latn,763,10,0
eng_Latn,763,11,17
eng_Latn,763,12,53
eng_Latn,763,13,59
eng_Latn,763,14,16
eng_Latn,764,0,60
eng_Latn,764,1,47
eng_Latn,764,2,7
eng_Latn,764,3,49
eng_Latn,764,4,22
eng_Latn,764,5,42
eng_Latn,764,6,19
eng_Latn,764,7,19
eng_Latn,764,8,26
eng_Latn,764,9,60
eng_Latn,765,0,60
eng_Latn,765,1,37
eng_Latn,765,2,46
eng_Latn,765,3,12
eng_Latn,765,4,13
eng_Latn,765,5,47
eng_Latn,765,6,48
eng_Latn,765,7,48
eng_Latn,765,8,48
eng_Latn,765,9,1
eng_Latn,765,10,52
eng_Latn,766,0,60
eng_Latn,766,1,39
eng_Latn,766,2,24
eng_Latn,766,3,19
eng_Latn,766,4,19
eng_Latn,766,5,48
eng_Latn,766,6,56
eng_Latn,766,7,59
eng_Latn,766,8,40
eng_Latn,766,9,15
eng_Latn,767,0,60
eng_Latn,767,1,63
eng_Latn,767,2,63
eng_Latn,767,3,53
eng_Latn,767,4,37
eng_Latn,767,5,63
eng_Latn,768,0,60
eng_Latn,768,1,22
eng_Latn,768,2,47
eng_Latn,768,3,40
eng_Latn,768,4,49
eng_Latn,769,0,60
eng_Latn,769,1,20
eng_Latn,769,2,37
eng_Latn,769,3,57
eng_Latn,769,4,52
eng_Latn,769,5,52
eng_Latn,769,6,1
eng_Latn,769,7,52
eng_Latn,769,8,52
eng_Latn,769,9,11
eng_Latn,770,0,60
eng_Latn,770,1,12
eng_Latn,770,2,11
eng_Latn,770,3,22
eng_Latn,770,4,52
jpn_Jpan,771,0,60
jpn_Jpan,771,1,61
jpn_Jpan,771,2,61
jpn_Jpan,771,3,39
jpn_Jpan,771,4,13
jpn_Jpan,771,5,13
jpn_Jpan,771,6,13
jpn_Jpan,771,7,13
jpn_Jpan,771,8,61
jpn_Jpan,771,9,39
jpn_Jpan,771,10,13
jpn_Jpan,771,11,13
jpn_Jpan,771,12,13
jpn_Jpan,771,13,13
jpn_Jpan,771,14,61
jpn_Jpan,771,15,13
jpn_Jpan,771,16,19
jpn_Jpan,771,17,13
jpn_Jpan,771,18,24
jpn_Jpan,771,19,19
jpn_Jpan,771,20,13
jpn_Jpan,771,21,13
jpn_Jpan,771,22,52
jpn_Jpan,771,23,13
eng_Latn,772,0,60
eng_Latn,772,1,35
eng_Latn,772,2,56
eng_Latn,772,3,16
eng_Latn,772,4,16
eng_Latn,772,5,54
eng_Latn,772,6,38
eng_Latn,772,7,50
eng_Latn,772,8,63
eng_Latn,773,0,60
eng_Latn,773,1,30
eng_Latn,773,2,63
eng_Latn,773,3,53
eng_Latn,773,4,46
eng_Latn,773,5,56
eng_Latn,773,6,63
eng_Latn,774,0,60
eng_Latn,774,1,40
eng_Latn,774,2,48
eng_Latn,774,3,24
eng_Latn,774,4,19
eng_Latn,774,5,18
eng_Latn,774,6,14
eng_Latn,774,7,14
eng_Latn,774,8,47
eng_Latn,775,0,60
eng_Latn,775,1,49
eng_Latn,775,2,40
eng_Latn,775,3,40
eng_Latn,775,4,49
eng_Latn,775,5,5
eng_Latn,775,6,49
eng_Latn,776,0,60
eng_Latn,776,1,19
eng_Latn,776,2,40
eng_Latn,776,3,18
eng_Latn,776,4,2
eng_Latn,776,5,37
eng_Latn,776,6,38
eng_Latn,776,7,46
eng_Latn,776,8,12
eng_Latn,776,9,40
eng_Latn,776,10,7
eng_Latn,777,0,60
eng_Latn,777,1,35
eng_Latn,777,2,16
eng_Latn,777,3,4
eng_Latn,777,4,4
eng_Latn,777,5,4
eng_Latn,778,0,60
eng_Latn,778,1,40
eng_Latn,778,2,30
eng_Latn,778,3,41
eng_Latn,778,4,57
eng_Latn,778,5,21
eng_Latn,778,6,16
eng_Latn,779,0,60
eng_Latn,779,1,22
eng_Latn,779,2,26
eng_Latn,779,3,49
eng_Latn,779,4,26
eng_Latn,779,5,26
eng_Latn,779,6,26
eng_Latn,779,7,49
jpn_Jpan,780,0,60
jpn_Jpan,780,1,13
jpn_Jpan,780,2,13
jpn_Jpan,780,3,47
jpn_Jpan,780,4,39
jpn_Jpan,780,5,19
jpn_Jpan,780,6,34
jpn_Jpan,780,7,34
jpn_Jpan,780,8,13
jpn_Jpan,780,9,24
jpn_Jpan,780,10,24
jpn_Jpan,780,11,13
jpn_Jpan,780,12,13
jpn_Jpan,780,13,19
jpn_Jpan,780,14,36
jpn_Jpan,780,15,24
jpn_Jpan,780,16,13
jpn_Jpan,780,17,39
jpn_Jpan,780,18,24
jpn_Jpan,780,19,13
jpn_Jpan,780,20,19
jpn_Jpan,780,21,34
jpn_Jpan,780,22,13
jpn_Jpan,780,23,24
jpn_Jpan,780,24,12
jpn_Jpan,780,25,19
jpn_Jpan,780,26,13
jpn_Jpan,780,27,58
jpn_Jpan,780,28,52
jpn_Jpan,780,29,52
jpn_Jpan,780,30,13
jpn_Jpan,780,31,52
jpn_Jpan,780,32,34
jpn_Jpan,780,33,24
jpn_Jpan,780,34,61
jpn_Jpan,780,35,19
jpn_Jpan,780,36,19
jpn_Jpan,780,37,13
eng_Latn,781,0,60
eng_Latn,781,1,22
eng_Latn,781,2,34
eng_Latn,781,3,20
eng_Latn,781,4,34
eng_Latn,781,5,34
eng_Latn,781,6,11
eng_Latn,782,0,60
eng_Latn,782,1,18
eng_Latn,782,2,18
eng_Latn,782,3,39
eng_Latn,782,4,19
eng_Latn,782,5,63
eng_Latn,782,6,5
eng_Latn,782,7,26
eng_Latn,782,8,26
eng_Latn,782,9,27
eng_Latn,782,10,26
eng_Latn,782,11,27
eng_Latn,782,12,26
eng_Latn,782,13,5
eng_Latn,782,14,14
eng_Latn,782,15,26
eng_Latn,783,0,60
eng_Latn,783,1,22
eng_Latn,783,2,22
eng_Latn,783,3,22
eng_Latn,783,4,34
eng_Latn,783,5,8
eng_Latn,783,6,8
eng_Latn,783,7,24
eng_Latn,783,8,63
eng_Latn,784,0,60
eng_Latn,784,1,4
eng_Latn,784,2,56
eng_Latn,784,3,29
eng_Latn,784,4,51
eng_Latn,785,0,60
eng_Latn,785,1,22
eng_Latn,785,2,22
eng_Latn,785,3,34
eng_Latn,785,4,34
jpn_Jpan,786,0,60
jpn_Jpan,786,1,19
jpn_Jpan,786,2,13
jpn_Jpan,786,3,36
jpn_Jpan,786,4,24
jpn_Jpan,786,5,47
jpn_Jpan,786,6,47
jpn_Jpan,786,7,36
jpn_Jpan,786,8,47
jpn_Jpan,786,9,36
jpn_Jpan,786,10,36
jpn_Jpan,786,11,36
jpn_Jpan,786,12,13
jpn_Jpan,786,13,13
jpn_Jpan,786,14,13
jpn_Jpan,786,15,36
jpn_Jpan,786,16,47
jpn_Jpan,786,17,19
jpn_Jpan,786,18,13
jpn_Jpan,786,19,61
jpn_Jpan,786,20,7
jpn_Jpan,786,21,36
jpn_Jpan,786,22,19
jpn_Jpan,786,23,13
jpn_Jpan,786,24,34
jpn_Jpan,786,25,34
jpn_Jpan,786,26,36
jpn_Jpan,786,27,34
jpn_Jpan,786,28,13
jpn_Jpan,786,29,36
jpn_Jpan,786,30,24
jpn_Jpan,786,31,19
jpn_Jpan,786,32,13
jpn_Jpan,786,33,19
jpn_Jpan,786,34,24
jpn_Jpan,786,35,24
jpn_Jpan,786,36,13
jpn_Jpan,786,37,13
jpn_Jpan,786,38,24
jpn_Jpan,786,39,34
jpn_Jpan,786,40,13
jpn_Jpan,786,41,34
eng_Latn,787,0,60
eng_Latn,787,1,31
eng_Latn,787,2,8
eng_Latn,788,0,60
eng_Latn,788,1,33
eng_Latn,788,2,33
eng_Latn,788,3,33
eng_Latn,788,4,33
eng_Latn,788,5,1
eng_Latn,788,6,52
eng_Latn,788,7,52
eng_Latn,788,8,48
jpn_Jpan,789,0,60
jpn_Jpan,789,1,13
jpn_Jpan,789,2,39
jpn_Jpan,789,3,13
jpn_Jpan,789,4,13
jpn_Jpan,789,5,19
jpn_Jpan,789,6,13
jpn_Jpan,789,7,13
jpn_Jpan,789,8,11
jpn_Jpan,789,9,24
jpn_Jpan,789,10,19
jpn_Jpan,789,11,13
jpn_Jpan,789,12,39
jpn_Jpan,789,13,13
jpn_Jpan,789,14,24
jpn_Jpan,789,15,19
jpn_Jpan,789,16,13
jpn_Jpan,789,17,13
jpn_Jpan,789,18,13
jpn_Jpan,789,19,13
jpn_Jpan,789,20,24
jpn_Jpan,789,21,19
jpn_Jpan,789,22,19
jpn_Jpan,789,23,13
jpn_Jpan,789,24,19
jpn_Jpan,789,25,34
jpn_Jpan,789,26,12
jpn_Jpan,789,27,58
jpn_Jpan,789,28,12
jpn_Jpan,789,29,61
jpn_Jpan,789,30,7
jpn_Jpan,790,0,60
jpn_Jpan,790,1,36
jpn_Jpan,790,2,19
jpn_Jpan,790,3,13
jpn_Jpan,790,4,47
jpn_Jpan,790,5,24
jpn_Jpan,790,6,13
jpn_Jpan,790,7,36
jpn_Jpan,790,8,24
jpn_Jpan,790,9,52
jpn_Jpan,790,10,19
jpn_Jpan,790,11,13
jpn_Jpan,790,12,24
jpn_Jpan,790,13,13
jpn_Jpan,790,14,13
jpn_Jpan,790,15,19
jpn_Jpan,790,16,13
jpn_Jpan,790,17,47
jpn_Jpan,790,18,36
jpn_Jpan,790,19,24
jpn_Jpan,790,20,52
jpn_Jpan,790,21,19
jpn_Jpan,790,22,13
jpn_Jpan,790,23,24
jpn_Jpan,790,24,61
jpn_Jpan,790,25,13
jpn_Jpan,790,26,19
jpn_Jpan,790,27,34
jpn_Jpan,790,28,13
jpn_Jpan,790,29,24
jpn_Jpan,790,30,24
jpn_Jpan,790,31,24
jpn_Jpan,790,32,24
jpn_Jpan,790,33,19
jpn_Jpan,790,34,13
jpn_Jpan,790,35,19
jpn_Jpan,790,36,24
jpn_Jpan,790,37,24
jpn_Jpan,790,38,13
jpn_Jpan,790,39,39
jpn_Jpan,790,40,47
jpn_Jpan,790,41,34
jpn_Jpan,790,42,13
jpn_Jpan,790,43,34
jpn_Jpan,791,0,60
jpn_Jpan,791,1,13
jpn_Jpan,791,2,24
jpn_Jpan,791,3,13
jpn_Jpan,791,4,19
jpn_Jpan,791,5,36
jpn_Jpan,791,6,24
jpn_Jpan,791,7,24
jpn_Jpan,791,8,47
jpn_Jpan,791,9,19
jpn_Jpan,791,10,13
jpn_Jpan,791,11,24
jpn_Jpan,791,12,19
jpn_Jpan,791,13,13
jpn_Jpan,791,14,13
jpn_Jpan,791,15,13
jpn_Jpan,791,16,19
jpn_Jpan,791,17,13
jpn_Jpan,791,18,13
jpn_Jpan,791,19,34
eng_Latn,792,0,60
eng_Latn,792,1,40
eng_Latn,792,2,29
eng_Latn,792,3,34
eng_Latn,793,0,60
eng_Latn,793,1,48
eng_Latn,793,2,9
eng_Latn,793,3,56
eng_Latn,793,4,54
eng_Latn,793,5,31
eng_Latn,793,6,16
eng_Latn,793,7,20
eng_Latn,793,8,26
eng_Latn,794,0,60
eng_Latn,794,1,49
eng_Latn,794,2,39
eng_Latn,794,3,11
eng_Latn,794,4,47
eng_Latn,794,5,47
eng_Latn,795,0,60
eng_Latn,795,1,12
eng_Latn,795,2,61
eng_Latn,796,0,60
eng_Latn,796,1,35
eng_Latn,796,2,50
eng_Latn,796,3,4
eng_Latn,796,4,4
eng_Latn,796,5,51
eng_Latn,797,0,60
eng_Latn,797,1,53
eng_Latn,797,2,19
eng_Latn,797,3,39
eng_Latn,797,4,9
eng_Latn,797,5,3
eng_Latn,797,6,18
eng_Latn,798,0,60
eng_Latn,798,1,15
eng_Latn,798,2,56
eng_Latn,798,3,63
eng_Latn,798,4,60
eng_Latn,798,5,49
eng_Latn,798,6,63
eng_Latn,799,0,60
eng_Latn,799,1,22
eng_Latn,799,2,22
eng_Latn,799,3,22
eng_Latn,799,4,22
eng_Latn,799,5,47
eng_Latn,799,6,22
eng_Latn,799,7,22
eng_Latn,799,8,34
eng_Latn,800,0,60
eng_Latn,800,1,18
eng_Latn,800,2,16
eng_Latn,800,3,5
eng_Latn,800,4,61
eng_Latn,801,0,60
eng_Latn,801,1,45
eng_Latn,801,2,45
eng_Latn,801,3,35
eng_Latn,801,4,19
eng_Latn,801,5,20
eng_Latn,801,6,6
eng_Latn,801,7,45
eng_Latn,801,8,36
eng_Latn,801,9,16
jpn_Jpan,802,0,60
jpn_Jpan,802,1,13
jpn_Jpan,802,2,52
jpn_Jpan,802,3,13
jpn_Jpan,802,4,24
jpn_Jpan,802,5,47
jpn_Jpan,802,6,13
jpn_Jpan,802,7,47
jpn_Jpan,802,8,19
jpn_Jpan,802,9,13
jpn_Jpan,802,10,24
jpn_Jpan,802,11,1
jpn_Jpan,802,12,13
jpn_Jpan,802,13,13
jpn_Jpan,802,14,13
jpn_Jpan,802,15,13
jpn_Jpan,802,16,24
jpn_Jpan,802,17,13
jpn_Jpan,802,18,13
jpn_Jpan,802,19,13
jpn_Jpan,802,20,34
jpn_Jpan,802,21,19
jpn_Jpan,802,22,13
jpn_Jpan,802,23,47
jpn_Jpan,802,24,19
jpn_Jpan,802,25,13
jpn_Jpan,802,26,61
jpn_Jpan,802,27,61
jpn_Jpan,802,28,19
jpn_Jpan,802,29,13
jpn_Jpan,802,30,24
jpn_Jpan,802,31,13
jpn_Jpan,802,32,13
jpn_Jpan,802,33,13
jpn_Jpan,802,34,34
eng_Latn,803,0,60
eng_Latn,803,1,40
eng_Latn,803,2,61
eng_Latn,803,3,56
eng_Latn,803,4,22
eng_Latn,803,5,22
eng_Latn,803,6,12
eng_Latn,803,7,40
eng_Latn,803,8,47
eng_Latn,803,9,40
eng_Latn,803,10,61
eng_Latn,803,11,49
eng_Latn,804,0,60
eng_Latn,804,1,22
eng_Latn,804,2,17
eng_Latn,804,3,50
eng_Latn,804,4,22
eng_Latn,804,5,37
eng_Latn,804,6,49
eng_Latn,804,7,37
eng_Latn,804,8,63
eng_Latn,804,9,9
eng_Latn,804,10,22
eng_Latn,804,11,22
eng_Latn,804,12,51
eng_Latn,805,0,60
eng_Latn,805,1,18
eng_Latn,805,2,56
eng_Latn,805,3,4
eng_Latn,805,4,2
eng_Latn,805,5,27
eng_Latn,805,6,16
eng_Latn,806,0,60
eng_Latn,806,1,45
eng_Latn,806,2,35
eng_Latn,806,3,18
eng_Latn,806,4,56
eng_Latn,806,5,38
eng_Latn,806,6,24
eng_Latn,806,7,55
eng_Latn,806,8,41
eng_Latn,806,9,43
eng_Latn,806,10,48
eng_Latn,807,0,60
eng_Latn,807,1,19
eng_Latn,807,2,49
eng_Latn,807,3,18
eng_Latn,807,4,56
eng_Latn,807,5,35
eng_Latn,807,6,56
eng_Latn,807,7,35
eng_Latn,807,8,35
eng_Latn,807,9,35
eng_Latn,807,10,63
jpn_Jpan,808,0,60
jpn_Jpan,808,1,13
jpn_Jpan,808,2,47
jpn_Jpan,808,3,24
jpn_Jpan,808,4,36
jpn_Jpan,808,5,24
jpn_Jpan,808,6,61
jpn_Jpan,808,7,19
jpn_Jpan,808,8,39
jpn_Jpan,808,9,13
jpn_Jpan,808,10,24
jpn_Jpan,808,11,13
jpn_Jpan,808,12,13
jpn_Jpan,808,13,19
jpn_Jpan,808,14,36
jpn_Jpan,808,15,24
jpn_Jpan,808,16,19
jpn_Jpan,808,17,19
jpn_Jpan,808,18,13
jpn_Jpan,808,19,47
jpn_Jpan,808,20,34
jpn_Jpan,808,21,24
jpn_Jpan,808,22,13
jpn_Jpan,808,23,39
jpn_Jpan,808,24,24
jpn_Jpan,808,25,24
jpn_Jpan,808,26,61
jpn_Jpan,808,27,19
jpn_Jpan,808,28,13
jpn_Jpan,808,29,13
jpn_Jpan,808,30,39
jpn_Jpan,808,31,47
jpn_Jpan,808,32,13
jpn_Jpan,808,33,13
jpn_Jpan,808,34,13
jpn_Jpan,808,35,19
jpn_Jpan,808,36,13
jpn_Jpan,808,37,13
jpn_Jpan,808,38,19
jpn_Jpan,808,39,13
jpn_Jpan,808,40,13
jpn_Jpan,808,41,24
jpn_Jpan,808,42,13
jpn_Jpan,808,43,19
jpn_Jpan,808,44,13
jpn_Jpan,808,45,13
jpn_Jpan,808,46,13
eng_Latn,809,0,60
eng_Latn,809,1,61
eng_Latn,809,2,22
eng_Latn,809,3,26
eng_Latn,810,0,60
eng_Latn,810,1,57
eng_Latn,810,2,24
eng_Latn,810,3,19
eng_Latn,810,4,8
eng_Latn,810,5,50
eng_Latn,810,6,20
eng_Latn,810,7,1
eng_Latn,810,8,1
eng_Latn,810,9,49
eng_Latn,810,10,1
eng_Latn,810,11,26
eng_Latn,811,0,60
eng_Latn,811,1,29
eng_Latn,811,2,38
eng_Latn,811,3,38
eng_Latn,811,4,34
eng_Latn,811,5,20
eng_Latn,811,6,8
eng_Latn,811,7,34
eng_Latn,812,0,60
eng_Latn,812,1,22
eng_Latn,812,2,34
jpn_Jpan,813,0,60
jpn_Jpan,813,1,19
jpn_Jpan,813,2,13
jpn_Jpan,813,3,39
jpn_Jpan,813,4,13
jpn_Jpan,813,5,39
jpn_Jpan,813,6,47
jpn_Jpan,813,7,13
jpn_Jpan,813,8,13
jpn_Jpan,813,9,13
jpn_Jpan,813,10,1
jpn_Jpan,813,11,13
jpn_Jpan,813,12,12
jpn_Jpan,813,13,22
jpn_Jpan,814,0,60
jpn_Jpan,814,1,13
jpn_Jpan,814,2,24
jpn_Jpan,814,3,24
jpn_Jpan,814,4,47
jpn_Jpan,814,5,47
jpn_Jpan,814,6,19
jpn_Jpan,814,7,13
jpn_Jpan,814,8,19
jpn_Jpan,814,9,39
jpn_Jpan,814,10,13
jpn_Jpan,814,11,13
jpn_Jpan,814,12,13
jpn_Jpan,814,13,34
jpn_Jpan,815,0,60
jpn_Jpan,815,1,47
jpn_Jpan,815,2,13
jpn_Jpan,815,3,13
jpn_Jpan,815,4,34
jpn_Jpan,815,5,11
jpn_Jpan,815,6,9
jpn_Jpan,815,7,9
jpn_Jpan,815,8,9
jpn_Jpan,815,9,11
jpn_Jpan,815,10,24
jpn_Jpan,815,11,1
jpn_Jpan,815,12,40
jpn_Jpan,815,13,24
jpn_Jpan,815,14,7
jpn_Jpan,815,15,24
jpn_Jpan,815,16,13
jpn_Jpan,815,17,13
jpn_Jpan,815,18,39
jpn_Jpan,815,19,13
jpn_Jpan,815,20,47
jpn_Jpan,815,21,47
jpn_Jpan,815,22,47
jpn_Jpan,815,23,24
jpn_Jpan,815,24,24
jpn_Jpan,815,25,52
jpn_Jpan,815,26,52
jpn_Jpan,815,27,37
jpn_Jpan,815,28,13
jpn_Jpan,815,29,13
jpn_Jpan,815,30,19
jpn_Jpan,815,31,13
jpn_Jpan,815,32,19
jpn_Jpan,815,33,13
jpn_Jpan,816,0,60
jpn_Jpan,816,1,13
jpn_Jpan,816,2,1
jpn_Jpan,816,3,13
jpn_Jpan,816,4,13
jpn_Jpan,816,5,12
jpn_Jpan,816,6,26
jpn_Jpan,816,7,13
jpn_Jpan,816,8,24
jpn_Jpan,816,9,24
jpn_Jpan,816,10,19
jpn_Jpan,816,11,13
jpn_Jpan,816,12,47
jpn_Jpan,816,13,24
jpn_Jpan,816,14,24
jpn_Jpan,816,15,19
jpn_Jpan,816,16,13
jpn_Jpan,816,17,47
jpn_Jpan,816,18,13
jpn_Jpan,816,19,24
jpn_Jpan,816,20,47
jpn_Jpan,816,21,39
jpn_Jpan,816,22,13
jpn_Jpan,816,23,13
eng_Latn,817,0,60
eng_Latn,817,1,38
eng_Latn,817,2,38
eng_Latn,817,3,56
eng_Latn,817,4,47
eng_Latn,817,5,14
eng_Latn,817,6,14
eng_Latn,817,7,21
eng_Latn,817,8,14
eng_Latn,817,9,49
eng_Latn,818,0,60
eng_Latn,818,1,22
eng_Latn,818,2,22
eng_Latn,818,3,19
eng_Latn,818,4,21
eng_Latn,819,0,60
eng_Latn,819,1,56
eng_Latn,819,2,51
eng_Latn,819,3,53
eng_Latn,819,4,57
eng_Latn,819,5,56
eng_Latn,819,6,19
eng_Latn,819,7,34
eng_Latn,819,8,20
eng_Latn,819,9,37
eng_Latn,819,10,41
eng_Latn,819,11,34
eng_Latn,820,0,60
eng_Latn,820,1,49
eng_Latn,820,2,16
eng_Latn,821,0,60
eng_Latn,821,1,56
eng_Latn,821,2,51
eng_Latn,821,3,46
eng_Latn,821,4,51
eng_Latn,821,5,54
eng_Latn,821,6,2
eng_Latn,821,7,49
eng_Latn,821,8,19
eng_Latn,821,9,47
eng_Latn,821,10,21
eng_Latn,822,0,60
eng_Latn,822,1,5
eng_Latn,822,2,63
eng_Latn,822,3,53
eng_Latn,822,4,36
eng_Latn,822,5,36
eng_Latn,822,6,45
eng_Latn,822,7,36
eng_Latn,822,8,47
eng_Latn,822,9,13
eng_Latn,822,10,19
eng_Latn,822,11,46
jpn_Jpan,823,0,60
jpn_Jpan,823,1,36
jpn_Jpan,823,2,19
jpn_Jpan,823,3,13
jpn_Jpan,823,4,36
jpn_Jpan,823,5,13
jpn_Jpan,823,6,13
jpn_Jpan,823,7,19
jpn_Jpan,823,8,19
jpn_Jpan,823,9,13
jpn_Jpan,823,10,47
jpn_Jpan,823,11,13
jpn_Jpan,823,12,61
jpn_Jpan,823,13,19
jpn_Jpan,823,14,19
jpn_Jpan,823,15,13
jpn_Jpan,823,16,13
jpn_Jpan,823,17,12
jpn_Jpan,823,18,61
jpn_Jpan,823,19,13
jpn_Jpan,823,20,13
jpn_Jpan,823,21,24
jpn_Jpan,823,22,13
jpn_Jpan,823,23,24
jpn_Jpan,823,24,36
jpn_Jpan,823,25,28
jpn_Jpan,823,26,13
jpn_Jpan,823,27,13
jpn_Jpan,823,28,9
jpn_Jpan,823,29,47
jpn_Jpan,823,30,61
jpn_Jpan,823,31,47
jpn_Jpan,823,32,13
jpn_Jpan,823,33,24
jpn_Jpan,823,34,13
jpn_Jpan,823,35,24
jpn_Jpan,823,36,19
jpn_Jpan,823,37,13
jpn_Jpan,823,38,13
jpn_Jpan,823,39,13
jpn_Jpan,823,40,34
eng_Latn,824,0,60
eng_Latn,824,1,9
eng_Latn,824,2,27
eng_Latn,824,3,9
eng_Latn,824,4,56
eng_Latn,824,5,35
eng_Latn,824,6,17
eng_Latn,824,7,51
eng_Latn,825,0,60
eng_Latn,825,1,19
eng_Latn,825,2,53
eng_Latn,825,3,38
eng_Latn,825,4,46
eng_Latn,825,5,23
eng_Latn,826,0,60
eng_Latn,826,1,45
eng_Latn,826,2,18
eng_Latn,826,3,21
eng_Latn,826,4,21
eng_Latn,826,5,57
eng_Latn,827,0,60
eng_Latn,827,1,41
eng_Latn,828,0,60
eng_Latn,828,1,57
eng_Latn,828,2,33
eng_Latn,828,3,19
eng_Latn,828,4,33
eng_Latn,828,5,52
eng_Latn,828,6,49
eng_Latn,829,0,60
eng_Latn,829,1,34
eng_Latn,829,2,29
eng_Latn,829,3,34
eng_Latn,829,4,20
eng_Latn,829,5,49
eng_Latn,829,6,5
eng_Latn,829,7,49
eng_Latn,830,0,60
eng_Latn,830,1,57
eng_Latn,830,2,13
eng_Latn,830,3,13
eng_Latn,830,4,7
eng_Latn,831,0,60
eng_Latn,831,1,14
eng_Latn,831,2,19
eng_Latn,831,3,40
eng_Latn,831,4,18
jpn_Jpan,832,0,60
jpn_Jpan,832,1,13
jpn_Jpan,832,2,13
jpn_Jpan,832,3,19
jpn_Jpan,832,4,13
jpn_Jpan,832,5,13
jpn_Jpan,832,6,13
jpn_Jpan,832,7,13
jpn_Jpan,832,8,39
jpn_Jpan,832,9,13
jpn_Jpan,832,10,13
jpn_Jpan,832,11,13
jpn_Jpan,832,12,24
jpn_Jpan,832,13,24
jpn_Jpan,832,14,13
jpn_Jpan,832,15,24
jpn_Jpan,832,16,13
jpn_Jpan,832,17,24
jpn_Jpan,832,18,47
jpn_Jpan,832,19,13
jpn_Jpan,832,20,24
jpn_Jpan,832,21,52
jpn_Jpan,832,22,19
jpn_Jpan,832,23,13
jpn_Jpan,832,24,24
jpn_Jpan,832,25,13
jpn_Jpan,832,26,13
jpn_Jpan,832,27,24
jpn_Jpan,832,28,13
jpn_Jpan,832,29,34
jpn_Jpan,832,30,34
eng_Latn,833,0,60
eng_Latn,833,1,19
eng_Latn,833,2,33
eng_Latn,833,3,40
eng_Latn,833,4,33
eng_Latn,833,5,40
eng_Latn,833,6,40
eng_Latn,833,7,33
eng_Latn,833,8,12
eng_Latn,833,9,49
eng_Latn,834,0,60
eng_Latn,834,1,20
eng_Latn,834,2,15
eng_Latn,834,3,51
eng_Latn,835,0,60
eng_Latn,835,1,38
eng_Latn,835,2,46
eng_Latn,835,3,47
eng_Latn,835,4,40
eng_Latn,835,5,29
eng_Latn,835,6,33
jpn_Jpan,836,0,60
jpn_Jpan,836,1,13
jpn_Jpan,836,2,13
jpn_Jpan,836,3,7
jpn_Jpan,836,4,13
jpn_Jpan,836,5,61
jpn_Jpan,836,6,13
jpn_Jpan,836,7,13
jpn_Jpan,836,8,13
jpn_Jpan,836,9,19
jpn_Jpan,836,10,13
jpn_Jpan,836,11,13
jpn_Jpan,836,12,24
jpn_Jpan,836,13,19
jpn_Jpan,836,14,13
jpn_Jpan,836,15,24
jpn_Jpan,836,16,47
jpn_Jpan,836,17,19
jpn_Jpan,836,18,13
jpn_Jpan,836,19,13
jpn_Jpan,836,20,13
jpn_Jpan,836,21,34
jpn_Jpan,836,22,19
jpn_Jpan,836,23,13
jpn_Jpan,836,24,47
jpn_Jpan,836,25,47
jpn_Jpan,836,26,13
eng_Latn,837,0,60
eng_Latn,837,1,26
eng_Latn,837,2,30
eng_Latn,837,3,46
eng_Latn,837,4,15
jpn_Jpan,838,0,60
jpn_Jpan,838,1,13
jpn_Jpan,838,2,36
jpn_Jpan,838,3,24
jpn_Jpan,838,4,19
jpn_Jpan,838,5,19
jpn_Jpan,838,6,47
jpn_Jpan,838,7,36
jpn_Jpan,838,8,24
jpn_Jpan,838,9,19
jpn_Jpan,838,10,13
jpn_Jpan,838,11,61
jpn_Jpan,838,12,19
jpn_Jpan,838,13,39
jpn_Jpan,838,14,13
jpn_Jpan,838,15,24
jpn_Jpan,838,16,13
jpn_Jpan,838,17,13
jpn_Jpan,838,18,24
jpn_Jpan,838,19,13
jpn_Jpan,838,20,13
jpn_Jpan,838,21,13
jpn_Jpan,838,22,13
jpn_Jpan,838,23,24
jpn_Jpan,838,24,47
jpn_Jpan,838,25,36
jpn_Jpan,838,26,36
jpn_Jpan,838,27,24
jpn_Jpan,838,28,13
jpn_Jpan,838,29,13
jpn_Jpan,838,30,24
jpn_Jpan,838,31,13
jpn_Jpan,838,32,47
jpn_Jpan,838,33,47
jpn_Jpan,838,34,61
jpn_Jpan,838,35,19
jpn_Jpan,838,36,13
jpn_Jpan,838,37,13
eng_Latn,839,0,60
eng_Latn,839,1,39
eng_Latn,839,2,8
eng_Latn,839,3,48
eng_Latn,839,4,16
eng_Latn,839,5,54
eng_Latn,839,6,37
eng_Latn,839,7,37
eng_Latn,839,8,49
eng_Latn,840,0,60
eng_Latn,840,1,40
eng_Latn,840,2,46
eng_Latn,840,3,47
eng_Latn,840,4,19
eng_Latn,840,5,34
jpn_Jpan,841,0,60
jpn_Jpan,841,1,60
jpn_Jpan,841,2,13
jpn_Jpan,841,3,19
jpn_Jpan,841,4,13
jpn_Jpan,841,5,52
jpn_Jpan,841,6,19
jpn_Jpan,841,7,13
jpn_Jpan,841,8,12
jpn_Jpan,841,9,24
jpn_Jpan,841,10,13
jpn_Jpan,841,11,24
jpn_Jpan,841,12,19
jpn_Jpan,841,13,13
jpn_Jpan,841,14,19
jpn_Jpan,841,15,13
jpn_Jpan,841,16,24
jpn_Jpan,841,17,13
jpn_Jpan,841,18,19
jpn_Jpan,841,19,13
jpn_Jpan,841,20,13
jpn_Jpan,841,21,13
jpn_Jpan,841,22,24
jpn_Jpan,841,23,24
jpn_Jpan,841,24,36
jpn_Jpan,841,25,7
jpn_Jpan,841,26,26
jpn_Jpan,841,27,47
jpn_Jpan,841,28,13
jpn_Jpan,841,29,19
jpn_Jpan,841,30,19
jpn_Jpan,841,31,7
jpn_Jpan,841,32,19
jpn_Jpan,841,33,13
jpn_Jpan,841,34,13
jpn_Jpan,842,0,60
jpn_Jpan,842,1,19
jpn_Jpan,842,2,13
jpn_Jpan,842,3,24
jpn_Jpan,842,4,13
jpn_Jpan,842,5,24
jpn_Jpan,842,6,19
jpn_Jpan,842,7,13
jpn_Jpan,842,8,61
jpn_Jpan,842,9,13
jpn_Jpan,842,10,13
jpn_Jpan,842,11,24
jpn_Jpan,842,12,19
jpn_Jpan,842,13,13
jpn_Jpan,842,14,7
jpn_Jpan,842,15,19
jpn_Jpan,842,16,13
jpn_Jpan,842,17,19
jpn_Jpan,842,18,13
jpn_Jpan,842,19,24
jpn_Jpan,842,20,19
jpn_Jpan,842,21,13
jpn_Jpan,842,22,13
jpn_Jpan,842,23,34
jpn_Jpan,842,24,24
jpn_Jpan,842,25,24
jpn_Jpan,842,26,47
jpn_Jpan,842,27,13
jpn_Jpan,842,28,13
jpn_Jpan,842,29,47
jpn_Jpan,842,30,13
jpn_Jpan,842,31,13
jpn_Jpan,842,32,13
jpn_Jpan,842,33,24
jpn_Jpan,842,34,34
eng_Latn,843,0,60
eng_Latn,843,1,19
eng_Latn,843,2,46
eng_Latn,843,3,8
jpn_Jpan,844,0,60
jpn_Jpan,844,1,13
jpn_Jpan,844,2,13
jpn_Jpan,844,3,13
jpn_Jpan,844,4,13
jpn_Jpan,844,5,13
jpn_Jpan,844,6,24
jpn_Jpan,844,7,47
jpn_Jpan,844,8,13
jpn_Jpan,844,9,13
jpn_Jpan,844,10,24
jpn_Jpan,844,11,13
jpn_Jpan,844,12,13
jpn_Jpan,844,13,13
jpn_Jpan,844,14,19
jpn_Jpan,844,15,13
jpn_Jpan,844,16,13
jpn_Jpan,844,17,19
jpn_Jpan,844,18,13
jpn_Jpan,844,19,13
jpn_Jpan,844,20,34
eng_Latn,845,0,60
eng_Latn,845,1,47
eng_Latn,845,2,19
eng_Latn,845,3,46
eng_Latn,845,4,5
eng_Latn,845,5,35
eng_Latn,845,6,46
eng_Latn,845,7,42
eng_Latn,845,8,47
eng_Latn,845,9,61
eng_Latn,845,10,61
eng_Latn,845,11,49
eng_Latn,845,12,22
eng_Latn,845,13,47
eng_Latn,845,14,60
eng_Latn,846,0,60
eng_Latn,846,1,9
eng_Latn,846,2,38
eng_Latn,846,3,15
eng_Latn,846,4,56
eng_Latn,846,5,63
eng_Latn,846,6,57
eng_Latn,846,7,30
eng_Latn,846,8,52
eng_Latn,846,9,63
eng_Latn,847,0,60
eng_Latn,847,1,22
eng_Latn,847,2,22
eng_Latn,847,3,12
eng_Latn,847,4,29
eng_Latn,847,5,22
eng_Latn,848,0,60
eng_Latn,848,1,22
eng_Latn,848,2,9
eng_Latn,848,3,12
eng_Latn,848,4,19
eng_Latn,848,5,15
eng_Latn,848,6,9
eng_Latn,848,7,9
eng_Latn,848,8,22
eng_Latn,848,9,9
eng_Latn,848,10,29
eng_Latn,848,11,51
eng_Latn,848,12,24
eng_Latn,848,13,56
eng_Latn,848,14,47
eng_Latn,848,15,46
eng_Latn,848,16,51
jpn_Jpan,849,0,60
jpn_Jpan,849,1,13
jpn_Jpan,849,2,13
jpn_Jpan,849,3,61
jpn_Jpan,849,4,19
jpn_Jpan,849,5,13
jpn_Jpan,849,6,24
jpn_Jpan,849,7,13
jpn_Jpan,849,8,19
jpn_Jpan,849,9,39
jpn_Jpan,849,10,13
jpn_Jpan,849,11,13
jpn_Jpan,849,12,13
jpn_Jpan,849,13,13
jpn_Jpan,849,14,13
jpn_Jpan,849,15,13
jpn_Jpan,849,16,13
jpn_Jpan,849,17,13
jpn_Jpan,849,18,1
jpn_Jpan,849,19,52
jpn_Jpan,849,20,13
jpn_Jpan,849,21,24
jpn_Jpan,849,22,13
jpn_Jpan,849,23,13
eng_Latn,850,0,60
eng_Latn,850,1,61
eng_Latn,850,2,46
eng_Latn,850,3,48
eng_Latn,850,4,31
eng_Latn,850,5,52
eng_Latn,850,6,52
eng_Latn,850,7,19
eng_Latn,850,8,19
eng_Latn,850,9,3
eng_Latn,850,10,3
eng_Latn,850,11,57
eng_Latn,850,12,37
eng_Latn,850,13,52
jpn_Jpan,851,0,60
jpn_Jpan,851,1,13
jpn_Jpan,851,2,24
jpn_Jpan,851,3,24
jpn_Jpan,851,4,52
jpn_Jpan,851,5,13
jpn_Jpan,851,6,24
jpn_Jpan,851,7,13
jpn_Jpan,851,8,39
jpn_Jpan,851,9,52
jpn_Jpan,851,10,47
jpn_Jpan,851,11,19
jpn_Jpan,851,12,13
jpn_Jpan,851,13,24
jpn_Jpan,851,14,24
jpn_Jpan,851,15,61
jpn_Jpan,851,16,13
jpn_Jpan,851,17,13
jpn_Jpan,851,18,24
jpn_Jpan,851,19,13
jpn_Jpan,851,20,47
jpn_Jpan,851,21,19
jpn_Jpan,851,22,61
jpn_Jpan,851,23,13
jpn_Jpan,851,24,7
jpn_Jpan,851,25,13
jpn_Jpan,851,26,24
jpn_Jpan,851,27,47
jpn_Jpan,851,28,13
jpn_Jpan,851,29,13
jpn_Jpan,851,30,13
jpn_Jpan,851,31,13
jpn_Jpan,851,32,34
jpn_Jpan,851,33,61
jpn_Jpan,851,34,19
jpn_Jpan,851,35,19
jpn_Jpan,851,36,34
jpn_Jpan,851,37,13
jpn_Jpan,851,38,34
jpn_Jpan,851,39,24
jpn_Jpan,851,40,13
jpn_Jpan,852,0,60
jpn_Jpan,852,1,13
jpn_Jpan,852,2,24
jpn_Jpan,852,3,52
jpn_Jpan,852,4,13
jpn_Jpan,852,5,13
jpn_Jpan,852,6,36
jpn_Jpan,852,7,24
jpn_Jpan,852,8,52
jpn_Jpan,852,9,13
jpn_Jpan,852,10,13
jpn_Jpan,852,11,24
jpn_Jpan,852,12,13
jpn_Jpan,852,13,19
jpn_Jpan,852,14,34
jpn_Jpan,852,15,13
jpn_Jpan,852,16,47
jpn_Jpan,852,17,47
jpn_Jpan,852,18,13
jpn_Jpan,852,19,13
jpn_Jpan,852,20,19
jpn_Jpan,852,21,13
jpn_Jpan,852,22,13
jpn_Jpan,852,23,61
jpn_Jpan,852,24,13
jpn_Jpan,852,25,39
jpn_Jpan,852,26,13
jpn_Jpan,852,27,24
jpn_Jpan,852,28,47
jpn_Jpan,852,29,13
jpn_Jpan,852,30,13
jpn_Jpan,852,31,19
jpn_Jpan,852,32,13
jpn_Jpan,852,33,13
jpn_Jpan,852,34,24
jpn_Jpan,852,35,19
jpn_Jpan,852,36,13
jpn_Jpan,852,37,47
jpn_Jpan,852,38,34
jpn_Jpan,852,39,13
jpn_Jpan,852,40,34
eng_Latn,853,0,60
eng_Latn,853,1,9
eng_Latn,853,2,11
eng_Latn,853,3,13
eng_Latn,853,4,42
eng_Latn,853,5,22
eng_Latn,853,6,19
eng_Latn,853,7,48
eng_Latn,854,0,60
eng_Latn,854,1,46
eng_Latn,854,2,8
eng_Latn,854,3,8
eng_Latn,854,4,29
eng_Latn,854,5,19
eng_Latn,854,6,8
eng_Latn,854,7,21
jpn_Jpan,855,0,60
jpn_Jpan,855,1,24
jpn_Jpan,855,2,13
jpn_Jpan,855,3,13
jpn_Jpan,855,4,13
jpn_Jpan,855,5,13
jpn_Jpan,855,6,13
jpn_Jpan,855,7,36
jpn_Jpan,855,8,13
jpn_Jpan,855,9,36
jpn_Jpan,855,10,39
jpn_Jpan,855,11,61
jpn_Jpan,855,12,61
jpn_Jpan,855,13,61
jpn_Jpan,855,14,61
jpn_Jpan,855,15,13
jpn_Jpan,855,16,13
jpn_Jpan,855,17,13
jpn_Jpan,855,18,11
jpn_Jpan,855,19,58
jpn_Jpan,855,20,12
jpn_Jpan,855,21,40
eng_Latn,856,0,60
eng_Latn,856,1,54
eng_Latn,856,2,38
eng_Latn,856,3,19
eng_Latn,856,4,46
eng_Latn,856,5,21
eng_Latn,856,6,16
eng_Latn,856,7,57
jpn_Jpan,857,0,60
jpn_Jpan,857,1,19
jpn_Jpan,857,2,13
jpn_Jpan,857,3,24
jpn_Jpan,857,4,13
jpn_Jpan,857,5,19
jpn_Jpan,857,6,34
jpn_Jpan,857,7,34
jpn_Jpan,857,8,24
jpn_Jpan,857,9,24
jpn_Jpan,857,10,13
jpn_Jpan,857,11,47
jpn_Jpan,857,12,36
jpn_Jpan,857,13,13
jpn_Jpan,857,14,13
jpn_Jpan,857,15,13
jpn_Jpan,857,16,36
jpn_Jpan,857,17,24
jpn_Jpan,857,18,24
jpn_Jpan,857,19,13
jpn_Jpan,857,20,13
jpn_Jpan,857,21,24
jpn_Jpan,857,22,13
jpn_Jpan,857,23,13
jpn_Jpan,857,24,51
eng_Latn,858,0,60
eng_Latn,858,1,56
eng_Latn,858,2,51
eng_Latn,859,0,60
eng_Latn,859,1,4
eng_Latn,859,2,56
eng_Latn,859,3,21
eng_Latn,859,4,16
eng_Latn,859,5,20
eng_Latn,859,6,8
jpn_Jpan,860,0,60
jpn_Jpan,860,1,47
jpn_Jpan,860,2,19
jpn_Jpan,860,3,13
jpn_Jpan,860,4,61
jpn_Jpan,860,5,13
jpn_Jpan,860,6,19
jpn_Jpan,860,7,13
jpn_Jpan,860,8,24
jpn_Jpan,860,9,52
jpn_Jpan,860,10,13
jpn_Jpan,860,11,24
jpn_Jpan,860,12,13
jpn_Jpan,860,13,13
jpn_Jpan,860,14,19
jpn_Jpan,860,15,13
jpn_Jpan,860,16,13
jpn_Jpan,860,17,13
jpn_Jpan,860,18,24
jpn_Jpan,860,19,13
jpn_Jpan,860,20,13
jpn_Jpan,860,21,19
jpn_Jpan,860,22,36
jpn_Jpan,860,23,19
jpn_Jpan,860,24,13
jpn_Jpan,860,25,13
jpn_Jpan,860,26,13
jpn_Jpan,860,27,34
jpn_Jpan,860,28,24
jpn_Jpan,860,29,24
jpn_Jpan,860,30,13
jpn_Jpan,860,31,24
jpn_Jpan,860,32,24
jpn_Jpan,860,33,13
jpn_Jpan,860,34,13
jpn_Jpan,860,35,24
jpn_Jpan,860,36,13
jpn_Jpan,860,37,13
jpn_Jpan,860,38,39
jpn_Jpan,860,39,13
jpn_Jpan,860,40,34
jpn_Jpan,860,41,13
jpn_Jpan,860,42,19
jpn_Jpan,860,43,13
jpn_Jpan,860,44,13
jpn_Jpan,860,45,34
jpn_Jpan,860,46,13
jpn_Jpan,860,47,13
jpn_Jpan,860,48,13
jpn_Jpan,860,49,13
jpn_Jpan,860,50,34
jpn_Jpan,861,0,60
jpn_Jpan,861,1,47
jpn_Jpan,861,2,36
jpn_Jpan,861,3,24
jpn_Jpan,861,4,19
jpn_Jpan,861,5,19
jpn_Jpan,861,6,13
jpn_Jpan,861,7,6
jpn_Jpan,861,8,61
jpn_Jpan,861,9,36
jpn_Jpan,861,10,6
jpn_Jpan,861,11,24
jpn_Jpan,861,12,6
jpn_Jpan,861,13,24
jpn_Jpan,861,14,47
jpn_Jpan,861,15,13
jpn_Jpan,861,16,13
jpn_Jpan,861,17,13
jpn_Jpan,861,18,13
jpn_Jpan,861,19,34
eng_Latn,862,0,60
eng_Latn,862,1,52
eng_Latn,862,2,17
eng_Latn,862,3,1
eng_Latn,862,4,21
eng_Latn,862,5,20
eng_Latn,862,6,37
eng_Latn,862,7,47
eng_Latn,863,0,60
eng_Latn,863,1,38
eng_Latn,863,2,48
eng_Latn,863,3,41
eng_Latn,863,4,46
eng_Latn,863,5,56
eng_Latn,863,6,53
eng_Latn,863,7,35
eng_Latn,863,8,63
eng_Latn,864,0,60
eng_Latn,864,1,11
eng_Latn,864,2,61
eng_Latn,864,3,22
eng_Latn,864,4,22
eng_Latn,864,5,42
eng_Latn,864,6,47
eng_Latn,864,7,27
eng_Latn,864,8,39
eng_Latn,865,0,60
eng_Latn,865,1,20
eng_Latn,865,2,35
eng_Latn,865,3,24
eng_Latn,865,4,24
eng_Latn,865,5,23
eng_Latn,865,6,24
eng_Latn,865,7,33
eng_Latn,865,8,52
eng_Latn,866,0,60
eng_Latn,866,1,22
eng_Latn,866,2,41
eng_Latn,866,3,34
eng_Latn,867,0,60
eng_Latn,867,1,8
eng_Latn,867,2,8
eng_Latn,867,3,24
eng_Latn,867,4,47
eng_Latn,867,5,19
eng_Latn,867,6,37
eng_Latn,867,7,8
eng_Latn,867,8,19
eng_Latn,867,9,19
eng_Latn,867,10,8
eng_Latn,867,11,8
eng_Latn,867,12,54
eng_Latn,867,13,35
eng_Latn,867,14,46
eng_Latn,868,0,60
eng_Latn,868,1,11
eng_Latn,868,2,52
eng_Latn,868,3,47
eng_Latn,868,4,3
eng_Latn,868,5,3
eng_Latn,868,6,57
eng_Latn,868,7,39
eng_Latn,868,8,19
eng_Latn,868,9,3
eng_Latn,869,0,60
eng_Latn,869,1,36
eng_Latn,869,2,56
eng_Latn,869,3,36
eng_Latn,869,4,36
eng_Latn,869,5,63
eng_Latn,870,0,60
eng_Latn,870,1,49
eng_Latn,870,2,5
eng_Latn,870,3,26
eng_Latn,871,0,60
eng_Latn,871,1,22
eng_Latn,871,2,22
eng_Latn,871,3,9
eng_Latn,872,0,60
eng_Latn,872,1,23
eng_Latn,872,2,29
eng_Latn,872,3,38
eng_Latn,872,4,54
eng_Latn,872,5,45
eng_Latn,872,6,41
eng_Latn,872,7,48
eng_Latn,872,8,56
eng_Latn,872,9,4
jpn_Jpan,873,0,60
jpn_Jpan,873,1,13
jpn_Jpan,873,2,19
jpn_Jpan,873,3,36
jpn_Jpan,873,4,19
jpn_Jpan,873,5,36
jpn_Jpan,873,6,61
jpn_Jpan,873,7,13
jpn_Jpan,873,8,24
jpn_Jpan,873,9,61
jpn_Jpan,873,10,13
jpn_Jpan,873,11,19
jpn_Jpan,873,12,13
jpn_Jpan,873,13,24
jpn_Jpan,873,14,61
jpn_Jpan,873,15,61
jpn_Jpan,873,16,19
jpn_Jpan,873,17,13
jpn_Jpan,873,18,19
jpn_Jpan,873,19,13
jpn_Jpan,873,20,19
jpn_Jpan,873,21,13
jpn_Jpan,873,22,47
jpn_Jpan,873,23,19
jpn_Jpan,873,24,13
jpn_Jpan,873,25,36
jpn_Jpan,873,26,24
jpn_Jpan,873,27,47
jpn_Jpan,873,28,47
jpn_Jpan,873,29,7
jpn_Jpan,873,30,13
jpn_Jpan,873,31,24
jpn_Jpan,873,32,47
jpn_Jpan,873,33,13
jpn_Jpan,873,34,19
jpn_Jpan,873,35,13
jpn_Jpan,873,36,13
jpn_Jpan,873,37,24
jpn_Jpan,873,38,13
jpn_Jpan,873,39,34
jpn_Jpan,873,40,34
eng_Latn,874,0,60
eng_Latn,874,1,56
eng_Latn,874,2,24
eng_Latn,874,3,19
eng_Latn,874,4,40
eng_Latn,874,5,49
eng_Latn,874,6,12
eng_Latn,874,7,22
eng_Latn,874,8,40
eng_Latn,874,9,15
eng_Latn,874,10,48
eng_Latn,874,11,59
eng_Latn,874,12,51
eng_Latn,875,0,60
eng_Latn,875,1,22
eng_Latn,875,2,19
eng_Latn,875,3,22
eng_Latn,875,4,56
eng_Latn,875,5,35
eng_Latn,875,6,15
eng_Latn,875,7,15
eng_Latn,875,8,46
eng_Latn,875,9,20
eng_Latn,875,10,22
eng_Latn,875,11,59
eng_Latn,875,12,7
eng_Latn,875,13,34
eng_Latn,876,0,60
eng_Latn,876,1,19
eng_Latn,876,2,33
eng_Latn,876,3,33
eng_Latn,877,0,60
eng_Latn,877,1,49
eng_Latn,877,2,14
eng_Latn,877,3,26
eng_Latn,877,4,19
eng_Latn,878,0,60
eng_Latn,878,1,54
eng_Latn,878,2,9
eng_Latn,878,3,9
eng_Latn,878,4,54
eng_Latn,878,5,56
eng_Latn,878,6,8
eng_Latn,878,7,16
jpn_Jpan,879,0,60
jpn_Jpan,879,1,13
jpn_Jpan,879,2,52
jpn_Jpan,879,3,1
jpn_Jpan,879,4,52
jpn_Jpan,879,5,13
jpn_Jpan,879,6,12
jpn_Jpan,879,7,19
jpn_Jpan,879,8,52
jpn_Jpan,879,9,13
jpn_Jpan,879,10,13
jpn_Jpan,879,11,58
jpn_Jpan,879,12,24
jpn_Jpan,879,13,13
jpn_Jpan,879,14,13
jpn_Jpan,879,15,24
jpn_Jpan,879,16,13
jpn_Jpan,879,17,19
jpn_Jpan,879,18,13
jpn_Jpan,879,19,13
jpn_Jpan,879,20,47
jpn_Jpan,879,21,19
jpn_Jpan,879,22,13
jpn_Jpan,879,23,13
jpn_Jpan,879,24,13
jpn_Jpan,879,25,19
jpn_Jpan,879,26,13
jpn_Jpan,879,27,13
jpn_Jpan,879,28,13
jpn_Jpan,879,29,1
jpn_Jpan,879,30,13
jpn_Jpan,879,31,13
jpn_Jpan,879,32,13
jpn_Jpan,879,33,19
jpn_Jpan,879,34,13
jpn_Jpan,879,35,24
jpn_Jpan,879,36,13
jpn_Jpan,879,37,19
jpn_Jpan,879,38,34
jpn_Jpan,879,39,13
jpn_Jpan,879,40,34
eng_Latn,880,0,60
eng_Latn,880,1,50
eng_Latn,880,2,16
eng_Latn,881,0,60
eng_Latn,881,1,33
eng_Latn,881,2,33
eng_Latn,881,3,56
eng_Latn,881,4,16
eng_Latn,882,0,60
eng_Latn,882,1,52
eng_Latn,882,2,15
eng_Latn,882,3,3
eng_Latn,882,4,3
eng_Latn,882,5,19
eng_Latn,882,6,15
eng_Latn,883,0,60
eng_Latn,883,1,22
eng_Latn,883,2,29
eng_Latn,883,3,17
eng_Latn,883,4,34
eng_Latn,884,0,60
eng_Latn,884,1,16
eng_Latn,884,2,53
eng_Latn,884,3,52
eng_Latn,884,4,63
eng_Latn,884,5,63
eng_Latn,884,6,14
eng_Latn,884,7,1
eng_Latn,884,8,1
eng_Latn,884,9,52
eng_Latn,885,0,60
eng_Latn,885,1,52
eng_Latn,885,2,57
eng_Latn,885,3,48
eng_Latn,885,4,2
eng_Latn,885,5,19
eng_Latn,885,6,31
eng_Latn,885,7,53
eng_Latn,885,8,3
eng_Latn,885,9,31
eng_Latn,886,0,60
eng_Latn,886,1,22
eng_Latn,886,2,57
eng_Latn,886,3,16
eng_Latn,886,4,53
eng_Latn,886,5,35
eng_Latn,886,6,46
eng_Latn,886,7,34
eng_Latn,887,0,60
eng_Latn,887,1,9
eng_Latn,887,2,22
eng_Latn,887,3,18
eng_Latn,887,4,20
eng_Latn,887,5,21
eng_Latn,887,6,57
eng_Latn,887,7,53
eng_Latn,887,8,37
eng_Latn,887,9,4
eng_Latn,888,0,60
eng_Latn,888,1,47
eng_Latn,888,2,33
eng_Latn,889,0,60
eng_Latn,889,1,22
eng_Latn,889,2,46
eng_Latn,889,3,60
eng_Latn,889,4,57
eng_Latn,889,5,5
eng_Latn,889,6,40
eng_Latn,889,7,18
eng_Latn,889,8,5
eng_Latn,889,9,47
eng_Latn,890,0,60
eng_Latn,890,1,62
eng_Latn,890,2,12
eng_Latn,890,3,35
eng_Latn,890,4,57
eng_Latn,890,5,8
eng_Latn,890,6,15
eng_Latn,890,7,63
eng_Latn,890,8,5
eng_Latn,890,9,49
eng_Latn,891,0,60
eng_Latn,891,1,22
eng_Latn,891,2,9
eng_Latn,891,3,22
eng_Latn,891,4,63
eng_Latn,891,5,56
eng_Latn,891,6,57
eng_Latn,891,7,25
eng_Latn,891,8,15
eng_Latn,892,0,60
eng_Latn,892,1,20
eng_Latn,892,2,49
eng_Latn,893,0,60
eng_Latn,893,1,9
eng_Latn,893,2,56
eng_Latn,893,3,38
eng_Latn,893,4,17
eng_Latn,893,5,41
eng_Latn,893,6,57
eng_Latn,893,7,2
eng_Latn,893,8,51
eng_Latn,894,0,60
eng_Latn,894,1,39
eng_Latn,894,2,40
eng_Latn,894,3,18
eng_Latn,894,4,51
eng_Latn,894,5,18
eng_Latn,894,6,53
eng_Latn,894,7,16
eng_Latn,895,0,60
eng_Latn,895,1,56
eng_Latn,895,2,51
eng_Latn,895,3,18
eng_Latn,895,4,20
eng_Latn,896,0,60
eng_Latn,896,1,18
eng_Latn,896,2,16
eng_Latn,896,3,53
eng_Latn,896,4,3
eng_Latn,896,5,56
eng_Latn,896,6,35
eng_Latn,896,7,4
eng_Latn,897,0,60
eng_Latn,897,1,54
eng_Latn,897,2,10
eng_Latn,897,3,34
eng_Latn,898,0,60
eng_Latn,898,1,26
eng_Latn,898,2,5
eng_Latn,898,3,5
eng_Latn,898,4,18
eng_Latn,898,5,18
eng_Latn,898,6,53
eng_Latn,898,7,0
eng_Latn,898,8,16
eng_Latn,898,9,63
eng_Latn,899,0,60
eng_Latn,899,1,19
eng_Latn,899,2,19
eng_Latn,899,3,19
eng_Latn,899,4,51
eng_Latn,900,0,60
eng_Latn,900,1,17
eng_Latn,900,2,17
eng_Latn,900,3,5
eng_Latn,900,4,5
eng_Latn,900,5,49
eng_Latn,901,0,60
eng_Latn,901,1,13
eng_Latn,901,2,13
eng_Latn,901,3,13
eng_Latn,901,4,12
eng_Latn,901,5,19
eng_Latn,901,6,47
eng_Latn,901,7,13
eng_Latn,901,8,13
eng_Latn,901,9,5
eng_Latn,901,10,13
eng_Latn,901,11,7
eng_Latn,902,0,60
eng_Latn,902,1,40
eng_Latn,902,2,29
eng_Latn,902,3,59
eng_Latn,902,4,49
eng_Latn,903,0,60
eng_Latn,903,1,46
eng_Latn,903,2,48
eng_Latn,903,3,56
eng_Latn,903,4,63
eng_Latn,903,5,20
eng_Latn,903,6,28
eng_Latn,903,7,28
eng_Latn,904,0,60
eng_Latn,904,1,63
eng_Latn,904,2,63
eng_Latn,904,3,19
eng_Latn,905,0,60
eng_Latn,905,1,4
eng_Latn,905,2,54
eng_Latn,905,3,51
eng_Latn,905,4,11
eng_Latn,905,5,54
eng_Latn,905,6,17
eng_Latn,905,7,4
jpn_Jpan,906,0,60
jpn_Jpan,906,1,13
jpn_Jpan,906,2,13
jpn_Jpan,906,3,19
jpn_Jpan,906,4,13
jpn_Jpan,906,5,24
jpn_Jpan,906,6,61
jpn_Jpan,906,7,13
jpn_Jpan,906,8,19
jpn_Jpan,906,9,39
jpn_Jpan,906,10,24
jpn_Jpan,906,11,13
jpn_Jpan,906,12,13
jpn_Jpan,906,13,19
jpn_Jpan,906,14,13
jpn_Jpan,906,15,13
jpn_Jpan,906,16,24
jpn_Jpan,906,17,61
jpn_Jpan,906,18,13
jpn_Jpan,906,19,19
jpn_Jpan,906,20,13
jpn_Jpan,906,21,24
jpn_Jpan,906,22,13
jpn_Jpan,906,23,61
jpn_Jpan,906,24,13
jpn_Jpan,906,25,13
jpn_Jpan,906,26,13
jpn_Jpan,906,27,47
jpn_Jpan,906,28,19
jpn_Jpan,906,29,47
jpn_Jpan,906,30,13
jpn_Jpan,906,31,13
jpn_Jpan,906,32,39
jpn_Jpan,906,33,13
jpn_Jpan,906,34,13
jpn_Jpan,906,35,11
jpn_Jpan,906,36,19
jpn_Jpan,906,37,13
jpn_Jpan,906,38,13
jpn_Jpan,906,39,13
eng_Latn,907,0,60
eng_Latn,907,1,60
eng_Latn,907,2,14
eng_Latn,907,3,52
eng_Latn,907,4,52
eng_Latn,907,5,55
eng_Latn,907,6,3
eng_Latn,907,7,63
eng_Latn,908,0,60
eng_Latn,908,1,12
eng_Latn,908,2,19
eng_Latn,908,3,19
eng_Latn,908,4,7
eng_Latn,909,0,60
eng_Latn,909,1,17
eng_Latn,909,2,22
eng_Latn,909,3,57
eng_Latn,909,4,16
eng_Latn,909,5,34
jpn_Jpan,910,0,60
jpn_Jpan,910,1,13
jpn_Jpan,910,2,26
jpn_Jpan,910,3,47
jpn_Jpan,910,4,13
jpn_Jpan,910,5,61
jpn_Jpan,910,6,7
jpn_Jpan,910,7,13
jpn_Jpan,910,8,19
jpn_Jpan,910,9,13
jpn_Jpan,910,10,19
jpn_Jpan,910,11,7
jpn_Jpan,910,12,9
jpn_Jpan,910,13,11
jpn_Jpan,910,14,13
jpn_Jpan,910,15,13
jpn_Jpan,910,16,19
jpn_Jpan,910,17,13
jpn_Jpan,910,18,26
jpn_Jpan,910,19,47
jpn_Jpan,910,20,13
jpn_Jpan,910,21,61
jpn_Jpan,910,22,13
jpn_Jpan,910,23,24
jpn_Jpan,910,24,13
jpn_Jpan,910,25,13
jpn_Jpan,910,26,13
jpn_Jpan,910,27,13
jpn_Jpan,910,28,13
jpn_Jpan,910,29,19
jpn_Jpan,910,30,34
eng_Latn,911,0,60
eng_Latn,911,1,56
eng_Latn,911,2,4
eng_Latn,911,3,41
eng_Latn,911,4,17
eng_Latn,912,0,60
eng_Latn,912,1,15
eng_Latn,912,2,63
eng_Latn,912,3,30
eng_Latn,912,4,63
eng_Latn,912,5,63
eng_Latn,912,6,14
eng_Latn,912,7,14
eng_Latn,912,8,47
eng_Latn,913,0,60
eng_Latn,913,1,54
eng_Latn,913,2,54
eng_Latn,913,3,54
eng_Latn,913,4,50
eng_Latn,913,5,16
eng_Latn,913,6,38
eng_Latn,913,7,4
eng_Latn,913,8,5
eng_Latn,913,9,18
eng_Latn,913,10,51
eng_Latn,913,11,42
eng_Latn,913,12,24
eng_Latn,913,13,29
eng_Latn,913,14,54
eng_Latn,914,0,60
eng_Latn,914,1,50
eng_Latn,914,2,4
eng_Latn,914,3,31
eng_Latn,914,4,41
eng_Latn,914,5,61
eng_Latn,914,6,4
eng_Latn,914,7,57
eng_Latn,914,8,51
eng_Latn,914,9,53
eng_Latn,914,10,37
eng_Latn,914,11,51
eng_Latn,915,0,60
eng_Latn,915,1,45
eng_Latn,915,2,45
eng_Latn,915,3,38
eng_Latn,915,4,52
eng_Latn,915,5,57
eng_Latn,915,6,17
eng_Latn,915,7,53
eng_Latn,915,8,40
eng_Latn,915,9,49
eng_Latn,916,0,60
eng_Latn,916,1,35
eng_Latn,916,2,35
eng_Latn,916,3,63
eng_Latn,916,4,20
eng_Latn,916,5,63
eng_Latn,916,6,14
eng_Latn,916,7,63
eng_Latn,917,0,60
eng_Latn,917,1,22
eng_Latn,917,2,22
eng_Latn,917,3,34
eng_Latn,917,4,29
eng_Latn,917,5,34
eng_Latn,917,6,34
jpn_Jpan,918,0,60
jpn_Jpan,918,1,24
jpn_Jpan,918,2,13
jpn_Jpan,918,3,47
jpn_Jpan,918,4,19
jpn_Jpan,918,5,13
jpn_Jpan,918,6,24
jpn_Jpan,918,7,19
jpn_Jpan,918,8,13
jpn_Jpan,918,9,13
jpn_Jpan,918,10,13
jpn_Jpan,918,11,13
jpn_Jpan,918,12,34
eng_Latn,919,0,60
eng_Latn,919,1,12
eng_Latn,919,2,42
eng_Latn,919,3,22
eng_Latn,919,4,27
eng_Latn,919,5,49
eng_Latn,919,6,9
eng_Latn,919,7,49
eng_Latn,920,0,60
eng_Latn,920,1,35
eng_Latn,920,2,56
eng_Latn,920,3,56
eng_Latn,920,4,51
eng_Latn,920,5,56
eng_Latn,920,6,51
eng_Latn,921,0,60
eng_Latn,921,1,22
eng_Latn,921,2,45
eng_Latn,921,3,53
eng_Latn,921,4,38
eng_Latn,921,5,59
eng_Latn,921,6,17
eng_Latn,921,7,53
eng_Latn,921,8,34
eng_Latn,922,0,60
eng_Latn,922,1,18
eng_Latn,922,2,56
eng_Latn,922,3,34
eng_Latn,922,4,51
eng_Latn,922,5,44
eng_Latn,922,6,56
eng_Latn,922,7,19
eng_Latn,922,8,19
eng_Latn,922,9,51
jpn_Jpan,923,0,60
jpn_Jpan,923,1,13
jpn_Jpan,923,2,13
jpn_Jpan,923,3,13
jpn_Jpan,923,4,19
jpn_Jpan,923,5,13
jpn_Jpan,923,6,24
jpn_Jpan,923,7,13
jpn_Jpan,923,8,13
jpn_Jpan,923,9,13
jpn_Jpan,923,10,13
jpn_Jpan,923,11,19
jpn_Jpan,923,12,13
jpn_Jpan,923,13,13
jpn_Jpan,923,14,52
jpn_Jpan,923,15,52
jpn_Jpan,923,16,52
jpn_Jpan,923,17,47
jpn_Jpan,923,18,52
jpn_Jpan,923,19,52
jpn_Jpan,923,20,52
jpn_Jpan,923,21,13
jpn_Jpan,923,22,24
jpn_Jpan,923,23,13
jpn_Jpan,923,24,13
jpn_Jpan,923,25,13
jpn_Jpan,923,26,13
jpn_Jpan,923,27,19
jpn_Jpan,923,28,13
jpn_Jpan,923,29,24
jpn_Jpan,923,30,24
jpn_Jpan,923,31,61
jpn_Jpan,923,32,61
jpn_Jpan,923,33,39
jpn_Jpan,923,34,13
jpn_Jpan,923,35,13
jpn_Jpan,923,36,13
jpn_Jpan,923,37,24
jpn_Jpan,923,38,19
jpn_Jpan,923,39,36
jpn_Jpan,923,40,47
jpn_Jpan,923,41,36
jpn_Jpan,923,42,13
jpn_Jpan,923,43,13
jpn_Jpan,923,44,24
eng_Latn,924,0,60
eng_Latn,924,1,19
eng_Latn,924,2,22
jpn_Jpan,925,0,60
jpn_Jpan,925,1,24
jpn_Jpan,925,2,24
jpn_Jpan,925,3,61
jpn_Jpan,925,4,19
jpn_Jpan,925,5,28
jpn_Jpan,925,6,13
jpn_Jpan,925,7,24
jpn_Jpan,925,8,61
jpn_Jpan,925,9,19
jpn_Jpan,925,10,7
jpn_Jpan,925,11,24
jpn_Jpan,925,12,13
jpn_Jpan,925,13,47
jpn_Jpan,925,14,13
jpn_Jpan,925,15,13
jpn_Jpan,925,16,24
jpn_Jpan,925,17,13
jpn_Jpan,925,18,13
jpn_Jpan,925,19,13
jpn_Jpan,925,20,13
jpn_Jpan,925,21,24
jpn_Jpan,925,22,24
jpn_Jpan,925,23,24
jpn_Jpan,925,24,19
jpn_Jpan,925,25,13
jpn_Jpan,925,26,24
jpn_Jpan,925,27,13
jpn_Jpan,925,28,13
jpn_Jpan,925,29,13
jpn_Jpan,925,30,13
jpn_Jpan,925,31,13
jpn_Jpan,925,32,24
jpn_Jpan,925,33,34
eng_Latn,926,0,60
eng_Latn,926,1,20
eng_Latn,926,2,52
eng_Latn,926,3,15
eng_Latn,926,4,38
eng_Latn,926,5,15
jpn_Jpan,927,0,60
jpn_Jpan,927,1,47
jpn_Jpan,927,2,13
jpn_Jpan,927,3,1
jpn_Jpan,927,4,13
jpn_Jpan,927,5,1
jpn_Jpan,927,6,13
jpn_Jpan,927,7,34
eng_Latn,928,0,60
eng_Latn,928,1,54
eng_Latn,928,2,51
eng_Latn,928,3,20
eng_Latn,928,4,38
eng_Latn,928,5,59
eng_Latn,928,6,15
eng_Latn,929,0,60
eng_Latn,929,1,61
eng_Latn,929,2,1
eng_Latn,929,3,33
eng_Latn,929,4,24
eng_Latn,929,5,15
eng_Latn,929,6,16
eng_Latn,930,0,60
eng_Latn,930,1,24
eng_Latn,930,2,41
eng_Latn,930,3,34
eng_Latn,930,4,34
eng_Latn,931,0,60
eng_Latn,931,1,1
eng_Latn,931,2,9
eng_Latn,931,3,12
eng_Latn,931,4,63
eng_Latn,931,5,60
eng_Latn,931,6,49
eng_Latn,932,0,60
eng_Latn,932,1,17
eng_Latn,932,2,4
eng_Latn,932,3,38
eng_Latn,932,4,17
eng_Latn,933,0,60
eng_Latn,933,1,35
eng_Latn,933,2,63
eng_Latn,933,3,63
eng_Latn,933,4,35
eng_Latn,933,5,63
eng_Latn,933,6,24
eng_Latn,933,7,37
eng_Latn,934,0,60
eng_Latn,934,1,22
eng_Latn,934,2,56
eng_Latn,934,3,35
eng_Latn,934,4,35
eng_Latn,934,5,51
eng_Latn,935,0,60
eng_Latn,935,1,61
eng_Latn,935,2,62
eng_Latn,935,3,35
eng_Latn,935,4,8
eng_Latn,935,5,50
eng_Latn,935,6,16
eng_Latn,935,7,20
eng_Latn,935,8,43
eng_Latn,935,9,15
eng_Latn,936,0,60
eng_Latn,936,1,9
eng_Latn,936,2,56
eng_Latn,936,3,56
eng_Latn,936,4,56
eng_Latn,936,5,30
eng_Latn,936,6,48
eng_Latn,936,7,17
eng_Latn,936,8,48
eng_Latn,936,9,57
eng_Latn,937,0,60
eng_Latn,937,1,18
eng_Latn,937,2,19
eng_Latn,937,3,19
eng_Latn,937,4,34
eng_Latn,938,0,60
eng_Latn,938,1,38
eng_Latn,938,2,3
eng_Latn,938,3,19
eng_Latn,938,4,48
eng_Latn,938,5,57
eng_Latn,938,6,16
eng_Latn,938,7,37
eng_Latn,938,8,37
eng_Latn,938,9,15
jpn_Jpan,939,0,60
jpn_Jpan,939,1,52
jpn_Jpan,939,2,47
jpn_Jpan,939,3,19
jpn_Jpan,939,4,39
jpn_Jpan,939,5,24
jpn_Jpan,939,6,47
jpn_Jpan,939,7,13
jpn_Jpan,939,8,52
jpn_Jpan,939,9,19
jpn_Jpan,939,10,7
jpn_Jpan,939,11,36
jpn_Jpan,939,12,24
jpn_Jpan,939,13,13
jpn_Jpan,939,14,13
jpn_Jpan,939,15,24
jpn_Jpan,939,16,13
jpn_Jpan,939,17,24
jpn_Jpan,939,18,24
jpn_Jpan,939,19,52
eng_Latn,940,0,60
eng_Latn,940,1,4
eng_Latn,940,2,52
eng_Latn,940,3,51
eng_Latn,940,4,29
eng_Latn,940,5,4
eng_Latn,940,6,34
eng_Latn,941,0,60
eng_Latn,941,1,63
eng_Latn,941,2,18
eng_Latn,941,3,18
eng_Latn,941,4,16
eng_Latn,941,5,16
eng_Latn,941,6,34
eng_Latn,942,0,60
eng_Latn,942,1,57
eng_Latn,942,2,17
eng_Latn,942,3,17
eng_Latn,942,4,16
eng_Latn,942,5,51
eng_Latn,943,0,60
eng_Latn,943,1,56
eng_Latn,943,2,33
eng_Latn,943,3,19
eng_Latn,943,4,59
eng_Latn,943,5,49
eng_Latn,943,6,53
eng_Latn,943,7,38
eng_Latn,943,8,57
eng_Latn,943,9,33
eng_Latn,943,10,35
eng_Latn,943,11,57
eng_Latn,943,12,61
eng_Latn,943,13,21
eng_Latn,944,0,60
eng_Latn,944,1,30
eng_Latn,944,2,48
eng_Latn,944,3,48
eng_Latn,944,4,30
eng_Latn,944,5,19
eng_Latn,944,6,63
jpn_Jpan,945,0,60
jpn_Jpan,945,1,13
jpn_Jpan,945,2,13
jpn_Jpan,945,3,36
jpn_Jpan,945,4,24
jpn_Jpan,945,5,47
jpn_Jpan,945,6,13
jpn_Jpan,945,7,39
jpn_Jpan,945,8,39
jpn_Jpan,945,9,39
jpn_Jpan,945,10,13
jpn_Jpan,945,11,24
jpn_Jpan,945,12,19
jpn_Jpan,945,13,36
jpn_Jpan,945,14,19
jpn_Jpan,945,15,13
jpn_Jpan,945,16,19
jpn_Jpan,945,17,13
jpn_Jpan,945,18,24
jpn_Jpan,945,19,52
jpn_Jpan,945,20,24
jpn_Jpan,945,21,13
jpn_Jpan,945,22,24
jpn_Jpan,945,23,13
jpn_Jpan,945,24,13
jpn_Jpan,945,25,47
jpn_Jpan,945,26,19
jpn_Jpan,945,27,13
jpn_Jpan,945,28,13
jpn_Jpan,945,29,13
jpn_Jpan,945,30,34
eng_Latn,946,0,60
eng_Latn,946,1,11
eng_Latn,946,2,12
eng_Latn,946,3,47
eng_Latn,946,4,1
eng_Latn,946,5,12
eng_Latn,946,6,26
eng_Latn,947,0,60
eng_Latn,947,1,37
eng_Latn,947,2,34
eng_Latn,947,3,42
eng_Latn,947,4,22
eng_Latn,947,5,19
eng_Latn,947,6,63
eng_Latn,947,7,5
eng_Latn,947,8,47
eng_Latn,948,0,60
eng_Latn,948,1,40
eng_Latn,948,2,16
eng_Latn,948,3,51
eng_Latn,949,0,60
eng_Latn,949,1,19
eng_Latn,949,2,51
eng_Latn,949,3,45
eng_Latn,949,4,41
eng_Latn,949,5,35
eng_Latn,949,6,15
eng_Latn,949,7,16
eng_Latn,949,8,20
eng_Latn,949,9,61
eng_Latn,949,10,34
eng_Latn,950,0,60
eng_Latn,950,1,57
eng_Latn,950,2,32
eng_Latn,950,3,62
eng_Latn,950,4,62
eng_Latn,950,5,57
eng_Latn,951,0,60
eng_Latn,951,1,6
eng_Latn,951,2,48
eng_Latn,951,3,18
eng_Latn,951,4,63
eng_Latn,952,0,60
eng_Latn,952,1,9
eng_Latn,952,2,22
eng_Latn,952,3,22
eng_Latn,952,4,60
eng_Latn,952,5,12
eng_Latn,952,6,22
eng_Latn,952,7,63
eng_Latn,952,8,12
eng_Latn,952,9,61
eng_Latn,952,10,22
eng_Latn,953,0,60
eng_Latn,953,1,56
eng_Latn,953,2,57
eng_Latn,953,3,17
eng_Latn,953,4,17
eng_Latn,953,5,56
eng_Latn,953,6,48
eng_Latn,953,7,18
eng_Latn,953,8,16
eng_Latn,954,0,60
eng_Latn,954,1,19
eng_Latn,954,2,61
eng_Latn,954,3,39
eng_Latn,954,4,13
eng_Latn,954,5,9
eng_Latn,954,6,11
eng_Latn,954,7,9
eng_Latn,954,8,11
eng_Latn,954,9,11
eng_Latn,954,10,9
eng_Latn,954,11,9
eng_Latn,954,12,57
eng_Latn,954,13,40
eng_Latn,954,14,34
jpn_Jpan,955,0,60
jpn_Jpan,955,1,13
jpn_Jpan,955,2,13
jpn_Jpan,955,3,24
jpn_Jpan,955,4,13
jpn_Jpan,955,5,47
jpn_Jpan,955,6,13
jpn_Jpan,955,7,13
jpn_Jpan,955,8,19
jpn_Jpan,955,9,13
jpn_Jpan,955,10,13
jpn_Jpan,955,11,13
jpn_Jpan,955,12,24
jpn_Jpan,955,13,47
jpn_Jpan,955,14,13
jpn_Jpan,955,15,7
jpn_Jpan,955,16,13
jpn_Jpan,955,17,13
jpn_Jpan,955,18,24
jpn_Jpan,955,19,24
jpn_Jpan,955,20,13
jpn_Jpan,955,21,13
jpn_Jpan,955,22,19
jpn_Jpan,955,23,13
jpn_Jpan,955,24,19
jpn_Jpan,955,25,13
jpn_Jpan,955,26,13
jpn_Jpan,955,27,13
jpn_Jpan,955,28,61
jpn_Jpan,955,29,61
jpn_Jpan,955,30,13
jpn_Jpan,955,31,13
eng_Latn,956,0,60
eng_Latn,956,1,22
eng_Latn,956,2,19
eng_Latn,956,3,0
eng_Latn,956,4,31
eng_Latn,956,5,56
eng_Latn,956,6,23
eng_Latn,956,7,20
eng_Latn,956,8,51
eng_Latn,957,0,60
eng_Latn,957,1,18
eng_Latn,957,2,14
eng_Latn,958,0,60
eng_Latn,958,1,22
eng_Latn,958,2,22
eng_Latn,958,3,26
eng_Latn,958,4,19
eng_Latn,958,5,40
eng_Latn,958,6,34
eng_Latn,958,7,34
eng_Latn,959,0,60
eng_Latn,959,1,18
eng_Latn,959,2,4
eng_Latn,959,3,18
eng_Latn,959,4,34
eng_Latn,959,5,31
eng_Latn,959,6,20
eng_Latn,959,7,16
eng_Latn,960,0,60
eng_Latn,960,1,52
eng_Latn,960,2,13
eng_Latn,960,3,39
eng_Latn,960,4,19
eng_Latn,960,5,38
eng_Latn,960,6,34
eng_Latn,960,7,45
eng_Latn,960,8,16
eng_Latn,960,9,34
eng_Latn,961,0,60
eng_Latn,961,1,45
eng_Latn,961,2,19
eng_Latn,961,3,33
eng_Latn,961,4,56
eng_Latn,961,5,35
eng_Latn,961,6,33
eng_Latn,961,7,33
eng_Latn,962,0,60
eng_Latn,962,1,22
eng_Latn,962,2,60
eng_Latn,962,3,47
eng_Latn,963,0,60
eng_Latn,963,1,18
eng_Latn,963,2,18
eng_Latn,963,3,34
eng_Latn,963,4,48
eng_Latn,963,5,56
eng_Latn,963,6,37
eng_Latn,963,7,16
eng_Latn,963,8,51
eng_Latn,964,0,60
eng_Latn,964,1,49
eng_Latn,964,2,20
eng_Latn,964,3,37
eng_Latn,964,4,40
eng_Latn,964,5,5
eng_Latn,964,6,49
eng_Latn,965,0,60
eng_Latn,965,1,52
eng_Latn,965,2,31
eng_Latn,965,3,52
eng_Latn,966,0,60
eng_Latn,966,1,57
eng_Latn,966,2,41
eng_Latn,966,3,17
eng_Latn,966,4,17
eng_Latn,966,5,16
eng_Latn,966,6,20
eng_Latn,966,7,54
eng_Latn,966,8,38
eng_Latn,966,9,15
jpn_Jpan,967,0,60
jpn_Jpan,967,1,13
jpn_Jpan,967,2,13
jpn_Jpan,967,3,39
jpn_Jpan,967,4,13
jpn_Jpan,967,5,61
jpn_Jpan,967,6,13
jpn_Jpan,967,7,19
jpn_Jpan,967,8,13
jpn_Jpan,967,9,13
jpn_Jpan,967,10,12
jpn_Jpan,967,11,11
jpn_Jpan,967,12,19
jpn_Jpan,967,13,39
jpn_Jpan,967,14,24
jpn_Jpan,967,15,24
jpn_Jpan,967,16,19
jpn_Jpan,967,17,13
jpn_Jpan,967,18,19
jpn_Jpan,967,19,34
jpn_Jpan,967,20,24
jpn_Jpan,967,21,24
jpn_Jpan,967,22,47
jpn_Jpan,967,23,61
eng_Latn,968,0,60
eng_Latn,968,1,18
eng_Latn,968,2,56
eng_Latn,968,3,56
eng_Latn,968,4,35
eng_Latn,968,5,51
eng_Latn,969,0,60
eng_Latn,969,1,61
eng_Latn,969,2,9
eng_Latn,969,3,4
eng_Latn,969,4,51
eng_Latn,969,5,35
eng_Latn,969,6,9
eng_Latn,969,7,37
eng_Latn,969,8,46
eng_Latn,970,0,60
eng_Latn,970,1,35
eng_Latn,970,2,9
eng_Latn,970,3,56
eng_Latn,970,4,41
eng_Latn,970,5,4
eng_Latn,970,6,4
eng_Latn,970,7,14
eng_Latn,970,8,5
eng_Latn,970,9,26
eng_Latn,970,10,26
eng_Latn,971,0,60
eng_Latn,971,1,54
eng_Latn,971,2,12
eng_Latn,971,3,12
eng_Latn,971,4,61
eng_Latn,971,5,40
eng_Latn,971,6,47
eng_Latn,971,7,49
eng_Latn,971,8,48
eng_Latn,971,9,12
eng_Latn,971,10,12
eng_Latn,971,11,19
eng_Latn,971,12,22
eng_Latn,971,13,17
eng_Latn,972,0,60
eng_Latn,972,1,35
eng_Latn,972,2,18
eng_Latn,972,3,20
eng_Latn,972,4,38
eng_Latn,972,5,57
eng_Latn,972,6,57
eng_Latn,972,7,59
eng_Latn,972,8,46
eng_Latn,972,9,54
eng_Latn,972,10,46
eng_Latn,973,0,60
eng_Latn,973,1,37
eng_Latn,973,2,37
eng_Latn,973,3,52
eng_Latn,973,4,37
eng_Latn,974,0,60
eng_Latn,974,1,50
eng_Latn,974,2,39
eng_Latn,974,3,19
eng_Latn,974,4,33
eng_Latn,974,5,46
eng_Latn,974,6,48
eng_Latn,974,7,14
eng_Latn,974,8,27
eng_Latn,974,9,47
eng_Latn,974,10,49
eng_Latn,975,0,60
eng_Latn,975,1,52
eng_Latn,975,2,17
eng_Latn,975,3,35
eng_Latn,975,4,50
eng_Latn,975,5,19
eng_Latn,975,6,16
eng_Latn,975,7,34
eng_Latn,975,8,42
eng_Latn,975,9,9
eng_Latn,975,10,54
eng_Latn,975,11,3
jpn_Jpan,976,0,60
jpn_Jpan,976,1,13
jpn_Jpan,976,2,13
jpn_Jpan,976,3,61
jpn_Jpan,976,4,19
jpn_Jpan,976,5,19
jpn_Jpan,976,6,13
jpn_Jpan,976,7,9
jpn_Jpan,976,8,52
jpn_Jpan,976,9,13
jpn_Jpan,976,10,6
jpn_Jpan,976,11,61
jpn_Jpan,976,12,13
jpn_Jpan,976,13,13
jpn_Jpan,976,14,11
jpn_Jpan,976,15,13
jpn_Jpan,976,16,13
jpn_Jpan,976,17,13
jpn_Jpan,976,18,24
jpn_Jpan,976,19,19
jpn_Jpan,976,20,13
jpn_Jpan,976,21,24
jpn_Jpan,976,22,19
jpn_Jpan,976,23,13
jpn_Jpan,976,24,34
jpn_Jpan,976,25,13
jpn_Jpan,976,26,13
jpn_Jpan,977,0,60
jpn_Jpan,977,1,13
jpn_Jpan,977,2,47
jpn_Jpan,977,3,13
jpn_Jpan,977,4,19
jpn_Jpan,977,5,13
jpn_Jpan,977,6,13
jpn_Jpan,977,7,24
jpn_Jpan,977,8,19
jpn_Jpan,977,9,13
jpn_Jpan,977,10,13
jpn_Jpan,977,11,13
jpn_Jpan,977,12,13
jpn_Jpan,977,13,7
jpn_Jpan,977,14,24
jpn_Jpan,977,15,13
jpn_Jpan,977,16,13
jpn_Jpan,977,17,19
jpn_Jpan,977,18,39
jpn_Jpan,977,19,19
jpn_Jpan,977,20,13
jpn_Jpan,977,21,13
jpn_Jpan,977,22,9
jpn_Jpan,977,23,24
jpn_Jpan,977,24,13
jpn_Jpan,977,25,13
jpn_Jpan,977,26,19
jpn_Jpan,977,27,13
jpn_Jpan,977,28,19
jpn_Jpan,977,29,13
jpn_Jpan,977,30,13
jpn_Jpan,977,31,24
jpn_Jpan,977,32,19
jpn_Jpan,977,33,13
jpn_Jpan,977,34,19
jpn_Jpan,977,35,13
jpn_Jpan,977,36,34
jpn_Jpan,977,37,19
jpn_Jpan,977,38,13
jpn_Jpan,977,39,47
jpn_Jpan,977,40,19
jpn_Jpan,977,41,13
jpn_Jpan,977,42,13
jpn_Jpan,977,43,13
jpn_Jpan,977,44,34
jpn_Jpan,977,45,9
jpn_Jpan,977,46,42
eng_Latn,978,0,60
eng_Latn,978,1,52
eng_Latn,978,2,1
eng_Latn,978,3,52
eng_Latn,978,4,52
eng_Latn,978,5,47
eng_Latn,978,6,19
eng_Latn,978,7,63
eng_Latn,979,0,60
eng_Latn,979,1,45
eng_Latn,979,2,18
eng_Latn,979,3,16
eng_Latn,979,4,38
eng_Latn,979,5,15
eng_Latn,979,6,2
eng_Latn,979,7,59
eng_Latn,979,8,34
eng_Latn,980,0,60
eng_Latn,980,1,46
eng_Latn,980,2,56
eng_Latn,980,3,44
eng_Latn,981,0,60
eng_Latn,981,1,26
eng_Latn,981,2,39
eng_Latn,981,3,39
eng_Latn,982,0,60
eng_Latn,982,1,38
eng_Latn,982,2,15
eng_Latn,982,3,20
eng_Latn,982,4,38
eng_Latn,982,5,56
eng_Latn,982,6,61
eng_Latn,982,7,19
eng_Latn,982,8,51
jpn_Jpan,983,0,60
jpn_Jpan,983,1,13
jpn_Jpan,983,2,24
jpn_Jpan,983,3,61
jpn_Jpan,983,4,61
jpn_Jpan,983,5,39
jpn_Jpan,983,6,13
jpn_Jpan,983,7,47
jpn_Jpan,983,8,19
jpn_Jpan,983,9,39
jpn_Jpan,983,10,13
jpn_Jpan,983,11,24
jpn_Jpan,983,12,13
jpn_Jpan,983,13,13
jpn_Jpan,983,14,24
jpn_Jpan,983,15,13
jpn_Jpan,983,16,19
jpn_Jpan,983,17,39
jpn_Jpan,983,18,13
jpn_Jpan,983,19,13
jpn_Jpan,983,20,39
jpn_Jpan,983,21,13
jpn_Jpan,983,22,13
jpn_Jpan,983,23,19
jpn_Jpan,983,24,13
jpn_Jpan,983,25,47
jpn_Jpan,983,26,13
jpn_Jpan,983,27,13
jpn_Jpan,983,28,13
jpn_Jpan,983,29,24
jpn_Jpan,983,30,13
jpn_Jpan,983,31,13
jpn_Jpan,983,32,13
jpn_Jpan,983,33,34
eng_Latn,984,0,60
eng_Latn,984,1,40
eng_Latn,984,2,56
eng_Latn,984,3,35
eng_Latn,984,4,59
eng_Latn,984,5,17
eng_Latn,985,0,60
eng_Latn,985,1,51
eng_Latn,985,2,29
eng_Latn,985,3,41
eng_Latn,985,4,29
eng_Latn,985,5,29
eng_Latn,985,6,8
eng_Latn,985,7,57
jpn_Jpan,986,0,60
jpn_Jpan,986,1,24
jpn_Jpan,986,2,19
jpn_Jpan,986,3,40
jpn_Jpan,986,4,24
jpn_Jpan,986,5,22
jpn_Jpan,986,6,24
jpn_Jpan,986,7,13
jpn_Jpan,986,8,24
jpn_Jpan,986,9,13
jpn_Jpan,986,10,13
jpn_Jpan,986,11,13
jpn_Jpan,986,12,24
jpn_Jpan,986,13,13
jpn_Jpan,986,14,24
jpn_Jpan,986,15,39
jpn_Jpan,987,0,60
jpn_Jpan,987,1,13
jpn_Jpan,987,2,13
jpn_Jpan,987,3,34
jpn_Jpan,987,4,13
jpn_Jpan,987,5,24
jpn_Jpan,987,6,24
jpn_Jpan,987,7,36
jpn_Jpan,987,8,13
jpn_Jpan,987,9,47
jpn_Jpan,987,10,13
jpn_Jpan,987,11,13
jpn_Jpan,987,12,13
jpn_Jpan,987,13,13
jpn_Jpan,987,14,24
jpn_Jpan,987,15,47
jpn_Jpan,987,16,13
jpn_Jpan,987,17,13
jpn_Jpan,987,18,13
jpn_Jpan,987,19,13
jpn_Jpan,987,20,24
jpn_Jpan,987,21,13
jpn_Jpan,987,22,24
jpn_Jpan,987,23,61
jpn_Jpan,987,24,13
jpn_Jpan,987,25,47
jpn_Jpan,987,26,13
jpn_Jpan,988,0,60
jpn_Jpan,988,1,19
jpn_Jpan,988,2,13
jpn_Jpan,988,3,13
jpn_Jpan,988,4,13
jpn_Jpan,988,5,24
jpn_Jpan,988,6,13
jpn_Jpan,988,7,37
jpn_Jpan,988,8,36
jpn_Jpan,988,9,24
jpn_Jpan,988,10,24
jpn_Jpan,988,11,19
jpn_Jpan,988,12,13
jpn_Jpan,988,13,34
jpn_Jpan,988,14,24
jpn_Jpan,988,15,19
jpn_Jpan,988,16,13
jpn_Jpan,988,17,13
jpn_Jpan,988,18,34
jpn_Jpan,988,19,13
jpn_Jpan,988,20,47
jpn_Jpan,988,21,13
jpn_Jpan,988,22,34
jpn_Jpan,988,23,24
jpn_Jpan,988,24,24
jpn_Jpan,988,25,13
jpn_Jpan,988,26,13
jpn_Jpan,988,27,24
jpn_Jpan,988,28,24
jpn_Jpan,988,29,36
jpn_Jpan,988,30,24
jpn_Jpan,988,31,13
jpn_Jpan,988,32,19
jpn_Jpan,988,33,13
jpn_Jpan,988,34,19
jpn_Jpan,988,35,13
jpn_Jpan,988,36,24
jpn_Jpan,988,37,13
jpn_Jpan,988,38,34
jpn_Jpan,988,39,13
jpn_Jpan,988,40,13
jpn_Jpan,988,41,34
jpn_Jpan,988,42,47
jpn_Jpan,988,43,13
jpn_Jpan,988,44,34
eng_Latn,989,0,60
eng_Latn,989,1,13
eng_Latn,989,2,13
eng_Latn,989,3,13
eng_Latn,989,4,13
eng_Latn,989,5,13
eng_Latn,989,6,13
eng_Latn,989,7,13
eng_Latn,989,8,13
eng_Latn,989,9,13
eng_Latn,989,10,47
eng_Latn,989,11,13
eng_Latn,989,12,13
eng_Latn,989,13,19
eng_Latn,989,14,13
eng_Latn,989,15,13
eng_Latn,989,16,47
eng_Latn,989,17,13
eng_Latn,989,18,13
eng_Latn,989,19,13
eng_Latn,989,20,13
eng_Latn,989,21,13
eng_Latn,989,22,13
eng_Latn,989,23,13
eng_Latn,989,24,34
eng_Latn,989,25,13
eng_Latn,989,26,13
eng_Latn,989,27,13
eng_Latn,989,28,13
eng_Latn,989,29,13
eng_Latn,989,30,13
eng_Latn,989,31,13
eng_Latn,989,32,13
eng_Latn,989,33,13
eng_Latn,989,34,13
eng_Latn,989,35,13
eng_Latn,989,36,13
eng_Latn,989,37,13
eng_Latn,989,38,13
eng_Latn,989,39,47
eng_Latn,989,40,13
eng_Latn,989,41,13
eng_Latn,989,42,13
eng_Latn,989,43,13
eng_Latn,989,44,13
eng_Latn,989,45,13
eng_Latn,989,46,19
eng_Latn,989,47,13
eng_Latn,989,48,13
eng_Latn,989,49,13
eng_Latn,989,50,13
eng_Latn,989,51,13
eng_Latn,989,52,13
eng_Latn,989,53,13
eng_Latn,989,54,13
eng_Latn,989,55,13
eng_Latn,989,56,13
eng_Latn,989,57,13
eng_Latn,989,58,13
eng_Latn,989,59,13
eng_Latn,989,60,13
eng_Latn,989,61,13
eng_Latn,989,62,34
eng_Latn,989,63,13
eng_Latn,989,64,13
eng_Latn,989,65,13
eng_Latn,989,66,13
eng_Latn,989,67,34
eng_Latn,989,68,13
eng_Latn,989,69,34
eng_Latn,989,70,13
eng_Latn,989,71,34
eng_Latn,990,0,60
eng_Latn,990,1,17
eng_Latn,990,2,17
eng_Latn,990,3,20
eng_Latn,990,4,51
eng_Latn,991,0,60
eng_Latn,991,1,51
eng_Latn,991,2,26
eng_Latn,991,3,61
eng_Latn,991,4,49
eng_Latn,992,0,60
eng_Latn,992,1,22
eng_Latn,992,2,42
eng_Latn,992,3,38
eng_Latn,992,4,19
eng_Latn,992,5,8
eng_Latn,992,6,19
eng_Latn,992,7,8
eng_Latn,992,8,5
eng_Latn,992,9,51
eng_Latn,992,10,8
eng_Latn,992,11,8
eng_Latn,992,12,15
jpn_Jpan,993,0,60
jpn_Jpan,993,1,19
jpn_Jpan,993,2,13
jpn_Jpan,993,3,36
jpn_Jpan,993,4,24
jpn_Jpan,993,5,47
jpn_Jpan,993,6,13
jpn_Jpan,993,7,36
jpn_Jpan,993,8,19
jpn_Jpan,993,9,24
jpn_Jpan,993,10,24
jpn_Jpan,993,11,47
jpn_Jpan,993,12,19
jpn_Jpan,993,13,19
jpn_Jpan,993,14,13
jpn_Jpan,993,15,34
jpn_Jpan,993,16,47
jpn_Jpan,993,17,61
jpn_Jpan,993,18,13
jpn_Jpan,993,19,13
jpn_Jpan,993,20,13
jpn_Jpan,993,21,61
jpn_Jpan,993,22,24
jpn_Jpan,993,23,9
jpn_Jpan,993,24,11
jpn_Jpan,993,25,36
jpn_Jpan,993,26,24
jpn_Jpan,993,27,24
jpn_Jpan,993,28,36
jpn_Jpan,993,29,19
jpn_Jpan,993,30,13
jpn_Jpan,993,31,13
jpn_Jpan,993,32,47
jpn_Jpan,993,33,13
jpn_Jpan,993,34,24
jpn_Jpan,993,35,19
jpn_Jpan,993,36,13
jpn_Jpan,993,37,19
jpn_Jpan,993,38,24
jpn_Jpan,993,39,13
jpn_Jpan,993,40,19
jpn_Jpan,993,41,36
jpn_Jpan,993,42,24
jpn_Jpan,993,43,13
jpn_Jpan,993,44,39
jpn_Jpan,993,45,47
jpn_Jpan,993,46,7
jpn_Jpan,993,47,13
jpn_Jpan,993,48,47
jpn_Jpan,993,49,36
jpn_Jpan,993,50,24
jpn_Jpan,993,51,13
jpn_Jpan,993,52,13
jpn_Jpan,993,53,24
jpn_Jpan,993,54,19
jpn_Jpan,993,55,13
jpn_Jpan,993,56,13
jpn_Jpan,993,57,13
jpn_Jpan,993,58,34
jpn_Jpan,994,0,60
jpn_Jpan,994,1,13
jpn_Jpan,994,2,13
jpn_Jpan,994,3,19
jpn_Jpan,994,4,13
jpn_Jpan,994,5,24
jpn_Jpan,994,6,13
jpn_Jpan,994,7,19
jpn_Jpan,994,8,13
jpn_Jpan,994,9,24
jpn_Jpan,994,10,61
jpn_Jpan,994,11,13
jpn_Jpan,994,12,47
jpn_Jpan,994,13,13
jpn_Jpan,994,14,24
jpn_Jpan,994,15,19
jpn_Jpan,994,16,13
jpn_Jpan,994,17,19
jpn_Jpan,994,18,7
jpn_Jpan,994,19,13
jpn_Jpan,994,20,34
jpn_Jpan,994,21,47
jpn_Jpan,994,22,19
jpn_Jpan,994,23,13
jpn_Jpan,994,24,19
jpn_Jpan,994,25,13
jpn_Jpan,994,26,13
jpn_Jpan,994,27,13
jpn_Jpan,994,28,13
jpn_Jpan,994,29,24
jpn_Jpan,994,30,13
jpn_Jpan,994,31,19
jpn_Jpan,994,32,13
jpn_Jpan,994,33,13
jpn_Jpan,994,34,13
jpn_Jpan,994,35,13
jpn_Jpan,994,36,13
jpn_Jpan,994,37,24
jpn_Jpan,994,38,24
jpn_Jpan,994,39,39
jpn_Jpan,994,40,24
jpn_Jpan,994,41,19
jpn_Jpan,994,42,13
jpn_Jpan,994,43,61
jpn_Jpan,994,44,13
jpn_Jpan,994,45,24
jpn_Jpan,994,46,61
jpn_Jpan,994,47,13
jpn_Jpan,994,48,13
jpn_Jpan,994,49,13
jpn_Jpan,994,50,13
jpn_Jpan,994,51,34
eng_Latn,995,0,60
eng_Latn,995,1,13
eng_Latn,995,2,13
eng_Latn,995,3,49
eng_Latn,995,4,5
eng_Latn,995,5,7
eng_Latn,996,0,60
eng_Latn,996,1,16
eng_Latn,996,2,54
eng_Latn,996,3,46
eng_Latn,996,4,5
eng_Latn,996,5,18
eng_Latn,996,6,56
eng_Latn,996,7,46
eng_Latn,996,8,5
eng_Latn,996,9,16
eng_Latn,996,10,56
eng_Latn,996,11,1
eng_Latn,997,0,60
eng_Latn,997,1,40
eng_Latn,997,2,56
eng_Latn,997,3,56
eng_Latn,997,4,53
eng_Latn,997,5,57
eng_Latn,997,6,51
eng_Latn,998,0,60
eng_Latn,998,1,38
eng_Latn,998,2,33
eng_Latn,998,3,33
eng_Latn,998,4,33
eng_Latn,998,5,33
eng_Latn,998,6,24
eng_Latn,998,7,33
eng_Latn,999,0,60
eng_Latn,999,1,52
eng_Latn,999,2,1
eng_Latn,999,3,52
eng_Latn,999,4,13
eng_Latn,999,5,52
eng_Latn,999,6,57
eng_Latn,999,7,33
