lang,sentence_id,token_idx,expert_id
jpn_Jpan,0,0,60
jpn_Jpan,0,1,36
jpn_Jpan,0,2,24
jpn_Jpan,0,3,13
jpn_Jpan,0,4,36
jpn_Jpan,0,5,19
jpn_Jpan,0,6,13
jpn_Jpan,0,7,24
jpn_Jpan,0,8,19
jpn_Jpan,0,9,13
jpn_Jpan,0,10,13
jpn_Jpan,0,11,34
jpn_Jpan,1,0,60
jpn_Jpan,1,1,61
jpn_Jpan,1,2,22
jpn_Jpan,1,3,36
jpn_Jpan,1,4,36
jpn_Jpan,1,5,24
jpn_Jpan,1,6,13
jpn_Jpan,1,7,39
jpn_Jpan,1,8,13
jpn_Jpan,1,9,13
jpn_Jpan,1,10,19
jpn_Jpan,1,11,13
jpn_Jpan,1,12,19
jpn_Jpan,1,13,13
jpn_Jpan,1,14,19
jpn_Jpan,1,15,13
jpn_Jpan,1,16,19
jpn_Jpan,1,17,13
jpn_Jpan,1,18,24
jpn_Jpan,1,19,13
jpn_Jpan,1,20,13
jpn_Jpan,1,21,13
jpn_Jpan,1,22,36
jpn_Jpan,1,23,13
jpn_Jpan,2,0,60
jpn_Jpan,2,1,13
jpn_Jpan,2,2,13
jpn_Jpan,2,3,61
jpn_Jpan,2,4,13
jpn_Jpan,2,5,12
jpn_Jpan,2,6,58
jpn_Jpan,2,7,12
jpn_Jpan,2,8,61
jpn_Jpan,3,0,60
jpn_Jpan,3,1,24
jpn_Jpan,3,2,58
jpn_Jpan,3,3,12
jpn_Jpan,3,4,13
jpn_Jpan,3,5,13
jpn_Jpan,3,6,24
jpn_Jpan,3,7,12
jpn_Jpan,3,8,13
jpn_Jpan,3,9,24
jpn_Jpan,3,10,13
jpn_Jpan,3,11,13
jpn_Jpan,3,12,13
jpn_Jpan,3,13,13
jpn_Jpan,3,14,47
jpn_Jpan,3,15,19
jpn_Jpan,3,16,34
jpn_Jpan,3,17,13
jpn_Jpan,3,18,47
jpn_Jpan,3,19,13
jpn_Jpan,3,20,13
jpn_Jpan,3,21,34
jpn_Jpan,4,0,60
jpn_Jpan,4,1,13
jpn_Jpan,4,2,13
jpn_Jpan,4,3,13
jpn_Jpan,4,4,36
jpn_Jpan,4,5,24
jpn_Jpan,4,6,1
jpn_Jpan,4,7,13
jpn_Jpan,4,8,13
jpn_Jpan,4,9,24
jpn_Jpan,4,10,13
jpn_Jpan,4,11,34
jpn_Jpan,4,12,13
jpn_Jpan,4,13,24
jpn_Jpan,4,14,19
jpn_Jpan,4,15,13
jpn_Jpan,4,16,24
jpn_Jpan,4,17,13
jpn_Jpan,5,0,60
jpn_Jpan,5,1,47
jpn_Jpan,5,2,39
jpn_Jpan,5,3,13
jpn_Jpan,5,4,47
jpn_Jpan,5,5,13
jpn_Jpan,5,6,24
jpn_Jpan,5,7,19
jpn_Jpan,5,8,13
jpn_Jpan,5,9,13
jpn_Jpan,5,10,13
jpn_Jpan,5,11,47
jpn_Jpan,5,12,13
jpn_Jpan,5,13,24
jpn_Jpan,5,14,13
jpn_Jpan,5,15,13
jpn_Jpan,5,16,13
jpn_Jpan,5,17,24
jpn_Jpan,5,18,13
jpn_Jpan,5,19,13
jpn_Jpan,5,20,47
jpn_Jpan,5,21,13
jpn_Jpan,5,22,34
jpn_Jpan,5,23,24
jpn_Jpan,5,24,24
jpn_Jpan,5,25,13
jpn_Jpan,5,26,19
jpn_Jpan,5,27,13
jpn_Jpan,5,28,13
jpn_Jpan,5,29,47
jpn_Jpan,5,30,13
jpn_Jpan,5,31,24
jpn_Jpan,5,32,47
jpn_Jpan,5,33,13
jpn_Jpan,5,34,13
jpn_Jpan,5,35,24
jpn_Jpan,5,36,13
jpn_Jpan,5,37,24
jpn_Jpan,5,38,13
jpn_Jpan,5,39,34
jpn_Jpan,6,0,60
jpn_Jpan,6,1,13
jpn_Jpan,6,2,13
jpn_Jpan,6,3,39
jpn_Jpan,6,4,61
jpn_Jpan,6,5,19
jpn_Jpan,6,6,61
jpn_Jpan,6,7,39
jpn_Jpan,6,8,61
jpn_Jpan,6,9,13
jpn_Jpan,6,10,24
jpn_Jpan,6,11,47
jpn_Jpan,6,12,47
jpn_Jpan,6,13,19
jpn_Jpan,6,14,39
jpn_Jpan,6,15,13
jpn_Jpan,6,16,7
jpn_Jpan,6,17,13
jpn_Jpan,6,18,52
jpn_Jpan,6,19,52
jpn_Jpan,6,20,13
jpn_Jpan,6,21,13
jpn_Jpan,6,22,24
jpn_Jpan,6,23,47
jpn_Jpan,6,24,13
jpn_Jpan,6,25,19
jpn_Jpan,6,26,13
jpn_Jpan,6,27,47
jpn_Jpan,6,28,19
jpn_Jpan,6,29,13
jpn_Jpan,6,30,47
jpn_Jpan,6,31,13
jpn_Jpan,6,32,13
jpn_Jpan,6,33,39
jpn_Jpan,6,34,19
jpn_Jpan,6,35,13
jpn_Jpan,6,36,13
jpn_Jpan,6,37,24
jpn_Jpan,6,38,13
jpn_Jpan,6,39,13
jpn_Jpan,6,40,19
jpn_Jpan,6,41,13
jpn_Jpan,6,42,13
jpn_Jpan,7,0,60
jpn_Jpan,7,1,13
jpn_Jpan,7,2,13
jpn_Jpan,7,3,13
jpn_Jpan,7,4,13
jpn_Jpan,7,5,24
jpn_Jpan,7,6,13
jpn_Jpan,7,7,13
jpn_Jpan,7,8,24
jpn_Jpan,7,9,24
jpn_Jpan,7,10,61
jpn_Jpan,7,11,19
jpn_Jpan,7,12,19
jpn_Jpan,7,13,13
jpn_Jpan,7,14,39
jpn_Jpan,7,15,13
jpn_Jpan,7,16,19
jpn_Jpan,7,17,19
jpn_Jpan,7,18,13
jpn_Jpan,7,19,13
jpn_Jpan,7,20,39
jpn_Jpan,7,21,13
jpn_Jpan,7,22,24
jpn_Jpan,7,23,24
jpn_Jpan,7,24,1
jpn_Jpan,7,25,52
jpn_Jpan,7,26,13
jpn_Jpan,7,27,33
jpn_Jpan,7,28,24
jpn_Jpan,7,29,19
jpn_Jpan,7,30,8
jpn_Jpan,7,31,13
jpn_Jpan,7,32,13
jpn_Jpan,7,33,13
jpn_Jpan,7,34,19
jpn_Jpan,7,35,13
jpn_Jpan,7,36,33
jpn_Jpan,7,37,47
jpn_Jpan,7,38,13
jpn_Jpan,7,39,13
jpn_Jpan,7,40,13
jpn_Jpan,7,41,34
jpn_Jpan,8,0,60
jpn_Jpan,8,1,13
jpn_Jpan,8,2,61
jpn_Jpan,8,3,13
jpn_Jpan,8,4,24
jpn_Jpan,8,5,24
jpn_Jpan,8,6,13
jpn_Jpan,8,7,13
jpn_Jpan,8,8,47
jpn_Jpan,8,9,13
jpn_Jpan,8,10,13
jpn_Jpan,8,11,24
jpn_Jpan,8,12,24
jpn_Jpan,8,13,13
jpn_Jpan,8,14,19
jpn_Jpan,8,15,13
jpn_Jpan,8,16,13
jpn_Jpan,8,17,13
jpn_Jpan,8,18,47
jpn_Jpan,8,19,36
jpn_Jpan,8,20,13
jpn_Jpan,8,21,19
jpn_Jpan,8,22,13
jpn_Jpan,8,23,34
jpn_Jpan,8,24,19
jpn_Jpan,8,25,13
jpn_Jpan,8,26,24
jpn_Jpan,8,27,19
jpn_Jpan,8,28,13
jpn_Jpan,8,29,36
jpn_Jpan,8,30,34
jpn_Jpan,8,31,13
jpn_Jpan,8,32,13
jpn_Jpan,8,33,24
jpn_Jpan,8,34,36
jpn_Jpan,8,35,13
jpn_Jpan,8,36,19
jpn_Jpan,8,37,34
jpn_Jpan,8,38,13
jpn_Jpan,8,39,34
jpn_Jpan,9,0,60
jpn_Jpan,9,1,13
jpn_Jpan,9,2,13
jpn_Jpan,9,3,36
jpn_Jpan,9,4,13
jpn_Jpan,9,5,47
jpn_Jpan,9,6,13
jpn_Jpan,9,7,24
jpn_Jpan,9,8,24
jpn_Jpan,9,9,39
jpn_Jpan,9,10,24
jpn_Jpan,9,11,52
jpn_Jpan,9,12,36
jpn_Jpan,9,13,24
jpn_Jpan,9,14,13
jpn_Jpan,9,15,36
jpn_Jpan,9,16,24
jpn_Jpan,9,17,52
jpn_Jpan,9,18,36
jpn_Jpan,9,19,13
jpn_Jpan,9,20,36
jpn_Jpan,9,21,61
jpn_Jpan,9,22,13
jpn_Jpan,9,23,19
jpn_Jpan,9,24,34
jpn_Jpan,9,25,13
jpn_Jpan,9,26,34
jpn_Jpan,10,0,60
jpn_Jpan,10,1,60
jpn_Jpan,10,2,13
jpn_Jpan,10,3,19
jpn_Jpan,10,4,13
jpn_Jpan,10,5,52
jpn_Jpan,10,6,19
jpn_Jpan,10,7,13
jpn_Jpan,10,8,12
jpn_Jpan,10,9,24
jpn_Jpan,10,10,13
jpn_Jpan,10,11,24
jpn_Jpan,10,12,19
jpn_Jpan,10,13,13
jpn_Jpan,10,14,19
jpn_Jpan,10,15,13
jpn_Jpan,10,16,24
jpn_Jpan,10,17,13
jpn_Jpan,10,18,19
jpn_Jpan,10,19,13
jpn_Jpan,10,20,13
jpn_Jpan,10,21,13
jpn_Jpan,10,22,24
jpn_Jpan,10,23,24
jpn_Jpan,10,24,36
jpn_Jpan,10,25,7
jpn_Jpan,10,26,26
jpn_Jpan,10,27,47
jpn_Jpan,10,28,13
jpn_Jpan,10,29,19
jpn_Jpan,10,30,19
jpn_Jpan,10,31,7
jpn_Jpan,10,32,19
jpn_Jpan,10,33,13
jpn_Jpan,10,34,13
jpn_Jpan,11,0,60
jpn_Jpan,11,1,13
jpn_Jpan,11,2,52
jpn_Jpan,11,3,1
jpn_Jpan,11,4,52
jpn_Jpan,11,5,13
jpn_Jpan,11,6,9
jpn_Jpan,11,7,13
jpn_Jpan,11,8,13
jpn_Jpan,11,9,13
jpn_Jpan,11,10,13
jpn_Jpan,11,11,13
jpn_Jpan,11,12,13
jpn_Jpan,11,13,13
jpn_Jpan,11,14,13
jpn_Jpan,11,15,52
jpn_Jpan,11,16,1
jpn_Jpan,11,17,52
jpn_Jpan,11,18,52
jpn_Jpan,11,19,1
jpn_Jpan,11,20,13
jpn_Jpan,11,21,13
jpn_Jpan,11,22,13
jpn_Jpan,11,23,13
jpn_Jpan,11,24,13
jpn_Jpan,11,25,52
jpn_Jpan,12,0,60
jpn_Jpan,12,1,13
jpn_Jpan,12,2,52
jpn_Jpan,12,3,13
jpn_Jpan,12,4,24
jpn_Jpan,12,5,47
jpn_Jpan,12,6,13
jpn_Jpan,12,7,47
jpn_Jpan,12,8,19
jpn_Jpan,12,9,13
jpn_Jpan,12,10,24
jpn_Jpan,12,11,1
jpn_Jpan,12,12,13
jpn_Jpan,12,13,13
jpn_Jpan,12,14,13
jpn_Jpan,12,15,13
jpn_Jpan,12,16,24
jpn_Jpan,12,17,13
jpn_Jpan,12,18,13
jpn_Jpan,12,19,13
jpn_Jpan,12,20,34
jpn_Jpan,12,21,19
jpn_Jpan,12,22,13
jpn_Jpan,12,23,47
jpn_Jpan,12,24,19
jpn_Jpan,12,25,13
jpn_Jpan,12,26,61
jpn_Jpan,12,27,61
jpn_Jpan,12,28,19
jpn_Jpan,12,29,13
jpn_Jpan,12,30,24
jpn_Jpan,12,31,13
jpn_Jpan,12,32,13
jpn_Jpan,12,33,13
jpn_Jpan,12,34,34
jpn_Jpan,13,0,60
jpn_Jpan,13,1,1
jpn_Jpan,13,2,52
jpn_Jpan,13,3,13
jpn_Jpan,13,4,13
jpn_Jpan,13,5,36
jpn_Jpan,13,6,24
jpn_Jpan,13,7,52
jpn_Jpan,13,8,52
jpn_Jpan,13,9,52
jpn_Jpan,13,10,52
jpn_Jpan,13,11,52
jpn_Jpan,13,12,52
jpn_Jpan,13,13,47
jpn_Jpan,13,14,13
jpn_Jpan,13,15,24
jpn_Jpan,13,16,61
jpn_Jpan,13,17,13
jpn_Jpan,13,18,13
jpn_Jpan,13,19,24
jpn_Jpan,13,20,13
jpn_Jpan,13,21,13
jpn_Jpan,13,22,34
jpn_Jpan,14,0,60
jpn_Jpan,14,1,13
jpn_Jpan,14,2,47
jpn_Jpan,14,3,19
jpn_Jpan,14,4,39
jpn_Jpan,14,5,13
jpn_Jpan,14,6,13
jpn_Jpan,14,7,13
jpn_Jpan,14,8,24
jpn_Jpan,14,9,13
jpn_Jpan,14,10,13
jpn_Jpan,14,11,4
jpn_Jpan,14,12,51
jpn_Jpan,14,13,13
jpn_Jpan,14,14,13
jpn_Jpan,14,15,51
jpn_Jpan,14,16,51
jpn_Jpan,15,0,60
jpn_Jpan,15,1,13
jpn_Jpan,15,2,13
jpn_Jpan,15,3,39
jpn_Jpan,15,4,13
jpn_Jpan,15,5,1
jpn_Jpan,15,6,13
jpn_Jpan,15,7,39
jpn_Jpan,15,8,13
jpn_Jpan,15,9,13
jpn_Jpan,15,10,12
jpn_Jpan,15,11,39
jpn_Jpan,15,12,11
jpn_Jpan,15,13,61
jpn_Jpan,15,14,27
jpn_Jpan,15,15,27
jpn_Jpan,15,16,52
jpn_Jpan,15,17,12
jpn_Jpan,15,18,13
jpn_Jpan,15,19,24
jpn_Jpan,15,20,13
jpn_Jpan,15,21,19
jpn_Jpan,15,22,47
jpn_Jpan,15,23,13
jpn_Jpan,15,24,7
jpn_Jpan,15,25,47
jpn_Jpan,15,26,13
jpn_Jpan,15,27,24
jpn_Jpan,15,28,13
jpn_Jpan,15,29,13
jpn_Jpan,15,30,13
jpn_Jpan,15,31,47
jpn_Jpan,15,32,13
jpn_Jpan,15,33,13
jpn_Jpan,15,34,7
jpn_Jpan,15,35,19
jpn_Jpan,15,36,13
jpn_Jpan,15,37,47
jpn_Jpan,15,38,19
jpn_Jpan,15,39,13
jpn_Jpan,15,40,1
jpn_Jpan,15,41,13
jpn_Jpan,15,42,13
jpn_Jpan,15,43,39
jpn_Jpan,15,44,13
jpn_Jpan,16,0,60
jpn_Jpan,16,1,40
jpn_Jpan,16,2,7
jpn_Jpan,16,3,36
jpn_Jpan,16,4,1
jpn_Jpan,16,5,36
jpn_Jpan,16,6,24
jpn_Jpan,16,7,47
jpn_Jpan,16,8,47
jpn_Jpan,16,9,34
jpn_Jpan,16,10,36
jpn_Jpan,16,11,36
jpn_Jpan,16,12,19
jpn_Jpan,16,13,36
jpn_Jpan,16,14,36
jpn_Jpan,16,15,13
jpn_Jpan,16,16,47
jpn_Jpan,16,17,19
jpn_Jpan,16,18,13
jpn_Jpan,16,19,19
jpn_Jpan,16,20,34
jpn_Jpan,16,21,34
jpn_Jpan,16,22,34
jpn_Jpan,17,0,60
jpn_Jpan,17,1,13
jpn_Jpan,17,2,13
jpn_Jpan,17,3,13
jpn_Jpan,17,4,24
jpn_Jpan,17,5,11
jpn_Jpan,17,6,13
jpn_Jpan,17,7,24
jpn_Jpan,17,8,13
jpn_Jpan,17,9,13
jpn_Jpan,17,10,36
jpn_Jpan,17,11,1
jpn_Jpan,17,12,19
jpn_Jpan,17,13,39
jpn_Jpan,17,14,13
jpn_Jpan,17,15,13
jpn_Jpan,17,16,24
jpn_Jpan,17,17,24
jpn_Jpan,17,18,9
jpn_Jpan,17,19,19
jpn_Jpan,17,20,13
jpn_Jpan,17,21,19
jpn_Jpan,17,22,13
jpn_Jpan,17,23,24
jpn_Jpan,17,24,13
jpn_Jpan,17,25,39
jpn_Jpan,17,26,39
jpn_Jpan,17,27,13
jpn_Jpan,17,28,61
jpn_Jpan,17,29,24
jpn_Jpan,17,30,19
jpn_Jpan,17,31,13
jpn_Jpan,17,32,13
jpn_Jpan,17,33,13
jpn_Jpan,17,34,34
jpn_Jpan,17,35,13
jpn_Jpan,17,36,24
jpn_Jpan,17,37,13
jpn_Jpan,17,38,13
jpn_Jpan,17,39,24
jpn_Jpan,17,40,13
jpn_Jpan,17,41,13
jpn_Jpan,17,42,34
jpn_Jpan,18,0,60
jpn_Jpan,18,1,36
jpn_Jpan,18,2,54
jpn_Jpan,18,3,36
jpn_Jpan,18,4,13
jpn_Jpan,18,5,19
jpn_Jpan,18,6,13
jpn_Jpan,18,7,24
jpn_Jpan,18,8,13
jpn_Jpan,18,9,19
jpn_Jpan,18,10,36
jpn_Jpan,18,11,24
jpn_Jpan,18,12,19
jpn_Jpan,18,13,13
jpn_Jpan,18,14,24
jpn_Jpan,18,15,13
jpn_Jpan,18,16,34
jpn_Jpan,18,17,13
jpn_Jpan,18,18,24
jpn_Jpan,18,19,13
jpn_Jpan,18,20,24
jpn_Jpan,18,21,24
jpn_Jpan,18,22,36
jpn_Jpan,18,23,13
jpn_Jpan,18,24,13
jpn_Jpan,18,25,24
jpn_Jpan,18,26,19
jpn_Jpan,18,27,13
jpn_Jpan,18,28,13
jpn_Jpan,18,29,19
jpn_Jpan,18,30,39
jpn_Jpan,18,31,13
jpn_Jpan,18,32,13
jpn_Jpan,18,33,13
jpn_Jpan,18,34,13
jpn_Jpan,18,35,13
jpn_Jpan,19,0,60
jpn_Jpan,19,1,61
jpn_Jpan,19,2,13
jpn_Jpan,19,3,13
jpn_Jpan,19,4,34
jpn_Jpan,19,5,34
jpn_Jpan,19,6,24
jpn_Jpan,19,7,24
jpn_Jpan,19,8,19
jpn_Jpan,19,9,13
jpn_Jpan,19,10,19
jpn_Jpan,19,11,13
jpn_Jpan,19,12,34
jpn_Jpan,19,13,13
jpn_Jpan,19,14,24
jpn_Jpan,19,15,61
jpn_Jpan,19,16,13
jpn_Jpan,19,17,34
jpn_Jpan,19,18,13
jpn_Jpan,19,19,19
jpn_Jpan,19,20,34
jpn_Jpan,19,21,24
jpn_Jpan,19,22,61
jpn_Jpan,19,23,13
jpn_Jpan,19,24,19
jpn_Jpan,19,25,13
jpn_Jpan,20,0,60
jpn_Jpan,20,1,7
jpn_Jpan,20,2,7
jpn_Jpan,20,3,24
jpn_Jpan,20,4,1
jpn_Jpan,20,5,19
jpn_Jpan,20,6,13
jpn_Jpan,20,7,61
jpn_Jpan,20,8,19
jpn_Jpan,20,9,34
jpn_Jpan,20,10,13
jpn_Jpan,20,11,34
jpn_Jpan,20,12,34
jpn_Jpan,21,0,60
jpn_Jpan,21,1,36
jpn_Jpan,21,2,9
jpn_Jpan,21,3,9
jpn_Jpan,21,4,11
jpn_Jpan,21,5,19
jpn_Jpan,21,6,13
jpn_Jpan,21,7,13
jpn_Jpan,21,8,47
jpn_Jpan,21,9,7
jpn_Jpan,21,10,12
jpn_Jpan,21,11,61
jpn_Jpan,21,12,13
jpn_Jpan,21,13,61
jpn_Jpan,21,14,61
jpn_Jpan,21,15,13
jpn_Jpan,22,0,60
jpn_Jpan,22,1,1
jpn_Jpan,22,2,13
jpn_Jpan,22,3,19
jpn_Jpan,22,4,36
jpn_Jpan,22,5,19
jpn_Jpan,22,6,13
jpn_Jpan,22,7,19
jpn_Jpan,22,8,13
jpn_Jpan,22,9,24
jpn_Jpan,22,10,13
jpn_Jpan,22,11,19
jpn_Jpan,22,12,13
jpn_Jpan,22,13,13
jpn_Jpan,22,14,13
jpn_Jpan,22,15,24
jpn_Jpan,22,16,47
jpn_Jpan,22,17,39
jpn_Jpan,22,18,13
jpn_Jpan,22,19,13
jpn_Jpan,23,0,60
jpn_Jpan,23,1,60
jpn_Jpan,23,2,47
jpn_Jpan,23,3,19
jpn_Jpan,23,4,22
jpn_Jpan,23,5,24
jpn_Jpan,23,6,13
jpn_Jpan,23,7,13
jpn_Jpan,23,8,13
jpn_Jpan,23,9,19
jpn_Jpan,23,10,34
jpn_Jpan,23,11,34
jpn_Jpan,23,12,24
jpn_Jpan,23,13,13
jpn_Jpan,23,14,13
jpn_Jpan,23,15,36
jpn_Jpan,23,16,13
jpn_Jpan,23,17,47
jpn_Jpan,23,18,13
jpn_Jpan,23,19,34
jpn_Jpan,24,0,60
jpn_Jpan,24,1,13
jpn_Jpan,24,2,47
jpn_Jpan,24,3,39
jpn_Jpan,24,4,24
jpn_Jpan,24,5,47
jpn_Jpan,24,6,13
jpn_Jpan,24,7,13
jpn_Jpan,24,8,13
jpn_Jpan,24,9,13
jpn_Jpan,24,10,19
jpn_Jpan,24,11,13
jpn_Jpan,24,12,24
jpn_Jpan,24,13,19
jpn_Jpan,24,14,47
jpn_Jpan,24,15,39
jpn_Jpan,24,16,34
jpn_Jpan,25,0,60
jpn_Jpan,25,1,13
jpn_Jpan,25,2,61
jpn_Jpan,25,3,36
jpn_Jpan,25,4,13
jpn_Jpan,25,5,13
jpn_Jpan,25,6,24
jpn_Jpan,25,7,13
jpn_Jpan,25,8,47
jpn_Jpan,25,9,24
jpn_Jpan,25,10,13
jpn_Jpan,25,11,13
jpn_Jpan,25,12,24
jpn_Jpan,25,13,24
jpn_Jpan,25,14,13
jpn_Jpan,25,15,13
jpn_Jpan,25,16,24
jpn_Jpan,25,17,13
jpn_Jpan,25,18,19
jpn_Jpan,25,19,13
jpn_Jpan,25,20,24
jpn_Jpan,25,21,13
jpn_Jpan,25,22,13
jpn_Jpan,25,23,13
jpn_Jpan,25,24,13
jpn_Jpan,25,25,13
jpn_Jpan,25,26,13
jpn_Jpan,25,27,13
jpn_Jpan,25,28,24
jpn_Jpan,25,29,24
jpn_Jpan,25,30,13
jpn_Jpan,25,31,47
jpn_Jpan,25,32,13
jpn_Jpan,25,33,24
jpn_Jpan,25,34,13
jpn_Jpan,25,35,24
jpn_Jpan,25,36,13
jpn_Jpan,25,37,13
jpn_Jpan,25,38,13
jpn_Jpan,25,39,34
jpn_Jpan,26,0,60
jpn_Jpan,26,1,19
jpn_Jpan,26,2,36
jpn_Jpan,26,3,1
jpn_Jpan,26,4,36
jpn_Jpan,26,5,13
jpn_Jpan,26,6,13
jpn_Jpan,26,7,24
jpn_Jpan,26,8,13
jpn_Jpan,26,9,13
jpn_Jpan,26,10,61
jpn_Jpan,26,11,13
jpn_Jpan,26,12,13
jpn_Jpan,26,13,13
jpn_Jpan,26,14,39
jpn_Jpan,26,15,19
jpn_Jpan,26,16,13
jpn_Jpan,26,17,24
jpn_Jpan,26,18,61
jpn_Jpan,26,19,13
jpn_Jpan,26,20,13
jpn_Jpan,26,21,13
jpn_Jpan,26,22,13
jpn_Jpan,26,23,24
jpn_Jpan,26,24,13
jpn_Jpan,26,25,13
jpn_Jpan,26,26,47
jpn_Jpan,26,27,19
jpn_Jpan,26,28,13
jpn_Jpan,26,29,24
jpn_Jpan,26,30,47
jpn_Jpan,26,31,36
jpn_Jpan,26,32,19
jpn_Jpan,26,33,34
jpn_Jpan,26,34,13
jpn_Jpan,27,0,60
jpn_Jpan,27,1,13
jpn_Jpan,27,2,24
jpn_Jpan,27,3,24
jpn_Jpan,27,4,47
jpn_Jpan,27,5,47
jpn_Jpan,27,6,19
jpn_Jpan,27,7,13
jpn_Jpan,27,8,19
jpn_Jpan,27,9,39
jpn_Jpan,27,10,13
jpn_Jpan,27,11,13
jpn_Jpan,27,12,13
jpn_Jpan,27,13,34
jpn_Jpan,28,0,60
jpn_Jpan,28,1,13
jpn_Jpan,28,2,13
jpn_Jpan,28,3,13
jpn_Jpan,28,4,13
jpn_Jpan,28,5,13
jpn_Jpan,28,6,24
jpn_Jpan,28,7,47
jpn_Jpan,28,8,13
jpn_Jpan,28,9,13
jpn_Jpan,28,10,24
jpn_Jpan,28,11,13
jpn_Jpan,28,12,13
jpn_Jpan,28,13,13
jpn_Jpan,28,14,19
jpn_Jpan,28,15,13
jpn_Jpan,28,16,13
jpn_Jpan,28,17,19
jpn_Jpan,28,18,13
jpn_Jpan,28,19,13
jpn_Jpan,28,20,34
jpn_Jpan,29,0,60
jpn_Jpan,29,1,13
jpn_Jpan,29,2,13
jpn_Jpan,29,3,13
jpn_Jpan,29,4,12
jpn_Jpan,29,5,61
jpn_Jpan,29,6,13
jpn_Jpan,29,7,13
jpn_Jpan,29,8,24
jpn_Jpan,29,9,13
jpn_Jpan,29,10,13
jpn_Jpan,29,11,13
jpn_Jpan,29,12,24
jpn_Jpan,29,13,19
jpn_Jpan,29,14,13
jpn_Jpan,29,15,13
jpn_Jpan,29,16,13
jpn_Jpan,29,17,13
jpn_Jpan,29,18,13
jpn_Jpan,29,19,51
jpn_Jpan,29,20,51
jpn_Jpan,29,21,51
jpn_Jpan,30,0,60
jpn_Jpan,30,1,13
jpn_Jpan,30,2,13
jpn_Jpan,30,3,24
jpn_Jpan,30,4,24
jpn_Jpan,30,5,13
jpn_Jpan,30,6,13
jpn_Jpan,30,7,13
jpn_Jpan,30,8,13
jpn_Jpan,30,9,24
jpn_Jpan,30,10,19
jpn_Jpan,30,11,13
jpn_Jpan,30,12,24
jpn_Jpan,30,13,47
jpn_Jpan,30,14,13
jpn_Jpan,30,15,24
jpn_Jpan,30,16,47
jpn_Jpan,30,17,19
jpn_Jpan,30,18,13
jpn_Jpan,30,19,13
jpn_Jpan,30,20,24
jpn_Jpan,30,21,19
jpn_Jpan,30,22,13
jpn_Jpan,30,23,24
jpn_Jpan,30,24,47
jpn_Jpan,30,25,13
jpn_Jpan,30,26,13
jpn_Jpan,30,27,34
jpn_Jpan,31,0,60
jpn_Jpan,31,1,13
jpn_Jpan,31,2,13
jpn_Jpan,31,3,13
jpn_Jpan,31,4,24
jpn_Jpan,31,5,13
jpn_Jpan,31,6,51
jpn_Jpan,31,7,13
jpn_Jpan,31,8,24
jpn_Jpan,31,9,13
jpn_Jpan,31,10,13
jpn_Jpan,31,11,24
jpn_Jpan,31,12,13
jpn_Jpan,31,13,13
jpn_Jpan,31,14,13
jpn_Jpan,31,15,13
jpn_Jpan,31,16,34
jpn_Jpan,31,17,13
jpn_Jpan,32,0,60
jpn_Jpan,32,1,13
jpn_Jpan,32,2,36
jpn_Jpan,32,3,13
jpn_Jpan,32,4,13
jpn_Jpan,32,5,24
jpn_Jpan,32,6,24
jpn_Jpan,32,7,13
jpn_Jpan,32,8,13
jpn_Jpan,32,9,24
jpn_Jpan,32,10,24
jpn_Jpan,32,11,13
jpn_Jpan,32,12,13
jpn_Jpan,32,13,24
jpn_Jpan,32,14,61
jpn_Jpan,32,15,61
jpn_Jpan,32,16,61
jpn_Jpan,32,17,39
jpn_Jpan,32,18,19
jpn_Jpan,32,19,13
jpn_Jpan,32,20,24
jpn_Jpan,32,21,13
jpn_Jpan,32,22,13
jpn_Jpan,32,23,13
jpn_Jpan,32,24,61
jpn_Jpan,32,25,13
jpn_Jpan,32,26,36
jpn_Jpan,32,27,13
jpn_Jpan,32,28,13
jpn_Jpan,32,29,36
jpn_Jpan,32,30,24
jpn_Jpan,32,31,19
jpn_Jpan,32,32,13
jpn_Jpan,32,33,13
jpn_Jpan,32,34,13
jpn_Jpan,32,35,13
jpn_Jpan,32,36,13
jpn_Jpan,32,37,13
jpn_Jpan,32,38,34
jpn_Jpan,32,39,13
jpn_Jpan,32,40,13
jpn_Jpan,32,41,13
jpn_Jpan,32,42,34
jpn_Jpan,33,0,60
jpn_Jpan,33,1,40
jpn_Jpan,33,2,13
jpn_Jpan,33,3,13
jpn_Jpan,33,4,28
jpn_Jpan,33,5,52
jpn_Jpan,33,6,52
jpn_Jpan,33,7,52
jpn_Jpan,33,8,13
jpn_Jpan,33,9,13
jpn_Jpan,33,10,13
jpn_Jpan,33,11,1
jpn_Jpan,33,12,1
jpn_Jpan,33,13,52
jpn_Jpan,33,14,52
jpn_Jpan,33,15,52
jpn_Jpan,33,16,52
jpn_Jpan,33,17,52
jpn_Jpan,33,18,61
jpn_Jpan,33,19,34
jpn_Jpan,33,20,24
jpn_Jpan,33,21,47
jpn_Jpan,33,22,61
jpn_Jpan,33,23,34
jpn_Jpan,34,0,60
jpn_Jpan,34,1,24
jpn_Jpan,34,2,13
jpn_Jpan,34,3,16
jpn_Jpan,34,4,7
jpn_Jpan,34,5,13
jpn_Jpan,34,6,24
jpn_Jpan,34,7,1
jpn_Jpan,34,8,13
jpn_Jpan,34,9,24
jpn_Jpan,34,10,13
jpn_Jpan,34,11,13
jpn_Jpan,34,12,13
jpn_Jpan,34,13,24
jpn_Jpan,34,14,61
jpn_Jpan,34,15,13
jpn_Jpan,34,16,28
jpn_Jpan,34,17,34
jpn_Jpan,35,0,60
jpn_Jpan,35,1,13
jpn_Jpan,35,2,13
jpn_Jpan,35,3,39
jpn_Jpan,35,4,39
jpn_Jpan,35,5,7
jpn_Jpan,35,6,13
jpn_Jpan,35,7,19
jpn_Jpan,35,8,13
jpn_Jpan,35,9,19
jpn_Jpan,35,10,13
jpn_Jpan,35,11,61
jpn_Jpan,35,12,13
jpn_Jpan,35,13,24
jpn_Jpan,35,14,47
jpn_Jpan,35,15,13
jpn_Jpan,35,16,19
jpn_Jpan,35,17,34
jpn_Jpan,35,18,13
jpn_Jpan,35,19,34
jpn_Jpan,36,0,60
jpn_Jpan,36,1,36
jpn_Jpan,36,2,13
jpn_Jpan,36,3,24
jpn_Jpan,36,4,47
jpn_Jpan,36,5,13
jpn_Jpan,36,6,61
jpn_Jpan,36,7,34
jpn_Jpan,36,8,34
jpn_Jpan,36,9,13
jpn_Jpan,36,10,13
jpn_Jpan,36,11,13
jpn_Jpan,36,12,13
jpn_Jpan,36,13,24
jpn_Jpan,36,14,19
jpn_Jpan,36,15,13
jpn_Jpan,36,16,13
jpn_Jpan,36,17,24
jpn_Jpan,36,18,19
jpn_Jpan,36,19,13
jpn_Jpan,36,20,13
jpn_Jpan,36,21,24
jpn_Jpan,36,22,19
jpn_Jpan,36,23,13
jpn_Jpan,36,24,13
jpn_Jpan,36,25,24
jpn_Jpan,36,26,19
jpn_Jpan,36,27,13
jpn_Jpan,36,28,47
jpn_Jpan,36,29,13
jpn_Jpan,36,30,24
jpn_Jpan,36,31,13
jpn_Jpan,36,32,13
jpn_Jpan,36,33,24
jpn_Jpan,36,34,13
jpn_Jpan,36,35,13
jpn_Jpan,36,36,24
jpn_Jpan,36,37,13
jpn_Jpan,36,38,13
jpn_Jpan,36,39,13
jpn_Jpan,36,40,34
jpn_Jpan,37,0,60
jpn_Jpan,37,1,13
jpn_Jpan,37,2,13
jpn_Jpan,37,3,40
jpn_Jpan,37,4,39
jpn_Jpan,37,5,7
jpn_Jpan,37,6,24
jpn_Jpan,37,7,61
jpn_Jpan,37,8,13
jpn_Jpan,37,9,24
jpn_Jpan,37,10,61
jpn_Jpan,37,11,13
jpn_Jpan,37,12,61
jpn_Jpan,37,13,13
jpn_Jpan,37,14,13
jpn_Jpan,37,15,24
jpn_Jpan,37,16,47
jpn_Jpan,37,17,61
jpn_Jpan,37,18,13
jpn_Jpan,37,19,13
jpn_Jpan,37,20,24
jpn_Jpan,37,21,13
jpn_Jpan,37,22,19
jpn_Jpan,37,23,13
jpn_Jpan,37,24,28
jpn_Jpan,37,25,13
jpn_Jpan,37,26,47
jpn_Jpan,37,27,47
jpn_Jpan,37,28,13
jpn_Jpan,37,29,47
jpn_Jpan,37,30,39
jpn_Jpan,37,31,13
jpn_Jpan,37,32,13
jpn_Jpan,37,33,39
jpn_Jpan,37,34,24
jpn_Jpan,37,35,19
jpn_Jpan,37,36,13
jpn_Jpan,37,37,13
jpn_Jpan,37,38,61
jpn_Jpan,37,39,13
jpn_Jpan,37,40,13
jpn_Jpan,37,41,34
jpn_Jpan,37,42,24
jpn_Jpan,37,43,13
jpn_Jpan,37,44,34
jpn_Jpan,37,45,13
jpn_Jpan,37,46,34
jpn_Jpan,38,0,60
jpn_Jpan,38,1,19
jpn_Jpan,38,2,13
jpn_Jpan,38,3,13
jpn_Jpan,38,4,24
jpn_Jpan,38,5,13
jpn_Jpan,38,6,19
jpn_Jpan,38,7,13
jpn_Jpan,38,8,36
jpn_Jpan,38,9,13
jpn_Jpan,38,10,13
jpn_Jpan,38,11,13
jpn_Jpan,38,12,13
jpn_Jpan,38,13,34
jpn_Jpan,38,14,13
jpn_Jpan,38,15,34
jpn_Jpan,39,0,60
jpn_Jpan,39,1,13
jpn_Jpan,39,2,13
jpn_Jpan,39,3,13
jpn_Jpan,39,4,13
jpn_Jpan,39,5,39
jpn_Jpan,39,6,13
jpn_Jpan,39,7,24
jpn_Jpan,39,8,61
jpn_Jpan,39,9,13
jpn_Jpan,39,10,47
jpn_Jpan,39,11,13
jpn_Jpan,39,12,24
jpn_Jpan,39,13,47
jpn_Jpan,39,14,13
jpn_Jpan,39,15,13
jpn_Jpan,39,16,34
jpn_Jpan,39,17,13
jpn_Jpan,39,18,19
jpn_Jpan,39,19,13
jpn_Jpan,39,20,13
jpn_Jpan,39,21,24
jpn_Jpan,39,22,13
jpn_Jpan,39,23,19
jpn_Jpan,39,24,13
jpn_Jpan,39,25,24
jpn_Jpan,39,26,13
jpn_Jpan,39,27,34
jpn_Jpan,39,28,13
jpn_Jpan,39,29,24
jpn_Jpan,39,30,19
jpn_Jpan,39,31,52
jpn_Jpan,39,32,37
jpn_Jpan,39,33,13
jpn_Jpan,39,34,19
jpn_Jpan,39,35,13
jpn_Jpan,39,36,13
jpn_Jpan,39,37,24
jpn_Jpan,39,38,13
jpn_Jpan,39,39,13
jpn_Jpan,39,40,13
jpn_Jpan,39,41,13
jpn_Jpan,39,42,13
jpn_Jpan,40,0,60
jpn_Jpan,40,1,47
jpn_Jpan,40,2,19
jpn_Jpan,40,3,39
jpn_Jpan,40,4,19
jpn_Jpan,40,5,39
jpn_Jpan,40,6,13
jpn_Jpan,40,7,13
jpn_Jpan,40,8,24
jpn_Jpan,40,9,13
jpn_Jpan,40,10,13
jpn_Jpan,40,11,13
jpn_Jpan,40,12,13
jpn_Jpan,40,13,13
jpn_Jpan,40,14,13
jpn_Jpan,40,15,61
jpn_Jpan,40,16,19
jpn_Jpan,40,17,19
jpn_Jpan,40,18,13
jpn_Jpan,40,19,24
jpn_Jpan,40,20,19
jpn_Jpan,40,21,13
jpn_Jpan,40,22,13
jpn_Jpan,40,23,13
jpn_Jpan,40,24,24
jpn_Jpan,40,25,61
jpn_Jpan,40,26,13
jpn_Jpan,40,27,13
jpn_Jpan,40,28,24
jpn_Jpan,40,29,13
jpn_Jpan,40,30,34
jpn_Jpan,40,31,39
jpn_Jpan,40,32,24
jpn_Jpan,40,33,13
jpn_Jpan,40,34,24
jpn_Jpan,40,35,61
jpn_Jpan,40,36,13
jpn_Jpan,40,37,36
jpn_Jpan,40,38,13
jpn_Jpan,40,39,24
jpn_Jpan,40,40,34
jpn_Jpan,40,41,34
jpn_Jpan,41,0,60
jpn_Jpan,41,1,19
jpn_Jpan,41,2,13
jpn_Jpan,41,3,24
jpn_Jpan,41,4,13
jpn_Jpan,41,5,19
jpn_Jpan,41,6,34
jpn_Jpan,41,7,34
jpn_Jpan,41,8,24
jpn_Jpan,41,9,24
jpn_Jpan,41,10,13
jpn_Jpan,41,11,47
jpn_Jpan,41,12,36
jpn_Jpan,41,13,13
jpn_Jpan,41,14,13
jpn_Jpan,41,15,13
jpn_Jpan,41,16,36
jpn_Jpan,41,17,24
jpn_Jpan,41,18,24
jpn_Jpan,41,19,13
jpn_Jpan,41,20,13
jpn_Jpan,41,21,24
jpn_Jpan,41,22,13
jpn_Jpan,41,23,13
jpn_Jpan,41,24,51
jpn_Jpan,42,0,60
jpn_Jpan,42,1,24
jpn_Jpan,42,2,47
jpn_Jpan,42,3,13
jpn_Jpan,42,4,24
jpn_Jpan,42,5,52
jpn_Jpan,42,6,19
jpn_Jpan,42,7,13
jpn_Jpan,42,8,13
jpn_Jpan,42,9,13
jpn_Jpan,42,10,51
jpn_Jpan,42,11,42
jpn_Jpan,42,12,52
jpn_Jpan,42,13,13
jpn_Jpan,42,14,13
jpn_Jpan,42,15,19
jpn_Jpan,42,16,13
jpn_Jpan,42,17,24
jpn_Jpan,42,18,47
jpn_Jpan,42,19,13
jpn_Jpan,42,20,24
jpn_Jpan,42,21,13
jpn_Jpan,42,22,24
jpn_Jpan,42,23,13
jpn_Jpan,42,24,61
jpn_Jpan,42,25,19
jpn_Jpan,42,26,13
jpn_Jpan,42,27,24
jpn_Jpan,42,28,24
jpn_Jpan,42,29,19
jpn_Jpan,42,30,13
jpn_Jpan,42,31,52
jpn_Jpan,42,32,19
jpn_Jpan,42,33,34
jpn_Jpan,42,34,24
jpn_Jpan,42,35,13
jpn_Jpan,42,36,24
jpn_Jpan,42,37,19
jpn_Jpan,42,38,13
jpn_Jpan,42,39,51
jpn_Jpan,43,0,60
jpn_Jpan,43,1,13
jpn_Jpan,43,2,19
jpn_Jpan,43,3,13
jpn_Jpan,43,4,13
jpn_Jpan,43,5,13
jpn_Jpan,43,6,47
jpn_Jpan,43,7,13
jpn_Jpan,43,8,13
jpn_Jpan,43,9,19
jpn_Jpan,43,10,13
jpn_Jpan,43,11,19
jpn_Jpan,43,12,13
jpn_Jpan,43,13,13
jpn_Jpan,43,14,13
jpn_Jpan,43,15,19
jpn_Jpan,43,16,19
jpn_Jpan,43,17,13
jpn_Jpan,43,18,24
jpn_Jpan,43,19,13
jpn_Jpan,43,20,1
jpn_Jpan,43,21,24
jpn_Jpan,43,22,24
jpn_Jpan,43,23,24
jpn_Jpan,43,24,13
jpn_Jpan,43,25,13
jpn_Jpan,43,26,47
jpn_Jpan,43,27,13
jpn_Jpan,43,28,47
jpn_Jpan,43,29,19
jpn_Jpan,43,30,13
jpn_Jpan,43,31,13
jpn_Jpan,43,32,13
jpn_Jpan,43,33,24
jpn_Jpan,43,34,13
jpn_Jpan,43,35,34
jpn_Jpan,44,0,60
jpn_Jpan,44,1,13
jpn_Jpan,44,2,24
jpn_Jpan,44,3,13
jpn_Jpan,44,4,19
jpn_Jpan,44,5,24
jpn_Jpan,44,6,24
jpn_Jpan,44,7,47
jpn_Jpan,44,8,19
jpn_Jpan,44,9,39
jpn_Jpan,44,10,13
jpn_Jpan,44,11,19
jpn_Jpan,44,12,13
jpn_Jpan,44,13,13
jpn_Jpan,44,14,61
jpn_Jpan,44,15,24
jpn_Jpan,44,16,1
jpn_Jpan,44,17,13
jpn_Jpan,44,18,13
jpn_Jpan,44,19,13
jpn_Jpan,44,20,24
jpn_Jpan,44,21,13
jpn_Jpan,44,22,19
jpn_Jpan,44,23,13
jpn_Jpan,44,24,39
jpn_Jpan,44,25,13
jpn_Jpan,44,26,24
jpn_Jpan,44,27,13
jpn_Jpan,44,28,13
jpn_Jpan,44,29,13
jpn_Jpan,44,30,19
jpn_Jpan,44,31,13
jpn_Jpan,44,32,24
jpn_Jpan,44,33,47
jpn_Jpan,44,34,13
jpn_Jpan,44,35,34
jpn_Jpan,44,36,34
jpn_Jpan,44,37,13
jpn_Jpan,44,38,13
jpn_Jpan,44,39,34
jpn_Jpan,45,0,60
jpn_Jpan,45,1,24
jpn_Jpan,45,2,52
jpn_Jpan,45,3,37
jpn_Jpan,45,4,58
jpn_Jpan,45,5,52
jpn_Jpan,45,6,13
jpn_Jpan,45,7,52
jpn_Jpan,45,8,13
jpn_Jpan,45,9,52
jpn_Jpan,45,10,9
jpn_Jpan,45,11,19
jpn_Jpan,45,12,13
jpn_Jpan,45,13,24
jpn_Jpan,45,14,13
jpn_Jpan,45,15,13
jpn_Jpan,45,16,13
jpn_Jpan,45,17,13
jpn_Jpan,45,18,24
jpn_Jpan,45,19,47
jpn_Jpan,45,20,13
jpn_Jpan,45,21,13
jpn_Jpan,45,22,13
jpn_Jpan,45,23,34
jpn_Jpan,46,0,60
jpn_Jpan,46,1,24
jpn_Jpan,46,2,24
jpn_Jpan,46,3,61
jpn_Jpan,46,4,19
jpn_Jpan,46,5,13
jpn_Jpan,46,6,13
jpn_Jpan,46,7,61
jpn_Jpan,46,8,13
jpn_Jpan,46,9,13
jpn_Jpan,46,10,34
jpn_Jpan,46,11,13
jpn_Jpan,46,12,24
jpn_Jpan,46,13,13
jpn_Jpan,46,14,34
jpn_Jpan,46,15,24
jpn_Jpan,46,16,34
jpn_Jpan,47,0,60
jpn_Jpan,47,1,13
jpn_Jpan,47,2,19
jpn_Jpan,47,3,13
jpn_Jpan,47,4,19
jpn_Jpan,47,5,19
jpn_Jpan,47,6,13
jpn_Jpan,47,7,13
jpn_Jpan,47,8,24
jpn_Jpan,47,9,24
jpn_Jpan,47,10,19
jpn_Jpan,47,11,13
jpn_Jpan,47,12,24
jpn_Jpan,47,13,47
jpn_Jpan,47,14,19
jpn_Jpan,47,15,13
jpn_Jpan,47,16,13
jpn_Jpan,47,17,13
jpn_Jpan,47,18,13
jpn_Jpan,47,19,13
jpn_Jpan,47,20,47
jpn_Jpan,47,21,13
jpn_Jpan,47,22,61
jpn_Jpan,47,23,13
jpn_Jpan,47,24,24
jpn_Jpan,47,25,47
jpn_Jpan,47,26,13
jpn_Jpan,47,27,13
jpn_Jpan,47,28,61
jpn_Jpan,47,29,61
jpn_Jpan,47,30,19
jpn_Jpan,47,31,13
jpn_Jpan,47,32,24
jpn_Jpan,47,33,47
jpn_Jpan,47,34,13
jpn_Jpan,48,0,60
jpn_Jpan,48,1,13
jpn_Jpan,48,2,24
jpn_Jpan,48,3,47
jpn_Jpan,48,4,1
jpn_Jpan,48,5,13
jpn_Jpan,48,6,13
jpn_Jpan,48,7,19
jpn_Jpan,48,8,13
jpn_Jpan,48,9,34
jpn_Jpan,48,10,13
jpn_Jpan,48,11,24
jpn_Jpan,48,12,13
jpn_Jpan,48,13,13
jpn_Jpan,48,14,13
jpn_Jpan,48,15,13
jpn_Jpan,48,16,13
jpn_Jpan,48,17,24
jpn_Jpan,48,18,13
jpn_Jpan,48,19,13
jpn_Jpan,48,20,13
jpn_Jpan,48,21,34
jpn_Jpan,48,22,19
jpn_Jpan,48,23,13
jpn_Jpan,48,24,13
jpn_Jpan,48,25,24
jpn_Jpan,48,26,13
jpn_Jpan,48,27,13
jpn_Jpan,48,28,24
jpn_Jpan,48,29,24
jpn_Jpan,48,30,1
jpn_Jpan,48,31,13
jpn_Jpan,48,32,13
jpn_Jpan,48,33,13
jpn_Jpan,49,0,60
jpn_Jpan,49,1,36
jpn_Jpan,49,2,24
jpn_Jpan,49,3,61
jpn_Jpan,49,4,13
jpn_Jpan,49,5,24
jpn_Jpan,49,6,13
jpn_Jpan,49,7,36
jpn_Jpan,49,8,24
jpn_Jpan,49,9,24
jpn_Jpan,49,10,13
jpn_Jpan,49,11,36
jpn_Jpan,49,12,13
jpn_Jpan,49,13,13
jpn_Jpan,49,14,19
jpn_Jpan,49,15,13
jpn_Jpan,49,16,24
jpn_Jpan,49,17,19
jpn_Jpan,49,18,13
jpn_Jpan,49,19,13
jpn_Jpan,49,20,47
jpn_Jpan,49,21,13
jpn_Jpan,49,22,13
jpn_Jpan,49,23,24
jpn_Jpan,49,24,19
jpn_Jpan,49,25,13
jpn_Jpan,49,26,13
jpn_Jpan,49,27,13
jpn_Jpan,49,28,13
jpn_Jpan,49,29,54
jpn_Jpan,49,30,13
jpn_Jpan,49,31,24
jpn_Jpan,49,32,13
jpn_Jpan,49,33,13
jpn_Jpan,49,34,24
jpn_Jpan,49,35,61
jpn_Jpan,49,36,13
jpn_Jpan,49,37,34
jpn_Jpan,49,38,13
jpn_Jpan,49,39,34
jpn_Jpan,50,0,60
jpn_Jpan,50,1,19
jpn_Jpan,50,2,13
jpn_Jpan,50,3,39
jpn_Jpan,50,4,13
jpn_Jpan,50,5,39
jpn_Jpan,50,6,47
jpn_Jpan,50,7,13
jpn_Jpan,50,8,13
jpn_Jpan,50,9,13
jpn_Jpan,50,10,1
jpn_Jpan,50,11,13
jpn_Jpan,50,12,12
jpn_Jpan,50,13,22
jpn_Jpan,51,0,60
jpn_Jpan,51,1,13
jpn_Jpan,51,2,24
jpn_Jpan,51,3,13
jpn_Jpan,51,4,47
jpn_Jpan,51,5,19
jpn_Jpan,51,6,13
jpn_Jpan,51,7,19
jpn_Jpan,51,8,13
jpn_Jpan,51,9,24
jpn_Jpan,51,10,13
jpn_Jpan,51,11,13
jpn_Jpan,51,12,19
jpn_Jpan,51,13,39
jpn_Jpan,51,14,13
jpn_Jpan,51,15,13
jpn_Jpan,51,16,34
jpn_Jpan,51,17,24
jpn_Jpan,52,0,60
jpn_Jpan,52,1,13
jpn_Jpan,52,2,13
jpn_Jpan,52,3,24
jpn_Jpan,52,4,13
jpn_Jpan,52,5,36
jpn_Jpan,52,6,24
jpn_Jpan,52,7,24
jpn_Jpan,52,8,13
jpn_Jpan,52,9,34
jpn_Jpan,52,10,19
jpn_Jpan,52,11,13
jpn_Jpan,52,12,36
jpn_Jpan,52,13,36
jpn_Jpan,52,14,13
jpn_Jpan,52,15,13
jpn_Jpan,52,16,13
jpn_Jpan,52,17,13
jpn_Jpan,52,18,36
jpn_Jpan,52,19,13
jpn_Jpan,52,20,24
jpn_Jpan,52,21,13
jpn_Jpan,52,22,13
jpn_Jpan,52,23,36
jpn_Jpan,52,24,19
jpn_Jpan,52,25,13
jpn_Jpan,52,26,34
jpn_Jpan,52,27,34
jpn_Jpan,52,28,13
jpn_Jpan,52,29,13
jpn_Jpan,52,30,13
jpn_Jpan,52,31,13
jpn_Jpan,52,32,13
jpn_Jpan,52,33,13
jpn_Jpan,52,34,13
jpn_Jpan,52,35,51
jpn_Jpan,53,0,60
jpn_Jpan,53,1,13
jpn_Jpan,53,2,19
jpn_Jpan,53,3,13
jpn_Jpan,53,4,24
jpn_Jpan,53,5,19
jpn_Jpan,53,6,13
jpn_Jpan,53,7,13
jpn_Jpan,53,8,12
jpn_Jpan,53,9,13
jpn_Jpan,53,10,19
jpn_Jpan,53,11,13
jpn_Jpan,53,12,39
jpn_Jpan,53,13,13
jpn_Jpan,53,14,13
jpn_Jpan,53,15,47
jpn_Jpan,53,16,19
jpn_Jpan,53,17,19
jpn_Jpan,53,18,13
jpn_Jpan,53,19,13
jpn_Jpan,53,20,24
jpn_Jpan,53,21,13
jpn_Jpan,53,22,13
jpn_Jpan,53,23,36
jpn_Jpan,53,24,24
jpn_Jpan,53,25,47
jpn_Jpan,53,26,13
jpn_Jpan,53,27,19
jpn_Jpan,53,28,13
jpn_Jpan,54,0,60
jpn_Jpan,54,1,13
jpn_Jpan,54,2,13
jpn_Jpan,54,3,24
jpn_Jpan,54,4,19
jpn_Jpan,54,5,13
jpn_Jpan,54,6,13
jpn_Jpan,54,7,34
jpn_Jpan,54,8,13
jpn_Jpan,54,9,36
jpn_Jpan,54,10,24
jpn_Jpan,54,11,24
jpn_Jpan,54,12,13
jpn_Jpan,54,13,13
jpn_Jpan,54,14,13
jpn_Jpan,54,15,47
jpn_Jpan,54,16,47
jpn_Jpan,54,17,47
jpn_Jpan,54,18,39
jpn_Jpan,54,19,39
jpn_Jpan,54,20,13
jpn_Jpan,54,21,24
jpn_Jpan,54,22,52
jpn_Jpan,54,23,13
jpn_Jpan,54,24,47
jpn_Jpan,54,25,19
jpn_Jpan,54,26,19
jpn_Jpan,54,27,19
jpn_Jpan,54,28,34
jpn_Jpan,54,29,11
jpn_Jpan,54,30,24
jpn_Jpan,55,0,60
jpn_Jpan,55,1,13
jpn_Jpan,55,2,13
jpn_Jpan,55,3,24
jpn_Jpan,55,4,47
jpn_Jpan,55,5,13
jpn_Jpan,55,6,13
jpn_Jpan,55,7,13
jpn_Jpan,55,8,13
jpn_Jpan,55,9,34
jpn_Jpan,55,10,34
jpn_Jpan,55,11,11
jpn_Jpan,56,0,60
jpn_Jpan,56,1,22
jpn_Jpan,56,2,39
jpn_Jpan,56,3,22
jpn_Jpan,56,4,9
jpn_Jpan,56,5,24
jpn_Jpan,56,6,13
jpn_Jpan,56,7,24
jpn_Jpan,56,8,52
jpn_Jpan,57,0,60
jpn_Jpan,57,1,13
jpn_Jpan,57,2,13
jpn_Jpan,57,3,19
jpn_Jpan,57,4,13
jpn_Jpan,57,5,13
jpn_Jpan,57,6,36
jpn_Jpan,57,7,13
jpn_Jpan,57,8,13
jpn_Jpan,57,9,24
jpn_Jpan,57,10,36
jpn_Jpan,57,11,24
jpn_Jpan,57,12,13
jpn_Jpan,57,13,19
jpn_Jpan,57,14,13
jpn_Jpan,57,15,13
jpn_Jpan,57,16,24
jpn_Jpan,57,17,1
jpn_Jpan,57,18,19
jpn_Jpan,57,19,13
jpn_Jpan,57,20,19
jpn_Jpan,57,21,13
jpn_Jpan,57,22,13
jpn_Jpan,57,23,34
jpn_Jpan,57,24,13
jpn_Jpan,57,25,51
jpn_Jpan,57,26,13
jpn_Jpan,57,27,13
jpn_Jpan,57,28,34
jpn_Jpan,57,29,51
jpn_Jpan,57,30,51
jpn_Jpan,58,0,60
jpn_Jpan,58,1,13
jpn_Jpan,58,2,13
jpn_Jpan,58,3,24
jpn_Jpan,58,4,36
jpn_Jpan,58,5,19
jpn_Jpan,58,6,13
jpn_Jpan,58,7,34
jpn_Jpan,58,8,13
jpn_Jpan,58,9,13
jpn_Jpan,58,10,36
jpn_Jpan,58,11,24
jpn_Jpan,58,12,13
jpn_Jpan,58,13,13
jpn_Jpan,58,14,13
jpn_Jpan,58,15,61
jpn_Jpan,58,16,34
jpn_Jpan,58,17,13
jpn_Jpan,58,18,24
jpn_Jpan,58,19,52
jpn_Jpan,58,20,19
jpn_Jpan,58,21,13
jpn_Jpan,58,22,13
jpn_Jpan,58,23,13
jpn_Jpan,58,24,19
jpn_Jpan,58,25,13
jpn_Jpan,58,26,13
jpn_Jpan,58,27,24
jpn_Jpan,58,28,24
jpn_Jpan,58,29,24
jpn_Jpan,58,30,13
jpn_Jpan,58,31,61
jpn_Jpan,58,32,13
jpn_Jpan,58,33,34
jpn_Jpan,58,34,13
jpn_Jpan,58,35,13
jpn_Jpan,58,36,36
jpn_Jpan,58,37,34
jpn_Jpan,59,0,60
jpn_Jpan,59,1,13
jpn_Jpan,59,2,24
jpn_Jpan,59,3,19
jpn_Jpan,59,4,13
jpn_Jpan,59,5,13
jpn_Jpan,59,6,13
jpn_Jpan,59,7,13
jpn_Jpan,59,8,47
jpn_Jpan,59,9,13
jpn_Jpan,60,0,60
jpn_Jpan,60,1,13
jpn_Jpan,60,2,13
jpn_Jpan,60,3,36
jpn_Jpan,60,4,36
jpn_Jpan,60,5,36
jpn_Jpan,60,6,36
jpn_Jpan,60,7,19
jpn_Jpan,60,8,13
jpn_Jpan,60,9,13
jpn_Jpan,60,10,13
jpn_Jpan,60,11,24
jpn_Jpan,60,12,13
jpn_Jpan,60,13,19
jpn_Jpan,60,14,13
jpn_Jpan,60,15,13
jpn_Jpan,60,16,13
jpn_Jpan,60,17,13
jpn_Jpan,60,18,34
jpn_Jpan,60,19,13
jpn_Jpan,60,20,34
jpn_Jpan,61,0,60
jpn_Jpan,61,1,13
jpn_Jpan,61,2,9
jpn_Jpan,61,3,13
jpn_Jpan,61,4,47
jpn_Jpan,61,5,13
jpn_Jpan,61,6,7
jpn_Jpan,61,7,9
jpn_Jpan,61,8,9
jpn_Jpan,61,9,24
jpn_Jpan,61,10,61
jpn_Jpan,61,11,39
jpn_Jpan,61,12,61
jpn_Jpan,61,13,61
jpn_Jpan,61,14,13
jpn_Jpan,62,0,60
jpn_Jpan,62,1,7
jpn_Jpan,62,2,7
jpn_Jpan,62,3,61
jpn_Jpan,62,4,61
jpn_Jpan,63,0,60
jpn_Jpan,63,1,13
jpn_Jpan,63,2,13
jpn_Jpan,63,3,24
jpn_Jpan,63,4,19
jpn_Jpan,63,5,13
jpn_Jpan,63,6,19
jpn_Jpan,63,7,34
jpn_Jpan,63,8,13
jpn_Jpan,63,9,13
jpn_Jpan,63,10,13
jpn_Jpan,63,11,13
jpn_Jpan,63,12,24
jpn_Jpan,63,13,13
jpn_Jpan,63,14,13
jpn_Jpan,63,15,13
jpn_Jpan,63,16,13
jpn_Jpan,63,17,24
jpn_Jpan,63,18,13
jpn_Jpan,63,19,13
jpn_Jpan,63,20,24
jpn_Jpan,63,21,13
jpn_Jpan,63,22,13
jpn_Jpan,63,23,24
jpn_Jpan,63,24,13
jpn_Jpan,63,25,34
jpn_Jpan,63,26,13
jpn_Jpan,63,27,19
jpn_Jpan,63,28,13
jpn_Jpan,63,29,51
jpn_Jpan,64,0,60
jpn_Jpan,64,1,19
jpn_Jpan,64,2,13
jpn_Jpan,64,3,13
jpn_Jpan,64,4,13
jpn_Jpan,64,5,19
jpn_Jpan,64,6,13
jpn_Jpan,64,7,47
jpn_Jpan,64,8,19
jpn_Jpan,64,9,13
jpn_Jpan,64,10,13
jpn_Jpan,64,11,24
jpn_Jpan,64,12,13
jpn_Jpan,64,13,13
jpn_Jpan,64,14,13
jpn_Jpan,64,15,13
jpn_Jpan,64,16,34
jpn_Jpan,64,17,13
jpn_Jpan,64,18,13
jpn_Jpan,64,19,13
jpn_Jpan,64,20,47
jpn_Jpan,64,21,13
jpn_Jpan,64,22,24
jpn_Jpan,64,23,13
jpn_Jpan,64,24,13
jpn_Jpan,65,0,60
jpn_Jpan,65,1,13
jpn_Jpan,65,2,13
jpn_Jpan,65,3,13
jpn_Jpan,65,4,13
jpn_Jpan,65,5,24
jpn_Jpan,65,6,19
jpn_Jpan,65,7,13
jpn_Jpan,65,8,13
jpn_Jpan,65,9,13
jpn_Jpan,65,10,24
jpn_Jpan,65,11,52
jpn_Jpan,65,12,24
jpn_Jpan,65,13,19
jpn_Jpan,65,14,13
jpn_Jpan,65,15,47
jpn_Jpan,65,16,13
jpn_Jpan,65,17,24
jpn_Jpan,65,18,61
jpn_Jpan,65,19,13
jpn_Jpan,65,20,19
jpn_Jpan,65,21,34
jpn_Jpan,65,22,13
jpn_Jpan,65,23,36
jpn_Jpan,65,24,24
jpn_Jpan,65,25,19
jpn_Jpan,65,26,13
jpn_Jpan,65,27,24
jpn_Jpan,65,28,13
jpn_Jpan,65,29,24
jpn_Jpan,65,30,13
jpn_Jpan,65,31,13
jpn_Jpan,65,32,24
jpn_Jpan,65,33,24
jpn_Jpan,65,34,13
jpn_Jpan,65,35,24
jpn_Jpan,65,36,13
jpn_Jpan,65,37,34
jpn_Jpan,66,0,60
jpn_Jpan,66,1,19
jpn_Jpan,66,2,13
jpn_Jpan,66,3,19
jpn_Jpan,66,4,52
jpn_Jpan,66,5,24
jpn_Jpan,66,6,19
jpn_Jpan,66,7,13
jpn_Jpan,66,8,24
jpn_Jpan,66,9,52
jpn_Jpan,66,10,1
jpn_Jpan,66,11,13
jpn_Jpan,66,12,24
jpn_Jpan,66,13,24
jpn_Jpan,66,14,13
jpn_Jpan,66,15,19
jpn_Jpan,66,16,34
jpn_Jpan,66,17,13
jpn_Jpan,66,18,13
jpn_Jpan,66,19,13
jpn_Jpan,66,20,36
jpn_Jpan,66,21,24
jpn_Jpan,66,22,47
jpn_Jpan,66,23,13
jpn_Jpan,66,24,13
jpn_Jpan,66,25,13
jpn_Jpan,66,26,13
jpn_Jpan,66,27,13
jpn_Jpan,66,28,24
jpn_Jpan,66,29,52
jpn_Jpan,66,30,13
jpn_Jpan,66,31,24
jpn_Jpan,66,32,13
jpn_Jpan,66,33,13
jpn_Jpan,66,34,13
jpn_Jpan,66,35,13
jpn_Jpan,66,36,13
jpn_Jpan,66,37,13
jpn_Jpan,67,0,60
jpn_Jpan,67,1,13
jpn_Jpan,67,2,13
jpn_Jpan,67,3,13
jpn_Jpan,67,4,61
jpn_Jpan,67,5,13
jpn_Jpan,67,6,24
jpn_Jpan,67,7,24
jpn_Jpan,67,8,47
jpn_Jpan,67,9,13
jpn_Jpan,67,10,19
jpn_Jpan,67,11,13
jpn_Jpan,67,12,19
jpn_Jpan,67,13,13
jpn_Jpan,67,14,19
jpn_Jpan,67,15,13
jpn_Jpan,67,16,24
jpn_Jpan,67,17,13
jpn_Jpan,67,18,11
jpn_Jpan,67,19,13
jpn_Jpan,67,20,19
jpn_Jpan,67,21,13
jpn_Jpan,67,22,36
jpn_Jpan,67,23,13
jpn_Jpan,67,24,24
jpn_Jpan,67,25,13
jpn_Jpan,67,26,13
jpn_Jpan,67,27,34
jpn_Jpan,67,28,40
jpn_Jpan,67,29,7
jpn_Jpan,67,30,24
jpn_Jpan,67,31,19
jpn_Jpan,67,32,13
jpn_Jpan,67,33,19
jpn_Jpan,67,34,13
jpn_Jpan,67,35,13
jpn_Jpan,68,0,60
jpn_Jpan,68,1,60
jpn_Jpan,68,2,24
jpn_Jpan,68,3,24
jpn_Jpan,68,4,13
jpn_Jpan,68,5,13
jpn_Jpan,68,6,39
jpn_Jpan,68,7,61
jpn_Jpan,68,8,13
jpn_Jpan,68,9,19
jpn_Jpan,68,10,13
jpn_Jpan,68,11,24
jpn_Jpan,68,12,47
jpn_Jpan,68,13,13
jpn_Jpan,68,14,13
jpn_Jpan,68,15,13
jpn_Jpan,68,16,51
jpn_Jpan,69,0,60
jpn_Jpan,69,1,22
jpn_Jpan,69,2,7
jpn_Jpan,69,3,24
jpn_Jpan,69,4,13
jpn_Jpan,69,5,13
jpn_Jpan,69,6,13
jpn_Jpan,69,7,61
jpn_Jpan,69,8,29
jpn_Jpan,69,9,47
jpn_Jpan,69,10,13
jpn_Jpan,70,0,60
jpn_Jpan,70,1,36
jpn_Jpan,70,2,36
jpn_Jpan,70,3,13
jpn_Jpan,70,4,13
jpn_Jpan,70,5,36
jpn_Jpan,70,6,36
jpn_Jpan,70,7,13
jpn_Jpan,70,8,13
jpn_Jpan,70,9,36
jpn_Jpan,70,10,13
jpn_Jpan,70,11,34
jpn_Jpan,70,12,13
jpn_Jpan,70,13,13
jpn_Jpan,70,14,36
jpn_Jpan,70,15,24
jpn_Jpan,70,16,39
jpn_Jpan,70,17,36
jpn_Jpan,70,18,13
jpn_Jpan,70,19,47
jpn_Jpan,70,20,19
jpn_Jpan,70,21,36
jpn_Jpan,70,22,36
jpn_Jpan,70,23,13
jpn_Jpan,70,24,36
jpn_Jpan,70,25,24
jpn_Jpan,70,26,19
jpn_Jpan,70,27,13
jpn_Jpan,70,28,13
jpn_Jpan,70,29,34
jpn_Jpan,70,30,24
jpn_Jpan,70,31,19
jpn_Jpan,70,32,13
jpn_Jpan,70,33,13
jpn_Jpan,70,34,24
jpn_Jpan,70,35,13
jpn_Jpan,70,36,34
jpn_Jpan,70,37,34
jpn_Jpan,70,38,34
jpn_Jpan,71,0,60
jpn_Jpan,71,1,13
jpn_Jpan,71,2,12
jpn_Jpan,71,3,40
jpn_Jpan,71,4,24
jpn_Jpan,71,5,1
jpn_Jpan,71,6,13
jpn_Jpan,71,7,19
jpn_Jpan,71,8,39
jpn_Jpan,71,9,13
jpn_Jpan,71,10,13
jpn_Jpan,71,11,36
jpn_Jpan,71,12,24
jpn_Jpan,71,13,13
jpn_Jpan,71,14,36
jpn_Jpan,71,15,36
jpn_Jpan,71,16,37
jpn_Jpan,71,17,36
jpn_Jpan,71,18,52
jpn_Jpan,71,19,13
jpn_Jpan,71,20,24
jpn_Jpan,71,21,13
jpn_Jpan,71,22,34
jpn_Jpan,71,23,13
jpn_Jpan,71,24,24
jpn_Jpan,71,25,52
jpn_Jpan,71,26,1
jpn_Jpan,71,27,24
jpn_Jpan,71,28,19
jpn_Jpan,71,29,13
jpn_Jpan,71,30,13
jpn_Jpan,71,31,13
jpn_Jpan,71,32,47
jpn_Jpan,71,33,34
jpn_Jpan,71,34,34
jpn_Jpan,72,0,60
jpn_Jpan,72,1,13
jpn_Jpan,72,2,13
jpn_Jpan,72,3,19
jpn_Jpan,72,4,13
jpn_Jpan,72,5,24
jpn_Jpan,72,6,13
jpn_Jpan,72,7,19
jpn_Jpan,72,8,13
jpn_Jpan,72,9,34
jpn_Jpan,72,10,34
jpn_Jpan,72,11,13
jpn_Jpan,72,12,1
jpn_Jpan,72,13,13
jpn_Jpan,72,14,19
jpn_Jpan,72,15,34
jpn_Jpan,72,16,13
jpn_Jpan,72,17,13
jpn_Jpan,72,18,34
jpn_Jpan,72,19,13
jpn_Jpan,72,20,34
jpn_Jpan,72,21,39
jpn_Jpan,72,22,13
jpn_Jpan,72,23,34
jpn_Jpan,72,24,24
jpn_Jpan,72,25,24
jpn_Jpan,72,26,13
jpn_Jpan,72,27,13
jpn_Jpan,72,28,34
jpn_Jpan,72,29,61
jpn_Jpan,72,30,13
jpn_Jpan,72,31,13
jpn_Jpan,72,32,13
jpn_Jpan,72,33,24
jpn_Jpan,72,34,13
jpn_Jpan,72,35,13
jpn_Jpan,72,36,13
jpn_Jpan,72,37,34
jpn_Jpan,73,0,60
jpn_Jpan,73,1,19
jpn_Jpan,73,2,13
jpn_Jpan,73,3,13
jpn_Jpan,73,4,24
jpn_Jpan,73,5,19
jpn_Jpan,73,6,13
jpn_Jpan,73,7,34
jpn_Jpan,73,8,19
jpn_Jpan,73,9,13
jpn_Jpan,73,10,13
jpn_Jpan,73,11,24
jpn_Jpan,73,12,13
jpn_Jpan,73,13,13
jpn_Jpan,73,14,24
jpn_Jpan,73,15,13
jpn_Jpan,73,16,19
jpn_Jpan,73,17,13
jpn_Jpan,73,18,34
jpn_Jpan,74,0,60
jpn_Jpan,74,1,13
jpn_Jpan,74,2,39
jpn_Jpan,74,3,13
jpn_Jpan,74,4,24
jpn_Jpan,74,5,1
jpn_Jpan,74,6,13
jpn_Jpan,74,7,39
jpn_Jpan,74,8,47
jpn_Jpan,74,9,19
jpn_Jpan,74,10,19
jpn_Jpan,74,11,13
jpn_Jpan,74,12,24
jpn_Jpan,74,13,61
jpn_Jpan,74,14,19
jpn_Jpan,74,15,19
jpn_Jpan,74,16,13
jpn_Jpan,74,17,13
jpn_Jpan,74,18,24
jpn_Jpan,74,19,24
jpn_Jpan,74,20,47
jpn_Jpan,74,21,47
jpn_Jpan,74,22,13
jpn_Jpan,74,23,13
jpn_Jpan,74,24,47
jpn_Jpan,74,25,19
jpn_Jpan,74,26,13
jpn_Jpan,74,27,13
jpn_Jpan,74,28,19
jpn_Jpan,74,29,13
jpn_Jpan,74,30,13
jpn_Jpan,74,31,19
jpn_Jpan,74,32,13
jpn_Jpan,74,33,13
jpn_Jpan,74,34,24
jpn_Jpan,74,35,47
jpn_Jpan,74,36,13
jpn_Jpan,74,37,13
jpn_Jpan,74,38,34
jpn_Jpan,74,39,13
jpn_Jpan,74,40,13
jpn_Jpan,74,41,34
jpn_Jpan,74,42,34
jpn_Jpan,75,0,60
jpn_Jpan,75,1,13
jpn_Jpan,75,2,13
jpn_Jpan,75,3,13
jpn_Jpan,75,4,24
jpn_Jpan,75,5,47
jpn_Jpan,75,6,13
jpn_Jpan,75,7,47
jpn_Jpan,75,8,34
jpn_Jpan,75,9,13
jpn_Jpan,75,10,13
jpn_Jpan,75,11,34
jpn_Jpan,75,12,24
jpn_Jpan,75,13,13
jpn_Jpan,75,14,13
jpn_Jpan,75,15,13
jpn_Jpan,75,16,13
jpn_Jpan,75,17,13
jpn_Jpan,75,18,13
jpn_Jpan,75,19,39
jpn_Jpan,75,20,13
jpn_Jpan,75,21,13
jpn_Jpan,75,22,13
jpn_Jpan,75,23,47
jpn_Jpan,75,24,13
jpn_Jpan,75,25,34
jpn_Jpan,75,26,19
jpn_Jpan,75,27,13
jpn_Jpan,75,28,34
jpn_Jpan,76,0,60
jpn_Jpan,76,1,13
jpn_Jpan,76,2,36
jpn_Jpan,76,3,47
jpn_Jpan,76,4,13
jpn_Jpan,76,5,13
jpn_Jpan,76,6,19
jpn_Jpan,76,7,13
jpn_Jpan,76,8,9
jpn_Jpan,76,9,11
jpn_Jpan,76,10,52
jpn_Jpan,76,11,1
jpn_Jpan,76,12,52
jpn_Jpan,76,13,1
jpn_Jpan,76,14,52
jpn_Jpan,76,15,36
jpn_Jpan,76,16,52
jpn_Jpan,76,17,13
jpn_Jpan,76,18,52
jpn_Jpan,76,19,12
jpn_Jpan,76,20,11
jpn_Jpan,76,21,13
jpn_Jpan,76,22,1
jpn_Jpan,76,23,39
jpn_Jpan,76,24,39
jpn_Jpan,76,25,13
jpn_Jpan,76,26,13
jpn_Jpan,76,27,13
jpn_Jpan,76,28,13
jpn_Jpan,77,0,60
jpn_Jpan,77,1,13
jpn_Jpan,77,2,13
jpn_Jpan,77,3,13
jpn_Jpan,77,4,12
jpn_Jpan,77,5,13
jpn_Jpan,77,6,13
jpn_Jpan,77,7,13
jpn_Jpan,77,8,39
jpn_Jpan,77,9,51
jpn_Jpan,78,0,60
jpn_Jpan,78,1,36
jpn_Jpan,78,2,24
jpn_Jpan,78,3,36
jpn_Jpan,78,4,24
jpn_Jpan,78,5,13
jpn_Jpan,78,6,13
jpn_Jpan,78,7,13
jpn_Jpan,78,8,34
jpn_Jpan,79,0,60
jpn_Jpan,79,1,13
jpn_Jpan,79,2,19
jpn_Jpan,79,3,13
jpn_Jpan,79,4,24
jpn_Jpan,79,5,19
jpn_Jpan,79,6,13
jpn_Jpan,79,7,13
jpn_Jpan,79,8,36
jpn_Jpan,79,9,24
jpn_Jpan,79,10,19
jpn_Jpan,79,11,36
jpn_Jpan,79,12,19
jpn_Jpan,79,13,19
jpn_Jpan,79,14,13
jpn_Jpan,79,15,36
jpn_Jpan,79,16,36
jpn_Jpan,79,17,19
jpn_Jpan,79,18,13
jpn_Jpan,79,19,19
jpn_Jpan,79,20,13
jpn_Jpan,79,21,13
jpn_Jpan,79,22,13
jpn_Jpan,79,23,13
jpn_Jpan,79,24,13
jpn_Jpan,79,25,24
jpn_Jpan,79,26,47
jpn_Jpan,79,27,13
jpn_Jpan,79,28,19
jpn_Jpan,79,29,13
jpn_Jpan,79,30,24
jpn_Jpan,79,31,13
jpn_Jpan,79,32,13
jpn_Jpan,79,33,13
jpn_Jpan,79,34,13
jpn_Jpan,79,35,13
jpn_Jpan,79,36,13
jpn_Jpan,79,37,34
jpn_Jpan,80,0,60
jpn_Jpan,80,1,13
jpn_Jpan,80,2,13
jpn_Jpan,80,3,13
jpn_Jpan,80,4,13
jpn_Jpan,80,5,13
jpn_Jpan,80,6,13
jpn_Jpan,80,7,13
jpn_Jpan,80,8,19
jpn_Jpan,80,9,13
jpn_Jpan,80,10,13
jpn_Jpan,80,11,13
jpn_Jpan,80,12,34
jpn_Jpan,80,13,24
jpn_Jpan,80,14,24
jpn_Jpan,80,15,13
jpn_Jpan,80,16,47
jpn_Jpan,80,17,36
jpn_Jpan,80,18,24
jpn_Jpan,80,19,47
jpn_Jpan,80,20,13
jpn_Jpan,80,21,34
jpn_Jpan,80,22,24
jpn_Jpan,80,23,13
jpn_Jpan,80,24,13
jpn_Jpan,80,25,24
jpn_Jpan,80,26,34
jpn_Jpan,80,27,13
jpn_Jpan,80,28,34
jpn_Jpan,80,29,13
jpn_Jpan,80,30,19
jpn_Jpan,80,31,13
jpn_Jpan,80,32,13
jpn_Jpan,80,33,13
jpn_Jpan,80,34,13
jpn_Jpan,80,35,13
jpn_Jpan,80,36,34
jpn_Jpan,81,0,60
jpn_Jpan,81,1,19
jpn_Jpan,81,2,13
jpn_Jpan,81,3,13
jpn_Jpan,81,4,24
jpn_Jpan,81,5,24
jpn_Jpan,81,6,19
jpn_Jpan,81,7,13
jpn_Jpan,81,8,7
jpn_Jpan,81,9,13
jpn_Jpan,81,10,34
jpn_Jpan,81,11,9
jpn_Jpan,81,12,52
jpn_Jpan,81,13,61
jpn_Jpan,81,14,13
jpn_Jpan,81,15,13
jpn_Jpan,81,16,24
jpn_Jpan,81,17,13
jpn_Jpan,81,18,47
jpn_Jpan,81,19,1
jpn_Jpan,81,20,52
jpn_Jpan,81,21,47
jpn_Jpan,81,22,39
jpn_Jpan,81,23,24
jpn_Jpan,81,24,19
jpn_Jpan,81,25,19
jpn_Jpan,81,26,13
jpn_Jpan,81,27,47
jpn_Jpan,81,28,13
jpn_Jpan,81,29,19
jpn_Jpan,81,30,13
jpn_Jpan,81,31,24
jpn_Jpan,81,32,13
jpn_Jpan,81,33,13
jpn_Jpan,81,34,47
jpn_Jpan,81,35,47
jpn_Jpan,81,36,13
jpn_Jpan,81,37,24
jpn_Jpan,81,38,19
jpn_Jpan,81,39,13
jpn_Jpan,81,40,19
jpn_Jpan,81,41,34
jpn_Jpan,81,42,42
jpn_Jpan,81,43,19
jpn_Jpan,81,44,36
jpn_Jpan,81,45,47
jpn_Jpan,81,46,13
jpn_Jpan,81,47,9
jpn_Jpan,81,48,58
jpn_Jpan,81,49,12
jpn_Jpan,81,50,9
jpn_Jpan,82,0,60
jpn_Jpan,82,1,13
jpn_Jpan,82,2,47
jpn_Jpan,82,3,13
jpn_Jpan,82,4,26
jpn_Jpan,82,5,47
jpn_Jpan,82,6,13
jpn_Jpan,82,7,19
jpn_Jpan,82,8,13
jpn_Jpan,82,9,47
jpn_Jpan,82,10,13
jpn_Jpan,82,11,24
jpn_Jpan,82,12,61
jpn_Jpan,82,13,19
jpn_Jpan,82,14,19
jpn_Jpan,82,15,13
jpn_Jpan,82,16,24
jpn_Jpan,82,17,47
jpn_Jpan,82,18,13
jpn_Jpan,82,19,13
jpn_Jpan,82,20,34
jpn_Jpan,82,21,13
jpn_Jpan,82,22,24
jpn_Jpan,82,23,13
jpn_Jpan,82,24,52
jpn_Jpan,82,25,61
jpn_Jpan,82,26,13
jpn_Jpan,83,0,60
jpn_Jpan,83,1,13
jpn_Jpan,83,2,13
jpn_Jpan,83,3,13
jpn_Jpan,83,4,52
jpn_Jpan,83,5,13
jpn_Jpan,83,6,12
jpn_Jpan,83,7,52
jpn_Jpan,83,8,47
jpn_Jpan,83,9,36
jpn_Jpan,83,10,24
jpn_Jpan,83,11,47
jpn_Jpan,83,12,13
jpn_Jpan,83,13,34
jpn_Jpan,83,14,13
jpn_Jpan,83,15,13
jpn_Jpan,83,16,36
jpn_Jpan,83,17,13
jpn_Jpan,83,18,13
jpn_Jpan,84,0,60
jpn_Jpan,84,1,13
jpn_Jpan,84,2,13
jpn_Jpan,84,3,13
jpn_Jpan,84,4,13
jpn_Jpan,84,5,47
jpn_Jpan,84,6,13
jpn_Jpan,84,7,13
jpn_Jpan,84,8,19
jpn_Jpan,84,9,34
jpn_Jpan,84,10,13
jpn_Jpan,84,11,13
jpn_Jpan,84,12,61
jpn_Jpan,84,13,13
jpn_Jpan,84,14,13
jpn_Jpan,84,15,24
jpn_Jpan,84,16,24
jpn_Jpan,84,17,47
jpn_Jpan,84,18,13
jpn_Jpan,84,19,13
jpn_Jpan,84,20,13
jpn_Jpan,84,21,19
jpn_Jpan,84,22,13
jpn_Jpan,84,23,19
jpn_Jpan,84,24,13
jpn_Jpan,84,25,13
jpn_Jpan,84,26,1
jpn_Jpan,84,27,52
jpn_Jpan,84,28,52
jpn_Jpan,84,29,52
jpn_Jpan,84,30,19
jpn_Jpan,84,31,13
jpn_Jpan,84,32,13
jpn_Jpan,84,33,13
jpn_Jpan,85,0,60
jpn_Jpan,85,1,24
jpn_Jpan,85,2,13
jpn_Jpan,85,3,19
jpn_Jpan,85,4,19
jpn_Jpan,85,5,34
jpn_Jpan,85,6,34
jpn_Jpan,85,7,13
jpn_Jpan,85,8,13
jpn_Jpan,85,9,13
jpn_Jpan,85,10,19
jpn_Jpan,85,11,13
jpn_Jpan,85,12,36
jpn_Jpan,85,13,36
jpn_Jpan,85,14,61
jpn_Jpan,85,15,13
jpn_Jpan,85,16,13
jpn_Jpan,85,17,61
jpn_Jpan,85,18,13
jpn_Jpan,85,19,24
jpn_Jpan,85,20,61
jpn_Jpan,85,21,19
jpn_Jpan,85,22,36
jpn_Jpan,85,23,36
jpn_Jpan,85,24,24
jpn_Jpan,85,25,19
jpn_Jpan,85,26,13
jpn_Jpan,85,27,19
jpn_Jpan,85,28,13
jpn_Jpan,85,29,13
jpn_Jpan,85,30,13
jpn_Jpan,85,31,47
jpn_Jpan,85,32,13
jpn_Jpan,85,33,13
jpn_Jpan,85,34,13
jpn_Jpan,85,35,61
jpn_Jpan,85,36,19
jpn_Jpan,85,37,36
jpn_Jpan,85,38,24
jpn_Jpan,85,39,13
jpn_Jpan,85,40,34
jpn_Jpan,85,41,13
jpn_Jpan,85,42,34
jpn_Jpan,85,43,24
jpn_Jpan,85,44,34
jpn_Jpan,86,0,60
jpn_Jpan,86,1,47
jpn_Jpan,86,2,47
jpn_Jpan,86,3,19
jpn_Jpan,86,4,13
jpn_Jpan,86,5,47
jpn_Jpan,86,6,47
jpn_Jpan,86,7,39
jpn_Jpan,86,8,39
jpn_Jpan,86,9,13
jpn_Jpan,86,10,13
jpn_Jpan,86,11,61
jpn_Jpan,86,12,13
jpn_Jpan,86,13,61
jpn_Jpan,86,14,13
jpn_Jpan,86,15,24
jpn_Jpan,86,16,24
jpn_Jpan,86,17,19
jpn_Jpan,86,18,13
jpn_Jpan,86,19,61
jpn_Jpan,86,20,36
jpn_Jpan,86,21,52
jpn_Jpan,86,22,12
jpn_Jpan,86,23,52
jpn_Jpan,86,24,47
jpn_Jpan,86,25,13
jpn_Jpan,86,26,13
jpn_Jpan,86,27,61
jpn_Jpan,86,28,13
jpn_Jpan,86,29,34
jpn_Jpan,87,0,60
jpn_Jpan,87,1,11
jpn_Jpan,87,2,19
jpn_Jpan,87,3,13
jpn_Jpan,87,4,13
jpn_Jpan,87,5,13
jpn_Jpan,87,6,24
jpn_Jpan,87,7,47
jpn_Jpan,87,8,19
jpn_Jpan,87,9,13
jpn_Jpan,87,10,13
jpn_Jpan,87,11,19
jpn_Jpan,87,12,13
jpn_Jpan,87,13,19
jpn_Jpan,87,14,34
jpn_Jpan,87,15,12
jpn_Jpan,87,16,19
jpn_Jpan,87,17,36
jpn_Jpan,87,18,51
jpn_Jpan,87,19,24
jpn_Jpan,87,20,19
jpn_Jpan,87,21,13
jpn_Jpan,87,22,13
jpn_Jpan,87,23,24
jpn_Jpan,87,24,47
jpn_Jpan,87,25,13
jpn_Jpan,87,26,24
jpn_Jpan,87,27,13
jpn_Jpan,87,28,19
jpn_Jpan,87,29,13
jpn_Jpan,87,30,24
jpn_Jpan,87,31,13
jpn_Jpan,87,32,13
jpn_Jpan,87,33,7
jpn_Jpan,87,34,24
jpn_Jpan,87,35,13
jpn_Jpan,87,36,13
jpn_Jpan,87,37,13
jpn_Jpan,87,38,13
jpn_Jpan,87,39,13
jpn_Jpan,87,40,34
jpn_Jpan,87,41,39
jpn_Jpan,87,42,13
jpn_Jpan,87,43,13
jpn_Jpan,87,44,51
jpn_Jpan,87,45,51
jpn_Jpan,88,0,60
jpn_Jpan,88,1,49
jpn_Jpan,88,2,24
jpn_Jpan,88,3,19
jpn_Jpan,88,4,5
jpn_Jpan,88,5,5
jpn_Jpan,88,6,39
jpn_Jpan,88,7,7
jpn_Jpan,88,8,61
jpn_Jpan,88,9,13
jpn_Jpan,88,10,13
jpn_Jpan,88,11,13
jpn_Jpan,88,12,24
jpn_Jpan,88,13,13
jpn_Jpan,88,14,19
jpn_Jpan,88,15,19
jpn_Jpan,88,16,7
jpn_Jpan,88,17,13
jpn_Jpan,88,18,13
jpn_Jpan,88,19,19
jpn_Jpan,88,20,13
jpn_Jpan,89,0,60
jpn_Jpan,89,1,13
jpn_Jpan,89,2,24
jpn_Jpan,89,3,13
jpn_Jpan,89,4,13
jpn_Jpan,89,5,24
jpn_Jpan,89,6,24
jpn_Jpan,89,7,13
jpn_Jpan,89,8,13
jpn_Jpan,89,9,13
jpn_Jpan,89,10,61
jpn_Jpan,89,11,13
jpn_Jpan,89,12,24
jpn_Jpan,89,13,24
jpn_Jpan,89,14,13
jpn_Jpan,89,15,13
jpn_Jpan,89,16,24
jpn_Jpan,89,17,19
jpn_Jpan,89,18,13
jpn_Jpan,89,19,13
jpn_Jpan,89,20,13
jpn_Jpan,89,21,13
jpn_Jpan,89,22,13
jpn_Jpan,89,23,13
jpn_Jpan,89,24,13
jpn_Jpan,89,25,34
jpn_Jpan,89,26,1
jpn_Jpan,89,27,24
jpn_Jpan,89,28,13
jpn_Jpan,89,29,34
jpn_Jpan,90,0,60
jpn_Jpan,90,1,13
jpn_Jpan,90,2,24
jpn_Jpan,90,3,13
jpn_Jpan,90,4,13
jpn_Jpan,90,5,51
jpn_Jpan,90,6,51
jpn_Jpan,90,7,13
jpn_Jpan,90,8,13
jpn_Jpan,90,9,13
jpn_Jpan,90,10,51
jpn_Jpan,90,11,13
jpn_Jpan,90,12,13
jpn_Jpan,90,13,13
jpn_Jpan,90,14,34
jpn_Jpan,90,15,51
jpn_Jpan,90,16,51
jpn_Jpan,90,17,51
jpn_Jpan,91,0,60
jpn_Jpan,91,1,13
jpn_Jpan,91,2,13
jpn_Jpan,91,3,13
jpn_Jpan,91,4,29
jpn_Jpan,91,5,47
jpn_Jpan,91,6,13
jpn_Jpan,91,7,61
jpn_Jpan,91,8,13
jpn_Jpan,91,9,13
jpn_Jpan,91,10,51
jpn_Jpan,91,11,51
jpn_Jpan,91,12,61
jpn_Jpan,91,13,13
jpn_Jpan,91,14,13
jpn_Jpan,91,15,24
jpn_Jpan,91,16,24
jpn_Jpan,91,17,61
jpn_Jpan,91,18,13
jpn_Jpan,91,19,13
jpn_Jpan,91,20,47
jpn_Jpan,91,21,13
jpn_Jpan,92,0,60
jpn_Jpan,92,1,13
jpn_Jpan,92,2,13
jpn_Jpan,92,3,13
jpn_Jpan,92,4,36
jpn_Jpan,92,5,24
jpn_Jpan,92,6,13
jpn_Jpan,92,7,36
jpn_Jpan,92,8,19
jpn_Jpan,92,9,13
jpn_Jpan,92,10,19
jpn_Jpan,92,11,36
jpn_Jpan,92,12,13
jpn_Jpan,92,13,19
jpn_Jpan,92,14,36
jpn_Jpan,92,15,36
jpn_Jpan,92,16,13
jpn_Jpan,92,17,24
jpn_Jpan,92,18,13
jpn_Jpan,92,19,36
jpn_Jpan,92,20,24
jpn_Jpan,92,21,29
jpn_Jpan,92,22,34
jpn_Jpan,92,23,6
jpn_Jpan,92,24,36
jpn_Jpan,92,25,6
jpn_Jpan,92,26,13
jpn_Jpan,92,27,13
jpn_Jpan,92,28,36
jpn_Jpan,92,29,36
jpn_Jpan,92,30,34
jpn_Jpan,93,0,60
jpn_Jpan,93,1,13
jpn_Jpan,93,2,13
jpn_Jpan,93,3,24
jpn_Jpan,93,4,52
jpn_Jpan,93,5,52
jpn_Jpan,93,6,19
jpn_Jpan,93,7,34
jpn_Jpan,93,8,11
jpn_Jpan,93,9,19
jpn_Jpan,93,10,13
jpn_Jpan,93,11,47
jpn_Jpan,93,12,7
jpn_Jpan,93,13,11
jpn_Jpan,93,14,13
jpn_Jpan,93,15,13
jpn_Jpan,93,16,19
jpn_Jpan,93,17,34
jpn_Jpan,93,18,47
jpn_Jpan,93,19,13
jpn_Jpan,93,20,12
jpn_Jpan,93,21,13
jpn_Jpan,93,22,52
jpn_Jpan,93,23,19
jpn_Jpan,93,24,13
jpn_Jpan,93,25,19
jpn_Jpan,93,26,7
jpn_Jpan,93,27,13
jpn_Jpan,93,28,36
jpn_Jpan,93,29,34
jpn_Jpan,94,0,60
jpn_Jpan,94,1,13
jpn_Jpan,94,2,13
jpn_Jpan,94,3,13
jpn_Jpan,94,4,47
jpn_Jpan,94,5,13
jpn_Jpan,94,6,7
jpn_Jpan,94,7,7
jpn_Jpan,94,8,13
jpn_Jpan,94,9,13
jpn_Jpan,94,10,19
jpn_Jpan,94,11,13
jpn_Jpan,94,12,36
jpn_Jpan,94,13,24
jpn_Jpan,94,14,13
jpn_Jpan,94,15,9
jpn_Jpan,94,16,7
jpn_Jpan,94,17,24
jpn_Jpan,94,18,47
jpn_Jpan,94,19,47
jpn_Jpan,94,20,13
jpn_Jpan,94,21,24
jpn_Jpan,94,22,13
jpn_Jpan,94,23,13
jpn_Jpan,94,24,13
jpn_Jpan,94,25,19
jpn_Jpan,94,26,13
jpn_Jpan,94,27,24
jpn_Jpan,94,28,24
jpn_Jpan,94,29,13
jpn_Jpan,94,30,24
jpn_Jpan,94,31,13
jpn_Jpan,94,32,13
jpn_Jpan,94,33,34
jpn_Jpan,95,0,60
jpn_Jpan,95,1,13
jpn_Jpan,95,2,13
jpn_Jpan,95,3,19
jpn_Jpan,95,4,13
jpn_Jpan,95,5,13
jpn_Jpan,95,6,13
jpn_Jpan,95,7,36
jpn_Jpan,95,8,24
jpn_Jpan,95,9,47
jpn_Jpan,95,10,52
jpn_Jpan,95,11,36
jpn_Jpan,95,12,13
jpn_Jpan,95,13,34
jpn_Jpan,95,14,13
jpn_Jpan,95,15,34
jpn_Jpan,95,16,34
jpn_Jpan,95,17,24
jpn_Jpan,95,18,24
jpn_Jpan,95,19,47
jpn_Jpan,95,20,13
jpn_Jpan,95,21,19
jpn_Jpan,95,22,13
jpn_Jpan,95,23,61
jpn_Jpan,95,24,13
jpn_Jpan,95,25,13
jpn_Jpan,95,26,24
jpn_Jpan,95,27,24
jpn_Jpan,95,28,24
jpn_Jpan,95,29,24
jpn_Jpan,95,30,19
jpn_Jpan,95,31,13
jpn_Jpan,95,32,13
jpn_Jpan,95,33,19
jpn_Jpan,95,34,13
jpn_Jpan,95,35,13
jpn_Jpan,95,36,24
jpn_Jpan,95,37,19
jpn_Jpan,95,38,13
jpn_Jpan,95,39,24
jpn_Jpan,95,40,19
jpn_Jpan,95,41,13
jpn_Jpan,95,42,13
jpn_Jpan,95,43,13
jpn_Jpan,95,44,34
jpn_Jpan,95,45,13
jpn_Jpan,95,46,24
jpn_Jpan,95,47,13
jpn_Jpan,95,48,19
jpn_Jpan,95,49,24
jpn_Jpan,95,50,34
jpn_Jpan,96,0,60
jpn_Jpan,96,1,13
jpn_Jpan,96,2,13
jpn_Jpan,96,3,19
jpn_Jpan,96,4,13
jpn_Jpan,96,5,13
jpn_Jpan,96,6,13
jpn_Jpan,96,7,7
jpn_Jpan,96,8,47
jpn_Jpan,96,9,61
jpn_Jpan,96,10,13
jpn_Jpan,96,11,7
jpn_Jpan,96,12,13
jpn_Jpan,96,13,1
jpn_Jpan,96,14,52
jpn_Jpan,96,15,13
jpn_Jpan,96,16,12
jpn_Jpan,96,17,52
jpn_Jpan,96,18,1
jpn_Jpan,96,19,52
jpn_Jpan,96,20,13
jpn_Jpan,96,21,1
jpn_Jpan,96,22,13
jpn_Jpan,96,23,47
jpn_Jpan,96,24,34
jpn_Jpan,97,0,60
jpn_Jpan,97,1,13
jpn_Jpan,97,2,24
jpn_Jpan,97,3,24
jpn_Jpan,97,4,24
jpn_Jpan,97,5,61
jpn_Jpan,97,6,13
jpn_Jpan,97,7,13
jpn_Jpan,97,8,61
jpn_Jpan,97,9,13
jpn_Jpan,97,10,47
jpn_Jpan,97,11,19
jpn_Jpan,97,12,13
jpn_Jpan,97,13,47
jpn_Jpan,97,14,13
jpn_Jpan,97,15,13
jpn_Jpan,97,16,24
jpn_Jpan,97,17,13
jpn_Jpan,97,18,13
jpn_Jpan,97,19,39
jpn_Jpan,97,20,13
jpn_Jpan,97,21,24
jpn_Jpan,97,22,13
jpn_Jpan,97,23,19
jpn_Jpan,97,24,19
jpn_Jpan,97,25,13
jpn_Jpan,97,26,24
jpn_Jpan,97,27,13
jpn_Jpan,97,28,34
jpn_Jpan,97,29,13
jpn_Jpan,97,30,34
jpn_Jpan,98,0,60
jpn_Jpan,98,1,13
jpn_Jpan,98,2,13
jpn_Jpan,98,3,19
jpn_Jpan,98,4,39
jpn_Jpan,98,5,24
jpn_Jpan,98,6,19
jpn_Jpan,98,7,13
jpn_Jpan,98,8,24
jpn_Jpan,98,9,13
jpn_Jpan,98,10,13
jpn_Jpan,98,11,19
jpn_Jpan,98,12,13
jpn_Jpan,98,13,39
jpn_Jpan,98,14,13
jpn_Jpan,98,15,13
jpn_Jpan,98,16,24
jpn_Jpan,98,17,47
jpn_Jpan,98,18,13
jpn_Jpan,98,19,13
jpn_Jpan,98,20,13
jpn_Jpan,98,21,13
jpn_Jpan,98,22,34
jpn_Jpan,98,23,13
jpn_Jpan,98,24,61
jpn_Jpan,98,25,13
jpn_Jpan,98,26,13
jpn_Jpan,98,27,51
jpn_Jpan,98,28,13
jpn_Jpan,98,29,13
jpn_Jpan,98,30,34
jpn_Jpan,98,31,13
jpn_Jpan,98,32,51
jpn_Jpan,99,0,60
jpn_Jpan,99,1,60
jpn_Jpan,99,2,36
jpn_Jpan,99,3,13
jpn_Jpan,99,4,36
jpn_Jpan,99,5,51
jpn_Jpan,99,6,24
jpn_Jpan,99,7,19
jpn_Jpan,99,8,13
jpn_Jpan,99,9,13
jpn_Jpan,99,10,34
jpn_Jpan,99,11,13
jpn_Jpan,99,12,19
jpn_Jpan,99,13,13
jpn_Jpan,99,14,52
jpn_Jpan,99,15,52
jpn_Jpan,99,16,52
jpn_Jpan,99,17,19
jpn_Jpan,99,18,13
jpn_Jpan,99,19,24
jpn_Jpan,99,20,13
jpn_Jpan,99,21,24
jpn_Jpan,99,22,24
jpn_Jpan,99,23,52
jpn_Jpan,99,24,13
jpn_Jpan,99,25,52
jpn_Jpan,99,26,19
jpn_Jpan,99,27,13
jpn_Jpan,99,28,19
jpn_Jpan,99,29,13
jpn_Jpan,99,30,24
jpn_Jpan,99,31,13
jpn_Jpan,99,32,34
jpn_Jpan,99,33,13
jpn_Jpan,99,34,24
jpn_Jpan,99,35,13
jpn_Jpan,100,0,60
jpn_Jpan,100,1,13
jpn_Jpan,100,2,13
jpn_Jpan,100,3,24
jpn_Jpan,100,4,13
jpn_Jpan,100,5,13
jpn_Jpan,100,6,13
jpn_Jpan,100,7,13
jpn_Jpan,100,8,13
jpn_Jpan,100,9,9
jpn_Jpan,100,10,19
jpn_Jpan,100,11,7
jpn_Jpan,100,12,24
jpn_Jpan,100,13,1
jpn_Jpan,100,14,19
jpn_Jpan,100,15,39
jpn_Jpan,100,16,13
jpn_Jpan,100,17,24
jpn_Jpan,100,18,13
jpn_Jpan,100,19,13
jpn_Jpan,100,20,51
jpn_Jpan,100,21,51
jpn_Jpan,100,22,51
jpn_Jpan,101,0,60
jpn_Jpan,101,1,54
jpn_Jpan,101,2,15
jpn_Jpan,101,3,30
jpn_Jpan,101,4,30
jpn_Jpan,101,5,16
jpn_Jpan,102,0,60
jpn_Jpan,102,1,13
jpn_Jpan,102,2,19
jpn_Jpan,102,3,19
jpn_Jpan,102,4,39
jpn_Jpan,102,5,13
jpn_Jpan,102,6,13
jpn_Jpan,102,7,24
jpn_Jpan,102,8,13
jpn_Jpan,102,9,13
jpn_Jpan,102,10,19
jpn_Jpan,102,11,36
jpn_Jpan,102,12,13
jpn_Jpan,102,13,24
jpn_Jpan,102,14,24
jpn_Jpan,102,15,13
jpn_Jpan,102,16,24
jpn_Jpan,102,17,19
jpn_Jpan,102,18,13
jpn_Jpan,102,19,24
jpn_Jpan,102,20,61
jpn_Jpan,102,21,13
jpn_Jpan,102,22,13
jpn_Jpan,102,23,24
jpn_Jpan,102,24,13
jpn_Jpan,102,25,24
jpn_Jpan,102,26,24
jpn_Jpan,102,27,13
jpn_Jpan,102,28,13
jpn_Jpan,102,29,47
jpn_Jpan,102,30,39
jpn_Jpan,102,31,13
jpn_Jpan,103,0,60
jpn_Jpan,103,1,60
jpn_Jpan,103,2,13
jpn_Jpan,103,3,13
jpn_Jpan,103,4,24
jpn_Jpan,103,5,52
jpn_Jpan,103,6,13
jpn_Jpan,103,7,13
jpn_Jpan,103,8,13
jpn_Jpan,103,9,13
jpn_Jpan,103,10,36
jpn_Jpan,103,11,24
jpn_Jpan,103,12,13
jpn_Jpan,103,13,61
jpn_Jpan,103,14,61
jpn_Jpan,103,15,13
jpn_Jpan,103,16,13
jpn_Jpan,103,17,39
jpn_Jpan,103,18,36
jpn_Jpan,103,19,1
jpn_Jpan,103,20,13
jpn_Jpan,103,21,19
jpn_Jpan,103,22,13
jpn_Jpan,103,23,24
jpn_Jpan,103,24,13
jpn_Jpan,103,25,34
jpn_Jpan,103,26,13
jpn_Jpan,103,27,13
jpn_Jpan,103,28,13
jpn_Jpan,103,29,9
jpn_Jpan,103,30,11
jpn_Jpan,103,31,61
jpn_Jpan,104,0,60
jpn_Jpan,104,1,13
jpn_Jpan,104,2,19
jpn_Jpan,104,3,36
jpn_Jpan,104,4,61
jpn_Jpan,104,5,13
jpn_Jpan,104,6,19
jpn_Jpan,104,7,13
jpn_Jpan,104,8,24
jpn_Jpan,104,9,47
jpn_Jpan,104,10,13
jpn_Jpan,104,11,19
jpn_Jpan,104,12,13
jpn_Jpan,104,13,47
jpn_Jpan,104,14,19
jpn_Jpan,104,15,13
jpn_Jpan,104,16,24
jpn_Jpan,104,17,47
jpn_Jpan,104,18,19
jpn_Jpan,104,19,13
jpn_Jpan,104,20,24
jpn_Jpan,104,21,52
jpn_Jpan,104,22,61
jpn_Jpan,104,23,13
jpn_Jpan,104,24,13
jpn_Jpan,104,25,24
jpn_Jpan,104,26,19
jpn_Jpan,104,27,13
jpn_Jpan,104,28,13
jpn_Jpan,104,29,24
jpn_Jpan,104,30,47
jpn_Jpan,104,31,13
jpn_Jpan,104,32,13
jpn_Jpan,104,33,13
jpn_Jpan,104,34,24
jpn_Jpan,104,35,9
jpn_Jpan,104,36,19
jpn_Jpan,104,37,13
jpn_Jpan,104,38,47
jpn_Jpan,104,39,19
jpn_Jpan,104,40,13
jpn_Jpan,104,41,24
jpn_Jpan,104,42,13
jpn_Jpan,104,43,13
jpn_Jpan,104,44,13
jpn_Jpan,104,45,24
jpn_Jpan,104,46,47
jpn_Jpan,104,47,13
jpn_Jpan,104,48,13
jpn_Jpan,104,49,13
jpn_Jpan,104,50,52
jpn_Jpan,104,51,13
jpn_Jpan,104,52,19
jpn_Jpan,104,53,13
jpn_Jpan,104,54,26
jpn_Jpan,104,55,36
jpn_Jpan,104,56,19
jpn_Jpan,104,57,24
jpn_Jpan,105,0,60
jpn_Jpan,105,1,13
jpn_Jpan,105,2,13
jpn_Jpan,105,3,7
jpn_Jpan,105,4,13
jpn_Jpan,105,5,61
jpn_Jpan,105,6,13
jpn_Jpan,105,7,13
jpn_Jpan,105,8,13
jpn_Jpan,105,9,19
jpn_Jpan,105,10,13
jpn_Jpan,105,11,13
jpn_Jpan,105,12,24
jpn_Jpan,105,13,19
jpn_Jpan,105,14,13
jpn_Jpan,105,15,24
jpn_Jpan,105,16,47
jpn_Jpan,105,17,19
jpn_Jpan,105,18,13
jpn_Jpan,105,19,13
jpn_Jpan,105,20,13
jpn_Jpan,105,21,34
jpn_Jpan,105,22,19
jpn_Jpan,105,23,13
jpn_Jpan,105,24,47
jpn_Jpan,105,25,47
jpn_Jpan,105,26,13
jpn_Jpan,106,0,60
jpn_Jpan,106,1,13
jpn_Jpan,106,2,13
jpn_Jpan,106,3,39
jpn_Jpan,106,4,61
jpn_Jpan,106,5,19
jpn_Jpan,106,6,61
jpn_Jpan,106,7,39
jpn_Jpan,106,8,61
jpn_Jpan,106,9,13
jpn_Jpan,106,10,24
jpn_Jpan,106,11,47
jpn_Jpan,106,12,47
jpn_Jpan,106,13,19
jpn_Jpan,106,14,39
jpn_Jpan,106,15,13
jpn_Jpan,106,16,7
jpn_Jpan,106,17,13
jpn_Jpan,106,18,47
jpn_Jpan,106,19,47
jpn_Jpan,106,20,24
jpn_Jpan,106,21,13
jpn_Jpan,106,22,19
jpn_Jpan,106,23,39
jpn_Jpan,106,24,13
jpn_Jpan,106,25,24
jpn_Jpan,106,26,47
jpn_Jpan,106,27,13
jpn_Jpan,106,28,19
jpn_Jpan,106,29,39
jpn_Jpan,106,30,13
jpn_Jpan,106,31,24
jpn_Jpan,106,32,19
jpn_Jpan,106,33,19
jpn_Jpan,106,34,13
jpn_Jpan,106,35,13
jpn_Jpan,106,36,13
jpn_Jpan,106,37,24
jpn_Jpan,106,38,13
jpn_Jpan,106,39,13
jpn_Jpan,106,40,19
jpn_Jpan,106,41,13
jpn_Jpan,106,42,13
jpn_Jpan,107,0,60
jpn_Jpan,107,1,60
jpn_Jpan,107,2,36
jpn_Jpan,107,3,52
jpn_Jpan,107,4,1
jpn_Jpan,107,5,52
jpn_Jpan,107,6,13
jpn_Jpan,107,7,24
jpn_Jpan,107,8,52
jpn_Jpan,107,9,1
jpn_Jpan,107,10,52
jpn_Jpan,107,11,13
jpn_Jpan,107,12,13
jpn_Jpan,107,13,36
jpn_Jpan,108,0,60
jpn_Jpan,108,1,19
jpn_Jpan,108,2,13
jpn_Jpan,108,3,26
jpn_Jpan,108,4,19
jpn_Jpan,108,5,13
jpn_Jpan,108,6,24
jpn_Jpan,108,7,61
jpn_Jpan,108,8,13
jpn_Jpan,108,9,7
jpn_Jpan,108,10,7
jpn_Jpan,108,11,24
jpn_Jpan,108,12,61
jpn_Jpan,108,13,39
jpn_Jpan,108,14,39
jpn_Jpan,108,15,13
jpn_Jpan,108,16,47
jpn_Jpan,108,17,19
jpn_Jpan,108,18,13
jpn_Jpan,108,19,13
jpn_Jpan,109,0,60
jpn_Jpan,109,1,19
jpn_Jpan,109,2,13
jpn_Jpan,109,3,13
jpn_Jpan,109,4,19
jpn_Jpan,109,5,13
jpn_Jpan,109,6,24
jpn_Jpan,109,7,19
jpn_Jpan,109,8,13
jpn_Jpan,109,9,47
jpn_Jpan,109,10,19
jpn_Jpan,109,11,13
jpn_Jpan,109,12,24
jpn_Jpan,109,13,24
jpn_Jpan,109,14,19
jpn_Jpan,109,15,13
jpn_Jpan,109,16,47
jpn_Jpan,109,17,13
jpn_Jpan,109,18,24
jpn_Jpan,109,19,47
jpn_Jpan,109,20,19
jpn_Jpan,109,21,13
jpn_Jpan,109,22,61
jpn_Jpan,109,23,13
jpn_Jpan,109,24,13
jpn_Jpan,109,25,24
jpn_Jpan,109,26,13
jpn_Jpan,109,27,19
jpn_Jpan,109,28,13
jpn_Jpan,109,29,24
jpn_Jpan,109,30,13
jpn_Jpan,109,31,19
jpn_Jpan,109,32,13
jpn_Jpan,109,33,24
jpn_Jpan,109,34,13
jpn_Jpan,109,35,19
jpn_Jpan,109,36,34
jpn_Jpan,109,37,13
jpn_Jpan,109,38,34
jpn_Jpan,110,0,60
jpn_Jpan,110,1,13
jpn_Jpan,110,2,13
jpn_Jpan,110,3,19
jpn_Jpan,110,4,13
jpn_Jpan,110,5,13
jpn_Jpan,110,6,24
jpn_Jpan,110,7,36
jpn_Jpan,110,8,13
jpn_Jpan,110,9,13
jpn_Jpan,110,10,13
jpn_Jpan,110,11,13
jpn_Jpan,110,12,13
jpn_Jpan,110,13,13
jpn_Jpan,110,14,13
jpn_Jpan,110,15,51
jpn_Jpan,110,16,13
jpn_Jpan,110,17,13
jpn_Jpan,110,18,13
jpn_Jpan,110,19,13
jpn_Jpan,110,20,24
jpn_Jpan,110,21,24
jpn_Jpan,110,22,19
jpn_Jpan,110,23,13
jpn_Jpan,110,24,13
jpn_Jpan,110,25,24
jpn_Jpan,110,26,13
jpn_Jpan,110,27,34
jpn_Jpan,110,28,19
jpn_Jpan,110,29,13
jpn_Jpan,110,30,13
jpn_Jpan,110,31,13
jpn_Jpan,110,32,13
jpn_Jpan,110,33,13
jpn_Jpan,110,34,24
jpn_Jpan,110,35,47
jpn_Jpan,110,36,13
jpn_Jpan,110,37,13
jpn_Jpan,110,38,24
jpn_Jpan,110,39,13
jpn_Jpan,110,40,34
jpn_Jpan,110,41,13
jpn_Jpan,110,42,19
jpn_Jpan,110,43,39
jpn_Jpan,111,0,60
jpn_Jpan,111,1,13
jpn_Jpan,111,2,39
jpn_Jpan,111,3,39
jpn_Jpan,111,4,34
jpn_Jpan,111,5,24
jpn_Jpan,111,6,13
jpn_Jpan,111,7,13
jpn_Jpan,111,8,36
jpn_Jpan,111,9,61
jpn_Jpan,111,10,47
jpn_Jpan,111,11,39
jpn_Jpan,111,12,13
jpn_Jpan,111,13,24
jpn_Jpan,111,14,26
jpn_Jpan,111,15,19
jpn_Jpan,111,16,13
jpn_Jpan,111,17,19
jpn_Jpan,111,18,13
jpn_Jpan,111,19,24
jpn_Jpan,111,20,13
jpn_Jpan,111,21,19
jpn_Jpan,111,22,13
jpn_Jpan,111,23,34
jpn_Jpan,111,24,13
jpn_Jpan,111,25,39
jpn_Jpan,111,26,19
jpn_Jpan,111,27,39
jpn_Jpan,111,28,13
jpn_Jpan,111,29,34
jpn_Jpan,112,0,60
jpn_Jpan,112,1,60
jpn_Jpan,112,2,36
jpn_Jpan,112,3,24
jpn_Jpan,112,4,47
jpn_Jpan,112,5,19
jpn_Jpan,112,6,13
jpn_Jpan,112,7,13
jpn_Jpan,112,8,39
jpn_Jpan,112,9,39
jpn_Jpan,112,10,47
jpn_Jpan,112,11,13
jpn_Jpan,112,12,13
jpn_Jpan,112,13,36
jpn_Jpan,112,14,19
jpn_Jpan,112,15,13
jpn_Jpan,112,16,19
jpn_Jpan,112,17,13
jpn_Jpan,112,18,36
jpn_Jpan,112,19,13
jpn_Jpan,112,20,13
jpn_Jpan,112,21,13
jpn_Jpan,112,22,13
jpn_Jpan,112,23,13
jpn_Jpan,112,24,61
jpn_Jpan,112,25,34
jpn_Jpan,112,26,13
jpn_Jpan,112,27,34
jpn_Jpan,112,28,13
jpn_Jpan,112,29,24
jpn_Jpan,112,30,13
jpn_Jpan,112,31,13
jpn_Jpan,112,32,34
jpn_Jpan,112,33,34
jpn_Jpan,112,34,24
jpn_Jpan,112,35,47
jpn_Jpan,112,36,13
jpn_Jpan,112,37,13
jpn_Jpan,112,38,34
jpn_Jpan,113,0,60
jpn_Jpan,113,1,13
jpn_Jpan,113,2,24
jpn_Jpan,113,3,24
jpn_Jpan,113,4,61
jpn_Jpan,113,5,40
jpn_Jpan,113,6,28
jpn_Jpan,113,7,13
jpn_Jpan,113,8,13
jpn_Jpan,113,9,13
jpn_Jpan,113,10,13
jpn_Jpan,113,11,24
jpn_Jpan,113,12,13
jpn_Jpan,113,13,34
jpn_Jpan,113,14,34
jpn_Jpan,113,15,34
jpn_Jpan,113,16,24
jpn_Jpan,113,17,61
jpn_Jpan,113,18,13
jpn_Jpan,113,19,13
jpn_Jpan,113,20,13
jpn_Jpan,113,21,39
jpn_Jpan,113,22,13
jpn_Jpan,113,23,13
jpn_Jpan,113,24,13
jpn_Jpan,113,25,24
jpn_Jpan,113,26,61
jpn_Jpan,113,27,13
jpn_Jpan,113,28,19
jpn_Jpan,113,29,13
jpn_Jpan,113,30,13
jpn_Jpan,113,31,13
jpn_Jpan,113,32,13
jpn_Jpan,113,33,13
jpn_Jpan,113,34,24
jpn_Jpan,113,35,13
jpn_Jpan,113,36,34
jpn_Jpan,113,37,13
jpn_Jpan,113,38,34
jpn_Jpan,114,0,60
jpn_Jpan,114,1,13
jpn_Jpan,114,2,24
jpn_Jpan,114,3,24
jpn_Jpan,114,4,13
jpn_Jpan,114,5,13
jpn_Jpan,114,6,24
jpn_Jpan,114,7,19
jpn_Jpan,114,8,13
jpn_Jpan,114,9,24
jpn_Jpan,114,10,47
jpn_Jpan,114,11,13
jpn_Jpan,114,12,13
jpn_Jpan,114,13,13
jpn_Jpan,114,14,19
jpn_Jpan,114,15,13
jpn_Jpan,114,16,24
jpn_Jpan,114,17,13
jpn_Jpan,114,18,13
jpn_Jpan,114,19,13
jpn_Jpan,114,20,13
jpn_Jpan,114,21,19
jpn_Jpan,114,22,34
jpn_Jpan,114,23,24
jpn_Jpan,114,24,19
jpn_Jpan,114,25,13
jpn_Jpan,114,26,13
jpn_Jpan,114,27,24
jpn_Jpan,114,28,13
jpn_Jpan,114,29,13
jpn_Jpan,114,30,34
jpn_Jpan,115,0,60
jpn_Jpan,115,1,13
jpn_Jpan,115,2,60
jpn_Jpan,115,3,13
jpn_Jpan,115,4,9
jpn_Jpan,115,5,47
jpn_Jpan,115,6,36
jpn_Jpan,115,7,19
jpn_Jpan,115,8,13
jpn_Jpan,115,9,12
jpn_Jpan,115,10,19
jpn_Jpan,115,11,36
jpn_Jpan,115,12,47
jpn_Jpan,115,13,7
jpn_Jpan,115,14,24
jpn_Jpan,115,15,47
jpn_Jpan,115,16,19
jpn_Jpan,115,17,36
jpn_Jpan,115,18,13
jpn_Jpan,115,19,19
jpn_Jpan,115,20,13
jpn_Jpan,115,21,19
jpn_Jpan,115,22,36
jpn_Jpan,115,23,61
jpn_Jpan,115,24,13
jpn_Jpan,115,25,24
jpn_Jpan,115,26,19
jpn_Jpan,115,27,13
jpn_Jpan,115,28,13
jpn_Jpan,115,29,24
jpn_Jpan,115,30,52
jpn_Jpan,115,31,13
jpn_Jpan,115,32,24
jpn_Jpan,115,33,24
jpn_Jpan,115,34,19
jpn_Jpan,115,35,13
jpn_Jpan,115,36,19
jpn_Jpan,115,37,13
jpn_Jpan,115,38,9
jpn_Jpan,115,39,58
jpn_Jpan,115,40,11
jpn_Jpan,115,41,40
jpn_Jpan,116,0,60
jpn_Jpan,116,1,13
jpn_Jpan,116,2,13
jpn_Jpan,116,3,13
jpn_Jpan,116,4,13
jpn_Jpan,116,5,39
jpn_Jpan,116,6,61
jpn_Jpan,116,7,47
jpn_Jpan,116,8,24
jpn_Jpan,116,9,26
jpn_Jpan,116,10,47
jpn_Jpan,116,11,47
jpn_Jpan,116,12,39
jpn_Jpan,116,13,49
jpn_Jpan,116,14,34
jpn_Jpan,117,0,60
jpn_Jpan,117,1,13
jpn_Jpan,117,2,47
jpn_Jpan,117,3,19
jpn_Jpan,117,4,13
jpn_Jpan,117,5,19
jpn_Jpan,117,6,13
jpn_Jpan,117,7,13
jpn_Jpan,117,8,13
jpn_Jpan,117,9,24
jpn_Jpan,117,10,13
jpn_Jpan,117,11,39
jpn_Jpan,117,12,13
jpn_Jpan,117,13,19
jpn_Jpan,117,14,36
jpn_Jpan,117,15,13
jpn_Jpan,117,16,24
jpn_Jpan,117,17,13
jpn_Jpan,117,18,13
jpn_Jpan,117,19,34
jpn_Jpan,117,20,24
jpn_Jpan,117,21,24
jpn_Jpan,117,22,13
jpn_Jpan,117,23,13
jpn_Jpan,117,24,13
jpn_Jpan,117,25,13
jpn_Jpan,117,26,13
jpn_Jpan,117,27,13
jpn_Jpan,117,28,13
jpn_Jpan,117,29,24
jpn_Jpan,117,30,19
jpn_Jpan,117,31,13
jpn_Jpan,117,32,13
jpn_Jpan,117,33,47
jpn_Jpan,117,34,13
jpn_Jpan,118,0,60
jpn_Jpan,118,1,36
jpn_Jpan,118,2,24
jpn_Jpan,118,3,52
jpn_Jpan,118,4,19
jpn_Jpan,118,5,13
jpn_Jpan,118,6,19
jpn_Jpan,118,7,13
jpn_Jpan,118,8,13
jpn_Jpan,118,9,19
jpn_Jpan,118,10,19
jpn_Jpan,118,11,19
jpn_Jpan,118,12,13
jpn_Jpan,118,13,24
jpn_Jpan,118,14,13
jpn_Jpan,118,15,19
jpn_Jpan,118,16,13
jpn_Jpan,118,17,13
jpn_Jpan,118,18,34
jpn_Jpan,118,19,1
jpn_Jpan,118,20,13
jpn_Jpan,118,21,36
jpn_Jpan,118,22,13
jpn_Jpan,118,23,13
jpn_Jpan,118,24,13
jpn_Jpan,118,25,24
jpn_Jpan,118,26,19
jpn_Jpan,118,27,13
jpn_Jpan,118,28,7
jpn_Jpan,118,29,24
jpn_Jpan,118,30,13
jpn_Jpan,118,31,13
jpn_Jpan,118,32,13
jpn_Jpan,118,33,47
jpn_Jpan,118,34,19
jpn_Jpan,118,35,13
jpn_Jpan,118,36,13
jpn_Jpan,118,37,34
jpn_Jpan,118,38,24
jpn_Jpan,118,39,19
jpn_Jpan,118,40,13
jpn_Jpan,118,41,19
jpn_Jpan,118,42,13
jpn_Jpan,118,43,24
jpn_Jpan,118,44,19
jpn_Jpan,118,45,13
jpn_Jpan,118,46,19
jpn_Jpan,118,47,13
jpn_Jpan,118,48,13
jpn_Jpan,118,49,34
jpn_Jpan,118,50,13
jpn_Jpan,118,51,19
jpn_Jpan,118,52,13
jpn_Jpan,118,53,34
jpn_Jpan,119,0,60
jpn_Jpan,119,1,13
jpn_Jpan,119,2,24
jpn_Jpan,119,3,24
jpn_Jpan,119,4,13
jpn_Jpan,119,5,13
jpn_Jpan,119,6,13
jpn_Jpan,119,7,13
jpn_Jpan,119,8,7
jpn_Jpan,119,9,13
jpn_Jpan,119,10,13
jpn_Jpan,119,11,13
jpn_Jpan,119,12,13
jpn_Jpan,119,13,13
jpn_Jpan,120,0,60
jpn_Jpan,120,1,36
jpn_Jpan,120,2,19
jpn_Jpan,120,3,13
jpn_Jpan,120,4,47
jpn_Jpan,120,5,24
jpn_Jpan,120,6,13
jpn_Jpan,120,7,36
jpn_Jpan,120,8,24
jpn_Jpan,120,9,52
jpn_Jpan,120,10,19
jpn_Jpan,120,11,13
jpn_Jpan,120,12,24
jpn_Jpan,120,13,13
jpn_Jpan,120,14,13
jpn_Jpan,120,15,19
jpn_Jpan,120,16,13
jpn_Jpan,120,17,47
jpn_Jpan,120,18,36
jpn_Jpan,120,19,24
jpn_Jpan,120,20,52
jpn_Jpan,120,21,19
jpn_Jpan,120,22,13
jpn_Jpan,120,23,24
jpn_Jpan,120,24,61
jpn_Jpan,120,25,13
jpn_Jpan,120,26,19
jpn_Jpan,120,27,34
jpn_Jpan,120,28,13
jpn_Jpan,120,29,24
jpn_Jpan,120,30,24
jpn_Jpan,120,31,24
jpn_Jpan,120,32,24
jpn_Jpan,120,33,19
jpn_Jpan,120,34,13
jpn_Jpan,120,35,19
jpn_Jpan,120,36,24
jpn_Jpan,120,37,24
jpn_Jpan,120,38,13
jpn_Jpan,120,39,39
jpn_Jpan,120,40,47
jpn_Jpan,120,41,34
jpn_Jpan,120,42,13
jpn_Jpan,120,43,34
jpn_Jpan,121,0,60
jpn_Jpan,121,1,13
jpn_Jpan,121,2,19
jpn_Jpan,121,3,13
jpn_Jpan,121,4,13
jpn_Jpan,121,5,7
jpn_Jpan,121,6,24
jpn_Jpan,121,7,13
jpn_Jpan,121,8,39
jpn_Jpan,121,9,13
jpn_Jpan,121,10,11
jpn_Jpan,121,11,13
jpn_Jpan,121,12,19
jpn_Jpan,121,13,39
jpn_Jpan,121,14,13
jpn_Jpan,121,15,34
jpn_Jpan,121,16,13
jpn_Jpan,121,17,34
jpn_Jpan,122,0,60
jpn_Jpan,122,1,13
jpn_Jpan,122,2,34
jpn_Jpan,122,3,24
jpn_Jpan,122,4,47
jpn_Jpan,122,5,13
jpn_Jpan,122,6,13
jpn_Jpan,122,7,34
jpn_Jpan,122,8,29
jpn_Jpan,122,9,34
jpn_Jpan,122,10,24
jpn_Jpan,122,11,36
jpn_Jpan,122,12,36
jpn_Jpan,122,13,24
jpn_Jpan,122,14,13
jpn_Jpan,122,15,19
jpn_Jpan,122,16,13
jpn_Jpan,122,17,19
jpn_Jpan,122,18,34
jpn_Jpan,122,19,13
jpn_Jpan,122,20,34
jpn_Jpan,122,21,13
jpn_Jpan,122,22,13
jpn_Jpan,122,23,19
jpn_Jpan,122,24,34
jpn_Jpan,122,25,47
jpn_Jpan,122,26,34
jpn_Jpan,122,27,24
jpn_Jpan,122,28,13
jpn_Jpan,122,29,13
jpn_Jpan,122,30,13
jpn_Jpan,122,31,34
jpn_Jpan,122,32,34
jpn_Jpan,123,0,60
jpn_Jpan,123,1,13
jpn_Jpan,123,2,13
jpn_Jpan,123,3,13
jpn_Jpan,123,4,13
jpn_Jpan,123,5,13
jpn_Jpan,123,6,13
jpn_Jpan,123,7,13
jpn_Jpan,123,8,51
jpn_Jpan,124,0,60
jpn_Jpan,124,1,52
jpn_Jpan,124,2,47
jpn_Jpan,124,3,19
jpn_Jpan,124,4,39
jpn_Jpan,124,5,24
jpn_Jpan,124,6,47
jpn_Jpan,124,7,13
jpn_Jpan,124,8,52
jpn_Jpan,124,9,19
jpn_Jpan,124,10,7
jpn_Jpan,124,11,36
jpn_Jpan,124,12,24
jpn_Jpan,124,13,13
jpn_Jpan,124,14,13
jpn_Jpan,124,15,24
jpn_Jpan,124,16,13
jpn_Jpan,124,17,24
jpn_Jpan,124,18,24
jpn_Jpan,124,19,52
jpn_Jpan,125,0,60
jpn_Jpan,125,1,19
jpn_Jpan,125,2,36
jpn_Jpan,125,3,19
jpn_Jpan,125,4,13
jpn_Jpan,125,5,19
jpn_Jpan,125,6,36
jpn_Jpan,125,7,26
jpn_Jpan,125,8,39
jpn_Jpan,125,9,36
jpn_Jpan,125,10,13
jpn_Jpan,125,11,13
jpn_Jpan,125,12,47
jpn_Jpan,125,13,13
jpn_Jpan,125,14,13
jpn_Jpan,125,15,13
jpn_Jpan,125,16,61
jpn_Jpan,125,17,19
jpn_Jpan,125,18,13
jpn_Jpan,125,19,7
jpn_Jpan,125,20,24
jpn_Jpan,125,21,24
jpn_Jpan,125,22,13
jpn_Jpan,125,23,13
jpn_Jpan,125,24,19
jpn_Jpan,125,25,13
jpn_Jpan,125,26,13
jpn_Jpan,125,27,24
jpn_Jpan,125,28,13
jpn_Jpan,125,29,13
jpn_Jpan,125,30,34
jpn_Jpan,125,31,34
jpn_Jpan,125,32,51
jpn_Jpan,126,0,60
jpn_Jpan,126,1,13
jpn_Jpan,126,2,47
jpn_Jpan,126,3,7
jpn_Jpan,126,4,12
jpn_Jpan,126,5,13
jpn_Jpan,126,6,19
jpn_Jpan,126,7,13
jpn_Jpan,126,8,19
jpn_Jpan,126,9,13
jpn_Jpan,126,10,1
jpn_Jpan,126,11,52
jpn_Jpan,126,12,24
jpn_Jpan,126,13,24
jpn_Jpan,126,14,13
jpn_Jpan,126,15,13
jpn_Jpan,126,16,24
jpn_Jpan,126,17,13
jpn_Jpan,126,18,24
jpn_Jpan,126,19,13
jpn_Jpan,126,20,19
jpn_Jpan,126,21,39
jpn_Jpan,126,22,13
jpn_Jpan,126,23,13
jpn_Jpan,126,24,13
jpn_Jpan,126,25,13
jpn_Jpan,126,26,24
jpn_Jpan,126,27,13
jpn_Jpan,126,28,13
jpn_Jpan,126,29,13
jpn_Jpan,126,30,1
jpn_Jpan,126,31,19
jpn_Jpan,126,32,19
jpn_Jpan,126,33,39
jpn_Jpan,126,34,13
jpn_Jpan,126,35,24
jpn_Jpan,126,36,13
jpn_Jpan,126,37,19
jpn_Jpan,126,38,34
jpn_Jpan,126,39,13
jpn_Jpan,126,40,34
jpn_Jpan,126,41,12
jpn_Jpan,126,42,47
jpn_Jpan,126,43,13
jpn_Jpan,126,44,47
jpn_Jpan,126,45,13
jpn_Jpan,127,0,60
jpn_Jpan,127,1,19
jpn_Jpan,127,2,36
jpn_Jpan,127,3,24
jpn_Jpan,127,4,13
jpn_Jpan,127,5,36
jpn_Jpan,127,6,13
jpn_Jpan,127,7,36
jpn_Jpan,127,8,36
jpn_Jpan,127,9,13
jpn_Jpan,127,10,13
jpn_Jpan,127,11,13
jpn_Jpan,127,12,13
jpn_Jpan,127,13,19
jpn_Jpan,127,14,13
jpn_Jpan,127,15,13
jpn_Jpan,127,16,39
jpn_Jpan,127,17,13
jpn_Jpan,127,18,13
jpn_Jpan,128,0,60
jpn_Jpan,128,1,13
jpn_Jpan,128,2,13
jpn_Jpan,128,3,24
jpn_Jpan,128,4,13
jpn_Jpan,128,5,24
jpn_Jpan,128,6,24
jpn_Jpan,128,7,24
jpn_Jpan,128,8,13
jpn_Jpan,128,9,13
jpn_Jpan,128,10,61
jpn_Jpan,128,11,13
jpn_Jpan,128,12,13
jpn_Jpan,128,13,13
jpn_Jpan,128,14,13
jpn_Jpan,128,15,19
jpn_Jpan,128,16,13
jpn_Jpan,128,17,19
jpn_Jpan,128,18,24
jpn_Jpan,128,19,24
jpn_Jpan,128,20,19
jpn_Jpan,128,21,13
jpn_Jpan,128,22,19
jpn_Jpan,128,23,24
jpn_Jpan,128,24,24
jpn_Jpan,128,25,13
jpn_Jpan,128,26,13
jpn_Jpan,128,27,13
jpn_Jpan,128,28,13
jpn_Jpan,128,29,13
jpn_Jpan,128,30,13
jpn_Jpan,128,31,13
jpn_Jpan,128,32,13
jpn_Jpan,128,33,24
jpn_Jpan,128,34,13
jpn_Jpan,128,35,13
jpn_Jpan,128,36,34
jpn_Jpan,129,0,60
jpn_Jpan,129,1,13
jpn_Jpan,129,2,13
jpn_Jpan,129,3,34
jpn_Jpan,129,4,47
jpn_Jpan,129,5,47
jpn_Jpan,129,6,19
jpn_Jpan,129,7,19
jpn_Jpan,129,8,39
jpn_Jpan,129,9,13
jpn_Jpan,129,10,24
jpn_Jpan,129,11,24
jpn_Jpan,129,12,13
jpn_Jpan,129,13,19
jpn_Jpan,129,14,34
jpn_Jpan,129,15,34
jpn_Jpan,130,0,60
jpn_Jpan,130,1,34
jpn_Jpan,130,2,13
jpn_Jpan,130,3,24
jpn_Jpan,130,4,47
jpn_Jpan,130,5,13
jpn_Jpan,130,6,13
jpn_Jpan,130,7,19
jpn_Jpan,130,8,13
jpn_Jpan,130,9,34
jpn_Jpan,131,0,60
jpn_Jpan,131,1,13
jpn_Jpan,131,2,13
jpn_Jpan,131,3,24
jpn_Jpan,131,4,47
jpn_Jpan,131,5,19
jpn_Jpan,131,6,13
jpn_Jpan,131,7,13
jpn_Jpan,131,8,19
jpn_Jpan,131,9,13
jpn_Jpan,131,10,24
jpn_Jpan,131,11,47
jpn_Jpan,131,12,34
jpn_Jpan,131,13,13
jpn_Jpan,131,14,52
jpn_Jpan,131,15,52
jpn_Jpan,131,16,7
jpn_Jpan,131,17,24
jpn_Jpan,131,18,19
jpn_Jpan,131,19,13
jpn_Jpan,131,20,13
jpn_Jpan,131,21,62
jpn_Jpan,131,22,47
jpn_Jpan,131,23,19
jpn_Jpan,131,24,13
jpn_Jpan,131,25,24
jpn_Jpan,131,26,19
jpn_Jpan,131,27,13
jpn_Jpan,131,28,13
jpn_Jpan,131,29,24
jpn_Jpan,131,30,13
jpn_Jpan,131,31,13
jpn_Jpan,131,32,13
jpn_Jpan,132,0,60
jpn_Jpan,132,1,39
jpn_Jpan,132,2,13
jpn_Jpan,132,3,61
jpn_Jpan,132,4,19
jpn_Jpan,132,5,13
jpn_Jpan,132,6,13
jpn_Jpan,132,7,19
jpn_Jpan,132,8,13
jpn_Jpan,132,9,47
jpn_Jpan,132,10,13
jpn_Jpan,132,11,12
jpn_Jpan,132,12,27
jpn_Jpan,132,13,47
jpn_Jpan,132,14,13
jpn_Jpan,132,15,13
jpn_Jpan,132,16,24
jpn_Jpan,132,17,47
jpn_Jpan,132,18,13
jpn_Jpan,132,19,19
jpn_Jpan,132,20,13
jpn_Jpan,133,0,60
jpn_Jpan,133,1,13
jpn_Jpan,133,2,13
jpn_Jpan,133,3,13
jpn_Jpan,133,4,13
jpn_Jpan,133,5,13
jpn_Jpan,133,6,13
jpn_Jpan,133,7,51
jpn_Jpan,133,8,9
jpn_Jpan,133,9,24
jpn_Jpan,133,10,13
jpn_Jpan,133,11,19
jpn_Jpan,133,12,13
jpn_Jpan,133,13,13
jpn_Jpan,133,14,24
jpn_Jpan,133,15,19
jpn_Jpan,133,16,13
jpn_Jpan,133,17,19
jpn_Jpan,133,18,13
jpn_Jpan,133,19,13
jpn_Jpan,133,20,13
jpn_Jpan,133,21,34
jpn_Jpan,134,0,60
jpn_Jpan,134,1,19
jpn_Jpan,134,2,13
jpn_Jpan,134,3,61
jpn_Jpan,134,4,19
jpn_Jpan,134,5,39
jpn_Jpan,134,6,19
jpn_Jpan,134,7,13
jpn_Jpan,134,8,39
jpn_Jpan,134,9,13
jpn_Jpan,134,10,24
jpn_Jpan,134,11,52
jpn_Jpan,134,12,61
jpn_Jpan,134,13,13
jpn_Jpan,134,14,13
jpn_Jpan,134,15,24
jpn_Jpan,134,16,47
jpn_Jpan,134,17,13
jpn_Jpan,134,18,13
jpn_Jpan,134,19,13
jpn_Jpan,135,0,60
jpn_Jpan,135,1,22
jpn_Jpan,135,2,60
jpn_Jpan,135,3,58
jpn_Jpan,135,4,12
jpn_Jpan,135,5,61
jpn_Jpan,136,0,60
jpn_Jpan,136,1,24
jpn_Jpan,136,2,13
jpn_Jpan,136,3,36
jpn_Jpan,136,4,47
jpn_Jpan,136,5,57
jpn_Jpan,136,6,28
jpn_Jpan,136,7,24
jpn_Jpan,136,8,26
jpn_Jpan,136,9,47
jpn_Jpan,136,10,13
jpn_Jpan,136,11,13
jpn_Jpan,136,12,13
jpn_Jpan,136,13,24
jpn_Jpan,136,14,24
jpn_Jpan,136,15,52
jpn_Jpan,136,16,52
jpn_Jpan,136,17,52
jpn_Jpan,136,18,19
jpn_Jpan,136,19,13
jpn_Jpan,136,20,13
jpn_Jpan,136,21,13
jpn_Jpan,136,22,24
jpn_Jpan,136,23,13
jpn_Jpan,136,24,13
jpn_Jpan,136,25,24
jpn_Jpan,136,26,13
jpn_Jpan,136,27,24
jpn_Jpan,136,28,13
jpn_Jpan,136,29,13
jpn_Jpan,136,30,13
jpn_Jpan,136,31,13
jpn_Jpan,136,32,24
jpn_Jpan,136,33,13
jpn_Jpan,136,34,34
jpn_Jpan,137,0,60
jpn_Jpan,137,1,24
jpn_Jpan,137,2,47
jpn_Jpan,137,3,13
jpn_Jpan,137,4,13
jpn_Jpan,137,5,13
jpn_Jpan,137,6,24
jpn_Jpan,137,7,13
jpn_Jpan,137,8,19
jpn_Jpan,137,9,13
jpn_Jpan,137,10,13
jpn_Jpan,137,11,13
jpn_Jpan,137,12,13
jpn_Jpan,137,13,13
jpn_Jpan,137,14,34
jpn_Jpan,137,15,13
jpn_Jpan,137,16,24
jpn_Jpan,137,17,24
jpn_Jpan,137,18,61
jpn_Jpan,137,19,19
jpn_Jpan,137,20,19
jpn_Jpan,137,21,13
jpn_Jpan,137,22,13
jpn_Jpan,137,23,13
jpn_Jpan,137,24,19
jpn_Jpan,137,25,13
jpn_Jpan,137,26,13
jpn_Jpan,137,27,13
jpn_Jpan,137,28,13
jpn_Jpan,137,29,13
jpn_Jpan,137,30,13
jpn_Jpan,137,31,24
jpn_Jpan,137,32,13
jpn_Jpan,137,33,47
jpn_Jpan,137,34,13
jpn_Jpan,137,35,13
jpn_Jpan,137,36,13
jpn_Jpan,138,0,60
jpn_Jpan,138,1,13
jpn_Jpan,138,2,13
jpn_Jpan,138,3,24
jpn_Jpan,138,4,13
jpn_Jpan,138,5,13
jpn_Jpan,138,6,13
jpn_Jpan,138,7,13
jpn_Jpan,138,8,13
jpn_Jpan,138,9,13
jpn_Jpan,139,0,60
jpn_Jpan,139,1,24
jpn_Jpan,139,2,24
jpn_Jpan,139,3,24
jpn_Jpan,139,4,34
jpn_Jpan,139,5,13
jpn_Jpan,139,6,47
jpn_Jpan,139,7,39
jpn_Jpan,139,8,13
jpn_Jpan,139,9,13
jpn_Jpan,139,10,13
jpn_Jpan,139,11,24
jpn_Jpan,139,12,13
jpn_Jpan,139,13,13
jpn_Jpan,139,14,19
jpn_Jpan,139,15,13
jpn_Jpan,139,16,13
jpn_Jpan,139,17,24
jpn_Jpan,139,18,24
jpn_Jpan,139,19,47
jpn_Jpan,139,20,13
jpn_Jpan,139,21,19
jpn_Jpan,139,22,13
jpn_Jpan,139,23,24
jpn_Jpan,139,24,47
jpn_Jpan,139,25,39
jpn_Jpan,139,26,13
jpn_Jpan,139,27,13
jpn_Jpan,139,28,13
jpn_Jpan,139,29,24
jpn_Jpan,139,30,13
jpn_Jpan,139,31,13
jpn_Jpan,139,32,34
jpn_Jpan,139,33,13
jpn_Jpan,139,34,13
jpn_Jpan,139,35,13
jpn_Jpan,139,36,34
jpn_Jpan,140,0,60
jpn_Jpan,140,1,13
jpn_Jpan,140,2,47
jpn_Jpan,140,3,19
jpn_Jpan,140,4,13
jpn_Jpan,140,5,47
jpn_Jpan,140,6,13
jpn_Jpan,140,7,24
jpn_Jpan,140,8,47
jpn_Jpan,140,9,13
jpn_Jpan,140,10,13
jpn_Jpan,140,11,13
jpn_Jpan,140,12,13
jpn_Jpan,140,13,13
jpn_Jpan,140,14,51
jpn_Jpan,141,0,60
jpn_Jpan,141,1,13
jpn_Jpan,141,2,47
jpn_Jpan,141,3,19
jpn_Jpan,141,4,13
jpn_Jpan,141,5,19
jpn_Jpan,141,6,34
jpn_Jpan,141,7,47
jpn_Jpan,141,8,13
jpn_Jpan,141,9,36
jpn_Jpan,141,10,61
jpn_Jpan,141,11,19
jpn_Jpan,141,12,19
jpn_Jpan,141,13,13
jpn_Jpan,141,14,36
jpn_Jpan,141,15,36
jpn_Jpan,141,16,47
jpn_Jpan,141,17,39
jpn_Jpan,141,18,36
jpn_Jpan,141,19,36
jpn_Jpan,141,20,61
jpn_Jpan,141,21,13
jpn_Jpan,141,22,19
jpn_Jpan,141,23,34
jpn_Jpan,142,0,60
jpn_Jpan,142,1,22
jpn_Jpan,142,2,24
jpn_Jpan,142,3,19
jpn_Jpan,142,4,40
jpn_Jpan,142,5,24
jpn_Jpan,142,6,13
jpn_Jpan,142,7,19
jpn_Jpan,142,8,13
jpn_Jpan,142,9,13
jpn_Jpan,142,10,34
jpn_Jpan,142,11,34
jpn_Jpan,143,0,60
jpn_Jpan,143,1,13
jpn_Jpan,143,2,19
jpn_Jpan,143,3,13
jpn_Jpan,143,4,19
jpn_Jpan,143,5,13
jpn_Jpan,143,6,24
jpn_Jpan,143,7,13
jpn_Jpan,143,8,24
jpn_Jpan,143,9,19
jpn_Jpan,143,10,13
jpn_Jpan,143,11,47
jpn_Jpan,143,12,13
jpn_Jpan,143,13,1
jpn_Jpan,143,14,13
jpn_Jpan,143,15,24
jpn_Jpan,143,16,13
jpn_Jpan,143,17,39
jpn_Jpan,143,18,13
jpn_Jpan,143,19,13
jpn_Jpan,143,20,13
jpn_Jpan,143,21,13
jpn_Jpan,143,22,34
jpn_Jpan,143,23,51
jpn_Jpan,144,0,60
jpn_Jpan,144,1,47
jpn_Jpan,144,2,39
jpn_Jpan,144,3,13
jpn_Jpan,144,4,24
jpn_Jpan,144,5,24
jpn_Jpan,144,6,13
jpn_Jpan,144,7,13
jpn_Jpan,144,8,13
jpn_Jpan,144,9,9
jpn_Jpan,144,10,26
jpn_Jpan,144,11,13
jpn_Jpan,144,12,36
jpn_Jpan,144,13,47
jpn_Jpan,144,14,36
jpn_Jpan,144,15,24
jpn_Jpan,144,16,47
jpn_Jpan,144,17,19
jpn_Jpan,144,18,34
jpn_Jpan,145,0,60
jpn_Jpan,145,1,13
jpn_Jpan,145,2,13
jpn_Jpan,145,3,24
jpn_Jpan,145,4,13
jpn_Jpan,145,5,13
jpn_Jpan,145,6,13
jpn_Jpan,145,7,13
jpn_Jpan,145,8,7
jpn_Jpan,145,9,9
jpn_Jpan,145,10,19
jpn_Jpan,145,11,13
jpn_Jpan,145,12,13
jpn_Jpan,145,13,24
jpn_Jpan,145,14,61
jpn_Jpan,145,15,13
jpn_Jpan,145,16,13
jpn_Jpan,145,17,13
jpn_Jpan,145,18,13
jpn_Jpan,145,19,13
jpn_Jpan,145,20,13
jpn_Jpan,145,21,13
jpn_Jpan,145,22,13
jpn_Jpan,145,23,13
jpn_Jpan,145,24,34
jpn_Jpan,145,25,13
jpn_Jpan,145,26,24
jpn_Jpan,145,27,24
jpn_Jpan,145,28,61
jpn_Jpan,145,29,13
jpn_Jpan,145,30,61
jpn_Jpan,145,31,13
jpn_Jpan,145,32,51
jpn_Jpan,145,33,39
jpn_Jpan,145,34,24
jpn_Jpan,145,35,47
jpn_Jpan,145,36,19
jpn_Jpan,145,37,13
jpn_Jpan,145,38,13
jpn_Jpan,145,39,34
jpn_Jpan,146,0,60
jpn_Jpan,146,1,13
jpn_Jpan,146,2,13
jpn_Jpan,146,3,13
jpn_Jpan,146,4,24
jpn_Jpan,146,5,19
jpn_Jpan,146,6,13
jpn_Jpan,146,7,13
jpn_Jpan,146,8,34
jpn_Jpan,146,9,13
jpn_Jpan,146,10,13
jpn_Jpan,146,11,24
jpn_Jpan,146,12,13
jpn_Jpan,146,13,19
jpn_Jpan,146,14,13
jpn_Jpan,146,15,39
jpn_Jpan,146,16,34
jpn_Jpan,146,17,13
jpn_Jpan,146,18,24
jpn_Jpan,146,19,24
jpn_Jpan,146,20,13
jpn_Jpan,146,21,13
jpn_Jpan,146,22,13
jpn_Jpan,146,23,13
jpn_Jpan,146,24,24
jpn_Jpan,146,25,47
jpn_Jpan,146,26,39
jpn_Jpan,146,27,47
jpn_Jpan,146,28,34
jpn_Jpan,146,29,13
jpn_Jpan,146,30,34
jpn_Jpan,147,0,60
jpn_Jpan,147,1,13
jpn_Jpan,147,2,36
jpn_Jpan,147,3,24
jpn_Jpan,147,4,47
jpn_Jpan,147,5,19
jpn_Jpan,147,6,61
jpn_Jpan,147,7,13
jpn_Jpan,147,8,36
jpn_Jpan,147,9,36
jpn_Jpan,147,10,13
jpn_Jpan,147,11,24
jpn_Jpan,147,12,13
jpn_Jpan,147,13,36
jpn_Jpan,147,14,13
jpn_Jpan,147,15,24
jpn_Jpan,147,16,13
jpn_Jpan,147,17,13
jpn_Jpan,147,18,19
jpn_Jpan,147,19,13
jpn_Jpan,147,20,24
jpn_Jpan,147,21,13
jpn_Jpan,147,22,13
jpn_Jpan,147,23,13
jpn_Jpan,147,24,13
jpn_Jpan,147,25,24
jpn_Jpan,147,26,13
jpn_Jpan,147,27,13
jpn_Jpan,147,28,13
jpn_Jpan,147,29,24
jpn_Jpan,147,30,13
jpn_Jpan,147,31,19
jpn_Jpan,147,32,13
jpn_Jpan,147,33,13
jpn_Jpan,147,34,13
jpn_Jpan,147,35,24
jpn_Jpan,147,36,19
jpn_Jpan,147,37,13
jpn_Jpan,147,38,13
jpn_Jpan,147,39,34
jpn_Jpan,147,40,19
jpn_Jpan,147,41,13
jpn_Jpan,147,42,13
jpn_Jpan,147,43,52
jpn_Jpan,147,44,13
jpn_Jpan,148,0,60
jpn_Jpan,148,1,19
jpn_Jpan,148,2,24
jpn_Jpan,148,3,19
jpn_Jpan,148,4,13
jpn_Jpan,148,5,24
jpn_Jpan,148,6,61
jpn_Jpan,148,7,19
jpn_Jpan,148,8,39
jpn_Jpan,148,9,13
jpn_Jpan,148,10,24
jpn_Jpan,148,11,1
jpn_Jpan,148,12,13
jpn_Jpan,148,13,13
jpn_Jpan,148,14,39
jpn_Jpan,148,15,61
jpn_Jpan,148,16,13
jpn_Jpan,148,17,13
jpn_Jpan,148,18,13
jpn_Jpan,148,19,13
jpn_Jpan,148,20,24
jpn_Jpan,148,21,52
jpn_Jpan,148,22,19
jpn_Jpan,148,23,13
jpn_Jpan,148,24,24
jpn_Jpan,148,25,13
jpn_Jpan,148,26,13
jpn_Jpan,148,27,13
jpn_Jpan,148,28,24
jpn_Jpan,148,29,13
jpn_Jpan,148,30,34
jpn_Jpan,148,31,40
jpn_Jpan,148,32,39
jpn_Jpan,149,0,60
jpn_Jpan,149,1,13
jpn_Jpan,149,2,19
jpn_Jpan,149,3,13
jpn_Jpan,149,4,24
jpn_Jpan,149,5,13
jpn_Jpan,149,6,47
jpn_Jpan,149,7,19
jpn_Jpan,149,8,34
jpn_Jpan,149,9,9
jpn_Jpan,149,10,13
jpn_Jpan,149,11,13
jpn_Jpan,149,12,24
jpn_Jpan,149,13,19
jpn_Jpan,149,14,52
jpn_Jpan,149,15,52
jpn_Jpan,149,16,24
jpn_Jpan,149,17,61
jpn_Jpan,149,18,19
jpn_Jpan,149,19,13
jpn_Jpan,149,20,19
jpn_Jpan,149,21,13
jpn_Jpan,149,22,24
jpn_Jpan,149,23,13
jpn_Jpan,149,24,19
jpn_Jpan,149,25,13
jpn_Jpan,149,26,61
jpn_Jpan,149,27,19
jpn_Jpan,149,28,19
jpn_Jpan,149,29,13
jpn_Jpan,149,30,24
jpn_Jpan,149,31,13
jpn_Jpan,149,32,13
jpn_Jpan,149,33,24
jpn_Jpan,149,34,47
jpn_Jpan,149,35,19
jpn_Jpan,149,36,13
jpn_Jpan,149,37,13
jpn_Jpan,149,38,13
jpn_Jpan,149,39,13
jpn_Jpan,149,40,24
jpn_Jpan,149,41,52
jpn_Jpan,149,42,52
jpn_Jpan,149,43,52
jpn_Jpan,149,44,19
jpn_Jpan,149,45,13
jpn_Jpan,149,46,24
jpn_Jpan,149,47,19
jpn_Jpan,149,48,13
jpn_Jpan,149,49,13
jpn_Jpan,150,0,60
jpn_Jpan,150,1,13
jpn_Jpan,150,2,61
jpn_Jpan,150,3,19
jpn_Jpan,150,4,24
jpn_Jpan,150,5,24
jpn_Jpan,150,6,24
jpn_Jpan,150,7,13
jpn_Jpan,150,8,13
jpn_Jpan,150,9,13
jpn_Jpan,150,10,24
jpn_Jpan,150,11,19
jpn_Jpan,150,12,13
jpn_Jpan,150,13,24
jpn_Jpan,150,14,13
jpn_Jpan,150,15,13
jpn_Jpan,150,16,24
jpn_Jpan,150,17,13
jpn_Jpan,150,18,13
jpn_Jpan,150,19,13
jpn_Jpan,150,20,13
jpn_Jpan,150,21,13
jpn_Jpan,150,22,24
jpn_Jpan,150,23,24
jpn_Jpan,150,24,24
jpn_Jpan,150,25,13
jpn_Jpan,150,26,24
jpn_Jpan,150,27,13
jpn_Jpan,150,28,24
jpn_Jpan,150,29,13
jpn_Jpan,150,30,13
jpn_Jpan,150,31,24
jpn_Jpan,150,32,19
jpn_Jpan,150,33,13
jpn_Jpan,150,34,47
jpn_Jpan,150,35,13
jpn_Jpan,150,36,34
jpn_Jpan,151,0,60
jpn_Jpan,151,1,13
jpn_Jpan,151,2,19
jpn_Jpan,151,3,13
jpn_Jpan,151,4,47
jpn_Jpan,151,5,13
jpn_Jpan,151,6,13
jpn_Jpan,151,7,13
jpn_Jpan,151,8,19
jpn_Jpan,151,9,13
jpn_Jpan,151,10,34
jpn_Jpan,151,11,51
jpn_Jpan,152,0,60
jpn_Jpan,152,1,13
jpn_Jpan,152,2,39
jpn_Jpan,152,3,13
jpn_Jpan,152,4,47
jpn_Jpan,152,5,39
jpn_Jpan,152,6,61
jpn_Jpan,152,7,7
jpn_Jpan,152,8,24
jpn_Jpan,152,9,19
jpn_Jpan,152,10,13
jpn_Jpan,152,11,24
jpn_Jpan,152,12,47
jpn_Jpan,152,13,61
jpn_Jpan,152,14,34
jpn_Jpan,153,0,60
jpn_Jpan,153,1,52
jpn_Jpan,153,2,52
jpn_Jpan,153,3,52
jpn_Jpan,153,4,19
jpn_Jpan,153,5,7
jpn_Jpan,153,6,47
jpn_Jpan,153,7,19
jpn_Jpan,153,8,13
jpn_Jpan,153,9,47
jpn_Jpan,153,10,24
jpn_Jpan,153,11,24
jpn_Jpan,153,12,13
jpn_Jpan,153,13,19
jpn_Jpan,153,14,13
jpn_Jpan,153,15,13
jpn_Jpan,153,16,61
jpn_Jpan,153,17,52
jpn_Jpan,154,0,60
jpn_Jpan,154,1,13
jpn_Jpan,154,2,13
jpn_Jpan,154,3,19
jpn_Jpan,154,4,13
jpn_Jpan,154,5,24
jpn_Jpan,154,6,13
jpn_Jpan,154,7,13
jpn_Jpan,154,8,24
jpn_Jpan,154,9,13
jpn_Jpan,154,10,19
jpn_Jpan,154,11,34
jpn_Jpan,154,12,47
jpn_Jpan,154,13,13
jpn_Jpan,154,14,34
jpn_Jpan,155,0,60
jpn_Jpan,155,1,62
jpn_Jpan,155,2,24
jpn_Jpan,155,3,13
jpn_Jpan,155,4,13
jpn_Jpan,155,5,13
jpn_Jpan,155,6,39
jpn_Jpan,155,7,47
jpn_Jpan,155,8,13
jpn_Jpan,155,9,34
jpn_Jpan,156,0,60
jpn_Jpan,156,1,13
jpn_Jpan,156,2,61
jpn_Jpan,156,3,19
jpn_Jpan,156,4,13
jpn_Jpan,156,5,19
jpn_Jpan,156,6,13
jpn_Jpan,156,7,13
jpn_Jpan,156,8,24
jpn_Jpan,156,9,13
jpn_Jpan,156,10,24
jpn_Jpan,156,11,13
jpn_Jpan,156,12,36
jpn_Jpan,156,13,13
jpn_Jpan,156,14,13
jpn_Jpan,156,15,47
jpn_Jpan,156,16,13
jpn_Jpan,156,17,39
jpn_Jpan,156,18,13
jpn_Jpan,156,19,13
jpn_Jpan,156,20,24
jpn_Jpan,156,21,19
jpn_Jpan,156,22,13
jpn_Jpan,156,23,13
jpn_Jpan,156,24,13
jpn_Jpan,156,25,24
jpn_Jpan,156,26,13
jpn_Jpan,156,27,19
jpn_Jpan,156,28,52
jpn_Jpan,156,29,52
jpn_Jpan,156,30,13
jpn_Jpan,156,31,13
jpn_Jpan,156,32,39
jpn_Jpan,156,33,39
jpn_Jpan,156,34,24
jpn_Jpan,156,35,13
jpn_Jpan,156,36,47
jpn_Jpan,156,37,39
jpn_Jpan,156,38,13
jpn_Jpan,156,39,13
jpn_Jpan,156,40,13
jpn_Jpan,156,41,47
jpn_Jpan,156,42,13
jpn_Jpan,156,43,13
jpn_Jpan,156,44,12
jpn_Jpan,156,45,24
jpn_Jpan,156,46,13
jpn_Jpan,156,47,13
jpn_Jpan,156,48,19
jpn_Jpan,156,49,13
jpn_Jpan,156,50,13
jpn_Jpan,156,51,13
jpn_Jpan,156,52,13
jpn_Jpan,156,53,13
jpn_Jpan,156,54,13
jpn_Jpan,156,55,13
jpn_Jpan,156,56,13
jpn_Jpan,157,0,60
jpn_Jpan,157,1,13
jpn_Jpan,157,2,13
jpn_Jpan,157,3,24
jpn_Jpan,157,4,52
jpn_Jpan,157,5,52
jpn_Jpan,157,6,52
jpn_Jpan,157,7,19
jpn_Jpan,157,8,34
jpn_Jpan,157,9,24
jpn_Jpan,157,10,19
jpn_Jpan,157,11,13
jpn_Jpan,158,0,60
jpn_Jpan,158,1,13
jpn_Jpan,158,2,19
jpn_Jpan,158,3,19
jpn_Jpan,158,4,24
jpn_Jpan,158,5,24
jpn_Jpan,158,6,24
jpn_Jpan,158,7,13
jpn_Jpan,158,8,24
jpn_Jpan,158,9,19
jpn_Jpan,158,10,13
jpn_Jpan,158,11,24
jpn_Jpan,158,12,13
jpn_Jpan,158,13,24
jpn_Jpan,158,14,24
jpn_Jpan,159,0,60
jpn_Jpan,159,1,47
jpn_Jpan,159,2,47
jpn_Jpan,159,3,19
jpn_Jpan,159,4,13
jpn_Jpan,159,5,13
jpn_Jpan,159,6,39
jpn_Jpan,159,7,19
jpn_Jpan,159,8,13
jpn_Jpan,159,9,24
jpn_Jpan,159,10,19
jpn_Jpan,159,11,13
jpn_Jpan,159,12,19
jpn_Jpan,159,13,13
jpn_Jpan,159,14,24
jpn_Jpan,159,15,13
jpn_Jpan,159,16,47
jpn_Jpan,159,17,13
jpn_Jpan,159,18,13
jpn_Jpan,159,19,13
jpn_Jpan,159,20,24
jpn_Jpan,159,21,24
jpn_Jpan,159,22,47
jpn_Jpan,159,23,19
jpn_Jpan,159,24,13
jpn_Jpan,159,25,39
jpn_Jpan,159,26,7
jpn_Jpan,159,27,24
jpn_Jpan,159,28,19
jpn_Jpan,159,29,13
jpn_Jpan,159,30,19
jpn_Jpan,159,31,19
jpn_Jpan,159,32,13
jpn_Jpan,159,33,39
jpn_Jpan,159,34,13
jpn_Jpan,160,0,60
jpn_Jpan,160,1,13
jpn_Jpan,160,2,13
jpn_Jpan,160,3,13
jpn_Jpan,160,4,36
jpn_Jpan,160,5,24
jpn_Jpan,160,6,19
jpn_Jpan,160,7,13
jpn_Jpan,160,8,47
jpn_Jpan,160,9,13
jpn_Jpan,160,10,13
jpn_Jpan,160,11,24
jpn_Jpan,160,12,52
jpn_Jpan,160,13,47
jpn_Jpan,160,14,13
jpn_Jpan,160,15,13
jpn_Jpan,160,16,24
jpn_Jpan,160,17,47
jpn_Jpan,160,18,13
jpn_Jpan,160,19,13
jpn_Jpan,160,20,24
jpn_Jpan,160,21,13
jpn_Jpan,160,22,34
jpn_Jpan,160,23,13
jpn_Jpan,160,24,13
jpn_Jpan,160,25,24
jpn_Jpan,160,26,13
jpn_Jpan,160,27,34
jpn_Jpan,160,28,24
jpn_Jpan,160,29,24
jpn_Jpan,160,30,52
jpn_Jpan,160,31,24
jpn_Jpan,160,32,13
jpn_Jpan,160,33,13
jpn_Jpan,160,34,13
jpn_Jpan,160,35,13
jpn_Jpan,160,36,13
jpn_Jpan,160,37,13
jpn_Jpan,160,38,51
jpn_Jpan,160,39,24
jpn_Jpan,160,40,19
jpn_Jpan,160,41,13
jpn_Jpan,160,42,47
jpn_Jpan,160,43,13
jpn_Jpan,160,44,13
jpn_Jpan,160,45,13
jpn_Jpan,160,46,34
jpn_Jpan,161,0,60
jpn_Jpan,161,1,24
jpn_Jpan,161,2,24
jpn_Jpan,161,3,13
jpn_Jpan,161,4,13
jpn_Jpan,161,5,24
jpn_Jpan,161,6,13
jpn_Jpan,161,7,13
jpn_Jpan,161,8,24
jpn_Jpan,161,9,19
jpn_Jpan,161,10,13
jpn_Jpan,161,11,13
jpn_Jpan,161,12,36
jpn_Jpan,161,13,40
jpn_Jpan,161,14,40
jpn_Jpan,161,15,19
jpn_Jpan,161,16,26
jpn_Jpan,161,17,7
jpn_Jpan,161,18,13
jpn_Jpan,161,19,19
jpn_Jpan,161,20,13
jpn_Jpan,161,21,24
jpn_Jpan,161,22,22
jpn_Jpan,161,23,40
jpn_Jpan,162,0,60
jpn_Jpan,162,1,19
jpn_Jpan,162,2,13
jpn_Jpan,162,3,24
jpn_Jpan,162,4,13
jpn_Jpan,162,5,34
jpn_Jpan,162,6,24
jpn_Jpan,162,7,47
jpn_Jpan,162,8,39
jpn_Jpan,162,9,47
jpn_Jpan,162,10,34
jpn_Jpan,162,11,34
jpn_Jpan,162,12,36
jpn_Jpan,162,13,36
jpn_Jpan,162,14,19
jpn_Jpan,162,15,13
jpn_Jpan,162,16,13
jpn_Jpan,162,17,24
jpn_Jpan,162,18,47
jpn_Jpan,162,19,13
jpn_Jpan,162,20,13
jpn_Jpan,162,21,13
jpn_Jpan,162,22,13
jpn_Jpan,162,23,34
jpn_Jpan,162,24,36
jpn_Jpan,162,25,24
jpn_Jpan,162,26,19
jpn_Jpan,162,27,13
jpn_Jpan,162,28,13
jpn_Jpan,162,29,24
jpn_Jpan,162,30,13
jpn_Jpan,162,31,13
jpn_Jpan,162,32,34
jpn_Jpan,162,33,34
jpn_Jpan,162,34,13
jpn_Jpan,162,35,34
jpn_Jpan,163,0,60
jpn_Jpan,163,1,1
jpn_Jpan,163,2,24
jpn_Jpan,163,3,13
jpn_Jpan,163,4,13
jpn_Jpan,163,5,24
jpn_Jpan,163,6,24
jpn_Jpan,163,7,13
jpn_Jpan,163,8,13
jpn_Jpan,163,9,24
jpn_Jpan,164,0,60
jpn_Jpan,164,1,13
jpn_Jpan,164,2,13
jpn_Jpan,164,3,24
jpn_Jpan,164,4,13
jpn_Jpan,164,5,13
jpn_Jpan,164,6,13
jpn_Jpan,164,7,36
jpn_Jpan,164,8,61
jpn_Jpan,164,9,36
jpn_Jpan,164,10,19
jpn_Jpan,164,11,13
jpn_Jpan,164,12,52
jpn_Jpan,164,13,19
jpn_Jpan,164,14,13
jpn_Jpan,164,15,24
jpn_Jpan,164,16,13
jpn_Jpan,164,17,19
jpn_Jpan,164,18,1
jpn_Jpan,164,19,52
jpn_Jpan,164,20,19
jpn_Jpan,164,21,34
jpn_Jpan,165,0,60
jpn_Jpan,165,1,13
jpn_Jpan,165,2,19
jpn_Jpan,165,3,13
jpn_Jpan,165,4,24
jpn_Jpan,165,5,13
jpn_Jpan,165,6,13
jpn_Jpan,165,7,47
jpn_Jpan,165,8,19
jpn_Jpan,165,9,19
jpn_Jpan,165,10,39
jpn_Jpan,165,11,7
jpn_Jpan,165,12,52
jpn_Jpan,165,13,13
jpn_Jpan,165,14,47
jpn_Jpan,165,15,13
jpn_Jpan,165,16,42
jpn_Jpan,165,17,19
jpn_Jpan,165,18,13
jpn_Jpan,165,19,19
jpn_Jpan,165,20,13
jpn_Jpan,165,21,13
jpn_Jpan,165,22,13
jpn_Jpan,165,23,13
jpn_Jpan,165,24,24
jpn_Jpan,165,25,13
jpn_Jpan,165,26,19
jpn_Jpan,165,27,13
jpn_Jpan,165,28,13
jpn_Jpan,165,29,13
jpn_Jpan,165,30,13
jpn_Jpan,165,31,39
jpn_Jpan,165,32,13
jpn_Jpan,165,33,13
jpn_Jpan,165,34,19
jpn_Jpan,165,35,13
jpn_Jpan,165,36,19
jpn_Jpan,165,37,13
jpn_Jpan,165,38,19
jpn_Jpan,165,39,13
jpn_Jpan,165,40,24
jpn_Jpan,165,41,19
jpn_Jpan,165,42,13
jpn_Jpan,165,43,13
jpn_Jpan,165,44,7
jpn_Jpan,165,45,12
jpn_Jpan,165,46,58
jpn_Jpan,165,47,12
jpn_Jpan,165,48,9
jpn_Jpan,166,0,60
jpn_Jpan,166,1,13
jpn_Jpan,166,2,24
jpn_Jpan,166,3,13
jpn_Jpan,166,4,13
jpn_Jpan,166,5,34
jpn_Jpan,166,6,13
jpn_Jpan,166,7,13
jpn_Jpan,166,8,13
jpn_Jpan,166,9,61
jpn_Jpan,166,10,13
jpn_Jpan,166,11,13
jpn_Jpan,166,12,13
jpn_Jpan,166,13,39
jpn_Jpan,166,14,13
jpn_Jpan,166,15,13
jpn_Jpan,166,16,13
jpn_Jpan,166,17,13
jpn_Jpan,166,18,13
jpn_Jpan,166,19,24
jpn_Jpan,166,20,19
jpn_Jpan,166,21,40
jpn_Jpan,166,22,13
jpn_Jpan,166,23,13
jpn_Jpan,166,24,13
jpn_Jpan,166,25,13
jpn_Jpan,166,26,13
jpn_Jpan,166,27,13
jpn_Jpan,166,28,24
jpn_Jpan,166,29,13
jpn_Jpan,166,30,19
jpn_Jpan,166,31,34
jpn_Jpan,166,32,13
jpn_Jpan,166,33,34
jpn_Jpan,167,0,60
jpn_Jpan,167,1,13
jpn_Jpan,167,2,13
jpn_Jpan,167,3,12
jpn_Jpan,167,4,13
jpn_Jpan,167,5,13
jpn_Jpan,167,6,13
jpn_Jpan,167,7,24
jpn_Jpan,167,8,47
jpn_Jpan,167,9,13
jpn_Jpan,167,10,47
jpn_Jpan,167,11,13
jpn_Jpan,167,12,13
jpn_Jpan,167,13,13
jpn_Jpan,167,14,24
jpn_Jpan,167,15,61
jpn_Jpan,167,16,13
jpn_Jpan,167,17,13
jpn_Jpan,167,18,24
jpn_Jpan,167,19,13
jpn_Jpan,167,20,13
jpn_Jpan,167,21,19
jpn_Jpan,167,22,13
jpn_Jpan,167,23,34
jpn_Jpan,168,0,60
jpn_Jpan,168,1,13
jpn_Jpan,168,2,34
jpn_Jpan,168,3,13
jpn_Jpan,168,4,13
jpn_Jpan,168,5,13
jpn_Jpan,168,6,36
jpn_Jpan,168,7,7
jpn_Jpan,168,8,24
jpn_Jpan,168,9,57
jpn_Jpan,168,10,13
jpn_Jpan,168,11,13
jpn_Jpan,168,12,13
jpn_Jpan,168,13,19
jpn_Jpan,168,14,13
jpn_Jpan,168,15,13
jpn_Jpan,168,16,24
jpn_Jpan,168,17,24
jpn_Jpan,168,18,19
jpn_Jpan,168,19,19
jpn_Jpan,168,20,13
jpn_Jpan,168,21,13
jpn_Jpan,168,22,13
jpn_Jpan,168,23,1
jpn_Jpan,168,24,19
jpn_Jpan,168,25,13
jpn_Jpan,168,26,13
jpn_Jpan,168,27,34
jpn_Jpan,169,0,60
jpn_Jpan,169,1,49
jpn_Jpan,169,2,61
jpn_Jpan,169,3,7
jpn_Jpan,169,4,22
jpn_Jpan,169,5,12
jpn_Jpan,169,6,58
jpn_Jpan,169,7,12
jpn_Jpan,169,8,61
jpn_Jpan,170,0,60
jpn_Jpan,170,1,36
jpn_Jpan,170,2,52
jpn_Jpan,170,3,13
jpn_Jpan,170,4,13
jpn_Jpan,170,5,13
jpn_Jpan,170,6,24
jpn_Jpan,170,7,61
jpn_Jpan,170,8,13
jpn_Jpan,170,9,24
jpn_Jpan,170,10,13
jpn_Jpan,170,11,13
jpn_Jpan,170,12,13
jpn_Jpan,170,13,13
jpn_Jpan,170,14,11
jpn_Jpan,170,15,24
jpn_Jpan,170,16,13
jpn_Jpan,170,17,13
jpn_Jpan,170,18,24
jpn_Jpan,170,19,13
jpn_Jpan,170,20,13
jpn_Jpan,170,21,19
jpn_Jpan,170,22,13
jpn_Jpan,170,23,24
jpn_Jpan,170,24,47
jpn_Jpan,170,25,19
jpn_Jpan,170,26,47
jpn_Jpan,170,27,13
jpn_Jpan,170,28,13
jpn_Jpan,170,29,47
jpn_Jpan,170,30,13
jpn_Jpan,170,31,24
jpn_Jpan,170,32,47
jpn_Jpan,170,33,13
jpn_Jpan,170,34,24
jpn_Jpan,170,35,47
jpn_Jpan,170,36,13
jpn_Jpan,170,37,13
jpn_Jpan,170,38,13
jpn_Jpan,170,39,9
jpn_Jpan,170,40,19
jpn_Jpan,170,41,13
jpn_Jpan,170,42,13
jpn_Jpan,170,43,24
jpn_Jpan,170,44,61
jpn_Jpan,170,45,13
jpn_Jpan,170,46,13
jpn_Jpan,170,47,24
jpn_Jpan,170,48,11
jpn_Jpan,171,0,60
jpn_Jpan,171,1,13
jpn_Jpan,171,2,24
jpn_Jpan,171,3,24
jpn_Jpan,171,4,24
jpn_Jpan,171,5,13
jpn_Jpan,171,6,24
jpn_Jpan,171,7,13
jpn_Jpan,171,8,13
jpn_Jpan,171,9,13
jpn_Jpan,171,10,47
jpn_Jpan,171,11,13
jpn_Jpan,171,12,7
jpn_Jpan,171,13,24
jpn_Jpan,171,14,13
jpn_Jpan,171,15,19
jpn_Jpan,171,16,13
jpn_Jpan,171,17,24
jpn_Jpan,171,18,13
jpn_Jpan,171,19,34
jpn_Jpan,171,20,13
jpn_Jpan,171,21,26
jpn_Jpan,171,22,47
jpn_Jpan,171,23,13
jpn_Jpan,171,24,24
jpn_Jpan,171,25,61
jpn_Jpan,171,26,13
jpn_Jpan,171,27,19
jpn_Jpan,171,28,13
jpn_Jpan,171,29,13
jpn_Jpan,171,30,13
jpn_Jpan,171,31,26
jpn_Jpan,171,32,47
jpn_Jpan,171,33,13
jpn_Jpan,171,34,24
jpn_Jpan,171,35,24
jpn_Jpan,171,36,13
jpn_Jpan,171,37,26
jpn_Jpan,171,38,47
jpn_Jpan,171,39,36
jpn_Jpan,171,40,13
jpn_Jpan,171,41,19
jpn_Jpan,171,42,13
jpn_Jpan,171,43,61
jpn_Jpan,171,44,13
jpn_Jpan,171,45,24
jpn_Jpan,171,46,47
jpn_Jpan,171,47,13
jpn_Jpan,171,48,51
jpn_Jpan,171,49,9
jpn_Jpan,171,50,13
jpn_Jpan,171,51,13
jpn_Jpan,171,52,13
jpn_Jpan,171,53,47
jpn_Jpan,171,54,13
jpn_Jpan,171,55,13
jpn_Jpan,171,56,13
jpn_Jpan,171,57,13
jpn_Jpan,171,58,13
jpn_Jpan,171,59,13
jpn_Jpan,172,0,60
jpn_Jpan,172,1,13
jpn_Jpan,172,2,13
jpn_Jpan,172,3,47
jpn_Jpan,172,4,13
jpn_Jpan,172,5,39
jpn_Jpan,172,6,13
jpn_Jpan,172,7,19
jpn_Jpan,172,8,13
jpn_Jpan,172,9,13
jpn_Jpan,172,10,24
jpn_Jpan,172,11,19
jpn_Jpan,172,12,19
jpn_Jpan,172,13,24
jpn_Jpan,172,14,19
jpn_Jpan,172,15,13
jpn_Jpan,172,16,12
jpn_Jpan,172,17,58
jpn_Jpan,172,18,12
jpn_Jpan,172,19,19
jpn_Jpan,172,20,47
jpn_Jpan,172,21,39
jpn_Jpan,173,0,60
jpn_Jpan,173,1,60
jpn_Jpan,173,2,60
jpn_Jpan,173,3,13
jpn_Jpan,173,4,13
jpn_Jpan,173,5,39
jpn_Jpan,173,6,51
jpn_Jpan,173,7,13
jpn_Jpan,173,8,19
jpn_Jpan,173,9,13
jpn_Jpan,173,10,34
jpn_Jpan,173,11,51
jpn_Jpan,174,0,60
jpn_Jpan,174,1,13
jpn_Jpan,174,2,24
jpn_Jpan,174,3,47
jpn_Jpan,174,4,13
jpn_Jpan,174,5,24
jpn_Jpan,174,6,47
jpn_Jpan,174,7,13
jpn_Jpan,174,8,24
jpn_Jpan,174,9,24
jpn_Jpan,174,10,19
jpn_Jpan,174,11,19
jpn_Jpan,174,12,13
jpn_Jpan,174,13,13
jpn_Jpan,174,14,34
jpn_Jpan,174,15,34
jpn_Jpan,174,16,34
jpn_Jpan,175,0,60
jpn_Jpan,175,1,61
jpn_Jpan,175,2,13
jpn_Jpan,175,3,24
jpn_Jpan,175,4,47
jpn_Jpan,175,5,13
jpn_Jpan,175,6,13
jpn_Jpan,175,7,24
jpn_Jpan,175,8,13
jpn_Jpan,175,9,24
jpn_Jpan,175,10,13
jpn_Jpan,175,11,24
jpn_Jpan,175,12,24
jpn_Jpan,175,13,19
jpn_Jpan,175,14,13
jpn_Jpan,175,15,19
jpn_Jpan,175,16,13
jpn_Jpan,175,17,13
jpn_Jpan,175,18,34
jpn_Jpan,175,19,13
jpn_Jpan,175,20,24
jpn_Jpan,175,21,19
jpn_Jpan,175,22,47
jpn_Jpan,175,23,13
jpn_Jpan,175,24,13
jpn_Jpan,175,25,13
jpn_Jpan,175,26,19
jpn_Jpan,175,27,13
jpn_Jpan,175,28,13
jpn_Jpan,175,29,51
jpn_Jpan,175,30,51
jpn_Jpan,175,31,34
jpn_Jpan,175,32,51
jpn_Jpan,175,33,13
jpn_Jpan,175,34,51
jpn_Jpan,176,0,60
jpn_Jpan,176,1,13
jpn_Jpan,176,2,24
jpn_Jpan,176,3,61
jpn_Jpan,176,4,19
jpn_Jpan,176,5,19
jpn_Jpan,176,6,13
jpn_Jpan,176,7,19
jpn_Jpan,176,8,13
jpn_Jpan,176,9,61
jpn_Jpan,176,10,13
jpn_Jpan,176,11,19
jpn_Jpan,176,12,13
jpn_Jpan,176,13,24
jpn_Jpan,176,14,13
jpn_Jpan,176,15,13
jpn_Jpan,176,16,36
jpn_Jpan,176,17,52
jpn_Jpan,176,18,61
jpn_Jpan,176,19,13
jpn_Jpan,176,20,24
jpn_Jpan,176,21,19
jpn_Jpan,176,22,19
jpn_Jpan,176,23,19
jpn_Jpan,176,24,13
jpn_Jpan,176,25,24
jpn_Jpan,176,26,19
jpn_Jpan,176,27,13
jpn_Jpan,176,28,24
jpn_Jpan,176,29,13
jpn_Jpan,176,30,24
jpn_Jpan,176,31,13
jpn_Jpan,176,32,24
jpn_Jpan,176,33,19
jpn_Jpan,176,34,13
jpn_Jpan,176,35,19
jpn_Jpan,176,36,13
jpn_Jpan,176,37,24
jpn_Jpan,176,38,13
jpn_Jpan,176,39,13
jpn_Jpan,176,40,13
jpn_Jpan,176,41,13
jpn_Jpan,176,42,13
jpn_Jpan,176,43,13
jpn_Jpan,176,44,19
jpn_Jpan,176,45,13
jpn_Jpan,177,0,60
jpn_Jpan,177,1,47
jpn_Jpan,177,2,52
jpn_Jpan,177,3,22
jpn_Jpan,178,0,60
jpn_Jpan,178,1,47
jpn_Jpan,178,2,13
jpn_Jpan,178,3,47
jpn_Jpan,178,4,19
jpn_Jpan,178,5,13
jpn_Jpan,178,6,24
jpn_Jpan,178,7,24
jpn_Jpan,178,8,61
jpn_Jpan,178,9,61
jpn_Jpan,178,10,13
jpn_Jpan,178,11,13
jpn_Jpan,178,12,13
jpn_Jpan,178,13,13
jpn_Jpan,178,14,24
jpn_Jpan,178,15,13
jpn_Jpan,178,16,13
jpn_Jpan,178,17,13
jpn_Jpan,178,18,19
jpn_Jpan,178,19,13
jpn_Jpan,178,20,24
jpn_Jpan,178,21,24
jpn_Jpan,178,22,13
jpn_Jpan,178,23,47
jpn_Jpan,178,24,13
jpn_Jpan,178,25,61
jpn_Jpan,178,26,13
jpn_Jpan,178,27,13
jpn_Jpan,178,28,61
jpn_Jpan,178,29,19
jpn_Jpan,178,30,13
jpn_Jpan,178,31,19
jpn_Jpan,178,32,13
jpn_Jpan,178,33,13
jpn_Jpan,178,34,13
jpn_Jpan,178,35,52
jpn_Jpan,178,36,24
jpn_Jpan,178,37,52
jpn_Jpan,178,38,24
jpn_Jpan,178,39,24
jpn_Jpan,178,40,13
jpn_Jpan,178,41,19
jpn_Jpan,178,42,13
jpn_Jpan,178,43,19
jpn_Jpan,178,44,13
jpn_Jpan,178,45,36
jpn_Jpan,178,46,24
jpn_Jpan,178,47,13
jpn_Jpan,178,48,13
jpn_Jpan,178,49,13
jpn_Jpan,178,50,34
jpn_Jpan,179,0,60
jpn_Jpan,179,1,39
jpn_Jpan,179,2,13
jpn_Jpan,179,3,13
jpn_Jpan,179,4,24
jpn_Jpan,179,5,13
jpn_Jpan,179,6,13
jpn_Jpan,179,7,61
jpn_Jpan,179,8,13
jpn_Jpan,179,9,13
jpn_Jpan,179,10,13
jpn_Jpan,179,11,13
jpn_Jpan,179,12,13
jpn_Jpan,179,13,24
jpn_Jpan,179,14,24
jpn_Jpan,179,15,19
jpn_Jpan,179,16,36
jpn_Jpan,179,17,13
jpn_Jpan,179,18,24
jpn_Jpan,179,19,13
jpn_Jpan,179,20,13
jpn_Jpan,179,21,24
jpn_Jpan,179,22,13
jpn_Jpan,179,23,13
jpn_Jpan,179,24,13
jpn_Jpan,179,25,24
jpn_Jpan,179,26,19
jpn_Jpan,179,27,13
jpn_Jpan,179,28,19
jpn_Jpan,179,29,13
jpn_Jpan,179,30,13
jpn_Jpan,179,31,9
jpn_Jpan,179,32,52
jpn_Jpan,179,33,52
jpn_Jpan,179,34,52
jpn_Jpan,179,35,61
jpn_Jpan,179,36,27
jpn_Jpan,179,37,26
jpn_Jpan,179,38,13
jpn_Jpan,180,0,60
jpn_Jpan,180,1,19
jpn_Jpan,180,2,22
jpn_Jpan,181,0,60
jpn_Jpan,181,1,13
jpn_Jpan,181,2,13
jpn_Jpan,181,3,24
jpn_Jpan,181,4,47
jpn_Jpan,181,5,13
jpn_Jpan,181,6,19
jpn_Jpan,181,7,13
jpn_Jpan,181,8,52
jpn_Jpan,181,9,19
jpn_Jpan,181,10,13
jpn_Jpan,181,11,13
jpn_Jpan,181,12,36
jpn_Jpan,181,13,24
jpn_Jpan,181,14,52
jpn_Jpan,181,15,13
jpn_Jpan,181,16,24
jpn_Jpan,181,17,47
jpn_Jpan,181,18,13
jpn_Jpan,181,19,13
jpn_Jpan,181,20,13
jpn_Jpan,181,21,47
jpn_Jpan,181,22,13
jpn_Jpan,181,23,13
jpn_Jpan,181,24,13
jpn_Jpan,181,25,13
jpn_Jpan,181,26,24
jpn_Jpan,181,27,47
jpn_Jpan,181,28,24
jpn_Jpan,181,29,19
jpn_Jpan,181,30,1
jpn_Jpan,181,31,13
jpn_Jpan,181,32,19
jpn_Jpan,181,33,13
jpn_Jpan,181,34,13
jpn_Jpan,181,35,24
jpn_Jpan,181,36,47
jpn_Jpan,181,37,13
jpn_Jpan,181,38,34
jpn_Jpan,181,39,13
jpn_Jpan,181,40,34
jpn_Jpan,182,0,60
jpn_Jpan,182,1,13
jpn_Jpan,182,2,13
jpn_Jpan,182,3,52
jpn_Jpan,182,4,24
jpn_Jpan,182,5,13
jpn_Jpan,182,6,24
jpn_Jpan,182,7,52
jpn_Jpan,182,8,47
jpn_Jpan,182,9,13
jpn_Jpan,182,10,13
jpn_Jpan,182,11,13
jpn_Jpan,182,12,13
jpn_Jpan,182,13,19
jpn_Jpan,182,14,13
jpn_Jpan,182,15,24
jpn_Jpan,182,16,47
jpn_Jpan,182,17,13
jpn_Jpan,182,18,13
jpn_Jpan,182,19,24
jpn_Jpan,182,20,19
jpn_Jpan,182,21,13
jpn_Jpan,182,22,34
jpn_Jpan,182,23,51
jpn_Jpan,183,0,60
jpn_Jpan,183,1,13
jpn_Jpan,183,2,13
jpn_Jpan,183,3,19
jpn_Jpan,183,4,13
jpn_Jpan,183,5,61
jpn_Jpan,183,6,13
jpn_Jpan,183,7,9
jpn_Jpan,183,8,9
jpn_Jpan,183,9,13
jpn_Jpan,183,10,19
jpn_Jpan,183,11,19
jpn_Jpan,183,12,13
jpn_Jpan,183,13,52
jpn_Jpan,183,14,13
jpn_Jpan,183,15,13
jpn_Jpan,183,16,24
jpn_Jpan,183,17,47
jpn_Jpan,183,18,13
jpn_Jpan,183,19,13
jpn_Jpan,183,20,13
jpn_Jpan,183,21,52
jpn_Jpan,183,22,19
jpn_Jpan,183,23,13
jpn_Jpan,183,24,13
jpn_Jpan,183,25,19
jpn_Jpan,183,26,19
jpn_Jpan,183,27,19
jpn_Jpan,183,28,13
jpn_Jpan,183,29,19
jpn_Jpan,183,30,13
jpn_Jpan,183,31,24
jpn_Jpan,183,32,19
jpn_Jpan,183,33,36
jpn_Jpan,183,34,61
jpn_Jpan,183,35,13
jpn_Jpan,183,36,19
jpn_Jpan,183,37,13
jpn_Jpan,183,38,13
jpn_Jpan,183,39,24
jpn_Jpan,183,40,47
jpn_Jpan,183,41,13
jpn_Jpan,183,42,34
jpn_Jpan,183,43,19
jpn_Jpan,183,44,13
jpn_Jpan,184,0,60
jpn_Jpan,184,1,36
jpn_Jpan,184,2,36
jpn_Jpan,184,3,26
jpn_Jpan,184,4,36
jpn_Jpan,184,5,19
jpn_Jpan,184,6,13
jpn_Jpan,184,7,13
jpn_Jpan,184,8,13
jpn_Jpan,184,9,24
jpn_Jpan,184,10,24
jpn_Jpan,184,11,13
jpn_Jpan,184,12,24
jpn_Jpan,184,13,47
jpn_Jpan,184,14,19
jpn_Jpan,184,15,13
jpn_Jpan,184,16,13
jpn_Jpan,184,17,24
jpn_Jpan,184,18,47
jpn_Jpan,184,19,13
jpn_Jpan,184,20,13
jpn_Jpan,184,21,13
jpn_Jpan,184,22,47
jpn_Jpan,184,23,39
jpn_Jpan,184,24,47
jpn_Jpan,184,25,13
jpn_Jpan,184,26,13
jpn_Jpan,184,27,19
jpn_Jpan,184,28,13
jpn_Jpan,184,29,24
jpn_Jpan,184,30,47
jpn_Jpan,184,31,13
jpn_Jpan,184,32,34
jpn_Jpan,184,33,24
jpn_Jpan,184,34,24
jpn_Jpan,184,35,13
jpn_Jpan,184,36,19
jpn_Jpan,184,37,13
jpn_Jpan,184,38,7
jpn_Jpan,184,39,24
jpn_Jpan,184,40,13
jpn_Jpan,184,41,47
jpn_Jpan,184,42,47
jpn_Jpan,184,43,34
jpn_Jpan,184,44,34
jpn_Jpan,184,45,9
jpn_Jpan,184,46,24
jpn_Jpan,184,47,13
jpn_Jpan,184,48,13
jpn_Jpan,184,49,24
jpn_Jpan,184,50,1
jpn_Jpan,184,51,52
jpn_Jpan,184,52,13
jpn_Jpan,184,53,13
jpn_Jpan,184,54,47
jpn_Jpan,184,55,36
jpn_Jpan,184,56,19
jpn_Jpan,184,57,36
jpn_Jpan,185,0,60
jpn_Jpan,185,1,36
jpn_Jpan,185,2,24
jpn_Jpan,185,3,13
jpn_Jpan,185,4,36
jpn_Jpan,185,5,24
jpn_Jpan,185,6,19
jpn_Jpan,185,7,13
jpn_Jpan,185,8,19
jpn_Jpan,185,9,13
jpn_Jpan,185,10,11
jpn_Jpan,185,11,19
jpn_Jpan,185,12,36
jpn_Jpan,185,13,36
jpn_Jpan,185,14,26
jpn_Jpan,185,15,26
jpn_Jpan,185,16,36
jpn_Jpan,185,17,24
jpn_Jpan,185,18,13
jpn_Jpan,185,19,13
jpn_Jpan,185,20,39
jpn_Jpan,185,21,13
jpn_Jpan,185,22,13
jpn_Jpan,185,23,13
jpn_Jpan,185,24,24
jpn_Jpan,185,25,26
jpn_Jpan,185,26,19
jpn_Jpan,185,27,36
jpn_Jpan,185,28,36
jpn_Jpan,185,29,61
jpn_Jpan,185,30,36
jpn_Jpan,185,31,26
jpn_Jpan,185,32,19
jpn_Jpan,185,33,36
jpn_Jpan,185,34,13
jpn_Jpan,185,35,61
jpn_Jpan,185,36,13
jpn_Jpan,185,37,13
jpn_Jpan,185,38,13
jpn_Jpan,185,39,39
jpn_Jpan,185,40,13
jpn_Jpan,185,41,47
jpn_Jpan,185,42,13
jpn_Jpan,185,43,13
jpn_Jpan,185,44,13
jpn_Jpan,185,45,24
jpn_Jpan,185,46,13
jpn_Jpan,185,47,13
jpn_Jpan,185,48,19
jpn_Jpan,185,49,34
jpn_Jpan,185,50,13
jpn_Jpan,185,51,13
jpn_Jpan,185,52,13
jpn_Jpan,186,0,60
jpn_Jpan,186,1,27
jpn_Jpan,186,2,47
jpn_Jpan,186,3,39
jpn_Jpan,186,4,27
jpn_Jpan,186,5,13
jpn_Jpan,186,6,57
jpn_Jpan,186,7,8
jpn_Jpan,186,8,11
jpn_Jpan,186,9,13
jpn_Jpan,186,10,13
jpn_Jpan,186,11,39
jpn_Jpan,186,12,39
jpn_Jpan,186,13,13
jpn_Jpan,186,14,24
jpn_Jpan,186,15,61
jpn_Jpan,186,16,19
jpn_Jpan,186,17,13
jpn_Jpan,186,18,13
jpn_Jpan,186,19,13
jpn_Jpan,186,20,47
jpn_Jpan,186,21,13
jpn_Jpan,186,22,13
jpn_Jpan,186,23,47
jpn_Jpan,186,24,19
jpn_Jpan,186,25,13
jpn_Jpan,186,26,24
jpn_Jpan,186,27,13
jpn_Jpan,186,28,13
jpn_Jpan,186,29,13
jpn_Jpan,186,30,47
jpn_Jpan,186,31,34
jpn_Jpan,187,0,60
jpn_Jpan,187,1,13
jpn_Jpan,187,2,36
jpn_Jpan,187,3,13
jpn_Jpan,187,4,13
jpn_Jpan,187,5,13
jpn_Jpan,187,6,19
jpn_Jpan,187,7,13
jpn_Jpan,187,8,24
jpn_Jpan,187,9,24
jpn_Jpan,187,10,51
jpn_Jpan,187,11,13
jpn_Jpan,188,0,60
jpn_Jpan,188,1,13
jpn_Jpan,188,2,13
jpn_Jpan,188,3,39
jpn_Jpan,188,4,47
jpn_Jpan,188,5,13
jpn_Jpan,188,6,39
jpn_Jpan,188,7,13
jpn_Jpan,188,8,61
jpn_Jpan,188,9,61
jpn_Jpan,188,10,61
jpn_Jpan,188,11,13
jpn_Jpan,188,12,39
jpn_Jpan,188,13,61
jpn_Jpan,188,14,39
jpn_Jpan,188,15,13
jpn_Jpan,188,16,19
jpn_Jpan,188,17,13
jpn_Jpan,188,18,19
jpn_Jpan,188,19,13
jpn_Jpan,188,20,24
jpn_Jpan,188,21,1
jpn_Jpan,188,22,13
jpn_Jpan,188,23,61
jpn_Jpan,188,24,26
jpn_Jpan,188,25,36
jpn_Jpan,188,26,26
jpn_Jpan,188,27,47
jpn_Jpan,188,28,13
jpn_Jpan,188,29,24
jpn_Jpan,188,30,61
jpn_Jpan,188,31,36
jpn_Jpan,189,0,60
jpn_Jpan,189,1,13
jpn_Jpan,189,2,24
jpn_Jpan,189,3,13
jpn_Jpan,189,4,13
jpn_Jpan,189,5,24
jpn_Jpan,189,6,13
jpn_Jpan,189,7,24
jpn_Jpan,189,8,13
jpn_Jpan,189,9,19
jpn_Jpan,189,10,39
jpn_Jpan,189,11,39
jpn_Jpan,189,12,13
jpn_Jpan,189,13,13
jpn_Jpan,189,14,13
jpn_Jpan,189,15,24
jpn_Jpan,189,16,19
jpn_Jpan,189,17,13
jpn_Jpan,189,18,34
jpn_Jpan,189,19,34
jpn_Jpan,190,0,60
jpn_Jpan,190,1,13
jpn_Jpan,190,2,19
jpn_Jpan,190,3,13
jpn_Jpan,190,4,24
jpn_Jpan,190,5,13
jpn_Jpan,190,6,13
jpn_Jpan,190,7,13
jpn_Jpan,190,8,13
jpn_Jpan,190,9,24
jpn_Jpan,190,10,47
jpn_Jpan,190,11,19
jpn_Jpan,190,12,39
jpn_Jpan,190,13,13
jpn_Jpan,190,14,13
jpn_Jpan,190,15,24
jpn_Jpan,190,16,19
jpn_Jpan,190,17,13
jpn_Jpan,190,18,47
jpn_Jpan,190,19,13
jpn_Jpan,190,20,24
jpn_Jpan,190,21,13
jpn_Jpan,190,22,13
jpn_Jpan,190,23,13
jpn_Jpan,190,24,13
jpn_Jpan,190,25,13
jpn_Jpan,190,26,13
jpn_Jpan,190,27,36
jpn_Jpan,190,28,34
jpn_Jpan,191,0,60
jpn_Jpan,191,1,13
jpn_Jpan,191,2,9
jpn_Jpan,191,3,13
jpn_Jpan,191,4,47
jpn_Jpan,191,5,13
jpn_Jpan,191,6,7
jpn_Jpan,191,7,9
jpn_Jpan,191,8,9
jpn_Jpan,191,9,47
jpn_Jpan,191,10,13
jpn_Jpan,191,11,13
jpn_Jpan,191,12,47
jpn_Jpan,191,13,13
jpn_Jpan,191,14,12
jpn_Jpan,191,15,19
jpn_Jpan,191,16,39
jpn_Jpan,191,17,47
jpn_Jpan,191,18,39
jpn_Jpan,191,19,13
jpn_Jpan,191,20,24
jpn_Jpan,191,21,47
jpn_Jpan,191,22,47
jpn_Jpan,191,23,13
jpn_Jpan,191,24,13
jpn_Jpan,191,25,13
jpn_Jpan,191,26,13
jpn_Jpan,191,27,19
jpn_Jpan,191,28,34
jpn_Jpan,192,0,60
jpn_Jpan,192,1,24
jpn_Jpan,192,2,13
jpn_Jpan,192,3,24
jpn_Jpan,192,4,19
jpn_Jpan,192,5,13
jpn_Jpan,192,6,24
jpn_Jpan,192,7,13
jpn_Jpan,192,8,13
jpn_Jpan,192,9,34
jpn_Jpan,193,0,60
jpn_Jpan,193,1,13
jpn_Jpan,193,2,24
jpn_Jpan,193,3,47
jpn_Jpan,193,4,61
jpn_Jpan,193,5,13
jpn_Jpan,193,6,13
jpn_Jpan,193,7,13
jpn_Jpan,193,8,13
jpn_Jpan,193,9,13
jpn_Jpan,193,10,26
jpn_Jpan,193,11,47
jpn_Jpan,193,12,13
jpn_Jpan,193,13,19
jpn_Jpan,193,14,13
jpn_Jpan,193,15,24
jpn_Jpan,193,16,19
jpn_Jpan,193,17,13
jpn_Jpan,193,18,19
jpn_Jpan,193,19,36
jpn_Jpan,193,20,24
jpn_Jpan,193,21,13
jpn_Jpan,193,22,19
jpn_Jpan,193,23,13
jpn_Jpan,193,24,24
jpn_Jpan,193,25,13
jpn_Jpan,193,26,19
jpn_Jpan,193,27,34
jpn_Jpan,193,28,13
jpn_Jpan,193,29,24
jpn_Jpan,193,30,13
jpn_Jpan,193,31,13
jpn_Jpan,193,32,13
jpn_Jpan,193,33,34
jpn_Jpan,194,0,60
jpn_Jpan,194,1,13
jpn_Jpan,194,2,13
jpn_Jpan,194,3,13
jpn_Jpan,194,4,12
jpn_Jpan,194,5,13
jpn_Jpan,194,6,13
jpn_Jpan,194,7,13
jpn_Jpan,194,8,61
jpn_Jpan,194,9,61
jpn_Jpan,194,10,19
jpn_Jpan,194,11,13
jpn_Jpan,194,12,13
jpn_Jpan,194,13,19
jpn_Jpan,194,14,47
jpn_Jpan,194,15,13
jpn_Jpan,194,16,13
jpn_Jpan,194,17,39
jpn_Jpan,194,18,61
jpn_Jpan,194,19,13
jpn_Jpan,194,20,13
jpn_Jpan,195,0,60
jpn_Jpan,195,1,13
jpn_Jpan,195,2,13
jpn_Jpan,195,3,13
jpn_Jpan,195,4,39
jpn_Jpan,195,5,39
jpn_Jpan,195,6,13
jpn_Jpan,195,7,13
jpn_Jpan,195,8,13
jpn_Jpan,195,9,13
jpn_Jpan,195,10,47
jpn_Jpan,195,11,52
jpn_Jpan,195,12,19
jpn_Jpan,195,13,13
jpn_Jpan,195,14,13
jpn_Jpan,195,15,19
jpn_Jpan,195,16,13
jpn_Jpan,195,17,12
jpn_Jpan,195,18,12
jpn_Jpan,195,19,47
jpn_Jpan,195,20,13
jpn_Jpan,196,0,60
jpn_Jpan,196,1,13
jpn_Jpan,196,2,47
jpn_Jpan,196,3,19
jpn_Jpan,196,4,13
jpn_Jpan,196,5,19
jpn_Jpan,196,6,13
jpn_Jpan,196,7,19
jpn_Jpan,196,8,13
jpn_Jpan,196,9,24
jpn_Jpan,196,10,19
jpn_Jpan,196,11,13
jpn_Jpan,196,12,13
jpn_Jpan,196,13,24
jpn_Jpan,196,14,47
jpn_Jpan,196,15,13
jpn_Jpan,196,16,13
jpn_Jpan,196,17,13
jpn_Jpan,196,18,13
jpn_Jpan,196,19,61
jpn_Jpan,196,20,19
jpn_Jpan,196,21,19
jpn_Jpan,196,22,39
jpn_Jpan,196,23,13
jpn_Jpan,196,24,13
jpn_Jpan,196,25,47
jpn_Jpan,196,26,61
jpn_Jpan,196,27,13
jpn_Jpan,196,28,13
jpn_Jpan,196,29,13
jpn_Jpan,196,30,24
jpn_Jpan,196,31,13
jpn_Jpan,196,32,47
jpn_Jpan,196,33,13
jpn_Jpan,196,34,13
jpn_Jpan,196,35,13
jpn_Jpan,196,36,13
jpn_Jpan,196,37,13
jpn_Jpan,196,38,13
jpn_Jpan,197,0,60
jpn_Jpan,197,1,24
jpn_Jpan,197,2,13
jpn_Jpan,197,3,13
jpn_Jpan,197,4,13
jpn_Jpan,197,5,36
jpn_Jpan,197,6,1
jpn_Jpan,197,7,19
jpn_Jpan,197,8,13
jpn_Jpan,197,9,24
jpn_Jpan,197,10,52
jpn_Jpan,197,11,52
jpn_Jpan,197,12,52
jpn_Jpan,197,13,13
jpn_Jpan,197,14,34
jpn_Jpan,197,15,24
jpn_Jpan,197,16,24
jpn_Jpan,197,17,13
jpn_Jpan,197,18,19
jpn_Jpan,197,19,19
jpn_Jpan,197,20,13
jpn_Jpan,197,21,13
jpn_Jpan,197,22,19
jpn_Jpan,197,23,13
jpn_Jpan,197,24,24
jpn_Jpan,197,25,47
jpn_Jpan,197,26,47
jpn_Jpan,197,27,61
jpn_Jpan,197,28,13
jpn_Jpan,197,29,24
jpn_Jpan,197,30,52
jpn_Jpan,197,31,19
jpn_Jpan,197,32,13
jpn_Jpan,197,33,13
jpn_Jpan,197,34,61
jpn_Jpan,197,35,13
jpn_Jpan,197,36,34
jpn_Jpan,197,37,13
jpn_Jpan,197,38,13
jpn_Jpan,197,39,34
jpn_Jpan,198,0,60
jpn_Jpan,198,1,6
jpn_Jpan,198,2,13
jpn_Jpan,198,3,13
jpn_Jpan,198,4,36
jpn_Jpan,198,5,24
jpn_Jpan,198,6,61
jpn_Jpan,198,7,61
jpn_Jpan,198,8,19
jpn_Jpan,198,9,13
jpn_Jpan,198,10,36
jpn_Jpan,198,11,24
jpn_Jpan,198,12,13
jpn_Jpan,198,13,19
jpn_Jpan,198,14,28
jpn_Jpan,198,15,61
jpn_Jpan,198,16,19
jpn_Jpan,198,17,13
jpn_Jpan,198,18,13
jpn_Jpan,198,19,13
jpn_Jpan,198,20,13
jpn_Jpan,198,21,34
jpn_Jpan,199,0,60
jpn_Jpan,199,1,13
jpn_Jpan,199,2,1
jpn_Jpan,199,3,13
jpn_Jpan,199,4,13
jpn_Jpan,199,5,12
jpn_Jpan,199,6,26
jpn_Jpan,199,7,13
jpn_Jpan,199,8,24
jpn_Jpan,199,9,24
jpn_Jpan,199,10,19
jpn_Jpan,199,11,13
jpn_Jpan,199,12,47
jpn_Jpan,199,13,24
jpn_Jpan,199,14,24
jpn_Jpan,199,15,19
jpn_Jpan,199,16,13
jpn_Jpan,199,17,47
jpn_Jpan,199,18,13
jpn_Jpan,199,19,24
jpn_Jpan,199,20,47
jpn_Jpan,199,21,39
jpn_Jpan,199,22,13
jpn_Jpan,199,23,13
jpn_Jpan,200,0,60
jpn_Jpan,200,1,24
jpn_Jpan,200,2,24
jpn_Jpan,200,3,13
jpn_Jpan,200,4,47
jpn_Jpan,200,5,52
jpn_Jpan,200,6,13
jpn_Jpan,200,7,13
jpn_Jpan,200,8,13
jpn_Jpan,200,9,13
jpn_Jpan,200,10,13
jpn_Jpan,200,11,24
jpn_Jpan,200,12,47
jpn_Jpan,200,13,13
jpn_Jpan,200,14,13
jpn_Jpan,200,15,61
jpn_Jpan,200,16,61
jpn_Jpan,200,17,13
jpn_Jpan,200,18,24
jpn_Jpan,200,19,13
jpn_Jpan,200,20,24
jpn_Jpan,200,21,19
jpn_Jpan,200,22,13
jpn_Jpan,200,23,13
jpn_Jpan,200,24,13
jpn_Jpan,200,25,13
jpn_Jpan,200,26,13
jpn_Jpan,200,27,7
jpn_Jpan,200,28,13
jpn_Jpan,200,29,13
jpn_Jpan,200,30,34
jpn_Jpan,200,31,13
jpn_Jpan,200,32,13
jpn_Jpan,200,33,13
jpn_Jpan,200,34,13
jpn_Jpan,200,35,47
jpn_Jpan,200,36,47
jpn_Jpan,200,37,13
jpn_Jpan,200,38,13
jpn_Jpan,200,39,47
jpn_Jpan,200,40,19
jpn_Jpan,200,41,13
jpn_Jpan,200,42,13
jpn_Jpan,200,43,34
jpn_Jpan,201,0,60
jpn_Jpan,201,1,13
jpn_Jpan,201,2,24
jpn_Jpan,201,3,13
jpn_Jpan,201,4,47
jpn_Jpan,201,5,47
jpn_Jpan,201,6,13
jpn_Jpan,201,7,24
jpn_Jpan,201,8,13
jpn_Jpan,201,9,47
jpn_Jpan,201,10,34
jpn_Jpan,201,11,61
jpn_Jpan,201,12,13
jpn_Jpan,201,13,34
jpn_Jpan,201,14,13
jpn_Jpan,201,15,39
jpn_Jpan,201,16,13
jpn_Jpan,201,17,34
jpn_Jpan,201,18,13
jpn_Jpan,201,19,19
jpn_Jpan,201,20,13
jpn_Jpan,201,21,13
jpn_Jpan,201,22,34
jpn_Jpan,202,0,60
jpn_Jpan,202,1,13
jpn_Jpan,202,2,19
jpn_Jpan,202,3,36
jpn_Jpan,202,4,19
jpn_Jpan,202,5,13
jpn_Jpan,202,6,19
jpn_Jpan,202,7,12
jpn_Jpan,202,8,12
jpn_Jpan,202,9,26
jpn_Jpan,202,10,47
jpn_Jpan,202,11,36
jpn_Jpan,202,12,19
jpn_Jpan,202,13,36
jpn_Jpan,202,14,12
jpn_Jpan,202,15,26
jpn_Jpan,202,16,47
jpn_Jpan,202,17,36
jpn_Jpan,202,18,13
jpn_Jpan,202,19,13
jpn_Jpan,202,20,12
jpn_Jpan,202,21,36
jpn_Jpan,202,22,13
jpn_Jpan,202,23,24
jpn_Jpan,202,24,13
jpn_Jpan,202,25,61
jpn_Jpan,202,26,13
jpn_Jpan,202,27,1
jpn_Jpan,202,28,52
jpn_Jpan,202,29,12
jpn_Jpan,202,30,61
jpn_Jpan,202,31,36
jpn_Jpan,202,32,19
jpn_Jpan,202,33,36
jpn_Jpan,202,34,19
jpn_Jpan,202,35,13
jpn_Jpan,202,36,19
jpn_Jpan,202,37,12
jpn_Jpan,202,38,24
jpn_Jpan,202,39,61
jpn_Jpan,202,40,13
jpn_Jpan,202,41,13
jpn_Jpan,202,42,13
jpn_Jpan,202,43,13
jpn_Jpan,202,44,13
jpn_Jpan,202,45,61
jpn_Jpan,202,46,13
jpn_Jpan,202,47,24
jpn_Jpan,202,48,13
jpn_Jpan,202,49,13
jpn_Jpan,202,50,13
jpn_Jpan,202,51,13
jpn_Jpan,202,52,26
jpn_Jpan,202,53,47
jpn_Jpan,202,54,13
jpn_Jpan,202,55,19
jpn_Jpan,202,56,13
jpn_Jpan,203,0,60
jpn_Jpan,203,1,13
jpn_Jpan,203,2,13
jpn_Jpan,203,3,13
jpn_Jpan,203,4,12
jpn_Jpan,203,5,13
jpn_Jpan,203,6,13
jpn_Jpan,203,7,13
jpn_Jpan,203,8,39
jpn_Jpan,203,9,19
jpn_Jpan,203,10,13
jpn_Jpan,203,11,13
jpn_Jpan,203,12,13
jpn_Jpan,204,0,60
jpn_Jpan,204,1,12
jpn_Jpan,204,2,19
jpn_Jpan,204,3,40
jpn_Jpan,204,4,46
jpn_Jpan,204,5,24
jpn_Jpan,204,6,47
jpn_Jpan,204,7,19
jpn_Jpan,204,8,13
jpn_Jpan,204,9,13
jpn_Jpan,204,10,24
jpn_Jpan,204,11,47
jpn_Jpan,204,12,13
jpn_Jpan,204,13,47
jpn_Jpan,204,14,47
jpn_Jpan,204,15,13
jpn_Jpan,204,16,13
jpn_Jpan,204,17,19
jpn_Jpan,204,18,13
jpn_Jpan,204,19,34
jpn_Jpan,204,20,24
jpn_Jpan,204,21,29
jpn_Jpan,204,22,34
jpn_Jpan,204,23,24
jpn_Jpan,204,24,13
jpn_Jpan,204,25,13
jpn_Jpan,204,26,13
jpn_Jpan,204,27,34
jpn_Jpan,204,28,24
jpn_Jpan,204,29,13
jpn_Jpan,204,30,34
jpn_Jpan,204,31,13
jpn_Jpan,204,32,34
jpn_Jpan,204,33,34
jpn_Jpan,205,0,60
jpn_Jpan,205,1,7
jpn_Jpan,206,0,60
jpn_Jpan,206,1,47
jpn_Jpan,206,2,13
jpn_Jpan,206,3,13
jpn_Jpan,206,4,47
jpn_Jpan,206,5,13
jpn_Jpan,206,6,36
jpn_Jpan,206,7,47
jpn_Jpan,206,8,19
jpn_Jpan,206,9,13
jpn_Jpan,206,10,13
jpn_Jpan,206,11,34
jpn_Jpan,207,0,60
jpn_Jpan,207,1,13
jpn_Jpan,207,2,13
jpn_Jpan,207,3,13
jpn_Jpan,207,4,47
jpn_Jpan,207,5,13
jpn_Jpan,207,6,13
jpn_Jpan,207,7,13
jpn_Jpan,207,8,24
jpn_Jpan,207,9,13
jpn_Jpan,207,10,51
jpn_Jpan,207,11,11
jpn_Jpan,208,0,60
jpn_Jpan,208,1,13
jpn_Jpan,208,2,13
jpn_Jpan,208,3,19
jpn_Jpan,208,4,13
jpn_Jpan,208,5,13
jpn_Jpan,208,6,19
jpn_Jpan,208,7,19
jpn_Jpan,208,8,39
jpn_Jpan,208,9,13
jpn_Jpan,208,10,24
jpn_Jpan,208,11,19
jpn_Jpan,208,12,13
jpn_Jpan,208,13,61
jpn_Jpan,208,14,13
jpn_Jpan,208,15,13
jpn_Jpan,208,16,19
jpn_Jpan,208,17,39
jpn_Jpan,208,18,24
jpn_Jpan,208,19,19
jpn_Jpan,208,20,36
jpn_Jpan,208,21,13
jpn_Jpan,208,22,24
jpn_Jpan,208,23,13
jpn_Jpan,208,24,13
jpn_Jpan,208,25,13
jpn_Jpan,208,26,13
jpn_Jpan,208,27,13
jpn_Jpan,208,28,13
jpn_Jpan,208,29,13
jpn_Jpan,208,30,13
jpn_Jpan,208,31,19
jpn_Jpan,208,32,13
jpn_Jpan,208,33,13
jpn_Jpan,208,34,34
jpn_Jpan,208,35,24
jpn_Jpan,208,36,24
jpn_Jpan,208,37,13
jpn_Jpan,208,38,47
jpn_Jpan,208,39,13
jpn_Jpan,208,40,13
jpn_Jpan,208,41,19
jpn_Jpan,208,42,13
jpn_Jpan,208,43,13
jpn_Jpan,208,44,61
jpn_Jpan,208,45,13
jpn_Jpan,208,46,13
jpn_Jpan,208,47,34
jpn_Jpan,208,48,24
jpn_Jpan,208,49,13
jpn_Jpan,208,50,34
jpn_Jpan,208,51,34
jpn_Jpan,209,0,60
jpn_Jpan,209,1,13
jpn_Jpan,209,2,19
jpn_Jpan,209,3,13
jpn_Jpan,209,4,24
jpn_Jpan,209,5,47
jpn_Jpan,209,6,13
jpn_Jpan,209,7,19
jpn_Jpan,209,8,7
jpn_Jpan,209,9,39
jpn_Jpan,209,10,13
jpn_Jpan,209,11,13
jpn_Jpan,209,12,19
jpn_Jpan,209,13,13
jpn_Jpan,209,14,13
jpn_Jpan,209,15,13
jpn_Jpan,209,16,24
jpn_Jpan,209,17,47
jpn_Jpan,209,18,13
jpn_Jpan,209,19,61
jpn_Jpan,209,20,13
jpn_Jpan,209,21,24
jpn_Jpan,209,22,24
jpn_Jpan,209,23,24
jpn_Jpan,209,24,19
jpn_Jpan,209,25,13
jpn_Jpan,209,26,13
jpn_Jpan,210,0,60
jpn_Jpan,210,1,24
jpn_Jpan,210,2,7
jpn_Jpan,210,3,24
jpn_Jpan,210,4,7
jpn_Jpan,210,5,12
jpn_Jpan,210,6,19
jpn_Jpan,210,7,39
jpn_Jpan,210,8,39
jpn_Jpan,210,9,24
jpn_Jpan,210,10,61
jpn_Jpan,210,11,47
jpn_Jpan,210,12,24
jpn_Jpan,210,13,13
jpn_Jpan,211,0,60
jpn_Jpan,211,1,13
jpn_Jpan,211,2,13
jpn_Jpan,211,3,13
jpn_Jpan,211,4,39
jpn_Jpan,211,5,47
jpn_Jpan,211,6,13
jpn_Jpan,211,7,7
jpn_Jpan,211,8,47
jpn_Jpan,211,9,19
jpn_Jpan,211,10,7
jpn_Jpan,211,11,61
jpn_Jpan,211,12,7
jpn_Jpan,211,13,9
jpn_Jpan,211,14,19
jpn_Jpan,211,15,13
jpn_Jpan,211,16,36
jpn_Jpan,211,17,19
jpn_Jpan,211,18,7
jpn_Jpan,211,19,9
jpn_Jpan,211,20,13
jpn_Jpan,211,21,24
jpn_Jpan,211,22,47
jpn_Jpan,211,23,13
jpn_Jpan,211,24,13
jpn_Jpan,211,25,39
jpn_Jpan,211,26,13
jpn_Jpan,211,27,13
jpn_Jpan,211,28,24
jpn_Jpan,211,29,47
jpn_Jpan,211,30,47
jpn_Jpan,211,31,13
jpn_Jpan,211,32,13
jpn_Jpan,211,33,61
jpn_Jpan,211,34,13
jpn_Jpan,211,35,13
jpn_Jpan,212,0,60
jpn_Jpan,212,1,61
jpn_Jpan,212,2,13
jpn_Jpan,212,3,13
jpn_Jpan,212,4,36
jpn_Jpan,212,5,13
jpn_Jpan,212,6,13
jpn_Jpan,212,7,13
jpn_Jpan,212,8,13
jpn_Jpan,212,9,47
jpn_Jpan,212,10,13
jpn_Jpan,212,11,13
jpn_Jpan,212,12,13
jpn_Jpan,212,13,19
jpn_Jpan,212,14,13
jpn_Jpan,212,15,34
jpn_Jpan,212,16,13
jpn_Jpan,212,17,13
jpn_Jpan,212,18,34
jpn_Jpan,212,19,36
jpn_Jpan,212,20,13
jpn_Jpan,212,21,34
jpn_Jpan,212,22,13
jpn_Jpan,212,23,34
jpn_Jpan,213,0,60
jpn_Jpan,213,1,13
jpn_Jpan,213,2,13
jpn_Jpan,213,3,13
jpn_Jpan,213,4,12
jpn_Jpan,213,5,24
jpn_Jpan,213,6,19
jpn_Jpan,213,7,40
jpn_Jpan,213,8,24
jpn_Jpan,213,9,13
jpn_Jpan,213,10,13
jpn_Jpan,213,11,13
jpn_Jpan,213,12,24
jpn_Jpan,213,13,13
jpn_Jpan,213,14,13
jpn_Jpan,213,15,13
jpn_Jpan,213,16,13
jpn_Jpan,213,17,13
jpn_Jpan,213,18,39
jpn_Jpan,213,19,13
jpn_Jpan,213,20,61
jpn_Jpan,213,21,13
jpn_Jpan,213,22,13
jpn_Jpan,214,0,60
jpn_Jpan,214,1,47
jpn_Jpan,214,2,7
jpn_Jpan,215,0,60
jpn_Jpan,215,1,1
jpn_Jpan,215,2,52
jpn_Jpan,215,3,1
jpn_Jpan,215,4,52
jpn_Jpan,215,5,13
jpn_Jpan,215,6,24
jpn_Jpan,215,7,19
jpn_Jpan,215,8,13
jpn_Jpan,215,9,19
jpn_Jpan,215,10,13
jpn_Jpan,215,11,13
jpn_Jpan,215,12,52
jpn_Jpan,215,13,13
jpn_Jpan,215,14,13
jpn_Jpan,215,15,19
jpn_Jpan,215,16,13
jpn_Jpan,215,17,47
jpn_Jpan,215,18,13
jpn_Jpan,215,19,13
jpn_Jpan,215,20,24
jpn_Jpan,215,21,13
jpn_Jpan,215,22,24
jpn_Jpan,215,23,19
jpn_Jpan,215,24,13
jpn_Jpan,215,25,61
jpn_Jpan,215,26,19
jpn_Jpan,215,27,13
jpn_Jpan,215,28,19
jpn_Jpan,215,29,13
jpn_Jpan,216,0,60
jpn_Jpan,216,1,13
jpn_Jpan,216,2,24
jpn_Jpan,216,3,13
jpn_Jpan,216,4,13
jpn_Jpan,216,5,24
jpn_Jpan,216,6,19
jpn_Jpan,216,7,13
jpn_Jpan,216,8,19
jpn_Jpan,216,9,13
jpn_Jpan,216,10,24
jpn_Jpan,216,11,26
jpn_Jpan,216,12,47
jpn_Jpan,216,13,13
jpn_Jpan,216,14,24
jpn_Jpan,216,15,19
jpn_Jpan,216,16,13
jpn_Jpan,216,17,24
jpn_Jpan,216,18,13
jpn_Jpan,216,19,13
jpn_Jpan,216,20,19
jpn_Jpan,216,21,13
jpn_Jpan,216,22,13
jpn_Jpan,216,23,13
jpn_Jpan,216,24,13
jpn_Jpan,216,25,13
jpn_Jpan,216,26,24
jpn_Jpan,216,27,47
jpn_Jpan,216,28,13
jpn_Jpan,216,29,24
jpn_Jpan,216,30,13
jpn_Jpan,216,31,13
jpn_Jpan,216,32,24
jpn_Jpan,216,33,19
jpn_Jpan,216,34,13
jpn_Jpan,216,35,47
jpn_Jpan,216,36,13
jpn_Jpan,216,37,47
jpn_Jpan,216,38,13
jpn_Jpan,217,0,60
jpn_Jpan,217,1,19
jpn_Jpan,217,2,36
jpn_Jpan,217,3,36
jpn_Jpan,217,4,19
jpn_Jpan,217,5,19
jpn_Jpan,217,6,36
jpn_Jpan,218,0,60
jpn_Jpan,218,1,19
jpn_Jpan,218,2,13
jpn_Jpan,218,3,24
jpn_Jpan,218,4,13
jpn_Jpan,218,5,24
jpn_Jpan,218,6,19
jpn_Jpan,218,7,13
jpn_Jpan,218,8,61
jpn_Jpan,218,9,13
jpn_Jpan,218,10,13
jpn_Jpan,218,11,24
jpn_Jpan,218,12,19
jpn_Jpan,218,13,13
jpn_Jpan,218,14,7
jpn_Jpan,218,15,19
jpn_Jpan,218,16,13
jpn_Jpan,218,17,19
jpn_Jpan,218,18,13
jpn_Jpan,218,19,24
jpn_Jpan,218,20,19
jpn_Jpan,218,21,13
jpn_Jpan,218,22,13
jpn_Jpan,218,23,34
jpn_Jpan,218,24,24
jpn_Jpan,218,25,24
jpn_Jpan,218,26,47
jpn_Jpan,218,27,13
jpn_Jpan,218,28,13
jpn_Jpan,218,29,47
jpn_Jpan,218,30,13
jpn_Jpan,218,31,13
jpn_Jpan,218,32,13
jpn_Jpan,218,33,24
jpn_Jpan,218,34,34
jpn_Jpan,219,0,60
jpn_Jpan,219,1,13
jpn_Jpan,219,2,13
jpn_Jpan,219,3,24
jpn_Jpan,219,4,52
jpn_Jpan,219,5,36
jpn_Jpan,219,6,52
jpn_Jpan,219,7,19
jpn_Jpan,219,8,13
jpn_Jpan,219,9,24
jpn_Jpan,219,10,19
jpn_Jpan,219,11,13
jpn_Jpan,219,12,47
jpn_Jpan,219,13,7
jpn_Jpan,219,14,34
jpn_Jpan,220,0,60
jpn_Jpan,220,1,1
jpn_Jpan,220,2,24
jpn_Jpan,220,3,1
jpn_Jpan,220,4,13
jpn_Jpan,220,5,39
jpn_Jpan,220,6,47
jpn_Jpan,220,7,39
jpn_Jpan,220,8,19
jpn_Jpan,220,9,13
jpn_Jpan,220,10,61
jpn_Jpan,220,11,13
jpn_Jpan,220,12,13
jpn_Jpan,220,13,24
jpn_Jpan,220,14,24
jpn_Jpan,220,15,61
jpn_Jpan,220,16,13
jpn_Jpan,220,17,19
jpn_Jpan,220,18,13
jpn_Jpan,220,19,24
jpn_Jpan,220,20,13
jpn_Jpan,220,21,13
jpn_Jpan,220,22,13
jpn_Jpan,220,23,13
jpn_Jpan,220,24,13
jpn_Jpan,220,25,39
jpn_Jpan,220,26,13
jpn_Jpan,220,27,13
jpn_Jpan,220,28,13
jpn_Jpan,220,29,13
jpn_Jpan,220,30,13
jpn_Jpan,220,31,61
jpn_Jpan,220,32,13
jpn_Jpan,220,33,13
jpn_Jpan,220,34,39
jpn_Jpan,220,35,24
jpn_Jpan,220,36,47
jpn_Jpan,220,37,13
jpn_Jpan,221,0,60
jpn_Jpan,221,1,13
jpn_Jpan,221,2,34
jpn_Jpan,221,3,34
jpn_Jpan,221,4,24
jpn_Jpan,221,5,24
jpn_Jpan,221,6,29
jpn_Jpan,221,7,34
jpn_Jpan,221,8,36
jpn_Jpan,221,9,13
jpn_Jpan,221,10,34
jpn_Jpan,221,11,24
jpn_Jpan,221,12,13
jpn_Jpan,221,13,34
jpn_Jpan,221,14,13
jpn_Jpan,221,15,13
jpn_Jpan,221,16,13
jpn_Jpan,221,17,34
jpn_Jpan,221,18,34
jpn_Jpan,221,19,36
jpn_Jpan,221,20,36
jpn_Jpan,221,21,13
jpn_Jpan,221,22,13
jpn_Jpan,221,23,34
jpn_Jpan,221,24,13
jpn_Jpan,221,25,19
jpn_Jpan,221,26,13
jpn_Jpan,221,27,34
jpn_Jpan,221,28,13
jpn_Jpan,221,29,13
jpn_Jpan,221,30,34
jpn_Jpan,222,0,60
jpn_Jpan,222,1,13
jpn_Jpan,222,2,13
jpn_Jpan,222,3,13
jpn_Jpan,222,4,24
jpn_Jpan,222,5,13
jpn_Jpan,222,6,47
jpn_Jpan,222,7,13
jpn_Jpan,222,8,24
jpn_Jpan,222,9,47
jpn_Jpan,222,10,13
jpn_Jpan,222,11,24
jpn_Jpan,222,12,19
jpn_Jpan,222,13,13
jpn_Jpan,222,14,34
jpn_Jpan,222,15,34
jpn_Jpan,222,16,51
jpn_Jpan,222,17,9
jpn_Jpan,222,18,24
jpn_Jpan,222,19,19
jpn_Jpan,222,20,13
jpn_Jpan,222,21,26
jpn_Jpan,222,22,47
jpn_Jpan,222,23,13
jpn_Jpan,222,24,26
jpn_Jpan,222,25,19
jpn_Jpan,222,26,13
jpn_Jpan,222,27,13
jpn_Jpan,222,28,19
jpn_Jpan,222,29,13
jpn_Jpan,222,30,13
jpn_Jpan,222,31,24
jpn_Jpan,222,32,47
jpn_Jpan,222,33,19
jpn_Jpan,222,34,13
jpn_Jpan,222,35,13
jpn_Jpan,222,36,13
jpn_Jpan,222,37,13
jpn_Jpan,222,38,34
jpn_Jpan,223,0,60
jpn_Jpan,223,1,19
jpn_Jpan,223,2,13
jpn_Jpan,223,3,19
jpn_Jpan,223,4,13
jpn_Jpan,223,5,24
jpn_Jpan,223,6,47
jpn_Jpan,223,7,39
jpn_Jpan,223,8,61
jpn_Jpan,223,9,7
jpn_Jpan,223,10,19
jpn_Jpan,223,11,13
jpn_Jpan,223,12,24
jpn_Jpan,223,13,24
jpn_Jpan,223,14,19
jpn_Jpan,223,15,13
jpn_Jpan,223,16,61
jpn_Jpan,223,17,13
jpn_Jpan,223,18,13
jpn_Jpan,223,19,24
jpn_Jpan,223,20,13
jpn_Jpan,223,21,19
jpn_Jpan,223,22,13
jpn_Jpan,223,23,24
jpn_Jpan,223,24,47
jpn_Jpan,223,25,13
jpn_Jpan,223,26,1
jpn_Jpan,223,27,52
jpn_Jpan,223,28,13
jpn_Jpan,223,29,13
jpn_Jpan,223,30,24
jpn_Jpan,223,31,13
jpn_Jpan,223,32,61
jpn_Jpan,223,33,34
jpn_Jpan,223,34,19
jpn_Jpan,223,35,13
jpn_Jpan,223,36,34
jpn_Jpan,223,37,13
jpn_Jpan,223,38,13
jpn_Jpan,223,39,36
jpn_Jpan,223,40,34
jpn_Jpan,224,0,60
jpn_Jpan,224,1,13
jpn_Jpan,224,2,24
jpn_Jpan,224,3,24
jpn_Jpan,224,4,52
jpn_Jpan,224,5,13
jpn_Jpan,224,6,24
jpn_Jpan,224,7,13
jpn_Jpan,224,8,39
jpn_Jpan,224,9,52
jpn_Jpan,224,10,47
jpn_Jpan,224,11,19
jpn_Jpan,224,12,13
jpn_Jpan,224,13,24
jpn_Jpan,224,14,24
jpn_Jpan,224,15,61
jpn_Jpan,224,16,13
jpn_Jpan,224,17,13
jpn_Jpan,224,18,24
jpn_Jpan,224,19,13
jpn_Jpan,224,20,47
jpn_Jpan,224,21,19
jpn_Jpan,224,22,61
jpn_Jpan,224,23,13
jpn_Jpan,224,24,7
jpn_Jpan,224,25,13
jpn_Jpan,224,26,24
jpn_Jpan,224,27,47
jpn_Jpan,224,28,13
jpn_Jpan,224,29,13
jpn_Jpan,224,30,13
jpn_Jpan,224,31,13
jpn_Jpan,224,32,34
jpn_Jpan,224,33,61
jpn_Jpan,224,34,19
jpn_Jpan,224,35,19
jpn_Jpan,224,36,34
jpn_Jpan,224,37,13
jpn_Jpan,224,38,34
jpn_Jpan,224,39,24
jpn_Jpan,224,40,13
jpn_Jpan,225,0,60
jpn_Jpan,225,1,13
jpn_Jpan,225,2,36
jpn_Jpan,225,3,13
jpn_Jpan,225,4,13
jpn_Jpan,225,5,36
jpn_Jpan,225,6,24
jpn_Jpan,225,7,19
jpn_Jpan,225,8,13
jpn_Jpan,225,9,13
jpn_Jpan,225,10,13
jpn_Jpan,225,11,13
jpn_Jpan,225,12,13
jpn_Jpan,225,13,34
jpn_Jpan,225,14,13
jpn_Jpan,225,15,13
jpn_Jpan,225,16,13
jpn_Jpan,225,17,34
jpn_Jpan,225,18,13
jpn_Jpan,225,19,47
jpn_Jpan,225,20,13
jpn_Jpan,225,21,34
jpn_Jpan,225,22,24
jpn_Jpan,225,23,13
jpn_Jpan,225,24,13
jpn_Jpan,225,25,36
jpn_Jpan,225,26,36
jpn_Jpan,225,27,13
jpn_Jpan,225,28,34
jpn_Jpan,226,0,60
jpn_Jpan,226,1,13
jpn_Jpan,226,2,13
jpn_Jpan,226,3,39
jpn_Jpan,226,4,13
jpn_Jpan,226,5,13
jpn_Jpan,226,6,39
jpn_Jpan,226,7,9
jpn_Jpan,226,8,13
jpn_Jpan,226,9,61
jpn_Jpan,226,10,13
jpn_Jpan,226,11,47
jpn_Jpan,226,12,13
jpn_Jpan,226,13,24
jpn_Jpan,226,14,13
jpn_Jpan,226,15,13
jpn_Jpan,226,16,13
jpn_Jpan,226,17,13
jpn_Jpan,226,18,19
jpn_Jpan,226,19,13
jpn_Jpan,226,20,47
jpn_Jpan,226,21,13
jpn_Jpan,226,22,24
jpn_Jpan,226,23,13
jpn_Jpan,226,24,24
jpn_Jpan,226,25,19
jpn_Jpan,226,26,13
jpn_Jpan,226,27,19
jpn_Jpan,226,28,34
jpn_Jpan,226,29,24
jpn_Jpan,226,30,13
jpn_Jpan,226,31,47
jpn_Jpan,226,32,13
jpn_Jpan,226,33,19
jpn_Jpan,226,34,13
jpn_Jpan,226,35,13
jpn_Jpan,226,36,13
jpn_Jpan,226,37,13
jpn_Jpan,226,38,13
jpn_Jpan,227,0,60
jpn_Jpan,227,1,19
jpn_Jpan,227,2,13
jpn_Jpan,227,3,13
jpn_Jpan,227,4,36
jpn_Jpan,227,5,24
jpn_Jpan,227,6,52
jpn_Jpan,227,7,1
jpn_Jpan,227,8,52
jpn_Jpan,227,9,1
jpn_Jpan,227,10,13
jpn_Jpan,227,11,13
jpn_Jpan,227,12,34
jpn_Jpan,228,0,60
jpn_Jpan,228,1,39
jpn_Jpan,228,2,13
jpn_Jpan,228,3,7
jpn_Jpan,228,4,13
jpn_Jpan,228,5,19
jpn_Jpan,228,6,13
jpn_Jpan,228,7,13
jpn_Jpan,228,8,51
jpn_Jpan,229,0,60
jpn_Jpan,229,1,47
jpn_Jpan,229,2,52
jpn_Jpan,229,3,47
jpn_Jpan,229,4,47
jpn_Jpan,229,5,39
jpn_Jpan,229,6,24
jpn_Jpan,229,7,24
jpn_Jpan,229,8,1
jpn_Jpan,229,9,13
jpn_Jpan,229,10,39
jpn_Jpan,229,11,47
jpn_Jpan,229,12,47
jpn_Jpan,229,13,13
jpn_Jpan,229,14,39
jpn_Jpan,229,15,39
jpn_Jpan,229,16,13
jpn_Jpan,229,17,24
jpn_Jpan,229,18,19
jpn_Jpan,229,19,13
jpn_Jpan,229,20,34
jpn_Jpan,230,0,60
jpn_Jpan,230,1,13
jpn_Jpan,230,2,19
jpn_Jpan,230,3,13
jpn_Jpan,230,4,19
jpn_Jpan,230,5,13
jpn_Jpan,230,6,47
jpn_Jpan,230,7,47
jpn_Jpan,230,8,39
jpn_Jpan,230,9,24
jpn_Jpan,230,10,19
jpn_Jpan,230,11,13
jpn_Jpan,230,12,34
jpn_Jpan,230,13,34
jpn_Jpan,230,14,36
jpn_Jpan,230,15,7
jpn_Jpan,230,16,34
jpn_Jpan,230,17,24
jpn_Jpan,230,18,24
jpn_Jpan,230,19,13
jpn_Jpan,230,20,24
jpn_Jpan,230,21,13
jpn_Jpan,230,22,24
jpn_Jpan,230,23,13
jpn_Jpan,230,24,19
jpn_Jpan,230,25,13
jpn_Jpan,230,26,47
jpn_Jpan,230,27,13
jpn_Jpan,230,28,1
jpn_Jpan,230,29,19
jpn_Jpan,230,30,13
jpn_Jpan,230,31,24
jpn_Jpan,230,32,47
jpn_Jpan,230,33,13
jpn_Jpan,230,34,36
jpn_Jpan,230,35,51
jpn_Jpan,231,0,60
jpn_Jpan,231,1,24
jpn_Jpan,231,2,13
jpn_Jpan,231,3,36
jpn_Jpan,231,4,11
jpn_Jpan,231,5,52
jpn_Jpan,231,6,1
jpn_Jpan,231,7,12
jpn_Jpan,231,8,47
jpn_Jpan,231,9,19
jpn_Jpan,231,10,19
jpn_Jpan,231,11,39
jpn_Jpan,231,12,13
jpn_Jpan,231,13,22
jpn_Jpan,231,14,11
jpn_Jpan,231,15,47
jpn_Jpan,231,16,1
jpn_Jpan,231,17,24
jpn_Jpan,231,18,13
jpn_Jpan,231,19,47
jpn_Jpan,231,20,13
jpn_Jpan,231,21,24
jpn_Jpan,231,22,13
jpn_Jpan,231,23,19
jpn_Jpan,231,24,13
jpn_Jpan,231,25,13
jpn_Jpan,231,26,12
jpn_Jpan,231,27,47
jpn_Jpan,231,28,47
jpn_Jpan,231,29,13
jpn_Jpan,231,30,13
jpn_Jpan,231,31,13
jpn_Jpan,231,32,13
jpn_Jpan,231,33,24
jpn_Jpan,231,34,47
jpn_Jpan,231,35,13
jpn_Jpan,231,36,47
jpn_Jpan,231,37,19
jpn_Jpan,231,38,13
jpn_Jpan,231,39,61
jpn_Jpan,231,40,19
jpn_Jpan,231,41,13
jpn_Jpan,232,0,60
jpn_Jpan,232,1,13
jpn_Jpan,232,2,24
jpn_Jpan,232,3,13
jpn_Jpan,232,4,36
jpn_Jpan,232,5,36
jpn_Jpan,232,6,19
jpn_Jpan,232,7,13
jpn_Jpan,232,8,19
jpn_Jpan,232,9,36
jpn_Jpan,232,10,19
jpn_Jpan,232,11,13
jpn_Jpan,232,12,39
jpn_Jpan,232,13,47
jpn_Jpan,232,14,61
jpn_Jpan,232,15,13
jpn_Jpan,232,16,61
jpn_Jpan,232,17,13
jpn_Jpan,232,18,47
jpn_Jpan,232,19,19
jpn_Jpan,232,20,13
jpn_Jpan,232,21,39
jpn_Jpan,232,22,13
jpn_Jpan,232,23,34
jpn_Jpan,233,0,60
jpn_Jpan,233,1,13
jpn_Jpan,233,2,47
jpn_Jpan,233,3,24
jpn_Jpan,233,4,47
jpn_Jpan,233,5,61
jpn_Jpan,233,6,36
jpn_Jpan,233,7,24
jpn_Jpan,233,8,19
jpn_Jpan,233,9,13
jpn_Jpan,233,10,19
jpn_Jpan,233,11,36
jpn_Jpan,233,12,24
jpn_Jpan,233,13,36
jpn_Jpan,233,14,19
jpn_Jpan,233,15,7
jpn_Jpan,233,16,36
jpn_Jpan,233,17,9
jpn_Jpan,233,18,13
jpn_Jpan,233,19,24
jpn_Jpan,233,20,13
jpn_Jpan,233,21,13
jpn_Jpan,233,22,36
jpn_Jpan,233,23,19
jpn_Jpan,233,24,13
jpn_Jpan,233,25,19
jpn_Jpan,233,26,13
jpn_Jpan,233,27,24
jpn_Jpan,233,28,13
jpn_Jpan,233,29,13
jpn_Jpan,233,30,34
jpn_Jpan,234,0,60
jpn_Jpan,234,1,52
jpn_Jpan,234,2,52
jpn_Jpan,234,3,13
jpn_Jpan,234,4,52
jpn_Jpan,234,5,13
jpn_Jpan,234,6,13
jpn_Jpan,234,7,13
jpn_Jpan,234,8,19
jpn_Jpan,234,9,13
jpn_Jpan,234,10,24
jpn_Jpan,234,11,19
jpn_Jpan,234,12,19
jpn_Jpan,234,13,13
jpn_Jpan,234,14,19
jpn_Jpan,234,15,13
jpn_Jpan,234,16,24
jpn_Jpan,234,17,13
jpn_Jpan,234,18,13
jpn_Jpan,234,19,34
jpn_Jpan,234,20,24
jpn_Jpan,234,21,24
jpn_Jpan,234,22,24
jpn_Jpan,234,23,19
jpn_Jpan,234,24,13
jpn_Jpan,234,25,13
jpn_Jpan,234,26,13
jpn_Jpan,234,27,52
jpn_Jpan,234,28,19
jpn_Jpan,234,29,13
jpn_Jpan,234,30,13
jpn_Jpan,234,31,19
jpn_Jpan,234,32,13
jpn_Jpan,234,33,13
jpn_Jpan,234,34,24
jpn_Jpan,234,35,19
jpn_Jpan,234,36,13
jpn_Jpan,234,37,13
jpn_Jpan,234,38,34
jpn_Jpan,235,0,60
jpn_Jpan,235,1,47
jpn_Jpan,235,2,47
jpn_Jpan,235,3,13
jpn_Jpan,235,4,19
jpn_Jpan,235,5,13
jpn_Jpan,235,6,13
jpn_Jpan,235,7,61
jpn_Jpan,235,8,61
jpn_Jpan,235,9,19
jpn_Jpan,235,10,13
jpn_Jpan,235,11,47
jpn_Jpan,235,12,39
jpn_Jpan,235,13,7
jpn_Jpan,235,14,39
jpn_Jpan,235,15,47
jpn_Jpan,235,16,7
jpn_Jpan,235,17,12
jpn_Jpan,235,18,58
jpn_Jpan,235,19,12
jpn_Jpan,235,20,61
jpn_Jpan,236,0,60
jpn_Jpan,236,1,13
jpn_Jpan,236,2,36
jpn_Jpan,236,3,6
jpn_Jpan,236,4,36
jpn_Jpan,236,5,36
jpn_Jpan,236,6,19
jpn_Jpan,236,7,13
jpn_Jpan,236,8,19
jpn_Jpan,236,9,36
jpn_Jpan,236,10,52
jpn_Jpan,237,0,60
jpn_Jpan,237,1,61
jpn_Jpan,237,2,19
jpn_Jpan,237,3,13
jpn_Jpan,237,4,13
jpn_Jpan,237,5,24
jpn_Jpan,237,6,61
jpn_Jpan,237,7,19
jpn_Jpan,237,8,13
jpn_Jpan,237,9,13
jpn_Jpan,237,10,24
jpn_Jpan,237,11,19
jpn_Jpan,237,12,13
jpn_Jpan,237,13,7
jpn_Jpan,237,14,24
jpn_Jpan,237,15,13
jpn_Jpan,237,16,13
jpn_Jpan,237,17,34
jpn_Jpan,237,18,9
jpn_Jpan,237,19,13
jpn_Jpan,237,20,24
jpn_Jpan,237,21,13
jpn_Jpan,237,22,13
jpn_Jpan,237,23,13
jpn_Jpan,237,24,13
jpn_Jpan,237,25,13
jpn_Jpan,237,26,13
jpn_Jpan,237,27,13
jpn_Jpan,237,28,47
jpn_Jpan,237,29,13
jpn_Jpan,237,30,13
jpn_Jpan,237,31,34
jpn_Jpan,238,0,60
jpn_Jpan,238,1,19
jpn_Jpan,238,2,13
jpn_Jpan,238,3,39
jpn_Jpan,238,4,13
jpn_Jpan,238,5,39
jpn_Jpan,238,6,13
jpn_Jpan,238,7,13
jpn_Jpan,238,8,39
jpn_Jpan,238,9,39
jpn_Jpan,238,10,13
jpn_Jpan,238,11,13
jpn_Jpan,238,12,19
jpn_Jpan,238,13,13
jpn_Jpan,238,14,24
jpn_Jpan,238,15,19
jpn_Jpan,238,16,13
jpn_Jpan,238,17,19
jpn_Jpan,238,18,7
jpn_Jpan,239,0,60
jpn_Jpan,239,1,36
jpn_Jpan,239,2,19
jpn_Jpan,239,3,36
jpn_Jpan,239,4,13
jpn_Jpan,239,5,24
jpn_Jpan,239,6,13
jpn_Jpan,239,7,13
jpn_Jpan,239,8,34
jpn_Jpan,239,9,13
jpn_Jpan,239,10,13
jpn_Jpan,239,11,24
jpn_Jpan,239,12,47
jpn_Jpan,239,13,13
jpn_Jpan,239,14,13
jpn_Jpan,239,15,34
jpn_Jpan,239,16,13
jpn_Jpan,239,17,13
jpn_Jpan,239,18,9
jpn_Jpan,239,19,24
jpn_Jpan,239,20,24
jpn_Jpan,239,21,19
jpn_Jpan,239,22,13
jpn_Jpan,239,23,13
jpn_Jpan,239,24,13
jpn_Jpan,239,25,13
jpn_Jpan,239,26,13
jpn_Jpan,239,27,13
jpn_Jpan,239,28,13
jpn_Jpan,239,29,13
jpn_Jpan,239,30,24
jpn_Jpan,239,31,13
jpn_Jpan,239,32,24
jpn_Jpan,239,33,47
jpn_Jpan,239,34,13
jpn_Jpan,239,35,13
jpn_Jpan,239,36,13
jpn_Jpan,239,37,13
jpn_Jpan,239,38,13
jpn_Jpan,239,39,34
jpn_Jpan,239,40,13
jpn_Jpan,240,0,60
jpn_Jpan,240,1,13
jpn_Jpan,240,2,13
jpn_Jpan,240,3,13
jpn_Jpan,240,4,24
jpn_Jpan,240,5,19
jpn_Jpan,240,6,13
jpn_Jpan,240,7,13
jpn_Jpan,240,8,19
jpn_Jpan,240,9,19
jpn_Jpan,240,10,13
jpn_Jpan,240,11,13
jpn_Jpan,240,12,13
jpn_Jpan,240,13,24
jpn_Jpan,240,14,19
jpn_Jpan,240,15,13
jpn_Jpan,240,16,13
jpn_Jpan,240,17,24
jpn_Jpan,240,18,13
jpn_Jpan,240,19,13
jpn_Jpan,240,20,24
jpn_Jpan,240,21,19
jpn_Jpan,240,22,13
jpn_Jpan,240,23,13
jpn_Jpan,240,24,13
jpn_Jpan,240,25,13
jpn_Jpan,240,26,13
jpn_Jpan,240,27,24
jpn_Jpan,240,28,47
jpn_Jpan,240,29,13
jpn_Jpan,240,30,19
jpn_Jpan,240,31,13
jpn_Jpan,240,32,24
jpn_Jpan,240,33,13
jpn_Jpan,240,34,13
jpn_Jpan,240,35,47
jpn_Jpan,240,36,13
jpn_Jpan,240,37,19
jpn_Jpan,240,38,13
jpn_Jpan,240,39,13
jpn_Jpan,240,40,34
jpn_Jpan,241,0,60
jpn_Jpan,241,1,36
jpn_Jpan,241,2,19
jpn_Jpan,241,3,13
jpn_Jpan,241,4,36
jpn_Jpan,241,5,61
jpn_Jpan,241,6,13
jpn_Jpan,241,7,19
jpn_Jpan,241,8,36
jpn_Jpan,241,9,24
jpn_Jpan,241,10,52
jpn_Jpan,241,11,36
jpn_Jpan,241,12,24
jpn_Jpan,241,13,39
jpn_Jpan,241,14,24
jpn_Jpan,241,15,13
jpn_Jpan,241,16,47
jpn_Jpan,241,17,47
jpn_Jpan,241,18,13
jpn_Jpan,241,19,24
jpn_Jpan,241,20,19
jpn_Jpan,241,21,19
jpn_Jpan,241,22,47
jpn_Jpan,241,23,13
jpn_Jpan,241,24,13
jpn_Jpan,241,25,13
jpn_Jpan,241,26,19
jpn_Jpan,241,27,13
jpn_Jpan,241,28,13
jpn_Jpan,241,29,13
jpn_Jpan,241,30,52
jpn_Jpan,241,31,7
jpn_Jpan,241,32,13
jpn_Jpan,241,33,13
jpn_Jpan,241,34,13
jpn_Jpan,241,35,13
jpn_Jpan,241,36,13
jpn_Jpan,241,37,34
jpn_Jpan,242,0,60
jpn_Jpan,242,1,36
jpn_Jpan,242,2,19
jpn_Jpan,242,3,13
jpn_Jpan,242,4,36
jpn_Jpan,242,5,13
jpn_Jpan,242,6,13
jpn_Jpan,242,7,19
jpn_Jpan,242,8,19
jpn_Jpan,242,9,13
jpn_Jpan,242,10,47
jpn_Jpan,242,11,13
jpn_Jpan,242,12,61
jpn_Jpan,242,13,19
jpn_Jpan,242,14,19
jpn_Jpan,242,15,13
jpn_Jpan,242,16,13
jpn_Jpan,242,17,12
jpn_Jpan,242,18,61
jpn_Jpan,242,19,13
jpn_Jpan,242,20,13
jpn_Jpan,242,21,24
jpn_Jpan,242,22,13
jpn_Jpan,242,23,24
jpn_Jpan,242,24,36
jpn_Jpan,242,25,28
jpn_Jpan,242,26,13
jpn_Jpan,242,27,13
jpn_Jpan,242,28,9
jpn_Jpan,242,29,47
jpn_Jpan,242,30,61
jpn_Jpan,242,31,47
jpn_Jpan,242,32,13
jpn_Jpan,242,33,24
jpn_Jpan,242,34,13
jpn_Jpan,242,35,24
jpn_Jpan,242,36,19
jpn_Jpan,242,37,13
jpn_Jpan,242,38,13
jpn_Jpan,242,39,13
jpn_Jpan,242,40,34
jpn_Jpan,243,0,60
jpn_Jpan,243,1,36
jpn_Jpan,243,2,13
jpn_Jpan,243,3,36
jpn_Jpan,243,4,13
jpn_Jpan,243,5,19
jpn_Jpan,243,6,13
jpn_Jpan,243,7,13
jpn_Jpan,243,8,24
jpn_Jpan,243,9,19
jpn_Jpan,243,10,13
jpn_Jpan,243,11,13
jpn_Jpan,243,12,13
jpn_Jpan,243,13,24
jpn_Jpan,243,14,13
jpn_Jpan,243,15,36
jpn_Jpan,243,16,13
jpn_Jpan,243,17,34
jpn_Jpan,243,18,24
jpn_Jpan,243,19,24
jpn_Jpan,243,20,13
jpn_Jpan,243,21,13
jpn_Jpan,243,22,13
jpn_Jpan,243,23,24
jpn_Jpan,243,24,13
jpn_Jpan,243,25,13
jpn_Jpan,243,26,13
jpn_Jpan,243,27,13
jpn_Jpan,243,28,24
jpn_Jpan,243,29,13
jpn_Jpan,243,30,13
jpn_Jpan,243,31,13
jpn_Jpan,243,32,24
jpn_Jpan,243,33,13
jpn_Jpan,243,34,13
jpn_Jpan,243,35,13
jpn_Jpan,243,36,13
jpn_Jpan,243,37,13
jpn_Jpan,243,38,13
jpn_Jpan,243,39,51
jpn_Jpan,244,0,60
jpn_Jpan,244,1,19
jpn_Jpan,244,2,13
jpn_Jpan,244,3,36
jpn_Jpan,244,4,24
jpn_Jpan,244,5,47
jpn_Jpan,244,6,13
jpn_Jpan,244,7,36
jpn_Jpan,244,8,19
jpn_Jpan,244,9,24
jpn_Jpan,244,10,24
jpn_Jpan,244,11,47
jpn_Jpan,244,12,19
jpn_Jpan,244,13,19
jpn_Jpan,244,14,13
jpn_Jpan,244,15,34
jpn_Jpan,244,16,47
jpn_Jpan,244,17,61
jpn_Jpan,244,18,13
jpn_Jpan,244,19,13
jpn_Jpan,244,20,13
jpn_Jpan,244,21,61
jpn_Jpan,244,22,24
jpn_Jpan,244,23,9
jpn_Jpan,244,24,11
jpn_Jpan,244,25,36
jpn_Jpan,244,26,24
jpn_Jpan,244,27,24
jpn_Jpan,244,28,36
jpn_Jpan,244,29,19
jpn_Jpan,244,30,13
jpn_Jpan,244,31,13
jpn_Jpan,244,32,47
jpn_Jpan,244,33,13
jpn_Jpan,244,34,24
jpn_Jpan,244,35,19
jpn_Jpan,244,36,13
jpn_Jpan,244,37,19
jpn_Jpan,244,38,24
jpn_Jpan,244,39,13
jpn_Jpan,244,40,19
jpn_Jpan,244,41,36
jpn_Jpan,244,42,24
jpn_Jpan,244,43,13
jpn_Jpan,244,44,39
jpn_Jpan,244,45,47
jpn_Jpan,244,46,7
jpn_Jpan,244,47,13
jpn_Jpan,244,48,47
jpn_Jpan,244,49,36
jpn_Jpan,244,50,24
jpn_Jpan,244,51,13
jpn_Jpan,244,52,13
jpn_Jpan,244,53,24
jpn_Jpan,244,54,19
jpn_Jpan,244,55,13
jpn_Jpan,244,56,13
jpn_Jpan,244,57,13
jpn_Jpan,244,58,34
jpn_Jpan,245,0,60
jpn_Jpan,245,1,13
jpn_Jpan,245,2,13
jpn_Jpan,245,3,13
jpn_Jpan,245,4,12
jpn_Jpan,245,5,13
jpn_Jpan,245,6,13
jpn_Jpan,245,7,13
jpn_Jpan,245,8,13
jpn_Jpan,245,9,13
jpn_Jpan,245,10,39
jpn_Jpan,245,11,13
jpn_Jpan,245,12,24
jpn_Jpan,245,13,52
jpn_Jpan,245,14,1
jpn_Jpan,245,15,24
jpn_Jpan,245,16,61
jpn_Jpan,245,17,13
jpn_Jpan,245,18,13
jpn_Jpan,245,19,13
jpn_Jpan,245,20,24
jpn_Jpan,245,21,13
jpn_Jpan,245,22,13
jpn_Jpan,246,0,60
jpn_Jpan,246,1,13
jpn_Jpan,246,2,47
jpn_Jpan,246,3,13
jpn_Jpan,246,4,9
jpn_Jpan,246,5,9
jpn_Jpan,246,6,52
jpn_Jpan,246,7,24
jpn_Jpan,246,8,24
jpn_Jpan,246,9,19
jpn_Jpan,246,10,7
jpn_Jpan,246,11,47
jpn_Jpan,246,12,39
jpn_Jpan,246,13,13
jpn_Jpan,246,14,39
jpn_Jpan,246,15,47
jpn_Jpan,246,16,13
jpn_Jpan,246,17,13
jpn_Jpan,246,18,24
jpn_Jpan,246,19,13
jpn_Jpan,246,20,13
jpn_Jpan,246,21,13
jpn_Jpan,246,22,13
jpn_Jpan,246,23,13
jpn_Jpan,246,24,24
jpn_Jpan,246,25,24
jpn_Jpan,246,26,13
jpn_Jpan,246,27,13
jpn_Jpan,246,28,13
jpn_Jpan,246,29,13
jpn_Jpan,246,30,24
jpn_Jpan,246,31,19
jpn_Jpan,246,32,13
jpn_Jpan,246,33,19
jpn_Jpan,246,34,34
jpn_Jpan,247,0,60
jpn_Jpan,247,1,19
jpn_Jpan,247,2,19
jpn_Jpan,247,3,39
jpn_Jpan,247,4,13
jpn_Jpan,247,5,13
jpn_Jpan,247,6,13
jpn_Jpan,247,7,36
jpn_Jpan,247,8,24
jpn_Jpan,247,9,19
jpn_Jpan,247,10,13
jpn_Jpan,247,11,13
jpn_Jpan,247,12,13
jpn_Jpan,247,13,61
jpn_Jpan,247,14,13
jpn_Jpan,247,15,34
jpn_Jpan,248,0,60
jpn_Jpan,248,1,19
jpn_Jpan,248,2,13
jpn_Jpan,248,3,36
jpn_Jpan,248,4,36
jpn_Jpan,248,5,36
jpn_Jpan,248,6,24
jpn_Jpan,248,7,24
jpn_Jpan,248,8,13
jpn_Jpan,248,9,13
jpn_Jpan,248,10,24
jpn_Jpan,248,11,13
jpn_Jpan,248,12,13
jpn_Jpan,248,13,13
jpn_Jpan,248,14,13
jpn_Jpan,248,15,24
jpn_Jpan,248,16,13
jpn_Jpan,248,17,34
jpn_Jpan,249,0,60
jpn_Jpan,249,1,1
jpn_Jpan,249,2,24
jpn_Jpan,249,3,24
jpn_Jpan,249,4,19
jpn_Jpan,249,5,13
jpn_Jpan,249,6,52
jpn_Jpan,249,7,13
jpn_Jpan,249,8,13
jpn_Jpan,249,9,13
jpn_Jpan,249,10,13
jpn_Jpan,249,11,24
jpn_Jpan,249,12,13
jpn_Jpan,249,13,47
jpn_Jpan,249,14,47
jpn_Jpan,249,15,19
jpn_Jpan,249,16,19
jpn_Jpan,249,17,39
jpn_Jpan,249,18,13
jpn_Jpan,249,19,24
jpn_Jpan,249,20,24
jpn_Jpan,249,21,47
jpn_Jpan,249,22,13
jpn_Jpan,249,23,13
jpn_Jpan,249,24,24
jpn_Jpan,249,25,13
jpn_Jpan,249,26,52
jpn_Jpan,249,27,52
jpn_Jpan,249,28,52
jpn_Jpan,249,29,52
jpn_Jpan,249,30,52
jpn_Jpan,249,31,13
jpn_Jpan,249,32,24
jpn_Jpan,249,33,47
jpn_Jpan,249,34,24
jpn_Jpan,249,35,24
jpn_Jpan,249,36,52
jpn_Jpan,250,0,60
jpn_Jpan,250,1,13
jpn_Jpan,250,2,13
jpn_Jpan,250,3,13
jpn_Jpan,250,4,61
jpn_Jpan,250,5,13
jpn_Jpan,250,6,24
jpn_Jpan,250,7,24
jpn_Jpan,250,8,19
jpn_Jpan,250,9,13
jpn_Jpan,250,10,19
jpn_Jpan,250,11,13
jpn_Jpan,250,12,24
jpn_Jpan,250,13,19
jpn_Jpan,250,14,13
jpn_Jpan,250,15,13
jpn_Jpan,250,16,24
jpn_Jpan,250,17,47
jpn_Jpan,250,18,13
jpn_Jpan,250,19,24
jpn_Jpan,250,20,36
jpn_Jpan,250,21,24
jpn_Jpan,250,22,13
jpn_Jpan,250,23,24
jpn_Jpan,250,24,19
jpn_Jpan,250,25,13
jpn_Jpan,250,26,24
jpn_Jpan,250,27,13
jpn_Jpan,250,28,13
jpn_Jpan,250,29,13
jpn_Jpan,250,30,47
jpn_Jpan,250,31,13
jpn_Jpan,250,32,34
jpn_Jpan,251,0,60
jpn_Jpan,251,1,13
jpn_Jpan,251,2,60
jpn_Jpan,251,3,13
jpn_Jpan,251,4,9
jpn_Jpan,251,5,61
jpn_Jpan,251,6,61
jpn_Jpan,251,7,24
jpn_Jpan,251,8,52
jpn_Jpan,251,9,52
jpn_Jpan,251,10,52
jpn_Jpan,251,11,19
jpn_Jpan,251,12,13
jpn_Jpan,251,13,24
jpn_Jpan,251,14,13
jpn_Jpan,251,15,13
jpn_Jpan,251,16,13
jpn_Jpan,251,17,1
jpn_Jpan,251,18,13
jpn_Jpan,251,19,13
jpn_Jpan,251,20,13
jpn_Jpan,251,21,24
jpn_Jpan,251,22,19
jpn_Jpan,251,23,13
jpn_Jpan,251,24,19
jpn_Jpan,251,25,13
jpn_Jpan,251,26,9
jpn_Jpan,251,27,58
jpn_Jpan,251,28,11
jpn_Jpan,251,29,22
jpn_Jpan,251,30,22
jpn_Jpan,252,0,60
jpn_Jpan,252,1,13
jpn_Jpan,252,2,13
jpn_Jpan,252,3,13
jpn_Jpan,252,4,13
jpn_Jpan,252,5,13
jpn_Jpan,252,6,24
jpn_Jpan,252,7,13
jpn_Jpan,252,8,13
jpn_Jpan,252,9,13
jpn_Jpan,252,10,19
jpn_Jpan,252,11,13
jpn_Jpan,252,12,39
jpn_Jpan,252,13,7
jpn_Jpan,252,14,13
jpn_Jpan,252,15,19
jpn_Jpan,252,16,13
jpn_Jpan,252,17,52
jpn_Jpan,252,18,13
jpn_Jpan,252,19,24
jpn_Jpan,252,20,47
jpn_Jpan,252,21,13
jpn_Jpan,252,22,19
jpn_Jpan,252,23,34
jpn_Jpan,253,0,60
jpn_Jpan,253,1,13
jpn_Jpan,253,2,24
jpn_Jpan,253,3,52
jpn_Jpan,253,4,52
jpn_Jpan,253,5,13
jpn_Jpan,253,6,47
jpn_Jpan,253,7,47
jpn_Jpan,253,8,24
jpn_Jpan,253,9,13
jpn_Jpan,253,10,13
jpn_Jpan,253,11,24
jpn_Jpan,253,12,13
jpn_Jpan,253,13,19
jpn_Jpan,253,14,47
jpn_Jpan,253,15,13
jpn_Jpan,253,16,24
jpn_Jpan,253,17,19
jpn_Jpan,253,18,13
jpn_Jpan,253,19,13
jpn_Jpan,253,20,13
jpn_Jpan,253,21,34
jpn_Jpan,253,22,19
jpn_Jpan,253,23,13
jpn_Jpan,253,24,13
jpn_Jpan,253,25,24
jpn_Jpan,253,26,47
jpn_Jpan,253,27,19
jpn_Jpan,253,28,19
jpn_Jpan,253,29,47
jpn_Jpan,253,30,13
jpn_Jpan,253,31,24
jpn_Jpan,253,32,61
jpn_Jpan,253,33,19
jpn_Jpan,253,34,13
jpn_Jpan,253,35,19
jpn_Jpan,253,36,13
jpn_Jpan,253,37,13
jpn_Jpan,253,38,13
jpn_Jpan,253,39,13
jpn_Jpan,253,40,11
jpn_Jpan,253,41,13
jpn_Jpan,253,42,13
jpn_Jpan,253,43,13
jpn_Jpan,253,44,19
jpn_Jpan,253,45,13
jpn_Jpan,253,46,13
jpn_Jpan,253,47,13
jpn_Jpan,254,0,60
jpn_Jpan,254,1,24
jpn_Jpan,254,2,24
jpn_Jpan,254,3,47
jpn_Jpan,254,4,13
jpn_Jpan,254,5,13
jpn_Jpan,254,6,13
jpn_Jpan,254,7,24
jpn_Jpan,254,8,13
jpn_Jpan,254,9,13
jpn_Jpan,254,10,13
jpn_Jpan,254,11,47
jpn_Jpan,254,12,13
jpn_Jpan,254,13,13
jpn_Jpan,254,14,47
jpn_Jpan,254,15,47
jpn_Jpan,254,16,47
jpn_Jpan,254,17,13
jpn_Jpan,254,18,39
jpn_Jpan,254,19,13
jpn_Jpan,254,20,24
jpn_Jpan,254,21,13
jpn_Jpan,254,22,39
jpn_Jpan,254,23,61
jpn_Jpan,254,24,39
jpn_Jpan,254,25,7
jpn_Jpan,254,26,24
jpn_Jpan,254,27,47
jpn_Jpan,254,28,13
jpn_Jpan,254,29,19
jpn_Jpan,254,30,39
jpn_Jpan,254,31,39
jpn_Jpan,254,32,13
jpn_Jpan,254,33,24
jpn_Jpan,254,34,13
jpn_Jpan,254,35,13
jpn_Jpan,254,36,19
jpn_Jpan,254,37,13
jpn_Jpan,254,38,13
jpn_Jpan,254,39,47
jpn_Jpan,254,40,47
jpn_Jpan,254,41,47
jpn_Jpan,254,42,13
jpn_Jpan,254,43,7
jpn_Jpan,254,44,13
jpn_Jpan,255,0,60
jpn_Jpan,255,1,13
jpn_Jpan,255,2,13
jpn_Jpan,255,3,47
jpn_Jpan,255,4,13
jpn_Jpan,255,5,13
jpn_Jpan,255,6,13
jpn_Jpan,255,7,47
jpn_Jpan,255,8,13
jpn_Jpan,255,9,13
jpn_Jpan,255,10,13
jpn_Jpan,255,11,24
jpn_Jpan,255,12,9
jpn_Jpan,255,13,13
jpn_Jpan,255,14,24
jpn_Jpan,255,15,47
jpn_Jpan,255,16,47
jpn_Jpan,255,17,39
jpn_Jpan,255,18,24
jpn_Jpan,255,19,24
jpn_Jpan,255,20,19
jpn_Jpan,255,21,13
jpn_Jpan,255,22,19
jpn_Jpan,255,23,24
jpn_Jpan,255,24,19
jpn_Jpan,255,25,13
jpn_Jpan,255,26,13
jpn_Jpan,255,27,24
jpn_Jpan,255,28,13
jpn_Jpan,255,29,61
jpn_Jpan,255,30,13
jpn_Jpan,255,31,13
jpn_Jpan,256,0,60
jpn_Jpan,256,1,13
jpn_Jpan,256,2,24
jpn_Jpan,256,3,13
jpn_Jpan,256,4,19
jpn_Jpan,256,5,13
jpn_Jpan,256,6,24
jpn_Jpan,256,7,13
jpn_Jpan,256,8,39
jpn_Jpan,256,9,13
jpn_Jpan,256,10,13
jpn_Jpan,256,11,13
jpn_Jpan,256,12,13
jpn_Jpan,256,13,24
jpn_Jpan,256,14,61
jpn_Jpan,256,15,13
jpn_Jpan,256,16,13
jpn_Jpan,256,17,47
jpn_Jpan,256,18,47
jpn_Jpan,256,19,13
jpn_Jpan,256,20,13
jpn_Jpan,256,21,13
jpn_Jpan,256,22,24
jpn_Jpan,256,23,13
jpn_Jpan,256,24,47
jpn_Jpan,256,25,13
jpn_Jpan,256,26,13
jpn_Jpan,256,27,13
jpn_Jpan,256,28,13
jpn_Jpan,256,29,13
jpn_Jpan,256,30,19
jpn_Jpan,256,31,13
jpn_Jpan,256,32,13
jpn_Jpan,256,33,24
jpn_Jpan,256,34,13
jpn_Jpan,256,35,13
jpn_Jpan,256,36,34
jpn_Jpan,256,37,9
jpn_Jpan,256,38,13
jpn_Jpan,256,39,13
jpn_Jpan,257,0,60
jpn_Jpan,257,1,1
jpn_Jpan,257,2,52
jpn_Jpan,257,3,13
jpn_Jpan,257,4,24
jpn_Jpan,257,5,13
jpn_Jpan,257,6,34
jpn_Jpan,257,7,13
jpn_Jpan,257,8,24
jpn_Jpan,257,9,13
jpn_Jpan,257,10,13
jpn_Jpan,257,11,13
jpn_Jpan,257,12,13
jpn_Jpan,257,13,61
jpn_Jpan,257,14,13
jpn_Jpan,257,15,13
jpn_Jpan,257,16,19
jpn_Jpan,257,17,13
jpn_Jpan,257,18,13
jpn_Jpan,257,19,12
jpn_Jpan,257,20,19
jpn_Jpan,257,21,13
jpn_Jpan,257,22,19
jpn_Jpan,257,23,13
jpn_Jpan,257,24,13
jpn_Jpan,257,25,13
jpn_Jpan,257,26,47
jpn_Jpan,257,27,13
jpn_Jpan,257,28,12
jpn_Jpan,257,29,13
jpn_Jpan,257,30,19
jpn_Jpan,257,31,13
jpn_Jpan,257,32,13
jpn_Jpan,257,33,47
jpn_Jpan,257,34,13
jpn_Jpan,257,35,13
jpn_Jpan,257,36,24
jpn_Jpan,257,37,13
jpn_Jpan,257,38,19
jpn_Jpan,257,39,13
jpn_Jpan,257,40,19
jpn_Jpan,257,41,13
jpn_Jpan,257,42,13
jpn_Jpan,257,43,24
jpn_Jpan,257,44,52
jpn_Jpan,257,45,13
jpn_Jpan,257,46,24
jpn_Jpan,257,47,13
jpn_Jpan,257,48,34
jpn_Jpan,257,49,34
jpn_Jpan,258,0,60
jpn_Jpan,258,1,24
jpn_Jpan,258,2,13
jpn_Jpan,258,3,13
jpn_Jpan,258,4,36
jpn_Jpan,258,5,13
jpn_Jpan,258,6,36
jpn_Jpan,258,7,13
jpn_Jpan,258,8,13
jpn_Jpan,258,9,19
jpn_Jpan,258,10,36
jpn_Jpan,258,11,40
jpn_Jpan,258,12,7
jpn_Jpan,258,13,36
jpn_Jpan,258,14,24
jpn_Jpan,258,15,13
jpn_Jpan,258,16,19
jpn_Jpan,258,17,36
jpn_Jpan,258,18,47
jpn_Jpan,258,19,19
jpn_Jpan,258,20,13
jpn_Jpan,258,21,19
jpn_Jpan,258,22,13
jpn_Jpan,258,23,13
jpn_Jpan,258,24,24
jpn_Jpan,259,0,60
jpn_Jpan,259,1,47
jpn_Jpan,259,2,13
jpn_Jpan,259,3,13
jpn_Jpan,259,4,13
jpn_Jpan,259,5,1
jpn_Jpan,259,6,52
jpn_Jpan,259,7,13
jpn_Jpan,259,8,13
jpn_Jpan,259,9,47
jpn_Jpan,260,0,60
jpn_Jpan,260,1,13
jpn_Jpan,260,2,24
jpn_Jpan,260,3,24
jpn_Jpan,260,4,13
jpn_Jpan,260,5,13
jpn_Jpan,260,6,61
jpn_Jpan,260,7,19
jpn_Jpan,260,8,39
jpn_Jpan,260,9,39
jpn_Jpan,260,10,13
jpn_Jpan,260,11,13
jpn_Jpan,260,12,13
jpn_Jpan,260,13,13
jpn_Jpan,260,14,47
jpn_Jpan,260,15,13
jpn_Jpan,260,16,13
jpn_Jpan,260,17,19
jpn_Jpan,260,18,39
jpn_Jpan,260,19,13
jpn_Jpan,260,20,13
jpn_Jpan,260,21,13
jpn_Jpan,260,22,34
jpn_Jpan,261,0,60
jpn_Jpan,261,1,52
jpn_Jpan,261,2,36
jpn_Jpan,261,3,19
jpn_Jpan,261,4,36
jpn_Jpan,261,5,52
jpn_Jpan,261,6,24
jpn_Jpan,261,7,24
jpn_Jpan,261,8,61
jpn_Jpan,261,9,13
jpn_Jpan,261,10,39
jpn_Jpan,261,11,13
jpn_Jpan,261,12,13
jpn_Jpan,261,13,61
jpn_Jpan,261,14,61
jpn_Jpan,261,15,13
jpn_Jpan,261,16,13
jpn_Jpan,261,17,47
jpn_Jpan,262,0,60
jpn_Jpan,262,1,13
jpn_Jpan,262,2,24
jpn_Jpan,262,3,52
jpn_Jpan,262,4,47
jpn_Jpan,262,5,19
jpn_Jpan,262,6,36
jpn_Jpan,262,7,13
jpn_Jpan,262,8,19
jpn_Jpan,262,9,13
jpn_Jpan,262,10,13
jpn_Jpan,262,11,13
jpn_Jpan,262,12,13
jpn_Jpan,262,13,13
jpn_Jpan,262,14,24
jpn_Jpan,262,15,19
jpn_Jpan,262,16,13
jpn_Jpan,262,17,26
jpn_Jpan,262,18,19
jpn_Jpan,262,19,24
jpn_Jpan,262,20,24
jpn_Jpan,262,21,54
jpn_Jpan,262,22,13
jpn_Jpan,262,23,24
jpn_Jpan,262,24,61
jpn_Jpan,262,25,13
jpn_Jpan,262,26,13
jpn_Jpan,262,27,61
jpn_Jpan,262,28,13
jpn_Jpan,262,29,13
jpn_Jpan,262,30,47
jpn_Jpan,262,31,13
jpn_Jpan,262,32,24
jpn_Jpan,262,33,47
jpn_Jpan,262,34,13
jpn_Jpan,262,35,36
jpn_Jpan,262,36,24
jpn_Jpan,262,37,47
jpn_Jpan,262,38,24
jpn_Jpan,262,39,24
jpn_Jpan,262,40,52
jpn_Jpan,262,41,24
jpn_Jpan,262,42,24
jpn_Jpan,262,43,13
jpn_Jpan,262,44,34
jpn_Jpan,262,45,13
jpn_Jpan,262,46,19
jpn_Jpan,262,47,36
jpn_Jpan,262,48,13
jpn_Jpan,262,49,13
jpn_Jpan,262,50,13
jpn_Jpan,262,51,34
jpn_Jpan,263,0,60
jpn_Jpan,263,1,13
jpn_Jpan,263,2,13
jpn_Jpan,263,3,24
jpn_Jpan,263,4,26
jpn_Jpan,263,5,47
jpn_Jpan,263,6,13
jpn_Jpan,263,7,13
jpn_Jpan,263,8,24
jpn_Jpan,263,9,24
jpn_Jpan,263,10,13
jpn_Jpan,263,11,13
jpn_Jpan,263,12,13
jpn_Jpan,263,13,13
jpn_Jpan,263,14,13
jpn_Jpan,263,15,13
jpn_Jpan,263,16,24
jpn_Jpan,263,17,47
jpn_Jpan,263,18,47
jpn_Jpan,263,19,13
jpn_Jpan,263,20,19
jpn_Jpan,263,21,39
jpn_Jpan,263,22,13
jpn_Jpan,263,23,13
jpn_Jpan,264,0,60
jpn_Jpan,264,1,47
jpn_Jpan,264,2,19
jpn_Jpan,264,3,47
jpn_Jpan,264,4,13
jpn_Jpan,264,5,29
jpn_Jpan,264,6,24
jpn_Jpan,264,7,24
jpn_Jpan,264,8,13
jpn_Jpan,264,9,13
jpn_Jpan,264,10,13
jpn_Jpan,264,11,47
jpn_Jpan,264,12,19
jpn_Jpan,264,13,19
jpn_Jpan,264,14,13
jpn_Jpan,264,15,36
jpn_Jpan,264,16,47
jpn_Jpan,264,17,13
jpn_Jpan,264,18,9
jpn_Jpan,264,19,24
jpn_Jpan,265,0,60
jpn_Jpan,265,1,13
jpn_Jpan,265,2,24
jpn_Jpan,265,3,19
jpn_Jpan,265,4,39
jpn_Jpan,265,5,13
jpn_Jpan,265,6,13
jpn_Jpan,265,7,61
jpn_Jpan,265,8,13
jpn_Jpan,265,9,13
jpn_Jpan,265,10,34
jpn_Jpan,266,0,60
jpn_Jpan,266,1,13
jpn_Jpan,266,2,13
jpn_Jpan,266,3,47
jpn_Jpan,266,4,13
jpn_Jpan,266,5,13
jpn_Jpan,266,6,47
jpn_Jpan,266,7,19
jpn_Jpan,266,8,36
jpn_Jpan,266,9,19
jpn_Jpan,266,10,36
jpn_Jpan,266,11,24
jpn_Jpan,266,12,19
jpn_Jpan,266,13,13
jpn_Jpan,266,14,13
jpn_Jpan,266,15,13
jpn_Jpan,266,16,24
jpn_Jpan,266,17,24
jpn_Jpan,266,18,52
jpn_Jpan,266,19,24
jpn_Jpan,266,20,24
jpn_Jpan,266,21,19
jpn_Jpan,266,22,13
jpn_Jpan,266,23,39
jpn_Jpan,266,24,13
jpn_Jpan,266,25,47
jpn_Jpan,266,26,13
jpn_Jpan,266,27,13
jpn_Jpan,266,28,24
jpn_Jpan,266,29,13
jpn_Jpan,266,30,13
jpn_Jpan,266,31,34
jpn_Jpan,266,32,34
jpn_Jpan,267,0,60
jpn_Jpan,267,1,60
jpn_Jpan,267,2,47
jpn_Jpan,267,3,13
jpn_Jpan,267,4,13
jpn_Jpan,267,5,36
jpn_Jpan,267,6,24
jpn_Jpan,267,7,47
jpn_Jpan,267,8,39
jpn_Jpan,267,9,47
jpn_Jpan,267,10,34
jpn_Jpan,267,11,34
jpn_Jpan,267,12,13
jpn_Jpan,267,13,13
jpn_Jpan,267,14,24
jpn_Jpan,267,15,13
jpn_Jpan,267,16,34
jpn_Jpan,267,17,13
jpn_Jpan,268,0,60
jpn_Jpan,268,1,19
jpn_Jpan,268,2,13
jpn_Jpan,268,3,13
jpn_Jpan,268,4,13
jpn_Jpan,268,5,13
jpn_Jpan,268,6,11
jpn_Jpan,268,7,61
jpn_Jpan,268,8,13
jpn_Jpan,268,9,13
jpn_Jpan,268,10,13
jpn_Jpan,268,11,13
jpn_Jpan,268,12,61
jpn_Jpan,268,13,13
jpn_Jpan,268,14,13
jpn_Jpan,268,15,47
jpn_Jpan,268,16,24
jpn_Jpan,268,17,13
jpn_Jpan,268,18,19
jpn_Jpan,268,19,13
jpn_Jpan,268,20,19
jpn_Jpan,268,21,13
jpn_Jpan,268,22,13
jpn_Jpan,268,23,1
jpn_Jpan,268,24,52
jpn_Jpan,268,25,1
jpn_Jpan,268,26,52
jpn_Jpan,268,27,24
jpn_Jpan,268,28,19
jpn_Jpan,268,29,13
jpn_Jpan,268,30,47
jpn_Jpan,268,31,13
jpn_Jpan,268,32,11
jpn_Jpan,268,33,24
jpn_Jpan,268,34,24
jpn_Jpan,268,35,13
jpn_Jpan,268,36,13
jpn_Jpan,268,37,34
jpn_Jpan,268,38,13
jpn_Jpan,268,39,13
jpn_Jpan,268,40,13
jpn_Jpan,268,41,13
jpn_Jpan,268,42,34
jpn_Jpan,269,0,60
jpn_Jpan,269,1,13
jpn_Jpan,269,2,47
jpn_Jpan,269,3,39
jpn_Jpan,269,4,13
jpn_Jpan,269,5,13
jpn_Jpan,269,6,13
jpn_Jpan,269,7,13
jpn_Jpan,269,8,13
jpn_Jpan,269,9,9
jpn_Jpan,269,10,24
jpn_Jpan,269,11,13
jpn_Jpan,269,12,13
jpn_Jpan,269,13,13
jpn_Jpan,269,14,13
jpn_Jpan,270,0,60
jpn_Jpan,270,1,13
jpn_Jpan,270,2,13
jpn_Jpan,270,3,13
jpn_Jpan,270,4,24
jpn_Jpan,270,5,47
jpn_Jpan,270,6,13
jpn_Jpan,270,7,13
jpn_Jpan,270,8,13
jpn_Jpan,270,9,7
jpn_Jpan,270,10,19
jpn_Jpan,270,11,13
jpn_Jpan,270,12,13
jpn_Jpan,270,13,24
jpn_Jpan,270,14,47
jpn_Jpan,270,15,13
jpn_Jpan,270,16,13
jpn_Jpan,270,17,34
jpn_Jpan,271,0,60
jpn_Jpan,271,1,13
jpn_Jpan,271,2,13
jpn_Jpan,271,3,24
jpn_Jpan,271,4,52
jpn_Jpan,271,5,19
jpn_Jpan,271,6,34
jpn_Jpan,271,7,24
jpn_Jpan,271,8,19
jpn_Jpan,271,9,13
jpn_Jpan,271,10,47
jpn_Jpan,271,11,13
jpn_Jpan,271,12,34
jpn_Jpan,272,0,60
jpn_Jpan,272,1,13
jpn_Jpan,272,2,36
jpn_Jpan,272,3,24
jpn_Jpan,272,4,19
jpn_Jpan,272,5,19
jpn_Jpan,272,6,47
jpn_Jpan,272,7,36
jpn_Jpan,272,8,24
jpn_Jpan,272,9,19
jpn_Jpan,272,10,13
jpn_Jpan,272,11,61
jpn_Jpan,272,12,19
jpn_Jpan,272,13,39
jpn_Jpan,272,14,13
jpn_Jpan,272,15,24
jpn_Jpan,272,16,13
jpn_Jpan,272,17,13
jpn_Jpan,272,18,24
jpn_Jpan,272,19,13
jpn_Jpan,272,20,13
jpn_Jpan,272,21,13
jpn_Jpan,272,22,13
jpn_Jpan,272,23,24
jpn_Jpan,272,24,47
jpn_Jpan,272,25,36
jpn_Jpan,272,26,36
jpn_Jpan,272,27,24
jpn_Jpan,272,28,13
jpn_Jpan,272,29,13
jpn_Jpan,272,30,24
jpn_Jpan,272,31,13
jpn_Jpan,272,32,47
jpn_Jpan,272,33,47
jpn_Jpan,272,34,61
jpn_Jpan,272,35,19
jpn_Jpan,272,36,13
jpn_Jpan,272,37,13
jpn_Jpan,273,0,60
jpn_Jpan,273,1,61
jpn_Jpan,273,2,28
jpn_Jpan,273,3,24
jpn_Jpan,273,4,19
jpn_Jpan,273,5,13
jpn_Jpan,273,6,34
jpn_Jpan,273,7,24
jpn_Jpan,273,8,13
jpn_Jpan,273,9,13
jpn_Jpan,273,10,19
jpn_Jpan,273,11,39
jpn_Jpan,273,12,19
jpn_Jpan,273,13,13
jpn_Jpan,273,14,13
jpn_Jpan,273,15,61
jpn_Jpan,273,16,47
jpn_Jpan,273,17,61
jpn_Jpan,273,18,19
jpn_Jpan,273,19,13
jpn_Jpan,273,20,24
jpn_Jpan,273,21,13
jpn_Jpan,273,22,13
jpn_Jpan,273,23,24
jpn_Jpan,273,24,24
jpn_Jpan,273,25,19
jpn_Jpan,273,26,13
jpn_Jpan,273,27,24
jpn_Jpan,273,28,13
jpn_Jpan,273,29,19
jpn_Jpan,273,30,24
jpn_Jpan,273,31,47
jpn_Jpan,273,32,19
jpn_Jpan,273,33,13
jpn_Jpan,273,34,13
jpn_Jpan,273,35,19
jpn_Jpan,273,36,13
jpn_Jpan,273,37,51
jpn_Jpan,274,0,60
jpn_Jpan,274,1,13
jpn_Jpan,274,2,13
jpn_Jpan,274,3,13
jpn_Jpan,274,4,13
jpn_Jpan,274,5,1
jpn_Jpan,274,6,13
jpn_Jpan,274,7,13
jpn_Jpan,274,8,13
jpn_Jpan,274,9,13
jpn_Jpan,274,10,13
jpn_Jpan,274,11,13
jpn_Jpan,274,12,13
jpn_Jpan,274,13,47
jpn_Jpan,274,14,19
jpn_Jpan,274,15,34
jpn_Jpan,274,16,24
jpn_Jpan,274,17,19
jpn_Jpan,274,18,13
jpn_Jpan,274,19,13
jpn_Jpan,274,20,51
jpn_Jpan,274,21,51
jpn_Jpan,274,22,51
jpn_Jpan,274,23,11
jpn_Jpan,274,24,13
jpn_Jpan,274,25,13
jpn_Jpan,274,26,39
jpn_Jpan,275,0,60
jpn_Jpan,275,1,60
jpn_Jpan,275,2,13
jpn_Jpan,275,3,24
jpn_Jpan,275,4,13
jpn_Jpan,275,5,19
jpn_Jpan,275,6,13
jpn_Jpan,275,7,24
jpn_Jpan,275,8,13
jpn_Jpan,275,9,19
jpn_Jpan,275,10,13
jpn_Jpan,275,11,36
jpn_Jpan,275,12,36
jpn_Jpan,275,13,24
jpn_Jpan,275,14,40
jpn_Jpan,275,15,7
jpn_Jpan,275,16,36
jpn_Jpan,275,17,36
jpn_Jpan,275,18,13
jpn_Jpan,275,19,34
jpn_Jpan,275,20,24
jpn_Jpan,275,21,34
jpn_Jpan,275,22,34
jpn_Jpan,275,23,24
jpn_Jpan,275,24,24
jpn_Jpan,275,25,47
jpn_Jpan,275,26,13
jpn_Jpan,275,27,34
jpn_Jpan,275,28,13
jpn_Jpan,275,29,34
jpn_Jpan,276,0,60
jpn_Jpan,276,1,13
jpn_Jpan,276,2,36
jpn_Jpan,276,3,24
jpn_Jpan,276,4,11
jpn_Jpan,276,5,13
jpn_Jpan,276,6,24
jpn_Jpan,276,7,7
jpn_Jpan,276,8,13
jpn_Jpan,276,9,24
jpn_Jpan,276,10,13
jpn_Jpan,276,11,13
jpn_Jpan,276,12,13
jpn_Jpan,276,13,13
jpn_Jpan,276,14,24
jpn_Jpan,276,15,19
jpn_Jpan,276,16,13
jpn_Jpan,276,17,13
jpn_Jpan,276,18,34
jpn_Jpan,276,19,24
jpn_Jpan,276,20,24
jpn_Jpan,276,21,36
jpn_Jpan,276,22,24
jpn_Jpan,276,23,13
jpn_Jpan,276,24,19
jpn_Jpan,276,25,13
jpn_Jpan,276,26,13
jpn_Jpan,276,27,13
jpn_Jpan,276,28,13
jpn_Jpan,276,29,34
jpn_Jpan,276,30,51
jpn_Jpan,276,31,34
jpn_Jpan,276,32,13
jpn_Jpan,276,33,13
jpn_Jpan,276,34,13
jpn_Jpan,276,35,19
jpn_Jpan,276,36,13
jpn_Jpan,276,37,24
jpn_Jpan,276,38,34
jpn_Jpan,277,0,60
jpn_Jpan,277,1,13
jpn_Jpan,277,2,13
jpn_Jpan,277,3,13
jpn_Jpan,277,4,12
jpn_Jpan,277,5,19
jpn_Jpan,277,6,13
jpn_Jpan,277,7,47
jpn_Jpan,277,8,13
jpn_Jpan,277,9,13
jpn_Jpan,277,10,13
jpn_Jpan,277,11,19
jpn_Jpan,277,12,13
jpn_Jpan,277,13,13
jpn_Jpan,277,14,1
jpn_Jpan,277,15,13
jpn_Jpan,277,16,19
jpn_Jpan,277,17,47
jpn_Jpan,277,18,39
jpn_Jpan,277,19,13
jpn_Jpan,277,20,13
jpn_Jpan,277,21,13
jpn_Jpan,277,22,19
jpn_Jpan,277,23,13
jpn_Jpan,277,24,47
jpn_Jpan,277,25,13
jpn_Jpan,278,0,60
jpn_Jpan,278,1,13
jpn_Jpan,278,2,24
jpn_Jpan,278,3,13
jpn_Jpan,278,4,19
jpn_Jpan,278,5,13
jpn_Jpan,278,6,13
jpn_Jpan,278,7,13
jpn_Jpan,278,8,13
jpn_Jpan,278,9,13
jpn_Jpan,278,10,51
jpn_Jpan,278,11,13
jpn_Jpan,278,12,51
jpn_Jpan,278,13,13
jpn_Jpan,278,14,13
jpn_Jpan,278,15,34
jpn_Jpan,278,16,13
jpn_Jpan,278,17,24
jpn_Jpan,278,18,24
jpn_Jpan,278,19,13
jpn_Jpan,278,20,13
jpn_Jpan,278,21,13
jpn_Jpan,278,22,24
jpn_Jpan,278,23,19
jpn_Jpan,278,24,19
jpn_Jpan,278,25,13
jpn_Jpan,278,26,13
jpn_Jpan,278,27,47
jpn_Jpan,278,28,13
jpn_Jpan,278,29,51
jpn_Jpan,278,30,13
jpn_Jpan,278,31,13
jpn_Jpan,278,32,13
jpn_Jpan,278,33,13
jpn_Jpan,278,34,13
jpn_Jpan,278,35,13
jpn_Jpan,278,36,34
jpn_Jpan,279,0,60
jpn_Jpan,279,1,13
jpn_Jpan,279,2,24
jpn_Jpan,279,3,61
jpn_Jpan,279,4,13
jpn_Jpan,279,5,34
jpn_Jpan,279,6,36
jpn_Jpan,279,7,24
jpn_Jpan,279,8,24
jpn_Jpan,279,9,13
jpn_Jpan,279,10,13
jpn_Jpan,279,11,13
jpn_Jpan,279,12,13
jpn_Jpan,279,13,13
jpn_Jpan,279,14,19
jpn_Jpan,279,15,13
jpn_Jpan,279,16,36
jpn_Jpan,279,17,24
jpn_Jpan,279,18,13
jpn_Jpan,279,19,13
jpn_Jpan,279,20,24
jpn_Jpan,279,21,19
jpn_Jpan,279,22,13
jpn_Jpan,279,23,9
jpn_Jpan,279,24,24
jpn_Jpan,279,25,24
jpn_Jpan,279,26,19
jpn_Jpan,279,27,13
jpn_Jpan,279,28,13
jpn_Jpan,279,29,24
jpn_Jpan,279,30,52
jpn_Jpan,279,31,13
jpn_Jpan,279,32,13
jpn_Jpan,279,33,34
jpn_Jpan,279,34,34
jpn_Jpan,279,35,24
jpn_Jpan,279,36,13
jpn_Jpan,279,37,13
jpn_Jpan,279,38,13
jpn_Jpan,279,39,13
jpn_Jpan,279,40,34
jpn_Jpan,280,0,60
jpn_Jpan,280,1,13
jpn_Jpan,280,2,13
jpn_Jpan,280,3,13
jpn_Jpan,280,4,24
jpn_Jpan,280,5,52
jpn_Jpan,280,6,1
jpn_Jpan,280,7,13
jpn_Jpan,280,8,19
jpn_Jpan,280,9,13
jpn_Jpan,280,10,24
jpn_Jpan,280,11,13
jpn_Jpan,280,12,19
jpn_Jpan,280,13,13
jpn_Jpan,280,14,13
jpn_Jpan,280,15,47
jpn_Jpan,280,16,13
jpn_Jpan,280,17,19
jpn_Jpan,280,18,34
jpn_Jpan,280,19,13
jpn_Jpan,280,20,34
jpn_Jpan,281,0,60
jpn_Jpan,281,1,13
jpn_Jpan,281,2,24
jpn_Jpan,281,3,19
jpn_Jpan,281,4,39
jpn_Jpan,281,5,13
jpn_Jpan,281,6,19
jpn_Jpan,281,7,13
jpn_Jpan,281,8,13
jpn_Jpan,281,9,13
jpn_Jpan,281,10,13
jpn_Jpan,281,11,47
jpn_Jpan,281,12,24
jpn_Jpan,281,13,13
jpn_Jpan,281,14,61
jpn_Jpan,281,15,13
jpn_Jpan,281,16,24
jpn_Jpan,281,17,47
jpn_Jpan,281,18,13
jpn_Jpan,281,19,47
jpn_Jpan,281,20,34
jpn_Jpan,281,21,24
jpn_Jpan,281,22,13
jpn_Jpan,281,23,13
jpn_Jpan,281,24,24
jpn_Jpan,281,25,19
jpn_Jpan,281,26,13
jpn_Jpan,281,27,24
jpn_Jpan,281,28,13
jpn_Jpan,281,29,19
jpn_Jpan,281,30,34
jpn_Jpan,281,31,13
jpn_Jpan,281,32,24
jpn_Jpan,282,0,60
jpn_Jpan,282,1,9
jpn_Jpan,282,2,13
jpn_Jpan,282,3,24
jpn_Jpan,282,4,13
jpn_Jpan,282,5,13
jpn_Jpan,282,6,24
jpn_Jpan,282,7,13
jpn_Jpan,282,8,13
jpn_Jpan,282,9,13
jpn_Jpan,282,10,36
jpn_Jpan,282,11,24
jpn_Jpan,282,12,13
jpn_Jpan,282,13,19
jpn_Jpan,282,14,34
jpn_Jpan,282,15,34
jpn_Jpan,282,16,13
jpn_Jpan,282,17,51
jpn_Jpan,282,18,24
jpn_Jpan,282,19,13
jpn_Jpan,282,20,24
jpn_Jpan,282,21,24
jpn_Jpan,282,22,13
jpn_Jpan,282,23,19
jpn_Jpan,282,24,13
jpn_Jpan,282,25,13
jpn_Jpan,282,26,13
jpn_Jpan,282,27,13
jpn_Jpan,282,28,13
jpn_Jpan,282,29,13
jpn_Jpan,282,30,19
jpn_Jpan,282,31,13
jpn_Jpan,282,32,13
jpn_Jpan,282,33,13
jpn_Jpan,282,34,13
jpn_Jpan,282,35,34
jpn_Jpan,282,36,13
jpn_Jpan,282,37,34
jpn_Jpan,283,0,60
jpn_Jpan,283,1,36
jpn_Jpan,283,2,24
jpn_Jpan,283,3,47
jpn_Jpan,283,4,13
jpn_Jpan,283,5,13
jpn_Jpan,283,6,13
jpn_Jpan,283,7,24
jpn_Jpan,283,8,13
jpn_Jpan,283,9,13
jpn_Jpan,283,10,19
jpn_Jpan,283,11,13
jpn_Jpan,283,12,24
jpn_Jpan,283,13,13
jpn_Jpan,283,14,24
jpn_Jpan,283,15,13
jpn_Jpan,283,16,13
jpn_Jpan,283,17,13
jpn_Jpan,283,18,13
jpn_Jpan,283,19,34
jpn_Jpan,283,20,13
jpn_Jpan,283,21,24
jpn_Jpan,283,22,24
jpn_Jpan,283,23,47
jpn_Jpan,283,24,13
jpn_Jpan,283,25,13
jpn_Jpan,283,26,13
jpn_Jpan,283,27,19
jpn_Jpan,283,28,13
jpn_Jpan,283,29,24
jpn_Jpan,283,30,61
jpn_Jpan,283,31,13
jpn_Jpan,283,32,19
jpn_Jpan,283,33,34
jpn_Jpan,283,34,24
jpn_Jpan,283,35,13
jpn_Jpan,283,36,34
jpn_Jpan,284,0,60
jpn_Jpan,284,1,13
jpn_Jpan,284,2,13
jpn_Jpan,284,3,36
jpn_Jpan,284,4,47
jpn_Jpan,284,5,36
jpn_Jpan,284,6,36
jpn_Jpan,284,7,13
jpn_Jpan,284,8,47
jpn_Jpan,284,9,36
jpn_Jpan,284,10,19
jpn_Jpan,284,11,13
jpn_Jpan,284,12,34
jpn_Jpan,284,13,24
jpn_Jpan,284,14,1
jpn_Jpan,284,15,24
jpn_Jpan,284,16,13
jpn_Jpan,284,17,19
jpn_Jpan,284,18,13
jpn_Jpan,284,19,19
jpn_Jpan,284,20,29
jpn_Jpan,284,21,19
jpn_Jpan,284,22,13
jpn_Jpan,284,23,34
jpn_Jpan,284,24,24
jpn_Jpan,284,25,47
jpn_Jpan,284,26,19
jpn_Jpan,284,27,13
jpn_Jpan,284,28,13
jpn_Jpan,284,29,24
jpn_Jpan,284,30,13
jpn_Jpan,284,31,13
jpn_Jpan,284,32,13
jpn_Jpan,284,33,19
jpn_Jpan,284,34,34
jpn_Jpan,285,0,60
jpn_Jpan,285,1,13
jpn_Jpan,285,2,13
jpn_Jpan,285,3,47
jpn_Jpan,285,4,13
jpn_Jpan,285,5,36
jpn_Jpan,285,6,61
jpn_Jpan,285,7,13
jpn_Jpan,285,8,24
jpn_Jpan,285,9,24
jpn_Jpan,285,10,13
jpn_Jpan,285,11,19
jpn_Jpan,285,12,13
jpn_Jpan,285,13,13
jpn_Jpan,285,14,34
jpn_Jpan,285,15,24
jpn_Jpan,285,16,13
jpn_Jpan,285,17,19
jpn_Jpan,285,18,13
jpn_Jpan,285,19,24
jpn_Jpan,285,20,19
jpn_Jpan,285,21,13
jpn_Jpan,285,22,13
jpn_Jpan,285,23,34
jpn_Jpan,285,24,24
jpn_Jpan,285,25,13
jpn_Jpan,285,26,34
jpn_Jpan,285,27,13
jpn_Jpan,285,28,51
jpn_Jpan,285,29,39
jpn_Jpan,285,30,13
jpn_Jpan,285,31,34
jpn_Jpan,286,0,60
jpn_Jpan,286,1,13
jpn_Jpan,286,2,13
jpn_Jpan,286,3,39
jpn_Jpan,286,4,39
jpn_Jpan,286,5,7
jpn_Jpan,286,6,13
jpn_Jpan,286,7,19
jpn_Jpan,286,8,36
jpn_Jpan,286,9,13
jpn_Jpan,286,10,19
jpn_Jpan,286,11,13
jpn_Jpan,286,12,13
jpn_Jpan,286,13,13
jpn_Jpan,286,14,19
jpn_Jpan,286,15,24
jpn_Jpan,286,16,61
jpn_Jpan,286,17,47
jpn_Jpan,286,18,7
jpn_Jpan,286,19,19
jpn_Jpan,286,20,13
jpn_Jpan,286,21,19
jpn_Jpan,286,22,13
jpn_Jpan,287,0,60
jpn_Jpan,287,1,13
jpn_Jpan,287,2,12
jpn_Jpan,287,3,36
jpn_Jpan,287,4,1
jpn_Jpan,287,5,24
jpn_Jpan,287,6,13
jpn_Jpan,287,7,36
jpn_Jpan,287,8,24
jpn_Jpan,287,9,19
jpn_Jpan,287,10,13
jpn_Jpan,287,11,13
jpn_Jpan,287,12,36
jpn_Jpan,287,13,24
jpn_Jpan,287,14,13
jpn_Jpan,287,15,39
jpn_Jpan,287,16,24
jpn_Jpan,287,17,36
jpn_Jpan,287,18,36
jpn_Jpan,287,19,24
jpn_Jpan,287,20,13
jpn_Jpan,287,21,13
jpn_Jpan,287,22,13
jpn_Jpan,287,23,34
jpn_Jpan,287,24,36
jpn_Jpan,287,25,13
jpn_Jpan,287,26,34
jpn_Jpan,288,0,60
jpn_Jpan,288,1,13
jpn_Jpan,288,2,19
jpn_Jpan,288,3,13
jpn_Jpan,288,4,7
jpn_Jpan,288,5,9
jpn_Jpan,288,6,9
jpn_Jpan,288,7,1
jpn_Jpan,288,8,13
jpn_Jpan,288,9,13
jpn_Jpan,288,10,13
jpn_Jpan,288,11,13
jpn_Jpan,288,12,19
jpn_Jpan,288,13,36
jpn_Jpan,288,14,47
jpn_Jpan,288,15,19
jpn_Jpan,288,16,36
jpn_Jpan,288,17,24
jpn_Jpan,288,18,61
jpn_Jpan,288,19,13
jpn_Jpan,288,20,24
jpn_Jpan,288,21,24
jpn_Jpan,288,22,13
jpn_Jpan,288,23,13
jpn_Jpan,288,24,61
jpn_Jpan,288,25,61
jpn_Jpan,288,26,13
jpn_Jpan,289,0,60
jpn_Jpan,289,1,24
jpn_Jpan,289,2,13
jpn_Jpan,289,3,24
jpn_Jpan,289,4,13
jpn_Jpan,289,5,13
jpn_Jpan,289,6,19
jpn_Jpan,289,7,13
jpn_Jpan,289,8,24
jpn_Jpan,289,9,13
jpn_Jpan,289,10,13
jpn_Jpan,289,11,13
jpn_Jpan,289,12,34
jpn_Jpan,290,0,60
jpn_Jpan,290,1,13
jpn_Jpan,290,2,47
jpn_Jpan,290,3,13
jpn_Jpan,290,4,13
jpn_Jpan,290,5,61
jpn_Jpan,290,6,19
jpn_Jpan,290,7,13
jpn_Jpan,290,8,24
jpn_Jpan,290,9,61
jpn_Jpan,290,10,61
jpn_Jpan,290,11,13
jpn_Jpan,290,12,47
jpn_Jpan,290,13,13
jpn_Jpan,290,14,61
jpn_Jpan,290,15,13
jpn_Jpan,290,16,61
jpn_Jpan,290,17,13
jpn_Jpan,290,18,24
jpn_Jpan,291,0,60
jpn_Jpan,291,1,52
jpn_Jpan,291,2,13
jpn_Jpan,291,3,13
jpn_Jpan,291,4,19
jpn_Jpan,291,5,13
jpn_Jpan,291,6,13
jpn_Jpan,291,7,34
jpn_Jpan,291,8,24
jpn_Jpan,291,9,13
jpn_Jpan,291,10,13
jpn_Jpan,291,11,34
jpn_Jpan,291,12,24
jpn_Jpan,291,13,24
jpn_Jpan,291,14,13
jpn_Jpan,291,15,24
jpn_Jpan,291,16,13
jpn_Jpan,291,17,19
jpn_Jpan,291,18,13
jpn_Jpan,291,19,13
jpn_Jpan,291,20,19
jpn_Jpan,291,21,13
jpn_Jpan,291,22,13
jpn_Jpan,291,23,24
jpn_Jpan,291,24,13
jpn_Jpan,291,25,47
jpn_Jpan,291,26,13
jpn_Jpan,291,27,13
jpn_Jpan,291,28,19
jpn_Jpan,291,29,13
jpn_Jpan,291,30,19
jpn_Jpan,291,31,34
jpn_Jpan,291,32,13
jpn_Jpan,291,33,34
jpn_Jpan,292,0,60
jpn_Jpan,292,1,13
jpn_Jpan,292,2,13
jpn_Jpan,292,3,19
jpn_Jpan,292,4,39
jpn_Jpan,292,5,39
jpn_Jpan,292,6,13
jpn_Jpan,292,7,13
jpn_Jpan,292,8,13
jpn_Jpan,292,9,24
jpn_Jpan,292,10,13
jpn_Jpan,292,11,47
jpn_Jpan,292,12,13
jpn_Jpan,292,13,13
jpn_Jpan,292,14,13
jpn_Jpan,292,15,13
jpn_Jpan,292,16,13
jpn_Jpan,292,17,13
jpn_Jpan,292,18,13
jpn_Jpan,292,19,13
jpn_Jpan,292,20,13
jpn_Jpan,292,21,13
jpn_Jpan,292,22,11
jpn_Jpan,292,23,47
jpn_Jpan,292,24,13
jpn_Jpan,292,25,13
jpn_Jpan,292,26,13
jpn_Jpan,292,27,24
jpn_Jpan,292,28,13
jpn_Jpan,292,29,13
jpn_Jpan,292,30,13
jpn_Jpan,292,31,13
jpn_Jpan,292,32,13
jpn_Jpan,292,33,24
jpn_Jpan,292,34,61
jpn_Jpan,292,35,47
jpn_Jpan,292,36,13
jpn_Jpan,292,37,13
jpn_Jpan,292,38,47
jpn_Jpan,292,39,13
jpn_Jpan,292,40,51
jpn_Jpan,292,41,9
jpn_Jpan,292,42,13
jpn_Jpan,292,43,39
jpn_Jpan,292,44,24
jpn_Jpan,292,45,13
jpn_Jpan,292,46,13
jpn_Jpan,292,47,19
jpn_Jpan,292,48,13
jpn_Jpan,292,49,61
jpn_Jpan,292,50,13
jpn_Jpan,293,0,60
jpn_Jpan,293,1,24
jpn_Jpan,293,2,52
jpn_Jpan,293,3,24
jpn_Jpan,293,4,13
jpn_Jpan,293,5,12
jpn_Jpan,293,6,24
jpn_Jpan,293,7,24
jpn_Jpan,293,8,61
jpn_Jpan,293,9,13
jpn_Jpan,293,10,19
jpn_Jpan,293,11,13
jpn_Jpan,293,12,24
jpn_Jpan,293,13,24
jpn_Jpan,293,14,19
jpn_Jpan,293,15,13
jpn_Jpan,293,16,19
jpn_Jpan,293,17,13
jpn_Jpan,293,18,7
jpn_Jpan,293,19,34
jpn_Jpan,294,0,60
jpn_Jpan,294,1,19
jpn_Jpan,294,2,13
jpn_Jpan,294,3,24
jpn_Jpan,294,4,52
jpn_Jpan,294,5,52
jpn_Jpan,294,6,13
jpn_Jpan,294,7,13
jpn_Jpan,294,8,24
jpn_Jpan,294,9,13
jpn_Jpan,294,10,13
jpn_Jpan,294,11,34
jpn_Jpan,295,0,60
jpn_Jpan,295,1,36
jpn_Jpan,295,2,19
jpn_Jpan,295,3,13
jpn_Jpan,295,4,19
jpn_Jpan,295,5,36
jpn_Jpan,295,6,24
jpn_Jpan,295,7,47
jpn_Jpan,295,8,13
jpn_Jpan,295,9,19
jpn_Jpan,295,10,34
jpn_Jpan,295,11,36
jpn_Jpan,295,12,13
jpn_Jpan,295,13,39
jpn_Jpan,295,14,52
jpn_Jpan,295,15,61
jpn_Jpan,295,16,39
jpn_Jpan,295,17,13
jpn_Jpan,295,18,7
jpn_Jpan,295,19,13
jpn_Jpan,295,20,24
jpn_Jpan,295,21,19
jpn_Jpan,295,22,13
jpn_Jpan,295,23,19
jpn_Jpan,295,24,36
jpn_Jpan,295,25,24
jpn_Jpan,295,26,13
jpn_Jpan,295,27,13
jpn_Jpan,295,28,40
jpn_Jpan,295,29,13
jpn_Jpan,295,30,47
jpn_Jpan,295,31,13
jpn_Jpan,295,32,24
jpn_Jpan,295,33,22
jpn_Jpan,295,34,6
jpn_Jpan,295,35,24
jpn_Jpan,295,36,47
jpn_Jpan,295,37,13
jpn_Jpan,295,38,36
jpn_Jpan,295,39,13
jpn_Jpan,295,40,13
jpn_Jpan,296,0,60
jpn_Jpan,296,1,13
jpn_Jpan,296,2,61
jpn_Jpan,296,3,13
jpn_Jpan,296,4,13
jpn_Jpan,296,5,24
jpn_Jpan,296,6,13
jpn_Jpan,296,7,13
jpn_Jpan,296,8,39
jpn_Jpan,296,9,13
jpn_Jpan,296,10,24
jpn_Jpan,296,11,13
jpn_Jpan,296,12,13
jpn_Jpan,296,13,13
jpn_Jpan,296,14,9
jpn_Jpan,296,15,39
jpn_Jpan,296,16,9
jpn_Jpan,296,17,7
jpn_Jpan,296,18,13
jpn_Jpan,297,0,60
jpn_Jpan,297,1,13
jpn_Jpan,297,2,24
jpn_Jpan,297,3,13
jpn_Jpan,297,4,19
jpn_Jpan,297,5,36
jpn_Jpan,297,6,24
jpn_Jpan,297,7,24
jpn_Jpan,297,8,47
jpn_Jpan,297,9,19
jpn_Jpan,297,10,13
jpn_Jpan,297,11,24
jpn_Jpan,297,12,19
jpn_Jpan,297,13,13
jpn_Jpan,297,14,13
jpn_Jpan,297,15,13
jpn_Jpan,297,16,19
jpn_Jpan,297,17,13
jpn_Jpan,297,18,13
jpn_Jpan,297,19,34
jpn_Jpan,298,0,60
jpn_Jpan,298,1,36
jpn_Jpan,298,2,19
jpn_Jpan,298,3,13
jpn_Jpan,298,4,13
jpn_Jpan,298,5,13
jpn_Jpan,298,6,47
jpn_Jpan,298,7,13
jpn_Jpan,298,8,13
jpn_Jpan,298,9,24
jpn_Jpan,298,10,19
jpn_Jpan,298,11,19
jpn_Jpan,298,12,19
jpn_Jpan,298,13,13
jpn_Jpan,298,14,34
jpn_Jpan,298,15,47
jpn_Jpan,298,16,13
jpn_Jpan,298,17,24
jpn_Jpan,298,18,13
jpn_Jpan,298,19,13
jpn_Jpan,298,20,24
jpn_Jpan,298,21,47
jpn_Jpan,298,22,13
jpn_Jpan,298,23,13
jpn_Jpan,298,24,13
jpn_Jpan,298,25,13
jpn_Jpan,298,26,13
jpn_Jpan,298,27,13
jpn_Jpan,298,28,24
jpn_Jpan,298,29,39
jpn_Jpan,298,30,13
jpn_Jpan,298,31,1
jpn_Jpan,298,32,19
jpn_Jpan,298,33,13
jpn_Jpan,298,34,13
jpn_Jpan,298,35,19
jpn_Jpan,298,36,13
jpn_Jpan,298,37,19
jpn_Jpan,298,38,34
jpn_Jpan,298,39,13
jpn_Jpan,298,40,24
jpn_Jpan,298,41,13
jpn_Jpan,298,42,34
jpn_Jpan,298,43,13
jpn_Jpan,298,44,51
jpn_Jpan,299,0,60
jpn_Jpan,299,1,13
jpn_Jpan,299,2,13
jpn_Jpan,299,3,39
jpn_Jpan,299,4,39
jpn_Jpan,299,5,13
jpn_Jpan,299,6,13
jpn_Jpan,299,7,13
jpn_Jpan,299,8,13
jpn_Jpan,299,9,24
jpn_Jpan,299,10,47
jpn_Jpan,299,11,13
jpn_Jpan,299,12,13
jpn_Jpan,299,13,13
jpn_Jpan,299,14,34
jpn_Jpan,300,0,60
jpn_Jpan,300,1,13
jpn_Jpan,300,2,24
jpn_Jpan,300,3,13
jpn_Jpan,300,4,13
jpn_Jpan,300,5,36
jpn_Jpan,300,6,36
jpn_Jpan,300,7,47
jpn_Jpan,300,8,19
jpn_Jpan,300,9,13
jpn_Jpan,300,10,24
jpn_Jpan,300,11,47
jpn_Jpan,300,12,36
jpn_Jpan,300,13,36
jpn_Jpan,300,14,1
jpn_Jpan,300,15,52
jpn_Jpan,300,16,36
jpn_Jpan,300,17,24
jpn_Jpan,300,18,13
jpn_Jpan,300,19,36
jpn_Jpan,300,20,52
jpn_Jpan,300,21,36
jpn_Jpan,300,22,24
jpn_Jpan,300,23,13
jpn_Jpan,300,24,19
jpn_Jpan,300,25,34
jpn_Jpan,300,26,34
jpn_Jpan,301,0,60
jpn_Jpan,301,1,19
jpn_Jpan,301,2,13
jpn_Jpan,301,3,19
jpn_Jpan,301,4,13
jpn_Jpan,301,5,13
jpn_Jpan,301,6,19
jpn_Jpan,301,7,34
jpn_Jpan,301,8,19
jpn_Jpan,301,9,36
jpn_Jpan,301,10,24
jpn_Jpan,301,11,24
jpn_Jpan,301,12,13
jpn_Jpan,301,13,19
jpn_Jpan,301,14,13
jpn_Jpan,301,15,34
jpn_Jpan,301,16,11
jpn_Jpan,301,17,58
jpn_Jpan,301,18,12
jpn_Jpan,301,19,61
jpn_Jpan,302,0,60
jpn_Jpan,302,1,24
jpn_Jpan,302,2,61
jpn_Jpan,302,3,13
jpn_Jpan,302,4,13
jpn_Jpan,302,5,13
jpn_Jpan,302,6,19
jpn_Jpan,302,7,19
jpn_Jpan,302,8,13
jpn_Jpan,302,9,61
jpn_Jpan,302,10,19
jpn_Jpan,302,11,13
jpn_Jpan,302,12,13
jpn_Jpan,302,13,24
jpn_Jpan,302,14,47
jpn_Jpan,302,15,13
jpn_Jpan,302,16,19
jpn_Jpan,302,17,13
jpn_Jpan,302,18,13
jpn_Jpan,302,19,13
jpn_Jpan,302,20,13
jpn_Jpan,302,21,13
jpn_Jpan,302,22,47
jpn_Jpan,302,23,13
jpn_Jpan,302,24,13
jpn_Jpan,302,25,24
jpn_Jpan,302,26,24
jpn_Jpan,302,27,1
jpn_Jpan,302,28,47
jpn_Jpan,302,29,26
jpn_Jpan,302,30,61
jpn_Jpan,302,31,13
jpn_Jpan,302,32,13
jpn_Jpan,302,33,13
jpn_Jpan,302,34,24
jpn_Jpan,302,35,61
jpn_Jpan,302,36,13
jpn_Jpan,302,37,24
jpn_Jpan,302,38,13
jpn_Jpan,302,39,13
jpn_Jpan,302,40,13
jpn_Jpan,302,41,34
jpn_Jpan,303,0,60
jpn_Jpan,303,1,13
jpn_Jpan,303,2,61
jpn_Jpan,303,3,13
jpn_Jpan,303,4,24
jpn_Jpan,303,5,13
jpn_Jpan,303,6,47
jpn_Jpan,303,7,19
jpn_Jpan,303,8,13
jpn_Jpan,303,9,13
jpn_Jpan,303,10,24
jpn_Jpan,303,11,13
jpn_Jpan,303,12,13
jpn_Jpan,303,13,34
jpn_Jpan,303,14,36
jpn_Jpan,303,15,24
jpn_Jpan,303,16,13
jpn_Jpan,303,17,19
jpn_Jpan,303,18,13
jpn_Jpan,303,19,47
jpn_Jpan,303,20,47
jpn_Jpan,303,21,13
jpn_Jpan,303,22,13
jpn_Jpan,303,23,36
jpn_Jpan,303,24,13
jpn_Jpan,303,25,47
jpn_Jpan,303,26,13
jpn_Jpan,303,27,24
jpn_Jpan,303,28,13
jpn_Jpan,303,29,13
jpn_Jpan,303,30,47
jpn_Jpan,303,31,13
jpn_Jpan,303,32,13
jpn_Jpan,303,33,61
jpn_Jpan,303,34,13
jpn_Jpan,303,35,39
jpn_Jpan,303,36,13
jpn_Jpan,303,37,13
jpn_Jpan,303,38,47
jpn_Jpan,303,39,13
jpn_Jpan,303,40,13
jpn_Jpan,303,41,47
jpn_Jpan,303,42,13
jpn_Jpan,303,43,13
jpn_Jpan,303,44,36
jpn_Jpan,303,45,13
jpn_Jpan,303,46,34
jpn_Jpan,303,47,34
jpn_Jpan,304,0,60
jpn_Jpan,304,1,13
jpn_Jpan,304,2,47
jpn_Jpan,304,3,13
jpn_Jpan,304,4,47
jpn_Jpan,304,5,39
jpn_Jpan,304,6,7
jpn_Jpan,304,7,24
jpn_Jpan,304,8,13
jpn_Jpan,304,9,7
jpn_Jpan,304,10,13
jpn_Jpan,304,11,61
jpn_Jpan,304,12,19
jpn_Jpan,304,13,34
jpn_Jpan,304,14,24
jpn_Jpan,304,15,61
jpn_Jpan,304,16,61
jpn_Jpan,304,17,19
jpn_Jpan,304,18,13
jpn_Jpan,304,19,13
jpn_Jpan,304,20,24
jpn_Jpan,305,0,60
jpn_Jpan,305,1,47
jpn_Jpan,305,2,13
jpn_Jpan,305,3,13
jpn_Jpan,305,4,13
jpn_Jpan,305,5,24
jpn_Jpan,305,6,24
jpn_Jpan,305,7,52
jpn_Jpan,305,8,1
jpn_Jpan,305,9,52
jpn_Jpan,305,10,13
jpn_Jpan,305,11,13
jpn_Jpan,305,12,24
jpn_Jpan,305,13,24
jpn_Jpan,305,14,13
jpn_Jpan,305,15,13
jpn_Jpan,305,16,13
jpn_Jpan,305,17,13
jpn_Jpan,305,18,13
jpn_Jpan,305,19,13
jpn_Jpan,305,20,39
jpn_Jpan,305,21,13
jpn_Jpan,305,22,24
jpn_Jpan,305,23,47
jpn_Jpan,305,24,19
jpn_Jpan,305,25,13
jpn_Jpan,305,26,13
jpn_Jpan,305,27,24
jpn_Jpan,305,28,13
jpn_Jpan,305,29,19
jpn_Jpan,305,30,34
jpn_Jpan,305,31,34
jpn_Jpan,306,0,60
jpn_Jpan,306,1,22
jpn_Jpan,306,2,40
jpn_Jpan,306,3,39
jpn_Jpan,306,4,19
jpn_Jpan,306,5,63
jpn_Jpan,306,6,12
jpn_Jpan,306,7,58
jpn_Jpan,306,8,12
jpn_Jpan,306,9,61
jpn_Jpan,307,0,60
jpn_Jpan,307,1,47
jpn_Jpan,307,2,19
jpn_Jpan,307,3,13
jpn_Jpan,307,4,47
jpn_Jpan,307,5,47
jpn_Jpan,307,6,7
jpn_Jpan,307,7,24
jpn_Jpan,307,8,29
jpn_Jpan,307,9,19
jpn_Jpan,307,10,7
jpn_Jpan,307,11,13
jpn_Jpan,307,12,24
jpn_Jpan,307,13,19
jpn_Jpan,307,14,13
jpn_Jpan,307,15,13
jpn_Jpan,307,16,24
jpn_Jpan,307,17,24
jpn_Jpan,308,0,60
jpn_Jpan,308,1,13
jpn_Jpan,308,2,24
jpn_Jpan,308,3,24
jpn_Jpan,308,4,13
jpn_Jpan,308,5,24
jpn_Jpan,308,6,13
jpn_Jpan,308,7,19
jpn_Jpan,308,8,47
jpn_Jpan,308,9,13
jpn_Jpan,308,10,39
jpn_Jpan,308,11,61
jpn_Jpan,308,12,19
jpn_Jpan,308,13,36
jpn_Jpan,308,14,24
jpn_Jpan,308,15,19
jpn_Jpan,308,16,13
jpn_Jpan,308,17,13
jpn_Jpan,308,18,13
jpn_Jpan,308,19,36
jpn_Jpan,308,20,24
jpn_Jpan,308,21,34
jpn_Jpan,309,0,60
jpn_Jpan,309,1,13
jpn_Jpan,309,2,13
jpn_Jpan,309,3,13
jpn_Jpan,309,4,12
jpn_Jpan,309,5,9
jpn_Jpan,309,6,52
jpn_Jpan,309,7,7
jpn_Jpan,309,8,24
jpn_Jpan,309,9,13
jpn_Jpan,309,10,1
jpn_Jpan,309,11,13
jpn_Jpan,309,12,13
jpn_Jpan,309,13,12
jpn_Jpan,309,14,19
jpn_Jpan,309,15,19
jpn_Jpan,309,16,13
jpn_Jpan,309,17,19
jpn_Jpan,309,18,39
jpn_Jpan,309,19,13
jpn_Jpan,309,20,13
jpn_Jpan,309,21,52
jpn_Jpan,309,22,19
jpn_Jpan,309,23,13
jpn_Jpan,309,24,24
jpn_Jpan,309,25,13
jpn_Jpan,309,26,24
jpn_Jpan,309,27,13
jpn_Jpan,309,28,13
jpn_Jpan,310,0,60
jpn_Jpan,310,1,13
jpn_Jpan,310,2,19
jpn_Jpan,310,3,13
jpn_Jpan,310,4,13
jpn_Jpan,310,5,19
jpn_Jpan,310,6,36
jpn_Jpan,310,7,24
jpn_Jpan,310,8,13
jpn_Jpan,310,9,13
jpn_Jpan,310,10,13
jpn_Jpan,310,11,24
jpn_Jpan,310,12,19
jpn_Jpan,310,13,13
jpn_Jpan,310,14,13
jpn_Jpan,310,15,13
jpn_Jpan,310,16,24
jpn_Jpan,310,17,13
jpn_Jpan,310,18,13
jpn_Jpan,310,19,47
jpn_Jpan,310,20,47
jpn_Jpan,310,21,13
jpn_Jpan,310,22,13
jpn_Jpan,310,23,24
jpn_Jpan,310,24,13
jpn_Jpan,310,25,13
jpn_Jpan,310,26,13
jpn_Jpan,310,27,47
jpn_Jpan,310,28,47
jpn_Jpan,310,29,47
jpn_Jpan,310,30,39
jpn_Jpan,310,31,39
jpn_Jpan,310,32,13
jpn_Jpan,310,33,24
jpn_Jpan,310,34,13
jpn_Jpan,310,35,1
jpn_Jpan,310,36,13
jpn_Jpan,310,37,13
jpn_Jpan,310,38,24
jpn_Jpan,310,39,13
jpn_Jpan,310,40,13
jpn_Jpan,310,41,13
jpn_Jpan,310,42,34
jpn_Jpan,311,0,60
jpn_Jpan,311,1,24
jpn_Jpan,311,2,19
jpn_Jpan,311,3,13
jpn_Jpan,311,4,19
jpn_Jpan,311,5,13
jpn_Jpan,311,6,24
jpn_Jpan,311,7,19
jpn_Jpan,311,8,13
jpn_Jpan,311,9,47
jpn_Jpan,311,10,19
jpn_Jpan,311,11,13
jpn_Jpan,311,12,13
jpn_Jpan,311,13,24
jpn_Jpan,311,14,24
jpn_Jpan,311,15,19
jpn_Jpan,311,16,13
jpn_Jpan,311,17,13
jpn_Jpan,311,18,24
jpn_Jpan,311,19,13
jpn_Jpan,311,20,13
jpn_Jpan,311,21,36
jpn_Jpan,311,22,19
jpn_Jpan,311,23,47
jpn_Jpan,311,24,39
jpn_Jpan,311,25,39
jpn_Jpan,311,26,13
jpn_Jpan,311,27,13
jpn_Jpan,311,28,47
jpn_Jpan,311,29,19
jpn_Jpan,311,30,39
jpn_Jpan,311,31,13
jpn_Jpan,311,32,24
jpn_Jpan,311,33,13
jpn_Jpan,311,34,13
jpn_Jpan,311,35,13
jpn_Jpan,311,36,13
jpn_Jpan,311,37,13
jpn_Jpan,311,38,19
jpn_Jpan,311,39,13
jpn_Jpan,311,40,13
jpn_Jpan,311,41,13
jpn_Jpan,312,0,60
jpn_Jpan,312,1,52
jpn_Jpan,312,2,52
jpn_Jpan,312,3,13
jpn_Jpan,312,4,19
jpn_Jpan,312,5,13
jpn_Jpan,312,6,19
jpn_Jpan,312,7,13
jpn_Jpan,312,8,13
jpn_Jpan,312,9,19
jpn_Jpan,312,10,19
jpn_Jpan,312,11,13
jpn_Jpan,312,12,19
jpn_Jpan,312,13,13
jpn_Jpan,312,14,24
jpn_Jpan,312,15,13
jpn_Jpan,312,16,13
jpn_Jpan,312,17,13
jpn_Jpan,312,18,52
jpn_Jpan,312,19,47
jpn_Jpan,312,20,13
jpn_Jpan,312,21,52
jpn_Jpan,312,22,13
jpn_Jpan,312,23,13
jpn_Jpan,312,24,24
jpn_Jpan,312,25,19
jpn_Jpan,312,26,13
jpn_Jpan,312,27,13
jpn_Jpan,312,28,13
jpn_Jpan,312,29,52
jpn_Jpan,312,30,19
jpn_Jpan,312,31,13
jpn_Jpan,312,32,13
jpn_Jpan,312,33,19
jpn_Jpan,312,34,13
jpn_Jpan,312,35,13
jpn_Jpan,312,36,24
jpn_Jpan,312,37,19
jpn_Jpan,312,38,13
jpn_Jpan,312,39,13
jpn_Jpan,312,40,34
jpn_Jpan,313,0,60
jpn_Jpan,313,1,13
jpn_Jpan,313,2,36
jpn_Jpan,313,3,24
jpn_Jpan,313,4,19
jpn_Jpan,313,5,36
jpn_Jpan,313,6,47
jpn_Jpan,313,7,61
jpn_Jpan,313,8,13
jpn_Jpan,313,9,39
jpn_Jpan,313,10,13
jpn_Jpan,313,11,19
jpn_Jpan,313,12,13
jpn_Jpan,313,13,13
jpn_Jpan,313,14,36
jpn_Jpan,313,15,29
jpn_Jpan,313,16,36
jpn_Jpan,313,17,36
jpn_Jpan,313,18,34
jpn_Jpan,313,19,36
jpn_Jpan,313,20,19
jpn_Jpan,313,21,13
jpn_Jpan,313,22,13
jpn_Jpan,313,23,34
jpn_Jpan,314,0,60
jpn_Jpan,314,1,40
jpn_Jpan,314,2,28
jpn_Jpan,314,3,24
jpn_Jpan,314,4,13
jpn_Jpan,314,5,13
jpn_Jpan,314,6,39
jpn_Jpan,314,7,34
jpn_Jpan,314,8,24
jpn_Jpan,314,9,61
jpn_Jpan,314,10,40
jpn_Jpan,314,11,13
jpn_Jpan,314,12,61
jpn_Jpan,314,13,61
jpn_Jpan,314,14,13
jpn_Jpan,314,15,13
jpn_Jpan,314,16,24
jpn_Jpan,314,17,19
jpn_Jpan,314,18,36
jpn_Jpan,314,19,13
jpn_Jpan,314,20,13
jpn_Jpan,314,21,34
jpn_Jpan,314,22,13
jpn_Jpan,314,23,19
jpn_Jpan,314,24,13
jpn_Jpan,314,25,39
jpn_Jpan,314,26,13
jpn_Jpan,314,27,13
jpn_Jpan,314,28,13
jpn_Jpan,314,29,19
jpn_Jpan,314,30,13
jpn_Jpan,314,31,34
jpn_Jpan,314,32,34
jpn_Jpan,315,0,60
jpn_Jpan,315,1,24
jpn_Jpan,315,2,24
jpn_Jpan,315,3,1
jpn_Jpan,315,4,52
jpn_Jpan,315,5,52
jpn_Jpan,315,6,13
jpn_Jpan,315,7,13
jpn_Jpan,315,8,13
jpn_Jpan,315,9,19
jpn_Jpan,315,10,13
jpn_Jpan,315,11,13
jpn_Jpan,315,12,13
jpn_Jpan,315,13,19
jpn_Jpan,315,14,13
jpn_Jpan,315,15,37
jpn_Jpan,315,16,61
jpn_Jpan,315,17,13
jpn_Jpan,315,18,52
jpn_Jpan,315,19,7
jpn_Jpan,316,0,60
jpn_Jpan,316,1,13
jpn_Jpan,316,2,19
jpn_Jpan,316,3,13
jpn_Jpan,316,4,13
jpn_Jpan,316,5,13
jpn_Jpan,316,6,13
jpn_Jpan,316,7,13
jpn_Jpan,316,8,39
jpn_Jpan,316,9,19
jpn_Jpan,316,10,13
jpn_Jpan,316,11,11
jpn_Jpan,316,12,13
jpn_Jpan,316,13,13
jpn_Jpan,316,14,19
jpn_Jpan,316,15,13
jpn_Jpan,316,16,24
jpn_Jpan,316,17,1
jpn_Jpan,316,18,52
jpn_Jpan,316,19,13
jpn_Jpan,316,20,12
jpn_Jpan,316,21,19
jpn_Jpan,316,22,13
jpn_Jpan,316,23,19
jpn_Jpan,316,24,13
jpn_Jpan,316,25,24
jpn_Jpan,316,26,13
jpn_Jpan,316,27,19
jpn_Jpan,316,28,13
jpn_Jpan,316,29,13
jpn_Jpan,316,30,13
jpn_Jpan,316,31,13
jpn_Jpan,316,32,1
jpn_Jpan,316,33,47
jpn_Jpan,316,34,19
jpn_Jpan,316,35,39
jpn_Jpan,316,36,13
jpn_Jpan,316,37,47
jpn_Jpan,316,38,13
jpn_Jpan,316,39,24
jpn_Jpan,316,40,26
jpn_Jpan,316,41,13
jpn_Jpan,316,42,24
jpn_Jpan,316,43,1
jpn_Jpan,316,44,13
jpn_Jpan,316,45,13
jpn_Jpan,316,46,24
jpn_Jpan,316,47,19
jpn_Jpan,316,48,13
jpn_Jpan,316,49,34
jpn_Jpan,317,0,60
jpn_Jpan,317,1,13
jpn_Jpan,317,2,24
jpn_Jpan,317,3,24
jpn_Jpan,317,4,19
jpn_Jpan,317,5,40
jpn_Jpan,317,6,7
jpn_Jpan,318,0,60
jpn_Jpan,318,1,13
jpn_Jpan,318,2,13
jpn_Jpan,318,3,13
jpn_Jpan,318,4,13
jpn_Jpan,318,5,19
jpn_Jpan,318,6,36
jpn_Jpan,318,7,24
jpn_Jpan,318,8,1
jpn_Jpan,318,9,13
jpn_Jpan,318,10,19
jpn_Jpan,318,11,39
jpn_Jpan,318,12,13
jpn_Jpan,318,13,24
jpn_Jpan,318,14,19
jpn_Jpan,318,15,13
jpn_Jpan,318,16,13
jpn_Jpan,318,17,19
jpn_Jpan,318,18,13
jpn_Jpan,318,19,24
jpn_Jpan,318,20,13
jpn_Jpan,318,21,13
jpn_Jpan,318,22,39
jpn_Jpan,318,23,47
jpn_Jpan,318,24,13
jpn_Jpan,318,25,24
jpn_Jpan,318,26,13
jpn_Jpan,318,27,34
jpn_Jpan,319,0,60
jpn_Jpan,319,1,36
jpn_Jpan,319,2,24
jpn_Jpan,319,3,13
jpn_Jpan,319,4,19
jpn_Jpan,319,5,36
jpn_Jpan,319,6,19
jpn_Jpan,319,7,13
jpn_Jpan,319,8,19
jpn_Jpan,319,9,13
jpn_Jpan,319,10,24
jpn_Jpan,319,11,13
jpn_Jpan,319,12,36
jpn_Jpan,319,13,13
jpn_Jpan,319,14,36
jpn_Jpan,319,15,24
jpn_Jpan,319,16,19
jpn_Jpan,319,17,13
jpn_Jpan,319,18,47
jpn_Jpan,319,19,13
jpn_Jpan,319,20,24
jpn_Jpan,319,21,19
jpn_Jpan,319,22,13
jpn_Jpan,319,23,34
jpn_Jpan,319,24,34
jpn_Jpan,319,25,24
jpn_Jpan,319,26,13
jpn_Jpan,319,27,19
jpn_Jpan,319,28,34
jpn_Jpan,319,29,34
jpn_Jpan,319,30,13
jpn_Jpan,319,31,34
jpn_Jpan,320,0,60
jpn_Jpan,320,1,1
jpn_Jpan,320,2,52
jpn_Jpan,320,3,13
jpn_Jpan,320,4,24
jpn_Jpan,320,5,13
jpn_Jpan,320,6,39
jpn_Jpan,320,7,39
jpn_Jpan,320,8,34
jpn_Jpan,320,9,36
jpn_Jpan,320,10,13
jpn_Jpan,320,11,13
jpn_Jpan,320,12,13
jpn_Jpan,320,13,24
jpn_Jpan,320,14,13
jpn_Jpan,320,15,24
jpn_Jpan,320,16,13
jpn_Jpan,320,17,13
jpn_Jpan,320,18,34
jpn_Jpan,321,0,60
jpn_Jpan,321,1,24
jpn_Jpan,321,2,19
jpn_Jpan,321,3,40
jpn_Jpan,321,4,24
jpn_Jpan,321,5,22
jpn_Jpan,321,6,24
jpn_Jpan,321,7,13
jpn_Jpan,321,8,24
jpn_Jpan,321,9,13
jpn_Jpan,321,10,13
jpn_Jpan,321,11,13
jpn_Jpan,321,12,24
jpn_Jpan,321,13,13
jpn_Jpan,321,14,24
jpn_Jpan,321,15,39
jpn_Jpan,322,0,60
jpn_Jpan,322,1,36
jpn_Jpan,322,2,13
jpn_Jpan,322,3,24
jpn_Jpan,322,4,13
jpn_Jpan,322,5,13
jpn_Jpan,322,6,24
jpn_Jpan,322,7,13
jpn_Jpan,322,8,47
jpn_Jpan,322,9,19
jpn_Jpan,322,10,13
jpn_Jpan,322,11,24
jpn_Jpan,322,12,19
jpn_Jpan,322,13,13
jpn_Jpan,322,14,13
jpn_Jpan,322,15,13
jpn_Jpan,322,16,13
jpn_Jpan,322,17,24
jpn_Jpan,322,18,13
jpn_Jpan,322,19,13
jpn_Jpan,322,20,13
jpn_Jpan,322,21,24
jpn_Jpan,322,22,19
jpn_Jpan,322,23,13
jpn_Jpan,322,24,13
jpn_Jpan,322,25,24
jpn_Jpan,322,26,13
jpn_Jpan,322,27,13
jpn_Jpan,322,28,24
jpn_Jpan,322,29,13
jpn_Jpan,322,30,13
jpn_Jpan,322,31,13
jpn_Jpan,322,32,13
jpn_Jpan,322,33,34
jpn_Jpan,322,34,13
jpn_Jpan,322,35,13
jpn_Jpan,322,36,13
jpn_Jpan,322,37,51
jpn_Jpan,323,0,60
jpn_Jpan,323,1,13
jpn_Jpan,323,2,13
jpn_Jpan,323,3,24
jpn_Jpan,323,4,13
jpn_Jpan,323,5,13
jpn_Jpan,323,6,13
jpn_Jpan,323,7,19
jpn_Jpan,323,8,13
jpn_Jpan,323,9,13
jpn_Jpan,323,10,24
jpn_Jpan,323,11,34
jpn_Jpan,323,12,52
jpn_Jpan,323,13,24
jpn_Jpan,323,14,19
jpn_Jpan,323,15,13
jpn_Jpan,323,16,47
jpn_Jpan,323,17,13
jpn_Jpan,323,18,13
jpn_Jpan,323,19,13
jpn_Jpan,323,20,34
jpn_Jpan,323,21,24
jpn_Jpan,323,22,13
jpn_Jpan,323,23,13
jpn_Jpan,323,24,24
jpn_Jpan,324,0,60
jpn_Jpan,324,1,1
jpn_Jpan,324,2,24
jpn_Jpan,324,3,24
jpn_Jpan,324,4,1
jpn_Jpan,324,5,52
jpn_Jpan,324,6,19
jpn_Jpan,324,7,13
jpn_Jpan,324,8,19
jpn_Jpan,324,9,13
jpn_Jpan,324,10,13
jpn_Jpan,324,11,24
jpn_Jpan,324,12,24
jpn_Jpan,324,13,61
jpn_Jpan,324,14,13
jpn_Jpan,324,15,24
jpn_Jpan,324,16,24
jpn_Jpan,324,17,47
jpn_Jpan,324,18,13
jpn_Jpan,324,19,47
jpn_Jpan,324,20,19
jpn_Jpan,324,21,13
jpn_Jpan,324,22,24
jpn_Jpan,324,23,13
jpn_Jpan,324,24,13
jpn_Jpan,324,25,13
jpn_Jpan,324,26,13
jpn_Jpan,324,27,13
jpn_Jpan,324,28,61
jpn_Jpan,324,29,8
jpn_Jpan,324,30,24
jpn_Jpan,324,31,13
jpn_Jpan,324,32,47
jpn_Jpan,324,33,13
jpn_Jpan,324,34,13
jpn_Jpan,324,35,13
jpn_Jpan,324,36,13
jpn_Jpan,324,37,13
jpn_Jpan,324,38,13
jpn_Jpan,324,39,24
jpn_Jpan,324,40,13
jpn_Jpan,324,41,19
jpn_Jpan,324,42,34
jpn_Jpan,325,0,60
jpn_Jpan,325,1,24
jpn_Jpan,325,2,40
jpn_Jpan,325,3,24
jpn_Jpan,325,4,47
jpn_Jpan,325,5,47
jpn_Jpan,325,6,36
jpn_Jpan,325,7,36
jpn_Jpan,325,8,36
jpn_Jpan,325,9,36
jpn_Jpan,325,10,52
jpn_Jpan,325,11,36
jpn_Jpan,325,12,37
jpn_Jpan,325,13,36
jpn_Jpan,325,14,37
jpn_Jpan,325,15,52
jpn_Jpan,326,0,60
jpn_Jpan,326,1,47
jpn_Jpan,326,2,13
jpn_Jpan,326,3,39
jpn_Jpan,326,4,39
jpn_Jpan,326,5,7
jpn_Jpan,326,6,36
jpn_Jpan,326,7,24
jpn_Jpan,326,8,61
jpn_Jpan,326,9,61
jpn_Jpan,326,10,39
jpn_Jpan,326,11,39
jpn_Jpan,326,12,13
jpn_Jpan,326,13,24
jpn_Jpan,326,14,19
jpn_Jpan,326,15,13
jpn_Jpan,326,16,24
jpn_Jpan,326,17,24
jpn_Jpan,326,18,13
jpn_Jpan,326,19,13
jpn_Jpan,326,20,24
jpn_Jpan,326,21,19
jpn_Jpan,326,22,13
jpn_Jpan,326,23,13
jpn_Jpan,326,24,13
jpn_Jpan,326,25,13
jpn_Jpan,326,26,19
jpn_Jpan,326,27,13
jpn_Jpan,326,28,19
jpn_Jpan,326,29,13
jpn_Jpan,326,30,24
jpn_Jpan,326,31,13
jpn_Jpan,326,32,13
jpn_Jpan,326,33,13
jpn_Jpan,326,34,13
jpn_Jpan,326,35,36
jpn_Jpan,326,36,13
jpn_Jpan,326,37,13
jpn_Jpan,326,38,24
jpn_Jpan,326,39,47
jpn_Jpan,326,40,13
jpn_Jpan,326,41,39
jpn_Jpan,326,42,13
jpn_Jpan,326,43,34
jpn_Jpan,327,0,60
jpn_Jpan,327,1,13
jpn_Jpan,327,2,13
jpn_Jpan,327,3,13
jpn_Jpan,327,4,39
jpn_Jpan,327,5,13
jpn_Jpan,327,6,13
jpn_Jpan,327,7,39
jpn_Jpan,327,8,19
jpn_Jpan,327,9,19
jpn_Jpan,327,10,13
jpn_Jpan,327,11,13
jpn_Jpan,327,12,61
jpn_Jpan,327,13,13
jpn_Jpan,327,14,13
jpn_Jpan,327,15,61
jpn_Jpan,327,16,13
jpn_Jpan,327,17,61
jpn_Jpan,327,18,13
jpn_Jpan,327,19,11
jpn_Jpan,327,20,12
jpn_Jpan,327,21,13
jpn_Jpan,327,22,61
jpn_Jpan,327,23,13
jpn_Jpan,327,24,47
jpn_Jpan,327,25,13
jpn_Jpan,327,26,13
jpn_Jpan,327,27,61
jpn_Jpan,327,28,19
jpn_Jpan,327,29,19
jpn_Jpan,327,30,13
jpn_Jpan,327,31,12
jpn_Jpan,327,32,58
jpn_Jpan,327,33,12
jpn_Jpan,327,34,60
jpn_Jpan,328,0,60
jpn_Jpan,328,1,13
jpn_Jpan,328,2,13
jpn_Jpan,328,3,24
jpn_Jpan,328,4,47
jpn_Jpan,328,5,13
jpn_Jpan,328,6,19
jpn_Jpan,328,7,13
jpn_Jpan,328,8,13
jpn_Jpan,328,9,19
jpn_Jpan,328,10,13
jpn_Jpan,328,11,7
jpn_Jpan,328,12,19
jpn_Jpan,328,13,40
jpn_Jpan,328,14,13
jpn_Jpan,328,15,61
jpn_Jpan,328,16,19
jpn_Jpan,328,17,13
jpn_Jpan,328,18,13
jpn_Jpan,328,19,24
jpn_Jpan,328,20,13
jpn_Jpan,328,21,13
jpn_Jpan,328,22,47
jpn_Jpan,328,23,13
jpn_Jpan,328,24,19
jpn_Jpan,328,25,13
jpn_Jpan,328,26,19
jpn_Jpan,328,27,13
jpn_Jpan,328,28,19
jpn_Jpan,328,29,13
jpn_Jpan,328,30,13
jpn_Jpan,328,31,24
jpn_Jpan,328,32,13
jpn_Jpan,328,33,34
jpn_Jpan,328,34,13
jpn_Jpan,328,35,34
jpn_Jpan,329,0,60
jpn_Jpan,329,1,24
jpn_Jpan,329,2,24
jpn_Jpan,329,3,47
jpn_Jpan,329,4,40
jpn_Jpan,329,5,24
jpn_Jpan,329,6,24
jpn_Jpan,329,7,36
jpn_Jpan,329,8,13
jpn_Jpan,329,9,24
jpn_Jpan,329,10,52
jpn_Jpan,329,11,36
jpn_Jpan,329,12,36
jpn_Jpan,329,13,36
jpn_Jpan,329,14,52
jpn_Jpan,330,0,60
jpn_Jpan,330,1,19
jpn_Jpan,330,2,39
jpn_Jpan,330,3,24
jpn_Jpan,330,4,13
jpn_Jpan,330,5,47
jpn_Jpan,330,6,13
jpn_Jpan,330,7,24
jpn_Jpan,330,8,13
jpn_Jpan,330,9,13
jpn_Jpan,330,10,19
jpn_Jpan,330,11,19
jpn_Jpan,330,12,13
jpn_Jpan,330,13,24
jpn_Jpan,330,14,1
jpn_Jpan,330,15,1
jpn_Jpan,330,16,13
jpn_Jpan,330,17,13
jpn_Jpan,330,18,13
jpn_Jpan,330,19,24
jpn_Jpan,330,20,19
jpn_Jpan,330,21,13
jpn_Jpan,330,22,19
jpn_Jpan,330,23,13
jpn_Jpan,330,24,24
jpn_Jpan,330,25,13
jpn_Jpan,330,26,13
jpn_Jpan,330,27,13
jpn_Jpan,330,28,34
jpn_Jpan,331,0,60
jpn_Jpan,331,1,24
jpn_Jpan,331,2,24
jpn_Jpan,331,3,13
jpn_Jpan,331,4,19
jpn_Jpan,331,5,13
jpn_Jpan,331,6,13
jpn_Jpan,331,7,61
jpn_Jpan,331,8,19
jpn_Jpan,331,9,13
jpn_Jpan,331,10,13
jpn_Jpan,331,11,13
jpn_Jpan,331,12,13
jpn_Jpan,331,13,13
jpn_Jpan,331,14,47
jpn_Jpan,331,15,47
jpn_Jpan,331,16,13
jpn_Jpan,331,17,36
jpn_Jpan,331,18,19
jpn_Jpan,331,19,40
jpn_Jpan,331,20,61
jpn_Jpan,331,21,40
jpn_Jpan,331,22,40
jpn_Jpan,331,23,52
jpn_Jpan,332,0,60
jpn_Jpan,332,1,24
jpn_Jpan,332,2,24
jpn_Jpan,332,3,36
jpn_Jpan,332,4,19
jpn_Jpan,332,5,13
jpn_Jpan,332,6,36
jpn_Jpan,332,7,19
jpn_Jpan,332,8,13
jpn_Jpan,332,9,13
jpn_Jpan,332,10,24
jpn_Jpan,332,11,19
jpn_Jpan,332,12,36
jpn_Jpan,332,13,36
jpn_Jpan,332,14,61
jpn_Jpan,332,15,36
jpn_Jpan,332,16,26
jpn_Jpan,332,17,26
jpn_Jpan,332,18,13
jpn_Jpan,332,19,13
jpn_Jpan,332,20,24
jpn_Jpan,332,21,47
jpn_Jpan,332,22,36
jpn_Jpan,332,23,19
jpn_Jpan,332,24,36
jpn_Jpan,332,25,19
jpn_Jpan,332,26,36
jpn_Jpan,332,27,61
jpn_Jpan,332,28,13
jpn_Jpan,332,29,13
jpn_Jpan,332,30,24
jpn_Jpan,332,31,13
jpn_Jpan,332,32,19
jpn_Jpan,332,33,34
jpn_Jpan,332,34,13
jpn_Jpan,332,35,13
jpn_Jpan,332,36,47
jpn_Jpan,332,37,13
jpn_Jpan,332,38,13
jpn_Jpan,332,39,36
jpn_Jpan,332,40,13
jpn_Jpan,332,41,13
jpn_Jpan,332,42,19
jpn_Jpan,332,43,13
jpn_Jpan,332,44,24
jpn_Jpan,332,45,52
jpn_Jpan,332,46,1
jpn_Jpan,332,47,52
jpn_Jpan,332,48,13
jpn_Jpan,332,49,24
jpn_Jpan,332,50,13
jpn_Jpan,332,51,61
jpn_Jpan,332,52,34
jpn_Jpan,332,53,19
jpn_Jpan,332,54,13
jpn_Jpan,332,55,34
jpn_Jpan,332,56,34
jpn_Jpan,333,0,60
jpn_Jpan,333,1,13
jpn_Jpan,333,2,19
jpn_Jpan,333,3,39
jpn_Jpan,333,4,61
jpn_Jpan,333,5,39
jpn_Jpan,333,6,47
jpn_Jpan,333,7,13
jpn_Jpan,333,8,12
jpn_Jpan,333,9,58
jpn_Jpan,333,10,12
jpn_Jpan,333,11,47
jpn_Jpan,333,12,26
jpn_Jpan,333,13,39
jpn_Jpan,334,0,60
jpn_Jpan,334,1,13
jpn_Jpan,334,2,13
jpn_Jpan,334,3,13
jpn_Jpan,334,4,61
jpn_Jpan,334,5,61
jpn_Jpan,334,6,39
jpn_Jpan,334,7,36
jpn_Jpan,334,8,13
jpn_Jpan,334,9,61
jpn_Jpan,334,10,19
jpn_Jpan,334,11,36
jpn_Jpan,334,12,19
jpn_Jpan,334,13,36
jpn_Jpan,334,14,61
jpn_Jpan,334,15,13
jpn_Jpan,334,16,61
jpn_Jpan,334,17,13
jpn_Jpan,334,18,19
jpn_Jpan,334,19,13
jpn_Jpan,334,20,24
jpn_Jpan,334,21,61
jpn_Jpan,334,22,13
jpn_Jpan,334,23,24
jpn_Jpan,334,24,13
jpn_Jpan,334,25,13
jpn_Jpan,335,0,60
jpn_Jpan,335,1,13
jpn_Jpan,335,2,19
jpn_Jpan,335,3,19
jpn_Jpan,335,4,39
jpn_Jpan,335,5,13
jpn_Jpan,335,6,47
jpn_Jpan,335,7,13
jpn_Jpan,335,8,1
jpn_Jpan,335,9,19
jpn_Jpan,335,10,13
jpn_Jpan,335,11,36
jpn_Jpan,335,12,13
jpn_Jpan,335,13,13
jpn_Jpan,335,14,13
jpn_Jpan,335,15,24
jpn_Jpan,335,16,61
jpn_Jpan,335,17,13
jpn_Jpan,335,18,13
jpn_Jpan,335,19,13
jpn_Jpan,335,20,34
jpn_Jpan,335,21,13
jpn_Jpan,335,22,24
jpn_Jpan,335,23,26
jpn_Jpan,335,24,47
jpn_Jpan,335,25,13
jpn_Jpan,335,26,34
jpn_Jpan,335,27,34
jpn_Jpan,336,0,60
jpn_Jpan,336,1,13
jpn_Jpan,336,2,19
jpn_Jpan,336,3,19
jpn_Jpan,336,4,61
jpn_Jpan,336,5,13
jpn_Jpan,336,6,13
jpn_Jpan,336,7,47
jpn_Jpan,336,8,19
jpn_Jpan,336,9,13
jpn_Jpan,336,10,24
jpn_Jpan,336,11,13
jpn_Jpan,336,12,34
jpn_Jpan,337,0,60
jpn_Jpan,337,1,13
jpn_Jpan,337,2,28
jpn_Jpan,337,3,24
jpn_Jpan,337,4,13
jpn_Jpan,337,5,34
jpn_Jpan,337,6,24
jpn_Jpan,337,7,12
jpn_Jpan,337,8,40
jpn_Jpan,337,9,40
jpn_Jpan,337,10,24
jpn_Jpan,337,11,24
jpn_Jpan,337,12,13
jpn_Jpan,337,13,13
jpn_Jpan,337,14,13
jpn_Jpan,337,15,24
jpn_Jpan,337,16,13
jpn_Jpan,337,17,47
jpn_Jpan,337,18,34
jpn_Jpan,338,0,60
jpn_Jpan,338,1,13
jpn_Jpan,338,2,52
jpn_Jpan,338,3,1
jpn_Jpan,338,4,52
jpn_Jpan,338,5,13
jpn_Jpan,338,6,24
jpn_Jpan,338,7,24
jpn_Jpan,338,8,13
jpn_Jpan,338,9,19
jpn_Jpan,338,10,36
jpn_Jpan,338,11,47
jpn_Jpan,338,12,19
jpn_Jpan,338,13,13
jpn_Jpan,338,14,13
jpn_Jpan,338,15,24
jpn_Jpan,338,16,24
jpn_Jpan,338,17,13
jpn_Jpan,339,0,60
jpn_Jpan,339,1,61
jpn_Jpan,339,2,13
jpn_Jpan,339,3,7
jpn_Jpan,339,4,19
jpn_Jpan,339,5,13
jpn_Jpan,339,6,19
jpn_Jpan,339,7,7
jpn_Jpan,339,8,36
jpn_Jpan,339,9,1
jpn_Jpan,339,10,52
jpn_Jpan,339,11,19
jpn_Jpan,339,12,13
jpn_Jpan,339,13,24
jpn_Jpan,339,14,9
jpn_Jpan,339,15,42
jpn_Jpan,339,16,13
jpn_Jpan,339,17,19
jpn_Jpan,339,18,13
jpn_Jpan,339,19,13
jpn_Jpan,339,20,13
jpn_Jpan,339,21,13
jpn_Jpan,339,22,13
jpn_Jpan,339,23,24
jpn_Jpan,339,24,13
jpn_Jpan,339,25,19
jpn_Jpan,339,26,13
jpn_Jpan,339,27,42
jpn_Jpan,339,28,13
jpn_Jpan,339,29,13
jpn_Jpan,339,30,13
jpn_Jpan,339,31,13
jpn_Jpan,339,32,13
jpn_Jpan,339,33,13
jpn_Jpan,339,34,13
jpn_Jpan,339,35,34
jpn_Jpan,339,36,13
jpn_Jpan,339,37,34
jpn_Jpan,339,38,51
jpn_Jpan,339,39,51
jpn_Jpan,340,0,60
jpn_Jpan,340,1,19
jpn_Jpan,340,2,13
jpn_Jpan,340,3,13
jpn_Jpan,340,4,13
jpn_Jpan,340,5,34
jpn_Jpan,340,6,36
jpn_Jpan,340,7,36
jpn_Jpan,340,8,13
jpn_Jpan,340,9,36
jpn_Jpan,340,10,7
jpn_Jpan,340,11,24
jpn_Jpan,340,12,52
jpn_Jpan,340,13,52
jpn_Jpan,340,14,13
jpn_Jpan,340,15,13
jpn_Jpan,340,16,24
jpn_Jpan,340,17,13
jpn_Jpan,341,0,60
jpn_Jpan,341,1,13
jpn_Jpan,341,2,13
jpn_Jpan,341,3,13
jpn_Jpan,341,4,13
jpn_Jpan,341,5,13
jpn_Jpan,341,6,24
jpn_Jpan,341,7,24
jpn_Jpan,341,8,19
jpn_Jpan,341,9,13
jpn_Jpan,341,10,47
jpn_Jpan,341,11,47
jpn_Jpan,341,12,13
jpn_Jpan,341,13,13
jpn_Jpan,341,14,19
jpn_Jpan,341,15,7
jpn_Jpan,341,16,24
jpn_Jpan,341,17,13
jpn_Jpan,341,18,36
jpn_Jpan,341,19,24
jpn_Jpan,341,20,26
jpn_Jpan,341,21,40
jpn_Jpan,341,22,39
jpn_Jpan,341,23,13
jpn_Jpan,341,24,24
jpn_Jpan,341,25,61
jpn_Jpan,341,26,13
jpn_Jpan,341,27,13
jpn_Jpan,341,28,13
jpn_Jpan,341,29,13
jpn_Jpan,341,30,13
jpn_Jpan,341,31,13
jpn_Jpan,341,32,13
jpn_Jpan,341,33,13
jpn_Jpan,341,34,24
jpn_Jpan,341,35,12
jpn_Jpan,341,36,1
jpn_Jpan,341,37,13
jpn_Jpan,341,38,13
jpn_Jpan,341,39,19
jpn_Jpan,341,40,13
jpn_Jpan,342,0,60
jpn_Jpan,342,1,13
jpn_Jpan,342,2,13
jpn_Jpan,342,3,19
jpn_Jpan,342,4,13
jpn_Jpan,342,5,19
jpn_Jpan,342,6,13
jpn_Jpan,342,7,47
jpn_Jpan,342,8,47
jpn_Jpan,342,9,13
jpn_Jpan,342,10,19
jpn_Jpan,342,11,13
jpn_Jpan,342,12,1
jpn_Jpan,342,13,13
jpn_Jpan,342,14,24
jpn_Jpan,342,15,19
jpn_Jpan,342,16,52
jpn_Jpan,342,17,24
jpn_Jpan,342,18,24
jpn_Jpan,342,19,13
jpn_Jpan,342,20,13
jpn_Jpan,342,21,19
jpn_Jpan,342,22,13
jpn_Jpan,342,23,13
jpn_Jpan,342,24,13
jpn_Jpan,342,25,13
jpn_Jpan,342,26,13
jpn_Jpan,342,27,13
jpn_Jpan,342,28,39
jpn_Jpan,342,29,47
jpn_Jpan,342,30,47
jpn_Jpan,342,31,19
jpn_Jpan,342,32,13
jpn_Jpan,342,33,47
jpn_Jpan,342,34,19
jpn_Jpan,342,35,13
jpn_Jpan,342,36,24
jpn_Jpan,342,37,19
jpn_Jpan,342,38,13
jpn_Jpan,342,39,34
jpn_Jpan,342,40,9
jpn_Jpan,342,41,13
jpn_Jpan,342,42,51
jpn_Jpan,342,43,13
jpn_Jpan,342,44,24
jpn_Jpan,342,45,13
jpn_Jpan,342,46,13
jpn_Jpan,342,47,24
jpn_Jpan,342,48,24
jpn_Jpan,342,49,13
jpn_Jpan,342,50,13
jpn_Jpan,342,51,24
jpn_Jpan,342,52,24
jpn_Jpan,343,0,60
jpn_Jpan,343,1,61
jpn_Jpan,343,2,13
jpn_Jpan,343,3,13
jpn_Jpan,343,4,61
jpn_Jpan,343,5,13
jpn_Jpan,343,6,19
jpn_Jpan,343,7,13
jpn_Jpan,343,8,19
jpn_Jpan,343,9,13
jpn_Jpan,343,10,26
jpn_Jpan,343,11,47
jpn_Jpan,343,12,13
jpn_Jpan,343,13,24
jpn_Jpan,343,14,13
jpn_Jpan,343,15,47
jpn_Jpan,343,16,13
jpn_Jpan,343,17,13
jpn_Jpan,343,18,61
jpn_Jpan,343,19,13
jpn_Jpan,343,20,13
jpn_Jpan,343,21,24
jpn_Jpan,343,22,61
jpn_Jpan,343,23,13
jpn_Jpan,343,24,19
jpn_Jpan,343,25,13
jpn_Jpan,343,26,13
jpn_Jpan,343,27,13
jpn_Jpan,343,28,13
jpn_Jpan,343,29,13
jpn_Jpan,343,30,13
jpn_Jpan,343,31,13
jpn_Jpan,343,32,47
jpn_Jpan,343,33,13
jpn_Jpan,344,0,60
jpn_Jpan,344,1,12
jpn_Jpan,344,2,9
jpn_Jpan,344,3,11
jpn_Jpan,344,4,13
jpn_Jpan,344,5,1
jpn_Jpan,344,6,52
jpn_Jpan,344,7,1
jpn_Jpan,344,8,52
jpn_Jpan,344,9,36
jpn_Jpan,344,10,13
jpn_Jpan,344,11,13
jpn_Jpan,344,12,36
jpn_Jpan,344,13,61
jpn_Jpan,344,14,19
jpn_Jpan,344,15,36
jpn_Jpan,344,16,13
jpn_Jpan,344,17,36
jpn_Jpan,344,18,24
jpn_Jpan,344,19,19
jpn_Jpan,344,20,13
jpn_Jpan,344,21,19
jpn_Jpan,344,22,13
jpn_Jpan,344,23,24
jpn_Jpan,344,24,13
jpn_Jpan,344,25,19
jpn_Jpan,344,26,13
jpn_Jpan,344,27,36
jpn_Jpan,344,28,19
jpn_Jpan,344,29,13
jpn_Jpan,344,30,34
jpn_Jpan,344,31,13
jpn_Jpan,344,32,13
jpn_Jpan,344,33,13
jpn_Jpan,344,34,34
jpn_Jpan,345,0,60
jpn_Jpan,345,1,13
jpn_Jpan,345,2,19
jpn_Jpan,345,3,13
jpn_Jpan,345,4,19
jpn_Jpan,345,5,13
jpn_Jpan,345,6,24
jpn_Jpan,345,7,13
jpn_Jpan,345,8,24
jpn_Jpan,345,9,47
jpn_Jpan,345,10,13
jpn_Jpan,345,11,13
jpn_Jpan,345,12,13
jpn_Jpan,345,13,24
jpn_Jpan,345,14,47
jpn_Jpan,345,15,13
jpn_Jpan,345,16,47
jpn_Jpan,345,17,19
jpn_Jpan,345,18,34
jpn_Jpan,345,19,13
jpn_Jpan,345,20,13
jpn_Jpan,345,21,13
jpn_Jpan,345,22,24
jpn_Jpan,345,23,13
jpn_Jpan,345,24,13
jpn_Jpan,345,25,34
jpn_Jpan,345,26,34
jpn_Jpan,345,27,9
jpn_Jpan,346,0,60
jpn_Jpan,346,1,12
jpn_Jpan,346,2,58
jpn_Jpan,346,3,11
jpn_Jpan,346,4,52
jpn_Jpan,347,0,60
jpn_Jpan,347,1,13
jpn_Jpan,347,2,13
jpn_Jpan,347,3,36
jpn_Jpan,347,4,13
jpn_Jpan,347,5,13
jpn_Jpan,347,6,24
jpn_Jpan,347,7,13
jpn_Jpan,347,8,19
jpn_Jpan,347,9,13
jpn_Jpan,347,10,36
jpn_Jpan,347,11,19
jpn_Jpan,347,12,13
jpn_Jpan,347,13,61
jpn_Jpan,347,14,36
jpn_Jpan,347,15,36
jpn_Jpan,347,16,36
jpn_Jpan,347,17,19
jpn_Jpan,347,18,13
jpn_Jpan,347,19,13
jpn_Jpan,347,20,13
jpn_Jpan,347,21,24
jpn_Jpan,347,22,13
jpn_Jpan,347,23,13
jpn_Jpan,347,24,24
jpn_Jpan,347,25,13
jpn_Jpan,347,26,13
jpn_Jpan,347,27,13
jpn_Jpan,347,28,13
jpn_Jpan,347,29,34
jpn_Jpan,347,30,13
jpn_Jpan,347,31,24
jpn_Jpan,347,32,13
jpn_Jpan,347,33,13
jpn_Jpan,347,34,13
jpn_Jpan,347,35,34
jpn_Jpan,347,36,13
jpn_Jpan,347,37,13
jpn_Jpan,347,38,34
jpn_Jpan,348,0,60
jpn_Jpan,348,1,61
jpn_Jpan,348,2,13
jpn_Jpan,348,3,13
jpn_Jpan,348,4,13
jpn_Jpan,348,5,13
jpn_Jpan,348,6,47
jpn_Jpan,348,7,47
jpn_Jpan,348,8,13
jpn_Jpan,348,9,13
jpn_Jpan,348,10,13
jpn_Jpan,348,11,13
jpn_Jpan,348,12,24
jpn_Jpan,348,13,47
jpn_Jpan,348,14,13
jpn_Jpan,348,15,36
jpn_Jpan,348,16,36
jpn_Jpan,348,17,24
jpn_Jpan,348,18,13
jpn_Jpan,348,19,61
jpn_Jpan,348,20,39
jpn_Jpan,348,21,13
jpn_Jpan,348,22,24
jpn_Jpan,348,23,61
jpn_Jpan,348,24,47
jpn_Jpan,348,25,61
jpn_Jpan,348,26,39
jpn_Jpan,348,27,47
jpn_Jpan,348,28,13
jpn_Jpan,348,29,19
jpn_Jpan,348,30,13
jpn_Jpan,348,31,19
jpn_Jpan,348,32,13
jpn_Jpan,348,33,13
jpn_Jpan,348,34,24
jpn_Jpan,348,35,19
jpn_Jpan,348,36,13
jpn_Jpan,348,37,13
jpn_Jpan,348,38,34
jpn_Jpan,349,0,60
jpn_Jpan,349,1,13
jpn_Jpan,349,2,13
jpn_Jpan,349,3,19
jpn_Jpan,349,4,13
jpn_Jpan,349,5,13
jpn_Jpan,349,6,24
jpn_Jpan,349,7,47
jpn_Jpan,349,8,19
jpn_Jpan,349,9,13
jpn_Jpan,349,10,24
jpn_Jpan,349,11,19
jpn_Jpan,349,12,13
jpn_Jpan,349,13,13
jpn_Jpan,349,14,47
jpn_Jpan,349,15,13
jpn_Jpan,349,16,13
jpn_Jpan,349,17,24
jpn_Jpan,349,18,24
jpn_Jpan,349,19,47
jpn_Jpan,349,20,47
jpn_Jpan,349,21,19
jpn_Jpan,349,22,13
jpn_Jpan,349,23,13
jpn_Jpan,349,24,13
jpn_Jpan,349,25,13
jpn_Jpan,349,26,13
jpn_Jpan,349,27,13
jpn_Jpan,349,28,24
jpn_Jpan,349,29,13
jpn_Jpan,349,30,13
jpn_Jpan,349,31,34
jpn_Jpan,349,32,13
jpn_Jpan,349,33,24
jpn_Jpan,349,34,13
jpn_Jpan,349,35,13
jpn_Jpan,349,36,13
jpn_Jpan,349,37,13
jpn_Jpan,349,38,51
jpn_Jpan,350,0,60
jpn_Jpan,350,1,47
jpn_Jpan,350,2,19
jpn_Jpan,350,3,47
jpn_Jpan,350,4,47
jpn_Jpan,350,5,47
jpn_Jpan,350,6,39
jpn_Jpan,350,7,13
jpn_Jpan,350,8,13
jpn_Jpan,350,9,36
jpn_Jpan,350,10,24
jpn_Jpan,350,11,13
jpn_Jpan,350,12,19
jpn_Jpan,350,13,13
jpn_Jpan,350,14,34
jpn_Jpan,350,15,24
jpn_Jpan,350,16,24
jpn_Jpan,350,17,24
jpn_Jpan,350,18,13
jpn_Jpan,350,19,19
jpn_Jpan,350,20,13
jpn_Jpan,350,21,13
jpn_Jpan,350,22,24
jpn_Jpan,350,23,13
jpn_Jpan,350,24,19
jpn_Jpan,350,25,13
jpn_Jpan,350,26,24
jpn_Jpan,350,27,13
jpn_Jpan,350,28,13
jpn_Jpan,350,29,19
jpn_Jpan,350,30,13
jpn_Jpan,350,31,13
jpn_Jpan,350,32,13
jpn_Jpan,350,33,13
jpn_Jpan,350,34,24
jpn_Jpan,350,35,47
jpn_Jpan,350,36,13
jpn_Jpan,350,37,19
jpn_Jpan,350,38,13
jpn_Jpan,350,39,13
jpn_Jpan,350,40,24
jpn_Jpan,350,41,47
jpn_Jpan,350,42,19
jpn_Jpan,350,43,13
jpn_Jpan,350,44,13
jpn_Jpan,350,45,13
jpn_Jpan,350,46,19
jpn_Jpan,350,47,13
jpn_Jpan,350,48,24
jpn_Jpan,350,49,34
jpn_Jpan,350,50,13
jpn_Jpan,350,51,13
jpn_Jpan,350,52,34
jpn_Jpan,351,0,60
jpn_Jpan,351,1,24
jpn_Jpan,351,2,13
jpn_Jpan,351,3,47
jpn_Jpan,351,4,13
jpn_Jpan,351,5,24
jpn_Jpan,351,6,13
jpn_Jpan,351,7,13
jpn_Jpan,351,8,19
jpn_Jpan,351,9,19
jpn_Jpan,351,10,13
jpn_Jpan,351,11,24
jpn_Jpan,351,12,61
jpn_Jpan,351,13,47
jpn_Jpan,351,14,19
jpn_Jpan,351,15,13
jpn_Jpan,351,16,13
jpn_Jpan,351,17,24
jpn_Jpan,351,18,13
jpn_Jpan,351,19,13
jpn_Jpan,351,20,24
jpn_Jpan,351,21,24
jpn_Jpan,351,22,19
jpn_Jpan,351,23,13
jpn_Jpan,351,24,19
jpn_Jpan,351,25,13
jpn_Jpan,351,26,13
jpn_Jpan,351,27,13
jpn_Jpan,351,28,47
jpn_Jpan,351,29,13
jpn_Jpan,351,30,52
jpn_Jpan,351,31,52
jpn_Jpan,351,32,36
jpn_Jpan,351,33,24
jpn_Jpan,351,34,19
jpn_Jpan,351,35,13
jpn_Jpan,351,36,47
jpn_Jpan,351,37,47
jpn_Jpan,351,38,13
jpn_Jpan,351,39,24
jpn_Jpan,351,40,13
jpn_Jpan,351,41,13
jpn_Jpan,351,42,13
jpn_Jpan,351,43,34
jpn_Jpan,352,0,60
jpn_Jpan,352,1,13
jpn_Jpan,352,2,13
jpn_Jpan,352,3,47
jpn_Jpan,352,4,13
jpn_Jpan,352,5,19
jpn_Jpan,352,6,13
jpn_Jpan,352,7,19
jpn_Jpan,352,8,13
jpn_Jpan,352,9,26
jpn_Jpan,352,10,47
jpn_Jpan,352,11,13
jpn_Jpan,352,12,13
jpn_Jpan,352,13,24
jpn_Jpan,352,14,52
jpn_Jpan,352,15,1
jpn_Jpan,352,16,52
jpn_Jpan,352,17,13
jpn_Jpan,352,18,24
jpn_Jpan,352,19,61
jpn_Jpan,352,20,13
jpn_Jpan,352,21,13
jpn_Jpan,352,22,13
jpn_Jpan,352,23,13
jpn_Jpan,352,24,24
jpn_Jpan,352,25,47
jpn_Jpan,352,26,13
jpn_Jpan,352,27,24
jpn_Jpan,352,28,19
jpn_Jpan,352,29,13
jpn_Jpan,352,30,19
jpn_Jpan,352,31,13
jpn_Jpan,352,32,24
jpn_Jpan,352,33,13
jpn_Jpan,352,34,34
jpn_Jpan,352,35,13
jpn_Jpan,352,36,34
jpn_Jpan,353,0,60
jpn_Jpan,353,1,13
jpn_Jpan,353,2,36
jpn_Jpan,353,3,19
jpn_Jpan,353,4,13
jpn_Jpan,353,5,13
jpn_Jpan,353,6,24
jpn_Jpan,353,7,26
jpn_Jpan,353,8,47
jpn_Jpan,353,9,13
jpn_Jpan,353,10,13
jpn_Jpan,353,11,61
jpn_Jpan,353,12,13
jpn_Jpan,353,13,19
jpn_Jpan,353,14,36
jpn_Jpan,353,15,24
jpn_Jpan,353,16,13
jpn_Jpan,353,17,19
jpn_Jpan,353,18,13
jpn_Jpan,353,19,13
jpn_Jpan,353,20,13
jpn_Jpan,353,21,24
jpn_Jpan,353,22,19
jpn_Jpan,353,23,13
jpn_Jpan,353,24,19
jpn_Jpan,353,25,13
jpn_Jpan,353,26,13
jpn_Jpan,353,27,13
jpn_Jpan,353,28,13
jpn_Jpan,354,0,60
jpn_Jpan,354,1,24
jpn_Jpan,354,2,13
jpn_Jpan,354,3,13
jpn_Jpan,354,4,13
jpn_Jpan,354,5,19
jpn_Jpan,354,6,13
jpn_Jpan,354,7,24
jpn_Jpan,354,8,19
jpn_Jpan,354,9,13
jpn_Jpan,354,10,13
jpn_Jpan,354,11,36
jpn_Jpan,354,12,24
jpn_Jpan,354,13,19
jpn_Jpan,354,14,39
jpn_Jpan,354,15,36
jpn_Jpan,354,16,13
jpn_Jpan,354,17,19
jpn_Jpan,354,18,19
jpn_Jpan,354,19,13
jpn_Jpan,354,20,13
jpn_Jpan,354,21,13
jpn_Jpan,354,22,19
jpn_Jpan,354,23,47
jpn_Jpan,354,24,13
jpn_Jpan,354,25,13
jpn_Jpan,354,26,13
jpn_Jpan,354,27,19
jpn_Jpan,354,28,13
jpn_Jpan,354,29,13
jpn_Jpan,355,0,60
jpn_Jpan,355,1,13
jpn_Jpan,355,2,13
jpn_Jpan,355,3,13
jpn_Jpan,355,4,39
jpn_Jpan,355,5,13
jpn_Jpan,355,6,13
jpn_Jpan,355,7,24
jpn_Jpan,355,8,61
jpn_Jpan,355,9,13
jpn_Jpan,355,10,13
jpn_Jpan,355,11,36
jpn_Jpan,355,12,24
jpn_Jpan,355,13,61
jpn_Jpan,355,14,13
jpn_Jpan,355,15,13
jpn_Jpan,355,16,36
jpn_Jpan,355,17,24
jpn_Jpan,355,18,13
jpn_Jpan,355,19,34
jpn_Jpan,355,20,34
jpn_Jpan,356,0,60
jpn_Jpan,356,1,13
jpn_Jpan,356,2,13
jpn_Jpan,356,3,19
jpn_Jpan,356,4,13
jpn_Jpan,356,5,13
jpn_Jpan,356,6,13
jpn_Jpan,356,7,13
jpn_Jpan,356,8,39
jpn_Jpan,356,9,13
jpn_Jpan,356,10,13
jpn_Jpan,356,11,13
jpn_Jpan,356,12,24
jpn_Jpan,356,13,24
jpn_Jpan,356,14,13
jpn_Jpan,356,15,24
jpn_Jpan,356,16,13
jpn_Jpan,356,17,24
jpn_Jpan,356,18,47
jpn_Jpan,356,19,13
jpn_Jpan,356,20,24
jpn_Jpan,356,21,52
jpn_Jpan,356,22,19
jpn_Jpan,356,23,13
jpn_Jpan,356,24,24
jpn_Jpan,356,25,13
jpn_Jpan,356,26,13
jpn_Jpan,356,27,24
jpn_Jpan,356,28,13
jpn_Jpan,356,29,34
jpn_Jpan,356,30,34
jpn_Jpan,357,0,60
jpn_Jpan,357,1,24
jpn_Jpan,357,2,13
jpn_Jpan,357,3,13
jpn_Jpan,357,4,24
jpn_Jpan,357,5,24
jpn_Jpan,357,6,13
jpn_Jpan,357,7,13
jpn_Jpan,357,8,13
jpn_Jpan,357,9,47
jpn_Jpan,357,10,47
jpn_Jpan,357,11,39
jpn_Jpan,357,12,19
jpn_Jpan,357,13,19
jpn_Jpan,357,14,39
jpn_Jpan,357,15,24
jpn_Jpan,357,16,24
jpn_Jpan,357,17,19
jpn_Jpan,357,18,13
jpn_Jpan,357,19,19
jpn_Jpan,357,20,13
jpn_Jpan,357,21,13
jpn_Jpan,357,22,13
jpn_Jpan,357,23,13
jpn_Jpan,357,24,24
jpn_Jpan,357,25,19
jpn_Jpan,357,26,13
jpn_Jpan,357,27,61
jpn_Jpan,357,28,24
jpn_Jpan,357,29,13
jpn_Jpan,357,30,7
jpn_Jpan,357,31,13
jpn_Jpan,357,32,13
jpn_Jpan,357,33,13
jpn_Jpan,357,34,34
jpn_Jpan,357,35,51
jpn_Jpan,358,0,60
jpn_Jpan,358,1,24
jpn_Jpan,358,2,62
jpn_Jpan,358,3,24
jpn_Jpan,358,4,13
jpn_Jpan,358,5,19
jpn_Jpan,358,6,47
jpn_Jpan,358,7,13
jpn_Jpan,358,8,24
jpn_Jpan,358,9,19
jpn_Jpan,358,10,13
jpn_Jpan,358,11,13
jpn_Jpan,358,12,24
jpn_Jpan,358,13,52
jpn_Jpan,358,14,52
jpn_Jpan,358,15,52
jpn_Jpan,358,16,19
jpn_Jpan,358,17,13
jpn_Jpan,358,18,24
jpn_Jpan,358,19,19
jpn_Jpan,358,20,13
jpn_Jpan,358,21,13
jpn_Jpan,358,22,47
jpn_Jpan,358,23,13
jpn_Jpan,358,24,13
jpn_Jpan,358,25,19
jpn_Jpan,358,26,13
jpn_Jpan,358,27,13
jpn_Jpan,358,28,13
jpn_Jpan,358,29,34
jpn_Jpan,358,30,13
jpn_Jpan,358,31,19
jpn_Jpan,358,32,13
jpn_Jpan,358,33,37
jpn_Jpan,358,34,61
jpn_Jpan,358,35,61
jpn_Jpan,358,36,19
jpn_Jpan,358,37,39
jpn_Jpan,358,38,1
jpn_Jpan,358,39,13
jpn_Jpan,358,40,24
jpn_Jpan,358,41,52
jpn_Jpan,359,0,60
jpn_Jpan,359,1,13
jpn_Jpan,359,2,19
jpn_Jpan,359,3,39
jpn_Jpan,359,4,13
jpn_Jpan,359,5,9
jpn_Jpan,359,6,24
jpn_Jpan,359,7,13
jpn_Jpan,359,8,13
jpn_Jpan,359,9,19
jpn_Jpan,359,10,39
jpn_Jpan,359,11,26
jpn_Jpan,359,12,47
jpn_Jpan,359,13,24
jpn_Jpan,359,14,24
jpn_Jpan,359,15,26
jpn_Jpan,359,16,13
jpn_Jpan,359,17,24
jpn_Jpan,359,18,19
jpn_Jpan,359,19,13
jpn_Jpan,359,20,47
jpn_Jpan,359,21,13
jpn_Jpan,359,22,47
jpn_Jpan,359,23,19
jpn_Jpan,359,24,13
jpn_Jpan,359,25,24
jpn_Jpan,359,26,13
jpn_Jpan,359,27,7
jpn_Jpan,359,28,13
jpn_Jpan,359,29,19
jpn_Jpan,359,30,13
jpn_Jpan,360,0,60
jpn_Jpan,360,1,7
jpn_Jpan,360,2,39
jpn_Jpan,360,3,39
jpn_Jpan,360,4,7
jpn_Jpan,360,5,47
jpn_Jpan,360,6,36
jpn_Jpan,360,7,13
jpn_Jpan,360,8,36
jpn_Jpan,360,9,24
jpn_Jpan,360,10,1
jpn_Jpan,360,11,36
jpn_Jpan,360,12,61
jpn_Jpan,360,13,19
jpn_Jpan,360,14,36
jpn_Jpan,360,15,24
jpn_Jpan,360,16,24
jpn_Jpan,360,17,19
jpn_Jpan,360,18,34
jpn_Jpan,360,19,19
jpn_Jpan,360,20,13
jpn_Jpan,360,21,34
jpn_Jpan,361,0,60
jpn_Jpan,361,1,19
jpn_Jpan,361,2,36
jpn_Jpan,361,3,19
jpn_Jpan,361,4,36
jpn_Jpan,361,5,27
jpn_Jpan,361,6,36
jpn_Jpan,361,7,61
jpn_Jpan,361,8,52
jpn_Jpan,361,9,19
jpn_Jpan,361,10,36
jpn_Jpan,361,11,24
jpn_Jpan,361,12,40
jpn_Jpan,361,13,61
jpn_Jpan,361,14,7
jpn_Jpan,361,15,12
jpn_Jpan,361,16,13
jpn_Jpan,361,17,13
jpn_Jpan,361,18,24
jpn_Jpan,361,19,39
jpn_Jpan,361,20,24
jpn_Jpan,361,21,47
jpn_Jpan,361,22,19
jpn_Jpan,361,23,13
jpn_Jpan,361,24,13
jpn_Jpan,361,25,24
jpn_Jpan,361,26,24
jpn_Jpan,361,27,26
jpn_Jpan,361,28,40
jpn_Jpan,361,29,61
jpn_Jpan,361,30,7
jpn_Jpan,361,31,24
jpn_Jpan,362,0,60
jpn_Jpan,362,1,13
jpn_Jpan,362,2,61
jpn_Jpan,362,3,13
jpn_Jpan,362,4,47
jpn_Jpan,362,5,13
jpn_Jpan,362,6,13
jpn_Jpan,362,7,13
jpn_Jpan,362,8,24
jpn_Jpan,362,9,13
jpn_Jpan,362,10,47
jpn_Jpan,362,11,61
jpn_Jpan,362,12,19
jpn_Jpan,362,13,7
jpn_Jpan,362,14,24
jpn_Jpan,362,15,24
jpn_Jpan,362,16,47
jpn_Jpan,362,17,47
jpn_Jpan,362,18,13
jpn_Jpan,362,19,39
jpn_Jpan,362,20,13
jpn_Jpan,362,21,13
jpn_Jpan,362,22,24
jpn_Jpan,362,23,13
jpn_Jpan,362,24,13
jpn_Jpan,362,25,7
jpn_Jpan,362,26,24
jpn_Jpan,362,27,13
jpn_Jpan,362,28,13
jpn_Jpan,362,29,24
jpn_Jpan,362,30,19
jpn_Jpan,362,31,13
jpn_Jpan,362,32,19
jpn_Jpan,362,33,13
jpn_Jpan,362,34,13
jpn_Jpan,362,35,13
jpn_Jpan,362,36,34
jpn_Jpan,363,0,60
jpn_Jpan,363,1,13
jpn_Jpan,363,2,13
jpn_Jpan,363,3,39
jpn_Jpan,363,4,19
jpn_Jpan,363,5,13
jpn_Jpan,363,6,19
jpn_Jpan,363,7,13
jpn_Jpan,363,8,13
jpn_Jpan,363,9,39
jpn_Jpan,363,10,13
jpn_Jpan,363,11,24
jpn_Jpan,363,12,52
jpn_Jpan,363,13,1
jpn_Jpan,363,14,52
jpn_Jpan,363,15,1
jpn_Jpan,363,16,12
jpn_Jpan,363,17,12
jpn_Jpan,363,18,19
jpn_Jpan,363,19,13
jpn_Jpan,363,20,13
jpn_Jpan,363,21,13
jpn_Jpan,364,0,60
jpn_Jpan,364,1,61
jpn_Jpan,364,2,13
jpn_Jpan,364,3,39
jpn_Jpan,364,4,13
jpn_Jpan,364,5,13
jpn_Jpan,364,6,13
jpn_Jpan,364,7,13
jpn_Jpan,364,8,24
jpn_Jpan,364,9,13
jpn_Jpan,364,10,13
jpn_Jpan,364,11,13
jpn_Jpan,364,12,13
jpn_Jpan,365,0,60
jpn_Jpan,365,1,13
jpn_Jpan,365,2,19
jpn_Jpan,365,3,34
jpn_Jpan,365,4,19
jpn_Jpan,365,5,13
jpn_Jpan,365,6,24
jpn_Jpan,365,7,13
jpn_Jpan,365,8,13
jpn_Jpan,365,9,13
jpn_Jpan,365,10,13
jpn_Jpan,365,11,24
jpn_Jpan,365,12,13
jpn_Jpan,365,13,47
jpn_Jpan,365,14,19
jpn_Jpan,365,15,13
jpn_Jpan,365,16,13
jpn_Jpan,365,17,19
jpn_Jpan,365,18,19
jpn_Jpan,365,19,13
jpn_Jpan,365,20,13
jpn_Jpan,365,21,19
jpn_Jpan,365,22,13
jpn_Jpan,365,23,13
jpn_Jpan,365,24,51
jpn_Jpan,366,0,60
jpn_Jpan,366,1,12
jpn_Jpan,366,2,47
jpn_Jpan,366,3,61
jpn_Jpan,366,4,1
jpn_Jpan,366,5,24
jpn_Jpan,367,0,60
jpn_Jpan,367,1,47
jpn_Jpan,367,2,13
jpn_Jpan,367,3,13
jpn_Jpan,367,4,24
jpn_Jpan,367,5,13
jpn_Jpan,367,6,39
jpn_Jpan,367,7,13
jpn_Jpan,367,8,13
jpn_Jpan,367,9,24
jpn_Jpan,367,10,13
jpn_Jpan,367,11,13
jpn_Jpan,367,12,13
jpn_Jpan,367,13,13
jpn_Jpan,367,14,13
jpn_Jpan,367,15,47
jpn_Jpan,367,16,19
jpn_Jpan,367,17,13
jpn_Jpan,367,18,13
jpn_Jpan,367,19,13
jpn_Jpan,367,20,34
jpn_Jpan,368,0,60
jpn_Jpan,368,1,19
jpn_Jpan,368,2,13
jpn_Jpan,368,3,36
jpn_Jpan,368,4,19
jpn_Jpan,368,5,13
jpn_Jpan,368,6,24
jpn_Jpan,368,7,47
jpn_Jpan,368,8,13
jpn_Jpan,368,9,24
jpn_Jpan,368,10,24
jpn_Jpan,368,11,13
jpn_Jpan,368,12,24
jpn_Jpan,368,13,24
jpn_Jpan,368,14,19
jpn_Jpan,368,15,13
jpn_Jpan,368,16,13
jpn_Jpan,368,17,39
jpn_Jpan,368,18,19
jpn_Jpan,368,19,13
jpn_Jpan,368,20,13
jpn_Jpan,368,21,24
jpn_Jpan,368,22,13
jpn_Jpan,368,23,13
jpn_Jpan,368,24,13
jpn_Jpan,368,25,13
jpn_Jpan,368,26,24
jpn_Jpan,368,27,13
jpn_Jpan,368,28,13
jpn_Jpan,368,29,34
jpn_Jpan,368,30,34
jpn_Jpan,368,31,51
jpn_Jpan,369,0,60
jpn_Jpan,369,1,13
jpn_Jpan,369,2,13
jpn_Jpan,369,3,36
jpn_Jpan,369,4,24
jpn_Jpan,369,5,13
jpn_Jpan,369,6,13
jpn_Jpan,369,7,13
jpn_Jpan,369,8,24
jpn_Jpan,369,9,1
jpn_Jpan,369,10,13
jpn_Jpan,369,11,13
jpn_Jpan,369,12,13
jpn_Jpan,369,13,24
jpn_Jpan,369,14,13
jpn_Jpan,369,15,24
jpn_Jpan,369,16,13
jpn_Jpan,369,17,13
jpn_Jpan,369,18,13
jpn_Jpan,369,19,13
jpn_Jpan,369,20,13
jpn_Jpan,369,21,34
jpn_Jpan,370,0,60
jpn_Jpan,370,1,19
jpn_Jpan,370,2,36
jpn_Jpan,370,3,13
jpn_Jpan,370,4,13
jpn_Jpan,370,5,39
jpn_Jpan,370,6,13
jpn_Jpan,370,7,24
jpn_Jpan,370,8,24
jpn_Jpan,370,9,19
jpn_Jpan,370,10,24
jpn_Jpan,370,11,1
jpn_Jpan,370,12,13
jpn_Jpan,370,13,39
jpn_Jpan,370,14,13
jpn_Jpan,370,15,61
jpn_Jpan,370,16,13
jpn_Jpan,370,17,13
jpn_Jpan,370,18,13
jpn_Jpan,370,19,13
jpn_Jpan,370,20,13
jpn_Jpan,370,21,24
jpn_Jpan,370,22,13
jpn_Jpan,370,23,39
jpn_Jpan,370,24,13
jpn_Jpan,370,25,1
jpn_Jpan,370,26,13
jpn_Jpan,370,27,13
jpn_Jpan,370,28,13
jpn_Jpan,370,29,24
jpn_Jpan,370,30,47
jpn_Jpan,370,31,13
jpn_Jpan,370,32,19
jpn_Jpan,370,33,13
jpn_Jpan,370,34,13
jpn_Jpan,370,35,13
jpn_Jpan,370,36,13
jpn_Jpan,370,37,13
jpn_Jpan,370,38,13
jpn_Jpan,370,39,13
jpn_Jpan,370,40,24
jpn_Jpan,370,41,13
jpn_Jpan,371,0,60
jpn_Jpan,371,1,13
jpn_Jpan,371,2,13
jpn_Jpan,371,3,13
jpn_Jpan,371,4,13
jpn_Jpan,371,5,24
jpn_Jpan,371,6,24
jpn_Jpan,371,7,47
jpn_Jpan,371,8,13
jpn_Jpan,371,9,13
jpn_Jpan,371,10,47
jpn_Jpan,371,11,19
jpn_Jpan,371,12,13
jpn_Jpan,371,13,13
jpn_Jpan,371,14,61
jpn_Jpan,371,15,61
jpn_Jpan,371,16,13
jpn_Jpan,371,17,13
jpn_Jpan,371,18,24
jpn_Jpan,371,19,52
jpn_Jpan,371,20,19
jpn_Jpan,371,21,13
jpn_Jpan,371,22,24
jpn_Jpan,371,23,13
jpn_Jpan,371,24,19
jpn_Jpan,371,25,13
jpn_Jpan,371,26,13
jpn_Jpan,371,27,24
jpn_Jpan,371,28,13
jpn_Jpan,371,29,19
jpn_Jpan,371,30,13
jpn_Jpan,371,31,13
jpn_Jpan,371,32,13
jpn_Jpan,371,33,13
jpn_Jpan,371,34,13
jpn_Jpan,371,35,13
jpn_Jpan,371,36,24
jpn_Jpan,371,37,19
jpn_Jpan,371,38,13
jpn_Jpan,371,39,34
jpn_Jpan,371,40,13
jpn_Jpan,371,41,34
jpn_Jpan,372,0,60
jpn_Jpan,372,1,13
jpn_Jpan,372,2,61
jpn_Jpan,372,3,13
jpn_Jpan,372,4,13
jpn_Jpan,372,5,61
jpn_Jpan,372,6,61
jpn_Jpan,372,7,13
jpn_Jpan,372,8,13
jpn_Jpan,372,9,13
jpn_Jpan,372,10,39
jpn_Jpan,372,11,13
jpn_Jpan,372,12,13
jpn_Jpan,372,13,7
jpn_Jpan,372,14,24
jpn_Jpan,372,15,1
jpn_Jpan,372,16,52
jpn_Jpan,372,17,13
jpn_Jpan,372,18,12
jpn_Jpan,372,19,13
jpn_Jpan,372,20,13
jpn_Jpan,372,21,24
jpn_Jpan,372,22,13
jpn_Jpan,372,23,19
jpn_Jpan,372,24,47
jpn_Jpan,372,25,39
jpn_Jpan,372,26,13
jpn_Jpan,372,27,13
jpn_Jpan,372,28,24
jpn_Jpan,372,29,61
jpn_Jpan,372,30,13
jpn_Jpan,372,31,13
jpn_Jpan,372,32,13
jpn_Jpan,372,33,13
jpn_Jpan,373,0,60
jpn_Jpan,373,1,13
jpn_Jpan,373,2,13
jpn_Jpan,373,3,19
jpn_Jpan,373,4,61
jpn_Jpan,373,5,13
jpn_Jpan,373,6,7
jpn_Jpan,373,7,24
jpn_Jpan,373,8,1
jpn_Jpan,373,9,13
jpn_Jpan,373,10,13
jpn_Jpan,373,11,13
jpn_Jpan,373,12,24
jpn_Jpan,373,13,19
jpn_Jpan,373,14,13
jpn_Jpan,373,15,34
jpn_Jpan,374,0,60
jpn_Jpan,374,1,60
jpn_Jpan,374,2,60
jpn_Jpan,374,3,36
jpn_Jpan,374,4,13
jpn_Jpan,374,5,24
jpn_Jpan,374,6,24
jpn_Jpan,374,7,19
jpn_Jpan,374,8,13
jpn_Jpan,374,9,7
jpn_Jpan,374,10,34
jpn_Jpan,374,11,19
jpn_Jpan,374,12,13
jpn_Jpan,374,13,26
jpn_Jpan,374,14,19
jpn_Jpan,374,15,13
jpn_Jpan,374,16,24
jpn_Jpan,374,17,13
jpn_Jpan,374,18,13
jpn_Jpan,374,19,24
jpn_Jpan,374,20,13
jpn_Jpan,374,21,34
jpn_Jpan,374,22,34
jpn_Jpan,375,0,60
jpn_Jpan,375,1,13
jpn_Jpan,375,2,13
jpn_Jpan,375,3,19
jpn_Jpan,375,4,13
jpn_Jpan,375,5,12
jpn_Jpan,375,6,36
jpn_Jpan,375,7,36
jpn_Jpan,375,8,24
jpn_Jpan,375,9,24
jpn_Jpan,375,10,47
jpn_Jpan,375,11,47
jpn_Jpan,375,12,47
jpn_Jpan,375,13,13
jpn_Jpan,375,14,13
jpn_Jpan,375,15,13
jpn_Jpan,375,16,19
jpn_Jpan,375,17,47
jpn_Jpan,375,18,19
jpn_Jpan,375,19,13
jpn_Jpan,375,20,54
jpn_Jpan,375,21,13
jpn_Jpan,375,22,12
jpn_Jpan,375,23,9
jpn_Jpan,375,24,24
jpn_Jpan,375,25,52
jpn_Jpan,375,26,13
jpn_Jpan,375,27,24
jpn_Jpan,375,28,24
jpn_Jpan,375,29,13
jpn_Jpan,375,30,13
jpn_Jpan,375,31,24
jpn_Jpan,375,32,19
jpn_Jpan,375,33,47
jpn_Jpan,375,34,13
jpn_Jpan,375,35,13
jpn_Jpan,375,36,13
jpn_Jpan,375,37,13
jpn_Jpan,375,38,13
jpn_Jpan,375,39,34
jpn_Jpan,375,40,24
jpn_Jpan,375,41,13
jpn_Jpan,375,42,13
jpn_Jpan,375,43,13
jpn_Jpan,375,44,13
jpn_Jpan,375,45,13
jpn_Jpan,375,46,13
jpn_Jpan,375,47,34
jpn_Jpan,376,0,60
jpn_Jpan,376,1,13
jpn_Jpan,376,2,13
jpn_Jpan,376,3,13
jpn_Jpan,376,4,13
jpn_Jpan,376,5,47
jpn_Jpan,376,6,36
jpn_Jpan,376,7,13
jpn_Jpan,376,8,19
jpn_Jpan,376,9,13
jpn_Jpan,376,10,13
jpn_Jpan,376,11,13
jpn_Jpan,376,12,13
jpn_Jpan,376,13,13
jpn_Jpan,376,14,13
jpn_Jpan,376,15,13
jpn_Jpan,376,16,13
jpn_Jpan,376,17,13
jpn_Jpan,376,18,36
jpn_Jpan,376,19,13
jpn_Jpan,376,20,47
jpn_Jpan,376,21,13
jpn_Jpan,376,22,13
jpn_Jpan,376,23,24
jpn_Jpan,376,24,13
jpn_Jpan,376,25,13
jpn_Jpan,376,26,13
jpn_Jpan,376,27,24
jpn_Jpan,376,28,13
jpn_Jpan,376,29,34
jpn_Jpan,376,30,13
jpn_Jpan,376,31,24
jpn_Jpan,376,32,13
jpn_Jpan,376,33,34
jpn_Jpan,377,0,60
jpn_Jpan,377,1,13
jpn_Jpan,377,2,47
jpn_Jpan,377,3,24
jpn_Jpan,377,4,36
jpn_Jpan,377,5,24
jpn_Jpan,377,6,61
jpn_Jpan,377,7,19
jpn_Jpan,377,8,39
jpn_Jpan,377,9,13
jpn_Jpan,377,10,24
jpn_Jpan,377,11,13
jpn_Jpan,377,12,13
jpn_Jpan,377,13,19
jpn_Jpan,377,14,36
jpn_Jpan,377,15,24
jpn_Jpan,377,16,19
jpn_Jpan,377,17,19
jpn_Jpan,377,18,13
jpn_Jpan,377,19,47
jpn_Jpan,377,20,34
jpn_Jpan,377,21,24
jpn_Jpan,377,22,13
jpn_Jpan,377,23,39
jpn_Jpan,377,24,24
jpn_Jpan,377,25,24
jpn_Jpan,377,26,61
jpn_Jpan,377,27,19
jpn_Jpan,377,28,13
jpn_Jpan,377,29,13
jpn_Jpan,377,30,39
jpn_Jpan,377,31,47
jpn_Jpan,377,32,13
jpn_Jpan,377,33,13
jpn_Jpan,377,34,13
jpn_Jpan,377,35,19
jpn_Jpan,377,36,13
jpn_Jpan,377,37,13
jpn_Jpan,377,38,19
jpn_Jpan,377,39,13
jpn_Jpan,377,40,13
jpn_Jpan,377,41,24
jpn_Jpan,377,42,13
jpn_Jpan,377,43,19
jpn_Jpan,377,44,13
jpn_Jpan,377,45,13
jpn_Jpan,377,46,13
jpn_Jpan,378,0,60
jpn_Jpan,378,1,13
jpn_Jpan,378,2,39
jpn_Jpan,378,3,13
jpn_Jpan,378,4,51
jpn_Jpan,378,5,24
jpn_Jpan,378,6,61
jpn_Jpan,378,7,13
jpn_Jpan,378,8,19
jpn_Jpan,378,9,13
jpn_Jpan,378,10,13
jpn_Jpan,378,11,13
jpn_Jpan,378,12,47
jpn_Jpan,378,13,13
jpn_Jpan,378,14,13
jpn_Jpan,378,15,19
jpn_Jpan,378,16,13
jpn_Jpan,378,17,13
jpn_Jpan,378,18,34
jpn_Jpan,379,0,60
jpn_Jpan,379,1,47
jpn_Jpan,379,2,13
jpn_Jpan,379,3,61
jpn_Jpan,379,4,61
jpn_Jpan,379,5,13
jpn_Jpan,379,6,47
jpn_Jpan,379,7,13
jpn_Jpan,379,8,13
jpn_Jpan,379,9,13
jpn_Jpan,379,10,24
jpn_Jpan,379,11,19
jpn_Jpan,379,12,13
jpn_Jpan,379,13,19
jpn_Jpan,379,14,13
jpn_Jpan,379,15,24
jpn_Jpan,379,16,47
jpn_Jpan,379,17,19
jpn_Jpan,379,18,13
jpn_Jpan,379,19,13
jpn_Jpan,379,20,39
jpn_Jpan,379,21,13
jpn_Jpan,379,22,13
jpn_Jpan,379,23,13
jpn_Jpan,379,24,13
jpn_Jpan,379,25,24
jpn_Jpan,379,26,13
jpn_Jpan,379,27,13
jpn_Jpan,379,28,34
jpn_Jpan,380,0,60
jpn_Jpan,380,1,13
jpn_Jpan,380,2,24
jpn_Jpan,380,3,13
jpn_Jpan,380,4,13
jpn_Jpan,380,5,13
jpn_Jpan,380,6,24
jpn_Jpan,380,7,24
jpn_Jpan,380,8,19
jpn_Jpan,380,9,13
jpn_Jpan,380,10,19
jpn_Jpan,380,11,13
jpn_Jpan,380,12,13
jpn_Jpan,380,13,13
jpn_Jpan,380,14,24
jpn_Jpan,380,15,19
jpn_Jpan,380,16,13
jpn_Jpan,380,17,24
jpn_Jpan,380,18,24
jpn_Jpan,380,19,47
jpn_Jpan,380,20,24
jpn_Jpan,380,21,19
jpn_Jpan,380,22,24
jpn_Jpan,380,23,47
jpn_Jpan,380,24,19
jpn_Jpan,380,25,13
jpn_Jpan,380,26,13
jpn_Jpan,380,27,47
jpn_Jpan,380,28,19
jpn_Jpan,380,29,13
jpn_Jpan,380,30,19
jpn_Jpan,380,31,13
jpn_Jpan,380,32,13
jpn_Jpan,380,33,52
jpn_Jpan,380,34,13
jpn_Jpan,380,35,24
jpn_Jpan,380,36,1
jpn_Jpan,380,37,24
jpn_Jpan,380,38,13
jpn_Jpan,380,39,47
jpn_Jpan,380,40,39
jpn_Jpan,380,41,19
jpn_Jpan,380,42,34
jpn_Jpan,380,43,34
jpn_Jpan,381,0,60
jpn_Jpan,381,1,19
jpn_Jpan,381,2,40
jpn_Jpan,381,3,47
jpn_Jpan,381,4,62
jpn_Jpan,381,5,62
jpn_Jpan,381,6,22
jpn_Jpan,381,7,42
jpn_Jpan,381,8,13
jpn_Jpan,381,9,24
jpn_Jpan,381,10,24
jpn_Jpan,381,11,40
jpn_Jpan,381,12,24
jpn_Jpan,382,0,60
jpn_Jpan,382,1,13
jpn_Jpan,382,2,24
jpn_Jpan,382,3,61
jpn_Jpan,382,4,13
jpn_Jpan,382,5,7
jpn_Jpan,382,6,24
jpn_Jpan,382,7,1
jpn_Jpan,382,8,13
jpn_Jpan,382,9,24
jpn_Jpan,382,10,13
jpn_Jpan,382,11,19
jpn_Jpan,382,12,34
jpn_Jpan,382,13,24
jpn_Jpan,382,14,24
jpn_Jpan,382,15,19
jpn_Jpan,382,16,13
jpn_Jpan,382,17,24
jpn_Jpan,382,18,13
jpn_Jpan,382,19,19
jpn_Jpan,382,20,13
jpn_Jpan,382,21,24
jpn_Jpan,382,22,47
jpn_Jpan,382,23,13
jpn_Jpan,382,24,13
jpn_Jpan,382,25,24
jpn_Jpan,382,26,13
jpn_Jpan,382,27,13
jpn_Jpan,382,28,13
jpn_Jpan,382,29,24
jpn_Jpan,382,30,19
jpn_Jpan,382,31,13
jpn_Jpan,382,32,13
jpn_Jpan,382,33,34
jpn_Jpan,383,0,60
jpn_Jpan,383,1,13
jpn_Jpan,383,2,13
jpn_Jpan,383,3,24
jpn_Jpan,383,4,13
jpn_Jpan,383,5,39
jpn_Jpan,383,6,13
jpn_Jpan,383,7,24
jpn_Jpan,383,8,13
jpn_Jpan,383,9,47
jpn_Jpan,383,10,47
jpn_Jpan,383,11,34
jpn_Jpan,383,12,34
jpn_Jpan,383,13,52
jpn_Jpan,383,14,13
jpn_Jpan,383,15,7
jpn_Jpan,383,16,24
jpn_Jpan,383,17,47
jpn_Jpan,383,18,19
jpn_Jpan,383,19,19
jpn_Jpan,383,20,19
jpn_Jpan,384,0,60
jpn_Jpan,384,1,47
jpn_Jpan,384,2,13
jpn_Jpan,384,3,11
jpn_Jpan,384,4,52
jpn_Jpan,384,5,19
jpn_Jpan,384,6,13
jpn_Jpan,384,7,7
jpn_Jpan,384,8,19
jpn_Jpan,384,9,13
jpn_Jpan,384,10,13
jpn_Jpan,384,11,24
jpn_Jpan,384,12,52
jpn_Jpan,384,13,1
jpn_Jpan,384,14,52
jpn_Jpan,384,15,13
jpn_Jpan,384,16,52
jpn_Jpan,384,17,1
jpn_Jpan,384,18,52
jpn_Jpan,384,19,13
jpn_Jpan,384,20,24
jpn_Jpan,384,21,52
jpn_Jpan,384,22,19
jpn_Jpan,384,23,13
jpn_Jpan,384,24,1
jpn_Jpan,384,25,52
jpn_Jpan,385,0,60
jpn_Jpan,385,1,13
jpn_Jpan,385,2,36
jpn_Jpan,385,3,52
jpn_Jpan,385,4,1
jpn_Jpan,385,5,52
jpn_Jpan,385,6,13
jpn_Jpan,385,7,37
jpn_Jpan,385,8,52
jpn_Jpan,385,9,13
jpn_Jpan,385,10,13
jpn_Jpan,385,11,13
jpn_Jpan,385,12,58
jpn_Jpan,385,13,61
jpn_Jpan,385,14,40
jpn_Jpan,386,0,60
jpn_Jpan,386,1,24
jpn_Jpan,386,2,13
jpn_Jpan,386,3,24
jpn_Jpan,386,4,19
jpn_Jpan,386,5,13
jpn_Jpan,386,6,13
jpn_Jpan,386,7,13
jpn_Jpan,386,8,13
jpn_Jpan,386,9,24
jpn_Jpan,386,10,19
jpn_Jpan,386,11,13
jpn_Jpan,386,12,13
jpn_Jpan,386,13,13
jpn_Jpan,386,14,13
jpn_Jpan,386,15,7
jpn_Jpan,386,16,13
jpn_Jpan,386,17,24
jpn_Jpan,386,18,34
jpn_Jpan,387,0,60
jpn_Jpan,387,1,47
jpn_Jpan,387,2,13
jpn_Jpan,387,3,47
jpn_Jpan,387,4,13
jpn_Jpan,387,5,13
jpn_Jpan,387,6,13
jpn_Jpan,387,7,19
jpn_Jpan,387,8,13
jpn_Jpan,387,9,13
jpn_Jpan,387,10,34
jpn_Jpan,388,0,60
jpn_Jpan,388,1,47
jpn_Jpan,388,2,13
jpn_Jpan,388,3,13
jpn_Jpan,388,4,13
jpn_Jpan,388,5,36
jpn_Jpan,388,6,13
jpn_Jpan,388,7,13
jpn_Jpan,388,8,13
jpn_Jpan,388,9,36
jpn_Jpan,388,10,52
jpn_Jpan,388,11,52
jpn_Jpan,388,12,52
jpn_Jpan,388,13,13
jpn_Jpan,388,14,9
jpn_Jpan,388,15,13
jpn_Jpan,388,16,24
jpn_Jpan,388,17,52
jpn_Jpan,388,18,52
jpn_Jpan,388,19,52
jpn_Jpan,388,20,36
jpn_Jpan,388,21,47
jpn_Jpan,388,22,19
jpn_Jpan,388,23,13
jpn_Jpan,388,24,47
jpn_Jpan,388,25,13
jpn_Jpan,388,26,13
jpn_Jpan,388,27,19
jpn_Jpan,388,28,24
jpn_Jpan,388,29,47
jpn_Jpan,388,30,47
jpn_Jpan,388,31,19
jpn_Jpan,388,32,19
jpn_Jpan,388,33,39
jpn_Jpan,388,34,7
jpn_Jpan,388,35,24
jpn_Jpan,388,36,13
jpn_Jpan,388,37,13
jpn_Jpan,388,38,13
jpn_Jpan,388,39,34
jpn_Jpan,389,0,60
jpn_Jpan,389,1,13
jpn_Jpan,389,2,13
jpn_Jpan,389,3,24
jpn_Jpan,389,4,13
jpn_Jpan,389,5,13
jpn_Jpan,389,6,24
jpn_Jpan,389,7,24
jpn_Jpan,389,8,13
jpn_Jpan,389,9,24
jpn_Jpan,389,10,13
jpn_Jpan,389,11,13
jpn_Jpan,389,12,24
jpn_Jpan,389,13,13
jpn_Jpan,389,14,24
jpn_Jpan,389,15,19
jpn_Jpan,389,16,13
jpn_Jpan,389,17,13
jpn_Jpan,389,18,13
jpn_Jpan,389,19,19
jpn_Jpan,389,20,13
jpn_Jpan,389,21,13
jpn_Jpan,389,22,24
jpn_Jpan,389,23,13
jpn_Jpan,389,24,13
jpn_Jpan,389,25,13
jpn_Jpan,389,26,13
jpn_Jpan,389,27,34
jpn_Jpan,390,0,60
jpn_Jpan,390,1,13
jpn_Jpan,390,2,13
jpn_Jpan,390,3,13
jpn_Jpan,390,4,24
jpn_Jpan,390,5,19
jpn_Jpan,390,6,13
jpn_Jpan,390,7,34
jpn_Jpan,390,8,13
jpn_Jpan,390,9,24
jpn_Jpan,390,10,13
jpn_Jpan,390,11,13
jpn_Jpan,390,12,13
jpn_Jpan,390,13,13
jpn_Jpan,390,14,13
jpn_Jpan,390,15,13
jpn_Jpan,390,16,13
jpn_Jpan,390,17,13
jpn_Jpan,390,18,24
jpn_Jpan,390,19,19
jpn_Jpan,390,20,13
jpn_Jpan,390,21,47
jpn_Jpan,390,22,24
jpn_Jpan,390,23,13
jpn_Jpan,390,24,24
jpn_Jpan,390,25,13
jpn_Jpan,390,26,19
jpn_Jpan,390,27,47
jpn_Jpan,390,28,39
jpn_Jpan,390,29,39
jpn_Jpan,390,30,13
jpn_Jpan,390,31,24
jpn_Jpan,390,32,19
jpn_Jpan,390,33,13
jpn_Jpan,390,34,19
jpn_Jpan,390,35,34
jpn_Jpan,390,36,13
jpn_Jpan,390,37,13
jpn_Jpan,390,38,13
jpn_Jpan,390,39,34
jpn_Jpan,390,40,19
jpn_Jpan,390,41,13
jpn_Jpan,391,0,60
jpn_Jpan,391,1,13
jpn_Jpan,391,2,13
jpn_Jpan,391,3,36
jpn_Jpan,391,4,34
jpn_Jpan,391,5,61
jpn_Jpan,391,6,29
jpn_Jpan,391,7,13
jpn_Jpan,391,8,13
jpn_Jpan,391,9,13
jpn_Jpan,391,10,13
jpn_Jpan,391,11,61
jpn_Jpan,391,12,39
jpn_Jpan,391,13,1
jpn_Jpan,391,14,13
jpn_Jpan,391,15,13
jpn_Jpan,391,16,13
jpn_Jpan,391,17,24
jpn_Jpan,391,18,13
jpn_Jpan,391,19,13
jpn_Jpan,391,20,13
jpn_Jpan,391,21,13
jpn_Jpan,391,22,52
jpn_Jpan,391,23,1
jpn_Jpan,391,24,52
jpn_Jpan,391,25,13
jpn_Jpan,391,26,13
jpn_Jpan,391,27,47
jpn_Jpan,391,28,13
jpn_Jpan,391,29,19
jpn_Jpan,391,30,34
jpn_Jpan,391,31,34
jpn_Jpan,391,32,47
jpn_Jpan,391,33,13
jpn_Jpan,391,34,34
jpn_Jpan,391,35,34
jpn_Jpan,391,36,34
jpn_Jpan,391,37,13
jpn_Jpan,391,38,13
jpn_Jpan,392,0,60
jpn_Jpan,392,1,13
jpn_Jpan,392,2,19
jpn_Jpan,392,3,13
jpn_Jpan,392,4,13
jpn_Jpan,392,5,24
jpn_Jpan,392,6,19
jpn_Jpan,392,7,36
jpn_Jpan,392,8,47
jpn_Jpan,392,9,13
jpn_Jpan,392,10,19
jpn_Jpan,392,11,13
jpn_Jpan,392,12,61
jpn_Jpan,392,13,7
jpn_Jpan,392,14,13
jpn_Jpan,392,15,24
jpn_Jpan,392,16,52
jpn_Jpan,392,17,9
jpn_Jpan,392,18,24
jpn_Jpan,392,19,24
jpn_Jpan,392,20,61
jpn_Jpan,392,21,19
jpn_Jpan,392,22,47
jpn_Jpan,392,23,47
jpn_Jpan,392,24,24
jpn_Jpan,392,25,13
jpn_Jpan,392,26,34
jpn_Jpan,392,27,13
jpn_Jpan,392,28,34
jpn_Jpan,392,29,11
jpn_Jpan,392,30,61
jpn_Jpan,392,31,13
jpn_Jpan,392,32,13
jpn_Jpan,392,33,19
jpn_Jpan,392,34,13
jpn_Jpan,392,35,13
jpn_Jpan,392,36,34
jpn_Jpan,392,37,19
jpn_Jpan,392,38,13
jpn_Jpan,392,39,47
jpn_Jpan,392,40,39
jpn_Jpan,392,41,24
jpn_Jpan,392,42,24
jpn_Jpan,392,43,61
jpn_Jpan,392,44,13
jpn_Jpan,392,45,47
jpn_Jpan,392,46,13
jpn_Jpan,392,47,13
jpn_Jpan,393,0,60
jpn_Jpan,393,1,47
jpn_Jpan,393,2,13
jpn_Jpan,393,3,7
jpn_Jpan,393,4,11
jpn_Jpan,393,5,24
jpn_Jpan,393,6,40
jpn_Jpan,393,7,7
jpn_Jpan,393,8,24
jpn_Jpan,393,9,13
jpn_Jpan,393,10,13
jpn_Jpan,394,0,60
jpn_Jpan,394,1,13
jpn_Jpan,394,2,47
jpn_Jpan,394,3,13
jpn_Jpan,394,4,24
jpn_Jpan,394,5,19
jpn_Jpan,394,6,13
jpn_Jpan,394,7,13
jpn_Jpan,394,8,34
jpn_Jpan,394,9,13
jpn_Jpan,394,10,13
jpn_Jpan,394,11,11
jpn_Jpan,395,0,60
jpn_Jpan,395,1,47
jpn_Jpan,395,2,13
jpn_Jpan,395,3,13
jpn_Jpan,395,4,13
jpn_Jpan,395,5,13
jpn_Jpan,395,6,47
jpn_Jpan,395,7,19
jpn_Jpan,395,8,13
jpn_Jpan,395,9,13
jpn_Jpan,395,10,24
jpn_Jpan,395,11,13
jpn_Jpan,395,12,13
jpn_Jpan,395,13,34
jpn_Jpan,395,14,13
jpn_Jpan,395,15,24
jpn_Jpan,395,16,24
jpn_Jpan,395,17,13
jpn_Jpan,395,18,19
jpn_Jpan,395,19,13
jpn_Jpan,395,20,24
jpn_Jpan,395,21,13
jpn_Jpan,395,22,13
jpn_Jpan,395,23,13
jpn_Jpan,395,24,1
jpn_Jpan,395,25,13
jpn_Jpan,395,26,13
jpn_Jpan,395,27,61
jpn_Jpan,395,28,13
jpn_Jpan,395,29,34
jpn_Jpan,395,30,13
jpn_Jpan,395,31,24
jpn_Jpan,395,32,13
jpn_Jpan,395,33,13
jpn_Jpan,395,34,13
jpn_Jpan,395,35,34
jpn_Jpan,395,36,13
jpn_Jpan,395,37,24
jpn_Jpan,395,38,13
jpn_Jpan,395,39,61
jpn_Jpan,395,40,19
jpn_Jpan,395,41,34
jpn_Jpan,395,42,34
jpn_Jpan,396,0,60
jpn_Jpan,396,1,13
jpn_Jpan,396,2,13
jpn_Jpan,396,3,13
jpn_Jpan,396,4,36
jpn_Jpan,396,5,61
jpn_Jpan,396,6,13
jpn_Jpan,396,7,13
jpn_Jpan,396,8,24
jpn_Jpan,396,9,19
jpn_Jpan,396,10,13
jpn_Jpan,396,11,13
jpn_Jpan,396,12,13
jpn_Jpan,396,13,13
jpn_Jpan,396,14,61
jpn_Jpan,396,15,39
jpn_Jpan,396,16,13
jpn_Jpan,396,17,13
jpn_Jpan,396,18,34
jpn_Jpan,397,0,60
jpn_Jpan,397,1,47
jpn_Jpan,397,2,39
jpn_Jpan,397,3,47
jpn_Jpan,397,4,19
jpn_Jpan,397,5,61
jpn_Jpan,397,6,61
jpn_Jpan,397,7,13
jpn_Jpan,397,8,13
jpn_Jpan,397,9,24
jpn_Jpan,397,10,13
jpn_Jpan,397,11,13
jpn_Jpan,397,12,13
jpn_Jpan,397,13,13
jpn_Jpan,397,14,13
jpn_Jpan,397,15,36
jpn_Jpan,397,16,19
jpn_Jpan,397,17,13
jpn_Jpan,397,18,13
jpn_Jpan,397,19,34
jpn_Jpan,397,20,19
jpn_Jpan,397,21,13
jpn_Jpan,397,22,24
jpn_Jpan,397,23,19
jpn_Jpan,397,24,13
jpn_Jpan,397,25,13
jpn_Jpan,397,26,24
jpn_Jpan,397,27,13
jpn_Jpan,397,28,19
jpn_Jpan,397,29,36
jpn_Jpan,397,30,1
jpn_Jpan,398,0,60
jpn_Jpan,398,1,52
jpn_Jpan,398,2,19
jpn_Jpan,398,3,13
jpn_Jpan,398,4,19
jpn_Jpan,398,5,13
jpn_Jpan,398,6,52
jpn_Jpan,398,7,26
jpn_Jpan,398,8,19
jpn_Jpan,398,9,47
jpn_Jpan,398,10,13
jpn_Jpan,398,11,13
jpn_Jpan,398,12,13
jpn_Jpan,398,13,13
jpn_Jpan,398,14,13
jpn_Jpan,398,15,13
jpn_Jpan,398,16,24
jpn_Jpan,398,17,24
jpn_Jpan,398,18,12
jpn_Jpan,398,19,19
jpn_Jpan,398,20,36
jpn_Jpan,398,21,47
jpn_Jpan,398,22,19
jpn_Jpan,398,23,36
jpn_Jpan,398,24,47
jpn_Jpan,398,25,13
jpn_Jpan,398,26,13
jpn_Jpan,398,27,19
jpn_Jpan,398,28,13
jpn_Jpan,398,29,13
jpn_Jpan,398,30,24
jpn_Jpan,398,31,13
jpn_Jpan,398,32,13
jpn_Jpan,398,33,13
jpn_Jpan,398,34,24
jpn_Jpan,398,35,19
jpn_Jpan,398,36,13
jpn_Jpan,398,37,47
jpn_Jpan,398,38,19
jpn_Jpan,398,39,13
jpn_Jpan,398,40,61
jpn_Jpan,398,41,19
jpn_Jpan,398,42,13
jpn_Jpan,398,43,13
jpn_Jpan,398,44,13
jpn_Jpan,398,45,19
jpn_Jpan,398,46,19
jpn_Jpan,398,47,34
jpn_Jpan,398,48,13
jpn_Jpan,398,49,13
jpn_Jpan,399,0,60
jpn_Jpan,399,1,36
jpn_Jpan,399,2,24
jpn_Jpan,399,3,24
jpn_Jpan,399,4,13
jpn_Jpan,399,5,24
jpn_Jpan,399,6,19
jpn_Jpan,399,7,13
jpn_Jpan,399,8,24
jpn_Jpan,399,9,19
jpn_Jpan,399,10,13
jpn_Jpan,399,11,19
jpn_Jpan,399,12,19
jpn_Jpan,399,13,36
jpn_Jpan,399,14,24
jpn_Jpan,399,15,47
jpn_Jpan,399,16,47
jpn_Jpan,399,17,13
jpn_Jpan,399,18,34
jpn_Jpan,399,19,13
jpn_Jpan,399,20,13
jpn_Jpan,399,21,13
jpn_Jpan,399,22,34
jpn_Jpan,399,23,61
jpn_Jpan,399,24,13
jpn_Jpan,399,25,51
jpn_Jpan,400,0,60
jpn_Jpan,400,1,47
jpn_Jpan,400,2,13
jpn_Jpan,400,3,13
jpn_Jpan,400,4,13
jpn_Jpan,400,5,19
jpn_Jpan,400,6,13
jpn_Jpan,400,7,13
jpn_Jpan,400,8,13
jpn_Jpan,400,9,13
jpn_Jpan,400,10,19
jpn_Jpan,400,11,13
jpn_Jpan,400,12,13
jpn_Jpan,400,13,24
jpn_Jpan,400,14,61
jpn_Jpan,400,15,19
jpn_Jpan,400,16,61
jpn_Jpan,400,17,13
jpn_Jpan,400,18,24
jpn_Jpan,400,19,24
jpn_Jpan,400,20,13
jpn_Jpan,400,21,19
jpn_Jpan,400,22,13
jpn_Jpan,400,23,19
jpn_Jpan,400,24,13
jpn_Jpan,400,25,24
jpn_Jpan,400,26,24
jpn_Jpan,400,27,19
jpn_Jpan,400,28,13
jpn_Jpan,400,29,19
jpn_Jpan,400,30,13
jpn_Jpan,400,31,13
jpn_Jpan,400,32,52
jpn_Jpan,400,33,13
jpn_Jpan,400,34,61
jpn_Jpan,400,35,13
jpn_Jpan,400,36,24
jpn_Jpan,400,37,19
jpn_Jpan,400,38,36
jpn_Jpan,400,39,19
jpn_Jpan,400,40,24
jpn_Jpan,400,41,13
jpn_Jpan,400,42,19
jpn_Jpan,400,43,47
jpn_Jpan,400,44,24
jpn_Jpan,400,45,13
jpn_Jpan,400,46,24
jpn_Jpan,400,47,13
jpn_Jpan,400,48,61
jpn_Jpan,400,49,34
jpn_Jpan,400,50,34
jpn_Jpan,401,0,60
jpn_Jpan,401,1,47
jpn_Jpan,401,2,13
jpn_Jpan,401,3,13
jpn_Jpan,401,4,34
jpn_Jpan,401,5,12
jpn_Jpan,401,6,9
jpn_Jpan,401,7,12
jpn_Jpan,401,8,24
jpn_Jpan,401,9,19
jpn_Jpan,401,10,13
jpn_Jpan,401,11,19
jpn_Jpan,401,12,13
jpn_Jpan,401,13,47
jpn_Jpan,401,14,19
jpn_Jpan,401,15,13
jpn_Jpan,401,16,19
jpn_Jpan,401,17,19
jpn_Jpan,401,18,39
jpn_Jpan,401,19,24
jpn_Jpan,401,20,24
jpn_Jpan,401,21,13
jpn_Jpan,401,22,19
jpn_Jpan,401,23,13
jpn_Jpan,401,24,24
jpn_Jpan,401,25,19
jpn_Jpan,401,26,24
jpn_Jpan,401,27,13
jpn_Jpan,401,28,24
jpn_Jpan,401,29,13
jpn_Jpan,401,30,13
jpn_Jpan,401,31,13
jpn_Jpan,401,32,13
jpn_Jpan,401,33,52
jpn_Jpan,401,34,24
jpn_Jpan,401,35,24
jpn_Jpan,401,36,19
jpn_Jpan,401,37,13
jpn_Jpan,401,38,19
jpn_Jpan,401,39,13
jpn_Jpan,401,40,19
jpn_Jpan,401,41,13
jpn_Jpan,401,42,24
jpn_Jpan,401,43,19
jpn_Jpan,401,44,13
jpn_Jpan,401,45,13
jpn_Jpan,401,46,24
jpn_Jpan,401,47,13
jpn_Jpan,401,48,13
jpn_Jpan,401,49,19
jpn_Jpan,401,50,13
jpn_Jpan,401,51,47
jpn_Jpan,401,52,13
jpn_Jpan,401,53,47
jpn_Jpan,401,54,7
jpn_Jpan,402,0,60
jpn_Jpan,402,1,13
jpn_Jpan,402,2,13
jpn_Jpan,402,3,13
jpn_Jpan,402,4,13
jpn_Jpan,402,5,13
jpn_Jpan,402,6,13
jpn_Jpan,402,7,13
jpn_Jpan,402,8,24
jpn_Jpan,402,9,13
jpn_Jpan,402,10,19
jpn_Jpan,402,11,34
jpn_Jpan,403,0,60
jpn_Jpan,403,1,7
jpn_Jpan,403,2,49
jpn_Jpan,403,3,12
jpn_Jpan,403,4,47
jpn_Jpan,403,5,47
jpn_Jpan,403,6,52
jpn_Jpan,403,7,52
jpn_Jpan,403,8,61
jpn_Jpan,403,9,19
jpn_Jpan,403,10,39
jpn_Jpan,403,11,13
jpn_Jpan,403,12,7
jpn_Jpan,403,13,7
jpn_Jpan,403,14,22
jpn_Jpan,403,15,29
jpn_Jpan,403,16,19
jpn_Jpan,403,17,7
jpn_Jpan,403,18,37
jpn_Jpan,403,19,52
jpn_Jpan,404,0,60
jpn_Jpan,404,1,13
jpn_Jpan,404,2,13
jpn_Jpan,404,3,24
jpn_Jpan,404,4,47
jpn_Jpan,404,5,13
jpn_Jpan,404,6,13
jpn_Jpan,404,7,13
jpn_Jpan,404,8,24
jpn_Jpan,404,9,1
jpn_Jpan,404,10,13
jpn_Jpan,404,11,24
jpn_Jpan,404,12,61
jpn_Jpan,404,13,13
jpn_Jpan,404,14,34
jpn_Jpan,404,15,19
jpn_Jpan,404,16,36
jpn_Jpan,404,17,34
jpn_Jpan,405,0,60
jpn_Jpan,405,1,13
jpn_Jpan,405,2,19
jpn_Jpan,405,3,13
jpn_Jpan,405,4,34
jpn_Jpan,405,5,24
jpn_Jpan,405,6,24
jpn_Jpan,405,7,13
jpn_Jpan,405,8,13
jpn_Jpan,405,9,39
jpn_Jpan,405,10,47
jpn_Jpan,405,11,61
jpn_Jpan,405,12,13
jpn_Jpan,405,13,13
jpn_Jpan,405,14,24
jpn_Jpan,405,15,13
jpn_Jpan,405,16,13
jpn_Jpan,405,17,24
jpn_Jpan,405,18,24
jpn_Jpan,405,19,61
jpn_Jpan,405,20,19
jpn_Jpan,405,21,61
jpn_Jpan,405,22,47
jpn_Jpan,405,23,13
jpn_Jpan,405,24,47
jpn_Jpan,405,25,47
jpn_Jpan,405,26,13
jpn_Jpan,405,27,13
jpn_Jpan,405,28,24
jpn_Jpan,405,29,19
jpn_Jpan,405,30,13
jpn_Jpan,405,31,13
jpn_Jpan,405,32,13
jpn_Jpan,405,33,13
jpn_Jpan,405,34,47
jpn_Jpan,405,35,13
jpn_Jpan,405,36,13
jpn_Jpan,405,37,34
jpn_Jpan,405,38,51
jpn_Jpan,405,39,34
jpn_Jpan,406,0,60
jpn_Jpan,406,1,40
jpn_Jpan,406,2,49
jpn_Jpan,406,3,24
jpn_Jpan,406,4,13
jpn_Jpan,406,5,19
jpn_Jpan,406,6,13
jpn_Jpan,406,7,24
jpn_Jpan,406,8,19
jpn_Jpan,406,9,13
jpn_Jpan,406,10,13
jpn_Jpan,406,11,34
jpn_Jpan,406,12,13
jpn_Jpan,406,13,24
jpn_Jpan,406,14,13
jpn_Jpan,406,15,13
jpn_Jpan,406,16,47
jpn_Jpan,406,17,39
jpn_Jpan,406,18,13
jpn_Jpan,406,19,39
jpn_Jpan,406,20,47
jpn_Jpan,406,21,13
jpn_Jpan,406,22,13
jpn_Jpan,406,23,39
jpn_Jpan,406,24,47
jpn_Jpan,406,25,47
jpn_Jpan,406,26,39
jpn_Jpan,406,27,13
jpn_Jpan,406,28,34
jpn_Jpan,407,0,60
jpn_Jpan,407,1,13
jpn_Jpan,407,2,13
jpn_Jpan,407,3,24
jpn_Jpan,407,4,47
jpn_Jpan,407,5,47
jpn_Jpan,407,6,24
jpn_Jpan,407,7,1
jpn_Jpan,407,8,13
jpn_Jpan,407,9,24
jpn_Jpan,407,10,13
jpn_Jpan,407,11,24
jpn_Jpan,407,12,13
jpn_Jpan,407,13,13
jpn_Jpan,407,14,13
jpn_Jpan,407,15,34
jpn_Jpan,408,0,60
jpn_Jpan,408,1,13
jpn_Jpan,408,2,13
jpn_Jpan,408,3,24
jpn_Jpan,408,4,13
jpn_Jpan,408,5,13
jpn_Jpan,408,6,13
jpn_Jpan,408,7,61
jpn_Jpan,408,8,13
jpn_Jpan,408,9,24
jpn_Jpan,408,10,52
jpn_Jpan,408,11,13
jpn_Jpan,408,12,47
jpn_Jpan,408,13,13
jpn_Jpan,408,14,12
jpn_Jpan,408,15,61
jpn_Jpan,408,16,13
jpn_Jpan,408,17,13
jpn_Jpan,408,18,13
jpn_Jpan,408,19,13
jpn_Jpan,408,20,13
jpn_Jpan,408,21,19
jpn_Jpan,408,22,1
jpn_Jpan,408,23,24
jpn_Jpan,408,24,24
jpn_Jpan,408,25,19
jpn_Jpan,408,26,13
jpn_Jpan,408,27,34
jpn_Jpan,408,28,34
jpn_Jpan,408,29,13
jpn_Jpan,408,30,13
jpn_Jpan,408,31,34
jpn_Jpan,408,32,51
jpn_Jpan,408,33,13
jpn_Jpan,408,34,61
jpn_Jpan,408,35,13
jpn_Jpan,408,36,13
jpn_Jpan,408,37,34
jpn_Jpan,409,0,60
jpn_Jpan,409,1,58
jpn_Jpan,409,2,13
jpn_Jpan,409,3,19
jpn_Jpan,409,4,13
jpn_Jpan,409,5,13
jpn_Jpan,409,6,13
jpn_Jpan,409,7,24
jpn_Jpan,409,8,47
jpn_Jpan,409,9,19
jpn_Jpan,409,10,19
jpn_Jpan,409,11,13
jpn_Jpan,410,0,60
jpn_Jpan,410,1,11
jpn_Jpan,410,2,13
jpn_Jpan,410,3,13
jpn_Jpan,410,4,13
jpn_Jpan,410,5,24
jpn_Jpan,410,6,24
jpn_Jpan,410,7,52
jpn_Jpan,410,8,1
jpn_Jpan,410,9,24
jpn_Jpan,410,10,13
jpn_Jpan,410,11,61
jpn_Jpan,410,12,13
jpn_Jpan,410,13,24
jpn_Jpan,410,14,19
jpn_Jpan,410,15,13
jpn_Jpan,410,16,13
jpn_Jpan,410,17,19
jpn_Jpan,410,18,13
jpn_Jpan,410,19,24
jpn_Jpan,410,20,13
jpn_Jpan,410,21,13
jpn_Jpan,410,22,13
jpn_Jpan,410,23,13
jpn_Jpan,410,24,36
jpn_Jpan,410,25,34
jpn_Jpan,411,0,60
jpn_Jpan,411,1,28
jpn_Jpan,411,2,24
jpn_Jpan,411,3,19
jpn_Jpan,411,4,13
jpn_Jpan,411,5,19
jpn_Jpan,411,6,13
jpn_Jpan,411,7,24
jpn_Jpan,411,8,36
jpn_Jpan,411,9,24
jpn_Jpan,411,10,13
jpn_Jpan,411,11,19
jpn_Jpan,411,12,36
jpn_Jpan,411,13,24
jpn_Jpan,411,14,24
jpn_Jpan,411,15,52
jpn_Jpan,411,16,19
jpn_Jpan,411,17,37
jpn_Jpan,411,18,24
jpn_Jpan,411,19,47
jpn_Jpan,411,20,13
jpn_Jpan,411,21,34
jpn_Jpan,411,22,13
jpn_Jpan,411,23,34
jpn_Jpan,411,24,24
jpn_Jpan,411,25,40
jpn_Jpan,411,26,36
jpn_Jpan,411,27,52
jpn_Jpan,411,28,36
jpn_Jpan,411,29,28
jpn_Jpan,411,30,34
jpn_Jpan,411,31,13
jpn_Jpan,411,32,34
jpn_Jpan,411,33,13
jpn_Jpan,411,34,47
jpn_Jpan,411,35,13
jpn_Jpan,411,36,34
jpn_Jpan,411,37,34
jpn_Jpan,412,0,60
jpn_Jpan,412,1,34
jpn_Jpan,412,2,36
jpn_Jpan,412,3,36
jpn_Jpan,412,4,13
jpn_Jpan,412,5,36
jpn_Jpan,412,6,13
jpn_Jpan,412,7,19
jpn_Jpan,412,8,19
jpn_Jpan,412,9,8
jpn_Jpan,412,10,19
jpn_Jpan,412,11,34
jpn_Jpan,412,12,13
jpn_Jpan,412,13,13
jpn_Jpan,412,14,19
jpn_Jpan,412,15,19
jpn_Jpan,412,16,19
jpn_Jpan,412,17,34
jpn_Jpan,413,0,60
jpn_Jpan,413,1,13
jpn_Jpan,413,2,47
jpn_Jpan,413,3,61
jpn_Jpan,413,4,13
jpn_Jpan,413,5,13
jpn_Jpan,413,6,13
jpn_Jpan,413,7,39
jpn_Jpan,413,8,13
jpn_Jpan,413,9,36
jpn_Jpan,413,10,24
jpn_Jpan,413,11,13
jpn_Jpan,413,12,24
jpn_Jpan,413,13,19
jpn_Jpan,413,14,13
jpn_Jpan,413,15,13
jpn_Jpan,413,16,13
jpn_Jpan,413,17,13
jpn_Jpan,413,18,24
jpn_Jpan,413,19,52
jpn_Jpan,413,20,13
jpn_Jpan,413,21,13
jpn_Jpan,413,22,24
jpn_Jpan,413,23,52
jpn_Jpan,413,24,13
jpn_Jpan,413,25,13
jpn_Jpan,413,26,13
jpn_Jpan,413,27,24
jpn_Jpan,413,28,52
jpn_Jpan,413,29,13
jpn_Jpan,413,30,13
jpn_Jpan,413,31,13
jpn_Jpan,413,32,13
jpn_Jpan,413,33,19
jpn_Jpan,413,34,13
jpn_Jpan,413,35,34
jpn_Jpan,413,36,34
jpn_Jpan,413,37,13
jpn_Jpan,413,38,47
jpn_Jpan,413,39,13
jpn_Jpan,413,40,34
jpn_Jpan,414,0,60
jpn_Jpan,414,1,13
jpn_Jpan,414,2,13
jpn_Jpan,414,3,7
jpn_Jpan,414,4,13
jpn_Jpan,414,5,36
jpn_Jpan,414,6,24
jpn_Jpan,414,7,13
jpn_Jpan,414,8,13
jpn_Jpan,414,9,13
jpn_Jpan,414,10,13
jpn_Jpan,414,11,13
jpn_Jpan,414,12,36
jpn_Jpan,414,13,13
jpn_Jpan,414,14,13
jpn_Jpan,414,15,36
jpn_Jpan,414,16,52
jpn_Jpan,414,17,36
jpn_Jpan,414,18,24
jpn_Jpan,414,19,61
jpn_Jpan,414,20,13
jpn_Jpan,414,21,34
jpn_Jpan,414,22,13
jpn_Jpan,414,23,36
jpn_Jpan,414,24,36
jpn_Jpan,415,0,60
jpn_Jpan,415,1,9
jpn_Jpan,415,2,13
jpn_Jpan,415,3,36
jpn_Jpan,415,4,24
jpn_Jpan,415,5,36
jpn_Jpan,415,6,7
jpn_Jpan,415,7,36
jpn_Jpan,415,8,24
jpn_Jpan,415,9,13
jpn_Jpan,415,10,19
jpn_Jpan,415,11,13
jpn_Jpan,415,12,36
jpn_Jpan,415,13,36
jpn_Jpan,415,14,47
jpn_Jpan,415,15,13
jpn_Jpan,415,16,19
jpn_Jpan,415,17,34
jpn_Jpan,415,18,34
jpn_Jpan,415,19,34
jpn_Jpan,416,0,60
jpn_Jpan,416,1,13
jpn_Jpan,416,2,24
jpn_Jpan,416,3,1
jpn_Jpan,416,4,36
jpn_Jpan,416,5,36
jpn_Jpan,416,6,47
jpn_Jpan,416,7,19
jpn_Jpan,416,8,36
jpn_Jpan,416,9,13
jpn_Jpan,416,10,24
jpn_Jpan,416,11,19
jpn_Jpan,416,12,39
jpn_Jpan,416,13,13
jpn_Jpan,416,14,19
jpn_Jpan,416,15,13
jpn_Jpan,416,16,13
jpn_Jpan,416,17,13
jpn_Jpan,416,18,24
jpn_Jpan,416,19,13
jpn_Jpan,416,20,34
jpn_Jpan,416,21,34
jpn_Jpan,416,22,13
jpn_Jpan,416,23,13
jpn_Jpan,416,24,24
jpn_Jpan,416,25,19
jpn_Jpan,416,26,13
jpn_Jpan,416,27,13
jpn_Jpan,416,28,24
jpn_Jpan,416,29,19
jpn_Jpan,416,30,13
jpn_Jpan,416,31,19
jpn_Jpan,416,32,34
jpn_Jpan,416,33,13
jpn_Jpan,416,34,34
jpn_Jpan,417,0,60
jpn_Jpan,417,1,36
jpn_Jpan,417,2,36
jpn_Jpan,417,3,13
jpn_Jpan,417,4,36
jpn_Jpan,417,5,13
jpn_Jpan,417,6,13
jpn_Jpan,417,7,19
jpn_Jpan,417,8,13
jpn_Jpan,417,9,19
jpn_Jpan,417,10,58
jpn_Jpan,417,11,58
jpn_Jpan,417,12,12
jpn_Jpan,417,13,52
jpn_Jpan,417,14,52
jpn_Jpan,417,15,52
jpn_Jpan,417,16,37
jpn_Jpan,417,17,52
jpn_Jpan,417,18,13
jpn_Jpan,417,19,12
jpn_Jpan,417,20,11
jpn_Jpan,417,21,13
jpn_Jpan,417,22,47
jpn_Jpan,417,23,13
jpn_Jpan,417,24,13
jpn_Jpan,417,25,36
jpn_Jpan,417,26,61
jpn_Jpan,417,27,13
jpn_Jpan,417,28,13
jpn_Jpan,417,29,13
jpn_Jpan,417,30,24
jpn_Jpan,417,31,19
jpn_Jpan,417,32,13
jpn_Jpan,417,33,13
jpn_Jpan,417,34,13
jpn_Jpan,417,35,34
jpn_Jpan,417,36,1
jpn_Jpan,417,37,39
jpn_Jpan,417,38,61
jpn_Jpan,417,39,19
jpn_Jpan,417,40,39
jpn_Jpan,417,41,13
jpn_Jpan,417,42,13
jpn_Jpan,417,43,13
jpn_Jpan,417,44,24
jpn_Jpan,417,45,13
jpn_Jpan,417,46,13
jpn_Jpan,417,47,13
jpn_Jpan,417,48,13
jpn_Jpan,418,0,60
jpn_Jpan,418,1,13
jpn_Jpan,418,2,13
jpn_Jpan,418,3,24
jpn_Jpan,418,4,19
jpn_Jpan,418,5,13
jpn_Jpan,418,6,47
jpn_Jpan,418,7,34
jpn_Jpan,418,8,13
jpn_Jpan,418,9,34
jpn_Jpan,418,10,36
jpn_Jpan,418,11,47
jpn_Jpan,418,12,13
jpn_Jpan,418,13,9
jpn_Jpan,418,14,36
jpn_Jpan,418,15,19
jpn_Jpan,418,16,13
jpn_Jpan,418,17,34
jpn_Jpan,419,0,60
jpn_Jpan,419,1,13
jpn_Jpan,419,2,13
jpn_Jpan,419,3,39
jpn_Jpan,419,4,13
jpn_Jpan,419,5,19
jpn_Jpan,419,6,13
jpn_Jpan,419,7,24
jpn_Jpan,419,8,61
jpn_Jpan,419,9,61
jpn_Jpan,419,10,19
jpn_Jpan,419,11,39
jpn_Jpan,419,12,13
jpn_Jpan,419,13,13
jpn_Jpan,419,14,47
jpn_Jpan,419,15,19
jpn_Jpan,419,16,24
jpn_Jpan,419,17,47
jpn_Jpan,419,18,39
jpn_Jpan,419,19,47
jpn_Jpan,419,20,34
jpn_Jpan,419,21,13
jpn_Jpan,419,22,13
jpn_Jpan,419,23,13
jpn_Jpan,419,24,61
jpn_Jpan,419,25,13
jpn_Jpan,419,26,13
jpn_Jpan,419,27,34
jpn_Jpan,420,0,60
jpn_Jpan,420,1,24
jpn_Jpan,420,2,52
jpn_Jpan,420,3,47
jpn_Jpan,420,4,13
jpn_Jpan,420,5,19
jpn_Jpan,420,6,13
jpn_Jpan,420,7,13
jpn_Jpan,420,8,24
jpn_Jpan,420,9,24
jpn_Jpan,420,10,13
jpn_Jpan,420,11,13
jpn_Jpan,420,12,13
jpn_Jpan,420,13,36
jpn_Jpan,420,14,52
jpn_Jpan,420,15,1
jpn_Jpan,420,16,52
jpn_Jpan,420,17,7
jpn_Jpan,420,18,24
jpn_Jpan,420,19,13
jpn_Jpan,420,20,19
jpn_Jpan,420,21,34
jpn_Jpan,421,0,60
jpn_Jpan,421,1,36
jpn_Jpan,421,2,13
jpn_Jpan,421,3,36
jpn_Jpan,421,4,47
jpn_Jpan,421,5,19
jpn_Jpan,421,6,19
jpn_Jpan,421,7,13
jpn_Jpan,421,8,36
jpn_Jpan,421,9,24
jpn_Jpan,421,10,13
jpn_Jpan,421,11,34
jpn_Jpan,421,12,13
jpn_Jpan,421,13,34
jpn_Jpan,422,0,60
jpn_Jpan,422,1,13
jpn_Jpan,422,2,13
jpn_Jpan,422,3,13
jpn_Jpan,422,4,12
jpn_Jpan,422,5,22
jpn_Jpan,422,6,36
jpn_Jpan,422,7,47
jpn_Jpan,422,8,19
jpn_Jpan,422,9,13
jpn_Jpan,422,10,13
jpn_Jpan,422,11,13
jpn_Jpan,422,12,13
jpn_Jpan,422,13,13
jpn_Jpan,422,14,24
jpn_Jpan,422,15,47
jpn_Jpan,422,16,40
jpn_Jpan,422,17,40
jpn_Jpan,422,18,1
jpn_Jpan,422,19,13
jpn_Jpan,422,20,24
jpn_Jpan,422,21,13
jpn_Jpan,422,22,19
jpn_Jpan,422,23,34
jpn_Jpan,422,24,12
jpn_Jpan,422,25,52
jpn_Jpan,422,26,13
jpn_Jpan,422,27,47
jpn_Jpan,422,28,19
jpn_Jpan,422,29,13
jpn_Jpan,422,30,13
jpn_Jpan,422,31,24
jpn_Jpan,422,32,52
jpn_Jpan,422,33,13
jpn_Jpan,422,34,13
jpn_Jpan,422,35,13
jpn_Jpan,422,36,47
jpn_Jpan,422,37,52
jpn_Jpan,423,0,60
jpn_Jpan,423,1,24
jpn_Jpan,423,2,19
jpn_Jpan,423,3,13
jpn_Jpan,423,4,13
jpn_Jpan,423,5,13
jpn_Jpan,423,6,24
jpn_Jpan,423,7,13
jpn_Jpan,423,8,13
jpn_Jpan,423,9,13
jpn_Jpan,423,10,13
jpn_Jpan,423,11,51
jpn_Jpan,423,12,51
jpn_Jpan,424,0,60
jpn_Jpan,424,1,19
jpn_Jpan,424,2,39
jpn_Jpan,424,3,13
jpn_Jpan,424,4,24
jpn_Jpan,424,5,47
jpn_Jpan,424,6,13
jpn_Jpan,424,7,34
jpn_Jpan,424,8,36
jpn_Jpan,424,9,24
jpn_Jpan,424,10,24
jpn_Jpan,424,11,7
jpn_Jpan,424,12,13
jpn_Jpan,424,13,13
jpn_Jpan,424,14,34
jpn_Jpan,424,15,24
jpn_Jpan,424,16,47
jpn_Jpan,424,17,13
jpn_Jpan,424,18,13
jpn_Jpan,424,19,36
jpn_Jpan,424,20,24
jpn_Jpan,424,21,24
jpn_Jpan,424,22,47
jpn_Jpan,424,23,47
jpn_Jpan,424,24,7
jpn_Jpan,424,25,34
jpn_Jpan,425,0,60
jpn_Jpan,425,1,39
jpn_Jpan,425,2,7
jpn_Jpan,425,3,7
jpn_Jpan,426,0,60
jpn_Jpan,426,1,19
jpn_Jpan,426,2,39
jpn_Jpan,426,3,19
jpn_Jpan,426,4,7
jpn_Jpan,426,5,47
jpn_Jpan,426,6,13
jpn_Jpan,426,7,13
jpn_Jpan,426,8,36
jpn_Jpan,426,9,24
jpn_Jpan,426,10,36
jpn_Jpan,426,11,13
jpn_Jpan,426,12,47
jpn_Jpan,426,13,61
jpn_Jpan,426,14,13
jpn_Jpan,426,15,13
jpn_Jpan,426,16,12
jpn_Jpan,426,17,19
jpn_Jpan,426,18,40
jpn_Jpan,426,19,13
jpn_Jpan,426,20,24
jpn_Jpan,426,21,24
jpn_Jpan,426,22,13
jpn_Jpan,426,23,47
jpn_Jpan,426,24,13
jpn_Jpan,426,25,13
jpn_Jpan,426,26,13
jpn_Jpan,426,27,13
jpn_Jpan,426,28,13
jpn_Jpan,426,29,13
jpn_Jpan,426,30,13
jpn_Jpan,426,31,13
jpn_Jpan,426,32,13
jpn_Jpan,426,33,13
jpn_Jpan,426,34,13
jpn_Jpan,426,35,13
jpn_Jpan,426,36,13
jpn_Jpan,426,37,24
jpn_Jpan,426,38,13
jpn_Jpan,426,39,19
jpn_Jpan,426,40,34
jpn_Jpan,426,41,13
jpn_Jpan,426,42,34
jpn_Jpan,427,0,60
jpn_Jpan,427,1,36
jpn_Jpan,427,2,24
jpn_Jpan,427,3,24
jpn_Jpan,427,4,52
jpn_Jpan,427,5,36
jpn_Jpan,427,6,61
jpn_Jpan,427,7,13
jpn_Jpan,427,8,24
jpn_Jpan,427,9,13
jpn_Jpan,427,10,13
jpn_Jpan,427,11,24
jpn_Jpan,427,12,47
jpn_Jpan,427,13,47
jpn_Jpan,427,14,13
jpn_Jpan,427,15,13
jpn_Jpan,427,16,13
jpn_Jpan,427,17,24
jpn_Jpan,427,18,13
jpn_Jpan,427,19,24
jpn_Jpan,427,20,13
jpn_Jpan,427,21,34
jpn_Jpan,428,0,60
jpn_Jpan,428,1,40
jpn_Jpan,428,2,8
jpn_Jpan,428,3,12
jpn_Jpan,428,4,58
jpn_Jpan,428,5,12
jpn_Jpan,428,6,40
jpn_Jpan,428,7,47
jpn_Jpan,428,8,39
jpn_Jpan,429,0,60
jpn_Jpan,429,1,13
jpn_Jpan,429,2,13
jpn_Jpan,429,3,13
jpn_Jpan,429,4,47
jpn_Jpan,429,5,39
jpn_Jpan,429,6,9
jpn_Jpan,429,7,39
jpn_Jpan,429,8,13
jpn_Jpan,429,9,13
jpn_Jpan,429,10,13
jpn_Jpan,429,11,11
jpn_Jpan,429,12,13
jpn_Jpan,429,13,13
jpn_Jpan,429,14,13
jpn_Jpan,429,15,13
jpn_Jpan,429,16,11
jpn_Jpan,429,17,61
jpn_Jpan,429,18,36
jpn_Jpan,429,19,19
jpn_Jpan,429,20,36
jpn_Jpan,429,21,47
jpn_Jpan,429,22,13
jpn_Jpan,429,23,13
jpn_Jpan,429,24,12
jpn_Jpan,429,25,58
jpn_Jpan,429,26,11
jpn_Jpan,429,27,61
jpn_Jpan,430,0,60
jpn_Jpan,430,1,47
jpn_Jpan,430,2,13
jpn_Jpan,430,3,24
jpn_Jpan,430,4,19
jpn_Jpan,430,5,13
jpn_Jpan,430,6,19
jpn_Jpan,430,7,7
jpn_Jpan,430,8,24
jpn_Jpan,430,9,13
jpn_Jpan,430,10,24
jpn_Jpan,430,11,13
jpn_Jpan,430,12,13
jpn_Jpan,431,0,60
jpn_Jpan,431,1,19
jpn_Jpan,431,2,13
jpn_Jpan,431,3,24
jpn_Jpan,431,4,13
jpn_Jpan,431,5,34
jpn_Jpan,431,6,24
jpn_Jpan,431,7,13
jpn_Jpan,431,8,19
jpn_Jpan,431,9,13
jpn_Jpan,431,10,13
jpn_Jpan,431,11,13
jpn_Jpan,431,12,34
jpn_Jpan,431,13,34
jpn_Jpan,432,0,60
jpn_Jpan,432,1,13
jpn_Jpan,432,2,13
jpn_Jpan,432,3,52
jpn_Jpan,432,4,1
jpn_Jpan,432,5,52
jpn_Jpan,432,6,13
jpn_Jpan,432,7,13
jpn_Jpan,432,8,19
jpn_Jpan,432,9,34
jpn_Jpan,432,10,36
jpn_Jpan,432,11,36
jpn_Jpan,432,12,58
jpn_Jpan,432,13,12
jpn_Jpan,432,14,61
jpn_Jpan,433,0,60
jpn_Jpan,433,1,12
jpn_Jpan,433,2,22
jpn_Jpan,433,3,12
jpn_Jpan,433,4,47
jpn_Jpan,433,5,7
jpn_Jpan,433,6,12
jpn_Jpan,433,7,12
jpn_Jpan,433,8,13
jpn_Jpan,433,9,24
jpn_Jpan,433,10,24
jpn_Jpan,433,11,47
jpn_Jpan,433,12,7
jpn_Jpan,433,13,34
jpn_Jpan,434,0,60
jpn_Jpan,434,1,13
jpn_Jpan,434,2,39
jpn_Jpan,434,3,19
jpn_Jpan,434,4,19
jpn_Jpan,434,5,13
jpn_Jpan,434,6,24
jpn_Jpan,434,7,13
jpn_Jpan,434,8,13
jpn_Jpan,434,9,13
jpn_Jpan,434,10,13
jpn_Jpan,434,11,13
jpn_Jpan,434,12,13
jpn_Jpan,434,13,24
jpn_Jpan,435,0,60
jpn_Jpan,435,1,9
jpn_Jpan,435,2,13
jpn_Jpan,435,3,13
jpn_Jpan,435,4,19
jpn_Jpan,435,5,13
jpn_Jpan,435,6,19
jpn_Jpan,435,7,13
jpn_Jpan,435,8,13
jpn_Jpan,435,9,13
jpn_Jpan,435,10,13
jpn_Jpan,435,11,13
jpn_Jpan,435,12,13
jpn_Jpan,435,13,13
jpn_Jpan,435,14,13
jpn_Jpan,435,15,11
jpn_Jpan,435,16,11
jpn_Jpan,435,17,13
jpn_Jpan,435,18,52
jpn_Jpan,435,19,24
jpn_Jpan,435,20,61
jpn_Jpan,435,21,13
jpn_Jpan,435,22,13
jpn_Jpan,435,23,24
jpn_Jpan,435,24,19
jpn_Jpan,435,25,13
jpn_Jpan,435,26,24
jpn_Jpan,435,27,19
jpn_Jpan,435,28,13
jpn_Jpan,435,29,13
jpn_Jpan,435,30,13
jpn_Jpan,435,31,13
jpn_Jpan,435,32,19
jpn_Jpan,435,33,13
jpn_Jpan,436,0,60
jpn_Jpan,436,1,19
jpn_Jpan,436,2,13
jpn_Jpan,436,3,13
jpn_Jpan,436,4,47
jpn_Jpan,436,5,7
jpn_Jpan,436,6,12
jpn_Jpan,436,7,19
jpn_Jpan,436,8,13
jpn_Jpan,436,9,47
jpn_Jpan,436,10,13
jpn_Jpan,436,11,13
jpn_Jpan,436,12,19
jpn_Jpan,436,13,47
jpn_Jpan,436,14,39
jpn_Jpan,436,15,7
jpn_Jpan,436,16,13
jpn_Jpan,436,17,24
jpn_Jpan,436,18,47
jpn_Jpan,436,19,1
jpn_Jpan,436,20,26
jpn_Jpan,436,21,61
jpn_Jpan,436,22,39
jpn_Jpan,436,23,24
jpn_Jpan,436,24,19
jpn_Jpan,436,25,13
jpn_Jpan,436,26,24
jpn_Jpan,436,27,24
jpn_Jpan,436,28,13
jpn_Jpan,436,29,13
jpn_Jpan,436,30,24
jpn_Jpan,436,31,61
jpn_Jpan,436,32,19
jpn_Jpan,436,33,13
jpn_Jpan,436,34,13
jpn_Jpan,437,0,60
jpn_Jpan,437,1,24
jpn_Jpan,437,2,24
jpn_Jpan,437,3,24
jpn_Jpan,437,4,19
jpn_Jpan,437,5,13
jpn_Jpan,437,6,13
jpn_Jpan,437,7,13
jpn_Jpan,437,8,34
jpn_Jpan,437,9,13
jpn_Jpan,437,10,13
jpn_Jpan,437,11,29
jpn_Jpan,437,12,13
jpn_Jpan,437,13,19
jpn_Jpan,437,14,13
jpn_Jpan,437,15,24
jpn_Jpan,437,16,13
jpn_Jpan,437,17,13
jpn_Jpan,437,18,34
jpn_Jpan,437,19,24
jpn_Jpan,437,20,13
jpn_Jpan,437,21,24
jpn_Jpan,437,22,47
jpn_Jpan,437,23,19
jpn_Jpan,437,24,13
jpn_Jpan,437,25,24
jpn_Jpan,437,26,61
jpn_Jpan,437,27,19
jpn_Jpan,437,28,13
jpn_Jpan,437,29,13
jpn_Jpan,437,30,24
jpn_Jpan,437,31,13
jpn_Jpan,437,32,13
jpn_Jpan,437,33,24
jpn_Jpan,437,34,13
jpn_Jpan,437,35,13
jpn_Jpan,437,36,24
jpn_Jpan,437,37,34
jpn_Jpan,437,38,13
jpn_Jpan,437,39,34
jpn_Jpan,437,40,51
jpn_Jpan,438,0,60
jpn_Jpan,438,1,13
jpn_Jpan,438,2,24
jpn_Jpan,438,3,24
jpn_Jpan,438,4,13
jpn_Jpan,438,5,13
jpn_Jpan,438,6,13
jpn_Jpan,438,7,47
jpn_Jpan,438,8,13
jpn_Jpan,438,9,13
jpn_Jpan,438,10,24
jpn_Jpan,438,11,13
jpn_Jpan,438,12,19
jpn_Jpan,438,13,13
jpn_Jpan,438,14,13
jpn_Jpan,438,15,34
jpn_Jpan,439,0,60
jpn_Jpan,439,1,19
jpn_Jpan,439,2,47
jpn_Jpan,439,3,13
jpn_Jpan,439,4,36
jpn_Jpan,439,5,47
jpn_Jpan,439,6,36
jpn_Jpan,439,7,36
jpn_Jpan,439,8,61
jpn_Jpan,439,9,13
jpn_Jpan,439,10,13
jpn_Jpan,439,11,13
jpn_Jpan,439,12,13
jpn_Jpan,439,13,24
jpn_Jpan,439,14,19
jpn_Jpan,439,15,13
jpn_Jpan,439,16,13
jpn_Jpan,439,17,13
jpn_Jpan,439,18,13
jpn_Jpan,439,19,47
jpn_Jpan,439,20,13
jpn_Jpan,439,21,47
jpn_Jpan,439,22,19
jpn_Jpan,439,23,13
jpn_Jpan,439,24,24
jpn_Jpan,439,25,19
jpn_Jpan,439,26,13
jpn_Jpan,439,27,13
jpn_Jpan,439,28,13
jpn_Jpan,439,29,24
jpn_Jpan,439,30,19
jpn_Jpan,439,31,13
jpn_Jpan,439,32,13
jpn_Jpan,440,0,60
jpn_Jpan,440,1,24
jpn_Jpan,440,2,24
jpn_Jpan,440,3,13
jpn_Jpan,440,4,13
jpn_Jpan,440,5,13
jpn_Jpan,440,6,36
jpn_Jpan,440,7,36
jpn_Jpan,440,8,36
jpn_Jpan,440,9,36
jpn_Jpan,440,10,13
jpn_Jpan,440,11,24
jpn_Jpan,440,12,13
jpn_Jpan,440,13,36
jpn_Jpan,440,14,24
jpn_Jpan,440,15,36
jpn_Jpan,440,16,36
jpn_Jpan,440,17,36
jpn_Jpan,440,18,24
jpn_Jpan,440,19,13
jpn_Jpan,440,20,13
jpn_Jpan,440,21,36
jpn_Jpan,440,22,13
jpn_Jpan,440,23,19
jpn_Jpan,440,24,13
jpn_Jpan,440,25,13
jpn_Jpan,440,26,34
jpn_Jpan,440,27,36
jpn_Jpan,441,0,60
jpn_Jpan,441,1,13
jpn_Jpan,441,2,34
jpn_Jpan,441,3,13
jpn_Jpan,441,4,36
jpn_Jpan,441,5,24
jpn_Jpan,441,6,1
jpn_Jpan,441,7,13
jpn_Jpan,441,8,19
jpn_Jpan,441,9,39
jpn_Jpan,441,10,13
jpn_Jpan,441,11,61
jpn_Jpan,441,12,61
jpn_Jpan,441,13,13
jpn_Jpan,441,14,13
jpn_Jpan,441,15,24
jpn_Jpan,441,16,19
jpn_Jpan,441,17,13
jpn_Jpan,441,18,13
jpn_Jpan,441,19,13
jpn_Jpan,441,20,13
jpn_Jpan,441,21,19
jpn_Jpan,441,22,19
jpn_Jpan,441,23,13
jpn_Jpan,441,24,36
jpn_Jpan,441,25,13
jpn_Jpan,441,26,13
jpn_Jpan,441,27,24
jpn_Jpan,441,28,24
jpn_Jpan,441,29,61
jpn_Jpan,441,30,13
jpn_Jpan,441,31,19
jpn_Jpan,441,32,13
jpn_Jpan,441,33,61
jpn_Jpan,441,34,13
jpn_Jpan,441,35,24
jpn_Jpan,441,36,13
jpn_Jpan,441,37,34
jpn_Jpan,441,38,34
jpn_Jpan,441,39,13
jpn_Jpan,441,40,24
jpn_Jpan,441,41,19
jpn_Jpan,441,42,13
jpn_Jpan,441,43,34
jpn_Jpan,442,0,60
jpn_Jpan,442,1,39
jpn_Jpan,442,2,24
jpn_Jpan,442,3,13
jpn_Jpan,442,4,13
jpn_Jpan,442,5,24
jpn_Jpan,442,6,19
jpn_Jpan,442,7,36
jpn_Jpan,442,8,13
jpn_Jpan,442,9,13
jpn_Jpan,442,10,13
jpn_Jpan,442,11,34
jpn_Jpan,442,12,24
jpn_Jpan,442,13,24
jpn_Jpan,442,14,13
jpn_Jpan,442,15,24
jpn_Jpan,442,16,24
jpn_Jpan,442,17,19
jpn_Jpan,442,18,13
jpn_Jpan,442,19,13
jpn_Jpan,442,20,19
jpn_Jpan,442,21,13
jpn_Jpan,442,22,13
jpn_Jpan,442,23,13
jpn_Jpan,442,24,13
jpn_Jpan,442,25,19
jpn_Jpan,442,26,13
jpn_Jpan,442,27,34
jpn_Jpan,442,28,51
jpn_Jpan,443,0,60
jpn_Jpan,443,1,13
jpn_Jpan,443,2,13
jpn_Jpan,443,3,13
jpn_Jpan,443,4,13
jpn_Jpan,443,5,61
jpn_Jpan,443,6,39
jpn_Jpan,443,7,13
jpn_Jpan,443,8,24
jpn_Jpan,443,9,19
jpn_Jpan,443,10,13
jpn_Jpan,443,11,13
jpn_Jpan,443,12,13
jpn_Jpan,443,13,24
jpn_Jpan,443,14,24
jpn_Jpan,443,15,19
jpn_Jpan,443,16,13
jpn_Jpan,443,17,19
jpn_Jpan,443,18,13
jpn_Jpan,443,19,13
jpn_Jpan,443,20,13
jpn_Jpan,443,21,24
jpn_Jpan,443,22,47
jpn_Jpan,443,23,13
jpn_Jpan,443,24,19
jpn_Jpan,443,25,7
jpn_Jpan,443,26,13
jpn_Jpan,443,27,13
jpn_Jpan,443,28,34
jpn_Jpan,444,0,60
jpn_Jpan,444,1,19
jpn_Jpan,444,2,24
jpn_Jpan,444,3,13
jpn_Jpan,444,4,13
jpn_Jpan,444,5,13
jpn_Jpan,444,6,11
jpn_Jpan,444,7,13
jpn_Jpan,444,8,47
jpn_Jpan,444,9,39
jpn_Jpan,444,10,13
jpn_Jpan,444,11,39
jpn_Jpan,444,12,61
jpn_Jpan,444,13,39
jpn_Jpan,444,14,61
jpn_Jpan,444,15,19
jpn_Jpan,444,16,13
jpn_Jpan,444,17,39
jpn_Jpan,444,18,13
jpn_Jpan,444,19,24
jpn_Jpan,444,20,19
jpn_Jpan,444,21,13
jpn_Jpan,444,22,13
jpn_Jpan,444,23,47
jpn_Jpan,444,24,19
jpn_Jpan,444,25,19
jpn_Jpan,444,26,13
jpn_Jpan,444,27,24
jpn_Jpan,444,28,19
jpn_Jpan,444,29,13
jpn_Jpan,444,30,34
jpn_Jpan,444,31,51
jpn_Jpan,444,32,13
jpn_Jpan,444,33,36
jpn_Jpan,444,34,9
jpn_Jpan,444,35,52
jpn_Jpan,444,36,1
jpn_Jpan,444,37,52
jpn_Jpan,444,38,13
jpn_Jpan,444,39,13
jpn_Jpan,444,40,24
jpn_Jpan,444,41,24
jpn_Jpan,444,42,47
jpn_Jpan,444,43,34
jpn_Jpan,444,44,34
jpn_Jpan,445,0,60
jpn_Jpan,445,1,19
jpn_Jpan,445,2,13
jpn_Jpan,445,3,52
jpn_Jpan,445,4,47
jpn_Jpan,445,5,13
jpn_Jpan,445,6,24
jpn_Jpan,445,7,47
jpn_Jpan,445,8,13
jpn_Jpan,445,9,13
jpn_Jpan,445,10,13
jpn_Jpan,445,11,19
jpn_Jpan,445,12,13
jpn_Jpan,445,13,24
jpn_Jpan,445,14,13
jpn_Jpan,445,15,19
jpn_Jpan,445,16,13
jpn_Jpan,445,17,13
jpn_Jpan,445,18,24
jpn_Jpan,445,19,19
jpn_Jpan,445,20,13
jpn_Jpan,445,21,34
jpn_Jpan,445,22,24
jpn_Jpan,445,23,13
jpn_Jpan,445,24,34
jpn_Jpan,446,0,60
jpn_Jpan,446,1,13
jpn_Jpan,446,2,13
jpn_Jpan,446,3,13
jpn_Jpan,446,4,13
jpn_Jpan,446,5,24
jpn_Jpan,446,6,19
jpn_Jpan,446,7,13
jpn_Jpan,446,8,19
jpn_Jpan,446,9,13
jpn_Jpan,446,10,24
jpn_Jpan,446,11,13
jpn_Jpan,446,12,34
jpn_Jpan,447,0,60
jpn_Jpan,447,1,12
jpn_Jpan,447,2,7
jpn_Jpan,447,3,12
jpn_Jpan,447,4,7
jpn_Jpan,447,5,12
jpn_Jpan,447,6,58
jpn_Jpan,448,0,60
jpn_Jpan,448,1,13
jpn_Jpan,448,2,1
jpn_Jpan,448,3,13
jpn_Jpan,448,4,13
jpn_Jpan,448,5,12
jpn_Jpan,448,6,47
jpn_Jpan,448,7,39
jpn_Jpan,448,8,39
jpn_Jpan,448,9,13
jpn_Jpan,448,10,13
jpn_Jpan,448,11,39
jpn_Jpan,448,12,13
jpn_Jpan,448,13,24
jpn_Jpan,448,14,13
jpn_Jpan,448,15,13
jpn_Jpan,448,16,13
jpn_Jpan,448,17,24
jpn_Jpan,448,18,13
jpn_Jpan,448,19,34
jpn_Jpan,448,20,24
jpn_Jpan,448,21,24
jpn_Jpan,448,22,13
jpn_Jpan,448,23,19
jpn_Jpan,448,24,13
jpn_Jpan,448,25,47
jpn_Jpan,448,26,47
jpn_Jpan,448,27,1
jpn_Jpan,448,28,13
jpn_Jpan,448,29,1
jpn_Jpan,448,30,13
jpn_Jpan,448,31,47
jpn_Jpan,448,32,13
jpn_Jpan,448,33,24
jpn_Jpan,448,34,13
jpn_Jpan,448,35,24
jpn_Jpan,448,36,19
jpn_Jpan,448,37,13
jpn_Jpan,448,38,34
jpn_Jpan,449,0,60
jpn_Jpan,449,1,13
jpn_Jpan,449,2,13
jpn_Jpan,449,3,24
jpn_Jpan,449,4,13
jpn_Jpan,449,5,13
jpn_Jpan,449,6,13
jpn_Jpan,449,7,39
jpn_Jpan,449,8,34
jpn_Jpan,450,0,60
jpn_Jpan,450,1,61
jpn_Jpan,450,2,8
jpn_Jpan,451,0,60
jpn_Jpan,451,1,13
jpn_Jpan,451,2,13
jpn_Jpan,451,3,13
jpn_Jpan,451,4,12
jpn_Jpan,451,5,13
jpn_Jpan,451,6,13
jpn_Jpan,451,7,47
jpn_Jpan,451,8,13
jpn_Jpan,451,9,13
jpn_Jpan,451,10,13
jpn_Jpan,451,11,24
jpn_Jpan,451,12,19
jpn_Jpan,451,13,13
jpn_Jpan,451,14,36
jpn_Jpan,451,15,13
jpn_Jpan,451,16,13
jpn_Jpan,451,17,24
jpn_Jpan,451,18,13
jpn_Jpan,451,19,13
jpn_Jpan,451,20,13
jpn_Jpan,451,21,13
jpn_Jpan,451,22,13
jpn_Jpan,451,23,13
jpn_Jpan,451,24,13
jpn_Jpan,451,25,24
jpn_Jpan,451,26,24
jpn_Jpan,451,27,19
jpn_Jpan,451,28,13
jpn_Jpan,451,29,19
jpn_Jpan,451,30,13
jpn_Jpan,451,31,13
jpn_Jpan,451,32,24
jpn_Jpan,451,33,13
jpn_Jpan,451,34,13
jpn_Jpan,451,35,13
jpn_Jpan,451,36,13
jpn_Jpan,451,37,13
jpn_Jpan,451,38,13
jpn_Jpan,451,39,51
jpn_Jpan,451,40,51
jpn_Jpan,451,41,51
jpn_Jpan,452,0,60
jpn_Jpan,452,1,19
jpn_Jpan,452,2,13
jpn_Jpan,452,3,24
jpn_Jpan,452,4,19
jpn_Jpan,452,5,13
jpn_Jpan,452,6,13
jpn_Jpan,452,7,13
jpn_Jpan,452,8,19
jpn_Jpan,452,9,13
jpn_Jpan,452,10,7
jpn_Jpan,452,11,13
jpn_Jpan,452,12,13
jpn_Jpan,452,13,13
jpn_Jpan,452,14,13
jpn_Jpan,452,15,13
jpn_Jpan,452,16,24
jpn_Jpan,452,17,24
jpn_Jpan,452,18,13
jpn_Jpan,452,19,47
jpn_Jpan,452,20,19
jpn_Jpan,452,21,39
jpn_Jpan,452,22,19
jpn_Jpan,452,23,39
jpn_Jpan,452,24,26
jpn_Jpan,452,25,47
jpn_Jpan,452,26,13
jpn_Jpan,452,27,13
jpn_Jpan,452,28,24
jpn_Jpan,452,29,52
jpn_Jpan,452,30,24
jpn_Jpan,452,31,13
jpn_Jpan,452,32,13
jpn_Jpan,452,33,24
jpn_Jpan,452,34,47
jpn_Jpan,452,35,13
jpn_Jpan,452,36,13
jpn_Jpan,452,37,13
jpn_Jpan,452,38,13
jpn_Jpan,452,39,13
jpn_Jpan,452,40,51
jpn_Jpan,453,0,60
jpn_Jpan,453,1,60
jpn_Jpan,453,2,13
jpn_Jpan,453,3,13
jpn_Jpan,453,4,24
jpn_Jpan,453,5,36
jpn_Jpan,453,6,47
jpn_Jpan,453,7,13
jpn_Jpan,453,8,24
jpn_Jpan,453,9,36
jpn_Jpan,453,10,47
jpn_Jpan,453,11,13
jpn_Jpan,453,12,13
jpn_Jpan,453,13,36
jpn_Jpan,453,14,52
jpn_Jpan,453,15,1
jpn_Jpan,453,16,52
jpn_Jpan,453,17,19
jpn_Jpan,453,18,7
jpn_Jpan,453,19,24
jpn_Jpan,453,20,47
jpn_Jpan,453,21,24
jpn_Jpan,453,22,34
jpn_Jpan,454,0,60
jpn_Jpan,454,1,13
jpn_Jpan,454,2,19
jpn_Jpan,454,3,13
jpn_Jpan,454,4,36
jpn_Jpan,454,5,36
jpn_Jpan,454,6,52
jpn_Jpan,454,7,61
jpn_Jpan,454,8,13
jpn_Jpan,454,9,13
jpn_Jpan,454,10,13
jpn_Jpan,454,11,24
jpn_Jpan,454,12,13
jpn_Jpan,454,13,19
jpn_Jpan,454,14,13
jpn_Jpan,454,15,13
jpn_Jpan,454,16,13
jpn_Jpan,454,17,13
jpn_Jpan,454,18,36
jpn_Jpan,454,19,19
jpn_Jpan,454,20,36
jpn_Jpan,454,21,19
jpn_Jpan,454,22,13
jpn_Jpan,454,23,39
jpn_Jpan,454,24,13
jpn_Jpan,454,25,13
jpn_Jpan,454,26,13
jpn_Jpan,454,27,24
jpn_Jpan,454,28,19
jpn_Jpan,454,29,13
jpn_Jpan,454,30,34
jpn_Jpan,455,0,60
jpn_Jpan,455,1,13
jpn_Jpan,455,2,13
jpn_Jpan,455,3,51
jpn_Jpan,455,4,13
jpn_Jpan,455,5,61
jpn_Jpan,455,6,13
jpn_Jpan,455,7,13
jpn_Jpan,455,8,34
jpn_Jpan,455,9,13
jpn_Jpan,455,10,19
jpn_Jpan,455,11,13
jpn_Jpan,455,12,13
jpn_Jpan,455,13,13
jpn_Jpan,455,14,34
jpn_Jpan,455,15,13
jpn_Jpan,455,16,51
jpn_Jpan,456,0,60
jpn_Jpan,456,1,13
jpn_Jpan,456,2,13
jpn_Jpan,456,3,24
jpn_Jpan,456,4,13
jpn_Jpan,456,5,19
jpn_Jpan,456,6,39
jpn_Jpan,456,7,13
jpn_Jpan,456,8,13
jpn_Jpan,456,9,24
jpn_Jpan,456,10,24
jpn_Jpan,456,11,13
jpn_Jpan,456,12,13
jpn_Jpan,456,13,19
jpn_Jpan,456,14,13
jpn_Jpan,456,15,19
jpn_Jpan,456,16,13
jpn_Jpan,456,17,13
jpn_Jpan,456,18,13
jpn_Jpan,456,19,19
jpn_Jpan,456,20,24
jpn_Jpan,456,21,47
jpn_Jpan,456,22,19
jpn_Jpan,456,23,13
jpn_Jpan,456,24,19
jpn_Jpan,456,25,13
jpn_Jpan,457,0,60
jpn_Jpan,457,1,13
jpn_Jpan,457,2,13
jpn_Jpan,457,3,19
jpn_Jpan,457,4,13
jpn_Jpan,457,5,61
jpn_Jpan,457,6,13
jpn_Jpan,457,7,47
jpn_Jpan,457,8,19
jpn_Jpan,457,9,13
jpn_Jpan,457,10,19
jpn_Jpan,457,11,24
jpn_Jpan,457,12,19
jpn_Jpan,457,13,13
jpn_Jpan,457,14,19
jpn_Jpan,457,15,13
jpn_Jpan,457,16,1
jpn_Jpan,457,17,13
jpn_Jpan,457,18,24
jpn_Jpan,457,19,13
jpn_Jpan,457,20,13
jpn_Jpan,457,21,19
jpn_Jpan,457,22,13
jpn_Jpan,457,23,39
jpn_Jpan,457,24,13
jpn_Jpan,457,25,13
jpn_Jpan,457,26,24
jpn_Jpan,457,27,13
jpn_Jpan,457,28,13
jpn_Jpan,457,29,24
jpn_Jpan,457,30,13
jpn_Jpan,457,31,34
jpn_Jpan,458,0,60
jpn_Jpan,458,1,24
jpn_Jpan,458,2,19
jpn_Jpan,458,3,13
jpn_Jpan,458,4,34
jpn_Jpan,458,5,13
jpn_Jpan,458,6,13
jpn_Jpan,458,7,24
jpn_Jpan,458,8,13
jpn_Jpan,458,9,13
jpn_Jpan,458,10,39
jpn_Jpan,458,11,19
jpn_Jpan,458,12,13
jpn_Jpan,458,13,13
jpn_Jpan,458,14,24
jpn_Jpan,458,15,13
jpn_Jpan,458,16,13
jpn_Jpan,458,17,34
jpn_Jpan,458,18,13
jpn_Jpan,458,19,13
jpn_Jpan,458,20,36
jpn_Jpan,458,21,24
jpn_Jpan,458,22,13
jpn_Jpan,458,23,13
jpn_Jpan,458,24,13
jpn_Jpan,458,25,13
jpn_Jpan,458,26,47
jpn_Jpan,458,27,19
jpn_Jpan,458,28,13
jpn_Jpan,458,29,13
jpn_Jpan,458,30,13
jpn_Jpan,458,31,13
jpn_Jpan,458,32,34
jpn_Jpan,458,33,13
jpn_Jpan,458,34,47
jpn_Jpan,458,35,13
jpn_Jpan,458,36,34
jpn_Jpan,458,37,34
jpn_Jpan,459,0,60
jpn_Jpan,459,1,24
jpn_Jpan,459,2,24
jpn_Jpan,459,3,52
jpn_Jpan,459,4,13
jpn_Jpan,459,5,24
jpn_Jpan,459,6,47
jpn_Jpan,459,7,19
jpn_Jpan,459,8,13
jpn_Jpan,459,9,13
jpn_Jpan,459,10,19
jpn_Jpan,459,11,13
jpn_Jpan,459,12,13
jpn_Jpan,459,13,24
jpn_Jpan,459,14,52
jpn_Jpan,459,15,19
jpn_Jpan,459,16,13
jpn_Jpan,459,17,13
jpn_Jpan,460,0,60
jpn_Jpan,460,1,61
jpn_Jpan,460,2,13
jpn_Jpan,460,3,24
jpn_Jpan,460,4,61
jpn_Jpan,460,5,13
jpn_Jpan,460,6,13
jpn_Jpan,460,7,13
jpn_Jpan,460,8,47
jpn_Jpan,460,9,13
jpn_Jpan,460,10,19
jpn_Jpan,460,11,13
jpn_Jpan,460,12,13
jpn_Jpan,460,13,13
jpn_Jpan,460,14,13
jpn_Jpan,460,15,13
jpn_Jpan,460,16,13
jpn_Jpan,460,17,24
jpn_Jpan,460,18,19
jpn_Jpan,460,19,13
jpn_Jpan,460,20,19
jpn_Jpan,460,21,13
jpn_Jpan,460,22,13
jpn_Jpan,460,23,24
jpn_Jpan,460,24,58
jpn_Jpan,460,25,12
jpn_Jpan,460,26,47
jpn_Jpan,460,27,40
jpn_Jpan,461,0,60
jpn_Jpan,461,1,13
jpn_Jpan,461,2,47
jpn_Jpan,461,3,39
jpn_Jpan,461,4,61
jpn_Jpan,461,5,8
jpn_Jpan,461,6,26
jpn_Jpan,461,7,19
jpn_Jpan,461,8,39
jpn_Jpan,461,9,24
jpn_Jpan,461,10,61
jpn_Jpan,461,11,13
jpn_Jpan,461,12,61
jpn_Jpan,461,13,13
jpn_Jpan,461,14,13
jpn_Jpan,461,15,13
jpn_Jpan,461,16,13
jpn_Jpan,461,17,13
jpn_Jpan,461,18,13
jpn_Jpan,461,19,47
jpn_Jpan,461,20,19
jpn_Jpan,461,21,39
jpn_Jpan,461,22,13
jpn_Jpan,461,23,13
jpn_Jpan,461,24,24
jpn_Jpan,461,25,19
jpn_Jpan,461,26,13
jpn_Jpan,461,27,34
jpn_Jpan,461,28,24
jpn_Jpan,461,29,24
jpn_Jpan,461,30,13
jpn_Jpan,461,31,13
jpn_Jpan,461,32,47
jpn_Jpan,461,33,47
jpn_Jpan,461,34,13
jpn_Jpan,461,35,13
jpn_Jpan,461,36,13
jpn_Jpan,461,37,13
jpn_Jpan,461,38,13
jpn_Jpan,461,39,13
jpn_Jpan,461,40,51
jpn_Jpan,462,0,60
jpn_Jpan,462,1,13
jpn_Jpan,462,2,13
jpn_Jpan,462,3,39
jpn_Jpan,462,4,47
jpn_Jpan,462,5,13
jpn_Jpan,462,6,24
jpn_Jpan,462,7,47
jpn_Jpan,462,8,19
jpn_Jpan,462,9,19
jpn_Jpan,462,10,39
jpn_Jpan,462,11,47
jpn_Jpan,462,12,47
jpn_Jpan,462,13,13
jpn_Jpan,462,14,61
jpn_Jpan,462,15,19
jpn_Jpan,462,16,19
jpn_Jpan,462,17,39
jpn_Jpan,462,18,13
jpn_Jpan,462,19,19
jpn_Jpan,462,20,13
jpn_Jpan,462,21,42
jpn_Jpan,462,22,24
jpn_Jpan,462,23,13
jpn_Jpan,462,24,13
jpn_Jpan,462,25,13
jpn_Jpan,462,26,24
jpn_Jpan,462,27,13
jpn_Jpan,462,28,13
jpn_Jpan,462,29,34
jpn_Jpan,462,30,13
jpn_Jpan,462,31,51
jpn_Jpan,462,32,9
jpn_Jpan,462,33,13
jpn_Jpan,462,34,24
jpn_Jpan,462,35,9
jpn_Jpan,462,36,19
jpn_Jpan,462,37,13
jpn_Jpan,462,38,13
jpn_Jpan,462,39,13
jpn_Jpan,462,40,13
jpn_Jpan,462,41,13
jpn_Jpan,462,42,12
jpn_Jpan,462,43,13
jpn_Jpan,462,44,13
jpn_Jpan,462,45,61
jpn_Jpan,462,46,61
jpn_Jpan,462,47,13
jpn_Jpan,463,0,60
jpn_Jpan,463,1,13
jpn_Jpan,463,2,36
jpn_Jpan,463,3,24
jpn_Jpan,463,4,13
jpn_Jpan,463,5,61
jpn_Jpan,463,6,13
jpn_Jpan,463,7,26
jpn_Jpan,463,8,19
jpn_Jpan,463,9,8
jpn_Jpan,463,10,24
jpn_Jpan,463,11,13
jpn_Jpan,463,12,61
jpn_Jpan,463,13,52
jpn_Jpan,463,14,47
jpn_Jpan,463,15,19
jpn_Jpan,463,16,7
jpn_Jpan,463,17,13
jpn_Jpan,463,18,13
jpn_Jpan,463,19,24
jpn_Jpan,463,20,13
jpn_Jpan,463,21,13
jpn_Jpan,463,22,34
jpn_Jpan,463,23,13
jpn_Jpan,463,24,51
jpn_Jpan,463,25,51
jpn_Jpan,464,0,60
jpn_Jpan,464,1,36
jpn_Jpan,464,2,19
jpn_Jpan,464,3,36
jpn_Jpan,464,4,13
jpn_Jpan,464,5,24
jpn_Jpan,464,6,19
jpn_Jpan,464,7,13
jpn_Jpan,464,8,19
jpn_Jpan,464,9,24
jpn_Jpan,464,10,26
jpn_Jpan,464,11,19
jpn_Jpan,464,12,13
jpn_Jpan,464,13,47
jpn_Jpan,464,14,36
jpn_Jpan,464,15,19
jpn_Jpan,464,16,13
jpn_Jpan,464,17,13
jpn_Jpan,464,18,36
jpn_Jpan,464,19,26
jpn_Jpan,464,20,49
jpn_Jpan,464,21,2
jpn_Jpan,464,22,26
jpn_Jpan,464,23,40
jpn_Jpan,464,24,9
jpn_Jpan,464,25,16
jpn_Jpan,464,26,12
jpn_Jpan,464,27,27
jpn_Jpan,464,28,49
jpn_Jpan,464,29,12
jpn_Jpan,464,30,47
jpn_Jpan,465,0,60
jpn_Jpan,465,1,24
jpn_Jpan,465,2,13
jpn_Jpan,465,3,61
jpn_Jpan,465,4,34
jpn_Jpan,465,5,34
jpn_Jpan,465,6,28
jpn_Jpan,465,7,13
jpn_Jpan,465,8,13
jpn_Jpan,465,9,36
jpn_Jpan,465,10,13
jpn_Jpan,465,11,19
jpn_Jpan,465,12,13
jpn_Jpan,465,13,24
jpn_Jpan,465,14,40
jpn_Jpan,465,15,7
jpn_Jpan,465,16,7
jpn_Jpan,465,17,24
jpn_Jpan,465,18,24
jpn_Jpan,465,19,1
jpn_Jpan,465,20,24
jpn_Jpan,465,21,36
jpn_Jpan,465,22,47
jpn_Jpan,465,23,13
jpn_Jpan,465,24,13
jpn_Jpan,465,25,39
jpn_Jpan,465,26,36
jpn_Jpan,465,27,36
jpn_Jpan,465,28,13
jpn_Jpan,465,29,34
jpn_Jpan,465,30,13
jpn_Jpan,465,31,34
jpn_Jpan,466,0,60
jpn_Jpan,466,1,13
jpn_Jpan,466,2,24
jpn_Jpan,466,3,19
jpn_Jpan,466,4,13
jpn_Jpan,466,5,19
jpn_Jpan,466,6,36
jpn_Jpan,466,7,19
jpn_Jpan,466,8,47
jpn_Jpan,466,9,39
jpn_Jpan,466,10,39
jpn_Jpan,466,11,19
jpn_Jpan,466,12,13
jpn_Jpan,466,13,24
jpn_Jpan,466,14,61
jpn_Jpan,466,15,19
jpn_Jpan,466,16,19
jpn_Jpan,466,17,13
jpn_Jpan,466,18,39
jpn_Jpan,466,19,13
jpn_Jpan,466,20,39
jpn_Jpan,466,21,36
jpn_Jpan,466,22,24
jpn_Jpan,466,23,19
jpn_Jpan,466,24,13
jpn_Jpan,466,25,34
jpn_Jpan,467,0,60
jpn_Jpan,467,1,34
jpn_Jpan,467,2,13
jpn_Jpan,467,3,36
jpn_Jpan,467,4,47
jpn_Jpan,467,5,13
jpn_Jpan,467,6,13
jpn_Jpan,467,7,36
jpn_Jpan,467,8,24
jpn_Jpan,467,9,13
jpn_Jpan,467,10,36
jpn_Jpan,467,11,13
jpn_Jpan,467,12,13
jpn_Jpan,467,13,13
jpn_Jpan,467,14,24
jpn_Jpan,467,15,13
jpn_Jpan,467,16,13
jpn_Jpan,467,17,13
jpn_Jpan,467,18,47
jpn_Jpan,467,19,39
jpn_Jpan,467,20,13
jpn_Jpan,467,21,39
jpn_Jpan,467,22,13
jpn_Jpan,467,23,13
jpn_Jpan,467,24,51
jpn_Jpan,467,25,51
jpn_Jpan,467,26,34
jpn_Jpan,467,27,13
jpn_Jpan,467,28,19
jpn_Jpan,467,29,13
jpn_Jpan,467,30,13
jpn_Jpan,467,31,13
jpn_Jpan,467,32,13
jpn_Jpan,467,33,51
jpn_Jpan,467,34,13
jpn_Jpan,467,35,51
jpn_Jpan,468,0,60
jpn_Jpan,468,1,19
jpn_Jpan,468,2,13
jpn_Jpan,468,3,39
jpn_Jpan,468,4,13
jpn_Jpan,468,5,39
jpn_Jpan,468,6,47
jpn_Jpan,468,7,13
jpn_Jpan,468,8,13
jpn_Jpan,468,9,13
jpn_Jpan,468,10,24
jpn_Jpan,468,11,19
jpn_Jpan,468,12,13
jpn_Jpan,468,13,13
jpn_Jpan,468,14,24
jpn_Jpan,468,15,19
jpn_Jpan,468,16,13
jpn_Jpan,468,17,7
jpn_Jpan,468,18,9
jpn_Jpan,468,19,22
jpn_Jpan,469,0,60
jpn_Jpan,469,1,60
jpn_Jpan,469,2,36
jpn_Jpan,469,3,1
jpn_Jpan,469,4,19
jpn_Jpan,469,5,47
jpn_Jpan,469,6,13
jpn_Jpan,469,7,61
jpn_Jpan,469,8,13
jpn_Jpan,469,9,36
jpn_Jpan,469,10,19
jpn_Jpan,469,11,13
jpn_Jpan,469,12,19
jpn_Jpan,469,13,34
jpn_Jpan,469,14,13
jpn_Jpan,469,15,34
jpn_Jpan,469,16,13
jpn_Jpan,469,17,13
jpn_Jpan,469,18,13
jpn_Jpan,469,19,19
jpn_Jpan,469,20,47
jpn_Jpan,469,21,36
jpn_Jpan,469,22,24
jpn_Jpan,469,23,19
jpn_Jpan,469,24,40
jpn_Jpan,469,25,19
jpn_Jpan,469,26,19
jpn_Jpan,469,27,13
jpn_Jpan,469,28,28
jpn_Jpan,469,29,13
jpn_Jpan,469,30,36
jpn_Jpan,469,31,34
jpn_Jpan,470,0,60
jpn_Jpan,470,1,13
jpn_Jpan,470,2,7
jpn_Jpan,470,3,13
jpn_Jpan,470,4,13
jpn_Jpan,470,5,39
jpn_Jpan,470,6,13
jpn_Jpan,470,7,24
jpn_Jpan,470,8,13
jpn_Jpan,470,9,13
jpn_Jpan,470,10,9
jpn_Jpan,470,11,13
jpn_Jpan,470,12,9
jpn_Jpan,471,0,60
jpn_Jpan,471,1,1
jpn_Jpan,471,2,24
jpn_Jpan,471,3,47
jpn_Jpan,471,4,19
jpn_Jpan,471,5,49
jpn_Jpan,471,6,24
jpn_Jpan,471,7,13
jpn_Jpan,471,8,13
jpn_Jpan,471,9,24
jpn_Jpan,471,10,12
jpn_Jpan,471,11,26
jpn_Jpan,471,12,40
jpn_Jpan,471,13,7
jpn_Jpan,471,14,60
jpn_Jpan,471,15,47
jpn_Jpan,471,16,7
jpn_Jpan,471,17,13
jpn_Jpan,472,0,60
jpn_Jpan,472,1,13
jpn_Jpan,472,2,24
jpn_Jpan,472,3,13
jpn_Jpan,472,4,13
jpn_Jpan,472,5,24
jpn_Jpan,472,6,13
jpn_Jpan,472,7,61
jpn_Jpan,472,8,13
jpn_Jpan,472,9,24
jpn_Jpan,472,10,13
jpn_Jpan,472,11,24
jpn_Jpan,472,12,13
jpn_Jpan,472,13,9
jpn_Jpan,472,14,13
jpn_Jpan,472,15,24
jpn_Jpan,472,16,13
jpn_Jpan,472,17,47
jpn_Jpan,472,18,13
jpn_Jpan,472,19,13
jpn_Jpan,472,20,51
jpn_Jpan,472,21,13
jpn_Jpan,472,22,13
jpn_Jpan,472,23,13
jpn_Jpan,472,24,34
jpn_Jpan,472,25,51
jpn_Jpan,473,0,60
jpn_Jpan,473,1,1
jpn_Jpan,473,2,12
jpn_Jpan,473,3,1
jpn_Jpan,473,4,12
jpn_Jpan,473,5,58
jpn_Jpan,473,6,12
jpn_Jpan,473,7,19
jpn_Jpan,473,8,22
jpn_Jpan,474,0,60
jpn_Jpan,474,1,61
jpn_Jpan,474,2,61
jpn_Jpan,474,3,39
jpn_Jpan,474,4,13
jpn_Jpan,474,5,13
jpn_Jpan,474,6,13
jpn_Jpan,474,7,13
jpn_Jpan,474,8,61
jpn_Jpan,474,9,39
jpn_Jpan,474,10,13
jpn_Jpan,474,11,13
jpn_Jpan,474,12,13
jpn_Jpan,474,13,13
jpn_Jpan,474,14,61
jpn_Jpan,474,15,13
jpn_Jpan,474,16,19
jpn_Jpan,474,17,13
jpn_Jpan,474,18,24
jpn_Jpan,474,19,19
jpn_Jpan,474,20,13
jpn_Jpan,474,21,13
jpn_Jpan,474,22,52
jpn_Jpan,474,23,13
jpn_Jpan,475,0,60
jpn_Jpan,475,1,13
jpn_Jpan,475,2,24
jpn_Jpan,475,3,13
jpn_Jpan,475,4,36
jpn_Jpan,475,5,13
jpn_Jpan,475,6,13
jpn_Jpan,475,7,13
jpn_Jpan,475,8,13
jpn_Jpan,475,9,39
jpn_Jpan,475,10,13
jpn_Jpan,475,11,13
jpn_Jpan,475,12,24
jpn_Jpan,475,13,61
jpn_Jpan,475,14,13
jpn_Jpan,475,15,39
jpn_Jpan,475,16,13
jpn_Jpan,475,17,13
jpn_Jpan,475,18,19
jpn_Jpan,475,19,34
jpn_Jpan,475,20,24
jpn_Jpan,475,21,13
jpn_Jpan,475,22,13
jpn_Jpan,475,23,13
jpn_Jpan,475,24,34
jpn_Jpan,475,25,9
jpn_Jpan,475,26,13
jpn_Jpan,475,27,24
jpn_Jpan,475,28,13
jpn_Jpan,475,29,13
jpn_Jpan,475,30,13
jpn_Jpan,475,31,13
jpn_Jpan,475,32,19
jpn_Jpan,475,33,13
jpn_Jpan,475,34,19
jpn_Jpan,475,35,13
jpn_Jpan,475,36,13
jpn_Jpan,475,37,24
jpn_Jpan,475,38,13
jpn_Jpan,475,39,13
jpn_Jpan,475,40,34
jpn_Jpan,475,41,24
jpn_Jpan,475,42,19
jpn_Jpan,475,43,13
jpn_Jpan,475,44,34
jpn_Jpan,475,45,51
jpn_Jpan,475,46,13
jpn_Jpan,475,47,51
jpn_Jpan,476,0,60
jpn_Jpan,476,1,13
jpn_Jpan,476,2,13
jpn_Jpan,476,3,13
jpn_Jpan,476,4,13
jpn_Jpan,476,5,13
jpn_Jpan,476,6,61
jpn_Jpan,476,7,13
jpn_Jpan,476,8,24
jpn_Jpan,476,9,19
jpn_Jpan,476,10,13
jpn_Jpan,476,11,24
jpn_Jpan,476,12,47
jpn_Jpan,476,13,13
jpn_Jpan,476,14,34
jpn_Jpan,476,15,19
jpn_Jpan,476,16,13
jpn_Jpan,476,17,19
jpn_Jpan,476,18,13
jpn_Jpan,476,19,13
jpn_Jpan,477,0,60
jpn_Jpan,477,1,13
jpn_Jpan,477,2,13
jpn_Jpan,477,3,24
jpn_Jpan,477,4,19
jpn_Jpan,477,5,13
jpn_Jpan,477,6,24
jpn_Jpan,477,7,19
jpn_Jpan,477,8,13
jpn_Jpan,477,9,7
jpn_Jpan,477,10,13
jpn_Jpan,477,11,11
jpn_Jpan,477,12,19
jpn_Jpan,477,13,13
jpn_Jpan,477,14,19
jpn_Jpan,477,15,13
jpn_Jpan,477,16,13
jpn_Jpan,477,17,24
jpn_Jpan,477,18,52
jpn_Jpan,477,19,19
jpn_Jpan,477,20,24
jpn_Jpan,477,21,19
jpn_Jpan,477,22,13
jpn_Jpan,477,23,13
jpn_Jpan,477,24,24
jpn_Jpan,477,25,13
jpn_Jpan,477,26,47
jpn_Jpan,477,27,13
jpn_Jpan,477,28,19
jpn_Jpan,477,29,13
jpn_Jpan,477,30,24
jpn_Jpan,477,31,13
jpn_Jpan,477,32,13
jpn_Jpan,478,0,60
jpn_Jpan,478,1,13
jpn_Jpan,478,2,24
jpn_Jpan,478,3,24
jpn_Jpan,478,4,13
jpn_Jpan,478,5,13
jpn_Jpan,478,6,13
jpn_Jpan,478,7,61
jpn_Jpan,478,8,19
jpn_Jpan,478,9,13
jpn_Jpan,478,10,61
jpn_Jpan,478,11,19
jpn_Jpan,478,12,13
jpn_Jpan,478,13,24
jpn_Jpan,478,14,13
jpn_Jpan,478,15,13
jpn_Jpan,478,16,24
jpn_Jpan,478,17,13
jpn_Jpan,478,18,13
jpn_Jpan,478,19,24
jpn_Jpan,478,20,13
jpn_Jpan,478,21,24
jpn_Jpan,478,22,24
jpn_Jpan,478,23,19
jpn_Jpan,478,24,13
jpn_Jpan,478,25,13
jpn_Jpan,478,26,24
jpn_Jpan,478,27,13
jpn_Jpan,478,28,24
jpn_Jpan,478,29,13
jpn_Jpan,478,30,13
jpn_Jpan,478,31,19
jpn_Jpan,478,32,13
jpn_Jpan,478,33,13
jpn_Jpan,478,34,13
jpn_Jpan,478,35,13
jpn_Jpan,478,36,24
jpn_Jpan,478,37,13
jpn_Jpan,478,38,13
jpn_Jpan,478,39,19
jpn_Jpan,478,40,13
jpn_Jpan,478,41,24
jpn_Jpan,478,42,13
jpn_Jpan,478,43,13
jpn_Jpan,478,44,39
jpn_Jpan,478,45,13
jpn_Jpan,478,46,24
jpn_Jpan,478,47,19
jpn_Jpan,478,48,13
jpn_Jpan,478,49,13
jpn_Jpan,478,50,13
jpn_Jpan,478,51,13
jpn_Jpan,478,52,34
jpn_Jpan,479,0,60
jpn_Jpan,479,1,13
jpn_Jpan,479,2,24
jpn_Jpan,479,3,24
jpn_Jpan,479,4,13
jpn_Jpan,479,5,39
jpn_Jpan,479,6,13
jpn_Jpan,479,7,13
jpn_Jpan,479,8,13
jpn_Jpan,479,9,19
jpn_Jpan,479,10,13
jpn_Jpan,479,11,13
jpn_Jpan,479,12,13
jpn_Jpan,479,13,51
jpn_Jpan,479,14,51
jpn_Jpan,480,0,60
jpn_Jpan,480,1,13
jpn_Jpan,480,2,19
jpn_Jpan,480,3,13
jpn_Jpan,480,4,13
jpn_Jpan,480,5,47
jpn_Jpan,480,6,51
jpn_Jpan,480,7,47
jpn_Jpan,480,8,13
jpn_Jpan,480,9,24
jpn_Jpan,480,10,61
jpn_Jpan,480,11,19
jpn_Jpan,480,12,13
jpn_Jpan,480,13,34
jpn_Jpan,481,0,60
jpn_Jpan,481,1,13
jpn_Jpan,481,2,13
jpn_Jpan,481,3,39
jpn_Jpan,481,4,13
jpn_Jpan,481,5,61
jpn_Jpan,481,6,61
jpn_Jpan,481,7,13
jpn_Jpan,481,8,24
jpn_Jpan,481,9,19
jpn_Jpan,481,10,13
jpn_Jpan,481,11,19
jpn_Jpan,481,12,13
jpn_Jpan,481,13,24
jpn_Jpan,481,14,19
jpn_Jpan,481,15,19
jpn_Jpan,481,16,13
jpn_Jpan,481,17,19
jpn_Jpan,481,18,34
jpn_Jpan,481,19,36
jpn_Jpan,481,20,13
jpn_Jpan,481,21,13
jpn_Jpan,481,22,13
jpn_Jpan,481,23,39
jpn_Jpan,481,24,39
jpn_Jpan,481,25,13
jpn_Jpan,481,26,13
jpn_Jpan,481,27,13
jpn_Jpan,481,28,19
jpn_Jpan,481,29,13
jpn_Jpan,481,30,34
jpn_Jpan,481,31,19
jpn_Jpan,481,32,13
jpn_Jpan,481,33,13
jpn_Jpan,481,34,24
jpn_Jpan,481,35,36
jpn_Jpan,481,36,24
jpn_Jpan,481,37,13
jpn_Jpan,481,38,13
jpn_Jpan,481,39,28
jpn_Jpan,481,40,47
jpn_Jpan,481,41,19
jpn_Jpan,481,42,13
jpn_Jpan,481,43,13
jpn_Jpan,481,44,34
jpn_Jpan,482,0,60
jpn_Jpan,482,1,13
jpn_Jpan,482,2,13
jpn_Jpan,482,3,13
jpn_Jpan,482,4,12
jpn_Jpan,482,5,13
jpn_Jpan,482,6,13
jpn_Jpan,482,7,24
jpn_Jpan,482,8,47
jpn_Jpan,482,9,13
jpn_Jpan,482,10,26
jpn_Jpan,482,11,13
jpn_Jpan,482,12,47
jpn_Jpan,482,13,13
jpn_Jpan,482,14,19
jpn_Jpan,482,15,36
jpn_Jpan,483,0,60
jpn_Jpan,483,1,13
jpn_Jpan,483,2,13
jpn_Jpan,483,3,13
jpn_Jpan,483,4,12
jpn_Jpan,483,5,13
jpn_Jpan,483,6,19
jpn_Jpan,483,7,13
jpn_Jpan,483,8,47
jpn_Jpan,483,9,13
jpn_Jpan,483,10,24
jpn_Jpan,483,11,47
jpn_Jpan,483,12,13
jpn_Jpan,483,13,19
jpn_Jpan,483,14,13
jpn_Jpan,483,15,13
jpn_Jpan,483,16,13
jpn_Jpan,483,17,24
jpn_Jpan,483,18,47
jpn_Jpan,483,19,13
jpn_Jpan,483,20,13
jpn_Jpan,483,21,19
jpn_Jpan,483,22,13
jpn_Jpan,483,23,19
jpn_Jpan,483,24,7
jpn_Jpan,483,25,13
jpn_Jpan,483,26,52
jpn_Jpan,483,27,1
jpn_Jpan,483,28,13
jpn_Jpan,483,29,13
jpn_Jpan,484,0,60
jpn_Jpan,484,1,13
jpn_Jpan,484,2,13
jpn_Jpan,484,3,24
jpn_Jpan,484,4,52
jpn_Jpan,484,5,52
jpn_Jpan,484,6,19
jpn_Jpan,484,7,34
jpn_Jpan,484,8,24
jpn_Jpan,484,9,19
jpn_Jpan,484,10,13
jpn_Jpan,484,11,47
jpn_Jpan,484,12,7
jpn_Jpan,484,13,34
jpn_Jpan,485,0,60
jpn_Jpan,485,1,9
jpn_Jpan,485,2,24
jpn_Jpan,485,3,61
jpn_Jpan,485,4,61
jpn_Jpan,485,5,13
jpn_Jpan,485,6,47
jpn_Jpan,485,7,13
jpn_Jpan,485,8,13
jpn_Jpan,485,9,13
jpn_Jpan,485,10,24
jpn_Jpan,485,11,24
jpn_Jpan,485,12,19
jpn_Jpan,485,13,39
jpn_Jpan,485,14,36
jpn_Jpan,485,15,13
jpn_Jpan,485,16,61
jpn_Jpan,485,17,19
jpn_Jpan,485,18,19
jpn_Jpan,485,19,13
jpn_Jpan,485,20,13
jpn_Jpan,485,21,19
jpn_Jpan,485,22,19
jpn_Jpan,485,23,13
jpn_Jpan,485,24,24
jpn_Jpan,485,25,13
jpn_Jpan,485,26,34
jpn_Jpan,485,27,13
jpn_Jpan,485,28,24
jpn_Jpan,485,29,13
jpn_Jpan,485,30,47
jpn_Jpan,485,31,13
jpn_Jpan,485,32,24
jpn_Jpan,485,33,13
jpn_Jpan,485,34,13
jpn_Jpan,485,35,13
jpn_Jpan,485,36,34
jpn_Jpan,486,0,60
jpn_Jpan,486,1,13
jpn_Jpan,486,2,13
jpn_Jpan,486,3,24
jpn_Jpan,486,4,47
jpn_Jpan,486,5,13
jpn_Jpan,486,6,36
jpn_Jpan,486,7,13
jpn_Jpan,486,8,47
jpn_Jpan,486,9,36
jpn_Jpan,486,10,24
jpn_Jpan,486,11,47
jpn_Jpan,486,12,36
jpn_Jpan,486,13,24
jpn_Jpan,486,14,47
jpn_Jpan,486,15,47
jpn_Jpan,486,16,24
jpn_Jpan,486,17,52
jpn_Jpan,486,18,52
jpn_Jpan,486,19,36
jpn_Jpan,487,0,60
jpn_Jpan,487,1,13
jpn_Jpan,487,2,19
jpn_Jpan,487,3,13
jpn_Jpan,487,4,61
jpn_Jpan,487,5,19
jpn_Jpan,487,6,13
jpn_Jpan,487,7,24
jpn_Jpan,487,8,24
jpn_Jpan,487,9,13
jpn_Jpan,487,10,24
jpn_Jpan,487,11,13
jpn_Jpan,487,12,24
jpn_Jpan,487,13,24
jpn_Jpan,487,14,13
jpn_Jpan,487,15,24
jpn_Jpan,487,16,13
jpn_Jpan,487,17,13
jpn_Jpan,487,18,13
jpn_Jpan,487,19,24
jpn_Jpan,487,20,13
jpn_Jpan,487,21,13
jpn_Jpan,487,22,24
jpn_Jpan,487,23,52
jpn_Jpan,487,24,52
jpn_Jpan,487,25,24
jpn_Jpan,487,26,13
jpn_Jpan,487,27,24
jpn_Jpan,487,28,19
jpn_Jpan,487,29,13
jpn_Jpan,487,30,24
jpn_Jpan,487,31,24
jpn_Jpan,487,32,13
jpn_Jpan,487,33,24
jpn_Jpan,487,34,13
jpn_Jpan,487,35,34
jpn_Jpan,487,36,34
jpn_Jpan,487,37,13
jpn_Jpan,488,0,60
jpn_Jpan,488,1,13
jpn_Jpan,488,2,13
jpn_Jpan,488,3,39
jpn_Jpan,488,4,13
jpn_Jpan,488,5,39
jpn_Jpan,488,6,39
jpn_Jpan,488,7,39
jpn_Jpan,488,8,39
jpn_Jpan,488,9,47
jpn_Jpan,488,10,19
jpn_Jpan,488,11,13
jpn_Jpan,488,12,13
jpn_Jpan,488,13,13
jpn_Jpan,488,14,19
jpn_Jpan,488,15,13
jpn_Jpan,488,16,24
jpn_Jpan,488,17,13
jpn_Jpan,488,18,19
jpn_Jpan,488,19,13
jpn_Jpan,488,20,19
jpn_Jpan,488,21,13
jpn_Jpan,488,22,19
jpn_Jpan,488,23,13
jpn_Jpan,488,24,1
jpn_Jpan,488,25,52
jpn_Jpan,488,26,13
jpn_Jpan,488,27,24
jpn_Jpan,488,28,19
jpn_Jpan,488,29,13
jpn_Jpan,488,30,19
jpn_Jpan,488,31,13
jpn_Jpan,489,0,60
jpn_Jpan,489,1,24
jpn_Jpan,489,2,47
jpn_Jpan,489,3,13
jpn_Jpan,489,4,52
jpn_Jpan,489,5,52
jpn_Jpan,489,6,52
jpn_Jpan,489,7,52
jpn_Jpan,489,8,13
jpn_Jpan,489,9,24
jpn_Jpan,489,10,61
jpn_Jpan,489,11,29
jpn_Jpan,489,12,47
jpn_Jpan,489,13,13
jpn_Jpan,489,14,47
jpn_Jpan,489,15,13
jpn_Jpan,489,16,13
jpn_Jpan,489,17,61
jpn_Jpan,489,18,13
jpn_Jpan,489,19,13
jpn_Jpan,489,20,13
jpn_Jpan,489,21,24
jpn_Jpan,489,22,13
jpn_Jpan,489,23,47
jpn_Jpan,489,24,19
jpn_Jpan,489,25,13
jpn_Jpan,489,26,13
jpn_Jpan,489,27,34
jpn_Jpan,489,28,13
jpn_Jpan,490,0,60
jpn_Jpan,490,1,13
jpn_Jpan,490,2,39
jpn_Jpan,490,3,13
jpn_Jpan,490,4,13
jpn_Jpan,490,5,13
jpn_Jpan,490,6,24
jpn_Jpan,490,7,61
jpn_Jpan,490,8,13
jpn_Jpan,490,9,39
jpn_Jpan,490,10,39
jpn_Jpan,490,11,12
jpn_Jpan,490,12,52
jpn_Jpan,491,0,60
jpn_Jpan,491,1,13
jpn_Jpan,491,2,12
jpn_Jpan,491,3,13
jpn_Jpan,491,4,19
jpn_Jpan,491,5,13
jpn_Jpan,491,6,13
jpn_Jpan,491,7,13
jpn_Jpan,491,8,61
jpn_Jpan,491,9,13
jpn_Jpan,491,10,13
jpn_Jpan,491,11,13
jpn_Jpan,491,12,12
jpn_Jpan,491,13,4
jpn_Jpan,491,14,13
jpn_Jpan,491,15,47
jpn_Jpan,491,16,13
jpn_Jpan,491,17,13
jpn_Jpan,491,18,24
jpn_Jpan,491,19,61
jpn_Jpan,491,20,61
jpn_Jpan,491,21,19
jpn_Jpan,491,22,13
jpn_Jpan,491,23,24
jpn_Jpan,491,24,13
jpn_Jpan,491,25,13
jpn_Jpan,491,26,13
jpn_Jpan,491,27,13
jpn_Jpan,491,28,24
jpn_Jpan,491,29,19
jpn_Jpan,491,30,13
jpn_Jpan,491,31,13
jpn_Jpan,491,32,47
jpn_Jpan,491,33,13
jpn_Jpan,491,34,13
jpn_Jpan,491,35,13
jpn_Jpan,491,36,13
jpn_Jpan,491,37,13
jpn_Jpan,491,38,19
jpn_Jpan,491,39,13
jpn_Jpan,492,0,60
jpn_Jpan,492,1,13
jpn_Jpan,492,2,47
jpn_Jpan,492,3,47
jpn_Jpan,492,4,47
jpn_Jpan,492,5,47
jpn_Jpan,492,6,39
jpn_Jpan,492,7,47
jpn_Jpan,492,8,19
jpn_Jpan,492,9,13
jpn_Jpan,492,10,39
jpn_Jpan,492,11,13
jpn_Jpan,492,12,24
jpn_Jpan,492,13,47
jpn_Jpan,492,14,13
jpn_Jpan,492,15,47
jpn_Jpan,492,16,13
jpn_Jpan,492,17,13
jpn_Jpan,492,18,13
jpn_Jpan,492,19,13
jpn_Jpan,492,20,24
jpn_Jpan,492,21,61
jpn_Jpan,492,22,13
jpn_Jpan,492,23,61
jpn_Jpan,492,24,13
jpn_Jpan,492,25,61
jpn_Jpan,492,26,13
jpn_Jpan,492,27,19
jpn_Jpan,492,28,13
jpn_Jpan,492,29,24
jpn_Jpan,492,30,13
jpn_Jpan,492,31,13
jpn_Jpan,492,32,13
jpn_Jpan,492,33,24
jpn_Jpan,492,34,19
jpn_Jpan,492,35,13
jpn_Jpan,492,36,19
jpn_Jpan,492,37,13
jpn_Jpan,492,38,13
jpn_Jpan,493,0,60
jpn_Jpan,493,1,13
jpn_Jpan,493,2,19
jpn_Jpan,493,3,39
jpn_Jpan,493,4,13
jpn_Jpan,493,5,13
jpn_Jpan,493,6,19
jpn_Jpan,493,7,8
jpn_Jpan,493,8,1
jpn_Jpan,493,9,47
jpn_Jpan,493,10,13
jpn_Jpan,493,11,34
jpn_Jpan,493,12,24
jpn_Jpan,493,13,13
jpn_Jpan,493,14,19
jpn_Jpan,493,15,13
jpn_Jpan,493,16,13
jpn_Jpan,493,17,13
jpn_Jpan,493,18,24
jpn_Jpan,493,19,19
jpn_Jpan,493,20,13
jpn_Jpan,493,21,19
jpn_Jpan,493,22,34
jpn_Jpan,493,23,13
jpn_Jpan,493,24,13
jpn_Jpan,493,25,34
jpn_Jpan,494,0,60
jpn_Jpan,494,1,13
jpn_Jpan,494,2,19
jpn_Jpan,494,3,13
jpn_Jpan,494,4,24
jpn_Jpan,494,5,12
jpn_Jpan,494,6,13
jpn_Jpan,494,7,24
jpn_Jpan,494,8,24
jpn_Jpan,494,9,52
jpn_Jpan,494,10,13
jpn_Jpan,494,11,24
jpn_Jpan,494,12,61
jpn_Jpan,494,13,13
jpn_Jpan,494,14,13
jpn_Jpan,494,15,7
jpn_Jpan,494,16,24
jpn_Jpan,494,17,24
jpn_Jpan,494,18,13
jpn_Jpan,494,19,13
jpn_Jpan,494,20,19
jpn_Jpan,494,21,13
jpn_Jpan,494,22,24
jpn_Jpan,494,23,61
jpn_Jpan,494,24,13
jpn_Jpan,494,25,13
jpn_Jpan,494,26,51
jpn_Jpan,494,27,51
jpn_Jpan,494,28,51
jpn_Jpan,494,29,51
jpn_Jpan,494,30,36
jpn_Jpan,494,31,9
jpn_Jpan,494,32,19
jpn_Jpan,494,33,13
jpn_Jpan,494,34,13
jpn_Jpan,494,35,47
jpn_Jpan,494,36,13
jpn_Jpan,494,37,13
jpn_Jpan,494,38,13
jpn_Jpan,494,39,47
jpn_Jpan,494,40,13
jpn_Jpan,494,41,13
jpn_Jpan,495,0,60
jpn_Jpan,495,1,13
jpn_Jpan,495,2,13
jpn_Jpan,495,3,13
jpn_Jpan,495,4,1
jpn_Jpan,495,5,13
jpn_Jpan,495,6,13
jpn_Jpan,495,7,13
jpn_Jpan,495,8,47
jpn_Jpan,495,9,39
jpn_Jpan,495,10,36
jpn_Jpan,495,11,24
jpn_Jpan,495,12,52
jpn_Jpan,495,13,47
jpn_Jpan,495,14,13
jpn_Jpan,495,15,61
jpn_Jpan,495,16,13
jpn_Jpan,495,17,24
jpn_Jpan,495,18,13
jpn_Jpan,495,19,61
jpn_Jpan,495,20,34
jpn_Jpan,495,21,13
jpn_Jpan,495,22,13
jpn_Jpan,495,23,52
jpn_Jpan,495,24,52
jpn_Jpan,495,25,52
jpn_Jpan,495,26,13
jpn_Jpan,495,27,24
jpn_Jpan,495,28,61
jpn_Jpan,495,29,13
jpn_Jpan,495,30,34
jpn_Jpan,495,31,13
jpn_Jpan,495,32,24
jpn_Jpan,495,33,13
jpn_Jpan,495,34,47
jpn_Jpan,495,35,19
jpn_Jpan,495,36,24
jpn_Jpan,495,37,19
jpn_Jpan,495,38,13
jpn_Jpan,495,39,47
jpn_Jpan,495,40,13
jpn_Jpan,495,41,13
jpn_Jpan,495,42,24
jpn_Jpan,495,43,13
jpn_Jpan,495,44,47
jpn_Jpan,495,45,13
jpn_Jpan,495,46,19
jpn_Jpan,495,47,13
jpn_Jpan,495,48,19
jpn_Jpan,495,49,13
jpn_Jpan,495,50,13
jpn_Jpan,496,0,60
jpn_Jpan,496,1,36
jpn_Jpan,496,2,13
jpn_Jpan,496,3,24
jpn_Jpan,496,4,13
jpn_Jpan,496,5,13
jpn_Jpan,496,6,24
jpn_Jpan,496,7,61
jpn_Jpan,496,8,13
jpn_Jpan,496,9,24
jpn_Jpan,496,10,19
jpn_Jpan,496,11,13
jpn_Jpan,496,12,13
jpn_Jpan,496,13,13
jpn_Jpan,496,14,13
jpn_Jpan,496,15,13
jpn_Jpan,496,16,13
jpn_Jpan,496,17,13
jpn_Jpan,496,18,19
jpn_Jpan,496,19,13
jpn_Jpan,496,20,19
jpn_Jpan,496,21,13
jpn_Jpan,496,22,24
jpn_Jpan,496,23,47
jpn_Jpan,496,24,13
jpn_Jpan,496,25,13
jpn_Jpan,496,26,34
jpn_Jpan,496,27,51
jpn_Jpan,497,0,60
jpn_Jpan,497,1,39
jpn_Jpan,497,2,39
jpn_Jpan,497,3,39
jpn_Jpan,497,4,13
jpn_Jpan,497,5,40
jpn_Jpan,497,6,12
jpn_Jpan,497,7,13
jpn_Jpan,497,8,24
jpn_Jpan,497,9,52
jpn_Jpan,497,10,52
jpn_Jpan,497,11,13
jpn_Jpan,497,12,61
jpn_Jpan,497,13,13
jpn_Jpan,497,14,19
jpn_Jpan,497,15,13
jpn_Jpan,497,16,19
jpn_Jpan,497,17,19
jpn_Jpan,497,18,39
jpn_Jpan,497,19,24
jpn_Jpan,497,20,13
jpn_Jpan,497,21,13
jpn_Jpan,497,22,24
jpn_Jpan,497,23,13
jpn_Jpan,497,24,13
jpn_Jpan,497,25,13
jpn_Jpan,498,0,60
jpn_Jpan,498,1,47
jpn_Jpan,498,2,39
jpn_Jpan,498,3,13
jpn_Jpan,498,4,36
jpn_Jpan,498,5,61
jpn_Jpan,498,6,36
jpn_Jpan,498,7,36
jpn_Jpan,498,8,11
jpn_Jpan,498,9,26
jpn_Jpan,498,10,40
jpn_Jpan,498,11,12
jpn_Jpan,498,12,58
jpn_Jpan,498,13,12
jpn_Jpan,498,14,61
jpn_Jpan,499,0,60
jpn_Jpan,499,1,13
jpn_Jpan,499,2,47
jpn_Jpan,499,3,36
jpn_Jpan,499,4,61
jpn_Jpan,499,5,36
jpn_Jpan,499,6,13
jpn_Jpan,499,7,9
jpn_Jpan,499,8,26
jpn_Jpan,499,9,19
jpn_Jpan,499,10,36
jpn_Jpan,499,11,19
jpn_Jpan,499,12,36
jpn_Jpan,499,13,26
jpn_Jpan,499,14,36
jpn_Jpan,499,15,19
jpn_Jpan,499,16,13
jpn_Jpan,499,17,24
jpn_Jpan,499,18,24
jpn_Jpan,499,19,19
jpn_Jpan,499,20,13
jpn_Jpan,499,21,13
jpn_Jpan,499,22,19
jpn_Jpan,499,23,13
jpn_Jpan,499,24,13
jpn_Jpan,499,25,24
jpn_Jpan,499,26,13
jpn_Jpan,499,27,13
jpn_Jpan,499,28,36
jpn_Jpan,499,29,24
jpn_Jpan,499,30,61
jpn_Jpan,499,31,13
jpn_Jpan,499,32,47
jpn_Jpan,499,33,13
jpn_Jpan,499,34,24
jpn_Jpan,500,0,60
jpn_Jpan,500,1,54
jpn_Jpan,500,2,36
jpn_Jpan,500,3,24
jpn_Jpan,500,4,47
jpn_Jpan,500,5,13
jpn_Jpan,500,6,39
jpn_Jpan,500,7,13
jpn_Jpan,500,8,36
jpn_Jpan,500,9,13
jpn_Jpan,500,10,24
jpn_Jpan,500,11,13
jpn_Jpan,500,12,13
jpn_Jpan,500,13,13
jpn_Jpan,500,14,36
jpn_Jpan,501,0,60
jpn_Jpan,501,1,19
jpn_Jpan,501,2,13
jpn_Jpan,501,3,36
jpn_Jpan,501,4,24
jpn_Jpan,501,5,47
jpn_Jpan,501,6,47
jpn_Jpan,501,7,36
jpn_Jpan,501,8,47
jpn_Jpan,501,9,36
jpn_Jpan,501,10,36
jpn_Jpan,501,11,36
jpn_Jpan,501,12,13
jpn_Jpan,501,13,13
jpn_Jpan,501,14,13
jpn_Jpan,501,15,36
jpn_Jpan,501,16,47
jpn_Jpan,501,17,19
jpn_Jpan,501,18,13
jpn_Jpan,501,19,61
jpn_Jpan,501,20,7
jpn_Jpan,501,21,36
jpn_Jpan,501,22,19
jpn_Jpan,501,23,13
jpn_Jpan,501,24,34
jpn_Jpan,501,25,34
jpn_Jpan,501,26,36
jpn_Jpan,501,27,34
jpn_Jpan,501,28,13
jpn_Jpan,501,29,36
jpn_Jpan,501,30,24
jpn_Jpan,501,31,19
jpn_Jpan,501,32,13
jpn_Jpan,501,33,19
jpn_Jpan,501,34,24
jpn_Jpan,501,35,24
jpn_Jpan,501,36,13
jpn_Jpan,501,37,13
jpn_Jpan,501,38,24
jpn_Jpan,501,39,34
jpn_Jpan,501,40,13
jpn_Jpan,501,41,34
jpn_Jpan,502,0,60
jpn_Jpan,502,1,34
jpn_Jpan,502,2,13
jpn_Jpan,502,3,13
jpn_Jpan,502,4,36
jpn_Jpan,502,5,19
jpn_Jpan,502,6,13
jpn_Jpan,502,7,24
jpn_Jpan,502,8,19
jpn_Jpan,502,9,13
jpn_Jpan,502,10,13
jpn_Jpan,502,11,24
jpn_Jpan,502,12,13
jpn_Jpan,502,13,13
jpn_Jpan,502,14,13
jpn_Jpan,502,15,13
jpn_Jpan,502,16,34
jpn_Jpan,502,17,13
jpn_Jpan,502,18,13
jpn_Jpan,502,19,13
jpn_Jpan,502,20,19
jpn_Jpan,502,21,47
jpn_Jpan,502,22,13
jpn_Jpan,502,23,1
jpn_Jpan,502,24,47
jpn_Jpan,502,25,13
jpn_Jpan,502,26,52
jpn_Jpan,502,27,61
jpn_Jpan,502,28,13
jpn_Jpan,502,29,24
jpn_Jpan,502,30,1
jpn_Jpan,502,31,52
jpn_Jpan,502,32,7
jpn_Jpan,502,33,9
jpn_Jpan,502,34,13
jpn_Jpan,502,35,13
jpn_Jpan,502,36,13
jpn_Jpan,502,37,61
jpn_Jpan,502,38,13
jpn_Jpan,502,39,13
jpn_Jpan,502,40,34
jpn_Jpan,503,0,60
jpn_Jpan,503,1,13
jpn_Jpan,503,2,13
jpn_Jpan,503,3,39
jpn_Jpan,503,4,13
jpn_Jpan,503,5,61
jpn_Jpan,503,6,13
jpn_Jpan,503,7,19
jpn_Jpan,503,8,13
jpn_Jpan,503,9,13
jpn_Jpan,503,10,12
jpn_Jpan,503,11,11
jpn_Jpan,503,12,19
jpn_Jpan,503,13,39
jpn_Jpan,503,14,24
jpn_Jpan,503,15,24
jpn_Jpan,503,16,19
jpn_Jpan,503,17,13
jpn_Jpan,503,18,19
jpn_Jpan,503,19,34
jpn_Jpan,503,20,24
jpn_Jpan,503,21,24
jpn_Jpan,503,22,47
jpn_Jpan,503,23,61
jpn_Jpan,504,0,60
jpn_Jpan,504,1,36
jpn_Jpan,504,2,13
jpn_Jpan,504,3,24
jpn_Jpan,504,4,7
jpn_Jpan,504,5,24
jpn_Jpan,504,6,24
jpn_Jpan,504,7,19
jpn_Jpan,504,8,13
jpn_Jpan,504,9,47
jpn_Jpan,504,10,13
jpn_Jpan,504,11,13
jpn_Jpan,504,12,13
jpn_Jpan,504,13,13
jpn_Jpan,504,14,19
jpn_Jpan,504,15,13
jpn_Jpan,504,16,13
jpn_Jpan,504,17,13
jpn_Jpan,504,18,13
jpn_Jpan,504,19,19
jpn_Jpan,504,20,19
jpn_Jpan,504,21,13
jpn_Jpan,504,22,13
jpn_Jpan,504,23,13
jpn_Jpan,504,24,13
jpn_Jpan,504,25,13
jpn_Jpan,504,26,24
jpn_Jpan,504,27,13
jpn_Jpan,504,28,13
jpn_Jpan,504,29,13
jpn_Jpan,504,30,39
jpn_Jpan,504,31,13
jpn_Jpan,504,32,13
jpn_Jpan,504,33,13
jpn_Jpan,504,34,24
jpn_Jpan,504,35,24
jpn_Jpan,504,36,12
jpn_Jpan,504,37,58
jpn_Jpan,504,38,12
jpn_Jpan,504,39,29
jpn_Jpan,504,40,22
jpn_Jpan,505,0,60
jpn_Jpan,505,1,13
jpn_Jpan,505,2,47
jpn_Jpan,505,3,13
jpn_Jpan,505,4,47
jpn_Jpan,505,5,13
jpn_Jpan,505,6,39
jpn_Jpan,505,7,47
jpn_Jpan,505,8,47
jpn_Jpan,505,9,13
jpn_Jpan,505,10,13
jpn_Jpan,505,11,47
jpn_Jpan,505,12,47
jpn_Jpan,505,13,13
jpn_Jpan,505,14,13
jpn_Jpan,505,15,19
jpn_Jpan,505,16,13
jpn_Jpan,505,17,61
jpn_Jpan,505,18,13
jpn_Jpan,506,0,60
jpn_Jpan,506,1,13
jpn_Jpan,506,2,13
jpn_Jpan,506,3,24
jpn_Jpan,506,4,13
jpn_Jpan,506,5,19
jpn_Jpan,506,6,13
jpn_Jpan,506,7,24
jpn_Jpan,506,8,13
jpn_Jpan,506,9,47
jpn_Jpan,506,10,13
jpn_Jpan,506,11,13
jpn_Jpan,506,12,13
jpn_Jpan,506,13,24
jpn_Jpan,506,14,24
jpn_Jpan,506,15,13
jpn_Jpan,506,16,13
jpn_Jpan,506,17,19
jpn_Jpan,506,18,7
jpn_Jpan,506,19,24
jpn_Jpan,506,20,47
jpn_Jpan,506,21,13
jpn_Jpan,506,22,13
jpn_Jpan,506,23,34
jpn_Jpan,506,24,24
jpn_Jpan,506,25,13
jpn_Jpan,506,26,13
jpn_Jpan,506,27,13
jpn_Jpan,506,28,13
jpn_Jpan,506,29,13
jpn_Jpan,506,30,24
jpn_Jpan,506,31,19
jpn_Jpan,506,32,13
jpn_Jpan,506,33,19
jpn_Jpan,506,34,13
jpn_Jpan,506,35,51
jpn_Jpan,506,36,11
jpn_Jpan,506,37,24
jpn_Jpan,507,0,60
jpn_Jpan,507,1,13
jpn_Jpan,507,2,13
jpn_Jpan,507,3,13
jpn_Jpan,507,4,13
jpn_Jpan,507,5,13
jpn_Jpan,507,6,13
jpn_Jpan,507,7,24
jpn_Jpan,507,8,19
jpn_Jpan,507,9,13
jpn_Jpan,507,10,24
jpn_Jpan,507,11,24
jpn_Jpan,507,12,61
jpn_Jpan,507,13,39
jpn_Jpan,507,14,13
jpn_Jpan,507,15,47
jpn_Jpan,507,16,13
jpn_Jpan,507,17,47
jpn_Jpan,507,18,13
jpn_Jpan,507,19,13
jpn_Jpan,507,20,13
jpn_Jpan,507,21,13
jpn_Jpan,507,22,13
jpn_Jpan,507,23,13
jpn_Jpan,507,24,24
jpn_Jpan,507,25,52
jpn_Jpan,507,26,13
jpn_Jpan,507,27,13
jpn_Jpan,507,28,24
jpn_Jpan,507,29,47
jpn_Jpan,507,30,47
jpn_Jpan,507,31,13
jpn_Jpan,507,32,19
jpn_Jpan,507,33,34
jpn_Jpan,507,34,34
jpn_Jpan,507,35,4
jpn_Jpan,507,36,51
jpn_Jpan,507,37,13
jpn_Jpan,507,38,24
jpn_Jpan,507,39,9
jpn_Jpan,507,40,11
jpn_Jpan,507,41,52
jpn_Jpan,508,0,60
jpn_Jpan,508,1,40
jpn_Jpan,508,2,24
jpn_Jpan,508,3,22
jpn_Jpan,508,4,36
jpn_Jpan,508,5,24
jpn_Jpan,508,6,13
jpn_Jpan,508,7,19
jpn_Jpan,508,8,13
jpn_Jpan,508,9,13
jpn_Jpan,508,10,13
jpn_Jpan,508,11,24
jpn_Jpan,508,12,13
jpn_Jpan,508,13,13
jpn_Jpan,508,14,13
jpn_Jpan,508,15,13
jpn_Jpan,508,16,24
jpn_Jpan,508,17,26
jpn_Jpan,508,18,13
jpn_Jpan,508,19,1
jpn_Jpan,508,20,13
jpn_Jpan,508,21,19
jpn_Jpan,508,22,13
jpn_Jpan,508,23,24
jpn_Jpan,508,24,13
jpn_Jpan,508,25,13
jpn_Jpan,508,26,13
jpn_Jpan,508,27,24
jpn_Jpan,508,28,61
jpn_Jpan,508,29,52
jpn_Jpan,508,30,19
jpn_Jpan,508,31,13
jpn_Jpan,508,32,19
jpn_Jpan,508,33,13
jpn_Jpan,508,34,24
jpn_Jpan,508,35,13
jpn_Jpan,508,36,19
jpn_Jpan,508,37,13
jpn_Jpan,508,38,24
jpn_Jpan,508,39,19
jpn_Jpan,508,40,13
jpn_Jpan,508,41,13
jpn_Jpan,508,42,13
jpn_Jpan,508,43,34
jpn_Jpan,509,0,60
jpn_Jpan,509,1,36
jpn_Jpan,509,2,9
jpn_Jpan,509,3,9
jpn_Jpan,509,4,11
jpn_Jpan,509,5,52
jpn_Jpan,509,6,13
jpn_Jpan,509,7,24
jpn_Jpan,509,8,19
jpn_Jpan,509,9,13
jpn_Jpan,509,10,19
jpn_Jpan,509,11,39
jpn_Jpan,509,12,13
jpn_Jpan,509,13,24
jpn_Jpan,509,14,19
jpn_Jpan,509,15,13
jpn_Jpan,509,16,24
jpn_Jpan,509,17,13
jpn_Jpan,509,18,19
jpn_Jpan,509,19,19
jpn_Jpan,509,20,13
jpn_Jpan,509,21,13
jpn_Jpan,509,22,13
jpn_Jpan,509,23,13
jpn_Jpan,509,24,13
jpn_Jpan,509,25,13
jpn_Jpan,509,26,19
jpn_Jpan,509,27,19
jpn_Jpan,509,28,39
jpn_Jpan,509,29,39
jpn_Jpan,509,30,13
jpn_Jpan,509,31,13
jpn_Jpan,509,32,24
jpn_Jpan,509,33,52
jpn_Jpan,509,34,1
jpn_Jpan,509,35,52
jpn_Jpan,509,36,7
jpn_Jpan,509,37,13
jpn_Jpan,509,38,19
jpn_Jpan,509,39,7
jpn_Jpan,509,40,19
jpn_Jpan,509,41,13
jpn_Jpan,509,42,34
jpn_Jpan,510,0,60
jpn_Jpan,510,1,13
jpn_Jpan,510,2,13
jpn_Jpan,510,3,36
jpn_Jpan,510,4,36
jpn_Jpan,510,5,52
jpn_Jpan,510,6,36
jpn_Jpan,510,7,36
jpn_Jpan,510,8,13
jpn_Jpan,510,9,34
jpn_Jpan,510,10,36
jpn_Jpan,510,11,34
jpn_Jpan,510,12,13
jpn_Jpan,510,13,47
jpn_Jpan,510,14,13
jpn_Jpan,510,15,34
jpn_Jpan,510,16,34
jpn_Jpan,511,0,60
jpn_Jpan,511,1,47
jpn_Jpan,511,2,19
jpn_Jpan,511,3,47
jpn_Jpan,511,4,47
jpn_Jpan,511,5,47
jpn_Jpan,511,6,39
jpn_Jpan,511,7,13
jpn_Jpan,511,8,13
jpn_Jpan,511,9,36
jpn_Jpan,511,10,24
jpn_Jpan,511,11,19
jpn_Jpan,511,12,13
jpn_Jpan,511,13,13
jpn_Jpan,511,14,13
jpn_Jpan,511,15,24
jpn_Jpan,511,16,24
jpn_Jpan,511,17,19
jpn_Jpan,511,18,13
jpn_Jpan,511,19,47
jpn_Jpan,511,20,24
jpn_Jpan,511,21,24
jpn_Jpan,511,22,24
jpn_Jpan,511,23,13
jpn_Jpan,511,24,13
jpn_Jpan,511,25,24
jpn_Jpan,511,26,13
jpn_Jpan,511,27,13
jpn_Jpan,511,28,9
jpn_Jpan,511,29,9
jpn_Jpan,511,30,11
jpn_Jpan,511,31,24
jpn_Jpan,511,32,19
jpn_Jpan,511,33,13
jpn_Jpan,511,34,13
jpn_Jpan,512,0,60
jpn_Jpan,512,1,22
jpn_Jpan,512,2,24
jpn_Jpan,512,3,24
jpn_Jpan,512,4,13
jpn_Jpan,512,5,13
jpn_Jpan,512,6,39
jpn_Jpan,512,7,34
jpn_Jpan,512,8,13
jpn_Jpan,512,9,24
jpn_Jpan,512,10,11
jpn_Jpan,512,11,58
jpn_Jpan,512,12,12
jpn_Jpan,512,13,39
jpn_Jpan,512,14,39
jpn_Jpan,513,0,60
jpn_Jpan,513,1,47
jpn_Jpan,513,2,19
jpn_Jpan,513,3,39
jpn_Jpan,513,4,7
jpn_Jpan,513,5,39
jpn_Jpan,513,6,9
jpn_Jpan,513,7,13
jpn_Jpan,513,8,47
jpn_Jpan,513,9,47
jpn_Jpan,513,10,13
jpn_Jpan,513,11,13
jpn_Jpan,513,12,13
jpn_Jpan,513,13,24
jpn_Jpan,513,14,47
jpn_Jpan,513,15,19
jpn_Jpan,513,16,13
jpn_Jpan,513,17,13
jpn_Jpan,513,18,52
jpn_Jpan,513,19,19
jpn_Jpan,513,20,13
jpn_Jpan,513,21,19
jpn_Jpan,513,22,13
jpn_Jpan,513,23,19
jpn_Jpan,513,24,13
jpn_Jpan,513,25,19
jpn_Jpan,513,26,13
jpn_Jpan,513,27,13
jpn_Jpan,514,0,60
jpn_Jpan,514,1,13
jpn_Jpan,514,2,52
jpn_Jpan,514,3,19
jpn_Jpan,514,4,36
jpn_Jpan,514,5,19
jpn_Jpan,514,6,36
jpn_Jpan,514,7,13
jpn_Jpan,514,8,36
jpn_Jpan,514,9,24
jpn_Jpan,514,10,13
jpn_Jpan,514,11,19
jpn_Jpan,514,12,36
jpn_Jpan,514,13,24
jpn_Jpan,514,14,24
jpn_Jpan,514,15,19
jpn_Jpan,514,16,13
jpn_Jpan,514,17,13
jpn_Jpan,514,18,19
jpn_Jpan,514,19,13
jpn_Jpan,514,20,24
jpn_Jpan,514,21,13
jpn_Jpan,514,22,24
jpn_Jpan,514,23,19
jpn_Jpan,514,24,13
jpn_Jpan,514,25,36
jpn_Jpan,514,26,13
jpn_Jpan,514,27,13
jpn_Jpan,514,28,34
jpn_Jpan,515,0,60
jpn_Jpan,515,1,13
jpn_Jpan,515,2,39
jpn_Jpan,515,3,13
jpn_Jpan,515,4,13
jpn_Jpan,515,5,19
jpn_Jpan,515,6,13
jpn_Jpan,515,7,13
jpn_Jpan,515,8,11
jpn_Jpan,515,9,24
jpn_Jpan,515,10,19
jpn_Jpan,515,11,13
jpn_Jpan,515,12,39
jpn_Jpan,515,13,13
jpn_Jpan,515,14,24
jpn_Jpan,515,15,19
jpn_Jpan,515,16,13
jpn_Jpan,515,17,13
jpn_Jpan,515,18,13
jpn_Jpan,515,19,13
jpn_Jpan,515,20,24
jpn_Jpan,515,21,19
jpn_Jpan,515,22,19
jpn_Jpan,515,23,13
jpn_Jpan,515,24,19
jpn_Jpan,515,25,34
jpn_Jpan,515,26,12
jpn_Jpan,515,27,58
jpn_Jpan,515,28,12
jpn_Jpan,515,29,61
jpn_Jpan,515,30,7
jpn_Jpan,516,0,60
jpn_Jpan,516,1,36
jpn_Jpan,516,2,61
jpn_Jpan,516,3,13
jpn_Jpan,516,4,24
jpn_Jpan,516,5,19
jpn_Jpan,516,6,13
jpn_Jpan,516,7,24
jpn_Jpan,516,8,1
jpn_Jpan,516,9,13
jpn_Jpan,516,10,47
jpn_Jpan,516,11,13
jpn_Jpan,516,12,61
jpn_Jpan,516,13,13
jpn_Jpan,516,14,24
jpn_Jpan,516,15,47
jpn_Jpan,516,16,13
jpn_Jpan,516,17,26
jpn_Jpan,516,18,19
jpn_Jpan,516,19,13
jpn_Jpan,516,20,24
jpn_Jpan,516,21,13
jpn_Jpan,516,22,13
jpn_Jpan,516,23,13
jpn_Jpan,516,24,29
jpn_Jpan,516,25,13
jpn_Jpan,516,26,19
jpn_Jpan,516,27,13
jpn_Jpan,516,28,24
jpn_Jpan,516,29,13
jpn_Jpan,517,0,60
jpn_Jpan,517,1,13
jpn_Jpan,517,2,13
jpn_Jpan,517,3,13
jpn_Jpan,517,4,24
jpn_Jpan,517,5,19
jpn_Jpan,517,6,13
jpn_Jpan,517,7,36
jpn_Jpan,517,8,61
jpn_Jpan,517,9,36
jpn_Jpan,517,10,24
jpn_Jpan,517,11,52
jpn_Jpan,517,12,24
jpn_Jpan,517,13,47
jpn_Jpan,517,14,13
jpn_Jpan,517,15,13
jpn_Jpan,517,16,24
jpn_Jpan,517,17,24
jpn_Jpan,517,18,19
jpn_Jpan,517,19,13
jpn_Jpan,517,20,36
jpn_Jpan,517,21,61
jpn_Jpan,517,22,19
jpn_Jpan,517,23,13
jpn_Jpan,517,24,13
jpn_Jpan,517,25,24
jpn_Jpan,517,26,19
jpn_Jpan,517,27,13
jpn_Jpan,517,28,13
jpn_Jpan,518,0,60
jpn_Jpan,518,1,13
jpn_Jpan,518,2,13
jpn_Jpan,518,3,24
jpn_Jpan,518,4,13
jpn_Jpan,518,5,24
jpn_Jpan,518,6,13
jpn_Jpan,518,7,51
jpn_Jpan,518,8,11
jpn_Jpan,518,9,19
jpn_Jpan,518,10,13
jpn_Jpan,518,11,19
jpn_Jpan,518,12,13
jpn_Jpan,518,13,61
jpn_Jpan,518,14,19
jpn_Jpan,518,15,13
jpn_Jpan,518,16,24
jpn_Jpan,518,17,61
jpn_Jpan,518,18,13
jpn_Jpan,518,19,19
jpn_Jpan,518,20,36
jpn_Jpan,518,21,24
jpn_Jpan,518,22,13
jpn_Jpan,518,23,13
jpn_Jpan,518,24,47
jpn_Jpan,518,25,13
jpn_Jpan,518,26,13
jpn_Jpan,518,27,47
jpn_Jpan,518,28,19
jpn_Jpan,518,29,19
jpn_Jpan,518,30,13
jpn_Jpan,518,31,24
jpn_Jpan,518,32,47
jpn_Jpan,518,33,13
jpn_Jpan,518,34,19
jpn_Jpan,518,35,13
jpn_Jpan,518,36,61
jpn_Jpan,518,37,13
jpn_Jpan,518,38,24
jpn_Jpan,518,39,13
jpn_Jpan,518,40,13
jpn_Jpan,518,41,13
jpn_Jpan,518,42,13
jpn_Jpan,518,43,34
jpn_Jpan,519,0,60
jpn_Jpan,519,1,36
jpn_Jpan,519,2,19
jpn_Jpan,519,3,13
jpn_Jpan,519,4,36
jpn_Jpan,519,5,13
jpn_Jpan,519,6,13
jpn_Jpan,519,7,19
jpn_Jpan,519,8,13
jpn_Jpan,519,9,36
jpn_Jpan,519,10,9
jpn_Jpan,519,11,36
jpn_Jpan,519,12,9
jpn_Jpan,519,13,36
jpn_Jpan,519,14,9
jpn_Jpan,519,15,11
jpn_Jpan,519,16,9
jpn_Jpan,519,17,9
jpn_Jpan,519,18,61
jpn_Jpan,519,19,39
jpn_Jpan,519,20,7
jpn_Jpan,519,21,36
jpn_Jpan,519,22,24
jpn_Jpan,519,23,13
jpn_Jpan,519,24,34
jpn_Jpan,519,25,51
jpn_Jpan,520,0,60
jpn_Jpan,520,1,19
jpn_Jpan,520,2,13
jpn_Jpan,520,3,7
jpn_Jpan,520,4,24
jpn_Jpan,520,5,13
jpn_Jpan,520,6,13
jpn_Jpan,520,7,24
jpn_Jpan,520,8,13
jpn_Jpan,520,9,34
jpn_Jpan,520,10,61
jpn_Jpan,520,11,39
jpn_Jpan,520,12,51
jpn_Jpan,520,13,34
jpn_Jpan,520,14,24
jpn_Jpan,520,15,13
jpn_Jpan,520,16,52
jpn_Jpan,520,17,47
jpn_Jpan,520,18,36
jpn_Jpan,520,19,24
jpn_Jpan,520,20,61
jpn_Jpan,520,21,13
jpn_Jpan,520,22,13
jpn_Jpan,520,23,24
jpn_Jpan,520,24,24
jpn_Jpan,520,25,13
jpn_Jpan,520,26,24
jpn_Jpan,520,27,13
jpn_Jpan,520,28,13
jpn_Jpan,520,29,13
jpn_Jpan,520,30,13
jpn_Jpan,520,31,51
jpn_Jpan,520,32,13
jpn_Jpan,520,33,19
jpn_Jpan,520,34,19
jpn_Jpan,520,35,13
jpn_Jpan,520,36,24
jpn_Jpan,520,37,1
jpn_Jpan,520,38,13
jpn_Jpan,520,39,19
jpn_Jpan,520,40,7
jpn_Jpan,520,41,24
jpn_Jpan,520,42,13
jpn_Jpan,520,43,13
jpn_Jpan,520,44,13
jpn_Jpan,520,45,13
jpn_Jpan,520,46,24
jpn_Jpan,520,47,13
jpn_Jpan,520,48,13
jpn_Jpan,520,49,51
jpn_Jpan,521,0,60
jpn_Jpan,521,1,36
jpn_Jpan,521,2,13
jpn_Jpan,521,3,36
jpn_Jpan,521,4,36
jpn_Jpan,521,5,13
jpn_Jpan,521,6,47
jpn_Jpan,521,7,19
jpn_Jpan,521,8,13
jpn_Jpan,521,9,36
jpn_Jpan,521,10,36
jpn_Jpan,521,11,13
jpn_Jpan,521,12,13
jpn_Jpan,521,13,47
jpn_Jpan,521,14,13
jpn_Jpan,521,15,13
jpn_Jpan,521,16,13
jpn_Jpan,521,17,13
jpn_Jpan,521,18,19
jpn_Jpan,521,19,47
jpn_Jpan,521,20,36
jpn_Jpan,521,21,36
jpn_Jpan,521,22,13
jpn_Jpan,521,23,13
jpn_Jpan,521,24,24
jpn_Jpan,521,25,13
jpn_Jpan,521,26,19
jpn_Jpan,521,27,13
jpn_Jpan,521,28,36
jpn_Jpan,521,29,36
jpn_Jpan,521,30,36
jpn_Jpan,521,31,36
jpn_Jpan,521,32,24
jpn_Jpan,521,33,13
jpn_Jpan,521,34,61
jpn_Jpan,521,35,61
jpn_Jpan,521,36,13
jpn_Jpan,521,37,39
jpn_Jpan,521,38,39
jpn_Jpan,521,39,36
jpn_Jpan,521,40,13
jpn_Jpan,521,41,47
jpn_Jpan,521,42,34
jpn_Jpan,522,0,60
jpn_Jpan,522,1,13
jpn_Jpan,522,2,47
jpn_Jpan,522,3,19
jpn_Jpan,522,4,13
jpn_Jpan,522,5,13
jpn_Jpan,522,6,24
jpn_Jpan,522,7,13
jpn_Jpan,522,8,29
jpn_Jpan,522,9,47
jpn_Jpan,522,10,39
jpn_Jpan,522,11,13
jpn_Jpan,522,12,13
jpn_Jpan,522,13,24
jpn_Jpan,522,14,24
jpn_Jpan,522,15,52
jpn_Jpan,522,16,47
jpn_Jpan,522,17,9
jpn_Jpan,522,18,24
jpn_Jpan,522,19,47
jpn_Jpan,522,20,19
jpn_Jpan,522,21,61
jpn_Jpan,522,22,47
jpn_Jpan,522,23,19
jpn_Jpan,522,24,13
jpn_Jpan,522,25,13
jpn_Jpan,522,26,61
jpn_Jpan,522,27,19
jpn_Jpan,522,28,19
jpn_Jpan,522,29,13
jpn_Jpan,522,30,9
jpn_Jpan,522,31,24
jpn_Jpan,522,32,47
jpn_Jpan,522,33,19
jpn_Jpan,522,34,13
jpn_Jpan,522,35,24
jpn_Jpan,522,36,19
jpn_Jpan,522,37,13
jpn_Jpan,522,38,19
jpn_Jpan,522,39,47
jpn_Jpan,522,40,34
jpn_Jpan,523,0,60
jpn_Jpan,523,1,13
jpn_Jpan,523,2,61
jpn_Jpan,523,3,13
jpn_Jpan,523,4,52
jpn_Jpan,523,5,24
jpn_Jpan,523,6,13
jpn_Jpan,523,7,19
jpn_Jpan,523,8,13
jpn_Jpan,523,9,13
jpn_Jpan,524,0,60
jpn_Jpan,524,1,46
jpn_Jpan,524,2,24
jpn_Jpan,524,3,13
jpn_Jpan,524,4,47
jpn_Jpan,524,5,13
jpn_Jpan,524,6,13
jpn_Jpan,524,7,13
jpn_Jpan,524,8,39
jpn_Jpan,524,9,13
jpn_Jpan,524,10,24
jpn_Jpan,524,11,47
jpn_Jpan,524,12,13
jpn_Jpan,524,13,13
jpn_Jpan,524,14,13
jpn_Jpan,524,15,13
jpn_Jpan,524,16,13
jpn_Jpan,524,17,24
jpn_Jpan,524,18,61
jpn_Jpan,524,19,13
jpn_Jpan,524,20,13
jpn_Jpan,524,21,24
jpn_Jpan,524,22,47
jpn_Jpan,524,23,19
jpn_Jpan,524,24,13
jpn_Jpan,524,25,13
jpn_Jpan,524,26,13
jpn_Jpan,524,27,13
jpn_Jpan,524,28,24
jpn_Jpan,524,29,13
jpn_Jpan,524,30,24
jpn_Jpan,525,0,60
jpn_Jpan,525,1,13
jpn_Jpan,525,2,13
jpn_Jpan,525,3,39
jpn_Jpan,525,4,24
jpn_Jpan,525,5,47
jpn_Jpan,525,6,13
jpn_Jpan,525,7,13
jpn_Jpan,525,8,24
jpn_Jpan,525,9,19
jpn_Jpan,525,10,13
jpn_Jpan,525,11,13
jpn_Jpan,525,12,13
jpn_Jpan,525,13,7
jpn_Jpan,526,0,60
jpn_Jpan,526,1,13
jpn_Jpan,526,2,19
jpn_Jpan,526,3,19
jpn_Jpan,526,4,13
jpn_Jpan,526,5,13
jpn_Jpan,526,6,47
jpn_Jpan,526,7,13
jpn_Jpan,526,8,39
jpn_Jpan,526,9,13
jpn_Jpan,526,10,24
jpn_Jpan,526,11,52
jpn_Jpan,526,12,52
jpn_Jpan,526,13,13
jpn_Jpan,526,14,13
jpn_Jpan,526,15,13
jpn_Jpan,526,16,13
jpn_Jpan,526,17,34
jpn_Jpan,526,18,52
jpn_Jpan,526,19,13
jpn_Jpan,526,20,24
jpn_Jpan,526,21,47
jpn_Jpan,526,22,47
jpn_Jpan,526,23,13
jpn_Jpan,526,24,24
jpn_Jpan,526,25,52
jpn_Jpan,526,26,24
jpn_Jpan,526,27,13
jpn_Jpan,526,28,13
jpn_Jpan,526,29,13
jpn_Jpan,526,30,24
jpn_Jpan,526,31,13
jpn_Jpan,526,32,34
jpn_Jpan,526,33,51
jpn_Jpan,526,34,51
jpn_Jpan,527,0,60
jpn_Jpan,527,1,13
jpn_Jpan,527,2,13
jpn_Jpan,527,3,13
jpn_Jpan,527,4,13
jpn_Jpan,527,5,36
jpn_Jpan,527,6,36
jpn_Jpan,527,7,36
jpn_Jpan,527,8,47
jpn_Jpan,527,9,19
jpn_Jpan,527,10,13
jpn_Jpan,527,11,61
jpn_Jpan,527,12,13
jpn_Jpan,527,13,13
jpn_Jpan,527,14,13
jpn_Jpan,527,15,13
jpn_Jpan,527,16,13
jpn_Jpan,527,17,52
jpn_Jpan,527,18,13
jpn_Jpan,527,19,34
jpn_Jpan,528,0,60
jpn_Jpan,528,1,13
jpn_Jpan,528,2,24
jpn_Jpan,528,3,24
jpn_Jpan,528,4,19
jpn_Jpan,528,5,13
jpn_Jpan,528,6,13
jpn_Jpan,528,7,13
jpn_Jpan,528,8,13
jpn_Jpan,528,9,24
jpn_Jpan,528,10,47
jpn_Jpan,528,11,13
jpn_Jpan,528,12,13
jpn_Jpan,528,13,24
jpn_Jpan,528,14,13
jpn_Jpan,528,15,61
jpn_Jpan,528,16,19
jpn_Jpan,528,17,13
jpn_Jpan,528,18,13
jpn_Jpan,528,19,13
jpn_Jpan,528,20,13
jpn_Jpan,528,21,13
jpn_Jpan,528,22,19
jpn_Jpan,528,23,13
jpn_Jpan,528,24,13
jpn_Jpan,528,25,13
jpn_Jpan,528,26,34
jpn_Jpan,529,0,60
jpn_Jpan,529,1,40
jpn_Jpan,529,2,22
jpn_Jpan,530,0,60
jpn_Jpan,530,1,36
jpn_Jpan,530,2,13
jpn_Jpan,530,3,36
jpn_Jpan,530,4,24
jpn_Jpan,530,5,52
jpn_Jpan,530,6,52
jpn_Jpan,530,7,13
jpn_Jpan,530,8,13
jpn_Jpan,530,9,13
jpn_Jpan,530,10,24
jpn_Jpan,530,11,19
jpn_Jpan,530,12,13
jpn_Jpan,530,13,24
jpn_Jpan,530,14,47
jpn_Jpan,530,15,13
jpn_Jpan,530,16,13
jpn_Jpan,530,17,24
jpn_Jpan,530,18,13
jpn_Jpan,530,19,13
jpn_Jpan,530,20,13
jpn_Jpan,530,21,24
jpn_Jpan,530,22,13
jpn_Jpan,530,23,13
jpn_Jpan,530,24,34
jpn_Jpan,530,25,13
jpn_Jpan,530,26,24
jpn_Jpan,530,27,19
jpn_Jpan,530,28,13
jpn_Jpan,530,29,13
jpn_Jpan,530,30,34
jpn_Jpan,530,31,51
jpn_Jpan,531,0,60
jpn_Jpan,531,1,24
jpn_Jpan,531,2,13
jpn_Jpan,531,3,13
jpn_Jpan,531,4,13
jpn_Jpan,531,5,13
jpn_Jpan,531,6,24
jpn_Jpan,531,7,13
jpn_Jpan,531,8,24
jpn_Jpan,531,9,24
jpn_Jpan,531,10,13
jpn_Jpan,531,11,19
jpn_Jpan,531,12,13
jpn_Jpan,531,13,51
jpn_Jpan,532,0,60
jpn_Jpan,532,1,13
jpn_Jpan,532,2,24
jpn_Jpan,532,3,13
jpn_Jpan,532,4,13
jpn_Jpan,532,5,13
jpn_Jpan,532,6,13
jpn_Jpan,532,7,13
jpn_Jpan,532,8,19
jpn_Jpan,532,9,34
jpn_Jpan,532,10,36
jpn_Jpan,532,11,19
jpn_Jpan,532,12,13
jpn_Jpan,532,13,19
jpn_Jpan,532,14,36
jpn_Jpan,532,15,13
jpn_Jpan,532,16,13
jpn_Jpan,532,17,24
jpn_Jpan,532,18,24
jpn_Jpan,532,19,19
jpn_Jpan,532,20,13
jpn_Jpan,532,21,61
jpn_Jpan,532,22,13
jpn_Jpan,532,23,13
jpn_Jpan,532,24,34
jpn_Jpan,533,0,60
jpn_Jpan,533,1,24
jpn_Jpan,533,2,13
jpn_Jpan,533,3,9
jpn_Jpan,533,4,13
jpn_Jpan,533,5,24
jpn_Jpan,533,6,24
jpn_Jpan,533,7,19
jpn_Jpan,533,8,13
jpn_Jpan,533,9,24
jpn_Jpan,533,10,61
jpn_Jpan,533,11,13
jpn_Jpan,533,12,19
jpn_Jpan,533,13,13
jpn_Jpan,533,14,9
jpn_Jpan,533,15,24
jpn_Jpan,533,16,61
jpn_Jpan,533,17,13
jpn_Jpan,533,18,13
jpn_Jpan,533,19,7
jpn_Jpan,533,20,9
jpn_Jpan,533,21,13
jpn_Jpan,533,22,24
jpn_Jpan,533,23,34
jpn_Jpan,534,0,60
jpn_Jpan,534,1,13
jpn_Jpan,534,2,36
jpn_Jpan,534,3,19
jpn_Jpan,534,4,13
jpn_Jpan,534,5,13
jpn_Jpan,534,6,24
jpn_Jpan,534,7,61
jpn_Jpan,534,8,19
jpn_Jpan,534,9,13
jpn_Jpan,534,10,13
jpn_Jpan,534,11,24
jpn_Jpan,534,12,13
jpn_Jpan,534,13,47
jpn_Jpan,534,14,19
jpn_Jpan,534,15,13
jpn_Jpan,534,16,13
jpn_Jpan,534,17,24
jpn_Jpan,534,18,19
jpn_Jpan,534,19,13
jpn_Jpan,534,20,34
jpn_Jpan,535,0,60
jpn_Jpan,535,1,19
jpn_Jpan,535,2,13
jpn_Jpan,535,3,13
jpn_Jpan,535,4,13
jpn_Jpan,535,5,13
jpn_Jpan,535,6,13
jpn_Jpan,535,7,24
jpn_Jpan,535,8,13
jpn_Jpan,535,9,13
jpn_Jpan,535,10,13
jpn_Jpan,535,11,24
jpn_Jpan,535,12,61
jpn_Jpan,535,13,13
jpn_Jpan,535,14,13
jpn_Jpan,535,15,24
jpn_Jpan,535,16,13
jpn_Jpan,535,17,13
jpn_Jpan,535,18,34
jpn_Jpan,535,19,13
jpn_Jpan,535,20,24
jpn_Jpan,535,21,24
jpn_Jpan,535,22,13
jpn_Jpan,535,23,24
jpn_Jpan,535,24,13
jpn_Jpan,535,25,13
jpn_Jpan,535,26,24
jpn_Jpan,535,27,24
jpn_Jpan,535,28,13
jpn_Jpan,535,29,13
jpn_Jpan,535,30,24
jpn_Jpan,535,31,13
jpn_Jpan,535,32,13
jpn_Jpan,535,33,13
jpn_Jpan,535,34,51
jpn_Jpan,536,0,60
jpn_Jpan,536,1,13
jpn_Jpan,536,2,52
jpn_Jpan,536,3,1
jpn_Jpan,536,4,52
jpn_Jpan,536,5,13
jpn_Jpan,536,6,12
jpn_Jpan,536,7,19
jpn_Jpan,536,8,52
jpn_Jpan,536,9,13
jpn_Jpan,536,10,13
jpn_Jpan,536,11,58
jpn_Jpan,536,12,24
jpn_Jpan,536,13,13
jpn_Jpan,536,14,13
jpn_Jpan,536,15,24
jpn_Jpan,536,16,13
jpn_Jpan,536,17,19
jpn_Jpan,536,18,13
jpn_Jpan,536,19,13
jpn_Jpan,536,20,47
jpn_Jpan,536,21,19
jpn_Jpan,536,22,13
jpn_Jpan,536,23,13
jpn_Jpan,536,24,13
jpn_Jpan,536,25,19
jpn_Jpan,536,26,13
jpn_Jpan,536,27,13
jpn_Jpan,536,28,13
jpn_Jpan,536,29,1
jpn_Jpan,536,30,13
jpn_Jpan,536,31,13
jpn_Jpan,536,32,13
jpn_Jpan,536,33,19
jpn_Jpan,536,34,13
jpn_Jpan,536,35,24
jpn_Jpan,536,36,13
jpn_Jpan,536,37,19
jpn_Jpan,536,38,34
jpn_Jpan,536,39,13
jpn_Jpan,536,40,34
jpn_Jpan,537,0,60
jpn_Jpan,537,1,13
jpn_Jpan,537,2,13
jpn_Jpan,537,3,39
jpn_Jpan,537,4,39
jpn_Jpan,537,5,24
jpn_Jpan,537,6,13
jpn_Jpan,537,7,24
jpn_Jpan,537,8,19
jpn_Jpan,537,9,39
jpn_Jpan,537,10,39
jpn_Jpan,538,0,60
jpn_Jpan,538,1,13
jpn_Jpan,538,2,13
jpn_Jpan,538,3,13
jpn_Jpan,538,4,13
jpn_Jpan,538,5,24
jpn_Jpan,538,6,52
jpn_Jpan,538,7,47
jpn_Jpan,538,8,13
jpn_Jpan,538,9,1
jpn_Jpan,538,10,13
jpn_Jpan,538,11,13
jpn_Jpan,538,12,12
jpn_Jpan,538,13,39
jpn_Jpan,538,14,7
jpn_Jpan,538,15,12
jpn_Jpan,538,16,61
jpn_Jpan,538,17,39
jpn_Jpan,538,18,13
jpn_Jpan,538,19,13
jpn_Jpan,538,20,24
jpn_Jpan,538,21,24
jpn_Jpan,538,22,13
jpn_Jpan,538,23,19
jpn_Jpan,538,24,24
jpn_Jpan,538,25,19
jpn_Jpan,538,26,13
jpn_Jpan,538,27,13
jpn_Jpan,538,28,61
jpn_Jpan,538,29,13
jpn_Jpan,538,30,13
jpn_Jpan,538,31,47
jpn_Jpan,538,32,13
jpn_Jpan,538,33,13
jpn_Jpan,538,34,13
jpn_Jpan,538,35,47
jpn_Jpan,538,36,47
jpn_Jpan,538,37,13
jpn_Jpan,538,38,19
jpn_Jpan,538,39,13
jpn_Jpan,538,40,13
jpn_Jpan,539,0,60
jpn_Jpan,539,1,40
jpn_Jpan,539,2,12
jpn_Jpan,539,3,27
jpn_Jpan,539,4,47
jpn_Jpan,539,5,40
jpn_Jpan,539,6,12
jpn_Jpan,539,7,58
jpn_Jpan,539,8,12
jpn_Jpan,539,9,9
jpn_Jpan,540,0,60
jpn_Jpan,540,1,36
jpn_Jpan,540,2,19
jpn_Jpan,540,3,13
jpn_Jpan,540,4,36
jpn_Jpan,540,5,24
jpn_Jpan,540,6,47
jpn_Jpan,540,7,13
jpn_Jpan,540,8,19
jpn_Jpan,540,9,13
jpn_Jpan,540,10,13
jpn_Jpan,540,11,47
jpn_Jpan,540,12,13
jpn_Jpan,540,13,24
jpn_Jpan,540,14,13
jpn_Jpan,540,15,37
jpn_Jpan,540,16,52
jpn_Jpan,540,17,1
jpn_Jpan,540,18,52
jpn_Jpan,540,19,13
jpn_Jpan,540,20,13
jpn_Jpan,540,21,36
jpn_Jpan,540,22,13
jpn_Jpan,540,23,34
jpn_Jpan,540,24,13
jpn_Jpan,540,25,34
jpn_Jpan,540,26,19
jpn_Jpan,540,27,13
jpn_Jpan,541,0,60
jpn_Jpan,541,1,13
jpn_Jpan,541,2,13
jpn_Jpan,541,3,13
jpn_Jpan,541,4,24
jpn_Jpan,541,5,47
jpn_Jpan,541,6,13
jpn_Jpan,541,7,13
jpn_Jpan,541,8,13
jpn_Jpan,541,9,47
jpn_Jpan,541,10,19
jpn_Jpan,541,11,13
jpn_Jpan,541,12,13
jpn_Jpan,541,13,13
jpn_Jpan,541,14,13
jpn_Jpan,541,15,13
jpn_Jpan,541,16,19
jpn_Jpan,541,17,36
jpn_Jpan,541,18,47
jpn_Jpan,541,19,13
jpn_Jpan,542,0,60
jpn_Jpan,542,1,60
jpn_Jpan,542,2,7
jpn_Jpan,542,3,13
jpn_Jpan,542,4,36
jpn_Jpan,542,5,1
jpn_Jpan,542,6,33
jpn_Jpan,542,7,1
jpn_Jpan,542,8,36
jpn_Jpan,542,9,24
jpn_Jpan,542,10,52
jpn_Jpan,542,11,36
jpn_Jpan,542,12,36
jpn_Jpan,542,13,1
jpn_Jpan,542,14,33
jpn_Jpan,542,15,1
jpn_Jpan,542,16,36
jpn_Jpan,542,17,24
jpn_Jpan,542,18,52
jpn_Jpan,542,19,36
jpn_Jpan,542,20,24
jpn_Jpan,542,21,47
jpn_Jpan,542,22,13
jpn_Jpan,542,23,1
jpn_Jpan,542,24,19
jpn_Jpan,542,25,13
jpn_Jpan,542,26,34
jpn_Jpan,543,0,60
jpn_Jpan,543,1,12
jpn_Jpan,543,2,58
jpn_Jpan,543,3,1
jpn_Jpan,543,4,13
jpn_Jpan,543,5,13
jpn_Jpan,543,6,13
jpn_Jpan,543,7,13
jpn_Jpan,543,8,13
jpn_Jpan,543,9,13
jpn_Jpan,543,10,13
jpn_Jpan,543,11,13
jpn_Jpan,543,12,13
jpn_Jpan,543,13,13
jpn_Jpan,543,14,13
jpn_Jpan,543,15,13
jpn_Jpan,543,16,13
jpn_Jpan,543,17,13
jpn_Jpan,544,0,60
jpn_Jpan,544,1,36
jpn_Jpan,544,2,13
jpn_Jpan,544,3,36
jpn_Jpan,544,4,24
jpn_Jpan,544,5,47
jpn_Jpan,544,6,13
jpn_Jpan,544,7,39
jpn_Jpan,544,8,19
jpn_Jpan,544,9,13
jpn_Jpan,544,10,36
jpn_Jpan,544,11,24
jpn_Jpan,544,12,13
jpn_Jpan,544,13,13
jpn_Jpan,544,14,13
jpn_Jpan,544,15,36
jpn_Jpan,544,16,36
jpn_Jpan,544,17,47
jpn_Jpan,544,18,36
jpn_Jpan,544,19,19
jpn_Jpan,544,20,36
jpn_Jpan,544,21,61
jpn_Jpan,544,22,13
jpn_Jpan,544,23,13
jpn_Jpan,544,24,24
jpn_Jpan,544,25,13
jpn_Jpan,544,26,13
jpn_Jpan,544,27,13
jpn_Jpan,544,28,36
jpn_Jpan,544,29,13
jpn_Jpan,544,30,34
jpn_Jpan,544,31,13
jpn_Jpan,544,32,34
jpn_Jpan,545,0,60
jpn_Jpan,545,1,47
jpn_Jpan,545,2,19
jpn_Jpan,545,3,13
jpn_Jpan,545,4,13
jpn_Jpan,545,5,13
jpn_Jpan,545,6,13
jpn_Jpan,545,7,13
jpn_Jpan,545,8,13
jpn_Jpan,545,9,47
jpn_Jpan,545,10,47
jpn_Jpan,545,11,7
jpn_Jpan,545,12,36
jpn_Jpan,545,13,24
jpn_Jpan,545,14,52
jpn_Jpan,545,15,13
jpn_Jpan,545,16,36
jpn_Jpan,545,17,24
jpn_Jpan,545,18,13
jpn_Jpan,545,19,13
jpn_Jpan,545,20,24
jpn_Jpan,545,21,24
jpn_Jpan,545,22,19
jpn_Jpan,545,23,13
jpn_Jpan,545,24,19
jpn_Jpan,545,25,13
jpn_Jpan,545,26,24
jpn_Jpan,545,27,19
jpn_Jpan,545,28,13
jpn_Jpan,545,29,13
jpn_Jpan,545,30,24
jpn_Jpan,545,31,13
jpn_Jpan,545,32,61
jpn_Jpan,545,33,13
jpn_Jpan,545,34,52
jpn_Jpan,545,35,13
jpn_Jpan,545,36,13
jpn_Jpan,545,37,24
jpn_Jpan,545,38,24
jpn_Jpan,545,39,13
jpn_Jpan,545,40,13
jpn_Jpan,545,41,24
jpn_Jpan,545,42,19
jpn_Jpan,545,43,13
jpn_Jpan,545,44,13
jpn_Jpan,545,45,34
jpn_Jpan,545,46,36
jpn_Jpan,545,47,34
jpn_Jpan,545,48,13
jpn_Jpan,545,49,19
jpn_Jpan,545,50,34
jpn_Jpan,545,51,24
jpn_Jpan,545,52,19
jpn_Jpan,545,53,13
jpn_Jpan,545,54,34
jpn_Jpan,546,0,60
jpn_Jpan,546,1,13
jpn_Jpan,546,2,52
jpn_Jpan,546,3,1
jpn_Jpan,546,4,52
jpn_Jpan,546,5,13
jpn_Jpan,546,6,52
jpn_Jpan,546,7,1
jpn_Jpan,546,8,52
jpn_Jpan,546,9,52
jpn_Jpan,546,10,13
jpn_Jpan,546,11,34
jpn_Jpan,546,12,12
jpn_Jpan,546,13,47
jpn_Jpan,546,14,19
jpn_Jpan,546,15,19
jpn_Jpan,546,16,19
jpn_Jpan,546,17,13
jpn_Jpan,546,18,13
jpn_Jpan,546,19,13
jpn_Jpan,546,20,13
jpn_Jpan,546,21,24
jpn_Jpan,546,22,13
jpn_Jpan,546,23,19
jpn_Jpan,546,24,13
jpn_Jpan,546,25,13
jpn_Jpan,546,26,24
jpn_Jpan,546,27,24
jpn_Jpan,546,28,13
jpn_Jpan,546,29,13
jpn_Jpan,546,30,13
jpn_Jpan,546,31,24
jpn_Jpan,546,32,13
jpn_Jpan,546,33,19
jpn_Jpan,546,34,13
jpn_Jpan,546,35,19
jpn_Jpan,546,36,24
jpn_Jpan,546,37,13
jpn_Jpan,546,38,19
jpn_Jpan,546,39,13
jpn_Jpan,547,0,60
jpn_Jpan,547,1,47
jpn_Jpan,547,2,19
jpn_Jpan,547,3,36
jpn_Jpan,547,4,13
jpn_Jpan,547,5,13
jpn_Jpan,547,6,34
jpn_Jpan,547,7,13
jpn_Jpan,547,8,24
jpn_Jpan,547,9,34
jpn_Jpan,547,10,24
jpn_Jpan,547,11,52
jpn_Jpan,547,12,13
jpn_Jpan,547,13,13
jpn_Jpan,547,14,13
jpn_Jpan,547,15,13
jpn_Jpan,547,16,13
jpn_Jpan,547,17,13
jpn_Jpan,547,18,51
jpn_Jpan,547,19,51
jpn_Jpan,547,20,13
jpn_Jpan,547,21,13
jpn_Jpan,547,22,51
jpn_Jpan,547,23,24
jpn_Jpan,547,24,24
jpn_Jpan,547,25,13
jpn_Jpan,547,26,19
jpn_Jpan,547,27,13
jpn_Jpan,547,28,34
jpn_Jpan,547,29,13
jpn_Jpan,547,30,19
jpn_Jpan,547,31,13
jpn_Jpan,547,32,13
jpn_Jpan,547,33,24
jpn_Jpan,547,34,52
jpn_Jpan,547,35,13
jpn_Jpan,547,36,13
jpn_Jpan,547,37,13
jpn_Jpan,547,38,34
jpn_Jpan,547,39,13
jpn_Jpan,547,40,13
jpn_Jpan,547,41,13
jpn_Jpan,547,42,51
jpn_Jpan,547,43,51
jpn_Jpan,548,0,60
jpn_Jpan,548,1,47
jpn_Jpan,548,2,13
jpn_Jpan,548,3,13
jpn_Jpan,548,4,13
jpn_Jpan,548,5,24
jpn_Jpan,548,6,47
jpn_Jpan,548,7,13
jpn_Jpan,548,8,13
jpn_Jpan,548,9,47
jpn_Jpan,548,10,7
jpn_Jpan,548,11,24
jpn_Jpan,548,12,47
jpn_Jpan,548,13,19
jpn_Jpan,548,14,13
jpn_Jpan,548,15,13
jpn_Jpan,548,16,47
jpn_Jpan,548,17,13
jpn_Jpan,548,18,9
jpn_Jpan,548,19,52
jpn_Jpan,548,20,52
jpn_Jpan,548,21,52
jpn_Jpan,548,22,12
jpn_Jpan,548,23,47
jpn_Jpan,548,24,13
jpn_Jpan,548,25,9
jpn_Jpan,548,26,24
jpn_Jpan,548,27,24
jpn_Jpan,548,28,13
jpn_Jpan,548,29,47
jpn_Jpan,548,30,13
jpn_Jpan,548,31,34
jpn_Jpan,548,32,47
jpn_Jpan,548,33,13
jpn_Jpan,548,34,13
jpn_Jpan,548,35,13
jpn_Jpan,548,36,47
jpn_Jpan,548,37,13
jpn_Jpan,549,0,60
jpn_Jpan,549,1,13
jpn_Jpan,549,2,24
jpn_Jpan,549,3,13
jpn_Jpan,549,4,24
jpn_Jpan,549,5,24
jpn_Jpan,549,6,47
jpn_Jpan,549,7,13
jpn_Jpan,549,8,24
jpn_Jpan,549,9,61
jpn_Jpan,549,10,19
jpn_Jpan,549,11,13
jpn_Jpan,549,12,13
jpn_Jpan,549,13,13
jpn_Jpan,549,14,61
jpn_Jpan,549,15,13
jpn_Jpan,549,16,24
jpn_Jpan,549,17,47
jpn_Jpan,549,18,47
jpn_Jpan,549,19,19
jpn_Jpan,549,20,39
jpn_Jpan,549,21,13
jpn_Jpan,549,22,13
jpn_Jpan,549,23,13
jpn_Jpan,549,24,24
jpn_Jpan,549,25,13
jpn_Jpan,549,26,13
jpn_Jpan,549,27,24
jpn_Jpan,549,28,13
jpn_Jpan,549,29,13
jpn_Jpan,549,30,13
jpn_Jpan,549,31,13
jpn_Jpan,549,32,34
jpn_Jpan,549,33,13
jpn_Jpan,549,34,13
jpn_Jpan,549,35,13
jpn_Jpan,549,36,51
jpn_Jpan,549,37,51
jpn_Jpan,550,0,60
jpn_Jpan,550,1,13
jpn_Jpan,550,2,36
jpn_Jpan,550,3,47
jpn_Jpan,550,4,13
jpn_Jpan,550,5,24
jpn_Jpan,550,6,61
jpn_Jpan,550,7,13
jpn_Jpan,550,8,24
jpn_Jpan,550,9,47
jpn_Jpan,550,10,36
jpn_Jpan,550,11,24
jpn_Jpan,550,12,47
jpn_Jpan,550,13,13
jpn_Jpan,550,14,24
jpn_Jpan,550,15,52
jpn_Jpan,550,16,52
jpn_Jpan,550,17,47
jpn_Jpan,550,18,13
jpn_Jpan,550,19,19
jpn_Jpan,550,20,13
jpn_Jpan,550,21,13
jpn_Jpan,550,22,24
jpn_Jpan,550,23,24
jpn_Jpan,550,24,52
jpn_Jpan,550,25,13
jpn_Jpan,550,26,24
jpn_Jpan,550,27,19
jpn_Jpan,550,28,13
jpn_Jpan,550,29,39
jpn_Jpan,550,30,24
jpn_Jpan,550,31,13
jpn_Jpan,550,32,13
jpn_Jpan,550,33,13
jpn_Jpan,550,34,24
jpn_Jpan,550,35,61
jpn_Jpan,550,36,13
jpn_Jpan,550,37,61
jpn_Jpan,550,38,13
jpn_Jpan,550,39,24
jpn_Jpan,550,40,61
jpn_Jpan,550,41,13
jpn_Jpan,550,42,24
jpn_Jpan,550,43,13
jpn_Jpan,550,44,34
jpn_Jpan,550,45,4
jpn_Jpan,550,46,34
jpn_Jpan,551,0,60
jpn_Jpan,551,1,1
jpn_Jpan,551,2,52
jpn_Jpan,551,3,13
jpn_Jpan,551,4,13
jpn_Jpan,551,5,24
jpn_Jpan,551,6,26
jpn_Jpan,551,7,36
jpn_Jpan,551,8,47
jpn_Jpan,551,9,13
jpn_Jpan,551,10,47
jpn_Jpan,551,11,13
jpn_Jpan,551,12,39
jpn_Jpan,551,13,47
jpn_Jpan,551,14,47
jpn_Jpan,551,15,13
jpn_Jpan,551,16,24
jpn_Jpan,551,17,13
jpn_Jpan,551,18,61
jpn_Jpan,551,19,34
jpn_Jpan,551,20,34
jpn_Jpan,551,21,24
jpn_Jpan,551,22,24
jpn_Jpan,551,23,61
jpn_Jpan,551,24,36
jpn_Jpan,551,25,47
jpn_Jpan,551,26,13
jpn_Jpan,551,27,13
jpn_Jpan,551,28,13
jpn_Jpan,551,29,39
jpn_Jpan,551,30,13
jpn_Jpan,551,31,61
jpn_Jpan,551,32,13
jpn_Jpan,551,33,7
jpn_Jpan,551,34,13
jpn_Jpan,551,35,13
jpn_Jpan,551,36,42
jpn_Jpan,551,37,13
jpn_Jpan,551,38,13
jpn_Jpan,551,39,24
jpn_Jpan,551,40,19
jpn_Jpan,551,41,34
jpn_Jpan,551,42,13
jpn_Jpan,552,0,60
jpn_Jpan,552,1,40
jpn_Jpan,552,2,47
jpn_Jpan,552,3,47
jpn_Jpan,552,4,13
jpn_Jpan,552,5,24
jpn_Jpan,552,6,24
jpn_Jpan,552,7,19
jpn_Jpan,552,8,13
jpn_Jpan,552,9,13
jpn_Jpan,552,10,13
jpn_Jpan,552,11,24
jpn_Jpan,552,12,47
jpn_Jpan,552,13,19
jpn_Jpan,552,14,39
jpn_Jpan,552,15,34
jpn_Jpan,552,16,34
jpn_Jpan,552,17,24
jpn_Jpan,552,18,24
jpn_Jpan,552,19,52
jpn_Jpan,552,20,24
jpn_Jpan,552,21,52
jpn_Jpan,552,22,19
jpn_Jpan,552,23,24
jpn_Jpan,552,24,13
jpn_Jpan,552,25,13
jpn_Jpan,552,26,13
jpn_Jpan,552,27,61
jpn_Jpan,552,28,13
jpn_Jpan,552,29,13
jpn_Jpan,552,30,13
jpn_Jpan,552,31,51
jpn_Jpan,553,0,60
jpn_Jpan,553,1,19
jpn_Jpan,553,2,8
jpn_Jpan,553,3,19
jpn_Jpan,553,4,26
jpn_Jpan,553,5,49
jpn_Jpan,553,6,12
jpn_Jpan,553,7,58
jpn_Jpan,553,8,12
jpn_Jpan,553,9,61
jpn_Jpan,554,0,60
jpn_Jpan,554,1,13
jpn_Jpan,554,2,13
jpn_Jpan,554,3,13
jpn_Jpan,554,4,36
jpn_Jpan,554,5,24
jpn_Jpan,554,6,19
jpn_Jpan,554,7,13
jpn_Jpan,554,8,13
jpn_Jpan,554,9,36
jpn_Jpan,554,10,13
jpn_Jpan,554,11,13
jpn_Jpan,554,12,36
jpn_Jpan,554,13,47
jpn_Jpan,554,14,47
jpn_Jpan,554,15,19
jpn_Jpan,554,16,61
jpn_Jpan,554,17,13
jpn_Jpan,554,18,13
jpn_Jpan,554,19,24
jpn_Jpan,554,20,13
jpn_Jpan,554,21,13
jpn_Jpan,554,22,24
jpn_Jpan,554,23,19
jpn_Jpan,554,24,13
jpn_Jpan,554,25,34
jpn_Jpan,554,26,13
jpn_Jpan,554,27,24
jpn_Jpan,554,28,13
jpn_Jpan,554,29,24
jpn_Jpan,554,30,24
jpn_Jpan,554,31,19
jpn_Jpan,554,32,7
jpn_Jpan,554,33,13
jpn_Jpan,554,34,24
jpn_Jpan,554,35,36
jpn_Jpan,554,36,13
jpn_Jpan,554,37,13
jpn_Jpan,554,38,34
jpn_Jpan,554,39,13
jpn_Jpan,554,40,13
jpn_Jpan,554,41,34
jpn_Jpan,554,42,13
jpn_Jpan,554,43,13
jpn_Jpan,554,44,13
jpn_Jpan,554,45,51
jpn_Jpan,554,46,51
jpn_Jpan,555,0,60
jpn_Jpan,555,1,13
jpn_Jpan,555,2,39
jpn_Jpan,555,3,13
jpn_Jpan,555,4,12
jpn_Jpan,555,5,13
jpn_Jpan,555,6,61
jpn_Jpan,555,7,13
jpn_Jpan,555,8,13
jpn_Jpan,555,9,47
jpn_Jpan,555,10,13
jpn_Jpan,555,11,24
jpn_Jpan,555,12,61
jpn_Jpan,555,13,13
jpn_Jpan,555,14,24
jpn_Jpan,555,15,13
jpn_Jpan,555,16,19
jpn_Jpan,555,17,13
jpn_Jpan,556,0,60
jpn_Jpan,556,1,36
jpn_Jpan,556,2,24
jpn_Jpan,556,3,13
jpn_Jpan,556,4,36
jpn_Jpan,556,5,52
jpn_Jpan,556,6,47
jpn_Jpan,556,7,13
jpn_Jpan,556,8,24
jpn_Jpan,556,9,47
jpn_Jpan,556,10,13
jpn_Jpan,556,11,61
jpn_Jpan,556,12,13
jpn_Jpan,556,13,13
jpn_Jpan,556,14,24
jpn_Jpan,556,15,13
jpn_Jpan,556,16,24
jpn_Jpan,556,17,24
jpn_Jpan,556,18,13
jpn_Jpan,556,19,13
jpn_Jpan,556,20,24
jpn_Jpan,556,21,13
jpn_Jpan,556,22,13
jpn_Jpan,556,23,24
jpn_Jpan,556,24,19
jpn_Jpan,556,25,13
jpn_Jpan,556,26,13
jpn_Jpan,556,27,24
jpn_Jpan,556,28,19
jpn_Jpan,556,29,13
jpn_Jpan,556,30,19
jpn_Jpan,556,31,13
jpn_Jpan,556,32,24
jpn_Jpan,556,33,13
jpn_Jpan,556,34,13
jpn_Jpan,556,35,13
jpn_Jpan,556,36,34
jpn_Jpan,556,37,34
jpn_Jpan,557,0,60
jpn_Jpan,557,1,36
jpn_Jpan,557,2,13
jpn_Jpan,557,3,13
jpn_Jpan,557,4,36
jpn_Jpan,557,5,36
jpn_Jpan,557,6,36
jpn_Jpan,557,7,13
jpn_Jpan,557,8,24
jpn_Jpan,557,9,13
jpn_Jpan,557,10,39
jpn_Jpan,557,11,24
jpn_Jpan,557,12,61
jpn_Jpan,557,13,19
jpn_Jpan,557,14,19
jpn_Jpan,557,15,13
jpn_Jpan,557,16,13
jpn_Jpan,557,17,34
jpn_Jpan,557,18,13
jpn_Jpan,557,19,36
jpn_Jpan,557,20,13
jpn_Jpan,557,21,28
jpn_Jpan,557,22,47
jpn_Jpan,557,23,47
jpn_Jpan,557,24,13
jpn_Jpan,557,25,19
jpn_Jpan,557,26,13
jpn_Jpan,557,27,61
jpn_Jpan,557,28,19
jpn_Jpan,557,29,34
jpn_Jpan,557,30,36
jpn_Jpan,557,31,13
jpn_Jpan,557,32,34
jpn_Jpan,557,33,34
jpn_Jpan,558,0,60
jpn_Jpan,558,1,13
jpn_Jpan,558,2,13
jpn_Jpan,558,3,13
jpn_Jpan,558,4,13
jpn_Jpan,558,5,39
jpn_Jpan,558,6,19
jpn_Jpan,558,7,13
jpn_Jpan,558,8,24
jpn_Jpan,558,9,19
jpn_Jpan,558,10,13
jpn_Jpan,558,11,13
jpn_Jpan,558,12,13
jpn_Jpan,558,13,13
jpn_Jpan,558,14,34
jpn_Jpan,558,15,9
jpn_Jpan,558,16,9
jpn_Jpan,558,17,19
jpn_Jpan,558,18,13
jpn_Jpan,558,19,13
jpn_Jpan,558,20,13
jpn_Jpan,558,21,13
jpn_Jpan,558,22,24
jpn_Jpan,558,23,24
jpn_Jpan,558,24,19
jpn_Jpan,558,25,13
jpn_Jpan,558,26,24
jpn_Jpan,558,27,13
jpn_Jpan,558,28,13
jpn_Jpan,558,29,13
jpn_Jpan,558,30,24
jpn_Jpan,558,31,47
jpn_Jpan,558,32,19
jpn_Jpan,558,33,13
jpn_Jpan,558,34,36
jpn_Jpan,558,35,24
jpn_Jpan,558,36,13
jpn_Jpan,558,37,13
jpn_Jpan,558,38,13
jpn_Jpan,558,39,34
jpn_Jpan,558,40,13
jpn_Jpan,558,41,24
jpn_Jpan,558,42,13
jpn_Jpan,558,43,51
jpn_Jpan,558,44,51
jpn_Jpan,558,45,51
jpn_Jpan,559,0,60
jpn_Jpan,559,1,13
jpn_Jpan,559,2,12
jpn_Jpan,559,3,24
jpn_Jpan,559,4,1
jpn_Jpan,559,5,13
jpn_Jpan,559,6,24
jpn_Jpan,559,7,19
jpn_Jpan,559,8,13
jpn_Jpan,559,9,19
jpn_Jpan,559,10,13
jpn_Jpan,559,11,13
jpn_Jpan,559,12,13
jpn_Jpan,559,13,36
jpn_Jpan,559,14,24
jpn_Jpan,559,15,24
jpn_Jpan,559,16,13
jpn_Jpan,559,17,13
jpn_Jpan,559,18,13
jpn_Jpan,559,19,13
jpn_Jpan,559,20,24
jpn_Jpan,559,21,47
jpn_Jpan,559,22,13
jpn_Jpan,559,23,19
jpn_Jpan,559,24,13
jpn_Jpan,559,25,13
jpn_Jpan,559,26,34
jpn_Jpan,559,27,24
jpn_Jpan,559,28,13
jpn_Jpan,559,29,36
jpn_Jpan,559,30,19
jpn_Jpan,559,31,13
jpn_Jpan,559,32,13
jpn_Jpan,559,33,24
jpn_Jpan,559,34,61
jpn_Jpan,559,35,13
jpn_Jpan,559,36,47
jpn_Jpan,559,37,47
jpn_Jpan,559,38,13
jpn_Jpan,559,39,24
jpn_Jpan,559,40,13
jpn_Jpan,559,41,13
jpn_Jpan,559,42,13
jpn_Jpan,559,43,13
jpn_Jpan,559,44,13
jpn_Jpan,559,45,34
jpn_Jpan,559,46,13
jpn_Jpan,559,47,19
jpn_Jpan,559,48,34
jpn_Jpan,559,49,13
jpn_Jpan,560,0,60
jpn_Jpan,560,1,13
jpn_Jpan,560,2,47
jpn_Jpan,560,3,13
jpn_Jpan,560,4,24
jpn_Jpan,560,5,13
jpn_Jpan,560,6,24
jpn_Jpan,560,7,24
jpn_Jpan,560,8,52
jpn_Jpan,560,9,47
jpn_Jpan,560,10,13
jpn_Jpan,561,0,60
jpn_Jpan,561,1,19
jpn_Jpan,561,2,39
jpn_Jpan,561,3,13
jpn_Jpan,561,4,39
jpn_Jpan,561,5,13
jpn_Jpan,561,6,13
jpn_Jpan,561,7,24
jpn_Jpan,561,8,19
jpn_Jpan,561,9,13
jpn_Jpan,561,10,13
jpn_Jpan,561,11,13
jpn_Jpan,561,12,39
jpn_Jpan,561,13,13
jpn_Jpan,561,14,24
jpn_Jpan,561,15,13
jpn_Jpan,561,16,34
jpn_Jpan,562,0,60
jpn_Jpan,562,1,24
jpn_Jpan,562,2,62
jpn_Jpan,562,3,24
jpn_Jpan,562,4,19
jpn_Jpan,562,5,13
jpn_Jpan,562,6,13
jpn_Jpan,562,7,24
jpn_Jpan,562,8,7
jpn_Jpan,562,9,36
jpn_Jpan,562,10,13
jpn_Jpan,562,11,13
jpn_Jpan,562,12,36
jpn_Jpan,562,13,24
jpn_Jpan,562,14,19
jpn_Jpan,562,15,13
jpn_Jpan,562,16,19
jpn_Jpan,562,17,13
jpn_Jpan,562,18,13
jpn_Jpan,562,19,13
jpn_Jpan,562,20,24
jpn_Jpan,562,21,13
jpn_Jpan,562,22,13
jpn_Jpan,562,23,24
jpn_Jpan,562,24,13
jpn_Jpan,562,25,13
jpn_Jpan,562,26,24
jpn_Jpan,562,27,13
jpn_Jpan,562,28,13
jpn_Jpan,562,29,34
jpn_Jpan,562,30,24
jpn_Jpan,562,31,19
jpn_Jpan,562,32,13
jpn_Jpan,562,33,19
jpn_Jpan,562,34,36
jpn_Jpan,562,35,34
jpn_Jpan,563,0,60
jpn_Jpan,563,1,13
jpn_Jpan,563,2,12
jpn_Jpan,563,3,13
jpn_Jpan,563,4,13
jpn_Jpan,563,5,39
jpn_Jpan,563,6,39
jpn_Jpan,563,7,51
jpn_Jpan,564,0,60
jpn_Jpan,564,1,13
jpn_Jpan,564,2,13
jpn_Jpan,564,3,13
jpn_Jpan,564,4,19
jpn_Jpan,564,5,13
jpn_Jpan,564,6,24
jpn_Jpan,564,7,13
jpn_Jpan,564,8,13
jpn_Jpan,564,9,13
jpn_Jpan,564,10,13
jpn_Jpan,564,11,19
jpn_Jpan,564,12,13
jpn_Jpan,564,13,13
jpn_Jpan,564,14,52
jpn_Jpan,564,15,52
jpn_Jpan,564,16,52
jpn_Jpan,564,17,47
jpn_Jpan,564,18,52
jpn_Jpan,564,19,52
jpn_Jpan,564,20,52
jpn_Jpan,564,21,13
jpn_Jpan,564,22,24
jpn_Jpan,564,23,13
jpn_Jpan,564,24,13
jpn_Jpan,564,25,13
jpn_Jpan,564,26,13
jpn_Jpan,564,27,19
jpn_Jpan,564,28,13
jpn_Jpan,564,29,24
jpn_Jpan,564,30,24
jpn_Jpan,564,31,61
jpn_Jpan,564,32,61
jpn_Jpan,564,33,39
jpn_Jpan,564,34,13
jpn_Jpan,564,35,13
jpn_Jpan,564,36,13
jpn_Jpan,564,37,24
jpn_Jpan,564,38,19
jpn_Jpan,564,39,36
jpn_Jpan,564,40,47
jpn_Jpan,564,41,36
jpn_Jpan,564,42,13
jpn_Jpan,564,43,13
jpn_Jpan,564,44,24
jpn_Jpan,565,0,60
jpn_Jpan,565,1,13
jpn_Jpan,565,2,13
jpn_Jpan,565,3,13
jpn_Jpan,565,4,19
jpn_Jpan,565,5,13
jpn_Jpan,565,6,13
jpn_Jpan,565,7,24
jpn_Jpan,565,8,52
jpn_Jpan,565,9,24
jpn_Jpan,565,10,1
jpn_Jpan,565,11,13
jpn_Jpan,565,12,13
jpn_Jpan,565,13,13
jpn_Jpan,565,14,13
jpn_Jpan,565,15,36
jpn_Jpan,565,16,24
jpn_Jpan,565,17,34
jpn_Jpan,565,18,13
jpn_Jpan,566,0,60
jpn_Jpan,566,1,19
jpn_Jpan,566,2,13
jpn_Jpan,566,3,13
jpn_Jpan,566,4,61
jpn_Jpan,566,5,13
jpn_Jpan,566,6,13
jpn_Jpan,566,7,36
jpn_Jpan,566,8,24
jpn_Jpan,566,9,52
jpn_Jpan,566,10,1
jpn_Jpan,566,11,52
jpn_Jpan,566,12,13
jpn_Jpan,566,13,52
jpn_Jpan,566,14,1
jpn_Jpan,566,15,13
jpn_Jpan,566,16,36
jpn_Jpan,567,0,60
jpn_Jpan,567,1,13
jpn_Jpan,567,2,13
jpn_Jpan,567,3,13
jpn_Jpan,567,4,13
jpn_Jpan,567,5,13
jpn_Jpan,567,6,34
jpn_Jpan,567,7,1
jpn_Jpan,567,8,13
jpn_Jpan,567,9,39
jpn_Jpan,567,10,47
jpn_Jpan,567,11,13
jpn_Jpan,567,12,19
jpn_Jpan,567,13,13
jpn_Jpan,567,14,24
jpn_Jpan,567,15,13
jpn_Jpan,567,16,36
jpn_Jpan,567,17,13
jpn_Jpan,567,18,47
jpn_Jpan,567,19,19
jpn_Jpan,567,20,19
jpn_Jpan,567,21,13
jpn_Jpan,567,22,13
jpn_Jpan,567,23,24
jpn_Jpan,567,24,61
jpn_Jpan,567,25,13
jpn_Jpan,567,26,19
jpn_Jpan,567,27,34
jpn_Jpan,567,28,13
jpn_Jpan,567,29,24
jpn_Jpan,567,30,34
jpn_Jpan,567,31,34
jpn_Jpan,568,0,60
jpn_Jpan,568,1,13
jpn_Jpan,568,2,13
jpn_Jpan,568,3,24
jpn_Jpan,568,4,13
jpn_Jpan,568,5,47
jpn_Jpan,568,6,13
jpn_Jpan,568,7,13
jpn_Jpan,568,8,51
jpn_Jpan,568,9,9
jpn_Jpan,568,10,24
jpn_Jpan,568,11,13
jpn_Jpan,568,12,13
jpn_Jpan,568,13,24
jpn_Jpan,568,14,52
jpn_Jpan,568,15,13
jpn_Jpan,568,16,13
jpn_Jpan,569,0,60
jpn_Jpan,569,1,24
jpn_Jpan,569,2,13
jpn_Jpan,569,3,19
jpn_Jpan,569,4,34
jpn_Jpan,569,5,13
jpn_Jpan,569,6,47
jpn_Jpan,569,7,34
jpn_Jpan,569,8,13
jpn_Jpan,569,9,13
jpn_Jpan,569,10,36
jpn_Jpan,569,11,24
jpn_Jpan,569,12,40
jpn_Jpan,569,13,40
jpn_Jpan,569,14,34
jpn_Jpan,569,15,36
jpn_Jpan,569,16,61
jpn_Jpan,569,17,61
jpn_Jpan,569,18,19
jpn_Jpan,569,19,61
jpn_Jpan,569,20,13
jpn_Jpan,569,21,61
jpn_Jpan,569,22,13
jpn_Jpan,569,23,36
jpn_Jpan,569,24,19
jpn_Jpan,569,25,13
jpn_Jpan,569,26,19
jpn_Jpan,569,27,19
jpn_Jpan,569,28,34
jpn_Jpan,569,29,13
jpn_Jpan,569,30,34
jpn_Jpan,570,0,60
jpn_Jpan,570,1,24
jpn_Jpan,570,2,13
jpn_Jpan,570,3,13
jpn_Jpan,570,4,13
jpn_Jpan,570,5,24
jpn_Jpan,570,6,47
jpn_Jpan,570,7,13
jpn_Jpan,570,8,47
jpn_Jpan,570,9,19
jpn_Jpan,570,10,36
jpn_Jpan,570,11,13
jpn_Jpan,570,12,61
jpn_Jpan,570,13,13
jpn_Jpan,570,14,24
jpn_Jpan,570,15,13
jpn_Jpan,570,16,13
jpn_Jpan,570,17,13
jpn_Jpan,570,18,13
jpn_Jpan,570,19,13
jpn_Jpan,570,20,24
jpn_Jpan,570,21,19
jpn_Jpan,570,22,13
jpn_Jpan,570,23,13
jpn_Jpan,570,24,13
jpn_Jpan,570,25,13
jpn_Jpan,570,26,13
jpn_Jpan,570,27,34
jpn_Jpan,570,28,13
jpn_Jpan,570,29,13
jpn_Jpan,570,30,19
jpn_Jpan,570,31,39
jpn_Jpan,570,32,47
jpn_Jpan,570,33,34
jpn_Jpan,570,34,34
jpn_Jpan,571,0,60
jpn_Jpan,571,1,13
jpn_Jpan,571,2,13
jpn_Jpan,571,3,7
jpn_Jpan,571,4,9
jpn_Jpan,571,5,9
jpn_Jpan,571,6,24
jpn_Jpan,571,7,61
jpn_Jpan,571,8,47
jpn_Jpan,571,9,13
jpn_Jpan,571,10,13
jpn_Jpan,571,11,24
jpn_Jpan,571,12,26
jpn_Jpan,571,13,19
jpn_Jpan,571,14,13
jpn_Jpan,571,15,19
jpn_Jpan,571,16,13
jpn_Jpan,571,17,11
jpn_Jpan,571,18,1
jpn_Jpan,571,19,47
jpn_Jpan,571,20,52
jpn_Jpan,571,21,19
jpn_Jpan,571,22,36
jpn_Jpan,571,23,19
jpn_Jpan,571,24,36
jpn_Jpan,571,25,19
jpn_Jpan,571,26,13
jpn_Jpan,571,27,19
jpn_Jpan,571,28,36
jpn_Jpan,571,29,13
jpn_Jpan,571,30,13
jpn_Jpan,571,31,47
jpn_Jpan,571,32,39
jpn_Jpan,571,33,61
jpn_Jpan,571,34,39
jpn_Jpan,571,35,13
jpn_Jpan,571,36,24
jpn_Jpan,571,37,13
jpn_Jpan,571,38,39
jpn_Jpan,571,39,34
jpn_Jpan,572,0,60
jpn_Jpan,572,1,36
jpn_Jpan,572,2,13
jpn_Jpan,572,3,24
jpn_Jpan,572,4,19
jpn_Jpan,572,5,13
jpn_Jpan,572,6,13
jpn_Jpan,572,7,24
jpn_Jpan,572,8,13
jpn_Jpan,572,9,24
jpn_Jpan,572,10,13
jpn_Jpan,572,11,13
jpn_Jpan,572,12,13
jpn_Jpan,572,13,34
jpn_Jpan,572,14,4
jpn_Jpan,572,15,51
jpn_Jpan,573,0,60
jpn_Jpan,573,1,40
jpn_Jpan,573,2,49
jpn_Jpan,573,3,12
jpn_Jpan,573,4,58
jpn_Jpan,573,5,12
jpn_Jpan,573,6,61
jpn_Jpan,574,0,60
jpn_Jpan,574,1,13
jpn_Jpan,574,2,13
jpn_Jpan,574,3,13
jpn_Jpan,574,4,13
jpn_Jpan,574,5,19
jpn_Jpan,574,6,13
jpn_Jpan,574,7,7
jpn_Jpan,574,8,11
jpn_Jpan,574,9,47
jpn_Jpan,574,10,7
jpn_Jpan,574,11,19
jpn_Jpan,574,12,13
jpn_Jpan,574,13,13
jpn_Jpan,574,14,13
jpn_Jpan,574,15,24
jpn_Jpan,574,16,19
jpn_Jpan,574,17,52
jpn_Jpan,574,18,37
jpn_Jpan,574,19,13
jpn_Jpan,574,20,34
jpn_Jpan,574,21,24
jpn_Jpan,574,22,13
jpn_Jpan,574,23,13
jpn_Jpan,575,0,60
jpn_Jpan,575,1,13
jpn_Jpan,575,2,36
jpn_Jpan,575,3,24
jpn_Jpan,575,4,13
jpn_Jpan,575,5,24
jpn_Jpan,575,6,24
jpn_Jpan,575,7,19
jpn_Jpan,575,8,13
jpn_Jpan,575,9,19
jpn_Jpan,575,10,13
jpn_Jpan,575,11,13
jpn_Jpan,575,12,24
jpn_Jpan,575,13,19
jpn_Jpan,575,14,13
jpn_Jpan,575,15,19
jpn_Jpan,575,16,13
jpn_Jpan,575,17,13
jpn_Jpan,575,18,24
jpn_Jpan,575,19,24
jpn_Jpan,575,20,13
jpn_Jpan,575,21,13
jpn_Jpan,575,22,24
jpn_Jpan,575,23,24
jpn_Jpan,575,24,19
jpn_Jpan,575,25,13
jpn_Jpan,575,26,13
jpn_Jpan,575,27,13
jpn_Jpan,575,28,13
jpn_Jpan,575,29,7
jpn_Jpan,575,30,13
jpn_Jpan,575,31,13
jpn_Jpan,575,32,13
jpn_Jpan,575,33,24
jpn_Jpan,575,34,13
jpn_Jpan,575,35,24
jpn_Jpan,575,36,24
jpn_Jpan,575,37,13
jpn_Jpan,575,38,34
jpn_Jpan,575,39,13
jpn_Jpan,575,40,51
jpn_Jpan,575,41,39
jpn_Jpan,575,42,13
jpn_Jpan,575,43,34
jpn_Jpan,576,0,60
jpn_Jpan,576,1,1
jpn_Jpan,576,2,19
jpn_Jpan,576,3,13
jpn_Jpan,576,4,24
jpn_Jpan,576,5,61
jpn_Jpan,576,6,13
jpn_Jpan,576,7,24
jpn_Jpan,576,8,47
jpn_Jpan,576,9,13
jpn_Jpan,576,10,13
jpn_Jpan,576,11,13
jpn_Jpan,576,12,13
jpn_Jpan,576,13,34
jpn_Jpan,576,14,47
jpn_Jpan,576,15,13
jpn_Jpan,576,16,34
jpn_Jpan,577,0,60
jpn_Jpan,577,1,29
jpn_Jpan,577,2,19
jpn_Jpan,577,3,13
jpn_Jpan,577,4,47
jpn_Jpan,577,5,13
jpn_Jpan,577,6,24
jpn_Jpan,577,7,52
jpn_Jpan,577,8,13
jpn_Jpan,577,9,13
jpn_Jpan,577,10,34
jpn_Jpan,577,11,47
jpn_Jpan,577,12,47
jpn_Jpan,577,13,13
jpn_Jpan,577,14,24
jpn_Jpan,577,15,24
jpn_Jpan,577,16,13
jpn_Jpan,577,17,13
jpn_Jpan,577,18,13
jpn_Jpan,577,19,24
jpn_Jpan,577,20,47
jpn_Jpan,577,21,13
jpn_Jpan,577,22,13
jpn_Jpan,577,23,13
jpn_Jpan,577,24,24
jpn_Jpan,577,25,13
jpn_Jpan,577,26,13
jpn_Jpan,577,27,61
jpn_Jpan,577,28,13
jpn_Jpan,577,29,19
jpn_Jpan,577,30,34
jpn_Jpan,577,31,13
jpn_Jpan,577,32,13
jpn_Jpan,577,33,34
jpn_Jpan,578,0,60
jpn_Jpan,578,1,36
jpn_Jpan,578,2,6
jpn_Jpan,578,3,36
jpn_Jpan,578,4,36
jpn_Jpan,578,5,52
jpn_Jpan,578,6,1
jpn_Jpan,578,7,52
jpn_Jpan,578,8,13
jpn_Jpan,578,9,24
jpn_Jpan,578,10,13
jpn_Jpan,578,11,34
jpn_Jpan,578,12,13
jpn_Jpan,578,13,24
jpn_Jpan,578,14,24
jpn_Jpan,578,15,19
jpn_Jpan,578,16,13
jpn_Jpan,578,17,19
jpn_Jpan,578,18,13
jpn_Jpan,578,19,13
jpn_Jpan,578,20,13
jpn_Jpan,578,21,47
jpn_Jpan,578,22,13
jpn_Jpan,578,23,12
jpn_Jpan,578,24,13
jpn_Jpan,578,25,19
jpn_Jpan,578,26,13
jpn_Jpan,578,27,13
jpn_Jpan,578,28,47
jpn_Jpan,578,29,13
jpn_Jpan,578,30,13
jpn_Jpan,578,31,13
jpn_Jpan,578,32,13
jpn_Jpan,578,33,47
jpn_Jpan,578,34,19
jpn_Jpan,578,35,19
jpn_Jpan,578,36,39
jpn_Jpan,578,37,61
jpn_Jpan,578,38,19
jpn_Jpan,578,39,8
jpn_Jpan,578,40,34
jpn_Jpan,579,0,60
jpn_Jpan,579,1,13
jpn_Jpan,579,2,13
jpn_Jpan,579,3,24
jpn_Jpan,579,4,52
jpn_Jpan,579,5,36
jpn_Jpan,579,6,52
jpn_Jpan,579,7,19
jpn_Jpan,579,8,13
jpn_Jpan,579,9,24
jpn_Jpan,579,10,19
jpn_Jpan,579,11,13
jpn_Jpan,579,12,47
jpn_Jpan,579,13,7
jpn_Jpan,579,14,34
jpn_Jpan,580,0,60
jpn_Jpan,580,1,13
jpn_Jpan,580,2,13
jpn_Jpan,580,3,13
jpn_Jpan,580,4,13
jpn_Jpan,580,5,13
jpn_Jpan,580,6,19
jpn_Jpan,580,7,13
jpn_Jpan,580,8,13
jpn_Jpan,580,9,19
jpn_Jpan,580,10,13
jpn_Jpan,580,11,19
jpn_Jpan,580,12,13
jpn_Jpan,580,13,51
jpn_Jpan,580,14,34
jpn_Jpan,580,15,51
jpn_Jpan,580,16,47
jpn_Jpan,580,17,51
jpn_Jpan,580,18,51
jpn_Jpan,581,0,60
jpn_Jpan,581,1,13
jpn_Jpan,581,2,13
jpn_Jpan,581,3,13
jpn_Jpan,581,4,13
jpn_Jpan,581,5,19
jpn_Jpan,581,6,13
jpn_Jpan,581,7,13
jpn_Jpan,581,8,47
jpn_Jpan,581,9,13
jpn_Jpan,581,10,13
jpn_Jpan,581,11,13
jpn_Jpan,581,12,39
jpn_Jpan,581,13,7
jpn_Jpan,581,14,12
jpn_Jpan,581,15,24
jpn_Jpan,581,16,24
jpn_Jpan,581,17,52
jpn_Jpan,581,18,37
jpn_Jpan,581,19,24
jpn_Jpan,581,20,47
jpn_Jpan,581,21,13
jpn_Jpan,581,22,34
jpn_Jpan,581,23,13
jpn_Jpan,581,24,24
jpn_Jpan,581,25,13
jpn_Jpan,581,26,13
jpn_Jpan,581,27,19
jpn_Jpan,581,28,13
jpn_Jpan,581,29,24
jpn_Jpan,581,30,13
jpn_Jpan,581,31,24
jpn_Jpan,581,32,52
jpn_Jpan,581,33,52
jpn_Jpan,581,34,13
jpn_Jpan,581,35,61
jpn_Jpan,581,36,13
jpn_Jpan,581,37,13
jpn_Jpan,581,38,19
jpn_Jpan,581,39,13
jpn_Jpan,581,40,13
jpn_Jpan,582,0,60
jpn_Jpan,582,1,13
jpn_Jpan,582,2,61
jpn_Jpan,582,3,13
jpn_Jpan,582,4,13
jpn_Jpan,582,5,24
jpn_Jpan,582,6,47
jpn_Jpan,582,7,39
jpn_Jpan,582,8,13
jpn_Jpan,582,9,47
jpn_Jpan,582,10,7
jpn_Jpan,582,11,13
jpn_Jpan,582,12,24
jpn_Jpan,582,13,13
jpn_Jpan,582,14,39
jpn_Jpan,582,15,39
jpn_Jpan,582,16,34
jpn_Jpan,582,17,24
jpn_Jpan,582,18,61
jpn_Jpan,582,19,13
jpn_Jpan,582,20,19
jpn_Jpan,582,21,24
jpn_Jpan,582,22,13
jpn_Jpan,582,23,13
jpn_Jpan,582,24,24
jpn_Jpan,582,25,19
jpn_Jpan,582,26,13
jpn_Jpan,582,27,19
jpn_Jpan,582,28,13
jpn_Jpan,582,29,36
jpn_Jpan,582,30,47
jpn_Jpan,582,31,13
jpn_Jpan,582,32,61
jpn_Jpan,582,33,36
jpn_Jpan,582,34,13
jpn_Jpan,582,35,13
jpn_Jpan,582,36,19
jpn_Jpan,582,37,19
jpn_Jpan,582,38,13
jpn_Jpan,582,39,1
jpn_Jpan,582,40,19
jpn_Jpan,582,41,13
jpn_Jpan,582,42,19
jpn_Jpan,582,43,47
jpn_Jpan,582,44,39
jpn_Jpan,582,45,39
jpn_Jpan,582,46,19
jpn_Jpan,582,47,13
jpn_Jpan,582,48,24
jpn_Jpan,582,49,47
jpn_Jpan,582,50,7
jpn_Jpan,582,51,13
jpn_Jpan,583,0,60
jpn_Jpan,583,1,36
jpn_Jpan,583,2,24
jpn_Jpan,583,3,19
jpn_Jpan,583,4,13
jpn_Jpan,583,5,34
jpn_Jpan,583,6,36
jpn_Jpan,583,7,47
jpn_Jpan,583,8,13
jpn_Jpan,583,9,47
jpn_Jpan,583,10,36
jpn_Jpan,583,11,13
jpn_Jpan,583,12,34
jpn_Jpan,583,13,24
jpn_Jpan,583,14,24
jpn_Jpan,583,15,13
jpn_Jpan,583,16,19
jpn_Jpan,583,17,19
jpn_Jpan,583,18,13
jpn_Jpan,583,19,13
jpn_Jpan,583,20,13
jpn_Jpan,583,21,13
jpn_Jpan,583,22,13
jpn_Jpan,583,23,36
jpn_Jpan,583,24,19
jpn_Jpan,583,25,13
jpn_Jpan,583,26,13
jpn_Jpan,583,27,36
jpn_Jpan,583,28,13
jpn_Jpan,583,29,19
jpn_Jpan,583,30,34
jpn_Jpan,583,31,13
jpn_Jpan,583,32,34
jpn_Jpan,584,0,60
jpn_Jpan,584,1,13
jpn_Jpan,584,2,13
jpn_Jpan,584,3,24
jpn_Jpan,584,4,13
jpn_Jpan,584,5,13
jpn_Jpan,584,6,24
jpn_Jpan,584,7,52
jpn_Jpan,584,8,19
jpn_Jpan,584,9,13
jpn_Jpan,584,10,24
jpn_Jpan,584,11,24
jpn_Jpan,584,12,13
jpn_Jpan,584,13,13
jpn_Jpan,584,14,13
jpn_Jpan,584,15,13
jpn_Jpan,584,16,13
jpn_Jpan,584,17,24
jpn_Jpan,584,18,47
jpn_Jpan,584,19,19
jpn_Jpan,584,20,13
jpn_Jpan,584,21,13
jpn_Jpan,584,22,24
jpn_Jpan,584,23,47
jpn_Jpan,584,24,13
jpn_Jpan,584,25,34
jpn_Jpan,585,0,60
jpn_Jpan,585,1,13
jpn_Jpan,585,2,24
jpn_Jpan,585,3,40
jpn_Jpan,585,4,1
jpn_Jpan,585,5,40
jpn_Jpan,585,6,47
jpn_Jpan,585,7,7
jpn_Jpan,585,8,13
jpn_Jpan,585,9,36
jpn_Jpan,585,10,24
jpn_Jpan,585,11,13
jpn_Jpan,585,12,24
jpn_Jpan,585,13,13
jpn_Jpan,585,14,13
jpn_Jpan,585,15,19
jpn_Jpan,585,16,13
jpn_Jpan,585,17,39
jpn_Jpan,585,18,13
jpn_Jpan,585,19,19
jpn_Jpan,585,20,13
jpn_Jpan,585,21,19
jpn_Jpan,585,22,13
jpn_Jpan,585,23,61
jpn_Jpan,585,24,19
jpn_Jpan,585,25,19
jpn_Jpan,585,26,13
jpn_Jpan,585,27,24
jpn_Jpan,585,28,19
jpn_Jpan,585,29,39
jpn_Jpan,585,30,47
jpn_Jpan,585,31,34
jpn_Jpan,586,0,60
jpn_Jpan,586,1,40
jpn_Jpan,586,2,9
jpn_Jpan,586,3,19
jpn_Jpan,586,4,13
jpn_Jpan,586,5,13
jpn_Jpan,586,6,12
jpn_Jpan,586,7,13
jpn_Jpan,586,8,19
jpn_Jpan,586,9,12
jpn_Jpan,586,10,12
jpn_Jpan,586,11,1
jpn_Jpan,586,12,13
jpn_Jpan,586,13,24
jpn_Jpan,586,14,61
jpn_Jpan,586,15,13
jpn_Jpan,586,16,13
jpn_Jpan,586,17,36
jpn_Jpan,586,18,13
jpn_Jpan,586,19,13
jpn_Jpan,586,20,13
jpn_Jpan,586,21,13
jpn_Jpan,586,22,24
jpn_Jpan,586,23,24
jpn_Jpan,586,24,13
jpn_Jpan,586,25,19
jpn_Jpan,586,26,34
jpn_Jpan,586,27,24
jpn_Jpan,586,28,52
jpn_Jpan,586,29,52
jpn_Jpan,586,30,24
jpn_Jpan,586,31,19
jpn_Jpan,586,32,13
jpn_Jpan,586,33,24
jpn_Jpan,586,34,19
jpn_Jpan,586,35,13
jpn_Jpan,586,36,9
jpn_Jpan,586,37,13
jpn_Jpan,586,38,24
jpn_Jpan,586,39,19
jpn_Jpan,586,40,13
jpn_Jpan,586,41,13
jpn_Jpan,586,42,47
jpn_Jpan,586,43,13
jpn_Jpan,586,44,13
jpn_Jpan,586,45,34
jpn_Jpan,586,46,61
jpn_Jpan,586,47,19
jpn_Jpan,586,48,19
jpn_Jpan,586,49,13
jpn_Jpan,587,0,60
jpn_Jpan,587,1,13
jpn_Jpan,587,2,13
jpn_Jpan,587,3,24
jpn_Jpan,587,4,19
jpn_Jpan,587,5,13
jpn_Jpan,587,6,19
jpn_Jpan,587,7,7
jpn_Jpan,587,8,13
jpn_Jpan,587,9,13
jpn_Jpan,587,10,13
jpn_Jpan,587,11,39
jpn_Jpan,587,12,61
jpn_Jpan,587,13,52
jpn_Jpan,587,14,19
jpn_Jpan,587,15,13
jpn_Jpan,587,16,13
jpn_Jpan,587,17,34
jpn_Jpan,588,0,60
jpn_Jpan,588,1,24
jpn_Jpan,588,2,47
jpn_Jpan,588,3,19
jpn_Jpan,588,4,13
jpn_Jpan,588,5,13
jpn_Jpan,588,6,19
jpn_Jpan,588,7,13
jpn_Jpan,588,8,24
jpn_Jpan,588,9,19
jpn_Jpan,588,10,13
jpn_Jpan,588,11,13
jpn_Jpan,588,12,13
jpn_Jpan,588,13,47
jpn_Jpan,588,14,13
jpn_Jpan,588,15,13
jpn_Jpan,588,16,13
jpn_Jpan,588,17,61
jpn_Jpan,588,18,13
jpn_Jpan,588,19,13
jpn_Jpan,588,20,13
jpn_Jpan,588,21,13
jpn_Jpan,588,22,47
jpn_Jpan,588,23,13
jpn_Jpan,588,24,13
jpn_Jpan,588,25,12
jpn_Jpan,588,26,40
jpn_Jpan,588,27,22
jpn_Jpan,588,28,61
jpn_Jpan,588,29,40
jpn_Jpan,588,30,61
jpn_Jpan,588,31,7
jpn_Jpan,588,32,13
jpn_Jpan,589,0,60
jpn_Jpan,589,1,13
jpn_Jpan,589,2,13
jpn_Jpan,589,3,39
jpn_Jpan,589,4,24
jpn_Jpan,589,5,19
jpn_Jpan,589,6,13
jpn_Jpan,589,7,34
jpn_Jpan,589,8,34
jpn_Jpan,589,9,1
jpn_Jpan,589,10,13
jpn_Jpan,589,11,19
jpn_Jpan,589,12,39
jpn_Jpan,589,13,13
jpn_Jpan,589,14,47
jpn_Jpan,589,15,47
jpn_Jpan,589,16,47
jpn_Jpan,589,17,39
jpn_Jpan,589,18,39
jpn_Jpan,589,19,13
jpn_Jpan,589,20,24
jpn_Jpan,589,21,47
jpn_Jpan,590,0,60
jpn_Jpan,590,1,13
jpn_Jpan,590,2,36
jpn_Jpan,590,3,24
jpn_Jpan,590,4,19
jpn_Jpan,590,5,13
jpn_Jpan,590,6,61
jpn_Jpan,590,7,13
jpn_Jpan,590,8,13
jpn_Jpan,590,9,24
jpn_Jpan,590,10,1
jpn_Jpan,590,11,13
jpn_Jpan,590,12,13
jpn_Jpan,590,13,13
jpn_Jpan,590,14,61
jpn_Jpan,590,15,13
jpn_Jpan,590,16,19
jpn_Jpan,590,17,13
jpn_Jpan,590,18,24
jpn_Jpan,590,19,24
jpn_Jpan,590,20,19
jpn_Jpan,590,21,13
jpn_Jpan,590,22,13
jpn_Jpan,590,23,24
jpn_Jpan,590,24,52
jpn_Jpan,590,25,52
jpn_Jpan,590,26,52
jpn_Jpan,590,27,47
jpn_Jpan,590,28,13
jpn_Jpan,590,29,1
jpn_Jpan,590,30,19
jpn_Jpan,590,31,1
jpn_Jpan,590,32,52
jpn_Jpan,590,33,52
jpn_Jpan,590,34,52
jpn_Jpan,590,35,19
jpn_Jpan,590,36,13
jpn_Jpan,590,37,13
jpn_Jpan,590,38,13
jpn_Jpan,590,39,13
jpn_Jpan,590,40,13
jpn_Jpan,590,41,34
jpn_Jpan,591,0,13
jpn_Jpan,591,1,60
jpn_Jpan,591,2,13
jpn_Jpan,591,3,19
jpn_Jpan,591,4,60
jpn_Jpan,591,5,60
jpn_Jpan,591,6,13
jpn_Jpan,591,7,1
jpn_Jpan,591,8,58
jpn_Jpan,591,9,13
jpn_Jpan,591,10,13
jpn_Jpan,591,11,13
jpn_Jpan,591,12,13
jpn_Jpan,591,13,47
jpn_Jpan,591,14,36
jpn_Jpan,591,15,60
jpn_Jpan,591,16,13
jpn_Jpan,591,17,61
jpn_Jpan,591,18,13
jpn_Jpan,591,19,13
jpn_Jpan,591,20,13
jpn_Jpan,592,0,60
jpn_Jpan,592,1,47
jpn_Jpan,592,2,13
jpn_Jpan,592,3,1
jpn_Jpan,592,4,13
jpn_Jpan,592,5,1
jpn_Jpan,592,6,13
jpn_Jpan,592,7,34
jpn_Jpan,593,0,60
jpn_Jpan,593,1,52
jpn_Jpan,593,2,47
jpn_Jpan,593,3,36
jpn_Jpan,593,4,24
jpn_Jpan,593,5,52
jpn_Jpan,593,6,13
jpn_Jpan,593,7,36
jpn_Jpan,593,8,24
jpn_Jpan,593,9,52
jpn_Jpan,593,10,1
jpn_Jpan,593,11,52
jpn_Jpan,593,12,7
jpn_Jpan,593,13,24
jpn_Jpan,593,14,39
jpn_Jpan,593,15,39
jpn_Jpan,593,16,39
jpn_Jpan,593,17,34
jpn_Jpan,593,18,34
jpn_Jpan,594,0,60
jpn_Jpan,594,1,36
jpn_Jpan,594,2,24
jpn_Jpan,594,3,24
jpn_Jpan,594,4,36
jpn_Jpan,594,5,36
jpn_Jpan,594,6,36
jpn_Jpan,594,7,36
jpn_Jpan,594,8,36
jpn_Jpan,594,9,36
jpn_Jpan,594,10,13
jpn_Jpan,594,11,36
jpn_Jpan,594,12,34
jpn_Jpan,595,0,60
jpn_Jpan,595,1,13
jpn_Jpan,595,2,24
jpn_Jpan,595,3,19
jpn_Jpan,595,4,13
jpn_Jpan,595,5,24
jpn_Jpan,595,6,34
jpn_Jpan,595,7,13
jpn_Jpan,595,8,47
jpn_Jpan,595,9,19
jpn_Jpan,595,10,13
jpn_Jpan,595,11,13
jpn_Jpan,595,12,19
jpn_Jpan,595,13,13
jpn_Jpan,595,14,24
jpn_Jpan,595,15,19
jpn_Jpan,595,16,13
jpn_Jpan,595,17,13
jpn_Jpan,595,18,24
jpn_Jpan,595,19,13
jpn_Jpan,595,20,34
jpn_Jpan,596,0,60
jpn_Jpan,596,1,13
jpn_Jpan,596,2,36
jpn_Jpan,596,3,24
jpn_Jpan,596,4,47
jpn_Jpan,596,5,40
jpn_Jpan,596,6,36
jpn_Jpan,596,7,24
jpn_Jpan,596,8,47
jpn_Jpan,596,9,52
jpn_Jpan,596,10,13
jpn_Jpan,596,11,13
jpn_Jpan,596,12,19
jpn_Jpan,596,13,13
jpn_Jpan,596,14,13
jpn_Jpan,596,15,34
jpn_Jpan,596,16,13
jpn_Jpan,596,17,13
jpn_Jpan,596,18,36
jpn_Jpan,596,19,13
jpn_Jpan,596,20,36
jpn_Jpan,596,21,11
jpn_Jpan,596,22,24
jpn_Jpan,596,23,47
jpn_Jpan,596,24,7
jpn_Jpan,596,25,36
jpn_Jpan,596,26,24
jpn_Jpan,596,27,13
jpn_Jpan,596,28,19
jpn_Jpan,596,29,13
jpn_Jpan,596,30,13
jpn_Jpan,596,31,13
jpn_Jpan,596,32,19
jpn_Jpan,596,33,13
jpn_Jpan,596,34,13
jpn_Jpan,596,35,13
jpn_Jpan,596,36,13
jpn_Jpan,596,37,36
jpn_Jpan,596,38,13
jpn_Jpan,596,39,34
jpn_Jpan,597,0,60
jpn_Jpan,597,1,22
jpn_Jpan,597,2,22
jpn_Jpan,597,3,46
jpn_Jpan,597,4,46
jpn_Jpan,597,5,46
jpn_Jpan,597,6,63
jpn_Jpan,597,7,36
jpn_Jpan,597,8,36
jpn_Jpan,597,9,40
jpn_Jpan,597,10,15
jpn_Jpan,598,0,60
jpn_Jpan,598,1,61
jpn_Jpan,598,2,13
jpn_Jpan,598,3,13
jpn_Jpan,598,4,47
jpn_Jpan,598,5,47
jpn_Jpan,598,6,47
jpn_Jpan,598,7,7
jpn_Jpan,598,8,47
jpn_Jpan,598,9,13
jpn_Jpan,598,10,24
jpn_Jpan,598,11,24
jpn_Jpan,598,12,13
jpn_Jpan,598,13,19
jpn_Jpan,598,14,13
jpn_Jpan,598,15,13
jpn_Jpan,598,16,13
jpn_Jpan,598,17,19
jpn_Jpan,598,18,13
jpn_Jpan,598,19,13
jpn_Jpan,598,20,13
jpn_Jpan,598,21,13
jpn_Jpan,598,22,13
jpn_Jpan,598,23,13
jpn_Jpan,598,24,13
jpn_Jpan,598,25,34
jpn_Jpan,598,26,24
jpn_Jpan,598,27,24
jpn_Jpan,598,28,47
jpn_Jpan,598,29,19
jpn_Jpan,598,30,13
jpn_Jpan,598,31,13
jpn_Jpan,598,32,13
jpn_Jpan,598,33,24
jpn_Jpan,598,34,19
jpn_Jpan,598,35,13
jpn_Jpan,598,36,13
jpn_Jpan,598,37,13
jpn_Jpan,598,38,13
jpn_Jpan,598,39,13
jpn_Jpan,598,40,34
jpn_Jpan,598,41,24
jpn_Jpan,598,42,61
jpn_Jpan,598,43,13
jpn_Jpan,598,44,13
jpn_Jpan,598,45,13
jpn_Jpan,599,0,60
jpn_Jpan,599,1,36
jpn_Jpan,599,2,61
jpn_Jpan,599,3,61
jpn_Jpan,599,4,13
jpn_Jpan,599,5,13
jpn_Jpan,599,6,39
jpn_Jpan,599,7,13
jpn_Jpan,599,8,19
jpn_Jpan,599,9,19
jpn_Jpan,599,10,47
jpn_Jpan,599,11,13
jpn_Jpan,599,12,47
jpn_Jpan,599,13,13
jpn_Jpan,599,14,13
jpn_Jpan,600,0,60
jpn_Jpan,600,1,13
jpn_Jpan,600,2,13
jpn_Jpan,600,3,13
jpn_Jpan,600,4,36
jpn_Jpan,600,5,1
jpn_Jpan,600,6,13
jpn_Jpan,600,7,1
jpn_Jpan,600,8,13
jpn_Jpan,600,9,6
jpn_Jpan,600,10,13
jpn_Jpan,600,11,47
jpn_Jpan,600,12,36
jpn_Jpan,600,13,13
jpn_Jpan,600,14,13
jpn_Jpan,600,15,24
jpn_Jpan,600,16,13
jpn_Jpan,600,17,19
jpn_Jpan,600,18,13
jpn_Jpan,600,19,34
jpn_Jpan,600,20,24
jpn_Jpan,600,21,13
jpn_Jpan,600,22,19
jpn_Jpan,600,23,13
jpn_Jpan,601,0,60
jpn_Jpan,601,1,13
jpn_Jpan,601,2,39
jpn_Jpan,601,3,13
jpn_Jpan,601,4,39
jpn_Jpan,601,5,13
jpn_Jpan,601,6,24
jpn_Jpan,601,7,13
jpn_Jpan,601,8,47
jpn_Jpan,601,9,47
jpn_Jpan,601,10,47
jpn_Jpan,601,11,13
jpn_Jpan,601,12,13
jpn_Jpan,601,13,19
jpn_Jpan,601,14,13
jpn_Jpan,601,15,61
jpn_Jpan,601,16,19
jpn_Jpan,601,17,7
jpn_Jpan,601,18,24
jpn_Jpan,601,19,13
jpn_Jpan,601,20,13
jpn_Jpan,601,21,19
jpn_Jpan,601,22,13
jpn_Jpan,601,23,24
jpn_Jpan,601,24,24
jpn_Jpan,601,25,13
jpn_Jpan,601,26,47
jpn_Jpan,601,27,19
jpn_Jpan,601,28,13
jpn_Jpan,601,29,61
jpn_Jpan,601,30,13
jpn_Jpan,601,31,24
jpn_Jpan,601,32,13
jpn_Jpan,601,33,24
jpn_Jpan,601,34,19
jpn_Jpan,601,35,13
jpn_Jpan,601,36,24
jpn_Jpan,601,37,47
jpn_Jpan,601,38,19
jpn_Jpan,601,39,13
jpn_Jpan,601,40,13
jpn_Jpan,601,41,13
jpn_Jpan,601,42,13
jpn_Jpan,601,43,61
jpn_Jpan,601,44,13
jpn_Jpan,601,45,19
jpn_Jpan,601,46,13
jpn_Jpan,602,0,60
jpn_Jpan,602,1,13
jpn_Jpan,602,2,52
jpn_Jpan,602,3,1
jpn_Jpan,602,4,52
jpn_Jpan,602,5,13
jpn_Jpan,602,6,12
jpn_Jpan,602,7,13
jpn_Jpan,602,8,61
jpn_Jpan,602,9,19
jpn_Jpan,602,10,19
jpn_Jpan,602,11,22
jpn_Jpan,602,12,13
jpn_Jpan,602,13,19
jpn_Jpan,602,14,13
jpn_Jpan,602,15,19
jpn_Jpan,602,16,13
jpn_Jpan,602,17,11
jpn_Jpan,602,18,26
jpn_Jpan,602,19,19
jpn_Jpan,602,20,36
jpn_Jpan,602,21,19
jpn_Jpan,602,22,13
jpn_Jpan,602,23,36
jpn_Jpan,602,24,19
jpn_Jpan,602,25,13
jpn_Jpan,602,26,11
jpn_Jpan,602,27,26
jpn_Jpan,602,28,27
jpn_Jpan,602,29,39
jpn_Jpan,602,30,19
jpn_Jpan,602,31,39
jpn_Jpan,602,32,42
jpn_Jpan,602,33,19
jpn_Jpan,602,34,13
jpn_Jpan,602,35,13
jpn_Jpan,603,0,60
jpn_Jpan,603,1,13
jpn_Jpan,603,2,13
jpn_Jpan,603,3,24
jpn_Jpan,603,4,13
jpn_Jpan,603,5,47
jpn_Jpan,603,6,13
jpn_Jpan,603,7,13
jpn_Jpan,603,8,19
jpn_Jpan,603,9,13
jpn_Jpan,603,10,13
jpn_Jpan,603,11,13
jpn_Jpan,603,12,24
jpn_Jpan,603,13,47
jpn_Jpan,603,14,13
jpn_Jpan,603,15,7
jpn_Jpan,603,16,13
jpn_Jpan,603,17,13
jpn_Jpan,603,18,24
jpn_Jpan,603,19,24
jpn_Jpan,603,20,13
jpn_Jpan,603,21,13
jpn_Jpan,603,22,19
jpn_Jpan,603,23,13
jpn_Jpan,603,24,19
jpn_Jpan,603,25,13
jpn_Jpan,603,26,13
jpn_Jpan,603,27,13
jpn_Jpan,603,28,61
jpn_Jpan,603,29,61
jpn_Jpan,603,30,13
jpn_Jpan,603,31,13
jpn_Jpan,604,0,60
jpn_Jpan,604,1,11
jpn_Jpan,604,2,19
jpn_Jpan,604,3,13
jpn_Jpan,604,4,19
jpn_Jpan,604,5,13
jpn_Jpan,604,6,13
jpn_Jpan,604,7,36
jpn_Jpan,604,8,24
jpn_Jpan,604,9,13
jpn_Jpan,604,10,13
jpn_Jpan,604,11,34
jpn_Jpan,604,12,24
jpn_Jpan,604,13,19
jpn_Jpan,604,14,39
jpn_Jpan,604,15,19
jpn_Jpan,604,16,34
jpn_Jpan,604,17,13
jpn_Jpan,604,18,34
jpn_Jpan,604,19,13
jpn_Jpan,604,20,36
jpn_Jpan,604,21,24
jpn_Jpan,604,22,13
jpn_Jpan,604,23,13
jpn_Jpan,604,24,13
jpn_Jpan,604,25,13
jpn_Jpan,604,26,13
jpn_Jpan,604,27,13
jpn_Jpan,604,28,34
jpn_Jpan,604,29,13
jpn_Jpan,604,30,13
jpn_Jpan,604,31,24
jpn_Jpan,604,32,13
jpn_Jpan,604,33,19
jpn_Jpan,604,34,13
jpn_Jpan,604,35,13
jpn_Jpan,604,36,34
jpn_Jpan,605,0,60
jpn_Jpan,605,1,13
jpn_Jpan,605,2,24
jpn_Jpan,605,3,52
jpn_Jpan,605,4,1
jpn_Jpan,605,5,19
jpn_Jpan,605,6,13
jpn_Jpan,605,7,19
jpn_Jpan,605,8,13
jpn_Jpan,605,9,13
jpn_Jpan,605,10,24
jpn_Jpan,605,11,52
jpn_Jpan,605,12,13
jpn_Jpan,605,13,24
jpn_Jpan,605,14,13
jpn_Jpan,606,0,60
jpn_Jpan,606,1,13
jpn_Jpan,606,2,36
jpn_Jpan,606,3,47
jpn_Jpan,606,4,13
jpn_Jpan,606,5,13
jpn_Jpan,606,6,13
jpn_Jpan,606,7,24
jpn_Jpan,606,8,19
jpn_Jpan,606,9,19
jpn_Jpan,606,10,13
jpn_Jpan,606,11,34
jpn_Jpan,606,12,34
jpn_Jpan,606,13,47
jpn_Jpan,606,14,19
jpn_Jpan,606,15,13
jpn_Jpan,606,16,36
jpn_Jpan,606,17,6
jpn_Jpan,606,18,13
jpn_Jpan,606,19,34
jpn_Jpan,606,20,34
jpn_Jpan,606,21,13
jpn_Jpan,606,22,36
jpn_Jpan,606,23,24
jpn_Jpan,606,24,13
jpn_Jpan,606,25,34
jpn_Jpan,606,26,13
jpn_Jpan,606,27,13
jpn_Jpan,606,28,13
jpn_Jpan,606,29,34
jpn_Jpan,607,0,60
jpn_Jpan,607,1,19
jpn_Jpan,607,2,13
jpn_Jpan,607,3,13
jpn_Jpan,607,4,24
jpn_Jpan,607,5,13
jpn_Jpan,607,6,34
jpn_Jpan,607,7,24
jpn_Jpan,607,8,13
jpn_Jpan,607,9,13
jpn_Jpan,607,10,13
jpn_Jpan,607,11,13
jpn_Jpan,607,12,34
jpn_Jpan,607,13,13
jpn_Jpan,607,14,34
jpn_Jpan,608,0,60
jpn_Jpan,608,1,13
jpn_Jpan,608,2,13
jpn_Jpan,608,3,47
jpn_Jpan,608,4,13
jpn_Jpan,608,5,13
jpn_Jpan,608,6,1
jpn_Jpan,608,7,13
jpn_Jpan,608,8,13
jpn_Jpan,608,9,13
jpn_Jpan,608,10,13
jpn_Jpan,608,11,13
jpn_Jpan,608,12,13
jpn_Jpan,608,13,13
jpn_Jpan,608,14,61
jpn_Jpan,608,15,61
jpn_Jpan,608,16,13
jpn_Jpan,608,17,13
jpn_Jpan,608,18,24
jpn_Jpan,608,19,24
jpn_Jpan,608,20,13
jpn_Jpan,608,21,24
jpn_Jpan,608,22,24
jpn_Jpan,608,23,24
jpn_Jpan,608,24,36
jpn_Jpan,608,25,13
jpn_Jpan,608,26,19
jpn_Jpan,608,27,13
jpn_Jpan,608,28,13
jpn_Jpan,608,29,47
jpn_Jpan,609,0,60
jpn_Jpan,609,1,13
jpn_Jpan,609,2,24
jpn_Jpan,609,3,24
jpn_Jpan,609,4,61
jpn_Jpan,609,5,13
jpn_Jpan,609,6,13
jpn_Jpan,609,7,19
jpn_Jpan,609,8,13
jpn_Jpan,609,9,13
jpn_Jpan,609,10,13
jpn_Jpan,609,11,34
jpn_Jpan,610,0,60
jpn_Jpan,610,1,39
jpn_Jpan,610,2,39
jpn_Jpan,610,3,24
jpn_Jpan,610,4,13
jpn_Jpan,610,5,19
jpn_Jpan,610,6,13
jpn_Jpan,610,7,24
jpn_Jpan,610,8,13
jpn_Jpan,610,9,13
jpn_Jpan,610,10,13
jpn_Jpan,610,11,24
jpn_Jpan,610,12,13
jpn_Jpan,610,13,13
jpn_Jpan,610,14,24
jpn_Jpan,610,15,1
jpn_Jpan,610,16,19
jpn_Jpan,610,17,13
jpn_Jpan,610,18,13
jpn_Jpan,610,19,13
jpn_Jpan,610,20,13
jpn_Jpan,610,21,51
jpn_Jpan,611,0,60
jpn_Jpan,611,1,36
jpn_Jpan,611,2,24
jpn_Jpan,611,3,13
jpn_Jpan,611,4,19
jpn_Jpan,611,5,13
jpn_Jpan,611,6,13
jpn_Jpan,611,7,13
jpn_Jpan,611,8,13
jpn_Jpan,611,9,34
jpn_Jpan,611,10,13
jpn_Jpan,611,11,24
jpn_Jpan,611,12,24
jpn_Jpan,611,13,13
jpn_Jpan,611,14,13
jpn_Jpan,611,15,52
jpn_Jpan,611,16,13
jpn_Jpan,611,17,13
jpn_Jpan,611,18,24
jpn_Jpan,611,19,13
jpn_Jpan,611,20,13
jpn_Jpan,611,21,13
jpn_Jpan,611,22,13
jpn_Jpan,611,23,13
jpn_Jpan,611,24,24
jpn_Jpan,611,25,24
jpn_Jpan,611,26,19
jpn_Jpan,611,27,13
jpn_Jpan,611,28,13
jpn_Jpan,611,29,24
jpn_Jpan,611,30,24
jpn_Jpan,611,31,47
jpn_Jpan,611,32,13
jpn_Jpan,611,33,19
jpn_Jpan,611,34,13
jpn_Jpan,611,35,24
jpn_Jpan,611,36,24
jpn_Jpan,611,37,13
jpn_Jpan,611,38,24
jpn_Jpan,611,39,13
jpn_Jpan,611,40,24
jpn_Jpan,611,41,19
jpn_Jpan,611,42,13
jpn_Jpan,611,43,19
jpn_Jpan,611,44,19
jpn_Jpan,611,45,13
jpn_Jpan,611,46,13
jpn_Jpan,611,47,24
jpn_Jpan,612,0,60
jpn_Jpan,612,1,12
jpn_Jpan,612,2,36
jpn_Jpan,612,3,19
jpn_Jpan,612,4,13
jpn_Jpan,612,5,24
jpn_Jpan,612,6,19
jpn_Jpan,612,7,13
jpn_Jpan,612,8,13
jpn_Jpan,612,9,24
jpn_Jpan,612,10,19
jpn_Jpan,612,11,13
jpn_Jpan,612,12,19
jpn_Jpan,612,13,13
jpn_Jpan,612,14,13
jpn_Jpan,612,15,13
jpn_Jpan,612,16,13
jpn_Jpan,612,17,34
jpn_Jpan,613,0,60
jpn_Jpan,613,1,52
jpn_Jpan,613,2,52
jpn_Jpan,613,3,9
jpn_Jpan,613,4,47
jpn_Jpan,613,5,19
jpn_Jpan,613,6,19
jpn_Jpan,613,7,13
jpn_Jpan,613,8,13
jpn_Jpan,613,9,24
jpn_Jpan,613,10,13
jpn_Jpan,613,11,39
jpn_Jpan,613,12,61
jpn_Jpan,613,13,19
jpn_Jpan,613,14,13
jpn_Jpan,613,15,61
jpn_Jpan,613,16,13
jpn_Jpan,613,17,19
jpn_Jpan,613,18,13
jpn_Jpan,613,19,13
jpn_Jpan,613,20,13
jpn_Jpan,613,21,13
jpn_Jpan,613,22,13
jpn_Jpan,613,23,19
jpn_Jpan,613,24,34
jpn_Jpan,614,0,60
jpn_Jpan,614,1,13
jpn_Jpan,614,2,13
jpn_Jpan,614,3,61
jpn_Jpan,614,4,19
jpn_Jpan,614,5,19
jpn_Jpan,614,6,13
jpn_Jpan,614,7,9
jpn_Jpan,614,8,52
jpn_Jpan,614,9,13
jpn_Jpan,614,10,6
jpn_Jpan,614,11,61
jpn_Jpan,614,12,13
jpn_Jpan,614,13,13
jpn_Jpan,614,14,11
jpn_Jpan,614,15,13
jpn_Jpan,614,16,13
jpn_Jpan,614,17,13
jpn_Jpan,614,18,24
jpn_Jpan,614,19,19
jpn_Jpan,614,20,13
jpn_Jpan,614,21,24
jpn_Jpan,614,22,19
jpn_Jpan,614,23,13
jpn_Jpan,614,24,34
jpn_Jpan,614,25,13
jpn_Jpan,614,26,13
jpn_Jpan,615,0,60
jpn_Jpan,615,1,24
jpn_Jpan,615,2,19
jpn_Jpan,615,3,13
jpn_Jpan,615,4,61
jpn_Jpan,615,5,13
jpn_Jpan,615,6,13
jpn_Jpan,615,7,24
jpn_Jpan,615,8,13
jpn_Jpan,615,9,13
jpn_Jpan,615,10,24
jpn_Jpan,615,11,19
jpn_Jpan,615,12,13
jpn_Jpan,615,13,24
jpn_Jpan,615,14,47
jpn_Jpan,615,15,13
jpn_Jpan,616,0,60
jpn_Jpan,616,1,24
jpn_Jpan,616,2,47
jpn_Jpan,616,3,19
jpn_Jpan,616,4,13
jpn_Jpan,616,5,13
jpn_Jpan,616,6,13
jpn_Jpan,616,7,34
jpn_Jpan,616,8,13
jpn_Jpan,616,9,24
jpn_Jpan,616,10,47
jpn_Jpan,616,11,13
jpn_Jpan,616,12,13
jpn_Jpan,616,13,13
jpn_Jpan,616,14,13
jpn_Jpan,616,15,13
jpn_Jpan,616,16,13
jpn_Jpan,616,17,34
jpn_Jpan,617,0,60
jpn_Jpan,617,1,13
jpn_Jpan,617,2,13
jpn_Jpan,617,3,13
jpn_Jpan,617,4,13
jpn_Jpan,617,5,13
jpn_Jpan,617,6,47
jpn_Jpan,617,7,19
jpn_Jpan,617,8,24
jpn_Jpan,617,9,13
jpn_Jpan,617,10,19
jpn_Jpan,617,11,19
jpn_Jpan,617,12,13
jpn_Jpan,617,13,13
jpn_Jpan,617,14,13
jpn_Jpan,617,15,24
jpn_Jpan,617,16,19
jpn_Jpan,617,17,13
jpn_Jpan,617,18,47
jpn_Jpan,617,19,13
jpn_Jpan,617,20,24
jpn_Jpan,617,21,24
jpn_Jpan,617,22,13
jpn_Jpan,617,23,13
jpn_Jpan,617,24,34
jpn_Jpan,617,25,13
jpn_Jpan,617,26,13
jpn_Jpan,617,27,24
jpn_Jpan,617,28,61
jpn_Jpan,617,29,13
jpn_Jpan,617,30,19
jpn_Jpan,617,31,13
jpn_Jpan,617,32,13
jpn_Jpan,617,33,13
jpn_Jpan,617,34,13
jpn_Jpan,617,35,13
jpn_Jpan,617,36,24
jpn_Jpan,617,37,19
jpn_Jpan,617,38,13
jpn_Jpan,617,39,13
jpn_Jpan,617,40,13
jpn_Jpan,617,41,13
jpn_Jpan,617,42,13
jpn_Jpan,617,43,13
jpn_Jpan,617,44,13
jpn_Jpan,617,45,47
jpn_Jpan,617,46,13
jpn_Jpan,617,47,13
jpn_Jpan,617,48,34
jpn_Jpan,617,49,13
jpn_Jpan,617,50,13
jpn_Jpan,617,51,13
jpn_Jpan,617,52,34
jpn_Jpan,617,53,51
jpn_Jpan,618,0,60
jpn_Jpan,618,1,13
jpn_Jpan,618,2,24
jpn_Jpan,618,3,13
jpn_Jpan,618,4,13
jpn_Jpan,618,5,36
jpn_Jpan,618,6,24
jpn_Jpan,618,7,13
jpn_Jpan,618,8,47
jpn_Jpan,618,9,47
jpn_Jpan,618,10,34
jpn_Jpan,618,11,13
jpn_Jpan,618,12,13
jpn_Jpan,618,13,13
jpn_Jpan,618,14,13
jpn_Jpan,618,15,13
jpn_Jpan,618,16,19
jpn_Jpan,618,17,13
jpn_Jpan,618,18,24
jpn_Jpan,618,19,19
jpn_Jpan,618,20,13
jpn_Jpan,618,21,13
jpn_Jpan,618,22,13
jpn_Jpan,618,23,34
jpn_Jpan,618,24,47
jpn_Jpan,618,25,13
jpn_Jpan,618,26,19
jpn_Jpan,618,27,13
jpn_Jpan,618,28,13
jpn_Jpan,618,29,24
jpn_Jpan,618,30,24
jpn_Jpan,618,31,13
jpn_Jpan,618,32,13
jpn_Jpan,618,33,13
jpn_Jpan,618,34,13
jpn_Jpan,618,35,34
jpn_Jpan,618,36,13
jpn_Jpan,618,37,34
jpn_Jpan,618,38,24
jpn_Jpan,618,39,13
jpn_Jpan,618,40,13
jpn_Jpan,618,41,13
jpn_Jpan,618,42,51
jpn_Jpan,619,0,60
jpn_Jpan,619,1,13
jpn_Jpan,619,2,13
jpn_Jpan,619,3,24
jpn_Jpan,619,4,13
jpn_Jpan,619,5,13
jpn_Jpan,619,6,13
jpn_Jpan,619,7,24
jpn_Jpan,619,8,24
jpn_Jpan,619,9,61
jpn_Jpan,619,10,19
jpn_Jpan,619,11,13
jpn_Jpan,619,12,24
jpn_Jpan,619,13,24
jpn_Jpan,619,14,13
jpn_Jpan,619,15,13
jpn_Jpan,619,16,36
jpn_Jpan,619,17,19
jpn_Jpan,619,18,13
jpn_Jpan,619,19,13
jpn_Jpan,619,20,13
jpn_Jpan,619,21,13
jpn_Jpan,619,22,13
jpn_Jpan,619,23,24
jpn_Jpan,619,24,13
jpn_Jpan,619,25,19
jpn_Jpan,619,26,36
jpn_Jpan,619,27,13
jpn_Jpan,619,28,61
jpn_Jpan,619,29,34
jpn_Jpan,619,30,47
jpn_Jpan,619,31,47
jpn_Jpan,619,32,34
jpn_Jpan,619,33,24
jpn_Jpan,619,34,13
jpn_Jpan,619,35,13
jpn_Jpan,619,36,34
jpn_Jpan,619,37,34
jpn_Jpan,620,0,60
jpn_Jpan,620,1,13
jpn_Jpan,620,2,13
jpn_Jpan,620,3,19
jpn_Jpan,620,4,13
jpn_Jpan,620,5,13
jpn_Jpan,620,6,13
jpn_Jpan,620,7,36
jpn_Jpan,620,8,61
jpn_Jpan,620,9,13
jpn_Jpan,620,10,61
jpn_Jpan,620,11,13
jpn_Jpan,620,12,13
jpn_Jpan,620,13,36
jpn_Jpan,621,0,60
jpn_Jpan,621,1,24
jpn_Jpan,621,2,13
jpn_Jpan,621,3,13
jpn_Jpan,621,4,19
jpn_Jpan,621,5,19
jpn_Jpan,621,6,39
jpn_Jpan,621,7,7
jpn_Jpan,621,8,13
jpn_Jpan,621,9,13
jpn_Jpan,621,10,19
jpn_Jpan,621,11,19
jpn_Jpan,621,12,36
jpn_Jpan,621,13,24
jpn_Jpan,621,14,36
jpn_Jpan,621,15,36
jpn_Jpan,621,16,36
jpn_Jpan,621,17,13
jpn_Jpan,621,18,36
jpn_Jpan,621,19,13
jpn_Jpan,621,20,13
jpn_Jpan,621,21,34
jpn_Jpan,622,0,60
jpn_Jpan,622,1,13
jpn_Jpan,622,2,13
jpn_Jpan,622,3,13
jpn_Jpan,622,4,13
jpn_Jpan,622,5,47
jpn_Jpan,622,6,47
jpn_Jpan,622,7,7
jpn_Jpan,622,8,24
jpn_Jpan,622,9,40
jpn_Jpan,622,10,13
jpn_Jpan,622,11,47
jpn_Jpan,622,12,13
jpn_Jpan,622,13,13
jpn_Jpan,622,14,24
jpn_Jpan,622,15,13
jpn_Jpan,622,16,13
jpn_Jpan,622,17,13
jpn_Jpan,622,18,13
jpn_Jpan,622,19,5
jpn_Jpan,622,20,61
jpn_Jpan,622,21,39
jpn_Jpan,622,22,13
jpn_Jpan,622,23,39
jpn_Jpan,622,24,13
jpn_Jpan,622,25,39
jpn_Jpan,622,26,19
jpn_Jpan,622,27,13
jpn_Jpan,622,28,5
jpn_Jpan,622,29,40
jpn_Jpan,623,0,60
jpn_Jpan,623,1,19
jpn_Jpan,623,2,8
jpn_Jpan,623,3,24
jpn_Jpan,623,4,61
jpn_Jpan,623,5,47
jpn_Jpan,623,6,27
jpn_Jpan,624,0,60
jpn_Jpan,624,1,13
jpn_Jpan,624,2,24
jpn_Jpan,624,3,13
jpn_Jpan,624,4,47
jpn_Jpan,624,5,13
jpn_Jpan,624,6,24
jpn_Jpan,624,7,13
jpn_Jpan,624,8,19
jpn_Jpan,624,9,13
jpn_Jpan,624,10,13
jpn_Jpan,624,11,13
jpn_Jpan,624,12,24
jpn_Jpan,624,13,9
jpn_Jpan,624,14,22
jpn_Jpan,625,0,60
jpn_Jpan,625,1,13
jpn_Jpan,625,2,47
jpn_Jpan,625,3,13
jpn_Jpan,625,4,13
jpn_Jpan,625,5,13
jpn_Jpan,625,6,24
jpn_Jpan,625,7,47
jpn_Jpan,625,8,13
jpn_Jpan,625,9,13
jpn_Jpan,625,10,13
jpn_Jpan,625,11,47
jpn_Jpan,625,12,13
jpn_Jpan,625,13,13
jpn_Jpan,625,14,13
jpn_Jpan,625,15,24
jpn_Jpan,625,16,19
jpn_Jpan,625,17,13
jpn_Jpan,625,18,61
jpn_Jpan,625,19,19
jpn_Jpan,625,20,13
jpn_Jpan,625,21,13
jpn_Jpan,625,22,13
jpn_Jpan,625,23,26
jpn_Jpan,625,24,47
jpn_Jpan,625,25,13
jpn_Jpan,625,26,13
jpn_Jpan,625,27,13
jpn_Jpan,625,28,19
jpn_Jpan,625,29,13
jpn_Jpan,625,30,13
jpn_Jpan,625,31,13
jpn_Jpan,626,0,60
jpn_Jpan,626,1,52
jpn_Jpan,626,2,22
jpn_Jpan,626,3,12
jpn_Jpan,626,4,13
jpn_Jpan,626,5,47
jpn_Jpan,626,6,36
jpn_Jpan,626,7,19
jpn_Jpan,626,8,13
jpn_Jpan,626,9,24
jpn_Jpan,626,10,13
jpn_Jpan,626,11,13
jpn_Jpan,626,12,39
jpn_Jpan,626,13,13
jpn_Jpan,626,14,19
jpn_Jpan,626,15,39
jpn_Jpan,626,16,13
jpn_Jpan,626,17,13
jpn_Jpan,626,18,24
jpn_Jpan,626,19,24
jpn_Jpan,626,20,19
jpn_Jpan,626,21,36
jpn_Jpan,626,22,47
jpn_Jpan,626,23,24
jpn_Jpan,626,24,13
jpn_Jpan,626,25,47
jpn_Jpan,626,26,19
jpn_Jpan,626,27,13
jpn_Jpan,626,28,13
jpn_Jpan,626,29,13
jpn_Jpan,626,30,13
jpn_Jpan,626,31,24
jpn_Jpan,626,32,47
jpn_Jpan,626,33,13
jpn_Jpan,626,34,13
jpn_Jpan,626,35,24
jpn_Jpan,626,36,19
jpn_Jpan,626,37,13
jpn_Jpan,626,38,13
jpn_Jpan,626,39,34
jpn_Jpan,627,0,60
jpn_Jpan,627,1,28
jpn_Jpan,627,2,24
jpn_Jpan,627,3,13
jpn_Jpan,627,4,39
jpn_Jpan,627,5,13
jpn_Jpan,627,6,39
jpn_Jpan,627,7,24
jpn_Jpan,627,8,24
jpn_Jpan,627,9,13
jpn_Jpan,627,10,24
jpn_Jpan,627,11,34
jpn_Jpan,628,0,60
jpn_Jpan,628,1,13
jpn_Jpan,628,2,36
jpn_Jpan,628,3,24
jpn_Jpan,628,4,24
jpn_Jpan,628,5,19
jpn_Jpan,628,6,13
jpn_Jpan,628,7,26
jpn_Jpan,628,8,47
jpn_Jpan,628,9,13
jpn_Jpan,628,10,13
jpn_Jpan,628,11,13
jpn_Jpan,628,12,24
jpn_Jpan,628,13,13
jpn_Jpan,628,14,13
jpn_Jpan,628,15,34
jpn_Jpan,628,16,19
jpn_Jpan,628,17,51
jpn_Jpan,628,18,13
jpn_Jpan,629,0,60
jpn_Jpan,629,1,13
jpn_Jpan,629,2,13
jpn_Jpan,629,3,19
jpn_Jpan,629,4,13
jpn_Jpan,629,5,24
jpn_Jpan,629,6,13
jpn_Jpan,629,7,19
jpn_Jpan,629,8,13
jpn_Jpan,629,9,24
jpn_Jpan,629,10,61
jpn_Jpan,629,11,13
jpn_Jpan,629,12,47
jpn_Jpan,629,13,13
jpn_Jpan,629,14,24
jpn_Jpan,629,15,19
jpn_Jpan,629,16,13
jpn_Jpan,629,17,19
jpn_Jpan,629,18,7
jpn_Jpan,629,19,13
jpn_Jpan,629,20,34
jpn_Jpan,629,21,47
jpn_Jpan,629,22,19
jpn_Jpan,629,23,13
jpn_Jpan,629,24,19
jpn_Jpan,629,25,13
jpn_Jpan,629,26,13
jpn_Jpan,629,27,13
jpn_Jpan,629,28,13
jpn_Jpan,629,29,24
jpn_Jpan,629,30,13
jpn_Jpan,629,31,19
jpn_Jpan,629,32,13
jpn_Jpan,629,33,13
jpn_Jpan,629,34,13
jpn_Jpan,629,35,13
jpn_Jpan,629,36,13
jpn_Jpan,629,37,24
jpn_Jpan,629,38,24
jpn_Jpan,629,39,39
jpn_Jpan,629,40,24
jpn_Jpan,629,41,19
jpn_Jpan,629,42,13
jpn_Jpan,629,43,61
jpn_Jpan,629,44,13
jpn_Jpan,629,45,24
jpn_Jpan,629,46,61
jpn_Jpan,629,47,13
jpn_Jpan,629,48,13
jpn_Jpan,629,49,13
jpn_Jpan,629,50,13
jpn_Jpan,629,51,34
jpn_Jpan,630,0,60
jpn_Jpan,630,1,22
jpn_Jpan,630,2,36
jpn_Jpan,630,3,13
jpn_Jpan,630,4,13
jpn_Jpan,630,5,36
jpn_Jpan,630,6,13
jpn_Jpan,630,7,13
jpn_Jpan,630,8,13
jpn_Jpan,630,9,7
jpn_Jpan,630,10,36
jpn_Jpan,630,11,36
jpn_Jpan,630,12,36
jpn_Jpan,630,13,52
jpn_Jpan,631,0,60
jpn_Jpan,631,1,13
jpn_Jpan,631,2,13
jpn_Jpan,631,3,13
jpn_Jpan,631,4,12
jpn_Jpan,631,5,26
jpn_Jpan,631,6,40
jpn_Jpan,631,7,12
jpn_Jpan,631,8,47
jpn_Jpan,631,9,13
jpn_Jpan,631,10,13
jpn_Jpan,631,11,19
jpn_Jpan,631,12,13
jpn_Jpan,631,13,24
jpn_Jpan,631,14,13
jpn_Jpan,631,15,13
jpn_Jpan,631,16,13
jpn_Jpan,631,17,13
jpn_Jpan,631,18,13
jpn_Jpan,632,0,60
jpn_Jpan,632,1,24
jpn_Jpan,632,2,13
jpn_Jpan,632,3,39
jpn_Jpan,632,4,39
jpn_Jpan,632,5,11
jpn_Jpan,632,6,24
jpn_Jpan,632,7,61
jpn_Jpan,632,8,13
jpn_Jpan,632,9,13
jpn_Jpan,632,10,13
jpn_Jpan,632,11,39
jpn_Jpan,632,12,13
jpn_Jpan,632,13,47
jpn_Jpan,632,14,19
jpn_Jpan,632,15,13
jpn_Jpan,632,16,19
jpn_Jpan,632,17,13
jpn_Jpan,632,18,19
jpn_Jpan,632,19,13
jpn_Jpan,632,20,47
jpn_Jpan,632,21,13
jpn_Jpan,632,22,11
jpn_Jpan,632,23,58
jpn_Jpan,632,24,24
jpn_Jpan,632,25,39
jpn_Jpan,632,26,39
jpn_Jpan,633,0,60
jpn_Jpan,633,1,13
jpn_Jpan,633,2,47
jpn_Jpan,633,3,36
jpn_Jpan,633,4,36
jpn_Jpan,633,5,13
jpn_Jpan,633,6,13
jpn_Jpan,633,7,13
jpn_Jpan,633,8,52
jpn_Jpan,633,9,13
jpn_Jpan,633,10,13
jpn_Jpan,633,11,13
jpn_Jpan,633,12,13
jpn_Jpan,633,13,36
jpn_Jpan,633,14,13
jpn_Jpan,633,15,47
jpn_Jpan,633,16,19
jpn_Jpan,633,17,34
jpn_Jpan,633,18,19
jpn_Jpan,633,19,13
jpn_Jpan,633,20,34
jpn_Jpan,634,0,60
jpn_Jpan,634,1,24
jpn_Jpan,634,2,19
jpn_Jpan,634,3,40
jpn_Jpan,634,4,24
jpn_Jpan,634,5,40
jpn_Jpan,634,6,30
jpn_Jpan,634,7,58
jpn_Jpan,634,8,24
jpn_Jpan,634,9,58
jpn_Jpan,635,0,60
jpn_Jpan,635,1,24
jpn_Jpan,635,2,13
jpn_Jpan,635,3,13
jpn_Jpan,635,4,13
jpn_Jpan,635,5,24
jpn_Jpan,635,6,13
jpn_Jpan,635,7,24
jpn_Jpan,635,8,19
jpn_Jpan,635,9,47
jpn_Jpan,635,10,39
jpn_Jpan,635,11,39
jpn_Jpan,635,12,13
jpn_Jpan,635,13,13
jpn_Jpan,635,14,13
jpn_Jpan,635,15,13
jpn_Jpan,635,16,13
jpn_Jpan,635,17,19
jpn_Jpan,635,18,19
jpn_Jpan,635,19,13
jpn_Jpan,635,20,24
jpn_Jpan,635,21,1
jpn_Jpan,635,22,13
jpn_Jpan,635,23,19
jpn_Jpan,635,24,13
jpn_Jpan,635,25,47
jpn_Jpan,635,26,61
jpn_Jpan,635,27,13
jpn_Jpan,635,28,13
jpn_Jpan,635,29,24
jpn_Jpan,635,30,24
jpn_Jpan,635,31,47
jpn_Jpan,635,32,36
jpn_Jpan,635,33,13
jpn_Jpan,635,34,39
jpn_Jpan,635,35,39
jpn_Jpan,635,36,47
jpn_Jpan,635,37,19
jpn_Jpan,635,38,13
jpn_Jpan,635,39,13
jpn_Jpan,635,40,13
jpn_Jpan,635,41,13
jpn_Jpan,635,42,24
jpn_Jpan,635,43,19
jpn_Jpan,635,44,13
jpn_Jpan,635,45,34
jpn_Jpan,635,46,24
jpn_Jpan,635,47,13
jpn_Jpan,635,48,13
jpn_Jpan,635,49,34
jpn_Jpan,636,0,60
jpn_Jpan,636,1,13
jpn_Jpan,636,2,13
jpn_Jpan,636,3,47
jpn_Jpan,636,4,47
jpn_Jpan,636,5,7
jpn_Jpan,636,6,13
jpn_Jpan,636,7,24
jpn_Jpan,636,8,24
jpn_Jpan,636,9,47
jpn_Jpan,636,10,13
jpn_Jpan,636,11,13
jpn_Jpan,636,12,13
jpn_Jpan,636,13,19
jpn_Jpan,636,14,13
jpn_Jpan,636,15,13
jpn_Jpan,636,16,37
jpn_Jpan,636,17,12
jpn_Jpan,636,18,13
jpn_Jpan,636,19,13
jpn_Jpan,636,20,13
jpn_Jpan,636,21,47
jpn_Jpan,636,22,7
jpn_Jpan,636,23,34
jpn_Jpan,636,24,13
jpn_Jpan,636,25,61
jpn_Jpan,636,26,34
jpn_Jpan,636,27,19
jpn_Jpan,636,28,13
jpn_Jpan,636,29,34
jpn_Jpan,637,0,60
jpn_Jpan,637,1,19
jpn_Jpan,637,2,13
jpn_Jpan,637,3,24
jpn_Jpan,637,4,47
jpn_Jpan,637,5,13
jpn_Jpan,637,6,24
jpn_Jpan,637,7,24
jpn_Jpan,637,8,13
jpn_Jpan,637,9,13
jpn_Jpan,637,10,47
jpn_Jpan,637,11,13
jpn_Jpan,637,12,24
jpn_Jpan,637,13,13
jpn_Jpan,637,14,13
jpn_Jpan,637,15,24
jpn_Jpan,637,16,24
jpn_Jpan,637,17,13
jpn_Jpan,637,18,47
jpn_Jpan,637,19,47
jpn_Jpan,637,20,24
jpn_Jpan,637,21,13
jpn_Jpan,637,22,24
jpn_Jpan,637,23,13
jpn_Jpan,637,24,13
jpn_Jpan,637,25,13
jpn_Jpan,637,26,34
jpn_Jpan,638,0,60
jpn_Jpan,638,1,19
jpn_Jpan,638,2,13
jpn_Jpan,638,3,19
jpn_Jpan,638,4,13
jpn_Jpan,638,5,13
jpn_Jpan,638,6,13
jpn_Jpan,638,7,13
jpn_Jpan,638,8,13
jpn_Jpan,638,9,47
jpn_Jpan,638,10,13
jpn_Jpan,638,11,13
jpn_Jpan,639,0,60
jpn_Jpan,639,1,13
jpn_Jpan,639,2,13
jpn_Jpan,639,3,36
jpn_Jpan,639,4,36
jpn_Jpan,639,5,13
jpn_Jpan,639,6,13
jpn_Jpan,639,7,13
jpn_Jpan,639,8,13
jpn_Jpan,639,9,24
jpn_Jpan,639,10,19
jpn_Jpan,639,11,13
jpn_Jpan,639,12,13
jpn_Jpan,639,13,13
jpn_Jpan,639,14,13
jpn_Jpan,639,15,19
jpn_Jpan,639,16,13
jpn_Jpan,639,17,13
jpn_Jpan,639,18,24
jpn_Jpan,639,19,13
jpn_Jpan,639,20,13
jpn_Jpan,639,21,13
jpn_Jpan,639,22,13
jpn_Jpan,639,23,13
jpn_Jpan,639,24,34
jpn_Jpan,639,25,13
jpn_Jpan,639,26,13
jpn_Jpan,639,27,13
jpn_Jpan,639,28,34
jpn_Jpan,640,0,60
jpn_Jpan,640,1,19
jpn_Jpan,640,2,13
jpn_Jpan,640,3,36
jpn_Jpan,640,4,9
jpn_Jpan,640,5,24
jpn_Jpan,640,6,9
jpn_Jpan,640,7,9
jpn_Jpan,640,8,9
jpn_Jpan,640,9,9
jpn_Jpan,640,10,11
jpn_Jpan,640,11,13
jpn_Jpan,640,12,19
jpn_Jpan,640,13,13
jpn_Jpan,640,14,13
jpn_Jpan,640,15,11
jpn_Jpan,640,16,52
jpn_Jpan,640,17,1
jpn_Jpan,640,18,52
jpn_Jpan,640,19,24
jpn_Jpan,640,20,13
jpn_Jpan,640,21,19
jpn_Jpan,640,22,34
jpn_Jpan,640,23,24
jpn_Jpan,640,24,19
jpn_Jpan,640,25,13
jpn_Jpan,640,26,19
jpn_Jpan,640,27,24
jpn_Jpan,640,28,13
jpn_Jpan,640,29,19
jpn_Jpan,640,30,13
jpn_Jpan,640,31,13
jpn_Jpan,640,32,13
jpn_Jpan,640,33,13
jpn_Jpan,640,34,24
jpn_Jpan,640,35,24
jpn_Jpan,640,36,19
jpn_Jpan,640,37,13
jpn_Jpan,640,38,36
jpn_Jpan,640,39,13
jpn_Jpan,640,40,13
jpn_Jpan,640,41,36
jpn_Jpan,640,42,58
jpn_Jpan,640,43,12
jpn_Jpan,640,44,39
jpn_Jpan,640,45,39
jpn_Jpan,640,46,39
jpn_Jpan,641,0,60
jpn_Jpan,641,1,13
jpn_Jpan,641,2,13
jpn_Jpan,641,3,47
jpn_Jpan,641,4,13
jpn_Jpan,641,5,13
jpn_Jpan,641,6,13
jpn_Jpan,641,7,13
jpn_Jpan,641,8,34
jpn_Jpan,642,0,60
jpn_Jpan,642,1,1
jpn_Jpan,642,2,24
jpn_Jpan,642,3,13
jpn_Jpan,642,4,19
jpn_Jpan,642,5,13
jpn_Jpan,642,6,47
jpn_Jpan,642,7,13
jpn_Jpan,642,8,39
jpn_Jpan,642,9,13
jpn_Jpan,642,10,24
jpn_Jpan,642,11,13
jpn_Jpan,642,12,47
jpn_Jpan,642,13,13
jpn_Jpan,642,14,24
jpn_Jpan,642,15,13
jpn_Jpan,642,16,13
jpn_Jpan,642,17,34
jpn_Jpan,642,18,24
jpn_Jpan,642,19,47
jpn_Jpan,642,20,19
jpn_Jpan,642,21,13
jpn_Jpan,642,22,19
jpn_Jpan,642,23,13
jpn_Jpan,642,24,19
jpn_Jpan,642,25,24
jpn_Jpan,642,26,36
jpn_Jpan,642,27,61
jpn_Jpan,642,28,13
jpn_Jpan,642,29,19
jpn_Jpan,642,30,13
jpn_Jpan,642,31,24
jpn_Jpan,642,32,61
jpn_Jpan,642,33,13
jpn_Jpan,642,34,19
jpn_Jpan,642,35,13
jpn_Jpan,642,36,13
jpn_Jpan,642,37,13
jpn_Jpan,642,38,1
jpn_Jpan,642,39,13
jpn_Jpan,642,40,13
jpn_Jpan,642,41,12
jpn_Jpan,642,42,13
jpn_Jpan,642,43,13
jpn_Jpan,642,44,13
jpn_Jpan,642,45,13
jpn_Jpan,642,46,13
jpn_Jpan,642,47,47
jpn_Jpan,642,48,19
jpn_Jpan,642,49,39
jpn_Jpan,642,50,47
jpn_Jpan,642,51,13
jpn_Jpan,642,52,13
jpn_Jpan,642,53,13
jpn_Jpan,643,0,60
jpn_Jpan,643,1,1
jpn_Jpan,643,2,29
jpn_Jpan,643,3,36
jpn_Jpan,643,4,24
jpn_Jpan,643,5,19
jpn_Jpan,643,6,13
jpn_Jpan,643,7,13
jpn_Jpan,643,8,47
jpn_Jpan,643,9,19
jpn_Jpan,643,10,13
jpn_Jpan,643,11,24
jpn_Jpan,643,12,13
jpn_Jpan,643,13,34
jpn_Jpan,643,14,13
jpn_Jpan,643,15,24
jpn_Jpan,643,16,13
jpn_Jpan,643,17,36
jpn_Jpan,643,18,24
jpn_Jpan,643,19,52
jpn_Jpan,644,0,60
jpn_Jpan,644,1,36
jpn_Jpan,644,2,36
jpn_Jpan,644,3,13
jpn_Jpan,644,4,19
jpn_Jpan,644,5,13
jpn_Jpan,644,6,13
jpn_Jpan,644,7,19
jpn_Jpan,644,8,13
jpn_Jpan,644,9,13
jpn_Jpan,644,10,19
jpn_Jpan,644,11,13
jpn_Jpan,644,12,13
jpn_Jpan,644,13,13
jpn_Jpan,644,14,52
jpn_Jpan,644,15,1
jpn_Jpan,644,16,52
jpn_Jpan,644,17,13
jpn_Jpan,644,18,13
jpn_Jpan,644,19,47
jpn_Jpan,644,20,34
jpn_Jpan,644,21,24
jpn_Jpan,644,22,13
jpn_Jpan,644,23,13
jpn_Jpan,644,24,13
jpn_Jpan,644,25,13
jpn_Jpan,644,26,13
jpn_Jpan,644,27,19
jpn_Jpan,644,28,13
jpn_Jpan,644,29,13
jpn_Jpan,644,30,13
jpn_Jpan,644,31,24
jpn_Jpan,644,32,19
jpn_Jpan,644,33,13
jpn_Jpan,644,34,34
jpn_Jpan,644,35,9
jpn_Jpan,644,36,13
jpn_Jpan,644,37,13
jpn_Jpan,644,38,39
jpn_Jpan,644,39,13
jpn_Jpan,644,40,47
jpn_Jpan,644,41,13
jpn_Jpan,645,0,60
jpn_Jpan,645,1,19
jpn_Jpan,645,2,19
jpn_Jpan,645,3,13
jpn_Jpan,645,4,47
jpn_Jpan,645,5,13
jpn_Jpan,645,6,39
jpn_Jpan,645,7,13
jpn_Jpan,645,8,12
jpn_Jpan,645,9,58
jpn_Jpan,645,10,12
jpn_Jpan,645,11,39
jpn_Jpan,645,12,19
jpn_Jpan,646,0,60
jpn_Jpan,646,1,47
jpn_Jpan,646,2,13
jpn_Jpan,646,3,13
jpn_Jpan,646,4,61
jpn_Jpan,646,5,47
jpn_Jpan,646,6,61
jpn_Jpan,646,7,13
jpn_Jpan,646,8,7
jpn_Jpan,646,9,24
jpn_Jpan,646,10,47
jpn_Jpan,646,11,13
jpn_Jpan,646,12,13
jpn_Jpan,646,13,24
jpn_Jpan,646,14,47
jpn_Jpan,646,15,13
jpn_Jpan,646,16,47
jpn_Jpan,646,17,19
jpn_Jpan,646,18,7
jpn_Jpan,646,19,13
jpn_Jpan,646,20,24
jpn_Jpan,646,21,13
jpn_Jpan,646,22,13
jpn_Jpan,646,23,13
jpn_Jpan,646,24,19
jpn_Jpan,646,25,13
jpn_Jpan,646,26,24
jpn_Jpan,646,27,1
jpn_Jpan,646,28,13
jpn_Jpan,646,29,24
jpn_Jpan,646,30,19
jpn_Jpan,646,31,13
jpn_Jpan,646,32,19
jpn_Jpan,646,33,13
jpn_Jpan,646,34,24
jpn_Jpan,646,35,22
jpn_Jpan,646,36,7
jpn_Jpan,646,37,24
jpn_Jpan,646,38,13
jpn_Jpan,646,39,34
jpn_Jpan,647,0,60
jpn_Jpan,647,1,24
jpn_Jpan,647,2,13
jpn_Jpan,647,3,61
jpn_Jpan,647,4,34
jpn_Jpan,647,5,34
jpn_Jpan,647,6,28
jpn_Jpan,647,7,13
jpn_Jpan,647,8,13
jpn_Jpan,647,9,36
jpn_Jpan,647,10,13
jpn_Jpan,647,11,24
jpn_Jpan,647,12,13
jpn_Jpan,647,13,13
jpn_Jpan,647,14,19
jpn_Jpan,647,15,36
jpn_Jpan,647,16,40
jpn_Jpan,647,17,7
jpn_Jpan,647,18,36
jpn_Jpan,647,19,13
jpn_Jpan,647,20,24
jpn_Jpan,648,0,60
jpn_Jpan,648,1,13
jpn_Jpan,648,2,36
jpn_Jpan,648,3,24
jpn_Jpan,648,4,24
jpn_Jpan,648,5,19
jpn_Jpan,648,6,13
jpn_Jpan,648,7,47
jpn_Jpan,648,8,19
jpn_Jpan,648,9,13
jpn_Jpan,648,10,47
jpn_Jpan,648,11,39
jpn_Jpan,648,12,13
jpn_Jpan,648,13,13
jpn_Jpan,648,14,13
jpn_Jpan,648,15,47
jpn_Jpan,648,16,13
jpn_Jpan,648,17,24
jpn_Jpan,648,18,52
jpn_Jpan,648,19,52
jpn_Jpan,648,20,7
jpn_Jpan,648,21,24
jpn_Jpan,648,22,19
jpn_Jpan,648,23,19
jpn_Jpan,648,24,13
jpn_Jpan,648,25,13
jpn_Jpan,648,26,19
jpn_Jpan,648,27,39
jpn_Jpan,648,28,13
jpn_Jpan,648,29,19
jpn_Jpan,648,30,13
jpn_Jpan,648,31,1
jpn_Jpan,648,32,52
jpn_Jpan,648,33,47
jpn_Jpan,648,34,34
jpn_Jpan,648,35,13
jpn_Jpan,648,36,19
jpn_Jpan,648,37,13
jpn_Jpan,648,38,47
jpn_Jpan,648,39,13
jpn_Jpan,648,40,39
jpn_Jpan,648,41,13
jpn_Jpan,648,42,24
jpn_Jpan,648,43,34
jpn_Jpan,648,44,13
jpn_Jpan,649,0,60
jpn_Jpan,649,1,36
jpn_Jpan,649,2,61
jpn_Jpan,649,3,13
jpn_Jpan,649,4,36
jpn_Jpan,649,5,24
jpn_Jpan,649,6,61
jpn_Jpan,649,7,13
jpn_Jpan,649,8,36
jpn_Jpan,649,9,13
jpn_Jpan,649,10,19
jpn_Jpan,649,11,34
jpn_Jpan,649,12,34
jpn_Jpan,649,13,13
jpn_Jpan,649,14,24
jpn_Jpan,649,15,24
jpn_Jpan,649,16,52
jpn_Jpan,649,17,13
jpn_Jpan,649,18,24
jpn_Jpan,649,19,13
jpn_Jpan,649,20,47
jpn_Jpan,649,21,19
jpn_Jpan,649,22,13
jpn_Jpan,649,23,24
jpn_Jpan,649,24,52
jpn_Jpan,649,25,52
jpn_Jpan,649,26,13
jpn_Jpan,649,27,19
jpn_Jpan,649,28,13
jpn_Jpan,649,29,13
jpn_Jpan,649,30,13
jpn_Jpan,649,31,13
jpn_Jpan,649,32,19
jpn_Jpan,649,33,13
jpn_Jpan,649,34,13
jpn_Jpan,649,35,19
jpn_Jpan,649,36,61
jpn_Jpan,649,37,13
jpn_Jpan,649,38,13
jpn_Jpan,649,39,47
jpn_Jpan,649,40,13
jpn_Jpan,649,41,13
jpn_Jpan,649,42,24
jpn_Jpan,649,43,24
jpn_Jpan,649,44,13
jpn_Jpan,649,45,19
jpn_Jpan,649,46,34
jpn_Jpan,650,0,60
jpn_Jpan,650,1,61
jpn_Jpan,650,2,13
jpn_Jpan,650,3,7
jpn_Jpan,650,4,13
jpn_Jpan,650,5,24
jpn_Jpan,650,6,19
jpn_Jpan,650,7,13
jpn_Jpan,650,8,24
jpn_Jpan,650,9,13
jpn_Jpan,650,10,61
jpn_Jpan,650,11,13
jpn_Jpan,650,12,24
jpn_Jpan,650,13,13
jpn_Jpan,650,14,47
jpn_Jpan,650,15,39
jpn_Jpan,650,16,13
jpn_Jpan,650,17,61
jpn_Jpan,650,18,13
jpn_Jpan,650,19,24
jpn_Jpan,650,20,52
jpn_Jpan,650,21,1
jpn_Jpan,650,22,13
jpn_Jpan,650,23,19
jpn_Jpan,650,24,13
jpn_Jpan,650,25,24
jpn_Jpan,650,26,61
jpn_Jpan,650,27,13
jpn_Jpan,650,28,1
jpn_Jpan,650,29,52
jpn_Jpan,650,30,19
jpn_Jpan,650,31,13
jpn_Jpan,650,32,9
jpn_Jpan,650,33,61
jpn_Jpan,650,34,13
jpn_Jpan,650,35,19
jpn_Jpan,650,36,13
jpn_Jpan,650,37,24
jpn_Jpan,650,38,13
jpn_Jpan,650,39,13
jpn_Jpan,650,40,24
jpn_Jpan,650,41,34
jpn_Jpan,650,42,13
jpn_Jpan,650,43,13
jpn_Jpan,650,44,34
jpn_Jpan,651,0,60
jpn_Jpan,651,1,47
jpn_Jpan,651,2,13
jpn_Jpan,651,3,13
jpn_Jpan,651,4,24
jpn_Jpan,651,5,24
jpn_Jpan,651,6,13
jpn_Jpan,651,7,51
jpn_Jpan,651,8,13
jpn_Jpan,651,9,13
jpn_Jpan,651,10,19
jpn_Jpan,651,11,13
jpn_Jpan,651,12,24
jpn_Jpan,651,13,13
jpn_Jpan,651,14,13
jpn_Jpan,651,15,13
jpn_Jpan,651,16,9
jpn_Jpan,651,17,51
jpn_Jpan,651,18,9
jpn_Jpan,651,19,51
jpn_Jpan,651,20,9
jpn_Jpan,651,21,51
jpn_Jpan,651,22,9
jpn_Jpan,651,23,51
jpn_Jpan,651,24,9
jpn_Jpan,651,25,51
jpn_Jpan,651,26,9
jpn_Jpan,651,27,36
jpn_Jpan,651,28,9
jpn_Jpan,651,29,36
jpn_Jpan,651,30,9
jpn_Jpan,651,31,36
jpn_Jpan,651,32,9
jpn_Jpan,651,33,36
jpn_Jpan,651,34,9
jpn_Jpan,651,35,36
jpn_Jpan,652,0,60
jpn_Jpan,652,1,13
jpn_Jpan,652,2,13
jpn_Jpan,652,3,13
jpn_Jpan,652,4,13
jpn_Jpan,652,5,24
jpn_Jpan,652,6,47
jpn_Jpan,652,7,13
jpn_Jpan,652,8,19
jpn_Jpan,652,9,13
jpn_Jpan,652,10,19
jpn_Jpan,652,11,13
jpn_Jpan,652,12,24
jpn_Jpan,652,13,24
jpn_Jpan,652,14,13
jpn_Jpan,652,15,47
jpn_Jpan,652,16,39
jpn_Jpan,652,17,24
jpn_Jpan,652,18,47
jpn_Jpan,652,19,39
jpn_Jpan,652,20,13
jpn_Jpan,652,21,13
jpn_Jpan,653,0,60
jpn_Jpan,653,1,47
jpn_Jpan,653,2,13
jpn_Jpan,653,3,13
jpn_Jpan,653,4,13
jpn_Jpan,653,5,36
jpn_Jpan,653,6,13
jpn_Jpan,653,7,13
jpn_Jpan,653,8,47
jpn_Jpan,653,9,36
jpn_Jpan,653,10,24
jpn_Jpan,653,11,61
jpn_Jpan,653,12,7
jpn_Jpan,653,13,13
jpn_Jpan,653,14,24
jpn_Jpan,653,15,24
jpn_Jpan,653,16,47
jpn_Jpan,653,17,13
jpn_Jpan,653,18,19
jpn_Jpan,653,19,36
jpn_Jpan,653,20,13
jpn_Jpan,653,21,13
jpn_Jpan,653,22,19
jpn_Jpan,653,23,19
jpn_Jpan,653,24,13
jpn_Jpan,653,25,19
jpn_Jpan,653,26,36
jpn_Jpan,654,0,60
jpn_Jpan,654,1,13
jpn_Jpan,654,2,13
jpn_Jpan,654,3,19
jpn_Jpan,654,4,19
jpn_Jpan,654,5,39
jpn_Jpan,654,6,13
jpn_Jpan,654,7,39
jpn_Jpan,654,8,19
jpn_Jpan,654,9,39
jpn_Jpan,654,10,13
jpn_Jpan,654,11,24
jpn_Jpan,654,12,61
jpn_Jpan,654,13,19
jpn_Jpan,654,14,13
jpn_Jpan,654,15,13
jpn_Jpan,654,16,13
jpn_Jpan,654,17,39
jpn_Jpan,654,18,19
jpn_Jpan,654,19,13
jpn_Jpan,654,20,13
jpn_Jpan,654,21,24
jpn_Jpan,654,22,13
jpn_Jpan,654,23,13
jpn_Jpan,654,24,13
jpn_Jpan,654,25,19
jpn_Jpan,654,26,13
jpn_Jpan,654,27,13
jpn_Jpan,654,28,34
jpn_Jpan,655,0,60
jpn_Jpan,655,1,36
jpn_Jpan,655,2,36
jpn_Jpan,655,3,36
jpn_Jpan,655,4,36
jpn_Jpan,655,5,24
jpn_Jpan,655,6,13
jpn_Jpan,655,7,13
jpn_Jpan,655,8,61
jpn_Jpan,655,9,36
jpn_Jpan,655,10,61
jpn_Jpan,655,11,19
jpn_Jpan,655,12,36
jpn_Jpan,655,13,24
jpn_Jpan,655,14,13
jpn_Jpan,655,15,13
jpn_Jpan,655,16,24
jpn_Jpan,655,17,13
jpn_Jpan,655,18,34
jpn_Jpan,655,19,34
jpn_Jpan,655,20,13
jpn_Jpan,655,21,19
jpn_Jpan,655,22,39
jpn_Jpan,655,23,13
jpn_Jpan,656,0,60
jpn_Jpan,656,1,13
jpn_Jpan,656,2,19
jpn_Jpan,656,3,19
jpn_Jpan,656,4,39
jpn_Jpan,656,5,13
jpn_Jpan,656,6,39
jpn_Jpan,656,7,13
jpn_Jpan,656,8,13
jpn_Jpan,656,9,12
jpn_Jpan,656,10,13
jpn_Jpan,656,11,13
jpn_Jpan,656,12,34
jpn_Jpan,656,13,13
jpn_Jpan,656,14,13
jpn_Jpan,656,15,47
jpn_Jpan,656,16,19
jpn_Jpan,656,17,13
jpn_Jpan,656,18,13
jpn_Jpan,656,19,19
jpn_Jpan,656,20,34
jpn_Jpan,656,21,13
jpn_Jpan,656,22,19
jpn_Jpan,656,23,13
jpn_Jpan,656,24,34
jpn_Jpan,656,25,11
jpn_Jpan,656,26,11
jpn_Jpan,656,27,29
jpn_Jpan,656,28,13
jpn_Jpan,656,29,11
jpn_Jpan,656,30,24
jpn_Jpan,656,31,13
jpn_Jpan,656,32,24
jpn_Jpan,656,33,13
jpn_Jpan,656,34,19
jpn_Jpan,656,35,13
jpn_Jpan,656,36,19
jpn_Jpan,656,37,24
jpn_Jpan,656,38,13
jpn_Jpan,656,39,13
jpn_Jpan,656,40,13
jpn_Jpan,656,41,19
jpn_Jpan,656,42,34
jpn_Jpan,656,43,51
jpn_Jpan,656,44,13
jpn_Jpan,656,45,24
jpn_Jpan,656,46,24
jpn_Jpan,656,47,13
jpn_Jpan,656,48,24
jpn_Jpan,656,49,13
jpn_Jpan,656,50,13
jpn_Jpan,656,51,24
jpn_Jpan,656,52,19
jpn_Jpan,656,53,13
jpn_Jpan,656,54,51
jpn_Jpan,656,55,51
jpn_Jpan,657,0,60
jpn_Jpan,657,1,13
jpn_Jpan,657,2,13
jpn_Jpan,657,3,19
jpn_Jpan,657,4,13
jpn_Jpan,657,5,52
jpn_Jpan,657,6,24
jpn_Jpan,657,7,13
jpn_Jpan,657,8,24
jpn_Jpan,657,9,13
jpn_Jpan,657,10,13
jpn_Jpan,657,11,7
jpn_Jpan,657,12,13
jpn_Jpan,657,13,24
jpn_Jpan,657,14,47
jpn_Jpan,657,15,13
jpn_Jpan,657,16,19
jpn_Jpan,657,17,13
jpn_Jpan,657,18,7
jpn_Jpan,657,19,24
jpn_Jpan,657,20,19
jpn_Jpan,657,21,36
jpn_Jpan,657,22,19
jpn_Jpan,657,23,36
jpn_Jpan,657,24,13
jpn_Jpan,657,25,19
jpn_Jpan,657,26,13
jpn_Jpan,657,27,13
jpn_Jpan,657,28,13
jpn_Jpan,657,29,24
jpn_Jpan,657,30,47
jpn_Jpan,657,31,13
jpn_Jpan,657,32,47
jpn_Jpan,657,33,13
jpn_Jpan,657,34,13
jpn_Jpan,657,35,24
jpn_Jpan,657,36,13
jpn_Jpan,657,37,61
jpn_Jpan,657,38,19
jpn_Jpan,657,39,13
jpn_Jpan,657,40,24
jpn_Jpan,657,41,19
jpn_Jpan,657,42,13
jpn_Jpan,657,43,19
jpn_Jpan,657,44,34
jpn_Jpan,657,45,13
jpn_Jpan,657,46,13
jpn_Jpan,657,47,34
jpn_Jpan,658,0,60
jpn_Jpan,658,1,12
jpn_Jpan,658,2,12
jpn_Jpan,658,3,61
jpn_Jpan,658,4,13
jpn_Jpan,658,5,19
jpn_Jpan,658,6,36
jpn_Jpan,658,7,47
jpn_Jpan,658,8,47
jpn_Jpan,658,9,19
jpn_Jpan,658,10,13
jpn_Jpan,658,11,13
jpn_Jpan,658,12,13
jpn_Jpan,658,13,13
jpn_Jpan,658,14,19
jpn_Jpan,658,15,13
jpn_Jpan,658,16,13
jpn_Jpan,658,17,24
jpn_Jpan,658,18,47
jpn_Jpan,658,19,13
jpn_Jpan,658,20,24
jpn_Jpan,658,21,19
jpn_Jpan,658,22,13
jpn_Jpan,658,23,19
jpn_Jpan,658,24,34
jpn_Jpan,658,25,13
jpn_Jpan,658,26,13
jpn_Jpan,658,27,19
jpn_Jpan,658,28,13
jpn_Jpan,658,29,34
jpn_Jpan,658,30,24
jpn_Jpan,658,31,13
jpn_Jpan,658,32,13
jpn_Jpan,658,33,13
jpn_Jpan,658,34,13
jpn_Jpan,658,35,34
jpn_Jpan,659,0,60
jpn_Jpan,659,1,19
jpn_Jpan,659,2,13
jpn_Jpan,659,3,24
jpn_Jpan,659,4,47
jpn_Jpan,659,5,13
jpn_Jpan,659,6,13
jpn_Jpan,659,7,13
jpn_Jpan,659,8,24
jpn_Jpan,659,9,13
jpn_Jpan,659,10,13
jpn_Jpan,659,11,47
jpn_Jpan,659,12,13
jpn_Jpan,659,13,13
jpn_Jpan,659,14,24
jpn_Jpan,659,15,13
jpn_Jpan,659,16,34
jpn_Jpan,660,0,60
jpn_Jpan,660,1,1
jpn_Jpan,660,2,52
jpn_Jpan,660,3,13
jpn_Jpan,660,4,24
jpn_Jpan,660,5,13
jpn_Jpan,660,6,19
jpn_Jpan,660,7,13
jpn_Jpan,660,8,13
jpn_Jpan,660,9,13
jpn_Jpan,660,10,24
jpn_Jpan,660,11,34
jpn_Jpan,660,12,51
jpn_Jpan,661,0,60
jpn_Jpan,661,1,47
jpn_Jpan,661,2,19
jpn_Jpan,661,3,47
jpn_Jpan,661,4,47
jpn_Jpan,661,5,47
jpn_Jpan,661,6,39
jpn_Jpan,661,7,13
jpn_Jpan,661,8,13
jpn_Jpan,661,9,52
jpn_Jpan,661,10,19
jpn_Jpan,661,11,13
jpn_Jpan,661,12,24
jpn_Jpan,661,13,47
jpn_Jpan,661,14,13
jpn_Jpan,661,15,34
jpn_Jpan,662,0,60
jpn_Jpan,662,1,13
jpn_Jpan,662,2,13
jpn_Jpan,662,3,19
jpn_Jpan,662,4,13
jpn_Jpan,662,5,24
jpn_Jpan,662,6,61
jpn_Jpan,662,7,13
jpn_Jpan,662,8,19
jpn_Jpan,662,9,39
jpn_Jpan,662,10,24
jpn_Jpan,662,11,13
jpn_Jpan,662,12,13
jpn_Jpan,662,13,19
jpn_Jpan,662,14,13
jpn_Jpan,662,15,13
jpn_Jpan,662,16,24
jpn_Jpan,662,17,61
jpn_Jpan,662,18,13
jpn_Jpan,662,19,19
jpn_Jpan,662,20,13
jpn_Jpan,662,21,24
jpn_Jpan,662,22,13
jpn_Jpan,662,23,61
jpn_Jpan,662,24,13
jpn_Jpan,662,25,13
jpn_Jpan,662,26,13
jpn_Jpan,662,27,47
jpn_Jpan,662,28,19
jpn_Jpan,662,29,47
jpn_Jpan,662,30,13
jpn_Jpan,662,31,13
jpn_Jpan,662,32,39
jpn_Jpan,662,33,13
jpn_Jpan,662,34,13
jpn_Jpan,662,35,11
jpn_Jpan,662,36,19
jpn_Jpan,662,37,13
jpn_Jpan,662,38,13
jpn_Jpan,662,39,13
jpn_Jpan,663,0,60
jpn_Jpan,663,1,47
jpn_Jpan,663,2,13
jpn_Jpan,663,3,13
jpn_Jpan,663,4,1
jpn_Jpan,663,5,19
jpn_Jpan,663,6,13
jpn_Jpan,663,7,24
jpn_Jpan,663,8,13
jpn_Jpan,663,9,36
jpn_Jpan,663,10,42
jpn_Jpan,663,11,47
jpn_Jpan,663,12,19
jpn_Jpan,663,13,40
jpn_Jpan,663,14,13
jpn_Jpan,663,15,36
jpn_Jpan,663,16,47
jpn_Jpan,663,17,36
jpn_Jpan,663,18,36
jpn_Jpan,663,19,19
jpn_Jpan,663,20,52
jpn_Jpan,664,0,60
jpn_Jpan,664,1,13
jpn_Jpan,664,2,39
jpn_Jpan,664,3,47
jpn_Jpan,664,4,19
jpn_Jpan,664,5,13
jpn_Jpan,664,6,13
jpn_Jpan,664,7,24
jpn_Jpan,664,8,13
jpn_Jpan,664,9,13
jpn_Jpan,664,10,13
jpn_Jpan,664,11,19
jpn_Jpan,664,12,13
jpn_Jpan,664,13,13
jpn_Jpan,664,14,47
jpn_Jpan,664,15,13
jpn_Jpan,664,16,13
jpn_Jpan,664,17,13
jpn_Jpan,664,18,34
jpn_Jpan,664,19,51
jpn_Jpan,664,20,24
jpn_Jpan,664,21,47
jpn_Jpan,664,22,39
jpn_Jpan,664,23,13
jpn_Jpan,665,0,60
jpn_Jpan,665,1,52
jpn_Jpan,665,2,24
jpn_Jpan,665,3,61
jpn_Jpan,665,4,13
jpn_Jpan,665,5,19
jpn_Jpan,665,6,13
jpn_Jpan,665,7,34
jpn_Jpan,665,8,24
jpn_Jpan,665,9,52
jpn_Jpan,665,10,19
jpn_Jpan,665,11,13
jpn_Jpan,665,12,24
jpn_Jpan,665,13,13
jpn_Jpan,665,14,13
jpn_Jpan,665,15,13
jpn_Jpan,665,16,13
jpn_Jpan,665,17,13
jpn_Jpan,665,18,34
jpn_Jpan,665,19,13
jpn_Jpan,665,20,13
jpn_Jpan,665,21,13
jpn_Jpan,665,22,34
jpn_Jpan,666,0,60
jpn_Jpan,666,1,19
jpn_Jpan,666,2,61
jpn_Jpan,666,3,47
jpn_Jpan,666,4,19
jpn_Jpan,666,5,13
jpn_Jpan,666,6,19
jpn_Jpan,666,7,29
jpn_Jpan,666,8,47
jpn_Jpan,666,9,13
jpn_Jpan,666,10,13
jpn_Jpan,666,11,13
jpn_Jpan,666,12,36
jpn_Jpan,666,13,19
jpn_Jpan,666,14,13
jpn_Jpan,666,15,19
jpn_Jpan,666,16,13
jpn_Jpan,666,17,13
jpn_Jpan,666,18,13
jpn_Jpan,666,19,13
jpn_Jpan,666,20,13
jpn_Jpan,666,21,13
jpn_Jpan,666,22,22
jpn_Jpan,666,23,52
jpn_Jpan,666,24,12
jpn_Jpan,666,25,9
jpn_Jpan,666,26,11
jpn_Jpan,666,27,61
jpn_Jpan,666,28,13
jpn_Jpan,666,29,34
jpn_Jpan,666,30,13
jpn_Jpan,666,31,47
jpn_Jpan,666,32,13
jpn_Jpan,666,33,61
jpn_Jpan,666,34,13
jpn_Jpan,666,35,19
jpn_Jpan,666,36,13
jpn_Jpan,666,37,24
jpn_Jpan,666,38,13
jpn_Jpan,666,39,34
jpn_Jpan,666,40,13
jpn_Jpan,666,41,13
jpn_Jpan,666,42,13
jpn_Jpan,666,43,34
jpn_Jpan,666,44,34
jpn_Jpan,667,0,60
jpn_Jpan,667,1,24
jpn_Jpan,667,2,24
jpn_Jpan,667,3,13
jpn_Jpan,667,4,24
jpn_Jpan,667,5,61
jpn_Jpan,667,6,13
jpn_Jpan,667,7,24
jpn_Jpan,667,8,13
jpn_Jpan,667,9,24
jpn_Jpan,667,10,19
jpn_Jpan,667,11,13
jpn_Jpan,667,12,13
jpn_Jpan,667,13,13
jpn_Jpan,667,14,13
jpn_Jpan,667,15,4
jpn_Jpan,667,16,51
jpn_Jpan,668,0,60
jpn_Jpan,668,1,9
jpn_Jpan,668,2,13
jpn_Jpan,668,3,24
jpn_Jpan,668,4,47
jpn_Jpan,668,5,13
jpn_Jpan,668,6,52
jpn_Jpan,668,7,19
jpn_Jpan,668,8,13
jpn_Jpan,668,9,24
jpn_Jpan,668,10,24
jpn_Jpan,668,11,13
jpn_Jpan,668,12,61
jpn_Jpan,668,13,13
jpn_Jpan,668,14,13
jpn_Jpan,668,15,13
jpn_Jpan,668,16,61
jpn_Jpan,668,17,13
jpn_Jpan,668,18,24
jpn_Jpan,668,19,47
jpn_Jpan,668,20,19
jpn_Jpan,668,21,13
jpn_Jpan,668,22,24
jpn_Jpan,668,23,47
jpn_Jpan,668,24,36
jpn_Jpan,668,25,61
jpn_Jpan,668,26,13
jpn_Jpan,668,27,13
jpn_Jpan,668,28,7
jpn_Jpan,669,0,60
jpn_Jpan,669,1,13
jpn_Jpan,669,2,39
jpn_Jpan,669,3,47
jpn_Jpan,669,4,13
jpn_Jpan,669,5,39
jpn_Jpan,669,6,13
jpn_Jpan,669,7,13
jpn_Jpan,669,8,24
jpn_Jpan,669,9,13
jpn_Jpan,669,10,19
jpn_Jpan,669,11,13
jpn_Jpan,669,12,13
jpn_Jpan,669,13,24
jpn_Jpan,669,14,19
jpn_Jpan,669,15,13
jpn_Jpan,669,16,13
jpn_Jpan,669,17,13
jpn_Jpan,669,18,24
jpn_Jpan,669,19,19
jpn_Jpan,669,20,13
jpn_Jpan,669,21,13
jpn_Jpan,669,22,13
jpn_Jpan,669,23,34
jpn_Jpan,669,24,13
jpn_Jpan,669,25,47
jpn_Jpan,669,26,19
jpn_Jpan,669,27,39
jpn_Jpan,669,28,39
jpn_Jpan,669,29,19
jpn_Jpan,669,30,39
jpn_Jpan,669,31,13
jpn_Jpan,669,32,34
jpn_Jpan,670,0,60
jpn_Jpan,670,1,19
jpn_Jpan,670,2,13
jpn_Jpan,670,3,13
jpn_Jpan,670,4,13
jpn_Jpan,670,5,24
jpn_Jpan,670,6,13
jpn_Jpan,670,7,37
jpn_Jpan,670,8,36
jpn_Jpan,670,9,24
jpn_Jpan,670,10,24
jpn_Jpan,670,11,19
jpn_Jpan,670,12,13
jpn_Jpan,670,13,34
jpn_Jpan,670,14,24
jpn_Jpan,670,15,19
jpn_Jpan,670,16,13
jpn_Jpan,670,17,13
jpn_Jpan,670,18,34
jpn_Jpan,670,19,13
jpn_Jpan,670,20,47
jpn_Jpan,670,21,13
jpn_Jpan,670,22,34
jpn_Jpan,670,23,24
jpn_Jpan,670,24,24
jpn_Jpan,670,25,13
jpn_Jpan,670,26,13
jpn_Jpan,670,27,24
jpn_Jpan,670,28,24
jpn_Jpan,670,29,36
jpn_Jpan,670,30,24
jpn_Jpan,670,31,13
jpn_Jpan,670,32,19
jpn_Jpan,670,33,13
jpn_Jpan,670,34,19
jpn_Jpan,670,35,13
jpn_Jpan,670,36,24
jpn_Jpan,670,37,13
jpn_Jpan,670,38,34
jpn_Jpan,670,39,13
jpn_Jpan,670,40,13
jpn_Jpan,670,41,34
jpn_Jpan,670,42,47
jpn_Jpan,670,43,13
jpn_Jpan,670,44,34
jpn_Jpan,671,0,60
jpn_Jpan,671,1,36
jpn_Jpan,671,2,47
jpn_Jpan,671,3,13
jpn_Jpan,671,4,24
jpn_Jpan,671,5,19
jpn_Jpan,671,6,13
jpn_Jpan,671,7,1
jpn_Jpan,671,8,13
jpn_Jpan,671,9,47
jpn_Jpan,671,10,7
jpn_Jpan,671,11,13
jpn_Jpan,671,12,24
jpn_Jpan,671,13,13
jpn_Jpan,671,14,13
jpn_Jpan,671,15,13
jpn_Jpan,671,16,13
jpn_Jpan,671,17,13
jpn_Jpan,671,18,34
jpn_Jpan,672,0,60
jpn_Jpan,672,1,49
jpn_Jpan,672,2,49
jpn_Jpan,672,3,24
jpn_Jpan,672,4,13
jpn_Jpan,672,5,34
jpn_Jpan,672,6,6
jpn_Jpan,672,7,40
jpn_Jpan,672,8,28
jpn_Jpan,672,9,24
jpn_Jpan,672,10,13
jpn_Jpan,672,11,47
jpn_Jpan,672,12,13
jpn_Jpan,672,13,13
jpn_Jpan,672,14,39
jpn_Jpan,672,15,36
jpn_Jpan,672,16,36
jpn_Jpan,672,17,37
jpn_Jpan,672,18,37
jpn_Jpan,672,19,36
jpn_Jpan,672,20,37
jpn_Jpan,672,21,19
jpn_Jpan,672,22,47
jpn_Jpan,672,23,36
jpn_Jpan,672,24,36
jpn_Jpan,673,0,60
jpn_Jpan,673,1,24
jpn_Jpan,673,2,13
jpn_Jpan,673,3,13
jpn_Jpan,673,4,13
jpn_Jpan,673,5,13
jpn_Jpan,673,6,13
jpn_Jpan,673,7,36
jpn_Jpan,673,8,13
jpn_Jpan,673,9,36
jpn_Jpan,673,10,39
jpn_Jpan,673,11,61
jpn_Jpan,673,12,61
jpn_Jpan,673,13,61
jpn_Jpan,673,14,61
jpn_Jpan,673,15,13
jpn_Jpan,673,16,13
jpn_Jpan,673,17,13
jpn_Jpan,673,18,11
jpn_Jpan,673,19,58
jpn_Jpan,673,20,12
jpn_Jpan,673,21,40
jpn_Jpan,674,0,60
jpn_Jpan,674,1,13
jpn_Jpan,674,2,9
jpn_Jpan,674,3,13
jpn_Jpan,674,4,19
jpn_Jpan,674,5,13
jpn_Jpan,674,6,47
jpn_Jpan,674,7,7
jpn_Jpan,674,8,9
jpn_Jpan,674,9,7
jpn_Jpan,674,10,19
jpn_Jpan,674,11,13
jpn_Jpan,674,12,47
jpn_Jpan,674,13,24
jpn_Jpan,674,14,19
jpn_Jpan,674,15,36
jpn_Jpan,674,16,61
jpn_Jpan,674,17,7
jpn_Jpan,674,18,13
jpn_Jpan,674,19,47
jpn_Jpan,674,20,47
jpn_Jpan,674,21,19
jpn_Jpan,674,22,13
jpn_Jpan,674,23,61
jpn_Jpan,674,24,19
jpn_Jpan,674,25,39
jpn_Jpan,674,26,24
jpn_Jpan,674,27,47
jpn_Jpan,674,28,19
jpn_Jpan,674,29,19
jpn_Jpan,674,30,13
jpn_Jpan,675,0,60
jpn_Jpan,675,1,13
jpn_Jpan,675,2,13
jpn_Jpan,675,3,24
jpn_Jpan,675,4,24
jpn_Jpan,675,5,13
jpn_Jpan,675,6,13
jpn_Jpan,675,7,19
jpn_Jpan,675,8,13
jpn_Jpan,675,9,13
jpn_Jpan,675,10,19
jpn_Jpan,675,11,13
jpn_Jpan,675,12,13
jpn_Jpan,675,13,13
jpn_Jpan,675,14,13
jpn_Jpan,676,0,60
jpn_Jpan,676,1,9
jpn_Jpan,676,2,13
jpn_Jpan,676,3,13
jpn_Jpan,676,4,11
jpn_Jpan,676,5,1
jpn_Jpan,676,6,13
jpn_Jpan,676,7,19
jpn_Jpan,676,8,13
jpn_Jpan,676,9,19
jpn_Jpan,676,10,13
jpn_Jpan,676,11,19
jpn_Jpan,676,12,13
jpn_Jpan,676,13,26
jpn_Jpan,676,14,19
jpn_Jpan,676,15,13
jpn_Jpan,676,16,9
jpn_Jpan,676,17,24
jpn_Jpan,676,18,13
jpn_Jpan,676,19,27
jpn_Jpan,676,20,13
jpn_Jpan,676,21,13
jpn_Jpan,676,22,24
jpn_Jpan,676,23,13
jpn_Jpan,676,24,19
jpn_Jpan,676,25,13
jpn_Jpan,676,26,19
jpn_Jpan,676,27,13
jpn_Jpan,676,28,13
jpn_Jpan,676,29,12
jpn_Jpan,676,30,11
jpn_Jpan,676,31,12
jpn_Jpan,676,32,1
jpn_Jpan,676,33,13
jpn_Jpan,676,34,19
jpn_Jpan,676,35,13
jpn_Jpan,676,36,19
jpn_Jpan,676,37,13
jpn_Jpan,676,38,19
jpn_Jpan,676,39,13
jpn_Jpan,676,40,47
jpn_Jpan,676,41,19
jpn_Jpan,676,42,13
jpn_Jpan,676,43,9
jpn_Jpan,676,44,12
jpn_Jpan,676,45,13
jpn_Jpan,676,46,24
jpn_Jpan,676,47,13
jpn_Jpan,676,48,24
jpn_Jpan,677,0,60
jpn_Jpan,677,1,13
jpn_Jpan,677,2,13
jpn_Jpan,677,3,47
jpn_Jpan,677,4,13
jpn_Jpan,677,5,24
jpn_Jpan,677,6,13
jpn_Jpan,677,7,13
jpn_Jpan,677,8,13
jpn_Jpan,677,9,13
jpn_Jpan,677,10,13
jpn_Jpan,677,11,61
jpn_Jpan,677,12,19
jpn_Jpan,677,13,13
jpn_Jpan,677,14,13
jpn_Jpan,677,15,24
jpn_Jpan,677,16,13
jpn_Jpan,677,17,13
jpn_Jpan,677,18,24
jpn_Jpan,677,19,13
jpn_Jpan,677,20,13
jpn_Jpan,677,21,24
jpn_Jpan,677,22,13
jpn_Jpan,677,23,19
jpn_Jpan,677,24,13
jpn_Jpan,677,25,13
jpn_Jpan,677,26,47
jpn_Jpan,677,27,13
jpn_Jpan,677,28,13
jpn_Jpan,677,29,13
jpn_Jpan,677,30,19
jpn_Jpan,677,31,13
jpn_Jpan,677,32,13
jpn_Jpan,677,33,24
jpn_Jpan,677,34,24
jpn_Jpan,677,35,13
jpn_Jpan,677,36,13
jpn_Jpan,677,37,24
jpn_Jpan,677,38,19
jpn_Jpan,677,39,19
jpn_Jpan,677,40,47
jpn_Jpan,677,41,39
jpn_Jpan,677,42,13
jpn_Jpan,677,43,13
jpn_Jpan,677,44,24
jpn_Jpan,677,45,19
jpn_Jpan,677,46,13
jpn_Jpan,677,47,34
jpn_Jpan,678,0,60
jpn_Jpan,678,1,24
jpn_Jpan,678,2,52
jpn_Jpan,678,3,1
jpn_Jpan,678,4,13
jpn_Jpan,678,5,36
jpn_Jpan,678,6,13
jpn_Jpan,678,7,19
jpn_Jpan,678,8,34
jpn_Jpan,678,9,36
jpn_Jpan,678,10,24
jpn_Jpan,678,11,12
jpn_Jpan,678,12,13
jpn_Jpan,678,13,13
jpn_Jpan,678,14,61
jpn_Jpan,678,15,61
jpn_Jpan,678,16,13
jpn_Jpan,679,0,60
jpn_Jpan,679,1,13
jpn_Jpan,679,2,13
jpn_Jpan,679,3,24
jpn_Jpan,679,4,52
jpn_Jpan,679,5,19
jpn_Jpan,679,6,13
jpn_Jpan,679,7,24
jpn_Jpan,679,8,19
jpn_Jpan,679,9,13
jpn_Jpan,679,10,19
jpn_Jpan,679,11,36
jpn_Jpan,679,12,13
jpn_Jpan,680,0,60
jpn_Jpan,680,1,13
jpn_Jpan,680,2,47
jpn_Jpan,680,3,19
jpn_Jpan,680,4,13
jpn_Jpan,680,5,13
jpn_Jpan,680,6,24
jpn_Jpan,680,7,19
jpn_Jpan,680,8,13
jpn_Jpan,680,9,24
jpn_Jpan,680,10,24
jpn_Jpan,680,11,13
jpn_Jpan,680,12,13
jpn_Jpan,680,13,13
jpn_Jpan,680,14,13
jpn_Jpan,680,15,13
jpn_Jpan,680,16,19
jpn_Jpan,680,17,13
jpn_Jpan,680,18,24
jpn_Jpan,680,19,13
jpn_Jpan,680,20,34
jpn_Jpan,681,0,60
jpn_Jpan,681,1,24
jpn_Jpan,681,2,13
jpn_Jpan,681,3,13
jpn_Jpan,681,4,39
jpn_Jpan,681,5,24
jpn_Jpan,681,6,13
jpn_Jpan,681,7,24
jpn_Jpan,681,8,47
jpn_Jpan,681,9,13
jpn_Jpan,681,10,19
jpn_Jpan,681,11,13
jpn_Jpan,681,12,13
jpn_Jpan,681,13,13
jpn_Jpan,681,14,39
jpn_Jpan,681,15,13
jpn_Jpan,681,16,24
jpn_Jpan,681,17,24
jpn_Jpan,681,18,26
jpn_Jpan,681,19,47
jpn_Jpan,681,20,13
jpn_Jpan,681,21,13
jpn_Jpan,681,22,13
jpn_Jpan,681,23,13
jpn_Jpan,681,24,13
jpn_Jpan,681,25,7
jpn_Jpan,681,26,13
jpn_Jpan,681,27,24
jpn_Jpan,681,28,13
jpn_Jpan,681,29,13
jpn_Jpan,681,30,13
jpn_Jpan,681,31,13
jpn_Jpan,681,32,13
jpn_Jpan,681,33,47
jpn_Jpan,681,34,13
jpn_Jpan,681,35,19
jpn_Jpan,681,36,13
jpn_Jpan,681,37,47
jpn_Jpan,681,38,19
jpn_Jpan,681,39,13
jpn_Jpan,681,40,24
jpn_Jpan,681,41,19
jpn_Jpan,681,42,36
jpn_Jpan,681,43,13
jpn_Jpan,681,44,13
jpn_Jpan,681,45,34
jpn_Jpan,682,0,60
jpn_Jpan,682,1,61
jpn_Jpan,682,2,19
jpn_Jpan,682,3,13
jpn_Jpan,682,4,19
jpn_Jpan,682,5,13
jpn_Jpan,682,6,13
jpn_Jpan,682,7,13
jpn_Jpan,682,8,13
jpn_Jpan,682,9,39
jpn_Jpan,682,10,13
jpn_Jpan,682,11,12
jpn_Jpan,682,12,58
jpn_Jpan,682,13,12
jpn_Jpan,682,14,61
jpn_Jpan,683,0,60
jpn_Jpan,683,1,13
jpn_Jpan,683,2,13
jpn_Jpan,683,3,13
jpn_Jpan,683,4,52
jpn_Jpan,683,5,7
jpn_Jpan,683,6,52
jpn_Jpan,683,7,24
jpn_Jpan,683,8,13
jpn_Jpan,683,9,13
jpn_Jpan,683,10,24
jpn_Jpan,683,11,52
jpn_Jpan,683,12,1
jpn_Jpan,683,13,13
jpn_Jpan,683,14,19
jpn_Jpan,683,15,13
jpn_Jpan,683,16,13
jpn_Jpan,683,17,13
jpn_Jpan,683,18,34
jpn_Jpan,683,19,34
jpn_Jpan,683,20,13
jpn_Jpan,684,0,60
jpn_Jpan,684,1,19
jpn_Jpan,684,2,13
jpn_Jpan,684,3,61
jpn_Jpan,684,4,13
jpn_Jpan,684,5,19
jpn_Jpan,684,6,36
jpn_Jpan,684,7,24
jpn_Jpan,684,8,61
jpn_Jpan,684,9,19
jpn_Jpan,684,10,13
jpn_Jpan,684,11,61
jpn_Jpan,684,12,47
jpn_Jpan,684,13,13
jpn_Jpan,684,14,13
jpn_Jpan,684,15,36
jpn_Jpan,684,16,24
jpn_Jpan,684,17,13
jpn_Jpan,684,18,47
jpn_Jpan,684,19,13
jpn_Jpan,684,20,13
jpn_Jpan,684,21,36
jpn_Jpan,685,0,60
jpn_Jpan,685,1,61
jpn_Jpan,685,2,13
jpn_Jpan,685,3,13
jpn_Jpan,685,4,39
jpn_Jpan,685,5,39
jpn_Jpan,685,6,36
jpn_Jpan,685,7,47
jpn_Jpan,685,8,19
jpn_Jpan,685,9,13
jpn_Jpan,685,10,13
jpn_Jpan,685,11,13
jpn_Jpan,685,12,24
jpn_Jpan,685,13,19
jpn_Jpan,685,14,13
jpn_Jpan,685,15,13
jpn_Jpan,685,16,13
jpn_Jpan,685,17,13
jpn_Jpan,685,18,19
jpn_Jpan,685,19,34
jpn_Jpan,685,20,13
jpn_Jpan,685,21,13
jpn_Jpan,685,22,13
jpn_Jpan,685,23,34
jpn_Jpan,686,0,60
jpn_Jpan,686,1,57
jpn_Jpan,686,2,24
jpn_Jpan,686,3,1
jpn_Jpan,686,4,13
jpn_Jpan,686,5,24
jpn_Jpan,686,6,47
jpn_Jpan,686,7,13
jpn_Jpan,686,8,13
jpn_Jpan,686,9,13
jpn_Jpan,686,10,24
jpn_Jpan,686,11,13
jpn_Jpan,686,12,24
jpn_Jpan,686,13,1
jpn_Jpan,686,14,52
jpn_Jpan,686,15,52
jpn_Jpan,686,16,7
jpn_Jpan,686,17,13
jpn_Jpan,686,18,13
jpn_Jpan,686,19,24
jpn_Jpan,686,20,13
jpn_Jpan,686,21,24
jpn_Jpan,686,22,13
jpn_Jpan,686,23,61
jpn_Jpan,686,24,13
jpn_Jpan,686,25,24
jpn_Jpan,686,26,13
jpn_Jpan,686,27,13
jpn_Jpan,686,28,13
jpn_Jpan,686,29,13
jpn_Jpan,686,30,24
jpn_Jpan,686,31,13
jpn_Jpan,686,32,24
jpn_Jpan,686,33,13
jpn_Jpan,686,34,13
jpn_Jpan,686,35,13
jpn_Jpan,686,36,13
jpn_Jpan,686,37,24
jpn_Jpan,686,38,19
jpn_Jpan,686,39,13
jpn_Jpan,686,40,13
jpn_Jpan,686,41,47
jpn_Jpan,686,42,47
jpn_Jpan,686,43,13
jpn_Jpan,686,44,19
jpn_Jpan,686,45,13
jpn_Jpan,686,46,13
jpn_Jpan,686,47,13
jpn_Jpan,686,48,34
jpn_Jpan,687,0,60
jpn_Jpan,687,1,36
jpn_Jpan,687,2,19
jpn_Jpan,687,3,13
jpn_Jpan,687,4,36
jpn_Jpan,687,5,13
jpn_Jpan,687,6,13
jpn_Jpan,687,7,19
jpn_Jpan,687,8,13
jpn_Jpan,687,9,36
jpn_Jpan,687,10,9
jpn_Jpan,687,11,36
jpn_Jpan,687,12,9
jpn_Jpan,687,13,36
jpn_Jpan,687,14,9
jpn_Jpan,687,15,11
jpn_Jpan,687,16,9
jpn_Jpan,687,17,9
jpn_Jpan,687,18,36
jpn_Jpan,687,19,40
jpn_Jpan,687,20,24
jpn_Jpan,687,21,1
jpn_Jpan,687,22,13
jpn_Jpan,687,23,13
jpn_Jpan,687,24,19
jpn_Jpan,687,25,13
jpn_Jpan,687,26,13
jpn_Jpan,687,27,13
jpn_Jpan,687,28,13
jpn_Jpan,687,29,19
jpn_Jpan,687,30,13
jpn_Jpan,687,31,19
jpn_Jpan,687,32,13
jpn_Jpan,687,33,13
jpn_Jpan,687,34,34
jpn_Jpan,688,0,60
jpn_Jpan,688,1,11
jpn_Jpan,688,2,13
jpn_Jpan,688,3,13
jpn_Jpan,688,4,19
jpn_Jpan,688,5,7
jpn_Jpan,688,6,24
jpn_Jpan,688,7,24
jpn_Jpan,688,8,19
jpn_Jpan,688,9,47
jpn_Jpan,688,10,13
jpn_Jpan,688,11,13
jpn_Jpan,688,12,13
jpn_Jpan,688,13,13
jpn_Jpan,688,14,24
jpn_Jpan,688,15,19
jpn_Jpan,688,16,37
jpn_Jpan,688,17,52
jpn_Jpan,688,18,34
jpn_Jpan,688,19,34
jpn_Jpan,688,20,34
jpn_Jpan,689,0,60
jpn_Jpan,689,1,1
jpn_Jpan,689,2,52
jpn_Jpan,689,3,13
jpn_Jpan,689,4,24
jpn_Jpan,689,5,13
jpn_Jpan,689,6,13
jpn_Jpan,689,7,24
jpn_Jpan,689,8,52
jpn_Jpan,689,9,13
jpn_Jpan,689,10,13
jpn_Jpan,689,11,13
jpn_Jpan,689,12,24
jpn_Jpan,689,13,19
jpn_Jpan,689,14,13
jpn_Jpan,689,15,19
jpn_Jpan,689,16,13
jpn_Jpan,689,17,13
jpn_Jpan,689,18,13
jpn_Jpan,689,19,24
jpn_Jpan,689,20,19
jpn_Jpan,689,21,13
jpn_Jpan,689,22,19
jpn_Jpan,689,23,13
jpn_Jpan,689,24,34
jpn_Jpan,689,25,24
jpn_Jpan,690,0,60
jpn_Jpan,690,1,24
jpn_Jpan,690,2,40
jpn_Jpan,690,3,24
jpn_Jpan,690,4,7
jpn_Jpan,690,5,24
jpn_Jpan,690,6,22
jpn_Jpan,690,7,52
jpn_Jpan,690,8,13
jpn_Jpan,690,9,13
jpn_Jpan,690,10,26
jpn_Jpan,690,11,47
jpn_Jpan,691,0,60
jpn_Jpan,691,1,13
jpn_Jpan,691,2,13
jpn_Jpan,691,3,36
jpn_Jpan,691,4,24
jpn_Jpan,691,5,7
jpn_Jpan,691,6,36
jpn_Jpan,691,7,13
jpn_Jpan,691,8,13
jpn_Jpan,691,9,13
jpn_Jpan,691,10,24
jpn_Jpan,691,11,13
jpn_Jpan,691,12,24
jpn_Jpan,691,13,13
jpn_Jpan,691,14,34
jpn_Jpan,691,15,24
jpn_Jpan,691,16,24
jpn_Jpan,691,17,19
jpn_Jpan,691,18,36
jpn_Jpan,691,19,13
jpn_Jpan,691,20,24
jpn_Jpan,691,21,13
jpn_Jpan,691,22,13
jpn_Jpan,691,23,13
jpn_Jpan,691,24,13
jpn_Jpan,691,25,13
jpn_Jpan,691,26,13
jpn_Jpan,691,27,13
jpn_Jpan,691,28,24
jpn_Jpan,691,29,13
jpn_Jpan,691,30,24
jpn_Jpan,691,31,24
jpn_Jpan,691,32,19
jpn_Jpan,691,33,13
jpn_Jpan,691,34,13
jpn_Jpan,691,35,13
jpn_Jpan,691,36,13
jpn_Jpan,691,37,13
jpn_Jpan,691,38,13
jpn_Jpan,691,39,13
jpn_Jpan,691,40,13
jpn_Jpan,691,41,51
jpn_Jpan,692,0,60
jpn_Jpan,692,1,51
jpn_Jpan,692,2,24
jpn_Jpan,692,3,13
jpn_Jpan,692,4,36
jpn_Jpan,692,5,24
jpn_Jpan,692,6,13
jpn_Jpan,692,7,13
jpn_Jpan,692,8,19
jpn_Jpan,692,9,13
jpn_Jpan,692,10,24
jpn_Jpan,692,11,12
jpn_Jpan,692,12,47
jpn_Jpan,692,13,47
jpn_Jpan,692,14,13
jpn_Jpan,692,15,13
jpn_Jpan,692,16,19
jpn_Jpan,692,17,13
jpn_Jpan,692,18,13
jpn_Jpan,692,19,19
jpn_Jpan,692,20,19
jpn_Jpan,692,21,13
jpn_Jpan,692,22,13
jpn_Jpan,692,23,13
jpn_Jpan,692,24,24
jpn_Jpan,692,25,13
jpn_Jpan,692,26,19
jpn_Jpan,692,27,39
jpn_Jpan,692,28,47
jpn_Jpan,692,29,34
jpn_Jpan,693,0,60
jpn_Jpan,693,1,36
jpn_Jpan,693,2,19
jpn_Jpan,693,3,36
jpn_Jpan,693,4,24
jpn_Jpan,693,5,47
jpn_Jpan,693,6,19
jpn_Jpan,693,7,39
jpn_Jpan,693,8,47
jpn_Jpan,693,9,13
jpn_Jpan,693,10,39
jpn_Jpan,693,11,19
jpn_Jpan,693,12,13
jpn_Jpan,693,13,13
jpn_Jpan,693,14,24
jpn_Jpan,693,15,13
jpn_Jpan,693,16,34
jpn_Jpan,694,0,60
jpn_Jpan,694,1,39
jpn_Jpan,694,2,13
jpn_Jpan,694,3,13
jpn_Jpan,694,4,13
jpn_Jpan,694,5,34
jpn_Jpan,694,6,13
jpn_Jpan,694,7,19
jpn_Jpan,694,8,13
jpn_Jpan,694,9,47
jpn_Jpan,694,10,13
jpn_Jpan,694,11,19
jpn_Jpan,694,12,36
jpn_Jpan,694,13,24
jpn_Jpan,694,14,13
jpn_Jpan,694,15,39
jpn_Jpan,694,16,47
jpn_Jpan,694,17,47
jpn_Jpan,694,18,47
jpn_Jpan,694,19,39
jpn_Jpan,694,20,39
jpn_Jpan,694,21,13
jpn_Jpan,694,22,13
jpn_Jpan,694,23,34
jpn_Jpan,694,24,24
jpn_Jpan,694,25,19
jpn_Jpan,694,26,13
jpn_Jpan,694,27,13
jpn_Jpan,694,28,13
jpn_Jpan,694,29,13
jpn_Jpan,694,30,13
jpn_Jpan,694,31,24
jpn_Jpan,694,32,19
jpn_Jpan,694,33,13
jpn_Jpan,694,34,19
jpn_Jpan,694,35,13
jpn_Jpan,694,36,13
jpn_Jpan,694,37,24
jpn_Jpan,694,38,47
jpn_Jpan,694,39,13
jpn_Jpan,694,40,13
jpn_Jpan,694,41,24
jpn_Jpan,694,42,39
jpn_Jpan,694,43,34
jpn_Jpan,694,44,13
jpn_Jpan,694,45,51
jpn_Jpan,695,0,60
jpn_Jpan,695,1,1
jpn_Jpan,695,2,19
jpn_Jpan,695,3,61
jpn_Jpan,695,4,27
jpn_Jpan,695,5,49
jpn_Jpan,695,6,12
jpn_Jpan,695,7,22
jpn_Jpan,695,8,9
jpn_Jpan,695,9,58
jpn_Jpan,695,10,12
jpn_Jpan,695,11,61
jpn_Jpan,696,0,60
jpn_Jpan,696,1,13
jpn_Jpan,696,2,47
jpn_Jpan,696,3,47
jpn_Jpan,696,4,13
jpn_Jpan,696,5,39
jpn_Jpan,696,6,13
jpn_Jpan,696,7,24
jpn_Jpan,696,8,52
jpn_Jpan,696,9,1
jpn_Jpan,696,10,52
jpn_Jpan,696,11,7
jpn_Jpan,696,12,24
jpn_Jpan,696,13,24
jpn_Jpan,696,14,19
jpn_Jpan,696,15,13
jpn_Jpan,696,16,19
jpn_Jpan,696,17,24
jpn_Jpan,696,18,61
jpn_Jpan,696,19,47
jpn_Jpan,696,20,61
jpn_Jpan,696,21,19
jpn_Jpan,696,22,13
jpn_Jpan,696,23,13
jpn_Jpan,696,24,24
jpn_Jpan,696,25,24
jpn_Jpan,696,26,1
jpn_Jpan,696,27,13
jpn_Jpan,696,28,47
jpn_Jpan,696,29,13
jpn_Jpan,696,30,13
jpn_Jpan,697,0,60
jpn_Jpan,697,1,24
jpn_Jpan,697,2,19
jpn_Jpan,697,3,13
jpn_Jpan,697,4,13
jpn_Jpan,697,5,13
jpn_Jpan,697,6,19
jpn_Jpan,697,7,39
jpn_Jpan,697,8,19
jpn_Jpan,697,9,13
jpn_Jpan,697,10,24
jpn_Jpan,697,11,13
jpn_Jpan,697,12,34
jpn_Jpan,697,13,13
jpn_Jpan,697,14,13
jpn_Jpan,697,15,13
jpn_Jpan,697,16,13
jpn_Jpan,697,17,34
jpn_Jpan,697,18,9
jpn_Jpan,697,19,24
jpn_Jpan,697,20,19
jpn_Jpan,697,21,13
jpn_Jpan,697,22,47
jpn_Jpan,697,23,13
jpn_Jpan,697,24,13
jpn_Jpan,698,0,60
jpn_Jpan,698,1,13
jpn_Jpan,698,2,47
jpn_Jpan,698,3,36
jpn_Jpan,698,4,1
jpn_Jpan,698,5,13
jpn_Jpan,698,6,24
jpn_Jpan,698,7,61
jpn_Jpan,698,8,36
jpn_Jpan,698,9,19
jpn_Jpan,698,10,36
jpn_Jpan,698,11,19
jpn_Jpan,698,12,36
jpn_Jpan,698,13,26
jpn_Jpan,698,14,36
jpn_Jpan,698,15,36
jpn_Jpan,698,16,26
jpn_Jpan,698,17,36
jpn_Jpan,698,18,26
jpn_Jpan,698,19,26
jpn_Jpan,698,20,36
jpn_Jpan,698,21,36
jpn_Jpan,698,22,61
jpn_Jpan,698,23,36
jpn_Jpan,698,24,39
jpn_Jpan,698,25,19
jpn_Jpan,698,26,13
jpn_Jpan,698,27,24
jpn_Jpan,698,28,24
jpn_Jpan,698,29,19
jpn_Jpan,698,30,13
jpn_Jpan,698,31,19
jpn_Jpan,698,32,13
jpn_Jpan,698,33,13
jpn_Jpan,698,34,13
jpn_Jpan,698,35,24
jpn_Jpan,698,36,52
jpn_Jpan,698,37,19
jpn_Jpan,698,38,36
jpn_Jpan,698,39,24
jpn_Jpan,698,40,13
jpn_Jpan,698,41,34
jpn_Jpan,698,42,61
jpn_Jpan,698,43,13
jpn_Jpan,698,44,13
jpn_Jpan,698,45,61
jpn_Jpan,698,46,13
jpn_Jpan,698,47,13
jpn_Jpan,698,48,24
jpn_Jpan,698,49,13
jpn_Jpan,698,50,13
jpn_Jpan,698,51,13
jpn_Jpan,698,52,34
jpn_Jpan,699,0,60
jpn_Jpan,699,1,13
jpn_Jpan,699,2,24
jpn_Jpan,699,3,19
jpn_Jpan,699,4,13
jpn_Jpan,699,5,13
jpn_Jpan,699,6,13
jpn_Jpan,699,7,13
jpn_Jpan,699,8,47
jpn_Jpan,699,9,19
jpn_Jpan,699,10,39
jpn_Jpan,699,11,39
jpn_Jpan,699,12,13
jpn_Jpan,699,13,13
jpn_Jpan,700,0,60
jpn_Jpan,700,1,13
jpn_Jpan,700,2,47
jpn_Jpan,700,3,13
jpn_Jpan,700,4,13
jpn_Jpan,700,5,24
jpn_Jpan,700,6,19
jpn_Jpan,700,7,13
jpn_Jpan,700,8,47
jpn_Jpan,700,9,13
jpn_Jpan,700,10,24
jpn_Jpan,700,11,19
jpn_Jpan,700,12,13
jpn_Jpan,700,13,19
jpn_Jpan,700,14,7
jpn_Jpan,700,15,24
jpn_Jpan,700,16,19
jpn_Jpan,700,17,13
jpn_Jpan,700,18,13
jpn_Jpan,700,19,24
jpn_Jpan,700,20,13
jpn_Jpan,700,21,13
jpn_Jpan,700,22,39
jpn_Jpan,700,23,61
jpn_Jpan,700,24,13
jpn_Jpan,700,25,24
jpn_Jpan,700,26,24
jpn_Jpan,700,27,13
jpn_Jpan,700,28,39
jpn_Jpan,700,29,24
jpn_Jpan,700,30,19
jpn_Jpan,700,31,13
jpn_Jpan,700,32,13
jpn_Jpan,700,33,24
jpn_Jpan,700,34,13
jpn_Jpan,700,35,13
jpn_Jpan,700,36,51
jpn_Jpan,701,0,60
jpn_Jpan,701,1,13
jpn_Jpan,701,2,24
jpn_Jpan,701,3,1
jpn_Jpan,701,4,13
jpn_Jpan,701,5,39
jpn_Jpan,701,6,13
jpn_Jpan,701,7,24
jpn_Jpan,701,8,26
jpn_Jpan,701,9,47
jpn_Jpan,701,10,13
jpn_Jpan,701,11,13
jpn_Jpan,701,12,24
jpn_Jpan,701,13,19
jpn_Jpan,701,14,13
jpn_Jpan,701,15,61
jpn_Jpan,701,16,13
jpn_Jpan,701,17,19
jpn_Jpan,701,18,13
jpn_Jpan,701,19,24
jpn_Jpan,701,20,13
jpn_Jpan,701,21,19
jpn_Jpan,701,22,13
jpn_Jpan,701,23,24
jpn_Jpan,701,24,13
jpn_Jpan,701,25,36
jpn_Jpan,701,26,34
jpn_Jpan,702,0,60
jpn_Jpan,702,1,13
jpn_Jpan,702,2,13
jpn_Jpan,702,3,24
jpn_Jpan,702,4,52
jpn_Jpan,702,5,47
jpn_Jpan,702,6,36
jpn_Jpan,702,7,24
jpn_Jpan,702,8,52
jpn_Jpan,702,9,47
jpn_Jpan,702,10,13
jpn_Jpan,702,11,24
jpn_Jpan,702,12,52
jpn_Jpan,702,13,52
jpn_Jpan,702,14,1
jpn_Jpan,702,15,1
jpn_Jpan,702,16,52
jpn_Jpan,702,17,47
jpn_Jpan,702,18,34
jpn_Jpan,702,19,24
jpn_Jpan,702,20,19
jpn_Jpan,702,21,13
jpn_Jpan,702,22,34
jpn_Jpan,702,23,13
jpn_Jpan,702,24,24
jpn_Jpan,702,25,47
jpn_Jpan,702,26,19
jpn_Jpan,702,27,13
jpn_Jpan,702,28,1
jpn_Jpan,702,29,13
jpn_Jpan,702,30,24
jpn_Jpan,702,31,13
jpn_Jpan,702,32,13
jpn_Jpan,702,33,13
jpn_Jpan,702,34,36
jpn_Jpan,702,35,47
jpn_Jpan,702,36,13
jpn_Jpan,702,37,24
jpn_Jpan,702,38,19
jpn_Jpan,702,39,13
jpn_Jpan,702,40,39
jpn_Jpan,702,41,19
jpn_Jpan,702,42,13
jpn_Jpan,702,43,24
jpn_Jpan,702,44,19
jpn_Jpan,702,45,13
jpn_Jpan,702,46,34
jpn_Jpan,702,47,13
jpn_Jpan,702,48,34
jpn_Jpan,703,0,60
jpn_Jpan,703,1,13
jpn_Jpan,703,2,24
jpn_Jpan,703,3,52
jpn_Jpan,703,4,1
jpn_Jpan,703,5,52
jpn_Jpan,703,6,13
jpn_Jpan,703,7,13
jpn_Jpan,703,8,36
jpn_Jpan,704,0,60
jpn_Jpan,704,1,24
jpn_Jpan,704,2,52
jpn_Jpan,704,3,24
jpn_Jpan,704,4,52
jpn_Jpan,704,5,52
jpn_Jpan,704,6,13
jpn_Jpan,704,7,52
jpn_Jpan,704,8,13
jpn_Jpan,704,9,52
jpn_Jpan,704,10,12
jpn_Jpan,704,11,13
jpn_Jpan,704,12,52
jpn_Jpan,704,13,13
jpn_Jpan,704,14,11
jpn_Jpan,704,15,52
jpn_Jpan,704,16,36
jpn_Jpan,704,17,36
jpn_Jpan,704,18,24
jpn_Jpan,704,19,19
jpn_Jpan,704,20,13
jpn_Jpan,704,21,36
jpn_Jpan,704,22,24
jpn_Jpan,704,23,39
jpn_Jpan,704,24,47
jpn_Jpan,704,25,13
jpn_Jpan,704,26,1
jpn_Jpan,704,27,11
jpn_Jpan,704,28,61
jpn_Jpan,704,29,61
jpn_Jpan,704,30,61
jpn_Jpan,704,31,13
jpn_Jpan,704,32,13
jpn_Jpan,704,33,13
jpn_Jpan,704,34,13
jpn_Jpan,704,35,34
jpn_Jpan,705,0,60
jpn_Jpan,705,1,13
jpn_Jpan,705,2,19
jpn_Jpan,705,3,13
jpn_Jpan,705,4,61
jpn_Jpan,705,5,13
jpn_Jpan,705,6,24
jpn_Jpan,705,7,47
jpn_Jpan,705,8,47
jpn_Jpan,705,9,13
jpn_Jpan,705,10,12
jpn_Jpan,705,11,47
jpn_Jpan,705,12,13
jpn_Jpan,705,13,24
jpn_Jpan,705,14,13
jpn_Jpan,705,15,19
jpn_Jpan,705,16,13
jpn_Jpan,705,17,61
jpn_Jpan,705,18,12
jpn_Jpan,705,19,36
jpn_Jpan,705,20,24
jpn_Jpan,705,21,24
jpn_Jpan,705,22,47
jpn_Jpan,705,23,13
jpn_Jpan,705,24,19
jpn_Jpan,705,25,13
jpn_Jpan,705,26,61
jpn_Jpan,705,27,36
jpn_Jpan,705,28,24
jpn_Jpan,705,29,13
jpn_Jpan,705,30,34
jpn_Jpan,705,31,36
jpn_Jpan,705,32,24
jpn_Jpan,705,33,47
jpn_Jpan,705,34,47
jpn_Jpan,705,35,13
jpn_Jpan,705,36,24
jpn_Jpan,705,37,13
jpn_Jpan,705,38,24
jpn_Jpan,705,39,52
jpn_Jpan,705,40,13
jpn_Jpan,705,41,24
jpn_Jpan,705,42,13
jpn_Jpan,705,43,19
jpn_Jpan,705,44,13
jpn_Jpan,705,45,13
jpn_Jpan,705,46,24
jpn_Jpan,705,47,24
jpn_Jpan,705,48,24
jpn_Jpan,705,49,13
jpn_Jpan,705,50,13
jpn_Jpan,705,51,34
jpn_Jpan,706,0,60
jpn_Jpan,706,1,13
jpn_Jpan,706,2,47
jpn_Jpan,706,3,19
jpn_Jpan,706,4,13
jpn_Jpan,706,5,47
jpn_Jpan,706,6,13
jpn_Jpan,706,7,47
jpn_Jpan,706,8,47
jpn_Jpan,706,9,19
jpn_Jpan,706,10,13
jpn_Jpan,706,11,13
jpn_Jpan,706,12,13
jpn_Jpan,706,13,13
jpn_Jpan,706,14,19
jpn_Jpan,706,15,13
jpn_Jpan,706,16,24
jpn_Jpan,706,17,13
jpn_Jpan,706,18,13
jpn_Jpan,706,19,24
jpn_Jpan,706,20,13
jpn_Jpan,706,21,19
jpn_Jpan,706,22,39
jpn_Jpan,706,23,61
jpn_Jpan,706,24,13
jpn_Jpan,706,25,13
jpn_Jpan,706,26,24
jpn_Jpan,706,27,47
jpn_Jpan,706,28,13
jpn_Jpan,706,29,34
jpn_Jpan,706,30,34
jpn_Jpan,706,31,24
jpn_Jpan,706,32,13
jpn_Jpan,706,33,39
jpn_Jpan,706,34,34
jpn_Jpan,706,35,13
jpn_Jpan,706,36,13
jpn_Jpan,706,37,34
jpn_Jpan,707,0,60
jpn_Jpan,707,1,13
jpn_Jpan,707,2,13
jpn_Jpan,707,3,13
jpn_Jpan,707,4,13
jpn_Jpan,707,5,13
jpn_Jpan,707,6,36
jpn_Jpan,707,7,36
jpn_Jpan,707,8,36
jpn_Jpan,707,9,61
jpn_Jpan,707,10,19
jpn_Jpan,707,11,13
jpn_Jpan,707,12,54
jpn_Jpan,707,13,36
jpn_Jpan,707,14,36
jpn_Jpan,707,15,24
jpn_Jpan,707,16,24
jpn_Jpan,707,17,19
jpn_Jpan,707,18,13
jpn_Jpan,707,19,24
jpn_Jpan,707,20,19
jpn_Jpan,707,21,13
jpn_Jpan,707,22,24
jpn_Jpan,707,23,19
jpn_Jpan,707,24,47
jpn_Jpan,707,25,13
jpn_Jpan,707,26,13
jpn_Jpan,707,27,19
jpn_Jpan,707,28,13
jpn_Jpan,707,29,13
jpn_Jpan,707,30,24
jpn_Jpan,707,31,19
jpn_Jpan,707,32,13
jpn_Jpan,707,33,13
jpn_Jpan,707,34,13
jpn_Jpan,707,35,61
jpn_Jpan,707,36,19
jpn_Jpan,707,37,13
jpn_Jpan,707,38,13
jpn_Jpan,707,39,52
jpn_Jpan,707,40,19
jpn_Jpan,707,41,13
jpn_Jpan,707,42,19
jpn_Jpan,707,43,13
jpn_Jpan,707,44,13
jpn_Jpan,707,45,34
jpn_Jpan,707,46,13
jpn_Jpan,707,47,13
jpn_Jpan,707,48,39
jpn_Jpan,707,49,13
jpn_Jpan,707,50,13
jpn_Jpan,707,51,13
jpn_Jpan,707,52,47
jpn_Jpan,707,53,13
jpn_Jpan,707,54,34
jpn_Jpan,708,0,60
jpn_Jpan,708,1,1
jpn_Jpan,708,2,36
jpn_Jpan,708,3,13
jpn_Jpan,708,4,13
jpn_Jpan,708,5,13
jpn_Jpan,708,6,19
jpn_Jpan,708,7,13
jpn_Jpan,708,8,13
jpn_Jpan,708,9,19
jpn_Jpan,708,10,13
jpn_Jpan,708,11,13
jpn_Jpan,708,12,39
jpn_Jpan,708,13,39
jpn_Jpan,708,14,9
jpn_Jpan,708,15,11
jpn_Jpan,708,16,52
jpn_Jpan,709,0,60
jpn_Jpan,709,1,13
jpn_Jpan,709,2,61
jpn_Jpan,709,3,13
jpn_Jpan,709,4,24
jpn_Jpan,709,5,36
jpn_Jpan,709,6,24
jpn_Jpan,709,7,24
jpn_Jpan,709,8,19
jpn_Jpan,709,9,13
jpn_Jpan,709,10,19
jpn_Jpan,709,11,13
jpn_Jpan,709,12,7
jpn_Jpan,709,13,13
jpn_Jpan,709,14,13
jpn_Jpan,709,15,19
jpn_Jpan,709,16,13
jpn_Jpan,709,17,19
jpn_Jpan,709,18,13
jpn_Jpan,709,19,24
jpn_Jpan,709,20,47
jpn_Jpan,709,21,47
jpn_Jpan,709,22,13
jpn_Jpan,709,23,61
jpn_Jpan,709,24,13
jpn_Jpan,709,25,11
jpn_Jpan,709,26,13
jpn_Jpan,709,27,19
jpn_Jpan,709,28,13
jpn_Jpan,709,29,19
jpn_Jpan,709,30,13
jpn_Jpan,709,31,13
jpn_Jpan,709,32,13
jpn_Jpan,709,33,13
jpn_Jpan,709,34,13
jpn_Jpan,709,35,13
jpn_Jpan,709,36,13
jpn_Jpan,709,37,47
jpn_Jpan,709,38,13
jpn_Jpan,709,39,13
jpn_Jpan,709,40,24
jpn_Jpan,709,41,13
jpn_Jpan,709,42,34
jpn_Jpan,710,0,60
jpn_Jpan,710,1,13
jpn_Jpan,710,2,13
jpn_Jpan,710,3,13
jpn_Jpan,710,4,12
jpn_Jpan,710,5,47
jpn_Jpan,710,6,36
jpn_Jpan,710,7,13
jpn_Jpan,710,8,13
jpn_Jpan,710,9,13
jpn_Jpan,710,10,13
jpn_Jpan,710,11,61
jpn_Jpan,710,12,13
jpn_Jpan,710,13,61
jpn_Jpan,710,14,19
jpn_Jpan,710,15,19
jpn_Jpan,710,16,13
jpn_Jpan,710,17,12
jpn_Jpan,710,18,47
jpn_Jpan,710,19,47
jpn_Jpan,710,20,47
jpn_Jpan,710,21,39
jpn_Jpan,710,22,39
jpn_Jpan,710,23,13
jpn_Jpan,710,24,13
jpn_Jpan,710,25,19
jpn_Jpan,710,26,19
jpn_Jpan,710,27,13
jpn_Jpan,710,28,13
jpn_Jpan,710,29,24
jpn_Jpan,710,30,13
jpn_Jpan,710,31,61
jpn_Jpan,710,32,19
jpn_Jpan,710,33,13
jpn_Jpan,710,34,13
jpn_Jpan,710,35,47
jpn_Jpan,710,36,47
jpn_Jpan,710,37,13
jpn_Jpan,710,38,24
jpn_Jpan,710,39,13
jpn_Jpan,710,40,34
jpn_Jpan,711,0,60
jpn_Jpan,711,1,24
jpn_Jpan,711,2,19
jpn_Jpan,711,3,13
jpn_Jpan,711,4,19
jpn_Jpan,711,5,24
jpn_Jpan,711,6,19
jpn_Jpan,711,7,13
jpn_Jpan,711,8,19
jpn_Jpan,711,9,13
jpn_Jpan,711,10,24
jpn_Jpan,711,11,19
jpn_Jpan,711,12,13
jpn_Jpan,711,13,19
jpn_Jpan,711,14,13
jpn_Jpan,711,15,24
jpn_Jpan,711,16,47
jpn_Jpan,711,17,13
jpn_Jpan,711,18,19
jpn_Jpan,711,19,13
jpn_Jpan,711,20,13
jpn_Jpan,711,21,24
jpn_Jpan,711,22,61
jpn_Jpan,711,23,19
jpn_Jpan,711,24,13
jpn_Jpan,711,25,24
jpn_Jpan,711,26,47
jpn_Jpan,711,27,19
jpn_Jpan,711,28,13
jpn_Jpan,711,29,13
jpn_Jpan,711,30,13
jpn_Jpan,711,31,13
jpn_Jpan,711,32,34
jpn_Jpan,711,33,13
jpn_Jpan,711,34,24
jpn_Jpan,711,35,19
jpn_Jpan,711,36,13
jpn_Jpan,711,37,13
jpn_Jpan,711,38,24
jpn_Jpan,711,39,13
jpn_Jpan,711,40,19
jpn_Jpan,711,41,19
jpn_Jpan,711,42,13
jpn_Jpan,712,0,60
jpn_Jpan,712,1,13
jpn_Jpan,712,2,47
jpn_Jpan,712,3,39
jpn_Jpan,712,4,13
jpn_Jpan,712,5,7
jpn_Jpan,712,6,24
jpn_Jpan,712,7,13
jpn_Jpan,712,8,7
jpn_Jpan,712,9,47
jpn_Jpan,712,10,13
jpn_Jpan,712,11,7
jpn_Jpan,712,12,9
jpn_Jpan,712,13,24
jpn_Jpan,712,14,13
jpn_Jpan,712,15,13
jpn_Jpan,712,16,13
jpn_Jpan,712,17,34
jpn_Jpan,712,18,34
jpn_Jpan,712,19,13
jpn_Jpan,712,20,13
jpn_Jpan,712,21,34
jpn_Jpan,712,22,24
jpn_Jpan,712,23,24
jpn_Jpan,712,24,47
jpn_Jpan,712,25,13
jpn_Jpan,712,26,13
jpn_Jpan,712,27,13
jpn_Jpan,712,28,13
jpn_Jpan,712,29,24
jpn_Jpan,712,30,13
jpn_Jpan,712,31,34
jpn_Jpan,713,0,60
jpn_Jpan,713,1,13
jpn_Jpan,713,2,61
jpn_Jpan,713,3,13
jpn_Jpan,713,4,13
jpn_Jpan,713,5,24
jpn_Jpan,713,6,24
jpn_Jpan,713,7,13
jpn_Jpan,713,8,13
jpn_Jpan,713,9,13
jpn_Jpan,713,10,24
jpn_Jpan,713,11,19
jpn_Jpan,713,12,13
jpn_Jpan,713,13,19
jpn_Jpan,713,14,13
jpn_Jpan,713,15,24
jpn_Jpan,713,16,13
jpn_Jpan,713,17,13
jpn_Jpan,713,18,51
jpn_Jpan,714,0,60
jpn_Jpan,714,1,13
jpn_Jpan,714,2,39
jpn_Jpan,714,3,39
jpn_Jpan,714,4,34
jpn_Jpan,714,5,42
jpn_Jpan,714,6,27
jpn_Jpan,714,7,39
jpn_Jpan,714,8,24
jpn_Jpan,714,9,34
jpn_Jpan,715,0,60
jpn_Jpan,715,1,24
jpn_Jpan,715,2,61
jpn_Jpan,715,3,13
jpn_Jpan,715,4,34
jpn_Jpan,715,5,34
jpn_Jpan,715,6,24
jpn_Jpan,715,7,13
jpn_Jpan,715,8,36
jpn_Jpan,715,9,24
jpn_Jpan,715,10,61
jpn_Jpan,715,11,13
jpn_Jpan,715,12,36
jpn_Jpan,715,13,36
jpn_Jpan,715,14,13
jpn_Jpan,715,15,19
jpn_Jpan,715,16,13
jpn_Jpan,715,17,36
jpn_Jpan,715,18,34
jpn_Jpan,716,0,60
jpn_Jpan,716,1,39
jpn_Jpan,716,2,13
jpn_Jpan,716,3,13
jpn_Jpan,716,4,13
jpn_Jpan,716,5,13
jpn_Jpan,716,6,13
jpn_Jpan,716,7,19
jpn_Jpan,716,8,13
jpn_Jpan,716,9,24
jpn_Jpan,716,10,13
jpn_Jpan,717,0,60
jpn_Jpan,717,1,13
jpn_Jpan,717,2,19
jpn_Jpan,717,3,13
jpn_Jpan,717,4,13
jpn_Jpan,717,5,54
jpn_Jpan,717,6,61
jpn_Jpan,717,7,13
jpn_Jpan,717,8,19
jpn_Jpan,717,9,13
jpn_Jpan,717,10,13
jpn_Jpan,717,11,13
jpn_Jpan,717,12,24
jpn_Jpan,717,13,13
jpn_Jpan,717,14,13
jpn_Jpan,717,15,13
jpn_Jpan,717,16,24
jpn_Jpan,717,17,24
jpn_Jpan,717,18,13
jpn_Jpan,717,19,13
jpn_Jpan,717,20,13
jpn_Jpan,717,21,13
jpn_Jpan,717,22,47
jpn_Jpan,717,23,13
jpn_Jpan,717,24,24
jpn_Jpan,717,25,47
jpn_Jpan,717,26,13
jpn_Jpan,717,27,19
jpn_Jpan,717,28,36
jpn_Jpan,717,29,19
jpn_Jpan,717,30,13
jpn_Jpan,717,31,19
jpn_Jpan,717,32,13
jpn_Jpan,717,33,26
jpn_Jpan,717,34,47
jpn_Jpan,717,35,13
jpn_Jpan,717,36,57
jpn_Jpan,717,37,22
jpn_Jpan,717,38,61
jpn_Jpan,717,39,7
jpn_Jpan,717,40,13
jpn_Jpan,717,41,24
jpn_Jpan,717,42,19
jpn_Jpan,717,43,40
jpn_Jpan,718,0,60
jpn_Jpan,718,1,13
jpn_Jpan,718,2,13
jpn_Jpan,718,3,13
jpn_Jpan,718,4,13
jpn_Jpan,718,5,24
jpn_Jpan,718,6,19
jpn_Jpan,718,7,13
jpn_Jpan,718,8,13
jpn_Jpan,718,9,61
jpn_Jpan,718,10,13
jpn_Jpan,718,11,19
jpn_Jpan,718,12,13
jpn_Jpan,718,13,13
jpn_Jpan,718,14,13
jpn_Jpan,718,15,24
jpn_Jpan,718,16,13
jpn_Jpan,718,17,13
jpn_Jpan,719,0,60
jpn_Jpan,719,1,24
jpn_Jpan,719,2,13
jpn_Jpan,719,3,13
jpn_Jpan,719,4,24
jpn_Jpan,719,5,13
jpn_Jpan,719,6,52
jpn_Jpan,719,7,13
jpn_Jpan,719,8,13
jpn_Jpan,719,9,13
jpn_Jpan,719,10,61
jpn_Jpan,719,11,19
jpn_Jpan,719,12,13
jpn_Jpan,719,13,13
jpn_Jpan,719,14,13
jpn_Jpan,719,15,24
jpn_Jpan,719,16,19
jpn_Jpan,719,17,13
jpn_Jpan,720,0,60
jpn_Jpan,720,1,24
jpn_Jpan,720,2,39
jpn_Jpan,720,3,26
jpn_Jpan,720,4,24
jpn_Jpan,720,5,58
jpn_Jpan,720,6,24
jpn_Jpan,720,7,52
jpn_Jpan,720,8,13
jpn_Jpan,720,9,13
jpn_Jpan,720,10,13
jpn_Jpan,720,11,13
jpn_Jpan,721,0,60
jpn_Jpan,721,1,13
jpn_Jpan,721,2,24
jpn_Jpan,721,3,24
jpn_Jpan,721,4,1
jpn_Jpan,721,5,52
jpn_Jpan,721,6,19
jpn_Jpan,721,7,13
jpn_Jpan,721,8,13
jpn_Jpan,721,9,19
jpn_Jpan,721,10,13
jpn_Jpan,721,11,34
jpn_Jpan,721,12,24
jpn_Jpan,721,13,13
jpn_Jpan,721,14,19
jpn_Jpan,721,15,39
jpn_Jpan,721,16,13
jpn_Jpan,721,17,13
jpn_Jpan,721,18,13
jpn_Jpan,721,19,24
jpn_Jpan,721,20,13
jpn_Jpan,721,21,13
jpn_Jpan,721,22,24
jpn_Jpan,721,23,24
jpn_Jpan,721,24,47
jpn_Jpan,721,25,19
jpn_Jpan,721,26,13
jpn_Jpan,721,27,26
jpn_Jpan,721,28,19
jpn_Jpan,721,29,24
jpn_Jpan,721,30,19
jpn_Jpan,721,31,13
jpn_Jpan,721,32,47
jpn_Jpan,721,33,47
jpn_Jpan,721,34,7
jpn_Jpan,721,35,19
jpn_Jpan,721,36,19
jpn_Jpan,721,37,39
jpn_Jpan,721,38,19
jpn_Jpan,721,39,13
jpn_Jpan,721,40,13
jpn_Jpan,721,41,13
jpn_Jpan,721,42,13
jpn_Jpan,721,43,13
jpn_Jpan,721,44,19
jpn_Jpan,721,45,13
jpn_Jpan,721,46,24
jpn_Jpan,721,47,13
jpn_Jpan,721,48,13
jpn_Jpan,721,49,19
jpn_Jpan,721,50,13
jpn_Jpan,721,51,13
jpn_Jpan,721,52,24
jpn_Jpan,721,53,13
jpn_Jpan,721,54,34
jpn_Jpan,722,0,60
jpn_Jpan,722,1,13
jpn_Jpan,722,2,13
jpn_Jpan,722,3,24
jpn_Jpan,722,4,13
jpn_Jpan,722,5,24
jpn_Jpan,722,6,40
jpn_Jpan,722,7,7
jpn_Jpan,722,8,61
jpn_Jpan,722,9,7
jpn_Jpan,722,10,61
jpn_Jpan,722,11,51
jpn_Jpan,723,0,60
jpn_Jpan,723,1,24
jpn_Jpan,723,2,47
jpn_Jpan,723,3,39
jpn_Jpan,723,4,36
jpn_Jpan,723,5,36
jpn_Jpan,723,6,24
jpn_Jpan,723,7,29
jpn_Jpan,723,8,34
jpn_Jpan,723,9,24
jpn_Jpan,723,10,13
jpn_Jpan,723,11,13
jpn_Jpan,723,12,47
jpn_Jpan,723,13,19
jpn_Jpan,723,14,34
jpn_Jpan,723,15,13
jpn_Jpan,723,16,13
jpn_Jpan,723,17,13
jpn_Jpan,723,18,34
jpn_Jpan,724,0,60
jpn_Jpan,724,1,13
jpn_Jpan,724,2,13
jpn_Jpan,724,3,13
jpn_Jpan,724,4,13
jpn_Jpan,724,5,47
jpn_Jpan,724,6,13
jpn_Jpan,724,7,19
jpn_Jpan,724,8,19
jpn_Jpan,724,9,13
jpn_Jpan,724,10,13
jpn_Jpan,724,11,19
jpn_Jpan,724,12,13
jpn_Jpan,724,13,24
jpn_Jpan,724,14,24
jpn_Jpan,724,15,13
jpn_Jpan,724,16,47
jpn_Jpan,724,17,39
jpn_Jpan,724,18,24
jpn_Jpan,724,19,13
jpn_Jpan,724,20,13
jpn_Jpan,724,21,24
jpn_Jpan,724,22,24
jpn_Jpan,724,23,19
jpn_Jpan,724,24,13
jpn_Jpan,724,25,13
jpn_Jpan,724,26,13
jpn_Jpan,724,27,13
jpn_Jpan,724,28,13
jpn_Jpan,725,0,60
jpn_Jpan,725,1,13
jpn_Jpan,725,2,26
jpn_Jpan,725,3,47
jpn_Jpan,725,4,13
jpn_Jpan,725,5,61
jpn_Jpan,725,6,7
jpn_Jpan,725,7,13
jpn_Jpan,725,8,19
jpn_Jpan,725,9,13
jpn_Jpan,725,10,19
jpn_Jpan,725,11,7
jpn_Jpan,725,12,9
jpn_Jpan,725,13,11
jpn_Jpan,725,14,13
jpn_Jpan,725,15,13
jpn_Jpan,725,16,19
jpn_Jpan,725,17,13
jpn_Jpan,725,18,26
jpn_Jpan,725,19,47
jpn_Jpan,725,20,13
jpn_Jpan,725,21,61
jpn_Jpan,725,22,13
jpn_Jpan,725,23,24
jpn_Jpan,725,24,13
jpn_Jpan,725,25,13
jpn_Jpan,725,26,13
jpn_Jpan,725,27,13
jpn_Jpan,725,28,13
jpn_Jpan,725,29,19
jpn_Jpan,725,30,34
jpn_Jpan,726,0,60
jpn_Jpan,726,1,40
jpn_Jpan,726,2,24
jpn_Jpan,726,3,13
jpn_Jpan,726,4,61
jpn_Jpan,726,5,34
jpn_Jpan,726,6,13
jpn_Jpan,726,7,13
jpn_Jpan,726,8,24
jpn_Jpan,726,9,19
jpn_Jpan,726,10,40
jpn_Jpan,726,11,24
jpn_Jpan,726,12,13
jpn_Jpan,726,13,34
jpn_Jpan,726,14,13
jpn_Jpan,726,15,13
jpn_Jpan,726,16,13
jpn_Jpan,726,17,13
jpn_Jpan,726,18,34
jpn_Jpan,727,0,60
jpn_Jpan,727,1,19
jpn_Jpan,727,2,13
jpn_Jpan,727,3,47
jpn_Jpan,727,4,36
jpn_Jpan,727,5,47
jpn_Jpan,727,6,61
jpn_Jpan,727,7,36
jpn_Jpan,727,8,36
jpn_Jpan,727,9,36
jpn_Jpan,727,10,13
jpn_Jpan,727,11,47
jpn_Jpan,727,12,19
jpn_Jpan,727,13,13
jpn_Jpan,727,14,24
jpn_Jpan,727,15,13
jpn_Jpan,727,16,13
jpn_Jpan,727,17,61
jpn_Jpan,727,18,36
jpn_Jpan,727,19,13
jpn_Jpan,727,20,13
jpn_Jpan,727,21,13
jpn_Jpan,727,22,13
jpn_Jpan,727,23,13
jpn_Jpan,727,24,34
jpn_Jpan,727,25,13
jpn_Jpan,728,0,60
jpn_Jpan,728,1,13
jpn_Jpan,728,2,19
jpn_Jpan,728,3,13
jpn_Jpan,728,4,24
jpn_Jpan,728,5,13
jpn_Jpan,728,6,19
jpn_Jpan,728,7,34
jpn_Jpan,728,8,36
jpn_Jpan,728,9,24
jpn_Jpan,728,10,13
jpn_Jpan,728,11,36
jpn_Jpan,728,12,24
jpn_Jpan,728,13,52
jpn_Jpan,728,14,1
jpn_Jpan,728,15,52
jpn_Jpan,728,16,7
jpn_Jpan,728,17,37
jpn_Jpan,728,18,19
jpn_Jpan,728,19,7
jpn_Jpan,728,20,13
jpn_Jpan,728,21,13
jpn_Jpan,728,22,24
jpn_Jpan,728,23,13
jpn_Jpan,728,24,13
jpn_Jpan,728,25,34
jpn_Jpan,729,0,60
jpn_Jpan,729,1,19
jpn_Jpan,729,2,13
jpn_Jpan,729,3,36
jpn_Jpan,729,4,13
jpn_Jpan,729,5,13
jpn_Jpan,729,6,13
jpn_Jpan,729,7,13
jpn_Jpan,729,8,34
jpn_Jpan,729,9,24
jpn_Jpan,729,10,24
jpn_Jpan,729,11,13
jpn_Jpan,729,12,13
jpn_Jpan,729,13,24
jpn_Jpan,729,14,13
jpn_Jpan,729,15,13
jpn_Jpan,729,16,24
jpn_Jpan,729,17,13
jpn_Jpan,729,18,13
jpn_Jpan,729,19,13
jpn_Jpan,729,20,47
jpn_Jpan,729,21,19
jpn_Jpan,729,22,13
jpn_Jpan,729,23,13
jpn_Jpan,729,24,13
jpn_Jpan,729,25,24
jpn_Jpan,729,26,1
jpn_Jpan,729,27,13
jpn_Jpan,729,28,39
jpn_Jpan,729,29,24
jpn_Jpan,729,30,19
jpn_Jpan,729,31,13
jpn_Jpan,729,32,13
jpn_Jpan,729,33,13
jpn_Jpan,729,34,13
jpn_Jpan,729,35,13
jpn_Jpan,729,36,13
jpn_Jpan,729,37,34
jpn_Jpan,729,38,51
jpn_Jpan,729,39,51
jpn_Jpan,730,0,60
jpn_Jpan,730,1,47
jpn_Jpan,730,2,13
jpn_Jpan,730,3,9
jpn_Jpan,730,4,36
jpn_Jpan,730,5,13
jpn_Jpan,730,6,36
jpn_Jpan,730,7,24
jpn_Jpan,730,8,13
jpn_Jpan,730,9,19
jpn_Jpan,730,10,13
jpn_Jpan,730,11,13
jpn_Jpan,730,12,34
jpn_Jpan,730,13,13
jpn_Jpan,730,14,24
jpn_Jpan,730,15,36
jpn_Jpan,730,16,26
jpn_Jpan,730,17,27
jpn_Jpan,730,18,36
jpn_Jpan,730,19,34
jpn_Jpan,730,20,36
jpn_Jpan,730,21,36
jpn_Jpan,730,22,13
jpn_Jpan,730,23,13
jpn_Jpan,730,24,19
jpn_Jpan,730,25,13
jpn_Jpan,730,26,61
jpn_Jpan,730,27,34
jpn_Jpan,731,0,60
jpn_Jpan,731,1,29
jpn_Jpan,731,2,24
jpn_Jpan,731,3,24
jpn_Jpan,731,4,13
jpn_Jpan,731,5,24
jpn_Jpan,731,6,13
jpn_Jpan,731,7,24
jpn_Jpan,731,8,13
jpn_Jpan,731,9,24
jpn_Jpan,731,10,13
jpn_Jpan,731,11,13
jpn_Jpan,731,12,13
jpn_Jpan,731,13,13
jpn_Jpan,731,14,39
jpn_Jpan,731,15,39
jpn_Jpan,731,16,61
jpn_Jpan,731,17,47
jpn_Jpan,731,18,19
jpn_Jpan,731,19,13
jpn_Jpan,731,20,13
jpn_Jpan,731,21,13
jpn_Jpan,731,22,13
jpn_Jpan,731,23,24
jpn_Jpan,731,24,19
jpn_Jpan,731,25,13
jpn_Jpan,731,26,24
jpn_Jpan,731,27,47
jpn_Jpan,731,28,19
jpn_Jpan,731,29,13
jpn_Jpan,731,30,24
jpn_Jpan,731,31,19
jpn_Jpan,731,32,13
jpn_Jpan,731,33,13
jpn_Jpan,731,34,34
jpn_Jpan,731,35,24
jpn_Jpan,731,36,34
jpn_Jpan,731,37,13
jpn_Jpan,731,38,13
jpn_Jpan,731,39,47
jpn_Jpan,731,40,13
jpn_Jpan,731,41,24
jpn_Jpan,731,42,13
jpn_Jpan,731,43,24
jpn_Jpan,731,44,19
jpn_Jpan,731,45,13
jpn_Jpan,731,46,13
jpn_Jpan,731,47,24
jpn_Jpan,732,0,60
jpn_Jpan,732,1,13
jpn_Jpan,732,2,24
jpn_Jpan,732,3,19
jpn_Jpan,732,4,13
jpn_Jpan,732,5,13
jpn_Jpan,732,6,24
jpn_Jpan,732,7,47
jpn_Jpan,732,8,47
jpn_Jpan,732,9,13
jpn_Jpan,732,10,19
jpn_Jpan,732,11,13
jpn_Jpan,732,12,13
jpn_Jpan,732,13,61
jpn_Jpan,732,14,13
jpn_Jpan,732,15,34
jpn_Jpan,732,16,51
jpn_Jpan,732,17,51
jpn_Jpan,733,0,60
jpn_Jpan,733,1,13
jpn_Jpan,733,2,24
jpn_Jpan,733,3,61
jpn_Jpan,733,4,36
jpn_Jpan,733,5,47
jpn_Jpan,733,6,13
jpn_Jpan,733,7,24
jpn_Jpan,733,8,13
jpn_Jpan,733,9,19
jpn_Jpan,733,10,13
jpn_Jpan,733,11,19
jpn_Jpan,733,12,13
jpn_Jpan,733,13,13
jpn_Jpan,733,14,24
jpn_Jpan,734,0,60
jpn_Jpan,734,1,19
jpn_Jpan,734,2,13
jpn_Jpan,734,3,24
jpn_Jpan,734,4,13
jpn_Jpan,734,5,36
jpn_Jpan,734,6,34
jpn_Jpan,734,7,13
jpn_Jpan,734,8,24
jpn_Jpan,734,9,24
jpn_Jpan,734,10,13
jpn_Jpan,734,11,47
jpn_Jpan,734,12,13
jpn_Jpan,734,13,13
jpn_Jpan,734,14,39
jpn_Jpan,734,15,61
jpn_Jpan,734,16,13
jpn_Jpan,734,17,24
jpn_Jpan,734,18,19
jpn_Jpan,734,19,13
jpn_Jpan,734,20,13
jpn_Jpan,734,21,13
jpn_Jpan,734,22,13
jpn_Jpan,735,0,60
jpn_Jpan,735,1,36
jpn_Jpan,735,2,24
jpn_Jpan,735,3,13
jpn_Jpan,735,4,13
jpn_Jpan,735,5,47
jpn_Jpan,735,6,47
jpn_Jpan,735,7,13
jpn_Jpan,735,8,13
jpn_Jpan,735,9,13
jpn_Jpan,735,10,61
jpn_Jpan,735,11,13
jpn_Jpan,735,12,34
jpn_Jpan,735,13,24
jpn_Jpan,735,14,24
jpn_Jpan,735,15,47
jpn_Jpan,735,16,13
jpn_Jpan,735,17,19
jpn_Jpan,735,18,34
jpn_Jpan,735,19,13
jpn_Jpan,735,20,47
jpn_Jpan,735,21,34
jpn_Jpan,735,22,34
jpn_Jpan,735,23,13
jpn_Jpan,735,24,24
jpn_Jpan,735,25,19
jpn_Jpan,735,26,13
jpn_Jpan,735,27,13
jpn_Jpan,735,28,24
jpn_Jpan,735,29,52
jpn_Jpan,735,30,52
jpn_Jpan,735,31,52
jpn_Jpan,735,32,19
jpn_Jpan,735,33,34
jpn_Jpan,735,34,24
jpn_Jpan,735,35,19
jpn_Jpan,735,36,13
jpn_Jpan,735,37,19
jpn_Jpan,735,38,36
jpn_Jpan,735,39,13
jpn_Jpan,736,0,60
jpn_Jpan,736,1,52
jpn_Jpan,736,2,47
jpn_Jpan,736,3,47
jpn_Jpan,736,4,19
jpn_Jpan,736,5,13
jpn_Jpan,736,6,19
jpn_Jpan,736,7,39
jpn_Jpan,736,8,13
jpn_Jpan,736,9,13
jpn_Jpan,736,10,13
jpn_Jpan,736,11,24
jpn_Jpan,736,12,13
jpn_Jpan,736,13,13
jpn_Jpan,736,14,13
jpn_Jpan,736,15,47
jpn_Jpan,736,16,13
jpn_Jpan,736,17,34
jpn_Jpan,736,18,13
jpn_Jpan,736,19,24
jpn_Jpan,736,20,12
jpn_Jpan,736,21,13
jpn_Jpan,736,22,13
jpn_Jpan,736,23,19
jpn_Jpan,736,24,13
jpn_Jpan,736,25,19
jpn_Jpan,736,26,13
jpn_Jpan,736,27,13
jpn_Jpan,736,28,24
jpn_Jpan,736,29,19
jpn_Jpan,736,30,13
jpn_Jpan,736,31,19
jpn_Jpan,736,32,13
jpn_Jpan,736,33,61
jpn_Jpan,736,34,13
jpn_Jpan,736,35,24
jpn_Jpan,736,36,13
jpn_Jpan,736,37,13
jpn_Jpan,736,38,39
jpn_Jpan,736,39,24
jpn_Jpan,736,40,61
jpn_Jpan,736,41,13
jpn_Jpan,736,42,19
jpn_Jpan,736,43,13
jpn_Jpan,736,44,24
jpn_Jpan,736,45,13
jpn_Jpan,736,46,34
jpn_Jpan,736,47,34
jpn_Jpan,736,48,13
jpn_Jpan,736,49,34
jpn_Jpan,737,0,60
jpn_Jpan,737,1,13
jpn_Jpan,737,2,13
jpn_Jpan,737,3,24
jpn_Jpan,737,4,52
jpn_Jpan,737,5,52
jpn_Jpan,737,6,52
jpn_Jpan,737,7,13
jpn_Jpan,737,8,13
jpn_Jpan,737,9,13
jpn_Jpan,737,10,24
jpn_Jpan,737,11,24
jpn_Jpan,737,12,19
jpn_Jpan,737,13,13
jpn_Jpan,737,14,13
jpn_Jpan,737,15,13
jpn_Jpan,737,16,52
jpn_Jpan,737,17,36
jpn_Jpan,737,18,13
jpn_Jpan,737,19,13
jpn_Jpan,737,20,24
jpn_Jpan,737,21,13
jpn_Jpan,737,22,13
jpn_Jpan,737,23,24
jpn_Jpan,737,24,36
jpn_Jpan,737,25,13
jpn_Jpan,737,26,36
jpn_Jpan,737,27,36
jpn_Jpan,737,28,13
jpn_Jpan,737,29,34
jpn_Jpan,737,30,13
jpn_Jpan,737,31,36
jpn_Jpan,737,32,13
jpn_Jpan,737,33,24
jpn_Jpan,737,34,13
jpn_Jpan,737,35,19
jpn_Jpan,737,36,34
jpn_Jpan,738,0,60
jpn_Jpan,738,1,36
jpn_Jpan,738,2,36
jpn_Jpan,738,3,13
jpn_Jpan,738,4,58
jpn_Jpan,738,5,58
jpn_Jpan,738,6,11
jpn_Jpan,738,7,9
jpn_Jpan,738,8,19
jpn_Jpan,738,9,36
jpn_Jpan,738,10,36
jpn_Jpan,738,11,61
jpn_Jpan,738,12,36
jpn_Jpan,738,13,52
jpn_Jpan,738,14,12
jpn_Jpan,738,15,36
jpn_Jpan,738,16,19
jpn_Jpan,738,17,36
jpn_Jpan,738,18,52
jpn_Jpan,738,19,19
jpn_Jpan,738,20,7
jpn_Jpan,738,21,24
jpn_Jpan,738,22,61
jpn_Jpan,738,23,61
jpn_Jpan,738,24,13
jpn_Jpan,738,25,13
jpn_Jpan,738,26,47
jpn_Jpan,738,27,19
jpn_Jpan,738,28,13
jpn_Jpan,738,29,13
jpn_Jpan,738,30,39
jpn_Jpan,738,31,12
jpn_Jpan,739,0,60
jpn_Jpan,739,1,39
jpn_Jpan,739,2,49
jpn_Jpan,739,3,57
jpn_Jpan,739,4,49
jpn_Jpan,740,0,60
jpn_Jpan,740,1,13
jpn_Jpan,740,2,36
jpn_Jpan,740,3,24
jpn_Jpan,740,4,13
jpn_Jpan,740,5,19
jpn_Jpan,740,6,13
jpn_Jpan,740,7,13
jpn_Jpan,740,8,24
jpn_Jpan,740,9,13
jpn_Jpan,740,10,19
jpn_Jpan,740,11,47
jpn_Jpan,740,12,13
jpn_Jpan,740,13,24
jpn_Jpan,740,14,1
jpn_Jpan,740,15,40
jpn_Jpan,740,16,13
jpn_Jpan,740,17,24
jpn_Jpan,740,18,13
jpn_Jpan,740,19,19
jpn_Jpan,740,20,13
jpn_Jpan,740,21,34
jpn_Jpan,741,0,60
jpn_Jpan,741,1,13
jpn_Jpan,741,2,24
jpn_Jpan,741,3,24
jpn_Jpan,741,4,40
jpn_Jpan,741,5,7
jpn_Jpan,741,6,7
jpn_Jpan,741,7,13
jpn_Jpan,741,8,13
jpn_Jpan,741,9,61
jpn_Jpan,741,10,61
jpn_Jpan,741,11,13
jpn_Jpan,741,12,13
jpn_Jpan,741,13,47
jpn_Jpan,741,14,13
jpn_Jpan,741,15,24
jpn_Jpan,741,16,13
jpn_Jpan,741,17,24
jpn_Jpan,741,18,47
jpn_Jpan,741,19,13
jpn_Jpan,741,20,13
jpn_Jpan,741,21,34
jpn_Jpan,742,0,60
jpn_Jpan,742,1,39
jpn_Jpan,742,2,13
jpn_Jpan,742,3,24
jpn_Jpan,742,4,13
jpn_Jpan,742,5,24
jpn_Jpan,742,6,13
jpn_Jpan,742,7,19
jpn_Jpan,742,8,13
jpn_Jpan,742,9,13
jpn_Jpan,742,10,13
jpn_Jpan,742,11,47
jpn_Jpan,742,12,61
jpn_Jpan,742,13,13
jpn_Jpan,742,14,61
jpn_Jpan,742,15,61
jpn_Jpan,742,16,61
jpn_Jpan,742,17,19
jpn_Jpan,742,18,13
jpn_Jpan,742,19,24
jpn_Jpan,742,20,13
jpn_Jpan,742,21,34
jpn_Jpan,742,22,13
jpn_Jpan,742,23,24
jpn_Jpan,742,24,54
jpn_Jpan,742,25,13
jpn_Jpan,742,26,13
jpn_Jpan,742,27,34
jpn_Jpan,743,0,60
jpn_Jpan,743,1,13
jpn_Jpan,743,2,13
jpn_Jpan,743,3,19
jpn_Jpan,743,4,13
jpn_Jpan,743,5,8
jpn_Jpan,743,6,13
jpn_Jpan,743,7,13
jpn_Jpan,743,8,39
jpn_Jpan,743,9,13
jpn_Jpan,743,10,24
jpn_Jpan,743,11,13
jpn_Jpan,743,12,13
jpn_Jpan,743,13,51
jpn_Jpan,743,14,24
jpn_Jpan,743,15,13
jpn_Jpan,743,16,24
jpn_Jpan,743,17,34
jpn_Jpan,743,18,9
jpn_Jpan,743,19,52
jpn_Jpan,743,20,13
jpn_Jpan,743,21,24
jpn_Jpan,743,22,13
jpn_Jpan,743,23,13
jpn_Jpan,743,24,13
jpn_Jpan,743,25,24
jpn_Jpan,743,26,13
jpn_Jpan,743,27,13
jpn_Jpan,743,28,13
jpn_Jpan,743,29,19
jpn_Jpan,743,30,13
jpn_Jpan,743,31,24
jpn_Jpan,743,32,13
jpn_Jpan,743,33,13
jpn_Jpan,743,34,51
jpn_Jpan,743,35,13
jpn_Jpan,743,36,13
jpn_Jpan,743,37,34
jpn_Jpan,744,0,60
jpn_Jpan,744,1,47
jpn_Jpan,744,2,39
jpn_Jpan,744,3,39
jpn_Jpan,744,4,13
jpn_Jpan,744,5,13
jpn_Jpan,744,6,13
jpn_Jpan,744,7,13
jpn_Jpan,744,8,24
jpn_Jpan,744,9,19
jpn_Jpan,744,10,13
jpn_Jpan,744,11,13
jpn_Jpan,744,12,24
jpn_Jpan,744,13,47
jpn_Jpan,744,14,13
jpn_Jpan,744,15,19
jpn_Jpan,744,16,13
jpn_Jpan,744,17,24
jpn_Jpan,744,18,47
jpn_Jpan,744,19,19
jpn_Jpan,744,20,13
jpn_Jpan,744,21,13
jpn_Jpan,744,22,13
jpn_Jpan,744,23,13
jpn_Jpan,744,24,13
jpn_Jpan,744,25,24
jpn_Jpan,744,26,47
jpn_Jpan,744,27,13
jpn_Jpan,744,28,1
jpn_Jpan,744,29,19
jpn_Jpan,744,30,13
jpn_Jpan,744,31,13
jpn_Jpan,744,32,13
jpn_Jpan,744,33,13
jpn_Jpan,744,34,19
jpn_Jpan,744,35,36
jpn_Jpan,744,36,24
jpn_Jpan,744,37,34
jpn_Jpan,744,38,51
jpn_Jpan,744,39,13
jpn_Jpan,744,40,24
jpn_Jpan,744,41,13
jpn_Jpan,744,42,13
jpn_Jpan,744,43,13
jpn_Jpan,744,44,13
jpn_Jpan,744,45,13
jpn_Jpan,744,46,34
jpn_Jpan,745,0,60
jpn_Jpan,745,1,52
jpn_Jpan,745,2,19
jpn_Jpan,745,3,24
jpn_Jpan,745,4,47
jpn_Jpan,745,5,47
jpn_Jpan,745,6,13
jpn_Jpan,745,7,13
jpn_Jpan,745,8,1
jpn_Jpan,745,9,52
jpn_Jpan,745,10,19
jpn_Jpan,745,11,13
jpn_Jpan,745,12,24
jpn_Jpan,745,13,24
jpn_Jpan,745,14,1
jpn_Jpan,745,15,13
jpn_Jpan,745,16,47
jpn_Jpan,745,17,13
jpn_Jpan,745,18,19
jpn_Jpan,745,19,13
jpn_Jpan,745,20,13
jpn_Jpan,745,21,13
jpn_Jpan,745,22,24
jpn_Jpan,745,23,19
jpn_Jpan,745,24,13
jpn_Jpan,745,25,34
jpn_Jpan,746,0,60
jpn_Jpan,746,1,13
jpn_Jpan,746,2,13
jpn_Jpan,746,3,52
jpn_Jpan,746,4,19
jpn_Jpan,746,5,13
jpn_Jpan,746,6,12
jpn_Jpan,746,7,24
jpn_Jpan,746,8,13
jpn_Jpan,746,9,13
jpn_Jpan,746,10,24
jpn_Jpan,746,11,19
jpn_Jpan,746,12,13
jpn_Jpan,746,13,13
jpn_Jpan,746,14,24
jpn_Jpan,746,15,13
jpn_Jpan,746,16,13
jpn_Jpan,746,17,24
jpn_Jpan,746,18,19
jpn_Jpan,746,19,13
jpn_Jpan,746,20,34
jpn_Jpan,746,21,13
jpn_Jpan,747,0,60
jpn_Jpan,747,1,47
jpn_Jpan,747,2,19
jpn_Jpan,747,3,22
jpn_Jpan,747,4,9
jpn_Jpan,748,0,60
jpn_Jpan,748,1,24
jpn_Jpan,748,2,13
jpn_Jpan,748,3,13
jpn_Jpan,748,4,36
jpn_Jpan,748,5,13
jpn_Jpan,748,6,19
jpn_Jpan,748,7,19
jpn_Jpan,748,8,13
jpn_Jpan,748,9,13
jpn_Jpan,748,10,13
jpn_Jpan,748,11,24
jpn_Jpan,748,12,24
jpn_Jpan,748,13,19
jpn_Jpan,748,14,36
jpn_Jpan,748,15,47
jpn_Jpan,748,16,13
jpn_Jpan,748,17,19
jpn_Jpan,748,18,13
jpn_Jpan,748,19,24
jpn_Jpan,748,20,24
jpn_Jpan,748,21,24
jpn_Jpan,748,22,47
jpn_Jpan,748,23,47
jpn_Jpan,748,24,36
jpn_Jpan,748,25,61
jpn_Jpan,748,26,13
jpn_Jpan,748,27,61
jpn_Jpan,748,28,13
jpn_Jpan,748,29,19
jpn_Jpan,748,30,13
jpn_Jpan,748,31,13
jpn_Jpan,748,32,13
jpn_Jpan,749,0,60
jpn_Jpan,749,1,39
jpn_Jpan,749,2,39
jpn_Jpan,749,3,19
jpn_Jpan,749,4,19
jpn_Jpan,749,5,13
jpn_Jpan,749,6,13
jpn_Jpan,749,7,13
jpn_Jpan,749,8,13
jpn_Jpan,749,9,13
jpn_Jpan,749,10,24
jpn_Jpan,749,11,24
jpn_Jpan,749,12,36
jpn_Jpan,749,13,13
jpn_Jpan,749,14,24
jpn_Jpan,749,15,19
jpn_Jpan,749,16,13
jpn_Jpan,749,17,13
jpn_Jpan,749,18,24
jpn_Jpan,749,19,19
jpn_Jpan,749,20,13
jpn_Jpan,749,21,47
jpn_Jpan,749,22,19
jpn_Jpan,749,23,13
jpn_Jpan,749,24,13
jpn_Jpan,749,25,13
jpn_Jpan,749,26,13
jpn_Jpan,749,27,47
jpn_Jpan,749,28,8
jpn_Jpan,749,29,47
jpn_Jpan,749,30,19
jpn_Jpan,749,31,8
jpn_Jpan,749,32,19
jpn_Jpan,749,33,36
jpn_Jpan,749,34,34
jpn_Jpan,750,0,60
jpn_Jpan,750,1,13
jpn_Jpan,750,2,13
jpn_Jpan,750,3,24
jpn_Jpan,750,4,52
jpn_Jpan,750,5,19
jpn_Jpan,750,6,13
jpn_Jpan,750,7,24
jpn_Jpan,750,8,19
jpn_Jpan,750,9,13
jpn_Jpan,750,10,19
jpn_Jpan,750,11,36
jpn_Jpan,750,12,13
jpn_Jpan,751,0,60
jpn_Jpan,751,1,13
jpn_Jpan,751,2,19
jpn_Jpan,751,3,13
jpn_Jpan,751,4,13
jpn_Jpan,751,5,13
jpn_Jpan,751,6,13
jpn_Jpan,751,7,13
jpn_Jpan,751,8,13
jpn_Jpan,751,9,13
jpn_Jpan,751,10,19
jpn_Jpan,751,11,19
jpn_Jpan,751,12,39
jpn_Jpan,751,13,13
jpn_Jpan,751,14,11
jpn_Jpan,751,15,9
jpn_Jpan,751,16,47
jpn_Jpan,751,17,47
jpn_Jpan,751,18,13
jpn_Jpan,751,19,47
jpn_Jpan,751,20,13
jpn_Jpan,751,21,13
jpn_Jpan,751,22,13
jpn_Jpan,751,23,24
jpn_Jpan,751,24,13
jpn_Jpan,751,25,13
jpn_Jpan,751,26,13
jpn_Jpan,751,27,51
jpn_Jpan,752,0,60
jpn_Jpan,752,1,36
jpn_Jpan,752,2,24
jpn_Jpan,752,3,47
jpn_Jpan,752,4,13
jpn_Jpan,752,5,24
jpn_Jpan,752,6,47
jpn_Jpan,752,7,19
jpn_Jpan,752,8,13
jpn_Jpan,752,9,13
jpn_Jpan,752,10,47
jpn_Jpan,752,11,19
jpn_Jpan,752,12,39
jpn_Jpan,752,13,13
jpn_Jpan,753,0,60
jpn_Jpan,753,1,13
jpn_Jpan,753,2,47
jpn_Jpan,753,3,19
jpn_Jpan,753,4,13
jpn_Jpan,753,5,13
jpn_Jpan,753,6,24
jpn_Jpan,753,7,47
jpn_Jpan,753,8,13
jpn_Jpan,753,9,13
jpn_Jpan,753,10,13
jpn_Jpan,753,11,61
jpn_Jpan,753,12,13
jpn_Jpan,753,13,13
jpn_Jpan,753,14,13
jpn_Jpan,753,15,24
jpn_Jpan,753,16,13
jpn_Jpan,753,17,13
jpn_Jpan,753,18,61
jpn_Jpan,753,19,13
jpn_Jpan,753,20,13
jpn_Jpan,753,21,13
jpn_Jpan,753,22,13
jpn_Jpan,753,23,24
jpn_Jpan,753,24,24
jpn_Jpan,753,25,13
jpn_Jpan,753,26,13
jpn_Jpan,753,27,24
jpn_Jpan,753,28,47
jpn_Jpan,753,29,19
jpn_Jpan,753,30,13
jpn_Jpan,753,31,24
jpn_Jpan,753,32,47
jpn_Jpan,753,33,13
jpn_Jpan,753,34,13
jpn_Jpan,753,35,13
jpn_Jpan,753,36,13
jpn_Jpan,753,37,13
jpn_Jpan,753,38,13
jpn_Jpan,753,39,34
jpn_Jpan,754,0,60
jpn_Jpan,754,1,47
jpn_Jpan,754,2,13
jpn_Jpan,754,3,19
jpn_Jpan,754,4,36
jpn_Jpan,754,5,27
jpn_Jpan,754,6,13
jpn_Jpan,754,7,61
jpn_Jpan,754,8,7
jpn_Jpan,754,9,7
jpn_Jpan,754,10,13
jpn_Jpan,754,11,24
jpn_Jpan,754,12,24
jpn_Jpan,754,13,7
jpn_Jpan,754,14,61
jpn_Jpan,754,15,13
jpn_Jpan,754,16,19
jpn_Jpan,754,17,13
jpn_Jpan,754,18,61
jpn_Jpan,754,19,13
jpn_Jpan,755,0,60
jpn_Jpan,755,1,24
jpn_Jpan,755,2,13
jpn_Jpan,755,3,47
jpn_Jpan,755,4,19
jpn_Jpan,755,5,13
jpn_Jpan,755,6,24
jpn_Jpan,755,7,19
jpn_Jpan,755,8,13
jpn_Jpan,755,9,13
jpn_Jpan,755,10,13
jpn_Jpan,755,11,13
jpn_Jpan,755,12,34
jpn_Jpan,756,0,60
jpn_Jpan,756,1,13
jpn_Jpan,756,2,47
jpn_Jpan,756,3,13
jpn_Jpan,756,4,36
jpn_Jpan,756,5,13
jpn_Jpan,756,6,9
jpn_Jpan,756,7,13
jpn_Jpan,756,8,13
jpn_Jpan,756,9,13
jpn_Jpan,756,10,39
jpn_Jpan,756,11,39
jpn_Jpan,756,12,47
jpn_Jpan,756,13,19
jpn_Jpan,756,14,13
jpn_Jpan,756,15,13
jpn_Jpan,756,16,61
jpn_Jpan,756,17,24
jpn_Jpan,756,18,19
jpn_Jpan,756,19,13
jpn_Jpan,756,20,34
jpn_Jpan,756,21,24
jpn_Jpan,756,22,13
jpn_Jpan,756,23,34
jpn_Jpan,757,0,60
jpn_Jpan,757,1,60
jpn_Jpan,757,2,60
jpn_Jpan,757,3,24
jpn_Jpan,757,4,13
jpn_Jpan,757,5,13
jpn_Jpan,757,6,19
jpn_Jpan,757,7,39
jpn_Jpan,757,8,13
jpn_Jpan,757,9,24
jpn_Jpan,757,10,13
jpn_Jpan,757,11,19
jpn_Jpan,757,12,13
jpn_Jpan,757,13,13
jpn_Jpan,757,14,13
jpn_Jpan,757,15,13
jpn_Jpan,757,16,13
jpn_Jpan,757,17,13
jpn_Jpan,758,0,60
jpn_Jpan,758,1,13
jpn_Jpan,758,2,13
jpn_Jpan,758,3,13
jpn_Jpan,758,4,13
jpn_Jpan,758,5,47
jpn_Jpan,758,6,13
jpn_Jpan,758,7,13
jpn_Jpan,758,8,12
jpn_Jpan,758,9,13
jpn_Jpan,758,10,19
jpn_Jpan,758,11,19
jpn_Jpan,758,12,13
jpn_Jpan,758,13,13
jpn_Jpan,758,14,13
jpn_Jpan,758,15,39
jpn_Jpan,758,16,24
jpn_Jpan,758,17,13
jpn_Jpan,758,18,19
jpn_Jpan,758,19,39
jpn_Jpan,758,20,13
jpn_Jpan,758,21,7
jpn_Jpan,758,22,13
jpn_Jpan,758,23,24
jpn_Jpan,758,24,61
jpn_Jpan,758,25,13
jpn_Jpan,758,26,19
jpn_Jpan,758,27,13
jpn_Jpan,758,28,24
jpn_Jpan,758,29,13
jpn_Jpan,758,30,24
jpn_Jpan,758,31,47
jpn_Jpan,758,32,13
jpn_Jpan,758,33,24
jpn_Jpan,758,34,13
jpn_Jpan,758,35,13
jpn_Jpan,758,36,24
jpn_Jpan,758,37,24
jpn_Jpan,758,38,47
jpn_Jpan,758,39,13
jpn_Jpan,758,40,13
jpn_Jpan,758,41,61
jpn_Jpan,758,42,13
jpn_Jpan,758,43,13
jpn_Jpan,758,44,24
jpn_Jpan,758,45,34
jpn_Jpan,758,46,13
jpn_Jpan,758,47,34
jpn_Jpan,759,0,60
jpn_Jpan,759,1,13
jpn_Jpan,759,2,9
jpn_Jpan,759,3,13
jpn_Jpan,759,4,61
jpn_Jpan,759,5,11
jpn_Jpan,759,6,57
jpn_Jpan,759,7,62
jpn_Jpan,760,0,60
jpn_Jpan,760,1,13
jpn_Jpan,760,2,19
jpn_Jpan,760,3,13
jpn_Jpan,760,4,13
jpn_Jpan,760,5,24
jpn_Jpan,760,6,47
jpn_Jpan,760,7,13
jpn_Jpan,760,8,24
jpn_Jpan,760,9,61
jpn_Jpan,760,10,52
jpn_Jpan,760,11,61
jpn_Jpan,760,12,19
jpn_Jpan,760,13,13
jpn_Jpan,760,14,24
jpn_Jpan,760,15,52
jpn_Jpan,760,16,19
jpn_Jpan,760,17,13
jpn_Jpan,760,18,13
jpn_Jpan,760,19,19
jpn_Jpan,760,20,13
jpn_Jpan,760,21,13
jpn_Jpan,760,22,13
jpn_Jpan,760,23,13
jpn_Jpan,760,24,13
jpn_Jpan,760,25,13
jpn_Jpan,760,26,47
jpn_Jpan,760,27,39
jpn_Jpan,760,28,19
jpn_Jpan,760,29,13
jpn_Jpan,760,30,19
jpn_Jpan,760,31,13
jpn_Jpan,760,32,13
jpn_Jpan,760,33,24
jpn_Jpan,760,34,13
jpn_Jpan,760,35,24
jpn_Jpan,760,36,52
jpn_Jpan,760,37,19
jpn_Jpan,760,38,24
jpn_Jpan,760,39,24
jpn_Jpan,760,40,19
jpn_Jpan,760,41,13
jpn_Jpan,760,42,13
jpn_Jpan,760,43,13
jpn_Jpan,760,44,13
jpn_Jpan,760,45,13
jpn_Jpan,760,46,13
jpn_Jpan,760,47,13
jpn_Jpan,760,48,13
jpn_Jpan,760,49,13
jpn_Jpan,760,50,51
jpn_Jpan,761,0,60
jpn_Jpan,761,1,61
jpn_Jpan,761,2,36
jpn_Jpan,761,3,19
jpn_Jpan,761,4,36
jpn_Jpan,761,5,19
jpn_Jpan,761,6,13
jpn_Jpan,761,7,19
jpn_Jpan,761,8,12
jpn_Jpan,761,9,19
jpn_Jpan,761,10,36
jpn_Jpan,761,11,26
jpn_Jpan,761,12,36
jpn_Jpan,761,13,12
jpn_Jpan,761,14,36
jpn_Jpan,761,15,47
jpn_Jpan,761,16,36
jpn_Jpan,761,17,13
jpn_Jpan,761,18,61
jpn_Jpan,761,19,36
jpn_Jpan,761,20,19
jpn_Jpan,761,21,13
jpn_Jpan,761,22,61
jpn_Jpan,761,23,36
jpn_Jpan,761,24,7
jpn_Jpan,761,25,24
jpn_Jpan,761,26,36
jpn_Jpan,761,27,24
jpn_Jpan,761,28,52
jpn_Jpan,761,29,13
jpn_Jpan,761,30,19
jpn_Jpan,761,31,24
jpn_Jpan,761,32,13
jpn_Jpan,761,33,47
jpn_Jpan,761,34,13
jpn_Jpan,761,35,13
jpn_Jpan,761,36,13
jpn_Jpan,761,37,19
jpn_Jpan,761,38,13
jpn_Jpan,761,39,13
jpn_Jpan,761,40,19
jpn_Jpan,761,41,13
jpn_Jpan,761,42,13
jpn_Jpan,761,43,24
jpn_Jpan,761,44,13
jpn_Jpan,761,45,34
jpn_Jpan,762,0,60
jpn_Jpan,762,1,24
jpn_Jpan,762,2,13
jpn_Jpan,762,3,39
jpn_Jpan,762,4,51
jpn_Jpan,762,5,34
jpn_Jpan,762,6,9
jpn_Jpan,762,7,58
jpn_Jpan,762,8,12
jpn_Jpan,762,9,22
jpn_Jpan,762,10,40
jpn_Jpan,763,0,60
jpn_Jpan,763,1,24
jpn_Jpan,763,2,36
jpn_Jpan,763,3,24
jpn_Jpan,763,4,1
jpn_Jpan,763,5,13
jpn_Jpan,763,6,1
jpn_Jpan,763,7,13
jpn_Jpan,763,8,19
jpn_Jpan,763,9,13
jpn_Jpan,763,10,39
jpn_Jpan,763,11,19
jpn_Jpan,763,12,39
jpn_Jpan,763,13,47
jpn_Jpan,763,14,13
jpn_Jpan,763,15,24
jpn_Jpan,763,16,19
jpn_Jpan,763,17,36
jpn_Jpan,763,18,24
jpn_Jpan,763,19,24
jpn_Jpan,763,20,13
jpn_Jpan,763,21,13
jpn_Jpan,763,22,24
jpn_Jpan,763,23,13
jpn_Jpan,763,24,47
jpn_Jpan,763,25,13
jpn_Jpan,763,26,19
jpn_Jpan,763,27,13
jpn_Jpan,763,28,13
jpn_Jpan,763,29,13
jpn_Jpan,763,30,24
jpn_Jpan,763,31,13
jpn_Jpan,763,32,61
jpn_Jpan,763,33,13
jpn_Jpan,763,34,13
jpn_Jpan,763,35,24
jpn_Jpan,763,36,24
jpn_Jpan,763,37,1
jpn_Jpan,763,38,13
jpn_Jpan,763,39,1
jpn_Jpan,763,40,13
jpn_Jpan,763,41,24
jpn_Jpan,763,42,19
jpn_Jpan,763,43,13
jpn_Jpan,763,44,61
jpn_Jpan,763,45,13
jpn_Jpan,763,46,24
jpn_Jpan,763,47,13
jpn_Jpan,763,48,13
jpn_Jpan,763,49,13
jpn_Jpan,763,50,13
jpn_Jpan,763,51,24
jpn_Jpan,763,52,13
jpn_Jpan,763,53,13
jpn_Jpan,763,54,24
jpn_Jpan,763,55,13
jpn_Jpan,763,56,13
jpn_Jpan,763,57,34
jpn_Jpan,764,0,60
jpn_Jpan,764,1,13
jpn_Jpan,764,2,13
jpn_Jpan,764,3,36
jpn_Jpan,764,4,47
jpn_Jpan,764,5,13
jpn_Jpan,764,6,13
jpn_Jpan,764,7,34
jpn_Jpan,764,8,47
jpn_Jpan,764,9,13
jpn_Jpan,764,10,24
jpn_Jpan,764,11,13
jpn_Jpan,764,12,13
jpn_Jpan,764,13,39
jpn_Jpan,764,14,13
jpn_Jpan,764,15,34
jpn_Jpan,765,0,60
jpn_Jpan,765,1,36
jpn_Jpan,765,2,13
jpn_Jpan,765,3,24
jpn_Jpan,765,4,13
jpn_Jpan,765,5,13
jpn_Jpan,765,6,13
jpn_Jpan,765,7,13
jpn_Jpan,765,8,34
jpn_Jpan,765,9,24
jpn_Jpan,765,10,13
jpn_Jpan,765,11,13
jpn_Jpan,765,12,13
jpn_Jpan,765,13,51
jpn_Jpan,766,0,60
jpn_Jpan,766,1,13
jpn_Jpan,766,2,13
jpn_Jpan,766,3,19
jpn_Jpan,766,4,47
jpn_Jpan,766,5,13
jpn_Jpan,766,6,24
jpn_Jpan,766,7,19
jpn_Jpan,766,8,19
jpn_Jpan,766,9,39
jpn_Jpan,766,10,13
jpn_Jpan,766,11,11
jpn_Jpan,767,0,60
jpn_Jpan,767,1,19
jpn_Jpan,767,2,13
jpn_Jpan,767,3,13
jpn_Jpan,767,4,36
jpn_Jpan,767,5,24
jpn_Jpan,767,6,52
jpn_Jpan,767,7,1
jpn_Jpan,767,8,24
jpn_Jpan,767,9,47
jpn_Jpan,767,10,13
jpn_Jpan,767,11,34
jpn_Jpan,767,12,13
jpn_Jpan,767,13,24
jpn_Jpan,767,14,19
jpn_Jpan,767,15,13
jpn_Jpan,767,16,13
jpn_Jpan,767,17,24
jpn_Jpan,767,18,26
jpn_Jpan,767,19,47
jpn_Jpan,767,20,13
jpn_Jpan,767,21,34
jpn_Jpan,767,22,13
jpn_Jpan,767,23,52
jpn_Jpan,768,0,60
jpn_Jpan,768,1,7
jpn_Jpan,768,2,52
jpn_Jpan,768,3,7
jpn_Jpan,768,4,24
jpn_Jpan,768,5,24
jpn_Jpan,768,6,1
jpn_Jpan,768,7,13
jpn_Jpan,768,8,24
jpn_Jpan,768,9,52
jpn_Jpan,768,10,19
jpn_Jpan,768,11,13
jpn_Jpan,768,12,47
jpn_Jpan,768,13,19
jpn_Jpan,768,14,13
jpn_Jpan,768,15,24
jpn_Jpan,768,16,24
jpn_Jpan,768,17,19
jpn_Jpan,768,18,19
jpn_Jpan,768,19,13
jpn_Jpan,768,20,52
jpn_Jpan,768,21,61
jpn_Jpan,768,22,19
jpn_Jpan,768,23,13
jpn_Jpan,768,24,47
jpn_Jpan,768,25,19
jpn_Jpan,768,26,13
jpn_Jpan,768,27,13
jpn_Jpan,768,28,24
jpn_Jpan,768,29,19
jpn_Jpan,768,30,19
jpn_Jpan,768,31,13
jpn_Jpan,768,32,19
jpn_Jpan,768,33,34
jpn_Jpan,768,34,13
jpn_Jpan,768,35,9
jpn_Jpan,768,36,28
jpn_Jpan,768,37,24
jpn_Jpan,768,38,13
jpn_Jpan,768,39,24
jpn_Jpan,768,40,52
jpn_Jpan,769,0,60
jpn_Jpan,769,1,13
jpn_Jpan,769,2,39
jpn_Jpan,769,3,39
jpn_Jpan,769,4,34
jpn_Jpan,769,5,24
jpn_Jpan,769,6,13
jpn_Jpan,769,7,13
jpn_Jpan,769,8,39
jpn_Jpan,769,9,13
jpn_Jpan,769,10,13
jpn_Jpan,769,11,19
jpn_Jpan,769,12,13
jpn_Jpan,769,13,19
jpn_Jpan,769,14,13
jpn_Jpan,769,15,13
jpn_Jpan,769,16,13
jpn_Jpan,769,17,13
jpn_Jpan,769,18,13
jpn_Jpan,769,19,13
jpn_Jpan,769,20,13
jpn_Jpan,769,21,34
jpn_Jpan,770,0,60
jpn_Jpan,770,1,49
jpn_Jpan,770,2,24
jpn_Jpan,770,3,13
jpn_Jpan,770,4,13
jpn_Jpan,770,5,24
jpn_Jpan,770,6,13
jpn_Jpan,770,7,24
jpn_Jpan,770,8,13
jpn_Jpan,770,9,13
jpn_Jpan,770,10,13
jpn_Jpan,770,11,24
jpn_Jpan,770,12,52
jpn_Jpan,770,13,36
jpn_Jpan,770,14,13
jpn_Jpan,770,15,24
jpn_Jpan,770,16,13
jpn_Jpan,770,17,13
jpn_Jpan,770,18,24
jpn_Jpan,770,19,13
jpn_Jpan,770,20,19
jpn_Jpan,770,21,36
jpn_Jpan,770,22,13
jpn_Jpan,770,23,34
jpn_Jpan,770,24,13
jpn_Jpan,770,25,13
jpn_Jpan,770,26,36
jpn_Jpan,770,27,13
jpn_Jpan,770,28,34
jpn_Jpan,771,0,60
jpn_Jpan,771,1,11
jpn_Jpan,771,2,13
jpn_Jpan,771,3,19
jpn_Jpan,771,4,13
jpn_Jpan,771,5,24
jpn_Jpan,771,6,19
jpn_Jpan,771,7,13
jpn_Jpan,771,8,24
jpn_Jpan,771,9,13
jpn_Jpan,771,10,26
jpn_Jpan,771,11,47
jpn_Jpan,771,12,13
jpn_Jpan,771,13,13
jpn_Jpan,771,14,13
jpn_Jpan,771,15,24
jpn_Jpan,771,16,19
jpn_Jpan,771,17,13
jpn_Jpan,771,18,19
jpn_Jpan,771,19,34
jpn_Jpan,771,20,24
jpn_Jpan,771,21,19
jpn_Jpan,771,22,13
jpn_Jpan,771,23,47
jpn_Jpan,771,24,34
jpn_Jpan,771,25,13
jpn_Jpan,771,26,34
jpn_Jpan,772,0,60
jpn_Jpan,772,1,13
jpn_Jpan,772,2,13
jpn_Jpan,772,3,36
jpn_Jpan,772,4,24
jpn_Jpan,772,5,47
jpn_Jpan,772,6,13
jpn_Jpan,772,7,39
jpn_Jpan,772,8,39
jpn_Jpan,772,9,39
jpn_Jpan,772,10,13
jpn_Jpan,772,11,24
jpn_Jpan,772,12,19
jpn_Jpan,772,13,36
jpn_Jpan,772,14,19
jpn_Jpan,772,15,13
jpn_Jpan,772,16,19
jpn_Jpan,772,17,13
jpn_Jpan,772,18,24
jpn_Jpan,772,19,52
jpn_Jpan,772,20,24
jpn_Jpan,772,21,13
jpn_Jpan,772,22,24
jpn_Jpan,772,23,13
jpn_Jpan,772,24,13
jpn_Jpan,772,25,47
jpn_Jpan,772,26,19
jpn_Jpan,772,27,13
jpn_Jpan,772,28,13
jpn_Jpan,772,29,13
jpn_Jpan,772,30,34
jpn_Jpan,773,0,60
jpn_Jpan,773,1,1
jpn_Jpan,773,2,52
jpn_Jpan,773,3,19
jpn_Jpan,773,4,13
jpn_Jpan,773,5,24
jpn_Jpan,773,6,52
jpn_Jpan,773,7,13
jpn_Jpan,773,8,52
jpn_Jpan,773,9,13
jpn_Jpan,773,10,36
jpn_Jpan,773,11,24
jpn_Jpan,773,12,47
jpn_Jpan,773,13,13
jpn_Jpan,773,14,19
jpn_Jpan,773,15,13
jpn_Jpan,773,16,13
jpn_Jpan,773,17,24
jpn_Jpan,773,18,19
jpn_Jpan,773,19,13
jpn_Jpan,773,20,13
jpn_Jpan,773,21,13
jpn_Jpan,773,22,13
jpn_Jpan,773,23,34
jpn_Jpan,773,24,13
jpn_Jpan,773,25,47
jpn_Jpan,773,26,19
jpn_Jpan,773,27,36
jpn_Jpan,773,28,19
jpn_Jpan,773,29,13
jpn_Jpan,773,30,13
jpn_Jpan,773,31,24
jpn_Jpan,773,32,47
jpn_Jpan,773,33,61
jpn_Jpan,773,34,13
jpn_Jpan,773,35,13
jpn_Jpan,773,36,34
jpn_Jpan,774,0,60
jpn_Jpan,774,1,13
jpn_Jpan,774,2,13
jpn_Jpan,774,3,13
jpn_Jpan,774,4,24
jpn_Jpan,774,5,13
jpn_Jpan,774,6,13
jpn_Jpan,774,7,13
jpn_Jpan,774,8,13
jpn_Jpan,774,9,47
jpn_Jpan,774,10,19
jpn_Jpan,774,11,13
jpn_Jpan,774,12,13
jpn_Jpan,774,13,24
jpn_Jpan,774,14,13
jpn_Jpan,774,15,24
jpn_Jpan,774,16,47
jpn_Jpan,774,17,47
jpn_Jpan,774,18,47
jpn_Jpan,774,19,13
jpn_Jpan,774,20,39
jpn_Jpan,774,21,61
jpn_Jpan,774,22,47
jpn_Jpan,774,23,61
jpn_Jpan,774,24,13
jpn_Jpan,775,0,60
jpn_Jpan,775,1,24
jpn_Jpan,775,2,13
jpn_Jpan,775,3,13
jpn_Jpan,775,4,24
jpn_Jpan,775,5,52
jpn_Jpan,775,6,13
jpn_Jpan,775,7,24
jpn_Jpan,775,8,47
jpn_Jpan,775,9,47
jpn_Jpan,775,10,13
jpn_Jpan,775,11,36
jpn_Jpan,775,12,24
jpn_Jpan,775,13,24
jpn_Jpan,775,14,13
jpn_Jpan,775,15,13
jpn_Jpan,775,16,34
jpn_Jpan,775,17,52
jpn_Jpan,775,18,19
jpn_Jpan,775,19,13
jpn_Jpan,776,0,60
jpn_Jpan,776,1,19
jpn_Jpan,776,2,13
jpn_Jpan,776,3,19
jpn_Jpan,776,4,13
jpn_Jpan,776,5,24
jpn_Jpan,776,6,47
jpn_Jpan,776,7,19
jpn_Jpan,776,8,13
jpn_Jpan,776,9,24
jpn_Jpan,776,10,47
jpn_Jpan,776,11,19
jpn_Jpan,776,12,13
jpn_Jpan,776,13,13
jpn_Jpan,776,14,24
jpn_Jpan,776,15,61
jpn_Jpan,776,16,13
jpn_Jpan,776,17,13
jpn_Jpan,776,18,13
jpn_Jpan,776,19,13
jpn_Jpan,776,20,61
jpn_Jpan,776,21,13
jpn_Jpan,776,22,13
jpn_Jpan,776,23,24
jpn_Jpan,776,24,19
jpn_Jpan,776,25,36
jpn_Jpan,776,26,47
jpn_Jpan,776,27,36
jpn_Jpan,776,28,19
jpn_Jpan,776,29,36
jpn_Jpan,776,30,13
jpn_Jpan,776,31,47
jpn_Jpan,776,32,36
jpn_Jpan,776,33,13
jpn_Jpan,776,34,24
jpn_Jpan,776,35,13
jpn_Jpan,776,36,13
jpn_Jpan,776,37,61
jpn_Jpan,776,38,13
jpn_Jpan,776,39,24
jpn_Jpan,776,40,19
jpn_Jpan,776,41,13
jpn_Jpan,776,42,7
jpn_Jpan,776,43,24
jpn_Jpan,776,44,19
jpn_Jpan,776,45,13
jpn_Jpan,776,46,13
jpn_Jpan,776,47,24
jpn_Jpan,776,48,19
jpn_Jpan,776,49,13
jpn_Jpan,776,50,47
jpn_Jpan,776,51,13
jpn_Jpan,776,52,24
jpn_Jpan,776,53,13
jpn_Jpan,776,54,13
jpn_Jpan,776,55,19
jpn_Jpan,776,56,13
jpn_Jpan,776,57,19
jpn_Jpan,776,58,13
jpn_Jpan,776,59,24
jpn_Jpan,776,60,19
jpn_Jpan,776,61,13
jpn_Jpan,776,62,19
jpn_Jpan,776,63,13
jpn_Jpan,776,64,13
jpn_Jpan,777,0,60
jpn_Jpan,777,1,1
jpn_Jpan,777,2,39
jpn_Jpan,777,3,13
jpn_Jpan,777,4,13
jpn_Jpan,777,5,13
jpn_Jpan,777,6,24
jpn_Jpan,777,7,47
jpn_Jpan,777,8,13
jpn_Jpan,777,9,13
jpn_Jpan,778,0,60
jpn_Jpan,778,1,36
jpn_Jpan,778,2,24
jpn_Jpan,778,3,47
jpn_Jpan,778,4,47
jpn_Jpan,778,5,36
jpn_Jpan,778,6,13
jpn_Jpan,778,7,13
jpn_Jpan,778,8,13
jpn_Jpan,778,9,13
jpn_Jpan,778,10,24
jpn_Jpan,778,11,61
jpn_Jpan,778,12,13
jpn_Jpan,778,13,47
jpn_Jpan,778,14,13
jpn_Jpan,778,15,24
jpn_Jpan,778,16,13
jpn_Jpan,778,17,13
jpn_Jpan,778,18,13
jpn_Jpan,778,19,19
jpn_Jpan,778,20,13
jpn_Jpan,778,21,13
jpn_Jpan,778,22,19
jpn_Jpan,778,23,13
jpn_Jpan,778,24,24
jpn_Jpan,778,25,19
jpn_Jpan,778,26,13
jpn_Jpan,778,27,24
jpn_Jpan,778,28,61
jpn_Jpan,778,29,13
jpn_Jpan,778,30,13
jpn_Jpan,778,31,13
jpn_Jpan,778,32,13
jpn_Jpan,778,33,13
jpn_Jpan,778,34,24
jpn_Jpan,778,35,19
jpn_Jpan,778,36,19
jpn_Jpan,778,37,39
jpn_Jpan,778,38,39
jpn_Jpan,778,39,39
jpn_Jpan,778,40,7
jpn_Jpan,779,0,60
jpn_Jpan,779,1,13
jpn_Jpan,779,2,52
jpn_Jpan,779,3,1
jpn_Jpan,779,4,52
jpn_Jpan,779,5,13
jpn_Jpan,779,6,9
jpn_Jpan,779,7,13
jpn_Jpan,779,8,61
jpn_Jpan,779,9,19
jpn_Jpan,779,10,19
jpn_Jpan,779,11,22
jpn_Jpan,779,12,13
jpn_Jpan,779,13,19
jpn_Jpan,779,14,13
jpn_Jpan,779,15,19
jpn_Jpan,779,16,13
jpn_Jpan,779,17,12
jpn_Jpan,779,18,19
jpn_Jpan,779,19,13
jpn_Jpan,779,20,39
jpn_Jpan,779,21,61
jpn_Jpan,779,22,42
jpn_Jpan,779,23,26
jpn_Jpan,779,24,19
jpn_Jpan,779,25,61
jpn_Jpan,779,26,13
jpn_Jpan,779,27,11
jpn_Jpan,779,28,19
jpn_Jpan,779,29,13
jpn_Jpan,779,30,19
jpn_Jpan,779,31,13
jpn_Jpan,779,32,52
jpn_Jpan,779,33,19
jpn_Jpan,779,34,13
jpn_Jpan,780,0,60
jpn_Jpan,780,1,13
jpn_Jpan,780,2,13
jpn_Jpan,780,3,13
jpn_Jpan,780,4,19
jpn_Jpan,780,5,13
jpn_Jpan,780,6,36
jpn_Jpan,780,7,36
jpn_Jpan,780,8,19
jpn_Jpan,780,9,13
jpn_Jpan,780,10,36
jpn_Jpan,780,11,36
jpn_Jpan,780,12,13
jpn_Jpan,780,13,36
jpn_Jpan,780,14,52
jpn_Jpan,780,15,19
jpn_Jpan,780,16,36
jpn_Jpan,780,17,24
jpn_Jpan,780,18,36
jpn_Jpan,780,19,24
jpn_Jpan,780,20,13
jpn_Jpan,780,21,13
jpn_Jpan,780,22,24
jpn_Jpan,780,23,47
jpn_Jpan,780,24,13
jpn_Jpan,780,25,13
jpn_Jpan,780,26,24
jpn_Jpan,780,27,13
jpn_Jpan,780,28,13
jpn_Jpan,780,29,19
jpn_Jpan,780,30,13
jpn_Jpan,780,31,13
jpn_Jpan,780,32,34
jpn_Jpan,781,0,60
jpn_Jpan,781,1,13
jpn_Jpan,781,2,52
jpn_Jpan,781,3,1
jpn_Jpan,781,4,52
jpn_Jpan,781,5,13
jpn_Jpan,781,6,9
jpn_Jpan,781,7,13
jpn_Jpan,781,8,61
jpn_Jpan,781,9,19
jpn_Jpan,781,10,19
jpn_Jpan,781,11,22
jpn_Jpan,781,12,13
jpn_Jpan,781,13,19
jpn_Jpan,781,14,13
jpn_Jpan,781,15,19
jpn_Jpan,781,16,13
jpn_Jpan,781,17,11
jpn_Jpan,781,18,61
jpn_Jpan,781,19,22
jpn_Jpan,781,20,61
jpn_Jpan,781,21,13
jpn_Jpan,781,22,12
jpn_Jpan,781,23,61
jpn_Jpan,781,24,40
jpn_Jpan,781,25,61
jpn_Jpan,781,26,13
jpn_Jpan,781,27,42
jpn_Jpan,781,28,19
jpn_Jpan,781,29,13
jpn_Jpan,781,30,13
jpn_Jpan,782,0,60
jpn_Jpan,782,1,61
jpn_Jpan,782,2,24
jpn_Jpan,782,3,13
jpn_Jpan,782,4,13
jpn_Jpan,782,5,13
jpn_Jpan,782,6,34
jpn_Jpan,782,7,13
jpn_Jpan,782,8,24
jpn_Jpan,782,9,47
jpn_Jpan,782,10,19
jpn_Jpan,782,11,13
jpn_Jpan,782,12,24
jpn_Jpan,782,13,13
jpn_Jpan,782,14,13
jpn_Jpan,782,15,24
jpn_Jpan,782,16,47
jpn_Jpan,782,17,19
jpn_Jpan,782,18,13
jpn_Jpan,782,19,61
jpn_Jpan,782,20,13
jpn_Jpan,782,21,13
jpn_Jpan,782,22,13
jpn_Jpan,782,23,34
jpn_Jpan,783,0,60
jpn_Jpan,783,1,6
jpn_Jpan,783,2,36
jpn_Jpan,783,3,52
jpn_Jpan,783,4,36
jpn_Jpan,783,5,24
jpn_Jpan,783,6,19
jpn_Jpan,783,7,13
jpn_Jpan,783,8,13
jpn_Jpan,783,9,13
jpn_Jpan,783,10,13
jpn_Jpan,783,11,24
jpn_Jpan,783,12,1
jpn_Jpan,783,13,13
jpn_Jpan,783,14,19
jpn_Jpan,783,15,34
jpn_Jpan,784,0,60
jpn_Jpan,784,1,13
jpn_Jpan,784,2,47
jpn_Jpan,784,3,47
jpn_Jpan,784,4,36
jpn_Jpan,784,5,24
jpn_Jpan,784,6,1
jpn_Jpan,784,7,36
jpn_Jpan,784,8,61
jpn_Jpan,784,9,36
jpn_Jpan,784,10,24
jpn_Jpan,784,11,19
jpn_Jpan,784,12,13
jpn_Jpan,784,13,13
jpn_Jpan,784,14,7
jpn_Jpan,784,15,36
jpn_Jpan,784,16,24
jpn_Jpan,784,17,19
jpn_Jpan,784,18,13
jpn_Jpan,784,19,24
jpn_Jpan,784,20,13
jpn_Jpan,784,21,13
jpn_Jpan,784,22,13
jpn_Jpan,784,23,24
jpn_Jpan,784,24,1
jpn_Jpan,784,25,13
jpn_Jpan,784,26,36
jpn_Jpan,784,27,24
jpn_Jpan,784,28,47
jpn_Jpan,784,29,13
jpn_Jpan,784,30,24
jpn_Jpan,784,31,19
jpn_Jpan,784,32,13
jpn_Jpan,784,33,13
jpn_Jpan,784,34,13
jpn_Jpan,784,35,13
jpn_Jpan,784,36,13
jpn_Jpan,784,37,13
jpn_Jpan,784,38,13
jpn_Jpan,784,39,36
jpn_Jpan,784,40,24
jpn_Jpan,784,41,61
jpn_Jpan,784,42,13
jpn_Jpan,784,43,24
jpn_Jpan,784,44,36
jpn_Jpan,784,45,36
jpn_Jpan,784,46,13
jpn_Jpan,784,47,13
jpn_Jpan,784,48,36
jpn_Jpan,784,49,11
jpn_Jpan,785,0,60
jpn_Jpan,785,1,6
jpn_Jpan,785,2,24
jpn_Jpan,785,3,13
jpn_Jpan,785,4,36
jpn_Jpan,785,5,13
jpn_Jpan,785,6,24
jpn_Jpan,785,7,13
jpn_Jpan,785,8,13
jpn_Jpan,785,9,36
jpn_Jpan,785,10,13
jpn_Jpan,785,11,34
jpn_Jpan,786,0,60
jpn_Jpan,786,1,13
jpn_Jpan,786,2,13
jpn_Jpan,786,3,24
jpn_Jpan,786,4,19
jpn_Jpan,786,5,13
jpn_Jpan,786,6,61
jpn_Jpan,786,7,13
jpn_Jpan,786,8,24
jpn_Jpan,786,9,13
jpn_Jpan,786,10,19
jpn_Jpan,786,11,13
jpn_Jpan,786,12,13
jpn_Jpan,786,13,51
jpn_Jpan,787,0,60
jpn_Jpan,787,1,13
jpn_Jpan,787,2,24
jpn_Jpan,787,3,13
jpn_Jpan,787,4,13
jpn_Jpan,787,5,13
jpn_Jpan,787,6,47
jpn_Jpan,787,7,19
jpn_Jpan,787,8,13
jpn_Jpan,787,9,19
jpn_Jpan,787,10,13
jpn_Jpan,787,11,51
jpn_Jpan,788,0,60
jpn_Jpan,788,1,54
jpn_Jpan,788,2,40
jpn_Jpan,788,3,1
jpn_Jpan,788,4,52
jpn_Jpan,788,5,7
jpn_Jpan,788,6,47
jpn_Jpan,788,7,1
jpn_Jpan,788,8,52
jpn_Jpan,789,0,60
jpn_Jpan,789,1,24
jpn_Jpan,789,2,19
jpn_Jpan,789,3,13
jpn_Jpan,789,4,24
jpn_Jpan,789,5,13
jpn_Jpan,789,6,13
jpn_Jpan,789,7,24
jpn_Jpan,789,8,19
jpn_Jpan,789,9,13
jpn_Jpan,789,10,34
jpn_Jpan,789,11,13
jpn_Jpan,789,12,13
jpn_Jpan,789,13,13
jpn_Jpan,789,14,24
jpn_Jpan,789,15,13
jpn_Jpan,789,16,13
jpn_Jpan,789,17,34
jpn_Jpan,790,0,60
jpn_Jpan,790,1,24
jpn_Jpan,790,2,13
jpn_Jpan,790,3,47
jpn_Jpan,790,4,13
jpn_Jpan,790,5,19
jpn_Jpan,790,6,36
jpn_Jpan,790,7,36
jpn_Jpan,790,8,36
jpn_Jpan,790,9,52
jpn_Jpan,790,10,36
jpn_Jpan,790,11,11
jpn_Jpan,790,12,47
jpn_Jpan,790,13,19
jpn_Jpan,790,14,13
jpn_Jpan,790,15,13
jpn_Jpan,790,16,24
jpn_Jpan,790,17,19
jpn_Jpan,790,18,13
jpn_Jpan,790,19,34
jpn_Jpan,790,20,34
jpn_Jpan,790,21,9
jpn_Jpan,790,22,13
jpn_Jpan,790,23,13
jpn_Jpan,790,24,39
jpn_Jpan,790,25,51
jpn_Jpan,790,26,24
jpn_Jpan,790,27,13
jpn_Jpan,790,28,13
jpn_Jpan,790,29,13
jpn_Jpan,790,30,39
jpn_Jpan,790,31,51
jpn_Jpan,791,0,60
jpn_Jpan,791,1,40
jpn_Jpan,791,2,24
jpn_Jpan,791,3,26
jpn_Jpan,791,4,40
jpn_Jpan,791,5,7
jpn_Jpan,791,6,49
jpn_Jpan,791,7,9
jpn_Jpan,791,8,14
jpn_Jpan,791,9,13
jpn_Jpan,791,10,40
jpn_Jpan,791,11,13
jpn_Jpan,791,12,13
jpn_Jpan,791,13,47
jpn_Jpan,791,14,13
jpn_Jpan,791,15,61
jpn_Jpan,791,16,13
jpn_Jpan,791,17,24
jpn_Jpan,791,18,24
jpn_Jpan,791,19,26
jpn_Jpan,791,20,47
jpn_Jpan,791,21,13
jpn_Jpan,791,22,47
jpn_Jpan,791,23,47
jpn_Jpan,791,24,13
jpn_Jpan,791,25,13
jpn_Jpan,792,0,60
jpn_Jpan,792,1,28
jpn_Jpan,792,2,24
jpn_Jpan,792,3,47
jpn_Jpan,792,4,19
jpn_Jpan,792,5,19
jpn_Jpan,792,6,39
jpn_Jpan,792,7,39
jpn_Jpan,792,8,13
jpn_Jpan,792,9,24
jpn_Jpan,792,10,34
jpn_Jpan,793,0,60
jpn_Jpan,793,1,13
jpn_Jpan,793,2,24
jpn_Jpan,793,3,19
jpn_Jpan,793,4,13
jpn_Jpan,793,5,19
jpn_Jpan,793,6,24
jpn_Jpan,793,7,13
jpn_Jpan,793,8,13
jpn_Jpan,793,9,47
jpn_Jpan,793,10,13
jpn_Jpan,793,11,13
jpn_Jpan,793,12,47
jpn_Jpan,793,13,19
jpn_Jpan,793,14,13
jpn_Jpan,793,15,47
jpn_Jpan,793,16,13
jpn_Jpan,793,17,24
jpn_Jpan,793,18,13
jpn_Jpan,793,19,13
jpn_Jpan,793,20,51
jpn_Jpan,793,21,51
jpn_Jpan,793,22,51
jpn_Jpan,794,0,60
jpn_Jpan,794,1,13
jpn_Jpan,794,2,24
jpn_Jpan,794,3,19
jpn_Jpan,794,4,13
jpn_Jpan,794,5,47
jpn_Jpan,794,6,13
jpn_Jpan,794,7,24
jpn_Jpan,794,8,24
jpn_Jpan,794,9,13
jpn_Jpan,794,10,19
jpn_Jpan,794,11,13
jpn_Jpan,794,12,13
jpn_Jpan,794,13,24
jpn_Jpan,794,14,36
jpn_Jpan,794,15,47
jpn_Jpan,794,16,47
jpn_Jpan,794,17,13
jpn_Jpan,794,18,34
jpn_Jpan,794,19,34
jpn_Jpan,795,0,60
jpn_Jpan,795,1,24
jpn_Jpan,795,2,19
jpn_Jpan,795,3,13
jpn_Jpan,795,4,39
jpn_Jpan,795,5,13
jpn_Jpan,795,6,36
jpn_Jpan,795,7,13
jpn_Jpan,795,8,36
jpn_Jpan,795,9,24
jpn_Jpan,795,10,13
jpn_Jpan,795,11,13
jpn_Jpan,795,12,34
jpn_Jpan,795,13,13
jpn_Jpan,796,0,60
jpn_Jpan,796,1,49
jpn_Jpan,796,2,22
jpn_Jpan,797,0,60
jpn_Jpan,797,1,19
jpn_Jpan,797,2,13
jpn_Jpan,797,3,47
jpn_Jpan,797,4,19
jpn_Jpan,797,5,13
jpn_Jpan,797,6,24
jpn_Jpan,797,7,13
jpn_Jpan,797,8,13
jpn_Jpan,797,9,24
jpn_Jpan,797,10,13
jpn_Jpan,797,11,24
jpn_Jpan,797,12,47
jpn_Jpan,797,13,47
jpn_Jpan,797,14,39
jpn_Jpan,797,15,13
jpn_Jpan,797,16,19
jpn_Jpan,797,17,19
jpn_Jpan,797,18,13
jpn_Jpan,797,19,13
jpn_Jpan,797,20,13
jpn_Jpan,797,21,34
jpn_Jpan,798,0,60
jpn_Jpan,798,1,13
jpn_Jpan,798,2,47
jpn_Jpan,798,3,13
jpn_Jpan,798,4,19
jpn_Jpan,798,5,13
jpn_Jpan,798,6,24
jpn_Jpan,798,7,13
jpn_Jpan,798,8,13
jpn_Jpan,798,9,13
jpn_Jpan,798,10,13
jpn_Jpan,798,11,19
jpn_Jpan,798,12,13
jpn_Jpan,798,13,13
jpn_Jpan,798,14,13
jpn_Jpan,798,15,19
jpn_Jpan,798,16,13
jpn_Jpan,798,17,13
jpn_Jpan,798,18,13
jpn_Jpan,798,19,1
jpn_Jpan,798,20,19
jpn_Jpan,798,21,13
jpn_Jpan,798,22,13
jpn_Jpan,798,23,24
jpn_Jpan,798,24,13
jpn_Jpan,798,25,13
jpn_Jpan,798,26,11
jpn_Jpan,798,27,47
jpn_Jpan,798,28,13
jpn_Jpan,798,29,13
jpn_Jpan,798,30,34
jpn_Jpan,798,31,11
jpn_Jpan,798,32,58
jpn_Jpan,798,33,12
jpn_Jpan,798,34,40
jpn_Jpan,799,0,60
jpn_Jpan,799,1,36
jpn_Jpan,799,2,24
jpn_Jpan,799,3,62
jpn_Jpan,799,4,13
jpn_Jpan,799,5,1
jpn_Jpan,799,6,13
jpn_Jpan,799,7,19
jpn_Jpan,799,8,13
jpn_Jpan,799,9,13
jpn_Jpan,799,10,13
jpn_Jpan,799,11,13
jpn_Jpan,799,12,13
jpn_Jpan,799,13,13
jpn_Jpan,799,14,19
jpn_Jpan,799,15,13
jpn_Jpan,799,16,47
jpn_Jpan,799,17,13
jpn_Jpan,799,18,39
jpn_Jpan,799,19,19
jpn_Jpan,799,20,13
jpn_Jpan,799,21,11
jpn_Jpan,799,22,40
jpn_Jpan,799,23,13
jpn_Jpan,799,24,47
jpn_Jpan,799,25,13
jpn_Jpan,799,26,19
jpn_Jpan,799,27,36
jpn_Jpan,799,28,12
jpn_Jpan,799,29,58
jpn_Jpan,799,30,12
jpn_Jpan,799,31,60
jpn_Jpan,800,0,60
jpn_Jpan,800,1,13
jpn_Jpan,800,2,19
jpn_Jpan,800,3,36
jpn_Jpan,800,4,24
jpn_Jpan,800,5,24
jpn_Jpan,800,6,19
jpn_Jpan,800,7,13
jpn_Jpan,800,8,47
jpn_Jpan,800,9,36
jpn_Jpan,800,10,19
jpn_Jpan,800,11,13
jpn_Jpan,800,12,24
jpn_Jpan,800,13,13
jpn_Jpan,800,14,36
jpn_Jpan,800,15,13
jpn_Jpan,800,16,24
jpn_Jpan,800,17,40
jpn_Jpan,800,18,36
jpn_Jpan,800,19,36
jpn_Jpan,800,20,61
jpn_Jpan,800,21,13
jpn_Jpan,800,22,13
jpn_Jpan,800,23,24
jpn_Jpan,800,24,47
jpn_Jpan,800,25,1
jpn_Jpan,800,26,52
jpn_Jpan,800,27,13
jpn_Jpan,800,28,36
jpn_Jpan,800,29,47
jpn_Jpan,800,30,13
jpn_Jpan,800,31,36
jpn_Jpan,800,32,19
jpn_Jpan,800,33,47
jpn_Jpan,800,34,36
jpn_Jpan,800,35,24
jpn_Jpan,800,36,47
jpn_Jpan,800,37,1
jpn_Jpan,800,38,52
jpn_Jpan,801,0,60
jpn_Jpan,801,1,13
jpn_Jpan,801,2,47
jpn_Jpan,801,3,39
jpn_Jpan,801,4,58
jpn_Jpan,801,5,9
jpn_Jpan,801,6,58
jpn_Jpan,801,7,9
jpn_Jpan,801,8,9
jpn_Jpan,801,9,61
jpn_Jpan,801,10,13
jpn_Jpan,801,11,13
jpn_Jpan,801,12,24
jpn_Jpan,801,13,24
jpn_Jpan,801,14,19
jpn_Jpan,801,15,13
jpn_Jpan,801,16,19
jpn_Jpan,801,17,13
jpn_Jpan,801,18,24
jpn_Jpan,801,19,19
jpn_Jpan,801,20,13
jpn_Jpan,801,21,24
jpn_Jpan,801,22,13
jpn_Jpan,801,23,13
jpn_Jpan,801,24,13
jpn_Jpan,801,25,51
jpn_Jpan,802,0,60
jpn_Jpan,802,1,13
jpn_Jpan,802,2,13
jpn_Jpan,802,3,13
jpn_Jpan,802,4,13
jpn_Jpan,802,5,13
jpn_Jpan,802,6,24
jpn_Jpan,802,7,19
jpn_Jpan,802,8,19
jpn_Jpan,802,9,13
jpn_Jpan,802,10,13
jpn_Jpan,802,11,34
jpn_Jpan,802,12,13
jpn_Jpan,802,13,9
jpn_Jpan,802,14,13
jpn_Jpan,802,15,24
jpn_Jpan,802,16,47
jpn_Jpan,802,17,13
jpn_Jpan,802,18,34
jpn_Jpan,802,19,24
jpn_Jpan,802,20,19
jpn_Jpan,802,21,13
jpn_Jpan,802,22,13
jpn_Jpan,802,23,24
jpn_Jpan,802,24,13
jpn_Jpan,802,25,13
jpn_Jpan,802,26,36
jpn_Jpan,803,0,60
jpn_Jpan,803,1,13
jpn_Jpan,803,2,19
jpn_Jpan,803,3,13
jpn_Jpan,803,4,24
jpn_Jpan,803,5,13
jpn_Jpan,803,6,13
jpn_Jpan,803,7,47
jpn_Jpan,803,8,13
jpn_Jpan,803,9,24
jpn_Jpan,803,10,13
jpn_Jpan,803,11,13
jpn_Jpan,803,12,13
jpn_Jpan,803,13,13
jpn_Jpan,803,14,13
jpn_Jpan,803,15,34
jpn_Jpan,803,16,13
jpn_Jpan,803,17,13
jpn_Jpan,803,18,13
jpn_Jpan,803,19,13
jpn_Jpan,803,20,24
jpn_Jpan,803,21,19
jpn_Jpan,803,22,13
jpn_Jpan,803,23,13
jpn_Jpan,803,24,13
jpn_Jpan,803,25,24
jpn_Jpan,803,26,13
jpn_Jpan,803,27,13
jpn_Jpan,803,28,19
jpn_Jpan,803,29,39
jpn_Jpan,804,0,60
jpn_Jpan,804,1,13
jpn_Jpan,804,2,13
jpn_Jpan,804,3,13
jpn_Jpan,804,4,24
jpn_Jpan,804,5,61
jpn_Jpan,804,6,36
jpn_Jpan,804,7,47
jpn_Jpan,804,8,13
jpn_Jpan,804,9,24
jpn_Jpan,804,10,13
jpn_Jpan,804,11,19
jpn_Jpan,804,12,36
jpn_Jpan,804,13,26
jpn_Jpan,804,14,47
jpn_Jpan,804,15,13
jpn_Jpan,804,16,24
jpn_Jpan,804,17,19
jpn_Jpan,804,18,13
jpn_Jpan,804,19,19
jpn_Jpan,804,20,24
jpn_Jpan,804,21,52
jpn_Jpan,804,22,34
jpn_Jpan,804,23,13
jpn_Jpan,804,24,24
jpn_Jpan,804,25,24
jpn_Jpan,804,26,19
jpn_Jpan,804,27,13
jpn_Jpan,804,28,19
jpn_Jpan,804,29,36
jpn_Jpan,804,30,24
jpn_Jpan,804,31,34
jpn_Jpan,804,32,34
jpn_Jpan,805,0,60
jpn_Jpan,805,1,13
jpn_Jpan,805,2,52
jpn_Jpan,805,3,52
jpn_Jpan,805,4,52
jpn_Jpan,805,5,13
jpn_Jpan,805,6,13
jpn_Jpan,805,7,7
jpn_Jpan,805,8,9
jpn_Jpan,805,9,11
jpn_Jpan,805,10,13
jpn_Jpan,805,11,52
jpn_Jpan,805,12,13
jpn_Jpan,805,13,61
jpn_Jpan,805,14,13
jpn_Jpan,805,15,24
jpn_Jpan,805,16,52
jpn_Jpan,805,17,1
jpn_Jpan,805,18,52
jpn_Jpan,805,19,13
jpn_Jpan,805,20,24
jpn_Jpan,805,21,13
jpn_Jpan,805,22,1
jpn_Jpan,805,23,13
jpn_Jpan,805,24,12
jpn_Jpan,805,25,13
jpn_Jpan,805,26,13
jpn_Jpan,805,27,13
jpn_Jpan,805,28,13
jpn_Jpan,805,29,19
jpn_Jpan,805,30,13
jpn_Jpan,805,31,24
jpn_Jpan,805,32,13
jpn_Jpan,805,33,19
jpn_Jpan,805,34,13
jpn_Jpan,805,35,34
jpn_Jpan,806,0,60
jpn_Jpan,806,1,13
jpn_Jpan,806,2,13
jpn_Jpan,806,3,39
jpn_Jpan,806,4,13
jpn_Jpan,806,5,24
jpn_Jpan,806,6,19
jpn_Jpan,806,7,13
jpn_Jpan,806,8,24
jpn_Jpan,806,9,13
jpn_Jpan,806,10,13
jpn_Jpan,806,11,13
jpn_Jpan,806,12,13
jpn_Jpan,806,13,47
jpn_Jpan,806,14,13
jpn_Jpan,806,15,34
jpn_Jpan,807,0,60
jpn_Jpan,807,1,13
jpn_Jpan,807,2,24
jpn_Jpan,807,3,47
jpn_Jpan,807,4,19
jpn_Jpan,807,5,13
jpn_Jpan,807,6,39
jpn_Jpan,807,7,47
jpn_Jpan,807,8,39
jpn_Jpan,807,9,13
jpn_Jpan,807,10,24
jpn_Jpan,807,11,13
jpn_Jpan,807,12,34
jpn_Jpan,807,13,34
jpn_Jpan,808,0,60
jpn_Jpan,808,1,24
jpn_Jpan,808,2,13
jpn_Jpan,808,3,13
jpn_Jpan,808,4,13
jpn_Jpan,808,5,24
jpn_Jpan,808,6,61
jpn_Jpan,808,7,13
jpn_Jpan,808,8,13
jpn_Jpan,808,9,24
jpn_Jpan,808,10,13
jpn_Jpan,808,11,13
jpn_Jpan,808,12,19
jpn_Jpan,808,13,13
jpn_Jpan,808,14,13
jpn_Jpan,808,15,19
jpn_Jpan,808,16,39
jpn_Jpan,808,17,13
jpn_Jpan,808,18,47
jpn_Jpan,808,19,13
jpn_Jpan,808,20,13
jpn_Jpan,808,21,34
jpn_Jpan,808,22,24
jpn_Jpan,808,23,13
jpn_Jpan,808,24,47
jpn_Jpan,808,25,13
jpn_Jpan,808,26,24
jpn_Jpan,808,27,34
jpn_Jpan,808,28,13
jpn_Jpan,808,29,13
jpn_Jpan,808,30,52
jpn_Jpan,808,31,13
jpn_Jpan,808,32,13
jpn_Jpan,808,33,39
jpn_Jpan,808,34,24
jpn_Jpan,808,35,13
jpn_Jpan,808,36,13
jpn_Jpan,808,37,13
jpn_Jpan,808,38,34
jpn_Jpan,808,39,13
jpn_Jpan,808,40,13
jpn_Jpan,808,41,13
jpn_Jpan,808,42,34
jpn_Jpan,809,0,60
jpn_Jpan,809,1,42
jpn_Jpan,809,2,61
jpn_Jpan,809,3,26
jpn_Jpan,809,4,61
jpn_Jpan,809,5,60
jpn_Jpan,809,6,24
jpn_Jpan,809,7,47
jpn_Jpan,809,8,19
jpn_Jpan,809,9,13
jpn_Jpan,809,10,47
jpn_Jpan,809,11,47
jpn_Jpan,809,12,7
jpn_Jpan,809,13,24
jpn_Jpan,809,14,47
jpn_Jpan,809,15,13
jpn_Jpan,809,16,13
jpn_Jpan,809,17,24
jpn_Jpan,809,18,24
jpn_Jpan,809,19,13
jpn_Jpan,809,20,13
jpn_Jpan,809,21,13
jpn_Jpan,809,22,13
jpn_Jpan,809,23,13
jpn_Jpan,809,24,34
jpn_Jpan,809,25,13
jpn_Jpan,809,26,34
jpn_Jpan,810,0,60
jpn_Jpan,810,1,13
jpn_Jpan,810,2,24
jpn_Jpan,810,3,36
jpn_Jpan,810,4,13
jpn_Jpan,810,5,19
jpn_Jpan,810,6,13
jpn_Jpan,810,7,19
jpn_Jpan,810,8,13
jpn_Jpan,810,9,47
jpn_Jpan,810,10,13
jpn_Jpan,810,11,36
jpn_Jpan,810,12,24
jpn_Jpan,810,13,19
jpn_Jpan,810,14,13
jpn_Jpan,810,15,13
jpn_Jpan,810,16,36
jpn_Jpan,810,17,39
jpn_Jpan,810,18,19
jpn_Jpan,810,19,13
jpn_Jpan,810,20,19
jpn_Jpan,810,21,13
jpn_Jpan,810,22,13
jpn_Jpan,810,23,36
jpn_Jpan,810,24,13
jpn_Jpan,810,25,13
jpn_Jpan,810,26,24
jpn_Jpan,810,27,24
jpn_Jpan,810,28,24
jpn_Jpan,810,29,24
jpn_Jpan,810,30,13
jpn_Jpan,810,31,26
jpn_Jpan,810,32,47
jpn_Jpan,810,33,13
jpn_Jpan,810,34,24
jpn_Jpan,810,35,52
jpn_Jpan,810,36,13
jpn_Jpan,810,37,26
jpn_Jpan,810,38,47
jpn_Jpan,810,39,13
jpn_Jpan,810,40,13
jpn_Jpan,810,41,24
jpn_Jpan,810,42,61
jpn_Jpan,810,43,13
jpn_Jpan,810,44,19
jpn_Jpan,810,45,34
jpn_Jpan,811,0,60
jpn_Jpan,811,1,13
jpn_Jpan,811,2,39
jpn_Jpan,811,3,52
jpn_Jpan,811,4,61
jpn_Jpan,811,5,61
jpn_Jpan,811,6,13
jpn_Jpan,811,7,13
jpn_Jpan,811,8,13
jpn_Jpan,811,9,19
jpn_Jpan,811,10,52
jpn_Jpan,812,0,60
jpn_Jpan,812,1,47
jpn_Jpan,812,2,36
jpn_Jpan,812,3,24
jpn_Jpan,812,4,19
jpn_Jpan,812,5,19
jpn_Jpan,812,6,13
jpn_Jpan,812,7,6
jpn_Jpan,812,8,61
jpn_Jpan,812,9,36
jpn_Jpan,812,10,6
jpn_Jpan,812,11,24
jpn_Jpan,812,12,6
jpn_Jpan,812,13,24
jpn_Jpan,812,14,47
jpn_Jpan,812,15,13
jpn_Jpan,812,16,13
jpn_Jpan,812,17,13
jpn_Jpan,812,18,13
jpn_Jpan,812,19,34
jpn_Jpan,813,0,60
jpn_Jpan,813,1,13
jpn_Jpan,813,2,24
jpn_Jpan,813,3,19
jpn_Jpan,813,4,13
jpn_Jpan,813,5,13
jpn_Jpan,813,6,24
jpn_Jpan,813,7,52
jpn_Jpan,813,8,37
jpn_Jpan,813,9,52
jpn_Jpan,813,10,1
jpn_Jpan,813,11,24
jpn_Jpan,813,12,24
jpn_Jpan,813,13,13
jpn_Jpan,813,14,13
jpn_Jpan,813,15,13
jpn_Jpan,813,16,13
jpn_Jpan,813,17,13
jpn_Jpan,813,18,19
jpn_Jpan,813,19,13
jpn_Jpan,813,20,13
jpn_Jpan,813,21,34
jpn_Jpan,813,22,34
jpn_Jpan,813,23,24
jpn_Jpan,813,24,13
jpn_Jpan,813,25,13
jpn_Jpan,813,26,34
jpn_Jpan,813,27,13
jpn_Jpan,813,28,13
jpn_Jpan,813,29,34
jpn_Jpan,814,0,60
jpn_Jpan,814,1,13
jpn_Jpan,814,2,13
jpn_Jpan,814,3,24
jpn_Jpan,814,4,13
jpn_Jpan,814,5,13
jpn_Jpan,814,6,13
jpn_Jpan,814,7,13
jpn_Jpan,814,8,51
jpn_Jpan,815,0,60
jpn_Jpan,815,1,19
jpn_Jpan,815,2,13
jpn_Jpan,815,3,24
jpn_Jpan,815,4,61
jpn_Jpan,815,5,13
jpn_Jpan,815,6,19
jpn_Jpan,815,7,19
jpn_Jpan,815,8,13
jpn_Jpan,815,9,19
jpn_Jpan,815,10,13
jpn_Jpan,815,11,34
jpn_Jpan,815,12,24
jpn_Jpan,815,13,47
jpn_Jpan,815,14,19
jpn_Jpan,815,15,13
jpn_Jpan,815,16,13
jpn_Jpan,815,17,47
jpn_Jpan,815,18,13
jpn_Jpan,815,19,61
jpn_Jpan,815,20,13
jpn_Jpan,815,21,24
jpn_Jpan,815,22,13
jpn_Jpan,815,23,24
jpn_Jpan,815,24,13
jpn_Jpan,815,25,13
jpn_Jpan,815,26,24
jpn_Jpan,815,27,61
jpn_Jpan,815,28,19
jpn_Jpan,815,29,13
jpn_Jpan,815,30,13
jpn_Jpan,815,31,19
jpn_Jpan,815,32,13
jpn_Jpan,815,33,13
jpn_Jpan,815,34,19
jpn_Jpan,815,35,13
jpn_Jpan,815,36,13
jpn_Jpan,815,37,9
jpn_Jpan,815,38,22
jpn_Jpan,815,39,37
jpn_Jpan,815,40,52
jpn_Jpan,816,0,60
jpn_Jpan,816,1,19
jpn_Jpan,816,2,13
jpn_Jpan,816,3,13
jpn_Jpan,816,4,24
jpn_Jpan,816,5,52
jpn_Jpan,816,6,47
jpn_Jpan,816,7,13
jpn_Jpan,816,8,13
jpn_Jpan,816,9,13
jpn_Jpan,816,10,13
jpn_Jpan,816,11,13
jpn_Jpan,816,12,24
jpn_Jpan,816,13,24
jpn_Jpan,816,14,47
jpn_Jpan,816,15,52
jpn_Jpan,816,16,36
jpn_Jpan,816,17,13
jpn_Jpan,816,18,13
jpn_Jpan,816,19,13
jpn_Jpan,816,20,24
jpn_Jpan,816,21,13
jpn_Jpan,816,22,13
jpn_Jpan,816,23,1
jpn_Jpan,816,24,13
jpn_Jpan,816,25,24
jpn_Jpan,816,26,13
jpn_Jpan,816,27,13
jpn_Jpan,816,28,13
jpn_Jpan,816,29,13
jpn_Jpan,816,30,19
jpn_Jpan,816,31,13
jpn_Jpan,816,32,13
jpn_Jpan,816,33,47
jpn_Jpan,816,34,13
jpn_Jpan,816,35,13
jpn_Jpan,816,36,34
jpn_Jpan,817,0,60
jpn_Jpan,817,1,13
jpn_Jpan,817,2,13
jpn_Jpan,817,3,61
jpn_Jpan,817,4,19
jpn_Jpan,817,5,13
jpn_Jpan,817,6,13
jpn_Jpan,817,7,24
jpn_Jpan,817,8,47
jpn_Jpan,817,9,13
jpn_Jpan,817,10,13
jpn_Jpan,817,11,13
jpn_Jpan,817,12,24
jpn_Jpan,817,13,19
jpn_Jpan,817,14,13
jpn_Jpan,817,15,19
jpn_Jpan,817,16,13
jpn_Jpan,817,17,47
jpn_Jpan,817,18,19
jpn_Jpan,817,19,13
jpn_Jpan,817,20,13
jpn_Jpan,817,21,13
jpn_Jpan,817,22,13
jpn_Jpan,817,23,13
jpn_Jpan,817,24,13
jpn_Jpan,817,25,47
jpn_Jpan,817,26,19
jpn_Jpan,817,27,13
jpn_Jpan,817,28,13
jpn_Jpan,817,29,26
jpn_Jpan,817,30,19
jpn_Jpan,817,31,13
jpn_Jpan,817,32,24
jpn_Jpan,817,33,47
jpn_Jpan,817,34,13
jpn_Jpan,817,35,13
jpn_Jpan,817,36,13
jpn_Jpan,817,37,36
jpn_Jpan,817,38,13
jpn_Jpan,817,39,36
jpn_Jpan,817,40,24
jpn_Jpan,817,41,24
jpn_Jpan,817,42,19
jpn_Jpan,817,43,13
jpn_Jpan,817,44,47
jpn_Jpan,817,45,8
jpn_Jpan,817,46,13
jpn_Jpan,817,47,24
jpn_Jpan,817,48,13
jpn_Jpan,817,49,13
jpn_Jpan,817,50,34
jpn_Jpan,818,0,60
jpn_Jpan,818,1,19
jpn_Jpan,818,2,19
jpn_Jpan,818,3,39
jpn_Jpan,818,4,13
jpn_Jpan,818,5,36
jpn_Jpan,818,6,52
jpn_Jpan,818,7,1
jpn_Jpan,818,8,24
jpn_Jpan,818,9,13
jpn_Jpan,818,10,19
jpn_Jpan,818,11,34
jpn_Jpan,818,12,52
jpn_Jpan,818,13,19
jpn_Jpan,818,14,13
jpn_Jpan,818,15,13
jpn_Jpan,818,16,13
jpn_Jpan,818,17,19
jpn_Jpan,818,18,13
jpn_Jpan,818,19,13
jpn_Jpan,818,20,34
jpn_Jpan,819,0,60
jpn_Jpan,819,1,24
jpn_Jpan,819,2,19
jpn_Jpan,819,3,19
jpn_Jpan,819,4,39
jpn_Jpan,819,5,7
jpn_Jpan,819,6,49
jpn_Jpan,819,7,36
jpn_Jpan,819,8,13
jpn_Jpan,819,9,13
jpn_Jpan,819,10,34
jpn_Jpan,819,11,24
jpn_Jpan,819,12,19
jpn_Jpan,819,13,13
jpn_Jpan,819,14,13
jpn_Jpan,819,15,24
jpn_Jpan,819,16,29
jpn_Jpan,819,17,34
jpn_Jpan,819,18,24
jpn_Jpan,819,19,13
jpn_Jpan,819,20,24
jpn_Jpan,819,21,1
jpn_Jpan,819,22,19
jpn_Jpan,819,23,13
jpn_Jpan,819,24,19
jpn_Jpan,819,25,13
jpn_Jpan,819,26,13
jpn_Jpan,819,27,24
jpn_Jpan,819,28,13
jpn_Jpan,819,29,13
jpn_Jpan,819,30,24
jpn_Jpan,819,31,13
jpn_Jpan,819,32,19
jpn_Jpan,819,33,13
jpn_Jpan,819,34,13
jpn_Jpan,819,35,34
jpn_Jpan,820,0,60
jpn_Jpan,820,1,13
jpn_Jpan,820,2,47
jpn_Jpan,820,3,19
jpn_Jpan,820,4,7
jpn_Jpan,820,5,13
jpn_Jpan,820,6,24
jpn_Jpan,820,7,61
jpn_Jpan,820,8,13
jpn_Jpan,820,9,13
jpn_Jpan,820,10,13
jpn_Jpan,820,11,13
jpn_Jpan,820,12,13
jpn_Jpan,820,13,24
jpn_Jpan,820,14,13
jpn_Jpan,820,15,13
jpn_Jpan,820,16,13
jpn_Jpan,820,17,52
jpn_Jpan,820,18,19
jpn_Jpan,820,19,13
jpn_Jpan,820,20,19
jpn_Jpan,820,21,13
jpn_Jpan,820,22,13
jpn_Jpan,820,23,13
jpn_Jpan,820,24,13
jpn_Jpan,820,25,19
jpn_Jpan,820,26,34
jpn_Jpan,821,0,60
jpn_Jpan,821,1,47
jpn_Jpan,821,2,19
jpn_Jpan,821,3,39
jpn_Jpan,821,4,47
jpn_Jpan,821,5,13
jpn_Jpan,821,6,19
jpn_Jpan,821,7,13
jpn_Jpan,821,8,24
jpn_Jpan,821,9,47
jpn_Jpan,821,10,47
jpn_Jpan,821,11,39
jpn_Jpan,821,12,39
jpn_Jpan,821,13,13
jpn_Jpan,821,14,24
jpn_Jpan,821,15,13
jpn_Jpan,821,16,24
jpn_Jpan,821,17,47
jpn_Jpan,821,18,47
jpn_Jpan,821,19,39
jpn_Jpan,821,20,13
jpn_Jpan,821,21,1
jpn_Jpan,821,22,13
jpn_Jpan,821,23,47
jpn_Jpan,821,24,13
jpn_Jpan,821,25,24
jpn_Jpan,821,26,13
jpn_Jpan,821,27,29
jpn_Jpan,821,28,19
jpn_Jpan,821,29,13
jpn_Jpan,821,30,39
jpn_Jpan,821,31,13
jpn_Jpan,821,32,13
jpn_Jpan,821,33,24
jpn_Jpan,821,34,13
jpn_Jpan,821,35,19
jpn_Jpan,821,36,34
jpn_Jpan,821,37,13
jpn_Jpan,821,38,19
jpn_Jpan,821,39,34
jpn_Jpan,822,0,60
jpn_Jpan,822,1,47
jpn_Jpan,822,2,8
jpn_Jpan,822,3,39
jpn_Jpan,822,4,24
jpn_Jpan,822,5,47
jpn_Jpan,822,6,47
jpn_Jpan,822,7,36
jpn_Jpan,822,8,36
jpn_Jpan,822,9,19
jpn_Jpan,822,10,13
jpn_Jpan,822,11,19
jpn_Jpan,822,12,34
jpn_Jpan,822,13,24
jpn_Jpan,822,14,24
jpn_Jpan,822,15,47
jpn_Jpan,822,16,61
jpn_Jpan,823,0,60
jpn_Jpan,823,1,13
jpn_Jpan,823,2,13
jpn_Jpan,823,3,13
jpn_Jpan,823,4,13
jpn_Jpan,823,5,13
jpn_Jpan,823,6,24
jpn_Jpan,823,7,13
jpn_Jpan,823,8,47
jpn_Jpan,823,9,13
jpn_Jpan,823,10,13
jpn_Jpan,823,11,34
jpn_Jpan,823,12,13
jpn_Jpan,823,13,13
jpn_Jpan,823,14,13
jpn_Jpan,823,15,13
jpn_Jpan,823,16,13
jpn_Jpan,823,17,24
jpn_Jpan,823,18,9
jpn_Jpan,823,19,13
jpn_Jpan,823,20,13
jpn_Jpan,823,21,34
jpn_Jpan,823,22,24
jpn_Jpan,823,23,19
jpn_Jpan,823,24,13
jpn_Jpan,823,25,13
jpn_Jpan,823,26,13
jpn_Jpan,823,27,47
jpn_Jpan,823,28,13
jpn_Jpan,823,29,13
jpn_Jpan,823,30,24
jpn_Jpan,823,31,47
jpn_Jpan,823,32,19
jpn_Jpan,823,33,13
jpn_Jpan,823,34,13
jpn_Jpan,824,0,60
jpn_Jpan,824,1,13
jpn_Jpan,824,2,7
jpn_Jpan,824,3,24
jpn_Jpan,824,4,19
jpn_Jpan,824,5,13
jpn_Jpan,824,6,19
jpn_Jpan,824,7,13
jpn_Jpan,824,8,24
jpn_Jpan,824,9,13
jpn_Jpan,824,10,13
jpn_Jpan,824,11,24
jpn_Jpan,824,12,24
jpn_Jpan,824,13,13
jpn_Jpan,824,14,19
jpn_Jpan,824,15,34
jpn_Jpan,824,16,11
jpn_Jpan,824,17,13
jpn_Jpan,824,18,13
jpn_Jpan,824,19,24
jpn_Jpan,824,20,13
jpn_Jpan,824,21,24
jpn_Jpan,824,22,13
jpn_Jpan,824,23,24
jpn_Jpan,824,24,19
jpn_Jpan,824,25,13
jpn_Jpan,824,26,39
jpn_Jpan,824,27,13
jpn_Jpan,824,28,24
jpn_Jpan,824,29,19
jpn_Jpan,824,30,13
jpn_Jpan,824,31,19
jpn_Jpan,824,32,13
jpn_Jpan,824,33,13
jpn_Jpan,824,34,13
jpn_Jpan,824,35,47
jpn_Jpan,824,36,19
jpn_Jpan,824,37,13
jpn_Jpan,824,38,13
jpn_Jpan,824,39,13
jpn_Jpan,824,40,13
jpn_Jpan,824,41,13
jpn_Jpan,824,42,47
jpn_Jpan,824,43,19
jpn_Jpan,824,44,13
jpn_Jpan,825,0,60
jpn_Jpan,825,1,39
jpn_Jpan,825,2,13
jpn_Jpan,825,3,13
jpn_Jpan,825,4,13
jpn_Jpan,825,5,13
jpn_Jpan,825,6,13
jpn_Jpan,825,7,19
jpn_Jpan,825,8,13
jpn_Jpan,825,9,13
jpn_Jpan,825,10,61
jpn_Jpan,825,11,19
jpn_Jpan,825,12,7
jpn_Jpan,825,13,61
jpn_Jpan,825,14,13
jpn_Jpan,825,15,12
jpn_Jpan,825,16,13
jpn_Jpan,825,17,47
jpn_Jpan,825,18,39
jpn_Jpan,825,19,39
jpn_Jpan,825,20,13
jpn_Jpan,825,21,13
jpn_Jpan,825,22,42
jpn_Jpan,825,23,47
jpn_Jpan,825,24,13
jpn_Jpan,825,25,19
jpn_Jpan,825,26,13
jpn_Jpan,825,27,19
jpn_Jpan,825,28,13
jpn_Jpan,825,29,24
jpn_Jpan,825,30,24
jpn_Jpan,825,31,61
jpn_Jpan,825,32,13
jpn_Jpan,825,33,13
jpn_Jpan,825,34,24
jpn_Jpan,825,35,24
jpn_Jpan,825,36,19
jpn_Jpan,825,37,7
jpn_Jpan,825,38,47
jpn_Jpan,825,39,19
jpn_Jpan,825,40,36
jpn_Jpan,825,41,13
jpn_Jpan,825,42,24
jpn_Jpan,825,43,13
jpn_Jpan,825,44,13
jpn_Jpan,825,45,13
jpn_Jpan,825,46,13
jpn_Jpan,825,47,13
jpn_Jpan,826,0,60
jpn_Jpan,826,1,13
jpn_Jpan,826,2,39
jpn_Jpan,826,3,39
jpn_Jpan,826,4,34
jpn_Jpan,826,5,24
jpn_Jpan,826,6,19
jpn_Jpan,826,7,13
jpn_Jpan,826,8,13
jpn_Jpan,826,9,34
jpn_Jpan,826,10,13
jpn_Jpan,826,11,13
jpn_Jpan,826,12,13
jpn_Jpan,826,13,39
jpn_Jpan,826,14,13
jpn_Jpan,826,15,34
jpn_Jpan,827,0,60
jpn_Jpan,827,1,61
jpn_Jpan,827,2,13
jpn_Jpan,827,3,19
jpn_Jpan,827,4,13
jpn_Jpan,827,5,47
jpn_Jpan,827,6,61
jpn_Jpan,827,7,13
jpn_Jpan,827,8,13
jpn_Jpan,827,9,13
jpn_Jpan,827,10,13
jpn_Jpan,827,11,13
jpn_Jpan,827,12,13
jpn_Jpan,827,13,24
jpn_Jpan,827,14,24
jpn_Jpan,827,15,13
jpn_Jpan,827,16,39
jpn_Jpan,827,17,24
jpn_Jpan,827,18,24
jpn_Jpan,827,19,13
jpn_Jpan,827,20,24
jpn_Jpan,827,21,52
jpn_Jpan,827,22,19
jpn_Jpan,827,23,13
jpn_Jpan,827,24,19
jpn_Jpan,827,25,13
jpn_Jpan,827,26,7
jpn_Jpan,827,27,61
jpn_Jpan,827,28,19
jpn_Jpan,827,29,19
jpn_Jpan,827,30,13
jpn_Jpan,827,31,13
jpn_Jpan,827,32,24
jpn_Jpan,827,33,13
jpn_Jpan,827,34,13
jpn_Jpan,827,35,13
jpn_Jpan,827,36,34
jpn_Jpan,828,0,60
jpn_Jpan,828,1,13
jpn_Jpan,828,2,13
jpn_Jpan,828,3,61
jpn_Jpan,828,4,19
jpn_Jpan,828,5,13
jpn_Jpan,828,6,24
jpn_Jpan,828,7,13
jpn_Jpan,828,8,19
jpn_Jpan,828,9,39
jpn_Jpan,828,10,13
jpn_Jpan,828,11,13
jpn_Jpan,828,12,13
jpn_Jpan,828,13,13
jpn_Jpan,828,14,13
jpn_Jpan,828,15,13
jpn_Jpan,828,16,13
jpn_Jpan,828,17,13
jpn_Jpan,828,18,1
jpn_Jpan,828,19,52
jpn_Jpan,828,20,13
jpn_Jpan,828,21,24
jpn_Jpan,828,22,13
jpn_Jpan,828,23,13
jpn_Jpan,829,0,60
jpn_Jpan,829,1,13
jpn_Jpan,829,2,13
jpn_Jpan,829,3,24
jpn_Jpan,829,4,13
jpn_Jpan,829,5,13
jpn_Jpan,829,6,24
jpn_Jpan,829,7,13
jpn_Jpan,829,8,13
jpn_Jpan,829,9,19
jpn_Jpan,829,10,13
jpn_Jpan,829,11,36
jpn_Jpan,829,12,36
jpn_Jpan,829,13,24
jpn_Jpan,829,14,24
jpn_Jpan,829,15,13
jpn_Jpan,829,16,13
jpn_Jpan,829,17,24
jpn_Jpan,829,18,24
jpn_Jpan,829,19,13
jpn_Jpan,829,20,13
jpn_Jpan,829,21,19
jpn_Jpan,829,22,13
jpn_Jpan,829,23,13
jpn_Jpan,829,24,13
jpn_Jpan,829,25,19
jpn_Jpan,829,26,13
jpn_Jpan,829,27,13
jpn_Jpan,829,28,61
jpn_Jpan,829,29,13
jpn_Jpan,829,30,13
jpn_Jpan,829,31,19
jpn_Jpan,829,32,13
jpn_Jpan,829,33,13
jpn_Jpan,829,34,13
jpn_Jpan,829,35,24
jpn_Jpan,829,36,13
jpn_Jpan,829,37,13
jpn_Jpan,829,38,34
jpn_Jpan,830,0,60
jpn_Jpan,830,1,19
jpn_Jpan,830,2,13
jpn_Jpan,830,3,13
jpn_Jpan,830,4,13
jpn_Jpan,830,5,13
jpn_Jpan,830,6,36
jpn_Jpan,830,7,13
jpn_Jpan,830,8,13
jpn_Jpan,830,9,39
jpn_Jpan,830,10,36
jpn_Jpan,830,11,24
jpn_Jpan,830,12,39
jpn_Jpan,830,13,13
jpn_Jpan,830,14,13
jpn_Jpan,830,15,24
jpn_Jpan,830,16,24
jpn_Jpan,830,17,13
jpn_Jpan,830,18,13
jpn_Jpan,830,19,39
jpn_Jpan,830,20,13
jpn_Jpan,830,21,13
jpn_Jpan,830,22,13
jpn_Jpan,830,23,47
jpn_Jpan,830,24,47
jpn_Jpan,830,25,13
jpn_Jpan,830,26,13
jpn_Jpan,830,27,13
jpn_Jpan,830,28,13
jpn_Jpan,830,29,13
jpn_Jpan,831,0,60
jpn_Jpan,831,1,13
jpn_Jpan,831,2,47
jpn_Jpan,831,3,13
jpn_Jpan,831,4,13
jpn_Jpan,831,5,13
jpn_Jpan,831,6,13
jpn_Jpan,831,7,34
jpn_Jpan,831,8,13
jpn_Jpan,831,9,24
jpn_Jpan,831,10,52
jpn_Jpan,831,11,1
jpn_Jpan,831,12,52
jpn_Jpan,831,13,13
jpn_Jpan,831,14,24
jpn_Jpan,831,15,61
jpn_Jpan,831,16,13
jpn_Jpan,831,17,24
jpn_Jpan,831,18,52
jpn_Jpan,831,19,1
jpn_Jpan,831,20,13
jpn_Jpan,831,21,47
jpn_Jpan,831,22,13
jpn_Jpan,832,0,60
jpn_Jpan,832,1,13
jpn_Jpan,832,2,13
jpn_Jpan,832,3,19
jpn_Jpan,832,4,24
jpn_Jpan,832,5,24
jpn_Jpan,832,6,52
jpn_Jpan,832,7,13
jpn_Jpan,832,8,24
jpn_Jpan,832,9,13
jpn_Jpan,832,10,13
jpn_Jpan,832,11,13
jpn_Jpan,832,12,24
jpn_Jpan,832,13,13
jpn_Jpan,832,14,61
jpn_Jpan,832,15,34
jpn_Jpan,832,16,13
jpn_Jpan,832,17,34
jpn_Jpan,832,18,13
jpn_Jpan,832,19,13
jpn_Jpan,832,20,13
jpn_Jpan,832,21,19
jpn_Jpan,832,22,13
jpn_Jpan,832,23,13
jpn_Jpan,832,24,9
jpn_Jpan,832,25,12
jpn_Jpan,832,26,13
jpn_Jpan,832,27,13
jpn_Jpan,832,28,24
jpn_Jpan,832,29,19
jpn_Jpan,832,30,13
jpn_Jpan,832,31,13
jpn_Jpan,832,32,47
jpn_Jpan,832,33,13
jpn_Jpan,832,34,13
jpn_Jpan,832,35,24
jpn_Jpan,832,36,51
jpn_Jpan,833,0,60
jpn_Jpan,833,1,13
jpn_Jpan,833,2,19
jpn_Jpan,833,3,36
jpn_Jpan,833,4,34
jpn_Jpan,833,5,13
jpn_Jpan,833,6,19
jpn_Jpan,833,7,13
jpn_Jpan,833,8,13
jpn_Jpan,833,9,24
jpn_Jpan,833,10,13
jpn_Jpan,833,11,13
jpn_Jpan,833,12,13
jpn_Jpan,833,13,24
jpn_Jpan,833,14,47
jpn_Jpan,833,15,13
jpn_Jpan,833,16,13
jpn_Jpan,833,17,13
jpn_Jpan,833,18,13
jpn_Jpan,833,19,19
jpn_Jpan,833,20,13
jpn_Jpan,833,21,24
jpn_Jpan,833,22,13
jpn_Jpan,833,23,24
jpn_Jpan,833,24,52
jpn_Jpan,833,25,19
jpn_Jpan,833,26,13
jpn_Jpan,833,27,13
jpn_Jpan,833,28,13
jpn_Jpan,833,29,13
jpn_Jpan,833,30,13
jpn_Jpan,833,31,47
jpn_Jpan,833,32,13
jpn_Jpan,833,33,13
jpn_Jpan,833,34,34
jpn_Jpan,834,0,60
jpn_Jpan,834,1,40
jpn_Jpan,834,2,40
jpn_Jpan,834,3,49
jpn_Jpan,834,4,49
jpn_Jpan,834,5,12
jpn_Jpan,834,6,58
jpn_Jpan,834,7,12
jpn_Jpan,834,8,19
jpn_Jpan,834,9,47
jpn_Jpan,834,10,47
jpn_Jpan,834,11,57
jpn_Jpan,834,12,24
jpn_Jpan,835,0,60
jpn_Jpan,835,1,52
jpn_Jpan,835,2,24
jpn_Jpan,835,3,13
jpn_Jpan,835,4,13
jpn_Jpan,835,5,13
jpn_Jpan,835,6,19
jpn_Jpan,835,7,13
jpn_Jpan,835,8,24
jpn_Jpan,835,9,13
jpn_Jpan,835,10,13
jpn_Jpan,835,11,19
jpn_Jpan,835,12,34
jpn_Jpan,835,13,13
jpn_Jpan,835,14,52
jpn_Jpan,835,15,52
jpn_Jpan,835,16,13
jpn_Jpan,835,17,36
jpn_Jpan,835,18,24
jpn_Jpan,835,19,52
jpn_Jpan,835,20,13
jpn_Jpan,835,21,61
jpn_Jpan,835,22,13
jpn_Jpan,835,23,37
jpn_Jpan,835,24,13
jpn_Jpan,835,25,13
jpn_Jpan,835,26,24
jpn_Jpan,835,27,13
jpn_Jpan,835,28,13
jpn_Jpan,835,29,24
jpn_Jpan,835,30,1
jpn_Jpan,835,31,13
jpn_Jpan,835,32,1
jpn_Jpan,835,33,13
jpn_Jpan,835,34,13
jpn_Jpan,835,35,13
jpn_Jpan,835,36,19
jpn_Jpan,835,37,13
jpn_Jpan,835,38,47
jpn_Jpan,835,39,13
jpn_Jpan,836,0,60
jpn_Jpan,836,1,13
jpn_Jpan,836,2,47
jpn_Jpan,836,3,13
jpn_Jpan,836,4,19
jpn_Jpan,836,5,13
jpn_Jpan,836,6,13
jpn_Jpan,836,7,24
jpn_Jpan,836,8,19
jpn_Jpan,836,9,13
jpn_Jpan,836,10,13
jpn_Jpan,836,11,13
jpn_Jpan,836,12,13
jpn_Jpan,836,13,7
jpn_Jpan,836,14,24
jpn_Jpan,836,15,13
jpn_Jpan,836,16,13
jpn_Jpan,836,17,19
jpn_Jpan,836,18,39
jpn_Jpan,836,19,19
jpn_Jpan,836,20,13
jpn_Jpan,836,21,13
jpn_Jpan,836,22,9
jpn_Jpan,836,23,24
jpn_Jpan,836,24,13
jpn_Jpan,836,25,13
jpn_Jpan,836,26,19
jpn_Jpan,836,27,13
jpn_Jpan,836,28,19
jpn_Jpan,836,29,13
jpn_Jpan,836,30,13
jpn_Jpan,836,31,24
jpn_Jpan,836,32,19
jpn_Jpan,836,33,13
jpn_Jpan,836,34,19
jpn_Jpan,836,35,13
jpn_Jpan,836,36,34
jpn_Jpan,836,37,19
jpn_Jpan,836,38,13
jpn_Jpan,836,39,47
jpn_Jpan,836,40,19
jpn_Jpan,836,41,13
jpn_Jpan,836,42,13
jpn_Jpan,836,43,13
jpn_Jpan,836,44,34
jpn_Jpan,836,45,9
jpn_Jpan,836,46,42
jpn_Jpan,837,0,60
jpn_Jpan,837,1,13
jpn_Jpan,837,2,13
jpn_Jpan,837,3,13
jpn_Jpan,837,4,24
jpn_Jpan,837,5,13
jpn_Jpan,837,6,13
jpn_Jpan,837,7,36
jpn_Jpan,837,8,13
jpn_Jpan,837,9,36
jpn_Jpan,837,10,47
jpn_Jpan,837,11,19
jpn_Jpan,837,12,47
jpn_Jpan,837,13,19
jpn_Jpan,837,14,39
jpn_Jpan,837,15,39
jpn_Jpan,837,16,13
jpn_Jpan,837,17,1
jpn_Jpan,837,18,7
jpn_Jpan,837,19,36
jpn_Jpan,837,20,13
jpn_Jpan,837,21,24
jpn_Jpan,838,0,60
jpn_Jpan,838,1,13
jpn_Jpan,838,2,13
jpn_Jpan,838,3,24
jpn_Jpan,838,4,52
jpn_Jpan,838,5,52
jpn_Jpan,838,6,52
jpn_Jpan,838,7,52
jpn_Jpan,838,8,19
jpn_Jpan,838,9,34
jpn_Jpan,838,10,24
jpn_Jpan,838,11,19
jpn_Jpan,838,12,13
jpn_Jpan,838,13,13
jpn_Jpan,838,14,24
jpn_Jpan,838,15,19
jpn_Jpan,838,16,13
jpn_Jpan,838,17,34
jpn_Jpan,839,0,60
jpn_Jpan,839,1,36
jpn_Jpan,839,2,9
jpn_Jpan,839,3,9
jpn_Jpan,839,4,11
jpn_Jpan,839,5,24
jpn_Jpan,839,6,19
jpn_Jpan,839,7,13
jpn_Jpan,839,8,26
jpn_Jpan,839,9,47
jpn_Jpan,839,10,13
jpn_Jpan,839,11,19
jpn_Jpan,839,12,13
jpn_Jpan,839,13,47
jpn_Jpan,839,14,19
jpn_Jpan,839,15,39
jpn_Jpan,839,16,47
jpn_Jpan,839,17,13
jpn_Jpan,839,18,24
jpn_Jpan,839,19,47
jpn_Jpan,839,20,52
jpn_Jpan,839,21,52
jpn_Jpan,839,22,52
jpn_Jpan,839,23,19
jpn_Jpan,839,24,36
jpn_Jpan,839,25,19
jpn_Jpan,839,26,36
jpn_Jpan,839,27,19
jpn_Jpan,839,28,13
jpn_Jpan,839,29,13
jpn_Jpan,839,30,13
jpn_Jpan,839,31,13
jpn_Jpan,839,32,13
jpn_Jpan,839,33,12
jpn_Jpan,839,34,40
jpn_Jpan,839,35,40
jpn_Jpan,839,36,24
jpn_Jpan,839,37,24
jpn_Jpan,839,38,61
jpn_Jpan,839,39,40
jpn_Jpan,839,40,13
jpn_Jpan,839,41,47
jpn_Jpan,839,42,13
jpn_Jpan,839,43,24
jpn_Jpan,839,44,61
jpn_Jpan,839,45,13
jpn_Jpan,839,46,13
jpn_Jpan,839,47,19
jpn_Jpan,839,48,13
jpn_Jpan,839,49,34
jpn_Jpan,840,0,60
jpn_Jpan,840,1,13
jpn_Jpan,840,2,36
jpn_Jpan,840,3,24
jpn_Jpan,840,4,13
jpn_Jpan,840,5,13
jpn_Jpan,840,6,13
jpn_Jpan,840,7,13
jpn_Jpan,840,8,19
jpn_Jpan,840,9,13
jpn_Jpan,840,10,24
jpn_Jpan,840,11,13
jpn_Jpan,840,12,13
jpn_Jpan,840,13,24
jpn_Jpan,840,14,61
jpn_Jpan,840,15,13
jpn_Jpan,840,16,13
jpn_Jpan,840,17,13
jpn_Jpan,840,18,13
jpn_Jpan,840,19,13
jpn_Jpan,840,20,13
jpn_Jpan,840,21,61
jpn_Jpan,840,22,13
jpn_Jpan,840,23,34
jpn_Jpan,841,0,60
jpn_Jpan,841,1,47
jpn_Jpan,841,2,13
jpn_Jpan,841,3,13
jpn_Jpan,841,4,34
jpn_Jpan,841,5,11
jpn_Jpan,841,6,9
jpn_Jpan,841,7,9
jpn_Jpan,841,8,9
jpn_Jpan,841,9,11
jpn_Jpan,841,10,24
jpn_Jpan,841,11,1
jpn_Jpan,841,12,40
jpn_Jpan,841,13,24
jpn_Jpan,841,14,7
jpn_Jpan,841,15,24
jpn_Jpan,841,16,13
jpn_Jpan,841,17,13
jpn_Jpan,841,18,39
jpn_Jpan,841,19,13
jpn_Jpan,841,20,47
jpn_Jpan,841,21,47
jpn_Jpan,841,22,47
jpn_Jpan,841,23,24
jpn_Jpan,841,24,24
jpn_Jpan,841,25,52
jpn_Jpan,841,26,52
jpn_Jpan,841,27,37
jpn_Jpan,841,28,13
jpn_Jpan,841,29,13
jpn_Jpan,841,30,19
jpn_Jpan,841,31,13
jpn_Jpan,841,32,19
jpn_Jpan,841,33,13
jpn_Jpan,842,0,60
jpn_Jpan,842,1,36
jpn_Jpan,842,2,24
jpn_Jpan,842,3,13
jpn_Jpan,842,4,34
jpn_Jpan,842,5,24
jpn_Jpan,842,6,52
jpn_Jpan,842,7,34
jpn_Jpan,842,8,13
jpn_Jpan,842,9,24
jpn_Jpan,842,10,19
jpn_Jpan,842,11,13
jpn_Jpan,842,12,36
jpn_Jpan,842,13,52
jpn_Jpan,842,14,52
jpn_Jpan,842,15,52
jpn_Jpan,842,16,52
jpn_Jpan,842,17,47
jpn_Jpan,842,18,13
jpn_Jpan,842,19,19
jpn_Jpan,842,20,13
jpn_Jpan,842,21,24
jpn_Jpan,842,22,19
jpn_Jpan,842,23,13
jpn_Jpan,842,24,19
jpn_Jpan,842,25,47
jpn_Jpan,842,26,34
jpn_Jpan,842,27,13
jpn_Jpan,842,28,13
jpn_Jpan,842,29,36
jpn_Jpan,842,30,24
jpn_Jpan,842,31,19
jpn_Jpan,842,32,13
jpn_Jpan,842,33,24
jpn_Jpan,842,34,24
jpn_Jpan,842,35,52
jpn_Jpan,842,36,13
jpn_Jpan,843,0,60
jpn_Jpan,843,1,13
jpn_Jpan,843,2,24
jpn_Jpan,843,3,39
jpn_Jpan,843,4,7
jpn_Jpan,843,5,24
jpn_Jpan,843,6,13
jpn_Jpan,843,7,19
jpn_Jpan,843,8,34
jpn_Jpan,843,9,13
jpn_Jpan,843,10,34
jpn_Jpan,843,11,24
jpn_Jpan,843,12,24
jpn_Jpan,843,13,36
jpn_Jpan,843,14,13
jpn_Jpan,843,15,47
jpn_Jpan,843,16,13
jpn_Jpan,843,17,13
jpn_Jpan,843,18,34
jpn_Jpan,843,19,34
jpn_Jpan,844,0,60
jpn_Jpan,844,1,1
jpn_Jpan,844,2,13
jpn_Jpan,844,3,19
jpn_Jpan,844,4,24
jpn_Jpan,844,5,24
jpn_Jpan,844,6,52
jpn_Jpan,844,7,52
jpn_Jpan,844,8,52
jpn_Jpan,844,9,52
jpn_Jpan,844,10,47
jpn_Jpan,844,11,13
jpn_Jpan,844,12,24
jpn_Jpan,844,13,19
jpn_Jpan,844,14,13
jpn_Jpan,844,15,19
jpn_Jpan,844,16,13
jpn_Jpan,844,17,13
jpn_Jpan,844,18,19
jpn_Jpan,844,19,13
jpn_Jpan,844,20,13
jpn_Jpan,844,21,24
jpn_Jpan,844,22,13
jpn_Jpan,844,23,13
jpn_Jpan,844,24,24
jpn_Jpan,844,25,13
jpn_Jpan,844,26,47
jpn_Jpan,844,27,34
jpn_Jpan,844,28,13
jpn_Jpan,844,29,13
jpn_Jpan,844,30,34
jpn_Jpan,844,31,13
jpn_Jpan,844,32,19
jpn_Jpan,844,33,13
jpn_Jpan,844,34,13
jpn_Jpan,844,35,13
jpn_Jpan,844,36,13
jpn_Jpan,844,37,34
jpn_Jpan,845,0,60
jpn_Jpan,845,1,13
jpn_Jpan,845,2,24
jpn_Jpan,845,3,61
jpn_Jpan,845,4,61
jpn_Jpan,845,5,39
jpn_Jpan,845,6,13
jpn_Jpan,845,7,47
jpn_Jpan,845,8,19
jpn_Jpan,845,9,39
jpn_Jpan,845,10,13
jpn_Jpan,845,11,24
jpn_Jpan,845,12,13
jpn_Jpan,845,13,13
jpn_Jpan,845,14,24
jpn_Jpan,845,15,13
jpn_Jpan,845,16,19
jpn_Jpan,845,17,39
jpn_Jpan,845,18,13
jpn_Jpan,845,19,13
jpn_Jpan,845,20,39
jpn_Jpan,845,21,13
jpn_Jpan,845,22,13
jpn_Jpan,845,23,19
jpn_Jpan,845,24,13
jpn_Jpan,845,25,47
jpn_Jpan,845,26,13
jpn_Jpan,845,27,13
jpn_Jpan,845,28,13
jpn_Jpan,845,29,24
jpn_Jpan,845,30,13
jpn_Jpan,845,31,13
jpn_Jpan,845,32,13
jpn_Jpan,845,33,34
jpn_Jpan,846,0,60
jpn_Jpan,846,1,11
jpn_Jpan,846,2,40
jpn_Jpan,846,3,9
jpn_Jpan,846,4,52
jpn_Jpan,846,5,13
jpn_Jpan,846,6,13
jpn_Jpan,846,7,24
jpn_Jpan,846,8,13
jpn_Jpan,846,9,13
jpn_Jpan,846,10,61
jpn_Jpan,846,11,61
jpn_Jpan,846,12,13
jpn_Jpan,846,13,13
jpn_Jpan,846,14,24
jpn_Jpan,846,15,24
jpn_Jpan,846,16,24
jpn_Jpan,846,17,13
jpn_Jpan,846,18,34
jpn_Jpan,846,19,24
jpn_Jpan,846,20,11
jpn_Jpan,846,21,24
jpn_Jpan,846,22,19
jpn_Jpan,846,23,13
jpn_Jpan,846,24,19
jpn_Jpan,846,25,36
jpn_Jpan,846,26,19
jpn_Jpan,846,27,13
jpn_Jpan,846,28,24
jpn_Jpan,846,29,47
jpn_Jpan,846,30,19
jpn_Jpan,846,31,13
jpn_Jpan,846,32,19
jpn_Jpan,846,33,13
jpn_Jpan,847,0,60
jpn_Jpan,847,1,19
jpn_Jpan,847,2,24
jpn_Jpan,847,3,24
jpn_Jpan,847,4,52
jpn_Jpan,847,5,24
jpn_Jpan,847,6,24
jpn_Jpan,847,7,13
jpn_Jpan,847,8,24
jpn_Jpan,847,9,13
jpn_Jpan,847,10,13
jpn_Jpan,847,11,13
jpn_Jpan,847,12,24
jpn_Jpan,847,13,13
jpn_Jpan,847,14,13
jpn_Jpan,847,15,19
jpn_Jpan,847,16,13
jpn_Jpan,847,17,13
jpn_Jpan,847,18,13
jpn_Jpan,847,19,47
jpn_Jpan,847,20,13
jpn_Jpan,847,21,24
jpn_Jpan,847,22,47
jpn_Jpan,847,23,19
jpn_Jpan,847,24,13
jpn_Jpan,847,25,19
jpn_Jpan,847,26,13
jpn_Jpan,847,27,24
jpn_Jpan,847,28,47
jpn_Jpan,847,29,13
jpn_Jpan,847,30,13
jpn_Jpan,847,31,13
jpn_Jpan,847,32,47
jpn_Jpan,847,33,13
jpn_Jpan,847,34,13
jpn_Jpan,847,35,13
jpn_Jpan,847,36,24
jpn_Jpan,847,37,13
jpn_Jpan,847,38,24
jpn_Jpan,847,39,13
jpn_Jpan,847,40,34
jpn_Jpan,847,41,24
jpn_Jpan,847,42,19
jpn_Jpan,847,43,19
jpn_Jpan,847,44,13
jpn_Jpan,847,45,61
jpn_Jpan,847,46,13
jpn_Jpan,847,47,13
jpn_Jpan,847,48,34
jpn_Jpan,848,0,60
jpn_Jpan,848,1,13
jpn_Jpan,848,2,47
jpn_Jpan,848,3,13
jpn_Jpan,848,4,24
jpn_Jpan,848,5,61
jpn_Jpan,848,6,13
jpn_Jpan,848,7,19
jpn_Jpan,848,8,36
jpn_Jpan,848,9,13
jpn_Jpan,848,10,13
jpn_Jpan,848,11,34
jpn_Jpan,848,12,13
jpn_Jpan,848,13,24
jpn_Jpan,848,14,13
jpn_Jpan,848,15,13
jpn_Jpan,848,16,24
jpn_Jpan,848,17,24
jpn_Jpan,848,18,13
jpn_Jpan,848,19,47
jpn_Jpan,848,20,13
jpn_Jpan,848,21,24
jpn_Jpan,848,22,13
jpn_Jpan,848,23,13
jpn_Jpan,848,24,24
jpn_Jpan,848,25,61
jpn_Jpan,848,26,13
jpn_Jpan,848,27,13
jpn_Jpan,848,28,47
jpn_Jpan,848,29,47
jpn_Jpan,848,30,13
jpn_Jpan,848,31,19
jpn_Jpan,848,32,36
jpn_Jpan,848,33,13
jpn_Jpan,848,34,61
jpn_Jpan,848,35,13
jpn_Jpan,848,36,19
jpn_Jpan,848,37,36
jpn_Jpan,848,38,13
jpn_Jpan,848,39,13
jpn_Jpan,848,40,34
jpn_Jpan,848,41,13
jpn_Jpan,848,42,13
jpn_Jpan,848,43,24
jpn_Jpan,848,44,13
jpn_Jpan,848,45,34
jpn_Jpan,848,46,13
jpn_Jpan,848,47,13
jpn_Jpan,848,48,13
jpn_Jpan,848,49,34
jpn_Jpan,848,50,34
jpn_Jpan,849,0,60
jpn_Jpan,849,1,13
jpn_Jpan,849,2,13
jpn_Jpan,849,3,13
jpn_Jpan,849,4,12
jpn_Jpan,849,5,36
jpn_Jpan,849,6,36
jpn_Jpan,849,7,13
jpn_Jpan,849,8,36
jpn_Jpan,849,9,13
jpn_Jpan,849,10,13
jpn_Jpan,849,11,47
jpn_Jpan,849,12,13
jpn_Jpan,849,13,13
jpn_Jpan,849,14,47
jpn_Jpan,849,15,13
jpn_Jpan,849,16,24
jpn_Jpan,849,17,47
jpn_Jpan,849,18,13
jpn_Jpan,849,19,13
jpn_Jpan,849,20,11
jpn_Jpan,850,0,60
jpn_Jpan,850,1,13
jpn_Jpan,850,2,24
jpn_Jpan,850,3,13
jpn_Jpan,850,4,13
jpn_Jpan,850,5,36
jpn_Jpan,850,6,19
jpn_Jpan,850,7,13
jpn_Jpan,850,8,19
jpn_Jpan,850,9,36
jpn_Jpan,850,10,13
jpn_Jpan,850,11,47
jpn_Jpan,850,12,19
jpn_Jpan,850,13,13
jpn_Jpan,850,14,24
jpn_Jpan,850,15,13
jpn_Jpan,850,16,13
jpn_Jpan,850,17,13
jpn_Jpan,850,18,13
jpn_Jpan,850,19,24
jpn_Jpan,850,20,13
jpn_Jpan,850,21,13
jpn_Jpan,850,22,24
jpn_Jpan,850,23,61
jpn_Jpan,850,24,13
jpn_Jpan,850,25,13
jpn_Jpan,850,26,24
jpn_Jpan,850,27,13
jpn_Jpan,850,28,34
jpn_Jpan,850,29,24
jpn_Jpan,850,30,34
jpn_Jpan,850,31,34
jpn_Jpan,851,0,60
jpn_Jpan,851,1,1
jpn_Jpan,851,2,36
jpn_Jpan,851,3,24
jpn_Jpan,851,4,13
jpn_Jpan,851,5,24
jpn_Jpan,851,6,24
jpn_Jpan,851,7,19
jpn_Jpan,851,8,13
jpn_Jpan,851,9,19
jpn_Jpan,851,10,13
jpn_Jpan,851,11,13
jpn_Jpan,851,12,24
jpn_Jpan,851,13,24
jpn_Jpan,851,14,19
jpn_Jpan,851,15,13
jpn_Jpan,851,16,19
jpn_Jpan,851,17,8
jpn_Jpan,851,18,61
jpn_Jpan,851,19,29
jpn_Jpan,851,20,19
jpn_Jpan,851,21,13
jpn_Jpan,851,22,13
jpn_Jpan,851,23,13
jpn_Jpan,851,24,13
jpn_Jpan,851,25,13
jpn_Jpan,851,26,13
jpn_Jpan,851,27,13
jpn_Jpan,851,28,47
jpn_Jpan,851,29,13
jpn_Jpan,851,30,34
jpn_Jpan,851,31,13
jpn_Jpan,851,32,19
jpn_Jpan,851,33,13
jpn_Jpan,851,34,24
jpn_Jpan,852,0,60
jpn_Jpan,852,1,13
jpn_Jpan,852,2,13
jpn_Jpan,852,3,47
jpn_Jpan,852,4,13
jpn_Jpan,852,5,19
jpn_Jpan,852,6,47
jpn_Jpan,852,7,13
jpn_Jpan,852,8,47
jpn_Jpan,852,9,13
jpn_Jpan,852,10,24
jpn_Jpan,852,11,61
jpn_Jpan,852,12,13
jpn_Jpan,852,13,13
jpn_Jpan,852,14,13
jpn_Jpan,852,15,36
jpn_Jpan,852,16,13
jpn_Jpan,852,17,24
jpn_Jpan,852,18,13
jpn_Jpan,852,19,9
jpn_Jpan,852,20,9
jpn_Jpan,852,21,11
jpn_Jpan,852,22,13
jpn_Jpan,852,23,13
jpn_Jpan,852,24,13
jpn_Jpan,852,25,19
jpn_Jpan,852,26,13
jpn_Jpan,852,27,24
jpn_Jpan,852,28,13
jpn_Jpan,852,29,19
jpn_Jpan,852,30,24
jpn_Jpan,852,31,19
jpn_Jpan,852,32,47
jpn_Jpan,852,33,13
jpn_Jpan,852,34,13
jpn_Jpan,852,35,13
jpn_Jpan,852,36,13
jpn_Jpan,852,37,13
jpn_Jpan,853,0,60
jpn_Jpan,853,1,19
jpn_Jpan,853,2,13
jpn_Jpan,853,3,19
jpn_Jpan,853,4,7
jpn_Jpan,853,5,13
jpn_Jpan,853,6,24
jpn_Jpan,853,7,13
jpn_Jpan,853,8,13
jpn_Jpan,853,9,24
jpn_Jpan,853,10,61
jpn_Jpan,853,11,13
jpn_Jpan,853,12,13
jpn_Jpan,853,13,13
jpn_Jpan,853,14,34
jpn_Jpan,853,15,13
jpn_Jpan,853,16,19
jpn_Jpan,853,17,13
jpn_Jpan,853,18,9
jpn_Jpan,853,19,13
jpn_Jpan,853,20,19
jpn_Jpan,853,21,13
jpn_Jpan,853,22,24
jpn_Jpan,853,23,13
jpn_Jpan,853,24,24
jpn_Jpan,853,25,24
jpn_Jpan,853,26,13
jpn_Jpan,853,27,13
jpn_Jpan,853,28,13
jpn_Jpan,853,29,24
jpn_Jpan,853,30,13
jpn_Jpan,853,31,13
jpn_Jpan,853,32,24
jpn_Jpan,853,33,13
jpn_Jpan,853,34,19
jpn_Jpan,853,35,13
jpn_Jpan,853,36,47
jpn_Jpan,853,37,13
jpn_Jpan,853,38,13
jpn_Jpan,853,39,24
jpn_Jpan,853,40,13
jpn_Jpan,853,41,13
jpn_Jpan,853,42,24
jpn_Jpan,853,43,13
jpn_Jpan,853,44,13
jpn_Jpan,853,45,13
jpn_Jpan,853,46,13
jpn_Jpan,853,47,13
jpn_Jpan,853,48,47
jpn_Jpan,853,49,13
jpn_Jpan,854,0,60
jpn_Jpan,854,1,13
jpn_Jpan,854,2,24
jpn_Jpan,854,3,13
jpn_Jpan,854,4,24
jpn_Jpan,854,5,13
jpn_Jpan,854,6,13
jpn_Jpan,854,7,13
jpn_Jpan,854,8,13
jpn_Jpan,854,9,13
jpn_Jpan,854,10,34
jpn_Jpan,854,11,24
jpn_Jpan,854,12,24
jpn_Jpan,854,13,19
jpn_Jpan,854,14,13
jpn_Jpan,854,15,13
jpn_Jpan,854,16,13
jpn_Jpan,854,17,13
jpn_Jpan,854,18,13
jpn_Jpan,854,19,24
jpn_Jpan,854,20,13
jpn_Jpan,854,21,24
jpn_Jpan,854,22,13
jpn_Jpan,854,23,13
jpn_Jpan,854,24,19
jpn_Jpan,854,25,13
jpn_Jpan,854,26,13
jpn_Jpan,854,27,51
jpn_Jpan,854,28,13
jpn_Jpan,854,29,51
jpn_Jpan,855,0,60
jpn_Jpan,855,1,13
jpn_Jpan,855,2,13
jpn_Jpan,855,3,7
jpn_Jpan,855,4,1
jpn_Jpan,855,5,1
jpn_Jpan,855,6,52
jpn_Jpan,855,7,13
jpn_Jpan,855,8,7
jpn_Jpan,855,9,13
jpn_Jpan,855,10,12
jpn_Jpan,855,11,11
jpn_Jpan,855,12,52
jpn_Jpan,856,0,60
jpn_Jpan,856,1,13
jpn_Jpan,856,2,24
jpn_Jpan,856,3,52
jpn_Jpan,856,4,36
jpn_Jpan,856,5,24
jpn_Jpan,856,6,13
jpn_Jpan,856,7,24
jpn_Jpan,856,8,47
jpn_Jpan,856,9,13
jpn_Jpan,856,10,13
jpn_Jpan,856,11,13
jpn_Jpan,856,12,13
jpn_Jpan,856,13,34
jpn_Jpan,856,14,52
jpn_Jpan,857,0,60
jpn_Jpan,857,1,13
jpn_Jpan,857,2,19
jpn_Jpan,857,3,13
jpn_Jpan,857,4,13
jpn_Jpan,857,5,13
jpn_Jpan,857,6,13
jpn_Jpan,857,7,24
jpn_Jpan,857,8,13
jpn_Jpan,857,9,13
jpn_Jpan,857,10,13
jpn_Jpan,857,11,13
jpn_Jpan,857,12,13
jpn_Jpan,857,13,13
jpn_Jpan,857,14,34
jpn_Jpan,857,15,24
jpn_Jpan,857,16,47
jpn_Jpan,857,17,13
jpn_Jpan,857,18,19
jpn_Jpan,857,19,13
jpn_Jpan,857,20,24
jpn_Jpan,857,21,19
jpn_Jpan,857,22,13
jpn_Jpan,857,23,13
jpn_Jpan,857,24,61
jpn_Jpan,857,25,13
jpn_Jpan,857,26,19
jpn_Jpan,857,27,13
jpn_Jpan,857,28,13
jpn_Jpan,857,29,13
jpn_Jpan,857,30,24
jpn_Jpan,857,31,13
jpn_Jpan,857,32,26
jpn_Jpan,857,33,13
jpn_Jpan,857,34,13
jpn_Jpan,857,35,61
jpn_Jpan,857,36,47
jpn_Jpan,857,37,61
jpn_Jpan,857,38,13
jpn_Jpan,857,39,13
jpn_Jpan,857,40,61
jpn_Jpan,857,41,47
jpn_Jpan,857,42,19
jpn_Jpan,857,43,13
jpn_Jpan,857,44,13
jpn_Jpan,857,45,13
jpn_Jpan,858,0,60
jpn_Jpan,858,1,36
jpn_Jpan,858,2,24
jpn_Jpan,858,3,24
jpn_Jpan,858,4,13
jpn_Jpan,858,5,13
jpn_Jpan,858,6,47
jpn_Jpan,858,7,13
jpn_Jpan,858,8,13
jpn_Jpan,858,9,19
jpn_Jpan,858,10,19
jpn_Jpan,858,11,47
jpn_Jpan,858,12,13
jpn_Jpan,858,13,13
jpn_Jpan,858,14,19
jpn_Jpan,858,15,13
jpn_Jpan,858,16,13
jpn_Jpan,858,17,39
jpn_Jpan,858,18,13
jpn_Jpan,858,19,13
jpn_Jpan,858,20,61
jpn_Jpan,858,21,39
jpn_Jpan,858,22,24
jpn_Jpan,858,23,13
jpn_Jpan,858,24,13
jpn_Jpan,858,25,24
jpn_Jpan,858,26,47
jpn_Jpan,858,27,13
jpn_Jpan,858,28,13
jpn_Jpan,858,29,13
jpn_Jpan,858,30,19
jpn_Jpan,858,31,13
jpn_Jpan,858,32,36
jpn_Jpan,858,33,13
jpn_Jpan,858,34,34
jpn_Jpan,859,0,60
jpn_Jpan,859,1,19
jpn_Jpan,859,2,13
jpn_Jpan,859,3,39
jpn_Jpan,859,4,13
jpn_Jpan,859,5,24
jpn_Jpan,859,6,13
jpn_Jpan,859,7,19
jpn_Jpan,859,8,13
jpn_Jpan,859,9,24
jpn_Jpan,859,10,19
jpn_Jpan,859,11,13
jpn_Jpan,859,12,24
jpn_Jpan,859,13,13
jpn_Jpan,859,14,61
jpn_Jpan,859,15,39
jpn_Jpan,859,16,24
jpn_Jpan,859,17,13
jpn_Jpan,859,18,13
jpn_Jpan,859,19,13
jpn_Jpan,859,20,36
jpn_Jpan,859,21,1
jpn_Jpan,859,22,7
jpn_Jpan,859,23,13
jpn_Jpan,859,24,24
jpn_Jpan,859,25,13
jpn_Jpan,859,26,36
jpn_Jpan,859,27,24
jpn_Jpan,859,28,13
jpn_Jpan,859,29,13
jpn_Jpan,859,30,13
jpn_Jpan,859,31,39
jpn_Jpan,859,32,39
jpn_Jpan,859,33,39
jpn_Jpan,859,34,39
jpn_Jpan,859,35,13
jpn_Jpan,859,36,61
jpn_Jpan,859,37,13
jpn_Jpan,859,38,13
jpn_Jpan,859,39,24
jpn_Jpan,859,40,52
jpn_Jpan,859,41,13
jpn_Jpan,859,42,24
jpn_Jpan,859,43,52
jpn_Jpan,859,44,13
jpn_Jpan,859,45,19
jpn_Jpan,859,46,13
jpn_Jpan,859,47,13
jpn_Jpan,860,0,60
jpn_Jpan,860,1,36
jpn_Jpan,860,2,13
jpn_Jpan,860,3,19
jpn_Jpan,860,4,36
jpn_Jpan,860,5,36
jpn_Jpan,860,6,13
jpn_Jpan,860,7,61
jpn_Jpan,860,8,13
jpn_Jpan,860,9,13
jpn_Jpan,860,10,39
jpn_Jpan,860,11,39
jpn_Jpan,860,12,36
jpn_Jpan,860,13,1
jpn_Jpan,860,14,13
jpn_Jpan,860,15,1
jpn_Jpan,860,16,47
jpn_Jpan,860,17,13
jpn_Jpan,860,18,13
jpn_Jpan,860,19,13
jpn_Jpan,860,20,19
jpn_Jpan,860,21,34
jpn_Jpan,860,22,19
jpn_Jpan,860,23,13
jpn_Jpan,860,24,34
jpn_Jpan,861,0,60
jpn_Jpan,861,1,61
jpn_Jpan,861,2,13
jpn_Jpan,861,3,13
jpn_Jpan,861,4,13
jpn_Jpan,861,5,13
jpn_Jpan,861,6,61
jpn_Jpan,861,7,13
jpn_Jpan,861,8,13
jpn_Jpan,861,9,39
jpn_Jpan,861,10,24
jpn_Jpan,861,11,13
jpn_Jpan,861,12,36
jpn_Jpan,861,13,24
jpn_Jpan,861,14,24
jpn_Jpan,861,15,47
jpn_Jpan,861,16,19
jpn_Jpan,861,17,13
jpn_Jpan,861,18,24
jpn_Jpan,861,19,19
jpn_Jpan,861,20,36
jpn_Jpan,861,21,13
jpn_Jpan,861,22,13
jpn_Jpan,861,23,13
jpn_Jpan,861,24,36
jpn_Jpan,861,25,24
jpn_Jpan,861,26,13
jpn_Jpan,861,27,19
jpn_Jpan,861,28,13
jpn_Jpan,861,29,36
jpn_Jpan,861,30,19
jpn_Jpan,861,31,13
jpn_Jpan,861,32,13
jpn_Jpan,861,33,61
jpn_Jpan,861,34,13
jpn_Jpan,861,35,34
jpn_Jpan,861,36,13
jpn_Jpan,861,37,34
jpn_Jpan,861,38,61
jpn_Jpan,861,39,13
jpn_Jpan,861,40,13
jpn_Jpan,862,0,60
jpn_Jpan,862,1,13
jpn_Jpan,862,2,19
jpn_Jpan,862,3,13
jpn_Jpan,862,4,19
jpn_Jpan,862,5,13
jpn_Jpan,862,6,61
jpn_Jpan,862,7,13
jpn_Jpan,862,8,24
jpn_Jpan,862,9,52
jpn_Jpan,862,10,13
jpn_Jpan,862,11,24
jpn_Jpan,862,12,52
jpn_Jpan,862,13,13
jpn_Jpan,862,14,24
jpn_Jpan,862,15,24
jpn_Jpan,862,16,13
jpn_Jpan,862,17,19
jpn_Jpan,862,18,13
jpn_Jpan,862,19,39
jpn_Jpan,862,20,39
jpn_Jpan,862,21,13
jpn_Jpan,862,22,24
jpn_Jpan,862,23,13
jpn_Jpan,862,24,19
jpn_Jpan,862,25,24
jpn_Jpan,862,26,7
jpn_Jpan,862,27,19
jpn_Jpan,862,28,13
jpn_Jpan,863,0,60
jpn_Jpan,863,1,19
jpn_Jpan,863,2,40
jpn_Jpan,863,3,61
jpn_Jpan,863,4,63
jpn_Jpan,863,5,19
jpn_Jpan,863,6,63
jpn_Jpan,863,7,42
jpn_Jpan,863,8,22
jpn_Jpan,863,9,9
jpn_Jpan,863,10,24
jpn_Jpan,863,11,13
jpn_Jpan,863,12,19
jpn_Jpan,863,13,13
jpn_Jpan,863,14,24
jpn_Jpan,863,15,13
jpn_Jpan,863,16,34
jpn_Jpan,863,17,34
jpn_Jpan,864,0,60
jpn_Jpan,864,1,13
jpn_Jpan,864,2,13
jpn_Jpan,864,3,12
jpn_Jpan,864,4,36
jpn_Jpan,864,5,36
jpn_Jpan,864,6,24
jpn_Jpan,864,7,13
jpn_Jpan,864,8,61
jpn_Jpan,864,9,13
jpn_Jpan,864,10,13
jpn_Jpan,864,11,24
jpn_Jpan,864,12,24
jpn_Jpan,864,13,13
jpn_Jpan,864,14,13
jpn_Jpan,864,15,24
jpn_Jpan,864,16,13
jpn_Jpan,864,17,19
jpn_Jpan,864,18,13
jpn_Jpan,864,19,34
jpn_Jpan,864,20,34
jpn_Jpan,864,21,19
jpn_Jpan,864,22,13
jpn_Jpan,864,23,24
jpn_Jpan,864,24,61
jpn_Jpan,864,25,13
jpn_Jpan,864,26,39
jpn_Jpan,864,27,13
jpn_Jpan,864,28,9
jpn_Jpan,864,29,47
jpn_Jpan,864,30,39
jpn_Jpan,864,31,13
jpn_Jpan,865,0,60
jpn_Jpan,865,1,13
jpn_Jpan,865,2,13
jpn_Jpan,865,3,29
jpn_Jpan,865,4,47
jpn_Jpan,866,0,60
jpn_Jpan,866,1,13
jpn_Jpan,866,2,13
jpn_Jpan,866,3,19
jpn_Jpan,866,4,13
jpn_Jpan,866,5,13
jpn_Jpan,866,6,19
jpn_Jpan,866,7,13
jpn_Jpan,866,8,13
jpn_Jpan,866,9,24
jpn_Jpan,866,10,19
jpn_Jpan,866,11,13
jpn_Jpan,866,12,13
jpn_Jpan,866,13,34
jpn_Jpan,866,14,13
jpn_Jpan,866,15,13
jpn_Jpan,866,16,39
jpn_Jpan,866,17,13
jpn_Jpan,866,18,24
jpn_Jpan,866,19,13
jpn_Jpan,866,20,47
jpn_Jpan,866,21,39
jpn_Jpan,866,22,47
jpn_Jpan,866,23,34
jpn_Jpan,867,0,60
jpn_Jpan,867,1,13
jpn_Jpan,867,2,52
jpn_Jpan,867,3,52
jpn_Jpan,867,4,52
jpn_Jpan,867,5,52
jpn_Jpan,867,6,13
jpn_Jpan,867,7,13
jpn_Jpan,867,8,13
jpn_Jpan,867,9,13
jpn_Jpan,867,10,24
jpn_Jpan,867,11,47
jpn_Jpan,867,12,13
jpn_Jpan,867,13,13
jpn_Jpan,867,14,61
jpn_Jpan,867,15,47
jpn_Jpan,867,16,61
jpn_Jpan,867,17,39
jpn_Jpan,867,18,13
jpn_Jpan,867,19,13
jpn_Jpan,867,20,13
jpn_Jpan,867,21,13
jpn_Jpan,867,22,13
jpn_Jpan,867,23,47
jpn_Jpan,867,24,13
jpn_Jpan,867,25,19
jpn_Jpan,867,26,13
jpn_Jpan,867,27,19
jpn_Jpan,867,28,13
jpn_Jpan,867,29,24
jpn_Jpan,867,30,47
jpn_Jpan,867,31,19
jpn_Jpan,867,32,13
jpn_Jpan,867,33,19
jpn_Jpan,867,34,13
jpn_Jpan,867,35,19
jpn_Jpan,867,36,13
jpn_Jpan,867,37,47
jpn_Jpan,867,38,19
jpn_Jpan,867,39,24
jpn_Jpan,867,40,24
jpn_Jpan,867,41,1
jpn_Jpan,867,42,24
jpn_Jpan,867,43,47
jpn_Jpan,867,44,13
jpn_Jpan,867,45,24
jpn_Jpan,867,46,61
jpn_Jpan,867,47,13
jpn_Jpan,867,48,24
jpn_Jpan,867,49,52
jpn_Jpan,867,50,24
jpn_Jpan,867,51,52
jpn_Jpan,867,52,13
jpn_Jpan,867,53,34
jpn_Jpan,867,54,51
jpn_Jpan,868,0,60
jpn_Jpan,868,1,36
jpn_Jpan,868,2,24
jpn_Jpan,868,3,52
jpn_Jpan,868,4,1
jpn_Jpan,868,5,52
jpn_Jpan,868,6,13
jpn_Jpan,868,7,24
jpn_Jpan,868,8,52
jpn_Jpan,868,9,34
jpn_Jpan,868,10,13
jpn_Jpan,868,11,36
jpn_Jpan,869,0,60
jpn_Jpan,869,1,47
jpn_Jpan,869,2,47
jpn_Jpan,869,3,13
jpn_Jpan,869,4,39
jpn_Jpan,869,5,13
jpn_Jpan,869,6,24
jpn_Jpan,869,7,13
jpn_Jpan,869,8,47
jpn_Jpan,869,9,13
jpn_Jpan,869,10,39
jpn_Jpan,869,11,24
jpn_Jpan,869,12,13
jpn_Jpan,869,13,13
jpn_Jpan,869,14,24
jpn_Jpan,869,15,13
jpn_Jpan,869,16,34
jpn_Jpan,869,17,34
jpn_Jpan,870,0,60
jpn_Jpan,870,1,13
jpn_Jpan,870,2,13
jpn_Jpan,870,3,61
jpn_Jpan,870,4,13
jpn_Jpan,870,5,13
jpn_Jpan,870,6,47
jpn_Jpan,870,7,19
jpn_Jpan,870,8,7
jpn_Jpan,870,9,24
jpn_Jpan,870,10,13
jpn_Jpan,870,11,47
jpn_Jpan,870,12,7
jpn_Jpan,870,13,24
jpn_Jpan,870,14,13
jpn_Jpan,870,15,34
jpn_Jpan,870,16,13
jpn_Jpan,870,17,13
jpn_Jpan,870,18,13
jpn_Jpan,870,19,24
jpn_Jpan,870,20,13
jpn_Jpan,870,21,34
jpn_Jpan,870,22,34
jpn_Jpan,870,23,51
jpn_Jpan,871,0,60
jpn_Jpan,871,1,13
jpn_Jpan,871,2,19
jpn_Jpan,871,3,36
jpn_Jpan,871,4,36
jpn_Jpan,871,5,34
jpn_Jpan,871,6,13
jpn_Jpan,871,7,13
jpn_Jpan,871,8,24
jpn_Jpan,871,9,13
jpn_Jpan,871,10,13
jpn_Jpan,871,11,34
jpn_Jpan,871,12,13
jpn_Jpan,871,13,13
jpn_Jpan,871,14,34
jpn_Jpan,871,15,61
jpn_Jpan,871,16,13
jpn_Jpan,871,17,13
jpn_Jpan,871,18,13
jpn_Jpan,871,19,24
jpn_Jpan,871,20,19
jpn_Jpan,871,21,13
jpn_Jpan,871,22,19
jpn_Jpan,871,23,13
jpn_Jpan,871,24,24
jpn_Jpan,871,25,24
jpn_Jpan,871,26,61
jpn_Jpan,871,27,13
jpn_Jpan,871,28,24
jpn_Jpan,871,29,13
jpn_Jpan,871,30,13
jpn_Jpan,871,31,24
jpn_Jpan,871,32,47
jpn_Jpan,871,33,13
jpn_Jpan,871,34,24
jpn_Jpan,871,35,13
jpn_Jpan,871,36,19
jpn_Jpan,871,37,36
jpn_Jpan,871,38,24
jpn_Jpan,871,39,13
jpn_Jpan,871,40,24
jpn_Jpan,871,41,13
jpn_Jpan,871,42,13
jpn_Jpan,872,0,60
jpn_Jpan,872,1,12
jpn_Jpan,872,2,58
jpn_Jpan,872,3,12
jpn_Jpan,872,4,61
jpn_Jpan,873,0,60
jpn_Jpan,873,1,9
jpn_Jpan,873,2,24
jpn_Jpan,873,3,52
jpn_Jpan,873,4,11
jpn_Jpan,873,5,19
jpn_Jpan,873,6,36
jpn_Jpan,873,7,24
jpn_Jpan,873,8,13
jpn_Jpan,873,9,13
jpn_Jpan,873,10,13
jpn_Jpan,873,11,12
jpn_Jpan,873,12,61
jpn_Jpan,873,13,13
jpn_Jpan,873,14,19
jpn_Jpan,873,15,13
jpn_Jpan,873,16,24
jpn_Jpan,873,17,13
jpn_Jpan,873,18,24
jpn_Jpan,873,19,13
jpn_Jpan,873,20,24
jpn_Jpan,873,21,13
jpn_Jpan,873,22,13
jpn_Jpan,873,23,24
jpn_Jpan,873,24,13
jpn_Jpan,873,25,13
jpn_Jpan,873,26,13
jpn_Jpan,873,27,24
jpn_Jpan,873,28,13
jpn_Jpan,873,29,29
jpn_Jpan,873,30,13
jpn_Jpan,874,0,60
jpn_Jpan,874,1,60
jpn_Jpan,874,2,47
jpn_Jpan,874,3,47
jpn_Jpan,874,4,13
jpn_Jpan,874,5,13
jpn_Jpan,874,6,13
jpn_Jpan,874,7,47
jpn_Jpan,874,8,13
jpn_Jpan,874,9,13
jpn_Jpan,874,10,12
jpn_Jpan,874,11,13
jpn_Jpan,874,12,24
jpn_Jpan,874,13,13
jpn_Jpan,874,14,13
jpn_Jpan,874,15,24
jpn_Jpan,874,16,61
jpn_Jpan,874,17,13
jpn_Jpan,874,18,13
jpn_Jpan,874,19,39
jpn_Jpan,874,20,19
jpn_Jpan,874,21,13
jpn_Jpan,874,22,47
jpn_Jpan,874,23,47
jpn_Jpan,874,24,13
jpn_Jpan,874,25,24
jpn_Jpan,874,26,24
jpn_Jpan,874,27,13
jpn_Jpan,874,28,13
jpn_Jpan,874,29,24
jpn_Jpan,874,30,19
jpn_Jpan,874,31,13
jpn_Jpan,874,32,13
jpn_Jpan,874,33,13
jpn_Jpan,874,34,24
jpn_Jpan,875,0,60
jpn_Jpan,875,1,47
jpn_Jpan,875,2,19
jpn_Jpan,875,3,13
jpn_Jpan,875,4,39
jpn_Jpan,875,5,13
jpn_Jpan,875,6,19
jpn_Jpan,875,7,47
jpn_Jpan,875,8,13
jpn_Jpan,875,9,24
jpn_Jpan,875,10,19
jpn_Jpan,875,11,36
jpn_Jpan,875,12,13
jpn_Jpan,875,13,24
jpn_Jpan,875,14,47
jpn_Jpan,875,15,13
jpn_Jpan,875,16,24
jpn_Jpan,875,17,13
jpn_Jpan,875,18,24
jpn_Jpan,875,19,13
jpn_Jpan,875,20,24
jpn_Jpan,875,21,36
jpn_Jpan,875,22,19
jpn_Jpan,875,23,36
jpn_Jpan,875,24,47
jpn_Jpan,875,25,34
jpn_Jpan,876,0,60
jpn_Jpan,876,1,9
jpn_Jpan,876,2,39
jpn_Jpan,876,3,39
jpn_Jpan,876,4,7
jpn_Jpan,876,5,13
jpn_Jpan,876,6,12
jpn_Jpan,876,7,13
jpn_Jpan,876,8,19
jpn_Jpan,876,9,13
jpn_Jpan,876,10,37
jpn_Jpan,876,11,52
jpn_Jpan,876,12,52
jpn_Jpan,876,13,13
jpn_Jpan,876,14,13
jpn_Jpan,876,15,13
jpn_Jpan,876,16,13
jpn_Jpan,876,17,13
jpn_Jpan,876,18,13
jpn_Jpan,876,19,13
jpn_Jpan,876,20,61
jpn_Jpan,876,21,13
jpn_Jpan,876,22,61
jpn_Jpan,876,23,13
jpn_Jpan,876,24,39
jpn_Jpan,876,25,24
jpn_Jpan,876,26,24
jpn_Jpan,876,27,13
jpn_Jpan,876,28,13
jpn_Jpan,876,29,13
jpn_Jpan,876,30,19
jpn_Jpan,876,31,13
jpn_Jpan,876,32,13
jpn_Jpan,876,33,47
jpn_Jpan,876,34,1
jpn_Jpan,876,35,19
jpn_Jpan,876,36,13
jpn_Jpan,877,0,60
jpn_Jpan,877,1,13
jpn_Jpan,877,2,24
jpn_Jpan,877,3,52
jpn_Jpan,877,4,13
jpn_Jpan,877,5,13
jpn_Jpan,877,6,36
jpn_Jpan,877,7,24
jpn_Jpan,877,8,52
jpn_Jpan,877,9,13
jpn_Jpan,877,10,13
jpn_Jpan,877,11,24
jpn_Jpan,877,12,13
jpn_Jpan,877,13,19
jpn_Jpan,877,14,34
jpn_Jpan,877,15,13
jpn_Jpan,877,16,47
jpn_Jpan,877,17,47
jpn_Jpan,877,18,13
jpn_Jpan,877,19,13
jpn_Jpan,877,20,19
jpn_Jpan,877,21,13
jpn_Jpan,877,22,13
jpn_Jpan,877,23,61
jpn_Jpan,877,24,13
jpn_Jpan,877,25,39
jpn_Jpan,877,26,13
jpn_Jpan,877,27,24
jpn_Jpan,877,28,47
jpn_Jpan,877,29,13
jpn_Jpan,877,30,13
jpn_Jpan,877,31,19
jpn_Jpan,877,32,13
jpn_Jpan,877,33,13
jpn_Jpan,877,34,24
jpn_Jpan,877,35,19
jpn_Jpan,877,36,13
jpn_Jpan,877,37,47
jpn_Jpan,877,38,34
jpn_Jpan,877,39,13
jpn_Jpan,877,40,34
jpn_Jpan,878,0,60
jpn_Jpan,878,1,36
jpn_Jpan,878,2,13
jpn_Jpan,878,3,13
jpn_Jpan,878,4,19
jpn_Jpan,878,5,13
jpn_Jpan,878,6,13
jpn_Jpan,878,7,13
jpn_Jpan,878,8,13
jpn_Jpan,878,9,24
jpn_Jpan,878,10,24
jpn_Jpan,878,11,47
jpn_Jpan,878,12,47
jpn_Jpan,878,13,13
jpn_Jpan,878,14,13
jpn_Jpan,878,15,24
jpn_Jpan,878,16,19
jpn_Jpan,878,17,13
jpn_Jpan,878,18,24
jpn_Jpan,878,19,47
jpn_Jpan,878,20,13
jpn_Jpan,878,21,47
jpn_Jpan,878,22,34
jpn_Jpan,878,23,13
jpn_Jpan,878,24,19
jpn_Jpan,878,25,13
jpn_Jpan,878,26,19
jpn_Jpan,878,27,13
jpn_Jpan,878,28,24
jpn_Jpan,878,29,19
jpn_Jpan,878,30,19
jpn_Jpan,878,31,19
jpn_Jpan,878,32,13
jpn_Jpan,878,33,13
jpn_Jpan,878,34,13
jpn_Jpan,878,35,13
jpn_Jpan,878,36,13
jpn_Jpan,878,37,13
jpn_Jpan,878,38,24
jpn_Jpan,878,39,13
jpn_Jpan,878,40,13
jpn_Jpan,878,41,24
jpn_Jpan,878,42,47
jpn_Jpan,878,43,19
jpn_Jpan,878,44,13
jpn_Jpan,878,45,34
jpn_Jpan,878,46,13
jpn_Jpan,878,47,34
jpn_Jpan,879,0,60
jpn_Jpan,879,1,13
jpn_Jpan,879,2,61
jpn_Jpan,879,3,13
jpn_Jpan,879,4,24
jpn_Jpan,879,5,19
jpn_Jpan,879,6,13
jpn_Jpan,879,7,24
jpn_Jpan,879,8,13
jpn_Jpan,879,9,24
jpn_Jpan,879,10,13
jpn_Jpan,879,11,13
jpn_Jpan,879,12,13
jpn_Jpan,879,13,24
jpn_Jpan,879,14,13
jpn_Jpan,879,15,13
jpn_Jpan,879,16,13
jpn_Jpan,879,17,36
jpn_Jpan,879,18,24
jpn_Jpan,879,19,13
jpn_Jpan,879,20,19
jpn_Jpan,879,21,36
jpn_Jpan,879,22,34
jpn_Jpan,879,23,13
jpn_Jpan,879,24,13
jpn_Jpan,879,25,24
jpn_Jpan,879,26,24
jpn_Jpan,879,27,13
jpn_Jpan,879,28,13
jpn_Jpan,879,29,13
jpn_Jpan,879,30,13
jpn_Jpan,879,31,13
jpn_Jpan,879,32,34
jpn_Jpan,880,0,60
jpn_Jpan,880,1,19
jpn_Jpan,880,2,13
jpn_Jpan,880,3,13
jpn_Jpan,880,4,47
jpn_Jpan,880,5,39
jpn_Jpan,880,6,24
jpn_Jpan,880,7,61
jpn_Jpan,880,8,7
jpn_Jpan,880,9,7
jpn_Jpan,880,10,24
jpn_Jpan,880,11,24
jpn_Jpan,880,12,52
jpn_Jpan,880,13,37
jpn_Jpan,880,14,13
jpn_Jpan,880,15,13
jpn_Jpan,880,16,13
jpn_Jpan,880,17,39
jpn_Jpan,880,18,13
jpn_Jpan,880,19,61
jpn_Jpan,880,20,13
jpn_Jpan,880,21,13
jpn_Jpan,880,22,13
jpn_Jpan,880,23,24
jpn_Jpan,880,24,13
jpn_Jpan,880,25,19
jpn_Jpan,880,26,34
jpn_Jpan,880,27,47
jpn_Jpan,880,28,13
jpn_Jpan,880,29,34
jpn_Jpan,880,30,13
jpn_Jpan,880,31,24
jpn_Jpan,880,32,34
jpn_Jpan,880,33,51
jpn_Jpan,881,0,60
jpn_Jpan,881,1,19
jpn_Jpan,881,2,13
jpn_Jpan,881,3,13
jpn_Jpan,881,4,24
jpn_Jpan,881,5,24
jpn_Jpan,881,6,19
jpn_Jpan,881,7,13
jpn_Jpan,881,8,47
jpn_Jpan,881,9,47
jpn_Jpan,881,10,24
jpn_Jpan,881,11,24
jpn_Jpan,881,12,47
jpn_Jpan,881,13,13
jpn_Jpan,881,14,19
jpn_Jpan,881,15,19
jpn_Jpan,881,16,13
jpn_Jpan,881,17,24
jpn_Jpan,881,18,13
jpn_Jpan,881,19,34
jpn_Jpan,881,20,52
jpn_Jpan,881,21,13
jpn_Jpan,881,22,36
jpn_Jpan,881,23,24
jpn_Jpan,881,24,61
jpn_Jpan,881,25,13
jpn_Jpan,881,26,19
jpn_Jpan,881,27,36
jpn_Jpan,881,28,13
jpn_Jpan,881,29,24
jpn_Jpan,881,30,13
jpn_Jpan,881,31,36
jpn_Jpan,881,32,24
jpn_Jpan,881,33,13
jpn_Jpan,881,34,13
jpn_Jpan,881,35,13
jpn_Jpan,881,36,24
jpn_Jpan,881,37,47
jpn_Jpan,881,38,13
jpn_Jpan,881,39,19
jpn_Jpan,881,40,13
jpn_Jpan,881,41,24
jpn_Jpan,881,42,13
jpn_Jpan,881,43,13
jpn_Jpan,881,44,34
jpn_Jpan,881,45,13
jpn_Jpan,881,46,34
jpn_Jpan,882,0,60
jpn_Jpan,882,1,13
jpn_Jpan,882,2,13
jpn_Jpan,882,3,13
jpn_Jpan,882,4,47
jpn_Jpan,882,5,13
jpn_Jpan,882,6,19
jpn_Jpan,882,7,13
jpn_Jpan,882,8,19
jpn_Jpan,882,9,13
jpn_Jpan,882,10,13
jpn_Jpan,882,11,24
jpn_Jpan,882,12,13
jpn_Jpan,882,13,39
jpn_Jpan,882,14,13
jpn_Jpan,882,15,13
jpn_Jpan,882,16,19
jpn_Jpan,882,17,13
jpn_Jpan,882,18,24
jpn_Jpan,882,19,19
jpn_Jpan,882,20,13
jpn_Jpan,882,21,13
jpn_Jpan,882,22,47
jpn_Jpan,882,23,19
jpn_Jpan,882,24,13
jpn_Jpan,882,25,24
jpn_Jpan,882,26,24
jpn_Jpan,882,27,13
jpn_Jpan,882,28,47
jpn_Jpan,882,29,19
jpn_Jpan,882,30,13
jpn_Jpan,882,31,13
jpn_Jpan,882,32,19
jpn_Jpan,882,33,13
jpn_Jpan,882,34,47
jpn_Jpan,882,35,13
jpn_Jpan,882,36,13
jpn_Jpan,882,37,9
jpn_Jpan,882,38,58
jpn_Jpan,882,39,12
jpn_Jpan,882,40,40
jpn_Jpan,883,0,60
jpn_Jpan,883,1,13
jpn_Jpan,883,2,13
jpn_Jpan,883,3,13
jpn_Jpan,883,4,36
jpn_Jpan,883,5,19
jpn_Jpan,883,6,19
jpn_Jpan,883,7,13
jpn_Jpan,883,8,19
jpn_Jpan,883,9,34
jpn_Jpan,883,10,34
jpn_Jpan,883,11,24
jpn_Jpan,883,12,19
jpn_Jpan,883,13,13
jpn_Jpan,883,14,61
jpn_Jpan,883,15,36
jpn_Jpan,883,16,24
jpn_Jpan,883,17,36
jpn_Jpan,883,18,13
jpn_Jpan,883,19,36
jpn_Jpan,883,20,13
jpn_Jpan,883,21,36
jpn_Jpan,883,22,13
jpn_Jpan,883,23,13
jpn_Jpan,883,24,24
jpn_Jpan,883,25,13
jpn_Jpan,883,26,13
jpn_Jpan,883,27,19
jpn_Jpan,883,28,13
jpn_Jpan,883,29,36
jpn_Jpan,883,30,13
jpn_Jpan,883,31,36
jpn_Jpan,883,32,13
jpn_Jpan,883,33,13
jpn_Jpan,883,34,13
jpn_Jpan,883,35,34
jpn_Jpan,884,0,60
jpn_Jpan,884,1,47
jpn_Jpan,884,2,13
jpn_Jpan,884,3,47
jpn_Jpan,884,4,13
jpn_Jpan,884,5,19
jpn_Jpan,884,6,12
jpn_Jpan,884,7,13
jpn_Jpan,884,8,24
jpn_Jpan,884,9,13
jpn_Jpan,884,10,13
jpn_Jpan,884,11,24
jpn_Jpan,884,12,61
jpn_Jpan,884,13,13
jpn_Jpan,884,14,24
jpn_Jpan,884,15,47
jpn_Jpan,884,16,19
jpn_Jpan,884,17,13
jpn_Jpan,884,18,13
jpn_Jpan,884,19,13
jpn_Jpan,884,20,24
jpn_Jpan,884,21,24
jpn_Jpan,884,22,19
jpn_Jpan,884,23,13
jpn_Jpan,884,24,24
jpn_Jpan,884,25,19
jpn_Jpan,884,26,13
jpn_Jpan,884,27,13
jpn_Jpan,884,28,13
jpn_Jpan,884,29,13
jpn_Jpan,884,30,24
jpn_Jpan,884,31,52
jpn_Jpan,884,32,13
jpn_Jpan,884,33,19
jpn_Jpan,884,34,13
jpn_Jpan,884,35,24
jpn_Jpan,884,36,13
jpn_Jpan,884,37,13
jpn_Jpan,884,38,13
jpn_Jpan,884,39,13
jpn_Jpan,884,40,24
jpn_Jpan,884,41,13
jpn_Jpan,884,42,13
jpn_Jpan,884,43,13
jpn_Jpan,884,44,61
jpn_Jpan,884,45,13
jpn_Jpan,884,46,13
jpn_Jpan,884,47,34
jpn_Jpan,885,0,60
jpn_Jpan,885,1,13
jpn_Jpan,885,2,19
jpn_Jpan,885,3,13
jpn_Jpan,885,4,13
jpn_Jpan,885,5,39
jpn_Jpan,885,6,34
jpn_Jpan,885,7,34
jpn_Jpan,885,8,12
jpn_Jpan,885,9,13
jpn_Jpan,885,10,19
jpn_Jpan,885,11,13
jpn_Jpan,885,12,39
jpn_Jpan,885,13,13
jpn_Jpan,885,14,13
jpn_Jpan,885,15,13
jpn_Jpan,885,16,61
jpn_Jpan,885,17,29
jpn_Jpan,885,18,13
jpn_Jpan,885,19,13
jpn_Jpan,885,20,13
jpn_Jpan,885,21,13
jpn_Jpan,885,22,19
jpn_Jpan,885,23,13
jpn_Jpan,885,24,13
jpn_Jpan,885,25,24
jpn_Jpan,885,26,13
jpn_Jpan,885,27,13
jpn_Jpan,885,28,13
jpn_Jpan,885,29,24
jpn_Jpan,885,30,13
jpn_Jpan,885,31,24
jpn_Jpan,885,32,47
jpn_Jpan,885,33,13
jpn_Jpan,885,34,13
jpn_Jpan,885,35,34
jpn_Jpan,885,36,34
jpn_Jpan,886,0,60
jpn_Jpan,886,1,13
jpn_Jpan,886,2,13
jpn_Jpan,886,3,13
jpn_Jpan,886,4,12
jpn_Jpan,886,5,47
jpn_Jpan,886,6,13
jpn_Jpan,886,7,12
jpn_Jpan,886,8,1
jpn_Jpan,886,9,13
jpn_Jpan,886,10,47
jpn_Jpan,886,11,12
jpn_Jpan,886,12,24
jpn_Jpan,886,13,61
jpn_Jpan,886,14,13
jpn_Jpan,886,15,39
jpn_Jpan,886,16,47
jpn_Jpan,886,17,19
jpn_Jpan,886,18,13
jpn_Jpan,886,19,24
jpn_Jpan,886,20,13
jpn_Jpan,886,21,61
jpn_Jpan,886,22,13
jpn_Jpan,886,23,13
jpn_Jpan,886,24,13
jpn_Jpan,886,25,13
jpn_Jpan,886,26,37
jpn_Jpan,886,27,52
jpn_Jpan,886,28,37
jpn_Jpan,886,29,19
jpn_Jpan,886,30,7
jpn_Jpan,886,31,13
jpn_Jpan,886,32,13
jpn_Jpan,886,33,19
jpn_Jpan,886,34,34
jpn_Jpan,887,0,60
jpn_Jpan,887,1,13
jpn_Jpan,887,2,52
jpn_Jpan,887,3,1
jpn_Jpan,887,4,13
jpn_Jpan,887,5,24
jpn_Jpan,887,6,9
jpn_Jpan,887,7,24
jpn_Jpan,887,8,1
jpn_Jpan,887,9,13
jpn_Jpan,887,10,13
jpn_Jpan,887,11,13
jpn_Jpan,887,12,13
jpn_Jpan,887,13,61
jpn_Jpan,887,14,47
jpn_Jpan,887,15,19
jpn_Jpan,887,16,13
jpn_Jpan,887,17,61
jpn_Jpan,887,18,13
jpn_Jpan,887,19,24
jpn_Jpan,887,20,13
jpn_Jpan,887,21,13
jpn_Jpan,887,22,13
jpn_Jpan,887,23,13
jpn_Jpan,887,24,13
jpn_Jpan,887,25,13
jpn_Jpan,888,0,60
jpn_Jpan,888,1,13
jpn_Jpan,888,2,13
jpn_Jpan,888,3,47
jpn_Jpan,888,4,13
jpn_Jpan,888,5,19
jpn_Jpan,888,6,13
jpn_Jpan,888,7,24
jpn_Jpan,888,8,13
jpn_Jpan,888,9,34
jpn_Jpan,888,10,34
jpn_Jpan,888,11,36
jpn_Jpan,888,12,24
jpn_Jpan,888,13,13
jpn_Jpan,888,14,19
jpn_Jpan,888,15,13
jpn_Jpan,888,16,24
jpn_Jpan,888,17,13
jpn_Jpan,888,18,13
jpn_Jpan,888,19,19
jpn_Jpan,888,20,13
jpn_Jpan,888,21,13
jpn_Jpan,888,22,24
jpn_Jpan,888,23,13
jpn_Jpan,888,24,13
jpn_Jpan,888,25,19
jpn_Jpan,888,26,13
jpn_Jpan,888,27,13
jpn_Jpan,888,28,13
jpn_Jpan,888,29,13
jpn_Jpan,888,30,34
jpn_Jpan,889,0,60
jpn_Jpan,889,1,13
jpn_Jpan,889,2,36
jpn_Jpan,889,3,24
jpn_Jpan,889,4,13
jpn_Jpan,889,5,61
jpn_Jpan,889,6,13
jpn_Jpan,889,7,24
jpn_Jpan,889,8,61
jpn_Jpan,889,9,19
jpn_Jpan,889,10,13
jpn_Jpan,889,11,24
jpn_Jpan,889,12,19
jpn_Jpan,889,13,13
jpn_Jpan,889,14,34
jpn_Jpan,889,15,13
jpn_Jpan,889,16,13
jpn_Jpan,889,17,24
jpn_Jpan,889,18,34
jpn_Jpan,889,19,24
jpn_Jpan,889,20,13
jpn_Jpan,889,21,13
jpn_Jpan,889,22,13
jpn_Jpan,889,23,24
jpn_Jpan,889,24,13
jpn_Jpan,889,25,34
jpn_Jpan,890,0,60
jpn_Jpan,890,1,13
jpn_Jpan,890,2,19
jpn_Jpan,890,3,36
jpn_Jpan,890,4,36
jpn_Jpan,890,5,24
jpn_Jpan,890,6,61
jpn_Jpan,890,7,19
jpn_Jpan,890,8,13
jpn_Jpan,890,9,13
jpn_Jpan,890,10,34
jpn_Jpan,890,11,13
jpn_Jpan,890,12,13
jpn_Jpan,890,13,13
jpn_Jpan,890,14,13
jpn_Jpan,890,15,34
jpn_Jpan,891,0,60
jpn_Jpan,891,1,19
jpn_Jpan,891,2,36
jpn_Jpan,891,3,1
jpn_Jpan,891,4,36
jpn_Jpan,891,5,13
jpn_Jpan,891,6,24
jpn_Jpan,891,7,13
jpn_Jpan,891,8,13
jpn_Jpan,891,9,13
jpn_Jpan,891,10,47
jpn_Jpan,891,11,19
jpn_Jpan,891,12,19
jpn_Jpan,891,13,36
jpn_Jpan,891,14,47
jpn_Jpan,891,15,13
jpn_Jpan,891,16,13
jpn_Jpan,891,17,13
jpn_Jpan,891,18,13
jpn_Jpan,891,19,24
jpn_Jpan,891,20,9
jpn_Jpan,891,21,58
jpn_Jpan,891,22,12
jpn_Jpan,891,23,22
jpn_Jpan,891,24,40
jpn_Jpan,892,0,60
jpn_Jpan,892,1,39
jpn_Jpan,892,2,57
jpn_Jpan,892,3,39
jpn_Jpan,892,4,47
jpn_Jpan,892,5,19
jpn_Jpan,892,6,7
jpn_Jpan,893,0,60
jpn_Jpan,893,1,52
jpn_Jpan,893,2,13
jpn_Jpan,893,3,13
jpn_Jpan,893,4,39
jpn_Jpan,893,5,39
jpn_Jpan,893,6,7
jpn_Jpan,893,7,24
jpn_Jpan,893,8,13
jpn_Jpan,893,9,47
jpn_Jpan,893,10,13
jpn_Jpan,893,11,24
jpn_Jpan,893,12,24
jpn_Jpan,893,13,13
jpn_Jpan,893,14,13
jpn_Jpan,893,15,13
jpn_Jpan,893,16,24
jpn_Jpan,893,17,13
jpn_Jpan,893,18,19
jpn_Jpan,893,19,13
jpn_Jpan,893,20,13
jpn_Jpan,893,21,19
jpn_Jpan,893,22,36
jpn_Jpan,894,0,60
jpn_Jpan,894,1,13
jpn_Jpan,894,2,1
jpn_Jpan,894,3,13
jpn_Jpan,894,4,36
jpn_Jpan,894,5,13
jpn_Jpan,894,6,19
jpn_Jpan,894,7,13
jpn_Jpan,894,8,13
jpn_Jpan,894,9,13
jpn_Jpan,894,10,13
jpn_Jpan,894,11,13
jpn_Jpan,894,12,13
jpn_Jpan,894,13,13
jpn_Jpan,894,14,13
jpn_Jpan,894,15,24
jpn_Jpan,894,16,19
jpn_Jpan,894,17,13
jpn_Jpan,894,18,19
jpn_Jpan,894,19,13
jpn_Jpan,894,20,34
jpn_Jpan,894,21,61
jpn_Jpan,894,22,13
jpn_Jpan,894,23,13
jpn_Jpan,894,24,13
jpn_Jpan,895,0,60
jpn_Jpan,895,1,19
jpn_Jpan,895,2,13
jpn_Jpan,895,3,13
jpn_Jpan,895,4,13
jpn_Jpan,895,5,13
jpn_Jpan,895,6,61
jpn_Jpan,895,7,13
jpn_Jpan,895,8,13
jpn_Jpan,895,9,36
jpn_Jpan,895,10,19
jpn_Jpan,895,11,13
jpn_Jpan,895,12,36
jpn_Jpan,895,13,24
jpn_Jpan,895,14,13
jpn_Jpan,895,15,13
jpn_Jpan,895,16,24
jpn_Jpan,895,17,19
jpn_Jpan,895,18,13
jpn_Jpan,895,19,34
jpn_Jpan,895,20,36
jpn_Jpan,895,21,13
jpn_Jpan,895,22,13
jpn_Jpan,895,23,13
jpn_Jpan,895,24,13
jpn_Jpan,895,25,13
jpn_Jpan,895,26,13
jpn_Jpan,896,0,60
jpn_Jpan,896,1,13
jpn_Jpan,896,2,61
jpn_Jpan,896,3,13
jpn_Jpan,896,4,13
jpn_Jpan,896,5,13
jpn_Jpan,896,6,13
jpn_Jpan,896,7,11
jpn_Jpan,896,8,61
jpn_Jpan,896,9,13
jpn_Jpan,896,10,24
jpn_Jpan,896,11,19
jpn_Jpan,896,12,13
jpn_Jpan,896,13,34
jpn_Jpan,896,14,36
jpn_Jpan,896,15,24
jpn_Jpan,896,16,13
jpn_Jpan,896,17,36
jpn_Jpan,896,18,19
jpn_Jpan,896,19,13
jpn_Jpan,896,20,61
jpn_Jpan,896,21,13
jpn_Jpan,896,22,29
jpn_Jpan,896,23,13
jpn_Jpan,896,24,36
jpn_Jpan,896,25,24
jpn_Jpan,896,26,36
jpn_Jpan,896,27,36
jpn_Jpan,896,28,52
jpn_Jpan,896,29,34
jpn_Jpan,896,30,34
jpn_Jpan,897,0,60
jpn_Jpan,897,1,24
jpn_Jpan,897,2,13
jpn_Jpan,897,3,13
jpn_Jpan,897,4,13
jpn_Jpan,897,5,13
jpn_Jpan,897,6,24
jpn_Jpan,897,7,61
jpn_Jpan,897,8,19
jpn_Jpan,897,9,19
jpn_Jpan,897,10,13
jpn_Jpan,897,11,24
jpn_Jpan,897,12,24
jpn_Jpan,897,13,13
jpn_Jpan,897,14,13
jpn_Jpan,897,15,13
jpn_Jpan,897,16,39
jpn_Jpan,897,17,13
jpn_Jpan,897,18,19
jpn_Jpan,897,19,47
jpn_Jpan,897,20,19
jpn_Jpan,897,21,13
jpn_Jpan,897,22,13
jpn_Jpan,897,23,13
jpn_Jpan,897,24,13
jpn_Jpan,897,25,13
jpn_Jpan,897,26,13
jpn_Jpan,897,27,34
jpn_Jpan,898,0,60
jpn_Jpan,898,1,13
jpn_Jpan,898,2,13
jpn_Jpan,898,3,13
jpn_Jpan,898,4,13
jpn_Jpan,898,5,24
jpn_Jpan,898,6,24
jpn_Jpan,898,7,13
jpn_Jpan,898,8,13
jpn_Jpan,898,9,39
jpn_Jpan,898,10,39
jpn_Jpan,898,11,13
jpn_Jpan,898,12,13
jpn_Jpan,898,13,13
jpn_Jpan,898,14,13
jpn_Jpan,898,15,13
jpn_Jpan,898,16,34
jpn_Jpan,898,17,13
jpn_Jpan,898,18,24
jpn_Jpan,898,19,1
jpn_Jpan,898,20,13
jpn_Jpan,898,21,13
jpn_Jpan,898,22,51
jpn_Jpan,898,23,51
jpn_Jpan,899,0,60
jpn_Jpan,899,1,52
jpn_Jpan,899,2,36
jpn_Jpan,899,3,24
jpn_Jpan,899,4,47
jpn_Jpan,899,5,13
jpn_Jpan,899,6,47
jpn_Jpan,899,7,13
jpn_Jpan,899,8,61
jpn_Jpan,899,9,13
jpn_Jpan,899,10,24
jpn_Jpan,899,11,61
jpn_Jpan,899,12,39
jpn_Jpan,899,13,19
jpn_Jpan,899,14,13
jpn_Jpan,899,15,24
jpn_Jpan,899,16,47
jpn_Jpan,899,17,13
jpn_Jpan,899,18,34
jpn_Jpan,899,19,13
jpn_Jpan,899,20,1
jpn_Jpan,899,21,13
jpn_Jpan,900,0,60
jpn_Jpan,900,1,13
jpn_Jpan,900,2,13
jpn_Jpan,900,3,24
jpn_Jpan,900,4,52
jpn_Jpan,900,5,13
jpn_Jpan,900,6,24
jpn_Jpan,900,7,19
jpn_Jpan,900,8,13
jpn_Jpan,900,9,13
jpn_Jpan,900,10,13
jpn_Jpan,900,11,13
jpn_Jpan,900,12,13
jpn_Jpan,900,13,36
jpn_Jpan,900,14,24
jpn_Jpan,900,15,24
jpn_Jpan,900,16,13
jpn_Jpan,900,17,13
jpn_Jpan,900,18,13
jpn_Jpan,900,19,52
jpn_Jpan,900,20,13
jpn_Jpan,900,21,24
jpn_Jpan,900,22,19
jpn_Jpan,900,23,13
jpn_Jpan,900,24,13
jpn_Jpan,900,25,13
jpn_Jpan,900,26,24
jpn_Jpan,900,27,19
jpn_Jpan,900,28,13
jpn_Jpan,900,29,34
jpn_Jpan,900,30,13
jpn_Jpan,900,31,13
jpn_Jpan,900,32,19
jpn_Jpan,900,33,13
jpn_Jpan,900,34,24
jpn_Jpan,900,35,24
jpn_Jpan,900,36,19
jpn_Jpan,900,37,13
jpn_Jpan,901,0,60
jpn_Jpan,901,1,19
jpn_Jpan,901,2,13
jpn_Jpan,901,3,47
jpn_Jpan,901,4,13
jpn_Jpan,901,5,13
jpn_Jpan,901,6,26
jpn_Jpan,901,7,47
jpn_Jpan,901,8,8
jpn_Jpan,901,9,19
jpn_Jpan,901,10,39
jpn_Jpan,901,11,19
jpn_Jpan,901,12,13
jpn_Jpan,901,13,19
jpn_Jpan,901,14,13
jpn_Jpan,901,15,11
jpn_Jpan,901,16,9
jpn_Jpan,901,17,24
jpn_Jpan,901,18,13
jpn_Jpan,901,19,13
jpn_Jpan,901,20,19
jpn_Jpan,901,21,13
jpn_Jpan,901,22,39
jpn_Jpan,901,23,13
jpn_Jpan,901,24,13
jpn_Jpan,901,25,26
jpn_Jpan,901,26,19
jpn_Jpan,901,27,13
jpn_Jpan,901,28,19
jpn_Jpan,901,29,13
jpn_Jpan,901,30,9
jpn_Jpan,901,31,8
jpn_Jpan,901,32,12
jpn_Jpan,901,33,58
jpn_Jpan,901,34,12
jpn_Jpan,901,35,60
jpn_Jpan,902,0,60
jpn_Jpan,902,1,47
jpn_Jpan,902,2,13
jpn_Jpan,902,3,13
jpn_Jpan,902,4,39
jpn_Jpan,902,5,39
jpn_Jpan,902,6,24
jpn_Jpan,902,7,47
jpn_Jpan,902,8,13
jpn_Jpan,902,9,13
jpn_Jpan,902,10,13
jpn_Jpan,902,11,13
jpn_Jpan,902,12,13
jpn_Jpan,902,13,24
jpn_Jpan,902,14,13
jpn_Jpan,902,15,13
jpn_Jpan,902,16,13
jpn_Jpan,902,17,47
jpn_Jpan,902,18,52
jpn_Jpan,902,19,61
jpn_Jpan,902,20,13
jpn_Jpan,902,21,13
jpn_Jpan,903,0,60
jpn_Jpan,903,1,13
jpn_Jpan,903,2,13
jpn_Jpan,903,3,24
jpn_Jpan,903,4,13
jpn_Jpan,903,5,61
jpn_Jpan,903,6,13
jpn_Jpan,903,7,24
jpn_Jpan,903,8,24
jpn_Jpan,903,9,13
jpn_Jpan,903,10,13
jpn_Jpan,903,11,39
jpn_Jpan,903,12,13
jpn_Jpan,904,0,60
jpn_Jpan,904,1,13
jpn_Jpan,904,2,13
jpn_Jpan,904,3,61
jpn_Jpan,904,4,19
jpn_Jpan,904,5,13
jpn_Jpan,904,6,13
jpn_Jpan,904,7,24
jpn_Jpan,904,8,19
jpn_Jpan,904,9,13
jpn_Jpan,904,10,61
jpn_Jpan,904,11,19
jpn_Jpan,904,12,36
jpn_Jpan,904,13,19
jpn_Jpan,904,14,36
jpn_Jpan,904,15,19
jpn_Jpan,904,16,13
jpn_Jpan,904,17,24
jpn_Jpan,904,18,19
jpn_Jpan,904,19,36
jpn_Jpan,904,20,19
jpn_Jpan,904,21,36
jpn_Jpan,904,22,26
jpn_Jpan,904,23,36
jpn_Jpan,904,24,19
jpn_Jpan,904,25,13
jpn_Jpan,904,26,24
jpn_Jpan,904,27,19
jpn_Jpan,904,28,36
jpn_Jpan,904,29,26
jpn_Jpan,904,30,19
jpn_Jpan,904,31,36
jpn_Jpan,904,32,19
jpn_Jpan,904,33,13
jpn_Jpan,904,34,39
jpn_Jpan,904,35,24
jpn_Jpan,904,36,26
jpn_Jpan,904,37,36
jpn_Jpan,904,38,26
jpn_Jpan,904,39,19
jpn_Jpan,904,40,36
jpn_Jpan,904,41,61
jpn_Jpan,904,42,36
jpn_Jpan,904,43,36
jpn_Jpan,904,44,26
jpn_Jpan,904,45,19
jpn_Jpan,904,46,36
jpn_Jpan,904,47,24
jpn_Jpan,904,48,26
jpn_Jpan,904,49,36
jpn_Jpan,904,50,19
jpn_Jpan,904,51,36
jpn_Jpan,904,52,13
jpn_Jpan,904,53,39
jpn_Jpan,904,54,13
jpn_Jpan,904,55,24
jpn_Jpan,904,56,19
jpn_Jpan,904,57,13
jpn_Jpan,904,58,61
jpn_Jpan,904,59,13
jpn_Jpan,904,60,61
jpn_Jpan,904,61,13
jpn_Jpan,904,62,24
jpn_Jpan,904,63,19
jpn_Jpan,904,64,36
jpn_Jpan,904,65,34
jpn_Jpan,905,0,60
jpn_Jpan,905,1,52
jpn_Jpan,905,2,13
jpn_Jpan,905,3,24
jpn_Jpan,905,4,13
jpn_Jpan,905,5,13
jpn_Jpan,905,6,24
jpn_Jpan,905,7,7
jpn_Jpan,905,8,36
jpn_Jpan,905,9,24
jpn_Jpan,905,10,52
jpn_Jpan,905,11,13
jpn_Jpan,905,12,24
jpn_Jpan,905,13,13
jpn_Jpan,905,14,13
jpn_Jpan,905,15,19
jpn_Jpan,905,16,13
jpn_Jpan,905,17,24
jpn_Jpan,905,18,47
jpn_Jpan,905,19,13
jpn_Jpan,905,20,24
jpn_Jpan,905,21,24
jpn_Jpan,905,22,13
jpn_Jpan,905,23,13
jpn_Jpan,905,24,34
jpn_Jpan,905,25,24
jpn_Jpan,905,26,13
jpn_Jpan,905,27,13
jpn_Jpan,905,28,13
jpn_Jpan,905,29,13
jpn_Jpan,905,30,34
jpn_Jpan,906,0,60
jpn_Jpan,906,1,24
jpn_Jpan,906,2,19
jpn_Jpan,906,3,13
jpn_Jpan,906,4,36
jpn_Jpan,906,5,61
jpn_Jpan,906,6,13
jpn_Jpan,906,7,34
jpn_Jpan,906,8,13
jpn_Jpan,906,9,13
jpn_Jpan,906,10,13
jpn_Jpan,907,0,60
jpn_Jpan,907,1,13
jpn_Jpan,907,2,13
jpn_Jpan,907,3,24
jpn_Jpan,907,4,13
jpn_Jpan,907,5,13
jpn_Jpan,907,6,24
jpn_Jpan,907,7,24
jpn_Jpan,907,8,52
jpn_Jpan,907,9,52
jpn_Jpan,907,10,52
jpn_Jpan,907,11,24
jpn_Jpan,907,12,1
jpn_Jpan,907,13,36
jpn_Jpan,907,14,19
jpn_Jpan,907,15,13
jpn_Jpan,907,16,13
jpn_Jpan,907,17,19
jpn_Jpan,907,18,13
jpn_Jpan,907,19,24
jpn_Jpan,907,20,24
jpn_Jpan,907,21,13
jpn_Jpan,907,22,13
jpn_Jpan,907,23,13
jpn_Jpan,907,24,13
jpn_Jpan,907,25,13
jpn_Jpan,907,26,13
jpn_Jpan,907,27,61
jpn_Jpan,907,28,13
jpn_Jpan,907,29,13
jpn_Jpan,907,30,24
jpn_Jpan,907,31,47
jpn_Jpan,907,32,47
jpn_Jpan,907,33,13
jpn_Jpan,907,34,39
jpn_Jpan,907,35,19
jpn_Jpan,907,36,19
jpn_Jpan,907,37,34
jpn_Jpan,907,38,34
jpn_Jpan,908,0,60
jpn_Jpan,908,1,61
jpn_Jpan,908,2,24
jpn_Jpan,908,3,24
jpn_Jpan,908,4,24
jpn_Jpan,908,5,24
jpn_Jpan,908,6,13
jpn_Jpan,908,7,13
jpn_Jpan,908,8,13
jpn_Jpan,908,9,13
jpn_Jpan,908,10,13
jpn_Jpan,908,11,47
jpn_Jpan,908,12,13
jpn_Jpan,908,13,13
jpn_Jpan,908,14,34
jpn_Jpan,908,15,51
jpn_Jpan,908,16,24
jpn_Jpan,908,17,24
jpn_Jpan,908,18,24
jpn_Jpan,908,19,13
jpn_Jpan,908,20,19
jpn_Jpan,908,21,13
jpn_Jpan,908,22,24
jpn_Jpan,908,23,24
jpn_Jpan,908,24,13
jpn_Jpan,908,25,13
jpn_Jpan,908,26,47
jpn_Jpan,908,27,13
jpn_Jpan,908,28,13
jpn_Jpan,908,29,13
jpn_Jpan,909,0,60
jpn_Jpan,909,1,52
jpn_Jpan,909,2,52
jpn_Jpan,909,3,13
jpn_Jpan,909,4,19
jpn_Jpan,909,5,13
jpn_Jpan,909,6,19
jpn_Jpan,909,7,13
jpn_Jpan,909,8,13
jpn_Jpan,909,9,19
jpn_Jpan,909,10,19
jpn_Jpan,909,11,13
jpn_Jpan,909,12,19
jpn_Jpan,909,13,13
jpn_Jpan,909,14,24
jpn_Jpan,909,15,13
jpn_Jpan,909,16,13
jpn_Jpan,909,17,13
jpn_Jpan,909,18,24
jpn_Jpan,909,19,13
jpn_Jpan,909,20,13
jpn_Jpan,909,21,19
jpn_Jpan,909,22,13
jpn_Jpan,909,23,13
jpn_Jpan,909,24,13
jpn_Jpan,909,25,52
jpn_Jpan,909,26,19
jpn_Jpan,909,27,13
jpn_Jpan,909,28,13
jpn_Jpan,909,29,19
jpn_Jpan,909,30,13
jpn_Jpan,909,31,13
jpn_Jpan,909,32,24
jpn_Jpan,909,33,19
jpn_Jpan,909,34,13
jpn_Jpan,909,35,13
jpn_Jpan,909,36,34
jpn_Jpan,910,0,60
jpn_Jpan,910,1,19
jpn_Jpan,910,2,36
jpn_Jpan,910,3,13
jpn_Jpan,910,4,36
jpn_Jpan,910,5,24
jpn_Jpan,910,6,47
jpn_Jpan,910,7,13
jpn_Jpan,910,8,47
jpn_Jpan,910,9,19
jpn_Jpan,910,10,13
jpn_Jpan,910,11,13
jpn_Jpan,910,12,13
jpn_Jpan,910,13,36
jpn_Jpan,910,14,36
jpn_Jpan,910,15,47
jpn_Jpan,910,16,19
jpn_Jpan,910,17,13
jpn_Jpan,910,18,13
jpn_Jpan,910,19,19
jpn_Jpan,910,20,36
jpn_Jpan,910,21,24
jpn_Jpan,910,22,13
jpn_Jpan,910,23,19
jpn_Jpan,910,24,13
jpn_Jpan,910,25,24
jpn_Jpan,910,26,13
jpn_Jpan,910,27,34
jpn_Jpan,910,28,36
jpn_Jpan,910,29,24
jpn_Jpan,910,30,19
jpn_Jpan,910,31,13
jpn_Jpan,910,32,13
jpn_Jpan,910,33,36
jpn_Jpan,910,34,13
jpn_Jpan,910,35,19
jpn_Jpan,910,36,36
jpn_Jpan,910,37,24
jpn_Jpan,910,38,13
jpn_Jpan,910,39,13
jpn_Jpan,910,40,13
jpn_Jpan,910,41,36
jpn_Jpan,910,42,19
jpn_Jpan,910,43,13
jpn_Jpan,910,44,13
jpn_Jpan,910,45,19
jpn_Jpan,910,46,13
jpn_Jpan,910,47,13
jpn_Jpan,910,48,34
jpn_Jpan,911,0,60
jpn_Jpan,911,1,13
jpn_Jpan,911,2,13
jpn_Jpan,911,3,13
jpn_Jpan,911,4,13
jpn_Jpan,911,5,61
jpn_Jpan,911,6,19
jpn_Jpan,911,7,13
jpn_Jpan,911,8,24
jpn_Jpan,911,9,19
jpn_Jpan,911,10,13
jpn_Jpan,911,11,24
jpn_Jpan,911,12,13
jpn_Jpan,911,13,24
jpn_Jpan,911,14,13
jpn_Jpan,911,15,47
jpn_Jpan,911,16,13
jpn_Jpan,911,17,47
jpn_Jpan,911,18,13
jpn_Jpan,911,19,34
jpn_Jpan,911,20,13
jpn_Jpan,911,21,13
jpn_Jpan,912,0,60
jpn_Jpan,912,1,13
jpn_Jpan,912,2,13
jpn_Jpan,912,3,13
jpn_Jpan,912,4,13
jpn_Jpan,912,5,13
jpn_Jpan,912,6,13
jpn_Jpan,912,7,61
jpn_Jpan,912,8,61
jpn_Jpan,912,9,13
jpn_Jpan,912,10,13
jpn_Jpan,912,11,13
jpn_Jpan,912,12,19
jpn_Jpan,912,13,13
jpn_Jpan,912,14,13
jpn_Jpan,912,15,24
jpn_Jpan,912,16,52
jpn_Jpan,912,17,1
jpn_Jpan,912,18,52
jpn_Jpan,912,19,13
jpn_Jpan,912,20,13
jpn_Jpan,912,21,24
jpn_Jpan,912,22,24
jpn_Jpan,912,23,52
jpn_Jpan,912,24,1
jpn_Jpan,912,25,52
jpn_Jpan,912,26,1
jpn_Jpan,912,27,52
jpn_Jpan,912,28,13
jpn_Jpan,912,29,13
jpn_Jpan,912,30,24
jpn_Jpan,912,31,19
jpn_Jpan,912,32,13
jpn_Jpan,912,33,13
jpn_Jpan,912,34,47
jpn_Jpan,912,35,13
jpn_Jpan,912,36,13
jpn_Jpan,912,37,13
jpn_Jpan,912,38,13
jpn_Jpan,912,39,24
jpn_Jpan,912,40,13
jpn_Jpan,912,41,34
jpn_Jpan,912,42,13
jpn_Jpan,912,43,34
jpn_Jpan,912,44,12
jpn_Jpan,912,45,13
jpn_Jpan,912,46,13
jpn_Jpan,912,47,61
jpn_Jpan,912,48,61
jpn_Jpan,912,49,13
jpn_Jpan,913,0,60
jpn_Jpan,913,1,13
jpn_Jpan,913,2,13
jpn_Jpan,913,3,61
jpn_Jpan,913,4,19
jpn_Jpan,913,5,13
jpn_Jpan,913,6,47
jpn_Jpan,913,7,47
jpn_Jpan,913,8,7
jpn_Jpan,913,9,47
jpn_Jpan,913,10,13
jpn_Jpan,913,11,24
jpn_Jpan,913,12,24
jpn_Jpan,913,13,19
jpn_Jpan,913,14,13
jpn_Jpan,913,15,13
jpn_Jpan,913,16,11
jpn_Jpan,913,17,24
jpn_Jpan,913,18,13
jpn_Jpan,913,19,13
jpn_Jpan,913,20,19
jpn_Jpan,913,21,13
jpn_Jpan,913,22,13
jpn_Jpan,913,23,19
jpn_Jpan,913,24,36
jpn_Jpan,913,25,13
jpn_Jpan,913,26,12
jpn_Jpan,913,27,19
jpn_Jpan,913,28,13
jpn_Jpan,913,29,47
jpn_Jpan,913,30,47
jpn_Jpan,913,31,13
jpn_Jpan,913,32,13
jpn_Jpan,913,33,13
jpn_Jpan,913,34,61
jpn_Jpan,913,35,13
jpn_Jpan,913,36,24
jpn_Jpan,913,37,13
jpn_Jpan,913,38,19
jpn_Jpan,913,39,13
jpn_Jpan,913,40,24
jpn_Jpan,913,41,19
jpn_Jpan,913,42,13
jpn_Jpan,913,43,19
jpn_Jpan,913,44,13
jpn_Jpan,914,0,60
jpn_Jpan,914,1,13
jpn_Jpan,914,2,13
jpn_Jpan,914,3,13
jpn_Jpan,914,4,24
jpn_Jpan,914,5,13
jpn_Jpan,914,6,13
jpn_Jpan,914,7,24
jpn_Jpan,914,8,19
jpn_Jpan,914,9,13
jpn_Jpan,914,10,47
jpn_Jpan,914,11,19
jpn_Jpan,914,12,36
jpn_Jpan,914,13,24
jpn_Jpan,914,14,13
jpn_Jpan,914,15,19
jpn_Jpan,914,16,36
jpn_Jpan,914,17,13
jpn_Jpan,914,18,34
jpn_Jpan,915,0,60
jpn_Jpan,915,1,19
jpn_Jpan,915,2,13
jpn_Jpan,915,3,39
jpn_Jpan,915,4,24
jpn_Jpan,915,5,34
jpn_Jpan,915,6,47
jpn_Jpan,915,7,13
jpn_Jpan,915,8,24
jpn_Jpan,915,9,13
jpn_Jpan,915,10,24
jpn_Jpan,915,11,19
jpn_Jpan,915,12,19
jpn_Jpan,915,13,13
jpn_Jpan,915,14,51
jpn_Jpan,916,0,60
jpn_Jpan,916,1,9
jpn_Jpan,916,2,13
jpn_Jpan,916,3,36
jpn_Jpan,916,4,36
jpn_Jpan,916,5,47
jpn_Jpan,916,6,19
jpn_Jpan,916,7,19
jpn_Jpan,916,8,39
jpn_Jpan,916,9,39
jpn_Jpan,916,10,36
jpn_Jpan,916,11,47
jpn_Jpan,916,12,13
jpn_Jpan,916,13,13
jpn_Jpan,916,14,36
jpn_Jpan,916,15,36
jpn_Jpan,916,16,36
jpn_Jpan,916,17,36
jpn_Jpan,916,18,61
jpn_Jpan,916,19,36
jpn_Jpan,916,20,6
jpn_Jpan,916,21,47
jpn_Jpan,916,22,47
jpn_Jpan,916,23,47
jpn_Jpan,916,24,19
jpn_Jpan,916,25,39
jpn_Jpan,916,26,39
jpn_Jpan,916,27,13
jpn_Jpan,916,28,13
jpn_Jpan,916,29,13
jpn_Jpan,916,30,34
jpn_Jpan,916,31,36
jpn_Jpan,916,32,36
jpn_Jpan,916,33,52
jpn_Jpan,916,34,52
jpn_Jpan,916,35,6
jpn_Jpan,916,36,36
jpn_Jpan,916,37,47
jpn_Jpan,916,38,13
jpn_Jpan,916,39,19
jpn_Jpan,916,40,36
jpn_Jpan,917,0,60
jpn_Jpan,917,1,13
jpn_Jpan,917,2,13
jpn_Jpan,917,3,13
jpn_Jpan,917,4,13
jpn_Jpan,917,5,13
jpn_Jpan,917,6,13
jpn_Jpan,917,7,13
jpn_Jpan,917,8,11
jpn_Jpan,917,9,19
jpn_Jpan,917,10,13
jpn_Jpan,917,11,34
jpn_Jpan,917,12,13
jpn_Jpan,917,13,24
jpn_Jpan,917,14,13
jpn_Jpan,917,15,19
jpn_Jpan,917,16,34
jpn_Jpan,917,17,24
jpn_Jpan,917,18,19
jpn_Jpan,917,19,13
jpn_Jpan,917,20,13
jpn_Jpan,917,21,34
jpn_Jpan,917,22,13
jpn_Jpan,918,0,60
jpn_Jpan,918,1,9
jpn_Jpan,918,2,24
jpn_Jpan,918,3,19
jpn_Jpan,918,4,13
jpn_Jpan,918,5,36
jpn_Jpan,918,6,24
jpn_Jpan,918,7,13
jpn_Jpan,918,8,24
jpn_Jpan,918,9,19
jpn_Jpan,918,10,36
jpn_Jpan,918,11,13
jpn_Jpan,918,12,13
jpn_Jpan,918,13,13
jpn_Jpan,918,14,13
jpn_Jpan,918,15,34
jpn_Jpan,918,16,61
jpn_Jpan,918,17,13
jpn_Jpan,918,18,13
jpn_Jpan,918,19,19
jpn_Jpan,918,20,13
jpn_Jpan,918,21,47
jpn_Jpan,918,22,34
jpn_Jpan,919,0,60
jpn_Jpan,919,1,13
jpn_Jpan,919,2,19
jpn_Jpan,919,3,36
jpn_Jpan,919,4,24
jpn_Jpan,919,5,24
jpn_Jpan,919,6,52
jpn_Jpan,919,7,37
jpn_Jpan,919,8,52
jpn_Jpan,919,9,1
jpn_Jpan,919,10,52
jpn_Jpan,919,11,13
jpn_Jpan,919,12,13
jpn_Jpan,919,13,19
jpn_Jpan,919,14,34
jpn_Jpan,919,15,19
jpn_Jpan,919,16,13
jpn_Jpan,919,17,34
jpn_Jpan,920,0,60
jpn_Jpan,920,1,13
jpn_Jpan,920,2,13
jpn_Jpan,920,3,19
jpn_Jpan,920,4,7
jpn_Jpan,920,5,24
jpn_Jpan,920,6,19
jpn_Jpan,920,7,36
jpn_Jpan,920,8,19
jpn_Jpan,920,9,19
jpn_Jpan,920,10,13
jpn_Jpan,920,11,13
jpn_Jpan,920,12,24
jpn_Jpan,920,13,13
jpn_Jpan,920,14,13
jpn_Jpan,920,15,13
jpn_Jpan,920,16,19
jpn_Jpan,920,17,19
jpn_Jpan,920,18,39
jpn_Jpan,920,19,13
jpn_Jpan,921,0,60
jpn_Jpan,921,1,13
jpn_Jpan,921,2,13
jpn_Jpan,921,3,34
jpn_Jpan,921,4,13
jpn_Jpan,921,5,24
jpn_Jpan,921,6,24
jpn_Jpan,921,7,36
jpn_Jpan,921,8,13
jpn_Jpan,921,9,47
jpn_Jpan,921,10,13
jpn_Jpan,921,11,13
jpn_Jpan,921,12,13
jpn_Jpan,921,13,13
jpn_Jpan,921,14,24
jpn_Jpan,921,15,47
jpn_Jpan,921,16,13
jpn_Jpan,921,17,13
jpn_Jpan,921,18,13
jpn_Jpan,921,19,13
jpn_Jpan,921,20,24
jpn_Jpan,921,21,13
jpn_Jpan,921,22,24
jpn_Jpan,921,23,61
jpn_Jpan,921,24,13
jpn_Jpan,921,25,47
jpn_Jpan,921,26,13
jpn_Jpan,922,0,60
jpn_Jpan,922,1,19
jpn_Jpan,922,2,13
jpn_Jpan,922,3,19
jpn_Jpan,922,4,36
jpn_Jpan,922,5,19
jpn_Jpan,922,6,13
jpn_Jpan,922,7,24
jpn_Jpan,922,8,19
jpn_Jpan,922,9,13
jpn_Jpan,922,10,13
jpn_Jpan,922,11,47
jpn_Jpan,922,12,47
jpn_Jpan,922,13,13
jpn_Jpan,922,14,24
jpn_Jpan,922,15,47
jpn_Jpan,922,16,13
jpn_Jpan,922,17,19
jpn_Jpan,922,18,13
jpn_Jpan,922,19,47
jpn_Jpan,922,20,13
jpn_Jpan,922,21,24
jpn_Jpan,922,22,19
jpn_Jpan,922,23,13
jpn_Jpan,922,24,19
jpn_Jpan,922,25,13
jpn_Jpan,922,26,24
jpn_Jpan,922,27,9
jpn_Jpan,922,28,11
jpn_Jpan,922,29,19
jpn_Jpan,922,30,47
jpn_Jpan,922,31,13
jpn_Jpan,922,32,13
jpn_Jpan,922,33,13
jpn_Jpan,922,34,13
jpn_Jpan,922,35,19
jpn_Jpan,922,36,13
jpn_Jpan,922,37,13
jpn_Jpan,922,38,24
jpn_Jpan,922,39,13
jpn_Jpan,922,40,13
jpn_Jpan,922,41,13
jpn_Jpan,922,42,24
jpn_Jpan,922,43,19
jpn_Jpan,922,44,13
jpn_Jpan,922,45,13
jpn_Jpan,922,46,47
jpn_Jpan,922,47,13
jpn_Jpan,922,48,13
jpn_Jpan,922,49,24
jpn_Jpan,922,50,13
jpn_Jpan,922,51,51
jpn_Jpan,922,52,51
jpn_Jpan,922,53,13
jpn_Jpan,922,54,51
jpn_Jpan,922,55,24
jpn_Jpan,922,56,13
jpn_Jpan,922,57,13
jpn_Jpan,923,0,60
jpn_Jpan,923,1,13
jpn_Jpan,923,2,13
jpn_Jpan,923,3,19
jpn_Jpan,923,4,13
jpn_Jpan,923,5,13
jpn_Jpan,923,6,13
jpn_Jpan,923,7,19
jpn_Jpan,923,8,36
jpn_Jpan,923,9,24
jpn_Jpan,923,10,47
jpn_Jpan,923,11,13
jpn_Jpan,923,12,19
jpn_Jpan,923,13,13
jpn_Jpan,923,14,13
jpn_Jpan,923,15,24
jpn_Jpan,923,16,19
jpn_Jpan,923,17,13
jpn_Jpan,923,18,24
jpn_Jpan,923,19,24
jpn_Jpan,923,20,47
jpn_Jpan,923,21,13
jpn_Jpan,923,22,13
jpn_Jpan,923,23,13
jpn_Jpan,923,24,13
jpn_Jpan,923,25,13
jpn_Jpan,923,26,47
jpn_Jpan,923,27,13
jpn_Jpan,923,28,13
jpn_Jpan,923,29,19
jpn_Jpan,923,30,13
jpn_Jpan,923,31,34
jpn_Jpan,924,0,60
jpn_Jpan,924,1,13
jpn_Jpan,924,2,1
jpn_Jpan,924,3,52
jpn_Jpan,924,4,37
jpn_Jpan,924,5,58
jpn_Jpan,924,6,12
jpn_Jpan,924,7,13
jpn_Jpan,924,8,19
jpn_Jpan,924,9,13
jpn_Jpan,924,10,24
jpn_Jpan,924,11,24
jpn_Jpan,924,12,13
jpn_Jpan,924,13,24
jpn_Jpan,924,14,19
jpn_Jpan,924,15,13
jpn_Jpan,924,16,26
jpn_Jpan,924,17,47
jpn_Jpan,924,18,13
jpn_Jpan,924,19,24
jpn_Jpan,924,20,19
jpn_Jpan,924,21,13
jpn_Jpan,924,22,26
jpn_Jpan,924,23,47
jpn_Jpan,924,24,36
jpn_Jpan,924,25,13
jpn_Jpan,924,26,34
jpn_Jpan,924,27,12
jpn_Jpan,924,28,52
jpn_Jpan,924,29,52
jpn_Jpan,924,30,24
jpn_Jpan,924,31,52
jpn_Jpan,924,32,13
jpn_Jpan,924,33,12
jpn_Jpan,924,34,12
jpn_Jpan,924,35,13
jpn_Jpan,924,36,13
jpn_Jpan,924,37,13
jpn_Jpan,924,38,13
jpn_Jpan,924,39,13
jpn_Jpan,924,40,13
jpn_Jpan,924,41,39
jpn_Jpan,924,42,13
jpn_Jpan,924,43,13
jpn_Jpan,924,44,13
jpn_Jpan,924,45,61
jpn_Jpan,924,46,13
jpn_Jpan,924,47,13
jpn_Jpan,924,48,13
jpn_Jpan,924,49,24
jpn_Jpan,924,50,13
jpn_Jpan,924,51,13
jpn_Jpan,925,0,60
jpn_Jpan,925,1,27
jpn_Jpan,925,2,50
jpn_Jpan,925,3,24
jpn_Jpan,925,4,52
jpn_Jpan,925,5,24
jpn_Jpan,925,6,24
jpn_Jpan,925,7,19
jpn_Jpan,925,8,13
jpn_Jpan,925,9,19
jpn_Jpan,925,10,34
jpn_Jpan,925,11,24
jpn_Jpan,925,12,24
jpn_Jpan,925,13,47
jpn_Jpan,925,14,61
jpn_Jpan,926,0,60
jpn_Jpan,926,1,13
jpn_Jpan,926,2,13
jpn_Jpan,926,3,13
jpn_Jpan,926,4,13
jpn_Jpan,926,5,13
jpn_Jpan,926,6,24
jpn_Jpan,926,7,13
jpn_Jpan,926,8,47
jpn_Jpan,926,9,24
jpn_Jpan,926,10,19
jpn_Jpan,926,11,13
jpn_Jpan,926,12,13
jpn_Jpan,926,13,7
jpn_Jpan,926,14,13
jpn_Jpan,926,15,34
jpn_Jpan,927,0,60
jpn_Jpan,927,1,13
jpn_Jpan,927,2,47
jpn_Jpan,927,3,36
jpn_Jpan,927,4,1
jpn_Jpan,927,5,13
jpn_Jpan,927,6,24
jpn_Jpan,927,7,19
jpn_Jpan,927,8,13
jpn_Jpan,927,9,13
jpn_Jpan,927,10,24
jpn_Jpan,927,11,13
jpn_Jpan,927,12,13
jpn_Jpan,927,13,24
jpn_Jpan,927,14,47
jpn_Jpan,927,15,13
jpn_Jpan,927,16,19
jpn_Jpan,927,17,13
jpn_Jpan,927,18,13
jpn_Jpan,927,19,13
jpn_Jpan,927,20,13
jpn_Jpan,928,0,60
jpn_Jpan,928,1,36
jpn_Jpan,928,2,36
jpn_Jpan,928,3,13
jpn_Jpan,928,4,39
jpn_Jpan,928,5,39
jpn_Jpan,928,6,24
jpn_Jpan,928,7,13
jpn_Jpan,928,8,47
jpn_Jpan,928,9,13
jpn_Jpan,928,10,13
jpn_Jpan,928,11,13
jpn_Jpan,928,12,24
jpn_Jpan,928,13,13
jpn_Jpan,928,14,19
jpn_Jpan,928,15,13
jpn_Jpan,928,16,36
jpn_Jpan,928,17,24
jpn_Jpan,928,18,19
jpn_Jpan,928,19,13
jpn_Jpan,928,20,13
jpn_Jpan,928,21,24
jpn_Jpan,928,22,13
jpn_Jpan,928,23,34
jpn_Jpan,929,0,60
jpn_Jpan,929,1,60
jpn_Jpan,929,2,13
jpn_Jpan,929,3,52
jpn_Jpan,929,4,52
jpn_Jpan,929,5,7
jpn_Jpan,929,6,24
jpn_Jpan,929,7,61
jpn_Jpan,929,8,19
jpn_Jpan,929,9,13
jpn_Jpan,929,10,13
jpn_Jpan,929,11,13
jpn_Jpan,929,12,13
jpn_Jpan,929,13,13
jpn_Jpan,930,0,60
jpn_Jpan,930,1,13
jpn_Jpan,930,2,13
jpn_Jpan,930,3,13
jpn_Jpan,930,4,13
jpn_Jpan,930,5,13
jpn_Jpan,930,6,24
jpn_Jpan,930,7,19
jpn_Jpan,930,8,52
jpn_Jpan,930,9,37
jpn_Jpan,930,10,24
jpn_Jpan,930,11,19
jpn_Jpan,930,12,13
jpn_Jpan,930,13,13
jpn_Jpan,930,14,13
jpn_Jpan,930,15,13
jpn_Jpan,930,16,19
jpn_Jpan,930,17,13
jpn_Jpan,930,18,24
jpn_Jpan,930,19,24
jpn_Jpan,930,20,13
jpn_Jpan,930,21,19
jpn_Jpan,930,22,13
jpn_Jpan,930,23,24
jpn_Jpan,930,24,19
jpn_Jpan,930,25,13
jpn_Jpan,930,26,13
jpn_Jpan,930,27,13
jpn_Jpan,930,28,13
jpn_Jpan,930,29,13
jpn_Jpan,930,30,13
jpn_Jpan,930,31,39
jpn_Jpan,930,32,13
jpn_Jpan,930,33,13
jpn_Jpan,930,34,13
jpn_Jpan,930,35,13
jpn_Jpan,930,36,13
jpn_Jpan,930,37,19
jpn_Jpan,930,38,13
jpn_Jpan,930,39,13
jpn_Jpan,930,40,61
jpn_Jpan,930,41,13
jpn_Jpan,930,42,39
jpn_Jpan,930,43,13
jpn_Jpan,930,44,24
jpn_Jpan,930,45,13
jpn_Jpan,930,46,13
jpn_Jpan,930,47,13
jpn_Jpan,930,48,34
jpn_Jpan,931,0,60
jpn_Jpan,931,1,13
jpn_Jpan,931,2,19
jpn_Jpan,931,3,13
jpn_Jpan,931,4,13
jpn_Jpan,931,5,47
jpn_Jpan,931,6,19
jpn_Jpan,931,7,47
jpn_Jpan,931,8,7
jpn_Jpan,931,9,13
jpn_Jpan,931,10,1
jpn_Jpan,931,11,13
jpn_Jpan,931,12,13
jpn_Jpan,931,13,13
jpn_Jpan,931,14,13
jpn_Jpan,931,15,39
jpn_Jpan,931,16,13
jpn_Jpan,931,17,13
jpn_Jpan,931,18,47
jpn_Jpan,931,19,13
jpn_Jpan,931,20,19
jpn_Jpan,931,21,13
jpn_Jpan,931,22,19
jpn_Jpan,931,23,13
jpn_Jpan,931,24,13
jpn_Jpan,931,25,13
jpn_Jpan,931,26,24
jpn_Jpan,931,27,13
jpn_Jpan,931,28,34
jpn_Jpan,932,0,60
jpn_Jpan,932,1,13
jpn_Jpan,932,2,13
jpn_Jpan,932,3,19
jpn_Jpan,932,4,39
jpn_Jpan,932,5,13
jpn_Jpan,932,6,19
jpn_Jpan,932,7,19
jpn_Jpan,932,8,19
jpn_Jpan,932,9,39
jpn_Jpan,932,10,13
jpn_Jpan,932,11,24
jpn_Jpan,932,12,19
jpn_Jpan,932,13,13
jpn_Jpan,932,14,24
jpn_Jpan,932,15,24
jpn_Jpan,932,16,13
jpn_Jpan,932,17,13
jpn_Jpan,932,18,13
jpn_Jpan,932,19,13
jpn_Jpan,932,20,19
jpn_Jpan,932,21,13
jpn_Jpan,932,22,13
jpn_Jpan,932,23,13
jpn_Jpan,932,24,13
jpn_Jpan,932,25,19
jpn_Jpan,932,26,13
jpn_Jpan,932,27,19
jpn_Jpan,932,28,13
jpn_Jpan,932,29,13
jpn_Jpan,932,30,19
jpn_Jpan,932,31,13
jpn_Jpan,932,32,24
jpn_Jpan,932,33,13
jpn_Jpan,932,34,13
jpn_Jpan,932,35,13
jpn_Jpan,932,36,51
jpn_Jpan,933,0,60
jpn_Jpan,933,1,24
jpn_Jpan,933,2,19
jpn_Jpan,933,3,13
jpn_Jpan,933,4,36
jpn_Jpan,933,5,13
jpn_Jpan,933,6,36
jpn_Jpan,933,7,36
jpn_Jpan,933,8,19
jpn_Jpan,933,9,13
jpn_Jpan,933,10,13
jpn_Jpan,933,11,24
jpn_Jpan,933,12,13
jpn_Jpan,933,13,36
jpn_Jpan,933,14,36
jpn_Jpan,933,15,13
jpn_Jpan,933,16,34
jpn_Jpan,933,17,13
jpn_Jpan,933,18,24
jpn_Jpan,933,19,13
jpn_Jpan,933,20,13
jpn_Jpan,933,21,36
jpn_Jpan,934,0,60
jpn_Jpan,934,1,13
jpn_Jpan,934,2,13
jpn_Jpan,934,3,47
jpn_Jpan,934,4,39
jpn_Jpan,934,5,19
jpn_Jpan,934,6,34
jpn_Jpan,934,7,34
jpn_Jpan,934,8,13
jpn_Jpan,934,9,24
jpn_Jpan,934,10,24
jpn_Jpan,934,11,13
jpn_Jpan,934,12,13
jpn_Jpan,934,13,19
jpn_Jpan,934,14,36
jpn_Jpan,934,15,24
jpn_Jpan,934,16,13
jpn_Jpan,934,17,39
jpn_Jpan,934,18,24
jpn_Jpan,934,19,13
jpn_Jpan,934,20,19
jpn_Jpan,934,21,34
jpn_Jpan,934,22,13
jpn_Jpan,934,23,24
jpn_Jpan,934,24,12
jpn_Jpan,934,25,19
jpn_Jpan,934,26,13
jpn_Jpan,934,27,58
jpn_Jpan,934,28,52
jpn_Jpan,934,29,52
jpn_Jpan,934,30,13
jpn_Jpan,934,31,52
jpn_Jpan,934,32,34
jpn_Jpan,934,33,24
jpn_Jpan,934,34,61
jpn_Jpan,934,35,19
jpn_Jpan,934,36,19
jpn_Jpan,934,37,13
jpn_Jpan,935,0,60
jpn_Jpan,935,1,60
jpn_Jpan,935,2,13
jpn_Jpan,935,3,13
jpn_Jpan,935,4,60
jpn_Jpan,935,5,13
jpn_Jpan,935,6,24
jpn_Jpan,935,7,13
jpn_Jpan,935,8,19
jpn_Jpan,935,9,13
jpn_Jpan,935,10,24
jpn_Jpan,935,11,13
jpn_Jpan,935,12,13
jpn_Jpan,935,13,24
jpn_Jpan,935,14,13
jpn_Jpan,935,15,24
jpn_Jpan,935,16,19
jpn_Jpan,935,17,13
jpn_Jpan,935,18,13
jpn_Jpan,935,19,13
jpn_Jpan,935,20,24
jpn_Jpan,935,21,34
jpn_Jpan,936,0,60
jpn_Jpan,936,1,47
jpn_Jpan,936,2,47
jpn_Jpan,936,3,39
jpn_Jpan,936,4,47
jpn_Jpan,936,5,19
jpn_Jpan,936,6,19
jpn_Jpan,936,7,13
jpn_Jpan,936,8,13
jpn_Jpan,936,9,13
jpn_Jpan,936,10,13
jpn_Jpan,936,11,24
jpn_Jpan,936,12,13
jpn_Jpan,936,13,13
jpn_Jpan,936,14,34
jpn_Jpan,936,15,13
jpn_Jpan,936,16,13
jpn_Jpan,936,17,13
jpn_Jpan,936,18,51
jpn_Jpan,936,19,51
jpn_Jpan,937,0,60
jpn_Jpan,937,1,47
jpn_Jpan,937,2,19
jpn_Jpan,937,3,13
jpn_Jpan,937,4,61
jpn_Jpan,937,5,13
jpn_Jpan,937,6,19
jpn_Jpan,937,7,13
jpn_Jpan,937,8,24
jpn_Jpan,937,9,52
jpn_Jpan,937,10,13
jpn_Jpan,937,11,24
jpn_Jpan,937,12,13
jpn_Jpan,937,13,13
jpn_Jpan,937,14,19
jpn_Jpan,937,15,13
jpn_Jpan,937,16,13
jpn_Jpan,937,17,13
jpn_Jpan,937,18,24
jpn_Jpan,937,19,13
jpn_Jpan,937,20,13
jpn_Jpan,937,21,19
jpn_Jpan,937,22,36
jpn_Jpan,937,23,19
jpn_Jpan,937,24,13
jpn_Jpan,937,25,13
jpn_Jpan,937,26,13
jpn_Jpan,937,27,34
jpn_Jpan,937,28,24
jpn_Jpan,937,29,24
jpn_Jpan,937,30,13
jpn_Jpan,937,31,24
jpn_Jpan,937,32,24
jpn_Jpan,937,33,13
jpn_Jpan,937,34,13
jpn_Jpan,937,35,24
jpn_Jpan,937,36,13
jpn_Jpan,937,37,13
jpn_Jpan,937,38,39
jpn_Jpan,937,39,13
jpn_Jpan,937,40,34
jpn_Jpan,937,41,13
jpn_Jpan,937,42,19
jpn_Jpan,937,43,13
jpn_Jpan,937,44,13
jpn_Jpan,937,45,34
jpn_Jpan,937,46,13
jpn_Jpan,937,47,13
jpn_Jpan,937,48,13
jpn_Jpan,937,49,13
jpn_Jpan,937,50,34
jpn_Jpan,938,0,60
jpn_Jpan,938,1,13
jpn_Jpan,938,2,13
jpn_Jpan,938,3,7
jpn_Jpan,938,4,61
jpn_Jpan,938,5,61
jpn_Jpan,938,6,19
jpn_Jpan,938,7,13
jpn_Jpan,938,8,13
jpn_Jpan,938,9,13
jpn_Jpan,938,10,13
jpn_Jpan,938,11,47
jpn_Jpan,938,12,13
jpn_Jpan,938,13,13
jpn_Jpan,938,14,13
jpn_Jpan,939,0,60
jpn_Jpan,939,1,47
jpn_Jpan,939,2,39
jpn_Jpan,939,3,13
jpn_Jpan,939,4,13
jpn_Jpan,939,5,24
jpn_Jpan,939,6,52
jpn_Jpan,939,7,19
jpn_Jpan,939,8,13
jpn_Jpan,939,9,24
jpn_Jpan,939,10,13
jpn_Jpan,939,11,26
jpn_Jpan,939,12,19
jpn_Jpan,939,13,13
jpn_Jpan,939,14,13
jpn_Jpan,939,15,24
jpn_Jpan,940,0,60
jpn_Jpan,940,1,13
jpn_Jpan,940,2,39
jpn_Jpan,940,3,7
jpn_Jpan,940,4,9
jpn_Jpan,940,5,13
jpn_Jpan,940,6,13
jpn_Jpan,940,7,13
jpn_Jpan,940,8,19
jpn_Jpan,940,9,13
jpn_Jpan,940,10,13
jpn_Jpan,940,11,39
jpn_Jpan,940,12,13
jpn_Jpan,940,13,13
jpn_Jpan,940,14,19
jpn_Jpan,940,15,13
jpn_Jpan,940,16,24
jpn_Jpan,940,17,13
jpn_Jpan,940,18,13
jpn_Jpan,940,19,39
jpn_Jpan,940,20,13
jpn_Jpan,940,21,58
jpn_Jpan,940,22,12
jpn_Jpan,940,23,61
jpn_Jpan,941,0,60
jpn_Jpan,941,1,24
jpn_Jpan,941,2,13
jpn_Jpan,941,3,24
jpn_Jpan,941,4,13
jpn_Jpan,941,5,13
jpn_Jpan,941,6,61
jpn_Jpan,941,7,13
jpn_Jpan,941,8,13
jpn_Jpan,941,9,24
jpn_Jpan,941,10,47
jpn_Jpan,941,11,13
jpn_Jpan,941,12,13
jpn_Jpan,941,13,47
jpn_Jpan,941,14,13
jpn_Jpan,941,15,24
jpn_Jpan,941,16,13
jpn_Jpan,941,17,24
jpn_Jpan,941,18,13
jpn_Jpan,941,19,47
jpn_Jpan,941,20,13
jpn_Jpan,941,21,24
jpn_Jpan,941,22,47
jpn_Jpan,941,23,19
jpn_Jpan,941,24,13
jpn_Jpan,941,25,19
jpn_Jpan,941,26,13
jpn_Jpan,941,27,13
jpn_Jpan,941,28,13
jpn_Jpan,941,29,13
jpn_Jpan,941,30,13
jpn_Jpan,941,31,51
jpn_Jpan,942,0,60
jpn_Jpan,942,1,36
jpn_Jpan,942,2,24
jpn_Jpan,942,3,13
jpn_Jpan,942,4,34
jpn_Jpan,942,5,36
jpn_Jpan,942,6,24
jpn_Jpan,942,7,24
jpn_Jpan,942,8,13
jpn_Jpan,942,9,13
jpn_Jpan,942,10,24
jpn_Jpan,942,11,24
jpn_Jpan,942,12,52
jpn_Jpan,942,13,47
jpn_Jpan,942,14,19
jpn_Jpan,942,15,36
jpn_Jpan,942,16,24
jpn_Jpan,942,17,13
jpn_Jpan,942,18,13
jpn_Jpan,942,19,13
jpn_Jpan,942,20,47
jpn_Jpan,942,21,13
jpn_Jpan,942,22,39
jpn_Jpan,942,23,13
jpn_Jpan,942,24,13
jpn_Jpan,942,25,13
jpn_Jpan,942,26,13
jpn_Jpan,942,27,13
jpn_Jpan,942,28,13
jpn_Jpan,942,29,34
jpn_Jpan,942,30,13
jpn_Jpan,942,31,13
jpn_Jpan,942,32,47
jpn_Jpan,942,33,13
jpn_Jpan,942,34,19
jpn_Jpan,942,35,13
jpn_Jpan,942,36,24
jpn_Jpan,942,37,47
jpn_Jpan,942,38,13
jpn_Jpan,942,39,13
jpn_Jpan,942,40,19
jpn_Jpan,942,41,19
jpn_Jpan,942,42,13
jpn_Jpan,942,43,19
jpn_Jpan,942,44,19
jpn_Jpan,942,45,13
jpn_Jpan,942,46,47
jpn_Jpan,942,47,13
jpn_Jpan,942,48,19
jpn_Jpan,942,49,13
jpn_Jpan,942,50,47
jpn_Jpan,942,51,19
jpn_Jpan,942,52,13
jpn_Jpan,942,53,13
jpn_Jpan,942,54,34
jpn_Jpan,942,55,24
jpn_Jpan,942,56,47
jpn_Jpan,942,57,39
jpn_Jpan,942,58,47
jpn_Jpan,942,59,34
jpn_Jpan,942,60,34
jpn_Jpan,943,0,60
jpn_Jpan,943,1,47
jpn_Jpan,943,2,24
jpn_Jpan,943,3,13
jpn_Jpan,943,4,13
jpn_Jpan,943,5,26
jpn_Jpan,943,6,47
jpn_Jpan,943,7,13
jpn_Jpan,943,8,13
jpn_Jpan,943,9,24
jpn_Jpan,943,10,19
jpn_Jpan,943,11,13
jpn_Jpan,943,12,19
jpn_Jpan,943,13,34
jpn_Jpan,944,0,60
jpn_Jpan,944,1,13
jpn_Jpan,944,2,13
jpn_Jpan,944,3,39
jpn_Jpan,944,4,19
jpn_Jpan,944,5,13
jpn_Jpan,944,6,19
jpn_Jpan,944,7,13
jpn_Jpan,944,8,13
jpn_Jpan,944,9,39
jpn_Jpan,944,10,13
jpn_Jpan,944,11,24
jpn_Jpan,944,12,52
jpn_Jpan,944,13,52
jpn_Jpan,944,14,13
jpn_Jpan,944,15,52
jpn_Jpan,944,16,52
jpn_Jpan,944,17,37
jpn_Jpan,944,18,12
jpn_Jpan,944,19,47
jpn_Jpan,944,20,13
jpn_Jpan,944,21,24
jpn_Jpan,944,22,47
jpn_Jpan,944,23,13
jpn_Jpan,944,24,13
jpn_Jpan,944,25,13
jpn_Jpan,945,0,60
jpn_Jpan,945,1,13
jpn_Jpan,945,2,29
jpn_Jpan,945,3,13
jpn_Jpan,945,4,61
jpn_Jpan,945,5,13
jpn_Jpan,945,6,13
jpn_Jpan,945,7,13
jpn_Jpan,945,8,13
jpn_Jpan,945,9,24
jpn_Jpan,945,10,28
jpn_Jpan,945,11,13
jpn_Jpan,945,12,24
jpn_Jpan,945,13,13
jpn_Jpan,945,14,19
jpn_Jpan,945,15,36
jpn_Jpan,945,16,24
jpn_Jpan,945,17,13
jpn_Jpan,945,18,39
jpn_Jpan,945,19,13
jpn_Jpan,945,20,13
jpn_Jpan,945,21,36
jpn_Jpan,945,22,24
jpn_Jpan,945,23,61
jpn_Jpan,945,24,13
jpn_Jpan,945,25,13
jpn_Jpan,945,26,13
jpn_Jpan,945,27,34
jpn_Jpan,945,28,13
jpn_Jpan,945,29,51
jpn_Jpan,945,30,13
jpn_Jpan,945,31,13
jpn_Jpan,945,32,34
jpn_Jpan,946,0,60
jpn_Jpan,946,1,61
jpn_Jpan,946,2,13
jpn_Jpan,946,3,36
jpn_Jpan,946,4,47
jpn_Jpan,946,5,13
jpn_Jpan,946,6,13
jpn_Jpan,946,7,13
jpn_Jpan,946,8,24
jpn_Jpan,946,9,19
jpn_Jpan,946,10,13
jpn_Jpan,946,11,13
jpn_Jpan,946,12,13
jpn_Jpan,946,13,13
jpn_Jpan,946,14,13
jpn_Jpan,946,15,13
jpn_Jpan,946,16,13
jpn_Jpan,946,17,13
jpn_Jpan,946,18,19
jpn_Jpan,946,19,13
jpn_Jpan,946,20,47
jpn_Jpan,946,21,47
jpn_Jpan,946,22,19
jpn_Jpan,946,23,19
jpn_Jpan,946,24,13
jpn_Jpan,946,25,24
jpn_Jpan,946,26,13
jpn_Jpan,946,27,13
jpn_Jpan,946,28,13
jpn_Jpan,946,29,13
jpn_Jpan,946,30,9
jpn_Jpan,946,31,19
jpn_Jpan,946,32,7
jpn_Jpan,946,33,19
jpn_Jpan,946,34,24
jpn_Jpan,946,35,13
jpn_Jpan,946,36,13
jpn_Jpan,946,37,13
jpn_Jpan,946,38,39
jpn_Jpan,946,39,13
jpn_Jpan,946,40,24
jpn_Jpan,946,41,19
jpn_Jpan,946,42,13
jpn_Jpan,946,43,13
jpn_Jpan,946,44,13
jpn_Jpan,946,45,13
jpn_Jpan,946,46,24
jpn_Jpan,946,47,19
jpn_Jpan,946,48,13
jpn_Jpan,946,49,13
jpn_Jpan,946,50,24
jpn_Jpan,946,51,19
jpn_Jpan,946,52,13
jpn_Jpan,946,53,13
jpn_Jpan,947,0,60
jpn_Jpan,947,1,39
jpn_Jpan,947,2,39
jpn_Jpan,947,3,13
jpn_Jpan,947,4,39
jpn_Jpan,947,5,13
jpn_Jpan,947,6,36
jpn_Jpan,947,7,24
jpn_Jpan,947,8,36
jpn_Jpan,947,9,36
jpn_Jpan,947,10,24
jpn_Jpan,947,11,13
jpn_Jpan,947,12,47
jpn_Jpan,947,13,47
jpn_Jpan,947,14,19
jpn_Jpan,947,15,47
jpn_Jpan,947,16,13
jpn_Jpan,947,17,36
jpn_Jpan,947,18,47
jpn_Jpan,947,19,19
jpn_Jpan,947,20,19
jpn_Jpan,947,21,19
jpn_Jpan,947,22,13
jpn_Jpan,947,23,36
jpn_Jpan,947,24,36
jpn_Jpan,947,25,61
jpn_Jpan,947,26,19
jpn_Jpan,947,27,13
jpn_Jpan,947,28,19
jpn_Jpan,947,29,13
jpn_Jpan,947,30,13
jpn_Jpan,947,31,13
jpn_Jpan,947,32,36
jpn_Jpan,947,33,36
jpn_Jpan,947,34,19
jpn_Jpan,947,35,36
jpn_Jpan,947,36,13
jpn_Jpan,947,37,34
jpn_Jpan,947,38,9
jpn_Jpan,947,39,47
jpn_Jpan,947,40,13
jpn_Jpan,947,41,61
jpn_Jpan,947,42,36
jpn_Jpan,947,43,13
jpn_Jpan,947,44,13
jpn_Jpan,947,45,61
jpn_Jpan,947,46,61
jpn_Jpan,947,47,39
jpn_Jpan,947,48,13
jpn_Jpan,947,49,19
jpn_Jpan,947,50,13
jpn_Jpan,948,0,60
jpn_Jpan,948,1,13
jpn_Jpan,948,2,13
jpn_Jpan,948,3,13
jpn_Jpan,948,4,13
jpn_Jpan,948,5,13
jpn_Jpan,948,6,24
jpn_Jpan,948,7,19
jpn_Jpan,948,8,13
jpn_Jpan,948,9,13
jpn_Jpan,948,10,24
jpn_Jpan,948,11,34
jpn_Jpan,948,12,24
jpn_Jpan,948,13,13
jpn_Jpan,948,14,13
jpn_Jpan,948,15,19
jpn_Jpan,948,16,19
jpn_Jpan,948,17,39
jpn_Jpan,948,18,24
jpn_Jpan,948,19,13
jpn_Jpan,948,20,13
jpn_Jpan,948,21,47
jpn_Jpan,948,22,24
jpn_Jpan,948,23,13
jpn_Jpan,948,24,19
jpn_Jpan,948,25,13
jpn_Jpan,948,26,47
jpn_Jpan,948,27,47
jpn_Jpan,948,28,47
jpn_Jpan,948,29,19
jpn_Jpan,948,30,39
jpn_Jpan,948,31,24
jpn_Jpan,948,32,47
jpn_Jpan,948,33,13
jpn_Jpan,948,34,13
jpn_Jpan,948,35,24
jpn_Jpan,948,36,13
jpn_Jpan,948,37,13
jpn_Jpan,948,38,13
jpn_Jpan,948,39,34
jpn_Jpan,949,0,60
jpn_Jpan,949,1,13
jpn_Jpan,949,2,13
jpn_Jpan,949,3,13
jpn_Jpan,949,4,13
jpn_Jpan,949,5,24
jpn_Jpan,949,6,13
jpn_Jpan,949,7,13
jpn_Jpan,949,8,13
jpn_Jpan,949,9,19
jpn_Jpan,949,10,13
jpn_Jpan,949,11,19
jpn_Jpan,949,12,13
jpn_Jpan,949,13,24
jpn_Jpan,949,14,47
jpn_Jpan,949,15,39
jpn_Jpan,949,16,13
jpn_Jpan,949,17,61
jpn_Jpan,949,18,19
jpn_Jpan,949,19,13
jpn_Jpan,949,20,24
jpn_Jpan,949,21,61
jpn_Jpan,949,22,61
jpn_Jpan,949,23,13
jpn_Jpan,949,24,13
jpn_Jpan,949,25,39
jpn_Jpan,949,26,39
jpn_Jpan,949,27,13
jpn_Jpan,949,28,24
jpn_Jpan,949,29,13
jpn_Jpan,949,30,13
jpn_Jpan,949,31,24
jpn_Jpan,949,32,13
jpn_Jpan,949,33,34
jpn_Jpan,950,0,60
jpn_Jpan,950,1,36
jpn_Jpan,950,2,13
jpn_Jpan,950,3,36
jpn_Jpan,950,4,24
jpn_Jpan,950,5,24
jpn_Jpan,950,6,47
jpn_Jpan,950,7,13
jpn_Jpan,950,8,13
jpn_Jpan,950,9,13
jpn_Jpan,950,10,13
jpn_Jpan,950,11,13
jpn_Jpan,950,12,13
jpn_Jpan,950,13,39
jpn_Jpan,950,14,13
jpn_Jpan,950,15,47
jpn_Jpan,950,16,47
jpn_Jpan,950,17,19
jpn_Jpan,950,18,19
jpn_Jpan,950,19,13
jpn_Jpan,950,20,13
jpn_Jpan,950,21,19
jpn_Jpan,950,22,13
jpn_Jpan,950,23,34
jpn_Jpan,950,24,24
jpn_Jpan,950,25,24
jpn_Jpan,950,26,61
jpn_Jpan,950,27,13
jpn_Jpan,950,28,13
jpn_Jpan,950,29,47
jpn_Jpan,950,30,13
jpn_Jpan,950,31,7
jpn_Jpan,951,0,60
jpn_Jpan,951,1,52
jpn_Jpan,951,2,24
jpn_Jpan,951,3,24
jpn_Jpan,951,4,52
jpn_Jpan,951,5,13
jpn_Jpan,951,6,13
jpn_Jpan,951,7,24
jpn_Jpan,951,8,24
jpn_Jpan,951,9,13
jpn_Jpan,951,10,13
jpn_Jpan,951,11,13
jpn_Jpan,951,12,36
jpn_Jpan,951,13,13
jpn_Jpan,952,0,60
jpn_Jpan,952,1,13
jpn_Jpan,952,2,24
jpn_Jpan,952,3,29
jpn_Jpan,952,4,19
jpn_Jpan,952,5,13
jpn_Jpan,952,6,24
jpn_Jpan,952,7,13
jpn_Jpan,952,8,13
jpn_Jpan,952,9,24
jpn_Jpan,952,10,13
jpn_Jpan,952,11,13
jpn_Jpan,952,12,24
jpn_Jpan,952,13,13
jpn_Jpan,952,14,13
jpn_Jpan,952,15,24
jpn_Jpan,952,16,19
jpn_Jpan,952,17,13
jpn_Jpan,952,18,39
jpn_Jpan,952,19,19
jpn_Jpan,952,20,13
jpn_Jpan,952,21,13
jpn_Jpan,952,22,19
jpn_Jpan,952,23,13
jpn_Jpan,952,24,13
jpn_Jpan,952,25,51
jpn_Jpan,953,0,60
jpn_Jpan,953,1,46
jpn_Jpan,954,0,60
jpn_Jpan,954,1,6
jpn_Jpan,954,2,47
jpn_Jpan,954,3,13
jpn_Jpan,954,4,13
jpn_Jpan,954,5,6
jpn_Jpan,954,6,13
jpn_Jpan,954,7,36
jpn_Jpan,954,8,36
jpn_Jpan,954,9,36
jpn_Jpan,954,10,13
jpn_Jpan,954,11,61
jpn_Jpan,954,12,19
jpn_Jpan,954,13,19
jpn_Jpan,954,14,13
jpn_Jpan,954,15,24
jpn_Jpan,954,16,61
jpn_Jpan,954,17,61
jpn_Jpan,954,18,19
jpn_Jpan,954,19,19
jpn_Jpan,954,20,13
jpn_Jpan,954,21,13
jpn_Jpan,954,22,11
jpn_Jpan,954,23,27
jpn_Jpan,954,24,61
jpn_Jpan,955,0,60
jpn_Jpan,955,1,19
jpn_Jpan,955,2,19
jpn_Jpan,955,3,13
jpn_Jpan,955,4,24
jpn_Jpan,955,5,47
jpn_Jpan,955,6,13
jpn_Jpan,955,7,24
jpn_Jpan,955,8,19
jpn_Jpan,955,9,13
jpn_Jpan,955,10,34
jpn_Jpan,955,11,19
jpn_Jpan,955,12,13
jpn_Jpan,955,13,13
jpn_Jpan,955,14,13
jpn_Jpan,955,15,24
jpn_Jpan,955,16,13
jpn_Jpan,955,17,24
jpn_Jpan,955,18,19
jpn_Jpan,955,19,13
jpn_Jpan,955,20,13
jpn_Jpan,955,21,13
jpn_Jpan,955,22,19
jpn_Jpan,955,23,13
jpn_Jpan,955,24,13
jpn_Jpan,955,25,34
jpn_Jpan,956,0,60
jpn_Jpan,956,1,13
jpn_Jpan,956,2,9
jpn_Jpan,956,3,13
jpn_Jpan,956,4,24
jpn_Jpan,956,5,19
jpn_Jpan,956,6,13
jpn_Jpan,956,7,13
jpn_Jpan,956,8,24
jpn_Jpan,956,9,61
jpn_Jpan,956,10,13
jpn_Jpan,956,11,13
jpn_Jpan,956,12,24
jpn_Jpan,956,13,19
jpn_Jpan,956,14,13
jpn_Jpan,956,15,34
jpn_Jpan,956,16,34
jpn_Jpan,956,17,13
jpn_Jpan,956,18,34
jpn_Jpan,956,19,42
jpn_Jpan,956,20,9
jpn_Jpan,956,21,13
jpn_Jpan,956,22,24
jpn_Jpan,956,23,24
jpn_Jpan,956,24,61
jpn_Jpan,956,25,13
jpn_Jpan,956,26,34
jpn_Jpan,956,27,24
jpn_Jpan,956,28,13
jpn_Jpan,956,29,19
jpn_Jpan,956,30,39
jpn_Jpan,956,31,47
jpn_Jpan,956,32,34
jpn_Jpan,957,0,60
jpn_Jpan,957,1,33
jpn_Jpan,957,2,40
jpn_Jpan,957,3,42
jpn_Jpan,957,4,22
jpn_Jpan,957,5,12
jpn_Jpan,957,6,58
jpn_Jpan,957,7,12
jpn_Jpan,957,8,61
jpn_Jpan,958,0,60
jpn_Jpan,958,1,13
jpn_Jpan,958,2,36
jpn_Jpan,958,3,11
jpn_Jpan,958,4,13
jpn_Jpan,958,5,47
jpn_Jpan,958,6,36
jpn_Jpan,958,7,19
jpn_Jpan,958,8,36
jpn_Jpan,958,9,12
jpn_Jpan,958,10,19
jpn_Jpan,958,11,40
jpn_Jpan,958,12,24
jpn_Jpan,958,13,13
jpn_Jpan,958,14,13
jpn_Jpan,958,15,13
jpn_Jpan,958,16,24
jpn_Jpan,958,17,61
jpn_Jpan,958,18,19
jpn_Jpan,958,19,19
jpn_Jpan,958,20,13
jpn_Jpan,958,21,13
jpn_Jpan,958,22,13
jpn_Jpan,958,23,13
jpn_Jpan,958,24,24
jpn_Jpan,958,25,47
jpn_Jpan,958,26,13
jpn_Jpan,958,27,13
jpn_Jpan,958,28,13
jpn_Jpan,958,29,61
jpn_Jpan,958,30,19
jpn_Jpan,958,31,13
jpn_Jpan,958,32,13
jpn_Jpan,958,33,19
jpn_Jpan,958,34,13
jpn_Jpan,958,35,19
jpn_Jpan,958,36,34
jpn_Jpan,958,37,13
jpn_Jpan,958,38,34
jpn_Jpan,959,0,60
jpn_Jpan,959,1,13
jpn_Jpan,959,2,19
jpn_Jpan,959,3,36
jpn_Jpan,959,4,19
jpn_Jpan,959,5,36
jpn_Jpan,959,6,61
jpn_Jpan,959,7,13
jpn_Jpan,959,8,24
jpn_Jpan,959,9,61
jpn_Jpan,959,10,13
jpn_Jpan,959,11,19
jpn_Jpan,959,12,13
jpn_Jpan,959,13,24
jpn_Jpan,959,14,61
jpn_Jpan,959,15,61
jpn_Jpan,959,16,19
jpn_Jpan,959,17,13
jpn_Jpan,959,18,19
jpn_Jpan,959,19,13
jpn_Jpan,959,20,19
jpn_Jpan,959,21,13
jpn_Jpan,959,22,47
jpn_Jpan,959,23,19
jpn_Jpan,959,24,13
jpn_Jpan,959,25,36
jpn_Jpan,959,26,24
jpn_Jpan,959,27,47
jpn_Jpan,959,28,47
jpn_Jpan,959,29,7
jpn_Jpan,959,30,13
jpn_Jpan,959,31,24
jpn_Jpan,959,32,47
jpn_Jpan,959,33,13
jpn_Jpan,959,34,19
jpn_Jpan,959,35,13
jpn_Jpan,959,36,13
jpn_Jpan,959,37,24
jpn_Jpan,959,38,13
jpn_Jpan,959,39,34
jpn_Jpan,959,40,34
jpn_Jpan,960,0,60
jpn_Jpan,960,1,29
jpn_Jpan,960,2,13
jpn_Jpan,960,3,13
jpn_Jpan,960,4,19
jpn_Jpan,960,5,36
jpn_Jpan,960,6,13
jpn_Jpan,960,7,13
jpn_Jpan,960,8,24
jpn_Jpan,960,9,13
jpn_Jpan,960,10,47
jpn_Jpan,960,11,24
jpn_Jpan,960,12,19
jpn_Jpan,960,13,13
jpn_Jpan,960,14,19
jpn_Jpan,960,15,13
jpn_Jpan,960,16,24
jpn_Jpan,960,17,19
jpn_Jpan,960,18,13
jpn_Jpan,960,19,19
jpn_Jpan,960,20,19
jpn_Jpan,960,21,13
jpn_Jpan,960,22,19
jpn_Jpan,960,23,13
jpn_Jpan,960,24,61
jpn_Jpan,960,25,19
jpn_Jpan,960,26,13
jpn_Jpan,960,27,24
jpn_Jpan,960,28,13
jpn_Jpan,960,29,24
jpn_Jpan,960,30,19
jpn_Jpan,960,31,13
jpn_Jpan,960,32,19
jpn_Jpan,960,33,13
jpn_Jpan,960,34,13
jpn_Jpan,960,35,51
jpn_Jpan,960,36,26
jpn_Jpan,960,37,13
jpn_Jpan,960,38,24
jpn_Jpan,960,39,24
jpn_Jpan,960,40,19
jpn_Jpan,960,41,13
jpn_Jpan,960,42,24
jpn_Jpan,960,43,13
jpn_Jpan,960,44,13
jpn_Jpan,960,45,13
jpn_Jpan,960,46,13
jpn_Jpan,960,47,13
jpn_Jpan,960,48,51
jpn_Jpan,960,49,51
jpn_Jpan,961,0,60
jpn_Jpan,961,1,36
jpn_Jpan,961,2,24
jpn_Jpan,961,3,61
jpn_Jpan,961,4,36
jpn_Jpan,961,5,47
jpn_Jpan,961,6,47
jpn_Jpan,961,7,7
jpn_Jpan,961,8,36
jpn_Jpan,961,9,13
jpn_Jpan,961,10,13
jpn_Jpan,961,11,13
jpn_Jpan,961,12,34
jpn_Jpan,961,13,13
jpn_Jpan,961,14,13
jpn_Jpan,961,15,47
jpn_Jpan,961,16,13
jpn_Jpan,961,17,7
jpn_Jpan,961,18,34
jpn_Jpan,961,19,24
jpn_Jpan,961,20,24
jpn_Jpan,961,21,13
jpn_Jpan,961,22,13
jpn_Jpan,961,23,52
jpn_Jpan,961,24,13
jpn_Jpan,961,25,13
jpn_Jpan,961,26,13
jpn_Jpan,961,27,13
jpn_Jpan,961,28,34
jpn_Jpan,961,29,24
jpn_Jpan,961,30,13
jpn_Jpan,961,31,47
jpn_Jpan,961,32,34
jpn_Jpan,961,33,34
jpn_Jpan,961,34,13
jpn_Jpan,961,35,13
jpn_Jpan,962,0,60
jpn_Jpan,962,1,13
jpn_Jpan,962,2,39
jpn_Jpan,962,3,39
jpn_Jpan,962,4,13
jpn_Jpan,962,5,24
jpn_Jpan,962,6,19
jpn_Jpan,962,7,13
jpn_Jpan,962,8,24
jpn_Jpan,962,9,24
jpn_Jpan,962,10,13
jpn_Jpan,962,11,13
jpn_Jpan,962,12,34
jpn_Jpan,963,0,60
jpn_Jpan,963,1,24
jpn_Jpan,963,2,39
jpn_Jpan,963,3,39
jpn_Jpan,963,4,39
jpn_Jpan,963,5,47
jpn_Jpan,963,6,39
jpn_Jpan,963,7,12
jpn_Jpan,963,8,22
jpn_Jpan,964,0,60
jpn_Jpan,964,1,13
jpn_Jpan,964,2,13
jpn_Jpan,964,3,51
jpn_Jpan,964,4,24
jpn_Jpan,964,5,1
jpn_Jpan,964,6,13
jpn_Jpan,964,7,19
jpn_Jpan,964,8,13
jpn_Jpan,964,9,47
jpn_Jpan,964,10,13
jpn_Jpan,964,11,13
jpn_Jpan,964,12,24
jpn_Jpan,964,13,24
jpn_Jpan,964,14,47
jpn_Jpan,964,15,13
jpn_Jpan,964,16,19
jpn_Jpan,964,17,13
jpn_Jpan,964,18,13
jpn_Jpan,964,19,13
jpn_Jpan,964,20,51
jpn_Jpan,964,21,51
jpn_Jpan,964,22,42
jpn_Jpan,965,0,60
jpn_Jpan,965,1,13
jpn_Jpan,965,2,1
jpn_Jpan,965,3,52
jpn_Jpan,965,4,47
jpn_Jpan,965,5,7
jpn_Jpan,965,6,9
jpn_Jpan,965,7,9
jpn_Jpan,965,8,13
jpn_Jpan,965,9,19
jpn_Jpan,965,10,19
jpn_Jpan,965,11,13
jpn_Jpan,965,12,13
jpn_Jpan,965,13,7
jpn_Jpan,965,14,47
jpn_Jpan,965,15,13
jpn_Jpan,965,16,13
jpn_Jpan,965,17,1
jpn_Jpan,965,18,19
jpn_Jpan,965,19,19
jpn_Jpan,965,20,39
jpn_Jpan,965,21,13
jpn_Jpan,965,22,13
jpn_Jpan,965,23,13
jpn_Jpan,966,0,60
jpn_Jpan,966,1,9
jpn_Jpan,966,2,19
jpn_Jpan,966,3,19
jpn_Jpan,966,4,7
jpn_Jpan,966,5,36
jpn_Jpan,966,6,19
jpn_Jpan,966,7,19
jpn_Jpan,966,8,13
jpn_Jpan,966,9,47
jpn_Jpan,966,10,36
jpn_Jpan,966,11,24
jpn_Jpan,966,12,36
jpn_Jpan,966,13,24
jpn_Jpan,966,14,24
jpn_Jpan,966,15,34
jpn_Jpan,967,0,60
jpn_Jpan,967,1,13
jpn_Jpan,967,2,13
jpn_Jpan,967,3,24
jpn_Jpan,967,4,47
jpn_Jpan,967,5,7
jpn_Jpan,967,6,19
jpn_Jpan,967,7,19
jpn_Jpan,967,8,13
jpn_Jpan,967,9,24
jpn_Jpan,967,10,52
jpn_Jpan,967,11,52
jpn_Jpan,967,12,52
jpn_Jpan,967,13,52
jpn_Jpan,967,14,52
jpn_Jpan,967,15,19
jpn_Jpan,967,16,13
jpn_Jpan,967,17,24
jpn_Jpan,967,18,52
jpn_Jpan,967,19,52
jpn_Jpan,967,20,7
jpn_Jpan,967,21,1
jpn_Jpan,967,22,19
jpn_Jpan,967,23,19
jpn_Jpan,967,24,13
jpn_Jpan,967,25,1
jpn_Jpan,967,26,52
jpn_Jpan,967,27,52
jpn_Jpan,967,28,52
jpn_Jpan,967,29,52
jpn_Jpan,967,30,52
jpn_Jpan,967,31,19
jpn_Jpan,967,32,34
jpn_Jpan,968,0,60
jpn_Jpan,968,1,13
jpn_Jpan,968,2,47
jpn_Jpan,968,3,39
jpn_Jpan,968,4,61
jpn_Jpan,968,5,13
jpn_Jpan,968,6,24
jpn_Jpan,968,7,13
jpn_Jpan,968,8,19
jpn_Jpan,968,9,13
jpn_Jpan,968,10,61
jpn_Jpan,968,11,13
jpn_Jpan,968,12,19
jpn_Jpan,968,13,13
jpn_Jpan,968,14,13
jpn_Jpan,968,15,19
jpn_Jpan,968,16,13
jpn_Jpan,968,17,13
jpn_Jpan,968,18,13
jpn_Jpan,968,19,13
jpn_Jpan,968,20,47
jpn_Jpan,968,21,19
jpn_Jpan,968,22,13
jpn_Jpan,968,23,13
jpn_Jpan,968,24,24
jpn_Jpan,968,25,13
jpn_Jpan,968,26,19
jpn_Jpan,968,27,13
jpn_Jpan,968,28,13
jpn_Jpan,968,29,13
jpn_Jpan,968,30,13
jpn_Jpan,968,31,12
jpn_Jpan,968,32,13
jpn_Jpan,968,33,13
jpn_Jpan,968,34,51
jpn_Jpan,968,35,24
jpn_Jpan,968,36,13
jpn_Jpan,968,37,13
jpn_Jpan,968,38,13
jpn_Jpan,968,39,39
jpn_Jpan,968,40,34
jpn_Jpan,969,0,60
jpn_Jpan,969,1,19
jpn_Jpan,969,2,13
jpn_Jpan,969,3,19
jpn_Jpan,969,4,13
jpn_Jpan,969,5,13
jpn_Jpan,969,6,13
jpn_Jpan,969,7,47
jpn_Jpan,969,8,7
jpn_Jpan,969,9,13
jpn_Jpan,969,10,13
jpn_Jpan,969,11,19
jpn_Jpan,969,12,13
jpn_Jpan,969,13,13
jpn_Jpan,969,14,47
jpn_Jpan,969,15,13
jpn_Jpan,969,16,13
jpn_Jpan,969,17,24
jpn_Jpan,969,18,47
jpn_Jpan,969,19,19
jpn_Jpan,969,20,13
jpn_Jpan,969,21,13
jpn_Jpan,969,22,13
jpn_Jpan,969,23,47
jpn_Jpan,969,24,19
jpn_Jpan,969,25,13
jpn_Jpan,969,26,13
jpn_Jpan,969,27,24
jpn_Jpan,969,28,39
jpn_Jpan,969,29,24
jpn_Jpan,969,30,13
jpn_Jpan,969,31,13
jpn_Jpan,969,32,13
jpn_Jpan,970,0,60
jpn_Jpan,970,1,13
jpn_Jpan,970,2,13
jpn_Jpan,970,3,24
jpn_Jpan,970,4,19
jpn_Jpan,970,5,36
jpn_Jpan,970,6,13
jpn_Jpan,970,7,24
jpn_Jpan,970,8,61
jpn_Jpan,970,9,61
jpn_Jpan,970,10,39
jpn_Jpan,970,11,13
jpn_Jpan,970,12,13
jpn_Jpan,970,13,47
jpn_Jpan,970,14,13
jpn_Jpan,970,15,13
jpn_Jpan,970,16,24
jpn_Jpan,970,17,13
jpn_Jpan,970,18,13
jpn_Jpan,970,19,13
jpn_Jpan,970,20,24
jpn_Jpan,970,21,19
jpn_Jpan,970,22,1
jpn_Jpan,970,23,52
jpn_Jpan,970,24,61
jpn_Jpan,970,25,13
jpn_Jpan,970,26,13
jpn_Jpan,970,27,13
jpn_Jpan,970,28,13
jpn_Jpan,970,29,13
jpn_Jpan,970,30,13
jpn_Jpan,970,31,24
jpn_Jpan,970,32,19
jpn_Jpan,970,33,13
jpn_Jpan,970,34,19
jpn_Jpan,970,35,19
jpn_Jpan,970,36,13
jpn_Jpan,970,37,24
jpn_Jpan,970,38,61
jpn_Jpan,970,39,13
jpn_Jpan,970,40,13
jpn_Jpan,970,41,13
jpn_Jpan,970,42,13
jpn_Jpan,970,43,34
jpn_Jpan,970,44,13
jpn_Jpan,970,45,34
jpn_Jpan,971,0,60
jpn_Jpan,971,1,12
jpn_Jpan,971,2,22
jpn_Jpan,971,3,40
jpn_Jpan,972,0,60
jpn_Jpan,972,1,13
jpn_Jpan,972,2,39
jpn_Jpan,972,3,39
jpn_Jpan,972,4,34
jpn_Jpan,972,5,24
jpn_Jpan,972,6,24
jpn_Jpan,972,7,19
jpn_Jpan,972,8,13
jpn_Jpan,972,9,19
jpn_Jpan,972,10,13
jpn_Jpan,972,11,13
jpn_Jpan,972,12,13
jpn_Jpan,972,13,52
jpn_Jpan,972,14,19
jpn_Jpan,972,15,13
jpn_Jpan,972,16,13
jpn_Jpan,972,17,19
jpn_Jpan,972,18,13
jpn_Jpan,972,19,47
jpn_Jpan,972,20,19
jpn_Jpan,972,21,36
jpn_Jpan,972,22,61
jpn_Jpan,972,23,36
jpn_Jpan,972,24,13
jpn_Jpan,972,25,42
jpn_Jpan,972,26,61
jpn_Jpan,972,27,61
jpn_Jpan,972,28,13
jpn_Jpan,972,29,13
jpn_Jpan,972,30,13
jpn_Jpan,972,31,13
jpn_Jpan,972,32,13
jpn_Jpan,972,33,13
jpn_Jpan,972,34,34
jpn_Jpan,973,0,60
jpn_Jpan,973,1,13
jpn_Jpan,973,2,19
jpn_Jpan,973,3,13
jpn_Jpan,973,4,7
jpn_Jpan,973,5,13
jpn_Jpan,973,6,61
jpn_Jpan,973,7,13
jpn_Jpan,973,8,36
jpn_Jpan,973,9,24
jpn_Jpan,973,10,24
jpn_Jpan,973,11,19
jpn_Jpan,973,12,13
jpn_Jpan,973,13,13
jpn_Jpan,973,14,13
jpn_Jpan,973,15,47
jpn_Jpan,973,16,39
jpn_Jpan,973,17,13
jpn_Jpan,973,18,24
jpn_Jpan,973,19,24
jpn_Jpan,973,20,19
jpn_Jpan,973,21,39
jpn_Jpan,973,22,19
jpn_Jpan,973,23,13
jpn_Jpan,973,24,47
jpn_Jpan,973,25,13
jpn_Jpan,973,26,13
jpn_Jpan,973,27,24
jpn_Jpan,973,28,24
jpn_Jpan,973,29,19
jpn_Jpan,973,30,13
jpn_Jpan,973,31,13
jpn_Jpan,973,32,13
jpn_Jpan,973,33,24
jpn_Jpan,973,34,13
jpn_Jpan,973,35,39
jpn_Jpan,973,36,39
jpn_Jpan,973,37,34
jpn_Jpan,973,38,24
jpn_Jpan,973,39,24
jpn_Jpan,973,40,19
jpn_Jpan,973,41,13
jpn_Jpan,973,42,61
jpn_Jpan,973,43,13
jpn_Jpan,973,44,61
jpn_Jpan,973,45,19
jpn_Jpan,973,46,39
jpn_Jpan,973,47,61
jpn_Jpan,973,48,13
jpn_Jpan,973,49,13
jpn_Jpan,974,0,60
jpn_Jpan,974,1,13
jpn_Jpan,974,2,13
jpn_Jpan,974,3,13
jpn_Jpan,974,4,13
jpn_Jpan,974,5,13
jpn_Jpan,974,6,47
jpn_Jpan,974,7,47
jpn_Jpan,974,8,47
jpn_Jpan,974,9,47
jpn_Jpan,974,10,13
jpn_Jpan,974,11,7
jpn_Jpan,974,12,13
jpn_Jpan,974,13,24
jpn_Jpan,974,14,13
jpn_Jpan,974,15,13
jpn_Jpan,974,16,13
jpn_Jpan,974,17,47
jpn_Jpan,974,18,13
jpn_Jpan,974,19,47
jpn_Jpan,974,20,47
jpn_Jpan,974,21,13
jpn_Jpan,974,22,36
jpn_Jpan,974,23,24
jpn_Jpan,974,24,13
jpn_Jpan,974,25,13
jpn_Jpan,974,26,34
jpn_Jpan,974,27,13
jpn_Jpan,974,28,13
jpn_Jpan,974,29,36
jpn_Jpan,974,30,24
jpn_Jpan,974,31,13
jpn_Jpan,974,32,13
jpn_Jpan,974,33,13
jpn_Jpan,974,34,13
jpn_Jpan,974,35,13
jpn_Jpan,974,36,47
jpn_Jpan,974,37,47
jpn_Jpan,974,38,19
jpn_Jpan,974,39,13
jpn_Jpan,974,40,13
jpn_Jpan,974,41,24
jpn_Jpan,974,42,19
jpn_Jpan,974,43,13
jpn_Jpan,974,44,36
jpn_Jpan,974,45,34
jpn_Jpan,974,46,52
jpn_Jpan,974,47,13
jpn_Jpan,975,0,60
jpn_Jpan,975,1,13
jpn_Jpan,975,2,13
jpn_Jpan,975,3,36
jpn_Jpan,975,4,13
jpn_Jpan,975,5,13
jpn_Jpan,975,6,47
jpn_Jpan,975,7,13
jpn_Jpan,975,8,13
jpn_Jpan,975,9,13
jpn_Jpan,975,10,13
jpn_Jpan,975,11,61
jpn_Jpan,975,12,13
jpn_Jpan,975,13,24
jpn_Jpan,975,14,13
jpn_Jpan,975,15,19
jpn_Jpan,975,16,34
jpn_Jpan,975,17,13
jpn_Jpan,975,18,47
jpn_Jpan,975,19,13
jpn_Jpan,975,20,13
jpn_Jpan,975,21,13
jpn_Jpan,975,22,24
jpn_Jpan,975,23,19
jpn_Jpan,975,24,13
jpn_Jpan,975,25,13
jpn_Jpan,975,26,24
jpn_Jpan,975,27,19
jpn_Jpan,975,28,13
jpn_Jpan,975,29,13
jpn_Jpan,975,30,19
jpn_Jpan,975,31,13
jpn_Jpan,975,32,61
jpn_Jpan,975,33,13
jpn_Jpan,975,34,24
jpn_Jpan,975,35,13
jpn_Jpan,975,36,19
jpn_Jpan,975,37,13
jpn_Jpan,975,38,24
jpn_Jpan,975,39,24
jpn_Jpan,976,0,60
jpn_Jpan,976,1,24
jpn_Jpan,976,2,24
jpn_Jpan,976,3,19
jpn_Jpan,976,4,13
jpn_Jpan,976,5,13
jpn_Jpan,976,6,13
jpn_Jpan,976,7,13
jpn_Jpan,976,8,13
jpn_Jpan,976,9,24
jpn_Jpan,976,10,13
jpn_Jpan,976,11,13
jpn_Jpan,976,12,13
jpn_Jpan,976,13,24
jpn_Jpan,976,14,19
jpn_Jpan,976,15,13
jpn_Jpan,976,16,13
jpn_Jpan,976,17,13
jpn_Jpan,976,18,13
jpn_Jpan,976,19,13
jpn_Jpan,976,20,34
jpn_Jpan,976,21,13
jpn_Jpan,976,22,13
jpn_Jpan,976,23,13
jpn_Jpan,976,24,13
jpn_Jpan,976,25,34
jpn_Jpan,976,26,47
jpn_Jpan,976,27,19
jpn_Jpan,976,28,47
jpn_Jpan,976,29,47
jpn_Jpan,976,30,13
jpn_Jpan,976,31,47
jpn_Jpan,976,32,47
jpn_Jpan,976,33,34
jpn_Jpan,977,0,60
jpn_Jpan,977,1,13
jpn_Jpan,977,2,13
jpn_Jpan,977,3,24
jpn_Jpan,977,4,13
jpn_Jpan,977,5,24
jpn_Jpan,977,6,11
jpn_Jpan,977,7,13
jpn_Jpan,977,8,13
jpn_Jpan,978,0,60
jpn_Jpan,978,1,13
jpn_Jpan,978,2,13
jpn_Jpan,978,3,24
jpn_Jpan,978,4,36
jpn_Jpan,978,5,24
jpn_Jpan,978,6,61
jpn_Jpan,978,7,61
jpn_Jpan,978,8,13
jpn_Jpan,978,9,47
jpn_Jpan,978,10,47
jpn_Jpan,978,11,13
jpn_Jpan,978,12,36
jpn_Jpan,978,13,24
jpn_Jpan,978,14,13
jpn_Jpan,978,15,19
jpn_Jpan,978,16,24
jpn_Jpan,978,17,19
jpn_Jpan,978,18,13
jpn_Jpan,978,19,36
jpn_Jpan,978,20,47
jpn_Jpan,978,21,13
jpn_Jpan,978,22,24
jpn_Jpan,978,23,19
jpn_Jpan,978,24,13
jpn_Jpan,978,25,13
jpn_Jpan,978,26,13
jpn_Jpan,978,27,34
jpn_Jpan,978,28,34
jpn_Jpan,978,29,34
jpn_Jpan,979,0,60
jpn_Jpan,979,1,46
jpn_Jpan,979,2,43
jpn_Jpan,979,3,12
jpn_Jpan,979,4,58
jpn_Jpan,979,5,12
jpn_Jpan,979,6,57
jpn_Jpan,979,7,40
jpn_Jpan,979,8,47
jpn_Jpan,980,0,60
jpn_Jpan,980,1,13
jpn_Jpan,980,2,13
jpn_Jpan,980,3,13
jpn_Jpan,980,4,36
jpn_Jpan,980,5,24
jpn_Jpan,980,6,24
jpn_Jpan,980,7,13
jpn_Jpan,980,8,19
jpn_Jpan,980,9,39
jpn_Jpan,980,10,36
jpn_Jpan,980,11,13
jpn_Jpan,980,12,34
jpn_Jpan,980,13,13
jpn_Jpan,980,14,24
jpn_Jpan,980,15,13
jpn_Jpan,980,16,13
jpn_Jpan,980,17,13
jpn_Jpan,980,18,13
jpn_Jpan,980,19,34
jpn_Jpan,981,0,60
jpn_Jpan,981,1,13
jpn_Jpan,981,2,13
jpn_Jpan,981,3,24
jpn_Jpan,981,4,13
jpn_Jpan,981,5,13
jpn_Jpan,981,6,34
jpn_Jpan,981,7,13
jpn_Jpan,981,8,13
jpn_Jpan,981,9,13
jpn_Jpan,981,10,24
jpn_Jpan,981,11,13
jpn_Jpan,981,12,47
jpn_Jpan,981,13,13
jpn_Jpan,981,14,13
jpn_Jpan,981,15,13
jpn_Jpan,981,16,34
jpn_Jpan,981,17,9
jpn_Jpan,981,18,11
jpn_Jpan,981,19,24
jpn_Jpan,981,20,47
jpn_Jpan,981,21,13
jpn_Jpan,981,22,13
jpn_Jpan,981,23,13
jpn_Jpan,981,24,13
jpn_Jpan,981,25,13
jpn_Jpan,981,26,13
jpn_Jpan,982,0,60
jpn_Jpan,982,1,26
jpn_Jpan,982,2,61
jpn_Jpan,982,3,61
jpn_Jpan,982,4,24
jpn_Jpan,982,5,26
jpn_Jpan,982,6,27
jpn_Jpan,982,7,60
jpn_Jpan,982,8,9
jpn_Jpan,982,9,13
jpn_Jpan,982,10,13
jpn_Jpan,982,11,13
jpn_Jpan,982,12,24
jpn_Jpan,982,13,13
jpn_Jpan,982,14,19
jpn_Jpan,982,15,19
jpn_Jpan,982,16,47
jpn_Jpan,982,17,61
jpn_Jpan,982,18,13
jpn_Jpan,982,19,13
jpn_Jpan,983,0,60
jpn_Jpan,983,1,13
jpn_Jpan,983,2,13
jpn_Jpan,983,3,39
jpn_Jpan,983,4,7
jpn_Jpan,983,5,24
jpn_Jpan,983,6,24
jpn_Jpan,983,7,19
jpn_Jpan,983,8,13
jpn_Jpan,983,9,9
jpn_Jpan,983,10,11
jpn_Jpan,983,11,39
jpn_Jpan,983,12,13
jpn_Jpan,983,13,39
jpn_Jpan,983,14,47
jpn_Jpan,983,15,47
jpn_Jpan,983,16,13
jpn_Jpan,983,17,24
jpn_Jpan,983,18,26
jpn_Jpan,983,19,47
jpn_Jpan,983,20,13
jpn_Jpan,983,21,13
jpn_Jpan,983,22,47
jpn_Jpan,983,23,19
jpn_Jpan,983,24,19
jpn_Jpan,983,25,19
jpn_Jpan,983,26,13
jpn_Jpan,983,27,24
jpn_Jpan,983,28,13
jpn_Jpan,983,29,24
jpn_Jpan,983,30,47
jpn_Jpan,983,31,13
jpn_Jpan,983,32,19
jpn_Jpan,983,33,34
jpn_Jpan,984,0,60
jpn_Jpan,984,1,36
jpn_Jpan,984,2,24
jpn_Jpan,984,3,36
jpn_Jpan,984,4,13
jpn_Jpan,984,5,36
jpn_Jpan,984,6,24
jpn_Jpan,984,7,47
jpn_Jpan,984,8,13
jpn_Jpan,984,9,39
jpn_Jpan,984,10,13
jpn_Jpan,984,11,36
jpn_Jpan,984,12,52
jpn_Jpan,984,13,13
jpn_Jpan,984,14,36
jpn_Jpan,984,15,24
jpn_Jpan,984,16,34
jpn_Jpan,984,17,13
jpn_Jpan,984,18,13
jpn_Jpan,984,19,61
jpn_Jpan,984,20,13
jpn_Jpan,984,21,36
jpn_Jpan,984,22,51
jpn_Jpan,985,0,60
jpn_Jpan,985,1,13
jpn_Jpan,985,2,39
jpn_Jpan,985,3,9
jpn_Jpan,985,4,13
jpn_Jpan,985,5,13
jpn_Jpan,985,6,13
jpn_Jpan,985,7,24
jpn_Jpan,985,8,24
jpn_Jpan,985,9,19
jpn_Jpan,985,10,13
jpn_Jpan,985,11,13
jpn_Jpan,985,12,13
jpn_Jpan,985,13,13
jpn_Jpan,985,14,34
jpn_Jpan,985,15,47
jpn_Jpan,985,16,13
jpn_Jpan,985,17,13
jpn_Jpan,985,18,13
jpn_Jpan,985,19,51
jpn_Jpan,986,0,60
jpn_Jpan,986,1,13
jpn_Jpan,986,2,36
jpn_Jpan,986,3,19
jpn_Jpan,986,4,13
jpn_Jpan,986,5,24
jpn_Jpan,986,6,19
jpn_Jpan,986,7,13
jpn_Jpan,986,8,24
jpn_Jpan,986,9,47
jpn_Jpan,986,10,47
jpn_Jpan,986,11,13
jpn_Jpan,986,12,24
jpn_Jpan,986,13,24
jpn_Jpan,986,14,19
jpn_Jpan,986,15,13
jpn_Jpan,986,16,47
jpn_Jpan,986,17,19
jpn_Jpan,986,18,13
jpn_Jpan,986,19,24
jpn_Jpan,986,20,19
jpn_Jpan,986,21,13
jpn_Jpan,986,22,13
jpn_Jpan,986,23,24
jpn_Jpan,986,24,19
jpn_Jpan,986,25,24
jpn_Jpan,986,26,19
jpn_Jpan,986,27,13
jpn_Jpan,986,28,13
jpn_Jpan,986,29,13
jpn_Jpan,986,30,24
jpn_Jpan,986,31,13
jpn_Jpan,986,32,24
jpn_Jpan,986,33,13
jpn_Jpan,986,34,13
jpn_Jpan,986,35,13
jpn_Jpan,986,36,24
jpn_Jpan,986,37,13
jpn_Jpan,986,38,13
jpn_Jpan,986,39,13
jpn_Jpan,986,40,13
jpn_Jpan,986,41,13
jpn_Jpan,986,42,24
jpn_Jpan,986,43,24
jpn_Jpan,986,44,19
jpn_Jpan,986,45,24
jpn_Jpan,986,46,13
jpn_Jpan,986,47,24
jpn_Jpan,986,48,13
jpn_Jpan,986,49,13
jpn_Jpan,986,50,13
jpn_Jpan,986,51,34
jpn_Jpan,987,0,60
jpn_Jpan,987,1,13
jpn_Jpan,987,2,24
jpn_Jpan,987,3,13
jpn_Jpan,987,4,19
jpn_Jpan,987,5,36
jpn_Jpan,987,6,24
jpn_Jpan,987,7,13
jpn_Jpan,987,8,34
jpn_Jpan,987,9,24
jpn_Jpan,987,10,13
jpn_Jpan,987,11,13
jpn_Jpan,987,12,24
jpn_Jpan,987,13,13
jpn_Jpan,987,14,13
jpn_Jpan,987,15,13
jpn_Jpan,987,16,24
jpn_Jpan,987,17,24
jpn_Jpan,987,18,24
jpn_Jpan,987,19,13
jpn_Jpan,987,20,13
jpn_Jpan,987,21,13
jpn_Jpan,987,22,19
jpn_Jpan,987,23,13
jpn_Jpan,987,24,13
jpn_Jpan,987,25,13
jpn_Jpan,987,26,61
jpn_Jpan,987,27,13
jpn_Jpan,987,28,19
jpn_Jpan,987,29,13
jpn_Jpan,987,30,24
jpn_Jpan,987,31,13
jpn_Jpan,987,32,13
jpn_Jpan,987,33,61
jpn_Jpan,987,34,13
jpn_Jpan,987,35,19
jpn_Jpan,987,36,13
jpn_Jpan,987,37,24
jpn_Jpan,987,38,13
jpn_Jpan,987,39,34
jpn_Jpan,987,40,13
jpn_Jpan,987,41,13
jpn_Jpan,987,42,13
jpn_Jpan,987,43,34
jpn_Jpan,988,0,60
jpn_Jpan,988,1,52
jpn_Jpan,988,2,9
jpn_Jpan,988,3,13
jpn_Jpan,988,4,19
jpn_Jpan,988,5,13
jpn_Jpan,988,6,13
jpn_Jpan,988,7,13
jpn_Jpan,988,8,13
jpn_Jpan,988,9,13
jpn_Jpan,988,10,52
jpn_Jpan,988,11,52
jpn_Jpan,988,12,19
jpn_Jpan,988,13,13
jpn_Jpan,988,14,13
jpn_Jpan,988,15,13
jpn_Jpan,988,16,24
jpn_Jpan,988,17,13
jpn_Jpan,988,18,13
jpn_Jpan,988,19,9
jpn_Jpan,988,20,13
jpn_Jpan,988,21,9
jpn_Jpan,988,22,24
jpn_Jpan,988,23,13
jpn_Jpan,988,24,47
jpn_Jpan,988,25,13
jpn_Jpan,988,26,39
jpn_Jpan,988,27,13
jpn_Jpan,988,28,13
jpn_Jpan,988,29,34
jpn_Jpan,988,30,11
jpn_Jpan,988,31,13
jpn_Jpan,988,32,47
jpn_Jpan,988,33,39
jpn_Jpan,988,34,13
jpn_Jpan,988,35,13
jpn_Jpan,988,36,13
jpn_Jpan,988,37,1
jpn_Jpan,988,38,19
jpn_Jpan,988,39,13
jpn_Jpan,988,40,34
jpn_Jpan,988,41,51
jpn_Jpan,988,42,13
jpn_Jpan,988,43,13
jpn_Jpan,988,44,51
jpn_Jpan,988,45,51
jpn_Jpan,989,0,60
jpn_Jpan,989,1,61
jpn_Jpan,989,2,7
jpn_Jpan,989,3,9
jpn_Jpan,989,4,34
jpn_Jpan,990,0,60
jpn_Jpan,990,1,13
jpn_Jpan,990,2,19
jpn_Jpan,990,3,13
jpn_Jpan,990,4,19
jpn_Jpan,990,5,34
jpn_Jpan,990,6,12
jpn_Jpan,990,7,19
jpn_Jpan,990,8,13
jpn_Jpan,990,9,19
jpn_Jpan,990,10,13
jpn_Jpan,990,11,13
jpn_Jpan,990,12,13
jpn_Jpan,990,13,13
jpn_Jpan,990,14,13
jpn_Jpan,990,15,13
jpn_Jpan,990,16,13
jpn_Jpan,990,17,13
jpn_Jpan,990,18,52
jpn_Jpan,990,19,52
jpn_Jpan,990,20,52
jpn_Jpan,990,21,13
jpn_Jpan,990,22,19
jpn_Jpan,990,23,13
jpn_Jpan,990,24,47
jpn_Jpan,990,25,13
jpn_Jpan,991,0,60
jpn_Jpan,991,1,19
jpn_Jpan,991,2,61
jpn_Jpan,991,3,1
jpn_Jpan,992,0,60
jpn_Jpan,992,1,13
jpn_Jpan,992,2,13
jpn_Jpan,992,3,24
jpn_Jpan,992,4,52
jpn_Jpan,992,5,13
jpn_Jpan,992,6,52
jpn_Jpan,992,7,19
jpn_Jpan,992,8,34
jpn_Jpan,992,9,24
jpn_Jpan,992,10,19
jpn_Jpan,992,11,13
jpn_Jpan,992,12,19
jpn_Jpan,992,13,36
jpn_Jpan,992,14,11
jpn_Jpan,992,15,24
jpn_Jpan,992,16,13
jpn_Jpan,992,17,13
jpn_Jpan,992,18,19
jpn_Jpan,992,19,13
jpn_Jpan,992,20,13
jpn_Jpan,992,21,19
jpn_Jpan,992,22,7
jpn_Jpan,992,23,34
jpn_Jpan,993,0,60
jpn_Jpan,993,1,19
jpn_Jpan,993,2,13
jpn_Jpan,993,3,13
jpn_Jpan,993,4,13
jpn_Jpan,993,5,13
jpn_Jpan,993,6,24
jpn_Jpan,993,7,19
jpn_Jpan,993,8,13
jpn_Jpan,993,9,52
jpn_Jpan,993,10,13
jpn_Jpan,993,11,24
jpn_Jpan,993,12,24
jpn_Jpan,993,13,13
jpn_Jpan,993,14,13
jpn_Jpan,993,15,19
jpn_Jpan,993,16,13
jpn_Jpan,993,17,24
jpn_Jpan,993,18,13
jpn_Jpan,993,19,13
jpn_Jpan,993,20,13
jpn_Jpan,993,21,24
jpn_Jpan,993,22,47
jpn_Jpan,993,23,13
jpn_Jpan,993,24,13
jpn_Jpan,993,25,13
jpn_Jpan,993,26,24
jpn_Jpan,993,27,24
jpn_Jpan,993,28,13
jpn_Jpan,993,29,13
jpn_Jpan,993,30,24
jpn_Jpan,993,31,19
jpn_Jpan,993,32,19
jpn_Jpan,993,33,13
jpn_Jpan,993,34,34
jpn_Jpan,993,35,24
jpn_Jpan,993,36,13
jpn_Jpan,993,37,13
jpn_Jpan,993,38,34
jpn_Jpan,994,0,60
jpn_Jpan,994,1,24
jpn_Jpan,994,2,24
jpn_Jpan,994,3,61
jpn_Jpan,994,4,19
jpn_Jpan,994,5,28
jpn_Jpan,994,6,13
jpn_Jpan,994,7,24
jpn_Jpan,994,8,61
jpn_Jpan,994,9,19
jpn_Jpan,994,10,7
jpn_Jpan,994,11,24
jpn_Jpan,994,12,13
jpn_Jpan,994,13,47
jpn_Jpan,994,14,13
jpn_Jpan,994,15,13
jpn_Jpan,994,16,24
jpn_Jpan,994,17,13
jpn_Jpan,994,18,13
jpn_Jpan,994,19,13
jpn_Jpan,994,20,13
jpn_Jpan,994,21,24
jpn_Jpan,994,22,24
jpn_Jpan,994,23,24
jpn_Jpan,994,24,19
jpn_Jpan,994,25,13
jpn_Jpan,994,26,24
jpn_Jpan,994,27,13
jpn_Jpan,994,28,13
jpn_Jpan,994,29,13
jpn_Jpan,994,30,13
jpn_Jpan,994,31,13
jpn_Jpan,994,32,24
jpn_Jpan,994,33,34
jpn_Jpan,995,0,60
jpn_Jpan,995,1,13
jpn_Jpan,995,2,13
jpn_Jpan,995,3,47
jpn_Jpan,995,4,47
jpn_Jpan,995,5,13
jpn_Jpan,995,6,24
jpn_Jpan,995,7,47
jpn_Jpan,995,8,13
jpn_Jpan,995,9,19
jpn_Jpan,995,10,13
jpn_Jpan,995,11,13
jpn_Jpan,995,12,34
jpn_Jpan,995,13,13
jpn_Jpan,995,14,36
jpn_Jpan,995,15,36
jpn_Jpan,995,16,24
jpn_Jpan,995,17,61
jpn_Jpan,995,18,40
jpn_Jpan,995,19,7
jpn_Jpan,995,20,13
jpn_Jpan,995,21,47
jpn_Jpan,995,22,34
jpn_Jpan,995,23,13
jpn_Jpan,995,24,13
jpn_Jpan,995,25,47
jpn_Jpan,995,26,13
jpn_Jpan,995,27,13
jpn_Jpan,995,28,19
jpn_Jpan,995,29,34
jpn_Jpan,995,30,13
jpn_Jpan,995,31,36
jpn_Jpan,995,32,24
jpn_Jpan,995,33,13
jpn_Jpan,995,34,13
jpn_Jpan,995,35,34
jpn_Jpan,995,36,36
jpn_Jpan,995,37,13
jpn_Jpan,995,38,47
jpn_Jpan,995,39,34
jpn_Jpan,995,40,13
jpn_Jpan,995,41,13
jpn_Jpan,995,42,13
jpn_Jpan,995,43,34
jpn_Jpan,996,0,60
jpn_Jpan,996,1,13
jpn_Jpan,996,2,13
jpn_Jpan,996,3,24
jpn_Jpan,996,4,13
jpn_Jpan,996,5,13
jpn_Jpan,996,6,47
jpn_Jpan,996,7,13
jpn_Jpan,996,8,13
jpn_Jpan,996,9,13
jpn_Jpan,996,10,36
jpn_Jpan,996,11,36
jpn_Jpan,996,12,13
jpn_Jpan,996,13,36
jpn_Jpan,996,14,24
jpn_Jpan,996,15,40
jpn_Jpan,996,16,7
jpn_Jpan,996,17,24
jpn_Jpan,996,18,19
jpn_Jpan,996,19,13
jpn_Jpan,996,20,13
jpn_Jpan,996,21,13
jpn_Jpan,996,22,61
jpn_Jpan,996,23,13
jpn_Jpan,996,24,24
jpn_Jpan,996,25,13
jpn_Jpan,996,26,36
jpn_Jpan,996,27,24
jpn_Jpan,996,28,19
jpn_Jpan,996,29,13
jpn_Jpan,996,30,36
jpn_Jpan,996,31,13
jpn_Jpan,996,32,61
jpn_Jpan,996,33,36
jpn_Jpan,996,34,24
jpn_Jpan,996,35,13
jpn_Jpan,996,36,13
jpn_Jpan,996,37,13
jpn_Jpan,996,38,19
jpn_Jpan,996,39,13
jpn_Jpan,996,40,13
jpn_Jpan,996,41,36
jpn_Jpan,996,42,13
jpn_Jpan,996,43,34
jpn_Jpan,997,0,60
jpn_Jpan,997,1,19
jpn_Jpan,997,2,13
jpn_Jpan,997,3,13
jpn_Jpan,997,4,13
jpn_Jpan,997,5,13
jpn_Jpan,997,6,13
jpn_Jpan,997,7,19
jpn_Jpan,997,8,19
jpn_Jpan,997,9,13
jpn_Jpan,997,10,13
jpn_Jpan,997,11,13
jpn_Jpan,997,12,19
jpn_Jpan,997,13,13
jpn_Jpan,997,14,19
jpn_Jpan,997,15,13
jpn_Jpan,997,16,13
jpn_Jpan,997,17,13
jpn_Jpan,997,18,13
jpn_Jpan,997,19,47
jpn_Jpan,997,20,47
jpn_Jpan,997,21,13
jpn_Jpan,997,22,24
jpn_Jpan,997,23,13
jpn_Jpan,997,24,13
jpn_Jpan,997,25,13
jpn_Jpan,997,26,24
jpn_Jpan,997,27,13
jpn_Jpan,997,28,13
jpn_Jpan,997,29,24
jpn_Jpan,997,30,47
jpn_Jpan,997,31,13
jpn_Jpan,997,32,47
jpn_Jpan,997,33,13
jpn_Jpan,997,34,19
jpn_Jpan,997,35,13
jpn_Jpan,997,36,47
jpn_Jpan,997,37,13
jpn_Jpan,997,38,13
jpn_Jpan,997,39,13
jpn_Jpan,997,40,19
jpn_Jpan,997,41,13
jpn_Jpan,997,42,24
jpn_Jpan,997,43,13
jpn_Jpan,997,44,34
jpn_Jpan,998,0,60
jpn_Jpan,998,1,13
jpn_Jpan,998,2,13
jpn_Jpan,998,3,13
jpn_Jpan,998,4,12
jpn_Jpan,998,5,13
jpn_Jpan,998,6,1
jpn_Jpan,998,7,24
jpn_Jpan,998,8,19
jpn_Jpan,998,9,13
jpn_Jpan,998,10,61
jpn_Jpan,998,11,13
jpn_Jpan,998,12,24
jpn_Jpan,998,13,13
jpn_Jpan,998,14,13
jpn_Jpan,998,15,13
jpn_Jpan,998,16,13
jpn_Jpan,998,17,13
jpn_Jpan,998,18,24
jpn_Jpan,998,19,24
jpn_Jpan,998,20,13
jpn_Jpan,998,21,13
jpn_Jpan,998,22,47
jpn_Jpan,998,23,7
jpn_Jpan,998,24,13
jpn_Jpan,999,0,60
jpn_Jpan,999,1,52
jpn_Jpan,999,2,52
jpn_Jpan,999,3,13
jpn_Jpan,999,4,19
jpn_Jpan,999,5,13
jpn_Jpan,999,6,19
jpn_Jpan,999,7,13
jpn_Jpan,999,8,13
jpn_Jpan,999,9,19
jpn_Jpan,999,10,19
jpn_Jpan,999,11,13
jpn_Jpan,999,12,19
jpn_Jpan,999,13,13
jpn_Jpan,999,14,24
jpn_Jpan,999,15,52
jpn_Jpan,999,16,47
jpn_Jpan,999,17,13
jpn_Jpan,999,18,13
jpn_Jpan,999,19,13
jpn_Jpan,999,20,13
jpn_Jpan,999,21,34
jpn_Jpan,999,22,24
jpn_Jpan,999,23,24
jpn_Jpan,999,24,24
jpn_Jpan,999,25,19
jpn_Jpan,999,26,13
jpn_Jpan,999,27,13
jpn_Jpan,999,28,13
jpn_Jpan,999,29,52
jpn_Jpan,999,30,19
jpn_Jpan,999,31,13
jpn_Jpan,999,32,13
jpn_Jpan,999,33,19
jpn_Jpan,999,34,13
jpn_Jpan,999,35,13
jpn_Jpan,999,36,24
jpn_Jpan,999,37,19
jpn_Jpan,999,38,13
jpn_Jpan,999,39,13
jpn_Jpan,999,40,34
