lang,sentence_id,token_idx,expert_id
eng_Latn,0,0,60
eng_Latn,0,1,45
eng_Latn,0,2,18
eng_Latn,0,3,53
eng_Latn,0,4,16
eng_Latn,0,5,30
eng_Latn,0,6,46
eng_Latn,0,7,15
eng_Latn,1,0,60
eng_Latn,1,1,9
eng_Latn,1,2,58
eng_Latn,1,3,52
eng_Latn,1,4,9
eng_Latn,1,5,19
eng_Latn,1,6,39
eng_Latn,1,7,5
eng_Latn,1,8,1
eng_Latn,2,0,60
eng_Latn,2,1,18
eng_Latn,2,2,18
eng_Latn,2,3,20
eng_Latn,2,4,28
eng_Latn,2,5,34
eng_Latn,2,6,34
spa_Latn,3,0,60
spa_Latn,3,1,7
spa_Latn,3,2,40
spa_Latn,3,3,7
spa_Latn,3,4,8
spa_Latn,3,5,9
spa_Latn,3,6,19
spa_Latn,3,7,39
spa_Latn,3,8,8
spa_Latn,3,9,61
spa_Latn,3,10,8
spa_Latn,3,11,8
spa_Latn,3,12,9
spa_Latn,3,13,12
spa_Latn,3,14,52
spa_Latn,4,0,60
spa_Latn,4,1,8
spa_Latn,4,2,19
spa_Latn,4,3,8
spa_Latn,4,4,39
spa_Latn,4,5,19
spa_Latn,4,6,8
spa_Latn,4,7,8
spa_Latn,4,8,8
spa_Latn,4,9,19
spa_Latn,4,10,19
spa_Latn,4,11,8
spa_Latn,5,0,60
spa_Latn,5,1,19
spa_Latn,5,2,8
spa_Latn,5,3,8
spa_Latn,5,4,19
spa_Latn,5,5,39
spa_Latn,5,6,8
spa_Latn,6,0,60
spa_Latn,6,1,27
spa_Latn,6,2,52
spa_Latn,6,3,8
spa_Latn,6,4,8
spa_Latn,6,5,8
spa_Latn,6,6,8
spa_Latn,6,7,19
spa_Latn,6,8,37
spa_Latn,7,0,60
spa_Latn,7,1,19
spa_Latn,7,2,47
spa_Latn,7,3,47
spa_Latn,7,4,13
spa_Latn,7,5,13
spa_Latn,7,6,61
spa_Latn,7,7,19
spa_Latn,7,8,13
spa_Latn,7,9,13
spa_Latn,8,0,60
spa_Latn,8,1,9
spa_Latn,8,2,47
spa_Latn,8,3,19
spa_Latn,8,4,6
spa_Latn,8,5,8
spa_Latn,8,6,19
spa_Latn,8,7,15
spa_Latn,8,8,45
spa_Latn,8,9,46
spa_Latn,8,10,15
spa_Latn,9,0,60
spa_Latn,9,1,12
spa_Latn,9,2,19
spa_Latn,9,3,19
spa_Latn,9,4,8
spa_Latn,9,5,8
spa_Latn,9,6,19
spa_Latn,9,7,8
spa_Latn,9,8,8
spa_Latn,9,9,19
spa_Latn,9,10,19
spa_Latn,9,11,19
spa_Latn,9,12,8
spa_Latn,9,13,8
spa_Latn,9,14,8
spa_Latn,9,15,62
eng_Latn,10,0,60
eng_Latn,10,1,49
eng_Latn,10,2,12
eng_Latn,10,3,39
eng_Latn,11,0,60
eng_Latn,11,1,57
eng_Latn,11,2,47
eng_Latn,11,3,8
eng_Latn,11,4,47
spa_Latn,12,0,60
spa_Latn,12,1,8
spa_Latn,12,2,61
spa_Latn,12,3,7
spa_Latn,12,4,8
spa_Latn,12,5,19
spa_Latn,12,6,8
spa_Latn,12,7,8
spa_Latn,12,8,8
spa_Latn,12,9,8
spa_Latn,12,10,8
spa_Latn,12,11,19
spa_Latn,12,12,8
spa_Latn,12,13,8
eng_Latn,13,0,60
eng_Latn,13,1,9
eng_Latn,13,2,40
eng_Latn,13,3,61
eng_Latn,13,4,33
eng_Latn,13,5,15
eng_Latn,13,6,26
eng_Latn,13,7,61
eng_Latn,13,8,1
eng_Latn,13,9,47
eng_Latn,13,10,33
eng_Latn,13,11,61
eng_Latn,14,0,60
eng_Latn,14,1,5
eng_Latn,14,2,20
eng_Latn,14,3,52
eng_Latn,14,4,57
eng_Latn,14,5,23
eng_Latn,14,6,23
eng_Latn,14,7,61
eng_Latn,14,8,15
eng_Latn,14,9,16
eng_Latn,14,10,20
eng_Latn,14,11,63
spa_Latn,15,0,60
spa_Latn,15,1,40
spa_Latn,15,2,40
spa_Latn,15,3,22
spa_Latn,15,4,60
spa_Latn,15,5,12
spa_Latn,15,6,47
spa_Latn,15,7,60
eng_Latn,16,0,60
eng_Latn,16,1,22
eng_Latn,16,2,18
eng_Latn,16,3,55
eng_Latn,16,4,46
eng_Latn,16,5,57
eng_Latn,16,6,55
eng_Latn,16,7,3
eng_Latn,16,8,57
eng_Latn,16,9,15
spa_Latn,17,0,60
spa_Latn,17,1,39
spa_Latn,17,2,8
spa_Latn,17,3,61
spa_Latn,17,4,14
spa_Latn,17,5,47
spa_Latn,17,6,19
spa_Latn,17,7,15
spa_Latn,17,8,8
spa_Latn,17,9,40
spa_Latn,17,10,8
spa_Latn,17,11,19
spa_Latn,17,12,19
spa_Latn,17,13,39
spa_Latn,17,14,8
spa_Latn,17,15,29
spa_Latn,17,16,8
eng_Latn,18,0,60
eng_Latn,18,1,9
eng_Latn,18,2,9
eng_Latn,18,3,18
eng_Latn,18,4,16
eng_Latn,18,5,20
eng_Latn,18,6,3
eng_Latn,18,7,3
eng_Latn,18,8,49
spa_Latn,19,0,60
spa_Latn,19,1,19
spa_Latn,19,2,8
spa_Latn,19,3,8
spa_Latn,19,4,8
spa_Latn,19,5,8
spa_Latn,19,6,7
spa_Latn,19,7,19
spa_Latn,19,8,10
spa_Latn,19,9,10
spa_Latn,19,10,61
spa_Latn,19,11,8
spa_Latn,19,12,19
spa_Latn,19,13,8
eng_Latn,20,0,60
eng_Latn,20,1,38
eng_Latn,20,2,15
eng_Latn,20,3,56
eng_Latn,20,4,32
eng_Latn,20,5,4
eng_Latn,20,6,18
eng_Latn,20,7,50
eng_Latn,20,8,49
eng_Latn,21,0,60
eng_Latn,21,1,2
eng_Latn,21,2,5
eng_Latn,21,3,19
eng_Latn,21,4,19
eng_Latn,21,5,46
eng_Latn,21,6,5
eng_Latn,21,7,61
eng_Latn,22,0,60
eng_Latn,22,1,15
eng_Latn,22,2,56
eng_Latn,22,3,63
eng_Latn,22,4,37
eng_Latn,23,0,60
eng_Latn,23,1,22
eng_Latn,23,2,24
eng_Latn,23,3,37
eng_Latn,23,4,24
eng_Latn,23,5,3
eng_Latn,24,0,60
eng_Latn,24,1,22
eng_Latn,24,2,52
eng_Latn,24,3,46
eng_Latn,24,4,3
eng_Latn,24,5,57
eng_Latn,24,6,49
spa_Latn,25,0,60
spa_Latn,25,1,13
spa_Latn,25,2,13
spa_Latn,25,3,13
spa_Latn,25,4,19
spa_Latn,25,5,13
spa_Latn,25,6,1
spa_Latn,25,7,61
spa_Latn,25,8,47
spa_Latn,25,9,8
spa_Latn,25,10,61
spa_Latn,25,11,19
spa_Latn,25,12,13
spa_Latn,25,13,58
spa_Latn,25,14,12
spa_Latn,25,15,61
spa_Latn,26,0,60
spa_Latn,26,1,40
spa_Latn,26,2,52
spa_Latn,26,3,1
spa_Latn,26,4,52
spa_Latn,27,0,60
spa_Latn,27,1,19
spa_Latn,27,2,8
spa_Latn,27,3,8
spa_Latn,27,4,19
spa_Latn,27,5,39
spa_Latn,27,6,8
spa_Latn,27,7,19
spa_Latn,27,8,33
eng_Latn,28,0,60
eng_Latn,28,1,50
eng_Latn,28,2,56
eng_Latn,28,3,16
eng_Latn,28,4,62
eng_Latn,28,5,62
eng_Latn,28,6,52
spa_Latn,29,0,60
spa_Latn,29,1,37
spa_Latn,29,2,52
spa_Latn,29,3,19
spa_Latn,29,4,37
spa_Latn,29,5,22
spa_Latn,29,6,22
spa_Latn,29,7,52
spa_Latn,29,8,13
spa_Latn,29,9,52
spa_Latn,29,10,8
spa_Latn,29,11,42
spa_Latn,29,12,22
eng_Latn,30,0,60
eng_Latn,30,1,20
eng_Latn,30,2,62
eng_Latn,30,3,46
spa_Latn,31,0,60
spa_Latn,31,1,57
spa_Latn,31,2,22
spa_Latn,31,3,22
spa_Latn,31,4,47
spa_Latn,31,5,49
spa_Latn,31,6,47
spa_Latn,31,7,13
spa_Latn,31,8,19
spa_Latn,31,9,8
spa_Latn,31,10,8
spa_Latn,31,11,8
spa_Latn,31,12,40
spa_Latn,31,13,8
spa_Latn,31,14,19
spa_Latn,31,15,8
spa_Latn,31,16,8
spa_Latn,32,0,60
spa_Latn,32,1,22
spa_Latn,32,2,24
spa_Latn,32,3,1
spa_Latn,32,4,62
spa_Latn,32,5,5
spa_Latn,32,6,47
spa_Latn,32,7,1
spa_Latn,32,8,52
spa_Latn,33,0,60
spa_Latn,33,1,19
spa_Latn,33,2,61
spa_Latn,33,3,19
spa_Latn,33,4,8
spa_Latn,33,5,10
spa_Latn,33,6,8
spa_Latn,33,7,8
spa_Latn,33,8,8
eng_Latn,34,0,60
eng_Latn,34,1,13
eng_Latn,34,2,13
eng_Latn,34,3,13
eng_Latn,34,4,13
eng_Latn,34,5,13
eng_Latn,34,6,13
eng_Latn,34,7,13
eng_Latn,34,8,13
eng_Latn,34,9,13
eng_Latn,34,10,47
eng_Latn,34,11,13
eng_Latn,34,12,13
eng_Latn,34,13,19
eng_Latn,34,14,13
eng_Latn,34,15,13
eng_Latn,34,16,47
eng_Latn,34,17,13
eng_Latn,34,18,13
eng_Latn,34,19,13
eng_Latn,34,20,13
eng_Latn,34,21,13
eng_Latn,34,22,13
eng_Latn,34,23,13
eng_Latn,34,24,34
eng_Latn,34,25,13
eng_Latn,34,26,13
eng_Latn,34,27,13
eng_Latn,34,28,13
eng_Latn,34,29,13
eng_Latn,34,30,13
eng_Latn,34,31,13
eng_Latn,34,32,13
eng_Latn,34,33,13
eng_Latn,34,34,13
eng_Latn,34,35,13
eng_Latn,34,36,13
eng_Latn,34,37,13
eng_Latn,34,38,13
eng_Latn,34,39,47
eng_Latn,34,40,13
eng_Latn,34,41,13
eng_Latn,34,42,13
eng_Latn,34,43,13
eng_Latn,34,44,13
eng_Latn,34,45,13
eng_Latn,34,46,19
eng_Latn,34,47,13
eng_Latn,34,48,13
eng_Latn,34,49,13
eng_Latn,34,50,13
eng_Latn,34,51,13
eng_Latn,34,52,13
eng_Latn,34,53,13
eng_Latn,34,54,13
eng_Latn,34,55,13
eng_Latn,34,56,13
eng_Latn,34,57,13
eng_Latn,34,58,13
eng_Latn,34,59,13
eng_Latn,34,60,13
eng_Latn,34,61,13
eng_Latn,34,62,34
eng_Latn,34,63,13
eng_Latn,34,64,13
eng_Latn,34,65,13
eng_Latn,34,66,13
eng_Latn,34,67,34
eng_Latn,34,68,13
eng_Latn,34,69,34
eng_Latn,34,70,13
eng_Latn,34,71,34
spa_Latn,35,0,60
spa_Latn,35,1,49
spa_Latn,35,2,39
spa_Latn,35,3,13
spa_Latn,35,4,26
spa_Latn,36,0,60
spa_Latn,36,1,47
spa_Latn,36,2,49
spa_Latn,36,3,26
spa_Latn,36,4,26
spa_Latn,36,5,49
spa_Latn,36,6,26
eng_Latn,37,0,60
eng_Latn,37,1,12
eng_Latn,37,2,22
eng_Latn,37,3,24
eng_Latn,37,4,47
eng_Latn,37,5,52
eng_Latn,37,6,13
eng_Latn,37,7,13
eng_Latn,37,8,13
eng_Latn,37,9,1
eng_Latn,37,10,13
eng_Latn,37,11,52
eng_Latn,37,12,1
eng_Latn,37,13,58
eng_Latn,38,0,60
eng_Latn,38,1,9
eng_Latn,38,2,9
eng_Latn,38,3,31
eng_Latn,38,4,51
eng_Latn,38,5,54
eng_Latn,38,6,18
eng_Latn,38,7,4
eng_Latn,38,8,61
eng_Latn,38,9,47
eng_Latn,38,10,34
eng_Latn,38,11,53
eng_Latn,38,12,34
spa_Latn,39,0,60
spa_Latn,39,1,13
spa_Latn,39,2,19
spa_Latn,39,3,26
spa_Latn,39,4,26
spa_Latn,39,5,47
spa_Latn,39,6,19
spa_Latn,39,7,8
spa_Latn,39,8,47
spa_Latn,39,9,19
spa_Latn,39,10,8
spa_Latn,39,11,13
spa_Latn,39,12,8
spa_Latn,39,13,61
spa_Latn,39,14,19
spa_Latn,39,15,13
spa_Latn,39,16,8
spa_Latn,39,17,61
spa_Latn,39,18,19
spa_Latn,39,19,47
spa_Latn,39,20,19
spa_Latn,39,21,8
spa_Latn,40,0,60
spa_Latn,40,1,39
spa_Latn,40,2,39
spa_Latn,40,3,34
spa_Latn,40,4,19
spa_Latn,40,5,34
spa_Latn,41,0,60
spa_Latn,41,1,8
spa_Latn,41,2,8
spa_Latn,41,3,8
spa_Latn,41,4,8
spa_Latn,41,5,8
spa_Latn,41,6,8
spa_Latn,41,7,6
spa_Latn,41,8,6
spa_Latn,41,9,6
spa_Latn,42,0,60
spa_Latn,42,1,61
spa_Latn,42,2,8
spa_Latn,42,3,1
spa_Latn,42,4,39
spa_Latn,42,5,8
spa_Latn,42,6,8
spa_Latn,42,7,10
spa_Latn,42,8,19
spa_Latn,42,9,8
spa_Latn,42,10,19
spa_Latn,42,11,8
spa_Latn,42,12,8
spa_Latn,42,13,8
eng_Latn,43,0,60
eng_Latn,43,1,52
eng_Latn,43,2,57
eng_Latn,43,3,57
eng_Latn,43,4,12
eng_Latn,43,5,1
eng_Latn,43,6,19
eng_Latn,43,7,15
eng_Latn,43,8,56
eng_Latn,43,9,19
eng_Latn,43,10,52
eng_Latn,43,11,3
eng_Latn,43,12,3
eng_Latn,43,13,57
eng_Latn,43,14,46
spa_Latn,44,0,60
spa_Latn,44,1,22
spa_Latn,44,2,60
eng_Latn,45,0,60
eng_Latn,45,1,15
eng_Latn,45,2,63
eng_Latn,45,3,30
eng_Latn,45,4,63
eng_Latn,45,5,63
eng_Latn,45,6,14
eng_Latn,45,7,14
eng_Latn,45,8,47
eng_Latn,46,0,60
eng_Latn,46,1,22
eng_Latn,46,2,22
eng_Latn,46,3,34
eng_Latn,46,4,34
spa_Latn,47,0,60
spa_Latn,47,1,8
spa_Latn,47,2,54
spa_Latn,47,3,19
spa_Latn,47,4,39
spa_Latn,47,5,8
spa_Latn,47,6,8
spa_Latn,47,7,19
spa_Latn,47,8,19
spa_Latn,47,9,8
spa_Latn,47,10,10
spa_Latn,47,11,39
spa_Latn,47,12,8
spa_Latn,47,13,8
spa_Latn,47,14,19
spa_Latn,47,15,19
spa_Latn,47,16,8
spa_Latn,48,0,60
spa_Latn,48,1,19
spa_Latn,48,2,19
spa_Latn,48,3,8
spa_Latn,49,0,60
spa_Latn,49,1,19
spa_Latn,49,2,8
spa_Latn,49,3,8
spa_Latn,49,4,10
spa_Latn,49,5,47
spa_Latn,49,6,8
spa_Latn,49,7,8
spa_Latn,49,8,8
spa_Latn,50,0,60
spa_Latn,50,1,47
spa_Latn,50,2,47
spa_Latn,50,3,7
spa_Latn,50,4,52
spa_Latn,50,5,19
spa_Latn,50,6,8
spa_Latn,50,7,8
spa_Latn,50,8,19
spa_Latn,50,9,16
spa_Latn,51,0,60
spa_Latn,51,1,8
spa_Latn,51,2,8
spa_Latn,51,3,8
spa_Latn,51,4,47
spa_Latn,51,5,1
spa_Latn,51,6,19
spa_Latn,51,7,39
spa_Latn,51,8,10
spa_Latn,52,0,60
spa_Latn,52,1,61
spa_Latn,52,2,16
spa_Latn,52,3,8
spa_Latn,52,4,8
spa_Latn,52,5,47
spa_Latn,52,6,19
spa_Latn,52,7,8
spa_Latn,52,8,46
spa_Latn,52,9,63
spa_Latn,52,10,8
spa_Latn,52,11,52
spa_Latn,53,0,60
spa_Latn,53,1,19
spa_Latn,53,2,8
spa_Latn,53,3,50
spa_Latn,53,4,54
spa_Latn,53,5,8
spa_Latn,53,6,19
spa_Latn,53,7,8
spa_Latn,53,8,8
spa_Latn,53,9,39
spa_Latn,53,10,8
spa_Latn,53,11,8
spa_Latn,53,12,19
spa_Latn,53,13,8
spa_Latn,53,14,8
spa_Latn,54,0,60
spa_Latn,54,1,47
spa_Latn,54,2,39
spa_Latn,54,3,61
spa_Latn,54,4,47
spa_Latn,54,5,19
spa_Latn,54,6,8
spa_Latn,54,7,8
spa_Latn,54,8,23
spa_Latn,54,9,8
spa_Latn,54,10,52
spa_Latn,54,11,8
eng_Latn,55,0,60
eng_Latn,55,1,40
eng_Latn,55,2,40
eng_Latn,55,3,10
eng_Latn,55,4,56
eng_Latn,55,5,35
eng_Latn,55,6,56
eng_Latn,55,7,54
eng_Latn,55,8,19
eng_Latn,55,9,44
eng_Latn,56,0,60
eng_Latn,56,1,57
eng_Latn,56,2,41
eng_Latn,56,3,17
eng_Latn,56,4,17
eng_Latn,56,5,16
eng_Latn,56,6,20
eng_Latn,56,7,54
eng_Latn,56,8,38
eng_Latn,56,9,15
eng_Latn,57,0,60
eng_Latn,57,1,18
eng_Latn,57,2,18
eng_Latn,57,3,34
eng_Latn,57,4,48
eng_Latn,57,5,56
eng_Latn,57,6,37
eng_Latn,57,7,16
eng_Latn,57,8,51
spa_Latn,58,0,60
spa_Latn,58,1,19
spa_Latn,58,2,39
spa_Latn,58,3,39
spa_Latn,58,4,8
spa_Latn,58,5,8
spa_Latn,58,6,8
spa_Latn,58,7,52
spa_Latn,58,8,7
spa_Latn,58,9,39
spa_Latn,58,10,8
spa_Latn,58,11,8
spa_Latn,58,12,8
spa_Latn,58,13,8
spa_Latn,58,14,8
spa_Latn,58,15,19
spa_Latn,58,16,8
spa_Latn,58,17,8
spa_Latn,59,0,60
spa_Latn,59,1,8
spa_Latn,59,2,8
spa_Latn,59,3,39
spa_Latn,59,4,7
spa_Latn,59,5,12
spa_Latn,59,6,61
spa_Latn,59,7,39
spa_Latn,59,8,49
spa_Latn,59,9,12
spa_Latn,59,10,52
spa_Latn,59,11,39
eng_Latn,60,0,60
eng_Latn,60,1,1
eng_Latn,60,2,22
eng_Latn,60,3,26
eng_Latn,60,4,26
eng_Latn,60,5,60
eng_Latn,60,6,12
eng_Latn,60,7,22
eng_Latn,60,8,22
eng_Latn,60,9,22
eng_Latn,60,10,22
eng_Latn,60,11,47
eng_Latn,60,12,62
eng_Latn,60,13,34
eng_Latn,61,0,60
eng_Latn,61,1,22
eng_Latn,61,2,12
eng_Latn,61,3,22
eng_Latn,61,4,63
eng_Latn,62,0,60
eng_Latn,62,1,56
eng_Latn,62,2,48
eng_Latn,62,3,56
eng_Latn,62,4,46
eng_Latn,63,0,60
eng_Latn,63,1,38
eng_Latn,63,2,46
eng_Latn,63,3,9
eng_Latn,63,4,14
eng_Latn,63,5,35
eng_Latn,63,6,46
eng_Latn,63,7,43
eng_Latn,63,8,15
eng_Latn,64,0,60
eng_Latn,64,1,22
eng_Latn,64,2,10
eng_Latn,64,3,56
eng_Latn,64,4,57
eng_Latn,64,5,52
eng_Latn,64,6,52
eng_Latn,65,0,60
eng_Latn,65,1,22
eng_Latn,65,2,9
eng_Latn,65,3,12
eng_Latn,65,4,19
eng_Latn,65,5,15
eng_Latn,65,6,9
eng_Latn,65,7,9
eng_Latn,65,8,22
eng_Latn,65,9,9
eng_Latn,65,10,29
eng_Latn,65,11,51
eng_Latn,65,12,24
eng_Latn,65,13,56
eng_Latn,65,14,47
eng_Latn,65,15,46
eng_Latn,65,16,51
spa_Latn,66,0,60
spa_Latn,66,1,52
spa_Latn,66,2,52
spa_Latn,66,3,39
spa_Latn,66,4,22
spa_Latn,66,5,37
spa_Latn,66,6,22
spa_Latn,66,7,9
spa_Latn,67,0,60
spa_Latn,67,1,47
spa_Latn,67,2,8
spa_Latn,67,3,17
spa_Latn,67,4,39
spa_Latn,67,5,8
spa_Latn,67,6,8
spa_Latn,67,7,8
spa_Latn,67,8,52
spa_Latn,67,9,1
spa_Latn,67,10,47
spa_Latn,67,11,15
spa_Latn,68,0,60
spa_Latn,68,1,8
spa_Latn,68,2,8
spa_Latn,68,3,51
spa_Latn,68,4,8
spa_Latn,68,5,19
spa_Latn,68,6,10
spa_Latn,68,7,8
spa_Latn,68,8,8
spa_Latn,68,9,19
spa_Latn,68,10,8
eng_Latn,69,0,60
eng_Latn,69,1,13
eng_Latn,69,2,49
eng_Latn,69,3,18
eng_Latn,69,4,18
eng_Latn,69,5,3
eng_Latn,69,6,57
eng_Latn,69,7,24
eng_Latn,69,8,3
eng_Latn,69,9,3
eng_Latn,69,10,3
spa_Latn,70,0,60
spa_Latn,70,1,47
spa_Latn,70,2,19
spa_Latn,70,3,46
spa_Latn,70,4,7
spa_Latn,70,5,47
spa_Latn,70,6,8
spa_Latn,70,7,8
spa_Latn,70,8,8
spa_Latn,70,9,19
spa_Latn,70,10,8
spa_Latn,70,11,8
spa_Latn,70,12,30
spa_Latn,70,13,19
spa_Latn,70,14,8
spa_Latn,70,15,8
spa_Latn,71,0,60
spa_Latn,71,1,54
spa_Latn,71,2,47
spa_Latn,71,3,8
spa_Latn,71,4,39
spa_Latn,71,5,8
spa_Latn,71,6,40
spa_Latn,71,7,61
spa_Latn,71,8,8
eng_Latn,72,0,60
eng_Latn,72,1,37
eng_Latn,72,2,37
eng_Latn,72,3,52
eng_Latn,72,4,37
spa_Latn,73,0,60
spa_Latn,73,1,8
spa_Latn,73,2,12
spa_Latn,73,3,19
spa_Latn,73,4,13
spa_Latn,74,0,60
spa_Latn,74,1,40
spa_Latn,74,2,8
spa_Latn,74,3,19
spa_Latn,74,4,7
spa_Latn,74,5,60
spa_Latn,74,6,11
spa_Latn,74,7,36
spa_Latn,74,8,52
spa_Latn,75,0,60
spa_Latn,75,1,40
spa_Latn,75,2,63
spa_Latn,75,3,8
spa_Latn,75,4,1
spa_Latn,75,5,8
spa_Latn,75,6,8
spa_Latn,75,7,61
spa_Latn,75,8,8
spa_Latn,76,0,60
spa_Latn,76,1,19
spa_Latn,76,2,19
spa_Latn,76,3,8
spa_Latn,76,4,8
spa_Latn,76,5,47
eng_Latn,77,0,60
eng_Latn,77,1,54
eng_Latn,77,2,9
eng_Latn,77,3,9
eng_Latn,77,4,54
eng_Latn,77,5,56
eng_Latn,77,6,8
eng_Latn,77,7,16
eng_Latn,78,0,60
eng_Latn,78,1,53
eng_Latn,78,2,44
eng_Latn,78,3,34
eng_Latn,78,4,53
eng_Latn,78,5,49
eng_Latn,78,6,63
spa_Latn,79,0,60
spa_Latn,79,1,9
spa_Latn,79,2,19
spa_Latn,79,3,40
spa_Latn,79,4,19
spa_Latn,79,5,7
spa_Latn,79,6,8
spa_Latn,79,7,8
spa_Latn,79,8,8
spa_Latn,79,9,8
spa_Latn,79,10,8
spa_Latn,80,0,60
spa_Latn,80,1,26
spa_Latn,80,2,19
spa_Latn,80,3,8
spa_Latn,80,4,8
spa_Latn,80,5,8
spa_Latn,80,6,19
spa_Latn,80,7,8
spa_Latn,80,8,8
spa_Latn,81,0,60
spa_Latn,81,1,8
spa_Latn,81,2,19
spa_Latn,81,3,40
spa_Latn,81,4,8
spa_Latn,81,5,8
spa_Latn,81,6,8
spa_Latn,81,7,8
spa_Latn,81,8,26
spa_Latn,81,9,26
spa_Latn,81,10,26
spa_Latn,81,11,8
spa_Latn,81,12,19
spa_Latn,81,13,39
spa_Latn,81,14,8
spa_Latn,82,0,60
spa_Latn,82,1,47
spa_Latn,82,2,8
spa_Latn,82,3,5
spa_Latn,82,4,26
spa_Latn,82,5,40
spa_Latn,82,6,49
spa_Latn,82,7,12
spa_Latn,82,8,49
eng_Latn,83,0,60
eng_Latn,83,1,49
eng_Latn,83,2,5
eng_Latn,83,3,26
spa_Latn,84,0,60
spa_Latn,84,1,61
spa_Latn,84,2,17
spa_Latn,84,3,17
spa_Latn,84,4,1
spa_Latn,84,5,19
spa_Latn,84,6,39
spa_Latn,84,7,8
spa_Latn,85,0,60
spa_Latn,85,1,19
spa_Latn,85,2,39
spa_Latn,85,3,8
spa_Latn,85,4,8
spa_Latn,85,5,47
spa_Latn,85,6,8
spa_Latn,85,7,8
spa_Latn,85,8,8
spa_Latn,85,9,19
spa_Latn,85,10,8
eng_Latn,86,0,60
eng_Latn,86,1,9
eng_Latn,86,2,38
eng_Latn,86,3,15
eng_Latn,86,4,56
eng_Latn,86,5,63
eng_Latn,86,6,14
eng_Latn,86,7,14
eng_Latn,86,8,40
eng_Latn,86,9,1
eng_Latn,87,0,60
eng_Latn,87,1,22
eng_Latn,87,2,51
eng_Latn,87,3,46
eng_Latn,87,4,45
eng_Latn,87,5,46
eng_Latn,87,6,45
eng_Latn,87,7,51
eng_Latn,88,0,60
eng_Latn,88,1,40
eng_Latn,88,2,40
eng_Latn,88,3,59
eng_Latn,88,4,19
eng_Latn,88,5,48
eng_Latn,88,6,62
eng_Latn,88,7,46
eng_Latn,88,8,57
eng_Latn,88,9,62
spa_Latn,89,0,60
spa_Latn,89,1,52
spa_Latn,89,2,52
spa_Latn,89,3,52
spa_Latn,89,4,63
spa_Latn,89,5,8
spa_Latn,90,0,60
spa_Latn,90,1,47
spa_Latn,90,2,8
spa_Latn,90,3,19
spa_Latn,90,4,39
spa_Latn,90,5,8
spa_Latn,90,6,8
spa_Latn,90,7,61
spa_Latn,90,8,8
spa_Latn,90,9,8
spa_Latn,90,10,1
spa_Latn,90,11,39
spa_Latn,90,12,8
spa_Latn,90,13,8
spa_Latn,90,14,8
eng_Latn,91,0,60
eng_Latn,91,1,14
eng_Latn,91,2,19
eng_Latn,91,3,40
eng_Latn,91,4,18
eng_Latn,92,0,60
eng_Latn,92,1,40
eng_Latn,92,2,43
eng_Latn,92,3,57
eng_Latn,92,4,61
eng_Latn,92,5,31
eng_Latn,93,0,60
eng_Latn,93,1,9
eng_Latn,93,2,19
eng_Latn,93,3,22
eng_Latn,93,4,22
eng_Latn,93,5,58
eng_Latn,93,6,12
eng_Latn,93,7,47
spa_Latn,94,0,60
spa_Latn,94,1,19
spa_Latn,94,2,39
spa_Latn,94,3,35
spa_Latn,94,4,8
spa_Latn,94,5,16
spa_Latn,94,6,19
spa_Latn,94,7,7
spa_Latn,94,8,8
spa_Latn,95,0,60
spa_Latn,95,1,19
spa_Latn,95,2,52
spa_Latn,95,3,1
spa_Latn,95,4,52
spa_Latn,95,5,22
spa_Latn,95,6,24
spa_Latn,95,7,19
spa_Latn,95,8,1
spa_Latn,95,9,8
spa_Latn,95,10,56
spa_Latn,95,11,8
spa_Latn,95,12,8
spa_Latn,95,13,1
spa_Latn,95,14,19
spa_Latn,95,15,22
spa_Latn,95,16,52
eng_Latn,96,0,60
eng_Latn,96,1,28
eng_Latn,96,2,28
eng_Latn,96,3,38
eng_Latn,96,4,19
eng_Latn,96,5,47
eng_Latn,97,0,60
eng_Latn,97,1,56
eng_Latn,97,2,56
eng_Latn,97,3,38
eng_Latn,97,4,57
eng_Latn,97,5,20
eng_Latn,97,6,46
eng_Latn,97,7,15
eng_Latn,98,0,60
eng_Latn,98,1,12
eng_Latn,98,2,26
eng_Latn,98,3,19
eng_Latn,98,4,49
eng_Latn,98,5,1
eng_Latn,98,6,52
eng_Latn,98,7,62
spa_Latn,99,0,60
spa_Latn,99,1,8
spa_Latn,99,2,8
spa_Latn,99,3,19
spa_Latn,99,4,8
spa_Latn,99,5,60
eng_Latn,100,0,60
eng_Latn,100,1,36
eng_Latn,100,2,56
eng_Latn,100,3,36
eng_Latn,100,4,36
eng_Latn,100,5,63
spa_Latn,101,0,60
spa_Latn,101,1,8
spa_Latn,101,2,8
spa_Latn,101,3,8
spa_Latn,101,4,8
spa_Latn,101,5,19
spa_Latn,101,6,8
spa_Latn,101,7,8
spa_Latn,101,8,8
spa_Latn,101,9,19
spa_Latn,101,10,8
spa_Latn,101,11,8
spa_Latn,101,12,8
spa_Latn,101,13,47
spa_Latn,101,14,8
spa_Latn,102,0,60
spa_Latn,102,1,8
spa_Latn,102,2,8
spa_Latn,102,3,19
spa_Latn,102,4,47
spa_Latn,102,5,8
spa_Latn,102,6,8
spa_Latn,102,7,8
spa_Latn,102,8,47
spa_Latn,102,9,8
spa_Latn,103,0,60
spa_Latn,103,1,19
spa_Latn,103,2,8
spa_Latn,103,3,8
spa_Latn,103,4,8
spa_Latn,103,5,8
spa_Latn,103,6,47
spa_Latn,103,7,8
spa_Latn,103,8,47
spa_Latn,103,9,47
spa_Latn,103,10,8
spa_Latn,103,11,1
spa_Latn,103,12,19
spa_Latn,103,13,8
spa_Latn,103,14,8
spa_Latn,103,15,3
spa_Latn,103,16,1
spa_Latn,104,0,60
spa_Latn,104,1,19
spa_Latn,104,2,8
spa_Latn,104,3,47
spa_Latn,104,4,8
spa_Latn,104,5,53
spa_Latn,104,6,19
spa_Latn,104,7,39
spa_Latn,105,0,60
spa_Latn,105,1,47
spa_Latn,105,2,7
spa_Latn,105,3,19
spa_Latn,105,4,19
spa_Latn,105,5,8
eng_Latn,106,0,60
eng_Latn,106,1,27
eng_Latn,106,2,61
eng_Latn,106,3,39
eng_Latn,106,4,9
eng_Latn,106,5,38
eng_Latn,106,6,50
eng_Latn,106,7,16
eng_Latn,107,0,60
eng_Latn,107,1,16
eng_Latn,107,2,19
eng_Latn,107,3,47
eng_Latn,107,4,16
eng_Latn,107,5,50
eng_Latn,107,6,16
eng_Latn,107,7,38
eng_Latn,107,8,57
spa_Latn,108,0,60
spa_Latn,108,1,19
spa_Latn,108,2,7
spa_Latn,108,3,11
spa_Latn,108,4,9
spa_Latn,108,5,47
spa_Latn,108,6,13
spa_Latn,108,7,13
spa_Latn,108,8,13
spa_Latn,109,0,60
spa_Latn,109,1,8
spa_Latn,109,2,61
spa_Latn,109,3,34
spa_Latn,109,4,8
spa_Latn,109,5,1
spa_Latn,109,6,7
spa_Latn,109,7,34
spa_Latn,109,8,51
spa_Latn,109,9,8
spa_Latn,109,10,4
spa_Latn,109,11,8
eng_Latn,110,0,60
eng_Latn,110,1,37
eng_Latn,110,2,52
eng_Latn,110,3,57
eng_Latn,110,4,59
eng_Latn,110,5,50
eng_Latn,110,6,56
eng_Latn,110,7,35
eng_Latn,110,8,35
eng_Latn,110,9,8
eng_Latn,110,10,8
eng_Latn,110,11,48
eng_Latn,111,0,60
eng_Latn,111,1,45
eng_Latn,111,2,18
eng_Latn,111,3,21
eng_Latn,111,4,31
eng_Latn,111,5,3
eng_Latn,111,6,46
eng_Latn,112,0,60
eng_Latn,112,1,9
eng_Latn,112,2,56
eng_Latn,112,3,41
eng_Latn,112,4,24
eng_Latn,112,5,52
eng_Latn,112,6,52
eng_Latn,112,7,52
eng_Latn,112,8,57
eng_Latn,112,9,41
eng_Latn,112,10,2
eng_Latn,112,11,18
eng_Latn,112,12,48
eng_Latn,112,13,18
eng_Latn,112,14,16
spa_Latn,113,0,60
spa_Latn,113,1,27
spa_Latn,113,2,8
spa_Latn,113,3,8
spa_Latn,113,4,39
spa_Latn,113,5,39
spa_Latn,113,6,47
spa_Latn,113,7,63
spa_Latn,113,8,8
spa_Latn,113,9,11
spa_Latn,113,10,47
spa_Latn,113,11,49
spa_Latn,113,12,26
spa_Latn,114,0,60
spa_Latn,114,1,19
spa_Latn,114,2,24
spa_Latn,114,3,39
spa_Latn,114,4,8
spa_Latn,114,5,8
spa_Latn,114,6,8
spa_Latn,114,7,19
spa_Latn,114,8,19
spa_Latn,114,9,8
spa_Latn,114,10,1
spa_Latn,114,11,8
spa_Latn,114,12,8
spa_Latn,114,13,8
eng_Latn,115,0,60
eng_Latn,115,1,47
eng_Latn,115,2,47
eng_Latn,115,3,40
eng_Latn,115,4,56
eng_Latn,115,5,46
eng_Latn,115,6,59
eng_Latn,115,7,59
eng_Latn,115,8,7
eng_Latn,115,9,33
spa_Latn,116,0,60
spa_Latn,116,1,19
spa_Latn,116,2,51
spa_Latn,116,3,39
spa_Latn,116,4,16
spa_Latn,116,5,8
spa_Latn,116,6,8
spa_Latn,116,7,8
spa_Latn,116,8,61
spa_Latn,116,9,8
spa_Latn,116,10,8
spa_Latn,116,11,61
spa_Latn,116,12,8
spa_Latn,116,13,8
spa_Latn,116,14,8
spa_Latn,116,15,8
spa_Latn,116,16,8
eng_Latn,117,0,60
eng_Latn,117,1,22
eng_Latn,117,2,60
eng_Latn,117,3,47
spa_Latn,118,0,60
spa_Latn,118,1,47
spa_Latn,118,2,34
spa_Latn,118,3,29
spa_Latn,118,4,19
spa_Latn,118,5,19
spa_Latn,118,6,34
spa_Latn,118,7,11
spa_Latn,118,8,47
spa_Latn,119,0,60
spa_Latn,119,1,49
spa_Latn,119,2,19
spa_Latn,119,3,40
spa_Latn,119,4,61
spa_Latn,119,5,1
spa_Latn,119,6,28
spa_Latn,119,7,47
spa_Latn,119,8,52
eng_Latn,120,0,60
eng_Latn,120,1,61
eng_Latn,120,2,9
eng_Latn,120,3,4
eng_Latn,120,4,51
eng_Latn,120,5,35
eng_Latn,120,6,9
eng_Latn,120,7,37
eng_Latn,120,8,46
spa_Latn,121,0,60
spa_Latn,121,1,61
spa_Latn,121,2,8
spa_Latn,121,3,61
spa_Latn,121,4,8
spa_Latn,121,5,19
spa_Latn,121,6,8
spa_Latn,121,7,8
spa_Latn,121,8,8
spa_Latn,121,9,19
spa_Latn,121,10,8
spa_Latn,121,11,8
eng_Latn,122,0,60
eng_Latn,122,1,11
eng_Latn,122,2,22
eng_Latn,122,3,63
eng_Latn,122,4,60
eng_Latn,122,5,14
eng_Latn,122,6,40
eng_Latn,122,7,60
eng_Latn,123,0,60
eng_Latn,123,1,51
eng_Latn,123,2,26
eng_Latn,123,3,61
eng_Latn,123,4,49
spa_Latn,124,0,60
spa_Latn,124,1,10
spa_Latn,124,2,19
spa_Latn,124,3,10
spa_Latn,124,4,47
spa_Latn,124,5,56
spa_Latn,124,6,19
spa_Latn,124,7,8
spa_Latn,124,8,8
spa_Latn,124,9,19
spa_Latn,124,10,8
spa_Latn,124,11,8
spa_Latn,124,12,8
spa_Latn,124,13,61
spa_Latn,124,14,47
spa_Latn,124,15,8
spa_Latn,125,0,60
spa_Latn,125,1,19
spa_Latn,125,2,8
spa_Latn,125,3,8
spa_Latn,125,4,19
spa_Latn,125,5,19
spa_Latn,125,6,8
spa_Latn,125,7,8
spa_Latn,125,8,8
spa_Latn,125,9,1
spa_Latn,125,10,40
spa_Latn,125,11,10
spa_Latn,125,12,8
spa_Latn,125,13,8
spa_Latn,125,14,40
spa_Latn,126,0,60
spa_Latn,126,1,47
spa_Latn,126,2,7
spa_Latn,126,3,8
spa_Latn,126,4,20
spa_Latn,126,5,35
spa_Latn,126,6,52
spa_Latn,126,7,52
spa_Latn,126,8,47
spa_Latn,126,9,19
spa_Latn,126,10,39
spa_Latn,126,11,8
spa_Latn,126,12,1
spa_Latn,126,13,19
spa_Latn,126,14,52
spa_Latn,126,15,52
spa_Latn,126,16,1
spa_Latn,126,17,37
eng_Latn,127,0,60
eng_Latn,127,1,19
eng_Latn,127,2,18
eng_Latn,127,3,39
spa_Latn,128,0,60
spa_Latn,128,1,16
spa_Latn,128,2,10
spa_Latn,128,3,8
spa_Latn,128,4,29
spa_Latn,128,5,47
spa_Latn,128,6,8
spa_Latn,128,7,8
spa_Latn,128,8,19
spa_Latn,128,9,19
spa_Latn,128,10,8
eng_Latn,129,0,60
eng_Latn,129,1,22
eng_Latn,129,2,22
eng_Latn,129,3,12
eng_Latn,129,4,29
eng_Latn,129,5,22
spa_Latn,130,0,60
spa_Latn,130,1,19
spa_Latn,130,2,61
spa_Latn,130,3,33
spa_Latn,130,4,12
spa_Latn,130,5,47
spa_Latn,130,6,1
spa_Latn,130,7,1
spa_Latn,130,8,47
spa_Latn,130,9,11
spa_Latn,130,10,26
spa_Latn,130,11,26
spa_Latn,130,12,39
spa_Latn,130,13,26
spa_Latn,130,14,42
spa_Latn,130,15,26
spa_Latn,130,16,39
spa_Latn,130,17,39
eng_Latn,131,0,60
eng_Latn,131,1,6
eng_Latn,131,2,48
eng_Latn,131,3,18
eng_Latn,131,4,63
spa_Latn,132,0,60
spa_Latn,132,1,26
spa_Latn,132,2,8
spa_Latn,132,3,1
spa_Latn,132,4,8
spa_Latn,132,5,8
spa_Latn,132,6,8
spa_Latn,132,7,19
spa_Latn,132,8,8
spa_Latn,132,9,8
spa_Latn,132,10,19
spa_Latn,132,11,39
spa_Latn,132,12,8
eng_Latn,133,0,60
eng_Latn,133,1,50
eng_Latn,133,2,39
eng_Latn,133,3,19
eng_Latn,133,4,33
eng_Latn,133,5,46
eng_Latn,133,6,48
eng_Latn,133,7,14
eng_Latn,133,8,27
eng_Latn,133,9,47
eng_Latn,133,10,49
eng_Latn,134,0,60
eng_Latn,134,1,52
eng_Latn,134,2,1
eng_Latn,134,3,22
eng_Latn,134,4,12
eng_Latn,134,5,54
eng_Latn,134,6,24
eng_Latn,134,7,46
eng_Latn,134,8,46
eng_Latn,134,9,7
eng_Latn,134,10,48
eng_Latn,134,11,16
eng_Latn,135,0,60
eng_Latn,135,1,22
eng_Latn,135,2,53
eng_Latn,135,3,46
spa_Latn,136,0,60
spa_Latn,136,1,19
spa_Latn,136,2,19
spa_Latn,136,3,16
spa_Latn,136,4,8
spa_Latn,136,5,8
spa_Latn,136,6,8
spa_Latn,136,7,8
spa_Latn,137,0,60
spa_Latn,137,1,8
spa_Latn,137,2,19
spa_Latn,137,3,8
spa_Latn,137,4,19
spa_Latn,137,5,8
spa_Latn,137,6,8
spa_Latn,137,7,8
spa_Latn,137,8,52
spa_Latn,137,9,35
spa_Latn,137,10,8
spa_Latn,137,11,8
spa_Latn,138,0,60
spa_Latn,138,1,47
spa_Latn,138,2,47
spa_Latn,138,3,39
spa_Latn,138,4,58
spa_Latn,138,5,58
spa_Latn,138,6,60
spa_Latn,138,7,1
spa_Latn,138,8,47
spa_Latn,138,9,8
spa_Latn,138,10,7
spa_Latn,138,11,8
spa_Latn,139,0,60
spa_Latn,139,1,22
spa_Latn,139,2,22
spa_Latn,139,3,22
spa_Latn,139,4,12
spa_Latn,139,5,40
spa_Latn,140,0,60
spa_Latn,140,1,61
spa_Latn,140,2,8
spa_Latn,140,3,19
spa_Latn,140,4,8
spa_Latn,140,5,8
spa_Latn,140,6,19
spa_Latn,140,7,19
spa_Latn,140,8,19
spa_Latn,140,9,8
spa_Latn,140,10,12
spa_Latn,140,11,47
spa_Latn,140,12,47
spa_Latn,140,13,37
spa_Latn,140,14,52
spa_Latn,140,15,52
spa_Latn,140,16,52
spa_Latn,140,17,37
spa_Latn,140,18,12
eng_Latn,141,0,60
eng_Latn,141,1,9
eng_Latn,141,2,11
eng_Latn,141,3,27
eng_Latn,141,4,27
eng_Latn,141,5,27
eng_Latn,141,6,39
eng_Latn,141,7,11
eng_Latn,141,8,19
eng_Latn,141,9,27
eng_Latn,141,10,26
eng_Latn,141,11,39
eng_Latn,141,12,1
eng_Latn,141,13,9
eng_Latn,141,14,60
spa_Latn,142,0,60
spa_Latn,142,1,8
spa_Latn,142,2,8
spa_Latn,142,3,36
spa_Latn,142,4,39
spa_Latn,142,5,36
spa_Latn,142,6,36
spa_Latn,143,0,60
spa_Latn,143,1,19
spa_Latn,143,2,8
spa_Latn,143,3,8
spa_Latn,143,4,10
spa_Latn,143,5,39
spa_Latn,143,6,8
spa_Latn,143,7,8
spa_Latn,143,8,8
spa_Latn,143,9,19
spa_Latn,143,10,8
spa_Latn,144,0,60
spa_Latn,144,1,19
spa_Latn,144,2,8
spa_Latn,144,3,7
spa_Latn,144,4,10
spa_Latn,144,5,8
spa_Latn,144,6,61
spa_Latn,144,7,8
spa_Latn,144,8,61
spa_Latn,144,9,19
spa_Latn,144,10,19
spa_Latn,144,11,8
eng_Latn,145,0,60
eng_Latn,145,1,52
eng_Latn,145,2,53
eng_Latn,145,3,38
eng_Latn,145,4,52
eng_Latn,145,5,34
eng_Latn,145,6,61
eng_Latn,145,7,16
eng_Latn,145,8,35
eng_Latn,145,9,19
eng_Latn,145,10,15
spa_Latn,146,0,60
spa_Latn,146,1,19
spa_Latn,146,2,19
spa_Latn,146,3,8
spa_Latn,146,4,19
spa_Latn,146,5,19
spa_Latn,146,6,8
spa_Latn,146,7,8
spa_Latn,146,8,19
spa_Latn,146,9,49
spa_Latn,146,10,26
spa_Latn,146,11,7
eng_Latn,147,0,60
eng_Latn,147,1,35
eng_Latn,147,2,56
eng_Latn,147,3,56
eng_Latn,147,4,51
eng_Latn,147,5,56
eng_Latn,147,6,51
spa_Latn,148,0,60
spa_Latn,148,1,8
spa_Latn,148,2,8
spa_Latn,148,3,8
spa_Latn,148,4,34
spa_Latn,149,0,60
spa_Latn,149,1,19
spa_Latn,149,2,47
spa_Latn,149,3,19
spa_Latn,149,4,8
spa_Latn,149,5,47
spa_Latn,149,6,34
spa_Latn,150,0,60
spa_Latn,150,1,47
spa_Latn,150,2,34
spa_Latn,150,3,29
spa_Latn,150,4,47
spa_Latn,150,5,8
spa_Latn,150,6,8
spa_Latn,150,7,19
spa_Latn,150,8,8
spa_Latn,151,0,60
spa_Latn,151,1,27
spa_Latn,151,2,8
spa_Latn,151,3,8
spa_Latn,151,4,57
spa_Latn,151,5,8
eng_Latn,152,0,60
eng_Latn,152,1,39
eng_Latn,152,2,24
eng_Latn,152,3,19
eng_Latn,152,4,19
eng_Latn,152,5,48
eng_Latn,152,6,56
eng_Latn,152,7,59
eng_Latn,152,8,40
eng_Latn,152,9,15
spa_Latn,153,0,60
spa_Latn,153,1,61
spa_Latn,153,2,47
spa_Latn,153,3,8
spa_Latn,153,4,8
spa_Latn,153,5,8
spa_Latn,153,6,19
spa_Latn,154,0,60
spa_Latn,154,1,47
spa_Latn,154,2,8
spa_Latn,154,3,8
spa_Latn,154,4,8
spa_Latn,154,5,19
spa_Latn,154,6,8
spa_Latn,154,7,8
spa_Latn,154,8,61
spa_Latn,154,9,8
spa_Latn,154,10,46
spa_Latn,154,11,8
spa_Latn,154,12,15
eng_Latn,155,0,60
eng_Latn,155,1,33
eng_Latn,155,2,33
eng_Latn,155,3,33
eng_Latn,155,4,33
eng_Latn,155,5,33
eng_Latn,155,6,33
eng_Latn,155,7,33
eng_Latn,155,8,33
spa_Latn,156,0,60
spa_Latn,156,1,40
spa_Latn,156,2,39
spa_Latn,156,3,8
spa_Latn,156,4,19
spa_Latn,156,5,47
spa_Latn,156,6,8
spa_Latn,156,7,8
spa_Latn,156,8,8
spa_Latn,156,9,7
spa_Latn,157,0,60
spa_Latn,157,1,8
spa_Latn,157,2,8
spa_Latn,157,3,8
spa_Latn,157,4,47
spa_Latn,157,5,19
spa_Latn,157,6,8
eng_Latn,158,0,60
eng_Latn,158,1,22
eng_Latn,158,2,54
eng_Latn,158,3,54
eng_Latn,158,4,10
eng_Latn,158,5,16
eng_Latn,159,0,60
eng_Latn,159,1,23
eng_Latn,159,2,56
eng_Latn,159,3,57
eng_Latn,159,4,54
eng_Latn,159,5,35
eng_Latn,159,6,38
eng_Latn,159,7,57
spa_Latn,160,0,60
spa_Latn,160,1,19
spa_Latn,160,2,47
spa_Latn,160,3,8
spa_Latn,160,4,19
spa_Latn,160,5,39
spa_Latn,160,6,8
spa_Latn,160,7,19
spa_Latn,160,8,39
eng_Latn,161,0,60
eng_Latn,161,1,18
eng_Latn,161,2,21
eng_Latn,161,3,25
eng_Latn,161,4,25
eng_Latn,161,5,25
eng_Latn,161,6,25
eng_Latn,161,7,52
eng_Latn,161,8,57
spa_Latn,162,0,60
spa_Latn,162,1,19
spa_Latn,162,2,8
spa_Latn,162,3,29
spa_Latn,162,4,7
eng_Latn,163,0,60
eng_Latn,163,1,60
eng_Latn,163,2,61
eng_Latn,163,3,39
eng_Latn,163,4,7
eng_Latn,163,5,11
eng_Latn,163,6,35
eng_Latn,163,7,48
eng_Latn,163,8,56
eng_Latn,163,9,54
eng_Latn,163,10,35
eng_Latn,163,11,35
eng_Latn,163,12,51
spa_Latn,164,0,60
spa_Latn,164,1,39
spa_Latn,164,2,28
spa_Latn,164,3,46
spa_Latn,164,4,52
spa_Latn,165,0,60
spa_Latn,165,1,19
spa_Latn,165,2,8
spa_Latn,165,3,8
spa_Latn,165,4,8
spa_Latn,166,0,60
spa_Latn,166,1,19
spa_Latn,166,2,22
spa_Latn,166,3,24
spa_Latn,166,4,22
spa_Latn,166,5,19
spa_Latn,166,6,7
spa_Latn,166,7,19
spa_Latn,166,8,19
spa_Latn,166,9,7
spa_Latn,166,10,8
eng_Latn,167,0,60
eng_Latn,167,1,47
eng_Latn,167,2,19
eng_Latn,167,3,46
eng_Latn,167,4,5
eng_Latn,167,5,35
eng_Latn,167,6,46
eng_Latn,167,7,42
eng_Latn,167,8,47
eng_Latn,167,9,61
eng_Latn,167,10,61
eng_Latn,167,11,49
eng_Latn,167,12,22
eng_Latn,167,13,47
eng_Latn,167,14,60
spa_Latn,168,0,60
spa_Latn,168,1,15
spa_Latn,168,2,56
spa_Latn,168,3,8
spa_Latn,168,4,19
spa_Latn,168,5,8
spa_Latn,169,0,60
spa_Latn,169,1,39
spa_Latn,169,2,7
spa_Latn,169,3,8
spa_Latn,169,4,8
spa_Latn,169,5,47
spa_Latn,169,6,19
spa_Latn,169,7,8
spa_Latn,169,8,8
spa_Latn,169,9,19
spa_Latn,169,10,63
spa_Latn,170,0,60
spa_Latn,170,1,49
spa_Latn,170,2,8
spa_Latn,170,3,19
spa_Latn,170,4,7
spa_Latn,170,5,8
spa_Latn,170,6,3
spa_Latn,170,7,3
spa_Latn,170,8,19
spa_Latn,170,9,8
spa_Latn,170,10,24
spa_Latn,170,11,52
spa_Latn,170,12,52
spa_Latn,170,13,7
spa_Latn,170,14,44
eng_Latn,171,0,60
eng_Latn,171,1,35
eng_Latn,171,2,56
eng_Latn,171,3,16
eng_Latn,171,4,16
eng_Latn,171,5,54
eng_Latn,171,6,38
eng_Latn,171,7,50
eng_Latn,171,8,63
eng_Latn,172,0,60
eng_Latn,172,1,19
eng_Latn,172,2,40
eng_Latn,172,3,18
eng_Latn,172,4,14
eng_Latn,172,5,38
eng_Latn,172,6,40
eng_Latn,172,7,46
eng_Latn,172,8,47
eng_Latn,172,9,15
eng_Latn,172,10,12
eng_Latn,172,11,11
eng_Latn,172,12,19
eng_Latn,172,13,22
eng_Latn,173,0,60
eng_Latn,173,1,22
eng_Latn,173,2,56
eng_Latn,173,3,35
eng_Latn,173,4,35
eng_Latn,173,5,51
eng_Latn,174,0,60
eng_Latn,174,1,45
eng_Latn,174,2,45
eng_Latn,174,3,38
eng_Latn,174,4,18
eng_Latn,174,5,56
eng_Latn,174,6,53
eng_Latn,174,7,23
eng_Latn,174,8,34
eng_Latn,175,0,60
eng_Latn,175,1,63
eng_Latn,175,2,63
eng_Latn,175,3,53
eng_Latn,175,4,37
eng_Latn,175,5,63
spa_Latn,176,0,60
spa_Latn,176,1,8
spa_Latn,176,2,8
spa_Latn,176,3,8
spa_Latn,176,4,8
spa_Latn,176,5,1
spa_Latn,176,6,52
spa_Latn,177,0,60
spa_Latn,177,1,19
spa_Latn,177,2,8
spa_Latn,177,3,19
spa_Latn,177,4,8
spa_Latn,177,5,8
spa_Latn,177,6,8
spa_Latn,177,7,8
spa_Latn,177,8,19
spa_Latn,177,9,8
spa_Latn,177,10,8
spa_Latn,177,11,8
spa_Latn,177,12,8
eng_Latn,178,0,60
eng_Latn,178,1,22
eng_Latn,178,2,45
eng_Latn,178,3,50
eng_Latn,178,4,18
eng_Latn,178,5,16
eng_Latn,178,6,11
eng_Latn,178,7,54
eng_Latn,179,0,60
eng_Latn,179,1,47
eng_Latn,179,2,8
eng_Latn,179,3,33
eng_Latn,179,4,33
eng_Latn,179,5,63
eng_Latn,179,6,12
eng_Latn,179,7,61
eng_Latn,179,8,26
eng_Latn,179,9,26
eng_Latn,179,10,26
eng_Latn,179,11,60
spa_Latn,180,0,60
spa_Latn,180,1,19
spa_Latn,180,2,17
spa_Latn,180,3,8
spa_Latn,180,4,8
spa_Latn,180,5,19
spa_Latn,180,6,34
spa_Latn,180,7,8
spa_Latn,180,8,49
spa_Latn,181,0,60
spa_Latn,181,1,19
spa_Latn,181,2,37
spa_Latn,181,3,12
spa_Latn,181,4,12
spa_Latn,181,5,26
spa_Latn,181,6,19
spa_Latn,181,7,8
spa_Latn,181,8,19
spa_Latn,181,9,8
spa_Latn,182,0,60
spa_Latn,182,1,47
spa_Latn,182,2,15
spa_Latn,182,3,10
spa_Latn,183,0,60
spa_Latn,183,1,19
spa_Latn,183,2,19
spa_Latn,183,3,13
spa_Latn,183,4,39
spa_Latn,183,5,47
spa_Latn,183,6,19
spa_Latn,183,7,13
spa_Latn,183,8,26
spa_Latn,183,9,19
spa_Latn,183,10,39
spa_Latn,184,0,60
spa_Latn,184,1,19
spa_Latn,184,2,40
spa_Latn,184,3,19
spa_Latn,184,4,19
spa_Latn,184,5,8
spa_Latn,184,6,19
spa_Latn,184,7,8
spa_Latn,184,8,8
spa_Latn,184,9,19
spa_Latn,184,10,8
spa_Latn,185,0,60
spa_Latn,185,1,47
spa_Latn,185,2,47
spa_Latn,185,3,52
spa_Latn,185,4,8
spa_Latn,185,5,8
spa_Latn,185,6,53
spa_Latn,185,7,19
spa_Latn,185,8,47
spa_Latn,185,9,8
spa_Latn,185,10,8
spa_Latn,185,11,7
spa_Latn,185,12,8
spa_Latn,186,0,60
spa_Latn,186,1,8
spa_Latn,186,2,8
spa_Latn,186,3,8
spa_Latn,186,4,8
spa_Latn,186,5,8
spa_Latn,186,6,8
spa_Latn,186,7,8
spa_Latn,186,8,37
spa_Latn,186,9,19
spa_Latn,186,10,47
spa_Latn,186,11,8
spa_Latn,187,0,60
spa_Latn,187,1,19
spa_Latn,187,2,40
spa_Latn,187,3,42
spa_Latn,187,4,19
spa_Latn,187,5,35
spa_Latn,187,6,61
spa_Latn,187,7,19
spa_Latn,187,8,8
spa_Latn,187,9,24
spa_Latn,187,10,8
spa_Latn,187,11,8
spa_Latn,187,12,8
spa_Latn,187,13,8
spa_Latn,187,14,19
spa_Latn,187,15,8
spa_Latn,188,0,60
spa_Latn,188,1,8
spa_Latn,188,2,8
spa_Latn,188,3,8
spa_Latn,188,4,8
spa_Latn,188,5,8
spa_Latn,188,6,7
spa_Latn,188,7,8
spa_Latn,188,8,19
spa_Latn,188,9,19
spa_Latn,188,10,47
spa_Latn,188,11,10
spa_Latn,188,12,8
spa_Latn,188,13,19
spa_Latn,188,14,39
spa_Latn,188,15,8
eng_Latn,189,0,60
eng_Latn,189,1,30
eng_Latn,189,2,24
eng_Latn,189,3,45
eng_Latn,189,4,1
eng_Latn,189,5,1
eng_Latn,189,6,52
spa_Latn,190,0,60
spa_Latn,190,1,19
spa_Latn,190,2,34
spa_Latn,190,3,11
spa_Latn,190,4,8
spa_Latn,190,5,39
spa_Latn,190,6,8
spa_Latn,190,7,47
spa_Latn,190,8,8
spa_Latn,190,9,19
spa_Latn,190,10,8
spa_Latn,190,11,42
spa_Latn,191,0,60
spa_Latn,191,1,8
spa_Latn,191,2,8
spa_Latn,191,3,19
spa_Latn,191,4,8
spa_Latn,191,5,61
spa_Latn,191,6,8
spa_Latn,191,7,8
spa_Latn,191,8,8
spa_Latn,191,9,29
spa_Latn,191,10,8
spa_Latn,191,11,52
spa_Latn,191,12,47
spa_Latn,191,13,8
spa_Latn,191,14,47
spa_Latn,191,15,63
spa_Latn,192,0,60
spa_Latn,192,1,52
spa_Latn,192,2,11
spa_Latn,192,3,36
spa_Latn,192,4,19
spa_Latn,192,5,8
spa_Latn,192,6,8
spa_Latn,192,7,37
spa_Latn,192,8,37
spa_Latn,192,9,1
spa_Latn,192,10,52
spa_Latn,192,11,1
spa_Latn,192,12,52
spa_Latn,192,13,12
spa_Latn,192,14,47
spa_Latn,192,15,52
spa_Latn,192,16,11
spa_Latn,192,17,52
spa_Latn,193,0,60
spa_Latn,193,1,19
spa_Latn,193,2,40
spa_Latn,193,3,39
spa_Latn,193,4,19
spa_Latn,193,5,8
spa_Latn,193,6,8
spa_Latn,193,7,54
spa_Latn,193,8,8
spa_Latn,193,9,8
spa_Latn,193,10,62
spa_Latn,193,11,19
spa_Latn,193,12,8
spa_Latn,194,0,60
spa_Latn,194,1,19
spa_Latn,194,2,47
spa_Latn,194,3,47
spa_Latn,194,4,8
spa_Latn,194,5,8
spa_Latn,194,6,39
spa_Latn,194,7,46
spa_Latn,194,8,39
spa_Latn,194,9,8
spa_Latn,194,10,8
spa_Latn,194,11,19
spa_Latn,194,12,8
spa_Latn,195,0,60
spa_Latn,195,1,19
spa_Latn,195,2,47
spa_Latn,195,3,8
spa_Latn,195,4,61
spa_Latn,195,5,8
spa_Latn,195,6,34
spa_Latn,195,7,24
spa_Latn,196,0,60
spa_Latn,196,1,19
spa_Latn,196,2,8
spa_Latn,196,3,8
spa_Latn,196,4,7
spa_Latn,196,5,8
spa_Latn,196,6,8
spa_Latn,196,7,61
spa_Latn,196,8,8
spa_Latn,196,9,8
spa_Latn,196,10,8
spa_Latn,197,0,60
spa_Latn,197,1,19
spa_Latn,197,2,19
spa_Latn,197,3,8
spa_Latn,197,4,8
spa_Latn,197,5,9
spa_Latn,197,6,8
spa_Latn,197,7,52
spa_Latn,197,8,61
eng_Latn,198,0,60
eng_Latn,198,1,22
eng_Latn,198,2,34
eng_Latn,198,3,34
eng_Latn,199,0,60
eng_Latn,199,1,54
eng_Latn,199,2,46
eng_Latn,199,3,34
eng_Latn,200,0,60
eng_Latn,200,1,42
eng_Latn,200,2,34
spa_Latn,201,0,60
spa_Latn,201,1,12
spa_Latn,201,2,52
spa_Latn,201,3,52
spa_Latn,201,4,52
spa_Latn,201,5,24
spa_Latn,201,6,22
spa_Latn,201,7,61
spa_Latn,201,8,22
spa_Latn,201,9,8
spa_Latn,201,10,1
spa_Latn,201,11,8
spa_Latn,201,12,22
spa_Latn,202,0,60
spa_Latn,202,1,7
spa_Latn,202,2,19
spa_Latn,202,3,8
spa_Latn,202,4,47
spa_Latn,202,5,7
spa_Latn,202,6,8
spa_Latn,202,7,19
spa_Latn,202,8,19
spa_Latn,202,9,8
spa_Latn,202,10,8
spa_Latn,202,11,36
spa_Latn,202,12,28
spa_Latn,202,13,19
spa_Latn,202,14,8
eng_Latn,203,0,60
eng_Latn,203,1,46
eng_Latn,203,2,5
eng_Latn,203,3,54
eng_Latn,203,4,48
eng_Latn,203,5,8
eng_Latn,203,6,15
eng_Latn,203,7,48
eng_Latn,203,8,56
eng_Latn,203,9,34
eng_Latn,203,10,34
spa_Latn,204,0,60
spa_Latn,204,1,60
spa_Latn,204,2,27
spa_Latn,204,3,39
spa_Latn,204,4,8
spa_Latn,204,5,19
spa_Latn,204,6,8
spa_Latn,205,0,60
spa_Latn,205,1,60
spa_Latn,205,2,60
spa_Latn,205,3,52
spa_Latn,205,4,39
spa_Latn,205,5,39
spa_Latn,205,6,7
spa_Latn,205,7,8
spa_Latn,205,8,19
spa_Latn,205,9,19
spa_Latn,205,10,8
spa_Latn,206,0,60
spa_Latn,206,1,19
spa_Latn,206,2,7
spa_Latn,206,3,7
spa_Latn,206,4,27
spa_Latn,206,5,9
spa_Latn,206,6,47
spa_Latn,206,7,47
spa_Latn,206,8,8
eng_Latn,207,0,60
eng_Latn,207,1,17
eng_Latn,207,2,16
eng_Latn,207,3,54
eng_Latn,207,4,51
eng_Latn,208,0,60
eng_Latn,208,1,49
eng_Latn,208,2,39
eng_Latn,208,3,11
eng_Latn,208,4,47
eng_Latn,208,5,47
eng_Latn,209,0,60
eng_Latn,209,1,17
eng_Latn,209,2,54
eng_Latn,209,3,24
eng_Latn,209,4,39
eng_Latn,209,5,46
eng_Latn,209,6,48
eng_Latn,209,7,19
eng_Latn,209,8,16
eng_Latn,209,9,20
eng_Latn,209,10,34
spa_Latn,210,0,60
spa_Latn,210,1,47
spa_Latn,210,2,8
spa_Latn,210,3,8
spa_Latn,210,4,39
spa_Latn,210,5,8
spa_Latn,210,6,8
spa_Latn,210,7,19
spa_Latn,210,8,37
spa_Latn,210,9,47
spa_Latn,210,10,37
spa_Latn,210,11,8
spa_Latn,210,12,8
spa_Latn,210,13,8
spa_Latn,210,14,8
spa_Latn,210,15,8
spa_Latn,211,0,60
spa_Latn,211,1,61
spa_Latn,211,2,19
spa_Latn,211,3,8
spa_Latn,211,4,54
spa_Latn,211,5,19
spa_Latn,211,6,52
spa_Latn,211,7,8
spa_Latn,212,0,60
spa_Latn,212,1,49
spa_Latn,212,2,47
spa_Latn,212,3,49
eng_Latn,213,0,60
eng_Latn,213,1,45
eng_Latn,213,2,18
eng_Latn,213,3,21
eng_Latn,213,4,21
eng_Latn,213,5,57
spa_Latn,214,0,60
spa_Latn,214,1,8
spa_Latn,214,2,8
spa_Latn,214,3,39
spa_Latn,214,4,16
spa_Latn,214,5,8
spa_Latn,214,6,19
spa_Latn,214,7,8
spa_Latn,214,8,8
spa_Latn,215,0,60
spa_Latn,215,1,19
spa_Latn,215,2,8
spa_Latn,215,3,8
spa_Latn,215,4,8
spa_Latn,215,5,24
spa_Latn,216,0,60
spa_Latn,216,1,19
spa_Latn,216,2,8
spa_Latn,216,3,19
spa_Latn,216,4,16
spa_Latn,216,5,8
spa_Latn,216,6,47
spa_Latn,216,7,19
spa_Latn,216,8,8
spa_Latn,217,0,60
spa_Latn,217,1,52
spa_Latn,217,2,8
spa_Latn,217,3,8
spa_Latn,217,4,8
spa_Latn,217,5,19
spa_Latn,217,6,10
spa_Latn,217,7,10
spa_Latn,217,8,8
spa_Latn,217,9,8
spa_Latn,217,10,19
spa_Latn,217,11,19
spa_Latn,217,12,39
spa_Latn,217,13,16
eng_Latn,218,0,60
eng_Latn,218,1,38
eng_Latn,218,2,48
eng_Latn,218,3,41
eng_Latn,218,4,46
eng_Latn,218,5,56
eng_Latn,218,6,53
eng_Latn,218,7,35
eng_Latn,218,8,63
eng_Latn,219,0,60
eng_Latn,219,1,29
eng_Latn,219,2,34
eng_Latn,220,0,60
eng_Latn,220,1,22
eng_Latn,220,2,15
eng_Latn,220,3,11
eng_Latn,220,4,52
eng_Latn,220,5,3
eng_Latn,220,6,48
spa_Latn,221,0,60
spa_Latn,221,1,9
spa_Latn,221,2,19
spa_Latn,221,3,8
spa_Latn,221,4,8
spa_Latn,221,5,8
spa_Latn,221,6,39
eng_Latn,222,0,60
eng_Latn,222,1,54
eng_Latn,222,2,18
eng_Latn,222,3,20
eng_Latn,222,4,41
eng_Latn,222,5,51
eng_Latn,222,6,24
eng_Latn,222,7,39
spa_Latn,223,0,60
spa_Latn,223,1,9
spa_Latn,223,2,17
spa_Latn,223,3,39
spa_Latn,223,4,34
eng_Latn,224,0,60
eng_Latn,224,1,15
eng_Latn,224,2,16
eng_Latn,224,3,43
eng_Latn,224,4,46
eng_Latn,224,5,63
eng_Latn,224,6,43
eng_Latn,224,7,49
spa_Latn,225,0,60
spa_Latn,225,1,19
spa_Latn,225,2,8
spa_Latn,225,3,19
spa_Latn,225,4,8
spa_Latn,225,5,8
spa_Latn,225,6,8
spa_Latn,225,7,39
spa_Latn,225,8,34
spa_Latn,226,0,60
spa_Latn,226,1,42
spa_Latn,226,2,22
spa_Latn,226,3,40
spa_Latn,226,4,40
spa_Latn,226,5,22
spa_Latn,226,6,22
spa_Latn,226,7,40
spa_Latn,226,8,34
spa_Latn,226,9,39
spa_Latn,227,0,60
spa_Latn,227,1,19
spa_Latn,227,2,63
spa_Latn,227,3,46
spa_Latn,227,4,8
spa_Latn,227,5,8
spa_Latn,227,6,23
spa_Latn,227,7,8
spa_Latn,227,8,8
spa_Latn,227,9,52
eng_Latn,228,0,60
eng_Latn,228,1,35
eng_Latn,228,2,63
eng_Latn,228,3,63
eng_Latn,228,4,63
eng_Latn,228,5,24
eng_Latn,228,6,37
eng_Latn,229,0,60
eng_Latn,229,1,47
eng_Latn,229,2,27
eng_Latn,229,3,26
eng_Latn,229,4,5
eng_Latn,229,5,3
eng_Latn,229,6,40
eng_Latn,229,7,26
spa_Latn,230,0,60
spa_Latn,230,1,8
spa_Latn,230,2,40
spa_Latn,230,3,8
spa_Latn,231,0,60
spa_Latn,231,1,24
spa_Latn,231,2,61
spa_Latn,231,3,7
spa_Latn,231,4,19
spa_Latn,231,5,61
spa_Latn,231,6,52
spa_Latn,231,7,8
spa_Latn,231,8,61
spa_Latn,231,9,8
spa_Latn,231,10,8
spa_Latn,231,11,61
spa_Latn,231,12,10
spa_Latn,231,13,39
spa_Latn,231,14,8
spa_Latn,231,15,8
spa_Latn,231,16,47
spa_Latn,231,17,8
spa_Latn,231,18,8
eng_Latn,232,0,60
eng_Latn,232,1,18
eng_Latn,232,2,4
eng_Latn,232,3,18
eng_Latn,232,4,34
eng_Latn,232,5,31
eng_Latn,232,6,20
eng_Latn,232,7,16
eng_Latn,233,0,60
eng_Latn,233,1,17
eng_Latn,233,2,17
eng_Latn,233,3,5
eng_Latn,233,4,5
eng_Latn,233,5,49
spa_Latn,234,0,60
spa_Latn,234,1,12
spa_Latn,234,2,61
spa_Latn,234,3,13
spa_Latn,234,4,1
spa_Latn,234,5,1
spa_Latn,234,6,52
spa_Latn,234,7,13
spa_Latn,234,8,13
spa_Latn,234,9,13
spa_Latn,235,0,60
spa_Latn,235,1,47
spa_Latn,235,2,19
spa_Latn,235,3,22
spa_Latn,235,4,22
spa_Latn,235,5,26
spa_Latn,235,6,40
spa_Latn,235,7,26
spa_Latn,235,8,49
spa_Latn,235,9,8
spa_Latn,235,10,42
spa_Latn,235,11,58
spa_Latn,235,12,12
spa_Latn,235,13,61
spa_Latn,236,0,60
spa_Latn,236,1,8
spa_Latn,236,2,31
spa_Latn,236,3,1
spa_Latn,236,4,8
spa_Latn,236,5,8
spa_Latn,236,6,39
spa_Latn,236,7,8
spa_Latn,236,8,35
spa_Latn,236,9,8
spa_Latn,236,10,8
spa_Latn,236,11,52
spa_Latn,237,0,60
spa_Latn,237,1,8
spa_Latn,237,2,8
spa_Latn,237,3,10
spa_Latn,237,4,56
spa_Latn,237,5,35
spa_Latn,237,6,47
spa_Latn,237,7,28
spa_Latn,237,8,19
spa_Latn,237,9,8
spa_Latn,237,10,63
spa_Latn,238,0,60
spa_Latn,238,1,8
spa_Latn,238,2,8
spa_Latn,238,3,39
spa_Latn,238,4,19
spa_Latn,238,5,39
spa_Latn,238,6,16
spa_Latn,238,7,8
spa_Latn,238,8,39
spa_Latn,238,9,16
spa_Latn,238,10,8
spa_Latn,238,11,8
spa_Latn,238,12,47
spa_Latn,238,13,8
spa_Latn,239,0,60
spa_Latn,239,1,19
spa_Latn,239,2,39
spa_Latn,239,3,39
spa_Latn,239,4,34
spa_Latn,239,5,42
spa_Latn,239,6,19
spa_Latn,239,7,39
spa_Latn,239,8,8
spa_Latn,239,9,19
spa_Latn,240,0,60
spa_Latn,240,1,47
spa_Latn,240,2,8
spa_Latn,240,3,8
spa_Latn,240,4,1
spa_Latn,240,5,39
spa_Latn,240,6,8
spa_Latn,240,7,8
spa_Latn,240,8,19
spa_Latn,240,9,8
spa_Latn,240,10,8
spa_Latn,241,0,60
spa_Latn,241,1,12
spa_Latn,241,2,19
spa_Latn,241,3,7
spa_Latn,241,4,63
spa_Latn,241,5,53
spa_Latn,241,6,24
spa_Latn,241,7,19
spa_Latn,241,8,60
spa_Latn,241,9,19
spa_Latn,241,10,8
spa_Latn,241,11,19
spa_Latn,241,12,8
eng_Latn,242,0,60
eng_Latn,242,1,19
eng_Latn,242,2,19
eng_Latn,242,3,15
eng_Latn,242,4,16
eng_Latn,242,5,33
eng_Latn,242,6,33
eng_Latn,242,7,33
spa_Latn,243,0,60
spa_Latn,243,1,19
spa_Latn,243,2,8
spa_Latn,243,3,19
spa_Latn,243,4,8
spa_Latn,243,5,19
spa_Latn,243,6,8
spa_Latn,243,7,11
spa_Latn,243,8,19
spa_Latn,243,9,8
spa_Latn,243,10,19
spa_Latn,243,11,8
spa_Latn,243,12,8
eng_Latn,244,0,60
eng_Latn,244,1,57
eng_Latn,244,2,46
eng_Latn,244,3,15
eng_Latn,244,4,63
eng_Latn,244,5,62
eng_Latn,244,6,52
eng_Latn,244,7,8
eng_Latn,244,8,46
eng_Latn,244,9,48
eng_Latn,245,0,60
eng_Latn,245,1,63
eng_Latn,245,2,18
eng_Latn,245,3,5
eng_Latn,245,4,16
eng_Latn,245,5,5
eng_Latn,245,6,14
eng_Latn,245,7,26
eng_Latn,246,0,60
eng_Latn,246,1,52
eng_Latn,246,2,1
eng_Latn,246,3,52
eng_Latn,246,4,52
eng_Latn,246,5,47
eng_Latn,246,6,19
eng_Latn,246,7,63
spa_Latn,247,0,60
spa_Latn,247,1,9
spa_Latn,247,2,11
spa_Latn,247,3,27
spa_Latn,247,4,26
spa_Latn,247,5,26
spa_Latn,247,6,26
spa_Latn,247,7,61
spa_Latn,247,8,19
spa_Latn,248,0,60
spa_Latn,248,1,8
spa_Latn,248,2,51
spa_Latn,248,3,24
spa_Latn,248,4,61
spa_Latn,248,5,8
spa_Latn,248,6,8
spa_Latn,248,7,8
spa_Latn,248,8,8
spa_Latn,248,9,8
spa_Latn,248,10,8
spa_Latn,248,11,19
spa_Latn,248,12,19
spa_Latn,248,13,19
spa_Latn,248,14,8
spa_Latn,249,0,60
spa_Latn,249,1,19
spa_Latn,249,2,8
spa_Latn,249,3,10
spa_Latn,249,4,17
spa_Latn,249,5,19
spa_Latn,249,6,39
spa_Latn,249,7,39
spa_Latn,249,8,61
spa_Latn,249,9,8
spa_Latn,249,10,8
spa_Latn,249,11,19
spa_Latn,249,12,8
spa_Latn,250,0,60
spa_Latn,250,1,25
spa_Latn,250,2,8
spa_Latn,250,3,51
spa_Latn,250,4,47
spa_Latn,250,5,16
spa_Latn,251,0,60
spa_Latn,251,1,8
spa_Latn,251,2,19
spa_Latn,251,3,8
spa_Latn,251,4,8
spa_Latn,251,5,19
spa_Latn,251,6,8
spa_Latn,252,0,60
spa_Latn,252,1,61
spa_Latn,252,2,19
spa_Latn,252,3,8
spa_Latn,252,4,8
spa_Latn,252,5,52
spa_Latn,253,0,60
spa_Latn,253,1,27
spa_Latn,253,2,8
spa_Latn,253,3,8
spa_Latn,253,4,19
spa_Latn,253,5,8
spa_Latn,253,6,37
spa_Latn,253,7,47
spa_Latn,253,8,46
spa_Latn,253,9,8
spa_Latn,254,0,60
spa_Latn,254,1,49
spa_Latn,254,2,19
spa_Latn,254,3,19
spa_Latn,254,4,8
spa_Latn,254,5,8
spa_Latn,254,6,8
spa_Latn,254,7,63
spa_Latn,254,8,63
spa_Latn,254,9,8
spa_Latn,254,10,37
spa_Latn,254,11,39
spa_Latn,254,12,8
spa_Latn,255,0,60
spa_Latn,255,1,49
spa_Latn,255,2,5
spa_Latn,255,3,27
spa_Latn,255,4,39
spa_Latn,255,5,61
spa_Latn,255,6,26
spa_Latn,255,7,19
spa_Latn,255,8,47
spa_Latn,255,9,49
spa_Latn,255,10,19
spa_Latn,255,11,8
eng_Latn,256,0,60
eng_Latn,256,1,49
eng_Latn,256,2,39
spa_Latn,257,0,60
spa_Latn,257,1,47
spa_Latn,257,2,49
spa_Latn,257,3,5
spa_Latn,257,4,52
spa_Latn,257,5,39
spa_Latn,257,6,12
spa_Latn,257,7,27
spa_Latn,257,8,13
spa_Latn,257,9,9
eng_Latn,258,0,60
eng_Latn,258,1,29
eng_Latn,258,2,57
eng_Latn,258,3,31
eng_Latn,258,4,59
eng_Latn,258,5,46
eng_Latn,258,6,51
eng_Latn,258,7,16
eng_Latn,258,8,45
eng_Latn,258,9,45
eng_Latn,258,10,34
eng_Latn,259,0,60
eng_Latn,259,1,27
eng_Latn,259,2,27
eng_Latn,259,3,5
eng_Latn,259,4,27
eng_Latn,259,5,26
eng_Latn,259,6,26
spa_Latn,260,0,60
spa_Latn,260,1,8
spa_Latn,260,2,8
spa_Latn,261,0,60
spa_Latn,261,1,22
spa_Latn,261,2,9
spa_Latn,261,3,9
spa_Latn,261,4,8
spa_Latn,261,5,47
spa_Latn,261,6,19
spa_Latn,261,7,8
spa_Latn,261,8,8
spa_Latn,261,9,40
spa_Latn,262,0,60
spa_Latn,262,1,57
spa_Latn,262,2,19
spa_Latn,262,3,19
spa_Latn,262,4,7
spa_Latn,262,5,22
spa_Latn,262,6,47
spa_Latn,262,7,22
spa_Latn,262,8,8
eng_Latn,263,0,60
eng_Latn,263,1,22
eng_Latn,263,2,9
eng_Latn,263,3,22
eng_Latn,263,4,63
eng_Latn,263,5,56
eng_Latn,263,6,57
eng_Latn,263,7,25
eng_Latn,263,8,8
spa_Latn,264,0,60
spa_Latn,264,1,8
spa_Latn,264,2,8
spa_Latn,264,3,8
spa_Latn,264,4,8
spa_Latn,264,5,8
spa_Latn,264,6,39
spa_Latn,264,7,34
eng_Latn,265,0,60
eng_Latn,265,1,57
eng_Latn,265,2,23
eng_Latn,265,3,46
eng_Latn,265,4,54
eng_Latn,265,5,59
eng_Latn,265,6,48
eng_Latn,265,7,5
eng_Latn,265,8,1
eng_Latn,265,9,52
spa_Latn,266,0,60
spa_Latn,266,1,39
spa_Latn,266,2,61
spa_Latn,266,3,1
spa_Latn,266,4,8
spa_Latn,266,5,34
eng_Latn,267,0,60
eng_Latn,267,1,20
eng_Latn,267,2,41
eng_Latn,267,3,57
eng_Latn,267,4,45
eng_Latn,267,5,18
eng_Latn,267,6,23
eng_Latn,267,7,43
eng_Latn,267,8,20
eng_Latn,267,9,33
eng_Latn,267,10,24
eng_Latn,267,11,33
eng_Latn,267,12,33
eng_Latn,268,0,60
eng_Latn,268,1,40
eng_Latn,268,2,63
spa_Latn,269,0,60
spa_Latn,269,1,8
spa_Latn,269,2,12
spa_Latn,269,3,19
spa_Latn,269,4,14
spa_Latn,269,5,19
spa_Latn,269,6,47
spa_Latn,269,7,49
spa_Latn,270,0,60
spa_Latn,270,1,19
spa_Latn,270,2,26
spa_Latn,270,3,49
spa_Latn,270,4,8
eng_Latn,271,0,60
eng_Latn,271,1,17
eng_Latn,271,2,34
eng_Latn,271,3,37
eng_Latn,271,4,34
spa_Latn,272,0,60
spa_Latn,272,1,13
spa_Latn,272,2,47
spa_Latn,272,3,8
spa_Latn,272,4,8
spa_Latn,272,5,8
spa_Latn,272,6,8
spa_Latn,272,7,30
spa_Latn,272,8,61
spa_Latn,272,9,8
spa_Latn,272,10,52
spa_Latn,273,0,60
spa_Latn,273,1,19
spa_Latn,273,2,22
spa_Latn,273,3,8
spa_Latn,273,4,47
spa_Latn,273,5,47
spa_Latn,273,6,8
spa_Latn,273,7,19
spa_Latn,273,8,47
spa_Latn,273,9,15
spa_Latn,273,10,8
spa_Latn,274,0,60
spa_Latn,274,1,19
spa_Latn,274,2,54
spa_Latn,274,3,61
spa_Latn,274,4,19
spa_Latn,274,5,8
spa_Latn,274,6,10
spa_Latn,274,7,10
spa_Latn,274,8,19
spa_Latn,274,9,8
spa_Latn,274,10,8
spa_Latn,275,0,60
spa_Latn,275,1,39
spa_Latn,275,2,36
spa_Latn,275,3,6
spa_Latn,275,4,19
spa_Latn,275,5,39
spa_Latn,275,6,36
spa_Latn,275,7,6
spa_Latn,275,8,40
spa_Latn,275,9,36
spa_Latn,275,10,36
spa_Latn,275,11,47
spa_Latn,276,0,60
spa_Latn,276,1,39
spa_Latn,276,2,8
spa_Latn,276,3,8
spa_Latn,276,4,8
spa_Latn,276,5,61
spa_Latn,276,6,39
spa_Latn,276,7,8
spa_Latn,276,8,36
spa_Latn,276,9,52
spa_Latn,276,10,1
spa_Latn,276,11,52
spa_Latn,276,12,8
eng_Latn,277,0,60
eng_Latn,277,1,22
eng_Latn,277,2,22
eng_Latn,277,3,22
eng_Latn,277,4,42
eng_Latn,277,5,29
eng_Latn,277,6,34
eng_Latn,277,7,9
eng_Latn,277,8,22
eng_Latn,277,9,51
spa_Latn,278,0,60
spa_Latn,278,1,19
spa_Latn,278,2,8
spa_Latn,278,3,20
spa_Latn,278,4,19
spa_Latn,278,5,19
spa_Latn,278,6,29
spa_Latn,278,7,8
spa_Latn,278,8,42
spa_Latn,278,9,19
spa_Latn,278,10,34
spa_Latn,278,11,8
spa_Latn,278,12,8
spa_Latn,278,13,60
spa_Latn,278,14,9
eng_Latn,279,0,60
eng_Latn,279,1,9
eng_Latn,279,2,1
eng_Latn,279,3,57
eng_Latn,279,4,49
eng_Latn,279,5,9
eng_Latn,279,6,22
eng_Latn,279,7,19
eng_Latn,279,8,19
eng_Latn,279,9,63
eng_Latn,279,10,11
eng_Latn,279,11,40
eng_Latn,279,12,40
eng_Latn,279,13,49
eng_Latn,279,14,12
eng_Latn,279,15,47
eng_Latn,280,0,60
eng_Latn,280,1,56
eng_Latn,280,2,24
eng_Latn,280,3,19
eng_Latn,280,4,40
eng_Latn,280,5,49
eng_Latn,280,6,12
eng_Latn,280,7,22
eng_Latn,280,8,40
eng_Latn,280,9,15
eng_Latn,280,10,48
eng_Latn,280,11,59
eng_Latn,280,12,51
spa_Latn,281,0,60
spa_Latn,281,1,47
spa_Latn,281,2,26
spa_Latn,281,3,49
spa_Latn,281,4,19
spa_Latn,281,5,37
spa_Latn,281,6,37
spa_Latn,281,7,52
spa_Latn,281,8,52
spa_Latn,282,0,60
spa_Latn,282,1,9
spa_Latn,282,2,19
spa_Latn,282,3,7
spa_Latn,282,4,52
spa_Latn,282,5,42
spa_Latn,282,6,42
spa_Latn,282,7,19
spa_Latn,282,8,39
spa_Latn,282,9,8
spa_Latn,282,10,39
spa_Latn,282,11,8
spa_Latn,282,12,8
spa_Latn,282,13,39
spa_Latn,282,14,16
spa_Latn,283,0,60
spa_Latn,283,1,19
spa_Latn,283,2,19
spa_Latn,283,3,19
spa_Latn,283,4,8
eng_Latn,284,0,60
eng_Latn,284,1,7
eng_Latn,284,2,19
eng_Latn,284,3,34
eng_Latn,284,4,9
eng_Latn,284,5,22
eng_Latn,284,6,42
eng_Latn,284,7,27
eng_Latn,284,8,13
eng_Latn,284,9,27
eng_Latn,284,10,7
eng_Latn,284,11,49
spa_Latn,285,0,60
spa_Latn,285,1,16
spa_Latn,285,2,8
spa_Latn,285,3,8
eng_Latn,286,0,60
eng_Latn,286,1,52
eng_Latn,286,2,48
eng_Latn,286,3,56
eng_Latn,286,4,14
eng_Latn,286,5,55
eng_Latn,286,6,19
eng_Latn,286,7,19
eng_Latn,286,8,63
spa_Latn,287,0,60
spa_Latn,287,1,40
spa_Latn,287,2,8
spa_Latn,287,3,8
spa_Latn,287,4,37
spa_Latn,287,5,19
spa_Latn,287,6,49
spa_Latn,287,7,37
spa_Latn,287,8,8
spa_Latn,288,0,60
spa_Latn,288,1,57
spa_Latn,288,2,8
spa_Latn,288,3,8
spa_Latn,288,4,39
spa_Latn,288,5,8
spa_Latn,288,6,1
spa_Latn,288,7,37
spa_Latn,288,8,52
spa_Latn,288,9,1
spa_Latn,288,10,52
spa_Latn,288,11,52
spa_Latn,289,0,60
spa_Latn,289,1,22
spa_Latn,289,2,11
spa_Latn,289,3,58
spa_Latn,289,4,61
spa_Latn,290,0,60
spa_Latn,290,1,5
spa_Latn,290,2,57
spa_Latn,290,3,8
spa_Latn,290,4,17
spa_Latn,290,5,10
spa_Latn,290,6,8
spa_Latn,290,7,8
spa_Latn,290,8,34
spa_Latn,290,9,53
spa_Latn,290,10,8
spa_Latn,290,11,8
eng_Latn,291,0,60
eng_Latn,291,1,22
eng_Latn,291,2,47
eng_Latn,291,3,40
eng_Latn,291,4,49
spa_Latn,292,0,60
spa_Latn,292,1,7
spa_Latn,292,2,16
spa_Latn,292,3,35
spa_Latn,292,4,19
spa_Latn,292,5,8
spa_Latn,292,6,8
spa_Latn,292,7,31
spa_Latn,292,8,1
spa_Latn,292,9,19
spa_Latn,292,10,8
spa_Latn,293,0,60
spa_Latn,293,1,19
spa_Latn,293,2,49
spa_Latn,293,3,5
spa_Latn,293,4,37
spa_Latn,293,5,52
spa_Latn,293,6,37
spa_Latn,293,7,12
spa_Latn,294,0,60
spa_Latn,294,1,17
spa_Latn,294,2,8
spa_Latn,294,3,47
spa_Latn,294,4,8
spa_Latn,295,0,60
spa_Latn,295,1,19
spa_Latn,295,2,8
spa_Latn,295,3,17
spa_Latn,295,4,8
spa_Latn,295,5,19
spa_Latn,295,6,8
spa_Latn,295,7,8
spa_Latn,295,8,8
spa_Latn,295,9,16
eng_Latn,296,0,60
eng_Latn,296,1,50
eng_Latn,296,2,16
eng_Latn,297,0,60
eng_Latn,297,1,38
eng_Latn,297,2,3
eng_Latn,297,3,19
eng_Latn,297,4,48
eng_Latn,297,5,57
eng_Latn,297,6,16
eng_Latn,297,7,37
eng_Latn,297,8,37
eng_Latn,297,9,15
spa_Latn,298,0,60
spa_Latn,298,1,19
spa_Latn,298,2,19
spa_Latn,298,3,40
spa_Latn,299,0,60
spa_Latn,299,1,19
spa_Latn,299,2,8
spa_Latn,299,3,8
spa_Latn,299,4,8
spa_Latn,299,5,19
spa_Latn,299,6,47
spa_Latn,299,7,8
eng_Latn,300,0,60
eng_Latn,300,1,47
eng_Latn,300,2,22
eng_Latn,300,3,11
eng_Latn,301,0,60
eng_Latn,301,1,11
eng_Latn,301,2,13
eng_Latn,301,3,52
eng_Latn,301,4,13
eng_Latn,301,5,58
spa_Latn,302,0,60
spa_Latn,302,1,47
spa_Latn,302,2,8
spa_Latn,302,3,35
spa_Latn,302,4,19
spa_Latn,302,5,8
spa_Latn,302,6,19
spa_Latn,302,7,19
spa_Latn,302,8,8
spa_Latn,302,9,8
spa_Latn,302,10,8
spa_Latn,302,11,19
spa_Latn,302,12,15
spa_Latn,302,13,16
spa_Latn,302,14,39
spa_Latn,302,15,8
eng_Latn,303,0,60
eng_Latn,303,1,17
eng_Latn,303,2,17
eng_Latn,303,3,20
eng_Latn,303,4,15
eng_Latn,303,5,48
eng_Latn,304,0,60
eng_Latn,304,1,40
eng_Latn,304,2,8
eng_Latn,304,3,26
eng_Latn,304,4,33
eng_Latn,304,5,52
eng_Latn,304,6,57
eng_Latn,304,7,8
eng_Latn,304,8,49
spa_Latn,305,0,60
spa_Latn,305,1,47
spa_Latn,305,2,19
spa_Latn,305,3,8
spa_Latn,305,4,19
spa_Latn,305,5,8
spa_Latn,305,6,26
spa_Latn,305,7,39
spa_Latn,305,8,8
spa_Latn,306,0,60
spa_Latn,306,1,8
spa_Latn,306,2,8
spa_Latn,306,3,8
spa_Latn,306,4,8
spa_Latn,306,5,8
spa_Latn,306,6,8
spa_Latn,306,7,8
spa_Latn,306,8,8
spa_Latn,307,0,60
spa_Latn,307,1,22
spa_Latn,307,2,22
spa_Latn,307,3,8
spa_Latn,307,4,19
spa_Latn,307,5,34
eng_Latn,308,0,60
eng_Latn,308,1,35
eng_Latn,308,2,54
eng_Latn,308,3,0
eng_Latn,308,4,9
eng_Latn,308,5,56
eng_Latn,308,6,38
eng_Latn,308,7,57
spa_Latn,309,0,60
spa_Latn,309,1,8
spa_Latn,309,2,47
spa_Latn,309,3,8
spa_Latn,309,4,8
spa_Latn,309,5,8
spa_Latn,309,6,57
spa_Latn,309,7,10
eng_Latn,310,0,60
eng_Latn,310,1,61
eng_Latn,310,2,46
eng_Latn,310,3,48
eng_Latn,310,4,31
eng_Latn,310,5,52
eng_Latn,310,6,52
eng_Latn,310,7,19
eng_Latn,310,8,19
eng_Latn,310,9,3
eng_Latn,310,10,3
eng_Latn,310,11,57
eng_Latn,310,12,37
eng_Latn,310,13,52
spa_Latn,311,0,60
spa_Latn,311,1,39
spa_Latn,311,2,39
spa_Latn,311,3,34
eng_Latn,312,0,60
eng_Latn,312,1,18
eng_Latn,312,2,4
eng_Latn,312,3,46
spa_Latn,313,0,60
spa_Latn,313,1,22
spa_Latn,313,2,8
spa_Latn,313,3,47
spa_Latn,313,4,8
spa_Latn,313,5,53
spa_Latn,313,6,19
spa_Latn,313,7,49
spa_Latn,313,8,5
spa_Latn,313,9,8
eng_Latn,314,0,60
eng_Latn,314,1,54
eng_Latn,314,2,18
eng_Latn,314,3,18
eng_Latn,314,4,18
eng_Latn,314,5,16
eng_Latn,314,6,16
eng_Latn,314,7,34
spa_Latn,315,0,60
spa_Latn,315,1,24
spa_Latn,315,2,61
spa_Latn,315,3,47
spa_Latn,315,4,10
spa_Latn,315,5,10
spa_Latn,315,6,47
spa_Latn,315,7,8
spa_Latn,315,8,51
spa_Latn,315,9,19
spa_Latn,315,10,47
spa_Latn,315,11,8
spa_Latn,315,12,51
spa_Latn,315,13,19
spa_Latn,315,14,8
spa_Latn,315,15,8
spa_Latn,315,16,8
spa_Latn,315,17,19
spa_Latn,315,18,16
eng_Latn,316,0,60
eng_Latn,316,1,52
eng_Latn,316,2,57
eng_Latn,316,3,3
eng_Latn,316,4,3
eng_Latn,316,5,3
eng_Latn,316,6,19
eng_Latn,316,7,3
spa_Latn,317,0,60
spa_Latn,317,1,19
spa_Latn,317,2,19
spa_Latn,317,3,34
spa_Latn,317,4,8
spa_Latn,317,5,8
spa_Latn,317,6,19
spa_Latn,317,7,34
eng_Latn,318,0,60
eng_Latn,318,1,39
eng_Latn,318,2,40
eng_Latn,318,3,18
eng_Latn,318,4,51
eng_Latn,318,5,18
eng_Latn,318,6,53
eng_Latn,318,7,16
eng_Latn,319,0,60
eng_Latn,319,1,9
eng_Latn,319,2,22
eng_Latn,319,3,11
eng_Latn,319,4,61
eng_Latn,319,5,47
eng_Latn,319,6,40
eng_Latn,319,7,5
eng_Latn,319,8,40
eng_Latn,319,9,30
eng_Latn,319,10,49
spa_Latn,320,0,60
spa_Latn,320,1,39
spa_Latn,320,2,19
spa_Latn,320,3,47
spa_Latn,320,4,22
spa_Latn,320,5,61
spa_Latn,320,6,19
spa_Latn,320,7,60
spa_Latn,321,0,60
spa_Latn,321,1,47
spa_Latn,321,2,19
spa_Latn,321,3,49
spa_Latn,321,4,8
spa_Latn,321,5,47
spa_Latn,321,6,19
spa_Latn,321,7,8
spa_Latn,321,8,24
spa_Latn,321,9,19
spa_Latn,321,10,8
spa_Latn,321,11,19
spa_Latn,321,12,8
spa_Latn,321,13,47
spa_Latn,321,14,8
spa_Latn,321,15,47
spa_Latn,321,16,39
spa_Latn,321,17,8
spa_Latn,321,18,8
spa_Latn,322,0,60
spa_Latn,322,1,8
spa_Latn,322,2,61
spa_Latn,322,3,57
spa_Latn,322,4,8
spa_Latn,322,5,47
spa_Latn,322,6,8
spa_Latn,322,7,39
spa_Latn,322,8,8
spa_Latn,323,0,60
spa_Latn,323,1,19
spa_Latn,323,2,8
spa_Latn,323,3,8
spa_Latn,323,4,8
spa_Latn,323,5,8
spa_Latn,323,6,8
spa_Latn,323,7,35
spa_Latn,323,8,8
spa_Latn,323,9,8
spa_Latn,323,10,8
spa_Latn,323,11,52
spa_Latn,323,12,57
spa_Latn,323,13,8
eng_Latn,324,0,60
eng_Latn,324,1,47
eng_Latn,324,2,1
eng_Latn,324,3,28
eng_Latn,324,4,13
eng_Latn,324,5,39
eng_Latn,324,6,13
eng_Latn,324,7,27
eng_Latn,324,8,61
eng_Latn,324,9,27
eng_Latn,324,10,27
eng_Latn,325,0,60
eng_Latn,325,1,52
eng_Latn,325,2,57
eng_Latn,325,3,33
spa_Latn,326,0,60
spa_Latn,326,1,6
spa_Latn,326,2,19
spa_Latn,326,3,8
spa_Latn,326,4,52
spa_Latn,326,5,8
spa_Latn,326,6,39
spa_Latn,326,7,8
spa_Latn,326,8,47
spa_Latn,326,9,49
spa_Latn,326,10,8
spa_Latn,326,11,47
spa_Latn,326,12,7
spa_Latn,326,13,8
spa_Latn,326,14,12
spa_Latn,326,15,52
eng_Latn,327,0,60
eng_Latn,327,1,41
eng_Latn,327,2,15
eng_Latn,327,3,48
eng_Latn,327,4,56
eng_Latn,327,5,57
eng_Latn,327,6,24
eng_Latn,327,7,37
eng_Latn,327,8,37
eng_Latn,327,9,3
spa_Latn,328,0,60
spa_Latn,328,1,35
spa_Latn,328,2,61
spa_Latn,328,3,19
spa_Latn,328,4,8
spa_Latn,328,5,8
spa_Latn,328,6,19
spa_Latn,328,7,39
spa_Latn,328,8,8
spa_Latn,328,9,8
spa_Latn,328,10,19
spa_Latn,328,11,8
spa_Latn,328,12,8
spa_Latn,328,13,61
spa_Latn,328,14,39
spa_Latn,328,15,46
spa_Latn,328,16,8
eng_Latn,329,0,60
eng_Latn,329,1,1
eng_Latn,329,2,53
eng_Latn,329,3,52
eng_Latn,329,4,1
eng_Latn,329,5,52
eng_Latn,329,6,47
spa_Latn,330,0,60
spa_Latn,330,1,19
spa_Latn,330,2,13
spa_Latn,330,3,30
spa_Latn,330,4,30
spa_Latn,330,5,8
spa_Latn,330,6,8
spa_Latn,331,0,60
spa_Latn,331,1,39
spa_Latn,331,2,19
spa_Latn,331,3,8
spa_Latn,331,4,19
spa_Latn,331,5,8
spa_Latn,331,6,8
spa_Latn,331,7,8
spa_Latn,331,8,8
spa_Latn,331,9,19
spa_Latn,331,10,19
spa_Latn,331,11,8
spa_Latn,332,0,60
spa_Latn,332,1,49
spa_Latn,332,2,61
spa_Latn,332,3,8
spa_Latn,332,4,8
spa_Latn,332,5,52
spa_Latn,332,6,19
spa_Latn,332,7,39
spa_Latn,332,8,8
spa_Latn,333,0,60
spa_Latn,333,1,7
spa_Latn,333,2,8
spa_Latn,333,3,39
spa_Latn,333,4,19
spa_Latn,333,5,10
spa_Latn,333,6,10
spa_Latn,333,7,17
spa_Latn,333,8,8
spa_Latn,333,9,19
spa_Latn,333,10,39
spa_Latn,333,11,34
spa_Latn,334,0,60
spa_Latn,334,1,47
spa_Latn,334,2,39
spa_Latn,334,3,39
spa_Latn,334,4,13
spa_Latn,334,5,47
spa_Latn,334,6,47
spa_Latn,334,7,27
spa_Latn,334,8,26
spa_Latn,334,9,7
spa_Latn,334,10,58
spa_Latn,335,0,60
spa_Latn,335,1,52
spa_Latn,335,2,19
spa_Latn,335,3,19
spa_Latn,335,4,8
spa_Latn,335,5,8
spa_Latn,335,6,43
spa_Latn,335,7,52
spa_Latn,335,8,8
spa_Latn,335,9,8
spa_Latn,335,10,1
spa_Latn,335,11,52
spa_Latn,336,0,60
spa_Latn,336,1,13
spa_Latn,336,2,1
spa_Latn,336,3,19
spa_Latn,336,4,26
eng_Latn,337,0,60
eng_Latn,337,1,47
eng_Latn,337,2,7
eng_Latn,337,3,49
eng_Latn,337,4,22
eng_Latn,337,5,42
eng_Latn,337,6,19
eng_Latn,337,7,19
eng_Latn,337,8,26
eng_Latn,337,9,60
eng_Latn,338,0,60
eng_Latn,338,1,18
eng_Latn,338,2,61
eng_Latn,338,3,16
eng_Latn,338,4,18
eng_Latn,338,5,20
eng_Latn,338,6,30
eng_Latn,338,7,57
eng_Latn,338,8,20
eng_Latn,338,9,19
eng_Latn,338,10,51
spa_Latn,339,0,60
spa_Latn,339,1,13
spa_Latn,339,2,13
spa_Latn,339,3,13
spa_Latn,339,4,39
spa_Latn,339,5,39
spa_Latn,339,6,13
spa_Latn,339,7,39
spa_Latn,339,8,13
spa_Latn,339,9,13
spa_Latn,339,10,13
spa_Latn,339,11,13
spa_Latn,339,12,27
spa_Latn,339,13,13
spa_Latn,339,14,13
spa_Latn,339,15,19
spa_Latn,339,16,27
spa_Latn,339,17,8
spa_Latn,339,18,47
spa_Latn,339,19,27
spa_Latn,339,20,27
spa_Latn,339,21,7
eng_Latn,340,0,60
eng_Latn,340,1,12
eng_Latn,340,2,42
eng_Latn,340,3,22
eng_Latn,340,4,27
eng_Latn,340,5,49
eng_Latn,340,6,9
eng_Latn,340,7,29
eng_Latn,340,8,22
eng_Latn,341,0,60
eng_Latn,341,1,34
eng_Latn,341,2,42
eng_Latn,341,3,51
eng_Latn,342,0,60
eng_Latn,342,1,9
eng_Latn,342,2,27
eng_Latn,342,3,9
eng_Latn,342,4,56
eng_Latn,342,5,35
eng_Latn,342,6,17
eng_Latn,342,7,51
eng_Latn,343,0,60
eng_Latn,343,1,45
eng_Latn,343,2,46
eng_Latn,343,3,47
eng_Latn,343,4,23
eng_Latn,343,5,54
eng_Latn,343,6,63
eng_Latn,344,0,60
eng_Latn,344,1,11
eng_Latn,344,2,52
eng_Latn,344,3,47
eng_Latn,344,4,3
eng_Latn,344,5,3
eng_Latn,344,6,57
eng_Latn,344,7,39
eng_Latn,344,8,19
eng_Latn,344,9,3
eng_Latn,345,0,60
eng_Latn,345,1,19
eng_Latn,345,2,40
eng_Latn,345,3,17
eng_Latn,345,4,16
eng_Latn,345,5,31
eng_Latn,345,6,53
eng_Latn,345,7,34
eng_Latn,346,0,60
eng_Latn,346,1,19
eng_Latn,346,2,46
eng_Latn,346,3,15
eng_Latn,346,4,56
eng_Latn,346,5,48
eng_Latn,346,6,53
eng_Latn,346,7,53
spa_Latn,347,0,60
spa_Latn,347,1,26
spa_Latn,347,2,47
spa_Latn,347,3,13
spa_Latn,347,4,13
spa_Latn,347,5,47
spa_Latn,347,6,19
spa_Latn,347,7,47
spa_Latn,347,8,39
spa_Latn,347,9,8
spa_Latn,347,10,47
spa_Latn,347,11,61
spa_Latn,347,12,39
spa_Latn,347,13,39
spa_Latn,347,14,13
spa_Latn,348,0,60
spa_Latn,348,1,8
spa_Latn,348,2,19
spa_Latn,348,3,8
spa_Latn,348,4,19
spa_Latn,348,5,39
spa_Latn,349,0,60
spa_Latn,349,1,47
spa_Latn,349,2,39
spa_Latn,349,3,8
spa_Latn,349,4,56
spa_Latn,349,5,8
spa_Latn,349,6,8
spa_Latn,349,7,8
spa_Latn,349,8,19
spa_Latn,349,9,8
eng_Latn,350,0,60
eng_Latn,350,1,17
eng_Latn,350,2,9
eng_Latn,350,3,56
eng_Latn,350,4,54
eng_Latn,350,5,18
eng_Latn,350,6,9
eng_Latn,350,7,56
eng_Latn,350,8,16
eng_Latn,350,9,51
spa_Latn,351,0,60
spa_Latn,351,1,7
spa_Latn,351,2,8
spa_Latn,351,3,8
spa_Latn,351,4,47
spa_Latn,351,5,19
spa_Latn,351,6,40
spa_Latn,351,7,19
spa_Latn,351,8,40
spa_Latn,351,9,8
spa_Latn,351,10,47
spa_Latn,351,11,49
spa_Latn,351,12,12
spa_Latn,351,13,52
spa_Latn,351,14,52
spa_Latn,351,15,52
spa_Latn,351,16,37
spa_Latn,351,17,12
spa_Latn,352,0,60
spa_Latn,352,1,54
spa_Latn,352,2,8
spa_Latn,352,3,53
spa_Latn,352,4,8
spa_Latn,353,0,60
spa_Latn,353,1,19
spa_Latn,353,2,8
spa_Latn,353,3,10
spa_Latn,353,4,8
spa_Latn,353,5,8
spa_Latn,353,6,39
spa_Latn,353,7,16
spa_Latn,353,8,8
spa_Latn,353,9,19
spa_Latn,353,10,8
eng_Latn,354,0,60
eng_Latn,354,1,9
eng_Latn,354,2,56
eng_Latn,354,3,35
eng_Latn,354,4,35
eng_Latn,354,5,57
eng_Latn,354,6,23
eng_Latn,354,7,46
spa_Latn,355,0,60
spa_Latn,355,1,8
spa_Latn,355,2,42
spa_Latn,355,3,49
spa_Latn,355,4,26
spa_Latn,355,5,49
spa_Latn,355,6,12
spa_Latn,355,7,61
spa_Latn,355,8,39
spa_Latn,355,9,39
spa_Latn,355,10,12
spa_Latn,355,11,47
spa_Latn,355,12,39
spa_Latn,355,13,39
eng_Latn,356,0,60
eng_Latn,356,1,27
eng_Latn,356,2,19
eng_Latn,356,3,18
eng_Latn,356,4,37
eng_Latn,356,5,57
eng_Latn,356,6,48
eng_Latn,356,7,48
eng_Latn,356,8,48
eng_Latn,356,9,48
eng_Latn,356,10,49
spa_Latn,357,0,60
spa_Latn,357,1,22
spa_Latn,357,2,40
spa_Latn,357,3,28
spa_Latn,357,4,52
spa_Latn,357,5,47
spa_Latn,357,6,52
eng_Latn,358,0,60
eng_Latn,358,1,9
eng_Latn,358,2,54
eng_Latn,358,3,35
eng_Latn,358,4,52
eng_Latn,358,5,52
eng_Latn,358,6,57
eng_Latn,358,7,49
eng_Latn,358,8,54
eng_Latn,358,9,51
spa_Latn,359,0,60
spa_Latn,359,1,47
spa_Latn,359,2,42
spa_Latn,359,3,11
spa_Latn,359,4,52
spa_Latn,359,5,52
spa_Latn,359,6,58
spa_Latn,359,7,13
spa_Latn,359,8,13
spa_Latn,359,9,13
spa_Latn,359,10,13
spa_Latn,359,11,47
spa_Latn,359,12,27
eng_Latn,360,0,60
eng_Latn,360,1,46
eng_Latn,360,2,61
eng_Latn,360,3,15
eng_Latn,360,4,15
eng_Latn,360,5,56
eng_Latn,360,6,21
eng_Latn,360,7,39
eng_Latn,360,8,63
spa_Latn,361,0,60
spa_Latn,361,1,8
spa_Latn,361,2,61
spa_Latn,361,3,34
spa_Latn,361,4,34
spa_Latn,361,5,8
spa_Latn,361,6,19
spa_Latn,361,7,29
spa_Latn,362,0,60
spa_Latn,362,1,19
spa_Latn,362,2,19
spa_Latn,362,3,10
spa_Latn,362,4,61
spa_Latn,362,5,19
spa_Latn,362,6,8
spa_Latn,362,7,52
spa_Latn,362,8,52
spa_Latn,362,9,19
spa_Latn,362,10,8
spa_Latn,362,11,19
spa_Latn,362,12,8
spa_Latn,362,13,8
spa_Latn,362,14,20
spa_Latn,362,15,8
spa_Latn,362,16,8
spa_Latn,362,17,24
spa_Latn,363,0,60
spa_Latn,363,1,19
spa_Latn,363,2,8
spa_Latn,363,3,8
spa_Latn,363,4,13
spa_Latn,363,5,7
spa_Latn,363,6,47
spa_Latn,363,7,8
spa_Latn,363,8,47
spa_Latn,363,9,47
spa_Latn,363,10,8
spa_Latn,363,11,1
spa_Latn,363,12,52
spa_Latn,363,13,19
spa_Latn,363,14,57
eng_Latn,364,0,60
eng_Latn,364,1,49
eng_Latn,364,2,45
eng_Latn,364,3,18
eng_Latn,364,4,9
eng_Latn,364,5,9
eng_Latn,364,6,18
eng_Latn,364,7,53
eng_Latn,364,8,8
eng_Latn,364,9,47
eng_Latn,364,10,21
eng_Latn,364,11,21
spa_Latn,365,0,60
spa_Latn,365,1,19
spa_Latn,365,2,39
spa_Latn,365,3,8
spa_Latn,365,4,8
spa_Latn,365,5,10
spa_Latn,365,6,8
spa_Latn,365,7,8
spa_Latn,365,8,8
spa_Latn,365,9,8
spa_Latn,365,10,9
spa_Latn,365,11,8
spa_Latn,365,12,19
spa_Latn,365,13,34
eng_Latn,366,0,60
eng_Latn,366,1,16
eng_Latn,366,2,37
eng_Latn,366,3,52
eng_Latn,366,4,16
eng_Latn,366,5,52
eng_Latn,366,6,9
eng_Latn,366,7,4
eng_Latn,366,8,1
eng_Latn,366,9,19
eng_Latn,366,10,4
eng_Latn,367,0,60
eng_Latn,367,1,47
eng_Latn,367,2,1
eng_Latn,367,3,52
eng_Latn,367,4,52
eng_Latn,367,5,49
eng_Latn,367,6,49
spa_Latn,368,0,60
spa_Latn,368,1,8
spa_Latn,368,2,1
spa_Latn,368,3,52
spa_Latn,369,0,60
spa_Latn,369,1,26
spa_Latn,369,2,61
spa_Latn,369,3,47
spa_Latn,369,4,8
spa_Latn,369,5,8
spa_Latn,369,6,19
spa_Latn,369,7,19
spa_Latn,369,8,8
spa_Latn,369,9,8
spa_Latn,369,10,39
spa_Latn,369,11,8
eng_Latn,370,0,60
eng_Latn,370,1,22
eng_Latn,370,2,34
eng_Latn,370,3,20
eng_Latn,370,4,34
eng_Latn,370,5,34
eng_Latn,370,6,11
eng_Latn,371,0,60
eng_Latn,371,1,35
eng_Latn,371,2,9
eng_Latn,371,3,56
eng_Latn,371,4,41
eng_Latn,371,5,4
eng_Latn,371,6,4
eng_Latn,371,7,14
eng_Latn,371,8,5
eng_Latn,371,9,26
eng_Latn,371,10,26
eng_Latn,372,0,60
eng_Latn,372,1,31
eng_Latn,372,2,9
eng_Latn,372,3,18
eng_Latn,372,4,34
eng_Latn,372,5,18
eng_Latn,372,6,20
eng_Latn,372,7,41
eng_Latn,372,8,34
eng_Latn,372,9,18
eng_Latn,372,10,34
eng_Latn,373,0,60
eng_Latn,373,1,45
eng_Latn,373,2,35
eng_Latn,373,3,18
eng_Latn,373,4,56
eng_Latn,373,5,38
eng_Latn,373,6,24
eng_Latn,373,7,55
eng_Latn,373,8,41
eng_Latn,373,9,43
eng_Latn,373,10,48
spa_Latn,374,0,60
spa_Latn,374,1,19
spa_Latn,374,2,19
spa_Latn,374,3,8
spa_Latn,374,4,8
spa_Latn,374,5,19
spa_Latn,374,6,39
spa_Latn,374,7,8
spa_Latn,374,8,1
spa_Latn,374,9,37
spa_Latn,374,10,52
spa_Latn,375,0,60
spa_Latn,375,1,54
spa_Latn,375,2,8
spa_Latn,375,3,8
spa_Latn,375,4,8
spa_Latn,375,5,8
spa_Latn,375,6,8
spa_Latn,375,7,8
spa_Latn,375,8,8
spa_Latn,375,9,16
spa_Latn,375,10,8
spa_Latn,375,11,8
spa_Latn,375,12,8
spa_Latn,375,13,9
spa_Latn,375,14,8
eng_Latn,376,0,60
eng_Latn,376,1,47
eng_Latn,376,2,49
eng_Latn,376,3,5
eng_Latn,376,4,49
spa_Latn,377,0,60
spa_Latn,377,1,13
spa_Latn,377,2,1
spa_Latn,377,3,1
spa_Latn,377,4,52
spa_Latn,378,0,60
spa_Latn,378,1,40
spa_Latn,378,2,49
eng_Latn,379,0,60
eng_Latn,379,1,22
eng_Latn,379,2,57
eng_Latn,379,3,16
eng_Latn,379,4,53
eng_Latn,379,5,35
eng_Latn,379,6,46
eng_Latn,379,7,34
eng_Latn,380,0,60
eng_Latn,380,1,52
eng_Latn,380,2,48
eng_Latn,380,3,56
eng_Latn,380,4,34
eng_Latn,380,5,34
spa_Latn,381,0,60
spa_Latn,381,1,8
spa_Latn,381,2,8
spa_Latn,381,3,8
spa_Latn,381,4,8
spa_Latn,381,5,20
spa_Latn,381,6,19
spa_Latn,381,7,19
spa_Latn,381,8,34
spa_Latn,381,9,8
spa_Latn,381,10,8
spa_Latn,381,11,19
spa_Latn,381,12,8
spa_Latn,382,0,60
spa_Latn,382,1,47
spa_Latn,382,2,47
spa_Latn,382,3,47
spa_Latn,382,4,8
spa_Latn,382,5,8
spa_Latn,382,6,26
spa_Latn,382,7,19
spa_Latn,382,8,49
spa_Latn,383,0,60
spa_Latn,383,1,8
spa_Latn,383,2,8
spa_Latn,383,3,61
spa_Latn,383,4,8
spa_Latn,383,5,8
spa_Latn,383,6,19
spa_Latn,383,7,8
spa_Latn,383,8,8
spa_Latn,383,9,8
spa_Latn,383,10,8
spa_Latn,383,11,47
spa_Latn,383,12,8
eng_Latn,384,0,60
eng_Latn,384,1,9
eng_Latn,384,2,29
eng_Latn,384,3,54
eng_Latn,384,4,18
eng_Latn,384,5,48
eng_Latn,384,6,18
eng_Latn,384,7,34
spa_Latn,385,0,60
spa_Latn,385,1,47
spa_Latn,385,2,8
spa_Latn,385,3,8
spa_Latn,386,0,60
spa_Latn,386,1,22
spa_Latn,386,2,8
spa_Latn,386,3,46
spa_Latn,386,4,63
spa_Latn,386,5,8
spa_Latn,386,6,47
spa_Latn,386,7,63
spa_Latn,387,0,60
spa_Latn,387,1,26
spa_Latn,387,2,61
spa_Latn,387,3,9
spa_Latn,387,4,7
spa_Latn,387,5,19
spa_Latn,387,6,47
spa_Latn,387,7,39
eng_Latn,388,0,60
eng_Latn,388,1,35
eng_Latn,388,2,56
eng_Latn,388,3,56
eng_Latn,389,0,60
eng_Latn,389,1,52
eng_Latn,389,2,57
eng_Latn,389,3,48
eng_Latn,389,4,2
eng_Latn,389,5,19
eng_Latn,389,6,31
eng_Latn,389,7,53
eng_Latn,389,8,3
eng_Latn,389,9,31
eng_Latn,390,0,60
eng_Latn,390,1,46
eng_Latn,390,2,15
eng_Latn,390,3,14
eng_Latn,390,4,23
eng_Latn,390,5,13
eng_Latn,390,6,19
eng_Latn,390,7,63
spa_Latn,391,0,60
spa_Latn,391,1,19
spa_Latn,391,2,39
spa_Latn,391,3,8
spa_Latn,391,4,8
spa_Latn,392,0,60
spa_Latn,392,1,61
spa_Latn,392,2,17
spa_Latn,392,3,31
spa_Latn,392,4,47
spa_Latn,392,5,19
spa_Latn,392,6,16
spa_Latn,392,7,34
spa_Latn,393,0,60
spa_Latn,393,1,19
spa_Latn,393,2,39
spa_Latn,393,3,39
spa_Latn,393,4,7
spa_Latn,393,5,34
spa_Latn,393,6,34
spa_Latn,393,7,8
spa_Latn,393,8,19
spa_Latn,393,9,19
spa_Latn,393,10,39
spa_Latn,393,11,16
spa_Latn,393,12,19
spa_Latn,393,13,8
spa_Latn,393,14,8
spa_Latn,393,15,9
spa_Latn,394,0,60
spa_Latn,394,1,47
spa_Latn,394,2,47
spa_Latn,394,3,8
spa_Latn,394,4,8
spa_Latn,394,5,19
spa_Latn,394,6,39
spa_Latn,394,7,39
spa_Latn,394,8,30
spa_Latn,394,9,10
spa_Latn,394,10,1
spa_Latn,394,11,8
spa_Latn,394,12,8
spa_Latn,394,13,8
spa_Latn,394,14,52
eng_Latn,395,0,60
eng_Latn,395,1,22
eng_Latn,395,2,22
eng_Latn,395,3,34
eng_Latn,395,4,29
eng_Latn,395,5,34
eng_Latn,395,6,34
spa_Latn,396,0,60
spa_Latn,396,1,19
spa_Latn,396,2,34
spa_Latn,396,3,27
spa_Latn,396,4,40
eng_Latn,397,0,60
eng_Latn,397,1,20
eng_Latn,397,2,37
eng_Latn,397,3,40
eng_Latn,397,4,59
eng_Latn,398,0,60
eng_Latn,398,1,57
eng_Latn,398,2,45
eng_Latn,398,3,46
eng_Latn,398,4,17
eng_Latn,398,5,56
eng_Latn,398,6,35
eng_Latn,398,7,35
eng_Latn,398,8,34
eng_Latn,399,0,60
eng_Latn,399,1,12
eng_Latn,399,2,42
eng_Latn,399,3,22
eng_Latn,399,4,27
eng_Latn,399,5,49
eng_Latn,399,6,9
eng_Latn,399,7,40
eng_Latn,400,0,60
eng_Latn,400,1,22
eng_Latn,400,2,9
eng_Latn,400,3,12
eng_Latn,400,4,19
eng_Latn,400,5,40
eng_Latn,400,6,34
spa_Latn,401,0,60
spa_Latn,401,1,19
spa_Latn,401,2,8
spa_Latn,401,3,47
spa_Latn,402,0,60
spa_Latn,402,1,8
spa_Latn,402,2,39
spa_Latn,402,3,39
spa_Latn,402,4,8
spa_Latn,403,0,60
spa_Latn,403,1,27
spa_Latn,403,2,19
spa_Latn,403,3,34
spa_Latn,403,4,39
spa_Latn,403,5,8
spa_Latn,403,6,8
spa_Latn,403,7,8
spa_Latn,403,8,19
spa_Latn,403,9,8
spa_Latn,403,10,8
spa_Latn,403,11,8
spa_Latn,403,12,19
spa_Latn,403,13,30
eng_Latn,404,0,60
eng_Latn,404,1,45
eng_Latn,404,2,45
eng_Latn,404,3,35
eng_Latn,404,4,19
eng_Latn,404,5,20
eng_Latn,404,6,6
eng_Latn,404,7,45
eng_Latn,404,8,36
eng_Latn,404,9,16
eng_Latn,405,0,60
eng_Latn,405,1,57
eng_Latn,405,2,38
eng_Latn,405,3,38
eng_Latn,405,4,19
eng_Latn,405,5,15
eng_Latn,405,6,17
eng_Latn,405,7,8
eng_Latn,405,8,16
spa_Latn,406,0,60
spa_Latn,406,1,47
spa_Latn,406,2,19
spa_Latn,406,3,49
spa_Latn,406,4,27
spa_Latn,406,5,49
spa_Latn,406,6,12
spa_Latn,406,7,12
spa_Latn,406,8,47
spa_Latn,406,9,40
spa_Latn,406,10,49
spa_Latn,406,11,27
spa_Latn,406,12,49
spa_Latn,406,13,1
spa_Latn,406,14,39
spa_Latn,406,15,7
spa_Latn,406,16,50
spa_Latn,406,17,52
spa_Latn,406,18,52
spa_Latn,406,19,52
spa_Latn,406,20,13
spa_Latn,406,21,52
eng_Latn,407,0,60
eng_Latn,407,1,5
eng_Latn,407,2,35
eng_Latn,407,3,46
eng_Latn,407,4,53
eng_Latn,407,5,48
eng_Latn,407,6,18
eng_Latn,407,7,23
eng_Latn,407,8,54
eng_Latn,407,9,52
eng_Latn,408,0,60
eng_Latn,408,1,22
eng_Latn,408,2,22
eng_Latn,408,3,49
eng_Latn,408,4,34
eng_Latn,409,0,60
eng_Latn,409,1,9
eng_Latn,409,2,38
eng_Latn,409,3,15
eng_Latn,409,4,56
eng_Latn,409,5,63
eng_Latn,409,6,60
eng_Latn,409,7,40
eng_Latn,409,8,63
spa_Latn,410,0,60
spa_Latn,410,1,19
spa_Latn,410,2,22
spa_Latn,410,3,52
spa_Latn,410,4,8
spa_Latn,410,5,52
spa_Latn,411,0,60
spa_Latn,411,1,46
spa_Latn,411,2,8
spa_Latn,411,3,8
spa_Latn,411,4,8
spa_Latn,411,5,19
spa_Latn,411,6,8
eng_Latn,412,0,60
eng_Latn,412,1,51
eng_Latn,412,2,34
eng_Latn,412,3,54
eng_Latn,412,4,9
eng_Latn,412,5,17
eng_Latn,412,6,20
eng_Latn,412,7,62
eng_Latn,412,8,34
spa_Latn,413,0,60
spa_Latn,413,1,47
spa_Latn,413,2,19
spa_Latn,413,3,40
spa_Latn,413,4,27
spa_Latn,413,5,47
spa_Latn,413,6,49
spa_Latn,413,7,12
spa_Latn,413,8,19
spa_Latn,413,9,47
spa_Latn,413,10,49
spa_Latn,414,0,60
spa_Latn,414,1,8
spa_Latn,414,2,42
spa_Latn,414,3,4
spa_Latn,414,4,34
spa_Latn,415,0,60
spa_Latn,415,1,19
spa_Latn,415,2,6
spa_Latn,415,3,11
spa_Latn,415,4,11
spa_Latn,415,5,47
spa_Latn,415,6,19
spa_Latn,415,7,13
spa_Latn,415,8,26
spa_Latn,415,9,26
spa_Latn,415,10,51
spa_Latn,415,11,39
spa_Latn,415,12,8
spa_Latn,415,13,39
spa_Latn,415,14,39
spa_Latn,415,15,47
spa_Latn,415,16,13
spa_Latn,416,0,60
spa_Latn,416,1,19
spa_Latn,416,2,8
spa_Latn,416,3,16
spa_Latn,416,4,8
spa_Latn,416,5,8
eng_Latn,417,0,60
eng_Latn,417,1,37
eng_Latn,417,2,34
eng_Latn,417,3,42
eng_Latn,417,4,22
eng_Latn,417,5,19
eng_Latn,417,6,63
eng_Latn,417,7,5
eng_Latn,417,8,47
eng_Latn,418,0,60
eng_Latn,418,1,19
eng_Latn,418,2,53
eng_Latn,418,3,38
eng_Latn,418,4,46
eng_Latn,418,5,23
eng_Latn,419,0,60
eng_Latn,419,1,29
eng_Latn,419,2,38
eng_Latn,419,3,34
eng_Latn,419,4,18
eng_Latn,419,5,20
eng_Latn,419,6,16
eng_Latn,419,7,20
eng_Latn,419,8,34
eng_Latn,420,0,60
eng_Latn,420,1,46
eng_Latn,420,2,34
eng_Latn,420,3,54
eng_Latn,420,4,18
eng_Latn,420,5,57
eng_Latn,420,6,34
eng_Latn,421,0,60
eng_Latn,421,1,22
eng_Latn,421,2,42
eng_Latn,421,3,38
eng_Latn,421,4,19
eng_Latn,421,5,8
eng_Latn,421,6,19
eng_Latn,421,7,8
eng_Latn,421,8,5
eng_Latn,421,9,51
eng_Latn,421,10,8
eng_Latn,421,11,8
eng_Latn,421,12,15
eng_Latn,422,0,60
eng_Latn,422,1,39
eng_Latn,422,2,52
eng_Latn,422,3,52
eng_Latn,422,4,13
eng_Latn,422,5,52
eng_Latn,422,6,13
eng_Latn,423,0,60
eng_Latn,423,1,56
eng_Latn,423,2,16
eng_Latn,423,3,29
eng_Latn,423,4,41
eng_Latn,423,5,46
spa_Latn,424,0,60
spa_Latn,424,1,19
spa_Latn,424,2,49
spa_Latn,424,3,8
eng_Latn,425,0,60
eng_Latn,425,1,17
eng_Latn,425,2,33
eng_Latn,425,3,38
eng_Latn,425,4,33
eng_Latn,425,5,33
eng_Latn,425,6,33
eng_Latn,425,7,33
eng_Latn,425,8,33
spa_Latn,426,0,60
spa_Latn,426,1,47
spa_Latn,426,2,19
spa_Latn,426,3,40
spa_Latn,426,4,8
spa_Latn,427,0,60
spa_Latn,427,1,8
spa_Latn,427,2,19
spa_Latn,427,3,39
spa_Latn,427,4,34
spa_Latn,427,5,20
spa_Latn,427,6,47
spa_Latn,427,7,47
spa_Latn,427,8,52
spa_Latn,427,9,19
spa_Latn,427,10,8
spa_Latn,427,11,34
eng_Latn,428,0,60
eng_Latn,428,1,22
eng_Latn,428,2,60
eng_Latn,428,3,9
eng_Latn,428,4,27
eng_Latn,428,5,49
eng_Latn,428,6,26
eng_Latn,428,7,27
eng_Latn,428,8,40
eng_Latn,428,9,61
spa_Latn,429,0,60
spa_Latn,429,1,12
spa_Latn,429,2,39
spa_Latn,429,3,8
spa_Latn,429,4,8
spa_Latn,429,5,8
spa_Latn,429,6,19
spa_Latn,430,0,60
spa_Latn,430,1,47
spa_Latn,430,2,13
spa_Latn,430,3,54
spa_Latn,430,4,8
spa_Latn,430,5,47
spa_Latn,430,6,8
spa_Latn,430,7,8
spa_Latn,430,8,8
spa_Latn,430,9,39
spa_Latn,430,10,8
spa_Latn,430,11,8
spa_Latn,430,12,8
spa_Latn,431,0,60
spa_Latn,431,1,19
spa_Latn,431,2,47
spa_Latn,431,3,8
spa_Latn,431,4,58
spa_Latn,431,5,47
spa_Latn,431,6,47
spa_Latn,431,7,8
eng_Latn,432,0,60
eng_Latn,432,1,40
eng_Latn,432,2,18
eng_Latn,432,3,18
eng_Latn,432,4,56
eng_Latn,432,5,16
eng_Latn,432,6,59
eng_Latn,432,7,46
eng_Latn,433,0,60
eng_Latn,433,1,37
eng_Latn,433,2,53
eng_Latn,433,3,34
eng_Latn,434,0,60
eng_Latn,434,1,12
eng_Latn,434,2,42
eng_Latn,434,3,22
eng_Latn,434,4,27
eng_Latn,434,5,49
eng_Latn,434,6,12
eng_Latn,434,7,22
eng_Latn,434,8,22
eng_Latn,435,0,60
eng_Latn,435,1,22
eng_Latn,435,2,45
eng_Latn,435,3,22
eng_Latn,435,4,16
eng_Latn,435,5,59
eng_Latn,435,6,34
eng_Latn,435,7,20
eng_Latn,435,8,19
eng_Latn,435,9,19
eng_Latn,435,10,34
eng_Latn,436,0,60
eng_Latn,436,1,56
eng_Latn,436,2,56
eng_Latn,436,3,16
eng_Latn,436,4,53
eng_Latn,436,5,34
eng_Latn,436,6,57
eng_Latn,436,7,51
eng_Latn,437,0,60
eng_Latn,437,1,33
eng_Latn,437,2,29
eng_Latn,437,3,33
eng_Latn,437,4,33
eng_Latn,437,5,33
eng_Latn,437,6,33
eng_Latn,437,7,57
eng_Latn,437,8,33
eng_Latn,437,9,46
eng_Latn,438,0,60
eng_Latn,438,1,20
eng_Latn,438,2,34
eng_Latn,438,3,51
spa_Latn,439,0,60
spa_Latn,439,1,19
spa_Latn,439,2,8
spa_Latn,439,3,19
spa_Latn,439,4,16
spa_Latn,439,5,34
spa_Latn,439,6,34
spa_Latn,439,7,51
spa_Latn,439,8,56
spa_Latn,439,9,8
spa_Latn,439,10,19
spa_Latn,439,11,19
spa_Latn,439,12,34
spa_Latn,440,0,60
spa_Latn,440,1,46
spa_Latn,440,2,8
spa_Latn,440,3,10
spa_Latn,440,4,19
spa_Latn,440,5,19
spa_Latn,440,6,8
spa_Latn,440,7,8
spa_Latn,440,8,61
spa_Latn,440,9,28
spa_Latn,440,10,40
spa_Latn,440,11,28
spa_Latn,441,0,60
spa_Latn,441,1,19
spa_Latn,441,2,8
spa_Latn,441,3,8
spa_Latn,441,4,8
spa_Latn,441,5,47
spa_Latn,441,6,8
eng_Latn,442,0,60
eng_Latn,442,1,38
eng_Latn,442,2,15
eng_Latn,442,3,20
eng_Latn,442,4,38
eng_Latn,442,5,56
eng_Latn,442,6,61
eng_Latn,442,7,19
eng_Latn,442,8,51
spa_Latn,443,0,60
spa_Latn,443,1,19
spa_Latn,443,2,8
spa_Latn,443,3,8
spa_Latn,443,4,19
spa_Latn,443,5,19
spa_Latn,443,6,8
spa_Latn,443,7,8
spa_Latn,443,8,8
spa_Latn,443,9,47
spa_Latn,443,10,19
spa_Latn,443,11,8
spa_Latn,443,12,8
spa_Latn,444,0,60
spa_Latn,444,1,61
spa_Latn,444,2,8
spa_Latn,444,3,8
spa_Latn,444,4,8
spa_Latn,444,5,19
spa_Latn,444,6,47
spa_Latn,444,7,8
spa_Latn,444,8,8
spa_Latn,444,9,19
spa_Latn,444,10,47
spa_Latn,444,11,63
spa_Latn,445,0,60
spa_Latn,445,1,19
spa_Latn,445,2,49
spa_Latn,445,3,12
spa_Latn,445,4,47
spa_Latn,445,5,8
spa_Latn,445,6,19
spa_Latn,445,7,8
spa_Latn,445,8,8
spa_Latn,445,9,8
spa_Latn,445,10,19
spa_Latn,445,11,8
spa_Latn,445,12,8
spa_Latn,446,0,60
spa_Latn,446,1,47
spa_Latn,446,2,39
spa_Latn,446,3,34
spa_Latn,446,4,8
spa_Latn,446,5,47
spa_Latn,446,6,47
spa_Latn,446,7,8
spa_Latn,447,0,60
spa_Latn,447,1,19
spa_Latn,447,2,8
spa_Latn,447,3,10
spa_Latn,447,4,39
spa_Latn,447,5,19
spa_Latn,447,6,8
spa_Latn,447,7,19
spa_Latn,447,8,39
spa_Latn,447,9,8
spa_Latn,447,10,8
spa_Latn,448,0,60
spa_Latn,448,1,52
spa_Latn,448,2,52
spa_Latn,448,3,52
spa_Latn,448,4,63
spa_Latn,449,0,60
spa_Latn,449,1,46
spa_Latn,449,2,15
spa_Latn,449,3,8
spa_Latn,449,4,61
spa_Latn,449,5,39
spa_Latn,449,6,8
spa_Latn,449,7,56
spa_Latn,449,8,8
spa_Latn,449,9,19
spa_Latn,449,10,8
spa_Latn,450,0,60
spa_Latn,450,1,47
spa_Latn,450,2,39
spa_Latn,450,3,7
spa_Latn,450,4,8
spa_Latn,450,5,19
spa_Latn,450,6,47
spa_Latn,450,7,8
spa_Latn,451,0,60
spa_Latn,451,1,47
spa_Latn,451,2,19
spa_Latn,451,3,8
spa_Latn,451,4,8
spa_Latn,451,5,52
spa_Latn,452,0,60
spa_Latn,452,1,46
spa_Latn,452,2,8
spa_Latn,452,3,52
spa_Latn,452,4,8
spa_Latn,453,0,60
spa_Latn,453,1,19
spa_Latn,453,2,6
spa_Latn,453,3,11
spa_Latn,453,4,40
spa_Latn,453,5,40
spa_Latn,453,6,43
spa_Latn,453,7,19
spa_Latn,453,8,40
spa_Latn,453,9,7
spa_Latn,453,10,9
eng_Latn,454,0,60
eng_Latn,454,1,45
eng_Latn,454,2,18
eng_Latn,454,3,16
eng_Latn,454,4,38
eng_Latn,454,5,15
eng_Latn,454,6,2
eng_Latn,454,7,59
eng_Latn,454,8,34
spa_Latn,455,0,60
spa_Latn,455,1,8
spa_Latn,455,2,47
spa_Latn,455,3,47
spa_Latn,455,4,8
spa_Latn,455,5,8
spa_Latn,455,6,19
spa_Latn,455,7,8
spa_Latn,455,8,8
spa_Latn,455,9,8
spa_Latn,455,10,8
spa_Latn,455,11,19
spa_Latn,455,12,8
spa_Latn,456,0,60
spa_Latn,456,1,15
spa_Latn,457,0,60
spa_Latn,457,1,47
spa_Latn,457,2,19
spa_Latn,457,3,37
spa_Latn,457,4,37
spa_Latn,457,5,22
eng_Latn,458,0,60
eng_Latn,458,1,9
eng_Latn,458,2,38
eng_Latn,458,3,15
eng_Latn,458,4,56
eng_Latn,458,5,63
eng_Latn,458,6,57
eng_Latn,458,7,30
eng_Latn,458,8,52
eng_Latn,458,9,63
eng_Latn,459,0,60
eng_Latn,459,1,24
eng_Latn,459,2,22
eng_Latn,459,3,45
eng_Latn,459,4,37
eng_Latn,459,5,18
eng_Latn,459,6,16
eng_Latn,459,7,49
eng_Latn,459,8,53
eng_Latn,459,9,37
eng_Latn,459,10,46
eng_Latn,460,0,60
eng_Latn,460,1,19
eng_Latn,460,2,33
eng_Latn,460,3,19
eng_Latn,460,4,15
eng_Latn,460,5,33
eng_Latn,460,6,61
eng_Latn,460,7,20
eng_Latn,460,8,19
eng_Latn,460,9,15
eng_Latn,461,0,60
eng_Latn,461,1,52
eng_Latn,461,2,14
eng_Latn,461,3,63
spa_Latn,462,0,60
spa_Latn,462,1,19
spa_Latn,462,2,8
spa_Latn,462,3,8
spa_Latn,462,4,8
spa_Latn,462,5,8
spa_Latn,462,6,47
spa_Latn,463,0,60
spa_Latn,463,1,8
spa_Latn,463,2,16
spa_Latn,463,3,8
spa_Latn,463,4,39
spa_Latn,463,5,8
spa_Latn,463,6,19
spa_Latn,463,7,8
eng_Latn,464,0,60
eng_Latn,464,1,37
eng_Latn,464,2,12
eng_Latn,464,3,2
eng_Latn,464,4,47
eng_Latn,465,0,60
eng_Latn,465,1,57
eng_Latn,465,2,56
eng_Latn,465,3,63
eng_Latn,465,4,19
spa_Latn,466,0,60
spa_Latn,466,1,27
spa_Latn,466,2,34
spa_Latn,466,3,22
spa_Latn,466,4,1
spa_Latn,466,5,19
spa_Latn,466,6,39
spa_Latn,466,7,22
spa_Latn,466,8,22
spa_Latn,466,9,19
spa_Latn,466,10,22
spa_Latn,466,11,19
spa_Latn,466,12,34
spa_Latn,466,13,8
spa_Latn,466,14,8
spa_Latn,466,15,34
spa_Latn,467,0,60
spa_Latn,467,1,9
spa_Latn,467,2,19
spa_Latn,467,3,52
spa_Latn,467,4,7
spa_Latn,467,5,8
spa_Latn,467,6,47
spa_Latn,467,7,13
spa_Latn,467,8,52
spa_Latn,467,9,52
spa_Latn,468,0,60
spa_Latn,468,1,39
spa_Latn,468,2,39
spa_Latn,468,3,47
spa_Latn,468,4,8
spa_Latn,468,5,19
spa_Latn,468,6,39
eng_Latn,469,0,60
eng_Latn,469,1,50
eng_Latn,469,2,16
spa_Latn,470,0,60
spa_Latn,470,1,46
spa_Latn,470,2,22
spa_Latn,470,3,46
spa_Latn,470,4,35
spa_Latn,470,5,47
spa_Latn,470,6,8
spa_Latn,471,0,60
spa_Latn,471,1,22
spa_Latn,471,2,34
spa_Latn,471,3,12
spa_Latn,471,4,22
spa_Latn,471,5,40
spa_Latn,471,6,52
spa_Latn,471,7,24
spa_Latn,471,8,52
spa_Latn,471,9,37
spa_Latn,471,10,12
spa_Latn,471,11,12
spa_Latn,471,12,35
spa_Latn,471,13,47
spa_Latn,471,14,49
spa_Latn,471,15,26
eng_Latn,472,0,60
eng_Latn,472,1,53
eng_Latn,472,2,49
spa_Latn,473,0,60
spa_Latn,473,1,47
spa_Latn,473,2,16
spa_Latn,473,3,8
spa_Latn,473,4,39
spa_Latn,473,5,47
spa_Latn,473,6,8
spa_Latn,474,0,60
spa_Latn,474,1,19
spa_Latn,474,2,19
spa_Latn,474,3,19
spa_Latn,474,4,16
spa_Latn,475,0,60
spa_Latn,475,1,61
spa_Latn,475,2,8
spa_Latn,475,3,8
spa_Latn,475,4,8
spa_Latn,475,5,8
spa_Latn,475,6,15
spa_Latn,475,7,8
spa_Latn,475,8,47
spa_Latn,475,9,19
spa_Latn,475,10,8
spa_Latn,475,11,47
spa_Latn,475,12,47
spa_Latn,475,13,19
spa_Latn,475,14,8
eng_Latn,476,0,60
eng_Latn,476,1,22
eng_Latn,477,0,60
eng_Latn,477,1,13
eng_Latn,477,2,13
eng_Latn,477,3,5
eng_Latn,477,4,7
spa_Latn,478,0,60
spa_Latn,478,1,47
spa_Latn,478,2,13
spa_Latn,478,3,54
spa_Latn,478,4,8
spa_Latn,478,5,8
spa_Latn,478,6,47
spa_Latn,478,7,8
spa_Latn,479,0,60
spa_Latn,479,1,13
spa_Latn,479,2,61
spa_Latn,479,3,19
spa_Latn,479,4,19
spa_Latn,479,5,13
spa_Latn,479,6,13
spa_Latn,479,7,60
spa_Latn,479,8,58
spa_Latn,479,9,7
spa_Latn,479,10,22
spa_Latn,479,11,12
spa_Latn,480,0,60
spa_Latn,480,1,8
spa_Latn,480,2,8
spa_Latn,480,3,19
spa_Latn,480,4,8
spa_Latn,480,5,35
spa_Latn,480,6,10
spa_Latn,480,7,10
spa_Latn,480,8,8
spa_Latn,480,9,19
spa_Latn,480,10,19
spa_Latn,480,11,8
spa_Latn,481,0,60
spa_Latn,481,1,61
spa_Latn,481,2,8
spa_Latn,481,3,47
spa_Latn,481,4,19
spa_Latn,481,5,39
spa_Latn,481,6,8
spa_Latn,481,7,53
spa_Latn,481,8,8
spa_Latn,481,9,8
spa_Latn,481,10,19
spa_Latn,481,11,47
spa_Latn,481,12,8
spa_Latn,482,0,60
spa_Latn,482,1,19
spa_Latn,482,2,8
spa_Latn,482,3,19
spa_Latn,482,4,10
spa_Latn,482,5,8
spa_Latn,482,6,8
spa_Latn,482,7,39
spa_Latn,482,8,8
spa_Latn,482,9,20
spa_Latn,482,10,8
spa_Latn,482,11,47
spa_Latn,482,12,47
spa_Latn,482,13,8
spa_Latn,483,0,60
spa_Latn,483,1,1
spa_Latn,483,2,19
spa_Latn,483,3,8
spa_Latn,483,4,8
spa_Latn,483,5,8
spa_Latn,483,6,19
spa_Latn,483,7,8
spa_Latn,483,8,8
spa_Latn,483,9,8
spa_Latn,484,0,60
spa_Latn,484,1,8
spa_Latn,484,2,47
spa_Latn,484,3,8
spa_Latn,484,4,8
spa_Latn,484,5,8
eng_Latn,485,0,60
eng_Latn,485,1,50
eng_Latn,485,2,20
eng_Latn,485,3,16
eng_Latn,485,4,10
eng_Latn,485,5,23
eng_Latn,485,6,23
eng_Latn,485,7,16
eng_Latn,486,0,60
eng_Latn,486,1,29
eng_Latn,486,2,22
eng_Latn,486,3,34
eng_Latn,486,4,34
eng_Latn,486,5,12
eng_Latn,486,6,58
eng_Latn,486,7,24
eng_Latn,486,8,61
spa_Latn,487,0,60
spa_Latn,487,1,39
spa_Latn,487,2,39
spa_Latn,487,3,8
spa_Latn,487,4,8
spa_Latn,487,5,8
spa_Latn,487,6,8
spa_Latn,487,7,8
spa_Latn,487,8,47
spa_Latn,487,9,8
spa_Latn,487,10,8
spa_Latn,487,11,47
spa_Latn,487,12,8
spa_Latn,487,13,19
eng_Latn,488,0,60
eng_Latn,488,1,41
eng_Latn,488,2,57
eng_Latn,488,3,57
spa_Latn,489,0,60
spa_Latn,489,1,8
spa_Latn,489,2,8
spa_Latn,489,3,8
spa_Latn,489,4,35
spa_Latn,489,5,8
spa_Latn,489,6,8
spa_Latn,489,7,61
spa_Latn,489,8,42
spa_Latn,490,0,60
spa_Latn,490,1,12
spa_Latn,490,2,39
spa_Latn,490,3,13
spa_Latn,490,4,9
eng_Latn,491,0,60
eng_Latn,491,1,22
eng_Latn,491,2,5
eng_Latn,491,3,35
eng_Latn,491,4,63
eng_Latn,491,5,42
eng_Latn,491,6,47
eng_Latn,491,7,61
eng_Latn,491,8,61
eng_Latn,491,9,49
eng_Latn,491,10,22
eng_Latn,491,11,47
eng_Latn,491,12,22
spa_Latn,492,0,60
spa_Latn,492,1,22
spa_Latn,492,2,34
spa_Latn,492,3,22
spa_Latn,492,4,60
spa_Latn,492,5,58
spa_Latn,492,6,42
spa_Latn,492,7,61
spa_Latn,493,0,60
spa_Latn,493,1,26
spa_Latn,493,2,19
spa_Latn,493,3,8
spa_Latn,493,4,8
spa_Latn,493,5,17
spa_Latn,493,6,8
spa_Latn,493,7,19
spa_Latn,493,8,39
spa_Latn,493,9,34
spa_Latn,494,0,60
spa_Latn,494,1,17
spa_Latn,494,2,8
spa_Latn,494,3,8
spa_Latn,494,4,19
spa_Latn,494,5,47
spa_Latn,494,6,19
spa_Latn,494,7,8
spa_Latn,494,8,10
spa_Latn,494,9,8
spa_Latn,494,10,19
spa_Latn,494,11,8
eng_Latn,495,0,60
eng_Latn,495,1,38
eng_Latn,495,2,38
eng_Latn,495,3,56
eng_Latn,495,4,47
eng_Latn,495,5,14
eng_Latn,495,6,14
eng_Latn,495,7,21
eng_Latn,495,8,14
eng_Latn,495,9,49
spa_Latn,496,0,60
spa_Latn,496,1,4
spa_Latn,496,2,19
spa_Latn,496,3,19
spa_Latn,496,4,39
spa_Latn,496,5,16
spa_Latn,496,6,23
spa_Latn,496,7,8
spa_Latn,496,8,8
spa_Latn,496,9,54
spa_Latn,496,10,8
spa_Latn,496,11,8
spa_Latn,496,12,61
spa_Latn,496,13,8
spa_Latn,497,0,60
spa_Latn,497,1,46
spa_Latn,497,2,8
spa_Latn,497,3,56
spa_Latn,497,4,19
spa_Latn,497,5,46
spa_Latn,497,6,63
spa_Latn,497,7,8
spa_Latn,497,8,19
spa_Latn,497,9,39
spa_Latn,497,10,63
spa_Latn,497,11,8
spa_Latn,497,12,8
spa_Latn,497,13,47
spa_Latn,497,14,63
spa_Latn,498,0,60
spa_Latn,498,1,52
spa_Latn,498,2,19
spa_Latn,498,3,19
spa_Latn,498,4,47
spa_Latn,498,5,13
spa_Latn,498,6,19
spa_Latn,498,7,13
spa_Latn,498,8,13
spa_Latn,498,9,13
spa_Latn,498,10,13
spa_Latn,498,11,8
spa_Latn,498,12,39
spa_Latn,498,13,47
spa_Latn,498,14,13
spa_Latn,498,15,13
eng_Latn,499,0,60
eng_Latn,499,1,41
eng_Latn,499,2,49
eng_Latn,499,3,37
eng_Latn,499,4,20
eng_Latn,499,5,44
spa_Latn,500,0,60
spa_Latn,500,1,7
spa_Latn,500,2,12
spa_Latn,500,3,47
spa_Latn,500,4,8
spa_Latn,500,5,43
spa_Latn,500,6,19
spa_Latn,500,7,8
spa_Latn,500,8,42
spa_Latn,500,9,61
spa_Latn,500,10,43
spa_Latn,500,11,27
spa_Latn,500,12,47
spa_Latn,500,13,47
spa_Latn,500,14,7
spa_Latn,500,15,12
spa_Latn,500,16,52
spa_Latn,500,17,19
spa_Latn,500,18,8
spa_Latn,501,0,60
spa_Latn,501,1,47
spa_Latn,501,2,47
spa_Latn,501,3,8
spa_Latn,501,4,8
spa_Latn,501,5,1
spa_Latn,501,6,8
spa_Latn,501,7,1
spa_Latn,501,8,19
spa_Latn,501,9,8
spa_Latn,501,10,8
eng_Latn,502,0,60
eng_Latn,502,1,34
eng_Latn,502,2,29
eng_Latn,502,3,34
eng_Latn,502,4,20
eng_Latn,502,5,49
eng_Latn,502,6,5
eng_Latn,502,7,49
eng_Latn,503,0,60
eng_Latn,503,1,56
eng_Latn,503,2,54
eng_Latn,503,3,18
eng_Latn,503,4,21
eng_Latn,503,5,9
eng_Latn,503,6,18
eng_Latn,503,7,30
eng_Latn,503,8,30
eng_Latn,503,9,35
eng_Latn,503,10,34
spa_Latn,504,0,60
spa_Latn,504,1,8
spa_Latn,504,2,22
spa_Latn,504,3,22
spa_Latn,504,4,47
spa_Latn,504,5,19
spa_Latn,504,6,8
spa_Latn,504,7,8
spa_Latn,504,8,19
spa_Latn,504,9,8
spa_Latn,504,10,8
spa_Latn,504,11,52
eng_Latn,505,0,60
eng_Latn,505,1,15
eng_Latn,505,2,16
spa_Latn,506,0,60
spa_Latn,506,1,19
spa_Latn,506,2,43
spa_Latn,506,3,57
spa_Latn,506,4,8
spa_Latn,506,5,8
spa_Latn,506,6,19
spa_Latn,506,7,19
spa_Latn,506,8,8
spa_Latn,507,0,60
spa_Latn,507,1,22
spa_Latn,507,2,8
spa_Latn,507,3,8
spa_Latn,507,4,12
spa_Latn,507,5,22
spa_Latn,508,0,60
spa_Latn,508,1,8
spa_Latn,508,2,8
spa_Latn,508,3,8
spa_Latn,508,4,8
spa_Latn,508,5,10
spa_Latn,509,0,60
spa_Latn,509,1,19
spa_Latn,509,2,8
spa_Latn,509,3,8
spa_Latn,510,0,60
spa_Latn,510,1,40
spa_Latn,510,2,19
spa_Latn,510,3,49
spa_Latn,510,4,12
spa_Latn,510,5,40
spa_Latn,510,6,40
spa_Latn,510,7,47
spa_Latn,510,8,19
spa_Latn,510,9,39
spa_Latn,510,10,16
spa_Latn,510,11,8
spa_Latn,510,12,61
spa_Latn,510,13,19
spa_Latn,510,14,8
spa_Latn,511,0,60
spa_Latn,511,1,39
spa_Latn,511,2,27
spa_Latn,511,3,11
spa_Latn,511,4,19
spa_Latn,511,5,40
spa_Latn,511,6,40
spa_Latn,512,0,60
spa_Latn,512,1,8
spa_Latn,512,2,7
spa_Latn,512,3,19
spa_Latn,512,4,47
spa_Latn,512,5,19
spa_Latn,512,6,7
eng_Latn,513,0,60
eng_Latn,513,1,9
eng_Latn,513,2,22
eng_Latn,513,3,11
eng_Latn,513,4,40
spa_Latn,514,0,60
spa_Latn,514,1,15
spa_Latn,514,2,19
spa_Latn,514,3,29
spa_Latn,514,4,8
spa_Latn,514,5,8
spa_Latn,514,6,8
spa_Latn,515,0,60
spa_Latn,515,1,39
spa_Latn,515,2,8
spa_Latn,515,3,19
spa_Latn,515,4,8
spa_Latn,515,5,56
spa_Latn,515,6,19
spa_Latn,515,7,8
spa_Latn,515,8,31
spa_Latn,515,9,8
spa_Latn,515,10,8
spa_Latn,516,0,60
spa_Latn,516,1,19
spa_Latn,516,2,8
spa_Latn,516,3,8
spa_Latn,516,4,54
spa_Latn,516,5,8
spa_Latn,516,6,8
spa_Latn,516,7,8
spa_Latn,516,8,19
spa_Latn,516,9,8
spa_Latn,516,10,19
spa_Latn,516,11,8
spa_Latn,516,12,19
spa_Latn,516,13,8
spa_Latn,517,0,60
spa_Latn,517,1,57
spa_Latn,517,2,52
spa_Latn,517,3,8
spa_Latn,517,4,8
spa_Latn,518,0,60
spa_Latn,518,1,8
spa_Latn,518,2,8
spa_Latn,518,3,19
spa_Latn,518,4,19
spa_Latn,518,5,8
spa_Latn,518,6,9
spa_Latn,518,7,8
spa_Latn,518,8,19
spa_Latn,518,9,19
spa_Latn,518,10,8
spa_Latn,518,11,8
eng_Latn,519,0,60
eng_Latn,519,1,40
eng_Latn,519,2,49
eng_Latn,519,3,56
eng_Latn,519,4,53
eng_Latn,519,5,37
eng_Latn,519,6,63
eng_Latn,519,7,18
eng_Latn,519,8,53
eng_Latn,519,9,16
spa_Latn,520,0,60
spa_Latn,520,1,61
spa_Latn,520,2,8
spa_Latn,520,3,8
spa_Latn,521,0,60
spa_Latn,521,1,47
spa_Latn,521,2,8
spa_Latn,521,3,31
spa_Latn,521,4,8
spa_Latn,521,5,8
spa_Latn,521,6,39
spa_Latn,521,7,8
spa_Latn,521,8,19
spa_Latn,521,9,8
spa_Latn,521,10,23
spa_Latn,521,11,8
spa_Latn,521,12,8
spa_Latn,522,0,60
spa_Latn,522,1,22
spa_Latn,522,2,47
spa_Latn,522,3,19
spa_Latn,522,4,37
spa_Latn,522,5,52
spa_Latn,522,6,37
spa_Latn,522,7,22
spa_Latn,523,0,60
spa_Latn,523,1,29
spa_Latn,523,2,8
spa_Latn,523,3,8
spa_Latn,523,4,47
spa_Latn,523,5,34
spa_Latn,523,6,29
spa_Latn,523,7,8
spa_Latn,523,8,19
spa_Latn,523,9,8
spa_Latn,523,10,10
spa_Latn,523,11,10
spa_Latn,523,12,8
spa_Latn,523,13,10
spa_Latn,523,14,8
eng_Latn,524,0,60
eng_Latn,524,1,49
eng_Latn,524,2,56
eng_Latn,524,3,16
eng_Latn,524,4,20
eng_Latn,524,5,3
eng_Latn,524,6,3
eng_Latn,524,7,15
eng_Latn,524,8,20
eng_Latn,524,9,51
spa_Latn,525,0,60
spa_Latn,525,1,35
spa_Latn,525,2,19
spa_Latn,525,3,8
spa_Latn,525,4,8
spa_Latn,525,5,28
spa_Latn,525,6,28
spa_Latn,525,7,8
spa_Latn,525,8,8
spa_Latn,526,0,60
spa_Latn,526,1,27
spa_Latn,526,2,8
spa_Latn,526,3,6
spa_Latn,526,4,6
spa_Latn,526,5,8
spa_Latn,526,6,36
spa_Latn,526,7,10
spa_Latn,526,8,10
spa_Latn,526,9,8
spa_Latn,526,10,8
spa_Latn,526,11,11
spa_Latn,526,12,9
spa_Latn,526,13,19
spa_Latn,526,14,47
spa_Latn,526,15,36
spa_Latn,526,16,36
spa_Latn,526,17,52
spa_Latn,527,0,60
spa_Latn,527,1,39
spa_Latn,527,2,8
spa_Latn,527,3,8
spa_Latn,527,4,8
spa_Latn,527,5,8
spa_Latn,527,6,19
spa_Latn,527,7,47
spa_Latn,527,8,8
eng_Latn,528,0,60
eng_Latn,528,1,56
eng_Latn,528,2,51
eng_Latn,528,3,53
eng_Latn,528,4,57
eng_Latn,528,5,56
eng_Latn,528,6,19
eng_Latn,528,7,34
eng_Latn,528,8,20
eng_Latn,528,9,37
eng_Latn,528,10,41
eng_Latn,528,11,34
eng_Latn,529,0,60
eng_Latn,529,1,37
eng_Latn,529,2,62
eng_Latn,529,3,12
eng_Latn,529,4,35
eng_Latn,529,5,22
eng_Latn,529,6,16
spa_Latn,530,0,60
spa_Latn,530,1,19
spa_Latn,530,2,8
spa_Latn,530,3,8
spa_Latn,530,4,52
spa_Latn,530,5,52
spa_Latn,530,6,8
spa_Latn,531,0,60
spa_Latn,531,1,39
spa_Latn,531,2,27
spa_Latn,531,3,15
spa_Latn,531,4,8
spa_Latn,531,5,23
spa_Latn,531,6,8
spa_Latn,531,7,8
spa_Latn,532,0,60
spa_Latn,532,1,52
spa_Latn,532,2,47
spa_Latn,532,3,58
spa_Latn,532,4,47
spa_Latn,532,5,19
spa_Latn,532,6,6
spa_Latn,532,7,46
spa_Latn,532,8,39
spa_Latn,532,9,8
spa_Latn,532,10,8
spa_Latn,532,11,23
spa_Latn,533,0,60
spa_Latn,533,1,39
spa_Latn,533,2,47
spa_Latn,533,3,47
spa_Latn,533,4,7
spa_Latn,533,5,61
spa_Latn,533,6,19
spa_Latn,533,7,8
spa_Latn,534,0,60
spa_Latn,534,1,57
spa_Latn,534,2,8
spa_Latn,534,3,8
spa_Latn,534,4,39
spa_Latn,534,5,16
spa_Latn,534,6,8
spa_Latn,534,7,19
spa_Latn,534,8,49
spa_Latn,535,0,60
spa_Latn,535,1,9
spa_Latn,535,2,19
spa_Latn,535,3,19
spa_Latn,535,4,8
spa_Latn,535,5,8
spa_Latn,535,6,8
spa_Latn,535,7,19
spa_Latn,535,8,16
spa_Latn,535,9,8
spa_Latn,535,10,19
spa_Latn,535,11,8
spa_Latn,535,12,20
spa_Latn,535,13,40
spa_Latn,535,14,52
eng_Latn,536,0,60
eng_Latn,536,1,12
eng_Latn,536,2,22
eng_Latn,536,3,1
eng_Latn,536,4,22
spa_Latn,537,0,60
spa_Latn,537,1,19
spa_Latn,537,2,47
spa_Latn,537,3,40
spa_Latn,537,4,8
spa_Latn,537,5,19
spa_Latn,537,6,39
spa_Latn,538,0,60
spa_Latn,538,1,8
spa_Latn,538,2,8
spa_Latn,538,3,19
spa_Latn,538,4,8
spa_Latn,538,5,47
spa_Latn,538,6,19
spa_Latn,538,7,8
spa_Latn,539,0,60
spa_Latn,539,1,40
spa_Latn,539,2,19
spa_Latn,539,3,8
spa_Latn,539,4,39
spa_Latn,539,5,63
spa_Latn,539,6,8
spa_Latn,539,7,13
eng_Latn,540,0,60
eng_Latn,540,1,38
eng_Latn,540,2,15
eng_Latn,540,3,29
eng_Latn,540,4,35
eng_Latn,540,5,57
eng_Latn,540,6,57
eng_Latn,541,0,60
eng_Latn,541,1,24
eng_Latn,541,2,52
eng_Latn,541,3,24
eng_Latn,541,4,52
spa_Latn,542,0,60
spa_Latn,542,1,40
spa_Latn,542,2,47
spa_Latn,542,3,7
spa_Latn,543,0,60
spa_Latn,543,1,26
spa_Latn,543,2,8
spa_Latn,543,3,24
spa_Latn,543,4,8
spa_Latn,543,5,8
spa_Latn,543,6,8
spa_Latn,543,7,52
spa_Latn,544,0,60
spa_Latn,544,1,57
spa_Latn,544,2,19
spa_Latn,544,3,40
spa_Latn,544,4,19
spa_Latn,544,5,19
spa_Latn,544,6,19
spa_Latn,544,7,19
spa_Latn,544,8,8
spa_Latn,544,9,51
spa_Latn,544,10,56
spa_Latn,544,11,8
spa_Latn,544,12,8
spa_Latn,544,13,19
spa_Latn,544,14,8
eng_Latn,545,0,60
eng_Latn,545,1,22
eng_Latn,545,2,9
eng_Latn,545,3,9
eng_Latn,545,4,54
eng_Latn,545,5,61
eng_Latn,546,0,60
eng_Latn,546,1,18
eng_Latn,546,2,0
eng_Latn,547,0,60
eng_Latn,547,1,22
eng_Latn,547,2,60
eng_Latn,547,3,9
eng_Latn,547,4,26
eng_Latn,547,5,26
eng_Latn,547,6,49
eng_Latn,547,7,27
eng_Latn,547,8,27
eng_Latn,547,9,27
eng_Latn,547,10,7
spa_Latn,548,0,60
spa_Latn,548,1,19
spa_Latn,548,2,8
spa_Latn,548,3,8
spa_Latn,548,4,29
spa_Latn,548,5,8
spa_Latn,548,6,39
spa_Latn,548,7,40
spa_Latn,548,8,26
spa_Latn,548,9,19
spa_Latn,548,10,19
spa_Latn,548,11,8
eng_Latn,549,0,60
eng_Latn,549,1,48
eng_Latn,549,2,41
eng_Latn,549,3,4
spa_Latn,550,0,60
spa_Latn,550,1,19
spa_Latn,550,2,49
spa_Latn,550,3,49
spa_Latn,550,4,22
spa_Latn,550,5,59
spa_Latn,550,6,19
spa_Latn,550,7,19
spa_Latn,550,8,49
spa_Latn,551,0,60
spa_Latn,551,1,47
spa_Latn,551,2,47
spa_Latn,551,3,27
spa_Latn,551,4,8
spa_Latn,551,5,8
spa_Latn,551,6,8
spa_Latn,551,7,8
spa_Latn,551,8,8
spa_Latn,551,9,8
spa_Latn,551,10,19
spa_Latn,551,11,8
spa_Latn,551,12,35
spa_Latn,551,13,19
spa_Latn,551,14,57
spa_Latn,551,15,19
spa_Latn,551,16,8
spa_Latn,552,0,60
spa_Latn,552,1,19
spa_Latn,552,2,8
spa_Latn,552,3,8
spa_Latn,552,4,19
spa_Latn,552,5,8
spa_Latn,552,6,8
spa_Latn,552,7,8
spa_Latn,553,0,60
spa_Latn,553,1,19
spa_Latn,553,2,8
spa_Latn,553,3,7
eng_Latn,554,0,60
eng_Latn,554,1,23
eng_Latn,554,2,8
eng_Latn,554,3,15
spa_Latn,555,0,60
spa_Latn,555,1,26
spa_Latn,555,2,47
spa_Latn,555,3,27
spa_Latn,555,4,61
spa_Latn,555,5,8
eng_Latn,556,0,60
eng_Latn,556,1,49
eng_Latn,556,2,18
eng_Latn,556,3,35
eng_Latn,556,4,57
eng_Latn,556,5,53
eng_Latn,556,6,38
eng_Latn,556,7,51
eng_Latn,556,8,57
eng_Latn,556,9,51
spa_Latn,557,0,60
spa_Latn,557,1,22
spa_Latn,557,2,52
spa_Latn,557,3,1
spa_Latn,557,4,52
spa_Latn,557,5,27
spa_Latn,557,6,52
spa_Latn,557,7,13
spa_Latn,557,8,8
spa_Latn,557,9,1
spa_Latn,557,10,8
spa_Latn,557,11,8
spa_Latn,557,12,47
spa_Latn,557,13,62
spa_Latn,558,0,60
spa_Latn,558,1,1
spa_Latn,558,2,17
spa_Latn,558,3,8
spa_Latn,558,4,8
spa_Latn,558,5,8
spa_Latn,558,6,19
spa_Latn,558,7,8
spa_Latn,559,0,60
spa_Latn,559,1,8
spa_Latn,559,2,47
spa_Latn,559,3,47
spa_Latn,559,4,54
spa_Latn,559,5,8
spa_Latn,559,6,19
spa_Latn,559,7,39
spa_Latn,559,8,8
spa_Latn,559,9,53
spa_Latn,559,10,8
spa_Latn,559,11,57
spa_Latn,559,12,8
spa_Latn,560,0,60
spa_Latn,560,1,47
spa_Latn,560,2,49
spa_Latn,560,3,5
spa_Latn,560,4,24
spa_Latn,560,5,26
spa_Latn,560,6,19
spa_Latn,560,7,49
spa_Latn,560,8,24
spa_Latn,560,9,26
spa_Latn,560,10,19
spa_Latn,560,11,7
spa_Latn,560,12,8
spa_Latn,560,13,9
spa_Latn,560,14,39
spa_Latn,560,15,39
spa_Latn,560,16,49
spa_Latn,560,17,27
spa_Latn,560,18,49
spa_Latn,560,19,27
spa_Latn,560,20,26
spa_Latn,560,21,49
spa_Latn,561,0,60
spa_Latn,561,1,19
spa_Latn,561,2,39
spa_Latn,561,3,34
spa_Latn,561,4,8
spa_Latn,561,5,8
spa_Latn,561,6,8
spa_Latn,561,7,8
spa_Latn,561,8,8
spa_Latn,561,9,34
eng_Latn,562,0,60
eng_Latn,562,1,15
eng_Latn,562,2,56
eng_Latn,562,3,63
eng_Latn,562,4,60
eng_Latn,562,5,30
eng_Latn,562,6,37
spa_Latn,563,0,60
spa_Latn,563,1,19
spa_Latn,563,2,8
spa_Latn,563,3,8
spa_Latn,563,4,10
spa_Latn,563,5,19
spa_Latn,563,6,39
spa_Latn,563,7,8
spa_Latn,563,8,20
spa_Latn,563,9,8
spa_Latn,563,10,19
spa_Latn,563,11,8
spa_Latn,563,12,8
spa_Latn,563,13,61
spa_Latn,563,14,8
spa_Latn,563,15,39
eng_Latn,564,0,60
eng_Latn,564,1,53
eng_Latn,564,2,19
eng_Latn,564,3,39
eng_Latn,564,4,9
eng_Latn,564,5,3
eng_Latn,564,6,18
eng_Latn,565,0,60
eng_Latn,565,1,20
eng_Latn,565,2,35
eng_Latn,565,3,63
eng_Latn,565,4,53
eng_Latn,565,5,35
eng_Latn,565,6,15
spa_Latn,566,0,60
spa_Latn,566,1,54
spa_Latn,566,2,19
spa_Latn,566,3,8
spa_Latn,566,4,8
spa_Latn,566,5,8
spa_Latn,566,6,37
spa_Latn,566,7,8
spa_Latn,566,8,61
spa_Latn,566,9,52
spa_Latn,566,10,47
spa_Latn,566,11,8
spa_Latn,566,12,8
eng_Latn,567,0,60
eng_Latn,567,1,37
eng_Latn,567,2,54
eng_Latn,567,3,26
eng_Latn,567,4,40
eng_Latn,567,5,5
eng_Latn,567,6,61
eng_Latn,567,7,50
eng_Latn,567,8,24
eng_Latn,567,9,61
eng_Latn,567,10,48
eng_Latn,567,11,22
spa_Latn,568,0,60
spa_Latn,568,1,19
spa_Latn,568,2,8
spa_Latn,568,3,8
spa_Latn,568,4,23
spa_Latn,568,5,8
spa_Latn,568,6,52
spa_Latn,569,0,60
spa_Latn,569,1,8
spa_Latn,569,2,12
spa_Latn,569,3,47
spa_Latn,569,4,22
spa_Latn,570,0,60
spa_Latn,570,1,8
spa_Latn,570,2,19
spa_Latn,570,3,8
spa_Latn,570,4,8
spa_Latn,570,5,8
spa_Latn,570,6,8
spa_Latn,570,7,8
spa_Latn,570,8,46
spa_Latn,570,9,8
eng_Latn,571,0,60
eng_Latn,571,1,17
eng_Latn,571,2,45
eng_Latn,571,3,45
eng_Latn,571,4,41
eng_Latn,571,5,29
eng_Latn,571,6,18
eng_Latn,571,7,18
eng_Latn,571,8,18
eng_Latn,571,9,16
spa_Latn,572,0,60
spa_Latn,572,1,58
spa_Latn,572,2,19
spa_Latn,572,3,40
spa_Latn,572,4,1
spa_Latn,572,5,13
spa_Latn,573,0,60
spa_Latn,573,1,19
spa_Latn,573,2,40
spa_Latn,573,3,8
spa_Latn,573,4,61
spa_Latn,573,5,8
spa_Latn,573,6,8
spa_Latn,573,7,40
eng_Latn,574,0,60
eng_Latn,574,1,42
eng_Latn,574,2,19
eng_Latn,574,3,22
spa_Latn,575,0,60
spa_Latn,575,1,8
spa_Latn,575,2,31
spa_Latn,575,3,8
spa_Latn,575,4,34
spa_Latn,575,5,53
spa_Latn,575,6,8
spa_Latn,575,7,7
spa_Latn,575,8,34
spa_Latn,575,9,28
spa_Latn,575,10,39
spa_Latn,575,11,8
spa_Latn,575,12,8
eng_Latn,576,0,60
eng_Latn,576,1,22
eng_Latn,576,2,41
eng_Latn,576,3,34
spa_Latn,577,0,60
spa_Latn,577,1,47
spa_Latn,577,2,52
spa_Latn,577,3,52
spa_Latn,577,4,52
spa_Latn,577,5,52
spa_Latn,577,6,51
spa_Latn,577,7,37
spa_Latn,577,8,47
spa_Latn,577,9,52
spa_Latn,577,10,47
spa_Latn,577,11,8
spa_Latn,577,12,8
spa_Latn,577,13,61
spa_Latn,577,14,8
spa_Latn,578,0,60
spa_Latn,578,1,31
spa_Latn,578,2,19
spa_Latn,578,3,39
spa_Latn,578,4,34
spa_Latn,578,5,53
spa_Latn,578,6,8
spa_Latn,578,7,61
spa_Latn,578,8,47
spa_Latn,578,9,19
spa_Latn,578,10,8
spa_Latn,578,11,8
spa_Latn,578,12,8
spa_Latn,578,13,19
spa_Latn,578,14,8
spa_Latn,579,0,60
spa_Latn,579,1,52
spa_Latn,579,2,19
spa_Latn,579,3,52
spa_Latn,580,0,60
spa_Latn,580,1,8
spa_Latn,580,2,51
spa_Latn,580,3,1
spa_Latn,580,4,8
spa_Latn,580,5,61
spa_Latn,580,6,15
spa_Latn,580,7,8
spa_Latn,580,8,8
spa_Latn,580,9,61
spa_Latn,580,10,19
spa_Latn,580,11,8
spa_Latn,580,12,8
spa_Latn,580,13,8
spa_Latn,580,14,61
spa_Latn,580,15,8
eng_Latn,581,0,60
eng_Latn,581,1,46
eng_Latn,581,2,57
eng_Latn,581,3,34
spa_Latn,582,0,60
spa_Latn,582,1,19
spa_Latn,582,2,39
spa_Latn,582,3,15
spa_Latn,582,4,8
spa_Latn,582,5,29
spa_Latn,582,6,40
spa_Latn,582,7,7
spa_Latn,582,8,14
spa_Latn,582,9,40
spa_Latn,582,10,40
spa_Latn,582,11,60
spa_Latn,583,0,60
spa_Latn,583,1,8
spa_Latn,584,0,60
spa_Latn,584,1,19
spa_Latn,584,2,8
spa_Latn,584,3,19
spa_Latn,584,4,15
spa_Latn,584,5,8
spa_Latn,584,6,19
spa_Latn,584,7,8
eng_Latn,585,0,60
eng_Latn,585,1,19
eng_Latn,585,2,40
eng_Latn,585,3,49
spa_Latn,586,0,60
spa_Latn,586,1,24
spa_Latn,586,2,39
spa_Latn,586,3,19
spa_Latn,586,4,19
spa_Latn,586,5,8
spa_Latn,586,6,19
spa_Latn,586,7,8
spa_Latn,586,8,39
spa_Latn,586,9,8
spa_Latn,586,10,8
spa_Latn,586,11,47
spa_Latn,586,12,47
spa_Latn,586,13,8
spa_Latn,587,0,60
spa_Latn,587,1,8
spa_Latn,587,2,19
spa_Latn,587,3,39
spa_Latn,587,4,8
spa_Latn,588,0,60
spa_Latn,588,1,19
spa_Latn,588,2,39
spa_Latn,588,3,8
spa_Latn,588,4,8
spa_Latn,588,5,8
spa_Latn,588,6,39
spa_Latn,588,7,8
spa_Latn,588,8,19
spa_Latn,588,9,8
spa_Latn,588,10,8
spa_Latn,588,11,3
spa_Latn,588,12,47
spa_Latn,589,0,60
spa_Latn,589,1,16
spa_Latn,589,2,10
spa_Latn,589,3,8
spa_Latn,589,4,39
spa_Latn,589,5,34
eng_Latn,590,0,60
eng_Latn,590,1,1
eng_Latn,590,2,37
eng_Latn,590,3,37
eng_Latn,590,4,37
eng_Latn,590,5,49
eng_Latn,591,0,60
eng_Latn,591,1,49
eng_Latn,591,2,61
eng_Latn,591,3,49
eng_Latn,591,4,9
eng_Latn,591,5,14
eng_Latn,591,6,18
eng_Latn,592,0,60
eng_Latn,592,1,22
eng_Latn,592,2,53
eng_Latn,592,3,46
eng_Latn,592,4,15
spa_Latn,593,0,60
spa_Latn,593,1,40
spa_Latn,593,2,8
spa_Latn,593,3,8
spa_Latn,593,4,19
spa_Latn,593,5,19
spa_Latn,593,6,8
spa_Latn,593,7,8
spa_Latn,593,8,8
spa_Latn,593,9,19
spa_Latn,593,10,19
spa_Latn,593,11,8
eng_Latn,594,0,60
eng_Latn,594,1,4
eng_Latn,594,2,56
eng_Latn,594,3,29
eng_Latn,594,4,51
spa_Latn,595,0,60
spa_Latn,595,1,19
spa_Latn,595,2,19
spa_Latn,595,3,39
spa_Latn,595,4,8
spa_Latn,595,5,8
spa_Latn,595,6,40
spa_Latn,595,7,8
spa_Latn,595,8,8
spa_Latn,595,9,8
spa_Latn,595,10,52
eng_Latn,596,0,60
eng_Latn,596,1,40
eng_Latn,596,2,19
eng_Latn,596,3,7
eng_Latn,596,4,52
eng_Latn,596,5,1
eng_Latn,596,6,52
eng_Latn,596,7,37
eng_Latn,596,8,1
eng_Latn,596,9,9
eng_Latn,596,10,1
spa_Latn,597,0,60
spa_Latn,597,1,19
spa_Latn,597,2,39
spa_Latn,597,3,39
spa_Latn,597,4,8
spa_Latn,597,5,19
spa_Latn,597,6,16
spa_Latn,597,7,8
spa_Latn,597,8,47
spa_Latn,597,9,19
spa_Latn,597,10,8
spa_Latn,597,11,8
spa_Latn,597,12,19
spa_Latn,597,13,52
spa_Latn,597,14,19
spa_Latn,597,15,8
eng_Latn,598,0,60
eng_Latn,598,1,19
eng_Latn,598,2,13
eng_Latn,598,3,54
eng_Latn,598,4,19
eng_Latn,598,5,13
spa_Latn,599,0,60
spa_Latn,599,1,19
spa_Latn,599,2,8
spa_Latn,599,3,1
spa_Latn,599,4,39
spa_Latn,599,5,8
spa_Latn,599,6,8
spa_Latn,599,7,61
spa_Latn,599,8,8
spa_Latn,599,9,19
spa_Latn,599,10,8
spa_Latn,599,11,8
spa_Latn,599,12,8
spa_Latn,599,13,39
spa_Latn,599,14,8
spa_Latn,599,15,8
eng_Latn,600,0,60
eng_Latn,600,1,48
eng_Latn,600,2,18
eng_Latn,600,3,56
eng_Latn,600,4,35
eng_Latn,600,5,46
eng_Latn,600,6,48
eng_Latn,600,7,54
spa_Latn,601,0,60
spa_Latn,601,1,22
spa_Latn,601,2,9
spa_Latn,601,3,9
spa_Latn,601,4,22
spa_Latn,601,5,34
spa_Latn,601,6,42
spa_Latn,601,7,22
spa_Latn,601,8,26
spa_Latn,601,9,26
spa_Latn,601,10,61
spa_Latn,601,11,26
spa_Latn,601,12,39
spa_Latn,601,13,24
spa_Latn,601,14,39
spa_Latn,601,15,47
spa_Latn,602,0,60
spa_Latn,602,1,8
spa_Latn,602,2,19
spa_Latn,602,3,8
eng_Latn,603,0,60
eng_Latn,603,1,33
eng_Latn,603,2,33
eng_Latn,603,3,33
eng_Latn,603,4,33
eng_Latn,603,5,33
eng_Latn,603,6,63
spa_Latn,604,0,60
spa_Latn,604,1,27
spa_Latn,604,2,8
spa_Latn,604,3,8
spa_Latn,604,4,7
spa_Latn,604,5,8
spa_Latn,604,6,3
spa_Latn,604,7,47
eng_Latn,605,0,60
eng_Latn,605,1,16
eng_Latn,605,2,59
eng_Latn,605,3,19
eng_Latn,605,4,17
eng_Latn,605,5,53
eng_Latn,605,6,46
spa_Latn,606,0,60
spa_Latn,606,1,61
spa_Latn,606,2,8
spa_Latn,606,3,8
spa_Latn,606,4,19
spa_Latn,606,5,39
spa_Latn,606,6,34
spa_Latn,606,7,8
spa_Latn,606,8,1
spa_Latn,606,9,8
spa_Latn,606,10,34
eng_Latn,607,0,60
eng_Latn,607,1,49
eng_Latn,607,2,40
eng_Latn,607,3,40
eng_Latn,607,4,49
eng_Latn,607,5,5
eng_Latn,607,6,49
spa_Latn,608,0,60
spa_Latn,608,1,12
spa_Latn,608,2,61
spa_Latn,608,3,22
spa_Latn,608,4,35
spa_Latn,608,5,8
spa_Latn,608,6,8
spa_Latn,608,7,17
spa_Latn,608,8,8
spa_Latn,608,9,8
spa_Latn,608,10,19
spa_Latn,608,11,8
eng_Latn,609,0,60
eng_Latn,609,1,22
eng_Latn,609,2,34
eng_Latn,609,3,22
eng_Latn,609,4,38
eng_Latn,609,5,34
eng_Latn,610,0,60
eng_Latn,610,1,45
eng_Latn,610,2,20
eng_Latn,610,3,0
eng_Latn,610,4,53
eng_Latn,610,5,41
eng_Latn,610,6,21
eng_Latn,610,7,51
spa_Latn,611,0,60
spa_Latn,611,1,58
spa_Latn,611,2,40
spa_Latn,611,3,49
spa_Latn,611,4,49
spa_Latn,611,5,24
spa_Latn,611,6,52
spa_Latn,611,7,1
spa_Latn,611,8,52
spa_Latn,611,9,50
spa_Latn,611,10,61
spa_Latn,611,11,49
spa_Latn,611,12,26
spa_Latn,611,13,49
spa_Latn,611,14,1
spa_Latn,611,15,52
eng_Latn,612,0,60
eng_Latn,612,1,13
eng_Latn,612,2,6
eng_Latn,612,3,9
eng_Latn,612,4,39
eng_Latn,612,5,40
eng_Latn,612,6,43
eng_Latn,612,7,37
eng_Latn,612,8,57
eng_Latn,612,9,52
eng_Latn,612,10,37
eng_Latn,612,11,52
eng_Latn,613,0,60
eng_Latn,613,1,56
eng_Latn,613,2,4
spa_Latn,614,0,60
spa_Latn,614,1,13
spa_Latn,614,2,49
spa_Latn,615,0,60
spa_Latn,615,1,19
spa_Latn,615,2,22
spa_Latn,615,3,8
spa_Latn,615,4,8
spa_Latn,615,5,39
spa_Latn,615,6,8
spa_Latn,615,7,8
spa_Latn,615,8,8
spa_Latn,615,9,37
eng_Latn,616,0,60
eng_Latn,616,1,56
eng_Latn,616,2,35
eng_Latn,616,3,56
eng_Latn,616,4,57
spa_Latn,617,0,60
spa_Latn,617,1,47
spa_Latn,617,2,39
spa_Latn,617,3,8
eng_Latn,618,0,60
eng_Latn,618,1,50
eng_Latn,618,2,51
eng_Latn,618,3,19
eng_Latn,618,4,19
eng_Latn,618,5,51
eng_Latn,618,6,5
eng_Latn,618,7,19
eng_Latn,618,8,0
eng_Latn,618,9,0
eng_Latn,618,10,8
eng_Latn,618,11,57
eng_Latn,619,0,60
eng_Latn,619,1,22
eng_Latn,619,2,42
eng_Latn,619,3,26
eng_Latn,619,4,14
eng_Latn,619,5,40
eng_Latn,619,6,33
eng_Latn,619,7,40
eng_Latn,619,8,33
eng_Latn,620,0,60
eng_Latn,620,1,53
eng_Latn,620,2,37
eng_Latn,620,3,40
eng_Latn,620,4,40
eng_Latn,620,5,49
eng_Latn,620,6,53
eng_Latn,620,7,40
eng_Latn,620,8,5
eng_Latn,620,9,49
spa_Latn,621,0,60
spa_Latn,621,1,19
spa_Latn,621,2,8
spa_Latn,621,3,19
spa_Latn,621,4,8
spa_Latn,621,5,39
spa_Latn,621,6,16
spa_Latn,621,7,8
spa_Latn,621,8,8
spa_Latn,621,9,52
spa_Latn,622,0,60
spa_Latn,622,1,19
spa_Latn,622,2,8
spa_Latn,622,3,8
spa_Latn,622,4,19
spa_Latn,622,5,19
spa_Latn,622,6,15
spa_Latn,622,7,26
spa_Latn,622,8,8
spa_Latn,622,9,8
spa_Latn,622,10,1
spa_Latn,622,11,8
eng_Latn,623,0,60
eng_Latn,623,1,9
eng_Latn,623,2,22
eng_Latn,623,3,35
eng_Latn,623,4,15
eng_Latn,623,5,33
eng_Latn,623,6,33
eng_Latn,623,7,57
eng_Latn,624,0,60
eng_Latn,624,1,39
eng_Latn,624,2,5
eng_Latn,624,3,35
eng_Latn,624,4,18
eng_Latn,624,5,14
eng_Latn,624,6,18
eng_Latn,624,7,14
eng_Latn,624,8,14
eng_Latn,624,9,47
eng_Latn,625,0,60
eng_Latn,625,1,34
eng_Latn,625,2,63
eng_Latn,625,3,31
eng_Latn,625,4,53
eng_Latn,625,5,22
eng_Latn,625,6,12
eng_Latn,625,7,47
eng_Latn,625,8,40
eng_Latn,625,9,40
spa_Latn,626,0,60
spa_Latn,626,1,8
spa_Latn,626,2,8
spa_Latn,626,3,19
spa_Latn,626,4,14
spa_Latn,626,5,8
spa_Latn,626,6,47
spa_Latn,626,7,19
spa_Latn,626,8,14
spa_Latn,626,9,7
spa_Latn,626,10,7
spa_Latn,627,0,60
spa_Latn,627,1,19
spa_Latn,627,2,19
spa_Latn,627,3,8
spa_Latn,627,4,56
spa_Latn,627,5,8
spa_Latn,627,6,52
spa_Latn,627,7,19
spa_Latn,627,8,57
spa_Latn,627,9,1
spa_Latn,627,10,52
eng_Latn,628,0,60
eng_Latn,628,1,56
eng_Latn,628,2,51
eng_Latn,628,3,46
eng_Latn,628,4,51
eng_Latn,628,5,54
eng_Latn,628,6,2
eng_Latn,628,7,49
eng_Latn,628,8,19
eng_Latn,628,9,47
eng_Latn,628,10,21
spa_Latn,629,0,60
spa_Latn,629,1,61
spa_Latn,629,2,8
spa_Latn,629,3,8
spa_Latn,629,4,8
eng_Latn,630,0,60
eng_Latn,630,1,9
eng_Latn,630,2,22
eng_Latn,630,3,20
eng_Latn,630,4,38
eng_Latn,630,5,10
eng_Latn,630,6,4
eng_Latn,630,7,29
eng_Latn,630,8,34
eng_Latn,631,0,60
eng_Latn,631,1,49
eng_Latn,631,2,40
eng_Latn,631,3,49
eng_Latn,631,4,37
eng_Latn,631,5,37
eng_Latn,631,6,57
eng_Latn,632,0,60
eng_Latn,632,1,52
eng_Latn,632,2,61
eng_Latn,632,3,19
eng_Latn,632,4,9
eng_Latn,632,5,26
eng_Latn,632,6,59
eng_Latn,632,7,57
eng_Latn,632,8,19
eng_Latn,632,9,48
eng_Latn,632,10,37
eng_Latn,632,11,37
eng_Latn,632,12,57
eng_Latn,633,0,60
eng_Latn,633,1,46
eng_Latn,633,2,51
eng_Latn,633,3,63
eng_Latn,633,4,14
eng_Latn,633,5,49
eng_Latn,633,6,9
eng_Latn,633,7,14
eng_Latn,633,8,1
eng_Latn,633,9,52
eng_Latn,634,0,60
eng_Latn,634,1,9
eng_Latn,634,2,29
eng_Latn,634,3,52
eng_Latn,634,4,29
eng_Latn,634,5,34
spa_Latn,635,0,60
spa_Latn,635,1,19
spa_Latn,635,2,57
spa_Latn,635,3,8
spa_Latn,635,4,47
spa_Latn,635,5,8
eng_Latn,636,0,60
eng_Latn,636,1,18
eng_Latn,636,2,16
eng_Latn,636,3,38
eng_Latn,636,4,46
eng_Latn,636,5,20
eng_Latn,636,6,38
eng_Latn,636,7,15
spa_Latn,637,0,60
spa_Latn,637,1,27
spa_Latn,637,2,8
spa_Latn,637,3,8
spa_Latn,637,4,8
spa_Latn,637,5,1
spa_Latn,637,6,19
spa_Latn,637,7,22
spa_Latn,637,8,8
spa_Latn,638,0,60
spa_Latn,638,1,61
spa_Latn,638,2,17
spa_Latn,638,3,17
spa_Latn,638,4,39
spa_Latn,638,5,8
spa_Latn,638,6,8
spa_Latn,638,7,8
spa_Latn,638,8,8
spa_Latn,639,0,60
spa_Latn,639,1,8
spa_Latn,639,2,8
spa_Latn,639,3,8
spa_Latn,639,4,8
eng_Latn,640,0,60
eng_Latn,640,1,9
eng_Latn,640,2,9
eng_Latn,640,3,56
eng_Latn,640,4,38
eng_Latn,640,5,35
eng_Latn,640,6,46
eng_Latn,641,0,60
eng_Latn,641,1,40
eng_Latn,641,2,46
eng_Latn,641,3,18
eng_Latn,642,0,60
eng_Latn,642,1,9
eng_Latn,642,2,17
eng_Latn,642,3,21
eng_Latn,642,4,51
spa_Latn,643,0,60
spa_Latn,643,1,39
spa_Latn,643,2,29
spa_Latn,643,3,8
spa_Latn,643,4,8
spa_Latn,643,5,23
spa_Latn,643,6,8
spa_Latn,643,7,8
spa_Latn,643,8,49
spa_Latn,643,9,26
spa_Latn,643,10,19
spa_Latn,643,11,8
spa_Latn,644,0,60
spa_Latn,644,1,16
spa_Latn,644,2,17
spa_Latn,644,3,8
spa_Latn,645,0,60
spa_Latn,645,1,61
spa_Latn,645,2,8
spa_Latn,645,3,8
spa_Latn,645,4,52
spa_Latn,645,5,1
spa_Latn,645,6,52
spa_Latn,645,7,34
spa_Latn,646,0,60
spa_Latn,646,1,19
spa_Latn,646,2,8
spa_Latn,646,3,23
spa_Latn,646,4,54
spa_Latn,646,5,8
spa_Latn,646,6,19
spa_Latn,646,7,8
spa_Latn,647,0,60
spa_Latn,647,1,47
spa_Latn,647,2,49
spa_Latn,647,3,24
spa_Latn,647,4,1
spa_Latn,647,5,49
spa_Latn,647,6,24
spa_Latn,647,7,27
spa_Latn,647,8,58
spa_Latn,647,9,58
spa_Latn,647,10,9
spa_Latn,647,11,19
spa_Latn,647,12,11
spa_Latn,647,13,40
spa_Latn,647,14,26
spa_Latn,647,15,26
spa_Latn,647,16,26
spa_Latn,647,17,49
spa_Latn,648,0,60
spa_Latn,648,1,19
spa_Latn,648,2,8
spa_Latn,648,3,8
spa_Latn,648,4,47
spa_Latn,648,5,47
spa_Latn,648,6,8
spa_Latn,648,7,8
spa_Latn,648,8,8
spa_Latn,648,9,2
spa_Latn,648,10,8
spa_Latn,648,11,37
spa_Latn,648,12,27
spa_Latn,648,13,40
spa_Latn,648,14,40
spa_Latn,649,0,60
spa_Latn,649,1,17
spa_Latn,649,2,19
spa_Latn,649,3,8
spa_Latn,649,4,8
spa_Latn,650,0,60
spa_Latn,650,1,54
spa_Latn,650,2,8
spa_Latn,650,3,19
spa_Latn,650,4,8
spa_Latn,650,5,52
eng_Latn,651,0,60
eng_Latn,651,1,7
eng_Latn,651,2,11
eng_Latn,651,3,53
eng_Latn,651,4,16
eng_Latn,651,5,6
eng_Latn,651,6,15
eng_Latn,651,7,45
eng_Latn,651,8,63
eng_Latn,652,0,60
eng_Latn,652,1,9
eng_Latn,652,2,19
eng_Latn,652,3,22
eng_Latn,652,4,22
spa_Latn,653,0,60
spa_Latn,653,1,6
spa_Latn,654,0,60
spa_Latn,654,1,19
spa_Latn,654,2,8
spa_Latn,654,3,24
spa_Latn,654,4,7
spa_Latn,654,5,47
spa_Latn,654,6,13
spa_Latn,654,7,19
spa_Latn,654,8,47
spa_Latn,654,9,7
spa_Latn,654,10,13
spa_Latn,654,11,13
spa_Latn,654,12,52
spa_Latn,654,13,52
spa_Latn,654,14,37
spa_Latn,654,15,37
eng_Latn,655,0,60
eng_Latn,655,1,33
eng_Latn,655,2,10
eng_Latn,655,3,56
eng_Latn,655,4,44
spa_Latn,656,0,60
spa_Latn,656,1,8
spa_Latn,656,2,8
spa_Latn,656,3,8
spa_Latn,656,4,19
spa_Latn,656,5,19
spa_Latn,656,6,8
spa_Latn,656,7,30
spa_Latn,656,8,19
spa_Latn,656,9,8
spa_Latn,656,10,8
spa_Latn,656,11,1
spa_Latn,656,12,8
spa_Latn,656,13,8
eng_Latn,657,0,60
eng_Latn,657,1,4
eng_Latn,657,2,56
eng_Latn,657,3,21
eng_Latn,657,4,16
eng_Latn,657,5,20
eng_Latn,657,6,8
spa_Latn,658,0,60
spa_Latn,658,1,19
spa_Latn,658,2,61
spa_Latn,658,3,19
spa_Latn,658,4,8
spa_Latn,658,5,8
spa_Latn,659,0,60
spa_Latn,659,1,19
spa_Latn,659,2,1
spa_Latn,659,3,8
spa_Latn,659,4,19
spa_Latn,659,5,10
spa_Latn,659,6,8
spa_Latn,659,7,8
spa_Latn,659,8,8
spa_Latn,659,9,19
spa_Latn,659,10,8
eng_Latn,660,0,60
eng_Latn,660,1,42
eng_Latn,660,2,19
eng_Latn,660,3,22
eng_Latn,660,4,26
eng_Latn,660,5,26
eng_Latn,660,6,60
eng_Latn,660,7,9
eng_Latn,660,8,26
eng_Latn,660,9,8
eng_Latn,661,0,60
eng_Latn,661,1,35
eng_Latn,661,2,4
eng_Latn,661,3,18
eng_Latn,661,4,63
eng_Latn,661,5,56
eng_Latn,661,6,52
eng_Latn,661,7,52
eng_Latn,661,8,21
eng_Latn,661,9,21
eng_Latn,661,10,4
spa_Latn,662,0,60
spa_Latn,662,1,8
spa_Latn,662,2,8
spa_Latn,662,3,8
spa_Latn,662,4,47
spa_Latn,662,5,47
spa_Latn,662,6,10
spa_Latn,662,7,8
spa_Latn,662,8,19
spa_Latn,662,9,39
spa_Latn,662,10,16
spa_Latn,663,0,60
spa_Latn,663,1,11
spa_Latn,663,2,47
spa_Latn,663,3,19
spa_Latn,663,4,8
spa_Latn,663,5,51
spa_Latn,663,6,49
eng_Latn,664,0,60
eng_Latn,664,1,19
eng_Latn,664,2,49
eng_Latn,664,3,53
eng_Latn,664,4,53
eng_Latn,664,5,1
eng_Latn,664,6,1
eng_Latn,664,7,52
eng_Latn,665,0,60
eng_Latn,665,1,50
eng_Latn,665,2,48
eng_Latn,665,3,20
eng_Latn,665,4,48
eng_Latn,665,5,48
eng_Latn,665,6,56
eng_Latn,665,7,35
eng_Latn,665,8,44
spa_Latn,666,0,60
spa_Latn,666,1,54
spa_Latn,666,2,8
spa_Latn,666,3,19
spa_Latn,666,4,8
spa_Latn,666,5,27
spa_Latn,666,6,40
spa_Latn,666,7,49
spa_Latn,666,8,8
spa_Latn,666,9,9
spa_Latn,666,10,11
spa_Latn,666,11,47
spa_Latn,666,12,47
spa_Latn,666,13,8
eng_Latn,667,0,60
eng_Latn,667,1,46
eng_Latn,667,2,56
eng_Latn,667,3,21
spa_Latn,668,0,60
spa_Latn,668,1,9
spa_Latn,668,2,26
spa_Latn,668,3,19
spa_Latn,668,4,49
spa_Latn,668,5,26
spa_Latn,668,6,26
spa_Latn,668,7,49
spa_Latn,668,8,8
spa_Latn,668,9,12
spa_Latn,668,10,61
spa_Latn,668,11,39
spa_Latn,668,12,8
spa_Latn,668,13,40
spa_Latn,668,14,49
spa_Latn,669,0,60
spa_Latn,669,1,8
spa_Latn,669,2,19
spa_Latn,669,3,8
spa_Latn,669,4,53
spa_Latn,669,5,27
spa_Latn,669,6,23
spa_Latn,669,7,19
spa_Latn,669,8,47
spa_Latn,669,9,63
spa_Latn,670,0,60
spa_Latn,670,1,8
spa_Latn,670,2,12
spa_Latn,670,3,22
spa_Latn,670,4,40
spa_Latn,670,5,47
spa_Latn,670,6,49
spa_Latn,670,7,19
spa_Latn,670,8,39
spa_Latn,670,9,49
spa_Latn,670,10,42
spa_Latn,670,11,9
spa_Latn,670,12,58
spa_Latn,670,13,39
spa_Latn,670,14,61
eng_Latn,671,0,60
eng_Latn,671,1,39
eng_Latn,671,2,47
eng_Latn,671,3,34
eng_Latn,672,0,60
eng_Latn,672,1,1
eng_Latn,672,2,9
eng_Latn,672,3,12
eng_Latn,672,4,63
eng_Latn,672,5,60
eng_Latn,672,6,49
eng_Latn,673,0,60
eng_Latn,673,1,19
eng_Latn,673,2,56
eng_Latn,673,3,57
spa_Latn,674,0,60
spa_Latn,674,1,1
spa_Latn,674,2,19
spa_Latn,674,3,47
spa_Latn,674,4,39
spa_Latn,674,5,40
eng_Latn,675,0,60
eng_Latn,675,1,22
eng_Latn,675,2,26
eng_Latn,675,3,26
spa_Latn,676,0,60
spa_Latn,676,1,19
spa_Latn,676,2,8
spa_Latn,676,3,8
spa_Latn,676,4,8
spa_Latn,676,5,8
spa_Latn,676,6,8
spa_Latn,676,7,8
spa_Latn,676,8,19
spa_Latn,676,9,39
spa_Latn,676,10,16
spa_Latn,676,11,8
spa_Latn,676,12,39
spa_Latn,676,13,15
spa_Latn,677,0,60
spa_Latn,677,1,8
spa_Latn,677,2,19
spa_Latn,677,3,34
spa_Latn,677,4,8
spa_Latn,677,5,8
spa_Latn,677,6,8
spa_Latn,677,7,1
spa_Latn,677,8,19
spa_Latn,677,9,39
spa_Latn,677,10,8
eng_Latn,678,0,60
eng_Latn,678,1,8
eng_Latn,678,2,8
eng_Latn,678,3,24
eng_Latn,678,4,47
eng_Latn,678,5,19
eng_Latn,678,6,37
eng_Latn,678,7,8
eng_Latn,678,8,19
eng_Latn,678,9,19
eng_Latn,678,10,8
eng_Latn,678,11,8
eng_Latn,678,12,54
eng_Latn,678,13,35
eng_Latn,678,14,46
eng_Latn,679,0,60
eng_Latn,679,1,9
eng_Latn,679,2,56
eng_Latn,679,3,54
eng_Latn,679,4,50
eng_Latn,679,5,20
eng_Latn,679,6,57
eng_Latn,679,7,41
eng_Latn,680,0,60
eng_Latn,680,1,52
eng_Latn,680,2,18
eng_Latn,680,3,16
eng_Latn,680,4,18
eng_Latn,680,5,16
eng_Latn,680,6,34
eng_Latn,680,7,56
eng_Latn,680,8,33
eng_Latn,680,9,26
eng_Latn,680,10,40
eng_Latn,680,11,13
eng_Latn,681,0,60
eng_Latn,681,1,40
eng_Latn,681,2,61
eng_Latn,681,3,56
eng_Latn,681,4,22
eng_Latn,681,5,22
eng_Latn,681,6,12
eng_Latn,681,7,40
eng_Latn,681,8,47
eng_Latn,681,9,40
eng_Latn,681,10,61
eng_Latn,681,11,49
spa_Latn,682,0,60
spa_Latn,682,1,26
spa_Latn,682,2,8
spa_Latn,682,3,8
spa_Latn,682,4,47
spa_Latn,682,5,34
spa_Latn,683,0,60
spa_Latn,683,1,60
spa_Latn,683,2,13
spa_Latn,683,3,27
spa_Latn,683,4,1
spa_Latn,683,5,13
spa_Latn,684,0,60
spa_Latn,684,1,39
spa_Latn,684,2,19
spa_Latn,684,3,8
spa_Latn,684,4,8
eng_Latn,685,0,60
eng_Latn,685,1,4
eng_Latn,685,2,4
eng_Latn,685,3,20
eng_Latn,685,4,35
eng_Latn,685,5,57
eng_Latn,685,6,15
eng_Latn,685,7,1
eng_Latn,685,8,52
spa_Latn,686,0,60
spa_Latn,686,1,13
spa_Latn,686,2,13
spa_Latn,686,3,12
spa_Latn,686,4,19
spa_Latn,686,5,22
spa_Latn,686,6,22
spa_Latn,686,7,8
spa_Latn,686,8,19
spa_Latn,686,9,34
spa_Latn,686,10,8
spa_Latn,686,11,8
spa_Latn,686,12,19
spa_Latn,686,13,19
spa_Latn,686,14,39
spa_Latn,686,15,34
eng_Latn,687,0,60
eng_Latn,687,1,18
eng_Latn,687,2,18
eng_Latn,687,3,39
eng_Latn,687,4,19
eng_Latn,687,5,63
eng_Latn,687,6,5
eng_Latn,687,7,26
eng_Latn,687,8,26
eng_Latn,687,9,27
eng_Latn,687,10,26
eng_Latn,687,11,27
eng_Latn,687,12,26
eng_Latn,687,13,5
eng_Latn,687,14,14
eng_Latn,687,15,26
spa_Latn,688,0,60
spa_Latn,688,1,19
spa_Latn,688,2,8
spa_Latn,688,3,6
spa_Latn,688,4,19
spa_Latn,688,5,8
spa_Latn,688,6,6
spa_Latn,688,7,6
spa_Latn,688,8,8
spa_Latn,688,9,19
spa_Latn,688,10,47
spa_Latn,688,11,19
spa_Latn,688,12,8
spa_Latn,689,0,60
spa_Latn,689,1,19
spa_Latn,689,2,27
spa_Latn,689,3,27
spa_Latn,689,4,8
spa_Latn,689,5,19
spa_Latn,689,6,8
spa_Latn,689,7,61
spa_Latn,689,8,19
spa_Latn,689,9,8
spa_Latn,689,10,47
spa_Latn,689,11,8
spa_Latn,689,12,53
spa_Latn,689,13,8
spa_Latn,689,14,57
spa_Latn,689,15,8
spa_Latn,690,0,60
spa_Latn,690,1,19
spa_Latn,690,2,8
spa_Latn,690,3,8
spa_Latn,690,4,47
spa_Latn,690,5,8
spa_Latn,690,6,23
spa_Latn,690,7,8
spa_Latn,690,8,8
spa_Latn,690,9,19
spa_Latn,690,10,47
spa_Latn,690,11,8
spa_Latn,690,12,8
spa_Latn,690,13,52
spa_Latn,691,0,60
spa_Latn,691,1,8
spa_Latn,691,2,51
spa_Latn,691,3,61
spa_Latn,691,4,19
spa_Latn,691,5,8
spa_Latn,691,6,8
spa_Latn,691,7,56
spa_Latn,691,8,19
spa_Latn,691,9,8
spa_Latn,691,10,19
spa_Latn,691,11,19
spa_Latn,691,12,16
spa_Latn,691,13,8
spa_Latn,691,14,8
eng_Latn,692,0,60
eng_Latn,692,1,17
eng_Latn,692,2,9
eng_Latn,692,3,56
eng_Latn,692,4,54
eng_Latn,692,5,38
eng_Latn,692,6,46
eng_Latn,692,7,56
eng_Latn,692,8,56
eng_Latn,692,9,4
eng_Latn,692,10,18
eng_Latn,692,11,50
eng_Latn,692,12,16
eng_Latn,693,0,60
eng_Latn,693,1,40
eng_Latn,693,2,56
eng_Latn,693,3,56
eng_Latn,693,4,53
eng_Latn,693,5,57
eng_Latn,693,6,51
spa_Latn,694,0,60
spa_Latn,694,1,47
spa_Latn,694,2,8
spa_Latn,694,3,8
spa_Latn,694,4,8
spa_Latn,694,5,8
spa_Latn,694,6,19
spa_Latn,694,7,14
spa_Latn,694,8,14
spa_Latn,694,9,5
spa_Latn,694,10,27
spa_Latn,694,11,49
spa_Latn,694,12,61
spa_Latn,695,0,60
spa_Latn,695,1,40
spa_Latn,695,2,8
spa_Latn,695,3,35
spa_Latn,695,4,19
spa_Latn,695,5,19
spa_Latn,695,6,8
spa_Latn,696,0,60
spa_Latn,696,1,49
spa_Latn,696,2,5
spa_Latn,696,3,61
spa_Latn,696,4,47
spa_Latn,696,5,49
spa_Latn,696,6,61
spa_Latn,696,7,50
spa_Latn,696,8,61
spa_Latn,696,9,8
spa_Latn,696,10,52
spa_Latn,697,0,60
spa_Latn,697,1,47
spa_Latn,697,2,8
spa_Latn,697,3,8
spa_Latn,697,4,8
spa_Latn,697,5,9
spa_Latn,698,0,60
spa_Latn,698,1,23
spa_Latn,698,2,8
spa_Latn,698,3,8
spa_Latn,698,4,46
spa_Latn,698,5,8
spa_Latn,698,6,8
spa_Latn,698,7,19
spa_Latn,698,8,8
spa_Latn,698,9,19
spa_Latn,698,10,8
eng_Latn,699,0,60
eng_Latn,699,1,9
eng_Latn,699,2,56
eng_Latn,699,3,41
eng_Latn,699,4,17
eng_Latn,699,5,20
eng_Latn,699,6,57
eng_Latn,699,7,15
eng_Latn,699,8,16
eng_Latn,699,9,8
eng_Latn,699,10,8
eng_Latn,699,11,15
spa_Latn,700,0,60
spa_Latn,700,1,19
spa_Latn,700,2,39
spa_Latn,700,3,16
spa_Latn,700,4,8
spa_Latn,700,5,1
spa_Latn,700,6,39
spa_Latn,700,7,8
eng_Latn,701,0,60
eng_Latn,701,1,18
eng_Latn,701,2,18
eng_Latn,701,3,29
eng_Latn,701,4,51
eng_Latn,701,5,52
eng_Latn,701,6,49
eng_Latn,702,0,60
eng_Latn,702,1,48
eng_Latn,702,2,18
eng_Latn,702,3,18
eng_Latn,702,4,63
eng_Latn,702,5,30
eng_Latn,702,6,30
eng_Latn,702,7,33
eng_Latn,703,0,60
eng_Latn,703,1,48
eng_Latn,703,2,56
eng_Latn,703,3,63
eng_Latn,703,4,58
eng_Latn,703,5,58
eng_Latn,703,6,58
eng_Latn,703,7,6
spa_Latn,704,0,60
spa_Latn,704,1,7
spa_Latn,704,2,7
spa_Latn,704,3,63
spa_Latn,704,4,11
spa_Latn,704,5,11
spa_Latn,704,6,11
spa_Latn,704,7,47
spa_Latn,704,8,39
spa_Latn,704,9,19
spa_Latn,704,10,8
spa_Latn,704,11,8
spa_Latn,704,12,19
spa_Latn,704,13,8
spa_Latn,705,0,60
spa_Latn,705,1,39
spa_Latn,705,2,8
spa_Latn,705,3,8
spa_Latn,705,4,8
eng_Latn,706,0,60
eng_Latn,706,1,22
eng_Latn,706,2,34
eng_Latn,706,3,42
eng_Latn,706,4,18
eng_Latn,706,5,41
eng_Latn,706,6,41
eng_Latn,706,7,35
eng_Latn,706,8,19
eng_Latn,706,9,46
eng_Latn,706,10,34
eng_Latn,707,0,60
eng_Latn,707,1,37
eng_Latn,707,2,52
eng_Latn,707,3,26
eng_Latn,707,4,39
eng_Latn,707,5,19
eng_Latn,707,6,19
eng_Latn,707,7,49
eng_Latn,707,8,12
eng_Latn,707,9,26
eng_Latn,707,10,61
eng_Latn,707,11,7
spa_Latn,708,0,60
spa_Latn,708,1,19
spa_Latn,708,2,8
spa_Latn,708,3,8
spa_Latn,708,4,1
spa_Latn,708,5,39
spa_Latn,708,6,8
spa_Latn,708,7,8
spa_Latn,708,8,19
spa_Latn,708,9,39
spa_Latn,708,10,8
spa_Latn,709,0,60
spa_Latn,709,1,19
spa_Latn,709,2,52
spa_Latn,709,3,19
spa_Latn,709,4,57
spa_Latn,709,5,8
spa_Latn,709,6,54
spa_Latn,709,7,8
spa_Latn,709,8,1
spa_Latn,709,9,8
spa_Latn,709,10,2
eng_Latn,710,0,60
eng_Latn,710,1,22
eng_Latn,710,2,26
eng_Latn,710,3,49
eng_Latn,710,4,26
eng_Latn,710,5,26
eng_Latn,710,6,26
eng_Latn,710,7,49
eng_Latn,711,0,60
eng_Latn,711,1,57
eng_Latn,711,2,57
eng_Latn,711,3,20
eng_Latn,711,4,56
eng_Latn,711,5,16
eng_Latn,711,6,14
eng_Latn,711,7,35
eng_Latn,711,8,63
spa_Latn,712,0,60
spa_Latn,712,1,19
spa_Latn,712,2,8
spa_Latn,712,3,19
spa_Latn,712,4,39
spa_Latn,712,5,19
spa_Latn,712,6,8
spa_Latn,712,7,33
spa_Latn,712,8,1
spa_Latn,712,9,8
spa_Latn,712,10,8
spa_Latn,712,11,8
spa_Latn,712,12,40
spa_Latn,712,13,62
eng_Latn,713,0,60
eng_Latn,713,1,29
eng_Latn,713,2,34
eng_Latn,713,3,35
eng_Latn,713,4,34
spa_Latn,714,0,60
spa_Latn,714,1,19
spa_Latn,714,2,34
spa_Latn,714,3,42
spa_Latn,714,4,27
spa_Latn,714,5,27
spa_Latn,714,6,51
spa_Latn,714,7,8
spa_Latn,714,8,19
spa_Latn,714,9,34
spa_Latn,714,10,8
spa_Latn,714,11,8
spa_Latn,714,12,47
spa_Latn,714,13,34
eng_Latn,715,0,60
eng_Latn,715,1,26
eng_Latn,715,2,30
eng_Latn,715,3,46
eng_Latn,715,4,15
spa_Latn,716,0,60
spa_Latn,716,1,47
spa_Latn,716,2,39
spa_Latn,716,3,11
spa_Latn,716,4,36
spa_Latn,717,0,60
spa_Latn,717,1,1
spa_Latn,717,2,8
spa_Latn,717,3,22
spa_Latn,717,4,9
spa_Latn,717,5,9
spa_Latn,717,6,61
spa_Latn,717,7,8
spa_Latn,717,8,37
spa_Latn,717,9,47
spa_Latn,717,10,34
eng_Latn,718,0,60
eng_Latn,718,1,35
eng_Latn,718,2,35
eng_Latn,718,3,48
eng_Latn,718,4,48
eng_Latn,718,5,12
eng_Latn,718,6,37
eng_Latn,718,7,37
eng_Latn,718,8,37
eng_Latn,719,0,60
eng_Latn,719,1,22
eng_Latn,719,2,34
eng_Latn,719,3,22
eng_Latn,719,4,22
eng_Latn,719,5,37
eng_Latn,719,6,63
eng_Latn,719,7,34
eng_Latn,719,8,24
eng_Latn,719,9,7
eng_Latn,719,10,60
spa_Latn,720,0,60
spa_Latn,720,1,36
spa_Latn,720,2,13
spa_Latn,721,0,60
spa_Latn,721,1,19
spa_Latn,721,2,8
spa_Latn,721,3,19
spa_Latn,721,4,8
spa_Latn,721,5,5
spa_Latn,721,6,27
spa_Latn,721,7,47
spa_Latn,721,8,8
spa_Latn,721,9,5
spa_Latn,721,10,3
spa_Latn,721,11,19
eng_Latn,722,0,60
eng_Latn,722,1,54
eng_Latn,722,2,15
eng_Latn,722,3,53
eng_Latn,722,4,41
eng_Latn,722,5,17
eng_Latn,723,0,60
eng_Latn,723,1,38
eng_Latn,723,2,18
eng_Latn,723,3,41
eng_Latn,723,4,44
eng_Latn,723,5,44
eng_Latn,723,6,46
eng_Latn,724,0,60
eng_Latn,724,1,46
eng_Latn,724,2,56
eng_Latn,724,3,16
eng_Latn,724,4,20
eng_Latn,724,5,14
eng_Latn,724,6,47
spa_Latn,725,0,60
spa_Latn,725,1,19
spa_Latn,725,2,56
spa_Latn,725,3,24
spa_Latn,725,4,24
spa_Latn,725,5,39
spa_Latn,725,6,19
spa_Latn,725,7,8
spa_Latn,726,0,60
spa_Latn,726,1,8
spa_Latn,726,2,8
spa_Latn,726,3,8
spa_Latn,726,4,10
spa_Latn,726,5,8
spa_Latn,726,6,61
spa_Latn,726,7,8
spa_Latn,726,8,8
spa_Latn,726,9,19
spa_Latn,726,10,19
spa_Latn,726,11,8
spa_Latn,727,0,60
spa_Latn,727,1,27
spa_Latn,727,2,27
spa_Latn,727,3,8
spa_Latn,727,4,8
spa_Latn,727,5,19
spa_Latn,727,6,8
spa_Latn,727,7,3
spa_Latn,727,8,19
spa_Latn,727,9,14
spa_Latn,728,0,60
spa_Latn,728,1,39
spa_Latn,728,2,7
spa_Latn,728,3,8
spa_Latn,728,4,8
spa_Latn,728,5,19
spa_Latn,728,6,8
eng_Latn,729,0,60
eng_Latn,729,1,45
eng_Latn,729,2,45
eng_Latn,729,3,40
eng_Latn,729,4,40
eng_Latn,729,5,61
eng_Latn,729,6,49
eng_Latn,729,7,56
eng_Latn,729,8,31
spa_Latn,730,0,60
spa_Latn,730,1,61
spa_Latn,730,2,17
spa_Latn,730,3,8
spa_Latn,730,4,8
spa_Latn,730,5,17
spa_Latn,730,6,8
spa_Latn,730,7,19
spa_Latn,730,8,39
spa_Latn,730,9,8
spa_Latn,730,10,8
spa_Latn,730,11,47
spa_Latn,730,12,44
spa_Latn,731,0,60
spa_Latn,731,1,19
spa_Latn,731,2,8
spa_Latn,731,3,8
spa_Latn,731,4,47
spa_Latn,731,5,8
spa_Latn,731,6,8
spa_Latn,731,7,19
spa_Latn,731,8,47
spa_Latn,731,9,8
spa_Latn,731,10,50
spa_Latn,731,11,47
spa_Latn,731,12,8
spa_Latn,731,13,8
spa_Latn,731,14,8
spa_Latn,731,15,8
eng_Latn,732,0,60
eng_Latn,732,1,19
eng_Latn,732,2,13
eng_Latn,732,3,5
eng_Latn,732,4,47
eng_Latn,733,0,60
eng_Latn,733,1,22
eng_Latn,733,2,52
eng_Latn,733,3,37
eng_Latn,733,4,22
spa_Latn,734,0,60
spa_Latn,734,1,8
spa_Latn,734,2,8
spa_Latn,734,3,10
spa_Latn,734,4,8
spa_Latn,734,5,8
spa_Latn,734,6,8
spa_Latn,734,7,24
spa_Latn,734,8,19
spa_Latn,734,9,51
spa_Latn,734,10,8
spa_Latn,734,11,8
spa_Latn,734,12,15
spa_Latn,735,0,60
spa_Latn,735,1,22
spa_Latn,735,2,22
spa_Latn,735,3,22
spa_Latn,735,4,12
spa_Latn,735,5,22
eng_Latn,736,0,60
eng_Latn,736,1,45
eng_Latn,736,2,52
spa_Latn,737,0,60
spa_Latn,737,1,40
spa_Latn,737,2,19
spa_Latn,737,3,8
spa_Latn,737,4,40
spa_Latn,737,5,40
spa_Latn,737,6,8
spa_Latn,737,7,12
spa_Latn,737,8,52
spa_Latn,738,0,60
spa_Latn,738,1,61
spa_Latn,738,2,16
spa_Latn,738,3,8
spa_Latn,738,4,8
spa_Latn,738,5,8
spa_Latn,738,6,19
spa_Latn,738,7,7
spa_Latn,738,8,15
spa_Latn,738,9,19
spa_Latn,738,10,8
spa_Latn,738,11,19
spa_Latn,738,12,8
spa_Latn,738,13,8
spa_Latn,738,14,8
spa_Latn,738,15,29
spa_Latn,738,16,1
spa_Latn,738,17,52
eng_Latn,739,0,60
eng_Latn,739,1,26
eng_Latn,739,2,39
eng_Latn,739,3,39
eng_Latn,740,0,60
eng_Latn,740,1,56
eng_Latn,740,2,37
eng_Latn,740,3,57
eng_Latn,740,4,35
eng_Latn,740,5,57
eng_Latn,740,6,25
eng_Latn,740,7,35
eng_Latn,740,8,57
eng_Latn,740,9,49
eng_Latn,741,0,60
eng_Latn,741,1,40
eng_Latn,741,2,5
eng_Latn,741,3,49
eng_Latn,741,4,5
eng_Latn,741,5,3
eng_Latn,741,6,57
eng_Latn,741,7,53
eng_Latn,741,8,37
eng_Latn,741,9,63
eng_Latn,742,0,60
eng_Latn,742,1,9
eng_Latn,742,2,22
eng_Latn,742,3,18
eng_Latn,742,4,20
eng_Latn,742,5,21
eng_Latn,742,6,57
eng_Latn,742,7,53
eng_Latn,742,8,37
eng_Latn,742,9,4
spa_Latn,743,0,60
spa_Latn,743,1,12
spa_Latn,743,2,47
spa_Latn,743,3,1
spa_Latn,743,4,8
spa_Latn,743,5,8
spa_Latn,743,6,8
spa_Latn,743,7,61
spa_Latn,743,8,8
spa_Latn,743,9,8
spa_Latn,743,10,40
spa_Latn,743,11,8
spa_Latn,743,12,28
spa_Latn,743,13,47
spa_Latn,743,14,11
spa_Latn,743,15,52
eng_Latn,744,0,60
eng_Latn,744,1,56
eng_Latn,744,2,34
eng_Latn,744,3,31
eng_Latn,744,4,20
eng_Latn,744,5,63
eng_Latn,745,0,60
eng_Latn,745,1,40
eng_Latn,745,2,48
eng_Latn,745,3,24
eng_Latn,745,4,19
eng_Latn,745,5,18
eng_Latn,745,6,14
eng_Latn,745,7,14
eng_Latn,745,8,47
spa_Latn,746,0,60
spa_Latn,746,1,8
spa_Latn,746,2,47
spa_Latn,746,3,8
spa_Latn,746,4,19
spa_Latn,746,5,47
spa_Latn,746,6,19
spa_Latn,746,7,19
spa_Latn,746,8,8
eng_Latn,747,0,60
eng_Latn,747,1,18
eng_Latn,747,2,14
eng_Latn,747,3,49
eng_Latn,747,4,49
eng_Latn,747,5,12
eng_Latn,747,6,61
spa_Latn,748,0,60
spa_Latn,748,1,19
spa_Latn,748,2,13
spa_Latn,748,3,13
spa_Latn,748,4,13
spa_Latn,748,5,1
spa_Latn,748,6,19
spa_Latn,748,7,19
spa_Latn,748,8,19
spa_Latn,748,9,13
spa_Latn,748,10,13
spa_Latn,748,11,8
spa_Latn,748,12,61
spa_Latn,748,13,17
spa_Latn,748,14,47
spa_Latn,748,15,13
spa_Latn,748,16,8
spa_Latn,748,17,8
eng_Latn,749,0,60
eng_Latn,749,1,45
eng_Latn,749,2,63
spa_Latn,750,0,60
spa_Latn,750,1,60
spa_Latn,750,2,60
spa_Latn,750,3,26
spa_Latn,750,4,13
spa_Latn,750,5,13
spa_Latn,750,6,13
spa_Latn,750,7,47
spa_Latn,751,0,60
spa_Latn,751,1,8
spa_Latn,751,2,8
spa_Latn,751,3,39
spa_Latn,751,4,8
spa_Latn,751,5,8
spa_Latn,751,6,15
spa_Latn,751,7,19
spa_Latn,751,8,8
spa_Latn,751,9,8
spa_Latn,751,10,8
spa_Latn,751,11,57
spa_Latn,752,0,60
spa_Latn,752,1,19
spa_Latn,752,2,8
spa_Latn,752,3,19
spa_Latn,752,4,8
eng_Latn,753,0,60
eng_Latn,753,1,57
eng_Latn,753,2,56
eng_Latn,753,3,53
eng_Latn,753,4,4
eng_Latn,753,5,34
spa_Latn,754,0,60
spa_Latn,754,1,33
spa_Latn,754,2,6
spa_Latn,754,3,19
spa_Latn,754,4,19
spa_Latn,754,5,8
spa_Latn,754,6,47
spa_Latn,754,7,47
spa_Latn,754,8,8
spa_Latn,754,9,1
spa_Latn,754,10,47
spa_Latn,754,11,46
spa_Latn,754,12,8
spa_Latn,755,0,60
spa_Latn,755,1,40
spa_Latn,755,2,16
spa_Latn,755,3,8
spa_Latn,755,4,47
spa_Latn,755,5,8
spa_Latn,756,0,60
spa_Latn,756,1,26
spa_Latn,756,2,19
spa_Latn,756,3,8
spa_Latn,756,4,8
spa_Latn,756,5,19
spa_Latn,756,6,19
spa_Latn,756,7,47
spa_Latn,756,8,39
spa_Latn,756,9,8
spa_Latn,756,10,8
spa_Latn,756,11,29
spa_Latn,756,12,8
eng_Latn,757,0,60
eng_Latn,757,1,57
eng_Latn,757,2,35
eng_Latn,757,3,48
eng_Latn,757,4,53
eng_Latn,757,5,43
eng_Latn,757,6,57
eng_Latn,757,7,59
eng_Latn,757,8,15
eng_Latn,757,9,59
eng_Latn,757,10,19
eng_Latn,757,11,48
spa_Latn,758,0,60
spa_Latn,758,1,19
spa_Latn,758,2,49
spa_Latn,758,3,19
spa_Latn,758,4,8
spa_Latn,758,5,8
spa_Latn,758,6,8
spa_Latn,758,7,8
eng_Latn,759,0,60
eng_Latn,759,1,4
eng_Latn,759,2,9
eng_Latn,759,3,56
eng_Latn,759,4,54
eng_Latn,759,5,41
eng_Latn,759,6,19
eng_Latn,759,7,4
eng_Latn,759,8,53
eng_Latn,759,9,35
eng_Latn,759,10,8
eng_Latn,759,11,4
spa_Latn,760,0,60
spa_Latn,760,1,19
spa_Latn,760,2,19
spa_Latn,760,3,52
spa_Latn,760,4,52
spa_Latn,760,5,8
spa_Latn,760,6,8
spa_Latn,760,7,8
spa_Latn,760,8,19
spa_Latn,760,9,19
spa_Latn,760,10,47
spa_Latn,760,11,8
spa_Latn,760,12,19
spa_Latn,760,13,49
spa_Latn,760,14,26
spa_Latn,760,15,19
spa_Latn,760,16,49
spa_Latn,760,17,61
spa_Latn,760,18,26
spa_Latn,760,19,18
spa_Latn,760,20,8
eng_Latn,761,0,60
eng_Latn,761,1,22
eng_Latn,761,2,52
eng_Latn,761,3,13
eng_Latn,761,4,52
eng_Latn,761,5,52
spa_Latn,762,0,60
spa_Latn,762,1,19
spa_Latn,762,2,8
spa_Latn,762,3,8
spa_Latn,762,4,8
spa_Latn,762,5,8
spa_Latn,762,6,15
spa_Latn,762,7,8
spa_Latn,762,8,19
spa_Latn,762,9,47
spa_Latn,762,10,8
spa_Latn,762,11,44
spa_Latn,762,12,24
spa_Latn,762,13,61
spa_Latn,762,14,23
spa_Latn,762,15,8
spa_Latn,763,0,60
spa_Latn,763,1,26
spa_Latn,763,2,1
spa_Latn,763,3,19
spa_Latn,763,4,39
spa_Latn,763,5,8
spa_Latn,763,6,8
spa_Latn,763,7,37
spa_Latn,763,8,3
spa_Latn,763,9,19
spa_Latn,763,10,39
spa_Latn,763,11,7
spa_Latn,763,12,19
spa_Latn,763,13,47
spa_Latn,763,14,47
spa_Latn,763,15,8
eng_Latn,764,0,60
eng_Latn,764,1,9
eng_Latn,764,2,56
eng_Latn,764,3,38
eng_Latn,764,4,8
spa_Latn,765,0,60
spa_Latn,765,1,8
spa_Latn,765,2,51
spa_Latn,765,3,24
spa_Latn,765,4,61
spa_Latn,765,5,8
spa_Latn,765,6,8
spa_Latn,765,7,8
spa_Latn,765,8,8
spa_Latn,765,9,52
spa_Latn,765,10,52
spa_Latn,765,11,19
spa_Latn,765,12,15
spa_Latn,766,0,60
spa_Latn,766,1,57
spa_Latn,766,2,39
spa_Latn,766,3,8
spa_Latn,766,4,31
spa_Latn,766,5,8
spa_Latn,766,6,35
spa_Latn,766,7,7
spa_Latn,766,8,63
spa_Latn,766,9,20
spa_Latn,766,10,8
spa_Latn,766,11,47
spa_Latn,766,12,14
spa_Latn,766,13,40
eng_Latn,767,0,60
eng_Latn,767,1,45
eng_Latn,767,2,18
eng_Latn,767,3,9
eng_Latn,767,4,56
eng_Latn,767,5,57
eng_Latn,767,6,24
eng_Latn,767,7,57
eng_Latn,768,0,60
eng_Latn,768,1,56
eng_Latn,768,2,54
eng_Latn,768,3,38
eng_Latn,768,4,57
eng_Latn,768,5,20
eng_Latn,768,6,59
eng_Latn,768,7,16
eng_Latn,769,0,60
eng_Latn,769,1,12
eng_Latn,769,2,42
eng_Latn,769,3,19
eng_Latn,769,4,22
eng_Latn,769,5,49
eng_Latn,769,6,9
eng_Latn,769,7,19
eng_Latn,769,8,8
spa_Latn,770,0,60
spa_Latn,770,1,8
spa_Latn,770,2,8
spa_Latn,770,3,10
spa_Latn,770,4,10
spa_Latn,770,5,19
spa_Latn,770,6,47
spa_Latn,770,7,8
spa_Latn,770,8,8
spa_Latn,770,9,8
spa_Latn,770,10,52
spa_Latn,770,11,52
spa_Latn,770,12,52
spa_Latn,770,13,8
spa_Latn,771,0,60
spa_Latn,771,1,40
spa_Latn,771,2,12
spa_Latn,771,3,47
spa_Latn,771,4,47
spa_Latn,771,5,8
spa_Latn,771,6,8
spa_Latn,771,7,8
spa_Latn,771,8,8
spa_Latn,771,9,19
spa_Latn,771,10,19
spa_Latn,771,11,8
spa_Latn,771,12,8
eng_Latn,772,0,60
eng_Latn,772,1,22
eng_Latn,772,2,19
eng_Latn,772,3,63
eng_Latn,772,4,48
eng_Latn,772,5,63
spa_Latn,773,0,60
spa_Latn,773,1,9
spa_Latn,773,2,39
spa_Latn,773,3,8
spa_Latn,773,4,39
spa_Latn,773,5,34
spa_Latn,774,0,60
spa_Latn,774,1,61
spa_Latn,774,2,17
spa_Latn,774,3,17
spa_Latn,774,4,39
spa_Latn,774,5,39
spa_Latn,774,6,8
spa_Latn,775,0,60
spa_Latn,775,1,30
spa_Latn,775,2,33
spa_Latn,776,0,60
spa_Latn,776,1,42
spa_Latn,776,2,27
spa_Latn,776,3,19
spa_Latn,776,4,49
spa_Latn,776,5,43
spa_Latn,776,6,40
spa_Latn,776,7,40
spa_Latn,776,8,39
spa_Latn,776,9,8
spa_Latn,776,10,61
spa_Latn,776,11,49
eng_Latn,777,0,60
eng_Latn,777,1,48
eng_Latn,777,2,56
eng_Latn,777,3,16
eng_Latn,777,4,16
eng_Latn,777,5,53
eng_Latn,777,6,1
eng_Latn,777,7,61
eng_Latn,777,8,49
eng_Latn,777,9,49
spa_Latn,778,0,60
spa_Latn,778,1,52
spa_Latn,778,2,52
spa_Latn,778,3,52
spa_Latn,778,4,63
eng_Latn,779,0,60
eng_Latn,779,1,37
eng_Latn,779,2,14
eng_Latn,779,3,19
spa_Latn,780,0,60
spa_Latn,780,1,19
spa_Latn,780,2,8
spa_Latn,780,3,19
spa_Latn,780,4,8
spa_Latn,780,5,54
spa_Latn,780,6,47
spa_Latn,780,7,8
spa_Latn,780,8,14
spa_Latn,780,9,29
spa_Latn,780,10,47
spa_Latn,780,11,8
eng_Latn,781,0,60
eng_Latn,781,1,12
eng_Latn,781,2,1
eng_Latn,781,3,13
eng_Latn,781,4,7
eng_Latn,781,5,33
eng_Latn,781,6,33
eng_Latn,781,7,33
eng_Latn,781,8,47
eng_Latn,781,9,19
eng_Latn,781,10,33
eng_Latn,781,11,33
eng_Latn,781,12,1
spa_Latn,782,0,60
spa_Latn,782,1,8
spa_Latn,782,2,15
spa_Latn,782,3,19
spa_Latn,782,4,47
spa_Latn,782,5,39
spa_Latn,782,6,10
spa_Latn,782,7,8
spa_Latn,782,8,19
spa_Latn,782,9,47
spa_Latn,782,10,8
spa_Latn,782,11,8
spa_Latn,782,12,10
spa_Latn,783,0,60
spa_Latn,783,1,19
spa_Latn,783,2,8
spa_Latn,783,3,1
spa_Latn,783,4,39
spa_Latn,783,5,8
spa_Latn,783,6,27
spa_Latn,783,7,47
spa_Latn,783,8,7
spa_Latn,783,9,60
spa_Latn,783,10,52
spa_Latn,784,0,60
spa_Latn,784,1,54
spa_Latn,784,2,8
spa_Latn,784,3,19
spa_Latn,784,4,46
spa_Latn,784,5,8
spa_Latn,784,6,8
spa_Latn,784,7,19
spa_Latn,784,8,8
spa_Latn,784,9,23
spa_Latn,784,10,8
spa_Latn,784,11,8
spa_Latn,784,12,19
spa_Latn,784,13,8
spa_Latn,784,14,52
spa_Latn,785,0,60
spa_Latn,785,1,26
spa_Latn,785,2,39
spa_Latn,785,3,49
spa_Latn,785,4,8
spa_Latn,785,5,19
spa_Latn,785,6,39
spa_Latn,785,7,63
spa_Latn,785,8,37
spa_Latn,785,9,19
spa_Latn,785,10,8
spa_Latn,785,11,8
spa_Latn,785,12,8
spa_Latn,785,13,1
spa_Latn,785,14,52
spa_Latn,786,0,60
spa_Latn,786,1,19
spa_Latn,786,2,8
spa_Latn,786,3,8
spa_Latn,786,4,47
spa_Latn,786,5,8
spa_Latn,786,6,8
spa_Latn,786,7,39
spa_Latn,786,8,8
spa_Latn,786,9,39
spa_Latn,786,10,53
spa_Latn,786,11,16
spa_Latn,786,12,8
spa_Latn,787,0,60
spa_Latn,787,1,6
spa_Latn,787,2,27
spa_Latn,787,3,8
spa_Latn,787,4,8
spa_Latn,787,5,8
spa_Latn,787,6,19
spa_Latn,787,7,15
spa_Latn,788,0,60
spa_Latn,788,1,19
spa_Latn,788,2,39
spa_Latn,788,3,8
spa_Latn,789,0,60
spa_Latn,789,1,8
spa_Latn,789,2,19
spa_Latn,789,3,8
spa_Latn,789,4,8
eng_Latn,790,0,60
eng_Latn,790,1,42
eng_Latn,790,2,38
eng_Latn,790,3,18
eng_Latn,790,4,16
eng_Latn,790,5,33
eng_Latn,790,6,33
spa_Latn,791,0,60
spa_Latn,791,1,40
spa_Latn,791,2,8
spa_Latn,791,3,47
spa_Latn,791,4,7
spa_Latn,791,5,6
spa_Latn,791,6,6
spa_Latn,791,7,19
spa_Latn,791,8,47
spa_Latn,791,9,8
spa_Latn,792,0,60
spa_Latn,792,1,47
spa_Latn,792,2,16
spa_Latn,792,3,47
spa_Latn,792,4,19
spa_Latn,792,5,8
spa_Latn,792,6,34
spa_Latn,792,7,8
spa_Latn,792,8,8
spa_Latn,792,9,8
spa_Latn,792,10,8
eng_Latn,793,0,60
eng_Latn,793,1,57
eng_Latn,793,2,45
eng_Latn,793,3,15
eng_Latn,793,4,10
eng_Latn,793,5,18
eng_Latn,793,6,16
eng_Latn,793,7,56
eng_Latn,793,8,57
eng_Latn,794,0,60
eng_Latn,794,1,56
eng_Latn,794,2,35
eng_Latn,794,3,57
eng_Latn,794,4,20
eng_Latn,794,5,59
eng_Latn,794,6,57
eng_Latn,794,7,57
eng_Latn,794,8,59
eng_Latn,794,9,47
eng_Latn,794,10,15
spa_Latn,795,0,60
spa_Latn,795,1,40
spa_Latn,795,2,11
spa_Latn,795,3,40
spa_Latn,795,4,61
spa_Latn,795,5,8
spa_Latn,796,0,60
spa_Latn,796,1,8
spa_Latn,796,2,8
spa_Latn,796,3,1
spa_Latn,796,4,8
spa_Latn,796,5,56
spa_Latn,796,6,8
spa_Latn,796,7,8
spa_Latn,796,8,57
spa_Latn,796,9,7
spa_Latn,796,10,8
spa_Latn,796,11,8
spa_Latn,796,12,8
spa_Latn,796,13,24
spa_Latn,797,0,60
spa_Latn,797,1,22
spa_Latn,797,2,52
spa_Latn,797,3,47
eng_Latn,798,0,60
eng_Latn,798,1,24
eng_Latn,798,2,52
eng_Latn,798,3,57
eng_Latn,798,4,14
eng_Latn,798,5,14
eng_Latn,798,6,14
eng_Latn,798,7,27
eng_Latn,798,8,47
eng_Latn,798,9,47
eng_Latn,798,10,40
eng_Latn,798,11,24
eng_Latn,798,12,26
spa_Latn,799,0,60
spa_Latn,799,1,19
spa_Latn,799,2,19
spa_Latn,799,3,39
spa_Latn,799,4,31
spa_Latn,799,5,19
spa_Latn,799,6,8
spa_Latn,799,7,16
eng_Latn,800,0,60
eng_Latn,800,1,4
eng_Latn,800,2,54
eng_Latn,800,3,48
eng_Latn,800,4,9
eng_Latn,800,5,56
eng_Latn,800,6,35
eng_Latn,800,7,35
eng_Latn,800,8,57
eng_Latn,800,9,2
eng_Latn,800,10,27
eng_Latn,800,11,26
eng_Latn,800,12,50
eng_Latn,800,13,16
spa_Latn,801,0,60
spa_Latn,801,1,19
spa_Latn,801,2,47
spa_Latn,801,3,8
spa_Latn,801,4,8
spa_Latn,801,5,19
spa_Latn,801,6,8
spa_Latn,801,7,52
spa_Latn,801,8,52
spa_Latn,801,9,52
spa_Latn,801,10,19
spa_Latn,801,11,8
eng_Latn,802,0,60
eng_Latn,802,1,34
eng_Latn,802,2,20
eng_Latn,802,3,22
eng_Latn,802,4,57
eng_Latn,802,5,20
eng_Latn,802,6,34
spa_Latn,803,0,60
spa_Latn,803,1,22
spa_Latn,803,2,22
spa_Latn,803,3,19
spa_Latn,803,4,63
spa_Latn,803,5,19
spa_Latn,803,6,47
spa_Latn,803,7,63
spa_Latn,803,8,8
spa_Latn,803,9,39
spa_Latn,803,10,8
spa_Latn,803,11,8
spa_Latn,803,12,19
spa_Latn,803,13,8
spa_Latn,804,0,60
spa_Latn,804,1,8
spa_Latn,804,2,47
spa_Latn,804,3,34
spa_Latn,805,0,60
spa_Latn,805,1,40
spa_Latn,805,2,11
spa_Latn,805,3,27
spa_Latn,805,4,47
spa_Latn,805,5,22
spa_Latn,806,0,60
spa_Latn,806,1,19
spa_Latn,806,2,19
spa_Latn,806,3,16
spa_Latn,806,4,8
spa_Latn,806,5,19
spa_Latn,806,6,8
spa_Latn,806,7,8
spa_Latn,806,8,8
spa_Latn,806,9,47
spa_Latn,806,10,19
spa_Latn,806,11,30
spa_Latn,807,0,60
spa_Latn,807,1,12
spa_Latn,807,2,19
spa_Latn,807,3,47
spa_Latn,807,4,49
spa_Latn,807,5,5
spa_Latn,807,6,19
spa_Latn,807,7,49
spa_Latn,807,8,12
spa_Latn,807,9,13
spa_Latn,807,10,47
spa_Latn,807,11,13
spa_Latn,807,12,12
spa_Latn,807,13,19
spa_Latn,807,14,13
spa_Latn,807,15,13
spa_Latn,807,16,11
spa_Latn,807,17,13
spa_Latn,807,18,13
eng_Latn,808,0,60
eng_Latn,808,1,42
eng_Latn,808,2,18
eng_Latn,808,3,16
eng_Latn,808,4,54
eng_Latn,808,5,63
eng_Latn,808,6,30
eng_Latn,808,7,37
eng_Latn,808,8,47
eng_Latn,809,0,60
eng_Latn,809,1,9
eng_Latn,809,2,38
eng_Latn,809,3,15
eng_Latn,809,4,56
eng_Latn,809,5,63
eng_Latn,809,6,63
eng_Latn,809,7,37
eng_Latn,809,8,49
eng_Latn,809,9,63
eng_Latn,809,10,37
eng_Latn,810,0,60
eng_Latn,810,1,57
eng_Latn,810,2,56
eng_Latn,810,3,63
eng_Latn,810,4,28
eng_Latn,810,5,37
eng_Latn,810,6,39
eng_Latn,810,7,13
eng_Latn,810,8,30
eng_Latn,810,9,63
eng_Latn,811,0,60
eng_Latn,811,1,16
eng_Latn,811,2,60
eng_Latn,811,3,9
eng_Latn,811,4,0
eng_Latn,811,5,19
eng_Latn,811,6,19
eng_Latn,811,7,34
eng_Latn,811,8,9
eng_Latn,811,9,22
eng_Latn,811,10,34
spa_Latn,812,0,60
spa_Latn,812,1,19
spa_Latn,812,2,8
spa_Latn,812,3,28
spa_Latn,812,4,61
spa_Latn,812,5,47
spa_Latn,812,6,8
eng_Latn,813,0,60
eng_Latn,813,1,17
eng_Latn,813,2,22
eng_Latn,813,3,57
eng_Latn,813,4,16
eng_Latn,813,5,34
spa_Latn,814,0,60
spa_Latn,814,1,52
spa_Latn,814,2,52
spa_Latn,814,3,39
spa_Latn,814,4,8
spa_Latn,814,5,8
spa_Latn,814,6,8
spa_Latn,814,7,8
spa_Latn,814,8,20
spa_Latn,814,9,8
spa_Latn,814,10,19
spa_Latn,814,11,8
eng_Latn,815,0,60
eng_Latn,815,1,18
eng_Latn,815,2,56
eng_Latn,815,3,21
eng_Latn,815,4,51
eng_Latn,815,5,20
eng_Latn,815,6,27
spa_Latn,816,0,60
spa_Latn,816,1,8
spa_Latn,816,2,8
spa_Latn,816,3,8
spa_Latn,816,4,47
spa_Latn,816,5,8
spa_Latn,816,6,8
spa_Latn,816,7,19
spa_Latn,816,8,8
spa_Latn,816,9,8
spa_Latn,816,10,8
spa_Latn,816,11,8
spa_Latn,816,12,7
spa_Latn,816,13,8
eng_Latn,817,0,60
eng_Latn,817,1,18
eng_Latn,817,2,3
eng_Latn,817,3,47
spa_Latn,818,0,60
spa_Latn,818,1,40
spa_Latn,818,2,19
spa_Latn,818,3,39
spa_Latn,818,4,7
spa_Latn,819,0,60
spa_Latn,819,1,12
spa_Latn,819,2,40
spa_Latn,819,3,60
spa_Latn,819,4,12
spa_Latn,819,5,47
spa_Latn,819,6,47
spa_Latn,819,7,8
spa_Latn,819,8,57
spa_Latn,819,9,49
eng_Latn,820,0,60
eng_Latn,820,1,40
eng_Latn,820,2,14
spa_Latn,821,0,60
spa_Latn,821,1,19
spa_Latn,821,2,8
spa_Latn,821,3,37
spa_Latn,821,4,19
spa_Latn,821,5,8
spa_Latn,821,6,56
spa_Latn,821,7,61
spa_Latn,821,8,19
spa_Latn,821,9,19
spa_Latn,822,0,60
spa_Latn,822,1,19
spa_Latn,822,2,8
spa_Latn,822,3,16
spa_Latn,822,4,51
spa_Latn,822,5,19
spa_Latn,822,6,8
spa_Latn,822,7,54
spa_Latn,822,8,8
eng_Latn,823,0,60
eng_Latn,823,1,38
eng_Latn,823,2,46
eng_Latn,823,3,47
eng_Latn,823,4,40
eng_Latn,823,5,29
eng_Latn,823,6,33
spa_Latn,824,0,60
spa_Latn,824,1,46
spa_Latn,824,2,8
eng_Latn,825,0,60
eng_Latn,825,1,40
eng_Latn,825,2,26
eng_Latn,825,3,47
eng_Latn,825,4,49
eng_Latn,825,5,5
eng_Latn,825,6,5
eng_Latn,825,7,40
eng_Latn,825,8,26
spa_Latn,826,0,60
spa_Latn,826,1,40
spa_Latn,826,2,22
spa_Latn,826,3,22
spa_Latn,827,0,60
spa_Latn,827,1,22
spa_Latn,827,2,22
spa_Latn,827,3,22
spa_Latn,827,4,22
spa_Latn,827,5,19
spa_Latn,827,6,40
spa_Latn,827,7,5
spa_Latn,827,8,49
spa_Latn,827,9,34
eng_Latn,828,0,60
eng_Latn,828,1,22
eng_Latn,828,2,61
eng_Latn,828,3,19
eng_Latn,828,4,40
eng_Latn,828,5,53
eng_Latn,828,6,3
eng_Latn,828,7,63
spa_Latn,829,0,60
spa_Latn,829,1,19
spa_Latn,829,2,22
spa_Latn,829,3,52
spa_Latn,829,4,1
spa_Latn,829,5,46
spa_Latn,829,6,8
spa_Latn,829,7,52
spa_Latn,830,0,60
spa_Latn,830,1,19
spa_Latn,830,2,49
spa_Latn,830,3,19
spa_Latn,830,4,26
spa_Latn,830,5,60
spa_Latn,830,6,12
spa_Latn,830,7,19
spa_Latn,830,8,19
spa_Latn,830,9,40
spa_Latn,830,10,8
spa_Latn,830,11,8
spa_Latn,830,12,27
spa_Latn,830,13,8
eng_Latn,831,0,60
eng_Latn,831,1,19
eng_Latn,831,2,22
eng_Latn,831,3,22
eng_Latn,831,4,34
eng_Latn,831,5,12
eng_Latn,831,6,22
eng_Latn,831,7,12
eng_Latn,831,8,22
spa_Latn,832,0,60
spa_Latn,832,1,8
spa_Latn,832,2,8
spa_Latn,832,3,8
spa_Latn,832,4,14
eng_Latn,833,0,60
eng_Latn,833,1,40
eng_Latn,834,0,60
eng_Latn,834,1,12
eng_Latn,834,2,42
eng_Latn,834,3,22
eng_Latn,834,4,27
eng_Latn,834,5,49
eng_Latn,834,6,9
eng_Latn,834,7,40
eng_Latn,835,0,60
eng_Latn,835,1,58
eng_Latn,835,2,52
eng_Latn,835,3,52
eng_Latn,835,4,1
eng_Latn,835,5,57
eng_Latn,835,6,31
eng_Latn,835,7,16
eng_Latn,835,8,16
eng_Latn,835,9,16
spa_Latn,836,0,60
spa_Latn,836,1,47
spa_Latn,836,2,40
spa_Latn,836,3,39
spa_Latn,836,4,52
spa_Latn,836,5,57
spa_Latn,836,6,37
spa_Latn,836,7,61
spa_Latn,836,8,8
spa_Latn,836,9,51
spa_Latn,836,10,8
spa_Latn,836,11,8
spa_Latn,836,12,8
spa_Latn,836,13,47
spa_Latn,836,14,47
spa_Latn,836,15,8
eng_Latn,837,0,60
eng_Latn,837,1,18
eng_Latn,837,2,14
eng_Latn,838,0,60
eng_Latn,838,1,27
eng_Latn,838,2,40
eng_Latn,838,3,8
eng_Latn,838,4,26
eng_Latn,838,5,35
eng_Latn,838,6,19
eng_Latn,838,7,35
eng_Latn,838,8,19
eng_Latn,838,9,46
eng_Latn,838,10,8
eng_Latn,838,11,46
eng_Latn,839,0,60
eng_Latn,839,1,35
eng_Latn,839,2,17
spa_Latn,840,0,60
spa_Latn,840,1,19
spa_Latn,840,2,19
spa_Latn,840,3,16
spa_Latn,841,0,60
spa_Latn,841,1,7
spa_Latn,841,2,12
spa_Latn,841,3,47
spa_Latn,841,4,8
spa_Latn,841,5,43
spa_Latn,841,6,19
spa_Latn,841,7,8
spa_Latn,841,8,42
spa_Latn,841,9,61
spa_Latn,841,10,43
spa_Latn,841,11,27
spa_Latn,841,12,47
spa_Latn,841,13,8
spa_Latn,841,14,12
spa_Latn,841,15,52
spa_Latn,841,16,19
spa_Latn,841,17,8
eng_Latn,842,0,60
eng_Latn,842,1,19
eng_Latn,842,2,40
eng_Latn,842,3,18
eng_Latn,842,4,2
eng_Latn,842,5,37
eng_Latn,842,6,38
eng_Latn,842,7,46
eng_Latn,842,8,12
eng_Latn,842,9,40
eng_Latn,842,10,7
spa_Latn,843,0,60
spa_Latn,843,1,61
spa_Latn,843,2,19
spa_Latn,843,3,49
spa_Latn,843,4,47
spa_Latn,843,5,4
spa_Latn,843,6,51
spa_Latn,843,7,47
spa_Latn,843,8,4
spa_Latn,843,9,51
spa_Latn,843,10,8
spa_Latn,843,11,61
spa_Latn,843,12,19
spa_Latn,843,13,8
spa_Latn,843,14,45
spa_Latn,843,15,8
spa_Latn,843,16,27
spa_Latn,843,17,4
spa_Latn,843,18,19
spa_Latn,843,19,8
spa_Latn,843,20,8
spa_Latn,844,0,60
spa_Latn,844,1,47
spa_Latn,844,2,34
spa_Latn,844,3,8
spa_Latn,844,4,39
spa_Latn,844,5,8
spa_Latn,844,6,8
spa_Latn,844,7,37
spa_Latn,844,8,47
spa_Latn,844,9,8
spa_Latn,845,0,60
spa_Latn,845,1,42
spa_Latn,845,2,22
spa_Latn,845,3,22
spa_Latn,845,4,22
eng_Latn,846,0,60
eng_Latn,846,1,35
eng_Latn,846,2,50
eng_Latn,846,3,4
eng_Latn,846,4,4
eng_Latn,846,5,51
spa_Latn,847,0,60
spa_Latn,847,1,6
spa_Latn,847,2,34
spa_Latn,847,3,8
spa_Latn,847,4,19
spa_Latn,847,5,8
spa_Latn,847,6,16
eng_Latn,848,0,60
eng_Latn,848,1,57
eng_Latn,848,2,32
eng_Latn,848,3,62
eng_Latn,848,4,62
eng_Latn,848,5,57
eng_Latn,849,0,60
eng_Latn,849,1,54
eng_Latn,849,2,56
eng_Latn,849,3,56
eng_Latn,849,4,19
eng_Latn,849,5,19
eng_Latn,849,6,16
spa_Latn,850,0,60
spa_Latn,850,1,8
spa_Latn,850,2,8
spa_Latn,850,3,10
spa_Latn,850,4,61
spa_Latn,850,5,8
spa_Latn,850,6,10
spa_Latn,850,7,10
spa_Latn,850,8,39
spa_Latn,850,9,8
spa_Latn,851,0,60
spa_Latn,851,1,19
spa_Latn,851,2,8
spa_Latn,851,3,8
spa_Latn,851,4,8
spa_Latn,851,5,47
spa_Latn,851,6,63
spa_Latn,851,7,8
spa_Latn,852,0,60
spa_Latn,852,1,11
spa_Latn,852,2,8
spa_Latn,852,3,47
spa_Latn,852,4,19
spa_Latn,852,5,17
spa_Latn,852,6,19
spa_Latn,852,7,8
spa_Latn,853,0,60
spa_Latn,853,1,1
spa_Latn,853,2,39
spa_Latn,853,3,19
spa_Latn,853,4,47
spa_Latn,853,5,8
spa_Latn,853,6,19
spa_Latn,853,7,8
spa_Latn,853,8,19
spa_Latn,853,9,8
spa_Latn,853,10,23
spa_Latn,853,11,8
spa_Latn,853,12,10
spa_Latn,853,13,8
spa_Latn,853,14,8
eng_Latn,854,0,60
eng_Latn,854,1,54
eng_Latn,854,2,54
eng_Latn,854,3,54
eng_Latn,854,4,50
eng_Latn,854,5,16
eng_Latn,854,6,38
eng_Latn,854,7,4
eng_Latn,854,8,5
eng_Latn,854,9,18
eng_Latn,854,10,51
eng_Latn,854,11,42
eng_Latn,854,12,24
eng_Latn,854,13,29
eng_Latn,854,14,54
spa_Latn,855,0,60
spa_Latn,855,1,47
spa_Latn,855,2,19
spa_Latn,855,3,63
spa_Latn,855,4,12
spa_Latn,855,5,35
spa_Latn,855,6,19
spa_Latn,855,7,8
spa_Latn,855,8,24
spa_Latn,855,9,29
spa_Latn,855,10,8
spa_Latn,855,11,8
spa_Latn,855,12,39
spa_Latn,855,13,47
spa_Latn,855,14,8
spa_Latn,855,15,8
eng_Latn,856,0,60
eng_Latn,856,1,50
eng_Latn,856,2,56
eng_Latn,856,3,46
eng_Latn,856,4,16
eng_Latn,856,5,56
eng_Latn,856,6,57
eng_Latn,857,0,60
eng_Latn,857,1,54
eng_Latn,857,2,38
eng_Latn,857,3,19
eng_Latn,857,4,46
eng_Latn,857,5,21
eng_Latn,857,6,16
eng_Latn,857,7,57
eng_Latn,858,0,60
eng_Latn,858,1,26
eng_Latn,858,2,26
eng_Latn,858,3,39
eng_Latn,858,4,5
eng_Latn,858,5,18
eng_Latn,858,6,53
eng_Latn,858,7,14
eng_Latn,858,8,63
spa_Latn,859,0,60
spa_Latn,859,1,19
spa_Latn,859,2,19
spa_Latn,859,3,34
spa_Latn,859,4,39
spa_Latn,859,5,8
spa_Latn,859,6,8
eng_Latn,860,0,60
eng_Latn,860,1,22
eng_Latn,860,2,9
eng_Latn,860,3,9
eng_Latn,860,4,40
eng_Latn,860,5,51
eng_Latn,860,6,9
eng_Latn,860,7,9
eng_Latn,860,8,22
eng_Latn,860,9,9
eng_Latn,860,10,61
eng_Latn,860,11,22
eng_Latn,860,12,41
eng_Latn,860,13,34
spa_Latn,861,0,60
spa_Latn,861,1,9
spa_Latn,861,2,22
spa_Latn,861,3,34
eng_Latn,862,0,60
eng_Latn,862,1,41
eng_Latn,863,0,60
eng_Latn,863,1,47
eng_Latn,863,2,33
spa_Latn,864,0,60
spa_Latn,864,1,19
spa_Latn,864,2,8
spa_Latn,864,3,8
spa_Latn,864,4,47
spa_Latn,864,5,8
spa_Latn,865,0,60
spa_Latn,865,1,49
spa_Latn,865,2,5
spa_Latn,865,3,7
spa_Latn,865,4,49
spa_Latn,865,5,19
spa_Latn,865,6,7
spa_Latn,865,7,2
spa_Latn,865,8,9
spa_Latn,865,9,49
spa_Latn,866,0,60
spa_Latn,866,1,40
spa_Latn,866,2,26
spa_Latn,866,3,26
spa_Latn,866,4,49
spa_Latn,866,5,12
spa_Latn,866,6,7
spa_Latn,866,7,14
spa_Latn,866,8,8
spa_Latn,866,9,13
spa_Latn,866,10,49
spa_Latn,867,0,60
spa_Latn,867,1,19
spa_Latn,867,2,22
spa_Latn,867,3,22
spa_Latn,867,4,47
spa_Latn,867,5,40
spa_Latn,867,6,19
spa_Latn,867,7,49
spa_Latn,867,8,8
spa_Latn,867,9,8
spa_Latn,867,10,19
spa_Latn,867,11,49
spa_Latn,867,12,19
spa_Latn,867,13,49
spa_Latn,867,14,37
spa_Latn,867,15,27
spa_Latn,868,0,60
spa_Latn,868,1,60
spa_Latn,868,2,60
spa_Latn,868,3,47
spa_Latn,868,4,19
spa_Latn,868,5,16
spa_Latn,868,6,8
spa_Latn,868,7,16
spa_Latn,869,0,60
spa_Latn,869,1,19
spa_Latn,869,2,8
spa_Latn,869,3,8
spa_Latn,869,4,47
spa_Latn,869,5,19
spa_Latn,869,6,10
spa_Latn,869,7,8
spa_Latn,869,8,8
spa_Latn,869,9,8
spa_Latn,869,10,8
spa_Latn,869,11,8
spa_Latn,869,12,19
spa_Latn,869,13,39
spa_Latn,869,14,8
spa_Latn,869,15,8
spa_Latn,870,0,60
spa_Latn,870,1,19
spa_Latn,870,2,27
spa_Latn,870,3,47
spa_Latn,870,4,8
spa_Latn,870,5,37
spa_Latn,870,6,47
spa_Latn,870,7,47
spa_Latn,870,8,37
spa_Latn,870,9,61
spa_Latn,870,10,8
spa_Latn,870,11,8
spa_Latn,870,12,8
spa_Latn,870,13,19
spa_Latn,870,14,8
spa_Latn,870,15,8
spa_Latn,871,0,60
spa_Latn,871,1,19
spa_Latn,871,2,39
spa_Latn,871,3,7
spa_Latn,871,4,12
spa_Latn,871,5,47
spa_Latn,871,6,8
spa_Latn,871,7,8
eng_Latn,872,0,60
eng_Latn,872,1,22
eng_Latn,872,2,16
eng_Latn,872,3,20
eng_Latn,872,4,41
eng_Latn,872,5,34
eng_Latn,872,6,34
eng_Latn,873,0,60
eng_Latn,873,1,35
eng_Latn,873,2,61
eng_Latn,873,3,56
eng_Latn,873,4,52
eng_Latn,873,5,56
eng_Latn,873,6,35
eng_Latn,873,7,51
eng_Latn,873,8,1
eng_Latn,873,9,52
eng_Latn,873,10,52
eng_Latn,873,11,35
eng_Latn,873,12,47
spa_Latn,874,0,60
spa_Latn,874,1,10
spa_Latn,874,2,19
spa_Latn,874,3,39
spa_Latn,874,4,16
spa_Latn,874,5,1
spa_Latn,874,6,19
spa_Latn,874,7,8
spa_Latn,874,8,47
spa_Latn,874,9,8
spa_Latn,875,0,60
spa_Latn,875,1,54
spa_Latn,875,2,39
spa_Latn,875,3,31
spa_Latn,875,4,8
spa_Latn,875,5,1
spa_Latn,875,6,19
spa_Latn,875,7,8
spa_Latn,875,8,8
spa_Latn,875,9,8
spa_Latn,875,10,10
spa_Latn,875,11,8
spa_Latn,875,12,39
spa_Latn,875,13,8
spa_Latn,875,14,39
spa_Latn,875,15,8
eng_Latn,876,0,60
eng_Latn,876,1,19
eng_Latn,876,2,19
eng_Latn,876,3,19
eng_Latn,876,4,51
eng_Latn,877,0,60
eng_Latn,877,1,48
eng_Latn,877,2,9
eng_Latn,877,3,56
eng_Latn,877,4,54
eng_Latn,877,5,31
eng_Latn,877,6,16
eng_Latn,877,7,20
eng_Latn,877,8,26
eng_Latn,878,0,60
eng_Latn,878,1,10
eng_Latn,878,2,56
eng_Latn,878,3,54
eng_Latn,878,4,41
eng_Latn,878,5,46
spa_Latn,879,0,60
spa_Latn,879,1,40
spa_Latn,879,2,7
spa_Latn,879,3,8
spa_Latn,879,4,24
spa_Latn,879,5,40
spa_Latn,879,6,40
spa_Latn,879,7,61
spa_Latn,880,0,60
spa_Latn,880,1,8
spa_Latn,880,2,51
spa_Latn,880,3,8
spa_Latn,880,4,8
eng_Latn,881,0,60
eng_Latn,881,1,17
eng_Latn,881,2,54
eng_Latn,881,3,18
eng_Latn,881,4,51
spa_Latn,882,0,60
spa_Latn,882,1,19
spa_Latn,882,2,8
spa_Latn,882,3,8
spa_Latn,883,0,60
spa_Latn,883,1,35
spa_Latn,883,2,8
spa_Latn,883,3,8
spa_Latn,883,4,34
spa_Latn,883,5,10
spa_Latn,883,6,8
spa_Latn,883,7,47
spa_Latn,883,8,19
spa_Latn,883,9,8
spa_Latn,884,0,60
spa_Latn,884,1,19
spa_Latn,884,2,19
spa_Latn,884,3,40
spa_Latn,884,4,7
spa_Latn,885,0,60
spa_Latn,885,1,8
spa_Latn,885,2,19
spa_Latn,885,3,8
spa_Latn,885,4,8
spa_Latn,885,5,54
spa_Latn,885,6,8
spa_Latn,885,7,8
spa_Latn,885,8,8
spa_Latn,885,9,61
spa_Latn,885,10,8
spa_Latn,885,11,8
spa_Latn,885,12,8
spa_Latn,885,13,52
eng_Latn,886,0,60
eng_Latn,886,1,56
eng_Latn,886,2,56
eng_Latn,886,3,52
eng_Latn,886,4,57
eng_Latn,886,5,52
eng_Latn,886,6,52
eng_Latn,886,7,57
eng_Latn,886,8,23
eng_Latn,886,9,4
eng_Latn,887,0,60
eng_Latn,887,1,9
eng_Latn,887,2,29
eng_Latn,887,3,54
eng_Latn,887,4,38
eng_Latn,887,5,46
eng_Latn,887,6,17
eng_Latn,887,7,17
eng_Latn,887,8,16
eng_Latn,887,9,16
eng_Latn,887,10,57
eng_Latn,887,11,34
spa_Latn,888,0,60
spa_Latn,888,1,22
spa_Latn,888,2,9
spa_Latn,888,3,9
spa_Latn,888,4,39
spa_Latn,888,5,8
spa_Latn,888,6,19
spa_Latn,888,7,8
spa_Latn,888,8,8
spa_Latn,888,9,19
spa_Latn,888,10,19
spa_Latn,888,11,34
spa_Latn,888,12,20
spa_Latn,888,13,34
spa_Latn,889,0,60
spa_Latn,889,1,17
spa_Latn,889,2,22
spa_Latn,889,3,19
spa_Latn,889,4,27
spa_Latn,889,5,16
spa_Latn,889,6,8
spa_Latn,889,7,28
spa_Latn,889,8,1
spa_Latn,889,9,19
spa_Latn,889,10,28
spa_Latn,889,11,52
spa_Latn,890,0,60
spa_Latn,890,1,39
spa_Latn,890,2,34
spa_Latn,890,3,8
spa_Latn,890,4,8
spa_Latn,890,5,34
spa_Latn,890,6,34
spa_Latn,890,7,8
spa_Latn,890,8,35
spa_Latn,890,9,52
spa_Latn,890,10,7
spa_Latn,890,11,39
spa_Latn,890,12,34
eng_Latn,891,0,60
eng_Latn,891,1,16
eng_Latn,891,2,54
eng_Latn,891,3,46
eng_Latn,891,4,5
eng_Latn,891,5,18
eng_Latn,891,6,56
eng_Latn,891,7,46
eng_Latn,891,8,5
eng_Latn,891,9,16
eng_Latn,891,10,56
eng_Latn,891,11,1
eng_Latn,892,0,60
eng_Latn,892,1,9
eng_Latn,892,2,56
eng_Latn,892,3,56
eng_Latn,892,4,51
eng_Latn,892,5,54
eng_Latn,892,6,18
eng_Latn,892,7,16
eng_Latn,892,8,20
eng_Latn,892,9,16
spa_Latn,893,0,60
spa_Latn,893,1,8
spa_Latn,893,2,8
spa_Latn,893,3,8
spa_Latn,893,4,7
spa_Latn,893,5,8
spa_Latn,893,6,8
spa_Latn,893,7,34
spa_Latn,894,0,60
spa_Latn,894,1,27
spa_Latn,894,2,39
spa_Latn,894,3,8
spa_Latn,894,4,7
eng_Latn,895,0,60
eng_Latn,895,1,33
eng_Latn,895,2,33
eng_Latn,895,3,56
eng_Latn,895,4,16
spa_Latn,896,0,60
spa_Latn,896,1,8
spa_Latn,896,2,8
spa_Latn,896,3,19
spa_Latn,896,4,47
spa_Latn,896,5,8
spa_Latn,896,6,8
spa_Latn,896,7,19
spa_Latn,896,8,8
spa_Latn,896,9,8
spa_Latn,897,0,60
spa_Latn,897,1,27
spa_Latn,897,2,19
spa_Latn,897,3,8
spa_Latn,897,4,8
spa_Latn,897,5,8
spa_Latn,897,6,8
spa_Latn,897,7,19
spa_Latn,897,8,19
spa_Latn,897,9,10
spa_Latn,897,10,47
spa_Latn,897,11,47
eng_Latn,898,0,60
eng_Latn,898,1,12
eng_Latn,898,2,42
eng_Latn,898,3,19
eng_Latn,898,4,22
eng_Latn,898,5,49
eng_Latn,898,6,9
eng_Latn,898,7,19
eng_Latn,898,8,22
eng_Latn,898,9,40
spa_Latn,899,0,60
spa_Latn,899,1,19
spa_Latn,899,2,8
spa_Latn,899,3,8
spa_Latn,899,4,53
spa_Latn,899,5,8
spa_Latn,899,6,8
spa_Latn,899,7,19
spa_Latn,899,8,8
spa_Latn,899,9,1
spa_Latn,899,10,19
spa_Latn,899,11,8
spa_Latn,900,0,60
spa_Latn,900,1,19
spa_Latn,900,2,13
spa_Latn,900,3,13
spa_Latn,900,4,12
spa_Latn,900,5,57
spa_Latn,900,6,8
spa_Latn,900,7,37
spa_Latn,900,8,12
spa_Latn,900,9,19
spa_Latn,900,10,19
spa_Latn,900,11,37
spa_Latn,900,12,8
spa_Latn,900,13,19
spa_Latn,900,14,19
spa_Latn,900,15,8
spa_Latn,901,0,60
spa_Latn,901,1,47
spa_Latn,901,2,8
spa_Latn,901,3,13
eng_Latn,902,0,60
eng_Latn,902,1,19
eng_Latn,902,2,33
eng_Latn,902,3,33
eng_Latn,903,0,60
eng_Latn,903,1,33
eng_Latn,903,2,1
eng_Latn,903,3,52
eng_Latn,903,4,37
eng_Latn,903,5,52
eng_Latn,903,6,1
eng_Latn,903,7,1
eng_Latn,903,8,13
eng_Latn,903,9,13
eng_Latn,904,0,60
eng_Latn,904,1,57
eng_Latn,904,2,37
eng_Latn,904,3,37
eng_Latn,904,4,15
eng_Latn,904,5,56
eng_Latn,904,6,54
eng_Latn,904,7,37
eng_Latn,904,8,37
spa_Latn,905,0,60
spa_Latn,905,1,40
spa_Latn,905,2,26
spa_Latn,905,3,47
spa_Latn,905,4,19
spa_Latn,905,5,34
spa_Latn,905,6,8
eng_Latn,906,0,60
eng_Latn,906,1,20
eng_Latn,906,2,37
eng_Latn,906,3,57
eng_Latn,906,4,52
eng_Latn,906,5,52
eng_Latn,906,6,1
eng_Latn,906,7,52
eng_Latn,906,8,52
eng_Latn,906,9,11
eng_Latn,907,0,60
eng_Latn,907,1,61
eng_Latn,907,2,1
eng_Latn,907,3,33
eng_Latn,907,4,24
eng_Latn,907,5,15
eng_Latn,907,6,16
eng_Latn,908,0,60
eng_Latn,908,1,35
eng_Latn,908,2,17
eng_Latn,908,3,35
eng_Latn,908,4,52
eng_Latn,908,5,52
eng_Latn,908,6,57
eng_Latn,908,7,17
eng_Latn,908,8,51
spa_Latn,909,0,60
spa_Latn,909,1,13
spa_Latn,909,2,13
spa_Latn,909,3,13
spa_Latn,909,4,19
spa_Latn,909,5,52
spa_Latn,910,0,60
spa_Latn,910,1,58
spa_Latn,910,2,6
spa_Latn,910,3,61
spa_Latn,910,4,40
spa_Latn,910,5,36
spa_Latn,911,0,60
spa_Latn,911,1,17
spa_Latn,911,2,10
spa_Latn,911,3,39
spa_Latn,911,4,34
eng_Latn,912,0,60
eng_Latn,912,1,61
eng_Latn,912,2,21
eng_Latn,912,3,56
eng_Latn,912,4,51
eng_Latn,912,5,56
eng_Latn,912,6,46
eng_Latn,912,7,21
spa_Latn,913,0,60
spa_Latn,913,1,22
spa_Latn,913,2,61
spa_Latn,913,3,6
spa_Latn,913,4,7
spa_Latn,913,5,19
spa_Latn,913,6,47
spa_Latn,913,7,19
spa_Latn,913,8,8
spa_Latn,913,9,8
spa_Latn,913,10,11
spa_Latn,913,11,19
spa_Latn,913,12,19
spa_Latn,913,13,8
spa_Latn,913,14,1
spa_Latn,913,15,12
spa_Latn,913,16,19
spa_Latn,913,17,22
spa_Latn,913,18,60
spa_Latn,914,0,60
spa_Latn,914,1,8
spa_Latn,914,2,8
spa_Latn,914,3,10
spa_Latn,914,4,8
spa_Latn,914,5,19
spa_Latn,914,6,47
spa_Latn,914,7,1
spa_Latn,914,8,52
spa_Latn,915,0,60
spa_Latn,915,1,47
spa_Latn,915,2,19
spa_Latn,915,3,8
spa_Latn,915,4,19
spa_Latn,915,5,39
spa_Latn,915,6,39
spa_Latn,915,7,8
spa_Latn,915,8,39
spa_Latn,915,9,19
spa_Latn,915,10,39
spa_Latn,915,11,8
spa_Latn,915,12,51
spa_Latn,915,13,17
spa_Latn,915,14,17
spa_Latn,915,15,1
spa_Latn,915,16,19
spa_Latn,915,17,4
eng_Latn,916,0,60
eng_Latn,916,1,62
eng_Latn,916,2,12
eng_Latn,916,3,35
eng_Latn,916,4,57
eng_Latn,916,5,8
eng_Latn,916,6,15
eng_Latn,916,7,63
eng_Latn,916,8,5
eng_Latn,916,9,49
spa_Latn,917,0,60
spa_Latn,917,1,10
spa_Latn,917,2,8
spa_Latn,917,3,23
spa_Latn,917,4,8
spa_Latn,917,5,52
eng_Latn,918,0,60
eng_Latn,918,1,9
eng_Latn,918,2,56
eng_Latn,918,3,46
eng_Latn,918,4,51
spa_Latn,919,0,60
spa_Latn,919,1,22
spa_Latn,919,2,60
spa_Latn,919,3,47
spa_Latn,919,4,19
spa_Latn,920,0,60
spa_Latn,920,1,8
spa_Latn,920,2,8
spa_Latn,920,3,8
eng_Latn,921,0,60
eng_Latn,921,1,19
eng_Latn,921,2,19
eng_Latn,921,3,33
eng_Latn,921,4,56
eng_Latn,921,5,33
spa_Latn,922,0,60
spa_Latn,922,1,19
spa_Latn,922,2,16
spa_Latn,922,3,8
spa_Latn,922,4,10
spa_Latn,922,5,10
spa_Latn,922,6,39
spa_Latn,922,7,8
spa_Latn,922,8,19
spa_Latn,922,9,8
spa_Latn,922,10,53
spa_Latn,922,11,8
spa_Latn,922,12,61
spa_Latn,922,13,34
spa_Latn,923,0,60
spa_Latn,923,1,19
spa_Latn,923,2,47
spa_Latn,923,3,47
spa_Latn,923,4,47
spa_Latn,923,5,8
spa_Latn,923,6,8
spa_Latn,923,7,8
spa_Latn,923,8,8
spa_Latn,923,9,52
spa_Latn,924,0,60
spa_Latn,924,1,8
spa_Latn,924,2,12
spa_Latn,924,3,22
spa_Latn,925,0,60
spa_Latn,925,1,6
spa_Latn,925,2,7
spa_Latn,925,3,8
spa_Latn,925,4,8
spa_Latn,925,5,8
spa_Latn,925,6,27
spa_Latn,925,7,19
spa_Latn,925,8,8
spa_Latn,925,9,8
spa_Latn,925,10,19
spa_Latn,925,11,52
spa_Latn,926,0,60
spa_Latn,926,1,19
spa_Latn,926,2,8
spa_Latn,926,3,8
spa_Latn,926,4,29
spa_Latn,926,5,8
spa_Latn,926,6,63
spa_Latn,926,7,34
eng_Latn,927,0,60
eng_Latn,927,1,27
eng_Latn,927,2,27
eng_Latn,927,3,27
eng_Latn,927,4,27
eng_Latn,927,5,27
eng_Latn,927,6,52
eng_Latn,928,0,60
eng_Latn,928,1,53
eng_Latn,928,2,46
eng_Latn,928,3,49
eng_Latn,928,4,57
eng_Latn,928,5,37
eng_Latn,928,6,46
spa_Latn,929,0,60
spa_Latn,929,1,8
spa_Latn,929,2,49
spa_Latn,929,3,5
spa_Latn,929,4,52
spa_Latn,929,5,39
spa_Latn,929,6,12
spa_Latn,929,7,27
spa_Latn,929,8,13
spa_Latn,929,9,9
eng_Latn,930,0,60
eng_Latn,930,1,54
eng_Latn,930,2,18
eng_Latn,930,3,18
eng_Latn,930,4,18
eng_Latn,930,5,62
eng_Latn,930,6,62
eng_Latn,930,7,57
eng_Latn,930,8,19
eng_Latn,930,9,34
spa_Latn,931,0,60
spa_Latn,931,1,19
spa_Latn,931,2,8
spa_Latn,931,3,1
spa_Latn,931,4,19
spa_Latn,931,5,8
spa_Latn,931,6,8
spa_Latn,931,7,19
spa_Latn,931,8,8
spa_Latn,931,9,8
spa_Latn,931,10,8
spa_Latn,931,11,8
spa_Latn,931,12,19
spa_Latn,931,13,8
spa_Latn,931,14,8
spa_Latn,932,0,60
spa_Latn,932,1,57
spa_Latn,932,2,1
spa_Latn,932,3,8
spa_Latn,932,4,20
spa_Latn,932,5,1
spa_Latn,932,6,52
spa_Latn,932,7,8
eng_Latn,933,0,60
eng_Latn,933,1,15
eng_Latn,933,2,23
eng_Latn,933,3,48
eng_Latn,933,4,56
eng_Latn,933,5,16
eng_Latn,933,6,54
eng_Latn,933,7,63
eng_Latn,934,0,60
eng_Latn,934,1,15
eng_Latn,934,2,56
eng_Latn,934,3,63
eng_Latn,934,4,14
eng_Latn,934,5,14
eng_Latn,934,6,40
eng_Latn,934,7,26
spa_Latn,935,0,60
spa_Latn,935,1,19
spa_Latn,935,2,39
spa_Latn,935,3,47
spa_Latn,935,4,7
spa_Latn,935,5,47
spa_Latn,935,6,26
spa_Latn,935,7,39
spa_Latn,935,8,5
spa_Latn,935,9,22
spa_Latn,935,10,11
spa_Latn,935,11,1
spa_Latn,935,12,40
spa_Latn,935,13,11
spa_Latn,935,14,19
spa_Latn,935,15,49
spa_Latn,935,16,26
spa_Latn,935,17,26
spa_Latn,935,18,12
spa_Latn,936,0,60
spa_Latn,936,1,39
spa_Latn,936,2,8
spa_Latn,936,3,8
spa_Latn,936,4,8
spa_Latn,936,5,47
spa_Latn,936,6,47
spa_Latn,936,7,8
spa_Latn,937,0,60
spa_Latn,937,1,19
spa_Latn,937,2,52
spa_Latn,937,3,52
spa_Latn,937,4,52
spa_Latn,937,5,1
spa_Latn,937,6,22
spa_Latn,937,7,52
spa_Latn,937,8,13
spa_Latn,937,9,52
spa_Latn,937,10,9
spa_Latn,937,11,27
spa_Latn,937,12,49
spa_Latn,937,13,5
spa_Latn,937,14,52
spa_Latn,937,15,19
spa_Latn,937,16,12
spa_Latn,937,17,27
spa_Latn,937,18,13
spa_Latn,937,19,9
spa_Latn,938,0,60
spa_Latn,938,1,49
spa_Latn,938,2,54
spa_Latn,938,3,8
spa_Latn,939,0,60
spa_Latn,939,1,17
spa_Latn,939,2,8
spa_Latn,939,3,8
spa_Latn,939,4,17
spa_Latn,939,5,39
spa_Latn,939,6,8
spa_Latn,940,0,60
spa_Latn,940,1,39
spa_Latn,940,2,17
spa_Latn,940,3,19
spa_Latn,940,4,16
spa_Latn,940,5,8
spa_Latn,940,6,1
spa_Latn,940,7,8
spa_Latn,940,8,8
spa_Latn,941,0,60
spa_Latn,941,1,8
spa_Latn,941,2,39
spa_Latn,941,3,47
spa_Latn,941,4,39
spa_Latn,941,5,8
spa_Latn,942,0,60
spa_Latn,942,1,8
spa_Latn,942,2,8
spa_Latn,942,3,19
spa_Latn,942,4,19
spa_Latn,942,5,8
eng_Latn,943,0,60
eng_Latn,943,1,22
eng_Latn,943,2,30
eng_Latn,943,3,24
eng_Latn,943,4,30
eng_Latn,943,5,30
eng_Latn,943,6,54
eng_Latn,943,7,48
eng_Latn,943,8,56
eng_Latn,943,9,63
eng_Latn,943,10,30
eng_Latn,943,11,63
spa_Latn,944,0,60
spa_Latn,944,1,8
spa_Latn,944,2,8
spa_Latn,944,3,19
spa_Latn,944,4,34
spa_Latn,944,5,8
spa_Latn,944,6,16
spa_Latn,945,0,60
spa_Latn,945,1,61
spa_Latn,945,2,8
spa_Latn,945,3,19
spa_Latn,945,4,8
spa_Latn,945,5,8
spa_Latn,945,6,47
spa_Latn,946,0,60
spa_Latn,946,1,47
spa_Latn,946,2,13
spa_Latn,946,3,54
spa_Latn,946,4,8
spa_Latn,946,5,8
spa_Latn,947,0,60
spa_Latn,947,1,12
spa_Latn,947,2,19
spa_Latn,947,3,47
spa_Latn,947,4,49
spa_Latn,947,5,5
spa_Latn,947,6,19
spa_Latn,947,7,49
spa_Latn,947,8,12
spa_Latn,947,9,13
spa_Latn,947,10,47
spa_Latn,947,11,13
spa_Latn,947,12,12
spa_Latn,947,13,19
spa_Latn,947,14,13
spa_Latn,947,15,13
spa_Latn,947,16,11
spa_Latn,947,17,13
spa_Latn,947,18,13
spa_Latn,948,0,60
spa_Latn,948,1,8
spa_Latn,948,2,12
spa_Latn,948,3,40
spa_Latn,948,4,47
spa_Latn,948,5,47
spa_Latn,948,6,47
spa_Latn,948,7,49
spa_Latn,949,0,60
spa_Latn,949,1,19
spa_Latn,949,2,8
spa_Latn,949,3,8
spa_Latn,949,4,58
spa_Latn,949,5,12
spa_Latn,949,6,40
spa_Latn,949,7,1
spa_Latn,949,8,39
spa_Latn,949,9,39
spa_Latn,950,0,60
spa_Latn,950,1,8
spa_Latn,950,2,1
spa_Latn,950,3,17
spa_Latn,950,4,8
spa_Latn,950,5,39
spa_Latn,950,6,8
spa_Latn,950,7,39
spa_Latn,950,8,8
eng_Latn,951,0,60
eng_Latn,951,1,14
eng_Latn,951,2,48
eng_Latn,951,3,37
spa_Latn,952,0,60
spa_Latn,952,1,8
spa_Latn,952,2,19
spa_Latn,952,3,8
spa_Latn,952,4,8
spa_Latn,952,5,8
spa_Latn,952,6,34
spa_Latn,952,7,8
spa_Latn,952,8,8
spa_Latn,952,9,8
spa_Latn,952,10,8
spa_Latn,952,11,19
spa_Latn,952,12,8
spa_Latn,952,13,8
spa_Latn,953,0,60
spa_Latn,953,1,61
spa_Latn,953,2,17
spa_Latn,953,3,17
spa_Latn,953,4,61
spa_Latn,953,5,39
spa_Latn,953,6,16
spa_Latn,953,7,8
spa_Latn,953,8,19
spa_Latn,953,9,39
spa_Latn,953,10,8
spa_Latn,953,11,8
spa_Latn,953,12,8
spa_Latn,953,13,8
spa_Latn,953,14,8
spa_Latn,954,0,60
spa_Latn,954,1,19
spa_Latn,954,2,39
spa_Latn,954,3,8
spa_Latn,954,4,8
spa_Latn,954,5,17
spa_Latn,954,6,8
spa_Latn,954,7,17
spa_Latn,954,8,47
spa_Latn,954,9,8
spa_Latn,954,10,8
spa_Latn,955,0,60
spa_Latn,955,1,59
spa_Latn,955,2,8
spa_Latn,955,3,19
spa_Latn,955,4,52
spa_Latn,956,0,60
spa_Latn,956,1,39
spa_Latn,956,2,8
spa_Latn,956,3,8
spa_Latn,956,4,39
spa_Latn,956,5,19
spa_Latn,956,6,47
spa_Latn,956,7,33
spa_Latn,956,8,61
spa_Latn,956,9,47
spa_Latn,956,10,7
spa_Latn,956,11,7
spa_Latn,956,12,19
spa_Latn,956,13,19
spa_Latn,956,14,26
spa_Latn,956,15,52
spa_Latn,956,16,49
spa_Latn,956,17,12
spa_Latn,956,18,26
eng_Latn,957,0,60
eng_Latn,957,1,9
eng_Latn,957,2,22
eng_Latn,957,3,22
eng_Latn,957,4,60
eng_Latn,957,5,12
eng_Latn,957,6,22
eng_Latn,957,7,63
eng_Latn,957,8,12
eng_Latn,957,9,61
eng_Latn,957,10,22
spa_Latn,958,0,60
spa_Latn,958,1,47
spa_Latn,958,2,19
spa_Latn,958,3,8
spa_Latn,958,4,61
spa_Latn,958,5,19
spa_Latn,958,6,19
spa_Latn,958,7,10
spa_Latn,958,8,56
spa_Latn,958,9,8
spa_Latn,958,10,8
spa_Latn,959,0,60
spa_Latn,959,1,47
spa_Latn,959,2,8
spa_Latn,959,3,17
spa_Latn,959,4,8
spa_Latn,959,5,8
spa_Latn,959,6,19
spa_Latn,959,7,19
spa_Latn,959,8,47
spa_Latn,959,9,19
spa_Latn,959,10,8
spa_Latn,960,0,60
spa_Latn,960,1,12
spa_Latn,960,2,52
spa_Latn,960,3,60
spa_Latn,960,4,1
spa_Latn,960,5,52
spa_Latn,960,6,60
spa_Latn,960,7,12
spa_Latn,960,8,1
spa_Latn,960,9,13
spa_Latn,961,0,60
spa_Latn,961,1,40
spa_Latn,961,2,61
spa_Latn,961,3,26
spa_Latn,961,4,49
eng_Latn,962,0,60
eng_Latn,962,1,11
eng_Latn,962,2,12
eng_Latn,962,3,22
eng_Latn,962,4,46
eng_Latn,962,5,27
eng_Latn,962,6,26
eng_Latn,962,7,26
eng_Latn,962,8,26
eng_Latn,962,9,12
eng_Latn,962,10,26
eng_Latn,962,11,27
eng_Latn,962,12,39
eng_Latn,963,0,60
eng_Latn,963,1,52
eng_Latn,963,2,13
eng_Latn,963,3,39
eng_Latn,963,4,19
eng_Latn,963,5,38
eng_Latn,963,6,34
eng_Latn,963,7,45
eng_Latn,963,8,16
eng_Latn,963,9,34
eng_Latn,964,0,60
eng_Latn,964,1,9
eng_Latn,964,2,22
eng_Latn,964,3,12
eng_Latn,964,4,40
eng_Latn,964,5,47
eng_Latn,964,6,9
eng_Latn,964,7,60
eng_Latn,964,8,12
eng_Latn,964,9,9
eng_Latn,964,10,60
eng_Latn,965,0,60
eng_Latn,965,1,8
eng_Latn,965,2,8
eng_Latn,965,3,34
eng_Latn,965,4,42
eng_Latn,965,5,18
eng_Latn,965,6,16
eng_Latn,966,0,60
eng_Latn,966,1,17
eng_Latn,966,2,9
eng_Latn,966,3,56
eng_Latn,966,4,17
eng_Latn,966,5,52
eng_Latn,966,6,17
eng_Latn,966,7,41
eng_Latn,966,8,17
spa_Latn,967,0,60
spa_Latn,967,1,15
spa_Latn,967,2,8
spa_Latn,967,3,19
spa_Latn,967,4,19
spa_Latn,967,5,39
spa_Latn,967,6,16
spa_Latn,967,7,8
spa_Latn,967,8,56
spa_Latn,967,9,8
spa_Latn,967,10,10
spa_Latn,967,11,8
spa_Latn,967,12,8
spa_Latn,968,0,60
spa_Latn,968,1,19
spa_Latn,968,2,30
spa_Latn,968,3,30
spa_Latn,968,4,30
spa_Latn,968,5,19
spa_Latn,968,6,19
spa_Latn,968,7,30
spa_Latn,968,8,8
spa_Latn,968,9,19
spa_Latn,968,10,30
spa_Latn,968,11,8
spa_Latn,968,12,33
spa_Latn,968,13,33
spa_Latn,968,14,19
spa_Latn,968,15,30
eng_Latn,969,0,60
eng_Latn,969,1,30
eng_Latn,969,2,48
eng_Latn,969,3,48
eng_Latn,969,4,30
eng_Latn,969,5,19
eng_Latn,969,6,63
spa_Latn,970,0,60
spa_Latn,970,1,8
spa_Latn,970,2,10
spa_Latn,970,3,1
spa_Latn,970,4,19
spa_Latn,970,5,39
spa_Latn,970,6,8
spa_Latn,970,7,8
spa_Latn,970,8,19
spa_Latn,970,9,47
spa_Latn,970,10,8
spa_Latn,970,11,23
spa_Latn,970,12,19
spa_Latn,970,13,47
spa_Latn,970,14,8
spa_Latn,970,15,8
spa_Latn,970,16,8
spa_Latn,971,0,60
spa_Latn,971,1,39
spa_Latn,971,2,47
spa_Latn,971,3,8
spa_Latn,972,0,60
spa_Latn,972,1,58
spa_Latn,972,2,58
spa_Latn,972,3,58
spa_Latn,972,4,1
spa_Latn,972,5,58
spa_Latn,972,6,9
spa_Latn,973,0,60
spa_Latn,973,1,8
spa_Latn,973,2,39
spa_Latn,973,3,8
spa_Latn,973,4,8
spa_Latn,974,0,60
spa_Latn,974,1,40
spa_Latn,974,2,26
spa_Latn,974,3,49
spa_Latn,974,4,12
spa_Latn,974,5,42
spa_Latn,974,6,19
spa_Latn,974,7,46
spa_Latn,974,8,19
spa_Latn,974,9,26
spa_Latn,974,10,49
spa_Latn,974,11,11
spa_Latn,975,0,60
spa_Latn,975,1,40
spa_Latn,975,2,1
spa_Latn,975,3,8
spa_Latn,975,4,8
spa_Latn,975,5,19
spa_Latn,975,6,47
spa_Latn,975,7,19
spa_Latn,975,8,8
spa_Latn,975,9,8
spa_Latn,975,10,19
spa_Latn,975,11,8
spa_Latn,975,12,8
spa_Latn,975,13,19
spa_Latn,975,14,8
eng_Latn,976,0,60
eng_Latn,976,1,38
eng_Latn,976,2,38
eng_Latn,976,3,20
eng_Latn,976,4,40
eng_Latn,976,5,16
eng_Latn,976,6,57
eng_Latn,976,7,57
spa_Latn,977,0,60
spa_Latn,977,1,7
spa_Latn,977,2,8
spa_Latn,977,3,19
spa_Latn,977,4,36
spa_Latn,977,5,36
spa_Latn,977,6,19
spa_Latn,977,7,28
spa_Latn,977,8,6
spa_Latn,977,9,6
spa_Latn,978,0,60
spa_Latn,978,1,8
spa_Latn,978,2,34
spa_Latn,978,3,8
spa_Latn,978,4,19
spa_Latn,978,5,34
spa_Latn,979,0,60
spa_Latn,979,1,47
spa_Latn,979,2,40
spa_Latn,979,3,8
spa_Latn,979,4,47
spa_Latn,979,5,19
spa_Latn,979,6,14
spa_Latn,979,7,47
spa_Latn,979,8,8
spa_Latn,979,9,19
spa_Latn,979,10,14
eng_Latn,980,0,60
eng_Latn,980,1,29
eng_Latn,980,2,18
eng_Latn,980,3,5
eng_Latn,980,4,18
eng_Latn,980,5,18
eng_Latn,980,6,16
eng_Latn,980,7,18
eng_Latn,980,8,56
eng_Latn,980,9,57
spa_Latn,981,0,60
spa_Latn,981,1,8
spa_Latn,981,2,8
spa_Latn,981,3,8
spa_Latn,981,4,39
spa_Latn,981,5,8
spa_Latn,981,6,8
spa_Latn,981,7,1
spa_Latn,981,8,8
eng_Latn,982,0,60
eng_Latn,982,1,19
eng_Latn,982,2,22
eng_Latn,982,3,22
eng_Latn,982,4,52
eng_Latn,982,5,49
eng_Latn,982,6,9
eng_Latn,982,7,37
eng_Latn,982,8,57
eng_Latn,982,9,8
spa_Latn,983,0,60
spa_Latn,983,1,47
spa_Latn,983,2,8
spa_Latn,983,3,19
spa_Latn,983,4,8
spa_Latn,983,5,8
spa_Latn,983,6,8
spa_Latn,983,7,19
spa_Latn,983,8,8
spa_Latn,984,0,60
spa_Latn,984,1,19
spa_Latn,984,2,19
spa_Latn,984,3,8
spa_Latn,985,0,60
spa_Latn,985,1,47
spa_Latn,985,2,8
spa_Latn,985,3,61
spa_Latn,985,4,8
spa_Latn,985,5,19
spa_Latn,985,6,19
spa_Latn,985,7,16
spa_Latn,985,8,8
spa_Latn,985,9,19
spa_Latn,985,10,8
spa_Latn,985,11,15
spa_Latn,985,12,17
spa_Latn,985,13,10
spa_Latn,985,14,8
spa_Latn,985,15,8
spa_Latn,986,0,60
spa_Latn,986,1,7
spa_Latn,986,2,8
spa_Latn,986,3,8
spa_Latn,986,4,24
spa_Latn,986,5,10
spa_Latn,986,6,10
spa_Latn,986,7,8
spa_Latn,987,0,60
spa_Latn,987,1,19
spa_Latn,987,2,19
spa_Latn,987,3,47
spa_Latn,987,4,8
spa_Latn,987,5,8
spa_Latn,987,6,61
spa_Latn,987,7,8
spa_Latn,988,0,60
spa_Latn,988,1,19
spa_Latn,988,2,19
spa_Latn,988,3,8
spa_Latn,988,4,47
spa_Latn,988,5,47
spa_Latn,988,6,61
spa_Latn,988,7,10
spa_Latn,988,8,56
spa_Latn,988,9,8
spa_Latn,988,10,8
spa_Latn,988,11,8
spa_Latn,988,12,47
spa_Latn,988,13,8
eng_Latn,989,0,60
eng_Latn,989,1,52
eng_Latn,989,2,31
eng_Latn,989,3,52
spa_Latn,990,0,60
spa_Latn,990,1,61
spa_Latn,990,2,27
spa_Latn,990,3,49
spa_Latn,990,4,8
spa_Latn,990,5,8
spa_Latn,990,6,61
spa_Latn,990,7,19
spa_Latn,990,8,8
eng_Latn,991,0,60
eng_Latn,991,1,6
eng_Latn,991,2,56
eng_Latn,991,3,63
eng_Latn,991,4,43
eng_Latn,991,5,63
spa_Latn,992,0,60
spa_Latn,992,1,19
spa_Latn,992,2,19
spa_Latn,992,3,34
spa_Latn,992,4,29
spa_Latn,992,5,39
spa_Latn,992,6,34
spa_Latn,993,0,60
spa_Latn,993,1,8
spa_Latn,993,2,8
spa_Latn,993,3,39
spa_Latn,993,4,8
spa_Latn,993,5,8
spa_Latn,993,6,61
spa_Latn,993,7,39
spa_Latn,993,8,28
spa_Latn,993,9,52
spa_Latn,994,0,60
spa_Latn,994,1,61
spa_Latn,994,2,52
spa_Latn,994,3,8
spa_Latn,994,4,8
spa_Latn,994,5,47
spa_Latn,994,6,19
spa_Latn,994,7,8
eng_Latn,995,0,60
eng_Latn,995,1,51
eng_Latn,995,2,18
eng_Latn,995,3,18
eng_Latn,995,4,21
eng_Latn,995,5,16
eng_Latn,995,6,54
eng_Latn,995,7,52
eng_Latn,995,8,52
eng_Latn,995,9,52
eng_Latn,995,10,37
eng_Latn,995,11,49
spa_Latn,996,0,60
spa_Latn,996,1,8
spa_Latn,996,2,8
spa_Latn,996,3,8
spa_Latn,996,4,39
spa_Latn,996,5,8
spa_Latn,996,6,19
spa_Latn,996,7,16
spa_Latn,996,8,8
spa_Latn,996,9,19
spa_Latn,996,10,44
eng_Latn,997,0,60
eng_Latn,997,1,34
eng_Latn,997,2,20
eng_Latn,997,3,38
eng_Latn,997,4,61
eng_Latn,997,5,27
eng_Latn,997,6,33
eng_Latn,997,7,33
spa_Latn,998,0,60
spa_Latn,998,1,6
spa_Latn,998,2,33
spa_Latn,998,3,22
spa_Latn,998,4,22
spa_Latn,998,5,22
spa_Latn,999,0,60
spa_Latn,999,1,61
spa_Latn,999,2,19
spa_Latn,999,3,7
spa_Latn,999,4,7
spa_Latn,999,5,27
spa_Latn,999,6,47
spa_Latn,999,7,7
spa_Latn,999,8,8
spa_Latn,999,9,12
spa_Latn,999,10,27
spa_Latn,999,11,47
spa_Latn,999,12,49
spa_Latn,999,13,5
spa_Latn,999,14,26
spa_Latn,999,15,27
spa_Latn,999,16,49
spa_Latn,999,17,12
