lang,sentence_id,token_idx,expert_id
eng_Latn,0,0,60
eng_Latn,0,1,48
eng_Latn,0,2,56
eng_Latn,0,3,16
eng_Latn,0,4,16
eng_Latn,0,5,53
eng_Latn,0,6,1
eng_Latn,0,7,61
eng_Latn,0,8,49
eng_Latn,0,9,49
eng_Latn,1,0,60
eng_Latn,1,1,56
eng_Latn,1,2,1
eng_Latn,1,3,52
eng_Latn,2,0,60
eng_Latn,2,1,37
eng_Latn,2,2,14
eng_Latn,2,3,19
spa_Latn,3,0,60
spa_Latn,3,1,22
spa_Latn,3,2,11
spa_Latn,3,3,58
spa_Latn,3,4,61
spa_Latn,4,0,60
spa_Latn,4,1,19
spa_Latn,4,2,8
spa_Latn,4,3,8
spa_Latn,4,4,8
spa_Latn,4,5,47
spa_Latn,4,6,8
eng_Latn,5,0,60
eng_Latn,5,1,40
eng_Latn,5,2,40
eng_Latn,5,3,59
eng_Latn,5,4,19
eng_Latn,5,5,48
eng_Latn,5,6,62
eng_Latn,5,7,46
eng_Latn,5,8,57
eng_Latn,5,9,62
eng_Latn,6,0,60
eng_Latn,6,1,35
eng_Latn,6,2,17
eng_Latn,7,0,60
eng_Latn,7,1,24
eng_Latn,7,2,41
eng_Latn,7,3,34
eng_Latn,7,4,34
spa_Latn,8,0,60
spa_Latn,8,1,47
spa_Latn,8,2,34
spa_Latn,8,3,8
spa_Latn,8,4,39
spa_Latn,8,5,8
spa_Latn,8,6,8
spa_Latn,8,7,37
spa_Latn,8,8,47
spa_Latn,8,9,8
eng_Latn,9,0,60
eng_Latn,9,1,49
eng_Latn,9,2,24
eng_Latn,9,3,47
eng_Latn,9,4,39
spa_Latn,10,0,60
spa_Latn,10,1,24
spa_Latn,10,2,61
spa_Latn,10,3,47
spa_Latn,10,4,10
spa_Latn,10,5,10
spa_Latn,10,6,47
spa_Latn,10,7,8
spa_Latn,10,8,51
spa_Latn,10,9,19
spa_Latn,10,10,47
spa_Latn,10,11,8
spa_Latn,10,12,51
spa_Latn,10,13,19
spa_Latn,10,14,8
spa_Latn,10,15,8
spa_Latn,10,16,8
spa_Latn,10,17,19
spa_Latn,10,18,16
spa_Latn,11,0,60
spa_Latn,11,1,47
spa_Latn,11,2,39
spa_Latn,11,3,34
spa_Latn,11,4,8
spa_Latn,11,5,47
spa_Latn,11,6,47
spa_Latn,11,7,8
eng_Latn,12,0,60
eng_Latn,12,1,29
eng_Latn,12,2,38
eng_Latn,12,3,34
eng_Latn,12,4,18
eng_Latn,12,5,20
eng_Latn,12,6,16
eng_Latn,12,7,20
eng_Latn,12,8,34
eng_Latn,13,0,60
eng_Latn,13,1,34
eng_Latn,13,2,29
eng_Latn,13,3,34
eng_Latn,13,4,20
eng_Latn,13,5,49
eng_Latn,13,6,5
eng_Latn,13,7,49
spa_Latn,14,0,60
spa_Latn,14,1,40
spa_Latn,14,2,39
spa_Latn,14,3,8
spa_Latn,14,4,19
spa_Latn,14,5,47
spa_Latn,14,6,8
spa_Latn,14,7,8
spa_Latn,14,8,8
spa_Latn,14,9,7
eng_Latn,15,0,60
eng_Latn,15,1,52
eng_Latn,15,2,48
eng_Latn,15,3,56
eng_Latn,15,4,14
eng_Latn,15,5,55
eng_Latn,15,6,19
eng_Latn,15,7,19
eng_Latn,15,8,63
eng_Latn,16,0,60
eng_Latn,16,1,57
eng_Latn,16,2,46
eng_Latn,16,3,15
eng_Latn,16,4,63
eng_Latn,16,5,62
eng_Latn,16,6,52
eng_Latn,16,7,8
eng_Latn,16,8,46
eng_Latn,16,9,48
spa_Latn,17,0,60
spa_Latn,17,1,19
spa_Latn,17,2,47
spa_Latn,17,3,47
spa_Latn,17,4,47
spa_Latn,17,5,8
spa_Latn,17,6,8
spa_Latn,17,7,8
spa_Latn,17,8,8
spa_Latn,17,9,52
eng_Latn,18,0,60
eng_Latn,18,1,22
eng_Latn,18,2,42
eng_Latn,18,3,26
eng_Latn,18,4,14
eng_Latn,18,5,40
eng_Latn,18,6,33
eng_Latn,18,7,40
eng_Latn,18,8,33
spa_Latn,19,0,60
spa_Latn,19,1,19
spa_Latn,19,2,39
spa_Latn,19,3,34
spa_Latn,19,4,8
spa_Latn,19,5,8
spa_Latn,19,6,8
spa_Latn,19,7,8
spa_Latn,19,8,8
spa_Latn,19,9,34
spa_Latn,20,0,60
spa_Latn,20,1,7
spa_Latn,20,2,12
spa_Latn,20,3,47
spa_Latn,20,4,8
spa_Latn,20,5,43
spa_Latn,20,6,19
spa_Latn,20,7,8
spa_Latn,20,8,42
spa_Latn,20,9,61
spa_Latn,20,10,43
spa_Latn,20,11,27
spa_Latn,20,12,47
spa_Latn,20,13,47
spa_Latn,20,14,7
spa_Latn,20,15,12
spa_Latn,20,16,52
spa_Latn,20,17,19
spa_Latn,20,18,8
spa_Latn,21,0,60
spa_Latn,21,1,61
spa_Latn,21,2,17
spa_Latn,21,3,17
spa_Latn,21,4,1
spa_Latn,21,5,19
spa_Latn,21,6,39
spa_Latn,21,7,8
spa_Latn,22,0,60
spa_Latn,22,1,12
spa_Latn,22,2,19
spa_Latn,22,3,19
spa_Latn,22,4,8
spa_Latn,22,5,8
spa_Latn,22,6,19
spa_Latn,22,7,8
spa_Latn,22,8,8
spa_Latn,22,9,19
spa_Latn,22,10,19
spa_Latn,22,11,19
spa_Latn,22,12,8
spa_Latn,22,13,8
spa_Latn,22,14,8
spa_Latn,22,15,62
eng_Latn,23,0,60
eng_Latn,23,1,45
eng_Latn,23,2,45
eng_Latn,23,3,35
eng_Latn,23,4,19
eng_Latn,23,5,20
eng_Latn,23,6,6
eng_Latn,23,7,45
eng_Latn,23,8,36
eng_Latn,23,9,16
eng_Latn,24,0,60
eng_Latn,24,1,14
eng_Latn,24,2,19
eng_Latn,24,3,40
eng_Latn,24,4,18
eng_Latn,25,0,60
eng_Latn,25,1,17
eng_Latn,25,2,17
eng_Latn,25,3,2
eng_Latn,25,4,30
eng_Latn,25,5,35
eng_Latn,25,6,41
eng_Latn,25,7,15
spa_Latn,26,0,60
spa_Latn,26,1,19
spa_Latn,26,2,8
spa_Latn,26,3,8
spa_Latn,26,4,8
eng_Latn,27,0,60
eng_Latn,27,1,22
eng_Latn,27,2,60
eng_Latn,27,3,47
spa_Latn,28,0,60
spa_Latn,28,1,40
spa_Latn,28,2,7
spa_Latn,28,3,8
spa_Latn,28,4,24
spa_Latn,28,5,40
spa_Latn,28,6,40
spa_Latn,28,7,61
eng_Latn,29,0,60
eng_Latn,29,1,38
eng_Latn,29,2,33
eng_Latn,29,3,33
eng_Latn,29,4,33
eng_Latn,29,5,33
eng_Latn,29,6,24
eng_Latn,29,7,33
spa_Latn,30,0,60
spa_Latn,30,1,47
spa_Latn,30,2,47
spa_Latn,30,3,7
spa_Latn,30,4,52
spa_Latn,30,5,19
spa_Latn,30,6,8
spa_Latn,30,7,8
spa_Latn,30,8,19
spa_Latn,30,9,16
eng_Latn,31,0,60
eng_Latn,31,1,41
eng_Latn,31,2,15
eng_Latn,31,3,48
eng_Latn,31,4,56
eng_Latn,31,5,57
eng_Latn,31,6,24
eng_Latn,31,7,37
eng_Latn,31,8,37
eng_Latn,31,9,3
eng_Latn,32,0,60
eng_Latn,32,1,57
eng_Latn,32,2,37
eng_Latn,32,3,37
eng_Latn,32,4,15
eng_Latn,32,5,56
eng_Latn,32,6,54
eng_Latn,32,7,37
eng_Latn,32,8,37
spa_Latn,33,0,60
spa_Latn,33,1,16
spa_Latn,33,2,10
spa_Latn,33,3,8
spa_Latn,33,4,29
spa_Latn,33,5,47
spa_Latn,33,6,8
spa_Latn,33,7,8
spa_Latn,33,8,19
spa_Latn,33,9,19
spa_Latn,33,10,8
eng_Latn,34,0,60
eng_Latn,34,1,63
eng_Latn,34,2,63
eng_Latn,34,3,53
eng_Latn,34,4,37
eng_Latn,34,5,63
spa_Latn,35,0,60
spa_Latn,35,1,19
spa_Latn,35,2,34
spa_Latn,35,3,27
spa_Latn,35,4,40
eng_Latn,36,0,60
eng_Latn,36,1,56
eng_Latn,36,2,52
eng_Latn,36,3,54
eng_Latn,36,4,46
eng_Latn,36,5,10
eng_Latn,36,6,23
eng_Latn,36,7,23
eng_Latn,37,0,60
eng_Latn,37,1,9
eng_Latn,37,2,9
eng_Latn,37,3,31
eng_Latn,37,4,51
eng_Latn,37,5,54
eng_Latn,37,6,18
eng_Latn,37,7,4
eng_Latn,37,8,61
eng_Latn,37,9,47
eng_Latn,37,10,34
eng_Latn,37,11,53
eng_Latn,37,12,34
spa_Latn,38,0,60
spa_Latn,38,1,22
spa_Latn,38,2,40
spa_Latn,38,3,28
spa_Latn,38,4,52
spa_Latn,38,5,47
spa_Latn,38,6,52
spa_Latn,39,0,60
spa_Latn,39,1,60
spa_Latn,39,2,60
spa_Latn,39,3,26
spa_Latn,39,4,13
spa_Latn,39,5,13
spa_Latn,39,6,13
spa_Latn,39,7,47
eng_Latn,40,0,60
eng_Latn,40,1,35
eng_Latn,40,2,56
eng_Latn,40,3,56
eng_Latn,41,0,60
eng_Latn,41,1,52
eng_Latn,41,2,48
eng_Latn,41,3,56
eng_Latn,41,4,34
eng_Latn,41,5,34
spa_Latn,42,0,60
spa_Latn,42,1,19
spa_Latn,42,2,19
spa_Latn,42,3,19
spa_Latn,42,4,16
eng_Latn,43,0,60
eng_Latn,43,1,5
eng_Latn,43,2,20
eng_Latn,43,3,52
eng_Latn,43,4,57
eng_Latn,43,5,23
eng_Latn,43,6,23
eng_Latn,43,7,61
eng_Latn,43,8,15
eng_Latn,43,9,16
eng_Latn,43,10,20
eng_Latn,43,11,63
eng_Latn,44,0,60
eng_Latn,44,1,9
eng_Latn,44,2,38
eng_Latn,44,3,15
eng_Latn,44,4,56
eng_Latn,44,5,63
eng_Latn,44,6,63
eng_Latn,44,7,37
eng_Latn,44,8,49
eng_Latn,44,9,63
eng_Latn,44,10,37
eng_Latn,45,0,60
eng_Latn,45,1,52
eng_Latn,45,2,18
eng_Latn,45,3,16
eng_Latn,45,4,18
eng_Latn,45,5,16
eng_Latn,45,6,34
eng_Latn,45,7,56
eng_Latn,45,8,33
eng_Latn,45,9,26
eng_Latn,45,10,40
eng_Latn,45,11,13
eng_Latn,46,0,60
eng_Latn,46,1,2
eng_Latn,46,2,5
eng_Latn,46,3,19
eng_Latn,46,4,19
eng_Latn,46,5,46
eng_Latn,46,6,5
eng_Latn,46,7,61
eng_Latn,47,0,60
eng_Latn,47,1,42
eng_Latn,47,2,19
eng_Latn,47,3,22
eng_Latn,47,4,26
eng_Latn,47,5,26
eng_Latn,47,6,60
eng_Latn,47,7,9
eng_Latn,47,8,26
eng_Latn,47,9,8
eng_Latn,48,0,60
eng_Latn,48,1,12
eng_Latn,48,2,42
eng_Latn,48,3,19
eng_Latn,48,4,22
eng_Latn,48,5,49
eng_Latn,48,6,9
eng_Latn,48,7,19
eng_Latn,48,8,8
eng_Latn,49,0,60
eng_Latn,49,1,40
eng_Latn,49,2,19
eng_Latn,49,3,7
eng_Latn,49,4,52
eng_Latn,49,5,1
eng_Latn,49,6,52
eng_Latn,49,7,37
eng_Latn,49,8,1
eng_Latn,49,9,9
eng_Latn,49,10,1
eng_Latn,50,0,60
eng_Latn,50,1,20
eng_Latn,50,2,20
eng_Latn,50,3,34
eng_Latn,50,4,9
eng_Latn,50,5,20
eng_Latn,50,6,14
eng_Latn,50,7,47
spa_Latn,51,0,60
spa_Latn,51,1,8
spa_Latn,51,2,15
spa_Latn,51,3,19
spa_Latn,51,4,47
spa_Latn,51,5,39
spa_Latn,51,6,10
spa_Latn,51,7,8
spa_Latn,51,8,19
spa_Latn,51,9,47
spa_Latn,51,10,8
spa_Latn,51,11,8
spa_Latn,51,12,10
eng_Latn,52,0,60
eng_Latn,52,1,12
eng_Latn,52,2,42
eng_Latn,52,3,22
eng_Latn,52,4,27
eng_Latn,52,5,49
eng_Latn,52,6,12
eng_Latn,52,7,22
eng_Latn,52,8,22
eng_Latn,53,0,60
eng_Latn,53,1,22
eng_Latn,53,2,56
eng_Latn,53,3,35
eng_Latn,53,4,35
eng_Latn,53,5,51
spa_Latn,54,0,60
spa_Latn,54,1,61
spa_Latn,54,2,47
spa_Latn,54,3,8
spa_Latn,54,4,8
spa_Latn,54,5,8
spa_Latn,54,6,19
spa_Latn,55,0,60
spa_Latn,55,1,19
spa_Latn,55,2,8
spa_Latn,55,3,20
spa_Latn,55,4,19
spa_Latn,55,5,19
spa_Latn,55,6,29
spa_Latn,55,7,8
spa_Latn,55,8,42
spa_Latn,55,9,19
spa_Latn,55,10,34
spa_Latn,55,11,8
spa_Latn,55,12,8
spa_Latn,55,13,60
spa_Latn,55,14,9
eng_Latn,56,0,60
eng_Latn,56,1,37
eng_Latn,56,2,54
eng_Latn,56,3,26
eng_Latn,56,4,40
eng_Latn,56,5,5
eng_Latn,56,6,61
eng_Latn,56,7,50
eng_Latn,56,8,24
eng_Latn,56,9,61
eng_Latn,56,10,48
eng_Latn,56,11,22
eng_Latn,57,0,60
eng_Latn,57,1,12
eng_Latn,57,2,42
eng_Latn,57,3,19
eng_Latn,57,4,22
eng_Latn,57,5,49
eng_Latn,57,6,9
eng_Latn,57,7,19
eng_Latn,57,8,22
eng_Latn,57,9,40
eng_Latn,58,0,60
eng_Latn,58,1,37
eng_Latn,58,2,37
eng_Latn,58,3,52
eng_Latn,58,4,37
eng_Latn,59,0,60
eng_Latn,59,1,50
eng_Latn,59,2,48
eng_Latn,59,3,20
eng_Latn,59,4,48
eng_Latn,59,5,48
eng_Latn,59,6,56
eng_Latn,59,7,35
eng_Latn,59,8,44
eng_Latn,60,0,60
eng_Latn,60,1,45
eng_Latn,60,2,52
eng_Latn,61,0,60
eng_Latn,61,1,49
eng_Latn,61,2,39
spa_Latn,62,0,60
spa_Latn,62,1,19
spa_Latn,62,2,19
spa_Latn,62,3,39
spa_Latn,62,4,8
spa_Latn,62,5,8
spa_Latn,62,6,40
spa_Latn,62,7,8
spa_Latn,62,8,8
spa_Latn,62,9,8
spa_Latn,62,10,52
eng_Latn,63,0,60
eng_Latn,63,1,19
eng_Latn,63,2,46
eng_Latn,63,3,8
spa_Latn,64,0,60
spa_Latn,64,1,8
spa_Latn,64,2,31
spa_Latn,64,3,8
spa_Latn,64,4,34
spa_Latn,64,5,53
spa_Latn,64,6,8
spa_Latn,64,7,7
spa_Latn,64,8,34
spa_Latn,64,9,28
spa_Latn,64,10,39
spa_Latn,64,11,8
spa_Latn,64,12,8
eng_Latn,65,0,60
eng_Latn,65,1,61
eng_Latn,65,2,46
eng_Latn,65,3,48
eng_Latn,65,4,31
eng_Latn,65,5,52
eng_Latn,65,6,52
eng_Latn,65,7,19
eng_Latn,65,8,19
eng_Latn,65,9,3
eng_Latn,65,10,3
eng_Latn,65,11,57
eng_Latn,65,12,37
eng_Latn,65,13,52
spa_Latn,66,0,60
spa_Latn,66,1,57
spa_Latn,66,2,1
spa_Latn,66,3,8
spa_Latn,66,4,20
spa_Latn,66,5,1
spa_Latn,66,6,52
spa_Latn,66,7,8
eng_Latn,67,0,60
eng_Latn,67,1,58
eng_Latn,67,2,22
eng_Latn,67,3,37
eng_Latn,67,4,52
eng_Latn,67,5,5
eng_Latn,67,6,22
eng_Latn,67,7,60
eng_Latn,67,8,52
eng_Latn,67,9,13
eng_Latn,67,10,1
eng_Latn,67,11,13
eng_Latn,68,0,60
eng_Latn,68,1,8
eng_Latn,68,2,8
eng_Latn,68,3,24
eng_Latn,68,4,47
eng_Latn,68,5,19
eng_Latn,68,6,37
eng_Latn,68,7,8
eng_Latn,68,8,19
eng_Latn,68,9,19
eng_Latn,68,10,8
eng_Latn,68,11,8
eng_Latn,68,12,54
eng_Latn,68,13,35
eng_Latn,68,14,46
spa_Latn,69,0,60
spa_Latn,69,1,8
spa_Latn,69,2,8
spa_Latn,69,3,19
spa_Latn,69,4,8
spa_Latn,69,5,60
eng_Latn,70,0,60
eng_Latn,70,1,15
eng_Latn,70,2,56
eng_Latn,70,3,63
eng_Latn,70,4,60
eng_Latn,70,5,30
eng_Latn,70,6,37
spa_Latn,71,0,60
spa_Latn,71,1,17
spa_Latn,71,2,19
spa_Latn,71,3,8
spa_Latn,71,4,8
eng_Latn,72,0,60
eng_Latn,72,1,38
eng_Latn,72,2,15
eng_Latn,72,3,29
eng_Latn,72,4,35
eng_Latn,72,5,57
eng_Latn,72,6,57
spa_Latn,73,0,60
spa_Latn,73,1,19
spa_Latn,73,2,8
spa_Latn,73,3,8
spa_Latn,73,4,19
spa_Latn,73,5,39
spa_Latn,73,6,8
spa_Latn,73,7,19
spa_Latn,73,8,33
spa_Latn,74,0,60
spa_Latn,74,1,8
spa_Latn,74,2,8
spa_Latn,74,3,8
spa_Latn,74,4,8
spa_Latn,74,5,20
spa_Latn,74,6,19
spa_Latn,74,7,19
spa_Latn,74,8,34
spa_Latn,74,9,8
spa_Latn,74,10,8
spa_Latn,74,11,19
spa_Latn,74,12,8
spa_Latn,75,0,60
spa_Latn,75,1,35
spa_Latn,75,2,19
spa_Latn,75,3,8
spa_Latn,75,4,8
spa_Latn,75,5,28
spa_Latn,75,6,28
spa_Latn,75,7,8
spa_Latn,75,8,8
eng_Latn,76,0,60
eng_Latn,76,1,56
eng_Latn,76,2,41
eng_Latn,76,3,54
eng_Latn,76,4,0
eng_Latn,76,5,41
eng_Latn,76,6,1
eng_Latn,76,7,40
eng_Latn,77,0,60
eng_Latn,77,1,20
eng_Latn,77,2,62
eng_Latn,77,3,46
eng_Latn,78,0,60
eng_Latn,78,1,13
eng_Latn,78,2,13
eng_Latn,78,3,5
eng_Latn,78,4,7
eng_Latn,79,0,60
eng_Latn,79,1,60
eng_Latn,79,2,61
eng_Latn,79,3,39
eng_Latn,79,4,7
eng_Latn,79,5,11
eng_Latn,79,6,35
eng_Latn,79,7,48
eng_Latn,79,8,56
eng_Latn,79,9,54
eng_Latn,79,10,35
eng_Latn,79,11,35
eng_Latn,79,12,51
eng_Latn,80,0,60
eng_Latn,80,1,56
eng_Latn,80,2,37
eng_Latn,80,3,43
eng_Latn,80,4,56
eng_Latn,80,5,57
eng_Latn,80,6,35
eng_Latn,80,7,17
eng_Latn,81,0,60
eng_Latn,81,1,45
eng_Latn,81,2,19
eng_Latn,81,3,33
eng_Latn,81,4,56
eng_Latn,81,5,35
eng_Latn,81,6,33
eng_Latn,81,7,33
spa_Latn,82,0,60
spa_Latn,82,1,52
spa_Latn,82,2,52
spa_Latn,82,3,52
spa_Latn,82,4,63
eng_Latn,83,0,60
eng_Latn,83,1,9
eng_Latn,83,2,56
eng_Latn,83,3,41
eng_Latn,83,4,24
eng_Latn,83,5,52
eng_Latn,83,6,52
eng_Latn,83,7,52
eng_Latn,83,8,57
eng_Latn,83,9,41
eng_Latn,83,10,2
eng_Latn,83,11,18
eng_Latn,83,12,48
eng_Latn,83,13,18
eng_Latn,83,14,16
spa_Latn,84,0,60
spa_Latn,84,1,26
spa_Latn,84,2,8
spa_Latn,84,3,24
spa_Latn,84,4,8
spa_Latn,84,5,8
spa_Latn,84,6,8
spa_Latn,84,7,52
eng_Latn,85,0,60
eng_Latn,85,1,13
eng_Latn,85,2,13
eng_Latn,85,3,13
eng_Latn,85,4,5
eng_Latn,85,5,7
spa_Latn,86,0,60
spa_Latn,86,1,47
spa_Latn,86,2,19
spa_Latn,86,3,8
spa_Latn,86,4,19
spa_Latn,86,5,39
spa_Latn,86,6,39
spa_Latn,86,7,8
spa_Latn,86,8,39
spa_Latn,86,9,19
spa_Latn,86,10,39
spa_Latn,86,11,8
spa_Latn,86,12,51
spa_Latn,86,13,17
spa_Latn,86,14,17
spa_Latn,86,15,1
spa_Latn,86,16,19
spa_Latn,86,17,4
eng_Latn,87,0,60
eng_Latn,87,1,12
eng_Latn,87,2,42
eng_Latn,87,3,22
eng_Latn,87,4,27
eng_Latn,87,5,49
eng_Latn,87,6,9
eng_Latn,87,7,40
eng_Latn,88,0,60
eng_Latn,88,1,41
spa_Latn,89,0,60
spa_Latn,89,1,49
spa_Latn,89,2,54
spa_Latn,89,3,8
spa_Latn,90,0,60
spa_Latn,90,1,19
spa_Latn,90,2,19
spa_Latn,90,3,52
spa_Latn,90,4,52
spa_Latn,90,5,8
spa_Latn,90,6,8
spa_Latn,90,7,8
spa_Latn,90,8,19
spa_Latn,90,9,19
spa_Latn,90,10,47
spa_Latn,90,11,8
spa_Latn,90,12,19
spa_Latn,90,13,49
spa_Latn,90,14,26
spa_Latn,90,15,19
spa_Latn,90,16,49
spa_Latn,90,17,61
spa_Latn,90,18,26
spa_Latn,90,19,18
spa_Latn,90,20,8
eng_Latn,91,0,60
eng_Latn,91,1,18
eng_Latn,91,2,4
eng_Latn,91,3,46
eng_Latn,92,0,60
eng_Latn,92,1,35
eng_Latn,92,2,35
eng_Latn,92,3,48
eng_Latn,92,4,48
eng_Latn,92,5,12
eng_Latn,92,6,37
eng_Latn,92,7,37
eng_Latn,92,8,37
eng_Latn,93,0,60
eng_Latn,93,1,38
eng_Latn,93,2,15
eng_Latn,93,3,56
eng_Latn,93,4,32
eng_Latn,93,5,4
eng_Latn,93,6,18
eng_Latn,93,7,50
eng_Latn,93,8,49
eng_Latn,94,0,60
eng_Latn,94,1,48
eng_Latn,94,2,18
eng_Latn,94,3,56
eng_Latn,94,4,35
eng_Latn,94,5,46
eng_Latn,94,6,48
eng_Latn,94,7,54
eng_Latn,95,0,60
eng_Latn,95,1,38
eng_Latn,95,2,46
eng_Latn,95,3,9
eng_Latn,95,4,14
eng_Latn,95,5,35
eng_Latn,95,6,46
eng_Latn,95,7,43
eng_Latn,95,8,15
spa_Latn,96,0,60
spa_Latn,96,1,19
spa_Latn,96,2,61
spa_Latn,96,3,19
spa_Latn,96,4,8
spa_Latn,96,5,8
spa_Latn,97,0,60
spa_Latn,97,1,31
spa_Latn,97,2,19
spa_Latn,97,3,39
spa_Latn,97,4,34
spa_Latn,97,5,53
spa_Latn,97,6,8
spa_Latn,97,7,61
spa_Latn,97,8,47
spa_Latn,97,9,19
spa_Latn,97,10,8
spa_Latn,97,11,8
spa_Latn,97,12,8
spa_Latn,97,13,19
spa_Latn,97,14,8
eng_Latn,98,0,60
eng_Latn,98,1,49
eng_Latn,98,2,18
eng_Latn,98,3,35
eng_Latn,98,4,57
eng_Latn,98,5,53
eng_Latn,98,6,38
eng_Latn,98,7,51
eng_Latn,98,8,57
eng_Latn,98,9,51
spa_Latn,99,0,60
spa_Latn,99,1,47
spa_Latn,99,2,13
spa_Latn,99,3,54
spa_Latn,99,4,8
spa_Latn,99,5,8
spa_Latn,99,6,47
spa_Latn,99,7,8
spa_Latn,100,0,60
spa_Latn,100,1,19
spa_Latn,100,2,8
spa_Latn,100,3,8
spa_Latn,100,4,47
spa_Latn,100,5,8
spa_Latn,101,0,60
spa_Latn,101,1,27
spa_Latn,101,2,19
spa_Latn,101,3,34
spa_Latn,101,4,39
spa_Latn,101,5,8
spa_Latn,101,6,8
spa_Latn,101,7,8
spa_Latn,101,8,19
spa_Latn,101,9,8
spa_Latn,101,10,8
spa_Latn,101,11,8
spa_Latn,101,12,19
spa_Latn,101,13,30
eng_Latn,102,0,60
eng_Latn,102,1,40
eng_Latn,102,2,46
eng_Latn,102,3,47
eng_Latn,102,4,19
eng_Latn,102,5,34
eng_Latn,103,0,60
eng_Latn,103,1,47
eng_Latn,103,2,1
eng_Latn,103,3,28
eng_Latn,103,4,13
eng_Latn,103,5,39
eng_Latn,103,6,13
eng_Latn,103,7,27
eng_Latn,103,8,61
eng_Latn,103,9,27
eng_Latn,103,10,27
eng_Latn,104,0,60
eng_Latn,104,1,22
eng_Latn,104,2,22
eng_Latn,104,3,22
eng_Latn,104,4,58
eng_Latn,105,0,60
eng_Latn,105,1,19
eng_Latn,105,2,33
eng_Latn,105,3,33
eng_Latn,106,0,60
eng_Latn,106,1,18
eng_Latn,106,2,56
eng_Latn,106,3,4
eng_Latn,106,4,2
eng_Latn,106,5,27
eng_Latn,106,6,16
eng_Latn,107,0,60
eng_Latn,107,1,37
eng_Latn,107,2,52
eng_Latn,107,3,26
eng_Latn,107,4,39
eng_Latn,107,5,19
eng_Latn,107,6,19
eng_Latn,107,7,49
eng_Latn,107,8,12
eng_Latn,107,9,26
eng_Latn,107,10,61
eng_Latn,107,11,7
spa_Latn,108,0,60
spa_Latn,108,1,19
spa_Latn,108,2,8
spa_Latn,108,3,19
spa_Latn,108,4,8
spa_Latn,109,0,60
spa_Latn,109,1,19
spa_Latn,109,2,61
spa_Latn,109,3,33
spa_Latn,109,4,12
spa_Latn,109,5,47
spa_Latn,109,6,1
spa_Latn,109,7,1
spa_Latn,109,8,47
spa_Latn,109,9,11
spa_Latn,109,10,26
spa_Latn,109,11,26
spa_Latn,109,12,39
spa_Latn,109,13,26
spa_Latn,109,14,42
spa_Latn,109,15,26
spa_Latn,109,16,39
spa_Latn,109,17,39
eng_Latn,110,0,60
eng_Latn,110,1,45
eng_Latn,110,2,18
eng_Latn,110,3,16
eng_Latn,110,4,38
eng_Latn,110,5,15
eng_Latn,110,6,2
eng_Latn,110,7,59
eng_Latn,110,8,34
spa_Latn,111,0,60
spa_Latn,111,1,39
spa_Latn,111,2,29
spa_Latn,111,3,8
spa_Latn,111,4,8
spa_Latn,111,5,23
spa_Latn,111,6,8
spa_Latn,111,7,8
spa_Latn,111,8,49
spa_Latn,111,9,26
spa_Latn,111,10,19
spa_Latn,111,11,8
eng_Latn,112,0,60
eng_Latn,112,1,42
eng_Latn,112,2,38
eng_Latn,112,3,18
eng_Latn,112,4,16
eng_Latn,112,5,33
eng_Latn,112,6,33
spa_Latn,113,0,60
spa_Latn,113,1,47
spa_Latn,113,2,34
spa_Latn,113,3,29
spa_Latn,113,4,19
spa_Latn,113,5,19
spa_Latn,113,6,34
spa_Latn,113,7,11
spa_Latn,113,8,47
eng_Latn,114,0,60
eng_Latn,114,1,22
eng_Latn,114,2,9
eng_Latn,114,3,12
eng_Latn,114,4,19
eng_Latn,114,5,40
eng_Latn,114,6,34
eng_Latn,115,0,60
eng_Latn,115,1,56
eng_Latn,115,2,37
eng_Latn,115,3,57
eng_Latn,115,4,35
eng_Latn,115,5,57
eng_Latn,115,6,25
eng_Latn,115,7,35
eng_Latn,115,8,57
eng_Latn,115,9,49
eng_Latn,116,0,60
eng_Latn,116,1,40
eng_Latn,116,2,46
eng_Latn,116,3,18
eng_Latn,117,0,60
eng_Latn,117,1,29
eng_Latn,117,2,57
eng_Latn,117,3,31
eng_Latn,117,4,59
eng_Latn,117,5,46
eng_Latn,117,6,51
eng_Latn,117,7,16
eng_Latn,117,8,45
eng_Latn,117,9,45
eng_Latn,117,10,34
eng_Latn,118,0,60
eng_Latn,118,1,22
eng_Latn,118,2,24
eng_Latn,118,3,37
eng_Latn,118,4,24
eng_Latn,118,5,3
spa_Latn,119,0,60
spa_Latn,119,1,19
spa_Latn,119,2,8
spa_Latn,119,3,8
spa_Latn,119,4,7
spa_Latn,119,5,8
spa_Latn,119,6,8
spa_Latn,119,7,61
spa_Latn,119,8,8
spa_Latn,119,9,8
spa_Latn,119,10,8
eng_Latn,120,0,60
eng_Latn,120,1,40
eng_Latn,120,2,51
eng_Latn,120,3,17
eng_Latn,120,4,17
eng_Latn,120,5,4
eng_Latn,120,6,59
eng_Latn,120,7,57
spa_Latn,121,0,60
spa_Latn,121,1,19
spa_Latn,121,2,39
spa_Latn,121,3,39
spa_Latn,121,4,34
spa_Latn,121,5,42
spa_Latn,121,6,19
spa_Latn,121,7,39
spa_Latn,121,8,8
spa_Latn,121,9,19
eng_Latn,122,0,60
eng_Latn,122,1,19
eng_Latn,122,2,40
eng_Latn,122,3,18
eng_Latn,122,4,14
eng_Latn,122,5,38
eng_Latn,122,6,40
eng_Latn,122,7,46
eng_Latn,122,8,47
eng_Latn,122,9,15
eng_Latn,122,10,12
eng_Latn,122,11,11
eng_Latn,122,12,19
eng_Latn,122,13,22
eng_Latn,123,0,60
eng_Latn,123,1,49
eng_Latn,123,2,49
eng_Latn,123,3,39
spa_Latn,124,0,60
spa_Latn,124,1,19
spa_Latn,124,2,39
spa_Latn,124,3,8
spa_Latn,124,4,8
spa_Latn,124,5,8
spa_Latn,124,6,39
spa_Latn,124,7,8
spa_Latn,124,8,19
spa_Latn,124,9,8
spa_Latn,124,10,8
spa_Latn,124,11,3
spa_Latn,124,12,47
eng_Latn,125,0,60
eng_Latn,125,1,9
eng_Latn,125,2,56
eng_Latn,125,3,41
eng_Latn,125,4,17
eng_Latn,125,5,20
eng_Latn,125,6,57
eng_Latn,125,7,15
eng_Latn,125,8,16
eng_Latn,125,9,8
eng_Latn,125,10,8
eng_Latn,125,11,15
eng_Latn,126,0,60
eng_Latn,126,1,19
eng_Latn,126,2,19
eng_Latn,126,3,33
eng_Latn,126,4,56
eng_Latn,126,5,33
eng_Latn,127,0,60
eng_Latn,127,1,47
eng_Latn,127,2,61
eng_Latn,127,3,9
eng_Latn,127,4,7
spa_Latn,128,0,60
spa_Latn,128,1,17
spa_Latn,128,2,10
spa_Latn,128,3,39
spa_Latn,128,4,34
spa_Latn,129,0,60
spa_Latn,129,1,47
spa_Latn,129,2,7
spa_Latn,129,3,8
spa_Latn,129,4,20
spa_Latn,129,5,35
spa_Latn,129,6,52
spa_Latn,129,7,52
spa_Latn,129,8,47
spa_Latn,129,9,19
spa_Latn,129,10,39
spa_Latn,129,11,8
spa_Latn,129,12,1
spa_Latn,129,13,19
spa_Latn,129,14,52
spa_Latn,129,15,52
spa_Latn,129,16,1
spa_Latn,129,17,37
spa_Latn,130,0,60
spa_Latn,130,1,12
spa_Latn,130,2,61
spa_Latn,130,3,22
spa_Latn,130,4,35
spa_Latn,130,5,8
spa_Latn,130,6,8
spa_Latn,130,7,17
spa_Latn,130,8,8
spa_Latn,130,9,8
spa_Latn,130,10,19
spa_Latn,130,11,8
eng_Latn,131,0,60
eng_Latn,131,1,33
eng_Latn,131,2,29
eng_Latn,131,3,33
eng_Latn,131,4,33
eng_Latn,131,5,33
eng_Latn,131,6,33
eng_Latn,131,7,57
eng_Latn,131,8,33
eng_Latn,131,9,46
eng_Latn,132,0,60
eng_Latn,132,1,52
eng_Latn,132,2,1
eng_Latn,132,3,52
eng_Latn,132,4,52
eng_Latn,132,5,47
eng_Latn,132,6,19
eng_Latn,132,7,63
spa_Latn,133,0,60
spa_Latn,133,1,19
spa_Latn,133,2,8
spa_Latn,133,3,47
spa_Latn,133,4,8
spa_Latn,133,5,53
spa_Latn,133,6,19
spa_Latn,133,7,39
eng_Latn,134,0,60
eng_Latn,134,1,18
eng_Latn,134,2,61
eng_Latn,134,3,16
eng_Latn,134,4,18
eng_Latn,134,5,20
eng_Latn,134,6,30
eng_Latn,134,7,57
eng_Latn,134,8,20
eng_Latn,134,9,19
eng_Latn,134,10,51
spa_Latn,135,0,60
spa_Latn,135,1,19
spa_Latn,135,2,1
spa_Latn,135,3,8
spa_Latn,135,4,19
spa_Latn,135,5,10
spa_Latn,135,6,8
spa_Latn,135,7,8
spa_Latn,135,8,8
spa_Latn,135,9,19
spa_Latn,135,10,8
spa_Latn,136,0,60
spa_Latn,136,1,22
spa_Latn,136,2,24
spa_Latn,136,3,1
spa_Latn,136,4,62
spa_Latn,136,5,5
spa_Latn,136,6,47
spa_Latn,136,7,1
spa_Latn,136,8,52
spa_Latn,137,0,60
spa_Latn,137,1,9
spa_Latn,137,2,19
spa_Latn,137,3,52
spa_Latn,137,4,7
spa_Latn,137,5,8
spa_Latn,137,6,47
spa_Latn,137,7,13
spa_Latn,137,8,52
spa_Latn,137,9,52
spa_Latn,138,0,60
spa_Latn,138,1,39
spa_Latn,138,2,19
spa_Latn,138,3,8
spa_Latn,138,4,8
eng_Latn,139,0,60
eng_Latn,139,1,27
eng_Latn,139,2,19
eng_Latn,139,3,18
eng_Latn,139,4,37
eng_Latn,139,5,57
eng_Latn,139,6,48
eng_Latn,139,7,48
eng_Latn,139,8,48
eng_Latn,139,9,48
eng_Latn,139,10,49
eng_Latn,140,0,60
eng_Latn,140,1,57
eng_Latn,140,2,32
eng_Latn,140,3,62
eng_Latn,140,4,62
eng_Latn,140,5,57
eng_Latn,141,0,60
eng_Latn,141,1,20
eng_Latn,141,2,35
eng_Latn,141,3,63
eng_Latn,141,4,53
eng_Latn,141,5,35
eng_Latn,141,6,15
eng_Latn,142,0,60
eng_Latn,142,1,19
eng_Latn,142,2,40
eng_Latn,142,3,17
eng_Latn,142,4,16
eng_Latn,142,5,31
eng_Latn,142,6,53
eng_Latn,142,7,34
eng_Latn,143,0,60
eng_Latn,143,1,22
eng_Latn,143,2,45
eng_Latn,143,3,22
eng_Latn,143,4,16
eng_Latn,143,5,59
eng_Latn,143,6,34
eng_Latn,143,7,20
eng_Latn,143,8,19
eng_Latn,143,9,19
eng_Latn,143,10,34
eng_Latn,144,0,60
eng_Latn,144,1,17
eng_Latn,144,2,32
eng_Latn,144,3,17
eng_Latn,144,4,4
eng_Latn,144,5,32
eng_Latn,144,6,4
spa_Latn,145,0,60
spa_Latn,145,1,47
spa_Latn,145,2,8
spa_Latn,145,3,19
spa_Latn,145,4,8
spa_Latn,145,5,8
spa_Latn,145,6,8
spa_Latn,145,7,19
spa_Latn,145,8,8
spa_Latn,146,0,60
spa_Latn,146,1,47
spa_Latn,146,2,8
spa_Latn,146,3,5
spa_Latn,146,4,26
spa_Latn,146,5,40
spa_Latn,146,6,49
spa_Latn,146,7,12
spa_Latn,146,8,49
eng_Latn,147,0,60
eng_Latn,147,1,22
eng_Latn,147,2,9
eng_Latn,147,3,9
eng_Latn,147,4,40
eng_Latn,147,5,51
eng_Latn,147,6,9
eng_Latn,147,7,9
eng_Latn,147,8,22
eng_Latn,147,9,9
eng_Latn,147,10,61
eng_Latn,147,11,22
eng_Latn,147,12,41
eng_Latn,147,13,34
spa_Latn,148,0,60
spa_Latn,148,1,19
spa_Latn,148,2,39
spa_Latn,148,3,15
spa_Latn,148,4,8
spa_Latn,148,5,29
spa_Latn,148,6,40
spa_Latn,148,7,7
spa_Latn,148,8,14
spa_Latn,148,9,40
spa_Latn,148,10,40
spa_Latn,148,11,60
spa_Latn,149,0,60
spa_Latn,149,1,19
spa_Latn,149,2,47
spa_Latn,149,3,8
spa_Latn,149,4,58
spa_Latn,149,5,47
spa_Latn,149,6,47
spa_Latn,149,7,8
eng_Latn,150,0,60
eng_Latn,150,1,40
eng_Latn,150,2,29
eng_Latn,150,3,34
spa_Latn,151,0,60
spa_Latn,151,1,8
spa_Latn,151,2,61
spa_Latn,151,3,7
spa_Latn,151,4,8
spa_Latn,151,5,19
spa_Latn,151,6,8
spa_Latn,151,7,8
spa_Latn,151,8,8
spa_Latn,151,9,8
spa_Latn,151,10,8
spa_Latn,151,11,19
spa_Latn,151,12,8
spa_Latn,151,13,8
eng_Latn,152,0,60
eng_Latn,152,1,48
eng_Latn,152,2,4
eng_Latn,152,3,51
eng_Latn,152,4,59
eng_Latn,152,5,51
spa_Latn,153,0,60
spa_Latn,153,1,19
spa_Latn,153,2,19
spa_Latn,153,3,40
spa_Latn,153,4,7
eng_Latn,154,0,60
eng_Latn,154,1,11
eng_Latn,154,2,12
eng_Latn,154,3,22
eng_Latn,154,4,46
eng_Latn,154,5,27
eng_Latn,154,6,26
eng_Latn,154,7,26
eng_Latn,154,8,26
eng_Latn,154,9,12
eng_Latn,154,10,26
eng_Latn,154,11,27
eng_Latn,154,12,39
spa_Latn,155,0,60
spa_Latn,155,1,26
spa_Latn,155,2,61
spa_Latn,155,3,9
spa_Latn,155,4,7
spa_Latn,155,5,19
spa_Latn,155,6,47
spa_Latn,155,7,39
eng_Latn,156,0,60
eng_Latn,156,1,22
eng_Latn,156,2,22
eng_Latn,156,3,22
eng_Latn,156,4,42
eng_Latn,156,5,29
eng_Latn,156,6,34
eng_Latn,156,7,9
eng_Latn,156,8,22
eng_Latn,156,9,51
spa_Latn,157,0,60
spa_Latn,157,1,19
spa_Latn,157,2,8
spa_Latn,157,3,8
spa_Latn,157,4,10
spa_Latn,157,5,39
spa_Latn,157,6,8
spa_Latn,157,7,8
spa_Latn,157,8,8
spa_Latn,157,9,19
spa_Latn,157,10,8
spa_Latn,158,0,60
spa_Latn,158,1,8
spa_Latn,158,2,40
spa_Latn,158,3,8
eng_Latn,159,0,60
eng_Latn,159,1,18
eng_Latn,159,2,0
spa_Latn,160,0,60
spa_Latn,160,1,19
spa_Latn,160,2,19
spa_Latn,160,3,19
spa_Latn,160,4,8
eng_Latn,161,0,60
eng_Latn,161,1,38
eng_Latn,161,2,38
eng_Latn,161,3,56
eng_Latn,161,4,47
eng_Latn,161,5,14
eng_Latn,161,6,14
eng_Latn,161,7,21
eng_Latn,161,8,14
eng_Latn,161,9,49
eng_Latn,162,0,60
eng_Latn,162,1,10
eng_Latn,162,2,56
eng_Latn,162,3,54
eng_Latn,162,4,41
eng_Latn,162,5,46
spa_Latn,163,0,60
spa_Latn,163,1,27
spa_Latn,163,2,39
spa_Latn,163,3,8
spa_Latn,163,4,7
eng_Latn,164,0,60
eng_Latn,164,1,50
eng_Latn,164,2,16
spa_Latn,165,0,60
spa_Latn,165,1,10
spa_Latn,165,2,19
spa_Latn,165,3,39
spa_Latn,165,4,16
spa_Latn,165,5,1
spa_Latn,165,6,19
spa_Latn,165,7,8
spa_Latn,165,8,47
spa_Latn,165,9,8
eng_Latn,166,0,60
eng_Latn,166,1,53
eng_Latn,166,2,49
eng_Latn,167,0,60
eng_Latn,167,1,49
eng_Latn,167,2,45
eng_Latn,167,3,17
eng_Latn,167,4,56
eng_Latn,167,5,21
eng_Latn,167,6,53
eng_Latn,167,7,37
eng_Latn,167,8,57
eng_Latn,167,9,21
spa_Latn,168,0,60
spa_Latn,168,1,22
spa_Latn,168,2,60
eng_Latn,169,0,60
eng_Latn,169,1,57
eng_Latn,169,2,47
eng_Latn,169,3,8
eng_Latn,169,4,47
eng_Latn,170,0,60
eng_Latn,170,1,58
eng_Latn,170,2,22
eng_Latn,170,3,37
eng_Latn,170,4,52
eng_Latn,170,5,1
eng_Latn,170,6,22
eng_Latn,170,7,9
eng_Latn,170,8,52
eng_Latn,170,9,13
eng_Latn,170,10,1
eng_Latn,170,11,52
spa_Latn,171,0,60
spa_Latn,171,1,39
spa_Latn,171,2,27
spa_Latn,171,3,15
spa_Latn,171,4,8
spa_Latn,171,5,23
spa_Latn,171,6,8
spa_Latn,171,7,8
eng_Latn,172,0,60
eng_Latn,172,1,54
eng_Latn,172,2,18
eng_Latn,172,3,20
eng_Latn,172,4,41
eng_Latn,172,5,51
eng_Latn,172,6,24
eng_Latn,172,7,39
spa_Latn,173,0,60
spa_Latn,173,1,8
spa_Latn,173,2,39
spa_Latn,173,3,8
spa_Latn,173,4,8
eng_Latn,174,0,60
eng_Latn,174,1,37
eng_Latn,174,2,45
eng_Latn,174,3,45
eng_Latn,174,4,45
eng_Latn,174,5,52
eng_Latn,174,6,18
eng_Latn,174,7,14
eng_Latn,174,8,3
eng_Latn,174,9,63
eng_Latn,175,0,60
eng_Latn,175,1,27
eng_Latn,175,2,27
eng_Latn,175,3,5
eng_Latn,175,4,27
eng_Latn,175,5,26
eng_Latn,175,6,26
eng_Latn,176,0,60
eng_Latn,176,1,35
eng_Latn,176,2,56
eng_Latn,176,3,56
eng_Latn,176,4,51
eng_Latn,176,5,56
eng_Latn,176,6,51
eng_Latn,177,0,60
eng_Latn,177,1,11
eng_Latn,177,2,52
eng_Latn,177,3,47
eng_Latn,177,4,3
eng_Latn,177,5,3
eng_Latn,177,6,57
eng_Latn,177,7,39
eng_Latn,177,8,19
eng_Latn,177,9,3
eng_Latn,178,0,60
eng_Latn,178,1,9
eng_Latn,178,2,22
eng_Latn,178,3,57
eng_Latn,178,4,15
eng_Latn,178,5,37
eng_Latn,178,6,37
eng_Latn,178,7,37
eng_Latn,178,8,40
eng_Latn,178,9,49
spa_Latn,179,0,60
spa_Latn,179,1,49
spa_Latn,179,2,61
spa_Latn,179,3,8
spa_Latn,179,4,8
spa_Latn,179,5,52
spa_Latn,179,6,19
spa_Latn,179,7,39
spa_Latn,179,8,8
spa_Latn,180,0,60
spa_Latn,180,1,8
spa_Latn,180,2,51
spa_Latn,180,3,1
spa_Latn,180,4,8
spa_Latn,180,5,61
spa_Latn,180,6,15
spa_Latn,180,7,8
spa_Latn,180,8,8
spa_Latn,180,9,61
spa_Latn,180,10,19
spa_Latn,180,11,8
spa_Latn,180,12,8
spa_Latn,180,13,8
spa_Latn,180,14,61
spa_Latn,180,15,8
eng_Latn,181,0,60
eng_Latn,181,1,17
eng_Latn,181,2,54
eng_Latn,181,3,18
eng_Latn,181,4,51
eng_Latn,182,0,60
eng_Latn,182,1,4
eng_Latn,182,2,52
eng_Latn,182,3,51
eng_Latn,182,4,29
eng_Latn,182,5,4
eng_Latn,182,6,34
spa_Latn,183,0,60
spa_Latn,183,1,19
spa_Latn,183,2,8
spa_Latn,183,3,1
spa_Latn,183,4,39
spa_Latn,183,5,8
spa_Latn,183,6,8
spa_Latn,183,7,61
spa_Latn,183,8,8
spa_Latn,183,9,19
spa_Latn,183,10,8
spa_Latn,183,11,8
spa_Latn,183,12,8
spa_Latn,183,13,39
spa_Latn,183,14,8
spa_Latn,183,15,8
eng_Latn,184,0,60
eng_Latn,184,1,22
eng_Latn,184,2,63
eng_Latn,184,3,22
eng_Latn,184,4,60
eng_Latn,184,5,58
eng_Latn,184,6,12
eng_Latn,184,7,47
eng_Latn,184,8,39
eng_Latn,184,9,47
eng_Latn,184,10,40
eng_Latn,185,0,60
eng_Latn,185,1,57
eng_Latn,185,2,20
eng_Latn,185,3,1
eng_Latn,185,4,52
eng_Latn,186,0,60
eng_Latn,186,1,36
eng_Latn,186,2,49
eng_Latn,186,3,5
eng_Latn,186,4,49
eng_Latn,186,5,5
eng_Latn,186,6,5
eng_Latn,186,7,40
eng_Latn,186,8,26
spa_Latn,187,0,60
spa_Latn,187,1,19
spa_Latn,187,2,8
spa_Latn,187,3,8
spa_Latn,187,4,29
spa_Latn,187,5,8
spa_Latn,187,6,39
spa_Latn,187,7,40
spa_Latn,187,8,26
spa_Latn,187,9,19
spa_Latn,187,10,19
spa_Latn,187,11,8
spa_Latn,188,0,60
spa_Latn,188,1,22
spa_Latn,188,2,22
spa_Latn,188,3,22
spa_Latn,188,4,22
spa_Latn,188,5,19
spa_Latn,188,6,40
spa_Latn,188,7,5
spa_Latn,188,8,49
spa_Latn,188,9,34
eng_Latn,189,0,60
eng_Latn,189,1,22
eng_Latn,189,2,9
eng_Latn,189,3,22
eng_Latn,189,4,63
eng_Latn,189,5,56
eng_Latn,189,6,57
eng_Latn,189,7,25
eng_Latn,189,8,8
eng_Latn,190,0,60
eng_Latn,190,1,17
eng_Latn,190,2,17
eng_Latn,190,3,5
eng_Latn,190,4,5
eng_Latn,190,5,49
spa_Latn,191,0,60
spa_Latn,191,1,26
spa_Latn,191,2,39
spa_Latn,191,3,49
spa_Latn,191,4,8
spa_Latn,191,5,19
spa_Latn,191,6,39
spa_Latn,191,7,63
spa_Latn,191,8,37
spa_Latn,191,9,19
spa_Latn,191,10,8
spa_Latn,191,11,8
spa_Latn,191,12,8
spa_Latn,191,13,1
spa_Latn,191,14,52
eng_Latn,192,0,60
eng_Latn,192,1,15
eng_Latn,192,2,16
eng_Latn,192,3,43
eng_Latn,192,4,46
eng_Latn,192,5,63
eng_Latn,192,6,43
eng_Latn,192,7,49
eng_Latn,193,0,60
eng_Latn,193,1,16
eng_Latn,193,2,59
eng_Latn,193,3,19
eng_Latn,193,4,17
eng_Latn,193,5,53
eng_Latn,193,6,46
eng_Latn,194,0,60
eng_Latn,194,1,47
eng_Latn,194,2,19
eng_Latn,194,3,46
eng_Latn,194,4,5
eng_Latn,194,5,35
eng_Latn,194,6,46
eng_Latn,194,7,42
eng_Latn,194,8,47
eng_Latn,194,9,61
eng_Latn,194,10,61
eng_Latn,194,11,49
eng_Latn,194,12,22
eng_Latn,194,13,47
eng_Latn,194,14,60
spa_Latn,195,0,60
spa_Latn,195,1,47
spa_Latn,195,2,8
spa_Latn,195,3,35
spa_Latn,195,4,19
spa_Latn,195,5,8
spa_Latn,195,6,19
spa_Latn,195,7,19
spa_Latn,195,8,8
spa_Latn,195,9,8
spa_Latn,195,10,8
spa_Latn,195,11,19
spa_Latn,195,12,15
spa_Latn,195,13,16
spa_Latn,195,14,39
spa_Latn,195,15,8
spa_Latn,196,0,60
spa_Latn,196,1,61
spa_Latn,196,2,8
spa_Latn,196,3,8
eng_Latn,197,0,60
eng_Latn,197,1,54
eng_Latn,197,2,56
eng_Latn,197,3,56
eng_Latn,197,4,19
eng_Latn,197,5,19
eng_Latn,197,6,16
eng_Latn,198,0,60
eng_Latn,198,1,19
eng_Latn,198,2,19
eng_Latn,198,3,15
eng_Latn,198,4,16
eng_Latn,198,5,33
eng_Latn,198,6,33
eng_Latn,198,7,33
eng_Latn,199,0,60
eng_Latn,199,1,29
eng_Latn,199,2,34
eng_Latn,200,0,60
eng_Latn,200,1,9
eng_Latn,200,2,56
eng_Latn,200,3,56
eng_Latn,200,4,56
eng_Latn,200,5,30
eng_Latn,200,6,48
eng_Latn,200,7,17
eng_Latn,200,8,48
eng_Latn,200,9,57
eng_Latn,201,0,60
eng_Latn,201,1,9
eng_Latn,201,2,38
eng_Latn,201,3,15
eng_Latn,201,4,56
eng_Latn,201,5,63
eng_Latn,201,6,60
eng_Latn,201,7,40
eng_Latn,201,8,63
spa_Latn,202,0,60
spa_Latn,202,1,47
spa_Latn,202,2,40
spa_Latn,202,3,39
spa_Latn,202,4,52
spa_Latn,202,5,57
spa_Latn,202,6,37
spa_Latn,202,7,61
spa_Latn,202,8,8
spa_Latn,202,9,51
spa_Latn,202,10,8
spa_Latn,202,11,8
spa_Latn,202,12,8
spa_Latn,202,13,47
spa_Latn,202,14,47
spa_Latn,202,15,8
eng_Latn,203,0,60
eng_Latn,203,1,9
eng_Latn,203,2,11
eng_Latn,203,3,27
eng_Latn,203,4,27
eng_Latn,203,5,27
eng_Latn,203,6,39
eng_Latn,203,7,11
eng_Latn,203,8,19
eng_Latn,203,9,27
eng_Latn,203,10,26
eng_Latn,203,11,39
eng_Latn,203,12,1
eng_Latn,203,13,9
eng_Latn,203,14,60
eng_Latn,204,0,60
eng_Latn,204,1,56
eng_Latn,204,2,56
eng_Latn,204,3,19
eng_Latn,204,4,8
eng_Latn,204,5,49
eng_Latn,205,0,60
eng_Latn,205,1,22
eng_Latn,205,2,12
eng_Latn,205,3,22
eng_Latn,205,4,63
spa_Latn,206,0,60
spa_Latn,206,1,39
spa_Latn,206,2,19
spa_Latn,206,3,8
spa_Latn,206,4,19
spa_Latn,206,5,8
spa_Latn,206,6,8
spa_Latn,206,7,8
spa_Latn,206,8,8
spa_Latn,206,9,19
spa_Latn,206,10,19
spa_Latn,206,11,8
spa_Latn,207,0,60
spa_Latn,207,1,8
spa_Latn,207,2,19
spa_Latn,207,3,34
spa_Latn,207,4,8
spa_Latn,207,5,8
spa_Latn,207,6,8
spa_Latn,207,7,1
spa_Latn,207,8,19
spa_Latn,207,9,39
spa_Latn,207,10,8
eng_Latn,208,0,60
eng_Latn,208,1,15
eng_Latn,208,2,23
eng_Latn,208,3,48
eng_Latn,208,4,56
eng_Latn,208,5,16
eng_Latn,208,6,54
eng_Latn,208,7,63
eng_Latn,209,0,60
eng_Latn,209,1,56
eng_Latn,209,2,24
eng_Latn,209,3,19
eng_Latn,209,4,40
eng_Latn,209,5,49
eng_Latn,209,6,12
eng_Latn,209,7,22
eng_Latn,209,8,40
eng_Latn,209,9,15
eng_Latn,209,10,48
eng_Latn,209,11,59
eng_Latn,209,12,51
eng_Latn,210,0,60
eng_Latn,210,1,50
eng_Latn,210,2,51
eng_Latn,210,3,19
eng_Latn,210,4,19
eng_Latn,210,5,51
eng_Latn,210,6,5
eng_Latn,210,7,19
eng_Latn,210,8,0
eng_Latn,210,9,0
eng_Latn,210,10,8
eng_Latn,210,11,57
eng_Latn,211,0,60
eng_Latn,211,1,52
eng_Latn,211,2,57
eng_Latn,211,3,33
eng_Latn,212,0,60
eng_Latn,212,1,9
eng_Latn,212,2,29
eng_Latn,212,3,52
eng_Latn,212,4,29
eng_Latn,212,5,34
spa_Latn,213,0,60
spa_Latn,213,1,13
spa_Latn,213,2,1
spa_Latn,213,3,1
spa_Latn,213,4,52
spa_Latn,214,0,60
spa_Latn,214,1,9
spa_Latn,214,2,47
spa_Latn,214,3,19
spa_Latn,214,4,6
spa_Latn,214,5,8
spa_Latn,214,6,19
spa_Latn,214,7,15
spa_Latn,214,8,45
spa_Latn,214,9,46
spa_Latn,214,10,15
eng_Latn,215,0,60
eng_Latn,215,1,19
eng_Latn,215,2,19
eng_Latn,215,3,19
eng_Latn,215,4,51
spa_Latn,216,0,60
spa_Latn,216,1,47
spa_Latn,216,2,19
spa_Latn,216,3,8
spa_Latn,216,4,61
spa_Latn,216,5,19
spa_Latn,216,6,19
spa_Latn,216,7,10
spa_Latn,216,8,56
spa_Latn,216,9,8
spa_Latn,216,10,8
eng_Latn,217,0,60
eng_Latn,217,1,50
eng_Latn,217,2,16
eng_Latn,218,0,60
eng_Latn,218,1,22
eng_Latn,218,2,19
eng_Latn,218,3,63
eng_Latn,218,4,48
eng_Latn,218,5,63
eng_Latn,219,0,60
eng_Latn,219,1,57
eng_Latn,219,2,35
eng_Latn,219,3,48
eng_Latn,219,4,53
eng_Latn,219,5,43
eng_Latn,219,6,57
eng_Latn,219,7,59
eng_Latn,219,8,15
eng_Latn,219,9,59
eng_Latn,219,10,19
eng_Latn,219,11,48
eng_Latn,220,0,60
eng_Latn,220,1,57
eng_Latn,220,2,57
eng_Latn,220,3,51
eng_Latn,220,4,54
eng_Latn,220,5,59
eng_Latn,220,6,17
eng_Latn,221,0,60
eng_Latn,221,1,22
eng_Latn,221,2,22
eng_Latn,221,3,19
eng_Latn,221,4,21
spa_Latn,222,0,60
spa_Latn,222,1,19
spa_Latn,222,2,61
spa_Latn,222,3,19
spa_Latn,222,4,8
spa_Latn,222,5,10
spa_Latn,222,6,8
spa_Latn,222,7,8
spa_Latn,222,8,8
spa_Latn,223,0,60
spa_Latn,223,1,11
spa_Latn,223,2,47
spa_Latn,223,3,19
spa_Latn,223,4,8
spa_Latn,223,5,51
spa_Latn,223,6,49
eng_Latn,224,0,60
eng_Latn,224,1,16
eng_Latn,224,2,19
eng_Latn,224,3,47
eng_Latn,224,4,16
eng_Latn,224,5,50
eng_Latn,224,6,16
eng_Latn,224,7,38
eng_Latn,224,8,57
spa_Latn,225,0,60
spa_Latn,225,1,22
spa_Latn,225,2,52
spa_Latn,225,3,1
spa_Latn,225,4,52
spa_Latn,225,5,27
spa_Latn,225,6,52
spa_Latn,225,7,13
spa_Latn,225,8,8
spa_Latn,225,9,1
spa_Latn,225,10,8
spa_Latn,225,11,8
spa_Latn,225,12,47
spa_Latn,225,13,62
spa_Latn,226,0,60
spa_Latn,226,1,8
spa_Latn,226,2,47
spa_Latn,226,3,47
spa_Latn,226,4,8
spa_Latn,226,5,8
spa_Latn,226,6,19
spa_Latn,226,7,8
spa_Latn,226,8,8
spa_Latn,226,9,8
spa_Latn,226,10,8
spa_Latn,226,11,19
spa_Latn,226,12,8
eng_Latn,227,0,60
eng_Latn,227,1,54
eng_Latn,227,2,38
eng_Latn,227,3,19
eng_Latn,227,4,46
eng_Latn,227,5,21
eng_Latn,227,6,16
eng_Latn,227,7,57
eng_Latn,228,0,60
eng_Latn,228,1,47
eng_Latn,228,2,7
eng_Latn,228,3,49
eng_Latn,228,4,22
eng_Latn,228,5,42
eng_Latn,228,6,19
eng_Latn,228,7,19
eng_Latn,228,8,26
eng_Latn,228,9,60
eng_Latn,229,0,60
eng_Latn,229,1,33
eng_Latn,229,2,33
eng_Latn,229,3,33
eng_Latn,229,4,33
eng_Latn,229,5,33
eng_Latn,229,6,33
eng_Latn,229,7,33
eng_Latn,229,8,33
spa_Latn,230,0,60
spa_Latn,230,1,19
spa_Latn,230,2,52
spa_Latn,230,3,52
spa_Latn,230,4,52
spa_Latn,230,5,1
spa_Latn,230,6,22
spa_Latn,230,7,52
spa_Latn,230,8,13
spa_Latn,230,9,52
spa_Latn,230,10,9
spa_Latn,230,11,27
spa_Latn,230,12,49
spa_Latn,230,13,5
spa_Latn,230,14,52
spa_Latn,230,15,19
spa_Latn,230,16,12
spa_Latn,230,17,27
spa_Latn,230,18,13
spa_Latn,230,19,9
eng_Latn,231,0,60
eng_Latn,231,1,38
eng_Latn,231,2,18
eng_Latn,231,3,53
eng_Latn,231,4,20
eng_Latn,231,5,26
eng_Latn,231,6,40
eng_Latn,231,7,18
eng_Latn,232,0,60
eng_Latn,232,1,47
eng_Latn,232,2,49
eng_Latn,232,3,5
eng_Latn,232,4,49
eng_Latn,233,0,60
eng_Latn,233,1,16
eng_Latn,233,2,53
eng_Latn,233,3,16
eng_Latn,233,4,50
eng_Latn,233,5,53
eng_Latn,233,6,62
eng_Latn,233,7,57
eng_Latn,233,8,21
eng_Latn,233,9,34
spa_Latn,234,0,60
spa_Latn,234,1,60
spa_Latn,234,2,60
spa_Latn,234,3,47
spa_Latn,234,4,19
spa_Latn,234,5,16
spa_Latn,234,6,8
spa_Latn,234,7,16
eng_Latn,235,0,60
eng_Latn,235,1,17
eng_Latn,235,2,54
eng_Latn,235,3,24
eng_Latn,235,4,39
eng_Latn,235,5,46
eng_Latn,235,6,48
eng_Latn,235,7,19
eng_Latn,235,8,16
eng_Latn,235,9,20
eng_Latn,235,10,34
eng_Latn,236,0,60
eng_Latn,236,1,35
eng_Latn,236,2,63
eng_Latn,236,3,63
eng_Latn,236,4,35
eng_Latn,236,5,63
eng_Latn,236,6,24
eng_Latn,236,7,37
spa_Latn,237,0,60
spa_Latn,237,1,61
spa_Latn,237,2,17
spa_Latn,237,3,17
spa_Latn,237,4,61
spa_Latn,237,5,39
spa_Latn,237,6,16
spa_Latn,237,7,8
spa_Latn,237,8,19
spa_Latn,237,9,39
spa_Latn,237,10,8
spa_Latn,237,11,8
spa_Latn,237,12,8
spa_Latn,237,13,8
spa_Latn,237,14,8
spa_Latn,238,0,60
spa_Latn,238,1,61
spa_Latn,238,2,19
spa_Latn,238,3,49
spa_Latn,238,4,47
spa_Latn,238,5,4
spa_Latn,238,6,51
spa_Latn,238,7,47
spa_Latn,238,8,4
spa_Latn,238,9,51
spa_Latn,238,10,8
spa_Latn,238,11,61
spa_Latn,238,12,19
spa_Latn,238,13,8
spa_Latn,238,14,45
spa_Latn,238,15,8
spa_Latn,238,16,27
spa_Latn,238,17,4
spa_Latn,238,18,19
spa_Latn,238,19,8
spa_Latn,238,20,8
spa_Latn,239,0,60
spa_Latn,239,1,8
spa_Latn,239,2,39
spa_Latn,239,3,39
spa_Latn,239,4,8
eng_Latn,240,0,60
eng_Latn,240,1,35
eng_Latn,240,2,9
eng_Latn,240,3,56
eng_Latn,240,4,41
eng_Latn,240,5,4
eng_Latn,240,6,4
eng_Latn,240,7,14
eng_Latn,240,8,5
eng_Latn,240,9,26
eng_Latn,240,10,26
spa_Latn,241,0,60
spa_Latn,241,1,8
spa_Latn,241,2,8
spa_Latn,241,3,36
spa_Latn,241,4,39
spa_Latn,241,5,36
spa_Latn,241,6,36
spa_Latn,242,0,60
spa_Latn,242,1,12
spa_Latn,242,2,39
spa_Latn,242,3,13
spa_Latn,242,4,9
eng_Latn,243,0,60
eng_Latn,243,1,9
eng_Latn,243,2,22
eng_Latn,243,3,35
eng_Latn,243,4,15
eng_Latn,243,5,33
eng_Latn,243,6,33
eng_Latn,243,7,57
spa_Latn,244,0,60
spa_Latn,244,1,8
spa_Latn,245,0,60
spa_Latn,245,1,47
spa_Latn,245,2,49
spa_Latn,245,3,24
spa_Latn,245,4,1
spa_Latn,245,5,49
spa_Latn,245,6,24
spa_Latn,245,7,27
spa_Latn,245,8,58
spa_Latn,245,9,58
spa_Latn,245,10,9
spa_Latn,245,11,19
spa_Latn,245,12,11
spa_Latn,245,13,40
spa_Latn,245,14,26
spa_Latn,245,15,26
spa_Latn,245,16,26
spa_Latn,245,17,49
spa_Latn,246,0,60
spa_Latn,246,1,19
spa_Latn,246,2,26
spa_Latn,246,3,49
spa_Latn,246,4,8
eng_Latn,247,0,60
eng_Latn,247,1,30
eng_Latn,247,2,24
eng_Latn,247,3,45
eng_Latn,247,4,1
eng_Latn,247,5,1
eng_Latn,247,6,52
eng_Latn,248,0,60
eng_Latn,248,1,26
eng_Latn,248,2,30
eng_Latn,248,3,46
eng_Latn,248,4,15
eng_Latn,249,0,60
eng_Latn,249,1,19
eng_Latn,249,2,22
spa_Latn,250,0,60
spa_Latn,250,1,27
spa_Latn,250,2,8
spa_Latn,250,3,8
spa_Latn,250,4,39
spa_Latn,250,5,39
spa_Latn,250,6,47
spa_Latn,250,7,63
spa_Latn,250,8,8
spa_Latn,250,9,11
spa_Latn,250,10,47
spa_Latn,250,11,49
spa_Latn,250,12,26
spa_Latn,251,0,60
spa_Latn,251,1,8
spa_Latn,251,2,12
spa_Latn,251,3,19
spa_Latn,251,4,13
eng_Latn,252,0,60
eng_Latn,252,1,52
eng_Latn,252,2,60
eng_Latn,252,3,50
eng_Latn,252,4,20
eng_Latn,252,5,52
eng_Latn,252,6,21
eng_Latn,252,7,8
eng_Latn,252,8,8
eng_Latn,252,9,46
spa_Latn,253,0,60
spa_Latn,253,1,46
spa_Latn,253,2,8
spa_Latn,253,3,56
spa_Latn,253,4,19
spa_Latn,253,5,46
spa_Latn,253,6,63
spa_Latn,253,7,8
spa_Latn,253,8,19
spa_Latn,253,9,39
spa_Latn,253,10,63
spa_Latn,253,11,8
spa_Latn,253,12,8
spa_Latn,253,13,47
spa_Latn,253,14,63
spa_Latn,254,0,60
spa_Latn,254,1,19
spa_Latn,254,2,8
spa_Latn,254,3,16
spa_Latn,254,4,51
spa_Latn,254,5,19
spa_Latn,254,6,8
spa_Latn,254,7,54
spa_Latn,254,8,8
spa_Latn,255,0,60
spa_Latn,255,1,7
spa_Latn,255,2,7
spa_Latn,255,3,63
spa_Latn,255,4,11
spa_Latn,255,5,11
spa_Latn,255,6,11
spa_Latn,255,7,47
spa_Latn,255,8,39
spa_Latn,255,9,19
spa_Latn,255,10,8
spa_Latn,255,11,8
spa_Latn,255,12,19
spa_Latn,255,13,8
eng_Latn,256,0,60
eng_Latn,256,1,22
eng_Latn,256,2,47
eng_Latn,256,3,40
eng_Latn,256,4,49
eng_Latn,257,0,60
eng_Latn,257,1,24
eng_Latn,257,2,52
eng_Latn,257,3,24
eng_Latn,257,4,52
spa_Latn,258,0,60
spa_Latn,258,1,40
spa_Latn,258,2,16
spa_Latn,258,3,8
spa_Latn,258,4,47
spa_Latn,258,5,8
eng_Latn,259,0,60
eng_Latn,259,1,56
eng_Latn,259,2,35
eng_Latn,259,3,56
eng_Latn,259,4,57
eng_Latn,260,0,60
eng_Latn,260,1,45
eng_Latn,260,2,18
eng_Latn,260,3,53
eng_Latn,260,4,16
eng_Latn,260,5,30
eng_Latn,260,6,46
eng_Latn,260,7,15
spa_Latn,261,0,60
spa_Latn,261,1,19
spa_Latn,261,2,39
spa_Latn,261,3,16
spa_Latn,261,4,8
spa_Latn,261,5,1
spa_Latn,261,6,39
spa_Latn,261,7,8
eng_Latn,262,0,60
eng_Latn,262,1,16
eng_Latn,262,2,35
eng_Latn,262,3,57
eng_Latn,262,4,49
eng_Latn,263,0,60
eng_Latn,263,1,9
eng_Latn,263,2,56
eng_Latn,263,3,54
eng_Latn,263,4,18
eng_Latn,263,5,20
eng_Latn,263,6,31
eng_Latn,264,0,60
eng_Latn,264,1,4
eng_Latn,264,2,54
eng_Latn,264,3,48
eng_Latn,264,4,9
eng_Latn,264,5,56
eng_Latn,264,6,35
eng_Latn,264,7,35
eng_Latn,264,8,57
eng_Latn,264,9,2
eng_Latn,264,10,27
eng_Latn,264,11,26
eng_Latn,264,12,50
eng_Latn,264,13,16
spa_Latn,265,0,60
spa_Latn,265,1,19
spa_Latn,265,2,13
spa_Latn,265,3,13
spa_Latn,265,4,13
spa_Latn,265,5,1
spa_Latn,265,6,19
spa_Latn,265,7,19
spa_Latn,265,8,19
spa_Latn,265,9,13
spa_Latn,265,10,13
spa_Latn,265,11,8
spa_Latn,265,12,61
spa_Latn,265,13,17
spa_Latn,265,14,47
spa_Latn,265,15,13
spa_Latn,265,16,8
spa_Latn,265,17,8
eng_Latn,266,0,60
eng_Latn,266,1,33
eng_Latn,266,2,33
eng_Latn,266,3,33
eng_Latn,266,4,33
eng_Latn,266,5,33
eng_Latn,266,6,18
eng_Latn,266,7,18
eng_Latn,266,8,16
eng_Latn,267,0,60
eng_Latn,267,1,9
eng_Latn,267,2,19
eng_Latn,267,3,22
eng_Latn,267,4,22
spa_Latn,268,0,60
spa_Latn,268,1,19
spa_Latn,268,2,8
spa_Latn,268,3,7
spa_Latn,269,0,60
spa_Latn,269,1,11
spa_Latn,269,2,8
spa_Latn,269,3,47
spa_Latn,269,4,19
spa_Latn,269,5,17
spa_Latn,269,6,19
spa_Latn,269,7,8
eng_Latn,270,0,60
eng_Latn,270,1,29
eng_Latn,270,2,38
eng_Latn,270,3,38
eng_Latn,270,4,34
eng_Latn,270,5,20
eng_Latn,270,6,8
eng_Latn,270,7,34
spa_Latn,271,0,60
spa_Latn,271,1,8
spa_Latn,271,2,19
spa_Latn,271,3,39
spa_Latn,271,4,8
spa_Latn,272,0,60
spa_Latn,272,1,54
spa_Latn,272,2,8
spa_Latn,272,3,19
spa_Latn,272,4,8
spa_Latn,272,5,52
eng_Latn,273,0,60
eng_Latn,273,1,35
eng_Latn,273,2,35
eng_Latn,273,3,2
eng_Latn,273,4,45
eng_Latn,273,5,50
eng_Latn,273,6,56
eng_Latn,273,7,38
eng_Latn,273,8,59
eng_Latn,273,9,19
eng_Latn,273,10,48
eng_Latn,273,11,20
eng_Latn,273,12,34
eng_Latn,274,0,60
eng_Latn,274,1,17
eng_Latn,274,2,10
eng_Latn,274,3,29
eng_Latn,274,4,23
eng_Latn,274,5,34
eng_Latn,275,0,60
eng_Latn,275,1,11
eng_Latn,275,2,13
eng_Latn,275,3,52
eng_Latn,275,4,13
eng_Latn,275,5,58
spa_Latn,276,0,60
spa_Latn,276,1,8
spa_Latn,276,2,8
spa_Latn,276,3,19
spa_Latn,276,4,47
spa_Latn,276,5,8
spa_Latn,276,6,8
spa_Latn,276,7,8
spa_Latn,276,8,47
spa_Latn,276,9,8
eng_Latn,277,0,60
eng_Latn,277,1,22
eng_Latn,277,2,52
eng_Latn,277,3,53
eng_Latn,277,4,52
eng_Latn,277,5,10
eng_Latn,277,6,16
eng_Latn,277,7,3
eng_Latn,277,8,40
eng_Latn,277,9,3
spa_Latn,278,0,60
spa_Latn,278,1,54
spa_Latn,278,2,47
spa_Latn,278,3,8
spa_Latn,278,4,39
spa_Latn,278,5,8
spa_Latn,278,6,40
spa_Latn,278,7,61
spa_Latn,278,8,8
eng_Latn,279,0,60
eng_Latn,279,1,47
eng_Latn,279,2,33
eng_Latn,280,0,60
eng_Latn,280,1,40
eng_Latn,280,2,49
eng_Latn,280,3,56
eng_Latn,280,4,53
eng_Latn,280,5,37
eng_Latn,280,6,63
eng_Latn,280,7,18
eng_Latn,280,8,53
eng_Latn,280,9,16
spa_Latn,281,0,60
spa_Latn,281,1,19
spa_Latn,281,2,8
spa_Latn,281,3,8
eng_Latn,282,0,60
eng_Latn,282,1,51
eng_Latn,282,2,34
eng_Latn,282,3,54
eng_Latn,282,4,9
eng_Latn,282,5,17
eng_Latn,282,6,20
eng_Latn,282,7,62
eng_Latn,282,8,34
spa_Latn,283,0,60
spa_Latn,283,1,1
spa_Latn,283,2,8
spa_Latn,283,3,22
spa_Latn,283,4,9
spa_Latn,283,5,9
spa_Latn,283,6,61
spa_Latn,283,7,8
spa_Latn,283,8,37
spa_Latn,283,9,47
spa_Latn,283,10,34
eng_Latn,284,0,60
eng_Latn,284,1,47
eng_Latn,284,2,27
eng_Latn,284,3,26
eng_Latn,284,4,5
eng_Latn,284,5,3
eng_Latn,284,6,40
eng_Latn,284,7,26
spa_Latn,285,0,60
spa_Latn,285,1,47
spa_Latn,285,2,19
spa_Latn,285,3,49
spa_Latn,285,4,27
spa_Latn,285,5,49
spa_Latn,285,6,12
spa_Latn,285,7,12
spa_Latn,285,8,47
spa_Latn,285,9,40
spa_Latn,285,10,49
spa_Latn,285,11,27
spa_Latn,285,12,49
spa_Latn,285,13,1
spa_Latn,285,14,39
spa_Latn,285,15,7
spa_Latn,285,16,50
spa_Latn,285,17,52
spa_Latn,285,18,52
spa_Latn,285,19,52
spa_Latn,285,20,13
spa_Latn,285,21,52
eng_Latn,286,0,60
eng_Latn,286,1,35
eng_Latn,286,2,17
eng_Latn,286,3,35
eng_Latn,286,4,52
eng_Latn,286,5,52
eng_Latn,286,6,57
eng_Latn,286,7,17
eng_Latn,286,8,51
spa_Latn,287,0,60
spa_Latn,287,1,40
spa_Latn,287,2,40
spa_Latn,287,3,22
spa_Latn,287,4,60
spa_Latn,287,5,12
spa_Latn,287,6,47
spa_Latn,287,7,60
spa_Latn,288,0,60
spa_Latn,288,1,52
spa_Latn,288,2,52
spa_Latn,288,3,52
spa_Latn,288,4,63
spa_Latn,288,5,8
eng_Latn,289,0,60
eng_Latn,289,1,56
eng_Latn,289,2,56
eng_Latn,289,3,16
eng_Latn,289,4,53
eng_Latn,289,5,34
eng_Latn,289,6,57
eng_Latn,289,7,51
eng_Latn,290,0,60
eng_Latn,290,1,42
eng_Latn,290,2,19
eng_Latn,290,3,22
eng_Latn,291,0,60
eng_Latn,291,1,22
eng_Latn,291,2,60
eng_Latn,291,3,9
eng_Latn,291,4,27
eng_Latn,291,5,49
eng_Latn,291,6,26
eng_Latn,291,7,27
eng_Latn,291,8,40
eng_Latn,291,9,61
eng_Latn,292,0,60
eng_Latn,292,1,19
eng_Latn,292,2,22
eng_Latn,292,3,22
eng_Latn,292,4,34
eng_Latn,292,5,12
eng_Latn,292,6,22
eng_Latn,292,7,12
eng_Latn,292,8,22
spa_Latn,293,0,60
spa_Latn,293,1,19
spa_Latn,293,2,8
spa_Latn,293,3,8
spa_Latn,293,4,47
spa_Latn,293,5,8
spa_Latn,293,6,23
spa_Latn,293,7,8
spa_Latn,293,8,8
spa_Latn,293,9,19
spa_Latn,293,10,47
spa_Latn,293,11,8
spa_Latn,293,12,8
spa_Latn,293,13,52
spa_Latn,294,0,60
spa_Latn,294,1,19
spa_Latn,294,2,24
spa_Latn,294,3,39
spa_Latn,294,4,8
spa_Latn,294,5,8
spa_Latn,294,6,8
spa_Latn,294,7,19
spa_Latn,294,8,19
spa_Latn,294,9,8
spa_Latn,294,10,1
spa_Latn,294,11,8
spa_Latn,294,12,8
spa_Latn,294,13,8
eng_Latn,295,0,60
eng_Latn,295,1,36
eng_Latn,295,2,56
eng_Latn,295,3,36
eng_Latn,295,4,36
eng_Latn,295,5,63
eng_Latn,296,0,60
eng_Latn,296,1,45
eng_Latn,296,2,48
eng_Latn,296,3,29
eng_Latn,296,4,41
eng_Latn,296,5,15
spa_Latn,297,0,60
spa_Latn,297,1,13
spa_Latn,297,2,47
spa_Latn,297,3,8
spa_Latn,297,4,8
spa_Latn,297,5,8
spa_Latn,297,6,8
spa_Latn,297,7,30
spa_Latn,297,8,61
spa_Latn,297,9,8
spa_Latn,297,10,52
eng_Latn,298,0,60
eng_Latn,298,1,1
eng_Latn,298,2,37
eng_Latn,298,3,37
eng_Latn,298,4,37
eng_Latn,298,5,49
spa_Latn,299,0,60
spa_Latn,299,1,19
spa_Latn,299,2,8
spa_Latn,299,3,47
eng_Latn,300,0,60
eng_Latn,300,1,39
eng_Latn,300,2,5
eng_Latn,300,3,35
eng_Latn,300,4,18
eng_Latn,300,5,14
eng_Latn,300,6,18
eng_Latn,300,7,14
eng_Latn,300,8,14
eng_Latn,300,9,47
spa_Latn,301,0,60
spa_Latn,301,1,52
spa_Latn,301,2,19
spa_Latn,301,3,19
spa_Latn,301,4,8
spa_Latn,301,5,8
spa_Latn,301,6,43
spa_Latn,301,7,52
spa_Latn,301,8,8
spa_Latn,301,9,8
spa_Latn,301,10,1
spa_Latn,301,11,52
eng_Latn,302,0,60
eng_Latn,302,1,12
eng_Latn,302,2,26
eng_Latn,302,3,19
eng_Latn,302,4,49
eng_Latn,302,5,1
eng_Latn,302,6,52
eng_Latn,302,7,62
eng_Latn,303,0,60
eng_Latn,303,1,46
eng_Latn,303,2,5
eng_Latn,303,3,62
eng_Latn,303,4,24
eng_Latn,303,5,62
eng_Latn,303,6,15
eng_Latn,303,7,53
eng_Latn,303,8,62
eng_Latn,303,9,46
eng_Latn,304,0,60
eng_Latn,304,1,39
eng_Latn,304,2,40
eng_Latn,304,3,18
eng_Latn,304,4,51
eng_Latn,304,5,18
eng_Latn,304,6,53
eng_Latn,304,7,16
spa_Latn,305,0,60
spa_Latn,305,1,19
spa_Latn,305,2,8
spa_Latn,305,3,8
spa_Latn,305,4,19
spa_Latn,305,5,19
spa_Latn,305,6,8
spa_Latn,305,7,8
spa_Latn,305,8,8
spa_Latn,305,9,47
spa_Latn,305,10,19
spa_Latn,305,11,8
spa_Latn,305,12,8
eng_Latn,306,0,60
eng_Latn,306,1,22
eng_Latn,306,2,52
eng_Latn,306,3,13
eng_Latn,306,4,52
eng_Latn,306,5,52
spa_Latn,307,0,60
spa_Latn,307,1,30
spa_Latn,307,2,33
spa_Latn,308,0,60
spa_Latn,308,1,6
spa_Latn,308,2,33
spa_Latn,308,3,22
spa_Latn,308,4,22
spa_Latn,308,5,22
spa_Latn,309,0,60
spa_Latn,309,1,8
spa_Latn,309,2,51
spa_Latn,309,3,24
spa_Latn,309,4,61
spa_Latn,309,5,8
spa_Latn,309,6,8
spa_Latn,309,7,8
spa_Latn,309,8,8
spa_Latn,309,9,8
spa_Latn,309,10,8
spa_Latn,309,11,19
spa_Latn,309,12,19
spa_Latn,309,13,19
spa_Latn,309,14,8
eng_Latn,310,0,60
eng_Latn,310,1,56
eng_Latn,310,2,56
eng_Latn,310,3,52
eng_Latn,310,4,57
eng_Latn,310,5,52
eng_Latn,310,6,52
eng_Latn,310,7,57
eng_Latn,310,8,23
eng_Latn,310,9,4
eng_Latn,311,0,60
eng_Latn,311,1,20
eng_Latn,311,2,41
eng_Latn,311,3,57
eng_Latn,311,4,45
eng_Latn,311,5,18
eng_Latn,311,6,23
eng_Latn,311,7,43
eng_Latn,311,8,20
eng_Latn,311,9,33
eng_Latn,311,10,24
eng_Latn,311,11,33
eng_Latn,311,12,33
spa_Latn,312,0,60
spa_Latn,312,1,8
spa_Latn,312,2,34
spa_Latn,312,3,8
spa_Latn,312,4,19
spa_Latn,312,5,34
spa_Latn,313,0,60
spa_Latn,313,1,26
spa_Latn,313,2,47
spa_Latn,313,3,13
spa_Latn,313,4,13
spa_Latn,313,5,47
spa_Latn,313,6,19
spa_Latn,313,7,47
spa_Latn,313,8,39
spa_Latn,313,9,8
spa_Latn,313,10,47
spa_Latn,313,11,61
spa_Latn,313,12,39
spa_Latn,313,13,39
spa_Latn,313,14,13
spa_Latn,314,0,60
spa_Latn,314,1,8
spa_Latn,314,2,61
spa_Latn,314,3,57
spa_Latn,314,4,8
spa_Latn,314,5,47
spa_Latn,314,6,8
spa_Latn,314,7,39
spa_Latn,314,8,8
spa_Latn,315,0,60
spa_Latn,315,1,15
spa_Latn,315,2,19
spa_Latn,315,3,29
spa_Latn,315,4,8
spa_Latn,315,5,8
spa_Latn,315,6,8
eng_Latn,316,0,60
eng_Latn,316,1,17
eng_Latn,316,2,45
eng_Latn,316,3,45
eng_Latn,316,4,41
eng_Latn,316,5,29
eng_Latn,316,6,18
eng_Latn,316,7,18
eng_Latn,316,8,18
eng_Latn,316,9,16
spa_Latn,317,0,60
spa_Latn,317,1,19
spa_Latn,317,2,56
spa_Latn,317,3,24
spa_Latn,317,4,24
spa_Latn,317,5,39
spa_Latn,317,6,19
spa_Latn,317,7,8
spa_Latn,318,0,60
spa_Latn,318,1,49
spa_Latn,318,2,5
spa_Latn,318,3,7
spa_Latn,318,4,49
spa_Latn,318,5,19
spa_Latn,318,6,7
spa_Latn,318,7,2
spa_Latn,318,8,9
spa_Latn,318,9,49
spa_Latn,319,0,60
spa_Latn,319,1,15
spa_Latn,319,2,8
spa_Latn,319,3,19
spa_Latn,319,4,19
spa_Latn,319,5,39
spa_Latn,319,6,16
spa_Latn,319,7,8
spa_Latn,319,8,56
spa_Latn,319,9,8
spa_Latn,319,10,10
spa_Latn,319,11,8
spa_Latn,319,12,8
spa_Latn,320,0,60
spa_Latn,320,1,19
spa_Latn,320,2,40
spa_Latn,320,3,8
spa_Latn,320,4,61
spa_Latn,320,5,8
spa_Latn,320,6,8
spa_Latn,320,7,40
spa_Latn,321,0,60
spa_Latn,321,1,47
spa_Latn,321,2,26
spa_Latn,321,3,49
spa_Latn,321,4,19
spa_Latn,321,5,37
spa_Latn,321,6,37
spa_Latn,321,7,52
spa_Latn,321,8,52
eng_Latn,322,0,60
eng_Latn,322,1,52
eng_Latn,322,2,1
eng_Latn,322,3,22
eng_Latn,322,4,12
eng_Latn,322,5,54
eng_Latn,322,6,24
eng_Latn,322,7,46
eng_Latn,322,8,46
eng_Latn,322,9,7
eng_Latn,322,10,48
eng_Latn,322,11,16
spa_Latn,323,0,60
spa_Latn,323,1,47
spa_Latn,323,2,47
spa_Latn,323,3,47
spa_Latn,323,4,8
spa_Latn,323,5,8
spa_Latn,323,6,26
spa_Latn,323,7,19
spa_Latn,323,8,49
eng_Latn,324,0,60
eng_Latn,324,1,22
eng_Latn,324,2,34
eng_Latn,324,3,22
eng_Latn,324,4,38
eng_Latn,324,5,34
spa_Latn,325,0,60
spa_Latn,325,1,7
spa_Latn,325,2,8
spa_Latn,325,3,19
spa_Latn,325,4,36
spa_Latn,325,5,36
spa_Latn,325,6,19
spa_Latn,325,7,28
spa_Latn,325,8,6
spa_Latn,325,9,6
eng_Latn,326,0,60
eng_Latn,326,1,20
eng_Latn,326,2,15
eng_Latn,326,3,17
eng_Latn,326,4,18
eng_Latn,326,5,56
eng_Latn,326,6,56
eng_Latn,326,7,63
eng_Latn,327,0,60
eng_Latn,327,1,17
eng_Latn,327,2,54
eng_Latn,327,3,59
eng_Latn,327,4,15
eng_Latn,327,5,35
eng_Latn,327,6,51
spa_Latn,328,0,60
spa_Latn,328,1,39
spa_Latn,328,2,8
spa_Latn,328,3,19
spa_Latn,328,4,8
spa_Latn,328,5,56
spa_Latn,328,6,19
spa_Latn,328,7,8
spa_Latn,328,8,31
spa_Latn,328,9,8
spa_Latn,328,10,8
spa_Latn,329,0,60
spa_Latn,329,1,61
spa_Latn,329,2,8
spa_Latn,329,3,1
spa_Latn,329,4,39
spa_Latn,329,5,8
spa_Latn,329,6,8
spa_Latn,329,7,10
spa_Latn,329,8,19
spa_Latn,329,9,8
spa_Latn,329,10,19
spa_Latn,329,11,8
spa_Latn,329,12,8
spa_Latn,329,13,8
eng_Latn,330,0,60
eng_Latn,330,1,7
eng_Latn,330,2,12
eng_Latn,330,3,19
eng_Latn,330,4,49
eng_Latn,331,0,60
eng_Latn,331,1,51
eng_Latn,331,2,18
eng_Latn,331,3,18
eng_Latn,331,4,21
eng_Latn,331,5,16
eng_Latn,331,6,54
eng_Latn,331,7,52
eng_Latn,331,8,52
eng_Latn,331,9,52
eng_Latn,331,10,37
eng_Latn,331,11,49
spa_Latn,332,0,60
spa_Latn,332,1,26
spa_Latn,332,2,1
spa_Latn,332,3,19
spa_Latn,332,4,39
spa_Latn,332,5,8
spa_Latn,332,6,8
spa_Latn,332,7,37
spa_Latn,332,8,3
spa_Latn,332,9,19
spa_Latn,332,10,39
spa_Latn,332,11,7
spa_Latn,332,12,19
spa_Latn,332,13,47
spa_Latn,332,14,47
spa_Latn,332,15,8
eng_Latn,333,0,60
eng_Latn,333,1,15
eng_Latn,333,2,14
eng_Latn,333,3,52
eng_Latn,333,4,31
eng_Latn,333,5,24
eng_Latn,333,6,52
spa_Latn,334,0,60
spa_Latn,334,1,26
spa_Latn,334,2,8
spa_Latn,334,3,8
spa_Latn,334,4,47
spa_Latn,334,5,34
eng_Latn,335,0,60
eng_Latn,335,1,19
eng_Latn,335,2,40
eng_Latn,335,3,18
eng_Latn,335,4,2
eng_Latn,335,5,37
eng_Latn,335,6,38
eng_Latn,335,7,46
eng_Latn,335,8,12
eng_Latn,335,9,40
eng_Latn,335,10,7
spa_Latn,336,0,60
spa_Latn,336,1,15
spa_Latn,336,2,56
spa_Latn,336,3,8
spa_Latn,336,4,19
spa_Latn,336,5,8
spa_Latn,337,0,60
spa_Latn,337,1,39
spa_Latn,337,2,8
spa_Latn,337,3,61
spa_Latn,337,4,14
spa_Latn,337,5,47
spa_Latn,337,6,19
spa_Latn,337,7,15
spa_Latn,337,8,8
spa_Latn,337,9,40
spa_Latn,337,10,8
spa_Latn,337,11,19
spa_Latn,337,12,19
spa_Latn,337,13,39
spa_Latn,337,14,8
spa_Latn,337,15,29
spa_Latn,337,16,8
spa_Latn,338,0,60
spa_Latn,338,1,47
spa_Latn,338,2,49
spa_Latn,338,3,26
spa_Latn,338,4,26
spa_Latn,338,5,49
spa_Latn,338,6,26
spa_Latn,339,0,60
spa_Latn,339,1,19
spa_Latn,339,2,8
spa_Latn,339,3,19
spa_Latn,339,4,8
spa_Latn,339,5,54
spa_Latn,339,6,47
spa_Latn,339,7,8
spa_Latn,339,8,14
spa_Latn,339,9,29
spa_Latn,339,10,47
spa_Latn,339,11,8
spa_Latn,340,0,60
spa_Latn,340,1,8
spa_Latn,340,2,61
spa_Latn,340,3,34
spa_Latn,340,4,34
spa_Latn,340,5,8
spa_Latn,340,6,19
spa_Latn,340,7,29
spa_Latn,341,0,60
spa_Latn,341,1,8
spa_Latn,341,2,51
spa_Latn,341,3,8
spa_Latn,341,4,8
eng_Latn,342,0,60
eng_Latn,342,1,48
eng_Latn,342,2,56
eng_Latn,342,3,63
eng_Latn,342,4,58
eng_Latn,342,5,58
eng_Latn,342,6,58
eng_Latn,342,7,6
eng_Latn,343,0,60
eng_Latn,343,1,46
eng_Latn,343,2,56
eng_Latn,343,3,44
spa_Latn,344,0,60
spa_Latn,344,1,19
spa_Latn,344,2,8
spa_Latn,344,3,17
spa_Latn,344,4,8
spa_Latn,344,5,19
spa_Latn,344,6,8
spa_Latn,344,7,8
spa_Latn,344,8,8
spa_Latn,344,9,16
eng_Latn,345,0,60
eng_Latn,345,1,45
eng_Latn,345,2,35
eng_Latn,345,3,18
eng_Latn,345,4,56
eng_Latn,345,5,38
eng_Latn,345,6,24
eng_Latn,345,7,55
eng_Latn,345,8,41
eng_Latn,345,9,43
eng_Latn,345,10,48
eng_Latn,346,0,60
eng_Latn,346,1,19
eng_Latn,346,2,21
eng_Latn,346,3,5
eng_Latn,346,4,59
eng_Latn,346,5,46
eng_Latn,346,6,19
eng_Latn,346,7,21
spa_Latn,347,0,60
spa_Latn,347,1,61
spa_Latn,347,2,8
spa_Latn,347,3,8
spa_Latn,347,4,8
spa_Latn,348,0,60
spa_Latn,348,1,19
spa_Latn,348,2,19
spa_Latn,348,3,8
spa_Latn,348,4,8
spa_Latn,348,5,47
spa_Latn,349,0,60
spa_Latn,349,1,46
spa_Latn,349,2,8
spa_Latn,349,3,10
spa_Latn,349,4,19
spa_Latn,349,5,19
spa_Latn,349,6,8
spa_Latn,349,7,8
spa_Latn,349,8,61
spa_Latn,349,9,28
spa_Latn,349,10,40
spa_Latn,349,11,28
spa_Latn,350,0,60
spa_Latn,350,1,23
spa_Latn,350,2,8
spa_Latn,350,3,8
spa_Latn,350,4,46
spa_Latn,350,5,8
spa_Latn,350,6,8
spa_Latn,350,7,19
spa_Latn,350,8,8
spa_Latn,350,9,19
spa_Latn,350,10,8
eng_Latn,351,0,60
eng_Latn,351,1,22
eng_Latn,351,2,22
eng_Latn,351,3,9
eng_Latn,352,0,60
eng_Latn,352,1,35
eng_Latn,352,2,61
eng_Latn,352,3,56
eng_Latn,352,4,52
eng_Latn,352,5,56
eng_Latn,352,6,35
eng_Latn,352,7,51
eng_Latn,352,8,1
eng_Latn,352,9,52
eng_Latn,352,10,52
eng_Latn,352,11,35
eng_Latn,352,12,47
spa_Latn,353,0,60
spa_Latn,353,1,19
spa_Latn,353,2,7
spa_Latn,353,3,7
spa_Latn,353,4,27
spa_Latn,353,5,9
spa_Latn,353,6,47
spa_Latn,353,7,47
spa_Latn,353,8,8
spa_Latn,354,0,60
spa_Latn,354,1,39
spa_Latn,354,2,7
spa_Latn,354,3,8
spa_Latn,354,4,8
spa_Latn,354,5,47
spa_Latn,354,6,19
spa_Latn,354,7,8
spa_Latn,354,8,8
spa_Latn,354,9,19
spa_Latn,354,10,63
eng_Latn,355,0,60
eng_Latn,355,1,22
eng_Latn,355,2,22
eng_Latn,355,3,49
eng_Latn,355,4,34
spa_Latn,356,0,60
spa_Latn,356,1,19
spa_Latn,356,2,8
spa_Latn,356,3,8
spa_Latn,356,4,53
spa_Latn,356,5,8
spa_Latn,356,6,8
spa_Latn,356,7,19
spa_Latn,356,8,8
spa_Latn,356,9,1
spa_Latn,356,10,19
spa_Latn,356,11,8
eng_Latn,357,0,60
eng_Latn,357,1,22
eng_Latn,357,2,22
eng_Latn,357,3,12
eng_Latn,357,4,29
eng_Latn,357,5,22
spa_Latn,358,0,60
spa_Latn,358,1,8
spa_Latn,358,2,31
spa_Latn,358,3,1
spa_Latn,358,4,8
spa_Latn,358,5,8
spa_Latn,358,6,39
spa_Latn,358,7,8
spa_Latn,358,8,35
spa_Latn,358,9,8
spa_Latn,358,10,8
spa_Latn,358,11,52
eng_Latn,359,0,60
eng_Latn,359,1,29
eng_Latn,359,2,41
eng_Latn,359,3,57
eng_Latn,359,4,0
eng_Latn,359,5,31
eng_Latn,359,6,28
eng_Latn,359,7,6
eng_Latn,359,8,15
eng_Latn,360,0,60
eng_Latn,360,1,22
eng_Latn,360,2,9
eng_Latn,360,3,9
eng_Latn,360,4,61
eng_Latn,360,5,40
eng_Latn,360,6,19
eng_Latn,360,7,40
eng_Latn,360,8,19
eng_Latn,360,9,46
eng_Latn,360,10,9
eng_Latn,360,11,9
eng_Latn,360,12,22
eng_Latn,360,13,9
eng_Latn,360,14,22
eng_Latn,360,15,22
eng_Latn,361,0,60
eng_Latn,361,1,61
eng_Latn,361,2,1
eng_Latn,361,3,33
eng_Latn,361,4,24
eng_Latn,361,5,15
eng_Latn,361,6,16
spa_Latn,362,0,60
spa_Latn,362,1,8
spa_Latn,362,2,8
spa_Latn,362,3,8
spa_Latn,362,4,47
spa_Latn,362,5,8
spa_Latn,362,6,8
spa_Latn,362,7,19
spa_Latn,362,8,8
spa_Latn,362,9,8
spa_Latn,362,10,8
spa_Latn,362,11,8
spa_Latn,362,12,7
spa_Latn,362,13,8
spa_Latn,363,0,60
spa_Latn,363,1,7
spa_Latn,363,2,8
spa_Latn,363,3,8
spa_Latn,363,4,47
spa_Latn,363,5,19
spa_Latn,363,6,40
spa_Latn,363,7,19
spa_Latn,363,8,40
spa_Latn,363,9,8
spa_Latn,363,10,47
spa_Latn,363,11,49
spa_Latn,363,12,12
spa_Latn,363,13,52
spa_Latn,363,14,52
spa_Latn,363,15,52
spa_Latn,363,16,37
spa_Latn,363,17,12
spa_Latn,364,0,60
spa_Latn,364,1,19
spa_Latn,364,2,39
spa_Latn,364,3,47
spa_Latn,364,4,7
spa_Latn,364,5,47
spa_Latn,364,6,26
spa_Latn,364,7,39
spa_Latn,364,8,5
spa_Latn,364,9,22
spa_Latn,364,10,11
spa_Latn,364,11,1
spa_Latn,364,12,40
spa_Latn,364,13,11
spa_Latn,364,14,19
spa_Latn,364,15,49
spa_Latn,364,16,26
spa_Latn,364,17,26
spa_Latn,364,18,12
spa_Latn,365,0,60
spa_Latn,365,1,19
spa_Latn,365,2,8
spa_Latn,365,3,50
spa_Latn,365,4,54
spa_Latn,365,5,8
spa_Latn,365,6,19
spa_Latn,365,7,8
spa_Latn,365,8,8
spa_Latn,365,9,39
spa_Latn,365,10,8
spa_Latn,365,11,8
spa_Latn,365,12,19
spa_Latn,365,13,8
spa_Latn,365,14,8
eng_Latn,366,0,60
eng_Latn,366,1,34
eng_Latn,366,2,63
eng_Latn,366,3,31
eng_Latn,366,4,53
eng_Latn,366,5,22
eng_Latn,366,6,12
eng_Latn,366,7,47
eng_Latn,366,8,40
eng_Latn,366,9,40
eng_Latn,367,0,60
eng_Latn,367,1,9
eng_Latn,367,2,29
eng_Latn,367,3,54
eng_Latn,367,4,18
eng_Latn,367,5,48
eng_Latn,367,6,18
eng_Latn,367,7,34
eng_Latn,368,0,60
eng_Latn,368,1,52
eng_Latn,368,2,57
eng_Latn,368,3,3
eng_Latn,368,4,3
eng_Latn,368,5,3
eng_Latn,368,6,19
eng_Latn,368,7,3
eng_Latn,369,0,60
eng_Latn,369,1,22
eng_Latn,369,2,61
eng_Latn,369,3,19
eng_Latn,369,4,40
eng_Latn,369,5,53
eng_Latn,369,6,3
eng_Latn,369,7,63
eng_Latn,370,0,60
eng_Latn,370,1,19
eng_Latn,370,2,49
eng_Latn,370,3,53
eng_Latn,370,4,53
eng_Latn,370,5,1
eng_Latn,370,6,1
eng_Latn,370,7,52
eng_Latn,371,0,60
eng_Latn,371,1,40
eng_Latn,371,2,43
eng_Latn,371,3,57
eng_Latn,371,4,61
eng_Latn,371,5,31
spa_Latn,372,0,60
spa_Latn,372,1,61
spa_Latn,372,2,8
spa_Latn,372,3,19
spa_Latn,372,4,8
spa_Latn,372,5,8
spa_Latn,372,6,47
eng_Latn,373,0,60
eng_Latn,373,1,22
eng_Latn,373,2,9
eng_Latn,373,3,12
eng_Latn,373,4,19
eng_Latn,373,5,15
eng_Latn,373,6,9
eng_Latn,373,7,9
eng_Latn,373,8,22
eng_Latn,373,9,9
eng_Latn,373,10,29
eng_Latn,373,11,51
eng_Latn,373,12,24
eng_Latn,373,13,56
eng_Latn,373,14,47
eng_Latn,373,15,46
eng_Latn,373,16,51
spa_Latn,374,0,60
spa_Latn,374,1,19
spa_Latn,374,2,8
spa_Latn,374,3,19
spa_Latn,374,4,8
spa_Latn,374,5,8
spa_Latn,374,6,8
spa_Latn,374,7,8
spa_Latn,374,8,19
spa_Latn,374,9,8
spa_Latn,374,10,8
spa_Latn,374,11,8
spa_Latn,374,12,8
eng_Latn,375,0,60
eng_Latn,375,1,57
eng_Latn,375,2,38
eng_Latn,375,3,38
eng_Latn,375,4,19
eng_Latn,375,5,15
eng_Latn,375,6,17
eng_Latn,375,7,8
eng_Latn,375,8,16
eng_Latn,376,0,60
eng_Latn,376,1,16
eng_Latn,376,2,53
eng_Latn,376,3,24
eng_Latn,376,4,35
eng_Latn,376,5,4
eng_Latn,376,6,19
eng_Latn,376,7,47
eng_Latn,376,8,4
eng_Latn,377,0,60
eng_Latn,377,1,57
eng_Latn,377,2,34
eng_Latn,377,3,20
eng_Latn,377,4,52
eng_Latn,377,5,49
eng_Latn,377,6,9
eng_Latn,377,7,37
eng_Latn,377,8,37
eng_Latn,377,9,19
eng_Latn,377,10,46
eng_Latn,378,0,60
eng_Latn,378,1,22
eng_Latn,378,2,52
eng_Latn,378,3,46
eng_Latn,378,4,3
eng_Latn,378,5,57
eng_Latn,378,6,49
spa_Latn,379,0,60
spa_Latn,379,1,8
spa_Latn,379,2,8
spa_Latn,379,3,8
spa_Latn,379,4,8
spa_Latn,379,5,1
spa_Latn,379,6,52
eng_Latn,380,0,60
eng_Latn,380,1,9
eng_Latn,380,2,38
eng_Latn,380,3,15
eng_Latn,380,4,56
eng_Latn,380,5,63
eng_Latn,380,6,57
eng_Latn,380,7,30
eng_Latn,380,8,52
eng_Latn,380,9,63
eng_Latn,381,0,60
eng_Latn,381,1,31
eng_Latn,381,2,9
eng_Latn,381,3,18
eng_Latn,381,4,34
eng_Latn,381,5,18
eng_Latn,381,6,20
eng_Latn,381,7,41
eng_Latn,381,8,34
eng_Latn,381,9,18
eng_Latn,381,10,34
spa_Latn,382,0,60
spa_Latn,382,1,19
spa_Latn,382,2,49
spa_Latn,382,3,12
spa_Latn,382,4,47
spa_Latn,382,5,8
spa_Latn,382,6,19
spa_Latn,382,7,8
spa_Latn,382,8,8
spa_Latn,382,9,8
spa_Latn,382,10,19
spa_Latn,382,11,8
spa_Latn,382,12,8
spa_Latn,383,0,60
spa_Latn,383,1,22
spa_Latn,383,2,61
spa_Latn,383,3,6
spa_Latn,383,4,7
spa_Latn,383,5,19
spa_Latn,383,6,47
spa_Latn,383,7,19
spa_Latn,383,8,8
spa_Latn,383,9,8
spa_Latn,383,10,11
spa_Latn,383,11,19
spa_Latn,383,12,19
spa_Latn,383,13,8
spa_Latn,383,14,1
spa_Latn,383,15,12
spa_Latn,383,16,19
spa_Latn,383,17,22
spa_Latn,383,18,60
eng_Latn,384,0,60
eng_Latn,384,1,40
eng_Latn,384,2,49
spa_Latn,385,0,60
spa_Latn,385,1,9
spa_Latn,385,2,17
spa_Latn,385,3,39
spa_Latn,385,4,34
eng_Latn,386,0,60
eng_Latn,386,1,19
eng_Latn,386,2,13
eng_Latn,386,3,11
eng_Latn,386,4,19
eng_Latn,386,5,62
eng_Latn,386,6,8
eng_Latn,386,7,8
eng_Latn,386,8,8
eng_Latn,386,9,19
eng_Latn,386,10,8
eng_Latn,386,11,19
eng_Latn,386,12,8
eng_Latn,387,0,60
eng_Latn,387,1,22
eng_Latn,387,2,52
eng_Latn,387,3,37
eng_Latn,387,4,22
spa_Latn,388,0,60
spa_Latn,388,1,19
spa_Latn,388,2,34
spa_Latn,388,3,42
spa_Latn,388,4,27
spa_Latn,388,5,27
spa_Latn,388,6,51
spa_Latn,388,7,8
spa_Latn,388,8,19
spa_Latn,388,9,34
spa_Latn,388,10,8
spa_Latn,388,11,8
spa_Latn,388,12,47
spa_Latn,388,13,34
eng_Latn,389,0,60
eng_Latn,389,1,27
eng_Latn,389,2,27
eng_Latn,389,3,27
eng_Latn,389,4,27
eng_Latn,389,5,27
eng_Latn,389,6,52
eng_Latn,390,0,60
eng_Latn,390,1,22
eng_Latn,390,2,12
eng_Latn,390,3,12
eng_Latn,390,4,61
eng_Latn,391,0,60
eng_Latn,391,1,54
eng_Latn,391,2,10
eng_Latn,391,3,34
spa_Latn,392,0,60
spa_Latn,392,1,19
spa_Latn,392,2,52
spa_Latn,392,3,1
spa_Latn,392,4,52
spa_Latn,392,5,22
spa_Latn,392,6,24
spa_Latn,392,7,19
spa_Latn,392,8,1
spa_Latn,392,9,8
spa_Latn,392,10,56
spa_Latn,392,11,8
spa_Latn,392,12,8
spa_Latn,392,13,1
spa_Latn,392,14,19
spa_Latn,392,15,22
spa_Latn,392,16,52
eng_Latn,393,0,60
eng_Latn,393,1,40
eng_Latn,393,2,14
eng_Latn,394,0,60
eng_Latn,394,1,9
eng_Latn,394,2,58
eng_Latn,394,3,52
eng_Latn,394,4,9
eng_Latn,394,5,19
eng_Latn,394,6,39
eng_Latn,394,7,5
eng_Latn,394,8,1
eng_Latn,395,0,60
eng_Latn,395,1,29
eng_Latn,395,2,38
eng_Latn,395,3,57
eng_Latn,395,4,53
eng_Latn,395,5,61
spa_Latn,396,0,60
spa_Latn,396,1,19
spa_Latn,396,2,8
spa_Latn,396,3,8
spa_Latn,396,4,47
spa_Latn,396,5,47
spa_Latn,396,6,8
spa_Latn,396,7,8
spa_Latn,396,8,8
spa_Latn,396,9,2
spa_Latn,396,10,8
spa_Latn,396,11,37
spa_Latn,396,12,27
spa_Latn,396,13,40
spa_Latn,396,14,40
eng_Latn,397,0,60
eng_Latn,397,1,51
eng_Latn,397,2,51
eng_Latn,398,0,60
eng_Latn,398,1,4
eng_Latn,398,2,18
eng_Latn,398,3,56
eng_Latn,398,4,53
eng_Latn,398,5,49
eng_Latn,398,6,53
eng_Latn,398,7,52
eng_Latn,398,8,49
eng_Latn,399,0,60
eng_Latn,399,1,54
eng_Latn,399,2,20
eng_Latn,399,3,35
eng_Latn,399,4,30
eng_Latn,399,5,30
eng_Latn,399,6,57
eng_Latn,399,7,20
eng_Latn,399,8,51
eng_Latn,400,0,60
eng_Latn,400,1,63
eng_Latn,400,2,18
eng_Latn,400,3,18
eng_Latn,400,4,16
eng_Latn,400,5,16
eng_Latn,400,6,34
eng_Latn,401,0,60
eng_Latn,401,1,49
eng_Latn,401,2,45
eng_Latn,401,3,18
eng_Latn,401,4,9
eng_Latn,401,5,9
eng_Latn,401,6,18
eng_Latn,401,7,53
eng_Latn,401,8,8
eng_Latn,401,9,47
eng_Latn,401,10,21
eng_Latn,401,11,21
eng_Latn,402,0,60
eng_Latn,402,1,19
eng_Latn,402,2,49
eng_Latn,402,3,19
eng_Latn,402,4,49
eng_Latn,402,5,49
spa_Latn,403,0,60
spa_Latn,403,1,40
spa_Latn,403,2,19
spa_Latn,403,3,39
spa_Latn,403,4,7
spa_Latn,404,0,60
spa_Latn,404,1,24
spa_Latn,404,2,61
spa_Latn,404,3,7
spa_Latn,404,4,19
spa_Latn,404,5,61
spa_Latn,404,6,52
spa_Latn,404,7,8
spa_Latn,404,8,61
spa_Latn,404,9,8
spa_Latn,404,10,8
spa_Latn,404,11,61
spa_Latn,404,12,10
spa_Latn,404,13,39
spa_Latn,404,14,8
spa_Latn,404,15,8
spa_Latn,404,16,47
spa_Latn,404,17,8
spa_Latn,404,18,8
eng_Latn,405,0,60
eng_Latn,405,1,42
eng_Latn,405,2,18
eng_Latn,405,3,16
eng_Latn,405,4,54
eng_Latn,405,5,63
eng_Latn,405,6,30
eng_Latn,405,7,37
eng_Latn,405,8,47
eng_Latn,406,0,60
eng_Latn,406,1,49
eng_Latn,406,2,40
eng_Latn,406,3,40
eng_Latn,406,4,49
eng_Latn,406,5,5
eng_Latn,406,6,49
spa_Latn,407,0,60
spa_Latn,407,1,8
spa_Latn,407,2,8
spa_Latn,407,3,8
spa_Latn,407,4,8
spa_Latn,407,5,8
spa_Latn,407,6,8
spa_Latn,407,7,8
spa_Latn,407,8,37
spa_Latn,407,9,19
spa_Latn,407,10,47
spa_Latn,407,11,8
eng_Latn,408,0,60
eng_Latn,408,1,34
eng_Latn,408,2,20
eng_Latn,408,3,22
eng_Latn,408,4,57
eng_Latn,408,5,20
eng_Latn,408,6,34
eng_Latn,409,0,60
eng_Latn,409,1,37
eng_Latn,409,2,62
eng_Latn,409,3,12
eng_Latn,409,4,35
eng_Latn,409,5,22
eng_Latn,409,6,16
eng_Latn,410,0,60
eng_Latn,410,1,52
eng_Latn,410,2,53
eng_Latn,410,3,38
eng_Latn,410,4,52
eng_Latn,410,5,34
eng_Latn,410,6,61
eng_Latn,410,7,16
eng_Latn,410,8,35
eng_Latn,410,9,19
eng_Latn,410,10,15
eng_Latn,411,0,60
eng_Latn,411,1,22
eng_Latn,411,2,22
eng_Latn,411,3,34
eng_Latn,411,4,29
eng_Latn,411,5,34
eng_Latn,411,6,34
spa_Latn,412,0,60
spa_Latn,412,1,10
spa_Latn,412,2,19
spa_Latn,412,3,10
spa_Latn,412,4,47
spa_Latn,412,5,56
spa_Latn,412,6,19
spa_Latn,412,7,8
spa_Latn,412,8,8
spa_Latn,412,9,19
spa_Latn,412,10,8
spa_Latn,412,11,8
spa_Latn,412,12,8
spa_Latn,412,13,61
spa_Latn,412,14,47
spa_Latn,412,15,8
spa_Latn,413,0,60
spa_Latn,413,1,19
spa_Latn,413,2,8
spa_Latn,413,3,8
spa_Latn,413,4,52
spa_Latn,413,5,52
spa_Latn,413,6,8
eng_Latn,414,0,60
eng_Latn,414,1,38
eng_Latn,414,2,15
eng_Latn,414,3,20
eng_Latn,414,4,38
eng_Latn,414,5,56
eng_Latn,414,6,61
eng_Latn,414,7,19
eng_Latn,414,8,51
eng_Latn,415,0,60
eng_Latn,415,1,35
eng_Latn,415,2,56
eng_Latn,415,3,16
eng_Latn,415,4,16
eng_Latn,415,5,54
eng_Latn,415,6,38
eng_Latn,415,7,50
eng_Latn,415,8,63
spa_Latn,416,0,60
spa_Latn,416,1,9
spa_Latn,416,2,19
spa_Latn,416,3,8
spa_Latn,416,4,8
spa_Latn,416,5,8
spa_Latn,416,6,39
eng_Latn,417,0,60
eng_Latn,417,1,19
eng_Latn,417,2,13
eng_Latn,417,3,5
eng_Latn,417,4,47
spa_Latn,418,0,60
spa_Latn,418,1,47
spa_Latn,418,2,8
spa_Latn,418,3,19
spa_Latn,418,4,39
spa_Latn,418,5,8
spa_Latn,418,6,8
spa_Latn,418,7,61
spa_Latn,418,8,8
spa_Latn,418,9,8
spa_Latn,418,10,1
spa_Latn,418,11,39
spa_Latn,418,12,8
spa_Latn,418,13,8
spa_Latn,418,14,8
spa_Latn,419,0,60
spa_Latn,419,1,19
spa_Latn,419,2,30
spa_Latn,419,3,30
spa_Latn,419,4,30
spa_Latn,419,5,19
spa_Latn,419,6,19
spa_Latn,419,7,30
spa_Latn,419,8,8
spa_Latn,419,9,19
spa_Latn,419,10,30
spa_Latn,419,11,8
spa_Latn,419,12,33
spa_Latn,419,13,33
spa_Latn,419,14,19
spa_Latn,419,15,30
spa_Latn,420,0,60
spa_Latn,420,1,6
spa_Latn,420,2,7
spa_Latn,420,3,8
spa_Latn,420,4,8
spa_Latn,420,5,8
spa_Latn,420,6,27
spa_Latn,420,7,19
spa_Latn,420,8,8
spa_Latn,420,9,8
spa_Latn,420,10,19
spa_Latn,420,11,52
eng_Latn,421,0,60
eng_Latn,421,1,38
eng_Latn,421,2,38
eng_Latn,421,3,20
eng_Latn,421,4,40
eng_Latn,421,5,16
eng_Latn,421,6,57
eng_Latn,421,7,57
eng_Latn,422,0,60
eng_Latn,422,1,52
eng_Latn,422,2,57
eng_Latn,422,3,57
eng_Latn,422,4,12
eng_Latn,422,5,1
eng_Latn,422,6,19
eng_Latn,422,7,15
eng_Latn,422,8,56
eng_Latn,422,9,19
eng_Latn,422,10,52
eng_Latn,422,11,3
eng_Latn,422,12,3
eng_Latn,422,13,57
eng_Latn,422,14,46
spa_Latn,423,0,60
spa_Latn,423,1,47
spa_Latn,423,2,40
spa_Latn,423,3,8
spa_Latn,423,4,47
spa_Latn,423,5,19
spa_Latn,423,6,14
spa_Latn,423,7,47
spa_Latn,423,8,8
spa_Latn,423,9,19
spa_Latn,423,10,14
spa_Latn,424,0,60
spa_Latn,424,1,13
spa_Latn,424,2,13
spa_Latn,424,3,13
spa_Latn,424,4,19
spa_Latn,424,5,13
spa_Latn,424,6,1
spa_Latn,424,7,61
spa_Latn,424,8,47
spa_Latn,424,9,8
spa_Latn,424,10,61
spa_Latn,424,11,19
spa_Latn,424,12,13
spa_Latn,424,13,58
spa_Latn,424,14,12
spa_Latn,424,15,61
spa_Latn,425,0,60
spa_Latn,425,1,58
spa_Latn,425,2,6
spa_Latn,425,3,61
spa_Latn,425,4,40
spa_Latn,425,5,36
eng_Latn,426,0,60
eng_Latn,426,1,57
eng_Latn,426,2,23
eng_Latn,426,3,46
eng_Latn,426,4,54
eng_Latn,426,5,59
eng_Latn,426,6,48
eng_Latn,426,7,5
eng_Latn,426,8,1
eng_Latn,426,9,52
spa_Latn,427,0,60
spa_Latn,427,1,8
spa_Latn,427,2,8
spa_Latn,427,3,19
spa_Latn,427,4,34
spa_Latn,427,5,8
spa_Latn,427,6,16
eng_Latn,428,0,60
eng_Latn,428,1,15
eng_Latn,428,2,63
eng_Latn,428,3,63
eng_Latn,428,4,37
eng_Latn,429,0,60
eng_Latn,429,1,40
eng_Latn,429,2,12
eng_Latn,429,3,22
eng_Latn,429,4,40
eng_Latn,429,5,49
eng_Latn,429,6,2
eng_Latn,429,7,37
eng_Latn,429,8,62
eng_Latn,429,9,37
eng_Latn,429,10,49
eng_Latn,429,11,49
eng_Latn,430,0,60
eng_Latn,430,1,57
eng_Latn,430,2,33
eng_Latn,430,3,19
eng_Latn,430,4,33
eng_Latn,430,5,52
eng_Latn,430,6,49
spa_Latn,431,0,60
spa_Latn,431,1,19
spa_Latn,431,2,8
spa_Latn,431,3,8
spa_Latn,431,4,10
spa_Latn,431,5,19
spa_Latn,431,6,39
spa_Latn,431,7,8
spa_Latn,431,8,20
spa_Latn,431,9,8
spa_Latn,431,10,19
spa_Latn,431,11,8
spa_Latn,431,12,8
spa_Latn,431,13,61
spa_Latn,431,14,8
spa_Latn,431,15,39
spa_Latn,432,0,60
spa_Latn,432,1,47
spa_Latn,432,2,39
spa_Latn,432,3,8
spa_Latn,432,4,56
spa_Latn,432,5,8
spa_Latn,432,6,8
spa_Latn,432,7,8
spa_Latn,432,8,19
spa_Latn,432,9,8
spa_Latn,433,0,60
spa_Latn,433,1,19
spa_Latn,433,2,22
spa_Latn,433,3,24
spa_Latn,433,4,22
spa_Latn,433,5,19
spa_Latn,433,6,7
spa_Latn,433,7,19
spa_Latn,433,8,19
spa_Latn,433,9,7
spa_Latn,433,10,8
eng_Latn,434,0,60
eng_Latn,434,1,35
eng_Latn,434,2,50
eng_Latn,434,3,4
eng_Latn,434,4,4
eng_Latn,434,5,51
eng_Latn,435,0,60
eng_Latn,435,1,46
eng_Latn,435,2,57
eng_Latn,435,3,34
eng_Latn,436,0,60
eng_Latn,436,1,12
eng_Latn,436,2,42
eng_Latn,436,3,22
eng_Latn,436,4,27
eng_Latn,436,5,49
eng_Latn,436,6,9
eng_Latn,436,7,40
eng_Latn,437,0,60
eng_Latn,437,1,40
eng_Latn,437,2,40
eng_Latn,437,3,10
eng_Latn,437,4,56
eng_Latn,437,5,35
eng_Latn,437,6,56
eng_Latn,437,7,54
eng_Latn,437,8,19
eng_Latn,437,9,44
eng_Latn,438,0,60
eng_Latn,438,1,57
eng_Latn,438,2,45
eng_Latn,438,3,46
eng_Latn,438,4,17
eng_Latn,438,5,56
eng_Latn,438,6,35
eng_Latn,438,7,35
eng_Latn,438,8,34
eng_Latn,439,0,60
eng_Latn,439,1,54
eng_Latn,439,2,18
eng_Latn,439,3,21
eng_Latn,439,4,41
eng_Latn,439,5,57
eng_Latn,439,6,20
eng_Latn,439,7,4
eng_Latn,439,8,34
eng_Latn,440,0,60
eng_Latn,440,1,17
eng_Latn,440,2,33
eng_Latn,440,3,38
eng_Latn,440,4,33
eng_Latn,440,5,33
eng_Latn,440,6,33
eng_Latn,440,7,33
eng_Latn,440,8,33
spa_Latn,441,0,60
spa_Latn,441,1,47
spa_Latn,441,2,8
spa_Latn,441,3,13
eng_Latn,442,0,60
eng_Latn,442,1,9
eng_Latn,442,2,17
eng_Latn,442,3,21
eng_Latn,442,4,51
eng_Latn,443,0,60
eng_Latn,443,1,13
eng_Latn,443,2,19
eng_Latn,443,3,19
eng_Latn,443,4,13
eng_Latn,443,5,11
eng_Latn,443,6,22
eng_Latn,443,7,49
eng_Latn,443,8,11
eng_Latn,443,9,54
eng_Latn,443,10,39
eng_Latn,444,0,60
eng_Latn,444,1,22
eng_Latn,444,2,34
eng_Latn,444,3,20
eng_Latn,444,4,34
eng_Latn,444,5,34
eng_Latn,444,6,11
eng_Latn,445,0,60
eng_Latn,445,1,17
eng_Latn,445,2,9
eng_Latn,445,3,56
eng_Latn,445,4,54
eng_Latn,445,5,38
eng_Latn,445,6,46
eng_Latn,445,7,56
eng_Latn,445,8,56
eng_Latn,445,9,4
eng_Latn,445,10,18
eng_Latn,445,11,50
eng_Latn,445,12,16
spa_Latn,446,0,60
spa_Latn,446,1,8
spa_Latn,446,2,8
spa_Latn,446,3,51
spa_Latn,446,4,8
spa_Latn,446,5,19
spa_Latn,446,6,10
spa_Latn,446,7,8
spa_Latn,446,8,8
spa_Latn,446,9,19
spa_Latn,446,10,8
spa_Latn,447,0,60
spa_Latn,447,1,8
spa_Latn,447,2,8
spa_Latn,447,3,19
spa_Latn,447,4,8
spa_Latn,447,5,47
spa_Latn,447,6,19
spa_Latn,447,7,8
eng_Latn,448,0,60
eng_Latn,448,1,15
eng_Latn,448,2,63
eng_Latn,448,3,30
eng_Latn,448,4,63
eng_Latn,448,5,63
eng_Latn,448,6,14
eng_Latn,448,7,14
eng_Latn,448,8,47
spa_Latn,449,0,60
spa_Latn,449,1,8
spa_Latn,449,2,8
spa_Latn,449,3,19
spa_Latn,449,4,47
spa_Latn,449,5,8
spa_Latn,449,6,8
spa_Latn,449,7,19
spa_Latn,449,8,8
spa_Latn,449,9,8
eng_Latn,450,0,60
eng_Latn,450,1,26
eng_Latn,450,2,26
eng_Latn,450,3,39
eng_Latn,450,4,5
eng_Latn,450,5,18
eng_Latn,450,6,53
eng_Latn,450,7,14
eng_Latn,450,8,63
eng_Latn,451,0,60
eng_Latn,451,1,26
eng_Latn,451,2,39
eng_Latn,451,3,39
eng_Latn,452,0,60
eng_Latn,452,1,54
eng_Latn,452,2,46
eng_Latn,452,3,34
eng_Latn,453,0,60
eng_Latn,453,1,38
eng_Latn,453,2,19
eng_Latn,453,3,33
eng_Latn,453,4,33
eng_Latn,453,5,33
eng_Latn,453,6,2
eng_Latn,453,7,50
eng_Latn,453,8,16
spa_Latn,454,0,60
spa_Latn,454,1,8
spa_Latn,454,2,19
spa_Latn,454,3,8
spa_Latn,454,4,8
spa_Latn,454,5,8
spa_Latn,454,6,8
spa_Latn,454,7,8
spa_Latn,454,8,46
spa_Latn,454,9,8
eng_Latn,455,0,60
eng_Latn,455,1,9
eng_Latn,455,2,22
eng_Latn,455,3,20
eng_Latn,455,4,38
eng_Latn,455,5,10
eng_Latn,455,6,4
eng_Latn,455,7,29
eng_Latn,455,8,34
eng_Latn,456,0,60
eng_Latn,456,1,29
eng_Latn,456,2,56
eng_Latn,456,3,51
eng_Latn,456,4,45
eng_Latn,456,5,38
eng_Latn,456,6,33
eng_Latn,456,7,33
eng_Latn,456,8,1
eng_Latn,457,0,60
eng_Latn,457,1,22
eng_Latn,457,2,42
eng_Latn,457,3,38
eng_Latn,457,4,19
eng_Latn,457,5,8
eng_Latn,457,6,19
eng_Latn,457,7,8
eng_Latn,457,8,5
eng_Latn,457,9,51
eng_Latn,457,10,8
eng_Latn,457,11,8
eng_Latn,457,12,15
eng_Latn,458,0,60
eng_Latn,458,1,22
eng_Latn,458,2,50
eng_Latn,458,3,56
eng_Latn,458,4,51
eng_Latn,458,5,42
eng_Latn,458,6,42
eng_Latn,458,7,35
eng_Latn,458,8,9
eng_Latn,458,9,17
eng_Latn,458,10,4
eng_Latn,459,0,60
eng_Latn,459,1,47
eng_Latn,459,2,22
eng_Latn,459,3,11
spa_Latn,460,0,60
spa_Latn,460,1,19
spa_Latn,460,2,8
spa_Latn,460,3,10
spa_Latn,460,4,17
spa_Latn,460,5,19
spa_Latn,460,6,39
spa_Latn,460,7,39
spa_Latn,460,8,61
spa_Latn,460,9,8
spa_Latn,460,10,8
spa_Latn,460,11,19
spa_Latn,460,12,8
eng_Latn,461,0,60
eng_Latn,461,1,9
eng_Latn,461,2,9
eng_Latn,461,3,31
eng_Latn,461,4,53
eng_Latn,461,5,51
eng_Latn,461,6,49
eng_Latn,461,7,34
spa_Latn,462,0,60
spa_Latn,462,1,9
spa_Latn,462,2,26
spa_Latn,462,3,19
spa_Latn,462,4,49
spa_Latn,462,5,26
spa_Latn,462,6,26
spa_Latn,462,7,49
spa_Latn,462,8,8
spa_Latn,462,9,12
spa_Latn,462,10,61
spa_Latn,462,11,39
spa_Latn,462,12,8
spa_Latn,462,13,40
spa_Latn,462,14,49
spa_Latn,463,0,60
spa_Latn,463,1,47
spa_Latn,463,2,39
spa_Latn,463,3,39
spa_Latn,463,4,13
spa_Latn,463,5,47
spa_Latn,463,6,47
spa_Latn,463,7,27
spa_Latn,463,8,26
spa_Latn,463,9,7
spa_Latn,463,10,58
eng_Latn,464,0,60
eng_Latn,464,1,16
eng_Latn,464,2,54
eng_Latn,464,3,46
eng_Latn,464,4,5
eng_Latn,464,5,18
eng_Latn,464,6,56
eng_Latn,464,7,46
eng_Latn,464,8,5
eng_Latn,464,9,16
eng_Latn,464,10,56
eng_Latn,464,11,1
spa_Latn,465,0,60
spa_Latn,465,1,40
spa_Latn,465,2,49
spa_Latn,466,0,60
spa_Latn,466,1,40
spa_Latn,466,2,63
spa_Latn,466,3,8
spa_Latn,466,4,1
spa_Latn,466,5,8
spa_Latn,466,6,8
spa_Latn,466,7,61
spa_Latn,466,8,8
eng_Latn,467,0,60
eng_Latn,467,1,50
eng_Latn,467,2,56
eng_Latn,467,3,16
eng_Latn,467,4,62
eng_Latn,467,5,62
eng_Latn,467,6,52
spa_Latn,468,0,60
spa_Latn,468,1,19
spa_Latn,468,2,39
spa_Latn,468,3,39
spa_Latn,468,4,8
spa_Latn,468,5,19
spa_Latn,468,6,16
spa_Latn,468,7,8
spa_Latn,468,8,47
spa_Latn,468,9,19
spa_Latn,468,10,8
spa_Latn,468,11,8
spa_Latn,468,12,19
spa_Latn,468,13,52
spa_Latn,468,14,19
spa_Latn,468,15,8
spa_Latn,469,0,60
spa_Latn,469,1,47
spa_Latn,469,2,19
spa_Latn,469,3,22
spa_Latn,469,4,22
spa_Latn,469,5,26
spa_Latn,469,6,40
spa_Latn,469,7,26
spa_Latn,469,8,49
spa_Latn,469,9,8
spa_Latn,469,10,42
spa_Latn,469,11,58
spa_Latn,469,12,12
spa_Latn,469,13,61
eng_Latn,470,0,60
eng_Latn,470,1,57
eng_Latn,470,2,54
eng_Latn,470,3,5
eng_Latn,470,4,35
eng_Latn,470,5,38
eng_Latn,470,6,19
eng_Latn,470,7,46
eng_Latn,470,8,50
eng_Latn,470,9,21
spa_Latn,471,0,60
spa_Latn,471,1,8
spa_Latn,471,2,39
spa_Latn,471,3,47
spa_Latn,471,4,39
spa_Latn,471,5,8
eng_Latn,472,0,60
eng_Latn,472,1,35
eng_Latn,472,2,4
eng_Latn,472,3,18
eng_Latn,472,4,63
eng_Latn,472,5,56
eng_Latn,472,6,52
eng_Latn,472,7,52
eng_Latn,472,8,21
eng_Latn,472,9,21
eng_Latn,472,10,4
spa_Latn,473,0,60
spa_Latn,473,1,47
spa_Latn,473,2,8
spa_Latn,473,3,8
spa_Latn,474,0,60
spa_Latn,474,1,27
spa_Latn,474,2,8
spa_Latn,474,3,8
spa_Latn,474,4,7
spa_Latn,474,5,8
spa_Latn,474,6,3
spa_Latn,474,7,47
eng_Latn,475,0,60
eng_Latn,475,1,45
eng_Latn,475,2,18
eng_Latn,475,3,9
eng_Latn,475,4,56
eng_Latn,475,5,57
eng_Latn,475,6,24
eng_Latn,475,7,57
spa_Latn,476,0,60
spa_Latn,476,1,49
spa_Latn,476,2,8
spa_Latn,476,3,19
spa_Latn,476,4,7
spa_Latn,476,5,8
spa_Latn,476,6,3
spa_Latn,476,7,3
spa_Latn,476,8,19
spa_Latn,476,9,8
spa_Latn,476,10,24
spa_Latn,476,11,52
spa_Latn,476,12,52
spa_Latn,476,13,7
spa_Latn,476,14,44
eng_Latn,477,0,60
eng_Latn,477,1,18
eng_Latn,477,2,56
eng_Latn,477,3,21
eng_Latn,477,4,51
eng_Latn,477,5,20
eng_Latn,477,6,27
eng_Latn,478,0,60
eng_Latn,478,1,33
eng_Latn,478,2,33
eng_Latn,478,3,33
eng_Latn,478,4,33
eng_Latn,478,5,33
eng_Latn,478,6,63
spa_Latn,479,0,60
spa_Latn,479,1,8
spa_Latn,479,2,47
spa_Latn,479,3,8
spa_Latn,479,4,8
spa_Latn,479,5,8
spa_Latn,479,6,57
spa_Latn,479,7,10
eng_Latn,480,0,60
eng_Latn,480,1,34
eng_Latn,480,2,34
eng_Latn,481,0,60
eng_Latn,481,1,29
eng_Latn,481,2,18
eng_Latn,481,3,5
eng_Latn,481,4,18
eng_Latn,481,5,18
eng_Latn,481,6,16
eng_Latn,481,7,18
eng_Latn,481,8,56
eng_Latn,481,9,57
eng_Latn,482,0,60
eng_Latn,482,1,58
eng_Latn,482,2,52
eng_Latn,482,3,52
eng_Latn,482,4,1
eng_Latn,482,5,57
eng_Latn,482,6,31
eng_Latn,482,7,16
eng_Latn,482,8,16
eng_Latn,482,9,16
spa_Latn,483,0,60
spa_Latn,483,1,19
spa_Latn,483,2,8
spa_Latn,483,3,19
spa_Latn,483,4,16
spa_Latn,483,5,34
spa_Latn,483,6,34
spa_Latn,483,7,51
spa_Latn,483,8,56
spa_Latn,483,9,8
spa_Latn,483,10,19
spa_Latn,483,11,19
spa_Latn,483,12,34
eng_Latn,484,0,60
eng_Latn,484,1,27
eng_Latn,484,2,49
eng_Latn,484,3,49
eng_Latn,485,0,60
eng_Latn,485,1,27
eng_Latn,485,2,61
eng_Latn,485,3,39
eng_Latn,485,4,9
eng_Latn,485,5,38
eng_Latn,485,6,50
eng_Latn,485,7,16
eng_Latn,486,0,60
eng_Latn,486,1,15
eng_Latn,486,2,16
eng_Latn,487,0,60
eng_Latn,487,1,13
eng_Latn,487,2,5
eng_Latn,487,3,37
eng_Latn,488,0,60
eng_Latn,488,1,47
eng_Latn,488,2,1
eng_Latn,488,3,22
eng_Latn,488,4,60
eng_Latn,488,5,57
eng_Latn,488,6,40
eng_Latn,488,7,49
eng_Latn,488,8,60
eng_Latn,488,9,1
eng_Latn,488,10,52
spa_Latn,489,0,60
spa_Latn,489,1,19
spa_Latn,489,2,54
spa_Latn,489,3,61
spa_Latn,489,4,19
spa_Latn,489,5,8
spa_Latn,489,6,10
spa_Latn,489,7,10
spa_Latn,489,8,19
spa_Latn,489,9,8
spa_Latn,489,10,8
eng_Latn,490,0,60
eng_Latn,490,1,45
eng_Latn,490,2,20
eng_Latn,490,3,0
eng_Latn,490,4,53
eng_Latn,490,5,41
eng_Latn,490,6,21
eng_Latn,490,7,51
eng_Latn,491,0,60
eng_Latn,491,1,50
eng_Latn,491,2,39
eng_Latn,491,3,19
eng_Latn,491,4,33
eng_Latn,491,5,46
eng_Latn,491,6,48
eng_Latn,491,7,14
eng_Latn,491,8,27
eng_Latn,491,9,47
eng_Latn,491,10,49
spa_Latn,492,0,60
spa_Latn,492,1,19
spa_Latn,492,2,22
spa_Latn,492,3,8
spa_Latn,492,4,47
spa_Latn,492,5,47
spa_Latn,492,6,8
spa_Latn,492,7,19
spa_Latn,492,8,47
spa_Latn,492,9,15
spa_Latn,492,10,8
spa_Latn,493,0,60
spa_Latn,493,1,8
spa_Latn,493,2,19
spa_Latn,493,3,8
spa_Latn,493,4,53
spa_Latn,493,5,27
spa_Latn,493,6,23
spa_Latn,493,7,19
spa_Latn,493,8,47
spa_Latn,493,9,63
eng_Latn,494,0,60
eng_Latn,494,1,38
eng_Latn,494,2,18
eng_Latn,494,3,41
eng_Latn,494,4,44
eng_Latn,494,5,44
eng_Latn,494,6,46
eng_Latn,495,0,60
eng_Latn,495,1,40
eng_Latn,495,2,40
eng_Latn,495,3,9
eng_Latn,495,4,26
eng_Latn,495,5,40
eng_Latn,495,6,49
eng_Latn,495,7,2
eng_Latn,495,8,37
eng_Latn,495,9,26
eng_Latn,495,10,19
eng_Latn,495,11,47
eng_Latn,495,12,49
eng_Latn,495,13,49
spa_Latn,496,0,60
spa_Latn,496,1,46
spa_Latn,496,2,8
spa_Latn,496,3,52
spa_Latn,496,4,8
spa_Latn,497,0,60
spa_Latn,497,1,12
spa_Latn,497,2,19
spa_Latn,497,3,7
spa_Latn,497,4,63
spa_Latn,497,5,53
spa_Latn,497,6,24
spa_Latn,497,7,19
spa_Latn,497,8,60
spa_Latn,497,9,19
spa_Latn,497,10,8
spa_Latn,497,11,19
spa_Latn,497,12,8
spa_Latn,498,0,60
spa_Latn,498,1,19
spa_Latn,498,2,8
spa_Latn,498,3,8
spa_Latn,498,4,1
spa_Latn,498,5,39
spa_Latn,498,6,8
spa_Latn,498,7,8
spa_Latn,498,8,19
spa_Latn,498,9,39
spa_Latn,498,10,8
spa_Latn,499,0,60
spa_Latn,499,1,12
spa_Latn,499,2,39
spa_Latn,499,3,8
spa_Latn,499,4,8
spa_Latn,499,5,8
spa_Latn,499,6,19
spa_Latn,500,0,60
spa_Latn,500,1,13
spa_Latn,500,2,61
spa_Latn,500,3,19
spa_Latn,500,4,19
spa_Latn,500,5,13
spa_Latn,500,6,13
spa_Latn,500,7,60
spa_Latn,500,8,58
spa_Latn,500,9,7
spa_Latn,500,10,22
spa_Latn,500,11,12
eng_Latn,501,0,60
eng_Latn,501,1,13
eng_Latn,501,2,49
eng_Latn,501,3,18
eng_Latn,501,4,18
eng_Latn,501,5,3
eng_Latn,501,6,57
eng_Latn,501,7,24
eng_Latn,501,8,3
eng_Latn,501,9,3
eng_Latn,501,10,3
spa_Latn,502,0,60
spa_Latn,502,1,19
spa_Latn,502,2,8
spa_Latn,502,3,8
spa_Latn,502,4,8
spa_Latn,502,5,19
spa_Latn,502,6,47
spa_Latn,502,7,8
eng_Latn,503,0,60
eng_Latn,503,1,56
eng_Latn,503,2,34
eng_Latn,503,3,31
eng_Latn,503,4,20
eng_Latn,503,5,63
eng_Latn,504,0,60
eng_Latn,504,1,34
eng_Latn,504,2,20
eng_Latn,504,3,38
eng_Latn,504,4,61
eng_Latn,504,5,27
eng_Latn,504,6,33
eng_Latn,504,7,33
eng_Latn,505,0,60
eng_Latn,505,1,60
eng_Latn,505,2,53
eng_Latn,505,3,1
eng_Latn,505,4,52
spa_Latn,506,0,60
spa_Latn,506,1,8
spa_Latn,506,2,8
spa_Latn,506,3,39
spa_Latn,506,4,7
spa_Latn,506,5,12
spa_Latn,506,6,61
spa_Latn,506,7,39
spa_Latn,506,8,49
spa_Latn,506,9,12
spa_Latn,506,10,52
spa_Latn,506,11,39
spa_Latn,507,0,60
spa_Latn,507,1,40
spa_Latn,507,2,52
spa_Latn,507,3,1
spa_Latn,507,4,52
eng_Latn,508,0,60
eng_Latn,508,1,13
eng_Latn,508,2,13
eng_Latn,508,3,13
eng_Latn,508,4,13
eng_Latn,508,5,13
eng_Latn,508,6,13
eng_Latn,508,7,13
eng_Latn,508,8,13
eng_Latn,508,9,13
eng_Latn,508,10,47
eng_Latn,508,11,13
eng_Latn,508,12,13
eng_Latn,508,13,19
eng_Latn,508,14,13
eng_Latn,508,15,13
eng_Latn,508,16,47
eng_Latn,508,17,13
eng_Latn,508,18,13
eng_Latn,508,19,13
eng_Latn,508,20,13
eng_Latn,508,21,13
eng_Latn,508,22,13
eng_Latn,508,23,13
eng_Latn,508,24,34
eng_Latn,508,25,13
eng_Latn,508,26,13
eng_Latn,508,27,13
eng_Latn,508,28,13
eng_Latn,508,29,13
eng_Latn,508,30,13
eng_Latn,508,31,13
eng_Latn,508,32,13
eng_Latn,508,33,13
eng_Latn,508,34,13
eng_Latn,508,35,13
eng_Latn,508,36,13
eng_Latn,508,37,13
eng_Latn,508,38,13
eng_Latn,508,39,47
eng_Latn,508,40,13
eng_Latn,508,41,13
eng_Latn,508,42,13
eng_Latn,508,43,13
eng_Latn,508,44,13
eng_Latn,508,45,13
eng_Latn,508,46,19
eng_Latn,508,47,13
eng_Latn,508,48,13
eng_Latn,508,49,13
eng_Latn,508,50,13
eng_Latn,508,51,13
eng_Latn,508,52,13
eng_Latn,508,53,13
eng_Latn,508,54,13
eng_Latn,508,55,13
eng_Latn,508,56,13
eng_Latn,508,57,13
eng_Latn,508,58,13
eng_Latn,508,59,13
eng_Latn,508,60,13
eng_Latn,508,61,13
eng_Latn,508,62,34
eng_Latn,508,63,13
eng_Latn,508,64,13
eng_Latn,508,65,13
eng_Latn,508,66,13
eng_Latn,508,67,34
eng_Latn,508,68,13
eng_Latn,508,69,34
eng_Latn,508,70,13
eng_Latn,508,71,34
spa_Latn,509,0,60
spa_Latn,509,1,61
spa_Latn,509,2,8
spa_Latn,509,3,8
spa_Latn,509,4,52
spa_Latn,509,5,1
spa_Latn,509,6,52
spa_Latn,509,7,34
eng_Latn,510,0,60
eng_Latn,510,1,54
eng_Latn,510,2,22
eng_Latn,510,3,37
eng_Latn,510,4,57
eng_Latn,510,5,63
spa_Latn,511,0,60
spa_Latn,511,1,47
spa_Latn,511,2,8
spa_Latn,511,3,31
spa_Latn,511,4,8
spa_Latn,511,5,8
spa_Latn,511,6,39
spa_Latn,511,7,8
spa_Latn,511,8,19
spa_Latn,511,9,8
spa_Latn,511,10,23
spa_Latn,511,11,8
spa_Latn,511,12,8
eng_Latn,512,0,60
eng_Latn,512,1,41
eng_Latn,512,2,57
eng_Latn,512,3,57
eng_Latn,513,0,60
eng_Latn,513,1,31
eng_Latn,513,2,53
eng_Latn,513,3,8
eng_Latn,513,4,19
eng_Latn,513,5,42
eng_Latn,513,6,18
eng_Latn,513,7,16
eng_Latn,513,8,18
eng_Latn,513,9,0
eng_Latn,513,10,9
eng_Latn,513,11,0
eng_Latn,514,0,60
eng_Latn,514,1,56
eng_Latn,514,2,51
eng_Latn,514,3,53
eng_Latn,514,4,57
eng_Latn,514,5,56
eng_Latn,514,6,19
eng_Latn,514,7,34
eng_Latn,514,8,20
eng_Latn,514,9,37
eng_Latn,514,10,41
eng_Latn,514,11,34
eng_Latn,515,0,60
eng_Latn,515,1,22
eng_Latn,515,2,12
eng_Latn,515,3,47
eng_Latn,515,4,22
eng_Latn,515,5,52
eng_Latn,516,0,60
eng_Latn,516,1,52
eng_Latn,516,2,15
eng_Latn,516,3,3
eng_Latn,516,4,3
eng_Latn,516,5,19
eng_Latn,516,6,15
spa_Latn,517,0,60
spa_Latn,517,1,8
spa_Latn,517,2,42
spa_Latn,517,3,49
spa_Latn,517,4,26
spa_Latn,517,5,49
spa_Latn,517,6,12
spa_Latn,517,7,61
spa_Latn,517,8,39
spa_Latn,517,9,39
spa_Latn,517,10,12
spa_Latn,517,11,47
spa_Latn,517,12,39
spa_Latn,517,13,39
eng_Latn,518,0,60
eng_Latn,518,1,9
eng_Latn,518,2,56
eng_Latn,518,3,18
eng_Latn,518,4,19
eng_Latn,518,5,16
eng_Latn,518,6,37
eng_Latn,518,7,57
eng_Latn,518,8,51
eng_Latn,518,9,54
eng_Latn,518,10,20
eng_Latn,518,11,23
eng_Latn,518,12,49
eng_Latn,519,0,60
eng_Latn,519,1,19
eng_Latn,519,2,53
eng_Latn,519,3,38
eng_Latn,519,4,46
eng_Latn,519,5,23
eng_Latn,520,0,60
eng_Latn,520,1,54
eng_Latn,520,2,18
eng_Latn,520,3,18
eng_Latn,520,4,18
eng_Latn,520,5,16
eng_Latn,520,6,16
eng_Latn,520,7,34
eng_Latn,521,0,60
eng_Latn,521,1,56
eng_Latn,521,2,51
eng_Latn,521,3,18
eng_Latn,521,4,20
eng_Latn,522,0,60
eng_Latn,522,1,54
eng_Latn,522,2,18
eng_Latn,522,3,18
eng_Latn,522,4,18
eng_Latn,522,5,62
eng_Latn,522,6,62
eng_Latn,522,7,57
eng_Latn,522,8,19
eng_Latn,522,9,34
eng_Latn,523,0,60
eng_Latn,523,1,12
eng_Latn,523,2,42
eng_Latn,523,3,22
eng_Latn,523,4,27
eng_Latn,523,5,49
eng_Latn,523,6,9
eng_Latn,523,7,49
eng_Latn,524,0,60
eng_Latn,524,1,39
eng_Latn,524,2,52
eng_Latn,524,3,52
eng_Latn,524,4,13
eng_Latn,524,5,52
eng_Latn,524,6,13
eng_Latn,525,0,60
eng_Latn,525,1,22
eng_Latn,525,2,53
eng_Latn,525,3,46
eng_Latn,525,4,15
eng_Latn,526,0,60
eng_Latn,526,1,50
eng_Latn,526,2,4
eng_Latn,526,3,31
eng_Latn,526,4,41
eng_Latn,526,5,61
eng_Latn,526,6,4
eng_Latn,526,7,57
eng_Latn,526,8,51
eng_Latn,526,9,53
eng_Latn,526,10,37
eng_Latn,526,11,51
spa_Latn,527,0,60
spa_Latn,527,1,19
spa_Latn,527,2,22
spa_Latn,527,3,8
spa_Latn,527,4,8
spa_Latn,527,5,39
spa_Latn,527,6,8
spa_Latn,527,7,8
spa_Latn,527,8,8
spa_Latn,527,9,37
eng_Latn,528,0,60
eng_Latn,528,1,52
eng_Latn,528,2,61
eng_Latn,528,3,19
eng_Latn,528,4,9
eng_Latn,528,5,26
eng_Latn,528,6,59
eng_Latn,528,7,57
eng_Latn,528,8,19
eng_Latn,528,9,48
eng_Latn,528,10,37
eng_Latn,528,11,37
eng_Latn,528,12,57
spa_Latn,529,0,60
spa_Latn,529,1,7
spa_Latn,529,2,40
spa_Latn,529,3,7
spa_Latn,529,4,8
spa_Latn,529,5,9
spa_Latn,529,6,19
spa_Latn,529,7,39
spa_Latn,529,8,8
spa_Latn,529,9,61
spa_Latn,529,10,8
spa_Latn,529,11,8
spa_Latn,529,12,9
spa_Latn,529,13,12
spa_Latn,529,14,52
eng_Latn,530,0,60
eng_Latn,530,1,47
eng_Latn,530,2,8
eng_Latn,530,3,33
eng_Latn,530,4,33
eng_Latn,530,5,63
eng_Latn,530,6,12
eng_Latn,530,7,61
eng_Latn,530,8,26
eng_Latn,530,9,26
eng_Latn,530,10,26
eng_Latn,530,11,60
spa_Latn,531,0,60
spa_Latn,531,1,19
spa_Latn,531,2,8
spa_Latn,531,3,7
spa_Latn,531,4,10
spa_Latn,531,5,8
spa_Latn,531,6,61
spa_Latn,531,7,8
spa_Latn,531,8,61
spa_Latn,531,9,19
spa_Latn,531,10,19
spa_Latn,531,11,8
spa_Latn,532,0,60
spa_Latn,532,1,19
spa_Latn,532,2,8
spa_Latn,532,3,28
spa_Latn,532,4,61
spa_Latn,532,5,47
spa_Latn,532,6,8
spa_Latn,533,0,60
spa_Latn,533,1,19
spa_Latn,533,2,47
spa_Latn,533,3,8
spa_Latn,533,4,61
spa_Latn,533,5,8
spa_Latn,533,6,34
spa_Latn,533,7,24
spa_Latn,534,0,60
spa_Latn,534,1,19
spa_Latn,534,2,19
spa_Latn,534,3,8
spa_Latn,534,4,56
spa_Latn,534,5,8
spa_Latn,534,6,52
spa_Latn,534,7,19
spa_Latn,534,8,57
spa_Latn,534,9,1
spa_Latn,534,10,52
spa_Latn,535,0,60
spa_Latn,535,1,19
spa_Latn,535,2,39
spa_Latn,535,3,8
spa_Latn,535,4,8
spa_Latn,535,5,10
spa_Latn,535,6,8
spa_Latn,535,7,8
spa_Latn,535,8,8
spa_Latn,535,9,8
spa_Latn,535,10,9
spa_Latn,535,11,8
spa_Latn,535,12,19
spa_Latn,535,13,34
spa_Latn,536,0,60
spa_Latn,536,1,57
spa_Latn,536,2,8
spa_Latn,536,3,8
spa_Latn,536,4,39
spa_Latn,536,5,16
spa_Latn,536,6,8
spa_Latn,536,7,19
spa_Latn,536,8,49
spa_Latn,537,0,60
spa_Latn,537,1,19
spa_Latn,537,2,47
spa_Latn,537,3,8
spa_Latn,537,4,19
spa_Latn,537,5,39
spa_Latn,537,6,8
spa_Latn,537,7,19
spa_Latn,537,8,39
spa_Latn,538,0,60
spa_Latn,538,1,19
spa_Latn,538,2,39
spa_Latn,538,3,8
spa_Latn,538,4,8
spa_Latn,539,0,60
spa_Latn,539,1,17
spa_Latn,539,2,8
spa_Latn,539,3,8
spa_Latn,539,4,17
spa_Latn,539,5,39
spa_Latn,539,6,8
eng_Latn,540,0,60
eng_Latn,540,1,9
eng_Latn,540,2,56
eng_Latn,540,3,35
eng_Latn,540,4,35
eng_Latn,540,5,57
eng_Latn,540,6,23
eng_Latn,540,7,46
eng_Latn,541,0,60
eng_Latn,541,1,52
eng_Latn,541,2,9
eng_Latn,541,3,9
eng_Latn,541,4,9
eng_Latn,541,5,9
eng_Latn,541,6,60
eng_Latn,541,7,12
eng_Latn,541,8,40
eng_Latn,541,9,12
eng_Latn,541,10,37
eng_Latn,541,11,46
eng_Latn,541,12,36
eng_Latn,541,13,36
eng_Latn,541,14,57
eng_Latn,541,15,40
eng_Latn,542,0,60
eng_Latn,542,1,12
eng_Latn,542,2,61
eng_Latn,543,0,60
eng_Latn,543,1,12
eng_Latn,543,2,22
eng_Latn,543,3,24
eng_Latn,543,4,47
eng_Latn,543,5,52
eng_Latn,543,6,13
eng_Latn,543,7,13
eng_Latn,543,8,13
eng_Latn,543,9,1
eng_Latn,543,10,13
eng_Latn,543,11,52
eng_Latn,543,12,1
eng_Latn,543,13,58
eng_Latn,544,0,60
eng_Latn,544,1,17
eng_Latn,544,2,34
eng_Latn,544,3,37
eng_Latn,544,4,34
eng_Latn,545,0,60
eng_Latn,545,1,53
eng_Latn,545,2,37
eng_Latn,545,3,40
eng_Latn,545,4,40
eng_Latn,545,5,49
eng_Latn,545,6,53
eng_Latn,545,7,40
eng_Latn,545,8,5
eng_Latn,545,9,49
eng_Latn,546,0,60
eng_Latn,546,1,47
eng_Latn,546,2,62
eng_Latn,546,3,54
eng_Latn,546,4,54
eng_Latn,546,5,4
eng_Latn,546,6,16
eng_Latn,547,0,60
eng_Latn,547,1,45
eng_Latn,547,2,46
eng_Latn,547,3,47
eng_Latn,547,4,23
eng_Latn,547,5,54
eng_Latn,547,6,63
eng_Latn,548,0,60
eng_Latn,548,1,20
eng_Latn,548,2,35
eng_Latn,548,3,24
eng_Latn,548,4,24
eng_Latn,548,5,23
eng_Latn,548,6,24
eng_Latn,548,7,33
eng_Latn,548,8,52
eng_Latn,549,0,60
eng_Latn,549,1,15
eng_Latn,549,2,56
eng_Latn,549,3,63
eng_Latn,549,4,14
eng_Latn,549,5,14
eng_Latn,549,6,40
eng_Latn,549,7,26
spa_Latn,550,0,60
spa_Latn,550,1,22
spa_Latn,550,2,9
spa_Latn,550,3,9
spa_Latn,550,4,8
spa_Latn,550,5,47
spa_Latn,550,6,19
spa_Latn,550,7,8
spa_Latn,550,8,8
spa_Latn,550,9,40
eng_Latn,551,0,60
eng_Latn,551,1,22
eng_Latn,551,2,29
eng_Latn,551,3,17
eng_Latn,551,4,34
eng_Latn,552,0,60
eng_Latn,552,1,46
eng_Latn,552,2,34
eng_Latn,552,3,54
eng_Latn,552,4,18
eng_Latn,552,5,57
eng_Latn,552,6,34
eng_Latn,553,0,60
eng_Latn,553,1,61
eng_Latn,553,2,22
eng_Latn,553,3,26
eng_Latn,554,0,60
eng_Latn,554,1,57
eng_Latn,554,2,56
eng_Latn,554,3,53
eng_Latn,554,4,4
eng_Latn,554,5,34
eng_Latn,555,0,60
eng_Latn,555,1,40
eng_Latn,555,2,16
eng_Latn,555,3,51
spa_Latn,556,0,60
spa_Latn,556,1,19
spa_Latn,556,2,13
spa_Latn,556,3,13
spa_Latn,556,4,12
spa_Latn,556,5,57
spa_Latn,556,6,8
spa_Latn,556,7,37
spa_Latn,556,8,12
spa_Latn,556,9,19
spa_Latn,556,10,19
spa_Latn,556,11,37
spa_Latn,556,12,8
spa_Latn,556,13,19
spa_Latn,556,14,19
spa_Latn,556,15,8
eng_Latn,557,0,60
eng_Latn,557,1,56
eng_Latn,557,2,54
eng_Latn,557,3,18
eng_Latn,557,4,21
eng_Latn,557,5,9
eng_Latn,557,6,18
eng_Latn,557,7,30
eng_Latn,557,8,30
eng_Latn,557,9,35
eng_Latn,557,10,34
eng_Latn,558,0,60
eng_Latn,558,1,61
eng_Latn,558,2,9
eng_Latn,558,3,4
eng_Latn,558,4,51
eng_Latn,558,5,35
eng_Latn,558,6,9
eng_Latn,558,7,37
eng_Latn,558,8,46
eng_Latn,559,0,60
eng_Latn,559,1,18
eng_Latn,559,2,21
eng_Latn,559,3,25
eng_Latn,559,4,25
eng_Latn,559,5,25
eng_Latn,559,6,25
eng_Latn,559,7,52
eng_Latn,559,8,57
eng_Latn,560,0,60
eng_Latn,560,1,9
eng_Latn,560,2,38
eng_Latn,560,3,15
eng_Latn,560,4,56
eng_Latn,560,5,63
eng_Latn,560,6,14
eng_Latn,560,7,14
eng_Latn,560,8,40
eng_Latn,560,9,1
spa_Latn,561,0,60
spa_Latn,561,1,16
spa_Latn,561,2,8
spa_Latn,561,3,8
spa_Latn,562,0,60
spa_Latn,562,1,8
spa_Latn,562,2,8
spa_Latn,562,3,8
eng_Latn,563,0,60
eng_Latn,563,1,46
eng_Latn,563,2,61
eng_Latn,563,3,15
eng_Latn,563,4,15
eng_Latn,563,5,56
eng_Latn,563,6,21
eng_Latn,563,7,39
eng_Latn,563,8,63
eng_Latn,564,0,60
eng_Latn,564,1,9
eng_Latn,564,2,9
eng_Latn,564,3,18
eng_Latn,564,4,16
eng_Latn,564,5,20
eng_Latn,564,6,3
eng_Latn,564,7,3
eng_Latn,564,8,49
eng_Latn,565,0,60
eng_Latn,565,1,18
eng_Latn,565,2,18
eng_Latn,565,3,20
eng_Latn,565,4,28
eng_Latn,565,5,34
eng_Latn,565,6,34
spa_Latn,566,0,60
spa_Latn,566,1,47
spa_Latn,566,2,47
spa_Latn,566,3,39
spa_Latn,566,4,58
spa_Latn,566,5,58
spa_Latn,566,6,60
spa_Latn,566,7,1
spa_Latn,566,8,47
spa_Latn,566,9,8
spa_Latn,566,10,7
spa_Latn,566,11,8
spa_Latn,567,0,60
spa_Latn,567,1,8
spa_Latn,567,2,10
spa_Latn,567,3,1
spa_Latn,567,4,19
spa_Latn,567,5,39
spa_Latn,567,6,8
spa_Latn,567,7,8
spa_Latn,567,8,19
spa_Latn,567,9,47
spa_Latn,567,10,8
spa_Latn,567,11,23
spa_Latn,567,12,19
spa_Latn,567,13,47
spa_Latn,567,14,8
spa_Latn,567,15,8
spa_Latn,567,16,8
eng_Latn,568,0,60
eng_Latn,568,1,53
eng_Latn,568,2,19
eng_Latn,568,3,39
eng_Latn,568,4,9
eng_Latn,568,5,3
eng_Latn,568,6,18
spa_Latn,569,0,60
spa_Latn,569,1,27
spa_Latn,569,2,52
spa_Latn,569,3,8
spa_Latn,569,4,8
spa_Latn,569,5,8
spa_Latn,569,6,8
spa_Latn,569,7,19
spa_Latn,569,8,37
eng_Latn,570,0,60
eng_Latn,570,1,53
eng_Latn,570,2,46
eng_Latn,570,3,49
eng_Latn,570,4,57
eng_Latn,570,5,37
eng_Latn,570,6,46
eng_Latn,571,0,60
eng_Latn,571,1,9
eng_Latn,571,2,22
eng_Latn,571,3,22
eng_Latn,571,4,60
eng_Latn,571,5,12
eng_Latn,571,6,22
eng_Latn,571,7,63
eng_Latn,571,8,12
eng_Latn,571,9,61
eng_Latn,571,10,22
eng_Latn,572,0,60
eng_Latn,572,1,22
eng_Latn,572,2,5
eng_Latn,572,3,35
eng_Latn,572,4,63
eng_Latn,572,5,42
eng_Latn,572,6,47
eng_Latn,572,7,61
eng_Latn,572,8,61
eng_Latn,572,9,49
eng_Latn,572,10,22
eng_Latn,572,11,47
eng_Latn,572,12,22
spa_Latn,573,0,60
spa_Latn,573,1,52
spa_Latn,573,2,19
spa_Latn,573,3,52
spa_Latn,574,0,60
spa_Latn,574,1,19
spa_Latn,574,2,34
spa_Latn,574,3,11
spa_Latn,574,4,8
spa_Latn,574,5,39
spa_Latn,574,6,8
spa_Latn,574,7,47
spa_Latn,574,8,8
spa_Latn,574,9,19
spa_Latn,574,10,8
spa_Latn,574,11,42
spa_Latn,575,0,60
spa_Latn,575,1,47
spa_Latn,575,2,16
spa_Latn,575,3,47
spa_Latn,575,4,19
spa_Latn,575,5,8
spa_Latn,575,6,34
spa_Latn,575,7,8
spa_Latn,575,8,8
spa_Latn,575,9,8
spa_Latn,575,10,8
eng_Latn,576,0,60
eng_Latn,576,1,13
eng_Latn,576,2,13
eng_Latn,576,3,49
eng_Latn,576,4,5
eng_Latn,576,5,7
spa_Latn,577,0,60
spa_Latn,577,1,19
spa_Latn,577,2,19
spa_Latn,577,3,16
spa_Latn,578,0,60
spa_Latn,578,1,8
spa_Latn,578,2,8
spa_Latn,578,3,39
spa_Latn,578,4,16
spa_Latn,578,5,8
spa_Latn,578,6,19
spa_Latn,578,7,8
spa_Latn,578,8,8
eng_Latn,579,0,60
eng_Latn,579,1,12
eng_Latn,579,2,42
eng_Latn,579,3,22
eng_Latn,579,4,26
eng_Latn,579,5,9
eng_Latn,579,6,19
eng_Latn,579,7,8
spa_Latn,580,0,60
spa_Latn,580,1,19
spa_Latn,580,2,8
spa_Latn,580,3,19
spa_Latn,580,4,8
spa_Latn,580,5,8
spa_Latn,580,6,8
spa_Latn,580,7,39
spa_Latn,580,8,34
spa_Latn,581,0,60
spa_Latn,581,1,54
spa_Latn,581,2,8
spa_Latn,581,3,53
spa_Latn,581,4,8
eng_Latn,582,0,60
eng_Latn,582,1,54
eng_Latn,582,2,54
eng_Latn,582,3,20
eng_Latn,582,4,10
eng_Latn,582,5,30
eng_Latn,582,6,30
eng_Latn,582,7,46
eng_Latn,583,0,60
eng_Latn,583,1,34
eng_Latn,583,2,53
eng_Latn,583,3,59
eng_Latn,583,4,51
eng_Latn,583,5,24
eng_Latn,583,6,62
eng_Latn,583,7,57
eng_Latn,583,8,18
eng_Latn,583,9,59
eng_Latn,583,10,47
eng_Latn,583,11,8
eng_Latn,584,0,60
eng_Latn,584,1,49
eng_Latn,584,2,39
eng_Latn,584,3,11
eng_Latn,584,4,47
eng_Latn,584,5,47
spa_Latn,585,0,60
spa_Latn,585,1,8
spa_Latn,585,2,47
spa_Latn,585,3,8
spa_Latn,585,4,8
spa_Latn,585,5,8
spa_Latn,586,0,60
spa_Latn,586,1,47
spa_Latn,586,2,47
spa_Latn,586,3,8
spa_Latn,586,4,8
spa_Latn,586,5,19
spa_Latn,586,6,39
spa_Latn,586,7,39
spa_Latn,586,8,30
spa_Latn,586,9,10
spa_Latn,586,10,1
spa_Latn,586,11,8
spa_Latn,586,12,8
spa_Latn,586,13,8
spa_Latn,586,14,52
eng_Latn,587,0,60
eng_Latn,587,1,23
eng_Latn,587,2,8
eng_Latn,587,3,15
eng_Latn,588,0,60
eng_Latn,588,1,35
eng_Latn,588,2,63
eng_Latn,588,3,63
eng_Latn,588,4,63
eng_Latn,588,5,24
eng_Latn,588,6,37
eng_Latn,589,0,60
eng_Latn,589,1,20
eng_Latn,589,2,37
eng_Latn,589,3,57
eng_Latn,589,4,52
eng_Latn,589,5,52
eng_Latn,589,6,1
eng_Latn,589,7,52
eng_Latn,589,8,52
eng_Latn,589,9,11
eng_Latn,590,0,60
eng_Latn,590,1,22
eng_Latn,590,2,26
eng_Latn,590,3,49
eng_Latn,590,4,26
eng_Latn,590,5,26
eng_Latn,590,6,26
eng_Latn,590,7,49
eng_Latn,591,0,60
eng_Latn,591,1,22
eng_Latn,591,2,22
eng_Latn,591,3,22
eng_Latn,591,4,34
eng_Latn,591,5,8
eng_Latn,591,6,8
eng_Latn,591,7,24
eng_Latn,591,8,63
eng_Latn,592,0,60
eng_Latn,592,1,56
eng_Latn,592,2,51
eng_Latn,592,3,46
eng_Latn,592,4,51
eng_Latn,592,5,54
eng_Latn,592,6,2
eng_Latn,592,7,49
eng_Latn,592,8,19
eng_Latn,592,9,47
eng_Latn,592,10,21
eng_Latn,593,0,60
eng_Latn,593,1,34
eng_Latn,593,2,42
eng_Latn,593,3,51
spa_Latn,594,0,60
spa_Latn,594,1,8
spa_Latn,594,2,8
spa_Latn,594,3,8
spa_Latn,594,4,47
spa_Latn,594,5,19
spa_Latn,594,6,8
eng_Latn,595,0,60
eng_Latn,595,1,56
eng_Latn,595,2,54
eng_Latn,595,3,38
eng_Latn,595,4,57
eng_Latn,595,5,20
eng_Latn,595,6,59
eng_Latn,595,7,16
eng_Latn,596,0,60
eng_Latn,596,1,52
eng_Latn,596,2,57
eng_Latn,596,3,37
eng_Latn,596,4,39
eng_Latn,596,5,3
eng_Latn,596,6,22
eng_Latn,596,7,3
spa_Latn,597,0,60
spa_Latn,597,1,47
spa_Latn,597,2,19
spa_Latn,597,3,46
spa_Latn,597,4,7
spa_Latn,597,5,47
spa_Latn,597,6,8
spa_Latn,597,7,8
spa_Latn,597,8,8
spa_Latn,597,9,19
spa_Latn,597,10,8
spa_Latn,597,11,8
spa_Latn,597,12,30
spa_Latn,597,13,19
spa_Latn,597,14,8
spa_Latn,597,15,8
spa_Latn,598,0,60
spa_Latn,598,1,49
spa_Latn,598,2,19
spa_Latn,598,3,40
spa_Latn,598,4,61
spa_Latn,598,5,1
spa_Latn,598,6,28
spa_Latn,598,7,47
spa_Latn,598,8,52
eng_Latn,599,0,60
eng_Latn,599,1,35
eng_Latn,599,2,57
eng_Latn,599,3,54
eng_Latn,599,4,31
eng_Latn,599,5,16
eng_Latn,600,0,60
eng_Latn,600,1,37
eng_Latn,600,2,34
eng_Latn,600,3,42
eng_Latn,600,4,22
eng_Latn,600,5,19
eng_Latn,600,6,63
eng_Latn,600,7,5
eng_Latn,600,8,47
spa_Latn,601,0,60
spa_Latn,601,1,19
spa_Latn,601,2,8
spa_Latn,601,3,8
spa_Latn,601,4,58
spa_Latn,601,5,12
spa_Latn,601,6,40
spa_Latn,601,7,1
spa_Latn,601,8,39
spa_Latn,601,9,39
eng_Latn,602,0,60
eng_Latn,602,1,27
eng_Latn,602,2,40
eng_Latn,602,3,8
eng_Latn,602,4,26
eng_Latn,602,5,35
eng_Latn,602,6,19
eng_Latn,602,7,35
eng_Latn,602,8,19
eng_Latn,602,9,46
eng_Latn,602,10,8
eng_Latn,602,11,46
spa_Latn,603,0,60
spa_Latn,603,1,61
spa_Latn,603,2,17
spa_Latn,603,3,31
spa_Latn,603,4,47
spa_Latn,603,5,19
spa_Latn,603,6,16
spa_Latn,603,7,34
eng_Latn,604,0,60
eng_Latn,604,1,16
eng_Latn,604,2,53
eng_Latn,604,3,52
eng_Latn,604,4,63
eng_Latn,604,5,63
eng_Latn,604,6,14
eng_Latn,604,7,1
eng_Latn,604,8,1
eng_Latn,604,9,52
eng_Latn,605,0,60
eng_Latn,605,1,34
eng_Latn,605,2,34
eng_Latn,606,0,60
eng_Latn,606,1,40
eng_Latn,607,0,60
eng_Latn,607,1,38
eng_Latn,607,2,46
eng_Latn,607,3,47
eng_Latn,607,4,40
eng_Latn,607,5,29
eng_Latn,607,6,33
eng_Latn,608,0,60
eng_Latn,608,1,47
eng_Latn,608,2,1
eng_Latn,608,3,52
eng_Latn,608,4,52
eng_Latn,608,5,49
eng_Latn,608,6,49
eng_Latn,609,0,60
eng_Latn,609,1,20
eng_Latn,609,2,52
eng_Latn,609,3,15
eng_Latn,609,4,38
eng_Latn,609,5,15
eng_Latn,610,0,60
eng_Latn,610,1,34
eng_Latn,610,2,22
eng_Latn,610,3,22
eng_Latn,610,4,47
eng_Latn,610,5,34
eng_Latn,611,0,60
eng_Latn,611,1,18
eng_Latn,611,2,56
eng_Latn,611,3,56
eng_Latn,611,4,16
eng_Latn,611,5,20
eng_Latn,611,6,51
eng_Latn,612,0,60
eng_Latn,612,1,33
eng_Latn,612,2,1
eng_Latn,612,3,52
eng_Latn,612,4,37
eng_Latn,612,5,52
eng_Latn,612,6,1
eng_Latn,612,7,1
eng_Latn,612,8,13
eng_Latn,612,9,13
eng_Latn,613,0,60
eng_Latn,613,1,57
eng_Latn,613,2,41
eng_Latn,613,3,17
eng_Latn,613,4,17
eng_Latn,613,5,16
eng_Latn,613,6,20
eng_Latn,613,7,54
eng_Latn,613,8,38
eng_Latn,613,9,15
spa_Latn,614,0,60
spa_Latn,614,1,47
spa_Latn,614,2,16
spa_Latn,614,3,8
spa_Latn,614,4,39
spa_Latn,614,5,47
spa_Latn,614,6,8
spa_Latn,615,0,60
spa_Latn,615,1,13
spa_Latn,615,2,13
spa_Latn,615,3,13
spa_Latn,615,4,19
spa_Latn,615,5,52
eng_Latn,616,0,60
eng_Latn,616,1,56
eng_Latn,616,2,4
eng_Latn,617,0,60
eng_Latn,617,1,29
eng_Latn,617,2,40
eng_Latn,617,3,26
eng_Latn,617,4,49
eng_Latn,617,5,14
eng_Latn,617,6,34
eng_Latn,617,7,57
eng_Latn,618,0,60
eng_Latn,618,1,52
eng_Latn,618,2,14
eng_Latn,618,3,63
spa_Latn,619,0,60
spa_Latn,619,1,19
spa_Latn,619,2,8
spa_Latn,619,3,24
spa_Latn,619,4,7
spa_Latn,619,5,47
spa_Latn,619,6,13
spa_Latn,619,7,19
spa_Latn,619,8,47
spa_Latn,619,9,7
spa_Latn,619,10,13
spa_Latn,619,11,13
spa_Latn,619,12,52
spa_Latn,619,13,52
spa_Latn,619,14,37
spa_Latn,619,15,37
spa_Latn,620,0,60
spa_Latn,620,1,39
spa_Latn,620,2,39
spa_Latn,620,3,8
spa_Latn,620,4,8
spa_Latn,620,5,8
spa_Latn,620,6,8
spa_Latn,620,7,8
spa_Latn,620,8,47
spa_Latn,620,9,8
spa_Latn,620,10,8
spa_Latn,620,11,47
spa_Latn,620,12,8
spa_Latn,620,13,19
eng_Latn,621,0,60
eng_Latn,621,1,37
eng_Latn,621,2,22
eng_Latn,621,3,52
spa_Latn,622,0,60
spa_Latn,622,1,13
spa_Latn,622,2,13
spa_Latn,622,3,12
spa_Latn,622,4,19
spa_Latn,622,5,22
spa_Latn,622,6,22
spa_Latn,622,7,8
spa_Latn,622,8,19
spa_Latn,622,9,34
spa_Latn,622,10,8
spa_Latn,622,11,8
spa_Latn,622,12,19
spa_Latn,622,13,19
spa_Latn,622,14,39
spa_Latn,622,15,34
eng_Latn,623,0,60
eng_Latn,623,1,22
eng_Latn,623,2,41
eng_Latn,623,3,34
eng_Latn,624,0,60
eng_Latn,624,1,9
eng_Latn,624,2,9
eng_Latn,624,3,56
eng_Latn,624,4,38
eng_Latn,624,5,35
eng_Latn,624,6,46
spa_Latn,625,0,60
spa_Latn,625,1,19
spa_Latn,625,2,40
spa_Latn,625,3,39
spa_Latn,625,4,19
spa_Latn,625,5,8
spa_Latn,625,6,8
spa_Latn,625,7,54
spa_Latn,625,8,8
spa_Latn,625,9,8
spa_Latn,625,10,62
spa_Latn,625,11,19
spa_Latn,625,12,8
spa_Latn,626,0,60
spa_Latn,626,1,40
spa_Latn,626,2,26
spa_Latn,626,3,26
spa_Latn,626,4,49
spa_Latn,626,5,12
spa_Latn,626,6,7
spa_Latn,626,7,14
spa_Latn,626,8,8
spa_Latn,626,9,13
spa_Latn,626,10,49
eng_Latn,627,0,60
eng_Latn,627,1,18
eng_Latn,627,2,18
eng_Latn,627,3,34
eng_Latn,627,4,48
eng_Latn,627,5,56
eng_Latn,627,6,37
eng_Latn,627,7,16
eng_Latn,627,8,51
eng_Latn,628,0,60
eng_Latn,628,1,5
eng_Latn,628,2,33
eng_Latn,628,3,56
eng_Latn,628,4,35
eng_Latn,628,5,49
eng_Latn,628,6,5
eng_Latn,628,7,40
eng_Latn,628,8,57
eng_Latn,628,9,57
eng_Latn,628,10,40
eng_Latn,629,0,60
eng_Latn,629,1,18
eng_Latn,629,2,56
eng_Latn,629,3,29
eng_Latn,629,4,19
eng_Latn,629,5,34
eng_Latn,629,6,51
eng_Latn,629,7,38
eng_Latn,629,8,32
eng_Latn,629,9,29
eng_Latn,629,10,51
eng_Latn,630,0,60
eng_Latn,630,1,22
eng_Latn,630,2,54
eng_Latn,630,3,54
eng_Latn,630,4,10
eng_Latn,630,5,16
eng_Latn,631,0,60
eng_Latn,631,1,16
eng_Latn,631,2,60
eng_Latn,631,3,9
eng_Latn,631,4,0
eng_Latn,631,5,19
eng_Latn,631,6,19
eng_Latn,631,7,34
eng_Latn,631,8,9
eng_Latn,631,9,22
eng_Latn,631,10,34
spa_Latn,632,0,60
spa_Latn,632,1,8
spa_Latn,632,2,8
spa_Latn,632,3,8
spa_Latn,632,4,8
spa_Latn,632,5,19
spa_Latn,632,6,8
spa_Latn,632,7,8
spa_Latn,632,8,8
spa_Latn,632,9,19
spa_Latn,632,10,8
spa_Latn,632,11,8
spa_Latn,632,12,8
spa_Latn,632,13,47
spa_Latn,632,14,8
spa_Latn,633,0,60
spa_Latn,633,1,61
spa_Latn,633,2,19
spa_Latn,633,3,8
spa_Latn,633,4,54
spa_Latn,633,5,19
spa_Latn,633,6,52
spa_Latn,633,7,8
eng_Latn,634,0,60
eng_Latn,634,1,15
eng_Latn,634,2,56
eng_Latn,634,3,63
eng_Latn,634,4,37
eng_Latn,635,0,60
eng_Latn,635,1,53
eng_Latn,635,2,44
eng_Latn,635,3,34
eng_Latn,635,4,53
eng_Latn,635,5,49
eng_Latn,635,6,63
eng_Latn,636,0,60
eng_Latn,636,1,52
eng_Latn,636,2,15
eng_Latn,636,3,3
eng_Latn,636,4,3
eng_Latn,636,5,19
eng_Latn,636,6,15
spa_Latn,637,0,60
spa_Latn,637,1,22
spa_Latn,637,2,34
spa_Latn,637,3,12
spa_Latn,637,4,22
spa_Latn,637,5,40
spa_Latn,637,6,52
spa_Latn,637,7,24
spa_Latn,637,8,52
spa_Latn,637,9,37
spa_Latn,637,10,12
spa_Latn,637,11,12
spa_Latn,637,12,35
spa_Latn,637,13,47
spa_Latn,637,14,49
spa_Latn,637,15,26
eng_Latn,638,0,60
eng_Latn,638,1,40
eng_Latn,638,2,61
eng_Latn,638,3,49
spa_Latn,639,0,60
spa_Latn,639,1,47
spa_Latn,639,2,39
spa_Latn,639,3,8
spa_Latn,640,0,60
spa_Latn,640,1,1
spa_Latn,640,2,17
spa_Latn,640,3,8
spa_Latn,640,4,8
spa_Latn,640,5,8
spa_Latn,640,6,19
spa_Latn,640,7,8
spa_Latn,641,0,60
spa_Latn,641,1,10
spa_Latn,641,2,8
spa_Latn,641,3,23
spa_Latn,641,4,8
spa_Latn,641,5,52
eng_Latn,642,0,60
eng_Latn,642,1,22
eng_Latn,642,2,19
eng_Latn,642,3,0
eng_Latn,642,4,31
eng_Latn,642,5,56
eng_Latn,642,6,23
eng_Latn,642,7,20
eng_Latn,642,8,51
eng_Latn,643,0,60
eng_Latn,643,1,16
eng_Latn,643,2,16
eng_Latn,643,3,20
eng_Latn,643,4,57
eng_Latn,643,5,53
eng_Latn,643,6,49
spa_Latn,644,0,60
spa_Latn,644,1,22
spa_Latn,644,2,22
spa_Latn,644,3,22
spa_Latn,644,4,12
spa_Latn,644,5,22
eng_Latn,645,0,60
eng_Latn,645,1,22
eng_Latn,645,2,60
eng_Latn,645,3,9
eng_Latn,645,4,26
eng_Latn,645,5,26
eng_Latn,645,6,49
eng_Latn,645,7,27
eng_Latn,645,8,27
eng_Latn,645,9,27
eng_Latn,645,10,7
spa_Latn,646,0,60
spa_Latn,646,1,19
spa_Latn,646,2,8
spa_Latn,646,3,19
spa_Latn,646,4,15
spa_Latn,646,5,8
spa_Latn,646,6,19
spa_Latn,646,7,8
spa_Latn,647,0,60
spa_Latn,647,1,47
spa_Latn,647,2,34
spa_Latn,647,3,29
spa_Latn,647,4,47
spa_Latn,647,5,8
spa_Latn,647,6,8
spa_Latn,647,7,19
spa_Latn,647,8,8
spa_Latn,648,0,60
spa_Latn,648,1,19
spa_Latn,648,2,8
spa_Latn,648,3,8
spa_Latn,648,4,10
spa_Latn,648,5,47
spa_Latn,648,6,8
spa_Latn,648,7,8
spa_Latn,648,8,8
eng_Latn,649,0,60
eng_Latn,649,1,47
eng_Latn,649,2,1
eng_Latn,649,3,22
eng_Latn,649,4,28
eng_Latn,649,5,42
eng_Latn,649,6,1
eng_Latn,649,7,52
eng_Latn,649,8,24
eng_Latn,649,9,36
eng_Latn,649,10,52
spa_Latn,650,0,60
spa_Latn,650,1,8
spa_Latn,650,2,8
spa_Latn,650,3,19
spa_Latn,650,4,8
spa_Latn,650,5,61
spa_Latn,650,6,8
spa_Latn,650,7,8
spa_Latn,650,8,8
spa_Latn,650,9,29
spa_Latn,650,10,8
spa_Latn,650,11,52
spa_Latn,650,12,47
spa_Latn,650,13,8
spa_Latn,650,14,47
spa_Latn,650,15,63
spa_Latn,651,0,60
spa_Latn,651,1,8
spa_Latn,651,2,19
spa_Latn,651,3,8
spa_Latn,651,4,19
spa_Latn,651,5,39
spa_Latn,652,0,60
spa_Latn,652,1,61
spa_Latn,652,2,8
spa_Latn,652,3,8
spa_Latn,652,4,8
spa_Latn,652,5,19
spa_Latn,652,6,47
spa_Latn,652,7,8
spa_Latn,652,8,8
spa_Latn,652,9,19
spa_Latn,652,10,47
spa_Latn,652,11,63
eng_Latn,653,0,60
eng_Latn,653,1,56
eng_Latn,653,2,57
eng_Latn,653,3,17
eng_Latn,653,4,17
eng_Latn,653,5,56
eng_Latn,653,6,48
eng_Latn,653,7,18
eng_Latn,653,8,16
eng_Latn,654,0,60
eng_Latn,654,1,19
eng_Latn,654,2,40
eng_Latn,654,3,49
spa_Latn,655,0,60
spa_Latn,655,1,8
spa_Latn,655,2,19
spa_Latn,655,3,8
spa_Latn,655,4,8
spa_Latn,655,5,8
spa_Latn,655,6,34
spa_Latn,655,7,8
spa_Latn,655,8,8
spa_Latn,655,9,8
spa_Latn,655,10,8
spa_Latn,655,11,19
spa_Latn,655,12,8
spa_Latn,655,13,8
eng_Latn,656,0,60
eng_Latn,656,1,37
eng_Latn,656,2,12
eng_Latn,656,3,2
eng_Latn,656,4,47
spa_Latn,657,0,60
spa_Latn,657,1,19
spa_Latn,657,2,27
spa_Latn,657,3,27
spa_Latn,657,4,8
spa_Latn,657,5,19
spa_Latn,657,6,8
spa_Latn,657,7,61
spa_Latn,657,8,19
spa_Latn,657,9,8
spa_Latn,657,10,47
spa_Latn,657,11,8
spa_Latn,657,12,53
spa_Latn,657,13,8
spa_Latn,657,14,57
spa_Latn,657,15,8
eng_Latn,658,0,60
eng_Latn,658,1,50
eng_Latn,658,2,16
eng_Latn,658,3,54
eng_Latn,658,4,54
eng_Latn,658,5,53
eng_Latn,658,6,52
eng_Latn,658,7,52
spa_Latn,659,0,60
spa_Latn,659,1,19
spa_Latn,659,2,8
spa_Latn,659,3,8
spa_Latn,659,4,8
spa_Latn,659,5,8
spa_Latn,659,6,47
spa_Latn,659,7,8
spa_Latn,659,8,47
spa_Latn,659,9,47
spa_Latn,659,10,8
spa_Latn,659,11,1
spa_Latn,659,12,19
spa_Latn,659,13,8
spa_Latn,659,14,8
spa_Latn,659,15,3
spa_Latn,659,16,1
spa_Latn,660,0,60
spa_Latn,660,1,61
spa_Latn,660,2,19
spa_Latn,660,3,8
spa_Latn,660,4,8
spa_Latn,660,5,52
eng_Latn,661,0,60
eng_Latn,661,1,45
eng_Latn,661,2,18
eng_Latn,661,3,21
eng_Latn,661,4,21
eng_Latn,661,5,57
eng_Latn,662,0,60
eng_Latn,662,1,50
eng_Latn,662,2,56
eng_Latn,662,3,46
eng_Latn,662,4,16
eng_Latn,662,5,56
eng_Latn,662,6,57
eng_Latn,663,0,60
eng_Latn,663,1,40
eng_Latn,663,2,56
eng_Latn,663,3,56
eng_Latn,663,4,53
eng_Latn,663,5,57
eng_Latn,663,6,51
eng_Latn,664,0,60
eng_Latn,664,1,22
eng_Latn,664,2,51
eng_Latn,664,3,46
eng_Latn,664,4,45
eng_Latn,664,5,46
eng_Latn,664,6,45
eng_Latn,664,7,51
eng_Latn,665,0,60
eng_Latn,665,1,19
eng_Latn,665,2,18
eng_Latn,665,3,39
spa_Latn,666,0,60
spa_Latn,666,1,7
spa_Latn,666,2,8
spa_Latn,666,3,39
spa_Latn,666,4,19
spa_Latn,666,5,10
spa_Latn,666,6,10
spa_Latn,666,7,17
spa_Latn,666,8,8
spa_Latn,666,9,19
spa_Latn,666,10,39
spa_Latn,666,11,34
spa_Latn,667,0,60
spa_Latn,667,1,19
spa_Latn,667,2,13
spa_Latn,667,3,30
spa_Latn,667,4,30
spa_Latn,667,5,8
spa_Latn,667,6,8
eng_Latn,668,0,60
eng_Latn,668,1,9
eng_Latn,668,2,22
eng_Latn,668,3,12
eng_Latn,668,4,40
eng_Latn,668,5,47
eng_Latn,668,6,9
eng_Latn,668,7,60
eng_Latn,668,8,12
eng_Latn,668,9,9
eng_Latn,668,10,60
spa_Latn,669,0,60
spa_Latn,669,1,26
spa_Latn,669,2,8
spa_Latn,669,3,1
spa_Latn,669,4,8
spa_Latn,669,5,8
spa_Latn,669,6,8
spa_Latn,669,7,19
spa_Latn,669,8,8
spa_Latn,669,9,8
spa_Latn,669,10,19
spa_Latn,669,11,39
spa_Latn,669,12,8
eng_Latn,670,0,60
eng_Latn,670,1,16
eng_Latn,670,2,20
eng_Latn,670,3,35
eng_Latn,670,4,33
eng_Latn,670,5,46
eng_Latn,671,0,60
eng_Latn,671,1,7
eng_Latn,671,2,19
eng_Latn,671,3,34
eng_Latn,671,4,9
eng_Latn,671,5,22
eng_Latn,671,6,42
eng_Latn,671,7,27
eng_Latn,671,8,13
eng_Latn,671,9,27
eng_Latn,671,10,7
eng_Latn,671,11,49
eng_Latn,672,0,60
eng_Latn,672,1,12
eng_Latn,672,2,19
eng_Latn,672,3,19
eng_Latn,672,4,7
eng_Latn,673,0,60
eng_Latn,673,1,51
eng_Latn,673,2,29
eng_Latn,673,3,41
eng_Latn,673,4,29
eng_Latn,673,5,29
eng_Latn,673,6,8
eng_Latn,673,7,57
eng_Latn,674,0,60
eng_Latn,674,1,33
eng_Latn,674,2,10
eng_Latn,674,3,56
eng_Latn,674,4,44
eng_Latn,675,0,60
eng_Latn,675,1,19
eng_Latn,675,2,49
eng_Latn,675,3,5
eng_Latn,675,4,5
eng_Latn,675,5,26
eng_Latn,676,0,60
eng_Latn,676,1,63
eng_Latn,676,2,63
eng_Latn,676,3,19
eng_Latn,677,0,60
eng_Latn,677,1,54
eng_Latn,677,2,40
eng_Latn,678,0,60
eng_Latn,678,1,50
eng_Latn,678,2,20
eng_Latn,678,3,16
eng_Latn,678,4,10
eng_Latn,678,5,23
eng_Latn,678,6,23
eng_Latn,678,7,16
spa_Latn,679,0,60
spa_Latn,679,1,47
spa_Latn,679,2,42
spa_Latn,679,3,11
spa_Latn,679,4,52
spa_Latn,679,5,52
spa_Latn,679,6,58
spa_Latn,679,7,13
spa_Latn,679,8,13
spa_Latn,679,9,13
spa_Latn,679,10,13
spa_Latn,679,11,47
spa_Latn,679,12,27
spa_Latn,680,0,60
spa_Latn,680,1,42
spa_Latn,680,2,27
spa_Latn,680,3,19
spa_Latn,680,4,49
spa_Latn,680,5,43
spa_Latn,680,6,40
spa_Latn,680,7,40
spa_Latn,680,8,39
spa_Latn,680,9,8
spa_Latn,680,10,61
spa_Latn,680,11,49
spa_Latn,681,0,60
spa_Latn,681,1,8
spa_Latn,681,2,19
spa_Latn,681,3,8
spa_Latn,681,4,19
spa_Latn,681,5,8
spa_Latn,681,6,8
spa_Latn,681,7,8
spa_Latn,681,8,52
spa_Latn,681,9,35
spa_Latn,681,10,8
spa_Latn,681,11,8
eng_Latn,682,0,60
eng_Latn,682,1,54
eng_Latn,682,2,9
eng_Latn,682,3,9
eng_Latn,682,4,54
eng_Latn,682,5,56
eng_Latn,682,6,8
eng_Latn,682,7,16
spa_Latn,683,0,60
spa_Latn,683,1,8
spa_Latn,683,2,16
spa_Latn,683,3,8
spa_Latn,683,4,39
spa_Latn,683,5,8
spa_Latn,683,6,19
spa_Latn,683,7,8
spa_Latn,684,0,60
spa_Latn,684,1,52
spa_Latn,684,2,8
spa_Latn,684,3,8
spa_Latn,684,4,8
spa_Latn,684,5,19
spa_Latn,684,6,10
spa_Latn,684,7,10
spa_Latn,684,8,8
spa_Latn,684,9,8
spa_Latn,684,10,19
spa_Latn,684,11,19
spa_Latn,684,12,39
spa_Latn,684,13,16
spa_Latn,685,0,60
spa_Latn,685,1,39
spa_Latn,685,2,39
spa_Latn,685,3,34
spa_Latn,686,0,60
spa_Latn,686,1,16
spa_Latn,686,2,17
spa_Latn,686,3,8
eng_Latn,687,0,60
eng_Latn,687,1,46
eng_Latn,687,2,15
eng_Latn,687,3,14
eng_Latn,687,4,23
eng_Latn,687,5,13
eng_Latn,687,6,19
eng_Latn,687,7,63
spa_Latn,688,0,60
spa_Latn,688,1,8
spa_Latn,688,2,1
spa_Latn,688,3,52
eng_Latn,689,0,60
eng_Latn,689,1,49
eng_Latn,689,2,61
eng_Latn,689,3,49
eng_Latn,689,4,9
eng_Latn,689,5,14
eng_Latn,689,6,18
eng_Latn,690,0,60
eng_Latn,690,1,19
eng_Latn,690,2,22
eng_Latn,690,3,22
eng_Latn,690,4,52
eng_Latn,690,5,49
eng_Latn,690,6,9
eng_Latn,690,7,37
eng_Latn,690,8,57
eng_Latn,690,9,8
eng_Latn,691,0,60
eng_Latn,691,1,18
eng_Latn,691,2,3
eng_Latn,691,3,47
spa_Latn,692,0,60
spa_Latn,692,1,47
spa_Latn,692,2,47
spa_Latn,692,3,52
spa_Latn,692,4,8
spa_Latn,692,5,8
spa_Latn,692,6,53
spa_Latn,692,7,19
spa_Latn,692,8,47
spa_Latn,692,9,8
spa_Latn,692,10,8
spa_Latn,692,11,7
spa_Latn,692,12,8
eng_Latn,693,0,60
eng_Latn,693,1,12
eng_Latn,693,2,22
eng_Latn,693,3,22
eng_Latn,693,4,35
eng_Latn,693,5,51
eng_Latn,694,0,60
eng_Latn,694,1,62
eng_Latn,694,2,12
eng_Latn,694,3,35
eng_Latn,694,4,57
eng_Latn,694,5,8
eng_Latn,694,6,15
eng_Latn,694,7,63
eng_Latn,694,8,5
eng_Latn,694,9,49
eng_Latn,695,0,60
eng_Latn,695,1,54
eng_Latn,695,2,54
eng_Latn,695,3,54
eng_Latn,695,4,50
eng_Latn,695,5,16
eng_Latn,695,6,38
eng_Latn,695,7,4
eng_Latn,695,8,5
eng_Latn,695,9,18
eng_Latn,695,10,51
eng_Latn,695,11,42
eng_Latn,695,12,24
eng_Latn,695,13,29
eng_Latn,695,14,54
eng_Latn,696,0,60
eng_Latn,696,1,13
eng_Latn,696,2,13
eng_Latn,696,3,42
eng_Latn,696,4,19
spa_Latn,697,0,60
spa_Latn,697,1,8
spa_Latn,697,2,47
spa_Latn,697,3,34
eng_Latn,698,0,60
eng_Latn,698,1,18
eng_Latn,698,2,53
eng_Latn,698,3,23
eng_Latn,698,4,48
eng_Latn,698,5,52
eng_Latn,698,6,57
eng_Latn,699,0,60
eng_Latn,699,1,9
eng_Latn,699,2,56
eng_Latn,699,3,38
eng_Latn,699,4,8
eng_Latn,700,0,60
eng_Latn,700,1,61
eng_Latn,700,2,13
eng_Latn,700,3,5
eng_Latn,700,4,26
eng_Latn,701,0,60
eng_Latn,701,1,9
eng_Latn,701,2,19
eng_Latn,701,3,22
eng_Latn,701,4,22
eng_Latn,701,5,58
eng_Latn,701,6,12
eng_Latn,701,7,47
spa_Latn,702,0,60
spa_Latn,702,1,39
spa_Latn,702,2,8
spa_Latn,702,3,8
spa_Latn,702,4,8
spa_Latn,702,5,47
spa_Latn,702,6,47
spa_Latn,702,7,8
eng_Latn,703,0,60
eng_Latn,703,1,45
eng_Latn,703,2,40
eng_Latn,703,3,49
eng_Latn,703,4,5
eng_Latn,703,5,19
spa_Latn,704,0,60
spa_Latn,704,1,19
spa_Latn,704,2,8
spa_Latn,704,3,8
spa_Latn,704,4,19
spa_Latn,704,5,8
spa_Latn,704,6,8
spa_Latn,704,7,8
spa_Latn,705,0,60
spa_Latn,705,1,8
spa_Latn,705,2,8
spa_Latn,705,3,19
spa_Latn,705,4,19
spa_Latn,705,5,8
eng_Latn,706,0,60
eng_Latn,706,1,17
eng_Latn,706,2,9
eng_Latn,706,3,56
eng_Latn,706,4,17
eng_Latn,706,5,52
eng_Latn,706,6,17
eng_Latn,706,7,41
eng_Latn,706,8,17
spa_Latn,707,0,60
spa_Latn,707,1,47
spa_Latn,707,2,39
spa_Latn,707,3,61
spa_Latn,707,4,47
spa_Latn,707,5,19
spa_Latn,707,6,8
spa_Latn,707,7,8
spa_Latn,707,8,23
spa_Latn,707,9,8
spa_Latn,707,10,52
spa_Latn,707,11,8
spa_Latn,708,0,60
spa_Latn,708,1,47
spa_Latn,708,2,47
spa_Latn,708,3,27
spa_Latn,708,4,8
spa_Latn,708,5,8
spa_Latn,708,6,8
spa_Latn,708,7,8
spa_Latn,708,8,8
spa_Latn,708,9,8
spa_Latn,708,10,19
spa_Latn,708,11,8
spa_Latn,708,12,35
spa_Latn,708,13,19
spa_Latn,708,14,57
spa_Latn,708,15,19
spa_Latn,708,16,8
eng_Latn,709,0,60
eng_Latn,709,1,46
eng_Latn,709,2,56
eng_Latn,709,3,16
eng_Latn,709,4,20
eng_Latn,709,5,14
eng_Latn,709,6,47
eng_Latn,710,0,60
eng_Latn,710,1,19
eng_Latn,710,2,23
eng_Latn,710,3,35
eng_Latn,710,4,43
eng_Latn,710,5,9
eng_Latn,710,6,43
eng_Latn,710,7,43
spa_Latn,711,0,60
spa_Latn,711,1,61
spa_Latn,711,2,8
spa_Latn,711,3,61
spa_Latn,711,4,8
spa_Latn,711,5,19
spa_Latn,711,6,8
spa_Latn,711,7,8
spa_Latn,711,8,8
spa_Latn,711,9,19
spa_Latn,711,10,8
spa_Latn,711,11,8
spa_Latn,712,0,60
spa_Latn,712,1,8
spa_Latn,712,2,49
spa_Latn,712,3,5
spa_Latn,712,4,52
spa_Latn,712,5,39
spa_Latn,712,6,12
spa_Latn,712,7,27
spa_Latn,712,8,13
spa_Latn,712,9,9
spa_Latn,713,0,60
spa_Latn,713,1,19
spa_Latn,713,2,7
spa_Latn,713,3,11
spa_Latn,713,4,9
spa_Latn,713,5,47
spa_Latn,713,6,13
spa_Latn,713,7,13
spa_Latn,713,8,13
eng_Latn,714,0,60
eng_Latn,714,1,16
eng_Latn,714,2,37
eng_Latn,714,3,52
eng_Latn,714,4,16
eng_Latn,714,5,52
eng_Latn,714,6,9
eng_Latn,714,7,4
eng_Latn,714,8,1
eng_Latn,714,9,19
eng_Latn,714,10,4
eng_Latn,715,0,60
eng_Latn,715,1,20
eng_Latn,715,2,37
eng_Latn,715,3,40
eng_Latn,715,4,59
spa_Latn,716,0,60
spa_Latn,716,1,61
spa_Latn,716,2,16
spa_Latn,716,3,8
spa_Latn,716,4,8
spa_Latn,716,5,47
spa_Latn,716,6,19
spa_Latn,716,7,8
spa_Latn,716,8,46
spa_Latn,716,9,63
spa_Latn,716,10,8
spa_Latn,716,11,52
eng_Latn,717,0,60
eng_Latn,717,1,4
eng_Latn,717,2,9
eng_Latn,717,3,56
eng_Latn,717,4,35
eng_Latn,717,5,35
eng_Latn,717,6,40
eng_Latn,717,7,51
eng_Latn,718,0,60
eng_Latn,718,1,22
eng_Latn,718,2,34
eng_Latn,718,3,34
eng_Latn,719,0,60
eng_Latn,719,1,35
eng_Latn,719,2,46
spa_Latn,720,0,60
spa_Latn,720,1,39
spa_Latn,720,2,8
spa_Latn,720,3,8
spa_Latn,720,4,8
spa_Latn,720,5,8
spa_Latn,720,6,19
spa_Latn,720,7,47
spa_Latn,720,8,8
eng_Latn,721,0,60
eng_Latn,721,1,37
eng_Latn,721,2,52
eng_Latn,721,3,57
eng_Latn,721,4,59
eng_Latn,721,5,50
eng_Latn,721,6,56
eng_Latn,721,7,35
eng_Latn,721,8,35
eng_Latn,721,9,8
eng_Latn,721,10,8
eng_Latn,721,11,48
eng_Latn,722,0,60
eng_Latn,722,1,9
eng_Latn,722,2,22
eng_Latn,722,3,18
eng_Latn,722,4,20
eng_Latn,722,5,21
eng_Latn,722,6,57
eng_Latn,722,7,53
eng_Latn,722,8,37
eng_Latn,722,9,4
eng_Latn,723,0,60
eng_Latn,723,1,49
eng_Latn,723,2,20
eng_Latn,723,3,37
eng_Latn,723,4,40
eng_Latn,723,5,5
eng_Latn,723,6,49
spa_Latn,724,0,60
spa_Latn,724,1,19
spa_Latn,724,2,8
spa_Latn,724,3,8
spa_Latn,724,4,23
spa_Latn,724,5,8
spa_Latn,724,6,52
eng_Latn,725,0,60
eng_Latn,725,1,22
eng_Latn,725,2,37
eng_Latn,725,3,52
eng_Latn,725,4,37
eng_Latn,725,5,5
eng_Latn,725,6,22
eng_Latn,726,0,60
eng_Latn,726,1,53
eng_Latn,726,2,53
eng_Latn,726,3,38
eng_Latn,726,4,59
eng_Latn,726,5,46
spa_Latn,727,0,60
spa_Latn,727,1,8
spa_Latn,727,2,8
spa_Latn,727,3,8
spa_Latn,727,4,10
spa_Latn,727,5,8
spa_Latn,727,6,61
spa_Latn,727,7,8
spa_Latn,727,8,8
spa_Latn,727,9,19
spa_Latn,727,10,19
spa_Latn,727,11,8
spa_Latn,728,0,60
spa_Latn,728,1,61
spa_Latn,728,2,8
spa_Latn,728,3,47
spa_Latn,728,4,19
spa_Latn,728,5,39
spa_Latn,728,6,8
spa_Latn,728,7,53
spa_Latn,728,8,8
spa_Latn,728,9,8
spa_Latn,728,10,19
spa_Latn,728,11,47
spa_Latn,728,12,8
eng_Latn,729,0,60
eng_Latn,729,1,18
eng_Latn,729,2,56
eng_Latn,729,3,34
eng_Latn,729,4,51
eng_Latn,729,5,44
eng_Latn,729,6,56
eng_Latn,729,7,19
eng_Latn,729,8,19
eng_Latn,729,9,51
eng_Latn,730,0,60
eng_Latn,730,1,47
eng_Latn,730,2,1
eng_Latn,730,3,22
eng_Latn,730,4,60
eng_Latn,730,5,57
eng_Latn,730,6,40
eng_Latn,730,7,49
eng_Latn,730,8,60
eng_Latn,730,9,47
eng_Latn,730,10,47
eng_Latn,730,11,27
eng_Latn,730,12,27
eng_Latn,730,13,52
eng_Latn,731,0,60
eng_Latn,731,1,40
eng_Latn,731,2,48
eng_Latn,731,3,24
eng_Latn,731,4,19
eng_Latn,731,5,18
eng_Latn,731,6,14
eng_Latn,731,7,14
eng_Latn,731,8,47
spa_Latn,732,0,60
spa_Latn,732,1,17
spa_Latn,732,2,8
spa_Latn,732,3,47
spa_Latn,732,4,8
eng_Latn,733,0,60
eng_Latn,733,1,18
eng_Latn,733,2,16
eng_Latn,733,3,53
eng_Latn,733,4,3
eng_Latn,733,5,56
eng_Latn,733,6,35
eng_Latn,733,7,4
eng_Latn,734,0,60
eng_Latn,734,1,63
eng_Latn,734,2,56
eng_Latn,734,3,63
eng_Latn,734,4,43
eng_Latn,734,5,22
eng_Latn,734,6,28
eng_Latn,735,0,60
eng_Latn,735,1,6
eng_Latn,735,2,48
eng_Latn,735,3,18
eng_Latn,735,4,63
eng_Latn,736,0,60
eng_Latn,736,1,30
eng_Latn,736,2,48
eng_Latn,736,3,48
eng_Latn,736,4,30
eng_Latn,736,5,19
eng_Latn,736,6,63
spa_Latn,737,0,60
spa_Latn,737,1,29
spa_Latn,737,2,8
spa_Latn,737,3,8
spa_Latn,737,4,47
spa_Latn,737,5,34
spa_Latn,737,6,29
spa_Latn,737,7,8
spa_Latn,737,8,19
spa_Latn,737,9,8
spa_Latn,737,10,10
spa_Latn,737,11,10
spa_Latn,737,12,8
spa_Latn,737,13,10
spa_Latn,737,14,8
spa_Latn,738,0,60
spa_Latn,738,1,16
spa_Latn,738,2,10
spa_Latn,738,3,8
spa_Latn,738,4,39
spa_Latn,738,5,34
spa_Latn,739,0,60
spa_Latn,739,1,49
spa_Latn,739,2,5
spa_Latn,739,3,61
spa_Latn,739,4,47
spa_Latn,739,5,49
spa_Latn,739,6,61
spa_Latn,739,7,50
spa_Latn,739,8,61
spa_Latn,739,9,8
spa_Latn,739,10,52
eng_Latn,740,0,60
eng_Latn,740,1,8
eng_Latn,740,2,8
eng_Latn,740,3,34
eng_Latn,740,4,42
eng_Latn,740,5,18
eng_Latn,740,6,16
eng_Latn,741,0,60
eng_Latn,741,1,57
eng_Latn,741,2,20
eng_Latn,741,3,35
eng_Latn,741,4,57
eng_Latn,741,5,50
eng_Latn,741,6,21
eng_Latn,741,7,16
spa_Latn,742,0,60
spa_Latn,742,1,8
spa_Latn,742,2,51
spa_Latn,742,3,61
spa_Latn,742,4,19
spa_Latn,742,5,8
spa_Latn,742,6,8
spa_Latn,742,7,56
spa_Latn,742,8,19
spa_Latn,742,9,8
spa_Latn,742,10,19
spa_Latn,742,11,19
spa_Latn,742,12,16
spa_Latn,742,13,8
spa_Latn,742,14,8
spa_Latn,743,0,60
spa_Latn,743,1,19
spa_Latn,743,2,8
spa_Latn,743,3,8
spa_Latn,743,4,47
spa_Latn,743,5,8
spa_Latn,743,6,8
spa_Latn,743,7,39
spa_Latn,743,8,8
spa_Latn,743,9,39
spa_Latn,743,10,53
spa_Latn,743,11,16
spa_Latn,743,12,8
eng_Latn,744,0,60
eng_Latn,744,1,19
eng_Latn,744,2,13
eng_Latn,744,3,54
eng_Latn,744,4,19
eng_Latn,744,5,13
spa_Latn,745,0,60
spa_Latn,745,1,19
spa_Latn,745,2,8
spa_Latn,745,3,10
spa_Latn,745,4,39
spa_Latn,745,5,19
spa_Latn,745,6,8
spa_Latn,745,7,19
spa_Latn,745,8,39
spa_Latn,745,9,8
spa_Latn,745,10,8
eng_Latn,746,0,60
eng_Latn,746,1,47
eng_Latn,746,2,47
eng_Latn,746,3,40
eng_Latn,746,4,56
eng_Latn,746,5,46
eng_Latn,746,6,59
eng_Latn,746,7,59
eng_Latn,746,8,7
eng_Latn,746,9,33
eng_Latn,747,0,60
eng_Latn,747,1,49
eng_Latn,747,2,56
eng_Latn,747,3,16
eng_Latn,747,4,20
eng_Latn,747,5,3
eng_Latn,747,6,3
eng_Latn,747,7,15
eng_Latn,747,8,20
eng_Latn,747,9,51
spa_Latn,748,0,60
spa_Latn,748,1,47
spa_Latn,748,2,49
spa_Latn,748,3,5
spa_Latn,748,4,52
spa_Latn,748,5,39
spa_Latn,748,6,12
spa_Latn,748,7,27
spa_Latn,748,8,13
spa_Latn,748,9,9
eng_Latn,749,0,60
eng_Latn,749,1,37
eng_Latn,749,2,53
eng_Latn,749,3,34
spa_Latn,750,0,60
spa_Latn,750,1,9
spa_Latn,750,2,11
spa_Latn,750,3,27
spa_Latn,750,4,26
spa_Latn,750,5,26
spa_Latn,750,6,26
spa_Latn,750,7,61
spa_Latn,750,8,19
spa_Latn,751,0,60
spa_Latn,751,1,9
spa_Latn,751,2,22
spa_Latn,751,3,34
eng_Latn,752,0,60
eng_Latn,752,1,28
eng_Latn,752,2,28
eng_Latn,752,3,38
eng_Latn,752,4,19
eng_Latn,752,5,47
eng_Latn,753,0,60
eng_Latn,753,1,4
eng_Latn,753,2,4
eng_Latn,753,3,20
eng_Latn,753,4,35
eng_Latn,753,5,57
eng_Latn,753,6,15
eng_Latn,753,7,1
eng_Latn,753,8,52
spa_Latn,754,0,60
spa_Latn,754,1,19
spa_Latn,754,2,37
spa_Latn,754,3,12
spa_Latn,754,4,12
spa_Latn,754,5,26
spa_Latn,754,6,19
spa_Latn,754,7,8
spa_Latn,754,8,19
spa_Latn,754,9,8
eng_Latn,755,0,60
eng_Latn,755,1,48
eng_Latn,755,2,41
eng_Latn,755,3,4
eng_Latn,756,0,60
eng_Latn,756,1,56
eng_Latn,756,2,16
eng_Latn,756,3,29
eng_Latn,756,4,41
eng_Latn,756,5,46
eng_Latn,757,0,60
eng_Latn,757,1,57
eng_Latn,757,2,16
eng_Latn,757,3,35
eng_Latn,757,4,57
eng_Latn,757,5,51
spa_Latn,758,0,60
spa_Latn,758,1,47
spa_Latn,758,2,19
spa_Latn,758,3,40
spa_Latn,758,4,27
spa_Latn,758,5,47
spa_Latn,758,6,49
spa_Latn,758,7,12
spa_Latn,758,8,19
spa_Latn,758,9,47
spa_Latn,758,10,49
spa_Latn,759,0,60
spa_Latn,759,1,54
spa_Latn,759,2,8
spa_Latn,759,3,19
spa_Latn,759,4,46
spa_Latn,759,5,8
spa_Latn,759,6,8
spa_Latn,759,7,19
spa_Latn,759,8,8
spa_Latn,759,9,23
spa_Latn,759,10,8
spa_Latn,759,11,8
spa_Latn,759,12,19
spa_Latn,759,13,8
spa_Latn,759,14,52
spa_Latn,760,0,60
spa_Latn,760,1,19
spa_Latn,760,2,8
spa_Latn,760,3,8
spa_Latn,760,4,54
spa_Latn,760,5,8
spa_Latn,760,6,8
spa_Latn,760,7,8
spa_Latn,760,8,19
spa_Latn,760,9,8
spa_Latn,760,10,19
spa_Latn,760,11,8
spa_Latn,760,12,19
spa_Latn,760,13,8
eng_Latn,761,0,60
eng_Latn,761,1,22
eng_Latn,761,2,51
spa_Latn,762,0,60
spa_Latn,762,1,19
spa_Latn,762,2,19
spa_Latn,762,3,40
eng_Latn,763,0,60
eng_Latn,763,1,39
eng_Latn,763,2,47
eng_Latn,763,3,34
eng_Latn,764,0,60
eng_Latn,764,1,40
eng_Latn,764,2,61
eng_Latn,764,3,15
eng_Latn,764,4,8
eng_Latn,764,5,20
eng_Latn,764,6,8
eng_Latn,764,7,57
eng_Latn,764,8,8
eng_Latn,765,0,60
eng_Latn,765,1,40
eng_Latn,765,2,61
eng_Latn,765,3,56
eng_Latn,765,4,22
eng_Latn,765,5,22
eng_Latn,765,6,12
eng_Latn,765,7,40
eng_Latn,765,8,47
eng_Latn,765,9,40
eng_Latn,765,10,61
eng_Latn,765,11,49
spa_Latn,766,0,60
spa_Latn,766,1,12
spa_Latn,766,2,19
spa_Latn,766,3,47
spa_Latn,766,4,49
spa_Latn,766,5,5
spa_Latn,766,6,19
spa_Latn,766,7,49
spa_Latn,766,8,12
spa_Latn,766,9,13
spa_Latn,766,10,47
spa_Latn,766,11,13
spa_Latn,766,12,12
spa_Latn,766,13,19
spa_Latn,766,14,13
spa_Latn,766,15,13
spa_Latn,766,16,11
spa_Latn,766,17,13
spa_Latn,766,18,13
eng_Latn,767,0,60
eng_Latn,767,1,46
eng_Latn,767,2,5
eng_Latn,767,3,54
eng_Latn,767,4,48
eng_Latn,767,5,8
eng_Latn,767,6,15
eng_Latn,767,7,48
eng_Latn,767,8,56
eng_Latn,767,9,34
eng_Latn,767,10,34
spa_Latn,768,0,60
spa_Latn,768,1,8
spa_Latn,768,2,61
spa_Latn,768,3,34
spa_Latn,768,4,8
spa_Latn,768,5,1
spa_Latn,768,6,7
spa_Latn,768,7,34
spa_Latn,768,8,51
spa_Latn,768,9,8
spa_Latn,768,10,4
spa_Latn,768,11,8
spa_Latn,769,0,60
spa_Latn,769,1,19
spa_Latn,769,2,22
spa_Latn,769,3,52
spa_Latn,769,4,1
spa_Latn,769,5,46
spa_Latn,769,6,8
spa_Latn,769,7,52
spa_Latn,770,0,60
spa_Latn,770,1,19
spa_Latn,770,2,8
spa_Latn,770,3,19
spa_Latn,770,4,8
spa_Latn,770,5,19
spa_Latn,770,6,8
spa_Latn,770,7,11
spa_Latn,770,8,19
spa_Latn,770,9,8
spa_Latn,770,10,19
spa_Latn,770,11,8
spa_Latn,770,12,8
eng_Latn,771,0,60
eng_Latn,771,1,56
eng_Latn,771,2,34
eng_Latn,771,3,18
eng_Latn,771,4,34
eng_Latn,771,5,54
eng_Latn,771,6,61
eng_Latn,772,0,60
eng_Latn,772,1,22
eng_Latn,772,2,9
eng_Latn,772,3,9
eng_Latn,772,4,47
eng_Latn,772,5,22
eng_Latn,772,6,46
eng_Latn,772,7,9
eng_Latn,772,8,9
eng_Latn,772,9,22
eng_Latn,772,10,9
eng_Latn,772,11,29
eng_Latn,772,12,31
eng_Latn,772,13,16
eng_Latn,772,14,19
eng_Latn,773,0,60
eng_Latn,773,1,49
eng_Latn,773,2,40
eng_Latn,773,3,49
eng_Latn,773,4,37
eng_Latn,773,5,37
eng_Latn,773,6,57
eng_Latn,774,0,60
eng_Latn,774,1,51
eng_Latn,774,2,58
eng_Latn,774,3,12
eng_Latn,774,4,61
eng_Latn,775,0,60
eng_Latn,775,1,27
eng_Latn,775,2,35
eng_Latn,775,3,19
eng_Latn,775,4,33
eng_Latn,775,5,46
eng_Latn,775,6,8
eng_Latn,775,7,8
eng_Latn,775,8,46
eng_Latn,775,9,16
spa_Latn,776,0,60
spa_Latn,776,1,8
spa_Latn,776,2,51
spa_Latn,776,3,24
spa_Latn,776,4,61
spa_Latn,776,5,8
spa_Latn,776,6,8
spa_Latn,776,7,8
spa_Latn,776,8,8
spa_Latn,776,9,52
spa_Latn,776,10,52
spa_Latn,776,11,19
spa_Latn,776,12,15
eng_Latn,777,0,60
eng_Latn,777,1,52
eng_Latn,777,2,17
eng_Latn,777,3,35
eng_Latn,777,4,50
eng_Latn,777,5,19
eng_Latn,777,6,16
eng_Latn,777,7,34
eng_Latn,777,8,42
eng_Latn,777,9,9
eng_Latn,777,10,54
eng_Latn,777,11,3
eng_Latn,778,0,60
eng_Latn,778,1,30
eng_Latn,778,2,63
eng_Latn,778,3,53
eng_Latn,778,4,46
eng_Latn,778,5,56
eng_Latn,778,6,63
eng_Latn,779,0,60
eng_Latn,779,1,11
eng_Latn,779,2,12
eng_Latn,779,3,47
eng_Latn,779,4,1
eng_Latn,779,5,12
eng_Latn,779,6,26
eng_Latn,780,0,60
eng_Latn,780,1,12
eng_Latn,780,2,11
eng_Latn,780,3,22
eng_Latn,780,4,52
spa_Latn,781,0,60
spa_Latn,781,1,19
spa_Latn,781,2,19
spa_Latn,781,3,8
spa_Latn,782,0,60
spa_Latn,782,1,9
spa_Latn,782,2,19
spa_Latn,782,3,7
spa_Latn,782,4,52
spa_Latn,782,5,42
spa_Latn,782,6,42
spa_Latn,782,7,19
spa_Latn,782,8,39
spa_Latn,782,9,8
spa_Latn,782,10,39
spa_Latn,782,11,8
spa_Latn,782,12,8
spa_Latn,782,13,39
spa_Latn,782,14,16
eng_Latn,783,0,60
eng_Latn,783,1,52
eng_Latn,783,2,52
eng_Latn,783,3,1
eng_Latn,783,4,13
eng_Latn,783,5,52
eng_Latn,783,6,60
eng_Latn,783,7,37
eng_Latn,783,8,52
eng_Latn,783,9,9
eng_Latn,783,10,9
eng_Latn,783,11,9
eng_Latn,783,12,22
eng_Latn,783,13,9
eng_Latn,783,14,58
eng_Latn,783,15,12
eng_Latn,783,16,4
eng_Latn,784,0,60
eng_Latn,784,1,29
eng_Latn,784,2,22
eng_Latn,784,3,34
eng_Latn,784,4,34
eng_Latn,784,5,12
eng_Latn,784,6,58
eng_Latn,784,7,24
eng_Latn,784,8,61
eng_Latn,785,0,60
eng_Latn,785,1,29
eng_Latn,785,2,54
eng_Latn,785,3,18
eng_Latn,785,4,0
eng_Latn,785,5,17
eng_Latn,785,6,20
eng_Latn,785,7,24
eng_Latn,785,8,7
eng_Latn,786,0,60
eng_Latn,786,1,40
eng_Latn,786,2,18
eng_Latn,786,3,18
eng_Latn,786,4,56
eng_Latn,786,5,16
eng_Latn,786,6,59
eng_Latn,786,7,46
eng_Latn,787,0,60
eng_Latn,787,1,46
eng_Latn,787,2,56
eng_Latn,787,3,21
eng_Latn,788,0,60
eng_Latn,788,1,12
eng_Latn,788,2,1
eng_Latn,788,3,13
eng_Latn,788,4,7
eng_Latn,788,5,33
eng_Latn,788,6,33
eng_Latn,788,7,33
eng_Latn,788,8,47
eng_Latn,788,9,19
eng_Latn,788,10,33
eng_Latn,788,11,33
eng_Latn,788,12,1
spa_Latn,789,0,60
spa_Latn,789,1,27
spa_Latn,789,2,19
spa_Latn,789,3,8
spa_Latn,789,4,8
spa_Latn,789,5,8
spa_Latn,789,6,8
spa_Latn,789,7,19
spa_Latn,789,8,19
spa_Latn,789,9,10
spa_Latn,789,10,47
spa_Latn,789,11,47
eng_Latn,790,0,60
eng_Latn,790,1,22
eng_Latn,790,2,16
eng_Latn,790,3,20
eng_Latn,790,4,41
eng_Latn,790,5,34
eng_Latn,790,6,34
spa_Latn,791,0,60
spa_Latn,791,1,19
spa_Latn,791,2,8
spa_Latn,791,3,1
spa_Latn,791,4,19
spa_Latn,791,5,8
spa_Latn,791,6,8
spa_Latn,791,7,19
spa_Latn,791,8,8
spa_Latn,791,9,8
spa_Latn,791,10,8
spa_Latn,791,11,8
spa_Latn,791,12,19
spa_Latn,791,13,8
spa_Latn,791,14,8
eng_Latn,792,0,60
eng_Latn,792,1,22
eng_Latn,792,2,46
eng_Latn,792,3,60
eng_Latn,792,4,57
eng_Latn,792,5,5
eng_Latn,792,6,40
eng_Latn,792,7,18
eng_Latn,792,8,5
eng_Latn,792,9,47
eng_Latn,793,0,60
eng_Latn,793,1,34
eng_Latn,794,0,60
eng_Latn,794,1,56
eng_Latn,794,2,48
eng_Latn,794,3,56
eng_Latn,794,4,46
spa_Latn,795,0,60
spa_Latn,795,1,8
spa_Latn,795,2,47
spa_Latn,795,3,47
spa_Latn,795,4,54
spa_Latn,795,5,8
spa_Latn,795,6,19
spa_Latn,795,7,39
spa_Latn,795,8,8
spa_Latn,795,9,53
spa_Latn,795,10,8
spa_Latn,795,11,57
spa_Latn,795,12,8
spa_Latn,796,0,60
spa_Latn,796,1,47
spa_Latn,796,2,15
spa_Latn,796,3,10
eng_Latn,797,0,60
eng_Latn,797,1,57
eng_Latn,797,2,56
eng_Latn,797,3,63
eng_Latn,797,4,19
spa_Latn,798,0,60
spa_Latn,798,1,8
spa_Latn,798,2,8
spa_Latn,798,3,8
spa_Latn,798,4,39
spa_Latn,798,5,8
spa_Latn,798,6,8
spa_Latn,798,7,1
spa_Latn,798,8,8
spa_Latn,799,0,60
spa_Latn,799,1,61
spa_Latn,799,2,8
spa_Latn,799,3,19
spa_Latn,799,4,8
spa_Latn,799,5,8
spa_Latn,799,6,19
spa_Latn,799,7,19
spa_Latn,799,8,19
spa_Latn,799,9,8
spa_Latn,799,10,12
spa_Latn,799,11,47
spa_Latn,799,12,47
spa_Latn,799,13,37
spa_Latn,799,14,52
spa_Latn,799,15,52
spa_Latn,799,16,52
spa_Latn,799,17,37
spa_Latn,799,18,12
eng_Latn,800,0,60
eng_Latn,800,1,9
eng_Latn,800,2,56
eng_Latn,800,3,46
eng_Latn,800,4,51
spa_Latn,801,0,60
spa_Latn,801,1,19
spa_Latn,801,2,8
spa_Latn,801,3,8
spa_Latn,801,4,8
spa_Latn,801,5,47
spa_Latn,801,6,63
spa_Latn,801,7,8
eng_Latn,802,0,60
eng_Latn,802,1,19
eng_Latn,802,2,46
eng_Latn,802,3,15
eng_Latn,802,4,56
eng_Latn,802,5,48
eng_Latn,802,6,53
eng_Latn,802,7,53
spa_Latn,803,0,60
spa_Latn,803,1,35
spa_Latn,803,2,61
spa_Latn,803,3,19
spa_Latn,803,4,8
spa_Latn,803,5,8
spa_Latn,803,6,19
spa_Latn,803,7,39
spa_Latn,803,8,8
spa_Latn,803,9,8
spa_Latn,803,10,19
spa_Latn,803,11,8
spa_Latn,803,12,8
spa_Latn,803,13,61
spa_Latn,803,14,39
spa_Latn,803,15,46
spa_Latn,803,16,8
spa_Latn,804,0,60
spa_Latn,804,1,24
spa_Latn,804,2,39
spa_Latn,804,3,19
spa_Latn,804,4,19
spa_Latn,804,5,8
spa_Latn,804,6,19
spa_Latn,804,7,8
spa_Latn,804,8,39
spa_Latn,804,9,8
spa_Latn,804,10,8
spa_Latn,804,11,47
spa_Latn,804,12,47
spa_Latn,804,13,8
spa_Latn,805,0,60
spa_Latn,805,1,19
spa_Latn,805,2,39
spa_Latn,805,3,8
spa_Latn,805,4,8
spa_Latn,805,5,17
spa_Latn,805,6,8
spa_Latn,805,7,17
spa_Latn,805,8,47
spa_Latn,805,9,8
spa_Latn,805,10,8
eng_Latn,806,0,60
eng_Latn,806,1,18
eng_Latn,806,2,14
spa_Latn,807,0,60
spa_Latn,807,1,40
spa_Latn,807,2,19
spa_Latn,807,3,8
spa_Latn,807,4,39
spa_Latn,807,5,63
spa_Latn,807,6,8
spa_Latn,807,7,13
spa_Latn,808,0,60
spa_Latn,808,1,8
spa_Latn,808,2,8
spa_Latn,808,3,19
spa_Latn,808,4,14
spa_Latn,808,5,8
spa_Latn,808,6,47
spa_Latn,808,7,19
spa_Latn,808,8,14
spa_Latn,808,9,7
spa_Latn,808,10,7
eng_Latn,809,0,60
eng_Latn,809,1,20
eng_Latn,809,2,15
eng_Latn,809,3,51
spa_Latn,810,0,60
spa_Latn,810,1,39
spa_Latn,810,2,39
spa_Latn,810,3,34
spa_Latn,810,4,19
spa_Latn,810,5,34
eng_Latn,811,0,60
eng_Latn,811,1,48
eng_Latn,811,2,18
eng_Latn,811,3,18
eng_Latn,811,4,63
eng_Latn,811,5,30
eng_Latn,811,6,30
eng_Latn,811,7,33
spa_Latn,812,0,60
spa_Latn,812,1,61
spa_Latn,812,2,27
spa_Latn,812,3,49
spa_Latn,812,4,8
spa_Latn,812,5,8
spa_Latn,812,6,61
spa_Latn,812,7,19
spa_Latn,812,8,8
spa_Latn,813,0,60
spa_Latn,813,1,19
spa_Latn,813,2,8
spa_Latn,813,3,19
spa_Latn,813,4,16
spa_Latn,813,5,8
spa_Latn,813,6,47
spa_Latn,813,7,19
spa_Latn,813,8,8
eng_Latn,814,0,60
eng_Latn,814,1,17
eng_Latn,814,2,9
eng_Latn,814,3,56
eng_Latn,814,4,54
eng_Latn,814,5,18
eng_Latn,814,6,9
eng_Latn,814,7,56
eng_Latn,814,8,16
eng_Latn,814,9,51
spa_Latn,815,0,60
spa_Latn,815,1,61
spa_Latn,815,2,8
spa_Latn,815,3,8
spa_Latn,815,4,19
spa_Latn,815,5,39
spa_Latn,815,6,34
spa_Latn,815,7,8
spa_Latn,815,8,1
spa_Latn,815,9,8
spa_Latn,815,10,34
eng_Latn,816,0,60
eng_Latn,816,1,61
eng_Latn,816,2,62
eng_Latn,816,3,35
eng_Latn,816,4,8
eng_Latn,816,5,50
eng_Latn,816,6,16
eng_Latn,816,7,20
eng_Latn,816,8,43
eng_Latn,816,9,15
spa_Latn,817,0,60
spa_Latn,817,1,26
spa_Latn,817,2,19
spa_Latn,817,3,8
spa_Latn,817,4,8
spa_Latn,817,5,17
spa_Latn,817,6,8
spa_Latn,817,7,19
spa_Latn,817,8,39
spa_Latn,817,9,34
eng_Latn,818,0,60
eng_Latn,818,1,50
eng_Latn,818,2,18
eng_Latn,818,3,63
eng_Latn,818,4,37
eng_Latn,819,0,60
eng_Latn,819,1,40
eng_Latn,819,2,29
eng_Latn,819,3,59
eng_Latn,819,4,49
eng_Latn,820,0,60
eng_Latn,820,1,56
eng_Latn,820,2,54
eng_Latn,820,3,38
eng_Latn,820,4,15
eng_Latn,820,5,48
eng_Latn,820,6,17
eng_Latn,820,7,48
eng_Latn,820,8,56
eng_Latn,820,9,16
eng_Latn,821,0,60
eng_Latn,821,1,61
eng_Latn,821,2,21
eng_Latn,821,3,56
eng_Latn,821,4,51
eng_Latn,821,5,56
eng_Latn,821,6,46
eng_Latn,821,7,21
eng_Latn,822,0,60
eng_Latn,822,1,22
eng_Latn,823,0,60
eng_Latn,823,1,22
eng_Latn,823,2,18
eng_Latn,823,3,20
eng_Latn,823,4,35
eng_Latn,823,5,35
eng_Latn,823,6,34
spa_Latn,824,0,60
spa_Latn,824,1,59
spa_Latn,824,2,8
spa_Latn,824,3,19
spa_Latn,824,4,52
eng_Latn,825,0,60
eng_Latn,825,1,9
eng_Latn,825,2,56
eng_Latn,825,3,54
eng_Latn,825,4,50
eng_Latn,825,5,20
eng_Latn,825,6,57
eng_Latn,825,7,41
eng_Latn,826,0,60
eng_Latn,826,1,22
eng_Latn,826,2,57
eng_Latn,826,3,16
eng_Latn,826,4,53
eng_Latn,826,5,35
eng_Latn,826,6,46
eng_Latn,826,7,34
eng_Latn,827,0,60
eng_Latn,827,1,11
eng_Latn,827,2,61
eng_Latn,827,3,22
eng_Latn,827,4,22
eng_Latn,827,5,42
eng_Latn,827,6,47
eng_Latn,827,7,27
eng_Latn,827,8,39
spa_Latn,828,0,60
spa_Latn,828,1,19
spa_Latn,828,2,8
spa_Latn,828,3,8
spa_Latn,828,4,8
spa_Latn,828,5,8
spa_Latn,828,6,15
spa_Latn,828,7,8
spa_Latn,828,8,19
spa_Latn,828,9,47
spa_Latn,828,10,8
spa_Latn,828,11,44
spa_Latn,828,12,24
spa_Latn,828,13,61
spa_Latn,828,14,23
spa_Latn,828,15,8
eng_Latn,829,0,60
eng_Latn,829,1,40
eng_Latn,829,2,5
eng_Latn,829,3,49
eng_Latn,829,4,5
eng_Latn,829,5,3
eng_Latn,829,6,57
eng_Latn,829,7,53
eng_Latn,829,8,37
eng_Latn,829,9,63
eng_Latn,830,0,60
eng_Latn,830,1,42
eng_Latn,830,2,29
eng_Latn,830,3,51
eng_Latn,830,4,46
eng_Latn,831,0,60
eng_Latn,831,1,22
eng_Latn,831,2,34
eng_Latn,831,3,22
eng_Latn,831,4,22
eng_Latn,831,5,37
eng_Latn,831,6,63
eng_Latn,831,7,34
eng_Latn,831,8,24
eng_Latn,831,9,7
eng_Latn,831,10,60
eng_Latn,832,0,60
eng_Latn,832,1,22
eng_Latn,832,2,45
eng_Latn,832,3,50
eng_Latn,832,4,18
eng_Latn,832,5,16
eng_Latn,832,6,11
eng_Latn,832,7,54
eng_Latn,833,0,60
eng_Latn,833,1,40
eng_Latn,833,2,8
eng_Latn,833,3,26
eng_Latn,833,4,33
eng_Latn,833,5,52
eng_Latn,833,6,57
eng_Latn,833,7,8
eng_Latn,833,8,49
eng_Latn,834,0,60
eng_Latn,834,1,22
eng_Latn,834,2,54
eng_Latn,834,3,37
eng_Latn,834,4,48
spa_Latn,835,0,60
spa_Latn,835,1,26
spa_Latn,835,2,47
spa_Latn,835,3,27
spa_Latn,835,4,61
spa_Latn,835,5,8
eng_Latn,836,0,60
eng_Latn,836,1,52
eng_Latn,836,2,52
eng_Latn,836,3,34
eng_Latn,836,4,20
eng_Latn,836,5,46
eng_Latn,836,6,34
eng_Latn,836,7,46
eng_Latn,836,8,53
eng_Latn,837,0,60
eng_Latn,837,1,1
eng_Latn,837,2,52
eng_Latn,837,3,1
eng_Latn,837,4,52
eng_Latn,837,5,1
eng_Latn,837,6,52
eng_Latn,837,7,1
eng_Latn,837,8,52
eng_Latn,837,9,11
eng_Latn,837,10,11
eng_Latn,837,11,11
eng_Latn,837,12,47
eng_Latn,838,0,60
eng_Latn,838,1,4
eng_Latn,838,2,9
eng_Latn,838,3,56
eng_Latn,838,4,54
eng_Latn,838,5,41
eng_Latn,838,6,19
eng_Latn,838,7,4
eng_Latn,838,8,53
eng_Latn,838,9,35
eng_Latn,838,10,8
eng_Latn,838,11,4
spa_Latn,839,0,60
spa_Latn,839,1,39
spa_Latn,839,2,7
spa_Latn,839,3,8
spa_Latn,839,4,8
spa_Latn,839,5,19
spa_Latn,839,6,8
spa_Latn,840,0,60
spa_Latn,840,1,8
spa_Latn,840,2,19
spa_Latn,840,3,8
spa_Latn,840,4,8
eng_Latn,841,0,60
eng_Latn,841,1,18
eng_Latn,841,2,14
eng_Latn,841,3,49
eng_Latn,841,4,49
eng_Latn,841,5,12
eng_Latn,841,6,61
spa_Latn,842,0,60
spa_Latn,842,1,42
spa_Latn,842,2,22
spa_Latn,842,3,22
spa_Latn,842,4,22
eng_Latn,843,0,60
eng_Latn,843,1,56
eng_Latn,843,2,35
eng_Latn,843,3,57
eng_Latn,843,4,20
eng_Latn,843,5,59
eng_Latn,843,6,57
eng_Latn,843,7,57
eng_Latn,843,8,59
eng_Latn,843,9,47
eng_Latn,843,10,15
eng_Latn,844,0,60
eng_Latn,844,1,22
eng_Latn,844,2,9
eng_Latn,844,3,9
eng_Latn,844,4,54
eng_Latn,844,5,61
eng_Latn,845,0,60
eng_Latn,845,1,22
eng_Latn,845,2,10
eng_Latn,845,3,56
eng_Latn,845,4,57
eng_Latn,845,5,52
eng_Latn,845,6,52
eng_Latn,846,0,60
eng_Latn,846,1,15
eng_Latn,846,2,56
eng_Latn,846,3,63
eng_Latn,846,4,41
eng_Latn,846,5,63
eng_Latn,847,0,60
eng_Latn,847,1,18
eng_Latn,847,2,18
eng_Latn,847,3,39
eng_Latn,847,4,19
eng_Latn,847,5,63
eng_Latn,847,6,5
eng_Latn,847,7,26
eng_Latn,847,8,26
eng_Latn,847,9,27
eng_Latn,847,10,26
eng_Latn,847,11,27
eng_Latn,847,12,26
eng_Latn,847,13,5
eng_Latn,847,14,14
eng_Latn,847,15,26
eng_Latn,848,0,60
eng_Latn,848,1,20
eng_Latn,848,2,34
eng_Latn,848,3,51
eng_Latn,849,0,60
eng_Latn,849,1,52
eng_Latn,849,2,31
eng_Latn,849,3,52
eng_Latn,850,0,60
eng_Latn,850,1,22
eng_Latn,850,2,53
eng_Latn,850,3,46
spa_Latn,851,0,60
spa_Latn,851,1,19
spa_Latn,851,2,8
spa_Latn,851,3,6
spa_Latn,851,4,19
spa_Latn,851,5,8
spa_Latn,851,6,6
spa_Latn,851,7,6
spa_Latn,851,8,8
spa_Latn,851,9,19
spa_Latn,851,10,47
spa_Latn,851,11,19
spa_Latn,851,12,8
spa_Latn,852,0,60
spa_Latn,852,1,19
spa_Latn,852,2,8
spa_Latn,852,3,8
spa_Latn,852,4,19
spa_Latn,852,5,39
spa_Latn,852,6,8
spa_Latn,853,0,60
spa_Latn,853,1,19
spa_Latn,853,2,19
spa_Latn,853,3,16
spa_Latn,853,4,8
spa_Latn,853,5,19
spa_Latn,853,6,8
spa_Latn,853,7,8
spa_Latn,853,8,8
spa_Latn,853,9,47
spa_Latn,853,10,19
spa_Latn,853,11,30
eng_Latn,854,0,60
eng_Latn,854,1,57
eng_Latn,854,2,56
eng_Latn,854,3,63
eng_Latn,854,4,28
eng_Latn,854,5,37
eng_Latn,854,6,39
eng_Latn,854,7,13
eng_Latn,854,8,30
eng_Latn,854,9,63
eng_Latn,855,0,60
eng_Latn,855,1,18
eng_Latn,855,2,9
eng_Latn,855,3,0
eng_Latn,856,0,60
eng_Latn,856,1,49
eng_Latn,856,2,12
eng_Latn,856,3,39
spa_Latn,857,0,60
spa_Latn,857,1,19
spa_Latn,857,2,17
spa_Latn,857,3,8
spa_Latn,857,4,8
spa_Latn,857,5,19
spa_Latn,857,6,34
spa_Latn,857,7,8
spa_Latn,857,8,49
spa_Latn,858,0,60
spa_Latn,858,1,19
spa_Latn,858,2,8
spa_Latn,858,3,8
spa_Latn,858,4,47
spa_Latn,858,5,19
spa_Latn,858,6,10
spa_Latn,858,7,8
spa_Latn,858,8,8
spa_Latn,858,9,8
spa_Latn,858,10,8
spa_Latn,858,11,8
spa_Latn,858,12,19
spa_Latn,858,13,39
spa_Latn,858,14,8
spa_Latn,858,15,8
eng_Latn,859,0,60
eng_Latn,859,1,31
eng_Latn,859,2,8
eng_Latn,860,0,60
eng_Latn,860,1,40
eng_Latn,860,2,26
eng_Latn,860,3,47
eng_Latn,860,4,49
eng_Latn,860,5,5
eng_Latn,860,6,5
eng_Latn,860,7,40
eng_Latn,860,8,26
eng_Latn,861,0,60
eng_Latn,861,1,22
eng_Latn,861,2,15
eng_Latn,861,3,11
eng_Latn,861,4,52
eng_Latn,861,5,3
eng_Latn,861,6,48
eng_Latn,862,0,60
eng_Latn,862,1,22
eng_Latn,862,2,18
eng_Latn,862,3,55
eng_Latn,862,4,46
eng_Latn,862,5,57
eng_Latn,862,6,55
eng_Latn,862,7,3
eng_Latn,862,8,57
eng_Latn,862,9,15
eng_Latn,863,0,60
eng_Latn,863,1,7
eng_Latn,863,2,11
eng_Latn,863,3,53
eng_Latn,863,4,16
eng_Latn,863,5,6
eng_Latn,863,6,15
eng_Latn,863,7,45
eng_Latn,863,8,63
eng_Latn,864,0,60
eng_Latn,864,1,53
eng_Latn,864,2,37
eng_Latn,864,3,60
eng_Latn,864,4,7
eng_Latn,864,5,49
eng_Latn,865,0,60
eng_Latn,865,1,38
eng_Latn,865,2,63
eng_Latn,865,3,56
eng_Latn,865,4,34
spa_Latn,866,0,60
spa_Latn,866,1,49
spa_Latn,866,2,39
spa_Latn,866,3,13
spa_Latn,866,4,26
eng_Latn,867,0,60
eng_Latn,867,1,34
eng_Latn,867,2,34
spa_Latn,868,0,60
spa_Latn,868,1,12
spa_Latn,868,2,19
spa_Latn,868,3,47
spa_Latn,868,4,49
spa_Latn,868,5,5
spa_Latn,868,6,19
spa_Latn,868,7,49
spa_Latn,868,8,12
spa_Latn,868,9,13
spa_Latn,868,10,47
spa_Latn,868,11,13
spa_Latn,868,12,12
spa_Latn,868,13,19
spa_Latn,868,14,13
spa_Latn,868,15,13
spa_Latn,868,16,11
spa_Latn,868,17,13
spa_Latn,868,18,13
eng_Latn,869,0,60
eng_Latn,869,1,45
eng_Latn,869,2,18
eng_Latn,869,3,21
eng_Latn,869,4,31
eng_Latn,869,5,3
eng_Latn,869,6,46
eng_Latn,870,0,60
eng_Latn,870,1,1
eng_Latn,870,2,9
eng_Latn,870,3,12
eng_Latn,870,4,63
eng_Latn,870,5,60
eng_Latn,870,6,49
spa_Latn,871,0,60
spa_Latn,871,1,39
spa_Latn,871,2,61
spa_Latn,871,3,1
spa_Latn,871,4,8
spa_Latn,871,5,34
eng_Latn,872,0,60
eng_Latn,872,1,54
eng_Latn,872,2,15
eng_Latn,872,3,53
eng_Latn,872,4,41
eng_Latn,872,5,17
spa_Latn,873,0,60
spa_Latn,873,1,19
spa_Latn,873,2,8
spa_Latn,873,3,23
spa_Latn,873,4,54
spa_Latn,873,5,8
spa_Latn,873,6,19
spa_Latn,873,7,8
eng_Latn,874,0,60
eng_Latn,874,1,46
eng_Latn,874,2,51
eng_Latn,874,3,63
eng_Latn,874,4,14
eng_Latn,874,5,49
eng_Latn,874,6,9
eng_Latn,874,7,14
eng_Latn,874,8,1
eng_Latn,874,9,52
eng_Latn,875,0,60
eng_Latn,875,1,45
eng_Latn,875,2,45
eng_Latn,875,3,40
eng_Latn,875,4,40
eng_Latn,875,5,61
eng_Latn,875,6,49
eng_Latn,875,7,56
eng_Latn,875,8,31
spa_Latn,876,0,60
spa_Latn,876,1,8
spa_Latn,876,2,8
spa_Latn,876,3,39
spa_Latn,876,4,8
spa_Latn,876,5,8
spa_Latn,876,6,61
spa_Latn,876,7,39
spa_Latn,876,8,28
spa_Latn,876,9,52
eng_Latn,877,0,60
eng_Latn,877,1,17
eng_Latn,877,2,22
eng_Latn,877,3,57
eng_Latn,877,4,16
eng_Latn,877,5,34
eng_Latn,878,0,60
eng_Latn,878,1,18
eng_Latn,878,2,16
eng_Latn,878,3,38
eng_Latn,878,4,46
eng_Latn,878,5,20
eng_Latn,878,6,38
eng_Latn,878,7,15
eng_Latn,879,0,60
eng_Latn,879,1,9
eng_Latn,879,2,40
eng_Latn,879,3,61
eng_Latn,879,4,33
eng_Latn,879,5,15
eng_Latn,879,6,26
eng_Latn,879,7,61
eng_Latn,879,8,1
eng_Latn,879,9,47
eng_Latn,879,10,33
eng_Latn,879,11,61
spa_Latn,880,0,60
spa_Latn,880,1,39
spa_Latn,880,2,8
spa_Latn,880,3,8
spa_Latn,880,4,39
spa_Latn,880,5,19
spa_Latn,880,6,47
spa_Latn,880,7,33
spa_Latn,880,8,61
spa_Latn,880,9,47
spa_Latn,880,10,7
spa_Latn,880,11,7
spa_Latn,880,12,19
spa_Latn,880,13,19
spa_Latn,880,14,26
spa_Latn,880,15,52
spa_Latn,880,16,49
spa_Latn,880,17,12
spa_Latn,880,18,26
spa_Latn,881,0,60
spa_Latn,881,1,40
spa_Latn,881,2,11
spa_Latn,881,3,27
spa_Latn,881,4,47
spa_Latn,881,5,22
eng_Latn,882,0,60
eng_Latn,882,1,9
eng_Latn,882,2,18
eng_Latn,882,3,18
eng_Latn,882,4,16
eng_Latn,882,5,0
eng_Latn,882,6,59
eng_Latn,882,7,24
eng_Latn,882,8,47
eng_Latn,882,9,47
eng_Latn,882,10,8
eng_Latn,883,0,60
eng_Latn,883,1,49
eng_Latn,883,2,26
eng_Latn,884,0,60
eng_Latn,884,1,9
eng_Latn,884,2,54
eng_Latn,884,3,35
eng_Latn,884,4,52
eng_Latn,884,5,52
eng_Latn,884,6,57
eng_Latn,884,7,49
eng_Latn,884,8,54
eng_Latn,884,9,51
eng_Latn,885,0,60
eng_Latn,885,1,13
eng_Latn,885,2,6
eng_Latn,885,3,9
eng_Latn,885,4,39
eng_Latn,885,5,40
eng_Latn,885,6,43
eng_Latn,885,7,37
eng_Latn,885,8,57
eng_Latn,885,9,52
eng_Latn,885,10,37
eng_Latn,885,11,52
eng_Latn,886,0,60
eng_Latn,886,1,45
eng_Latn,886,2,45
eng_Latn,886,3,38
eng_Latn,886,4,18
eng_Latn,886,5,56
eng_Latn,886,6,53
eng_Latn,886,7,23
eng_Latn,886,8,34
eng_Latn,887,0,60
eng_Latn,887,1,19
eng_Latn,887,2,56
eng_Latn,887,3,57
eng_Latn,888,0,60
eng_Latn,888,1,19
eng_Latn,888,2,49
eng_Latn,888,3,18
eng_Latn,888,4,56
eng_Latn,888,5,35
eng_Latn,888,6,56
eng_Latn,888,7,35
eng_Latn,888,8,35
eng_Latn,888,9,35
eng_Latn,888,10,63
eng_Latn,889,0,60
eng_Latn,889,1,53
eng_Latn,889,2,38
eng_Latn,889,3,35
eng_Latn,889,4,35
eng_Latn,889,5,57
eng_Latn,889,6,57
eng_Latn,889,7,59
eng_Latn,889,8,15
spa_Latn,890,0,60
spa_Latn,890,1,47
spa_Latn,890,2,49
spa_Latn,890,3,5
spa_Latn,890,4,24
spa_Latn,890,5,26
spa_Latn,890,6,19
spa_Latn,890,7,49
spa_Latn,890,8,24
spa_Latn,890,9,26
spa_Latn,890,10,19
spa_Latn,890,11,7
spa_Latn,890,12,8
spa_Latn,890,13,9
spa_Latn,890,14,39
spa_Latn,890,15,39
spa_Latn,890,16,49
spa_Latn,890,17,27
spa_Latn,890,18,49
spa_Latn,890,19,27
spa_Latn,890,20,26
spa_Latn,890,21,49
eng_Latn,891,0,60
eng_Latn,891,1,24
eng_Latn,891,2,22
eng_Latn,891,3,45
eng_Latn,891,4,37
eng_Latn,891,5,18
eng_Latn,891,6,16
eng_Latn,891,7,49
eng_Latn,891,8,53
eng_Latn,891,9,37
eng_Latn,891,10,46
eng_Latn,892,0,60
eng_Latn,892,1,9
eng_Latn,892,2,22
eng_Latn,892,3,11
eng_Latn,892,4,40
spa_Latn,893,0,60
spa_Latn,893,1,8
spa_Latn,893,2,8
spa_Latn,893,3,10
spa_Latn,893,4,8
spa_Latn,893,5,19
spa_Latn,893,6,47
spa_Latn,893,7,1
spa_Latn,893,8,52
eng_Latn,894,0,60
eng_Latn,894,1,38
eng_Latn,894,2,3
eng_Latn,894,3,19
eng_Latn,894,4,48
eng_Latn,894,5,57
eng_Latn,894,6,16
eng_Latn,894,7,37
eng_Latn,894,8,37
eng_Latn,894,9,15
spa_Latn,895,0,60
spa_Latn,895,1,19
spa_Latn,895,2,8
spa_Latn,895,3,10
spa_Latn,895,4,8
spa_Latn,895,5,8
spa_Latn,895,6,39
spa_Latn,895,7,16
spa_Latn,895,8,8
spa_Latn,895,9,19
spa_Latn,895,10,8
eng_Latn,896,0,60
eng_Latn,896,1,12
eng_Latn,896,2,42
eng_Latn,896,3,22
eng_Latn,896,4,27
eng_Latn,896,5,49
eng_Latn,896,6,9
eng_Latn,896,7,29
eng_Latn,896,8,22
spa_Latn,897,0,60
spa_Latn,897,1,52
spa_Latn,897,2,52
spa_Latn,897,3,39
spa_Latn,897,4,22
spa_Latn,897,5,37
spa_Latn,897,6,22
spa_Latn,897,7,9
spa_Latn,898,0,60
spa_Latn,898,1,19
spa_Latn,898,2,8
spa_Latn,898,3,8
spa_Latn,898,4,8
spa_Latn,898,5,24
spa_Latn,899,0,60
spa_Latn,899,1,49
spa_Latn,899,2,19
spa_Latn,899,3,19
spa_Latn,899,4,8
spa_Latn,899,5,8
spa_Latn,899,6,8
spa_Latn,899,7,63
spa_Latn,899,8,63
spa_Latn,899,9,8
spa_Latn,899,10,37
spa_Latn,899,11,39
spa_Latn,899,12,8
eng_Latn,900,0,60
eng_Latn,900,1,52
eng_Latn,900,2,17
eng_Latn,900,3,1
eng_Latn,900,4,21
eng_Latn,900,5,20
eng_Latn,900,6,37
eng_Latn,900,7,47
eng_Latn,901,0,60
eng_Latn,901,1,51
eng_Latn,901,2,26
eng_Latn,901,3,61
eng_Latn,901,4,49
eng_Latn,902,0,60
eng_Latn,902,1,0
eng_Latn,902,2,29
eng_Latn,902,3,34
eng_Latn,902,4,34
eng_Latn,903,0,60
eng_Latn,903,1,48
eng_Latn,903,2,9
eng_Latn,903,3,56
eng_Latn,903,4,54
eng_Latn,903,5,31
eng_Latn,903,6,16
eng_Latn,903,7,20
eng_Latn,903,8,26
eng_Latn,904,0,60
eng_Latn,904,1,9
eng_Latn,904,2,11
eng_Latn,904,3,13
eng_Latn,904,4,42
eng_Latn,904,5,22
eng_Latn,904,6,19
eng_Latn,904,7,48
spa_Latn,905,0,60
spa_Latn,905,1,9
spa_Latn,905,2,39
spa_Latn,905,3,8
spa_Latn,905,4,39
spa_Latn,905,5,34
eng_Latn,906,0,60
eng_Latn,906,1,4
eng_Latn,906,2,56
eng_Latn,906,3,29
eng_Latn,906,4,51
eng_Latn,907,0,60
eng_Latn,907,1,11
eng_Latn,907,2,22
eng_Latn,907,3,63
eng_Latn,907,4,60
eng_Latn,907,5,14
eng_Latn,907,6,40
eng_Latn,907,7,60
eng_Latn,908,0,60
eng_Latn,908,1,13
eng_Latn,908,2,13
eng_Latn,908,3,13
eng_Latn,908,4,19
eng_Latn,908,5,13
eng_Latn,909,0,60
eng_Latn,909,1,22
eng_Latn,909,2,34
eng_Latn,909,3,42
eng_Latn,909,4,18
eng_Latn,909,5,41
eng_Latn,909,6,41
eng_Latn,909,7,35
eng_Latn,909,8,19
eng_Latn,909,9,46
eng_Latn,909,10,34
eng_Latn,910,0,60
eng_Latn,910,1,20
eng_Latn,910,2,38
eng_Latn,910,3,35
eng_Latn,910,4,57
eng_Latn,910,5,52
eng_Latn,910,6,51
eng_Latn,911,0,60
eng_Latn,911,1,37
eng_Latn,911,2,22
eng_Latn,911,3,26
eng_Latn,912,0,60
eng_Latn,912,1,22
eng_Latn,912,2,22
eng_Latn,912,3,34
eng_Latn,912,4,34
spa_Latn,913,0,60
spa_Latn,913,1,47
spa_Latn,913,2,8
spa_Latn,913,3,8
spa_Latn,913,4,1
spa_Latn,913,5,39
spa_Latn,913,6,8
spa_Latn,913,7,8
spa_Latn,913,8,19
spa_Latn,913,9,8
spa_Latn,913,10,8
eng_Latn,914,0,60
eng_Latn,914,1,9
eng_Latn,914,2,27
eng_Latn,914,3,9
eng_Latn,914,4,56
eng_Latn,914,5,35
eng_Latn,914,6,17
eng_Latn,914,7,51
eng_Latn,915,0,60
eng_Latn,915,1,40
eng_Latn,915,2,63
eng_Latn,916,0,60
eng_Latn,916,1,19
eng_Latn,916,2,33
eng_Latn,916,3,19
eng_Latn,916,4,15
eng_Latn,916,5,33
eng_Latn,916,6,61
eng_Latn,916,7,20
eng_Latn,916,8,19
eng_Latn,916,9,15
spa_Latn,917,0,60
spa_Latn,917,1,19
spa_Latn,917,2,51
spa_Latn,917,3,39
spa_Latn,917,4,16
spa_Latn,917,5,8
spa_Latn,917,6,8
spa_Latn,917,7,8
spa_Latn,917,8,61
spa_Latn,917,9,8
spa_Latn,917,10,8
spa_Latn,917,11,61
spa_Latn,917,12,8
spa_Latn,917,13,8
spa_Latn,917,14,8
spa_Latn,917,15,8
spa_Latn,917,16,8
spa_Latn,918,0,60
spa_Latn,918,1,47
spa_Latn,918,2,47
spa_Latn,918,3,8
spa_Latn,918,4,8
spa_Latn,918,5,1
spa_Latn,918,6,8
spa_Latn,918,7,1
spa_Latn,918,8,19
spa_Latn,918,9,8
spa_Latn,918,10,8
spa_Latn,919,0,60
spa_Latn,919,1,47
spa_Latn,919,2,39
spa_Latn,919,3,11
spa_Latn,919,4,36
spa_Latn,920,0,60
spa_Latn,920,1,22
spa_Latn,920,2,8
spa_Latn,920,3,8
spa_Latn,920,4,12
spa_Latn,920,5,22
eng_Latn,921,0,60
eng_Latn,921,1,9
eng_Latn,921,2,56
eng_Latn,921,3,56
eng_Latn,921,4,51
eng_Latn,921,5,54
eng_Latn,921,6,18
eng_Latn,921,7,16
eng_Latn,921,8,20
eng_Latn,921,9,16
spa_Latn,922,0,60
spa_Latn,922,1,6
spa_Latn,922,2,27
spa_Latn,922,3,8
spa_Latn,922,4,8
spa_Latn,922,5,8
spa_Latn,922,6,19
spa_Latn,922,7,15
eng_Latn,923,0,60
eng_Latn,923,1,9
eng_Latn,923,2,29
eng_Latn,923,3,54
eng_Latn,923,4,38
eng_Latn,923,5,46
eng_Latn,923,6,17
eng_Latn,923,7,17
eng_Latn,923,8,16
eng_Latn,923,9,16
eng_Latn,923,10,57
eng_Latn,923,11,34
eng_Latn,924,0,60
eng_Latn,924,1,58
eng_Latn,924,2,58
eng_Latn,924,3,12
eng_Latn,924,4,61
eng_Latn,925,0,60
eng_Latn,925,1,6
eng_Latn,925,2,56
eng_Latn,925,3,63
eng_Latn,925,4,43
eng_Latn,925,5,63
eng_Latn,926,0,60
eng_Latn,926,1,22
eng_Latn,926,2,49
eng_Latn,926,3,16
eng_Latn,926,4,38
eng_Latn,926,5,16
eng_Latn,926,6,53
eng_Latn,926,7,19
spa_Latn,927,0,60
spa_Latn,927,1,54
spa_Latn,927,2,8
spa_Latn,927,3,19
spa_Latn,927,4,8
spa_Latn,927,5,27
spa_Latn,927,6,40
spa_Latn,927,7,49
spa_Latn,927,8,8
spa_Latn,927,9,9
spa_Latn,927,10,11
spa_Latn,927,11,47
spa_Latn,927,12,47
spa_Latn,927,13,8
spa_Latn,928,0,60
spa_Latn,928,1,7
spa_Latn,928,2,8
spa_Latn,928,3,8
spa_Latn,928,4,24
spa_Latn,928,5,10
spa_Latn,928,6,10
spa_Latn,928,7,8
eng_Latn,929,0,60
eng_Latn,929,1,17
eng_Latn,929,2,56
eng_Latn,929,3,16
eng_Latn,929,4,25
eng_Latn,929,5,46
eng_Latn,929,6,56
eng_Latn,929,7,21
eng_Latn,930,0,60
eng_Latn,930,1,24
eng_Latn,930,2,52
eng_Latn,930,3,57
eng_Latn,930,4,14
eng_Latn,930,5,14
eng_Latn,930,6,14
eng_Latn,930,7,27
eng_Latn,930,8,47
eng_Latn,930,9,47
eng_Latn,930,10,40
eng_Latn,930,11,24
eng_Latn,930,12,26
eng_Latn,931,0,60
eng_Latn,931,1,9
eng_Latn,931,2,1
eng_Latn,931,3,57
eng_Latn,931,4,49
eng_Latn,931,5,9
eng_Latn,931,6,22
eng_Latn,931,7,19
eng_Latn,931,8,19
eng_Latn,931,9,63
eng_Latn,931,10,11
eng_Latn,931,11,40
eng_Latn,931,12,40
eng_Latn,931,13,49
eng_Latn,931,14,12
eng_Latn,931,15,47
eng_Latn,932,0,60
eng_Latn,932,1,18
eng_Latn,932,2,63
eng_Latn,932,3,63
eng_Latn,932,4,20
eng_Latn,932,5,14
eng_Latn,932,6,47
eng_Latn,933,0,60
eng_Latn,933,1,22
eng_Latn,933,2,9
eng_Latn,933,3,22
eng_Latn,933,4,63
eng_Latn,933,5,56
eng_Latn,933,6,57
eng_Latn,933,7,25
eng_Latn,933,8,15
eng_Latn,934,0,60
eng_Latn,934,1,18
eng_Latn,934,2,18
eng_Latn,934,3,29
eng_Latn,934,4,51
eng_Latn,934,5,52
eng_Latn,934,6,49
eng_Latn,935,0,60
eng_Latn,935,1,9
eng_Latn,935,2,22
eng_Latn,935,3,11
eng_Latn,935,4,61
eng_Latn,935,5,47
eng_Latn,935,6,40
eng_Latn,935,7,5
eng_Latn,935,8,40
eng_Latn,935,9,30
eng_Latn,935,10,49
spa_Latn,936,0,60
spa_Latn,936,1,19
spa_Latn,936,2,6
spa_Latn,936,3,11
spa_Latn,936,4,11
spa_Latn,936,5,47
spa_Latn,936,6,19
spa_Latn,936,7,13
spa_Latn,936,8,26
spa_Latn,936,9,26
spa_Latn,936,10,51
spa_Latn,936,11,39
spa_Latn,936,12,8
spa_Latn,936,13,39
spa_Latn,936,14,39
spa_Latn,936,15,47
spa_Latn,936,16,13
spa_Latn,937,0,60
spa_Latn,937,1,8
spa_Latn,937,2,8
spa_Latn,937,3,8
spa_Latn,937,4,8
spa_Latn,937,5,8
spa_Latn,937,6,39
spa_Latn,937,7,34
spa_Latn,938,0,60
spa_Latn,938,1,19
spa_Latn,938,2,8
spa_Latn,938,3,8
spa_Latn,938,4,8
spa_Latn,938,5,8
spa_Latn,938,6,8
spa_Latn,938,7,8
spa_Latn,938,8,19
spa_Latn,938,9,39
spa_Latn,938,10,16
spa_Latn,938,11,8
spa_Latn,938,12,39
spa_Latn,938,13,15
eng_Latn,939,0,60
eng_Latn,939,1,54
eng_Latn,939,2,50
eng_Latn,939,3,18
eng_Latn,939,4,20
eng_Latn,939,5,16
eng_Latn,939,6,5
eng_Latn,939,7,18
eng_Latn,939,8,0
eng_Latn,939,9,53
eng_Latn,939,10,39
eng_Latn,939,11,16
eng_Latn,940,0,60
eng_Latn,940,1,38
eng_Latn,940,2,48
eng_Latn,940,3,41
eng_Latn,940,4,46
eng_Latn,940,5,56
eng_Latn,940,6,53
eng_Latn,940,7,35
eng_Latn,940,8,63
eng_Latn,941,0,60
eng_Latn,941,1,57
eng_Latn,941,2,45
eng_Latn,941,3,15
eng_Latn,941,4,10
eng_Latn,941,5,18
eng_Latn,941,6,16
eng_Latn,941,7,56
eng_Latn,941,8,57
eng_Latn,942,0,60
eng_Latn,942,1,54
eng_Latn,942,2,12
eng_Latn,942,3,12
eng_Latn,942,4,61
eng_Latn,942,5,40
eng_Latn,942,6,47
eng_Latn,942,7,49
eng_Latn,942,8,48
eng_Latn,942,9,12
eng_Latn,942,10,12
eng_Latn,942,11,19
eng_Latn,942,12,22
eng_Latn,942,13,17
spa_Latn,943,0,60
spa_Latn,943,1,19
spa_Latn,943,2,8
spa_Latn,943,3,37
spa_Latn,943,4,19
spa_Latn,943,5,8
spa_Latn,943,6,56
spa_Latn,943,7,61
spa_Latn,943,8,19
spa_Latn,943,9,19
eng_Latn,944,0,60
eng_Latn,944,1,52
eng_Latn,944,2,13
eng_Latn,944,3,39
eng_Latn,944,4,19
eng_Latn,944,5,38
eng_Latn,944,6,34
eng_Latn,944,7,45
eng_Latn,944,8,16
eng_Latn,944,9,34
spa_Latn,945,0,60
spa_Latn,945,1,46
spa_Latn,945,2,8
spa_Latn,945,3,8
spa_Latn,945,4,8
spa_Latn,945,5,19
spa_Latn,945,6,8
eng_Latn,946,0,60
eng_Latn,946,1,56
eng_Latn,946,2,56
eng_Latn,946,3,38
eng_Latn,946,4,57
eng_Latn,946,5,20
eng_Latn,946,6,46
eng_Latn,946,7,15
eng_Latn,947,0,60
eng_Latn,947,1,52
eng_Latn,947,2,57
eng_Latn,947,3,37
eng_Latn,947,4,3
eng_Latn,947,5,3
eng_Latn,947,6,19
eng_Latn,947,7,49
eng_Latn,948,0,60
eng_Latn,948,1,23
eng_Latn,948,2,56
eng_Latn,948,3,57
eng_Latn,948,4,54
eng_Latn,948,5,35
eng_Latn,948,6,38
eng_Latn,948,7,57
spa_Latn,949,0,60
spa_Latn,949,1,47
spa_Latn,949,2,7
spa_Latn,949,3,19
spa_Latn,949,4,19
spa_Latn,949,5,8
spa_Latn,950,0,60
spa_Latn,950,1,39
spa_Latn,950,2,47
spa_Latn,950,3,8
spa_Latn,951,0,60
spa_Latn,951,1,54
spa_Latn,951,2,8
spa_Latn,951,3,8
spa_Latn,951,4,8
spa_Latn,951,5,8
spa_Latn,951,6,8
spa_Latn,951,7,8
spa_Latn,951,8,8
spa_Latn,951,9,16
spa_Latn,951,10,8
spa_Latn,951,11,8
spa_Latn,951,12,8
spa_Latn,951,13,9
spa_Latn,951,14,8
eng_Latn,952,0,60
eng_Latn,952,1,63
eng_Latn,952,2,18
eng_Latn,952,3,5
eng_Latn,952,4,16
eng_Latn,952,5,5
eng_Latn,952,6,14
eng_Latn,952,7,26
eng_Latn,953,0,60
eng_Latn,953,1,42
eng_Latn,953,2,34
spa_Latn,954,0,60
spa_Latn,954,1,39
spa_Latn,954,2,8
spa_Latn,954,3,8
spa_Latn,954,4,8
eng_Latn,955,0,60
eng_Latn,955,1,41
eng_Latn,955,2,49
eng_Latn,955,3,37
eng_Latn,955,4,20
eng_Latn,955,5,44
eng_Latn,956,0,60
eng_Latn,956,1,17
eng_Latn,956,2,17
eng_Latn,956,3,20
eng_Latn,956,4,15
eng_Latn,956,5,48
spa_Latn,957,0,60
spa_Latn,957,1,13
spa_Latn,957,2,1
spa_Latn,957,3,19
spa_Latn,957,4,26
spa_Latn,958,0,60
spa_Latn,958,1,19
spa_Latn,958,2,8
spa_Latn,958,3,8
spa_Latn,958,4,47
spa_Latn,958,5,8
spa_Latn,958,6,8
spa_Latn,958,7,19
spa_Latn,958,8,47
spa_Latn,958,9,8
spa_Latn,958,10,50
spa_Latn,958,11,47
spa_Latn,958,12,8
spa_Latn,958,13,8
spa_Latn,958,14,8
spa_Latn,958,15,8
spa_Latn,959,0,60
spa_Latn,959,1,9
spa_Latn,959,2,19
spa_Latn,959,3,19
spa_Latn,959,4,8
spa_Latn,959,5,8
spa_Latn,959,6,8
spa_Latn,959,7,19
spa_Latn,959,8,16
spa_Latn,959,9,8
spa_Latn,959,10,19
spa_Latn,959,11,8
spa_Latn,959,12,20
spa_Latn,959,13,40
spa_Latn,959,14,52
eng_Latn,960,0,60
eng_Latn,960,1,22
eng_Latn,960,2,9
eng_Latn,960,3,9
eng_Latn,960,4,40
eng_Latn,960,5,40
eng_Latn,960,6,46
eng_Latn,960,7,49
eng_Latn,960,8,9
eng_Latn,960,9,9
eng_Latn,960,10,42
eng_Latn,960,11,9
eng_Latn,960,12,29
eng_Latn,960,13,51
spa_Latn,961,0,60
spa_Latn,961,1,39
spa_Latn,961,2,19
spa_Latn,961,3,47
spa_Latn,961,4,22
spa_Latn,961,5,61
spa_Latn,961,6,19
spa_Latn,961,7,60
eng_Latn,962,0,60
eng_Latn,962,1,61
eng_Latn,962,2,50
eng_Latn,962,3,18
eng_Latn,962,4,21
eng_Latn,962,5,31
eng_Latn,962,6,21
eng_Latn,962,7,53
eng_Latn,962,8,63
spa_Latn,963,0,60
spa_Latn,963,1,47
spa_Latn,963,2,39
spa_Latn,963,3,7
spa_Latn,963,4,8
spa_Latn,963,5,19
spa_Latn,963,6,47
spa_Latn,963,7,8
eng_Latn,964,0,60
eng_Latn,964,1,57
eng_Latn,964,2,57
eng_Latn,964,3,20
eng_Latn,964,4,56
eng_Latn,964,5,16
eng_Latn,964,6,14
eng_Latn,964,7,35
eng_Latn,964,8,63
eng_Latn,965,0,60
eng_Latn,965,1,12
eng_Latn,965,2,22
eng_Latn,965,3,1
eng_Latn,965,4,22
spa_Latn,966,0,60
spa_Latn,966,1,39
spa_Latn,966,2,47
spa_Latn,966,3,47
spa_Latn,966,4,7
spa_Latn,966,5,61
spa_Latn,966,6,19
spa_Latn,966,7,8
eng_Latn,967,0,60
eng_Latn,967,1,39
eng_Latn,967,2,24
eng_Latn,967,3,19
eng_Latn,967,4,19
eng_Latn,967,5,48
eng_Latn,967,6,56
eng_Latn,967,7,59
eng_Latn,967,8,40
eng_Latn,967,9,15
spa_Latn,968,0,60
spa_Latn,968,1,47
spa_Latn,968,2,19
spa_Latn,968,3,40
spa_Latn,968,4,8
spa_Latn,969,0,60
spa_Latn,969,1,5
spa_Latn,969,2,57
spa_Latn,969,3,8
spa_Latn,969,4,17
spa_Latn,969,5,10
spa_Latn,969,6,8
spa_Latn,969,7,8
spa_Latn,969,8,34
spa_Latn,969,9,53
spa_Latn,969,10,8
spa_Latn,969,11,8
spa_Latn,970,0,60
spa_Latn,970,1,8
spa_Latn,970,2,8
spa_Latn,970,3,8
spa_Latn,970,4,34
eng_Latn,971,0,60
eng_Latn,971,1,33
eng_Latn,971,2,33
eng_Latn,971,3,56
eng_Latn,971,4,16
eng_Latn,972,0,60
eng_Latn,972,1,14
eng_Latn,972,2,48
eng_Latn,972,3,37
eng_Latn,973,0,60
eng_Latn,973,1,22
eng_Latn,973,2,30
eng_Latn,973,3,24
eng_Latn,973,4,30
eng_Latn,973,5,30
eng_Latn,973,6,54
eng_Latn,973,7,48
eng_Latn,973,8,56
eng_Latn,973,9,63
eng_Latn,973,10,30
eng_Latn,973,11,63
eng_Latn,974,0,60
eng_Latn,974,1,5
eng_Latn,974,2,35
eng_Latn,974,3,46
eng_Latn,974,4,53
eng_Latn,974,5,48
eng_Latn,974,6,18
eng_Latn,974,7,23
eng_Latn,974,8,54
eng_Latn,974,9,52
spa_Latn,975,0,60
spa_Latn,975,1,47
spa_Latn,975,2,13
spa_Latn,975,3,54
spa_Latn,975,4,8
spa_Latn,975,5,8
eng_Latn,976,0,60
eng_Latn,976,1,49
eng_Latn,976,2,5
eng_Latn,976,3,26
eng_Latn,977,0,60
eng_Latn,977,1,29
eng_Latn,977,2,34
eng_Latn,977,3,35
eng_Latn,977,4,34
eng_Latn,978,0,60
eng_Latn,978,1,45
eng_Latn,978,2,63
spa_Latn,979,0,60
spa_Latn,979,1,1
spa_Latn,979,2,39
spa_Latn,979,3,19
spa_Latn,979,4,47
spa_Latn,979,5,8
spa_Latn,979,6,19
spa_Latn,979,7,8
spa_Latn,979,8,19
spa_Latn,979,9,8
spa_Latn,979,10,23
spa_Latn,979,11,8
spa_Latn,979,12,10
spa_Latn,979,13,8
spa_Latn,979,14,8
eng_Latn,980,0,60
eng_Latn,980,1,22
eng_Latn,980,2,26
eng_Latn,980,3,26
spa_Latn,981,0,60
spa_Latn,981,1,40
spa_Latn,981,2,12
spa_Latn,981,3,47
spa_Latn,981,4,47
spa_Latn,981,5,8
spa_Latn,981,6,8
spa_Latn,981,7,8
spa_Latn,981,8,8
spa_Latn,981,9,19
spa_Latn,981,10,19
spa_Latn,981,11,8
spa_Latn,981,12,8
eng_Latn,982,0,60
eng_Latn,982,1,1
eng_Latn,982,2,22
eng_Latn,982,3,26
eng_Latn,982,4,26
eng_Latn,982,5,60
eng_Latn,982,6,12
eng_Latn,982,7,22
eng_Latn,982,8,22
eng_Latn,982,9,22
eng_Latn,982,10,22
eng_Latn,982,11,47
eng_Latn,982,12,62
eng_Latn,982,13,34
eng_Latn,983,0,60
eng_Latn,983,1,18
eng_Latn,983,2,4
eng_Latn,983,3,18
eng_Latn,983,4,34
eng_Latn,983,5,31
eng_Latn,983,6,20
eng_Latn,983,7,16
eng_Latn,984,0,60
eng_Latn,984,1,4
eng_Latn,984,2,56
eng_Latn,984,3,21
eng_Latn,984,4,16
eng_Latn,984,5,20
eng_Latn,984,6,8
eng_Latn,985,0,60
eng_Latn,985,1,1
eng_Latn,985,2,53
eng_Latn,985,3,52
eng_Latn,985,4,1
eng_Latn,985,5,52
eng_Latn,985,6,47
spa_Latn,986,0,60
spa_Latn,986,1,39
spa_Latn,986,2,27
spa_Latn,986,3,11
spa_Latn,986,4,19
spa_Latn,986,5,40
spa_Latn,986,6,40
spa_Latn,987,0,60
spa_Latn,987,1,40
spa_Latn,987,2,26
spa_Latn,987,3,49
spa_Latn,987,4,12
spa_Latn,987,5,42
spa_Latn,987,6,19
spa_Latn,987,7,46
spa_Latn,987,8,19
spa_Latn,987,9,26
spa_Latn,987,10,49
spa_Latn,987,11,11
eng_Latn,988,0,60
eng_Latn,988,1,40
eng_Latn,988,2,47
eng_Latn,988,3,46
eng_Latn,988,4,46
eng_Latn,988,5,2
eng_Latn,988,6,2
eng_Latn,988,7,57
eng_Latn,988,8,5
eng_Latn,988,9,5
eng_Latn,988,10,40
eng_Latn,988,11,49
eng_Latn,989,0,60
eng_Latn,989,1,35
eng_Latn,989,2,54
eng_Latn,989,3,0
eng_Latn,989,4,9
eng_Latn,989,5,56
eng_Latn,989,6,38
eng_Latn,989,7,57
eng_Latn,990,0,60
eng_Latn,990,1,22
eng_Latn,990,2,19
eng_Latn,990,3,34
eng_Latn,990,4,24
eng_Latn,990,5,22
eng_Latn,990,6,34
spa_Latn,991,0,60
spa_Latn,991,1,8
spa_Latn,991,2,12
spa_Latn,991,3,19
spa_Latn,991,4,14
spa_Latn,991,5,19
spa_Latn,991,6,47
spa_Latn,991,7,49
spa_Latn,992,0,60
spa_Latn,992,1,19
spa_Latn,992,2,27
spa_Latn,992,3,47
spa_Latn,992,4,8
spa_Latn,992,5,37
spa_Latn,992,6,47
spa_Latn,992,7,47
spa_Latn,992,8,37
spa_Latn,992,9,61
spa_Latn,992,10,8
spa_Latn,992,11,8
spa_Latn,992,12,8
spa_Latn,992,13,19
spa_Latn,992,14,8
spa_Latn,992,15,8
spa_Latn,993,0,60
spa_Latn,993,1,19
spa_Latn,993,2,52
spa_Latn,993,3,19
spa_Latn,993,4,57
spa_Latn,993,5,8
spa_Latn,993,6,54
spa_Latn,993,7,8
spa_Latn,993,8,1
spa_Latn,993,9,8
spa_Latn,993,10,2
eng_Latn,994,0,60
eng_Latn,994,1,17
eng_Latn,994,2,16
eng_Latn,994,3,54
eng_Latn,994,4,51
spa_Latn,995,0,60
spa_Latn,995,1,19
spa_Latn,995,2,47
spa_Latn,995,3,47
spa_Latn,995,4,8
spa_Latn,995,5,8
spa_Latn,995,6,39
spa_Latn,995,7,46
spa_Latn,995,8,39
spa_Latn,995,9,8
spa_Latn,995,10,8
spa_Latn,995,11,19
spa_Latn,995,12,8
eng_Latn,996,0,60
eng_Latn,996,1,52
eng_Latn,996,2,57
eng_Latn,996,3,48
eng_Latn,996,4,2
eng_Latn,996,5,19
eng_Latn,996,6,31
eng_Latn,996,7,53
eng_Latn,996,8,3
eng_Latn,996,9,31
spa_Latn,997,0,60
spa_Latn,997,1,47
spa_Latn,997,2,8
spa_Latn,997,3,8
spa_Latn,997,4,8
spa_Latn,997,5,8
spa_Latn,997,6,19
spa_Latn,997,7,14
spa_Latn,997,8,14
spa_Latn,997,9,5
spa_Latn,997,10,27
spa_Latn,997,11,49
spa_Latn,997,12,61
spa_Latn,998,0,60
spa_Latn,998,1,8
spa_Latn,998,2,8
spa_Latn,998,3,10
spa_Latn,998,4,61
spa_Latn,998,5,8
spa_Latn,998,6,10
spa_Latn,998,7,10
spa_Latn,998,8,39
spa_Latn,998,9,8
eng_Latn,999,0,60
eng_Latn,999,1,13
eng_Latn,999,2,13
eng_Latn,999,3,48
eng_Latn,999,4,56
eng_Latn,999,5,59
eng_Latn,999,6,15
